timestamp_us,seq,valid_mask,status_bits,solenoid_state,payload0_centi_psi,payload1_centi_psi,payload2_centi_psi,payload3_centi_psi,payload4_centi_psi,payload5_centi_psi,raw_adc0,raw_adc1,raw_adc2,raw_adc3,raw_adc4,raw_adc5
5314002,0,56,2,0,0,0,0,0,0,0,0,0,0,2626,19,14
5377293,1,56,2,0,0,0,0,0,0,0,0,0,0,2625,18,14
5440597,2,56,2,0,0,0,0,0,0,0,0,0,0,2626,19,14
5503902,3,56,2,0,0,0,0,0,0,0,0,0,0,2626,20,16
5567206,4,56,2,0,0,0,0,0,0,0,0,0,0,2623,18,14
5630510,5,56,2,0,0,0,0,0,0,0,0,0,0,2626,19,14
5693815,6,56,2,0,0,0,0,0,0,0,0,0,0,2625,20,15
5757119,7,56,2,0,0,0,0,0,0,0,0,0,0,2626,18,14
5820425,8,56,2,0,0,0,0,0,0,0,0,0,0,2624,18,14
5883729,9,56,2,0,0,0,0,0,0,0,0,0,0,2625,19,15
5947033,10,56,2,0,0,0,0,0,0,0,0,0,0,2625,19,15
6010339,11,56,2,0,0,0,0,0,0,0,0,0,0,2625,20,15
6073642,12,56,2,0,0,0,0,0,0,0,0,0,0,2623,18,16
6136947,13,56,2,0,0,0,0,0,0,0,0,0,0,2625,18,15
6200251,14,56,2,0,0,0,0,0,0,0,0,0,0,2625,19,15
6263556,15,56,2,0,0,0,0,0,0,0,0,0,0,2626,19,13
6326860,16,56,2,0,0,0,0,0,0,0,0,0,0,2626,19,14
6390164,17,56,2,0,0,0,0,0,0,0,0,0,0,2627,19,16
6453468,18,56,2,0,0,0,0,0,0,0,0,0,0,2625,18,15
6516773,19,56,2,0,0,0,0,0,0,0,0,0,0,2625,18,15
6580076,20,56,2,0,0,0,0,0,0,0,0,0,0,2626,19,15
6643381,21,56,2,0,0,0,0,0,0,0,0,0,0,2625,17,15
6706685,22,56,2,0,0,0,0,0,0,0,0,0,0,2624,18,14
6769990,23,56,2,0,0,0,0,0,0,0,0,0,0,2625,19,13
6833295,24,56,2,0,0,0,0,0,0,0,0,0,0,2625,19,16
6896598,25,56,2,0,0,0,0,0,0,0,0,0,0,2625,18,15
6959903,26,56,2,0,0,0,0,0,0,0,0,0,0,2627,19,15
7023207,27,56,2,0,0,0,0,0,0,0,0,0,0,2625,19,14
7086512,28,56,2,0,0,0,0,0,0,0,0,0,0,2625,20,16
7149816,29,56,2,0,0,0,0,0,0,0,0,0,0,2625,19,14
7213119,30,56,2,0,0,0,0,0,0,0,0,0,0,2627,18,14
7276425,31,56,2,0,0,0,0,0,0,0,0,0,0,2626,18,14
7339729,32,56,2,0,0,0,0,0,0,0,0,0,0,2626,18,14
7403033,33,56,2,0,0,0,0,0,0,0,0,0,0,2626,19,15
7466338,34,56,2,0,0,0,0,0,0,0,0,0,0,2626,16,15
7529642,35,56,2,0,0,0,0,0,0,0,0,0,0,2625,18,14
7592947,36,56,2,0,0,0,0,0,0,0,0,0,0,2626,18,14
7656252,37,56,2,0,0,0,0,0,0,0,0,0,0,2626,20,14
7719557,38,56,2,0,0,0,0,0,0,0,0,0,0,2626,18,17
7782862,39,56,2,0,0,0,0,0,0,0,0,0,0,2625,19,13
7846166,40,56,2,0,0,0,0,0,0,0,0,0,0,2625,17,15
7909471,41,56,2,0,0,0,0,0,0,0,0,0,0,2625,18,15
7972775,42,56,2,0,0,0,0,0,0,0,0,0,0,2625,19,14
8036079,43,56,2,0,0,0,0,0,0,0,0,0,0,2625,18,13
8099384,44,56,2,0,0,0,0,0,0,0,0,0,0,2624,18,14
8162688,45,56,2,0,0,0,0,0,0,0,0,0,0,2626,19,15
8225993,46,56,2,0,0,0,0,0,0,0,0,0,0,2626,18,14
8289297,47,56,2,0,0,0,0,0,0,0,0,0,0,2627,18,13
8352601,48,56,2,0,0,0,0,0,0,0,0,0,0,2625,18,15
8415905,49,56,2,0,0,0,0,0,0,0,0,0,0,2625,20,14
8479210,50,56,2,0,0,0,0,0,0,0,0,0,0,2627,19,13
8542514,51,56,2,0,0,0,0,0,0,0,0,0,0,2625,18,16
8605818,52,56,2,0,0,0,0,0,0,0,0,0,0,2626,18,14
8669122,53,56,2,0,0,0,0,0,0,0,0,0,0,2625,17,15
8732426,54,56,2,0,0,0,0,0,0,0,0,0,0,2625,20,14
8795730,55,56,2,0,0,0,0,0,0,0,0,0,0,2625,18,16
8859034,56,56,2,0,0,0,0,0,0,0,0,0,0,2626,18,15
8922339,57,56,2,0,0,0,0,0,0,0,0,0,0,2627,18,15
8985643,58,56,2,0,0,0,0,0,0,0,0,0,0,2625,17,16
9048947,59,56,2,0,0,0,0,0,0,0,0,0,0,2625,18,14
9112252,60,56,2,0,0,0,0,0,0,0,0,0,0,2626,18,13
9175557,61,56,2,0,0,0,0,0,0,0,0,0,0,2626,19,14
9238861,62,56,2,0,0,0,0,0,0,0,0,0,0,2626,20,14
9302166,63,56,2,0,0,0,0,0,0,0,0,0,0,2626,19,14
9365471,64,56,2,0,0,0,0,0,0,0,0,0,0,2625,19,16
9428776,65,56,2,0,0,0,0,0,0,0,0,0,0,2625,18,14
9492081,66,56,2,0,0,0,0,0,0,0,0,0,0,2626,19,15
9555385,67,56,2,0,0,0,0,0,0,0,0,0,0,2624,18,16
9618690,68,56,2,0,0,0,0,0,0,0,0,0,0,2625,20,15
9681994,69,56,2,0,0,0,0,0,0,0,0,0,0,2625,20,14
9745299,70,56,2,0,0,0,0,0,0,0,0,0,0,2626,19,15
9808603,71,56,2,0,0,0,0,0,0,0,0,0,0,2626,18,13
9871908,72,56,2,0,0,0,0,0,0,0,0,0,0,2625,19,15
9935213,73,56,2,0,0,0,0,0,0,0,0,0,0,2627,19,16
9998517,74,56,2,0,0,0,0,0,0,0,0,0,0,2626,17,13
10061821,75,56,2,0,0,0,0,0,0,0,0,0,0,2626,19,16
10125124,76,56,2,0,0,0,0,0,0,0,0,0,0,2625,19,16
10188429,77,56,2,0,0,0,0,0,0,0,0,0,0,2624,19,15
10251732,78,56,2,0,0,0,0,0,0,0,0,0,0,2625,20,14
10315037,79,56,2,0,0,0,0,0,0,0,0,0,0,2626,18,14
10378341,80,56,2,0,0,0,0,0,0,0,0,0,0,2624,17,16
10441646,81,56,2,0,0,0,0,0,0,0,0,0,0,2625,18,15
10504949,82,56,2,0,0,0,0,0,0,0,0,0,0,2625,19,14
10568252,83,56,2,0,0,0,0,0,0,0,0,0,0,2625,18,15
10631557,84,56,2,0,0,0,0,0,0,0,0,0,0,2626,17,15
10694861,85,56,2,0,0,0,0,0,0,0,0,0,0,2625,19,15
10766643,86,56,2,0,0,0,0,0,0,0,0,0,0,2625,18,15
10829935,87,56,2,0,0,0,0,0,0,0,0,0,0,2626,18,15
10893239,88,56,2,0,0,0,0,0,0,0,0,0,0,2626,20,16
10956544,89,56,2,0,0,0,0,0,0,0,0,0,0,2626,17,16
11019849,90,56,2,0,0,0,0,0,0,0,0,0,0,2624,18,15
11083152,91,56,2,0,0,0,0,0,0,0,0,0,0,2624,19,14
11146457,92,56,2,0,0,0,0,0,0,0,0,0,0,2625,19,14
11209760,93,56,2,0,0,0,0,0,0,0,0,0,0,2624,20,16
11273065,94,56,2,0,0,0,0,0,0,0,0,0,0,2625,17,15
11336370,95,56,2,0,0,0,0,0,0,0,0,0,0,2626,18,14
11399674,96,56,2,0,0,0,0,0,0,0,0,0,0,2626,20,16
11462979,97,56,2,0,0,0,0,0,0,0,0,0,0,2624,19,14
11526284,98,56,2,0,0,0,0,0,0,0,0,0,0,2625,18,15
11589588,99,56,2,0,0,0,0,0,0,0,0,0,0,2627,18,13
11652893,100,56,2,0,0,0,0,0,0,0,0,0,0,2626,18,15
11716196,101,56,2,0,0,0,0,0,0,0,0,0,0,2627,18,14
11779500,102,56,2,0,0,0,0,0,0,0,0,0,0,2626,19,15
11842804,103,56,2,0,0,0,0,0,0,0,0,0,0,2625,20,16
11906108,104,56,2,0,0,0,0,0,0,0,0,0,0,2626,19,15
11969413,105,56,2,0,0,0,0,0,0,0,0,0,0,2626,18,14
12032716,106,56,2,0,0,0,0,0,0,0,0,0,0,2624,20,15
12096020,107,56,2,0,0,0,0,0,0,0,0,0,0,2625,17,14
12159324,108,56,2,0,0,0,0,0,0,0,0,0,0,2625,19,15
12222629,109,56,2,0,0,0,0,0,0,0,0,0,0,2625,17,13
12285934,110,56,2,0,0,0,0,0,0,0,0,0,0,2626,18,15
12349239,111,56,2,0,0,0,0,0,0,0,0,0,0,2625,19,15
12412543,112,56,2,0,0,0,0,0,0,0,0,0,0,2625,19,15
12475847,113,56,2,0,0,0,0,0,0,0,0,0,0,2626,20,14
12539151,114,56,2,0,0,0,0,0,0,0,0,0,0,2626,20,14
12602455,115,56,2,0,0,0,0,0,0,0,0,0,0,2625,17,16
12665759,116,56,2,0,0,0,0,0,0,0,0,0,0,2626,18,14
12729062,117,56,2,0,0,0,0,0,0,0,0,0,0,2625,20,14
12792367,118,56,2,0,0,0,0,0,0,0,0,0,0,2626,18,14
12855672,119,56,2,0,0,0,0,0,0,0,0,0,0,2625,17,15
12918976,120,56,2,0,0,0,0,0,0,0,0,0,0,2626,19,15
12982281,121,56,2,0,0,0,0,0,0,0,0,0,0,2626,18,14
13045584,122,56,2,0,0,0,0,0,0,0,0,0,0,2625,19,16
13108890,123,56,2,0,0,0,0,0,0,0,0,0,0,2625,20,14
13172195,124,56,2,0,0,0,0,0,0,0,0,0,0,2625,17,14
13235500,125,56,2,0,0,0,0,0,0,0,0,0,0,2626,16,16
13298804,126,56,2,0,0,0,0,0,0,0,0,0,0,2625,19,15
13362108,127,56,2,0,0,0,0,0,0,0,0,0,0,2626,19,14
13425413,128,56,2,0,0,0,0,0,0,0,0,0,0,2625,18,15
13488716,129,56,2,0,0,0,0,0,0,0,0,0,0,2625,20,16
13552020,130,56,2,0,0,0,0,0,0,0,0,0,0,2624,17,15
13615324,131,56,2,0,0,0,0,0,0,0,0,0,0,2625,18,15
13678629,132,56,2,0,0,0,0,0,0,0,0,0,0,2627,18,15
13741934,133,56,2,0,0,0,0,0,0,0,0,0,0,2625,17,16
13805239,134,56,2,0,0,0,0,0,0,0,0,0,0,2625,20,14
13868544,135,56,2,0,0,0,0,0,0,0,0,0,0,2627,17,15
13931849,136,56,2,0,0,0,0,0,0,0,0,0,0,2624,19,15
13995152,137,56,2,0,0,0,0,0,0,0,0,0,0,2626,18,14
14058457,138,56,2,0,0,0,0,0,0,0,0,0,0,2626,18,14
14121760,139,56,2,0,0,0,0,0,0,0,0,0,0,2625,19,15
14185065,140,56,2,0,0,0,0,0,0,0,0,0,0,2625,19,15
14248370,141,56,2,0,0,0,0,0,0,0,0,0,0,2625,18,14
14311674,142,56,2,0,0,0,0,0,0,0,0,0,0,2625,18,16
14374979,143,56,2,0,0,0,0,0,0,0,0,0,0,2625,18,15
14438284,144,56,2,0,0,0,0,0,0,0,0,0,0,2625,18,16
14501588,145,56,2,0,0,0,0,0,0,0,0,0,0,2626,17,14
14564893,146,56,2,0,0,0,0,0,0,0,0,0,0,2624,18,16
14628196,147,56,2,0,0,0,0,0,0,0,0,0,0,2626,20,13
14691501,148,56,2,0,0,0,0,0,0,0,0,0,0,2625,18,14
14754806,149,56,2,0,0,0,0,0,0,0,0,0,0,2625,19,16
14818109,150,56,2,0,0,0,0,0,0,0,0,0,0,2627,19,14
14881414,151,56,2,0,0,0,0,0,0,0,0,0,0,2626,19,15
14944718,152,56,2,0,0,0,0,0,0,0,0,0,0,2626,20,16
15008022,153,56,2,0,0,0,0,0,0,0,0,0,0,2627,19,13
15071327,154,56,2,0,0,0,0,0,0,0,0,0,0,2623,18,15
15134632,155,56,2,0,0,0,0,0,0,0,0,0,0,2624,19,14
15197937,156,56,2,0,0,0,0,0,0,0,0,0,0,2624,18,15
15261241,157,56,2,0,0,0,0,0,0,0,0,0,0,2625,18,15
15324546,158,56,2,0,0,0,0,0,0,0,0,0,0,2628,18,14
15387850,159,56,2,0,0,0,0,0,0,0,0,0,0,2626,18,15
15451153,160,56,2,0,0,0,0,0,0,0,0,0,0,2626,18,14
15514459,161,56,2,0,0,0,0,0,0,0,0,0,0,2626,19,15
15577762,162,56,2,0,0,0,0,0,0,0,0,0,0,2625,18,16
15641068,163,56,2,0,0,0,0,0,0,0,0,0,0,2624,20,14
15704372,164,56,2,0,0,0,0,0,0,0,0,0,0,2626,18,15
15767676,165,56,2,0,0,0,0,0,0,0,0,0,0,2626,18,14
15830980,166,56,2,0,0,0,0,0,0,0,0,0,0,2627,19,16
15894285,167,56,2,0,0,0,0,0,0,0,0,0,0,2624,19,15
15957589,168,56,2,0,0,0,0,0,0,0,0,0,0,2625,18,15
16020894,169,56,2,0,0,0,0,0,0,0,0,0,0,2624,19,15
16084198,170,56,2,0,0,0,0,0,0,0,0,0,0,2627,19,14
16163848,171,56,2,0,0,0,0,0,0,0,0,0,0,2626,18,15
16227140,172,56,2,0,0,0,0,0,0,0,0,0,0,2628,19,15
16290445,173,56,2,0,0,0,0,0,0,0,0,0,0,2625,18,16
16353750,174,56,2,0,0,0,0,0,0,0,0,0,0,2625,18,14
16417054,175,56,2,0,0,0,0,0,0,0,0,0,0,2626,16,14
16480359,176,56,2,0,0,0,0,0,0,0,0,0,0,2626,18,13
16543663,177,56,2,0,0,0,0,0,0,0,0,0,0,2627,19,14
16606968,178,56,2,0,0,0,0,0,0,0,0,0,0,2627,18,14
16670272,179,56,2,0,0,0,0,0,0,0,0,0,0,2627,18,15
16733576,180,56,2,0,0,0,0,0,0,0,0,0,0,2625,18,13
16796881,181,56,2,0,0,0,0,0,0,0,0,0,0,2626,19,15
16860186,182,56,2,0,0,0,0,0,0,0,0,0,0,2626,18,15
16923489,183,56,2,0,0,0,0,0,0,0,0,0,0,2626,19,15
16986794,184,56,2,0,0,0,0,0,0,0,0,0,0,2626,19,14
17050099,185,56,2,0,0,0,0,0,0,0,0,0,0,2626,18,15
17113403,186,56,2,0,0,0,0,0,0,0,0,0,0,2625,19,16
17176707,187,56,2,0,0,0,0,0,0,0,0,0,0,2626,20,15
17240011,188,56,2,0,0,0,0,0,0,0,0,0,0,2625,18,14
17303315,189,56,2,0,0,0,0,0,0,0,0,0,0,2625,19,14
17366619,190,56,2,0,0,0,0,0,0,0,0,0,0,2624,19,13
17429924,191,56,2,0,0,0,0,0,0,0,0,0,0,2623,20,16
17493228,192,56,2,0,0,0,0,0,0,0,0,0,0,2626,19,15
17556532,193,56,2,0,0,0,0,0,0,0,0,0,0,2626,19,14
17619837,194,56,2,0,0,0,0,0,0,0,0,0,0,2625,18,15
17683141,195,56,2,0,0,0,0,0,0,0,0,0,0,2624,18,15
17746445,196,56,2,0,0,0,0,0,0,0,0,0,0,2626,19,15
17809749,197,56,2,0,0,0,0,0,0,0,0,0,0,2625,19,14
17873053,198,56,2,0,0,0,0,0,0,0,0,0,0,2627,18,13
17936358,199,56,2,0,0,0,0,0,0,0,0,0,0,2623,18,14
17999662,200,56,2,0,0,0,0,0,0,0,0,0,0,2626,19,15
18062966,201,56,2,0,0,0,0,0,0,0,0,0,0,2627,18,14
18126272,202,56,2,0,0,0,0,0,0,0,0,0,0,2625,18,16
18189576,203,56,2,0,0,0,0,0,0,0,0,0,0,2624,18,15
18252880,204,56,2,0,0,0,0,0,0,0,0,0,0,2625,18,16
18316185,205,56,2,0,0,0,0,0,0,0,0,0,0,2623,18,15
18379489,206,56,2,0,0,0,0,0,0,0,0,0,0,2623,17,15
18442793,207,56,2,0,0,0,0,0,0,0,0,0,0,2625,20,17
18506098,208,56,2,0,0,0,0,0,0,0,0,0,0,2625,17,15
18569403,209,56,2,0,0,0,0,0,0,0,0,0,0,2625,19,15
18632708,210,56,2,0,0,0,0,0,0,0,0,0,0,2625,19,15
18696012,211,56,2,0,0,0,0,0,0,0,0,0,0,2627,19,16
18759316,212,56,2,0,0,0,0,0,0,0,0,0,0,2626,18,17
18822620,213,56,2,0,0,0,0,0,0,0,0,0,0,2625,18,15
18885924,214,56,2,0,0,0,0,0,0,0,0,0,0,2625,18,15
18949228,215,56,2,0,0,0,0,0,0,0,0,0,0,2625,18,14
19012532,216,56,2,0,0,0,0,0,0,0,0,0,0,2627,18,15
19075837,217,56,2,0,0,0,0,0,0,0,0,0,0,2625,19,17
19139141,218,56,2,0,0,0,0,0,0,0,0,0,0,2625,18,14
19202445,219,56,2,0,0,0,0,0,0,0,0,0,0,2626,19,14
19265749,220,56,2,0,0,0,0,0,0,0,0,0,0,2625,21,14
19329053,221,56,2,0,0,0,0,0,0,0,0,0,0,2626,20,16
19392358,222,56,2,0,0,0,0,0,0,0,0,0,0,2624,19,14
19455662,223,56,2,0,0,0,0,0,0,0,0,0,0,2626,19,15
19518966,224,56,2,0,0,0,0,0,0,0,0,0,0,2627,18,16
19582270,225,56,2,0,0,0,0,0,0,0,0,0,0,2625,20,15
19645574,226,56,2,0,0,0,0,0,0,0,0,0,0,2626,19,14
19708879,227,56,2,0,0,0,0,0,0,0,0,0,0,2625,19,16
19772183,228,56,2,0,0,0,0,0,0,0,0,0,0,2626,18,16
19835487,229,56,2,0,0,0,0,0,0,0,0,0,0,2626,19,15
19898792,230,56,2,0,0,0,0,0,0,0,0,0,0,2624,19,15
19962096,231,56,2,0,0,0,0,0,0,0,0,0,0,2626,18,13
20025402,232,56,2,0,0,0,0,0,0,0,0,0,0,2626,19,14
20088706,233,56,2,0,0,0,0,0,0,0,0,0,0,2624,18,16
20152010,234,56,2,0,0,0,0,0,0,0,0,0,0,2626,18,16
20215315,235,56,2,0,0,0,0,0,0,0,0,0,0,2625,20,15
20278619,236,56,2,0,0,0,0,0,0,0,0,0,0,2626,20,15
20341924,237,56,2,0,0,0,0,0,0,0,0,0,0,2625,20,14
20405228,238,56,2,0,0,0,0,0,0,0,0,0,0,2625,17,14
20468532,239,56,2,0,0,0,0,0,0,0,0,0,0,2626,19,15
20531837,240,56,2,0,0,0,0,0,0,0,0,0,0,2624,19,14
20595142,241,56,2,0,0,0,0,0,0,0,0,0,0,2626,18,15
20658445,242,56,2,0,0,0,0,0,0,0,0,0,0,2626,20,14
20721749,243,56,2,0,0,0,0,0,0,0,0,0,0,2625,20,14
20785053,244,56,2,0,0,0,0,0,0,0,0,0,0,2624,19,14
20848358,245,56,2,0,0,0,0,0,0,0,0,0,0,2626,17,14
20911662,246,56,2,0,0,0,0,0,0,0,0,0,0,2625,20,15
20974966,247,56,2,0,0,0,0,0,0,0,0,0,0,2626,18,15
21038270,248,56,2,0,0,0,0,0,0,0,0,0,0,2626,20,15
21101574,249,56,2,0,0,0,0,0,0,0,0,0,0,2625,18,15
21164879,250,56,2,0,0,0,0,0,0,0,0,0,0,2626,19,16
21228183,251,56,2,0,0,0,0,0,0,0,0,0,0,2627,20,14
21291487,252,56,2,0,0,0,0,0,0,0,0,0,0,2625,18,14
21354792,253,56,2,0,0,0,0,0,0,0,0,0,0,2626,19,14
21418096,254,56,2,0,0,0,0,0,0,0,0,0,0,2625,20,15
21481400,255,56,2,0,0,0,0,0,0,0,0,0,0,2625,17,15
21554690,256,56,2,0,0,0,0,0,0,0,0,0,0,2624,19,16
21617982,257,56,2,0,0,0,0,0,0,0,0,0,0,2627,18,16
21681287,258,56,2,0,0,0,0,0,0,0,0,0,0,2625,18,16
21744589,259,56,2,0,0,0,0,0,0,0,0,0,0,2625,18,15
21807894,260,56,2,0,0,0,0,0,0,0,0,0,0,2625,19,16
21871198,261,56,2,0,0,0,0,0,0,0,0,0,0,2624,18,14
21934502,262,56,2,0,0,0,0,0,0,0,0,0,0,2625,19,14
21997806,263,56,2,0,0,0,0,0,0,0,0,0,0,2625,19,15
22061110,264,56,2,0,0,0,0,0,0,0,0,0,0,2625,17,16
22124414,265,56,2,0,0,0,0,0,0,0,0,0,0,2625,19,15
22187719,266,56,2,0,0,0,0,0,0,0,0,0,0,2627,18,16
22251023,267,56,2,0,0,0,0,0,0,0,0,0,0,2626,18,14
22314327,268,56,2,0,0,0,0,0,0,0,0,0,0,2624,18,15
22377631,269,56,2,0,0,0,0,0,0,0,0,0,0,2626,19,15
22440935,270,56,2,0,0,0,0,0,0,0,0,0,0,2624,19,15
22504239,271,56,2,0,0,0,0,0,0,0,0,0,0,2626,20,15
22567543,272,56,2,0,0,0,0,0,0,0,0,0,0,2626,19,16
22630847,273,56,2,0,0,0,0,0,0,0,0,0,0,2625,17,15
22694151,274,56,2,0,0,0,0,0,0,0,0,0,0,2625,18,16
22757457,275,56,2,0,0,0,0,0,0,0,0,0,0,2626,18,15
22820761,276,56,2,0,0,0,0,0,0,0,0,0,0,2626,18,16
22884066,277,56,2,0,0,0,0,0,0,0,0,0,0,2624,20,13
22947371,278,56,2,0,0,0,0,0,0,0,0,0,0,2626,19,16
23010675,279,56,2,0,0,0,0,0,0,0,0,0,0,2626,20,16
23073979,280,56,2,0,0,0,0,0,0,0,0,0,0,2625,19,14
23137285,281,56,2,0,0,0,0,0,0,0,0,0,0,2626,18,16
23200589,282,56,2,0,0,0,0,0,0,0,0,0,0,2626,20,16
23263893,283,56,2,0,0,0,0,0,0,0,0,0,0,2623,19,15
23327197,284,56,2,0,0,0,0,0,0,0,0,0,0,2627,20,15
23390502,285,56,2,0,0,0,0,0,0,0,0,0,0,2627,19,15
23453806,286,56,2,0,0,0,0,0,0,0,0,0,0,2624,18,14
23517110,287,56,2,0,0,0,0,0,0,0,0,0,0,2625,19,15
23580414,288,56,2,0,0,0,0,0,0,0,0,0,0,2623,20,16
23643719,289,56,2,0,0,0,0,0,0,0,0,0,0,2625,19,15
23707023,290,56,2,0,0,0,0,0,0,0,0,0,0,2626,18,14
23770327,291,56,2,0,0,0,0,0,0,0,0,0,0,2623,19,16
23833631,292,56,2,0,0,0,0,0,0,0,0,0,0,2624,18,16
23896935,293,56,2,0,0,0,0,0,0,0,0,0,0,2623,19,13
23960239,294,56,2,0,0,0,0,0,0,0,0,0,0,2626,20,14
24023544,295,56,2,0,0,0,0,0,0,0,0,0,0,2625,19,16
24086849,296,56,2,0,0,0,0,0,0,0,0,0,0,2626,17,15
24150153,297,56,2,0,0,0,0,0,0,0,0,0,0,2625,20,14
24213458,298,56,2,0,0,0,0,0,0,0,0,0,0,2626,19,15
24276762,299,56,2,0,0,0,0,0,0,0,0,0,0,2625,19,15
24340066,300,56,2,0,0,0,0,0,0,0,0,0,0,2625,20,15
24403371,301,56,2,0,0,0,0,0,0,0,0,0,0,2624,19,15
24466675,302,56,2,0,0,0,0,0,0,0,0,0,0,2625,19,14
24529979,303,56,2,0,0,0,0,0,0,0,0,0,0,2624,18,14
24593284,304,56,2,0,0,0,0,0,0,0,0,0,0,2627,19,14
24656589,305,56,2,0,0,0,0,0,0,0,0,0,0,2626,19,15
24719894,306,56,2,0,0,0,0,0,0,0,0,0,0,2626,19,14
24783198,307,56,2,0,0,0,0,0,0,0,0,0,0,2625,18,15
24846503,308,56,2,0,0,0,0,0,0,0,0,0,0,2625,17,14
24909807,309,56,2,0,0,0,0,0,0,0,0,0,0,2624,18,15
24973111,310,56,2,0,0,0,0,0,0,0,0,0,0,2625,19,15
25036416,311,56,2,0,0,0,0,0,0,0,0,0,0,2628,18,14
25099719,312,56,2,0,0,0,0,0,0,0,0,0,0,2625,20,15
25163024,313,56,2,0,0,0,0,0,0,0,0,0,0,2626,19,14
25226328,314,56,2,0,0,0,0,0,0,0,0,0,0,2626,18,15
25289631,315,56,2,0,0,0,0,0,0,0,0,0,0,2623,19,15
25352935,316,56,2,0,0,0,0,0,0,0,0,0,0,2625,19,14
25416239,317,56,2,0,0,0,0,0,0,0,0,0,0,2624,19,17
25479544,318,56,2,0,0,0,0,0,0,0,0,0,0,2628,18,16
25542849,319,56,2,0,0,0,0,0,0,0,0,0,0,2625,19,13
25606153,320,56,2,0,0,0,0,0,0,0,0,0,0,2626,20,14
25669458,321,56,2,0,0,0,0,0,0,0,0,0,0,2626,19,15
25732763,322,56,2,0,0,0,0,0,0,0,0,0,0,2626,18,15
25796067,323,56,2,0,0,0,0,0,0,0,0,0,0,2626,19,14
25859372,324,56,2,0,0,0,0,0,0,0,0,0,0,2626,19,15
25922676,325,56,2,0,0,0,0,0,0,0,0,0,0,2626,18,15
25985980,326,56,2,0,0,0,0,0,0,0,0,0,0,2625,18,16
26049285,327,56,2,0,0,0,0,0,0,0,0,0,0,2627,18,15
26112589,328,56,2,0,0,0,0,0,0,0,0,0,0,2627,18,16
26175894,329,56,2,0,0,0,0,0,0,0,0,0,0,2625,20,14
26239198,330,56,2,0,0,0,0,0,0,0,0,0,0,2626,20,16
26302503,331,56,2,0,0,0,0,0,0,0,0,0,0,2627,18,14
26365808,332,56,2,0,0,0,0,0,0,0,0,0,0,2626,19,15
26429112,333,56,2,0,0,0,0,0,0,0,0,0,0,2626,17,16
26492416,334,56,2,0,0,0,0,0,0,0,0,0,0,2625,18,15
26555720,335,56,2,0,0,0,0,0,0,0,0,0,0,2626,17,14
26619024,336,56,2,0,0,0,0,0,0,0,0,0,0,2628,19,13
26682329,337,56,2,0,0,0,0,0,0,0,0,0,0,2625,17,15
26745632,338,56,2,0,0,0,0,0,0,0,0,0,0,2625,18,15
26808938,339,56,2,0,0,0,0,0,0,0,0,0,0,2625,19,16
26872243,340,56,2,0,0,0,0,0,0,0,0,0,0,2628,19,16
26945682,341,56,2,0,0,0,0,0,0,0,0,0,0,2626,18,15
27008974,342,56,2,0,0,0,0,0,0,0,0,0,0,2624,18,15
27072279,343,56,2,0,0,0,0,0,0,0,0,0,0,2626,18,15
27135583,344,56,2,0,0,0,0,0,0,0,0,0,0,2626,19,14
27198888,345,56,2,0,0,0,0,0,0,0,0,0,0,2623,20,15
27262192,346,56,2,0,0,0,0,0,0,0,0,0,0,2626,19,15
27325498,347,56,2,0,0,0,0,0,0,0,0,0,0,2626,19,16
27388802,348,56,2,0,0,0,0,0,0,0,0,0,0,2626,20,14
27452106,349,56,2,0,0,0,0,0,0,0,0,0,0,2625,18,16
27515410,350,56,2,0,0,0,0,0,0,0,0,0,0,2625,18,15
27578715,351,56,2,0,0,0,0,0,0,0,0,0,0,2625,17,16
27642020,352,56,2,0,0,0,0,0,0,0,0,0,0,2624,18,14
27705325,353,56,2,0,0,0,0,0,0,0,0,0,0,2626,17,16
27768629,354,56,2,0,0,0,0,0,0,0,0,0,0,2626,18,15
27831934,355,56,2,0,0,0,0,0,0,0,0,0,0,2626,19,12
27895238,356,56,2,0,0,0,0,0,0,0,0,0,0,2625,18,13
27958542,357,56,2,0,0,0,0,0,0,0,0,0,0,2627,19,14
28021847,358,56,2,0,0,0,0,0,0,0,0,0,0,2626,20,14
28085151,359,56,2,0,0,0,0,0,0,0,0,0,0,2626,19,12
28148455,360,56,2,0,0,0,0,0,0,0,0,0,0,2625,17,16
28211759,361,56,2,0,0,0,0,0,0,0,0,0,0,2628,19,15
28275063,362,56,2,0,0,0,0,0,0,0,0,0,0,2626,17,16
28338368,363,56,2,0,0,0,0,0,0,0,0,0,0,2626,18,14
28401672,364,56,2,0,0,0,0,0,0,0,0,0,0,2626,17,14
28464976,365,56,2,0,0,0,0,0,0,0,0,0,0,2627,18,14
28528280,366,56,2,0,0,0,0,0,0,0,0,0,0,2625,19,14
28591584,367,56,2,0,0,0,0,0,0,0,0,0,0,2625,18,15
28654889,368,56,2,0,0,0,0,0,0,0,0,0,0,2626,20,15
28718194,369,56,2,0,0,0,0,0,0,0,0,0,0,2627,18,15
28781498,370,56,2,0,0,0,0,0,0,0,0,0,0,2624,17,15
28844802,371,56,2,0,0,0,0,0,0,0,0,0,0,2625,18,14
28908105,372,56,2,0,0,0,0,0,0,0,0,0,0,2626,20,13
28971410,373,56,2,0,0,0,0,0,0,0,0,0,0,2624,19,13
29034715,374,56,2,0,0,0,0,0,0,0,0,0,0,2625,19,16
29098019,375,56,2,0,0,0,0,0,0,0,0,0,0,2626,19,16
29161324,376,56,2,0,0,0,0,0,0,0,0,0,0,2626,18,15
29224628,377,56,2,0,0,0,0,0,0,0,0,0,0,2625,20,14
29287933,378,56,2,0,0,0,0,0,0,0,0,0,0,2625,19,14
29351237,379,56,2,0,0,0,0,0,0,0,0,0,0,2627,17,16
29414541,380,56,2,0,0,0,0,0,0,0,0,0,0,2627,17,14
29477846,381,56,2,0,0,0,0,0,0,0,0,0,0,2626,18,14
29541150,382,56,2,0,0,0,0,0,0,0,0,0,0,2625,20,15
29604455,383,56,2,0,0,0,0,0,0,0,0,0,0,2624,18,16
29667760,384,56,2,0,0,0,0,0,0,0,0,0,0,2626,18,14
29731063,385,56,2,0,0,0,0,0,0,0,0,0,0,2625,19,15
29794368,386,56,2,0,0,0,0,0,0,0,0,0,0,2624,19,14
29857672,387,56,2,0,0,0,0,0,0,0,0,0,0,2626,18,14
29920976,388,56,2,0,0,0,0,0,0,0,0,0,0,2626,18,14
29984280,389,56,2,0,0,0,0,0,0,0,0,0,0,2625,19,16
30047584,390,56,2,0,0,0,0,0,0,0,0,0,0,2625,20,15
30110890,391,56,2,0,0,0,0,0,0,0,0,0,0,2625,19,15
30174193,392,56,2,0,0,0,0,0,0,0,0,0,0,2626,19,14
30237497,393,56,2,0,0,0,0,0,0,0,0,0,0,2628,18,15
30300801,394,56,2,0,0,0,0,0,0,0,0,0,0,2626,19,15
30364105,395,56,2,0,0,0,0,0,0,0,0,0,0,2624,19,14
30427410,396,56,2,0,0,0,0,0,0,0,0,0,0,2625,19,16
30490715,397,56,2,0,0,0,0,0,0,0,0,0,0,2627,18,14
30554018,398,56,2,0,0,0,0,0,0,0,0,0,0,2626,17,16
30617323,399,56,2,0,0,0,0,0,0,0,0,0,0,2625,19,15
30680626,400,56,2,0,0,0,0,0,0,0,0,0,0,2626,19,14
30743931,401,56,2,0,0,0,0,0,0,0,0,0,0,2627,19,16
30807235,402,56,2,0,0,0,0,0,0,0,0,0,0,2623,18,14
30870540,403,56,2,0,0,0,0,0,0,0,0,0,0,2625,19,16
30933845,404,56,2,0,0,0,0,0,0,0,0,0,0,2626,20,16
30997149,405,56,2,0,0,0,0,0,0,0,0,0,0,2626,19,15
31060454,406,56,2,0,0,0,0,0,0,0,0,0,0,2624,19,16
31123758,407,56,2,0,0,0,0,0,0,0,0,0,0,2626,19,15
31187063,408,56,2,0,0,0,0,0,0,0,0,0,0,2626,18,15
31250368,409,56,2,0,0,0,0,0,0,0,0,0,0,2624,18,14
31313672,410,56,2,0,0,0,0,0,0,0,0,0,0,2625,17,15
31376976,411,56,2,0,0,0,0,0,0,0,0,0,0,2626,17,16
31440280,412,56,2,0,0,0,0,0,0,0,0,0,0,2625,19,15
31503584,413,56,2,0,0,0,0,0,0,0,0,0,0,2623,18,16
31566889,414,56,2,0,0,0,0,0,0,0,0,0,0,2625,20,15
31630194,415,56,2,0,0,0,0,0,0,0,0,0,0,2625,19,16
31693498,416,56,2,0,0,0,0,0,0,0,0,0,0,2625,20,15
31756802,417,56,2,0,0,0,0,0,0,0,0,0,0,2626,18,14
31820106,418,56,2,0,0,0,0,0,0,0,0,0,0,2626,18,16
31883411,419,56,2,0,0,0,0,0,0,0,0,0,0,2626,18,13
31946715,420,56,2,0,0,0,0,0,0,0,0,0,0,2625,17,16
32010020,421,56,2,0,0,0,0,0,0,0,0,0,0,2625,18,15
32073325,422,56,2,0,0,0,0,0,0,0,0,0,0,2625,18,13
32136629,423,56,2,0,0,0,0,0,0,0,0,0,0,2628,20,15
32199934,424,56,2,0,0,0,0,0,0,0,0,0,0,2624,18,13
32263238,425,56,2,0,0,0,0,0,0,0,0,0,0,2626,18,15
32336484,426,56,2,0,0,0,0,0,0,0,0,0,0,2626,17,15
32399777,427,56,2,0,0,0,0,0,0,0,0,0,0,2624,19,16
32463081,428,56,2,0,0,0,0,0,0,0,0,0,0,2625,18,14
32526385,429,56,2,0,0,0,0,0,0,0,0,0,0,2624,19,15
32589689,430,56,2,0,0,0,0,0,0,0,0,0,0,2626,18,14
32652994,431,56,2,0,0,0,0,0,0,0,0,0,0,2625,19,15
32716299,432,56,2,0,0,0,0,0,0,0,0,0,0,2627,18,14
32779604,433,56,2,0,0,0,0,0,0,0,0,0,0,2625,19,15
32842908,434,56,2,0,0,0,0,0,0,0,0,0,0,2625,19,16
32906213,435,56,2,0,0,0,0,0,0,0,0,0,0,2626,19,15
32969517,436,56,2,0,0,0,0,0,0,0,0,0,0,2626,18,16
33032821,437,56,2,0,0,0,0,0,0,0,0,0,0,2625,17,15
33096125,438,56,2,0,0,0,0,0,0,0,0,0,0,2625,19,16
33159431,439,56,2,0,0,0,0,0,0,0,0,0,0,2626,18,15
33222735,440,56,2,0,0,0,0,0,0,0,0,0,0,2625,18,15
33286040,441,56,2,0,0,0,0,0,0,0,0,0,0,2624,19,14
33349345,442,56,2,0,0,0,0,0,0,0,0,0,0,2625,18,15
33412649,443,56,2,0,0,0,0,0,0,0,0,0,0,2627,18,15
33475952,444,56,2,0,0,0,0,0,0,0,0,0,0,2624,18,15
33539256,445,56,2,0,0,0,0,0,0,0,0,0,0,2625,19,15
33602560,446,56,2,0,0,0,0,0,0,0,0,0,0,2626,17,15
33665865,447,56,2,0,0,0,0,0,0,0,0,0,0,2626,19,15
33729169,448,56,2,0,0,0,0,0,0,0,0,0,0,2627,18,15
33792473,449,56,2,0,0,0,0,0,0,0,0,0,0,2625,18,14
33855778,450,56,2,0,0,0,0,0,0,0,0,0,0,2626,19,17
33919082,451,56,2,0,0,0,0,0,0,0,0,0,0,2625,20,14
33982386,452,56,2,0,0,0,0,0,0,0,0,0,0,2626,18,15
34045690,453,56,2,0,0,0,0,0,0,0,0,0,0,2626,19,14
34108994,454,56,2,0,0,0,0,0,0,0,0,0,0,2626,19,15
34172299,455,56,2,0,0,0,0,0,0,0,0,0,0,2625,18,14
34235603,456,56,2,0,0,0,0,0,0,0,0,0,0,2627,19,16
34298908,457,56,2,0,0,0,0,0,0,0,0,0,0,2627,19,14
34362213,458,56,2,0,0,0,0,0,0,0,0,0,0,2625,17,14
34425517,459,56,2,0,0,0,0,0,0,0,0,0,0,2628,18,15
34488821,460,56,2,0,0,0,0,0,0,0,0,0,0,2625,17,14
34552125,461,56,2,0,0,0,0,0,0,0,0,0,0,2624,19,14
34615431,462,56,2,0,0,0,0,0,0,0,0,0,0,2626,17,16
34678735,463,56,2,0,0,0,0,0,0,0,0,0,0,2626,19,15
34742040,464,56,2,0,0,0,0,0,0,0,0,0,0,2627,19,16
34805345,465,56,2,0,0,0,0,0,0,0,0,0,0,2624,18,14
34868650,466,56,2,0,0,0,0,0,0,0,0,0,0,2626,19,15
34931955,467,56,2,0,0,0,0,0,0,0,0,0,0,2626,19,15
34995259,468,56,2,0,0,0,0,0,0,0,0,0,0,2627,18,15
35058563,469,56,2,0,0,0,0,0,0,0,0,0,0,2626,19,16
35121866,470,56,2,0,0,0,0,0,0,0,0,0,0,2625,19,15
35185170,471,56,2,0,0,0,0,0,0,0,0,0,0,2625,17,14
35248473,472,56,2,0,0,0,0,0,0,0,0,0,0,2627,19,15
35311778,473,56,2,0,0,0,0,0,0,0,0,0,0,2624,18,15
35375082,474,56,2,0,0,0,0,0,0,0,0,0,0,2625,19,14
35438387,475,56,2,0,0,0,0,0,0,0,0,0,0,2626,18,14
35501691,476,56,2,0,0,0,0,0,0,0,0,0,0,2625,16,16
35564995,477,56,2,0,0,0,0,0,0,0,0,0,0,2626,19,16
35628299,478,56,2,0,0,0,0,0,0,0,0,0,0,2625,19,16
35691604,479,56,2,0,0,0,0,0,0,0,0,0,0,2625,17,15
35754908,480,56,2,0,0,0,0,0,0,0,0,0,0,2624,19,14
35818213,481,56,2,0,0,0,0,0,0,0,0,0,0,2625,19,16
35881517,482,56,2,0,0,0,0,0,0,0,0,0,0,2626,19,15
35944821,483,56,2,0,0,0,0,0,0,0,0,0,0,2626,20,15
36008125,484,56,2,0,0,0,0,0,0,0,0,0,0,2626,19,15
36071430,485,56,2,0,0,0,0,0,0,0,0,0,0,2626,17,15
36134735,486,56,2,0,0,0,0,0,0,0,0,0,0,2624,18,16
36198038,487,56,2,0,0,0,0,0,0,0,0,0,0,2624,19,14
36261343,488,56,2,0,0,0,0,0,0,0,0,0,0,2626,19,16
36324647,489,56,2,0,0,0,0,0,0,0,0,0,0,2624,20,15
36387952,490,56,2,0,0,0,0,0,0,0,0,0,0,2626,19,16
36451256,491,56,2,0,0,0,0,0,0,0,0,0,0,2626,18,16
36514560,492,56,2,0,0,0,0,0,0,0,0,0,0,2625,20,15
36577864,493,56,2,0,0,0,0,0,0,0,0,0,0,2624,19,13
36641169,494,56,2,0,0,0,0,0,0,0,0,0,0,2626,19,17
36704473,495,56,2,0,0,0,0,0,0,0,0,0,0,2627,17,14
36767778,496,56,2,0,0,0,0,0,0,0,0,0,0,2626,18,14
36831082,497,56,2,0,0,0,0,0,0,0,0,0,0,2625,20,15
36894387,498,56,2,0,0,0,0,0,0,0,0,0,0,2625,20,13
36957691,499,56,2,0,0,0,0,0,0,0,0,0,0,2627,18,16
37020995,500,56,2,0,0,0,0,0,0,0,0,0,0,2625,19,15
37084299,501,56,2,0,0,0,0,0,0,0,0,0,0,2626,19,16
37147603,502,56,2,0,0,0,0,0,0,0,0,0,0,2625,16,14
37210908,503,56,2,0,0,0,0,0,0,0,0,0,0,2625,19,15
37274213,504,56,2,0,0,0,0,0,0,0,0,0,0,2625,18,15
37337517,505,56,2,0,0,0,0,0,0,0,0,0,0,2626,19,14
37400821,506,56,2,0,0,0,0,0,0,0,0,0,0,2626,19,14
37464125,507,56,2,0,0,0,0,0,0,0,0,0,0,2624,20,14
37527431,508,56,2,0,0,0,0,0,0,0,0,0,0,2625,18,15
37590735,509,56,2,0,0,0,0,0,0,0,0,0,0,2625,18,14
37654040,510,56,2,0,0,0,0,0,0,0,0,0,0,2626,18,16
37733729,511,56,2,0,0,0,0,0,0,0,0,0,0,2627,19,16
37797021,512,56,2,0,0,0,0,0,0,0,0,0,0,2627,18,13
37860326,513,56,2,0,0,0,0,0,0,0,0,0,0,2625,18,14
37923629,514,56,2,0,0,0,0,0,0,0,0,0,0,2626,17,14
37986934,515,56,2,0,0,0,0,0,0,0,0,0,0,2625,19,14
38050238,516,56,2,0,0,0,0,0,0,0,0,0,0,2626,18,14
38113542,517,56,2,0,0,0,0,0,0,0,0,0,0,2625,18,14
38176847,518,56,2,0,0,0,0,0,0,0,0,0,0,2626,17,14
38240151,519,56,2,0,0,0,0,0,0,0,0,0,0,2624,19,14
38303455,520,56,2,0,0,0,0,0,0,0,0,0,0,2624,18,16
38366759,521,56,2,0,0,0,0,0,0,0,0,0,0,2623,19,15
38430063,522,56,2,0,0,0,0,0,0,0,0,0,0,2625,18,14
38493368,523,56,2,0,0,0,0,0,0,0,0,0,0,2623,19,14
38556672,524,56,2,0,0,0,0,0,0,0,0,0,0,2625,18,13
38619976,525,56,2,0,0,0,0,0,0,0,0,0,0,2626,20,15
38683280,526,56,2,0,0,0,0,0,0,0,0,0,0,2625,18,15
38746584,527,56,2,0,0,0,0,0,0,0,0,0,0,2625,19,16
38809889,528,56,2,0,0,0,0,0,0,0,0,0,0,2626,20,15
38873194,529,56,2,0,0,0,0,0,0,0,0,0,0,2626,18,16
38936498,530,56,2,0,0,0,0,0,0,0,0,0,0,2625,19,16
38999802,531,56,2,0,0,0,0,0,0,0,0,0,0,2625,19,14
39063105,532,56,2,0,0,0,0,0,0,0,0,0,0,2627,18,16
39126410,533,56,2,0,0,0,0,0,0,0,0,0,0,2627,17,16
39189715,534,56,2,0,0,0,0,0,0,0,0,0,0,2625,19,15
39253019,535,56,2,0,0,0,0,0,0,0,0,0,0,2626,19,15
39316324,536,56,2,0,0,0,0,0,0,0,0,0,0,2626,18,14
39379628,537,56,2,0,0,0,0,0,0,0,0,0,0,2626,19,13
39442933,538,56,2,0,0,0,0,0,0,0,0,0,0,2626,19,14
39506237,539,56,2,0,0,0,0,0,0,0,0,0,0,2627,18,15
39569541,540,56,2,0,0,0,0,0,0,0,0,0,0,2626,20,13
39632846,541,56,2,0,0,0,0,0,0,0,0,0,0,2626,17,15
39696150,542,56,2,0,0,0,0,0,0,0,0,0,0,2625,19,14
39759455,543,56,2,0,0,0,0,0,0,0,0,0,0,2625,17,14
39822760,544,56,2,0,0,0,0,0,0,0,0,0,0,2627,18,14
39886063,545,56,2,0,0,0,0,0,0,0,0,0,0,2626,18,14
39949368,546,56,2,0,0,0,0,0,0,0,0,0,0,2626,20,13
40012672,547,56,2,0,0,0,0,0,0,0,0,0,0,2626,18,16
40075976,548,56,2,0,0,0,0,0,0,0,0,0,0,2625,19,16
40139280,549,56,2,0,0,0,0,0,0,0,0,0,0,2624,19,16
40202584,550,56,2,0,0,0,0,0,0,0,0,0,0,2626,19,15
40265890,551,56,2,0,0,0,0,0,0,0,0,0,0,2625,20,15
40329193,552,56,2,0,0,0,0,0,0,0,0,0,0,2625,19,15
40392497,553,56,2,0,0,0,0,0,0,0,0,0,0,2627,19,15
40455801,554,56,2,0,0,0,0,0,0,0,0,0,0,2625,18,13
40519105,555,56,2,0,0,0,0,0,0,0,0,0,0,2625,20,16
40582410,556,56,2,0,0,0,0,0,0,0,0,0,0,2624,19,14
40645715,557,56,2,0,0,0,0,0,0,0,0,0,0,2626,18,14
40709018,558,56,2,0,0,0,0,0,0,0,0,0,0,2625,18,17
40772323,559,56,2,0,0,0,0,0,0,0,0,0,0,2626,18,15
40835626,560,56,2,0,0,0,0,0,0,0,0,0,0,2626,18,15
40898931,561,56,2,0,0,0,0,0,0,0,0,0,0,2625,19,15
40962235,562,56,2,0,0,0,0,0,0,0,0,0,0,2624,18,14
41025540,563,56,2,0,0,0,0,0,0,0,0,0,0,2626,19,16
41088845,564,56,2,0,0,0,0,0,0,0,0,0,0,2626,17,14
41152149,565,56,2,0,0,0,0,0,0,0,0,0,0,2623,19,14
41215454,566,56,2,0,0,0,0,0,0,0,0,0,0,2624,18,16
41278758,567,56,2,0,0,0,0,0,0,0,0,0,0,2625,18,15
41342063,568,56,2,0,0,0,0,0,0,0,0,0,0,2625,18,14
41405368,569,56,2,0,0,0,0,0,0,0,0,0,0,2624,19,14
41468672,570,56,2,0,0,0,0,0,0,0,0,0,0,2628,18,15
41531976,571,56,2,0,0,0,0,0,0,0,0,0,0,2626,18,15
41595280,572,56,2,0,0,0,0,0,0,0,0,0,0,2625,19,15
41658584,573,56,2,0,0,0,0,0,0,0,0,0,0,2624,19,16
41721889,574,56,2,0,0,0,0,0,0,0,0,0,0,2626,20,14
41785194,575,56,2,0,0,0,0,0,0,0,0,0,0,2627,18,15
41848498,576,56,2,0,0,0,0,0,0,0,0,0,0,2625,17,15
41911802,577,56,2,0,0,0,0,0,0,0,0,0,0,2627,18,13
41975106,578,56,2,0,0,0,0,0,0,0,0,0,0,2624,17,15
42038411,579,56,2,0,0,0,0,0,0,0,0,0,0,2627,20,14
42101715,580,56,2,0,0,0,0,0,0,0,0,0,0,2624,18,16
42165020,581,56,2,0,0,0,0,0,0,0,0,0,0,2626,18,15
42228325,582,56,2,0,0,0,0,0,0,0,0,0,0,2624,20,16
42291629,583,56,2,0,0,0,0,0,0,0,0,0,0,2627,19,14
42354934,584,56,2,0,0,0,0,0,0,0,0,0,0,2623,18,14
42418238,585,56,2,0,0,0,0,0,0,0,0,0,0,2626,18,16
42481542,586,56,2,0,0,0,0,0,0,0,0,0,0,2625,19,14
42544847,587,56,2,0,0,0,0,0,0,0,0,0,0,2627,20,16
42608151,588,56,2,0,0,0,0,0,0,0,0,0,0,2625,18,14
42671455,589,56,2,0,0,0,0,0,0,0,0,0,0,2624,18,16
42734759,590,56,2,0,0,0,0,0,0,0,0,0,0,2624,18,15
42798063,591,56,2,0,0,0,0,0,0,0,0,0,0,2624,17,14
42861368,592,56,2,0,0,0,0,0,0,0,0,0,0,2624,20,14
42924672,593,56,2,0,0,0,0,0,0,0,0,0,0,2625,19,15
42987976,594,56,2,0,0,0,0,0,0,0,0,0,0,2625,19,15
43051280,595,56,2,0,0,0,0,0,0,0,0,0,0,2625,20,13
43124603,596,56,2,0,0,0,0,0,0,0,0,0,0,2626,17,14
43187896,597,56,2,0,0,0,0,0,0,0,0,0,0,2624,19,14
43251200,598,56,2,0,0,0,0,0,0,0,0,0,0,2625,18,15
43314504,599,56,2,0,0,0,0,0,0,0,0,0,0,2625,19,13
43377809,600,56,2,0,0,0,0,0,0,0,0,0,0,2626,18,14
43441113,601,56,2,0,0,0,0,0,0,0,0,0,0,2624,19,14
43504418,602,56,2,0,0,0,0,0,0,0,0,0,0,2625,18,15
43567722,603,56,2,0,0,0,0,0,0,0,0,0,0,2625,17,16
43631027,604,56,2,0,0,0,0,0,0,0,0,0,0,2626,19,15
43694331,605,56,2,0,0,0,0,0,0,0,0,0,0,2624,19,16
43757634,606,56,2,0,0,0,0,0,0,0,0,0,0,2623,18,14
43820939,607,56,2,0,0,0,0,0,0,0,0,0,0,2624,20,13
43884243,608,56,2,0,0,0,0,0,0,0,0,0,0,2624,19,15
43947547,609,56,2,0,0,0,0,0,0,0,0,0,0,2626,20,16
44010850,610,56,2,0,0,0,0,0,0,0,0,0,0,2626,18,14
44074155,611,56,2,0,0,0,0,0,0,0,0,0,0,2624,18,15
44137460,612,56,2,0,0,0,0,0,0,0,0,0,0,2625,18,16
44200764,613,56,2,0,0,0,0,0,0,0,0,0,0,2627,19,16
44264068,614,56,2,0,0,0,0,0,0,0,0,0,0,2623,20,15
44327374,615,56,2,0,0,0,0,0,0,0,0,0,0,2625,17,15
44390678,616,56,2,0,0,0,0,0,0,0,0,0,0,2625,17,15
44453983,617,56,2,0,0,0,0,0,0,0,0,0,0,2627,18,15
44517287,618,56,2,0,0,0,0,0,0,0,0,0,0,2625,18,15
44580591,619,56,2,0,0,0,0,0,0,0,0,0,0,2625,18,15
44643896,620,56,2,0,0,0,0,0,0,0,0,0,0,2626,19,15
44707200,621,56,2,0,0,0,0,0,0,0,0,0,0,2628,19,14
44770505,622,56,2,0,0,0,0,0,0,0,0,0,0,2627,19,14
44833809,623,56,2,0,0,0,0,0,0,0,0,0,0,2628,19,16
44897113,624,56,2,0,0,0,0,0,0,0,0,0,0,2625,19,14
44960417,625,56,2,0,0,0,0,0,0,0,0,0,0,2626,20,16
45023722,626,56,2,0,0,0,0,0,0,0,0,0,0,2625,18,15
45087026,627,56,2,0,0,0,0,0,0,0,0,0,0,2626,17,15
45150331,628,56,2,0,0,0,0,0,0,0,0,0,0,2626,19,15
45213635,629,56,2,0,0,0,0,0,0,0,0,0,0,2627,18,16
45276939,630,56,2,0,0,0,0,0,0,0,0,0,0,2626,19,15
45340244,631,56,2,0,0,0,0,0,0,0,0,0,0,2626,17,15
45403548,632,56,2,0,0,0,0,0,0,0,0,0,0,2626,20,14
45466853,633,56,2,0,0,0,0,0,0,0,0,0,0,2624,17,15
45530156,634,56,2,0,0,0,0,0,0,0,0,0,0,2625,19,15
45593461,635,56,2,0,0,0,0,0,0,0,0,0,0,2626,19,15
45656765,636,56,2,0,0,0,0,0,0,0,0,0,0,2625,17,14
45720069,637,56,2,0,0,0,0,0,0,0,0,0,0,2625,18,13
45783374,638,56,2,0,0,0,0,0,0,0,0,0,0,2627,18,16
45846678,639,56,2,0,0,0,0,0,0,0,0,0,0,2624,20,15
45909982,640,56,2,0,0,0,0,0,0,0,0,0,0,2626,18,16
45973288,641,56,2,0,0,0,0,0,0,0,0,0,0,2625,19,14
46036592,642,56,2,0,0,0,0,0,0,0,0,0,0,2624,19,14
46099897,643,56,2,0,0,0,0,0,0,0,0,0,0,2624,16,15
46163201,644,56,2,0,0,0,0,0,0,0,0,0,0,2627,18,15
46226506,645,56,2,0,0,0,0,0,0,0,0,0,0,2627,19,15
46289810,646,56,2,0,0,0,0,0,0,0,0,0,0,2624,19,16
46353114,647,56,2,0,0,0,0,0,0,0,0,0,0,2627,18,14
46416418,648,56,2,0,0,0,0,0,0,0,0,0,0,2626,18,17
46479722,649,56,2,0,0,0,0,0,0,0,0,0,0,2624,19,16
46543027,650,56,2,0,0,0,0,0,0,0,0,0,0,2626,17,16
46606331,651,56,2,0,0,0,0,0,0,0,0,0,0,2624,19,15
46669634,652,56,2,0,0,0,0,0,0,0,0,0,0,2628,18,15
46732939,653,56,2,0,0,0,0,0,0,0,0,0,0,2626,19,14
46796243,654,56,2,0,0,0,0,0,0,0,0,0,0,2625,18,15
46859547,655,56,2,0,0,0,0,0,0,0,0,0,0,2625,20,15
46922850,656,56,2,0,0,0,0,0,0,0,0,0,0,2625,18,15
46986155,657,56,2,0,0,0,0,0,0,0,0,0,0,2626,20,16
47049460,658,56,2,0,0,0,0,0,0,0,0,0,0,2626,20,16
47112764,659,56,2,0,0,0,0,0,0,0,0,0,0,2626,18,14
47176068,660,56,2,0,0,0,0,0,0,0,0,0,0,2625,19,14
47239374,661,56,2,0,0,0,0,0,0,0,0,0,0,2624,18,16
47302678,662,56,2,0,0,0,0,0,0,0,0,0,0,2624,19,16
47365984,663,56,2,0,0,0,0,0,0,0,0,0,0,2625,19,15
47429288,664,56,2,0,0,0,0,0,0,0,0,0,0,2623,17,16
47492592,665,56,2,0,0,0,0,0,0,0,0,0,0,2626,19,15
47555897,666,56,2,0,0,0,0,0,0,0,0,0,0,2626,18,13
47619201,667,56,2,0,0,0,0,0,0,0,0,0,0,2624,20,16
47682506,668,56,2,0,0,0,0,0,0,0,0,0,0,2626,18,15
47745810,669,56,2,0,0,0,0,0,0,0,0,0,0,2626,20,16
47809114,670,56,2,0,0,0,0,0,0,0,0,0,0,2624,18,13
47872418,671,56,2,0,0,0,0,0,0,0,0,0,0,2625,19,14
47935723,672,56,2,0,0,0,0,0,0,0,0,0,0,2625,20,14
47999027,673,56,2,0,0,0,0,0,0,0,0,0,0,2624,17,16
48062333,674,56,2,0,0,0,0,0,0,0,0,0,0,2625,19,15
48125638,675,56,2,0,0,0,0,0,0,0,0,0,0,2627,20,13
48188943,676,56,2,0,0,0,0,0,0,0,0,0,0,2625,18,15
48252246,677,56,2,0,0,0,0,0,0,0,0,0,0,2627,19,15
48315551,678,56,2,0,0,0,0,0,0,0,0,0,0,2627,17,14
48378856,679,56,2,0,0,0,0,0,0,0,0,0,0,2625,17,17
48442159,680,56,2,0,0,0,0,0,0,0,0,0,0,2625,19,15
48514643,681,56,2,0,0,0,0,0,0,0,0,0,0,2627,19,15
48577936,682,56,2,0,0,0,0,0,0,0,0,0,0,2625,18,16
48641241,683,56,2,0,0,0,0,0,0,0,0,0,0,2627,20,15
48704545,684,56,2,0,0,0,0,0,0,0,0,0,0,2625,18,16
48767849,685,56,2,0,0,0,0,0,0,0,0,0,0,2626,19,15
48831153,686,56,2,0,0,0,0,0,0,0,0,0,0,2625,18,14
48894458,687,56,2,0,0,0,0,0,0,0,0,0,0,2626,19,16
48957762,688,56,2,0,0,0,0,0,0,0,0,0,0,2625,19,15
49021066,689,56,2,0,0,0,0,0,0,0,0,0,0,2627,20,14
49084371,690,56,2,0,0,0,0,0,0,0,0,0,0,2625,18,14
49147675,691,56,2,0,0,0,0,0,0,0,0,0,0,2625,17,14
49210979,692,56,2,0,0,0,0,0,0,0,0,0,0,2626,18,15
49274283,693,56,2,0,0,0,0,0,0,0,0,0,0,2627,18,16
49337588,694,56,2,0,0,0,0,0,0,0,0,0,0,2626,18,15
49400893,695,56,2,0,0,0,0,0,0,0,0,0,0,2624,18,17
49464196,696,56,2,0,0,0,0,0,0,0,0,0,0,2624,19,16
49527500,697,56,2,0,0,0,0,0,0,0,0,0,0,2626,18,15
49590805,698,56,2,0,0,0,0,0,0,0,0,0,0,2624,17,15
49654108,699,56,2,0,0,0,0,0,0,0,0,0,0,2626,18,14
49717413,700,56,2,0,0,0,0,0,0,0,0,0,0,2624,18,16
49780717,701,56,2,0,0,0,0,0,0,0,0,0,0,2625,20,14
49844022,702,56,2,0,0,0,0,0,0,0,0,0,0,2627,20,14
49907327,703,56,2,0,0,0,0,0,0,0,0,0,0,2625,18,15
49970631,704,56,2,0,0,0,0,0,0,0,0,0,0,2624,19,15
50033935,705,56,2,0,0,0,0,0,0,0,0,0,0,2625,18,16
50097239,706,56,2,0,0,0,0,0,0,0,0,0,0,2625,20,15
50160544,707,56,2,0,0,0,0,0,0,0,0,0,0,2626,18,16
50223849,708,56,2,0,0,0,0,0,0,0,0,0,0,2625,18,14
50287153,709,56,2,0,0,0,0,0,0,0,0,0,0,2625,18,13
50350458,710,56,2,0,0,0,0,0,0,0,0,0,0,2627,19,15
50413762,711,56,2,0,0,0,0,0,0,0,0,0,0,2625,18,16
50477066,712,56,2,0,0,0,0,0,0,0,0,0,0,2625,18,15
50540370,713,56,2,0,0,0,0,0,0,0,0,0,0,2626,18,16
50603675,714,56,2,0,0,0,0,0,0,0,0,0,0,2626,19,14
50666979,715,56,2,0,0,0,0,0,0,0,0,0,0,2625,20,15
50730284,716,56,2,0,0,0,0,0,0,0,0,0,0,2626,20,15
50793589,717,56,2,0,0,0,0,0,0,0,0,0,0,2626,18,14
50856894,718,56,2,0,0,0,0,0,0,0,0,0,0,2626,20,16
50920198,719,56,2,0,0,0,0,0,0,0,0,0,0,2626,19,15
50983503,720,56,2,0,0,0,0,0,0,0,0,0,0,2624,19,15
51046807,721,56,2,0,0,0,0,0,0,0,0,0,0,2626,19,14
51110111,722,56,2,0,0,0,0,0,0,0,0,0,0,2627,16,15
51173416,723,56,2,0,0,0,0,0,0,0,0,0,0,2624,19,16
51236719,724,56,2,0,0,0,0,0,0,0,0,0,0,2625,18,16
51300025,725,56,2,0,0,0,0,0,0,0,0,0,0,2624,19,14
51363329,726,56,2,0,0,0,0,0,0,0,0,0,0,2624,19,15
51426632,727,56,2,0,0,0,0,0,0,0,0,0,0,2624,19,16
51489938,728,56,2,0,0,0,0,0,0,0,0,0,0,2625,19,16
51553243,729,56,2,0,0,0,0,0,0,0,0,0,0,2627,20,17
51616546,730,56,2,0,0,0,0,0,0,0,0,0,0,2624,18,14
51679852,731,56,2,0,0,0,0,0,0,0,0,0,0,2625,19,15
51743155,732,56,2,0,0,0,0,0,0,0,0,0,0,2623,18,14
51806459,733,56,2,0,0,0,0,0,0,0,0,0,0,2627,20,13
51869764,734,56,2,0,0,0,0,0,0,0,0,0,0,2624,19,13
51933068,735,56,2,0,0,0,0,0,0,0,0,0,0,2625,19,16
51996372,736,56,2,0,0,0,0,0,0,0,0,0,0,2626,16,15
52059676,737,56,2,0,0,0,0,0,0,0,0,0,0,2626,19,16
52122980,738,56,2,0,0,0,0,0,0,0,0,0,0,2625,18,15
52186285,739,56,2,0,0,0,0,0,0,0,0,0,0,2625,19,14
52249589,740,56,2,0,0,0,0,0,0,0,0,0,0,2625,19,16
52312894,741,56,2,0,0,0,0,0,0,0,0,0,0,2625,19,17
52376198,742,56,2,0,0,0,0,0,0,0,0,0,0,2626,18,14
52439504,743,56,2,0,0,0,0,0,0,0,0,0,0,2625,19,14
52502808,744,56,2,0,0,0,0,0,0,0,0,0,0,2627,20,13
52566113,745,56,2,0,0,0,0,0,0,0,0,0,0,2625,20,14
52629418,746,56,2,0,0,0,0,0,0,0,0,0,0,2625,17,16
52692722,747,56,2,0,0,0,0,0,0,0,0,0,0,2624,17,14
52756026,748,56,2,0,0,0,0,0,0,0,0,0,0,2625,19,13
52819330,749,56,2,0,0,0,0,0,0,0,0,0,0,2624,18,14
52882634,750,56,2,0,0,0,0,0,0,0,0,0,0,2626,20,15
52945939,751,56,2,0,0,0,0,0,0,0,0,0,0,2624,19,14
53009244,752,56,2,0,0,0,0,0,0,0,0,0,0,2625,19,16
53072547,753,56,2,0,0,0,0,0,0,0,0,0,0,2626,18,16
53135850,754,56,2,0,0,0,0,0,0,0,0,0,0,2625,18,15
53199155,755,56,2,0,0,0,0,0,0,0,0,0,0,2624,19,15
53262460,756,56,2,0,0,0,0,0,0,0,0,0,0,2626,20,16
53325764,757,56,2,0,0,0,0,0,0,0,0,0,0,2625,20,15
53389068,758,56,2,0,0,0,0,0,0,0,0,0,0,2624,18,15
53452374,759,56,2,0,0,0,0,0,0,0,0,0,0,2626,17,15
53515678,760,56,2,0,0,0,0,0,0,0,0,0,0,2626,19,15
53578983,761,56,2,0,0,0,0,0,0,0,0,0,0,2626,19,15
53642287,762,56,2,0,0,0,0,0,0,0,0,0,0,2626,18,14
53705591,763,56,2,0,0,0,0,0,0,0,0,0,0,2627,19,15
53768896,764,56,2,0,0,0,0,0,0,0,0,0,0,2627,19,13
53832200,765,56,2,0,0,0,0,0,0,0,0,0,0,2626,20,13
53904132,766,56,2,0,0,0,0,0,0,0,0,0,0,2624,19,14
53967425,767,56,2,0,0,0,0,0,0,0,0,0,0,2625,18,14
54030729,768,56,2,0,0,0,0,0,0,0,0,0,0,2625,17,14
54094033,769,56,2,0,0,0,0,0,0,0,0,0,0,2625,20,15
54157338,770,56,2,0,0,0,0,0,0,0,0,0,0,2625,18,15
54220642,771,56,2,0,0,0,0,0,0,0,0,0,0,2625,16,16
54283946,772,56,2,0,0,0,0,0,0,0,0,0,0,2626,18,16
54347250,773,56,2,0,0,0,0,0,0,0,0,0,0,2627,19,14
54410554,774,56,2,0,0,0,0,0,0,0,0,0,0,2626,17,16
54473858,775,56,2,0,0,0,0,0,0,0,0,0,0,2625,20,13
54537162,776,56,2,0,0,0,0,0,0,0,0,0,0,2626,19,14
54600467,777,56,2,0,0,0,0,0,0,0,0,0,0,2625,18,14
54663772,778,56,2,0,0,0,0,0,0,0,0,0,0,2624,19,14
54727075,779,56,2,0,0,0,0,0,0,0,0,0,0,2625,18,14
54790380,780,56,2,0,0,0,0,0,0,0,0,0,0,2626,20,16
54853684,781,56,2,0,0,0,0,0,0,0,0,0,0,2625,17,14
54916989,782,56,2,0,0,0,0,0,0,0,0,0,0,2627,20,15
54980294,783,56,2,0,0,0,0,0,0,0,0,0,0,2624,19,16
55043598,784,56,2,0,0,0,0,0,0,0,0,0,0,2627,20,15
55106903,785,56,2,0,0,0,0,0,0,0,0,0,0,2626,18,13
55170207,786,56,2,0,0,0,0,0,0,0,0,0,0,2626,19,15
55233513,787,56,2,0,0,0,0,0,0,0,0,0,0,2625,17,15
55296817,788,56,2,0,0,0,0,0,0,0,0,0,0,2624,18,14
55360121,789,56,2,0,0,0,0,0,0,0,0,0,0,2625,19,13
55423426,790,56,2,0,0,0,0,0,0,0,0,0,0,2625,20,15
55486731,791,56,2,0,0,0,0,0,0,0,0,0,0,2625,19,15
55550035,792,56,2,0,0,0,0,0,0,0,0,0,0,2626,18,16
55613339,793,56,2,0,0,0,0,0,0,0,0,0,0,2626,19,14
55676643,794,56,2,0,0,0,0,0,0,0,0,0,0,2625,19,16
55739947,795,56,2,0,0,0,0,0,0,0,0,0,0,2625,18,15
55803251,796,56,2,0,0,0,0,0,0,0,0,0,0,2625,18,15
55866555,797,56,2,0,0,0,0,0,0,0,0,0,0,2626,17,16
55929860,798,56,2,0,0,0,0,0,0,0,0,0,0,2625,18,13
55993163,799,56,2,0,0,0,0,0,0,0,0,0,0,2626,17,14
56056469,800,56,2,0,0,0,0,0,0,0,0,0,0,2626,18,16
56119773,801,56,2,0,0,0,0,0,0,0,0,0,0,2623,20,14
56183077,802,56,2,0,0,0,0,0,0,0,0,0,0,2626,18,14
56246382,803,56,2,0,0,0,0,0,0,0,0,0,0,2626,19,14
56309686,804,56,2,0,0,0,0,0,0,0,0,0,0,2625,19,16
56372990,805,56,2,0,0,0,0,0,0,0,0,0,0,2625,18,15
56436295,806,56,2,0,0,0,0,0,0,0,0,0,0,2625,18,14
56499599,807,56,2,0,0,0,0,0,0,0,0,0,0,2626,18,15
56562903,808,56,2,0,0,0,0,0,0,0,0,0,0,2624,19,14
56626207,809,56,2,0,0,0,0,0,0,0,0,0,0,2626,17,16
56689513,810,56,2,0,0,0,0,0,0,0,0,0,0,2626,19,15
56752817,811,56,2,0,0,0,0,0,0,0,0,0,0,2625,20,16
56816122,812,56,2,0,0,0,0,0,0,0,0,0,0,2625,19,15
56879426,813,56,2,0,0,0,0,0,0,0,0,0,0,2624,17,16
56942730,814,56,2,0,0,0,0,0,0,0,0,0,0,2625,19,15
57006034,815,56,2,0,0,0,0,0,0,0,0,0,0,2625,18,14
57069339,816,56,2,0,0,0,0,0,0,0,0,0,0,2626,18,14
57132644,817,56,2,0,0,0,0,0,0,0,0,0,0,2627,17,15
57195948,818,56,2,0,0,0,0,0,0,0,0,0,0,2626,18,15
57259252,819,56,2,0,0,0,0,0,0,0,0,0,0,2626,19,14
57322557,820,56,2,0,0,0,0,0,0,0,0,0,0,2625,19,15
57385861,821,56,2,0,0,0,0,0,0,0,0,0,0,2624,19,15
57449165,822,56,2,0,0,0,0,0,0,0,0,0,0,2625,18,16
57512469,823,56,2,0,0,0,0,0,0,0,0,0,0,2626,17,14
57575773,824,56,2,0,0,0,0,0,0,0,0,0,0,2624,18,15
57639077,825,56,2,0,0,0,0,0,0,0,0,0,0,2626,18,14
57702382,826,56,2,0,0,0,0,0,0,0,0,0,0,2626,18,15
57765686,827,56,2,0,0,0,0,0,0,0,0,0,0,2623,17,15
57828990,828,56,2,0,0,0,0,0,0,0,0,0,0,2625,17,15
57892295,829,56,2,0,0,0,0,0,0,0,0,0,0,2626,20,14
57955599,830,56,2,0,0,0,0,0,0,0,0,0,0,2626,19,15
58018903,831,56,2,0,0,0,0,0,0,0,0,0,0,2625,19,16
58082207,832,56,2,0,0,0,0,0,0,0,0,0,0,2625,18,13
58145513,833,56,2,0,0,0,0,0,0,0,0,0,0,2626,19,16
58208817,834,56,2,0,0,0,0,0,0,0,0,0,0,2624,19,15
58272121,835,56,2,0,0,0,0,0,0,0,0,0,0,2624,19,14
58335426,836,56,2,0,0,0,0,0,0,0,0,0,0,2625,19,15
58398730,837,56,2,0,0,0,0,0,0,0,0,0,0,2624,17,16
58462035,838,56,2,0,0,0,0,0,0,0,0,0,0,2625,18,16
58525340,839,56,2,0,0,0,0,0,0,0,0,0,0,2625,18,15
58588644,840,56,2,0,0,0,0,0,0,0,0,0,0,2626,19,14
58651948,841,56,2,0,0,0,0,0,0,0,0,0,0,2625,19,15
58715252,842,56,2,0,0,0,0,0,0,0,0,0,0,2626,20,14
58778557,843,56,2,0,0,0,0,0,0,0,0,0,0,2626,18,15
58841861,844,56,2,0,0,0,0,0,0,0,0,0,0,2626,19,15
58905165,845,56,2,0,0,0,0,0,0,0,0,0,0,2626,18,17
58968469,846,56,2,0,0,0,0,0,0,0,0,0,0,2625,19,15
59031773,847,56,2,0,0,0,0,0,0,0,0,0,0,2625,18,15
59095077,848,56,2,0,0,0,0,0,0,0,0,0,0,2625,19,14
59158382,849,56,2,0,0,0,0,0,0,0,0,0,0,2625,19,14
59221686,850,56,2,0,0,0,0,0,0,0,0,0,0,2625,19,16
59299404,851,56,2,0,0,0,0,0,0,0,0,0,0,2625,18,15
59362696,852,56,2,0,0,0,0,0,0,0,0,0,0,2626,19,13
59426001,853,56,2,0,0,0,0,0,0,0,0,0,0,2626,19,15
59489305,854,56,2,0,0,0,0,0,0,0,0,0,0,2626,19,14
59552609,855,56,2,0,0,0,0,0,0,0,0,0,0,2626,19,16
59615914,856,56,2,0,0,0,0,0,0,0,0,0,0,2624,18,16
59679217,857,56,2,0,0,0,0,0,0,0,0,0,0,2625,20,13
59742522,858,56,2,0,0,0,0,0,0,0,0,0,0,2626,20,14
59805827,859,56,2,0,0,0,0,0,0,0,0,0,0,2626,19,15
59869131,860,56,2,0,0,0,0,0,0,0,0,0,0,2626,19,14
59932436,861,56,2,0,0,0,0,0,0,0,0,0,0,2625,18,14
59995740,862,56,2,0,0,0,0,0,0,0,0,0,0,2626,18,14
60059045,863,56,2,0,0,0,0,0,0,0,0,0,0,2624,19,14
60122349,864,56,2,0,0,0,0,0,0,0,0,0,0,2626,19,16
60185653,865,56,2,0,0,0,0,0,0,0,0,0,0,2626,18,17
60248958,866,56,2,0,0,0,0,0,0,0,0,0,0,2625,17,14
60312263,867,56,2,0,0,0,0,0,0,0,0,0,0,2624,17,15
60375566,868,56,2,0,0,0,0,0,0,0,0,0,0,2625,19,15
60438871,869,56,2,0,0,0,0,0,0,0,0,0,0,2626,19,15
60502174,870,56,2,0,0,0,0,0,0,0,0,0,0,2626,18,16
60565479,871,56,2,0,0,0,0,0,0,0,0,0,0,2627,19,15
60628784,872,56,2,0,0,0,0,0,0,0,0,0,0,2626,18,15
60692089,873,56,2,0,0,0,0,0,0,0,0,0,0,2626,18,16
60755393,874,56,2,0,0,0,0,0,0,0,0,0,0,2624,18,13
60818696,875,56,2,0,0,0,0,0,0,0,0,0,0,2626,18,17
60882001,876,56,2,0,0,0,0,0,0,0,0,0,0,2625,18,15
60945305,877,56,2,0,0,0,0,0,0,0,0,0,0,2626,19,15
61008609,878,56,2,0,0,0,0,0,0,0,0,0,0,2626,19,16
61071914,879,56,2,0,0,0,0,0,0,0,0,0,0,2625,18,15
61135217,880,56,2,0,0,0,0,0,0,0,0,0,0,2625,20,15
61198522,881,56,2,0,0,0,0,0,0,0,0,0,0,2627,19,16
61261827,882,56,2,0,0,0,0,0,0,0,0,0,0,2626,18,14
61325131,883,56,2,0,0,0,0,0,0,0,0,0,0,2627,19,14
61388436,884,56,2,0,0,0,0,0,0,0,0,0,0,2626,18,15
61451740,885,56,2,0,0,0,0,0,0,0,0,0,0,2626,19,15
61515044,886,56,2,0,0,0,0,0,0,0,0,0,0,2626,18,14
61578349,887,56,2,0,0,0,0,0,0,0,0,0,0,2626,18,15
61641653,888,56,2,0,0,0,0,0,0,0,0,0,0,2626,19,15
61704958,889,56,2,0,0,0,0,0,0,0,0,0,0,2625,19,15
61768263,890,56,2,0,0,0,0,0,0,0,0,0,0,2624,19,15
61831566,891,56,2,0,0,0,0,0,0,0,0,0,0,2626,18,14
61894870,892,56,2,0,0,0,0,0,0,0,0,0,0,2625,19,16
61958174,893,56,2,0,0,0,0,0,0,0,0,0,0,2625,19,16
62021479,894,56,2,0,0,0,0,0,0,0,0,0,0,2625,19,14
62084784,895,56,2,0,0,0,0,0,0,0,0,0,0,2626,19,14
62148089,896,56,2,0,0,0,0,0,0,0,0,0,0,2626,19,15
62211393,897,56,2,0,0,0,0,0,0,0,0,0,0,2627,18,15
62274696,898,56,2,0,0,0,0,0,0,0,0,0,0,2624,20,17
62338001,899,56,2,0,0,0,0,0,0,0,0,0,0,2625,19,15
62401305,900,56,2,0,0,0,0,0,0,0,0,0,0,2626,19,16
62464609,901,56,2,0,0,0,0,0,0,0,0,0,0,2624,19,16
62527914,902,56,2,0,0,0,0,0,0,0,0,0,0,2624,18,14
62591217,903,56,2,0,0,0,0,0,0,0,0,0,0,2625,18,13
62654522,904,56,2,0,0,0,0,0,0,0,0,0,0,2625,19,15
62717827,905,56,2,0,0,0,0,0,0,0,0,0,0,2623,18,15
62781131,906,56,2,0,0,0,0,0,0,0,0,0,0,2626,18,15
62844436,907,56,2,0,0,0,0,0,0,0,0,0,0,2626,19,15
62907740,908,56,2,0,0,0,0,0,0,0,0,0,0,2626,18,16
62971044,909,56,2,0,0,0,0,0,0,0,0,0,0,2624,19,14
63034349,910,56,2,0,0,0,0,0,0,0,0,0,0,2625,17,16
63097653,911,56,2,0,0,0,0,0,0,0,0,0,0,2626,18,16
63160958,912,56,2,0,0,0,0,0,0,0,0,0,0,2625,17,16
63224263,913,56,2,0,0,0,0,0,0,0,0,0,0,2626,17,14
63287566,914,56,2,0,0,0,0,0,0,0,0,0,0,2625,19,15
63350871,915,56,2,0,0,0,0,0,0,0,0,0,0,2627,18,16
63414174,916,56,2,0,0,0,0,0,0,0,0,0,0,2627,19,15
63477478,917,56,2,0,0,0,0,0,0,0,0,0,0,2627,18,15
63540783,918,56,2,0,0,0,0,0,0,0,0,0,0,2622,19,15
63604087,919,56,2,0,0,0,0,0,0,0,0,0,0,2626,20,15
63667391,920,56,2,0,0,0,0,0,0,0,0,0,0,2625,18,15
63730695,921,56,2,0,0,0,0,0,0,0,0,0,0,2625,19,15
63794000,922,56,2,0,0,0,0,0,0,0,0,0,0,2625,17,15
63857305,923,56,2,0,0,0,0,0,0,0,0,0,0,2624,18,14
63920608,924,56,2,0,0,0,0,0,0,0,0,0,0,2627,18,13
63983913,925,56,2,0,0,0,0,0,0,0,0,0,0,2626,20,17
64047217,926,56,2,0,0,0,0,0,0,0,0,0,0,2624,20,16
64110521,927,56,2,0,0,0,0,0,0,0,0,0,0,2624,19,16
64173825,928,56,2,0,0,0,0,0,0,0,0,0,0,2625,20,13
64237129,929,56,2,0,0,0,0,0,0,0,0,0,0,2626,19,15
64300434,930,56,2,0,0,0,0,0,0,0,0,0,0,2625,18,15
64363738,931,56,2,0,0,0,0,0,0,0,0,0,0,2625,20,15
64427043,932,56,2,0,0,0,0,0,0,0,0,0,0,2624,18,14
64490347,933,56,2,0,0,0,0,0,0,0,0,0,0,2626,17,14
64553651,934,56,2,0,0,0,0,0,0,0,0,0,0,2626,18,15
64616954,935,56,2,0,0,0,0,0,0,0,0,0,0,2625,18,15
64688636,936,56,2,0,0,0,0,0,0,0,0,0,0,2624,19,15
64751928,937,56,2,0,0,0,0,0,0,0,0,0,0,2625,19,15
64815232,938,56,2,0,0,0,0,0,0,0,0,0,0,2626,19,16
64878536,939,56,2,0,0,0,0,0,0,0,0,0,0,2626,20,17
64941839,940,56,2,0,0,0,0,0,0,0,0,0,0,2626,19,14
65005144,941,56,2,0,0,0,0,0,0,0,0,0,0,2626,21,15
65068449,942,56,2,0,0,0,0,0,0,0,0,0,0,2626,18,14
65131753,943,56,2,0,0,0,0,0,0,0,0,0,0,2625,17,15
65195057,944,56,2,0,0,0,0,0,0,0,0,0,0,2624,18,15
65258361,945,56,2,0,0,0,0,0,0,0,0,0,0,2624,18,15
65321664,946,56,2,0,0,0,0,0,0,0,0,0,0,2626,17,16
65384969,947,56,2,0,0,0,0,0,0,0,0,0,0,2626,18,13
65448273,948,56,2,0,0,0,0,0,0,0,0,0,0,2625,18,14
65511578,949,56,2,0,0,0,0,0,0,0,0,0,0,2625,19,16
65574882,950,56,2,0,0,0,0,0,0,0,0,0,0,2624,18,16
65638187,951,56,2,0,0,0,0,0,0,0,0,0,0,2625,17,16
65701491,952,56,2,0,0,0,0,0,0,0,0,0,0,2627,18,14
65764795,953,56,2,0,0,0,0,0,0,0,0,0,0,2624,17,14
65828098,954,56,2,0,0,0,0,0,0,0,0,0,0,2624,19,15
65891403,955,56,2,0,0,0,0,0,0,0,0,0,0,2624,19,16
65954707,956,56,2,0,0,0,0,0,0,0,0,0,0,2627,20,15
66018012,957,56,2,0,0,0,0,0,0,0,0,0,0,2627,18,15
66081317,958,56,2,0,0,0,0,0,0,0,0,0,0,2625,17,14
66144621,959,56,2,0,0,0,0,0,0,0,0,0,0,2625,20,14
66207925,960,56,2,0,0,0,0,0,0,0,0,0,0,2625,19,15
66271229,961,56,2,0,0,0,0,0,0,0,0,0,0,2625,18,14
66334533,962,56,2,0,0,0,0,0,0,0,0,0,0,2625,20,15
66397838,963,56,2,0,0,0,0,0,0,0,0,0,0,2625,19,16
66461142,964,56,2,0,0,0,0,0,0,0,0,0,0,2626,18,15
66524447,965,56,2,0,0,0,0,0,0,0,0,0,0,2624,19,16
66587751,966,56,2,0,0,0,0,0,0,0,0,0,0,2626,17,15
66651055,967,56,2,0,0,0,0,0,0,0,0,0,0,2625,17,14
66714359,968,56,2,0,0,0,0,0,0,0,0,0,0,2624,19,14
66777663,969,56,2,0,0,0,0,0,0,0,0,0,0,2625,18,15
66840967,970,56,2,0,0,0,0,0,0,0,0,0,0,2626,18,15
66904271,971,56,2,0,0,0,0,0,0,0,0,0,0,2626,18,14
66967575,972,56,2,0,0,0,0,0,0,0,0,0,0,2625,18,15
67030880,973,56,2,0,0,0,0,0,0,0,0,0,0,2625,17,16
67094184,974,56,2,0,0,0,0,0,0,0,0,0,0,2625,18,15
67157489,975,56,2,0,0,0,0,0,0,0,0,0,0,2626,18,16
67220794,976,56,2,0,0,0,0,0,0,0,0,0,0,2625,18,15
67284099,977,56,2,0,0,0,0,0,0,0,0,0,0,2626,18,14
67347404,978,56,2,0,0,0,0,0,0,0,0,0,0,2627,19,14
67410707,979,56,2,0,0,0,0,0,0,0,0,0,0,2625,19,16
67474012,980,56,2,0,0,0,0,0,0,0,0,0,0,2625,18,15
67537317,981,56,2,0,0,0,0,0,0,0,0,0,0,2627,18,13
67600620,982,56,2,0,0,0,0,0,0,0,0,0,0,2624,18,15
67663924,983,56,2,0,0,0,0,0,0,0,0,0,0,2624,20,15
67727228,984,56,2,0,0,0,0,0,0,0,0,0,0,2625,19,16
67790532,985,56,2,0,0,0,0,0,0,0,0,0,0,2625,19,15
67853836,986,56,2,0,0,0,0,0,0,0,0,0,0,2625,19,15
67917141,987,56,2,0,0,0,0,0,0,0,0,0,0,2626,20,15
67980445,988,56,2,0,0,0,0,0,0,0,0,0,0,2624,18,15
68043749,989,56,2,0,0,0,0,0,0,0,0,0,0,2625,18,15
68107053,990,56,2,0,0,0,0,0,0,0,0,0,0,2626,17,15
68170359,991,56,2,0,0,0,0,0,0,0,0,0,0,2626,16,17
68233663,992,56,2,0,0,0,0,0,0,0,0,0,0,2626,19,13
68296968,993,56,2,0,0,0,0,0,0,0,0,0,0,2626,19,16
68360273,994,56,2,0,0,0,0,0,0,0,0,0,0,2624,19,15
68423578,995,56,2,0,0,0,0,0,0,0,0,0,0,2625,19,16
68486883,996,56,2,0,0,0,0,0,0,0,0,0,0,2626,20,16
68550187,997,56,2,0,0,0,0,0,0,0,0,0,0,2625,19,13
68613491,998,56,2,0,0,0,0,0,0,0,0,0,0,2625,19,16
68676795,999,56,2,0,0,0,0,0,0,0,0,0,0,2625,19,16
68740100,1000,56,2,0,0,0,0,0,0,0,0,0,0,2626,20,15
68803404,1001,56,2,0,0,0,0,0,0,0,0,0,0,2625,18,14
68866708,1002,56,2,0,0,0,0,0,0,0,0,0,0,2626,17,14
68930013,1003,56,2,0,0,0,0,0,0,0,0,0,0,2627,19,14
68993318,1004,56,2,0,0,0,0,0,0,0,0,0,0,2626,17,15
69056622,1005,56,2,0,0,0,0,0,0,0,0,0,0,2627,18,17
69119927,1006,56,2,0,0,0,0,0,0,0,0,0,0,2624,19,15
69183231,1007,56,2,0,0,0,0,0,0,0,0,0,0,2627,19,15
69246535,1008,56,2,0,0,0,0,0,0,0,0,0,0,2627,17,17
69309838,1009,56,2,0,0,0,0,0,0,0,0,0,0,2624,18,15
69373142,1010,56,2,0,0,0,0,0,0,0,0,0,0,2625,18,15
69436447,1011,56,2,0,0,0,0,0,0,0,0,0,0,2624,19,16
69499752,1012,56,2,0,0,0,0,0,0,0,0,0,0,2624,18,14
69563056,1013,56,2,0,0,0,0,0,0,0,0,0,0,2624,18,14
69626361,1014,56,2,0,0,0,0,0,0,0,0,0,0,2626,19,16
69689665,1015,56,2,0,0,0,0,0,0,0,0,0,0,2627,19,16
69752971,1016,56,2,0,0,0,0,0,0,0,0,0,0,2626,17,15
69816275,1017,56,2,0,0,0,0,0,0,0,0,0,0,2625,17,14
69879580,1018,56,2,0,0,0,0,0,0,0,0,0,0,2626,19,14
69942884,1019,56,2,0,0,0,0,0,0,0,0,0,0,2626,18,14
70006188,1020,56,2,0,0,0,0,0,0,0,0,0,0,2625,18,16
70077846,1021,56,2,0,0,0,0,0,0,0,0,0,0,2624,18,13
70141138,1022,56,2,0,0,0,0,0,0,0,0,0,0,2627,20,15
70204443,1023,56,2,0,0,0,0,0,0,0,0,0,0,2626,19,14
70267747,1024,56,2,0,0,0,0,0,0,0,0,0,0,2624,19,15
70331051,1025,56,2,0,0,0,0,0,0,0,0,0,0,2625,19,15
70394357,1026,56,2,0,0,0,0,0,0,0,0,0,0,2626,19,14
70457661,1027,56,2,0,0,0,0,0,0,0,0,0,0,2625,17,14
70520966,1028,56,2,0,0,0,0,0,0,0,0,0,0,2625,18,13
70584270,1029,56,2,0,0,0,0,0,0,0,0,0,0,2625,18,15
70647574,1030,56,2,0,0,0,0,0,0,0,0,0,0,2627,19,14
70710878,1031,56,2,0,0,0,0,0,0,0,0,0,0,2625,18,16
70774182,1032,56,2,0,0,0,0,0,0,0,0,0,0,2625,19,15
70837486,1033,56,2,0,0,0,0,0,0,0,0,0,0,2624,18,14
70900791,1034,56,2,0,0,0,0,0,0,0,0,0,0,2623,19,15
70964095,1035,56,2,0,0,0,0,0,0,0,0,0,0,2626,18,14
71027399,1036,56,2,0,0,0,0,0,0,0,0,0,0,2625,19,14
71090704,1037,56,2,0,0,0,0,0,0,0,0,0,0,2626,19,16
71154009,1038,56,2,0,0,0,0,0,0,0,0,0,0,2626,18,15
71217313,1039,56,2,0,0,0,0,0,0,0,0,0,0,2626,18,15
71280617,1040,56,2,0,0,0,0,0,0,0,0,0,0,2625,18,15
71343922,1041,56,2,0,0,0,0,0,0,0,0,0,0,2627,17,14
71407226,1042,56,2,0,0,0,0,0,0,0,0,0,0,2625,18,16
71470530,1043,56,2,0,0,0,0,0,0,0,0,0,0,2626,19,14
71533835,1044,56,2,0,0,0,0,0,0,0,0,0,0,2626,17,16
71597139,1045,56,2,0,0,0,0,0,0,0,0,0,0,2625,17,16
71660443,1046,56,2,0,0,0,0,0,0,0,0,0,0,2622,19,15
71723747,1047,56,2,0,0,0,0,0,0,0,0,0,0,2626,17,16
71787052,1048,56,2,0,0,0,0,0,0,0,0,0,0,2626,19,13
71850356,1049,56,2,0,0,0,0,0,0,0,0,0,0,2625,18,16
71913660,1050,56,2,0,0,0,0,0,0,0,0,0,0,2627,17,14
71976965,1051,56,2,0,0,0,0,0,0,0,0,0,0,2624,17,15
72040270,1052,56,2,0,0,0,0,0,0,0,0,0,0,2626,18,15
72103574,1053,56,2,0,0,0,0,0,0,0,0,0,0,2625,19,17
72166878,1054,56,2,0,0,0,0,0,0,0,0,0,0,2626,18,15
72230183,1055,56,2,0,0,0,0,0,0,0,0,0,0,2626,20,15
72293487,1056,56,2,0,0,0,0,0,0,0,0,0,0,2627,17,15
72356792,1057,56,2,0,0,0,0,0,0,0,0,0,0,2625,17,14
72420096,1058,56,2,0,0,0,0,0,0,0,0,0,0,2626,18,17
72483401,1059,56,2,0,0,0,0,0,0,0,0,0,0,2623,19,14
72546705,1060,56,2,0,0,0,0,0,0,0,0,0,0,2627,18,14
72610010,1061,56,2,0,0,0,0,0,0,0,0,0,0,2625,17,14
72673313,1062,56,2,0,0,0,0,0,0,0,0,0,0,2624,19,14
72736617,1063,56,2,0,0,0,0,0,0,0,0,0,0,2626,18,15
72799922,1064,56,2,0,0,0,0,0,0,0,0,0,0,2624,18,14
72863226,1065,56,2,0,0,0,0,0,0,0,0,0,0,2625,18,14
72926530,1066,56,2,0,0,0,0,0,0,0,0,0,0,2626,19,16
72989835,1067,56,2,0,0,0,0,0,0,0,0,0,0,2625,17,15
73053139,1068,56,2,0,0,0,0,0,0,0,0,0,0,2625,19,14
73116443,1069,56,2,0,0,0,0,0,0,0,0,0,0,2625,19,15
73179747,1070,56,2,0,0,0,0,0,0,0,0,0,0,2626,17,15
73243052,1071,56,2,0,0,0,0,0,0,0,0,0,0,2625,18,14
73306357,1072,56,2,0,0,0,0,0,0,0,0,0,0,2627,19,14
73369661,1073,56,2,0,0,0,0,0,0,0,0,0,0,2626,18,16
73432966,1074,56,2,0,0,0,0,0,0,0,0,0,0,2625,18,15
73496270,1075,56,2,0,0,0,0,0,0,0,0,0,0,2625,19,14
73559574,1076,56,2,0,0,0,0,0,0,0,0,0,0,2625,19,16
73622878,1077,56,2,0,0,0,0,0,0,0,0,0,0,2624,19,15
73686182,1078,56,2,0,0,0,0,0,0,0,0,0,0,2624,17,14
73749486,1079,56,2,0,0,0,0,0,0,0,0,0,0,2626,17,14
73812791,1080,56,2,0,0,0,0,0,0,0,0,0,0,2627,19,15
73876095,1081,56,2,0,0,0,0,0,0,0,0,0,0,2627,21,15
73939399,1082,56,2,0,0,0,0,0,0,0,0,0,0,2626,18,12
74002704,1083,56,2,0,0,0,0,0,0,0,0,0,0,2625,18,15
74066009,1084,56,2,0,0,0,0,0,0,0,0,0,0,2624,20,17
74129313,1085,56,2,0,0,0,0,0,0,0,0,0,0,2624,19,15
74192617,1086,56,2,0,0,0,0,0,0,0,0,0,0,2626,16,15
74255922,1087,56,2,0,0,0,0,0,0,0,0,0,0,2623,20,16
74319226,1088,56,2,0,0,0,0,0,0,0,0,0,0,2625,18,14
74382530,1089,56,2,0,0,0,0,0,0,0,0,0,0,2626,18,15
74445835,1090,56,2,0,0,0,0,0,0,0,0,0,0,2624,18,16
74509139,1091,56,2,0,0,0,0,0,0,0,0,0,0,2628,18,15
74572443,1092,56,2,0,0,0,0,0,0,0,0,0,0,2625,17,15
74635747,1093,56,2,0,0,0,0,0,0,0,0,0,0,2627,18,15
74699052,1094,56,2,0,0,0,0,0,0,0,0,0,0,2627,19,15
74762356,1095,56,2,0,0,0,0,0,0,0,0,0,0,2625,18,17
74825660,1096,56,2,0,0,0,0,0,0,0,0,0,0,2626,19,13
74888965,1097,56,2,0,0,0,0,0,0,0,0,0,0,2626,17,14
74952269,1098,56,2,0,0,0,0,0,0,0,0,0,0,2624,18,13
75015573,1099,56,2,0,0,0,0,0,0,0,0,0,0,2625,19,16
75078878,1100,56,2,0,0,0,0,0,0,0,0,0,0,2624,18,14
75142182,1101,56,2,0,0,0,0,0,0,0,0,0,0,2626,19,14
75205487,1102,56,2,0,0,0,0,0,0,0,0,0,0,2627,18,14
75268791,1103,56,2,0,0,0,0,0,0,0,0,0,0,2625,19,15
75332096,1104,56,2,0,0,0,0,0,0,0,0,0,0,2625,20,15
75395401,1105,56,2,0,0,0,0,0,0,0,0,0,0,2625,19,16
75467580,1106,56,2,0,0,0,0,0,0,0,0,0,0,2627,20,15
75530872,1107,56,2,0,0,0,0,0,0,0,0,0,0,2626,17,15
75594176,1108,56,2,0,0,0,0,0,0,0,0,0,0,2625,19,14
75657480,1109,56,2,0,0,0,0,0,0,0,0,0,0,2625,19,15
75720785,1110,56,2,0,0,0,0,0,0,0,0,0,0,2624,18,15
75784089,1111,56,2,0,0,0,0,0,0,0,0,0,0,2626,19,15
75847394,1112,56,2,0,0,0,0,0,0,0,0,0,0,2625,19,15
75910698,1113,56,2,0,0,0,0,0,0,0,0,0,0,2625,18,13
75974002,1114,56,2,0,0,0,0,0,0,0,0,0,0,2625,19,14
76037307,1115,56,2,0,0,0,0,0,0,0,0,0,0,2625,19,15
76100611,1116,56,2,0,0,0,0,0,0,0,0,0,0,2627,19,15
76163915,1117,56,2,0,0,0,0,0,0,0,0,0,0,2623,18,14
76227218,1118,56,2,0,0,0,0,0,0,0,0,0,0,2626,19,14
76290523,1119,56,2,0,0,0,0,0,0,0,0,0,0,2626,17,15
76353828,1120,56,2,0,0,0,0,0,0,0,0,0,0,2626,19,14
76417131,1121,56,2,0,0,0,0,0,0,0,0,0,0,2627,20,15
76480436,1122,56,2,0,0,0,0,0,0,0,0,0,0,2625,19,15
76543740,1123,56,2,0,0,0,0,0,0,0,0,0,0,2625,17,15
76607044,1124,56,2,0,0,0,0,0,0,0,0,0,0,2625,18,15
76670349,1125,56,2,0,0,0,0,0,0,0,0,0,0,2626,19,15
76733653,1126,56,2,0,0,0,0,0,0,0,0,0,0,2626,18,14
76796958,1127,56,2,0,0,0,0,0,0,0,0,0,0,2626,17,15
76860263,1128,56,2,0,0,0,0,0,0,0,0,0,0,2625,18,15
76923566,1129,56,2,0,0,0,0,0,0,0,0,0,0,2625,19,14
76986871,1130,56,2,0,0,0,0,0,0,0,0,0,0,2625,18,15
77050174,1131,56,2,0,0,0,0,0,0,0,0,0,0,2626,19,13
77113478,1132,56,2,0,0,0,0,0,0,0,0,0,0,2625,17,15
77176782,1133,56,2,0,0,0,0,0,0,0,0,0,0,2626,20,15
77240086,1134,56,2,0,0,0,0,0,0,0,0,0,0,2624,20,15
77303391,1135,56,2,0,0,0,0,0,0,0,0,0,0,2625,19,15
77366695,1136,56,2,0,0,0,0,0,0,0,0,0,0,2626,20,15
77430000,1137,56,2,0,0,0,0,0,0,0,0,0,0,2626,18,15
77493305,1138,56,2,0,0,0,0,0,0,0,0,0,0,2625,18,16
77556608,1139,56,2,0,0,0,0,0,0,0,0,0,0,2627,19,15
77619913,1140,56,2,0,0,0,0,0,0,0,0,0,0,2624,17,15
77683217,1141,56,2,0,0,0,0,0,0,0,0,0,0,2625,18,16
77746522,1142,56,2,0,0,0,0,0,0,0,0,0,0,2625,18,16
77809827,1143,56,2,0,0,0,0,0,0,0,0,0,0,2626,18,15
77873130,1144,56,2,0,0,0,0,0,0,0,0,0,0,2626,19,14
77936435,1145,56,2,0,0,0,0,0,0,0,0,0,0,2626,19,15
77999740,1146,56,2,0,0,0,0,0,0,0,0,0,0,2626,20,15
78063044,1147,56,2,0,0,0,0,0,0,0,0,0,0,2625,17,14
78126349,1148,56,2,0,0,0,0,0,0,0,0,0,0,2625,17,16
78189653,1149,56,2,0,0,0,0,0,0,0,0,0,0,2626,17,16
78252958,1150,56,2,0,0,0,0,0,0,0,0,0,0,2625,17,16
78316263,1151,56,2,0,0,0,0,0,0,0,0,0,0,2625,18,15
78379566,1152,56,2,0,0,0,0,0,0,0,0,0,0,2626,19,13
78442871,1153,56,2,0,0,0,0,0,0,0,0,0,0,2626,18,14
78506175,1154,56,2,0,0,0,0,0,0,0,0,0,0,2625,17,14
78569479,1155,56,2,0,0,0,0,0,0,0,0,0,0,2627,17,16
78632783,1156,56,2,0,0,0,0,0,0,0,0,0,0,2624,18,15
78696087,1157,56,2,0,0,0,0,0,0,0,0,0,0,2624,18,16
78759391,1158,56,2,0,0,0,0,0,0,0,0,0,0,2623,19,15
78822695,1159,56,2,0,0,0,0,0,0,0,0,0,0,2626,18,15
78886000,1160,56,2,0,0,0,0,0,0,0,0,0,0,2624,20,15
78949304,1161,56,2,0,0,0,0,0,0,0,0,0,0,2624,17,15
79012608,1162,56,2,0,0,0,0,0,0,0,0,0,0,2624,19,16
79075912,1163,56,2,0,0,0,0,0,0,0,0,0,0,2626,20,15
79139216,1164,56,2,0,0,0,0,0,0,0,0,0,0,2625,18,16
79202521,1165,56,2,0,0,0,0,0,0,0,0,0,0,2626,18,16
79265825,1166,56,2,0,0,0,0,0,0,0,0,0,0,2626,18,15
79329129,1167,56,2,0,0,0,0,0,0,0,0,0,0,2627,19,15
79392434,1168,56,2,0,0,0,0,0,0,0,0,0,0,2626,17,14
79455738,1169,56,2,0,0,0,0,0,0,0,0,0,0,2627,18,14
79519042,1170,56,2,0,0,0,0,0,0,0,0,0,0,2626,19,14
79582346,1171,56,2,0,0,0,0,0,0,0,0,0,0,2627,17,16
79645651,1172,56,2,0,0,0,0,0,0,0,0,0,0,2624,19,16
79708955,1173,56,2,0,0,0,0,0,0,0,0,0,0,2623,19,15
79772259,1174,56,2,0,0,0,0,0,0,0,0,0,0,2626,17,14
79835563,1175,56,2,0,0,0,0,0,0,0,0,0,0,2626,19,15
79898866,1176,56,2,0,0,0,0,0,0,0,0,0,0,2626,18,15
79962169,1177,56,2,0,0,0,0,0,0,0,0,0,0,2625,19,15
80025474,1178,56,2,0,0,0,0,0,0,0,0,0,0,2626,18,14
80088779,1179,56,2,0,0,0,0,0,0,0,0,0,0,2623,20,15
80152082,1180,56,2,0,0,0,0,0,0,0,0,0,0,2627,19,15
80215388,1181,56,2,0,0,0,0,0,0,0,0,0,0,2625,18,16
80278693,1182,56,2,0,0,0,0,0,0,0,0,0,0,2626,17,14
80341997,1183,56,2,0,0,0,0,0,0,0,0,0,0,2626,18,13
80405301,1184,56,2,0,0,0,0,0,0,0,0,0,0,2625,18,15
80468606,1185,56,2,0,0,0,0,0,0,0,0,0,0,2625,17,15
80531910,1186,56,2,0,0,0,0,0,0,0,0,0,0,2625,20,15
80595215,1187,56,2,0,0,0,0,0,0,0,0,0,0,2625,17,14
80658519,1188,56,2,0,0,0,0,0,0,0,0,0,0,2626,20,14
80721824,1189,56,2,0,0,0,0,0,0,0,0,0,0,2626,17,14
80785128,1190,56,2,0,0,0,0,0,0,0,0,0,0,2626,19,17
80859830,1191,56,2,0,0,0,0,0,0,0,0,0,0,2626,19,14
80923122,1192,56,2,0,0,0,0,0,0,0,0,0,0,2626,18,14
80986427,1193,56,2,0,0,0,0,0,0,0,0,0,0,2626,18,17
81049731,1194,56,2,0,0,0,0,0,0,0,0,0,0,2624,19,15
81113035,1195,56,2,0,0,0,0,0,0,0,0,0,0,2625,18,17
81176339,1196,56,2,0,0,0,0,0,0,0,0,0,0,2627,18,16
81239643,1197,56,2,0,0,0,0,0,0,0,0,0,0,2625,18,16
81302947,1198,56,2,0,0,0,0,0,0,0,0,0,0,2624,18,15
81366251,1199,56,2,0,0,0,0,0,0,0,0,0,0,2625,18,15
81429555,1200,56,2,0,0,0,0,0,0,0,0,0,0,2625,19,17
81492860,1201,56,2,0,0,0,0,0,0,0,0,0,0,2624,17,15
81556163,1202,56,2,0,0,0,0,0,0,0,0,0,0,2625,19,15
81619467,1203,56,2,0,0,0,0,0,0,0,0,0,0,2625,19,16
81682771,1204,56,2,0,0,0,0,0,0,0,0,0,0,2625,18,14
81746075,1205,56,2,0,0,0,0,0,0,0,0,0,0,2625,18,14
81809379,1206,56,2,0,0,0,0,0,0,0,0,0,0,2625,17,14
81872683,1207,56,2,0,0,0,0,0,0,0,0,0,0,2626,18,14
81935987,1208,56,2,0,0,0,0,0,0,0,0,0,0,2625,18,15
81999292,1209,56,2,0,0,0,0,0,0,0,0,0,0,2626,20,13
82062596,1210,56,2,0,0,0,0,0,0,0,0,0,0,2625,19,15
82125901,1211,56,2,0,0,0,0,0,0,0,0,0,0,2625,17,15
82189205,1212,56,2,0,0,0,0,0,0,0,0,0,0,2623,18,15
82252509,1213,56,2,0,0,0,0,0,0,0,0,0,0,2625,19,15
82315814,1214,56,2,0,0,0,0,0,0,0,0,0,0,2627,20,15
82379118,1215,56,2,0,0,0,0,0,0,0,0,0,0,2625,19,14
82442422,1216,56,2,0,0,0,0,0,0,0,0,0,0,2626,17,15
82505726,1217,56,2,0,0,0,0,0,0,0,0,0,0,2624,17,14
82569031,1218,56,2,0,0,0,0,0,0,0,0,0,0,2626,19,12
82632335,1219,56,2,0,0,0,0,0,0,0,0,0,0,2624,18,14
82695639,1220,56,2,0,0,0,0,0,0,0,0,0,0,2627,18,17
82758944,1221,56,2,0,0,0,0,0,0,0,0,0,0,2626,20,15
82822248,1222,56,2,0,0,0,0,0,0,0,0,0,0,2626,18,15
82885552,1223,56,2,0,0,0,0,0,0,0,0,0,0,2625,18,15
82948857,1224,56,2,0,0,0,0,0,0,0,0,0,0,2624,18,17
83012161,1225,56,2,0,0,0,0,0,0,0,0,0,0,2625,18,14
83075465,1226,56,2,0,0,0,0,0,0,0,0,0,0,2624,18,17
83138769,1227,56,2,0,0,0,0,0,0,0,0,0,0,2625,20,14
83202073,1228,56,2,0,0,0,0,0,0,0,0,0,0,2625,19,15
83265379,1229,56,2,0,0,0,0,0,0,0,0,0,0,2626,17,16
83328682,1230,56,2,0,0,0,0,0,0,0,0,0,0,2625,17,15
83391987,1231,56,2,0,0,0,0,0,0,0,0,0,0,2626,19,14
83455292,1232,56,2,0,0,0,0,0,0,0,0,0,0,2626,18,14
83518596,1233,56,2,0,0,0,0,0,0,0,0,0,0,2625,20,15
83581901,1234,56,2,0,0,0,0,0,0,0,0,0,0,2625,18,15
83645205,1235,56,2,0,0,0,0,0,0,0,0,0,0,2624,18,14
83708509,1236,56,2,0,0,0,0,0,0,0,0,0,0,2625,17,14
83771814,1237,56,2,0,0,0,0,0,0,0,0,0,0,2623,19,15
83835118,1238,56,2,0,0,0,0,0,0,0,0,0,0,2625,18,15
83898422,1239,56,2,0,0,0,0,0,0,0,0,0,0,2624,19,14
83961726,1240,56,2,0,0,0,0,0,0,0,0,0,0,2626,19,15
84025031,1241,56,2,0,0,0,0,0,0,0,0,0,0,2625,18,14
84088335,1242,56,2,0,0,0,0,0,0,0,0,0,0,2624,17,14
84151639,1243,56,2,0,0,0,0,0,0,0,0,0,0,2626,20,15
84214943,1244,56,2,0,0,0,0,0,0,0,0,0,0,2625,19,16
84278247,1245,56,2,0,0,0,0,0,0,0,0,0,0,2626,20,16
84341550,1246,56,2,0,0,0,0,0,0,0,0,0,0,2625,18,16
84404855,1247,56,2,0,0,0,0,0,0,0,0,0,0,2626,19,14
84468159,1248,56,2,0,0,0,0,0,0,0,0,0,0,2624,17,16
84531463,1249,56,2,0,0,0,0,0,0,0,0,0,0,2627,18,16
84594767,1250,56,2,0,0,0,0,0,0,0,0,0,0,2625,18,14
84658070,1251,56,2,0,0,0,0,0,0,0,0,0,0,2624,20,15
84721375,1252,56,2,0,0,0,0,0,0,0,0,0,0,2625,18,13
84784678,1253,56,2,0,0,0,0,0,0,0,0,0,0,2626,18,15
84847984,1254,56,2,0,0,0,0,0,0,0,0,0,0,2624,19,14
84911288,1255,56,2,0,0,0,0,0,0,0,0,0,0,2625,18,16
84974592,1256,56,2,0,0,0,0,0,0,0,0,0,0,2625,19,14
85037897,1257,56,2,0,0,0,0,0,0,0,0,0,0,2624,18,15
85101201,1258,56,2,0,0,0,0,0,0,0,0,0,0,2625,20,16
85164506,1259,56,2,0,0,0,0,0,0,0,0,0,0,2624,17,14
85227810,1260,56,2,0,0,0,0,0,0,0,0,0,0,2625,19,14
85291114,1261,56,2,0,0,0,0,0,0,0,0,0,0,2625,19,16
85354419,1262,56,2,0,0,0,0,0,0,0,0,0,0,2625,19,15
85417723,1263,56,2,0,0,0,0,0,0,0,0,0,0,2626,17,15
85481027,1264,56,2,0,0,0,0,0,0,0,0,0,0,2625,19,14
85544332,1265,56,2,0,0,0,0,0,0,0,0,0,0,2625,18,15
85607637,1266,56,2,0,0,0,0,0,0,0,0,0,0,2625,19,15
85670942,1267,56,2,0,0,0,0,0,0,0,0,0,0,2627,18,16
85734246,1268,56,2,0,0,0,0,0,0,0,0,0,0,2626,20,15
85797551,1269,56,2,0,0,0,0,0,0,0,0,0,0,2627,18,14
85860856,1270,56,2,0,0,0,0,0,0,0,0,0,0,2626,17,16
85924159,1271,56,2,0,0,0,0,0,0,0,0,0,0,2626,16,16
85987464,1272,56,2,0,0,0,0,0,0,0,0,0,0,2625,19,14
86050768,1273,56,2,0,0,0,0,0,0,0,0,0,0,2623,18,14
86114073,1274,56,2,0,0,0,0,0,0,0,0,0,0,2625,18,14
86177377,1275,56,2,0,0,0,0,0,0,0,0,0,0,2625,16,16
86245797,1276,56,2,0,0,0,0,0,0,0,0,0,0,2624,19,15
86309089,1277,56,2,0,0,0,0,0,0,0,0,0,0,2625,20,15
86372394,1278,56,2,0,0,0,0,0,0,0,0,0,0,2626,19,14
86435699,1279,56,2,0,0,0,0,0,0,0,0,0,0,2625,18,14
86499004,1280,56,2,0,0,0,0,0,0,0,0,0,0,2625,18,16
86562308,1281,56,2,0,0,0,0,0,0,0,0,0,0,2625,19,15
86625612,1282,56,2,0,0,0,0,0,0,0,0,0,0,2625,19,15
86688916,1283,56,2,0,0,0,0,0,0,0,0,0,0,2625,20,14
86752219,1284,56,2,0,0,0,0,0,0,0,0,0,0,2625,17,15
86815523,1285,56,2,0,0,0,0,0,0,0,0,0,0,2625,17,16
86878828,1286,56,2,0,0,0,0,0,0,0,0,0,0,2625,17,15
86942132,1287,56,2,0,0,0,0,0,0,0,0,0,0,2624,19,16
87005436,1288,56,2,0,0,0,0,0,0,0,0,0,0,2626,18,14
87068740,1289,56,2,0,0,0,0,0,0,0,0,0,0,2626,19,13
87132044,1290,56,2,0,0,0,0,0,0,0,0,0,0,2625,18,15
87195349,1291,56,2,0,0,0,0,0,0,0,0,0,0,2626,18,16
87258653,1292,56,2,0,0,0,0,0,0,0,0,0,0,2625,19,15
87321958,1293,56,2,0,0,0,0,0,0,0,0,0,0,2626,17,16
87385263,1294,56,2,0,0,0,0,0,0,0,0,0,0,2625,18,16
87448566,1295,56,2,0,0,0,0,0,0,0,0,0,0,2626,19,15
87511871,1296,56,2,0,0,0,0,0,0,0,0,0,0,2625,19,15
87575174,1297,56,2,0,0,0,0,0,0,0,0,0,0,2626,19,14
87638478,1298,56,2,0,0,0,0,0,0,0,0,0,0,2625,18,16
87701783,1299,56,2,0,0,0,0,0,0,0,0,0,0,2624,17,16
87765087,1300,56,2,0,0,0,0,0,0,0,0,0,0,2624,19,15
87828391,1301,56,2,0,0,0,0,0,0,0,0,0,0,2625,18,15
87891695,1302,56,2,0,0,0,0,0,0,0,0,0,0,2625,18,15
87954999,1303,56,2,0,0,0,0,0,0,0,0,0,0,2625,19,16
88018303,1304,56,2,0,0,0,0,0,0,0,0,0,0,2624,18,14
88081606,1305,56,2,0,0,0,0,0,0,0,0,0,0,2626,19,14
88144910,1306,56,2,0,0,0,0,0,0,0,0,0,0,2626,20,14
88208215,1307,56,2,0,0,0,0,0,0,0,0,0,0,2625,19,14
88271519,1308,56,2,0,0,0,0,0,0,0,0,0,0,2628,18,16
88334824,1309,56,2,0,0,0,0,0,0,0,0,0,0,2626,19,15
88398128,1310,56,2,0,0,0,0,0,0,0,0,0,0,2624,20,15
88461432,1311,56,2,0,0,0,0,0,0,0,0,0,0,2627,18,16
88524735,1312,56,2,0,0,0,0,0,0,0,0,0,0,2624,18,14
88588040,1313,56,2,0,0,0,0,0,0,0,0,0,0,2624,19,16
88651345,1314,56,2,0,0,0,0,0,0,0,0,0,0,2625,20,14
88714650,1315,56,2,0,0,0,0,0,0,0,0,0,0,2624,19,14
88777955,1316,56,2,0,0,0,0,0,0,0,0,0,0,2626,18,13
88841259,1317,56,2,0,0,0,0,0,0,0,0,0,0,2625,18,14
88904563,1318,56,2,0,0,0,0,0,0,0,0,0,0,2627,19,15
88967866,1319,56,2,0,0,0,0,0,0,0,0,0,0,2627,19,14
89031169,1320,56,2,0,0,0,0,0,0,0,0,0,0,2625,18,15
89094474,1321,56,2,0,0,0,0,0,0,0,0,0,0,2625,19,16
89157779,1322,56,2,0,0,0,0,0,0,0,0,0,0,2624,19,15
89221083,1323,56,2,0,0,0,0,0,0,0,0,0,0,2626,18,15
89284388,1324,56,2,0,0,0,0,0,0,0,0,0,0,2626,18,18
89347691,1325,56,2,0,0,0,0,0,0,0,0,0,0,2626,20,16
89410997,1326,56,2,0,0,0,0,0,0,0,0,0,0,2625,18,15
89474301,1327,56,2,0,0,0,0,0,0,0,0,0,0,2625,19,15
89537606,1328,56,2,0,0,0,0,0,0,0,0,0,0,2625,19,15
89600910,1329,56,2,0,0,0,0,0,0,0,0,0,0,2625,18,16
89664215,1330,56,2,0,0,0,0,0,0,0,0,0,0,2624,17,15
89727520,1331,56,2,0,0,0,0,0,0,0,0,0,0,2624,19,16
89790824,1332,56,2,0,0,0,0,0,0,0,0,0,0,2626,18,14
89854128,1333,56,2,0,0,0,0,0,0,0,0,0,0,2624,19,15
89917432,1334,56,2,0,0,0,0,0,0,0,0,0,0,2625,16,16
89980735,1335,56,2,0,0,0,0,0,0,0,0,0,0,2624,18,16
90044040,1336,56,2,0,0,0,0,0,0,0,0,0,0,2625,20,15
90107345,1337,56,2,0,0,0,0,0,0,0,0,0,0,2624,19,14
90170650,1338,56,2,0,0,0,0,0,0,0,0,0,0,2624,20,14
90233955,1339,56,2,0,0,0,0,0,0,0,0,0,0,2625,17,15
90297259,1340,56,2,0,0,0,0,0,0,0,0,0,0,2625,19,16
90360563,1341,56,2,0,0,0,0,0,0,0,0,0,0,2625,19,16
90423866,1342,56,2,0,0,0,0,0,0,0,0,0,0,2625,20,16
90487169,1343,56,2,0,0,0,0,0,0,0,0,0,0,2625,20,15
90550474,1344,56,2,0,0,0,0,0,0,0,0,0,0,2626,19,15
90613779,1345,56,2,0,0,0,0,0,0,0,0,0,0,2625,19,15
90677082,1346,56,2,0,0,0,0,0,0,0,0,0,0,2626,17,14
90740388,1347,56,2,0,0,0,0,0,0,0,0,0,0,2626,17,16
90803692,1348,56,2,0,0,0,0,0,0,0,0,0,0,2625,18,16
90866995,1349,56,2,0,0,0,0,0,0,0,0,0,0,2625,17,15
90930300,1350,56,2,0,0,0,0,0,0,0,0,0,0,2624,18,15
90993604,1351,56,2,0,0,0,0,0,0,0,0,0,0,2625,19,14
91056908,1352,56,2,0,0,0,0,0,0,0,0,0,0,2624,17,17
91120213,1353,56,2,0,0,0,0,0,0,0,0,0,0,2626,18,15
91183517,1354,56,2,0,0,0,0,0,0,0,0,0,0,2626,17,16
91246821,1355,56,2,0,0,0,0,0,0,0,0,0,0,2625,18,14
91310125,1356,56,2,0,0,0,0,0,0,0,0,0,0,2626,19,13
91373431,1357,56,2,0,0,0,0,0,0,0,0,0,0,2625,17,16
91436735,1358,56,2,0,0,0,0,0,0,0,0,0,0,2623,19,15
91500040,1359,56,2,0,0,0,0,0,0,0,0,0,0,2627,19,15
91563345,1360,56,2,0,0,0,0,0,0,0,0,0,0,2624,20,15
91631276,1361,56,2,0,0,0,0,0,0,0,0,0,0,2626,20,15
91694568,1362,56,2,0,0,0,0,0,0,0,0,0,0,2626,17,15
91757873,1363,56,2,0,0,0,0,0,0,0,0,0,0,2625,18,15
91821177,1364,56,2,0,0,0,0,0,0,0,0,0,0,2625,17,13
91884481,1365,56,2,0,0,0,0,0,0,0,0,0,0,2625,17,16
91947786,1366,56,2,0,0,0,0,0,0,0,0,0,0,2624,19,15
92011089,1367,56,2,0,0,0,0,0,0,0,0,0,0,2625,18,15
92074394,1368,56,2,0,0,0,0,0,0,0,0,0,0,2624,18,14
92137698,1369,56,2,0,0,0,0,0,0,0,0,0,0,2627,17,14
92201002,1370,56,2,0,0,0,0,0,0,0,0,0,0,2624,20,14
92264307,1371,56,2,0,0,0,0,0,0,0,0,0,0,2626,19,15
92327611,1372,56,2,0,0,0,0,0,0,0,0,0,0,2625,19,15
92390915,1373,56,2,0,0,0,0,0,0,0,0,0,0,2624,19,13
92454218,1374,56,2,0,0,0,0,0,0,0,0,0,0,2625,19,14
92517523,1375,56,2,0,0,0,0,0,0,0,0,0,0,2625,19,15
92580828,1376,56,2,0,0,0,0,0,0,0,0,0,0,2626,17,16
92644131,1377,56,2,0,0,0,0,0,0,0,0,0,0,2627,19,13
92707436,1378,56,2,0,0,0,0,0,0,0,0,0,0,2626,18,15
92770740,1379,56,2,0,0,0,0,0,0,0,0,0,0,2625,19,14
92834044,1380,56,2,0,0,0,0,0,0,0,0,0,0,2625,19,15
92897349,1381,56,2,0,0,0,0,0,0,0,0,0,0,2624,20,15
92960653,1382,56,2,0,0,0,0,0,0,0,0,0,0,2626,18,15
93023958,1383,56,2,0,0,0,0,0,0,0,0,0,0,2626,18,14
93087263,1384,56,2,0,0,0,0,0,0,0,0,0,0,2625,17,16
93150566,1385,56,2,0,0,0,0,0,0,0,0,0,0,2623,19,15
93213871,1386,56,2,0,0,0,0,0,0,0,0,0,0,2623,18,16
93277174,1387,56,2,0,0,0,0,0,0,0,0,0,0,2625,20,15
93340478,1388,56,2,0,0,0,0,0,0,0,0,0,0,2626,17,15
93403783,1389,56,2,0,0,0,0,0,0,0,0,0,0,2623,17,16
93467087,1390,56,2,0,0,0,0,0,0,0,0,0,0,2625,20,15
93530391,1391,56,2,0,0,0,0,0,0,0,0,0,0,2625,20,15
93593695,1392,56,2,0,0,0,0,0,0,0,0,0,0,2624,19,16
93656999,1393,56,2,0,0,0,0,0,0,0,0,0,0,2625,19,14
93720303,1394,56,2,0,0,0,0,0,0,0,0,0,0,2626,19,14
93783606,1395,56,2,0,0,0,0,0,0,0,0,0,0,2624,19,15
93846910,1396,56,2,0,0,0,0,0,0,0,0,0,0,2625,20,16
93910215,1397,56,2,0,0,0,0,0,0,0,0,0,0,2625,18,14
93973519,1398,56,2,0,0,0,0,0,0,0,0,0,0,2626,20,16
94036824,1399,56,2,0,0,0,0,0,0,0,0,0,0,2625,19,15
94100128,1400,56,2,0,0,0,0,0,0,0,0,0,0,2623,19,15
94163432,1401,56,2,0,0,0,0,0,0,0,0,0,0,2625,17,15
94226735,1402,56,2,0,0,0,0,0,0,0,0,0,0,2625,17,16
94290040,1403,56,2,0,0,0,0,0,0,0,0,0,0,2625,19,15
94353345,1404,56,2,0,0,0,0,0,0,0,0,0,0,2623,20,15
94416650,1405,56,2,0,0,0,0,0,0,0,0,0,0,2626,19,14
94479955,1406,56,2,0,0,0,0,0,0,0,0,0,0,2625,19,14
94543259,1407,56,2,0,0,0,0,0,0,0,0,0,0,2625,19,14
94606563,1408,56,2,0,0,0,0,0,0,0,0,0,0,2625,19,15
94669866,1409,56,2,0,0,0,0,0,0,0,0,0,0,2626,18,14
94733169,1410,56,2,0,0,0,0,0,0,0,0,0,0,2625,18,15
94796474,1411,56,2,0,0,0,0,0,0,0,0,0,0,2628,18,14
94859779,1412,56,2,0,0,0,0,0,0,0,0,0,0,2625,18,14
94923083,1413,56,2,0,0,0,0,0,0,0,0,0,0,2626,17,16
94986388,1414,56,2,0,0,0,0,0,0,0,0,0,0,2625,19,15
95049691,1415,56,2,0,0,0,0,0,0,0,0,0,0,2626,18,15
95112997,1416,56,2,0,0,0,0,0,0,0,0,0,0,2625,19,14
95176301,1417,56,2,0,0,0,0,0,0,0,0,0,0,2625,20,14
95239606,1418,56,2,0,0,0,0,0,0,0,0,0,0,2627,17,14
95302910,1419,56,2,0,0,0,0,0,0,0,0,0,0,2624,18,16
95366215,1420,56,2,0,0,0,0,0,0,0,0,0,0,2625,18,15
95429520,1421,56,2,0,0,0,0,0,0,0,0,0,0,2624,20,16
95492824,1422,56,2,0,0,0,0,0,0,0,0,0,0,2626,17,14
95556128,1423,56,2,0,0,0,0,0,0,0,0,0,0,2625,19,15
95619432,1424,56,2,0,0,0,0,0,0,0,0,0,0,2624,18,16
95682735,1425,56,2,0,0,0,0,0,0,0,0,0,0,2625,17,15
95746040,1426,56,2,0,0,0,0,0,0,0,0,0,0,2627,18,13
95809345,1427,56,2,0,0,0,0,0,0,0,0,0,0,2625,20,13
95872650,1428,56,2,0,0,0,0,0,0,0,0,0,0,2625,18,14
95935955,1429,56,2,0,0,0,0,0,0,0,0,0,0,2624,19,14
95999259,1430,56,2,0,0,0,0,0,0,0,0,0,0,2625,19,15
96062563,1431,56,2,0,0,0,0,0,0,0,0,0,0,2625,20,15
96125866,1432,56,2,0,0,0,0,0,0,0,0,0,0,2625,19,17
96189169,1433,56,2,0,0,0,0,0,0,0,0,0,0,2626,18,15
96252474,1434,56,2,0,0,0,0,0,0,0,0,0,0,2626,19,14
96315779,1435,56,2,0,0,0,0,0,0,0,0,0,0,2624,19,14
96379082,1436,56,2,0,0,0,0,0,0,0,0,0,0,2625,19,15
96442388,1437,56,2,0,0,0,0,0,0,0,0,0,0,2625,19,17
96505692,1438,56,2,0,0,0,0,0,0,0,0,0,0,2625,18,16
96568995,1439,56,2,0,0,0,0,0,0,0,0,0,0,2625,19,16
96632300,1440,56,2,0,0,0,0,0,0,0,0,0,0,2625,17,14
96695604,1441,56,2,0,0,0,0,0,0,0,0,0,0,2627,18,14
96758908,1442,56,2,0,0,0,0,0,0,0,0,0,0,2626,20,14
96822213,1443,56,2,0,0,0,0,0,0,0,0,0,0,2625,18,15
96885517,1444,56,2,0,0,0,0,0,0,0,0,0,0,2627,20,14
96948821,1445,56,2,0,0,0,0,0,0,0,0,0,0,2625,18,14
97016954,1446,56,2,0,0,0,0,0,0,0,0,0,0,2625,18,15
97080246,1447,56,2,0,0,0,0,0,0,0,0,0,0,2625,20,16
97143550,1448,56,2,0,0,0,0,0,0,0,0,0,0,2626,18,14
97206855,1449,56,2,0,0,0,0,0,0,0,0,0,0,2625,20,15
97270159,1450,56,2,0,0,0,0,0,0,0,0,0,0,2626,18,13
97333463,1451,56,2,0,0,0,0,0,0,0,0,0,0,2625,18,15
97396767,1452,56,2,0,0,0,0,0,0,0,0,0,0,2623,18,15
97460072,1453,56,2,0,0,0,0,0,0,0,0,0,0,2625,18,15
97523376,1454,56,2,0,0,0,0,0,0,0,0,0,0,2624,17,15
97586680,1455,56,2,0,0,0,0,0,0,0,0,0,0,2625,18,15
97649984,1456,56,2,0,0,0,0,0,0,0,0,0,0,2625,19,16
97713289,1457,56,2,0,0,0,0,0,0,0,0,0,0,2623,20,14
97776593,1458,56,2,0,0,0,0,0,0,0,0,0,0,2626,18,13
97839897,1459,56,2,0,0,0,0,0,0,0,0,0,0,2626,18,15
97903201,1460,56,2,0,0,0,0,0,0,0,0,0,0,2626,19,15
97966506,1461,56,2,0,0,0,0,0,0,0,0,0,0,2625,19,16
98029809,1462,56,2,0,0,0,0,0,0,0,0,0,0,2627,18,15
98093113,1463,56,2,0,0,0,0,0,0,0,0,0,0,2627,18,14
98156418,1464,56,2,0,0,0,0,0,0,0,0,0,0,2626,19,15
98219722,1465,56,2,0,0,0,0,0,0,0,0,0,0,2625,18,13
98283027,1466,56,2,0,0,0,0,0,0,0,0,0,0,2624,19,14
98346331,1467,56,2,0,0,0,0,0,0,0,0,0,0,2625,19,15
98409634,1468,56,2,0,0,0,0,0,0,0,0,0,0,2626,17,14
98472939,1469,56,2,0,0,0,0,0,0,0,0,0,0,2624,18,15
98536243,1470,56,2,0,0,0,0,0,0,0,0,0,0,2623,21,15
98599547,1471,56,2,0,0,0,0,0,0,0,0,0,0,2626,20,14
98662852,1472,56,2,0,0,0,0,0,0,0,0,0,0,2624,18,15
98726155,1473,56,2,0,0,0,0,0,0,0,0,0,0,2625,17,17
98789460,1474,56,2,0,0,0,0,0,0,0,0,0,0,2627,18,15
98852764,1475,56,2,0,0,0,0,0,0,0,0,0,0,2623,19,15
98916068,1476,56,2,0,0,0,0,0,0,0,0,0,0,2626,20,15
98979372,1477,56,2,0,0,0,0,0,0,0,0,0,0,2625,17,15
99042676,1478,56,2,0,0,0,0,0,0,0,0,0,0,2625,21,14
99105980,1479,56,2,0,0,0,0,0,0,0,0,0,0,2625,20,14
99169285,1480,56,2,0,0,0,0,0,0,0,0,0,0,2623,19,13
99232589,1481,56,2,0,0,0,0,0,0,0,0,0,0,2626,19,14
99295894,1482,56,2,0,0,0,0,0,0,0,0,0,0,2624,20,14
99359198,1483,56,2,0,0,0,0,0,0,0,0,0,0,2625,16,15
99422503,1484,56,2,0,0,0,0,0,0,0,0,0,0,2625,19,14
99485807,1485,56,2,0,0,0,0,0,0,0,0,0,0,2623,19,15
99549111,1486,56,2,0,0,0,0,0,0,0,0,0,0,2627,19,14
99612416,1487,56,2,0,0,0,0,0,0,0,0,0,0,2627,16,15
99675720,1488,56,2,0,0,0,0,0,0,0,0,0,0,2625,18,16
99739024,1489,56,2,0,0,0,0,0,0,0,0,0,0,2627,17,15
99802329,1490,56,2,0,0,0,0,0,0,0,0,0,0,2626,17,14
99865632,1491,56,2,0,0,0,0,0,0,0,0,0,0,2626,18,15
99928937,1492,56,2,0,0,0,0,0,0,0,0,0,0,2624,17,15
99992241,1493,56,2,0,0,0,0,0,0,0,0,0,0,2625,17,15
100055545,1494,56,2,0,0,0,0,0,0,0,0,0,0,2626,18,14
100118850,1495,56,2,0,0,0,0,0,0,0,0,0,0,2625,18,15
100182153,1496,56,2,0,0,0,0,0,0,0,0,0,0,2625,19,13
100245459,1497,56,2,0,0,0,0,0,0,0,0,0,0,2625,19,16
100308762,1498,56,2,0,0,0,0,0,0,0,0,0,0,2625,18,15
100372066,1499,56,2,0,0,0,0,0,0,0,0,0,0,2627,18,14
100435371,1500,56,2,0,0,0,0,0,0,0,0,0,0,2626,19,12
100498675,1501,56,2,0,0,0,0,0,0,0,0,0,0,2628,18,14
100561979,1502,56,2,0,0,0,0,0,0,0,0,0,0,2625,19,15
100625283,1503,56,2,0,0,0,0,0,0,0,0,0,0,2626,18,15
100688588,1504,56,2,0,0,0,0,0,0,0,0,0,0,2627,19,14
100751893,1505,56,2,0,0,0,0,0,0,0,0,0,0,2626,18,15
100815196,1506,56,2,0,0,0,0,0,0,0,0,0,0,2626,18,14
100878500,1507,56,2,0,0,0,0,0,0,0,0,0,0,2626,20,15
100941805,1508,56,2,0,0,0,0,0,0,0,0,0,0,2625,19,15
101005108,1509,56,2,0,0,0,0,0,0,0,0,0,0,2626,17,15
101068413,1510,56,2,0,0,0,0,0,0,0,0,0,0,2625,18,16
101131717,1511,56,2,0,0,0,0,0,0,0,0,0,0,2624,21,15
101195022,1512,56,2,0,0,0,0,0,0,0,0,0,0,2625,18,13
101258327,1513,56,2,0,0,0,0,0,0,0,0,0,0,2625,18,14
101321631,1514,56,2,0,0,0,0,0,0,0,0,0,0,2625,19,16
101384935,1515,56,2,0,0,0,0,0,0,0,0,0,0,2626,20,13
101448239,1516,56,2,0,0,0,0,0,0,0,0,0,0,2625,19,15
101511544,1517,56,2,0,0,0,0,0,0,0,0,0,0,2625,16,15
101574849,1518,56,2,0,0,0,0,0,0,0,0,0,0,2624,17,16
101638153,1519,56,2,0,0,0,0,0,0,0,0,0,0,2626,19,14
101701458,1520,56,2,0,0,0,0,0,0,0,0,0,0,2626,21,16
101764762,1521,56,2,0,0,0,0,0,0,0,0,0,0,2624,18,16
101828066,1522,56,2,0,0,0,0,0,0,0,0,0,0,2624,17,15
101891370,1523,56,2,0,0,0,0,0,0,0,0,0,0,2625,19,14
101954675,1524,56,2,0,0,0,0,0,0,0,0,0,0,2626,20,16
102017979,1525,56,2,0,0,0,0,0,0,0,0,0,0,2626,18,15
102081284,1526,56,2,0,0,0,0,0,0,0,0,0,0,2623,19,16
102144589,1527,56,2,0,0,0,0,0,0,0,0,0,0,2625,17,14
102207894,1528,56,2,0,0,0,0,0,0,0,0,0,0,2624,20,17
102271198,1529,56,2,0,0,0,0,0,0,0,0,0,0,2625,16,14
102334503,1530,56,2,0,0,0,0,0,0,0,0,0,0,2625,19,15
102404515,1531,56,2,0,0,0,0,0,0,0,0,0,0,2626,18,16
102467808,1532,56,2,0,0,0,0,0,0,0,0,0,0,2626,18,16
102531111,1533,56,2,0,0,0,0,0,0,0,0,0,0,2627,16,15
102594416,1534,56,2,0,0,0,0,0,0,0,0,0,0,2625,19,16
102657719,1535,56,2,0,0,0,0,0,0,0,0,0,0,2624,19,15
102721025,1536,56,2,0,0,0,0,0,0,0,0,0,0,2624,17,13
102784329,1537,56,2,0,0,0,0,0,0,0,0,0,0,2624,17,15
102847632,1538,56,2,0,0,0,0,0,0,0,0,0,0,2624,20,17
102910938,1539,56,2,0,0,0,0,0,0,0,0,0,0,2624,20,16
102974243,1540,56,2,0,0,0,0,0,0,0,0,0,0,2626,19,14
103037547,1541,56,2,0,0,0,0,0,0,0,0,0,0,2626,19,14
103100851,1542,56,2,0,0,0,0,0,0,0,0,0,0,2626,18,14
103164155,1543,56,2,0,0,0,0,0,0,0,0,0,0,2626,19,15
103227459,1544,56,2,0,0,0,0,0,0,0,0,0,0,2625,18,16
103290763,1545,56,2,0,0,0,0,0,0,0,0,0,0,2623,19,14
103354067,1546,56,2,0,0,0,0,0,0,0,0,0,0,2625,18,15
103417372,1547,56,2,0,0,0,0,0,0,0,0,0,0,2624,17,16
103480676,1548,56,2,0,0,0,0,0,0,0,0,0,0,2626,17,16
103543980,1549,56,2,0,0,0,0,0,0,0,0,0,0,2625,19,16
103607285,1550,56,2,0,0,0,0,0,0,0,0,0,0,2624,19,16
103670589,1551,56,2,0,0,0,0,0,0,0,0,0,0,2625,19,16
103733894,1552,56,2,0,0,0,0,0,0,0,0,0,0,2625,19,16
103797198,1553,56,2,0,0,0,0,0,0,0,0,0,0,2625,19,15
103860503,1554,56,2,0,0,0,0,0,0,0,0,0,0,2625,18,16
103923807,1555,56,2,0,0,0,0,0,0,0,0,0,0,2626,19,15
103987111,1556,56,2,0,0,0,0,0,0,0,0,0,0,2626,17,15
104050416,1557,56,2,0,0,0,0,0,0,0,0,0,0,2625,16,14
104113720,1558,56,2,0,0,0,0,0,0,0,0,0,0,2625,20,14
104177024,1559,56,2,0,0,0,0,0,0,0,0,0,0,2625,18,14
104240329,1560,56,2,0,0,0,0,0,0,0,0,0,0,2624,18,15
104303632,1561,56,2,0,0,0,0,0,0,0,0,0,0,2625,17,15
104366937,1562,56,2,0,0,0,0,0,0,0,0,0,0,2624,18,14
104430241,1563,56,2,0,0,0,0,0,0,0,0,0,0,2626,20,15
104493545,1564,56,2,0,0,0,0,0,0,0,0,0,0,2627,18,14
104556850,1565,56,2,0,0,0,0,0,0,0,0,0,0,2624,17,15
104620153,1566,56,2,0,0,0,0,0,0,0,0,0,0,2627,20,13
104683459,1567,56,2,0,0,0,0,0,0,0,0,0,0,2625,19,15
104746762,1568,56,2,0,0,0,0,0,0,0,0,0,0,2625,20,15
104810066,1569,56,2,0,0,0,0,0,0,0,0,0,0,2626,20,15
104873371,1570,56,2,0,0,0,0,0,0,0,0,0,0,2625,19,15
104936675,1571,56,2,0,0,0,0,0,0,0,0,0,0,2627,19,15
104999979,1572,56,2,0,0,0,0,0,0,0,0,0,0,2625,20,14
105063283,1573,56,2,0,0,0,0,0,0,0,0,0,0,2624,18,15
105126588,1574,56,2,0,0,0,0,0,0,0,0,0,0,2624,18,15
105189893,1575,56,2,0,0,0,0,0,0,0,0,0,0,2625,19,17
105253196,1576,56,2,0,0,0,0,0,0,0,0,0,0,2625,18,14
105316500,1577,56,2,0,0,0,0,0,0,0,0,0,0,2624,19,16
105379805,1578,56,2,0,0,0,0,0,0,0,0,0,0,2624,20,14
105443108,1579,56,2,0,0,0,0,0,0,0,0,0,0,2625,17,15
105506413,1580,56,2,0,0,0,0,0,0,0,0,0,0,2625,17,15
105569717,1581,56,2,0,0,0,0,0,0,0,0,0,0,2626,20,15
105633022,1582,56,2,0,0,0,0,0,0,0,0,0,0,2625,16,12
105696327,1583,56,2,0,0,0,0,0,0,0,0,0,0,2625,19,14
105759631,1584,56,2,0,0,0,0,0,0,0,0,0,0,2626,17,16
105822935,1585,56,2,0,0,0,0,0,0,0,0,0,0,2625,18,16
105886239,1586,56,2,0,0,0,0,0,0,0,0,0,0,2625,20,16
105949544,1587,56,2,0,0,0,0,0,0,0,0,0,0,2625,18,15
106012849,1588,56,2,0,0,0,0,0,0,0,0,0,0,2626,18,15
106076153,1589,56,2,0,0,0,0,0,0,0,0,0,0,2626,19,15
106139458,1590,56,2,0,0,0,0,0,0,0,0,0,0,2626,18,16
106202762,1591,56,2,0,0,0,0,0,0,0,0,0,0,2624,20,15
106266066,1592,56,2,0,0,0,0,0,0,0,0,0,0,2626,19,14
106329370,1593,56,2,0,0,0,0,0,0,0,0,0,0,2626,18,15
106392675,1594,56,2,0,0,0,0,0,0,0,0,0,0,2625,18,14
106455979,1595,56,2,0,0,0,0,0,0,0,0,0,0,2624,18,15
106519284,1596,56,2,0,0,0,0,0,0,0,0,0,0,2625,18,15
106582589,1597,56,2,0,0,0,0,0,0,0,0,0,0,2626,18,15
106645894,1598,56,2,0,0,0,0,0,0,0,0,0,0,2624,18,15
106709198,1599,56,2,0,0,0,0,0,0,0,0,0,0,2625,17,16
106772503,1600,56,2,0,0,0,0,0,0,0,0,0,0,2624,21,14
106835807,1601,56,2,0,0,0,0,0,0,0,0,0,0,2623,19,15
106899111,1602,56,2,0,0,0,0,0,0,0,0,0,0,2627,17,14
106962416,1603,56,2,0,0,0,0,0,0,0,0,0,0,2625,18,15
107025719,1604,56,2,0,0,0,0,0,0,0,0,0,0,2625,18,16
107089025,1605,56,2,0,0,0,0,0,0,0,0,0,0,2626,19,15
107152329,1606,56,2,0,0,0,0,0,0,0,0,0,0,2625,18,15
107215632,1607,56,2,0,0,0,0,0,0,0,0,0,0,2625,18,15
107278938,1608,56,2,0,0,0,0,0,0,0,0,0,0,2627,19,14
107342243,1609,56,2,0,0,0,0,0,0,0,0,0,0,2625,19,16
107405546,1610,56,2,0,0,0,0,0,0,0,0,0,0,2624,19,14
107468852,1611,56,2,0,0,0,0,0,0,0,0,0,0,2623,19,15
107532155,1612,56,2,0,0,0,0,0,0,0,0,0,0,2624,19,15
107595459,1613,56,2,0,0,0,0,0,0,0,0,0,0,2624,19,16
107658764,1614,56,2,0,0,0,0,0,0,0,0,0,0,2626,17,16
107722068,1615,56,2,0,0,0,0,0,0,0,0,0,0,2625,18,15
107790250,1616,56,2,0,0,0,0,0,0,0,0,0,0,2625,19,15
107853542,1617,56,2,0,0,0,0,0,0,0,0,0,0,2625,20,15
107916847,1618,56,2,0,0,0,0,0,0,0,0,0,0,2623,18,15
107980151,1619,56,2,0,0,0,0,0,0,0,0,0,0,2624,19,14
108043457,1620,56,2,0,0,0,0,0,0,0,0,0,0,2626,20,15
108106761,1621,56,2,0,0,0,0,0,0,0,0,0,0,2625,20,16
108170066,1622,56,2,0,0,0,0,0,0,0,0,0,0,2625,20,14
108233371,1623,56,2,0,0,0,0,0,0,0,0,0,0,2625,19,15
108296675,1624,56,2,0,0,0,0,0,0,0,0,0,0,2624,19,15
108359979,1625,56,2,0,0,0,0,0,0,0,0,0,0,2624,19,15
108423284,1626,56,2,0,0,0,0,0,0,0,0,0,0,2624,17,15
108486589,1627,56,2,0,0,0,0,0,0,0,0,0,0,2628,19,14
108549894,1628,56,2,0,0,0,0,0,0,0,0,0,0,2622,18,16
108613198,1629,56,2,0,0,0,0,0,0,0,0,0,0,2625,19,13
108676503,1630,56,2,0,0,0,0,0,0,0,0,0,0,2625,20,14
108739807,1631,56,2,0,0,0,0,0,0,0,0,0,0,2624,20,15
108803111,1632,56,2,0,0,0,0,0,0,0,0,0,0,2624,17,17
108866416,1633,56,2,0,0,0,0,0,0,0,0,0,0,2625,18,16
108929719,1634,56,2,0,0,0,0,0,0,0,0,0,0,2624,19,15
108993025,1635,56,2,0,0,0,0,0,0,0,0,0,0,2625,17,14
109056329,1636,56,2,0,0,0,0,0,0,0,0,0,0,2626,18,15
109119632,1637,56,2,0,0,0,0,0,0,0,0,0,0,2624,19,15
109182938,1638,56,2,0,0,0,0,0,0,0,0,0,0,2625,21,16
109246243,1639,56,2,0,0,0,0,0,0,0,0,0,0,2625,20,16
109309546,1640,56,2,0,0,0,0,0,0,0,0,0,0,2626,17,15
109372852,1641,56,2,0,0,0,0,0,0,0,0,0,0,2625,19,15
109436155,1642,56,2,0,0,0,0,0,0,0,0,0,0,2626,17,15
109499459,1643,56,2,0,0,0,0,0,0,0,0,0,0,2623,19,16
109562764,1644,56,2,0,0,0,0,0,0,0,0,0,0,2625,18,14
109626068,1645,56,2,0,0,0,0,0,0,0,0,0,0,2624,19,14
109689372,1646,56,2,0,0,0,0,0,0,0,0,0,0,2625,18,15
109752676,1647,56,2,0,0,0,0,0,0,0,0,0,0,2626,19,16
109815980,1648,56,2,0,0,0,0,0,0,0,0,0,0,2625,19,15
109879285,1649,56,2,0,0,0,0,0,0,0,0,0,0,2625,18,14
109942589,1650,56,2,0,0,0,0,0,0,0,0,0,0,2625,19,16
110005894,1651,56,2,0,0,0,0,0,0,0,0,0,0,2623,19,14
110069198,1652,56,2,0,0,0,0,0,0,0,0,0,0,2624,18,15
110132504,1653,56,2,0,0,0,0,0,0,0,0,0,0,2625,17,17
110195808,1654,56,2,0,0,0,0,0,0,0,0,0,0,2627,19,15
110259113,1655,56,2,0,0,0,0,0,0,0,0,0,0,2627,17,13
110322418,1656,56,2,0,0,0,0,0,0,0,0,0,0,2625,17,16
110385722,1657,56,2,0,0,0,0,0,0,0,0,0,0,2624,18,16
110449026,1658,56,2,0,0,0,0,0,0,0,0,0,0,2624,20,13
110512330,1659,56,2,0,0,0,0,0,0,0,0,0,0,2624,19,15
110575634,1660,56,2,0,0,0,0,0,0,0,0,0,0,2625,18,16
110638939,1661,56,2,0,0,0,0,0,0,0,0,0,0,2622,18,16
110702244,1662,56,2,0,0,0,0,0,0,0,0,0,0,2625,21,16
110765547,1663,56,2,0,0,0,0,0,0,0,0,0,0,2626,20,15
110828850,1664,56,2,0,0,0,0,0,0,0,0,0,0,2624,19,14
110892155,1665,56,2,0,0,0,0,0,0,0,0,0,0,2624,20,14
110955460,1666,56,2,0,0,0,0,0,0,0,0,0,0,2623,21,15
111018764,1667,56,2,0,0,0,0,0,0,0,0,0,0,2626,18,16
111082068,1668,56,2,0,0,0,0,0,0,0,0,0,0,2625,19,14
111145374,1669,56,2,0,0,0,0,0,0,0,0,0,0,2627,16,15
111208678,1670,56,2,0,0,0,0,0,0,0,0,0,0,2625,19,14
111271983,1671,56,2,0,0,0,0,0,0,0,0,0,0,2624,19,14
111335287,1672,56,2,0,0,0,0,0,0,0,0,0,0,2626,19,16
111398591,1673,56,2,0,0,0,0,0,0,0,0,0,0,2624,17,15
111461896,1674,56,2,0,0,0,0,0,0,0,0,0,0,2626,19,15
111525200,1675,56,2,0,0,0,0,0,0,0,0,0,0,2626,18,16
111588504,1676,56,2,0,0,0,0,0,0,0,0,0,0,2624,17,15
111651809,1677,56,2,0,0,0,0,0,0,0,0,0,0,2626,17,15
111715113,1678,56,2,0,0,0,0,0,0,0,0,0,0,2627,18,16
111778418,1679,56,2,0,0,0,0,0,0,0,0,0,0,2625,18,15
111841722,1680,56,2,0,0,0,0,0,0,0,0,0,0,2624,18,15
111905027,1681,56,2,0,0,0,0,0,0,0,0,0,0,2626,19,14
111968331,1682,56,2,0,0,0,0,0,0,0,0,0,0,2625,19,14
112031635,1683,56,2,0,0,0,0,0,0,0,0,0,0,2625,18,15
112094939,1684,56,2,0,0,0,0,0,0,0,0,0,0,2624,20,14
112158244,1685,56,2,0,0,0,0,0,0,0,0,0,0,2625,20,14
112221548,1686,56,2,0,0,0,0,0,0,0,0,0,0,2624,20,14
112284853,1687,56,2,0,0,0,0,0,0,0,0,0,0,2624,17,14
112348156,1688,56,2,0,0,0,0,0,0,0,0,0,0,2626,18,14
112411461,1689,56,2,0,0,0,0,0,0,0,0,0,0,2624,19,16
112474765,1690,56,2,0,0,0,0,0,0,0,0,0,0,2624,17,14
112538069,1691,56,2,0,0,0,0,0,0,0,0,0,0,2626,17,14
112601374,1692,56,2,0,0,0,0,0,0,0,0,0,0,2626,18,14
112664678,1693,56,2,0,0,0,0,0,0,0,0,0,0,2626,18,15
112727984,1694,56,2,0,0,0,0,0,0,0,0,0,0,2625,20,15
112791288,1695,56,2,0,0,0,0,0,0,0,0,0,0,2624,19,16
112854592,1696,56,2,0,0,0,0,0,0,0,0,0,0,2626,19,14
112917897,1697,56,2,0,0,0,0,0,0,0,0,0,0,2624,19,14
112981201,1698,56,2,0,0,0,0,0,0,0,0,0,0,2625,20,15
113044506,1699,56,2,0,0,0,0,0,0,0,0,0,0,2626,18,15
113107810,1700,56,2,0,0,0,0,0,0,0,0,0,0,2626,19,16
113175830,1701,56,2,0,0,0,0,0,0,0,0,0,0,2627,19,14
113239122,1702,56,2,0,0,0,0,0,0,0,0,0,0,2626,17,15
113302426,1703,56,2,0,0,0,0,0,0,0,0,0,0,2624,20,16
113365730,1704,56,2,0,0,0,0,0,0,0,0,0,0,2625,19,15
113429034,1705,56,2,0,0,0,0,0,0,0,0,0,0,2626,17,14
113492339,1706,56,2,0,0,0,0,0,0,0,0,0,0,2626,20,15
113555644,1707,56,2,0,0,0,0,0,0,0,0,0,0,2626,18,14
113618948,1708,56,2,0,0,0,0,0,0,0,0,0,0,2623,19,15
113682252,1709,56,2,0,0,0,0,0,0,0,0,0,0,2625,18,16
113745557,1710,56,2,0,0,0,0,0,0,0,0,0,0,2624,19,15
113808861,1711,56,2,0,0,0,0,0,0,0,0,0,0,2625,18,17
113872165,1712,56,2,0,0,0,0,0,0,0,0,0,0,2625,17,15
113935469,1713,56,2,0,0,0,0,0,0,0,0,0,0,2623,18,16
113998773,1714,56,2,0,0,0,0,0,0,0,0,0,0,2624,19,15
114062077,1715,56,2,0,0,0,0,0,0,0,0,0,0,2626,18,14
114125382,1716,56,2,0,0,0,0,0,0,0,0,0,0,2626,17,16
114188686,1717,56,2,0,0,0,0,0,0,0,0,0,0,2624,17,16
114251990,1718,56,2,0,0,0,0,0,0,0,0,0,0,2626,17,15
114315295,1719,56,2,0,0,0,0,0,0,0,0,0,0,2626,19,13
114378599,1720,56,2,0,0,0,0,0,0,0,0,0,0,2625,19,16
114441903,1721,56,2,0,0,0,0,0,0,0,0,0,0,2627,19,15
114505207,1722,56,2,0,0,0,0,0,0,0,0,0,0,2624,17,15
114568513,1723,56,2,0,0,0,0,0,0,0,0,0,0,2626,19,13
114631817,1724,56,2,0,0,0,0,0,0,0,0,0,0,2623,18,16
114695121,1725,56,2,0,0,0,0,0,0,0,0,0,0,2625,18,15
114758426,1726,56,2,0,0,0,0,0,0,0,0,0,0,2624,19,15
114821730,1727,56,2,0,0,0,0,0,0,0,0,0,0,2625,18,16
114885035,1728,56,2,0,0,0,0,0,0,0,0,0,0,2624,17,15
114948340,1729,56,2,0,0,0,0,0,0,0,0,0,0,2625,18,16
115011644,1730,56,2,0,0,0,0,0,0,0,0,0,0,2626,19,13
115074948,1731,56,2,0,0,0,0,0,0,0,0,0,0,2624,19,15
115138252,1732,56,2,0,0,0,0,0,0,0,0,0,0,2626,18,15
115201557,1733,56,2,0,0,0,0,0,0,0,0,0,0,2624,19,15
115264861,1734,56,2,0,0,0,0,0,0,0,0,0,0,2627,18,15
115328165,1735,56,2,0,0,0,0,0,0,0,0,0,0,2626,17,14
115391469,1736,56,2,0,0,0,0,0,0,0,0,0,0,2626,17,14
115454773,1737,56,2,0,0,0,0,0,0,0,0,0,0,2626,19,15
115518077,1738,56,2,0,0,0,0,0,0,0,0,0,0,2625,19,14
115581382,1739,56,2,0,0,0,0,0,0,0,0,0,0,2625,19,15
115644686,1740,56,2,0,0,0,0,0,0,0,0,0,0,2625,19,16
115707990,1741,56,2,0,0,0,0,0,0,0,0,0,0,2625,17,15
115771295,1742,56,2,0,0,0,0,0,0,0,0,0,0,2626,18,14
115834599,1743,56,2,0,0,0,0,0,0,0,0,0,0,2627,18,13
115897903,1744,56,2,0,0,0,0,0,0,0,0,0,0,2625,18,15
115961207,1745,56,2,0,0,0,0,0,0,0,0,0,0,2624,19,16
116024513,1746,56,2,0,0,0,0,0,0,0,0,0,0,2626,19,15
116087817,1747,56,2,0,0,0,0,0,0,0,0,0,0,2626,17,14
116151121,1748,56,2,0,0,0,0,0,0,0,0,0,0,2626,18,13
116214426,1749,56,2,0,0,0,0,0,0,0,0,0,0,2624,19,15
116277730,1750,56,2,0,0,0,0,0,0,0,0,0,0,2624,18,16
116341035,1751,56,2,0,0,0,0,0,0,0,0,0,0,2626,19,16
116404341,1752,56,2,0,0,0,0,0,0,0,0,0,0,2625,18,16
116467645,1753,56,2,0,0,0,0,0,0,0,0,0,0,2626,18,16
116530949,1754,56,2,0,0,0,0,0,0,0,0,0,0,2626,19,16
116594252,1755,56,2,0,0,0,0,0,0,0,0,0,0,2625,19,14
116657557,1756,56,2,0,0,0,0,0,0,0,0,0,0,2625,20,14
116720861,1757,56,2,0,0,0,0,0,0,0,0,0,0,2625,18,15
116784165,1758,56,2,0,0,0,0,0,0,0,0,0,0,2624,17,15
116847469,1759,56,2,0,0,0,0,0,0,0,0,0,0,2626,18,14
116910773,1760,56,2,0,0,0,0,0,0,0,0,0,0,2624,19,14
116974077,1761,56,2,0,0,0,0,0,0,0,0,0,0,2624,19,15
117037382,1762,56,2,0,0,0,0,0,0,0,0,0,0,2625,18,16
117100686,1763,56,2,0,0,0,0,0,0,0,0,0,0,2624,18,16
117163990,1764,56,2,0,0,0,0,0,0,0,0,0,0,2625,17,15
117227295,1765,56,2,0,0,0,0,0,0,0,0,0,0,2625,19,14
117290599,1766,56,2,0,0,0,0,0,0,0,0,0,0,2626,18,16
117353903,1767,56,2,0,0,0,0,0,0,0,0,0,0,2624,19,13
117417207,1768,56,2,0,0,0,0,0,0,0,0,0,0,2624,19,15
117480513,1769,56,2,0,0,0,0,0,0,0,0,0,0,2626,20,15
117543817,1770,56,2,0,0,0,0,0,0,0,0,0,0,2624,19,14
117607121,1771,56,2,0,0,0,0,0,0,0,0,0,0,2625,17,13
117670426,1772,56,2,0,0,0,0,0,0,0,0,0,0,2625,19,15
117733730,1773,56,2,0,0,0,0,0,0,0,0,0,0,2625,18,15
117797035,1774,56,2,0,0,0,0,0,0,0,0,0,0,2625,18,14
117860340,1775,56,2,0,0,0,0,0,0,0,0,0,0,2625,17,15
117923644,1776,56,2,0,0,0,0,0,0,0,0,0,0,2626,17,13
117986948,1777,56,2,0,0,0,0,0,0,0,0,0,0,2624,18,15
118050252,1778,56,2,0,0,0,0,0,0,0,0,0,0,2625,18,16
118113557,1779,56,2,0,0,0,0,0,0,0,0,0,0,2624,18,14
118176861,1780,56,2,0,0,0,0,0,0,0,0,0,0,2627,18,13
118240165,1781,56,2,0,0,0,0,0,0,0,0,0,0,2626,19,15
118303469,1782,56,2,0,0,0,0,0,0,0,0,0,0,2624,18,16
118366773,1783,56,2,0,0,0,0,0,0,0,0,0,0,2626,18,16
118430077,1784,56,2,0,0,0,0,0,0,0,0,0,0,2625,18,15
118493382,1785,56,2,0,0,0,0,0,0,0,0,0,0,2625,18,16
118561806,1786,56,2,0,0,0,0,0,0,0,0,0,0,2626,20,15
118625097,1787,56,2,0,0,0,0,0,0,0,0,0,0,2626,19,14
118688402,1788,56,2,0,0,0,0,0,0,0,0,0,0,2624,17,14
118751706,1789,56,2,0,0,0,0,0,0,0,0,0,0,2626,17,14
118815010,1790,56,2,0,0,0,0,0,0,0,0,0,0,2626,18,15
118878315,1791,56,2,0,0,0,0,0,0,0,0,0,0,2625,17,14
118941617,1792,56,2,0,0,0,0,0,0,0,0,0,0,2626,18,15
119004922,1793,56,2,0,0,0,0,0,0,0,0,0,0,2625,19,15
119068226,1794,56,2,0,0,0,0,0,0,0,0,0,0,2626,19,16
119131530,1795,56,2,0,0,0,0,0,0,0,0,0,0,2626,18,15
119194835,1796,56,2,0,0,0,0,0,0,0,0,0,0,2625,17,15
119258139,1797,56,2,0,0,0,0,0,0,0,0,0,0,2626,17,14
119321443,1798,56,2,0,0,0,0,0,0,0,0,0,0,2624,18,15
119384747,1799,56,2,0,0,0,0,0,0,0,0,0,0,2624,16,16
119448052,1800,56,2,0,0,0,0,0,0,0,0,0,0,2626,16,16
119511356,1801,56,2,0,0,0,0,0,0,0,0,0,0,2623,17,13
119574660,1802,56,2,0,0,0,0,0,0,0,0,0,0,2624,18,16
119637964,1803,56,2,0,0,0,0,0,0,0,0,0,0,2624,19,15
119701268,1804,56,2,0,0,0,0,0,0,0,0,0,0,2627,18,13
119764573,1805,56,2,0,0,0,0,0,0,0,0,0,0,2625,18,14
119827877,1806,56,2,0,0,0,0,0,0,0,0,0,0,2623,17,13
119891181,1807,56,2,0,0,0,0,0,0,0,0,0,0,2626,19,15
119954485,1808,56,2,0,0,0,0,0,0,0,0,0,0,2627,18,15
120017790,1809,56,2,0,0,0,0,0,0,0,0,0,0,2623,19,14
120081094,1810,56,2,0,0,0,0,0,0,0,0,0,0,2626,19,14
120144399,1811,56,2,0,0,0,0,0,0,0,0,0,0,2626,19,14
120207703,1812,56,2,0,0,0,0,0,0,0,0,0,0,2625,19,15
120271008,1813,56,2,0,0,0,0,0,0,0,0,0,0,2625,19,15
120334313,1814,56,2,0,0,0,0,0,0,0,0,0,0,2626,19,16
120397617,1815,56,2,0,0,0,0,0,0,0,0,0,0,2625,19,16
120460922,1816,56,2,0,0,0,0,0,0,0,0,0,0,2624,20,17
120524226,1817,56,2,0,0,0,0,0,0,0,0,0,0,2625,18,15
120587530,1818,56,2,0,0,0,0,0,0,0,0,0,0,2626,17,15
120650835,1819,56,2,0,0,0,0,0,0,0,0,0,0,2624,17,15
120714139,1820,56,2,0,0,0,0,0,0,0,0,0,0,2625,18,15
120777444,1821,56,2,0,0,0,0,0,0,0,0,0,0,2626,17,15
120840747,1822,56,2,0,0,0,0,0,0,0,0,0,0,2625,18,15
120904052,1823,56,2,0,0,0,0,0,0,0,0,0,0,2625,18,14
120967356,1824,56,2,0,0,0,0,0,0,0,0,0,0,2624,17,15
121030660,1825,56,2,0,0,0,0,0,0,0,0,0,0,2627,18,14
121093965,1826,56,2,0,0,0,0,0,0,0,0,0,0,2626,19,14
121157269,1827,56,2,0,0,0,0,0,0,0,0,0,0,2625,17,13
121220573,1828,56,2,0,0,0,0,0,0,0,0,0,0,2624,18,14
121283878,1829,56,2,0,0,0,0,0,0,0,0,0,0,2625,17,14
121347182,1830,56,2,0,0,0,0,0,0,0,0,0,0,2625,18,14
121410486,1831,56,2,0,0,0,0,0,0,0,0,0,0,2625,18,15
121473791,1832,56,2,0,0,0,0,0,0,0,0,0,0,2623,18,15
121537096,1833,56,2,0,0,0,0,0,0,0,0,0,0,2625,17,15
121600401,1834,56,2,0,0,0,0,0,0,0,0,0,0,2625,19,16
121663704,1835,56,2,0,0,0,0,0,0,0,0,0,0,2628,18,14
121727009,1836,56,2,0,0,0,0,0,0,0,0,0,0,2625,19,16
121790313,1837,56,2,0,0,0,0,0,0,0,0,0,0,2625,20,16
121853617,1838,56,2,0,0,0,0,0,0,0,0,0,0,2626,19,16
121916922,1839,56,2,0,0,0,0,0,0,0,0,0,0,2625,19,16
121980226,1840,56,2,0,0,0,0,0,0,0,0,0,0,2623,19,15
122043530,1841,56,2,0,0,0,0,0,0,0,0,0,0,2624,19,16
122106834,1842,56,2,0,0,0,0,0,0,0,0,0,0,2627,19,17
122170139,1843,56,2,0,0,0,0,0,0,0,0,0,0,2626,17,14
122233443,1844,56,2,0,0,0,0,0,0,0,0,0,0,2624,18,16
122296747,1845,56,2,0,0,0,0,0,0,0,0,0,0,2624,17,15
122360052,1846,56,2,0,0,0,0,0,0,0,0,0,0,2626,17,16
122423356,1847,56,2,0,0,0,0,0,0,0,0,0,0,2625,19,16
122486660,1848,56,2,0,0,0,0,0,0,0,0,0,0,2626,18,14
122549965,1849,56,2,0,0,0,0,0,0,0,0,0,0,2626,19,14
122613269,1850,56,2,0,0,0,0,0,0,0,0,0,0,2624,18,15
122676574,1851,56,2,0,0,0,0,0,0,0,0,0,0,2625,19,15
122739878,1852,56,2,0,0,0,0,0,0,0,0,0,0,2626,18,15
122803182,1853,56,2,0,0,0,0,0,0,0,0,0,0,2626,18,15
122866486,1854,56,2,0,0,0,0,0,0,0,0,0,0,2623,19,14
122929791,1855,56,2,0,0,0,0,0,0,0,0,0,0,2625,20,15
122993095,1856,56,2,0,0,0,0,0,0,0,0,0,0,2625,17,16
123056399,1857,56,2,0,0,0,0,0,0,0,0,0,0,2625,18,14
123119704,1858,56,2,0,0,0,0,0,0,0,0,0,0,2624,18,14
123183009,1859,56,2,0,0,0,0,0,0,0,0,0,0,2625,20,17
123246313,1860,56,2,0,0,0,0,0,0,0,0,0,0,2628,19,15
123309617,1861,56,2,0,0,0,0,0,0,0,0,0,0,2625,19,14
123372922,1862,56,2,0,0,0,0,0,0,0,0,0,0,2626,20,13
123436226,1863,56,2,0,0,0,0,0,0,0,0,0,0,2627,19,13
123499530,1864,56,2,0,0,0,0,0,0,0,0,0,0,2626,17,15
123562835,1865,56,2,0,0,0,0,0,0,0,0,0,0,2624,16,16
123626139,1866,56,2,0,0,0,0,0,0,0,0,0,0,2625,18,14
123689443,1867,56,2,0,0,0,0,0,0,0,0,0,0,2624,17,13
123752747,1868,56,2,0,0,0,0,0,0,0,0,0,0,2625,17,15
123816052,1869,56,2,0,0,0,0,0,0,0,0,0,0,2625,19,15
123879356,1870,56,2,0,0,0,0,0,0,0,0,0,0,2624,17,16
123949383,1871,56,2,0,0,0,0,0,0,0,0,0,0,2624,17,14
124012675,1872,56,2,0,0,0,0,0,0,0,0,0,0,2625,19,15
124075979,1873,56,2,0,0,0,0,0,0,0,0,0,0,2626,18,14
124139284,1874,56,2,0,0,0,0,0,0,0,0,0,0,2625,18,15
124202589,1875,56,2,0,0,0,0,0,0,0,0,0,0,2626,19,16
124265894,1876,56,2,0,0,0,0,0,0,0,0,0,0,2626,20,16
124329198,1877,56,2,0,0,0,0,0,0,0,0,0,0,2625,19,15
124392503,1878,56,2,0,0,0,0,0,0,0,0,0,0,2625,21,14
124455807,1879,56,2,0,0,0,0,0,0,0,0,0,0,2625,18,14
124519111,1880,56,2,0,0,0,0,0,0,0,0,0,0,2625,18,11
124582416,1881,56,2,0,0,0,0,0,0,0,0,0,0,2626,20,16
124645719,1882,56,2,0,0,0,0,0,0,0,0,0,0,2626,19,16
124709024,1883,56,2,0,0,0,0,0,0,0,0,0,0,2625,19,15
124772328,1884,56,2,0,0,0,0,0,0,0,0,0,0,2627,19,15
124835631,1885,56,2,0,0,0,0,0,0,0,0,0,0,2625,18,16
124898935,1886,56,2,0,0,0,0,0,0,0,0,0,0,2626,19,16
124962239,1887,56,2,0,0,0,0,0,0,0,0,0,0,2626,18,15
125025544,1888,56,2,0,0,0,0,0,0,0,0,0,0,2625,18,13
125088849,1889,56,2,0,0,0,0,0,0,0,0,0,0,2625,17,14
125152153,1890,56,2,0,0,0,0,0,0,0,0,0,0,2626,18,14
125215458,1891,56,2,0,0,0,0,0,0,0,0,0,0,2624,19,16
125278763,1892,56,2,0,0,0,0,0,0,0,0,0,0,2625,18,13
125342067,1893,56,2,0,0,0,0,0,0,0,0,0,0,2626,18,14
125405372,1894,56,2,0,0,0,0,0,0,0,0,0,0,2625,17,15
125468676,1895,56,2,0,0,0,0,0,0,0,0,0,0,2626,20,17
125531980,1896,56,2,0,0,0,0,0,0,0,0,0,0,2624,18,14
125595285,1897,56,2,0,0,0,0,0,0,0,0,0,0,2625,18,14
125658589,1898,56,2,0,0,0,0,0,0,0,0,0,0,2627,20,15
125721894,1899,56,2,0,0,0,0,0,0,0,0,0,0,2626,19,14
125785198,1900,56,2,0,0,0,0,0,0,0,0,0,0,2626,19,15
125848503,1901,56,2,0,0,0,0,0,0,0,0,0,0,2626,18,14
125911808,1902,56,2,0,0,0,0,0,0,0,0,0,0,2624,17,16
125975112,1903,56,2,0,0,0,0,0,0,0,0,0,0,2625,19,14
126038416,1904,56,2,0,0,0,0,0,0,0,0,0,0,2624,20,16
126101720,1905,56,2,0,0,0,0,0,0,0,0,0,0,2624,18,16
126165024,1906,56,2,0,0,0,0,0,0,0,0,0,0,2625,19,15
126228329,1907,56,2,0,0,0,0,0,0,0,0,0,0,2625,17,15
126291632,1908,56,2,0,0,0,0,0,0,0,0,0,0,2624,18,15
126354938,1909,56,2,0,0,0,0,0,0,0,0,0,0,2625,21,15
126418243,1910,56,2,0,0,0,0,0,0,0,0,0,0,2626,20,14
126481547,1911,56,2,0,0,0,0,0,0,0,0,0,0,2626,20,15
126544851,1912,56,2,0,0,0,0,0,0,0,0,0,0,2625,18,14
126608155,1913,56,2,0,0,0,0,0,0,0,0,0,0,2624,18,16
126671459,1914,56,2,0,0,0,0,0,0,0,0,0,0,2625,18,14
126734763,1915,56,2,0,0,0,0,0,0,0,0,0,0,2625,20,15
126798067,1916,56,2,0,0,0,0,0,0,0,0,0,0,2626,18,15
126861372,1917,56,2,0,0,0,0,0,0,0,0,0,0,2626,18,15
126924676,1918,56,2,0,0,0,0,0,0,0,0,0,0,2625,19,15
126987980,1919,56,2,0,0,0,0,0,0,0,0,0,0,2625,18,15
127051285,1920,56,2,0,0,0,0,0,0,0,0,0,0,2626,19,15
127114589,1921,56,2,0,0,0,0,0,0,0,0,0,0,2627,19,12
127177894,1922,56,2,0,0,0,0,0,0,0,0,0,0,2625,19,15
127241198,1923,56,2,0,0,0,0,0,0,0,0,0,0,2625,19,13
127304503,1924,56,2,0,0,0,0,0,0,0,0,0,0,2624,17,14
127367807,1925,56,2,0,0,0,0,0,0,0,0,0,0,2624,20,15
127431111,1926,56,2,0,0,0,0,0,0,0,0,0,0,2627,18,16
127494416,1927,56,2,0,0,0,0,0,0,0,0,0,0,2626,19,15
127557720,1928,56,2,0,0,0,0,0,0,0,0,0,0,2624,20,16
127621024,1929,56,2,0,0,0,0,0,0,0,0,0,0,2624,18,13
127684329,1930,56,2,0,0,0,0,0,0,0,0,0,0,2624,17,15
127747632,1931,56,2,0,0,0,0,0,0,0,0,0,0,2625,18,15
127810937,1932,56,2,0,0,0,0,0,0,0,0,0,0,2624,17,14
127874241,1933,56,2,0,0,0,0,0,0,0,0,0,0,2626,19,15
127937545,1934,56,2,0,0,0,0,0,0,0,0,0,0,2625,17,15
128000850,1935,56,2,0,0,0,0,0,0,0,0,0,0,2624,17,14
128064153,1936,56,2,0,0,0,0,0,0,0,0,0,0,2625,17,14
128127459,1937,56,2,0,0,0,0,0,0,0,0,0,0,2626,20,15
128190762,1938,56,2,0,0,0,0,0,0,0,0,0,0,2625,20,15
128254066,1939,56,2,0,0,0,0,0,0,0,0,0,0,2625,19,14
128317371,1940,56,2,0,0,0,0,0,0,0,0,0,0,2624,19,13
128380675,1941,56,2,0,0,0,0,0,0,0,0,0,0,2626,18,14
128443979,1942,56,2,0,0,0,0,0,0,0,0,0,0,2624,19,15
128507283,1943,56,2,0,0,0,0,0,0,0,0,0,0,2624,18,14
128570588,1944,56,2,0,0,0,0,0,0,0,0,0,0,2625,19,13
128633893,1945,56,2,0,0,0,0,0,0,0,0,0,0,2625,18,15
128697196,1946,56,2,0,0,0,0,0,0,0,0,0,0,2625,19,14
128760500,1947,56,2,0,0,0,0,0,0,0,0,0,0,2627,18,12
128823805,1948,56,2,0,0,0,0,0,0,0,0,0,0,2626,20,16
128887108,1949,56,2,0,0,0,0,0,0,0,0,0,0,2625,18,15
128950413,1950,56,2,0,0,0,0,0,0,0,0,0,0,2625,18,16
129013717,1951,56,2,0,0,0,0,0,0,0,0,0,0,2624,19,15
129077022,1952,56,2,0,0,0,0,0,0,0,0,0,0,2625,18,13
129140327,1953,56,2,0,0,0,0,0,0,0,0,0,0,2626,18,16
129203631,1954,56,2,0,0,0,0,0,0,0,0,0,0,2625,18,17
129266935,1955,56,2,0,0,0,0,0,0,0,0,0,0,2625,19,14
129367406,1956,56,2,0,0,0,0,0,0,0,0,0,0,2625,17,13
129430698,1957,56,2,0,0,0,0,0,0,0,0,0,0,2626,18,15
129494003,1958,56,2,0,0,0,0,0,0,0,0,0,0,2626,18,14
129557307,1959,56,2,0,0,0,0,0,0,0,0,0,0,2624,17,15
129620611,1960,56,2,0,0,0,0,0,0,0,0,0,0,2625,17,16
129683916,1961,56,2,0,0,0,0,0,0,0,0,0,0,2626,19,15
129747220,1962,56,2,0,0,0,0,0,0,0,0,0,0,2626,18,15
129810524,1963,56,2,0,0,0,0,0,0,0,0,0,0,2625,18,15
129873828,1964,56,2,0,0,0,0,0,0,0,0,0,0,2625,18,16
129937132,1965,56,2,0,0,0,0,0,0,0,0,0,0,2624,20,15
130000436,1966,56,2,0,0,0,0,0,0,0,0,0,0,2625,19,15
130063740,1967,56,2,0,0,0,0,0,0,0,0,0,0,2625,19,13
130127044,1968,56,2,0,0,0,0,0,0,0,0,0,0,2626,18,15
130190349,1969,56,2,0,0,0,0,0,0,0,0,0,0,2625,18,14
130253653,1970,56,2,0,0,0,0,0,0,0,0,0,0,2626,18,16
130316958,1971,56,2,0,0,0,0,0,0,0,0,0,0,2625,18,15
130380262,1972,56,2,0,0,0,0,0,0,0,0,0,0,2624,19,14
130443566,1973,56,2,0,0,0,0,0,0,0,0,0,0,2624,19,16
130506871,1974,56,2,0,0,0,0,0,0,0,0,0,0,2626,19,14
130570174,1975,56,2,0,0,0,0,0,0,0,0,0,0,2626,18,15
130633478,1976,56,2,0,0,0,0,0,0,0,0,0,0,2627,16,15
130696783,1977,56,2,0,0,0,0,0,0,0,0,0,0,2626,19,15
130760087,1978,56,2,0,0,0,0,0,0,0,0,0,0,2626,19,15
130823391,1979,56,2,0,0,0,0,0,0,0,0,0,0,2624,19,14
130886695,1980,56,2,0,0,0,0,0,0,0,0,0,0,2625,19,16
130950000,1981,56,2,0,0,0,0,0,0,0,0,0,0,2627,18,13
131013304,1982,56,2,0,0,0,0,0,0,0,0,0,0,2626,18,15
131076607,1983,56,2,0,0,0,0,0,0,0,0,0,0,2627,19,16
131139912,1984,56,2,0,0,0,0,0,0,0,0,0,0,2625,19,16
131203216,1985,56,2,0,0,0,0,0,0,0,0,0,0,2625,18,14
131266521,1986,56,2,0,0,0,0,0,0,0,0,0,0,2625,21,16
131329825,1987,56,2,0,0,0,0,0,0,0,0,0,0,2624,19,13
131393129,1988,56,2,0,0,0,0,0,0,0,0,0,0,2625,19,16
131456434,1989,56,2,0,0,0,0,0,0,0,0,0,0,2626,18,14
131519738,1990,56,2,0,0,0,0,0,0,0,0,0,0,2625,18,15
131583042,1991,56,2,0,0,0,0,0,0,0,0,0,0,2625,17,14
131646347,1992,56,2,0,0,0,0,0,0,0,0,0,0,2626,19,15
131709651,1993,56,2,0,0,0,0,0,0,0,0,0,0,2626,19,14
131772954,1994,56,2,0,0,0,0,0,0,0,0,0,0,2623,18,16
131836258,1995,56,2,0,0,0,0,0,0,0,0,0,0,2626,19,14
131899561,1996,56,2,0,0,0,0,0,0,0,0,0,0,2625,19,15
131962865,1997,56,2,0,0,0,0,0,0,0,0,0,0,2624,20,14
132026169,1998,56,2,0,0,0,0,0,0,0,0,0,0,2625,18,15
132089473,1999,56,2,0,0,0,0,0,0,0,0,0,0,2626,17,15
132152778,2000,56,2,0,0,0,0,0,0,0,0,0,0,2624,18,14
132216082,2001,56,2,0,0,0,0,0,0,0,0,0,0,2627,19,15
132279386,2002,56,2,0,0,0,0,0,0,0,0,0,0,2624,19,14
132342690,2003,56,2,0,0,0,0,0,0,0,0,0,0,2624,19,16
132405994,2004,56,2,0,0,0,0,0,0,0,0,0,0,2626,19,15
132469299,2005,56,2,0,0,0,0,0,0,0,0,0,0,2623,19,16
132532603,2006,56,2,0,0,0,0,0,0,0,0,0,0,2627,19,14
132595908,2007,56,2,0,0,0,0,0,0,0,0,0,0,2625,20,15
132659213,2008,56,2,0,0,0,0,0,0,0,0,0,0,2626,17,13
132722517,2009,56,2,0,0,0,0,0,0,0,0,0,0,2626,19,15
132785821,2010,56,2,0,0,0,0,0,0,0,0,0,0,2625,17,15
132849125,2011,56,2,0,0,0,0,0,0,0,0,0,0,2625,19,16
132912431,2012,56,2,0,0,0,0,0,0,0,0,0,0,2624,16,15
132975735,2013,56,2,0,0,0,0,0,0,0,0,0,0,2624,20,16
133039040,2014,56,2,0,0,0,0,0,0,0,0,0,0,2627,18,14
133102345,2015,56,2,0,0,0,0,0,0,0,0,0,0,2625,20,15
133165650,2016,56,2,0,0,0,0,0,0,0,0,0,0,2626,18,15
133228955,2017,56,2,0,0,0,0,0,0,0,0,0,0,2624,18,15
133292259,2018,56,2,0,0,0,0,0,0,0,0,0,0,2626,19,14
133355563,2019,56,2,0,0,0,0,0,0,0,0,0,0,2626,19,16
133418866,2020,56,2,0,0,0,0,0,0,0,0,0,0,2625,19,16
133482170,2021,56,2,0,0,0,0,0,0,0,0,0,0,2625,17,15
133545473,2022,56,2,0,0,0,0,0,0,0,0,0,0,2625,18,14
133608778,2023,56,2,0,0,0,0,0,0,0,0,0,0,2625,20,14
133672082,2024,56,2,0,0,0,0,0,0,0,0,0,0,2624,18,14
133735387,2025,56,2,0,0,0,0,0,0,0,0,0,0,2625,18,15
133798691,2026,56,2,0,0,0,0,0,0,0,0,0,0,2627,18,14
133861995,2027,56,2,0,0,0,0,0,0,0,0,0,0,2625,18,15
133925299,2028,56,2,0,0,0,0,0,0,0,0,0,0,2626,20,15
133988604,2029,56,2,0,0,0,0,0,0,0,0,0,0,2625,17,13
134051908,2030,56,2,0,0,0,0,0,0,0,0,0,0,2625,19,15
134115213,2031,56,2,0,0,0,0,0,0,0,0,0,0,2625,19,15
134178517,2032,56,2,0,0,0,0,0,0,0,0,0,0,2626,17,14
134241821,2033,56,2,0,0,0,0,0,0,0,0,0,0,2626,19,16
134305125,2034,56,2,0,0,0,0,0,0,0,0,0,0,2626,18,14
134368430,2035,56,2,0,0,0,0,0,0,0,0,0,0,2626,16,13
134431735,2036,56,2,0,0,0,0,0,0,0,0,0,0,2624,20,15
134495038,2037,56,2,0,0,0,0,0,0,0,0,0,0,2626,18,14
134558343,2038,56,2,0,0,0,0,0,0,0,0,0,0,2625,18,15
134621647,2039,56,2,0,0,0,0,0,0,0,0,0,0,2626,19,16
134684952,2040,56,2,0,0,0,0,0,0,0,0,0,0,2625,17,14
134752886,2041,56,2,0,0,0,0,0,0,0,0,0,0,2626,18,13
134816178,2042,56,2,0,0,0,0,0,0,0,0,0,0,2626,18,13
134879482,2043,56,2,0,0,0,0,0,0,0,0,0,0,2624,18,16
134942786,2044,56,2,0,0,0,0,0,0,0,0,0,0,2627,19,14
135006089,2045,56,2,0,0,0,0,0,0,0,0,0,0,2626,17,15
135069394,2046,56,2,0,0,0,0,0,0,0,0,0,0,2625,16,13
135132697,2047,56,2,0,0,0,0,0,0,0,0,0,0,2626,17,14
135196001,2048,56,2,0,0,0,0,0,0,0,0,0,0,2624,17,15
135259305,2049,56,2,0,0,0,0,0,0,0,0,0,0,2626,19,14
135322609,2050,56,2,0,0,0,0,0,0,0,0,0,0,2624,19,17
135385914,2051,56,2,0,0,0,0,0,0,0,0,0,0,2623,20,15
135449217,2052,56,2,0,0,0,0,0,0,0,0,0,0,2626,18,15
135512522,2053,56,2,0,0,0,0,0,0,0,0,0,0,2626,19,13
135575827,2054,56,2,0,0,0,0,0,0,0,0,0,0,2625,19,15
135639131,2055,56,2,0,0,0,0,0,0,0,0,0,0,2624,17,15
135702436,2056,56,2,0,0,0,0,0,0,0,0,0,0,2625,18,13
135765740,2057,56,2,0,0,0,0,0,0,0,0,0,0,2626,18,14
135829044,2058,56,2,0,0,0,0,0,0,0,0,0,0,2625,19,13
135892349,2059,56,2,0,0,0,0,0,0,0,0,0,0,2625,18,14
135955653,2060,56,2,0,0,0,0,0,0,0,0,0,0,2625,18,15
136018958,2061,56,2,0,0,0,0,0,0,0,0,0,0,2624,18,15
136082262,2062,56,2,0,0,0,0,0,0,0,0,0,0,2626,19,16
136145566,2063,56,2,0,0,0,0,0,0,0,0,0,0,2625,18,14
136208871,2064,56,2,0,0,0,0,0,0,0,0,0,0,2625,19,14
136272174,2065,56,2,0,0,0,0,0,0,0,0,0,0,2624,18,15
136335478,2066,56,2,0,0,0,0,0,0,0,0,0,0,2628,20,14
136398783,2067,56,2,0,0,0,0,0,0,0,0,0,0,2626,16,14
136462087,2068,56,2,0,0,0,0,0,0,0,0,0,0,2624,19,15
136525391,2069,56,2,0,0,0,0,0,0,0,0,0,0,2626,19,15
136588695,2070,56,2,0,0,0,0,0,0,0,0,0,0,2625,18,14
136652000,2071,56,2,0,0,0,0,0,0,0,0,0,0,2626,20,15
136715304,2072,56,2,0,0,0,0,0,0,0,0,0,0,2628,19,14
136778607,2073,56,2,0,0,0,0,0,0,0,0,0,0,2624,17,16
136841912,2074,56,2,0,0,0,0,0,0,0,0,0,0,2624,20,15
136905216,2075,56,2,0,0,0,0,0,0,0,0,0,0,2626,19,15
136968521,2076,56,2,0,0,0,0,0,0,0,0,0,0,2625,19,14
137031825,2077,56,2,0,0,0,0,0,0,0,0,0,0,2625,16,14
137095129,2078,56,2,0,0,0,0,0,0,0,0,0,0,2626,20,15
137158434,2079,56,2,0,0,0,0,0,0,0,0,0,0,2624,19,16
137221738,2080,56,2,0,0,0,0,0,0,0,0,0,0,2625,20,16
137285042,2081,56,2,0,0,0,0,0,0,0,0,0,0,2625,18,13
137348347,2082,56,2,0,0,0,0,0,0,0,0,0,0,2625,18,15
137411651,2083,56,2,0,0,0,0,0,0,0,0,0,0,2627,20,15
137474954,2084,56,2,0,0,0,0,0,0,0,0,0,0,2624,18,16
137538258,2085,56,2,0,0,0,0,0,0,0,0,0,0,2625,19,15
137601561,2086,56,2,0,0,0,0,0,0,0,0,0,0,2627,19,14
137664865,2087,56,2,0,0,0,0,0,0,0,0,0,0,2624,18,14
137728169,2088,56,2,0,0,0,0,0,0,0,0,0,0,2626,19,14
137791473,2089,56,2,0,0,0,0,0,0,0,0,0,0,2625,19,13
137854778,2090,56,2,0,0,0,0,0,0,0,0,0,0,2624,18,15
137918082,2091,56,2,0,0,0,0,0,0,0,0,0,0,2626,19,13
137981386,2092,56,2,0,0,0,0,0,0,0,0,0,0,2624,17,15
138044690,2093,56,2,0,0,0,0,0,0,0,0,0,0,2626,19,15
138107994,2094,56,2,0,0,0,0,0,0,0,0,0,0,2625,18,15
138171299,2095,56,2,0,0,0,0,0,0,0,0,0,0,2623,18,15
138234603,2096,56,2,0,0,0,0,0,0,0,0,0,0,2626,20,15
138297908,2097,56,2,0,0,0,0,0,0,0,0,0,0,2626,19,14
138361213,2098,56,2,0,0,0,0,0,0,0,0,0,0,2624,17,14
138424517,2099,56,2,0,0,0,0,0,0,0,0,0,0,2624,16,14
138487821,2100,56,2,0,0,0,0,0,0,0,0,0,0,2624,19,14
138551125,2101,56,2,0,0,0,0,0,0,0,0,0,0,2625,18,14
138614431,2102,56,2,0,0,0,0,0,0,0,0,0,0,2625,18,15
138677735,2103,56,2,0,0,0,0,0,0,0,0,0,0,2624,19,15
138741040,2104,56,2,0,0,0,0,0,0,0,0,0,0,2624,19,15
138804345,2105,56,2,0,0,0,0,0,0,0,0,0,0,2625,19,15
138867650,2106,56,2,0,0,0,0,0,0,0,0,0,0,2626,16,16
138930955,2107,56,2,0,0,0,0,0,0,0,0,0,0,2625,20,14
138994259,2108,56,2,0,0,0,0,0,0,0,0,0,0,2626,19,14
139057563,2109,56,2,0,0,0,0,0,0,0,0,0,0,2626,18,14
139120866,2110,56,2,0,0,0,0,0,0,0,0,0,0,2625,18,15
139184170,2111,56,2,0,0,0,0,0,0,0,0,0,0,2626,18,15
139247473,2112,56,2,0,0,0,0,0,0,0,0,0,0,2627,19,14
139310778,2113,56,2,0,0,0,0,0,0,0,0,0,0,2624,20,15
139374082,2114,56,2,0,0,0,0,0,0,0,0,0,0,2625,17,15
139437387,2115,56,2,0,0,0,0,0,0,0,0,0,0,2625,18,13
139500691,2116,56,2,0,0,0,0,0,0,0,0,0,0,2623,18,16
139563995,2117,56,2,0,0,0,0,0,0,0,0,0,0,2626,19,15
139627299,2118,56,2,0,0,0,0,0,0,0,0,0,0,2625,18,14
139690604,2119,56,2,0,0,0,0,0,0,0,0,0,0,2625,18,15
139753908,2120,56,2,0,0,0,0,0,0,0,0,0,0,2626,19,14
139817213,2121,56,2,0,0,0,0,0,0,0,0,0,0,2624,17,14
139880517,2122,56,2,0,0,0,0,0,0,0,0,0,0,2626,18,15
139943821,2123,56,2,0,0,0,0,0,0,0,0,0,0,2626,19,15
140007125,2124,56,2,0,0,0,0,0,0,0,0,0,0,2624,18,14
140070430,2125,56,2,0,0,0,0,0,0,0,0,0,0,2625,17,14
140138563,2126,56,2,0,0,0,0,0,0,0,0,0,0,2626,18,14
140201855,2127,56,2,0,0,0,0,0,0,0,0,0,0,2626,19,17
140265159,2128,56,2,0,0,0,0,0,0,0,0,0,0,2625,17,15
140328464,2129,56,2,0,0,0,0,0,0,0,0,0,0,2625,19,16
140391768,2130,56,2,0,0,0,0,0,0,0,0,0,0,2626,18,15
140455071,2131,56,2,0,0,0,0,0,0,0,0,0,0,2625,18,16
140518376,2132,56,2,0,0,0,0,0,0,0,0,0,0,2624,19,15
140581680,2133,56,2,0,0,0,0,0,0,0,0,0,0,2627,18,15
140644984,2134,56,2,0,0,0,0,0,0,0,0,0,0,2624,18,15
140708289,2135,56,2,0,0,0,0,0,0,0,0,0,0,2625,18,15
140771593,2136,56,2,0,0,0,0,0,0,0,0,0,0,2627,18,15
140834897,2137,56,2,0,0,0,0,0,0,0,0,0,0,2625,18,14
140898201,2138,56,2,0,0,0,0,0,0,0,0,0,0,2625,20,16
140961506,2139,56,2,0,0,0,0,0,0,0,0,0,0,2625,18,14
141024810,2140,56,2,0,0,0,0,0,0,0,0,0,0,2624,19,16
141088114,2141,56,2,0,0,0,0,0,0,0,0,0,0,2626,18,15
141151419,2142,56,2,0,0,0,0,0,0,0,0,0,0,2624,18,15
141214723,2143,56,2,0,0,0,0,0,0,0,0,0,0,2625,19,16
141278027,2144,56,2,0,0,0,0,0,0,0,0,0,0,2625,19,13
141341332,2145,56,2,0,0,0,0,0,0,0,0,0,0,2624,17,17
141404637,2146,56,2,0,0,0,0,0,0,0,0,0,0,2627,19,15
141467942,2147,56,2,0,0,0,0,0,0,0,0,0,0,2625,19,16
141531246,2148,56,2,0,0,0,0,0,0,0,0,0,0,2625,20,15
141594551,2149,56,2,0,0,0,0,0,0,0,0,0,0,2627,17,14
141657856,2150,56,2,0,0,0,0,0,0,0,0,0,0,2626,17,14
141721159,2151,56,2,0,0,0,0,0,0,0,0,0,0,2625,18,15
141784464,2152,56,2,0,0,0,0,0,0,0,0,0,0,2626,18,14
141847768,2153,56,2,0,0,0,0,0,0,0,0,0,0,2622,19,15
141911073,2154,56,2,0,0,0,0,0,0,0,0,0,0,2625,20,15
141974377,2155,56,2,0,0,0,0,0,0,0,0,0,0,2624,17,14
142037681,2156,56,2,0,0,0,0,0,0,0,0,0,0,2625,17,15
142100985,2157,56,2,0,0,0,0,0,0,0,0,0,0,2625,20,16
142164289,2158,56,2,0,0,0,0,0,0,0,0,0,0,2625,18,14
142227593,2159,56,2,0,0,0,0,0,0,0,0,0,0,2625,17,15
142290898,2160,56,2,0,0,0,0,0,0,0,0,0,0,2625,17,17
142354202,2161,56,2,0,0,0,0,0,0,0,0,0,0,2625,19,17
142417506,2162,56,2,0,0,0,0,0,0,0,0,0,0,2626,20,14
142480809,2163,56,2,0,0,0,0,0,0,0,0,0,0,2626,19,15
142544113,2164,56,2,0,0,0,0,0,0,0,0,0,0,2627,19,16
142607418,2165,56,2,0,0,0,0,0,0,0,0,0,0,2626,18,16
142670722,2166,56,2,0,0,0,0,0,0,0,0,0,0,2626,18,14
142734027,2167,56,2,0,0,0,0,0,0,0,0,0,0,2625,20,14
142797331,2168,56,2,0,0,0,0,0,0,0,0,0,0,2625,19,14
142860634,2169,56,2,0,0,0,0,0,0,0,0,0,0,2623,19,16
142923939,2170,56,2,0,0,0,0,0,0,0,0,0,0,2625,20,14
142987243,2171,56,2,0,0,0,0,0,0,0,0,0,0,2625,20,15
143050547,2172,56,2,0,0,0,0,0,0,0,0,0,0,2627,19,14
143113851,2173,56,2,0,0,0,0,0,0,0,0,0,0,2625,17,14
143177155,2174,56,2,0,0,0,0,0,0,0,0,0,0,2625,20,16
143240459,2175,56,2,0,0,0,0,0,0,0,0,0,0,2624,18,15
143303763,2176,56,2,0,0,0,0,0,0,0,0,0,0,2625,20,15
143367067,2177,56,2,0,0,0,0,0,0,0,0,0,0,2627,17,15
143430372,2178,56,2,0,0,0,0,0,0,0,0,0,0,2624,18,15
143493676,2179,56,2,0,0,0,0,0,0,0,0,0,0,2626,19,16
143556980,2180,56,2,0,0,0,0,0,0,0,0,0,0,2625,18,16
143620285,2181,56,2,0,0,0,0,0,0,0,0,0,0,2625,19,15
143683589,2182,56,2,0,0,0,0,0,0,0,0,0,0,2625,19,15
143746893,2183,56,2,0,0,0,0,0,0,0,0,0,0,2625,20,15
143810197,2184,56,2,0,0,0,0,0,0,0,0,0,0,2625,17,14
143873502,2185,56,2,0,0,0,0,0,0,0,0,0,0,2625,19,15
143936806,2186,56,2,0,0,0,0,0,0,0,0,0,0,2625,18,15
144000110,2187,56,2,0,0,0,0,0,0,0,0,0,0,2625,19,15
144063414,2188,56,2,0,0,0,0,0,0,0,0,0,0,2624,19,14
144126719,2189,56,2,0,0,0,0,0,0,0,0,0,0,2624,18,16
144190023,2190,56,2,0,0,0,0,0,0,0,0,0,0,2625,17,14
144253327,2191,56,2,0,0,0,0,0,0,0,0,0,0,2627,18,15
144316631,2192,56,2,0,0,0,0,0,0,0,0,0,0,2624,18,16
144379935,2193,56,2,0,0,0,0,0,0,0,0,0,0,2625,18,16
144443239,2194,56,2,0,0,0,0,0,0,0,0,0,0,2625,19,15
144506544,2195,56,2,0,0,0,0,0,0,0,0,0,0,2625,17,14
144569849,2196,56,2,0,0,0,0,0,0,0,0,0,0,2623,18,16
144633153,2197,56,2,0,0,0,0,0,0,0,0,0,0,2626,19,14
144696458,2198,56,2,0,0,0,0,0,0,0,0,0,0,2625,18,14
144759762,2199,56,2,0,0,0,0,0,0,0,0,0,0,2626,20,14
144823066,2200,56,2,0,0,0,0,0,0,0,0,0,0,2626,20,15
144886371,2201,56,2,0,0,0,0,0,0,0,0,0,0,2625,17,14
144949675,2202,56,2,0,0,0,0,0,0,0,0,0,0,2626,18,14
145012979,2203,56,2,0,0,0,0,0,0,0,0,0,0,2625,17,15
145076284,2204,56,2,0,0,0,0,0,0,0,0,0,0,2625,19,15
145139589,2205,56,2,0,0,0,0,0,0,0,0,0,0,2625,20,16
145202894,2206,56,2,0,0,0,0,0,0,0,0,0,0,2627,17,16
145266198,2207,56,2,0,0,0,0,0,0,0,0,0,0,2625,19,16
145329503,2208,56,2,0,0,0,0,0,0,0,0,0,0,2625,20,14
145392807,2209,56,2,0,0,0,0,0,0,0,0,0,0,2625,20,16
145456111,2210,56,2,0,0,0,0,0,0,0,0,0,0,2625,18,15
145526126,2211,56,2,0,0,0,0,0,0,0,0,0,0,2624,18,16
145589418,2212,56,2,0,0,0,0,0,0,0,0,0,0,2626,19,14
145652722,2213,56,2,0,0,0,0,0,0,0,0,0,0,2623,18,15
145716027,2214,56,2,0,0,0,0,0,0,0,0,0,0,2625,19,15
145779331,2215,56,2,0,0,0,0,0,0,0,0,0,0,2625,19,17
145842634,2216,56,2,0,0,0,0,0,0,0,0,0,0,2625,17,17
145905939,2217,56,2,0,0,0,0,0,0,0,0,0,0,2625,19,15
145969243,2218,56,2,0,0,0,0,0,0,0,0,0,0,2626,18,14
146032547,2219,56,2,0,0,0,0,0,0,0,0,0,0,2627,19,15
146095850,2220,56,2,0,0,0,0,0,0,0,0,0,0,2625,18,14
146159155,2221,56,2,0,0,0,0,0,0,0,0,0,0,2625,18,16
146222460,2222,56,2,0,0,0,0,0,0,0,0,0,0,2625,19,15
146285764,2223,56,2,0,0,0,0,0,0,0,0,0,0,2626,19,16
146349068,2224,56,2,0,0,0,0,0,0,0,0,0,0,2625,18,14
146412374,2225,56,2,0,0,0,0,0,0,0,0,0,0,2627,17,15
146475678,2226,56,2,0,0,0,0,0,0,0,0,0,0,2624,16,14
146538983,2227,56,2,0,0,0,0,0,0,0,0,0,0,2624,18,13
146602287,2228,56,2,0,0,0,0,0,0,0,0,0,0,2625,19,15
146665591,2229,56,2,0,0,0,0,0,0,0,0,0,0,2625,18,16
146728896,2230,56,2,0,0,0,0,0,0,0,0,0,0,2625,19,15
146792200,2231,56,2,0,0,0,0,0,0,0,0,0,0,2627,18,15
146855505,2232,56,2,0,0,0,0,0,0,0,0,0,0,2624,18,15
146918809,2233,56,2,0,0,0,0,0,0,0,0,0,0,2624,19,14
146982113,2234,56,2,0,0,0,0,0,0,0,0,0,0,2626,18,14
147045417,2235,56,2,0,0,0,0,0,0,0,0,0,0,2627,20,15
147108722,2236,56,2,0,0,0,0,0,0,0,0,0,0,2624,18,16
147172026,2237,56,2,0,0,0,0,0,0,0,0,0,0,2624,16,16
147235331,2238,56,2,0,0,0,0,0,0,0,0,0,0,2624,19,14
147298635,2239,56,2,0,0,0,0,0,0,0,0,0,0,2623,19,17
147361939,2240,56,2,0,0,0,0,0,0,0,0,0,0,2627,16,13
147425244,2241,56,2,0,0,0,0,0,0,0,0,0,0,2627,20,14
147488548,2242,56,2,0,0,0,0,0,0,0,0,0,0,2627,19,16
147551853,2243,56,2,0,0,0,0,0,0,0,0,0,0,2626,18,13
147615156,2244,56,2,0,0,0,0,0,0,0,0,0,0,2626,17,14
147678461,2245,56,2,0,0,0,0,0,0,0,0,0,0,2625,19,15
147741765,2246,56,2,0,0,0,0,0,0,0,0,0,0,2624,18,16
147805069,2247,56,2,0,0,0,0,0,0,0,0,0,0,2627,19,14
147868374,2248,56,2,0,0,0,0,0,0,0,0,0,0,2624,19,15
147931678,2249,56,2,0,0,0,0,0,0,0,0,0,0,2624,18,16
147994982,2250,56,2,0,0,0,0,0,0,0,0,0,0,2625,18,16
148058288,2251,56,2,0,0,0,0,0,0,0,0,0,0,2625,19,14
148121592,2252,56,2,0,0,0,0,0,0,0,0,0,0,2624,18,14
148184897,2253,56,2,0,0,0,0,0,0,0,0,0,0,2625,19,13
148248201,2254,56,2,0,0,0,0,0,0,0,0,0,0,2623,20,16
148311506,2255,56,2,0,0,0,0,0,0,0,0,0,0,2627,20,14
148374810,2256,56,2,0,0,0,0,0,0,0,0,0,0,2623,21,15
148438114,2257,56,2,0,0,0,0,0,0,0,0,0,0,2624,18,15
148501418,2258,56,2,0,0,0,0,0,0,0,0,0,0,2625,19,16
148564722,2259,56,2,0,0,0,0,0,0,0,0,0,0,2623,18,15
148628027,2260,56,2,0,0,0,0,0,0,0,0,0,0,2625,19,16
148691331,2261,56,2,0,0,0,0,0,0,0,0,0,0,2626,18,17
148754634,2262,56,2,0,0,0,0,0,0,0,0,0,0,2625,19,15
148817939,2263,56,2,0,0,0,0,0,0,0,0,0,0,2624,20,15
148881243,2264,56,2,0,0,0,0,0,0,0,0,0,0,2625,17,15
148944547,2265,56,2,0,0,0,0,0,0,0,0,0,0,2626,19,16
149007850,2266,56,2,0,0,0,0,0,0,0,0,0,0,2625,20,16
149071155,2267,56,2,0,0,0,0,0,0,0,0,0,0,2625,19,15
149134460,2268,56,2,0,0,0,0,0,0,0,0,0,0,2625,19,14
149197764,2269,56,2,0,0,0,0,0,0,0,0,0,0,2626,19,16
149261068,2270,56,2,0,0,0,0,0,0,0,0,0,0,2626,18,14
149324374,2271,56,2,0,0,0,0,0,0,0,0,0,0,2626,18,15
149387678,2272,56,2,0,0,0,0,0,0,0,0,0,0,2625,18,16
149450984,2273,56,2,0,0,0,0,0,0,0,0,0,0,2624,18,16
149514288,2274,56,2,0,0,0,0,0,0,0,0,0,0,2623,19,16
149577592,2275,56,2,0,0,0,0,0,0,0,0,0,0,2623,19,15
149640897,2276,56,2,0,0,0,0,0,0,0,0,0,0,2626,18,15
149704201,2277,56,2,0,0,0,0,0,0,0,0,0,0,2625,19,16
149767506,2278,56,2,0,0,0,0,0,0,0,0,0,0,2624,20,15
149830810,2279,56,2,0,0,0,0,0,0,0,0,0,0,2625,20,16
149894114,2280,56,2,0,0,0,0,0,0,0,0,0,0,2624,19,16
149957418,2281,56,2,0,0,0,0,0,0,0,0,0,0,2625,18,15
150020723,2282,56,2,0,0,0,0,0,0,0,0,0,0,2626,19,14
150084027,2283,56,2,0,0,0,0,0,0,0,0,0,0,2625,18,13
150147333,2284,56,2,0,0,0,0,0,0,0,0,0,0,2624,18,14
150210638,2285,56,2,0,0,0,0,0,0,0,0,0,0,2626,18,15
150273943,2286,56,2,0,0,0,0,0,0,0,0,0,0,2624,20,15
150337246,2287,56,2,0,0,0,0,0,0,0,0,0,0,2625,18,15
150400551,2288,56,2,0,0,0,0,0,0,0,0,0,0,2625,19,15
150463856,2289,56,2,0,0,0,0,0,0,0,0,0,0,2625,18,16
150527159,2290,56,2,0,0,0,0,0,0,0,0,0,0,2626,19,14
150590464,2291,56,2,0,0,0,0,0,0,0,0,0,0,2624,18,14
150653769,2292,56,2,0,0,0,0,0,0,0,0,0,0,2625,17,15
150717074,2293,56,2,0,0,0,0,0,0,0,0,0,0,2626,19,16
150780379,2294,56,2,0,0,0,0,0,0,0,0,0,0,2624,19,16
150843682,2295,56,2,0,0,0,0,0,0,0,0,0,0,2625,19,16
150911869,2296,56,2,0,0,0,0,0,0,0,0,0,0,2625,18,14
150975160,2297,56,2,0,0,0,0,0,0,0,0,0,0,2625,18,15
151038465,2298,56,2,0,0,0,0,0,0,0,0,0,0,2624,18,16
151101769,2299,56,2,0,0,0,0,0,0,0,0,0,0,2625,20,15
151165074,2300,56,2,0,0,0,0,0,0,0,0,0,0,2625,17,15
151228379,2301,56,2,0,0,0,0,0,0,0,0,0,0,2625,19,14
151291683,2302,56,2,0,0,0,0,0,0,0,0,0,0,2626,17,14
151354987,2303,56,2,0,0,0,0,0,0,0,0,0,0,2625,18,15
151418292,2304,56,2,0,0,0,0,0,0,0,0,0,0,2625,17,15
151481596,2305,56,2,0,0,0,0,0,0,0,0,0,0,2625,17,14
151544901,2306,56,2,0,0,0,0,0,0,0,0,0,0,2626,17,15
151608205,2307,56,2,0,0,0,0,0,0,0,0,0,0,2625,19,14
151671509,2308,56,2,0,0,0,0,0,0,0,0,0,0,2626,17,15
151734814,2309,56,2,0,0,0,0,0,0,0,0,0,0,2625,19,15
151798118,2310,56,2,0,0,0,0,0,0,0,0,0,0,2624,19,15
151861422,2311,56,2,0,0,0,0,0,0,0,0,0,0,2626,19,14
151924726,2312,56,2,0,0,0,0,0,0,0,0,0,0,2623,19,16
151988031,2313,56,2,0,0,0,0,0,0,0,0,0,0,2627,19,15
152051335,2314,56,2,0,0,0,0,0,0,0,0,0,0,2625,19,15
152114639,2315,56,2,0,0,0,0,0,0,0,0,0,0,2626,20,15
152177943,2316,56,2,0,0,0,0,0,0,0,0,0,0,2624,19,15
152241247,2317,56,2,0,0,0,0,0,0,0,0,0,0,2626,18,14
152304550,2318,56,2,0,0,0,0,0,0,0,0,0,0,2624,18,15
152367855,2319,56,2,0,0,0,0,0,0,0,0,0,0,2624,17,14
152431159,2320,56,2,0,0,0,0,0,0,0,0,0,0,2625,18,13
152494463,2321,56,2,0,0,0,0,0,0,0,0,0,0,2627,18,13
152557767,2322,56,2,0,0,0,0,0,0,0,0,0,0,2624,18,15
152621072,2323,56,2,0,0,0,0,0,0,0,0,0,0,2626,17,15
152684376,2324,56,2,0,0,0,0,0,0,0,0,0,0,2624,18,14
152747680,2325,56,2,0,0,0,0,0,0,0,0,0,0,2626,17,15
152810984,2326,56,2,0,0,0,0,0,0,0,0,0,0,2625,19,15
152874289,2327,56,2,0,0,0,0,0,0,0,0,0,0,2626,18,16
152937593,2328,56,2,0,0,0,0,0,0,0,0,0,0,2626,18,17
153000897,2329,56,2,0,0,0,0,0,0,0,0,0,0,2624,19,15
153064201,2330,56,2,0,0,0,0,0,0,0,0,0,0,2625,20,16
153127506,2331,56,2,0,0,0,0,0,0,0,0,0,0,2625,20,15
153190809,2332,56,2,0,0,0,0,0,0,0,0,0,0,2623,19,16
153254113,2333,56,2,0,0,0,0,0,0,0,0,0,0,2625,18,16
153317418,2334,56,2,0,0,0,0,0,0,0,0,0,0,2625,18,15
153380722,2335,56,2,0,0,0,0,0,0,0,0,0,0,2623,17,16
153444027,2336,56,2,0,0,0,0,0,0,0,0,0,0,2626,19,13
153507331,2337,56,2,0,0,0,0,0,0,0,0,0,0,2626,18,14
153570634,2338,56,2,0,0,0,0,0,0,0,0,0,0,2626,19,14
153633939,2339,56,2,0,0,0,0,0,0,0,0,0,0,2626,19,15
153697243,2340,56,2,0,0,0,0,0,0,0,0,0,0,2625,20,14
153760547,2341,56,2,0,0,0,0,0,0,0,0,0,0,2625,19,16
153823852,2342,56,2,0,0,0,0,0,0,0,0,0,0,2626,18,15
153887155,2343,56,2,0,0,0,0,0,0,0,0,0,0,2625,20,17
153950460,2344,56,2,0,0,0,0,0,0,0,0,0,0,2623,17,15
154013764,2345,56,2,0,0,0,0,0,0,0,0,0,0,2624,18,14
154077068,2346,56,2,0,0,0,0,0,0,0,0,0,0,2626,18,14
154140372,2347,56,2,0,0,0,0,0,0,0,0,0,0,2626,19,16
154203676,2348,56,2,0,0,0,0,0,0,0,0,0,0,2626,19,16
154266980,2349,56,2,0,0,0,0,0,0,0,0,0,0,2623,19,16
154330285,2350,56,2,0,0,0,0,0,0,0,0,0,0,2627,18,12
154393589,2351,56,2,0,0,0,0,0,0,0,0,0,0,2627,19,14
154456894,2352,56,2,0,0,0,0,0,0,0,0,0,0,2627,20,16
154520198,2353,56,2,0,0,0,0,0,0,0,0,0,0,2625,17,14
154583503,2354,56,2,0,0,0,0,0,0,0,0,0,0,2626,20,14
154646807,2355,56,2,0,0,0,0,0,0,0,0,0,0,2625,19,14
154710111,2356,56,2,0,0,0,0,0,0,0,0,0,0,2625,18,15
154773416,2357,56,2,0,0,0,0,0,0,0,0,0,0,2623,17,15
154836720,2358,56,2,0,0,0,0,0,0,0,0,0,0,2625,17,13
154900024,2359,56,2,0,0,0,0,0,0,0,0,0,0,2625,18,14
154963329,2360,56,2,0,0,0,0,0,0,0,0,0,0,2625,16,14
155026632,2361,56,2,0,0,0,0,0,0,0,0,0,0,2626,19,14
155089937,2362,56,2,0,0,0,0,0,0,0,0,0,0,2623,18,14
155153241,2363,56,2,0,0,0,0,0,0,0,0,0,0,2625,19,14
155216545,2364,56,2,0,0,0,0,0,0,0,0,0,0,2626,19,16
155279850,2365,56,2,0,0,0,0,0,0,0,0,0,0,2625,18,16
155343153,2366,56,2,0,0,0,0,0,0,0,0,0,0,2626,17,13
155406459,2367,56,2,0,0,0,0,0,0,0,0,0,0,2624,19,16
155469762,2368,56,2,0,0,0,0,0,0,0,0,0,0,2625,19,14
155533066,2369,56,2,0,0,0,0,0,0,0,0,0,0,2624,20,15
155596371,2370,56,2,0,0,0,0,0,0,0,0,0,0,2625,18,13
155659675,2371,56,2,0,0,0,0,0,0,0,0,0,0,2627,17,15
155722979,2372,56,2,0,0,0,0,0,0,0,0,0,0,2625,19,16
155786283,2373,56,2,0,0,0,0,0,0,0,0,0,0,2623,17,14
155849588,2374,56,2,0,0,0,0,0,0,0,0,0,0,2625,19,14
155912893,2375,56,2,0,0,0,0,0,0,0,0,0,0,2627,19,14
155976196,2376,56,2,0,0,0,0,0,0,0,0,0,0,2627,18,15
156039500,2377,56,2,0,0,0,0,0,0,0,0,0,0,2624,18,13
156102805,2378,56,2,0,0,0,0,0,0,0,0,0,0,2626,20,14
156166108,2379,56,2,0,0,0,0,0,0,0,0,0,0,2625,18,15
156229413,2380,56,2,0,0,0,0,0,0,0,0,0,0,2625,18,16
156297435,2381,56,2,0,0,0,0,0,0,0,0,0,0,2625,17,15
156360727,2382,56,2,0,0,0,0,0,0,0,0,0,0,2625,19,17
156424031,2383,56,2,0,0,0,0,0,0,0,0,0,0,2625,19,16
156487336,2384,56,2,0,0,0,0,0,0,0,0,0,0,2626,19,15
156550640,2385,56,2,0,0,0,0,0,0,0,0,0,0,2624,20,16
156613944,2386,56,2,0,0,0,0,0,0,0,0,0,0,2626,20,15
156677248,2387,56,2,0,0,0,0,0,0,0,0,0,0,2625,17,15
156740552,2388,56,2,0,0,0,0,0,0,0,0,0,0,2627,17,14
156803857,2389,56,2,0,0,0,0,0,0,0,0,0,0,2625,19,16
156867161,2390,56,2,0,0,0,0,0,0,0,0,0,0,2625,17,13
156930465,2391,56,2,0,0,0,0,0,0,0,0,0,0,2625,19,14
156993769,2392,56,2,0,0,0,0,0,0,0,0,0,0,2623,20,16
157057074,2393,56,2,0,0,0,0,0,0,0,0,0,0,2625,18,14
157120378,2394,56,2,0,0,0,0,0,0,0,0,0,0,2626,19,15
157183682,2395,56,2,0,0,0,0,0,0,0,0,0,0,2626,19,15
157246986,2396,56,2,0,0,0,0,0,0,0,0,0,0,2626,18,15
157310291,2397,56,2,0,0,0,0,0,0,0,0,0,0,2623,19,16
157373595,2398,56,2,0,0,0,0,0,0,0,0,0,0,2627,18,15
157436899,2399,56,2,0,0,0,0,0,0,0,0,0,0,2624,19,15
157500203,2400,56,2,0,0,0,0,0,0,0,0,0,0,2626,18,14
157563507,2401,56,2,0,0,0,0,0,0,0,0,0,0,2625,19,15
157626812,2402,56,2,0,0,0,0,0,0,0,0,0,0,2625,18,14
157690116,2403,56,2,0,0,0,0,0,0,0,0,0,0,2624,20,15
157753420,2404,56,2,0,0,0,0,0,0,0,0,0,0,2625,17,15
157816724,2405,56,2,0,0,0,0,0,0,0,0,0,0,2625,17,15
157880028,2406,56,2,0,0,0,0,0,0,0,0,0,0,2624,20,13
157943333,2407,56,2,0,0,0,0,0,0,0,0,0,0,2626,19,16
158006637,2408,56,2,0,0,0,0,0,0,0,0,0,0,2623,18,16
158069942,2409,56,2,0,0,0,0,0,0,0,0,0,0,2625,19,16
158133246,2410,56,2,0,0,0,0,0,0,0,0,0,0,2625,18,15
158196551,2411,56,2,0,0,0,0,0,0,0,0,0,0,2627,19,15
158259856,2412,56,2,0,0,0,0,0,0,0,0,0,0,2624,18,15
158323159,2413,56,2,0,0,0,0,0,0,0,0,0,0,2626,19,15
158386464,2414,56,2,0,0,0,0,0,0,0,0,0,0,2625,19,16
158449768,2415,56,2,0,0,0,0,0,0,0,0,0,0,2624,18,15
158513073,2416,56,2,0,0,0,0,0,0,0,0,0,0,2625,18,14
158576377,2417,56,2,0,0,0,0,0,0,0,0,0,0,2624,18,15
158639681,2418,56,2,0,0,0,0,0,0,0,0,0,0,2627,19,14
158702985,2419,56,2,0,0,0,0,0,0,0,0,0,0,2624,19,16
158766289,2420,56,2,0,0,0,0,0,0,0,0,0,0,2625,17,15
158829593,2421,56,2,0,0,0,0,0,0,0,0,0,0,2625,20,16
158892899,2422,56,2,0,0,0,0,0,0,0,0,0,0,2624,17,14
158956202,2423,56,2,0,0,0,0,0,0,0,0,0,0,2627,19,15
159019506,2424,56,2,0,0,0,0,0,0,0,0,0,0,2624,17,13
159082811,2425,56,2,0,0,0,0,0,0,0,0,0,0,2625,18,16
159146115,2426,56,2,0,0,0,0,0,0,0,0,0,0,2626,19,15
159209419,2427,56,2,0,0,0,0,0,0,0,0,0,0,2627,18,13
159272723,2428,56,2,0,0,0,0,0,0,0,0,0,0,2625,18,15
159336027,2429,56,2,0,0,0,0,0,0,0,0,0,0,2624,19,14
159399332,2430,56,2,0,0,0,0,0,0,0,0,0,0,2626,19,16
159462637,2431,56,2,0,0,0,0,0,0,0,0,0,0,2625,17,15
159525941,2432,56,2,0,0,0,0,0,0,0,0,0,0,2627,20,15
159589245,2433,56,2,0,0,0,0,0,0,0,0,0,0,2626,18,15
159652549,2434,56,2,0,0,0,0,0,0,0,0,0,0,2625,17,15
159715854,2435,56,2,0,0,0,0,0,0,0,0,0,0,2623,18,16
159779158,2436,56,2,0,0,0,0,0,0,0,0,0,0,2625,18,16
159842464,2437,56,2,0,0,0,0,0,0,0,0,0,0,2625,18,15
159905767,2438,56,2,0,0,0,0,0,0,0,0,0,0,2623,18,14
159969071,2439,56,2,0,0,0,0,0,0,0,0,0,0,2627,20,17
160032376,2440,56,2,0,0,0,0,0,0,0,0,0,0,2624,17,14
160095680,2441,56,2,0,0,0,0,0,0,0,0,0,0,2627,18,16
160158984,2442,56,2,0,0,0,0,0,0,0,0,0,0,2626,19,15
160222289,2443,56,2,0,0,0,0,0,0,0,0,0,0,2624,19,16
160285593,2444,56,2,0,0,0,0,0,0,0,0,0,0,2626,18,14
160348897,2445,56,2,0,0,0,0,0,0,0,0,0,0,2625,18,16
160412201,2446,56,2,0,0,0,0,0,0,0,0,0,0,2624,18,15
160475506,2447,56,2,0,0,0,0,0,0,0,0,0,0,2626,18,15
160538810,2448,56,2,0,0,0,0,0,0,0,0,0,0,2624,21,15
160602114,2449,56,2,0,0,0,0,0,0,0,0,0,0,2625,18,15
160665418,2450,56,2,0,0,0,0,0,0,0,0,0,0,2626,18,15
160728722,2451,56,2,0,0,0,0,0,0,0,0,0,0,2626,18,14
160792026,2452,56,2,0,0,0,0,0,0,0,0,0,0,2625,17,17
160855331,2453,56,2,0,0,0,0,0,0,0,0,0,0,2625,18,14
160918635,2454,56,2,0,0,0,0,0,0,0,0,0,0,2625,18,15
160981939,2455,56,2,0,0,0,0,0,0,0,0,0,0,2624,18,15
161045244,2456,56,2,0,0,0,0,0,0,0,0,0,0,2625,18,16
161108548,2457,56,2,0,0,0,0,0,0,0,0,0,0,2626,19,13
161171853,2458,56,2,0,0,0,0,0,0,0,0,0,0,2624,19,16
161235156,2459,56,2,0,0,0,0,0,0,0,0,0,0,2624,18,15
161298461,2460,56,2,0,0,0,0,0,0,0,0,0,0,2625,19,16
161361765,2461,56,2,0,0,0,0,0,0,0,0,0,0,2626,18,16
161425068,2462,56,2,0,0,0,0,0,0,0,0,0,0,2625,20,14
161488374,2463,56,2,0,0,0,0,0,0,0,0,0,0,2623,19,15
161551678,2464,56,2,0,0,0,0,0,0,0,0,0,0,2625,18,15
161614983,2465,56,2,0,0,0,0,0,0,0,0,0,0,2625,18,13
161683409,2466,56,2,0,0,0,0,0,0,0,0,0,0,2626,18,15
161746701,2467,56,2,0,0,0,0,0,0,0,0,0,0,2625,18,16
161810006,2468,56,2,0,0,0,0,0,0,0,0,0,0,2625,18,15
161873310,2469,56,2,0,0,0,0,0,0,0,0,0,0,2625,18,14
161936615,2470,56,2,0,0,0,0,0,0,0,0,0,0,2625,18,15
161999919,2471,56,2,0,0,0,0,0,0,0,0,0,0,2625,17,14
162063223,2472,56,2,0,0,0,0,0,0,0,0,0,0,2625,18,14
162126528,2473,56,2,0,0,0,0,0,0,0,0,0,0,2627,20,15
162189832,2474,56,2,0,0,0,0,0,0,0,0,0,0,2624,18,14
162253135,2475,56,2,0,0,0,0,0,0,0,0,0,0,2624,18,15
162316441,2476,56,2,0,0,0,0,0,0,0,0,0,0,2623,17,15
162379744,2477,56,2,0,0,0,0,0,0,0,0,0,0,2624,19,15
162443048,2478,56,2,0,0,0,0,0,0,0,0,0,0,2625,18,14
162506352,2479,56,2,0,0,0,0,0,0,0,0,0,0,2627,18,15
162569656,2480,56,2,0,0,0,0,0,0,0,0,0,0,2625,18,15
162632960,2481,56,2,0,0,0,0,0,0,0,0,0,0,2626,19,14
162696264,2482,56,2,0,0,0,0,0,0,0,0,0,0,2625,18,14
162759568,2483,56,2,0,0,0,0,0,0,0,0,0,0,2626,19,14
162822873,2484,56,2,0,0,0,0,0,0,0,0,0,0,2627,18,14
162886177,2485,56,2,0,0,0,0,0,0,0,0,0,0,2625,17,14
162949481,2486,56,2,0,0,0,0,0,0,0,0,0,0,2625,18,14
163012786,2487,56,2,0,0,0,0,0,0,0,0,0,0,2624,19,14
163076089,2488,56,2,0,0,0,0,0,0,0,0,0,0,2626,19,16
163139394,2489,56,2,0,0,0,0,0,0,0,0,0,0,2625,19,15
163202698,2490,56,2,0,0,0,0,0,0,0,0,0,0,2624,17,16
163266002,2491,56,2,0,0,0,0,0,0,0,0,0,0,2625,17,13
163329306,2492,56,2,0,0,0,0,0,0,0,0,0,0,2625,19,14
163392609,2493,56,2,0,0,0,0,0,0,0,0,0,0,2626,19,15
163455914,2494,56,2,0,0,0,0,0,0,0,0,0,0,2625,20,16
163519217,2495,56,2,0,0,0,0,0,0,0,0,0,0,2625,20,13
163582522,2496,56,2,0,0,0,0,0,0,0,0,0,0,2627,19,14
163645827,2497,56,2,0,0,0,0,0,0,0,0,0,0,2625,20,16
163709131,2498,56,2,0,0,0,0,0,0,0,0,0,0,2625,19,16
163772436,2499,56,2,0,0,0,0,0,0,0,0,0,0,2625,17,14
163835740,2500,56,2,0,0,0,0,0,0,0,0,0,0,2625,18,16
163899044,2501,56,2,0,0,0,0,0,0,0,0,0,0,2624,19,15
163962349,2502,56,2,0,0,0,0,0,0,0,0,0,0,2623,20,15
164025653,2503,56,2,0,0,0,0,0,0,0,0,0,0,2625,18,16
164088958,2504,56,2,0,0,0,0,0,0,0,0,0,0,2626,19,15
164152263,2505,56,2,0,0,0,0,0,0,0,0,0,0,2626,18,16
164215566,2506,56,2,0,0,0,0,0,0,0,0,0,0,2625,18,15
164278871,2507,56,2,0,0,0,0,0,0,0,0,0,0,2625,19,15
164342174,2508,56,2,0,0,0,0,0,0,0,0,0,0,2625,19,14
164405478,2509,56,2,0,0,0,0,0,0,0,0,0,0,2624,19,15
164468783,2510,56,2,0,0,0,0,0,0,0,0,0,0,2623,17,15
164532087,2511,56,2,0,0,0,0,0,0,0,0,0,0,2624,17,16
164595392,2512,56,2,0,0,0,0,0,0,0,0,0,0,2625,18,15
164658696,2513,56,2,0,0,0,0,0,0,0,0,0,0,2624,18,16
164722001,2514,56,2,0,0,0,0,0,0,0,0,0,0,2626,18,15
164785305,2515,56,2,0,0,0,0,0,0,0,0,0,0,2625,20,15
164848609,2516,56,2,0,0,0,0,0,0,0,0,0,0,2626,20,15
164911914,2517,56,2,0,0,0,0,0,0,0,0,0,0,2625,20,16
164975217,2518,56,2,0,0,0,0,0,0,0,0,0,0,2624,21,16
165038522,2519,56,2,0,0,0,0,0,0,0,0,0,0,2626,18,15
165101827,2520,56,2,0,0,0,0,0,0,0,0,0,0,2624,20,15
165165131,2521,56,2,0,0,0,0,0,0,0,0,0,0,2625,19,16
165228436,2522,56,2,0,0,0,0,0,0,0,0,0,0,2624,19,16
165291740,2523,56,2,0,0,0,0,0,0,0,0,0,0,2625,17,14
165355044,2524,56,2,0,0,0,0,0,0,0,0,0,0,2624,17,13
165418349,2525,56,2,0,0,0,0,0,0,0,0,0,0,2626,19,15
165481653,2526,56,2,0,0,0,0,0,0,0,0,0,0,2626,18,15
165544958,2527,56,2,0,0,0,0,0,0,0,0,0,0,2627,18,14
165608263,2528,56,2,0,0,0,0,0,0,0,0,0,0,2625,19,14
165671566,2529,56,2,0,0,0,0,0,0,0,0,0,0,2626,19,16
165734871,2530,56,2,0,0,0,0,0,0,0,0,0,0,2624,21,15
165798174,2531,56,2,0,0,0,0,0,0,0,0,0,0,2626,20,15
165861478,2532,56,2,0,0,0,0,0,0,0,0,0,0,2625,19,13
165924782,2533,56,2,0,0,0,0,0,0,0,0,0,0,2624,19,14
165988086,2534,56,2,0,0,0,0,0,0,0,0,0,0,2626,19,14
166051391,2535,56,2,0,0,0,0,0,0,0,0,0,0,2624,20,15
166114695,2536,56,2,0,0,0,0,0,0,0,0,0,0,2625,20,15
166178000,2537,56,2,0,0,0,0,0,0,0,0,0,0,2625,19,15
166241305,2538,56,2,0,0,0,0,0,0,0,0,0,0,2624,17,14
166304608,2539,56,2,0,0,0,0,0,0,0,0,0,0,2625,19,14
166367913,2540,56,2,0,0,0,0,0,0,0,0,0,0,2627,20,15
166431217,2541,56,2,0,0,0,0,0,0,0,0,0,0,2627,19,14
166494522,2542,56,2,0,0,0,0,0,0,0,0,0,0,2624,18,16
166557827,2543,56,2,0,0,0,0,0,0,0,0,0,0,2625,19,16
166621130,2544,56,2,0,0,0,0,0,0,0,0,0,0,2624,20,14
166684435,2545,56,2,0,0,0,0,0,0,0,0,0,0,2624,19,16
166747740,2546,56,2,0,0,0,0,0,0,0,0,0,0,2625,18,16
166811044,2547,56,2,0,0,0,0,0,0,0,0,0,0,2624,17,13
166874349,2548,56,2,0,0,0,0,0,0,0,0,0,0,2626,18,14
166937653,2549,56,2,0,0,0,0,0,0,0,0,0,0,2626,20,15
167000958,2550,56,2,0,0,0,0,0,0,0,0,0,0,2624,19,16
167070985,2551,56,2,0,0,0,0,0,0,0,0,0,0,2625,19,15
167134277,2552,56,2,0,0,0,0,0,0,0,0,0,0,2626,20,15
167197582,2553,56,2,0,0,0,0,0,0,0,0,0,0,2624,17,14
167260886,2554,56,2,0,0,0,0,0,0,0,0,0,0,2624,18,15
167324190,2555,56,2,0,0,0,0,0,0,0,0,0,0,2624,18,14
167387495,2556,56,2,0,0,0,0,0,0,0,0,0,0,2626,19,14
167450799,2557,56,2,0,0,0,0,0,0,0,0,0,0,2625,19,16
167514103,2558,56,2,0,0,0,0,0,0,0,0,0,0,2627,19,15
167577407,2559,56,2,0,0,0,0,0,0,0,0,0,0,2624,19,15
167640712,2560,56,2,0,0,0,0,0,0,0,0,0,0,2627,18,14
167704016,2561,56,2,0,0,0,0,0,0,0,0,0,0,2626,17,13
167767320,2562,56,2,0,0,0,0,0,0,0,0,0,0,2625,18,14
167830625,2563,56,2,0,0,0,0,0,0,0,0,0,0,2626,17,14
167893928,2564,56,2,0,0,0,0,0,0,0,0,0,0,2626,20,14
167957232,2565,56,2,0,0,0,0,0,0,0,0,0,0,2624,18,17
168020536,2566,56,2,0,0,0,0,0,0,0,0,0,0,2624,21,15
168083839,2567,56,2,0,0,0,0,0,0,0,0,0,0,2624,19,14
168147144,2568,56,2,0,0,0,0,0,0,0,0,0,0,2624,19,15
168210449,2569,56,2,0,0,0,0,0,0,0,0,0,0,2625,18,15
168273754,2570,56,2,0,0,0,0,0,0,0,0,0,0,2626,19,15
168458000,2571,56,2,0,0,0,0,0,0,0,0,0,0,2625,17,17
168521293,2572,56,2,0,0,0,0,0,0,0,0,0,0,2626,18,15
168584597,2573,56,2,0,0,0,0,0,0,0,0,0,0,2625,18,15
168647902,2574,56,2,0,0,0,0,0,0,0,0,0,0,2625,18,14
168711207,2575,56,2,0,0,0,0,0,0,0,0,0,0,2627,20,14
168774512,2576,56,2,0,0,0,0,0,0,0,0,0,0,2625,20,17
168837816,2577,56,2,0,0,0,0,0,0,0,0,0,0,2625,18,14
168901119,2578,56,2,0,0,0,0,0,0,0,0,0,0,2624,17,17
168964424,2579,56,2,0,0,0,0,0,0,0,0,0,0,2625,17,14
169027729,2580,56,2,0,0,0,0,0,0,0,0,0,0,2625,18,14
169091033,2581,56,2,0,0,0,0,0,0,0,0,0,0,2625,18,15
169154338,2582,56,2,0,0,0,0,0,0,0,0,0,0,2625,17,15
169217643,2583,56,2,0,0,0,0,0,0,0,0,0,0,2625,18,14
169280947,2584,56,2,0,0,0,0,0,0,0,0,0,0,2624,18,14
169344251,2585,56,2,0,0,0,0,0,0,0,0,0,0,2625,18,14
169407555,2586,56,2,0,0,0,0,0,0,0,0,0,0,2626,17,14
169470860,2587,56,2,0,0,0,0,0,0,0,0,0,0,2625,20,14
169534163,2588,56,2,0,0,0,0,0,0,0,0,0,0,2625,18,15
169597469,2589,56,2,0,0,0,0,0,0,0,0,0,0,2626,17,14
169660773,2590,56,2,0,0,0,0,0,0,0,0,0,0,2625,19,16
169724077,2591,56,2,0,0,0,0,0,0,0,0,0,0,2626,17,14
169787382,2592,56,2,0,0,0,0,0,0,0,0,0,0,2625,16,15
169850686,2593,56,2,0,0,0,0,0,0,0,0,0,0,2626,18,16
169913991,2594,56,2,0,0,0,0,0,0,0,0,0,0,2625,17,12
169977295,2595,56,2,0,0,0,0,0,0,0,0,0,0,2626,20,15
170040599,2596,56,2,0,0,0,0,0,0,0,0,0,0,2625,19,15
170103903,2597,56,2,0,0,0,0,0,0,0,0,0,0,2624,18,15
170167207,2598,56,2,0,0,0,0,0,0,0,0,0,0,2624,18,17
170230513,2599,56,2,0,0,0,0,0,0,0,0,0,0,2625,18,16
170293817,2600,56,2,0,0,0,0,0,0,0,0,0,0,2625,19,16
170357122,2601,56,2,0,0,0,0,0,0,0,0,0,0,2625,19,16
170420427,2602,56,2,0,0,0,0,0,0,0,0,0,0,2622,18,15
170483732,2603,56,2,0,0,0,0,0,0,0,0,0,0,2624,17,14
170547035,2604,56,2,0,0,0,0,0,0,0,0,0,0,2626,18,15
170610341,2605,56,2,0,0,0,0,0,0,0,0,0,0,2625,18,15
170673645,2606,56,2,0,0,0,0,0,0,0,0,0,0,2626,18,14
170736949,2607,56,2,0,0,0,0,0,0,0,0,0,0,2627,19,15
170800252,2608,56,2,0,0,0,0,0,0,0,0,0,0,2625,19,15
170863557,2609,56,2,0,0,0,0,0,0,0,0,0,0,2624,19,16
170926861,2610,56,2,0,0,0,0,0,0,0,0,0,0,2626,18,15
170990165,2611,56,2,0,0,0,0,0,0,0,0,0,0,2624,17,14
171053469,2612,56,2,0,0,0,0,0,0,0,0,0,0,2626,17,15
171116773,2613,56,2,0,0,0,0,0,0,0,0,0,0,2625,18,14
171180077,2614,56,2,0,0,0,0,0,0,0,0,0,0,2626,20,14
171243382,2615,56,2,0,0,0,0,0,0,0,0,0,0,2625,18,16
171306686,2616,56,2,0,0,0,0,0,0,0,0,0,0,2625,18,16
171369990,2617,56,2,0,0,0,0,0,0,0,0,0,0,2625,18,14
171433295,2618,56,2,0,0,0,0,0,0,0,0,0,0,2625,19,14
171496599,2619,56,2,0,0,0,0,0,0,0,0,0,0,2626,19,16
171559903,2620,56,2,0,0,0,0,0,0,0,0,0,0,2624,16,14
171623208,2621,56,2,0,0,0,0,0,0,0,0,0,0,2625,18,13
171686512,2622,56,2,0,0,0,0,0,0,0,0,0,0,2627,18,15
171749816,2623,56,2,0,0,0,0,0,0,0,0,0,0,2625,19,15
171813119,2624,56,2,0,0,0,0,0,0,0,0,0,0,2626,19,16
171876424,2625,56,2,0,0,0,0,0,0,0,0,0,0,2624,18,14
171939729,2626,56,2,0,0,0,0,0,0,0,0,0,0,2624,19,16
172003033,2627,56,2,0,0,0,0,0,0,0,0,0,0,2624,18,17
172066338,2628,56,2,0,0,0,0,0,0,0,0,0,0,2623,17,14
172129642,2629,56,2,0,0,0,0,0,0,0,0,0,0,2625,19,15
172192947,2630,56,2,0,0,0,0,0,0,0,0,0,0,2625,18,14
172256251,2631,56,2,0,0,0,0,0,0,0,0,0,0,2626,17,14
172319555,2632,56,2,0,0,0,0,0,0,0,0,0,0,2626,19,16
172382860,2633,56,2,0,0,0,0,0,0,0,0,0,0,2626,20,13
172446163,2634,56,2,0,0,0,0,0,0,0,0,0,0,2624,18,14
172509469,2635,56,2,0,0,0,0,0,0,0,0,0,0,2624,18,13
172577895,2636,56,2,0,0,0,0,0,0,0,0,0,0,2623,20,15
172641187,2637,56,2,0,0,0,0,0,0,0,0,0,0,2624,19,15
172704491,2638,56,2,0,0,0,0,0,0,0,0,0,0,2625,18,15
172767795,2639,56,2,0,0,0,0,0,0,0,0,0,0,2624,19,14
172831100,2640,56,2,0,0,0,0,0,0,0,0,0,0,2625,20,15
172894405,2641,56,2,0,0,0,0,0,0,0,0,0,0,2626,18,15
172957708,2642,56,2,0,0,0,0,0,0,0,0,0,0,2626,19,16
173021013,2643,56,2,0,0,0,0,0,0,0,0,0,0,2625,19,17
173084318,2644,56,2,0,0,0,0,0,0,0,0,0,0,2624,20,15
173147622,2645,56,2,0,0,0,0,0,0,0,0,0,0,2626,18,16
173210927,2646,56,2,0,0,0,0,0,0,0,0,0,0,2623,18,15
173274231,2647,56,2,0,0,0,0,0,0,0,0,0,0,2624,18,13
173337535,2648,56,2,0,0,0,0,0,0,0,0,0,0,2626,17,16
173400838,2649,56,2,0,0,0,0,0,0,0,0,0,0,2625,19,15
173464142,2650,56,2,0,0,0,0,0,0,0,0,0,0,2626,19,15
173527448,2651,56,2,0,0,0,0,0,0,0,0,0,0,2626,18,15
173590752,2652,56,2,0,0,0,0,0,0,0,0,0,0,2625,19,15
173654056,2653,56,2,0,0,0,0,0,0,0,0,0,0,2624,17,16
173717360,2654,56,2,0,0,0,0,0,0,0,0,0,0,2626,19,13
173780665,2655,56,2,0,0,0,0,0,0,0,0,0,0,2626,17,15
173843968,2656,56,2,0,0,0,0,0,0,0,0,0,0,2627,20,16
173907273,2657,56,2,0,0,0,0,0,0,0,0,0,0,2625,18,14
173970578,2658,56,2,0,0,0,0,0,0,0,0,0,0,2626,18,15
174033883,2659,56,2,0,0,0,0,0,0,0,0,0,0,2625,20,15
174097187,2660,56,2,0,0,0,0,0,0,0,0,0,0,2625,20,17
174160491,2661,56,2,0,0,0,0,0,0,0,0,0,0,2624,18,16
174223795,2662,56,2,0,0,0,0,0,0,0,0,0,0,2626,17,15
174287100,2663,56,2,0,0,0,0,0,0,0,0,0,0,2625,19,14
174350404,2664,56,2,0,0,0,0,0,0,0,0,0,0,2625,19,15
174413708,2665,56,2,0,0,0,0,0,0,0,0,0,0,2624,17,15
174477013,2666,56,2,0,0,0,0,0,0,0,0,0,0,2625,19,16
174540318,2667,56,2,0,0,0,0,0,0,0,0,0,0,2624,17,15
174603622,2668,56,2,0,0,0,0,0,0,0,0,0,0,2625,19,15
174666927,2669,56,2,0,0,0,0,0,0,0,0,0,0,2626,18,13
174730231,2670,56,2,0,0,0,0,0,0,0,0,0,0,2626,17,14
174793535,2671,56,2,0,0,0,0,0,0,0,0,0,0,2625,17,15
174856839,2672,56,2,0,0,0,0,0,0,0,0,0,0,2625,19,16
174920143,2673,56,2,0,0,0,0,0,0,0,0,0,0,2624,19,15
174983448,2674,56,2,0,0,0,0,0,0,0,0,0,0,2624,19,13
175046752,2675,56,2,0,0,0,0,0,0,0,0,0,0,2625,19,13
175110056,2676,56,2,0,0,0,0,0,0,0,0,0,0,2625,18,16
175173360,2677,56,2,0,0,0,0,0,0,0,0,0,0,2626,18,14
175236665,2678,56,2,0,0,0,0,0,0,0,0,0,0,2626,20,16
175299968,2679,56,2,0,0,0,0,0,0,0,0,0,0,2625,19,16
175363273,2680,56,2,0,0,0,0,0,0,0,0,0,0,2624,17,14
175426578,2681,56,2,0,0,0,0,0,0,0,0,0,0,2625,17,15
175489883,2682,56,2,0,0,0,0,0,0,0,0,0,0,2624,18,14
175553187,2683,56,2,0,0,0,0,0,0,0,0,0,0,2625,17,15
175616491,2684,56,2,0,0,0,0,0,0,0,0,0,0,2625,18,15
175679795,2685,56,2,0,0,0,0,0,0,0,0,0,0,2625,17,15
175743100,2686,56,2,0,0,0,0,0,0,0,0,0,0,2625,18,15
175806404,2687,56,2,0,0,0,0,0,0,0,0,0,0,2627,16,13
175869708,2688,56,2,0,0,0,0,0,0,0,0,0,0,2626,19,15
175933013,2689,56,2,0,0,0,0,0,0,0,0,0,0,2623,17,14
175996318,2690,56,2,0,0,0,0,0,0,0,0,0,0,2625,17,15
176059622,2691,56,2,0,0,0,0,0,0,0,0,0,0,2626,20,17
176122926,2692,56,2,0,0,0,0,0,0,0,0,0,0,2625,19,15
176186230,2693,56,2,0,0,0,0,0,0,0,0,0,0,2625,20,16
176249534,2694,56,2,0,0,0,0,0,0,0,0,0,0,2625,18,16
176312838,2695,56,2,0,0,0,0,0,0,0,0,0,0,2625,19,16
176376142,2696,56,2,0,0,0,0,0,0,0,0,0,0,2625,17,14
176439447,2697,56,2,0,0,0,0,0,0,0,0,0,0,2625,18,14
176502752,2698,56,2,0,0,0,0,0,0,0,0,0,0,2624,19,15
176566056,2699,56,2,0,0,0,0,0,0,0,0,0,0,2626,18,16
176629361,2700,56,2,0,0,0,0,0,0,0,0,0,0,2625,17,14
176692665,2701,56,2,0,0,0,0,0,0,0,0,0,0,2626,20,14
176755971,2702,56,2,0,0,0,0,0,0,0,0,0,0,2627,19,16
176819275,2703,56,2,0,0,0,0,0,0,0,0,0,0,2625,17,15
176882580,2704,56,2,0,0,0,0,0,0,0,0,0,0,2627,17,14
176945884,2705,56,2,0,0,0,0,0,0,0,0,0,0,2626,20,14
177009188,2706,56,2,0,0,0,0,0,0,0,0,0,0,2626,17,15
177072492,2707,56,2,0,0,0,0,0,0,0,0,0,0,2625,20,15
177135796,2708,56,2,0,0,0,0,0,0,0,0,0,0,2625,19,16
177199100,2709,56,2,0,0,0,0,0,0,0,0,0,0,2625,18,15
177262405,2710,56,2,0,0,0,0,0,0,0,0,0,0,2624,18,15
177325710,2711,56,2,0,0,0,0,0,0,0,0,0,0,2627,20,14
177389014,2712,56,2,0,0,0,0,0,0,0,0,0,0,2624,18,14
177452318,2713,56,2,0,0,0,0,0,0,0,0,0,0,2624,17,16
177515622,2714,56,2,0,0,0,0,0,0,0,0,0,0,2624,17,15
177578926,2715,56,2,0,0,0,0,0,0,0,0,0,0,2625,19,15
177642230,2716,56,2,0,0,0,0,0,0,0,0,0,0,2626,18,14
177705534,2717,56,2,0,0,0,0,0,0,0,0,0,0,2626,19,14
177768838,2718,56,2,0,0,0,0,0,0,0,0,0,0,2623,19,16
177832142,2719,56,2,0,0,0,0,0,0,0,0,0,0,2626,18,15
177895447,2720,56,2,0,0,0,0,0,0,0,0,0,0,2626,19,15
177963383,2721,56,2,0,0,0,0,0,0,0,0,0,0,2624,19,15
178026675,2722,56,2,0,0,0,0,0,0,0,0,0,0,2624,18,14
178089979,2723,56,2,0,0,0,0,0,0,0,0,0,0,2625,19,15
178153283,2724,56,2,0,0,0,0,0,0,0,0,0,0,2625,19,15
178216588,2725,56,2,0,0,0,0,0,0,0,0,0,0,2626,18,16
178279893,2726,56,2,0,0,0,0,0,0,0,0,0,0,2625,19,14
178343196,2727,56,2,0,0,0,0,0,0,0,0,0,0,2625,20,16
178406500,2728,56,2,0,0,0,0,0,0,0,0,0,0,2623,18,13
178469805,2729,56,2,0,0,0,0,0,0,0,0,0,0,2624,18,14
178533108,2730,56,2,0,0,0,0,0,0,0,0,0,0,2626,17,14
178596413,2731,56,2,0,0,0,0,0,0,0,0,0,0,2627,17,16
178659717,2732,56,2,0,0,0,0,0,0,0,0,0,0,2626,17,16
178723021,2733,56,2,0,0,0,0,0,0,0,0,0,0,2625,18,14
178786326,2734,56,2,0,0,0,0,0,0,0,0,0,0,2625,18,14
178849629,2735,56,2,0,0,0,0,0,0,0,0,0,0,2628,18,15
178912934,2736,56,2,0,0,0,0,0,0,0,0,0,0,2624,18,14
178976238,2737,56,2,0,0,0,0,0,0,0,0,0,0,2623,18,15
179039542,2738,56,2,0,0,0,0,0,0,0,0,0,0,2626,17,14
179102847,2739,56,2,0,0,0,0,0,0,0,0,0,0,2625,20,14
179166151,2740,56,2,0,0,0,0,0,0,0,0,0,0,2624,18,14
179229455,2741,56,2,0,0,0,0,0,0,0,0,0,0,2626,18,14
179292759,2742,56,2,0,0,0,0,0,0,0,0,0,0,2625,18,14
179356063,2743,56,2,0,0,0,0,0,0,0,0,0,0,2624,19,15
179419368,2744,56,2,0,0,0,0,0,0,0,0,0,0,2623,19,16
179482672,2745,56,2,0,0,0,0,0,0,0,0,0,0,2625,18,15
179545976,2746,56,2,0,0,0,0,0,0,0,0,0,0,2626,20,15
179609280,2747,56,2,0,0,0,0,0,0,0,0,0,0,2624,17,15
179672584,2748,56,2,0,0,0,0,0,0,0,0,0,0,2625,18,15
179735889,2749,56,2,0,0,0,0,0,0,0,0,0,0,2624,17,14
179799194,2750,56,2,0,0,0,0,0,0,0,0,0,0,2626,17,14
179862498,2751,56,2,0,0,0,0,0,0,0,0,0,0,2625,20,15
179925802,2752,56,2,0,0,0,0,0,0,0,0,0,0,2625,19,13
179989106,2753,56,2,0,0,0,0,0,0,0,0,0,0,2624,19,16
180052411,2754,56,2,0,0,0,0,0,0,0,0,0,0,2626,19,15
180115715,2755,56,2,0,0,0,0,0,0,0,0,0,0,2627,19,15
180179020,2756,56,2,0,0,0,0,0,0,0,0,0,0,2626,19,14
180242325,2757,56,2,0,0,0,0,0,0,0,0,0,0,2625,19,15
180305629,2758,56,2,0,0,0,0,0,0,0,0,0,0,2626,18,15
180368934,2759,56,2,0,0,0,0,0,0,0,0,0,0,2626,18,12
180432238,2760,56,2,0,0,0,0,0,0,0,0,0,0,2624,18,15
180495543,2761,56,2,0,0,0,0,0,0,0,0,0,0,2625,18,14
180558846,2762,56,2,0,0,0,0,0,0,0,0,0,0,2624,18,15
180622150,2763,56,2,0,0,0,0,0,0,0,0,0,0,2624,17,16
180685455,2764,56,2,0,0,0,0,0,0,0,0,0,0,2626,19,15
180748760,2765,56,2,0,0,0,0,0,0,0,0,0,0,2625,18,14
180812063,2766,56,2,0,0,0,0,0,0,0,0,0,0,2626,19,13
180875368,2767,56,2,0,0,0,0,0,0,0,0,0,0,2625,21,15
180938672,2768,56,2,0,0,0,0,0,0,0,0,0,0,2625,18,16
181001976,2769,56,2,0,0,0,0,0,0,0,0,0,0,2625,19,13
181065280,2770,56,2,0,0,0,0,0,0,0,0,0,0,2626,16,15
181128585,2771,56,2,0,0,0,0,0,0,0,0,0,0,2626,17,14
181191890,2772,56,2,0,0,0,0,0,0,0,0,0,0,2626,20,16
181255194,2773,56,2,0,0,0,0,0,0,0,0,0,0,2626,19,15
181318498,2774,56,2,0,0,0,0,0,0,0,0,0,0,2625,18,14
181381803,2775,56,2,0,0,0,0,0,0,0,0,0,0,2626,17,15
181445107,2776,56,2,0,0,0,0,0,0,0,0,0,0,2626,19,15
181508411,2777,56,2,0,0,0,0,0,0,0,0,0,0,2626,19,14
181571716,2778,56,2,0,0,0,0,0,0,0,0,0,0,2627,18,13
181635021,2779,56,2,0,0,0,0,0,0,0,0,0,0,2626,18,15
181698326,2780,56,2,0,0,0,0,0,0,0,0,0,0,2626,20,14
181761631,2781,56,2,0,0,0,0,0,0,0,0,0,0,2625,19,16
181824934,2782,56,2,0,0,0,0,0,0,0,0,0,0,2625,19,15
181888238,2783,56,2,0,0,0,0,0,0,0,0,0,0,2626,19,15
181951543,2784,56,2,0,0,0,0,0,0,0,0,0,0,2626,18,13
182014848,2785,56,2,0,0,0,0,0,0,0,0,0,0,2625,18,14
182078153,2786,56,2,0,0,0,0,0,0,0,0,0,0,2626,19,15
182141457,2787,56,2,0,0,0,0,0,0,0,0,0,0,2625,18,16
182204761,2788,56,2,0,0,0,0,0,0,0,0,0,0,2624,18,14
182268065,2789,56,2,0,0,0,0,0,0,0,0,0,0,2628,17,14
182331369,2790,56,2,0,0,0,0,0,0,0,0,0,0,2625,19,14
182394673,2791,56,2,0,0,0,0,0,0,0,0,0,0,2626,19,15
182457977,2792,56,2,0,0,0,0,0,0,0,0,0,0,2625,19,16
182521282,2793,56,2,0,0,0,0,0,0,0,0,0,0,2624,19,15
182584588,2794,56,2,0,0,0,0,0,0,0,0,0,0,2626,18,14
182647893,2795,56,2,0,0,0,0,0,0,0,0,0,0,2624,19,16
182711196,2796,56,2,0,0,0,0,0,0,0,0,0,0,2624,19,15
182774500,2797,56,2,0,0,0,0,0,0,0,0,0,0,2624,17,15
182837805,2798,56,2,0,0,0,0,0,0,0,0,0,0,2625,17,13
182901108,2799,56,2,0,0,0,0,0,0,0,0,0,0,2625,17,14
182964413,2800,56,2,0,0,0,0,0,0,0,0,0,0,2625,20,15
183027718,2801,56,2,0,0,0,0,0,0,0,0,0,0,2626,19,16
183091022,2802,56,2,0,0,0,0,0,0,0,0,0,0,2626,20,13
183154327,2803,56,2,0,0,0,0,0,0,0,0,0,0,2626,18,15
183217631,2804,56,2,0,0,0,0,0,0,0,0,0,0,2626,17,13
183280935,2805,56,2,0,0,0,0,0,0,0,0,0,0,2625,17,13
183349073,2806,56,2,0,0,0,0,0,0,0,0,0,0,2624,17,17
183412365,2807,56,2,0,0,0,0,0,0,0,0,0,0,2624,19,14
183475669,2808,56,2,0,0,0,0,0,0,0,0,0,0,2626,18,15
183538975,2809,56,2,0,0,0,0,0,0,0,0,0,0,2624,18,14
183602279,2810,56,2,0,0,0,0,0,0,0,0,0,0,2625,19,14
183665584,2811,56,2,0,0,0,0,0,0,0,0,0,0,2627,19,14
183728888,2812,56,2,0,0,0,0,0,0,0,0,0,0,2626,18,14
183792193,2813,56,2,0,0,0,0,0,0,0,0,0,0,2626,18,13
183855498,2814,56,2,0,0,0,0,0,0,0,0,0,0,2624,19,16
183918802,2815,56,2,0,0,0,0,0,0,0,0,0,0,2625,19,14
183982106,2816,56,2,0,0,0,0,0,0,0,0,0,0,2625,18,15
184045411,2817,56,2,0,0,0,0,0,0,0,0,0,0,2624,20,15
184108715,2818,56,2,0,0,0,0,0,0,0,0,0,0,2624,19,15
184172020,2819,56,2,0,0,0,0,0,0,0,0,0,0,2624,18,16
184235325,2820,56,2,0,0,0,0,0,0,0,0,0,0,2626,18,13
184298629,2821,56,2,0,0,0,0,0,0,0,0,0,0,2626,19,15
184361934,2822,56,2,0,0,0,0,0,0,0,0,0,0,2623,19,14
184425238,2823,56,2,0,0,0,0,0,0,0,0,0,0,2625,18,14
184488542,2824,56,2,0,0,0,0,0,0,0,0,0,0,2626,19,13
184551847,2825,56,2,0,0,0,0,0,0,0,0,0,0,2625,18,13
184615151,2826,56,2,0,0,0,0,0,0,0,0,0,0,2625,19,14
184678455,2827,56,2,0,0,0,0,0,0,0,0,0,0,2625,21,15
184741759,2828,56,2,0,0,0,0,0,0,0,0,0,0,2624,18,15
184805063,2829,56,2,0,0,0,0,0,0,0,0,0,0,2625,19,15
184868367,2830,56,2,0,0,0,0,0,0,0,0,0,0,2625,18,15
184931671,2831,56,2,0,0,0,0,0,0,0,0,0,0,2624,19,15
184994976,2832,56,2,0,0,0,0,0,0,0,0,0,0,2625,19,13
185058280,2833,56,2,0,0,0,0,0,0,0,0,0,0,2626,18,15
185121584,2834,56,2,0,0,0,0,0,0,0,0,0,0,2625,20,15
185184889,2835,56,2,0,0,0,0,0,0,0,0,0,0,2624,19,15
185248194,2836,56,2,0,0,0,0,0,0,0,0,0,0,2625,17,15
185311498,2837,56,2,0,0,0,0,0,0,0,0,0,0,2625,17,14
185374802,2838,56,2,0,0,0,0,0,0,0,0,0,0,2626,18,16
185438106,2839,56,2,0,0,0,0,0,0,0,0,0,0,2624,19,15
185501411,2840,56,2,0,0,0,0,0,0,0,0,0,0,2626,21,15
185564716,2841,56,2,0,0,0,0,0,0,0,0,0,0,2625,20,15
185628020,2842,56,2,0,0,0,0,0,0,0,0,0,0,2624,18,16
185691325,2843,56,2,0,0,0,0,0,0,0,0,0,0,2625,16,15
185754629,2844,56,2,0,0,0,0,0,0,0,0,0,0,2626,19,14
185817934,2845,56,2,0,0,0,0,0,0,0,0,0,0,2626,19,15
185881238,2846,56,2,0,0,0,0,0,0,0,0,0,0,2626,19,13
185944542,2847,56,2,0,0,0,0,0,0,0,0,0,0,2624,18,13
186007847,2848,56,2,0,0,0,0,0,0,0,0,0,0,2625,18,16
186071151,2849,56,2,0,0,0,0,0,0,0,0,0,0,2626,19,14
186134455,2850,56,2,0,0,0,0,0,0,0,0,0,0,2626,17,15
186197759,2851,56,2,0,0,0,0,0,0,0,0,0,0,2624,19,15
186261063,2852,56,2,0,0,0,0,0,0,0,0,0,0,2626,20,16
186324367,2853,56,2,0,0,0,0,0,0,0,0,0,0,2625,18,15
186387671,2854,56,2,0,0,0,0,0,0,0,0,0,0,2625,18,13
186450976,2855,56,2,0,0,0,0,0,0,0,0,0,0,2625,19,14
186514280,2856,56,2,0,0,0,0,0,0,0,0,0,0,2626,19,14
186577584,2857,56,2,0,0,0,0,0,0,0,0,0,0,2624,18,15
186640889,2858,56,2,0,0,0,0,0,0,0,0,0,0,2624,18,16
186704193,2859,56,2,0,0,0,0,0,0,0,0,0,0,2627,18,16
186767498,2860,56,2,0,0,0,0,0,0,0,0,0,0,2628,18,15
186830803,2861,56,2,0,0,0,0,0,0,0,0,0,0,2624,19,17
186894107,2862,56,2,0,0,0,0,0,0,0,0,0,0,2625,17,16
186957411,2863,56,2,0,0,0,0,0,0,0,0,0,0,2626,20,15
187020715,2864,56,2,0,0,0,0,0,0,0,0,0,0,2625,20,15
187084020,2865,56,2,0,0,0,0,0,0,0,0,0,0,2625,19,17
187147325,2866,56,2,0,0,0,0,0,0,0,0,0,0,2625,19,15
187210629,2867,56,2,0,0,0,0,0,0,0,0,0,0,2625,19,14
187273934,2868,56,2,0,0,0,0,0,0,0,0,0,0,2626,19,13
187337238,2869,56,2,0,0,0,0,0,0,0,0,0,0,2623,19,14
187400542,2870,56,2,0,0,0,0,0,0,0,0,0,0,2627,17,16
187463847,2871,56,2,0,0,0,0,0,0,0,0,0,0,2625,19,16
187527152,2872,56,2,0,0,0,0,0,0,0,0,0,0,2625,16,16
187590457,2873,56,2,0,0,0,0,0,0,0,0,0,0,2625,18,14
187653761,2874,56,2,0,0,0,0,0,0,0,0,0,0,2624,19,16
187717065,2875,56,2,0,0,0,0,0,0,0,0,0,0,2626,19,15
187780371,2876,56,2,0,0,0,0,0,0,0,0,0,0,2624,17,13
187843675,2877,56,2,0,0,0,0,0,0,0,0,0,0,2626,18,14
187906979,2878,56,2,0,0,0,0,0,0,0,0,0,0,2626,18,16
187970284,2879,56,2,0,0,0,0,0,0,0,0,0,0,2625,19,14
188033589,2880,56,2,0,0,0,0,0,0,0,0,0,0,2625,20,15
188096894,2881,56,2,0,0,0,0,0,0,0,0,0,0,2623,19,15
188160198,2882,56,2,0,0,0,0,0,0,0,0,0,0,2626,17,13
188223503,2883,56,2,0,0,0,0,0,0,0,0,0,0,2624,18,15
188286808,2884,56,2,0,0,0,0,0,0,0,0,0,0,2626,18,15
188350112,2885,56,2,0,0,0,0,0,0,0,0,0,0,2626,19,15
188413416,2886,56,2,0,0,0,0,0,0,0,0,0,0,2624,19,14
188476720,2887,56,2,0,0,0,0,0,0,0,0,0,0,2625,20,17
188540024,2888,56,2,0,0,0,0,0,0,0,0,0,0,2625,18,14
188603329,2889,56,2,0,0,0,0,0,0,0,0,0,0,2624,17,14
188666632,2890,56,2,0,0,0,0,0,0,0,0,0,0,2625,19,16
188736652,2891,56,2,0,0,0,0,0,0,0,0,0,0,2626,18,14
188799945,2892,56,2,0,0,0,0,0,0,0,0,0,0,2624,19,16
188863249,2893,56,2,0,0,0,0,0,0,0,0,0,0,2624,17,15
188926554,2894,56,2,0,0,0,0,0,0,0,0,0,0,2625,19,14
188989858,2895,56,2,0,0,0,0,0,0,0,0,0,0,2624,20,15
189053163,2896,56,2,0,0,0,0,0,0,0,0,0,0,2625,18,16
189116468,2897,56,2,0,0,0,0,0,0,0,0,0,0,2625,17,15
189179772,2898,56,2,0,0,0,0,0,0,0,0,0,0,2625,20,16
189243075,2899,56,2,0,0,0,0,0,0,0,0,0,0,2624,18,14
189306379,2900,56,2,0,0,0,0,0,0,0,0,0,0,2625,19,14
189369683,2901,56,2,0,0,0,0,0,0,0,0,0,0,2625,19,16
189432987,2902,56,2,0,0,0,0,0,0,0,0,0,0,2626,18,14
189496292,2903,56,2,0,0,0,0,0,0,0,0,0,0,2626,19,16
189559596,2904,56,2,0,0,0,0,0,0,0,0,0,0,2626,19,15
189622901,2905,56,2,0,0,0,0,0,0,0,0,0,0,2624,17,16
189686205,2906,56,2,0,0,0,0,0,0,0,0,0,0,2624,19,14
189749509,2907,56,2,0,0,0,0,0,0,0,0,0,0,2624,18,15
189812814,2908,56,2,0,0,0,0,0,0,0,0,0,0,2625,20,15
189876118,2909,56,2,0,0,0,0,0,0,0,0,0,0,2625,19,13
189939422,2910,56,2,0,0,0,0,0,0,0,0,0,0,2624,20,15
190002726,2911,56,2,0,0,0,0,0,0,0,0,0,0,2627,20,16
190066031,2912,56,2,0,0,0,0,0,0,0,0,0,0,2624,18,16
190129336,2913,56,2,0,0,0,0,0,0,0,0,0,0,2625,18,13
190192640,2914,56,2,0,0,0,0,0,0,0,0,0,0,2625,19,15
190255944,2915,56,2,0,0,0,0,0,0,0,0,0,0,2624,19,16
190319248,2916,56,2,0,0,0,0,0,0,0,0,0,0,2626,18,16
190382552,2917,56,2,0,0,0,0,0,0,0,0,0,0,2624,19,14
190445857,2918,56,2,0,0,0,0,0,0,0,0,0,0,2625,19,14
190509161,2919,56,2,0,0,0,0,0,0,0,0,0,0,2626,19,15
190572465,2920,56,2,0,0,0,0,0,0,0,0,0,0,2625,18,15
190635770,2921,56,2,0,0,0,0,0,0,0,0,0,0,2627,19,15
190699074,2922,56,2,0,0,0,0,0,0,0,0,0,0,2626,20,14
190762378,2923,56,2,0,0,0,0,0,0,0,0,0,0,2623,19,14
190825682,2924,56,2,0,0,0,0,0,0,0,0,0,0,2625,19,15
190888986,2925,56,2,0,0,0,0,0,0,0,0,0,0,2624,18,14
190952291,2926,56,2,0,0,0,0,0,0,0,0,0,0,2625,17,16
191015595,2927,56,2,0,0,0,0,0,0,0,0,0,0,2627,19,16
191078899,2928,56,2,0,0,0,0,0,0,0,0,0,0,2623,18,14
191142203,2929,56,2,0,0,0,0,0,0,0,0,0,0,2627,19,15
191205507,2930,56,2,0,0,0,0,0,0,0,0,0,0,2626,20,15
191268812,2931,56,2,0,0,0,0,0,0,0,0,0,0,2625,18,16
191332116,2932,56,2,0,0,0,0,0,0,0,0,0,0,2626,17,14
191395420,2933,56,2,0,0,0,0,0,0,0,0,0,0,2624,18,17
191458725,2934,56,2,0,0,0,0,0,0,0,0,0,0,2624,18,15
191522030,2935,56,2,0,0,0,0,0,0,0,0,0,0,2625,17,14
191585335,2936,56,2,0,0,0,0,0,0,0,0,0,0,2625,18,15
191648639,2937,56,2,0,0,0,0,0,0,0,0,0,0,2627,19,15
191711943,2938,56,2,0,0,0,0,0,0,0,0,0,0,2625,18,15
191775247,2939,56,2,0,0,0,0,0,0,0,0,0,0,2626,18,14
191838550,2940,56,2,0,0,0,0,0,0,0,0,0,0,2626,20,15
191901855,2941,56,2,0,0,0,0,0,0,0,0,0,0,2623,18,14
191965159,2942,56,2,0,0,0,0,0,0,0,0,0,0,2626,18,14
192028463,2943,56,2,0,0,0,0,0,0,0,0,0,0,2624,19,16
192091767,2944,56,2,0,0,0,0,0,0,0,0,0,0,2624,19,13
192155070,2945,56,2,0,0,0,0,0,0,0,0,0,0,2626,19,13
192218375,2946,56,2,0,0,0,0,0,0,0,0,0,0,2626,20,15
192281680,2947,56,2,0,0,0,0,0,0,0,0,0,0,2625,20,16
192344984,2948,56,2,0,0,0,0,0,0,0,0,0,0,2625,17,14
192408288,2949,56,2,0,0,0,0,0,0,0,0,0,0,2626,18,17
192471592,2950,56,2,0,0,0,0,0,0,0,0,0,0,2626,19,14
192534897,2951,56,2,0,0,0,0,0,0,0,0,0,0,2625,19,14
192598201,2952,56,2,0,0,0,0,0,0,0,0,0,0,2625,20,16
192661506,2953,56,2,0,0,0,0,0,0,0,0,0,0,2624,18,16
192724810,2954,56,2,0,0,0,0,0,0,0,0,0,0,2624,19,14
192788114,2955,56,2,0,0,0,0,0,0,0,0,0,0,2626,19,13
192851418,2956,56,2,0,0,0,0,0,0,0,0,0,0,2626,18,15
192914722,2957,56,2,0,0,0,0,0,0,0,0,0,0,2625,18,14
192978027,2958,56,2,0,0,0,0,0,0,0,0,0,0,2626,18,15
193041331,2959,56,2,0,0,0,0,0,0,0,0,0,0,2623,19,16
193104634,2960,56,2,0,0,0,0,0,0,0,0,0,0,2625,18,14
193167939,2961,56,2,0,0,0,0,0,0,0,0,0,0,2625,19,14
193231243,2962,56,2,0,0,0,0,0,0,0,0,0,0,2625,16,13
193294547,2963,56,2,0,0,0,0,0,0,0,0,0,0,2626,18,16
193357850,2964,56,2,0,0,0,0,0,0,0,0,0,0,2623,18,13
193421155,2965,56,2,0,0,0,0,0,0,0,0,0,0,2626,20,16
193484460,2966,56,2,0,0,0,0,0,0,0,0,0,0,2626,18,15
193547764,2967,56,2,0,0,0,0,0,0,0,0,0,0,2627,18,14
193611068,2968,56,2,0,0,0,0,0,0,0,0,0,0,2626,20,14
193674374,2969,56,2,0,0,0,0,0,0,0,0,0,0,2625,17,15
193737678,2970,56,2,0,0,0,0,0,0,0,0,0,0,2624,19,16
193800983,2971,56,2,0,0,0,0,0,0,0,0,0,0,2625,19,12
193864287,2972,56,2,0,0,0,0,0,0,0,0,0,0,2625,20,15
193927591,2973,56,2,0,0,0,0,0,0,0,0,0,0,2625,17,13
193990896,2974,56,2,0,0,0,0,0,0,0,0,0,0,2625,19,15
194054200,2975,56,2,0,0,0,0,0,0,0,0,0,0,2627,19,15
194122385,2976,56,2,0,0,0,0,0,0,0,0,0,0,2627,20,15
194185676,2977,56,2,0,0,0,0,0,0,0,0,0,0,2626,20,14
194248981,2978,56,2,0,0,0,0,0,0,0,0,0,0,2625,18,14
194312286,2979,56,2,0,0,0,0,0,0,0,0,0,0,2627,19,15
194375590,2980,56,2,0,0,0,0,0,0,0,0,0,0,2625,18,15
194438895,2981,56,2,0,0,0,0,0,0,0,0,0,0,2623,18,14
194502199,2982,56,2,0,0,0,0,0,0,0,0,0,0,2626,19,15
194565504,2983,56,2,0,0,0,0,0,0,0,0,0,0,2625,19,15
194628808,2984,56,2,0,0,0,0,0,0,0,0,0,0,2624,19,14
194692113,2985,56,2,0,0,0,0,0,0,0,0,0,0,2624,19,15
194755418,2986,56,2,0,0,0,0,0,0,0,0,0,0,2626,18,14
194818722,2987,56,2,0,0,0,0,0,0,0,0,0,0,2624,19,15
194882026,2988,56,2,0,0,0,0,0,0,0,0,0,0,2626,17,15
194945330,2989,56,2,0,0,0,0,0,0,0,0,0,0,2626,18,17
195008634,2990,56,2,0,0,0,0,0,0,0,0,0,0,2626,17,14
195071940,2991,56,2,0,0,0,0,0,0,0,0,0,0,2626,18,14
195135245,2992,56,2,0,0,0,0,0,0,0,0,0,0,2625,20,15
195198550,2993,56,2,0,0,0,0,0,0,0,0,0,0,2625,19,14
195261855,2994,56,2,0,0,0,0,0,0,0,0,0,0,2625,19,15
195325159,2995,56,2,0,0,0,0,0,0,0,0,0,0,2625,19,14
195388463,2996,56,2,0,0,0,0,0,0,0,0,0,0,2625,19,15
195451767,2997,56,2,0,0,0,0,0,0,0,0,0,0,2626,19,14
195515070,2998,56,2,0,0,0,0,0,0,0,0,0,0,2624,19,15
195578375,2999,56,2,0,0,0,0,0,0,0,0,0,0,2624,19,16
195641680,3000,56,2,0,0,0,0,0,0,0,0,0,0,2625,19,17
195704984,3001,56,2,0,0,0,0,0,0,0,0,0,0,2624,20,16
195768289,3002,56,2,0,0,0,0,0,0,0,0,0,0,2625,18,12
195831593,3003,56,2,0,0,0,0,0,0,0,0,0,0,2625,20,17
195894897,3004,56,2,0,0,0,0,0,0,0,0,0,0,2625,16,14
195958201,3005,56,2,0,0,0,0,0,0,0,0,0,0,2625,18,14
196021506,3006,56,2,0,0,0,0,0,0,0,0,0,0,2625,18,15
196084810,3007,56,2,0,0,0,0,0,0,0,0,0,0,2622,16,15
196148114,3008,56,2,0,0,0,0,0,0,0,0,0,0,2625,19,14
196211418,3009,56,2,0,0,0,0,0,0,0,0,0,0,2626,19,15
196274722,3010,56,2,0,0,0,0,0,0,0,0,0,0,2625,19,14
196338027,3011,56,2,0,0,0,0,0,0,0,0,0,0,2624,17,14
196401333,3012,56,2,0,0,0,0,0,0,0,0,0,0,2624,19,15
196464638,3013,56,2,0,0,0,0,0,0,0,0,0,0,2626,18,15
196527943,3014,56,2,0,0,0,0,0,0,0,0,0,0,2624,20,15
196591246,3015,56,2,0,0,0,0,0,0,0,0,0,0,2624,18,14
196654551,3016,56,2,0,0,0,0,0,0,0,0,0,0,2625,17,13
196717856,3017,56,2,0,0,0,0,0,0,0,0,0,0,2625,20,14
196781159,3018,56,2,0,0,0,0,0,0,0,0,0,0,2624,18,15
196844464,3019,56,2,0,0,0,0,0,0,0,0,0,0,2623,18,15
196907768,3020,56,2,0,0,0,0,0,0,0,0,0,0,2626,19,16
196971072,3021,56,2,0,0,0,0,0,0,0,0,0,0,2625,19,15
197034376,3022,56,2,0,0,0,0,0,0,0,0,0,0,2623,19,14
197097679,3023,56,2,0,0,0,0,0,0,0,0,0,0,2627,19,15
197160984,3024,56,2,0,0,0,0,0,0,0,0,0,0,2624,20,15
197224288,3025,56,2,0,0,0,0,0,0,0,0,0,0,2624,18,15
197287592,3026,56,2,0,0,0,0,0,0,0,0,0,0,2624,20,14
197350897,3027,56,2,0,0,0,0,0,0,0,0,0,0,2625,19,16
197414201,3028,56,2,0,0,0,0,0,0,0,0,0,0,2625,17,16
197477506,3029,56,2,0,0,0,0,0,0,0,0,0,0,2626,18,14
197540810,3030,56,2,0,0,0,0,0,0,0,0,0,0,2622,19,16
197604114,3031,56,2,0,0,0,0,0,0,0,0,0,0,2625,19,16
197667419,3032,56,2,0,0,0,0,0,0,0,0,0,0,2626,18,16
197730723,3033,56,2,0,0,0,0,0,0,0,0,0,0,2625,18,14
197794028,3034,56,2,0,0,0,0,0,0,0,0,0,0,2625,18,14
197857332,3035,56,2,0,0,0,0,0,0,0,0,0,0,2626,20,15
197920638,3036,56,2,0,0,0,0,0,0,0,0,0,0,2627,19,13
197983942,3037,56,2,0,0,0,0,0,0,0,0,0,0,2624,17,16
198047247,3038,56,2,0,0,0,0,0,0,0,0,0,0,2625,18,14
198110550,3039,56,2,0,0,0,0,0,0,0,0,0,0,2626,19,14
198173855,3040,56,2,0,0,0,0,0,0,0,0,0,0,2625,19,15
198237159,3041,56,2,0,0,0,0,0,0,0,0,0,0,2626,18,15
198300464,3042,56,2,0,0,0,0,0,0,0,0,0,0,2623,17,15
198363768,3043,56,2,0,0,0,0,0,0,0,0,0,0,2623,18,14
198427073,3044,56,2,0,0,0,0,0,0,0,0,0,0,2627,17,15
198490377,3045,56,2,0,0,0,0,0,0,0,0,0,0,2623,17,15
198553681,3046,56,2,0,0,0,0,0,0,0,0,0,0,2624,19,15
198616985,3047,56,2,0,0,0,0,0,0,0,0,0,0,2624,21,15
198680289,3048,56,2,0,0,0,0,0,0,0,0,0,0,2626,17,13
198743593,3049,56,2,0,0,0,0,0,0,0,0,0,0,2626,18,13
198806898,3050,56,2,0,0,0,0,0,0,0,0,0,0,2625,18,14
198870202,3051,56,2,0,0,0,0,0,0,0,0,0,0,2625,19,14
198933507,3052,56,2,0,0,0,0,0,0,0,0,0,0,2625,18,14
198996812,3053,56,2,0,0,0,0,0,0,0,0,0,0,2626,18,15
199060116,3054,56,2,0,0,0,0,0,0,0,0,0,0,2627,18,14
199123420,3055,56,2,0,0,0,0,0,0,0,0,0,0,2623,19,16
199186724,3056,56,2,0,0,0,0,0,0,0,0,0,0,2626,18,14
199250028,3057,56,2,0,0,0,0,0,0,0,0,0,0,2626,20,16
199313333,3058,56,2,0,0,0,0,0,0,0,0,0,0,2625,18,17
199376637,3059,56,2,0,0,0,0,0,0,0,0,0,0,2624,20,16
199439942,3060,56,2,0,0,0,0,0,0,0,0,0,0,2626,18,15
199507968,3061,56,2,0,0,0,0,0,0,0,0,0,0,2625,19,14
199571260,3062,56,2,0,0,0,0,0,0,0,0,0,0,2624,18,15
199634565,3063,56,2,0,0,0,0,0,0,0,0,0,0,2625,17,14
199697870,3064,56,2,0,0,0,0,0,0,0,0,0,0,2625,20,15
199761173,3065,56,2,0,0,0,0,0,0,0,0,0,0,2625,20,16
199824479,3066,56,2,0,0,0,0,0,0,0,0,0,0,2624,20,15
199887783,3067,56,2,0,0,0,0,0,0,0,0,0,0,2626,19,16
199951087,3068,56,2,0,0,0,0,0,0,0,0,0,0,2625,20,15
200014391,3069,56,2,0,0,0,0,0,0,0,0,0,0,2625,20,14
200077695,3070,56,2,0,0,0,0,0,0,0,0,0,0,2626,18,15
200141000,3071,56,2,0,0,0,0,0,0,0,0,0,0,2624,20,15
200204304,3072,56,2,0,0,0,0,0,0,0,0,0,0,2625,19,14
200267608,3073,56,2,0,0,0,0,0,0,0,0,0,0,2627,18,14
200330913,3074,56,2,0,0,0,0,0,0,0,0,0,0,2626,19,15
200394217,3075,56,2,0,0,0,0,0,0,0,0,0,0,2625,16,14
200457521,3076,56,2,0,0,0,0,0,0,0,0,0,0,2628,21,16
200520825,3077,56,2,0,0,0,0,0,0,0,0,0,0,2623,18,13
200584129,3078,56,2,0,0,0,0,0,0,0,0,0,0,2625,18,15
200647434,3079,56,2,0,0,0,0,0,0,0,0,0,0,2625,20,15
200710738,3080,56,2,0,0,0,0,0,0,0,0,0,0,2626,19,15
200774042,3081,56,2,0,0,0,0,0,0,0,0,0,0,2625,18,14
200837346,3082,56,2,0,0,0,0,0,0,0,0,0,0,2626,19,17
200900650,3083,56,2,0,0,0,0,0,0,0,0,0,0,2626,18,15
200963954,3084,56,2,0,0,0,0,0,0,0,0,0,0,2625,18,16
201027258,3085,56,2,0,0,0,0,0,0,0,0,0,0,2625,19,15
201090561,3086,56,2,0,0,0,0,0,0,0,0,0,0,2625,17,15
201153865,3087,56,2,0,0,0,0,0,0,0,0,0,0,2626,20,15
201217169,3088,56,2,0,0,0,0,0,0,0,0,0,0,2625,17,15
201280473,3089,56,2,0,0,0,0,0,0,0,0,0,0,2626,19,14
201343778,3090,56,2,0,0,0,0,0,0,0,0,0,0,2624,19,16
201407082,3091,56,2,0,0,0,0,0,0,0,0,0,0,2625,19,15
201470387,3092,56,2,0,0,0,0,0,0,0,0,0,0,2626,17,14
201533691,3093,56,2,0,0,0,0,0,0,0,0,0,0,2625,19,14
201596995,3094,56,2,0,0,0,0,0,0,0,0,0,0,2626,18,15
201660299,3095,56,2,0,0,0,0,0,0,0,0,0,0,2625,19,16
201723604,3096,56,2,0,0,0,0,0,0,0,0,0,0,2626,17,14
201786908,3097,56,2,0,0,0,0,0,0,0,0,0,0,2626,19,15
201850213,3098,56,2,0,0,0,0,0,0,0,0,0,0,2624,19,17
201913517,3099,56,2,0,0,0,0,0,0,0,0,0,0,2624,19,14
201976821,3100,56,2,0,0,0,0,0,0,0,0,0,0,2626,18,15
202040126,3101,56,2,0,0,0,0,0,0,0,0,0,0,2626,19,16
202103431,3102,56,2,0,0,0,0,0,0,0,0,0,0,2624,17,13
202166735,3103,56,2,0,0,0,0,0,0,0,0,0,0,2625,17,15
202230040,3104,56,2,0,0,0,0,0,0,0,0,0,0,2627,19,13
202293345,3105,56,2,0,0,0,0,0,0,0,0,0,0,2627,19,14
202356650,3106,56,2,0,0,0,0,0,0,0,0,0,0,2626,18,16
202419955,3107,56,2,0,0,0,0,0,0,0,0,0,0,2624,18,15
202483259,3108,56,2,0,0,0,0,0,0,0,0,0,0,2625,18,14
202546563,3109,56,2,0,0,0,0,0,0,0,0,0,0,2626,20,16
202609866,3110,56,2,0,0,0,0,0,0,0,0,0,0,2624,18,15
202673170,3111,56,2,0,0,0,0,0,0,0,0,0,0,2625,18,14
202736474,3112,56,2,0,0,0,0,0,0,0,0,0,0,2626,19,14
202799779,3113,56,2,0,0,0,0,0,0,0,0,0,0,2624,19,15
202863082,3114,56,2,0,0,0,0,0,0,0,0,0,0,2625,19,16
202926388,3115,56,2,0,0,0,0,0,0,0,0,0,0,2627,19,15
202989692,3116,56,2,0,0,0,0,0,0,0,0,0,0,2625,19,15
203052995,3117,56,2,0,0,0,0,0,0,0,0,0,0,2625,18,13
203116300,3118,56,2,0,0,0,0,0,0,0,0,0,0,2626,19,15
203179604,3119,56,2,0,0,0,0,0,0,0,0,0,0,2625,19,16
203242909,3120,56,2,0,0,0,0,0,0,0,0,0,0,2623,19,13
203306213,3121,56,2,0,0,0,0,0,0,0,0,0,0,2625,20,16
203369517,3122,56,2,0,0,0,0,0,0,0,0,0,0,2624,18,16
203432821,3123,56,2,0,0,0,0,0,0,0,0,0,0,2626,19,14
203496125,3124,56,2,0,0,0,0,0,0,0,0,0,0,2625,19,15
203559430,3125,56,2,0,0,0,0,0,0,0,0,0,0,2625,17,14
203622735,3126,56,2,0,0,0,0,0,0,0,0,0,0,2627,18,13
203686038,3127,56,2,0,0,0,0,0,0,0,0,0,0,2627,21,15
203749343,3128,56,2,0,0,0,0,0,0,0,0,0,0,2626,20,14
203812647,3129,56,2,0,0,0,0,0,0,0,0,0,0,2625,17,14
203875952,3130,56,2,0,0,0,0,0,0,0,0,0,0,2626,17,16
203939256,3131,56,2,0,0,0,0,0,0,0,0,0,0,2623,18,16
204002560,3132,56,2,0,0,0,0,0,0,0,0,0,0,2626,20,15
204065864,3133,56,2,0,0,0,0,0,0,0,0,0,0,2624,19,16
204129169,3134,56,2,0,0,0,0,0,0,0,0,0,0,2626,17,15
204192473,3135,56,2,0,0,0,0,0,0,0,0,0,0,2626,18,14
204255778,3136,56,2,0,0,0,0,0,0,0,0,0,0,2625,18,14
204319082,3137,56,2,0,0,0,0,0,0,0,0,0,0,2625,19,14
204382387,3138,56,2,0,0,0,0,0,0,0,0,0,0,2624,19,16
204445691,3139,56,2,0,0,0,0,0,0,0,0,0,0,2624,19,16
204508995,3140,56,2,0,0,0,0,0,0,0,0,0,0,2626,18,14
204572299,3141,56,2,0,0,0,0,0,0,0,0,0,0,2626,20,15
204635603,3142,56,2,0,0,0,0,0,0,0,0,0,0,2626,17,15
204698908,3143,56,2,0,0,0,0,0,0,0,0,0,0,2626,17,13
204762213,3144,56,2,0,0,0,0,0,0,0,0,0,0,2626,19,15
204825517,3145,56,2,0,0,0,0,0,0,0,0,0,0,2624,18,14
204893947,3146,56,2,0,0,0,0,0,0,0,0,0,0,2624,16,16
204957239,3147,56,2,0,0,0,0,0,0,0,0,0,0,2627,19,14
205020543,3148,56,2,0,0,0,0,0,0,0,0,0,0,2626,19,15
205083848,3149,56,2,0,0,0,0,0,0,0,0,0,0,2626,17,15
205147152,3150,56,2,0,0,0,0,0,0,0,0,0,0,2624,18,14
205210457,3151,56,2,0,0,0,0,0,0,0,0,0,0,2625,19,15
205273761,3152,56,2,0,0,0,0,0,0,0,0,0,0,2623,19,15
205337066,3153,56,2,0,0,0,0,0,0,0,0,0,0,2626,17,16
205400371,3154,56,2,0,0,0,0,0,0,0,0,0,0,2626,20,13
205463675,3155,56,2,0,0,0,0,0,0,0,0,0,0,2625,19,15
205526979,3156,56,2,0,0,0,0,0,0,0,0,0,0,2625,19,16
205590284,3157,56,2,0,0,0,0,0,0,0,0,0,0,2625,20,14
205653589,3158,56,2,0,0,0,0,0,0,0,0,0,0,2627,20,16
205716894,3159,56,2,0,0,0,0,0,0,0,0,0,0,2627,18,15
205780198,3160,56,2,0,0,0,0,0,0,0,0,0,0,2625,19,15
205843503,3161,56,2,0,0,0,0,0,0,0,0,0,0,2624,19,14
205906807,3162,56,2,0,0,0,0,0,0,0,0,0,0,2624,19,14
205970111,3163,56,2,0,0,0,0,0,0,0,0,0,0,2625,17,15
206033416,3164,56,2,0,0,0,0,0,0,0,0,0,0,2624,17,14
206096720,3165,56,2,0,0,0,0,0,0,0,0,0,0,2624,19,15
206160024,3166,56,2,0,0,0,0,0,0,0,0,0,0,2625,17,16
206223329,3167,56,2,0,0,0,0,0,0,0,0,0,0,2624,18,15
206286632,3168,56,2,0,0,0,0,0,0,0,0,0,0,2624,19,15
206349938,3169,56,2,0,0,0,0,0,0,0,0,0,0,2626,17,15
206413243,3170,56,2,0,0,0,0,0,0,0,0,0,0,2626,18,14
206476547,3171,56,2,0,0,0,0,0,0,0,0,0,0,2625,19,13
206539851,3172,56,2,0,0,0,0,0,0,0,0,0,0,2625,19,16
206603156,3173,56,2,0,0,0,0,0,0,0,0,0,0,2625,18,16
206666461,3174,56,2,0,0,0,0,0,0,0,0,0,0,2625,18,15
206729765,3175,56,2,0,0,0,0,0,0,0,0,0,0,2626,19,17
206793069,3176,56,2,0,0,0,0,0,0,0,0,0,0,2625,17,15
206856374,3177,56,2,0,0,0,0,0,0,0,0,0,0,2628,18,15
206919678,3178,56,2,0,0,0,0,0,0,0,0,0,0,2625,18,14
206982982,3179,56,2,0,0,0,0,0,0,0,0,0,0,2625,18,15
207046288,3180,56,2,0,0,0,0,0,0,0,0,0,0,2628,19,15
207109592,3181,56,2,0,0,0,0,0,0,0,0,0,0,2625,19,14
207172896,3182,56,2,0,0,0,0,0,0,0,0,0,0,2626,20,16
207236199,3183,56,2,0,0,0,0,0,0,0,0,0,0,2625,18,16
207299504,3184,56,2,0,0,0,0,0,0,0,0,0,0,2625,20,15
207362808,3185,56,2,0,0,0,0,0,0,0,0,0,0,2623,19,14
207426113,3186,56,2,0,0,0,0,0,0,0,0,0,0,2626,19,14
207489418,3187,56,2,0,0,0,0,0,0,0,0,0,0,2625,18,16
207552722,3188,56,2,0,0,0,0,0,0,0,0,0,0,2626,20,15
207616026,3189,56,2,0,0,0,0,0,0,0,0,0,0,2625,18,15
207679330,3190,56,2,0,0,0,0,0,0,0,0,0,0,2626,16,14
207742635,3191,56,2,0,0,0,0,0,0,0,0,0,0,2626,19,16
207805939,3192,56,2,0,0,0,0,0,0,0,0,0,0,2626,17,16
207869244,3193,56,2,0,0,0,0,0,0,0,0,0,0,2625,17,13
207932549,3194,56,2,0,0,0,0,0,0,0,0,0,0,2625,19,15
207995854,3195,56,2,0,0,0,0,0,0,0,0,0,0,2626,18,14
208059158,3196,56,2,0,0,0,0,0,0,0,0,0,0,2626,18,15
208122464,3197,56,2,0,0,0,0,0,0,0,0,0,0,2625,17,14
208185767,3198,56,2,0,0,0,0,0,0,0,0,0,0,2625,20,16
208249071,3199,56,2,0,0,0,0,0,0,0,0,0,0,2625,18,15
208312376,3200,56,2,0,0,0,0,0,0,0,0,0,0,2625,19,15
208375680,3201,56,2,0,0,0,0,0,0,0,0,0,0,2625,18,15
208438984,3202,56,2,0,0,0,0,0,0,0,0,0,0,2625,18,14
208502289,3203,56,2,0,0,0,0,0,0,0,0,0,0,2626,20,14
208565593,3204,56,2,0,0,0,0,0,0,0,0,0,0,2624,18,13
208628897,3205,56,2,0,0,0,0,0,0,0,0,0,0,2624,20,17
208692201,3206,56,2,0,0,0,0,0,0,0,0,0,0,2624,18,14
208755506,3207,56,2,0,0,0,0,0,0,0,0,0,0,2626,17,15
208818810,3208,56,2,0,0,0,0,0,0,0,0,0,0,2624,18,17
208882114,3209,56,2,0,0,0,0,0,0,0,0,0,0,2626,18,15
208945418,3210,56,2,0,0,0,0,0,0,0,0,0,0,2624,19,16
209008723,3211,56,2,0,0,0,0,0,0,0,0,0,0,2626,17,14
209072027,3212,56,2,0,0,0,0,0,0,0,0,0,0,2626,20,14
209135333,3213,56,2,0,0,0,0,0,0,0,0,0,0,2625,19,16
209198638,3214,56,2,0,0,0,0,0,0,0,0,0,0,2626,19,15
209261943,3215,56,2,0,0,0,0,0,0,0,0,0,0,2626,19,15
209325246,3216,56,2,0,0,0,0,0,0,0,0,0,0,2624,18,15
209388551,3217,56,2,0,0,0,0,0,0,0,0,0,0,2626,17,15
209451856,3218,56,2,0,0,0,0,0,0,0,0,0,0,2624,18,15
209515159,3219,56,2,0,0,0,0,0,0,0,0,0,0,2626,17,15
209578464,3220,56,2,0,0,0,0,0,0,0,0,0,0,2627,19,16
209641768,3221,56,2,0,0,0,0,0,0,0,0,0,0,2627,19,14
209705071,3222,56,2,0,0,0,0,0,0,0,0,0,0,2623,17,14
209768376,3223,56,2,0,0,0,0,0,0,0,0,0,0,2624,20,16
209831680,3224,56,2,0,0,0,0,0,0,0,0,0,0,2626,18,15
209894984,3225,56,2,0,0,0,0,0,0,0,0,0,0,2626,18,15
209958289,3226,56,2,0,0,0,0,0,0,0,0,0,0,2625,17,14
210021593,3227,56,2,0,0,0,0,0,0,0,0,0,0,2625,18,16
210084897,3228,56,2,0,0,0,0,0,0,0,0,0,0,2624,19,15
210148201,3229,56,2,0,0,0,0,0,0,0,0,0,0,2625,18,14
