timestamp_us,seq,valid_mask,status_bits,solenoid_state,payload0_centi_psi,payload1_centi_psi,payload2_centi_psi,payload3_centi_psi,raw_adc0,raw_adc1,raw_adc2,raw_adc3
5286002,0,0,2,0,0,0,0,0,0,0,0,0
5293995,1,0,2,0,0,0,0,0,0,0,0,0
5297639,2,0,2,0,0,0,0,0,0,0,0,0
5301283,3,0,2,0,0,0,0,0,0,0,0,0
5304927,4,0,2,0,0,0,0,0,0,0,0,0
5308571,5,0,2,0,0,0,0,0,0,0,0,0
5312215,6,0,2,0,0,0,0,0,0,0,0,0
5315859,7,0,2,0,0,0,0,0,0,0,0,0
5319503,8,0,2,0,0,0,0,0,0,0,0,0
5323147,9,0,2,0,0,0,0,0,0,0,0,0
5326791,10,0,2,0,0,0,0,0,0,0,0,0
5330435,11,0,2,0,0,0,0,0,0,0,0,0
5334079,12,0,2,0,0,0,0,0,0,0,0,0
5337723,13,0,2,0,0,0,0,0,0,0,0,0
5341367,14,0,2,0,0,0,0,0,0,0,0,0
5345011,15,0,2,0,0,0,0,0,0,0,0,0
5348655,16,0,2,0,0,0,0,0,0,0,0,0
5352299,17,0,2,0,0,0,0,0,0,0,0,0
5355943,18,0,2,0,0,0,0,0,0,0,0,0
5359587,19,0,2,0,0,0,0,0,0,0,0,0
5363231,20,0,2,0,0,0,0,0,0,0,0,0
5366876,21,0,2,0,0,0,0,0,0,0,0,0
5370519,22,0,2,0,0,0,0,0,0,0,0,0
5374163,23,0,2,0,0,0,0,0,0,0,0,0
5377807,24,0,2,0,0,0,0,0,0,0,0,0
5381451,25,0,2,0,0,0,0,0,0,0,0,0
5385095,26,0,2,0,0,0,0,0,0,0,0,0
5388739,27,0,2,0,0,0,0,0,0,0,0,0
5392383,28,0,2,0,0,0,0,0,0,0,0,0
5396027,29,0,2,0,0,0,0,0,0,0,0,0
5399671,30,0,2,0,0,0,0,0,0,0,0,0
5403316,31,0,2,0,0,0,0,0,0,0,0,0
5406959,32,0,2,0,0,0,0,0,0,0,0,0
5410603,33,0,2,0,0,0,0,0,0,0,0,0
5414247,34,0,2,0,0,0,0,0,0,0,0,0
5417891,35,0,2,0,0,0,0,0,0,0,0,0
5421535,36,0,2,0,0,0,0,0,0,0,0,0
5425179,37,0,2,0,0,0,0,0,0,0,0,0
5428823,38,0,2,0,0,0,0,0,0,0,0,0
5432467,39,0,2,0,0,0,0,0,0,0,0,0
5436111,40,0,2,0,0,0,0,0,0,0,0,0
5439755,41,0,2,0,0,0,0,0,0,0,0,0
5443399,42,0,2,0,0,0,0,0,0,0,0,0
5447043,43,0,2,0,0,0,0,0,0,0,0,0
5450687,44,0,2,0,0,0,0,0,0,0,0,0
5454331,45,0,2,0,0,0,0,0,0,0,0,0
5457975,46,0,2,0,0,0,0,0,0,0,0,0
5461619,47,0,2,0,0,0,0,0,0,0,0,0
5465263,48,0,2,0,0,0,0,0,0,0,0,0
5468907,49,0,2,0,0,0,0,0,0,0,0,0
5472551,50,0,2,0,0,0,0,0,0,0,0,0
5476196,51,0,2,0,0,0,0,0,0,0,0,0
5479839,52,0,2,0,0,0,0,0,0,0,0,0
5483483,53,0,2,0,0,0,0,0,0,0,0,0
5487127,54,0,2,0,0,0,0,0,0,0,0,0
5490771,55,0,2,0,0,0,0,0,0,0,0,0
5494415,56,0,2,0,0,0,0,0,0,0,0,0
5498059,57,0,2,0,0,0,0,0,0,0,0,0
5501703,58,0,2,0,0,0,0,0,0,0,0,0
5505347,59,0,2,0,0,0,0,0,0,0,0,0
5508991,60,0,2,0,0,0,0,0,0,0,0,0
5512636,61,0,2,0,0,0,0,0,0,0,0,0
5516279,62,0,2,0,0,0,0,0,0,0,0,0
5519923,63,0,2,0,0,0,0,0,0,0,0,0
5523567,64,0,2,0,0,0,0,0,0,0,0,0
5527211,65,0,2,0,0,0,0,0,0,0,0,0
5530855,66,0,2,0,0,0,0,0,0,0,0,0
5534499,67,0,2,0,0,0,0,0,0,0,0,0
5538143,68,0,2,0,0,0,0,0,0,0,0,0
5541787,69,0,2,0,0,0,0,0,0,0,0,0
5545431,70,0,2,0,0,0,0,0,0,0,0,0
5549075,71,0,2,0,0,0,0,0,0,0,0,0
5552719,72,0,2,0,0,0,0,0,0,0,0,0
5556363,73,0,2,0,0,0,0,0,0,0,0,0
5560007,74,0,2,0,0,0,0,0,0,0,0,0
5563651,75,0,2,0,0,0,0,0,0,0,0,0
5567295,76,0,2,0,0,0,0,0,0,0,0,0
5570939,77,0,2,0,0,0,0,0,0,0,0,0
5574583,78,0,2,0,0,0,0,0,0,0,0,0
5578227,79,0,2,0,0,0,0,0,0,0,0,0
5581871,80,0,2,0,0,0,0,0,0,0,0,0
5585516,81,0,2,0,0,0,0,0,0,0,0,0
5589159,82,0,2,0,0,0,0,0,0,0,0,0
5592803,83,0,2,0,0,0,0,0,0,0,0,0
5596447,84,0,2,0,0,0,0,0,0,0,0,0
5600091,85,0,2,0,0,0,0,0,0,0,0,0
5603735,86,0,2,0,0,0,0,0,0,0,0,0
5607379,87,0,2,0,0,0,0,0,0,0,0,0
5611023,88,0,2,0,0,0,0,0,0,0,0,0
5614667,89,0,2,0,0,0,0,0,0,0,0,0
5618311,90,0,2,0,0,0,0,0,0,0,0,0
5621956,91,0,2,0,0,0,0,0,0,0,0,0
5625599,92,0,2,0,0,0,0,0,0,0,0,0
5629243,93,0,2,0,0,0,0,0,0,0,0,0
5632887,94,0,2,0,0,0,0,0,0,0,0,0
5636531,95,0,2,0,0,0,0,0,0,0,0,0
5640175,96,0,2,0,0,0,0,0,0,0,0,0
5643819,97,0,2,0,0,0,0,0,0,0,0,0
5647463,98,0,2,0,0,0,0,0,0,0,0,0
5651107,99,0,2,0,0,0,0,0,0,0,0,0
5654751,100,0,2,0,0,0,0,0,0,0,0,0
5658396,101,0,2,0,0,0,0,0,0,0,0,0
5662039,102,0,2,0,0,0,0,0,0,0,0,0
5665683,103,0,2,0,0,0,0,0,0,0,0,0
5669327,104,0,2,0,0,0,0,0,0,0,0,0
5672971,105,0,2,0,0,0,0,0,0,0,0,0
5676615,106,0,2,0,0,0,0,0,0,0,0,0
5680259,107,0,2,0,0,0,0,0,0,0,0,0
5683903,108,0,2,0,0,0,0,0,0,0,0,0
5687547,109,0,2,0,0,0,0,0,0,0,0,0
5691191,110,0,2,0,0,0,0,0,0,0,0,0
5694835,111,0,2,0,0,0,0,0,0,0,0,0
5698479,112,0,2,0,0,0,0,0,0,0,0,0
5702123,113,0,2,0,0,0,0,0,0,0,0,0
5705767,114,0,2,0,0,0,0,0,0,0,0,0
5709411,115,0,2,0,0,0,0,0,0,0,0,0
5713055,116,0,2,0,0,0,0,0,0,0,0,0
5716699,117,0,2,0,0,0,0,0,0,0,0,0
5720343,118,0,2,0,0,0,0,0,0,0,0,0
5723987,119,0,2,0,0,0,0,0,0,0,0,0
5727631,120,0,2,0,0,0,0,0,0,0,0,0
5731276,121,0,2,0,0,0,0,0,0,0,0,0
5734919,122,0,2,0,0,0,0,0,0,0,0,0
5738563,123,0,2,0,0,0,0,0,0,0,0,0
5742207,124,0,2,0,0,0,0,0,0,0,0,0
5745851,125,0,2,0,0,0,0,0,0,0,0,0
5749495,126,0,2,0,0,0,0,0,0,0,0,0
5753139,127,0,2,0,0,0,0,0,0,0,0,0
5756783,128,0,2,0,0,0,0,0,0,0,0,0
5760427,129,0,2,0,0,0,0,0,0,0,0,0
5764071,130,0,2,0,0,0,0,0,0,0,0,0
5767716,131,0,2,0,0,0,0,0,0,0,0,0
5771359,132,0,2,0,0,0,0,0,0,0,0,0
5775003,133,0,2,0,0,0,0,0,0,0,0,0
5778647,134,0,2,0,0,0,0,0,0,0,0,0
5782291,135,0,2,0,0,0,0,0,0,0,0,0
5785935,136,0,2,0,0,0,0,0,0,0,0,0
5789579,137,0,2,0,0,0,0,0,0,0,0,0
5793223,138,0,2,0,0,0,0,0,0,0,0,0
5796867,139,0,2,0,0,0,0,0,0,0,0,0
5800511,140,0,2,0,0,0,0,0,0,0,0,0
5804156,141,0,2,0,0,0,0,0,0,0,0,0
5807799,142,0,2,0,0,0,0,0,0,0,0,0
5811443,143,0,2,0,0,0,0,0,0,0,0,0
5815087,144,0,2,0,0,0,0,0,0,0,0,0
5818731,145,0,2,0,0,0,0,0,0,0,0,0
5822375,146,0,2,0,0,0,0,0,0,0,0,0
5826019,147,0,2,0,0,0,0,0,0,0,0,0
5829663,148,0,2,0,0,0,0,0,0,0,0,0
5833307,149,0,2,0,0,0,0,0,0,0,0,0
5836951,150,0,2,0,0,0,0,0,0,0,0,0
5840595,151,0,2,0,0,0,0,0,0,0,0,0
5844239,152,0,2,0,0,0,0,0,0,0,0,0
5847883,153,0,2,0,0,0,0,0,0,0,0,0
5851527,154,0,2,0,0,0,0,0,0,0,0,0
5855171,155,0,2,0,0,0,0,0,0,0,0,0
5858815,156,0,2,0,0,0,0,0,0,0,0,0
5862459,157,0,2,0,0,0,0,0,0,0,0,0
5866103,158,0,2,0,0,0,0,0,0,0,0,0
5869747,159,0,2,0,0,0,0,0,0,0,0,0
5873391,160,0,2,0,0,0,0,0,0,0,0,0
5877036,161,0,2,0,0,0,0,0,0,0,0,0
5880679,162,0,2,0,0,0,0,0,0,0,0,0
5884323,163,0,2,0,0,0,0,0,0,0,0,0
5887967,164,0,2,0,0,0,0,0,0,0,0,0
5891611,165,0,2,0,0,0,0,0,0,0,0,0
5895255,166,0,2,0,0,0,0,0,0,0,0,0
5898899,167,0,2,0,0,0,0,0,0,0,0,0
5902543,168,0,2,0,0,0,0,0,0,0,0,0
5906187,169,0,2,0,0,0,0,0,0,0,0,0
5909831,170,0,2,0,0,0,0,0,0,0,0,0
5913475,171,0,2,0,0,0,0,0,0,0,0,0
5917119,172,0,2,0,0,0,0,0,0,0,0,0
5920763,173,0,2,0,0,0,0,0,0,0,0,0
5924407,174,0,2,0,0,0,0,0,0,0,0,0
5928051,175,0,2,0,0,0,0,0,0,0,0,0
5931695,176,0,2,0,0,0,0,0,0,0,0,0
5935339,177,0,2,0,0,0,0,0,0,0,0,0
5938983,178,0,2,0,0,0,0,0,0,0,0,0
5942627,179,0,2,0,0,0,0,0,0,0,0,0
5946271,180,0,2,0,0,0,0,0,0,0,0,0
5949916,181,0,2,0,0,0,0,0,0,0,0,0
5953559,182,0,2,0,0,0,0,0,0,0,0,0
5957203,183,0,2,0,0,0,0,0,0,0,0,0
5960847,184,0,2,0,0,0,0,0,0,0,0,0
5964491,185,0,2,0,0,0,0,0,0,0,0,0
5968135,186,0,2,0,0,0,0,0,0,0,0,0
5971779,187,0,2,0,0,0,0,0,0,0,0,0
5975423,188,0,2,0,0,0,0,0,0,0,0,0
5979067,189,0,2,0,0,0,0,0,0,0,0,0
5982711,190,0,2,0,0,0,0,0,0,0,0,0
5986355,191,0,2,0,0,0,0,0,0,0,0,0
5989999,192,0,2,0,0,0,0,0,0,0,0,0
5993643,193,0,2,0,0,0,0,0,0,0,0,0
5997287,194,0,2,0,0,0,0,0,0,0,0,0
6000931,195,0,2,0,0,0,0,0,0,0,0,0
6004575,196,0,2,0,0,0,0,0,0,0,0,0
6008219,197,0,2,0,0,0,0,0,0,0,0,0
6011863,198,0,2,0,0,0,0,0,0,0,0,0
6015507,199,0,2,0,0,0,0,0,0,0,0,0
6019151,200,0,2,0,0,0,0,0,0,0,0,0
6022796,201,0,2,0,0,0,0,0,0,0,0,0
6026439,202,0,2,0,0,0,0,0,0,0,0,0
6030083,203,0,2,0,0,0,0,0,0,0,0,0
6033727,204,0,2,0,0,0,0,0,0,0,0,0
6037371,205,0,2,0,0,0,0,0,0,0,0,0
6041015,206,0,2,0,0,0,0,0,0,0,0,0
6044659,207,0,2,0,0,0,0,0,0,0,0,0
6048303,208,0,2,0,0,0,0,0,0,0,0,0
6051947,209,0,2,0,0,0,0,0,0,0,0,0
6055591,210,0,2,0,0,0,0,0,0,0,0,0
6059236,211,0,2,0,0,0,0,0,0,0,0,0
6062879,212,0,2,0,0,0,0,0,0,0,0,0
6066523,213,0,2,0,0,0,0,0,0,0,0,0
6070167,214,0,2,0,0,0,0,0,0,0,0,0
6073811,215,0,2,0,0,0,0,0,0,0,0,0
6077455,216,0,2,0,0,0,0,0,0,0,0,0
6081099,217,0,2,0,0,0,0,0,0,0,0,0
6084743,218,0,2,0,0,0,0,0,0,0,0,0
6088387,219,0,2,0,0,0,0,0,0,0,0,0
6092031,220,0,2,0,0,0,0,0,0,0,0,0
6095675,221,0,2,0,0,0,0,0,0,0,0,0
6099319,222,0,2,0,0,0,0,0,0,0,0,0
6102963,223,0,2,0,0,0,0,0,0,0,0,0
6106607,224,0,2,0,0,0,0,0,0,0,0,0
6110251,225,0,2,0,0,0,0,0,0,0,0,0
6113895,226,0,2,0,0,0,0,0,0,0,0,0
6117539,227,0,2,0,0,0,0,0,0,0,0,0
6136022,228,0,2,0,0,0,0,0,0,0,0,0
6139653,229,0,2,0,0,0,0,0,0,0,0,0
6143297,230,0,2,0,0,0,0,0,0,0,0,0
6146942,231,0,2,0,0,0,0,0,0,0,0,0
6150585,232,0,2,0,0,0,0,0,0,0,0,0
6154229,233,0,2,0,0,0,0,0,0,0,0,0
6157873,234,0,2,0,0,0,0,0,0,0,0,0
6161517,235,0,2,0,0,0,0,0,0,0,0,0
6165161,236,0,2,0,0,0,0,0,0,0,0,0
6168805,237,0,2,0,0,0,0,0,0,0,0,0
6172449,238,0,2,0,0,0,0,0,0,0,0,0
6176093,239,0,2,0,0,0,0,0,0,0,0,0
6179737,240,0,2,0,0,0,0,0,0,0,0,0
6183381,241,0,2,0,0,0,0,0,0,0,0,0
6187025,242,0,2,0,0,0,0,0,0,0,0,0
6190669,243,0,2,0,0,0,0,0,0,0,0,0
6194313,244,0,2,0,0,0,0,0,0,0,0,0
6197957,245,0,2,0,0,0,0,0,0,0,0,0
6201601,246,0,2,0,0,0,0,0,0,0,0,0
6205245,247,0,2,0,0,0,0,0,0,0,0,0
6208889,248,0,2,0,0,0,0,0,0,0,0,0
6212533,249,0,2,0,0,0,0,0,0,0,0,0
6216177,250,0,2,0,0,0,0,0,0,0,0,0
6219821,251,0,2,0,0,0,0,0,0,0,0,0
6223465,252,0,2,0,0,0,0,0,0,0,0,0
6227109,253,0,2,0,0,0,0,0,0,0,0,0
6230753,254,0,2,0,0,0,0,0,0,0,0,0
6234397,255,0,2,0,0,0,0,0,0,0,0,0
6238041,256,0,2,0,0,0,0,0,0,0,0,0
6241685,257,0,2,0,0,0,0,0,0,0,0,0
6245329,258,0,2,0,0,0,0,0,0,0,0,0
6248973,259,0,2,0,0,0,0,0,0,0,0,0
6252617,260,0,2,0,0,0,0,0,0,0,0,0
6256261,261,0,2,0,0,0,0,0,0,0,0,0
6259905,262,0,2,0,0,0,0,0,0,0,0,0
6263549,263,0,2,0,0,0,0,0,0,0,0,0
6267193,264,0,2,0,0,0,0,0,0,0,0,0
6270837,265,0,2,0,0,0,0,0,0,0,0,0
6274481,266,0,2,0,0,0,0,0,0,0,0,0
6278125,267,0,2,0,0,0,0,0,0,0,0,0
6281769,268,0,2,0,0,0,0,0,0,0,0,0
6285413,269,0,2,0,0,0,0,0,0,0,0,0
6289057,270,0,2,0,0,0,0,0,0,0,0,0
6292702,271,0,2,0,0,0,0,0,0,0,0,0
6296345,272,0,2,0,0,0,0,0,0,0,0,0
6299989,273,0,2,0,0,0,0,0,0,0,0,0
6303633,274,0,2,0,0,0,0,0,0,0,0,0
6307277,275,0,2,0,0,0,0,0,0,0,0,0
6310921,276,0,2,0,0,0,0,0,0,0,0,0
6314565,277,0,2,0,0,0,0,0,0,0,0,0
6318209,278,0,2,0,0,0,0,0,0,0,0,0
6321853,279,0,2,0,0,0,0,0,0,0,0,0
6325497,280,0,2,0,0,0,0,0,0,0,0,0
6329142,281,0,2,0,0,0,0,0,0,0,0,0
6332785,282,0,2,0,0,0,0,0,0,0,0,0
6336429,283,0,2,0,0,0,0,0,0,0,0,0
6340073,284,0,2,0,0,0,0,0,0,0,0,0
6343717,285,0,2,0,0,0,0,0,0,0,0,0
6347361,286,0,2,0,0,0,0,0,0,0,0,0
6351006,287,0,2,0,0,0,0,0,0,0,0,0
6354649,288,0,2,0,0,0,0,0,0,0,0,0
6358293,289,0,2,0,0,0,0,0,0,0,0,0
6361937,290,0,2,0,0,0,0,0,0,0,0,0
6365581,291,0,2,0,0,0,0,0,0,0,0,0
6369225,292,0,2,0,0,0,0,0,0,0,0,0
6372869,293,0,2,0,0,0,0,0,0,0,0,0
6376513,294,0,2,0,0,0,0,0,0,0,0,0
6380157,295,0,2,0,0,0,0,0,0,0,0,0
6383801,296,0,2,0,0,0,0,0,0,0,0,0
6387445,297,0,2,0,0,0,0,0,0,0,0,0
6391089,298,0,2,0,0,0,0,0,0,0,0,0
6394733,299,0,2,0,0,0,0,0,0,0,0,0
6398377,300,0,2,0,0,0,0,0,0,0,0,0
6402021,301,0,2,0,0,0,0,0,0,0,0,0
6405665,302,0,2,0,0,0,0,0,0,0,0,0
6409309,303,0,2,0,0,0,0,0,0,0,0,0
6412953,304,0,2,0,0,0,0,0,0,0,0,0
6416597,305,0,2,0,0,0,0,0,0,0,0,0
6420241,306,0,2,0,0,0,0,0,0,0,0,0
6423885,307,0,2,0,0,0,0,0,0,0,0,0
6427529,308,0,2,0,0,0,0,0,0,0,0,0
6431173,309,0,2,0,0,0,0,0,0,0,0,0
6434817,310,0,2,0,0,0,0,0,0,0,0,0
6438461,311,0,2,0,0,0,0,0,0,0,0,0
6442105,312,0,2,0,0,0,0,0,0,0,0,0
6445749,313,0,2,0,0,0,0,0,0,0,0,0
6449393,314,0,2,0,0,0,0,0,0,0,0,0
6453037,315,0,2,0,0,0,0,0,0,0,0,0
6456681,316,0,2,0,0,0,0,0,0,0,0,0
6460325,317,0,2,0,0,0,0,0,0,0,0,0
6463969,318,0,2,0,0,0,0,0,0,0,0,0
6467613,319,0,2,0,0,0,0,0,0,0,0,0
6471257,320,0,2,0,0,0,0,0,0,0,0,0
6474901,321,0,2,0,0,0,0,0,0,0,0,0
6478545,322,0,2,0,0,0,0,0,0,0,0,0
6482189,323,0,2,0,0,0,0,0,0,0,0,0
6485833,324,0,2,0,0,0,0,0,0,0,0,0
6489477,325,0,2,0,0,0,0,0,0,0,0,0
6493121,326,0,2,0,0,0,0,0,0,0,0,0
6496765,327,0,2,0,0,0,0,0,0,0,0,0
6500409,328,0,2,0,0,0,0,0,0,0,0,0
6504054,329,0,2,0,0,0,0,0,0,0,0,0
6507697,330,0,2,0,0,0,0,0,0,0,0,0
6511342,331,0,2,0,0,0,0,0,0,0,0,0
6514985,332,0,2,0,0,0,0,0,0,0,0,0
6518629,333,0,2,0,0,0,0,0,0,0,0,0
6522273,334,0,2,0,0,0,0,0,0,0,0,0
6525917,335,0,2,0,0,0,0,0,0,0,0,0
6529561,336,0,2,0,0,0,0,0,0,0,0,0
6533205,337,0,2,0,0,0,0,0,0,0,0,0
6536849,338,0,2,0,0,0,0,0,0,0,0,0
6540493,339,0,2,0,0,0,0,0,0,0,0,0
6544137,340,0,2,0,0,0,0,0,0,0,0,0
6547782,341,0,2,0,0,0,0,0,0,0,0,0
6551425,342,0,2,0,0,0,0,0,0,0,0,0
6555070,343,0,2,0,0,0,0,0,0,0,0,0
6558713,344,0,2,0,0,0,0,0,0,0,0,0
6562357,345,0,2,0,0,0,0,0,0,0,0,0
6566001,346,0,2,0,0,0,0,0,0,0,0,0
6569645,347,0,2,0,0,0,0,0,0,0,0,0
6573289,348,0,2,0,0,0,0,0,0,0,0,0
6576933,349,0,2,0,0,0,0,0,0,0,0,0
6580577,350,0,2,0,0,0,0,0,0,0,0,0
6584222,351,0,2,0,0,0,0,0,0,0,0,0
6587865,352,0,2,0,0,0,0,0,0,0,0,0
6591509,353,0,2,0,0,0,0,0,0,0,0,0
6595153,354,0,2,0,0,0,0,0,0,0,0,0
6598797,355,0,2,0,0,0,0,0,0,0,0,0
6602441,356,0,2,0,0,0,0,0,0,0,0,0
6606086,357,0,2,0,0,0,0,0,0,0,0,0
6609729,358,0,2,0,0,0,0,0,0,0,0,0
6613373,359,0,2,0,0,0,0,0,0,0,0,0
6617017,360,0,2,0,0,0,0,0,0,0,0,0
6620662,361,0,2,0,0,0,0,0,0,0,0,0
6624305,362,0,2,0,0,0,0,0,0,0,0,0
6627949,363,0,2,0,0,0,0,0,0,0,0,0
6631593,364,0,2,0,0,0,0,0,0,0,0,0
6635237,365,0,2,0,0,0,0,0,0,0,0,0
6638881,366,0,2,0,0,0,0,0,0,0,0,0
6642525,367,0,2,0,0,0,0,0,0,0,0,0
6646169,368,0,2,0,0,0,0,0,0,0,0,0
6649813,369,0,2,0,0,0,0,0,0,0,0,0
6653457,370,0,2,0,0,0,0,0,0,0,0,0
6657102,371,0,2,0,0,0,0,0,0,0,0,0
6660745,372,0,2,0,0,0,0,0,0,0,0,0
6664389,373,0,2,0,0,0,0,0,0,0,0,0
6668033,374,0,2,0,0,0,0,0,0,0,0,0
6671677,375,0,2,0,0,0,0,0,0,0,0,0
6675321,376,0,2,0,0,0,0,0,0,0,0,0
6678965,377,0,2,0,0,0,0,0,0,0,0,0
6682609,378,0,2,0,0,0,0,0,0,0,0,0
6686253,379,0,2,0,0,0,0,0,0,0,0,0
6689897,380,0,2,0,0,0,0,0,0,0,0,0
6693541,381,0,2,0,0,0,0,0,0,0,0,0
6697185,382,0,2,0,0,0,0,0,0,0,0,0
6700829,383,0,2,0,0,0,0,0,0,0,0,0
6704473,384,0,2,0,0,0,0,0,0,0,0,0
6708117,385,0,2,0,0,0,0,0,0,0,0,0
6711761,386,0,2,0,0,0,0,0,0,0,0,0
6715405,387,0,2,0,0,0,0,0,0,0,0,0
6719049,388,0,2,0,0,0,0,0,0,0,0,0
6722693,389,0,2,0,0,0,0,0,0,0,0,0
6726337,390,0,2,0,0,0,0,0,0,0,0,0
6729982,391,0,2,0,0,0,0,0,0,0,0,0
6733625,392,0,2,0,0,0,0,0,0,0,0,0
6737269,393,0,2,0,0,0,0,0,0,0,0,0
6740913,394,0,2,0,0,0,0,0,0,0,0,0
6744557,395,0,2,0,0,0,0,0,0,0,0,0
6748201,396,0,2,0,0,0,0,0,0,0,0,0
6751845,397,0,2,0,0,0,0,0,0,0,0,0
6755489,398,0,2,0,0,0,0,0,0,0,0,0
6759133,399,0,2,0,0,0,0,0,0,0,0,0
6762777,400,0,2,0,0,0,0,0,0,0,0,0
6766421,401,0,2,0,0,0,0,0,0,0,0,0
6770065,402,0,2,0,0,0,0,0,0,0,0,0
6773709,403,0,2,0,0,0,0,0,0,0,0,0
6777353,404,0,2,0,0,0,0,0,0,0,0,0
6780997,405,0,2,0,0,0,0,0,0,0,0,0
6784641,406,0,2,0,0,0,0,0,0,0,0,0
6788285,407,0,2,0,0,0,0,0,0,0,0,0
6791929,408,0,2,0,0,0,0,0,0,0,0,0
6795573,409,0,2,0,0,0,0,0,0,0,0,0
6799217,410,0,2,0,0,0,0,0,0,0,0,0
6802861,411,0,2,0,0,0,0,0,0,0,0,0
6806505,412,0,2,0,0,0,0,0,0,0,0,0
6810149,413,0,2,0,0,0,0,0,0,0,0,0
6813793,414,0,2,0,0,0,0,0,0,0,0,0
6817437,415,0,2,0,0,0,0,0,0,0,0,0
6821082,416,0,2,0,0,0,0,0,0,0,0,0
6824725,417,0,2,0,0,0,0,0,0,0,0,0
6828369,418,0,2,0,0,0,0,0,0,0,0,0
6832014,419,0,2,0,0,0,0,0,0,0,0,0
6835657,420,0,2,0,0,0,0,0,0,0,0,0
6839301,421,0,2,0,0,0,0,0,0,0,0,0
6842945,422,0,2,0,0,0,0,0,0,0,0,0
6846589,423,0,2,0,0,0,0,0,0,0,0,0
6850233,424,0,2,0,0,0,0,0,0,0,0,0
6853877,425,0,2,0,0,0,0,0,0,0,0,0
6857521,426,0,2,0,0,0,0,0,0,0,0,0
6861165,427,0,2,0,0,0,0,0,0,0,0,0
6864809,428,0,2,0,0,0,0,0,0,0,0,0
6868453,429,0,2,0,0,0,0,0,0,0,0,0
6872097,430,0,2,0,0,0,0,0,0,0,0,0
6875742,431,0,2,0,0,0,0,0,0,0,0,0
6879385,432,0,2,0,0,0,0,0,0,0,0,0
6883029,433,0,2,0,0,0,0,0,0,0,0,0
6886673,434,0,2,0,0,0,0,0,0,0,0,0
6890317,435,0,2,0,0,0,0,0,0,0,0,0
6893961,436,0,2,0,0,0,0,0,0,0,0,0
6897605,437,0,2,0,0,0,0,0,0,0,0,0
6901249,438,0,2,0,0,0,0,0,0,0,0,0
6904893,439,0,2,0,0,0,0,0,0,0,0,0
6908537,440,0,2,0,0,0,0,0,0,0,0,0
6912181,441,0,2,0,0,0,0,0,0,0,0,0
6915825,442,0,2,0,0,0,0,0,0,0,0,0
6919469,443,0,2,0,0,0,0,0,0,0,0,0
6923113,444,0,2,0,0,0,0,0,0,0,0,0
6926757,445,0,2,0,0,0,0,0,0,0,0,0
6930401,446,0,2,0,0,0,0,0,0,0,0,0
6934045,447,0,2,0,0,0,0,0,0,0,0,0
6937689,448,0,2,0,0,0,0,0,0,0,0,0
6941333,449,0,2,0,0,0,0,0,0,0,0,0
6944977,450,0,2,0,0,0,0,0,0,0,0,0
6948621,451,0,2,0,0,0,0,0,0,0,0,0
6952265,452,0,2,0,0,0,0,0,0,0,0,0
6955909,453,0,2,0,0,0,0,0,0,0,0,0
6959553,454,0,2,0,0,0,0,0,0,0,0,0
6971899,455,0,2,0,0,0,0,0,0,0,0,0
6975530,456,0,2,0,0,0,0,0,0,0,0,0
6979174,457,0,2,0,0,0,0,0,0,0,0,0
6982818,458,0,2,0,0,0,0,0,0,0,0,0
6986462,459,0,2,0,0,0,0,0,0,0,0,0
6990106,460,0,2,0,0,0,0,0,0,0,0,0
6993751,461,0,2,0,0,0,0,0,0,0,0,0
6997394,462,0,2,0,0,0,0,0,0,0,0,0
7001038,463,0,2,0,0,0,0,0,0,0,0,0
7004682,464,0,2,0,0,0,0,0,0,0,0,0
7008326,465,0,2,0,0,0,0,0,0,0,0,0
7011970,466,0,2,0,0,0,0,0,0,0,0,0
7015614,467,0,2,0,0,0,0,0,0,0,0,0
7019258,468,0,2,0,0,0,0,0,0,0,0,0
7022902,469,0,2,0,0,0,0,0,0,0,0,0
7026546,470,0,2,0,0,0,0,0,0,0,0,0
7030190,471,0,2,0,0,0,0,0,0,0,0,0
7033834,472,0,2,0,0,0,0,0,0,0,0,0
7037478,473,0,2,0,0,0,0,0,0,0,0,0
7041122,474,0,2,0,0,0,0,0,0,0,0,0
7044766,475,0,2,0,0,0,0,0,0,0,0,0
7048410,476,0,2,0,0,0,0,0,0,0,0,0
7052054,477,0,2,0,0,0,0,0,0,0,0,0
7055698,478,0,2,0,0,0,0,0,0,0,0,0
7059342,479,0,2,0,0,0,0,0,0,0,0,0
7062986,480,0,2,0,0,0,0,0,0,0,0,0
7066631,481,0,2,0,0,0,0,0,0,0,0,0
7070274,482,0,2,0,0,0,0,0,0,0,0,0
7073918,483,0,2,0,0,0,0,0,0,0,0,0
7077562,484,0,2,0,0,0,0,0,0,0,0,0
7081207,485,0,2,0,0,0,0,0,0,0,0,0
7084850,486,0,2,0,0,0,0,0,0,0,0,0
7088494,487,0,2,0,0,0,0,0,0,0,0,0
7092138,488,0,2,0,0,0,0,0,0,0,0,0
7095782,489,0,2,0,0,0,0,0,0,0,0,0
7099426,490,0,2,0,0,0,0,0,0,0,0,0
7103071,491,0,2,0,0,0,0,0,0,0,0,0
7106714,492,0,2,0,0,0,0,0,0,0,0,0
7110358,493,0,2,0,0,0,0,0,0,0,0,0
7114002,494,0,2,0,0,0,0,0,0,0,0,0
7117646,495,0,2,0,0,0,0,0,0,0,0,0
7121290,496,0,2,0,0,0,0,0,0,0,0,0
7124934,497,0,2,0,0,0,0,0,0,0,0,0
7128578,498,0,2,0,0,0,0,0,0,0,0,0
7132222,499,0,2,0,0,0,0,0,0,0,0,0
7135866,500,0,2,0,0,0,0,0,0,0,0,0
7139511,501,0,2,0,0,0,0,0,0,0,0,0
7143154,502,0,2,0,0,0,0,0,0,0,0,0
7146798,503,0,2,0,0,0,0,0,0,0,0,0
7150442,504,0,2,0,0,0,0,0,0,0,0,0
7154087,505,0,2,0,0,0,0,0,0,0,0,0
7157730,506,0,2,0,0,0,0,0,0,0,0,0
7161374,507,0,2,0,0,0,0,0,0,0,0,0
7165018,508,0,2,0,0,0,0,0,0,0,0,0
7168662,509,0,2,0,0,0,0,0,0,0,0,0
7172306,510,0,2,0,0,0,0,0,0,0,0,0
7175951,511,0,2,0,0,0,0,0,0,0,0,0
7179594,512,0,2,0,0,0,0,0,0,0,0,0
7183238,513,0,2,0,0,0,0,0,0,0,0,0
7186882,514,0,2,0,0,0,0,0,0,0,0,0
7190526,515,0,2,0,0,0,0,0,0,0,0,0
7194170,516,0,2,0,0,0,0,0,0,0,0,0
7197814,517,0,2,0,0,0,0,0,0,0,0,0
7201458,518,0,2,0,0,0,0,0,0,0,0,0
7205102,519,0,2,0,0,0,0,0,0,0,0,0
7208746,520,0,2,0,0,0,0,0,0,0,0,0
7212390,521,0,2,0,0,0,0,0,0,0,0,0
7216034,522,0,2,0,0,0,0,0,0,0,0,0
7219678,523,0,2,0,0,0,0,0,0,0,0,0
7223322,524,0,2,0,0,0,0,0,0,0,0,0
7226966,525,0,2,0,0,0,0,0,0,0,0,0
7230610,526,0,2,0,0,0,0,0,0,0,0,0
7234254,527,0,2,0,0,0,0,0,0,0,0,0
7237898,528,0,2,0,0,0,0,0,0,0,0,0
7241542,529,0,2,0,0,0,0,0,0,0,0,0
7245186,530,0,2,0,0,0,0,0,0,0,0,0
7248831,531,0,2,0,0,0,0,0,0,0,0,0
7252474,532,0,2,0,0,0,0,0,0,0,0,0
7256118,533,0,2,0,0,0,0,0,0,0,0,0
7259762,534,0,2,0,0,0,0,0,0,0,0,0
7263406,535,0,2,0,0,0,0,0,0,0,0,0
7267050,536,0,2,0,0,0,0,0,0,0,0,0
7270694,537,0,2,0,0,0,0,0,0,0,0,0
7274338,538,0,2,0,0,0,0,0,0,0,0,0
7277982,539,0,2,0,0,0,0,0,0,0,0,0
7281626,540,0,2,0,0,0,0,0,0,0,0,0
7285270,541,0,2,0,0,0,0,0,0,0,0,0
7288914,542,0,2,0,0,0,0,0,0,0,0,0
7292558,543,0,2,0,0,0,0,0,0,0,0,0
7296202,544,0,2,0,0,0,0,0,0,0,0,0
7299846,545,0,2,0,0,0,0,0,0,0,0,0
7303490,546,0,2,0,0,0,0,0,0,0,0,0
7307134,547,0,2,0,0,0,0,0,0,0,0,0
7310778,548,0,2,0,0,0,0,0,0,0,0,0
7314422,549,0,2,0,0,0,0,0,0,0,0,0
7318066,550,0,2,0,0,0,0,0,0,0,0,0
7321711,551,0,2,0,0,0,0,0,0,0,0,0
7325354,552,0,2,0,0,0,0,0,0,0,0,0
7328998,553,0,2,0,0,0,0,0,0,0,0,0
7332642,554,0,2,0,0,0,0,0,0,0,0,0
7336286,555,0,2,0,0,0,0,0,0,0,0,0
7339930,556,0,2,0,0,0,0,0,0,0,0,0
7343574,557,0,2,0,0,0,0,0,0,0,0,0
7347218,558,0,2,0,0,0,0,0,0,0,0,0
7350862,559,0,2,0,0,0,0,0,0,0,0,0
7354506,560,0,2,0,0,0,0,0,0,0,0,0
7358151,561,0,2,0,0,0,0,0,0,0,0,0
7361794,562,0,2,0,0,0,0,0,0,0,0,0
7365438,563,0,2,0,0,0,0,0,0,0,0,0
7369082,564,0,2,0,0,0,0,0,0,0,0,0
7372726,565,0,2,0,0,0,0,0,0,0,0,0
7376370,566,0,2,0,0,0,0,0,0,0,0,0
7380014,567,0,2,0,0,0,0,0,0,0,0,0
7383658,568,0,2,0,0,0,0,0,0,0,0,0
7387302,569,0,2,0,0,0,0,0,0,0,0,0
7390946,570,0,2,0,0,0,0,0,0,0,0,0
7394590,571,0,2,0,0,0,0,0,0,0,0,0
7398234,572,0,2,0,0,0,0,0,0,0,0,0
7401878,573,0,2,0,0,0,0,0,0,0,0,0
7405522,574,0,2,0,0,0,0,0,0,0,0,0
7409166,575,0,2,0,0,0,0,0,0,0,0,0
7412810,576,0,2,0,0,0,0,0,0,0,0,0
7416454,577,0,2,0,0,0,0,0,0,0,0,0
7420098,578,0,2,0,0,0,0,0,0,0,0,0
7423742,579,0,2,0,0,0,0,0,0,0,0,0
7427386,580,0,2,0,0,0,0,0,0,0,0,0
7431031,581,0,2,0,0,0,0,0,0,0,0,0
7434674,582,0,2,0,0,0,0,0,0,0,0,0
7438318,583,0,2,0,0,0,0,0,0,0,0,0
7441962,584,0,2,0,0,0,0,0,0,0,0,0
7445606,585,0,2,0,0,0,0,0,0,0,0,0
7449250,586,0,2,0,0,0,0,0,0,0,0,0
7452894,587,0,2,0,0,0,0,0,0,0,0,0
7456538,588,0,2,0,0,0,0,0,0,0,0,0
7460182,589,0,2,0,0,0,0,0,0,0,0,0
7463826,590,0,2,0,0,0,0,0,0,0,0,0
7467470,591,0,2,0,0,0,0,0,0,0,0,0
7471114,592,0,2,0,0,0,0,0,0,0,0,0
7474758,593,0,2,0,0,0,0,0,0,0,0,0
7478402,594,0,2,0,0,0,0,0,0,0,0,0
7482046,595,0,2,0,0,0,0,0,0,0,0,0
7485690,596,0,2,0,0,0,0,0,0,0,0,0
7489334,597,0,2,0,0,0,0,0,0,0,0,0
7492978,598,0,2,0,0,0,0,0,0,0,0,0
7496622,599,0,2,0,0,0,0,0,0,0,0,0
7500266,600,0,2,0,0,0,0,0,0,0,0,0
7503911,601,0,2,0,0,0,0,0,0,0,0,0
7507554,602,0,2,0,0,0,0,0,0,0,0,0
7511198,603,0,2,0,0,0,0,0,0,0,0,0
7514842,604,0,2,0,0,0,0,0,0,0,0,0
7518486,605,0,2,0,0,0,0,0,0,0,0,0
7522130,606,0,2,0,0,0,0,0,0,0,0,0
7525774,607,0,2,0,0,0,0,0,0,0,0,0
7529418,608,0,2,0,0,0,0,0,0,0,0,0
7533063,609,0,2,0,0,0,0,0,0,0,0,0
7536706,610,0,2,0,0,0,0,0,0,0,0,0
7540351,611,0,2,0,0,0,0,0,0,0,0,0
7543994,612,0,2,0,0,0,0,0,0,0,0,0
7547638,613,0,2,0,0,0,0,0,0,0,0,0
7551282,614,0,2,0,0,0,0,0,0,0,0,0
7554926,615,0,2,0,0,0,0,0,0,0,0,0
7558570,616,0,2,0,0,0,0,0,0,0,0,0
7562214,617,0,2,0,0,0,0,0,0,0,0,0
7565858,618,0,2,0,0,0,0,0,0,0,0,0
7569502,619,0,2,0,0,0,0,0,0,0,0,0
7573146,620,0,2,0,0,0,0,0,0,0,0,0
7576791,621,0,2,0,0,0,0,0,0,0,0,0
7580434,622,0,2,0,0,0,0,0,0,0,0,0
7584079,623,0,2,0,0,0,0,0,0,0,0,0
7587722,624,0,2,0,0,0,0,0,0,0,0,0
7591366,625,0,2,0,0,0,0,0,0,0,0,0
7595010,626,0,2,0,0,0,0,0,0,0,0,0
7598654,627,0,2,0,0,0,0,0,0,0,0,0
7602298,628,0,2,0,0,0,0,0,0,0,0,0
7605942,629,0,2,0,0,0,0,0,0,0,0,0
7609586,630,0,2,0,0,0,0,0,0,0,0,0
7613231,631,0,2,0,0,0,0,0,0,0,0,0
7616874,632,0,2,0,0,0,0,0,0,0,0,0
7620518,633,0,2,0,0,0,0,0,0,0,0,0
7624162,634,0,2,0,0,0,0,0,0,0,0,0
7627806,635,0,2,0,0,0,0,0,0,0,0,0
7631450,636,0,2,0,0,0,0,0,0,0,0,0
7635094,637,0,2,0,0,0,0,0,0,0,0,0
7638738,638,0,2,0,0,0,0,0,0,0,0,0
7642382,639,0,2,0,0,0,0,0,0,0,0,0
7646026,640,0,2,0,0,0,0,0,0,0,0,0
7649671,641,0,2,0,0,0,0,0,0,0,0,0
7653314,642,0,2,0,0,0,0,0,0,0,0,0
7656958,643,0,2,0,0,0,0,0,0,0,0,0
7660602,644,0,2,0,0,0,0,0,0,0,0,0
7664246,645,0,2,0,0,0,0,0,0,0,0,0
7667890,646,0,2,0,0,0,0,0,0,0,0,0
7671534,647,0,2,0,0,0,0,0,0,0,0,0
7675178,648,0,2,0,0,0,0,0,0,0,0,0
7678822,649,0,2,0,0,0,0,0,0,0,0,0
7682466,650,0,2,0,0,0,0,0,0,0,0,0
7686111,651,0,2,0,0,0,0,0,0,0,0,0
7689754,652,0,2,0,0,0,0,0,0,0,0,0
7693398,653,0,2,0,0,0,0,0,0,0,0,0
7697042,654,0,2,0,0,0,0,0,0,0,0,0
7700686,655,0,2,0,0,0,0,0,0,0,0,0
7704330,656,0,2,0,0,0,0,0,0,0,0,0
7707974,657,0,2,0,0,0,0,0,0,0,0,0
7711618,658,0,2,0,0,0,0,0,0,0,0,0
7715262,659,0,2,0,0,0,0,0,0,0,0,0
7718906,660,0,2,0,0,0,0,0,0,0,0,0
7722551,661,0,2,0,0,0,0,0,0,0,0,0
7726194,662,0,2,0,0,0,0,0,0,0,0,0
7729838,663,0,2,0,0,0,0,0,0,0,0,0
7733482,664,0,2,0,0,0,0,0,0,0,0,0
7737126,665,0,2,0,0,0,0,0,0,0,0,0
7740770,666,0,2,0,0,0,0,0,0,0,0,0
7744414,667,0,2,0,0,0,0,0,0,0,0,0
7748058,668,0,2,0,0,0,0,0,0,0,0,0
7751702,669,0,2,0,0,0,0,0,0,0,0,0
7755346,670,0,2,0,0,0,0,0,0,0,0,0
7758991,671,0,2,0,0,0,0,0,0,0,0,0
7762634,672,0,2,0,0,0,0,0,0,0,0,0
7766278,673,0,2,0,0,0,0,0,0,0,0,0
7769922,674,0,2,0,0,0,0,0,0,0,0,0
7773566,675,0,2,0,0,0,0,0,0,0,0,0
7777210,676,0,2,0,0,0,0,0,0,0,0,0
7780854,677,0,2,0,0,0,0,0,0,0,0,0
7784498,678,0,2,0,0,0,0,0,0,0,0,0
7788142,679,0,2,0,0,0,0,0,0,0,0,0
7791786,680,0,2,0,0,0,0,0,0,0,0,0
7795431,681,0,2,0,0,0,0,0,0,0,0,0
7813373,682,0,2,0,0,0,0,0,0,0,0,0
7817005,683,0,2,0,0,0,0,0,0,0,0,0
7820649,684,0,2,0,0,0,0,0,0,0,0,0
7824293,685,0,2,0,0,0,0,0,0,0,0,0
7827937,686,0,2,0,0,0,0,0,0,0,0,0
7831581,687,0,2,0,0,0,0,0,0,0,0,0
7835225,688,0,2,0,0,0,0,0,0,0,0,0
7838869,689,0,2,0,0,0,0,0,0,0,0,0
7842513,690,0,2,0,0,0,0,0,0,0,0,0
7846158,691,0,2,0,0,0,0,0,0,0,0,0
7849801,692,0,2,0,0,0,0,0,0,0,0,0
7853445,693,0,2,0,0,0,0,0,0,0,0,0
7857089,694,0,2,0,0,0,0,0,0,0,0,0
7860733,695,0,2,0,0,0,0,0,0,0,0,0
7864377,696,0,2,0,0,0,0,0,0,0,0,0
7868021,697,0,2,0,0,0,0,0,0,0,0,0
7871665,698,0,2,0,0,0,0,0,0,0,0,0
7875309,699,0,2,0,0,0,0,0,0,0,0,0
7878953,700,0,2,0,0,0,0,0,0,0,0,0
7882598,701,0,2,0,0,0,0,0,0,0,0,0
7886241,702,0,2,0,0,0,0,0,0,0,0,0
7889885,703,0,2,0,0,0,0,0,0,0,0,0
7893529,704,0,2,0,0,0,0,0,0,0,0,0
7897173,705,0,2,0,0,0,0,0,0,0,0,0
7900817,706,0,2,0,0,0,0,0,0,0,0,0
7904461,707,0,2,0,0,0,0,0,0,0,0,0
7908105,708,0,2,0,0,0,0,0,0,0,0,0
7911749,709,0,2,0,0,0,0,0,0,0,0,0
7915393,710,0,2,0,0,0,0,0,0,0,0,0
7919038,711,0,2,0,0,0,0,0,0,0,0,0
7922681,712,0,2,0,0,0,0,0,0,0,0,0
7926325,713,0,2,0,0,0,0,0,0,0,0,0
7929969,714,0,2,0,0,0,0,0,0,0,0,0
7933613,715,0,2,0,0,0,0,0,0,0,0,0
7937257,716,0,2,0,0,0,0,0,0,0,0,0
7940901,717,0,2,0,0,0,0,0,0,0,0,0
7944545,718,0,2,0,0,0,0,0,0,0,0,0
7948189,719,0,2,0,0,0,0,0,0,0,0,0
7951833,720,0,2,0,0,0,0,0,0,0,0,0
7955477,721,0,2,0,0,0,0,0,0,0,0,0
7959121,722,0,2,0,0,0,0,0,0,0,0,0
7962765,723,0,2,0,0,0,0,0,0,0,0,0
7966409,724,0,2,0,0,0,0,0,0,0,0,0
7970053,725,0,2,0,0,0,0,0,0,0,0,0
7973697,726,0,2,0,0,0,0,0,0,0,0,0
7977341,727,0,2,0,0,0,0,0,0,0,0,0
7980985,728,0,2,0,0,0,0,0,0,0,0,0
7984629,729,0,2,0,0,0,0,0,0,0,0,0
7988273,730,0,2,0,0,0,0,0,0,0,0,0
7991918,731,0,2,0,0,0,0,0,0,0,0,0
7995561,732,0,2,0,0,0,0,0,0,0,0,0
7999205,733,0,2,0,0,0,0,0,0,0,0,0
8002849,734,0,2,0,0,0,0,0,0,0,0,0
8006493,735,0,2,0,0,0,0,0,0,0,0,0
8010137,736,0,2,0,0,0,0,0,0,0,0,0
8013781,737,0,2,0,0,0,0,0,0,0,0,0
8017425,738,0,2,0,0,0,0,0,0,0,0,0
8021069,739,0,2,0,0,0,0,0,0,0,0,0
8024713,740,0,2,0,0,0,0,0,0,0,0,0
8028358,741,0,2,0,0,0,0,0,0,0,0,0
8032001,742,0,2,0,0,0,0,0,0,0,0,0
8035645,743,0,2,0,0,0,0,0,0,0,0,0
8039289,744,0,2,0,0,0,0,0,0,0,0,0
8042933,745,0,2,0,0,0,0,0,0,0,0,0
8046577,746,0,2,0,0,0,0,0,0,0,0,0
8050221,747,0,2,0,0,0,0,0,0,0,0,0
8053865,748,0,2,0,0,0,0,0,0,0,0,0
8057509,749,0,2,0,0,0,0,0,0,0,0,0
8061153,750,0,2,0,0,0,0,0,0,0,0,0
8064797,751,0,2,0,0,0,0,0,0,0,0,0
8068441,752,0,2,0,0,0,0,0,0,0,0,0
8072085,753,0,2,0,0,0,0,0,0,0,0,0
8075729,754,0,2,0,0,0,0,0,0,0,0,0
8079373,755,0,2,0,0,0,0,0,0,0,0,0
8083017,756,0,2,0,0,0,0,0,0,0,0,0
8086661,757,0,2,0,0,0,0,0,0,0,0,0
8090305,758,0,2,0,0,0,0,0,0,0,0,0
8093949,759,0,2,0,0,0,0,0,0,0,0,0
8097593,760,0,2,0,0,0,0,0,0,0,0,0
8101238,761,0,2,0,0,0,0,0,0,0,0,0
8104881,762,0,2,0,0,0,0,0,0,0,0,0
8108525,763,0,2,0,0,0,0,0,0,0,0,0
8112169,764,0,2,0,0,0,0,0,0,0,0,0
8115813,765,0,2,0,0,0,0,0,0,0,0,0
8119457,766,0,2,0,0,0,0,0,0,0,0,0
8123101,767,0,2,0,0,0,0,0,0,0,0,0
8126745,768,0,2,0,0,0,0,0,0,0,0,0
8130389,769,0,2,0,0,0,0,0,0,0,0,0
8134033,770,0,2,0,0,0,0,0,0,0,0,0
8137678,771,0,2,0,0,0,0,0,0,0,0,0
8141321,772,0,2,0,0,0,0,0,0,0,0,0
8144965,773,0,2,0,0,0,0,0,0,0,0,0
8148609,774,0,2,0,0,0,0,0,0,0,0,0
8152253,775,0,2,0,0,0,0,0,0,0,0,0
8155897,776,0,2,0,0,0,0,0,0,0,0,0
8159541,777,0,2,0,0,0,0,0,0,0,0,0
8163185,778,0,2,0,0,0,0,0,0,0,0,0
8166829,779,0,2,0,0,0,0,0,0,0,0,0
8170473,780,0,2,0,0,0,0,0,0,0,0,0
8174117,781,0,2,0,0,0,0,0,0,0,0,0
8177761,782,0,2,0,0,0,0,0,0,0,0,0
8181405,783,0,2,0,0,0,0,0,0,0,0,0
8185049,784,0,2,0,0,0,0,0,0,0,0,0
8188693,785,0,2,0,0,0,0,0,0,0,0,0
8192337,786,0,2,0,0,0,0,0,0,0,0,0
8195981,787,0,2,0,0,0,0,0,0,0,0,0
8199625,788,0,2,0,0,0,0,0,0,0,0,0
8203269,789,0,2,0,0,0,0,0,0,0,0,0
8206913,790,0,2,0,0,0,0,0,0,0,0,0
8210558,791,0,2,0,0,0,0,0,0,0,0,0
8214201,792,0,2,0,0,0,0,0,0,0,0,0
8217845,793,0,2,0,0,0,0,0,0,0,0,0
8221489,794,0,2,0,0,0,0,0,0,0,0,0
8225133,795,0,2,0,0,0,0,0,0,0,0,0
8228777,796,0,2,0,0,0,0,0,0,0,0,0
8232421,797,0,2,0,0,0,0,0,0,0,0,0
8236065,798,0,2,0,0,0,0,0,0,0,0,0
8239709,799,0,2,0,0,0,0,0,0,0,0,0
8243353,800,0,2,0,0,0,0,0,0,0,0,0
8246998,801,0,2,0,0,0,0,0,0,0,0,0
8250641,802,0,2,0,0,0,0,0,0,0,0,0
8254285,803,0,2,0,0,0,0,0,0,0,0,0
8257929,804,0,2,0,0,0,0,0,0,0,0,0
8261573,805,0,2,0,0,0,0,0,0,0,0,0
8265217,806,0,2,0,0,0,0,0,0,0,0,0
8268861,807,0,2,0,0,0,0,0,0,0,0,0
8272505,808,0,2,0,0,0,0,0,0,0,0,0
8276149,809,0,2,0,0,0,0,0,0,0,0,0
8279793,810,0,2,0,0,0,0,0,0,0,0,0
8283438,811,0,2,0,0,0,0,0,0,0,0,0
8287081,812,0,2,0,0,0,0,0,0,0,0,0
8290725,813,0,2,0,0,0,0,0,0,0,0,0
8294369,814,0,2,0,0,0,0,0,0,0,0,0
8298014,815,0,2,0,0,0,0,0,0,0,0,0
8301657,816,0,2,0,0,0,0,0,0,0,0,0
8305301,817,0,2,0,0,0,0,0,0,0,0,0
8308945,818,0,2,0,0,0,0,0,0,0,0,0
8312589,819,0,2,0,0,0,0,0,0,0,0,0
8316233,820,0,2,0,0,0,0,0,0,0,0,0
8319878,821,0,2,0,0,0,0,0,0,0,0,0
8323521,822,0,2,0,0,0,0,0,0,0,0,0
8327165,823,0,2,0,0,0,0,0,0,0,0,0
8330809,824,0,2,0,0,0,0,0,0,0,0,0
8334453,825,0,2,0,0,0,0,0,0,0,0,0
8338097,826,0,2,0,0,0,0,0,0,0,0,0
8341741,827,0,2,0,0,0,0,0,0,0,0,0
8345385,828,0,2,0,0,0,0,0,0,0,0,0
8349029,829,0,2,0,0,0,0,0,0,0,0,0
8352673,830,0,2,0,0,0,0,0,0,0,0,0
8356318,831,0,2,0,0,0,0,0,0,0,0,0
8359961,832,0,2,0,0,0,0,0,0,0,0,0
8363605,833,0,2,0,0,0,0,0,0,0,0,0
8367249,834,0,2,0,0,0,0,0,0,0,0,0
8370893,835,0,2,0,0,0,0,0,0,0,0,0
8374537,836,0,2,0,0,0,0,0,0,0,0,0
8378181,837,0,2,0,0,0,0,0,0,0,0,0
8381825,838,0,2,0,0,0,0,0,0,0,0,0
8385469,839,0,2,0,0,0,0,0,0,0,0,0
8389113,840,0,2,0,0,0,0,0,0,0,0,0
8392758,841,0,2,0,0,0,0,0,0,0,0,0
8396401,842,0,2,0,0,0,0,0,0,0,0,0
8400045,843,0,2,0,0,0,0,0,0,0,0,0
8403689,844,0,2,0,0,0,0,0,0,0,0,0
8407333,845,0,2,0,0,0,0,0,0,0,0,0
8410977,846,0,2,0,0,0,0,0,0,0,0,0
8414621,847,0,2,0,0,0,0,0,0,0,0,0
8418265,848,0,2,0,0,0,0,0,0,0,0,0
8421909,849,0,2,0,0,0,0,0,0,0,0,0
8425553,850,0,2,0,0,0,0,0,0,0,0,0
8429198,851,0,2,0,0,0,0,0,0,0,0,0
8432841,852,0,2,0,0,0,0,0,0,0,0,0
8436485,853,0,2,0,0,0,0,0,0,0,0,0
8440129,854,0,2,0,0,0,0,0,0,0,0,0
8443773,855,0,2,0,0,0,0,0,0,0,0,0
8447417,856,0,2,0,0,0,0,0,0,0,0,0
8451061,857,0,2,0,0,0,0,0,0,0,0,0
8454705,858,0,2,0,0,0,0,0,0,0,0,0
8458349,859,0,2,0,0,0,0,0,0,0,0,0
8461993,860,0,2,0,0,0,0,0,0,0,0,0
8465638,861,0,2,0,0,0,0,0,0,0,0,0
8469281,862,0,2,0,0,0,0,0,0,0,0,0
8472925,863,0,2,0,0,0,0,0,0,0,0,0
8476569,864,0,2,0,0,0,0,0,0,0,0,0
8480213,865,0,2,0,0,0,0,0,0,0,0,0
8483857,866,0,2,0,0,0,0,0,0,0,0,0
8487501,867,0,2,0,0,0,0,0,0,0,0,0
8491145,868,0,2,0,0,0,0,0,0,0,0,0
8494789,869,0,2,0,0,0,0,0,0,0,0,0
8498433,870,0,2,0,0,0,0,0,0,0,0,0
8502078,871,0,2,0,0,0,0,0,0,0,0,0
8505721,872,0,2,0,0,0,0,0,0,0,0,0
8509365,873,0,2,0,0,0,0,0,0,0,0,0
8513009,874,0,2,0,0,0,0,0,0,0,0,0
8516653,875,0,2,0,0,0,0,0,0,0,0,0
8520297,876,0,2,0,0,0,0,0,0,0,0,0
8523941,877,0,2,0,0,0,0,0,0,0,0,0
8527585,878,0,2,0,0,0,0,0,0,0,0,0
8531229,879,0,2,0,0,0,0,0,0,0,0,0
8534873,880,0,2,0,0,0,0,0,0,0,0,0
8538517,881,0,2,0,0,0,0,0,0,0,0,0
8542161,882,0,2,0,0,0,0,0,0,0,0,0
8545805,883,0,2,0,0,0,0,0,0,0,0,0
8549449,884,0,2,0,0,0,0,0,0,0,0,0
8553093,885,0,2,0,0,0,0,0,0,0,0,0
8556737,886,0,2,0,0,0,0,0,0,0,0,0
8560381,887,0,2,0,0,0,0,0,0,0,0,0
8564026,888,0,2,0,0,0,0,0,0,0,0,0
8567669,889,0,2,0,0,0,0,0,0,0,0,0
8571313,890,0,2,0,0,0,0,0,0,0,0,0
8574958,891,0,2,0,0,0,0,0,0,0,0,0
8578601,892,0,2,0,0,0,0,0,0,0,0,0
8582245,893,0,2,0,0,0,0,0,0,0,0,0
8585889,894,0,2,0,0,0,0,0,0,0,0,0
8589533,895,0,2,0,0,0,0,0,0,0,0,0
8593177,896,0,2,0,0,0,0,0,0,0,0,0
8596821,897,0,2,0,0,0,0,0,0,0,0,0
8600465,898,0,2,0,0,0,0,0,0,0,0,0
8604109,899,0,2,0,0,0,0,0,0,0,0,0
8607753,900,0,2,0,0,0,0,0,0,0,0,0
8611398,901,0,2,0,0,0,0,0,0,0,0,0
8615041,902,0,2,0,0,0,0,0,0,0,0,0
8618685,903,0,2,0,0,0,0,0,0,0,0,0
8622329,904,0,2,0,0,0,0,0,0,0,0,0
8625973,905,0,2,0,0,0,0,0,0,0,0,0
8629617,906,0,2,0,0,0,0,0,0,0,0,0
8633261,907,0,2,0,0,0,0,0,0,0,0,0
8636905,908,0,2,0,0,0,0,0,0,0,0,0
8649612,909,0,2,0,0,0,0,0,0,0,0,0
8653244,910,0,2,0,0,0,0,0,0,0,0,0
8656888,911,0,2,0,0,0,0,0,0,0,0,0
8660532,912,0,2,0,0,0,0,0,0,0,0,0
8664176,913,0,2,0,0,0,0,0,0,0,0,0
8667820,914,0,2,0,0,0,0,0,0,0,0,0
8671464,915,0,2,0,0,0,0,0,0,0,0,0
8675108,916,0,2,0,0,0,0,0,0,0,0,0
8678752,917,0,2,0,0,0,0,0,0,0,0,0
8682396,918,0,2,0,0,0,0,0,0,0,0,0
8686040,919,0,2,0,0,0,0,0,0,0,0,0
8689684,920,0,2,0,0,0,0,0,0,0,0,0
8693328,921,0,2,0,0,0,0,0,0,0,0,0
8696972,922,0,2,0,0,0,0,0,0,0,0,0
8700616,923,0,2,0,0,0,0,0,0,0,0,0
8704260,924,0,2,0,0,0,0,0,0,0,0,0
8707904,925,0,2,0,0,0,0,0,0,0,0,0
8711548,926,0,2,0,0,0,0,0,0,0,0,0
8715192,927,0,2,0,0,0,0,0,0,0,0,0
8718836,928,0,2,0,0,0,0,0,0,0,0,0
8722480,929,0,2,0,0,0,0,0,0,0,0,0
8726124,930,0,2,0,0,0,0,0,0,0,0,0
8729769,931,0,2,0,0,0,0,0,0,0,0,0
8733412,932,0,2,0,0,0,0,0,0,0,0,0
8737056,933,0,2,0,0,0,0,0,0,0,0,0
8740700,934,0,2,0,0,0,0,0,0,0,0,0
8744344,935,0,2,0,0,0,0,0,0,0,0,0
8747988,936,0,2,0,0,0,0,0,0,0,0,0
8751632,937,0,2,0,0,0,0,0,0,0,0,0
8755276,938,0,2,0,0,0,0,0,0,0,0,0
8758920,939,0,2,0,0,0,0,0,0,0,0,0
8762564,940,0,2,0,0,0,0,0,0,0,0,0
8766209,941,0,2,0,0,0,0,0,0,0,0,0
8769852,942,0,2,0,0,0,0,0,0,0,0,0
8773496,943,0,2,0,0,0,0,0,0,0,0,0
8777140,944,0,2,0,0,0,0,0,0,0,0,0
8780784,945,0,2,0,0,0,0,0,0,0,0,0
8784428,946,0,2,0,0,0,0,0,0,0,0,0
8788072,947,0,2,0,0,0,0,0,0,0,0,0
8791716,948,0,2,0,0,0,0,0,0,0,0,0
8795360,949,0,2,0,0,0,0,0,0,0,0,0
8799004,950,0,2,0,0,0,0,0,0,0,0,0
8802648,951,0,2,0,0,0,0,0,0,0,0,0
8806292,952,0,2,0,0,0,0,0,0,0,0,0
8809936,953,0,2,0,0,0,0,0,0,0,0,0
8813580,954,0,2,0,0,0,0,0,0,0,0,0
8817224,955,0,2,0,0,0,0,0,0,0,0,0
8820868,956,0,2,0,0,0,0,0,0,0,0,0
8824512,957,0,2,0,0,0,0,0,0,0,0,0
8828156,958,0,2,0,0,0,0,0,0,0,0,0
8831800,959,0,2,0,0,0,0,0,0,0,0,0
8835444,960,0,2,0,0,0,0,0,0,0,0,0
8839089,961,0,2,0,0,0,0,0,0,0,0,0
8842732,962,0,2,0,0,0,0,0,0,0,0,0
8846376,963,0,2,0,0,0,0,0,0,0,0,0
8850020,964,0,2,0,0,0,0,0,0,0,0,0
8853664,965,0,2,0,0,0,0,0,0,0,0,0
8857308,966,0,2,0,0,0,0,0,0,0,0,0
8860952,967,0,2,0,0,0,0,0,0,0,0,0
8864596,968,0,2,0,0,0,0,0,0,0,0,0
8868240,969,0,2,0,0,0,0,0,0,0,0,0
8871884,970,0,2,0,0,0,0,0,0,0,0,0
8875528,971,0,2,0,0,0,0,0,0,0,0,0
8879172,972,0,2,0,0,0,0,0,0,0,0,0
8882816,973,0,2,0,0,0,0,0,0,0,0,0
8886460,974,0,2,0,0,0,0,0,0,0,0,0
8890104,975,0,2,0,0,0,0,0,0,0,0,0
8893748,976,0,2,0,0,0,0,0,0,0,0,0
8897392,977,0,2,0,0,0,0,0,0,0,0,0
8901036,978,0,2,0,0,0,0,0,0,0,0,0
8904680,979,0,2,0,0,0,0,0,0,0,0,0
8908324,980,0,2,0,0,0,0,0,0,0,0,0
8911969,981,0,2,0,0,0,0,0,0,0,0,0
8915612,982,0,2,0,0,0,0,0,0,0,0,0
8919256,983,0,2,0,0,0,0,0,0,0,0,0
8922900,984,0,2,0,0,0,0,0,0,0,0,0
8926544,985,0,2,0,0,0,0,0,0,0,0,0
8930188,986,0,2,0,0,0,0,0,0,0,0,0
8933832,987,0,2,0,0,0,0,0,0,0,0,0
8937476,988,0,2,0,0,0,0,0,0,0,0,0
8941120,989,0,2,0,0,0,0,0,0,0,0,0
8944764,990,0,2,0,0,0,0,0,0,0,0,0
8948409,991,0,2,0,0,0,0,0,0,0,0,0
8952052,992,0,2,0,0,0,0,0,0,0,0,0
8955696,993,0,2,0,0,0,0,0,0,0,0,0
8959340,994,0,2,0,0,0,0,0,0,0,0,0
8962984,995,0,2,0,0,0,0,0,0,0,0,0
8966628,996,0,2,0,0,0,0,0,0,0,0,0
8970272,997,0,2,0,0,0,0,0,0,0,0,0
8973916,998,0,2,0,0,0,0,0,0,0,0,0
8977560,999,0,2,0,0,0,0,0,0,0,0,0
8981204,1000,0,2,0,0,0,0,0,0,0,0,0
8984849,1001,0,2,0,0,0,0,0,0,0,0,0
8988492,1002,0,2,0,0,0,0,0,0,0,0,0
8992136,1003,0,2,0,0,0,0,0,0,0,0,0
8995780,1004,0,2,0,0,0,0,0,0,0,0,0
8999424,1005,0,2,0,0,0,0,0,0,0,0,0
9003068,1006,0,2,0,0,0,0,0,0,0,0,0
9006712,1007,0,2,0,0,0,0,0,0,0,0,0
9010356,1008,0,2,0,0,0,0,0,0,0,0,0
9014000,1009,0,2,0,0,0,0,0,0,0,0,0
9017644,1010,0,2,0,0,0,0,0,0,0,0,0
9021288,1011,0,2,0,0,0,0,0,0,0,0,0
9024932,1012,0,2,0,0,0,0,0,0,0,0,0
9028576,1013,0,2,0,0,0,0,0,0,0,0,0
9032220,1014,0,2,0,0,0,0,0,0,0,0,0
9035864,1015,0,2,0,0,0,0,0,0,0,0,0
9039508,1016,0,2,0,0,0,0,0,0,0,0,0
9043152,1017,0,2,0,0,0,0,0,0,0,0,0
9046796,1018,0,2,0,0,0,0,0,0,0,0,0
9050440,1019,0,2,0,0,0,0,0,0,0,0,0
9054084,1020,0,2,0,0,0,0,0,0,0,0,0
9057729,1021,0,2,0,0,0,0,0,0,0,0,0
9061372,1022,0,2,0,0,0,0,0,0,0,0,0
9065016,1023,0,2,0,0,0,0,0,0,0,0,0
9068660,1024,0,2,0,0,0,0,0,0,0,0,0
9072304,1025,0,2,0,0,0,0,0,0,0,0,0
9075948,1026,0,2,0,0,0,0,0,0,0,0,0
9079592,1027,0,2,0,0,0,0,0,0,0,0,0
9083236,1028,0,2,0,0,0,0,0,0,0,0,0
9086880,1029,0,2,0,0,0,0,0,0,0,0,0
9090524,1030,0,2,0,0,0,0,0,0,0,0,0
9094169,1031,0,2,0,0,0,0,0,0,0,0,0
9097812,1032,0,2,0,0,0,0,0,0,0,0,0
9101456,1033,0,2,0,0,0,0,0,0,0,0,0
9105100,1034,0,2,0,0,0,0,0,0,0,0,0
9108744,1035,0,2,0,0,0,0,0,0,0,0,0
9112388,1036,0,2,0,0,0,0,0,0,0,0,0
9116032,1037,0,2,0,0,0,0,0,0,0,0,0
9119676,1038,0,2,0,0,0,0,0,0,0,0,0
9123320,1039,0,2,0,0,0,0,0,0,0,0,0
9126964,1040,0,2,0,0,0,0,0,0,0,0,0
9130608,1041,0,2,0,0,0,0,0,0,0,0,0
9134252,1042,0,2,0,0,0,0,0,0,0,0,0
9137896,1043,0,2,0,0,0,0,0,0,0,0,0
9141540,1044,0,2,0,0,0,0,0,0,0,0,0
9145185,1045,0,2,0,0,0,0,0,0,0,0,0
9148828,1046,0,2,0,0,0,0,0,0,0,0,0
9152472,1047,0,2,0,0,0,0,0,0,0,0,0
9156116,1048,0,2,0,0,0,0,0,0,0,0,0
9159760,1049,0,2,0,0,0,0,0,0,0,0,0
9163404,1050,0,2,0,0,0,0,0,0,0,0,0
9167049,1051,0,2,0,0,0,0,0,0,0,0,0
9170692,1052,0,2,0,0,0,0,0,0,0,0,0
9174336,1053,0,2,0,0,0,0,0,0,0,0,0
9177980,1054,0,2,0,0,0,0,0,0,0,0,0
9181624,1055,0,2,0,0,0,0,0,0,0,0,0
9185268,1056,0,2,0,0,0,0,0,0,0,0,0
9188912,1057,0,2,0,0,0,0,0,0,0,0,0
9192556,1058,0,2,0,0,0,0,0,0,0,0,0
9196200,1059,0,2,0,0,0,0,0,0,0,0,0
9199844,1060,0,2,0,0,0,0,0,0,0,0,0
9203488,1061,0,2,0,0,0,0,0,0,0,0,0
9207132,1062,0,2,0,0,0,0,0,0,0,0,0
9210776,1063,0,2,0,0,0,0,0,0,0,0,0
9214420,1064,0,2,0,0,0,0,0,0,0,0,0
9218064,1065,0,2,0,0,0,0,0,0,0,0,0
9221708,1066,0,2,0,0,0,0,0,0,0,0,0
9225352,1067,0,2,0,0,0,0,0,0,0,0,0
9228996,1068,0,2,0,0,0,0,0,0,0,0,0
9232640,1069,0,2,0,0,0,0,0,0,0,0,0
9236284,1070,0,2,0,0,0,0,0,0,0,0,0
9239929,1071,0,2,0,0,0,0,0,0,0,0,0
9243572,1072,0,2,0,0,0,0,0,0,0,0,0
9247216,1073,0,2,0,0,0,0,0,0,0,0,0
9250860,1074,0,2,0,0,0,0,0,0,0,0,0
9254504,1075,0,2,0,0,0,0,0,0,0,0,0
9258148,1076,0,2,0,0,0,0,0,0,0,0,0
9261792,1077,0,2,0,0,0,0,0,0,0,0,0
9265436,1078,0,2,0,0,0,0,0,0,0,0,0
9269081,1079,0,2,0,0,0,0,0,0,0,0,0
9272724,1080,0,2,0,0,0,0,0,0,0,0,0
9276369,1081,0,2,0,0,0,0,0,0,0,0,0
9280012,1082,0,2,0,0,0,0,0,0,0,0,0
9283656,1083,0,2,0,0,0,0,0,0,0,0,0
9287300,1084,0,2,0,0,0,0,0,0,0,0,0
9290944,1085,0,2,0,0,0,0,0,0,0,0,0
9294588,1086,0,2,0,0,0,0,0,0,0,0,0
9298232,1087,0,2,0,0,0,0,0,0,0,0,0
9301876,1088,0,2,0,0,0,0,0,0,0,0,0
9305520,1089,0,2,0,0,0,0,0,0,0,0,0
9309164,1090,0,2,0,0,0,0,0,0,0,0,0
9312809,1091,0,2,0,0,0,0,0,0,0,0,0
9316452,1092,0,2,0,0,0,0,0,0,0,0,0
9320096,1093,0,2,0,0,0,0,0,0,0,0,0
9323740,1094,0,2,0,0,0,0,0,0,0,0,0
9327384,1095,0,2,0,0,0,0,0,0,0,0,0
9331029,1096,0,2,0,0,0,0,0,0,0,0,0
9334672,1097,0,2,0,0,0,0,0,0,0,0,0
9338316,1098,0,2,0,0,0,0,0,0,0,0,0
9341960,1099,0,2,0,0,0,0,0,0,0,0,0
9345604,1100,0,2,0,0,0,0,0,0,0,0,0
9349248,1101,0,2,0,0,0,0,0,0,0,0,0
9352892,1102,0,2,0,0,0,0,0,0,0,0,0
9356536,1103,0,2,0,0,0,0,0,0,0,0,0
9360180,1104,0,2,0,0,0,0,0,0,0,0,0
9363824,1105,0,2,0,0,0,0,0,0,0,0,0
9367468,1106,0,2,0,0,0,0,0,0,0,0,0
9371112,1107,0,2,0,0,0,0,0,0,0,0,0
9374756,1108,0,2,0,0,0,0,0,0,0,0,0
9378400,1109,0,2,0,0,0,0,0,0,0,0,0
9382044,1110,0,2,0,0,0,0,0,0,0,0,0
9385689,1111,0,2,0,0,0,0,0,0,0,0,0
9389332,1112,0,2,0,0,0,0,0,0,0,0,0
9392976,1113,0,2,0,0,0,0,0,0,0,0,0
9396620,1114,0,2,0,0,0,0,0,0,0,0,0
9400264,1115,0,2,0,0,0,0,0,0,0,0,0
9403908,1116,0,2,0,0,0,0,0,0,0,0,0
9407552,1117,0,2,0,0,0,0,0,0,0,0,0
9411196,1118,0,2,0,0,0,0,0,0,0,0,0
9414840,1119,0,2,0,0,0,0,0,0,0,0,0
9418484,1120,0,2,0,0,0,0,0,0,0,0,0
9422129,1121,0,2,0,0,0,0,0,0,0,0,0
9425772,1122,0,2,0,0,0,0,0,0,0,0,0
9429416,1123,0,2,0,0,0,0,0,0,0,0,0
9433061,1124,0,2,0,0,0,0,0,0,0,0,0
9436704,1125,0,2,0,0,0,0,0,0,0,0,0
9440348,1126,0,2,0,0,0,0,0,0,0,0,0
9443992,1127,0,2,0,0,0,0,0,0,0,0,0
9447636,1128,0,2,0,0,0,0,0,0,0,0,0
9451280,1129,0,2,0,0,0,0,0,0,0,0,0
9454924,1130,0,2,0,0,0,0,0,0,0,0,0
9458569,1131,0,2,0,0,0,0,0,0,0,0,0
9462212,1132,0,2,0,0,0,0,0,0,0,0,0
9465856,1133,0,2,0,0,0,0,0,0,0,0,0
9469500,1134,0,2,0,0,0,0,0,0,0,0,0
9473144,1135,0,2,0,0,0,0,0,0,0,0,0
9491676,1136,0,2,0,0,0,0,0,0,0,0,0
9495308,1137,0,2,0,0,0,0,0,0,0,0,0
9498952,1138,0,2,0,0,0,0,0,0,0,0,0
9502596,1139,0,2,0,0,0,0,0,0,0,0,0
9506240,1140,0,2,0,0,0,0,0,0,0,0,0
9509885,1141,0,2,0,0,0,0,0,0,0,0,0
9513528,1142,0,2,0,0,0,0,0,0,0,0,0
9517172,1143,0,2,0,0,0,0,0,0,0,0,0
9520816,1144,0,2,0,0,0,0,0,0,0,0,0
9524460,1145,0,2,0,0,0,0,0,0,0,0,0
9528104,1146,0,2,0,0,0,0,0,0,0,0,0
9531748,1147,0,2,0,0,0,0,0,0,0,0,0
9535392,1148,0,2,0,0,0,0,0,0,0,0,0
9539036,1149,0,2,0,0,0,0,0,0,0,0,0
9542680,1150,0,2,0,0,0,0,0,0,0,0,0
9546325,1151,0,2,0,0,0,0,0,0,0,0,0
9549968,1152,0,2,0,0,0,0,0,0,0,0,0
9553612,1153,0,2,0,0,0,0,0,0,0,0,0
9557256,1154,0,2,0,0,0,0,0,0,0,0,0
9560900,1155,0,2,0,0,0,0,0,0,0,0,0
9564544,1156,0,2,0,0,0,0,0,0,0,0,0
9568188,1157,0,2,0,0,0,0,0,0,0,0,0
9571832,1158,0,2,0,0,0,0,0,0,0,0,0
9575476,1159,0,2,0,0,0,0,0,0,0,0,0
9579120,1160,0,2,0,0,0,0,0,0,0,0,0
9582764,1161,0,2,0,0,0,0,0,0,0,0,0
9586408,1162,0,2,0,0,0,0,0,0,0,0,0
9590052,1163,0,2,0,0,0,0,0,0,0,0,0
9593696,1164,0,2,0,0,0,0,0,0,0,0,0
9597340,1165,0,2,0,0,0,0,0,0,0,0,0
9600984,1166,0,2,0,0,0,0,0,0,0,0,0
9604628,1167,0,2,0,0,0,0,0,0,0,0,0
9608272,1168,0,2,0,0,0,0,0,0,0,0,0
9611916,1169,0,2,0,0,0,0,0,0,0,0,0
9615560,1170,0,2,0,0,0,0,0,0,0,0,0
9619204,1171,0,2,0,0,0,0,0,0,0,0,0
9622848,1172,0,2,0,0,0,0,0,0,0,0,0
9626492,1173,0,2,0,0,0,0,0,0,0,0,0
9630136,1174,0,2,0,0,0,0,0,0,0,0,0
9633780,1175,0,2,0,0,0,0,0,0,0,0,0
9637424,1176,0,2,0,0,0,0,0,0,0,0,0
9641068,1177,0,2,0,0,0,0,0,0,0,0,0
9644712,1178,0,2,0,0,0,0,0,0,0,0,0
9648356,1179,0,2,0,0,0,0,0,0,0,0,0
9652000,1180,0,2,0,0,0,0,0,0,0,0,0
9655644,1181,0,2,0,0,0,0,0,0,0,0,0
9659288,1182,0,2,0,0,0,0,0,0,0,0,0
9662932,1183,0,2,0,0,0,0,0,0,0,0,0
9666576,1184,0,2,0,0,0,0,0,0,0,0,0
9670220,1185,0,2,0,0,0,0,0,0,0,0,0
9673864,1186,0,2,0,0,0,0,0,0,0,0,0
9677508,1187,0,2,0,0,0,0,0,0,0,0,0
9681152,1188,0,2,0,0,0,0,0,0,0,0,0
9684796,1189,0,2,0,0,0,0,0,0,0,0,0
9688440,1190,0,2,0,0,0,0,0,0,0,0,0
9692084,1191,0,2,0,0,0,0,0,0,0,0,0
9695728,1192,0,2,0,0,0,0,0,0,0,0,0
9699372,1193,0,2,0,0,0,0,0,0,0,0,0
9703016,1194,0,2,0,0,0,0,0,0,0,0,0
9706660,1195,0,2,0,0,0,0,0,0,0,0,0
9710304,1196,0,2,0,0,0,0,0,0,0,0,0
9713948,1197,0,2,0,0,0,0,0,0,0,0,0
9717592,1198,0,2,0,0,0,0,0,0,0,0,0
9721236,1199,0,2,0,0,0,0,0,0,0,0,0
9724880,1200,0,2,0,0,0,0,0,0,0,0,0
9728525,1201,0,2,0,0,0,0,0,0,0,0,0
9732168,1202,0,2,0,0,0,0,0,0,0,0,0
9735812,1203,0,2,0,0,0,0,0,0,0,0,0
9739456,1204,0,2,0,0,0,0,0,0,0,0,0
9743100,1205,0,2,0,0,0,0,0,0,0,0,0
9746744,1206,0,2,0,0,0,0,0,0,0,0,0
9750388,1207,0,2,0,0,0,0,0,0,0,0,0
9754033,1208,0,2,0,0,0,0,0,0,0,0,0
9757676,1209,0,2,0,0,0,0,0,0,0,0,0
9761320,1210,0,2,0,0,0,0,0,0,0,0,0
9764964,1211,0,2,0,0,0,0,0,0,0,0,0
9768608,1212,0,2,0,0,0,0,0,0,0,0,0
9772252,1213,0,2,0,0,0,0,0,0,0,0,0
9775896,1214,0,2,0,0,0,0,0,0,0,0,0
9779540,1215,0,2,0,0,0,0,0,0,0,0,0
9783185,1216,0,2,0,0,0,0,0,0,0,0,0
9786828,1217,0,2,0,0,0,0,0,0,0,0,0
9790472,1218,0,2,0,0,0,0,0,0,0,0,0
9794116,1219,0,2,0,0,0,0,0,0,0,0,0
9797760,1220,0,2,0,0,0,0,0,0,0,0,0
9801405,1221,0,2,0,0,0,0,0,0,0,0,0
9805048,1222,0,2,0,0,0,0,0,0,0,0,0
9808692,1223,0,2,0,0,0,0,0,0,0,0,0
9812336,1224,0,2,0,0,0,0,0,0,0,0,0
9815980,1225,0,2,0,0,0,0,0,0,0,0,0
9819624,1226,0,2,0,0,0,0,0,0,0,0,0
9823268,1227,0,2,0,0,0,0,0,0,0,0,0
9826912,1228,0,2,0,0,0,0,0,0,0,0,0
9830556,1229,0,2,0,0,0,0,0,0,0,0,0
9834200,1230,0,2,0,0,0,0,0,0,0,0,0
9837845,1231,0,2,0,0,0,0,0,0,0,0,0
9841488,1232,0,2,0,0,0,0,0,0,0,0,0
9845132,1233,0,2,0,0,0,0,0,0,0,0,0
9848776,1234,0,2,0,0,0,0,0,0,0,0,0
9852420,1235,0,2,0,0,0,0,0,0,0,0,0
9856064,1236,0,2,0,0,0,0,0,0,0,0,0
9859708,1237,0,2,0,0,0,0,0,0,0,0,0
9863352,1238,0,2,0,0,0,0,0,0,0,0,0
9866996,1239,0,2,0,0,0,0,0,0,0,0,0
9870640,1240,0,2,0,0,0,0,0,0,0,0,0
9874284,1241,0,2,0,0,0,0,0,0,0,0,0
9877928,1242,0,2,0,0,0,0,0,0,0,0,0
9881572,1243,0,2,0,0,0,0,0,0,0,0,0
9885216,1244,0,2,0,0,0,0,0,0,0,0,0
9888860,1245,0,2,0,0,0,0,0,0,0,0,0
9892504,1246,0,2,0,0,0,0,0,0,0,0,0
9896148,1247,0,2,0,0,0,0,0,0,0,0,0
9899792,1248,0,2,0,0,0,0,0,0,0,0,0
9903436,1249,0,2,0,0,0,0,0,0,0,0,0
9907081,1250,0,2,0,0,0,0,0,0,0,0,0
9910725,1251,0,2,0,0,0,0,0,0,0,0,0
9914368,1252,0,2,0,0,0,0,0,0,0,0,0
9918013,1253,0,2,0,0,0,0,0,0,0,0,0
9921656,1254,0,2,0,0,0,0,0,0,0,0,0
9925300,1255,0,2,0,0,0,0,0,0,0,0,0
9928944,1256,0,2,0,0,0,0,0,0,0,0,0
9932588,1257,0,2,0,0,0,0,0,0,0,0,0
9936232,1258,0,2,0,0,0,0,0,0,0,0,0
9939876,1259,0,2,0,0,0,0,0,0,0,0,0
9943520,1260,0,2,0,0,0,0,0,0,0,0,0
9947165,1261,0,2,0,0,0,0,0,0,0,0,0
9950808,1262,0,2,0,0,0,0,0,0,0,0,0
9954452,1263,0,2,0,0,0,0,0,0,0,0,0
9958096,1264,0,2,0,0,0,0,0,0,0,0,0
9961740,1265,0,2,0,0,0,0,0,0,0,0,0
9965384,1266,0,2,0,0,0,0,0,0,0,0,0
9969029,1267,0,2,0,0,0,0,0,0,0,0,0
9972672,1268,0,2,0,0,0,0,0,0,0,0,0
9976316,1269,0,2,0,0,0,0,0,0,0,0,0
9979960,1270,0,2,0,0,0,0,0,0,0,0,0
9983605,1271,0,2,0,0,0,0,0,0,0,0,0
9987248,1272,0,2,0,0,0,0,0,0,0,0,0
9990892,1273,0,2,0,0,0,0,0,0,0,0,0
9994536,1274,0,2,0,0,0,0,0,0,0,0,0
9998180,1275,0,2,0,0,0,0,0,0,0,0,0
10001824,1276,0,2,0,0,0,0,0,0,0,0,0
10005468,1277,0,2,0,0,0,0,0,0,0,0,0
10009112,1278,0,2,0,0,0,0,0,0,0,0,0
10012756,1279,0,2,0,0,0,0,0,0,0,0,0
10016400,1280,0,2,0,0,0,0,0,0,0,0,0
10020045,1281,0,2,0,0,0,0,0,0,0,0,0
10023688,1282,0,2,0,0,0,0,0,0,0,0,0
10027332,1283,0,2,0,0,0,0,0,0,0,0,0
10030976,1284,0,2,0,0,0,0,0,0,0,0,0
10034620,1285,0,2,0,0,0,0,0,0,0,0,0
10038264,1286,0,2,0,0,0,0,0,0,0,0,0
10041908,1287,0,2,0,0,0,0,0,0,0,0,0
10045552,1288,0,2,0,0,0,0,0,0,0,0,0
10049196,1289,0,2,0,0,0,0,0,0,0,0,0
10052840,1290,0,2,0,0,0,0,0,0,0,0,0
10056484,1291,0,2,0,0,0,0,0,0,0,0,0
10060128,1292,0,2,0,0,0,0,0,0,0,0,0
10063772,1293,0,2,0,0,0,0,0,0,0,0,0
10067416,1294,0,2,0,0,0,0,0,0,0,0,0
10071061,1295,0,2,0,0,0,0,0,0,0,0,0
10074704,1296,0,2,0,0,0,0,0,0,0,0,0
10078348,1297,0,2,0,0,0,0,0,0,0,0,0
10081992,1298,0,2,0,0,0,0,0,0,0,0,0
10085636,1299,0,2,0,0,0,0,0,0,0,0,0
10089280,1300,0,2,0,0,0,0,0,0,0,0,0
10092925,1301,0,2,0,0,0,0,0,0,0,0,0
10096568,1302,0,2,0,0,0,0,0,0,0,0,0
10100212,1303,0,2,0,0,0,0,0,0,0,0,0
10103856,1304,0,2,0,0,0,0,0,0,0,0,0
10107500,1305,0,2,0,0,0,0,0,0,0,0,0
10111144,1306,0,2,0,0,0,0,0,0,0,0,0
10114788,1307,0,2,0,0,0,0,0,0,0,0,0
10118432,1308,0,2,0,0,0,0,0,0,0,0,0
10122076,1309,0,2,0,0,0,0,0,0,0,0,0
10125720,1310,0,2,0,0,0,0,0,0,0,0,0
10129365,1311,0,2,0,0,0,0,0,0,0,0,0
10133008,1312,0,2,0,0,0,0,0,0,0,0,0
10136652,1313,0,2,0,0,0,0,0,0,0,0,0
10140296,1314,0,2,0,0,0,0,0,0,0,0,0
10143940,1315,0,2,0,0,0,0,0,0,0,0,0
10147584,1316,0,2,0,0,0,0,0,0,0,0,0
10151228,1317,0,2,0,0,0,0,0,0,0,0,0
10154872,1318,0,2,0,0,0,0,0,0,0,0,0
10158516,1319,0,2,0,0,0,0,0,0,0,0,0
10162160,1320,0,2,0,0,0,0,0,0,0,0,0
10165804,1321,0,2,0,0,0,0,0,0,0,0,0
10169448,1322,0,2,0,0,0,0,0,0,0,0,0
10173092,1323,0,2,0,0,0,0,0,0,0,0,0
10176736,1324,0,2,0,0,0,0,0,0,0,0,0
10180380,1325,0,2,0,0,0,0,0,0,0,0,0
10184024,1326,0,2,0,0,0,0,0,0,0,0,0
10187668,1327,0,2,0,0,0,0,0,0,0,0,0
10191312,1328,0,2,0,0,0,0,0,0,0,0,0
10194956,1329,0,2,0,0,0,0,0,0,0,0,0
10198600,1330,0,2,0,0,0,0,0,0,0,0,0
10202244,1331,0,2,0,0,0,0,0,0,0,0,0
10205888,1332,0,2,0,0,0,0,0,0,0,0,0
10209532,1333,0,2,0,0,0,0,0,0,0,0,0
10213176,1334,0,2,0,0,0,0,0,0,0,0,0
10216820,1335,0,2,0,0,0,0,0,0,0,0,0
10220464,1336,0,2,0,0,0,0,0,0,0,0,0
10224108,1337,0,2,0,0,0,0,0,0,0,0,0
10227752,1338,0,2,0,0,0,0,0,0,0,0,0
10231396,1339,0,2,0,0,0,0,0,0,0,0,0
10235040,1340,0,2,0,0,0,0,0,0,0,0,0
10238685,1341,0,2,0,0,0,0,0,0,0,0,0
10242328,1342,0,2,0,0,0,0,0,0,0,0,0
10245972,1343,0,2,0,0,0,0,0,0,0,0,0
10249616,1344,0,2,0,0,0,0,0,0,0,0,0
10253260,1345,0,2,0,0,0,0,0,0,0,0,0
10256904,1346,0,2,0,0,0,0,0,0,0,0,0
10260548,1347,0,2,0,0,0,0,0,0,0,0,0
10264192,1348,0,2,0,0,0,0,0,0,0,0,0
10267836,1349,0,2,0,0,0,0,0,0,0,0,0
10271480,1350,0,2,0,0,0,0,0,0,0,0,0
10275125,1351,0,2,0,0,0,0,0,0,0,0,0
10278768,1352,0,2,0,0,0,0,0,0,0,0,0
10282412,1353,0,2,0,0,0,0,0,0,0,0,0
10286056,1354,0,2,0,0,0,0,0,0,0,0,0
10289700,1355,0,2,0,0,0,0,0,0,0,0,0
10293344,1356,0,2,0,0,0,0,0,0,0,0,0
10296988,1357,0,2,0,0,0,0,0,0,0,0,0
10300632,1358,0,2,0,0,0,0,0,0,0,0,0
10304276,1359,0,2,0,0,0,0,0,0,0,0,0
10307920,1360,0,2,0,0,0,0,0,0,0,0,0
10311565,1361,0,2,0,0,0,0,0,0,0,0,0
10315208,1362,0,2,0,0,0,0,0,0,0,0,0
10327545,1363,0,2,0,0,0,0,0,0,0,0,0
10331177,1364,0,2,0,0,0,0,0,0,0,0,0
10334821,1365,0,2,0,0,0,0,0,0,0,0,0
10338465,1366,0,2,0,0,0,0,0,0,0,0,0
10342109,1367,0,2,0,0,0,0,0,0,0,0,0
10345753,1368,0,2,0,0,0,0,0,0,0,0,0
10349397,1369,0,2,0,0,0,0,0,0,0,0,0
10353042,1370,0,2,0,0,0,0,0,0,0,0,0
10356685,1371,0,2,0,0,0,0,0,0,0,0,0
10360329,1372,0,2,0,0,0,0,0,0,0,0,0
10363973,1373,0,2,0,0,0,0,0,0,0,0,0
10367617,1374,0,2,0,0,0,0,0,0,0,0,0
10371261,1375,0,2,0,0,0,0,0,0,0,0,0
10374905,1376,0,2,0,0,0,0,0,0,0,0,0
10378549,1377,0,2,0,0,0,0,0,0,0,0,0
10382193,1378,0,2,0,0,0,0,0,0,0,0,0
10385837,1379,0,2,0,0,0,0,0,0,0,0,0
10389481,1380,0,2,0,0,0,0,0,0,0,0,0
10393126,1381,0,2,0,0,0,0,0,0,0,0,0
10396769,1382,0,2,0,0,0,0,0,0,0,0,0
10400413,1383,0,2,0,0,0,0,0,0,0,0,0
10404057,1384,0,2,0,0,0,0,0,0,0,0,0
10407701,1385,0,2,0,0,0,0,0,0,0,0,0
10411345,1386,0,2,0,0,0,0,0,0,0,0,0
10414989,1387,0,2,0,0,0,0,0,0,0,0,0
10418633,1388,0,2,0,0,0,0,0,0,0,0,0
10422277,1389,0,2,0,0,0,0,0,0,0,0,0
10425921,1390,0,2,0,0,0,0,0,0,0,0,0
10429565,1391,0,2,0,0,0,0,0,0,0,0,0
10433209,1392,0,2,0,0,0,0,0,0,0,0,0
10436853,1393,0,2,0,0,0,0,0,0,0,0,0
10440497,1394,0,2,0,0,0,0,0,0,0,0,0
10444141,1395,0,2,0,0,0,0,0,0,0,0,0
10447785,1396,0,2,0,0,0,0,0,0,0,0,0
10451429,1397,0,2,0,0,0,0,0,0,0,0,0
10455073,1398,0,2,0,0,0,0,0,0,0,0,0
10458717,1399,0,2,0,0,0,0,0,0,0,0,0
10462361,1400,0,2,0,0,0,0,0,0,0,0,0
10466006,1401,0,2,0,0,0,0,0,0,0,0,0
10469649,1402,0,2,0,0,0,0,0,0,0,0,0
10473293,1403,0,2,0,0,0,0,0,0,0,0,0
10476937,1404,0,2,0,0,0,0,0,0,0,0,0
10480581,1405,0,2,0,0,0,0,0,0,0,0,0
10484225,1406,0,2,0,0,0,0,0,0,0,0,0
10487869,1407,0,2,0,0,0,0,0,0,0,0,0
10491513,1408,0,2,0,0,0,0,0,0,0,0,0
10495157,1409,0,2,0,0,0,0,0,0,0,0,0
10498801,1410,0,2,0,0,0,0,0,0,0,0,0
10502446,1411,0,2,0,0,0,0,0,0,0,0,0
10506089,1412,0,2,0,0,0,0,0,0,0,0,0
10509733,1413,0,2,0,0,0,0,0,0,0,0,0
10513377,1414,0,2,0,0,0,0,0,0,0,0,0
10517021,1415,0,2,0,0,0,0,0,0,0,0,0
10520665,1416,0,2,0,0,0,0,0,0,0,0,0
10524309,1417,0,2,0,0,0,0,0,0,0,0,0
10527953,1418,0,2,0,0,0,0,0,0,0,0,0
10531597,1419,0,2,0,0,0,0,0,0,0,0,0
10535241,1420,0,2,0,0,0,0,0,0,0,0,0
10538885,1421,0,2,0,0,0,0,0,0,0,0,0
10542529,1422,0,2,0,0,0,0,0,0,0,0,0
10546173,1423,0,2,0,0,0,0,0,0,0,0,0
10549817,1424,0,2,0,0,0,0,0,0,0,0,0
10553461,1425,0,2,0,0,0,0,0,0,0,0,0
10557105,1426,0,2,0,0,0,0,0,0,0,0,0
10560749,1427,0,2,0,0,0,0,0,0,0,0,0
10564393,1428,0,2,0,0,0,0,0,0,0,0,0
10568038,1429,0,2,0,0,0,0,0,0,0,0,0
10571681,1430,0,2,0,0,0,0,0,0,0,0,0
10575326,1431,0,2,0,0,0,0,0,0,0,0,0
10578969,1432,0,2,0,0,0,0,0,0,0,0,0
10582613,1433,0,2,0,0,0,0,0,0,0,0,0
10586257,1434,0,2,0,0,0,0,0,0,0,0,0
10589901,1435,0,2,0,0,0,0,0,0,0,0,0
10593545,1436,0,2,0,0,0,0,0,0,0,0,0
10597189,1437,0,2,0,0,0,0,0,0,0,0,0
10600833,1438,0,2,0,0,0,0,0,0,0,0,0
10604477,1439,0,2,0,0,0,0,0,0,0,0,0
10608121,1440,0,2,0,0,0,0,0,0,0,0,0
10611765,1441,0,2,0,0,0,0,0,0,0,0,0
10615409,1442,0,2,0,0,0,0,0,0,0,0,0
10619053,1443,0,2,0,0,0,0,0,0,0,0,0
10622697,1444,0,2,0,0,0,0,0,0,0,0,0
10626341,1445,0,2,0,0,0,0,0,0,0,0,0
10629985,1446,0,2,0,0,0,0,0,0,0,0,0
10633629,1447,0,2,0,0,0,0,0,0,0,0,0
10637273,1448,0,2,0,0,0,0,0,0,0,0,0
10640917,1449,0,2,0,0,0,0,0,0,0,0,0
10644561,1450,0,2,0,0,0,0,0,0,0,0,0
10648206,1451,0,2,0,0,0,0,0,0,0,0,0
10651849,1452,0,2,0,0,0,0,0,0,0,0,0
10655493,1453,0,2,0,0,0,0,0,0,0,0,0
10659137,1454,0,2,0,0,0,0,0,0,0,0,0
10662781,1455,0,2,0,0,0,0,0,0,0,0,0
10666425,1456,0,2,0,0,0,0,0,0,0,0,0
10670069,1457,0,2,0,0,0,0,0,0,0,0,0
10673713,1458,0,2,0,0,0,0,0,0,0,0,0
10677357,1459,0,2,0,0,0,0,0,0,0,0,0
10681001,1460,0,2,0,0,0,0,0,0,0,0,0
10684646,1461,0,2,0,0,0,0,0,0,0,0,0
10688289,1462,0,2,0,0,0,0,0,0,0,0,0
10691933,1463,0,2,0,0,0,0,0,0,0,0,0
10695577,1464,0,2,0,0,0,0,0,0,0,0,0
10699221,1465,0,2,0,0,0,0,0,0,0,0,0
10702865,1466,0,2,0,0,0,0,0,0,0,0,0
10706509,1467,0,2,0,0,0,0,0,0,0,0,0
10710153,1468,0,2,0,0,0,0,0,0,0,0,0
10713797,1469,0,2,0,0,0,0,0,0,0,0,0
10717441,1470,0,2,0,0,0,0,0,0,0,0,0
10721086,1471,0,2,0,0,0,0,0,0,0,0,0
10724729,1472,0,2,0,0,0,0,0,0,0,0,0
10728373,1473,0,2,0,0,0,0,0,0,0,0,0
10732017,1474,0,2,0,0,0,0,0,0,0,0,0
10735661,1475,0,2,0,0,0,0,0,0,0,0,0
10739305,1476,0,2,0,0,0,0,0,0,0,0,0
10742949,1477,0,2,0,0,0,0,0,0,0,0,0
10746593,1478,0,2,0,0,0,0,0,0,0,0,0
10750237,1479,0,2,0,0,0,0,0,0,0,0,0
10753881,1480,0,2,0,0,0,0,0,0,0,0,0
10757526,1481,0,2,0,0,0,0,0,0,0,0,0
10761169,1482,0,2,0,0,0,0,0,0,0,0,0
10764813,1483,0,2,0,0,0,0,0,0,0,0,0
10768457,1484,0,2,0,0,0,0,0,0,0,0,0
10772101,1485,0,2,0,0,0,0,0,0,0,0,0
10775745,1486,0,2,0,0,0,0,0,0,0,0,0
10779389,1487,0,2,0,0,0,0,0,0,0,0,0
10783034,1488,0,2,0,0,0,0,0,0,0,0,0
10786677,1489,0,2,0,0,0,0,0,0,0,0,0
10790321,1490,0,2,0,0,0,0,0,0,0,0,0
10793966,1491,0,2,0,0,0,0,0,0,0,0,0
10797609,1492,0,2,0,0,0,0,0,0,0,0,0
10801253,1493,0,2,0,0,0,0,0,0,0,0,0
10804897,1494,0,2,0,0,0,0,0,0,0,0,0
10808541,1495,0,2,0,0,0,0,0,0,0,0,0
10812185,1496,0,2,0,0,0,0,0,0,0,0,0
10815829,1497,0,2,0,0,0,0,0,0,0,0,0
10819473,1498,0,2,0,0,0,0,0,0,0,0,0
10823117,1499,0,2,0,0,0,0,0,0,0,0,0
10826761,1500,0,2,0,0,0,0,0,0,0,0,0
10830406,1501,0,2,0,0,0,0,0,0,0,0,0
10834049,1502,0,2,0,0,0,0,0,0,0,0,0
10837693,1503,0,2,0,0,0,0,0,0,0,0,0
10841337,1504,0,2,0,0,0,0,0,0,0,0,0
10844981,1505,0,2,0,0,0,0,0,0,0,0,0
10848625,1506,0,2,0,0,0,0,0,0,0,0,0
10852269,1507,0,2,0,0,0,0,0,0,0,0,0
10855913,1508,0,2,0,0,0,0,0,0,0,0,0
10859557,1509,0,2,0,0,0,0,0,0,0,0,0
10863201,1510,0,2,0,0,0,0,0,0,0,0,0
10866846,1511,0,2,0,0,0,0,0,0,0,0,0
10870489,1512,0,2,0,0,0,0,0,0,0,0,0
10874133,1513,0,2,0,0,0,0,0,0,0,0,0
10877777,1514,0,2,0,0,0,0,0,0,0,0,0
10881421,1515,0,2,0,0,0,0,0,0,0,0,0
10885065,1516,0,2,0,0,0,0,0,0,0,0,0
10888709,1517,0,2,0,0,0,0,0,0,0,0,0
10892353,1518,0,2,0,0,0,0,0,0,0,0,0
10895997,1519,0,2,0,0,0,0,0,0,0,0,0
10899641,1520,0,2,0,0,0,0,0,0,0,0,0
10903285,1521,0,2,0,0,0,0,0,0,0,0,0
10906929,1522,0,2,0,0,0,0,0,0,0,0,0
10910573,1523,0,2,0,0,0,0,0,0,0,0,0
10914217,1524,0,2,0,0,0,0,0,0,0,0,0
10917861,1525,0,2,0,0,0,0,0,0,0,0,0
10921505,1526,0,2,0,0,0,0,0,0,0,0,0
10925149,1527,0,2,0,0,0,0,0,0,0,0,0
10928793,1528,0,2,0,0,0,0,0,0,0,0,0
10932437,1529,0,2,0,0,0,0,0,0,0,0,0
10936082,1530,0,2,0,0,0,0,0,0,0,0,0
10939725,1531,0,2,0,0,0,0,0,0,0,0,0
10943369,1532,0,2,0,0,0,0,0,0,0,0,0
10947014,1533,0,2,0,0,0,0,0,0,0,0,0
10950657,1534,0,2,0,0,0,0,0,0,0,0,0
10954301,1535,0,2,0,0,0,0,0,0,0,0,0
10957945,1536,0,2,0,0,0,0,0,0,0,0,0
10961589,1537,0,2,0,0,0,0,0,0,0,0,0
10965233,1538,0,2,0,0,0,0,0,0,0,0,0
10968877,1539,0,2,0,0,0,0,0,0,0,0,0
10972521,1540,0,2,0,0,0,0,0,0,0,0,0
10976165,1541,0,2,0,0,0,0,0,0,0,0,0
10979809,1542,0,2,0,0,0,0,0,0,0,0,0
10983453,1543,0,2,0,0,0,0,0,0,0,0,0
10987097,1544,0,2,0,0,0,0,0,0,0,0,0
10990741,1545,0,2,0,0,0,0,0,0,0,0,0
10994385,1546,0,2,0,0,0,0,0,0,0,0,0
10998029,1547,0,2,0,0,0,0,0,0,0,0,0
11001673,1548,0,2,0,0,0,0,0,0,0,0,0
11005317,1549,0,2,0,0,0,0,0,0,0,0,0
11008961,1550,0,2,0,0,0,0,0,0,0,0,0
11012605,1551,0,2,0,0,0,0,0,0,0,0,0
11016249,1552,0,2,0,0,0,0,0,0,0,0,0
11019893,1553,0,2,0,0,0,0,0,0,0,0,0
11023537,1554,0,2,0,0,0,0,0,0,0,0,0
11027181,1555,0,2,0,0,0,0,0,0,0,0,0
11030825,1556,0,2,0,0,0,0,0,0,0,0,0
11034469,1557,0,2,0,0,0,0,0,0,0,0,0
11038113,1558,0,2,0,0,0,0,0,0,0,0,0
11041757,1559,0,2,0,0,0,0,0,0,0,0,0
11045401,1560,0,2,0,0,0,0,0,0,0,0,0
11049046,1561,0,2,0,0,0,0,0,0,0,0,0
11052689,1562,0,2,0,0,0,0,0,0,0,0,0
11056333,1563,0,2,0,0,0,0,0,0,0,0,0
11059977,1564,0,2,0,0,0,0,0,0,0,0,0
11063621,1565,0,2,0,0,0,0,0,0,0,0,0
11067265,1566,0,2,0,0,0,0,0,0,0,0,0
11070909,1567,0,2,0,0,0,0,0,0,0,0,0
11074553,1568,0,2,0,0,0,0,0,0,0,0,0
11078197,1569,0,2,0,0,0,0,0,0,0,0,0
11081841,1570,0,2,0,0,0,0,0,0,0,0,0
11085485,1571,0,2,0,0,0,0,0,0,0,0,0
11089129,1572,0,2,0,0,0,0,0,0,0,0,0
11092773,1573,0,2,0,0,0,0,0,0,0,0,0
11096417,1574,0,2,0,0,0,0,0,0,0,0,0
11100061,1575,0,2,0,0,0,0,0,0,0,0,0
11103705,1576,0,2,0,0,0,0,0,0,0,0,0
11107349,1577,0,2,0,0,0,0,0,0,0,0,0
11110993,1578,0,2,0,0,0,0,0,0,0,0,0
11114637,1579,0,2,0,0,0,0,0,0,0,0,0
11118281,1580,0,2,0,0,0,0,0,0,0,0,0
11121926,1581,0,2,0,0,0,0,0,0,0,0,0
11125569,1582,0,2,0,0,0,0,0,0,0,0,0
11129213,1583,0,2,0,0,0,0,0,0,0,0,0
11132857,1584,0,2,0,0,0,0,0,0,0,0,0
11136501,1585,0,2,0,0,0,0,0,0,0,0,0
11140145,1586,0,2,0,0,0,0,0,0,0,0,0
11143789,1587,0,2,0,0,0,0,0,0,0,0,0
11147433,1588,0,2,0,0,0,0,0,0,0,0,0
11151077,1589,0,2,0,0,0,0,0,0,0,0,0
11169010,1590,0,2,0,0,0,0,0,0,0,0,0
11172642,1591,0,2,0,0,0,0,0,0,0,0,0
11176286,1592,0,2,0,0,0,0,0,0,0,0,0
11179930,1593,0,2,0,0,0,0,0,0,0,0,0
11183574,1594,0,2,0,0,0,0,0,0,0,0,0
11187218,1595,0,2,0,0,0,0,0,0,0,0,0
11190862,1596,0,2,0,0,0,0,0,0,0,0,0
11194506,1597,0,2,0,0,0,0,0,0,0,0,0
11198150,1598,0,2,0,0,0,0,0,0,0,0,0
11201794,1599,0,2,0,0,0,0,0,0,0,0,0
11205438,1600,0,2,0,0,0,0,0,0,0,0,0
11209083,1601,0,2,0,0,0,0,0,0,0,0,0
11212726,1602,0,2,0,0,0,0,0,0,0,0,0
11216370,1603,0,2,0,0,0,0,0,0,0,0,0
11220015,1604,0,2,0,0,0,0,0,0,0,0,0
11223658,1605,0,2,0,0,0,0,0,0,0,0,0
11227302,1606,0,2,0,0,0,0,0,0,0,0,0
11230946,1607,0,2,0,0,0,0,0,0,0,0,0
11234590,1608,0,2,0,0,0,0,0,0,0,0,0
11238234,1609,0,2,0,0,0,0,0,0,0,0,0
11241878,1610,0,2,0,0,0,0,0,0,0,0,0
11245523,1611,0,2,0,0,0,0,0,0,0,0,0
11249166,1612,0,2,0,0,0,0,0,0,0,0,0
11252810,1613,0,2,0,0,0,0,0,0,0,0,0
11256454,1614,0,2,0,0,0,0,0,0,0,0,0
11260098,1615,0,2,0,0,0,0,0,0,0,0,0
11263742,1616,0,2,0,0,0,0,0,0,0,0,0
11267386,1617,0,2,0,0,0,0,0,0,0,0,0
11271030,1618,0,2,0,0,0,0,0,0,0,0,0
11274674,1619,0,2,0,0,0,0,0,0,0,0,0
11278318,1620,0,2,0,0,0,0,0,0,0,0,0
11281963,1621,0,2,0,0,0,0,0,0,0,0,0
11285606,1622,0,2,0,0,0,0,0,0,0,0,0
11289250,1623,0,2,0,0,0,0,0,0,0,0,0
11292894,1624,0,2,0,0,0,0,0,0,0,0,0
11296538,1625,0,2,0,0,0,0,0,0,0,0,0
11300182,1626,0,2,0,0,0,0,0,0,0,0,0
11303826,1627,0,2,0,0,0,0,0,0,0,0,0
11307470,1628,0,2,0,0,0,0,0,0,0,0,0
11311114,1629,0,2,0,0,0,0,0,0,0,0,0
11314758,1630,0,2,0,0,0,0,0,0,0,0,0
11318402,1631,0,2,0,0,0,0,0,0,0,0,0
11322046,1632,0,2,0,0,0,0,0,0,0,0,0
11325690,1633,0,2,0,0,0,0,0,0,0,0,0
11329334,1634,0,2,0,0,0,0,0,0,0,0,0
11332978,1635,0,2,0,0,0,0,0,0,0,0,0
11336622,1636,0,2,0,0,0,0,0,0,0,0,0
11340266,1637,0,2,0,0,0,0,0,0,0,0,0
11343910,1638,0,2,0,0,0,0,0,0,0,0,0
11347554,1639,0,2,0,0,0,0,0,0,0,0,0
11351198,1640,0,2,0,0,0,0,0,0,0,0,0
11354842,1641,0,2,0,0,0,0,0,0,0,0,0
11358486,1642,0,2,0,0,0,0,0,0,0,0,0
11362130,1643,0,2,0,0,0,0,0,0,0,0,0
11365774,1644,0,2,0,0,0,0,0,0,0,0,0
11369418,1645,0,2,0,0,0,0,0,0,0,0,0
11373062,1646,0,2,0,0,0,0,0,0,0,0,0
11376706,1647,0,2,0,0,0,0,0,0,0,0,0
11380350,1648,0,2,0,0,0,0,0,0,0,0,0
11383994,1649,0,2,0,0,0,0,0,0,0,0,0
11387638,1650,0,2,0,0,0,0,0,0,0,0,0
11391282,1651,0,2,0,0,0,0,0,0,0,0,0
11394926,1652,0,2,0,0,0,0,0,0,0,0,0
11398570,1653,0,2,0,0,0,0,0,0,0,0,0
11402214,1654,0,2,0,0,0,0,0,0,0,0,0
11405858,1655,0,2,0,0,0,0,0,0,0,0,0
11409502,1656,0,2,0,0,0,0,0,0,0,0,0
11413146,1657,0,2,0,0,0,0,0,0,0,0,0
11416790,1658,0,2,0,0,0,0,0,0,0,0,0
11420434,1659,0,2,0,0,0,0,0,0,0,0,0
11424078,1660,0,2,0,0,0,0,0,0,0,0,0
11427723,1661,0,2,0,0,0,0,0,0,0,0,0
11431366,1662,0,2,0,0,0,0,0,0,0,0,0
11435010,1663,0,2,0,0,0,0,0,0,0,0,0
11438654,1664,0,2,0,0,0,0,0,0,0,0,0
11442298,1665,0,2,0,0,0,0,0,0,0,0,0
11445942,1666,0,2,0,0,0,0,0,0,0,0,0
11449586,1667,0,2,0,0,0,0,0,0,0,0,0
11453230,1668,0,2,0,0,0,0,0,0,0,0,0
11456874,1669,0,2,0,0,0,0,0,0,0,0,0
11460518,1670,0,2,0,0,0,0,0,0,0,0,0
11464162,1671,0,2,0,0,0,0,0,0,0,0,0
11467806,1672,0,2,0,0,0,0,0,0,0,0,0
11471450,1673,0,2,0,0,0,0,0,0,0,0,0
11475094,1674,0,2,0,0,0,0,0,0,0,0,0
11478738,1675,0,2,0,0,0,0,0,0,0,0,0
11482382,1676,0,2,0,0,0,0,0,0,0,0,0
11486026,1677,0,2,0,0,0,0,0,0,0,0,0
11489670,1678,0,2,0,0,0,0,0,0,0,0,0
11493314,1679,0,2,0,0,0,0,0,0,0,0,0
11496958,1680,0,2,0,0,0,0,0,0,0,0,0
11500603,1681,0,2,0,0,0,0,0,0,0,0,0
11504246,1682,0,2,0,0,0,0,0,0,0,0,0
11507890,1683,0,2,0,0,0,0,0,0,0,0,0
11511534,1684,0,2,0,0,0,0,0,0,0,0,0
11515178,1685,0,2,0,0,0,0,0,0,0,0,0
11518822,1686,0,2,0,0,0,0,0,0,0,0,0
11522466,1687,0,2,0,0,0,0,0,0,0,0,0
11526110,1688,0,2,0,0,0,0,0,0,0,0,0
11529754,1689,0,2,0,0,0,0,0,0,0,0,0
11533398,1690,0,2,0,0,0,0,0,0,0,0,0
11537042,1691,0,2,0,0,0,0,0,0,0,0,0
11540686,1692,0,2,0,0,0,0,0,0,0,0,0
11544330,1693,0,2,0,0,0,0,0,0,0,0,0
11547974,1694,0,2,0,0,0,0,0,0,0,0,0
11551618,1695,0,2,0,0,0,0,0,0,0,0,0
11555262,1696,0,2,0,0,0,0,0,0,0,0,0
11558906,1697,0,2,0,0,0,0,0,0,0,0,0
11562550,1698,0,2,0,0,0,0,0,0,0,0,0
11566194,1699,0,2,0,0,0,0,0,0,0,0,0
11569838,1700,0,2,0,0,0,0,0,0,0,0,0
11573482,1701,0,2,0,0,0,0,0,0,0,0,0
11577126,1702,0,2,0,0,0,0,0,0,0,0,0
11580770,1703,0,2,0,0,0,0,0,0,0,0,0
11584414,1704,0,2,0,0,0,0,0,0,0,0,0
11588058,1705,0,2,0,0,0,0,0,0,0,0,0
11591702,1706,0,2,0,0,0,0,0,0,0,0,0
11595346,1707,0,2,0,0,0,0,0,0,0,0,0
11598990,1708,0,2,0,0,0,0,0,0,0,0,0
11602634,1709,0,2,0,0,0,0,0,0,0,0,0
11606278,1710,0,2,0,0,0,0,0,0,0,0,0
11609923,1711,0,2,0,0,0,0,0,0,0,0,0
11613566,1712,0,2,0,0,0,0,0,0,0,0,0
11617210,1713,0,2,0,0,0,0,0,0,0,0,0
11620854,1714,0,2,0,0,0,0,0,0,0,0,0
11624498,1715,0,2,0,0,0,0,0,0,0,0,0
11628142,1716,0,2,0,0,0,0,0,0,0,0,0
11631786,1717,0,2,0,0,0,0,0,0,0,0,0
11635430,1718,0,2,0,0,0,0,0,0,0,0,0
11639074,1719,0,2,0,0,0,0,0,0,0,0,0
11642718,1720,0,2,0,0,0,0,0,0,0,0,0
11646362,1721,0,2,0,0,0,0,0,0,0,0,0
11650007,1722,0,2,0,0,0,0,0,0,0,0,0
11653650,1723,0,2,0,0,0,0,0,0,0,0,0
11657294,1724,0,2,0,0,0,0,0,0,0,0,0
11660938,1725,0,2,0,0,0,0,0,0,0,0,0
11664582,1726,0,2,0,0,0,0,0,0,0,0,0
11668226,1727,0,2,0,0,0,0,0,0,0,0,0
11671870,1728,0,2,0,0,0,0,0,0,0,0,0
11675514,1729,0,2,0,0,0,0,0,0,0,0,0
11679158,1730,0,2,0,0,0,0,0,0,0,0,0
11682803,1731,0,2,0,0,0,0,0,0,0,0,0
11686446,1732,0,2,0,0,0,0,0,0,0,0,0
11690090,1733,0,2,0,0,0,0,0,0,0,0,0
11693734,1734,0,2,0,0,0,0,0,0,0,0,0
11697378,1735,0,2,0,0,0,0,0,0,0,0,0
11701022,1736,0,2,0,0,0,0,0,0,0,0,0
11704666,1737,0,2,0,0,0,0,0,0,0,0,0
11708310,1738,0,2,0,0,0,0,0,0,0,0,0
11711954,1739,0,2,0,0,0,0,0,0,0,0,0
11715598,1740,0,2,0,0,0,0,0,0,0,0,0
11719243,1741,0,2,0,0,0,0,0,0,0,0,0
11722886,1742,0,2,0,0,0,0,0,0,0,0,0
11726530,1743,0,2,0,0,0,0,0,0,0,0,0
11730174,1744,0,2,0,0,0,0,0,0,0,0,0
11733818,1745,0,2,0,0,0,0,0,0,0,0,0
11737462,1746,0,2,0,0,0,0,0,0,0,0,0
11741106,1747,0,2,0,0,0,0,0,0,0,0,0
11744750,1748,0,2,0,0,0,0,0,0,0,0,0
11748394,1749,0,2,0,0,0,0,0,0,0,0,0
11752038,1750,0,2,0,0,0,0,0,0,0,0,0
11755683,1751,0,2,0,0,0,0,0,0,0,0,0
11759326,1752,0,2,0,0,0,0,0,0,0,0,0
11762970,1753,0,2,0,0,0,0,0,0,0,0,0
11766614,1754,0,2,0,0,0,0,0,0,0,0,0
11770258,1755,0,2,0,0,0,0,0,0,0,0,0
11773902,1756,0,2,0,0,0,0,0,0,0,0,0
11777546,1757,0,2,0,0,0,0,0,0,0,0,0
11781190,1758,0,2,0,0,0,0,0,0,0,0,0
11784834,1759,0,2,0,0,0,0,0,0,0,0,0
11788478,1760,0,2,0,0,0,0,0,0,0,0,0
11792123,1761,0,2,0,0,0,0,0,0,0,0,0
11795766,1762,0,2,0,0,0,0,0,0,0,0,0
11799410,1763,0,2,0,0,0,0,0,0,0,0,0
11803054,1764,0,2,0,0,0,0,0,0,0,0,0
11806698,1765,0,2,0,0,0,0,0,0,0,0,0
11810342,1766,0,2,0,0,0,0,0,0,0,0,0
11813986,1767,0,2,0,0,0,0,0,0,0,0,0
11817630,1768,0,2,0,0,0,0,0,0,0,0,0
11821274,1769,0,2,0,0,0,0,0,0,0,0,0
11824918,1770,0,2,0,0,0,0,0,0,0,0,0
11828562,1771,0,2,0,0,0,0,0,0,0,0,0
11832207,1772,0,2,0,0,0,0,0,0,0,0,0
11835850,1773,0,2,0,0,0,0,0,0,0,0,0
11839494,1774,0,2,0,0,0,0,0,0,0,0,0
11843138,1775,0,2,0,0,0,0,0,0,0,0,0
11846782,1776,0,2,0,0,0,0,0,0,0,0,0
11850426,1777,0,2,0,0,0,0,0,0,0,0,0
11854071,1778,0,2,0,0,0,0,0,0,0,0,0
11857714,1779,0,2,0,0,0,0,0,0,0,0,0
11861358,1780,0,2,0,0,0,0,0,0,0,0,0
11865003,1781,0,2,0,0,0,0,0,0,0,0,0
11868646,1782,0,2,0,0,0,0,0,0,0,0,0
11872290,1783,0,2,0,0,0,0,0,0,0,0,0
11875934,1784,0,2,0,0,0,0,0,0,0,0,0
11879578,1785,0,2,0,0,0,0,0,0,0,0,0
11883222,1786,0,2,0,0,0,0,0,0,0,0,0
11886866,1787,0,2,0,0,0,0,0,0,0,0,0
11890510,1788,0,2,0,0,0,0,0,0,0,0,0
11894154,1789,0,2,0,0,0,0,0,0,0,0,0
11897798,1790,0,2,0,0,0,0,0,0,0,0,0
11901442,1791,0,2,0,0,0,0,0,0,0,0,0
11905086,1792,0,2,0,0,0,0,0,0,0,0,0
11908730,1793,0,2,0,0,0,0,0,0,0,0,0
11912374,1794,0,2,0,0,0,0,0,0,0,0,0
11916018,1795,0,2,0,0,0,0,0,0,0,0,0
11919662,1796,0,2,0,0,0,0,0,0,0,0,0
11923306,1797,0,2,0,0,0,0,0,0,0,0,0
11926950,1798,0,2,0,0,0,0,0,0,0,0,0
11930594,1799,0,2,0,0,0,0,0,0,0,0,0
11934238,1800,0,2,0,0,0,0,0,0,0,0,0
11937882,1801,0,2,0,0,0,0,0,0,0,0,0
11941526,1802,0,2,0,0,0,0,0,0,0,0,0
11945170,1803,0,2,0,0,0,0,0,0,0,0,0
11948814,1804,0,2,0,0,0,0,0,0,0,0,0
11952458,1805,0,2,0,0,0,0,0,0,0,0,0
11956102,1806,0,2,0,0,0,0,0,0,0,0,0
11959746,1807,0,2,0,0,0,0,0,0,0,0,0
11963390,1808,0,2,0,0,0,0,0,0,0,0,0
11967034,1809,0,2,0,0,0,0,0,0,0,0,0
11970678,1810,0,2,0,0,0,0,0,0,0,0,0
11974323,1811,0,2,0,0,0,0,0,0,0,0,0
11977966,1812,0,2,0,0,0,0,0,0,0,0,0
11981610,1813,0,2,0,0,0,0,0,0,0,0,0
11985254,1814,0,2,0,0,0,0,0,0,0,0,0
11988898,1815,0,2,0,0,0,0,0,0,0,0,0
11992542,1816,0,2,0,0,0,0,0,0,0,0,0
12005249,1817,0,2,0,0,0,0,0,0,0,0,0
12008881,1818,0,2,0,0,0,0,0,0,0,0,0
12012525,1819,0,2,0,0,0,0,0,0,0,0,0
12016169,1820,0,2,0,0,0,0,0,0,0,0,0
12019813,1821,0,2,0,0,0,0,0,0,0,0,0
12023457,1822,0,2,0,0,0,0,0,0,0,0,0
12027101,1823,0,2,0,0,0,0,0,0,0,0,0
12030745,1824,0,2,0,0,0,0,0,0,0,0,0
12034389,1825,0,2,0,0,0,0,0,0,0,0,0
12038034,1826,0,2,0,0,0,0,0,0,0,0,0
12041677,1827,0,2,0,0,0,0,0,0,0,0,0
12045321,1828,0,2,0,0,0,0,0,0,0,0,0
12048965,1829,0,2,0,0,0,0,0,0,0,0,0
12052609,1830,0,2,0,0,0,0,0,0,0,0,0
12056253,1831,0,2,0,0,0,0,0,0,0,0,0
12059897,1832,0,2,0,0,0,0,0,0,0,0,0
12063541,1833,0,2,0,0,0,0,0,0,0,0,0
12067185,1834,0,2,0,0,0,0,0,0,0,0,0
12070829,1835,0,2,0,0,0,0,0,0,0,0,0
12074473,1836,0,2,0,0,0,0,0,0,0,0,0
12078117,1837,0,2,0,0,0,0,0,0,0,0,0
12081761,1838,0,2,0,0,0,0,0,0,0,0,0
12085405,1839,0,2,0,0,0,0,0,0,0,0,0
12089049,1840,0,2,0,0,0,0,0,0,0,0,0
12092694,1841,0,2,0,0,0,0,0,0,0,0,0
12096337,1842,0,2,0,0,0,0,0,0,0,0,0
12099981,1843,0,2,0,0,0,0,0,0,0,0,0
12103625,1844,0,2,0,0,0,0,0,0,0,0,0
12107269,1845,0,2,0,0,0,0,0,0,0,0,0
12110913,1846,0,2,0,0,0,0,0,0,0,0,0
12114557,1847,0,2,0,0,0,0,0,0,0,0,0
12118201,1848,0,2,0,0,0,0,0,0,0,0,0
12121845,1849,0,2,0,0,0,0,0,0,0,0,0
12125489,1850,0,2,0,0,0,0,0,0,0,0,0
12129134,1851,0,2,0,0,0,0,0,0,0,0,0
12132777,1852,0,2,0,0,0,0,0,0,0,0,0
12136421,1853,0,2,0,0,0,0,0,0,0,0,0
12140065,1854,0,2,0,0,0,0,0,0,0,0,0
12143709,1855,0,2,0,0,0,0,0,0,0,0,0
12147353,1856,0,2,0,0,0,0,0,0,0,0,0
12150997,1857,0,2,0,0,0,0,0,0,0,0,0
12154641,1858,0,2,0,0,0,0,0,0,0,0,0
12158285,1859,0,2,0,0,0,0,0,0,0,0,0
12161929,1860,0,2,0,0,0,0,0,0,0,0,0
12165574,1861,0,2,0,0,0,0,0,0,0,0,0
12169217,1862,0,2,0,0,0,0,0,0,0,0,0
12172861,1863,0,2,0,0,0,0,0,0,0,0,0
12176505,1864,0,2,0,0,0,0,0,0,0,0,0
12180149,1865,0,2,0,0,0,0,0,0,0,0,0
12183793,1866,0,2,0,0,0,0,0,0,0,0,0
12187437,1867,0,2,0,0,0,0,0,0,0,0,0
12191082,1868,0,2,0,0,0,0,0,0,0,0,0
12194725,1869,0,2,0,0,0,0,0,0,0,0,0
12198369,1870,0,2,0,0,0,0,0,0,0,0,0
12202013,1871,0,2,0,0,0,0,0,0,0,0,0
12205657,1872,0,2,0,0,0,0,0,0,0,0,0
12209301,1873,0,2,0,0,0,0,0,0,0,0,0
12212945,1874,0,2,0,0,0,0,0,0,0,0,0
12216589,1875,0,2,0,0,0,0,0,0,0,0,0
12220233,1876,0,2,0,0,0,0,0,0,0,0,0
12223877,1877,0,2,0,0,0,0,0,0,0,0,0
12227521,1878,0,2,0,0,0,0,0,0,0,0,0
12231165,1879,0,2,0,0,0,0,0,0,0,0,0
12234809,1880,0,2,0,0,0,0,0,0,0,0,0
12238453,1881,0,2,0,0,0,0,0,0,0,0,0
12242097,1882,0,2,0,0,0,0,0,0,0,0,0
12245741,1883,0,2,0,0,0,0,0,0,0,0,0
12249385,1884,0,2,0,0,0,0,0,0,0,0,0
12253029,1885,0,2,0,0,0,0,0,0,0,0,0
12256673,1886,0,2,0,0,0,0,0,0,0,0,0
12260317,1887,0,2,0,0,0,0,0,0,0,0,0
12263961,1888,0,2,0,0,0,0,0,0,0,0,0
12267605,1889,0,2,0,0,0,0,0,0,0,0,0
12271249,1890,0,2,0,0,0,0,0,0,0,0,0
12274894,1891,0,2,0,0,0,0,0,0,0,0,0
12278537,1892,0,2,0,0,0,0,0,0,0,0,0
12282181,1893,0,2,0,0,0,0,0,0,0,0,0
12285825,1894,0,2,0,0,0,0,0,0,0,0,0
12289469,1895,0,2,0,0,0,0,0,0,0,0,0
12293113,1896,0,2,0,0,0,0,0,0,0,0,0
12296757,1897,0,2,0,0,0,0,0,0,0,0,0
12300401,1898,0,2,0,0,0,0,0,0,0,0,0
12304045,1899,0,2,0,0,0,0,0,0,0,0,0
12307689,1900,0,2,0,0,0,0,0,0,0,0,0
12311334,1901,0,2,0,0,0,0,0,0,0,0,0
12314977,1902,0,2,0,0,0,0,0,0,0,0,0
12318621,1903,0,2,0,0,0,0,0,0,0,0,0
12322265,1904,0,2,0,0,0,0,0,0,0,0,0
12325909,1905,0,2,0,0,0,0,0,0,0,0,0
12329553,1906,0,2,0,0,0,0,0,0,0,0,0
12333197,1907,0,2,0,0,0,0,0,0,0,0,0
12336841,1908,0,2,0,0,0,0,0,0,0,0,0
12340485,1909,0,2,0,0,0,0,0,0,0,0,0
12344129,1910,0,2,0,0,0,0,0,0,0,0,0
12347773,1911,0,2,0,0,0,0,0,0,0,0,0
12351417,1912,0,2,0,0,0,0,0,0,0,0,0
12355061,1913,0,2,0,0,0,0,0,0,0,0,0
12358705,1914,0,2,0,0,0,0,0,0,0,0,0
12362349,1915,0,2,0,0,0,0,0,0,0,0,0
12365993,1916,0,2,0,0,0,0,0,0,0,0,0
12369637,1917,0,2,0,0,0,0,0,0,0,0,0
12373281,1918,0,2,0,0,0,0,0,0,0,0,0
12376925,1919,0,2,0,0,0,0,0,0,0,0,0
12380569,1920,0,2,0,0,0,0,0,0,0,0,0
12384213,1921,0,2,0,0,0,0,0,0,0,0,0
12387857,1922,0,2,0,0,0,0,0,0,0,0,0
12391501,1923,0,2,0,0,0,0,0,0,0,0,0
12395145,1924,0,2,0,0,0,0,0,0,0,0,0
12398789,1925,0,2,0,0,0,0,0,0,0,0,0
12402433,1926,0,2,0,0,0,0,0,0,0,0,0
12406077,1927,0,2,0,0,0,0,0,0,0,0,0
12409721,1928,0,2,0,0,0,0,0,0,0,0,0
12413365,1929,0,2,0,0,0,0,0,0,0,0,0
12417010,1930,0,2,0,0,0,0,0,0,0,0,0
12420653,1931,0,2,0,0,0,0,0,0,0,0,0
12424297,1932,0,2,0,0,0,0,0,0,0,0,0
12427941,1933,0,2,0,0,0,0,0,0,0,0,0
12431585,1934,0,2,0,0,0,0,0,0,0,0,0
12435229,1935,0,2,0,0,0,0,0,0,0,0,0
12438873,1936,0,2,0,0,0,0,0,0,0,0,0
12442517,1937,0,2,0,0,0,0,0,0,0,0,0
12446161,1938,0,2,0,0,0,0,0,0,0,0,0
12449805,1939,0,2,0,0,0,0,0,0,0,0,0
12453449,1940,0,2,0,0,0,0,0,0,0,0,0
12457094,1941,0,2,0,0,0,0,0,0,0,0,0
12460737,1942,0,2,0,0,0,0,0,0,0,0,0
12464381,1943,0,2,0,0,0,0,0,0,0,0,0
12468026,1944,0,2,0,0,0,0,0,0,0,0,0
12471669,1945,0,2,0,0,0,0,0,0,0,0,0
12475313,1946,0,2,0,0,0,0,0,0,0,0,0
12478957,1947,0,2,0,0,0,0,0,0,0,0,0
12482601,1948,0,2,0,0,0,0,0,0,0,0,0
12486245,1949,0,2,0,0,0,0,0,0,0,0,0
12489889,1950,0,2,0,0,0,0,0,0,0,0,0
12493534,1951,0,2,0,0,0,0,0,0,0,0,0
12497177,1952,0,2,0,0,0,0,0,0,0,0,0
12500821,1953,0,2,0,0,0,0,0,0,0,0,0
12504465,1954,0,2,0,0,0,0,0,0,0,0,0
12508109,1955,0,2,0,0,0,0,0,0,0,0,0
12511753,1956,0,2,0,0,0,0,0,0,0,0,0
12515397,1957,0,2,0,0,0,0,0,0,0,0,0
12519042,1958,0,2,0,0,0,0,0,0,0,0,0
12522685,1959,0,2,0,0,0,0,0,0,0,0,0
12526329,1960,0,2,0,0,0,0,0,0,0,0,0
12529974,1961,0,2,0,0,0,0,0,0,0,0,0
12533617,1962,0,2,0,0,0,0,0,0,0,0,0
12537261,1963,0,2,0,0,0,0,0,0,0,0,0
12540905,1964,0,2,0,0,0,0,0,0,0,0,0
12544549,1965,0,2,0,0,0,0,0,0,0,0,0
12548193,1966,0,2,0,0,0,0,0,0,0,0,0
12551837,1967,0,2,0,0,0,0,0,0,0,0,0
12555481,1968,0,2,0,0,0,0,0,0,0,0,0
12559125,1969,0,2,0,0,0,0,0,0,0,0,0
12562769,1970,0,2,0,0,0,0,0,0,0,0,0
12566414,1971,0,2,0,0,0,0,0,0,0,0,0
12570057,1972,0,2,0,0,0,0,0,0,0,0,0
12573701,1973,0,2,0,0,0,0,0,0,0,0,0
12577345,1974,0,2,0,0,0,0,0,0,0,0,0
12580989,1975,0,2,0,0,0,0,0,0,0,0,0
12584633,1976,0,2,0,0,0,0,0,0,0,0,0
12588277,1977,0,2,0,0,0,0,0,0,0,0,0
12591921,1978,0,2,0,0,0,0,0,0,0,0,0
12595565,1979,0,2,0,0,0,0,0,0,0,0,0
12599209,1980,0,2,0,0,0,0,0,0,0,0,0
12602854,1981,0,2,0,0,0,0,0,0,0,0,0
12606497,1982,0,2,0,0,0,0,0,0,0,0,0
12610141,1983,0,2,0,0,0,0,0,0,0,0,0
12613785,1984,0,2,0,0,0,0,0,0,0,0,0
12617429,1985,0,2,0,0,0,0,0,0,0,0,0
12621073,1986,0,2,0,0,0,0,0,0,0,0,0
12624717,1987,0,2,0,0,0,0,0,0,0,0,0
12628361,1988,0,2,0,0,0,0,0,0,0,0,0
12632006,1989,0,2,0,0,0,0,0,0,0,0,0
12635649,1990,0,2,0,0,0,0,0,0,0,0,0
12639293,1991,0,2,0,0,0,0,0,0,0,0,0
12642937,1992,0,2,0,0,0,0,0,0,0,0,0
12646581,1993,0,2,0,0,0,0,0,0,0,0,0
12650225,1994,0,2,0,0,0,0,0,0,0,0,0
12653869,1995,0,2,0,0,0,0,0,0,0,0,0
12657513,1996,0,2,0,0,0,0,0,0,0,0,0
12661157,1997,0,2,0,0,0,0,0,0,0,0,0
12664801,1998,0,2,0,0,0,0,0,0,0,0,0
12668445,1999,0,2,0,0,0,0,0,0,0,0,0
12672089,2000,0,2,0,0,0,0,0,0,0,0,0
12675734,2001,0,2,0,0,0,0,0,0,0,0,0
12679377,2002,0,2,0,0,0,0,0,0,0,0,0
12683021,2003,0,2,0,0,0,0,0,0,0,0,0
12686665,2004,0,2,0,0,0,0,0,0,0,0,0
12690309,2005,0,2,0,0,0,0,0,0,0,0,0
12693953,2006,0,2,0,0,0,0,0,0,0,0,0
12697597,2007,0,2,0,0,0,0,0,0,0,0,0
12701241,2008,0,2,0,0,0,0,0,0,0,0,0
12704885,2009,0,2,0,0,0,0,0,0,0,0,0
12708529,2010,0,2,0,0,0,0,0,0,0,0,0
12712174,2011,0,2,0,0,0,0,0,0,0,0,0
12715817,2012,0,2,0,0,0,0,0,0,0,0,0
12719461,2013,0,2,0,0,0,0,0,0,0,0,0
12723105,2014,0,2,0,0,0,0,0,0,0,0,0
12726749,2015,0,2,0,0,0,0,0,0,0,0,0
12730393,2016,0,2,0,0,0,0,0,0,0,0,0
12734038,2017,0,2,0,0,0,0,0,0,0,0,0
12737681,2018,0,2,0,0,0,0,0,0,0,0,0
12741325,2019,0,2,0,0,0,0,0,0,0,0,0
12744969,2020,0,2,0,0,0,0,0,0,0,0,0
12748613,2021,0,2,0,0,0,0,0,0,0,0,0
12752257,2022,0,2,0,0,0,0,0,0,0,0,0
12755901,2023,0,2,0,0,0,0,0,0,0,0,0
12759545,2024,0,2,0,0,0,0,0,0,0,0,0
12763189,2025,0,2,0,0,0,0,0,0,0,0,0
12766833,2026,0,2,0,0,0,0,0,0,0,0,0
12770477,2027,0,2,0,0,0,0,0,0,0,0,0
12774121,2028,0,2,0,0,0,0,0,0,0,0,0
12777765,2029,0,2,0,0,0,0,0,0,0,0,0
12781409,2030,0,2,0,0,0,0,0,0,0,0,0
12785054,2031,0,2,0,0,0,0,0,0,0,0,0
12788697,2032,0,2,0,0,0,0,0,0,0,0,0
12792341,2033,0,2,0,0,0,0,0,0,0,0,0
12795985,2034,0,2,0,0,0,0,0,0,0,0,0
12799629,2035,0,2,0,0,0,0,0,0,0,0,0
12803273,2036,0,2,0,0,0,0,0,0,0,0,0
12806917,2037,0,2,0,0,0,0,0,0,0,0,0
12810561,2038,0,2,0,0,0,0,0,0,0,0,0
12814205,2039,0,2,0,0,0,0,0,0,0,0,0
12817849,2040,0,2,0,0,0,0,0,0,0,0,0
12821493,2041,0,2,0,0,0,0,0,0,0,0,0
12825137,2042,0,2,0,0,0,0,0,0,0,0,0
12828781,2043,0,2,0,0,0,0,0,0,0,0,0
12847340,2044,0,2,0,0,0,0,0,0,0,0,0
12850972,2045,0,2,0,0,0,0,0,0,0,0,0
12854616,2046,0,2,0,0,0,0,0,0,0,0,0
12858260,2047,0,2,0,0,0,0,0,0,0,0,0
12861904,2048,0,2,0,0,0,0,0,0,0,0,0
12865548,2049,0,2,0,0,0,0,0,0,0,0,0
12869192,2050,0,2,0,0,0,0,0,0,0,0,0
12872837,2051,0,2,0,0,0,0,0,0,0,0,0
12876480,2052,0,2,0,0,0,0,0,0,0,0,0
12880124,2053,0,2,0,0,0,0,0,0,0,0,0
12883768,2054,0,2,0,0,0,0,0,0,0,0,0
12887412,2055,0,2,0,0,0,0,0,0,0,0,0
12891056,2056,0,2,0,0,0,0,0,0,0,0,0
12894700,2057,0,2,0,0,0,0,0,0,0,0,0
12898344,2058,0,2,0,0,0,0,0,0,0,0,0
12901988,2059,0,2,0,0,0,0,0,0,0,0,0
12905632,2060,0,2,0,0,0,0,0,0,0,0,0
12909276,2061,0,2,0,0,0,0,0,0,0,0,0
12912920,2062,0,2,0,0,0,0,0,0,0,0,0
12916564,2063,0,2,0,0,0,0,0,0,0,0,0
12920208,2064,0,2,0,0,0,0,0,0,0,0,0
12923852,2065,0,2,0,0,0,0,0,0,0,0,0
12927496,2066,0,2,0,0,0,0,0,0,0,0,0
12931140,2067,0,2,0,0,0,0,0,0,0,0,0
12934784,2068,0,2,0,0,0,0,0,0,0,0,0
12938428,2069,0,2,0,0,0,0,0,0,0,0,0
12942073,2070,0,2,0,0,0,0,0,0,0,0,0
12945716,2071,0,2,0,0,0,0,0,0,0,0,0
12949360,2072,0,2,0,0,0,0,0,0,0,0,0
12953005,2073,0,2,0,0,0,0,0,0,0,0,0
12956648,2074,0,2,0,0,0,0,0,0,0,0,0
12960292,2075,0,2,0,0,0,0,0,0,0,0,0
12963936,2076,0,2,0,0,0,0,0,0,0,0,0
12967580,2077,0,2,0,0,0,0,0,0,0,0,0
12971224,2078,0,2,0,0,0,0,0,0,0,0,0
12974868,2079,0,2,0,0,0,0,0,0,0,0,0
12978512,2080,0,2,0,0,0,0,0,0,0,0,0
12982156,2081,0,2,0,0,0,0,0,0,0,0,0
12985800,2082,0,2,0,0,0,0,0,0,0,0,0
12989444,2083,0,2,0,0,0,0,0,0,0,0,0
12993088,2084,0,2,0,0,0,0,0,0,0,0,0
12996732,2085,0,2,0,0,0,0,0,0,0,0,0
13000376,2086,0,2,0,0,0,0,0,0,0,0,0
13004020,2087,0,2,0,0,0,0,0,0,0,0,0
13007664,2088,0,2,0,0,0,0,0,0,0,0,0
13011308,2089,0,2,0,0,0,0,0,0,0,0,0
13014952,2090,0,2,0,0,0,0,0,0,0,0,0
13018596,2091,0,2,0,0,0,0,0,0,0,0,0
13022240,2092,0,2,0,0,0,0,0,0,0,0,0
13025884,2093,0,2,0,0,0,0,0,0,0,0,0
13029528,2094,0,2,0,0,0,0,0,0,0,0,0
13033172,2095,0,2,0,0,0,0,0,0,0,0,0
13036816,2096,0,2,0,0,0,0,0,0,0,0,0
13040460,2097,0,2,0,0,0,0,0,0,0,0,0
13044104,2098,0,2,0,0,0,0,0,0,0,0,0
13047748,2099,0,2,0,0,0,0,0,0,0,0,0
13051392,2100,0,2,0,0,0,0,0,0,0,0,0
13055037,2101,0,2,0,0,0,0,0,0,0,0,0
13058680,2102,0,2,0,0,0,0,0,0,0,0,0
13062324,2103,0,2,0,0,0,0,0,0,0,0,0
13065968,2104,0,2,0,0,0,0,0,0,0,0,0
13069612,2105,0,2,0,0,0,0,0,0,0,0,0
13073256,2106,0,2,0,0,0,0,0,0,0,0,0
13076900,2107,0,2,0,0,0,0,0,0,0,0,0
13080544,2108,0,2,0,0,0,0,0,0,0,0,0
13084188,2109,0,2,0,0,0,0,0,0,0,0,0
13087832,2110,0,2,0,0,0,0,0,0,0,0,0
13091477,2111,0,2,0,0,0,0,0,0,0,0,0
13095120,2112,0,2,0,0,0,0,0,0,0,0,0
13098764,2113,0,2,0,0,0,0,0,0,0,0,0
13102408,2114,0,2,0,0,0,0,0,0,0,0,0
13106052,2115,0,2,0,0,0,0,0,0,0,0,0
13109696,2116,0,2,0,0,0,0,0,0,0,0,0
13113340,2117,0,2,0,0,0,0,0,0,0,0,0
13116984,2118,0,2,0,0,0,0,0,0,0,0,0
13120628,2119,0,2,0,0,0,0,0,0,0,0,0
13124272,2120,0,2,0,0,0,0,0,0,0,0,0
13127917,2121,0,2,0,0,0,0,0,0,0,0,0
13131560,2122,0,2,0,0,0,0,0,0,0,0,0
13135204,2123,0,2,0,0,0,0,0,0,0,0,0
13138848,2124,0,2,0,0,0,0,0,0,0,0,0
13142492,2125,0,2,0,0,0,0,0,0,0,0,0
13146136,2126,0,2,0,0,0,0,0,0,0,0,0
13149780,2127,0,2,0,0,0,0,0,0,0,0,0
13153424,2128,0,2,0,0,0,0,0,0,0,0,0
13157068,2129,0,2,0,0,0,0,0,0,0,0,0
13160712,2130,0,2,0,0,0,0,0,0,0,0,0
13164357,2131,0,2,0,0,0,0,0,0,0,0,0
13168000,2132,0,2,0,0,0,0,0,0,0,0,0
13171644,2133,0,2,0,0,0,0,0,0,0,0,0
13175288,2134,0,2,0,0,0,0,0,0,0,0,0
13178932,2135,0,2,0,0,0,0,0,0,0,0,0
13182576,2136,0,2,0,0,0,0,0,0,0,0,0
13186220,2137,0,2,0,0,0,0,0,0,0,0,0
13189864,2138,0,2,0,0,0,0,0,0,0,0,0
13193508,2139,0,2,0,0,0,0,0,0,0,0,0
13197152,2140,0,2,0,0,0,0,0,0,0,0,0
13200797,2141,0,2,0,0,0,0,0,0,0,0,0
13204440,2142,0,2,0,0,0,0,0,0,0,0,0
13208084,2143,0,2,0,0,0,0,0,0,0,0,0
13211728,2144,0,2,0,0,0,0,0,0,0,0,0
13215372,2145,0,2,0,0,0,0,0,0,0,0,0
13219016,2146,0,2,0,0,0,0,0,0,0,0,0
13222660,2147,0,2,0,0,0,0,0,0,0,0,0
13226304,2148,0,2,0,0,0,0,0,0,0,0,0
13229948,2149,0,2,0,0,0,0,0,0,0,0,0
13233592,2150,0,2,0,0,0,0,0,0,0,0,0
13237236,2151,0,2,0,0,0,0,0,0,0,0,0
13240880,2152,0,2,0,0,0,0,0,0,0,0,0
13244524,2153,0,2,0,0,0,0,0,0,0,0,0
13248168,2154,0,2,0,0,0,0,0,0,0,0,0
13251812,2155,0,2,0,0,0,0,0,0,0,0,0
13255456,2156,0,2,0,0,0,0,0,0,0,0,0
13259100,2157,0,2,0,0,0,0,0,0,0,0,0
13262744,2158,0,2,0,0,0,0,0,0,0,0,0
13266388,2159,0,2,0,0,0,0,0,0,0,0,0
13270032,2160,0,2,0,0,0,0,0,0,0,0,0
13273677,2161,0,2,0,0,0,0,0,0,0,0,0
13277320,2162,0,2,0,0,0,0,0,0,0,0,0
13280964,2163,0,2,0,0,0,0,0,0,0,0,0
13284608,2164,0,2,0,0,0,0,0,0,0,0,0
13288252,2165,0,2,0,0,0,0,0,0,0,0,0
13291896,2166,0,2,0,0,0,0,0,0,0,0,0
13295540,2167,0,2,0,0,0,0,0,0,0,0,0
13299184,2168,0,2,0,0,0,0,0,0,0,0,0
13302828,2169,0,2,0,0,0,0,0,0,0,0,0
13306472,2170,0,2,0,0,0,0,0,0,0,0,0
13310117,2171,0,2,0,0,0,0,0,0,0,0,0
13313760,2172,0,2,0,0,0,0,0,0,0,0,0
13317404,2173,0,2,0,0,0,0,0,0,0,0,0
13321048,2174,0,2,0,0,0,0,0,0,0,0,0
13324692,2175,0,2,0,0,0,0,0,0,0,0,0
13328336,2176,0,2,0,0,0,0,0,0,0,0,0
13331980,2177,0,2,0,0,0,0,0,0,0,0,0
13335624,2178,0,2,0,0,0,0,0,0,0,0,0
13339268,2179,0,2,0,0,0,0,0,0,0,0,0
13342912,2180,0,2,0,0,0,0,0,0,0,0,0
13346557,2181,0,2,0,0,0,0,0,0,0,0,0
13350200,2182,0,2,0,0,0,0,0,0,0,0,0
13353844,2183,0,2,0,0,0,0,0,0,0,0,0
13357488,2184,0,2,0,0,0,0,0,0,0,0,0
13361132,2185,0,2,0,0,0,0,0,0,0,0,0
13364776,2186,0,2,0,0,0,0,0,0,0,0,0
13368420,2187,0,2,0,0,0,0,0,0,0,0,0
13372064,2188,0,2,0,0,0,0,0,0,0,0,0
13375708,2189,0,2,0,0,0,0,0,0,0,0,0
13379352,2190,0,2,0,0,0,0,0,0,0,0,0
13382996,2191,0,2,0,0,0,0,0,0,0,0,0
13386640,2192,0,2,0,0,0,0,0,0,0,0,0
13390284,2193,0,2,0,0,0,0,0,0,0,0,0
13393928,2194,0,2,0,0,0,0,0,0,0,0,0
13397572,2195,0,2,0,0,0,0,0,0,0,0,0
13401216,2196,0,2,0,0,0,0,0,0,0,0,0
13404860,2197,0,2,0,0,0,0,0,0,0,0,0
13408504,2198,0,2,0,0,0,0,0,0,0,0,0
13412148,2199,0,2,0,0,0,0,0,0,0,0,0
13415792,2200,0,2,0,0,0,0,0,0,0,0,0
13419437,2201,0,2,0,0,0,0,0,0,0,0,0
13423080,2202,0,2,0,0,0,0,0,0,0,0,0
13426724,2203,0,2,0,0,0,0,0,0,0,0,0
13430368,2204,0,2,0,0,0,0,0,0,0,0,0
13434012,2205,0,2,0,0,0,0,0,0,0,0,0
13437656,2206,0,2,0,0,0,0,0,0,0,0,0
13441300,2207,0,2,0,0,0,0,0,0,0,0,0
13444944,2208,0,2,0,0,0,0,0,0,0,0,0
13448588,2209,0,2,0,0,0,0,0,0,0,0,0
13452232,2210,0,2,0,0,0,0,0,0,0,0,0
13455876,2211,0,2,0,0,0,0,0,0,0,0,0
13459520,2212,0,2,0,0,0,0,0,0,0,0,0
13463164,2213,0,2,0,0,0,0,0,0,0,0,0
13466808,2214,0,2,0,0,0,0,0,0,0,0,0
13470452,2215,0,2,0,0,0,0,0,0,0,0,0
13474096,2216,0,2,0,0,0,0,0,0,0,0,0
13477740,2217,0,2,0,0,0,0,0,0,0,0,0
13481384,2218,0,2,0,0,0,0,0,0,0,0,0
13485029,2219,0,2,0,0,0,0,0,0,0,0,0
13488672,2220,0,2,0,0,0,0,0,0,0,0,0
13492316,2221,0,2,0,0,0,0,0,0,0,0,0
13495960,2222,0,2,0,0,0,0,0,0,0,0,0
13499604,2223,0,2,0,0,0,0,0,0,0,0,0
13503248,2224,0,2,0,0,0,0,0,0,0,0,0
13506892,2225,0,2,0,0,0,0,0,0,0,0,0
13510536,2226,0,2,0,0,0,0,0,0,0,0,0
13514180,2227,0,2,0,0,0,0,0,0,0,0,0
13517824,2228,0,2,0,0,0,0,0,0,0,0,0
13521468,2229,0,2,0,0,0,0,0,0,0,0,0
13525112,2230,0,2,0,0,0,0,0,0,0,0,0
13528756,2231,0,2,0,0,0,0,0,0,0,0,0
13532400,2232,0,2,0,0,0,0,0,0,0,0,0
13536044,2233,0,2,0,0,0,0,0,0,0,0,0
13539688,2234,0,2,0,0,0,0,0,0,0,0,0
13543332,2235,0,2,0,0,0,0,0,0,0,0,0
13546976,2236,0,2,0,0,0,0,0,0,0,0,0
13550620,2237,0,2,0,0,0,0,0,0,0,0,0
13554264,2238,0,2,0,0,0,0,0,0,0,0,0
13557908,2239,0,2,0,0,0,0,0,0,0,0,0
13561552,2240,0,2,0,0,0,0,0,0,0,0,0
13565197,2241,0,2,0,0,0,0,0,0,0,0,0
13568840,2242,0,2,0,0,0,0,0,0,0,0,0
13572484,2243,0,2,0,0,0,0,0,0,0,0,0
13576128,2244,0,2,0,0,0,0,0,0,0,0,0
13579772,2245,0,2,0,0,0,0,0,0,0,0,0
13583416,2246,0,2,0,0,0,0,0,0,0,0,0
13587061,2247,0,2,0,0,0,0,0,0,0,0,0
13590704,2248,0,2,0,0,0,0,0,0,0,0,0
13594348,2249,0,2,0,0,0,0,0,0,0,0,0
13597992,2250,0,2,0,0,0,0,0,0,0,0,0
13601636,2251,0,2,0,0,0,0,0,0,0,0,0
13605280,2252,0,2,0,0,0,0,0,0,0,0,0
13608924,2253,0,2,0,0,0,0,0,0,0,0,0
13612568,2254,0,2,0,0,0,0,0,0,0,0,0
13616212,2255,0,2,0,0,0,0,0,0,0,0,0
13619856,2256,0,2,0,0,0,0,0,0,0,0,0
13623500,2257,0,2,0,0,0,0,0,0,0,0,0
13627144,2258,0,2,0,0,0,0,0,0,0,0,0
13630788,2259,0,2,0,0,0,0,0,0,0,0,0
13634432,2260,0,2,0,0,0,0,0,0,0,0,0
13638077,2261,0,2,0,0,0,0,0,0,0,0,0
13641720,2262,0,2,0,0,0,0,0,0,0,0,0
13645364,2263,0,2,0,0,0,0,0,0,0,0,0
13649008,2264,0,2,0,0,0,0,0,0,0,0,0
13652652,2265,0,2,0,0,0,0,0,0,0,0,0
13656296,2266,0,2,0,0,0,0,0,0,0,0,0
13659940,2267,0,2,0,0,0,0,0,0,0,0,0
13663584,2268,0,2,0,0,0,0,0,0,0,0,0
13667228,2269,0,2,0,0,0,0,0,0,0,0,0
13670872,2270,0,2,0,0,0,0,0,0,0,0,0
13683214,2271,0,2,0,0,0,0,0,0,0,0,0
13686846,2272,0,2,0,0,0,0,0,0,0,0,0
13690490,2273,0,2,0,0,0,0,0,0,0,0,0
13694134,2274,0,2,0,0,0,0,0,0,0,0,0
13697778,2275,0,2,0,0,0,0,0,0,0,0,0
13701422,2276,0,2,0,0,0,0,0,0,0,0,0
13705066,2277,0,2,0,0,0,0,0,0,0,0,0
13708710,2278,0,2,0,0,0,0,0,0,0,0,0
13712354,2279,0,2,0,0,0,0,0,0,0,0,0
13715998,2280,0,2,0,0,0,0,0,0,0,0,0
13719642,2281,0,2,0,0,0,0,0,0,0,0,0
13723286,2282,0,2,0,0,0,0,0,0,0,0,0
13726930,2283,0,2,0,0,0,0,0,0,0,0,0
13730574,2284,0,2,0,0,0,0,0,0,0,0,0
13734218,2285,0,2,0,0,0,0,0,0,0,0,0
13737862,2286,0,2,0,0,0,0,0,0,0,0,0
13741506,2287,0,2,0,0,0,0,0,0,0,0,0
13745150,2288,0,2,0,0,0,0,0,0,0,0,0
13748794,2289,0,2,0,0,0,0,0,0,0,0,0
13752438,2290,0,2,0,0,0,0,0,0,0,0,0
13756083,2291,0,2,0,0,0,0,0,0,0,0,0
13759726,2292,0,2,0,0,0,0,0,0,0,0,0
13763370,2293,0,2,0,0,0,0,0,0,0,0,0
13767015,2294,0,2,0,0,0,0,0,0,0,0,0
13770658,2295,0,2,0,0,0,0,0,0,0,0,0
13774302,2296,0,2,0,0,0,0,0,0,0,0,0
13777946,2297,0,2,0,0,0,0,0,0,0,0,0
13781590,2298,0,2,0,0,0,0,0,0,0,0,0
13785234,2299,0,2,0,0,0,0,0,0,0,0,0
13788878,2300,0,2,0,0,0,0,0,0,0,0,0
13792523,2301,0,2,0,0,0,0,0,0,0,0,0
13796166,2302,0,2,0,0,0,0,0,0,0,0,0
13799810,2303,0,2,0,0,0,0,0,0,0,0,0
13803454,2304,0,2,0,0,0,0,0,0,0,0,0
13807098,2305,0,2,0,0,0,0,0,0,0,0,0
13810742,2306,0,2,0,0,0,0,0,0,0,0,0
13814386,2307,0,2,0,0,0,0,0,0,0,0,0
13818030,2308,0,2,0,0,0,0,0,0,0,0,0
13821674,2309,0,2,0,0,0,0,0,0,0,0,0
13825318,2310,0,2,0,0,0,0,0,0,0,0,0
13828963,2311,0,2,0,0,0,0,0,0,0,0,0
13832606,2312,0,2,0,0,0,0,0,0,0,0,0
13836250,2313,0,2,0,0,0,0,0,0,0,0,0
13839894,2314,0,2,0,0,0,0,0,0,0,0,0
13843538,2315,0,2,0,0,0,0,0,0,0,0,0
13847182,2316,0,2,0,0,0,0,0,0,0,0,0
13850826,2317,0,2,0,0,0,0,0,0,0,0,0
13854470,2318,0,2,0,0,0,0,0,0,0,0,0
13858114,2319,0,2,0,0,0,0,0,0,0,0,0
13861758,2320,0,2,0,0,0,0,0,0,0,0,0
13865402,2321,0,2,0,0,0,0,0,0,0,0,0
13869046,2322,0,2,0,0,0,0,0,0,0,0,0
13872690,2323,0,2,0,0,0,0,0,0,0,0,0
13876334,2324,0,2,0,0,0,0,0,0,0,0,0
13879978,2325,0,2,0,0,0,0,0,0,0,0,0
13883622,2326,0,2,0,0,0,0,0,0,0,0,0
13887266,2327,0,2,0,0,0,0,0,0,0,0,0
13890910,2328,0,2,0,0,0,0,0,0,0,0,0
13894554,2329,0,2,0,0,0,0,0,0,0,0,0
13898198,2330,0,2,0,0,0,0,0,0,0,0,0
13901842,2331,0,2,0,0,0,0,0,0,0,0,0
13905486,2332,0,2,0,0,0,0,0,0,0,0,0
13909130,2333,0,2,0,0,0,0,0,0,0,0,0
13912774,2334,0,2,0,0,0,0,0,0,0,0,0
13916418,2335,0,2,0,0,0,0,0,0,0,0,0
13920062,2336,0,2,0,0,0,0,0,0,0,0,0
13923706,2337,0,2,0,0,0,0,0,0,0,0,0
13927350,2338,0,2,0,0,0,0,0,0,0,0,0
13930994,2339,0,2,0,0,0,0,0,0,0,0,0
13934638,2340,0,2,0,0,0,0,0,0,0,0,0
13938282,2341,0,2,0,0,0,0,0,0,0,0,0
13941926,2342,0,2,0,0,0,0,0,0,0,0,0
13945570,2343,0,2,0,0,0,0,0,0,0,0,0
13949214,2344,0,2,0,0,0,0,0,0,0,0,0
13952858,2345,0,2,0,0,0,0,0,0,0,0,0
13956502,2346,0,2,0,0,0,0,0,0,0,0,0
13960146,2347,0,2,0,0,0,0,0,0,0,0,0
13963790,2348,0,2,0,0,0,0,0,0,0,0,0
13967434,2349,0,2,0,0,0,0,0,0,0,0,0
13971078,2350,0,2,0,0,0,0,0,0,0,0,0
13974723,2351,0,2,0,0,0,0,0,0,0,0,0
13978366,2352,0,2,0,0,0,0,0,0,0,0,0
13982010,2353,0,2,0,0,0,0,0,0,0,0,0
13985654,2354,0,2,0,0,0,0,0,0,0,0,0
13989298,2355,0,2,0,0,0,0,0,0,0,0,0
13992942,2356,0,2,0,0,0,0,0,0,0,0,0
13996586,2357,0,2,0,0,0,0,0,0,0,0,0
14000230,2358,0,2,0,0,0,0,0,0,0,0,0
14003874,2359,0,2,0,0,0,0,0,0,0,0,0
14007518,2360,0,2,0,0,0,0,0,0,0,0,0
14011162,2361,0,2,0,0,0,0,0,0,0,0,0
14014806,2362,0,2,0,0,0,0,0,0,0,0,0
14018450,2363,0,2,0,0,0,0,0,0,0,0,0
14022094,2364,0,2,0,0,0,0,0,0,0,0,0
14025738,2365,0,2,0,0,0,0,0,0,0,0,0
14029382,2366,0,2,0,0,0,0,0,0,0,0,0
14033026,2367,0,2,0,0,0,0,0,0,0,0,0
14036670,2368,0,2,0,0,0,0,0,0,0,0,0
14040314,2369,0,2,0,0,0,0,0,0,0,0,0
14043958,2370,0,2,0,0,0,0,0,0,0,0,0
14047602,2371,0,2,0,0,0,0,0,0,0,0,0
14051246,2372,0,2,0,0,0,0,0,0,0,0,0
14054890,2373,0,2,0,0,0,0,0,0,0,0,0
14058534,2374,0,2,0,0,0,0,0,0,0,0,0
14062178,2375,0,2,0,0,0,0,0,0,0,0,0
14065822,2376,0,2,0,0,0,0,0,0,0,0,0
14069466,2377,0,2,0,0,0,0,0,0,0,0,0
14073110,2378,0,2,0,0,0,0,0,0,0,0,0
14076754,2379,0,2,0,0,0,0,0,0,0,0,0
14080398,2380,0,2,0,0,0,0,0,0,0,0,0
14084042,2381,0,2,0,0,0,0,0,0,0,0,0
14087686,2382,0,2,0,0,0,0,0,0,0,0,0
14091330,2383,0,2,0,0,0,0,0,0,0,0,0
14094974,2384,0,2,0,0,0,0,0,0,0,0,0
14098618,2385,0,2,0,0,0,0,0,0,0,0,0
14102262,2386,0,2,0,0,0,0,0,0,0,0,0
14105906,2387,0,2,0,0,0,0,0,0,0,0,0
14109550,2388,0,2,0,0,0,0,0,0,0,0,0
14113194,2389,0,2,0,0,0,0,0,0,0,0,0
14116838,2390,0,2,0,0,0,0,0,0,0,0,0
14120482,2391,0,2,0,0,0,0,0,0,0,0,0
14124126,2392,0,2,0,0,0,0,0,0,0,0,0
14127770,2393,0,2,0,0,0,0,0,0,0,0,0
14131414,2394,0,2,0,0,0,0,0,0,0,0,0
14135058,2395,0,2,0,0,0,0,0,0,0,0,0
14138702,2396,0,2,0,0,0,0,0,0,0,0,0
14142346,2397,0,2,0,0,0,0,0,0,0,0,0
14145990,2398,0,2,0,0,0,0,0,0,0,0,0
14149634,2399,0,2,0,0,0,0,0,0,0,0,0
14153278,2400,0,2,0,0,0,0,0,0,0,0,0
14156923,2401,0,2,0,0,0,0,0,0,0,0,0
14160566,2402,0,2,0,0,0,0,0,0,0,0,0
14164210,2403,0,2,0,0,0,0,0,0,0,0,0
14167854,2404,0,2,0,0,0,0,0,0,0,0,0
14171498,2405,0,2,0,0,0,0,0,0,0,0,0
14175142,2406,0,2,0,0,0,0,0,0,0,0,0
14178786,2407,0,2,0,0,0,0,0,0,0,0,0
14182430,2408,0,2,0,0,0,0,0,0,0,0,0
14186074,2409,0,2,0,0,0,0,0,0,0,0,0
14189718,2410,0,2,0,0,0,0,0,0,0,0,0
14193362,2411,0,2,0,0,0,0,0,0,0,0,0
14197006,2412,0,2,0,0,0,0,0,0,0,0,0
14200650,2413,0,2,0,0,0,0,0,0,0,0,0
14204294,2414,0,2,0,0,0,0,0,0,0,0,0
14207938,2415,0,2,0,0,0,0,0,0,0,0,0
14211582,2416,0,2,0,0,0,0,0,0,0,0,0
14215226,2417,0,2,0,0,0,0,0,0,0,0,0
14218870,2418,0,2,0,0,0,0,0,0,0,0,0
14222514,2419,0,2,0,0,0,0,0,0,0,0,0
14226158,2420,0,2,0,0,0,0,0,0,0,0,0
14229803,2421,0,2,0,0,0,0,0,0,0,0,0
14233446,2422,0,2,0,0,0,0,0,0,0,0,0
14237090,2423,0,2,0,0,0,0,0,0,0,0,0
14240734,2424,0,2,0,0,0,0,0,0,0,0,0
14244378,2425,0,2,0,0,0,0,0,0,0,0,0
14248023,2426,0,2,0,0,0,0,0,0,0,0,0
14251666,2427,0,2,0,0,0,0,0,0,0,0,0
14255310,2428,0,2,0,0,0,0,0,0,0,0,0
14258954,2429,0,2,0,0,0,0,0,0,0,0,0
14262598,2430,0,2,0,0,0,0,0,0,0,0,0
14266243,2431,0,2,0,0,0,0,0,0,0,0,0
14269886,2432,0,2,0,0,0,0,0,0,0,0,0
14273530,2433,0,2,0,0,0,0,0,0,0,0,0
14277174,2434,0,2,0,0,0,0,0,0,0,0,0
14280818,2435,0,2,0,0,0,0,0,0,0,0,0
14284462,2436,0,2,0,0,0,0,0,0,0,0,0
14288106,2437,0,2,0,0,0,0,0,0,0,0,0
14291750,2438,0,2,0,0,0,0,0,0,0,0,0
14295394,2439,0,2,0,0,0,0,0,0,0,0,0
14299038,2440,0,2,0,0,0,0,0,0,0,0,0
14302683,2441,0,2,0,0,0,0,0,0,0,0,0
14306326,2442,0,2,0,0,0,0,0,0,0,0,0
14309970,2443,0,2,0,0,0,0,0,0,0,0,0
14313614,2444,0,2,0,0,0,0,0,0,0,0,0
14317258,2445,0,2,0,0,0,0,0,0,0,0,0
14320902,2446,0,2,0,0,0,0,0,0,0,0,0
14324546,2447,0,2,0,0,0,0,0,0,0,0,0
14328190,2448,0,2,0,0,0,0,0,0,0,0,0
14331834,2449,0,2,0,0,0,0,0,0,0,0,0
14335478,2450,0,2,0,0,0,0,0,0,0,0,0
14339123,2451,0,2,0,0,0,0,0,0,0,0,0
14342766,2452,0,2,0,0,0,0,0,0,0,0,0
14346410,2453,0,2,0,0,0,0,0,0,0,0,0
14350054,2454,0,2,0,0,0,0,0,0,0,0,0
14353698,2455,0,2,0,0,0,0,0,0,0,0,0
14357342,2456,0,2,0,0,0,0,0,0,0,0,0
14360986,2457,0,2,0,0,0,0,0,0,0,0,0
14364630,2458,0,2,0,0,0,0,0,0,0,0,0
14368274,2459,0,2,0,0,0,0,0,0,0,0,0
14371918,2460,0,2,0,0,0,0,0,0,0,0,0
14375562,2461,0,2,0,0,0,0,0,0,0,0,0
14379206,2462,0,2,0,0,0,0,0,0,0,0,0
14382850,2463,0,2,0,0,0,0,0,0,0,0,0
14386494,2464,0,2,0,0,0,0,0,0,0,0,0
14390138,2465,0,2,0,0,0,0,0,0,0,0,0
14393782,2466,0,2,0,0,0,0,0,0,0,0,0
14397426,2467,0,2,0,0,0,0,0,0,0,0,0
14401071,2468,0,2,0,0,0,0,0,0,0,0,0
14404714,2469,0,2,0,0,0,0,0,0,0,0,0
14408358,2470,0,2,0,0,0,0,0,0,0,0,0
14412003,2471,0,2,0,0,0,0,0,0,0,0,0
14415646,2472,0,2,0,0,0,0,0,0,0,0,0
14419290,2473,0,2,0,0,0,0,0,0,0,0,0
14422934,2474,0,2,0,0,0,0,0,0,0,0,0
14426578,2475,0,2,0,0,0,0,0,0,0,0,0
14430222,2476,0,2,0,0,0,0,0,0,0,0,0
14433866,2477,0,2,0,0,0,0,0,0,0,0,0
14437510,2478,0,2,0,0,0,0,0,0,0,0,0
14441154,2479,0,2,0,0,0,0,0,0,0,0,0
14444798,2480,0,2,0,0,0,0,0,0,0,0,0
14448442,2481,0,2,0,0,0,0,0,0,0,0,0
14452086,2482,0,2,0,0,0,0,0,0,0,0,0
14455730,2483,0,2,0,0,0,0,0,0,0,0,0
14459374,2484,0,2,0,0,0,0,0,0,0,0,0
14463018,2485,0,2,0,0,0,0,0,0,0,0,0
14466662,2486,0,2,0,0,0,0,0,0,0,0,0
14470306,2487,0,2,0,0,0,0,0,0,0,0,0
14473950,2488,0,2,0,0,0,0,0,0,0,0,0
14477594,2489,0,2,0,0,0,0,0,0,0,0,0
14481238,2490,0,2,0,0,0,0,0,0,0,0,0
14484882,2491,0,2,0,0,0,0,0,0,0,0,0
14488526,2492,0,2,0,0,0,0,0,0,0,0,0
14492170,2493,0,2,0,0,0,0,0,0,0,0,0
14495814,2494,0,2,0,0,0,0,0,0,0,0,0
14499458,2495,0,2,0,0,0,0,0,0,0,0,0
14503102,2496,0,2,0,0,0,0,0,0,0,0,0
14506746,2497,0,2,0,0,0,0,0,0,0,0,0
14524674,2498,0,2,0,0,0,0,0,0,0,0,0
14528306,2499,0,2,0,0,0,0,0,0,0,0,0
14531950,2500,0,2,0,0,0,0,0,0,0,0,0
14535595,2501,0,2,0,0,0,0,0,0,0,0,0
14539238,2502,0,2,0,0,0,0,0,0,0,0,0
14542882,2503,0,2,0,0,0,0,0,0,0,0,0
14546526,2504,0,2,0,0,0,0,0,0,0,0,0
14550170,2505,0,2,0,0,0,0,0,0,0,0,0
14553814,2506,0,2,0,0,0,0,0,0,0,0,0
14557458,2507,0,2,0,0,0,0,0,0,0,0,0
14561102,2508,0,2,0,0,0,0,0,0,0,0,0
14564746,2509,0,2,0,0,0,0,0,0,0,0,0
14568390,2510,0,2,0,0,0,0,0,0,0,0,0
14572035,2511,0,2,0,0,0,0,0,0,0,0,0
14575678,2512,0,2,0,0,0,0,0,0,0,0,0
14579322,2513,0,2,0,0,0,0,0,0,0,0,0
14582966,2514,0,2,0,0,0,0,0,0,0,0,0
14586610,2515,0,2,0,0,0,0,0,0,0,0,0
14590254,2516,0,2,0,0,0,0,0,0,0,0,0
14593898,2517,0,2,0,0,0,0,0,0,0,0,0
14597542,2518,0,2,0,0,0,0,0,0,0,0,0
14601186,2519,0,2,0,0,0,0,0,0,0,0,0
14604830,2520,0,2,0,0,0,0,0,0,0,0,0
14608474,2521,0,2,0,0,0,0,0,0,0,0,0
14612118,2522,0,2,0,0,0,0,0,0,0,0,0
14615762,2523,0,2,0,0,0,0,0,0,0,0,0
14619406,2524,0,2,0,0,0,0,0,0,0,0,0
14623050,2525,0,2,0,0,0,0,0,0,0,0,0
14626694,2526,0,2,0,0,0,0,0,0,0,0,0
14630338,2527,0,2,0,0,0,0,0,0,0,0,0
14633982,2528,0,2,0,0,0,0,0,0,0,0,0
14637626,2529,0,2,0,0,0,0,0,0,0,0,0
14641270,2530,0,2,0,0,0,0,0,0,0,0,0
14644915,2531,0,2,0,0,0,0,0,0,0,0,0
14648558,2532,0,2,0,0,0,0,0,0,0,0,0
14652202,2533,0,2,0,0,0,0,0,0,0,0,0
14655846,2534,0,2,0,0,0,0,0,0,0,0,0
14659490,2535,0,2,0,0,0,0,0,0,0,0,0
14663134,2536,0,2,0,0,0,0,0,0,0,0,0
14666778,2537,0,2,0,0,0,0,0,0,0,0,0
14670422,2538,0,2,0,0,0,0,0,0,0,0,0
14674066,2539,0,2,0,0,0,0,0,0,0,0,0
14677710,2540,0,2,0,0,0,0,0,0,0,0,0
14681355,2541,0,2,0,0,0,0,0,0,0,0,0
14684998,2542,0,2,0,0,0,0,0,0,0,0,0
14688642,2543,0,2,0,0,0,0,0,0,0,0,0
14692286,2544,0,2,0,0,0,0,0,0,0,0,0
14695930,2545,0,2,0,0,0,0,0,0,0,0,0
14699574,2546,0,2,0,0,0,0,0,0,0,0,0
14703218,2547,0,2,0,0,0,0,0,0,0,0,0
14706862,2548,0,2,0,0,0,0,0,0,0,0,0
14710506,2549,0,2,0,0,0,0,0,0,0,0,0
14714150,2550,0,2,0,0,0,0,0,0,0,0,0
14717795,2551,0,2,0,0,0,0,0,0,0,0,0
14721438,2552,0,2,0,0,0,0,0,0,0,0,0
14725083,2553,0,2,0,0,0,0,0,0,0,0,0
14728726,2554,0,2,0,0,0,0,0,0,0,0,0
14732370,2555,0,2,0,0,0,0,0,0,0,0,0
14736015,2556,0,2,0,0,0,0,0,0,0,0,0
14739658,2557,0,2,0,0,0,0,0,0,0,0,0
14743302,2558,0,2,0,0,0,0,0,0,0,0,0
14746946,2559,0,2,0,0,0,0,0,0,0,0,0
14750590,2560,0,2,0,0,0,0,0,0,0,0,0
14754235,2561,0,2,0,0,0,0,0,0,0,0,0
14757878,2562,0,2,0,0,0,0,0,0,0,0,0
14761522,2563,0,2,0,0,0,0,0,0,0,0,0
14765166,2564,0,2,0,0,0,0,0,0,0,0,0
14768810,2565,0,2,0,0,0,0,0,0,0,0,0
14772454,2566,0,2,0,0,0,0,0,0,0,0,0
14776098,2567,0,2,0,0,0,0,0,0,0,0,0
14779742,2568,0,2,0,0,0,0,0,0,0,0,0
14783386,2569,0,2,0,0,0,0,0,0,0,0,0
14787030,2570,0,2,0,0,0,0,0,0,0,0,0
14790675,2571,0,2,0,0,0,0,0,0,0,0,0
14794318,2572,0,2,0,0,0,0,0,0,0,0,0
14797962,2573,0,2,0,0,0,0,0,0,0,0,0
14801606,2574,0,2,0,0,0,0,0,0,0,0,0
14805250,2575,0,2,0,0,0,0,0,0,0,0,0
14808894,2576,0,2,0,0,0,0,0,0,0,0,0
14812538,2577,0,2,0,0,0,0,0,0,0,0,0
14816182,2578,0,2,0,0,0,0,0,0,0,0,0
14819826,2579,0,2,0,0,0,0,0,0,0,0,0
14823470,2580,0,2,0,0,0,0,0,0,0,0,0
14827115,2581,0,2,0,0,0,0,0,0,0,0,0
14830758,2582,0,2,0,0,0,0,0,0,0,0,0
14834402,2583,0,2,0,0,0,0,0,0,0,0,0
14838046,2584,0,2,0,0,0,0,0,0,0,0,0
14841690,2585,0,2,0,0,0,0,0,0,0,0,0
14845334,2586,0,2,0,0,0,0,0,0,0,0,0
14848978,2587,0,2,0,0,0,0,0,0,0,0,0
14852622,2588,0,2,0,0,0,0,0,0,0,0,0
14856266,2589,0,2,0,0,0,0,0,0,0,0,0
14859910,2590,0,2,0,0,0,0,0,0,0,0,0
14863555,2591,0,2,0,0,0,0,0,0,0,0,0
14867198,2592,0,2,0,0,0,0,0,0,0,0,0
14870842,2593,0,2,0,0,0,0,0,0,0,0,0
14874486,2594,0,2,0,0,0,0,0,0,0,0,0
14878130,2595,0,2,0,0,0,0,0,0,0,0,0
14881774,2596,0,2,0,0,0,0,0,0,0,0,0
14885418,2597,0,2,0,0,0,0,0,0,0,0,0
14889062,2598,0,2,0,0,0,0,0,0,0,0,0
14892706,2599,0,2,0,0,0,0,0,0,0,0,0
14896350,2600,0,2,0,0,0,0,0,0,0,0,0
14899995,2601,0,2,0,0,0,0,0,0,0,0,0
14903638,2602,0,2,0,0,0,0,0,0,0,0,0
14907282,2603,0,2,0,0,0,0,0,0,0,0,0
14910926,2604,0,2,0,0,0,0,0,0,0,0,0
14914570,2605,0,2,0,0,0,0,0,0,0,0,0
14918214,2606,0,2,0,0,0,0,0,0,0,0,0
14921858,2607,0,2,0,0,0,0,0,0,0,0,0
14925502,2608,0,2,0,0,0,0,0,0,0,0,0
14929146,2609,0,2,0,0,0,0,0,0,0,0,0
14932790,2610,0,2,0,0,0,0,0,0,0,0,0
14936435,2611,0,2,0,0,0,0,0,0,0,0,0
14940078,2612,0,2,0,0,0,0,0,0,0,0,0
14943722,2613,0,2,0,0,0,0,0,0,0,0,0
14947366,2614,0,2,0,0,0,0,0,0,0,0,0
14951010,2615,0,2,0,0,0,0,0,0,0,0,0
14954654,2616,0,2,0,0,0,0,0,0,0,0,0
14958298,2617,0,2,0,0,0,0,0,0,0,0,0
14961942,2618,0,2,0,0,0,0,0,0,0,0,0
14965586,2619,0,2,0,0,0,0,0,0,0,0,0
14969230,2620,0,2,0,0,0,0,0,0,0,0,0
14972875,2621,0,2,0,0,0,0,0,0,0,0,0
14976518,2622,0,2,0,0,0,0,0,0,0,0,0
14980162,2623,0,2,0,0,0,0,0,0,0,0,0
14983806,2624,0,2,0,0,0,0,0,0,0,0,0
14987450,2625,0,2,0,0,0,0,0,0,0,0,0
14991094,2626,0,2,0,0,0,0,0,0,0,0,0
14994738,2627,0,2,0,0,0,0,0,0,0,0,0
14998382,2628,0,2,0,0,0,0,0,0,0,0,0
15002026,2629,0,2,0,0,0,0,0,0,0,0,0
15005670,2630,0,2,0,0,0,0,0,0,0,0,0
15009315,2631,0,2,0,0,0,0,0,0,0,0,0
15012958,2632,0,2,0,0,0,0,0,0,0,0,0
15016602,2633,0,2,0,0,0,0,0,0,0,0,0
15020246,2634,0,2,0,0,0,0,0,0,0,0,0
15023890,2635,0,2,0,0,0,0,0,0,0,0,0
15027534,2636,0,2,0,0,0,0,0,0,0,0,0
15031178,2637,0,2,0,0,0,0,0,0,0,0,0
15034822,2638,0,2,0,0,0,0,0,0,0,0,0
15038466,2639,0,2,0,0,0,0,0,0,0,0,0
15042110,2640,0,2,0,0,0,0,0,0,0,0,0
15045755,2641,0,2,0,0,0,0,0,0,0,0,0
15049398,2642,0,2,0,0,0,0,0,0,0,0,0
15053043,2643,0,2,0,0,0,0,0,0,0,0,0
15056686,2644,0,2,0,0,0,0,0,0,0,0,0
15060330,2645,0,2,0,0,0,0,0,0,0,0,0
15063974,2646,0,2,0,0,0,0,0,0,0,0,0
15067618,2647,0,2,0,0,0,0,0,0,0,0,0
15071262,2648,0,2,0,0,0,0,0,0,0,0,0
15074906,2649,0,2,0,0,0,0,0,0,0,0,0
15078550,2650,0,2,0,0,0,0,0,0,0,0,0
15082195,2651,0,2,0,0,0,0,0,0,0,0,0
15085838,2652,0,2,0,0,0,0,0,0,0,0,0
15089482,2653,0,2,0,0,0,0,0,0,0,0,0
15093126,2654,0,2,0,0,0,0,0,0,0,0,0
15096770,2655,0,2,0,0,0,0,0,0,0,0,0
15100414,2656,0,2,0,0,0,0,0,0,0,0,0
15104058,2657,0,2,0,0,0,0,0,0,0,0,0
15107702,2658,0,2,0,0,0,0,0,0,0,0,0
15111346,2659,0,2,0,0,0,0,0,0,0,0,0
15114990,2660,0,2,0,0,0,0,0,0,0,0,0
15118635,2661,0,2,0,0,0,0,0,0,0,0,0
15122278,2662,0,2,0,0,0,0,0,0,0,0,0
15125922,2663,0,2,0,0,0,0,0,0,0,0,0
15129566,2664,0,2,0,0,0,0,0,0,0,0,0
15133210,2665,0,2,0,0,0,0,0,0,0,0,0
15136854,2666,0,2,0,0,0,0,0,0,0,0,0
15140498,2667,0,2,0,0,0,0,0,0,0,0,0
15144142,2668,0,2,0,0,0,0,0,0,0,0,0
15147786,2669,0,2,0,0,0,0,0,0,0,0,0
15151430,2670,0,2,0,0,0,0,0,0,0,0,0
15155075,2671,0,2,0,0,0,0,0,0,0,0,0
15158718,2672,0,2,0,0,0,0,0,0,0,0,0
15162362,2673,0,2,0,0,0,0,0,0,0,0,0
15166006,2674,0,2,0,0,0,0,0,0,0,0,0
15169650,2675,0,2,0,0,0,0,0,0,0,0,0
15173294,2676,0,2,0,0,0,0,0,0,0,0,0
15176938,2677,0,2,0,0,0,0,0,0,0,0,0
15180582,2678,0,2,0,0,0,0,0,0,0,0,0
15184226,2679,0,2,0,0,0,0,0,0,0,0,0
15187870,2680,0,2,0,0,0,0,0,0,0,0,0
15191515,2681,0,2,0,0,0,0,0,0,0,0,0
15195158,2682,0,2,0,0,0,0,0,0,0,0,0
15198802,2683,0,2,0,0,0,0,0,0,0,0,0
15202446,2684,0,2,0,0,0,0,0,0,0,0,0
15206091,2685,0,2,0,0,0,0,0,0,0,0,0
15209734,2686,0,2,0,0,0,0,0,0,0,0,0
15213378,2687,0,2,0,0,0,0,0,0,0,0,0
15217023,2688,0,2,0,0,0,0,0,0,0,0,0
15220666,2689,0,2,0,0,0,0,0,0,0,0,0
15224310,2690,0,2,0,0,0,0,0,0,0,0,0
15227955,2691,0,2,0,0,0,0,0,0,0,0,0
15231598,2692,0,2,0,0,0,0,0,0,0,0,0
15235242,2693,0,2,0,0,0,0,0,0,0,0,0
15238886,2694,0,2,0,0,0,0,0,0,0,0,0
15242530,2695,0,2,0,0,0,0,0,0,0,0,0
15246174,2696,0,2,0,0,0,0,0,0,0,0,0
15249818,2697,0,2,0,0,0,0,0,0,0,0,0
15253462,2698,0,2,0,0,0,0,0,0,0,0,0
15257106,2699,0,2,0,0,0,0,0,0,0,0,0
15260750,2700,0,2,0,0,0,0,0,0,0,0,0
15264395,2701,0,2,0,0,0,0,0,0,0,0,0
15268038,2702,0,2,0,0,0,0,0,0,0,0,0
15271682,2703,0,2,0,0,0,0,0,0,0,0,0
15275326,2704,0,2,0,0,0,0,0,0,0,0,0
15278970,2705,0,2,0,0,0,0,0,0,0,0,0
15282614,2706,0,2,0,0,0,0,0,0,0,0,0
15286258,2707,0,2,0,0,0,0,0,0,0,0,0
15289902,2708,0,2,0,0,0,0,0,0,0,0,0
15293546,2709,0,2,0,0,0,0,0,0,0,0,0
15297190,2710,0,2,0,0,0,0,0,0,0,0,0
15300835,2711,0,2,0,0,0,0,0,0,0,0,0
15304478,2712,0,2,0,0,0,0,0,0,0,0,0
15308122,2713,0,2,0,0,0,0,0,0,0,0,0
15311766,2714,0,2,0,0,0,0,0,0,0,0,0
15315410,2715,0,2,0,0,0,0,0,0,0,0,0
15319054,2716,0,2,0,0,0,0,0,0,0,0,0
15322698,2717,0,2,0,0,0,0,0,0,0,0,0
15326342,2718,0,2,0,0,0,0,0,0,0,0,0
15329986,2719,0,2,0,0,0,0,0,0,0,0,0
15333630,2720,0,2,0,0,0,0,0,0,0,0,0
15337275,2721,0,2,0,0,0,0,0,0,0,0,0
15340918,2722,0,2,0,0,0,0,0,0,0,0,0
15344562,2723,0,2,0,0,0,0,0,0,0,0,0
15348207,2724,0,2,0,0,0,0,0,0,0,0,0
15358096,2725,0,2,0,0,0,0,0,0,0,0,0
15361728,2726,0,2,0,0,0,0,0,0,0,0,0
15365372,2727,0,2,0,0,0,0,0,0,0,0,0
15369016,2728,0,2,0,0,0,0,0,0,0,0,0
15372660,2729,0,2,0,0,0,0,0,0,0,0,0
15376304,2730,0,2,0,0,0,0,0,0,0,0,0
15379949,2731,0,2,0,0,0,0,0,0,0,0,0
15383592,2732,0,2,0,0,0,0,0,0,0,0,0
15387236,2733,0,2,0,0,0,0,0,0,0,0,0
15390880,2734,0,2,0,0,0,0,0,0,0,0,0
15394524,2735,0,2,0,0,0,0,0,0,0,0,0
15398168,2736,0,2,0,0,0,0,0,0,0,0,0
15401812,2737,0,2,0,0,0,0,0,0,0,0,0
15405456,2738,0,2,0,0,0,0,0,0,0,0,0
15409100,2739,0,2,0,0,0,0,0,0,0,0,0
15412744,2740,0,2,0,0,0,0,0,0,0,0,0
15416389,2741,0,2,0,0,0,0,0,0,0,0,0
15420032,2742,0,2,0,0,0,0,0,0,0,0,0
15423676,2743,0,2,0,0,0,0,0,0,0,0,0
15427320,2744,0,2,0,0,0,0,0,0,0,0,0
15430964,2745,0,2,0,0,0,0,0,0,0,0,0
15434608,2746,0,2,0,0,0,0,0,0,0,0,0
15438252,2747,0,2,0,0,0,0,0,0,0,0,0
15441896,2748,0,2,0,0,0,0,0,0,0,0,0
15445540,2749,0,2,0,0,0,0,0,0,0,0,0
15449184,2750,0,2,0,0,0,0,0,0,0,0,0
15452829,2751,0,2,0,0,0,0,0,0,0,0,0
15456472,2752,0,2,0,0,0,0,0,0,0,0,0
15460116,2753,0,2,0,0,0,0,0,0,0,0,0
15463760,2754,0,2,0,0,0,0,0,0,0,0,0
15467404,2755,0,2,0,0,0,0,0,0,0,0,0
15471048,2756,0,2,0,0,0,0,0,0,0,0,0
15474692,2757,0,2,0,0,0,0,0,0,0,0,0
15478336,2758,0,2,0,0,0,0,0,0,0,0,0
15481980,2759,0,2,0,0,0,0,0,0,0,0,0
15485624,2760,0,2,0,0,0,0,0,0,0,0,0
15489269,2761,0,2,0,0,0,0,0,0,0,0,0
15492912,2762,0,2,0,0,0,0,0,0,0,0,0
15496556,2763,0,2,0,0,0,0,0,0,0,0,0
15500200,2764,0,2,0,0,0,0,0,0,0,0,0
15503844,2765,0,2,0,0,0,0,0,0,0,0,0
15507488,2766,0,2,0,0,0,0,0,0,0,0,0
15511132,2767,0,2,0,0,0,0,0,0,0,0,0
15514776,2768,0,2,0,0,0,0,0,0,0,0,0
15518420,2769,0,2,0,0,0,0,0,0,0,0,0
15522064,2770,0,2,0,0,0,0,0,0,0,0,0
15525709,2771,0,2,0,0,0,0,0,0,0,0,0
15529352,2772,0,2,0,0,0,0,0,0,0,0,0
15532996,2773,0,2,0,0,0,0,0,0,0,0,0
15536640,2774,0,2,0,0,0,0,0,0,0,0,0
15540284,2775,0,2,0,0,0,0,0,0,0,0,0
15543928,2776,0,2,0,0,0,0,0,0,0,0,0
15547572,2777,0,2,0,0,0,0,0,0,0,0,0
15551216,2778,0,2,0,0,0,0,0,0,0,0,0
15554860,2779,0,2,0,0,0,0,0,0,0,0,0
15558504,2780,0,2,0,0,0,0,0,0,0,0,0
15562149,2781,0,2,0,0,0,0,0,0,0,0,0
15565792,2782,0,2,0,0,0,0,0,0,0,0,0
15569436,2783,0,2,0,0,0,0,0,0,0,0,0
15573081,2784,0,2,0,0,0,0,0,0,0,0,0
15576724,2785,0,2,0,0,0,0,0,0,0,0,0
15580368,2786,0,2,0,0,0,0,0,0,0,0,0
15584013,2787,0,2,0,0,0,0,0,0,0,0,0
15587656,2788,0,2,0,0,0,0,0,0,0,0,0
15591300,2789,0,2,0,0,0,0,0,0,0,0,0
15594944,2790,0,2,0,0,0,0,0,0,0,0,0
15598589,2791,0,2,0,0,0,0,0,0,0,0,0
15602232,2792,0,2,0,0,0,0,0,0,0,0,0
15605876,2793,0,2,0,0,0,0,0,0,0,0,0
15609520,2794,0,2,0,0,0,0,0,0,0,0,0
15613164,2795,0,2,0,0,0,0,0,0,0,0,0
15616808,2796,0,2,0,0,0,0,0,0,0,0,0
15620452,2797,0,2,0,0,0,0,0,0,0,0,0
15624096,2798,0,2,0,0,0,0,0,0,0,0,0
15627740,2799,0,2,0,0,0,0,0,0,0,0,0
15631384,2800,0,2,0,0,0,0,0,0,0,0,0
15635029,2801,0,2,0,0,0,0,0,0,0,0,0
15638672,2802,0,2,0,0,0,0,0,0,0,0,0
15642316,2803,0,2,0,0,0,0,0,0,0,0,0
15645960,2804,0,2,0,0,0,0,0,0,0,0,0
15649604,2805,0,2,0,0,0,0,0,0,0,0,0
15653248,2806,0,2,0,0,0,0,0,0,0,0,0
15656892,2807,0,2,0,0,0,0,0,0,0,0,0
15660536,2808,0,2,0,0,0,0,0,0,0,0,0
15664180,2809,0,2,0,0,0,0,0,0,0,0,0
15667824,2810,0,2,0,0,0,0,0,0,0,0,0
15671469,2811,0,2,0,0,0,0,0,0,0,0,0
15675112,2812,0,2,0,0,0,0,0,0,0,0,0
15678756,2813,0,2,0,0,0,0,0,0,0,0,0
15682400,2814,0,2,0,0,0,0,0,0,0,0,0
15686045,2815,0,2,0,0,0,0,0,0,0,0,0
15689688,2816,0,2,0,0,0,0,0,0,0,0,0
15693332,2817,0,2,0,0,0,0,0,0,0,0,0
15696976,2818,0,2,0,0,0,0,0,0,0,0,0
15700620,2819,0,2,0,0,0,0,0,0,0,0,0
15704264,2820,0,2,0,0,0,0,0,0,0,0,0
15707909,2821,0,2,0,0,0,0,0,0,0,0,0
15711552,2822,0,2,0,0,0,0,0,0,0,0,0
15715196,2823,0,2,0,0,0,0,0,0,0,0,0
15718840,2824,0,2,0,0,0,0,0,0,0,0,0
15722484,2825,0,2,0,0,0,0,0,0,0,0,0
15726128,2826,0,2,0,0,0,0,0,0,0,0,0
15729772,2827,0,2,0,0,0,0,0,0,0,0,0
15733416,2828,0,2,0,0,0,0,0,0,0,0,0
15737061,2829,0,2,0,0,0,0,0,0,0,0,0
15740704,2830,0,2,0,0,0,0,0,0,0,0,0
15744349,2831,0,2,0,0,0,0,0,0,0,0,0
15747992,2832,0,2,0,0,0,0,0,0,0,0,0
15751636,2833,0,2,0,0,0,0,0,0,0,0,0
15755280,2834,0,2,0,0,0,0,0,0,0,0,0
15758924,2835,0,2,0,0,0,0,0,0,0,0,0
15762568,2836,0,2,0,0,0,0,0,0,0,0,0
15766212,2837,0,2,0,0,0,0,0,0,0,0,0
15769856,2838,0,2,0,0,0,0,0,0,0,0,0
15773500,2839,0,2,0,0,0,0,0,0,0,0,0
15777144,2840,0,2,0,0,0,0,0,0,0,0,0
15780789,2841,0,2,0,0,0,0,0,0,0,0,0
15784432,2842,0,2,0,0,0,0,0,0,0,0,0
15788076,2843,0,2,0,0,0,0,0,0,0,0,0
15791720,2844,0,2,0,0,0,0,0,0,0,0,0
15795364,2845,0,2,0,0,0,0,0,0,0,0,0
15799008,2846,0,2,0,0,0,0,0,0,0,0,0
15802652,2847,0,2,0,0,0,0,0,0,0,0,0
15806296,2848,0,2,0,0,0,0,0,0,0,0,0
15809940,2849,0,2,0,0,0,0,0,0,0,0,0
15813584,2850,0,2,0,0,0,0,0,0,0,0,0
15817229,2851,0,2,0,0,0,0,0,0,0,0,0
15820872,2852,0,2,0,0,0,0,0,0,0,0,0
15824516,2853,0,2,0,0,0,0,0,0,0,0,0
15828160,2854,0,2,0,0,0,0,0,0,0,0,0
15831804,2855,0,2,0,0,0,0,0,0,0,0,0
15835448,2856,0,2,0,0,0,0,0,0,0,0,0
15839092,2857,0,2,0,0,0,0,0,0,0,0,0
15842736,2858,0,2,0,0,0,0,0,0,0,0,0
15846380,2859,0,2,0,0,0,0,0,0,0,0,0
15850024,2860,0,2,0,0,0,0,0,0,0,0,0
15853669,2861,0,2,0,0,0,0,0,0,0,0,0
15857312,2862,0,2,0,0,0,0,0,0,0,0,0
15860956,2863,0,2,0,0,0,0,0,0,0,0,0
15864600,2864,0,2,0,0,0,0,0,0,0,0,0
15868244,2865,0,2,0,0,0,0,0,0,0,0,0
15871888,2866,0,2,0,0,0,0,0,0,0,0,0
15875532,2867,0,2,0,0,0,0,0,0,0,0,0
15879176,2868,0,2,0,0,0,0,0,0,0,0,0
15882820,2869,0,2,0,0,0,0,0,0,0,0,0
15886464,2870,0,2,0,0,0,0,0,0,0,0,0
15890109,2871,0,2,0,0,0,0,0,0,0,0,0
15893752,2872,0,2,0,0,0,0,0,0,0,0,0
15897396,2873,0,2,0,0,0,0,0,0,0,0,0
15901040,2874,0,2,0,0,0,0,0,0,0,0,0
15904684,2875,0,2,0,0,0,0,0,0,0,0,0
15908328,2876,0,2,0,0,0,0,0,0,0,0,0
15911972,2877,0,2,0,0,0,0,0,0,0,0,0
15915616,2878,0,2,0,0,0,0,0,0,0,0,0
15919260,2879,0,2,0,0,0,0,0,0,0,0,0
15922904,2880,0,2,0,0,0,0,0,0,0,0,0
15926549,2881,0,2,0,0,0,0,0,0,0,0,0
15930192,2882,0,2,0,0,0,0,0,0,0,0,0
15933836,2883,0,2,0,0,0,0,0,0,0,0,0
15937480,2884,0,2,0,0,0,0,0,0,0,0,0
15941124,2885,0,2,0,0,0,0,0,0,0,0,0
15944768,2886,0,2,0,0,0,0,0,0,0,0,0
15948412,2887,0,2,0,0,0,0,0,0,0,0,0
15952056,2888,0,2,0,0,0,0,0,0,0,0,0
15955700,2889,0,2,0,0,0,0,0,0,0,0,0
15959344,2890,0,2,0,0,0,0,0,0,0,0,0
15962989,2891,0,2,0,0,0,0,0,0,0,0,0
15966632,2892,0,2,0,0,0,0,0,0,0,0,0
15970276,2893,0,2,0,0,0,0,0,0,0,0,0
15973920,2894,0,2,0,0,0,0,0,0,0,0,0
15977564,2895,0,2,0,0,0,0,0,0,0,0,0
15981208,2896,0,2,0,0,0,0,0,0,0,0,0
15984852,2897,0,2,0,0,0,0,0,0,0,0,0
15988496,2898,0,2,0,0,0,0,0,0,0,0,0
15992140,2899,0,2,0,0,0,0,0,0,0,0,0
15995784,2900,0,2,0,0,0,0,0,0,0,0,0
15999429,2901,0,2,0,0,0,0,0,0,0,0,0
16003072,2902,0,2,0,0,0,0,0,0,0,0,0
16006716,2903,0,2,0,0,0,0,0,0,0,0,0
16010360,2904,0,2,0,0,0,0,0,0,0,0,0
16014005,2905,0,2,0,0,0,0,0,0,0,0,0
16017648,2906,0,2,0,0,0,0,0,0,0,0,0
16021292,2907,0,2,0,0,0,0,0,0,0,0,0
16024936,2908,0,2,0,0,0,0,0,0,0,0,0
16028580,2909,0,2,0,0,0,0,0,0,0,0,0
16032224,2910,0,2,0,0,0,0,0,0,0,0,0
16035869,2911,0,2,0,0,0,0,0,0,0,0,0
16039513,2912,0,2,0,0,0,0,0,0,0,0,0
16043156,2913,0,2,0,0,0,0,0,0,0,0,0
16046800,2914,0,2,0,0,0,0,0,0,0,0,0
16050444,2915,0,2,0,0,0,0,0,0,0,0,0
16054088,2916,0,2,0,0,0,0,0,0,0,0,0
16057732,2917,0,2,0,0,0,0,0,0,0,0,0
16061376,2918,0,2,0,0,0,0,0,0,0,0,0
16065020,2919,0,2,0,0,0,0,0,0,0,0,0
16068664,2920,0,2,0,0,0,0,0,0,0,0,0
16072309,2921,0,2,0,0,0,0,0,0,0,0,0
16075952,2922,0,2,0,0,0,0,0,0,0,0,0
16079596,2923,0,2,0,0,0,0,0,0,0,0,0
16083240,2924,0,2,0,0,0,0,0,0,0,0,0
16086884,2925,0,2,0,0,0,0,0,0,0,0,0
16090528,2926,0,2,0,0,0,0,0,0,0,0,0
16094172,2927,0,2,0,0,0,0,0,0,0,0,0
16097816,2928,0,2,0,0,0,0,0,0,0,0,0
16101460,2929,0,2,0,0,0,0,0,0,0,0,0
16105104,2930,0,2,0,0,0,0,0,0,0,0,0
16108749,2931,0,2,0,0,0,0,0,0,0,0,0
16112392,2932,0,2,0,0,0,0,0,0,0,0,0
16116036,2933,0,2,0,0,0,0,0,0,0,0,0
16119680,2934,0,2,0,0,0,0,0,0,0,0,0
16123324,2935,0,2,0,0,0,0,0,0,0,0,0
16126968,2936,0,2,0,0,0,0,0,0,0,0,0
16130612,2937,0,2,0,0,0,0,0,0,0,0,0
16134256,2938,0,2,0,0,0,0,0,0,0,0,0
16137900,2939,0,2,0,0,0,0,0,0,0,0,0
16141544,2940,0,2,0,0,0,0,0,0,0,0,0
16145189,2941,0,2,0,0,0,0,0,0,0,0,0
16148832,2942,0,2,0,0,0,0,0,0,0,0,0
16152476,2943,0,2,0,0,0,0,0,0,0,0,0
16156120,2944,0,2,0,0,0,0,0,0,0,0,0
16159764,2945,0,2,0,0,0,0,0,0,0,0,0
16163408,2946,0,2,0,0,0,0,0,0,0,0,0
16167052,2947,0,2,0,0,0,0,0,0,0,0,0
16170696,2948,0,2,0,0,0,0,0,0,0,0,0
16174340,2949,0,2,0,0,0,0,0,0,0,0,0
16177984,2950,0,2,0,0,0,0,0,0,0,0,0
16181629,2951,0,2,0,0,0,0,0,0,0,0,0
16192632,2952,0,2,0,0,0,0,0,0,0,0,0
16196264,2953,0,2,0,0,0,0,0,0,0,0,0
16199908,2954,0,2,0,0,0,0,0,0,0,0,0
16203552,2955,0,2,0,0,0,0,0,0,0,0,0
16207196,2956,0,2,0,0,0,0,0,0,0,0,0
16210840,2957,0,2,0,0,0,0,0,0,0,0,0
16214484,2958,0,2,0,0,0,0,0,0,0,0,0
16218128,2959,0,2,0,0,0,0,0,0,0,0,0
16221772,2960,0,2,0,0,0,0,0,0,0,0,0
16225417,2961,0,2,0,0,0,0,0,0,0,0,0
16229060,2962,0,2,0,0,0,0,0,0,0,0,0
16232704,2963,0,2,0,0,0,0,0,0,0,0,0
16236348,2964,0,2,0,0,0,0,0,0,0,0,0
16239992,2965,0,2,0,0,0,0,0,0,0,0,0
16243636,2966,0,2,0,0,0,0,0,0,0,0,0
16247280,2967,0,2,0,0,0,0,0,0,0,0,0
16250924,2968,0,2,0,0,0,0,0,0,0,0,0
16254568,2969,0,2,0,0,0,0,0,0,0,0,0
16258212,2970,0,2,0,0,0,0,0,0,0,0,0
16261857,2971,0,2,0,0,0,0,0,0,0,0,0
16265500,2972,0,2,0,0,0,0,0,0,0,0,0
16269144,2973,0,2,0,0,0,0,0,0,0,0,0
16272788,2974,0,2,0,0,0,0,0,0,0,0,0
16276432,2975,0,2,0,0,0,0,0,0,0,0,0
16280076,2976,0,2,0,0,0,0,0,0,0,0,0
16283720,2977,0,2,0,0,0,0,0,0,0,0,0
16287364,2978,0,2,0,0,0,0,0,0,0,0,0
16291008,2979,0,2,0,0,0,0,0,0,0,0,0
16294652,2980,0,2,0,0,0,0,0,0,0,0,0
16298297,2981,0,2,0,0,0,0,0,0,0,0,0
16301940,2982,0,2,0,0,0,0,0,0,0,0,0
16305584,2983,0,2,0,0,0,0,0,0,0,0,0
16309228,2984,0,2,0,0,0,0,0,0,0,0,0
16312872,2985,0,2,0,0,0,0,0,0,0,0,0
16316516,2986,0,2,0,0,0,0,0,0,0,0,0
16320160,2987,0,2,0,0,0,0,0,0,0,0,0
16323804,2988,0,2,0,0,0,0,0,0,0,0,0
16327448,2989,0,2,0,0,0,0,0,0,0,0,0
16331092,2990,0,2,0,0,0,0,0,0,0,0,0
16334737,2991,0,2,0,0,0,0,0,0,0,0,0
16338380,2992,0,2,0,0,0,0,0,0,0,0,0
16342025,2993,0,2,0,0,0,0,0,0,0,0,0
16345668,2994,0,2,0,0,0,0,0,0,0,0,0
16349312,2995,0,2,0,0,0,0,0,0,0,0,0
16352956,2996,0,2,0,0,0,0,0,0,0,0,0
16356600,2997,0,2,0,0,0,0,0,0,0,0,0
16360244,2998,0,2,0,0,0,0,0,0,0,0,0
16363888,2999,0,2,0,0,0,0,0,0,0,0,0
16367532,3000,0,2,0,0,0,0,0,0,0,0,0
16371177,3001,0,2,0,0,0,0,0,0,0,0,0
16374820,3002,0,2,0,0,0,0,0,0,0,0,0
16378464,3003,0,2,0,0,0,0,0,0,0,0,0
16382108,3004,0,2,0,0,0,0,0,0,0,0,0
16385752,3005,0,2,0,0,0,0,0,0,0,0,0
16389396,3006,0,2,0,0,0,0,0,0,0,0,0
16393040,3007,0,2,0,0,0,0,0,0,0,0,0
16396684,3008,0,2,0,0,0,0,0,0,0,0,0
16400328,3009,0,2,0,0,0,0,0,0,0,0,0
16403972,3010,0,2,0,0,0,0,0,0,0,0,0
16407617,3011,0,2,0,0,0,0,0,0,0,0,0
16411260,3012,0,2,0,0,0,0,0,0,0,0,0
16414904,3013,0,2,0,0,0,0,0,0,0,0,0
16418548,3014,0,2,0,0,0,0,0,0,0,0,0
16422192,3015,0,2,0,0,0,0,0,0,0,0,0
16425836,3016,0,2,0,0,0,0,0,0,0,0,0
16429480,3017,0,2,0,0,0,0,0,0,0,0,0
16433124,3018,0,2,0,0,0,0,0,0,0,0,0
16436768,3019,0,2,0,0,0,0,0,0,0,0,0
16440412,3020,0,2,0,0,0,0,0,0,0,0,0
16444057,3021,0,2,0,0,0,0,0,0,0,0,0
16447700,3022,0,2,0,0,0,0,0,0,0,0,0
16451344,3023,0,2,0,0,0,0,0,0,0,0,0
16454988,3024,0,2,0,0,0,0,0,0,0,0,0
16458632,3025,0,2,0,0,0,0,0,0,0,0,0
16462276,3026,0,2,0,0,0,0,0,0,0,0,0
16465920,3027,0,2,0,0,0,0,0,0,0,0,0
16469564,3028,0,2,0,0,0,0,0,0,0,0,0
16473208,3029,0,2,0,0,0,0,0,0,0,0,0
16476852,3030,0,2,0,0,0,0,0,0,0,0,0
16480496,3031,0,2,0,0,0,0,0,0,0,0,0
16484140,3032,0,2,0,0,0,0,0,0,0,0,0
16487784,3033,0,2,0,0,0,0,0,0,0,0,0
16491428,3034,0,2,0,0,0,0,0,0,0,0,0
16495073,3035,0,2,0,0,0,0,0,0,0,0,0
16498716,3036,0,2,0,0,0,0,0,0,0,0,0
16502360,3037,0,2,0,0,0,0,0,0,0,0,0
16506005,3038,0,2,0,0,0,0,0,0,0,0,0
16509648,3039,0,2,0,0,0,0,0,0,0,0,0
16513292,3040,0,2,0,0,0,0,0,0,0,0,0
16516937,3041,0,2,0,0,0,0,0,0,0,0,0
16520580,3042,0,2,0,0,0,0,0,0,0,0,0
16524224,3043,0,2,0,0,0,0,0,0,0,0,0
16527868,3044,0,2,0,0,0,0,0,0,0,0,0
16531512,3045,0,2,0,0,0,0,0,0,0,0,0
16535156,3046,0,2,0,0,0,0,0,0,0,0,0
16538800,3047,0,2,0,0,0,0,0,0,0,0,0
16542444,3048,0,2,0,0,0,0,0,0,0,0,0
16546088,3049,0,2,0,0,0,0,0,0,0,0,0
16549732,3050,0,2,0,0,0,0,0,0,0,0,0
16553377,3051,0,2,0,0,0,0,0,0,0,0,0
16557020,3052,0,2,0,0,0,0,0,0,0,0,0
16560664,3053,0,2,0,0,0,0,0,0,0,0,0
16564308,3054,0,2,0,0,0,0,0,0,0,0,0
16567952,3055,0,2,0,0,0,0,0,0,0,0,0
16571596,3056,0,2,0,0,0,0,0,0,0,0,0
16575240,3057,0,2,0,0,0,0,0,0,0,0,0
16578884,3058,0,2,0,0,0,0,0,0,0,0,0
16582528,3059,0,2,0,0,0,0,0,0,0,0,0
16586172,3060,0,2,0,0,0,0,0,0,0,0,0
16589817,3061,0,2,0,0,0,0,0,0,0,0,0
16593460,3062,0,2,0,0,0,0,0,0,0,0,0
16597104,3063,0,2,0,0,0,0,0,0,0,0,0
16600748,3064,0,2,0,0,0,0,0,0,0,0,0
16604392,3065,0,2,0,0,0,0,0,0,0,0,0
16608036,3066,0,2,0,0,0,0,0,0,0,0,0
16611680,3067,0,2,0,0,0,0,0,0,0,0,0
16615324,3068,0,2,0,0,0,0,0,0,0,0,0
16618968,3069,0,2,0,0,0,0,0,0,0,0,0
16622612,3070,0,2,0,0,0,0,0,0,0,0,0
16626257,3071,0,2,0,0,0,0,0,0,0,0,0
16629900,3072,0,2,0,0,0,0,0,0,0,0,0
16633544,3073,0,2,0,0,0,0,0,0,0,0,0
16637188,3074,0,2,0,0,0,0,0,0,0,0,0
16640832,3075,0,2,0,0,0,0,0,0,0,0,0
16644476,3076,0,2,0,0,0,0,0,0,0,0,0
16648120,3077,0,2,0,0,0,0,0,0,0,0,0
16651764,3078,0,2,0,0,0,0,0,0,0,0,0
16655408,3079,0,2,0,0,0,0,0,0,0,0,0
16659053,3080,0,2,0,0,0,0,0,0,0,0,0
16662697,3081,0,2,0,0,0,0,0,0,0,0,0
16666340,3082,0,2,0,0,0,0,0,0,0,0,0
16669984,3083,0,2,0,0,0,0,0,0,0,0,0
16673628,3084,0,2,0,0,0,0,0,0,0,0,0
16677272,3085,0,2,0,0,0,0,0,0,0,0,0
16680916,3086,0,2,0,0,0,0,0,0,0,0,0
16684560,3087,0,2,0,0,0,0,0,0,0,0,0
16688204,3088,0,2,0,0,0,0,0,0,0,0,0
16691848,3089,0,2,0,0,0,0,0,0,0,0,0
16695492,3090,0,2,0,0,0,0,0,0,0,0,0
16699137,3091,0,2,0,0,0,0,0,0,0,0,0
16702780,3092,0,2,0,0,0,0,0,0,0,0,0
16706424,3093,0,2,0,0,0,0,0,0,0,0,0
16710068,3094,0,2,0,0,0,0,0,0,0,0,0
16713712,3095,0,2,0,0,0,0,0,0,0,0,0
16717356,3096,0,2,0,0,0,0,0,0,0,0,0
16721000,3097,0,2,0,0,0,0,0,0,0,0,0
16724644,3098,0,2,0,0,0,0,0,0,0,0,0
16728288,3099,0,2,0,0,0,0,0,0,0,0,0
16731932,3100,0,2,0,0,0,0,0,0,0,0,0
16735577,3101,0,2,0,0,0,0,0,0,0,0,0
16739220,3102,0,2,0,0,0,0,0,0,0,0,0
16742864,3103,0,2,0,0,0,0,0,0,0,0,0
16746508,3104,0,2,0,0,0,0,0,0,0,0,0
16750152,3105,0,2,0,0,0,0,0,0,0,0,0
16753796,3106,0,2,0,0,0,0,0,0,0,0,0
16757440,3107,0,2,0,0,0,0,0,0,0,0,0
16761084,3108,0,2,0,0,0,0,0,0,0,0,0
16764728,3109,0,2,0,0,0,0,0,0,0,0,0
16768372,3110,0,2,0,0,0,0,0,0,0,0,0
16772017,3111,0,2,0,0,0,0,0,0,0,0,0
16775660,3112,0,2,0,0,0,0,0,0,0,0,0
16779304,3113,0,2,0,0,0,0,0,0,0,0,0
16782948,3114,0,2,0,0,0,0,0,0,0,0,0
16786592,3115,0,2,0,0,0,0,0,0,0,0,0
16790236,3116,0,2,0,0,0,0,0,0,0,0,0
16793880,3117,0,2,0,0,0,0,0,0,0,0,0
16797524,3118,0,2,0,0,0,0,0,0,0,0,0
16801168,3119,0,2,0,0,0,0,0,0,0,0,0
16804812,3120,0,2,0,0,0,0,0,0,0,0,0
16808457,3121,0,2,0,0,0,0,0,0,0,0,0
16812100,3122,0,2,0,0,0,0,0,0,0,0,0
16815744,3123,0,2,0,0,0,0,0,0,0,0,0
16819388,3124,0,2,0,0,0,0,0,0,0,0,0
16823033,3125,0,2,0,0,0,0,0,0,0,0,0
16826676,3126,0,2,0,0,0,0,0,0,0,0,0
16830320,3127,0,2,0,0,0,0,0,0,0,0,0
16833964,3128,0,2,0,0,0,0,0,0,0,0,0
16837608,3129,0,2,0,0,0,0,0,0,0,0,0
16841252,3130,0,2,0,0,0,0,0,0,0,0,0
16844897,3131,0,2,0,0,0,0,0,0,0,0,0
16848540,3132,0,2,0,0,0,0,0,0,0,0,0
16852184,3133,0,2,0,0,0,0,0,0,0,0,0
16855828,3134,0,2,0,0,0,0,0,0,0,0,0
16859472,3135,0,2,0,0,0,0,0,0,0,0,0
16863116,3136,0,2,0,0,0,0,0,0,0,0,0
16866760,3137,0,2,0,0,0,0,0,0,0,0,0
16870404,3138,0,2,0,0,0,0,0,0,0,0,0
16874048,3139,0,2,0,0,0,0,0,0,0,0,0
16877692,3140,0,2,0,0,0,0,0,0,0,0,0
16881337,3141,0,2,0,0,0,0,0,0,0,0,0
16884980,3142,0,2,0,0,0,0,0,0,0,0,0
16888624,3143,0,2,0,0,0,0,0,0,0,0,0
16892268,3144,0,2,0,0,0,0,0,0,0,0,0
16895912,3145,0,2,0,0,0,0,0,0,0,0,0
16899556,3146,0,2,0,0,0,0,0,0,0,0,0
16903200,3147,0,2,0,0,0,0,0,0,0,0,0
16906844,3148,0,2,0,0,0,0,0,0,0,0,0
16910488,3149,0,2,0,0,0,0,0,0,0,0,0
16914132,3150,0,2,0,0,0,0,0,0,0,0,0
16917777,3151,0,2,0,0,0,0,0,0,0,0,0
16921420,3152,0,2,0,0,0,0,0,0,0,0,0
16925064,3153,0,2,0,0,0,0,0,0,0,0,0
16928708,3154,0,2,0,0,0,0,0,0,0,0,0
16932352,3155,0,2,0,0,0,0,0,0,0,0,0
16935996,3156,0,2,0,0,0,0,0,0,0,0,0
16939640,3157,0,2,0,0,0,0,0,0,0,0,0
16943284,3158,0,2,0,0,0,0,0,0,0,0,0
16946928,3159,0,2,0,0,0,0,0,0,0,0,0
16950572,3160,0,2,0,0,0,0,0,0,0,0,0
16954217,3161,0,2,0,0,0,0,0,0,0,0,0
16957860,3162,0,2,0,0,0,0,0,0,0,0,0
16961504,3163,0,2,0,0,0,0,0,0,0,0,0
16965148,3164,0,2,0,0,0,0,0,0,0,0,0
16968792,3165,0,2,0,0,0,0,0,0,0,0,0
16972436,3166,0,2,0,0,0,0,0,0,0,0,0
16976081,3167,0,2,0,0,0,0,0,0,0,0,0
16979724,3168,0,2,0,0,0,0,0,0,0,0,0
16983368,3169,0,2,0,0,0,0,0,0,0,0,0
16987013,3170,0,2,0,0,0,0,0,0,0,0,0
16990657,3171,0,2,0,0,0,0,0,0,0,0,0
16994300,3172,0,2,0,0,0,0,0,0,0,0,0
16997944,3173,0,2,0,0,0,0,0,0,0,0,0
17001588,3174,0,2,0,0,0,0,0,0,0,0,0
17005232,3175,0,2,0,0,0,0,0,0,0,0,0
17008876,3176,0,2,0,0,0,0,0,0,0,0,0
17012520,3177,0,2,0,0,0,0,0,0,0,0,0
17016164,3178,0,2,0,0,0,0,0,0,0,0,0
17024734,3179,0,2,0,0,0,0,0,0,0,0,0
17028366,3180,0,2,0,0,0,0,0,0,0,0,0
17032011,3181,0,2,0,0,0,0,0,0,0,0,0
17035654,3182,0,2,0,0,0,0,0,0,0,0,0
17039298,3183,0,2,0,0,0,0,0,0,0,0,0
17042942,3184,0,2,0,0,0,0,0,0,0,0,0
17046586,3185,0,2,0,0,0,0,0,0,0,0,0
17050230,3186,0,2,0,0,0,0,0,0,0,0,0
17053874,3187,0,2,0,0,0,0,0,0,0,0,0
17057518,3188,0,2,0,0,0,0,0,0,0,0,0
17061162,3189,0,2,0,0,0,0,0,0,0,0,0
17064806,3190,0,2,0,0,0,0,0,0,0,0,0
17068450,3191,0,2,0,0,0,0,0,0,0,0,0
17072094,3192,0,2,0,0,0,0,0,0,0,0,0
17075738,3193,0,2,0,0,0,0,0,0,0,0,0
17079382,3194,0,2,0,0,0,0,0,0,0,0,0
17083026,3195,0,2,0,0,0,0,0,0,0,0,0
17086670,3196,0,2,0,0,0,0,0,0,0,0,0
17090314,3197,0,2,0,0,0,0,0,0,0,0,0
17093958,3198,0,2,0,0,0,0,0,0,0,0,0
17097602,3199,0,2,0,0,0,0,0,0,0,0,0
17101246,3200,0,2,0,0,0,0,0,0,0,0,0
17104891,3201,0,2,0,0,0,0,0,0,0,0,0
17108534,3202,0,2,0,0,0,0,0,0,0,0,0
17112178,3203,0,2,0,0,0,0,0,0,0,0,0
17115822,3204,0,2,0,0,0,0,0,0,0,0,0
17119466,3205,0,2,0,0,0,0,0,0,0,0,0
17123110,3206,0,2,0,0,0,0,0,0,0,0,0
17126754,3207,0,2,0,0,0,0,0,0,0,0,0
17130398,3208,0,2,0,0,0,0,0,0,0,0,0
17134042,3209,0,2,0,0,0,0,0,0,0,0,0
17137686,3210,0,2,0,0,0,0,0,0,0,0,0
17141331,3211,0,2,0,0,0,0,0,0,0,0,0
17144974,3212,0,2,0,0,0,0,0,0,0,0,0
17148618,3213,0,2,0,0,0,0,0,0,0,0,0
17152262,3214,0,2,0,0,0,0,0,0,0,0,0
17155906,3215,0,2,0,0,0,0,0,0,0,0,0
17159550,3216,0,2,0,0,0,0,0,0,0,0,0
17163194,3217,0,2,0,0,0,0,0,0,0,0,0
17166838,3218,0,2,0,0,0,0,0,0,0,0,0
17170482,3219,0,2,0,0,0,0,0,0,0,0,0
17174126,3220,0,2,0,0,0,0,0,0,0,0,0
17177771,3221,0,2,0,0,0,0,0,0,0,0,0
17181414,3222,0,2,0,0,0,0,0,0,0,0,0
17185058,3223,0,2,0,0,0,0,0,0,0,0,0
17188702,3224,0,2,0,0,0,0,0,0,0,0,0
17192346,3225,0,2,0,0,0,0,0,0,0,0,0
17195990,3226,0,2,0,0,0,0,0,0,0,0,0
17199634,3227,0,2,0,0,0,0,0,0,0,0,0
17203278,3228,0,2,0,0,0,0,0,0,0,0,0
17206922,3229,0,2,0,0,0,0,0,0,0,0,0
17210566,3230,0,2,0,0,0,0,0,0,0,0,0
17214211,3231,0,2,0,0,0,0,0,0,0,0,0
17217854,3232,0,2,0,0,0,0,0,0,0,0,0
17221498,3233,0,2,0,0,0,0,0,0,0,0,0
17225142,3234,0,2,0,0,0,0,0,0,0,0,0
17228786,3235,0,2,0,0,0,0,0,0,0,0,0
17232430,3236,0,2,0,0,0,0,0,0,0,0,0
17236074,3237,0,2,0,0,0,0,0,0,0,0,0
17239718,3238,0,2,0,0,0,0,0,0,0,0,0
17243362,3239,0,2,0,0,0,0,0,0,0,0,0
17247007,3240,0,2,0,0,0,0,0,0,0,0,0
17250651,3241,0,2,0,0,0,0,0,0,0,0,0
17254294,3242,0,2,0,0,0,0,0,0,0,0,0
17257938,3243,0,2,0,0,0,0,0,0,0,0,0
17261582,3244,0,2,0,0,0,0,0,0,0,0,0
17265226,3245,0,2,0,0,0,0,0,0,0,0,0
17268870,3246,0,2,0,0,0,0,0,0,0,0,0
17272514,3247,0,2,0,0,0,0,0,0,0,0,0
17276158,3248,0,2,0,0,0,0,0,0,0,0,0
17279802,3249,0,2,0,0,0,0,0,0,0,0,0
17283446,3250,0,2,0,0,0,0,0,0,0,0,0
17287091,3251,0,2,0,0,0,0,0,0,0,0,0
17290734,3252,0,2,0,0,0,0,0,0,0,0,0
17294378,3253,0,2,0,0,0,0,0,0,0,0,0
17298023,3254,0,2,0,0,0,0,0,0,0,0,0
17301666,3255,0,2,0,0,0,0,0,0,0,0,0
17305310,3256,0,2,0,0,0,0,0,0,0,0,0
17308954,3257,0,2,0,0,0,0,0,0,0,0,0
17312598,3258,0,2,0,0,0,0,0,0,0,0,0
17316242,3259,0,2,0,0,0,0,0,0,0,0,0
17319886,3260,0,2,0,0,0,0,0,0,0,0,0
17323531,3261,0,2,0,0,0,0,0,0,0,0,0
17327174,3262,0,2,0,0,0,0,0,0,0,0,0
17330818,3263,0,2,0,0,0,0,0,0,0,0,0
17334462,3264,0,2,0,0,0,0,0,0,0,0,0
17338106,3265,0,2,0,0,0,0,0,0,0,0,0
17341750,3266,0,2,0,0,0,0,0,0,0,0,0
17345394,3267,0,2,0,0,0,0,0,0,0,0,0
17349038,3268,0,2,0,0,0,0,0,0,0,0,0
17352682,3269,0,2,0,0,0,0,0,0,0,0,0
17356326,3270,0,2,0,0,0,0,0,0,0,0,0
17359971,3271,0,2,0,0,0,0,0,0,0,0,0
17363614,3272,0,2,0,0,0,0,0,0,0,0,0
17367258,3273,0,2,0,0,0,0,0,0,0,0,0
17370902,3274,0,2,0,0,0,0,0,0,0,0,0
17374546,3275,0,2,0,0,0,0,0,0,0,0,0
17378190,3276,0,2,0,0,0,0,0,0,0,0,0
17381834,3277,0,2,0,0,0,0,0,0,0,0,0
17385478,3278,0,2,0,0,0,0,0,0,0,0,0
17389122,3279,0,2,0,0,0,0,0,0,0,0,0
17392766,3280,0,2,0,0,0,0,0,0,0,0,0
17396411,3281,0,2,0,0,0,0,0,0,0,0,0
17400054,3282,0,2,0,0,0,0,0,0,0,0,0
17403698,3283,0,2,0,0,0,0,0,0,0,0,0
17407342,3284,0,2,0,0,0,0,0,0,0,0,0
17410986,3285,0,2,0,0,0,0,0,0,0,0,0
17414630,3286,0,2,0,0,0,0,0,0,0,0,0
17418274,3287,0,2,0,0,0,0,0,0,0,0,0
17421918,3288,0,2,0,0,0,0,0,0,0,0,0
17425562,3289,0,2,0,0,0,0,0,0,0,0,0
17429206,3290,0,2,0,0,0,0,0,0,0,0,0
17432851,3291,0,2,0,0,0,0,0,0,0,0,0
17436494,3292,0,2,0,0,0,0,0,0,0,0,0
17440138,3293,0,2,0,0,0,0,0,0,0,0,0
17443782,3294,0,2,0,0,0,0,0,0,0,0,0
17447426,3295,0,2,0,0,0,0,0,0,0,0,0
17451071,3296,0,2,0,0,0,0,0,0,0,0,0
17454714,3297,0,2,0,0,0,0,0,0,0,0,0
17458358,3298,0,2,0,0,0,0,0,0,0,0,0
17462002,3299,0,2,0,0,0,0,0,0,0,0,0
17465646,3300,0,2,0,0,0,0,0,0,0,0,0
17469291,3301,0,2,0,0,0,0,0,0,0,0,0
17472934,3302,0,2,0,0,0,0,0,0,0,0,0
17476578,3303,0,2,0,0,0,0,0,0,0,0,0
17480222,3304,0,2,0,0,0,0,0,0,0,0,0
17483866,3305,0,2,0,0,0,0,0,0,0,0,0
17487510,3306,0,2,0,0,0,0,0,0,0,0,0
17491154,3307,0,2,0,0,0,0,0,0,0,0,0
17494798,3308,0,2,0,0,0,0,0,0,0,0,0
17498442,3309,0,2,0,0,0,0,0,0,0,0,0
17502086,3310,0,2,0,0,0,0,0,0,0,0,0
17505731,3311,0,2,0,0,0,0,0,0,0,0,0
17509374,3312,0,2,0,0,0,0,0,0,0,0,0
17513019,3313,0,2,0,0,0,0,0,0,0,0,0
17516662,3314,0,2,0,0,0,0,0,0,0,0,0
17520306,3315,0,2,0,0,0,0,0,0,0,0,0
17523950,3316,0,2,0,0,0,0,0,0,0,0,0
17527594,3317,0,2,0,0,0,0,0,0,0,0,0
17531238,3318,0,2,0,0,0,0,0,0,0,0,0
17534882,3319,0,2,0,0,0,0,0,0,0,0,0
17538526,3320,0,2,0,0,0,0,0,0,0,0,0
17542171,3321,0,2,0,0,0,0,0,0,0,0,0
17545814,3322,0,2,0,0,0,0,0,0,0,0,0
17549458,3323,0,2,0,0,0,0,0,0,0,0,0
17553102,3324,0,2,0,0,0,0,0,0,0,0,0
17556746,3325,0,2,0,0,0,0,0,0,0,0,0
17560390,3326,0,2,0,0,0,0,0,0,0,0,0
17564034,3327,0,2,0,0,0,0,0,0,0,0,0
17567678,3328,0,2,0,0,0,0,0,0,0,0,0
17571322,3329,0,2,0,0,0,0,0,0,0,0,0
17574966,3330,0,2,0,0,0,0,0,0,0,0,0
17578611,3331,0,2,0,0,0,0,0,0,0,0,0
17582254,3332,0,2,0,0,0,0,0,0,0,0,0
17585898,3333,0,2,0,0,0,0,0,0,0,0,0
17589542,3334,0,2,0,0,0,0,0,0,0,0,0
17593186,3335,0,2,0,0,0,0,0,0,0,0,0
17596830,3336,0,2,0,0,0,0,0,0,0,0,0
17600474,3337,0,2,0,0,0,0,0,0,0,0,0
17604118,3338,0,2,0,0,0,0,0,0,0,0,0
17607762,3339,0,2,0,0,0,0,0,0,0,0,0
17611406,3340,0,2,0,0,0,0,0,0,0,0,0
17615051,3341,0,2,0,0,0,0,0,0,0,0,0
17618694,3342,0,2,0,0,0,0,0,0,0,0,0
17622338,3343,0,2,0,0,0,0,0,0,0,0,0
17625982,3344,0,2,0,0,0,0,0,0,0,0,0
17629626,3345,0,2,0,0,0,0,0,0,0,0,0
17633270,3346,0,2,0,0,0,0,0,0,0,0,0
17636914,3347,0,2,0,0,0,0,0,0,0,0,0
17640558,3348,0,2,0,0,0,0,0,0,0,0,0
17644202,3349,0,2,0,0,0,0,0,0,0,0,0
17647846,3350,0,2,0,0,0,0,0,0,0,0,0
17651490,3351,0,2,0,0,0,0,0,0,0,0,0
17655134,3352,0,2,0,0,0,0,0,0,0,0,0
17658778,3353,0,2,0,0,0,0,0,0,0,0,0
17662422,3354,0,2,0,0,0,0,0,0,0,0,0
17666066,3355,0,2,0,0,0,0,0,0,0,0,0
17669710,3356,0,2,0,0,0,0,0,0,0,0,0
17673354,3357,0,2,0,0,0,0,0,0,0,0,0
17676998,3358,0,2,0,0,0,0,0,0,0,0,0
17680642,3359,0,2,0,0,0,0,0,0,0,0,0
17684286,3360,0,2,0,0,0,0,0,0,0,0,0
17687931,3361,0,2,0,0,0,0,0,0,0,0,0
17691574,3362,0,2,0,0,0,0,0,0,0,0,0
17695218,3363,0,2,0,0,0,0,0,0,0,0,0
17698862,3364,0,2,0,0,0,0,0,0,0,0,0
17702506,3365,0,2,0,0,0,0,0,0,0,0,0
17706150,3366,0,2,0,0,0,0,0,0,0,0,0
17709794,3367,0,2,0,0,0,0,0,0,0,0,0
17713438,3368,0,2,0,0,0,0,0,0,0,0,0
17717082,3369,0,2,0,0,0,0,0,0,0,0,0
17720726,3370,0,2,0,0,0,0,0,0,0,0,0
17724371,3371,0,2,0,0,0,0,0,0,0,0,0
17728014,3372,0,2,0,0,0,0,0,0,0,0,0
17731658,3373,0,2,0,0,0,0,0,0,0,0,0
17735302,3374,0,2,0,0,0,0,0,0,0,0,0
17738946,3375,0,2,0,0,0,0,0,0,0,0,0
17742590,3376,0,2,0,0,0,0,0,0,0,0,0
17746234,3377,0,2,0,0,0,0,0,0,0,0,0
17749878,3378,0,2,0,0,0,0,0,0,0,0,0
17753522,3379,0,2,0,0,0,0,0,0,0,0,0
17757166,3380,0,2,0,0,0,0,0,0,0,0,0
17760811,3381,0,2,0,0,0,0,0,0,0,0,0
17764454,3382,0,2,0,0,0,0,0,0,0,0,0
17768098,3383,0,2,0,0,0,0,0,0,0,0,0
17771742,3384,0,2,0,0,0,0,0,0,0,0,0
17775386,3385,0,2,0,0,0,0,0,0,0,0,0
17779030,3386,0,2,0,0,0,0,0,0,0,0,0
17782674,3387,0,2,0,0,0,0,0,0,0,0,0
17786318,3388,0,2,0,0,0,0,0,0,0,0,0
17789962,3389,0,2,0,0,0,0,0,0,0,0,0
17793606,3390,0,2,0,0,0,0,0,0,0,0,0
17797251,3391,0,2,0,0,0,0,0,0,0,0,0
17800894,3392,0,2,0,0,0,0,0,0,0,0,0
17804538,3393,0,2,0,0,0,0,0,0,0,0,0
17808182,3394,0,2,0,0,0,0,0,0,0,0,0
17811826,3395,0,2,0,0,0,0,0,0,0,0,0
17815470,3396,0,2,0,0,0,0,0,0,0,0,0
17819114,3397,0,2,0,0,0,0,0,0,0,0,0
17822758,3398,0,2,0,0,0,0,0,0,0,0,0
17826402,3399,0,2,0,0,0,0,0,0,0,0,0
17830046,3400,0,2,0,0,0,0,0,0,0,0,0
17833691,3401,0,2,0,0,0,0,0,0,0,0,0
17837334,3402,0,2,0,0,0,0,0,0,0,0,0
17840978,3403,0,2,0,0,0,0,0,0,0,0,0
17844622,3404,0,2,0,0,0,0,0,0,0,0,0
17848266,3405,0,2,0,0,0,0,0,0,0,0,0
17858654,3406,0,2,0,0,0,0,0,0,0,0,0
17862286,3407,0,2,0,0,0,0,0,0,0,0,0
17865930,3408,0,2,0,0,0,0,0,0,0,0,0
17869574,3409,0,2,0,0,0,0,0,0,0,0,0
17873218,3410,0,2,0,0,0,0,0,0,0,0,0
17876863,3411,0,2,0,0,0,0,0,0,0,0,0
17880506,3412,0,2,0,0,0,0,0,0,0,0,0
17884150,3413,0,2,0,0,0,0,0,0,0,0,0
17887794,3414,0,2,0,0,0,0,0,0,0,0,0
17891438,3415,0,2,0,0,0,0,0,0,0,0,0
17895082,3416,0,2,0,0,0,0,0,0,0,0,0
17898726,3417,0,2,0,0,0,0,0,0,0,0,0
17902370,3418,0,2,0,0,0,0,0,0,0,0,0
17906014,3419,0,2,0,0,0,0,0,0,0,0,0
17909658,3420,0,2,0,0,0,0,0,0,0,0,0
17913303,3421,0,2,0,0,0,0,0,0,0,0,0
17916946,3422,0,2,0,0,0,0,0,0,0,0,0
17920590,3423,0,2,0,0,0,0,0,0,0,0,0
17924234,3424,0,2,0,0,0,0,0,0,0,0,0
17927878,3425,0,2,0,0,0,0,0,0,0,0,0
17931522,3426,0,2,0,0,0,0,0,0,0,0,0
17935166,3427,0,2,0,0,0,0,0,0,0,0,0
17938810,3428,0,2,0,0,0,0,0,0,0,0,0
17942454,3429,0,2,0,0,0,0,0,0,0,0,0
17946098,3430,0,2,0,0,0,0,0,0,0,0,0
17949743,3431,0,2,0,0,0,0,0,0,0,0,0
17953386,3432,0,2,0,0,0,0,0,0,0,0,0
17957031,3433,0,2,0,0,0,0,0,0,0,0,0
17960674,3434,0,2,0,0,0,0,0,0,0,0,0
17964318,3435,0,2,0,0,0,0,0,0,0,0,0
17967962,3436,0,2,0,0,0,0,0,0,0,0,0
17971606,3437,0,2,0,0,0,0,0,0,0,0,0
17975250,3438,0,2,0,0,0,0,0,0,0,0,0
17978894,3439,0,2,0,0,0,0,0,0,0,0,0
17982538,3440,0,2,0,0,0,0,0,0,0,0,0
17986183,3441,0,2,0,0,0,0,0,0,0,0,0
17989826,3442,0,2,0,0,0,0,0,0,0,0,0
17993470,3443,0,2,0,0,0,0,0,0,0,0,0
17997114,3444,0,2,0,0,0,0,0,0,0,0,0
18000758,3445,0,2,0,0,0,0,0,0,0,0,0
18004402,3446,0,2,0,0,0,0,0,0,0,0,0
18008046,3447,0,2,0,0,0,0,0,0,0,0,0
18011690,3448,0,2,0,0,0,0,0,0,0,0,0
18015334,3449,0,2,0,0,0,0,0,0,0,0,0
18018978,3450,0,2,0,0,0,0,0,0,0,0,0
18022623,3451,0,2,0,0,0,0,0,0,0,0,0
18026266,3452,0,2,0,0,0,0,0,0,0,0,0
18029910,3453,0,2,0,0,0,0,0,0,0,0,0
18033554,3454,0,2,0,0,0,0,0,0,0,0,0
18037198,3455,0,2,0,0,0,0,0,0,0,0,0
18040842,3456,0,2,0,0,0,0,0,0,0,0,0
18044486,3457,0,2,0,0,0,0,0,0,0,0,0
18048130,3458,0,2,0,0,0,0,0,0,0,0,0
18051774,3459,0,2,0,0,0,0,0,0,0,0,0
18055418,3460,0,2,0,0,0,0,0,0,0,0,0
18059063,3461,0,2,0,0,0,0,0,0,0,0,0
18062706,3462,0,2,0,0,0,0,0,0,0,0,0
18066350,3463,0,2,0,0,0,0,0,0,0,0,0
18069994,3464,0,2,0,0,0,0,0,0,0,0,0
18073638,3465,0,2,0,0,0,0,0,0,0,0,0
18077282,3466,0,2,0,0,0,0,0,0,0,0,0
18080926,3467,0,2,0,0,0,0,0,0,0,0,0
18084570,3468,0,2,0,0,0,0,0,0,0,0,0
18088214,3469,0,2,0,0,0,0,0,0,0,0,0
18091858,3470,0,2,0,0,0,0,0,0,0,0,0
18095502,3471,0,2,0,0,0,0,0,0,0,0,0
18099146,3472,0,2,0,0,0,0,0,0,0,0,0
18102790,3473,0,2,0,0,0,0,0,0,0,0,0
18106434,3474,0,2,0,0,0,0,0,0,0,0,0
18110078,3475,0,2,0,0,0,0,0,0,0,0,0
18113722,3476,0,2,0,0,0,0,0,0,0,0,0
18117366,3477,0,2,0,0,0,0,0,0,0,0,0
18121010,3478,0,2,0,0,0,0,0,0,0,0,0
18124654,3479,0,2,0,0,0,0,0,0,0,0,0
18128298,3480,0,2,0,0,0,0,0,0,0,0,0
18131943,3481,0,2,0,0,0,0,0,0,0,0,0
18135586,3482,0,2,0,0,0,0,0,0,0,0,0
18139230,3483,0,2,0,0,0,0,0,0,0,0,0
18142874,3484,0,2,0,0,0,0,0,0,0,0,0
18146518,3485,0,2,0,0,0,0,0,0,0,0,0
18150162,3486,0,2,0,0,0,0,0,0,0,0,0
18153806,3487,0,2,0,0,0,0,0,0,0,0,0
18157450,3488,0,2,0,0,0,0,0,0,0,0,0
18161094,3489,0,2,0,0,0,0,0,0,0,0,0
18164738,3490,0,2,0,0,0,0,0,0,0,0,0
18168383,3491,0,2,0,0,0,0,0,0,0,0,0
18172026,3492,0,2,0,0,0,0,0,0,0,0,0
18175670,3493,0,2,0,0,0,0,0,0,0,0,0
18179314,3494,0,2,0,0,0,0,0,0,0,0,0
18182958,3495,0,2,0,0,0,0,0,0,0,0,0
18186602,3496,0,2,0,0,0,0,0,0,0,0,0
18190246,3497,0,2,0,0,0,0,0,0,0,0,0
18193890,3498,0,2,0,0,0,0,0,0,0,0,0
18197534,3499,0,2,0,0,0,0,0,0,0,0,0
18201178,3500,0,2,0,0,0,0,0,0,0,0,0
18204823,3501,0,2,0,0,0,0,0,0,0,0,0
18208466,3502,0,2,0,0,0,0,0,0,0,0,0
18212110,3503,0,2,0,0,0,0,0,0,0,0,0
18215754,3504,0,2,0,0,0,0,0,0,0,0,0
18219398,3505,0,2,0,0,0,0,0,0,0,0,0
18223043,3506,0,2,0,0,0,0,0,0,0,0,0
18226686,3507,0,2,0,0,0,0,0,0,0,0,0
18230330,3508,0,2,0,0,0,0,0,0,0,0,0
18233974,3509,0,2,0,0,0,0,0,0,0,0,0
18237618,3510,0,2,0,0,0,0,0,0,0,0,0
18241263,3511,0,2,0,0,0,0,0,0,0,0,0
18244906,3512,0,2,0,0,0,0,0,0,0,0,0
18248550,3513,0,2,0,0,0,0,0,0,0,0,0
18252194,3514,0,2,0,0,0,0,0,0,0,0,0
18255838,3515,0,2,0,0,0,0,0,0,0,0,0
18259482,3516,0,2,0,0,0,0,0,0,0,0,0
18263126,3517,0,2,0,0,0,0,0,0,0,0,0
18266770,3518,0,2,0,0,0,0,0,0,0,0,0
18270414,3519,0,2,0,0,0,0,0,0,0,0,0
18274058,3520,0,2,0,0,0,0,0,0,0,0,0
18277703,3521,0,2,0,0,0,0,0,0,0,0,0
18281346,3522,0,2,0,0,0,0,0,0,0,0,0
18284990,3523,0,2,0,0,0,0,0,0,0,0,0
18288634,3524,0,2,0,0,0,0,0,0,0,0,0
18292278,3525,0,2,0,0,0,0,0,0,0,0,0
18295922,3526,0,2,0,0,0,0,0,0,0,0,0
18299566,3527,0,2,0,0,0,0,0,0,0,0,0
18303210,3528,0,2,0,0,0,0,0,0,0,0,0
18306854,3529,0,2,0,0,0,0,0,0,0,0,0
18310498,3530,0,2,0,0,0,0,0,0,0,0,0
18314143,3531,0,2,0,0,0,0,0,0,0,0,0
18317786,3532,0,2,0,0,0,0,0,0,0,0,0
18321430,3533,0,2,0,0,0,0,0,0,0,0,0
18325074,3534,0,2,0,0,0,0,0,0,0,0,0
18328718,3535,0,2,0,0,0,0,0,0,0,0,0
18332362,3536,0,2,0,0,0,0,0,0,0,0,0
18336007,3537,0,2,0,0,0,0,0,0,0,0,0
18339650,3538,0,2,0,0,0,0,0,0,0,0,0
18343294,3539,0,2,0,0,0,0,0,0,0,0,0
18346938,3540,0,2,0,0,0,0,0,0,0,0,0
18350583,3541,0,2,0,0,0,0,0,0,0,0,0
18354226,3542,0,2,0,0,0,0,0,0,0,0,0
18357870,3543,0,2,0,0,0,0,0,0,0,0,0
18361514,3544,0,2,0,0,0,0,0,0,0,0,0
18365158,3545,0,2,0,0,0,0,0,0,0,0,0
18368802,3546,0,2,0,0,0,0,0,0,0,0,0
18372446,3547,0,2,0,0,0,0,0,0,0,0,0
18376091,3548,0,2,0,0,0,0,0,0,0,0,0
18379734,3549,0,2,0,0,0,0,0,0,0,0,0
18383378,3550,0,2,0,0,0,0,0,0,0,0,0
18387023,3551,0,2,0,0,0,0,0,0,0,0,0
18390666,3552,0,2,0,0,0,0,0,0,0,0,0
18394310,3553,0,2,0,0,0,0,0,0,0,0,0
18397954,3554,0,2,0,0,0,0,0,0,0,0,0
18401598,3555,0,2,0,0,0,0,0,0,0,0,0
18405242,3556,0,2,0,0,0,0,0,0,0,0,0
18408886,3557,0,2,0,0,0,0,0,0,0,0,0
18412530,3558,0,2,0,0,0,0,0,0,0,0,0
18416174,3559,0,2,0,0,0,0,0,0,0,0,0
18419818,3560,0,2,0,0,0,0,0,0,0,0,0
18423463,3561,0,2,0,0,0,0,0,0,0,0,0
18427106,3562,0,2,0,0,0,0,0,0,0,0,0
18430750,3563,0,2,0,0,0,0,0,0,0,0,0
18434394,3564,0,2,0,0,0,0,0,0,0,0,0
18438038,3565,0,2,0,0,0,0,0,0,0,0,0
18441682,3566,0,2,0,0,0,0,0,0,0,0,0
18445326,3567,0,2,0,0,0,0,0,0,0,0,0
18448970,3568,0,2,0,0,0,0,0,0,0,0,0
18452614,3569,0,2,0,0,0,0,0,0,0,0,0
18456258,3570,0,2,0,0,0,0,0,0,0,0,0
18459903,3571,0,2,0,0,0,0,0,0,0,0,0
18463546,3572,0,2,0,0,0,0,0,0,0,0,0
18467190,3573,0,2,0,0,0,0,0,0,0,0,0
18470834,3574,0,2,0,0,0,0,0,0,0,0,0
18474478,3575,0,2,0,0,0,0,0,0,0,0,0
18478122,3576,0,2,0,0,0,0,0,0,0,0,0
18481766,3577,0,2,0,0,0,0,0,0,0,0,0
18485410,3578,0,2,0,0,0,0,0,0,0,0,0
18489054,3579,0,2,0,0,0,0,0,0,0,0,0
18492698,3580,0,2,0,0,0,0,0,0,0,0,0
18496343,3581,0,2,0,0,0,0,0,0,0,0,0
18499986,3582,0,2,0,0,0,0,0,0,0,0,0
18503630,3583,0,2,0,0,0,0,0,0,0,0,0
18507274,3584,0,2,0,0,0,0,0,0,0,0,0
18510918,3585,0,2,0,0,0,0,0,0,0,0,0
18514562,3586,0,2,0,0,0,0,0,0,0,0,0
18518206,3587,0,2,0,0,0,0,0,0,0,0,0
18521850,3588,0,2,0,0,0,0,0,0,0,0,0
18525494,3589,0,2,0,0,0,0,0,0,0,0,0
18529138,3590,0,2,0,0,0,0,0,0,0,0,0
18532783,3591,0,2,0,0,0,0,0,0,0,0,0
18536426,3592,0,2,0,0,0,0,0,0,0,0,0
18540070,3593,0,2,0,0,0,0,0,0,0,0,0
18543714,3594,0,2,0,0,0,0,0,0,0,0,0
18547358,3595,0,2,0,0,0,0,0,0,0,0,0
18551002,3596,0,2,0,0,0,0,0,0,0,0,0
18554646,3597,0,2,0,0,0,0,0,0,0,0,0
18558290,3598,0,2,0,0,0,0,0,0,0,0,0
18561934,3599,0,2,0,0,0,0,0,0,0,0,0
18565578,3600,0,2,0,0,0,0,0,0,0,0,0
18569223,3601,0,2,0,0,0,0,0,0,0,0,0
18572866,3602,0,2,0,0,0,0,0,0,0,0,0
18576510,3603,0,2,0,0,0,0,0,0,0,0,0
18580154,3604,0,2,0,0,0,0,0,0,0,0,0
18583798,3605,0,2,0,0,0,0,0,0,0,0,0
18587442,3606,0,2,0,0,0,0,0,0,0,0,0
18591086,3607,0,2,0,0,0,0,0,0,0,0,0
18594730,3608,0,2,0,0,0,0,0,0,0,0,0
18598374,3609,0,2,0,0,0,0,0,0,0,0,0
18602018,3610,0,2,0,0,0,0,0,0,0,0,0
18605663,3611,0,2,0,0,0,0,0,0,0,0,0
18609306,3612,0,2,0,0,0,0,0,0,0,0,0
18612950,3613,0,2,0,0,0,0,0,0,0,0,0
18616594,3614,0,2,0,0,0,0,0,0,0,0,0
18620238,3615,0,2,0,0,0,0,0,0,0,0,0
18623882,3616,0,2,0,0,0,0,0,0,0,0,0
18627526,3617,0,2,0,0,0,0,0,0,0,0,0
18631170,3618,0,2,0,0,0,0,0,0,0,0,0
18634814,3619,0,2,0,0,0,0,0,0,0,0,0
18638458,3620,0,2,0,0,0,0,0,0,0,0,0
18642103,3621,0,2,0,0,0,0,0,0,0,0,0
18645746,3622,0,2,0,0,0,0,0,0,0,0,0
18649390,3623,0,2,0,0,0,0,0,0,0,0,0
18653034,3624,0,2,0,0,0,0,0,0,0,0,0
18656678,3625,0,2,0,0,0,0,0,0,0,0,0
18660322,3626,0,2,0,0,0,0,0,0,0,0,0
18663966,3627,0,2,0,0,0,0,0,0,0,0,0
18667610,3628,0,2,0,0,0,0,0,0,0,0,0
18671254,3629,0,2,0,0,0,0,0,0,0,0,0
18674898,3630,0,2,0,0,0,0,0,0,0,0,0
18678543,3631,0,2,0,0,0,0,0,0,0,0,0
18682186,3632,0,2,0,0,0,0,0,0,0,0,0
18723901,3633,0,2,0,0,0,0,0,0,0,0,0
18727533,3634,0,2,0,0,0,0,0,0,0,0,0
18731177,3635,0,2,0,0,0,0,0,0,0,0,0
18734821,3636,0,2,0,0,0,0,0,0,0,0,0
18738465,3637,0,2,0,0,0,0,0,0,0,0,0
18742109,3638,0,2,0,0,0,0,0,0,0,0,0
18745753,3639,0,2,0,0,0,0,0,0,0,0,0
18749397,3640,0,2,0,0,0,0,0,0,0,0,0
18753042,3641,0,2,0,0,0,0,0,0,0,0,0
18756685,3642,0,2,0,0,0,0,0,0,0,0,0
18760329,3643,0,2,0,0,0,0,0,0,0,0,0
18763973,3644,0,2,0,0,0,0,0,0,0,0,0
18767617,3645,0,2,0,0,0,0,0,0,0,0,0
18771261,3646,0,2,0,0,0,0,0,0,0,0,0
18774905,3647,0,2,0,0,0,0,0,0,0,0,0
18778549,3648,0,2,0,0,0,0,0,0,0,0,0
18782193,3649,0,2,0,0,0,0,0,0,0,0,0
18785837,3650,0,2,0,0,0,0,0,0,0,0,0
18789482,3651,0,2,0,0,0,0,0,0,0,0,0
18793125,3652,0,2,0,0,0,0,0,0,0,0,0
18796769,3653,0,2,0,0,0,0,0,0,0,0,0
18800413,3654,0,2,0,0,0,0,0,0,0,0,0
18804057,3655,0,2,0,0,0,0,0,0,0,0,0
18807701,3656,0,2,0,0,0,0,0,0,0,0,0
18811345,3657,0,2,0,0,0,0,0,0,0,0,0
18814989,3658,0,2,0,0,0,0,0,0,0,0,0
18818633,3659,0,2,0,0,0,0,0,0,0,0,0
18822277,3660,0,2,0,0,0,0,0,0,0,0,0
18825922,3661,0,2,0,0,0,0,0,0,0,0,0
18829565,3662,0,2,0,0,0,0,0,0,0,0,0
18833209,3663,0,2,0,0,0,0,0,0,0,0,0
18836853,3664,0,2,0,0,0,0,0,0,0,0,0
18840497,3665,0,2,0,0,0,0,0,0,0,0,0
18844141,3666,0,2,0,0,0,0,0,0,0,0,0
18847785,3667,0,2,0,0,0,0,0,0,0,0,0
18851429,3668,0,2,0,0,0,0,0,0,0,0,0
18855073,3669,0,2,0,0,0,0,0,0,0,0,0
18858717,3670,0,2,0,0,0,0,0,0,0,0,0
18862362,3671,0,2,0,0,0,0,0,0,0,0,0
18866006,3672,0,2,0,0,0,0,0,0,0,0,0
18869649,3673,0,2,0,0,0,0,0,0,0,0,0
18873293,3674,0,2,0,0,0,0,0,0,0,0,0
18876937,3675,0,2,0,0,0,0,0,0,0,0,0
18880581,3676,0,2,0,0,0,0,0,0,0,0,0
18884225,3677,0,2,0,0,0,0,0,0,0,0,0
18887869,3678,0,2,0,0,0,0,0,0,0,0,0
18891513,3679,0,2,0,0,0,0,0,0,0,0,0
18895157,3680,0,2,0,0,0,0,0,0,0,0,0
18898802,3681,0,2,0,0,0,0,0,0,0,0,0
18902445,3682,0,2,0,0,0,0,0,0,0,0,0
18906089,3683,0,2,0,0,0,0,0,0,0,0,0
18909733,3684,0,2,0,0,0,0,0,0,0,0,0
18913377,3685,0,2,0,0,0,0,0,0,0,0,0
18917021,3686,0,2,0,0,0,0,0,0,0,0,0
18920665,3687,0,2,0,0,0,0,0,0,0,0,0
18924309,3688,0,2,0,0,0,0,0,0,0,0,0
18927953,3689,0,2,0,0,0,0,0,0,0,0,0
18931597,3690,0,2,0,0,0,0,0,0,0,0,0
18935242,3691,0,2,0,0,0,0,0,0,0,0,0
18938885,3692,0,2,0,0,0,0,0,0,0,0,0
18942529,3693,0,2,0,0,0,0,0,0,0,0,0
18946173,3694,0,2,0,0,0,0,0,0,0,0,0
18949817,3695,0,2,0,0,0,0,0,0,0,0,0
18953461,3696,0,2,0,0,0,0,0,0,0,0,0
18957105,3697,0,2,0,0,0,0,0,0,0,0,0
18960749,3698,0,2,0,0,0,0,0,0,0,0,0
18964393,3699,0,2,0,0,0,0,0,0,0,0,0
18968038,3700,0,2,0,0,0,0,0,0,0,0,0
18971682,3701,0,2,0,0,0,0,0,0,0,0,0
18975325,3702,0,2,0,0,0,0,0,0,0,0,0
18978969,3703,0,2,0,0,0,0,0,0,0,0,0
18982613,3704,0,2,0,0,0,0,0,0,0,0,0
18986257,3705,0,2,0,0,0,0,0,0,0,0,0
18989901,3706,0,2,0,0,0,0,0,0,0,0,0
18993545,3707,0,2,0,0,0,0,0,0,0,0,0
18997189,3708,0,2,0,0,0,0,0,0,0,0,0
19000833,3709,0,2,0,0,0,0,0,0,0,0,0
19004477,3710,0,2,0,0,0,0,0,0,0,0,0
19008122,3711,0,2,0,0,0,0,0,0,0,0,0
19011765,3712,0,2,0,0,0,0,0,0,0,0,0
19015409,3713,0,2,0,0,0,0,0,0,0,0,0
19019053,3714,0,2,0,0,0,0,0,0,0,0,0
19022697,3715,0,2,0,0,0,0,0,0,0,0,0
19026341,3716,0,2,0,0,0,0,0,0,0,0,0
19029985,3717,0,2,0,0,0,0,0,0,0,0,0
19033629,3718,0,2,0,0,0,0,0,0,0,0,0
19037273,3719,0,2,0,0,0,0,0,0,0,0,0
19040917,3720,0,2,0,0,0,0,0,0,0,0,0
19044562,3721,0,2,0,0,0,0,0,0,0,0,0
19048205,3722,0,2,0,0,0,0,0,0,0,0,0
19051849,3723,0,2,0,0,0,0,0,0,0,0,0
19055493,3724,0,2,0,0,0,0,0,0,0,0,0
19059137,3725,0,2,0,0,0,0,0,0,0,0,0
19062781,3726,0,2,0,0,0,0,0,0,0,0,0
19066425,3727,0,2,0,0,0,0,0,0,0,0,0
19070069,3728,0,2,0,0,0,0,0,0,0,0,0
19073713,3729,0,2,0,0,0,0,0,0,0,0,0
19077357,3730,0,2,0,0,0,0,0,0,0,0,0
19081002,3731,0,2,0,0,0,0,0,0,0,0,0
19084645,3732,0,2,0,0,0,0,0,0,0,0,0
19088289,3733,0,2,0,0,0,0,0,0,0,0,0
19091933,3734,0,2,0,0,0,0,0,0,0,0,0
19095577,3735,0,2,0,0,0,0,0,0,0,0,0
19099221,3736,0,2,0,0,0,0,0,0,0,0,0
19102865,3737,0,2,0,0,0,0,0,0,0,0,0
19106509,3738,0,2,0,0,0,0,0,0,0,0,0
19110153,3739,0,2,0,0,0,0,0,0,0,0,0
19113797,3740,0,2,0,0,0,0,0,0,0,0,0
19117442,3741,0,2,0,0,0,0,0,0,0,0,0
19121086,3742,0,2,0,0,0,0,0,0,0,0,0
19124729,3743,0,2,0,0,0,0,0,0,0,0,0
19128373,3744,0,2,0,0,0,0,0,0,0,0,0
19132017,3745,0,2,0,0,0,0,0,0,0,0,0
19135661,3746,0,2,0,0,0,0,0,0,0,0,0
19139305,3747,0,2,0,0,0,0,0,0,0,0,0
19142949,3748,0,2,0,0,0,0,0,0,0,0,0
19146593,3749,0,2,0,0,0,0,0,0,0,0,0
19150237,3750,0,2,0,0,0,0,0,0,0,0,0
19153882,3751,0,2,0,0,0,0,0,0,0,0,0
19157525,3752,0,2,0,0,0,0,0,0,0,0,0
19161169,3753,0,2,0,0,0,0,0,0,0,0,0
19164813,3754,0,2,0,0,0,0,0,0,0,0,0
19168457,3755,0,2,0,0,0,0,0,0,0,0,0
19172101,3756,0,2,0,0,0,0,0,0,0,0,0
19175745,3757,0,2,0,0,0,0,0,0,0,0,0
19179389,3758,0,2,0,0,0,0,0,0,0,0,0
19183034,3759,0,2,0,0,0,0,0,0,0,0,0
19186677,3760,0,2,0,0,0,0,0,0,0,0,0
19190322,3761,0,2,0,0,0,0,0,0,0,0,0
19193965,3762,0,2,0,0,0,0,0,0,0,0,0
19197609,3763,0,2,0,0,0,0,0,0,0,0,0
19201253,3764,0,2,0,0,0,0,0,0,0,0,0
19204897,3765,0,2,0,0,0,0,0,0,0,0,0
19208541,3766,0,2,0,0,0,0,0,0,0,0,0
19212185,3767,0,2,0,0,0,0,0,0,0,0,0
19215829,3768,0,2,0,0,0,0,0,0,0,0,0
19219473,3769,0,2,0,0,0,0,0,0,0,0,0
19223117,3770,0,2,0,0,0,0,0,0,0,0,0
19226762,3771,0,2,0,0,0,0,0,0,0,0,0
19230405,3772,0,2,0,0,0,0,0,0,0,0,0
19234049,3773,0,2,0,0,0,0,0,0,0,0,0
19237693,3774,0,2,0,0,0,0,0,0,0,0,0
19241337,3775,0,2,0,0,0,0,0,0,0,0,0
19244981,3776,0,2,0,0,0,0,0,0,0,0,0
19248625,3777,0,2,0,0,0,0,0,0,0,0,0
19252269,3778,0,2,0,0,0,0,0,0,0,0,0
19255913,3779,0,2,0,0,0,0,0,0,0,0,0
19259557,3780,0,2,0,0,0,0,0,0,0,0,0
19263202,3781,0,2,0,0,0,0,0,0,0,0,0
19266845,3782,0,2,0,0,0,0,0,0,0,0,0
19270489,3783,0,2,0,0,0,0,0,0,0,0,0
19274133,3784,0,2,0,0,0,0,0,0,0,0,0
19277777,3785,0,2,0,0,0,0,0,0,0,0,0
19281421,3786,0,2,0,0,0,0,0,0,0,0,0
19285065,3787,0,2,0,0,0,0,0,0,0,0,0
19288709,3788,0,2,0,0,0,0,0,0,0,0,0
19292353,3789,0,2,0,0,0,0,0,0,0,0,0
19295997,3790,0,2,0,0,0,0,0,0,0,0,0
19299642,3791,0,2,0,0,0,0,0,0,0,0,0
19303285,3792,0,2,0,0,0,0,0,0,0,0,0
19306929,3793,0,2,0,0,0,0,0,0,0,0,0
19310573,3794,0,2,0,0,0,0,0,0,0,0,0
19314217,3795,0,2,0,0,0,0,0,0,0,0,0
19317861,3796,0,2,0,0,0,0,0,0,0,0,0
19321505,3797,0,2,0,0,0,0,0,0,0,0,0
19325149,3798,0,2,0,0,0,0,0,0,0,0,0
19328793,3799,0,2,0,0,0,0,0,0,0,0,0
19332437,3800,0,2,0,0,0,0,0,0,0,0,0
19336082,3801,0,2,0,0,0,0,0,0,0,0,0
19339725,3802,0,2,0,0,0,0,0,0,0,0,0
19343369,3803,0,2,0,0,0,0,0,0,0,0,0
19347014,3804,0,2,0,0,0,0,0,0,0,0,0
19350657,3805,0,2,0,0,0,0,0,0,0,0,0
19354301,3806,0,2,0,0,0,0,0,0,0,0,0
19357945,3807,0,2,0,0,0,0,0,0,0,0,0
19361589,3808,0,2,0,0,0,0,0,0,0,0,0
19365233,3809,0,2,0,0,0,0,0,0,0,0,0
19368877,3810,0,2,0,0,0,0,0,0,0,0,0
19372522,3811,0,2,0,0,0,0,0,0,0,0,0
19376165,3812,0,2,0,0,0,0,0,0,0,0,0
19379809,3813,0,2,0,0,0,0,0,0,0,0,0
19383453,3814,0,2,0,0,0,0,0,0,0,0,0
19387097,3815,0,2,0,0,0,0,0,0,0,0,0
19390741,3816,0,2,0,0,0,0,0,0,0,0,0
19394385,3817,0,2,0,0,0,0,0,0,0,0,0
19398029,3818,0,2,0,0,0,0,0,0,0,0,0
19401673,3819,0,2,0,0,0,0,0,0,0,0,0
19405317,3820,0,2,0,0,0,0,0,0,0,0,0
19408962,3821,0,2,0,0,0,0,0,0,0,0,0
19412605,3822,0,2,0,0,0,0,0,0,0,0,0
19416249,3823,0,2,0,0,0,0,0,0,0,0,0
19419893,3824,0,2,0,0,0,0,0,0,0,0,0
19423537,3825,0,2,0,0,0,0,0,0,0,0,0
19427181,3826,0,2,0,0,0,0,0,0,0,0,0
19430825,3827,0,2,0,0,0,0,0,0,0,0,0
19434469,3828,0,2,0,0,0,0,0,0,0,0,0
19438113,3829,0,2,0,0,0,0,0,0,0,0,0
19441757,3830,0,2,0,0,0,0,0,0,0,0,0
19445402,3831,0,2,0,0,0,0,0,0,0,0,0
19449045,3832,0,2,0,0,0,0,0,0,0,0,0
19452689,3833,0,2,0,0,0,0,0,0,0,0,0
19456333,3834,0,2,0,0,0,0,0,0,0,0,0
19459977,3835,0,2,0,0,0,0,0,0,0,0,0
19463621,3836,0,2,0,0,0,0,0,0,0,0,0
19467265,3837,0,2,0,0,0,0,0,0,0,0,0
19470909,3838,0,2,0,0,0,0,0,0,0,0,0
19474553,3839,0,2,0,0,0,0,0,0,0,0,0
19478197,3840,0,2,0,0,0,0,0,0,0,0,0
19481842,3841,0,2,0,0,0,0,0,0,0,0,0
19485485,3842,0,2,0,0,0,0,0,0,0,0,0
19489129,3843,0,2,0,0,0,0,0,0,0,0,0
19492773,3844,0,2,0,0,0,0,0,0,0,0,0
19496417,3845,0,2,0,0,0,0,0,0,0,0,0
19500061,3846,0,2,0,0,0,0,0,0,0,0,0
19503705,3847,0,2,0,0,0,0,0,0,0,0,0
19507349,3848,0,2,0,0,0,0,0,0,0,0,0
19510993,3849,0,2,0,0,0,0,0,0,0,0,0
19514637,3850,0,2,0,0,0,0,0,0,0,0,0
19518282,3851,0,2,0,0,0,0,0,0,0,0,0
19521925,3852,0,2,0,0,0,0,0,0,0,0,0
19525569,3853,0,2,0,0,0,0,0,0,0,0,0
19529213,3854,0,2,0,0,0,0,0,0,0,0,0
19532857,3855,0,2,0,0,0,0,0,0,0,0,0
19536501,3856,0,2,0,0,0,0,0,0,0,0,0
19540145,3857,0,2,0,0,0,0,0,0,0,0,0
19543789,3858,0,2,0,0,0,0,0,0,0,0,0
19547433,3859,0,2,0,0,0,0,0,0,0,0,0
19558475,3860,0,2,0,0,0,0,0,0,0,0,0
19562108,3861,0,2,0,0,0,0,0,0,0,0,0
19565751,3862,0,2,0,0,0,0,0,0,0,0,0
19569395,3863,0,2,0,0,0,0,0,0,0,0,0
19573039,3864,0,2,0,0,0,0,0,0,0,0,0
19576683,3865,0,2,0,0,0,0,0,0,0,0,0
19580327,3866,0,2,0,0,0,0,0,0,0,0,0
19583971,3867,0,2,0,0,0,0,0,0,0,0,0
19587615,3868,0,2,0,0,0,0,0,0,0,0,0
19591259,3869,0,2,0,0,0,0,0,0,0,0,0
19594903,3870,0,2,0,0,0,0,0,0,0,0,0
19598548,3871,0,2,0,0,0,0,0,0,0,0,0
19602191,3872,0,2,0,0,0,0,0,0,0,0,0
19605835,3873,0,2,0,0,0,0,0,0,0,0,0
19609479,3874,0,2,0,0,0,0,0,0,0,0,0
19613123,3875,0,2,0,0,0,0,0,0,0,0,0
19616767,3876,0,2,0,0,0,0,0,0,0,0,0
19620411,3877,0,2,0,0,0,0,0,0,0,0,0
19624055,3878,0,2,0,0,0,0,0,0,0,0,0
19627699,3879,0,2,0,0,0,0,0,0,0,0,0
19631343,3880,0,2,0,0,0,0,0,0,0,0,0
19634988,3881,0,2,0,0,0,0,0,0,0,0,0
19638631,3882,0,2,0,0,0,0,0,0,0,0,0
19642275,3883,0,2,0,0,0,0,0,0,0,0,0
19645919,3884,0,2,0,0,0,0,0,0,0,0,0
19649563,3885,0,2,0,0,0,0,0,0,0,0,0
19653207,3886,0,2,0,0,0,0,0,0,0,0,0
19656851,3887,0,2,0,0,0,0,0,0,0,0,0
19660495,3888,0,2,0,0,0,0,0,0,0,0,0
19664139,3889,0,2,0,0,0,0,0,0,0,0,0
19667783,3890,0,2,0,0,0,0,0,0,0,0,0
19671428,3891,0,2,0,0,0,0,0,0,0,0,0
19675071,3892,0,2,0,0,0,0,0,0,0,0,0
19678715,3893,0,2,0,0,0,0,0,0,0,0,0
19682359,3894,0,2,0,0,0,0,0,0,0,0,0
19686003,3895,0,2,0,0,0,0,0,0,0,0,0
19689647,3896,0,2,0,0,0,0,0,0,0,0,0
19693291,3897,0,2,0,0,0,0,0,0,0,0,0
19696935,3898,0,2,0,0,0,0,0,0,0,0,0
19700579,3899,0,2,0,0,0,0,0,0,0,0,0
19704223,3900,0,2,0,0,0,0,0,0,0,0,0
19707868,3901,0,2,0,0,0,0,0,0,0,0,0
19711511,3902,0,2,0,0,0,0,0,0,0,0,0
19715155,3903,0,2,0,0,0,0,0,0,0,0,0
19718799,3904,0,2,0,0,0,0,0,0,0,0,0
19722443,3905,0,2,0,0,0,0,0,0,0,0,0
19726087,3906,0,2,0,0,0,0,0,0,0,0,0
19729731,3907,0,2,0,0,0,0,0,0,0,0,0
19733375,3908,0,2,0,0,0,0,0,0,0,0,0
19737019,3909,0,2,0,0,0,0,0,0,0,0,0
19740663,3910,0,2,0,0,0,0,0,0,0,0,0
19744308,3911,0,2,0,0,0,0,0,0,0,0,0
19747951,3912,0,2,0,0,0,0,0,0,0,0,0
19751595,3913,0,2,0,0,0,0,0,0,0,0,0
19755239,3914,0,2,0,0,0,0,0,0,0,0,0
19758883,3915,0,2,0,0,0,0,0,0,0,0,0
19762527,3916,0,2,0,0,0,0,0,0,0,0,0
19766171,3917,0,2,0,0,0,0,0,0,0,0,0
19769815,3918,0,2,0,0,0,0,0,0,0,0,0
19773459,3919,0,2,0,0,0,0,0,0,0,0,0
19777103,3920,0,2,0,0,0,0,0,0,0,0,0
19780748,3921,0,2,0,0,0,0,0,0,0,0,0
19784391,3922,0,2,0,0,0,0,0,0,0,0,0
19788036,3923,0,2,0,0,0,0,0,0,0,0,0
19791679,3924,0,2,0,0,0,0,0,0,0,0,0
19795323,3925,0,2,0,0,0,0,0,0,0,0,0
19798967,3926,0,2,0,0,0,0,0,0,0,0,0
19802611,3927,0,2,0,0,0,0,0,0,0,0,0
19806255,3928,0,2,0,0,0,0,0,0,0,0,0
19809899,3929,0,2,0,0,0,0,0,0,0,0,0
19813543,3930,0,2,0,0,0,0,0,0,0,0,0
19817188,3931,0,2,0,0,0,0,0,0,0,0,0
19820831,3932,0,2,0,0,0,0,0,0,0,0,0
19824475,3933,0,2,0,0,0,0,0,0,0,0,0
19828119,3934,0,2,0,0,0,0,0,0,0,0,0
19831763,3935,0,2,0,0,0,0,0,0,0,0,0
19835407,3936,0,2,0,0,0,0,0,0,0,0,0
19839052,3937,0,2,0,0,0,0,0,0,0,0,0
19842695,3938,0,2,0,0,0,0,0,0,0,0,0
19846339,3939,0,2,0,0,0,0,0,0,0,0,0
19849983,3940,0,2,0,0,0,0,0,0,0,0,0
19853628,3941,0,2,0,0,0,0,0,0,0,0,0
19857271,3942,0,2,0,0,0,0,0,0,0,0,0
19860915,3943,0,2,0,0,0,0,0,0,0,0,0
19864559,3944,0,2,0,0,0,0,0,0,0,0,0
19868203,3945,0,2,0,0,0,0,0,0,0,0,0
19871847,3946,0,2,0,0,0,0,0,0,0,0,0
19875491,3947,0,2,0,0,0,0,0,0,0,0,0
19879135,3948,0,2,0,0,0,0,0,0,0,0,0
19882779,3949,0,2,0,0,0,0,0,0,0,0,0
19886423,3950,0,2,0,0,0,0,0,0,0,0,0
19890068,3951,0,2,0,0,0,0,0,0,0,0,0
19893711,3952,0,2,0,0,0,0,0,0,0,0,0
19897355,3953,0,2,0,0,0,0,0,0,0,0,0
19900999,3954,0,2,0,0,0,0,0,0,0,0,0
19904643,3955,0,2,0,0,0,0,0,0,0,0,0
19908287,3956,0,2,0,0,0,0,0,0,0,0,0
19911931,3957,0,2,0,0,0,0,0,0,0,0,0
19915575,3958,0,2,0,0,0,0,0,0,0,0,0
19919219,3959,0,2,0,0,0,0,0,0,0,0,0
19922863,3960,0,2,0,0,0,0,0,0,0,0,0
19926508,3961,0,2,0,0,0,0,0,0,0,0,0
19930151,3962,0,2,0,0,0,0,0,0,0,0,0
19933795,3963,0,2,0,0,0,0,0,0,0,0,0
19937439,3964,0,2,0,0,0,0,0,0,0,0,0
19941083,3965,0,2,0,0,0,0,0,0,0,0,0
19944727,3966,0,2,0,0,0,0,0,0,0,0,0
19948371,3967,0,2,0,0,0,0,0,0,0,0,0
19952016,3968,0,2,0,0,0,0,0,0,0,0,0
19955659,3969,0,2,0,0,0,0,0,0,0,0,0
19959303,3970,0,2,0,0,0,0,0,0,0,0,0
19962948,3971,0,2,0,0,0,0,0,0,0,0,0
19966591,3972,0,2,0,0,0,0,0,0,0,0,0
19970235,3973,0,2,0,0,0,0,0,0,0,0,0
19973879,3974,0,2,0,0,0,0,0,0,0,0,0
19977523,3975,0,2,0,0,0,0,0,0,0,0,0
19981167,3976,0,2,0,0,0,0,0,0,0,0,0
19984811,3977,0,2,0,0,0,0,0,0,0,0,0
19988455,3978,0,2,0,0,0,0,0,0,0,0,0
19992099,3979,0,2,0,0,0,0,0,0,0,0,0
19995743,3980,0,2,0,0,0,0,0,0,0,0,0
19999388,3981,0,2,0,0,0,0,0,0,0,0,0
20003031,3982,0,2,0,0,0,0,0,0,0,0,0
20006675,3983,0,2,0,0,0,0,0,0,0,0,0
20010319,3984,0,2,0,0,0,0,0,0,0,0,0
20013963,3985,0,2,0,0,0,0,0,0,0,0,0
20017607,3986,0,2,0,0,0,0,0,0,0,0,0
20021251,3987,0,2,0,0,0,0,0,0,0,0,0
20024895,3988,0,2,0,0,0,0,0,0,0,0,0
20028539,3989,0,2,0,0,0,0,0,0,0,0,0
20032183,3990,0,2,0,0,0,0,0,0,0,0,0
20035828,3991,0,2,0,0,0,0,0,0,0,0,0
20039471,3992,0,2,0,0,0,0,0,0,0,0,0
20043115,3993,0,2,0,0,0,0,0,0,0,0,0
20046759,3994,0,2,0,0,0,0,0,0,0,0,0
20050403,3995,0,2,0,0,0,0,0,0,0,0,0
20054047,3996,0,2,0,0,0,0,0,0,0,0,0
20057691,3997,0,2,0,0,0,0,0,0,0,0,0
20061335,3998,0,2,0,0,0,0,0,0,0,0,0
20064979,3999,0,2,0,0,0,0,0,0,0,0,0
20068623,4000,0,2,0,0,0,0,0,0,0,0,0
20072268,4001,0,2,0,0,0,0,0,0,0,0,0
20075911,4002,0,2,0,0,0,0,0,0,0,0,0
20079555,4003,0,2,0,0,0,0,0,0,0,0,0
20083199,4004,0,2,0,0,0,0,0,0,0,0,0
20086843,4005,0,2,0,0,0,0,0,0,0,0,0
20090487,4006,0,2,0,0,0,0,0,0,0,0,0
20094131,4007,0,2,0,0,0,0,0,0,0,0,0
20097775,4008,0,2,0,0,0,0,0,0,0,0,0
20101419,4009,0,2,0,0,0,0,0,0,0,0,0
20105064,4010,0,2,0,0,0,0,0,0,0,0,0
20108708,4011,0,2,0,0,0,0,0,0,0,0,0
20112351,4012,0,2,0,0,0,0,0,0,0,0,0
20115995,4013,0,2,0,0,0,0,0,0,0,0,0
20119639,4014,0,2,0,0,0,0,0,0,0,0,0
20123283,4015,0,2,0,0,0,0,0,0,0,0,0
20126927,4016,0,2,0,0,0,0,0,0,0,0,0
20130571,4017,0,2,0,0,0,0,0,0,0,0,0
20134215,4018,0,2,0,0,0,0,0,0,0,0,0
20137859,4019,0,2,0,0,0,0,0,0,0,0,0
20141503,4020,0,2,0,0,0,0,0,0,0,0,0
20145148,4021,0,2,0,0,0,0,0,0,0,0,0
20148791,4022,0,2,0,0,0,0,0,0,0,0,0
20152435,4023,0,2,0,0,0,0,0,0,0,0,0
20156079,4024,0,2,0,0,0,0,0,0,0,0,0
20159723,4025,0,2,0,0,0,0,0,0,0,0,0
20163367,4026,0,2,0,0,0,0,0,0,0,0,0
20167011,4027,0,2,0,0,0,0,0,0,0,0,0
20170655,4028,0,2,0,0,0,0,0,0,0,0,0
20174299,4029,0,2,0,0,0,0,0,0,0,0,0
20177943,4030,0,2,0,0,0,0,0,0,0,0,0
20181588,4031,0,2,0,0,0,0,0,0,0,0,0
20185231,4032,0,2,0,0,0,0,0,0,0,0,0
20188875,4033,0,2,0,0,0,0,0,0,0,0,0
20192519,4034,0,2,0,0,0,0,0,0,0,0,0
20196163,4035,0,2,0,0,0,0,0,0,0,0,0
20199807,4036,0,2,0,0,0,0,0,0,0,0,0
20203451,4037,0,2,0,0,0,0,0,0,0,0,0
20207095,4038,0,2,0,0,0,0,0,0,0,0,0
20210739,4039,0,2,0,0,0,0,0,0,0,0,0
20214383,4040,0,2,0,0,0,0,0,0,0,0,0
20218028,4041,0,2,0,0,0,0,0,0,0,0,0
20221671,4042,0,2,0,0,0,0,0,0,0,0,0
20225315,4043,0,2,0,0,0,0,0,0,0,0,0
20228959,4044,0,2,0,0,0,0,0,0,0,0,0
20232603,4045,0,2,0,0,0,0,0,0,0,0,0
20236247,4046,0,2,0,0,0,0,0,0,0,0,0
20239891,4047,0,2,0,0,0,0,0,0,0,0,0
20243535,4048,0,2,0,0,0,0,0,0,0,0,0
20247179,4049,0,2,0,0,0,0,0,0,0,0,0
20250823,4050,0,2,0,0,0,0,0,0,0,0,0
20254468,4051,0,2,0,0,0,0,0,0,0,0,0
20258111,4052,0,2,0,0,0,0,0,0,0,0,0
20261755,4053,0,2,0,0,0,0,0,0,0,0,0
20265399,4054,0,2,0,0,0,0,0,0,0,0,0
20269044,4055,0,2,0,0,0,0,0,0,0,0,0
20272687,4056,0,2,0,0,0,0,0,0,0,0,0
20276331,4057,0,2,0,0,0,0,0,0,0,0,0
20279975,4058,0,2,0,0,0,0,0,0,0,0,0
20283619,4059,0,2,0,0,0,0,0,0,0,0,0
20287263,4060,0,2,0,0,0,0,0,0,0,0,0
20290908,4061,0,2,0,0,0,0,0,0,0,0,0
20294551,4062,0,2,0,0,0,0,0,0,0,0,0
20298195,4063,0,2,0,0,0,0,0,0,0,0,0
20301839,4064,0,2,0,0,0,0,0,0,0,0,0
20305483,4065,0,2,0,0,0,0,0,0,0,0,0
20309127,4066,0,2,0,0,0,0,0,0,0,0,0
20312771,4067,0,2,0,0,0,0,0,0,0,0,0
20316415,4068,0,2,0,0,0,0,0,0,0,0,0
20320060,4069,0,2,0,0,0,0,0,0,0,0,0
20323703,4070,0,2,0,0,0,0,0,0,0,0,0
20327348,4071,0,2,0,0,0,0,0,0,0,0,0
20330991,4072,0,2,0,0,0,0,0,0,0,0,0
20334635,4073,0,2,0,0,0,0,0,0,0,0,0
20338279,4074,0,2,0,0,0,0,0,0,0,0,0
20341923,4075,0,2,0,0,0,0,0,0,0,0,0
20345567,4076,0,2,0,0,0,0,0,0,0,0,0
20349211,4077,0,2,0,0,0,0,0,0,0,0,0
20352855,4078,0,2,0,0,0,0,0,0,0,0,0
20356499,4079,0,2,0,0,0,0,0,0,0,0,0
20360143,4080,0,2,0,0,0,0,0,0,0,0,0
20363788,4081,0,2,0,0,0,0,0,0,0,0,0
20367431,4082,0,2,0,0,0,0,0,0,0,0,0
20371075,4083,0,2,0,0,0,0,0,0,0,0,0
20374719,4084,0,2,0,0,0,0,0,0,0,0,0
20378363,4085,0,2,0,0,0,0,0,0,0,0,0
20382007,4086,0,2,0,0,0,0,0,0,0,0,0
20390596,4087,0,2,0,0,0,0,0,0,0,0,0
20394228,4088,0,2,0,0,0,0,0,0,0,0,0
20397872,4089,0,2,0,0,0,0,0,0,0,0,0
20401516,4090,0,2,0,0,0,0,0,0,0,0,0
20405161,4091,0,2,0,0,0,0,0,0,0,0,0
20408804,4092,0,2,0,0,0,0,0,0,0,0,0
20412448,4093,0,2,0,0,0,0,0,0,0,0,0
20416092,4094,0,2,0,0,0,0,0,0,0,0,0
20419736,4095,0,2,0,0,0,0,0,0,0,0,0
20423380,4096,0,2,0,0,0,0,0,0,0,0,0
20427025,4097,0,2,0,0,0,0,0,0,0,0,0
20430668,4098,0,2,0,0,0,0,0,0,0,0,0
20434312,4099,0,2,0,0,0,0,0,0,0,0,0
20437956,4100,0,2,0,0,0,0,0,0,0,0,0
20441601,4101,0,2,0,0,0,0,0,0,0,0,0
20445244,4102,0,2,0,0,0,0,0,0,0,0,0
20448888,4103,0,2,0,0,0,0,0,0,0,0,0
20452532,4104,0,2,0,0,0,0,0,0,0,0,0
20456176,4105,0,2,0,0,0,0,0,0,0,0,0
20459820,4106,0,2,0,0,0,0,0,0,0,0,0
20463464,4107,0,2,0,0,0,0,0,0,0,0,0
20467108,4108,0,2,0,0,0,0,0,0,0,0,0
20470752,4109,0,2,0,0,0,0,0,0,0,0,0
20474396,4110,0,2,0,0,0,0,0,0,0,0,0
20478041,4111,0,2,0,0,0,0,0,0,0,0,0
20481684,4112,0,2,0,0,0,0,0,0,0,0,0
20485328,4113,0,2,0,0,0,0,0,0,0,0,0
20488972,4114,0,2,0,0,0,0,0,0,0,0,0
20492616,4115,0,2,0,0,0,0,0,0,0,0,0
20496260,4116,0,2,0,0,0,0,0,0,0,0,0
20499904,4117,0,2,0,0,0,0,0,0,0,0,0
20503548,4118,0,2,0,0,0,0,0,0,0,0,0
20507192,4119,0,2,0,0,0,0,0,0,0,0,0
20510836,4120,0,2,0,0,0,0,0,0,0,0,0
20514481,4121,0,2,0,0,0,0,0,0,0,0,0
20518124,4122,0,2,0,0,0,0,0,0,0,0,0
20521768,4123,0,2,0,0,0,0,0,0,0,0,0
20525412,4124,0,2,0,0,0,0,0,0,0,0,0
20529056,4125,0,2,0,0,0,0,0,0,0,0,0
20532700,4126,0,2,0,0,0,0,0,0,0,0,0
20536344,4127,0,2,0,0,0,0,0,0,0,0,0
20539988,4128,0,2,0,0,0,0,0,0,0,0,0
20543632,4129,0,2,0,0,0,0,0,0,0,0,0
20547276,4130,0,2,0,0,0,0,0,0,0,0,0
20550921,4131,0,2,0,0,0,0,0,0,0,0,0
20554564,4132,0,2,0,0,0,0,0,0,0,0,0
20558208,4133,0,2,0,0,0,0,0,0,0,0,0
20561852,4134,0,2,0,0,0,0,0,0,0,0,0
20565496,4135,0,2,0,0,0,0,0,0,0,0,0
20569140,4136,0,2,0,0,0,0,0,0,0,0,0
20572784,4137,0,2,0,0,0,0,0,0,0,0,0
20576428,4138,0,2,0,0,0,0,0,0,0,0,0
20580072,4139,0,2,0,0,0,0,0,0,0,0,0
20583716,4140,0,2,0,0,0,0,0,0,0,0,0
20587361,4141,0,2,0,0,0,0,0,0,0,0,0
20591004,4142,0,2,0,0,0,0,0,0,0,0,0
20594648,4143,0,2,0,0,0,0,0,0,0,0,0
20598292,4144,0,2,0,0,0,0,0,0,0,0,0
20601936,4145,0,2,0,0,0,0,0,0,0,0,0
20605580,4146,0,2,0,0,0,0,0,0,0,0,0
20609224,4147,0,2,0,0,0,0,0,0,0,0,0
20612868,4148,0,2,0,0,0,0,0,0,0,0,0
20616512,4149,0,2,0,0,0,0,0,0,0,0,0
20620156,4150,0,2,0,0,0,0,0,0,0,0,0
20623801,4151,0,2,0,0,0,0,0,0,0,0,0
20627444,4152,0,2,0,0,0,0,0,0,0,0,0
20631088,4153,0,2,0,0,0,0,0,0,0,0,0
20634732,4154,0,2,0,0,0,0,0,0,0,0,0
20638376,4155,0,2,0,0,0,0,0,0,0,0,0
20642020,4156,0,2,0,0,0,0,0,0,0,0,0
20645664,4157,0,2,0,0,0,0,0,0,0,0,0
20649308,4158,0,2,0,0,0,0,0,0,0,0,0
20652952,4159,0,2,0,0,0,0,0,0,0,0,0
20656596,4160,0,2,0,0,0,0,0,0,0,0,0
20660241,4161,0,2,0,0,0,0,0,0,0,0,0
20663884,4162,0,2,0,0,0,0,0,0,0,0,0
20667528,4163,0,2,0,0,0,0,0,0,0,0,0
20671172,4164,0,2,0,0,0,0,0,0,0,0,0
20674816,4165,0,2,0,0,0,0,0,0,0,0,0
20678460,4166,0,2,0,0,0,0,0,0,0,0,0
20682104,4167,0,2,0,0,0,0,0,0,0,0,0
20685748,4168,0,2,0,0,0,0,0,0,0,0,0
20689392,4169,0,2,0,0,0,0,0,0,0,0,0
20693036,4170,0,2,0,0,0,0,0,0,0,0,0
20696681,4171,0,2,0,0,0,0,0,0,0,0,0
20700324,4172,0,2,0,0,0,0,0,0,0,0,0
20703968,4173,0,2,0,0,0,0,0,0,0,0,0
20707612,4174,0,2,0,0,0,0,0,0,0,0,0
20711256,4175,0,2,0,0,0,0,0,0,0,0,0
20714900,4176,0,2,0,0,0,0,0,0,0,0,0
20718544,4177,0,2,0,0,0,0,0,0,0,0,0
20722188,4178,0,2,0,0,0,0,0,0,0,0,0
20725832,4179,0,2,0,0,0,0,0,0,0,0,0
20729476,4180,0,2,0,0,0,0,0,0,0,0,0
20733121,4181,0,2,0,0,0,0,0,0,0,0,0
20736764,4182,0,2,0,0,0,0,0,0,0,0,0
20740408,4183,0,2,0,0,0,0,0,0,0,0,0
20744053,4184,0,2,0,0,0,0,0,0,0,0,0
20747696,4185,0,2,0,0,0,0,0,0,0,0,0
20751340,4186,0,2,0,0,0,0,0,0,0,0,0
20754984,4187,0,2,0,0,0,0,0,0,0,0,0
20758628,4188,0,2,0,0,0,0,0,0,0,0,0
20762272,4189,0,2,0,0,0,0,0,0,0,0,0
20765916,4190,0,2,0,0,0,0,0,0,0,0,0
20769561,4191,0,2,0,0,0,0,0,0,0,0,0
20773204,4192,0,2,0,0,0,0,0,0,0,0,0
20776848,4193,0,2,0,0,0,0,0,0,0,0,0
20780492,4194,0,2,0,0,0,0,0,0,0,0,0
20784136,4195,0,2,0,0,0,0,0,0,0,0,0
20787780,4196,0,2,0,0,0,0,0,0,0,0,0
20791424,4197,0,2,0,0,0,0,0,0,0,0,0
20795068,4198,0,2,0,0,0,0,0,0,0,0,0
20798712,4199,0,2,0,0,0,0,0,0,0,0,0
20802356,4200,0,2,0,0,0,0,0,0,0,0,0
20806001,4201,0,2,0,0,0,0,0,0,0,0,0
20809644,4202,0,2,0,0,0,0,0,0,0,0,0
20813288,4203,0,2,0,0,0,0,0,0,0,0,0
20816932,4204,0,2,0,0,0,0,0,0,0,0,0
20820576,4205,0,2,0,0,0,0,0,0,0,0,0
20824220,4206,0,2,0,0,0,0,0,0,0,0,0
20827864,4207,0,2,0,0,0,0,0,0,0,0,0
20831508,4208,0,2,0,0,0,0,0,0,0,0,0
20835152,4209,0,2,0,0,0,0,0,0,0,0,0
20838796,4210,0,2,0,0,0,0,0,0,0,0,0
20842441,4211,0,2,0,0,0,0,0,0,0,0,0
20846084,4212,0,2,0,0,0,0,0,0,0,0,0
20849728,4213,0,2,0,0,0,0,0,0,0,0,0
20853372,4214,0,2,0,0,0,0,0,0,0,0,0
20857016,4215,0,2,0,0,0,0,0,0,0,0,0
20860660,4216,0,2,0,0,0,0,0,0,0,0,0
20864304,4217,0,2,0,0,0,0,0,0,0,0,0
20867948,4218,0,2,0,0,0,0,0,0,0,0,0
20871592,4219,0,2,0,0,0,0,0,0,0,0,0
20875236,4220,0,2,0,0,0,0,0,0,0,0,0
20878881,4221,0,2,0,0,0,0,0,0,0,0,0
20882524,4222,0,2,0,0,0,0,0,0,0,0,0
20886168,4223,0,2,0,0,0,0,0,0,0,0,0
20889812,4224,0,2,0,0,0,0,0,0,0,0,0
20893456,4225,0,2,0,0,0,0,0,0,0,0,0
20897100,4226,0,2,0,0,0,0,0,0,0,0,0
20900744,4227,0,2,0,0,0,0,0,0,0,0,0
20904388,4228,0,2,0,0,0,0,0,0,0,0,0
20908033,4229,0,2,0,0,0,0,0,0,0,0,0
20911676,4230,0,2,0,0,0,0,0,0,0,0,0
20915321,4231,0,2,0,0,0,0,0,0,0,0,0
20918964,4232,0,2,0,0,0,0,0,0,0,0,0
20922608,4233,0,2,0,0,0,0,0,0,0,0,0
20926252,4234,0,2,0,0,0,0,0,0,0,0,0
20929896,4235,0,2,0,0,0,0,0,0,0,0,0
20933540,4236,0,2,0,0,0,0,0,0,0,0,0
20937184,4237,0,2,0,0,0,0,0,0,0,0,0
20940828,4238,0,2,0,0,0,0,0,0,0,0,0
20944472,4239,0,2,0,0,0,0,0,0,0,0,0
20948116,4240,0,2,0,0,0,0,0,0,0,0,0
20951761,4241,0,2,0,0,0,0,0,0,0,0,0
20955404,4242,0,2,0,0,0,0,0,0,0,0,0
20959048,4243,0,2,0,0,0,0,0,0,0,0,0
20962692,4244,0,2,0,0,0,0,0,0,0,0,0
20966336,4245,0,2,0,0,0,0,0,0,0,0,0
20969980,4246,0,2,0,0,0,0,0,0,0,0,0
20973624,4247,0,2,0,0,0,0,0,0,0,0,0
20977268,4248,0,2,0,0,0,0,0,0,0,0,0
20980912,4249,0,2,0,0,0,0,0,0,0,0,0
20984556,4250,0,2,0,0,0,0,0,0,0,0,0
20988201,4251,0,2,0,0,0,0,0,0,0,0,0
20991844,4252,0,2,0,0,0,0,0,0,0,0,0
20995488,4253,0,2,0,0,0,0,0,0,0,0,0
20999132,4254,0,2,0,0,0,0,0,0,0,0,0
21002776,4255,0,2,0,0,0,0,0,0,0,0,0
21006420,4256,0,2,0,0,0,0,0,0,0,0,0
21010064,4257,0,2,0,0,0,0,0,0,0,0,0
21013708,4258,0,2,0,0,0,0,0,0,0,0,0
21017352,4259,0,2,0,0,0,0,0,0,0,0,0
21020996,4260,0,2,0,0,0,0,0,0,0,0,0
21024641,4261,0,2,0,0,0,0,0,0,0,0,0
21028284,4262,0,2,0,0,0,0,0,0,0,0,0
21031928,4263,0,2,0,0,0,0,0,0,0,0,0
21035572,4264,0,2,0,0,0,0,0,0,0,0,0
21039216,4265,0,2,0,0,0,0,0,0,0,0,0
21042860,4266,0,2,0,0,0,0,0,0,0,0,0
21046504,4267,0,2,0,0,0,0,0,0,0,0,0
21050148,4268,0,2,0,0,0,0,0,0,0,0,0
21053792,4269,0,2,0,0,0,0,0,0,0,0,0
21057436,4270,0,2,0,0,0,0,0,0,0,0,0
21061081,4271,0,2,0,0,0,0,0,0,0,0,0
21064724,4272,0,2,0,0,0,0,0,0,0,0,0
21068368,4273,0,2,0,0,0,0,0,0,0,0,0
21072012,4274,0,2,0,0,0,0,0,0,0,0,0
21075656,4275,0,2,0,0,0,0,0,0,0,0,0
21079300,4276,0,2,0,0,0,0,0,0,0,0,0
21082944,4277,0,2,0,0,0,0,0,0,0,0,0
21086588,4278,0,2,0,0,0,0,0,0,0,0,0
21090232,4279,0,2,0,0,0,0,0,0,0,0,0
21093876,4280,0,2,0,0,0,0,0,0,0,0,0
21097521,4281,0,2,0,0,0,0,0,0,0,0,0
21101164,4282,0,2,0,0,0,0,0,0,0,0,0
21104808,4283,0,2,0,0,0,0,0,0,0,0,0
21108452,4284,0,2,0,0,0,0,0,0,0,0,0
21112096,4285,0,2,0,0,0,0,0,0,0,0,0
21115740,4286,0,2,0,0,0,0,0,0,0,0,0
21119384,4287,0,2,0,0,0,0,0,0,0,0,0
21123028,4288,0,2,0,0,0,0,0,0,0,0,0
21126672,4289,0,2,0,0,0,0,0,0,0,0,0
21130316,4290,0,2,0,0,0,0,0,0,0,0,0
21133961,4291,0,2,0,0,0,0,0,0,0,0,0
21137604,4292,0,2,0,0,0,0,0,0,0,0,0
21141248,4293,0,2,0,0,0,0,0,0,0,0,0
21144892,4294,0,2,0,0,0,0,0,0,0,0,0
21148536,4295,0,2,0,0,0,0,0,0,0,0,0
21152180,4296,0,2,0,0,0,0,0,0,0,0,0
21155824,4297,0,2,0,0,0,0,0,0,0,0,0
21159468,4298,0,2,0,0,0,0,0,0,0,0,0
21163112,4299,0,2,0,0,0,0,0,0,0,0,0
21166756,4300,0,2,0,0,0,0,0,0,0,0,0
21170400,4301,0,2,0,0,0,0,0,0,0,0,0
21174044,4302,0,2,0,0,0,0,0,0,0,0,0
21177688,4303,0,2,0,0,0,0,0,0,0,0,0
21181332,4304,0,2,0,0,0,0,0,0,0,0,0
21184976,4305,0,2,0,0,0,0,0,0,0,0,0
21188620,4306,0,2,0,0,0,0,0,0,0,0,0
21192264,4307,0,2,0,0,0,0,0,0,0,0,0
21195908,4308,0,2,0,0,0,0,0,0,0,0,0
21199552,4309,0,2,0,0,0,0,0,0,0,0,0
21203196,4310,0,2,0,0,0,0,0,0,0,0,0
21206841,4311,0,2,0,0,0,0,0,0,0,0,0
21210484,4312,0,2,0,0,0,0,0,0,0,0,0
21214128,4313,0,2,0,0,0,0,0,0,0,0,0
21224508,4314,0,2,0,0,0,0,0,0,0,0,0
21228140,4315,0,2,0,0,0,0,0,0,0,0,0
21231784,4316,0,2,0,0,0,0,0,0,0,0,0
21235428,4317,0,2,0,0,0,0,0,0,0,0,0
21239072,4318,0,2,0,0,0,0,0,0,0,0,0
21242716,4319,0,2,0,0,0,0,0,0,0,0,0
21246360,4320,0,2,0,0,0,0,0,0,0,0,0
21250005,4321,0,2,0,0,0,0,0,0,0,0,0
21253648,4322,0,2,0,0,0,0,0,0,0,0,0
21257292,4323,0,2,0,0,0,0,0,0,0,0,0
21260936,4324,0,2,0,0,0,0,0,0,0,0,0
21264580,4325,0,2,0,0,0,0,0,0,0,0,0
21268224,4326,0,2,0,0,0,0,0,0,0,0,0
21271868,4327,0,2,0,0,0,0,0,0,0,0,0
21275512,4328,0,2,0,0,0,0,0,0,0,0,0
21279156,4329,0,2,0,0,0,0,0,0,0,0,0
21282800,4330,0,2,0,0,0,0,0,0,0,0,0
21286445,4331,0,2,0,0,0,0,0,0,0,0,0
21290088,4332,0,2,0,0,0,0,0,0,0,0,0
21293732,4333,0,2,0,0,0,0,0,0,0,0,0
21297376,4334,0,2,0,0,0,0,0,0,0,0,0
21301020,4335,0,2,0,0,0,0,0,0,0,0,0
21304664,4336,0,2,0,0,0,0,0,0,0,0,0
21308308,4337,0,2,0,0,0,0,0,0,0,0,0
21311952,4338,0,2,0,0,0,0,0,0,0,0,0
21315596,4339,0,2,0,0,0,0,0,0,0,0,0
21319240,4340,0,2,0,0,0,0,0,0,0,0,0
21322885,4341,0,2,0,0,0,0,0,0,0,0,0
21326528,4342,0,2,0,0,0,0,0,0,0,0,0
21330172,4343,0,2,0,0,0,0,0,0,0,0,0
21333816,4344,0,2,0,0,0,0,0,0,0,0,0
21337460,4345,0,2,0,0,0,0,0,0,0,0,0
21341104,4346,0,2,0,0,0,0,0,0,0,0,0
21344748,4347,0,2,0,0,0,0,0,0,0,0,0
21348392,4348,0,2,0,0,0,0,0,0,0,0,0
21352036,4349,0,2,0,0,0,0,0,0,0,0,0
21355680,4350,0,2,0,0,0,0,0,0,0,0,0
21359325,4351,0,2,0,0,0,0,0,0,0,0,0
21362968,4352,0,2,0,0,0,0,0,0,0,0,0
21366612,4353,0,2,0,0,0,0,0,0,0,0,0
21370256,4354,0,2,0,0,0,0,0,0,0,0,0
21373900,4355,0,2,0,0,0,0,0,0,0,0,0
21377544,4356,0,2,0,0,0,0,0,0,0,0,0
21381188,4357,0,2,0,0,0,0,0,0,0,0,0
21384832,4358,0,2,0,0,0,0,0,0,0,0,0
21388476,4359,0,2,0,0,0,0,0,0,0,0,0
21392120,4360,0,2,0,0,0,0,0,0,0,0,0
21395765,4361,0,2,0,0,0,0,0,0,0,0,0
21399408,4362,0,2,0,0,0,0,0,0,0,0,0
21403052,4363,0,2,0,0,0,0,0,0,0,0,0
21406696,4364,0,2,0,0,0,0,0,0,0,0,0
21410340,4365,0,2,0,0,0,0,0,0,0,0,0
21413984,4366,0,2,0,0,0,0,0,0,0,0,0
21417628,4367,0,2,0,0,0,0,0,0,0,0,0
21421272,4368,0,2,0,0,0,0,0,0,0,0,0
21424916,4369,0,2,0,0,0,0,0,0,0,0,0
21428560,4370,0,2,0,0,0,0,0,0,0,0,0
21432205,4371,0,2,0,0,0,0,0,0,0,0,0
21435848,4372,0,2,0,0,0,0,0,0,0,0,0
21439492,4373,0,2,0,0,0,0,0,0,0,0,0
21443136,4374,0,2,0,0,0,0,0,0,0,0,0
21446780,4375,0,2,0,0,0,0,0,0,0,0,0
21450424,4376,0,2,0,0,0,0,0,0,0,0,0
21454068,4377,0,2,0,0,0,0,0,0,0,0,0
21457712,4378,0,2,0,0,0,0,0,0,0,0,0
21461356,4379,0,2,0,0,0,0,0,0,0,0,0
21465000,4380,0,2,0,0,0,0,0,0,0,0,0
21468645,4381,0,2,0,0,0,0,0,0,0,0,0
21472288,4382,0,2,0,0,0,0,0,0,0,0,0
21475932,4383,0,2,0,0,0,0,0,0,0,0,0
21479576,4384,0,2,0,0,0,0,0,0,0,0,0
21483220,4385,0,2,0,0,0,0,0,0,0,0,0
21486864,4386,0,2,0,0,0,0,0,0,0,0,0
21490508,4387,0,2,0,0,0,0,0,0,0,0,0
21494152,4388,0,2,0,0,0,0,0,0,0,0,0
21497796,4389,0,2,0,0,0,0,0,0,0,0,0
21501440,4390,0,2,0,0,0,0,0,0,0,0,0
21505085,4391,0,2,0,0,0,0,0,0,0,0,0
21508728,4392,0,2,0,0,0,0,0,0,0,0,0
21512372,4393,0,2,0,0,0,0,0,0,0,0,0
21516017,4394,0,2,0,0,0,0,0,0,0,0,0
21519660,4395,0,2,0,0,0,0,0,0,0,0,0
21523304,4396,0,2,0,0,0,0,0,0,0,0,0
21526948,4397,0,2,0,0,0,0,0,0,0,0,0
21530592,4398,0,2,0,0,0,0,0,0,0,0,0
21534236,4399,0,2,0,0,0,0,0,0,0,0,0
21537880,4400,0,2,0,0,0,0,0,0,0,0,0
21541525,4401,0,2,0,0,0,0,0,0,0,0,0
21545168,4402,0,2,0,0,0,0,0,0,0,0,0
21548812,4403,0,2,0,0,0,0,0,0,0,0,0
21552456,4404,0,2,0,0,0,0,0,0,0,0,0
21556100,4405,0,2,0,0,0,0,0,0,0,0,0
21559744,4406,0,2,0,0,0,0,0,0,0,0,0
21563388,4407,0,2,0,0,0,0,0,0,0,0,0
21567033,4408,0,2,0,0,0,0,0,0,0,0,0
21570676,4409,0,2,0,0,0,0,0,0,0,0,0
21574320,4410,0,2,0,0,0,0,0,0,0,0,0
21577965,4411,0,2,0,0,0,0,0,0,0,0,0
21581608,4412,0,2,0,0,0,0,0,0,0,0,0
21585252,4413,0,2,0,0,0,0,0,0,0,0,0
21588896,4414,0,2,0,0,0,0,0,0,0,0,0
21592540,4415,0,2,0,0,0,0,0,0,0,0,0
21596184,4416,0,2,0,0,0,0,0,0,0,0,0
21599828,4417,0,2,0,0,0,0,0,0,0,0,0
21603472,4418,0,2,0,0,0,0,0,0,0,0,0
21607116,4419,0,2,0,0,0,0,0,0,0,0,0
21610760,4420,0,2,0,0,0,0,0,0,0,0,0
21614405,4421,0,2,0,0,0,0,0,0,0,0,0
21618048,4422,0,2,0,0,0,0,0,0,0,0,0
21621692,4423,0,2,0,0,0,0,0,0,0,0,0
21625336,4424,0,2,0,0,0,0,0,0,0,0,0
21628980,4425,0,2,0,0,0,0,0,0,0,0,0
21632624,4426,0,2,0,0,0,0,0,0,0,0,0
21636268,4427,0,2,0,0,0,0,0,0,0,0,0
21639912,4428,0,2,0,0,0,0,0,0,0,0,0
21643556,4429,0,2,0,0,0,0,0,0,0,0,0
21647200,4430,0,2,0,0,0,0,0,0,0,0,0
21650845,4431,0,2,0,0,0,0,0,0,0,0,0
21654488,4432,0,2,0,0,0,0,0,0,0,0,0
21658132,4433,0,2,0,0,0,0,0,0,0,0,0
21661776,4434,0,2,0,0,0,0,0,0,0,0,0
21665420,4435,0,2,0,0,0,0,0,0,0,0,0
21669064,4436,0,2,0,0,0,0,0,0,0,0,0
21672708,4437,0,2,0,0,0,0,0,0,0,0,0
21676352,4438,0,2,0,0,0,0,0,0,0,0,0
21679996,4439,0,2,0,0,0,0,0,0,0,0,0
21683640,4440,0,2,0,0,0,0,0,0,0,0,0
21687285,4441,0,2,0,0,0,0,0,0,0,0,0
21690928,4442,0,2,0,0,0,0,0,0,0,0,0
21694572,4443,0,2,0,0,0,0,0,0,0,0,0
21698216,4444,0,2,0,0,0,0,0,0,0,0,0
21701860,4445,0,2,0,0,0,0,0,0,0,0,0
21705504,4446,0,2,0,0,0,0,0,0,0,0,0
21709148,4447,0,2,0,0,0,0,0,0,0,0,0
21712792,4448,0,2,0,0,0,0,0,0,0,0,0
21716436,4449,0,2,0,0,0,0,0,0,0,0,0
21720081,4450,0,2,0,0,0,0,0,0,0,0,0
21723725,4451,0,2,0,0,0,0,0,0,0,0,0
21727368,4452,0,2,0,0,0,0,0,0,0,0,0
21731012,4453,0,2,0,0,0,0,0,0,0,0,0
21734656,4454,0,2,0,0,0,0,0,0,0,0,0
21738300,4455,0,2,0,0,0,0,0,0,0,0,0
21741944,4456,0,2,0,0,0,0,0,0,0,0,0
21745588,4457,0,2,0,0,0,0,0,0,0,0,0
21749232,4458,0,2,0,0,0,0,0,0,0,0,0
21752876,4459,0,2,0,0,0,0,0,0,0,0,0
21756520,4460,0,2,0,0,0,0,0,0,0,0,0
21760165,4461,0,2,0,0,0,0,0,0,0,0,0
21763808,4462,0,2,0,0,0,0,0,0,0,0,0
21767452,4463,0,2,0,0,0,0,0,0,0,0,0
21771097,4464,0,2,0,0,0,0,0,0,0,0,0
21774740,4465,0,2,0,0,0,0,0,0,0,0,0
21778384,4466,0,2,0,0,0,0,0,0,0,0,0
21782028,4467,0,2,0,0,0,0,0,0,0,0,0
21785672,4468,0,2,0,0,0,0,0,0,0,0,0
21789316,4469,0,2,0,0,0,0,0,0,0,0,0
21792960,4470,0,2,0,0,0,0,0,0,0,0,0
21796605,4471,0,2,0,0,0,0,0,0,0,0,0
21800248,4472,0,2,0,0,0,0,0,0,0,0,0
21803892,4473,0,2,0,0,0,0,0,0,0,0,0
21807536,4474,0,2,0,0,0,0,0,0,0,0,0
21811180,4475,0,2,0,0,0,0,0,0,0,0,0
21814824,4476,0,2,0,0,0,0,0,0,0,0,0
21818468,4477,0,2,0,0,0,0,0,0,0,0,0
21822112,4478,0,2,0,0,0,0,0,0,0,0,0
21825756,4479,0,2,0,0,0,0,0,0,0,0,0
21829400,4480,0,2,0,0,0,0,0,0,0,0,0
21833045,4481,0,2,0,0,0,0,0,0,0,0,0
21836688,4482,0,2,0,0,0,0,0,0,0,0,0
21840332,4483,0,2,0,0,0,0,0,0,0,0,0
21843976,4484,0,2,0,0,0,0,0,0,0,0,0
21847620,4485,0,2,0,0,0,0,0,0,0,0,0
21851264,4486,0,2,0,0,0,0,0,0,0,0,0
21854908,4487,0,2,0,0,0,0,0,0,0,0,0
21858552,4488,0,2,0,0,0,0,0,0,0,0,0
21862196,4489,0,2,0,0,0,0,0,0,0,0,0
21865840,4490,0,2,0,0,0,0,0,0,0,0,0
21869485,4491,0,2,0,0,0,0,0,0,0,0,0
21873128,4492,0,2,0,0,0,0,0,0,0,0,0
21876772,4493,0,2,0,0,0,0,0,0,0,0,0
21880416,4494,0,2,0,0,0,0,0,0,0,0,0
21884060,4495,0,2,0,0,0,0,0,0,0,0,0
21887704,4496,0,2,0,0,0,0,0,0,0,0,0
21891348,4497,0,2,0,0,0,0,0,0,0,0,0
21894992,4498,0,2,0,0,0,0,0,0,0,0,0
21898636,4499,0,2,0,0,0,0,0,0,0,0,0
21902280,4500,0,2,0,0,0,0,0,0,0,0,0
21905925,4501,0,2,0,0,0,0,0,0,0,0,0
21909568,4502,0,2,0,0,0,0,0,0,0,0,0
21913212,4503,0,2,0,0,0,0,0,0,0,0,0
21916856,4504,0,2,0,0,0,0,0,0,0,0,0
21920500,4505,0,2,0,0,0,0,0,0,0,0,0
21924144,4506,0,2,0,0,0,0,0,0,0,0,0
21927788,4507,0,2,0,0,0,0,0,0,0,0,0
21931432,4508,0,2,0,0,0,0,0,0,0,0,0
21935076,4509,0,2,0,0,0,0,0,0,0,0,0
21938720,4510,0,2,0,0,0,0,0,0,0,0,0
21942365,4511,0,2,0,0,0,0,0,0,0,0,0
21946008,4512,0,2,0,0,0,0,0,0,0,0,0
21949652,4513,0,2,0,0,0,0,0,0,0,0,0
21953296,4514,0,2,0,0,0,0,0,0,0,0,0
21956940,4515,0,2,0,0,0,0,0,0,0,0,0
21960584,4516,0,2,0,0,0,0,0,0,0,0,0
21964228,4517,0,2,0,0,0,0,0,0,0,0,0
21967872,4518,0,2,0,0,0,0,0,0,0,0,0
21971516,4519,0,2,0,0,0,0,0,0,0,0,0
21975160,4520,0,2,0,0,0,0,0,0,0,0,0
21978805,4521,0,2,0,0,0,0,0,0,0,0,0
21982448,4522,0,2,0,0,0,0,0,0,0,0,0
21986092,4523,0,2,0,0,0,0,0,0,0,0,0
21989736,4524,0,2,0,0,0,0,0,0,0,0,0
21993380,4525,0,2,0,0,0,0,0,0,0,0,0
21997024,4526,0,2,0,0,0,0,0,0,0,0,0
22000668,4527,0,2,0,0,0,0,0,0,0,0,0
22004312,4528,0,2,0,0,0,0,0,0,0,0,0
22007956,4529,0,2,0,0,0,0,0,0,0,0,0
22011600,4530,0,2,0,0,0,0,0,0,0,0,0
22015245,4531,0,2,0,0,0,0,0,0,0,0,0
22018888,4532,0,2,0,0,0,0,0,0,0,0,0
22022532,4533,0,2,0,0,0,0,0,0,0,0,0
22026176,4534,0,2,0,0,0,0,0,0,0,0,0
22029820,4535,0,2,0,0,0,0,0,0,0,0,0
22033464,4536,0,2,0,0,0,0,0,0,0,0,0
22037108,4537,0,2,0,0,0,0,0,0,0,0,0
22040752,4538,0,2,0,0,0,0,0,0,0,0,0
22044396,4539,0,2,0,0,0,0,0,0,0,0,0
22048040,4540,0,2,0,0,0,0,0,0,0,0,0
22057019,4541,0,2,0,0,0,0,0,0,0,0,0
22060651,4542,0,2,0,0,0,0,0,0,0,0,0
22064295,4543,0,2,0,0,0,0,0,0,0,0,0
22067939,4544,0,2,0,0,0,0,0,0,0,0,0
22071583,4545,0,2,0,0,0,0,0,0,0,0,0
22075227,4546,0,2,0,0,0,0,0,0,0,0,0
22078871,4547,0,2,0,0,0,0,0,0,0,0,0
22082515,4548,0,2,0,0,0,0,0,0,0,0,0
22086159,4549,0,2,0,0,0,0,0,0,0,0,0
22089803,4550,0,2,0,0,0,0,0,0,0,0,0
22093448,4551,0,2,0,0,0,0,0,0,0,0,0
22097091,4552,0,2,0,0,0,0,0,0,0,0,0
22100735,4553,0,2,0,0,0,0,0,0,0,0,0
22104379,4554,0,2,0,0,0,0,0,0,0,0,0
22108024,4555,0,2,0,0,0,0,0,0,0,0,0
22111667,4556,0,2,0,0,0,0,0,0,0,0,0
22115311,4557,0,2,0,0,0,0,0,0,0,0,0
22118955,4558,0,2,0,0,0,0,0,0,0,0,0
22122599,4559,0,2,0,0,0,0,0,0,0,0,0
22126243,4560,0,2,0,0,0,0,0,0,0,0,0
22129888,4561,0,2,0,0,0,0,0,0,0,0,0
22133531,4562,0,2,0,0,0,0,0,0,0,0,0
22137175,4563,0,2,0,0,0,0,0,0,0,0,0
22140819,4564,0,2,0,0,0,0,0,0,0,0,0
22144463,4565,0,2,0,0,0,0,0,0,0,0,0
22148107,4566,0,2,0,0,0,0,0,0,0,0,0
22151751,4567,0,2,0,0,0,0,0,0,0,0,0
22155395,4568,0,2,0,0,0,0,0,0,0,0,0
22159039,4569,0,2,0,0,0,0,0,0,0,0,0
22162683,4570,0,2,0,0,0,0,0,0,0,0,0
22166328,4571,0,2,0,0,0,0,0,0,0,0,0
22169971,4572,0,2,0,0,0,0,0,0,0,0,0
22173615,4573,0,2,0,0,0,0,0,0,0,0,0
22177259,4574,0,2,0,0,0,0,0,0,0,0,0
22180903,4575,0,2,0,0,0,0,0,0,0,0,0
22184547,4576,0,2,0,0,0,0,0,0,0,0,0
22188191,4577,0,2,0,0,0,0,0,0,0,0,0
22191835,4578,0,2,0,0,0,0,0,0,0,0,0
22195479,4579,0,2,0,0,0,0,0,0,0,0,0
22199123,4580,0,2,0,0,0,0,0,0,0,0,0
22202768,4581,0,2,0,0,0,0,0,0,0,0,0
22206411,4582,0,2,0,0,0,0,0,0,0,0,0
22210055,4583,0,2,0,0,0,0,0,0,0,0,0
22213699,4584,0,2,0,0,0,0,0,0,0,0,0
22217343,4585,0,2,0,0,0,0,0,0,0,0,0
22220987,4586,0,2,0,0,0,0,0,0,0,0,0
22224631,4587,0,2,0,0,0,0,0,0,0,0,0
22228275,4588,0,2,0,0,0,0,0,0,0,0,0
22231919,4589,0,2,0,0,0,0,0,0,0,0,0
22235563,4590,0,2,0,0,0,0,0,0,0,0,0
22239208,4591,0,2,0,0,0,0,0,0,0,0,0
22242851,4592,0,2,0,0,0,0,0,0,0,0,0
22246495,4593,0,2,0,0,0,0,0,0,0,0,0
22250139,4594,0,2,0,0,0,0,0,0,0,0,0
22253783,4595,0,2,0,0,0,0,0,0,0,0,0
22257427,4596,0,2,0,0,0,0,0,0,0,0,0
22261071,4597,0,2,0,0,0,0,0,0,0,0,0
22264715,4598,0,2,0,0,0,0,0,0,0,0,0
22268359,4599,0,2,0,0,0,0,0,0,0,0,0
22272003,4600,0,2,0,0,0,0,0,0,0,0,0
22275648,4601,0,2,0,0,0,0,0,0,0,0,0
22279291,4602,0,2,0,0,0,0,0,0,0,0,0
22282935,4603,0,2,0,0,0,0,0,0,0,0,0
22286579,4604,0,2,0,0,0,0,0,0,0,0,0
22290223,4605,0,2,0,0,0,0,0,0,0,0,0
22293867,4606,0,2,0,0,0,0,0,0,0,0,0
22297511,4607,0,2,0,0,0,0,0,0,0,0,0
22301155,4608,0,2,0,0,0,0,0,0,0,0,0
22304799,4609,0,2,0,0,0,0,0,0,0,0,0
22308443,4610,0,2,0,0,0,0,0,0,0,0,0
22312088,4611,0,2,0,0,0,0,0,0,0,0,0
22315731,4612,0,2,0,0,0,0,0,0,0,0,0
22319375,4613,0,2,0,0,0,0,0,0,0,0,0
22323019,4614,0,2,0,0,0,0,0,0,0,0,0
22326663,4615,0,2,0,0,0,0,0,0,0,0,0
22330307,4616,0,2,0,0,0,0,0,0,0,0,0
22333951,4617,0,2,0,0,0,0,0,0,0,0,0
22337595,4618,0,2,0,0,0,0,0,0,0,0,0
22341239,4619,0,2,0,0,0,0,0,0,0,0,0
22344883,4620,0,2,0,0,0,0,0,0,0,0,0
22348528,4621,0,2,0,0,0,0,0,0,0,0,0
22352171,4622,0,2,0,0,0,0,0,0,0,0,0
22355815,4623,0,2,0,0,0,0,0,0,0,0,0
22359459,4624,0,2,0,0,0,0,0,0,0,0,0
22363103,4625,0,2,0,0,0,0,0,0,0,0,0
22366747,4626,0,2,0,0,0,0,0,0,0,0,0
22370391,4627,0,2,0,0,0,0,0,0,0,0,0
22374035,4628,0,2,0,0,0,0,0,0,0,0,0
22377679,4629,0,2,0,0,0,0,0,0,0,0,0
22381323,4630,0,2,0,0,0,0,0,0,0,0,0
22384968,4631,0,2,0,0,0,0,0,0,0,0,0
22388611,4632,0,2,0,0,0,0,0,0,0,0,0
22392255,4633,0,2,0,0,0,0,0,0,0,0,0
22395899,4634,0,2,0,0,0,0,0,0,0,0,0
22399543,4635,0,2,0,0,0,0,0,0,0,0,0
22403187,4636,0,2,0,0,0,0,0,0,0,0,0
22406831,4637,0,2,0,0,0,0,0,0,0,0,0
22410475,4638,0,2,0,0,0,0,0,0,0,0,0
22414119,4639,0,2,0,0,0,0,0,0,0,0,0
22417763,4640,0,2,0,0,0,0,0,0,0,0,0
22421408,4641,0,2,0,0,0,0,0,0,0,0,0
22425052,4642,0,2,0,0,0,0,0,0,0,0,0
22428695,4643,0,2,0,0,0,0,0,0,0,0,0
22432339,4644,0,2,0,0,0,0,0,0,0,0,0
22435983,4645,0,2,0,0,0,0,0,0,0,0,0
22439627,4646,0,2,0,0,0,0,0,0,0,0,0
22443271,4647,0,2,0,0,0,0,0,0,0,0,0
22446915,4648,0,2,0,0,0,0,0,0,0,0,0
22450559,4649,0,2,0,0,0,0,0,0,0,0,0
22454203,4650,0,2,0,0,0,0,0,0,0,0,0
22457848,4651,0,2,0,0,0,0,0,0,0,0,0
22461491,4652,0,2,0,0,0,0,0,0,0,0,0
22465135,4653,0,2,0,0,0,0,0,0,0,0,0
22468779,4654,0,2,0,0,0,0,0,0,0,0,0
22472423,4655,0,2,0,0,0,0,0,0,0,0,0
22476067,4656,0,2,0,0,0,0,0,0,0,0,0
22479711,4657,0,2,0,0,0,0,0,0,0,0,0
22483355,4658,0,2,0,0,0,0,0,0,0,0,0
22486999,4659,0,2,0,0,0,0,0,0,0,0,0
22490643,4660,0,2,0,0,0,0,0,0,0,0,0
22494288,4661,0,2,0,0,0,0,0,0,0,0,0
22497931,4662,0,2,0,0,0,0,0,0,0,0,0
22501575,4663,0,2,0,0,0,0,0,0,0,0,0
22505219,4664,0,2,0,0,0,0,0,0,0,0,0
22508863,4665,0,2,0,0,0,0,0,0,0,0,0
22512507,4666,0,2,0,0,0,0,0,0,0,0,0
22516151,4667,0,2,0,0,0,0,0,0,0,0,0
22519795,4668,0,2,0,0,0,0,0,0,0,0,0
22523439,4669,0,2,0,0,0,0,0,0,0,0,0
22527083,4670,0,2,0,0,0,0,0,0,0,0,0
22530728,4671,0,2,0,0,0,0,0,0,0,0,0
22534371,4672,0,2,0,0,0,0,0,0,0,0,0
22538015,4673,0,2,0,0,0,0,0,0,0,0,0
22541659,4674,0,2,0,0,0,0,0,0,0,0,0
22545303,4675,0,2,0,0,0,0,0,0,0,0,0
22548947,4676,0,2,0,0,0,0,0,0,0,0,0
22552591,4677,0,2,0,0,0,0,0,0,0,0,0
22556235,4678,0,2,0,0,0,0,0,0,0,0,0
22559879,4679,0,2,0,0,0,0,0,0,0,0,0
22563523,4680,0,2,0,0,0,0,0,0,0,0,0
22567168,4681,0,2,0,0,0,0,0,0,0,0,0
22570811,4682,0,2,0,0,0,0,0,0,0,0,0
22574455,4683,0,2,0,0,0,0,0,0,0,0,0
22578099,4684,0,2,0,0,0,0,0,0,0,0,0
22581743,4685,0,2,0,0,0,0,0,0,0,0,0
22585387,4686,0,2,0,0,0,0,0,0,0,0,0
22589031,4687,0,2,0,0,0,0,0,0,0,0,0
22592675,4688,0,2,0,0,0,0,0,0,0,0,0
22596319,4689,0,2,0,0,0,0,0,0,0,0,0
22599963,4690,0,2,0,0,0,0,0,0,0,0,0
22603608,4691,0,2,0,0,0,0,0,0,0,0,0
22607251,4692,0,2,0,0,0,0,0,0,0,0,0
22610895,4693,0,2,0,0,0,0,0,0,0,0,0
22614539,4694,0,2,0,0,0,0,0,0,0,0,0
22618183,4695,0,2,0,0,0,0,0,0,0,0,0
22621827,4696,0,2,0,0,0,0,0,0,0,0,0
22625471,4697,0,2,0,0,0,0,0,0,0,0,0
22629115,4698,0,2,0,0,0,0,0,0,0,0,0
22632759,4699,0,2,0,0,0,0,0,0,0,0,0
22636403,4700,0,2,0,0,0,0,0,0,0,0,0
22640048,4701,0,2,0,0,0,0,0,0,0,0,0
22643691,4702,0,2,0,0,0,0,0,0,0,0,0
22647335,4703,0,2,0,0,0,0,0,0,0,0,0
22650979,4704,0,2,0,0,0,0,0,0,0,0,0
22654623,4705,0,2,0,0,0,0,0,0,0,0,0
22658267,4706,0,2,0,0,0,0,0,0,0,0,0
22661911,4707,0,2,0,0,0,0,0,0,0,0,0
22665555,4708,0,2,0,0,0,0,0,0,0,0,0
22669199,4709,0,2,0,0,0,0,0,0,0,0,0
22672843,4710,0,2,0,0,0,0,0,0,0,0,0
22676488,4711,0,2,0,0,0,0,0,0,0,0,0
22680131,4712,0,2,0,0,0,0,0,0,0,0,0
22683775,4713,0,2,0,0,0,0,0,0,0,0,0
22687419,4714,0,2,0,0,0,0,0,0,0,0,0
22691063,4715,0,2,0,0,0,0,0,0,0,0,0
22694707,4716,0,2,0,0,0,0,0,0,0,0,0
22698351,4717,0,2,0,0,0,0,0,0,0,0,0
22701995,4718,0,2,0,0,0,0,0,0,0,0,0
22705639,4719,0,2,0,0,0,0,0,0,0,0,0
22709283,4720,0,2,0,0,0,0,0,0,0,0,0
22712928,4721,0,2,0,0,0,0,0,0,0,0,0
22716571,4722,0,2,0,0,0,0,0,0,0,0,0
22720215,4723,0,2,0,0,0,0,0,0,0,0,0
22723859,4724,0,2,0,0,0,0,0,0,0,0,0
22727503,4725,0,2,0,0,0,0,0,0,0,0,0
22731147,4726,0,2,0,0,0,0,0,0,0,0,0
22734791,4727,0,2,0,0,0,0,0,0,0,0,0
22738435,4728,0,2,0,0,0,0,0,0,0,0,0
22742079,4729,0,2,0,0,0,0,0,0,0,0,0
22745723,4730,0,2,0,0,0,0,0,0,0,0,0
22749368,4731,0,2,0,0,0,0,0,0,0,0,0
22753011,4732,0,2,0,0,0,0,0,0,0,0,0
22756655,4733,0,2,0,0,0,0,0,0,0,0,0
22760299,4734,0,2,0,0,0,0,0,0,0,0,0
22763943,4735,0,2,0,0,0,0,0,0,0,0,0
22767587,4736,0,2,0,0,0,0,0,0,0,0,0
22771231,4737,0,2,0,0,0,0,0,0,0,0,0
22774875,4738,0,2,0,0,0,0,0,0,0,0,0
22778519,4739,0,2,0,0,0,0,0,0,0,0,0
22782163,4740,0,2,0,0,0,0,0,0,0,0,0
22785808,4741,0,2,0,0,0,0,0,0,0,0,0
22789451,4742,0,2,0,0,0,0,0,0,0,0,0
22793095,4743,0,2,0,0,0,0,0,0,0,0,0
22796739,4744,0,2,0,0,0,0,0,0,0,0,0
22800383,4745,0,2,0,0,0,0,0,0,0,0,0
22804027,4746,0,2,0,0,0,0,0,0,0,0,0
22807671,4747,0,2,0,0,0,0,0,0,0,0,0
22811315,4748,0,2,0,0,0,0,0,0,0,0,0
22814959,4749,0,2,0,0,0,0,0,0,0,0,0
22818603,4750,0,2,0,0,0,0,0,0,0,0,0
22822248,4751,0,2,0,0,0,0,0,0,0,0,0
22825891,4752,0,2,0,0,0,0,0,0,0,0,0
22829535,4753,0,2,0,0,0,0,0,0,0,0,0
22833179,4754,0,2,0,0,0,0,0,0,0,0,0
22836823,4755,0,2,0,0,0,0,0,0,0,0,0
22840467,4756,0,2,0,0,0,0,0,0,0,0,0
22844112,4757,0,2,0,0,0,0,0,0,0,0,0
22847755,4758,0,2,0,0,0,0,0,0,0,0,0
22851399,4759,0,2,0,0,0,0,0,0,0,0,0
22855043,4760,0,2,0,0,0,0,0,0,0,0,0
22858688,4761,0,2,0,0,0,0,0,0,0,0,0
22862331,4762,0,2,0,0,0,0,0,0,0,0,0
22865975,4763,0,2,0,0,0,0,0,0,0,0,0
22869619,4764,0,2,0,0,0,0,0,0,0,0,0
22873263,4765,0,2,0,0,0,0,0,0,0,0,0
22876907,4766,0,2,0,0,0,0,0,0,0,0,0
22880551,4767,0,2,0,0,0,0,0,0,0,0,0
22891578,4768,0,2,0,0,0,0,0,0,0,0,0
22895210,4769,0,2,0,0,0,0,0,0,0,0,0
22898854,4770,0,2,0,0,0,0,0,0,0,0,0
22902499,4771,0,2,0,0,0,0,0,0,0,0,0
22906142,4772,0,2,0,0,0,0,0,0,0,0,0
22909786,4773,0,2,0,0,0,0,0,0,0,0,0
22913430,4774,0,2,0,0,0,0,0,0,0,0,0
22917074,4775,0,2,0,0,0,0,0,0,0,0,0
22920718,4776,0,2,0,0,0,0,0,0,0,0,0
22924362,4777,0,2,0,0,0,0,0,0,0,0,0
22928006,4778,0,2,0,0,0,0,0,0,0,0,0
22931650,4779,0,2,0,0,0,0,0,0,0,0,0
22935294,4780,0,2,0,0,0,0,0,0,0,0,0
22938939,4781,0,2,0,0,0,0,0,0,0,0,0
22942582,4782,0,2,0,0,0,0,0,0,0,0,0
22946226,4783,0,2,0,0,0,0,0,0,0,0,0
22949870,4784,0,2,0,0,0,0,0,0,0,0,0
22953514,4785,0,2,0,0,0,0,0,0,0,0,0
22957158,4786,0,2,0,0,0,0,0,0,0,0,0
22960802,4787,0,2,0,0,0,0,0,0,0,0,0
22964446,4788,0,2,0,0,0,0,0,0,0,0,0
22968090,4789,0,2,0,0,0,0,0,0,0,0,0
22971734,4790,0,2,0,0,0,0,0,0,0,0,0
22975379,4791,0,2,0,0,0,0,0,0,0,0,0
22979023,4792,0,2,0,0,0,0,0,0,0,0,0
22982666,4793,0,2,0,0,0,0,0,0,0,0,0
22986310,4794,0,2,0,0,0,0,0,0,0,0,0
22989954,4795,0,2,0,0,0,0,0,0,0,0,0
22993598,4796,0,2,0,0,0,0,0,0,0,0,0
22997242,4797,0,2,0,0,0,0,0,0,0,0,0
23000886,4798,0,2,0,0,0,0,0,0,0,0,0
23004530,4799,0,2,0,0,0,0,0,0,0,0,0
23008174,4800,0,2,0,0,0,0,0,0,0,0,0
23011819,4801,0,2,0,0,0,0,0,0,0,0,0
23015462,4802,0,2,0,0,0,0,0,0,0,0,0
23019106,4803,0,2,0,0,0,0,0,0,0,0,0
23022750,4804,0,2,0,0,0,0,0,0,0,0,0
23026394,4805,0,2,0,0,0,0,0,0,0,0,0
23030038,4806,0,2,0,0,0,0,0,0,0,0,0
23033682,4807,0,2,0,0,0,0,0,0,0,0,0
23037326,4808,0,2,0,0,0,0,0,0,0,0,0
23040970,4809,0,2,0,0,0,0,0,0,0,0,0
23044614,4810,0,2,0,0,0,0,0,0,0,0,0
23048259,4811,0,2,0,0,0,0,0,0,0,0,0
23051902,4812,0,2,0,0,0,0,0,0,0,0,0
23055546,4813,0,2,0,0,0,0,0,0,0,0,0
23059190,4814,0,2,0,0,0,0,0,0,0,0,0
23062834,4815,0,2,0,0,0,0,0,0,0,0,0
23066478,4816,0,2,0,0,0,0,0,0,0,0,0
23070122,4817,0,2,0,0,0,0,0,0,0,0,0
23073766,4818,0,2,0,0,0,0,0,0,0,0,0
23077410,4819,0,2,0,0,0,0,0,0,0,0,0
23081054,4820,0,2,0,0,0,0,0,0,0,0,0
23084699,4821,0,2,0,0,0,0,0,0,0,0,0
23088342,4822,0,2,0,0,0,0,0,0,0,0,0
23091986,4823,0,2,0,0,0,0,0,0,0,0,0
23095630,4824,0,2,0,0,0,0,0,0,0,0,0
23099274,4825,0,2,0,0,0,0,0,0,0,0,0
23102918,4826,0,2,0,0,0,0,0,0,0,0,0
23106562,4827,0,2,0,0,0,0,0,0,0,0,0
23110206,4828,0,2,0,0,0,0,0,0,0,0,0
23113850,4829,0,2,0,0,0,0,0,0,0,0,0
23117494,4830,0,2,0,0,0,0,0,0,0,0,0
23121139,4831,0,2,0,0,0,0,0,0,0,0,0
23124782,4832,0,2,0,0,0,0,0,0,0,0,0
23128426,4833,0,2,0,0,0,0,0,0,0,0,0
23132070,4834,0,2,0,0,0,0,0,0,0,0,0
23135714,4835,0,2,0,0,0,0,0,0,0,0,0
23139358,4836,0,2,0,0,0,0,0,0,0,0,0
23143002,4837,0,2,0,0,0,0,0,0,0,0,0
23146646,4838,0,2,0,0,0,0,0,0,0,0,0
23150290,4839,0,2,0,0,0,0,0,0,0,0,0
23153934,4840,0,2,0,0,0,0,0,0,0,0,0
23157579,4841,0,2,0,0,0,0,0,0,0,0,0
23161222,4842,0,2,0,0,0,0,0,0,0,0,0
23164866,4843,0,2,0,0,0,0,0,0,0,0,0
23168510,4844,0,2,0,0,0,0,0,0,0,0,0
23172154,4845,0,2,0,0,0,0,0,0,0,0,0
23175798,4846,0,2,0,0,0,0,0,0,0,0,0
23179442,4847,0,2,0,0,0,0,0,0,0,0,0
23183087,4848,0,2,0,0,0,0,0,0,0,0,0
23186730,4849,0,2,0,0,0,0,0,0,0,0,0
23190374,4850,0,2,0,0,0,0,0,0,0,0,0
23194019,4851,0,2,0,0,0,0,0,0,0,0,0
23197662,4852,0,2,0,0,0,0,0,0,0,0,0
23201306,4853,0,2,0,0,0,0,0,0,0,0,0
23204950,4854,0,2,0,0,0,0,0,0,0,0,0
23208594,4855,0,2,0,0,0,0,0,0,0,0,0
23212238,4856,0,2,0,0,0,0,0,0,0,0,0
23215882,4857,0,2,0,0,0,0,0,0,0,0,0
23219526,4858,0,2,0,0,0,0,0,0,0,0,0
23223170,4859,0,2,0,0,0,0,0,0,0,0,0
23226814,4860,0,2,0,0,0,0,0,0,0,0,0
23230459,4861,0,2,0,0,0,0,0,0,0,0,0
23234102,4862,0,2,0,0,0,0,0,0,0,0,0
23237746,4863,0,2,0,0,0,0,0,0,0,0,0
23241390,4864,0,2,0,0,0,0,0,0,0,0,0
23245034,4865,0,2,0,0,0,0,0,0,0,0,0
23248678,4866,0,2,0,0,0,0,0,0,0,0,0
23252322,4867,0,2,0,0,0,0,0,0,0,0,0
23255966,4868,0,2,0,0,0,0,0,0,0,0,0
23259610,4869,0,2,0,0,0,0,0,0,0,0,0
23263254,4870,0,2,0,0,0,0,0,0,0,0,0
23266899,4871,0,2,0,0,0,0,0,0,0,0,0
23270542,4872,0,2,0,0,0,0,0,0,0,0,0
23274186,4873,0,2,0,0,0,0,0,0,0,0,0
23277830,4874,0,2,0,0,0,0,0,0,0,0,0
23281474,4875,0,2,0,0,0,0,0,0,0,0,0
23285118,4876,0,2,0,0,0,0,0,0,0,0,0
23288762,4877,0,2,0,0,0,0,0,0,0,0,0
23292406,4878,0,2,0,0,0,0,0,0,0,0,0
23296050,4879,0,2,0,0,0,0,0,0,0,0,0
23299694,4880,0,2,0,0,0,0,0,0,0,0,0
23303339,4881,0,2,0,0,0,0,0,0,0,0,0
23306982,4882,0,2,0,0,0,0,0,0,0,0,0
23310626,4883,0,2,0,0,0,0,0,0,0,0,0
23314270,4884,0,2,0,0,0,0,0,0,0,0,0
23317914,4885,0,2,0,0,0,0,0,0,0,0,0
23321558,4886,0,2,0,0,0,0,0,0,0,0,0
23325202,4887,0,2,0,0,0,0,0,0,0,0,0
23328846,4888,0,2,0,0,0,0,0,0,0,0,0
23332490,4889,0,2,0,0,0,0,0,0,0,0,0
23336134,4890,0,2,0,0,0,0,0,0,0,0,0
23339779,4891,0,2,0,0,0,0,0,0,0,0,0
23343422,4892,0,2,0,0,0,0,0,0,0,0,0
23347067,4893,0,2,0,0,0,0,0,0,0,0,0
23350710,4894,0,2,0,0,0,0,0,0,0,0,0
23354354,4895,0,2,0,0,0,0,0,0,0,0,0
23357998,4896,0,2,0,0,0,0,0,0,0,0,0
23361642,4897,0,2,0,0,0,0,0,0,0,0,0
23365286,4898,0,2,0,0,0,0,0,0,0,0,0
23368930,4899,0,2,0,0,0,0,0,0,0,0,0
23372574,4900,0,2,0,0,0,0,0,0,0,0,0
23376219,4901,0,2,0,0,0,0,0,0,0,0,0
23379862,4902,0,2,0,0,0,0,0,0,0,0,0
23383506,4903,0,2,0,0,0,0,0,0,0,0,0
23387150,4904,0,2,0,0,0,0,0,0,0,0,0
23390794,4905,0,2,0,0,0,0,0,0,0,0,0
23394438,4906,0,2,0,0,0,0,0,0,0,0,0
23398082,4907,0,2,0,0,0,0,0,0,0,0,0
23401726,4908,0,2,0,0,0,0,0,0,0,0,0
23405370,4909,0,2,0,0,0,0,0,0,0,0,0
23409014,4910,0,2,0,0,0,0,0,0,0,0,0
23412659,4911,0,2,0,0,0,0,0,0,0,0,0
23416302,4912,0,2,0,0,0,0,0,0,0,0,0
23419946,4913,0,2,0,0,0,0,0,0,0,0,0
23423590,4914,0,2,0,0,0,0,0,0,0,0,0
23427234,4915,0,2,0,0,0,0,0,0,0,0,0
23430878,4916,0,2,0,0,0,0,0,0,0,0,0
23434522,4917,0,2,0,0,0,0,0,0,0,0,0
23438166,4918,0,2,0,0,0,0,0,0,0,0,0
23441810,4919,0,2,0,0,0,0,0,0,0,0,0
23445454,4920,0,2,0,0,0,0,0,0,0,0,0
23449099,4921,0,2,0,0,0,0,0,0,0,0,0
23452742,4922,0,2,0,0,0,0,0,0,0,0,0
23456386,4923,0,2,0,0,0,0,0,0,0,0,0
23460030,4924,0,2,0,0,0,0,0,0,0,0,0
23463674,4925,0,2,0,0,0,0,0,0,0,0,0
23467318,4926,0,2,0,0,0,0,0,0,0,0,0
23470962,4927,0,2,0,0,0,0,0,0,0,0,0
23474606,4928,0,2,0,0,0,0,0,0,0,0,0
23478250,4929,0,2,0,0,0,0,0,0,0,0,0
23481894,4930,0,2,0,0,0,0,0,0,0,0,0
23485539,4931,0,2,0,0,0,0,0,0,0,0,0
23489182,4932,0,2,0,0,0,0,0,0,0,0,0
23492826,4933,0,2,0,0,0,0,0,0,0,0,0
23496470,4934,0,2,0,0,0,0,0,0,0,0,0
23500114,4935,0,2,0,0,0,0,0,0,0,0,0
23503758,4936,0,2,0,0,0,0,0,0,0,0,0
23507402,4937,0,2,0,0,0,0,0,0,0,0,0
23511046,4938,0,2,0,0,0,0,0,0,0,0,0
23514690,4939,0,2,0,0,0,0,0,0,0,0,0
23518334,4940,0,2,0,0,0,0,0,0,0,0,0
23521979,4941,0,2,0,0,0,0,0,0,0,0,0
23525622,4942,0,2,0,0,0,0,0,0,0,0,0
23529266,4943,0,2,0,0,0,0,0,0,0,0,0
23532910,4944,0,2,0,0,0,0,0,0,0,0,0
23536554,4945,0,2,0,0,0,0,0,0,0,0,0
23540198,4946,0,2,0,0,0,0,0,0,0,0,0
23543842,4947,0,2,0,0,0,0,0,0,0,0,0
23547486,4948,0,2,0,0,0,0,0,0,0,0,0
23551130,4949,0,2,0,0,0,0,0,0,0,0,0
23554774,4950,0,2,0,0,0,0,0,0,0,0,0
23558419,4951,0,2,0,0,0,0,0,0,0,0,0
23562062,4952,0,2,0,0,0,0,0,0,0,0,0
23565706,4953,0,2,0,0,0,0,0,0,0,0,0
23569350,4954,0,2,0,0,0,0,0,0,0,0,0
23572994,4955,0,2,0,0,0,0,0,0,0,0,0
23576638,4956,0,2,0,0,0,0,0,0,0,0,0
23580282,4957,0,2,0,0,0,0,0,0,0,0,0
23583926,4958,0,2,0,0,0,0,0,0,0,0,0
23587570,4959,0,2,0,0,0,0,0,0,0,0,0
23591214,4960,0,2,0,0,0,0,0,0,0,0,0
23594859,4961,0,2,0,0,0,0,0,0,0,0,0
23598502,4962,0,2,0,0,0,0,0,0,0,0,0
23602146,4963,0,2,0,0,0,0,0,0,0,0,0
23605790,4964,0,2,0,0,0,0,0,0,0,0,0
23609434,4965,0,2,0,0,0,0,0,0,0,0,0
23613078,4966,0,2,0,0,0,0,0,0,0,0,0
23616722,4967,0,2,0,0,0,0,0,0,0,0,0
23620366,4968,0,2,0,0,0,0,0,0,0,0,0
23624011,4969,0,2,0,0,0,0,0,0,0,0,0
23627654,4970,0,2,0,0,0,0,0,0,0,0,0
23631299,4971,0,2,0,0,0,0,0,0,0,0,0
23634942,4972,0,2,0,0,0,0,0,0,0,0,0
23638586,4973,0,2,0,0,0,0,0,0,0,0,0
23642230,4974,0,2,0,0,0,0,0,0,0,0,0
23645874,4975,0,2,0,0,0,0,0,0,0,0,0
23649518,4976,0,2,0,0,0,0,0,0,0,0,0
23653162,4977,0,2,0,0,0,0,0,0,0,0,0
23656806,4978,0,2,0,0,0,0,0,0,0,0,0
23660450,4979,0,2,0,0,0,0,0,0,0,0,0
23664095,4980,0,2,0,0,0,0,0,0,0,0,0
23667739,4981,0,2,0,0,0,0,0,0,0,0,0
23671382,4982,0,2,0,0,0,0,0,0,0,0,0
23675026,4983,0,2,0,0,0,0,0,0,0,0,0
23678670,4984,0,2,0,0,0,0,0,0,0,0,0
23682314,4985,0,2,0,0,0,0,0,0,0,0,0
23685958,4986,0,2,0,0,0,0,0,0,0,0,0
23689602,4987,0,2,0,0,0,0,0,0,0,0,0
23693246,4988,0,2,0,0,0,0,0,0,0,0,0
23696890,4989,0,2,0,0,0,0,0,0,0,0,0
23700534,4990,0,2,0,0,0,0,0,0,0,0,0
23704179,4991,0,2,0,0,0,0,0,0,0,0,0
23707822,4992,0,2,0,0,0,0,0,0,0,0,0
23711466,4993,0,2,0,0,0,0,0,0,0,0,0
23715110,4994,0,2,0,0,0,0,0,0,0,0,0
23723786,4995,0,2,0,0,0,0,0,0,0,0,0
23727418,4996,0,2,0,0,0,0,0,0,0,0,0
23731062,4997,0,2,0,0,0,0,0,0,0,0,0
23734706,4998,0,2,0,0,0,0,0,0,0,0,0
23738350,4999,0,2,0,0,0,0,0,0,0,0,0
23741994,5000,0,2,0,0,0,0,0,0,0,0,0
23745639,5001,0,2,0,0,0,0,0,0,0,0,0
23749282,5002,0,2,0,0,0,0,0,0,0,0,0
23752926,5003,0,2,0,0,0,0,0,0,0,0,0
23756570,5004,0,2,0,0,0,0,0,0,0,0,0
23760214,5005,0,2,0,0,0,0,0,0,0,0,0
23763858,5006,0,2,0,0,0,0,0,0,0,0,0
23767502,5007,0,2,0,0,0,0,0,0,0,0,0
23771146,5008,0,2,0,0,0,0,0,0,0,0,0
23774790,5009,0,2,0,0,0,0,0,0,0,0,0
23778434,5010,0,2,0,0,0,0,0,0,0,0,0
23782079,5011,0,2,0,0,0,0,0,0,0,0,0
23785722,5012,0,2,0,0,0,0,0,0,0,0,0
23789366,5013,0,2,0,0,0,0,0,0,0,0,0
23793011,5014,0,2,0,0,0,0,0,0,0,0,0
23796654,5015,0,2,0,0,0,0,0,0,0,0,0
23800298,5016,0,2,0,0,0,0,0,0,0,0,0
23803942,5017,0,2,0,0,0,0,0,0,0,0,0
23807586,5018,0,2,0,0,0,0,0,0,0,0,0
23811230,5019,0,2,0,0,0,0,0,0,0,0,0
23814874,5020,0,2,0,0,0,0,0,0,0,0,0
23818519,5021,0,2,0,0,0,0,0,0,0,0,0
23822162,5022,0,2,0,0,0,0,0,0,0,0,0
23825806,5023,0,2,0,0,0,0,0,0,0,0,0
23829450,5024,0,2,0,0,0,0,0,0,0,0,0
23833095,5025,0,2,0,0,0,0,0,0,0,0,0
23836738,5026,0,2,0,0,0,0,0,0,0,0,0
23840382,5027,0,2,0,0,0,0,0,0,0,0,0
23844026,5028,0,2,0,0,0,0,0,0,0,0,0
23847670,5029,0,2,0,0,0,0,0,0,0,0,0
23851314,5030,0,2,0,0,0,0,0,0,0,0,0
23854959,5031,0,2,0,0,0,0,0,0,0,0,0
23858602,5032,0,2,0,0,0,0,0,0,0,0,0
23862246,5033,0,2,0,0,0,0,0,0,0,0,0
23865890,5034,0,2,0,0,0,0,0,0,0,0,0
23869534,5035,0,2,0,0,0,0,0,0,0,0,0
23873178,5036,0,2,0,0,0,0,0,0,0,0,0
23876822,5037,0,2,0,0,0,0,0,0,0,0,0
23880466,5038,0,2,0,0,0,0,0,0,0,0,0
23884110,5039,0,2,0,0,0,0,0,0,0,0,0
23887754,5040,0,2,0,0,0,0,0,0,0,0,0
23891399,5041,0,2,0,0,0,0,0,0,0,0,0
23895042,5042,0,2,0,0,0,0,0,0,0,0,0
23898686,5043,0,2,0,0,0,0,0,0,0,0,0
23902330,5044,0,2,0,0,0,0,0,0,0,0,0
23905974,5045,0,2,0,0,0,0,0,0,0,0,0
23909618,5046,0,2,0,0,0,0,0,0,0,0,0
23913262,5047,0,2,0,0,0,0,0,0,0,0,0
23916906,5048,0,2,0,0,0,0,0,0,0,0,0
23920550,5049,0,2,0,0,0,0,0,0,0,0,0
23924194,5050,0,2,0,0,0,0,0,0,0,0,0
23927839,5051,0,2,0,0,0,0,0,0,0,0,0
23931482,5052,0,2,0,0,0,0,0,0,0,0,0
23935126,5053,0,2,0,0,0,0,0,0,0,0,0
23938770,5054,0,2,0,0,0,0,0,0,0,0,0
23942414,5055,0,2,0,0,0,0,0,0,0,0,0
23946058,5056,0,2,0,0,0,0,0,0,0,0,0
23949702,5057,0,2,0,0,0,0,0,0,0,0,0
23953346,5058,0,2,0,0,0,0,0,0,0,0,0
23956990,5059,0,2,0,0,0,0,0,0,0,0,0
23960634,5060,0,2,0,0,0,0,0,0,0,0,0
23964279,5061,0,2,0,0,0,0,0,0,0,0,0
23967922,5062,0,2,0,0,0,0,0,0,0,0,0
23971566,5063,0,2,0,0,0,0,0,0,0,0,0
23975210,5064,0,2,0,0,0,0,0,0,0,0,0
23978854,5065,0,2,0,0,0,0,0,0,0,0,0
23982498,5066,0,2,0,0,0,0,0,0,0,0,0
23986142,5067,0,2,0,0,0,0,0,0,0,0,0
23989786,5068,0,2,0,0,0,0,0,0,0,0,0
23993430,5069,0,2,0,0,0,0,0,0,0,0,0
23997074,5070,0,2,0,0,0,0,0,0,0,0,0
24000719,5071,0,2,0,0,0,0,0,0,0,0,0
24004362,5072,0,2,0,0,0,0,0,0,0,0,0
24008006,5073,0,2,0,0,0,0,0,0,0,0,0
24011650,5074,0,2,0,0,0,0,0,0,0,0,0
24015294,5075,0,2,0,0,0,0,0,0,0,0,0
24018938,5076,0,2,0,0,0,0,0,0,0,0,0
24022582,5077,0,2,0,0,0,0,0,0,0,0,0
24026226,5078,0,2,0,0,0,0,0,0,0,0,0
24029870,5079,0,2,0,0,0,0,0,0,0,0,0
24033514,5080,0,2,0,0,0,0,0,0,0,0,0
24037159,5081,0,2,0,0,0,0,0,0,0,0,0
24040802,5082,0,2,0,0,0,0,0,0,0,0,0
24044446,5083,0,2,0,0,0,0,0,0,0,0,0
24048090,5084,0,2,0,0,0,0,0,0,0,0,0
24051734,5085,0,2,0,0,0,0,0,0,0,0,0
24055378,5086,0,2,0,0,0,0,0,0,0,0,0
24059023,5087,0,2,0,0,0,0,0,0,0,0,0
24062666,5088,0,2,0,0,0,0,0,0,0,0,0
24066310,5089,0,2,0,0,0,0,0,0,0,0,0
24069954,5090,0,2,0,0,0,0,0,0,0,0,0
24073599,5091,0,2,0,0,0,0,0,0,0,0,0
24077242,5092,0,2,0,0,0,0,0,0,0,0,0
24080886,5093,0,2,0,0,0,0,0,0,0,0,0
24084530,5094,0,2,0,0,0,0,0,0,0,0,0
24088174,5095,0,2,0,0,0,0,0,0,0,0,0
24091818,5096,0,2,0,0,0,0,0,0,0,0,0
24095462,5097,0,2,0,0,0,0,0,0,0,0,0
24099106,5098,0,2,0,0,0,0,0,0,0,0,0
24102750,5099,0,2,0,0,0,0,0,0,0,0,0
24106394,5100,0,2,0,0,0,0,0,0,0,0,0
24110039,5101,0,2,0,0,0,0,0,0,0,0,0
24113682,5102,0,2,0,0,0,0,0,0,0,0,0
24117326,5103,0,2,0,0,0,0,0,0,0,0,0
24120970,5104,0,2,0,0,0,0,0,0,0,0,0
24124614,5105,0,2,0,0,0,0,0,0,0,0,0
24128258,5106,0,2,0,0,0,0,0,0,0,0,0
24131902,5107,0,2,0,0,0,0,0,0,0,0,0
24135546,5108,0,2,0,0,0,0,0,0,0,0,0
24139190,5109,0,2,0,0,0,0,0,0,0,0,0
24142834,5110,0,2,0,0,0,0,0,0,0,0,0
24146479,5111,0,2,0,0,0,0,0,0,0,0,0
24150122,5112,0,2,0,0,0,0,0,0,0,0,0
24153766,5113,0,2,0,0,0,0,0,0,0,0,0
24157410,5114,0,2,0,0,0,0,0,0,0,0,0
24161054,5115,0,2,0,0,0,0,0,0,0,0,0
24164698,5116,0,2,0,0,0,0,0,0,0,0,0
24168342,5117,0,2,0,0,0,0,0,0,0,0,0
24171986,5118,0,2,0,0,0,0,0,0,0,0,0
24175630,5119,0,2,0,0,0,0,0,0,0,0,0
24179274,5120,0,2,0,0,0,0,0,0,0,0,0
24182919,5121,0,2,0,0,0,0,0,0,0,0,0
24186562,5122,0,2,0,0,0,0,0,0,0,0,0
24190206,5123,0,2,0,0,0,0,0,0,0,0,0
24193850,5124,0,2,0,0,0,0,0,0,0,0,0
24197494,5125,0,2,0,0,0,0,0,0,0,0,0
24201138,5126,0,2,0,0,0,0,0,0,0,0,0
24204782,5127,0,2,0,0,0,0,0,0,0,0,0
24208426,5128,0,2,0,0,0,0,0,0,0,0,0
24212071,5129,0,2,0,0,0,0,0,0,0,0,0
24215714,5130,0,2,0,0,0,0,0,0,0,0,0
24219358,5131,0,2,0,0,0,0,0,0,0,0,0
24223002,5132,0,2,0,0,0,0,0,0,0,0,0
24226646,5133,0,2,0,0,0,0,0,0,0,0,0
24230290,5134,0,2,0,0,0,0,0,0,0,0,0
24233934,5135,0,2,0,0,0,0,0,0,0,0,0
24237578,5136,0,2,0,0,0,0,0,0,0,0,0
24241222,5137,0,2,0,0,0,0,0,0,0,0,0
24244866,5138,0,2,0,0,0,0,0,0,0,0,0
24248510,5139,0,2,0,0,0,0,0,0,0,0,0
24252154,5140,0,2,0,0,0,0,0,0,0,0,0
24255799,5141,0,2,0,0,0,0,0,0,0,0,0
24259442,5142,0,2,0,0,0,0,0,0,0,0,0
24263086,5143,0,2,0,0,0,0,0,0,0,0,0
24266730,5144,0,2,0,0,0,0,0,0,0,0,0
24270374,5145,0,2,0,0,0,0,0,0,0,0,0
24274018,5146,0,2,0,0,0,0,0,0,0,0,0
24277662,5147,0,2,0,0,0,0,0,0,0,0,0
24281306,5148,0,2,0,0,0,0,0,0,0,0,0
24284950,5149,0,2,0,0,0,0,0,0,0,0,0
24288594,5150,0,2,0,0,0,0,0,0,0,0,0
24292239,5151,0,2,0,0,0,0,0,0,0,0,0
24295882,5152,0,2,0,0,0,0,0,0,0,0,0
24299526,5153,0,2,0,0,0,0,0,0,0,0,0
24303170,5154,0,2,0,0,0,0,0,0,0,0,0
24306814,5155,0,2,0,0,0,0,0,0,0,0,0
24310458,5156,0,2,0,0,0,0,0,0,0,0,0
24314102,5157,0,2,0,0,0,0,0,0,0,0,0
24317746,5158,0,2,0,0,0,0,0,0,0,0,0
24321390,5159,0,2,0,0,0,0,0,0,0,0,0
24325035,5160,0,2,0,0,0,0,0,0,0,0,0
24328679,5161,0,2,0,0,0,0,0,0,0,0,0
24332322,5162,0,2,0,0,0,0,0,0,0,0,0
24335966,5163,0,2,0,0,0,0,0,0,0,0,0
24339610,5164,0,2,0,0,0,0,0,0,0,0,0
24343254,5165,0,2,0,0,0,0,0,0,0,0,0
24346898,5166,0,2,0,0,0,0,0,0,0,0,0
24350542,5167,0,2,0,0,0,0,0,0,0,0,0
24354186,5168,0,2,0,0,0,0,0,0,0,0,0
24357830,5169,0,2,0,0,0,0,0,0,0,0,0
24361474,5170,0,2,0,0,0,0,0,0,0,0,0
24365119,5171,0,2,0,0,0,0,0,0,0,0,0
24368762,5172,0,2,0,0,0,0,0,0,0,0,0
24372406,5173,0,2,0,0,0,0,0,0,0,0,0
24376050,5174,0,2,0,0,0,0,0,0,0,0,0
24379694,5175,0,2,0,0,0,0,0,0,0,0,0
24383338,5176,0,2,0,0,0,0,0,0,0,0,0
24386982,5177,0,2,0,0,0,0,0,0,0,0,0
24390626,5178,0,2,0,0,0,0,0,0,0,0,0
24394270,5179,0,2,0,0,0,0,0,0,0,0,0
24397914,5180,0,2,0,0,0,0,0,0,0,0,0
24401559,5181,0,2,0,0,0,0,0,0,0,0,0
24405202,5182,0,2,0,0,0,0,0,0,0,0,0
24408846,5183,0,2,0,0,0,0,0,0,0,0,0
24412490,5184,0,2,0,0,0,0,0,0,0,0,0
24416134,5185,0,2,0,0,0,0,0,0,0,0,0
24419778,5186,0,2,0,0,0,0,0,0,0,0,0
24423422,5187,0,2,0,0,0,0,0,0,0,0,0
24427066,5188,0,2,0,0,0,0,0,0,0,0,0
24430710,5189,0,2,0,0,0,0,0,0,0,0,0
24434354,5190,0,2,0,0,0,0,0,0,0,0,0
24437999,5191,0,2,0,0,0,0,0,0,0,0,0
24441642,5192,0,2,0,0,0,0,0,0,0,0,0
24445286,5193,0,2,0,0,0,0,0,0,0,0,0
24448930,5194,0,2,0,0,0,0,0,0,0,0,0
24452574,5195,0,2,0,0,0,0,0,0,0,0,0
24456218,5196,0,2,0,0,0,0,0,0,0,0,0
24459862,5197,0,2,0,0,0,0,0,0,0,0,0
24463506,5198,0,2,0,0,0,0,0,0,0,0,0
24467150,5199,0,2,0,0,0,0,0,0,0,0,0
24470794,5200,0,2,0,0,0,0,0,0,0,0,0
24474439,5201,0,2,0,0,0,0,0,0,0,0,0
24478082,5202,0,2,0,0,0,0,0,0,0,0,0
24481726,5203,0,2,0,0,0,0,0,0,0,0,0
24485370,5204,0,2,0,0,0,0,0,0,0,0,0
24489014,5205,0,2,0,0,0,0,0,0,0,0,0
24492658,5206,0,2,0,0,0,0,0,0,0,0,0
24496302,5207,0,2,0,0,0,0,0,0,0,0,0
24499946,5208,0,2,0,0,0,0,0,0,0,0,0
24503590,5209,0,2,0,0,0,0,0,0,0,0,0
24507234,5210,0,2,0,0,0,0,0,0,0,0,0
24510879,5211,0,2,0,0,0,0,0,0,0,0,0
24514522,5212,0,2,0,0,0,0,0,0,0,0,0
24518166,5213,0,2,0,0,0,0,0,0,0,0,0
24521810,5214,0,2,0,0,0,0,0,0,0,0,0
24525454,5215,0,2,0,0,0,0,0,0,0,0,0
24529098,5216,0,2,0,0,0,0,0,0,0,0,0
24532742,5217,0,2,0,0,0,0,0,0,0,0,0
24536386,5218,0,2,0,0,0,0,0,0,0,0,0
24540031,5219,0,2,0,0,0,0,0,0,0,0,0
24543674,5220,0,2,0,0,0,0,0,0,0,0,0
24547319,5221,0,2,0,0,0,0,0,0,0,0,0
24562808,5222,0,2,0,0,0,0,0,0,0,0,0
24566440,5223,0,2,0,0,0,0,0,0,0,0,0
24570084,5224,0,2,0,0,0,0,0,0,0,0,0
24573728,5225,0,2,0,0,0,0,0,0,0,0,0
24577372,5226,0,2,0,0,0,0,0,0,0,0,0
24581016,5227,0,2,0,0,0,0,0,0,0,0,0
24584660,5228,0,2,0,0,0,0,0,0,0,0,0
24588304,5229,0,2,0,0,0,0,0,0,0,0,0
24591948,5230,0,2,0,0,0,0,0,0,0,0,0
24595593,5231,0,2,0,0,0,0,0,0,0,0,0
24599236,5232,0,2,0,0,0,0,0,0,0,0,0
24602880,5233,0,2,0,0,0,0,0,0,0,0,0
24606524,5234,0,2,0,0,0,0,0,0,0,0,0
24610168,5235,0,2,0,0,0,0,0,0,0,0,0
24613812,5236,0,2,0,0,0,0,0,0,0,0,0
24617456,5237,0,2,0,0,0,0,0,0,0,0,0
24621100,5238,0,2,0,0,0,0,0,0,0,0,0
24624744,5239,0,2,0,0,0,0,0,0,0,0,0
24628388,5240,0,2,0,0,0,0,0,0,0,0,0
24632033,5241,0,2,0,0,0,0,0,0,0,0,0
24635676,5242,0,2,0,0,0,0,0,0,0,0,0
24639320,5243,0,2,0,0,0,0,0,0,0,0,0
24642964,5244,0,2,0,0,0,0,0,0,0,0,0
24646608,5245,0,2,0,0,0,0,0,0,0,0,0
24650252,5246,0,2,0,0,0,0,0,0,0,0,0
24653896,5247,0,2,0,0,0,0,0,0,0,0,0
24657540,5248,0,2,0,0,0,0,0,0,0,0,0
24661184,5249,0,2,0,0,0,0,0,0,0,0,0
24664828,5250,0,2,0,0,0,0,0,0,0,0,0
24668473,5251,0,2,0,0,0,0,0,0,0,0,0
24672116,5252,0,2,0,0,0,0,0,0,0,0,0
24675760,5253,0,2,0,0,0,0,0,0,0,0,0
24679404,5254,0,2,0,0,0,0,0,0,0,0,0
24683048,5255,0,2,0,0,0,0,0,0,0,0,0
24686692,5256,0,2,0,0,0,0,0,0,0,0,0
24690336,5257,0,2,0,0,0,0,0,0,0,0,0
24693980,5258,0,2,0,0,0,0,0,0,0,0,0
24697624,5259,0,2,0,0,0,0,0,0,0,0,0
24701268,5260,0,2,0,0,0,0,0,0,0,0,0
24704913,5261,0,2,0,0,0,0,0,0,0,0,0
24708556,5262,0,2,0,0,0,0,0,0,0,0,0
24712200,5263,0,2,0,0,0,0,0,0,0,0,0
24715844,5264,0,2,0,0,0,0,0,0,0,0,0
24719488,5265,0,2,0,0,0,0,0,0,0,0,0
24723132,5266,0,2,0,0,0,0,0,0,0,0,0
24726776,5267,0,2,0,0,0,0,0,0,0,0,0
24730420,5268,0,2,0,0,0,0,0,0,0,0,0
24734064,5269,0,2,0,0,0,0,0,0,0,0,0
24737708,5270,0,2,0,0,0,0,0,0,0,0,0
24741353,5271,0,2,0,0,0,0,0,0,0,0,0
24744996,5272,0,2,0,0,0,0,0,0,0,0,0
24748640,5273,0,2,0,0,0,0,0,0,0,0,0
24752284,5274,0,2,0,0,0,0,0,0,0,0,0
24755928,5275,0,2,0,0,0,0,0,0,0,0,0
24759572,5276,0,2,0,0,0,0,0,0,0,0,0
24763216,5277,0,2,0,0,0,0,0,0,0,0,0
24766860,5278,0,2,0,0,0,0,0,0,0,0,0
24770504,5279,0,2,0,0,0,0,0,0,0,0,0
24774148,5280,0,2,0,0,0,0,0,0,0,0,0
24777793,5281,0,2,0,0,0,0,0,0,0,0,0
24781436,5282,0,2,0,0,0,0,0,0,0,0,0
24785080,5283,0,2,0,0,0,0,0,0,0,0,0
24788724,5284,0,2,0,0,0,0,0,0,0,0,0
24792368,5285,0,2,0,0,0,0,0,0,0,0,0
24796012,5286,0,2,0,0,0,0,0,0,0,0,0
24799656,5287,0,2,0,0,0,0,0,0,0,0,0
24803300,5288,0,2,0,0,0,0,0,0,0,0,0
24806944,5289,0,2,0,0,0,0,0,0,0,0,0
24810588,5290,0,2,0,0,0,0,0,0,0,0,0
24814233,5291,0,2,0,0,0,0,0,0,0,0,0
24817876,5292,0,2,0,0,0,0,0,0,0,0,0
24821520,5293,0,2,0,0,0,0,0,0,0,0,0
24825164,5294,0,2,0,0,0,0,0,0,0,0,0
24828808,5295,0,2,0,0,0,0,0,0,0,0,0
24832452,5296,0,2,0,0,0,0,0,0,0,0,0
24836097,5297,0,2,0,0,0,0,0,0,0,0,0
24839740,5298,0,2,0,0,0,0,0,0,0,0,0
24843384,5299,0,2,0,0,0,0,0,0,0,0,0
24847028,5300,0,2,0,0,0,0,0,0,0,0,0
24850673,5301,0,2,0,0,0,0,0,0,0,0,0
24854316,5302,0,2,0,0,0,0,0,0,0,0,0
24857960,5303,0,2,0,0,0,0,0,0,0,0,0
24861604,5304,0,2,0,0,0,0,0,0,0,0,0
24865248,5305,0,2,0,0,0,0,0,0,0,0,0
24868892,5306,0,2,0,0,0,0,0,0,0,0,0
24872536,5307,0,2,0,0,0,0,0,0,0,0,0
24876180,5308,0,2,0,0,0,0,0,0,0,0,0
24879824,5309,0,2,0,0,0,0,0,0,0,0,0
24883468,5310,0,2,0,0,0,0,0,0,0,0,0
24887113,5311,0,2,0,0,0,0,0,0,0,0,0
24890756,5312,0,2,0,0,0,0,0,0,0,0,0
24894400,5313,0,2,0,0,0,0,0,0,0,0,0
24898044,5314,0,2,0,0,0,0,0,0,0,0,0
24901688,5315,0,2,0,0,0,0,0,0,0,0,0
24905332,5316,0,2,0,0,0,0,0,0,0,0,0
24908976,5317,0,2,0,0,0,0,0,0,0,0,0
24912620,5318,0,2,0,0,0,0,0,0,0,0,0
24916264,5319,0,2,0,0,0,0,0,0,0,0,0
24919908,5320,0,2,0,0,0,0,0,0,0,0,0
24923553,5321,0,2,0,0,0,0,0,0,0,0,0
24927196,5322,0,2,0,0,0,0,0,0,0,0,0
24930840,5323,0,2,0,0,0,0,0,0,0,0,0
24934484,5324,0,2,0,0,0,0,0,0,0,0,0
24938128,5325,0,2,0,0,0,0,0,0,0,0,0
24941772,5326,0,2,0,0,0,0,0,0,0,0,0
24945416,5327,0,2,0,0,0,0,0,0,0,0,0
24949060,5328,0,2,0,0,0,0,0,0,0,0,0
24952704,5329,0,2,0,0,0,0,0,0,0,0,0
24956348,5330,0,2,0,0,0,0,0,0,0,0,0
24959993,5331,0,2,0,0,0,0,0,0,0,0,0
24963636,5332,0,2,0,0,0,0,0,0,0,0,0
24967280,5333,0,2,0,0,0,0,0,0,0,0,0
24970924,5334,0,2,0,0,0,0,0,0,0,0,0
24974568,5335,0,2,0,0,0,0,0,0,0,0,0
24978212,5336,0,2,0,0,0,0,0,0,0,0,0
24981856,5337,0,2,0,0,0,0,0,0,0,0,0
24985500,5338,0,2,0,0,0,0,0,0,0,0,0
24989144,5339,0,2,0,0,0,0,0,0,0,0,0
24992788,5340,0,2,0,0,0,0,0,0,0,0,0
24996433,5341,0,2,0,0,0,0,0,0,0,0,0
25000076,5342,0,2,0,0,0,0,0,0,0,0,0
25003720,5343,0,2,0,0,0,0,0,0,0,0,0
25007364,5344,0,2,0,0,0,0,0,0,0,0,0
25011008,5345,0,2,0,0,0,0,0,0,0,0,0
25014652,5346,0,2,0,0,0,0,0,0,0,0,0
25018296,5347,0,2,0,0,0,0,0,0,0,0,0
25021940,5348,0,2,0,0,0,0,0,0,0,0,0
25025584,5349,0,2,0,0,0,0,0,0,0,0,0
25029228,5350,0,2,0,0,0,0,0,0,0,0,0
25032873,5351,0,2,0,0,0,0,0,0,0,0,0
25036516,5352,0,2,0,0,0,0,0,0,0,0,0
25040160,5353,0,2,0,0,0,0,0,0,0,0,0
25043804,5354,0,2,0,0,0,0,0,0,0,0,0
25047448,5355,0,2,0,0,0,0,0,0,0,0,0
25051093,5356,0,2,0,0,0,0,0,0,0,0,0
25054736,5357,0,2,0,0,0,0,0,0,0,0,0
25058380,5358,0,2,0,0,0,0,0,0,0,0,0
25062025,5359,0,2,0,0,0,0,0,0,0,0,0
25065668,5360,0,2,0,0,0,0,0,0,0,0,0
25069313,5361,0,2,0,0,0,0,0,0,0,0,0
25072956,5362,0,2,0,0,0,0,0,0,0,0,0
25076600,5363,0,2,0,0,0,0,0,0,0,0,0
25080244,5364,0,2,0,0,0,0,0,0,0,0,0
25083888,5365,0,2,0,0,0,0,0,0,0,0,0
25087532,5366,0,2,0,0,0,0,0,0,0,0,0
25091176,5367,0,2,0,0,0,0,0,0,0,0,0
25094820,5368,0,2,0,0,0,0,0,0,0,0,0
25098464,5369,0,2,0,0,0,0,0,0,0,0,0
25102108,5370,0,2,0,0,0,0,0,0,0,0,0
25105753,5371,0,2,0,0,0,0,0,0,0,0,0
25109396,5372,0,2,0,0,0,0,0,0,0,0,0
25113040,5373,0,2,0,0,0,0,0,0,0,0,0
25116684,5374,0,2,0,0,0,0,0,0,0,0,0
25120328,5375,0,2,0,0,0,0,0,0,0,0,0
25123972,5376,0,2,0,0,0,0,0,0,0,0,0
25127616,5377,0,2,0,0,0,0,0,0,0,0,0
25131260,5378,0,2,0,0,0,0,0,0,0,0,0
25134904,5379,0,2,0,0,0,0,0,0,0,0,0
25138548,5380,0,2,0,0,0,0,0,0,0,0,0
25142193,5381,0,2,0,0,0,0,0,0,0,0,0
25145836,5382,0,2,0,0,0,0,0,0,0,0,0
25149480,5383,0,2,0,0,0,0,0,0,0,0,0
25153124,5384,0,2,0,0,0,0,0,0,0,0,0
25156768,5385,0,2,0,0,0,0,0,0,0,0,0
25160412,5386,0,2,0,0,0,0,0,0,0,0,0
25164056,5387,0,2,0,0,0,0,0,0,0,0,0
25167700,5388,0,2,0,0,0,0,0,0,0,0,0
25171344,5389,0,2,0,0,0,0,0,0,0,0,0
25174988,5390,0,2,0,0,0,0,0,0,0,0,0
25178633,5391,0,2,0,0,0,0,0,0,0,0,0
25182276,5392,0,2,0,0,0,0,0,0,0,0,0
25185920,5393,0,2,0,0,0,0,0,0,0,0,0
25189564,5394,0,2,0,0,0,0,0,0,0,0,0
25193208,5395,0,2,0,0,0,0,0,0,0,0,0
25196852,5396,0,2,0,0,0,0,0,0,0,0,0
25200496,5397,0,2,0,0,0,0,0,0,0,0,0
25204140,5398,0,2,0,0,0,0,0,0,0,0,0
25207784,5399,0,2,0,0,0,0,0,0,0,0,0
25211428,5400,0,2,0,0,0,0,0,0,0,0,0
25215073,5401,0,2,0,0,0,0,0,0,0,0,0
25218716,5402,0,2,0,0,0,0,0,0,0,0,0
25222360,5403,0,2,0,0,0,0,0,0,0,0,0
25226004,5404,0,2,0,0,0,0,0,0,0,0,0
25229648,5405,0,2,0,0,0,0,0,0,0,0,0
25233292,5406,0,2,0,0,0,0,0,0,0,0,0
25236936,5407,0,2,0,0,0,0,0,0,0,0,0
25240580,5408,0,2,0,0,0,0,0,0,0,0,0
25244224,5409,0,2,0,0,0,0,0,0,0,0,0
25247868,5410,0,2,0,0,0,0,0,0,0,0,0
25251513,5411,0,2,0,0,0,0,0,0,0,0,0
25255156,5412,0,2,0,0,0,0,0,0,0,0,0
25258800,5413,0,2,0,0,0,0,0,0,0,0,0
25262444,5414,0,2,0,0,0,0,0,0,0,0,0
25266088,5415,0,2,0,0,0,0,0,0,0,0,0
25269732,5416,0,2,0,0,0,0,0,0,0,0,0
25273376,5417,0,2,0,0,0,0,0,0,0,0,0
25277020,5418,0,2,0,0,0,0,0,0,0,0,0
25280664,5419,0,2,0,0,0,0,0,0,0,0,0
25284308,5420,0,2,0,0,0,0,0,0,0,0,0
25287953,5421,0,2,0,0,0,0,0,0,0,0,0
25291596,5422,0,2,0,0,0,0,0,0,0,0,0
25295240,5423,0,2,0,0,0,0,0,0,0,0,0
25298884,5424,0,2,0,0,0,0,0,0,0,0,0
25302528,5425,0,2,0,0,0,0,0,0,0,0,0
25306172,5426,0,2,0,0,0,0,0,0,0,0,0
25309816,5427,0,2,0,0,0,0,0,0,0,0,0
25313460,5428,0,2,0,0,0,0,0,0,0,0,0
25317104,5429,0,2,0,0,0,0,0,0,0,0,0
25320748,5430,0,2,0,0,0,0,0,0,0,0,0
25324393,5431,0,2,0,0,0,0,0,0,0,0,0
25328036,5432,0,2,0,0,0,0,0,0,0,0,0
25331680,5433,0,2,0,0,0,0,0,0,0,0,0
25335324,5434,0,2,0,0,0,0,0,0,0,0,0
25338968,5435,0,2,0,0,0,0,0,0,0,0,0
25342612,5436,0,2,0,0,0,0,0,0,0,0,0
25346256,5437,0,2,0,0,0,0,0,0,0,0,0
25349900,5438,0,2,0,0,0,0,0,0,0,0,0
25353544,5439,0,2,0,0,0,0,0,0,0,0,0
25357188,5440,0,2,0,0,0,0,0,0,0,0,0
25360833,5441,0,2,0,0,0,0,0,0,0,0,0
25364476,5442,0,2,0,0,0,0,0,0,0,0,0
25368120,5443,0,2,0,0,0,0,0,0,0,0,0
25371764,5444,0,2,0,0,0,0,0,0,0,0,0
25375408,5445,0,2,0,0,0,0,0,0,0,0,0
25379053,5446,0,2,0,0,0,0,0,0,0,0,0
25382696,5447,0,2,0,0,0,0,0,0,0,0,0
25386340,5448,0,2,0,0,0,0,0,0,0,0,0
25394906,5449,0,2,0,0,0,0,0,0,0,0,0
25398538,5450,0,2,0,0,0,0,0,0,0,0,0
25402183,5451,0,2,0,0,0,0,0,0,0,0,0
25405826,5452,0,2,0,0,0,0,0,0,0,0,0
25409470,5453,0,2,0,0,0,0,0,0,0,0,0
25413114,5454,0,2,0,0,0,0,0,0,0,0,0
25416758,5455,0,2,0,0,0,0,0,0,0,0,0
25420402,5456,0,2,0,0,0,0,0,0,0,0,0
25424046,5457,0,2,0,0,0,0,0,0,0,0,0
25427690,5458,0,2,0,0,0,0,0,0,0,0,0
25431334,5459,0,2,0,0,0,0,0,0,0,0,0
25434978,5460,0,2,0,0,0,0,0,0,0,0,0
25438623,5461,0,2,0,0,0,0,0,0,0,0,0
25442266,5462,0,2,0,0,0,0,0,0,0,0,0
25445910,5463,0,2,0,0,0,0,0,0,0,0,0
25449554,5464,0,2,0,0,0,0,0,0,0,0,0
25453198,5465,0,2,0,0,0,0,0,0,0,0,0
25456842,5466,0,2,0,0,0,0,0,0,0,0,0
25460486,5467,0,2,0,0,0,0,0,0,0,0,0
25464130,5468,0,2,0,0,0,0,0,0,0,0,0
25467774,5469,0,2,0,0,0,0,0,0,0,0,0
25471418,5470,0,2,0,0,0,0,0,0,0,0,0
25475063,5471,0,2,0,0,0,0,0,0,0,0,0
25478706,5472,0,2,0,0,0,0,0,0,0,0,0
25482350,5473,0,2,0,0,0,0,0,0,0,0,0
25485994,5474,0,2,0,0,0,0,0,0,0,0,0
25489638,5475,0,2,0,0,0,0,0,0,0,0,0
25493282,5476,0,2,0,0,0,0,0,0,0,0,0
25496926,5477,0,2,0,0,0,0,0,0,0,0,0
25500570,5478,0,2,0,0,0,0,0,0,0,0,0
25504214,5479,0,2,0,0,0,0,0,0,0,0,0
25507858,5480,0,2,0,0,0,0,0,0,0,0,0
25511503,5481,0,2,0,0,0,0,0,0,0,0,0
25515146,5482,0,2,0,0,0,0,0,0,0,0,0
25518790,5483,0,2,0,0,0,0,0,0,0,0,0
25522434,5484,0,2,0,0,0,0,0,0,0,0,0
25526078,5485,0,2,0,0,0,0,0,0,0,0,0
25529722,5486,0,2,0,0,0,0,0,0,0,0,0
25533366,5487,0,2,0,0,0,0,0,0,0,0,0
25537011,5488,0,2,0,0,0,0,0,0,0,0,0
25540654,5489,0,2,0,0,0,0,0,0,0,0,0
25544298,5490,0,2,0,0,0,0,0,0,0,0,0
25547943,5491,0,2,0,0,0,0,0,0,0,0,0
25551586,5492,0,2,0,0,0,0,0,0,0,0,0
25555230,5493,0,2,0,0,0,0,0,0,0,0,0
25558874,5494,0,2,0,0,0,0,0,0,0,0,0
25562518,5495,0,2,0,0,0,0,0,0,0,0,0
25566162,5496,0,2,0,0,0,0,0,0,0,0,0
25569806,5497,0,2,0,0,0,0,0,0,0,0,0
25573450,5498,0,2,0,0,0,0,0,0,0,0,0
25577095,5499,0,2,0,0,0,0,0,0,0,0,0
25580738,5500,0,2,0,0,0,0,0,0,0,0,0
25584383,5501,0,2,0,0,0,0,0,0,0,0,0
25588026,5502,0,2,0,0,0,0,0,0,0,0,0
25591670,5503,0,2,0,0,0,0,0,0,0,0,0
25595314,5504,0,2,0,0,0,0,0,0,0,0,0
25598958,5505,0,2,0,0,0,0,0,0,0,0,0
25602602,5506,0,2,0,0,0,0,0,0,0,0,0
25606246,5507,0,2,0,0,0,0,0,0,0,0,0
25609890,5508,0,2,0,0,0,0,0,0,0,0,0
25613534,5509,0,2,0,0,0,0,0,0,0,0,0
25617178,5510,0,2,0,0,0,0,0,0,0,0,0
25620823,5511,0,2,0,0,0,0,0,0,0,0,0
25624466,5512,0,2,0,0,0,0,0,0,0,0,0
25628110,5513,0,2,0,0,0,0,0,0,0,0,0
25631754,5514,0,2,0,0,0,0,0,0,0,0,0
25635398,5515,0,2,0,0,0,0,0,0,0,0,0
25639042,5516,0,2,0,0,0,0,0,0,0,0,0
25642686,5517,0,2,0,0,0,0,0,0,0,0,0
25646330,5518,0,2,0,0,0,0,0,0,0,0,0
25649974,5519,0,2,0,0,0,0,0,0,0,0,0
25653618,5520,0,2,0,0,0,0,0,0,0,0,0
25657263,5521,0,2,0,0,0,0,0,0,0,0,0
25660906,5522,0,2,0,0,0,0,0,0,0,0,0
25664550,5523,0,2,0,0,0,0,0,0,0,0,0
25668194,5524,0,2,0,0,0,0,0,0,0,0,0
25671838,5525,0,2,0,0,0,0,0,0,0,0,0
25675482,5526,0,2,0,0,0,0,0,0,0,0,0
25679126,5527,0,2,0,0,0,0,0,0,0,0,0
25682770,5528,0,2,0,0,0,0,0,0,0,0,0
25686414,5529,0,2,0,0,0,0,0,0,0,0,0
25690058,5530,0,2,0,0,0,0,0,0,0,0,0
25693703,5531,0,2,0,0,0,0,0,0,0,0,0
25697346,5532,0,2,0,0,0,0,0,0,0,0,0
25700990,5533,0,2,0,0,0,0,0,0,0,0,0
25704634,5534,0,2,0,0,0,0,0,0,0,0,0
25708278,5535,0,2,0,0,0,0,0,0,0,0,0
25711922,5536,0,2,0,0,0,0,0,0,0,0,0
25715566,5537,0,2,0,0,0,0,0,0,0,0,0
25719210,5538,0,2,0,0,0,0,0,0,0,0,0
25722854,5539,0,2,0,0,0,0,0,0,0,0,0
25726498,5540,0,2,0,0,0,0,0,0,0,0,0
25730143,5541,0,2,0,0,0,0,0,0,0,0,0
25733786,5542,0,2,0,0,0,0,0,0,0,0,0
25737430,5543,0,2,0,0,0,0,0,0,0,0,0
25741074,5544,0,2,0,0,0,0,0,0,0,0,0
25744718,5545,0,2,0,0,0,0,0,0,0,0,0
25748362,5546,0,2,0,0,0,0,0,0,0,0,0
25752006,5547,0,2,0,0,0,0,0,0,0,0,0
25755650,5548,0,2,0,0,0,0,0,0,0,0,0
25759294,5549,0,2,0,0,0,0,0,0,0,0,0
25762938,5550,0,2,0,0,0,0,0,0,0,0,0
25766583,5551,0,2,0,0,0,0,0,0,0,0,0
25770226,5552,0,2,0,0,0,0,0,0,0,0,0
25773870,5553,0,2,0,0,0,0,0,0,0,0,0
25777514,5554,0,2,0,0,0,0,0,0,0,0,0
25781158,5555,0,2,0,0,0,0,0,0,0,0,0
25784802,5556,0,2,0,0,0,0,0,0,0,0,0
25788446,5557,0,2,0,0,0,0,0,0,0,0,0
25792090,5558,0,2,0,0,0,0,0,0,0,0,0
25795734,5559,0,2,0,0,0,0,0,0,0,0,0
25799378,5560,0,2,0,0,0,0,0,0,0,0,0
25803023,5561,0,2,0,0,0,0,0,0,0,0,0
25806666,5562,0,2,0,0,0,0,0,0,0,0,0
25810310,5563,0,2,0,0,0,0,0,0,0,0,0
25813954,5564,0,2,0,0,0,0,0,0,0,0,0
25817598,5565,0,2,0,0,0,0,0,0,0,0,0
25821242,5566,0,2,0,0,0,0,0,0,0,0,0
25824886,5567,0,2,0,0,0,0,0,0,0,0,0
25828530,5568,0,2,0,0,0,0,0,0,0,0,0
25832174,5569,0,2,0,0,0,0,0,0,0,0,0
25835818,5570,0,2,0,0,0,0,0,0,0,0,0
25839463,5571,0,2,0,0,0,0,0,0,0,0,0
25843106,5572,0,2,0,0,0,0,0,0,0,0,0
25846750,5573,0,2,0,0,0,0,0,0,0,0,0
25850394,5574,0,2,0,0,0,0,0,0,0,0,0
25854038,5575,0,2,0,0,0,0,0,0,0,0,0
25857682,5576,0,2,0,0,0,0,0,0,0,0,0
25861326,5577,0,2,0,0,0,0,0,0,0,0,0
25864970,5578,0,2,0,0,0,0,0,0,0,0,0
25868614,5579,0,2,0,0,0,0,0,0,0,0,0
25872258,5580,0,2,0,0,0,0,0,0,0,0,0
25875903,5581,0,2,0,0,0,0,0,0,0,0,0
25879546,5582,0,2,0,0,0,0,0,0,0,0,0
25883190,5583,0,2,0,0,0,0,0,0,0,0,0
25886834,5584,0,2,0,0,0,0,0,0,0,0,0
25890478,5585,0,2,0,0,0,0,0,0,0,0,0
25894122,5586,0,2,0,0,0,0,0,0,0,0,0
25897766,5587,0,2,0,0,0,0,0,0,0,0,0
25901410,5588,0,2,0,0,0,0,0,0,0,0,0
25905054,5589,0,2,0,0,0,0,0,0,0,0,0
25908698,5590,0,2,0,0,0,0,0,0,0,0,0
25912343,5591,0,2,0,0,0,0,0,0,0,0,0
25915986,5592,0,2,0,0,0,0,0,0,0,0,0
25919630,5593,0,2,0,0,0,0,0,0,0,0,0
25923274,5594,0,2,0,0,0,0,0,0,0,0,0
25926918,5595,0,2,0,0,0,0,0,0,0,0,0
25930562,5596,0,2,0,0,0,0,0,0,0,0,0
25934206,5597,0,2,0,0,0,0,0,0,0,0,0
25937850,5598,0,2,0,0,0,0,0,0,0,0,0
25941494,5599,0,2,0,0,0,0,0,0,0,0,0
25945138,5600,0,2,0,0,0,0,0,0,0,0,0
25948783,5601,0,2,0,0,0,0,0,0,0,0,0
25952426,5602,0,2,0,0,0,0,0,0,0,0,0
25956070,5603,0,2,0,0,0,0,0,0,0,0,0
25959714,5604,0,2,0,0,0,0,0,0,0,0,0
25963358,5605,0,2,0,0,0,0,0,0,0,0,0
25967002,5606,0,2,0,0,0,0,0,0,0,0,0
25970646,5607,0,2,0,0,0,0,0,0,0,0,0
25974290,5608,0,2,0,0,0,0,0,0,0,0,0
25977934,5609,0,2,0,0,0,0,0,0,0,0,0
25981578,5610,0,2,0,0,0,0,0,0,0,0,0
25985223,5611,0,2,0,0,0,0,0,0,0,0,0
25988866,5612,0,2,0,0,0,0,0,0,0,0,0
25992510,5613,0,2,0,0,0,0,0,0,0,0,0
25996154,5614,0,2,0,0,0,0,0,0,0,0,0
25999798,5615,0,2,0,0,0,0,0,0,0,0,0
26003442,5616,0,2,0,0,0,0,0,0,0,0,0
26007087,5617,0,2,0,0,0,0,0,0,0,0,0
26010730,5618,0,2,0,0,0,0,0,0,0,0,0
26014374,5619,0,2,0,0,0,0,0,0,0,0,0
26018018,5620,0,2,0,0,0,0,0,0,0,0,0
26021663,5621,0,2,0,0,0,0,0,0,0,0,0
26025306,5622,0,2,0,0,0,0,0,0,0,0,0
26028950,5623,0,2,0,0,0,0,0,0,0,0,0
26032594,5624,0,2,0,0,0,0,0,0,0,0,0
26036238,5625,0,2,0,0,0,0,0,0,0,0,0
26039882,5626,0,2,0,0,0,0,0,0,0,0,0
26043526,5627,0,2,0,0,0,0,0,0,0,0,0
26047170,5628,0,2,0,0,0,0,0,0,0,0,0
26050814,5629,0,2,0,0,0,0,0,0,0,0,0
26054458,5630,0,2,0,0,0,0,0,0,0,0,0
26058103,5631,0,2,0,0,0,0,0,0,0,0,0
26061746,5632,0,2,0,0,0,0,0,0,0,0,0
26065390,5633,0,2,0,0,0,0,0,0,0,0,0
26069035,5634,0,2,0,0,0,0,0,0,0,0,0
26072678,5635,0,2,0,0,0,0,0,0,0,0,0
26076322,5636,0,2,0,0,0,0,0,0,0,0,0
26079966,5637,0,2,0,0,0,0,0,0,0,0,0
26083610,5638,0,2,0,0,0,0,0,0,0,0,0
26087254,5639,0,2,0,0,0,0,0,0,0,0,0
26090898,5640,0,2,0,0,0,0,0,0,0,0,0
26094543,5641,0,2,0,0,0,0,0,0,0,0,0
26098186,5642,0,2,0,0,0,0,0,0,0,0,0
26101830,5643,0,2,0,0,0,0,0,0,0,0,0
26105474,5644,0,2,0,0,0,0,0,0,0,0,0
26109118,5645,0,2,0,0,0,0,0,0,0,0,0
26112762,5646,0,2,0,0,0,0,0,0,0,0,0
26116406,5647,0,2,0,0,0,0,0,0,0,0,0
26120050,5648,0,2,0,0,0,0,0,0,0,0,0
26123694,5649,0,2,0,0,0,0,0,0,0,0,0
26127338,5650,0,2,0,0,0,0,0,0,0,0,0
26130983,5651,0,2,0,0,0,0,0,0,0,0,0
26134626,5652,0,2,0,0,0,0,0,0,0,0,0
26138270,5653,0,2,0,0,0,0,0,0,0,0,0
26141914,5654,0,2,0,0,0,0,0,0,0,0,0
26145558,5655,0,2,0,0,0,0,0,0,0,0,0
26149202,5656,0,2,0,0,0,0,0,0,0,0,0
26152846,5657,0,2,0,0,0,0,0,0,0,0,0
26156490,5658,0,2,0,0,0,0,0,0,0,0,0
26160134,5659,0,2,0,0,0,0,0,0,0,0,0
26163778,5660,0,2,0,0,0,0,0,0,0,0,0
26167423,5661,0,2,0,0,0,0,0,0,0,0,0
26171067,5662,0,2,0,0,0,0,0,0,0,0,0
26174710,5663,0,2,0,0,0,0,0,0,0,0,0
26178354,5664,0,2,0,0,0,0,0,0,0,0,0
26181998,5665,0,2,0,0,0,0,0,0,0,0,0
26185642,5666,0,2,0,0,0,0,0,0,0,0,0
26189286,5667,0,2,0,0,0,0,0,0,0,0,0
26192930,5668,0,2,0,0,0,0,0,0,0,0,0
26196574,5669,0,2,0,0,0,0,0,0,0,0,0
26200218,5670,0,2,0,0,0,0,0,0,0,0,0
26203863,5671,0,2,0,0,0,0,0,0,0,0,0
26207506,5672,0,2,0,0,0,0,0,0,0,0,0
26211150,5673,0,2,0,0,0,0,0,0,0,0,0
26214794,5674,0,2,0,0,0,0,0,0,0,0,0
26218438,5675,0,2,0,0,0,0,0,0,0,0,0
26231670,5676,0,2,0,0,0,0,0,0,0,0,0
26235301,5677,0,2,0,0,0,0,0,0,0,0,0
26238945,5678,0,2,0,0,0,0,0,0,0,0,0
26242589,5679,0,2,0,0,0,0,0,0,0,0,0
26246233,5680,0,2,0,0,0,0,0,0,0,0,0
26249878,5681,0,2,0,0,0,0,0,0,0,0,0
26253521,5682,0,2,0,0,0,0,0,0,0,0,0
26257165,5683,0,2,0,0,0,0,0,0,0,0,0
26260809,5684,0,2,0,0,0,0,0,0,0,0,0
26264453,5685,0,2,0,0,0,0,0,0,0,0,0
26268097,5686,0,2,0,0,0,0,0,0,0,0,0
26271741,5687,0,2,0,0,0,0,0,0,0,0,0
26275385,5688,0,2,0,0,0,0,0,0,0,0,0
26279029,5689,0,2,0,0,0,0,0,0,0,0,0
26282673,5690,0,2,0,0,0,0,0,0,0,0,0
26286318,5691,0,2,0,0,0,0,0,0,0,0,0
26289961,5692,0,2,0,0,0,0,0,0,0,0,0
26293605,5693,0,2,0,0,0,0,0,0,0,0,0
26297249,5694,0,2,0,0,0,0,0,0,0,0,0
26300893,5695,0,2,0,0,0,0,0,0,0,0,0
26304537,5696,0,2,0,0,0,0,0,0,0,0,0
26308181,5697,0,2,0,0,0,0,0,0,0,0,0
26311825,5698,0,2,0,0,0,0,0,0,0,0,0
26315469,5699,0,2,0,0,0,0,0,0,0,0,0
26319113,5700,0,2,0,0,0,0,0,0,0,0,0
26322758,5701,0,2,0,0,0,0,0,0,0,0,0
26326401,5702,0,2,0,0,0,0,0,0,0,0,0
26330045,5703,0,2,0,0,0,0,0,0,0,0,0
26333689,5704,0,2,0,0,0,0,0,0,0,0,0
26337333,5705,0,2,0,0,0,0,0,0,0,0,0
26340977,5706,0,2,0,0,0,0,0,0,0,0,0
26344621,5707,0,2,0,0,0,0,0,0,0,0,0
26348265,5708,0,2,0,0,0,0,0,0,0,0,0
26351909,5709,0,2,0,0,0,0,0,0,0,0,0
26355553,5710,0,2,0,0,0,0,0,0,0,0,0
26359198,5711,0,2,0,0,0,0,0,0,0,0,0
26362841,5712,0,2,0,0,0,0,0,0,0,0,0
26366485,5713,0,2,0,0,0,0,0,0,0,0,0
26370129,5714,0,2,0,0,0,0,0,0,0,0,0
26373773,5715,0,2,0,0,0,0,0,0,0,0,0
26377417,5716,0,2,0,0,0,0,0,0,0,0,0
26381061,5717,0,2,0,0,0,0,0,0,0,0,0
26384705,5718,0,2,0,0,0,0,0,0,0,0,0
26388349,5719,0,2,0,0,0,0,0,0,0,0,0
26391993,5720,0,2,0,0,0,0,0,0,0,0,0
26395638,5721,0,2,0,0,0,0,0,0,0,0,0
26399281,5722,0,2,0,0,0,0,0,0,0,0,0
26402925,5723,0,2,0,0,0,0,0,0,0,0,0
26406569,5724,0,2,0,0,0,0,0,0,0,0,0
26410213,5725,0,2,0,0,0,0,0,0,0,0,0
26413857,5726,0,2,0,0,0,0,0,0,0,0,0
26417501,5727,0,2,0,0,0,0,0,0,0,0,0
26421145,5728,0,2,0,0,0,0,0,0,0,0,0
26424789,5729,0,2,0,0,0,0,0,0,0,0,0
26428433,5730,0,2,0,0,0,0,0,0,0,0,0
26432078,5731,0,2,0,0,0,0,0,0,0,0,0
26435721,5732,0,2,0,0,0,0,0,0,0,0,0
26439365,5733,0,2,0,0,0,0,0,0,0,0,0
26443009,5734,0,2,0,0,0,0,0,0,0,0,0
26446653,5735,0,2,0,0,0,0,0,0,0,0,0
26450297,5736,0,2,0,0,0,0,0,0,0,0,0
26453941,5737,0,2,0,0,0,0,0,0,0,0,0
26457585,5738,0,2,0,0,0,0,0,0,0,0,0
26461229,5739,0,2,0,0,0,0,0,0,0,0,0
26464873,5740,0,2,0,0,0,0,0,0,0,0,0
26468518,5741,0,2,0,0,0,0,0,0,0,0,0
26472161,5742,0,2,0,0,0,0,0,0,0,0,0
26475805,5743,0,2,0,0,0,0,0,0,0,0,0
26479449,5744,0,2,0,0,0,0,0,0,0,0,0
26483093,5745,0,2,0,0,0,0,0,0,0,0,0
26486737,5746,0,2,0,0,0,0,0,0,0,0,0
26490381,5747,0,2,0,0,0,0,0,0,0,0,0
26494026,5748,0,2,0,0,0,0,0,0,0,0,0
26497669,5749,0,2,0,0,0,0,0,0,0,0,0
26501313,5750,0,2,0,0,0,0,0,0,0,0,0
26504958,5751,0,2,0,0,0,0,0,0,0,0,0
26508601,5752,0,2,0,0,0,0,0,0,0,0,0
26512245,5753,0,2,0,0,0,0,0,0,0,0,0
26515889,5754,0,2,0,0,0,0,0,0,0,0,0
26519533,5755,0,2,0,0,0,0,0,0,0,0,0
26523177,5756,0,2,0,0,0,0,0,0,0,0,0
26526821,5757,0,2,0,0,0,0,0,0,0,0,0
26530465,5758,0,2,0,0,0,0,0,0,0,0,0
26534109,5759,0,2,0,0,0,0,0,0,0,0,0
26537753,5760,0,2,0,0,0,0,0,0,0,0,0
26541398,5761,0,2,0,0,0,0,0,0,0,0,0
26545041,5762,0,2,0,0,0,0,0,0,0,0,0
26548685,5763,0,2,0,0,0,0,0,0,0,0,0
26552329,5764,0,2,0,0,0,0,0,0,0,0,0
26555973,5765,0,2,0,0,0,0,0,0,0,0,0
26559617,5766,0,2,0,0,0,0,0,0,0,0,0
26563261,5767,0,2,0,0,0,0,0,0,0,0,0
26566905,5768,0,2,0,0,0,0,0,0,0,0,0
26570549,5769,0,2,0,0,0,0,0,0,0,0,0
26574193,5770,0,2,0,0,0,0,0,0,0,0,0
26577838,5771,0,2,0,0,0,0,0,0,0,0,0
26581481,5772,0,2,0,0,0,0,0,0,0,0,0
26585125,5773,0,2,0,0,0,0,0,0,0,0,0
26588769,5774,0,2,0,0,0,0,0,0,0,0,0
26592413,5775,0,2,0,0,0,0,0,0,0,0,0
26596057,5776,0,2,0,0,0,0,0,0,0,0,0
26599701,5777,0,2,0,0,0,0,0,0,0,0,0
26603345,5778,0,2,0,0,0,0,0,0,0,0,0
26606989,5779,0,2,0,0,0,0,0,0,0,0,0
26610633,5780,0,2,0,0,0,0,0,0,0,0,0
26614278,5781,0,2,0,0,0,0,0,0,0,0,0
26617921,5782,0,2,0,0,0,0,0,0,0,0,0
26621565,5783,0,2,0,0,0,0,0,0,0,0,0
26625209,5784,0,2,0,0,0,0,0,0,0,0,0
26628853,5785,0,2,0,0,0,0,0,0,0,0,0
26632497,5786,0,2,0,0,0,0,0,0,0,0,0
26636141,5787,0,2,0,0,0,0,0,0,0,0,0
26639785,5788,0,2,0,0,0,0,0,0,0,0,0
26643429,5789,0,2,0,0,0,0,0,0,0,0,0
26647073,5790,0,2,0,0,0,0,0,0,0,0,0
26650718,5791,0,2,0,0,0,0,0,0,0,0,0
26654361,5792,0,2,0,0,0,0,0,0,0,0,0
26658005,5793,0,2,0,0,0,0,0,0,0,0,0
26661649,5794,0,2,0,0,0,0,0,0,0,0,0
26665293,5795,0,2,0,0,0,0,0,0,0,0,0
26668937,5796,0,2,0,0,0,0,0,0,0,0,0
26672581,5797,0,2,0,0,0,0,0,0,0,0,0
26676225,5798,0,2,0,0,0,0,0,0,0,0,0
26679869,5799,0,2,0,0,0,0,0,0,0,0,0
26683513,5800,0,2,0,0,0,0,0,0,0,0,0
26687158,5801,0,2,0,0,0,0,0,0,0,0,0
26690801,5802,0,2,0,0,0,0,0,0,0,0,0
26694445,5803,0,2,0,0,0,0,0,0,0,0,0
26698089,5804,0,2,0,0,0,0,0,0,0,0,0
26701733,5805,0,2,0,0,0,0,0,0,0,0,0
26705377,5806,0,2,0,0,0,0,0,0,0,0,0
26709021,5807,0,2,0,0,0,0,0,0,0,0,0
26712665,5808,0,2,0,0,0,0,0,0,0,0,0
26716309,5809,0,2,0,0,0,0,0,0,0,0,0
26719953,5810,0,2,0,0,0,0,0,0,0,0,0
26723598,5811,0,2,0,0,0,0,0,0,0,0,0
26727241,5812,0,2,0,0,0,0,0,0,0,0,0
26730885,5813,0,2,0,0,0,0,0,0,0,0,0
26734529,5814,0,2,0,0,0,0,0,0,0,0,0
26738173,5815,0,2,0,0,0,0,0,0,0,0,0
26741817,5816,0,2,0,0,0,0,0,0,0,0,0
26745461,5817,0,2,0,0,0,0,0,0,0,0,0
26749105,5818,0,2,0,0,0,0,0,0,0,0,0
26752749,5819,0,2,0,0,0,0,0,0,0,0,0
26756393,5820,0,2,0,0,0,0,0,0,0,0,0
26760038,5821,0,2,0,0,0,0,0,0,0,0,0
26763681,5822,0,2,0,0,0,0,0,0,0,0,0
26767325,5823,0,2,0,0,0,0,0,0,0,0,0
26770969,5824,0,2,0,0,0,0,0,0,0,0,0
26774613,5825,0,2,0,0,0,0,0,0,0,0,0
26778257,5826,0,2,0,0,0,0,0,0,0,0,0
26781901,5827,0,2,0,0,0,0,0,0,0,0,0
26785545,5828,0,2,0,0,0,0,0,0,0,0,0
26789189,5829,0,2,0,0,0,0,0,0,0,0,0
26792833,5830,0,2,0,0,0,0,0,0,0,0,0
26796478,5831,0,2,0,0,0,0,0,0,0,0,0
26800121,5832,0,2,0,0,0,0,0,0,0,0,0
26803765,5833,0,2,0,0,0,0,0,0,0,0,0
26807409,5834,0,2,0,0,0,0,0,0,0,0,0
26811054,5835,0,2,0,0,0,0,0,0,0,0,0
26814697,5836,0,2,0,0,0,0,0,0,0,0,0
26818341,5837,0,2,0,0,0,0,0,0,0,0,0
26821985,5838,0,2,0,0,0,0,0,0,0,0,0
26825629,5839,0,2,0,0,0,0,0,0,0,0,0
26829273,5840,0,2,0,0,0,0,0,0,0,0,0
26832918,5841,0,2,0,0,0,0,0,0,0,0,0
26836561,5842,0,2,0,0,0,0,0,0,0,0,0
26840205,5843,0,2,0,0,0,0,0,0,0,0,0
26843849,5844,0,2,0,0,0,0,0,0,0,0,0
26847493,5845,0,2,0,0,0,0,0,0,0,0,0
26851137,5846,0,2,0,0,0,0,0,0,0,0,0
26854781,5847,0,2,0,0,0,0,0,0,0,0,0
26858425,5848,0,2,0,0,0,0,0,0,0,0,0
26862069,5849,0,2,0,0,0,0,0,0,0,0,0
26865713,5850,0,2,0,0,0,0,0,0,0,0,0
26869358,5851,0,2,0,0,0,0,0,0,0,0,0
26873001,5852,0,2,0,0,0,0,0,0,0,0,0
26876645,5853,0,2,0,0,0,0,0,0,0,0,0
26880289,5854,0,2,0,0,0,0,0,0,0,0,0
26883933,5855,0,2,0,0,0,0,0,0,0,0,0
26887577,5856,0,2,0,0,0,0,0,0,0,0,0
26891221,5857,0,2,0,0,0,0,0,0,0,0,0
26894865,5858,0,2,0,0,0,0,0,0,0,0,0
26898509,5859,0,2,0,0,0,0,0,0,0,0,0
26902153,5860,0,2,0,0,0,0,0,0,0,0,0
26905798,5861,0,2,0,0,0,0,0,0,0,0,0
26909441,5862,0,2,0,0,0,0,0,0,0,0,0
26913085,5863,0,2,0,0,0,0,0,0,0,0,0
26916729,5864,0,2,0,0,0,0,0,0,0,0,0
26920373,5865,0,2,0,0,0,0,0,0,0,0,0
26924017,5866,0,2,0,0,0,0,0,0,0,0,0
26927661,5867,0,2,0,0,0,0,0,0,0,0,0
26931305,5868,0,2,0,0,0,0,0,0,0,0,0
26934949,5869,0,2,0,0,0,0,0,0,0,0,0
26938593,5870,0,2,0,0,0,0,0,0,0,0,0
26942238,5871,0,2,0,0,0,0,0,0,0,0,0
26945881,5872,0,2,0,0,0,0,0,0,0,0,0
26949525,5873,0,2,0,0,0,0,0,0,0,0,0
26953169,5874,0,2,0,0,0,0,0,0,0,0,0
26956813,5875,0,2,0,0,0,0,0,0,0,0,0
26960457,5876,0,2,0,0,0,0,0,0,0,0,0
26964101,5877,0,2,0,0,0,0,0,0,0,0,0
26967745,5878,0,2,0,0,0,0,0,0,0,0,0
26971389,5879,0,2,0,0,0,0,0,0,0,0,0
26975033,5880,0,2,0,0,0,0,0,0,0,0,0
26978678,5881,0,2,0,0,0,0,0,0,0,0,0
26982321,5882,0,2,0,0,0,0,0,0,0,0,0
26985965,5883,0,2,0,0,0,0,0,0,0,0,0
26989609,5884,0,2,0,0,0,0,0,0,0,0,0
26993253,5885,0,2,0,0,0,0,0,0,0,0,0
26996897,5886,0,2,0,0,0,0,0,0,0,0,0
27000541,5887,0,2,0,0,0,0,0,0,0,0,0
27004185,5888,0,2,0,0,0,0,0,0,0,0,0
27007829,5889,0,2,0,0,0,0,0,0,0,0,0
27011473,5890,0,2,0,0,0,0,0,0,0,0,0
27015118,5891,0,2,0,0,0,0,0,0,0,0,0
27018761,5892,0,2,0,0,0,0,0,0,0,0,0
27022405,5893,0,2,0,0,0,0,0,0,0,0,0
27026049,5894,0,2,0,0,0,0,0,0,0,0,0
27029693,5895,0,2,0,0,0,0,0,0,0,0,0
27033337,5896,0,2,0,0,0,0,0,0,0,0,0
27036981,5897,0,2,0,0,0,0,0,0,0,0,0
27040625,5898,0,2,0,0,0,0,0,0,0,0,0
27044269,5899,0,2,0,0,0,0,0,0,0,0,0
27047913,5900,0,2,0,0,0,0,0,0,0,0,0
27051558,5901,0,2,0,0,0,0,0,0,0,0,0
27055201,5902,0,2,0,0,0,0,0,0,0,0,0
27063870,5903,0,2,0,0,0,0,0,0,0,0,0
27067502,5904,0,2,0,0,0,0,0,0,0,0,0
27071146,5905,0,2,0,0,0,0,0,0,0,0,0
27074790,5906,0,2,0,0,0,0,0,0,0,0,0
27078434,5907,0,2,0,0,0,0,0,0,0,0,0
27082078,5908,0,2,0,0,0,0,0,0,0,0,0
27085722,5909,0,2,0,0,0,0,0,0,0,0,0
27089366,5910,0,2,0,0,0,0,0,0,0,0,0
27093011,5911,0,2,0,0,0,0,0,0,0,0,0
27096654,5912,0,2,0,0,0,0,0,0,0,0,0
27100298,5913,0,2,0,0,0,0,0,0,0,0,0
27103942,5914,0,2,0,0,0,0,0,0,0,0,0
27107586,5915,0,2,0,0,0,0,0,0,0,0,0
27111230,5916,0,2,0,0,0,0,0,0,0,0,0
27114874,5917,0,2,0,0,0,0,0,0,0,0,0
27118518,5918,0,2,0,0,0,0,0,0,0,0,0
27122162,5919,0,2,0,0,0,0,0,0,0,0,0
27125806,5920,0,2,0,0,0,0,0,0,0,0,0
27129451,5921,0,2,0,0,0,0,0,0,0,0,0
27133094,5922,0,2,0,0,0,0,0,0,0,0,0
27136738,5923,0,2,0,0,0,0,0,0,0,0,0
27140382,5924,0,2,0,0,0,0,0,0,0,0,0
27144026,5925,0,2,0,0,0,0,0,0,0,0,0
27147670,5926,0,2,0,0,0,0,0,0,0,0,0
27151314,5927,0,2,0,0,0,0,0,0,0,0,0
27154958,5928,0,2,0,0,0,0,0,0,0,0,0
27158602,5929,0,2,0,0,0,0,0,0,0,0,0
27162246,5930,0,2,0,0,0,0,0,0,0,0,0
27165891,5931,0,2,0,0,0,0,0,0,0,0,0
27169534,5932,0,2,0,0,0,0,0,0,0,0,0
27173178,5933,0,2,0,0,0,0,0,0,0,0,0
27176822,5934,0,2,0,0,0,0,0,0,0,0,0
27180466,5935,0,2,0,0,0,0,0,0,0,0,0
27184110,5936,0,2,0,0,0,0,0,0,0,0,0
27187754,5937,0,2,0,0,0,0,0,0,0,0,0
27191398,5938,0,2,0,0,0,0,0,0,0,0,0
27195042,5939,0,2,0,0,0,0,0,0,0,0,0
27198686,5940,0,2,0,0,0,0,0,0,0,0,0
27202331,5941,0,2,0,0,0,0,0,0,0,0,0
27205974,5942,0,2,0,0,0,0,0,0,0,0,0
27209618,5943,0,2,0,0,0,0,0,0,0,0,0
27213262,5944,0,2,0,0,0,0,0,0,0,0,0
27216906,5945,0,2,0,0,0,0,0,0,0,0,0
27220550,5946,0,2,0,0,0,0,0,0,0,0,0
27224194,5947,0,2,0,0,0,0,0,0,0,0,0
27227838,5948,0,2,0,0,0,0,0,0,0,0,0
27231482,5949,0,2,0,0,0,0,0,0,0,0,0
27235126,5950,0,2,0,0,0,0,0,0,0,0,0
27238771,5951,0,2,0,0,0,0,0,0,0,0,0
27242414,5952,0,2,0,0,0,0,0,0,0,0,0
27246058,5953,0,2,0,0,0,0,0,0,0,0,0
27249702,5954,0,2,0,0,0,0,0,0,0,0,0
27253346,5955,0,2,0,0,0,0,0,0,0,0,0
27256990,5956,0,2,0,0,0,0,0,0,0,0,0
27260634,5957,0,2,0,0,0,0,0,0,0,0,0
27264278,5958,0,2,0,0,0,0,0,0,0,0,0
27267922,5959,0,2,0,0,0,0,0,0,0,0,0
27271566,5960,0,2,0,0,0,0,0,0,0,0,0
27275211,5961,0,2,0,0,0,0,0,0,0,0,0
27278854,5962,0,2,0,0,0,0,0,0,0,0,0
27282498,5963,0,2,0,0,0,0,0,0,0,0,0
27286142,5964,0,2,0,0,0,0,0,0,0,0,0
27289786,5965,0,2,0,0,0,0,0,0,0,0,0
27293430,5966,0,2,0,0,0,0,0,0,0,0,0
27297074,5967,0,2,0,0,0,0,0,0,0,0,0
27300718,5968,0,2,0,0,0,0,0,0,0,0,0
27304362,5969,0,2,0,0,0,0,0,0,0,0,0
27308006,5970,0,2,0,0,0,0,0,0,0,0,0
27311651,5971,0,2,0,0,0,0,0,0,0,0,0
27315294,5972,0,2,0,0,0,0,0,0,0,0,0
27318938,5973,0,2,0,0,0,0,0,0,0,0,0
27322582,5974,0,2,0,0,0,0,0,0,0,0,0
27326226,5975,0,2,0,0,0,0,0,0,0,0,0
27329870,5976,0,2,0,0,0,0,0,0,0,0,0
27333514,5977,0,2,0,0,0,0,0,0,0,0,0
27337158,5978,0,2,0,0,0,0,0,0,0,0,0
27340802,5979,0,2,0,0,0,0,0,0,0,0,0
27344446,5980,0,2,0,0,0,0,0,0,0,0,0
27348091,5981,0,2,0,0,0,0,0,0,0,0,0
27351734,5982,0,2,0,0,0,0,0,0,0,0,0
27355378,5983,0,2,0,0,0,0,0,0,0,0,0
27359022,5984,0,2,0,0,0,0,0,0,0,0,0
27362666,5985,0,2,0,0,0,0,0,0,0,0,0
27366310,5986,0,2,0,0,0,0,0,0,0,0,0
27369954,5987,0,2,0,0,0,0,0,0,0,0,0
27373598,5988,0,2,0,0,0,0,0,0,0,0,0
27377242,5989,0,2,0,0,0,0,0,0,0,0,0
27380886,5990,0,2,0,0,0,0,0,0,0,0,0
27384531,5991,0,2,0,0,0,0,0,0,0,0,0
27388174,5992,0,2,0,0,0,0,0,0,0,0,0
27391818,5993,0,2,0,0,0,0,0,0,0,0,0
27395462,5994,0,2,0,0,0,0,0,0,0,0,0
27399106,5995,0,2,0,0,0,0,0,0,0,0,0
27402750,5996,0,2,0,0,0,0,0,0,0,0,0
27406394,5997,0,2,0,0,0,0,0,0,0,0,0
27410038,5998,0,2,0,0,0,0,0,0,0,0,0
27413682,5999,0,2,0,0,0,0,0,0,0,0,0
27417326,6000,0,2,0,0,0,0,0,0,0,0,0
27420971,6001,0,2,0,0,0,0,0,0,0,0,0
27424614,6002,0,2,0,0,0,0,0,0,0,0,0
27428258,6003,0,2,0,0,0,0,0,0,0,0,0
27431902,6004,0,2,0,0,0,0,0,0,0,0,0
27435546,6005,0,2,0,0,0,0,0,0,0,0,0
27439190,6006,0,2,0,0,0,0,0,0,0,0,0
27442834,6007,0,2,0,0,0,0,0,0,0,0,0
27446478,6008,0,2,0,0,0,0,0,0,0,0,0
27450122,6009,0,2,0,0,0,0,0,0,0,0,0
27453766,6010,0,2,0,0,0,0,0,0,0,0,0
27457411,6011,0,2,0,0,0,0,0,0,0,0,0
27461054,6012,0,2,0,0,0,0,0,0,0,0,0
27464698,6013,0,2,0,0,0,0,0,0,0,0,0
27468342,6014,0,2,0,0,0,0,0,0,0,0,0
27471986,6015,0,2,0,0,0,0,0,0,0,0,0
27475630,6016,0,2,0,0,0,0,0,0,0,0,0
27479274,6017,0,2,0,0,0,0,0,0,0,0,0
27482918,6018,0,2,0,0,0,0,0,0,0,0,0
27486562,6019,0,2,0,0,0,0,0,0,0,0,0
27490206,6020,0,2,0,0,0,0,0,0,0,0,0
27493851,6021,0,2,0,0,0,0,0,0,0,0,0
27497494,6022,0,2,0,0,0,0,0,0,0,0,0
27501138,6023,0,2,0,0,0,0,0,0,0,0,0
27504782,6024,0,2,0,0,0,0,0,0,0,0,0
27508426,6025,0,2,0,0,0,0,0,0,0,0,0
27512070,6026,0,2,0,0,0,0,0,0,0,0,0
27515714,6027,0,2,0,0,0,0,0,0,0,0,0
27519358,6028,0,2,0,0,0,0,0,0,0,0,0
27523002,6029,0,2,0,0,0,0,0,0,0,0,0
27526646,6030,0,2,0,0,0,0,0,0,0,0,0
27530291,6031,0,2,0,0,0,0,0,0,0,0,0
27533934,6032,0,2,0,0,0,0,0,0,0,0,0
27537578,6033,0,2,0,0,0,0,0,0,0,0,0
27541222,6034,0,2,0,0,0,0,0,0,0,0,0
27544866,6035,0,2,0,0,0,0,0,0,0,0,0
27548510,6036,0,2,0,0,0,0,0,0,0,0,0
27552154,6037,0,2,0,0,0,0,0,0,0,0,0
27555798,6038,0,2,0,0,0,0,0,0,0,0,0
27559442,6039,0,2,0,0,0,0,0,0,0,0,0
27563087,6040,0,2,0,0,0,0,0,0,0,0,0
27566731,6041,0,2,0,0,0,0,0,0,0,0,0
27570374,6042,0,2,0,0,0,0,0,0,0,0,0
27574019,6043,0,2,0,0,0,0,0,0,0,0,0
27577662,6044,0,2,0,0,0,0,0,0,0,0,0
27581306,6045,0,2,0,0,0,0,0,0,0,0,0
27584950,6046,0,2,0,0,0,0,0,0,0,0,0
27588594,6047,0,2,0,0,0,0,0,0,0,0,0
27592238,6048,0,2,0,0,0,0,0,0,0,0,0
27595882,6049,0,2,0,0,0,0,0,0,0,0,0
27599526,6050,0,2,0,0,0,0,0,0,0,0,0
27603171,6051,0,2,0,0,0,0,0,0,0,0,0
27606814,6052,0,2,0,0,0,0,0,0,0,0,0
27610458,6053,0,2,0,0,0,0,0,0,0,0,0
27614102,6054,0,2,0,0,0,0,0,0,0,0,0
27617746,6055,0,2,0,0,0,0,0,0,0,0,0
27621390,6056,0,2,0,0,0,0,0,0,0,0,0
27625035,6057,0,2,0,0,0,0,0,0,0,0,0
27628678,6058,0,2,0,0,0,0,0,0,0,0,0
27632322,6059,0,2,0,0,0,0,0,0,0,0,0
27635966,6060,0,2,0,0,0,0,0,0,0,0,0
27639611,6061,0,2,0,0,0,0,0,0,0,0,0
27643254,6062,0,2,0,0,0,0,0,0,0,0,0
27646898,6063,0,2,0,0,0,0,0,0,0,0,0
27650542,6064,0,2,0,0,0,0,0,0,0,0,0
27654186,6065,0,2,0,0,0,0,0,0,0,0,0
27657830,6066,0,2,0,0,0,0,0,0,0,0,0
27661474,6067,0,2,0,0,0,0,0,0,0,0,0
27665118,6068,0,2,0,0,0,0,0,0,0,0,0
27668762,6069,0,2,0,0,0,0,0,0,0,0,0
27672406,6070,0,2,0,0,0,0,0,0,0,0,0
27676051,6071,0,2,0,0,0,0,0,0,0,0,0
27679694,6072,0,2,0,0,0,0,0,0,0,0,0
27683338,6073,0,2,0,0,0,0,0,0,0,0,0
27686982,6074,0,2,0,0,0,0,0,0,0,0,0
27690626,6075,0,2,0,0,0,0,0,0,0,0,0
27694270,6076,0,2,0,0,0,0,0,0,0,0,0
27697914,6077,0,2,0,0,0,0,0,0,0,0,0
27701558,6078,0,2,0,0,0,0,0,0,0,0,0
27705202,6079,0,2,0,0,0,0,0,0,0,0,0
27708846,6080,0,2,0,0,0,0,0,0,0,0,0
27712491,6081,0,2,0,0,0,0,0,0,0,0,0
27716134,6082,0,2,0,0,0,0,0,0,0,0,0
27719778,6083,0,2,0,0,0,0,0,0,0,0,0
27723422,6084,0,2,0,0,0,0,0,0,0,0,0
27727067,6085,0,2,0,0,0,0,0,0,0,0,0
27730710,6086,0,2,0,0,0,0,0,0,0,0,0
27734354,6087,0,2,0,0,0,0,0,0,0,0,0
27737998,6088,0,2,0,0,0,0,0,0,0,0,0
27741642,6089,0,2,0,0,0,0,0,0,0,0,0
27745286,6090,0,2,0,0,0,0,0,0,0,0,0
27748931,6091,0,2,0,0,0,0,0,0,0,0,0
27752574,6092,0,2,0,0,0,0,0,0,0,0,0
27756218,6093,0,2,0,0,0,0,0,0,0,0,0
27759862,6094,0,2,0,0,0,0,0,0,0,0,0
27763506,6095,0,2,0,0,0,0,0,0,0,0,0
27767150,6096,0,2,0,0,0,0,0,0,0,0,0
27770794,6097,0,2,0,0,0,0,0,0,0,0,0
27774438,6098,0,2,0,0,0,0,0,0,0,0,0
27778082,6099,0,2,0,0,0,0,0,0,0,0,0
27781726,6100,0,2,0,0,0,0,0,0,0,0,0
27785371,6101,0,2,0,0,0,0,0,0,0,0,0
27789014,6102,0,2,0,0,0,0,0,0,0,0,0
27792658,6103,0,2,0,0,0,0,0,0,0,0,0
27796302,6104,0,2,0,0,0,0,0,0,0,0,0
27799946,6105,0,2,0,0,0,0,0,0,0,0,0
27803590,6106,0,2,0,0,0,0,0,0,0,0,0
27807234,6107,0,2,0,0,0,0,0,0,0,0,0
27810878,6108,0,2,0,0,0,0,0,0,0,0,0
27814522,6109,0,2,0,0,0,0,0,0,0,0,0
27818166,6110,0,2,0,0,0,0,0,0,0,0,0
27821811,6111,0,2,0,0,0,0,0,0,0,0,0
27825454,6112,0,2,0,0,0,0,0,0,0,0,0
27829098,6113,0,2,0,0,0,0,0,0,0,0,0
27832742,6114,0,2,0,0,0,0,0,0,0,0,0
27836386,6115,0,2,0,0,0,0,0,0,0,0,0
27840031,6116,0,2,0,0,0,0,0,0,0,0,0
27843674,6117,0,2,0,0,0,0,0,0,0,0,0
27847318,6118,0,2,0,0,0,0,0,0,0,0,0
27850962,6119,0,2,0,0,0,0,0,0,0,0,0
27854606,6120,0,2,0,0,0,0,0,0,0,0,0
27858251,6121,0,2,0,0,0,0,0,0,0,0,0
27861894,6122,0,2,0,0,0,0,0,0,0,0,0
27865538,6123,0,2,0,0,0,0,0,0,0,0,0
27869182,6124,0,2,0,0,0,0,0,0,0,0,0
27872826,6125,0,2,0,0,0,0,0,0,0,0,0
27876470,6126,0,2,0,0,0,0,0,0,0,0,0
27880114,6127,0,2,0,0,0,0,0,0,0,0,0
27883758,6128,0,2,0,0,0,0,0,0,0,0,0
27887402,6129,0,2,0,0,0,0,0,0,0,0,0
27897990,6130,0,2,0,0,0,0,0,0,0,0,0
27901622,6131,0,2,0,0,0,0,0,0,0,0,0
27905265,6132,0,2,0,0,0,0,0,0,0,0,0
27908909,6133,0,2,0,0,0,0,0,0,0,0,0
27912553,6134,0,2,0,0,0,0,0,0,0,0,0
27916197,6135,0,2,0,0,0,0,0,0,0,0,0
27919841,6136,0,2,0,0,0,0,0,0,0,0,0
27923485,6137,0,2,0,0,0,0,0,0,0,0,0
27927129,6138,0,2,0,0,0,0,0,0,0,0,0
27930773,6139,0,2,0,0,0,0,0,0,0,0,0
27934417,6140,0,2,0,0,0,0,0,0,0,0,0
27938062,6141,0,2,0,0,0,0,0,0,0,0,0
27941705,6142,0,2,0,0,0,0,0,0,0,0,0
27945349,6143,0,2,0,0,0,0,0,0,0,0,0
27948993,6144,0,2,0,0,0,0,0,0,0,0,0
27952637,6145,0,2,0,0,0,0,0,0,0,0,0
27956281,6146,0,2,0,0,0,0,0,0,0,0,0
27959925,6147,0,2,0,0,0,0,0,0,0,0,0
27963569,6148,0,2,0,0,0,0,0,0,0,0,0
27967213,6149,0,2,0,0,0,0,0,0,0,0,0
27970857,6150,0,2,0,0,0,0,0,0,0,0,0
27974502,6151,0,2,0,0,0,0,0,0,0,0,0
27978145,6152,0,2,0,0,0,0,0,0,0,0,0
27981789,6153,0,2,0,0,0,0,0,0,0,0,0
27985433,6154,0,2,0,0,0,0,0,0,0,0,0
27989077,6155,0,2,0,0,0,0,0,0,0,0,0
27992721,6156,0,2,0,0,0,0,0,0,0,0,0
27996365,6157,0,2,0,0,0,0,0,0,0,0,0
28000009,6158,0,2,0,0,0,0,0,0,0,0,0
28003653,6159,0,2,0,0,0,0,0,0,0,0,0
28007297,6160,0,2,0,0,0,0,0,0,0,0,0
28010942,6161,0,2,0,0,0,0,0,0,0,0,0
28014585,6162,0,2,0,0,0,0,0,0,0,0,0
28018229,6163,0,2,0,0,0,0,0,0,0,0,0
28021873,6164,0,2,0,0,0,0,0,0,0,0,0
28025517,6165,0,2,0,0,0,0,0,0,0,0,0
28029161,6166,0,2,0,0,0,0,0,0,0,0,0
28032805,6167,0,2,0,0,0,0,0,0,0,0,0
28036449,6168,0,2,0,0,0,0,0,0,0,0,0
28040093,6169,0,2,0,0,0,0,0,0,0,0,0
28043737,6170,0,2,0,0,0,0,0,0,0,0,0
28047382,6171,0,2,0,0,0,0,0,0,0,0,0
28051025,6172,0,2,0,0,0,0,0,0,0,0,0
28054669,6173,0,2,0,0,0,0,0,0,0,0,0
28058313,6174,0,2,0,0,0,0,0,0,0,0,0
28061957,6175,0,2,0,0,0,0,0,0,0,0,0
28065601,6176,0,2,0,0,0,0,0,0,0,0,0
28069245,6177,0,2,0,0,0,0,0,0,0,0,0
28072889,6178,0,2,0,0,0,0,0,0,0,0,0
28076533,6179,0,2,0,0,0,0,0,0,0,0,0
28080177,6180,0,2,0,0,0,0,0,0,0,0,0
28083822,6181,0,2,0,0,0,0,0,0,0,0,0
28087465,6182,0,2,0,0,0,0,0,0,0,0,0
28091109,6183,0,2,0,0,0,0,0,0,0,0,0
28094753,6184,0,2,0,0,0,0,0,0,0,0,0
28098397,6185,0,2,0,0,0,0,0,0,0,0,0
28102041,6186,0,2,0,0,0,0,0,0,0,0,0
28105685,6187,0,2,0,0,0,0,0,0,0,0,0
28109329,6188,0,2,0,0,0,0,0,0,0,0,0
28112973,6189,0,2,0,0,0,0,0,0,0,0,0
28116617,6190,0,2,0,0,0,0,0,0,0,0,0
28120262,6191,0,2,0,0,0,0,0,0,0,0,0
28123905,6192,0,2,0,0,0,0,0,0,0,0,0
28127549,6193,0,2,0,0,0,0,0,0,0,0,0
28131193,6194,0,2,0,0,0,0,0,0,0,0,0
28134837,6195,0,2,0,0,0,0,0,0,0,0,0
28138481,6196,0,2,0,0,0,0,0,0,0,0,0
28142125,6197,0,2,0,0,0,0,0,0,0,0,0
28145769,6198,0,2,0,0,0,0,0,0,0,0,0
28149413,6199,0,2,0,0,0,0,0,0,0,0,0
28153057,6200,0,2,0,0,0,0,0,0,0,0,0
28156702,6201,0,2,0,0,0,0,0,0,0,0,0
28160345,6202,0,2,0,0,0,0,0,0,0,0,0
28163989,6203,0,2,0,0,0,0,0,0,0,0,0
28167633,6204,0,2,0,0,0,0,0,0,0,0,0
28171277,6205,0,2,0,0,0,0,0,0,0,0,0
28174921,6206,0,2,0,0,0,0,0,0,0,0,0
28178565,6207,0,2,0,0,0,0,0,0,0,0,0
28182209,6208,0,2,0,0,0,0,0,0,0,0,0
28185853,6209,0,2,0,0,0,0,0,0,0,0,0
28189497,6210,0,2,0,0,0,0,0,0,0,0,0
28193142,6211,0,2,0,0,0,0,0,0,0,0,0
28196785,6212,0,2,0,0,0,0,0,0,0,0,0
28200429,6213,0,2,0,0,0,0,0,0,0,0,0
28204074,6214,0,2,0,0,0,0,0,0,0,0,0
28207717,6215,0,2,0,0,0,0,0,0,0,0,0
28211361,6216,0,2,0,0,0,0,0,0,0,0,0
28215006,6217,0,2,0,0,0,0,0,0,0,0,0
28218649,6218,0,2,0,0,0,0,0,0,0,0,0
28222293,6219,0,2,0,0,0,0,0,0,0,0,0
28225937,6220,0,2,0,0,0,0,0,0,0,0,0
28229582,6221,0,2,0,0,0,0,0,0,0,0,0
28233225,6222,0,2,0,0,0,0,0,0,0,0,0
28236869,6223,0,2,0,0,0,0,0,0,0,0,0
28240513,6224,0,2,0,0,0,0,0,0,0,0,0
28244157,6225,0,2,0,0,0,0,0,0,0,0,0
28247801,6226,0,2,0,0,0,0,0,0,0,0,0
28251445,6227,0,2,0,0,0,0,0,0,0,0,0
28255089,6228,0,2,0,0,0,0,0,0,0,0,0
28258733,6229,0,2,0,0,0,0,0,0,0,0,0
28262377,6230,0,2,0,0,0,0,0,0,0,0,0
28266022,6231,0,2,0,0,0,0,0,0,0,0,0
28269665,6232,0,2,0,0,0,0,0,0,0,0,0
28273309,6233,0,2,0,0,0,0,0,0,0,0,0
28276953,6234,0,2,0,0,0,0,0,0,0,0,0
28280597,6235,0,2,0,0,0,0,0,0,0,0,0
28284241,6236,0,2,0,0,0,0,0,0,0,0,0
28287885,6237,0,2,0,0,0,0,0,0,0,0,0
28291529,6238,0,2,0,0,0,0,0,0,0,0,0
28295173,6239,0,2,0,0,0,0,0,0,0,0,0
28298817,6240,0,2,0,0,0,0,0,0,0,0,0
28302462,6241,0,2,0,0,0,0,0,0,0,0,0
28306105,6242,0,2,0,0,0,0,0,0,0,0,0
28309749,6243,0,2,0,0,0,0,0,0,0,0,0
28313393,6244,0,2,0,0,0,0,0,0,0,0,0
28317038,6245,0,2,0,0,0,0,0,0,0,0,0
28320681,6246,0,2,0,0,0,0,0,0,0,0,0
28324325,6247,0,2,0,0,0,0,0,0,0,0,0
28327969,6248,0,2,0,0,0,0,0,0,0,0,0
28331613,6249,0,2,0,0,0,0,0,0,0,0,0
28335257,6250,0,2,0,0,0,0,0,0,0,0,0
28338902,6251,0,2,0,0,0,0,0,0,0,0,0
28342545,6252,0,2,0,0,0,0,0,0,0,0,0
28346189,6253,0,2,0,0,0,0,0,0,0,0,0
28349833,6254,0,2,0,0,0,0,0,0,0,0,0
28353477,6255,0,2,0,0,0,0,0,0,0,0,0
28357121,6256,0,2,0,0,0,0,0,0,0,0,0
28360765,6257,0,2,0,0,0,0,0,0,0,0,0
28364409,6258,0,2,0,0,0,0,0,0,0,0,0
28368054,6259,0,2,0,0,0,0,0,0,0,0,0
28371697,6260,0,2,0,0,0,0,0,0,0,0,0
28375342,6261,0,2,0,0,0,0,0,0,0,0,0
28378985,6262,0,2,0,0,0,0,0,0,0,0,0
28382629,6263,0,2,0,0,0,0,0,0,0,0,0
28386273,6264,0,2,0,0,0,0,0,0,0,0,0
28389917,6265,0,2,0,0,0,0,0,0,0,0,0
28393561,6266,0,2,0,0,0,0,0,0,0,0,0
28397205,6267,0,2,0,0,0,0,0,0,0,0,0
28400849,6268,0,2,0,0,0,0,0,0,0,0,0
28404493,6269,0,2,0,0,0,0,0,0,0,0,0
28408137,6270,0,2,0,0,0,0,0,0,0,0,0
28411782,6271,0,2,0,0,0,0,0,0,0,0,0
28415425,6272,0,2,0,0,0,0,0,0,0,0,0
28419069,6273,0,2,0,0,0,0,0,0,0,0,0
28422713,6274,0,2,0,0,0,0,0,0,0,0,0
28426357,6275,0,2,0,0,0,0,0,0,0,0,0
28430002,6276,0,2,0,0,0,0,0,0,0,0,0
28433645,6277,0,2,0,0,0,0,0,0,0,0,0
28437289,6278,0,2,0,0,0,0,0,0,0,0,0
28440933,6279,0,2,0,0,0,0,0,0,0,0,0
28444577,6280,0,2,0,0,0,0,0,0,0,0,0
28448222,6281,0,2,0,0,0,0,0,0,0,0,0
28451865,6282,0,2,0,0,0,0,0,0,0,0,0
28455509,6283,0,2,0,0,0,0,0,0,0,0,0
28459153,6284,0,2,0,0,0,0,0,0,0,0,0
28462797,6285,0,2,0,0,0,0,0,0,0,0,0
28466441,6286,0,2,0,0,0,0,0,0,0,0,0
28470085,6287,0,2,0,0,0,0,0,0,0,0,0
28473729,6288,0,2,0,0,0,0,0,0,0,0,0
28477373,6289,0,2,0,0,0,0,0,0,0,0,0
28481017,6290,0,2,0,0,0,0,0,0,0,0,0
28484662,6291,0,2,0,0,0,0,0,0,0,0,0
28488305,6292,0,2,0,0,0,0,0,0,0,0,0
28491949,6293,0,2,0,0,0,0,0,0,0,0,0
28495593,6294,0,2,0,0,0,0,0,0,0,0,0
28499237,6295,0,2,0,0,0,0,0,0,0,0,0
28502881,6296,0,2,0,0,0,0,0,0,0,0,0
28506525,6297,0,2,0,0,0,0,0,0,0,0,0
28510169,6298,0,2,0,0,0,0,0,0,0,0,0
28513813,6299,0,2,0,0,0,0,0,0,0,0,0
28517457,6300,0,2,0,0,0,0,0,0,0,0,0
28521102,6301,0,2,0,0,0,0,0,0,0,0,0
28524745,6302,0,2,0,0,0,0,0,0,0,0,0
28528389,6303,0,2,0,0,0,0,0,0,0,0,0
28532034,6304,0,2,0,0,0,0,0,0,0,0,0
28535677,6305,0,2,0,0,0,0,0,0,0,0,0
28539321,6306,0,2,0,0,0,0,0,0,0,0,0
28542965,6307,0,2,0,0,0,0,0,0,0,0,0
28546609,6308,0,2,0,0,0,0,0,0,0,0,0
28550253,6309,0,2,0,0,0,0,0,0,0,0,0
28553897,6310,0,2,0,0,0,0,0,0,0,0,0
28557542,6311,0,2,0,0,0,0,0,0,0,0,0
28561185,6312,0,2,0,0,0,0,0,0,0,0,0
28564829,6313,0,2,0,0,0,0,0,0,0,0,0
28568473,6314,0,2,0,0,0,0,0,0,0,0,0
28572118,6315,0,2,0,0,0,0,0,0,0,0,0
28575761,6316,0,2,0,0,0,0,0,0,0,0,0
28579405,6317,0,2,0,0,0,0,0,0,0,0,0
28583049,6318,0,2,0,0,0,0,0,0,0,0,0
28586693,6319,0,2,0,0,0,0,0,0,0,0,0
28590337,6320,0,2,0,0,0,0,0,0,0,0,0
28593982,6321,0,2,0,0,0,0,0,0,0,0,0
28597625,6322,0,2,0,0,0,0,0,0,0,0,0
28601269,6323,0,2,0,0,0,0,0,0,0,0,0
28604913,6324,0,2,0,0,0,0,0,0,0,0,0
28608557,6325,0,2,0,0,0,0,0,0,0,0,0
28612201,6326,0,2,0,0,0,0,0,0,0,0,0
28615845,6327,0,2,0,0,0,0,0,0,0,0,0
28619489,6328,0,2,0,0,0,0,0,0,0,0,0
28623133,6329,0,2,0,0,0,0,0,0,0,0,0
28626777,6330,0,2,0,0,0,0,0,0,0,0,0
28630421,6331,0,2,0,0,0,0,0,0,0,0,0
28634065,6332,0,2,0,0,0,0,0,0,0,0,0
28637709,6333,0,2,0,0,0,0,0,0,0,0,0
28641353,6334,0,2,0,0,0,0,0,0,0,0,0
28644997,6335,0,2,0,0,0,0,0,0,0,0,0
28648641,6336,0,2,0,0,0,0,0,0,0,0,0
28652285,6337,0,2,0,0,0,0,0,0,0,0,0
28655929,6338,0,2,0,0,0,0,0,0,0,0,0
28659573,6339,0,2,0,0,0,0,0,0,0,0,0
28663217,6340,0,2,0,0,0,0,0,0,0,0,0
28666862,6341,0,2,0,0,0,0,0,0,0,0,0
28670505,6342,0,2,0,0,0,0,0,0,0,0,0
28674149,6343,0,2,0,0,0,0,0,0,0,0,0
28677793,6344,0,2,0,0,0,0,0,0,0,0,0
28681437,6345,0,2,0,0,0,0,0,0,0,0,0
28685082,6346,0,2,0,0,0,0,0,0,0,0,0
28688725,6347,0,2,0,0,0,0,0,0,0,0,0
28692369,6348,0,2,0,0,0,0,0,0,0,0,0
28696014,6349,0,2,0,0,0,0,0,0,0,0,0
28699657,6350,0,2,0,0,0,0,0,0,0,0,0
28703302,6351,0,2,0,0,0,0,0,0,0,0,0
28706945,6352,0,2,0,0,0,0,0,0,0,0,0
28710589,6353,0,2,0,0,0,0,0,0,0,0,0
28714233,6354,0,2,0,0,0,0,0,0,0,0,0
28717877,6355,0,2,0,0,0,0,0,0,0,0,0
28721521,6356,0,2,0,0,0,0,0,0,0,0,0
28730583,6357,0,2,0,0,0,0,0,0,0,0,0
28734215,6358,0,2,0,0,0,0,0,0,0,0,0
28737859,6359,0,2,0,0,0,0,0,0,0,0,0
28741503,6360,0,2,0,0,0,0,0,0,0,0,0
28745148,6361,0,2,0,0,0,0,0,0,0,0,0
28748791,6362,0,2,0,0,0,0,0,0,0,0,0
28752435,6363,0,2,0,0,0,0,0,0,0,0,0
28756079,6364,0,2,0,0,0,0,0,0,0,0,0
28759723,6365,0,2,0,0,0,0,0,0,0,0,0
28763367,6366,0,2,0,0,0,0,0,0,0,0,0
28767011,6367,0,2,0,0,0,0,0,0,0,0,0
28770655,6368,0,2,0,0,0,0,0,0,0,0,0
28774299,6369,0,2,0,0,0,0,0,0,0,0,0
28777943,6370,0,2,0,0,0,0,0,0,0,0,0
28781588,6371,0,2,0,0,0,0,0,0,0,0,0
28785231,6372,0,2,0,0,0,0,0,0,0,0,0
28788875,6373,0,2,0,0,0,0,0,0,0,0,0
28792519,6374,0,2,0,0,0,0,0,0,0,0,0
28796163,6375,0,2,0,0,0,0,0,0,0,0,0
28799807,6376,0,2,0,0,0,0,0,0,0,0,0
28803451,6377,0,2,0,0,0,0,0,0,0,0,0
28807095,6378,0,2,0,0,0,0,0,0,0,0,0
28810739,6379,0,2,0,0,0,0,0,0,0,0,0
28814383,6380,0,2,0,0,0,0,0,0,0,0,0
28818028,6381,0,2,0,0,0,0,0,0,0,0,0
28821671,6382,0,2,0,0,0,0,0,0,0,0,0
28825315,6383,0,2,0,0,0,0,0,0,0,0,0
28828959,6384,0,2,0,0,0,0,0,0,0,0,0
28832603,6385,0,2,0,0,0,0,0,0,0,0,0
28836247,6386,0,2,0,0,0,0,0,0,0,0,0
28839891,6387,0,2,0,0,0,0,0,0,0,0,0
28843535,6388,0,2,0,0,0,0,0,0,0,0,0
28847179,6389,0,2,0,0,0,0,0,0,0,0,0
28850823,6390,0,2,0,0,0,0,0,0,0,0,0
28854468,6391,0,2,0,0,0,0,0,0,0,0,0
28858111,6392,0,2,0,0,0,0,0,0,0,0,0
28861755,6393,0,2,0,0,0,0,0,0,0,0,0
28865399,6394,0,2,0,0,0,0,0,0,0,0,0
28869043,6395,0,2,0,0,0,0,0,0,0,0,0
28872687,6396,0,2,0,0,0,0,0,0,0,0,0
28876331,6397,0,2,0,0,0,0,0,0,0,0,0
28879975,6398,0,2,0,0,0,0,0,0,0,0,0
28883619,6399,0,2,0,0,0,0,0,0,0,0,0
28887263,6400,0,2,0,0,0,0,0,0,0,0,0
28890908,6401,0,2,0,0,0,0,0,0,0,0,0
28894551,6402,0,2,0,0,0,0,0,0,0,0,0
28898195,6403,0,2,0,0,0,0,0,0,0,0,0
28901839,6404,0,2,0,0,0,0,0,0,0,0,0
28905483,6405,0,2,0,0,0,0,0,0,0,0,0
28909127,6406,0,2,0,0,0,0,0,0,0,0,0
28912771,6407,0,2,0,0,0,0,0,0,0,0,0
28916415,6408,0,2,0,0,0,0,0,0,0,0,0
28920059,6409,0,2,0,0,0,0,0,0,0,0,0
28923703,6410,0,2,0,0,0,0,0,0,0,0,0
28927348,6411,0,2,0,0,0,0,0,0,0,0,0
28930991,6412,0,2,0,0,0,0,0,0,0,0,0
28934635,6413,0,2,0,0,0,0,0,0,0,0,0
28938279,6414,0,2,0,0,0,0,0,0,0,0,0
28941923,6415,0,2,0,0,0,0,0,0,0,0,0
28945567,6416,0,2,0,0,0,0,0,0,0,0,0
28949211,6417,0,2,0,0,0,0,0,0,0,0,0
28952855,6418,0,2,0,0,0,0,0,0,0,0,0
28956499,6419,0,2,0,0,0,0,0,0,0,0,0
28960143,6420,0,2,0,0,0,0,0,0,0,0,0
28963788,6421,0,2,0,0,0,0,0,0,0,0,0
28967431,6422,0,2,0,0,0,0,0,0,0,0,0
28971076,6423,0,2,0,0,0,0,0,0,0,0,0
28974719,6424,0,2,0,0,0,0,0,0,0,0,0
28978363,6425,0,2,0,0,0,0,0,0,0,0,0
28982007,6426,0,2,0,0,0,0,0,0,0,0,0
28985651,6427,0,2,0,0,0,0,0,0,0,0,0
28989295,6428,0,2,0,0,0,0,0,0,0,0,0
28992939,6429,0,2,0,0,0,0,0,0,0,0,0
28996583,6430,0,2,0,0,0,0,0,0,0,0,0
29000228,6431,0,2,0,0,0,0,0,0,0,0,0
29003871,6432,0,2,0,0,0,0,0,0,0,0,0
29007515,6433,0,2,0,0,0,0,0,0,0,0,0
29011159,6434,0,2,0,0,0,0,0,0,0,0,0
29014803,6435,0,2,0,0,0,0,0,0,0,0,0
29018447,6436,0,2,0,0,0,0,0,0,0,0,0
29022091,6437,0,2,0,0,0,0,0,0,0,0,0
29025735,6438,0,2,0,0,0,0,0,0,0,0,0
29029379,6439,0,2,0,0,0,0,0,0,0,0,0
29033024,6440,0,2,0,0,0,0,0,0,0,0,0
29036668,6441,0,2,0,0,0,0,0,0,0,0,0
29040311,6442,0,2,0,0,0,0,0,0,0,0,0
29043955,6443,0,2,0,0,0,0,0,0,0,0,0
29047599,6444,0,2,0,0,0,0,0,0,0,0,0
29051243,6445,0,2,0,0,0,0,0,0,0,0,0
29054887,6446,0,2,0,0,0,0,0,0,0,0,0
29058531,6447,0,2,0,0,0,0,0,0,0,0,0
29062175,6448,0,2,0,0,0,0,0,0,0,0,0
29065819,6449,0,2,0,0,0,0,0,0,0,0,0
29069463,6450,0,2,0,0,0,0,0,0,0,0,0
29073108,6451,0,2,0,0,0,0,0,0,0,0,0
29076751,6452,0,2,0,0,0,0,0,0,0,0,0
29080395,6453,0,2,0,0,0,0,0,0,0,0,0
29084039,6454,0,2,0,0,0,0,0,0,0,0,0
29087683,6455,0,2,0,0,0,0,0,0,0,0,0
29091327,6456,0,2,0,0,0,0,0,0,0,0,0
29094971,6457,0,2,0,0,0,0,0,0,0,0,0
29098615,6458,0,2,0,0,0,0,0,0,0,0,0
29102259,6459,0,2,0,0,0,0,0,0,0,0,0
29105903,6460,0,2,0,0,0,0,0,0,0,0,0
29109548,6461,0,2,0,0,0,0,0,0,0,0,0
29113191,6462,0,2,0,0,0,0,0,0,0,0,0
29116835,6463,0,2,0,0,0,0,0,0,0,0,0
29120479,6464,0,2,0,0,0,0,0,0,0,0,0
29124123,6465,0,2,0,0,0,0,0,0,0,0,0
29127767,6466,0,2,0,0,0,0,0,0,0,0,0
29131411,6467,0,2,0,0,0,0,0,0,0,0,0
29135055,6468,0,2,0,0,0,0,0,0,0,0,0
29138699,6469,0,2,0,0,0,0,0,0,0,0,0
29142343,6470,0,2,0,0,0,0,0,0,0,0,0
29145988,6471,0,2,0,0,0,0,0,0,0,0,0
29149631,6472,0,2,0,0,0,0,0,0,0,0,0
29153275,6473,0,2,0,0,0,0,0,0,0,0,0
29156919,6474,0,2,0,0,0,0,0,0,0,0,0
29160563,6475,0,2,0,0,0,0,0,0,0,0,0
29164207,6476,0,2,0,0,0,0,0,0,0,0,0
29167851,6477,0,2,0,0,0,0,0,0,0,0,0
29171495,6478,0,2,0,0,0,0,0,0,0,0,0
29175139,6479,0,2,0,0,0,0,0,0,0,0,0
29178783,6480,0,2,0,0,0,0,0,0,0,0,0
29182428,6481,0,2,0,0,0,0,0,0,0,0,0
29186071,6482,0,2,0,0,0,0,0,0,0,0,0
29189715,6483,0,2,0,0,0,0,0,0,0,0,0
29193359,6484,0,2,0,0,0,0,0,0,0,0,0
29197003,6485,0,2,0,0,0,0,0,0,0,0,0
29200647,6486,0,2,0,0,0,0,0,0,0,0,0
29204291,6487,0,2,0,0,0,0,0,0,0,0,0
29207935,6488,0,2,0,0,0,0,0,0,0,0,0
29211579,6489,0,2,0,0,0,0,0,0,0,0,0
29215223,6490,0,2,0,0,0,0,0,0,0,0,0
29218868,6491,0,2,0,0,0,0,0,0,0,0,0
29222511,6492,0,2,0,0,0,0,0,0,0,0,0
29226155,6493,0,2,0,0,0,0,0,0,0,0,0
29229799,6494,0,2,0,0,0,0,0,0,0,0,0
29233443,6495,0,2,0,0,0,0,0,0,0,0,0
29237087,6496,0,2,0,0,0,0,0,0,0,0,0
29240731,6497,0,2,0,0,0,0,0,0,0,0,0
29244375,6498,0,2,0,0,0,0,0,0,0,0,0
29248019,6499,0,2,0,0,0,0,0,0,0,0,0
29251663,6500,0,2,0,0,0,0,0,0,0,0,0
29255308,6501,0,2,0,0,0,0,0,0,0,0,0
29258951,6502,0,2,0,0,0,0,0,0,0,0,0
29262595,6503,0,2,0,0,0,0,0,0,0,0,0
29266239,6504,0,2,0,0,0,0,0,0,0,0,0
29269883,6505,0,2,0,0,0,0,0,0,0,0,0
29273527,6506,0,2,0,0,0,0,0,0,0,0,0
29277171,6507,0,2,0,0,0,0,0,0,0,0,0
29280815,6508,0,2,0,0,0,0,0,0,0,0,0
29284459,6509,0,2,0,0,0,0,0,0,0,0,0
29288103,6510,0,2,0,0,0,0,0,0,0,0,0
29291748,6511,0,2,0,0,0,0,0,0,0,0,0
29295391,6512,0,2,0,0,0,0,0,0,0,0,0
29299035,6513,0,2,0,0,0,0,0,0,0,0,0
29302679,6514,0,2,0,0,0,0,0,0,0,0,0
29306323,6515,0,2,0,0,0,0,0,0,0,0,0
29309967,6516,0,2,0,0,0,0,0,0,0,0,0
29313611,6517,0,2,0,0,0,0,0,0,0,0,0
29317255,6518,0,2,0,0,0,0,0,0,0,0,0
29320899,6519,0,2,0,0,0,0,0,0,0,0,0
29324543,6520,0,2,0,0,0,0,0,0,0,0,0
29328188,6521,0,2,0,0,0,0,0,0,0,0,0
29331831,6522,0,2,0,0,0,0,0,0,0,0,0
29335475,6523,0,2,0,0,0,0,0,0,0,0,0
29339119,6524,0,2,0,0,0,0,0,0,0,0,0
29342763,6525,0,2,0,0,0,0,0,0,0,0,0
29346407,6526,0,2,0,0,0,0,0,0,0,0,0
29350052,6527,0,2,0,0,0,0,0,0,0,0,0
29353695,6528,0,2,0,0,0,0,0,0,0,0,0
29357339,6529,0,2,0,0,0,0,0,0,0,0,0
29360983,6530,0,2,0,0,0,0,0,0,0,0,0
29364628,6531,0,2,0,0,0,0,0,0,0,0,0
29368271,6532,0,2,0,0,0,0,0,0,0,0,0
29371915,6533,0,2,0,0,0,0,0,0,0,0,0
29375559,6534,0,2,0,0,0,0,0,0,0,0,0
29379203,6535,0,2,0,0,0,0,0,0,0,0,0
29382847,6536,0,2,0,0,0,0,0,0,0,0,0
29386491,6537,0,2,0,0,0,0,0,0,0,0,0
29390135,6538,0,2,0,0,0,0,0,0,0,0,0
29393779,6539,0,2,0,0,0,0,0,0,0,0,0
29397423,6540,0,2,0,0,0,0,0,0,0,0,0
29401068,6541,0,2,0,0,0,0,0,0,0,0,0
29404711,6542,0,2,0,0,0,0,0,0,0,0,0
29408355,6543,0,2,0,0,0,0,0,0,0,0,0
29411999,6544,0,2,0,0,0,0,0,0,0,0,0
29415643,6545,0,2,0,0,0,0,0,0,0,0,0
29419287,6546,0,2,0,0,0,0,0,0,0,0,0
29422931,6547,0,2,0,0,0,0,0,0,0,0,0
29426575,6548,0,2,0,0,0,0,0,0,0,0,0
29430219,6549,0,2,0,0,0,0,0,0,0,0,0
29433863,6550,0,2,0,0,0,0,0,0,0,0,0
29437508,6551,0,2,0,0,0,0,0,0,0,0,0
29441151,6552,0,2,0,0,0,0,0,0,0,0,0
29444795,6553,0,2,0,0,0,0,0,0,0,0,0
29448439,6554,0,2,0,0,0,0,0,0,0,0,0
29452083,6555,0,2,0,0,0,0,0,0,0,0,0
29455727,6556,0,2,0,0,0,0,0,0,0,0,0
29459371,6557,0,2,0,0,0,0,0,0,0,0,0
29463015,6558,0,2,0,0,0,0,0,0,0,0,0
29466659,6559,0,2,0,0,0,0,0,0,0,0,0
29470303,6560,0,2,0,0,0,0,0,0,0,0,0
29473948,6561,0,2,0,0,0,0,0,0,0,0,0
29477591,6562,0,2,0,0,0,0,0,0,0,0,0
29481235,6563,0,2,0,0,0,0,0,0,0,0,0
29484879,6564,0,2,0,0,0,0,0,0,0,0,0
29488523,6565,0,2,0,0,0,0,0,0,0,0,0
29492167,6566,0,2,0,0,0,0,0,0,0,0,0
29495811,6567,0,2,0,0,0,0,0,0,0,0,0
29499455,6568,0,2,0,0,0,0,0,0,0,0,0
29503100,6569,0,2,0,0,0,0,0,0,0,0,0
29506743,6570,0,2,0,0,0,0,0,0,0,0,0
29510388,6571,0,2,0,0,0,0,0,0,0,0,0
29514031,6572,0,2,0,0,0,0,0,0,0,0,0
29517675,6573,0,2,0,0,0,0,0,0,0,0,0
29521319,6574,0,2,0,0,0,0,0,0,0,0,0
29524963,6575,0,2,0,0,0,0,0,0,0,0,0
29528607,6576,0,2,0,0,0,0,0,0,0,0,0
29532251,6577,0,2,0,0,0,0,0,0,0,0,0
29535895,6578,0,2,0,0,0,0,0,0,0,0,0
29539539,6579,0,2,0,0,0,0,0,0,0,0,0
29543183,6580,0,2,0,0,0,0,0,0,0,0,0
29546828,6581,0,2,0,0,0,0,0,0,0,0,0
29550471,6582,0,2,0,0,0,0,0,0,0,0,0
29554115,6583,0,2,0,0,0,0,0,0,0,0,0
29565335,6584,0,2,0,0,0,0,0,0,0,0,0
29568967,6585,0,2,0,0,0,0,0,0,0,0,0
29572611,6586,0,2,0,0,0,0,0,0,0,0,0
29576255,6587,0,2,0,0,0,0,0,0,0,0,0
29579899,6588,0,2,0,0,0,0,0,0,0,0,0
29583543,6589,0,2,0,0,0,0,0,0,0,0,0
29587187,6590,0,2,0,0,0,0,0,0,0,0,0
29590832,6591,0,2,0,0,0,0,0,0,0,0,0
29594475,6592,0,2,0,0,0,0,0,0,0,0,0
29598119,6593,0,2,0,0,0,0,0,0,0,0,0
29601763,6594,0,2,0,0,0,0,0,0,0,0,0
29605407,6595,0,2,0,0,0,0,0,0,0,0,0
29609052,6596,0,2,0,0,0,0,0,0,0,0,0
29612695,6597,0,2,0,0,0,0,0,0,0,0,0
29616339,6598,0,2,0,0,0,0,0,0,0,0,0
29619983,6599,0,2,0,0,0,0,0,0,0,0,0
29623627,6600,0,2,0,0,0,0,0,0,0,0,0
29627272,6601,0,2,0,0,0,0,0,0,0,0,0
29630915,6602,0,2,0,0,0,0,0,0,0,0,0
29634559,6603,0,2,0,0,0,0,0,0,0,0,0
29638203,6604,0,2,0,0,0,0,0,0,0,0,0
29641847,6605,0,2,0,0,0,0,0,0,0,0,0
29645491,6606,0,2,0,0,0,0,0,0,0,0,0
29649135,6607,0,2,0,0,0,0,0,0,0,0,0
29652779,6608,0,2,0,0,0,0,0,0,0,0,0
29656423,6609,0,2,0,0,0,0,0,0,0,0,0
29660067,6610,0,2,0,0,0,0,0,0,0,0,0
29663712,6611,0,2,0,0,0,0,0,0,0,0,0
29667355,6612,0,2,0,0,0,0,0,0,0,0,0
29670999,6613,0,2,0,0,0,0,0,0,0,0,0
29674643,6614,0,2,0,0,0,0,0,0,0,0,0
29678287,6615,0,2,0,0,0,0,0,0,0,0,0
29681931,6616,0,2,0,0,0,0,0,0,0,0,0
29685575,6617,0,2,0,0,0,0,0,0,0,0,0
29689219,6618,0,2,0,0,0,0,0,0,0,0,0
29692863,6619,0,2,0,0,0,0,0,0,0,0,0
29696507,6620,0,2,0,0,0,0,0,0,0,0,0
29700152,6621,0,2,0,0,0,0,0,0,0,0,0
29703795,6622,0,2,0,0,0,0,0,0,0,0,0
29707439,6623,0,2,0,0,0,0,0,0,0,0,0
29711083,6624,0,2,0,0,0,0,0,0,0,0,0
29714727,6625,0,2,0,0,0,0,0,0,0,0,0
29718371,6626,0,2,0,0,0,0,0,0,0,0,0
29722015,6627,0,2,0,0,0,0,0,0,0,0,0
29725659,6628,0,2,0,0,0,0,0,0,0,0,0
29729303,6629,0,2,0,0,0,0,0,0,0,0,0
29732947,6630,0,2,0,0,0,0,0,0,0,0,0
29736592,6631,0,2,0,0,0,0,0,0,0,0,0
29740235,6632,0,2,0,0,0,0,0,0,0,0,0
29743879,6633,0,2,0,0,0,0,0,0,0,0,0
29747523,6634,0,2,0,0,0,0,0,0,0,0,0
29751167,6635,0,2,0,0,0,0,0,0,0,0,0
29754811,6636,0,2,0,0,0,0,0,0,0,0,0
29758455,6637,0,2,0,0,0,0,0,0,0,0,0
29762100,6638,0,2,0,0,0,0,0,0,0,0,0
29765743,6639,0,2,0,0,0,0,0,0,0,0,0
29769387,6640,0,2,0,0,0,0,0,0,0,0,0
29773032,6641,0,2,0,0,0,0,0,0,0,0,0
29776675,6642,0,2,0,0,0,0,0,0,0,0,0
29780319,6643,0,2,0,0,0,0,0,0,0,0,0
29783963,6644,0,2,0,0,0,0,0,0,0,0,0
29787607,6645,0,2,0,0,0,0,0,0,0,0,0
29791251,6646,0,2,0,0,0,0,0,0,0,0,0
29794895,6647,0,2,0,0,0,0,0,0,0,0,0
29798539,6648,0,2,0,0,0,0,0,0,0,0,0
29802183,6649,0,2,0,0,0,0,0,0,0,0,0
29805827,6650,0,2,0,0,0,0,0,0,0,0,0
29809472,6651,0,2,0,0,0,0,0,0,0,0,0
29813115,6652,0,2,0,0,0,0,0,0,0,0,0
29816759,6653,0,2,0,0,0,0,0,0,0,0,0
29820403,6654,0,2,0,0,0,0,0,0,0,0,0
29824047,6655,0,2,0,0,0,0,0,0,0,0,0
29827691,6656,0,2,0,0,0,0,0,0,0,0,0
29831335,6657,0,2,0,0,0,0,0,0,0,0,0
29834979,6658,0,2,0,0,0,0,0,0,0,0,0
29838623,6659,0,2,0,0,0,0,0,0,0,0,0
29842267,6660,0,2,0,0,0,0,0,0,0,0,0
29845912,6661,0,2,0,0,0,0,0,0,0,0,0
29849555,6662,0,2,0,0,0,0,0,0,0,0,0
29853199,6663,0,2,0,0,0,0,0,0,0,0,0
29856843,6664,0,2,0,0,0,0,0,0,0,0,0
29860487,6665,0,2,0,0,0,0,0,0,0,0,0
29864131,6666,0,2,0,0,0,0,0,0,0,0,0
29867775,6667,0,2,0,0,0,0,0,0,0,0,0
29871419,6668,0,2,0,0,0,0,0,0,0,0,0
29875063,6669,0,2,0,0,0,0,0,0,0,0,0
29878707,6670,0,2,0,0,0,0,0,0,0,0,0
29882352,6671,0,2,0,0,0,0,0,0,0,0,0
29885995,6672,0,2,0,0,0,0,0,0,0,0,0
29889639,6673,0,2,0,0,0,0,0,0,0,0,0
29893283,6674,0,2,0,0,0,0,0,0,0,0,0
29896927,6675,0,2,0,0,0,0,0,0,0,0,0
29900571,6676,0,2,0,0,0,0,0,0,0,0,0
29904215,6677,0,2,0,0,0,0,0,0,0,0,0
29907859,6678,0,2,0,0,0,0,0,0,0,0,0
29911503,6679,0,2,0,0,0,0,0,0,0,0,0
29915147,6680,0,2,0,0,0,0,0,0,0,0,0
29918792,6681,0,2,0,0,0,0,0,0,0,0,0
29922435,6682,0,2,0,0,0,0,0,0,0,0,0
29926079,6683,0,2,0,0,0,0,0,0,0,0,0
29929723,6684,0,2,0,0,0,0,0,0,0,0,0
29933367,6685,0,2,0,0,0,0,0,0,0,0,0
29937011,6686,0,2,0,0,0,0,0,0,0,0,0
29940655,6687,0,2,0,0,0,0,0,0,0,0,0
29944299,6688,0,2,0,0,0,0,0,0,0,0,0
29947943,6689,0,2,0,0,0,0,0,0,0,0,0
29951587,6690,0,2,0,0,0,0,0,0,0,0,0
29955232,6691,0,2,0,0,0,0,0,0,0,0,0
29958875,6692,0,2,0,0,0,0,0,0,0,0,0
29962519,6693,0,2,0,0,0,0,0,0,0,0,0
29966163,6694,0,2,0,0,0,0,0,0,0,0,0
29969807,6695,0,2,0,0,0,0,0,0,0,0,0
29973451,6696,0,2,0,0,0,0,0,0,0,0,0
29977095,6697,0,2,0,0,0,0,0,0,0,0,0
29980739,6698,0,2,0,0,0,0,0,0,0,0,0
29984383,6699,0,2,0,0,0,0,0,0,0,0,0
29988027,6700,0,2,0,0,0,0,0,0,0,0,0
29991672,6701,0,2,0,0,0,0,0,0,0,0,0
29995315,6702,0,2,0,0,0,0,0,0,0,0,0
29998959,6703,0,2,0,0,0,0,0,0,0,0,0
30002603,6704,0,2,0,0,0,0,0,0,0,0,0
30006247,6705,0,2,0,0,0,0,0,0,0,0,0
30009891,6706,0,2,0,0,0,0,0,0,0,0,0
30013535,6707,0,2,0,0,0,0,0,0,0,0,0
30017179,6708,0,2,0,0,0,0,0,0,0,0,0
30020823,6709,0,2,0,0,0,0,0,0,0,0,0
30024467,6710,0,2,0,0,0,0,0,0,0,0,0
30028112,6711,0,2,0,0,0,0,0,0,0,0,0
30031755,6712,0,2,0,0,0,0,0,0,0,0,0
30035399,6713,0,2,0,0,0,0,0,0,0,0,0
30039044,6714,0,2,0,0,0,0,0,0,0,0,0
30042687,6715,0,2,0,0,0,0,0,0,0,0,0
30046331,6716,0,2,0,0,0,0,0,0,0,0,0
30049975,6717,0,2,0,0,0,0,0,0,0,0,0
30053619,6718,0,2,0,0,0,0,0,0,0,0,0
30057263,6719,0,2,0,0,0,0,0,0,0,0,0
30060907,6720,0,2,0,0,0,0,0,0,0,0,0
30064552,6721,0,2,0,0,0,0,0,0,0,0,0
30068195,6722,0,2,0,0,0,0,0,0,0,0,0
30071839,6723,0,2,0,0,0,0,0,0,0,0,0
30075483,6724,0,2,0,0,0,0,0,0,0,0,0
30079127,6725,0,2,0,0,0,0,0,0,0,0,0
30082771,6726,0,2,0,0,0,0,0,0,0,0,0
30086415,6727,0,2,0,0,0,0,0,0,0,0,0
30090059,6728,0,2,0,0,0,0,0,0,0,0,0
30093703,6729,0,2,0,0,0,0,0,0,0,0,0
30097347,6730,0,2,0,0,0,0,0,0,0,0,0
30100992,6731,0,2,0,0,0,0,0,0,0,0,0
30104635,6732,0,2,0,0,0,0,0,0,0,0,0
30108279,6733,0,2,0,0,0,0,0,0,0,0,0
30111923,6734,0,2,0,0,0,0,0,0,0,0,0
30115567,6735,0,2,0,0,0,0,0,0,0,0,0
30119211,6736,0,2,0,0,0,0,0,0,0,0,0
30122855,6737,0,2,0,0,0,0,0,0,0,0,0
30126499,6738,0,2,0,0,0,0,0,0,0,0,0
30130143,6739,0,2,0,0,0,0,0,0,0,0,0
30133787,6740,0,2,0,0,0,0,0,0,0,0,0
30137432,6741,0,2,0,0,0,0,0,0,0,0,0
30141075,6742,0,2,0,0,0,0,0,0,0,0,0
30144719,6743,0,2,0,0,0,0,0,0,0,0,0
30148363,6744,0,2,0,0,0,0,0,0,0,0,0
30152007,6745,0,2,0,0,0,0,0,0,0,0,0
30155651,6746,0,2,0,0,0,0,0,0,0,0,0
30159295,6747,0,2,0,0,0,0,0,0,0,0,0
30162939,6748,0,2,0,0,0,0,0,0,0,0,0
30166583,6749,0,2,0,0,0,0,0,0,0,0,0
30170227,6750,0,2,0,0,0,0,0,0,0,0,0
30173872,6751,0,2,0,0,0,0,0,0,0,0,0
30177515,6752,0,2,0,0,0,0,0,0,0,0,0
30181159,6753,0,2,0,0,0,0,0,0,0,0,0
30184803,6754,0,2,0,0,0,0,0,0,0,0,0
30188447,6755,0,2,0,0,0,0,0,0,0,0,0
30192091,6756,0,2,0,0,0,0,0,0,0,0,0
30195735,6757,0,2,0,0,0,0,0,0,0,0,0
30199379,6758,0,2,0,0,0,0,0,0,0,0,0
30203024,6759,0,2,0,0,0,0,0,0,0,0,0
30206667,6760,0,2,0,0,0,0,0,0,0,0,0
30210312,6761,0,2,0,0,0,0,0,0,0,0,0
30213955,6762,0,2,0,0,0,0,0,0,0,0,0
30217599,6763,0,2,0,0,0,0,0,0,0,0,0
30221243,6764,0,2,0,0,0,0,0,0,0,0,0
30224887,6765,0,2,0,0,0,0,0,0,0,0,0
30228531,6766,0,2,0,0,0,0,0,0,0,0,0
30232175,6767,0,2,0,0,0,0,0,0,0,0,0
30235819,6768,0,2,0,0,0,0,0,0,0,0,0
30239463,6769,0,2,0,0,0,0,0,0,0,0,0
30243107,6770,0,2,0,0,0,0,0,0,0,0,0
30246752,6771,0,2,0,0,0,0,0,0,0,0,0
30250395,6772,0,2,0,0,0,0,0,0,0,0,0
30254039,6773,0,2,0,0,0,0,0,0,0,0,0
30257683,6774,0,2,0,0,0,0,0,0,0,0,0
30261327,6775,0,2,0,0,0,0,0,0,0,0,0
30264971,6776,0,2,0,0,0,0,0,0,0,0,0
30268615,6777,0,2,0,0,0,0,0,0,0,0,0
30272259,6778,0,2,0,0,0,0,0,0,0,0,0
30275903,6779,0,2,0,0,0,0,0,0,0,0,0
30279547,6780,0,2,0,0,0,0,0,0,0,0,0
30283192,6781,0,2,0,0,0,0,0,0,0,0,0
30286835,6782,0,2,0,0,0,0,0,0,0,0,0
30290479,6783,0,2,0,0,0,0,0,0,0,0,0
30294123,6784,0,2,0,0,0,0,0,0,0,0,0
30297767,6785,0,2,0,0,0,0,0,0,0,0,0
30301411,6786,0,2,0,0,0,0,0,0,0,0,0
30305055,6787,0,2,0,0,0,0,0,0,0,0,0
30308699,6788,0,2,0,0,0,0,0,0,0,0,0
30312343,6789,0,2,0,0,0,0,0,0,0,0,0
30315987,6790,0,2,0,0,0,0,0,0,0,0,0
30319632,6791,0,2,0,0,0,0,0,0,0,0,0
30323275,6792,0,2,0,0,0,0,0,0,0,0,0
30326919,6793,0,2,0,0,0,0,0,0,0,0,0
30330563,6794,0,2,0,0,0,0,0,0,0,0,0
30334207,6795,0,2,0,0,0,0,0,0,0,0,0
30337851,6796,0,2,0,0,0,0,0,0,0,0,0
30341495,6797,0,2,0,0,0,0,0,0,0,0,0
30345139,6798,0,2,0,0,0,0,0,0,0,0,0
30348783,6799,0,2,0,0,0,0,0,0,0,0,0
30352427,6800,0,2,0,0,0,0,0,0,0,0,0
30356072,6801,0,2,0,0,0,0,0,0,0,0,0
30359715,6802,0,2,0,0,0,0,0,0,0,0,0
30363359,6803,0,2,0,0,0,0,0,0,0,0,0
30367003,6804,0,2,0,0,0,0,0,0,0,0,0
30370647,6805,0,2,0,0,0,0,0,0,0,0,0
30374291,6806,0,2,0,0,0,0,0,0,0,0,0
30377935,6807,0,2,0,0,0,0,0,0,0,0,0
30381579,6808,0,2,0,0,0,0,0,0,0,0,0
30385223,6809,0,2,0,0,0,0,0,0,0,0,0
30388867,6810,0,2,0,0,0,0,0,0,0,0,0
30397530,6811,0,2,0,0,0,0,0,0,0,0,0
30401162,6812,0,2,0,0,0,0,0,0,0,0,0
30404806,6813,0,2,0,0,0,0,0,0,0,0,0
30408450,6814,0,2,0,0,0,0,0,0,0,0,0
30412095,6815,0,2,0,0,0,0,0,0,0,0,0
30415738,6816,0,2,0,0,0,0,0,0,0,0,0
30419382,6817,0,2,0,0,0,0,0,0,0,0,0
30423026,6818,0,2,0,0,0,0,0,0,0,0,0
30426670,6819,0,2,0,0,0,0,0,0,0,0,0
30430314,6820,0,2,0,0,0,0,0,0,0,0,0
30433959,6821,0,2,0,0,0,0,0,0,0,0,0
30437602,6822,0,2,0,0,0,0,0,0,0,0,0
30441246,6823,0,2,0,0,0,0,0,0,0,0,0
30444890,6824,0,2,0,0,0,0,0,0,0,0,0
30448534,6825,0,2,0,0,0,0,0,0,0,0,0
30452178,6826,0,2,0,0,0,0,0,0,0,0,0
30455822,6827,0,2,0,0,0,0,0,0,0,0,0
30459466,6828,0,2,0,0,0,0,0,0,0,0,0
30463110,6829,0,2,0,0,0,0,0,0,0,0,0
30466754,6830,0,2,0,0,0,0,0,0,0,0,0
30470399,6831,0,2,0,0,0,0,0,0,0,0,0
30474042,6832,0,2,0,0,0,0,0,0,0,0,0
30477686,6833,0,2,0,0,0,0,0,0,0,0,0
30481330,6834,0,2,0,0,0,0,0,0,0,0,0
30484974,6835,0,2,0,0,0,0,0,0,0,0,0
30488618,6836,0,2,0,0,0,0,0,0,0,0,0
30492262,6837,0,2,0,0,0,0,0,0,0,0,0
30495906,6838,0,2,0,0,0,0,0,0,0,0,0
30499550,6839,0,2,0,0,0,0,0,0,0,0,0
30503194,6840,0,2,0,0,0,0,0,0,0,0,0
30506839,6841,0,2,0,0,0,0,0,0,0,0,0
30510482,6842,0,2,0,0,0,0,0,0,0,0,0
30514126,6843,0,2,0,0,0,0,0,0,0,0,0
30517770,6844,0,2,0,0,0,0,0,0,0,0,0
30521414,6845,0,2,0,0,0,0,0,0,0,0,0
30525058,6846,0,2,0,0,0,0,0,0,0,0,0
30528702,6847,0,2,0,0,0,0,0,0,0,0,0
30532346,6848,0,2,0,0,0,0,0,0,0,0,0
30535990,6849,0,2,0,0,0,0,0,0,0,0,0
30539634,6850,0,2,0,0,0,0,0,0,0,0,0
30543279,6851,0,2,0,0,0,0,0,0,0,0,0
30546922,6852,0,2,0,0,0,0,0,0,0,0,0
30550566,6853,0,2,0,0,0,0,0,0,0,0,0
30554210,6854,0,2,0,0,0,0,0,0,0,0,0
30557854,6855,0,2,0,0,0,0,0,0,0,0,0
30561498,6856,0,2,0,0,0,0,0,0,0,0,0
30565142,6857,0,2,0,0,0,0,0,0,0,0,0
30568786,6858,0,2,0,0,0,0,0,0,0,0,0
30572430,6859,0,2,0,0,0,0,0,0,0,0,0
30576074,6860,0,2,0,0,0,0,0,0,0,0,0
30579719,6861,0,2,0,0,0,0,0,0,0,0,0
30583362,6862,0,2,0,0,0,0,0,0,0,0,0
30587006,6863,0,2,0,0,0,0,0,0,0,0,0
30590650,6864,0,2,0,0,0,0,0,0,0,0,0
30594294,6865,0,2,0,0,0,0,0,0,0,0,0
30597938,6866,0,2,0,0,0,0,0,0,0,0,0
30601582,6867,0,2,0,0,0,0,0,0,0,0,0
30605226,6868,0,2,0,0,0,0,0,0,0,0,0
30608870,6869,0,2,0,0,0,0,0,0,0,0,0
30612514,6870,0,2,0,0,0,0,0,0,0,0,0
30616159,6871,0,2,0,0,0,0,0,0,0,0,0
30619802,6872,0,2,0,0,0,0,0,0,0,0,0
30623446,6873,0,2,0,0,0,0,0,0,0,0,0
30627090,6874,0,2,0,0,0,0,0,0,0,0,0
30630734,6875,0,2,0,0,0,0,0,0,0,0,0
30634378,6876,0,2,0,0,0,0,0,0,0,0,0
30638023,6877,0,2,0,0,0,0,0,0,0,0,0
30641666,6878,0,2,0,0,0,0,0,0,0,0,0
30645310,6879,0,2,0,0,0,0,0,0,0,0,0
30648954,6880,0,2,0,0,0,0,0,0,0,0,0
30652599,6881,0,2,0,0,0,0,0,0,0,0,0
30656242,6882,0,2,0,0,0,0,0,0,0,0,0
30659886,6883,0,2,0,0,0,0,0,0,0,0,0
30663530,6884,0,2,0,0,0,0,0,0,0,0,0
30667174,6885,0,2,0,0,0,0,0,0,0,0,0
30670818,6886,0,2,0,0,0,0,0,0,0,0,0
30674462,6887,0,2,0,0,0,0,0,0,0,0,0
30678106,6888,0,2,0,0,0,0,0,0,0,0,0
30681750,6889,0,2,0,0,0,0,0,0,0,0,0
30685394,6890,0,2,0,0,0,0,0,0,0,0,0
30689039,6891,0,2,0,0,0,0,0,0,0,0,0
30692682,6892,0,2,0,0,0,0,0,0,0,0,0
30696326,6893,0,2,0,0,0,0,0,0,0,0,0
30699970,6894,0,2,0,0,0,0,0,0,0,0,0
30703614,6895,0,2,0,0,0,0,0,0,0,0,0
30707258,6896,0,2,0,0,0,0,0,0,0,0,0
30710902,6897,0,2,0,0,0,0,0,0,0,0,0
30714546,6898,0,2,0,0,0,0,0,0,0,0,0
30718190,6899,0,2,0,0,0,0,0,0,0,0,0
30721834,6900,0,2,0,0,0,0,0,0,0,0,0
30725479,6901,0,2,0,0,0,0,0,0,0,0,0
30729122,6902,0,2,0,0,0,0,0,0,0,0,0
30732766,6903,0,2,0,0,0,0,0,0,0,0,0
30736410,6904,0,2,0,0,0,0,0,0,0,0,0
30740054,6905,0,2,0,0,0,0,0,0,0,0,0
30743698,6906,0,2,0,0,0,0,0,0,0,0,0
30747342,6907,0,2,0,0,0,0,0,0,0,0,0
30750986,6908,0,2,0,0,0,0,0,0,0,0,0
30754630,6909,0,2,0,0,0,0,0,0,0,0,0
30758274,6910,0,2,0,0,0,0,0,0,0,0,0
30761919,6911,0,2,0,0,0,0,0,0,0,0,0
30765562,6912,0,2,0,0,0,0,0,0,0,0,0
30769206,6913,0,2,0,0,0,0,0,0,0,0,0
30772850,6914,0,2,0,0,0,0,0,0,0,0,0
30776494,6915,0,2,0,0,0,0,0,0,0,0,0
30780138,6916,0,2,0,0,0,0,0,0,0,0,0
30783782,6917,0,2,0,0,0,0,0,0,0,0,0
30787426,6918,0,2,0,0,0,0,0,0,0,0,0
30791071,6919,0,2,0,0,0,0,0,0,0,0,0
30794714,6920,0,2,0,0,0,0,0,0,0,0,0
30798358,6921,0,2,0,0,0,0,0,0,0,0,0
30802002,6922,0,2,0,0,0,0,0,0,0,0,0
30805646,6923,0,2,0,0,0,0,0,0,0,0,0
30809290,6924,0,2,0,0,0,0,0,0,0,0,0
30812934,6925,0,2,0,0,0,0,0,0,0,0,0
30816578,6926,0,2,0,0,0,0,0,0,0,0,0
30820222,6927,0,2,0,0,0,0,0,0,0,0,0
30823866,6928,0,2,0,0,0,0,0,0,0,0,0
30827510,6929,0,2,0,0,0,0,0,0,0,0,0
30831154,6930,0,2,0,0,0,0,0,0,0,0,0
30834799,6931,0,2,0,0,0,0,0,0,0,0,0
30838442,6932,0,2,0,0,0,0,0,0,0,0,0
30842086,6933,0,2,0,0,0,0,0,0,0,0,0
30845730,6934,0,2,0,0,0,0,0,0,0,0,0
30849374,6935,0,2,0,0,0,0,0,0,0,0,0
30853018,6936,0,2,0,0,0,0,0,0,0,0,0
30856662,6937,0,2,0,0,0,0,0,0,0,0,0
30860306,6938,0,2,0,0,0,0,0,0,0,0,0
30863950,6939,0,2,0,0,0,0,0,0,0,0,0
30867594,6940,0,2,0,0,0,0,0,0,0,0,0
30871239,6941,0,2,0,0,0,0,0,0,0,0,0
30874882,6942,0,2,0,0,0,0,0,0,0,0,0
30878526,6943,0,2,0,0,0,0,0,0,0,0,0
30882170,6944,0,2,0,0,0,0,0,0,0,0,0
30885814,6945,0,2,0,0,0,0,0,0,0,0,0
30889458,6946,0,2,0,0,0,0,0,0,0,0,0
30893102,6947,0,2,0,0,0,0,0,0,0,0,0
30896746,6948,0,2,0,0,0,0,0,0,0,0,0
30900390,6949,0,2,0,0,0,0,0,0,0,0,0
30904035,6950,0,2,0,0,0,0,0,0,0,0,0
30907679,6951,0,2,0,0,0,0,0,0,0,0,0
30911322,6952,0,2,0,0,0,0,0,0,0,0,0
30914966,6953,0,2,0,0,0,0,0,0,0,0,0
30918610,6954,0,2,0,0,0,0,0,0,0,0,0
30922254,6955,0,2,0,0,0,0,0,0,0,0,0
30925898,6956,0,2,0,0,0,0,0,0,0,0,0
30929542,6957,0,2,0,0,0,0,0,0,0,0,0
30933186,6958,0,2,0,0,0,0,0,0,0,0,0
30936830,6959,0,2,0,0,0,0,0,0,0,0,0
30940474,6960,0,2,0,0,0,0,0,0,0,0,0
30944119,6961,0,2,0,0,0,0,0,0,0,0,0
30947762,6962,0,2,0,0,0,0,0,0,0,0,0
30951406,6963,0,2,0,0,0,0,0,0,0,0,0
30955050,6964,0,2,0,0,0,0,0,0,0,0,0
30958694,6965,0,2,0,0,0,0,0,0,0,0,0
30962338,6966,0,2,0,0,0,0,0,0,0,0,0
30965982,6967,0,2,0,0,0,0,0,0,0,0,0
30969626,6968,0,2,0,0,0,0,0,0,0,0,0
30973270,6969,0,2,0,0,0,0,0,0,0,0,0
30976914,6970,0,2,0,0,0,0,0,0,0,0,0
30980559,6971,0,2,0,0,0,0,0,0,0,0,0
30984202,6972,0,2,0,0,0,0,0,0,0,0,0
30987846,6973,0,2,0,0,0,0,0,0,0,0,0
30991490,6974,0,2,0,0,0,0,0,0,0,0,0
30995134,6975,0,2,0,0,0,0,0,0,0,0,0
30998778,6976,0,2,0,0,0,0,0,0,0,0,0
31002422,6977,0,2,0,0,0,0,0,0,0,0,0
31006066,6978,0,2,0,0,0,0,0,0,0,0,0
31009710,6979,0,2,0,0,0,0,0,0,0,0,0
31013354,6980,0,2,0,0,0,0,0,0,0,0,0
31016999,6981,0,2,0,0,0,0,0,0,0,0,0
31020642,6982,0,2,0,0,0,0,0,0,0,0,0
31024286,6983,0,2,0,0,0,0,0,0,0,0,0
31027930,6984,0,2,0,0,0,0,0,0,0,0,0
31031574,6985,0,2,0,0,0,0,0,0,0,0,0
31035218,6986,0,2,0,0,0,0,0,0,0,0,0
31038862,6987,0,2,0,0,0,0,0,0,0,0,0
31042506,6988,0,2,0,0,0,0,0,0,0,0,0
31046150,6989,0,2,0,0,0,0,0,0,0,0,0
31049794,6990,0,2,0,0,0,0,0,0,0,0,0
31053439,6991,0,2,0,0,0,0,0,0,0,0,0
31057082,6992,0,2,0,0,0,0,0,0,0,0,0
31060726,6993,0,2,0,0,0,0,0,0,0,0,0
31064370,6994,0,2,0,0,0,0,0,0,0,0,0
31068014,6995,0,2,0,0,0,0,0,0,0,0,0
31071658,6996,0,2,0,0,0,0,0,0,0,0,0
31075302,6997,0,2,0,0,0,0,0,0,0,0,0
31078946,6998,0,2,0,0,0,0,0,0,0,0,0
31082590,6999,0,2,0,0,0,0,0,0,0,0,0
31086234,7000,0,2,0,0,0,0,0,0,0,0,0
31089879,7001,0,2,0,0,0,0,0,0,0,0,0
31093522,7002,0,2,0,0,0,0,0,0,0,0,0
31097166,7003,0,2,0,0,0,0,0,0,0,0,0
31100810,7004,0,2,0,0,0,0,0,0,0,0,0
31104454,7005,0,2,0,0,0,0,0,0,0,0,0
31108098,7006,0,2,0,0,0,0,0,0,0,0,0
31111742,7007,0,2,0,0,0,0,0,0,0,0,0
31115386,7008,0,2,0,0,0,0,0,0,0,0,0
31119031,7009,0,2,0,0,0,0,0,0,0,0,0
31122674,7010,0,2,0,0,0,0,0,0,0,0,0
31126319,7011,0,2,0,0,0,0,0,0,0,0,0
31129962,7012,0,2,0,0,0,0,0,0,0,0,0
31133606,7013,0,2,0,0,0,0,0,0,0,0,0
31137250,7014,0,2,0,0,0,0,0,0,0,0,0
31140894,7015,0,2,0,0,0,0,0,0,0,0,0
31144538,7016,0,2,0,0,0,0,0,0,0,0,0
31148182,7017,0,2,0,0,0,0,0,0,0,0,0
31151826,7018,0,2,0,0,0,0,0,0,0,0,0
31155470,7019,0,2,0,0,0,0,0,0,0,0,0
31159114,7020,0,2,0,0,0,0,0,0,0,0,0
31162759,7021,0,2,0,0,0,0,0,0,0,0,0
31166402,7022,0,2,0,0,0,0,0,0,0,0,0
31170046,7023,0,2,0,0,0,0,0,0,0,0,0
31173690,7024,0,2,0,0,0,0,0,0,0,0,0
31177334,7025,0,2,0,0,0,0,0,0,0,0,0
31180978,7026,0,2,0,0,0,0,0,0,0,0,0
31184622,7027,0,2,0,0,0,0,0,0,0,0,0
31188266,7028,0,2,0,0,0,0,0,0,0,0,0
31191910,7029,0,2,0,0,0,0,0,0,0,0,0
31195554,7030,0,2,0,0,0,0,0,0,0,0,0
31199199,7031,0,2,0,0,0,0,0,0,0,0,0
31202842,7032,0,2,0,0,0,0,0,0,0,0,0
31206486,7033,0,2,0,0,0,0,0,0,0,0,0
31210130,7034,0,2,0,0,0,0,0,0,0,0,0
31213774,7035,0,2,0,0,0,0,0,0,0,0,0
31217418,7036,0,2,0,0,0,0,0,0,0,0,0
31221062,7037,0,2,0,0,0,0,0,0,0,0,0
31264391,7038,0,2,0,0,0,0,0,0,0,0,0
31268023,7039,0,2,0,0,0,0,0,0,0,0,0
31271667,7040,0,2,0,0,0,0,0,0,0,0,0
31275312,7041,0,2,0,0,0,0,0,0,0,0,0
31278955,7042,0,2,0,0,0,0,0,0,0,0,0
31282599,7043,0,2,0,0,0,0,0,0,0,0,0
31286243,7044,0,2,0,0,0,0,0,0,0,0,0
31289887,7045,0,2,0,0,0,0,0,0,0,0,0
31293531,7046,0,2,0,0,0,0,0,0,0,0,0
31297175,7047,0,2,0,0,0,0,0,0,0,0,0
31300819,7048,0,2,0,0,0,0,0,0,0,0,0
31304463,7049,0,2,0,0,0,0,0,0,0,0,0
31308107,7050,0,2,0,0,0,0,0,0,0,0,0
31311752,7051,0,2,0,0,0,0,0,0,0,0,0
31315395,7052,0,2,0,0,0,0,0,0,0,0,0
31319039,7053,0,2,0,0,0,0,0,0,0,0,0
31322683,7054,0,2,0,0,0,0,0,0,0,0,0
31326327,7055,0,2,0,0,0,0,0,0,0,0,0
31329971,7056,0,2,0,0,0,0,0,0,0,0,0
31333615,7057,0,2,0,0,0,0,0,0,0,0,0
31337259,7058,0,2,0,0,0,0,0,0,0,0,0
31340903,7059,0,2,0,0,0,0,0,0,0,0,0
31344547,7060,0,2,0,0,0,0,0,0,0,0,0
31348192,7061,0,2,0,0,0,0,0,0,0,0,0
31351835,7062,0,2,0,0,0,0,0,0,0,0,0
31355479,7063,0,2,0,0,0,0,0,0,0,0,0
31359123,7064,0,2,0,0,0,0,0,0,0,0,0
31362767,7065,0,2,0,0,0,0,0,0,0,0,0
31366411,7066,0,2,0,0,0,0,0,0,0,0,0
31370055,7067,0,2,0,0,0,0,0,0,0,0,0
31373699,7068,0,2,0,0,0,0,0,0,0,0,0
31377343,7069,0,2,0,0,0,0,0,0,0,0,0
31380987,7070,0,2,0,0,0,0,0,0,0,0,0
31384632,7071,0,2,0,0,0,0,0,0,0,0,0
31388275,7072,0,2,0,0,0,0,0,0,0,0,0
31391919,7073,0,2,0,0,0,0,0,0,0,0,0
31395563,7074,0,2,0,0,0,0,0,0,0,0,0
31399207,7075,0,2,0,0,0,0,0,0,0,0,0
31402851,7076,0,2,0,0,0,0,0,0,0,0,0
31406495,7077,0,2,0,0,0,0,0,0,0,0,0
31410139,7078,0,2,0,0,0,0,0,0,0,0,0
31413783,7079,0,2,0,0,0,0,0,0,0,0,0
31417427,7080,0,2,0,0,0,0,0,0,0,0,0
31421072,7081,0,2,0,0,0,0,0,0,0,0,0
31424715,7082,0,2,0,0,0,0,0,0,0,0,0
31428359,7083,0,2,0,0,0,0,0,0,0,0,0
31432003,7084,0,2,0,0,0,0,0,0,0,0,0
31435647,7085,0,2,0,0,0,0,0,0,0,0,0
31439291,7086,0,2,0,0,0,0,0,0,0,0,0
31442935,7087,0,2,0,0,0,0,0,0,0,0,0
31446579,7088,0,2,0,0,0,0,0,0,0,0,0
31450223,7089,0,2,0,0,0,0,0,0,0,0,0
31453867,7090,0,2,0,0,0,0,0,0,0,0,0
31457511,7091,0,2,0,0,0,0,0,0,0,0,0
31461155,7092,0,2,0,0,0,0,0,0,0,0,0
31464799,7093,0,2,0,0,0,0,0,0,0,0,0
31468443,7094,0,2,0,0,0,0,0,0,0,0,0
31472087,7095,0,2,0,0,0,0,0,0,0,0,0
31475731,7096,0,2,0,0,0,0,0,0,0,0,0
31479375,7097,0,2,0,0,0,0,0,0,0,0,0
31483019,7098,0,2,0,0,0,0,0,0,0,0,0
31486663,7099,0,2,0,0,0,0,0,0,0,0,0
31490307,7100,0,2,0,0,0,0,0,0,0,0,0
31493952,7101,0,2,0,0,0,0,0,0,0,0,0
31497595,7102,0,2,0,0,0,0,0,0,0,0,0
31501239,7103,0,2,0,0,0,0,0,0,0,0,0
31504883,7104,0,2,0,0,0,0,0,0,0,0,0
31508527,7105,0,2,0,0,0,0,0,0,0,0,0
31512171,7106,0,2,0,0,0,0,0,0,0,0,0
31515815,7107,0,2,0,0,0,0,0,0,0,0,0
31519459,7108,0,2,0,0,0,0,0,0,0,0,0
31523103,7109,0,2,0,0,0,0,0,0,0,0,0
31526747,7110,0,2,0,0,0,0,0,0,0,0,0
31530392,7111,0,2,0,0,0,0,0,0,0,0,0
31534035,7112,0,2,0,0,0,0,0,0,0,0,0
31537679,7113,0,2,0,0,0,0,0,0,0,0,0
31541323,7114,0,2,0,0,0,0,0,0,0,0,0
31544967,7115,0,2,0,0,0,0,0,0,0,0,0
31548611,7116,0,2,0,0,0,0,0,0,0,0,0
31552255,7117,0,2,0,0,0,0,0,0,0,0,0
31555899,7118,0,2,0,0,0,0,0,0,0,0,0
31559543,7119,0,2,0,0,0,0,0,0,0,0,0
31563187,7120,0,2,0,0,0,0,0,0,0,0,0
31566832,7121,0,2,0,0,0,0,0,0,0,0,0
31570475,7122,0,2,0,0,0,0,0,0,0,0,0
31574119,7123,0,2,0,0,0,0,0,0,0,0,0
31577763,7124,0,2,0,0,0,0,0,0,0,0,0
31581407,7125,0,2,0,0,0,0,0,0,0,0,0
31585052,7126,0,2,0,0,0,0,0,0,0,0,0
31588695,7127,0,2,0,0,0,0,0,0,0,0,0
31592339,7128,0,2,0,0,0,0,0,0,0,0,0
31595983,7129,0,2,0,0,0,0,0,0,0,0,0
31599627,7130,0,2,0,0,0,0,0,0,0,0,0
31603272,7131,0,2,0,0,0,0,0,0,0,0,0
31606915,7132,0,2,0,0,0,0,0,0,0,0,0
31610559,7133,0,2,0,0,0,0,0,0,0,0,0
31614203,7134,0,2,0,0,0,0,0,0,0,0,0
31617847,7135,0,2,0,0,0,0,0,0,0,0,0
31621491,7136,0,2,0,0,0,0,0,0,0,0,0
31625135,7137,0,2,0,0,0,0,0,0,0,0,0
31628779,7138,0,2,0,0,0,0,0,0,0,0,0
31632423,7139,0,2,0,0,0,0,0,0,0,0,0
31636067,7140,0,2,0,0,0,0,0,0,0,0,0
31639712,7141,0,2,0,0,0,0,0,0,0,0,0
31643355,7142,0,2,0,0,0,0,0,0,0,0,0
31646999,7143,0,2,0,0,0,0,0,0,0,0,0
31650643,7144,0,2,0,0,0,0,0,0,0,0,0
31654287,7145,0,2,0,0,0,0,0,0,0,0,0
31657931,7146,0,2,0,0,0,0,0,0,0,0,0
31661575,7147,0,2,0,0,0,0,0,0,0,0,0
31665219,7148,0,2,0,0,0,0,0,0,0,0,0
31668863,7149,0,2,0,0,0,0,0,0,0,0,0
31672507,7150,0,2,0,0,0,0,0,0,0,0,0
31676152,7151,0,2,0,0,0,0,0,0,0,0,0
31679795,7152,0,2,0,0,0,0,0,0,0,0,0
31683439,7153,0,2,0,0,0,0,0,0,0,0,0
31687083,7154,0,2,0,0,0,0,0,0,0,0,0
31690727,7155,0,2,0,0,0,0,0,0,0,0,0
31694371,7156,0,2,0,0,0,0,0,0,0,0,0
31698015,7157,0,2,0,0,0,0,0,0,0,0,0
31701659,7158,0,2,0,0,0,0,0,0,0,0,0
31705303,7159,0,2,0,0,0,0,0,0,0,0,0
31708947,7160,0,2,0,0,0,0,0,0,0,0,0
31712592,7161,0,2,0,0,0,0,0,0,0,0,0
31716235,7162,0,2,0,0,0,0,0,0,0,0,0
31719879,7163,0,2,0,0,0,0,0,0,0,0,0
31723523,7164,0,2,0,0,0,0,0,0,0,0,0
31727167,7165,0,2,0,0,0,0,0,0,0,0,0
31730811,7166,0,2,0,0,0,0,0,0,0,0,0
31734455,7167,0,2,0,0,0,0,0,0,0,0,0
31738100,7168,0,2,0,0,0,0,0,0,0,0,0
31741743,7169,0,2,0,0,0,0,0,0,0,0,0
31745387,7170,0,2,0,0,0,0,0,0,0,0,0
31749032,7171,0,2,0,0,0,0,0,0,0,0,0
31752675,7172,0,2,0,0,0,0,0,0,0,0,0
31756319,7173,0,2,0,0,0,0,0,0,0,0,0
31759963,7174,0,2,0,0,0,0,0,0,0,0,0
31763607,7175,0,2,0,0,0,0,0,0,0,0,0
31767251,7176,0,2,0,0,0,0,0,0,0,0,0
31770895,7177,0,2,0,0,0,0,0,0,0,0,0
31774539,7178,0,2,0,0,0,0,0,0,0,0,0
31778183,7179,0,2,0,0,0,0,0,0,0,0,0
31781827,7180,0,2,0,0,0,0,0,0,0,0,0
31785472,7181,0,2,0,0,0,0,0,0,0,0,0
31789115,7182,0,2,0,0,0,0,0,0,0,0,0
31792759,7183,0,2,0,0,0,0,0,0,0,0,0
31796403,7184,0,2,0,0,0,0,0,0,0,0,0
31800047,7185,0,2,0,0,0,0,0,0,0,0,0
31803691,7186,0,2,0,0,0,0,0,0,0,0,0
31807335,7187,0,2,0,0,0,0,0,0,0,0,0
31810979,7188,0,2,0,0,0,0,0,0,0,0,0
31814623,7189,0,2,0,0,0,0,0,0,0,0,0
31818267,7190,0,2,0,0,0,0,0,0,0,0,0
31821912,7191,0,2,0,0,0,0,0,0,0,0,0
31825555,7192,0,2,0,0,0,0,0,0,0,0,0
31829199,7193,0,2,0,0,0,0,0,0,0,0,0
31832843,7194,0,2,0,0,0,0,0,0,0,0,0
31836487,7195,0,2,0,0,0,0,0,0,0,0,0
31840131,7196,0,2,0,0,0,0,0,0,0,0,0
31843775,7197,0,2,0,0,0,0,0,0,0,0,0
31847419,7198,0,2,0,0,0,0,0,0,0,0,0
31851063,7199,0,2,0,0,0,0,0,0,0,0,0
31854707,7200,0,2,0,0,0,0,0,0,0,0,0
31858352,7201,0,2,0,0,0,0,0,0,0,0,0
31861995,7202,0,2,0,0,0,0,0,0,0,0,0
31865639,7203,0,2,0,0,0,0,0,0,0,0,0
31869283,7204,0,2,0,0,0,0,0,0,0,0,0
31872927,7205,0,2,0,0,0,0,0,0,0,0,0
31876571,7206,0,2,0,0,0,0,0,0,0,0,0
31880215,7207,0,2,0,0,0,0,0,0,0,0,0
31883859,7208,0,2,0,0,0,0,0,0,0,0,0
31887503,7209,0,2,0,0,0,0,0,0,0,0,0
31891147,7210,0,2,0,0,0,0,0,0,0,0,0
31894792,7211,0,2,0,0,0,0,0,0,0,0,0
31898435,7212,0,2,0,0,0,0,0,0,0,0,0
31902079,7213,0,2,0,0,0,0,0,0,0,0,0
31905723,7214,0,2,0,0,0,0,0,0,0,0,0
31909367,7215,0,2,0,0,0,0,0,0,0,0,0
31913011,7216,0,2,0,0,0,0,0,0,0,0,0
31916655,7217,0,2,0,0,0,0,0,0,0,0,0
31920299,7218,0,2,0,0,0,0,0,0,0,0,0
31923943,7219,0,2,0,0,0,0,0,0,0,0,0
31927587,7220,0,2,0,0,0,0,0,0,0,0,0
31931232,7221,0,2,0,0,0,0,0,0,0,0,0
31934875,7222,0,2,0,0,0,0,0,0,0,0,0
31938519,7223,0,2,0,0,0,0,0,0,0,0,0
31942163,7224,0,2,0,0,0,0,0,0,0,0,0
31945807,7225,0,2,0,0,0,0,0,0,0,0,0
31949451,7226,0,2,0,0,0,0,0,0,0,0,0
31953095,7227,0,2,0,0,0,0,0,0,0,0,0
31956739,7228,0,2,0,0,0,0,0,0,0,0,0
31960383,7229,0,2,0,0,0,0,0,0,0,0,0
31964027,7230,0,2,0,0,0,0,0,0,0,0,0
31967672,7231,0,2,0,0,0,0,0,0,0,0,0
31971315,7232,0,2,0,0,0,0,0,0,0,0,0
31974959,7233,0,2,0,0,0,0,0,0,0,0,0
31978603,7234,0,2,0,0,0,0,0,0,0,0,0
31982247,7235,0,2,0,0,0,0,0,0,0,0,0
31985891,7236,0,2,0,0,0,0,0,0,0,0,0
31989535,7237,0,2,0,0,0,0,0,0,0,0,0
31993179,7238,0,2,0,0,0,0,0,0,0,0,0
31996823,7239,0,2,0,0,0,0,0,0,0,0,0
32000467,7240,0,2,0,0,0,0,0,0,0,0,0
32004112,7241,0,2,0,0,0,0,0,0,0,0,0
32007755,7242,0,2,0,0,0,0,0,0,0,0,0
32011399,7243,0,2,0,0,0,0,0,0,0,0,0
32015044,7244,0,2,0,0,0,0,0,0,0,0,0
32018687,7245,0,2,0,0,0,0,0,0,0,0,0
32022331,7246,0,2,0,0,0,0,0,0,0,0,0
32025975,7247,0,2,0,0,0,0,0,0,0,0,0
32029619,7248,0,2,0,0,0,0,0,0,0,0,0
32033263,7249,0,2,0,0,0,0,0,0,0,0,0
32036907,7250,0,2,0,0,0,0,0,0,0,0,0
32040552,7251,0,2,0,0,0,0,0,0,0,0,0
32044195,7252,0,2,0,0,0,0,0,0,0,0,0
32047839,7253,0,2,0,0,0,0,0,0,0,0,0
32051483,7254,0,2,0,0,0,0,0,0,0,0,0
32055127,7255,0,2,0,0,0,0,0,0,0,0,0
32058771,7256,0,2,0,0,0,0,0,0,0,0,0
32062415,7257,0,2,0,0,0,0,0,0,0,0,0
32066059,7258,0,2,0,0,0,0,0,0,0,0,0
32069703,7259,0,2,0,0,0,0,0,0,0,0,0
32073347,7260,0,2,0,0,0,0,0,0,0,0,0
32076992,7261,0,2,0,0,0,0,0,0,0,0,0
32080635,7262,0,2,0,0,0,0,0,0,0,0,0
32084279,7263,0,2,0,0,0,0,0,0,0,0,0
32087923,7264,0,2,0,0,0,0,0,0,0,0,0
32096967,7265,0,2,0,0,0,0,0,0,0,0,0
32100599,7266,0,2,0,0,0,0,0,0,0,0,0
32104243,7267,0,2,0,0,0,0,0,0,0,0,0
32107887,7268,0,2,0,0,0,0,0,0,0,0,0
32111531,7269,0,2,0,0,0,0,0,0,0,0,0
32115175,7270,0,2,0,0,0,0,0,0,0,0,0
32118820,7271,0,2,0,0,0,0,0,0,0,0,0
32122463,7272,0,2,0,0,0,0,0,0,0,0,0
32126107,7273,0,2,0,0,0,0,0,0,0,0,0
32129751,7274,0,2,0,0,0,0,0,0,0,0,0
32133395,7275,0,2,0,0,0,0,0,0,0,0,0
32137039,7276,0,2,0,0,0,0,0,0,0,0,0
32140683,7277,0,2,0,0,0,0,0,0,0,0,0
32144327,7278,0,2,0,0,0,0,0,0,0,0,0
32147971,7279,0,2,0,0,0,0,0,0,0,0,0
32151615,7280,0,2,0,0,0,0,0,0,0,0,0
32155260,7281,0,2,0,0,0,0,0,0,0,0,0
32158903,7282,0,2,0,0,0,0,0,0,0,0,0
32162547,7283,0,2,0,0,0,0,0,0,0,0,0
32166191,7284,0,2,0,0,0,0,0,0,0,0,0
32169835,7285,0,2,0,0,0,0,0,0,0,0,0
32173479,7286,0,2,0,0,0,0,0,0,0,0,0
32177123,7287,0,2,0,0,0,0,0,0,0,0,0
32180767,7288,0,2,0,0,0,0,0,0,0,0,0
32184411,7289,0,2,0,0,0,0,0,0,0,0,0
32188055,7290,0,2,0,0,0,0,0,0,0,0,0
32191700,7291,0,2,0,0,0,0,0,0,0,0,0
32195343,7292,0,2,0,0,0,0,0,0,0,0,0
32198987,7293,0,2,0,0,0,0,0,0,0,0,0
32202631,7294,0,2,0,0,0,0,0,0,0,0,0
32206275,7295,0,2,0,0,0,0,0,0,0,0,0
32209919,7296,0,2,0,0,0,0,0,0,0,0,0
32213563,7297,0,2,0,0,0,0,0,0,0,0,0
32217207,7298,0,2,0,0,0,0,0,0,0,0,0
32220851,7299,0,2,0,0,0,0,0,0,0,0,0
32224495,7300,0,2,0,0,0,0,0,0,0,0,0
32228140,7301,0,2,0,0,0,0,0,0,0,0,0
32231783,7302,0,2,0,0,0,0,0,0,0,0,0
32235427,7303,0,2,0,0,0,0,0,0,0,0,0
32239071,7304,0,2,0,0,0,0,0,0,0,0,0
32242715,7305,0,2,0,0,0,0,0,0,0,0,0
32246359,7306,0,2,0,0,0,0,0,0,0,0,0
32250003,7307,0,2,0,0,0,0,0,0,0,0,0
32253647,7308,0,2,0,0,0,0,0,0,0,0,0
32257291,7309,0,2,0,0,0,0,0,0,0,0,0
32260935,7310,0,2,0,0,0,0,0,0,0,0,0
32264580,7311,0,2,0,0,0,0,0,0,0,0,0
32268223,7312,0,2,0,0,0,0,0,0,0,0,0
32271867,7313,0,2,0,0,0,0,0,0,0,0,0
32275511,7314,0,2,0,0,0,0,0,0,0,0,0
32279155,7315,0,2,0,0,0,0,0,0,0,0,0
32282799,7316,0,2,0,0,0,0,0,0,0,0,0
32286443,7317,0,2,0,0,0,0,0,0,0,0,0
32290087,7318,0,2,0,0,0,0,0,0,0,0,0
32293731,7319,0,2,0,0,0,0,0,0,0,0,0
32297375,7320,0,2,0,0,0,0,0,0,0,0,0
32301020,7321,0,2,0,0,0,0,0,0,0,0,0
32304663,7322,0,2,0,0,0,0,0,0,0,0,0
32308307,7323,0,2,0,0,0,0,0,0,0,0,0
32311951,7324,0,2,0,0,0,0,0,0,0,0,0
32315595,7325,0,2,0,0,0,0,0,0,0,0,0
32319239,7326,0,2,0,0,0,0,0,0,0,0,0
32322883,7327,0,2,0,0,0,0,0,0,0,0,0
32326527,7328,0,2,0,0,0,0,0,0,0,0,0
32330171,7329,0,2,0,0,0,0,0,0,0,0,0
32333815,7330,0,2,0,0,0,0,0,0,0,0,0
32337460,7331,0,2,0,0,0,0,0,0,0,0,0
32341103,7332,0,2,0,0,0,0,0,0,0,0,0
32344747,7333,0,2,0,0,0,0,0,0,0,0,0
32348391,7334,0,2,0,0,0,0,0,0,0,0,0
32352035,7335,0,2,0,0,0,0,0,0,0,0,0
32355679,7336,0,2,0,0,0,0,0,0,0,0,0
32359323,7337,0,2,0,0,0,0,0,0,0,0,0
32362967,7338,0,2,0,0,0,0,0,0,0,0,0
32366611,7339,0,2,0,0,0,0,0,0,0,0,0
32370255,7340,0,2,0,0,0,0,0,0,0,0,0
32373900,7341,0,2,0,0,0,0,0,0,0,0,0
32377543,7342,0,2,0,0,0,0,0,0,0,0,0
32381187,7343,0,2,0,0,0,0,0,0,0,0,0
32384831,7344,0,2,0,0,0,0,0,0,0,0,0
32388475,7345,0,2,0,0,0,0,0,0,0,0,0
32392119,7346,0,2,0,0,0,0,0,0,0,0,0
32395763,7347,0,2,0,0,0,0,0,0,0,0,0
32399407,7348,0,2,0,0,0,0,0,0,0,0,0
32403052,7349,0,2,0,0,0,0,0,0,0,0,0
32406695,7350,0,2,0,0,0,0,0,0,0,0,0
32410340,7351,0,2,0,0,0,0,0,0,0,0,0
32413983,7352,0,2,0,0,0,0,0,0,0,0,0
32417627,7353,0,2,0,0,0,0,0,0,0,0,0
32421271,7354,0,2,0,0,0,0,0,0,0,0,0
32424915,7355,0,2,0,0,0,0,0,0,0,0,0
32428559,7356,0,2,0,0,0,0,0,0,0,0,0
32432203,7357,0,2,0,0,0,0,0,0,0,0,0
32435847,7358,0,2,0,0,0,0,0,0,0,0,0
32439491,7359,0,2,0,0,0,0,0,0,0,0,0
32443135,7360,0,2,0,0,0,0,0,0,0,0,0
32446780,7361,0,2,0,0,0,0,0,0,0,0,0
32450423,7362,0,2,0,0,0,0,0,0,0,0,0
32454067,7363,0,2,0,0,0,0,0,0,0,0,0
32457711,7364,0,2,0,0,0,0,0,0,0,0,0
32461355,7365,0,2,0,0,0,0,0,0,0,0,0
32464999,7366,0,2,0,0,0,0,0,0,0,0,0
32468643,7367,0,2,0,0,0,0,0,0,0,0,0
32472287,7368,0,2,0,0,0,0,0,0,0,0,0
32475931,7369,0,2,0,0,0,0,0,0,0,0,0
32479575,7370,0,2,0,0,0,0,0,0,0,0,0
32483220,7371,0,2,0,0,0,0,0,0,0,0,0
32486863,7372,0,2,0,0,0,0,0,0,0,0,0
32490507,7373,0,2,0,0,0,0,0,0,0,0,0
32494151,7374,0,2,0,0,0,0,0,0,0,0,0
32497795,7375,0,2,0,0,0,0,0,0,0,0,0
32501439,7376,0,2,0,0,0,0,0,0,0,0,0
32505083,7377,0,2,0,0,0,0,0,0,0,0,0
32508727,7378,0,2,0,0,0,0,0,0,0,0,0
32512371,7379,0,2,0,0,0,0,0,0,0,0,0
32516015,7380,0,2,0,0,0,0,0,0,0,0,0
32519660,7381,0,2,0,0,0,0,0,0,0,0,0
32523303,7382,0,2,0,0,0,0,0,0,0,0,0
32526947,7383,0,2,0,0,0,0,0,0,0,0,0
32530591,7384,0,2,0,0,0,0,0,0,0,0,0
32534235,7385,0,2,0,0,0,0,0,0,0,0,0
32537879,7386,0,2,0,0,0,0,0,0,0,0,0
32541523,7387,0,2,0,0,0,0,0,0,0,0,0
32545167,7388,0,2,0,0,0,0,0,0,0,0,0
32548811,7389,0,2,0,0,0,0,0,0,0,0,0
32552455,7390,0,2,0,0,0,0,0,0,0,0,0
32556100,7391,0,2,0,0,0,0,0,0,0,0,0
32559743,7392,0,2,0,0,0,0,0,0,0,0,0
32563387,7393,0,2,0,0,0,0,0,0,0,0,0
32567031,7394,0,2,0,0,0,0,0,0,0,0,0
32570675,7395,0,2,0,0,0,0,0,0,0,0,0
32574319,7396,0,2,0,0,0,0,0,0,0,0,0
32577963,7397,0,2,0,0,0,0,0,0,0,0,0
32581607,7398,0,2,0,0,0,0,0,0,0,0,0
32585251,7399,0,2,0,0,0,0,0,0,0,0,0
32588895,7400,0,2,0,0,0,0,0,0,0,0,0
32592540,7401,0,2,0,0,0,0,0,0,0,0,0
32596183,7402,0,2,0,0,0,0,0,0,0,0,0
32599827,7403,0,2,0,0,0,0,0,0,0,0,0
32603471,7404,0,2,0,0,0,0,0,0,0,0,0
32607115,7405,0,2,0,0,0,0,0,0,0,0,0
32610759,7406,0,2,0,0,0,0,0,0,0,0,0
32614403,7407,0,2,0,0,0,0,0,0,0,0,0
32618047,7408,0,2,0,0,0,0,0,0,0,0,0
32621691,7409,0,2,0,0,0,0,0,0,0,0,0
32625335,7410,0,2,0,0,0,0,0,0,0,0,0
32628980,7411,0,2,0,0,0,0,0,0,0,0,0
32632623,7412,0,2,0,0,0,0,0,0,0,0,0
32636267,7413,0,2,0,0,0,0,0,0,0,0,0
32639911,7414,0,2,0,0,0,0,0,0,0,0,0
32643555,7415,0,2,0,0,0,0,0,0,0,0,0
32647199,7416,0,2,0,0,0,0,0,0,0,0,0
32650843,7417,0,2,0,0,0,0,0,0,0,0,0
32654487,7418,0,2,0,0,0,0,0,0,0,0,0
32658131,7419,0,2,0,0,0,0,0,0,0,0,0
32661775,7420,0,2,0,0,0,0,0,0,0,0,0
32665420,7421,0,2,0,0,0,0,0,0,0,0,0
32669063,7422,0,2,0,0,0,0,0,0,0,0,0
32672707,7423,0,2,0,0,0,0,0,0,0,0,0
32676351,7424,0,2,0,0,0,0,0,0,0,0,0
32679995,7425,0,2,0,0,0,0,0,0,0,0,0
32683639,7426,0,2,0,0,0,0,0,0,0,0,0
32687283,7427,0,2,0,0,0,0,0,0,0,0,0
32690927,7428,0,2,0,0,0,0,0,0,0,0,0
32694571,7429,0,2,0,0,0,0,0,0,0,0,0
32698215,7430,0,2,0,0,0,0,0,0,0,0,0
32701860,7431,0,2,0,0,0,0,0,0,0,0,0
32705503,7432,0,2,0,0,0,0,0,0,0,0,0
32709147,7433,0,2,0,0,0,0,0,0,0,0,0
32712791,7434,0,2,0,0,0,0,0,0,0,0,0
32716435,7435,0,2,0,0,0,0,0,0,0,0,0
32720079,7436,0,2,0,0,0,0,0,0,0,0,0
32723723,7437,0,2,0,0,0,0,0,0,0,0,0
32727367,7438,0,2,0,0,0,0,0,0,0,0,0
32731011,7439,0,2,0,0,0,0,0,0,0,0,0
32734655,7440,0,2,0,0,0,0,0,0,0,0,0
32738300,7441,0,2,0,0,0,0,0,0,0,0,0
32741943,7442,0,2,0,0,0,0,0,0,0,0,0
32745587,7443,0,2,0,0,0,0,0,0,0,0,0
32749231,7444,0,2,0,0,0,0,0,0,0,0,0
32752875,7445,0,2,0,0,0,0,0,0,0,0,0
32756519,7446,0,2,0,0,0,0,0,0,0,0,0
32760163,7447,0,2,0,0,0,0,0,0,0,0,0
32763807,7448,0,2,0,0,0,0,0,0,0,0,0
32767451,7449,0,2,0,0,0,0,0,0,0,0,0
32771095,7450,0,2,0,0,0,0,0,0,0,0,0
32774740,7451,0,2,0,0,0,0,0,0,0,0,0
32778383,7452,0,2,0,0,0,0,0,0,0,0,0
32782027,7453,0,2,0,0,0,0,0,0,0,0,0
32785671,7454,0,2,0,0,0,0,0,0,0,0,0
32789315,7455,0,2,0,0,0,0,0,0,0,0,0
32792959,7456,0,2,0,0,0,0,0,0,0,0,0
32796603,7457,0,2,0,0,0,0,0,0,0,0,0
32800247,7458,0,2,0,0,0,0,0,0,0,0,0
32803891,7459,0,2,0,0,0,0,0,0,0,0,0
32807535,7460,0,2,0,0,0,0,0,0,0,0,0
32811180,7461,0,2,0,0,0,0,0,0,0,0,0
32814823,7462,0,2,0,0,0,0,0,0,0,0,0
32818467,7463,0,2,0,0,0,0,0,0,0,0,0
32822112,7464,0,2,0,0,0,0,0,0,0,0,0
32825755,7465,0,2,0,0,0,0,0,0,0,0,0
32829399,7466,0,2,0,0,0,0,0,0,0,0,0
32833043,7467,0,2,0,0,0,0,0,0,0,0,0
32836687,7468,0,2,0,0,0,0,0,0,0,0,0
32840331,7469,0,2,0,0,0,0,0,0,0,0,0
32843975,7470,0,2,0,0,0,0,0,0,0,0,0
32847620,7471,0,2,0,0,0,0,0,0,0,0,0
32851263,7472,0,2,0,0,0,0,0,0,0,0,0
32854907,7473,0,2,0,0,0,0,0,0,0,0,0
32858551,7474,0,2,0,0,0,0,0,0,0,0,0
32862195,7475,0,2,0,0,0,0,0,0,0,0,0
32865839,7476,0,2,0,0,0,0,0,0,0,0,0
32869483,7477,0,2,0,0,0,0,0,0,0,0,0
32873127,7478,0,2,0,0,0,0,0,0,0,0,0
32876771,7479,0,2,0,0,0,0,0,0,0,0,0
32880415,7480,0,2,0,0,0,0,0,0,0,0,0
32884060,7481,0,2,0,0,0,0,0,0,0,0,0
32887703,7482,0,2,0,0,0,0,0,0,0,0,0
32891347,7483,0,2,0,0,0,0,0,0,0,0,0
32894991,7484,0,2,0,0,0,0,0,0,0,0,0
32898635,7485,0,2,0,0,0,0,0,0,0,0,0
32902279,7486,0,2,0,0,0,0,0,0,0,0,0
32905923,7487,0,2,0,0,0,0,0,0,0,0,0
32909567,7488,0,2,0,0,0,0,0,0,0,0,0
32913211,7489,0,2,0,0,0,0,0,0,0,0,0
32916855,7490,0,2,0,0,0,0,0,0,0,0,0
32920500,7491,0,2,0,0,0,0,0,0,0,0,0
32931757,7492,0,2,0,0,0,0,0,0,0,0,0
32935389,7493,0,2,0,0,0,0,0,0,0,0,0
32939033,7494,0,2,0,0,0,0,0,0,0,0,0
32942677,7495,0,2,0,0,0,0,0,0,0,0,0
32946321,7496,0,2,0,0,0,0,0,0,0,0,0
32949965,7497,0,2,0,0,0,0,0,0,0,0,0
32953609,7498,0,2,0,0,0,0,0,0,0,0,0
32957253,7499,0,2,0,0,0,0,0,0,0,0,0
32960897,7500,0,2,0,0,0,0,0,0,0,0,0
32964542,7501,0,2,0,0,0,0,0,0,0,0,0
32968185,7502,0,2,0,0,0,0,0,0,0,0,0
32971829,7503,0,2,0,0,0,0,0,0,0,0,0
32975473,7504,0,2,0,0,0,0,0,0,0,0,0
32979118,7505,0,2,0,0,0,0,0,0,0,0,0
32982761,7506,0,2,0,0,0,0,0,0,0,0,0
32986405,7507,0,2,0,0,0,0,0,0,0,0,0
32990049,7508,0,2,0,0,0,0,0,0,0,0,0
32993693,7509,0,2,0,0,0,0,0,0,0,0,0
32997337,7510,0,2,0,0,0,0,0,0,0,0,0
33000982,7511,0,2,0,0,0,0,0,0,0,0,0
33004625,7512,0,2,0,0,0,0,0,0,0,0,0
33008269,7513,0,2,0,0,0,0,0,0,0,0,0
33011913,7514,0,2,0,0,0,0,0,0,0,0,0
33015557,7515,0,2,0,0,0,0,0,0,0,0,0
33019201,7516,0,2,0,0,0,0,0,0,0,0,0
33022845,7517,0,2,0,0,0,0,0,0,0,0,0
33026489,7518,0,2,0,0,0,0,0,0,0,0,0
33030133,7519,0,2,0,0,0,0,0,0,0,0,0
33033777,7520,0,2,0,0,0,0,0,0,0,0,0
33037421,7521,0,2,0,0,0,0,0,0,0,0,0
33041065,7522,0,2,0,0,0,0,0,0,0,0,0
33044709,7523,0,2,0,0,0,0,0,0,0,0,0
33048353,7524,0,2,0,0,0,0,0,0,0,0,0
33051997,7525,0,2,0,0,0,0,0,0,0,0,0
33055641,7526,0,2,0,0,0,0,0,0,0,0,0
33059285,7527,0,2,0,0,0,0,0,0,0,0,0
33062929,7528,0,2,0,0,0,0,0,0,0,0,0
33066573,7529,0,2,0,0,0,0,0,0,0,0,0
33070217,7530,0,2,0,0,0,0,0,0,0,0,0
33073862,7531,0,2,0,0,0,0,0,0,0,0,0
33077505,7532,0,2,0,0,0,0,0,0,0,0,0
33081149,7533,0,2,0,0,0,0,0,0,0,0,0
33084793,7534,0,2,0,0,0,0,0,0,0,0,0
33088437,7535,0,2,0,0,0,0,0,0,0,0,0
33092082,7536,0,2,0,0,0,0,0,0,0,0,0
33095725,7537,0,2,0,0,0,0,0,0,0,0,0
33099369,7538,0,2,0,0,0,0,0,0,0,0,0
33103014,7539,0,2,0,0,0,0,0,0,0,0,0
33106657,7540,0,2,0,0,0,0,0,0,0,0,0
33110302,7541,0,2,0,0,0,0,0,0,0,0,0
33113945,7542,0,2,0,0,0,0,0,0,0,0,0
33117589,7543,0,2,0,0,0,0,0,0,0,0,0
33121233,7544,0,2,0,0,0,0,0,0,0,0,0
33124877,7545,0,2,0,0,0,0,0,0,0,0,0
33128521,7546,0,2,0,0,0,0,0,0,0,0,0
33132165,7547,0,2,0,0,0,0,0,0,0,0,0
33135809,7548,0,2,0,0,0,0,0,0,0,0,0
33139453,7549,0,2,0,0,0,0,0,0,0,0,0
33143097,7550,0,2,0,0,0,0,0,0,0,0,0
33146742,7551,0,2,0,0,0,0,0,0,0,0,0
33150385,7552,0,2,0,0,0,0,0,0,0,0,0
33154029,7553,0,2,0,0,0,0,0,0,0,0,0
33157673,7554,0,2,0,0,0,0,0,0,0,0,0
33161317,7555,0,2,0,0,0,0,0,0,0,0,0
33164961,7556,0,2,0,0,0,0,0,0,0,0,0
33168605,7557,0,2,0,0,0,0,0,0,0,0,0
33172249,7558,0,2,0,0,0,0,0,0,0,0,0
33175893,7559,0,2,0,0,0,0,0,0,0,0,0
33179537,7560,0,2,0,0,0,0,0,0,0,0,0
33183182,7561,0,2,0,0,0,0,0,0,0,0,0
33186825,7562,0,2,0,0,0,0,0,0,0,0,0
33190469,7563,0,2,0,0,0,0,0,0,0,0,0
33194113,7564,0,2,0,0,0,0,0,0,0,0,0
33197757,7565,0,2,0,0,0,0,0,0,0,0,0
33201401,7566,0,2,0,0,0,0,0,0,0,0,0
33205045,7567,0,2,0,0,0,0,0,0,0,0,0
33208689,7568,0,2,0,0,0,0,0,0,0,0,0
33212333,7569,0,2,0,0,0,0,0,0,0,0,0
33215977,7570,0,2,0,0,0,0,0,0,0,0,0
33219622,7571,0,2,0,0,0,0,0,0,0,0,0
33223265,7572,0,2,0,0,0,0,0,0,0,0,0
33226909,7573,0,2,0,0,0,0,0,0,0,0,0
33230553,7574,0,2,0,0,0,0,0,0,0,0,0
33234197,7575,0,2,0,0,0,0,0,0,0,0,0
33237841,7576,0,2,0,0,0,0,0,0,0,0,0
33241485,7577,0,2,0,0,0,0,0,0,0,0,0
33245129,7578,0,2,0,0,0,0,0,0,0,0,0
33248773,7579,0,2,0,0,0,0,0,0,0,0,0
33252417,7580,0,2,0,0,0,0,0,0,0,0,0
33256062,7581,0,2,0,0,0,0,0,0,0,0,0
33259705,7582,0,2,0,0,0,0,0,0,0,0,0
33263349,7583,0,2,0,0,0,0,0,0,0,0,0
33266993,7584,0,2,0,0,0,0,0,0,0,0,0
33270637,7585,0,2,0,0,0,0,0,0,0,0,0
33274281,7586,0,2,0,0,0,0,0,0,0,0,0
33277925,7587,0,2,0,0,0,0,0,0,0,0,0
33281569,7588,0,2,0,0,0,0,0,0,0,0,0
33285213,7589,0,2,0,0,0,0,0,0,0,0,0
33288857,7590,0,2,0,0,0,0,0,0,0,0,0
33292502,7591,0,2,0,0,0,0,0,0,0,0,0
33296145,7592,0,2,0,0,0,0,0,0,0,0,0
33299789,7593,0,2,0,0,0,0,0,0,0,0,0
33303433,7594,0,2,0,0,0,0,0,0,0,0,0
33307077,7595,0,2,0,0,0,0,0,0,0,0,0
33310721,7596,0,2,0,0,0,0,0,0,0,0,0
33314365,7597,0,2,0,0,0,0,0,0,0,0,0
33318009,7598,0,2,0,0,0,0,0,0,0,0,0
33321653,7599,0,2,0,0,0,0,0,0,0,0,0
33325297,7600,0,2,0,0,0,0,0,0,0,0,0
33328942,7601,0,2,0,0,0,0,0,0,0,0,0
33332585,7602,0,2,0,0,0,0,0,0,0,0,0
33336229,7603,0,2,0,0,0,0,0,0,0,0,0
33339873,7604,0,2,0,0,0,0,0,0,0,0,0
33343517,7605,0,2,0,0,0,0,0,0,0,0,0
33347161,7606,0,2,0,0,0,0,0,0,0,0,0
33350805,7607,0,2,0,0,0,0,0,0,0,0,0
33354449,7608,0,2,0,0,0,0,0,0,0,0,0
33358093,7609,0,2,0,0,0,0,0,0,0,0,0
33361737,7610,0,2,0,0,0,0,0,0,0,0,0
33365382,7611,0,2,0,0,0,0,0,0,0,0,0
33369025,7612,0,2,0,0,0,0,0,0,0,0,0
33372669,7613,0,2,0,0,0,0,0,0,0,0,0
33376313,7614,0,2,0,0,0,0,0,0,0,0,0
33379957,7615,0,2,0,0,0,0,0,0,0,0,0
33383601,7616,0,2,0,0,0,0,0,0,0,0,0
33387245,7617,0,2,0,0,0,0,0,0,0,0,0
33390889,7618,0,2,0,0,0,0,0,0,0,0,0
33394533,7619,0,2,0,0,0,0,0,0,0,0,0
33398177,7620,0,2,0,0,0,0,0,0,0,0,0
33401822,7621,0,2,0,0,0,0,0,0,0,0,0
33405465,7622,0,2,0,0,0,0,0,0,0,0,0
33409109,7623,0,2,0,0,0,0,0,0,0,0,0
33412753,7624,0,2,0,0,0,0,0,0,0,0,0
33416397,7625,0,2,0,0,0,0,0,0,0,0,0
33420041,7626,0,2,0,0,0,0,0,0,0,0,0
33423685,7627,0,2,0,0,0,0,0,0,0,0,0
33427329,7628,0,2,0,0,0,0,0,0,0,0,0
33430973,7629,0,2,0,0,0,0,0,0,0,0,0
33434617,7630,0,2,0,0,0,0,0,0,0,0,0
33438262,7631,0,2,0,0,0,0,0,0,0,0,0
33441905,7632,0,2,0,0,0,0,0,0,0,0,0
33445549,7633,0,2,0,0,0,0,0,0,0,0,0
33449193,7634,0,2,0,0,0,0,0,0,0,0,0
33452837,7635,0,2,0,0,0,0,0,0,0,0,0
33456481,7636,0,2,0,0,0,0,0,0,0,0,0
33460125,7637,0,2,0,0,0,0,0,0,0,0,0
33463769,7638,0,2,0,0,0,0,0,0,0,0,0
33467413,7639,0,2,0,0,0,0,0,0,0,0,0
33471057,7640,0,2,0,0,0,0,0,0,0,0,0
33474702,7641,0,2,0,0,0,0,0,0,0,0,0
33478345,7642,0,2,0,0,0,0,0,0,0,0,0
33481989,7643,0,2,0,0,0,0,0,0,0,0,0
33485633,7644,0,2,0,0,0,0,0,0,0,0,0
33489277,7645,0,2,0,0,0,0,0,0,0,0,0
33492921,7646,0,2,0,0,0,0,0,0,0,0,0
33496565,7647,0,2,0,0,0,0,0,0,0,0,0
33500209,7648,0,2,0,0,0,0,0,0,0,0,0
33503853,7649,0,2,0,0,0,0,0,0,0,0,0
33507497,7650,0,2,0,0,0,0,0,0,0,0,0
33511142,7651,0,2,0,0,0,0,0,0,0,0,0
33514785,7652,0,2,0,0,0,0,0,0,0,0,0
33518429,7653,0,2,0,0,0,0,0,0,0,0,0
33522074,7654,0,2,0,0,0,0,0,0,0,0,0
33525717,7655,0,2,0,0,0,0,0,0,0,0,0
33529361,7656,0,2,0,0,0,0,0,0,0,0,0
33533006,7657,0,2,0,0,0,0,0,0,0,0,0
33536649,7658,0,2,0,0,0,0,0,0,0,0,0
33540293,7659,0,2,0,0,0,0,0,0,0,0,0
33543937,7660,0,2,0,0,0,0,0,0,0,0,0
33547582,7661,0,2,0,0,0,0,0,0,0,0,0
33551225,7662,0,2,0,0,0,0,0,0,0,0,0
33554869,7663,0,2,0,0,0,0,0,0,0,0,0
33558513,7664,0,2,0,0,0,0,0,0,0,0,0
33562157,7665,0,2,0,0,0,0,0,0,0,0,0
33565801,7666,0,2,0,0,0,0,0,0,0,0,0
33569445,7667,0,2,0,0,0,0,0,0,0,0,0
33573089,7668,0,2,0,0,0,0,0,0,0,0,0
33576733,7669,0,2,0,0,0,0,0,0,0,0,0
33580377,7670,0,2,0,0,0,0,0,0,0,0,0
33584022,7671,0,2,0,0,0,0,0,0,0,0,0
33587665,7672,0,2,0,0,0,0,0,0,0,0,0
33591309,7673,0,2,0,0,0,0,0,0,0,0,0
33594953,7674,0,2,0,0,0,0,0,0,0,0,0
33598597,7675,0,2,0,0,0,0,0,0,0,0,0
33602241,7676,0,2,0,0,0,0,0,0,0,0,0
33605885,7677,0,2,0,0,0,0,0,0,0,0,0
33609529,7678,0,2,0,0,0,0,0,0,0,0,0
33613173,7679,0,2,0,0,0,0,0,0,0,0,0
33616817,7680,0,2,0,0,0,0,0,0,0,0,0
33620462,7681,0,2,0,0,0,0,0,0,0,0,0
33624105,7682,0,2,0,0,0,0,0,0,0,0,0
33627749,7683,0,2,0,0,0,0,0,0,0,0,0
33631393,7684,0,2,0,0,0,0,0,0,0,0,0
33635038,7685,0,2,0,0,0,0,0,0,0,0,0
33638681,7686,0,2,0,0,0,0,0,0,0,0,0
33642325,7687,0,2,0,0,0,0,0,0,0,0,0
33645969,7688,0,2,0,0,0,0,0,0,0,0,0
33649613,7689,0,2,0,0,0,0,0,0,0,0,0
33653257,7690,0,2,0,0,0,0,0,0,0,0,0
33656902,7691,0,2,0,0,0,0,0,0,0,0,0
33660545,7692,0,2,0,0,0,0,0,0,0,0,0
33664189,7693,0,2,0,0,0,0,0,0,0,0,0
33667833,7694,0,2,0,0,0,0,0,0,0,0,0
33671477,7695,0,2,0,0,0,0,0,0,0,0,0
33675121,7696,0,2,0,0,0,0,0,0,0,0,0
33678765,7697,0,2,0,0,0,0,0,0,0,0,0
33682409,7698,0,2,0,0,0,0,0,0,0,0,0
33686054,7699,0,2,0,0,0,0,0,0,0,0,0
33689697,7700,0,2,0,0,0,0,0,0,0,0,0
33693342,7701,0,2,0,0,0,0,0,0,0,0,0
33696985,7702,0,2,0,0,0,0,0,0,0,0,0
33700629,7703,0,2,0,0,0,0,0,0,0,0,0
33704273,7704,0,2,0,0,0,0,0,0,0,0,0
33707917,7705,0,2,0,0,0,0,0,0,0,0,0
33711561,7706,0,2,0,0,0,0,0,0,0,0,0
33715205,7707,0,2,0,0,0,0,0,0,0,0,0
33718849,7708,0,2,0,0,0,0,0,0,0,0,0
33722493,7709,0,2,0,0,0,0,0,0,0,0,0
33726137,7710,0,2,0,0,0,0,0,0,0,0,0
33729782,7711,0,2,0,0,0,0,0,0,0,0,0
33733425,7712,0,2,0,0,0,0,0,0,0,0,0
33737069,7713,0,2,0,0,0,0,0,0,0,0,0
33740713,7714,0,2,0,0,0,0,0,0,0,0,0
33744357,7715,0,2,0,0,0,0,0,0,0,0,0
33748002,7716,0,2,0,0,0,0,0,0,0,0,0
33751645,7717,0,2,0,0,0,0,0,0,0,0,0
33755289,7718,0,2,0,0,0,0,0,0,0,0,0
33763982,7719,0,2,0,0,0,0,0,0,0,0,0
33767613,7720,0,2,0,0,0,0,0,0,0,0,0
33771258,7721,0,2,0,0,0,0,0,0,0,0,0
33774901,7722,0,2,0,0,0,0,0,0,0,0,0
33778545,7723,0,2,0,0,0,0,0,0,0,0,0
33782189,7724,0,2,0,0,0,0,0,0,0,0,0
33785833,7725,0,2,0,0,0,0,0,0,0,0,0
33789477,7726,0,2,0,0,0,0,0,0,0,0,0
33793121,7727,0,2,0,0,0,0,0,0,0,0,0
33796765,7728,0,2,0,0,0,0,0,0,0,0,0
33800409,7729,0,2,0,0,0,0,0,0,0,0,0
33804054,7730,0,2,0,0,0,0,0,0,0,0,0
33807698,7731,0,2,0,0,0,0,0,0,0,0,0
33811341,7732,0,2,0,0,0,0,0,0,0,0,0
33814985,7733,0,2,0,0,0,0,0,0,0,0,0
33818629,7734,0,2,0,0,0,0,0,0,0,0,0
33822273,7735,0,2,0,0,0,0,0,0,0,0,0
33825917,7736,0,2,0,0,0,0,0,0,0,0,0
33829561,7737,0,2,0,0,0,0,0,0,0,0,0
33833205,7738,0,2,0,0,0,0,0,0,0,0,0
33836849,7739,0,2,0,0,0,0,0,0,0,0,0
33840493,7740,0,2,0,0,0,0,0,0,0,0,0
33844138,7741,0,2,0,0,0,0,0,0,0,0,0
33847781,7742,0,2,0,0,0,0,0,0,0,0,0
33851425,7743,0,2,0,0,0,0,0,0,0,0,0
33855069,7744,0,2,0,0,0,0,0,0,0,0,0
33858713,7745,0,2,0,0,0,0,0,0,0,0,0
33862357,7746,0,2,0,0,0,0,0,0,0,0,0
33866001,7747,0,2,0,0,0,0,0,0,0,0,0
33869645,7748,0,2,0,0,0,0,0,0,0,0,0
33873289,7749,0,2,0,0,0,0,0,0,0,0,0
33876933,7750,0,2,0,0,0,0,0,0,0,0,0
33880578,7751,0,2,0,0,0,0,0,0,0,0,0
33884221,7752,0,2,0,0,0,0,0,0,0,0,0
33887865,7753,0,2,0,0,0,0,0,0,0,0,0
33891509,7754,0,2,0,0,0,0,0,0,0,0,0
33895153,7755,0,2,0,0,0,0,0,0,0,0,0
33898797,7756,0,2,0,0,0,0,0,0,0,0,0
33902441,7757,0,2,0,0,0,0,0,0,0,0,0
33906085,7758,0,2,0,0,0,0,0,0,0,0,0
33909729,7759,0,2,0,0,0,0,0,0,0,0,0
33913373,7760,0,2,0,0,0,0,0,0,0,0,0
33917018,7761,0,2,0,0,0,0,0,0,0,0,0
33920661,7762,0,2,0,0,0,0,0,0,0,0,0
33924305,7763,0,2,0,0,0,0,0,0,0,0,0
33927949,7764,0,2,0,0,0,0,0,0,0,0,0
33931593,7765,0,2,0,0,0,0,0,0,0,0,0
33935237,7766,0,2,0,0,0,0,0,0,0,0,0
33938881,7767,0,2,0,0,0,0,0,0,0,0,0
33942525,7768,0,2,0,0,0,0,0,0,0,0,0
33946169,7769,0,2,0,0,0,0,0,0,0,0,0
33949813,7770,0,2,0,0,0,0,0,0,0,0,0
33953458,7771,0,2,0,0,0,0,0,0,0,0,0
33957101,7772,0,2,0,0,0,0,0,0,0,0,0
33960745,7773,0,2,0,0,0,0,0,0,0,0,0
33964389,7774,0,2,0,0,0,0,0,0,0,0,0
33968033,7775,0,2,0,0,0,0,0,0,0,0,0
33971677,7776,0,2,0,0,0,0,0,0,0,0,0
33975321,7777,0,2,0,0,0,0,0,0,0,0,0
33978965,7778,0,2,0,0,0,0,0,0,0,0,0
33982609,7779,0,2,0,0,0,0,0,0,0,0,0
33986253,7780,0,2,0,0,0,0,0,0,0,0,0
33989898,7781,0,2,0,0,0,0,0,0,0,0,0
33993541,7782,0,2,0,0,0,0,0,0,0,0,0
33997185,7783,0,2,0,0,0,0,0,0,0,0,0
34000829,7784,0,2,0,0,0,0,0,0,0,0,0
34004473,7785,0,2,0,0,0,0,0,0,0,0,0
34008118,7786,0,2,0,0,0,0,0,0,0,0,0
34011761,7787,0,2,0,0,0,0,0,0,0,0,0
34015405,7788,0,2,0,0,0,0,0,0,0,0,0
34019049,7789,0,2,0,0,0,0,0,0,0,0,0
34022693,7790,0,2,0,0,0,0,0,0,0,0,0
34026338,7791,0,2,0,0,0,0,0,0,0,0,0
34029981,7792,0,2,0,0,0,0,0,0,0,0,0
34033625,7793,0,2,0,0,0,0,0,0,0,0,0
34037269,7794,0,2,0,0,0,0,0,0,0,0,0
34040913,7795,0,2,0,0,0,0,0,0,0,0,0
34044557,7796,0,2,0,0,0,0,0,0,0,0,0
34048201,7797,0,2,0,0,0,0,0,0,0,0,0
34051845,7798,0,2,0,0,0,0,0,0,0,0,0
34055489,7799,0,2,0,0,0,0,0,0,0,0,0
34059133,7800,0,2,0,0,0,0,0,0,0,0,0
34062778,7801,0,2,0,0,0,0,0,0,0,0,0
34066421,7802,0,2,0,0,0,0,0,0,0,0,0
34070065,7803,0,2,0,0,0,0,0,0,0,0,0
34073709,7804,0,2,0,0,0,0,0,0,0,0,0
34077353,7805,0,2,0,0,0,0,0,0,0,0,0
34080997,7806,0,2,0,0,0,0,0,0,0,0,0
34084641,7807,0,2,0,0,0,0,0,0,0,0,0
34088285,7808,0,2,0,0,0,0,0,0,0,0,0
34091929,7809,0,2,0,0,0,0,0,0,0,0,0
34095573,7810,0,2,0,0,0,0,0,0,0,0,0
34099218,7811,0,2,0,0,0,0,0,0,0,0,0
34102861,7812,0,2,0,0,0,0,0,0,0,0,0
34106505,7813,0,2,0,0,0,0,0,0,0,0,0
34110149,7814,0,2,0,0,0,0,0,0,0,0,0
34113793,7815,0,2,0,0,0,0,0,0,0,0,0
34117437,7816,0,2,0,0,0,0,0,0,0,0,0
34121081,7817,0,2,0,0,0,0,0,0,0,0,0
34124725,7818,0,2,0,0,0,0,0,0,0,0,0
34128369,7819,0,2,0,0,0,0,0,0,0,0,0
34132014,7820,0,2,0,0,0,0,0,0,0,0,0
34135658,7821,0,2,0,0,0,0,0,0,0,0,0
34139301,7822,0,2,0,0,0,0,0,0,0,0,0
34142945,7823,0,2,0,0,0,0,0,0,0,0,0
34146589,7824,0,2,0,0,0,0,0,0,0,0,0
34150233,7825,0,2,0,0,0,0,0,0,0,0,0
34153877,7826,0,2,0,0,0,0,0,0,0,0,0
34157521,7827,0,2,0,0,0,0,0,0,0,0,0
34161165,7828,0,2,0,0,0,0,0,0,0,0,0
34164809,7829,0,2,0,0,0,0,0,0,0,0,0
34168453,7830,0,2,0,0,0,0,0,0,0,0,0
34172098,7831,0,2,0,0,0,0,0,0,0,0,0
34175741,7832,0,2,0,0,0,0,0,0,0,0,0
34179385,7833,0,2,0,0,0,0,0,0,0,0,0
34183029,7834,0,2,0,0,0,0,0,0,0,0,0
34186673,7835,0,2,0,0,0,0,0,0,0,0,0
34190317,7836,0,2,0,0,0,0,0,0,0,0,0
34193961,7837,0,2,0,0,0,0,0,0,0,0,0
34197605,7838,0,2,0,0,0,0,0,0,0,0,0
34201249,7839,0,2,0,0,0,0,0,0,0,0,0
34204893,7840,0,2,0,0,0,0,0,0,0,0,0
34208538,7841,0,2,0,0,0,0,0,0,0,0,0
34212181,7842,0,2,0,0,0,0,0,0,0,0,0
34215825,7843,0,2,0,0,0,0,0,0,0,0,0
34219469,7844,0,2,0,0,0,0,0,0,0,0,0
34223113,7845,0,2,0,0,0,0,0,0,0,0,0
34226757,7846,0,2,0,0,0,0,0,0,0,0,0
34230401,7847,0,2,0,0,0,0,0,0,0,0,0
34234045,7848,0,2,0,0,0,0,0,0,0,0,0
34237689,7849,0,2,0,0,0,0,0,0,0,0,0
34241333,7850,0,2,0,0,0,0,0,0,0,0,0
34244978,7851,0,2,0,0,0,0,0,0,0,0,0
34248621,7852,0,2,0,0,0,0,0,0,0,0,0
34252265,7853,0,2,0,0,0,0,0,0,0,0,0
34255909,7854,0,2,0,0,0,0,0,0,0,0,0
34259553,7855,0,2,0,0,0,0,0,0,0,0,0
34263197,7856,0,2,0,0,0,0,0,0,0,0,0
34266841,7857,0,2,0,0,0,0,0,0,0,0,0
34270485,7858,0,2,0,0,0,0,0,0,0,0,0
34274129,7859,0,2,0,0,0,0,0,0,0,0,0
34277773,7860,0,2,0,0,0,0,0,0,0,0,0
34281418,7861,0,2,0,0,0,0,0,0,0,0,0
34285061,7862,0,2,0,0,0,0,0,0,0,0,0
34288705,7863,0,2,0,0,0,0,0,0,0,0,0
34292349,7864,0,2,0,0,0,0,0,0,0,0,0
34295993,7865,0,2,0,0,0,0,0,0,0,0,0
34299637,7866,0,2,0,0,0,0,0,0,0,0,0
34303281,7867,0,2,0,0,0,0,0,0,0,0,0
34306925,7868,0,2,0,0,0,0,0,0,0,0,0
34310569,7869,0,2,0,0,0,0,0,0,0,0,0
34314213,7870,0,2,0,0,0,0,0,0,0,0,0
34317858,7871,0,2,0,0,0,0,0,0,0,0,0
34321501,7872,0,2,0,0,0,0,0,0,0,0,0
34325145,7873,0,2,0,0,0,0,0,0,0,0,0
34328789,7874,0,2,0,0,0,0,0,0,0,0,0
34332433,7875,0,2,0,0,0,0,0,0,0,0,0
34336077,7876,0,2,0,0,0,0,0,0,0,0,0
34339721,7877,0,2,0,0,0,0,0,0,0,0,0
34343365,7878,0,2,0,0,0,0,0,0,0,0,0
34347009,7879,0,2,0,0,0,0,0,0,0,0,0
34350653,7880,0,2,0,0,0,0,0,0,0,0,0
34354298,7881,0,2,0,0,0,0,0,0,0,0,0
34357941,7882,0,2,0,0,0,0,0,0,0,0,0
34361585,7883,0,2,0,0,0,0,0,0,0,0,0
34365229,7884,0,2,0,0,0,0,0,0,0,0,0
34368873,7885,0,2,0,0,0,0,0,0,0,0,0
34372517,7886,0,2,0,0,0,0,0,0,0,0,0
34376161,7887,0,2,0,0,0,0,0,0,0,0,0
34379805,7888,0,2,0,0,0,0,0,0,0,0,0
34383449,7889,0,2,0,0,0,0,0,0,0,0,0
34387093,7890,0,2,0,0,0,0,0,0,0,0,0
34390738,7891,0,2,0,0,0,0,0,0,0,0,0
34394381,7892,0,2,0,0,0,0,0,0,0,0,0
34398025,7893,0,2,0,0,0,0,0,0,0,0,0
34401669,7894,0,2,0,0,0,0,0,0,0,0,0
34405313,7895,0,2,0,0,0,0,0,0,0,0,0
34408957,7896,0,2,0,0,0,0,0,0,0,0,0
34412601,7897,0,2,0,0,0,0,0,0,0,0,0
34416245,7898,0,2,0,0,0,0,0,0,0,0,0
34419889,7899,0,2,0,0,0,0,0,0,0,0,0
34423533,7900,0,2,0,0,0,0,0,0,0,0,0
34427178,7901,0,2,0,0,0,0,0,0,0,0,0
34430821,7902,0,2,0,0,0,0,0,0,0,0,0
34434465,7903,0,2,0,0,0,0,0,0,0,0,0
34438109,7904,0,2,0,0,0,0,0,0,0,0,0
34441753,7905,0,2,0,0,0,0,0,0,0,0,0
34445397,7906,0,2,0,0,0,0,0,0,0,0,0
34449041,7907,0,2,0,0,0,0,0,0,0,0,0
34452685,7908,0,2,0,0,0,0,0,0,0,0,0
34456329,7909,0,2,0,0,0,0,0,0,0,0,0
34459973,7910,0,2,0,0,0,0,0,0,0,0,0
34463618,7911,0,2,0,0,0,0,0,0,0,0,0
34467261,7912,0,2,0,0,0,0,0,0,0,0,0
34470905,7913,0,2,0,0,0,0,0,0,0,0,0
34474549,7914,0,2,0,0,0,0,0,0,0,0,0
34478193,7915,0,2,0,0,0,0,0,0,0,0,0
34481837,7916,0,2,0,0,0,0,0,0,0,0,0
34485481,7917,0,2,0,0,0,0,0,0,0,0,0
34489125,7918,0,2,0,0,0,0,0,0,0,0,0
34492769,7919,0,2,0,0,0,0,0,0,0,0,0
34496413,7920,0,2,0,0,0,0,0,0,0,0,0
34500058,7921,0,2,0,0,0,0,0,0,0,0,0
34503701,7922,0,2,0,0,0,0,0,0,0,0,0
34507345,7923,0,2,0,0,0,0,0,0,0,0,0
34510989,7924,0,2,0,0,0,0,0,0,0,0,0
34514633,7925,0,2,0,0,0,0,0,0,0,0,0
34518277,7926,0,2,0,0,0,0,0,0,0,0,0
34521921,7927,0,2,0,0,0,0,0,0,0,0,0
34525565,7928,0,2,0,0,0,0,0,0,0,0,0
34529209,7929,0,2,0,0,0,0,0,0,0,0,0
34532853,7930,0,2,0,0,0,0,0,0,0,0,0
34536497,7931,0,2,0,0,0,0,0,0,0,0,0
34540141,7932,0,2,0,0,0,0,0,0,0,0,0
34543785,7933,0,2,0,0,0,0,0,0,0,0,0
34547429,7934,0,2,0,0,0,0,0,0,0,0,0
34551073,7935,0,2,0,0,0,0,0,0,0,0,0
34554717,7936,0,2,0,0,0,0,0,0,0,0,0
34558361,7937,0,2,0,0,0,0,0,0,0,0,0
34562005,7938,0,2,0,0,0,0,0,0,0,0,0
34565649,7939,0,2,0,0,0,0,0,0,0,0,0
34569293,7940,0,2,0,0,0,0,0,0,0,0,0
34572938,7941,0,2,0,0,0,0,0,0,0,0,0
34576581,7942,0,2,0,0,0,0,0,0,0,0,0
34580225,7943,0,2,0,0,0,0,0,0,0,0,0
34583869,7944,0,2,0,0,0,0,0,0,0,0,0
34587513,7945,0,2,0,0,0,0,0,0,0,0,0
34598154,7946,0,2,0,0,0,0,0,0,0,0,0
34601786,7947,0,2,0,0,0,0,0,0,0,0,0
34605430,7948,0,2,0,0,0,0,0,0,0,0,0
34609074,7949,0,2,0,0,0,0,0,0,0,0,0
34612718,7950,0,2,0,0,0,0,0,0,0,0,0
34616363,7951,0,2,0,0,0,0,0,0,0,0,0
34620007,7952,0,2,0,0,0,0,0,0,0,0,0
34623650,7953,0,2,0,0,0,0,0,0,0,0,0
34627294,7954,0,2,0,0,0,0,0,0,0,0,0
34630938,7955,0,2,0,0,0,0,0,0,0,0,0
34634582,7956,0,2,0,0,0,0,0,0,0,0,0
34638226,7957,0,2,0,0,0,0,0,0,0,0,0
34641870,7958,0,2,0,0,0,0,0,0,0,0,0
34645514,7959,0,2,0,0,0,0,0,0,0,0,0
34649158,7960,0,2,0,0,0,0,0,0,0,0,0
34652803,7961,0,2,0,0,0,0,0,0,0,0,0
34656446,7962,0,2,0,0,0,0,0,0,0,0,0
34660090,7963,0,2,0,0,0,0,0,0,0,0,0
34663734,7964,0,2,0,0,0,0,0,0,0,0,0
34667378,7965,0,2,0,0,0,0,0,0,0,0,0
34671023,7966,0,2,0,0,0,0,0,0,0,0,0
34674666,7967,0,2,0,0,0,0,0,0,0,0,0
34678310,7968,0,2,0,0,0,0,0,0,0,0,0
34681954,7969,0,2,0,0,0,0,0,0,0,0,0
34685598,7970,0,2,0,0,0,0,0,0,0,0,0
34689243,7971,0,2,0,0,0,0,0,0,0,0,0
34692886,7972,0,2,0,0,0,0,0,0,0,0,0
34696530,7973,0,2,0,0,0,0,0,0,0,0,0
34700174,7974,0,2,0,0,0,0,0,0,0,0,0
34703818,7975,0,2,0,0,0,0,0,0,0,0,0
34707462,7976,0,2,0,0,0,0,0,0,0,0,0
34711106,7977,0,2,0,0,0,0,0,0,0,0,0
34714750,7978,0,2,0,0,0,0,0,0,0,0,0
34718394,7979,0,2,0,0,0,0,0,0,0,0,0
34722038,7980,0,2,0,0,0,0,0,0,0,0,0
34725683,7981,0,2,0,0,0,0,0,0,0,0,0
34729326,7982,0,2,0,0,0,0,0,0,0,0,0
34732970,7983,0,2,0,0,0,0,0,0,0,0,0
34736614,7984,0,2,0,0,0,0,0,0,0,0,0
34740258,7985,0,2,0,0,0,0,0,0,0,0,0
34743902,7986,0,2,0,0,0,0,0,0,0,0,0
34747546,7987,0,2,0,0,0,0,0,0,0,0,0
34751190,7988,0,2,0,0,0,0,0,0,0,0,0
34754834,7989,0,2,0,0,0,0,0,0,0,0,0
34758478,7990,0,2,0,0,0,0,0,0,0,0,0
34762123,7991,0,2,0,0,0,0,0,0,0,0,0
34765766,7992,0,2,0,0,0,0,0,0,0,0,0
34769410,7993,0,2,0,0,0,0,0,0,0,0,0
34773054,7994,0,2,0,0,0,0,0,0,0,0,0
34776698,7995,0,2,0,0,0,0,0,0,0,0,0
34780342,7996,0,2,0,0,0,0,0,0,0,0,0
34783986,7997,0,2,0,0,0,0,0,0,0,0,0
34787630,7998,0,2,0,0,0,0,0,0,0,0,0
34791274,7999,0,2,0,0,0,0,0,0,0,0,0
34794918,8000,0,2,0,0,0,0,0,0,0,0,0
34798563,8001,0,2,0,0,0,0,0,0,0,0,0
34802206,8002,0,2,0,0,0,0,0,0,0,0,0
34805850,8003,0,2,0,0,0,0,0,0,0,0,0
34809494,8004,0,2,0,0,0,0,0,0,0,0,0
34813138,8005,0,2,0,0,0,0,0,0,0,0,0
34816782,8006,0,2,0,0,0,0,0,0,0,0,0
34820426,8007,0,2,0,0,0,0,0,0,0,0,0
34824071,8008,0,2,0,0,0,0,0,0,0,0,0
34827714,8009,0,2,0,0,0,0,0,0,0,0,0
34831358,8010,0,2,0,0,0,0,0,0,0,0,0
34835003,8011,0,2,0,0,0,0,0,0,0,0,0
34838646,8012,0,2,0,0,0,0,0,0,0,0,0
34842290,8013,0,2,0,0,0,0,0,0,0,0,0
34845934,8014,0,2,0,0,0,0,0,0,0,0,0
34849578,8015,0,2,0,0,0,0,0,0,0,0,0
34853222,8016,0,2,0,0,0,0,0,0,0,0,0
34856866,8017,0,2,0,0,0,0,0,0,0,0,0
34860510,8018,0,2,0,0,0,0,0,0,0,0,0
34864154,8019,0,2,0,0,0,0,0,0,0,0,0
34867798,8020,0,2,0,0,0,0,0,0,0,0,0
34871443,8021,0,2,0,0,0,0,0,0,0,0,0
34875086,8022,0,2,0,0,0,0,0,0,0,0,0
34878730,8023,0,2,0,0,0,0,0,0,0,0,0
34882374,8024,0,2,0,0,0,0,0,0,0,0,0
34886018,8025,0,2,0,0,0,0,0,0,0,0,0
34889662,8026,0,2,0,0,0,0,0,0,0,0,0
34893306,8027,0,2,0,0,0,0,0,0,0,0,0
34896950,8028,0,2,0,0,0,0,0,0,0,0,0
34900594,8029,0,2,0,0,0,0,0,0,0,0,0
34904238,8030,0,2,0,0,0,0,0,0,0,0,0
34907883,8031,0,2,0,0,0,0,0,0,0,0,0
34911526,8032,0,2,0,0,0,0,0,0,0,0,0
34915170,8033,0,2,0,0,0,0,0,0,0,0,0
34918814,8034,0,2,0,0,0,0,0,0,0,0,0
34922458,8035,0,2,0,0,0,0,0,0,0,0,0
34926102,8036,0,2,0,0,0,0,0,0,0,0,0
34929746,8037,0,2,0,0,0,0,0,0,0,0,0
34933390,8038,0,2,0,0,0,0,0,0,0,0,0
34937035,8039,0,2,0,0,0,0,0,0,0,0,0
34940678,8040,0,2,0,0,0,0,0,0,0,0,0
34944323,8041,0,2,0,0,0,0,0,0,0,0,0
34947966,8042,0,2,0,0,0,0,0,0,0,0,0
34951610,8043,0,2,0,0,0,0,0,0,0,0,0
34955254,8044,0,2,0,0,0,0,0,0,0,0,0
34958898,8045,0,2,0,0,0,0,0,0,0,0,0
34962542,8046,0,2,0,0,0,0,0,0,0,0,0
34966186,8047,0,2,0,0,0,0,0,0,0,0,0
34969830,8048,0,2,0,0,0,0,0,0,0,0,0
34973474,8049,0,2,0,0,0,0,0,0,0,0,0
34977118,8050,0,2,0,0,0,0,0,0,0,0,0
34980763,8051,0,2,0,0,0,0,0,0,0,0,0
34984406,8052,0,2,0,0,0,0,0,0,0,0,0
34988050,8053,0,2,0,0,0,0,0,0,0,0,0
34991694,8054,0,2,0,0,0,0,0,0,0,0,0
34995338,8055,0,2,0,0,0,0,0,0,0,0,0
34998982,8056,0,2,0,0,0,0,0,0,0,0,0
35002626,8057,0,2,0,0,0,0,0,0,0,0,0
35006270,8058,0,2,0,0,0,0,0,0,0,0,0
35009914,8059,0,2,0,0,0,0,0,0,0,0,0
35013558,8060,0,2,0,0,0,0,0,0,0,0,0
35017203,8061,0,2,0,0,0,0,0,0,0,0,0
35020846,8062,0,2,0,0,0,0,0,0,0,0,0
35024490,8063,0,2,0,0,0,0,0,0,0,0,0
35028134,8064,0,2,0,0,0,0,0,0,0,0,0
35031778,8065,0,2,0,0,0,0,0,0,0,0,0
35035422,8066,0,2,0,0,0,0,0,0,0,0,0
35039066,8067,0,2,0,0,0,0,0,0,0,0,0
35042710,8068,0,2,0,0,0,0,0,0,0,0,0
35046354,8069,0,2,0,0,0,0,0,0,0,0,0
35049998,8070,0,2,0,0,0,0,0,0,0,0,0
35053643,8071,0,2,0,0,0,0,0,0,0,0,0
35057286,8072,0,2,0,0,0,0,0,0,0,0,0
35060930,8073,0,2,0,0,0,0,0,0,0,0,0
35064574,8074,0,2,0,0,0,0,0,0,0,0,0
35068218,8075,0,2,0,0,0,0,0,0,0,0,0
35071862,8076,0,2,0,0,0,0,0,0,0,0,0
35075506,8077,0,2,0,0,0,0,0,0,0,0,0
35079150,8078,0,2,0,0,0,0,0,0,0,0,0
35082794,8079,0,2,0,0,0,0,0,0,0,0,0
35086438,8080,0,2,0,0,0,0,0,0,0,0,0
35090083,8081,0,2,0,0,0,0,0,0,0,0,0
35093726,8082,0,2,0,0,0,0,0,0,0,0,0
35097370,8083,0,2,0,0,0,0,0,0,0,0,0
35101014,8084,0,2,0,0,0,0,0,0,0,0,0
35104658,8085,0,2,0,0,0,0,0,0,0,0,0
35108302,8086,0,2,0,0,0,0,0,0,0,0,0
35111946,8087,0,2,0,0,0,0,0,0,0,0,0
35115590,8088,0,2,0,0,0,0,0,0,0,0,0
35119234,8089,0,2,0,0,0,0,0,0,0,0,0
35122878,8090,0,2,0,0,0,0,0,0,0,0,0
35126523,8091,0,2,0,0,0,0,0,0,0,0,0
35130166,8092,0,2,0,0,0,0,0,0,0,0,0
35133810,8093,0,2,0,0,0,0,0,0,0,0,0
35137454,8094,0,2,0,0,0,0,0,0,0,0,0
35141098,8095,0,2,0,0,0,0,0,0,0,0,0
35144742,8096,0,2,0,0,0,0,0,0,0,0,0
35148386,8097,0,2,0,0,0,0,0,0,0,0,0
35152031,8098,0,2,0,0,0,0,0,0,0,0,0
35155674,8099,0,2,0,0,0,0,0,0,0,0,0
35159318,8100,0,2,0,0,0,0,0,0,0,0,0
35162963,8101,0,2,0,0,0,0,0,0,0,0,0
35166606,8102,0,2,0,0,0,0,0,0,0,0,0
35170250,8103,0,2,0,0,0,0,0,0,0,0,0
35173894,8104,0,2,0,0,0,0,0,0,0,0,0
35177538,8105,0,2,0,0,0,0,0,0,0,0,0
35181182,8106,0,2,0,0,0,0,0,0,0,0,0
35184826,8107,0,2,0,0,0,0,0,0,0,0,0
35188470,8108,0,2,0,0,0,0,0,0,0,0,0
35192114,8109,0,2,0,0,0,0,0,0,0,0,0
35195758,8110,0,2,0,0,0,0,0,0,0,0,0
35199403,8111,0,2,0,0,0,0,0,0,0,0,0
35203046,8112,0,2,0,0,0,0,0,0,0,0,0
35206690,8113,0,2,0,0,0,0,0,0,0,0,0
35210334,8114,0,2,0,0,0,0,0,0,0,0,0
35213978,8115,0,2,0,0,0,0,0,0,0,0,0
35217622,8116,0,2,0,0,0,0,0,0,0,0,0
35221266,8117,0,2,0,0,0,0,0,0,0,0,0
35224910,8118,0,2,0,0,0,0,0,0,0,0,0
35228554,8119,0,2,0,0,0,0,0,0,0,0,0
35232198,8120,0,2,0,0,0,0,0,0,0,0,0
35235843,8121,0,2,0,0,0,0,0,0,0,0,0
35239486,8122,0,2,0,0,0,0,0,0,0,0,0
35243130,8123,0,2,0,0,0,0,0,0,0,0,0
35246774,8124,0,2,0,0,0,0,0,0,0,0,0
35250418,8125,0,2,0,0,0,0,0,0,0,0,0
35254062,8126,0,2,0,0,0,0,0,0,0,0,0
35257706,8127,0,2,0,0,0,0,0,0,0,0,0
35261350,8128,0,2,0,0,0,0,0,0,0,0,0
35264994,8129,0,2,0,0,0,0,0,0,0,0,0
35268638,8130,0,2,0,0,0,0,0,0,0,0,0
35272283,8131,0,2,0,0,0,0,0,0,0,0,0
35275926,8132,0,2,0,0,0,0,0,0,0,0,0
35279570,8133,0,2,0,0,0,0,0,0,0,0,0
35283214,8134,0,2,0,0,0,0,0,0,0,0,0
35286858,8135,0,2,0,0,0,0,0,0,0,0,0
35290502,8136,0,2,0,0,0,0,0,0,0,0,0
35294146,8137,0,2,0,0,0,0,0,0,0,0,0
35297790,8138,0,2,0,0,0,0,0,0,0,0,0
35301434,8139,0,2,0,0,0,0,0,0,0,0,0
35305078,8140,0,2,0,0,0,0,0,0,0,0,0
35308723,8141,0,2,0,0,0,0,0,0,0,0,0
35312366,8142,0,2,0,0,0,0,0,0,0,0,0
35316011,8143,0,2,0,0,0,0,0,0,0,0,0
35319654,8144,0,2,0,0,0,0,0,0,0,0,0
35323298,8145,0,2,0,0,0,0,0,0,0,0,0
35326942,8146,0,2,0,0,0,0,0,0,0,0,0
35330586,8147,0,2,0,0,0,0,0,0,0,0,0
35334230,8148,0,2,0,0,0,0,0,0,0,0,0
35337874,8149,0,2,0,0,0,0,0,0,0,0,0
35341518,8150,0,2,0,0,0,0,0,0,0,0,0
35345163,8151,0,2,0,0,0,0,0,0,0,0,0
35348806,8152,0,2,0,0,0,0,0,0,0,0,0
35352450,8153,0,2,0,0,0,0,0,0,0,0,0
35356095,8154,0,2,0,0,0,0,0,0,0,0,0
35359738,8155,0,2,0,0,0,0,0,0,0,0,0
35363382,8156,0,2,0,0,0,0,0,0,0,0,0
35367026,8157,0,2,0,0,0,0,0,0,0,0,0
35370670,8158,0,2,0,0,0,0,0,0,0,0,0
35374314,8159,0,2,0,0,0,0,0,0,0,0,0
35377958,8160,0,2,0,0,0,0,0,0,0,0,0
35381603,8161,0,2,0,0,0,0,0,0,0,0,0
35385246,8162,0,2,0,0,0,0,0,0,0,0,0
35388890,8163,0,2,0,0,0,0,0,0,0,0,0
35392534,8164,0,2,0,0,0,0,0,0,0,0,0
35396178,8165,0,2,0,0,0,0,0,0,0,0,0
35399822,8166,0,2,0,0,0,0,0,0,0,0,0
35403466,8167,0,2,0,0,0,0,0,0,0,0,0
35407110,8168,0,2,0,0,0,0,0,0,0,0,0
35410754,8169,0,2,0,0,0,0,0,0,0,0,0
35414398,8170,0,2,0,0,0,0,0,0,0,0,0
35418043,8171,0,2,0,0,0,0,0,0,0,0,0
35421686,8172,0,2,0,0,0,0,0,0,0,0,0
35430766,8173,0,2,0,0,0,0,0,0,0,0,0
35434398,8174,0,2,0,0,0,0,0,0,0,0,0
35438042,8175,0,2,0,0,0,0,0,0,0,0,0
35441686,8176,0,2,0,0,0,0,0,0,0,0,0
35445330,8177,0,2,0,0,0,0,0,0,0,0,0
35448974,8178,0,2,0,0,0,0,0,0,0,0,0
35452618,8179,0,2,0,0,0,0,0,0,0,0,0
35456262,8180,0,2,0,0,0,0,0,0,0,0,0
35459907,8181,0,2,0,0,0,0,0,0,0,0,0
35463550,8182,0,2,0,0,0,0,0,0,0,0,0
35467194,8183,0,2,0,0,0,0,0,0,0,0,0
35470838,8184,0,2,0,0,0,0,0,0,0,0,0
35474482,8185,0,2,0,0,0,0,0,0,0,0,0
35478126,8186,0,2,0,0,0,0,0,0,0,0,0
35481770,8187,0,2,0,0,0,0,0,0,0,0,0
35485414,8188,0,2,0,0,0,0,0,0,0,0,0
35489058,8189,0,2,0,0,0,0,0,0,0,0,0
35492702,8190,0,2,0,0,0,0,0,0,0,0,0
35496347,8191,0,2,0,0,0,0,0,0,0,0,0
35499990,8192,0,2,0,0,0,0,0,0,0,0,0
35503634,8193,0,2,0,0,0,0,0,0,0,0,0
35507278,8194,0,2,0,0,0,0,0,0,0,0,0
35510922,8195,0,2,0,0,0,0,0,0,0,0,0
35514566,8196,0,2,0,0,0,0,0,0,0,0,0
35518210,8197,0,2,0,0,0,0,0,0,0,0,0
35521854,8198,0,2,0,0,0,0,0,0,0,0,0
35525498,8199,0,2,0,0,0,0,0,0,0,0,0
35529142,8200,0,2,0,0,0,0,0,0,0,0,0
35532787,8201,0,2,0,0,0,0,0,0,0,0,0
35536430,8202,0,2,0,0,0,0,0,0,0,0,0
35540074,8203,0,2,0,0,0,0,0,0,0,0,0
35543718,8204,0,2,0,0,0,0,0,0,0,0,0
35547362,8205,0,2,0,0,0,0,0,0,0,0,0
35551006,8206,0,2,0,0,0,0,0,0,0,0,0
35554650,8207,0,2,0,0,0,0,0,0,0,0,0
35558294,8208,0,2,0,0,0,0,0,0,0,0,0
35561938,8209,0,2,0,0,0,0,0,0,0,0,0
35565582,8210,0,2,0,0,0,0,0,0,0,0,0
35569227,8211,0,2,0,0,0,0,0,0,0,0,0
35572870,8212,0,2,0,0,0,0,0,0,0,0,0
35576514,8213,0,2,0,0,0,0,0,0,0,0,0
35580158,8214,0,2,0,0,0,0,0,0,0,0,0
35583802,8215,0,2,0,0,0,0,0,0,0,0,0
35587446,8216,0,2,0,0,0,0,0,0,0,0,0
35591090,8217,0,2,0,0,0,0,0,0,0,0,0
35594734,8218,0,2,0,0,0,0,0,0,0,0,0
35598378,8219,0,2,0,0,0,0,0,0,0,0,0
35602022,8220,0,2,0,0,0,0,0,0,0,0,0
35605667,8221,0,2,0,0,0,0,0,0,0,0,0
35609310,8222,0,2,0,0,0,0,0,0,0,0,0
35612954,8223,0,2,0,0,0,0,0,0,0,0,0
35616598,8224,0,2,0,0,0,0,0,0,0,0,0
35620242,8225,0,2,0,0,0,0,0,0,0,0,0
35623886,8226,0,2,0,0,0,0,0,0,0,0,0
35627530,8227,0,2,0,0,0,0,0,0,0,0,0
35631174,8228,0,2,0,0,0,0,0,0,0,0,0
35634818,8229,0,2,0,0,0,0,0,0,0,0,0
35638462,8230,0,2,0,0,0,0,0,0,0,0,0
35642107,8231,0,2,0,0,0,0,0,0,0,0,0
35645750,8232,0,2,0,0,0,0,0,0,0,0,0
35649394,8233,0,2,0,0,0,0,0,0,0,0,0
35653038,8234,0,2,0,0,0,0,0,0,0,0,0
35656682,8235,0,2,0,0,0,0,0,0,0,0,0
35660326,8236,0,2,0,0,0,0,0,0,0,0,0
35663970,8237,0,2,0,0,0,0,0,0,0,0,0
35667614,8238,0,2,0,0,0,0,0,0,0,0,0
35671258,8239,0,2,0,0,0,0,0,0,0,0,0
35674902,8240,0,2,0,0,0,0,0,0,0,0,0
35678547,8241,0,2,0,0,0,0,0,0,0,0,0
35682190,8242,0,2,0,0,0,0,0,0,0,0,0
35685834,8243,0,2,0,0,0,0,0,0,0,0,0
35689478,8244,0,2,0,0,0,0,0,0,0,0,0
35693122,8245,0,2,0,0,0,0,0,0,0,0,0
35696766,8246,0,2,0,0,0,0,0,0,0,0,0
35700410,8247,0,2,0,0,0,0,0,0,0,0,0
35704054,8248,0,2,0,0,0,0,0,0,0,0,0
35707698,8249,0,2,0,0,0,0,0,0,0,0,0
35711342,8250,0,2,0,0,0,0,0,0,0,0,0
35714987,8251,0,2,0,0,0,0,0,0,0,0,0
35718630,8252,0,2,0,0,0,0,0,0,0,0,0
35722274,8253,0,2,0,0,0,0,0,0,0,0,0
35725918,8254,0,2,0,0,0,0,0,0,0,0,0
35729562,8255,0,2,0,0,0,0,0,0,0,0,0
35733206,8256,0,2,0,0,0,0,0,0,0,0,0
35736850,8257,0,2,0,0,0,0,0,0,0,0,0
35740494,8258,0,2,0,0,0,0,0,0,0,0,0
35744138,8259,0,2,0,0,0,0,0,0,0,0,0
35747782,8260,0,2,0,0,0,0,0,0,0,0,0
35751427,8261,0,2,0,0,0,0,0,0,0,0,0
35755071,8262,0,2,0,0,0,0,0,0,0,0,0
35758714,8263,0,2,0,0,0,0,0,0,0,0,0
35762358,8264,0,2,0,0,0,0,0,0,0,0,0
35766002,8265,0,2,0,0,0,0,0,0,0,0,0
35769646,8266,0,2,0,0,0,0,0,0,0,0,0
35773290,8267,0,2,0,0,0,0,0,0,0,0,0
35776934,8268,0,2,0,0,0,0,0,0,0,0,0
35780578,8269,0,2,0,0,0,0,0,0,0,0,0
35784222,8270,0,2,0,0,0,0,0,0,0,0,0
35787867,8271,0,2,0,0,0,0,0,0,0,0,0
35791510,8272,0,2,0,0,0,0,0,0,0,0,0
35795154,8273,0,2,0,0,0,0,0,0,0,0,0
35798798,8274,0,2,0,0,0,0,0,0,0,0,0
35802442,8275,0,2,0,0,0,0,0,0,0,0,0
35806087,8276,0,2,0,0,0,0,0,0,0,0,0
35809730,8277,0,2,0,0,0,0,0,0,0,0,0
35813374,8278,0,2,0,0,0,0,0,0,0,0,0
35817018,8279,0,2,0,0,0,0,0,0,0,0,0
35820662,8280,0,2,0,0,0,0,0,0,0,0,0
35824307,8281,0,2,0,0,0,0,0,0,0,0,0
35827950,8282,0,2,0,0,0,0,0,0,0,0,0
35831594,8283,0,2,0,0,0,0,0,0,0,0,0
35835238,8284,0,2,0,0,0,0,0,0,0,0,0
35838882,8285,0,2,0,0,0,0,0,0,0,0,0
35842526,8286,0,2,0,0,0,0,0,0,0,0,0
35846170,8287,0,2,0,0,0,0,0,0,0,0,0
35849814,8288,0,2,0,0,0,0,0,0,0,0,0
35853458,8289,0,2,0,0,0,0,0,0,0,0,0
35857102,8290,0,2,0,0,0,0,0,0,0,0,0
35860747,8291,0,2,0,0,0,0,0,0,0,0,0
35864390,8292,0,2,0,0,0,0,0,0,0,0,0
35868034,8293,0,2,0,0,0,0,0,0,0,0,0
35871678,8294,0,2,0,0,0,0,0,0,0,0,0
35875322,8295,0,2,0,0,0,0,0,0,0,0,0
35878966,8296,0,2,0,0,0,0,0,0,0,0,0
35882610,8297,0,2,0,0,0,0,0,0,0,0,0
35886254,8298,0,2,0,0,0,0,0,0,0,0,0
35889898,8299,0,2,0,0,0,0,0,0,0,0,0
35893542,8300,0,2,0,0,0,0,0,0,0,0,0
35897187,8301,0,2,0,0,0,0,0,0,0,0,0
35900830,8302,0,2,0,0,0,0,0,0,0,0,0
35904474,8303,0,2,0,0,0,0,0,0,0,0,0
35908118,8304,0,2,0,0,0,0,0,0,0,0,0
35911762,8305,0,2,0,0,0,0,0,0,0,0,0
35915406,8306,0,2,0,0,0,0,0,0,0,0,0
35919050,8307,0,2,0,0,0,0,0,0,0,0,0
35922694,8308,0,2,0,0,0,0,0,0,0,0,0
35926338,8309,0,2,0,0,0,0,0,0,0,0,0
35929982,8310,0,2,0,0,0,0,0,0,0,0,0
35933627,8311,0,2,0,0,0,0,0,0,0,0,0
35937270,8312,0,2,0,0,0,0,0,0,0,0,0
35940914,8313,0,2,0,0,0,0,0,0,0,0,0
35944558,8314,0,2,0,0,0,0,0,0,0,0,0
35948202,8315,0,2,0,0,0,0,0,0,0,0,0
35951846,8316,0,2,0,0,0,0,0,0,0,0,0
35955490,8317,0,2,0,0,0,0,0,0,0,0,0
35959134,8318,0,2,0,0,0,0,0,0,0,0,0
35962778,8319,0,2,0,0,0,0,0,0,0,0,0
35966422,8320,0,2,0,0,0,0,0,0,0,0,0
35970067,8321,0,2,0,0,0,0,0,0,0,0,0
35973710,8322,0,2,0,0,0,0,0,0,0,0,0
35977354,8323,0,2,0,0,0,0,0,0,0,0,0
35980998,8324,0,2,0,0,0,0,0,0,0,0,0
35984642,8325,0,2,0,0,0,0,0,0,0,0,0
35988286,8326,0,2,0,0,0,0,0,0,0,0,0
35991930,8327,0,2,0,0,0,0,0,0,0,0,0
35995574,8328,0,2,0,0,0,0,0,0,0,0,0
35999218,8329,0,2,0,0,0,0,0,0,0,0,0
36002862,8330,0,2,0,0,0,0,0,0,0,0,0
36006507,8331,0,2,0,0,0,0,0,0,0,0,0
36010150,8332,0,2,0,0,0,0,0,0,0,0,0
36013794,8333,0,2,0,0,0,0,0,0,0,0,0
36017438,8334,0,2,0,0,0,0,0,0,0,0,0
36021082,8335,0,2,0,0,0,0,0,0,0,0,0
36024726,8336,0,2,0,0,0,0,0,0,0,0,0
36028370,8337,0,2,0,0,0,0,0,0,0,0,0
36032014,8338,0,2,0,0,0,0,0,0,0,0,0
36035658,8339,0,2,0,0,0,0,0,0,0,0,0
36039302,8340,0,2,0,0,0,0,0,0,0,0,0
36042947,8341,0,2,0,0,0,0,0,0,0,0,0
36046590,8342,0,2,0,0,0,0,0,0,0,0,0
36050234,8343,0,2,0,0,0,0,0,0,0,0,0
36053878,8344,0,2,0,0,0,0,0,0,0,0,0
36057522,8345,0,2,0,0,0,0,0,0,0,0,0
36061166,8346,0,2,0,0,0,0,0,0,0,0,0
36064810,8347,0,2,0,0,0,0,0,0,0,0,0
36068454,8348,0,2,0,0,0,0,0,0,0,0,0
36072098,8349,0,2,0,0,0,0,0,0,0,0,0
36075742,8350,0,2,0,0,0,0,0,0,0,0,0
36079387,8351,0,2,0,0,0,0,0,0,0,0,0
36083030,8352,0,2,0,0,0,0,0,0,0,0,0
36086674,8353,0,2,0,0,0,0,0,0,0,0,0
36090318,8354,0,2,0,0,0,0,0,0,0,0,0
36093962,8355,0,2,0,0,0,0,0,0,0,0,0
36097606,8356,0,2,0,0,0,0,0,0,0,0,0
36101250,8357,0,2,0,0,0,0,0,0,0,0,0
36104894,8358,0,2,0,0,0,0,0,0,0,0,0
36108538,8359,0,2,0,0,0,0,0,0,0,0,0
36112182,8360,0,2,0,0,0,0,0,0,0,0,0
36115827,8361,0,2,0,0,0,0,0,0,0,0,0
36119470,8362,0,2,0,0,0,0,0,0,0,0,0
36123114,8363,0,2,0,0,0,0,0,0,0,0,0
36126758,8364,0,2,0,0,0,0,0,0,0,0,0
36130402,8365,0,2,0,0,0,0,0,0,0,0,0
36134046,8366,0,2,0,0,0,0,0,0,0,0,0
36137690,8367,0,2,0,0,0,0,0,0,0,0,0
36141334,8368,0,2,0,0,0,0,0,0,0,0,0
36144978,8369,0,2,0,0,0,0,0,0,0,0,0
36148622,8370,0,2,0,0,0,0,0,0,0,0,0
36152267,8371,0,2,0,0,0,0,0,0,0,0,0
36155910,8372,0,2,0,0,0,0,0,0,0,0,0
36159554,8373,0,2,0,0,0,0,0,0,0,0,0
36163198,8374,0,2,0,0,0,0,0,0,0,0,0
36166842,8375,0,2,0,0,0,0,0,0,0,0,0
36170486,8376,0,2,0,0,0,0,0,0,0,0,0
36174130,8377,0,2,0,0,0,0,0,0,0,0,0
36177774,8378,0,2,0,0,0,0,0,0,0,0,0
36181418,8379,0,2,0,0,0,0,0,0,0,0,0
36185062,8380,0,2,0,0,0,0,0,0,0,0,0
36188707,8381,0,2,0,0,0,0,0,0,0,0,0
36192350,8382,0,2,0,0,0,0,0,0,0,0,0
36195994,8383,0,2,0,0,0,0,0,0,0,0,0
36199638,8384,0,2,0,0,0,0,0,0,0,0,0
36203282,8385,0,2,0,0,0,0,0,0,0,0,0
36206926,8386,0,2,0,0,0,0,0,0,0,0,0
36210570,8387,0,2,0,0,0,0,0,0,0,0,0
36214214,8388,0,2,0,0,0,0,0,0,0,0,0
36217858,8389,0,2,0,0,0,0,0,0,0,0,0
36221502,8390,0,2,0,0,0,0,0,0,0,0,0
36225147,8391,0,2,0,0,0,0,0,0,0,0,0
36228790,8392,0,2,0,0,0,0,0,0,0,0,0
36232434,8393,0,2,0,0,0,0,0,0,0,0,0
36236078,8394,0,2,0,0,0,0,0,0,0,0,0
36239722,8395,0,2,0,0,0,0,0,0,0,0,0
36243366,8396,0,2,0,0,0,0,0,0,0,0,0
36247011,8397,0,2,0,0,0,0,0,0,0,0,0
36250654,8398,0,2,0,0,0,0,0,0,0,0,0
36254298,8399,0,2,0,0,0,0,0,0,0,0,0
36265558,8400,0,2,0,0,0,0,0,0,0,0,0
36269191,8401,0,2,0,0,0,0,0,0,0,0,0
36272834,8402,0,2,0,0,0,0,0,0,0,0,0
36276478,8403,0,2,0,0,0,0,0,0,0,0,0
36280122,8404,0,2,0,0,0,0,0,0,0,0,0
36283766,8405,0,2,0,0,0,0,0,0,0,0,0
36287410,8406,0,2,0,0,0,0,0,0,0,0,0
36291054,8407,0,2,0,0,0,0,0,0,0,0,0
36294698,8408,0,2,0,0,0,0,0,0,0,0,0
36298342,8409,0,2,0,0,0,0,0,0,0,0,0
36301986,8410,0,2,0,0,0,0,0,0,0,0,0
36305631,8411,0,2,0,0,0,0,0,0,0,0,0
36309274,8412,0,2,0,0,0,0,0,0,0,0,0
36312918,8413,0,2,0,0,0,0,0,0,0,0,0
36316562,8414,0,2,0,0,0,0,0,0,0,0,0
36320206,8415,0,2,0,0,0,0,0,0,0,0,0
36323850,8416,0,2,0,0,0,0,0,0,0,0,0
36327494,8417,0,2,0,0,0,0,0,0,0,0,0
36331138,8418,0,2,0,0,0,0,0,0,0,0,0
36334782,8419,0,2,0,0,0,0,0,0,0,0,0
36338426,8420,0,2,0,0,0,0,0,0,0,0,0
36342071,8421,0,2,0,0,0,0,0,0,0,0,0
36345714,8422,0,2,0,0,0,0,0,0,0,0,0
36349358,8423,0,2,0,0,0,0,0,0,0,0,0
36353003,8424,0,2,0,0,0,0,0,0,0,0,0
36356646,8425,0,2,0,0,0,0,0,0,0,0,0
36360290,8426,0,2,0,0,0,0,0,0,0,0,0
36363934,8427,0,2,0,0,0,0,0,0,0,0,0
36367578,8428,0,2,0,0,0,0,0,0,0,0,0
36371222,8429,0,2,0,0,0,0,0,0,0,0,0
36374866,8430,0,2,0,0,0,0,0,0,0,0,0
36378511,8431,0,2,0,0,0,0,0,0,0,0,0
36382154,8432,0,2,0,0,0,0,0,0,0,0,0
36385798,8433,0,2,0,0,0,0,0,0,0,0,0
36389442,8434,0,2,0,0,0,0,0,0,0,0,0
36393087,8435,0,2,0,0,0,0,0,0,0,0,0
36396730,8436,0,2,0,0,0,0,0,0,0,0,0
36400374,8437,0,2,0,0,0,0,0,0,0,0,0
36404018,8438,0,2,0,0,0,0,0,0,0,0,0
36407662,8439,0,2,0,0,0,0,0,0,0,0,0
36411306,8440,0,2,0,0,0,0,0,0,0,0,0
36414951,8441,0,2,0,0,0,0,0,0,0,0,0
36418594,8442,0,2,0,0,0,0,0,0,0,0,0
36422238,8443,0,2,0,0,0,0,0,0,0,0,0
36425882,8444,0,2,0,0,0,0,0,0,0,0,0
36429526,8445,0,2,0,0,0,0,0,0,0,0,0
36433170,8446,0,2,0,0,0,0,0,0,0,0,0
36436814,8447,0,2,0,0,0,0,0,0,0,0,0
36440458,8448,0,2,0,0,0,0,0,0,0,0,0
36444102,8449,0,2,0,0,0,0,0,0,0,0,0
36447746,8450,0,2,0,0,0,0,0,0,0,0,0
36451391,8451,0,2,0,0,0,0,0,0,0,0,0
36455034,8452,0,2,0,0,0,0,0,0,0,0,0
36458678,8453,0,2,0,0,0,0,0,0,0,0,0
36462322,8454,0,2,0,0,0,0,0,0,0,0,0
36465966,8455,0,2,0,0,0,0,0,0,0,0,0
36469610,8456,0,2,0,0,0,0,0,0,0,0,0
36473254,8457,0,2,0,0,0,0,0,0,0,0,0
36476898,8458,0,2,0,0,0,0,0,0,0,0,0
36480542,8459,0,2,0,0,0,0,0,0,0,0,0
36484186,8460,0,2,0,0,0,0,0,0,0,0,0
36487831,8461,0,2,0,0,0,0,0,0,0,0,0
36491474,8462,0,2,0,0,0,0,0,0,0,0,0
36495118,8463,0,2,0,0,0,0,0,0,0,0,0
36498762,8464,0,2,0,0,0,0,0,0,0,0,0
36502406,8465,0,2,0,0,0,0,0,0,0,0,0
36506051,8466,0,2,0,0,0,0,0,0,0,0,0
36509694,8467,0,2,0,0,0,0,0,0,0,0,0
36513338,8468,0,2,0,0,0,0,0,0,0,0,0
36516982,8469,0,2,0,0,0,0,0,0,0,0,0
36520626,8470,0,2,0,0,0,0,0,0,0,0,0
36524271,8471,0,2,0,0,0,0,0,0,0,0,0
36527914,8472,0,2,0,0,0,0,0,0,0,0,0
36531558,8473,0,2,0,0,0,0,0,0,0,0,0
36535202,8474,0,2,0,0,0,0,0,0,0,0,0
36538846,8475,0,2,0,0,0,0,0,0,0,0,0
36542490,8476,0,2,0,0,0,0,0,0,0,0,0
36546134,8477,0,2,0,0,0,0,0,0,0,0,0
36549778,8478,0,2,0,0,0,0,0,0,0,0,0
36553422,8479,0,2,0,0,0,0,0,0,0,0,0
36557066,8480,0,2,0,0,0,0,0,0,0,0,0
36560711,8481,0,2,0,0,0,0,0,0,0,0,0
36564354,8482,0,2,0,0,0,0,0,0,0,0,0
36567998,8483,0,2,0,0,0,0,0,0,0,0,0
36571642,8484,0,2,0,0,0,0,0,0,0,0,0
36575286,8485,0,2,0,0,0,0,0,0,0,0,0
36578930,8486,0,2,0,0,0,0,0,0,0,0,0
36582574,8487,0,2,0,0,0,0,0,0,0,0,0
36586218,8488,0,2,0,0,0,0,0,0,0,0,0
36589862,8489,0,2,0,0,0,0,0,0,0,0,0
36593506,8490,0,2,0,0,0,0,0,0,0,0,0
36597151,8491,0,2,0,0,0,0,0,0,0,0,0
36600794,8492,0,2,0,0,0,0,0,0,0,0,0
36604438,8493,0,2,0,0,0,0,0,0,0,0,0
36608082,8494,0,2,0,0,0,0,0,0,0,0,0
36611726,8495,0,2,0,0,0,0,0,0,0,0,0
36615370,8496,0,2,0,0,0,0,0,0,0,0,0
36619014,8497,0,2,0,0,0,0,0,0,0,0,0
36622658,8498,0,2,0,0,0,0,0,0,0,0,0
36626302,8499,0,2,0,0,0,0,0,0,0,0,0
36629946,8500,0,2,0,0,0,0,0,0,0,0,0
36633591,8501,0,2,0,0,0,0,0,0,0,0,0
36637234,8502,0,2,0,0,0,0,0,0,0,0,0
36640878,8503,0,2,0,0,0,0,0,0,0,0,0
36644522,8504,0,2,0,0,0,0,0,0,0,0,0
36648166,8505,0,2,0,0,0,0,0,0,0,0,0
36651810,8506,0,2,0,0,0,0,0,0,0,0,0
36655454,8507,0,2,0,0,0,0,0,0,0,0,0
36659098,8508,0,2,0,0,0,0,0,0,0,0,0
36662742,8509,0,2,0,0,0,0,0,0,0,0,0
36666386,8510,0,2,0,0,0,0,0,0,0,0,0
36670031,8511,0,2,0,0,0,0,0,0,0,0,0
36673674,8512,0,2,0,0,0,0,0,0,0,0,0
36677318,8513,0,2,0,0,0,0,0,0,0,0,0
36680962,8514,0,2,0,0,0,0,0,0,0,0,0
36684606,8515,0,2,0,0,0,0,0,0,0,0,0
36688250,8516,0,2,0,0,0,0,0,0,0,0,0
36691894,8517,0,2,0,0,0,0,0,0,0,0,0
36695538,8518,0,2,0,0,0,0,0,0,0,0,0
36699182,8519,0,2,0,0,0,0,0,0,0,0,0
36702826,8520,0,2,0,0,0,0,0,0,0,0,0
36706471,8521,0,2,0,0,0,0,0,0,0,0,0
36710114,8522,0,2,0,0,0,0,0,0,0,0,0
36713758,8523,0,2,0,0,0,0,0,0,0,0,0
36717402,8524,0,2,0,0,0,0,0,0,0,0,0
36721046,8525,0,2,0,0,0,0,0,0,0,0,0
36724690,8526,0,2,0,0,0,0,0,0,0,0,0
36728334,8527,0,2,0,0,0,0,0,0,0,0,0
36731978,8528,0,2,0,0,0,0,0,0,0,0,0
36735622,8529,0,2,0,0,0,0,0,0,0,0,0
36739266,8530,0,2,0,0,0,0,0,0,0,0,0
36742911,8531,0,2,0,0,0,0,0,0,0,0,0
36746554,8532,0,2,0,0,0,0,0,0,0,0,0
36750198,8533,0,2,0,0,0,0,0,0,0,0,0
36753842,8534,0,2,0,0,0,0,0,0,0,0,0
36757486,8535,0,2,0,0,0,0,0,0,0,0,0
36761130,8536,0,2,0,0,0,0,0,0,0,0,0
36764774,8537,0,2,0,0,0,0,0,0,0,0,0
36768418,8538,0,2,0,0,0,0,0,0,0,0,0
36772062,8539,0,2,0,0,0,0,0,0,0,0,0
36775706,8540,0,2,0,0,0,0,0,0,0,0,0
36779351,8541,0,2,0,0,0,0,0,0,0,0,0
36782994,8542,0,2,0,0,0,0,0,0,0,0,0
36786638,8543,0,2,0,0,0,0,0,0,0,0,0
36790282,8544,0,2,0,0,0,0,0,0,0,0,0
36793926,8545,0,2,0,0,0,0,0,0,0,0,0
36797570,8546,0,2,0,0,0,0,0,0,0,0,0
36801214,8547,0,2,0,0,0,0,0,0,0,0,0
36804858,8548,0,2,0,0,0,0,0,0,0,0,0
36808502,8549,0,2,0,0,0,0,0,0,0,0,0
36812146,8550,0,2,0,0,0,0,0,0,0,0,0
36815791,8551,0,2,0,0,0,0,0,0,0,0,0
36819434,8552,0,2,0,0,0,0,0,0,0,0,0
36823078,8553,0,2,0,0,0,0,0,0,0,0,0
36826722,8554,0,2,0,0,0,0,0,0,0,0,0
36830366,8555,0,2,0,0,0,0,0,0,0,0,0
36834011,8556,0,2,0,0,0,0,0,0,0,0,0
36837654,8557,0,2,0,0,0,0,0,0,0,0,0
36841298,8558,0,2,0,0,0,0,0,0,0,0,0
36844942,8559,0,2,0,0,0,0,0,0,0,0,0
36848586,8560,0,2,0,0,0,0,0,0,0,0,0
36852231,8561,0,2,0,0,0,0,0,0,0,0,0
36855874,8562,0,2,0,0,0,0,0,0,0,0,0
36859518,8563,0,2,0,0,0,0,0,0,0,0,0
36863162,8564,0,2,0,0,0,0,0,0,0,0,0
36866806,8565,0,2,0,0,0,0,0,0,0,0,0
36870450,8566,0,2,0,0,0,0,0,0,0,0,0
36874095,8567,0,2,0,0,0,0,0,0,0,0,0
36877738,8568,0,2,0,0,0,0,0,0,0,0,0
36881382,8569,0,2,0,0,0,0,0,0,0,0,0
36885026,8570,0,2,0,0,0,0,0,0,0,0,0
36888671,8571,0,2,0,0,0,0,0,0,0,0,0
36892314,8572,0,2,0,0,0,0,0,0,0,0,0
36895958,8573,0,2,0,0,0,0,0,0,0,0,0
36899602,8574,0,2,0,0,0,0,0,0,0,0,0
36903246,8575,0,2,0,0,0,0,0,0,0,0,0
36906890,8576,0,2,0,0,0,0,0,0,0,0,0
36910534,8577,0,2,0,0,0,0,0,0,0,0,0
36914178,8578,0,2,0,0,0,0,0,0,0,0,0
36917822,8579,0,2,0,0,0,0,0,0,0,0,0
36921466,8580,0,2,0,0,0,0,0,0,0,0,0
36925111,8581,0,2,0,0,0,0,0,0,0,0,0
36928754,8582,0,2,0,0,0,0,0,0,0,0,0
36932398,8583,0,2,0,0,0,0,0,0,0,0,0
36936042,8584,0,2,0,0,0,0,0,0,0,0,0
36939686,8585,0,2,0,0,0,0,0,0,0,0,0
36943330,8586,0,2,0,0,0,0,0,0,0,0,0
36946974,8587,0,2,0,0,0,0,0,0,0,0,0
36950618,8588,0,2,0,0,0,0,0,0,0,0,0
36954262,8589,0,2,0,0,0,0,0,0,0,0,0
36957906,8590,0,2,0,0,0,0,0,0,0,0,0
36961551,8591,0,2,0,0,0,0,0,0,0,0,0
36965194,8592,0,2,0,0,0,0,0,0,0,0,0
36968838,8593,0,2,0,0,0,0,0,0,0,0,0
36972482,8594,0,2,0,0,0,0,0,0,0,0,0
36976126,8595,0,2,0,0,0,0,0,0,0,0,0
36979770,8596,0,2,0,0,0,0,0,0,0,0,0
36983414,8597,0,2,0,0,0,0,0,0,0,0,0
36987058,8598,0,2,0,0,0,0,0,0,0,0,0
36990702,8599,0,2,0,0,0,0,0,0,0,0,0
36994346,8600,0,2,0,0,0,0,0,0,0,0,0
36997991,8601,0,2,0,0,0,0,0,0,0,0,0
37001634,8602,0,2,0,0,0,0,0,0,0,0,0
37005278,8603,0,2,0,0,0,0,0,0,0,0,0
37008922,8604,0,2,0,0,0,0,0,0,0,0,0
37012566,8605,0,2,0,0,0,0,0,0,0,0,0
37016210,8606,0,2,0,0,0,0,0,0,0,0,0
37019854,8607,0,2,0,0,0,0,0,0,0,0,0
37023498,8608,0,2,0,0,0,0,0,0,0,0,0
37027142,8609,0,2,0,0,0,0,0,0,0,0,0
37030786,8610,0,2,0,0,0,0,0,0,0,0,0
37034431,8611,0,2,0,0,0,0,0,0,0,0,0
37038074,8612,0,2,0,0,0,0,0,0,0,0,0
37041718,8613,0,2,0,0,0,0,0,0,0,0,0
37045362,8614,0,2,0,0,0,0,0,0,0,0,0
37049006,8615,0,2,0,0,0,0,0,0,0,0,0
37052650,8616,0,2,0,0,0,0,0,0,0,0,0
37056294,8617,0,2,0,0,0,0,0,0,0,0,0
37059938,8618,0,2,0,0,0,0,0,0,0,0,0
37063582,8619,0,2,0,0,0,0,0,0,0,0,0
37067226,8620,0,2,0,0,0,0,0,0,0,0,0
37070871,8621,0,2,0,0,0,0,0,0,0,0,0
37074514,8622,0,2,0,0,0,0,0,0,0,0,0
37078158,8623,0,2,0,0,0,0,0,0,0,0,0
37081802,8624,0,2,0,0,0,0,0,0,0,0,0
37085446,8625,0,2,0,0,0,0,0,0,0,0,0
37089090,8626,0,2,0,0,0,0,0,0,0,0,0
37097785,8627,0,2,0,0,0,0,0,0,0,0,0
37101417,8628,0,2,0,0,0,0,0,0,0,0,0
37105061,8629,0,2,0,0,0,0,0,0,0,0,0
37108705,8630,0,2,0,0,0,0,0,0,0,0,0
37112350,8631,0,2,0,0,0,0,0,0,0,0,0
37115993,8632,0,2,0,0,0,0,0,0,0,0,0
37119637,8633,0,2,0,0,0,0,0,0,0,0,0
37123281,8634,0,2,0,0,0,0,0,0,0,0,0
37126925,8635,0,2,0,0,0,0,0,0,0,0,0
37130569,8636,0,2,0,0,0,0,0,0,0,0,0
37134213,8637,0,2,0,0,0,0,0,0,0,0,0
37137857,8638,0,2,0,0,0,0,0,0,0,0,0
37141501,8639,0,2,0,0,0,0,0,0,0,0,0
37145145,8640,0,2,0,0,0,0,0,0,0,0,0
37148790,8641,0,2,0,0,0,0,0,0,0,0,0
37152433,8642,0,2,0,0,0,0,0,0,0,0,0
37156077,8643,0,2,0,0,0,0,0,0,0,0,0
37159721,8644,0,2,0,0,0,0,0,0,0,0,0
37163365,8645,0,2,0,0,0,0,0,0,0,0,0
37167009,8646,0,2,0,0,0,0,0,0,0,0,0
37170653,8647,0,2,0,0,0,0,0,0,0,0,0
37174297,8648,0,2,0,0,0,0,0,0,0,0,0
37177941,8649,0,2,0,0,0,0,0,0,0,0,0
37181585,8650,0,2,0,0,0,0,0,0,0,0,0
37185230,8651,0,2,0,0,0,0,0,0,0,0,0
37188873,8652,0,2,0,0,0,0,0,0,0,0,0
37192517,8653,0,2,0,0,0,0,0,0,0,0,0
37196161,8654,0,2,0,0,0,0,0,0,0,0,0
37199805,8655,0,2,0,0,0,0,0,0,0,0,0
37203449,8656,0,2,0,0,0,0,0,0,0,0,0
37207093,8657,0,2,0,0,0,0,0,0,0,0,0
37210737,8658,0,2,0,0,0,0,0,0,0,0,0
37214381,8659,0,2,0,0,0,0,0,0,0,0,0
37218026,8660,0,2,0,0,0,0,0,0,0,0,0
37221670,8661,0,2,0,0,0,0,0,0,0,0,0
37225313,8662,0,2,0,0,0,0,0,0,0,0,0
37228957,8663,0,2,0,0,0,0,0,0,0,0,0
37232601,8664,0,2,0,0,0,0,0,0,0,0,0
37236245,8665,0,2,0,0,0,0,0,0,0,0,0
37239889,8666,0,2,0,0,0,0,0,0,0,0,0
37243533,8667,0,2,0,0,0,0,0,0,0,0,0
37247177,8668,0,2,0,0,0,0,0,0,0,0,0
37250821,8669,0,2,0,0,0,0,0,0,0,0,0
37254465,8670,0,2,0,0,0,0,0,0,0,0,0
37258110,8671,0,2,0,0,0,0,0,0,0,0,0
37261753,8672,0,2,0,0,0,0,0,0,0,0,0
37265397,8673,0,2,0,0,0,0,0,0,0,0,0
37269041,8674,0,2,0,0,0,0,0,0,0,0,0
37272685,8675,0,2,0,0,0,0,0,0,0,0,0
37276329,8676,0,2,0,0,0,0,0,0,0,0,0
37279973,8677,0,2,0,0,0,0,0,0,0,0,0
37283617,8678,0,2,0,0,0,0,0,0,0,0,0
37287261,8679,0,2,0,0,0,0,0,0,0,0,0
37290905,8680,0,2,0,0,0,0,0,0,0,0,0
37294550,8681,0,2,0,0,0,0,0,0,0,0,0
37298193,8682,0,2,0,0,0,0,0,0,0,0,0
37301837,8683,0,2,0,0,0,0,0,0,0,0,0
37305481,8684,0,2,0,0,0,0,0,0,0,0,0
37309125,8685,0,2,0,0,0,0,0,0,0,0,0
37312769,8686,0,2,0,0,0,0,0,0,0,0,0
37316413,8687,0,2,0,0,0,0,0,0,0,0,0
37320057,8688,0,2,0,0,0,0,0,0,0,0,0
37323701,8689,0,2,0,0,0,0,0,0,0,0,0
37327345,8690,0,2,0,0,0,0,0,0,0,0,0
37330990,8691,0,2,0,0,0,0,0,0,0,0,0
37334633,8692,0,2,0,0,0,0,0,0,0,0,0
37338277,8693,0,2,0,0,0,0,0,0,0,0,0
37341921,8694,0,2,0,0,0,0,0,0,0,0,0
37345565,8695,0,2,0,0,0,0,0,0,0,0,0
37349209,8696,0,2,0,0,0,0,0,0,0,0,0
37352853,8697,0,2,0,0,0,0,0,0,0,0,0
37356497,8698,0,2,0,0,0,0,0,0,0,0,0
37360141,8699,0,2,0,0,0,0,0,0,0,0,0
37363785,8700,0,2,0,0,0,0,0,0,0,0,0
37367430,8701,0,2,0,0,0,0,0,0,0,0,0
37371073,8702,0,2,0,0,0,0,0,0,0,0,0
37374717,8703,0,2,0,0,0,0,0,0,0,0,0
37378361,8704,0,2,0,0,0,0,0,0,0,0,0
37382005,8705,0,2,0,0,0,0,0,0,0,0,0
37385649,8706,0,2,0,0,0,0,0,0,0,0,0
37389293,8707,0,2,0,0,0,0,0,0,0,0,0
37392937,8708,0,2,0,0,0,0,0,0,0,0,0
37396581,8709,0,2,0,0,0,0,0,0,0,0,0
37400225,8710,0,2,0,0,0,0,0,0,0,0,0
37403870,8711,0,2,0,0,0,0,0,0,0,0,0
37407513,8712,0,2,0,0,0,0,0,0,0,0,0
37411157,8713,0,2,0,0,0,0,0,0,0,0,0
37414801,8714,0,2,0,0,0,0,0,0,0,0,0
37418445,8715,0,2,0,0,0,0,0,0,0,0,0
37422089,8716,0,2,0,0,0,0,0,0,0,0,0
37425733,8717,0,2,0,0,0,0,0,0,0,0,0
37429377,8718,0,2,0,0,0,0,0,0,0,0,0
37433021,8719,0,2,0,0,0,0,0,0,0,0,0
37436665,8720,0,2,0,0,0,0,0,0,0,0,0
37440310,8721,0,2,0,0,0,0,0,0,0,0,0
37443953,8722,0,2,0,0,0,0,0,0,0,0,0
37447597,8723,0,2,0,0,0,0,0,0,0,0,0
37451241,8724,0,2,0,0,0,0,0,0,0,0,0
37454885,8725,0,2,0,0,0,0,0,0,0,0,0
37458529,8726,0,2,0,0,0,0,0,0,0,0,0
37462173,8727,0,2,0,0,0,0,0,0,0,0,0
37465817,8728,0,2,0,0,0,0,0,0,0,0,0
37469461,8729,0,2,0,0,0,0,0,0,0,0,0
37473105,8730,0,2,0,0,0,0,0,0,0,0,0
37476750,8731,0,2,0,0,0,0,0,0,0,0,0
37480393,8732,0,2,0,0,0,0,0,0,0,0,0
37484038,8733,0,2,0,0,0,0,0,0,0,0,0
37487681,8734,0,2,0,0,0,0,0,0,0,0,0
37491325,8735,0,2,0,0,0,0,0,0,0,0,0
37494969,8736,0,2,0,0,0,0,0,0,0,0,0
37498613,8737,0,2,0,0,0,0,0,0,0,0,0
37502257,8738,0,2,0,0,0,0,0,0,0,0,0
37505901,8739,0,2,0,0,0,0,0,0,0,0,0
37509545,8740,0,2,0,0,0,0,0,0,0,0,0
37513190,8741,0,2,0,0,0,0,0,0,0,0,0
37516833,8742,0,2,0,0,0,0,0,0,0,0,0
37520477,8743,0,2,0,0,0,0,0,0,0,0,0
37524121,8744,0,2,0,0,0,0,0,0,0,0,0
37527765,8745,0,2,0,0,0,0,0,0,0,0,0
37531409,8746,0,2,0,0,0,0,0,0,0,0,0
37535054,8747,0,2,0,0,0,0,0,0,0,0,0
37538697,8748,0,2,0,0,0,0,0,0,0,0,0
37542341,8749,0,2,0,0,0,0,0,0,0,0,0
37545985,8750,0,2,0,0,0,0,0,0,0,0,0
37549630,8751,0,2,0,0,0,0,0,0,0,0,0
37553273,8752,0,2,0,0,0,0,0,0,0,0,0
37556917,8753,0,2,0,0,0,0,0,0,0,0,0
37560561,8754,0,2,0,0,0,0,0,0,0,0,0
37564205,8755,0,2,0,0,0,0,0,0,0,0,0
37567849,8756,0,2,0,0,0,0,0,0,0,0,0
37571493,8757,0,2,0,0,0,0,0,0,0,0,0
37575137,8758,0,2,0,0,0,0,0,0,0,0,0
37578781,8759,0,2,0,0,0,0,0,0,0,0,0
37582425,8760,0,2,0,0,0,0,0,0,0,0,0
37586070,8761,0,2,0,0,0,0,0,0,0,0,0
37589713,8762,0,2,0,0,0,0,0,0,0,0,0
37593357,8763,0,2,0,0,0,0,0,0,0,0,0
37597001,8764,0,2,0,0,0,0,0,0,0,0,0
37600645,8765,0,2,0,0,0,0,0,0,0,0,0
37604289,8766,0,2,0,0,0,0,0,0,0,0,0
37607933,8767,0,2,0,0,0,0,0,0,0,0,0
37611577,8768,0,2,0,0,0,0,0,0,0,0,0
37615221,8769,0,2,0,0,0,0,0,0,0,0,0
37618865,8770,0,2,0,0,0,0,0,0,0,0,0
37622510,8771,0,2,0,0,0,0,0,0,0,0,0
37626153,8772,0,2,0,0,0,0,0,0,0,0,0
37629797,8773,0,2,0,0,0,0,0,0,0,0,0
37633441,8774,0,2,0,0,0,0,0,0,0,0,0
37637085,8775,0,2,0,0,0,0,0,0,0,0,0
37640729,8776,0,2,0,0,0,0,0,0,0,0,0
37644373,8777,0,2,0,0,0,0,0,0,0,0,0
37648017,8778,0,2,0,0,0,0,0,0,0,0,0
37651661,8779,0,2,0,0,0,0,0,0,0,0,0
37655305,8780,0,2,0,0,0,0,0,0,0,0,0
37658950,8781,0,2,0,0,0,0,0,0,0,0,0
37662593,8782,0,2,0,0,0,0,0,0,0,0,0
37666237,8783,0,2,0,0,0,0,0,0,0,0,0
37669881,8784,0,2,0,0,0,0,0,0,0,0,0
37673525,8785,0,2,0,0,0,0,0,0,0,0,0
37677169,8786,0,2,0,0,0,0,0,0,0,0,0
37680813,8787,0,2,0,0,0,0,0,0,0,0,0
37684457,8788,0,2,0,0,0,0,0,0,0,0,0
37688101,8789,0,2,0,0,0,0,0,0,0,0,0
37691745,8790,0,2,0,0,0,0,0,0,0,0,0
37695390,8791,0,2,0,0,0,0,0,0,0,0,0
37699033,8792,0,2,0,0,0,0,0,0,0,0,0
37702677,8793,0,2,0,0,0,0,0,0,0,0,0
37706321,8794,0,2,0,0,0,0,0,0,0,0,0
37709965,8795,0,2,0,0,0,0,0,0,0,0,0
37713609,8796,0,2,0,0,0,0,0,0,0,0,0
37717253,8797,0,2,0,0,0,0,0,0,0,0,0
37720897,8798,0,2,0,0,0,0,0,0,0,0,0
37724541,8799,0,2,0,0,0,0,0,0,0,0,0
37728185,8800,0,2,0,0,0,0,0,0,0,0,0
37731830,8801,0,2,0,0,0,0,0,0,0,0,0
37735473,8802,0,2,0,0,0,0,0,0,0,0,0
37739117,8803,0,2,0,0,0,0,0,0,0,0,0
37742761,8804,0,2,0,0,0,0,0,0,0,0,0
37746405,8805,0,2,0,0,0,0,0,0,0,0,0
37750049,8806,0,2,0,0,0,0,0,0,0,0,0
37753693,8807,0,2,0,0,0,0,0,0,0,0,0
37757337,8808,0,2,0,0,0,0,0,0,0,0,0
37760981,8809,0,2,0,0,0,0,0,0,0,0,0
37764625,8810,0,2,0,0,0,0,0,0,0,0,0
37768270,8811,0,2,0,0,0,0,0,0,0,0,0
37771913,8812,0,2,0,0,0,0,0,0,0,0,0
37775557,8813,0,2,0,0,0,0,0,0,0,0,0
37779201,8814,0,2,0,0,0,0,0,0,0,0,0
37782845,8815,0,2,0,0,0,0,0,0,0,0,0
37786489,8816,0,2,0,0,0,0,0,0,0,0,0
37790133,8817,0,2,0,0,0,0,0,0,0,0,0
37793777,8818,0,2,0,0,0,0,0,0,0,0,0
37797421,8819,0,2,0,0,0,0,0,0,0,0,0
37801065,8820,0,2,0,0,0,0,0,0,0,0,0
37804710,8821,0,2,0,0,0,0,0,0,0,0,0
37808353,8822,0,2,0,0,0,0,0,0,0,0,0
37811997,8823,0,2,0,0,0,0,0,0,0,0,0
37815641,8824,0,2,0,0,0,0,0,0,0,0,0
37819285,8825,0,2,0,0,0,0,0,0,0,0,0
37822929,8826,0,2,0,0,0,0,0,0,0,0,0
37826573,8827,0,2,0,0,0,0,0,0,0,0,0
37830217,8828,0,2,0,0,0,0,0,0,0,0,0
37833861,8829,0,2,0,0,0,0,0,0,0,0,0
37837505,8830,0,2,0,0,0,0,0,0,0,0,0
37841150,8831,0,2,0,0,0,0,0,0,0,0,0
37844793,8832,0,2,0,0,0,0,0,0,0,0,0
37848437,8833,0,2,0,0,0,0,0,0,0,0,0
37852082,8834,0,2,0,0,0,0,0,0,0,0,0
37855725,8835,0,2,0,0,0,0,0,0,0,0,0
37859369,8836,0,2,0,0,0,0,0,0,0,0,0
37863014,8837,0,2,0,0,0,0,0,0,0,0,0
37866657,8838,0,2,0,0,0,0,0,0,0,0,0
37870301,8839,0,2,0,0,0,0,0,0,0,0,0
37873945,8840,0,2,0,0,0,0,0,0,0,0,0
37877590,8841,0,2,0,0,0,0,0,0,0,0,0
37881233,8842,0,2,0,0,0,0,0,0,0,0,0
37884877,8843,0,2,0,0,0,0,0,0,0,0,0
37888521,8844,0,2,0,0,0,0,0,0,0,0,0
37892165,8845,0,2,0,0,0,0,0,0,0,0,0
37895809,8846,0,2,0,0,0,0,0,0,0,0,0
37899453,8847,0,2,0,0,0,0,0,0,0,0,0
37903097,8848,0,2,0,0,0,0,0,0,0,0,0
37906741,8849,0,2,0,0,0,0,0,0,0,0,0
37910385,8850,0,2,0,0,0,0,0,0,0,0,0
37914030,8851,0,2,0,0,0,0,0,0,0,0,0
37917673,8852,0,2,0,0,0,0,0,0,0,0,0
37921317,8853,0,2,0,0,0,0,0,0,0,0,0
37931912,8854,0,2,0,0,0,0,0,0,0,0,0
37935543,8855,0,2,0,0,0,0,0,0,0,0,0
37939187,8856,0,2,0,0,0,0,0,0,0,0,0
37942831,8857,0,2,0,0,0,0,0,0,0,0,0
37946475,8858,0,2,0,0,0,0,0,0,0,0,0
37950119,8859,0,2,0,0,0,0,0,0,0,0,0
37953763,8860,0,2,0,0,0,0,0,0,0,0,0
37957408,8861,0,2,0,0,0,0,0,0,0,0,0
37961052,8862,0,2,0,0,0,0,0,0,0,0,0
37964695,8863,0,2,0,0,0,0,0,0,0,0,0
37968339,8864,0,2,0,0,0,0,0,0,0,0,0
37971983,8865,0,2,0,0,0,0,0,0,0,0,0
37975627,8866,0,2,0,0,0,0,0,0,0,0,0
37979271,8867,0,2,0,0,0,0,0,0,0,0,0
37982915,8868,0,2,0,0,0,0,0,0,0,0,0
37986559,8869,0,2,0,0,0,0,0,0,0,0,0
37990203,8870,0,2,0,0,0,0,0,0,0,0,0
37993848,8871,0,2,0,0,0,0,0,0,0,0,0
37997491,8872,0,2,0,0,0,0,0,0,0,0,0
38001135,8873,0,2,0,0,0,0,0,0,0,0,0
38004779,8874,0,2,0,0,0,0,0,0,0,0,0
38008423,8875,0,2,0,0,0,0,0,0,0,0,0
38012067,8876,0,2,0,0,0,0,0,0,0,0,0
38015711,8877,0,2,0,0,0,0,0,0,0,0,0
38019355,8878,0,2,0,0,0,0,0,0,0,0,0
38022999,8879,0,2,0,0,0,0,0,0,0,0,0
38026643,8880,0,2,0,0,0,0,0,0,0,0,0
38030288,8881,0,2,0,0,0,0,0,0,0,0,0
38033931,8882,0,2,0,0,0,0,0,0,0,0,0
38037575,8883,0,2,0,0,0,0,0,0,0,0,0
38041219,8884,0,2,0,0,0,0,0,0,0,0,0
38044863,8885,0,2,0,0,0,0,0,0,0,0,0
38048507,8886,0,2,0,0,0,0,0,0,0,0,0
38052151,8887,0,2,0,0,0,0,0,0,0,0,0
38055795,8888,0,2,0,0,0,0,0,0,0,0,0
38059439,8889,0,2,0,0,0,0,0,0,0,0,0
38063083,8890,0,2,0,0,0,0,0,0,0,0,0
38066728,8891,0,2,0,0,0,0,0,0,0,0,0
38070371,8892,0,2,0,0,0,0,0,0,0,0,0
38074015,8893,0,2,0,0,0,0,0,0,0,0,0
38077659,8894,0,2,0,0,0,0,0,0,0,0,0
38081303,8895,0,2,0,0,0,0,0,0,0,0,0
38084947,8896,0,2,0,0,0,0,0,0,0,0,0
38088591,8897,0,2,0,0,0,0,0,0,0,0,0
38092235,8898,0,2,0,0,0,0,0,0,0,0,0
38095879,8899,0,2,0,0,0,0,0,0,0,0,0
38099523,8900,0,2,0,0,0,0,0,0,0,0,0
38103168,8901,0,2,0,0,0,0,0,0,0,0,0
38106811,8902,0,2,0,0,0,0,0,0,0,0,0
38110455,8903,0,2,0,0,0,0,0,0,0,0,0
38114099,8904,0,2,0,0,0,0,0,0,0,0,0
38117743,8905,0,2,0,0,0,0,0,0,0,0,0
38121387,8906,0,2,0,0,0,0,0,0,0,0,0
38125031,8907,0,2,0,0,0,0,0,0,0,0,0
38128675,8908,0,2,0,0,0,0,0,0,0,0,0
38132319,8909,0,2,0,0,0,0,0,0,0,0,0
38135963,8910,0,2,0,0,0,0,0,0,0,0,0
38139608,8911,0,2,0,0,0,0,0,0,0,0,0
38143251,8912,0,2,0,0,0,0,0,0,0,0,0
38146895,8913,0,2,0,0,0,0,0,0,0,0,0
38150539,8914,0,2,0,0,0,0,0,0,0,0,0
38154183,8915,0,2,0,0,0,0,0,0,0,0,0
38157827,8916,0,2,0,0,0,0,0,0,0,0,0
38161471,8917,0,2,0,0,0,0,0,0,0,0,0
38165115,8918,0,2,0,0,0,0,0,0,0,0,0
38168759,8919,0,2,0,0,0,0,0,0,0,0,0
38172403,8920,0,2,0,0,0,0,0,0,0,0,0
38176048,8921,0,2,0,0,0,0,0,0,0,0,0
38179691,8922,0,2,0,0,0,0,0,0,0,0,0
38183335,8923,0,2,0,0,0,0,0,0,0,0,0
38186979,8924,0,2,0,0,0,0,0,0,0,0,0
38190623,8925,0,2,0,0,0,0,0,0,0,0,0
38194267,8926,0,2,0,0,0,0,0,0,0,0,0
38197911,8927,0,2,0,0,0,0,0,0,0,0,0
38201555,8928,0,2,0,0,0,0,0,0,0,0,0
38205199,8929,0,2,0,0,0,0,0,0,0,0,0
38208843,8930,0,2,0,0,0,0,0,0,0,0,0
38212488,8931,0,2,0,0,0,0,0,0,0,0,0
38216131,8932,0,2,0,0,0,0,0,0,0,0,0
38219775,8933,0,2,0,0,0,0,0,0,0,0,0
38223419,8934,0,2,0,0,0,0,0,0,0,0,0
38227063,8935,0,2,0,0,0,0,0,0,0,0,0
38230707,8936,0,2,0,0,0,0,0,0,0,0,0
38234351,8937,0,2,0,0,0,0,0,0,0,0,0
38237995,8938,0,2,0,0,0,0,0,0,0,0,0
38241639,8939,0,2,0,0,0,0,0,0,0,0,0
38245283,8940,0,2,0,0,0,0,0,0,0,0,0
38248928,8941,0,2,0,0,0,0,0,0,0,0,0
38252571,8942,0,2,0,0,0,0,0,0,0,0,0
38256215,8943,0,2,0,0,0,0,0,0,0,0,0
38259859,8944,0,2,0,0,0,0,0,0,0,0,0
38263503,8945,0,2,0,0,0,0,0,0,0,0,0
38267147,8946,0,2,0,0,0,0,0,0,0,0,0
38270791,8947,0,2,0,0,0,0,0,0,0,0,0
38274435,8948,0,2,0,0,0,0,0,0,0,0,0
38278079,8949,0,2,0,0,0,0,0,0,0,0,0
38281723,8950,0,2,0,0,0,0,0,0,0,0,0
38285368,8951,0,2,0,0,0,0,0,0,0,0,0
38289011,8952,0,2,0,0,0,0,0,0,0,0,0
38292655,8953,0,2,0,0,0,0,0,0,0,0,0
38296299,8954,0,2,0,0,0,0,0,0,0,0,0
38299943,8955,0,2,0,0,0,0,0,0,0,0,0
38303587,8956,0,2,0,0,0,0,0,0,0,0,0
38307231,8957,0,2,0,0,0,0,0,0,0,0,0
38310875,8958,0,2,0,0,0,0,0,0,0,0,0
38314519,8959,0,2,0,0,0,0,0,0,0,0,0
38318163,8960,0,2,0,0,0,0,0,0,0,0,0
38321808,8961,0,2,0,0,0,0,0,0,0,0,0
38325451,8962,0,2,0,0,0,0,0,0,0,0,0
38329095,8963,0,2,0,0,0,0,0,0,0,0,0
38332739,8964,0,2,0,0,0,0,0,0,0,0,0
38336383,8965,0,2,0,0,0,0,0,0,0,0,0
38340027,8966,0,2,0,0,0,0,0,0,0,0,0
38343671,8967,0,2,0,0,0,0,0,0,0,0,0
38347315,8968,0,2,0,0,0,0,0,0,0,0,0
38350959,8969,0,2,0,0,0,0,0,0,0,0,0
38354603,8970,0,2,0,0,0,0,0,0,0,0,0
38358248,8971,0,2,0,0,0,0,0,0,0,0,0
38361891,8972,0,2,0,0,0,0,0,0,0,0,0
38365535,8973,0,2,0,0,0,0,0,0,0,0,0
38369179,8974,0,2,0,0,0,0,0,0,0,0,0
38372823,8975,0,2,0,0,0,0,0,0,0,0,0
38376467,8976,0,2,0,0,0,0,0,0,0,0,0
38380112,8977,0,2,0,0,0,0,0,0,0,0,0
38383755,8978,0,2,0,0,0,0,0,0,0,0,0
38387399,8979,0,2,0,0,0,0,0,0,0,0,0
38391043,8980,0,2,0,0,0,0,0,0,0,0,0
38394688,8981,0,2,0,0,0,0,0,0,0,0,0
38398331,8982,0,2,0,0,0,0,0,0,0,0,0
38401975,8983,0,2,0,0,0,0,0,0,0,0,0
38405619,8984,0,2,0,0,0,0,0,0,0,0,0
38409263,8985,0,2,0,0,0,0,0,0,0,0,0
38412907,8986,0,2,0,0,0,0,0,0,0,0,0
38416551,8987,0,2,0,0,0,0,0,0,0,0,0
38420195,8988,0,2,0,0,0,0,0,0,0,0,0
38423839,8989,0,2,0,0,0,0,0,0,0,0,0
38427483,8990,0,2,0,0,0,0,0,0,0,0,0
38431128,8991,0,2,0,0,0,0,0,0,0,0,0
38434771,8992,0,2,0,0,0,0,0,0,0,0,0
38438415,8993,0,2,0,0,0,0,0,0,0,0,0
38442060,8994,0,2,0,0,0,0,0,0,0,0,0
38445703,8995,0,2,0,0,0,0,0,0,0,0,0
38449347,8996,0,2,0,0,0,0,0,0,0,0,0
38452991,8997,0,2,0,0,0,0,0,0,0,0,0
38456635,8998,0,2,0,0,0,0,0,0,0,0,0
38460279,8999,0,2,0,0,0,0,0,0,0,0,0
38463923,9000,0,2,0,0,0,0,0,0,0,0,0
38467568,9001,0,2,0,0,0,0,0,0,0,0,0
38471211,9002,0,2,0,0,0,0,0,0,0,0,0
38474855,9003,0,2,0,0,0,0,0,0,0,0,0
38478499,9004,0,2,0,0,0,0,0,0,0,0,0
38482143,9005,0,2,0,0,0,0,0,0,0,0,0
38485787,9006,0,2,0,0,0,0,0,0,0,0,0
38489431,9007,0,2,0,0,0,0,0,0,0,0,0
38493076,9008,0,2,0,0,0,0,0,0,0,0,0
38496719,9009,0,2,0,0,0,0,0,0,0,0,0
38500363,9010,0,2,0,0,0,0,0,0,0,0,0
38504008,9011,0,2,0,0,0,0,0,0,0,0,0
38507651,9012,0,2,0,0,0,0,0,0,0,0,0
38511295,9013,0,2,0,0,0,0,0,0,0,0,0
38514939,9014,0,2,0,0,0,0,0,0,0,0,0
38518583,9015,0,2,0,0,0,0,0,0,0,0,0
38522227,9016,0,2,0,0,0,0,0,0,0,0,0
38525871,9017,0,2,0,0,0,0,0,0,0,0,0
38529515,9018,0,2,0,0,0,0,0,0,0,0,0
38533159,9019,0,2,0,0,0,0,0,0,0,0,0
38536803,9020,0,2,0,0,0,0,0,0,0,0,0
38540448,9021,0,2,0,0,0,0,0,0,0,0,0
38544091,9022,0,2,0,0,0,0,0,0,0,0,0
38547735,9023,0,2,0,0,0,0,0,0,0,0,0
38551379,9024,0,2,0,0,0,0,0,0,0,0,0
38555024,9025,0,2,0,0,0,0,0,0,0,0,0
38558667,9026,0,2,0,0,0,0,0,0,0,0,0
38562311,9027,0,2,0,0,0,0,0,0,0,0,0
38565955,9028,0,2,0,0,0,0,0,0,0,0,0
38569599,9029,0,2,0,0,0,0,0,0,0,0,0
38573243,9030,0,2,0,0,0,0,0,0,0,0,0
38576888,9031,0,2,0,0,0,0,0,0,0,0,0
38580531,9032,0,2,0,0,0,0,0,0,0,0,0
38584175,9033,0,2,0,0,0,0,0,0,0,0,0
38587819,9034,0,2,0,0,0,0,0,0,0,0,0
38591463,9035,0,2,0,0,0,0,0,0,0,0,0
38595107,9036,0,2,0,0,0,0,0,0,0,0,0
38598751,9037,0,2,0,0,0,0,0,0,0,0,0
38602395,9038,0,2,0,0,0,0,0,0,0,0,0
38606039,9039,0,2,0,0,0,0,0,0,0,0,0
38609683,9040,0,2,0,0,0,0,0,0,0,0,0
38613328,9041,0,2,0,0,0,0,0,0,0,0,0
38616971,9042,0,2,0,0,0,0,0,0,0,0,0
38620615,9043,0,2,0,0,0,0,0,0,0,0,0
38624259,9044,0,2,0,0,0,0,0,0,0,0,0
38627903,9045,0,2,0,0,0,0,0,0,0,0,0
38631547,9046,0,2,0,0,0,0,0,0,0,0,0
38635191,9047,0,2,0,0,0,0,0,0,0,0,0
38638835,9048,0,2,0,0,0,0,0,0,0,0,0
38642479,9049,0,2,0,0,0,0,0,0,0,0,0
38646123,9050,0,2,0,0,0,0,0,0,0,0,0
38649768,9051,0,2,0,0,0,0,0,0,0,0,0
38653411,9052,0,2,0,0,0,0,0,0,0,0,0
38657055,9053,0,2,0,0,0,0,0,0,0,0,0
38660699,9054,0,2,0,0,0,0,0,0,0,0,0
38664343,9055,0,2,0,0,0,0,0,0,0,0,0
38667987,9056,0,2,0,0,0,0,0,0,0,0,0
38671631,9057,0,2,0,0,0,0,0,0,0,0,0
38675275,9058,0,2,0,0,0,0,0,0,0,0,0
38678919,9059,0,2,0,0,0,0,0,0,0,0,0
38682563,9060,0,2,0,0,0,0,0,0,0,0,0
38686208,9061,0,2,0,0,0,0,0,0,0,0,0
38689851,9062,0,2,0,0,0,0,0,0,0,0,0
38693495,9063,0,2,0,0,0,0,0,0,0,0,0
38697139,9064,0,2,0,0,0,0,0,0,0,0,0
38700783,9065,0,2,0,0,0,0,0,0,0,0,0
38704427,9066,0,2,0,0,0,0,0,0,0,0,0
38708071,9067,0,2,0,0,0,0,0,0,0,0,0
38711715,9068,0,2,0,0,0,0,0,0,0,0,0
38715359,9069,0,2,0,0,0,0,0,0,0,0,0
38719003,9070,0,2,0,0,0,0,0,0,0,0,0
38722648,9071,0,2,0,0,0,0,0,0,0,0,0
38726291,9072,0,2,0,0,0,0,0,0,0,0,0
38729935,9073,0,2,0,0,0,0,0,0,0,0,0
38733579,9074,0,2,0,0,0,0,0,0,0,0,0
38737223,9075,0,2,0,0,0,0,0,0,0,0,0
38740867,9076,0,2,0,0,0,0,0,0,0,0,0
38744511,9077,0,2,0,0,0,0,0,0,0,0,0
38748155,9078,0,2,0,0,0,0,0,0,0,0,0
38751799,9079,0,2,0,0,0,0,0,0,0,0,0
