timestamp_us,seq,valid_mask,status_bits,solenoid_state,payload0_centi_psi,payload1_centi_psi,payload2_centi_psi,payload3_centi_psi,raw_adc0,raw_adc1,raw_adc2,raw_adc3
4772002,0,0,2,0,0,0,0,0,0,0,0,0
4783576,1,0,2,0,0,0,0,0,0,0,0,0
4790800,2,0,2,0,0,0,0,0,0,0,0,0
4798025,3,0,2,0,0,0,0,0,0,0,0,0
4805248,4,0,2,0,0,0,0,0,0,0,0,0
4812472,5,0,2,0,0,0,0,0,0,0,0,0
4819696,6,0,2,0,0,0,0,0,0,0,0,0
4826920,7,0,2,0,0,0,0,0,0,0,0,0
4834144,8,0,2,0,0,0,0,0,0,0,0,0
4841368,9,0,2,0,0,0,0,0,0,0,0,0
4848592,10,0,2,0,0,0,0,0,0,0,0,0
4855816,11,0,2,0,0,0,0,0,0,0,0,0
4863041,12,0,2,0,0,0,0,0,0,0,0,0
4870264,13,0,2,0,0,0,0,0,0,0,0,0
4877488,14,0,2,0,0,0,0,0,0,0,0,0
4884712,15,0,2,0,0,0,0,0,0,0,0,0
4891936,16,0,2,0,0,0,0,0,0,0,0,0
4899160,17,0,2,0,0,0,0,0,0,0,0,0
4906384,18,0,2,0,0,0,0,0,0,0,0,0
4913608,19,0,2,0,0,0,0,0,0,0,0,0
4920832,20,0,2,0,0,0,0,0,0,0,0,0
4928057,21,0,2,0,0,0,0,0,0,0,0,0
4935280,22,0,2,0,0,0,0,0,0,0,0,0
4942504,23,0,2,0,0,0,0,0,0,0,0,0
4949728,24,0,2,0,0,0,0,0,0,0,0,0
4956952,25,0,2,0,0,0,0,0,0,0,0,0
4964176,26,0,2,0,0,0,0,0,0,0,0,0
4971400,27,0,2,0,0,0,0,0,0,0,0,0
4978624,28,0,2,0,0,0,0,0,0,0,0,0
4985848,29,0,2,0,0,0,0,0,0,0,0,0
4993073,30,0,2,0,0,0,0,0,0,0,0,0
5000297,31,0,2,0,0,0,0,0,0,0,0,0
5007520,32,0,2,0,0,0,0,0,0,0,0,0
5014744,33,0,2,0,0,0,0,0,0,0,0,0
5021968,34,0,2,0,0,0,0,0,0,0,0,0
5029192,35,0,2,0,0,0,0,0,0,0,0,0
5036416,36,0,2,0,0,0,0,0,0,0,0,0
5043640,37,0,2,0,0,0,0,0,0,0,0,0
5050864,38,0,2,0,0,0,0,0,0,0,0,0
5058088,39,0,2,0,0,0,0,0,0,0,0,0
5065312,40,0,2,0,0,0,0,0,0,0,0,0
5072536,41,0,2,0,0,0,0,0,0,0,0,0
5079760,42,0,2,0,0,0,0,0,0,0,0,0
5086984,43,0,2,0,0,0,0,0,0,0,0,0
5094208,44,0,2,0,0,0,0,0,0,0,0,0
5101432,45,0,2,0,0,0,0,0,0,0,0,0
5108656,46,0,2,0,0,0,0,0,0,0,0,0
5115880,47,0,2,0,0,0,0,0,0,0,0,0
5123104,48,0,2,0,0,0,0,0,0,0,0,0
5130328,49,0,2,0,0,0,0,0,0,0,0,0
5137552,50,0,2,0,0,0,0,0,0,0,0,0
5144776,51,0,2,0,0,0,0,0,0,0,0,0
5152000,52,0,2,0,0,0,0,0,0,0,0,0
5159224,53,0,2,0,0,0,0,0,0,0,0,0
5166448,54,0,2,0,0,0,0,0,0,0,0,0
5173672,55,0,2,0,0,0,0,0,0,0,0,0
5180896,56,0,2,0,0,0,0,0,0,0,0,0
5188120,57,0,2,0,0,0,0,0,0,0,0,0
5195344,58,0,2,0,0,0,0,0,0,0,0,0
5202568,59,0,2,0,0,0,0,0,0,0,0,0
5209792,60,0,2,0,0,0,0,0,0,0,0,0
5217016,61,0,2,0,0,0,0,0,0,0,0,0
5224240,62,0,2,0,0,0,0,0,0,0,0,0
5231464,63,0,2,0,0,0,0,0,0,0,0,0
5238688,64,0,2,0,0,0,0,0,0,0,0,0
5245912,65,0,2,0,0,0,0,0,0,0,0,0
5253136,66,0,2,0,0,0,0,0,0,0,0,0
5260360,67,0,2,0,0,0,0,0,0,0,0,0
5267584,68,0,2,0,0,0,0,0,0,0,0,0
5274808,69,0,2,0,0,0,0,0,0,0,0,0
5282032,70,0,2,0,0,0,0,0,0,0,0,0
5289256,71,0,2,0,0,0,0,0,0,0,0,0
5296480,72,0,2,0,0,0,0,0,0,0,0,0
5303704,73,0,2,0,0,0,0,0,0,0,0,0
5310928,74,0,2,0,0,0,0,0,0,0,0,0
5318152,75,0,2,0,0,0,0,0,0,0,0,0
5325376,76,0,2,0,0,0,0,0,0,0,0,0
5332600,77,0,2,0,0,0,0,0,0,0,0,0
5339824,78,0,2,0,0,0,0,0,0,0,0,0
5347048,79,0,2,0,0,0,0,0,0,0,0,0
5354272,80,0,2,0,0,0,0,0,0,0,0,0
5361497,81,0,2,0,0,0,0,0,0,0,0,0
5368720,82,0,2,0,0,0,0,0,0,0,0,0
5375944,83,0,2,0,0,0,0,0,0,0,0,0
5383168,84,0,2,0,0,0,0,0,0,0,0,0
5390392,85,0,2,0,0,0,0,0,0,0,0,0
5397616,86,0,2,0,0,0,0,0,0,0,0,0
5404840,87,0,2,0,0,0,0,0,0,0,0,0
5412064,88,0,2,0,0,0,0,0,0,0,0,0
5419288,89,0,2,0,0,0,0,0,0,0,0,0
5426512,90,0,2,0,0,0,0,0,0,0,0,0
5433736,91,0,2,0,0,0,0,0,0,0,0,0
5440960,92,0,2,0,0,0,0,0,0,0,0,0
5448184,93,0,2,0,0,0,0,0,0,0,0,0
5455408,94,0,2,0,0,0,0,0,0,0,0,0
5462632,95,0,2,0,0,0,0,0,0,0,0,0
5469856,96,0,2,0,0,0,0,0,0,0,0,0
5477080,97,0,2,0,0,0,0,0,0,0,0,0
5484304,98,0,2,0,0,0,0,0,0,0,0,0
5491528,99,0,2,0,0,0,0,0,0,0,0,0
5498752,100,0,2,0,0,0,0,0,0,0,0,0
5505976,101,0,2,0,0,0,0,0,0,0,0,0
5513200,102,0,2,0,0,0,0,0,0,0,0,0
5520424,103,0,2,0,0,0,0,0,0,0,0,0
5527648,104,0,2,0,0,0,0,0,0,0,0,0
5534872,105,0,2,0,0,0,0,0,0,0,0,0
5542096,106,0,2,0,0,0,0,0,0,0,0,0
5549320,107,0,2,0,0,0,0,0,0,0,0,0
5556544,108,0,2,0,0,0,0,0,0,0,0,0
5563768,109,0,2,0,0,0,0,0,0,0,0,0
5570992,110,0,2,0,0,0,0,0,0,0,0,0
5578216,111,0,2,0,0,0,0,0,0,0,0,0
5585440,112,0,2,0,0,0,0,0,0,0,0,0
5592664,113,0,2,0,0,0,0,0,0,0,0,0
5599888,114,0,2,0,0,0,0,0,0,0,0,0
5607112,115,0,2,0,0,0,0,0,0,0,0,0
5614336,116,0,2,0,0,0,0,0,0,0,0,0
5621560,117,0,2,0,0,0,0,0,0,0,0,0
5628784,118,0,2,0,0,0,0,0,0,0,0,0
5636008,119,0,2,0,0,0,0,0,0,0,0,0
5643232,120,0,2,0,0,0,0,0,0,0,0,0
5650457,121,0,2,0,0,0,0,0,0,0,0,0
5657680,122,0,2,0,0,0,0,0,0,0,0,0
5664904,123,0,2,0,0,0,0,0,0,0,0,0
5672128,124,0,2,0,0,0,0,0,0,0,0,0
5679352,125,0,2,0,0,0,0,0,0,0,0,0
5686576,126,0,2,0,0,0,0,0,0,0,0,0
5693800,127,0,2,0,0,0,0,0,0,0,0,0
5701025,128,0,2,0,0,0,0,0,0,0,0,0
5708248,129,0,2,0,0,0,0,0,0,0,0,0
5715472,130,0,2,0,0,0,0,0,0,0,0,0
5722697,131,0,2,0,0,0,0,0,0,0,0,0
5729920,132,0,2,0,0,0,0,0,0,0,0,0
5737144,133,0,2,0,0,0,0,0,0,0,0,0
5744368,134,0,2,0,0,0,0,0,0,0,0,0
5751592,135,0,2,0,0,0,0,0,0,0,0,0
5758816,136,0,2,0,0,0,0,0,0,0,0,0
5766041,137,0,2,0,0,0,0,0,0,0,0,0
5773264,138,0,2,0,0,0,0,0,0,0,0,0
5780488,139,0,2,0,0,0,0,0,0,0,0,0
5787712,140,0,2,0,0,0,0,0,0,0,0,0
5794937,141,0,2,0,0,0,0,0,0,0,0,0
5802160,142,0,2,0,0,0,0,0,0,0,0,0
5809384,143,0,2,0,0,0,0,0,0,0,0,0
5816608,144,0,2,0,0,0,0,0,0,0,0,0
5823832,145,0,2,0,0,0,0,0,0,0,0,0
5831056,146,0,2,0,0,0,0,0,0,0,0,0
5838280,147,0,2,0,0,0,0,0,0,0,0,0
5845504,148,0,2,0,0,0,0,0,0,0,0,0
5852728,149,0,2,0,0,0,0,0,0,0,0,0
5859952,150,0,2,0,0,0,0,0,0,0,0,0
5867176,151,0,2,0,0,0,0,0,0,0,0,0
5874400,152,0,2,0,0,0,0,0,0,0,0,0
5881624,153,0,2,0,0,0,0,0,0,0,0,0
5888848,154,0,2,0,0,0,0,0,0,0,0,0
5896072,155,0,2,0,0,0,0,0,0,0,0,0
5903296,156,0,2,0,0,0,0,0,0,0,0,0
5910520,157,0,2,0,0,0,0,0,0,0,0,0
5917744,158,0,2,0,0,0,0,0,0,0,0,0
5924968,159,0,2,0,0,0,0,0,0,0,0,0
5932192,160,0,2,0,0,0,0,0,0,0,0,0
5939417,161,0,2,0,0,0,0,0,0,0,0,0
5946640,162,0,2,0,0,0,0,0,0,0,0,0
5953864,163,0,2,0,0,0,0,0,0,0,0,0
5961088,164,0,2,0,0,0,0,0,0,0,0,0
5968312,165,0,2,0,0,0,0,0,0,0,0,0
5975536,166,0,2,0,0,0,0,0,0,0,0,0
5982760,167,0,2,0,0,0,0,0,0,0,0,0
5989984,168,0,2,0,0,0,0,0,0,0,0,0
5997208,169,0,2,0,0,0,0,0,0,0,0,0
6004432,170,0,2,0,0,0,0,0,0,0,0,0
6011657,171,0,2,0,0,0,0,0,0,0,0,0
6018880,172,0,2,0,0,0,0,0,0,0,0,0
6026104,173,0,2,0,0,0,0,0,0,0,0,0
6033328,174,0,2,0,0,0,0,0,0,0,0,0
6040552,175,0,2,0,0,0,0,0,0,0,0,0
6047776,176,0,2,0,0,0,0,0,0,0,0,0
6055000,177,0,2,0,0,0,0,0,0,0,0,0
6062224,178,0,2,0,0,0,0,0,0,0,0,0
6069448,179,0,2,0,0,0,0,0,0,0,0,0
6076672,180,0,2,0,0,0,0,0,0,0,0,0
6083896,181,0,2,0,0,0,0,0,0,0,0,0
6091120,182,0,2,0,0,0,0,0,0,0,0,0
6098344,183,0,2,0,0,0,0,0,0,0,0,0
6105568,184,0,2,0,0,0,0,0,0,0,0,0
6112792,185,0,2,0,0,0,0,0,0,0,0,0
6120016,186,0,2,0,0,0,0,0,0,0,0,0
6127240,187,0,2,0,0,0,0,0,0,0,0,0
6134464,188,0,2,0,0,0,0,0,0,0,0,0
6141688,189,0,2,0,0,0,0,0,0,0,0,0
6148912,190,0,2,0,0,0,0,0,0,0,0,0
6156137,191,0,2,0,0,0,0,0,0,0,0,0
6163360,192,0,2,0,0,0,0,0,0,0,0,0
6170584,193,0,2,0,0,0,0,0,0,0,0,0
6177808,194,0,2,0,0,0,0,0,0,0,0,0
6185032,195,0,2,0,0,0,0,0,0,0,0,0
6192256,196,0,2,0,0,0,0,0,0,0,0,0
6199480,197,0,2,0,0,0,0,0,0,0,0,0
6206704,198,0,2,0,0,0,0,0,0,0,0,0
6213928,199,0,2,0,0,0,0,0,0,0,0,0
6221152,200,0,2,0,0,0,0,0,0,0,0,0
6228377,201,0,2,0,0,0,0,0,0,0,0,0
6235600,202,0,2,0,0,0,0,0,0,0,0,0
6242824,203,0,2,0,0,0,0,0,0,0,0,0
6250048,204,0,2,0,0,0,0,0,0,0,0,0
6257272,205,0,2,0,0,0,0,0,0,0,0,0
6264496,206,0,2,0,0,0,0,0,0,0,0,0
6271720,207,0,2,0,0,0,0,0,0,0,0,0
6278944,208,0,2,0,0,0,0,0,0,0,0,0
6286168,209,0,2,0,0,0,0,0,0,0,0,0
6293392,210,0,2,0,0,0,0,0,0,0,0,0
6300616,211,0,2,0,0,0,0,0,0,0,0,0
6307840,212,0,2,0,0,0,0,0,0,0,0,0
6315064,213,0,2,0,0,0,0,0,0,0,0,0
6322288,214,0,2,0,0,0,0,0,0,0,0,0
6329512,215,0,2,0,0,0,0,0,0,0,0,0
6336736,216,0,2,0,0,0,0,0,0,0,0,0
6343960,217,0,2,0,0,0,0,0,0,0,0,0
6351184,218,0,2,0,0,0,0,0,0,0,0,0
6358408,219,0,2,0,0,0,0,0,0,0,0,0
6365632,220,0,2,0,0,0,0,0,0,0,0,0
6372856,221,0,2,0,0,0,0,0,0,0,0,0
6380081,222,0,2,0,0,0,0,0,0,0,0,0
6387304,223,0,2,0,0,0,0,0,0,0,0,0
6394528,224,0,2,0,0,0,0,0,0,0,0,0
6401752,225,0,2,0,0,0,0,0,0,0,0,0
6408976,226,0,2,0,0,0,0,0,0,0,0,0
6416200,227,0,2,0,0,0,0,0,0,0,0,0
6440107,228,0,2,0,0,0,0,0,0,0,0,0
6447319,229,0,2,0,0,0,0,0,0,0,0,0
6454543,230,0,2,0,0,0,0,0,0,0,0,0
6461767,231,0,2,0,0,0,0,0,0,0,0,0
6468991,232,0,2,0,0,0,0,0,0,0,0,0
6476215,233,0,2,0,0,0,0,0,0,0,0,0
6483439,234,0,2,0,0,0,0,0,0,0,0,0
6490663,235,0,2,0,0,0,0,0,0,0,0,0
6497887,236,0,2,0,0,0,0,0,0,0,0,0
6505111,237,0,2,0,0,0,0,0,0,0,0,0
6512335,238,0,2,0,0,0,0,0,0,0,0,0
6519559,239,0,2,0,0,0,0,0,0,0,0,0
6526783,240,0,2,0,0,0,0,0,0,0,0,0
6534008,241,0,2,0,0,0,0,0,0,0,0,0
6541231,242,0,2,0,0,0,0,0,0,0,0,0
6548455,243,0,2,0,0,0,0,0,0,0,0,0
6555679,244,0,2,0,0,0,0,0,0,0,0,0
6562903,245,0,2,0,0,0,0,0,0,0,0,0
6570127,246,0,2,0,0,0,0,0,0,0,0,0
6577351,247,0,2,0,0,0,0,0,0,0,0,0
6584575,248,0,2,0,0,0,0,0,0,0,0,0
6591799,249,0,2,0,0,0,0,0,0,0,0,0
6599023,250,0,2,0,0,0,0,0,0,0,0,0
6606248,251,0,2,0,0,0,0,0,0,0,0,0
6613471,252,0,2,0,0,0,0,0,0,0,0,0
6620695,253,0,2,0,0,0,0,0,0,0,0,0
6627919,254,0,2,0,0,0,0,0,0,0,0,0
6635143,255,0,2,0,0,0,0,0,0,0,0,0
6642367,256,0,2,0,0,0,0,0,0,0,0,0
6649591,257,0,2,0,0,0,0,0,0,0,0,0
6656815,258,0,2,0,0,0,0,0,0,0,0,0
6664039,259,0,2,0,0,0,0,0,0,0,0,0
6671263,260,0,2,0,0,0,0,0,0,0,0,0
6678487,261,0,2,0,0,0,0,0,0,0,0,0
6685711,262,0,2,0,0,0,0,0,0,0,0,0
6692935,263,0,2,0,0,0,0,0,0,0,0,0
6700159,264,0,2,0,0,0,0,0,0,0,0,0
6707383,265,0,2,0,0,0,0,0,0,0,0,0
6714607,266,0,2,0,0,0,0,0,0,0,0,0
6721831,267,0,2,0,0,0,0,0,0,0,0,0
6729055,268,0,2,0,0,0,0,0,0,0,0,0
6736279,269,0,2,0,0,0,0,0,0,0,0,0
6743503,270,0,2,0,0,0,0,0,0,0,0,0
6750728,271,0,2,0,0,0,0,0,0,0,0,0
6757951,272,0,2,0,0,0,0,0,0,0,0,0
6765175,273,0,2,0,0,0,0,0,0,0,0,0
6772399,274,0,2,0,0,0,0,0,0,0,0,0
6779623,275,0,2,0,0,0,0,0,0,0,0,0
6786847,276,0,2,0,0,0,0,0,0,0,0,0
6794071,277,0,2,0,0,0,0,0,0,0,0,0
6801295,278,0,2,0,0,0,0,0,0,0,0,0
6808519,279,0,2,0,0,0,0,0,0,0,0,0
6815743,280,0,2,0,0,0,0,0,0,0,0,0
6822967,281,0,2,0,0,0,0,0,0,0,0,0
6830191,282,0,2,0,0,0,0,0,0,0,0,0
6837415,283,0,2,0,0,0,0,0,0,0,0,0
6844639,284,0,2,0,0,0,0,0,0,0,0,0
6851863,285,0,2,0,0,0,0,0,0,0,0,0
6859087,286,0,2,0,0,0,0,0,0,0,0,0
6866311,287,0,2,0,0,0,0,0,0,0,0,0
6873535,288,0,2,0,0,0,0,0,0,0,0,0
6880759,289,0,2,0,0,0,0,0,0,0,0,0
6887983,290,0,2,0,0,0,0,0,0,0,0,0
6895207,291,0,2,0,0,0,0,0,0,0,0,0
6902431,292,0,2,0,0,0,0,0,0,0,0,0
6909655,293,0,2,0,0,0,0,0,0,0,0,0
6916879,294,0,2,0,0,0,0,0,0,0,0,0
6924103,295,0,2,0,0,0,0,0,0,0,0,0
6931327,296,0,2,0,0,0,0,0,0,0,0,0
6938551,297,0,2,0,0,0,0,0,0,0,0,0
6945775,298,0,2,0,0,0,0,0,0,0,0,0
6952999,299,0,2,0,0,0,0,0,0,0,0,0
6960223,300,0,2,0,0,0,0,0,0,0,0,0
6967448,301,0,2,0,0,0,0,0,0,0,0,0
6974671,302,0,2,0,0,0,0,0,0,0,0,0
6981895,303,0,2,0,0,0,0,0,0,0,0,0
6989119,304,0,2,0,0,0,0,0,0,0,0,0
6996343,305,0,2,0,0,0,0,0,0,0,0,0
7003567,306,0,2,0,0,0,0,0,0,0,0,0
7010791,307,0,2,0,0,0,0,0,0,0,0,0
7018015,308,0,2,0,0,0,0,0,0,0,0,0
7025239,309,0,2,0,0,0,0,0,0,0,0,0
7032463,310,0,2,0,0,0,0,0,0,0,0,0
7039688,311,0,2,0,0,0,0,0,0,0,0,0
7046911,312,0,2,0,0,0,0,0,0,0,0,0
7054135,313,0,2,0,0,0,0,0,0,0,0,0
7061359,314,0,2,0,0,0,0,0,0,0,0,0
7068583,315,0,2,0,0,0,0,0,0,0,0,0
7075807,316,0,2,0,0,0,0,0,0,0,0,0
7083032,317,0,2,0,0,0,0,0,0,0,0,0
7090255,318,0,2,0,0,0,0,0,0,0,0,0
7097479,319,0,2,0,0,0,0,0,0,0,0,0
7104703,320,0,2,0,0,0,0,0,0,0,0,0
7111928,321,0,2,0,0,0,0,0,0,0,0,0
7119151,322,0,2,0,0,0,0,0,0,0,0,0
7126375,323,0,2,0,0,0,0,0,0,0,0,0
7133599,324,0,2,0,0,0,0,0,0,0,0,0
7140823,325,0,2,0,0,0,0,0,0,0,0,0
7148047,326,0,2,0,0,0,0,0,0,0,0,0
7155271,327,0,2,0,0,0,0,0,0,0,0,0
7162495,328,0,2,0,0,0,0,0,0,0,0,0
7169719,329,0,2,0,0,0,0,0,0,0,0,0
7176943,330,0,2,0,0,0,0,0,0,0,0,0
7184167,331,0,2,0,0,0,0,0,0,0,0,0
7191391,332,0,2,0,0,0,0,0,0,0,0,0
7198615,333,0,2,0,0,0,0,0,0,0,0,0
7205839,334,0,2,0,0,0,0,0,0,0,0,0
7213063,335,0,2,0,0,0,0,0,0,0,0,0
7220287,336,0,2,0,0,0,0,0,0,0,0,0
7227511,337,0,2,0,0,0,0,0,0,0,0,0
7234735,338,0,2,0,0,0,0,0,0,0,0,0
7241959,339,0,2,0,0,0,0,0,0,0,0,0
7249183,340,0,2,0,0,0,0,0,0,0,0,0
7256408,341,0,2,0,0,0,0,0,0,0,0,0
7263631,342,0,2,0,0,0,0,0,0,0,0,0
7270855,343,0,2,0,0,0,0,0,0,0,0,0
7278080,344,0,2,0,0,0,0,0,0,0,0,0
7285303,345,0,2,0,0,0,0,0,0,0,0,0
7292527,346,0,2,0,0,0,0,0,0,0,0,0
7299751,347,0,2,0,0,0,0,0,0,0,0,0
7306975,348,0,2,0,0,0,0,0,0,0,0,0
7314199,349,0,2,0,0,0,0,0,0,0,0,0
7321423,350,0,2,0,0,0,0,0,0,0,0,0
7328647,351,0,2,0,0,0,0,0,0,0,0,0
7335871,352,0,2,0,0,0,0,0,0,0,0,0
7343095,353,0,2,0,0,0,0,0,0,0,0,0
7350319,354,0,2,0,0,0,0,0,0,0,0,0
7357543,355,0,2,0,0,0,0,0,0,0,0,0
7364767,356,0,2,0,0,0,0,0,0,0,0,0
7371991,357,0,2,0,0,0,0,0,0,0,0,0
7379215,358,0,2,0,0,0,0,0,0,0,0,0
7386440,359,0,2,0,0,0,0,0,0,0,0,0
7393663,360,0,2,0,0,0,0,0,0,0,0,0
7400887,361,0,2,0,0,0,0,0,0,0,0,0
7408111,362,0,2,0,0,0,0,0,0,0,0,0
7415335,363,0,2,0,0,0,0,0,0,0,0,0
7422559,364,0,2,0,0,0,0,0,0,0,0,0
7429783,365,0,2,0,0,0,0,0,0,0,0,0
7437007,366,0,2,0,0,0,0,0,0,0,0,0
7444231,367,0,2,0,0,0,0,0,0,0,0,0
7451455,368,0,2,0,0,0,0,0,0,0,0,0
7458679,369,0,2,0,0,0,0,0,0,0,0,0
7465903,370,0,2,0,0,0,0,0,0,0,0,0
7473127,371,0,2,0,0,0,0,0,0,0,0,0
7480351,372,0,2,0,0,0,0,0,0,0,0,0
7487575,373,0,2,0,0,0,0,0,0,0,0,0
7494799,374,0,2,0,0,0,0,0,0,0,0,0
7502023,375,0,2,0,0,0,0,0,0,0,0,0
7509247,376,0,2,0,0,0,0,0,0,0,0,0
7516471,377,0,2,0,0,0,0,0,0,0,0,0
7523695,378,0,2,0,0,0,0,0,0,0,0,0
7530919,379,0,2,0,0,0,0,0,0,0,0,0
7538143,380,0,2,0,0,0,0,0,0,0,0,0
7545368,381,0,2,0,0,0,0,0,0,0,0,0
7552591,382,0,2,0,0,0,0,0,0,0,0,0
7559815,383,0,2,0,0,0,0,0,0,0,0,0
7567039,384,0,2,0,0,0,0,0,0,0,0,0
7574263,385,0,2,0,0,0,0,0,0,0,0,0
7581487,386,0,2,0,0,0,0,0,0,0,0,0
7588711,387,0,2,0,0,0,0,0,0,0,0,0
7595935,388,0,2,0,0,0,0,0,0,0,0,0
7603159,389,0,2,0,0,0,0,0,0,0,0,0
7610383,390,0,2,0,0,0,0,0,0,0,0,0
7617607,391,0,2,0,0,0,0,0,0,0,0,0
7624831,392,0,2,0,0,0,0,0,0,0,0,0
7632056,393,0,2,0,0,0,0,0,0,0,0,0
7639279,394,0,2,0,0,0,0,0,0,0,0,0
7646503,395,0,2,0,0,0,0,0,0,0,0,0
7653727,396,0,2,0,0,0,0,0,0,0,0,0
7660951,397,0,2,0,0,0,0,0,0,0,0,0
7668175,398,0,2,0,0,0,0,0,0,0,0,0
7675399,399,0,2,0,0,0,0,0,0,0,0,0
7682623,400,0,2,0,0,0,0,0,0,0,0,0
7689848,401,0,2,0,0,0,0,0,0,0,0,0
7697071,402,0,2,0,0,0,0,0,0,0,0,0
7704295,403,0,2,0,0,0,0,0,0,0,0,0
7711519,404,0,2,0,0,0,0,0,0,0,0,0
7718743,405,0,2,0,0,0,0,0,0,0,0,0
7725967,406,0,2,0,0,0,0,0,0,0,0,0
7733191,407,0,2,0,0,0,0,0,0,0,0,0
7740415,408,0,2,0,0,0,0,0,0,0,0,0
7747639,409,0,2,0,0,0,0,0,0,0,0,0
7754863,410,0,2,0,0,0,0,0,0,0,0,0
7762087,411,0,2,0,0,0,0,0,0,0,0,0
7769311,412,0,2,0,0,0,0,0,0,0,0,0
7776535,413,0,2,0,0,0,0,0,0,0,0,0
7783759,414,0,2,0,0,0,0,0,0,0,0,0
7790983,415,0,2,0,0,0,0,0,0,0,0,0
7798207,416,0,2,0,0,0,0,0,0,0,0,0
7805431,417,0,2,0,0,0,0,0,0,0,0,0
7812655,418,0,2,0,0,0,0,0,0,0,0,0
7819879,419,0,2,0,0,0,0,0,0,0,0,0
7827103,420,0,2,0,0,0,0,0,0,0,0,0
7834328,421,0,2,0,0,0,0,0,0,0,0,0
7841551,422,0,2,0,0,0,0,0,0,0,0,0
7848775,423,0,2,0,0,0,0,0,0,0,0,0
7855999,424,0,2,0,0,0,0,0,0,0,0,0
7863223,425,0,2,0,0,0,0,0,0,0,0,0
7870447,426,0,2,0,0,0,0,0,0,0,0,0
7877671,427,0,2,0,0,0,0,0,0,0,0,0
7884895,428,0,2,0,0,0,0,0,0,0,0,0
7892119,429,0,2,0,0,0,0,0,0,0,0,0
7899343,430,0,2,0,0,0,0,0,0,0,0,0
7906568,431,0,2,0,0,0,0,0,0,0,0,0
7913791,432,0,2,0,0,0,0,0,0,0,0,0
7921015,433,0,2,0,0,0,0,0,0,0,0,0
7928239,434,0,2,0,0,0,0,0,0,0,0,0
7935463,435,0,2,0,0,0,0,0,0,0,0,0
7942687,436,0,2,0,0,0,0,0,0,0,0,0
7949911,437,0,2,0,0,0,0,0,0,0,0,0
7957135,438,0,2,0,0,0,0,0,0,0,0,0
7964359,439,0,2,0,0,0,0,0,0,0,0,0
7971583,440,0,2,0,0,0,0,0,0,0,0,0
7978807,441,0,2,0,0,0,0,0,0,0,0,0
7986031,442,0,2,0,0,0,0,0,0,0,0,0
7993255,443,0,2,0,0,0,0,0,0,0,0,0
8000479,444,0,2,0,0,0,0,0,0,0,0,0
8007703,445,0,2,0,0,0,0,0,0,0,0,0
8014927,446,0,2,0,0,0,0,0,0,0,0,0
8022151,447,0,2,0,0,0,0,0,0,0,0,0
8029375,448,0,2,0,0,0,0,0,0,0,0,0
8036599,449,0,2,0,0,0,0,0,0,0,0,0
8043823,450,0,2,0,0,0,0,0,0,0,0,0
8051048,451,0,2,0,0,0,0,0,0,0,0,0
8058271,452,0,2,0,0,0,0,0,0,0,0,0
8065495,453,0,2,0,0,0,0,0,0,0,0,0
8072719,454,0,2,0,0,0,0,0,0,0,0,0
8087925,455,0,2,0,0,0,0,0,0,0,0,0
8095137,456,0,2,0,0,0,0,0,0,0,0,0
8102361,457,0,2,0,0,0,0,0,0,0,0,0
8109585,458,0,2,0,0,0,0,0,0,0,0,0
8116809,459,0,2,0,0,0,0,0,0,0,0,0
8124033,460,0,2,0,0,0,0,0,0,0,0,0
8131258,461,0,2,0,0,0,0,0,0,0,0,0
8138481,462,0,2,0,0,0,0,0,0,0,0,0
8145705,463,0,2,0,0,0,0,0,0,0,0,0
8152929,464,0,2,0,0,0,0,0,0,0,0,0
8160153,465,0,2,0,0,0,0,0,0,0,0,0
8167377,466,0,2,0,0,0,0,0,0,0,0,0
8174601,467,0,2,0,0,0,0,0,0,0,0,0
8181825,468,0,2,0,0,0,0,0,0,0,0,0
8189049,469,0,2,0,0,0,0,0,0,0,0,0
8196273,470,0,2,0,0,0,0,0,0,0,0,0
8203498,471,0,2,0,0,0,0,0,0,0,0,0
8210721,472,0,2,0,0,0,0,0,0,0,0,0
8217945,473,0,2,0,0,0,0,0,0,0,0,0
8225169,474,0,2,0,0,0,0,0,0,0,0,0
8232393,475,0,2,0,0,0,0,0,0,0,0,0
8239617,476,0,2,0,0,0,0,0,0,0,0,0
8246841,477,0,2,0,0,0,0,0,0,0,0,0
8254065,478,0,2,0,0,0,0,0,0,0,0,0
8261289,479,0,2,0,0,0,0,0,0,0,0,0
8268513,480,0,2,0,0,0,0,0,0,0,0,0
8275737,481,0,2,0,0,0,0,0,0,0,0,0
8282961,482,0,2,0,0,0,0,0,0,0,0,0
8290185,483,0,2,0,0,0,0,0,0,0,0,0
8297409,484,0,2,0,0,0,0,0,0,0,0,0
8304633,485,0,2,0,0,0,0,0,0,0,0,0
8311857,486,0,2,0,0,0,0,0,0,0,0,0
8319081,487,0,2,0,0,0,0,0,0,0,0,0
8326305,488,0,2,0,0,0,0,0,0,0,0,0
8333529,489,0,2,0,0,0,0,0,0,0,0,0
8340753,490,0,2,0,0,0,0,0,0,0,0,0
8347977,491,0,2,0,0,0,0,0,0,0,0,0
8355201,492,0,2,0,0,0,0,0,0,0,0,0
8362425,493,0,2,0,0,0,0,0,0,0,0,0
8369649,494,0,2,0,0,0,0,0,0,0,0,0
8376873,495,0,2,0,0,0,0,0,0,0,0,0
8384097,496,0,2,0,0,0,0,0,0,0,0,0
8391321,497,0,2,0,0,0,0,0,0,0,0,0
8398545,498,0,2,0,0,0,0,0,0,0,0,0
8405769,499,0,2,0,0,0,0,0,0,0,0,0
8412993,500,0,2,0,0,0,0,0,0,0,0,0
8420217,501,0,2,0,0,0,0,0,0,0,0,0
8427441,502,0,2,0,0,0,0,0,0,0,0,0
8434665,503,0,2,0,0,0,0,0,0,0,0,0
8441889,504,0,2,0,0,0,0,0,0,0,0,0
8449113,505,0,2,0,0,0,0,0,0,0,0,0
8456337,506,0,2,0,0,0,0,0,0,0,0,0
8463561,507,0,2,0,0,0,0,0,0,0,0,0
8470785,508,0,2,0,0,0,0,0,0,0,0,0
8478009,509,0,2,0,0,0,0,0,0,0,0,0
8485233,510,0,2,0,0,0,0,0,0,0,0,0
8492457,511,0,2,0,0,0,0,0,0,0,0,0
8499681,512,0,2,0,0,0,0,0,0,0,0,0
8506905,513,0,2,0,0,0,0,0,0,0,0,0
8514129,514,0,2,0,0,0,0,0,0,0,0,0
8521353,515,0,2,0,0,0,0,0,0,0,0,0
8528577,516,0,2,0,0,0,0,0,0,0,0,0
8535801,517,0,2,0,0,0,0,0,0,0,0,0
8543025,518,0,2,0,0,0,0,0,0,0,0,0
8550249,519,0,2,0,0,0,0,0,0,0,0,0
8557473,520,0,2,0,0,0,0,0,0,0,0,0
8564697,521,0,2,0,0,0,0,0,0,0,0,0
8571921,522,0,2,0,0,0,0,0,0,0,0,0
8579145,523,0,2,0,0,0,0,0,0,0,0,0
8586369,524,0,2,0,0,0,0,0,0,0,0,0
8593593,525,0,2,0,0,0,0,0,0,0,0,0
8600817,526,0,2,0,0,0,0,0,0,0,0,0
8608041,527,0,2,0,0,0,0,0,0,0,0,0
8615265,528,0,2,0,0,0,0,0,0,0,0,0
8622489,529,0,2,0,0,0,0,0,0,0,0,0
8629713,530,0,2,0,0,0,0,0,0,0,0,0
8636938,531,0,2,0,0,0,0,0,0,0,0,0
8644161,532,0,2,0,0,0,0,0,0,0,0,0
8651385,533,0,2,0,0,0,0,0,0,0,0,0
8658609,534,0,2,0,0,0,0,0,0,0,0,0
8665833,535,0,2,0,0,0,0,0,0,0,0,0
8673057,536,0,2,0,0,0,0,0,0,0,0,0
8680281,537,0,2,0,0,0,0,0,0,0,0,0
8687505,538,0,2,0,0,0,0,0,0,0,0,0
8694729,539,0,2,0,0,0,0,0,0,0,0,0
8701953,540,0,2,0,0,0,0,0,0,0,0,0
8709177,541,0,2,0,0,0,0,0,0,0,0,0
8716401,542,0,2,0,0,0,0,0,0,0,0,0
8723625,543,0,2,0,0,0,0,0,0,0,0,0
8730849,544,0,2,0,0,0,0,0,0,0,0,0
8738073,545,0,2,0,0,0,0,0,0,0,0,0
8745297,546,0,2,0,0,0,0,0,0,0,0,0
8752521,547,0,2,0,0,0,0,0,0,0,0,0
8759745,548,0,2,0,0,0,0,0,0,0,0,0
8766969,549,0,2,0,0,0,0,0,0,0,0,0
8774193,550,0,2,0,0,0,0,0,0,0,0,0
8781418,551,0,2,0,0,0,0,0,0,0,0,0
8788641,552,0,2,0,0,0,0,0,0,0,0,0
8795865,553,0,2,0,0,0,0,0,0,0,0,0
8803089,554,0,2,0,0,0,0,0,0,0,0,0
8810313,555,0,2,0,0,0,0,0,0,0,0,0
8817537,556,0,2,0,0,0,0,0,0,0,0,0
8824761,557,0,2,0,0,0,0,0,0,0,0,0
8831985,558,0,2,0,0,0,0,0,0,0,0,0
8839209,559,0,2,0,0,0,0,0,0,0,0,0
8846433,560,0,2,0,0,0,0,0,0,0,0,0
8853657,561,0,2,0,0,0,0,0,0,0,0,0
8860881,562,0,2,0,0,0,0,0,0,0,0,0
8868105,563,0,2,0,0,0,0,0,0,0,0,0
8875329,564,0,2,0,0,0,0,0,0,0,0,0
8882553,565,0,2,0,0,0,0,0,0,0,0,0
8889777,566,0,2,0,0,0,0,0,0,0,0,0
8897001,567,0,2,0,0,0,0,0,0,0,0,0
8904225,568,0,2,0,0,0,0,0,0,0,0,0
8911449,569,0,2,0,0,0,0,0,0,0,0,0
8918673,570,0,2,0,0,0,0,0,0,0,0,0
8925897,571,0,2,0,0,0,0,0,0,0,0,0
8933121,572,0,2,0,0,0,0,0,0,0,0,0
8940345,573,0,2,0,0,0,0,0,0,0,0,0
8947569,574,0,2,0,0,0,0,0,0,0,0,0
8954793,575,0,2,0,0,0,0,0,0,0,0,0
8962018,576,0,2,0,0,0,0,0,0,0,0,0
8969241,577,0,2,0,0,0,0,0,0,0,0,0
8976465,578,0,2,0,0,0,0,0,0,0,0,0
8983689,579,0,2,0,0,0,0,0,0,0,0,0
8990913,580,0,2,0,0,0,0,0,0,0,0,0
8998138,581,0,2,0,0,0,0,0,0,0,0,0
9005361,582,0,2,0,0,0,0,0,0,0,0,0
9012585,583,0,2,0,0,0,0,0,0,0,0,0
9019809,584,0,2,0,0,0,0,0,0,0,0,0
9027033,585,0,2,0,0,0,0,0,0,0,0,0
9034258,586,0,2,0,0,0,0,0,0,0,0,0
9041481,587,0,2,0,0,0,0,0,0,0,0,0
9048705,588,0,2,0,0,0,0,0,0,0,0,0
9055929,589,0,2,0,0,0,0,0,0,0,0,0
9063153,590,0,2,0,0,0,0,0,0,0,0,0
9070378,591,0,2,0,0,0,0,0,0,0,0,0
9077601,592,0,2,0,0,0,0,0,0,0,0,0
9084825,593,0,2,0,0,0,0,0,0,0,0,0
9092049,594,0,2,0,0,0,0,0,0,0,0,0
9099273,595,0,2,0,0,0,0,0,0,0,0,0
9106497,596,0,2,0,0,0,0,0,0,0,0,0
9113721,597,0,2,0,0,0,0,0,0,0,0,0
9120945,598,0,2,0,0,0,0,0,0,0,0,0
9128169,599,0,2,0,0,0,0,0,0,0,0,0
9135393,600,0,2,0,0,0,0,0,0,0,0,0
9142618,601,0,2,0,0,0,0,0,0,0,0,0
9149841,602,0,2,0,0,0,0,0,0,0,0,0
9157065,603,0,2,0,0,0,0,0,0,0,0,0
9164289,604,0,2,0,0,0,0,0,0,0,0,0
9171513,605,0,2,0,0,0,0,0,0,0,0,0
9178737,606,0,2,0,0,0,0,0,0,0,0,0
9185961,607,0,2,0,0,0,0,0,0,0,0,0
9193185,608,0,2,0,0,0,0,0,0,0,0,0
9200409,609,0,2,0,0,0,0,0,0,0,0,0
9207633,610,0,2,0,0,0,0,0,0,0,0,0
9214858,611,0,2,0,0,0,0,0,0,0,0,0
9222081,612,0,2,0,0,0,0,0,0,0,0,0
9229305,613,0,2,0,0,0,0,0,0,0,0,0
9236529,614,0,2,0,0,0,0,0,0,0,0,0
9243753,615,0,2,0,0,0,0,0,0,0,0,0
9250977,616,0,2,0,0,0,0,0,0,0,0,0
9258201,617,0,2,0,0,0,0,0,0,0,0,0
9265425,618,0,2,0,0,0,0,0,0,0,0,0
9272649,619,0,2,0,0,0,0,0,0,0,0,0
9279873,620,0,2,0,0,0,0,0,0,0,0,0
9287097,621,0,2,0,0,0,0,0,0,0,0,0
9294321,622,0,2,0,0,0,0,0,0,0,0,0
9301545,623,0,2,0,0,0,0,0,0,0,0,0
9308769,624,0,2,0,0,0,0,0,0,0,0,0
9315993,625,0,2,0,0,0,0,0,0,0,0,0
9323217,626,0,2,0,0,0,0,0,0,0,0,0
9330441,627,0,2,0,0,0,0,0,0,0,0,0
9337665,628,0,2,0,0,0,0,0,0,0,0,0
9344889,629,0,2,0,0,0,0,0,0,0,0,0
9352113,630,0,2,0,0,0,0,0,0,0,0,0
9359337,631,0,2,0,0,0,0,0,0,0,0,0
9366561,632,0,2,0,0,0,0,0,0,0,0,0
9373785,633,0,2,0,0,0,0,0,0,0,0,0
9381010,634,0,2,0,0,0,0,0,0,0,0,0
9388233,635,0,2,0,0,0,0,0,0,0,0,0
9395457,636,0,2,0,0,0,0,0,0,0,0,0
9402681,637,0,2,0,0,0,0,0,0,0,0,0
9409905,638,0,2,0,0,0,0,0,0,0,0,0
9417129,639,0,2,0,0,0,0,0,0,0,0,0
9424353,640,0,2,0,0,0,0,0,0,0,0,0
9431578,641,0,2,0,0,0,0,0,0,0,0,0
9438801,642,0,2,0,0,0,0,0,0,0,0,0
9446025,643,0,2,0,0,0,0,0,0,0,0,0
9453249,644,0,2,0,0,0,0,0,0,0,0,0
9460473,645,0,2,0,0,0,0,0,0,0,0,0
9467697,646,0,2,0,0,0,0,0,0,0,0,0
9474921,647,0,2,0,0,0,0,0,0,0,0,0
9482145,648,0,2,0,0,0,0,0,0,0,0,0
9489369,649,0,2,0,0,0,0,0,0,0,0,0
9496593,650,0,2,0,0,0,0,0,0,0,0,0
9503818,651,0,2,0,0,0,0,0,0,0,0,0
9511041,652,0,2,0,0,0,0,0,0,0,0,0
9518265,653,0,2,0,0,0,0,0,0,0,0,0
9525489,654,0,2,0,0,0,0,0,0,0,0,0
9532713,655,0,2,0,0,0,0,0,0,0,0,0
9539937,656,0,2,0,0,0,0,0,0,0,0,0
9547161,657,0,2,0,0,0,0,0,0,0,0,0
9554385,658,0,2,0,0,0,0,0,0,0,0,0
9561609,659,0,2,0,0,0,0,0,0,0,0,0
9568833,660,0,2,0,0,0,0,0,0,0,0,0
9576058,661,0,2,0,0,0,0,0,0,0,0,0
9583281,662,0,2,0,0,0,0,0,0,0,0,0
9590505,663,0,2,0,0,0,0,0,0,0,0,0
9597729,664,0,2,0,0,0,0,0,0,0,0,0
9604953,665,0,2,0,0,0,0,0,0,0,0,0
9612177,666,0,2,0,0,0,0,0,0,0,0,0
9619401,667,0,2,0,0,0,0,0,0,0,0,0
9626625,668,0,2,0,0,0,0,0,0,0,0,0
9633849,669,0,2,0,0,0,0,0,0,0,0,0
9641073,670,0,2,0,0,0,0,0,0,0,0,0
9648297,671,0,2,0,0,0,0,0,0,0,0,0
9655521,672,0,2,0,0,0,0,0,0,0,0,0
9662745,673,0,2,0,0,0,0,0,0,0,0,0
9669969,674,0,2,0,0,0,0,0,0,0,0,0
9677193,675,0,2,0,0,0,0,0,0,0,0,0
9684417,676,0,2,0,0,0,0,0,0,0,0,0
9691641,677,0,2,0,0,0,0,0,0,0,0,0
9698865,678,0,2,0,0,0,0,0,0,0,0,0
9706089,679,0,2,0,0,0,0,0,0,0,0,0
9713313,680,0,2,0,0,0,0,0,0,0,0,0
9720537,681,0,2,0,0,0,0,0,0,0,0,0
9741754,682,0,2,0,0,0,0,0,0,0,0,0
9748966,683,0,2,0,0,0,0,0,0,0,0,0
9756190,684,0,2,0,0,0,0,0,0,0,0,0
9763414,685,0,2,0,0,0,0,0,0,0,0,0
9770638,686,0,2,0,0,0,0,0,0,0,0,0
9777862,687,0,2,0,0,0,0,0,0,0,0,0
9785086,688,0,2,0,0,0,0,0,0,0,0,0
9792310,689,0,2,0,0,0,0,0,0,0,0,0
9799534,690,0,2,0,0,0,0,0,0,0,0,0
9806758,691,0,2,0,0,0,0,0,0,0,0,0
9813982,692,0,2,0,0,0,0,0,0,0,0,0
9821206,693,0,2,0,0,0,0,0,0,0,0,0
9828430,694,0,2,0,0,0,0,0,0,0,0,0
9835654,695,0,2,0,0,0,0,0,0,0,0,0
9842878,696,0,2,0,0,0,0,0,0,0,0,0
9850102,697,0,2,0,0,0,0,0,0,0,0,0
9857326,698,0,2,0,0,0,0,0,0,0,0,0
9864550,699,0,2,0,0,0,0,0,0,0,0,0
9871774,700,0,2,0,0,0,0,0,0,0,0,0
9878998,701,0,2,0,0,0,0,0,0,0,0,0
9886222,702,0,2,0,0,0,0,0,0,0,0,0
9893446,703,0,2,0,0,0,0,0,0,0,0,0
9900670,704,0,2,0,0,0,0,0,0,0,0,0
9907894,705,0,2,0,0,0,0,0,0,0,0,0
9915118,706,0,2,0,0,0,0,0,0,0,0,0
9922342,707,0,2,0,0,0,0,0,0,0,0,0
9929566,708,0,2,0,0,0,0,0,0,0,0,0
9936790,709,0,2,0,0,0,0,0,0,0,0,0
9944014,710,0,2,0,0,0,0,0,0,0,0,0
9951238,711,0,2,0,0,0,0,0,0,0,0,0
9958462,712,0,2,0,0,0,0,0,0,0,0,0
9965686,713,0,2,0,0,0,0,0,0,0,0,0
9972910,714,0,2,0,0,0,0,0,0,0,0,0
9980134,715,0,2,0,0,0,0,0,0,0,0,0
9987358,716,0,2,0,0,0,0,0,0,0,0,0
9994582,717,0,2,0,0,0,0,0,0,0,0,0
10001806,718,0,2,0,0,0,0,0,0,0,0,0
10009030,719,0,2,0,0,0,0,0,0,0,0,0
10016254,720,0,2,0,0,0,0,0,0,0,0,0
10023479,721,0,2,0,0,0,0,0,0,0,0,0
10030702,722,0,2,0,0,0,0,0,0,0,0,0
10037926,723,0,2,0,0,0,0,0,0,0,0,0
10045150,724,0,2,0,0,0,0,0,0,0,0,0
10052374,725,0,2,0,0,0,0,0,0,0,0,0
10059598,726,0,2,0,0,0,0,0,0,0,0,0
10066822,727,0,2,0,0,0,0,0,0,0,0,0
10074046,728,0,2,0,0,0,0,0,0,0,0,0
10081270,729,0,2,0,0,0,0,0,0,0,0,0
10088494,730,0,2,0,0,0,0,0,0,0,0,0
10095718,731,0,2,0,0,0,0,0,0,0,0,0
10102942,732,0,2,0,0,0,0,0,0,0,0,0
10110166,733,0,2,0,0,0,0,0,0,0,0,0
10117390,734,0,2,0,0,0,0,0,0,0,0,0
10124614,735,0,2,0,0,0,0,0,0,0,0,0
10131838,736,0,2,0,0,0,0,0,0,0,0,0
10139062,737,0,2,0,0,0,0,0,0,0,0,0
10146286,738,0,2,0,0,0,0,0,0,0,0,0
10153510,739,0,2,0,0,0,0,0,0,0,0,0
10160734,740,0,2,0,0,0,0,0,0,0,0,0
10167959,741,0,2,0,0,0,0,0,0,0,0,0
10175182,742,0,2,0,0,0,0,0,0,0,0,0
10182406,743,0,2,0,0,0,0,0,0,0,0,0
10189630,744,0,2,0,0,0,0,0,0,0,0,0
10196854,745,0,2,0,0,0,0,0,0,0,0,0
10204078,746,0,2,0,0,0,0,0,0,0,0,0
10211302,747,0,2,0,0,0,0,0,0,0,0,0
10218526,748,0,2,0,0,0,0,0,0,0,0,0
10225750,749,0,2,0,0,0,0,0,0,0,0,0
10232974,750,0,2,0,0,0,0,0,0,0,0,0
10240198,751,0,2,0,0,0,0,0,0,0,0,0
10247422,752,0,2,0,0,0,0,0,0,0,0,0
10254646,753,0,2,0,0,0,0,0,0,0,0,0
10261870,754,0,2,0,0,0,0,0,0,0,0,0
10269094,755,0,2,0,0,0,0,0,0,0,0,0
10276318,756,0,2,0,0,0,0,0,0,0,0,0
10283542,757,0,2,0,0,0,0,0,0,0,0,0
10290766,758,0,2,0,0,0,0,0,0,0,0,0
10297990,759,0,2,0,0,0,0,0,0,0,0,0
10305214,760,0,2,0,0,0,0,0,0,0,0,0
10312439,761,0,2,0,0,0,0,0,0,0,0,0
10319662,762,0,2,0,0,0,0,0,0,0,0,0
10326886,763,0,2,0,0,0,0,0,0,0,0,0
10334110,764,0,2,0,0,0,0,0,0,0,0,0
10341334,765,0,2,0,0,0,0,0,0,0,0,0
10348558,766,0,2,0,0,0,0,0,0,0,0,0
10355782,767,0,2,0,0,0,0,0,0,0,0,0
10363006,768,0,2,0,0,0,0,0,0,0,0,0
10370230,769,0,2,0,0,0,0,0,0,0,0,0
10377454,770,0,2,0,0,0,0,0,0,0,0,0
10384678,771,0,2,0,0,0,0,0,0,0,0,0
10391902,772,0,2,0,0,0,0,0,0,0,0,0
10399126,773,0,2,0,0,0,0,0,0,0,0,0
10406350,774,0,2,0,0,0,0,0,0,0,0,0
10413574,775,0,2,0,0,0,0,0,0,0,0,0
10420798,776,0,2,0,0,0,0,0,0,0,0,0
10428023,777,0,2,0,0,0,0,0,0,0,0,0
10435246,778,0,2,0,0,0,0,0,0,0,0,0
10442470,779,0,2,0,0,0,0,0,0,0,0,0
10449694,780,0,2,0,0,0,0,0,0,0,0,0
10456918,781,0,2,0,0,0,0,0,0,0,0,0
10464142,782,0,2,0,0,0,0,0,0,0,0,0
10471366,783,0,2,0,0,0,0,0,0,0,0,0
10478590,784,0,2,0,0,0,0,0,0,0,0,0
10485814,785,0,2,0,0,0,0,0,0,0,0,0
10493038,786,0,2,0,0,0,0,0,0,0,0,0
10500262,787,0,2,0,0,0,0,0,0,0,0,0
10507486,788,0,2,0,0,0,0,0,0,0,0,0
10514710,789,0,2,0,0,0,0,0,0,0,0,0
10521934,790,0,2,0,0,0,0,0,0,0,0,0
10529158,791,0,2,0,0,0,0,0,0,0,0,0
10536382,792,0,2,0,0,0,0,0,0,0,0,0
10543606,793,0,2,0,0,0,0,0,0,0,0,0
10550830,794,0,2,0,0,0,0,0,0,0,0,0
10558054,795,0,2,0,0,0,0,0,0,0,0,0
10565278,796,0,2,0,0,0,0,0,0,0,0,0
10572502,797,0,2,0,0,0,0,0,0,0,0,0
10579726,798,0,2,0,0,0,0,0,0,0,0,0
10586950,799,0,2,0,0,0,0,0,0,0,0,0
10594174,800,0,2,0,0,0,0,0,0,0,0,0
10601399,801,0,2,0,0,0,0,0,0,0,0,0
10608622,802,0,2,0,0,0,0,0,0,0,0,0
10615846,803,0,2,0,0,0,0,0,0,0,0,0
10623070,804,0,2,0,0,0,0,0,0,0,0,0
10630294,805,0,2,0,0,0,0,0,0,0,0,0
10637518,806,0,2,0,0,0,0,0,0,0,0,0
10644742,807,0,2,0,0,0,0,0,0,0,0,0
10651966,808,0,2,0,0,0,0,0,0,0,0,0
10659190,809,0,2,0,0,0,0,0,0,0,0,0
10666414,810,0,2,0,0,0,0,0,0,0,0,0
10673638,811,0,2,0,0,0,0,0,0,0,0,0
10680862,812,0,2,0,0,0,0,0,0,0,0,0
10688086,813,0,2,0,0,0,0,0,0,0,0,0
10695310,814,0,2,0,0,0,0,0,0,0,0,0
10702534,815,0,2,0,0,0,0,0,0,0,0,0
10709758,816,0,2,0,0,0,0,0,0,0,0,0
10716982,817,0,2,0,0,0,0,0,0,0,0,0
10724206,818,0,2,0,0,0,0,0,0,0,0,0
10731430,819,0,2,0,0,0,0,0,0,0,0,0
10738654,820,0,2,0,0,0,0,0,0,0,0,0
10745878,821,0,2,0,0,0,0,0,0,0,0,0
10753102,822,0,2,0,0,0,0,0,0,0,0,0
10760326,823,0,2,0,0,0,0,0,0,0,0,0
10767550,824,0,2,0,0,0,0,0,0,0,0,0
10774774,825,0,2,0,0,0,0,0,0,0,0,0
10781998,826,0,2,0,0,0,0,0,0,0,0,0
10789222,827,0,2,0,0,0,0,0,0,0,0,0
10796446,828,0,2,0,0,0,0,0,0,0,0,0
10803670,829,0,2,0,0,0,0,0,0,0,0,0
10810894,830,0,2,0,0,0,0,0,0,0,0,0
10818118,831,0,2,0,0,0,0,0,0,0,0,0
10825342,832,0,2,0,0,0,0,0,0,0,0,0
10832566,833,0,2,0,0,0,0,0,0,0,0,0
10839790,834,0,2,0,0,0,0,0,0,0,0,0
10847014,835,0,2,0,0,0,0,0,0,0,0,0
10854238,836,0,2,0,0,0,0,0,0,0,0,0
10861462,837,0,2,0,0,0,0,0,0,0,0,0
10868686,838,0,2,0,0,0,0,0,0,0,0,0
10875910,839,0,2,0,0,0,0,0,0,0,0,0
10883134,840,0,2,0,0,0,0,0,0,0,0,0
10890359,841,0,2,0,0,0,0,0,0,0,0,0
10897582,842,0,2,0,0,0,0,0,0,0,0,0
10904806,843,0,2,0,0,0,0,0,0,0,0,0
10912030,844,0,2,0,0,0,0,0,0,0,0,0
10919254,845,0,2,0,0,0,0,0,0,0,0,0
10926478,846,0,2,0,0,0,0,0,0,0,0,0
10933702,847,0,2,0,0,0,0,0,0,0,0,0
10940926,848,0,2,0,0,0,0,0,0,0,0,0
10948150,849,0,2,0,0,0,0,0,0,0,0,0
10955374,850,0,2,0,0,0,0,0,0,0,0,0
10962599,851,0,2,0,0,0,0,0,0,0,0,0
10969822,852,0,2,0,0,0,0,0,0,0,0,0
10977046,853,0,2,0,0,0,0,0,0,0,0,0
10984270,854,0,2,0,0,0,0,0,0,0,0,0
10991494,855,0,2,0,0,0,0,0,0,0,0,0
10998718,856,0,2,0,0,0,0,0,0,0,0,0
11005942,857,0,2,0,0,0,0,0,0,0,0,0
11013166,858,0,2,0,0,0,0,0,0,0,0,0
11020391,859,0,2,0,0,0,0,0,0,0,0,0
11027614,860,0,2,0,0,0,0,0,0,0,0,0
11034838,861,0,2,0,0,0,0,0,0,0,0,0
11042063,862,0,2,0,0,0,0,0,0,0,0,0
11049286,863,0,2,0,0,0,0,0,0,0,0,0
11056510,864,0,2,0,0,0,0,0,0,0,0,0
11063734,865,0,2,0,0,0,0,0,0,0,0,0
11070958,866,0,2,0,0,0,0,0,0,0,0,0
11078182,867,0,2,0,0,0,0,0,0,0,0,0
11085406,868,0,2,0,0,0,0,0,0,0,0,0
11092630,869,0,2,0,0,0,0,0,0,0,0,0
11099854,870,0,2,0,0,0,0,0,0,0,0,0
11107078,871,0,2,0,0,0,0,0,0,0,0,0
11114302,872,0,2,0,0,0,0,0,0,0,0,0
11121526,873,0,2,0,0,0,0,0,0,0,0,0
11128750,874,0,2,0,0,0,0,0,0,0,0,0
11135974,875,0,2,0,0,0,0,0,0,0,0,0
11143198,876,0,2,0,0,0,0,0,0,0,0,0
11150422,877,0,2,0,0,0,0,0,0,0,0,0
11157646,878,0,2,0,0,0,0,0,0,0,0,0
11164870,879,0,2,0,0,0,0,0,0,0,0,0
11172094,880,0,2,0,0,0,0,0,0,0,0,0
11179319,881,0,2,0,0,0,0,0,0,0,0,0
11186542,882,0,2,0,0,0,0,0,0,0,0,0
11193766,883,0,2,0,0,0,0,0,0,0,0,0
11200990,884,0,2,0,0,0,0,0,0,0,0,0
11208214,885,0,2,0,0,0,0,0,0,0,0,0
11215438,886,0,2,0,0,0,0,0,0,0,0,0
11222662,887,0,2,0,0,0,0,0,0,0,0,0
11229886,888,0,2,0,0,0,0,0,0,0,0,0
11237110,889,0,2,0,0,0,0,0,0,0,0,0
11244334,890,0,2,0,0,0,0,0,0,0,0,0
11251558,891,0,2,0,0,0,0,0,0,0,0,0
11258782,892,0,2,0,0,0,0,0,0,0,0,0
11266006,893,0,2,0,0,0,0,0,0,0,0,0
11273230,894,0,2,0,0,0,0,0,0,0,0,0
11280454,895,0,2,0,0,0,0,0,0,0,0,0
11287678,896,0,2,0,0,0,0,0,0,0,0,0
11294902,897,0,2,0,0,0,0,0,0,0,0,0
11302126,898,0,2,0,0,0,0,0,0,0,0,0
11309350,899,0,2,0,0,0,0,0,0,0,0,0
11316574,900,0,2,0,0,0,0,0,0,0,0,0
11323798,901,0,2,0,0,0,0,0,0,0,0,0
11331023,902,0,2,0,0,0,0,0,0,0,0,0
11338246,903,0,2,0,0,0,0,0,0,0,0,0
11345470,904,0,2,0,0,0,0,0,0,0,0,0
11352694,905,0,2,0,0,0,0,0,0,0,0,0
11359918,906,0,2,0,0,0,0,0,0,0,0,0
11367142,907,0,2,0,0,0,0,0,0,0,0,0
11374366,908,0,2,0,0,0,0,0,0,0,0,0
11390005,909,0,2,0,0,0,0,0,0,0,0,0
11397217,910,0,2,0,0,0,0,0,0,0,0,0
11404442,911,0,2,0,0,0,0,0,0,0,0,0
11411665,912,0,2,0,0,0,0,0,0,0,0,0
11418889,913,0,2,0,0,0,0,0,0,0,0,0
11426113,914,0,2,0,0,0,0,0,0,0,0,0
11433337,915,0,2,0,0,0,0,0,0,0,0,0
11440561,916,0,2,0,0,0,0,0,0,0,0,0
11447785,917,0,2,0,0,0,0,0,0,0,0,0
11455010,918,0,2,0,0,0,0,0,0,0,0,0
11462233,919,0,2,0,0,0,0,0,0,0,0,0
11469457,920,0,2,0,0,0,0,0,0,0,0,0
11476682,921,0,2,0,0,0,0,0,0,0,0,0
11483905,922,0,2,0,0,0,0,0,0,0,0,0
11491129,923,0,2,0,0,0,0,0,0,0,0,0
11498353,924,0,2,0,0,0,0,0,0,0,0,0
11505577,925,0,2,0,0,0,0,0,0,0,0,0
11512801,926,0,2,0,0,0,0,0,0,0,0,0
11520025,927,0,2,0,0,0,0,0,0,0,0,0
11527249,928,0,2,0,0,0,0,0,0,0,0,0
11534473,929,0,2,0,0,0,0,0,0,0,0,0
11541697,930,0,2,0,0,0,0,0,0,0,0,0
11548922,931,0,2,0,0,0,0,0,0,0,0,0
11556145,932,0,2,0,0,0,0,0,0,0,0,0
11563369,933,0,2,0,0,0,0,0,0,0,0,0
11570593,934,0,2,0,0,0,0,0,0,0,0,0
11577817,935,0,2,0,0,0,0,0,0,0,0,0
11585041,936,0,2,0,0,0,0,0,0,0,0,0
11592265,937,0,2,0,0,0,0,0,0,0,0,0
11599489,938,0,2,0,0,0,0,0,0,0,0,0
11606713,939,0,2,0,0,0,0,0,0,0,0,0
11613937,940,0,2,0,0,0,0,0,0,0,0,0
11621161,941,0,2,0,0,0,0,0,0,0,0,0
11628385,942,0,2,0,0,0,0,0,0,0,0,0
11635609,943,0,2,0,0,0,0,0,0,0,0,0
11642833,944,0,2,0,0,0,0,0,0,0,0,0
11650057,945,0,2,0,0,0,0,0,0,0,0,0
11657281,946,0,2,0,0,0,0,0,0,0,0,0
11664505,947,0,2,0,0,0,0,0,0,0,0,0
11671729,948,0,2,0,0,0,0,0,0,0,0,0
11678953,949,0,2,0,0,0,0,0,0,0,0,0
11686177,950,0,2,0,0,0,0,0,0,0,0,0
11693402,951,0,2,0,0,0,0,0,0,0,0,0
11700625,952,0,2,0,0,0,0,0,0,0,0,0
11707849,953,0,2,0,0,0,0,0,0,0,0,0
11715073,954,0,2,0,0,0,0,0,0,0,0,0
11722297,955,0,2,0,0,0,0,0,0,0,0,0
11729521,956,0,2,0,0,0,0,0,0,0,0,0
11736745,957,0,2,0,0,0,0,0,0,0,0,0
11743969,958,0,2,0,0,0,0,0,0,0,0,0
11751193,959,0,2,0,0,0,0,0,0,0,0,0
11758417,960,0,2,0,0,0,0,0,0,0,0,0
11765642,961,0,2,0,0,0,0,0,0,0,0,0
11772865,962,0,2,0,0,0,0,0,0,0,0,0
11780089,963,0,2,0,0,0,0,0,0,0,0,0
11787313,964,0,2,0,0,0,0,0,0,0,0,0
11794537,965,0,2,0,0,0,0,0,0,0,0,0
11801761,966,0,2,0,0,0,0,0,0,0,0,0
11808985,967,0,2,0,0,0,0,0,0,0,0,0
11816209,968,0,2,0,0,0,0,0,0,0,0,0
11823433,969,0,2,0,0,0,0,0,0,0,0,0
11830657,970,0,2,0,0,0,0,0,0,0,0,0
11837882,971,0,2,0,0,0,0,0,0,0,0,0
11845105,972,0,2,0,0,0,0,0,0,0,0,0
11852329,973,0,2,0,0,0,0,0,0,0,0,0
11859553,974,0,2,0,0,0,0,0,0,0,0,0
11866777,975,0,2,0,0,0,0,0,0,0,0,0
11874001,976,0,2,0,0,0,0,0,0,0,0,0
11881225,977,0,2,0,0,0,0,0,0,0,0,0
11888449,978,0,2,0,0,0,0,0,0,0,0,0
11895673,979,0,2,0,0,0,0,0,0,0,0,0
11902897,980,0,2,0,0,0,0,0,0,0,0,0
11910121,981,0,2,0,0,0,0,0,0,0,0,0
11917345,982,0,2,0,0,0,0,0,0,0,0,0
11924569,983,0,2,0,0,0,0,0,0,0,0,0
11931793,984,0,2,0,0,0,0,0,0,0,0,0
11939018,985,0,2,0,0,0,0,0,0,0,0,0
11946241,986,0,2,0,0,0,0,0,0,0,0,0
11953465,987,0,2,0,0,0,0,0,0,0,0,0
11960689,988,0,2,0,0,0,0,0,0,0,0,0
11967913,989,0,2,0,0,0,0,0,0,0,0,0
11975137,990,0,2,0,0,0,0,0,0,0,0,0
11982362,991,0,2,0,0,0,0,0,0,0,0,0
11989585,992,0,2,0,0,0,0,0,0,0,0,0
11996809,993,0,2,0,0,0,0,0,0,0,0,0
12004033,994,0,2,0,0,0,0,0,0,0,0,0
12011257,995,0,2,0,0,0,0,0,0,0,0,0
12018481,996,0,2,0,0,0,0,0,0,0,0,0
12025705,997,0,2,0,0,0,0,0,0,0,0,0
12032929,998,0,2,0,0,0,0,0,0,0,0,0
12040153,999,0,2,0,0,0,0,0,0,0,0,0
12047377,1000,0,2,0,0,0,0,0,0,0,0,0
12054601,1001,0,2,0,0,0,0,0,0,0,0,0
12061825,1002,0,2,0,0,0,0,0,0,0,0,0
12069049,1003,0,2,0,0,0,0,0,0,0,0,0
12076273,1004,0,2,0,0,0,0,0,0,0,0,0
12083497,1005,0,2,0,0,0,0,0,0,0,0,0
12090721,1006,0,2,0,0,0,0,0,0,0,0,0
12097945,1007,0,2,0,0,0,0,0,0,0,0,0
12105169,1008,0,2,0,0,0,0,0,0,0,0,0
12112393,1009,0,2,0,0,0,0,0,0,0,0,0
12119617,1010,0,2,0,0,0,0,0,0,0,0,0
12126842,1011,0,2,0,0,0,0,0,0,0,0,0
12134065,1012,0,2,0,0,0,0,0,0,0,0,0
12141289,1013,0,2,0,0,0,0,0,0,0,0,0
12148513,1014,0,2,0,0,0,0,0,0,0,0,0
12155737,1015,0,2,0,0,0,0,0,0,0,0,0
12162961,1016,0,2,0,0,0,0,0,0,0,0,0
12170185,1017,0,2,0,0,0,0,0,0,0,0,0
12177409,1018,0,2,0,0,0,0,0,0,0,0,0
12184633,1019,0,2,0,0,0,0,0,0,0,0,0
12191857,1020,0,2,0,0,0,0,0,0,0,0,0
12199081,1021,0,2,0,0,0,0,0,0,0,0,0
12206305,1022,0,2,0,0,0,0,0,0,0,0,0
12213529,1023,0,2,0,0,0,0,0,0,0,0,0
12220753,1024,0,2,0,0,0,0,0,0,0,0,0
12227977,1025,0,2,0,0,0,0,0,0,0,0,0
12235201,1026,0,2,0,0,0,0,0,0,0,0,0
12242425,1027,0,2,0,0,0,0,0,0,0,0,0
12249649,1028,0,2,0,0,0,0,0,0,0,0,0
12256873,1029,0,2,0,0,0,0,0,0,0,0,0
12264097,1030,0,2,0,0,0,0,0,0,0,0,0
12271322,1031,0,2,0,0,0,0,0,0,0,0,0
12278545,1032,0,2,0,0,0,0,0,0,0,0,0
12285769,1033,0,2,0,0,0,0,0,0,0,0,0
12292993,1034,0,2,0,0,0,0,0,0,0,0,0
12300217,1035,0,2,0,0,0,0,0,0,0,0,0
12307441,1036,0,2,0,0,0,0,0,0,0,0,0
12314665,1037,0,2,0,0,0,0,0,0,0,0,0
12321889,1038,0,2,0,0,0,0,0,0,0,0,0
12329113,1039,0,2,0,0,0,0,0,0,0,0,0
12336337,1040,0,2,0,0,0,0,0,0,0,0,0
12343561,1041,0,2,0,0,0,0,0,0,0,0,0
12350785,1042,0,2,0,0,0,0,0,0,0,0,0
12358009,1043,0,2,0,0,0,0,0,0,0,0,0
12365233,1044,0,2,0,0,0,0,0,0,0,0,0
12372457,1045,0,2,0,0,0,0,0,0,0,0,0
12379681,1046,0,2,0,0,0,0,0,0,0,0,0
12386905,1047,0,2,0,0,0,0,0,0,0,0,0
12394129,1048,0,2,0,0,0,0,0,0,0,0,0
12401353,1049,0,2,0,0,0,0,0,0,0,0,0
12408577,1050,0,2,0,0,0,0,0,0,0,0,0
12415802,1051,0,2,0,0,0,0,0,0,0,0,0
12423025,1052,0,2,0,0,0,0,0,0,0,0,0
12430249,1053,0,2,0,0,0,0,0,0,0,0,0
12437473,1054,0,2,0,0,0,0,0,0,0,0,0
12444697,1055,0,2,0,0,0,0,0,0,0,0,0
12451921,1056,0,2,0,0,0,0,0,0,0,0,0
12459145,1057,0,2,0,0,0,0,0,0,0,0,0
12466369,1058,0,2,0,0,0,0,0,0,0,0,0
12473593,1059,0,2,0,0,0,0,0,0,0,0,0
12480817,1060,0,2,0,0,0,0,0,0,0,0,0
12488042,1061,0,2,0,0,0,0,0,0,0,0,0
12495265,1062,0,2,0,0,0,0,0,0,0,0,0
12502489,1063,0,2,0,0,0,0,0,0,0,0,0
12509713,1064,0,2,0,0,0,0,0,0,0,0,0
12516937,1065,0,2,0,0,0,0,0,0,0,0,0
12524161,1066,0,2,0,0,0,0,0,0,0,0,0
12531385,1067,0,2,0,0,0,0,0,0,0,0,0
12538609,1068,0,2,0,0,0,0,0,0,0,0,0
12545833,1069,0,2,0,0,0,0,0,0,0,0,0
12553057,1070,0,2,0,0,0,0,0,0,0,0,0
12560282,1071,0,2,0,0,0,0,0,0,0,0,0
12567505,1072,0,2,0,0,0,0,0,0,0,0,0
12574729,1073,0,2,0,0,0,0,0,0,0,0,0
12581953,1074,0,2,0,0,0,0,0,0,0,0,0
12589177,1075,0,2,0,0,0,0,0,0,0,0,0
12596401,1076,0,2,0,0,0,0,0,0,0,0,0
12603625,1077,0,2,0,0,0,0,0,0,0,0,0
12610849,1078,0,2,0,0,0,0,0,0,0,0,0
12618073,1079,0,2,0,0,0,0,0,0,0,0,0
12625297,1080,0,2,0,0,0,0,0,0,0,0,0
12632521,1081,0,2,0,0,0,0,0,0,0,0,0
12639745,1082,0,2,0,0,0,0,0,0,0,0,0
12646969,1083,0,2,0,0,0,0,0,0,0,0,0
12654193,1084,0,2,0,0,0,0,0,0,0,0,0
12661417,1085,0,2,0,0,0,0,0,0,0,0,0
12668641,1086,0,2,0,0,0,0,0,0,0,0,0
12675865,1087,0,2,0,0,0,0,0,0,0,0,0
12683089,1088,0,2,0,0,0,0,0,0,0,0,0
12690313,1089,0,2,0,0,0,0,0,0,0,0,0
12697537,1090,0,2,0,0,0,0,0,0,0,0,0
12704762,1091,0,2,0,0,0,0,0,0,0,0,0
12711985,1092,0,2,0,0,0,0,0,0,0,0,0
12719209,1093,0,2,0,0,0,0,0,0,0,0,0
12726433,1094,0,2,0,0,0,0,0,0,0,0,0
12733657,1095,0,2,0,0,0,0,0,0,0,0,0
12740881,1096,0,2,0,0,0,0,0,0,0,0,0
12748105,1097,0,2,0,0,0,0,0,0,0,0,0
12755329,1098,0,2,0,0,0,0,0,0,0,0,0
12762553,1099,0,2,0,0,0,0,0,0,0,0,0
12769777,1100,0,2,0,0,0,0,0,0,0,0,0
12777002,1101,0,2,0,0,0,0,0,0,0,0,0
12784225,1102,0,2,0,0,0,0,0,0,0,0,0
12791449,1103,0,2,0,0,0,0,0,0,0,0,0
12798673,1104,0,2,0,0,0,0,0,0,0,0,0
12805897,1105,0,2,0,0,0,0,0,0,0,0,0
12813121,1106,0,2,0,0,0,0,0,0,0,0,0
12820345,1107,0,2,0,0,0,0,0,0,0,0,0
12827569,1108,0,2,0,0,0,0,0,0,0,0,0
12834793,1109,0,2,0,0,0,0,0,0,0,0,0
12842017,1110,0,2,0,0,0,0,0,0,0,0,0
12849241,1111,0,2,0,0,0,0,0,0,0,0,0
12856465,1112,0,2,0,0,0,0,0,0,0,0,0
12863689,1113,0,2,0,0,0,0,0,0,0,0,0
12870913,1114,0,2,0,0,0,0,0,0,0,0,0
12878137,1115,0,2,0,0,0,0,0,0,0,0,0
12885361,1116,0,2,0,0,0,0,0,0,0,0,0
12892585,1117,0,2,0,0,0,0,0,0,0,0,0
12899809,1118,0,2,0,0,0,0,0,0,0,0,0
12907033,1119,0,2,0,0,0,0,0,0,0,0,0
12914257,1120,0,2,0,0,0,0,0,0,0,0,0
12921481,1121,0,2,0,0,0,0,0,0,0,0,0
12928705,1122,0,2,0,0,0,0,0,0,0,0,0
12935929,1123,0,2,0,0,0,0,0,0,0,0,0
12943153,1124,0,2,0,0,0,0,0,0,0,0,0
12950377,1125,0,2,0,0,0,0,0,0,0,0,0
12957601,1126,0,2,0,0,0,0,0,0,0,0,0
12964825,1127,0,2,0,0,0,0,0,0,0,0,0
12972049,1128,0,2,0,0,0,0,0,0,0,0,0
12979273,1129,0,2,0,0,0,0,0,0,0,0,0
12986497,1130,0,2,0,0,0,0,0,0,0,0,0
12993721,1131,0,2,0,0,0,0,0,0,0,0,0
13000945,1132,0,2,0,0,0,0,0,0,0,0,0
13008169,1133,0,2,0,0,0,0,0,0,0,0,0
13015394,1134,0,2,0,0,0,0,0,0,0,0,0
13022617,1135,0,2,0,0,0,0,0,0,0,0,0
13043974,1136,0,2,0,0,0,0,0,0,0,0,0
13051186,1137,0,2,0,0,0,0,0,0,0,0,0
13058410,1138,0,2,0,0,0,0,0,0,0,0,0
13065634,1139,0,2,0,0,0,0,0,0,0,0,0
13072858,1140,0,2,0,0,0,0,0,0,0,0,0
13080083,1141,0,2,0,0,0,0,0,0,0,0,0
13087306,1142,0,2,0,0,0,0,0,0,0,0,0
13094530,1143,0,2,0,0,0,0,0,0,0,0,0
13101754,1144,0,2,0,0,0,0,0,0,0,0,0
13108978,1145,0,2,0,0,0,0,0,0,0,0,0
13116202,1146,0,2,0,0,0,0,0,0,0,0,0
13123426,1147,0,2,0,0,0,0,0,0,0,0,0
13130650,1148,0,2,0,0,0,0,0,0,0,0,0
13137874,1149,0,2,0,0,0,0,0,0,0,0,0
13145098,1150,0,2,0,0,0,0,0,0,0,0,0
13152322,1151,0,2,0,0,0,0,0,0,0,0,0
13159546,1152,0,2,0,0,0,0,0,0,0,0,0
13166770,1153,0,2,0,0,0,0,0,0,0,0,0
13173994,1154,0,2,0,0,0,0,0,0,0,0,0
13181218,1155,0,2,0,0,0,0,0,0,0,0,0
13188442,1156,0,2,0,0,0,0,0,0,0,0,0
13195666,1157,0,2,0,0,0,0,0,0,0,0,0
13202890,1158,0,2,0,0,0,0,0,0,0,0,0
13210114,1159,0,2,0,0,0,0,0,0,0,0,0
13217338,1160,0,2,0,0,0,0,0,0,0,0,0
13224563,1161,0,2,0,0,0,0,0,0,0,0,0
13231786,1162,0,2,0,0,0,0,0,0,0,0,0
13239010,1163,0,2,0,0,0,0,0,0,0,0,0
13246234,1164,0,2,0,0,0,0,0,0,0,0,0
13253458,1165,0,2,0,0,0,0,0,0,0,0,0
13260682,1166,0,2,0,0,0,0,0,0,0,0,0
13267906,1167,0,2,0,0,0,0,0,0,0,0,0
13275130,1168,0,2,0,0,0,0,0,0,0,0,0
13282354,1169,0,2,0,0,0,0,0,0,0,0,0
13289578,1170,0,2,0,0,0,0,0,0,0,0,0
13296802,1171,0,2,0,0,0,0,0,0,0,0,0
13304026,1172,0,2,0,0,0,0,0,0,0,0,0
13311250,1173,0,2,0,0,0,0,0,0,0,0,0
13318474,1174,0,2,0,0,0,0,0,0,0,0,0
13325698,1175,0,2,0,0,0,0,0,0,0,0,0
13332922,1176,0,2,0,0,0,0,0,0,0,0,0
13340146,1177,0,2,0,0,0,0,0,0,0,0,0
13347370,1178,0,2,0,0,0,0,0,0,0,0,0
13354594,1179,0,2,0,0,0,0,0,0,0,0,0
13361818,1180,0,2,0,0,0,0,0,0,0,0,0
13369042,1181,0,2,0,0,0,0,0,0,0,0,0
13376266,1182,0,2,0,0,0,0,0,0,0,0,0
13383490,1183,0,2,0,0,0,0,0,0,0,0,0
13390714,1184,0,2,0,0,0,0,0,0,0,0,0
13397938,1185,0,2,0,0,0,0,0,0,0,0,0
13405162,1186,0,2,0,0,0,0,0,0,0,0,0
13412386,1187,0,2,0,0,0,0,0,0,0,0,0
13419610,1188,0,2,0,0,0,0,0,0,0,0,0
13426834,1189,0,2,0,0,0,0,0,0,0,0,0
13434058,1190,0,2,0,0,0,0,0,0,0,0,0
13441282,1191,0,2,0,0,0,0,0,0,0,0,0
13448506,1192,0,2,0,0,0,0,0,0,0,0,0
13455730,1193,0,2,0,0,0,0,0,0,0,0,0
13462954,1194,0,2,0,0,0,0,0,0,0,0,0
13470178,1195,0,2,0,0,0,0,0,0,0,0,0
13477402,1196,0,2,0,0,0,0,0,0,0,0,0
13484626,1197,0,2,0,0,0,0,0,0,0,0,0
13491850,1198,0,2,0,0,0,0,0,0,0,0,0
13499075,1199,0,2,0,0,0,0,0,0,0,0,0
13506298,1200,0,2,0,0,0,0,0,0,0,0,0
13513522,1201,0,2,0,0,0,0,0,0,0,0,0
13520746,1202,0,2,0,0,0,0,0,0,0,0,0
13527970,1203,0,2,0,0,0,0,0,0,0,0,0
13535194,1204,0,2,0,0,0,0,0,0,0,0,0
13542418,1205,0,2,0,0,0,0,0,0,0,0,0
13549642,1206,0,2,0,0,0,0,0,0,0,0,0
13556866,1207,0,2,0,0,0,0,0,0,0,0,0
13564090,1208,0,2,0,0,0,0,0,0,0,0,0
13571314,1209,0,2,0,0,0,0,0,0,0,0,0
13578538,1210,0,2,0,0,0,0,0,0,0,0,0
13585762,1211,0,2,0,0,0,0,0,0,0,0,0
13592986,1212,0,2,0,0,0,0,0,0,0,0,0
13600210,1213,0,2,0,0,0,0,0,0,0,0,0
13607434,1214,0,2,0,0,0,0,0,0,0,0,0
13614658,1215,0,2,0,0,0,0,0,0,0,0,0
13621882,1216,0,2,0,0,0,0,0,0,0,0,0
13629106,1217,0,2,0,0,0,0,0,0,0,0,0
13636330,1218,0,2,0,0,0,0,0,0,0,0,0
13643554,1219,0,2,0,0,0,0,0,0,0,0,0
13650778,1220,0,2,0,0,0,0,0,0,0,0,0
13658002,1221,0,2,0,0,0,0,0,0,0,0,0
13665226,1222,0,2,0,0,0,0,0,0,0,0,0
13672450,1223,0,2,0,0,0,0,0,0,0,0,0
13679674,1224,0,2,0,0,0,0,0,0,0,0,0
13686898,1225,0,2,0,0,0,0,0,0,0,0,0
13694122,1226,0,2,0,0,0,0,0,0,0,0,0
13701346,1227,0,2,0,0,0,0,0,0,0,0,0
13708570,1228,0,2,0,0,0,0,0,0,0,0,0
13715794,1229,0,2,0,0,0,0,0,0,0,0,0
13723018,1230,0,2,0,0,0,0,0,0,0,0,0
13730243,1231,0,2,0,0,0,0,0,0,0,0,0
13737466,1232,0,2,0,0,0,0,0,0,0,0,0
13744690,1233,0,2,0,0,0,0,0,0,0,0,0
13751914,1234,0,2,0,0,0,0,0,0,0,0,0
13759138,1235,0,2,0,0,0,0,0,0,0,0,0
13766362,1236,0,2,0,0,0,0,0,0,0,0,0
13773586,1237,0,2,0,0,0,0,0,0,0,0,0
13780810,1238,0,2,0,0,0,0,0,0,0,0,0
13788035,1239,0,2,0,0,0,0,0,0,0,0,0
13795258,1240,0,2,0,0,0,0,0,0,0,0,0
13802483,1241,0,2,0,0,0,0,0,0,0,0,0
13809706,1242,0,2,0,0,0,0,0,0,0,0,0
13816930,1243,0,2,0,0,0,0,0,0,0,0,0
13824154,1244,0,2,0,0,0,0,0,0,0,0,0
13831378,1245,0,2,0,0,0,0,0,0,0,0,0
13838602,1246,0,2,0,0,0,0,0,0,0,0,0
13845826,1247,0,2,0,0,0,0,0,0,0,0,0
13853050,1248,0,2,0,0,0,0,0,0,0,0,0
13860274,1249,0,2,0,0,0,0,0,0,0,0,0
13867498,1250,0,2,0,0,0,0,0,0,0,0,0
13874723,1251,0,2,0,0,0,0,0,0,0,0,0
13881946,1252,0,2,0,0,0,0,0,0,0,0,0
13889170,1253,0,2,0,0,0,0,0,0,0,0,0
13896394,1254,0,2,0,0,0,0,0,0,0,0,0
13903618,1255,0,2,0,0,0,0,0,0,0,0,0
13910842,1256,0,2,0,0,0,0,0,0,0,0,0
13918066,1257,0,2,0,0,0,0,0,0,0,0,0
13925290,1258,0,2,0,0,0,0,0,0,0,0,0
13932514,1259,0,2,0,0,0,0,0,0,0,0,0
13939738,1260,0,2,0,0,0,0,0,0,0,0,0
13946962,1261,0,2,0,0,0,0,0,0,0,0,0
13954186,1262,0,2,0,0,0,0,0,0,0,0,0
13961410,1263,0,2,0,0,0,0,0,0,0,0,0
13968634,1264,0,2,0,0,0,0,0,0,0,0,0
13975858,1265,0,2,0,0,0,0,0,0,0,0,0
13983082,1266,0,2,0,0,0,0,0,0,0,0,0
13990306,1267,0,2,0,0,0,0,0,0,0,0,0
13997530,1268,0,2,0,0,0,0,0,0,0,0,0
14004754,1269,0,2,0,0,0,0,0,0,0,0,0
14011978,1270,0,2,0,0,0,0,0,0,0,0,0
14019202,1271,0,2,0,0,0,0,0,0,0,0,0
14026426,1272,0,2,0,0,0,0,0,0,0,0,0
14033650,1273,0,2,0,0,0,0,0,0,0,0,0
14040874,1274,0,2,0,0,0,0,0,0,0,0,0
14048098,1275,0,2,0,0,0,0,0,0,0,0,0
14055322,1276,0,2,0,0,0,0,0,0,0,0,0
14062546,1277,0,2,0,0,0,0,0,0,0,0,0
14069770,1278,0,2,0,0,0,0,0,0,0,0,0
14076994,1279,0,2,0,0,0,0,0,0,0,0,0
14084218,1280,0,2,0,0,0,0,0,0,0,0,0
14091443,1281,0,2,0,0,0,0,0,0,0,0,0
14098666,1282,0,2,0,0,0,0,0,0,0,0,0
14105890,1283,0,2,0,0,0,0,0,0,0,0,0
14113114,1284,0,2,0,0,0,0,0,0,0,0,0
14120338,1285,0,2,0,0,0,0,0,0,0,0,0
14127562,1286,0,2,0,0,0,0,0,0,0,0,0
14134786,1287,0,2,0,0,0,0,0,0,0,0,0
14142010,1288,0,2,0,0,0,0,0,0,0,0,0
14149234,1289,0,2,0,0,0,0,0,0,0,0,0
14156458,1290,0,2,0,0,0,0,0,0,0,0,0
14163682,1291,0,2,0,0,0,0,0,0,0,0,0
14170906,1292,0,2,0,0,0,0,0,0,0,0,0
14178130,1293,0,2,0,0,0,0,0,0,0,0,0
14185354,1294,0,2,0,0,0,0,0,0,0,0,0
14192578,1295,0,2,0,0,0,0,0,0,0,0,0
14199802,1296,0,2,0,0,0,0,0,0,0,0,0
14207026,1297,0,2,0,0,0,0,0,0,0,0,0
14214250,1298,0,2,0,0,0,0,0,0,0,0,0
14221474,1299,0,2,0,0,0,0,0,0,0,0,0
14228698,1300,0,2,0,0,0,0,0,0,0,0,0
14235922,1301,0,2,0,0,0,0,0,0,0,0,0
14243146,1302,0,2,0,0,0,0,0,0,0,0,0
14250370,1303,0,2,0,0,0,0,0,0,0,0,0
14257594,1304,0,2,0,0,0,0,0,0,0,0,0
14264818,1305,0,2,0,0,0,0,0,0,0,0,0
14272042,1306,0,2,0,0,0,0,0,0,0,0,0
14279266,1307,0,2,0,0,0,0,0,0,0,0,0
14286490,1308,0,2,0,0,0,0,0,0,0,0,0
14293714,1309,0,2,0,0,0,0,0,0,0,0,0
14300938,1310,0,2,0,0,0,0,0,0,0,0,0
14308162,1311,0,2,0,0,0,0,0,0,0,0,0
14315386,1312,0,2,0,0,0,0,0,0,0,0,0
14322610,1313,0,2,0,0,0,0,0,0,0,0,0
14329834,1314,0,2,0,0,0,0,0,0,0,0,0
14337058,1315,0,2,0,0,0,0,0,0,0,0,0
14344282,1316,0,2,0,0,0,0,0,0,0,0,0
14351506,1317,0,2,0,0,0,0,0,0,0,0,0
14358730,1318,0,2,0,0,0,0,0,0,0,0,0
14365954,1319,0,2,0,0,0,0,0,0,0,0,0
14373178,1320,0,2,0,0,0,0,0,0,0,0,0
14380403,1321,0,2,0,0,0,0,0,0,0,0,0
14387626,1322,0,2,0,0,0,0,0,0,0,0,0
14394850,1323,0,2,0,0,0,0,0,0,0,0,0
14402075,1324,0,2,0,0,0,0,0,0,0,0,0
14409298,1325,0,2,0,0,0,0,0,0,0,0,0
14416522,1326,0,2,0,0,0,0,0,0,0,0,0
14423746,1327,0,2,0,0,0,0,0,0,0,0,0
14430970,1328,0,2,0,0,0,0,0,0,0,0,0
14438194,1329,0,2,0,0,0,0,0,0,0,0,0
14445418,1330,0,2,0,0,0,0,0,0,0,0,0
14452642,1331,0,2,0,0,0,0,0,0,0,0,0
14459866,1332,0,2,0,0,0,0,0,0,0,0,0
14467090,1333,0,2,0,0,0,0,0,0,0,0,0
14474314,1334,0,2,0,0,0,0,0,0,0,0,0
14481538,1335,0,2,0,0,0,0,0,0,0,0,0
14488762,1336,0,2,0,0,0,0,0,0,0,0,0
14495986,1337,0,2,0,0,0,0,0,0,0,0,0
14503210,1338,0,2,0,0,0,0,0,0,0,0,0
14510434,1339,0,2,0,0,0,0,0,0,0,0,0
14517658,1340,0,2,0,0,0,0,0,0,0,0,0
14524882,1341,0,2,0,0,0,0,0,0,0,0,0
14532106,1342,0,2,0,0,0,0,0,0,0,0,0
14539330,1343,0,2,0,0,0,0,0,0,0,0,0
14546554,1344,0,2,0,0,0,0,0,0,0,0,0
14553778,1345,0,2,0,0,0,0,0,0,0,0,0
14561002,1346,0,2,0,0,0,0,0,0,0,0,0
14568226,1347,0,2,0,0,0,0,0,0,0,0,0
14575450,1348,0,2,0,0,0,0,0,0,0,0,0
14582674,1349,0,2,0,0,0,0,0,0,0,0,0
14589898,1350,0,2,0,0,0,0,0,0,0,0,0
14597122,1351,0,2,0,0,0,0,0,0,0,0,0
14604346,1352,0,2,0,0,0,0,0,0,0,0,0
14611570,1353,0,2,0,0,0,0,0,0,0,0,0
14618794,1354,0,2,0,0,0,0,0,0,0,0,0
14626018,1355,0,2,0,0,0,0,0,0,0,0,0
14633242,1356,0,2,0,0,0,0,0,0,0,0,0
14640466,1357,0,2,0,0,0,0,0,0,0,0,0
14647690,1358,0,2,0,0,0,0,0,0,0,0,0
14654914,1359,0,2,0,0,0,0,0,0,0,0,0
14662138,1360,0,2,0,0,0,0,0,0,0,0,0
14669363,1361,0,2,0,0,0,0,0,0,0,0,0
14676586,1362,0,2,0,0,0,0,0,0,0,0,0
14691828,1363,0,2,0,0,0,0,0,0,0,0,0
14699041,1364,0,2,0,0,0,0,0,0,0,0,0
14706265,1365,0,2,0,0,0,0,0,0,0,0,0
14713488,1366,0,2,0,0,0,0,0,0,0,0,0
14720712,1367,0,2,0,0,0,0,0,0,0,0,0
14727936,1368,0,2,0,0,0,0,0,0,0,0,0
14735160,1369,0,2,0,0,0,0,0,0,0,0,0
14742384,1370,0,2,0,0,0,0,0,0,0,0,0
14749608,1371,0,2,0,0,0,0,0,0,0,0,0
14756832,1372,0,2,0,0,0,0,0,0,0,0,0
14764057,1373,0,2,0,0,0,0,0,0,0,0,0
14771280,1374,0,2,0,0,0,0,0,0,0,0,0
14778504,1375,0,2,0,0,0,0,0,0,0,0,0
14785728,1376,0,2,0,0,0,0,0,0,0,0,0
14792952,1377,0,2,0,0,0,0,0,0,0,0,0
14800176,1378,0,2,0,0,0,0,0,0,0,0,0
14807400,1379,0,2,0,0,0,0,0,0,0,0,0
14814624,1380,0,2,0,0,0,0,0,0,0,0,0
14821849,1381,0,2,0,0,0,0,0,0,0,0,0
14829072,1382,0,2,0,0,0,0,0,0,0,0,0
14836296,1383,0,2,0,0,0,0,0,0,0,0,0
14843520,1384,0,2,0,0,0,0,0,0,0,0,0
14850744,1385,0,2,0,0,0,0,0,0,0,0,0
14857968,1386,0,2,0,0,0,0,0,0,0,0,0
14865192,1387,0,2,0,0,0,0,0,0,0,0,0
14872416,1388,0,2,0,0,0,0,0,0,0,0,0
14879640,1389,0,2,0,0,0,0,0,0,0,0,0
14886864,1390,0,2,0,0,0,0,0,0,0,0,0
14894088,1391,0,2,0,0,0,0,0,0,0,0,0
14901312,1392,0,2,0,0,0,0,0,0,0,0,0
14908536,1393,0,2,0,0,0,0,0,0,0,0,0
14915760,1394,0,2,0,0,0,0,0,0,0,0,0
14922984,1395,0,2,0,0,0,0,0,0,0,0,0
14930208,1396,0,2,0,0,0,0,0,0,0,0,0
14937432,1397,0,2,0,0,0,0,0,0,0,0,0
14944656,1398,0,2,0,0,0,0,0,0,0,0,0
14951880,1399,0,2,0,0,0,0,0,0,0,0,0
14959104,1400,0,2,0,0,0,0,0,0,0,0,0
14966329,1401,0,2,0,0,0,0,0,0,0,0,0
14973552,1402,0,2,0,0,0,0,0,0,0,0,0
14980776,1403,0,2,0,0,0,0,0,0,0,0,0
14988000,1404,0,2,0,0,0,0,0,0,0,0,0
14995224,1405,0,2,0,0,0,0,0,0,0,0,0
15002448,1406,0,2,0,0,0,0,0,0,0,0,0
15009672,1407,0,2,0,0,0,0,0,0,0,0,0
15016896,1408,0,2,0,0,0,0,0,0,0,0,0
15024120,1409,0,2,0,0,0,0,0,0,0,0,0
15031344,1410,0,2,0,0,0,0,0,0,0,0,0
15038568,1411,0,2,0,0,0,0,0,0,0,0,0
15045792,1412,0,2,0,0,0,0,0,0,0,0,0
15053016,1413,0,2,0,0,0,0,0,0,0,0,0
15060240,1414,0,2,0,0,0,0,0,0,0,0,0
15067464,1415,0,2,0,0,0,0,0,0,0,0,0
15074688,1416,0,2,0,0,0,0,0,0,0,0,0
15081912,1417,0,2,0,0,0,0,0,0,0,0,0
15089136,1418,0,2,0,0,0,0,0,0,0,0,0
15096360,1419,0,2,0,0,0,0,0,0,0,0,0
15103584,1420,0,2,0,0,0,0,0,0,0,0,0
15110809,1421,0,2,0,0,0,0,0,0,0,0,0
15118033,1422,0,2,0,0,0,0,0,0,0,0,0
15125256,1423,0,2,0,0,0,0,0,0,0,0,0
15132480,1424,0,2,0,0,0,0,0,0,0,0,0
15139704,1425,0,2,0,0,0,0,0,0,0,0,0
15146928,1426,0,2,0,0,0,0,0,0,0,0,0
15154152,1427,0,2,0,0,0,0,0,0,0,0,0
15161376,1428,0,2,0,0,0,0,0,0,0,0,0
15168600,1429,0,2,0,0,0,0,0,0,0,0,0
15175824,1430,0,2,0,0,0,0,0,0,0,0,0
15183049,1431,0,2,0,0,0,0,0,0,0,0,0
15190272,1432,0,2,0,0,0,0,0,0,0,0,0
15197496,1433,0,2,0,0,0,0,0,0,0,0,0
15204720,1434,0,2,0,0,0,0,0,0,0,0,0
15211944,1435,0,2,0,0,0,0,0,0,0,0,0
15219168,1436,0,2,0,0,0,0,0,0,0,0,0
15226392,1437,0,2,0,0,0,0,0,0,0,0,0
15233616,1438,0,2,0,0,0,0,0,0,0,0,0
15240840,1439,0,2,0,0,0,0,0,0,0,0,0
15248064,1440,0,2,0,0,0,0,0,0,0,0,0
15255289,1441,0,2,0,0,0,0,0,0,0,0,0
15262512,1442,0,2,0,0,0,0,0,0,0,0,0
15269736,1443,0,2,0,0,0,0,0,0,0,0,0
15276960,1444,0,2,0,0,0,0,0,0,0,0,0
15284184,1445,0,2,0,0,0,0,0,0,0,0,0
15291408,1446,0,2,0,0,0,0,0,0,0,0,0
15298632,1447,0,2,0,0,0,0,0,0,0,0,0
15305856,1448,0,2,0,0,0,0,0,0,0,0,0
15313080,1449,0,2,0,0,0,0,0,0,0,0,0
15320304,1450,0,2,0,0,0,0,0,0,0,0,0
15327529,1451,0,2,0,0,0,0,0,0,0,0,0
15334752,1452,0,2,0,0,0,0,0,0,0,0,0
15341976,1453,0,2,0,0,0,0,0,0,0,0,0
15349200,1454,0,2,0,0,0,0,0,0,0,0,0
15356424,1455,0,2,0,0,0,0,0,0,0,0,0
15363648,1456,0,2,0,0,0,0,0,0,0,0,0
15370872,1457,0,2,0,0,0,0,0,0,0,0,0
15378096,1458,0,2,0,0,0,0,0,0,0,0,0
15385320,1459,0,2,0,0,0,0,0,0,0,0,0
15392544,1460,0,2,0,0,0,0,0,0,0,0,0
15399768,1461,0,2,0,0,0,0,0,0,0,0,0
15406992,1462,0,2,0,0,0,0,0,0,0,0,0
15414216,1463,0,2,0,0,0,0,0,0,0,0,0
15421440,1464,0,2,0,0,0,0,0,0,0,0,0
15428664,1465,0,2,0,0,0,0,0,0,0,0,0
15435888,1466,0,2,0,0,0,0,0,0,0,0,0
15443112,1467,0,2,0,0,0,0,0,0,0,0,0
15450336,1468,0,2,0,0,0,0,0,0,0,0,0
15457560,1469,0,2,0,0,0,0,0,0,0,0,0
15464784,1470,0,2,0,0,0,0,0,0,0,0,0
15472009,1471,0,2,0,0,0,0,0,0,0,0,0
15479232,1472,0,2,0,0,0,0,0,0,0,0,0
15486456,1473,0,2,0,0,0,0,0,0,0,0,0
15493680,1474,0,2,0,0,0,0,0,0,0,0,0
15500904,1475,0,2,0,0,0,0,0,0,0,0,0
15508128,1476,0,2,0,0,0,0,0,0,0,0,0
15515352,1477,0,2,0,0,0,0,0,0,0,0,0
15522576,1478,0,2,0,0,0,0,0,0,0,0,0
15529800,1479,0,2,0,0,0,0,0,0,0,0,0
15537024,1480,0,2,0,0,0,0,0,0,0,0,0
15544249,1481,0,2,0,0,0,0,0,0,0,0,0
15551472,1482,0,2,0,0,0,0,0,0,0,0,0
15558696,1483,0,2,0,0,0,0,0,0,0,0,0
15565920,1484,0,2,0,0,0,0,0,0,0,0,0
15573144,1485,0,2,0,0,0,0,0,0,0,0,0
15580368,1486,0,2,0,0,0,0,0,0,0,0,0
15587592,1487,0,2,0,0,0,0,0,0,0,0,0
15594816,1488,0,2,0,0,0,0,0,0,0,0,0
15602040,1489,0,2,0,0,0,0,0,0,0,0,0
15609264,1490,0,2,0,0,0,0,0,0,0,0,0
15616488,1491,0,2,0,0,0,0,0,0,0,0,0
15623712,1492,0,2,0,0,0,0,0,0,0,0,0
15630936,1493,0,2,0,0,0,0,0,0,0,0,0
15638160,1494,0,2,0,0,0,0,0,0,0,0,0
15645384,1495,0,2,0,0,0,0,0,0,0,0,0
15652608,1496,0,2,0,0,0,0,0,0,0,0,0
15659832,1497,0,2,0,0,0,0,0,0,0,0,0
15667056,1498,0,2,0,0,0,0,0,0,0,0,0
15674280,1499,0,2,0,0,0,0,0,0,0,0,0
15681504,1500,0,2,0,0,0,0,0,0,0,0,0
15688728,1501,0,2,0,0,0,0,0,0,0,0,0
15695952,1502,0,2,0,0,0,0,0,0,0,0,0
15703176,1503,0,2,0,0,0,0,0,0,0,0,0
15710400,1504,0,2,0,0,0,0,0,0,0,0,0
15717624,1505,0,2,0,0,0,0,0,0,0,0,0
15724848,1506,0,2,0,0,0,0,0,0,0,0,0
15732072,1507,0,2,0,0,0,0,0,0,0,0,0
15739296,1508,0,2,0,0,0,0,0,0,0,0,0
15746520,1509,0,2,0,0,0,0,0,0,0,0,0
15753744,1510,0,2,0,0,0,0,0,0,0,0,0
15760968,1511,0,2,0,0,0,0,0,0,0,0,0
15768192,1512,0,2,0,0,0,0,0,0,0,0,0
15775416,1513,0,2,0,0,0,0,0,0,0,0,0
15782640,1514,0,2,0,0,0,0,0,0,0,0,0
15789864,1515,0,2,0,0,0,0,0,0,0,0,0
15797088,1516,0,2,0,0,0,0,0,0,0,0,0
15804312,1517,0,2,0,0,0,0,0,0,0,0,0
15811536,1518,0,2,0,0,0,0,0,0,0,0,0
15818760,1519,0,2,0,0,0,0,0,0,0,0,0
15825984,1520,0,2,0,0,0,0,0,0,0,0,0
15833209,1521,0,2,0,0,0,0,0,0,0,0,0
15840432,1522,0,2,0,0,0,0,0,0,0,0,0
15847656,1523,0,2,0,0,0,0,0,0,0,0,0
15854880,1524,0,2,0,0,0,0,0,0,0,0,0
15862104,1525,0,2,0,0,0,0,0,0,0,0,0
15869328,1526,0,2,0,0,0,0,0,0,0,0,0
15876552,1527,0,2,0,0,0,0,0,0,0,0,0
15883776,1528,0,2,0,0,0,0,0,0,0,0,0
15891000,1529,0,2,0,0,0,0,0,0,0,0,0
15898224,1530,0,2,0,0,0,0,0,0,0,0,0
15905448,1531,0,2,0,0,0,0,0,0,0,0,0
15912672,1532,0,2,0,0,0,0,0,0,0,0,0
15919896,1533,0,2,0,0,0,0,0,0,0,0,0
15927120,1534,0,2,0,0,0,0,0,0,0,0,0
15934344,1535,0,2,0,0,0,0,0,0,0,0,0
15941568,1536,0,2,0,0,0,0,0,0,0,0,0
15948792,1537,0,2,0,0,0,0,0,0,0,0,0
15956016,1538,0,2,0,0,0,0,0,0,0,0,0
15963240,1539,0,2,0,0,0,0,0,0,0,0,0
15970464,1540,0,2,0,0,0,0,0,0,0,0,0
15977688,1541,0,2,0,0,0,0,0,0,0,0,0
15984912,1542,0,2,0,0,0,0,0,0,0,0,0
15992136,1543,0,2,0,0,0,0,0,0,0,0,0
15999360,1544,0,2,0,0,0,0,0,0,0,0,0
16006584,1545,0,2,0,0,0,0,0,0,0,0,0
16013808,1546,0,2,0,0,0,0,0,0,0,0,0
16021033,1547,0,2,0,0,0,0,0,0,0,0,0
16028256,1548,0,2,0,0,0,0,0,0,0,0,0
16035480,1549,0,2,0,0,0,0,0,0,0,0,0
16042704,1550,0,2,0,0,0,0,0,0,0,0,0
16049928,1551,0,2,0,0,0,0,0,0,0,0,0
16057152,1552,0,2,0,0,0,0,0,0,0,0,0
16064376,1553,0,2,0,0,0,0,0,0,0,0,0
16071600,1554,0,2,0,0,0,0,0,0,0,0,0
16078824,1555,0,2,0,0,0,0,0,0,0,0,0
16086048,1556,0,2,0,0,0,0,0,0,0,0,0
16093272,1557,0,2,0,0,0,0,0,0,0,0,0
16100496,1558,0,2,0,0,0,0,0,0,0,0,0
16107720,1559,0,2,0,0,0,0,0,0,0,0,0
16114944,1560,0,2,0,0,0,0,0,0,0,0,0
16122168,1561,0,2,0,0,0,0,0,0,0,0,0
16129392,1562,0,2,0,0,0,0,0,0,0,0,0
16136616,1563,0,2,0,0,0,0,0,0,0,0,0
16143840,1564,0,2,0,0,0,0,0,0,0,0,0
16151064,1565,0,2,0,0,0,0,0,0,0,0,0
16158288,1566,0,2,0,0,0,0,0,0,0,0,0
16165512,1567,0,2,0,0,0,0,0,0,0,0,0
16172736,1568,0,2,0,0,0,0,0,0,0,0,0
16179960,1569,0,2,0,0,0,0,0,0,0,0,0
16187184,1570,0,2,0,0,0,0,0,0,0,0,0
16194409,1571,0,2,0,0,0,0,0,0,0,0,0
16201632,1572,0,2,0,0,0,0,0,0,0,0,0
16208856,1573,0,2,0,0,0,0,0,0,0,0,0
16216080,1574,0,2,0,0,0,0,0,0,0,0,0
16223304,1575,0,2,0,0,0,0,0,0,0,0,0
16230528,1576,0,2,0,0,0,0,0,0,0,0,0
16237752,1577,0,2,0,0,0,0,0,0,0,0,0
16244976,1578,0,2,0,0,0,0,0,0,0,0,0
16252200,1579,0,2,0,0,0,0,0,0,0,0,0
16259424,1580,0,2,0,0,0,0,0,0,0,0,0
16266648,1581,0,2,0,0,0,0,0,0,0,0,0
16273872,1582,0,2,0,0,0,0,0,0,0,0,0
16281096,1583,0,2,0,0,0,0,0,0,0,0,0
16288320,1584,0,2,0,0,0,0,0,0,0,0,0
16295544,1585,0,2,0,0,0,0,0,0,0,0,0
16302768,1586,0,2,0,0,0,0,0,0,0,0,0
16309992,1587,0,2,0,0,0,0,0,0,0,0,0
16317216,1588,0,2,0,0,0,0,0,0,0,0,0
16324440,1589,0,2,0,0,0,0,0,0,0,0,0
16345555,1590,0,2,0,0,0,0,0,0,0,0,0
16352768,1591,0,2,0,0,0,0,0,0,0,0,0
16359991,1592,0,2,0,0,0,0,0,0,0,0,0
16367215,1593,0,2,0,0,0,0,0,0,0,0,0
16374439,1594,0,2,0,0,0,0,0,0,0,0,0
16381663,1595,0,2,0,0,0,0,0,0,0,0,0
16388887,1596,0,2,0,0,0,0,0,0,0,0,0
16396111,1597,0,2,0,0,0,0,0,0,0,0,0
16403335,1598,0,2,0,0,0,0,0,0,0,0,0
16410559,1599,0,2,0,0,0,0,0,0,0,0,0
16417783,1600,0,2,0,0,0,0,0,0,0,0,0
16425008,1601,0,2,0,0,0,0,0,0,0,0,0
16432231,1602,0,2,0,0,0,0,0,0,0,0,0
16439455,1603,0,2,0,0,0,0,0,0,0,0,0
16446679,1604,0,2,0,0,0,0,0,0,0,0,0
16453903,1605,0,2,0,0,0,0,0,0,0,0,0
16461127,1606,0,2,0,0,0,0,0,0,0,0,0
16468351,1607,0,2,0,0,0,0,0,0,0,0,0
16475575,1608,0,2,0,0,0,0,0,0,0,0,0
16482799,1609,0,2,0,0,0,0,0,0,0,0,0
16490023,1610,0,2,0,0,0,0,0,0,0,0,0
16497248,1611,0,2,0,0,0,0,0,0,0,0,0
16504471,1612,0,2,0,0,0,0,0,0,0,0,0
16511695,1613,0,2,0,0,0,0,0,0,0,0,0
16518919,1614,0,2,0,0,0,0,0,0,0,0,0
16526143,1615,0,2,0,0,0,0,0,0,0,0,0
16533367,1616,0,2,0,0,0,0,0,0,0,0,0
16540591,1617,0,2,0,0,0,0,0,0,0,0,0
16547815,1618,0,2,0,0,0,0,0,0,0,0,0
16555039,1619,0,2,0,0,0,0,0,0,0,0,0
16562263,1620,0,2,0,0,0,0,0,0,0,0,0
16569487,1621,0,2,0,0,0,0,0,0,0,0,0
16576711,1622,0,2,0,0,0,0,0,0,0,0,0
16583935,1623,0,2,0,0,0,0,0,0,0,0,0
16591159,1624,0,2,0,0,0,0,0,0,0,0,0
16598383,1625,0,2,0,0,0,0,0,0,0,0,0
16605607,1626,0,2,0,0,0,0,0,0,0,0,0
16612831,1627,0,2,0,0,0,0,0,0,0,0,0
16620055,1628,0,2,0,0,0,0,0,0,0,0,0
16627279,1629,0,2,0,0,0,0,0,0,0,0,0
16634503,1630,0,2,0,0,0,0,0,0,0,0,0
16641727,1631,0,2,0,0,0,0,0,0,0,0,0
16648951,1632,0,2,0,0,0,0,0,0,0,0,0
16656175,1633,0,2,0,0,0,0,0,0,0,0,0
16663399,1634,0,2,0,0,0,0,0,0,0,0,0
16670623,1635,0,2,0,0,0,0,0,0,0,0,0
16677847,1636,0,2,0,0,0,0,0,0,0,0,0
16685071,1637,0,2,0,0,0,0,0,0,0,0,0
16692295,1638,0,2,0,0,0,0,0,0,0,0,0
16699519,1639,0,2,0,0,0,0,0,0,0,0,0
16706743,1640,0,2,0,0,0,0,0,0,0,0,0
16713968,1641,0,2,0,0,0,0,0,0,0,0,0
16721191,1642,0,2,0,0,0,0,0,0,0,0,0
16728415,1643,0,2,0,0,0,0,0,0,0,0,0
16735639,1644,0,2,0,0,0,0,0,0,0,0,0
16742863,1645,0,2,0,0,0,0,0,0,0,0,0
16750087,1646,0,2,0,0,0,0,0,0,0,0,0
16757311,1647,0,2,0,0,0,0,0,0,0,0,0
16764535,1648,0,2,0,0,0,0,0,0,0,0,0
16771759,1649,0,2,0,0,0,0,0,0,0,0,0
16778983,1650,0,2,0,0,0,0,0,0,0,0,0
16786207,1651,0,2,0,0,0,0,0,0,0,0,0
16793431,1652,0,2,0,0,0,0,0,0,0,0,0
16800655,1653,0,2,0,0,0,0,0,0,0,0,0
16807879,1654,0,2,0,0,0,0,0,0,0,0,0
16815103,1655,0,2,0,0,0,0,0,0,0,0,0
16822327,1656,0,2,0,0,0,0,0,0,0,0,0
16829551,1657,0,2,0,0,0,0,0,0,0,0,0
16836775,1658,0,2,0,0,0,0,0,0,0,0,0
16843999,1659,0,2,0,0,0,0,0,0,0,0,0
16851223,1660,0,2,0,0,0,0,0,0,0,0,0
16858448,1661,0,2,0,0,0,0,0,0,0,0,0
16865671,1662,0,2,0,0,0,0,0,0,0,0,0
16872895,1663,0,2,0,0,0,0,0,0,0,0,0
16880119,1664,0,2,0,0,0,0,0,0,0,0,0
16887343,1665,0,2,0,0,0,0,0,0,0,0,0
16894567,1666,0,2,0,0,0,0,0,0,0,0,0
16901791,1667,0,2,0,0,0,0,0,0,0,0,0
16909015,1668,0,2,0,0,0,0,0,0,0,0,0
16916239,1669,0,2,0,0,0,0,0,0,0,0,0
16923463,1670,0,2,0,0,0,0,0,0,0,0,0
16930688,1671,0,2,0,0,0,0,0,0,0,0,0
16937911,1672,0,2,0,0,0,0,0,0,0,0,0
16945135,1673,0,2,0,0,0,0,0,0,0,0,0
16952359,1674,0,2,0,0,0,0,0,0,0,0,0
16959583,1675,0,2,0,0,0,0,0,0,0,0,0
16966807,1676,0,2,0,0,0,0,0,0,0,0,0
16974031,1677,0,2,0,0,0,0,0,0,0,0,0
16981255,1678,0,2,0,0,0,0,0,0,0,0,0
16988479,1679,0,2,0,0,0,0,0,0,0,0,0
16995703,1680,0,2,0,0,0,0,0,0,0,0,0
17002927,1681,0,2,0,0,0,0,0,0,0,0,0
17010151,1682,0,2,0,0,0,0,0,0,0,0,0
17017375,1683,0,2,0,0,0,0,0,0,0,0,0
17024599,1684,0,2,0,0,0,0,0,0,0,0,0
17031823,1685,0,2,0,0,0,0,0,0,0,0,0
17039047,1686,0,2,0,0,0,0,0,0,0,0,0
17046271,1687,0,2,0,0,0,0,0,0,0,0,0
17053495,1688,0,2,0,0,0,0,0,0,0,0,0
17060719,1689,0,2,0,0,0,0,0,0,0,0,0
17067943,1690,0,2,0,0,0,0,0,0,0,0,0
17075167,1691,0,2,0,0,0,0,0,0,0,0,0
17082391,1692,0,2,0,0,0,0,0,0,0,0,0
17089615,1693,0,2,0,0,0,0,0,0,0,0,0
17096839,1694,0,2,0,0,0,0,0,0,0,0,0
17104063,1695,0,2,0,0,0,0,0,0,0,0,0
17111287,1696,0,2,0,0,0,0,0,0,0,0,0
17118511,1697,0,2,0,0,0,0,0,0,0,0,0
17125735,1698,0,2,0,0,0,0,0,0,0,0,0
17132959,1699,0,2,0,0,0,0,0,0,0,0,0
17140183,1700,0,2,0,0,0,0,0,0,0,0,0
17147408,1701,0,2,0,0,0,0,0,0,0,0,0
17154631,1702,0,2,0,0,0,0,0,0,0,0,0
17161855,1703,0,2,0,0,0,0,0,0,0,0,0
17169079,1704,0,2,0,0,0,0,0,0,0,0,0
17176303,1705,0,2,0,0,0,0,0,0,0,0,0
17183527,1706,0,2,0,0,0,0,0,0,0,0,0
17190751,1707,0,2,0,0,0,0,0,0,0,0,0
17197975,1708,0,2,0,0,0,0,0,0,0,0,0
17205199,1709,0,2,0,0,0,0,0,0,0,0,0
17212423,1710,0,2,0,0,0,0,0,0,0,0,0
17219647,1711,0,2,0,0,0,0,0,0,0,0,0
17226871,1712,0,2,0,0,0,0,0,0,0,0,0
17234096,1713,0,2,0,0,0,0,0,0,0,0,0
17241319,1714,0,2,0,0,0,0,0,0,0,0,0
17248543,1715,0,2,0,0,0,0,0,0,0,0,0
17255767,1716,0,2,0,0,0,0,0,0,0,0,0
17262991,1717,0,2,0,0,0,0,0,0,0,0,0
17270215,1718,0,2,0,0,0,0,0,0,0,0,0
17277439,1719,0,2,0,0,0,0,0,0,0,0,0
17284663,1720,0,2,0,0,0,0,0,0,0,0,0
17291888,1721,0,2,0,0,0,0,0,0,0,0,0
17299111,1722,0,2,0,0,0,0,0,0,0,0,0
17306335,1723,0,2,0,0,0,0,0,0,0,0,0
17313559,1724,0,2,0,0,0,0,0,0,0,0,0
17320783,1725,0,2,0,0,0,0,0,0,0,0,0
17328007,1726,0,2,0,0,0,0,0,0,0,0,0
17335231,1727,0,2,0,0,0,0,0,0,0,0,0
17342455,1728,0,2,0,0,0,0,0,0,0,0,0
17349679,1729,0,2,0,0,0,0,0,0,0,0,0
17356903,1730,0,2,0,0,0,0,0,0,0,0,0
17364128,1731,0,2,0,0,0,0,0,0,0,0,0
17371351,1732,0,2,0,0,0,0,0,0,0,0,0
17378575,1733,0,2,0,0,0,0,0,0,0,0,0
17385799,1734,0,2,0,0,0,0,0,0,0,0,0
17393023,1735,0,2,0,0,0,0,0,0,0,0,0
17400247,1736,0,2,0,0,0,0,0,0,0,0,0
17407471,1737,0,2,0,0,0,0,0,0,0,0,0
17414695,1738,0,2,0,0,0,0,0,0,0,0,0
17421919,1739,0,2,0,0,0,0,0,0,0,0,0
17429143,1740,0,2,0,0,0,0,0,0,0,0,0
17436368,1741,0,2,0,0,0,0,0,0,0,0,0
17443591,1742,0,2,0,0,0,0,0,0,0,0,0
17450815,1743,0,2,0,0,0,0,0,0,0,0,0
17458039,1744,0,2,0,0,0,0,0,0,0,0,0
17465263,1745,0,2,0,0,0,0,0,0,0,0,0
17472487,1746,0,2,0,0,0,0,0,0,0,0,0
17479711,1747,0,2,0,0,0,0,0,0,0,0,0
17486935,1748,0,2,0,0,0,0,0,0,0,0,0
17494159,1749,0,2,0,0,0,0,0,0,0,0,0
17501383,1750,0,2,0,0,0,0,0,0,0,0,0
17508607,1751,0,2,0,0,0,0,0,0,0,0,0
17515831,1752,0,2,0,0,0,0,0,0,0,0,0
17523056,1753,0,2,0,0,0,0,0,0,0,0,0
17530279,1754,0,2,0,0,0,0,0,0,0,0,0
17537503,1755,0,2,0,0,0,0,0,0,0,0,0
17544727,1756,0,2,0,0,0,0,0,0,0,0,0
17551951,1757,0,2,0,0,0,0,0,0,0,0,0
17559175,1758,0,2,0,0,0,0,0,0,0,0,0
17566399,1759,0,2,0,0,0,0,0,0,0,0,0
17573623,1760,0,2,0,0,0,0,0,0,0,0,0
17580847,1761,0,2,0,0,0,0,0,0,0,0,0
17588071,1762,0,2,0,0,0,0,0,0,0,0,0
17595295,1763,0,2,0,0,0,0,0,0,0,0,0
17602519,1764,0,2,0,0,0,0,0,0,0,0,0
17609743,1765,0,2,0,0,0,0,0,0,0,0,0
17616967,1766,0,2,0,0,0,0,0,0,0,0,0
17624191,1767,0,2,0,0,0,0,0,0,0,0,0
17631415,1768,0,2,0,0,0,0,0,0,0,0,0
17638639,1769,0,2,0,0,0,0,0,0,0,0,0
17645863,1770,0,2,0,0,0,0,0,0,0,0,0
17653087,1771,0,2,0,0,0,0,0,0,0,0,0
17660311,1772,0,2,0,0,0,0,0,0,0,0,0
17667535,1773,0,2,0,0,0,0,0,0,0,0,0
17674759,1774,0,2,0,0,0,0,0,0,0,0,0
17681983,1775,0,2,0,0,0,0,0,0,0,0,0
17689207,1776,0,2,0,0,0,0,0,0,0,0,0
17696431,1777,0,2,0,0,0,0,0,0,0,0,0
17703655,1778,0,2,0,0,0,0,0,0,0,0,0
17710879,1779,0,2,0,0,0,0,0,0,0,0,0
17718103,1780,0,2,0,0,0,0,0,0,0,0,0
17725328,1781,0,2,0,0,0,0,0,0,0,0,0
17732551,1782,0,2,0,0,0,0,0,0,0,0,0
17739775,1783,0,2,0,0,0,0,0,0,0,0,0
17746999,1784,0,2,0,0,0,0,0,0,0,0,0
17754223,1785,0,2,0,0,0,0,0,0,0,0,0
17761447,1786,0,2,0,0,0,0,0,0,0,0,0
17768671,1787,0,2,0,0,0,0,0,0,0,0,0
17775895,1788,0,2,0,0,0,0,0,0,0,0,0
17783119,1789,0,2,0,0,0,0,0,0,0,0,0
17790343,1790,0,2,0,0,0,0,0,0,0,0,0
17797567,1791,0,2,0,0,0,0,0,0,0,0,0
17804791,1792,0,2,0,0,0,0,0,0,0,0,0
17812015,1793,0,2,0,0,0,0,0,0,0,0,0
17819239,1794,0,2,0,0,0,0,0,0,0,0,0
17826463,1795,0,2,0,0,0,0,0,0,0,0,0
17833687,1796,0,2,0,0,0,0,0,0,0,0,0
17840911,1797,0,2,0,0,0,0,0,0,0,0,0
17848135,1798,0,2,0,0,0,0,0,0,0,0,0
17855359,1799,0,2,0,0,0,0,0,0,0,0,0
17862583,1800,0,2,0,0,0,0,0,0,0,0,0
17869807,1801,0,2,0,0,0,0,0,0,0,0,0
17877032,1802,0,2,0,0,0,0,0,0,0,0,0
17884255,1803,0,2,0,0,0,0,0,0,0,0,0
17891479,1804,0,2,0,0,0,0,0,0,0,0,0
17898703,1805,0,2,0,0,0,0,0,0,0,0,0
17905927,1806,0,2,0,0,0,0,0,0,0,0,0
17913151,1807,0,2,0,0,0,0,0,0,0,0,0
17920375,1808,0,2,0,0,0,0,0,0,0,0,0
17927599,1809,0,2,0,0,0,0,0,0,0,0,0
17934823,1810,0,2,0,0,0,0,0,0,0,0,0
17942048,1811,0,2,0,0,0,0,0,0,0,0,0
17949271,1812,0,2,0,0,0,0,0,0,0,0,0
17956495,1813,0,2,0,0,0,0,0,0,0,0,0
17963719,1814,0,2,0,0,0,0,0,0,0,0,0
17970943,1815,0,2,0,0,0,0,0,0,0,0,0
17978167,1816,0,2,0,0,0,0,0,0,0,0,0
17993791,1817,0,2,0,0,0,0,0,0,0,0,0
18001002,1818,0,2,0,0,0,0,0,0,0,0,0
18008226,1819,0,2,0,0,0,0,0,0,0,0,0
18015450,1820,0,2,0,0,0,0,0,0,0,0,0
18022675,1821,0,2,0,0,0,0,0,0,0,0,0
18029898,1822,0,2,0,0,0,0,0,0,0,0,0
18037122,1823,0,2,0,0,0,0,0,0,0,0,0
18044346,1824,0,2,0,0,0,0,0,0,0,0,0
18051570,1825,0,2,0,0,0,0,0,0,0,0,0
18058794,1826,0,2,0,0,0,0,0,0,0,0,0
18066018,1827,0,2,0,0,0,0,0,0,0,0,0
18073242,1828,0,2,0,0,0,0,0,0,0,0,0
18080466,1829,0,2,0,0,0,0,0,0,0,0,0
18087690,1830,0,2,0,0,0,0,0,0,0,0,0
18094914,1831,0,2,0,0,0,0,0,0,0,0,0
18102138,1832,0,2,0,0,0,0,0,0,0,0,0
18109362,1833,0,2,0,0,0,0,0,0,0,0,0
18116586,1834,0,2,0,0,0,0,0,0,0,0,0
18123810,1835,0,2,0,0,0,0,0,0,0,0,0
18131035,1836,0,2,0,0,0,0,0,0,0,0,0
18138258,1837,0,2,0,0,0,0,0,0,0,0,0
18145482,1838,0,2,0,0,0,0,0,0,0,0,0
18152706,1839,0,2,0,0,0,0,0,0,0,0,0
18159930,1840,0,2,0,0,0,0,0,0,0,0,0
18167155,1841,0,2,0,0,0,0,0,0,0,0,0
18174378,1842,0,2,0,0,0,0,0,0,0,0,0
18181602,1843,0,2,0,0,0,0,0,0,0,0,0
18188826,1844,0,2,0,0,0,0,0,0,0,0,0
18196050,1845,0,2,0,0,0,0,0,0,0,0,0
18203274,1846,0,2,0,0,0,0,0,0,0,0,0
18210498,1847,0,2,0,0,0,0,0,0,0,0,0
18217722,1848,0,2,0,0,0,0,0,0,0,0,0
18224946,1849,0,2,0,0,0,0,0,0,0,0,0
18232170,1850,0,2,0,0,0,0,0,0,0,0,0
18239395,1851,0,2,0,0,0,0,0,0,0,0,0
18246618,1852,0,2,0,0,0,0,0,0,0,0,0
18253842,1853,0,2,0,0,0,0,0,0,0,0,0
18261066,1854,0,2,0,0,0,0,0,0,0,0,0
18268290,1855,0,2,0,0,0,0,0,0,0,0,0
18275514,1856,0,2,0,0,0,0,0,0,0,0,0
18282738,1857,0,2,0,0,0,0,0,0,0,0,0
18289962,1858,0,2,0,0,0,0,0,0,0,0,0
18297186,1859,0,2,0,0,0,0,0,0,0,0,0
18304410,1860,0,2,0,0,0,0,0,0,0,0,0
18311634,1861,0,2,0,0,0,0,0,0,0,0,0
18318858,1862,0,2,0,0,0,0,0,0,0,0,0
18326082,1863,0,2,0,0,0,0,0,0,0,0,0
18333306,1864,0,2,0,0,0,0,0,0,0,0,0
18340530,1865,0,2,0,0,0,0,0,0,0,0,0
18347754,1866,0,2,0,0,0,0,0,0,0,0,0
18354978,1867,0,2,0,0,0,0,0,0,0,0,0
18362202,1868,0,2,0,0,0,0,0,0,0,0,0
18369426,1869,0,2,0,0,0,0,0,0,0,0,0
18376650,1870,0,2,0,0,0,0,0,0,0,0,0
18383874,1871,0,2,0,0,0,0,0,0,0,0,0
18391098,1872,0,2,0,0,0,0,0,0,0,0,0
18398322,1873,0,2,0,0,0,0,0,0,0,0,0
18405546,1874,0,2,0,0,0,0,0,0,0,0,0
18412770,1875,0,2,0,0,0,0,0,0,0,0,0
18419994,1876,0,2,0,0,0,0,0,0,0,0,0
18427218,1877,0,2,0,0,0,0,0,0,0,0,0
18434442,1878,0,2,0,0,0,0,0,0,0,0,0
18441666,1879,0,2,0,0,0,0,0,0,0,0,0
18448890,1880,0,2,0,0,0,0,0,0,0,0,0
18456115,1881,0,2,0,0,0,0,0,0,0,0,0
18463338,1882,0,2,0,0,0,0,0,0,0,0,0
18470562,1883,0,2,0,0,0,0,0,0,0,0,0
18477786,1884,0,2,0,0,0,0,0,0,0,0,0
18485010,1885,0,2,0,0,0,0,0,0,0,0,0
18492234,1886,0,2,0,0,0,0,0,0,0,0,0
18499458,1887,0,2,0,0,0,0,0,0,0,0,0
18506682,1888,0,2,0,0,0,0,0,0,0,0,0
18513906,1889,0,2,0,0,0,0,0,0,0,0,0
18521130,1890,0,2,0,0,0,0,0,0,0,0,0
18528354,1891,0,2,0,0,0,0,0,0,0,0,0
18535578,1892,0,2,0,0,0,0,0,0,0,0,0
18542802,1893,0,2,0,0,0,0,0,0,0,0,0
18550026,1894,0,2,0,0,0,0,0,0,0,0,0
18557250,1895,0,2,0,0,0,0,0,0,0,0,0
18564474,1896,0,2,0,0,0,0,0,0,0,0,0
18571698,1897,0,2,0,0,0,0,0,0,0,0,0
18578922,1898,0,2,0,0,0,0,0,0,0,0,0
18586146,1899,0,2,0,0,0,0,0,0,0,0,0
18593370,1900,0,2,0,0,0,0,0,0,0,0,0
18600594,1901,0,2,0,0,0,0,0,0,0,0,0
18607818,1902,0,2,0,0,0,0,0,0,0,0,0
18615042,1903,0,2,0,0,0,0,0,0,0,0,0
18622266,1904,0,2,0,0,0,0,0,0,0,0,0
18629490,1905,0,2,0,0,0,0,0,0,0,0,0
18636714,1906,0,2,0,0,0,0,0,0,0,0,0
18643938,1907,0,2,0,0,0,0,0,0,0,0,0
18651162,1908,0,2,0,0,0,0,0,0,0,0,0
18658386,1909,0,2,0,0,0,0,0,0,0,0,0
18665610,1910,0,2,0,0,0,0,0,0,0,0,0
18672835,1911,0,2,0,0,0,0,0,0,0,0,0
18680058,1912,0,2,0,0,0,0,0,0,0,0,0
18687282,1913,0,2,0,0,0,0,0,0,0,0,0
18694506,1914,0,2,0,0,0,0,0,0,0,0,0
18701730,1915,0,2,0,0,0,0,0,0,0,0,0
18708954,1916,0,2,0,0,0,0,0,0,0,0,0
18716178,1917,0,2,0,0,0,0,0,0,0,0,0
18723402,1918,0,2,0,0,0,0,0,0,0,0,0
18730626,1919,0,2,0,0,0,0,0,0,0,0,0
18737850,1920,0,2,0,0,0,0,0,0,0,0,0
18745075,1921,0,2,0,0,0,0,0,0,0,0,0
18752298,1922,0,2,0,0,0,0,0,0,0,0,0
18759522,1923,0,2,0,0,0,0,0,0,0,0,0
18766746,1924,0,2,0,0,0,0,0,0,0,0,0
18773970,1925,0,2,0,0,0,0,0,0,0,0,0
18781194,1926,0,2,0,0,0,0,0,0,0,0,0
18788418,1927,0,2,0,0,0,0,0,0,0,0,0
18795642,1928,0,2,0,0,0,0,0,0,0,0,0
18802866,1929,0,2,0,0,0,0,0,0,0,0,0
18810090,1930,0,2,0,0,0,0,0,0,0,0,0
18817315,1931,0,2,0,0,0,0,0,0,0,0,0
18824538,1932,0,2,0,0,0,0,0,0,0,0,0
18831762,1933,0,2,0,0,0,0,0,0,0,0,0
18838986,1934,0,2,0,0,0,0,0,0,0,0,0
18846210,1935,0,2,0,0,0,0,0,0,0,0,0
18853434,1936,0,2,0,0,0,0,0,0,0,0,0
18860658,1937,0,2,0,0,0,0,0,0,0,0,0
18867882,1938,0,2,0,0,0,0,0,0,0,0,0
18875106,1939,0,2,0,0,0,0,0,0,0,0,0
18882330,1940,0,2,0,0,0,0,0,0,0,0,0
18889554,1941,0,2,0,0,0,0,0,0,0,0,0
18896778,1942,0,2,0,0,0,0,0,0,0,0,0
18904002,1943,0,2,0,0,0,0,0,0,0,0,0
18911226,1944,0,2,0,0,0,0,0,0,0,0,0
18918450,1945,0,2,0,0,0,0,0,0,0,0,0
18925674,1946,0,2,0,0,0,0,0,0,0,0,0
18932898,1947,0,2,0,0,0,0,0,0,0,0,0
18940122,1948,0,2,0,0,0,0,0,0,0,0,0
18947346,1949,0,2,0,0,0,0,0,0,0,0,0
18954570,1950,0,2,0,0,0,0,0,0,0,0,0
18961794,1951,0,2,0,0,0,0,0,0,0,0,0
18969019,1952,0,2,0,0,0,0,0,0,0,0,0
18976242,1953,0,2,0,0,0,0,0,0,0,0,0
18983466,1954,0,2,0,0,0,0,0,0,0,0,0
18990690,1955,0,2,0,0,0,0,0,0,0,0,0
18997914,1956,0,2,0,0,0,0,0,0,0,0,0
19005138,1957,0,2,0,0,0,0,0,0,0,0,0
19012362,1958,0,2,0,0,0,0,0,0,0,0,0
19019586,1959,0,2,0,0,0,0,0,0,0,0,0
19026810,1960,0,2,0,0,0,0,0,0,0,0,0
19034035,1961,0,2,0,0,0,0,0,0,0,0,0
19041258,1962,0,2,0,0,0,0,0,0,0,0,0
19048482,1963,0,2,0,0,0,0,0,0,0,0,0
19055706,1964,0,2,0,0,0,0,0,0,0,0,0
19062930,1965,0,2,0,0,0,0,0,0,0,0,0
19070154,1966,0,2,0,0,0,0,0,0,0,0,0
19077378,1967,0,2,0,0,0,0,0,0,0,0,0
19084602,1968,0,2,0,0,0,0,0,0,0,0,0
19091826,1969,0,2,0,0,0,0,0,0,0,0,0
19099050,1970,0,2,0,0,0,0,0,0,0,0,0
19106275,1971,0,2,0,0,0,0,0,0,0,0,0
19113498,1972,0,2,0,0,0,0,0,0,0,0,0
19120722,1973,0,2,0,0,0,0,0,0,0,0,0
19127946,1974,0,2,0,0,0,0,0,0,0,0,0
19135170,1975,0,2,0,0,0,0,0,0,0,0,0
19142394,1976,0,2,0,0,0,0,0,0,0,0,0
19149618,1977,0,2,0,0,0,0,0,0,0,0,0
19156842,1978,0,2,0,0,0,0,0,0,0,0,0
19164066,1979,0,2,0,0,0,0,0,0,0,0,0
19171290,1980,0,2,0,0,0,0,0,0,0,0,0
19178515,1981,0,2,0,0,0,0,0,0,0,0,0
19185738,1982,0,2,0,0,0,0,0,0,0,0,0
19192962,1983,0,2,0,0,0,0,0,0,0,0,0
19200186,1984,0,2,0,0,0,0,0,0,0,0,0
19207410,1985,0,2,0,0,0,0,0,0,0,0,0
19214634,1986,0,2,0,0,0,0,0,0,0,0,0
19221858,1987,0,2,0,0,0,0,0,0,0,0,0
19229083,1988,0,2,0,0,0,0,0,0,0,0,0
19236307,1989,0,2,0,0,0,0,0,0,0,0,0
19243530,1990,0,2,0,0,0,0,0,0,0,0,0
19250755,1991,0,2,0,0,0,0,0,0,0,0,0
19257978,1992,0,2,0,0,0,0,0,0,0,0,0
19265202,1993,0,2,0,0,0,0,0,0,0,0,0
19272426,1994,0,2,0,0,0,0,0,0,0,0,0
19279650,1995,0,2,0,0,0,0,0,0,0,0,0
19286874,1996,0,2,0,0,0,0,0,0,0,0,0
19294098,1997,0,2,0,0,0,0,0,0,0,0,0
19301322,1998,0,2,0,0,0,0,0,0,0,0,0
19308546,1999,0,2,0,0,0,0,0,0,0,0,0
19315770,2000,0,2,0,0,0,0,0,0,0,0,0
19322994,2001,0,2,0,0,0,0,0,0,0,0,0
19330218,2002,0,2,0,0,0,0,0,0,0,0,0
19337442,2003,0,2,0,0,0,0,0,0,0,0,0
19344666,2004,0,2,0,0,0,0,0,0,0,0,0
19351890,2005,0,2,0,0,0,0,0,0,0,0,0
19359114,2006,0,2,0,0,0,0,0,0,0,0,0
19366338,2007,0,2,0,0,0,0,0,0,0,0,0
19373562,2008,0,2,0,0,0,0,0,0,0,0,0
19380786,2009,0,2,0,0,0,0,0,0,0,0,0
19388010,2010,0,2,0,0,0,0,0,0,0,0,0
19395234,2011,0,2,0,0,0,0,0,0,0,0,0
19402458,2012,0,2,0,0,0,0,0,0,0,0,0
19409682,2013,0,2,0,0,0,0,0,0,0,0,0
19416906,2014,0,2,0,0,0,0,0,0,0,0,0
19424130,2015,0,2,0,0,0,0,0,0,0,0,0
19431354,2016,0,2,0,0,0,0,0,0,0,0,0
19438578,2017,0,2,0,0,0,0,0,0,0,0,0
19445802,2018,0,2,0,0,0,0,0,0,0,0,0
19453026,2019,0,2,0,0,0,0,0,0,0,0,0
19460250,2020,0,2,0,0,0,0,0,0,0,0,0
19467475,2021,0,2,0,0,0,0,0,0,0,0,0
19474698,2022,0,2,0,0,0,0,0,0,0,0,0
19481922,2023,0,2,0,0,0,0,0,0,0,0,0
19489146,2024,0,2,0,0,0,0,0,0,0,0,0
19496370,2025,0,2,0,0,0,0,0,0,0,0,0
19503594,2026,0,2,0,0,0,0,0,0,0,0,0
19510818,2027,0,2,0,0,0,0,0,0,0,0,0
19518042,2028,0,2,0,0,0,0,0,0,0,0,0
19525266,2029,0,2,0,0,0,0,0,0,0,0,0
19532490,2030,0,2,0,0,0,0,0,0,0,0,0
19539714,2031,0,2,0,0,0,0,0,0,0,0,0
19546938,2032,0,2,0,0,0,0,0,0,0,0,0
19554162,2033,0,2,0,0,0,0,0,0,0,0,0
19561386,2034,0,2,0,0,0,0,0,0,0,0,0
19568610,2035,0,2,0,0,0,0,0,0,0,0,0
19575834,2036,0,2,0,0,0,0,0,0,0,0,0
19583058,2037,0,2,0,0,0,0,0,0,0,0,0
19590282,2038,0,2,0,0,0,0,0,0,0,0,0
19597506,2039,0,2,0,0,0,0,0,0,0,0,0
19604730,2040,0,2,0,0,0,0,0,0,0,0,0
19611955,2041,0,2,0,0,0,0,0,0,0,0,0
19619178,2042,0,2,0,0,0,0,0,0,0,0,0
19626402,2043,0,2,0,0,0,0,0,0,0,0,0
19647762,2044,0,2,0,0,0,0,0,0,0,0,0
19654974,2045,0,2,0,0,0,0,0,0,0,0,0
19662198,2046,0,2,0,0,0,0,0,0,0,0,0
19669422,2047,0,2,0,0,0,0,0,0,0,0,0
19676646,2048,0,2,0,0,0,0,0,0,0,0,0
19683870,2049,0,2,0,0,0,0,0,0,0,0,0
19691094,2050,0,2,0,0,0,0,0,0,0,0,0
19698319,2051,0,2,0,0,0,0,0,0,0,0,0
19705542,2052,0,2,0,0,0,0,0,0,0,0,0
19712766,2053,0,2,0,0,0,0,0,0,0,0,0
19719990,2054,0,2,0,0,0,0,0,0,0,0,0
19727214,2055,0,2,0,0,0,0,0,0,0,0,0
19734438,2056,0,2,0,0,0,0,0,0,0,0,0
19741662,2057,0,2,0,0,0,0,0,0,0,0,0
19748886,2058,0,2,0,0,0,0,0,0,0,0,0
19756110,2059,0,2,0,0,0,0,0,0,0,0,0
19763334,2060,0,2,0,0,0,0,0,0,0,0,0
19770558,2061,0,2,0,0,0,0,0,0,0,0,0
19777782,2062,0,2,0,0,0,0,0,0,0,0,0
19785006,2063,0,2,0,0,0,0,0,0,0,0,0
19792230,2064,0,2,0,0,0,0,0,0,0,0,0
19799454,2065,0,2,0,0,0,0,0,0,0,0,0
19806678,2066,0,2,0,0,0,0,0,0,0,0,0
19813902,2067,0,2,0,0,0,0,0,0,0,0,0
19821126,2068,0,2,0,0,0,0,0,0,0,0,0
19828350,2069,0,2,0,0,0,0,0,0,0,0,0
19835574,2070,0,2,0,0,0,0,0,0,0,0,0
19842798,2071,0,2,0,0,0,0,0,0,0,0,0
19850022,2072,0,2,0,0,0,0,0,0,0,0,0
19857246,2073,0,2,0,0,0,0,0,0,0,0,0
19864470,2074,0,2,0,0,0,0,0,0,0,0,0
19871694,2075,0,2,0,0,0,0,0,0,0,0,0
19878918,2076,0,2,0,0,0,0,0,0,0,0,0
19886142,2077,0,2,0,0,0,0,0,0,0,0,0
19893366,2078,0,2,0,0,0,0,0,0,0,0,0
19900590,2079,0,2,0,0,0,0,0,0,0,0,0
19907814,2080,0,2,0,0,0,0,0,0,0,0,0
19915039,2081,0,2,0,0,0,0,0,0,0,0,0
19922262,2082,0,2,0,0,0,0,0,0,0,0,0
19929486,2083,0,2,0,0,0,0,0,0,0,0,0
19936710,2084,0,2,0,0,0,0,0,0,0,0,0
19943934,2085,0,2,0,0,0,0,0,0,0,0,0
19951158,2086,0,2,0,0,0,0,0,0,0,0,0
19958382,2087,0,2,0,0,0,0,0,0,0,0,0
19965606,2088,0,2,0,0,0,0,0,0,0,0,0
19972830,2089,0,2,0,0,0,0,0,0,0,0,0
19980054,2090,0,2,0,0,0,0,0,0,0,0,0
19987279,2091,0,2,0,0,0,0,0,0,0,0,0
19994502,2092,0,2,0,0,0,0,0,0,0,0,0
20001726,2093,0,2,0,0,0,0,0,0,0,0,0
20008950,2094,0,2,0,0,0,0,0,0,0,0,0
20016174,2095,0,2,0,0,0,0,0,0,0,0,0
20023398,2096,0,2,0,0,0,0,0,0,0,0,0
20030622,2097,0,2,0,0,0,0,0,0,0,0,0
20037846,2098,0,2,0,0,0,0,0,0,0,0,0
20045070,2099,0,2,0,0,0,0,0,0,0,0,0
20052294,2100,0,2,0,0,0,0,0,0,0,0,0
20059518,2101,0,2,0,0,0,0,0,0,0,0,0
20066742,2102,0,2,0,0,0,0,0,0,0,0,0
20073966,2103,0,2,0,0,0,0,0,0,0,0,0
20081190,2104,0,2,0,0,0,0,0,0,0,0,0
20088414,2105,0,2,0,0,0,0,0,0,0,0,0
20095638,2106,0,2,0,0,0,0,0,0,0,0,0
20102862,2107,0,2,0,0,0,0,0,0,0,0,0
20110086,2108,0,2,0,0,0,0,0,0,0,0,0
20117310,2109,0,2,0,0,0,0,0,0,0,0,0
20124534,2110,0,2,0,0,0,0,0,0,0,0,0
20131759,2111,0,2,0,0,0,0,0,0,0,0,0
20138982,2112,0,2,0,0,0,0,0,0,0,0,0
20146206,2113,0,2,0,0,0,0,0,0,0,0,0
20153430,2114,0,2,0,0,0,0,0,0,0,0,0
20160654,2115,0,2,0,0,0,0,0,0,0,0,0
20167878,2116,0,2,0,0,0,0,0,0,0,0,0
20175102,2117,0,2,0,0,0,0,0,0,0,0,0
20182326,2118,0,2,0,0,0,0,0,0,0,0,0
20189550,2119,0,2,0,0,0,0,0,0,0,0,0
20196774,2120,0,2,0,0,0,0,0,0,0,0,0
20203998,2121,0,2,0,0,0,0,0,0,0,0,0
20211222,2122,0,2,0,0,0,0,0,0,0,0,0
20218446,2123,0,2,0,0,0,0,0,0,0,0,0
20225670,2124,0,2,0,0,0,0,0,0,0,0,0
20232894,2125,0,2,0,0,0,0,0,0,0,0,0
20240118,2126,0,2,0,0,0,0,0,0,0,0,0
20247342,2127,0,2,0,0,0,0,0,0,0,0,0
20254566,2128,0,2,0,0,0,0,0,0,0,0,0
20261790,2129,0,2,0,0,0,0,0,0,0,0,0
20269014,2130,0,2,0,0,0,0,0,0,0,0,0
20276239,2131,0,2,0,0,0,0,0,0,0,0,0
20283462,2132,0,2,0,0,0,0,0,0,0,0,0
20290686,2133,0,2,0,0,0,0,0,0,0,0,0
20297910,2134,0,2,0,0,0,0,0,0,0,0,0
20305134,2135,0,2,0,0,0,0,0,0,0,0,0
20312358,2136,0,2,0,0,0,0,0,0,0,0,0
20319582,2137,0,2,0,0,0,0,0,0,0,0,0
20326806,2138,0,2,0,0,0,0,0,0,0,0,0
20334030,2139,0,2,0,0,0,0,0,0,0,0,0
20341254,2140,0,2,0,0,0,0,0,0,0,0,0
20348478,2141,0,2,0,0,0,0,0,0,0,0,0
20355702,2142,0,2,0,0,0,0,0,0,0,0,0
20362926,2143,0,2,0,0,0,0,0,0,0,0,0
20370150,2144,0,2,0,0,0,0,0,0,0,0,0
20377374,2145,0,2,0,0,0,0,0,0,0,0,0
20384598,2146,0,2,0,0,0,0,0,0,0,0,0
20391822,2147,0,2,0,0,0,0,0,0,0,0,0
20399046,2148,0,2,0,0,0,0,0,0,0,0,0
20406270,2149,0,2,0,0,0,0,0,0,0,0,0
20413494,2150,0,2,0,0,0,0,0,0,0,0,0
20420718,2151,0,2,0,0,0,0,0,0,0,0,0
20427942,2152,0,2,0,0,0,0,0,0,0,0,0
20435166,2153,0,2,0,0,0,0,0,0,0,0,0
20442390,2154,0,2,0,0,0,0,0,0,0,0,0
20449614,2155,0,2,0,0,0,0,0,0,0,0,0
20456838,2156,0,2,0,0,0,0,0,0,0,0,0
20464062,2157,0,2,0,0,0,0,0,0,0,0,0
20471286,2158,0,2,0,0,0,0,0,0,0,0,0
20478510,2159,0,2,0,0,0,0,0,0,0,0,0
20485734,2160,0,2,0,0,0,0,0,0,0,0,0
20492959,2161,0,2,0,0,0,0,0,0,0,0,0
20500182,2162,0,2,0,0,0,0,0,0,0,0,0
20507406,2163,0,2,0,0,0,0,0,0,0,0,0
20514630,2164,0,2,0,0,0,0,0,0,0,0,0
20521854,2165,0,2,0,0,0,0,0,0,0,0,0
20529078,2166,0,2,0,0,0,0,0,0,0,0,0
20536302,2167,0,2,0,0,0,0,0,0,0,0,0
20543526,2168,0,2,0,0,0,0,0,0,0,0,0
20550750,2169,0,2,0,0,0,0,0,0,0,0,0
20557974,2170,0,2,0,0,0,0,0,0,0,0,0
20565198,2171,0,2,0,0,0,0,0,0,0,0,0
20572422,2172,0,2,0,0,0,0,0,0,0,0,0
20579646,2173,0,2,0,0,0,0,0,0,0,0,0
20586870,2174,0,2,0,0,0,0,0,0,0,0,0
20594094,2175,0,2,0,0,0,0,0,0,0,0,0
20601318,2176,0,2,0,0,0,0,0,0,0,0,0
20608542,2177,0,2,0,0,0,0,0,0,0,0,0
20615766,2178,0,2,0,0,0,0,0,0,0,0,0
20622990,2179,0,2,0,0,0,0,0,0,0,0,0
20630214,2180,0,2,0,0,0,0,0,0,0,0,0
20637438,2181,0,2,0,0,0,0,0,0,0,0,0
20644662,2182,0,2,0,0,0,0,0,0,0,0,0
20651886,2183,0,2,0,0,0,0,0,0,0,0,0
20659110,2184,0,2,0,0,0,0,0,0,0,0,0
20666334,2185,0,2,0,0,0,0,0,0,0,0,0
20673558,2186,0,2,0,0,0,0,0,0,0,0,0
20680782,2187,0,2,0,0,0,0,0,0,0,0,0
20688006,2188,0,2,0,0,0,0,0,0,0,0,0
20695230,2189,0,2,0,0,0,0,0,0,0,0,0
20702454,2190,0,2,0,0,0,0,0,0,0,0,0
20709678,2191,0,2,0,0,0,0,0,0,0,0,0
20716902,2192,0,2,0,0,0,0,0,0,0,0,0
20724126,2193,0,2,0,0,0,0,0,0,0,0,0
20731350,2194,0,2,0,0,0,0,0,0,0,0,0
20738574,2195,0,2,0,0,0,0,0,0,0,0,0
20745798,2196,0,2,0,0,0,0,0,0,0,0,0
20753022,2197,0,2,0,0,0,0,0,0,0,0,0
20760246,2198,0,2,0,0,0,0,0,0,0,0,0
20767470,2199,0,2,0,0,0,0,0,0,0,0,0
20774694,2200,0,2,0,0,0,0,0,0,0,0,0
20781919,2201,0,2,0,0,0,0,0,0,0,0,0
20789142,2202,0,2,0,0,0,0,0,0,0,0,0
20796366,2203,0,2,0,0,0,0,0,0,0,0,0
20803590,2204,0,2,0,0,0,0,0,0,0,0,0
20810814,2205,0,2,0,0,0,0,0,0,0,0,0
20818039,2206,0,2,0,0,0,0,0,0,0,0,0
20825262,2207,0,2,0,0,0,0,0,0,0,0,0
20832486,2208,0,2,0,0,0,0,0,0,0,0,0
20839710,2209,0,2,0,0,0,0,0,0,0,0,0
20846934,2210,0,2,0,0,0,0,0,0,0,0,0
20854159,2211,0,2,0,0,0,0,0,0,0,0,0
20861382,2212,0,2,0,0,0,0,0,0,0,0,0
20868606,2213,0,2,0,0,0,0,0,0,0,0,0
20875830,2214,0,2,0,0,0,0,0,0,0,0,0
20883054,2215,0,2,0,0,0,0,0,0,0,0,0
20890278,2216,0,2,0,0,0,0,0,0,0,0,0
20897502,2217,0,2,0,0,0,0,0,0,0,0,0
20904726,2218,0,2,0,0,0,0,0,0,0,0,0
20911950,2219,0,2,0,0,0,0,0,0,0,0,0
20919174,2220,0,2,0,0,0,0,0,0,0,0,0
20926399,2221,0,2,0,0,0,0,0,0,0,0,0
20933622,2222,0,2,0,0,0,0,0,0,0,0,0
20940846,2223,0,2,0,0,0,0,0,0,0,0,0
20948070,2224,0,2,0,0,0,0,0,0,0,0,0
20955294,2225,0,2,0,0,0,0,0,0,0,0,0
20962518,2226,0,2,0,0,0,0,0,0,0,0,0
20969742,2227,0,2,0,0,0,0,0,0,0,0,0
20976966,2228,0,2,0,0,0,0,0,0,0,0,0
20984190,2229,0,2,0,0,0,0,0,0,0,0,0
20991414,2230,0,2,0,0,0,0,0,0,0,0,0
20998639,2231,0,2,0,0,0,0,0,0,0,0,0
21005862,2232,0,2,0,0,0,0,0,0,0,0,0
21013086,2233,0,2,0,0,0,0,0,0,0,0,0
21020310,2234,0,2,0,0,0,0,0,0,0,0,0
21027534,2235,0,2,0,0,0,0,0,0,0,0,0
21034758,2236,0,2,0,0,0,0,0,0,0,0,0
21041982,2237,0,2,0,0,0,0,0,0,0,0,0
21049206,2238,0,2,0,0,0,0,0,0,0,0,0
21056430,2239,0,2,0,0,0,0,0,0,0,0,0
21063654,2240,0,2,0,0,0,0,0,0,0,0,0
21070879,2241,0,2,0,0,0,0,0,0,0,0,0
21078102,2242,0,2,0,0,0,0,0,0,0,0,0
21085326,2243,0,2,0,0,0,0,0,0,0,0,0
21092550,2244,0,2,0,0,0,0,0,0,0,0,0
21099774,2245,0,2,0,0,0,0,0,0,0,0,0
21106998,2246,0,2,0,0,0,0,0,0,0,0,0
21114222,2247,0,2,0,0,0,0,0,0,0,0,0
21121446,2248,0,2,0,0,0,0,0,0,0,0,0
21128670,2249,0,2,0,0,0,0,0,0,0,0,0
21135894,2250,0,2,0,0,0,0,0,0,0,0,0
21143119,2251,0,2,0,0,0,0,0,0,0,0,0
21150342,2252,0,2,0,0,0,0,0,0,0,0,0
21157566,2253,0,2,0,0,0,0,0,0,0,0,0
21164790,2254,0,2,0,0,0,0,0,0,0,0,0
21172014,2255,0,2,0,0,0,0,0,0,0,0,0
21179238,2256,0,2,0,0,0,0,0,0,0,0,0
21186462,2257,0,2,0,0,0,0,0,0,0,0,0
21193686,2258,0,2,0,0,0,0,0,0,0,0,0
21200910,2259,0,2,0,0,0,0,0,0,0,0,0
21208134,2260,0,2,0,0,0,0,0,0,0,0,0
21215359,2261,0,2,0,0,0,0,0,0,0,0,0
21222582,2262,0,2,0,0,0,0,0,0,0,0,0
21229806,2263,0,2,0,0,0,0,0,0,0,0,0
21237030,2264,0,2,0,0,0,0,0,0,0,0,0
21244254,2265,0,2,0,0,0,0,0,0,0,0,0
21251478,2266,0,2,0,0,0,0,0,0,0,0,0
21258702,2267,0,2,0,0,0,0,0,0,0,0,0
21265926,2268,0,2,0,0,0,0,0,0,0,0,0
21273150,2269,0,2,0,0,0,0,0,0,0,0,0
21280374,2270,0,2,0,0,0,0,0,0,0,0,0
21295606,2271,0,2,0,0,0,0,0,0,0,0,0
21302817,2272,0,2,0,0,0,0,0,0,0,0,0
21310041,2273,0,2,0,0,0,0,0,0,0,0,0
21317265,2274,0,2,0,0,0,0,0,0,0,0,0
21324489,2275,0,2,0,0,0,0,0,0,0,0,0
21331713,2276,0,2,0,0,0,0,0,0,0,0,0
21338937,2277,0,2,0,0,0,0,0,0,0,0,0
21346161,2278,0,2,0,0,0,0,0,0,0,0,0
21353385,2279,0,2,0,0,0,0,0,0,0,0,0
21360609,2280,0,2,0,0,0,0,0,0,0,0,0
21367833,2281,0,2,0,0,0,0,0,0,0,0,0
21375058,2282,0,2,0,0,0,0,0,0,0,0,0
21382281,2283,0,2,0,0,0,0,0,0,0,0,0
21389505,2284,0,2,0,0,0,0,0,0,0,0,0
21396729,2285,0,2,0,0,0,0,0,0,0,0,0
21403953,2286,0,2,0,0,0,0,0,0,0,0,0
21411177,2287,0,2,0,0,0,0,0,0,0,0,0
21418401,2288,0,2,0,0,0,0,0,0,0,0,0
21425625,2289,0,2,0,0,0,0,0,0,0,0,0
21432849,2290,0,2,0,0,0,0,0,0,0,0,0
21440074,2291,0,2,0,0,0,0,0,0,0,0,0
21447297,2292,0,2,0,0,0,0,0,0,0,0,0
21454521,2293,0,2,0,0,0,0,0,0,0,0,0
21461745,2294,0,2,0,0,0,0,0,0,0,0,0
21468969,2295,0,2,0,0,0,0,0,0,0,0,0
21476193,2296,0,2,0,0,0,0,0,0,0,0,0
21483417,2297,0,2,0,0,0,0,0,0,0,0,0
21490641,2298,0,2,0,0,0,0,0,0,0,0,0
21497865,2299,0,2,0,0,0,0,0,0,0,0,0
21505089,2300,0,2,0,0,0,0,0,0,0,0,0
21512314,2301,0,2,0,0,0,0,0,0,0,0,0
21519537,2302,0,2,0,0,0,0,0,0,0,0,0
21526761,2303,0,2,0,0,0,0,0,0,0,0,0
21533985,2304,0,2,0,0,0,0,0,0,0,0,0
21541209,2305,0,2,0,0,0,0,0,0,0,0,0
21548433,2306,0,2,0,0,0,0,0,0,0,0,0
21555657,2307,0,2,0,0,0,0,0,0,0,0,0
21562881,2308,0,2,0,0,0,0,0,0,0,0,0
21570105,2309,0,2,0,0,0,0,0,0,0,0,0
21577329,2310,0,2,0,0,0,0,0,0,0,0,0
21584553,2311,0,2,0,0,0,0,0,0,0,0,0
21591777,2312,0,2,0,0,0,0,0,0,0,0,0
21599001,2313,0,2,0,0,0,0,0,0,0,0,0
21606225,2314,0,2,0,0,0,0,0,0,0,0,0
21613449,2315,0,2,0,0,0,0,0,0,0,0,0
21620673,2316,0,2,0,0,0,0,0,0,0,0,0
21627897,2317,0,2,0,0,0,0,0,0,0,0,0
21635121,2318,0,2,0,0,0,0,0,0,0,0,0
21642345,2319,0,2,0,0,0,0,0,0,0,0,0
21649569,2320,0,2,0,0,0,0,0,0,0,0,0
21656793,2321,0,2,0,0,0,0,0,0,0,0,0
21664018,2322,0,2,0,0,0,0,0,0,0,0,0
21671241,2323,0,2,0,0,0,0,0,0,0,0,0
21678465,2324,0,2,0,0,0,0,0,0,0,0,0
21685689,2325,0,2,0,0,0,0,0,0,0,0,0
21692913,2326,0,2,0,0,0,0,0,0,0,0,0
21700137,2327,0,2,0,0,0,0,0,0,0,0,0
21707361,2328,0,2,0,0,0,0,0,0,0,0,0
21714585,2329,0,2,0,0,0,0,0,0,0,0,0
21721809,2330,0,2,0,0,0,0,0,0,0,0,0
21729034,2331,0,2,0,0,0,0,0,0,0,0,0
21736257,2332,0,2,0,0,0,0,0,0,0,0,0
21743481,2333,0,2,0,0,0,0,0,0,0,0,0
21750705,2334,0,2,0,0,0,0,0,0,0,0,0
21757929,2335,0,2,0,0,0,0,0,0,0,0,0
21765153,2336,0,2,0,0,0,0,0,0,0,0,0
21772377,2337,0,2,0,0,0,0,0,0,0,0,0
21779601,2338,0,2,0,0,0,0,0,0,0,0,0
21786825,2339,0,2,0,0,0,0,0,0,0,0,0
21794049,2340,0,2,0,0,0,0,0,0,0,0,0
21801273,2341,0,2,0,0,0,0,0,0,0,0,0
21808497,2342,0,2,0,0,0,0,0,0,0,0,0
21815721,2343,0,2,0,0,0,0,0,0,0,0,0
21822945,2344,0,2,0,0,0,0,0,0,0,0,0
21830169,2345,0,2,0,0,0,0,0,0,0,0,0
21837393,2346,0,2,0,0,0,0,0,0,0,0,0
21844617,2347,0,2,0,0,0,0,0,0,0,0,0
21851841,2348,0,2,0,0,0,0,0,0,0,0,0
21859065,2349,0,2,0,0,0,0,0,0,0,0,0
21866289,2350,0,2,0,0,0,0,0,0,0,0,0
21873513,2351,0,2,0,0,0,0,0,0,0,0,0
21880737,2352,0,2,0,0,0,0,0,0,0,0,0
21887961,2353,0,2,0,0,0,0,0,0,0,0,0
21895185,2354,0,2,0,0,0,0,0,0,0,0,0
21902409,2355,0,2,0,0,0,0,0,0,0,0,0
21909633,2356,0,2,0,0,0,0,0,0,0,0,0
21916857,2357,0,2,0,0,0,0,0,0,0,0,0
21924082,2358,0,2,0,0,0,0,0,0,0,0,0
21931305,2359,0,2,0,0,0,0,0,0,0,0,0
21938529,2360,0,2,0,0,0,0,0,0,0,0,0
21945753,2361,0,2,0,0,0,0,0,0,0,0,0
21952977,2362,0,2,0,0,0,0,0,0,0,0,0
21960201,2363,0,2,0,0,0,0,0,0,0,0,0
21967425,2364,0,2,0,0,0,0,0,0,0,0,0
21974649,2365,0,2,0,0,0,0,0,0,0,0,0
21981873,2366,0,2,0,0,0,0,0,0,0,0,0
21989097,2367,0,2,0,0,0,0,0,0,0,0,0
21996321,2368,0,2,0,0,0,0,0,0,0,0,0
22003545,2369,0,2,0,0,0,0,0,0,0,0,0
22010769,2370,0,2,0,0,0,0,0,0,0,0,0
22017993,2371,0,2,0,0,0,0,0,0,0,0,0
22025217,2372,0,2,0,0,0,0,0,0,0,0,0
22032441,2373,0,2,0,0,0,0,0,0,0,0,0
22039665,2374,0,2,0,0,0,0,0,0,0,0,0
22046889,2375,0,2,0,0,0,0,0,0,0,0,0
22054113,2376,0,2,0,0,0,0,0,0,0,0,0
22061337,2377,0,2,0,0,0,0,0,0,0,0,0
22068561,2378,0,2,0,0,0,0,0,0,0,0,0
22075785,2379,0,2,0,0,0,0,0,0,0,0,0
22083009,2380,0,2,0,0,0,0,0,0,0,0,0
22090234,2381,0,2,0,0,0,0,0,0,0,0,0
22097457,2382,0,2,0,0,0,0,0,0,0,0,0
22104681,2383,0,2,0,0,0,0,0,0,0,0,0
22111905,2384,0,2,0,0,0,0,0,0,0,0,0
22119129,2385,0,2,0,0,0,0,0,0,0,0,0
22126353,2386,0,2,0,0,0,0,0,0,0,0,0
22133577,2387,0,2,0,0,0,0,0,0,0,0,0
22140801,2388,0,2,0,0,0,0,0,0,0,0,0
22148026,2389,0,2,0,0,0,0,0,0,0,0,0
22155249,2390,0,2,0,0,0,0,0,0,0,0,0
22162473,2391,0,2,0,0,0,0,0,0,0,0,0
22169697,2392,0,2,0,0,0,0,0,0,0,0,0
22176921,2393,0,2,0,0,0,0,0,0,0,0,0
22184145,2394,0,2,0,0,0,0,0,0,0,0,0
22191369,2395,0,2,0,0,0,0,0,0,0,0,0
22198593,2396,0,2,0,0,0,0,0,0,0,0,0
22205817,2397,0,2,0,0,0,0,0,0,0,0,0
22213041,2398,0,2,0,0,0,0,0,0,0,0,0
22220265,2399,0,2,0,0,0,0,0,0,0,0,0
22227489,2400,0,2,0,0,0,0,0,0,0,0,0
22234714,2401,0,2,0,0,0,0,0,0,0,0,0
22241937,2402,0,2,0,0,0,0,0,0,0,0,0
22249161,2403,0,2,0,0,0,0,0,0,0,0,0
22256385,2404,0,2,0,0,0,0,0,0,0,0,0
22263609,2405,0,2,0,0,0,0,0,0,0,0,0
22270833,2406,0,2,0,0,0,0,0,0,0,0,0
22278057,2407,0,2,0,0,0,0,0,0,0,0,0
22285281,2408,0,2,0,0,0,0,0,0,0,0,0
22292505,2409,0,2,0,0,0,0,0,0,0,0,0
22299729,2410,0,2,0,0,0,0,0,0,0,0,0
22306954,2411,0,2,0,0,0,0,0,0,0,0,0
22314177,2412,0,2,0,0,0,0,0,0,0,0,0
22321401,2413,0,2,0,0,0,0,0,0,0,0,0
22328625,2414,0,2,0,0,0,0,0,0,0,0,0
22335849,2415,0,2,0,0,0,0,0,0,0,0,0
22343073,2416,0,2,0,0,0,0,0,0,0,0,0
22350297,2417,0,2,0,0,0,0,0,0,0,0,0
22357521,2418,0,2,0,0,0,0,0,0,0,0,0
22364745,2419,0,2,0,0,0,0,0,0,0,0,0
22371969,2420,0,2,0,0,0,0,0,0,0,0,0
22379194,2421,0,2,0,0,0,0,0,0,0,0,0
22386417,2422,0,2,0,0,0,0,0,0,0,0,0
22393641,2423,0,2,0,0,0,0,0,0,0,0,0
22400865,2424,0,2,0,0,0,0,0,0,0,0,0
22408089,2425,0,2,0,0,0,0,0,0,0,0,0
22415313,2426,0,2,0,0,0,0,0,0,0,0,0
22422537,2427,0,2,0,0,0,0,0,0,0,0,0
22429761,2428,0,2,0,0,0,0,0,0,0,0,0
22436985,2429,0,2,0,0,0,0,0,0,0,0,0
22444209,2430,0,2,0,0,0,0,0,0,0,0,0
22451434,2431,0,2,0,0,0,0,0,0,0,0,0
22458657,2432,0,2,0,0,0,0,0,0,0,0,0
22465881,2433,0,2,0,0,0,0,0,0,0,0,0
22473105,2434,0,2,0,0,0,0,0,0,0,0,0
22480329,2435,0,2,0,0,0,0,0,0,0,0,0
22487553,2436,0,2,0,0,0,0,0,0,0,0,0
22494777,2437,0,2,0,0,0,0,0,0,0,0,0
22502001,2438,0,2,0,0,0,0,0,0,0,0,0
22509225,2439,0,2,0,0,0,0,0,0,0,0,0
22516449,2440,0,2,0,0,0,0,0,0,0,0,0
22523673,2441,0,2,0,0,0,0,0,0,0,0,0
22530897,2442,0,2,0,0,0,0,0,0,0,0,0
22538121,2443,0,2,0,0,0,0,0,0,0,0,0
22545345,2444,0,2,0,0,0,0,0,0,0,0,0
22552569,2445,0,2,0,0,0,0,0,0,0,0,0
22559793,2446,0,2,0,0,0,0,0,0,0,0,0
22567017,2447,0,2,0,0,0,0,0,0,0,0,0
22574241,2448,0,2,0,0,0,0,0,0,0,0,0
22581465,2449,0,2,0,0,0,0,0,0,0,0,0
22588689,2450,0,2,0,0,0,0,0,0,0,0,0
22595914,2451,0,2,0,0,0,0,0,0,0,0,0
22603137,2452,0,2,0,0,0,0,0,0,0,0,0
22610361,2453,0,2,0,0,0,0,0,0,0,0,0
22617585,2454,0,2,0,0,0,0,0,0,0,0,0
22624809,2455,0,2,0,0,0,0,0,0,0,0,0
22632033,2456,0,2,0,0,0,0,0,0,0,0,0
22639257,2457,0,2,0,0,0,0,0,0,0,0,0
22646481,2458,0,2,0,0,0,0,0,0,0,0,0
22653705,2459,0,2,0,0,0,0,0,0,0,0,0
22660929,2460,0,2,0,0,0,0,0,0,0,0,0
22668153,2461,0,2,0,0,0,0,0,0,0,0,0
22675377,2462,0,2,0,0,0,0,0,0,0,0,0
22682601,2463,0,2,0,0,0,0,0,0,0,0,0
22689825,2464,0,2,0,0,0,0,0,0,0,0,0
22697049,2465,0,2,0,0,0,0,0,0,0,0,0
22704273,2466,0,2,0,0,0,0,0,0,0,0,0
22711497,2467,0,2,0,0,0,0,0,0,0,0,0
22718721,2468,0,2,0,0,0,0,0,0,0,0,0
22725945,2469,0,2,0,0,0,0,0,0,0,0,0
22733169,2470,0,2,0,0,0,0,0,0,0,0,0
22740394,2471,0,2,0,0,0,0,0,0,0,0,0
22747617,2472,0,2,0,0,0,0,0,0,0,0,0
22754841,2473,0,2,0,0,0,0,0,0,0,0,0
22762065,2474,0,2,0,0,0,0,0,0,0,0,0
22769289,2475,0,2,0,0,0,0,0,0,0,0,0
22776513,2476,0,2,0,0,0,0,0,0,0,0,0
22783737,2477,0,2,0,0,0,0,0,0,0,0,0
22790961,2478,0,2,0,0,0,0,0,0,0,0,0
22798185,2479,0,2,0,0,0,0,0,0,0,0,0
22805409,2480,0,2,0,0,0,0,0,0,0,0,0
22812634,2481,0,2,0,0,0,0,0,0,0,0,0
22819857,2482,0,2,0,0,0,0,0,0,0,0,0
22827081,2483,0,2,0,0,0,0,0,0,0,0,0
22834305,2484,0,2,0,0,0,0,0,0,0,0,0
22841529,2485,0,2,0,0,0,0,0,0,0,0,0
22848753,2486,0,2,0,0,0,0,0,0,0,0,0
22855977,2487,0,2,0,0,0,0,0,0,0,0,0
22863201,2488,0,2,0,0,0,0,0,0,0,0,0
22870425,2489,0,2,0,0,0,0,0,0,0,0,0
22877649,2490,0,2,0,0,0,0,0,0,0,0,0
22884873,2491,0,2,0,0,0,0,0,0,0,0,0
22892097,2492,0,2,0,0,0,0,0,0,0,0,0
22899321,2493,0,2,0,0,0,0,0,0,0,0,0
22906545,2494,0,2,0,0,0,0,0,0,0,0,0
22913769,2495,0,2,0,0,0,0,0,0,0,0,0
22920993,2496,0,2,0,0,0,0,0,0,0,0,0
22928217,2497,0,2,0,0,0,0,0,0,0,0,0
22948416,2498,0,2,0,0,0,0,0,0,0,0,0
22955628,2499,0,2,0,0,0,0,0,0,0,0,0
22962852,2500,0,2,0,0,0,0,0,0,0,0,0
22970077,2501,0,2,0,0,0,0,0,0,0,0,0
22977300,2502,0,2,0,0,0,0,0,0,0,0,0
22984524,2503,0,2,0,0,0,0,0,0,0,0,0
22991748,2504,0,2,0,0,0,0,0,0,0,0,0
22998972,2505,0,2,0,0,0,0,0,0,0,0,0
23006196,2506,0,2,0,0,0,0,0,0,0,0,0
23013420,2507,0,2,0,0,0,0,0,0,0,0,0
23020644,2508,0,2,0,0,0,0,0,0,0,0,0
23027868,2509,0,2,0,0,0,0,0,0,0,0,0
23035092,2510,0,2,0,0,0,0,0,0,0,0,0
23042317,2511,0,2,0,0,0,0,0,0,0,0,0
23049540,2512,0,2,0,0,0,0,0,0,0,0,0
23056764,2513,0,2,0,0,0,0,0,0,0,0,0
23063988,2514,0,2,0,0,0,0,0,0,0,0,0
23071212,2515,0,2,0,0,0,0,0,0,0,0,0
23078436,2516,0,2,0,0,0,0,0,0,0,0,0
23085660,2517,0,2,0,0,0,0,0,0,0,0,0
23092884,2518,0,2,0,0,0,0,0,0,0,0,0
23100108,2519,0,2,0,0,0,0,0,0,0,0,0
23107332,2520,0,2,0,0,0,0,0,0,0,0,0
23114556,2521,0,2,0,0,0,0,0,0,0,0,0
23121780,2522,0,2,0,0,0,0,0,0,0,0,0
23129005,2523,0,2,0,0,0,0,0,0,0,0,0
23136228,2524,0,2,0,0,0,0,0,0,0,0,0
23143452,2525,0,2,0,0,0,0,0,0,0,0,0
23150676,2526,0,2,0,0,0,0,0,0,0,0,0
23157900,2527,0,2,0,0,0,0,0,0,0,0,0
23165124,2528,0,2,0,0,0,0,0,0,0,0,0
23172348,2529,0,2,0,0,0,0,0,0,0,0,0
23179572,2530,0,2,0,0,0,0,0,0,0,0,0
23186797,2531,0,2,0,0,0,0,0,0,0,0,0
23194020,2532,0,2,0,0,0,0,0,0,0,0,0
23201244,2533,0,2,0,0,0,0,0,0,0,0,0
23208468,2534,0,2,0,0,0,0,0,0,0,0,0
23215692,2535,0,2,0,0,0,0,0,0,0,0,0
23222916,2536,0,2,0,0,0,0,0,0,0,0,0
23230140,2537,0,2,0,0,0,0,0,0,0,0,0
23237364,2538,0,2,0,0,0,0,0,0,0,0,0
23244588,2539,0,2,0,0,0,0,0,0,0,0,0
23251812,2540,0,2,0,0,0,0,0,0,0,0,0
23259037,2541,0,2,0,0,0,0,0,0,0,0,0
23266260,2542,0,2,0,0,0,0,0,0,0,0,0
23273484,2543,0,2,0,0,0,0,0,0,0,0,0
23280708,2544,0,2,0,0,0,0,0,0,0,0,0
23287932,2545,0,2,0,0,0,0,0,0,0,0,0
23295156,2546,0,2,0,0,0,0,0,0,0,0,0
23302380,2547,0,2,0,0,0,0,0,0,0,0,0
23309604,2548,0,2,0,0,0,0,0,0,0,0,0
23316828,2549,0,2,0,0,0,0,0,0,0,0,0
23324052,2550,0,2,0,0,0,0,0,0,0,0,0
23331277,2551,0,2,0,0,0,0,0,0,0,0,0
23338500,2552,0,2,0,0,0,0,0,0,0,0,0
23345724,2553,0,2,0,0,0,0,0,0,0,0,0
23352948,2554,0,2,0,0,0,0,0,0,0,0,0
23360172,2555,0,2,0,0,0,0,0,0,0,0,0
23367396,2556,0,2,0,0,0,0,0,0,0,0,0
23374620,2557,0,2,0,0,0,0,0,0,0,0,0
23381844,2558,0,2,0,0,0,0,0,0,0,0,0
23389068,2559,0,2,0,0,0,0,0,0,0,0,0
23396292,2560,0,2,0,0,0,0,0,0,0,0,0
23403517,2561,0,2,0,0,0,0,0,0,0,0,0
23410740,2562,0,2,0,0,0,0,0,0,0,0,0
23417964,2563,0,2,0,0,0,0,0,0,0,0,0
23425188,2564,0,2,0,0,0,0,0,0,0,0,0
23432412,2565,0,2,0,0,0,0,0,0,0,0,0
23439636,2566,0,2,0,0,0,0,0,0,0,0,0
23446860,2567,0,2,0,0,0,0,0,0,0,0,0
23454084,2568,0,2,0,0,0,0,0,0,0,0,0
23461308,2569,0,2,0,0,0,0,0,0,0,0,0
23468532,2570,0,2,0,0,0,0,0,0,0,0,0
23475757,2571,0,2,0,0,0,0,0,0,0,0,0
23482980,2572,0,2,0,0,0,0,0,0,0,0,0
23490204,2573,0,2,0,0,0,0,0,0,0,0,0
23497428,2574,0,2,0,0,0,0,0,0,0,0,0
23504652,2575,0,2,0,0,0,0,0,0,0,0,0
23511876,2576,0,2,0,0,0,0,0,0,0,0,0
23519100,2577,0,2,0,0,0,0,0,0,0,0,0
23526324,2578,0,2,0,0,0,0,0,0,0,0,0
23533548,2579,0,2,0,0,0,0,0,0,0,0,0
23540772,2580,0,2,0,0,0,0,0,0,0,0,0
23547997,2581,0,2,0,0,0,0,0,0,0,0,0
23555220,2582,0,2,0,0,0,0,0,0,0,0,0
23562444,2583,0,2,0,0,0,0,0,0,0,0,0
23569668,2584,0,2,0,0,0,0,0,0,0,0,0
23576892,2585,0,2,0,0,0,0,0,0,0,0,0
23584116,2586,0,2,0,0,0,0,0,0,0,0,0
23591340,2587,0,2,0,0,0,0,0,0,0,0,0
23598564,2588,0,2,0,0,0,0,0,0,0,0,0
23605788,2589,0,2,0,0,0,0,0,0,0,0,0
23613012,2590,0,2,0,0,0,0,0,0,0,0,0
23620237,2591,0,2,0,0,0,0,0,0,0,0,0
23627460,2592,0,2,0,0,0,0,0,0,0,0,0
23634684,2593,0,2,0,0,0,0,0,0,0,0,0
23641908,2594,0,2,0,0,0,0,0,0,0,0,0
23649132,2595,0,2,0,0,0,0,0,0,0,0,0
23656356,2596,0,2,0,0,0,0,0,0,0,0,0
23663580,2597,0,2,0,0,0,0,0,0,0,0,0
23670804,2598,0,2,0,0,0,0,0,0,0,0,0
23678028,2599,0,2,0,0,0,0,0,0,0,0,0
23685252,2600,0,2,0,0,0,0,0,0,0,0,0
23692477,2601,0,2,0,0,0,0,0,0,0,0,0
23699700,2602,0,2,0,0,0,0,0,0,0,0,0
23706924,2603,0,2,0,0,0,0,0,0,0,0,0
23714148,2604,0,2,0,0,0,0,0,0,0,0,0
23721372,2605,0,2,0,0,0,0,0,0,0,0,0
23728596,2606,0,2,0,0,0,0,0,0,0,0,0
23735820,2607,0,2,0,0,0,0,0,0,0,0,0
23743045,2608,0,2,0,0,0,0,0,0,0,0,0
23750268,2609,0,2,0,0,0,0,0,0,0,0,0
23757492,2610,0,2,0,0,0,0,0,0,0,0,0
23764717,2611,0,2,0,0,0,0,0,0,0,0,0
23771940,2612,0,2,0,0,0,0,0,0,0,0,0
23779164,2613,0,2,0,0,0,0,0,0,0,0,0
23786388,2614,0,2,0,0,0,0,0,0,0,0,0
23793612,2615,0,2,0,0,0,0,0,0,0,0,0
23800836,2616,0,2,0,0,0,0,0,0,0,0,0
23808061,2617,0,2,0,0,0,0,0,0,0,0,0
23815284,2618,0,2,0,0,0,0,0,0,0,0,0
23822508,2619,0,2,0,0,0,0,0,0,0,0,0
23829732,2620,0,2,0,0,0,0,0,0,0,0,0
23836957,2621,0,2,0,0,0,0,0,0,0,0,0
23844180,2622,0,2,0,0,0,0,0,0,0,0,0
23851404,2623,0,2,0,0,0,0,0,0,0,0,0
23858628,2624,0,2,0,0,0,0,0,0,0,0,0
23865852,2625,0,2,0,0,0,0,0,0,0,0,0
23873076,2626,0,2,0,0,0,0,0,0,0,0,0
23880300,2627,0,2,0,0,0,0,0,0,0,0,0
23887524,2628,0,2,0,0,0,0,0,0,0,0,0
23894748,2629,0,2,0,0,0,0,0,0,0,0,0
23901972,2630,0,2,0,0,0,0,0,0,0,0,0
23909197,2631,0,2,0,0,0,0,0,0,0,0,0
23916420,2632,0,2,0,0,0,0,0,0,0,0,0
23923644,2633,0,2,0,0,0,0,0,0,0,0,0
23930868,2634,0,2,0,0,0,0,0,0,0,0,0
23938092,2635,0,2,0,0,0,0,0,0,0,0,0
23945316,2636,0,2,0,0,0,0,0,0,0,0,0
23952540,2637,0,2,0,0,0,0,0,0,0,0,0
23959764,2638,0,2,0,0,0,0,0,0,0,0,0
23966988,2639,0,2,0,0,0,0,0,0,0,0,0
23974212,2640,0,2,0,0,0,0,0,0,0,0,0
23981437,2641,0,2,0,0,0,0,0,0,0,0,0
23988660,2642,0,2,0,0,0,0,0,0,0,0,0
23995884,2643,0,2,0,0,0,0,0,0,0,0,0
24003108,2644,0,2,0,0,0,0,0,0,0,0,0
24010332,2645,0,2,0,0,0,0,0,0,0,0,0
24017556,2646,0,2,0,0,0,0,0,0,0,0,0
24024780,2647,0,2,0,0,0,0,0,0,0,0,0
24032005,2648,0,2,0,0,0,0,0,0,0,0,0
24039228,2649,0,2,0,0,0,0,0,0,0,0,0
24046452,2650,0,2,0,0,0,0,0,0,0,0,0
24053677,2651,0,2,0,0,0,0,0,0,0,0,0
24060900,2652,0,2,0,0,0,0,0,0,0,0,0
24068124,2653,0,2,0,0,0,0,0,0,0,0,0
24075348,2654,0,2,0,0,0,0,0,0,0,0,0
24082572,2655,0,2,0,0,0,0,0,0,0,0,0
24089796,2656,0,2,0,0,0,0,0,0,0,0,0
24097020,2657,0,2,0,0,0,0,0,0,0,0,0
24104244,2658,0,2,0,0,0,0,0,0,0,0,0
24111468,2659,0,2,0,0,0,0,0,0,0,0,0
24118692,2660,0,2,0,0,0,0,0,0,0,0,0
24125917,2661,0,2,0,0,0,0,0,0,0,0,0
24133140,2662,0,2,0,0,0,0,0,0,0,0,0
24140364,2663,0,2,0,0,0,0,0,0,0,0,0
24147588,2664,0,2,0,0,0,0,0,0,0,0,0
24154812,2665,0,2,0,0,0,0,0,0,0,0,0
24162037,2666,0,2,0,0,0,0,0,0,0,0,0
24169260,2667,0,2,0,0,0,0,0,0,0,0,0
24176484,2668,0,2,0,0,0,0,0,0,0,0,0
24183708,2669,0,2,0,0,0,0,0,0,0,0,0
24190932,2670,0,2,0,0,0,0,0,0,0,0,0
24198157,2671,0,2,0,0,0,0,0,0,0,0,0
24205380,2672,0,2,0,0,0,0,0,0,0,0,0
24212604,2673,0,2,0,0,0,0,0,0,0,0,0
24219828,2674,0,2,0,0,0,0,0,0,0,0,0
24227052,2675,0,2,0,0,0,0,0,0,0,0,0
24234276,2676,0,2,0,0,0,0,0,0,0,0,0
24241500,2677,0,2,0,0,0,0,0,0,0,0,0
24248724,2678,0,2,0,0,0,0,0,0,0,0,0
24255948,2679,0,2,0,0,0,0,0,0,0,0,0
24263172,2680,0,2,0,0,0,0,0,0,0,0,0
24270397,2681,0,2,0,0,0,0,0,0,0,0,0
24277620,2682,0,2,0,0,0,0,0,0,0,0,0
24284844,2683,0,2,0,0,0,0,0,0,0,0,0
24292068,2684,0,2,0,0,0,0,0,0,0,0,0
24299292,2685,0,2,0,0,0,0,0,0,0,0,0
24306516,2686,0,2,0,0,0,0,0,0,0,0,0
24313740,2687,0,2,0,0,0,0,0,0,0,0,0
24320964,2688,0,2,0,0,0,0,0,0,0,0,0
24328188,2689,0,2,0,0,0,0,0,0,0,0,0
24335412,2690,0,2,0,0,0,0,0,0,0,0,0
24342637,2691,0,2,0,0,0,0,0,0,0,0,0
24349860,2692,0,2,0,0,0,0,0,0,0,0,0
24357084,2693,0,2,0,0,0,0,0,0,0,0,0
24364308,2694,0,2,0,0,0,0,0,0,0,0,0
24371532,2695,0,2,0,0,0,0,0,0,0,0,0
24378756,2696,0,2,0,0,0,0,0,0,0,0,0
24385980,2697,0,2,0,0,0,0,0,0,0,0,0
24393204,2698,0,2,0,0,0,0,0,0,0,0,0
24400428,2699,0,2,0,0,0,0,0,0,0,0,0
24407652,2700,0,2,0,0,0,0,0,0,0,0,0
24414877,2701,0,2,0,0,0,0,0,0,0,0,0
24422100,2702,0,2,0,0,0,0,0,0,0,0,0
24429324,2703,0,2,0,0,0,0,0,0,0,0,0
24436548,2704,0,2,0,0,0,0,0,0,0,0,0
24443772,2705,0,2,0,0,0,0,0,0,0,0,0
24450996,2706,0,2,0,0,0,0,0,0,0,0,0
24458220,2707,0,2,0,0,0,0,0,0,0,0,0
24465444,2708,0,2,0,0,0,0,0,0,0,0,0
24472668,2709,0,2,0,0,0,0,0,0,0,0,0
24479892,2710,0,2,0,0,0,0,0,0,0,0,0
24487117,2711,0,2,0,0,0,0,0,0,0,0,0
24494340,2712,0,2,0,0,0,0,0,0,0,0,0
24501564,2713,0,2,0,0,0,0,0,0,0,0,0
24508788,2714,0,2,0,0,0,0,0,0,0,0,0
24516012,2715,0,2,0,0,0,0,0,0,0,0,0
24523236,2716,0,2,0,0,0,0,0,0,0,0,0
24530460,2717,0,2,0,0,0,0,0,0,0,0,0
24537684,2718,0,2,0,0,0,0,0,0,0,0,0
24544908,2719,0,2,0,0,0,0,0,0,0,0,0
24552132,2720,0,2,0,0,0,0,0,0,0,0,0
24559357,2721,0,2,0,0,0,0,0,0,0,0,0
24566580,2722,0,2,0,0,0,0,0,0,0,0,0
24573804,2723,0,2,0,0,0,0,0,0,0,0,0
24581028,2724,0,2,0,0,0,0,0,0,0,0,0
24592887,2725,0,2,0,0,0,0,0,0,0,0,0
24600099,2726,0,2,0,0,0,0,0,0,0,0,0
24607323,2727,0,2,0,0,0,0,0,0,0,0,0
24614547,2728,0,2,0,0,0,0,0,0,0,0,0
24621771,2729,0,2,0,0,0,0,0,0,0,0,0
24628995,2730,0,2,0,0,0,0,0,0,0,0,0
24636220,2731,0,2,0,0,0,0,0,0,0,0,0
24643443,2732,0,2,0,0,0,0,0,0,0,0,0
24650667,2733,0,2,0,0,0,0,0,0,0,0,0
24657891,2734,0,2,0,0,0,0,0,0,0,0,0
24665115,2735,0,2,0,0,0,0,0,0,0,0,0
24672339,2736,0,2,0,0,0,0,0,0,0,0,0
24679563,2737,0,2,0,0,0,0,0,0,0,0,0
24686787,2738,0,2,0,0,0,0,0,0,0,0,0
24694011,2739,0,2,0,0,0,0,0,0,0,0,0
24701235,2740,0,2,0,0,0,0,0,0,0,0,0
24708460,2741,0,2,0,0,0,0,0,0,0,0,0
24715683,2742,0,2,0,0,0,0,0,0,0,0,0
24722907,2743,0,2,0,0,0,0,0,0,0,0,0
24730131,2744,0,2,0,0,0,0,0,0,0,0,0
24737355,2745,0,2,0,0,0,0,0,0,0,0,0
24744579,2746,0,2,0,0,0,0,0,0,0,0,0
24751803,2747,0,2,0,0,0,0,0,0,0,0,0
24759027,2748,0,2,0,0,0,0,0,0,0,0,0
24766251,2749,0,2,0,0,0,0,0,0,0,0,0
24773475,2750,0,2,0,0,0,0,0,0,0,0,0
24780700,2751,0,2,0,0,0,0,0,0,0,0,0
24787923,2752,0,2,0,0,0,0,0,0,0,0,0
24795147,2753,0,2,0,0,0,0,0,0,0,0,0
24802371,2754,0,2,0,0,0,0,0,0,0,0,0
24809595,2755,0,2,0,0,0,0,0,0,0,0,0
24816819,2756,0,2,0,0,0,0,0,0,0,0,0
24824043,2757,0,2,0,0,0,0,0,0,0,0,0
24831267,2758,0,2,0,0,0,0,0,0,0,0,0
24838491,2759,0,2,0,0,0,0,0,0,0,0,0
24845715,2760,0,2,0,0,0,0,0,0,0,0,0
24852940,2761,0,2,0,0,0,0,0,0,0,0,0
24860163,2762,0,2,0,0,0,0,0,0,0,0,0
24867387,2763,0,2,0,0,0,0,0,0,0,0,0
24874611,2764,0,2,0,0,0,0,0,0,0,0,0
24881835,2765,0,2,0,0,0,0,0,0,0,0,0
24889060,2766,0,2,0,0,0,0,0,0,0,0,0
24896283,2767,0,2,0,0,0,0,0,0,0,0,0
24903507,2768,0,2,0,0,0,0,0,0,0,0,0
24910731,2769,0,2,0,0,0,0,0,0,0,0,0
24917955,2770,0,2,0,0,0,0,0,0,0,0,0
24925180,2771,0,2,0,0,0,0,0,0,0,0,0
24932403,2772,0,2,0,0,0,0,0,0,0,0,0
24939627,2773,0,2,0,0,0,0,0,0,0,0,0
24946851,2774,0,2,0,0,0,0,0,0,0,0,0
24954075,2775,0,2,0,0,0,0,0,0,0,0,0
24961299,2776,0,2,0,0,0,0,0,0,0,0,0
24968523,2777,0,2,0,0,0,0,0,0,0,0,0
24975747,2778,0,2,0,0,0,0,0,0,0,0,0
24982971,2779,0,2,0,0,0,0,0,0,0,0,0
24990195,2780,0,2,0,0,0,0,0,0,0,0,0
24997420,2781,0,2,0,0,0,0,0,0,0,0,0
25004643,2782,0,2,0,0,0,0,0,0,0,0,0
25011867,2783,0,2,0,0,0,0,0,0,0,0,0
25019092,2784,0,2,0,0,0,0,0,0,0,0,0
25026315,2785,0,2,0,0,0,0,0,0,0,0,0
25033539,2786,0,2,0,0,0,0,0,0,0,0,0
25040763,2787,0,2,0,0,0,0,0,0,0,0,0
25047987,2788,0,2,0,0,0,0,0,0,0,0,0
25055211,2789,0,2,0,0,0,0,0,0,0,0,0
25062435,2790,0,2,0,0,0,0,0,0,0,0,0
25069660,2791,0,2,0,0,0,0,0,0,0,0,0
25076883,2792,0,2,0,0,0,0,0,0,0,0,0
25084107,2793,0,2,0,0,0,0,0,0,0,0,0
25091331,2794,0,2,0,0,0,0,0,0,0,0,0
25098555,2795,0,2,0,0,0,0,0,0,0,0,0
25105779,2796,0,2,0,0,0,0,0,0,0,0,0
25113003,2797,0,2,0,0,0,0,0,0,0,0,0
25120227,2798,0,2,0,0,0,0,0,0,0,0,0
25127451,2799,0,2,0,0,0,0,0,0,0,0,0
25134675,2800,0,2,0,0,0,0,0,0,0,0,0
25141900,2801,0,2,0,0,0,0,0,0,0,0,0
25149123,2802,0,2,0,0,0,0,0,0,0,0,0
25156347,2803,0,2,0,0,0,0,0,0,0,0,0
25163571,2804,0,2,0,0,0,0,0,0,0,0,0
25170795,2805,0,2,0,0,0,0,0,0,0,0,0
25178020,2806,0,2,0,0,0,0,0,0,0,0,0
25185243,2807,0,2,0,0,0,0,0,0,0,0,0
25192467,2808,0,2,0,0,0,0,0,0,0,0,0
25199691,2809,0,2,0,0,0,0,0,0,0,0,0
25206915,2810,0,2,0,0,0,0,0,0,0,0,0
25214140,2811,0,2,0,0,0,0,0,0,0,0,0
25221363,2812,0,2,0,0,0,0,0,0,0,0,0
25228587,2813,0,2,0,0,0,0,0,0,0,0,0
25235811,2814,0,2,0,0,0,0,0,0,0,0,0
25243035,2815,0,2,0,0,0,0,0,0,0,0,0
25250259,2816,0,2,0,0,0,0,0,0,0,0,0
25257483,2817,0,2,0,0,0,0,0,0,0,0,0
25264707,2818,0,2,0,0,0,0,0,0,0,0,0
25271931,2819,0,2,0,0,0,0,0,0,0,0,0
25279155,2820,0,2,0,0,0,0,0,0,0,0,0
25286380,2821,0,2,0,0,0,0,0,0,0,0,0
25293603,2822,0,2,0,0,0,0,0,0,0,0,0
25300827,2823,0,2,0,0,0,0,0,0,0,0,0
25308051,2824,0,2,0,0,0,0,0,0,0,0,0
25315275,2825,0,2,0,0,0,0,0,0,0,0,0
25322499,2826,0,2,0,0,0,0,0,0,0,0,0
25329723,2827,0,2,0,0,0,0,0,0,0,0,0
25336947,2828,0,2,0,0,0,0,0,0,0,0,0
25344171,2829,0,2,0,0,0,0,0,0,0,0,0
25351395,2830,0,2,0,0,0,0,0,0,0,0,0
25358620,2831,0,2,0,0,0,0,0,0,0,0,0
25365843,2832,0,2,0,0,0,0,0,0,0,0,0
25373067,2833,0,2,0,0,0,0,0,0,0,0,0
25380291,2834,0,2,0,0,0,0,0,0,0,0,0
25387515,2835,0,2,0,0,0,0,0,0,0,0,0
25394739,2836,0,2,0,0,0,0,0,0,0,0,0
25401963,2837,0,2,0,0,0,0,0,0,0,0,0
25409187,2838,0,2,0,0,0,0,0,0,0,0,0
25416411,2839,0,2,0,0,0,0,0,0,0,0,0
25423635,2840,0,2,0,0,0,0,0,0,0,0,0
25430860,2841,0,2,0,0,0,0,0,0,0,0,0
25438083,2842,0,2,0,0,0,0,0,0,0,0,0
25445307,2843,0,2,0,0,0,0,0,0,0,0,0
25452531,2844,0,2,0,0,0,0,0,0,0,0,0
25459755,2845,0,2,0,0,0,0,0,0,0,0,0
25466979,2846,0,2,0,0,0,0,0,0,0,0,0
25474203,2847,0,2,0,0,0,0,0,0,0,0,0
25481427,2848,0,2,0,0,0,0,0,0,0,0,0
25488651,2849,0,2,0,0,0,0,0,0,0,0,0
25495875,2850,0,2,0,0,0,0,0,0,0,0,0
25503100,2851,0,2,0,0,0,0,0,0,0,0,0
25510323,2852,0,2,0,0,0,0,0,0,0,0,0
25517547,2853,0,2,0,0,0,0,0,0,0,0,0
25524771,2854,0,2,0,0,0,0,0,0,0,0,0
25531995,2855,0,2,0,0,0,0,0,0,0,0,0
25539219,2856,0,2,0,0,0,0,0,0,0,0,0
25546443,2857,0,2,0,0,0,0,0,0,0,0,0
25553667,2858,0,2,0,0,0,0,0,0,0,0,0
25560891,2859,0,2,0,0,0,0,0,0,0,0,0
25568115,2860,0,2,0,0,0,0,0,0,0,0,0
25575340,2861,0,2,0,0,0,0,0,0,0,0,0
25582563,2862,0,2,0,0,0,0,0,0,0,0,0
25589787,2863,0,2,0,0,0,0,0,0,0,0,0
25597011,2864,0,2,0,0,0,0,0,0,0,0,0
25604235,2865,0,2,0,0,0,0,0,0,0,0,0
25611459,2866,0,2,0,0,0,0,0,0,0,0,0
25618683,2867,0,2,0,0,0,0,0,0,0,0,0
25625907,2868,0,2,0,0,0,0,0,0,0,0,0
25633131,2869,0,2,0,0,0,0,0,0,0,0,0
25640355,2870,0,2,0,0,0,0,0,0,0,0,0
25647580,2871,0,2,0,0,0,0,0,0,0,0,0
25654803,2872,0,2,0,0,0,0,0,0,0,0,0
25662027,2873,0,2,0,0,0,0,0,0,0,0,0
25669251,2874,0,2,0,0,0,0,0,0,0,0,0
25676475,2875,0,2,0,0,0,0,0,0,0,0,0
25683699,2876,0,2,0,0,0,0,0,0,0,0,0
25690923,2877,0,2,0,0,0,0,0,0,0,0,0
25698147,2878,0,2,0,0,0,0,0,0,0,0,0
25705371,2879,0,2,0,0,0,0,0,0,0,0,0
25712595,2880,0,2,0,0,0,0,0,0,0,0,0
25719820,2881,0,2,0,0,0,0,0,0,0,0,0
25727043,2882,0,2,0,0,0,0,0,0,0,0,0
25734267,2883,0,2,0,0,0,0,0,0,0,0,0
25741491,2884,0,2,0,0,0,0,0,0,0,0,0
25748715,2885,0,2,0,0,0,0,0,0,0,0,0
25755939,2886,0,2,0,0,0,0,0,0,0,0,0
25763163,2887,0,2,0,0,0,0,0,0,0,0,0
25770387,2888,0,2,0,0,0,0,0,0,0,0,0
25777611,2889,0,2,0,0,0,0,0,0,0,0,0
25784835,2890,0,2,0,0,0,0,0,0,0,0,0
25792060,2891,0,2,0,0,0,0,0,0,0,0,0
25799283,2892,0,2,0,0,0,0,0,0,0,0,0
25806507,2893,0,2,0,0,0,0,0,0,0,0,0
25813731,2894,0,2,0,0,0,0,0,0,0,0,0
25820955,2895,0,2,0,0,0,0,0,0,0,0,0
25828179,2896,0,2,0,0,0,0,0,0,0,0,0
25835403,2897,0,2,0,0,0,0,0,0,0,0,0
25842627,2898,0,2,0,0,0,0,0,0,0,0,0
25849851,2899,0,2,0,0,0,0,0,0,0,0,0
25857075,2900,0,2,0,0,0,0,0,0,0,0,0
25864300,2901,0,2,0,0,0,0,0,0,0,0,0
25871523,2902,0,2,0,0,0,0,0,0,0,0,0
25878747,2903,0,2,0,0,0,0,0,0,0,0,0
25885971,2904,0,2,0,0,0,0,0,0,0,0,0
25893195,2905,0,2,0,0,0,0,0,0,0,0,0
25900419,2906,0,2,0,0,0,0,0,0,0,0,0
25907643,2907,0,2,0,0,0,0,0,0,0,0,0
25914867,2908,0,2,0,0,0,0,0,0,0,0,0
25922092,2909,0,2,0,0,0,0,0,0,0,0,0
25929315,2910,0,2,0,0,0,0,0,0,0,0,0
25936540,2911,0,2,0,0,0,0,0,0,0,0,0
25943763,2912,0,2,0,0,0,0,0,0,0,0,0
25950987,2913,0,2,0,0,0,0,0,0,0,0,0
25958211,2914,0,2,0,0,0,0,0,0,0,0,0
25965435,2915,0,2,0,0,0,0,0,0,0,0,0
25972659,2916,0,2,0,0,0,0,0,0,0,0,0
25979883,2917,0,2,0,0,0,0,0,0,0,0,0
25987107,2918,0,2,0,0,0,0,0,0,0,0,0
25994331,2919,0,2,0,0,0,0,0,0,0,0,0
26001555,2920,0,2,0,0,0,0,0,0,0,0,0
26008780,2921,0,2,0,0,0,0,0,0,0,0,0
26016004,2922,0,2,0,0,0,0,0,0,0,0,0
26023227,2923,0,2,0,0,0,0,0,0,0,0,0
26030451,2924,0,2,0,0,0,0,0,0,0,0,0
26037675,2925,0,2,0,0,0,0,0,0,0,0,0
26044899,2926,0,2,0,0,0,0,0,0,0,0,0
26052123,2927,0,2,0,0,0,0,0,0,0,0,0
26059347,2928,0,2,0,0,0,0,0,0,0,0,0
26066571,2929,0,2,0,0,0,0,0,0,0,0,0
26073795,2930,0,2,0,0,0,0,0,0,0,0,0
26081020,2931,0,2,0,0,0,0,0,0,0,0,0
26088243,2932,0,2,0,0,0,0,0,0,0,0,0
26095467,2933,0,2,0,0,0,0,0,0,0,0,0
26102691,2934,0,2,0,0,0,0,0,0,0,0,0
26109915,2935,0,2,0,0,0,0,0,0,0,0,0
26117139,2936,0,2,0,0,0,0,0,0,0,0,0
26124363,2937,0,2,0,0,0,0,0,0,0,0,0
26131587,2938,0,2,0,0,0,0,0,0,0,0,0
26138811,2939,0,2,0,0,0,0,0,0,0,0,0
26146035,2940,0,2,0,0,0,0,0,0,0,0,0
26153260,2941,0,2,0,0,0,0,0,0,0,0,0
26160483,2942,0,2,0,0,0,0,0,0,0,0,0
26167707,2943,0,2,0,0,0,0,0,0,0,0,0
26174931,2944,0,2,0,0,0,0,0,0,0,0,0
26182155,2945,0,2,0,0,0,0,0,0,0,0,0
26189379,2946,0,2,0,0,0,0,0,0,0,0,0
26196603,2947,0,2,0,0,0,0,0,0,0,0,0
26203827,2948,0,2,0,0,0,0,0,0,0,0,0
26211051,2949,0,2,0,0,0,0,0,0,0,0,0
26218275,2950,0,2,0,0,0,0,0,0,0,0,0
26225500,2951,0,2,0,0,0,0,0,0,0,0,0
26239322,2952,0,2,0,0,0,0,0,0,0,0,0
26246534,2953,0,2,0,0,0,0,0,0,0,0,0
26253758,2954,0,2,0,0,0,0,0,0,0,0,0
26260982,2955,0,2,0,0,0,0,0,0,0,0,0
26268206,2956,0,2,0,0,0,0,0,0,0,0,0
26275430,2957,0,2,0,0,0,0,0,0,0,0,0
26282654,2958,0,2,0,0,0,0,0,0,0,0,0
26289878,2959,0,2,0,0,0,0,0,0,0,0,0
26297102,2960,0,2,0,0,0,0,0,0,0,0,0
26304327,2961,0,2,0,0,0,0,0,0,0,0,0
26311550,2962,0,2,0,0,0,0,0,0,0,0,0
26318774,2963,0,2,0,0,0,0,0,0,0,0,0
26325998,2964,0,2,0,0,0,0,0,0,0,0,0
26333222,2965,0,2,0,0,0,0,0,0,0,0,0
26340446,2966,0,2,0,0,0,0,0,0,0,0,0
26347670,2967,0,2,0,0,0,0,0,0,0,0,0
26354894,2968,0,2,0,0,0,0,0,0,0,0,0
26362118,2969,0,2,0,0,0,0,0,0,0,0,0
26369342,2970,0,2,0,0,0,0,0,0,0,0,0
26376567,2971,0,2,0,0,0,0,0,0,0,0,0
26383790,2972,0,2,0,0,0,0,0,0,0,0,0
26391014,2973,0,2,0,0,0,0,0,0,0,0,0
26398238,2974,0,2,0,0,0,0,0,0,0,0,0
26405462,2975,0,2,0,0,0,0,0,0,0,0,0
26412686,2976,0,2,0,0,0,0,0,0,0,0,0
26419910,2977,0,2,0,0,0,0,0,0,0,0,0
26427134,2978,0,2,0,0,0,0,0,0,0,0,0
26434358,2979,0,2,0,0,0,0,0,0,0,0,0
26441582,2980,0,2,0,0,0,0,0,0,0,0,0
26448807,2981,0,2,0,0,0,0,0,0,0,0,0
26456030,2982,0,2,0,0,0,0,0,0,0,0,0
26463254,2983,0,2,0,0,0,0,0,0,0,0,0
26470478,2984,0,2,0,0,0,0,0,0,0,0,0
26477702,2985,0,2,0,0,0,0,0,0,0,0,0
26484926,2986,0,2,0,0,0,0,0,0,0,0,0
26492150,2987,0,2,0,0,0,0,0,0,0,0,0
26499374,2988,0,2,0,0,0,0,0,0,0,0,0
26506598,2989,0,2,0,0,0,0,0,0,0,0,0
26513822,2990,0,2,0,0,0,0,0,0,0,0,0
26521047,2991,0,2,0,0,0,0,0,0,0,0,0
26528270,2992,0,2,0,0,0,0,0,0,0,0,0
26535494,2993,0,2,0,0,0,0,0,0,0,0,0
26542718,2994,0,2,0,0,0,0,0,0,0,0,0
26549942,2995,0,2,0,0,0,0,0,0,0,0,0
26557166,2996,0,2,0,0,0,0,0,0,0,0,0
26564390,2997,0,2,0,0,0,0,0,0,0,0,0
26571614,2998,0,2,0,0,0,0,0,0,0,0,0
26578838,2999,0,2,0,0,0,0,0,0,0,0,0
26586062,3000,0,2,0,0,0,0,0,0,0,0,0
26593287,3001,0,2,0,0,0,0,0,0,0,0,0
26600510,3002,0,2,0,0,0,0,0,0,0,0,0
26607734,3003,0,2,0,0,0,0,0,0,0,0,0
26614958,3004,0,2,0,0,0,0,0,0,0,0,0
26622182,3005,0,2,0,0,0,0,0,0,0,0,0
26629406,3006,0,2,0,0,0,0,0,0,0,0,0
26636630,3007,0,2,0,0,0,0,0,0,0,0,0
26643854,3008,0,2,0,0,0,0,0,0,0,0,0
26651078,3009,0,2,0,0,0,0,0,0,0,0,0
26658302,3010,0,2,0,0,0,0,0,0,0,0,0
26665527,3011,0,2,0,0,0,0,0,0,0,0,0
26672750,3012,0,2,0,0,0,0,0,0,0,0,0
26679974,3013,0,2,0,0,0,0,0,0,0,0,0
26687198,3014,0,2,0,0,0,0,0,0,0,0,0
26694422,3015,0,2,0,0,0,0,0,0,0,0,0
26701646,3016,0,2,0,0,0,0,0,0,0,0,0
26708870,3017,0,2,0,0,0,0,0,0,0,0,0
26716094,3018,0,2,0,0,0,0,0,0,0,0,0
26723318,3019,0,2,0,0,0,0,0,0,0,0,0
26730542,3020,0,2,0,0,0,0,0,0,0,0,0
26737767,3021,0,2,0,0,0,0,0,0,0,0,0
26744990,3022,0,2,0,0,0,0,0,0,0,0,0
26752214,3023,0,2,0,0,0,0,0,0,0,0,0
26759438,3024,0,2,0,0,0,0,0,0,0,0,0
26766662,3025,0,2,0,0,0,0,0,0,0,0,0
26773886,3026,0,2,0,0,0,0,0,0,0,0,0
26781110,3027,0,2,0,0,0,0,0,0,0,0,0
26788334,3028,0,2,0,0,0,0,0,0,0,0,0
26795558,3029,0,2,0,0,0,0,0,0,0,0,0
26802782,3030,0,2,0,0,0,0,0,0,0,0,0
26810007,3031,0,2,0,0,0,0,0,0,0,0,0
26817230,3032,0,2,0,0,0,0,0,0,0,0,0
26824454,3033,0,2,0,0,0,0,0,0,0,0,0
26831678,3034,0,2,0,0,0,0,0,0,0,0,0
26838902,3035,0,2,0,0,0,0,0,0,0,0,0
26846126,3036,0,2,0,0,0,0,0,0,0,0,0
26853350,3037,0,2,0,0,0,0,0,0,0,0,0
26860574,3038,0,2,0,0,0,0,0,0,0,0,0
26867798,3039,0,2,0,0,0,0,0,0,0,0,0
26875022,3040,0,2,0,0,0,0,0,0,0,0,0
26882247,3041,0,2,0,0,0,0,0,0,0,0,0
26889470,3042,0,2,0,0,0,0,0,0,0,0,0
26896694,3043,0,2,0,0,0,0,0,0,0,0,0
26903918,3044,0,2,0,0,0,0,0,0,0,0,0
26911142,3045,0,2,0,0,0,0,0,0,0,0,0
26918366,3046,0,2,0,0,0,0,0,0,0,0,0
26925590,3047,0,2,0,0,0,0,0,0,0,0,0
26932814,3048,0,2,0,0,0,0,0,0,0,0,0
26940038,3049,0,2,0,0,0,0,0,0,0,0,0
26947262,3050,0,2,0,0,0,0,0,0,0,0,0
26954487,3051,0,2,0,0,0,0,0,0,0,0,0
26961710,3052,0,2,0,0,0,0,0,0,0,0,0
26968934,3053,0,2,0,0,0,0,0,0,0,0,0
26976158,3054,0,2,0,0,0,0,0,0,0,0,0
26983382,3055,0,2,0,0,0,0,0,0,0,0,0
26990606,3056,0,2,0,0,0,0,0,0,0,0,0
26997830,3057,0,2,0,0,0,0,0,0,0,0,0
27005054,3058,0,2,0,0,0,0,0,0,0,0,0
27012278,3059,0,2,0,0,0,0,0,0,0,0,0
27019502,3060,0,2,0,0,0,0,0,0,0,0,0
27026727,3061,0,2,0,0,0,0,0,0,0,0,0
27033950,3062,0,2,0,0,0,0,0,0,0,0,0
27041174,3063,0,2,0,0,0,0,0,0,0,0,0
27048398,3064,0,2,0,0,0,0,0,0,0,0,0
27055622,3065,0,2,0,0,0,0,0,0,0,0,0
27062846,3066,0,2,0,0,0,0,0,0,0,0,0
27070070,3067,0,2,0,0,0,0,0,0,0,0,0
27077294,3068,0,2,0,0,0,0,0,0,0,0,0
27084518,3069,0,2,0,0,0,0,0,0,0,0,0
27091742,3070,0,2,0,0,0,0,0,0,0,0,0
27098967,3071,0,2,0,0,0,0,0,0,0,0,0
27106190,3072,0,2,0,0,0,0,0,0,0,0,0
27113414,3073,0,2,0,0,0,0,0,0,0,0,0
27120638,3074,0,2,0,0,0,0,0,0,0,0,0
27127862,3075,0,2,0,0,0,0,0,0,0,0,0
27135086,3076,0,2,0,0,0,0,0,0,0,0,0
27142310,3077,0,2,0,0,0,0,0,0,0,0,0
27149534,3078,0,2,0,0,0,0,0,0,0,0,0
27156758,3079,0,2,0,0,0,0,0,0,0,0,0
27163982,3080,0,2,0,0,0,0,0,0,0,0,0
27171207,3081,0,2,0,0,0,0,0,0,0,0,0
27178430,3082,0,2,0,0,0,0,0,0,0,0,0
27185654,3083,0,2,0,0,0,0,0,0,0,0,0
27192878,3084,0,2,0,0,0,0,0,0,0,0,0
27200102,3085,0,2,0,0,0,0,0,0,0,0,0
27207326,3086,0,2,0,0,0,0,0,0,0,0,0
27214550,3087,0,2,0,0,0,0,0,0,0,0,0
27221774,3088,0,2,0,0,0,0,0,0,0,0,0
27228998,3089,0,2,0,0,0,0,0,0,0,0,0
27236222,3090,0,2,0,0,0,0,0,0,0,0,0
27243447,3091,0,2,0,0,0,0,0,0,0,0,0
27250670,3092,0,2,0,0,0,0,0,0,0,0,0
27257894,3093,0,2,0,0,0,0,0,0,0,0,0
27265118,3094,0,2,0,0,0,0,0,0,0,0,0
27272342,3095,0,2,0,0,0,0,0,0,0,0,0
27279566,3096,0,2,0,0,0,0,0,0,0,0,0
27286790,3097,0,2,0,0,0,0,0,0,0,0,0
27294014,3098,0,2,0,0,0,0,0,0,0,0,0
27301238,3099,0,2,0,0,0,0,0,0,0,0,0
27308462,3100,0,2,0,0,0,0,0,0,0,0,0
27315687,3101,0,2,0,0,0,0,0,0,0,0,0
27322910,3102,0,2,0,0,0,0,0,0,0,0,0
27330134,3103,0,2,0,0,0,0,0,0,0,0,0
27337358,3104,0,2,0,0,0,0,0,0,0,0,0
27344582,3105,0,2,0,0,0,0,0,0,0,0,0
27351806,3106,0,2,0,0,0,0,0,0,0,0,0
27359030,3107,0,2,0,0,0,0,0,0,0,0,0
27366254,3108,0,2,0,0,0,0,0,0,0,0,0
27373478,3109,0,2,0,0,0,0,0,0,0,0,0
27380702,3110,0,2,0,0,0,0,0,0,0,0,0
27387927,3111,0,2,0,0,0,0,0,0,0,0,0
27395150,3112,0,2,0,0,0,0,0,0,0,0,0
27402374,3113,0,2,0,0,0,0,0,0,0,0,0
27409598,3114,0,2,0,0,0,0,0,0,0,0,0
27416822,3115,0,2,0,0,0,0,0,0,0,0,0
27424046,3116,0,2,0,0,0,0,0,0,0,0,0
27431270,3117,0,2,0,0,0,0,0,0,0,0,0
27438494,3118,0,2,0,0,0,0,0,0,0,0,0
27445718,3119,0,2,0,0,0,0,0,0,0,0,0
27452942,3120,0,2,0,0,0,0,0,0,0,0,0
27460167,3121,0,2,0,0,0,0,0,0,0,0,0
27467390,3122,0,2,0,0,0,0,0,0,0,0,0
27474614,3123,0,2,0,0,0,0,0,0,0,0,0
27481838,3124,0,2,0,0,0,0,0,0,0,0,0
27489062,3125,0,2,0,0,0,0,0,0,0,0,0
27496286,3126,0,2,0,0,0,0,0,0,0,0,0
27503510,3127,0,2,0,0,0,0,0,0,0,0,0
27510734,3128,0,2,0,0,0,0,0,0,0,0,0
27517958,3129,0,2,0,0,0,0,0,0,0,0,0
27525182,3130,0,2,0,0,0,0,0,0,0,0,0
27532407,3131,0,2,0,0,0,0,0,0,0,0,0
27539630,3132,0,2,0,0,0,0,0,0,0,0,0
27546854,3133,0,2,0,0,0,0,0,0,0,0,0
27554078,3134,0,2,0,0,0,0,0,0,0,0,0
27561302,3135,0,2,0,0,0,0,0,0,0,0,0
27568526,3136,0,2,0,0,0,0,0,0,0,0,0
27575750,3137,0,2,0,0,0,0,0,0,0,0,0
27582974,3138,0,2,0,0,0,0,0,0,0,0,0
27590198,3139,0,2,0,0,0,0,0,0,0,0,0
27597422,3140,0,2,0,0,0,0,0,0,0,0,0
27604647,3141,0,2,0,0,0,0,0,0,0,0,0
27611870,3142,0,2,0,0,0,0,0,0,0,0,0
27619094,3143,0,2,0,0,0,0,0,0,0,0,0
27626318,3144,0,2,0,0,0,0,0,0,0,0,0
27633542,3145,0,2,0,0,0,0,0,0,0,0,0
27640766,3146,0,2,0,0,0,0,0,0,0,0,0
27647990,3147,0,2,0,0,0,0,0,0,0,0,0
27655214,3148,0,2,0,0,0,0,0,0,0,0,0
27662438,3149,0,2,0,0,0,0,0,0,0,0,0
27669662,3150,0,2,0,0,0,0,0,0,0,0,0
27676887,3151,0,2,0,0,0,0,0,0,0,0,0
27684110,3152,0,2,0,0,0,0,0,0,0,0,0
27691334,3153,0,2,0,0,0,0,0,0,0,0,0
27698558,3154,0,2,0,0,0,0,0,0,0,0,0
27705782,3155,0,2,0,0,0,0,0,0,0,0,0
27713006,3156,0,2,0,0,0,0,0,0,0,0,0
27720230,3157,0,2,0,0,0,0,0,0,0,0,0
27727454,3158,0,2,0,0,0,0,0,0,0,0,0
27734678,3159,0,2,0,0,0,0,0,0,0,0,0
27741902,3160,0,2,0,0,0,0,0,0,0,0,0
27749127,3161,0,2,0,0,0,0,0,0,0,0,0
27756350,3162,0,2,0,0,0,0,0,0,0,0,0
27763574,3163,0,2,0,0,0,0,0,0,0,0,0
27770798,3164,0,2,0,0,0,0,0,0,0,0,0
27778022,3165,0,2,0,0,0,0,0,0,0,0,0
27785246,3166,0,2,0,0,0,0,0,0,0,0,0
27792470,3167,0,2,0,0,0,0,0,0,0,0,0
27799694,3168,0,2,0,0,0,0,0,0,0,0,0
27806918,3169,0,2,0,0,0,0,0,0,0,0,0
27814142,3170,0,2,0,0,0,0,0,0,0,0,0
27821367,3171,0,2,0,0,0,0,0,0,0,0,0
27828590,3172,0,2,0,0,0,0,0,0,0,0,0
27835814,3173,0,2,0,0,0,0,0,0,0,0,0
27843038,3174,0,2,0,0,0,0,0,0,0,0,0
27850262,3175,0,2,0,0,0,0,0,0,0,0,0
27857486,3176,0,2,0,0,0,0,0,0,0,0,0
27864710,3177,0,2,0,0,0,0,0,0,0,0,0
27871934,3178,0,2,0,0,0,0,0,0,0,0,0
27883385,3179,0,2,0,0,0,0,0,0,0,0,0
27890597,3180,0,2,0,0,0,0,0,0,0,0,0
27897822,3181,0,2,0,0,0,0,0,0,0,0,0
27905045,3182,0,2,0,0,0,0,0,0,0,0,0
27912269,3183,0,2,0,0,0,0,0,0,0,0,0
27919493,3184,0,2,0,0,0,0,0,0,0,0,0
27926717,3185,0,2,0,0,0,0,0,0,0,0,0
27933941,3186,0,2,0,0,0,0,0,0,0,0,0
27941165,3187,0,2,0,0,0,0,0,0,0,0,0
27948389,3188,0,2,0,0,0,0,0,0,0,0,0
27955613,3189,0,2,0,0,0,0,0,0,0,0,0
27962837,3190,0,2,0,0,0,0,0,0,0,0,0
27970062,3191,0,2,0,0,0,0,0,0,0,0,0
27977285,3192,0,2,0,0,0,0,0,0,0,0,0
27984509,3193,0,2,0,0,0,0,0,0,0,0,0
27991733,3194,0,2,0,0,0,0,0,0,0,0,0
27998957,3195,0,2,0,0,0,0,0,0,0,0,0
28006181,3196,0,2,0,0,0,0,0,0,0,0,0
28013405,3197,0,2,0,0,0,0,0,0,0,0,0
28020629,3198,0,2,0,0,0,0,0,0,0,0,0
28027853,3199,0,2,0,0,0,0,0,0,0,0,0
28035077,3200,0,2,0,0,0,0,0,0,0,0,0
28042302,3201,0,2,0,0,0,0,0,0,0,0,0
28049525,3202,0,2,0,0,0,0,0,0,0,0,0
28056749,3203,0,2,0,0,0,0,0,0,0,0,0
28063973,3204,0,2,0,0,0,0,0,0,0,0,0
28071197,3205,0,2,0,0,0,0,0,0,0,0,0
28078421,3206,0,2,0,0,0,0,0,0,0,0,0
28085645,3207,0,2,0,0,0,0,0,0,0,0,0
28092869,3208,0,2,0,0,0,0,0,0,0,0,0
28100093,3209,0,2,0,0,0,0,0,0,0,0,0
28107317,3210,0,2,0,0,0,0,0,0,0,0,0
28114542,3211,0,2,0,0,0,0,0,0,0,0,0
28121765,3212,0,2,0,0,0,0,0,0,0,0,0
28128989,3213,0,2,0,0,0,0,0,0,0,0,0
28136213,3214,0,2,0,0,0,0,0,0,0,0,0
28143437,3215,0,2,0,0,0,0,0,0,0,0,0
28150661,3216,0,2,0,0,0,0,0,0,0,0,0
28157885,3217,0,2,0,0,0,0,0,0,0,0,0
28165109,3218,0,2,0,0,0,0,0,0,0,0,0
28172333,3219,0,2,0,0,0,0,0,0,0,0,0
28179557,3220,0,2,0,0,0,0,0,0,0,0,0
28186782,3221,0,2,0,0,0,0,0,0,0,0,0
28194005,3222,0,2,0,0,0,0,0,0,0,0,0
28201229,3223,0,2,0,0,0,0,0,0,0,0,0
28208453,3224,0,2,0,0,0,0,0,0,0,0,0
28215677,3225,0,2,0,0,0,0,0,0,0,0,0
28222901,3226,0,2,0,0,0,0,0,0,0,0,0
28230125,3227,0,2,0,0,0,0,0,0,0,0,0
28237349,3228,0,2,0,0,0,0,0,0,0,0,0
28244573,3229,0,2,0,0,0,0,0,0,0,0,0
28251797,3230,0,2,0,0,0,0,0,0,0,0,0
28259022,3231,0,2,0,0,0,0,0,0,0,0,0
28266245,3232,0,2,0,0,0,0,0,0,0,0,0
28273469,3233,0,2,0,0,0,0,0,0,0,0,0
28280693,3234,0,2,0,0,0,0,0,0,0,0,0
28287917,3235,0,2,0,0,0,0,0,0,0,0,0
28295141,3236,0,2,0,0,0,0,0,0,0,0,0
28302365,3237,0,2,0,0,0,0,0,0,0,0,0
28309589,3238,0,2,0,0,0,0,0,0,0,0,0
28316813,3239,0,2,0,0,0,0,0,0,0,0,0
28324037,3240,0,2,0,0,0,0,0,0,0,0,0
28331262,3241,0,2,0,0,0,0,0,0,0,0,0
28338485,3242,0,2,0,0,0,0,0,0,0,0,0
28345709,3243,0,2,0,0,0,0,0,0,0,0,0
28352933,3244,0,2,0,0,0,0,0,0,0,0,0
28360157,3245,0,2,0,0,0,0,0,0,0,0,0
28367381,3246,0,2,0,0,0,0,0,0,0,0,0
28374605,3247,0,2,0,0,0,0,0,0,0,0,0
28381829,3248,0,2,0,0,0,0,0,0,0,0,0
28389053,3249,0,2,0,0,0,0,0,0,0,0,0
28396277,3250,0,2,0,0,0,0,0,0,0,0,0
28403502,3251,0,2,0,0,0,0,0,0,0,0,0
28410725,3252,0,2,0,0,0,0,0,0,0,0,0
28417949,3253,0,2,0,0,0,0,0,0,0,0,0
28425173,3254,0,2,0,0,0,0,0,0,0,0,0
28432397,3255,0,2,0,0,0,0,0,0,0,0,0
28439621,3256,0,2,0,0,0,0,0,0,0,0,0
28446845,3257,0,2,0,0,0,0,0,0,0,0,0
28454069,3258,0,2,0,0,0,0,0,0,0,0,0
28461293,3259,0,2,0,0,0,0,0,0,0,0,0
28468517,3260,0,2,0,0,0,0,0,0,0,0,0
28475742,3261,0,2,0,0,0,0,0,0,0,0,0
28482965,3262,0,2,0,0,0,0,0,0,0,0,0
28490189,3263,0,2,0,0,0,0,0,0,0,0,0
28497413,3264,0,2,0,0,0,0,0,0,0,0,0
28504637,3265,0,2,0,0,0,0,0,0,0,0,0
28511861,3266,0,2,0,0,0,0,0,0,0,0,0
28519085,3267,0,2,0,0,0,0,0,0,0,0,0
28526309,3268,0,2,0,0,0,0,0,0,0,0,0
28533533,3269,0,2,0,0,0,0,0,0,0,0,0
28540757,3270,0,2,0,0,0,0,0,0,0,0,0
28547982,3271,0,2,0,0,0,0,0,0,0,0,0
28555205,3272,0,2,0,0,0,0,0,0,0,0,0
28562429,3273,0,2,0,0,0,0,0,0,0,0,0
28569653,3274,0,2,0,0,0,0,0,0,0,0,0
28576877,3275,0,2,0,0,0,0,0,0,0,0,0
28584101,3276,0,2,0,0,0,0,0,0,0,0,0
28591325,3277,0,2,0,0,0,0,0,0,0,0,0
28598549,3278,0,2,0,0,0,0,0,0,0,0,0
28605773,3279,0,2,0,0,0,0,0,0,0,0,0
28612997,3280,0,2,0,0,0,0,0,0,0,0,0
28620222,3281,0,2,0,0,0,0,0,0,0,0,0
28627445,3282,0,2,0,0,0,0,0,0,0,0,0
28634669,3283,0,2,0,0,0,0,0,0,0,0,0
28641893,3284,0,2,0,0,0,0,0,0,0,0,0
28649117,3285,0,2,0,0,0,0,0,0,0,0,0
28656341,3286,0,2,0,0,0,0,0,0,0,0,0
28663565,3287,0,2,0,0,0,0,0,0,0,0,0
28670789,3288,0,2,0,0,0,0,0,0,0,0,0
28678013,3289,0,2,0,0,0,0,0,0,0,0,0
28685237,3290,0,2,0,0,0,0,0,0,0,0,0
28692462,3291,0,2,0,0,0,0,0,0,0,0,0
28699685,3292,0,2,0,0,0,0,0,0,0,0,0
28706909,3293,0,2,0,0,0,0,0,0,0,0,0
28714133,3294,0,2,0,0,0,0,0,0,0,0,0
28721357,3295,0,2,0,0,0,0,0,0,0,0,0
28728581,3296,0,2,0,0,0,0,0,0,0,0,0
28735805,3297,0,2,0,0,0,0,0,0,0,0,0
28743029,3298,0,2,0,0,0,0,0,0,0,0,0
28750253,3299,0,2,0,0,0,0,0,0,0,0,0
28757477,3300,0,2,0,0,0,0,0,0,0,0,0
28764702,3301,0,2,0,0,0,0,0,0,0,0,0
28771925,3302,0,2,0,0,0,0,0,0,0,0,0
28779149,3303,0,2,0,0,0,0,0,0,0,0,0
28786373,3304,0,2,0,0,0,0,0,0,0,0,0
28793597,3305,0,2,0,0,0,0,0,0,0,0,0
28800821,3306,0,2,0,0,0,0,0,0,0,0,0
28808045,3307,0,2,0,0,0,0,0,0,0,0,0
28815269,3308,0,2,0,0,0,0,0,0,0,0,0
28822493,3309,0,2,0,0,0,0,0,0,0,0,0
28829717,3310,0,2,0,0,0,0,0,0,0,0,0
28836942,3311,0,2,0,0,0,0,0,0,0,0,0
28844165,3312,0,2,0,0,0,0,0,0,0,0,0
28851389,3313,0,2,0,0,0,0,0,0,0,0,0
28858613,3314,0,2,0,0,0,0,0,0,0,0,0
28865837,3315,0,2,0,0,0,0,0,0,0,0,0
28873061,3316,0,2,0,0,0,0,0,0,0,0,0
28880285,3317,0,2,0,0,0,0,0,0,0,0,0
28887509,3318,0,2,0,0,0,0,0,0,0,0,0
28894733,3319,0,2,0,0,0,0,0,0,0,0,0
28901957,3320,0,2,0,0,0,0,0,0,0,0,0
28909182,3321,0,2,0,0,0,0,0,0,0,0,0
28916405,3322,0,2,0,0,0,0,0,0,0,0,0
28923629,3323,0,2,0,0,0,0,0,0,0,0,0
28930853,3324,0,2,0,0,0,0,0,0,0,0,0
28938077,3325,0,2,0,0,0,0,0,0,0,0,0
28945301,3326,0,2,0,0,0,0,0,0,0,0,0
28952525,3327,0,2,0,0,0,0,0,0,0,0,0
28959749,3328,0,2,0,0,0,0,0,0,0,0,0
28966973,3329,0,2,0,0,0,0,0,0,0,0,0
28974197,3330,0,2,0,0,0,0,0,0,0,0,0
28981422,3331,0,2,0,0,0,0,0,0,0,0,0
28988645,3332,0,2,0,0,0,0,0,0,0,0,0
28995869,3333,0,2,0,0,0,0,0,0,0,0,0
29003093,3334,0,2,0,0,0,0,0,0,0,0,0
29010317,3335,0,2,0,0,0,0,0,0,0,0,0
29017541,3336,0,2,0,0,0,0,0,0,0,0,0
29024765,3337,0,2,0,0,0,0,0,0,0,0,0
29031989,3338,0,2,0,0,0,0,0,0,0,0,0
29039213,3339,0,2,0,0,0,0,0,0,0,0,0
29046437,3340,0,2,0,0,0,0,0,0,0,0,0
29053662,3341,0,2,0,0,0,0,0,0,0,0,0
29060885,3342,0,2,0,0,0,0,0,0,0,0,0
29068109,3343,0,2,0,0,0,0,0,0,0,0,0
29075333,3344,0,2,0,0,0,0,0,0,0,0,0
29082557,3345,0,2,0,0,0,0,0,0,0,0,0
29089781,3346,0,2,0,0,0,0,0,0,0,0,0
29097005,3347,0,2,0,0,0,0,0,0,0,0,0
29104229,3348,0,2,0,0,0,0,0,0,0,0,0
29111453,3349,0,2,0,0,0,0,0,0,0,0,0
29118677,3350,0,2,0,0,0,0,0,0,0,0,0
29125902,3351,0,2,0,0,0,0,0,0,0,0,0
29133125,3352,0,2,0,0,0,0,0,0,0,0,0
29140349,3353,0,2,0,0,0,0,0,0,0,0,0
29147573,3354,0,2,0,0,0,0,0,0,0,0,0
29154797,3355,0,2,0,0,0,0,0,0,0,0,0
29162021,3356,0,2,0,0,0,0,0,0,0,0,0
29169245,3357,0,2,0,0,0,0,0,0,0,0,0
29176469,3358,0,2,0,0,0,0,0,0,0,0,0
29183693,3359,0,2,0,0,0,0,0,0,0,0,0
29190917,3360,0,2,0,0,0,0,0,0,0,0,0
29198142,3361,0,2,0,0,0,0,0,0,0,0,0
29205365,3362,0,2,0,0,0,0,0,0,0,0,0
29212589,3363,0,2,0,0,0,0,0,0,0,0,0
29219813,3364,0,2,0,0,0,0,0,0,0,0,0
29227037,3365,0,2,0,0,0,0,0,0,0,0,0
29234261,3366,0,2,0,0,0,0,0,0,0,0,0
29241485,3367,0,2,0,0,0,0,0,0,0,0,0
29248709,3368,0,2,0,0,0,0,0,0,0,0,0
29255933,3369,0,2,0,0,0,0,0,0,0,0,0
29263157,3370,0,2,0,0,0,0,0,0,0,0,0
29270382,3371,0,2,0,0,0,0,0,0,0,0,0
29277605,3372,0,2,0,0,0,0,0,0,0,0,0
29284829,3373,0,2,0,0,0,0,0,0,0,0,0
29292054,3374,0,2,0,0,0,0,0,0,0,0,0
29299277,3375,0,2,0,0,0,0,0,0,0,0,0
29306501,3376,0,2,0,0,0,0,0,0,0,0,0
29313725,3377,0,2,0,0,0,0,0,0,0,0,0
29320949,3378,0,2,0,0,0,0,0,0,0,0,0
29328173,3379,0,2,0,0,0,0,0,0,0,0,0
29335397,3380,0,2,0,0,0,0,0,0,0,0,0
29342622,3381,0,2,0,0,0,0,0,0,0,0,0
29349845,3382,0,2,0,0,0,0,0,0,0,0,0
29357069,3383,0,2,0,0,0,0,0,0,0,0,0
29364293,3384,0,2,0,0,0,0,0,0,0,0,0
29371517,3385,0,2,0,0,0,0,0,0,0,0,0
29378741,3386,0,2,0,0,0,0,0,0,0,0,0
29385965,3387,0,2,0,0,0,0,0,0,0,0,0
29393189,3388,0,2,0,0,0,0,0,0,0,0,0
29400413,3389,0,2,0,0,0,0,0,0,0,0,0
29407637,3390,0,2,0,0,0,0,0,0,0,0,0
29414862,3391,0,2,0,0,0,0,0,0,0,0,0
29422085,3392,0,2,0,0,0,0,0,0,0,0,0
29429309,3393,0,2,0,0,0,0,0,0,0,0,0
29436533,3394,0,2,0,0,0,0,0,0,0,0,0
29443757,3395,0,2,0,0,0,0,0,0,0,0,0
29450981,3396,0,2,0,0,0,0,0,0,0,0,0
29458205,3397,0,2,0,0,0,0,0,0,0,0,0
29465429,3398,0,2,0,0,0,0,0,0,0,0,0
29472653,3399,0,2,0,0,0,0,0,0,0,0,0
29479877,3400,0,2,0,0,0,0,0,0,0,0,0
29487102,3401,0,2,0,0,0,0,0,0,0,0,0
29494325,3402,0,2,0,0,0,0,0,0,0,0,0
29501549,3403,0,2,0,0,0,0,0,0,0,0,0
29508773,3404,0,2,0,0,0,0,0,0,0,0,0
29515997,3405,0,2,0,0,0,0,0,0,0,0,0
29529557,3406,0,2,0,0,0,0,0,0,0,0,0
29536769,3407,0,2,0,0,0,0,0,0,0,0,0
29543993,3408,0,2,0,0,0,0,0,0,0,0,0
29551217,3409,0,2,0,0,0,0,0,0,0,0,0
29558441,3410,0,2,0,0,0,0,0,0,0,0,0
29565666,3411,0,2,0,0,0,0,0,0,0,0,0
29572889,3412,0,2,0,0,0,0,0,0,0,0,0
29580113,3413,0,2,0,0,0,0,0,0,0,0,0
29587337,3414,0,2,0,0,0,0,0,0,0,0,0
29594561,3415,0,2,0,0,0,0,0,0,0,0,0
29601785,3416,0,2,0,0,0,0,0,0,0,0,0
29609009,3417,0,2,0,0,0,0,0,0,0,0,0
29616233,3418,0,2,0,0,0,0,0,0,0,0,0
29623457,3419,0,2,0,0,0,0,0,0,0,0,0
29630681,3420,0,2,0,0,0,0,0,0,0,0,0
29637906,3421,0,2,0,0,0,0,0,0,0,0,0
29645129,3422,0,2,0,0,0,0,0,0,0,0,0
29652353,3423,0,2,0,0,0,0,0,0,0,0,0
29659577,3424,0,2,0,0,0,0,0,0,0,0,0
29666801,3425,0,2,0,0,0,0,0,0,0,0,0
29674026,3426,0,2,0,0,0,0,0,0,0,0,0
29681249,3427,0,2,0,0,0,0,0,0,0,0,0
29688473,3428,0,2,0,0,0,0,0,0,0,0,0
29695697,3429,0,2,0,0,0,0,0,0,0,0,0
29702921,3430,0,2,0,0,0,0,0,0,0,0,0
29710146,3431,0,2,0,0,0,0,0,0,0,0,0
29717369,3432,0,2,0,0,0,0,0,0,0,0,0
29724593,3433,0,2,0,0,0,0,0,0,0,0,0
29731817,3434,0,2,0,0,0,0,0,0,0,0,0
29739041,3435,0,2,0,0,0,0,0,0,0,0,0
29746265,3436,0,2,0,0,0,0,0,0,0,0,0
29753489,3437,0,2,0,0,0,0,0,0,0,0,0
29760713,3438,0,2,0,0,0,0,0,0,0,0,0
29767937,3439,0,2,0,0,0,0,0,0,0,0,0
29775161,3440,0,2,0,0,0,0,0,0,0,0,0
29782386,3441,0,2,0,0,0,0,0,0,0,0,0
29789609,3442,0,2,0,0,0,0,0,0,0,0,0
29796833,3443,0,2,0,0,0,0,0,0,0,0,0
29804057,3444,0,2,0,0,0,0,0,0,0,0,0
29811281,3445,0,2,0,0,0,0,0,0,0,0,0
29818505,3446,0,2,0,0,0,0,0,0,0,0,0
29825729,3447,0,2,0,0,0,0,0,0,0,0,0
29832953,3448,0,2,0,0,0,0,0,0,0,0,0
29840177,3449,0,2,0,0,0,0,0,0,0,0,0
29847401,3450,0,2,0,0,0,0,0,0,0,0,0
29854626,3451,0,2,0,0,0,0,0,0,0,0,0
29861849,3452,0,2,0,0,0,0,0,0,0,0,0
29869073,3453,0,2,0,0,0,0,0,0,0,0,0
29876297,3454,0,2,0,0,0,0,0,0,0,0,0
29883521,3455,0,2,0,0,0,0,0,0,0,0,0
29890745,3456,0,2,0,0,0,0,0,0,0,0,0
29897969,3457,0,2,0,0,0,0,0,0,0,0,0
29905193,3458,0,2,0,0,0,0,0,0,0,0,0
29912417,3459,0,2,0,0,0,0,0,0,0,0,0
29919641,3460,0,2,0,0,0,0,0,0,0,0,0
29926866,3461,0,2,0,0,0,0,0,0,0,0,0
29934089,3462,0,2,0,0,0,0,0,0,0,0,0
29941313,3463,0,2,0,0,0,0,0,0,0,0,0
29948537,3464,0,2,0,0,0,0,0,0,0,0,0
29955761,3465,0,2,0,0,0,0,0,0,0,0,0
29962985,3466,0,2,0,0,0,0,0,0,0,0,0
29970209,3467,0,2,0,0,0,0,0,0,0,0,0
29977433,3468,0,2,0,0,0,0,0,0,0,0,0
29984657,3469,0,2,0,0,0,0,0,0,0,0,0
29991881,3470,0,2,0,0,0,0,0,0,0,0,0
29999106,3471,0,2,0,0,0,0,0,0,0,0,0
30006329,3472,0,2,0,0,0,0,0,0,0,0,0
30013553,3473,0,2,0,0,0,0,0,0,0,0,0
30020777,3474,0,2,0,0,0,0,0,0,0,0,0
30028001,3475,0,2,0,0,0,0,0,0,0,0,0
30035225,3476,0,2,0,0,0,0,0,0,0,0,0
30042449,3477,0,2,0,0,0,0,0,0,0,0,0
30049673,3478,0,2,0,0,0,0,0,0,0,0,0
30056897,3479,0,2,0,0,0,0,0,0,0,0,0
30064121,3480,0,2,0,0,0,0,0,0,0,0,0
30071346,3481,0,2,0,0,0,0,0,0,0,0,0
30078569,3482,0,2,0,0,0,0,0,0,0,0,0
30085793,3483,0,2,0,0,0,0,0,0,0,0,0
30093017,3484,0,2,0,0,0,0,0,0,0,0,0
30100241,3485,0,2,0,0,0,0,0,0,0,0,0
30107465,3486,0,2,0,0,0,0,0,0,0,0,0
30114689,3487,0,2,0,0,0,0,0,0,0,0,0
30121913,3488,0,2,0,0,0,0,0,0,0,0,0
30129137,3489,0,2,0,0,0,0,0,0,0,0,0
30136361,3490,0,2,0,0,0,0,0,0,0,0,0
30143586,3491,0,2,0,0,0,0,0,0,0,0,0
30150809,3492,0,2,0,0,0,0,0,0,0,0,0
30158033,3493,0,2,0,0,0,0,0,0,0,0,0
30165257,3494,0,2,0,0,0,0,0,0,0,0,0
30172481,3495,0,2,0,0,0,0,0,0,0,0,0
30179705,3496,0,2,0,0,0,0,0,0,0,0,0
30186929,3497,0,2,0,0,0,0,0,0,0,0,0
30194153,3498,0,2,0,0,0,0,0,0,0,0,0
30201377,3499,0,2,0,0,0,0,0,0,0,0,0
30208601,3500,0,2,0,0,0,0,0,0,0,0,0
30215826,3501,0,2,0,0,0,0,0,0,0,0,0
30223049,3502,0,2,0,0,0,0,0,0,0,0,0
30230273,3503,0,2,0,0,0,0,0,0,0,0,0
30237497,3504,0,2,0,0,0,0,0,0,0,0,0
30244721,3505,0,2,0,0,0,0,0,0,0,0,0
30251945,3506,0,2,0,0,0,0,0,0,0,0,0
30259169,3507,0,2,0,0,0,0,0,0,0,0,0
30266393,3508,0,2,0,0,0,0,0,0,0,0,0
30273617,3509,0,2,0,0,0,0,0,0,0,0,0
30280841,3510,0,2,0,0,0,0,0,0,0,0,0
30288066,3511,0,2,0,0,0,0,0,0,0,0,0
30295289,3512,0,2,0,0,0,0,0,0,0,0,0
30302513,3513,0,2,0,0,0,0,0,0,0,0,0
30309737,3514,0,2,0,0,0,0,0,0,0,0,0
30316961,3515,0,2,0,0,0,0,0,0,0,0,0
30324185,3516,0,2,0,0,0,0,0,0,0,0,0
30331409,3517,0,2,0,0,0,0,0,0,0,0,0
30338633,3518,0,2,0,0,0,0,0,0,0,0,0
30345857,3519,0,2,0,0,0,0,0,0,0,0,0
30353082,3520,0,2,0,0,0,0,0,0,0,0,0
30360306,3521,0,2,0,0,0,0,0,0,0,0,0
30367529,3522,0,2,0,0,0,0,0,0,0,0,0
30374753,3523,0,2,0,0,0,0,0,0,0,0,0
30381977,3524,0,2,0,0,0,0,0,0,0,0,0
30389201,3525,0,2,0,0,0,0,0,0,0,0,0
30396425,3526,0,2,0,0,0,0,0,0,0,0,0
30403649,3527,0,2,0,0,0,0,0,0,0,0,0
30410873,3528,0,2,0,0,0,0,0,0,0,0,0
30418097,3529,0,2,0,0,0,0,0,0,0,0,0
30425321,3530,0,2,0,0,0,0,0,0,0,0,0
30432546,3531,0,2,0,0,0,0,0,0,0,0,0
30439769,3532,0,2,0,0,0,0,0,0,0,0,0
30446993,3533,0,2,0,0,0,0,0,0,0,0,0
30454217,3534,0,2,0,0,0,0,0,0,0,0,0
30461441,3535,0,2,0,0,0,0,0,0,0,0,0
30468665,3536,0,2,0,0,0,0,0,0,0,0,0
30475889,3537,0,2,0,0,0,0,0,0,0,0,0
30483113,3538,0,2,0,0,0,0,0,0,0,0,0
30490337,3539,0,2,0,0,0,0,0,0,0,0,0
30497561,3540,0,2,0,0,0,0,0,0,0,0,0
30504786,3541,0,2,0,0,0,0,0,0,0,0,0
30512009,3542,0,2,0,0,0,0,0,0,0,0,0
30519233,3543,0,2,0,0,0,0,0,0,0,0,0
30526457,3544,0,2,0,0,0,0,0,0,0,0,0
30533681,3545,0,2,0,0,0,0,0,0,0,0,0
30540905,3546,0,2,0,0,0,0,0,0,0,0,0
30548129,3547,0,2,0,0,0,0,0,0,0,0,0
30555353,3548,0,2,0,0,0,0,0,0,0,0,0
30562577,3549,0,2,0,0,0,0,0,0,0,0,0
30569801,3550,0,2,0,0,0,0,0,0,0,0,0
30577026,3551,0,2,0,0,0,0,0,0,0,0,0
30584249,3552,0,2,0,0,0,0,0,0,0,0,0
30591473,3553,0,2,0,0,0,0,0,0,0,0,0
30598697,3554,0,2,0,0,0,0,0,0,0,0,0
30605921,3555,0,2,0,0,0,0,0,0,0,0,0
30613145,3556,0,2,0,0,0,0,0,0,0,0,0
30620369,3557,0,2,0,0,0,0,0,0,0,0,0
30627593,3558,0,2,0,0,0,0,0,0,0,0,0
30634817,3559,0,2,0,0,0,0,0,0,0,0,0
30642041,3560,0,2,0,0,0,0,0,0,0,0,0
30649266,3561,0,2,0,0,0,0,0,0,0,0,0
30656489,3562,0,2,0,0,0,0,0,0,0,0,0
30663713,3563,0,2,0,0,0,0,0,0,0,0,0
30670937,3564,0,2,0,0,0,0,0,0,0,0,0
30678161,3565,0,2,0,0,0,0,0,0,0,0,0
30685385,3566,0,2,0,0,0,0,0,0,0,0,0
30692609,3567,0,2,0,0,0,0,0,0,0,0,0
30699833,3568,0,2,0,0,0,0,0,0,0,0,0
30707057,3569,0,2,0,0,0,0,0,0,0,0,0
30714281,3570,0,2,0,0,0,0,0,0,0,0,0
30721506,3571,0,2,0,0,0,0,0,0,0,0,0
30728729,3572,0,2,0,0,0,0,0,0,0,0,0
30735953,3573,0,2,0,0,0,0,0,0,0,0,0
30743177,3574,0,2,0,0,0,0,0,0,0,0,0
30750401,3575,0,2,0,0,0,0,0,0,0,0,0
30757625,3576,0,2,0,0,0,0,0,0,0,0,0
30764849,3577,0,2,0,0,0,0,0,0,0,0,0
30772073,3578,0,2,0,0,0,0,0,0,0,0,0
30779297,3579,0,2,0,0,0,0,0,0,0,0,0
30786521,3580,0,2,0,0,0,0,0,0,0,0,0
30793746,3581,0,2,0,0,0,0,0,0,0,0,0
30800969,3582,0,2,0,0,0,0,0,0,0,0,0
30808193,3583,0,2,0,0,0,0,0,0,0,0,0
30815417,3584,0,2,0,0,0,0,0,0,0,0,0
30822641,3585,0,2,0,0,0,0,0,0,0,0,0
30829865,3586,0,2,0,0,0,0,0,0,0,0,0
30837089,3587,0,2,0,0,0,0,0,0,0,0,0
30844313,3588,0,2,0,0,0,0,0,0,0,0,0
30851537,3589,0,2,0,0,0,0,0,0,0,0,0
30858761,3590,0,2,0,0,0,0,0,0,0,0,0
30865986,3591,0,2,0,0,0,0,0,0,0,0,0
30873209,3592,0,2,0,0,0,0,0,0,0,0,0
30880433,3593,0,2,0,0,0,0,0,0,0,0,0
30887657,3594,0,2,0,0,0,0,0,0,0,0,0
30894881,3595,0,2,0,0,0,0,0,0,0,0,0
30902105,3596,0,2,0,0,0,0,0,0,0,0,0
30909329,3597,0,2,0,0,0,0,0,0,0,0,0
30916553,3598,0,2,0,0,0,0,0,0,0,0,0
30923777,3599,0,2,0,0,0,0,0,0,0,0,0
30931001,3600,0,2,0,0,0,0,0,0,0,0,0
30938226,3601,0,2,0,0,0,0,0,0,0,0,0
30945449,3602,0,2,0,0,0,0,0,0,0,0,0
30952673,3603,0,2,0,0,0,0,0,0,0,0,0
30959897,3604,0,2,0,0,0,0,0,0,0,0,0
30967121,3605,0,2,0,0,0,0,0,0,0,0,0
30974345,3606,0,2,0,0,0,0,0,0,0,0,0
30981569,3607,0,2,0,0,0,0,0,0,0,0,0
30988793,3608,0,2,0,0,0,0,0,0,0,0,0
30996017,3609,0,2,0,0,0,0,0,0,0,0,0
31003241,3610,0,2,0,0,0,0,0,0,0,0,0
31010466,3611,0,2,0,0,0,0,0,0,0,0,0
31017689,3612,0,2,0,0,0,0,0,0,0,0,0
31024913,3613,0,2,0,0,0,0,0,0,0,0,0
31032137,3614,0,2,0,0,0,0,0,0,0,0,0
31039361,3615,0,2,0,0,0,0,0,0,0,0,0
31046585,3616,0,2,0,0,0,0,0,0,0,0,0
31053809,3617,0,2,0,0,0,0,0,0,0,0,0
31061033,3618,0,2,0,0,0,0,0,0,0,0,0
31068257,3619,0,2,0,0,0,0,0,0,0,0,0
31075481,3620,0,2,0,0,0,0,0,0,0,0,0
31082706,3621,0,2,0,0,0,0,0,0,0,0,0
31089929,3622,0,2,0,0,0,0,0,0,0,0,0
31097153,3623,0,2,0,0,0,0,0,0,0,0,0
31104377,3624,0,2,0,0,0,0,0,0,0,0,0
31111601,3625,0,2,0,0,0,0,0,0,0,0,0
31118825,3626,0,2,0,0,0,0,0,0,0,0,0
31126049,3627,0,2,0,0,0,0,0,0,0,0,0
31133273,3628,0,2,0,0,0,0,0,0,0,0,0
31140497,3629,0,2,0,0,0,0,0,0,0,0,0
31147721,3630,0,2,0,0,0,0,0,0,0,0,0
31154946,3631,0,2,0,0,0,0,0,0,0,0,0
31162169,3632,0,2,0,0,0,0,0,0,0,0,0
31174028,3633,0,2,0,0,0,0,0,0,0,0,0
31181239,3634,0,2,0,0,0,0,0,0,0,0,0
31188463,3635,0,2,0,0,0,0,0,0,0,0,0
31195687,3636,0,2,0,0,0,0,0,0,0,0,0
31202911,3637,0,2,0,0,0,0,0,0,0,0,0
31210135,3638,0,2,0,0,0,0,0,0,0,0,0
31217359,3639,0,2,0,0,0,0,0,0,0,0,0
31224583,3640,0,2,0,0,0,0,0,0,0,0,0
31231808,3641,0,2,0,0,0,0,0,0,0,0,0
31239031,3642,0,2,0,0,0,0,0,0,0,0,0
31246255,3643,0,2,0,0,0,0,0,0,0,0,0
31253479,3644,0,2,0,0,0,0,0,0,0,0,0
31260703,3645,0,2,0,0,0,0,0,0,0,0,0
31267927,3646,0,2,0,0,0,0,0,0,0,0,0
31275151,3647,0,2,0,0,0,0,0,0,0,0,0
31282375,3648,0,2,0,0,0,0,0,0,0,0,0
31289599,3649,0,2,0,0,0,0,0,0,0,0,0
31296823,3650,0,2,0,0,0,0,0,0,0,0,0
31304048,3651,0,2,0,0,0,0,0,0,0,0,0
31311271,3652,0,2,0,0,0,0,0,0,0,0,0
31318495,3653,0,2,0,0,0,0,0,0,0,0,0
31325719,3654,0,2,0,0,0,0,0,0,0,0,0
31332943,3655,0,2,0,0,0,0,0,0,0,0,0
31340167,3656,0,2,0,0,0,0,0,0,0,0,0
31347391,3657,0,2,0,0,0,0,0,0,0,0,0
31354615,3658,0,2,0,0,0,0,0,0,0,0,0
31361839,3659,0,2,0,0,0,0,0,0,0,0,0
31369063,3660,0,2,0,0,0,0,0,0,0,0,0
31376288,3661,0,2,0,0,0,0,0,0,0,0,0
31383511,3662,0,2,0,0,0,0,0,0,0,0,0
31390735,3663,0,2,0,0,0,0,0,0,0,0,0
31397959,3664,0,2,0,0,0,0,0,0,0,0,0
31405183,3665,0,2,0,0,0,0,0,0,0,0,0
31412407,3666,0,2,0,0,0,0,0,0,0,0,0
31419631,3667,0,2,0,0,0,0,0,0,0,0,0
31426855,3668,0,2,0,0,0,0,0,0,0,0,0
31434080,3669,0,2,0,0,0,0,0,0,0,0,0
31441303,3670,0,2,0,0,0,0,0,0,0,0,0
31448528,3671,0,2,0,0,0,0,0,0,0,0,0
31455751,3672,0,2,0,0,0,0,0,0,0,0,0
31462975,3673,0,2,0,0,0,0,0,0,0,0,0
31470199,3674,0,2,0,0,0,0,0,0,0,0,0
31477423,3675,0,2,0,0,0,0,0,0,0,0,0
31484647,3676,0,2,0,0,0,0,0,0,0,0,0
31491871,3677,0,2,0,0,0,0,0,0,0,0,0
31499095,3678,0,2,0,0,0,0,0,0,0,0,0
31506319,3679,0,2,0,0,0,0,0,0,0,0,0
31513543,3680,0,2,0,0,0,0,0,0,0,0,0
31520768,3681,0,2,0,0,0,0,0,0,0,0,0
31527991,3682,0,2,0,0,0,0,0,0,0,0,0
31535215,3683,0,2,0,0,0,0,0,0,0,0,0
31542439,3684,0,2,0,0,0,0,0,0,0,0,0
31549663,3685,0,2,0,0,0,0,0,0,0,0,0
31556887,3686,0,2,0,0,0,0,0,0,0,0,0
31564111,3687,0,2,0,0,0,0,0,0,0,0,0
31571335,3688,0,2,0,0,0,0,0,0,0,0,0
31578559,3689,0,2,0,0,0,0,0,0,0,0,0
31585783,3690,0,2,0,0,0,0,0,0,0,0,0
31593008,3691,0,2,0,0,0,0,0,0,0,0,0
31600231,3692,0,2,0,0,0,0,0,0,0,0,0
31607455,3693,0,2,0,0,0,0,0,0,0,0,0
31614679,3694,0,2,0,0,0,0,0,0,0,0,0
31621903,3695,0,2,0,0,0,0,0,0,0,0,0
31629127,3696,0,2,0,0,0,0,0,0,0,0,0
31636351,3697,0,2,0,0,0,0,0,0,0,0,0
31643575,3698,0,2,0,0,0,0,0,0,0,0,0
31650799,3699,0,2,0,0,0,0,0,0,0,0,0
31658023,3700,0,2,0,0,0,0,0,0,0,0,0
31665248,3701,0,2,0,0,0,0,0,0,0,0,0
31672471,3702,0,2,0,0,0,0,0,0,0,0,0
31679695,3703,0,2,0,0,0,0,0,0,0,0,0
31686919,3704,0,2,0,0,0,0,0,0,0,0,0
31694143,3705,0,2,0,0,0,0,0,0,0,0,0
31701367,3706,0,2,0,0,0,0,0,0,0,0,0
31708591,3707,0,2,0,0,0,0,0,0,0,0,0
31715815,3708,0,2,0,0,0,0,0,0,0,0,0
31723039,3709,0,2,0,0,0,0,0,0,0,0,0
31730263,3710,0,2,0,0,0,0,0,0,0,0,0
31737488,3711,0,2,0,0,0,0,0,0,0,0,0
31744711,3712,0,2,0,0,0,0,0,0,0,0,0
31751935,3713,0,2,0,0,0,0,0,0,0,0,0
31759159,3714,0,2,0,0,0,0,0,0,0,0,0
31766383,3715,0,2,0,0,0,0,0,0,0,0,0
31773607,3716,0,2,0,0,0,0,0,0,0,0,0
31780831,3717,0,2,0,0,0,0,0,0,0,0,0
31788055,3718,0,2,0,0,0,0,0,0,0,0,0
31795279,3719,0,2,0,0,0,0,0,0,0,0,0
31802503,3720,0,2,0,0,0,0,0,0,0,0,0
31809728,3721,0,2,0,0,0,0,0,0,0,0,0
31816951,3722,0,2,0,0,0,0,0,0,0,0,0
31824175,3723,0,2,0,0,0,0,0,0,0,0,0
31831399,3724,0,2,0,0,0,0,0,0,0,0,0
31838623,3725,0,2,0,0,0,0,0,0,0,0,0
31845847,3726,0,2,0,0,0,0,0,0,0,0,0
31853071,3727,0,2,0,0,0,0,0,0,0,0,0
31860295,3728,0,2,0,0,0,0,0,0,0,0,0
31867519,3729,0,2,0,0,0,0,0,0,0,0,0
31874743,3730,0,2,0,0,0,0,0,0,0,0,0
31881968,3731,0,2,0,0,0,0,0,0,0,0,0
31889191,3732,0,2,0,0,0,0,0,0,0,0,0
31896415,3733,0,2,0,0,0,0,0,0,0,0,0
31903639,3734,0,2,0,0,0,0,0,0,0,0,0
31910863,3735,0,2,0,0,0,0,0,0,0,0,0
31918087,3736,0,2,0,0,0,0,0,0,0,0,0
31925311,3737,0,2,0,0,0,0,0,0,0,0,0
31932535,3738,0,2,0,0,0,0,0,0,0,0,0
31939759,3739,0,2,0,0,0,0,0,0,0,0,0
31946983,3740,0,2,0,0,0,0,0,0,0,0,0
31954208,3741,0,2,0,0,0,0,0,0,0,0,0
31961431,3742,0,2,0,0,0,0,0,0,0,0,0
31968655,3743,0,2,0,0,0,0,0,0,0,0,0
31975879,3744,0,2,0,0,0,0,0,0,0,0,0
31983103,3745,0,2,0,0,0,0,0,0,0,0,0
31990327,3746,0,2,0,0,0,0,0,0,0,0,0
31997551,3747,0,2,0,0,0,0,0,0,0,0,0
32004775,3748,0,2,0,0,0,0,0,0,0,0,0
32011999,3749,0,2,0,0,0,0,0,0,0,0,0
32019223,3750,0,2,0,0,0,0,0,0,0,0,0
32026448,3751,0,2,0,0,0,0,0,0,0,0,0
32033671,3752,0,2,0,0,0,0,0,0,0,0,0
32040895,3753,0,2,0,0,0,0,0,0,0,0,0
32048119,3754,0,2,0,0,0,0,0,0,0,0,0
32055343,3755,0,2,0,0,0,0,0,0,0,0,0
32062567,3756,0,2,0,0,0,0,0,0,0,0,0
32069791,3757,0,2,0,0,0,0,0,0,0,0,0
32077015,3758,0,2,0,0,0,0,0,0,0,0,0
32084239,3759,0,2,0,0,0,0,0,0,0,0,0
32091463,3760,0,2,0,0,0,0,0,0,0,0,0
32098688,3761,0,2,0,0,0,0,0,0,0,0,0
32105911,3762,0,2,0,0,0,0,0,0,0,0,0
32113135,3763,0,2,0,0,0,0,0,0,0,0,0
32120359,3764,0,2,0,0,0,0,0,0,0,0,0
32127583,3765,0,2,0,0,0,0,0,0,0,0,0
32134807,3766,0,2,0,0,0,0,0,0,0,0,0
32142031,3767,0,2,0,0,0,0,0,0,0,0,0
32149255,3768,0,2,0,0,0,0,0,0,0,0,0
32156479,3769,0,2,0,0,0,0,0,0,0,0,0
32163703,3770,0,2,0,0,0,0,0,0,0,0,0
32170928,3771,0,2,0,0,0,0,0,0,0,0,0
32178151,3772,0,2,0,0,0,0,0,0,0,0,0
32185375,3773,0,2,0,0,0,0,0,0,0,0,0
32192599,3774,0,2,0,0,0,0,0,0,0,0,0
32199823,3775,0,2,0,0,0,0,0,0,0,0,0
32207047,3776,0,2,0,0,0,0,0,0,0,0,0
32214271,3777,0,2,0,0,0,0,0,0,0,0,0
32221495,3778,0,2,0,0,0,0,0,0,0,0,0
32228719,3779,0,2,0,0,0,0,0,0,0,0,0
32235943,3780,0,2,0,0,0,0,0,0,0,0,0
32243168,3781,0,2,0,0,0,0,0,0,0,0,0
32250391,3782,0,2,0,0,0,0,0,0,0,0,0
32257615,3783,0,2,0,0,0,0,0,0,0,0,0
32264839,3784,0,2,0,0,0,0,0,0,0,0,0
32272064,3785,0,2,0,0,0,0,0,0,0,0,0
32279287,3786,0,2,0,0,0,0,0,0,0,0,0
32286511,3787,0,2,0,0,0,0,0,0,0,0,0
32293735,3788,0,2,0,0,0,0,0,0,0,0,0
32300959,3789,0,2,0,0,0,0,0,0,0,0,0
32308183,3790,0,2,0,0,0,0,0,0,0,0,0
32315408,3791,0,2,0,0,0,0,0,0,0,0,0
32322631,3792,0,2,0,0,0,0,0,0,0,0,0
32329855,3793,0,2,0,0,0,0,0,0,0,0,0
32337080,3794,0,2,0,0,0,0,0,0,0,0,0
32344303,3795,0,2,0,0,0,0,0,0,0,0,0
32351527,3796,0,2,0,0,0,0,0,0,0,0,0
32358751,3797,0,2,0,0,0,0,0,0,0,0,0
32365975,3798,0,2,0,0,0,0,0,0,0,0,0
32373199,3799,0,2,0,0,0,0,0,0,0,0,0
32380423,3800,0,2,0,0,0,0,0,0,0,0,0
32387648,3801,0,2,0,0,0,0,0,0,0,0,0
32394871,3802,0,2,0,0,0,0,0,0,0,0,0
32402095,3803,0,2,0,0,0,0,0,0,0,0,0
32409319,3804,0,2,0,0,0,0,0,0,0,0,0
32416543,3805,0,2,0,0,0,0,0,0,0,0,0
32423767,3806,0,2,0,0,0,0,0,0,0,0,0
32430991,3807,0,2,0,0,0,0,0,0,0,0,0
32438215,3808,0,2,0,0,0,0,0,0,0,0,0
32445439,3809,0,2,0,0,0,0,0,0,0,0,0
32452663,3810,0,2,0,0,0,0,0,0,0,0,0
32459888,3811,0,2,0,0,0,0,0,0,0,0,0
32467111,3812,0,2,0,0,0,0,0,0,0,0,0
32474335,3813,0,2,0,0,0,0,0,0,0,0,0
32481559,3814,0,2,0,0,0,0,0,0,0,0,0
32488783,3815,0,2,0,0,0,0,0,0,0,0,0
32496007,3816,0,2,0,0,0,0,0,0,0,0,0
32503231,3817,0,2,0,0,0,0,0,0,0,0,0
32510455,3818,0,2,0,0,0,0,0,0,0,0,0
32517679,3819,0,2,0,0,0,0,0,0,0,0,0
32524903,3820,0,2,0,0,0,0,0,0,0,0,0
32532128,3821,0,2,0,0,0,0,0,0,0,0,0
32539351,3822,0,2,0,0,0,0,0,0,0,0,0
32546575,3823,0,2,0,0,0,0,0,0,0,0,0
32553799,3824,0,2,0,0,0,0,0,0,0,0,0
32561023,3825,0,2,0,0,0,0,0,0,0,0,0
32568247,3826,0,2,0,0,0,0,0,0,0,0,0
32575471,3827,0,2,0,0,0,0,0,0,0,0,0
32582695,3828,0,2,0,0,0,0,0,0,0,0,0
32589919,3829,0,2,0,0,0,0,0,0,0,0,0
32597143,3830,0,2,0,0,0,0,0,0,0,0,0
32604368,3831,0,2,0,0,0,0,0,0,0,0,0
32611591,3832,0,2,0,0,0,0,0,0,0,0,0
32618815,3833,0,2,0,0,0,0,0,0,0,0,0
32626039,3834,0,2,0,0,0,0,0,0,0,0,0
32633263,3835,0,2,0,0,0,0,0,0,0,0,0
32640487,3836,0,2,0,0,0,0,0,0,0,0,0
32647711,3837,0,2,0,0,0,0,0,0,0,0,0
32654935,3838,0,2,0,0,0,0,0,0,0,0,0
32662159,3839,0,2,0,0,0,0,0,0,0,0,0
32669383,3840,0,2,0,0,0,0,0,0,0,0,0
32676608,3841,0,2,0,0,0,0,0,0,0,0,0
32683831,3842,0,2,0,0,0,0,0,0,0,0,0
32691055,3843,0,2,0,0,0,0,0,0,0,0,0
32698279,3844,0,2,0,0,0,0,0,0,0,0,0
32705503,3845,0,2,0,0,0,0,0,0,0,0,0
32712727,3846,0,2,0,0,0,0,0,0,0,0,0
32719951,3847,0,2,0,0,0,0,0,0,0,0,0
32727175,3848,0,2,0,0,0,0,0,0,0,0,0
32734399,3849,0,2,0,0,0,0,0,0,0,0,0
32741623,3850,0,2,0,0,0,0,0,0,0,0,0
32748848,3851,0,2,0,0,0,0,0,0,0,0,0
32756072,3852,0,2,0,0,0,0,0,0,0,0,0
32763295,3853,0,2,0,0,0,0,0,0,0,0,0
32770519,3854,0,2,0,0,0,0,0,0,0,0,0
32777743,3855,0,2,0,0,0,0,0,0,0,0,0
32784967,3856,0,2,0,0,0,0,0,0,0,0,0
32792191,3857,0,2,0,0,0,0,0,0,0,0,0
32799415,3858,0,2,0,0,0,0,0,0,0,0,0
32806639,3859,0,2,0,0,0,0,0,0,0,0,0
32820449,3860,0,2,0,0,0,0,0,0,0,0,0
32827662,3861,0,2,0,0,0,0,0,0,0,0,0
32834885,3862,0,2,0,0,0,0,0,0,0,0,0
32842109,3863,0,2,0,0,0,0,0,0,0,0,0
32849333,3864,0,2,0,0,0,0,0,0,0,0,0
32856557,3865,0,2,0,0,0,0,0,0,0,0,0
32863781,3866,0,2,0,0,0,0,0,0,0,0,0
32871005,3867,0,2,0,0,0,0,0,0,0,0,0
32878229,3868,0,2,0,0,0,0,0,0,0,0,0
32885453,3869,0,2,0,0,0,0,0,0,0,0,0
32892677,3870,0,2,0,0,0,0,0,0,0,0,0
32899902,3871,0,2,0,0,0,0,0,0,0,0,0
32907125,3872,0,2,0,0,0,0,0,0,0,0,0
32914349,3873,0,2,0,0,0,0,0,0,0,0,0
32921573,3874,0,2,0,0,0,0,0,0,0,0,0
32928797,3875,0,2,0,0,0,0,0,0,0,0,0
32936021,3876,0,2,0,0,0,0,0,0,0,0,0
32943245,3877,0,2,0,0,0,0,0,0,0,0,0
32950469,3878,0,2,0,0,0,0,0,0,0,0,0
32957693,3879,0,2,0,0,0,0,0,0,0,0,0
32964917,3880,0,2,0,0,0,0,0,0,0,0,0
32972142,3881,0,2,0,0,0,0,0,0,0,0,0
32979365,3882,0,2,0,0,0,0,0,0,0,0,0
32986589,3883,0,2,0,0,0,0,0,0,0,0,0
32993813,3884,0,2,0,0,0,0,0,0,0,0,0
33001037,3885,0,2,0,0,0,0,0,0,0,0,0
33008261,3886,0,2,0,0,0,0,0,0,0,0,0
33015485,3887,0,2,0,0,0,0,0,0,0,0,0
33022709,3888,0,2,0,0,0,0,0,0,0,0,0
33029933,3889,0,2,0,0,0,0,0,0,0,0,0
33037157,3890,0,2,0,0,0,0,0,0,0,0,0
33044382,3891,0,2,0,0,0,0,0,0,0,0,0
33051605,3892,0,2,0,0,0,0,0,0,0,0,0
33058829,3893,0,2,0,0,0,0,0,0,0,0,0
33066054,3894,0,2,0,0,0,0,0,0,0,0,0
33073277,3895,0,2,0,0,0,0,0,0,0,0,0
33080501,3896,0,2,0,0,0,0,0,0,0,0,0
33087725,3897,0,2,0,0,0,0,0,0,0,0,0
33094949,3898,0,2,0,0,0,0,0,0,0,0,0
33102173,3899,0,2,0,0,0,0,0,0,0,0,0
33109397,3900,0,2,0,0,0,0,0,0,0,0,0
33116622,3901,0,2,0,0,0,0,0,0,0,0,0
33123845,3902,0,2,0,0,0,0,0,0,0,0,0
33131069,3903,0,2,0,0,0,0,0,0,0,0,0
33138293,3904,0,2,0,0,0,0,0,0,0,0,0
33145517,3905,0,2,0,0,0,0,0,0,0,0,0
33152741,3906,0,2,0,0,0,0,0,0,0,0,0
33159965,3907,0,2,0,0,0,0,0,0,0,0,0
33167189,3908,0,2,0,0,0,0,0,0,0,0,0
33174413,3909,0,2,0,0,0,0,0,0,0,0,0
33181637,3910,0,2,0,0,0,0,0,0,0,0,0
33188862,3911,0,2,0,0,0,0,0,0,0,0,0
33196085,3912,0,2,0,0,0,0,0,0,0,0,0
33203309,3913,0,2,0,0,0,0,0,0,0,0,0
33210533,3914,0,2,0,0,0,0,0,0,0,0,0
33217757,3915,0,2,0,0,0,0,0,0,0,0,0
33224981,3916,0,2,0,0,0,0,0,0,0,0,0
33232205,3917,0,2,0,0,0,0,0,0,0,0,0
33239429,3918,0,2,0,0,0,0,0,0,0,0,0
33246653,3919,0,2,0,0,0,0,0,0,0,0,0
33253877,3920,0,2,0,0,0,0,0,0,0,0,0
33261102,3921,0,2,0,0,0,0,0,0,0,0,0
33268325,3922,0,2,0,0,0,0,0,0,0,0,0
33275549,3923,0,2,0,0,0,0,0,0,0,0,0
33282773,3924,0,2,0,0,0,0,0,0,0,0,0
33289997,3925,0,2,0,0,0,0,0,0,0,0,0
33297221,3926,0,2,0,0,0,0,0,0,0,0,0
33304445,3927,0,2,0,0,0,0,0,0,0,0,0
33311669,3928,0,2,0,0,0,0,0,0,0,0,0
33318893,3929,0,2,0,0,0,0,0,0,0,0,0
33326117,3930,0,2,0,0,0,0,0,0,0,0,0
33333342,3931,0,2,0,0,0,0,0,0,0,0,0
33340565,3932,0,2,0,0,0,0,0,0,0,0,0
33347789,3933,0,2,0,0,0,0,0,0,0,0,0
33355014,3934,0,2,0,0,0,0,0,0,0,0,0
33362237,3935,0,2,0,0,0,0,0,0,0,0,0
33369461,3936,0,2,0,0,0,0,0,0,0,0,0
33376685,3937,0,2,0,0,0,0,0,0,0,0,0
33383909,3938,0,2,0,0,0,0,0,0,0,0,0
33391133,3939,0,2,0,0,0,0,0,0,0,0,0
33398357,3940,0,2,0,0,0,0,0,0,0,0,0
33405582,3941,0,2,0,0,0,0,0,0,0,0,0
33412805,3942,0,2,0,0,0,0,0,0,0,0,0
33420029,3943,0,2,0,0,0,0,0,0,0,0,0
33427253,3944,0,2,0,0,0,0,0,0,0,0,0
33434477,3945,0,2,0,0,0,0,0,0,0,0,0
33441701,3946,0,2,0,0,0,0,0,0,0,0,0
33448925,3947,0,2,0,0,0,0,0,0,0,0,0
33456149,3948,0,2,0,0,0,0,0,0,0,0,0
33463373,3949,0,2,0,0,0,0,0,0,0,0,0
33470597,3950,0,2,0,0,0,0,0,0,0,0,0
33477822,3951,0,2,0,0,0,0,0,0,0,0,0
33485045,3952,0,2,0,0,0,0,0,0,0,0,0
33492269,3953,0,2,0,0,0,0,0,0,0,0,0
33499493,3954,0,2,0,0,0,0,0,0,0,0,0
33506717,3955,0,2,0,0,0,0,0,0,0,0,0
33513941,3956,0,2,0,0,0,0,0,0,0,0,0
33521165,3957,0,2,0,0,0,0,0,0,0,0,0
33528389,3958,0,2,0,0,0,0,0,0,0,0,0
33535613,3959,0,2,0,0,0,0,0,0,0,0,0
33542837,3960,0,2,0,0,0,0,0,0,0,0,0
33550062,3961,0,2,0,0,0,0,0,0,0,0,0
33557285,3962,0,2,0,0,0,0,0,0,0,0,0
33564509,3963,0,2,0,0,0,0,0,0,0,0,0
33571733,3964,0,2,0,0,0,0,0,0,0,0,0
33578957,3965,0,2,0,0,0,0,0,0,0,0,0
33586181,3966,0,2,0,0,0,0,0,0,0,0,0
33593405,3967,0,2,0,0,0,0,0,0,0,0,0
33600629,3968,0,2,0,0,0,0,0,0,0,0,0
33607853,3969,0,2,0,0,0,0,0,0,0,0,0
33615077,3970,0,2,0,0,0,0,0,0,0,0,0
33622302,3971,0,2,0,0,0,0,0,0,0,0,0
33629525,3972,0,2,0,0,0,0,0,0,0,0,0
33636749,3973,0,2,0,0,0,0,0,0,0,0,0
33643973,3974,0,2,0,0,0,0,0,0,0,0,0
33651197,3975,0,2,0,0,0,0,0,0,0,0,0
33658421,3976,0,2,0,0,0,0,0,0,0,0,0
33665645,3977,0,2,0,0,0,0,0,0,0,0,0
33672869,3978,0,2,0,0,0,0,0,0,0,0,0
33680093,3979,0,2,0,0,0,0,0,0,0,0,0
33687317,3980,0,2,0,0,0,0,0,0,0,0,0
33694542,3981,0,2,0,0,0,0,0,0,0,0,0
33701765,3982,0,2,0,0,0,0,0,0,0,0,0
33708989,3983,0,2,0,0,0,0,0,0,0,0,0
33716213,3984,0,2,0,0,0,0,0,0,0,0,0
33723437,3985,0,2,0,0,0,0,0,0,0,0,0
33730661,3986,0,2,0,0,0,0,0,0,0,0,0
33737885,3987,0,2,0,0,0,0,0,0,0,0,0
33745109,3988,0,2,0,0,0,0,0,0,0,0,0
33752333,3989,0,2,0,0,0,0,0,0,0,0,0
33759557,3990,0,2,0,0,0,0,0,0,0,0,0
33766782,3991,0,2,0,0,0,0,0,0,0,0,0
33774005,3992,0,2,0,0,0,0,0,0,0,0,0
33781229,3993,0,2,0,0,0,0,0,0,0,0,0
33788453,3994,0,2,0,0,0,0,0,0,0,0,0
33795677,3995,0,2,0,0,0,0,0,0,0,0,0
33802901,3996,0,2,0,0,0,0,0,0,0,0,0
33810125,3997,0,2,0,0,0,0,0,0,0,0,0
33817349,3998,0,2,0,0,0,0,0,0,0,0,0
33824573,3999,0,2,0,0,0,0,0,0,0,0,0
33831797,4000,0,2,0,0,0,0,0,0,0,0,0
33839022,4001,0,2,0,0,0,0,0,0,0,0,0
33846245,4002,0,2,0,0,0,0,0,0,0,0,0
33853469,4003,0,2,0,0,0,0,0,0,0,0,0
33860693,4004,0,2,0,0,0,0,0,0,0,0,0
33867917,4005,0,2,0,0,0,0,0,0,0,0,0
33875141,4006,0,2,0,0,0,0,0,0,0,0,0
33882365,4007,0,2,0,0,0,0,0,0,0,0,0
33889589,4008,0,2,0,0,0,0,0,0,0,0,0
33896813,4009,0,2,0,0,0,0,0,0,0,0,0
33904037,4010,0,2,0,0,0,0,0,0,0,0,0
33911262,4011,0,2,0,0,0,0,0,0,0,0,0
33918485,4012,0,2,0,0,0,0,0,0,0,0,0
33925709,4013,0,2,0,0,0,0,0,0,0,0,0
33932933,4014,0,2,0,0,0,0,0,0,0,0,0
33940157,4015,0,2,0,0,0,0,0,0,0,0,0
33947381,4016,0,2,0,0,0,0,0,0,0,0,0
33954605,4017,0,2,0,0,0,0,0,0,0,0,0
33961829,4018,0,2,0,0,0,0,0,0,0,0,0
33969053,4019,0,2,0,0,0,0,0,0,0,0,0
33976277,4020,0,2,0,0,0,0,0,0,0,0,0
33983502,4021,0,2,0,0,0,0,0,0,0,0,0
33990725,4022,0,2,0,0,0,0,0,0,0,0,0
33997949,4023,0,2,0,0,0,0,0,0,0,0,0
34005173,4024,0,2,0,0,0,0,0,0,0,0,0
34012397,4025,0,2,0,0,0,0,0,0,0,0,0
34019621,4026,0,2,0,0,0,0,0,0,0,0,0
34026845,4027,0,2,0,0,0,0,0,0,0,0,0
34034069,4028,0,2,0,0,0,0,0,0,0,0,0
34041293,4029,0,2,0,0,0,0,0,0,0,0,0
34048517,4030,0,2,0,0,0,0,0,0,0,0,0
34055742,4031,0,2,0,0,0,0,0,0,0,0,0
34062965,4032,0,2,0,0,0,0,0,0,0,0,0
34070189,4033,0,2,0,0,0,0,0,0,0,0,0
34077413,4034,0,2,0,0,0,0,0,0,0,0,0
34084637,4035,0,2,0,0,0,0,0,0,0,0,0
34091861,4036,0,2,0,0,0,0,0,0,0,0,0
34099085,4037,0,2,0,0,0,0,0,0,0,0,0
34106309,4038,0,2,0,0,0,0,0,0,0,0,0
34113533,4039,0,2,0,0,0,0,0,0,0,0,0
34120757,4040,0,2,0,0,0,0,0,0,0,0,0
34127982,4041,0,2,0,0,0,0,0,0,0,0,0
34135206,4042,0,2,0,0,0,0,0,0,0,0,0
34142429,4043,0,2,0,0,0,0,0,0,0,0,0
34149653,4044,0,2,0,0,0,0,0,0,0,0,0
34156877,4045,0,2,0,0,0,0,0,0,0,0,0
34164101,4046,0,2,0,0,0,0,0,0,0,0,0
34171325,4047,0,2,0,0,0,0,0,0,0,0,0
34178549,4048,0,2,0,0,0,0,0,0,0,0,0
34185773,4049,0,2,0,0,0,0,0,0,0,0,0
34192997,4050,0,2,0,0,0,0,0,0,0,0,0
34200222,4051,0,2,0,0,0,0,0,0,0,0,0
34207445,4052,0,2,0,0,0,0,0,0,0,0,0
34214669,4053,0,2,0,0,0,0,0,0,0,0,0
34221893,4054,0,2,0,0,0,0,0,0,0,0,0
34229117,4055,0,2,0,0,0,0,0,0,0,0,0
34236341,4056,0,2,0,0,0,0,0,0,0,0,0
34243565,4057,0,2,0,0,0,0,0,0,0,0,0
34250789,4058,0,2,0,0,0,0,0,0,0,0,0
34258013,4059,0,2,0,0,0,0,0,0,0,0,0
34265237,4060,0,2,0,0,0,0,0,0,0,0,0
34272462,4061,0,2,0,0,0,0,0,0,0,0,0
34279685,4062,0,2,0,0,0,0,0,0,0,0,0
34286909,4063,0,2,0,0,0,0,0,0,0,0,0
34294133,4064,0,2,0,0,0,0,0,0,0,0,0
34301357,4065,0,2,0,0,0,0,0,0,0,0,0
34308581,4066,0,2,0,0,0,0,0,0,0,0,0
34315805,4067,0,2,0,0,0,0,0,0,0,0,0
34323029,4068,0,2,0,0,0,0,0,0,0,0,0
34330253,4069,0,2,0,0,0,0,0,0,0,0,0
34337477,4070,0,2,0,0,0,0,0,0,0,0,0
34344702,4071,0,2,0,0,0,0,0,0,0,0,0
34351925,4072,0,2,0,0,0,0,0,0,0,0,0
34359149,4073,0,2,0,0,0,0,0,0,0,0,0
34366373,4074,0,2,0,0,0,0,0,0,0,0,0
34373597,4075,0,2,0,0,0,0,0,0,0,0,0
34380821,4076,0,2,0,0,0,0,0,0,0,0,0
34388045,4077,0,2,0,0,0,0,0,0,0,0,0
34395269,4078,0,2,0,0,0,0,0,0,0,0,0
34402493,4079,0,2,0,0,0,0,0,0,0,0,0
34409717,4080,0,2,0,0,0,0,0,0,0,0,0
34416942,4081,0,2,0,0,0,0,0,0,0,0,0
34424165,4082,0,2,0,0,0,0,0,0,0,0,0
34431389,4083,0,2,0,0,0,0,0,0,0,0,0
34438613,4084,0,2,0,0,0,0,0,0,0,0,0
34445837,4085,0,2,0,0,0,0,0,0,0,0,0
34453061,4086,0,2,0,0,0,0,0,0,0,0,0
34464516,4087,0,2,0,0,0,0,0,0,0,0,0
34471728,4088,0,2,0,0,0,0,0,0,0,0,0
34478952,4089,0,2,0,0,0,0,0,0,0,0,0
34486176,4090,0,2,0,0,0,0,0,0,0,0,0
34493401,4091,0,2,0,0,0,0,0,0,0,0,0
34500624,4092,0,2,0,0,0,0,0,0,0,0,0
34507848,4093,0,2,0,0,0,0,0,0,0,0,0
34515072,4094,0,2,0,0,0,0,0,0,0,0,0
34522296,4095,0,2,0,0,0,0,0,0,0,0,0
34529520,4096,0,2,0,0,0,0,0,0,0,0,0
34536744,4097,0,2,0,0,0,0,0,0,0,0,0
34543968,4098,0,2,0,0,0,0,0,0,0,0,0
34551192,4099,0,2,0,0,0,0,0,0,0,0,0
34558416,4100,0,2,0,0,0,0,0,0,0,0,0
34565641,4101,0,2,0,0,0,0,0,0,0,0,0
34572864,4102,0,2,0,0,0,0,0,0,0,0,0
34580088,4103,0,2,0,0,0,0,0,0,0,0,0
34587312,4104,0,2,0,0,0,0,0,0,0,0,0
34594536,4105,0,2,0,0,0,0,0,0,0,0,0
34601760,4106,0,2,0,0,0,0,0,0,0,0,0
34608984,4107,0,2,0,0,0,0,0,0,0,0,0
34616208,4108,0,2,0,0,0,0,0,0,0,0,0
34623432,4109,0,2,0,0,0,0,0,0,0,0,0
34630656,4110,0,2,0,0,0,0,0,0,0,0,0
34637881,4111,0,2,0,0,0,0,0,0,0,0,0
34645104,4112,0,2,0,0,0,0,0,0,0,0,0
34652328,4113,0,2,0,0,0,0,0,0,0,0,0
34659552,4114,0,2,0,0,0,0,0,0,0,0,0
34666776,4115,0,2,0,0,0,0,0,0,0,0,0
34674000,4116,0,2,0,0,0,0,0,0,0,0,0
34681224,4117,0,2,0,0,0,0,0,0,0,0,0
34688448,4118,0,2,0,0,0,0,0,0,0,0,0
34695672,4119,0,2,0,0,0,0,0,0,0,0,0
34702896,4120,0,2,0,0,0,0,0,0,0,0,0
34710121,4121,0,2,0,0,0,0,0,0,0,0,0
34717344,4122,0,2,0,0,0,0,0,0,0,0,0
34724568,4123,0,2,0,0,0,0,0,0,0,0,0
34731792,4124,0,2,0,0,0,0,0,0,0,0,0
34739017,4125,0,2,0,0,0,0,0,0,0,0,0
34746240,4126,0,2,0,0,0,0,0,0,0,0,0
34753464,4127,0,2,0,0,0,0,0,0,0,0,0
34760688,4128,0,2,0,0,0,0,0,0,0,0,0
34767912,4129,0,2,0,0,0,0,0,0,0,0,0
34775136,4130,0,2,0,0,0,0,0,0,0,0,0
34782361,4131,0,2,0,0,0,0,0,0,0,0,0
34789584,4132,0,2,0,0,0,0,0,0,0,0,0
34796808,4133,0,2,0,0,0,0,0,0,0,0,0
34804032,4134,0,2,0,0,0,0,0,0,0,0,0
34811256,4135,0,2,0,0,0,0,0,0,0,0,0
34818480,4136,0,2,0,0,0,0,0,0,0,0,0
34825704,4137,0,2,0,0,0,0,0,0,0,0,0
34832928,4138,0,2,0,0,0,0,0,0,0,0,0
34840152,4139,0,2,0,0,0,0,0,0,0,0,0
34847376,4140,0,2,0,0,0,0,0,0,0,0,0
34854601,4141,0,2,0,0,0,0,0,0,0,0,0
34861824,4142,0,2,0,0,0,0,0,0,0,0,0
34869048,4143,0,2,0,0,0,0,0,0,0,0,0
34876272,4144,0,2,0,0,0,0,0,0,0,0,0
34883496,4145,0,2,0,0,0,0,0,0,0,0,0
34890720,4146,0,2,0,0,0,0,0,0,0,0,0
34897944,4147,0,2,0,0,0,0,0,0,0,0,0
34905168,4148,0,2,0,0,0,0,0,0,0,0,0
34912392,4149,0,2,0,0,0,0,0,0,0,0,0
34919616,4150,0,2,0,0,0,0,0,0,0,0,0
34926841,4151,0,2,0,0,0,0,0,0,0,0,0
34934064,4152,0,2,0,0,0,0,0,0,0,0,0
34941288,4153,0,2,0,0,0,0,0,0,0,0,0
34948512,4154,0,2,0,0,0,0,0,0,0,0,0
34955736,4155,0,2,0,0,0,0,0,0,0,0,0
34962960,4156,0,2,0,0,0,0,0,0,0,0,0
34970185,4157,0,2,0,0,0,0,0,0,0,0,0
34977408,4158,0,2,0,0,0,0,0,0,0,0,0
34984632,4159,0,2,0,0,0,0,0,0,0,0,0
34991856,4160,0,2,0,0,0,0,0,0,0,0,0
34999081,4161,0,2,0,0,0,0,0,0,0,0,0
35006304,4162,0,2,0,0,0,0,0,0,0,0,0
35013528,4163,0,2,0,0,0,0,0,0,0,0,0
35020752,4164,0,2,0,0,0,0,0,0,0,0,0
35027976,4165,0,2,0,0,0,0,0,0,0,0,0
35035200,4166,0,2,0,0,0,0,0,0,0,0,0
35042424,4167,0,2,0,0,0,0,0,0,0,0,0
35049648,4168,0,2,0,0,0,0,0,0,0,0,0
35056872,4169,0,2,0,0,0,0,0,0,0,0,0
35064096,4170,0,2,0,0,0,0,0,0,0,0,0
35071321,4171,0,2,0,0,0,0,0,0,0,0,0
35078544,4172,0,2,0,0,0,0,0,0,0,0,0
35085768,4173,0,2,0,0,0,0,0,0,0,0,0
35092992,4174,0,2,0,0,0,0,0,0,0,0,0
35100216,4175,0,2,0,0,0,0,0,0,0,0,0
35107440,4176,0,2,0,0,0,0,0,0,0,0,0
35114664,4177,0,2,0,0,0,0,0,0,0,0,0
35121888,4178,0,2,0,0,0,0,0,0,0,0,0
35129112,4179,0,2,0,0,0,0,0,0,0,0,0
35136336,4180,0,2,0,0,0,0,0,0,0,0,0
35143561,4181,0,2,0,0,0,0,0,0,0,0,0
35150784,4182,0,2,0,0,0,0,0,0,0,0,0
35158008,4183,0,2,0,0,0,0,0,0,0,0,0
35165232,4184,0,2,0,0,0,0,0,0,0,0,0
35172456,4185,0,2,0,0,0,0,0,0,0,0,0
35179680,4186,0,2,0,0,0,0,0,0,0,0,0
35186904,4187,0,2,0,0,0,0,0,0,0,0,0
35194128,4188,0,2,0,0,0,0,0,0,0,0,0
35201352,4189,0,2,0,0,0,0,0,0,0,0,0
35208576,4190,0,2,0,0,0,0,0,0,0,0,0
35215801,4191,0,2,0,0,0,0,0,0,0,0,0
35223024,4192,0,2,0,0,0,0,0,0,0,0,0
35230248,4193,0,2,0,0,0,0,0,0,0,0,0
35237472,4194,0,2,0,0,0,0,0,0,0,0,0
35244696,4195,0,2,0,0,0,0,0,0,0,0,0
35251920,4196,0,2,0,0,0,0,0,0,0,0,0
35259144,4197,0,2,0,0,0,0,0,0,0,0,0
35266368,4198,0,2,0,0,0,0,0,0,0,0,0
35273592,4199,0,2,0,0,0,0,0,0,0,0,0
35280816,4200,0,2,0,0,0,0,0,0,0,0,0
35288041,4201,0,2,0,0,0,0,0,0,0,0,0
35295264,4202,0,2,0,0,0,0,0,0,0,0,0
35302488,4203,0,2,0,0,0,0,0,0,0,0,0
35309712,4204,0,2,0,0,0,0,0,0,0,0,0
35316936,4205,0,2,0,0,0,0,0,0,0,0,0
35324160,4206,0,2,0,0,0,0,0,0,0,0,0
35331384,4207,0,2,0,0,0,0,0,0,0,0,0
35338608,4208,0,2,0,0,0,0,0,0,0,0,0
35345832,4209,0,2,0,0,0,0,0,0,0,0,0
35353056,4210,0,2,0,0,0,0,0,0,0,0,0
35360281,4211,0,2,0,0,0,0,0,0,0,0,0
35367504,4212,0,2,0,0,0,0,0,0,0,0,0
35374728,4213,0,2,0,0,0,0,0,0,0,0,0
35381952,4214,0,2,0,0,0,0,0,0,0,0,0
35389176,4215,0,2,0,0,0,0,0,0,0,0,0
35396400,4216,0,2,0,0,0,0,0,0,0,0,0
35403624,4217,0,2,0,0,0,0,0,0,0,0,0
35410848,4218,0,2,0,0,0,0,0,0,0,0,0
35418072,4219,0,2,0,0,0,0,0,0,0,0,0
35425296,4220,0,2,0,0,0,0,0,0,0,0,0
35432521,4221,0,2,0,0,0,0,0,0,0,0,0
35439744,4222,0,2,0,0,0,0,0,0,0,0,0
35446968,4223,0,2,0,0,0,0,0,0,0,0,0
35454192,4224,0,2,0,0,0,0,0,0,0,0,0
35461416,4225,0,2,0,0,0,0,0,0,0,0,0
35468640,4226,0,2,0,0,0,0,0,0,0,0,0
35475864,4227,0,2,0,0,0,0,0,0,0,0,0
35483088,4228,0,2,0,0,0,0,0,0,0,0,0
35490312,4229,0,2,0,0,0,0,0,0,0,0,0
35497536,4230,0,2,0,0,0,0,0,0,0,0,0
35504761,4231,0,2,0,0,0,0,0,0,0,0,0
35511984,4232,0,2,0,0,0,0,0,0,0,0,0
35519208,4233,0,2,0,0,0,0,0,0,0,0,0
35526432,4234,0,2,0,0,0,0,0,0,0,0,0
35533656,4235,0,2,0,0,0,0,0,0,0,0,0
35540880,4236,0,2,0,0,0,0,0,0,0,0,0
35548104,4237,0,2,0,0,0,0,0,0,0,0,0
35555328,4238,0,2,0,0,0,0,0,0,0,0,0
35562552,4239,0,2,0,0,0,0,0,0,0,0,0
35569776,4240,0,2,0,0,0,0,0,0,0,0,0
35577001,4241,0,2,0,0,0,0,0,0,0,0,0
35584224,4242,0,2,0,0,0,0,0,0,0,0,0
35591448,4243,0,2,0,0,0,0,0,0,0,0,0
35598672,4244,0,2,0,0,0,0,0,0,0,0,0
35605896,4245,0,2,0,0,0,0,0,0,0,0,0
35613120,4246,0,2,0,0,0,0,0,0,0,0,0
35620344,4247,0,2,0,0,0,0,0,0,0,0,0
35627568,4248,0,2,0,0,0,0,0,0,0,0,0
35634792,4249,0,2,0,0,0,0,0,0,0,0,0
35642016,4250,0,2,0,0,0,0,0,0,0,0,0
35649241,4251,0,2,0,0,0,0,0,0,0,0,0
35656464,4252,0,2,0,0,0,0,0,0,0,0,0
35663688,4253,0,2,0,0,0,0,0,0,0,0,0
35670912,4254,0,2,0,0,0,0,0,0,0,0,0
35678136,4255,0,2,0,0,0,0,0,0,0,0,0
35685360,4256,0,2,0,0,0,0,0,0,0,0,0
35692584,4257,0,2,0,0,0,0,0,0,0,0,0
35699808,4258,0,2,0,0,0,0,0,0,0,0,0
35707032,4259,0,2,0,0,0,0,0,0,0,0,0
35714256,4260,0,2,0,0,0,0,0,0,0,0,0
35721481,4261,0,2,0,0,0,0,0,0,0,0,0
35728704,4262,0,2,0,0,0,0,0,0,0,0,0
35735928,4263,0,2,0,0,0,0,0,0,0,0,0
35743152,4264,0,2,0,0,0,0,0,0,0,0,0
35750376,4265,0,2,0,0,0,0,0,0,0,0,0
35757600,4266,0,2,0,0,0,0,0,0,0,0,0
35764824,4267,0,2,0,0,0,0,0,0,0,0,0
35772048,4268,0,2,0,0,0,0,0,0,0,0,0
35779272,4269,0,2,0,0,0,0,0,0,0,0,0
35786496,4270,0,2,0,0,0,0,0,0,0,0,0
35793721,4271,0,2,0,0,0,0,0,0,0,0,0
35800944,4272,0,2,0,0,0,0,0,0,0,0,0
35808168,4273,0,2,0,0,0,0,0,0,0,0,0
35815392,4274,0,2,0,0,0,0,0,0,0,0,0
35822616,4275,0,2,0,0,0,0,0,0,0,0,0
35829840,4276,0,2,0,0,0,0,0,0,0,0,0
35837064,4277,0,2,0,0,0,0,0,0,0,0,0
35844288,4278,0,2,0,0,0,0,0,0,0,0,0
35851512,4279,0,2,0,0,0,0,0,0,0,0,0
35858736,4280,0,2,0,0,0,0,0,0,0,0,0
35865961,4281,0,2,0,0,0,0,0,0,0,0,0
35873184,4282,0,2,0,0,0,0,0,0,0,0,0
35880408,4283,0,2,0,0,0,0,0,0,0,0,0
35887632,4284,0,2,0,0,0,0,0,0,0,0,0
35894856,4285,0,2,0,0,0,0,0,0,0,0,0
35902080,4286,0,2,0,0,0,0,0,0,0,0,0
35909304,4287,0,2,0,0,0,0,0,0,0,0,0
35916528,4288,0,2,0,0,0,0,0,0,0,0,0
35923752,4289,0,2,0,0,0,0,0,0,0,0,0
35930976,4290,0,2,0,0,0,0,0,0,0,0,0
35938201,4291,0,2,0,0,0,0,0,0,0,0,0
35945424,4292,0,2,0,0,0,0,0,0,0,0,0
35952648,4293,0,2,0,0,0,0,0,0,0,0,0
35959872,4294,0,2,0,0,0,0,0,0,0,0,0
35967096,4295,0,2,0,0,0,0,0,0,0,0,0
35974320,4296,0,2,0,0,0,0,0,0,0,0,0
35981544,4297,0,2,0,0,0,0,0,0,0,0,0
35988768,4298,0,2,0,0,0,0,0,0,0,0,0
35995992,4299,0,2,0,0,0,0,0,0,0,0,0
36003216,4300,0,2,0,0,0,0,0,0,0,0,0
36010441,4301,0,2,0,0,0,0,0,0,0,0,0
36017664,4302,0,2,0,0,0,0,0,0,0,0,0
36024888,4303,0,2,0,0,0,0,0,0,0,0,0
36032112,4304,0,2,0,0,0,0,0,0,0,0,0
36039336,4305,0,2,0,0,0,0,0,0,0,0,0
36046560,4306,0,2,0,0,0,0,0,0,0,0,0
36053784,4307,0,2,0,0,0,0,0,0,0,0,0
36061008,4308,0,2,0,0,0,0,0,0,0,0,0
36068232,4309,0,2,0,0,0,0,0,0,0,0,0
36075456,4310,0,2,0,0,0,0,0,0,0,0,0
36082681,4311,0,2,0,0,0,0,0,0,0,0,0
36089904,4312,0,2,0,0,0,0,0,0,0,0,0
36097128,4313,0,2,0,0,0,0,0,0,0,0,0
36110690,4314,0,2,0,0,0,0,0,0,0,0,0
36117902,4315,0,2,0,0,0,0,0,0,0,0,0
36125126,4316,0,2,0,0,0,0,0,0,0,0,0
36132350,4317,0,2,0,0,0,0,0,0,0,0,0
36139574,4318,0,2,0,0,0,0,0,0,0,0,0
36146798,4319,0,2,0,0,0,0,0,0,0,0,0
36154022,4320,0,2,0,0,0,0,0,0,0,0,0
36161247,4321,0,2,0,0,0,0,0,0,0,0,0
36168470,4322,0,2,0,0,0,0,0,0,0,0,0
36175694,4323,0,2,0,0,0,0,0,0,0,0,0
36182918,4324,0,2,0,0,0,0,0,0,0,0,0
36190142,4325,0,2,0,0,0,0,0,0,0,0,0
36197366,4326,0,2,0,0,0,0,0,0,0,0,0
36204590,4327,0,2,0,0,0,0,0,0,0,0,0
36211814,4328,0,2,0,0,0,0,0,0,0,0,0
36219038,4329,0,2,0,0,0,0,0,0,0,0,0
36226262,4330,0,2,0,0,0,0,0,0,0,0,0
36233487,4331,0,2,0,0,0,0,0,0,0,0,0
36240710,4332,0,2,0,0,0,0,0,0,0,0,0
36247934,4333,0,2,0,0,0,0,0,0,0,0,0
36255158,4334,0,2,0,0,0,0,0,0,0,0,0
36262382,4335,0,2,0,0,0,0,0,0,0,0,0
36269606,4336,0,2,0,0,0,0,0,0,0,0,0
36276830,4337,0,2,0,0,0,0,0,0,0,0,0
36284054,4338,0,2,0,0,0,0,0,0,0,0,0
36291278,4339,0,2,0,0,0,0,0,0,0,0,0
36298502,4340,0,2,0,0,0,0,0,0,0,0,0
36305727,4341,0,2,0,0,0,0,0,0,0,0,0
36312950,4342,0,2,0,0,0,0,0,0,0,0,0
36320174,4343,0,2,0,0,0,0,0,0,0,0,0
36327398,4344,0,2,0,0,0,0,0,0,0,0,0
36334622,4345,0,2,0,0,0,0,0,0,0,0,0
36341846,4346,0,2,0,0,0,0,0,0,0,0,0
36349070,4347,0,2,0,0,0,0,0,0,0,0,0
36356294,4348,0,2,0,0,0,0,0,0,0,0,0
36363518,4349,0,2,0,0,0,0,0,0,0,0,0
36370742,4350,0,2,0,0,0,0,0,0,0,0,0
36377967,4351,0,2,0,0,0,0,0,0,0,0,0
36385190,4352,0,2,0,0,0,0,0,0,0,0,0
36392414,4353,0,2,0,0,0,0,0,0,0,0,0
36399638,4354,0,2,0,0,0,0,0,0,0,0,0
36406862,4355,0,2,0,0,0,0,0,0,0,0,0
36414086,4356,0,2,0,0,0,0,0,0,0,0,0
36421310,4357,0,2,0,0,0,0,0,0,0,0,0
36428534,4358,0,2,0,0,0,0,0,0,0,0,0
36435758,4359,0,2,0,0,0,0,0,0,0,0,0
36442982,4360,0,2,0,0,0,0,0,0,0,0,0
36450207,4361,0,2,0,0,0,0,0,0,0,0,0
36457430,4362,0,2,0,0,0,0,0,0,0,0,0
36464654,4363,0,2,0,0,0,0,0,0,0,0,0
36471878,4364,0,2,0,0,0,0,0,0,0,0,0
36479102,4365,0,2,0,0,0,0,0,0,0,0,0
36486326,4366,0,2,0,0,0,0,0,0,0,0,0
36493550,4367,0,2,0,0,0,0,0,0,0,0,0
36500774,4368,0,2,0,0,0,0,0,0,0,0,0
36507998,4369,0,2,0,0,0,0,0,0,0,0,0
36515222,4370,0,2,0,0,0,0,0,0,0,0,0
36522447,4371,0,2,0,0,0,0,0,0,0,0,0
36529670,4372,0,2,0,0,0,0,0,0,0,0,0
36536894,4373,0,2,0,0,0,0,0,0,0,0,0
36544118,4374,0,2,0,0,0,0,0,0,0,0,0
36551342,4375,0,2,0,0,0,0,0,0,0,0,0
36558566,4376,0,2,0,0,0,0,0,0,0,0,0
36565790,4377,0,2,0,0,0,0,0,0,0,0,0
36573014,4378,0,2,0,0,0,0,0,0,0,0,0
36580238,4379,0,2,0,0,0,0,0,0,0,0,0
36587462,4380,0,2,0,0,0,0,0,0,0,0,0
36594687,4381,0,2,0,0,0,0,0,0,0,0,0
36601910,4382,0,2,0,0,0,0,0,0,0,0,0
36609134,4383,0,2,0,0,0,0,0,0,0,0,0
36616358,4384,0,2,0,0,0,0,0,0,0,0,0
36623582,4385,0,2,0,0,0,0,0,0,0,0,0
36630806,4386,0,2,0,0,0,0,0,0,0,0,0
36638030,4387,0,2,0,0,0,0,0,0,0,0,0
36645254,4388,0,2,0,0,0,0,0,0,0,0,0
36652478,4389,0,2,0,0,0,0,0,0,0,0,0
36659702,4390,0,2,0,0,0,0,0,0,0,0,0
36666927,4391,0,2,0,0,0,0,0,0,0,0,0
36674150,4392,0,2,0,0,0,0,0,0,0,0,0
36681374,4393,0,2,0,0,0,0,0,0,0,0,0
36688598,4394,0,2,0,0,0,0,0,0,0,0,0
36695822,4395,0,2,0,0,0,0,0,0,0,0,0
36703046,4396,0,2,0,0,0,0,0,0,0,0,0
36710270,4397,0,2,0,0,0,0,0,0,0,0,0
36717494,4398,0,2,0,0,0,0,0,0,0,0,0
36724718,4399,0,2,0,0,0,0,0,0,0,0,0
36731942,4400,0,2,0,0,0,0,0,0,0,0,0
36739167,4401,0,2,0,0,0,0,0,0,0,0,0
36746390,4402,0,2,0,0,0,0,0,0,0,0,0
36753614,4403,0,2,0,0,0,0,0,0,0,0,0
36760838,4404,0,2,0,0,0,0,0,0,0,0,0
36768062,4405,0,2,0,0,0,0,0,0,0,0,0
36775286,4406,0,2,0,0,0,0,0,0,0,0,0
36782510,4407,0,2,0,0,0,0,0,0,0,0,0
36789734,4408,0,2,0,0,0,0,0,0,0,0,0
36796958,4409,0,2,0,0,0,0,0,0,0,0,0
36804182,4410,0,2,0,0,0,0,0,0,0,0,0
36811407,4411,0,2,0,0,0,0,0,0,0,0,0
36818630,4412,0,2,0,0,0,0,0,0,0,0,0
36825854,4413,0,2,0,0,0,0,0,0,0,0,0
36833078,4414,0,2,0,0,0,0,0,0,0,0,0
36840302,4415,0,2,0,0,0,0,0,0,0,0,0
36847526,4416,0,2,0,0,0,0,0,0,0,0,0
36854750,4417,0,2,0,0,0,0,0,0,0,0,0
36861974,4418,0,2,0,0,0,0,0,0,0,0,0
36869198,4419,0,2,0,0,0,0,0,0,0,0,0
36876422,4420,0,2,0,0,0,0,0,0,0,0,0
36883647,4421,0,2,0,0,0,0,0,0,0,0,0
36890870,4422,0,2,0,0,0,0,0,0,0,0,0
36898094,4423,0,2,0,0,0,0,0,0,0,0,0
36905318,4424,0,2,0,0,0,0,0,0,0,0,0
36912542,4425,0,2,0,0,0,0,0,0,0,0,0
36919766,4426,0,2,0,0,0,0,0,0,0,0,0
36926990,4427,0,2,0,0,0,0,0,0,0,0,0
36934214,4428,0,2,0,0,0,0,0,0,0,0,0
36941438,4429,0,2,0,0,0,0,0,0,0,0,0
36948662,4430,0,2,0,0,0,0,0,0,0,0,0
36955887,4431,0,2,0,0,0,0,0,0,0,0,0
36963110,4432,0,2,0,0,0,0,0,0,0,0,0
36970334,4433,0,2,0,0,0,0,0,0,0,0,0
36977558,4434,0,2,0,0,0,0,0,0,0,0,0
36984782,4435,0,2,0,0,0,0,0,0,0,0,0
36992006,4436,0,2,0,0,0,0,0,0,0,0,0
36999230,4437,0,2,0,0,0,0,0,0,0,0,0
37006454,4438,0,2,0,0,0,0,0,0,0,0,0
37013678,4439,0,2,0,0,0,0,0,0,0,0,0
37020902,4440,0,2,0,0,0,0,0,0,0,0,0
37028127,4441,0,2,0,0,0,0,0,0,0,0,0
37035350,4442,0,2,0,0,0,0,0,0,0,0,0
37042574,4443,0,2,0,0,0,0,0,0,0,0,0
37049798,4444,0,2,0,0,0,0,0,0,0,0,0
37057023,4445,0,2,0,0,0,0,0,0,0,0,0
37064246,4446,0,2,0,0,0,0,0,0,0,0,0
37071470,4447,0,2,0,0,0,0,0,0,0,0,0
37078694,4448,0,2,0,0,0,0,0,0,0,0,0
37085918,4449,0,2,0,0,0,0,0,0,0,0,0
37093142,4450,0,2,0,0,0,0,0,0,0,0,0
37100367,4451,0,2,0,0,0,0,0,0,0,0,0
37107590,4452,0,2,0,0,0,0,0,0,0,0,0
37114814,4453,0,2,0,0,0,0,0,0,0,0,0
37122038,4454,0,2,0,0,0,0,0,0,0,0,0
37129262,4455,0,2,0,0,0,0,0,0,0,0,0
37136486,4456,0,2,0,0,0,0,0,0,0,0,0
37143710,4457,0,2,0,0,0,0,0,0,0,0,0
37150934,4458,0,2,0,0,0,0,0,0,0,0,0
37158158,4459,0,2,0,0,0,0,0,0,0,0,0
37165382,4460,0,2,0,0,0,0,0,0,0,0,0
37172607,4461,0,2,0,0,0,0,0,0,0,0,0
37179830,4462,0,2,0,0,0,0,0,0,0,0,0
37187054,4463,0,2,0,0,0,0,0,0,0,0,0
37194278,4464,0,2,0,0,0,0,0,0,0,0,0
37201502,4465,0,2,0,0,0,0,0,0,0,0,0
37208726,4466,0,2,0,0,0,0,0,0,0,0,0
37215950,4467,0,2,0,0,0,0,0,0,0,0,0
37223174,4468,0,2,0,0,0,0,0,0,0,0,0
37230398,4469,0,2,0,0,0,0,0,0,0,0,0
37237622,4470,0,2,0,0,0,0,0,0,0,0,0
37244847,4471,0,2,0,0,0,0,0,0,0,0,0
37252070,4472,0,2,0,0,0,0,0,0,0,0,0
37259294,4473,0,2,0,0,0,0,0,0,0,0,0
37266518,4474,0,2,0,0,0,0,0,0,0,0,0
37273742,4475,0,2,0,0,0,0,0,0,0,0,0
37280966,4476,0,2,0,0,0,0,0,0,0,0,0
37288190,4477,0,2,0,0,0,0,0,0,0,0,0
37295414,4478,0,2,0,0,0,0,0,0,0,0,0
37302638,4479,0,2,0,0,0,0,0,0,0,0,0
37309862,4480,0,2,0,0,0,0,0,0,0,0,0
37317087,4481,0,2,0,0,0,0,0,0,0,0,0
37324310,4482,0,2,0,0,0,0,0,0,0,0,0
37331534,4483,0,2,0,0,0,0,0,0,0,0,0
37338758,4484,0,2,0,0,0,0,0,0,0,0,0
37345982,4485,0,2,0,0,0,0,0,0,0,0,0
37353206,4486,0,2,0,0,0,0,0,0,0,0,0
37360430,4487,0,2,0,0,0,0,0,0,0,0,0
37367654,4488,0,2,0,0,0,0,0,0,0,0,0
37374878,4489,0,2,0,0,0,0,0,0,0,0,0
37382102,4490,0,2,0,0,0,0,0,0,0,0,0
37389327,4491,0,2,0,0,0,0,0,0,0,0,0
37396550,4492,0,2,0,0,0,0,0,0,0,0,0
37403774,4493,0,2,0,0,0,0,0,0,0,0,0
37410998,4494,0,2,0,0,0,0,0,0,0,0,0
37418222,4495,0,2,0,0,0,0,0,0,0,0,0
37425446,4496,0,2,0,0,0,0,0,0,0,0,0
37432670,4497,0,2,0,0,0,0,0,0,0,0,0
37439894,4498,0,2,0,0,0,0,0,0,0,0,0
37447118,4499,0,2,0,0,0,0,0,0,0,0,0
37454342,4500,0,2,0,0,0,0,0,0,0,0,0
37461567,4501,0,2,0,0,0,0,0,0,0,0,0
37468790,4502,0,2,0,0,0,0,0,0,0,0,0
37476014,4503,0,2,0,0,0,0,0,0,0,0,0
37483238,4504,0,2,0,0,0,0,0,0,0,0,0
37490462,4505,0,2,0,0,0,0,0,0,0,0,0
37497686,4506,0,2,0,0,0,0,0,0,0,0,0
37504910,4507,0,2,0,0,0,0,0,0,0,0,0
37512134,4508,0,2,0,0,0,0,0,0,0,0,0
37519358,4509,0,2,0,0,0,0,0,0,0,0,0
37526582,4510,0,2,0,0,0,0,0,0,0,0,0
37533807,4511,0,2,0,0,0,0,0,0,0,0,0
37541030,4512,0,2,0,0,0,0,0,0,0,0,0
37548254,4513,0,2,0,0,0,0,0,0,0,0,0
37555478,4514,0,2,0,0,0,0,0,0,0,0,0
37562702,4515,0,2,0,0,0,0,0,0,0,0,0
37569926,4516,0,2,0,0,0,0,0,0,0,0,0
37577150,4517,0,2,0,0,0,0,0,0,0,0,0
37584374,4518,0,2,0,0,0,0,0,0,0,0,0
37591598,4519,0,2,0,0,0,0,0,0,0,0,0
37598822,4520,0,2,0,0,0,0,0,0,0,0,0
37606047,4521,0,2,0,0,0,0,0,0,0,0,0
37613270,4522,0,2,0,0,0,0,0,0,0,0,0
37620494,4523,0,2,0,0,0,0,0,0,0,0,0
37627718,4524,0,2,0,0,0,0,0,0,0,0,0
37634942,4525,0,2,0,0,0,0,0,0,0,0,0
37642166,4526,0,2,0,0,0,0,0,0,0,0,0
37649390,4527,0,2,0,0,0,0,0,0,0,0,0
37656614,4528,0,2,0,0,0,0,0,0,0,0,0
37663838,4529,0,2,0,0,0,0,0,0,0,0,0
37671062,4530,0,2,0,0,0,0,0,0,0,0,0
37678287,4531,0,2,0,0,0,0,0,0,0,0,0
37685510,4532,0,2,0,0,0,0,0,0,0,0,0
37692734,4533,0,2,0,0,0,0,0,0,0,0,0
37699958,4534,0,2,0,0,0,0,0,0,0,0,0
37707182,4535,0,2,0,0,0,0,0,0,0,0,0
37714406,4536,0,2,0,0,0,0,0,0,0,0,0
37721630,4537,0,2,0,0,0,0,0,0,0,0,0
37728854,4538,0,2,0,0,0,0,0,0,0,0,0
37736078,4539,0,2,0,0,0,0,0,0,0,0,0
37743302,4540,0,2,0,0,0,0,0,0,0,0,0
37755152,4541,0,2,0,0,0,0,0,0,0,0,0
37762363,4542,0,2,0,0,0,0,0,0,0,0,0
37769587,4543,0,2,0,0,0,0,0,0,0,0,0
37776811,4544,0,2,0,0,0,0,0,0,0,0,0
37784035,4545,0,2,0,0,0,0,0,0,0,0,0
37791259,4546,0,2,0,0,0,0,0,0,0,0,0
37798483,4547,0,2,0,0,0,0,0,0,0,0,0
37805707,4548,0,2,0,0,0,0,0,0,0,0,0
37812931,4549,0,2,0,0,0,0,0,0,0,0,0
37820155,4550,0,2,0,0,0,0,0,0,0,0,0
37827380,4551,0,2,0,0,0,0,0,0,0,0,0
37834603,4552,0,2,0,0,0,0,0,0,0,0,0
37841827,4553,0,2,0,0,0,0,0,0,0,0,0
37849051,4554,0,2,0,0,0,0,0,0,0,0,0
37856275,4555,0,2,0,0,0,0,0,0,0,0,0
37863499,4556,0,2,0,0,0,0,0,0,0,0,0
37870723,4557,0,2,0,0,0,0,0,0,0,0,0
37877947,4558,0,2,0,0,0,0,0,0,0,0,0
37885171,4559,0,2,0,0,0,0,0,0,0,0,0
37892395,4560,0,2,0,0,0,0,0,0,0,0,0
37899620,4561,0,2,0,0,0,0,0,0,0,0,0
37906843,4562,0,2,0,0,0,0,0,0,0,0,0
37914067,4563,0,2,0,0,0,0,0,0,0,0,0
37921291,4564,0,2,0,0,0,0,0,0,0,0,0
37928515,4565,0,2,0,0,0,0,0,0,0,0,0
37935739,4566,0,2,0,0,0,0,0,0,0,0,0
37942963,4567,0,2,0,0,0,0,0,0,0,0,0
37950187,4568,0,2,0,0,0,0,0,0,0,0,0
37957411,4569,0,2,0,0,0,0,0,0,0,0,0
37964635,4570,0,2,0,0,0,0,0,0,0,0,0
37971860,4571,0,2,0,0,0,0,0,0,0,0,0
37979083,4572,0,2,0,0,0,0,0,0,0,0,0
37986307,4573,0,2,0,0,0,0,0,0,0,0,0
37993531,4574,0,2,0,0,0,0,0,0,0,0,0
38000755,4575,0,2,0,0,0,0,0,0,0,0,0
38007979,4576,0,2,0,0,0,0,0,0,0,0,0
38015203,4577,0,2,0,0,0,0,0,0,0,0,0
38022427,4578,0,2,0,0,0,0,0,0,0,0,0
38029651,4579,0,2,0,0,0,0,0,0,0,0,0
38036875,4580,0,2,0,0,0,0,0,0,0,0,0
38044100,4581,0,2,0,0,0,0,0,0,0,0,0
38051323,4582,0,2,0,0,0,0,0,0,0,0,0
38058547,4583,0,2,0,0,0,0,0,0,0,0,0
38065771,4584,0,2,0,0,0,0,0,0,0,0,0
38072995,4585,0,2,0,0,0,0,0,0,0,0,0
38080219,4586,0,2,0,0,0,0,0,0,0,0,0
38087443,4587,0,2,0,0,0,0,0,0,0,0,0
38094667,4588,0,2,0,0,0,0,0,0,0,0,0
38101891,4589,0,2,0,0,0,0,0,0,0,0,0
38109115,4590,0,2,0,0,0,0,0,0,0,0,0
38116340,4591,0,2,0,0,0,0,0,0,0,0,0
38123563,4592,0,2,0,0,0,0,0,0,0,0,0
38130787,4593,0,2,0,0,0,0,0,0,0,0,0
38138011,4594,0,2,0,0,0,0,0,0,0,0,0
38145235,4595,0,2,0,0,0,0,0,0,0,0,0
38152459,4596,0,2,0,0,0,0,0,0,0,0,0
38159683,4597,0,2,0,0,0,0,0,0,0,0,0
38166907,4598,0,2,0,0,0,0,0,0,0,0,0
38174131,4599,0,2,0,0,0,0,0,0,0,0,0
38181355,4600,0,2,0,0,0,0,0,0,0,0,0
38188580,4601,0,2,0,0,0,0,0,0,0,0,0
38195803,4602,0,2,0,0,0,0,0,0,0,0,0
38203027,4603,0,2,0,0,0,0,0,0,0,0,0
38210251,4604,0,2,0,0,0,0,0,0,0,0,0
38217475,4605,0,2,0,0,0,0,0,0,0,0,0
38224699,4606,0,2,0,0,0,0,0,0,0,0,0
38231923,4607,0,2,0,0,0,0,0,0,0,0,0
38239147,4608,0,2,0,0,0,0,0,0,0,0,0
38246371,4609,0,2,0,0,0,0,0,0,0,0,0
38253595,4610,0,2,0,0,0,0,0,0,0,0,0
38260820,4611,0,2,0,0,0,0,0,0,0,0,0
38268043,4612,0,2,0,0,0,0,0,0,0,0,0
38275267,4613,0,2,0,0,0,0,0,0,0,0,0
38282491,4614,0,2,0,0,0,0,0,0,0,0,0
38289715,4615,0,2,0,0,0,0,0,0,0,0,0
38296939,4616,0,2,0,0,0,0,0,0,0,0,0
38304163,4617,0,2,0,0,0,0,0,0,0,0,0
38311387,4618,0,2,0,0,0,0,0,0,0,0,0
38318611,4619,0,2,0,0,0,0,0,0,0,0,0
38325835,4620,0,2,0,0,0,0,0,0,0,0,0
38333060,4621,0,2,0,0,0,0,0,0,0,0,0
38340283,4622,0,2,0,0,0,0,0,0,0,0,0
38347508,4623,0,2,0,0,0,0,0,0,0,0,0
38354731,4624,0,2,0,0,0,0,0,0,0,0,0
38361955,4625,0,2,0,0,0,0,0,0,0,0,0
38369179,4626,0,2,0,0,0,0,0,0,0,0,0
38376403,4627,0,2,0,0,0,0,0,0,0,0,0
38383627,4628,0,2,0,0,0,0,0,0,0,0,0
38390851,4629,0,2,0,0,0,0,0,0,0,0,0
38398075,4630,0,2,0,0,0,0,0,0,0,0,0
38405300,4631,0,2,0,0,0,0,0,0,0,0,0
38412523,4632,0,2,0,0,0,0,0,0,0,0,0
38419747,4633,0,2,0,0,0,0,0,0,0,0,0
38426971,4634,0,2,0,0,0,0,0,0,0,0,0
38434195,4635,0,2,0,0,0,0,0,0,0,0,0
38441419,4636,0,2,0,0,0,0,0,0,0,0,0
38448643,4637,0,2,0,0,0,0,0,0,0,0,0
38455867,4638,0,2,0,0,0,0,0,0,0,0,0
38463092,4639,0,2,0,0,0,0,0,0,0,0,0
38470315,4640,0,2,0,0,0,0,0,0,0,0,0
38477540,4641,0,2,0,0,0,0,0,0,0,0,0
38484763,4642,0,2,0,0,0,0,0,0,0,0,0
38491987,4643,0,2,0,0,0,0,0,0,0,0,0
38499211,4644,0,2,0,0,0,0,0,0,0,0,0
38506435,4645,0,2,0,0,0,0,0,0,0,0,0
38513659,4646,0,2,0,0,0,0,0,0,0,0,0
38520883,4647,0,2,0,0,0,0,0,0,0,0,0
38528107,4648,0,2,0,0,0,0,0,0,0,0,0
38535331,4649,0,2,0,0,0,0,0,0,0,0,0
38542555,4650,0,2,0,0,0,0,0,0,0,0,0
38549780,4651,0,2,0,0,0,0,0,0,0,0,0
38557003,4652,0,2,0,0,0,0,0,0,0,0,0
38564227,4653,0,2,0,0,0,0,0,0,0,0,0
38571451,4654,0,2,0,0,0,0,0,0,0,0,0
38578675,4655,0,2,0,0,0,0,0,0,0,0,0
38585899,4656,0,2,0,0,0,0,0,0,0,0,0
38593123,4657,0,2,0,0,0,0,0,0,0,0,0
38600347,4658,0,2,0,0,0,0,0,0,0,0,0
38607571,4659,0,2,0,0,0,0,0,0,0,0,0
38614795,4660,0,2,0,0,0,0,0,0,0,0,0
38622020,4661,0,2,0,0,0,0,0,0,0,0,0
38629243,4662,0,2,0,0,0,0,0,0,0,0,0
38636467,4663,0,2,0,0,0,0,0,0,0,0,0
38643691,4664,0,2,0,0,0,0,0,0,0,0,0
38650915,4665,0,2,0,0,0,0,0,0,0,0,0
38658139,4666,0,2,0,0,0,0,0,0,0,0,0
38665363,4667,0,2,0,0,0,0,0,0,0,0,0
38672587,4668,0,2,0,0,0,0,0,0,0,0,0
38679811,4669,0,2,0,0,0,0,0,0,0,0,0
38687035,4670,0,2,0,0,0,0,0,0,0,0,0
38694260,4671,0,2,0,0,0,0,0,0,0,0,0
38701483,4672,0,2,0,0,0,0,0,0,0,0,0
38708707,4673,0,2,0,0,0,0,0,0,0,0,0
38715931,4674,0,2,0,0,0,0,0,0,0,0,0
38723155,4675,0,2,0,0,0,0,0,0,0,0,0
38730379,4676,0,2,0,0,0,0,0,0,0,0,0
38737603,4677,0,2,0,0,0,0,0,0,0,0,0
38744827,4678,0,2,0,0,0,0,0,0,0,0,0
38752051,4679,0,2,0,0,0,0,0,0,0,0,0
38759275,4680,0,2,0,0,0,0,0,0,0,0,0
38766500,4681,0,2,0,0,0,0,0,0,0,0,0
38773723,4682,0,2,0,0,0,0,0,0,0,0,0
38780947,4683,0,2,0,0,0,0,0,0,0,0,0
38788171,4684,0,2,0,0,0,0,0,0,0,0,0
38795395,4685,0,2,0,0,0,0,0,0,0,0,0
38802619,4686,0,2,0,0,0,0,0,0,0,0,0
38809843,4687,0,2,0,0,0,0,0,0,0,0,0
38817067,4688,0,2,0,0,0,0,0,0,0,0,0
38824291,4689,0,2,0,0,0,0,0,0,0,0,0
38831515,4690,0,2,0,0,0,0,0,0,0,0,0
38838740,4691,0,2,0,0,0,0,0,0,0,0,0
38845963,4692,0,2,0,0,0,0,0,0,0,0,0
38853187,4693,0,2,0,0,0,0,0,0,0,0,0
38860411,4694,0,2,0,0,0,0,0,0,0,0,0
38867635,4695,0,2,0,0,0,0,0,0,0,0,0
38874859,4696,0,2,0,0,0,0,0,0,0,0,0
38882083,4697,0,2,0,0,0,0,0,0,0,0,0
38889307,4698,0,2,0,0,0,0,0,0,0,0,0
38896531,4699,0,2,0,0,0,0,0,0,0,0,0
38903755,4700,0,2,0,0,0,0,0,0,0,0,0
38910980,4701,0,2,0,0,0,0,0,0,0,0,0
38918203,4702,0,2,0,0,0,0,0,0,0,0,0
38925427,4703,0,2,0,0,0,0,0,0,0,0,0
38932651,4704,0,2,0,0,0,0,0,0,0,0,0
38939875,4705,0,2,0,0,0,0,0,0,0,0,0
38947099,4706,0,2,0,0,0,0,0,0,0,0,0
38954323,4707,0,2,0,0,0,0,0,0,0,0,0
38961547,4708,0,2,0,0,0,0,0,0,0,0,0
38968771,4709,0,2,0,0,0,0,0,0,0,0,0
38975995,4710,0,2,0,0,0,0,0,0,0,0,0
38983220,4711,0,2,0,0,0,0,0,0,0,0,0
38990443,4712,0,2,0,0,0,0,0,0,0,0,0
38997667,4713,0,2,0,0,0,0,0,0,0,0,0
39004891,4714,0,2,0,0,0,0,0,0,0,0,0
39012115,4715,0,2,0,0,0,0,0,0,0,0,0
39019339,4716,0,2,0,0,0,0,0,0,0,0,0
39026563,4717,0,2,0,0,0,0,0,0,0,0,0
39033787,4718,0,2,0,0,0,0,0,0,0,0,0
39041011,4719,0,2,0,0,0,0,0,0,0,0,0
39048235,4720,0,2,0,0,0,0,0,0,0,0,0
39055460,4721,0,2,0,0,0,0,0,0,0,0,0
39062683,4722,0,2,0,0,0,0,0,0,0,0,0
39069907,4723,0,2,0,0,0,0,0,0,0,0,0
39077131,4724,0,2,0,0,0,0,0,0,0,0,0
39084355,4725,0,2,0,0,0,0,0,0,0,0,0
39091579,4726,0,2,0,0,0,0,0,0,0,0,0
39098803,4727,0,2,0,0,0,0,0,0,0,0,0
39106027,4728,0,2,0,0,0,0,0,0,0,0,0
39113251,4729,0,2,0,0,0,0,0,0,0,0,0
39120475,4730,0,2,0,0,0,0,0,0,0,0,0
39127700,4731,0,2,0,0,0,0,0,0,0,0,0
39134923,4732,0,2,0,0,0,0,0,0,0,0,0
39142147,4733,0,2,0,0,0,0,0,0,0,0,0
39149371,4734,0,2,0,0,0,0,0,0,0,0,0
39156595,4735,0,2,0,0,0,0,0,0,0,0,0
39163819,4736,0,2,0,0,0,0,0,0,0,0,0
39171043,4737,0,2,0,0,0,0,0,0,0,0,0
39178267,4738,0,2,0,0,0,0,0,0,0,0,0
39185491,4739,0,2,0,0,0,0,0,0,0,0,0
39192715,4740,0,2,0,0,0,0,0,0,0,0,0
39199940,4741,0,2,0,0,0,0,0,0,0,0,0
39207163,4742,0,2,0,0,0,0,0,0,0,0,0
39214387,4743,0,2,0,0,0,0,0,0,0,0,0
39221611,4744,0,2,0,0,0,0,0,0,0,0,0
39228835,4745,0,2,0,0,0,0,0,0,0,0,0
39236060,4746,0,2,0,0,0,0,0,0,0,0,0
39243283,4747,0,2,0,0,0,0,0,0,0,0,0
39250508,4748,0,2,0,0,0,0,0,0,0,0,0
39257731,4749,0,2,0,0,0,0,0,0,0,0,0
39264955,4750,0,2,0,0,0,0,0,0,0,0,0
39272180,4751,0,2,0,0,0,0,0,0,0,0,0
39279403,4752,0,2,0,0,0,0,0,0,0,0,0
39286627,4753,0,2,0,0,0,0,0,0,0,0,0
39293851,4754,0,2,0,0,0,0,0,0,0,0,0
39301075,4755,0,2,0,0,0,0,0,0,0,0,0
39308299,4756,0,2,0,0,0,0,0,0,0,0,0
39315523,4757,0,2,0,0,0,0,0,0,0,0,0
39322747,4758,0,2,0,0,0,0,0,0,0,0,0
39329971,4759,0,2,0,0,0,0,0,0,0,0,0
39337195,4760,0,2,0,0,0,0,0,0,0,0,0
39344420,4761,0,2,0,0,0,0,0,0,0,0,0
39351643,4762,0,2,0,0,0,0,0,0,0,0,0
39358867,4763,0,2,0,0,0,0,0,0,0,0,0
39366092,4764,0,2,0,0,0,0,0,0,0,0,0
39373315,4765,0,2,0,0,0,0,0,0,0,0,0
39380539,4766,0,2,0,0,0,0,0,0,0,0,0
39387763,4767,0,2,0,0,0,0,0,0,0,0,0
39401574,4768,0,2,0,0,0,0,0,0,0,0,0
39408786,4769,0,2,0,0,0,0,0,0,0,0,0
39416010,4770,0,2,0,0,0,0,0,0,0,0,0
39423235,4771,0,2,0,0,0,0,0,0,0,0,0
39430458,4772,0,2,0,0,0,0,0,0,0,0,0
39437682,4773,0,2,0,0,0,0,0,0,0,0,0
39444906,4774,0,2,0,0,0,0,0,0,0,0,0
39452130,4775,0,2,0,0,0,0,0,0,0,0,0
39459354,4776,0,2,0,0,0,0,0,0,0,0,0
39466578,4777,0,2,0,0,0,0,0,0,0,0,0
39473802,4778,0,2,0,0,0,0,0,0,0,0,0
39481026,4779,0,2,0,0,0,0,0,0,0,0,0
39488250,4780,0,2,0,0,0,0,0,0,0,0,0
39495475,4781,0,2,0,0,0,0,0,0,0,0,0
39502698,4782,0,2,0,0,0,0,0,0,0,0,0
39509922,4783,0,2,0,0,0,0,0,0,0,0,0
39517146,4784,0,2,0,0,0,0,0,0,0,0,0
39524370,4785,0,2,0,0,0,0,0,0,0,0,0
39531594,4786,0,2,0,0,0,0,0,0,0,0,0
39538818,4787,0,2,0,0,0,0,0,0,0,0,0
39546043,4788,0,2,0,0,0,0,0,0,0,0,0
39553266,4789,0,2,0,0,0,0,0,0,0,0,0
39560490,4790,0,2,0,0,0,0,0,0,0,0,0
39567715,4791,0,2,0,0,0,0,0,0,0,0,0
39574938,4792,0,2,0,0,0,0,0,0,0,0,0
39582162,4793,0,2,0,0,0,0,0,0,0,0,0
39589386,4794,0,2,0,0,0,0,0,0,0,0,0
39596610,4795,0,2,0,0,0,0,0,0,0,0,0
39603834,4796,0,2,0,0,0,0,0,0,0,0,0
39611058,4797,0,2,0,0,0,0,0,0,0,0,0
39618282,4798,0,2,0,0,0,0,0,0,0,0,0
39625506,4799,0,2,0,0,0,0,0,0,0,0,0
39632730,4800,0,2,0,0,0,0,0,0,0,0,0
39639955,4801,0,2,0,0,0,0,0,0,0,0,0
39647178,4802,0,2,0,0,0,0,0,0,0,0,0
39654402,4803,0,2,0,0,0,0,0,0,0,0,0
39661626,4804,0,2,0,0,0,0,0,0,0,0,0
39668850,4805,0,2,0,0,0,0,0,0,0,0,0
39676074,4806,0,2,0,0,0,0,0,0,0,0,0
39683298,4807,0,2,0,0,0,0,0,0,0,0,0
39690522,4808,0,2,0,0,0,0,0,0,0,0,0
39697746,4809,0,2,0,0,0,0,0,0,0,0,0
39704970,4810,0,2,0,0,0,0,0,0,0,0,0
39712195,4811,0,2,0,0,0,0,0,0,0,0,0
39719418,4812,0,2,0,0,0,0,0,0,0,0,0
39726642,4813,0,2,0,0,0,0,0,0,0,0,0
39733866,4814,0,2,0,0,0,0,0,0,0,0,0
39741090,4815,0,2,0,0,0,0,0,0,0,0,0
39748314,4816,0,2,0,0,0,0,0,0,0,0,0
39755538,4817,0,2,0,0,0,0,0,0,0,0,0
39762762,4818,0,2,0,0,0,0,0,0,0,0,0
39769986,4819,0,2,0,0,0,0,0,0,0,0,0
39777210,4820,0,2,0,0,0,0,0,0,0,0,0
39784435,4821,0,2,0,0,0,0,0,0,0,0,0
39791658,4822,0,2,0,0,0,0,0,0,0,0,0
39798882,4823,0,2,0,0,0,0,0,0,0,0,0
39806106,4824,0,2,0,0,0,0,0,0,0,0,0
39813330,4825,0,2,0,0,0,0,0,0,0,0,0
39820554,4826,0,2,0,0,0,0,0,0,0,0,0
39827778,4827,0,2,0,0,0,0,0,0,0,0,0
39835002,4828,0,2,0,0,0,0,0,0,0,0,0
39842226,4829,0,2,0,0,0,0,0,0,0,0,0
39849450,4830,0,2,0,0,0,0,0,0,0,0,0
39856675,4831,0,2,0,0,0,0,0,0,0,0,0
39863898,4832,0,2,0,0,0,0,0,0,0,0,0
39871122,4833,0,2,0,0,0,0,0,0,0,0,0
39878346,4834,0,2,0,0,0,0,0,0,0,0,0
39885570,4835,0,2,0,0,0,0,0,0,0,0,0
39892794,4836,0,2,0,0,0,0,0,0,0,0,0
39900018,4837,0,2,0,0,0,0,0,0,0,0,0
39907242,4838,0,2,0,0,0,0,0,0,0,0,0
39914466,4839,0,2,0,0,0,0,0,0,0,0,0
39921690,4840,0,2,0,0,0,0,0,0,0,0,0
39928915,4841,0,2,0,0,0,0,0,0,0,0,0
39936138,4842,0,2,0,0,0,0,0,0,0,0,0
39943362,4843,0,2,0,0,0,0,0,0,0,0,0
39950586,4844,0,2,0,0,0,0,0,0,0,0,0
39957810,4845,0,2,0,0,0,0,0,0,0,0,0
39965035,4846,0,2,0,0,0,0,0,0,0,0,0
39972258,4847,0,2,0,0,0,0,0,0,0,0,0
39979482,4848,0,2,0,0,0,0,0,0,0,0,0
39986706,4849,0,2,0,0,0,0,0,0,0,0,0
39993930,4850,0,2,0,0,0,0,0,0,0,0,0
40001155,4851,0,2,0,0,0,0,0,0,0,0,0
40008378,4852,0,2,0,0,0,0,0,0,0,0,0
40015602,4853,0,2,0,0,0,0,0,0,0,0,0
40022826,4854,0,2,0,0,0,0,0,0,0,0,0
40030050,4855,0,2,0,0,0,0,0,0,0,0,0
40037274,4856,0,2,0,0,0,0,0,0,0,0,0
40044498,4857,0,2,0,0,0,0,0,0,0,0,0
40051722,4858,0,2,0,0,0,0,0,0,0,0,0
40058946,4859,0,2,0,0,0,0,0,0,0,0,0
40066170,4860,0,2,0,0,0,0,0,0,0,0,0
40073395,4861,0,2,0,0,0,0,0,0,0,0,0
40080618,4862,0,2,0,0,0,0,0,0,0,0,0
40087842,4863,0,2,0,0,0,0,0,0,0,0,0
40095066,4864,0,2,0,0,0,0,0,0,0,0,0
40102290,4865,0,2,0,0,0,0,0,0,0,0,0
40109514,4866,0,2,0,0,0,0,0,0,0,0,0
40116738,4867,0,2,0,0,0,0,0,0,0,0,0
40123962,4868,0,2,0,0,0,0,0,0,0,0,0
40131186,4869,0,2,0,0,0,0,0,0,0,0,0
40138410,4870,0,2,0,0,0,0,0,0,0,0,0
40145635,4871,0,2,0,0,0,0,0,0,0,0,0
40152858,4872,0,2,0,0,0,0,0,0,0,0,0
40160082,4873,0,2,0,0,0,0,0,0,0,0,0
40167306,4874,0,2,0,0,0,0,0,0,0,0,0
40174530,4875,0,2,0,0,0,0,0,0,0,0,0
40181754,4876,0,2,0,0,0,0,0,0,0,0,0
40188978,4877,0,2,0,0,0,0,0,0,0,0,0
40196202,4878,0,2,0,0,0,0,0,0,0,0,0
40203426,4879,0,2,0,0,0,0,0,0,0,0,0
40210650,4880,0,2,0,0,0,0,0,0,0,0,0
40217875,4881,0,2,0,0,0,0,0,0,0,0,0
40225098,4882,0,2,0,0,0,0,0,0,0,0,0
40232322,4883,0,2,0,0,0,0,0,0,0,0,0
40239546,4884,0,2,0,0,0,0,0,0,0,0,0
40246770,4885,0,2,0,0,0,0,0,0,0,0,0
40253994,4886,0,2,0,0,0,0,0,0,0,0,0
40261218,4887,0,2,0,0,0,0,0,0,0,0,0
40268442,4888,0,2,0,0,0,0,0,0,0,0,0
40275666,4889,0,2,0,0,0,0,0,0,0,0,0
40282890,4890,0,2,0,0,0,0,0,0,0,0,0
40290115,4891,0,2,0,0,0,0,0,0,0,0,0
40297338,4892,0,2,0,0,0,0,0,0,0,0,0
40304562,4893,0,2,0,0,0,0,0,0,0,0,0
40311786,4894,0,2,0,0,0,0,0,0,0,0,0
40319010,4895,0,2,0,0,0,0,0,0,0,0,0
40326234,4896,0,2,0,0,0,0,0,0,0,0,0
40333458,4897,0,2,0,0,0,0,0,0,0,0,0
40340682,4898,0,2,0,0,0,0,0,0,0,0,0
40347906,4899,0,2,0,0,0,0,0,0,0,0,0
40355130,4900,0,2,0,0,0,0,0,0,0,0,0
40362355,4901,0,2,0,0,0,0,0,0,0,0,0
40369578,4902,0,2,0,0,0,0,0,0,0,0,0
40376802,4903,0,2,0,0,0,0,0,0,0,0,0
40384026,4904,0,2,0,0,0,0,0,0,0,0,0
40391250,4905,0,2,0,0,0,0,0,0,0,0,0
40398474,4906,0,2,0,0,0,0,0,0,0,0,0
40405698,4907,0,2,0,0,0,0,0,0,0,0,0
40412922,4908,0,2,0,0,0,0,0,0,0,0,0
40420146,4909,0,2,0,0,0,0,0,0,0,0,0
40427370,4910,0,2,0,0,0,0,0,0,0,0,0
40434595,4911,0,2,0,0,0,0,0,0,0,0,0
40441818,4912,0,2,0,0,0,0,0,0,0,0,0
40449042,4913,0,2,0,0,0,0,0,0,0,0,0
40456266,4914,0,2,0,0,0,0,0,0,0,0,0
40463490,4915,0,2,0,0,0,0,0,0,0,0,0
40470714,4916,0,2,0,0,0,0,0,0,0,0,0
40477938,4917,0,2,0,0,0,0,0,0,0,0,0
40485162,4918,0,2,0,0,0,0,0,0,0,0,0
40492386,4919,0,2,0,0,0,0,0,0,0,0,0
40499610,4920,0,2,0,0,0,0,0,0,0,0,0
40506835,4921,0,2,0,0,0,0,0,0,0,0,0
40514058,4922,0,2,0,0,0,0,0,0,0,0,0
40521282,4923,0,2,0,0,0,0,0,0,0,0,0
40528506,4924,0,2,0,0,0,0,0,0,0,0,0
40535730,4925,0,2,0,0,0,0,0,0,0,0,0
40542954,4926,0,2,0,0,0,0,0,0,0,0,0
40550178,4927,0,2,0,0,0,0,0,0,0,0,0
40557402,4928,0,2,0,0,0,0,0,0,0,0,0
40564626,4929,0,2,0,0,0,0,0,0,0,0,0
40571850,4930,0,2,0,0,0,0,0,0,0,0,0
40579075,4931,0,2,0,0,0,0,0,0,0,0,0
40586298,4932,0,2,0,0,0,0,0,0,0,0,0
40593522,4933,0,2,0,0,0,0,0,0,0,0,0
40600746,4934,0,2,0,0,0,0,0,0,0,0,0
40607970,4935,0,2,0,0,0,0,0,0,0,0,0
40615194,4936,0,2,0,0,0,0,0,0,0,0,0
40622418,4937,0,2,0,0,0,0,0,0,0,0,0
40629642,4938,0,2,0,0,0,0,0,0,0,0,0
40636866,4939,0,2,0,0,0,0,0,0,0,0,0
40644090,4940,0,2,0,0,0,0,0,0,0,0,0
40651315,4941,0,2,0,0,0,0,0,0,0,0,0
40658538,4942,0,2,0,0,0,0,0,0,0,0,0
40665762,4943,0,2,0,0,0,0,0,0,0,0,0
40672986,4944,0,2,0,0,0,0,0,0,0,0,0
40680210,4945,0,2,0,0,0,0,0,0,0,0,0
40687434,4946,0,2,0,0,0,0,0,0,0,0,0
40694658,4947,0,2,0,0,0,0,0,0,0,0,0
40701882,4948,0,2,0,0,0,0,0,0,0,0,0
40709106,4949,0,2,0,0,0,0,0,0,0,0,0
40716330,4950,0,2,0,0,0,0,0,0,0,0,0
40723555,4951,0,2,0,0,0,0,0,0,0,0,0
40730778,4952,0,2,0,0,0,0,0,0,0,0,0
40738002,4953,0,2,0,0,0,0,0,0,0,0,0
40745226,4954,0,2,0,0,0,0,0,0,0,0,0
40752450,4955,0,2,0,0,0,0,0,0,0,0,0
40759674,4956,0,2,0,0,0,0,0,0,0,0,0
40766898,4957,0,2,0,0,0,0,0,0,0,0,0
40774122,4958,0,2,0,0,0,0,0,0,0,0,0
40781346,4959,0,2,0,0,0,0,0,0,0,0,0
40788570,4960,0,2,0,0,0,0,0,0,0,0,0
40795795,4961,0,2,0,0,0,0,0,0,0,0,0
40803019,4962,0,2,0,0,0,0,0,0,0,0,0
40810242,4963,0,2,0,0,0,0,0,0,0,0,0
40817466,4964,0,2,0,0,0,0,0,0,0,0,0
40824690,4965,0,2,0,0,0,0,0,0,0,0,0
40831914,4966,0,2,0,0,0,0,0,0,0,0,0
40839138,4967,0,2,0,0,0,0,0,0,0,0,0
40846362,4968,0,2,0,0,0,0,0,0,0,0,0
40853586,4969,0,2,0,0,0,0,0,0,0,0,0
40860810,4970,0,2,0,0,0,0,0,0,0,0,0
40868035,4971,0,2,0,0,0,0,0,0,0,0,0
40875258,4972,0,2,0,0,0,0,0,0,0,0,0
40882482,4973,0,2,0,0,0,0,0,0,0,0,0
40889706,4974,0,2,0,0,0,0,0,0,0,0,0
40896930,4975,0,2,0,0,0,0,0,0,0,0,0
40904154,4976,0,2,0,0,0,0,0,0,0,0,0
40911378,4977,0,2,0,0,0,0,0,0,0,0,0
40918602,4978,0,2,0,0,0,0,0,0,0,0,0
40925826,4979,0,2,0,0,0,0,0,0,0,0,0
40933050,4980,0,2,0,0,0,0,0,0,0,0,0
40940275,4981,0,2,0,0,0,0,0,0,0,0,0
40947498,4982,0,2,0,0,0,0,0,0,0,0,0
40954722,4983,0,2,0,0,0,0,0,0,0,0,0
40961946,4984,0,2,0,0,0,0,0,0,0,0,0
40969170,4985,0,2,0,0,0,0,0,0,0,0,0
40976394,4986,0,2,0,0,0,0,0,0,0,0,0
40983618,4987,0,2,0,0,0,0,0,0,0,0,0
40990842,4988,0,2,0,0,0,0,0,0,0,0,0
40998066,4989,0,2,0,0,0,0,0,0,0,0,0
41005290,4990,0,2,0,0,0,0,0,0,0,0,0
41012515,4991,0,2,0,0,0,0,0,0,0,0,0
41019738,4992,0,2,0,0,0,0,0,0,0,0,0
41026962,4993,0,2,0,0,0,0,0,0,0,0,0
41034186,4994,0,2,0,0,0,0,0,0,0,0,0
41045641,4995,0,2,0,0,0,0,0,0,0,0,0
41052853,4996,0,2,0,0,0,0,0,0,0,0,0
41060077,4997,0,2,0,0,0,0,0,0,0,0,0
41067301,4998,0,2,0,0,0,0,0,0,0,0,0
41074525,4999,0,2,0,0,0,0,0,0,0,0,0
41081749,5000,0,2,0,0,0,0,0,0,0,0,0
41088974,5001,0,2,0,0,0,0,0,0,0,0,0
41096197,5002,0,2,0,0,0,0,0,0,0,0,0
41103421,5003,0,2,0,0,0,0,0,0,0,0,0
41110645,5004,0,2,0,0,0,0,0,0,0,0,0
41117869,5005,0,2,0,0,0,0,0,0,0,0,0
41125093,5006,0,2,0,0,0,0,0,0,0,0,0
41132317,5007,0,2,0,0,0,0,0,0,0,0,0
41139541,5008,0,2,0,0,0,0,0,0,0,0,0
41146765,5009,0,2,0,0,0,0,0,0,0,0,0
41153989,5010,0,2,0,0,0,0,0,0,0,0,0
41161214,5011,0,2,0,0,0,0,0,0,0,0,0
41168437,5012,0,2,0,0,0,0,0,0,0,0,0
41175661,5013,0,2,0,0,0,0,0,0,0,0,0
41182885,5014,0,2,0,0,0,0,0,0,0,0,0
41190109,5015,0,2,0,0,0,0,0,0,0,0,0
41197333,5016,0,2,0,0,0,0,0,0,0,0,0
41204557,5017,0,2,0,0,0,0,0,0,0,0,0
41211781,5018,0,2,0,0,0,0,0,0,0,0,0
41219005,5019,0,2,0,0,0,0,0,0,0,0,0
41226229,5020,0,2,0,0,0,0,0,0,0,0,0
41233454,5021,0,2,0,0,0,0,0,0,0,0,0
41240677,5022,0,2,0,0,0,0,0,0,0,0,0
41247901,5023,0,2,0,0,0,0,0,0,0,0,0
41255125,5024,0,2,0,0,0,0,0,0,0,0,0
41262349,5025,0,2,0,0,0,0,0,0,0,0,0
41269573,5026,0,2,0,0,0,0,0,0,0,0,0
41276797,5027,0,2,0,0,0,0,0,0,0,0,0
41284022,5028,0,2,0,0,0,0,0,0,0,0,0
41291245,5029,0,2,0,0,0,0,0,0,0,0,0
41298469,5030,0,2,0,0,0,0,0,0,0,0,0
41305694,5031,0,2,0,0,0,0,0,0,0,0,0
41312917,5032,0,2,0,0,0,0,0,0,0,0,0
41320141,5033,0,2,0,0,0,0,0,0,0,0,0
41327365,5034,0,2,0,0,0,0,0,0,0,0,0
41334589,5035,0,2,0,0,0,0,0,0,0,0,0
41341813,5036,0,2,0,0,0,0,0,0,0,0,0
41349037,5037,0,2,0,0,0,0,0,0,0,0,0
41356261,5038,0,2,0,0,0,0,0,0,0,0,0
41363485,5039,0,2,0,0,0,0,0,0,0,0,0
41370709,5040,0,2,0,0,0,0,0,0,0,0,0
41377934,5041,0,2,0,0,0,0,0,0,0,0,0
41385157,5042,0,2,0,0,0,0,0,0,0,0,0
41392381,5043,0,2,0,0,0,0,0,0,0,0,0
41399605,5044,0,2,0,0,0,0,0,0,0,0,0
41406829,5045,0,2,0,0,0,0,0,0,0,0,0
41414053,5046,0,2,0,0,0,0,0,0,0,0,0
41421277,5047,0,2,0,0,0,0,0,0,0,0,0
41428501,5048,0,2,0,0,0,0,0,0,0,0,0
41435725,5049,0,2,0,0,0,0,0,0,0,0,0
41442949,5050,0,2,0,0,0,0,0,0,0,0,0
41450174,5051,0,2,0,0,0,0,0,0,0,0,0
41457397,5052,0,2,0,0,0,0,0,0,0,0,0
41464621,5053,0,2,0,0,0,0,0,0,0,0,0
41471845,5054,0,2,0,0,0,0,0,0,0,0,0
41479069,5055,0,2,0,0,0,0,0,0,0,0,0
41486293,5056,0,2,0,0,0,0,0,0,0,0,0
41493517,5057,0,2,0,0,0,0,0,0,0,0,0
41500741,5058,0,2,0,0,0,0,0,0,0,0,0
41507965,5059,0,2,0,0,0,0,0,0,0,0,0
41515189,5060,0,2,0,0,0,0,0,0,0,0,0
41522414,5061,0,2,0,0,0,0,0,0,0,0,0
41529637,5062,0,2,0,0,0,0,0,0,0,0,0
41536861,5063,0,2,0,0,0,0,0,0,0,0,0
41544085,5064,0,2,0,0,0,0,0,0,0,0,0
41551309,5065,0,2,0,0,0,0,0,0,0,0,0
41558533,5066,0,2,0,0,0,0,0,0,0,0,0
41565757,5067,0,2,0,0,0,0,0,0,0,0,0
41572981,5068,0,2,0,0,0,0,0,0,0,0,0
41580205,5069,0,2,0,0,0,0,0,0,0,0,0
41587429,5070,0,2,0,0,0,0,0,0,0,0,0
41594654,5071,0,2,0,0,0,0,0,0,0,0,0
41601877,5072,0,2,0,0,0,0,0,0,0,0,0
41609101,5073,0,2,0,0,0,0,0,0,0,0,0
41616325,5074,0,2,0,0,0,0,0,0,0,0,0
41623549,5075,0,2,0,0,0,0,0,0,0,0,0
41630773,5076,0,2,0,0,0,0,0,0,0,0,0
41637997,5077,0,2,0,0,0,0,0,0,0,0,0
41645221,5078,0,2,0,0,0,0,0,0,0,0,0
41652445,5079,0,2,0,0,0,0,0,0,0,0,0
41659669,5080,0,2,0,0,0,0,0,0,0,0,0
41666894,5081,0,2,0,0,0,0,0,0,0,0,0
41674117,5082,0,2,0,0,0,0,0,0,0,0,0
41681341,5083,0,2,0,0,0,0,0,0,0,0,0
41688565,5084,0,2,0,0,0,0,0,0,0,0,0
41695789,5085,0,2,0,0,0,0,0,0,0,0,0
41703013,5086,0,2,0,0,0,0,0,0,0,0,0
41710237,5087,0,2,0,0,0,0,0,0,0,0,0
41717461,5088,0,2,0,0,0,0,0,0,0,0,0
41724685,5089,0,2,0,0,0,0,0,0,0,0,0
41731909,5090,0,2,0,0,0,0,0,0,0,0,0
41739134,5091,0,2,0,0,0,0,0,0,0,0,0
41746357,5092,0,2,0,0,0,0,0,0,0,0,0
41753581,5093,0,2,0,0,0,0,0,0,0,0,0
41760805,5094,0,2,0,0,0,0,0,0,0,0,0
41768029,5095,0,2,0,0,0,0,0,0,0,0,0
41775253,5096,0,2,0,0,0,0,0,0,0,0,0
41782477,5097,0,2,0,0,0,0,0,0,0,0,0
41789701,5098,0,2,0,0,0,0,0,0,0,0,0
41796925,5099,0,2,0,0,0,0,0,0,0,0,0
41804149,5100,0,2,0,0,0,0,0,0,0,0,0
41811374,5101,0,2,0,0,0,0,0,0,0,0,0
41818597,5102,0,2,0,0,0,0,0,0,0,0,0
41825821,5103,0,2,0,0,0,0,0,0,0,0,0
41833045,5104,0,2,0,0,0,0,0,0,0,0,0
41840269,5105,0,2,0,0,0,0,0,0,0,0,0
41847493,5106,0,2,0,0,0,0,0,0,0,0,0
41854717,5107,0,2,0,0,0,0,0,0,0,0,0
41861941,5108,0,2,0,0,0,0,0,0,0,0,0
41869165,5109,0,2,0,0,0,0,0,0,0,0,0
41876389,5110,0,2,0,0,0,0,0,0,0,0,0
41883614,5111,0,2,0,0,0,0,0,0,0,0,0
41890837,5112,0,2,0,0,0,0,0,0,0,0,0
41898061,5113,0,2,0,0,0,0,0,0,0,0,0
41905285,5114,0,2,0,0,0,0,0,0,0,0,0
41912509,5115,0,2,0,0,0,0,0,0,0,0,0
41919733,5116,0,2,0,0,0,0,0,0,0,0,0
41926957,5117,0,2,0,0,0,0,0,0,0,0,0
41934181,5118,0,2,0,0,0,0,0,0,0,0,0
41941405,5119,0,2,0,0,0,0,0,0,0,0,0
41948629,5120,0,2,0,0,0,0,0,0,0,0,0
41955854,5121,0,2,0,0,0,0,0,0,0,0,0
41963077,5122,0,2,0,0,0,0,0,0,0,0,0
41970301,5123,0,2,0,0,0,0,0,0,0,0,0
41977525,5124,0,2,0,0,0,0,0,0,0,0,0
41984749,5125,0,2,0,0,0,0,0,0,0,0,0
41991973,5126,0,2,0,0,0,0,0,0,0,0,0
41999197,5127,0,2,0,0,0,0,0,0,0,0,0
42006421,5128,0,2,0,0,0,0,0,0,0,0,0
42013645,5129,0,2,0,0,0,0,0,0,0,0,0
42020869,5130,0,2,0,0,0,0,0,0,0,0,0
42028094,5131,0,2,0,0,0,0,0,0,0,0,0
42035317,5132,0,2,0,0,0,0,0,0,0,0,0
42042541,5133,0,2,0,0,0,0,0,0,0,0,0
42049765,5134,0,2,0,0,0,0,0,0,0,0,0
42056989,5135,0,2,0,0,0,0,0,0,0,0,0
42064213,5136,0,2,0,0,0,0,0,0,0,0,0
42071437,5137,0,2,0,0,0,0,0,0,0,0,0
42078661,5138,0,2,0,0,0,0,0,0,0,0,0
42085885,5139,0,2,0,0,0,0,0,0,0,0,0
42093109,5140,0,2,0,0,0,0,0,0,0,0,0
42100334,5141,0,2,0,0,0,0,0,0,0,0,0
42107557,5142,0,2,0,0,0,0,0,0,0,0,0
42114781,5143,0,2,0,0,0,0,0,0,0,0,0
42122005,5144,0,2,0,0,0,0,0,0,0,0,0
42129229,5145,0,2,0,0,0,0,0,0,0,0,0
42136453,5146,0,2,0,0,0,0,0,0,0,0,0
42143677,5147,0,2,0,0,0,0,0,0,0,0,0
42150901,5148,0,2,0,0,0,0,0,0,0,0,0
42158125,5149,0,2,0,0,0,0,0,0,0,0,0
42165349,5150,0,2,0,0,0,0,0,0,0,0,0
42172574,5151,0,2,0,0,0,0,0,0,0,0,0
42179797,5152,0,2,0,0,0,0,0,0,0,0,0
42187022,5153,0,2,0,0,0,0,0,0,0,0,0
42194245,5154,0,2,0,0,0,0,0,0,0,0,0
42201469,5155,0,2,0,0,0,0,0,0,0,0,0
42208693,5156,0,2,0,0,0,0,0,0,0,0,0
42215917,5157,0,2,0,0,0,0,0,0,0,0,0
42223141,5158,0,2,0,0,0,0,0,0,0,0,0
42230365,5159,0,2,0,0,0,0,0,0,0,0,0
42237589,5160,0,2,0,0,0,0,0,0,0,0,0
42244814,5161,0,2,0,0,0,0,0,0,0,0,0
42252037,5162,0,2,0,0,0,0,0,0,0,0,0
42259261,5163,0,2,0,0,0,0,0,0,0,0,0
42266485,5164,0,2,0,0,0,0,0,0,0,0,0
42273709,5165,0,2,0,0,0,0,0,0,0,0,0
42280933,5166,0,2,0,0,0,0,0,0,0,0,0
42288157,5167,0,2,0,0,0,0,0,0,0,0,0
42295381,5168,0,2,0,0,0,0,0,0,0,0,0
42302605,5169,0,2,0,0,0,0,0,0,0,0,0
42309829,5170,0,2,0,0,0,0,0,0,0,0,0
42317054,5171,0,2,0,0,0,0,0,0,0,0,0
42324277,5172,0,2,0,0,0,0,0,0,0,0,0
42331501,5173,0,2,0,0,0,0,0,0,0,0,0
42338725,5174,0,2,0,0,0,0,0,0,0,0,0
42345949,5175,0,2,0,0,0,0,0,0,0,0,0
42353173,5176,0,2,0,0,0,0,0,0,0,0,0
42360397,5177,0,2,0,0,0,0,0,0,0,0,0
42367621,5178,0,2,0,0,0,0,0,0,0,0,0
42374845,5179,0,2,0,0,0,0,0,0,0,0,0
42382069,5180,0,2,0,0,0,0,0,0,0,0,0
42389294,5181,0,2,0,0,0,0,0,0,0,0,0
42396517,5182,0,2,0,0,0,0,0,0,0,0,0
42403741,5183,0,2,0,0,0,0,0,0,0,0,0
42410965,5184,0,2,0,0,0,0,0,0,0,0,0
42418189,5185,0,2,0,0,0,0,0,0,0,0,0
42425413,5186,0,2,0,0,0,0,0,0,0,0,0
42432637,5187,0,2,0,0,0,0,0,0,0,0,0
42439861,5188,0,2,0,0,0,0,0,0,0,0,0
42447085,5189,0,2,0,0,0,0,0,0,0,0,0
42454309,5190,0,2,0,0,0,0,0,0,0,0,0
42461534,5191,0,2,0,0,0,0,0,0,0,0,0
42468757,5192,0,2,0,0,0,0,0,0,0,0,0
42475981,5193,0,2,0,0,0,0,0,0,0,0,0
42483205,5194,0,2,0,0,0,0,0,0,0,0,0
42490429,5195,0,2,0,0,0,0,0,0,0,0,0
42497653,5196,0,2,0,0,0,0,0,0,0,0,0
42504877,5197,0,2,0,0,0,0,0,0,0,0,0
42512101,5198,0,2,0,0,0,0,0,0,0,0,0
42519325,5199,0,2,0,0,0,0,0,0,0,0,0
42526549,5200,0,2,0,0,0,0,0,0,0,0,0
42533774,5201,0,2,0,0,0,0,0,0,0,0,0
42540997,5202,0,2,0,0,0,0,0,0,0,0,0
42548221,5203,0,2,0,0,0,0,0,0,0,0,0
42555445,5204,0,2,0,0,0,0,0,0,0,0,0
42562669,5205,0,2,0,0,0,0,0,0,0,0,0
42569893,5206,0,2,0,0,0,0,0,0,0,0,0
42577117,5207,0,2,0,0,0,0,0,0,0,0,0
42584341,5208,0,2,0,0,0,0,0,0,0,0,0
42591565,5209,0,2,0,0,0,0,0,0,0,0,0
42598789,5210,0,2,0,0,0,0,0,0,0,0,0
42606014,5211,0,2,0,0,0,0,0,0,0,0,0
42613237,5212,0,2,0,0,0,0,0,0,0,0,0
42620461,5213,0,2,0,0,0,0,0,0,0,0,0
42627685,5214,0,2,0,0,0,0,0,0,0,0,0
42634909,5215,0,2,0,0,0,0,0,0,0,0,0
42642133,5216,0,2,0,0,0,0,0,0,0,0,0
42649357,5217,0,2,0,0,0,0,0,0,0,0,0
42656581,5218,0,2,0,0,0,0,0,0,0,0,0
42663805,5219,0,2,0,0,0,0,0,0,0,0,0
42671029,5220,0,2,0,0,0,0,0,0,0,0,0
42678254,5221,0,2,0,0,0,0,0,0,0,0,0
42691842,5222,0,2,0,0,0,0,0,0,0,0,0
42699054,5223,0,2,0,0,0,0,0,0,0,0,0
42706277,5224,0,2,0,0,0,0,0,0,0,0,0
42713501,5225,0,2,0,0,0,0,0,0,0,0,0
42720725,5226,0,2,0,0,0,0,0,0,0,0,0
42727949,5227,0,2,0,0,0,0,0,0,0,0,0
42735173,5228,0,2,0,0,0,0,0,0,0,0,0
42742397,5229,0,2,0,0,0,0,0,0,0,0,0
42749621,5230,0,2,0,0,0,0,0,0,0,0,0
42756846,5231,0,2,0,0,0,0,0,0,0,0,0
42764069,5232,0,2,0,0,0,0,0,0,0,0,0
42771293,5233,0,2,0,0,0,0,0,0,0,0,0
42778517,5234,0,2,0,0,0,0,0,0,0,0,0
42785741,5235,0,2,0,0,0,0,0,0,0,0,0
42792965,5236,0,2,0,0,0,0,0,0,0,0,0
42800189,5237,0,2,0,0,0,0,0,0,0,0,0
42807413,5238,0,2,0,0,0,0,0,0,0,0,0
42814637,5239,0,2,0,0,0,0,0,0,0,0,0
42821861,5240,0,2,0,0,0,0,0,0,0,0,0
42829086,5241,0,2,0,0,0,0,0,0,0,0,0
42836309,5242,0,2,0,0,0,0,0,0,0,0,0
42843533,5243,0,2,0,0,0,0,0,0,0,0,0
42850757,5244,0,2,0,0,0,0,0,0,0,0,0
42857981,5245,0,2,0,0,0,0,0,0,0,0,0
42865205,5246,0,2,0,0,0,0,0,0,0,0,0
42872429,5247,0,2,0,0,0,0,0,0,0,0,0
42879653,5248,0,2,0,0,0,0,0,0,0,0,0
42886877,5249,0,2,0,0,0,0,0,0,0,0,0
42894101,5250,0,2,0,0,0,0,0,0,0,0,0
42901326,5251,0,2,0,0,0,0,0,0,0,0,0
42908549,5252,0,2,0,0,0,0,0,0,0,0,0
42915773,5253,0,2,0,0,0,0,0,0,0,0,0
42922997,5254,0,2,0,0,0,0,0,0,0,0,0
42930221,5255,0,2,0,0,0,0,0,0,0,0,0
42937445,5256,0,2,0,0,0,0,0,0,0,0,0
42944669,5257,0,2,0,0,0,0,0,0,0,0,0
42951893,5258,0,2,0,0,0,0,0,0,0,0,0
42959117,5259,0,2,0,0,0,0,0,0,0,0,0
42966341,5260,0,2,0,0,0,0,0,0,0,0,0
42973566,5261,0,2,0,0,0,0,0,0,0,0,0
42980789,5262,0,2,0,0,0,0,0,0,0,0,0
42988013,5263,0,2,0,0,0,0,0,0,0,0,0
42995237,5264,0,2,0,0,0,0,0,0,0,0,0
43002461,5265,0,2,0,0,0,0,0,0,0,0,0
43009685,5266,0,2,0,0,0,0,0,0,0,0,0
43016909,5267,0,2,0,0,0,0,0,0,0,0,0
43024133,5268,0,2,0,0,0,0,0,0,0,0,0
43031357,5269,0,2,0,0,0,0,0,0,0,0,0
43038581,5270,0,2,0,0,0,0,0,0,0,0,0
43045806,5271,0,2,0,0,0,0,0,0,0,0,0
43053029,5272,0,2,0,0,0,0,0,0,0,0,0
43060253,5273,0,2,0,0,0,0,0,0,0,0,0
43067477,5274,0,2,0,0,0,0,0,0,0,0,0
43074701,5275,0,2,0,0,0,0,0,0,0,0,0
43081925,5276,0,2,0,0,0,0,0,0,0,0,0
43089149,5277,0,2,0,0,0,0,0,0,0,0,0
43096373,5278,0,2,0,0,0,0,0,0,0,0,0
43103597,5279,0,2,0,0,0,0,0,0,0,0,0
43110821,5280,0,2,0,0,0,0,0,0,0,0,0
43118046,5281,0,2,0,0,0,0,0,0,0,0,0
43125269,5282,0,2,0,0,0,0,0,0,0,0,0
43132493,5283,0,2,0,0,0,0,0,0,0,0,0
43139717,5284,0,2,0,0,0,0,0,0,0,0,0
43146941,5285,0,2,0,0,0,0,0,0,0,0,0
43154165,5286,0,2,0,0,0,0,0,0,0,0,0
43161389,5287,0,2,0,0,0,0,0,0,0,0,0
43168613,5288,0,2,0,0,0,0,0,0,0,0,0
43175837,5289,0,2,0,0,0,0,0,0,0,0,0
43183061,5290,0,2,0,0,0,0,0,0,0,0,0
43190286,5291,0,2,0,0,0,0,0,0,0,0,0
43197509,5292,0,2,0,0,0,0,0,0,0,0,0
43204733,5293,0,2,0,0,0,0,0,0,0,0,0
43211957,5294,0,2,0,0,0,0,0,0,0,0,0
43219181,5295,0,2,0,0,0,0,0,0,0,0,0
43226405,5296,0,2,0,0,0,0,0,0,0,0,0
43233629,5297,0,2,0,0,0,0,0,0,0,0,0
43240853,5298,0,2,0,0,0,0,0,0,0,0,0
43248077,5299,0,2,0,0,0,0,0,0,0,0,0
43255301,5300,0,2,0,0,0,0,0,0,0,0,0
43262526,5301,0,2,0,0,0,0,0,0,0,0,0
43269749,5302,0,2,0,0,0,0,0,0,0,0,0
43276973,5303,0,2,0,0,0,0,0,0,0,0,0
43284197,5304,0,2,0,0,0,0,0,0,0,0,0
43291421,5305,0,2,0,0,0,0,0,0,0,0,0
43298645,5306,0,2,0,0,0,0,0,0,0,0,0
43305869,5307,0,2,0,0,0,0,0,0,0,0,0
43313093,5308,0,2,0,0,0,0,0,0,0,0,0
43320317,5309,0,2,0,0,0,0,0,0,0,0,0
43327541,5310,0,2,0,0,0,0,0,0,0,0,0
43334766,5311,0,2,0,0,0,0,0,0,0,0,0
43341989,5312,0,2,0,0,0,0,0,0,0,0,0
43349213,5313,0,2,0,0,0,0,0,0,0,0,0
43356437,5314,0,2,0,0,0,0,0,0,0,0,0
43363661,5315,0,2,0,0,0,0,0,0,0,0,0
43370885,5316,0,2,0,0,0,0,0,0,0,0,0
43378109,5317,0,2,0,0,0,0,0,0,0,0,0
43385333,5318,0,2,0,0,0,0,0,0,0,0,0
43392557,5319,0,2,0,0,0,0,0,0,0,0,0
43399781,5320,0,2,0,0,0,0,0,0,0,0,0
43407006,5321,0,2,0,0,0,0,0,0,0,0,0
43414229,5322,0,2,0,0,0,0,0,0,0,0,0
43421453,5323,0,2,0,0,0,0,0,0,0,0,0
43428677,5324,0,2,0,0,0,0,0,0,0,0,0
43435901,5325,0,2,0,0,0,0,0,0,0,0,0
43443125,5326,0,2,0,0,0,0,0,0,0,0,0
43450349,5327,0,2,0,0,0,0,0,0,0,0,0
43457573,5328,0,2,0,0,0,0,0,0,0,0,0
43464797,5329,0,2,0,0,0,0,0,0,0,0,0
43472022,5330,0,2,0,0,0,0,0,0,0,0,0
43479246,5331,0,2,0,0,0,0,0,0,0,0,0
43486469,5332,0,2,0,0,0,0,0,0,0,0,0
43493693,5333,0,2,0,0,0,0,0,0,0,0,0
43500917,5334,0,2,0,0,0,0,0,0,0,0,0
43508141,5335,0,2,0,0,0,0,0,0,0,0,0
43515365,5336,0,2,0,0,0,0,0,0,0,0,0
43522589,5337,0,2,0,0,0,0,0,0,0,0,0
43529813,5338,0,2,0,0,0,0,0,0,0,0,0
43537037,5339,0,2,0,0,0,0,0,0,0,0,0
43544261,5340,0,2,0,0,0,0,0,0,0,0,0
43551486,5341,0,2,0,0,0,0,0,0,0,0,0
43558709,5342,0,2,0,0,0,0,0,0,0,0,0
43565933,5343,0,2,0,0,0,0,0,0,0,0,0
43573157,5344,0,2,0,0,0,0,0,0,0,0,0
43580381,5345,0,2,0,0,0,0,0,0,0,0,0
43587605,5346,0,2,0,0,0,0,0,0,0,0,0
43594829,5347,0,2,0,0,0,0,0,0,0,0,0
43602053,5348,0,2,0,0,0,0,0,0,0,0,0
43609277,5349,0,2,0,0,0,0,0,0,0,0,0
43616501,5350,0,2,0,0,0,0,0,0,0,0,0
43623726,5351,0,2,0,0,0,0,0,0,0,0,0
43630949,5352,0,2,0,0,0,0,0,0,0,0,0
43638173,5353,0,2,0,0,0,0,0,0,0,0,0
43645397,5354,0,2,0,0,0,0,0,0,0,0,0
43652621,5355,0,2,0,0,0,0,0,0,0,0,0
43659845,5356,0,2,0,0,0,0,0,0,0,0,0
43667069,5357,0,2,0,0,0,0,0,0,0,0,0
43674293,5358,0,2,0,0,0,0,0,0,0,0,0
43681517,5359,0,2,0,0,0,0,0,0,0,0,0
43688741,5360,0,2,0,0,0,0,0,0,0,0,0
43695966,5361,0,2,0,0,0,0,0,0,0,0,0
43703189,5362,0,2,0,0,0,0,0,0,0,0,0
43710413,5363,0,2,0,0,0,0,0,0,0,0,0
43717637,5364,0,2,0,0,0,0,0,0,0,0,0
43724861,5365,0,2,0,0,0,0,0,0,0,0,0
43732085,5366,0,2,0,0,0,0,0,0,0,0,0
43739309,5367,0,2,0,0,0,0,0,0,0,0,0
43746533,5368,0,2,0,0,0,0,0,0,0,0,0
43753757,5369,0,2,0,0,0,0,0,0,0,0,0
43760981,5370,0,2,0,0,0,0,0,0,0,0,0
43768206,5371,0,2,0,0,0,0,0,0,0,0,0
43775429,5372,0,2,0,0,0,0,0,0,0,0,0
43782653,5373,0,2,0,0,0,0,0,0,0,0,0
43789877,5374,0,2,0,0,0,0,0,0,0,0,0
43797101,5375,0,2,0,0,0,0,0,0,0,0,0
43804325,5376,0,2,0,0,0,0,0,0,0,0,0
43811549,5377,0,2,0,0,0,0,0,0,0,0,0
43818773,5378,0,2,0,0,0,0,0,0,0,0,0
43825997,5379,0,2,0,0,0,0,0,0,0,0,0
43833221,5380,0,2,0,0,0,0,0,0,0,0,0
43840446,5381,0,2,0,0,0,0,0,0,0,0,0
43847669,5382,0,2,0,0,0,0,0,0,0,0,0
43854893,5383,0,2,0,0,0,0,0,0,0,0,0
43862117,5384,0,2,0,0,0,0,0,0,0,0,0
43869341,5385,0,2,0,0,0,0,0,0,0,0,0
43876565,5386,0,2,0,0,0,0,0,0,0,0,0
43883789,5387,0,2,0,0,0,0,0,0,0,0,0
43891013,5388,0,2,0,0,0,0,0,0,0,0,0
43898237,5389,0,2,0,0,0,0,0,0,0,0,0
43905461,5390,0,2,0,0,0,0,0,0,0,0,0
43912686,5391,0,2,0,0,0,0,0,0,0,0,0
43919909,5392,0,2,0,0,0,0,0,0,0,0,0
43927133,5393,0,2,0,0,0,0,0,0,0,0,0
43934357,5394,0,2,0,0,0,0,0,0,0,0,0
43941581,5395,0,2,0,0,0,0,0,0,0,0,0
43948805,5396,0,2,0,0,0,0,0,0,0,0,0
43956029,5397,0,2,0,0,0,0,0,0,0,0,0
43963253,5398,0,2,0,0,0,0,0,0,0,0,0
43970477,5399,0,2,0,0,0,0,0,0,0,0,0
43977701,5400,0,2,0,0,0,0,0,0,0,0,0
43984926,5401,0,2,0,0,0,0,0,0,0,0,0
43992149,5402,0,2,0,0,0,0,0,0,0,0,0
43999373,5403,0,2,0,0,0,0,0,0,0,0,0
44006597,5404,0,2,0,0,0,0,0,0,0,0,0
44013821,5405,0,2,0,0,0,0,0,0,0,0,0
44021045,5406,0,2,0,0,0,0,0,0,0,0,0
44028269,5407,0,2,0,0,0,0,0,0,0,0,0
44035493,5408,0,2,0,0,0,0,0,0,0,0,0
44042717,5409,0,2,0,0,0,0,0,0,0,0,0
44049941,5410,0,2,0,0,0,0,0,0,0,0,0
44057166,5411,0,2,0,0,0,0,0,0,0,0,0
44064389,5412,0,2,0,0,0,0,0,0,0,0,0
44071613,5413,0,2,0,0,0,0,0,0,0,0,0
44078837,5414,0,2,0,0,0,0,0,0,0,0,0
44086061,5415,0,2,0,0,0,0,0,0,0,0,0
44093285,5416,0,2,0,0,0,0,0,0,0,0,0
44100509,5417,0,2,0,0,0,0,0,0,0,0,0
44107733,5418,0,2,0,0,0,0,0,0,0,0,0
44114957,5419,0,2,0,0,0,0,0,0,0,0,0
44122181,5420,0,2,0,0,0,0,0,0,0,0,0
44129406,5421,0,2,0,0,0,0,0,0,0,0,0
44136629,5422,0,2,0,0,0,0,0,0,0,0,0
44143853,5423,0,2,0,0,0,0,0,0,0,0,0
44151077,5424,0,2,0,0,0,0,0,0,0,0,0
44158301,5425,0,2,0,0,0,0,0,0,0,0,0
44165525,5426,0,2,0,0,0,0,0,0,0,0,0
44172749,5427,0,2,0,0,0,0,0,0,0,0,0
44179973,5428,0,2,0,0,0,0,0,0,0,0,0
44187197,5429,0,2,0,0,0,0,0,0,0,0,0
44194421,5430,0,2,0,0,0,0,0,0,0,0,0
44201646,5431,0,2,0,0,0,0,0,0,0,0,0
44208869,5432,0,2,0,0,0,0,0,0,0,0,0
44216093,5433,0,2,0,0,0,0,0,0,0,0,0
44223317,5434,0,2,0,0,0,0,0,0,0,0,0
44230541,5435,0,2,0,0,0,0,0,0,0,0,0
44237765,5436,0,2,0,0,0,0,0,0,0,0,0
44244989,5437,0,2,0,0,0,0,0,0,0,0,0
44252213,5438,0,2,0,0,0,0,0,0,0,0,0
44259437,5439,0,2,0,0,0,0,0,0,0,0,0
44266661,5440,0,2,0,0,0,0,0,0,0,0,0
44273886,5441,0,2,0,0,0,0,0,0,0,0,0
44281109,5442,0,2,0,0,0,0,0,0,0,0,0
44288333,5443,0,2,0,0,0,0,0,0,0,0,0
44295557,5444,0,2,0,0,0,0,0,0,0,0,0
44302781,5445,0,2,0,0,0,0,0,0,0,0,0
44310005,5446,0,2,0,0,0,0,0,0,0,0,0
44317229,5447,0,2,0,0,0,0,0,0,0,0,0
44324453,5448,0,2,0,0,0,0,0,0,0,0,0
44336302,5449,0,2,0,0,0,0,0,0,0,0,0
44343514,5450,0,2,0,0,0,0,0,0,0,0,0
44350739,5451,0,2,0,0,0,0,0,0,0,0,0
44357962,5452,0,2,0,0,0,0,0,0,0,0,0
44365186,5453,0,2,0,0,0,0,0,0,0,0,0
44372410,5454,0,2,0,0,0,0,0,0,0,0,0
44379634,5455,0,2,0,0,0,0,0,0,0,0,0
44386858,5456,0,2,0,0,0,0,0,0,0,0,0
44394082,5457,0,2,0,0,0,0,0,0,0,0,0
44401306,5458,0,2,0,0,0,0,0,0,0,0,0
44408530,5459,0,2,0,0,0,0,0,0,0,0,0
44415754,5460,0,2,0,0,0,0,0,0,0,0,0
44422979,5461,0,2,0,0,0,0,0,0,0,0,0
44430202,5462,0,2,0,0,0,0,0,0,0,0,0
44437426,5463,0,2,0,0,0,0,0,0,0,0,0
44444650,5464,0,2,0,0,0,0,0,0,0,0,0
44451874,5465,0,2,0,0,0,0,0,0,0,0,0
44459098,5466,0,2,0,0,0,0,0,0,0,0,0
44466322,5467,0,2,0,0,0,0,0,0,0,0,0
44473546,5468,0,2,0,0,0,0,0,0,0,0,0
44480770,5469,0,2,0,0,0,0,0,0,0,0,0
44487994,5470,0,2,0,0,0,0,0,0,0,0,0
44495219,5471,0,2,0,0,0,0,0,0,0,0,0
44502442,5472,0,2,0,0,0,0,0,0,0,0,0
44509666,5473,0,2,0,0,0,0,0,0,0,0,0
44516890,5474,0,2,0,0,0,0,0,0,0,0,0
44524114,5475,0,2,0,0,0,0,0,0,0,0,0
44531338,5476,0,2,0,0,0,0,0,0,0,0,0
44538562,5477,0,2,0,0,0,0,0,0,0,0,0
44545786,5478,0,2,0,0,0,0,0,0,0,0,0
44553010,5479,0,2,0,0,0,0,0,0,0,0,0
44560234,5480,0,2,0,0,0,0,0,0,0,0,0
44567459,5481,0,2,0,0,0,0,0,0,0,0,0
44574682,5482,0,2,0,0,0,0,0,0,0,0,0
44581906,5483,0,2,0,0,0,0,0,0,0,0,0
44589130,5484,0,2,0,0,0,0,0,0,0,0,0
44596354,5485,0,2,0,0,0,0,0,0,0,0,0
44603578,5486,0,2,0,0,0,0,0,0,0,0,0
44610802,5487,0,2,0,0,0,0,0,0,0,0,0
44618026,5488,0,2,0,0,0,0,0,0,0,0,0
44625250,5489,0,2,0,0,0,0,0,0,0,0,0
44632474,5490,0,2,0,0,0,0,0,0,0,0,0
44639699,5491,0,2,0,0,0,0,0,0,0,0,0
44646922,5492,0,2,0,0,0,0,0,0,0,0,0
44654146,5493,0,2,0,0,0,0,0,0,0,0,0
44661370,5494,0,2,0,0,0,0,0,0,0,0,0
44668594,5495,0,2,0,0,0,0,0,0,0,0,0
44675818,5496,0,2,0,0,0,0,0,0,0,0,0
44683042,5497,0,2,0,0,0,0,0,0,0,0,0
44690266,5498,0,2,0,0,0,0,0,0,0,0,0
44697490,5499,0,2,0,0,0,0,0,0,0,0,0
44704714,5500,0,2,0,0,0,0,0,0,0,0,0
44711939,5501,0,2,0,0,0,0,0,0,0,0,0
44719162,5502,0,2,0,0,0,0,0,0,0,0,0
44726386,5503,0,2,0,0,0,0,0,0,0,0,0
44733610,5504,0,2,0,0,0,0,0,0,0,0,0
44740834,5505,0,2,0,0,0,0,0,0,0,0,0
44748058,5506,0,2,0,0,0,0,0,0,0,0,0
44755282,5507,0,2,0,0,0,0,0,0,0,0,0
44762506,5508,0,2,0,0,0,0,0,0,0,0,0
44769730,5509,0,2,0,0,0,0,0,0,0,0,0
44776954,5510,0,2,0,0,0,0,0,0,0,0,0
44784179,5511,0,2,0,0,0,0,0,0,0,0,0
44791402,5512,0,2,0,0,0,0,0,0,0,0,0
44798626,5513,0,2,0,0,0,0,0,0,0,0,0
44805850,5514,0,2,0,0,0,0,0,0,0,0,0
44813075,5515,0,2,0,0,0,0,0,0,0,0,0
44820298,5516,0,2,0,0,0,0,0,0,0,0,0
44827522,5517,0,2,0,0,0,0,0,0,0,0,0
44834746,5518,0,2,0,0,0,0,0,0,0,0,0
44841970,5519,0,2,0,0,0,0,0,0,0,0,0
44849194,5520,0,2,0,0,0,0,0,0,0,0,0
44856419,5521,0,2,0,0,0,0,0,0,0,0,0
44863642,5522,0,2,0,0,0,0,0,0,0,0,0
44870866,5523,0,2,0,0,0,0,0,0,0,0,0
44878090,5524,0,2,0,0,0,0,0,0,0,0,0
44885314,5525,0,2,0,0,0,0,0,0,0,0,0
44892538,5526,0,2,0,0,0,0,0,0,0,0,0
44899762,5527,0,2,0,0,0,0,0,0,0,0,0
44906986,5528,0,2,0,0,0,0,0,0,0,0,0
44914210,5529,0,2,0,0,0,0,0,0,0,0,0
44921434,5530,0,2,0,0,0,0,0,0,0,0,0
44928659,5531,0,2,0,0,0,0,0,0,0,0,0
44935882,5532,0,2,0,0,0,0,0,0,0,0,0
44943106,5533,0,2,0,0,0,0,0,0,0,0,0
44950330,5534,0,2,0,0,0,0,0,0,0,0,0
44957554,5535,0,2,0,0,0,0,0,0,0,0,0
44964778,5536,0,2,0,0,0,0,0,0,0,0,0
44972002,5537,0,2,0,0,0,0,0,0,0,0,0
44979226,5538,0,2,0,0,0,0,0,0,0,0,0
44986450,5539,0,2,0,0,0,0,0,0,0,0,0
44993674,5540,0,2,0,0,0,0,0,0,0,0,0
45000899,5541,0,2,0,0,0,0,0,0,0,0,0
45008122,5542,0,2,0,0,0,0,0,0,0,0,0
45015346,5543,0,2,0,0,0,0,0,0,0,0,0
45022570,5544,0,2,0,0,0,0,0,0,0,0,0
45029794,5545,0,2,0,0,0,0,0,0,0,0,0
45037018,5546,0,2,0,0,0,0,0,0,0,0,0
45044242,5547,0,2,0,0,0,0,0,0,0,0,0
45051466,5548,0,2,0,0,0,0,0,0,0,0,0
45058690,5549,0,2,0,0,0,0,0,0,0,0,0
45065914,5550,0,2,0,0,0,0,0,0,0,0,0
45073139,5551,0,2,0,0,0,0,0,0,0,0,0
45080362,5552,0,2,0,0,0,0,0,0,0,0,0
45087586,5553,0,2,0,0,0,0,0,0,0,0,0
45094810,5554,0,2,0,0,0,0,0,0,0,0,0
45102034,5555,0,2,0,0,0,0,0,0,0,0,0
45109258,5556,0,2,0,0,0,0,0,0,0,0,0
45116482,5557,0,2,0,0,0,0,0,0,0,0,0
45123706,5558,0,2,0,0,0,0,0,0,0,0,0
45130930,5559,0,2,0,0,0,0,0,0,0,0,0
45138154,5560,0,2,0,0,0,0,0,0,0,0,0
45145379,5561,0,2,0,0,0,0,0,0,0,0,0
45152602,5562,0,2,0,0,0,0,0,0,0,0,0
45159826,5563,0,2,0,0,0,0,0,0,0,0,0
45167050,5564,0,2,0,0,0,0,0,0,0,0,0
45174274,5565,0,2,0,0,0,0,0,0,0,0,0
45181498,5566,0,2,0,0,0,0,0,0,0,0,0
45188722,5567,0,2,0,0,0,0,0,0,0,0,0
45195946,5568,0,2,0,0,0,0,0,0,0,0,0
45203170,5569,0,2,0,0,0,0,0,0,0,0,0
45210394,5570,0,2,0,0,0,0,0,0,0,0,0
45217619,5571,0,2,0,0,0,0,0,0,0,0,0
45224842,5572,0,2,0,0,0,0,0,0,0,0,0
45232066,5573,0,2,0,0,0,0,0,0,0,0,0
45239290,5574,0,2,0,0,0,0,0,0,0,0,0
45246514,5575,0,2,0,0,0,0,0,0,0,0,0
45253738,5576,0,2,0,0,0,0,0,0,0,0,0
45260962,5577,0,2,0,0,0,0,0,0,0,0,0
45268186,5578,0,2,0,0,0,0,0,0,0,0,0
45275410,5579,0,2,0,0,0,0,0,0,0,0,0
45282634,5580,0,2,0,0,0,0,0,0,0,0,0
45289859,5581,0,2,0,0,0,0,0,0,0,0,0
45297082,5582,0,2,0,0,0,0,0,0,0,0,0
45304306,5583,0,2,0,0,0,0,0,0,0,0,0
45311530,5584,0,2,0,0,0,0,0,0,0,0,0
45318754,5585,0,2,0,0,0,0,0,0,0,0,0
45325978,5586,0,2,0,0,0,0,0,0,0,0,0
45333202,5587,0,2,0,0,0,0,0,0,0,0,0
45340426,5588,0,2,0,0,0,0,0,0,0,0,0
45347650,5589,0,2,0,0,0,0,0,0,0,0,0
45354874,5590,0,2,0,0,0,0,0,0,0,0,0
45362099,5591,0,2,0,0,0,0,0,0,0,0,0
45369322,5592,0,2,0,0,0,0,0,0,0,0,0
45376546,5593,0,2,0,0,0,0,0,0,0,0,0
45383770,5594,0,2,0,0,0,0,0,0,0,0,0
45390994,5595,0,2,0,0,0,0,0,0,0,0,0
45398218,5596,0,2,0,0,0,0,0,0,0,0,0
45405442,5597,0,2,0,0,0,0,0,0,0,0,0
45412666,5598,0,2,0,0,0,0,0,0,0,0,0
45419890,5599,0,2,0,0,0,0,0,0,0,0,0
45427114,5600,0,2,0,0,0,0,0,0,0,0,0
45434339,5601,0,2,0,0,0,0,0,0,0,0,0
45441562,5602,0,2,0,0,0,0,0,0,0,0,0
45448786,5603,0,2,0,0,0,0,0,0,0,0,0
45456010,5604,0,2,0,0,0,0,0,0,0,0,0
45463234,5605,0,2,0,0,0,0,0,0,0,0,0
45470458,5606,0,2,0,0,0,0,0,0,0,0,0
45477682,5607,0,2,0,0,0,0,0,0,0,0,0
45484906,5608,0,2,0,0,0,0,0,0,0,0,0
45492130,5609,0,2,0,0,0,0,0,0,0,0,0
45499354,5610,0,2,0,0,0,0,0,0,0,0,0
45506579,5611,0,2,0,0,0,0,0,0,0,0,0
45513802,5612,0,2,0,0,0,0,0,0,0,0,0
45521026,5613,0,2,0,0,0,0,0,0,0,0,0
45528250,5614,0,2,0,0,0,0,0,0,0,0,0
45535474,5615,0,2,0,0,0,0,0,0,0,0,0
45542698,5616,0,2,0,0,0,0,0,0,0,0,0
45549922,5617,0,2,0,0,0,0,0,0,0,0,0
45557146,5618,0,2,0,0,0,0,0,0,0,0,0
45564370,5619,0,2,0,0,0,0,0,0,0,0,0
45571594,5620,0,2,0,0,0,0,0,0,0,0,0
45578819,5621,0,2,0,0,0,0,0,0,0,0,0
45586042,5622,0,2,0,0,0,0,0,0,0,0,0
45593266,5623,0,2,0,0,0,0,0,0,0,0,0
45600490,5624,0,2,0,0,0,0,0,0,0,0,0
45607714,5625,0,2,0,0,0,0,0,0,0,0,0
45614938,5626,0,2,0,0,0,0,0,0,0,0,0
45622162,5627,0,2,0,0,0,0,0,0,0,0,0
45629386,5628,0,2,0,0,0,0,0,0,0,0,0
45636610,5629,0,2,0,0,0,0,0,0,0,0,0
45643834,5630,0,2,0,0,0,0,0,0,0,0,0
45651059,5631,0,2,0,0,0,0,0,0,0,0,0
45658282,5632,0,2,0,0,0,0,0,0,0,0,0
45665506,5633,0,2,0,0,0,0,0,0,0,0,0
45672730,5634,0,2,0,0,0,0,0,0,0,0,0
45679954,5635,0,2,0,0,0,0,0,0,0,0,0
45687178,5636,0,2,0,0,0,0,0,0,0,0,0
45694402,5637,0,2,0,0,0,0,0,0,0,0,0
45701626,5638,0,2,0,0,0,0,0,0,0,0,0
45708850,5639,0,2,0,0,0,0,0,0,0,0,0
45716075,5640,0,2,0,0,0,0,0,0,0,0,0
45723299,5641,0,2,0,0,0,0,0,0,0,0,0
45730522,5642,0,2,0,0,0,0,0,0,0,0,0
45737746,5643,0,2,0,0,0,0,0,0,0,0,0
45744970,5644,0,2,0,0,0,0,0,0,0,0,0
45752194,5645,0,2,0,0,0,0,0,0,0,0,0
45759418,5646,0,2,0,0,0,0,0,0,0,0,0
45766642,5647,0,2,0,0,0,0,0,0,0,0,0
45773866,5648,0,2,0,0,0,0,0,0,0,0,0
45781090,5649,0,2,0,0,0,0,0,0,0,0,0
45788314,5650,0,2,0,0,0,0,0,0,0,0,0
45795539,5651,0,2,0,0,0,0,0,0,0,0,0
45802762,5652,0,2,0,0,0,0,0,0,0,0,0
45809986,5653,0,2,0,0,0,0,0,0,0,0,0
45817210,5654,0,2,0,0,0,0,0,0,0,0,0
45824434,5655,0,2,0,0,0,0,0,0,0,0,0
45831658,5656,0,2,0,0,0,0,0,0,0,0,0
45838882,5657,0,2,0,0,0,0,0,0,0,0,0
45846106,5658,0,2,0,0,0,0,0,0,0,0,0
45853330,5659,0,2,0,0,0,0,0,0,0,0,0
45860554,5660,0,2,0,0,0,0,0,0,0,0,0
45867779,5661,0,2,0,0,0,0,0,0,0,0,0
45875002,5662,0,2,0,0,0,0,0,0,0,0,0
45882226,5663,0,2,0,0,0,0,0,0,0,0,0
45889450,5664,0,2,0,0,0,0,0,0,0,0,0
45896674,5665,0,2,0,0,0,0,0,0,0,0,0
45903898,5666,0,2,0,0,0,0,0,0,0,0,0
45911122,5667,0,2,0,0,0,0,0,0,0,0,0
45918346,5668,0,2,0,0,0,0,0,0,0,0,0
45925570,5669,0,2,0,0,0,0,0,0,0,0,0
45932794,5670,0,2,0,0,0,0,0,0,0,0,0
45940019,5671,0,2,0,0,0,0,0,0,0,0,0
45947242,5672,0,2,0,0,0,0,0,0,0,0,0
45954466,5673,0,2,0,0,0,0,0,0,0,0,0
45961690,5674,0,2,0,0,0,0,0,0,0,0,0
45968914,5675,0,2,0,0,0,0,0,0,0,0,0
45982730,5676,0,2,0,0,0,0,0,0,0,0,0
45989941,5677,0,2,0,0,0,0,0,0,0,0,0
45997165,5678,0,2,0,0,0,0,0,0,0,0,0
46004389,5679,0,2,0,0,0,0,0,0,0,0,0
46011613,5680,0,2,0,0,0,0,0,0,0,0,0
46018838,5681,0,2,0,0,0,0,0,0,0,0,0
46026061,5682,0,2,0,0,0,0,0,0,0,0,0
46033285,5683,0,2,0,0,0,0,0,0,0,0,0
46040509,5684,0,2,0,0,0,0,0,0,0,0,0
46047733,5685,0,2,0,0,0,0,0,0,0,0,0
46054957,5686,0,2,0,0,0,0,0,0,0,0,0
46062181,5687,0,2,0,0,0,0,0,0,0,0,0
46069405,5688,0,2,0,0,0,0,0,0,0,0,0
46076629,5689,0,2,0,0,0,0,0,0,0,0,0
46083853,5690,0,2,0,0,0,0,0,0,0,0,0
46091078,5691,0,2,0,0,0,0,0,0,0,0,0
46098301,5692,0,2,0,0,0,0,0,0,0,0,0
46105525,5693,0,2,0,0,0,0,0,0,0,0,0
46112749,5694,0,2,0,0,0,0,0,0,0,0,0
46119973,5695,0,2,0,0,0,0,0,0,0,0,0
46127197,5696,0,2,0,0,0,0,0,0,0,0,0
46134421,5697,0,2,0,0,0,0,0,0,0,0,0
46141645,5698,0,2,0,0,0,0,0,0,0,0,0
46148869,5699,0,2,0,0,0,0,0,0,0,0,0
46156093,5700,0,2,0,0,0,0,0,0,0,0,0
46163318,5701,0,2,0,0,0,0,0,0,0,0,0
46170541,5702,0,2,0,0,0,0,0,0,0,0,0
46177765,5703,0,2,0,0,0,0,0,0,0,0,0
46184989,5704,0,2,0,0,0,0,0,0,0,0,0
46192213,5705,0,2,0,0,0,0,0,0,0,0,0
46199437,5706,0,2,0,0,0,0,0,0,0,0,0
46206661,5707,0,2,0,0,0,0,0,0,0,0,0
46213885,5708,0,2,0,0,0,0,0,0,0,0,0
46221109,5709,0,2,0,0,0,0,0,0,0,0,0
46228333,5710,0,2,0,0,0,0,0,0,0,0,0
46235558,5711,0,2,0,0,0,0,0,0,0,0,0
46242781,5712,0,2,0,0,0,0,0,0,0,0,0
46250005,5713,0,2,0,0,0,0,0,0,0,0,0
46257229,5714,0,2,0,0,0,0,0,0,0,0,0
46264453,5715,0,2,0,0,0,0,0,0,0,0,0
46271677,5716,0,2,0,0,0,0,0,0,0,0,0
46278901,5717,0,2,0,0,0,0,0,0,0,0,0
46286125,5718,0,2,0,0,0,0,0,0,0,0,0
46293349,5719,0,2,0,0,0,0,0,0,0,0,0
46300573,5720,0,2,0,0,0,0,0,0,0,0,0
46307798,5721,0,2,0,0,0,0,0,0,0,0,0
46315022,5722,0,2,0,0,0,0,0,0,0,0,0
46322245,5723,0,2,0,0,0,0,0,0,0,0,0
46329469,5724,0,2,0,0,0,0,0,0,0,0,0
46336693,5725,0,2,0,0,0,0,0,0,0,0,0
46343917,5726,0,2,0,0,0,0,0,0,0,0,0
46351141,5727,0,2,0,0,0,0,0,0,0,0,0
46358365,5728,0,2,0,0,0,0,0,0,0,0,0
46365589,5729,0,2,0,0,0,0,0,0,0,0,0
46372813,5730,0,2,0,0,0,0,0,0,0,0,0
46380038,5731,0,2,0,0,0,0,0,0,0,0,0
46387261,5732,0,2,0,0,0,0,0,0,0,0,0
46394485,5733,0,2,0,0,0,0,0,0,0,0,0
46401709,5734,0,2,0,0,0,0,0,0,0,0,0
46408933,5735,0,2,0,0,0,0,0,0,0,0,0
46416157,5736,0,2,0,0,0,0,0,0,0,0,0
46423381,5737,0,2,0,0,0,0,0,0,0,0,0
46430605,5738,0,2,0,0,0,0,0,0,0,0,0
46437829,5739,0,2,0,0,0,0,0,0,0,0,0
46445053,5740,0,2,0,0,0,0,0,0,0,0,0
46452278,5741,0,2,0,0,0,0,0,0,0,0,0
46459501,5742,0,2,0,0,0,0,0,0,0,0,0
46466725,5743,0,2,0,0,0,0,0,0,0,0,0
46473949,5744,0,2,0,0,0,0,0,0,0,0,0
46481173,5745,0,2,0,0,0,0,0,0,0,0,0
46488397,5746,0,2,0,0,0,0,0,0,0,0,0
46495621,5747,0,2,0,0,0,0,0,0,0,0,0
46502845,5748,0,2,0,0,0,0,0,0,0,0,0
46510069,5749,0,2,0,0,0,0,0,0,0,0,0
46517293,5750,0,2,0,0,0,0,0,0,0,0,0
46524518,5751,0,2,0,0,0,0,0,0,0,0,0
46531741,5752,0,2,0,0,0,0,0,0,0,0,0
46538965,5753,0,2,0,0,0,0,0,0,0,0,0
46546189,5754,0,2,0,0,0,0,0,0,0,0,0
46553413,5755,0,2,0,0,0,0,0,0,0,0,0
46560637,5756,0,2,0,0,0,0,0,0,0,0,0
46567861,5757,0,2,0,0,0,0,0,0,0,0,0
46575085,5758,0,2,0,0,0,0,0,0,0,0,0
46582309,5759,0,2,0,0,0,0,0,0,0,0,0
46589533,5760,0,2,0,0,0,0,0,0,0,0,0
46596758,5761,0,2,0,0,0,0,0,0,0,0,0
46603981,5762,0,2,0,0,0,0,0,0,0,0,0
46611205,5763,0,2,0,0,0,0,0,0,0,0,0
46618429,5764,0,2,0,0,0,0,0,0,0,0,0
46625653,5765,0,2,0,0,0,0,0,0,0,0,0
46632877,5766,0,2,0,0,0,0,0,0,0,0,0
46640101,5767,0,2,0,0,0,0,0,0,0,0,0
46647325,5768,0,2,0,0,0,0,0,0,0,0,0
46654549,5769,0,2,0,0,0,0,0,0,0,0,0
46661773,5770,0,2,0,0,0,0,0,0,0,0,0
46668998,5771,0,2,0,0,0,0,0,0,0,0,0
46676221,5772,0,2,0,0,0,0,0,0,0,0,0
46683445,5773,0,2,0,0,0,0,0,0,0,0,0
46690669,5774,0,2,0,0,0,0,0,0,0,0,0
46697893,5775,0,2,0,0,0,0,0,0,0,0,0
46705117,5776,0,2,0,0,0,0,0,0,0,0,0
46712341,5777,0,2,0,0,0,0,0,0,0,0,0
46719565,5778,0,2,0,0,0,0,0,0,0,0,0
46726789,5779,0,2,0,0,0,0,0,0,0,0,0
46734013,5780,0,2,0,0,0,0,0,0,0,0,0
46741238,5781,0,2,0,0,0,0,0,0,0,0,0
46748461,5782,0,2,0,0,0,0,0,0,0,0,0
46755685,5783,0,2,0,0,0,0,0,0,0,0,0
46762909,5784,0,2,0,0,0,0,0,0,0,0,0
46770133,5785,0,2,0,0,0,0,0,0,0,0,0
46777357,5786,0,2,0,0,0,0,0,0,0,0,0
46784581,5787,0,2,0,0,0,0,0,0,0,0,0
46791805,5788,0,2,0,0,0,0,0,0,0,0,0
46799029,5789,0,2,0,0,0,0,0,0,0,0,0
46806253,5790,0,2,0,0,0,0,0,0,0,0,0
46813478,5791,0,2,0,0,0,0,0,0,0,0,0
46820701,5792,0,2,0,0,0,0,0,0,0,0,0
46827925,5793,0,2,0,0,0,0,0,0,0,0,0
46835149,5794,0,2,0,0,0,0,0,0,0,0,0
46842373,5795,0,2,0,0,0,0,0,0,0,0,0
46849597,5796,0,2,0,0,0,0,0,0,0,0,0
46856821,5797,0,2,0,0,0,0,0,0,0,0,0
46864045,5798,0,2,0,0,0,0,0,0,0,0,0
46871269,5799,0,2,0,0,0,0,0,0,0,0,0
46878493,5800,0,2,0,0,0,0,0,0,0,0,0
46885718,5801,0,2,0,0,0,0,0,0,0,0,0
46892941,5802,0,2,0,0,0,0,0,0,0,0,0
46900165,5803,0,2,0,0,0,0,0,0,0,0,0
46907389,5804,0,2,0,0,0,0,0,0,0,0,0
46914613,5805,0,2,0,0,0,0,0,0,0,0,0
46921837,5806,0,2,0,0,0,0,0,0,0,0,0
46929061,5807,0,2,0,0,0,0,0,0,0,0,0
46936285,5808,0,2,0,0,0,0,0,0,0,0,0
46943509,5809,0,2,0,0,0,0,0,0,0,0,0
46950733,5810,0,2,0,0,0,0,0,0,0,0,0
46957958,5811,0,2,0,0,0,0,0,0,0,0,0
46965181,5812,0,2,0,0,0,0,0,0,0,0,0
46972405,5813,0,2,0,0,0,0,0,0,0,0,0
46979629,5814,0,2,0,0,0,0,0,0,0,0,0
46986853,5815,0,2,0,0,0,0,0,0,0,0,0
46994077,5816,0,2,0,0,0,0,0,0,0,0,0
47001301,5817,0,2,0,0,0,0,0,0,0,0,0
47008525,5818,0,2,0,0,0,0,0,0,0,0,0
47015749,5819,0,2,0,0,0,0,0,0,0,0,0
47022973,5820,0,2,0,0,0,0,0,0,0,0,0
47030198,5821,0,2,0,0,0,0,0,0,0,0,0
47037421,5822,0,2,0,0,0,0,0,0,0,0,0
47044645,5823,0,2,0,0,0,0,0,0,0,0,0
47051869,5824,0,2,0,0,0,0,0,0,0,0,0
47059093,5825,0,2,0,0,0,0,0,0,0,0,0
47066317,5826,0,2,0,0,0,0,0,0,0,0,0
47073541,5827,0,2,0,0,0,0,0,0,0,0,0
47080765,5828,0,2,0,0,0,0,0,0,0,0,0
47087989,5829,0,2,0,0,0,0,0,0,0,0,0
47095213,5830,0,2,0,0,0,0,0,0,0,0,0
47102438,5831,0,2,0,0,0,0,0,0,0,0,0
47109661,5832,0,2,0,0,0,0,0,0,0,0,0
47116885,5833,0,2,0,0,0,0,0,0,0,0,0
47124109,5834,0,2,0,0,0,0,0,0,0,0,0
47131333,5835,0,2,0,0,0,0,0,0,0,0,0
47138557,5836,0,2,0,0,0,0,0,0,0,0,0
47145781,5837,0,2,0,0,0,0,0,0,0,0,0
47153005,5838,0,2,0,0,0,0,0,0,0,0,0
47160229,5839,0,2,0,0,0,0,0,0,0,0,0
47167453,5840,0,2,0,0,0,0,0,0,0,0,0
47174678,5841,0,2,0,0,0,0,0,0,0,0,0
47181901,5842,0,2,0,0,0,0,0,0,0,0,0
47189125,5843,0,2,0,0,0,0,0,0,0,0,0
47196349,5844,0,2,0,0,0,0,0,0,0,0,0
47203573,5845,0,2,0,0,0,0,0,0,0,0,0
47210797,5846,0,2,0,0,0,0,0,0,0,0,0
47218022,5847,0,2,0,0,0,0,0,0,0,0,0
47225245,5848,0,2,0,0,0,0,0,0,0,0,0
47232469,5849,0,2,0,0,0,0,0,0,0,0,0
47239693,5850,0,2,0,0,0,0,0,0,0,0,0
47246918,5851,0,2,0,0,0,0,0,0,0,0,0
47254141,5852,0,2,0,0,0,0,0,0,0,0,0
47261365,5853,0,2,0,0,0,0,0,0,0,0,0
47268589,5854,0,2,0,0,0,0,0,0,0,0,0
47275813,5855,0,2,0,0,0,0,0,0,0,0,0
47283037,5856,0,2,0,0,0,0,0,0,0,0,0
47290261,5857,0,2,0,0,0,0,0,0,0,0,0
47297485,5858,0,2,0,0,0,0,0,0,0,0,0
47304709,5859,0,2,0,0,0,0,0,0,0,0,0
47311933,5860,0,2,0,0,0,0,0,0,0,0,0
47319158,5861,0,2,0,0,0,0,0,0,0,0,0
47326381,5862,0,2,0,0,0,0,0,0,0,0,0
47333605,5863,0,2,0,0,0,0,0,0,0,0,0
47340829,5864,0,2,0,0,0,0,0,0,0,0,0
47348053,5865,0,2,0,0,0,0,0,0,0,0,0
47355277,5866,0,2,0,0,0,0,0,0,0,0,0
47362501,5867,0,2,0,0,0,0,0,0,0,0,0
47369725,5868,0,2,0,0,0,0,0,0,0,0,0
47376949,5869,0,2,0,0,0,0,0,0,0,0,0
47384173,5870,0,2,0,0,0,0,0,0,0,0,0
47391398,5871,0,2,0,0,0,0,0,0,0,0,0
47398621,5872,0,2,0,0,0,0,0,0,0,0,0
47405845,5873,0,2,0,0,0,0,0,0,0,0,0
47413069,5874,0,2,0,0,0,0,0,0,0,0,0
47420293,5875,0,2,0,0,0,0,0,0,0,0,0
47427517,5876,0,2,0,0,0,0,0,0,0,0,0
47434741,5877,0,2,0,0,0,0,0,0,0,0,0
47441965,5878,0,2,0,0,0,0,0,0,0,0,0
47449189,5879,0,2,0,0,0,0,0,0,0,0,0
47456413,5880,0,2,0,0,0,0,0,0,0,0,0
47463638,5881,0,2,0,0,0,0,0,0,0,0,0
47470861,5882,0,2,0,0,0,0,0,0,0,0,0
47478085,5883,0,2,0,0,0,0,0,0,0,0,0
47485309,5884,0,2,0,0,0,0,0,0,0,0,0
47492533,5885,0,2,0,0,0,0,0,0,0,0,0
47499757,5886,0,2,0,0,0,0,0,0,0,0,0
47506981,5887,0,2,0,0,0,0,0,0,0,0,0
47514205,5888,0,2,0,0,0,0,0,0,0,0,0
47521429,5889,0,2,0,0,0,0,0,0,0,0,0
47528653,5890,0,2,0,0,0,0,0,0,0,0,0
47535878,5891,0,2,0,0,0,0,0,0,0,0,0
47543101,5892,0,2,0,0,0,0,0,0,0,0,0
47550325,5893,0,2,0,0,0,0,0,0,0,0,0
47557549,5894,0,2,0,0,0,0,0,0,0,0,0
47564773,5895,0,2,0,0,0,0,0,0,0,0,0
47571997,5896,0,2,0,0,0,0,0,0,0,0,0
47579221,5897,0,2,0,0,0,0,0,0,0,0,0
47586445,5898,0,2,0,0,0,0,0,0,0,0,0
47593669,5899,0,2,0,0,0,0,0,0,0,0,0
47600893,5900,0,2,0,0,0,0,0,0,0,0,0
47608118,5901,0,2,0,0,0,0,0,0,0,0,0
47615341,5902,0,2,0,0,0,0,0,0,0,0,0
47626801,5903,0,2,0,0,0,0,0,0,0,0,0
47634013,5904,0,2,0,0,0,0,0,0,0,0,0
47641237,5905,0,2,0,0,0,0,0,0,0,0,0
47648461,5906,0,2,0,0,0,0,0,0,0,0,0
47655685,5907,0,2,0,0,0,0,0,0,0,0,0
47662909,5908,0,2,0,0,0,0,0,0,0,0,0
47670133,5909,0,2,0,0,0,0,0,0,0,0,0
47677357,5910,0,2,0,0,0,0,0,0,0,0,0
47684582,5911,0,2,0,0,0,0,0,0,0,0,0
47691805,5912,0,2,0,0,0,0,0,0,0,0,0
47699029,5913,0,2,0,0,0,0,0,0,0,0,0
47706253,5914,0,2,0,0,0,0,0,0,0,0,0
47713477,5915,0,2,0,0,0,0,0,0,0,0,0
47720701,5916,0,2,0,0,0,0,0,0,0,0,0
47727925,5917,0,2,0,0,0,0,0,0,0,0,0
47735149,5918,0,2,0,0,0,0,0,0,0,0,0
47742373,5919,0,2,0,0,0,0,0,0,0,0,0
47749597,5920,0,2,0,0,0,0,0,0,0,0,0
47756822,5921,0,2,0,0,0,0,0,0,0,0,0
47764045,5922,0,2,0,0,0,0,0,0,0,0,0
47771269,5923,0,2,0,0,0,0,0,0,0,0,0
47778493,5924,0,2,0,0,0,0,0,0,0,0,0
47785717,5925,0,2,0,0,0,0,0,0,0,0,0
47792941,5926,0,2,0,0,0,0,0,0,0,0,0
47800165,5927,0,2,0,0,0,0,0,0,0,0,0
47807389,5928,0,2,0,0,0,0,0,0,0,0,0
47814613,5929,0,2,0,0,0,0,0,0,0,0,0
47821837,5930,0,2,0,0,0,0,0,0,0,0,0
47829062,5931,0,2,0,0,0,0,0,0,0,0,0
47836285,5932,0,2,0,0,0,0,0,0,0,0,0
47843509,5933,0,2,0,0,0,0,0,0,0,0,0
47850733,5934,0,2,0,0,0,0,0,0,0,0,0
47857957,5935,0,2,0,0,0,0,0,0,0,0,0
47865181,5936,0,2,0,0,0,0,0,0,0,0,0
47872405,5937,0,2,0,0,0,0,0,0,0,0,0
47879629,5938,0,2,0,0,0,0,0,0,0,0,0
47886853,5939,0,2,0,0,0,0,0,0,0,0,0
47894077,5940,0,2,0,0,0,0,0,0,0,0,0
47901302,5941,0,2,0,0,0,0,0,0,0,0,0
47908525,5942,0,2,0,0,0,0,0,0,0,0,0
47915749,5943,0,2,0,0,0,0,0,0,0,0,0
47922973,5944,0,2,0,0,0,0,0,0,0,0,0
47930197,5945,0,2,0,0,0,0,0,0,0,0,0
47937421,5946,0,2,0,0,0,0,0,0,0,0,0
47944645,5947,0,2,0,0,0,0,0,0,0,0,0
47951869,5948,0,2,0,0,0,0,0,0,0,0,0
47959093,5949,0,2,0,0,0,0,0,0,0,0,0
47966317,5950,0,2,0,0,0,0,0,0,0,0,0
47973542,5951,0,2,0,0,0,0,0,0,0,0,0
47980765,5952,0,2,0,0,0,0,0,0,0,0,0
47987989,5953,0,2,0,0,0,0,0,0,0,0,0
47995213,5954,0,2,0,0,0,0,0,0,0,0,0
48002437,5955,0,2,0,0,0,0,0,0,0,0,0
48009661,5956,0,2,0,0,0,0,0,0,0,0,0
48016885,5957,0,2,0,0,0,0,0,0,0,0,0
48024109,5958,0,2,0,0,0,0,0,0,0,0,0
48031333,5959,0,2,0,0,0,0,0,0,0,0,0
48038557,5960,0,2,0,0,0,0,0,0,0,0,0
48045782,5961,0,2,0,0,0,0,0,0,0,0,0
48053005,5962,0,2,0,0,0,0,0,0,0,0,0
48060229,5963,0,2,0,0,0,0,0,0,0,0,0
48067453,5964,0,2,0,0,0,0,0,0,0,0,0
48074677,5965,0,2,0,0,0,0,0,0,0,0,0
48081901,5966,0,2,0,0,0,0,0,0,0,0,0
48089125,5967,0,2,0,0,0,0,0,0,0,0,0
48096349,5968,0,2,0,0,0,0,0,0,0,0,0
48103573,5969,0,2,0,0,0,0,0,0,0,0,0
48110797,5970,0,2,0,0,0,0,0,0,0,0,0
48118022,5971,0,2,0,0,0,0,0,0,0,0,0
48125245,5972,0,2,0,0,0,0,0,0,0,0,0
48132469,5973,0,2,0,0,0,0,0,0,0,0,0
48139693,5974,0,2,0,0,0,0,0,0,0,0,0
48146917,5975,0,2,0,0,0,0,0,0,0,0,0
48154141,5976,0,2,0,0,0,0,0,0,0,0,0
48161365,5977,0,2,0,0,0,0,0,0,0,0,0
48168589,5978,0,2,0,0,0,0,0,0,0,0,0
48175813,5979,0,2,0,0,0,0,0,0,0,0,0
48183037,5980,0,2,0,0,0,0,0,0,0,0,0
48190262,5981,0,2,0,0,0,0,0,0,0,0,0
48197485,5982,0,2,0,0,0,0,0,0,0,0,0
48204709,5983,0,2,0,0,0,0,0,0,0,0,0
48211933,5984,0,2,0,0,0,0,0,0,0,0,0
48219157,5985,0,2,0,0,0,0,0,0,0,0,0
48226381,5986,0,2,0,0,0,0,0,0,0,0,0
48233605,5987,0,2,0,0,0,0,0,0,0,0,0
48240829,5988,0,2,0,0,0,0,0,0,0,0,0
48248053,5989,0,2,0,0,0,0,0,0,0,0,0
48255277,5990,0,2,0,0,0,0,0,0,0,0,0
48262502,5991,0,2,0,0,0,0,0,0,0,0,0
48269725,5992,0,2,0,0,0,0,0,0,0,0,0
48276949,5993,0,2,0,0,0,0,0,0,0,0,0
48284173,5994,0,2,0,0,0,0,0,0,0,0,0
48291397,5995,0,2,0,0,0,0,0,0,0,0,0
48298621,5996,0,2,0,0,0,0,0,0,0,0,0
48305845,5997,0,2,0,0,0,0,0,0,0,0,0
48313069,5998,0,2,0,0,0,0,0,0,0,0,0
48320293,5999,0,2,0,0,0,0,0,0,0,0,0
48327517,6000,0,2,0,0,0,0,0,0,0,0,0
48334742,6001,0,2,0,0,0,0,0,0,0,0,0
48341965,6002,0,2,0,0,0,0,0,0,0,0,0
48349189,6003,0,2,0,0,0,0,0,0,0,0,0
48356413,6004,0,2,0,0,0,0,0,0,0,0,0
48363637,6005,0,2,0,0,0,0,0,0,0,0,0
48370861,6006,0,2,0,0,0,0,0,0,0,0,0
48378085,6007,0,2,0,0,0,0,0,0,0,0,0
48385309,6008,0,2,0,0,0,0,0,0,0,0,0
48392533,6009,0,2,0,0,0,0,0,0,0,0,0
48399757,6010,0,2,0,0,0,0,0,0,0,0,0
48406982,6011,0,2,0,0,0,0,0,0,0,0,0
48414205,6012,0,2,0,0,0,0,0,0,0,0,0
48421429,6013,0,2,0,0,0,0,0,0,0,0,0
48428653,6014,0,2,0,0,0,0,0,0,0,0,0
48435877,6015,0,2,0,0,0,0,0,0,0,0,0
48443101,6016,0,2,0,0,0,0,0,0,0,0,0
48450325,6017,0,2,0,0,0,0,0,0,0,0,0
48457549,6018,0,2,0,0,0,0,0,0,0,0,0
48464773,6019,0,2,0,0,0,0,0,0,0,0,0
48471997,6020,0,2,0,0,0,0,0,0,0,0,0
48479222,6021,0,2,0,0,0,0,0,0,0,0,0
48486445,6022,0,2,0,0,0,0,0,0,0,0,0
48493669,6023,0,2,0,0,0,0,0,0,0,0,0
48500893,6024,0,2,0,0,0,0,0,0,0,0,0
48508117,6025,0,2,0,0,0,0,0,0,0,0,0
48515341,6026,0,2,0,0,0,0,0,0,0,0,0
48522565,6027,0,2,0,0,0,0,0,0,0,0,0
48529789,6028,0,2,0,0,0,0,0,0,0,0,0
48537013,6029,0,2,0,0,0,0,0,0,0,0,0
48544237,6030,0,2,0,0,0,0,0,0,0,0,0
48551462,6031,0,2,0,0,0,0,0,0,0,0,0
48558685,6032,0,2,0,0,0,0,0,0,0,0,0
48565909,6033,0,2,0,0,0,0,0,0,0,0,0
48573133,6034,0,2,0,0,0,0,0,0,0,0,0
48580357,6035,0,2,0,0,0,0,0,0,0,0,0
48587581,6036,0,2,0,0,0,0,0,0,0,0,0
48594805,6037,0,2,0,0,0,0,0,0,0,0,0
48602029,6038,0,2,0,0,0,0,0,0,0,0,0
48609253,6039,0,2,0,0,0,0,0,0,0,0,0
48616477,6040,0,2,0,0,0,0,0,0,0,0,0
48623702,6041,0,2,0,0,0,0,0,0,0,0,0
48630925,6042,0,2,0,0,0,0,0,0,0,0,0
48638149,6043,0,2,0,0,0,0,0,0,0,0,0
48645373,6044,0,2,0,0,0,0,0,0,0,0,0
48652597,6045,0,2,0,0,0,0,0,0,0,0,0
48659821,6046,0,2,0,0,0,0,0,0,0,0,0
48667045,6047,0,2,0,0,0,0,0,0,0,0,0
48674269,6048,0,2,0,0,0,0,0,0,0,0,0
48681493,6049,0,2,0,0,0,0,0,0,0,0,0
48688717,6050,0,2,0,0,0,0,0,0,0,0,0
48695942,6051,0,2,0,0,0,0,0,0,0,0,0
48703165,6052,0,2,0,0,0,0,0,0,0,0,0
48710389,6053,0,2,0,0,0,0,0,0,0,0,0
48717613,6054,0,2,0,0,0,0,0,0,0,0,0
48724837,6055,0,2,0,0,0,0,0,0,0,0,0
48732061,6056,0,2,0,0,0,0,0,0,0,0,0
48739285,6057,0,2,0,0,0,0,0,0,0,0,0
48746509,6058,0,2,0,0,0,0,0,0,0,0,0
48753733,6059,0,2,0,0,0,0,0,0,0,0,0
48760957,6060,0,2,0,0,0,0,0,0,0,0,0
48768182,6061,0,2,0,0,0,0,0,0,0,0,0
48775405,6062,0,2,0,0,0,0,0,0,0,0,0
48782629,6063,0,2,0,0,0,0,0,0,0,0,0
48789853,6064,0,2,0,0,0,0,0,0,0,0,0
48797077,6065,0,2,0,0,0,0,0,0,0,0,0
48804301,6066,0,2,0,0,0,0,0,0,0,0,0
48811525,6067,0,2,0,0,0,0,0,0,0,0,0
48818749,6068,0,2,0,0,0,0,0,0,0,0,0
48825973,6069,0,2,0,0,0,0,0,0,0,0,0
48833197,6070,0,2,0,0,0,0,0,0,0,0,0
48840422,6071,0,2,0,0,0,0,0,0,0,0,0
48847645,6072,0,2,0,0,0,0,0,0,0,0,0
48854869,6073,0,2,0,0,0,0,0,0,0,0,0
48862093,6074,0,2,0,0,0,0,0,0,0,0,0
48869317,6075,0,2,0,0,0,0,0,0,0,0,0
48876541,6076,0,2,0,0,0,0,0,0,0,0,0
48883765,6077,0,2,0,0,0,0,0,0,0,0,0
48890989,6078,0,2,0,0,0,0,0,0,0,0,0
48898213,6079,0,2,0,0,0,0,0,0,0,0,0
48905437,6080,0,2,0,0,0,0,0,0,0,0,0
48912662,6081,0,2,0,0,0,0,0,0,0,0,0
48919885,6082,0,2,0,0,0,0,0,0,0,0,0
48927109,6083,0,2,0,0,0,0,0,0,0,0,0
48934333,6084,0,2,0,0,0,0,0,0,0,0,0
48941557,6085,0,2,0,0,0,0,0,0,0,0,0
48948781,6086,0,2,0,0,0,0,0,0,0,0,0
48956005,6087,0,2,0,0,0,0,0,0,0,0,0
48963229,6088,0,2,0,0,0,0,0,0,0,0,0
48970453,6089,0,2,0,0,0,0,0,0,0,0,0
48977677,6090,0,2,0,0,0,0,0,0,0,0,0
48984902,6091,0,2,0,0,0,0,0,0,0,0,0
48992125,6092,0,2,0,0,0,0,0,0,0,0,0
48999349,6093,0,2,0,0,0,0,0,0,0,0,0
49006573,6094,0,2,0,0,0,0,0,0,0,0,0
49013797,6095,0,2,0,0,0,0,0,0,0,0,0
49021022,6096,0,2,0,0,0,0,0,0,0,0,0
49028245,6097,0,2,0,0,0,0,0,0,0,0,0
49035469,6098,0,2,0,0,0,0,0,0,0,0,0
49042693,6099,0,2,0,0,0,0,0,0,0,0,0
49049917,6100,0,2,0,0,0,0,0,0,0,0,0
49057142,6101,0,2,0,0,0,0,0,0,0,0,0
49064365,6102,0,2,0,0,0,0,0,0,0,0,0
49071589,6103,0,2,0,0,0,0,0,0,0,0,0
49078813,6104,0,2,0,0,0,0,0,0,0,0,0
49086037,6105,0,2,0,0,0,0,0,0,0,0,0
49093261,6106,0,2,0,0,0,0,0,0,0,0,0
49100485,6107,0,2,0,0,0,0,0,0,0,0,0
49107709,6108,0,2,0,0,0,0,0,0,0,0,0
49114933,6109,0,2,0,0,0,0,0,0,0,0,0
49122157,6110,0,2,0,0,0,0,0,0,0,0,0
49129382,6111,0,2,0,0,0,0,0,0,0,0,0
49136605,6112,0,2,0,0,0,0,0,0,0,0,0
49143829,6113,0,2,0,0,0,0,0,0,0,0,0
49151053,6114,0,2,0,0,0,0,0,0,0,0,0
49158277,6115,0,2,0,0,0,0,0,0,0,0,0
49165501,6116,0,2,0,0,0,0,0,0,0,0,0
49172725,6117,0,2,0,0,0,0,0,0,0,0,0
49179949,6118,0,2,0,0,0,0,0,0,0,0,0
49187173,6119,0,2,0,0,0,0,0,0,0,0,0
49194397,6120,0,2,0,0,0,0,0,0,0,0,0
49201622,6121,0,2,0,0,0,0,0,0,0,0,0
49208845,6122,0,2,0,0,0,0,0,0,0,0,0
49216069,6123,0,2,0,0,0,0,0,0,0,0,0
49223293,6124,0,2,0,0,0,0,0,0,0,0,0
49230517,6125,0,2,0,0,0,0,0,0,0,0,0
49237741,6126,0,2,0,0,0,0,0,0,0,0,0
49244965,6127,0,2,0,0,0,0,0,0,0,0,0
49252189,6128,0,2,0,0,0,0,0,0,0,0,0
49259413,6129,0,2,0,0,0,0,0,0,0,0,0
49272993,6130,0,2,0,0,0,0,0,0,0,0,0
49280206,6131,0,2,0,0,0,0,0,0,0,0,0
49287429,6132,0,2,0,0,0,0,0,0,0,0,0
49294653,6133,0,2,0,0,0,0,0,0,0,0,0
49301877,6134,0,2,0,0,0,0,0,0,0,0,0
49309101,6135,0,2,0,0,0,0,0,0,0,0,0
49316325,6136,0,2,0,0,0,0,0,0,0,0,0
49323549,6137,0,2,0,0,0,0,0,0,0,0,0
49330773,6138,0,2,0,0,0,0,0,0,0,0,0
49337997,6139,0,2,0,0,0,0,0,0,0,0,0
49345221,6140,0,2,0,0,0,0,0,0,0,0,0
49352446,6141,0,2,0,0,0,0,0,0,0,0,0
49359669,6142,0,2,0,0,0,0,0,0,0,0,0
49366893,6143,0,2,0,0,0,0,0,0,0,0,0
49374117,6144,0,2,0,0,0,0,0,0,0,0,0
49381341,6145,0,2,0,0,0,0,0,0,0,0,0
49388565,6146,0,2,0,0,0,0,0,0,0,0,0
49395789,6147,0,2,0,0,0,0,0,0,0,0,0
49403013,6148,0,2,0,0,0,0,0,0,0,0,0
49410237,6149,0,2,0,0,0,0,0,0,0,0,0
49417461,6150,0,2,0,0,0,0,0,0,0,0,0
49424686,6151,0,2,0,0,0,0,0,0,0,0,0
49431909,6152,0,2,0,0,0,0,0,0,0,0,0
49439133,6153,0,2,0,0,0,0,0,0,0,0,0
49446357,6154,0,2,0,0,0,0,0,0,0,0,0
49453581,6155,0,2,0,0,0,0,0,0,0,0,0
49460805,6156,0,2,0,0,0,0,0,0,0,0,0
49468029,6157,0,2,0,0,0,0,0,0,0,0,0
49475253,6158,0,2,0,0,0,0,0,0,0,0,0
49482477,6159,0,2,0,0,0,0,0,0,0,0,0
49489701,6160,0,2,0,0,0,0,0,0,0,0,0
49496926,6161,0,2,0,0,0,0,0,0,0,0,0
49504149,6162,0,2,0,0,0,0,0,0,0,0,0
49511373,6163,0,2,0,0,0,0,0,0,0,0,0
49518597,6164,0,2,0,0,0,0,0,0,0,0,0
49525821,6165,0,2,0,0,0,0,0,0,0,0,0
49533045,6166,0,2,0,0,0,0,0,0,0,0,0
49540269,6167,0,2,0,0,0,0,0,0,0,0,0
49547493,6168,0,2,0,0,0,0,0,0,0,0,0
49554717,6169,0,2,0,0,0,0,0,0,0,0,0
49561941,6170,0,2,0,0,0,0,0,0,0,0,0
49569166,6171,0,2,0,0,0,0,0,0,0,0,0
49576389,6172,0,2,0,0,0,0,0,0,0,0,0
49583613,6173,0,2,0,0,0,0,0,0,0,0,0
49590837,6174,0,2,0,0,0,0,0,0,0,0,0
49598061,6175,0,2,0,0,0,0,0,0,0,0,0
49605285,6176,0,2,0,0,0,0,0,0,0,0,0
49612509,6177,0,2,0,0,0,0,0,0,0,0,0
49619733,6178,0,2,0,0,0,0,0,0,0,0,0
49626957,6179,0,2,0,0,0,0,0,0,0,0,0
49634181,6180,0,2,0,0,0,0,0,0,0,0,0
49641406,6181,0,2,0,0,0,0,0,0,0,0,0
49648629,6182,0,2,0,0,0,0,0,0,0,0,0
49655853,6183,0,2,0,0,0,0,0,0,0,0,0
49663077,6184,0,2,0,0,0,0,0,0,0,0,0
49670301,6185,0,2,0,0,0,0,0,0,0,0,0
49677525,6186,0,2,0,0,0,0,0,0,0,0,0
49684749,6187,0,2,0,0,0,0,0,0,0,0,0
49691973,6188,0,2,0,0,0,0,0,0,0,0,0
49699197,6189,0,2,0,0,0,0,0,0,0,0,0
49706421,6190,0,2,0,0,0,0,0,0,0,0,0
49713646,6191,0,2,0,0,0,0,0,0,0,0,0
49720869,6192,0,2,0,0,0,0,0,0,0,0,0
49728093,6193,0,2,0,0,0,0,0,0,0,0,0
49735317,6194,0,2,0,0,0,0,0,0,0,0,0
49742541,6195,0,2,0,0,0,0,0,0,0,0,0
49749765,6196,0,2,0,0,0,0,0,0,0,0,0
49756989,6197,0,2,0,0,0,0,0,0,0,0,0
49764213,6198,0,2,0,0,0,0,0,0,0,0,0
49771437,6199,0,2,0,0,0,0,0,0,0,0,0
49778661,6200,0,2,0,0,0,0,0,0,0,0,0
49785886,6201,0,2,0,0,0,0,0,0,0,0,0
49793109,6202,0,2,0,0,0,0,0,0,0,0,0
49800333,6203,0,2,0,0,0,0,0,0,0,0,0
49807557,6204,0,2,0,0,0,0,0,0,0,0,0
49814781,6205,0,2,0,0,0,0,0,0,0,0,0
49822005,6206,0,2,0,0,0,0,0,0,0,0,0
49829229,6207,0,2,0,0,0,0,0,0,0,0,0
49836453,6208,0,2,0,0,0,0,0,0,0,0,0
49843677,6209,0,2,0,0,0,0,0,0,0,0,0
49850901,6210,0,2,0,0,0,0,0,0,0,0,0
49858126,6211,0,2,0,0,0,0,0,0,0,0,0
49865349,6212,0,2,0,0,0,0,0,0,0,0,0
49872573,6213,0,2,0,0,0,0,0,0,0,0,0
49879797,6214,0,2,0,0,0,0,0,0,0,0,0
49887021,6215,0,2,0,0,0,0,0,0,0,0,0
49894245,6216,0,2,0,0,0,0,0,0,0,0,0
49901469,6217,0,2,0,0,0,0,0,0,0,0,0
49908693,6218,0,2,0,0,0,0,0,0,0,0,0
49915917,6219,0,2,0,0,0,0,0,0,0,0,0
49923141,6220,0,2,0,0,0,0,0,0,0,0,0
49930366,6221,0,2,0,0,0,0,0,0,0,0,0
49937589,6222,0,2,0,0,0,0,0,0,0,0,0
49944813,6223,0,2,0,0,0,0,0,0,0,0,0
49952037,6224,0,2,0,0,0,0,0,0,0,0,0
49959261,6225,0,2,0,0,0,0,0,0,0,0,0
49966485,6226,0,2,0,0,0,0,0,0,0,0,0
49973709,6227,0,2,0,0,0,0,0,0,0,0,0
49980933,6228,0,2,0,0,0,0,0,0,0,0,0
49988157,6229,0,2,0,0,0,0,0,0,0,0,0
49995381,6230,0,2,0,0,0,0,0,0,0,0,0
50002606,6231,0,2,0,0,0,0,0,0,0,0,0
50009829,6232,0,2,0,0,0,0,0,0,0,0,0
50017053,6233,0,2,0,0,0,0,0,0,0,0,0
50024277,6234,0,2,0,0,0,0,0,0,0,0,0
50031501,6235,0,2,0,0,0,0,0,0,0,0,0
50038725,6236,0,2,0,0,0,0,0,0,0,0,0
50045949,6237,0,2,0,0,0,0,0,0,0,0,0
50053173,6238,0,2,0,0,0,0,0,0,0,0,0
50060397,6239,0,2,0,0,0,0,0,0,0,0,0
50067621,6240,0,2,0,0,0,0,0,0,0,0,0
50074846,6241,0,2,0,0,0,0,0,0,0,0,0
50082069,6242,0,2,0,0,0,0,0,0,0,0,0
50089293,6243,0,2,0,0,0,0,0,0,0,0,0
50096517,6244,0,2,0,0,0,0,0,0,0,0,0
50103741,6245,0,2,0,0,0,0,0,0,0,0,0
50110965,6246,0,2,0,0,0,0,0,0,0,0,0
50118189,6247,0,2,0,0,0,0,0,0,0,0,0
50125413,6248,0,2,0,0,0,0,0,0,0,0,0
50132637,6249,0,2,0,0,0,0,0,0,0,0,0
50139861,6250,0,2,0,0,0,0,0,0,0,0,0
50147086,6251,0,2,0,0,0,0,0,0,0,0,0
50154309,6252,0,2,0,0,0,0,0,0,0,0,0
50161533,6253,0,2,0,0,0,0,0,0,0,0,0
50168757,6254,0,2,0,0,0,0,0,0,0,0,0
50175981,6255,0,2,0,0,0,0,0,0,0,0,0
50183205,6256,0,2,0,0,0,0,0,0,0,0,0
50190429,6257,0,2,0,0,0,0,0,0,0,0,0
50197653,6258,0,2,0,0,0,0,0,0,0,0,0
50204877,6259,0,2,0,0,0,0,0,0,0,0,0
50212101,6260,0,2,0,0,0,0,0,0,0,0,0
50219326,6261,0,2,0,0,0,0,0,0,0,0,0
50226549,6262,0,2,0,0,0,0,0,0,0,0,0
50233773,6263,0,2,0,0,0,0,0,0,0,0,0
50240997,6264,0,2,0,0,0,0,0,0,0,0,0
50248221,6265,0,2,0,0,0,0,0,0,0,0,0
50255445,6266,0,2,0,0,0,0,0,0,0,0,0
50262669,6267,0,2,0,0,0,0,0,0,0,0,0
50269893,6268,0,2,0,0,0,0,0,0,0,0,0
50277117,6269,0,2,0,0,0,0,0,0,0,0,0
50284341,6270,0,2,0,0,0,0,0,0,0,0,0
50291566,6271,0,2,0,0,0,0,0,0,0,0,0
50298789,6272,0,2,0,0,0,0,0,0,0,0,0
50306013,6273,0,2,0,0,0,0,0,0,0,0,0
50313237,6274,0,2,0,0,0,0,0,0,0,0,0
50320461,6275,0,2,0,0,0,0,0,0,0,0,0
50327685,6276,0,2,0,0,0,0,0,0,0,0,0
50334909,6277,0,2,0,0,0,0,0,0,0,0,0
50342133,6278,0,2,0,0,0,0,0,0,0,0,0
50349357,6279,0,2,0,0,0,0,0,0,0,0,0
50356581,6280,0,2,0,0,0,0,0,0,0,0,0
50363806,6281,0,2,0,0,0,0,0,0,0,0,0
50371029,6282,0,2,0,0,0,0,0,0,0,0,0
50378253,6283,0,2,0,0,0,0,0,0,0,0,0
50385477,6284,0,2,0,0,0,0,0,0,0,0,0
50392701,6285,0,2,0,0,0,0,0,0,0,0,0
50399925,6286,0,2,0,0,0,0,0,0,0,0,0
50407149,6287,0,2,0,0,0,0,0,0,0,0,0
50414373,6288,0,2,0,0,0,0,0,0,0,0,0
50421597,6289,0,2,0,0,0,0,0,0,0,0,0
50428821,6290,0,2,0,0,0,0,0,0,0,0,0
50436046,6291,0,2,0,0,0,0,0,0,0,0,0
50443269,6292,0,2,0,0,0,0,0,0,0,0,0
50450493,6293,0,2,0,0,0,0,0,0,0,0,0
50457717,6294,0,2,0,0,0,0,0,0,0,0,0
50464941,6295,0,2,0,0,0,0,0,0,0,0,0
50472165,6296,0,2,0,0,0,0,0,0,0,0,0
50479389,6297,0,2,0,0,0,0,0,0,0,0,0
50486613,6298,0,2,0,0,0,0,0,0,0,0,0
50493837,6299,0,2,0,0,0,0,0,0,0,0,0
50501061,6300,0,2,0,0,0,0,0,0,0,0,0
50508286,6301,0,2,0,0,0,0,0,0,0,0,0
50515509,6302,0,2,0,0,0,0,0,0,0,0,0
50522733,6303,0,2,0,0,0,0,0,0,0,0,0
50529957,6304,0,2,0,0,0,0,0,0,0,0,0
50537181,6305,0,2,0,0,0,0,0,0,0,0,0
50544405,6306,0,2,0,0,0,0,0,0,0,0,0
50551629,6307,0,2,0,0,0,0,0,0,0,0,0
50558853,6308,0,2,0,0,0,0,0,0,0,0,0
50566077,6309,0,2,0,0,0,0,0,0,0,0,0
50573301,6310,0,2,0,0,0,0,0,0,0,0,0
50580526,6311,0,2,0,0,0,0,0,0,0,0,0
50587749,6312,0,2,0,0,0,0,0,0,0,0,0
50594973,6313,0,2,0,0,0,0,0,0,0,0,0
50602197,6314,0,2,0,0,0,0,0,0,0,0,0
50609421,6315,0,2,0,0,0,0,0,0,0,0,0
50616645,6316,0,2,0,0,0,0,0,0,0,0,0
50623869,6317,0,2,0,0,0,0,0,0,0,0,0
50631093,6318,0,2,0,0,0,0,0,0,0,0,0
50638317,6319,0,2,0,0,0,0,0,0,0,0,0
50645541,6320,0,2,0,0,0,0,0,0,0,0,0
50652766,6321,0,2,0,0,0,0,0,0,0,0,0
50659989,6322,0,2,0,0,0,0,0,0,0,0,0
50667213,6323,0,2,0,0,0,0,0,0,0,0,0
50674437,6324,0,2,0,0,0,0,0,0,0,0,0
50681661,6325,0,2,0,0,0,0,0,0,0,0,0
50688885,6326,0,2,0,0,0,0,0,0,0,0,0
50696109,6327,0,2,0,0,0,0,0,0,0,0,0
50703333,6328,0,2,0,0,0,0,0,0,0,0,0
50710557,6329,0,2,0,0,0,0,0,0,0,0,0
50717781,6330,0,2,0,0,0,0,0,0,0,0,0
50725006,6331,0,2,0,0,0,0,0,0,0,0,0
50732229,6332,0,2,0,0,0,0,0,0,0,0,0
50739453,6333,0,2,0,0,0,0,0,0,0,0,0
50746677,6334,0,2,0,0,0,0,0,0,0,0,0
50753901,6335,0,2,0,0,0,0,0,0,0,0,0
50761125,6336,0,2,0,0,0,0,0,0,0,0,0
50768349,6337,0,2,0,0,0,0,0,0,0,0,0
50775573,6338,0,2,0,0,0,0,0,0,0,0,0
50782797,6339,0,2,0,0,0,0,0,0,0,0,0
50790022,6340,0,2,0,0,0,0,0,0,0,0,0
50797246,6341,0,2,0,0,0,0,0,0,0,0,0
50804469,6342,0,2,0,0,0,0,0,0,0,0,0
50811693,6343,0,2,0,0,0,0,0,0,0,0,0
50818917,6344,0,2,0,0,0,0,0,0,0,0,0
50826141,6345,0,2,0,0,0,0,0,0,0,0,0
50833365,6346,0,2,0,0,0,0,0,0,0,0,0
50840589,6347,0,2,0,0,0,0,0,0,0,0,0
50847813,6348,0,2,0,0,0,0,0,0,0,0,0
50855037,6349,0,2,0,0,0,0,0,0,0,0,0
50862261,6350,0,2,0,0,0,0,0,0,0,0,0
50869486,6351,0,2,0,0,0,0,0,0,0,0,0
50876709,6352,0,2,0,0,0,0,0,0,0,0,0
50883933,6353,0,2,0,0,0,0,0,0,0,0,0
50891157,6354,0,2,0,0,0,0,0,0,0,0,0
50898381,6355,0,2,0,0,0,0,0,0,0,0,0
50905605,6356,0,2,0,0,0,0,0,0,0,0,0
50917486,6357,0,2,0,0,0,0,0,0,0,0,0
50924698,6358,0,2,0,0,0,0,0,0,0,0,0
50931922,6359,0,2,0,0,0,0,0,0,0,0,0
50939146,6360,0,2,0,0,0,0,0,0,0,0,0
50946371,6361,0,2,0,0,0,0,0,0,0,0,0
50953594,6362,0,2,0,0,0,0,0,0,0,0,0
50960818,6363,0,2,0,0,0,0,0,0,0,0,0
50968042,6364,0,2,0,0,0,0,0,0,0,0,0
50975266,6365,0,2,0,0,0,0,0,0,0,0,0
50982490,6366,0,2,0,0,0,0,0,0,0,0,0
50989714,6367,0,2,0,0,0,0,0,0,0,0,0
50996938,6368,0,2,0,0,0,0,0,0,0,0,0
51004162,6369,0,2,0,0,0,0,0,0,0,0,0
51011386,6370,0,2,0,0,0,0,0,0,0,0,0
51018611,6371,0,2,0,0,0,0,0,0,0,0,0
51025834,6372,0,2,0,0,0,0,0,0,0,0,0
51033058,6373,0,2,0,0,0,0,0,0,0,0,0
51040282,6374,0,2,0,0,0,0,0,0,0,0,0
51047506,6375,0,2,0,0,0,0,0,0,0,0,0
51054730,6376,0,2,0,0,0,0,0,0,0,0,0
51061954,6377,0,2,0,0,0,0,0,0,0,0,0
51069178,6378,0,2,0,0,0,0,0,0,0,0,0
51076402,6379,0,2,0,0,0,0,0,0,0,0,0
51083626,6380,0,2,0,0,0,0,0,0,0,0,0
51090851,6381,0,2,0,0,0,0,0,0,0,0,0
51098075,6382,0,2,0,0,0,0,0,0,0,0,0
51105298,6383,0,2,0,0,0,0,0,0,0,0,0
51112522,6384,0,2,0,0,0,0,0,0,0,0,0
51119746,6385,0,2,0,0,0,0,0,0,0,0,0
51126970,6386,0,2,0,0,0,0,0,0,0,0,0
51134194,6387,0,2,0,0,0,0,0,0,0,0,0
51141418,6388,0,2,0,0,0,0,0,0,0,0,0
51148642,6389,0,2,0,0,0,0,0,0,0,0,0
51155866,6390,0,2,0,0,0,0,0,0,0,0,0
51163091,6391,0,2,0,0,0,0,0,0,0,0,0
51170314,6392,0,2,0,0,0,0,0,0,0,0,0
51177538,6393,0,2,0,0,0,0,0,0,0,0,0
51184762,6394,0,2,0,0,0,0,0,0,0,0,0
51191986,6395,0,2,0,0,0,0,0,0,0,0,0
51199210,6396,0,2,0,0,0,0,0,0,0,0,0
51206434,6397,0,2,0,0,0,0,0,0,0,0,0
51213658,6398,0,2,0,0,0,0,0,0,0,0,0
51220882,6399,0,2,0,0,0,0,0,0,0,0,0
51228106,6400,0,2,0,0,0,0,0,0,0,0,0
51235331,6401,0,2,0,0,0,0,0,0,0,0,0
51242554,6402,0,2,0,0,0,0,0,0,0,0,0
51249778,6403,0,2,0,0,0,0,0,0,0,0,0
51257002,6404,0,2,0,0,0,0,0,0,0,0,0
51264226,6405,0,2,0,0,0,0,0,0,0,0,0
51271450,6406,0,2,0,0,0,0,0,0,0,0,0
51278674,6407,0,2,0,0,0,0,0,0,0,0,0
51285898,6408,0,2,0,0,0,0,0,0,0,0,0
51293122,6409,0,2,0,0,0,0,0,0,0,0,0
51300346,6410,0,2,0,0,0,0,0,0,0,0,0
51307571,6411,0,2,0,0,0,0,0,0,0,0,0
51314794,6412,0,2,0,0,0,0,0,0,0,0,0
51322018,6413,0,2,0,0,0,0,0,0,0,0,0
51329242,6414,0,2,0,0,0,0,0,0,0,0,0
51336466,6415,0,2,0,0,0,0,0,0,0,0,0
51343690,6416,0,2,0,0,0,0,0,0,0,0,0
51350914,6417,0,2,0,0,0,0,0,0,0,0,0
51358138,6418,0,2,0,0,0,0,0,0,0,0,0
51365362,6419,0,2,0,0,0,0,0,0,0,0,0
51372586,6420,0,2,0,0,0,0,0,0,0,0,0
51379811,6421,0,2,0,0,0,0,0,0,0,0,0
51387034,6422,0,2,0,0,0,0,0,0,0,0,0
51394258,6423,0,2,0,0,0,0,0,0,0,0,0
51401482,6424,0,2,0,0,0,0,0,0,0,0,0
51408706,6425,0,2,0,0,0,0,0,0,0,0,0
51415930,6426,0,2,0,0,0,0,0,0,0,0,0
51423154,6427,0,2,0,0,0,0,0,0,0,0,0
51430378,6428,0,2,0,0,0,0,0,0,0,0,0
51437602,6429,0,2,0,0,0,0,0,0,0,0,0
51444826,6430,0,2,0,0,0,0,0,0,0,0,0
51452051,6431,0,2,0,0,0,0,0,0,0,0,0
51459274,6432,0,2,0,0,0,0,0,0,0,0,0
51466498,6433,0,2,0,0,0,0,0,0,0,0,0
51473722,6434,0,2,0,0,0,0,0,0,0,0,0
51480946,6435,0,2,0,0,0,0,0,0,0,0,0
51488170,6436,0,2,0,0,0,0,0,0,0,0,0
51495394,6437,0,2,0,0,0,0,0,0,0,0,0
51502618,6438,0,2,0,0,0,0,0,0,0,0,0
51509842,6439,0,2,0,0,0,0,0,0,0,0,0
51517066,6440,0,2,0,0,0,0,0,0,0,0,0
51524291,6441,0,2,0,0,0,0,0,0,0,0,0
51531514,6442,0,2,0,0,0,0,0,0,0,0,0
51538738,6443,0,2,0,0,0,0,0,0,0,0,0
51545962,6444,0,2,0,0,0,0,0,0,0,0,0
51553186,6445,0,2,0,0,0,0,0,0,0,0,0
51560410,6446,0,2,0,0,0,0,0,0,0,0,0
51567634,6447,0,2,0,0,0,0,0,0,0,0,0
51574858,6448,0,2,0,0,0,0,0,0,0,0,0
51582082,6449,0,2,0,0,0,0,0,0,0,0,0
51589306,6450,0,2,0,0,0,0,0,0,0,0,0
51596531,6451,0,2,0,0,0,0,0,0,0,0,0
51603754,6452,0,2,0,0,0,0,0,0,0,0,0
51610978,6453,0,2,0,0,0,0,0,0,0,0,0
51618202,6454,0,2,0,0,0,0,0,0,0,0,0
51625426,6455,0,2,0,0,0,0,0,0,0,0,0
51632650,6456,0,2,0,0,0,0,0,0,0,0,0
51639874,6457,0,2,0,0,0,0,0,0,0,0,0
51647098,6458,0,2,0,0,0,0,0,0,0,0,0
51654322,6459,0,2,0,0,0,0,0,0,0,0,0
51661546,6460,0,2,0,0,0,0,0,0,0,0,0
51668771,6461,0,2,0,0,0,0,0,0,0,0,0
51675994,6462,0,2,0,0,0,0,0,0,0,0,0
51683218,6463,0,2,0,0,0,0,0,0,0,0,0
51690442,6464,0,2,0,0,0,0,0,0,0,0,0
51697666,6465,0,2,0,0,0,0,0,0,0,0,0
51704890,6466,0,2,0,0,0,0,0,0,0,0,0
51712114,6467,0,2,0,0,0,0,0,0,0,0,0
51719338,6468,0,2,0,0,0,0,0,0,0,0,0
51726562,6469,0,2,0,0,0,0,0,0,0,0,0
51733786,6470,0,2,0,0,0,0,0,0,0,0,0
51741011,6471,0,2,0,0,0,0,0,0,0,0,0
51748234,6472,0,2,0,0,0,0,0,0,0,0,0
51755458,6473,0,2,0,0,0,0,0,0,0,0,0
51762682,6474,0,2,0,0,0,0,0,0,0,0,0
51769906,6475,0,2,0,0,0,0,0,0,0,0,0
51777130,6476,0,2,0,0,0,0,0,0,0,0,0
51784354,6477,0,2,0,0,0,0,0,0,0,0,0
51791578,6478,0,2,0,0,0,0,0,0,0,0,0
51798802,6479,0,2,0,0,0,0,0,0,0,0,0
51806026,6480,0,2,0,0,0,0,0,0,0,0,0
51813251,6481,0,2,0,0,0,0,0,0,0,0,0
51820474,6482,0,2,0,0,0,0,0,0,0,0,0
51827698,6483,0,2,0,0,0,0,0,0,0,0,0
51834922,6484,0,2,0,0,0,0,0,0,0,0,0
51842146,6485,0,2,0,0,0,0,0,0,0,0,0
51849370,6486,0,2,0,0,0,0,0,0,0,0,0
51856594,6487,0,2,0,0,0,0,0,0,0,0,0
51863818,6488,0,2,0,0,0,0,0,0,0,0,0
51871043,6489,0,2,0,0,0,0,0,0,0,0,0
51878266,6490,0,2,0,0,0,0,0,0,0,0,0
51885491,6491,0,2,0,0,0,0,0,0,0,0,0
51892714,6492,0,2,0,0,0,0,0,0,0,0,0
51899938,6493,0,2,0,0,0,0,0,0,0,0,0
51907162,6494,0,2,0,0,0,0,0,0,0,0,0
51914386,6495,0,2,0,0,0,0,0,0,0,0,0
51921610,6496,0,2,0,0,0,0,0,0,0,0,0
51928834,6497,0,2,0,0,0,0,0,0,0,0,0
51936058,6498,0,2,0,0,0,0,0,0,0,0,0
51943282,6499,0,2,0,0,0,0,0,0,0,0,0
51950506,6500,0,2,0,0,0,0,0,0,0,0,0
51957731,6501,0,2,0,0,0,0,0,0,0,0,0
51964954,6502,0,2,0,0,0,0,0,0,0,0,0
51972178,6503,0,2,0,0,0,0,0,0,0,0,0
51979402,6504,0,2,0,0,0,0,0,0,0,0,0
51986626,6505,0,2,0,0,0,0,0,0,0,0,0
51993850,6506,0,2,0,0,0,0,0,0,0,0,0
52001074,6507,0,2,0,0,0,0,0,0,0,0,0
52008298,6508,0,2,0,0,0,0,0,0,0,0,0
52015522,6509,0,2,0,0,0,0,0,0,0,0,0
52022746,6510,0,2,0,0,0,0,0,0,0,0,0
52029971,6511,0,2,0,0,0,0,0,0,0,0,0
52037194,6512,0,2,0,0,0,0,0,0,0,0,0
52044418,6513,0,2,0,0,0,0,0,0,0,0,0
52051642,6514,0,2,0,0,0,0,0,0,0,0,0
52058866,6515,0,2,0,0,0,0,0,0,0,0,0
52066090,6516,0,2,0,0,0,0,0,0,0,0,0
52073314,6517,0,2,0,0,0,0,0,0,0,0,0
52080538,6518,0,2,0,0,0,0,0,0,0,0,0
52087762,6519,0,2,0,0,0,0,0,0,0,0,0
52094986,6520,0,2,0,0,0,0,0,0,0,0,0
52102211,6521,0,2,0,0,0,0,0,0,0,0,0
52109434,6522,0,2,0,0,0,0,0,0,0,0,0
52116658,6523,0,2,0,0,0,0,0,0,0,0,0
52123882,6524,0,2,0,0,0,0,0,0,0,0,0
52131106,6525,0,2,0,0,0,0,0,0,0,0,0
52138330,6526,0,2,0,0,0,0,0,0,0,0,0
52145554,6527,0,2,0,0,0,0,0,0,0,0,0
52152778,6528,0,2,0,0,0,0,0,0,0,0,0
52160002,6529,0,2,0,0,0,0,0,0,0,0,0
52167226,6530,0,2,0,0,0,0,0,0,0,0,0
52174451,6531,0,2,0,0,0,0,0,0,0,0,0
52181674,6532,0,2,0,0,0,0,0,0,0,0,0
52188898,6533,0,2,0,0,0,0,0,0,0,0,0
52196122,6534,0,2,0,0,0,0,0,0,0,0,0
52203346,6535,0,2,0,0,0,0,0,0,0,0,0
52210570,6536,0,2,0,0,0,0,0,0,0,0,0
52217794,6537,0,2,0,0,0,0,0,0,0,0,0
52225018,6538,0,2,0,0,0,0,0,0,0,0,0
52232242,6539,0,2,0,0,0,0,0,0,0,0,0
52239466,6540,0,2,0,0,0,0,0,0,0,0,0
52246691,6541,0,2,0,0,0,0,0,0,0,0,0
52253914,6542,0,2,0,0,0,0,0,0,0,0,0
52261138,6543,0,2,0,0,0,0,0,0,0,0,0
52268362,6544,0,2,0,0,0,0,0,0,0,0,0
52275586,6545,0,2,0,0,0,0,0,0,0,0,0
52282810,6546,0,2,0,0,0,0,0,0,0,0,0
52290035,6547,0,2,0,0,0,0,0,0,0,0,0
52297258,6548,0,2,0,0,0,0,0,0,0,0,0
52304482,6549,0,2,0,0,0,0,0,0,0,0,0
52311706,6550,0,2,0,0,0,0,0,0,0,0,0
52318931,6551,0,2,0,0,0,0,0,0,0,0,0
52326154,6552,0,2,0,0,0,0,0,0,0,0,0
52333378,6553,0,2,0,0,0,0,0,0,0,0,0
52340602,6554,0,2,0,0,0,0,0,0,0,0,0
52347826,6555,0,2,0,0,0,0,0,0,0,0,0
52355050,6556,0,2,0,0,0,0,0,0,0,0,0
52362274,6557,0,2,0,0,0,0,0,0,0,0,0
52369498,6558,0,2,0,0,0,0,0,0,0,0,0
52376722,6559,0,2,0,0,0,0,0,0,0,0,0
52383946,6560,0,2,0,0,0,0,0,0,0,0,0
52391171,6561,0,2,0,0,0,0,0,0,0,0,0
52398394,6562,0,2,0,0,0,0,0,0,0,0,0
52405618,6563,0,2,0,0,0,0,0,0,0,0,0
52412842,6564,0,2,0,0,0,0,0,0,0,0,0
52420066,6565,0,2,0,0,0,0,0,0,0,0,0
52427290,6566,0,2,0,0,0,0,0,0,0,0,0
52434514,6567,0,2,0,0,0,0,0,0,0,0,0
52441738,6568,0,2,0,0,0,0,0,0,0,0,0
52448962,6569,0,2,0,0,0,0,0,0,0,0,0
52456186,6570,0,2,0,0,0,0,0,0,0,0,0
52463411,6571,0,2,0,0,0,0,0,0,0,0,0
52470634,6572,0,2,0,0,0,0,0,0,0,0,0
52477858,6573,0,2,0,0,0,0,0,0,0,0,0
52485082,6574,0,2,0,0,0,0,0,0,0,0,0
52492306,6575,0,2,0,0,0,0,0,0,0,0,0
52499530,6576,0,2,0,0,0,0,0,0,0,0,0
52506754,6577,0,2,0,0,0,0,0,0,0,0,0
52513978,6578,0,2,0,0,0,0,0,0,0,0,0
52521202,6579,0,2,0,0,0,0,0,0,0,0,0
52528426,6580,0,2,0,0,0,0,0,0,0,0,0
52535651,6581,0,2,0,0,0,0,0,0,0,0,0
52542874,6582,0,2,0,0,0,0,0,0,0,0,0
52550098,6583,0,2,0,0,0,0,0,0,0,0,0
52563938,6584,0,2,0,0,0,0,0,0,0,0,0
52571149,6585,0,2,0,0,0,0,0,0,0,0,0
52578373,6586,0,2,0,0,0,0,0,0,0,0,0
52585597,6587,0,2,0,0,0,0,0,0,0,0,0
52592821,6588,0,2,0,0,0,0,0,0,0,0,0
52600045,6589,0,2,0,0,0,0,0,0,0,0,0
52607269,6590,0,2,0,0,0,0,0,0,0,0,0
52614494,6591,0,2,0,0,0,0,0,0,0,0,0
52621717,6592,0,2,0,0,0,0,0,0,0,0,0
52628941,6593,0,2,0,0,0,0,0,0,0,0,0
52636165,6594,0,2,0,0,0,0,0,0,0,0,0
52643389,6595,0,2,0,0,0,0,0,0,0,0,0
52650613,6596,0,2,0,0,0,0,0,0,0,0,0
52657837,6597,0,2,0,0,0,0,0,0,0,0,0
52665061,6598,0,2,0,0,0,0,0,0,0,0,0
52672285,6599,0,2,0,0,0,0,0,0,0,0,0
52679509,6600,0,2,0,0,0,0,0,0,0,0,0
52686734,6601,0,2,0,0,0,0,0,0,0,0,0
52693957,6602,0,2,0,0,0,0,0,0,0,0,0
52701181,6603,0,2,0,0,0,0,0,0,0,0,0
52708405,6604,0,2,0,0,0,0,0,0,0,0,0
52715629,6605,0,2,0,0,0,0,0,0,0,0,0
52722853,6606,0,2,0,0,0,0,0,0,0,0,0
52730077,6607,0,2,0,0,0,0,0,0,0,0,0
52737301,6608,0,2,0,0,0,0,0,0,0,0,0
52744525,6609,0,2,0,0,0,0,0,0,0,0,0
52751749,6610,0,2,0,0,0,0,0,0,0,0,0
52758974,6611,0,2,0,0,0,0,0,0,0,0,0
52766197,6612,0,2,0,0,0,0,0,0,0,0,0
52773421,6613,0,2,0,0,0,0,0,0,0,0,0
52780645,6614,0,2,0,0,0,0,0,0,0,0,0
52787869,6615,0,2,0,0,0,0,0,0,0,0,0
52795093,6616,0,2,0,0,0,0,0,0,0,0,0
52802317,6617,0,2,0,0,0,0,0,0,0,0,0
52809541,6618,0,2,0,0,0,0,0,0,0,0,0
52816765,6619,0,2,0,0,0,0,0,0,0,0,0
52823989,6620,0,2,0,0,0,0,0,0,0,0,0
52831214,6621,0,2,0,0,0,0,0,0,0,0,0
52838437,6622,0,2,0,0,0,0,0,0,0,0,0
52845661,6623,0,2,0,0,0,0,0,0,0,0,0
52852885,6624,0,2,0,0,0,0,0,0,0,0,0
52860109,6625,0,2,0,0,0,0,0,0,0,0,0
52867333,6626,0,2,0,0,0,0,0,0,0,0,0
52874557,6627,0,2,0,0,0,0,0,0,0,0,0
52881781,6628,0,2,0,0,0,0,0,0,0,0,0
52889005,6629,0,2,0,0,0,0,0,0,0,0,0
52896229,6630,0,2,0,0,0,0,0,0,0,0,0
52903454,6631,0,2,0,0,0,0,0,0,0,0,0
52910677,6632,0,2,0,0,0,0,0,0,0,0,0
52917901,6633,0,2,0,0,0,0,0,0,0,0,0
52925125,6634,0,2,0,0,0,0,0,0,0,0,0
52932349,6635,0,2,0,0,0,0,0,0,0,0,0
52939573,6636,0,2,0,0,0,0,0,0,0,0,0
52946797,6637,0,2,0,0,0,0,0,0,0,0,0
52954022,6638,0,2,0,0,0,0,0,0,0,0,0
52961245,6639,0,2,0,0,0,0,0,0,0,0,0
52968469,6640,0,2,0,0,0,0,0,0,0,0,0
52975694,6641,0,2,0,0,0,0,0,0,0,0,0
52982917,6642,0,2,0,0,0,0,0,0,0,0,0
52990141,6643,0,2,0,0,0,0,0,0,0,0,0
52997365,6644,0,2,0,0,0,0,0,0,0,0,0
53004589,6645,0,2,0,0,0,0,0,0,0,0,0
53011813,6646,0,2,0,0,0,0,0,0,0,0,0
53019037,6647,0,2,0,0,0,0,0,0,0,0,0
53026261,6648,0,2,0,0,0,0,0,0,0,0,0
53033485,6649,0,2,0,0,0,0,0,0,0,0,0
53040709,6650,0,2,0,0,0,0,0,0,0,0,0
53047934,6651,0,2,0,0,0,0,0,0,0,0,0
53055157,6652,0,2,0,0,0,0,0,0,0,0,0
53062381,6653,0,2,0,0,0,0,0,0,0,0,0
53069605,6654,0,2,0,0,0,0,0,0,0,0,0
53076829,6655,0,2,0,0,0,0,0,0,0,0,0
53084053,6656,0,2,0,0,0,0,0,0,0,0,0
53091277,6657,0,2,0,0,0,0,0,0,0,0,0
53098501,6658,0,2,0,0,0,0,0,0,0,0,0
53105725,6659,0,2,0,0,0,0,0,0,0,0,0
53112949,6660,0,2,0,0,0,0,0,0,0,0,0
53120174,6661,0,2,0,0,0,0,0,0,0,0,0
53127397,6662,0,2,0,0,0,0,0,0,0,0,0
53134621,6663,0,2,0,0,0,0,0,0,0,0,0
53141845,6664,0,2,0,0,0,0,0,0,0,0,0
53149069,6665,0,2,0,0,0,0,0,0,0,0,0
53156293,6666,0,2,0,0,0,0,0,0,0,0,0
53163517,6667,0,2,0,0,0,0,0,0,0,0,0
53170741,6668,0,2,0,0,0,0,0,0,0,0,0
53177965,6669,0,2,0,0,0,0,0,0,0,0,0
53185189,6670,0,2,0,0,0,0,0,0,0,0,0
53192414,6671,0,2,0,0,0,0,0,0,0,0,0
53199637,6672,0,2,0,0,0,0,0,0,0,0,0
53206861,6673,0,2,0,0,0,0,0,0,0,0,0
53214085,6674,0,2,0,0,0,0,0,0,0,0,0
53221309,6675,0,2,0,0,0,0,0,0,0,0,0
53228533,6676,0,2,0,0,0,0,0,0,0,0,0
53235757,6677,0,2,0,0,0,0,0,0,0,0,0
53242981,6678,0,2,0,0,0,0,0,0,0,0,0
53250205,6679,0,2,0,0,0,0,0,0,0,0,0
53257429,6680,0,2,0,0,0,0,0,0,0,0,0
53264654,6681,0,2,0,0,0,0,0,0,0,0,0
53271877,6682,0,2,0,0,0,0,0,0,0,0,0
53279101,6683,0,2,0,0,0,0,0,0,0,0,0
53286325,6684,0,2,0,0,0,0,0,0,0,0,0
53293549,6685,0,2,0,0,0,0,0,0,0,0,0
53300773,6686,0,2,0,0,0,0,0,0,0,0,0
53307997,6687,0,2,0,0,0,0,0,0,0,0,0
53315221,6688,0,2,0,0,0,0,0,0,0,0,0
53322445,6689,0,2,0,0,0,0,0,0,0,0,0
53329669,6690,0,2,0,0,0,0,0,0,0,0,0
53336894,6691,0,2,0,0,0,0,0,0,0,0,0
53344117,6692,0,2,0,0,0,0,0,0,0,0,0
53351341,6693,0,2,0,0,0,0,0,0,0,0,0
53358565,6694,0,2,0,0,0,0,0,0,0,0,0
53365789,6695,0,2,0,0,0,0,0,0,0,0,0
53373013,6696,0,2,0,0,0,0,0,0,0,0,0
53380237,6697,0,2,0,0,0,0,0,0,0,0,0
53387461,6698,0,2,0,0,0,0,0,0,0,0,0
53394685,6699,0,2,0,0,0,0,0,0,0,0,0
53401909,6700,0,2,0,0,0,0,0,0,0,0,0
53409134,6701,0,2,0,0,0,0,0,0,0,0,0
53416357,6702,0,2,0,0,0,0,0,0,0,0,0
53423581,6703,0,2,0,0,0,0,0,0,0,0,0
53430805,6704,0,2,0,0,0,0,0,0,0,0,0
53438029,6705,0,2,0,0,0,0,0,0,0,0,0
53445253,6706,0,2,0,0,0,0,0,0,0,0,0
53452477,6707,0,2,0,0,0,0,0,0,0,0,0
53459701,6708,0,2,0,0,0,0,0,0,0,0,0
53466925,6709,0,2,0,0,0,0,0,0,0,0,0
53474149,6710,0,2,0,0,0,0,0,0,0,0,0
53481374,6711,0,2,0,0,0,0,0,0,0,0,0
53488597,6712,0,2,0,0,0,0,0,0,0,0,0
53495821,6713,0,2,0,0,0,0,0,0,0,0,0
53503045,6714,0,2,0,0,0,0,0,0,0,0,0
53510269,6715,0,2,0,0,0,0,0,0,0,0,0
53517493,6716,0,2,0,0,0,0,0,0,0,0,0
53524717,6717,0,2,0,0,0,0,0,0,0,0,0
53531941,6718,0,2,0,0,0,0,0,0,0,0,0
53539165,6719,0,2,0,0,0,0,0,0,0,0,0
53546389,6720,0,2,0,0,0,0,0,0,0,0,0
53553614,6721,0,2,0,0,0,0,0,0,0,0,0
53560837,6722,0,2,0,0,0,0,0,0,0,0,0
53568061,6723,0,2,0,0,0,0,0,0,0,0,0
53575285,6724,0,2,0,0,0,0,0,0,0,0,0
53582509,6725,0,2,0,0,0,0,0,0,0,0,0
53589733,6726,0,2,0,0,0,0,0,0,0,0,0
53596957,6727,0,2,0,0,0,0,0,0,0,0,0
53604181,6728,0,2,0,0,0,0,0,0,0,0,0
53611405,6729,0,2,0,0,0,0,0,0,0,0,0
53618629,6730,0,2,0,0,0,0,0,0,0,0,0
53625854,6731,0,2,0,0,0,0,0,0,0,0,0
53633077,6732,0,2,0,0,0,0,0,0,0,0,0
53640301,6733,0,2,0,0,0,0,0,0,0,0,0
53647525,6734,0,2,0,0,0,0,0,0,0,0,0
53654749,6735,0,2,0,0,0,0,0,0,0,0,0
53661973,6736,0,2,0,0,0,0,0,0,0,0,0
53669197,6737,0,2,0,0,0,0,0,0,0,0,0
53676421,6738,0,2,0,0,0,0,0,0,0,0,0
53683645,6739,0,2,0,0,0,0,0,0,0,0,0
53690869,6740,0,2,0,0,0,0,0,0,0,0,0
53698094,6741,0,2,0,0,0,0,0,0,0,0,0
53705317,6742,0,2,0,0,0,0,0,0,0,0,0
53712541,6743,0,2,0,0,0,0,0,0,0,0,0
53719765,6744,0,2,0,0,0,0,0,0,0,0,0
53726989,6745,0,2,0,0,0,0,0,0,0,0,0
53734213,6746,0,2,0,0,0,0,0,0,0,0,0
53741437,6747,0,2,0,0,0,0,0,0,0,0,0
53748661,6748,0,2,0,0,0,0,0,0,0,0,0
53755885,6749,0,2,0,0,0,0,0,0,0,0,0
53763109,6750,0,2,0,0,0,0,0,0,0,0,0
53770334,6751,0,2,0,0,0,0,0,0,0,0,0
53777557,6752,0,2,0,0,0,0,0,0,0,0,0
53784781,6753,0,2,0,0,0,0,0,0,0,0,0
53792005,6754,0,2,0,0,0,0,0,0,0,0,0
53799229,6755,0,2,0,0,0,0,0,0,0,0,0
53806453,6756,0,2,0,0,0,0,0,0,0,0,0
53813677,6757,0,2,0,0,0,0,0,0,0,0,0
53820901,6758,0,2,0,0,0,0,0,0,0,0,0
53828125,6759,0,2,0,0,0,0,0,0,0,0,0
53835349,6760,0,2,0,0,0,0,0,0,0,0,0
53842574,6761,0,2,0,0,0,0,0,0,0,0,0
53849797,6762,0,2,0,0,0,0,0,0,0,0,0
53857022,6763,0,2,0,0,0,0,0,0,0,0,0
53864245,6764,0,2,0,0,0,0,0,0,0,0,0
53871469,6765,0,2,0,0,0,0,0,0,0,0,0
53878693,6766,0,2,0,0,0,0,0,0,0,0,0
53885917,6767,0,2,0,0,0,0,0,0,0,0,0
53893141,6768,0,2,0,0,0,0,0,0,0,0,0
53900365,6769,0,2,0,0,0,0,0,0,0,0,0
53907589,6770,0,2,0,0,0,0,0,0,0,0,0
53914814,6771,0,2,0,0,0,0,0,0,0,0,0
53922037,6772,0,2,0,0,0,0,0,0,0,0,0
53929261,6773,0,2,0,0,0,0,0,0,0,0,0
53936485,6774,0,2,0,0,0,0,0,0,0,0,0
53943709,6775,0,2,0,0,0,0,0,0,0,0,0
53950933,6776,0,2,0,0,0,0,0,0,0,0,0
53958157,6777,0,2,0,0,0,0,0,0,0,0,0
53965381,6778,0,2,0,0,0,0,0,0,0,0,0
53972605,6779,0,2,0,0,0,0,0,0,0,0,0
53979829,6780,0,2,0,0,0,0,0,0,0,0,0
53987054,6781,0,2,0,0,0,0,0,0,0,0,0
53994277,6782,0,2,0,0,0,0,0,0,0,0,0
54001501,6783,0,2,0,0,0,0,0,0,0,0,0
54008725,6784,0,2,0,0,0,0,0,0,0,0,0
54015949,6785,0,2,0,0,0,0,0,0,0,0,0
54023173,6786,0,2,0,0,0,0,0,0,0,0,0
54030397,6787,0,2,0,0,0,0,0,0,0,0,0
54037621,6788,0,2,0,0,0,0,0,0,0,0,0
54044845,6789,0,2,0,0,0,0,0,0,0,0,0
54052069,6790,0,2,0,0,0,0,0,0,0,0,0
54059294,6791,0,2,0,0,0,0,0,0,0,0,0
54066517,6792,0,2,0,0,0,0,0,0,0,0,0
54073741,6793,0,2,0,0,0,0,0,0,0,0,0
54080965,6794,0,2,0,0,0,0,0,0,0,0,0
54088189,6795,0,2,0,0,0,0,0,0,0,0,0
54095413,6796,0,2,0,0,0,0,0,0,0,0,0
54102637,6797,0,2,0,0,0,0,0,0,0,0,0
54109861,6798,0,2,0,0,0,0,0,0,0,0,0
54117085,6799,0,2,0,0,0,0,0,0,0,0,0
54124309,6800,0,2,0,0,0,0,0,0,0,0,0
54131534,6801,0,2,0,0,0,0,0,0,0,0,0
54138757,6802,0,2,0,0,0,0,0,0,0,0,0
54145981,6803,0,2,0,0,0,0,0,0,0,0,0
54153205,6804,0,2,0,0,0,0,0,0,0,0,0
54160429,6805,0,2,0,0,0,0,0,0,0,0,0
54167653,6806,0,2,0,0,0,0,0,0,0,0,0
54174877,6807,0,2,0,0,0,0,0,0,0,0,0
54182101,6808,0,2,0,0,0,0,0,0,0,0,0
54189325,6809,0,2,0,0,0,0,0,0,0,0,0
54196549,6810,0,2,0,0,0,0,0,0,0,0,0
54208022,6811,0,2,0,0,0,0,0,0,0,0,0
54215234,6812,0,2,0,0,0,0,0,0,0,0,0
54222458,6813,0,2,0,0,0,0,0,0,0,0,0
54229682,6814,0,2,0,0,0,0,0,0,0,0,0
54236906,6815,0,2,0,0,0,0,0,0,0,0,0
54244130,6816,0,2,0,0,0,0,0,0,0,0,0
54251354,6817,0,2,0,0,0,0,0,0,0,0,0
54258578,6818,0,2,0,0,0,0,0,0,0,0,0
54265802,6819,0,2,0,0,0,0,0,0,0,0,0
54273026,6820,0,2,0,0,0,0,0,0,0,0,0
54280251,6821,0,2,0,0,0,0,0,0,0,0,0
54287474,6822,0,2,0,0,0,0,0,0,0,0,0
54294698,6823,0,2,0,0,0,0,0,0,0,0,0
54301922,6824,0,2,0,0,0,0,0,0,0,0,0
54309146,6825,0,2,0,0,0,0,0,0,0,0,0
54316370,6826,0,2,0,0,0,0,0,0,0,0,0
54323594,6827,0,2,0,0,0,0,0,0,0,0,0
54330818,6828,0,2,0,0,0,0,0,0,0,0,0
54338043,6829,0,2,0,0,0,0,0,0,0,0,0
54345266,6830,0,2,0,0,0,0,0,0,0,0,0
54352491,6831,0,2,0,0,0,0,0,0,0,0,0
54359714,6832,0,2,0,0,0,0,0,0,0,0,0
54366938,6833,0,2,0,0,0,0,0,0,0,0,0
54374162,6834,0,2,0,0,0,0,0,0,0,0,0
54381386,6835,0,2,0,0,0,0,0,0,0,0,0
54388610,6836,0,2,0,0,0,0,0,0,0,0,0
54395834,6837,0,2,0,0,0,0,0,0,0,0,0
54403058,6838,0,2,0,0,0,0,0,0,0,0,0
54410282,6839,0,2,0,0,0,0,0,0,0,0,0
54417506,6840,0,2,0,0,0,0,0,0,0,0,0
54424731,6841,0,2,0,0,0,0,0,0,0,0,0
54431954,6842,0,2,0,0,0,0,0,0,0,0,0
54439178,6843,0,2,0,0,0,0,0,0,0,0,0
54446402,6844,0,2,0,0,0,0,0,0,0,0,0
54453626,6845,0,2,0,0,0,0,0,0,0,0,0
54460850,6846,0,2,0,0,0,0,0,0,0,0,0
54468074,6847,0,2,0,0,0,0,0,0,0,0,0
54475298,6848,0,2,0,0,0,0,0,0,0,0,0
54482522,6849,0,2,0,0,0,0,0,0,0,0,0
54489746,6850,0,2,0,0,0,0,0,0,0,0,0
54496971,6851,0,2,0,0,0,0,0,0,0,0,0
54504194,6852,0,2,0,0,0,0,0,0,0,0,0
54511418,6853,0,2,0,0,0,0,0,0,0,0,0
54518642,6854,0,2,0,0,0,0,0,0,0,0,0
54525866,6855,0,2,0,0,0,0,0,0,0,0,0
54533090,6856,0,2,0,0,0,0,0,0,0,0,0
54540314,6857,0,2,0,0,0,0,0,0,0,0,0
54547538,6858,0,2,0,0,0,0,0,0,0,0,0
54554762,6859,0,2,0,0,0,0,0,0,0,0,0
54561986,6860,0,2,0,0,0,0,0,0,0,0,0
54569211,6861,0,2,0,0,0,0,0,0,0,0,0
54576434,6862,0,2,0,0,0,0,0,0,0,0,0
54583658,6863,0,2,0,0,0,0,0,0,0,0,0
54590882,6864,0,2,0,0,0,0,0,0,0,0,0
54598106,6865,0,2,0,0,0,0,0,0,0,0,0
54605330,6866,0,2,0,0,0,0,0,0,0,0,0
54612554,6867,0,2,0,0,0,0,0,0,0,0,0
54619778,6868,0,2,0,0,0,0,0,0,0,0,0
54627002,6869,0,2,0,0,0,0,0,0,0,0,0
54634226,6870,0,2,0,0,0,0,0,0,0,0,0
54641451,6871,0,2,0,0,0,0,0,0,0,0,0
54648674,6872,0,2,0,0,0,0,0,0,0,0,0
54655898,6873,0,2,0,0,0,0,0,0,0,0,0
54663122,6874,0,2,0,0,0,0,0,0,0,0,0
54670346,6875,0,2,0,0,0,0,0,0,0,0,0
54677570,6876,0,2,0,0,0,0,0,0,0,0,0
54684794,6877,0,2,0,0,0,0,0,0,0,0,0
54692018,6878,0,2,0,0,0,0,0,0,0,0,0
54699242,6879,0,2,0,0,0,0,0,0,0,0,0
54706466,6880,0,2,0,0,0,0,0,0,0,0,0
54713691,6881,0,2,0,0,0,0,0,0,0,0,0
54720914,6882,0,2,0,0,0,0,0,0,0,0,0
54728138,6883,0,2,0,0,0,0,0,0,0,0,0
54735362,6884,0,2,0,0,0,0,0,0,0,0,0
54742586,6885,0,2,0,0,0,0,0,0,0,0,0
54749810,6886,0,2,0,0,0,0,0,0,0,0,0
54757035,6887,0,2,0,0,0,0,0,0,0,0,0
54764258,6888,0,2,0,0,0,0,0,0,0,0,0
54771482,6889,0,2,0,0,0,0,0,0,0,0,0
54778706,6890,0,2,0,0,0,0,0,0,0,0,0
54785931,6891,0,2,0,0,0,0,0,0,0,0,0
54793154,6892,0,2,0,0,0,0,0,0,0,0,0
54800378,6893,0,2,0,0,0,0,0,0,0,0,0
54807602,6894,0,2,0,0,0,0,0,0,0,0,0
54814826,6895,0,2,0,0,0,0,0,0,0,0,0
54822050,6896,0,2,0,0,0,0,0,0,0,0,0
54829274,6897,0,2,0,0,0,0,0,0,0,0,0
54836498,6898,0,2,0,0,0,0,0,0,0,0,0
54843722,6899,0,2,0,0,0,0,0,0,0,0,0
54850946,6900,0,2,0,0,0,0,0,0,0,0,0
54858171,6901,0,2,0,0,0,0,0,0,0,0,0
54865394,6902,0,2,0,0,0,0,0,0,0,0,0
54872618,6903,0,2,0,0,0,0,0,0,0,0,0
54879842,6904,0,2,0,0,0,0,0,0,0,0,0
54887066,6905,0,2,0,0,0,0,0,0,0,0,0
54894290,6906,0,2,0,0,0,0,0,0,0,0,0
54901514,6907,0,2,0,0,0,0,0,0,0,0,0
54908738,6908,0,2,0,0,0,0,0,0,0,0,0
54915962,6909,0,2,0,0,0,0,0,0,0,0,0
54923186,6910,0,2,0,0,0,0,0,0,0,0,0
54930411,6911,0,2,0,0,0,0,0,0,0,0,0
54937634,6912,0,2,0,0,0,0,0,0,0,0,0
54944858,6913,0,2,0,0,0,0,0,0,0,0,0
54952082,6914,0,2,0,0,0,0,0,0,0,0,0
54959306,6915,0,2,0,0,0,0,0,0,0,0,0
54966530,6916,0,2,0,0,0,0,0,0,0,0,0
54973754,6917,0,2,0,0,0,0,0,0,0,0,0
54980978,6918,0,2,0,0,0,0,0,0,0,0,0
54988202,6919,0,2,0,0,0,0,0,0,0,0,0
54995426,6920,0,2,0,0,0,0,0,0,0,0,0
55002651,6921,0,2,0,0,0,0,0,0,0,0,0
55009874,6922,0,2,0,0,0,0,0,0,0,0,0
55017098,6923,0,2,0,0,0,0,0,0,0,0,0
55024322,6924,0,2,0,0,0,0,0,0,0,0,0
55031546,6925,0,2,0,0,0,0,0,0,0,0,0
55038770,6926,0,2,0,0,0,0,0,0,0,0,0
55045994,6927,0,2,0,0,0,0,0,0,0,0,0
55053218,6928,0,2,0,0,0,0,0,0,0,0,0
55060442,6929,0,2,0,0,0,0,0,0,0,0,0
55067666,6930,0,2,0,0,0,0,0,0,0,0,0
55074891,6931,0,2,0,0,0,0,0,0,0,0,0
55082114,6932,0,2,0,0,0,0,0,0,0,0,0
55089338,6933,0,2,0,0,0,0,0,0,0,0,0
55096562,6934,0,2,0,0,0,0,0,0,0,0,0
55103786,6935,0,2,0,0,0,0,0,0,0,0,0
55111010,6936,0,2,0,0,0,0,0,0,0,0,0
55118234,6937,0,2,0,0,0,0,0,0,0,0,0
55125458,6938,0,2,0,0,0,0,0,0,0,0,0
55132682,6939,0,2,0,0,0,0,0,0,0,0,0
55139906,6940,0,2,0,0,0,0,0,0,0,0,0
55147131,6941,0,2,0,0,0,0,0,0,0,0,0
55154354,6942,0,2,0,0,0,0,0,0,0,0,0
55161578,6943,0,2,0,0,0,0,0,0,0,0,0
55168802,6944,0,2,0,0,0,0,0,0,0,0,0
55176026,6945,0,2,0,0,0,0,0,0,0,0,0
55183250,6946,0,2,0,0,0,0,0,0,0,0,0
55190474,6947,0,2,0,0,0,0,0,0,0,0,0
55197698,6948,0,2,0,0,0,0,0,0,0,0,0
55204922,6949,0,2,0,0,0,0,0,0,0,0,0
55212146,6950,0,2,0,0,0,0,0,0,0,0,0
55219371,6951,0,2,0,0,0,0,0,0,0,0,0
55226594,6952,0,2,0,0,0,0,0,0,0,0,0
55233818,6953,0,2,0,0,0,0,0,0,0,0,0
55241042,6954,0,2,0,0,0,0,0,0,0,0,0
55248266,6955,0,2,0,0,0,0,0,0,0,0,0
55255490,6956,0,2,0,0,0,0,0,0,0,0,0
55262714,6957,0,2,0,0,0,0,0,0,0,0,0
55269938,6958,0,2,0,0,0,0,0,0,0,0,0
55277162,6959,0,2,0,0,0,0,0,0,0,0,0
55284386,6960,0,2,0,0,0,0,0,0,0,0,0
55291611,6961,0,2,0,0,0,0,0,0,0,0,0
55298834,6962,0,2,0,0,0,0,0,0,0,0,0
55306058,6963,0,2,0,0,0,0,0,0,0,0,0
55313282,6964,0,2,0,0,0,0,0,0,0,0,0
55320506,6965,0,2,0,0,0,0,0,0,0,0,0
55327730,6966,0,2,0,0,0,0,0,0,0,0,0
55334954,6967,0,2,0,0,0,0,0,0,0,0,0
55342178,6968,0,2,0,0,0,0,0,0,0,0,0
55349402,6969,0,2,0,0,0,0,0,0,0,0,0
55356626,6970,0,2,0,0,0,0,0,0,0,0,0
55363851,6971,0,2,0,0,0,0,0,0,0,0,0
55371075,6972,0,2,0,0,0,0,0,0,0,0,0
55378298,6973,0,2,0,0,0,0,0,0,0,0,0
55385522,6974,0,2,0,0,0,0,0,0,0,0,0
55392746,6975,0,2,0,0,0,0,0,0,0,0,0
55399970,6976,0,2,0,0,0,0,0,0,0,0,0
55407194,6977,0,2,0,0,0,0,0,0,0,0,0
55414418,6978,0,2,0,0,0,0,0,0,0,0,0
55421642,6979,0,2,0,0,0,0,0,0,0,0,0
55428866,6980,0,2,0,0,0,0,0,0,0,0,0
55436091,6981,0,2,0,0,0,0,0,0,0,0,0
55443314,6982,0,2,0,0,0,0,0,0,0,0,0
55450538,6983,0,2,0,0,0,0,0,0,0,0,0
55457762,6984,0,2,0,0,0,0,0,0,0,0,0
55464986,6985,0,2,0,0,0,0,0,0,0,0,0
55472210,6986,0,2,0,0,0,0,0,0,0,0,0
55479434,6987,0,2,0,0,0,0,0,0,0,0,0
55486658,6988,0,2,0,0,0,0,0,0,0,0,0
55493882,6989,0,2,0,0,0,0,0,0,0,0,0
55501106,6990,0,2,0,0,0,0,0,0,0,0,0
55508331,6991,0,2,0,0,0,0,0,0,0,0,0
55515554,6992,0,2,0,0,0,0,0,0,0,0,0
55522778,6993,0,2,0,0,0,0,0,0,0,0,0
55530002,6994,0,2,0,0,0,0,0,0,0,0,0
55537226,6995,0,2,0,0,0,0,0,0,0,0,0
55544450,6996,0,2,0,0,0,0,0,0,0,0,0
55551674,6997,0,2,0,0,0,0,0,0,0,0,0
55558898,6998,0,2,0,0,0,0,0,0,0,0,0
55566122,6999,0,2,0,0,0,0,0,0,0,0,0
55573346,7000,0,2,0,0,0,0,0,0,0,0,0
55580571,7001,0,2,0,0,0,0,0,0,0,0,0
55587794,7002,0,2,0,0,0,0,0,0,0,0,0
55595018,7003,0,2,0,0,0,0,0,0,0,0,0
55602242,7004,0,2,0,0,0,0,0,0,0,0,0
55609466,7005,0,2,0,0,0,0,0,0,0,0,0
55616690,7006,0,2,0,0,0,0,0,0,0,0,0
55623914,7007,0,2,0,0,0,0,0,0,0,0,0
55631138,7008,0,2,0,0,0,0,0,0,0,0,0
55638362,7009,0,2,0,0,0,0,0,0,0,0,0
55645586,7010,0,2,0,0,0,0,0,0,0,0,0
55652811,7011,0,2,0,0,0,0,0,0,0,0,0
55660034,7012,0,2,0,0,0,0,0,0,0,0,0
55667258,7013,0,2,0,0,0,0,0,0,0,0,0
55674482,7014,0,2,0,0,0,0,0,0,0,0,0
55681706,7015,0,2,0,0,0,0,0,0,0,0,0
55688930,7016,0,2,0,0,0,0,0,0,0,0,0
55696154,7017,0,2,0,0,0,0,0,0,0,0,0
55703378,7018,0,2,0,0,0,0,0,0,0,0,0
55710602,7019,0,2,0,0,0,0,0,0,0,0,0
55717826,7020,0,2,0,0,0,0,0,0,0,0,0
55725051,7021,0,2,0,0,0,0,0,0,0,0,0
55732274,7022,0,2,0,0,0,0,0,0,0,0,0
55739498,7023,0,2,0,0,0,0,0,0,0,0,0
55746722,7024,0,2,0,0,0,0,0,0,0,0,0
55753946,7025,0,2,0,0,0,0,0,0,0,0,0
55761170,7026,0,2,0,0,0,0,0,0,0,0,0
55768394,7027,0,2,0,0,0,0,0,0,0,0,0
55775618,7028,0,2,0,0,0,0,0,0,0,0,0
55782842,7029,0,2,0,0,0,0,0,0,0,0,0
55790066,7030,0,2,0,0,0,0,0,0,0,0,0
55797291,7031,0,2,0,0,0,0,0,0,0,0,0
55804514,7032,0,2,0,0,0,0,0,0,0,0,0
55811738,7033,0,2,0,0,0,0,0,0,0,0,0
55818962,7034,0,2,0,0,0,0,0,0,0,0,0
55826186,7035,0,2,0,0,0,0,0,0,0,0,0
55833410,7036,0,2,0,0,0,0,0,0,0,0,0
55840634,7037,0,2,0,0,0,0,0,0,0,0,0
55854204,7038,0,2,0,0,0,0,0,0,0,0,0
55861416,7039,0,2,0,0,0,0,0,0,0,0,0
55868640,7040,0,2,0,0,0,0,0,0,0,0,0
55875865,7041,0,2,0,0,0,0,0,0,0,0,0
55883088,7042,0,2,0,0,0,0,0,0,0,0,0
55890312,7043,0,2,0,0,0,0,0,0,0,0,0
55897536,7044,0,2,0,0,0,0,0,0,0,0,0
55904760,7045,0,2,0,0,0,0,0,0,0,0,0
55911984,7046,0,2,0,0,0,0,0,0,0,0,0
55919208,7047,0,2,0,0,0,0,0,0,0,0,0
55926432,7048,0,2,0,0,0,0,0,0,0,0,0
55933656,7049,0,2,0,0,0,0,0,0,0,0,0
55940880,7050,0,2,0,0,0,0,0,0,0,0,0
55948105,7051,0,2,0,0,0,0,0,0,0,0,0
55955328,7052,0,2,0,0,0,0,0,0,0,0,0
55962552,7053,0,2,0,0,0,0,0,0,0,0,0
55969776,7054,0,2,0,0,0,0,0,0,0,0,0
55977000,7055,0,2,0,0,0,0,0,0,0,0,0
55984224,7056,0,2,0,0,0,0,0,0,0,0,0
55991448,7057,0,2,0,0,0,0,0,0,0,0,0
55998672,7058,0,2,0,0,0,0,0,0,0,0,0
56005896,7059,0,2,0,0,0,0,0,0,0,0,0
56013120,7060,0,2,0,0,0,0,0,0,0,0,0
56020345,7061,0,2,0,0,0,0,0,0,0,0,0
56027568,7062,0,2,0,0,0,0,0,0,0,0,0
56034792,7063,0,2,0,0,0,0,0,0,0,0,0
56042016,7064,0,2,0,0,0,0,0,0,0,0,0
56049240,7065,0,2,0,0,0,0,0,0,0,0,0
56056464,7066,0,2,0,0,0,0,0,0,0,0,0
56063688,7067,0,2,0,0,0,0,0,0,0,0,0
56070912,7068,0,2,0,0,0,0,0,0,0,0,0
56078136,7069,0,2,0,0,0,0,0,0,0,0,0
56085360,7070,0,2,0,0,0,0,0,0,0,0,0
56092585,7071,0,2,0,0,0,0,0,0,0,0,0
56099808,7072,0,2,0,0,0,0,0,0,0,0,0
56107032,7073,0,2,0,0,0,0,0,0,0,0,0
56114256,7074,0,2,0,0,0,0,0,0,0,0,0
56121480,7075,0,2,0,0,0,0,0,0,0,0,0
56128704,7076,0,2,0,0,0,0,0,0,0,0,0
56135928,7077,0,2,0,0,0,0,0,0,0,0,0
56143152,7078,0,2,0,0,0,0,0,0,0,0,0
56150376,7079,0,2,0,0,0,0,0,0,0,0,0
56157600,7080,0,2,0,0,0,0,0,0,0,0,0
56164825,7081,0,2,0,0,0,0,0,0,0,0,0
56172048,7082,0,2,0,0,0,0,0,0,0,0,0
56179272,7083,0,2,0,0,0,0,0,0,0,0,0
56186496,7084,0,2,0,0,0,0,0,0,0,0,0
56193720,7085,0,2,0,0,0,0,0,0,0,0,0
56200944,7086,0,2,0,0,0,0,0,0,0,0,0
56208168,7087,0,2,0,0,0,0,0,0,0,0,0
56215392,7088,0,2,0,0,0,0,0,0,0,0,0
56222616,7089,0,2,0,0,0,0,0,0,0,0,0
56229840,7090,0,2,0,0,0,0,0,0,0,0,0
56237065,7091,0,2,0,0,0,0,0,0,0,0,0
56244288,7092,0,2,0,0,0,0,0,0,0,0,0
56251512,7093,0,2,0,0,0,0,0,0,0,0,0
56258736,7094,0,2,0,0,0,0,0,0,0,0,0
56265960,7095,0,2,0,0,0,0,0,0,0,0,0
56273185,7096,0,2,0,0,0,0,0,0,0,0,0
56280408,7097,0,2,0,0,0,0,0,0,0,0,0
56287632,7098,0,2,0,0,0,0,0,0,0,0,0
56294856,7099,0,2,0,0,0,0,0,0,0,0,0
56302080,7100,0,2,0,0,0,0,0,0,0,0,0
56309305,7101,0,2,0,0,0,0,0,0,0,0,0
56316528,7102,0,2,0,0,0,0,0,0,0,0,0
56323752,7103,0,2,0,0,0,0,0,0,0,0,0
56330976,7104,0,2,0,0,0,0,0,0,0,0,0
56338200,7105,0,2,0,0,0,0,0,0,0,0,0
56345424,7106,0,2,0,0,0,0,0,0,0,0,0
56352648,7107,0,2,0,0,0,0,0,0,0,0,0
56359872,7108,0,2,0,0,0,0,0,0,0,0,0
56367096,7109,0,2,0,0,0,0,0,0,0,0,0
56374320,7110,0,2,0,0,0,0,0,0,0,0,0
56381545,7111,0,2,0,0,0,0,0,0,0,0,0
56388768,7112,0,2,0,0,0,0,0,0,0,0,0
56395992,7113,0,2,0,0,0,0,0,0,0,0,0
56403216,7114,0,2,0,0,0,0,0,0,0,0,0
56410440,7115,0,2,0,0,0,0,0,0,0,0,0
56417664,7116,0,2,0,0,0,0,0,0,0,0,0
56424888,7117,0,2,0,0,0,0,0,0,0,0,0
56432112,7118,0,2,0,0,0,0,0,0,0,0,0
56439336,7119,0,2,0,0,0,0,0,0,0,0,0
56446560,7120,0,2,0,0,0,0,0,0,0,0,0
56453785,7121,0,2,0,0,0,0,0,0,0,0,0
56461008,7122,0,2,0,0,0,0,0,0,0,0,0
56468232,7123,0,2,0,0,0,0,0,0,0,0,0
56475456,7124,0,2,0,0,0,0,0,0,0,0,0
56482680,7125,0,2,0,0,0,0,0,0,0,0,0
56489904,7126,0,2,0,0,0,0,0,0,0,0,0
56497128,7127,0,2,0,0,0,0,0,0,0,0,0
56504352,7128,0,2,0,0,0,0,0,0,0,0,0
56511576,7129,0,2,0,0,0,0,0,0,0,0,0
56518800,7130,0,2,0,0,0,0,0,0,0,0,0
56526025,7131,0,2,0,0,0,0,0,0,0,0,0
56533248,7132,0,2,0,0,0,0,0,0,0,0,0
56540472,7133,0,2,0,0,0,0,0,0,0,0,0
56547696,7134,0,2,0,0,0,0,0,0,0,0,0
56554920,7135,0,2,0,0,0,0,0,0,0,0,0
56562144,7136,0,2,0,0,0,0,0,0,0,0,0
56569368,7137,0,2,0,0,0,0,0,0,0,0,0
56576592,7138,0,2,0,0,0,0,0,0,0,0,0
56583816,7139,0,2,0,0,0,0,0,0,0,0,0
56591040,7140,0,2,0,0,0,0,0,0,0,0,0
56598265,7141,0,2,0,0,0,0,0,0,0,0,0
56605488,7142,0,2,0,0,0,0,0,0,0,0,0
56612712,7143,0,2,0,0,0,0,0,0,0,0,0
56619936,7144,0,2,0,0,0,0,0,0,0,0,0
56627160,7145,0,2,0,0,0,0,0,0,0,0,0
56634384,7146,0,2,0,0,0,0,0,0,0,0,0
56641608,7147,0,2,0,0,0,0,0,0,0,0,0
56648832,7148,0,2,0,0,0,0,0,0,0,0,0
56656056,7149,0,2,0,0,0,0,0,0,0,0,0
56663280,7150,0,2,0,0,0,0,0,0,0,0,0
56670505,7151,0,2,0,0,0,0,0,0,0,0,0
56677728,7152,0,2,0,0,0,0,0,0,0,0,0
56684952,7153,0,2,0,0,0,0,0,0,0,0,0
56692176,7154,0,2,0,0,0,0,0,0,0,0,0
56699400,7155,0,2,0,0,0,0,0,0,0,0,0
56706624,7156,0,2,0,0,0,0,0,0,0,0,0
56713848,7157,0,2,0,0,0,0,0,0,0,0,0
56721072,7158,0,2,0,0,0,0,0,0,0,0,0
56728296,7159,0,2,0,0,0,0,0,0,0,0,0
56735520,7160,0,2,0,0,0,0,0,0,0,0,0
56742745,7161,0,2,0,0,0,0,0,0,0,0,0
56749968,7162,0,2,0,0,0,0,0,0,0,0,0
56757192,7163,0,2,0,0,0,0,0,0,0,0,0
56764416,7164,0,2,0,0,0,0,0,0,0,0,0
56771640,7165,0,2,0,0,0,0,0,0,0,0,0
56778864,7166,0,2,0,0,0,0,0,0,0,0,0
56786088,7167,0,2,0,0,0,0,0,0,0,0,0
56793312,7168,0,2,0,0,0,0,0,0,0,0,0
56800536,7169,0,2,0,0,0,0,0,0,0,0,0
56807760,7170,0,2,0,0,0,0,0,0,0,0,0
56814985,7171,0,2,0,0,0,0,0,0,0,0,0
56822208,7172,0,2,0,0,0,0,0,0,0,0,0
56829432,7173,0,2,0,0,0,0,0,0,0,0,0
56836656,7174,0,2,0,0,0,0,0,0,0,0,0
56843880,7175,0,2,0,0,0,0,0,0,0,0,0
56851104,7176,0,2,0,0,0,0,0,0,0,0,0
56858328,7177,0,2,0,0,0,0,0,0,0,0,0
56865552,7178,0,2,0,0,0,0,0,0,0,0,0
56872776,7179,0,2,0,0,0,0,0,0,0,0,0
56880000,7180,0,2,0,0,0,0,0,0,0,0,0
56887225,7181,0,2,0,0,0,0,0,0,0,0,0
56894448,7182,0,2,0,0,0,0,0,0,0,0,0
56901672,7183,0,2,0,0,0,0,0,0,0,0,0
56908896,7184,0,2,0,0,0,0,0,0,0,0,0
56916120,7185,0,2,0,0,0,0,0,0,0,0,0
56923344,7186,0,2,0,0,0,0,0,0,0,0,0
56930568,7187,0,2,0,0,0,0,0,0,0,0,0
56937792,7188,0,2,0,0,0,0,0,0,0,0,0
56945016,7189,0,2,0,0,0,0,0,0,0,0,0
56952240,7190,0,2,0,0,0,0,0,0,0,0,0
56959465,7191,0,2,0,0,0,0,0,0,0,0,0
56966688,7192,0,2,0,0,0,0,0,0,0,0,0
56973912,7193,0,2,0,0,0,0,0,0,0,0,0
56981136,7194,0,2,0,0,0,0,0,0,0,0,0
56988360,7195,0,2,0,0,0,0,0,0,0,0,0
56995584,7196,0,2,0,0,0,0,0,0,0,0,0
57002808,7197,0,2,0,0,0,0,0,0,0,0,0
57010032,7198,0,2,0,0,0,0,0,0,0,0,0
57017256,7199,0,2,0,0,0,0,0,0,0,0,0
57024480,7200,0,2,0,0,0,0,0,0,0,0,0
57031705,7201,0,2,0,0,0,0,0,0,0,0,0
57038928,7202,0,2,0,0,0,0,0,0,0,0,0
57046152,7203,0,2,0,0,0,0,0,0,0,0,0
57053376,7204,0,2,0,0,0,0,0,0,0,0,0
57060600,7205,0,2,0,0,0,0,0,0,0,0,0
57067824,7206,0,2,0,0,0,0,0,0,0,0,0
57075048,7207,0,2,0,0,0,0,0,0,0,0,0
57082272,7208,0,2,0,0,0,0,0,0,0,0,0
57089496,7209,0,2,0,0,0,0,0,0,0,0,0
57096720,7210,0,2,0,0,0,0,0,0,0,0,0
57103945,7211,0,2,0,0,0,0,0,0,0,0,0
57111168,7212,0,2,0,0,0,0,0,0,0,0,0
57118392,7213,0,2,0,0,0,0,0,0,0,0,0
57125616,7214,0,2,0,0,0,0,0,0,0,0,0
57132840,7215,0,2,0,0,0,0,0,0,0,0,0
57140064,7216,0,2,0,0,0,0,0,0,0,0,0
57147288,7217,0,2,0,0,0,0,0,0,0,0,0
57154512,7218,0,2,0,0,0,0,0,0,0,0,0
57161736,7219,0,2,0,0,0,0,0,0,0,0,0
57168960,7220,0,2,0,0,0,0,0,0,0,0,0
57176185,7221,0,2,0,0,0,0,0,0,0,0,0
57183408,7222,0,2,0,0,0,0,0,0,0,0,0
57190632,7223,0,2,0,0,0,0,0,0,0,0,0
57197856,7224,0,2,0,0,0,0,0,0,0,0,0
57205080,7225,0,2,0,0,0,0,0,0,0,0,0
57212304,7226,0,2,0,0,0,0,0,0,0,0,0
57219528,7227,0,2,0,0,0,0,0,0,0,0,0
57226752,7228,0,2,0,0,0,0,0,0,0,0,0
57233976,7229,0,2,0,0,0,0,0,0,0,0,0
57241200,7230,0,2,0,0,0,0,0,0,0,0,0
57248425,7231,0,2,0,0,0,0,0,0,0,0,0
57255648,7232,0,2,0,0,0,0,0,0,0,0,0
57262872,7233,0,2,0,0,0,0,0,0,0,0,0
57270096,7234,0,2,0,0,0,0,0,0,0,0,0
57277320,7235,0,2,0,0,0,0,0,0,0,0,0
57284544,7236,0,2,0,0,0,0,0,0,0,0,0
57291768,7237,0,2,0,0,0,0,0,0,0,0,0
57298992,7238,0,2,0,0,0,0,0,0,0,0,0
57306216,7239,0,2,0,0,0,0,0,0,0,0,0
57313440,7240,0,2,0,0,0,0,0,0,0,0,0
57320665,7241,0,2,0,0,0,0,0,0,0,0,0
57327888,7242,0,2,0,0,0,0,0,0,0,0,0
57335112,7243,0,2,0,0,0,0,0,0,0,0,0
57342336,7244,0,2,0,0,0,0,0,0,0,0,0
57349560,7245,0,2,0,0,0,0,0,0,0,0,0
57356784,7246,0,2,0,0,0,0,0,0,0,0,0
57364008,7247,0,2,0,0,0,0,0,0,0,0,0
57371232,7248,0,2,0,0,0,0,0,0,0,0,0
57378456,7249,0,2,0,0,0,0,0,0,0,0,0
57385680,7250,0,2,0,0,0,0,0,0,0,0,0
57392905,7251,0,2,0,0,0,0,0,0,0,0,0
57400128,7252,0,2,0,0,0,0,0,0,0,0,0
57407352,7253,0,2,0,0,0,0,0,0,0,0,0
57414576,7254,0,2,0,0,0,0,0,0,0,0,0
57421800,7255,0,2,0,0,0,0,0,0,0,0,0
57429024,7256,0,2,0,0,0,0,0,0,0,0,0
57436248,7257,0,2,0,0,0,0,0,0,0,0,0
57443472,7258,0,2,0,0,0,0,0,0,0,0,0
57450696,7259,0,2,0,0,0,0,0,0,0,0,0
57457920,7260,0,2,0,0,0,0,0,0,0,0,0
57465145,7261,0,2,0,0,0,0,0,0,0,0,0
57472368,7262,0,2,0,0,0,0,0,0,0,0,0
57479592,7263,0,2,0,0,0,0,0,0,0,0,0
57486816,7264,0,2,0,0,0,0,0,0,0,0,0
57498691,7265,0,2,0,0,0,0,0,0,0,0,0
57505903,7266,0,2,0,0,0,0,0,0,0,0,0
57513127,7267,0,2,0,0,0,0,0,0,0,0,0
57520351,7268,0,2,0,0,0,0,0,0,0,0,0
57527575,7269,0,2,0,0,0,0,0,0,0,0,0
57534799,7270,0,2,0,0,0,0,0,0,0,0,0
57542024,7271,0,2,0,0,0,0,0,0,0,0,0
57549247,7272,0,2,0,0,0,0,0,0,0,0,0
57556471,7273,0,2,0,0,0,0,0,0,0,0,0
57563695,7274,0,2,0,0,0,0,0,0,0,0,0
57570919,7275,0,2,0,0,0,0,0,0,0,0,0
57578144,7276,0,2,0,0,0,0,0,0,0,0,0
57585367,7277,0,2,0,0,0,0,0,0,0,0,0
57592591,7278,0,2,0,0,0,0,0,0,0,0,0
57599815,7279,0,2,0,0,0,0,0,0,0,0,0
57607039,7280,0,2,0,0,0,0,0,0,0,0,0
57614264,7281,0,2,0,0,0,0,0,0,0,0,0
57621487,7282,0,2,0,0,0,0,0,0,0,0,0
57628711,7283,0,2,0,0,0,0,0,0,0,0,0
57635935,7284,0,2,0,0,0,0,0,0,0,0,0
57643159,7285,0,2,0,0,0,0,0,0,0,0,0
57650383,7286,0,2,0,0,0,0,0,0,0,0,0
57657607,7287,0,2,0,0,0,0,0,0,0,0,0
57664831,7288,0,2,0,0,0,0,0,0,0,0,0
57672055,7289,0,2,0,0,0,0,0,0,0,0,0
57679279,7290,0,2,0,0,0,0,0,0,0,0,0
57686504,7291,0,2,0,0,0,0,0,0,0,0,0
57693727,7292,0,2,0,0,0,0,0,0,0,0,0
57700951,7293,0,2,0,0,0,0,0,0,0,0,0
57708175,7294,0,2,0,0,0,0,0,0,0,0,0
57715399,7295,0,2,0,0,0,0,0,0,0,0,0
57722623,7296,0,2,0,0,0,0,0,0,0,0,0
57729847,7297,0,2,0,0,0,0,0,0,0,0,0
57737071,7298,0,2,0,0,0,0,0,0,0,0,0
57744295,7299,0,2,0,0,0,0,0,0,0,0,0
57751519,7300,0,2,0,0,0,0,0,0,0,0,0
57758744,7301,0,2,0,0,0,0,0,0,0,0,0
57765967,7302,0,2,0,0,0,0,0,0,0,0,0
57773191,7303,0,2,0,0,0,0,0,0,0,0,0
57780415,7304,0,2,0,0,0,0,0,0,0,0,0
57787639,7305,0,2,0,0,0,0,0,0,0,0,0
57794863,7306,0,2,0,0,0,0,0,0,0,0,0
57802087,7307,0,2,0,0,0,0,0,0,0,0,0
57809311,7308,0,2,0,0,0,0,0,0,0,0,0
57816535,7309,0,2,0,0,0,0,0,0,0,0,0
57823759,7310,0,2,0,0,0,0,0,0,0,0,0
57830984,7311,0,2,0,0,0,0,0,0,0,0,0
57838207,7312,0,2,0,0,0,0,0,0,0,0,0
57845431,7313,0,2,0,0,0,0,0,0,0,0,0
57852655,7314,0,2,0,0,0,0,0,0,0,0,0
57859879,7315,0,2,0,0,0,0,0,0,0,0,0
57867103,7316,0,2,0,0,0,0,0,0,0,0,0
57874327,7317,0,2,0,0,0,0,0,0,0,0,0
57881551,7318,0,2,0,0,0,0,0,0,0,0,0
57888775,7319,0,2,0,0,0,0,0,0,0,0,0
57895999,7320,0,2,0,0,0,0,0,0,0,0,0
57903224,7321,0,2,0,0,0,0,0,0,0,0,0
57910447,7322,0,2,0,0,0,0,0,0,0,0,0
57917671,7323,0,2,0,0,0,0,0,0,0,0,0
57924895,7324,0,2,0,0,0,0,0,0,0,0,0
57932119,7325,0,2,0,0,0,0,0,0,0,0,0
57939343,7326,0,2,0,0,0,0,0,0,0,0,0
57946567,7327,0,2,0,0,0,0,0,0,0,0,0
57953791,7328,0,2,0,0,0,0,0,0,0,0,0
57961015,7329,0,2,0,0,0,0,0,0,0,0,0
57968239,7330,0,2,0,0,0,0,0,0,0,0,0
57975464,7331,0,2,0,0,0,0,0,0,0,0,0
57982687,7332,0,2,0,0,0,0,0,0,0,0,0
57989911,7333,0,2,0,0,0,0,0,0,0,0,0
57997135,7334,0,2,0,0,0,0,0,0,0,0,0
58004359,7335,0,2,0,0,0,0,0,0,0,0,0
58011583,7336,0,2,0,0,0,0,0,0,0,0,0
58018807,7337,0,2,0,0,0,0,0,0,0,0,0
58026031,7338,0,2,0,0,0,0,0,0,0,0,0
58033255,7339,0,2,0,0,0,0,0,0,0,0,0
58040479,7340,0,2,0,0,0,0,0,0,0,0,0
58047704,7341,0,2,0,0,0,0,0,0,0,0,0
58054927,7342,0,2,0,0,0,0,0,0,0,0,0
58062151,7343,0,2,0,0,0,0,0,0,0,0,0
58069375,7344,0,2,0,0,0,0,0,0,0,0,0
58076599,7345,0,2,0,0,0,0,0,0,0,0,0
58083823,7346,0,2,0,0,0,0,0,0,0,0,0
58091047,7347,0,2,0,0,0,0,0,0,0,0,0
58098271,7348,0,2,0,0,0,0,0,0,0,0,0
58105495,7349,0,2,0,0,0,0,0,0,0,0,0
58112719,7350,0,2,0,0,0,0,0,0,0,0,0
58119944,7351,0,2,0,0,0,0,0,0,0,0,0
58127167,7352,0,2,0,0,0,0,0,0,0,0,0
58134391,7353,0,2,0,0,0,0,0,0,0,0,0
58141615,7354,0,2,0,0,0,0,0,0,0,0,0
58148839,7355,0,2,0,0,0,0,0,0,0,0,0
58156063,7356,0,2,0,0,0,0,0,0,0,0,0
58163287,7357,0,2,0,0,0,0,0,0,0,0,0
58170511,7358,0,2,0,0,0,0,0,0,0,0,0
58177735,7359,0,2,0,0,0,0,0,0,0,0,0
58184959,7360,0,2,0,0,0,0,0,0,0,0,0
58192184,7361,0,2,0,0,0,0,0,0,0,0,0
58199407,7362,0,2,0,0,0,0,0,0,0,0,0
58206631,7363,0,2,0,0,0,0,0,0,0,0,0
58213855,7364,0,2,0,0,0,0,0,0,0,0,0
58221079,7365,0,2,0,0,0,0,0,0,0,0,0
58228303,7366,0,2,0,0,0,0,0,0,0,0,0
58235527,7367,0,2,0,0,0,0,0,0,0,0,0
58242751,7368,0,2,0,0,0,0,0,0,0,0,0
58249975,7369,0,2,0,0,0,0,0,0,0,0,0
58257199,7370,0,2,0,0,0,0,0,0,0,0,0
58264424,7371,0,2,0,0,0,0,0,0,0,0,0
58271647,7372,0,2,0,0,0,0,0,0,0,0,0
58278871,7373,0,2,0,0,0,0,0,0,0,0,0
58286095,7374,0,2,0,0,0,0,0,0,0,0,0
58293319,7375,0,2,0,0,0,0,0,0,0,0,0
58300543,7376,0,2,0,0,0,0,0,0,0,0,0
58307767,7377,0,2,0,0,0,0,0,0,0,0,0
58314991,7378,0,2,0,0,0,0,0,0,0,0,0
58322215,7379,0,2,0,0,0,0,0,0,0,0,0
58329439,7380,0,2,0,0,0,0,0,0,0,0,0
58336664,7381,0,2,0,0,0,0,0,0,0,0,0
58343887,7382,0,2,0,0,0,0,0,0,0,0,0
58351111,7383,0,2,0,0,0,0,0,0,0,0,0
58358335,7384,0,2,0,0,0,0,0,0,0,0,0
58365559,7385,0,2,0,0,0,0,0,0,0,0,0
58372783,7386,0,2,0,0,0,0,0,0,0,0,0
58380007,7387,0,2,0,0,0,0,0,0,0,0,0
58387231,7388,0,2,0,0,0,0,0,0,0,0,0
58394455,7389,0,2,0,0,0,0,0,0,0,0,0
58401679,7390,0,2,0,0,0,0,0,0,0,0,0
58408904,7391,0,2,0,0,0,0,0,0,0,0,0
58416127,7392,0,2,0,0,0,0,0,0,0,0,0
58423351,7393,0,2,0,0,0,0,0,0,0,0,0
58430575,7394,0,2,0,0,0,0,0,0,0,0,0
58437799,7395,0,2,0,0,0,0,0,0,0,0,0
58445024,7396,0,2,0,0,0,0,0,0,0,0,0
58452247,7397,0,2,0,0,0,0,0,0,0,0,0
58459471,7398,0,2,0,0,0,0,0,0,0,0,0
58466695,7399,0,2,0,0,0,0,0,0,0,0,0
58473919,7400,0,2,0,0,0,0,0,0,0,0,0
58481144,7401,0,2,0,0,0,0,0,0,0,0,0
58488367,7402,0,2,0,0,0,0,0,0,0,0,0
58495591,7403,0,2,0,0,0,0,0,0,0,0,0
58502815,7404,0,2,0,0,0,0,0,0,0,0,0
58510039,7405,0,2,0,0,0,0,0,0,0,0,0
58517263,7406,0,2,0,0,0,0,0,0,0,0,0
58524487,7407,0,2,0,0,0,0,0,0,0,0,0
58531711,7408,0,2,0,0,0,0,0,0,0,0,0
58538935,7409,0,2,0,0,0,0,0,0,0,0,0
58546159,7410,0,2,0,0,0,0,0,0,0,0,0
58553384,7411,0,2,0,0,0,0,0,0,0,0,0
58560607,7412,0,2,0,0,0,0,0,0,0,0,0
58567831,7413,0,2,0,0,0,0,0,0,0,0,0
58575055,7414,0,2,0,0,0,0,0,0,0,0,0
58582279,7415,0,2,0,0,0,0,0,0,0,0,0
58589503,7416,0,2,0,0,0,0,0,0,0,0,0
58596727,7417,0,2,0,0,0,0,0,0,0,0,0
58603951,7418,0,2,0,0,0,0,0,0,0,0,0
58611175,7419,0,2,0,0,0,0,0,0,0,0,0
58618399,7420,0,2,0,0,0,0,0,0,0,0,0
58625624,7421,0,2,0,0,0,0,0,0,0,0,0
58632847,7422,0,2,0,0,0,0,0,0,0,0,0
58640071,7423,0,2,0,0,0,0,0,0,0,0,0
58647295,7424,0,2,0,0,0,0,0,0,0,0,0
58654519,7425,0,2,0,0,0,0,0,0,0,0,0
58661743,7426,0,2,0,0,0,0,0,0,0,0,0
58668967,7427,0,2,0,0,0,0,0,0,0,0,0
58676191,7428,0,2,0,0,0,0,0,0,0,0,0
58683415,7429,0,2,0,0,0,0,0,0,0,0,0
58690639,7430,0,2,0,0,0,0,0,0,0,0,0
58697864,7431,0,2,0,0,0,0,0,0,0,0,0
58705087,7432,0,2,0,0,0,0,0,0,0,0,0
58712311,7433,0,2,0,0,0,0,0,0,0,0,0
58719535,7434,0,2,0,0,0,0,0,0,0,0,0
58726759,7435,0,2,0,0,0,0,0,0,0,0,0
58733983,7436,0,2,0,0,0,0,0,0,0,0,0
58741207,7437,0,2,0,0,0,0,0,0,0,0,0
58748431,7438,0,2,0,0,0,0,0,0,0,0,0
58755655,7439,0,2,0,0,0,0,0,0,0,0,0
58762879,7440,0,2,0,0,0,0,0,0,0,0,0
58770104,7441,0,2,0,0,0,0,0,0,0,0,0
58777327,7442,0,2,0,0,0,0,0,0,0,0,0
58784551,7443,0,2,0,0,0,0,0,0,0,0,0
58791775,7444,0,2,0,0,0,0,0,0,0,0,0
58798999,7445,0,2,0,0,0,0,0,0,0,0,0
58806223,7446,0,2,0,0,0,0,0,0,0,0,0
58813447,7447,0,2,0,0,0,0,0,0,0,0,0
58820671,7448,0,2,0,0,0,0,0,0,0,0,0
58827895,7449,0,2,0,0,0,0,0,0,0,0,0
58835119,7450,0,2,0,0,0,0,0,0,0,0,0
58842344,7451,0,2,0,0,0,0,0,0,0,0,0
58849567,7452,0,2,0,0,0,0,0,0,0,0,0
58856791,7453,0,2,0,0,0,0,0,0,0,0,0
58864015,7454,0,2,0,0,0,0,0,0,0,0,0
58871239,7455,0,2,0,0,0,0,0,0,0,0,0
58878463,7456,0,2,0,0,0,0,0,0,0,0,0
58885687,7457,0,2,0,0,0,0,0,0,0,0,0
58892911,7458,0,2,0,0,0,0,0,0,0,0,0
58900135,7459,0,2,0,0,0,0,0,0,0,0,0
58907359,7460,0,2,0,0,0,0,0,0,0,0,0
58914584,7461,0,2,0,0,0,0,0,0,0,0,0
58921807,7462,0,2,0,0,0,0,0,0,0,0,0
58929031,7463,0,2,0,0,0,0,0,0,0,0,0
58936255,7464,0,2,0,0,0,0,0,0,0,0,0
58943479,7465,0,2,0,0,0,0,0,0,0,0,0
58950703,7466,0,2,0,0,0,0,0,0,0,0,0
58957927,7467,0,2,0,0,0,0,0,0,0,0,0
58965151,7468,0,2,0,0,0,0,0,0,0,0,0
58972375,7469,0,2,0,0,0,0,0,0,0,0,0
58979599,7470,0,2,0,0,0,0,0,0,0,0,0
58986824,7471,0,2,0,0,0,0,0,0,0,0,0
58994047,7472,0,2,0,0,0,0,0,0,0,0,0
59001271,7473,0,2,0,0,0,0,0,0,0,0,0
59008495,7474,0,2,0,0,0,0,0,0,0,0,0
59015719,7475,0,2,0,0,0,0,0,0,0,0,0
59022943,7476,0,2,0,0,0,0,0,0,0,0,0
59030167,7477,0,2,0,0,0,0,0,0,0,0,0
59037391,7478,0,2,0,0,0,0,0,0,0,0,0
59044615,7479,0,2,0,0,0,0,0,0,0,0,0
59051839,7480,0,2,0,0,0,0,0,0,0,0,0
59059064,7481,0,2,0,0,0,0,0,0,0,0,0
59066287,7482,0,2,0,0,0,0,0,0,0,0,0
59073511,7483,0,2,0,0,0,0,0,0,0,0,0
59080735,7484,0,2,0,0,0,0,0,0,0,0,0
59087959,7485,0,2,0,0,0,0,0,0,0,0,0
59095183,7486,0,2,0,0,0,0,0,0,0,0,0
59102407,7487,0,2,0,0,0,0,0,0,0,0,0
59109631,7488,0,2,0,0,0,0,0,0,0,0,0
59116855,7489,0,2,0,0,0,0,0,0,0,0,0
59124079,7490,0,2,0,0,0,0,0,0,0,0,0
59131304,7491,0,2,0,0,0,0,0,0,0,0,0
59145143,7492,0,2,0,0,0,0,0,0,0,0,0
59152355,7493,0,2,0,0,0,0,0,0,0,0,0
59159579,7494,0,2,0,0,0,0,0,0,0,0,0
59166803,7495,0,2,0,0,0,0,0,0,0,0,0
59174027,7496,0,2,0,0,0,0,0,0,0,0,0
59181251,7497,0,2,0,0,0,0,0,0,0,0,0
59188475,7498,0,2,0,0,0,0,0,0,0,0,0
59195699,7499,0,2,0,0,0,0,0,0,0,0,0
59202923,7500,0,2,0,0,0,0,0,0,0,0,0
59210148,7501,0,2,0,0,0,0,0,0,0,0,0
59217371,7502,0,2,0,0,0,0,0,0,0,0,0
59224595,7503,0,2,0,0,0,0,0,0,0,0,0
59231819,7504,0,2,0,0,0,0,0,0,0,0,0
59239043,7505,0,2,0,0,0,0,0,0,0,0,0
59246267,7506,0,2,0,0,0,0,0,0,0,0,0
59253491,7507,0,2,0,0,0,0,0,0,0,0,0
59260715,7508,0,2,0,0,0,0,0,0,0,0,0
59267939,7509,0,2,0,0,0,0,0,0,0,0,0
59275163,7510,0,2,0,0,0,0,0,0,0,0,0
59282388,7511,0,2,0,0,0,0,0,0,0,0,0
59289611,7512,0,2,0,0,0,0,0,0,0,0,0
59296835,7513,0,2,0,0,0,0,0,0,0,0,0
59304060,7514,0,2,0,0,0,0,0,0,0,0,0
59311283,7515,0,2,0,0,0,0,0,0,0,0,0
59318508,7516,0,2,0,0,0,0,0,0,0,0,0
59325731,7517,0,2,0,0,0,0,0,0,0,0,0
59332955,7518,0,2,0,0,0,0,0,0,0,0,0
59340179,7519,0,2,0,0,0,0,0,0,0,0,0
59347403,7520,0,2,0,0,0,0,0,0,0,0,0
59354628,7521,0,2,0,0,0,0,0,0,0,0,0
59361851,7522,0,2,0,0,0,0,0,0,0,0,0
59369075,7523,0,2,0,0,0,0,0,0,0,0,0
59376299,7524,0,2,0,0,0,0,0,0,0,0,0
59383523,7525,0,2,0,0,0,0,0,0,0,0,0
59390747,7526,0,2,0,0,0,0,0,0,0,0,0
59397971,7527,0,2,0,0,0,0,0,0,0,0,0
59405195,7528,0,2,0,0,0,0,0,0,0,0,0
59412419,7529,0,2,0,0,0,0,0,0,0,0,0
59419643,7530,0,2,0,0,0,0,0,0,0,0,0
59426868,7531,0,2,0,0,0,0,0,0,0,0,0
59434092,7532,0,2,0,0,0,0,0,0,0,0,0
59441315,7533,0,2,0,0,0,0,0,0,0,0,0
59448539,7534,0,2,0,0,0,0,0,0,0,0,0
59455763,7535,0,2,0,0,0,0,0,0,0,0,0
59462987,7536,0,2,0,0,0,0,0,0,0,0,0
59470211,7537,0,2,0,0,0,0,0,0,0,0,0
59477435,7538,0,2,0,0,0,0,0,0,0,0,0
59484659,7539,0,2,0,0,0,0,0,0,0,0,0
59491883,7540,0,2,0,0,0,0,0,0,0,0,0
59499108,7541,0,2,0,0,0,0,0,0,0,0,0
59506331,7542,0,2,0,0,0,0,0,0,0,0,0
59513555,7543,0,2,0,0,0,0,0,0,0,0,0
59520779,7544,0,2,0,0,0,0,0,0,0,0,0
59528003,7545,0,2,0,0,0,0,0,0,0,0,0
59535227,7546,0,2,0,0,0,0,0,0,0,0,0
59542451,7547,0,2,0,0,0,0,0,0,0,0,0
59549675,7548,0,2,0,0,0,0,0,0,0,0,0
59556899,7549,0,2,0,0,0,0,0,0,0,0,0
59564123,7550,0,2,0,0,0,0,0,0,0,0,0
59571348,7551,0,2,0,0,0,0,0,0,0,0,0
59578571,7552,0,2,0,0,0,0,0,0,0,0,0
59585795,7553,0,2,0,0,0,0,0,0,0,0,0
59593019,7554,0,2,0,0,0,0,0,0,0,0,0
59600243,7555,0,2,0,0,0,0,0,0,0,0,0
59607467,7556,0,2,0,0,0,0,0,0,0,0,0
59614691,7557,0,2,0,0,0,0,0,0,0,0,0
59621915,7558,0,2,0,0,0,0,0,0,0,0,0
59629139,7559,0,2,0,0,0,0,0,0,0,0,0
59636363,7560,0,2,0,0,0,0,0,0,0,0,0
59643588,7561,0,2,0,0,0,0,0,0,0,0,0
59650811,7562,0,2,0,0,0,0,0,0,0,0,0
59658035,7563,0,2,0,0,0,0,0,0,0,0,0
59665259,7564,0,2,0,0,0,0,0,0,0,0,0
59672483,7565,0,2,0,0,0,0,0,0,0,0,0
59679707,7566,0,2,0,0,0,0,0,0,0,0,0
59686931,7567,0,2,0,0,0,0,0,0,0,0,0
59694155,7568,0,2,0,0,0,0,0,0,0,0,0
59701379,7569,0,2,0,0,0,0,0,0,0,0,0
59708603,7570,0,2,0,0,0,0,0,0,0,0,0
59715828,7571,0,2,0,0,0,0,0,0,0,0,0
59723052,7572,0,2,0,0,0,0,0,0,0,0,0
59730275,7573,0,2,0,0,0,0,0,0,0,0,0
59737499,7574,0,2,0,0,0,0,0,0,0,0,0
59744723,7575,0,2,0,0,0,0,0,0,0,0,0
59751947,7576,0,2,0,0,0,0,0,0,0,0,0
59759171,7577,0,2,0,0,0,0,0,0,0,0,0
59766395,7578,0,2,0,0,0,0,0,0,0,0,0
59773619,7579,0,2,0,0,0,0,0,0,0,0,0
59780843,7580,0,2,0,0,0,0,0,0,0,0,0
59788068,7581,0,2,0,0,0,0,0,0,0,0,0
59795291,7582,0,2,0,0,0,0,0,0,0,0,0
59802515,7583,0,2,0,0,0,0,0,0,0,0,0
59809739,7584,0,2,0,0,0,0,0,0,0,0,0
59816963,7585,0,2,0,0,0,0,0,0,0,0,0
59824187,7586,0,2,0,0,0,0,0,0,0,0,0
59831411,7587,0,2,0,0,0,0,0,0,0,0,0
59838635,7588,0,2,0,0,0,0,0,0,0,0,0
59845859,7589,0,2,0,0,0,0,0,0,0,0,0
59853083,7590,0,2,0,0,0,0,0,0,0,0,0
59860308,7591,0,2,0,0,0,0,0,0,0,0,0
59867531,7592,0,2,0,0,0,0,0,0,0,0,0
59874755,7593,0,2,0,0,0,0,0,0,0,0,0
59881979,7594,0,2,0,0,0,0,0,0,0,0,0
59889203,7595,0,2,0,0,0,0,0,0,0,0,0
59896427,7596,0,2,0,0,0,0,0,0,0,0,0
59903651,7597,0,2,0,0,0,0,0,0,0,0,0
59910875,7598,0,2,0,0,0,0,0,0,0,0,0
59918099,7599,0,2,0,0,0,0,0,0,0,0,0
59925323,7600,0,2,0,0,0,0,0,0,0,0,0
59932548,7601,0,2,0,0,0,0,0,0,0,0,0
59939771,7602,0,2,0,0,0,0,0,0,0,0,0
59946995,7603,0,2,0,0,0,0,0,0,0,0,0
59954219,7604,0,2,0,0,0,0,0,0,0,0,0
59961443,7605,0,2,0,0,0,0,0,0,0,0,0
59968667,7606,0,2,0,0,0,0,0,0,0,0,0
59975891,7607,0,2,0,0,0,0,0,0,0,0,0
59983115,7608,0,2,0,0,0,0,0,0,0,0,0
59990339,7609,0,2,0,0,0,0,0,0,0,0,0
59997563,7610,0,2,0,0,0,0,0,0,0,0,0
60004788,7611,0,2,0,0,0,0,0,0,0,0,0
60012011,7612,0,2,0,0,0,0,0,0,0,0,0
60019235,7613,0,2,0,0,0,0,0,0,0,0,0
60026459,7614,0,2,0,0,0,0,0,0,0,0,0
60033683,7615,0,2,0,0,0,0,0,0,0,0,0
60040907,7616,0,2,0,0,0,0,0,0,0,0,0
60048131,7617,0,2,0,0,0,0,0,0,0,0,0
60055355,7618,0,2,0,0,0,0,0,0,0,0,0
60062579,7619,0,2,0,0,0,0,0,0,0,0,0
60069803,7620,0,2,0,0,0,0,0,0,0,0,0
60077028,7621,0,2,0,0,0,0,0,0,0,0,0
60084251,7622,0,2,0,0,0,0,0,0,0,0,0
60091475,7623,0,2,0,0,0,0,0,0,0,0,0
60098699,7624,0,2,0,0,0,0,0,0,0,0,0
60105923,7625,0,2,0,0,0,0,0,0,0,0,0
60113147,7626,0,2,0,0,0,0,0,0,0,0,0
60120371,7627,0,2,0,0,0,0,0,0,0,0,0
60127595,7628,0,2,0,0,0,0,0,0,0,0,0
60134819,7629,0,2,0,0,0,0,0,0,0,0,0
60142043,7630,0,2,0,0,0,0,0,0,0,0,0
60149268,7631,0,2,0,0,0,0,0,0,0,0,0
60156491,7632,0,2,0,0,0,0,0,0,0,0,0
60163715,7633,0,2,0,0,0,0,0,0,0,0,0
60170939,7634,0,2,0,0,0,0,0,0,0,0,0
60178163,7635,0,2,0,0,0,0,0,0,0,0,0
60185387,7636,0,2,0,0,0,0,0,0,0,0,0
60192611,7637,0,2,0,0,0,0,0,0,0,0,0
60199835,7638,0,2,0,0,0,0,0,0,0,0,0
60207060,7639,0,2,0,0,0,0,0,0,0,0,0
60214283,7640,0,2,0,0,0,0,0,0,0,0,0
60221508,7641,0,2,0,0,0,0,0,0,0,0,0
60228731,7642,0,2,0,0,0,0,0,0,0,0,0
60235955,7643,0,2,0,0,0,0,0,0,0,0,0
60243179,7644,0,2,0,0,0,0,0,0,0,0,0
60250403,7645,0,2,0,0,0,0,0,0,0,0,0
60257627,7646,0,2,0,0,0,0,0,0,0,0,0
60264851,7647,0,2,0,0,0,0,0,0,0,0,0
60272075,7648,0,2,0,0,0,0,0,0,0,0,0
60279299,7649,0,2,0,0,0,0,0,0,0,0,0
60286523,7650,0,2,0,0,0,0,0,0,0,0,0
60293748,7651,0,2,0,0,0,0,0,0,0,0,0
60300971,7652,0,2,0,0,0,0,0,0,0,0,0
60308195,7653,0,2,0,0,0,0,0,0,0,0,0
60315419,7654,0,2,0,0,0,0,0,0,0,0,0
60322643,7655,0,2,0,0,0,0,0,0,0,0,0
60329867,7656,0,2,0,0,0,0,0,0,0,0,0
60337092,7657,0,2,0,0,0,0,0,0,0,0,0
60344315,7658,0,2,0,0,0,0,0,0,0,0,0
60351539,7659,0,2,0,0,0,0,0,0,0,0,0
60358763,7660,0,2,0,0,0,0,0,0,0,0,0
60365988,7661,0,2,0,0,0,0,0,0,0,0,0
60373211,7662,0,2,0,0,0,0,0,0,0,0,0
60380435,7663,0,2,0,0,0,0,0,0,0,0,0
60387659,7664,0,2,0,0,0,0,0,0,0,0,0
60394883,7665,0,2,0,0,0,0,0,0,0,0,0
60402107,7666,0,2,0,0,0,0,0,0,0,0,0
60409331,7667,0,2,0,0,0,0,0,0,0,0,0
60416555,7668,0,2,0,0,0,0,0,0,0,0,0
60423779,7669,0,2,0,0,0,0,0,0,0,0,0
60431003,7670,0,2,0,0,0,0,0,0,0,0,0
60438228,7671,0,2,0,0,0,0,0,0,0,0,0
60445451,7672,0,2,0,0,0,0,0,0,0,0,0
60452675,7673,0,2,0,0,0,0,0,0,0,0,0
60459899,7674,0,2,0,0,0,0,0,0,0,0,0
60467123,7675,0,2,0,0,0,0,0,0,0,0,0
60474347,7676,0,2,0,0,0,0,0,0,0,0,0
60481571,7677,0,2,0,0,0,0,0,0,0,0,0
60488795,7678,0,2,0,0,0,0,0,0,0,0,0
60496019,7679,0,2,0,0,0,0,0,0,0,0,0
60503243,7680,0,2,0,0,0,0,0,0,0,0,0
60510468,7681,0,2,0,0,0,0,0,0,0,0,0
60517691,7682,0,2,0,0,0,0,0,0,0,0,0
60524915,7683,0,2,0,0,0,0,0,0,0,0,0
60532139,7684,0,2,0,0,0,0,0,0,0,0,0
60539363,7685,0,2,0,0,0,0,0,0,0,0,0
60546587,7686,0,2,0,0,0,0,0,0,0,0,0
60553811,7687,0,2,0,0,0,0,0,0,0,0,0
60561035,7688,0,2,0,0,0,0,0,0,0,0,0
60568259,7689,0,2,0,0,0,0,0,0,0,0,0
60575483,7690,0,2,0,0,0,0,0,0,0,0,0
60582708,7691,0,2,0,0,0,0,0,0,0,0,0
60589931,7692,0,2,0,0,0,0,0,0,0,0,0
60597155,7693,0,2,0,0,0,0,0,0,0,0,0
60604379,7694,0,2,0,0,0,0,0,0,0,0,0
60611603,7695,0,2,0,0,0,0,0,0,0,0,0
60618827,7696,0,2,0,0,0,0,0,0,0,0,0
60626051,7697,0,2,0,0,0,0,0,0,0,0,0
60633275,7698,0,2,0,0,0,0,0,0,0,0,0
60640499,7699,0,2,0,0,0,0,0,0,0,0,0
60647723,7700,0,2,0,0,0,0,0,0,0,0,0
60654948,7701,0,2,0,0,0,0,0,0,0,0,0
60662171,7702,0,2,0,0,0,0,0,0,0,0,0
60669395,7703,0,2,0,0,0,0,0,0,0,0,0
60676619,7704,0,2,0,0,0,0,0,0,0,0,0
60683843,7705,0,2,0,0,0,0,0,0,0,0,0
60691067,7706,0,2,0,0,0,0,0,0,0,0,0
60698291,7707,0,2,0,0,0,0,0,0,0,0,0
60705515,7708,0,2,0,0,0,0,0,0,0,0,0
60712739,7709,0,2,0,0,0,0,0,0,0,0,0
60719963,7710,0,2,0,0,0,0,0,0,0,0,0
60727188,7711,0,2,0,0,0,0,0,0,0,0,0
60734411,7712,0,2,0,0,0,0,0,0,0,0,0
60741635,7713,0,2,0,0,0,0,0,0,0,0,0
60748859,7714,0,2,0,0,0,0,0,0,0,0,0
60756083,7715,0,2,0,0,0,0,0,0,0,0,0
60763307,7716,0,2,0,0,0,0,0,0,0,0,0
60770531,7717,0,2,0,0,0,0,0,0,0,0,0
60777755,7718,0,2,0,0,0,0,0,0,0,0,0
60789214,7719,0,2,0,0,0,0,0,0,0,0,0
60796426,7720,0,2,0,0,0,0,0,0,0,0,0
60803651,7721,0,2,0,0,0,0,0,0,0,0,0
60810874,7722,0,2,0,0,0,0,0,0,0,0,0
60818098,7723,0,2,0,0,0,0,0,0,0,0,0
60825322,7724,0,2,0,0,0,0,0,0,0,0,0
60832546,7725,0,2,0,0,0,0,0,0,0,0,0
60839770,7726,0,2,0,0,0,0,0,0,0,0,0
60846994,7727,0,2,0,0,0,0,0,0,0,0,0
60854218,7728,0,2,0,0,0,0,0,0,0,0,0
60861442,7729,0,2,0,0,0,0,0,0,0,0,0
60868666,7730,0,2,0,0,0,0,0,0,0,0,0
60875891,7731,0,2,0,0,0,0,0,0,0,0,0
60883114,7732,0,2,0,0,0,0,0,0,0,0,0
60890338,7733,0,2,0,0,0,0,0,0,0,0,0
60897562,7734,0,2,0,0,0,0,0,0,0,0,0
60904786,7735,0,2,0,0,0,0,0,0,0,0,0
60912010,7736,0,2,0,0,0,0,0,0,0,0,0
60919234,7737,0,2,0,0,0,0,0,0,0,0,0
60926458,7738,0,2,0,0,0,0,0,0,0,0,0
60933682,7739,0,2,0,0,0,0,0,0,0,0,0
60940906,7740,0,2,0,0,0,0,0,0,0,0,0
60948131,7741,0,2,0,0,0,0,0,0,0,0,0
60955354,7742,0,2,0,0,0,0,0,0,0,0,0
60962578,7743,0,2,0,0,0,0,0,0,0,0,0
60969802,7744,0,2,0,0,0,0,0,0,0,0,0
60977026,7745,0,2,0,0,0,0,0,0,0,0,0
60984250,7746,0,2,0,0,0,0,0,0,0,0,0
60991474,7747,0,2,0,0,0,0,0,0,0,0,0
60998698,7748,0,2,0,0,0,0,0,0,0,0,0
61005922,7749,0,2,0,0,0,0,0,0,0,0,0
61013146,7750,0,2,0,0,0,0,0,0,0,0,0
61020371,7751,0,2,0,0,0,0,0,0,0,0,0
61027594,7752,0,2,0,0,0,0,0,0,0,0,0
61034818,7753,0,2,0,0,0,0,0,0,0,0,0
61042042,7754,0,2,0,0,0,0,0,0,0,0,0
61049266,7755,0,2,0,0,0,0,0,0,0,0,0
61056490,7756,0,2,0,0,0,0,0,0,0,0,0
61063714,7757,0,2,0,0,0,0,0,0,0,0,0
61070938,7758,0,2,0,0,0,0,0,0,0,0,0
61078162,7759,0,2,0,0,0,0,0,0,0,0,0
61085386,7760,0,2,0,0,0,0,0,0,0,0,0
61092611,7761,0,2,0,0,0,0,0,0,0,0,0
61099834,7762,0,2,0,0,0,0,0,0,0,0,0
61107058,7763,0,2,0,0,0,0,0,0,0,0,0
61114282,7764,0,2,0,0,0,0,0,0,0,0,0
61121506,7765,0,2,0,0,0,0,0,0,0,0,0
61128730,7766,0,2,0,0,0,0,0,0,0,0,0
61135954,7767,0,2,0,0,0,0,0,0,0,0,0
61143178,7768,0,2,0,0,0,0,0,0,0,0,0
61150402,7769,0,2,0,0,0,0,0,0,0,0,0
61157626,7770,0,2,0,0,0,0,0,0,0,0,0
61164851,7771,0,2,0,0,0,0,0,0,0,0,0
61172075,7772,0,2,0,0,0,0,0,0,0,0,0
61179298,7773,0,2,0,0,0,0,0,0,0,0,0
61186522,7774,0,2,0,0,0,0,0,0,0,0,0
61193746,7775,0,2,0,0,0,0,0,0,0,0,0
61200970,7776,0,2,0,0,0,0,0,0,0,0,0
61208194,7777,0,2,0,0,0,0,0,0,0,0,0
61215418,7778,0,2,0,0,0,0,0,0,0,0,0
61222642,7779,0,2,0,0,0,0,0,0,0,0,0
61229866,7780,0,2,0,0,0,0,0,0,0,0,0
61237091,7781,0,2,0,0,0,0,0,0,0,0,0
61244314,7782,0,2,0,0,0,0,0,0,0,0,0
61251538,7783,0,2,0,0,0,0,0,0,0,0,0
61258762,7784,0,2,0,0,0,0,0,0,0,0,0
61265986,7785,0,2,0,0,0,0,0,0,0,0,0
61273210,7786,0,2,0,0,0,0,0,0,0,0,0
61280434,7787,0,2,0,0,0,0,0,0,0,0,0
61287658,7788,0,2,0,0,0,0,0,0,0,0,0
61294882,7789,0,2,0,0,0,0,0,0,0,0,0
61302106,7790,0,2,0,0,0,0,0,0,0,0,0
61309331,7791,0,2,0,0,0,0,0,0,0,0,0
61316554,7792,0,2,0,0,0,0,0,0,0,0,0
61323778,7793,0,2,0,0,0,0,0,0,0,0,0
61331002,7794,0,2,0,0,0,0,0,0,0,0,0
61338226,7795,0,2,0,0,0,0,0,0,0,0,0
61345450,7796,0,2,0,0,0,0,0,0,0,0,0
61352674,7797,0,2,0,0,0,0,0,0,0,0,0
61359898,7798,0,2,0,0,0,0,0,0,0,0,0
61367122,7799,0,2,0,0,0,0,0,0,0,0,0
61374346,7800,0,2,0,0,0,0,0,0,0,0,0
61381571,7801,0,2,0,0,0,0,0,0,0,0,0
61388794,7802,0,2,0,0,0,0,0,0,0,0,0
61396018,7803,0,2,0,0,0,0,0,0,0,0,0
61403242,7804,0,2,0,0,0,0,0,0,0,0,0
61410466,7805,0,2,0,0,0,0,0,0,0,0,0
61417690,7806,0,2,0,0,0,0,0,0,0,0,0
61424914,7807,0,2,0,0,0,0,0,0,0,0,0
61432138,7808,0,2,0,0,0,0,0,0,0,0,0
61439362,7809,0,2,0,0,0,0,0,0,0,0,0
61446586,7810,0,2,0,0,0,0,0,0,0,0,0
61453811,7811,0,2,0,0,0,0,0,0,0,0,0
61461034,7812,0,2,0,0,0,0,0,0,0,0,0
61468258,7813,0,2,0,0,0,0,0,0,0,0,0
61475482,7814,0,2,0,0,0,0,0,0,0,0,0
61482706,7815,0,2,0,0,0,0,0,0,0,0,0
61489930,7816,0,2,0,0,0,0,0,0,0,0,0
61497154,7817,0,2,0,0,0,0,0,0,0,0,0
61504378,7818,0,2,0,0,0,0,0,0,0,0,0
61511602,7819,0,2,0,0,0,0,0,0,0,0,0
61518826,7820,0,2,0,0,0,0,0,0,0,0,0
61526051,7821,0,2,0,0,0,0,0,0,0,0,0
61533274,7822,0,2,0,0,0,0,0,0,0,0,0
61540498,7823,0,2,0,0,0,0,0,0,0,0,0
61547722,7824,0,2,0,0,0,0,0,0,0,0,0
61554946,7825,0,2,0,0,0,0,0,0,0,0,0
61562170,7826,0,2,0,0,0,0,0,0,0,0,0
61569394,7827,0,2,0,0,0,0,0,0,0,0,0
61576618,7828,0,2,0,0,0,0,0,0,0,0,0
61583842,7829,0,2,0,0,0,0,0,0,0,0,0
61591066,7830,0,2,0,0,0,0,0,0,0,0,0
61598291,7831,0,2,0,0,0,0,0,0,0,0,0
61605514,7832,0,2,0,0,0,0,0,0,0,0,0
61612738,7833,0,2,0,0,0,0,0,0,0,0,0
61619962,7834,0,2,0,0,0,0,0,0,0,0,0
61627186,7835,0,2,0,0,0,0,0,0,0,0,0
61634410,7836,0,2,0,0,0,0,0,0,0,0,0
61641634,7837,0,2,0,0,0,0,0,0,0,0,0
61648858,7838,0,2,0,0,0,0,0,0,0,0,0
61656082,7839,0,2,0,0,0,0,0,0,0,0,0
61663306,7840,0,2,0,0,0,0,0,0,0,0,0
61670531,7841,0,2,0,0,0,0,0,0,0,0,0
61677754,7842,0,2,0,0,0,0,0,0,0,0,0
61684978,7843,0,2,0,0,0,0,0,0,0,0,0
61692202,7844,0,2,0,0,0,0,0,0,0,0,0
61699426,7845,0,2,0,0,0,0,0,0,0,0,0
61706650,7846,0,2,0,0,0,0,0,0,0,0,0
61713874,7847,0,2,0,0,0,0,0,0,0,0,0
61721098,7848,0,2,0,0,0,0,0,0,0,0,0
61728322,7849,0,2,0,0,0,0,0,0,0,0,0
61735546,7850,0,2,0,0,0,0,0,0,0,0,0
61742771,7851,0,2,0,0,0,0,0,0,0,0,0
61749994,7852,0,2,0,0,0,0,0,0,0,0,0
61757218,7853,0,2,0,0,0,0,0,0,0,0,0
61764442,7854,0,2,0,0,0,0,0,0,0,0,0
61771666,7855,0,2,0,0,0,0,0,0,0,0,0
61778890,7856,0,2,0,0,0,0,0,0,0,0,0
61786114,7857,0,2,0,0,0,0,0,0,0,0,0
61793338,7858,0,2,0,0,0,0,0,0,0,0,0
61800562,7859,0,2,0,0,0,0,0,0,0,0,0
61807786,7860,0,2,0,0,0,0,0,0,0,0,0
61815011,7861,0,2,0,0,0,0,0,0,0,0,0
61822234,7862,0,2,0,0,0,0,0,0,0,0,0
61829458,7863,0,2,0,0,0,0,0,0,0,0,0
61836682,7864,0,2,0,0,0,0,0,0,0,0,0
61843906,7865,0,2,0,0,0,0,0,0,0,0,0
61851130,7866,0,2,0,0,0,0,0,0,0,0,0
61858354,7867,0,2,0,0,0,0,0,0,0,0,0
61865578,7868,0,2,0,0,0,0,0,0,0,0,0
61872802,7869,0,2,0,0,0,0,0,0,0,0,0
61880026,7870,0,2,0,0,0,0,0,0,0,0,0
61887251,7871,0,2,0,0,0,0,0,0,0,0,0
61894474,7872,0,2,0,0,0,0,0,0,0,0,0
61901698,7873,0,2,0,0,0,0,0,0,0,0,0
61908922,7874,0,2,0,0,0,0,0,0,0,0,0
61916146,7875,0,2,0,0,0,0,0,0,0,0,0
61923370,7876,0,2,0,0,0,0,0,0,0,0,0
61930594,7877,0,2,0,0,0,0,0,0,0,0,0
61937818,7878,0,2,0,0,0,0,0,0,0,0,0
61945043,7879,0,2,0,0,0,0,0,0,0,0,0
61952266,7880,0,2,0,0,0,0,0,0,0,0,0
61959491,7881,0,2,0,0,0,0,0,0,0,0,0
61966714,7882,0,2,0,0,0,0,0,0,0,0,0
61973938,7883,0,2,0,0,0,0,0,0,0,0,0
61981162,7884,0,2,0,0,0,0,0,0,0,0,0
61988386,7885,0,2,0,0,0,0,0,0,0,0,0
61995610,7886,0,2,0,0,0,0,0,0,0,0,0
62002834,7887,0,2,0,0,0,0,0,0,0,0,0
62010058,7888,0,2,0,0,0,0,0,0,0,0,0
62017282,7889,0,2,0,0,0,0,0,0,0,0,0
62024506,7890,0,2,0,0,0,0,0,0,0,0,0
62031731,7891,0,2,0,0,0,0,0,0,0,0,0
62038954,7892,0,2,0,0,0,0,0,0,0,0,0
62046178,7893,0,2,0,0,0,0,0,0,0,0,0
62053402,7894,0,2,0,0,0,0,0,0,0,0,0
62060626,7895,0,2,0,0,0,0,0,0,0,0,0
62067850,7896,0,2,0,0,0,0,0,0,0,0,0
62075074,7897,0,2,0,0,0,0,0,0,0,0,0
62082298,7898,0,2,0,0,0,0,0,0,0,0,0
62089522,7899,0,2,0,0,0,0,0,0,0,0,0
62096746,7900,0,2,0,0,0,0,0,0,0,0,0
62103971,7901,0,2,0,0,0,0,0,0,0,0,0
62111194,7902,0,2,0,0,0,0,0,0,0,0,0
62118418,7903,0,2,0,0,0,0,0,0,0,0,0
62125642,7904,0,2,0,0,0,0,0,0,0,0,0
62132866,7905,0,2,0,0,0,0,0,0,0,0,0
62140090,7906,0,2,0,0,0,0,0,0,0,0,0
62147314,7907,0,2,0,0,0,0,0,0,0,0,0
62154538,7908,0,2,0,0,0,0,0,0,0,0,0
62161762,7909,0,2,0,0,0,0,0,0,0,0,0
62168986,7910,0,2,0,0,0,0,0,0,0,0,0
62176211,7911,0,2,0,0,0,0,0,0,0,0,0
62183434,7912,0,2,0,0,0,0,0,0,0,0,0
62190658,7913,0,2,0,0,0,0,0,0,0,0,0
62197882,7914,0,2,0,0,0,0,0,0,0,0,0
62205106,7915,0,2,0,0,0,0,0,0,0,0,0
62212330,7916,0,2,0,0,0,0,0,0,0,0,0
62219554,7917,0,2,0,0,0,0,0,0,0,0,0
62226778,7918,0,2,0,0,0,0,0,0,0,0,0
62234002,7919,0,2,0,0,0,0,0,0,0,0,0
62241226,7920,0,2,0,0,0,0,0,0,0,0,0
62248451,7921,0,2,0,0,0,0,0,0,0,0,0
62255674,7922,0,2,0,0,0,0,0,0,0,0,0
62262898,7923,0,2,0,0,0,0,0,0,0,0,0
62270122,7924,0,2,0,0,0,0,0,0,0,0,0
62277346,7925,0,2,0,0,0,0,0,0,0,0,0
62284570,7926,0,2,0,0,0,0,0,0,0,0,0
62291794,7927,0,2,0,0,0,0,0,0,0,0,0
62299018,7928,0,2,0,0,0,0,0,0,0,0,0
62306242,7929,0,2,0,0,0,0,0,0,0,0,0
62313466,7930,0,2,0,0,0,0,0,0,0,0,0
62320691,7931,0,2,0,0,0,0,0,0,0,0,0
62327914,7932,0,2,0,0,0,0,0,0,0,0,0
62335138,7933,0,2,0,0,0,0,0,0,0,0,0
62342362,7934,0,2,0,0,0,0,0,0,0,0,0
62349586,7935,0,2,0,0,0,0,0,0,0,0,0
62356810,7936,0,2,0,0,0,0,0,0,0,0,0
62364035,7937,0,2,0,0,0,0,0,0,0,0,0
62371258,7938,0,2,0,0,0,0,0,0,0,0,0
62378482,7939,0,2,0,0,0,0,0,0,0,0,0
62385706,7940,0,2,0,0,0,0,0,0,0,0,0
62392931,7941,0,2,0,0,0,0,0,0,0,0,0
62400154,7942,0,2,0,0,0,0,0,0,0,0,0
62407378,7943,0,2,0,0,0,0,0,0,0,0,0
62414602,7944,0,2,0,0,0,0,0,0,0,0,0
62421826,7945,0,2,0,0,0,0,0,0,0,0,0
62435396,7946,0,2,0,0,0,0,0,0,0,0,0
62442608,7947,0,2,0,0,0,0,0,0,0,0,0
62449832,7948,0,2,0,0,0,0,0,0,0,0,0
62457056,7949,0,2,0,0,0,0,0,0,0,0,0
62464280,7950,0,2,0,0,0,0,0,0,0,0,0
62471505,7951,0,2,0,0,0,0,0,0,0,0,0
62478728,7952,0,2,0,0,0,0,0,0,0,0,0
62485952,7953,0,2,0,0,0,0,0,0,0,0,0
62493176,7954,0,2,0,0,0,0,0,0,0,0,0
62500400,7955,0,2,0,0,0,0,0,0,0,0,0
62507624,7956,0,2,0,0,0,0,0,0,0,0,0
62514848,7957,0,2,0,0,0,0,0,0,0,0,0
62522072,7958,0,2,0,0,0,0,0,0,0,0,0
62529296,7959,0,2,0,0,0,0,0,0,0,0,0
62536520,7960,0,2,0,0,0,0,0,0,0,0,0
62543745,7961,0,2,0,0,0,0,0,0,0,0,0
62550968,7962,0,2,0,0,0,0,0,0,0,0,0
62558192,7963,0,2,0,0,0,0,0,0,0,0,0
62565416,7964,0,2,0,0,0,0,0,0,0,0,0
62572640,7965,0,2,0,0,0,0,0,0,0,0,0
62579864,7966,0,2,0,0,0,0,0,0,0,0,0
62587088,7967,0,2,0,0,0,0,0,0,0,0,0
62594312,7968,0,2,0,0,0,0,0,0,0,0,0
62601536,7969,0,2,0,0,0,0,0,0,0,0,0
62608760,7970,0,2,0,0,0,0,0,0,0,0,0
62615985,7971,0,2,0,0,0,0,0,0,0,0,0
62623208,7972,0,2,0,0,0,0,0,0,0,0,0
62630432,7973,0,2,0,0,0,0,0,0,0,0,0
62637656,7974,0,2,0,0,0,0,0,0,0,0,0
62644880,7975,0,2,0,0,0,0,0,0,0,0,0
62652104,7976,0,2,0,0,0,0,0,0,0,0,0
62659328,7977,0,2,0,0,0,0,0,0,0,0,0
62666552,7978,0,2,0,0,0,0,0,0,0,0,0
62673776,7979,0,2,0,0,0,0,0,0,0,0,0
62681000,7980,0,2,0,0,0,0,0,0,0,0,0
62688225,7981,0,2,0,0,0,0,0,0,0,0,0
62695448,7982,0,2,0,0,0,0,0,0,0,0,0
62702672,7983,0,2,0,0,0,0,0,0,0,0,0
62709896,7984,0,2,0,0,0,0,0,0,0,0,0
62717120,7985,0,2,0,0,0,0,0,0,0,0,0
62724344,7986,0,2,0,0,0,0,0,0,0,0,0
62731568,7987,0,2,0,0,0,0,0,0,0,0,0
62738792,7988,0,2,0,0,0,0,0,0,0,0,0
62746016,7989,0,2,0,0,0,0,0,0,0,0,0
62753240,7990,0,2,0,0,0,0,0,0,0,0,0
62760465,7991,0,2,0,0,0,0,0,0,0,0,0
62767688,7992,0,2,0,0,0,0,0,0,0,0,0
62774912,7993,0,2,0,0,0,0,0,0,0,0,0
62782136,7994,0,2,0,0,0,0,0,0,0,0,0
62789360,7995,0,2,0,0,0,0,0,0,0,0,0
62796584,7996,0,2,0,0,0,0,0,0,0,0,0
62803808,7997,0,2,0,0,0,0,0,0,0,0,0
62811032,7998,0,2,0,0,0,0,0,0,0,0,0
62818256,7999,0,2,0,0,0,0,0,0,0,0,0
62825480,8000,0,2,0,0,0,0,0,0,0,0,0
62832705,8001,0,2,0,0,0,0,0,0,0,0,0
62839928,8002,0,2,0,0,0,0,0,0,0,0,0
62847152,8003,0,2,0,0,0,0,0,0,0,0,0
62854376,8004,0,2,0,0,0,0,0,0,0,0,0
62861600,8005,0,2,0,0,0,0,0,0,0,0,0
62868824,8006,0,2,0,0,0,0,0,0,0,0,0
62876048,8007,0,2,0,0,0,0,0,0,0,0,0
62883272,8008,0,2,0,0,0,0,0,0,0,0,0
62890496,8009,0,2,0,0,0,0,0,0,0,0,0
62897720,8010,0,2,0,0,0,0,0,0,0,0,0
62904945,8011,0,2,0,0,0,0,0,0,0,0,0
62912168,8012,0,2,0,0,0,0,0,0,0,0,0
62919392,8013,0,2,0,0,0,0,0,0,0,0,0
62926616,8014,0,2,0,0,0,0,0,0,0,0,0
62933840,8015,0,2,0,0,0,0,0,0,0,0,0
62941064,8016,0,2,0,0,0,0,0,0,0,0,0
62948288,8017,0,2,0,0,0,0,0,0,0,0,0
62955512,8018,0,2,0,0,0,0,0,0,0,0,0
62962736,8019,0,2,0,0,0,0,0,0,0,0,0
62969960,8020,0,2,0,0,0,0,0,0,0,0,0
62977185,8021,0,2,0,0,0,0,0,0,0,0,0
62984408,8022,0,2,0,0,0,0,0,0,0,0,0
62991632,8023,0,2,0,0,0,0,0,0,0,0,0
62998856,8024,0,2,0,0,0,0,0,0,0,0,0
63006080,8025,0,2,0,0,0,0,0,0,0,0,0
63013304,8026,0,2,0,0,0,0,0,0,0,0,0
63020528,8027,0,2,0,0,0,0,0,0,0,0,0
63027752,8028,0,2,0,0,0,0,0,0,0,0,0
63034976,8029,0,2,0,0,0,0,0,0,0,0,0
63042200,8030,0,2,0,0,0,0,0,0,0,0,0
63049425,8031,0,2,0,0,0,0,0,0,0,0,0
63056648,8032,0,2,0,0,0,0,0,0,0,0,0
63063872,8033,0,2,0,0,0,0,0,0,0,0,0
63071096,8034,0,2,0,0,0,0,0,0,0,0,0
63078320,8035,0,2,0,0,0,0,0,0,0,0,0
63085544,8036,0,2,0,0,0,0,0,0,0,0,0
63092768,8037,0,2,0,0,0,0,0,0,0,0,0
63099992,8038,0,2,0,0,0,0,0,0,0,0,0
63107216,8039,0,2,0,0,0,0,0,0,0,0,0
63114440,8040,0,2,0,0,0,0,0,0,0,0,0
63121665,8041,0,2,0,0,0,0,0,0,0,0,0
63128888,8042,0,2,0,0,0,0,0,0,0,0,0
63136112,8043,0,2,0,0,0,0,0,0,0,0,0
63143336,8044,0,2,0,0,0,0,0,0,0,0,0
63150560,8045,0,2,0,0,0,0,0,0,0,0,0
63157784,8046,0,2,0,0,0,0,0,0,0,0,0
63165008,8047,0,2,0,0,0,0,0,0,0,0,0
63172232,8048,0,2,0,0,0,0,0,0,0,0,0
63179456,8049,0,2,0,0,0,0,0,0,0,0,0
63186680,8050,0,2,0,0,0,0,0,0,0,0,0
63193905,8051,0,2,0,0,0,0,0,0,0,0,0
63201128,8052,0,2,0,0,0,0,0,0,0,0,0
63208352,8053,0,2,0,0,0,0,0,0,0,0,0
63215576,8054,0,2,0,0,0,0,0,0,0,0,0
63222800,8055,0,2,0,0,0,0,0,0,0,0,0
63230024,8056,0,2,0,0,0,0,0,0,0,0,0
63237248,8057,0,2,0,0,0,0,0,0,0,0,0
63244472,8058,0,2,0,0,0,0,0,0,0,0,0
63251696,8059,0,2,0,0,0,0,0,0,0,0,0
63258920,8060,0,2,0,0,0,0,0,0,0,0,0
63266145,8061,0,2,0,0,0,0,0,0,0,0,0
63273368,8062,0,2,0,0,0,0,0,0,0,0,0
63280592,8063,0,2,0,0,0,0,0,0,0,0,0
63287816,8064,0,2,0,0,0,0,0,0,0,0,0
63295041,8065,0,2,0,0,0,0,0,0,0,0,0
63302264,8066,0,2,0,0,0,0,0,0,0,0,0
63309488,8067,0,2,0,0,0,0,0,0,0,0,0
63316712,8068,0,2,0,0,0,0,0,0,0,0,0
63323936,8069,0,2,0,0,0,0,0,0,0,0,0
63331160,8070,0,2,0,0,0,0,0,0,0,0,0
63338385,8071,0,2,0,0,0,0,0,0,0,0,0
63345608,8072,0,2,0,0,0,0,0,0,0,0,0
63352832,8073,0,2,0,0,0,0,0,0,0,0,0
63360056,8074,0,2,0,0,0,0,0,0,0,0,0
63367280,8075,0,2,0,0,0,0,0,0,0,0,0
63374504,8076,0,2,0,0,0,0,0,0,0,0,0
63381728,8077,0,2,0,0,0,0,0,0,0,0,0
63388952,8078,0,2,0,0,0,0,0,0,0,0,0
63396176,8079,0,2,0,0,0,0,0,0,0,0,0
63403400,8080,0,2,0,0,0,0,0,0,0,0,0
63410625,8081,0,2,0,0,0,0,0,0,0,0,0
63417848,8082,0,2,0,0,0,0,0,0,0,0,0
63425072,8083,0,2,0,0,0,0,0,0,0,0,0
63432296,8084,0,2,0,0,0,0,0,0,0,0,0
63439520,8085,0,2,0,0,0,0,0,0,0,0,0
63446744,8086,0,2,0,0,0,0,0,0,0,0,0
63453968,8087,0,2,0,0,0,0,0,0,0,0,0
63461192,8088,0,2,0,0,0,0,0,0,0,0,0
63468416,8089,0,2,0,0,0,0,0,0,0,0,0
63475640,8090,0,2,0,0,0,0,0,0,0,0,0
63482865,8091,0,2,0,0,0,0,0,0,0,0,0
63490088,8092,0,2,0,0,0,0,0,0,0,0,0
63497312,8093,0,2,0,0,0,0,0,0,0,0,0
63504536,8094,0,2,0,0,0,0,0,0,0,0,0
63511760,8095,0,2,0,0,0,0,0,0,0,0,0
63518984,8096,0,2,0,0,0,0,0,0,0,0,0
63526208,8097,0,2,0,0,0,0,0,0,0,0,0
63533432,8098,0,2,0,0,0,0,0,0,0,0,0
63540656,8099,0,2,0,0,0,0,0,0,0,0,0
63547880,8100,0,2,0,0,0,0,0,0,0,0,0
63555105,8101,0,2,0,0,0,0,0,0,0,0,0
63562328,8102,0,2,0,0,0,0,0,0,0,0,0
63569552,8103,0,2,0,0,0,0,0,0,0,0,0
63576776,8104,0,2,0,0,0,0,0,0,0,0,0
63584000,8105,0,2,0,0,0,0,0,0,0,0,0
63591224,8106,0,2,0,0,0,0,0,0,0,0,0
63598448,8107,0,2,0,0,0,0,0,0,0,0,0
63605672,8108,0,2,0,0,0,0,0,0,0,0,0
63612896,8109,0,2,0,0,0,0,0,0,0,0,0
63620120,8110,0,2,0,0,0,0,0,0,0,0,0
63627345,8111,0,2,0,0,0,0,0,0,0,0,0
63634568,8112,0,2,0,0,0,0,0,0,0,0,0
63641792,8113,0,2,0,0,0,0,0,0,0,0,0
63649016,8114,0,2,0,0,0,0,0,0,0,0,0
63656240,8115,0,2,0,0,0,0,0,0,0,0,0
63663464,8116,0,2,0,0,0,0,0,0,0,0,0
63670688,8117,0,2,0,0,0,0,0,0,0,0,0
63677912,8118,0,2,0,0,0,0,0,0,0,0,0
63685136,8119,0,2,0,0,0,0,0,0,0,0,0
63692360,8120,0,2,0,0,0,0,0,0,0,0,0
63699585,8121,0,2,0,0,0,0,0,0,0,0,0
63706808,8122,0,2,0,0,0,0,0,0,0,0,0
63714032,8123,0,2,0,0,0,0,0,0,0,0,0
63721256,8124,0,2,0,0,0,0,0,0,0,0,0
63728480,8125,0,2,0,0,0,0,0,0,0,0,0
63735704,8126,0,2,0,0,0,0,0,0,0,0,0
63742928,8127,0,2,0,0,0,0,0,0,0,0,0
63750152,8128,0,2,0,0,0,0,0,0,0,0,0
63757376,8129,0,2,0,0,0,0,0,0,0,0,0
63764600,8130,0,2,0,0,0,0,0,0,0,0,0
63771825,8131,0,2,0,0,0,0,0,0,0,0,0
63779048,8132,0,2,0,0,0,0,0,0,0,0,0
63786272,8133,0,2,0,0,0,0,0,0,0,0,0
63793496,8134,0,2,0,0,0,0,0,0,0,0,0
63800720,8135,0,2,0,0,0,0,0,0,0,0,0
63807944,8136,0,2,0,0,0,0,0,0,0,0,0
63815168,8137,0,2,0,0,0,0,0,0,0,0,0
63822392,8138,0,2,0,0,0,0,0,0,0,0,0
63829616,8139,0,2,0,0,0,0,0,0,0,0,0
63836840,8140,0,2,0,0,0,0,0,0,0,0,0
63844065,8141,0,2,0,0,0,0,0,0,0,0,0
63851288,8142,0,2,0,0,0,0,0,0,0,0,0
63858512,8143,0,2,0,0,0,0,0,0,0,0,0
63865736,8144,0,2,0,0,0,0,0,0,0,0,0
63872960,8145,0,2,0,0,0,0,0,0,0,0,0
63880185,8146,0,2,0,0,0,0,0,0,0,0,0
63887408,8147,0,2,0,0,0,0,0,0,0,0,0
63894632,8148,0,2,0,0,0,0,0,0,0,0,0
63901856,8149,0,2,0,0,0,0,0,0,0,0,0
63909080,8150,0,2,0,0,0,0,0,0,0,0,0
63916305,8151,0,2,0,0,0,0,0,0,0,0,0
63923528,8152,0,2,0,0,0,0,0,0,0,0,0
63930752,8153,0,2,0,0,0,0,0,0,0,0,0
63937976,8154,0,2,0,0,0,0,0,0,0,0,0
63945200,8155,0,2,0,0,0,0,0,0,0,0,0
63952424,8156,0,2,0,0,0,0,0,0,0,0,0
63959648,8157,0,2,0,0,0,0,0,0,0,0,0
63966872,8158,0,2,0,0,0,0,0,0,0,0,0
63974096,8159,0,2,0,0,0,0,0,0,0,0,0
63981320,8160,0,2,0,0,0,0,0,0,0,0,0
63988545,8161,0,2,0,0,0,0,0,0,0,0,0
63995768,8162,0,2,0,0,0,0,0,0,0,0,0
64002992,8163,0,2,0,0,0,0,0,0,0,0,0
64010216,8164,0,2,0,0,0,0,0,0,0,0,0
64017440,8165,0,2,0,0,0,0,0,0,0,0,0
64024664,8166,0,2,0,0,0,0,0,0,0,0,0
64031888,8167,0,2,0,0,0,0,0,0,0,0,0
64039112,8168,0,2,0,0,0,0,0,0,0,0,0
64046336,8169,0,2,0,0,0,0,0,0,0,0,0
64053560,8170,0,2,0,0,0,0,0,0,0,0,0
64060785,8171,0,2,0,0,0,0,0,0,0,0,0
64068008,8172,0,2,0,0,0,0,0,0,0,0,0
64079888,8173,0,2,0,0,0,0,0,0,0,0,0
64087100,8174,0,2,0,0,0,0,0,0,0,0,0
64094324,8175,0,2,0,0,0,0,0,0,0,0,0
64101548,8176,0,2,0,0,0,0,0,0,0,0,0
64108772,8177,0,2,0,0,0,0,0,0,0,0,0
64115996,8178,0,2,0,0,0,0,0,0,0,0,0
64123220,8179,0,2,0,0,0,0,0,0,0,0,0
64130444,8180,0,2,0,0,0,0,0,0,0,0,0
64137669,8181,0,2,0,0,0,0,0,0,0,0,0
64144892,8182,0,2,0,0,0,0,0,0,0,0,0
64152116,8183,0,2,0,0,0,0,0,0,0,0,0
64159340,8184,0,2,0,0,0,0,0,0,0,0,0
64166564,8185,0,2,0,0,0,0,0,0,0,0,0
64173788,8186,0,2,0,0,0,0,0,0,0,0,0
64181012,8187,0,2,0,0,0,0,0,0,0,0,0
64188236,8188,0,2,0,0,0,0,0,0,0,0,0
64195460,8189,0,2,0,0,0,0,0,0,0,0,0
64202684,8190,0,2,0,0,0,0,0,0,0,0,0
64209909,8191,0,2,0,0,0,0,0,0,0,0,0
64217132,8192,0,2,0,0,0,0,0,0,0,0,0
64224356,8193,0,2,0,0,0,0,0,0,0,0,0
64231580,8194,0,2,0,0,0,0,0,0,0,0,0
64238804,8195,0,2,0,0,0,0,0,0,0,0,0
64246029,8196,0,2,0,0,0,0,0,0,0,0,0
64253252,8197,0,2,0,0,0,0,0,0,0,0,0
64260476,8198,0,2,0,0,0,0,0,0,0,0,0
64267700,8199,0,2,0,0,0,0,0,0,0,0,0
64274924,8200,0,2,0,0,0,0,0,0,0,0,0
64282149,8201,0,2,0,0,0,0,0,0,0,0,0
64289372,8202,0,2,0,0,0,0,0,0,0,0,0
64296596,8203,0,2,0,0,0,0,0,0,0,0,0
64303820,8204,0,2,0,0,0,0,0,0,0,0,0
64311045,8205,0,2,0,0,0,0,0,0,0,0,0
64318268,8206,0,2,0,0,0,0,0,0,0,0,0
64325492,8207,0,2,0,0,0,0,0,0,0,0,0
64332716,8208,0,2,0,0,0,0,0,0,0,0,0
64339940,8209,0,2,0,0,0,0,0,0,0,0,0
64347164,8210,0,2,0,0,0,0,0,0,0,0,0
64354389,8211,0,2,0,0,0,0,0,0,0,0,0
64361612,8212,0,2,0,0,0,0,0,0,0,0,0
64368836,8213,0,2,0,0,0,0,0,0,0,0,0
64376061,8214,0,2,0,0,0,0,0,0,0,0,0
64383284,8215,0,2,0,0,0,0,0,0,0,0,0
64390508,8216,0,2,0,0,0,0,0,0,0,0,0
64397732,8217,0,2,0,0,0,0,0,0,0,0,0
64404956,8218,0,2,0,0,0,0,0,0,0,0,0
64412180,8219,0,2,0,0,0,0,0,0,0,0,0
64419404,8220,0,2,0,0,0,0,0,0,0,0,0
64426629,8221,0,2,0,0,0,0,0,0,0,0,0
64433852,8222,0,2,0,0,0,0,0,0,0,0,0
64441076,8223,0,2,0,0,0,0,0,0,0,0,0
64448300,8224,0,2,0,0,0,0,0,0,0,0,0
64455524,8225,0,2,0,0,0,0,0,0,0,0,0
64462748,8226,0,2,0,0,0,0,0,0,0,0,0
64469972,8227,0,2,0,0,0,0,0,0,0,0,0
64477196,8228,0,2,0,0,0,0,0,0,0,0,0
64484420,8229,0,2,0,0,0,0,0,0,0,0,0
64491644,8230,0,2,0,0,0,0,0,0,0,0,0
64498869,8231,0,2,0,0,0,0,0,0,0,0,0
64506092,8232,0,2,0,0,0,0,0,0,0,0,0
64513316,8233,0,2,0,0,0,0,0,0,0,0,0
64520540,8234,0,2,0,0,0,0,0,0,0,0,0
64527764,8235,0,2,0,0,0,0,0,0,0,0,0
64534988,8236,0,2,0,0,0,0,0,0,0,0,0
64542212,8237,0,2,0,0,0,0,0,0,0,0,0
64549436,8238,0,2,0,0,0,0,0,0,0,0,0
64556660,8239,0,2,0,0,0,0,0,0,0,0,0
64563884,8240,0,2,0,0,0,0,0,0,0,0,0
64571109,8241,0,2,0,0,0,0,0,0,0,0,0
64578332,8242,0,2,0,0,0,0,0,0,0,0,0
64585556,8243,0,2,0,0,0,0,0,0,0,0,0
64592780,8244,0,2,0,0,0,0,0,0,0,0,0
64600005,8245,0,2,0,0,0,0,0,0,0,0,0
64607228,8246,0,2,0,0,0,0,0,0,0,0,0
64614452,8247,0,2,0,0,0,0,0,0,0,0,0
64621676,8248,0,2,0,0,0,0,0,0,0,0,0
64628900,8249,0,2,0,0,0,0,0,0,0,0,0
64636124,8250,0,2,0,0,0,0,0,0,0,0,0
64643349,8251,0,2,0,0,0,0,0,0,0,0,0
64650572,8252,0,2,0,0,0,0,0,0,0,0,0
64657796,8253,0,2,0,0,0,0,0,0,0,0,0
64665020,8254,0,2,0,0,0,0,0,0,0,0,0
64672244,8255,0,2,0,0,0,0,0,0,0,0,0
64679468,8256,0,2,0,0,0,0,0,0,0,0,0
64686692,8257,0,2,0,0,0,0,0,0,0,0,0
64693916,8258,0,2,0,0,0,0,0,0,0,0,0
64701140,8259,0,2,0,0,0,0,0,0,0,0,0
64708364,8260,0,2,0,0,0,0,0,0,0,0,0
64715589,8261,0,2,0,0,0,0,0,0,0,0,0
64722812,8262,0,2,0,0,0,0,0,0,0,0,0
64730036,8263,0,2,0,0,0,0,0,0,0,0,0
64737260,8264,0,2,0,0,0,0,0,0,0,0,0
64744484,8265,0,2,0,0,0,0,0,0,0,0,0
64751708,8266,0,2,0,0,0,0,0,0,0,0,0
64758932,8267,0,2,0,0,0,0,0,0,0,0,0
64766156,8268,0,2,0,0,0,0,0,0,0,0,0
64773380,8269,0,2,0,0,0,0,0,0,0,0,0
64780604,8270,0,2,0,0,0,0,0,0,0,0,0
64787829,8271,0,2,0,0,0,0,0,0,0,0,0
64795052,8272,0,2,0,0,0,0,0,0,0,0,0
64802276,8273,0,2,0,0,0,0,0,0,0,0,0
64809500,8274,0,2,0,0,0,0,0,0,0,0,0
64816724,8275,0,2,0,0,0,0,0,0,0,0,0
64823948,8276,0,2,0,0,0,0,0,0,0,0,0
64831172,8277,0,2,0,0,0,0,0,0,0,0,0
64838396,8278,0,2,0,0,0,0,0,0,0,0,0
64845620,8279,0,2,0,0,0,0,0,0,0,0,0
64852844,8280,0,2,0,0,0,0,0,0,0,0,0
64860069,8281,0,2,0,0,0,0,0,0,0,0,0
64867292,8282,0,2,0,0,0,0,0,0,0,0,0
64874516,8283,0,2,0,0,0,0,0,0,0,0,0
64881740,8284,0,2,0,0,0,0,0,0,0,0,0
64888964,8285,0,2,0,0,0,0,0,0,0,0,0
64896188,8286,0,2,0,0,0,0,0,0,0,0,0
64903412,8287,0,2,0,0,0,0,0,0,0,0,0
64910636,8288,0,2,0,0,0,0,0,0,0,0,0
64917860,8289,0,2,0,0,0,0,0,0,0,0,0
64925084,8290,0,2,0,0,0,0,0,0,0,0,0
64932309,8291,0,2,0,0,0,0,0,0,0,0,0
64939532,8292,0,2,0,0,0,0,0,0,0,0,0
64946756,8293,0,2,0,0,0,0,0,0,0,0,0
64953980,8294,0,2,0,0,0,0,0,0,0,0,0
64961204,8295,0,2,0,0,0,0,0,0,0,0,0
64968428,8296,0,2,0,0,0,0,0,0,0,0,0
64975652,8297,0,2,0,0,0,0,0,0,0,0,0
64982876,8298,0,2,0,0,0,0,0,0,0,0,0
64990100,8299,0,2,0,0,0,0,0,0,0,0,0
64997324,8300,0,2,0,0,0,0,0,0,0,0,0
65004549,8301,0,2,0,0,0,0,0,0,0,0,0
65011772,8302,0,2,0,0,0,0,0,0,0,0,0
65018996,8303,0,2,0,0,0,0,0,0,0,0,0
65026220,8304,0,2,0,0,0,0,0,0,0,0,0
65033444,8305,0,2,0,0,0,0,0,0,0,0,0
65040668,8306,0,2,0,0,0,0,0,0,0,0,0
65047892,8307,0,2,0,0,0,0,0,0,0,0,0
65055116,8308,0,2,0,0,0,0,0,0,0,0,0
65062340,8309,0,2,0,0,0,0,0,0,0,0,0
65069564,8310,0,2,0,0,0,0,0,0,0,0,0
65076789,8311,0,2,0,0,0,0,0,0,0,0,0
65084012,8312,0,2,0,0,0,0,0,0,0,0,0
65091236,8313,0,2,0,0,0,0,0,0,0,0,0
65098460,8314,0,2,0,0,0,0,0,0,0,0,0
65105684,8315,0,2,0,0,0,0,0,0,0,0,0
65112908,8316,0,2,0,0,0,0,0,0,0,0,0
65120132,8317,0,2,0,0,0,0,0,0,0,0,0
65127356,8318,0,2,0,0,0,0,0,0,0,0,0
65134580,8319,0,2,0,0,0,0,0,0,0,0,0
65141804,8320,0,2,0,0,0,0,0,0,0,0,0
65149029,8321,0,2,0,0,0,0,0,0,0,0,0
65156252,8322,0,2,0,0,0,0,0,0,0,0,0
65163476,8323,0,2,0,0,0,0,0,0,0,0,0
65170700,8324,0,2,0,0,0,0,0,0,0,0,0
65177924,8325,0,2,0,0,0,0,0,0,0,0,0
65185148,8326,0,2,0,0,0,0,0,0,0,0,0
65192372,8327,0,2,0,0,0,0,0,0,0,0,0
65199596,8328,0,2,0,0,0,0,0,0,0,0,0
65206820,8329,0,2,0,0,0,0,0,0,0,0,0
65214045,8330,0,2,0,0,0,0,0,0,0,0,0
65221269,8331,0,2,0,0,0,0,0,0,0,0,0
65228492,8332,0,2,0,0,0,0,0,0,0,0,0
65235716,8333,0,2,0,0,0,0,0,0,0,0,0
65242940,8334,0,2,0,0,0,0,0,0,0,0,0
65250164,8335,0,2,0,0,0,0,0,0,0,0,0
65257388,8336,0,2,0,0,0,0,0,0,0,0,0
65264612,8337,0,2,0,0,0,0,0,0,0,0,0
65271836,8338,0,2,0,0,0,0,0,0,0,0,0
65279061,8339,0,2,0,0,0,0,0,0,0,0,0
65286284,8340,0,2,0,0,0,0,0,0,0,0,0
65293509,8341,0,2,0,0,0,0,0,0,0,0,0
65300732,8342,0,2,0,0,0,0,0,0,0,0,0
65307956,8343,0,2,0,0,0,0,0,0,0,0,0
65315180,8344,0,2,0,0,0,0,0,0,0,0,0
65322404,8345,0,2,0,0,0,0,0,0,0,0,0
65329628,8346,0,2,0,0,0,0,0,0,0,0,0
65336852,8347,0,2,0,0,0,0,0,0,0,0,0
65344076,8348,0,2,0,0,0,0,0,0,0,0,0
65351300,8349,0,2,0,0,0,0,0,0,0,0,0
65358524,8350,0,2,0,0,0,0,0,0,0,0,0
65365749,8351,0,2,0,0,0,0,0,0,0,0,0
65372972,8352,0,2,0,0,0,0,0,0,0,0,0
65380196,8353,0,2,0,0,0,0,0,0,0,0,0
65387420,8354,0,2,0,0,0,0,0,0,0,0,0
65394644,8355,0,2,0,0,0,0,0,0,0,0,0
65401868,8356,0,2,0,0,0,0,0,0,0,0,0
65409092,8357,0,2,0,0,0,0,0,0,0,0,0
65416316,8358,0,2,0,0,0,0,0,0,0,0,0
65423540,8359,0,2,0,0,0,0,0,0,0,0,0
65430764,8360,0,2,0,0,0,0,0,0,0,0,0
65437989,8361,0,2,0,0,0,0,0,0,0,0,0
65445212,8362,0,2,0,0,0,0,0,0,0,0,0
65452436,8363,0,2,0,0,0,0,0,0,0,0,0
65459660,8364,0,2,0,0,0,0,0,0,0,0,0
65466884,8365,0,2,0,0,0,0,0,0,0,0,0
65474108,8366,0,2,0,0,0,0,0,0,0,0,0
65481332,8367,0,2,0,0,0,0,0,0,0,0,0
65488556,8368,0,2,0,0,0,0,0,0,0,0,0
65495780,8369,0,2,0,0,0,0,0,0,0,0,0
65503005,8370,0,2,0,0,0,0,0,0,0,0,0
65510229,8371,0,2,0,0,0,0,0,0,0,0,0
65517452,8372,0,2,0,0,0,0,0,0,0,0,0
65524676,8373,0,2,0,0,0,0,0,0,0,0,0
65531900,8374,0,2,0,0,0,0,0,0,0,0,0
65539124,8375,0,2,0,0,0,0,0,0,0,0,0
65546348,8376,0,2,0,0,0,0,0,0,0,0,0
65553572,8377,0,2,0,0,0,0,0,0,0,0,0
65560796,8378,0,2,0,0,0,0,0,0,0,0,0
65568020,8379,0,2,0,0,0,0,0,0,0,0,0
65575244,8380,0,2,0,0,0,0,0,0,0,0,0
65582469,8381,0,2,0,0,0,0,0,0,0,0,0
65589692,8382,0,2,0,0,0,0,0,0,0,0,0
65596916,8383,0,2,0,0,0,0,0,0,0,0,0
65604140,8384,0,2,0,0,0,0,0,0,0,0,0
65611364,8385,0,2,0,0,0,0,0,0,0,0,0
65618588,8386,0,2,0,0,0,0,0,0,0,0,0
65625812,8387,0,2,0,0,0,0,0,0,0,0,0
65633036,8388,0,2,0,0,0,0,0,0,0,0,0
65640260,8389,0,2,0,0,0,0,0,0,0,0,0
65647484,8390,0,2,0,0,0,0,0,0,0,0,0
65654709,8391,0,2,0,0,0,0,0,0,0,0,0
65661932,8392,0,2,0,0,0,0,0,0,0,0,0
65669156,8393,0,2,0,0,0,0,0,0,0,0,0
65676380,8394,0,2,0,0,0,0,0,0,0,0,0
65683604,8395,0,2,0,0,0,0,0,0,0,0,0
65690828,8396,0,2,0,0,0,0,0,0,0,0,0
65698052,8397,0,2,0,0,0,0,0,0,0,0,0
65705276,8398,0,2,0,0,0,0,0,0,0,0,0
65712500,8399,0,2,0,0,0,0,0,0,0,0,0
65726343,8400,0,2,0,0,0,0,0,0,0,0,0
65733556,8401,0,2,0,0,0,0,0,0,0,0,0
65740779,8402,0,2,0,0,0,0,0,0,0,0,0
65748003,8403,0,2,0,0,0,0,0,0,0,0,0
65755227,8404,0,2,0,0,0,0,0,0,0,0,0
65762451,8405,0,2,0,0,0,0,0,0,0,0,0
65769675,8406,0,2,0,0,0,0,0,0,0,0,0
65776899,8407,0,2,0,0,0,0,0,0,0,0,0
65784123,8408,0,2,0,0,0,0,0,0,0,0,0
65791347,8409,0,2,0,0,0,0,0,0,0,0,0
65798571,8410,0,2,0,0,0,0,0,0,0,0,0
65805796,8411,0,2,0,0,0,0,0,0,0,0,0
65813019,8412,0,2,0,0,0,0,0,0,0,0,0
65820243,8413,0,2,0,0,0,0,0,0,0,0,0
65827467,8414,0,2,0,0,0,0,0,0,0,0,0
65834691,8415,0,2,0,0,0,0,0,0,0,0,0
65841915,8416,0,2,0,0,0,0,0,0,0,0,0
65849139,8417,0,2,0,0,0,0,0,0,0,0,0
65856363,8418,0,2,0,0,0,0,0,0,0,0,0
65863587,8419,0,2,0,0,0,0,0,0,0,0,0
65870811,8420,0,2,0,0,0,0,0,0,0,0,0
65878036,8421,0,2,0,0,0,0,0,0,0,0,0
65885259,8422,0,2,0,0,0,0,0,0,0,0,0
65892483,8423,0,2,0,0,0,0,0,0,0,0,0
65899707,8424,0,2,0,0,0,0,0,0,0,0,0
65906931,8425,0,2,0,0,0,0,0,0,0,0,0
65914155,8426,0,2,0,0,0,0,0,0,0,0,0
65921379,8427,0,2,0,0,0,0,0,0,0,0,0
65928603,8428,0,2,0,0,0,0,0,0,0,0,0
65935827,8429,0,2,0,0,0,0,0,0,0,0,0
65943051,8430,0,2,0,0,0,0,0,0,0,0,0
65950276,8431,0,2,0,0,0,0,0,0,0,0,0
65957499,8432,0,2,0,0,0,0,0,0,0,0,0
65964723,8433,0,2,0,0,0,0,0,0,0,0,0
65971947,8434,0,2,0,0,0,0,0,0,0,0,0
65979171,8435,0,2,0,0,0,0,0,0,0,0,0
65986395,8436,0,2,0,0,0,0,0,0,0,0,0
65993619,8437,0,2,0,0,0,0,0,0,0,0,0
66000843,8438,0,2,0,0,0,0,0,0,0,0,0
66008067,8439,0,2,0,0,0,0,0,0,0,0,0
66015291,8440,0,2,0,0,0,0,0,0,0,0,0
66022516,8441,0,2,0,0,0,0,0,0,0,0,0
66029739,8442,0,2,0,0,0,0,0,0,0,0,0
66036963,8443,0,2,0,0,0,0,0,0,0,0,0
66044187,8444,0,2,0,0,0,0,0,0,0,0,0
66051411,8445,0,2,0,0,0,0,0,0,0,0,0
66058635,8446,0,2,0,0,0,0,0,0,0,0,0
66065859,8447,0,2,0,0,0,0,0,0,0,0,0
66073083,8448,0,2,0,0,0,0,0,0,0,0,0
66080307,8449,0,2,0,0,0,0,0,0,0,0,0
66087531,8450,0,2,0,0,0,0,0,0,0,0,0
66094756,8451,0,2,0,0,0,0,0,0,0,0,0
66101979,8452,0,2,0,0,0,0,0,0,0,0,0
66109203,8453,0,2,0,0,0,0,0,0,0,0,0
66116427,8454,0,2,0,0,0,0,0,0,0,0,0
66123651,8455,0,2,0,0,0,0,0,0,0,0,0
66130875,8456,0,2,0,0,0,0,0,0,0,0,0
66138099,8457,0,2,0,0,0,0,0,0,0,0,0
66145323,8458,0,2,0,0,0,0,0,0,0,0,0
66152547,8459,0,2,0,0,0,0,0,0,0,0,0
66159771,8460,0,2,0,0,0,0,0,0,0,0,0
66166996,8461,0,2,0,0,0,0,0,0,0,0,0
66174219,8462,0,2,0,0,0,0,0,0,0,0,0
66181443,8463,0,2,0,0,0,0,0,0,0,0,0
66188667,8464,0,2,0,0,0,0,0,0,0,0,0
66195891,8465,0,2,0,0,0,0,0,0,0,0,0
66203115,8466,0,2,0,0,0,0,0,0,0,0,0
66210339,8467,0,2,0,0,0,0,0,0,0,0,0
66217563,8468,0,2,0,0,0,0,0,0,0,0,0
66224787,8469,0,2,0,0,0,0,0,0,0,0,0
66232011,8470,0,2,0,0,0,0,0,0,0,0,0
66239236,8471,0,2,0,0,0,0,0,0,0,0,0
66246459,8472,0,2,0,0,0,0,0,0,0,0,0
66253683,8473,0,2,0,0,0,0,0,0,0,0,0
66260907,8474,0,2,0,0,0,0,0,0,0,0,0
66268131,8475,0,2,0,0,0,0,0,0,0,0,0
66275355,8476,0,2,0,0,0,0,0,0,0,0,0
66282579,8477,0,2,0,0,0,0,0,0,0,0,0
66289803,8478,0,2,0,0,0,0,0,0,0,0,0
66297027,8479,0,2,0,0,0,0,0,0,0,0,0
66304251,8480,0,2,0,0,0,0,0,0,0,0,0
66311476,8481,0,2,0,0,0,0,0,0,0,0,0
66318699,8482,0,2,0,0,0,0,0,0,0,0,0
66325923,8483,0,2,0,0,0,0,0,0,0,0,0
66333147,8484,0,2,0,0,0,0,0,0,0,0,0
66340371,8485,0,2,0,0,0,0,0,0,0,0,0
66347595,8486,0,2,0,0,0,0,0,0,0,0,0
66354819,8487,0,2,0,0,0,0,0,0,0,0,0
66362043,8488,0,2,0,0,0,0,0,0,0,0,0
66369267,8489,0,2,0,0,0,0,0,0,0,0,0
66376491,8490,0,2,0,0,0,0,0,0,0,0,0
66383716,8491,0,2,0,0,0,0,0,0,0,0,0
66390939,8492,0,2,0,0,0,0,0,0,0,0,0
66398163,8493,0,2,0,0,0,0,0,0,0,0,0
66405387,8494,0,2,0,0,0,0,0,0,0,0,0
66412611,8495,0,2,0,0,0,0,0,0,0,0,0
66419835,8496,0,2,0,0,0,0,0,0,0,0,0
66427060,8497,0,2,0,0,0,0,0,0,0,0,0
66434283,8498,0,2,0,0,0,0,0,0,0,0,0
66441508,8499,0,2,0,0,0,0,0,0,0,0,0
66448731,8500,0,2,0,0,0,0,0,0,0,0,0
66455956,8501,0,2,0,0,0,0,0,0,0,0,0
66463179,8502,0,2,0,0,0,0,0,0,0,0,0
66470403,8503,0,2,0,0,0,0,0,0,0,0,0
66477627,8504,0,2,0,0,0,0,0,0,0,0,0
66484851,8505,0,2,0,0,0,0,0,0,0,0,0
66492076,8506,0,2,0,0,0,0,0,0,0,0,0
66499299,8507,0,2,0,0,0,0,0,0,0,0,0
66506523,8508,0,2,0,0,0,0,0,0,0,0,0
66513747,8509,0,2,0,0,0,0,0,0,0,0,0
66520971,8510,0,2,0,0,0,0,0,0,0,0,0
66528196,8511,0,2,0,0,0,0,0,0,0,0,0
66535419,8512,0,2,0,0,0,0,0,0,0,0,0
66542643,8513,0,2,0,0,0,0,0,0,0,0,0
66549867,8514,0,2,0,0,0,0,0,0,0,0,0
66557092,8515,0,2,0,0,0,0,0,0,0,0,0
66564315,8516,0,2,0,0,0,0,0,0,0,0,0
66571539,8517,0,2,0,0,0,0,0,0,0,0,0
66578763,8518,0,2,0,0,0,0,0,0,0,0,0
66585987,8519,0,2,0,0,0,0,0,0,0,0,0
66593211,8520,0,2,0,0,0,0,0,0,0,0,0
66600436,8521,0,2,0,0,0,0,0,0,0,0,0
66607659,8522,0,2,0,0,0,0,0,0,0,0,0
66614883,8523,0,2,0,0,0,0,0,0,0,0,0
66622107,8524,0,2,0,0,0,0,0,0,0,0,0
66629331,8525,0,2,0,0,0,0,0,0,0,0,0
66636555,8526,0,2,0,0,0,0,0,0,0,0,0
66643779,8527,0,2,0,0,0,0,0,0,0,0,0
66651003,8528,0,2,0,0,0,0,0,0,0,0,0
66658227,8529,0,2,0,0,0,0,0,0,0,0,0
66665451,8530,0,2,0,0,0,0,0,0,0,0,0
66672676,8531,0,2,0,0,0,0,0,0,0,0,0
66679899,8532,0,2,0,0,0,0,0,0,0,0,0
66687123,8533,0,2,0,0,0,0,0,0,0,0,0
66694347,8534,0,2,0,0,0,0,0,0,0,0,0
66701571,8535,0,2,0,0,0,0,0,0,0,0,0
66708795,8536,0,2,0,0,0,0,0,0,0,0,0
66716019,8537,0,2,0,0,0,0,0,0,0,0,0
66723243,8538,0,2,0,0,0,0,0,0,0,0,0
66730467,8539,0,2,0,0,0,0,0,0,0,0,0
66737691,8540,0,2,0,0,0,0,0,0,0,0,0
66744916,8541,0,2,0,0,0,0,0,0,0,0,0
66752139,8542,0,2,0,0,0,0,0,0,0,0,0
66759363,8543,0,2,0,0,0,0,0,0,0,0,0
66766587,8544,0,2,0,0,0,0,0,0,0,0,0
66773811,8545,0,2,0,0,0,0,0,0,0,0,0
66781035,8546,0,2,0,0,0,0,0,0,0,0,0
66788259,8547,0,2,0,0,0,0,0,0,0,0,0
66795483,8548,0,2,0,0,0,0,0,0,0,0,0
66802707,8549,0,2,0,0,0,0,0,0,0,0,0
66809931,8550,0,2,0,0,0,0,0,0,0,0,0
66817156,8551,0,2,0,0,0,0,0,0,0,0,0
66824379,8552,0,2,0,0,0,0,0,0,0,0,0
66831603,8553,0,2,0,0,0,0,0,0,0,0,0
66838827,8554,0,2,0,0,0,0,0,0,0,0,0
66846051,8555,0,2,0,0,0,0,0,0,0,0,0
66853275,8556,0,2,0,0,0,0,0,0,0,0,0
66860499,8557,0,2,0,0,0,0,0,0,0,0,0
66867723,8558,0,2,0,0,0,0,0,0,0,0,0
66874947,8559,0,2,0,0,0,0,0,0,0,0,0
66882171,8560,0,2,0,0,0,0,0,0,0,0,0
66889396,8561,0,2,0,0,0,0,0,0,0,0,0
66896619,8562,0,2,0,0,0,0,0,0,0,0,0
66903843,8563,0,2,0,0,0,0,0,0,0,0,0
66911067,8564,0,2,0,0,0,0,0,0,0,0,0
66918291,8565,0,2,0,0,0,0,0,0,0,0,0
66925515,8566,0,2,0,0,0,0,0,0,0,0,0
66932739,8567,0,2,0,0,0,0,0,0,0,0,0
66939963,8568,0,2,0,0,0,0,0,0,0,0,0
66947187,8569,0,2,0,0,0,0,0,0,0,0,0
66954411,8570,0,2,0,0,0,0,0,0,0,0,0
66961636,8571,0,2,0,0,0,0,0,0,0,0,0
66968859,8572,0,2,0,0,0,0,0,0,0,0,0
66976083,8573,0,2,0,0,0,0,0,0,0,0,0
66983307,8574,0,2,0,0,0,0,0,0,0,0,0
66990531,8575,0,2,0,0,0,0,0,0,0,0,0
66997755,8576,0,2,0,0,0,0,0,0,0,0,0
67004979,8577,0,2,0,0,0,0,0,0,0,0,0
67012203,8578,0,2,0,0,0,0,0,0,0,0,0
67019427,8579,0,2,0,0,0,0,0,0,0,0,0
67026651,8580,0,2,0,0,0,0,0,0,0,0,0
67033876,8581,0,2,0,0,0,0,0,0,0,0,0
67041099,8582,0,2,0,0,0,0,0,0,0,0,0
67048323,8583,0,2,0,0,0,0,0,0,0,0,0
67055547,8584,0,2,0,0,0,0,0,0,0,0,0
67062771,8585,0,2,0,0,0,0,0,0,0,0,0
67069995,8586,0,2,0,0,0,0,0,0,0,0,0
67077219,8587,0,2,0,0,0,0,0,0,0,0,0
67084443,8588,0,2,0,0,0,0,0,0,0,0,0
67091667,8589,0,2,0,0,0,0,0,0,0,0,0
67098891,8590,0,2,0,0,0,0,0,0,0,0,0
67106116,8591,0,2,0,0,0,0,0,0,0,0,0
67113339,8592,0,2,0,0,0,0,0,0,0,0,0
67120563,8593,0,2,0,0,0,0,0,0,0,0,0
67127787,8594,0,2,0,0,0,0,0,0,0,0,0
67135011,8595,0,2,0,0,0,0,0,0,0,0,0
67142235,8596,0,2,0,0,0,0,0,0,0,0,0
67149459,8597,0,2,0,0,0,0,0,0,0,0,0
67156683,8598,0,2,0,0,0,0,0,0,0,0,0
67163907,8599,0,2,0,0,0,0,0,0,0,0,0
67171131,8600,0,2,0,0,0,0,0,0,0,0,0
67178356,8601,0,2,0,0,0,0,0,0,0,0,0
67185579,8602,0,2,0,0,0,0,0,0,0,0,0
67192803,8603,0,2,0,0,0,0,0,0,0,0,0
67200027,8604,0,2,0,0,0,0,0,0,0,0,0
67207251,8605,0,2,0,0,0,0,0,0,0,0,0
67214475,8606,0,2,0,0,0,0,0,0,0,0,0
67221699,8607,0,2,0,0,0,0,0,0,0,0,0
67228923,8608,0,2,0,0,0,0,0,0,0,0,0
67236147,8609,0,2,0,0,0,0,0,0,0,0,0
67243371,8610,0,2,0,0,0,0,0,0,0,0,0
67250596,8611,0,2,0,0,0,0,0,0,0,0,0
67257819,8612,0,2,0,0,0,0,0,0,0,0,0
67265043,8613,0,2,0,0,0,0,0,0,0,0,0
67272267,8614,0,2,0,0,0,0,0,0,0,0,0
67279491,8615,0,2,0,0,0,0,0,0,0,0,0
67286715,8616,0,2,0,0,0,0,0,0,0,0,0
67293939,8617,0,2,0,0,0,0,0,0,0,0,0
67301163,8618,0,2,0,0,0,0,0,0,0,0,0
67308387,8619,0,2,0,0,0,0,0,0,0,0,0
67315611,8620,0,2,0,0,0,0,0,0,0,0,0
67322836,8621,0,2,0,0,0,0,0,0,0,0,0
67330060,8622,0,2,0,0,0,0,0,0,0,0,0
67337283,8623,0,2,0,0,0,0,0,0,0,0,0
67344508,8624,0,2,0,0,0,0,0,0,0,0,0
67351731,8625,0,2,0,0,0,0,0,0,0,0,0
67358955,8626,0,2,0,0,0,0,0,0,0,0,0
67370416,8627,0,2,0,0,0,0,0,0,0,0,0
67377628,8628,0,2,0,0,0,0,0,0,0,0,0
67384852,8629,0,2,0,0,0,0,0,0,0,0,0
67392076,8630,0,2,0,0,0,0,0,0,0,0,0
67399301,8631,0,2,0,0,0,0,0,0,0,0,0
67406524,8632,0,2,0,0,0,0,0,0,0,0,0
67413748,8633,0,2,0,0,0,0,0,0,0,0,0
67420972,8634,0,2,0,0,0,0,0,0,0,0,0
67428196,8635,0,2,0,0,0,0,0,0,0,0,0
67435420,8636,0,2,0,0,0,0,0,0,0,0,0
67442644,8637,0,2,0,0,0,0,0,0,0,0,0
67449868,8638,0,2,0,0,0,0,0,0,0,0,0
67457092,8639,0,2,0,0,0,0,0,0,0,0,0
67464316,8640,0,2,0,0,0,0,0,0,0,0,0
67471541,8641,0,2,0,0,0,0,0,0,0,0,0
67478764,8642,0,2,0,0,0,0,0,0,0,0,0
67485988,8643,0,2,0,0,0,0,0,0,0,0,0
67493212,8644,0,2,0,0,0,0,0,0,0,0,0
67500436,8645,0,2,0,0,0,0,0,0,0,0,0
67507660,8646,0,2,0,0,0,0,0,0,0,0,0
67514884,8647,0,2,0,0,0,0,0,0,0,0,0
67522108,8648,0,2,0,0,0,0,0,0,0,0,0
67529332,8649,0,2,0,0,0,0,0,0,0,0,0
67536556,8650,0,2,0,0,0,0,0,0,0,0,0
67543781,8651,0,2,0,0,0,0,0,0,0,0,0
67551004,8652,0,2,0,0,0,0,0,0,0,0,0
67558228,8653,0,2,0,0,0,0,0,0,0,0,0
67565452,8654,0,2,0,0,0,0,0,0,0,0,0
67572676,8655,0,2,0,0,0,0,0,0,0,0,0
67579900,8656,0,2,0,0,0,0,0,0,0,0,0
67587124,8657,0,2,0,0,0,0,0,0,0,0,0
67594348,8658,0,2,0,0,0,0,0,0,0,0,0
67601572,8659,0,2,0,0,0,0,0,0,0,0,0
67608796,8660,0,2,0,0,0,0,0,0,0,0,0
67616021,8661,0,2,0,0,0,0,0,0,0,0,0
67623244,8662,0,2,0,0,0,0,0,0,0,0,0
67630468,8663,0,2,0,0,0,0,0,0,0,0,0
67637692,8664,0,2,0,0,0,0,0,0,0,0,0
67644916,8665,0,2,0,0,0,0,0,0,0,0,0
67652140,8666,0,2,0,0,0,0,0,0,0,0,0
67659364,8667,0,2,0,0,0,0,0,0,0,0,0
67666588,8668,0,2,0,0,0,0,0,0,0,0,0
67673812,8669,0,2,0,0,0,0,0,0,0,0,0
67681036,8670,0,2,0,0,0,0,0,0,0,0,0
67688261,8671,0,2,0,0,0,0,0,0,0,0,0
67695484,8672,0,2,0,0,0,0,0,0,0,0,0
67702708,8673,0,2,0,0,0,0,0,0,0,0,0
67709932,8674,0,2,0,0,0,0,0,0,0,0,0
67717156,8675,0,2,0,0,0,0,0,0,0,0,0
67724380,8676,0,2,0,0,0,0,0,0,0,0,0
67731604,8677,0,2,0,0,0,0,0,0,0,0,0
67738828,8678,0,2,0,0,0,0,0,0,0,0,0
67746052,8679,0,2,0,0,0,0,0,0,0,0,0
67753276,8680,0,2,0,0,0,0,0,0,0,0,0
67760501,8681,0,2,0,0,0,0,0,0,0,0,0
67767724,8682,0,2,0,0,0,0,0,0,0,0,0
67774948,8683,0,2,0,0,0,0,0,0,0,0,0
67782172,8684,0,2,0,0,0,0,0,0,0,0,0
67789396,8685,0,2,0,0,0,0,0,0,0,0,0
67796620,8686,0,2,0,0,0,0,0,0,0,0,0
67803844,8687,0,2,0,0,0,0,0,0,0,0,0
67811068,8688,0,2,0,0,0,0,0,0,0,0,0
67818292,8689,0,2,0,0,0,0,0,0,0,0,0
67825516,8690,0,2,0,0,0,0,0,0,0,0,0
67832741,8691,0,2,0,0,0,0,0,0,0,0,0
67839964,8692,0,2,0,0,0,0,0,0,0,0,0
67847188,8693,0,2,0,0,0,0,0,0,0,0,0
67854412,8694,0,2,0,0,0,0,0,0,0,0,0
67861636,8695,0,2,0,0,0,0,0,0,0,0,0
67868860,8696,0,2,0,0,0,0,0,0,0,0,0
67876084,8697,0,2,0,0,0,0,0,0,0,0,0
67883308,8698,0,2,0,0,0,0,0,0,0,0,0
67890532,8699,0,2,0,0,0,0,0,0,0,0,0
67897756,8700,0,2,0,0,0,0,0,0,0,0,0
67904981,8701,0,2,0,0,0,0,0,0,0,0,0
67912204,8702,0,2,0,0,0,0,0,0,0,0,0
67919428,8703,0,2,0,0,0,0,0,0,0,0,0
67926652,8704,0,2,0,0,0,0,0,0,0,0,0
67933876,8705,0,2,0,0,0,0,0,0,0,0,0
67941100,8706,0,2,0,0,0,0,0,0,0,0,0
67948324,8707,0,2,0,0,0,0,0,0,0,0,0
67955548,8708,0,2,0,0,0,0,0,0,0,0,0
67962772,8709,0,2,0,0,0,0,0,0,0,0,0
67969996,8710,0,2,0,0,0,0,0,0,0,0,0
67977221,8711,0,2,0,0,0,0,0,0,0,0,0
67984444,8712,0,2,0,0,0,0,0,0,0,0,0
67991668,8713,0,2,0,0,0,0,0,0,0,0,0
67998892,8714,0,2,0,0,0,0,0,0,0,0,0
68006117,8715,0,2,0,0,0,0,0,0,0,0,0
68013340,8716,0,2,0,0,0,0,0,0,0,0,0
68020564,8717,0,2,0,0,0,0,0,0,0,0,0
68027788,8718,0,2,0,0,0,0,0,0,0,0,0
68035012,8719,0,2,0,0,0,0,0,0,0,0,0
68042236,8720,0,2,0,0,0,0,0,0,0,0,0
68049461,8721,0,2,0,0,0,0,0,0,0,0,0
68056684,8722,0,2,0,0,0,0,0,0,0,0,0
68063908,8723,0,2,0,0,0,0,0,0,0,0,0
68071132,8724,0,2,0,0,0,0,0,0,0,0,0
68078356,8725,0,2,0,0,0,0,0,0,0,0,0
68085580,8726,0,2,0,0,0,0,0,0,0,0,0
68092804,8727,0,2,0,0,0,0,0,0,0,0,0
68100029,8728,0,2,0,0,0,0,0,0,0,0,0
68107252,8729,0,2,0,0,0,0,0,0,0,0,0
68114476,8730,0,2,0,0,0,0,0,0,0,0,0
68121701,8731,0,2,0,0,0,0,0,0,0,0,0
68128924,8732,0,2,0,0,0,0,0,0,0,0,0
68136148,8733,0,2,0,0,0,0,0,0,0,0,0
68143372,8734,0,2,0,0,0,0,0,0,0,0,0
68150596,8735,0,2,0,0,0,0,0,0,0,0,0
68157820,8736,0,2,0,0,0,0,0,0,0,0,0
68165045,8737,0,2,0,0,0,0,0,0,0,0,0
68172268,8738,0,2,0,0,0,0,0,0,0,0,0
68179492,8739,0,2,0,0,0,0,0,0,0,0,0
68186716,8740,0,2,0,0,0,0,0,0,0,0,0
68193941,8741,0,2,0,0,0,0,0,0,0,0,0
68201164,8742,0,2,0,0,0,0,0,0,0,0,0
68208388,8743,0,2,0,0,0,0,0,0,0,0,0
68215612,8744,0,2,0,0,0,0,0,0,0,0,0
68222836,8745,0,2,0,0,0,0,0,0,0,0,0
68230061,8746,0,2,0,0,0,0,0,0,0,0,0
68237284,8747,0,2,0,0,0,0,0,0,0,0,0
68244508,8748,0,2,0,0,0,0,0,0,0,0,0
68251732,8749,0,2,0,0,0,0,0,0,0,0,0
68258956,8750,0,2,0,0,0,0,0,0,0,0,0
68266181,8751,0,2,0,0,0,0,0,0,0,0,0
68273404,8752,0,2,0,0,0,0,0,0,0,0,0
68280628,8753,0,2,0,0,0,0,0,0,0,0,0
68287852,8754,0,2,0,0,0,0,0,0,0,0,0
68295076,8755,0,2,0,0,0,0,0,0,0,0,0
68302300,8756,0,2,0,0,0,0,0,0,0,0,0
68309524,8757,0,2,0,0,0,0,0,0,0,0,0
68316748,8758,0,2,0,0,0,0,0,0,0,0,0
68323972,8759,0,2,0,0,0,0,0,0,0,0,0
68331196,8760,0,2,0,0,0,0,0,0,0,0,0
68338421,8761,0,2,0,0,0,0,0,0,0,0,0
68345644,8762,0,2,0,0,0,0,0,0,0,0,0
68352868,8763,0,2,0,0,0,0,0,0,0,0,0
68360092,8764,0,2,0,0,0,0,0,0,0,0,0
68367316,8765,0,2,0,0,0,0,0,0,0,0,0
68374540,8766,0,2,0,0,0,0,0,0,0,0,0
68381764,8767,0,2,0,0,0,0,0,0,0,0,0
68388988,8768,0,2,0,0,0,0,0,0,0,0,0
68396212,8769,0,2,0,0,0,0,0,0,0,0,0
68403436,8770,0,2,0,0,0,0,0,0,0,0,0
68410661,8771,0,2,0,0,0,0,0,0,0,0,0
68417884,8772,0,2,0,0,0,0,0,0,0,0,0
68425108,8773,0,2,0,0,0,0,0,0,0,0,0
68432332,8774,0,2,0,0,0,0,0,0,0,0,0
68439556,8775,0,2,0,0,0,0,0,0,0,0,0
68446780,8776,0,2,0,0,0,0,0,0,0,0,0
68454005,8777,0,2,0,0,0,0,0,0,0,0,0
68461228,8778,0,2,0,0,0,0,0,0,0,0,0
68468452,8779,0,2,0,0,0,0,0,0,0,0,0
68475676,8780,0,2,0,0,0,0,0,0,0,0,0
68482901,8781,0,2,0,0,0,0,0,0,0,0,0
68490124,8782,0,2,0,0,0,0,0,0,0,0,0
68497348,8783,0,2,0,0,0,0,0,0,0,0,0
68504572,8784,0,2,0,0,0,0,0,0,0,0,0
68511796,8785,0,2,0,0,0,0,0,0,0,0,0
68519020,8786,0,2,0,0,0,0,0,0,0,0,0
68526244,8787,0,2,0,0,0,0,0,0,0,0,0
68533468,8788,0,2,0,0,0,0,0,0,0,0,0
68540692,8789,0,2,0,0,0,0,0,0,0,0,0
68547916,8790,0,2,0,0,0,0,0,0,0,0,0
68555141,8791,0,2,0,0,0,0,0,0,0,0,0
68562364,8792,0,2,0,0,0,0,0,0,0,0,0
68569588,8793,0,2,0,0,0,0,0,0,0,0,0
68576812,8794,0,2,0,0,0,0,0,0,0,0,0
68584036,8795,0,2,0,0,0,0,0,0,0,0,0
68591260,8796,0,2,0,0,0,0,0,0,0,0,0
68598484,8797,0,2,0,0,0,0,0,0,0,0,0
68605708,8798,0,2,0,0,0,0,0,0,0,0,0
68612932,8799,0,2,0,0,0,0,0,0,0,0,0
68620156,8800,0,2,0,0,0,0,0,0,0,0,0
68627381,8801,0,2,0,0,0,0,0,0,0,0,0
68634604,8802,0,2,0,0,0,0,0,0,0,0,0
68641828,8803,0,2,0,0,0,0,0,0,0,0,0
68649052,8804,0,2,0,0,0,0,0,0,0,0,0
68656276,8805,0,2,0,0,0,0,0,0,0,0,0
68663500,8806,0,2,0,0,0,0,0,0,0,0,0
68670724,8807,0,2,0,0,0,0,0,0,0,0,0
68677948,8808,0,2,0,0,0,0,0,0,0,0,0
68685172,8809,0,2,0,0,0,0,0,0,0,0,0
68692396,8810,0,2,0,0,0,0,0,0,0,0,0
68699621,8811,0,2,0,0,0,0,0,0,0,0,0
68706844,8812,0,2,0,0,0,0,0,0,0,0,0
68714068,8813,0,2,0,0,0,0,0,0,0,0,0
68721292,8814,0,2,0,0,0,0,0,0,0,0,0
68728516,8815,0,2,0,0,0,0,0,0,0,0,0
68735740,8816,0,2,0,0,0,0,0,0,0,0,0
68742964,8817,0,2,0,0,0,0,0,0,0,0,0
68750188,8818,0,2,0,0,0,0,0,0,0,0,0
68757412,8819,0,2,0,0,0,0,0,0,0,0,0
68764636,8820,0,2,0,0,0,0,0,0,0,0,0
68771861,8821,0,2,0,0,0,0,0,0,0,0,0
68779084,8822,0,2,0,0,0,0,0,0,0,0,0
68786308,8823,0,2,0,0,0,0,0,0,0,0,0
68793532,8824,0,2,0,0,0,0,0,0,0,0,0
68800756,8825,0,2,0,0,0,0,0,0,0,0,0
68807980,8826,0,2,0,0,0,0,0,0,0,0,0
68815204,8827,0,2,0,0,0,0,0,0,0,0,0
68822428,8828,0,2,0,0,0,0,0,0,0,0,0
68829652,8829,0,2,0,0,0,0,0,0,0,0,0
68836876,8830,0,2,0,0,0,0,0,0,0,0,0
68844101,8831,0,2,0,0,0,0,0,0,0,0,0
68851324,8832,0,2,0,0,0,0,0,0,0,0,0
68858548,8833,0,2,0,0,0,0,0,0,0,0,0
68865772,8834,0,2,0,0,0,0,0,0,0,0,0
68872996,8835,0,2,0,0,0,0,0,0,0,0,0
68880220,8836,0,2,0,0,0,0,0,0,0,0,0
68887444,8837,0,2,0,0,0,0,0,0,0,0,0
68894668,8838,0,2,0,0,0,0,0,0,0,0,0
68901892,8839,0,2,0,0,0,0,0,0,0,0,0
68909116,8840,0,2,0,0,0,0,0,0,0,0,0
68916341,8841,0,2,0,0,0,0,0,0,0,0,0
68923564,8842,0,2,0,0,0,0,0,0,0,0,0
68930788,8843,0,2,0,0,0,0,0,0,0,0,0
68938012,8844,0,2,0,0,0,0,0,0,0,0,0
68945236,8845,0,2,0,0,0,0,0,0,0,0,0
68952460,8846,0,2,0,0,0,0,0,0,0,0,0
68959684,8847,0,2,0,0,0,0,0,0,0,0,0
68966908,8848,0,2,0,0,0,0,0,0,0,0,0
68974132,8849,0,2,0,0,0,0,0,0,0,0,0
68981356,8850,0,2,0,0,0,0,0,0,0,0,0
68988581,8851,0,2,0,0,0,0,0,0,0,0,0
68995804,8852,0,2,0,0,0,0,0,0,0,0,0
69003029,8853,0,2,0,0,0,0,0,0,0,0,0
69016626,8854,0,2,0,0,0,0,0,0,0,0,0
69023838,8855,0,2,0,0,0,0,0,0,0,0,0
69031062,8856,0,2,0,0,0,0,0,0,0,0,0
69038286,8857,0,2,0,0,0,0,0,0,0,0,0
69045510,8858,0,2,0,0,0,0,0,0,0,0,0
69052734,8859,0,2,0,0,0,0,0,0,0,0,0
69059958,8860,0,2,0,0,0,0,0,0,0,0,0
69067183,8861,0,2,0,0,0,0,0,0,0,0,0
69074406,8862,0,2,0,0,0,0,0,0,0,0,0
69081630,8863,0,2,0,0,0,0,0,0,0,0,0
69088854,8864,0,2,0,0,0,0,0,0,0,0,0
69096078,8865,0,2,0,0,0,0,0,0,0,0,0
69103302,8866,0,2,0,0,0,0,0,0,0,0,0
69110526,8867,0,2,0,0,0,0,0,0,0,0,0
69117750,8868,0,2,0,0,0,0,0,0,0,0,0
69124974,8869,0,2,0,0,0,0,0,0,0,0,0
69132198,8870,0,2,0,0,0,0,0,0,0,0,0
69139423,8871,0,2,0,0,0,0,0,0,0,0,0
69146646,8872,0,2,0,0,0,0,0,0,0,0,0
69153870,8873,0,2,0,0,0,0,0,0,0,0,0
69161094,8874,0,2,0,0,0,0,0,0,0,0,0
69168318,8875,0,2,0,0,0,0,0,0,0,0,0
69175542,8876,0,2,0,0,0,0,0,0,0,0,0
69182766,8877,0,2,0,0,0,0,0,0,0,0,0
69189990,8878,0,2,0,0,0,0,0,0,0,0,0
69197214,8879,0,2,0,0,0,0,0,0,0,0,0
69204438,8880,0,2,0,0,0,0,0,0,0,0,0
69211663,8881,0,2,0,0,0,0,0,0,0,0,0
69218886,8882,0,2,0,0,0,0,0,0,0,0,0
69226110,8883,0,2,0,0,0,0,0,0,0,0,0
69233334,8884,0,2,0,0,0,0,0,0,0,0,0
69240558,8885,0,2,0,0,0,0,0,0,0,0,0
69247782,8886,0,2,0,0,0,0,0,0,0,0,0
69255006,8887,0,2,0,0,0,0,0,0,0,0,0
69262230,8888,0,2,0,0,0,0,0,0,0,0,0
69269454,8889,0,2,0,0,0,0,0,0,0,0,0
69276678,8890,0,2,0,0,0,0,0,0,0,0,0
69283903,8891,0,2,0,0,0,0,0,0,0,0,0
69291126,8892,0,2,0,0,0,0,0,0,0,0,0
69298350,8893,0,2,0,0,0,0,0,0,0,0,0
69305574,8894,0,2,0,0,0,0,0,0,0,0,0
69312798,8895,0,2,0,0,0,0,0,0,0,0,0
69320022,8896,0,2,0,0,0,0,0,0,0,0,0
69327246,8897,0,2,0,0,0,0,0,0,0,0,0
69334470,8898,0,2,0,0,0,0,0,0,0,0,0
69341694,8899,0,2,0,0,0,0,0,0,0,0,0
69348918,8900,0,2,0,0,0,0,0,0,0,0,0
69356143,8901,0,2,0,0,0,0,0,0,0,0,0
69363366,8902,0,2,0,0,0,0,0,0,0,0,0
69370590,8903,0,2,0,0,0,0,0,0,0,0,0
69377814,8904,0,2,0,0,0,0,0,0,0,0,0
69385038,8905,0,2,0,0,0,0,0,0,0,0,0
69392262,8906,0,2,0,0,0,0,0,0,0,0,0
69399486,8907,0,2,0,0,0,0,0,0,0,0,0
69406710,8908,0,2,0,0,0,0,0,0,0,0,0
69413934,8909,0,2,0,0,0,0,0,0,0,0,0
69421158,8910,0,2,0,0,0,0,0,0,0,0,0
69428383,8911,0,2,0,0,0,0,0,0,0,0,0
69435606,8912,0,2,0,0,0,0,0,0,0,0,0
69442830,8913,0,2,0,0,0,0,0,0,0,0,0
69450054,8914,0,2,0,0,0,0,0,0,0,0,0
69457278,8915,0,2,0,0,0,0,0,0,0,0,0
69464502,8916,0,2,0,0,0,0,0,0,0,0,0
69471726,8917,0,2,0,0,0,0,0,0,0,0,0
69478950,8918,0,2,0,0,0,0,0,0,0,0,0
69486174,8919,0,2,0,0,0,0,0,0,0,0,0
69493398,8920,0,2,0,0,0,0,0,0,0,0,0
69500623,8921,0,2,0,0,0,0,0,0,0,0,0
69507846,8922,0,2,0,0,0,0,0,0,0,0,0
69515070,8923,0,2,0,0,0,0,0,0,0,0,0
69522294,8924,0,2,0,0,0,0,0,0,0,0,0
69529518,8925,0,2,0,0,0,0,0,0,0,0,0
69536742,8926,0,2,0,0,0,0,0,0,0,0,0
69543966,8927,0,2,0,0,0,0,0,0,0,0,0
69551190,8928,0,2,0,0,0,0,0,0,0,0,0
69558414,8929,0,2,0,0,0,0,0,0,0,0,0
69565638,8930,0,2,0,0,0,0,0,0,0,0,0
69572863,8931,0,2,0,0,0,0,0,0,0,0,0
69580086,8932,0,2,0,0,0,0,0,0,0,0,0
69587310,8933,0,2,0,0,0,0,0,0,0,0,0
69594534,8934,0,2,0,0,0,0,0,0,0,0,0
69601758,8935,0,2,0,0,0,0,0,0,0,0,0
69608982,8936,0,2,0,0,0,0,0,0,0,0,0
69616206,8937,0,2,0,0,0,0,0,0,0,0,0
69623430,8938,0,2,0,0,0,0,0,0,0,0,0
69630654,8939,0,2,0,0,0,0,0,0,0,0,0
69637878,8940,0,2,0,0,0,0,0,0,0,0,0
69645103,8941,0,2,0,0,0,0,0,0,0,0,0
69652326,8942,0,2,0,0,0,0,0,0,0,0,0
69659550,8943,0,2,0,0,0,0,0,0,0,0,0
69666774,8944,0,2,0,0,0,0,0,0,0,0,0
69673998,8945,0,2,0,0,0,0,0,0,0,0,0
69681222,8946,0,2,0,0,0,0,0,0,0,0,0
69688446,8947,0,2,0,0,0,0,0,0,0,0,0
69695670,8948,0,2,0,0,0,0,0,0,0,0,0
69702894,8949,0,2,0,0,0,0,0,0,0,0,0
69710118,8950,0,2,0,0,0,0,0,0,0,0,0
69717343,8951,0,2,0,0,0,0,0,0,0,0,0
69724566,8952,0,2,0,0,0,0,0,0,0,0,0
69731790,8953,0,2,0,0,0,0,0,0,0,0,0
69739014,8954,0,2,0,0,0,0,0,0,0,0,0
69746238,8955,0,2,0,0,0,0,0,0,0,0,0
69753462,8956,0,2,0,0,0,0,0,0,0,0,0
69760686,8957,0,2,0,0,0,0,0,0,0,0,0
69767910,8958,0,2,0,0,0,0,0,0,0,0,0
69775134,8959,0,2,0,0,0,0,0,0,0,0,0
69782358,8960,0,2,0,0,0,0,0,0,0,0,0
69789583,8961,0,2,0,0,0,0,0,0,0,0,0
69796806,8962,0,2,0,0,0,0,0,0,0,0,0
69804030,8963,0,2,0,0,0,0,0,0,0,0,0
69811254,8964,0,2,0,0,0,0,0,0,0,0,0
69818478,8965,0,2,0,0,0,0,0,0,0,0,0
69825702,8966,0,2,0,0,0,0,0,0,0,0,0
69832926,8967,0,2,0,0,0,0,0,0,0,0,0
69840150,8968,0,2,0,0,0,0,0,0,0,0,0
69847374,8969,0,2,0,0,0,0,0,0,0,0,0
69854598,8970,0,2,0,0,0,0,0,0,0,0,0
69861823,8971,0,2,0,0,0,0,0,0,0,0,0
69869046,8972,0,2,0,0,0,0,0,0,0,0,0
69876270,8973,0,2,0,0,0,0,0,0,0,0,0
69883494,8974,0,2,0,0,0,0,0,0,0,0,0
69890718,8975,0,2,0,0,0,0,0,0,0,0,0
69897942,8976,0,2,0,0,0,0,0,0,0,0,0
69905166,8977,0,2,0,0,0,0,0,0,0,0,0
69912390,8978,0,2,0,0,0,0,0,0,0,0,0
69919614,8979,0,2,0,0,0,0,0,0,0,0,0
69926838,8980,0,2,0,0,0,0,0,0,0,0,0
69934063,8981,0,2,0,0,0,0,0,0,0,0,0
69941286,8982,0,2,0,0,0,0,0,0,0,0,0
69948510,8983,0,2,0,0,0,0,0,0,0,0,0
69955734,8984,0,2,0,0,0,0,0,0,0,0,0
69962958,8985,0,2,0,0,0,0,0,0,0,0,0
69970182,8986,0,2,0,0,0,0,0,0,0,0,0
69977406,8987,0,2,0,0,0,0,0,0,0,0,0
69984630,8988,0,2,0,0,0,0,0,0,0,0,0
69991854,8989,0,2,0,0,0,0,0,0,0,0,0
69999078,8990,0,2,0,0,0,0,0,0,0,0,0
70006303,8991,0,2,0,0,0,0,0,0,0,0,0
70013526,8992,0,2,0,0,0,0,0,0,0,0,0
70020750,8993,0,2,0,0,0,0,0,0,0,0,0
70027974,8994,0,2,0,0,0,0,0,0,0,0,0
70035198,8995,0,2,0,0,0,0,0,0,0,0,0
70042422,8996,0,2,0,0,0,0,0,0,0,0,0
70049646,8997,0,2,0,0,0,0,0,0,0,0,0
70056870,8998,0,2,0,0,0,0,0,0,0,0,0
70064094,8999,0,2,0,0,0,0,0,0,0,0,0
70071318,9000,0,2,0,0,0,0,0,0,0,0,0
70078543,9001,0,2,0,0,0,0,0,0,0,0,0
70085766,9002,0,2,0,0,0,0,0,0,0,0,0
70092990,9003,0,2,0,0,0,0,0,0,0,0,0
70100214,9004,0,2,0,0,0,0,0,0,0,0,0
70107438,9005,0,2,0,0,0,0,0,0,0,0,0
70114662,9006,0,2,0,0,0,0,0,0,0,0,0
70121886,9007,0,2,0,0,0,0,0,0,0,0,0
70129110,9008,0,2,0,0,0,0,0,0,0,0,0
70136334,9009,0,2,0,0,0,0,0,0,0,0,0
70143558,9010,0,2,0,0,0,0,0,0,0,0,0
70150783,9011,0,2,0,0,0,0,0,0,0,0,0
70158006,9012,0,2,0,0,0,0,0,0,0,0,0
70165230,9013,0,2,0,0,0,0,0,0,0,0,0
70172454,9014,0,2,0,0,0,0,0,0,0,0,0
70179678,9015,0,2,0,0,0,0,0,0,0,0,0
70186902,9016,0,2,0,0,0,0,0,0,0,0,0
70194126,9017,0,2,0,0,0,0,0,0,0,0,0
70201350,9018,0,2,0,0,0,0,0,0,0,0,0
70208574,9019,0,2,0,0,0,0,0,0,0,0,0
70215798,9020,0,2,0,0,0,0,0,0,0,0,0
70223023,9021,0,2,0,0,0,0,0,0,0,0,0
70230246,9022,0,2,0,0,0,0,0,0,0,0,0
70237470,9023,0,2,0,0,0,0,0,0,0,0,0
70244694,9024,0,2,0,0,0,0,0,0,0,0,0
70251918,9025,0,2,0,0,0,0,0,0,0,0,0
70259142,9026,0,2,0,0,0,0,0,0,0,0,0
70266366,9027,0,2,0,0,0,0,0,0,0,0,0
70273590,9028,0,2,0,0,0,0,0,0,0,0,0
70280814,9029,0,2,0,0,0,0,0,0,0,0,0
70288038,9030,0,2,0,0,0,0,0,0,0,0,0
70295263,9031,0,2,0,0,0,0,0,0,0,0,0
70302486,9032,0,2,0,0,0,0,0,0,0,0,0
70309710,9033,0,2,0,0,0,0,0,0,0,0,0
70316934,9034,0,2,0,0,0,0,0,0,0,0,0
70324158,9035,0,2,0,0,0,0,0,0,0,0,0
70331382,9036,0,2,0,0,0,0,0,0,0,0,0
70338606,9037,0,2,0,0,0,0,0,0,0,0,0
70345830,9038,0,2,0,0,0,0,0,0,0,0,0
70353054,9039,0,2,0,0,0,0,0,0,0,0,0
70360278,9040,0,2,0,0,0,0,0,0,0,0,0
70367503,9041,0,2,0,0,0,0,0,0,0,0,0
70374726,9042,0,2,0,0,0,0,0,0,0,0,0
70381950,9043,0,2,0,0,0,0,0,0,0,0,0
70389174,9044,0,2,0,0,0,0,0,0,0,0,0
70396398,9045,0,2,0,0,0,0,0,0,0,0,0
70403622,9046,0,2,0,0,0,0,0,0,0,0,0
70410846,9047,0,2,0,0,0,0,0,0,0,0,0
70418070,9048,0,2,0,0,0,0,0,0,0,0,0
70425294,9049,0,2,0,0,0,0,0,0,0,0,0
70432518,9050,0,2,0,0,0,0,0,0,0,0,0
70439743,9051,0,2,0,0,0,0,0,0,0,0,0
70446966,9052,0,2,0,0,0,0,0,0,0,0,0
70454190,9053,0,2,0,0,0,0,0,0,0,0,0
70461414,9054,0,2,0,0,0,0,0,0,0,0,0
70468638,9055,0,2,0,0,0,0,0,0,0,0,0
70475862,9056,0,2,0,0,0,0,0,0,0,0,0
70483086,9057,0,2,0,0,0,0,0,0,0,0,0
70490310,9058,0,2,0,0,0,0,0,0,0,0,0
70497534,9059,0,2,0,0,0,0,0,0,0,0,0
70504758,9060,0,2,0,0,0,0,0,0,0,0,0
70511983,9061,0,2,0,0,0,0,0,0,0,0,0
70519206,9062,0,2,0,0,0,0,0,0,0,0,0
70526430,9063,0,2,0,0,0,0,0,0,0,0,0
70533654,9064,0,2,0,0,0,0,0,0,0,0,0
70540878,9065,0,2,0,0,0,0,0,0,0,0,0
70548102,9066,0,2,0,0,0,0,0,0,0,0,0
70555326,9067,0,2,0,0,0,0,0,0,0,0,0
70562550,9068,0,2,0,0,0,0,0,0,0,0,0
70569774,9069,0,2,0,0,0,0,0,0,0,0,0
70576998,9070,0,2,0,0,0,0,0,0,0,0,0
70584223,9071,0,2,0,0,0,0,0,0,0,0,0
70591446,9072,0,2,0,0,0,0,0,0,0,0,0
70598670,9073,0,2,0,0,0,0,0,0,0,0,0
70605894,9074,0,2,0,0,0,0,0,0,0,0,0
70613118,9075,0,2,0,0,0,0,0,0,0,0,0
70620342,9076,0,2,0,0,0,0,0,0,0,0,0
70627566,9077,0,2,0,0,0,0,0,0,0,0,0
70634790,9078,0,2,0,0,0,0,0,0,0,0,0
70642014,9079,0,2,0,0,0,0,0,0,0,0,0
70649238,9080,0,2,0,0,0,0,0,0,0,0,0
70661117,9081,0,2,0,0,0,0,0,0,0,0,0
70668329,9082,0,2,0,0,0,0,0,0,0,0,0
70675553,9083,0,2,0,0,0,0,0,0,0,0,0
70682777,9084,0,2,0,0,0,0,0,0,0,0,0
70690001,9085,0,2,0,0,0,0,0,0,0,0,0
70697225,9086,0,2,0,0,0,0,0,0,0,0,0
70704449,9087,0,2,0,0,0,0,0,0,0,0,0
70711673,9088,0,2,0,0,0,0,0,0,0,0,0
70718897,9089,0,2,0,0,0,0,0,0,0,0,0
70726121,9090,0,2,0,0,0,0,0,0,0,0,0
70733346,9091,0,2,0,0,0,0,0,0,0,0,0
70740569,9092,0,2,0,0,0,0,0,0,0,0,0
70747793,9093,0,2,0,0,0,0,0,0,0,0,0
70755017,9094,0,2,0,0,0,0,0,0,0,0,0
70762241,9095,0,2,0,0,0,0,0,0,0,0,0
70769465,9096,0,2,0,0,0,0,0,0,0,0,0
70776689,9097,0,2,0,0,0,0,0,0,0,0,0
70783913,9098,0,2,0,0,0,0,0,0,0,0,0
70791137,9099,0,2,0,0,0,0,0,0,0,0,0
70798361,9100,0,2,0,0,0,0,0,0,0,0,0
70805586,9101,0,2,0,0,0,0,0,0,0,0,0
70812809,9102,0,2,0,0,0,0,0,0,0,0,0
70820033,9103,0,2,0,0,0,0,0,0,0,0,0
70827257,9104,0,2,0,0,0,0,0,0,0,0,0
70834481,9105,0,2,0,0,0,0,0,0,0,0,0
70841705,9106,0,2,0,0,0,0,0,0,0,0,0
70848929,9107,0,2,0,0,0,0,0,0,0,0,0
70856153,9108,0,2,0,0,0,0,0,0,0,0,0
70863377,9109,0,2,0,0,0,0,0,0,0,0,0
70870601,9110,0,2,0,0,0,0,0,0,0,0,0
70877826,9111,0,2,0,0,0,0,0,0,0,0,0
70885049,9112,0,2,0,0,0,0,0,0,0,0,0
70892273,9113,0,2,0,0,0,0,0,0,0,0,0
70899497,9114,0,2,0,0,0,0,0,0,0,0,0
70906721,9115,0,2,0,0,0,0,0,0,0,0,0
70913945,9116,0,2,0,0,0,0,0,0,0,0,0
70921169,9117,0,2,0,0,0,0,0,0,0,0,0
70928393,9118,0,2,0,0,0,0,0,0,0,0,0
70935617,9119,0,2,0,0,0,0,0,0,0,0,0
70942841,9120,0,2,0,0,0,0,0,0,0,0,0
70950066,9121,0,2,0,0,0,0,0,0,0,0,0
70957289,9122,0,2,0,0,0,0,0,0,0,0,0
70964513,9123,0,2,0,0,0,0,0,0,0,0,0
70971737,9124,0,2,0,0,0,0,0,0,0,0,0
70978961,9125,0,2,0,0,0,0,0,0,0,0,0
70986185,9126,0,2,0,0,0,0,0,0,0,0,0
70993409,9127,0,2,0,0,0,0,0,0,0,0,0
71000633,9128,0,2,0,0,0,0,0,0,0,0,0
71007857,9129,0,2,0,0,0,0,0,0,0,0,0
71015081,9130,0,2,0,0,0,0,0,0,0,0,0
71022306,9131,0,2,0,0,0,0,0,0,0,0,0
71029529,9132,0,2,0,0,0,0,0,0,0,0,0
71036753,9133,0,2,0,0,0,0,0,0,0,0,0
71043977,9134,0,2,0,0,0,0,0,0,0,0,0
71051201,9135,0,2,0,0,0,0,0,0,0,0,0
71058425,9136,0,2,0,0,0,0,0,0,0,0,0
71065649,9137,0,2,0,0,0,0,0,0,0,0,0
71072873,9138,0,2,0,0,0,0,0,0,0,0,0
71080098,9139,0,2,0,0,0,0,0,0,0,0,0
71087321,9140,0,2,0,0,0,0,0,0,0,0,0
71094546,9141,0,2,0,0,0,0,0,0,0,0,0
71101769,9142,0,2,0,0,0,0,0,0,0,0,0
71108993,9143,0,2,0,0,0,0,0,0,0,0,0
71116218,9144,0,2,0,0,0,0,0,0,0,0,0
71123441,9145,0,2,0,0,0,0,0,0,0,0,0
71130665,9146,0,2,0,0,0,0,0,0,0,0,0
71137889,9147,0,2,0,0,0,0,0,0,0,0,0
71145113,9148,0,2,0,0,0,0,0,0,0,0,0
71152337,9149,0,2,0,0,0,0,0,0,0,0,0
71159561,9150,0,2,0,0,0,0,0,0,0,0,0
71166786,9151,0,2,0,0,0,0,0,0,0,0,0
71174009,9152,0,2,0,0,0,0,0,0,0,0,0
71181233,9153,0,2,0,0,0,0,0,0,0,0,0
71188457,9154,0,2,0,0,0,0,0,0,0,0,0
71195681,9155,0,2,0,0,0,0,0,0,0,0,0
71202905,9156,0,2,0,0,0,0,0,0,0,0,0
71210129,9157,0,2,0,0,0,0,0,0,0,0,0
71217353,9158,0,2,0,0,0,0,0,0,0,0,0
71224577,9159,0,2,0,0,0,0,0,0,0,0,0
71231801,9160,0,2,0,0,0,0,0,0,0,0,0
71239026,9161,0,2,0,0,0,0,0,0,0,0,0
71246249,9162,0,2,0,0,0,0,0,0,0,0,0
71253473,9163,0,2,0,0,0,0,0,0,0,0,0
71260697,9164,0,2,0,0,0,0,0,0,0,0,0
71267921,9165,0,2,0,0,0,0,0,0,0,0,0
71275145,9166,0,2,0,0,0,0,0,0,0,0,0
71282369,9167,0,2,0,0,0,0,0,0,0,0,0
71289593,9168,0,2,0,0,0,0,0,0,0,0,0
71296817,9169,0,2,0,0,0,0,0,0,0,0,0
71304041,9170,0,2,0,0,0,0,0,0,0,0,0
71311266,9171,0,2,0,0,0,0,0,0,0,0,0
71318489,9172,0,2,0,0,0,0,0,0,0,0,0
71325713,9173,0,2,0,0,0,0,0,0,0,0,0
71332937,9174,0,2,0,0,0,0,0,0,0,0,0
71340161,9175,0,2,0,0,0,0,0,0,0,0,0
71347385,9176,0,2,0,0,0,0,0,0,0,0,0
71354609,9177,0,2,0,0,0,0,0,0,0,0,0
71361833,9178,0,2,0,0,0,0,0,0,0,0,0
71369057,9179,0,2,0,0,0,0,0,0,0,0,0
71376281,9180,0,2,0,0,0,0,0,0,0,0,0
71383506,9181,0,2,0,0,0,0,0,0,0,0,0
71390729,9182,0,2,0,0,0,0,0,0,0,0,0
71397953,9183,0,2,0,0,0,0,0,0,0,0,0
71405177,9184,0,2,0,0,0,0,0,0,0,0,0
71412401,9185,0,2,0,0,0,0,0,0,0,0,0
71419625,9186,0,2,0,0,0,0,0,0,0,0,0
71426849,9187,0,2,0,0,0,0,0,0,0,0,0
71434073,9188,0,2,0,0,0,0,0,0,0,0,0
71441297,9189,0,2,0,0,0,0,0,0,0,0,0
71448521,9190,0,2,0,0,0,0,0,0,0,0,0
71455746,9191,0,2,0,0,0,0,0,0,0,0,0
71462969,9192,0,2,0,0,0,0,0,0,0,0,0
71470193,9193,0,2,0,0,0,0,0,0,0,0,0
71477417,9194,0,2,0,0,0,0,0,0,0,0,0
71484641,9195,0,2,0,0,0,0,0,0,0,0,0
71491865,9196,0,2,0,0,0,0,0,0,0,0,0
71499089,9197,0,2,0,0,0,0,0,0,0,0,0
71506313,9198,0,2,0,0,0,0,0,0,0,0,0
71513537,9199,0,2,0,0,0,0,0,0,0,0,0
71520761,9200,0,2,0,0,0,0,0,0,0,0,0
71527986,9201,0,2,0,0,0,0,0,0,0,0,0
71535209,9202,0,2,0,0,0,0,0,0,0,0,0
71542433,9203,0,2,0,0,0,0,0,0,0,0,0
71549657,9204,0,2,0,0,0,0,0,0,0,0,0
71556881,9205,0,2,0,0,0,0,0,0,0,0,0
71564105,9206,0,2,0,0,0,0,0,0,0,0,0
71571329,9207,0,2,0,0,0,0,0,0,0,0,0
71578553,9208,0,2,0,0,0,0,0,0,0,0,0
71585777,9209,0,2,0,0,0,0,0,0,0,0,0
71593001,9210,0,2,0,0,0,0,0,0,0,0,0
71600226,9211,0,2,0,0,0,0,0,0,0,0,0
71607449,9212,0,2,0,0,0,0,0,0,0,0,0
71614673,9213,0,2,0,0,0,0,0,0,0,0,0
71621897,9214,0,2,0,0,0,0,0,0,0,0,0
71629121,9215,0,2,0,0,0,0,0,0,0,0,0
71636345,9216,0,2,0,0,0,0,0,0,0,0,0
71643569,9217,0,2,0,0,0,0,0,0,0,0,0
71650793,9218,0,2,0,0,0,0,0,0,0,0,0
71658017,9219,0,2,0,0,0,0,0,0,0,0,0
71665241,9220,0,2,0,0,0,0,0,0,0,0,0
71672466,9221,0,2,0,0,0,0,0,0,0,0,0
71679689,9222,0,2,0,0,0,0,0,0,0,0,0
71686913,9223,0,2,0,0,0,0,0,0,0,0,0
71694137,9224,0,2,0,0,0,0,0,0,0,0,0
71701361,9225,0,2,0,0,0,0,0,0,0,0,0
71708585,9226,0,2,0,0,0,0,0,0,0,0,0
71715809,9227,0,2,0,0,0,0,0,0,0,0,0
71723033,9228,0,2,0,0,0,0,0,0,0,0,0
71730257,9229,0,2,0,0,0,0,0,0,0,0,0
71737481,9230,0,2,0,0,0,0,0,0,0,0,0
71744706,9231,0,2,0,0,0,0,0,0,0,0,0
71751929,9232,0,2,0,0,0,0,0,0,0,0,0
71759153,9233,0,2,0,0,0,0,0,0,0,0,0
71766377,9234,0,2,0,0,0,0,0,0,0,0,0
71773601,9235,0,2,0,0,0,0,0,0,0,0,0
71780825,9236,0,2,0,0,0,0,0,0,0,0,0
71788049,9237,0,2,0,0,0,0,0,0,0,0,0
71795273,9238,0,2,0,0,0,0,0,0,0,0,0
71802497,9239,0,2,0,0,0,0,0,0,0,0,0
71809721,9240,0,2,0,0,0,0,0,0,0,0,0
71816946,9241,0,2,0,0,0,0,0,0,0,0,0
71824169,9242,0,2,0,0,0,0,0,0,0,0,0
71831394,9243,0,2,0,0,0,0,0,0,0,0,0
71838617,9244,0,2,0,0,0,0,0,0,0,0,0
71845841,9245,0,2,0,0,0,0,0,0,0,0,0
71853065,9246,0,2,0,0,0,0,0,0,0,0,0
71860289,9247,0,2,0,0,0,0,0,0,0,0,0
71867513,9248,0,2,0,0,0,0,0,0,0,0,0
71874737,9249,0,2,0,0,0,0,0,0,0,0,0
71881961,9250,0,2,0,0,0,0,0,0,0,0,0
71889186,9251,0,2,0,0,0,0,0,0,0,0,0
71896409,9252,0,2,0,0,0,0,0,0,0,0,0
71903633,9253,0,2,0,0,0,0,0,0,0,0,0
71910857,9254,0,2,0,0,0,0,0,0,0,0,0
71918082,9255,0,2,0,0,0,0,0,0,0,0,0
71925305,9256,0,2,0,0,0,0,0,0,0,0,0
71932529,9257,0,2,0,0,0,0,0,0,0,0,0
71939753,9258,0,2,0,0,0,0,0,0,0,0,0
71946977,9259,0,2,0,0,0,0,0,0,0,0,0
71954201,9260,0,2,0,0,0,0,0,0,0,0,0
71961426,9261,0,2,0,0,0,0,0,0,0,0,0
71968649,9262,0,2,0,0,0,0,0,0,0,0,0
71975873,9263,0,2,0,0,0,0,0,0,0,0,0
71983098,9264,0,2,0,0,0,0,0,0,0,0,0
71990321,9265,0,2,0,0,0,0,0,0,0,0,0
71997545,9266,0,2,0,0,0,0,0,0,0,0,0
72004769,9267,0,2,0,0,0,0,0,0,0,0,0
72011993,9268,0,2,0,0,0,0,0,0,0,0,0
72019218,9269,0,2,0,0,0,0,0,0,0,0,0
72026441,9270,0,2,0,0,0,0,0,0,0,0,0
72033666,9271,0,2,0,0,0,0,0,0,0,0,0
72040889,9272,0,2,0,0,0,0,0,0,0,0,0
72048113,9273,0,2,0,0,0,0,0,0,0,0,0
72055337,9274,0,2,0,0,0,0,0,0,0,0,0
72062561,9275,0,2,0,0,0,0,0,0,0,0,0
72069785,9276,0,2,0,0,0,0,0,0,0,0,0
72077009,9277,0,2,0,0,0,0,0,0,0,0,0
72084233,9278,0,2,0,0,0,0,0,0,0,0,0
72091457,9279,0,2,0,0,0,0,0,0,0,0,0
72098681,9280,0,2,0,0,0,0,0,0,0,0,0
72105906,9281,0,2,0,0,0,0,0,0,0,0,0
72113129,9282,0,2,0,0,0,0,0,0,0,0,0
72120353,9283,0,2,0,0,0,0,0,0,0,0,0
72127577,9284,0,2,0,0,0,0,0,0,0,0,0
72134801,9285,0,2,0,0,0,0,0,0,0,0,0
72142026,9286,0,2,0,0,0,0,0,0,0,0,0
72149249,9287,0,2,0,0,0,0,0,0,0,0,0
72156473,9288,0,2,0,0,0,0,0,0,0,0,0
72163697,9289,0,2,0,0,0,0,0,0,0,0,0
72170921,9290,0,2,0,0,0,0,0,0,0,0,0
72178146,9291,0,2,0,0,0,0,0,0,0,0,0
72185369,9292,0,2,0,0,0,0,0,0,0,0,0
72192593,9293,0,2,0,0,0,0,0,0,0,0,0
72199817,9294,0,2,0,0,0,0,0,0,0,0,0
72207041,9295,0,2,0,0,0,0,0,0,0,0,0
72214265,9296,0,2,0,0,0,0,0,0,0,0,0
72221489,9297,0,2,0,0,0,0,0,0,0,0,0
72228713,9298,0,2,0,0,0,0,0,0,0,0,0
72235937,9299,0,2,0,0,0,0,0,0,0,0,0
72243161,9300,0,2,0,0,0,0,0,0,0,0,0
72250386,9301,0,2,0,0,0,0,0,0,0,0,0
72257609,9302,0,2,0,0,0,0,0,0,0,0,0
72264833,9303,0,2,0,0,0,0,0,0,0,0,0
72272057,9304,0,2,0,0,0,0,0,0,0,0,0
72279281,9305,0,2,0,0,0,0,0,0,0,0,0
72286505,9306,0,2,0,0,0,0,0,0,0,0,0
72293729,9307,0,2,0,0,0,0,0,0,0,0,0
72307574,9308,0,2,0,0,0,0,0,0,0,0,0
72314786,9309,0,2,0,0,0,0,0,0,0,0,0
72322010,9310,0,2,0,0,0,0,0,0,0,0,0
72329235,9311,0,2,0,0,0,0,0,0,0,0,0
72336458,9312,0,2,0,0,0,0,0,0,0,0,0
72343682,9313,0,2,0,0,0,0,0,0,0,0,0
72350906,9314,0,2,0,0,0,0,0,0,0,0,0
72358130,9315,0,2,0,0,0,0,0,0,0,0,0
72365354,9316,0,2,0,0,0,0,0,0,0,0,0
72372578,9317,0,2,0,0,0,0,0,0,0,0,0
72379802,9318,0,2,0,0,0,0,0,0,0,0,0
72387026,9319,0,2,0,0,0,0,0,0,0,0,0
72394250,9320,0,2,0,0,0,0,0,0,0,0,0
72401475,9321,0,2,0,0,0,0,0,0,0,0,0
72408698,9322,0,2,0,0,0,0,0,0,0,0,0
72415922,9323,0,2,0,0,0,0,0,0,0,0,0
72423146,9324,0,2,0,0,0,0,0,0,0,0,0
72430370,9325,0,2,0,0,0,0,0,0,0,0,0
72437594,9326,0,2,0,0,0,0,0,0,0,0,0
72444818,9327,0,2,0,0,0,0,0,0,0,0,0
72452043,9328,0,2,0,0,0,0,0,0,0,0,0
72459266,9329,0,2,0,0,0,0,0,0,0,0,0
72466490,9330,0,2,0,0,0,0,0,0,0,0,0
72473715,9331,0,2,0,0,0,0,0,0,0,0,0
72480938,9332,0,2,0,0,0,0,0,0,0,0,0
72488162,9333,0,2,0,0,0,0,0,0,0,0,0
72495386,9334,0,2,0,0,0,0,0,0,0,0,0
72502610,9335,0,2,0,0,0,0,0,0,0,0,0
72509834,9336,0,2,0,0,0,0,0,0,0,0,0
72517058,9337,0,2,0,0,0,0,0,0,0,0,0
72524282,9338,0,2,0,0,0,0,0,0,0,0,0
72531506,9339,0,2,0,0,0,0,0,0,0,0,0
72538730,9340,0,2,0,0,0,0,0,0,0,0,0
72545955,9341,0,2,0,0,0,0,0,0,0,0,0
72553178,9342,0,2,0,0,0,0,0,0,0,0,0
72560402,9343,0,2,0,0,0,0,0,0,0,0,0
72567626,9344,0,2,0,0,0,0,0,0,0,0,0
72574850,9345,0,2,0,0,0,0,0,0,0,0,0
72582074,9346,0,2,0,0,0,0,0,0,0,0,0
72589298,9347,0,2,0,0,0,0,0,0,0,0,0
72596522,9348,0,2,0,0,0,0,0,0,0,0,0
72603746,9349,0,2,0,0,0,0,0,0,0,0,0
72610970,9350,0,2,0,0,0,0,0,0,0,0,0
72618195,9351,0,2,0,0,0,0,0,0,0,0,0
72625418,9352,0,2,0,0,0,0,0,0,0,0,0
72632642,9353,0,2,0,0,0,0,0,0,0,0,0
72639866,9354,0,2,0,0,0,0,0,0,0,0,0
72647090,9355,0,2,0,0,0,0,0,0,0,0,0
72654314,9356,0,2,0,0,0,0,0,0,0,0,0
72661538,9357,0,2,0,0,0,0,0,0,0,0,0
72668762,9358,0,2,0,0,0,0,0,0,0,0,0
72675986,9359,0,2,0,0,0,0,0,0,0,0,0
72683210,9360,0,2,0,0,0,0,0,0,0,0,0
72690435,9361,0,2,0,0,0,0,0,0,0,0,0
72697658,9362,0,2,0,0,0,0,0,0,0,0,0
72704882,9363,0,2,0,0,0,0,0,0,0,0,0
72712106,9364,0,2,0,0,0,0,0,0,0,0,0
72719330,9365,0,2,0,0,0,0,0,0,0,0,0
72726554,9366,0,2,0,0,0,0,0,0,0,0,0
72733778,9367,0,2,0,0,0,0,0,0,0,0,0
72741002,9368,0,2,0,0,0,0,0,0,0,0,0
72748226,9369,0,2,0,0,0,0,0,0,0,0,0
72755450,9370,0,2,0,0,0,0,0,0,0,0,0
72762675,9371,0,2,0,0,0,0,0,0,0,0,0
72769898,9372,0,2,0,0,0,0,0,0,0,0,0
72777122,9373,0,2,0,0,0,0,0,0,0,0,0
72784346,9374,0,2,0,0,0,0,0,0,0,0,0
72791570,9375,0,2,0,0,0,0,0,0,0,0,0
72798794,9376,0,2,0,0,0,0,0,0,0,0,0
72806018,9377,0,2,0,0,0,0,0,0,0,0,0
72813242,9378,0,2,0,0,0,0,0,0,0,0,0
72820466,9379,0,2,0,0,0,0,0,0,0,0,0
72827690,9380,0,2,0,0,0,0,0,0,0,0,0
72834915,9381,0,2,0,0,0,0,0,0,0,0,0
72842138,9382,0,2,0,0,0,0,0,0,0,0,0
72849362,9383,0,2,0,0,0,0,0,0,0,0,0
72856586,9384,0,2,0,0,0,0,0,0,0,0,0
72863810,9385,0,2,0,0,0,0,0,0,0,0,0
72871035,9386,0,2,0,0,0,0,0,0,0,0,0
72878258,9387,0,2,0,0,0,0,0,0,0,0,0
72885482,9388,0,2,0,0,0,0,0,0,0,0,0
72892706,9389,0,2,0,0,0,0,0,0,0,0,0
72899930,9390,0,2,0,0,0,0,0,0,0,0,0
72907155,9391,0,2,0,0,0,0,0,0,0,0,0
72914378,9392,0,2,0,0,0,0,0,0,0,0,0
72921602,9393,0,2,0,0,0,0,0,0,0,0,0
72928826,9394,0,2,0,0,0,0,0,0,0,0,0
72936050,9395,0,2,0,0,0,0,0,0,0,0,0
72943274,9396,0,2,0,0,0,0,0,0,0,0,0
72950498,9397,0,2,0,0,0,0,0,0,0,0,0
72957722,9398,0,2,0,0,0,0,0,0,0,0,0
72964946,9399,0,2,0,0,0,0,0,0,0,0,0
72972170,9400,0,2,0,0,0,0,0,0,0,0,0
72979395,9401,0,2,0,0,0,0,0,0,0,0,0
72986618,9402,0,2,0,0,0,0,0,0,0,0,0
72993842,9403,0,2,0,0,0,0,0,0,0,0,0
73001066,9404,0,2,0,0,0,0,0,0,0,0,0
73008290,9405,0,2,0,0,0,0,0,0,0,0,0
73015514,9406,0,2,0,0,0,0,0,0,0,0,0
73022738,9407,0,2,0,0,0,0,0,0,0,0,0
73029962,9408,0,2,0,0,0,0,0,0,0,0,0
73037186,9409,0,2,0,0,0,0,0,0,0,0,0
73044410,9410,0,2,0,0,0,0,0,0,0,0,0
73051635,9411,0,2,0,0,0,0,0,0,0,0,0
73058858,9412,0,2,0,0,0,0,0,0,0,0,0
73066082,9413,0,2,0,0,0,0,0,0,0,0,0
73073306,9414,0,2,0,0,0,0,0,0,0,0,0
73080530,9415,0,2,0,0,0,0,0,0,0,0,0
73087754,9416,0,2,0,0,0,0,0,0,0,0,0
73094978,9417,0,2,0,0,0,0,0,0,0,0,0
73102202,9418,0,2,0,0,0,0,0,0,0,0,0
73109426,9419,0,2,0,0,0,0,0,0,0,0,0
73116650,9420,0,2,0,0,0,0,0,0,0,0,0
73123875,9421,0,2,0,0,0,0,0,0,0,0,0
73131098,9422,0,2,0,0,0,0,0,0,0,0,0
73138322,9423,0,2,0,0,0,0,0,0,0,0,0
73145546,9424,0,2,0,0,0,0,0,0,0,0,0
73152770,9425,0,2,0,0,0,0,0,0,0,0,0
73159994,9426,0,2,0,0,0,0,0,0,0,0,0
73167218,9427,0,2,0,0,0,0,0,0,0,0,0
73174442,9428,0,2,0,0,0,0,0,0,0,0,0
73181666,9429,0,2,0,0,0,0,0,0,0,0,0
73188890,9430,0,2,0,0,0,0,0,0,0,0,0
73196115,9431,0,2,0,0,0,0,0,0,0,0,0
73203338,9432,0,2,0,0,0,0,0,0,0,0,0
73210562,9433,0,2,0,0,0,0,0,0,0,0,0
73217786,9434,0,2,0,0,0,0,0,0,0,0,0
73225010,9435,0,2,0,0,0,0,0,0,0,0,0
73232234,9436,0,2,0,0,0,0,0,0,0,0,0
73239458,9437,0,2,0,0,0,0,0,0,0,0,0
73246682,9438,0,2,0,0,0,0,0,0,0,0,0
73253906,9439,0,2,0,0,0,0,0,0,0,0,0
73261130,9440,0,2,0,0,0,0,0,0,0,0,0
73268355,9441,0,2,0,0,0,0,0,0,0,0,0
73275578,9442,0,2,0,0,0,0,0,0,0,0,0
73282802,9443,0,2,0,0,0,0,0,0,0,0,0
73290026,9444,0,2,0,0,0,0,0,0,0,0,0
73297250,9445,0,2,0,0,0,0,0,0,0,0,0
73304474,9446,0,2,0,0,0,0,0,0,0,0,0
73311698,9447,0,2,0,0,0,0,0,0,0,0,0
73318922,9448,0,2,0,0,0,0,0,0,0,0,0
73326146,9449,0,2,0,0,0,0,0,0,0,0,0
73333370,9450,0,2,0,0,0,0,0,0,0,0,0
73340595,9451,0,2,0,0,0,0,0,0,0,0,0
73347818,9452,0,2,0,0,0,0,0,0,0,0,0
73355042,9453,0,2,0,0,0,0,0,0,0,0,0
73362266,9454,0,2,0,0,0,0,0,0,0,0,0
73369490,9455,0,2,0,0,0,0,0,0,0,0,0
73376714,9456,0,2,0,0,0,0,0,0,0,0,0
73383938,9457,0,2,0,0,0,0,0,0,0,0,0
73391162,9458,0,2,0,0,0,0,0,0,0,0,0
73398386,9459,0,2,0,0,0,0,0,0,0,0,0
73405610,9460,0,2,0,0,0,0,0,0,0,0,0
73412835,9461,0,2,0,0,0,0,0,0,0,0,0
73420058,9462,0,2,0,0,0,0,0,0,0,0,0
73427282,9463,0,2,0,0,0,0,0,0,0,0,0
73434506,9464,0,2,0,0,0,0,0,0,0,0,0
73441730,9465,0,2,0,0,0,0,0,0,0,0,0
73448954,9466,0,2,0,0,0,0,0,0,0,0,0
73456178,9467,0,2,0,0,0,0,0,0,0,0,0
73463402,9468,0,2,0,0,0,0,0,0,0,0,0
73470626,9469,0,2,0,0,0,0,0,0,0,0,0
73477850,9470,0,2,0,0,0,0,0,0,0,0,0
73485075,9471,0,2,0,0,0,0,0,0,0,0,0
73492298,9472,0,2,0,0,0,0,0,0,0,0,0
73499522,9473,0,2,0,0,0,0,0,0,0,0,0
73506746,9474,0,2,0,0,0,0,0,0,0,0,0
73513970,9475,0,2,0,0,0,0,0,0,0,0,0
73521194,9476,0,2,0,0,0,0,0,0,0,0,0
73528418,9477,0,2,0,0,0,0,0,0,0,0,0
73535642,9478,0,2,0,0,0,0,0,0,0,0,0
73542866,9479,0,2,0,0,0,0,0,0,0,0,0
73550090,9480,0,2,0,0,0,0,0,0,0,0,0
73557315,9481,0,2,0,0,0,0,0,0,0,0,0
73564538,9482,0,2,0,0,0,0,0,0,0,0,0
73571762,9483,0,2,0,0,0,0,0,0,0,0,0
73578986,9484,0,2,0,0,0,0,0,0,0,0,0
73586210,9485,0,2,0,0,0,0,0,0,0,0,0
73593434,9486,0,2,0,0,0,0,0,0,0,0,0
73600658,9487,0,2,0,0,0,0,0,0,0,0,0
73607882,9488,0,2,0,0,0,0,0,0,0,0,0
73615106,9489,0,2,0,0,0,0,0,0,0,0,0
73622330,9490,0,2,0,0,0,0,0,0,0,0,0
73629555,9491,0,2,0,0,0,0,0,0,0,0,0
73636778,9492,0,2,0,0,0,0,0,0,0,0,0
73644002,9493,0,2,0,0,0,0,0,0,0,0,0
73651226,9494,0,2,0,0,0,0,0,0,0,0,0
73658450,9495,0,2,0,0,0,0,0,0,0,0,0
73665674,9496,0,2,0,0,0,0,0,0,0,0,0
73672898,9497,0,2,0,0,0,0,0,0,0,0,0
73680122,9498,0,2,0,0,0,0,0,0,0,0,0
73687346,9499,0,2,0,0,0,0,0,0,0,0,0
73694570,9500,0,2,0,0,0,0,0,0,0,0,0
73701795,9501,0,2,0,0,0,0,0,0,0,0,0
73709018,9502,0,2,0,0,0,0,0,0,0,0,0
73716242,9503,0,2,0,0,0,0,0,0,0,0,0
73723466,9504,0,2,0,0,0,0,0,0,0,0,0
73730690,9505,0,2,0,0,0,0,0,0,0,0,0
73737914,9506,0,2,0,0,0,0,0,0,0,0,0
73745138,9507,0,2,0,0,0,0,0,0,0,0,0
73752362,9508,0,2,0,0,0,0,0,0,0,0,0
73759586,9509,0,2,0,0,0,0,0,0,0,0,0
73766810,9510,0,2,0,0,0,0,0,0,0,0,0
73774035,9511,0,2,0,0,0,0,0,0,0,0,0
73781258,9512,0,2,0,0,0,0,0,0,0,0,0
73788482,9513,0,2,0,0,0,0,0,0,0,0,0
73795706,9514,0,2,0,0,0,0,0,0,0,0,0
73802930,9515,0,2,0,0,0,0,0,0,0,0,0
73810154,9516,0,2,0,0,0,0,0,0,0,0,0
73817378,9517,0,2,0,0,0,0,0,0,0,0,0
73824602,9518,0,2,0,0,0,0,0,0,0,0,0
73831826,9519,0,2,0,0,0,0,0,0,0,0,0
73839050,9520,0,2,0,0,0,0,0,0,0,0,0
73846275,9521,0,2,0,0,0,0,0,0,0,0,0
73853498,9522,0,2,0,0,0,0,0,0,0,0,0
73860722,9523,0,2,0,0,0,0,0,0,0,0,0
73867946,9524,0,2,0,0,0,0,0,0,0,0,0
73875170,9525,0,2,0,0,0,0,0,0,0,0,0
73882394,9526,0,2,0,0,0,0,0,0,0,0,0
73889618,9527,0,2,0,0,0,0,0,0,0,0,0
73896842,9528,0,2,0,0,0,0,0,0,0,0,0
73904066,9529,0,2,0,0,0,0,0,0,0,0,0
73911290,9530,0,2,0,0,0,0,0,0,0,0,0
73918515,9531,0,2,0,0,0,0,0,0,0,0,0
73925738,9532,0,2,0,0,0,0,0,0,0,0,0
73932962,9533,0,2,0,0,0,0,0,0,0,0,0
73940186,9534,0,2,0,0,0,0,0,0,0,0,0
73951651,9535,0,2,0,0,0,0,0,0,0,0,0
73958863,9536,0,2,0,0,0,0,0,0,0,0,0
73966087,9537,0,2,0,0,0,0,0,0,0,0,0
73973311,9538,0,2,0,0,0,0,0,0,0,0,0
73980535,9539,0,2,0,0,0,0,0,0,0,0,0
73987759,9540,0,2,0,0,0,0,0,0,0,0,0
73994984,9541,0,2,0,0,0,0,0,0,0,0,0
74002207,9542,0,2,0,0,0,0,0,0,0,0,0
74009431,9543,0,2,0,0,0,0,0,0,0,0,0
74016655,9544,0,2,0,0,0,0,0,0,0,0,0
74023879,9545,0,2,0,0,0,0,0,0,0,0,0
74031103,9546,0,2,0,0,0,0,0,0,0,0,0
74038327,9547,0,2,0,0,0,0,0,0,0,0,0
74045551,9548,0,2,0,0,0,0,0,0,0,0,0
74052775,9549,0,2,0,0,0,0,0,0,0,0,0
74059999,9550,0,2,0,0,0,0,0,0,0,0,0
74067224,9551,0,2,0,0,0,0,0,0,0,0,0
74074447,9552,0,2,0,0,0,0,0,0,0,0,0
74081671,9553,0,2,0,0,0,0,0,0,0,0,0
74088895,9554,0,2,0,0,0,0,0,0,0,0,0
74096119,9555,0,2,0,0,0,0,0,0,0,0,0
74103343,9556,0,2,0,0,0,0,0,0,0,0,0
74110567,9557,0,2,0,0,0,0,0,0,0,0,0
74117791,9558,0,2,0,0,0,0,0,0,0,0,0
74125015,9559,0,2,0,0,0,0,0,0,0,0,0
74132239,9560,0,2,0,0,0,0,0,0,0,0,0
74139464,9561,0,2,0,0,0,0,0,0,0,0,0
74146687,9562,0,2,0,0,0,0,0,0,0,0,0
74153911,9563,0,2,0,0,0,0,0,0,0,0,0
74161135,9564,0,2,0,0,0,0,0,0,0,0,0
74168359,9565,0,2,0,0,0,0,0,0,0,0,0
74175583,9566,0,2,0,0,0,0,0,0,0,0,0
74182807,9567,0,2,0,0,0,0,0,0,0,0,0
74190031,9568,0,2,0,0,0,0,0,0,0,0,0
74197255,9569,0,2,0,0,0,0,0,0,0,0,0
74204479,9570,0,2,0,0,0,0,0,0,0,0,0
74211704,9571,0,2,0,0,0,0,0,0,0,0,0
74218927,9572,0,2,0,0,0,0,0,0,0,0,0
74226151,9573,0,2,0,0,0,0,0,0,0,0,0
74233375,9574,0,2,0,0,0,0,0,0,0,0,0
74240599,9575,0,2,0,0,0,0,0,0,0,0,0
74247823,9576,0,2,0,0,0,0,0,0,0,0,0
74255047,9577,0,2,0,0,0,0,0,0,0,0,0
74262271,9578,0,2,0,0,0,0,0,0,0,0,0
74269495,9579,0,2,0,0,0,0,0,0,0,0,0
74276719,9580,0,2,0,0,0,0,0,0,0,0,0
74283944,9581,0,2,0,0,0,0,0,0,0,0,0
74291167,9582,0,2,0,0,0,0,0,0,0,0,0
74298391,9583,0,2,0,0,0,0,0,0,0,0,0
74305615,9584,0,2,0,0,0,0,0,0,0,0,0
74312839,9585,0,2,0,0,0,0,0,0,0,0,0
74320063,9586,0,2,0,0,0,0,0,0,0,0,0
74327287,9587,0,2,0,0,0,0,0,0,0,0,0
74334511,9588,0,2,0,0,0,0,0,0,0,0,0
74341735,9589,0,2,0,0,0,0,0,0,0,0,0
74348959,9590,0,2,0,0,0,0,0,0,0,0,0
74356184,9591,0,2,0,0,0,0,0,0,0,0,0
74363407,9592,0,2,0,0,0,0,0,0,0,0,0
74370631,9593,0,2,0,0,0,0,0,0,0,0,0
74377855,9594,0,2,0,0,0,0,0,0,0,0,0
74385079,9595,0,2,0,0,0,0,0,0,0,0,0
74392303,9596,0,2,0,0,0,0,0,0,0,0,0
74399527,9597,0,2,0,0,0,0,0,0,0,0,0
74406751,9598,0,2,0,0,0,0,0,0,0,0,0
74413975,9599,0,2,0,0,0,0,0,0,0,0,0
74421199,9600,0,2,0,0,0,0,0,0,0,0,0
74428424,9601,0,2,0,0,0,0,0,0,0,0,0
74435647,9602,0,2,0,0,0,0,0,0,0,0,0
74442871,9603,0,2,0,0,0,0,0,0,0,0,0
74450095,9604,0,2,0,0,0,0,0,0,0,0,0
74457319,9605,0,2,0,0,0,0,0,0,0,0,0
74464543,9606,0,2,0,0,0,0,0,0,0,0,0
74471767,9607,0,2,0,0,0,0,0,0,0,0,0
74478991,9608,0,2,0,0,0,0,0,0,0,0,0
74486215,9609,0,2,0,0,0,0,0,0,0,0,0
74493439,9610,0,2,0,0,0,0,0,0,0,0,0
74500664,9611,0,2,0,0,0,0,0,0,0,0,0
74507887,9612,0,2,0,0,0,0,0,0,0,0,0
74515111,9613,0,2,0,0,0,0,0,0,0,0,0
74522335,9614,0,2,0,0,0,0,0,0,0,0,0
74529559,9615,0,2,0,0,0,0,0,0,0,0,0
74536783,9616,0,2,0,0,0,0,0,0,0,0,0
74544007,9617,0,2,0,0,0,0,0,0,0,0,0
74551231,9618,0,2,0,0,0,0,0,0,0,0,0
74558455,9619,0,2,0,0,0,0,0,0,0,0,0
74565679,9620,0,2,0,0,0,0,0,0,0,0,0
74572904,9621,0,2,0,0,0,0,0,0,0,0,0
74580127,9622,0,2,0,0,0,0,0,0,0,0,0
74587351,9623,0,2,0,0,0,0,0,0,0,0,0
74594575,9624,0,2,0,0,0,0,0,0,0,0,0
74601799,9625,0,2,0,0,0,0,0,0,0,0,0
74609024,9626,0,2,0,0,0,0,0,0,0,0,0
74616247,9627,0,2,0,0,0,0,0,0,0,0,0
74623471,9628,0,2,0,0,0,0,0,0,0,0,0
74630695,9629,0,2,0,0,0,0,0,0,0,0,0
74637919,9630,0,2,0,0,0,0,0,0,0,0,0
74645144,9631,0,2,0,0,0,0,0,0,0,0,0
74652367,9632,0,2,0,0,0,0,0,0,0,0,0
74659591,9633,0,2,0,0,0,0,0,0,0,0,0
74666815,9634,0,2,0,0,0,0,0,0,0,0,0
74674039,9635,0,2,0,0,0,0,0,0,0,0,0
74681263,9636,0,2,0,0,0,0,0,0,0,0,0
74688487,9637,0,2,0,0,0,0,0,0,0,0,0
74695711,9638,0,2,0,0,0,0,0,0,0,0,0
74702935,9639,0,2,0,0,0,0,0,0,0,0,0
74710159,9640,0,2,0,0,0,0,0,0,0,0,0
74717384,9641,0,2,0,0,0,0,0,0,0,0,0
74724607,9642,0,2,0,0,0,0,0,0,0,0,0
74731831,9643,0,2,0,0,0,0,0,0,0,0,0
74739055,9644,0,2,0,0,0,0,0,0,0,0,0
74746279,9645,0,2,0,0,0,0,0,0,0,0,0
74753503,9646,0,2,0,0,0,0,0,0,0,0,0
74760727,9647,0,2,0,0,0,0,0,0,0,0,0
74767951,9648,0,2,0,0,0,0,0,0,0,0,0
74775175,9649,0,2,0,0,0,0,0,0,0,0,0
74782399,9650,0,2,0,0,0,0,0,0,0,0,0
74789624,9651,0,2,0,0,0,0,0,0,0,0,0
74796847,9652,0,2,0,0,0,0,0,0,0,0,0
74804071,9653,0,2,0,0,0,0,0,0,0,0,0
74811295,9654,0,2,0,0,0,0,0,0,0,0,0
74818519,9655,0,2,0,0,0,0,0,0,0,0,0
74825743,9656,0,2,0,0,0,0,0,0,0,0,0
74832967,9657,0,2,0,0,0,0,0,0,0,0,0
74840191,9658,0,2,0,0,0,0,0,0,0,0,0
74847415,9659,0,2,0,0,0,0,0,0,0,0,0
74854639,9660,0,2,0,0,0,0,0,0,0,0,0
74861864,9661,0,2,0,0,0,0,0,0,0,0,0
74869087,9662,0,2,0,0,0,0,0,0,0,0,0
74876311,9663,0,2,0,0,0,0,0,0,0,0,0
74883535,9664,0,2,0,0,0,0,0,0,0,0,0
74890759,9665,0,2,0,0,0,0,0,0,0,0,0
74897983,9666,0,2,0,0,0,0,0,0,0,0,0
74905207,9667,0,2,0,0,0,0,0,0,0,0,0
74912431,9668,0,2,0,0,0,0,0,0,0,0,0
74919655,9669,0,2,0,0,0,0,0,0,0,0,0
74926879,9670,0,2,0,0,0,0,0,0,0,0,0
74934104,9671,0,2,0,0,0,0,0,0,0,0,0
74941327,9672,0,2,0,0,0,0,0,0,0,0,0
74948551,9673,0,2,0,0,0,0,0,0,0,0,0
74955775,9674,0,2,0,0,0,0,0,0,0,0,0
74962999,9675,0,2,0,0,0,0,0,0,0,0,0
74970223,9676,0,2,0,0,0,0,0,0,0,0,0
74977447,9677,0,2,0,0,0,0,0,0,0,0,0
74984671,9678,0,2,0,0,0,0,0,0,0,0,0
74991895,9679,0,2,0,0,0,0,0,0,0,0,0
74999119,9680,0,2,0,0,0,0,0,0,0,0,0
75006344,9681,0,2,0,0,0,0,0,0,0,0,0
75013567,9682,0,2,0,0,0,0,0,0,0,0,0
75020791,9683,0,2,0,0,0,0,0,0,0,0,0
75028015,9684,0,2,0,0,0,0,0,0,0,0,0
75035239,9685,0,2,0,0,0,0,0,0,0,0,0
75042463,9686,0,2,0,0,0,0,0,0,0,0,0
75049687,9687,0,2,0,0,0,0,0,0,0,0,0
75056911,9688,0,2,0,0,0,0,0,0,0,0,0
75064135,9689,0,2,0,0,0,0,0,0,0,0,0
75071359,9690,0,2,0,0,0,0,0,0,0,0,0
75078584,9691,0,2,0,0,0,0,0,0,0,0,0
75085807,9692,0,2,0,0,0,0,0,0,0,0,0
75093031,9693,0,2,0,0,0,0,0,0,0,0,0
75100255,9694,0,2,0,0,0,0,0,0,0,0,0
75107479,9695,0,2,0,0,0,0,0,0,0,0,0
75114703,9696,0,2,0,0,0,0,0,0,0,0,0
75121927,9697,0,2,0,0,0,0,0,0,0,0,0
75129151,9698,0,2,0,0,0,0,0,0,0,0,0
75136375,9699,0,2,0,0,0,0,0,0,0,0,0
75143599,9700,0,2,0,0,0,0,0,0,0,0,0
75150824,9701,0,2,0,0,0,0,0,0,0,0,0
75158047,9702,0,2,0,0,0,0,0,0,0,0,0
75165271,9703,0,2,0,0,0,0,0,0,0,0,0
75172495,9704,0,2,0,0,0,0,0,0,0,0,0
75179719,9705,0,2,0,0,0,0,0,0,0,0,0
75186943,9706,0,2,0,0,0,0,0,0,0,0,0
75194167,9707,0,2,0,0,0,0,0,0,0,0,0
75201391,9708,0,2,0,0,0,0,0,0,0,0,0
75208615,9709,0,2,0,0,0,0,0,0,0,0,0
75215839,9710,0,2,0,0,0,0,0,0,0,0,0
75223064,9711,0,2,0,0,0,0,0,0,0,0,0
75230287,9712,0,2,0,0,0,0,0,0,0,0,0
75237511,9713,0,2,0,0,0,0,0,0,0,0,0
75244735,9714,0,2,0,0,0,0,0,0,0,0,0
75251959,9715,0,2,0,0,0,0,0,0,0,0,0
75259183,9716,0,2,0,0,0,0,0,0,0,0,0
75266407,9717,0,2,0,0,0,0,0,0,0,0,0
75273631,9718,0,2,0,0,0,0,0,0,0,0,0
75280855,9719,0,2,0,0,0,0,0,0,0,0,0
75288079,9720,0,2,0,0,0,0,0,0,0,0,0
75295304,9721,0,2,0,0,0,0,0,0,0,0,0
75302527,9722,0,2,0,0,0,0,0,0,0,0,0
75309751,9723,0,2,0,0,0,0,0,0,0,0,0
75316975,9724,0,2,0,0,0,0,0,0,0,0,0
75324199,9725,0,2,0,0,0,0,0,0,0,0,0
75331423,9726,0,2,0,0,0,0,0,0,0,0,0
75338647,9727,0,2,0,0,0,0,0,0,0,0,0
75345871,9728,0,2,0,0,0,0,0,0,0,0,0
75353095,9729,0,2,0,0,0,0,0,0,0,0,0
75360319,9730,0,2,0,0,0,0,0,0,0,0,0
75367544,9731,0,2,0,0,0,0,0,0,0,0,0
75374767,9732,0,2,0,0,0,0,0,0,0,0,0
75381991,9733,0,2,0,0,0,0,0,0,0,0,0
75389215,9734,0,2,0,0,0,0,0,0,0,0,0
75396439,9735,0,2,0,0,0,0,0,0,0,0,0
75403663,9736,0,2,0,0,0,0,0,0,0,0,0
75410887,9737,0,2,0,0,0,0,0,0,0,0,0
75418111,9738,0,2,0,0,0,0,0,0,0,0,0
75425335,9739,0,2,0,0,0,0,0,0,0,0,0
75432559,9740,0,2,0,0,0,0,0,0,0,0,0
75439784,9741,0,2,0,0,0,0,0,0,0,0,0
75447007,9742,0,2,0,0,0,0,0,0,0,0,0
75454231,9743,0,2,0,0,0,0,0,0,0,0,0
75461455,9744,0,2,0,0,0,0,0,0,0,0,0
75468679,9745,0,2,0,0,0,0,0,0,0,0,0
75475903,9746,0,2,0,0,0,0,0,0,0,0,0
75483127,9747,0,2,0,0,0,0,0,0,0,0,0
75490351,9748,0,2,0,0,0,0,0,0,0,0,0
75497575,9749,0,2,0,0,0,0,0,0,0,0,0
75504799,9750,0,2,0,0,0,0,0,0,0,0,0
75512024,9751,0,2,0,0,0,0,0,0,0,0,0
75519247,9752,0,2,0,0,0,0,0,0,0,0,0
75526471,9753,0,2,0,0,0,0,0,0,0,0,0
75533695,9754,0,2,0,0,0,0,0,0,0,0,0
75540919,9755,0,2,0,0,0,0,0,0,0,0,0
75548144,9756,0,2,0,0,0,0,0,0,0,0,0
75555367,9757,0,2,0,0,0,0,0,0,0,0,0
75562591,9758,0,2,0,0,0,0,0,0,0,0,0
75569815,9759,0,2,0,0,0,0,0,0,0,0,0
75577039,9760,0,2,0,0,0,0,0,0,0,0,0
75584264,9761,0,2,0,0,0,0,0,0,0,0,0
75597862,9762,0,2,0,0,0,0,0,0,0,0,0
75605074,9763,0,2,0,0,0,0,0,0,0,0,0
75612298,9764,0,2,0,0,0,0,0,0,0,0,0
75619522,9765,0,2,0,0,0,0,0,0,0,0,0
75626746,9766,0,2,0,0,0,0,0,0,0,0,0
75633970,9767,0,2,0,0,0,0,0,0,0,0,0
75641194,9768,0,2,0,0,0,0,0,0,0,0,0
75648418,9769,0,2,0,0,0,0,0,0,0,0,0
75655642,9770,0,2,0,0,0,0,0,0,0,0,0
75662867,9771,0,2,0,0,0,0,0,0,0,0,0
75670091,9772,0,2,0,0,0,0,0,0,0,0,0
75677315,9773,0,2,0,0,0,0,0,0,0,0,0
75684538,9774,0,2,0,0,0,0,0,0,0,0,0
75691762,9775,0,2,0,0,0,0,0,0,0,0,0
75698986,9776,0,2,0,0,0,0,0,0,0,0,0
75706210,9777,0,2,0,0,0,0,0,0,0,0,0
75713434,9778,0,2,0,0,0,0,0,0,0,0,0
75720658,9779,0,2,0,0,0,0,0,0,0,0,0
75727882,9780,0,2,0,0,0,0,0,0,0,0,0
75735107,9781,0,2,0,0,0,0,0,0,0,0,0
75742330,9782,0,2,0,0,0,0,0,0,0,0,0
75749554,9783,0,2,0,0,0,0,0,0,0,0,0
75756778,9784,0,2,0,0,0,0,0,0,0,0,0
75764002,9785,0,2,0,0,0,0,0,0,0,0,0
75771226,9786,0,2,0,0,0,0,0,0,0,0,0
75778450,9787,0,2,0,0,0,0,0,0,0,0,0
75785674,9788,0,2,0,0,0,0,0,0,0,0,0
75792898,9789,0,2,0,0,0,0,0,0,0,0,0
75800122,9790,0,2,0,0,0,0,0,0,0,0,0
75807347,9791,0,2,0,0,0,0,0,0,0,0,0
75814570,9792,0,2,0,0,0,0,0,0,0,0,0
75821794,9793,0,2,0,0,0,0,0,0,0,0,0
75829018,9794,0,2,0,0,0,0,0,0,0,0,0
75836242,9795,0,2,0,0,0,0,0,0,0,0,0
75843466,9796,0,2,0,0,0,0,0,0,0,0,0
75850690,9797,0,2,0,0,0,0,0,0,0,0,0
75857914,9798,0,2,0,0,0,0,0,0,0,0,0
75865138,9799,0,2,0,0,0,0,0,0,0,0,0
75872362,9800,0,2,0,0,0,0,0,0,0,0,0
75879587,9801,0,2,0,0,0,0,0,0,0,0,0
75886810,9802,0,2,0,0,0,0,0,0,0,0,0
75894035,9803,0,2,0,0,0,0,0,0,0,0,0
75901258,9804,0,2,0,0,0,0,0,0,0,0,0
75908482,9805,0,2,0,0,0,0,0,0,0,0,0
75915706,9806,0,2,0,0,0,0,0,0,0,0,0
75922930,9807,0,2,0,0,0,0,0,0,0,0,0
75930154,9808,0,2,0,0,0,0,0,0,0,0,0
75937378,9809,0,2,0,0,0,0,0,0,0,0,0
75944602,9810,0,2,0,0,0,0,0,0,0,0,0
75951827,9811,0,2,0,0,0,0,0,0,0,0,0
75959050,9812,0,2,0,0,0,0,0,0,0,0,0
75966274,9813,0,2,0,0,0,0,0,0,0,0,0
75973498,9814,0,2,0,0,0,0,0,0,0,0,0
75980722,9815,0,2,0,0,0,0,0,0,0,0,0
75987946,9816,0,2,0,0,0,0,0,0,0,0,0
75995170,9817,0,2,0,0,0,0,0,0,0,0,0
76002394,9818,0,2,0,0,0,0,0,0,0,0,0
76009618,9819,0,2,0,0,0,0,0,0,0,0,0
76016842,9820,0,2,0,0,0,0,0,0,0,0,0
76024067,9821,0,2,0,0,0,0,0,0,0,0,0
76031290,9822,0,2,0,0,0,0,0,0,0,0,0
76038514,9823,0,2,0,0,0,0,0,0,0,0,0
76045738,9824,0,2,0,0,0,0,0,0,0,0,0
76052962,9825,0,2,0,0,0,0,0,0,0,0,0
76060186,9826,0,2,0,0,0,0,0,0,0,0,0
76067410,9827,0,2,0,0,0,0,0,0,0,0,0
76074634,9828,0,2,0,0,0,0,0,0,0,0,0
76081858,9829,0,2,0,0,0,0,0,0,0,0,0
76089082,9830,0,2,0,0,0,0,0,0,0,0,0
76096307,9831,0,2,0,0,0,0,0,0,0,0,0
76103530,9832,0,2,0,0,0,0,0,0,0,0,0
76110754,9833,0,2,0,0,0,0,0,0,0,0,0
76117978,9834,0,2,0,0,0,0,0,0,0,0,0
76125202,9835,0,2,0,0,0,0,0,0,0,0,0
76132426,9836,0,2,0,0,0,0,0,0,0,0,0
76139650,9837,0,2,0,0,0,0,0,0,0,0,0
76146874,9838,0,2,0,0,0,0,0,0,0,0,0
76154098,9839,0,2,0,0,0,0,0,0,0,0,0
76161322,9840,0,2,0,0,0,0,0,0,0,0,0
76168547,9841,0,2,0,0,0,0,0,0,0,0,0
76175770,9842,0,2,0,0,0,0,0,0,0,0,0
76182994,9843,0,2,0,0,0,0,0,0,0,0,0
76190218,9844,0,2,0,0,0,0,0,0,0,0,0
76197442,9845,0,2,0,0,0,0,0,0,0,0,0
76204666,9846,0,2,0,0,0,0,0,0,0,0,0
76211890,9847,0,2,0,0,0,0,0,0,0,0,0
76219114,9848,0,2,0,0,0,0,0,0,0,0,0
76226338,9849,0,2,0,0,0,0,0,0,0,0,0
76233562,9850,0,2,0,0,0,0,0,0,0,0,0
76240787,9851,0,2,0,0,0,0,0,0,0,0,0
76248010,9852,0,2,0,0,0,0,0,0,0,0,0
76255234,9853,0,2,0,0,0,0,0,0,0,0,0
76262458,9854,0,2,0,0,0,0,0,0,0,0,0
76269682,9855,0,2,0,0,0,0,0,0,0,0,0
76276906,9856,0,2,0,0,0,0,0,0,0,0,0
76284130,9857,0,2,0,0,0,0,0,0,0,0,0
76291354,9858,0,2,0,0,0,0,0,0,0,0,0
76298578,9859,0,2,0,0,0,0,0,0,0,0,0
76305802,9860,0,2,0,0,0,0,0,0,0,0,0
76313027,9861,0,2,0,0,0,0,0,0,0,0,0
76320250,9862,0,2,0,0,0,0,0,0,0,0,0
76327474,9863,0,2,0,0,0,0,0,0,0,0,0
76334698,9864,0,2,0,0,0,0,0,0,0,0,0
76341922,9865,0,2,0,0,0,0,0,0,0,0,0
76349146,9866,0,2,0,0,0,0,0,0,0,0,0
76356370,9867,0,2,0,0,0,0,0,0,0,0,0
76363594,9868,0,2,0,0,0,0,0,0,0,0,0
76370818,9869,0,2,0,0,0,0,0,0,0,0,0
76378043,9870,0,2,0,0,0,0,0,0,0,0,0
76385267,9871,0,2,0,0,0,0,0,0,0,0,0
76392490,9872,0,2,0,0,0,0,0,0,0,0,0
76399714,9873,0,2,0,0,0,0,0,0,0,0,0
76406938,9874,0,2,0,0,0,0,0,0,0,0,0
76414162,9875,0,2,0,0,0,0,0,0,0,0,0
76421386,9876,0,2,0,0,0,0,0,0,0,0,0
76428610,9877,0,2,0,0,0,0,0,0,0,0,0
76435834,9878,0,2,0,0,0,0,0,0,0,0,0
76443058,9879,0,2,0,0,0,0,0,0,0,0,0
76450282,9880,0,2,0,0,0,0,0,0,0,0,0
76457507,9881,0,2,0,0,0,0,0,0,0,0,0
76464730,9882,0,2,0,0,0,0,0,0,0,0,0
76471954,9883,0,2,0,0,0,0,0,0,0,0,0
76479178,9884,0,2,0,0,0,0,0,0,0,0,0
76486402,9885,0,2,0,0,0,0,0,0,0,0,0
76493626,9886,0,2,0,0,0,0,0,0,0,0,0
76500850,9887,0,2,0,0,0,0,0,0,0,0,0
76508075,9888,0,2,0,0,0,0,0,0,0,0,0
76515298,9889,0,2,0,0,0,0,0,0,0,0,0
76522522,9890,0,2,0,0,0,0,0,0,0,0,0
76529747,9891,0,2,0,0,0,0,0,0,0,0,0
76536970,9892,0,2,0,0,0,0,0,0,0,0,0
76544194,9893,0,2,0,0,0,0,0,0,0,0,0
76551418,9894,0,2,0,0,0,0,0,0,0,0,0
76558642,9895,0,2,0,0,0,0,0,0,0,0,0
76565866,9896,0,2,0,0,0,0,0,0,0,0,0
76573090,9897,0,2,0,0,0,0,0,0,0,0,0
76580314,9898,0,2,0,0,0,0,0,0,0,0,0
76587538,9899,0,2,0,0,0,0,0,0,0,0,0
76594762,9900,0,2,0,0,0,0,0,0,0,0,0
76601987,9901,0,2,0,0,0,0,0,0,0,0,0
76609210,9902,0,2,0,0,0,0,0,0,0,0,0
76616434,9903,0,2,0,0,0,0,0,0,0,0,0
76623658,9904,0,2,0,0,0,0,0,0,0,0,0
76630882,9905,0,2,0,0,0,0,0,0,0,0,0
76638106,9906,0,2,0,0,0,0,0,0,0,0,0
76645330,9907,0,2,0,0,0,0,0,0,0,0,0
76652554,9908,0,2,0,0,0,0,0,0,0,0,0
76659778,9909,0,2,0,0,0,0,0,0,0,0,0
76667002,9910,0,2,0,0,0,0,0,0,0,0,0
76674227,9911,0,2,0,0,0,0,0,0,0,0,0
76681450,9912,0,2,0,0,0,0,0,0,0,0,0
76688674,9913,0,2,0,0,0,0,0,0,0,0,0
76695898,9914,0,2,0,0,0,0,0,0,0,0,0
76703122,9915,0,2,0,0,0,0,0,0,0,0,0
76710346,9916,0,2,0,0,0,0,0,0,0,0,0
76717570,9917,0,2,0,0,0,0,0,0,0,0,0
76724794,9918,0,2,0,0,0,0,0,0,0,0,0
76732018,9919,0,2,0,0,0,0,0,0,0,0,0
76739242,9920,0,2,0,0,0,0,0,0,0,0,0
76746467,9921,0,2,0,0,0,0,0,0,0,0,0
76753690,9922,0,2,0,0,0,0,0,0,0,0,0
76760914,9923,0,2,0,0,0,0,0,0,0,0,0
76768138,9924,0,2,0,0,0,0,0,0,0,0,0
76775362,9925,0,2,0,0,0,0,0,0,0,0,0
76782586,9926,0,2,0,0,0,0,0,0,0,0,0
76789810,9927,0,2,0,0,0,0,0,0,0,0,0
76797035,9928,0,2,0,0,0,0,0,0,0,0,0
76804258,9929,0,2,0,0,0,0,0,0,0,0,0
76811482,9930,0,2,0,0,0,0,0,0,0,0,0
76818707,9931,0,2,0,0,0,0,0,0,0,0,0
76825930,9932,0,2,0,0,0,0,0,0,0,0,0
76833154,9933,0,2,0,0,0,0,0,0,0,0,0
76840378,9934,0,2,0,0,0,0,0,0,0,0,0
76847602,9935,0,2,0,0,0,0,0,0,0,0,0
76854826,9936,0,2,0,0,0,0,0,0,0,0,0
76862050,9937,0,2,0,0,0,0,0,0,0,0,0
76869274,9938,0,2,0,0,0,0,0,0,0,0,0
76876498,9939,0,2,0,0,0,0,0,0,0,0,0
76883722,9940,0,2,0,0,0,0,0,0,0,0,0
76890947,9941,0,2,0,0,0,0,0,0,0,0,0
76898170,9942,0,2,0,0,0,0,0,0,0,0,0
76905394,9943,0,2,0,0,0,0,0,0,0,0,0
76912618,9944,0,2,0,0,0,0,0,0,0,0,0
76919842,9945,0,2,0,0,0,0,0,0,0,0,0
76927066,9946,0,2,0,0,0,0,0,0,0,0,0
76934290,9947,0,2,0,0,0,0,0,0,0,0,0
76941514,9948,0,2,0,0,0,0,0,0,0,0,0
76948738,9949,0,2,0,0,0,0,0,0,0,0,0
76955962,9950,0,2,0,0,0,0,0,0,0,0,0
76963187,9951,0,2,0,0,0,0,0,0,0,0,0
76970410,9952,0,2,0,0,0,0,0,0,0,0,0
76977634,9953,0,2,0,0,0,0,0,0,0,0,0
76984858,9954,0,2,0,0,0,0,0,0,0,0,0
76992082,9955,0,2,0,0,0,0,0,0,0,0,0
76999306,9956,0,2,0,0,0,0,0,0,0,0,0
77006530,9957,0,2,0,0,0,0,0,0,0,0,0
77013754,9958,0,2,0,0,0,0,0,0,0,0,0
77020978,9959,0,2,0,0,0,0,0,0,0,0,0
77028202,9960,0,2,0,0,0,0,0,0,0,0,0
77035427,9961,0,2,0,0,0,0,0,0,0,0,0
77042650,9962,0,2,0,0,0,0,0,0,0,0,0
77049874,9963,0,2,0,0,0,0,0,0,0,0,0
77057098,9964,0,2,0,0,0,0,0,0,0,0,0
77064322,9965,0,2,0,0,0,0,0,0,0,0,0
77071546,9966,0,2,0,0,0,0,0,0,0,0,0
77078770,9967,0,2,0,0,0,0,0,0,0,0,0
77085994,9968,0,2,0,0,0,0,0,0,0,0,0
77093218,9969,0,2,0,0,0,0,0,0,0,0,0
77100442,9970,0,2,0,0,0,0,0,0,0,0,0
77107667,9971,0,2,0,0,0,0,0,0,0,0,0
77114890,9972,0,2,0,0,0,0,0,0,0,0,0
77122114,9973,0,2,0,0,0,0,0,0,0,0,0
77129338,9974,0,2,0,0,0,0,0,0,0,0,0
77136562,9975,0,2,0,0,0,0,0,0,0,0,0
77143786,9976,0,2,0,0,0,0,0,0,0,0,0
77151010,9977,0,2,0,0,0,0,0,0,0,0,0
77158234,9978,0,2,0,0,0,0,0,0,0,0,0
77165458,9979,0,2,0,0,0,0,0,0,0,0,0
77172682,9980,0,2,0,0,0,0,0,0,0,0,0
77179907,9981,0,2,0,0,0,0,0,0,0,0,0
77187130,9982,0,2,0,0,0,0,0,0,0,0,0
77194354,9983,0,2,0,0,0,0,0,0,0,0,0
77201578,9984,0,2,0,0,0,0,0,0,0,0,0
77208802,9985,0,2,0,0,0,0,0,0,0,0,0
77216026,9986,0,2,0,0,0,0,0,0,0,0,0
77223250,9987,0,2,0,0,0,0,0,0,0,0,0
77230474,9988,0,2,0,0,0,0,0,0,0,0,0
77255344,9989,0,2,0,0,0,0,0,0,0,0,0
77262556,9990,0,2,0,0,0,0,0,0,0,0,0
77269781,9991,0,2,0,0,0,0,0,0,0,0,0
77277004,9992,0,2,0,0,0,0,0,0,0,0,0
77284228,9993,0,2,0,0,0,0,0,0,0,0,0
77291452,9994,0,2,0,0,0,0,0,0,0,0,0
77298676,9995,0,2,0,0,0,0,0,0,0,0,0
77305900,9996,0,2,0,0,0,0,0,0,0,0,0
77313124,9997,0,2,0,0,0,0,0,0,0,0,0
77320348,9998,0,2,0,0,0,0,0,0,0,0,0
77327572,9999,0,2,0,0,0,0,0,0,0,0,0
77334796,10000,0,2,0,0,0,0,0,0,0,0,0
77342021,10001,0,2,0,0,0,0,0,0,0,0,0
77349244,10002,0,2,0,0,0,0,0,0,0,0,0
77356468,10003,0,2,0,0,0,0,0,0,0,0,0
77363692,10004,0,2,0,0,0,0,0,0,0,0,0
77370916,10005,0,2,0,0,0,0,0,0,0,0,0
77378140,10006,0,2,0,0,0,0,0,0,0,0,0
77385364,10007,0,2,0,0,0,0,0,0,0,0,0
77392588,10008,0,2,0,0,0,0,0,0,0,0,0
77399812,10009,0,2,0,0,0,0,0,0,0,0,0
77407036,10010,0,2,0,0,0,0,0,0,0,0,0
77414261,10011,0,2,0,0,0,0,0,0,0,0,0
77421484,10012,0,2,0,0,0,0,0,0,0,0,0
77428708,10013,0,2,0,0,0,0,0,0,0,0,0
77435932,10014,0,2,0,0,0,0,0,0,0,0,0
77443156,10015,0,2,0,0,0,0,0,0,0,0,0
77450380,10016,0,2,0,0,0,0,0,0,0,0,0
77457604,10017,0,2,0,0,0,0,0,0,0,0,0
77464828,10018,0,2,0,0,0,0,0,0,0,0,0
77472052,10019,0,2,0,0,0,0,0,0,0,0,0
77479276,10020,0,2,0,0,0,0,0,0,0,0,0
77486501,10021,0,2,0,0,0,0,0,0,0,0,0
77493724,10022,0,2,0,0,0,0,0,0,0,0,0
77500948,10023,0,2,0,0,0,0,0,0,0,0,0
77508172,10024,0,2,0,0,0,0,0,0,0,0,0
77515396,10025,0,2,0,0,0,0,0,0,0,0,0
77522620,10026,0,2,0,0,0,0,0,0,0,0,0
77529844,10027,0,2,0,0,0,0,0,0,0,0,0
77537068,10028,0,2,0,0,0,0,0,0,0,0,0
77544292,10029,0,2,0,0,0,0,0,0,0,0,0
77551516,10030,0,2,0,0,0,0,0,0,0,0,0
77558741,10031,0,2,0,0,0,0,0,0,0,0,0
77565964,10032,0,2,0,0,0,0,0,0,0,0,0
77573188,10033,0,2,0,0,0,0,0,0,0,0,0
77580412,10034,0,2,0,0,0,0,0,0,0,0,0
77587636,10035,0,2,0,0,0,0,0,0,0,0,0
77594860,10036,0,2,0,0,0,0,0,0,0,0,0
77602084,10037,0,2,0,0,0,0,0,0,0,0,0
77609308,10038,0,2,0,0,0,0,0,0,0,0,0
77616532,10039,0,2,0,0,0,0,0,0,0,0,0
77623756,10040,0,2,0,0,0,0,0,0,0,0,0
77630981,10041,0,2,0,0,0,0,0,0,0,0,0
77638204,10042,0,2,0,0,0,0,0,0,0,0,0
77645428,10043,0,2,0,0,0,0,0,0,0,0,0
77652652,10044,0,2,0,0,0,0,0,0,0,0,0
77659876,10045,0,2,0,0,0,0,0,0,0,0,0
77667100,10046,0,2,0,0,0,0,0,0,0,0,0
77674324,10047,0,2,0,0,0,0,0,0,0,0,0
77681548,10048,0,2,0,0,0,0,0,0,0,0,0
77688772,10049,0,2,0,0,0,0,0,0,0,0,0
77695996,10050,0,2,0,0,0,0,0,0,0,0,0
77703221,10051,0,2,0,0,0,0,0,0,0,0,0
77710444,10052,0,2,0,0,0,0,0,0,0,0,0
77717668,10053,0,2,0,0,0,0,0,0,0,0,0
77724892,10054,0,2,0,0,0,0,0,0,0,0,0
77732117,10055,0,2,0,0,0,0,0,0,0,0,0
77739340,10056,0,2,0,0,0,0,0,0,0,0,0
77746564,10057,0,2,0,0,0,0,0,0,0,0,0
77753788,10058,0,2,0,0,0,0,0,0,0,0,0
77761012,10059,0,2,0,0,0,0,0,0,0,0,0
77768236,10060,0,2,0,0,0,0,0,0,0,0,0
77775461,10061,0,2,0,0,0,0,0,0,0,0,0
77782684,10062,0,2,0,0,0,0,0,0,0,0,0
77789908,10063,0,2,0,0,0,0,0,0,0,0,0
77797132,10064,0,2,0,0,0,0,0,0,0,0,0
77804356,10065,0,2,0,0,0,0,0,0,0,0,0
77811580,10066,0,2,0,0,0,0,0,0,0,0,0
77818804,10067,0,2,0,0,0,0,0,0,0,0,0
77826029,10068,0,2,0,0,0,0,0,0,0,0,0
77833252,10069,0,2,0,0,0,0,0,0,0,0,0
77840476,10070,0,2,0,0,0,0,0,0,0,0,0
77847701,10071,0,2,0,0,0,0,0,0,0,0,0
77854924,10072,0,2,0,0,0,0,0,0,0,0,0
77862148,10073,0,2,0,0,0,0,0,0,0,0,0
77869372,10074,0,2,0,0,0,0,0,0,0,0,0
77876596,10075,0,2,0,0,0,0,0,0,0,0,0
77883820,10076,0,2,0,0,0,0,0,0,0,0,0
77891045,10077,0,2,0,0,0,0,0,0,0,0,0
77898268,10078,0,2,0,0,0,0,0,0,0,0,0
77905492,10079,0,2,0,0,0,0,0,0,0,0,0
77912716,10080,0,2,0,0,0,0,0,0,0,0,0
77919941,10081,0,2,0,0,0,0,0,0,0,0,0
77927164,10082,0,2,0,0,0,0,0,0,0,0,0
77934388,10083,0,2,0,0,0,0,0,0,0,0,0
77941612,10084,0,2,0,0,0,0,0,0,0,0,0
77948836,10085,0,2,0,0,0,0,0,0,0,0,0
77956061,10086,0,2,0,0,0,0,0,0,0,0,0
77963284,10087,0,2,0,0,0,0,0,0,0,0,0
77970508,10088,0,2,0,0,0,0,0,0,0,0,0
77977732,10089,0,2,0,0,0,0,0,0,0,0,0
77984956,10090,0,2,0,0,0,0,0,0,0,0,0
77992181,10091,0,2,0,0,0,0,0,0,0,0,0
77999404,10092,0,2,0,0,0,0,0,0,0,0,0
78006628,10093,0,2,0,0,0,0,0,0,0,0,0
78013852,10094,0,2,0,0,0,0,0,0,0,0,0
78021076,10095,0,2,0,0,0,0,0,0,0,0,0
78028300,10096,0,2,0,0,0,0,0,0,0,0,0
78035524,10097,0,2,0,0,0,0,0,0,0,0,0
78042748,10098,0,2,0,0,0,0,0,0,0,0,0
78049972,10099,0,2,0,0,0,0,0,0,0,0,0
78057196,10100,0,2,0,0,0,0,0,0,0,0,0
78064421,10101,0,2,0,0,0,0,0,0,0,0,0
78071644,10102,0,2,0,0,0,0,0,0,0,0,0
78078868,10103,0,2,0,0,0,0,0,0,0,0,0
78086092,10104,0,2,0,0,0,0,0,0,0,0,0
78093316,10105,0,2,0,0,0,0,0,0,0,0,0
78100540,10106,0,2,0,0,0,0,0,0,0,0,0
78107764,10107,0,2,0,0,0,0,0,0,0,0,0
78114988,10108,0,2,0,0,0,0,0,0,0,0,0
78122212,10109,0,2,0,0,0,0,0,0,0,0,0
78129436,10110,0,2,0,0,0,0,0,0,0,0,0
78136661,10111,0,2,0,0,0,0,0,0,0,0,0
78143884,10112,0,2,0,0,0,0,0,0,0,0,0
78151108,10113,0,2,0,0,0,0,0,0,0,0,0
78158332,10114,0,2,0,0,0,0,0,0,0,0,0
78165556,10115,0,2,0,0,0,0,0,0,0,0,0
78172780,10116,0,2,0,0,0,0,0,0,0,0,0
78180005,10117,0,2,0,0,0,0,0,0,0,0,0
78187228,10118,0,2,0,0,0,0,0,0,0,0,0
78194452,10119,0,2,0,0,0,0,0,0,0,0,0
78201676,10120,0,2,0,0,0,0,0,0,0,0,0
78208901,10121,0,2,0,0,0,0,0,0,0,0,0
78216124,10122,0,2,0,0,0,0,0,0,0,0,0
78223348,10123,0,2,0,0,0,0,0,0,0,0,0
78230572,10124,0,2,0,0,0,0,0,0,0,0,0
78237796,10125,0,2,0,0,0,0,0,0,0,0,0
78245020,10126,0,2,0,0,0,0,0,0,0,0,0
78252244,10127,0,2,0,0,0,0,0,0,0,0,0
78259468,10128,0,2,0,0,0,0,0,0,0,0,0
78266692,10129,0,2,0,0,0,0,0,0,0,0,0
78273916,10130,0,2,0,0,0,0,0,0,0,0,0
78281141,10131,0,2,0,0,0,0,0,0,0,0,0
78288364,10132,0,2,0,0,0,0,0,0,0,0,0
78295588,10133,0,2,0,0,0,0,0,0,0,0,0
78302812,10134,0,2,0,0,0,0,0,0,0,0,0
78310036,10135,0,2,0,0,0,0,0,0,0,0,0
78317260,10136,0,2,0,0,0,0,0,0,0,0,0
78324484,10137,0,2,0,0,0,0,0,0,0,0,0
78331708,10138,0,2,0,0,0,0,0,0,0,0,0
78338932,10139,0,2,0,0,0,0,0,0,0,0,0
78346156,10140,0,2,0,0,0,0,0,0,0,0,0
78353381,10141,0,2,0,0,0,0,0,0,0,0,0
78360604,10142,0,2,0,0,0,0,0,0,0,0,0
78367828,10143,0,2,0,0,0,0,0,0,0,0,0
78375052,10144,0,2,0,0,0,0,0,0,0,0,0
78382276,10145,0,2,0,0,0,0,0,0,0,0,0
78389500,10146,0,2,0,0,0,0,0,0,0,0,0
78396724,10147,0,2,0,0,0,0,0,0,0,0,0
78403948,10148,0,2,0,0,0,0,0,0,0,0,0
78411172,10149,0,2,0,0,0,0,0,0,0,0,0
78418396,10150,0,2,0,0,0,0,0,0,0,0,0
78425621,10151,0,2,0,0,0,0,0,0,0,0,0
78432844,10152,0,2,0,0,0,0,0,0,0,0,0
78440068,10153,0,2,0,0,0,0,0,0,0,0,0
78447292,10154,0,2,0,0,0,0,0,0,0,0,0
78454516,10155,0,2,0,0,0,0,0,0,0,0,0
78461740,10156,0,2,0,0,0,0,0,0,0,0,0
78468964,10157,0,2,0,0,0,0,0,0,0,0,0
78476188,10158,0,2,0,0,0,0,0,0,0,0,0
78483412,10159,0,2,0,0,0,0,0,0,0,0,0
78490636,10160,0,2,0,0,0,0,0,0,0,0,0
78497861,10161,0,2,0,0,0,0,0,0,0,0,0
78505084,10162,0,2,0,0,0,0,0,0,0,0,0
78512308,10163,0,2,0,0,0,0,0,0,0,0,0
78519532,10164,0,2,0,0,0,0,0,0,0,0,0
78526756,10165,0,2,0,0,0,0,0,0,0,0,0
78533980,10166,0,2,0,0,0,0,0,0,0,0,0
78541204,10167,0,2,0,0,0,0,0,0,0,0,0
78548428,10168,0,2,0,0,0,0,0,0,0,0,0
78555652,10169,0,2,0,0,0,0,0,0,0,0,0
78562876,10170,0,2,0,0,0,0,0,0,0,0,0
78570101,10171,0,2,0,0,0,0,0,0,0,0,0
78577324,10172,0,2,0,0,0,0,0,0,0,0,0
78584548,10173,0,2,0,0,0,0,0,0,0,0,0
78591772,10174,0,2,0,0,0,0,0,0,0,0,0
78598996,10175,0,2,0,0,0,0,0,0,0,0,0
78606220,10176,0,2,0,0,0,0,0,0,0,0,0
78613444,10177,0,2,0,0,0,0,0,0,0,0,0
78620668,10178,0,2,0,0,0,0,0,0,0,0,0
78627892,10179,0,2,0,0,0,0,0,0,0,0,0
78635116,10180,0,2,0,0,0,0,0,0,0,0,0
78642341,10181,0,2,0,0,0,0,0,0,0,0,0
78649564,10182,0,2,0,0,0,0,0,0,0,0,0
78656788,10183,0,2,0,0,0,0,0,0,0,0,0
78664012,10184,0,2,0,0,0,0,0,0,0,0,0
78671236,10185,0,2,0,0,0,0,0,0,0,0,0
78678460,10186,0,2,0,0,0,0,0,0,0,0,0
78685684,10187,0,2,0,0,0,0,0,0,0,0,0
78692908,10188,0,2,0,0,0,0,0,0,0,0,0
78700132,10189,0,2,0,0,0,0,0,0,0,0,0
78707356,10190,0,2,0,0,0,0,0,0,0,0,0
78714581,10191,0,2,0,0,0,0,0,0,0,0,0
78721804,10192,0,2,0,0,0,0,0,0,0,0,0
78729029,10193,0,2,0,0,0,0,0,0,0,0,0
78736252,10194,0,2,0,0,0,0,0,0,0,0,0
78743476,10195,0,2,0,0,0,0,0,0,0,0,0
78750700,10196,0,2,0,0,0,0,0,0,0,0,0
78757924,10197,0,2,0,0,0,0,0,0,0,0,0
78765148,10198,0,2,0,0,0,0,0,0,0,0,0
78772372,10199,0,2,0,0,0,0,0,0,0,0,0
78779596,10200,0,2,0,0,0,0,0,0,0,0,0
78786821,10201,0,2,0,0,0,0,0,0,0,0,0
78794045,10202,0,2,0,0,0,0,0,0,0,0,0
78801268,10203,0,2,0,0,0,0,0,0,0,0,0
78808492,10204,0,2,0,0,0,0,0,0,0,0,0
78815716,10205,0,2,0,0,0,0,0,0,0,0,0
78822940,10206,0,2,0,0,0,0,0,0,0,0,0
78830164,10207,0,2,0,0,0,0,0,0,0,0,0
78837388,10208,0,2,0,0,0,0,0,0,0,0,0
78844612,10209,0,2,0,0,0,0,0,0,0,0,0
78851836,10210,0,2,0,0,0,0,0,0,0,0,0
78859061,10211,0,2,0,0,0,0,0,0,0,0,0
78866284,10212,0,2,0,0,0,0,0,0,0,0,0
78873508,10213,0,2,0,0,0,0,0,0,0,0,0
78880732,10214,0,2,0,0,0,0,0,0,0,0,0
78887956,10215,0,2,0,0,0,0,0,0,0,0,0
78901942,10216,0,2,0,0,0,0,0,0,0,0,0
78909153,10217,0,2,0,0,0,0,0,0,0,0,0
78916377,10218,0,2,0,0,0,0,0,0,0,0,0
78923601,10219,0,2,0,0,0,0,0,0,0,0,0
78930825,10220,0,2,0,0,0,0,0,0,0,0,0
78938050,10221,0,2,0,0,0,0,0,0,0,0,0
78945273,10222,0,2,0,0,0,0,0,0,0,0,0
78952497,10223,0,2,0,0,0,0,0,0,0,0,0
78959721,10224,0,2,0,0,0,0,0,0,0,0,0
78966945,10225,0,2,0,0,0,0,0,0,0,0,0
78974169,10226,0,2,0,0,0,0,0,0,0,0,0
78981393,10227,0,2,0,0,0,0,0,0,0,0,0
78988617,10228,0,2,0,0,0,0,0,0,0,0,0
78995841,10229,0,2,0,0,0,0,0,0,0,0,0
79003065,10230,0,2,0,0,0,0,0,0,0,0,0
79010290,10231,0,2,0,0,0,0,0,0,0,0,0
79017513,10232,0,2,0,0,0,0,0,0,0,0,0
79024737,10233,0,2,0,0,0,0,0,0,0,0,0
79031961,10234,0,2,0,0,0,0,0,0,0,0,0
79039185,10235,0,2,0,0,0,0,0,0,0,0,0
79046409,10236,0,2,0,0,0,0,0,0,0,0,0
79053633,10237,0,2,0,0,0,0,0,0,0,0,0
79060857,10238,0,2,0,0,0,0,0,0,0,0,0
79068081,10239,0,2,0,0,0,0,0,0,0,0,0
79075305,10240,0,2,0,0,0,0,0,0,0,0,0
79082530,10241,0,2,0,0,0,0,0,0,0,0,0
79089753,10242,0,2,0,0,0,0,0,0,0,0,0
79096977,10243,0,2,0,0,0,0,0,0,0,0,0
79104201,10244,0,2,0,0,0,0,0,0,0,0,0
79111425,10245,0,2,0,0,0,0,0,0,0,0,0
79118649,10246,0,2,0,0,0,0,0,0,0,0,0
79125873,10247,0,2,0,0,0,0,0,0,0,0,0
79133098,10248,0,2,0,0,0,0,0,0,0,0,0
79140321,10249,0,2,0,0,0,0,0,0,0,0,0
79147545,10250,0,2,0,0,0,0,0,0,0,0,0
79154770,10251,0,2,0,0,0,0,0,0,0,0,0
79161993,10252,0,2,0,0,0,0,0,0,0,0,0
79169217,10253,0,2,0,0,0,0,0,0,0,0,0
79176441,10254,0,2,0,0,0,0,0,0,0,0,0
79183665,10255,0,2,0,0,0,0,0,0,0,0,0
79190889,10256,0,2,0,0,0,0,0,0,0,0,0
79198113,10257,0,2,0,0,0,0,0,0,0,0,0
79205337,10258,0,2,0,0,0,0,0,0,0,0,0
79212561,10259,0,2,0,0,0,0,0,0,0,0,0
79219785,10260,0,2,0,0,0,0,0,0,0,0,0
79227010,10261,0,2,0,0,0,0,0,0,0,0,0
79234233,10262,0,2,0,0,0,0,0,0,0,0,0
79241457,10263,0,2,0,0,0,0,0,0,0,0,0
79248681,10264,0,2,0,0,0,0,0,0,0,0,0
79255905,10265,0,2,0,0,0,0,0,0,0,0,0
79263129,10266,0,2,0,0,0,0,0,0,0,0,0
79270353,10267,0,2,0,0,0,0,0,0,0,0,0
79277577,10268,0,2,0,0,0,0,0,0,0,0,0
79284801,10269,0,2,0,0,0,0,0,0,0,0,0
79292026,10270,0,2,0,0,0,0,0,0,0,0,0
79299250,10271,0,2,0,0,0,0,0,0,0,0,0
79306473,10272,0,2,0,0,0,0,0,0,0,0,0
79313697,10273,0,2,0,0,0,0,0,0,0,0,0
79320921,10274,0,2,0,0,0,0,0,0,0,0,0
79328145,10275,0,2,0,0,0,0,0,0,0,0,0
79335369,10276,0,2,0,0,0,0,0,0,0,0,0
79342593,10277,0,2,0,0,0,0,0,0,0,0,0
79349817,10278,0,2,0,0,0,0,0,0,0,0,0
79357041,10279,0,2,0,0,0,0,0,0,0,0,0
79364265,10280,0,2,0,0,0,0,0,0,0,0,0
79371490,10281,0,2,0,0,0,0,0,0,0,0,0
79378713,10282,0,2,0,0,0,0,0,0,0,0,0
79385937,10283,0,2,0,0,0,0,0,0,0,0,0
79393161,10284,0,2,0,0,0,0,0,0,0,0,0
79400385,10285,0,2,0,0,0,0,0,0,0,0,0
79407609,10286,0,2,0,0,0,0,0,0,0,0,0
79414833,10287,0,2,0,0,0,0,0,0,0,0,0
79422057,10288,0,2,0,0,0,0,0,0,0,0,0
79429281,10289,0,2,0,0,0,0,0,0,0,0,0
79436505,10290,0,2,0,0,0,0,0,0,0,0,0
79443730,10291,0,2,0,0,0,0,0,0,0,0,0
79450953,10292,0,2,0,0,0,0,0,0,0,0,0
79458177,10293,0,2,0,0,0,0,0,0,0,0,0
79465401,10294,0,2,0,0,0,0,0,0,0,0,0
79472625,10295,0,2,0,0,0,0,0,0,0,0,0
79479849,10296,0,2,0,0,0,0,0,0,0,0,0
79487073,10297,0,2,0,0,0,0,0,0,0,0,0
79494297,10298,0,2,0,0,0,0,0,0,0,0,0
79501521,10299,0,2,0,0,0,0,0,0,0,0,0
79508745,10300,0,2,0,0,0,0,0,0,0,0,0
79515970,10301,0,2,0,0,0,0,0,0,0,0,0
79523193,10302,0,2,0,0,0,0,0,0,0,0,0
79530417,10303,0,2,0,0,0,0,0,0,0,0,0
79537641,10304,0,2,0,0,0,0,0,0,0,0,0
79544865,10305,0,2,0,0,0,0,0,0,0,0,0
79552089,10306,0,2,0,0,0,0,0,0,0,0,0
79559313,10307,0,2,0,0,0,0,0,0,0,0,0
79566537,10308,0,2,0,0,0,0,0,0,0,0,0
79573761,10309,0,2,0,0,0,0,0,0,0,0,0
79580985,10310,0,2,0,0,0,0,0,0,0,0,0
79588210,10311,0,2,0,0,0,0,0,0,0,0,0
79595433,10312,0,2,0,0,0,0,0,0,0,0,0
79602657,10313,0,2,0,0,0,0,0,0,0,0,0
79609881,10314,0,2,0,0,0,0,0,0,0,0,0
79617105,10315,0,2,0,0,0,0,0,0,0,0,0
79624329,10316,0,2,0,0,0,0,0,0,0,0,0
79631553,10317,0,2,0,0,0,0,0,0,0,0,0
79638777,10318,0,2,0,0,0,0,0,0,0,0,0
79646001,10319,0,2,0,0,0,0,0,0,0,0,0
79653225,10320,0,2,0,0,0,0,0,0,0,0,0
79660450,10321,0,2,0,0,0,0,0,0,0,0,0
79667673,10322,0,2,0,0,0,0,0,0,0,0,0
79674897,10323,0,2,0,0,0,0,0,0,0,0,0
79682121,10324,0,2,0,0,0,0,0,0,0,0,0
79689345,10325,0,2,0,0,0,0,0,0,0,0,0
79696569,10326,0,2,0,0,0,0,0,0,0,0,0
79703793,10327,0,2,0,0,0,0,0,0,0,0,0
79711017,10328,0,2,0,0,0,0,0,0,0,0,0
79718241,10329,0,2,0,0,0,0,0,0,0,0,0
79725465,10330,0,2,0,0,0,0,0,0,0,0,0
79732690,10331,0,2,0,0,0,0,0,0,0,0,0
79739913,10332,0,2,0,0,0,0,0,0,0,0,0
79747137,10333,0,2,0,0,0,0,0,0,0,0,0
79754361,10334,0,2,0,0,0,0,0,0,0,0,0
79761585,10335,0,2,0,0,0,0,0,0,0,0,0
79768809,10336,0,2,0,0,0,0,0,0,0,0,0
79776033,10337,0,2,0,0,0,0,0,0,0,0,0
79783257,10338,0,2,0,0,0,0,0,0,0,0,0
79790481,10339,0,2,0,0,0,0,0,0,0,0,0
79797705,10340,0,2,0,0,0,0,0,0,0,0,0
79804930,10341,0,2,0,0,0,0,0,0,0,0,0
79812153,10342,0,2,0,0,0,0,0,0,0,0,0
79819377,10343,0,2,0,0,0,0,0,0,0,0,0
79826601,10344,0,2,0,0,0,0,0,0,0,0,0
79833825,10345,0,2,0,0,0,0,0,0,0,0,0
79841049,10346,0,2,0,0,0,0,0,0,0,0,0
79848273,10347,0,2,0,0,0,0,0,0,0,0,0
79855497,10348,0,2,0,0,0,0,0,0,0,0,0
79862721,10349,0,2,0,0,0,0,0,0,0,0,0
79869945,10350,0,2,0,0,0,0,0,0,0,0,0
79877170,10351,0,2,0,0,0,0,0,0,0,0,0
79884393,10352,0,2,0,0,0,0,0,0,0,0,0
79891617,10353,0,2,0,0,0,0,0,0,0,0,0
79898841,10354,0,2,0,0,0,0,0,0,0,0,0
79906065,10355,0,2,0,0,0,0,0,0,0,0,0
79913289,10356,0,2,0,0,0,0,0,0,0,0,0
79920513,10357,0,2,0,0,0,0,0,0,0,0,0
79927737,10358,0,2,0,0,0,0,0,0,0,0,0
79934961,10359,0,2,0,0,0,0,0,0,0,0,0
79942185,10360,0,2,0,0,0,0,0,0,0,0,0
79949410,10361,0,2,0,0,0,0,0,0,0,0,0
79956633,10362,0,2,0,0,0,0,0,0,0,0,0
79963857,10363,0,2,0,0,0,0,0,0,0,0,0
79971081,10364,0,2,0,0,0,0,0,0,0,0,0
79978305,10365,0,2,0,0,0,0,0,0,0,0,0
79985529,10366,0,2,0,0,0,0,0,0,0,0,0
79992753,10367,0,2,0,0,0,0,0,0,0,0,0
79999977,10368,0,2,0,0,0,0,0,0,0,0,0
80007201,10369,0,2,0,0,0,0,0,0,0,0,0
80014425,10370,0,2,0,0,0,0,0,0,0,0,0
80021650,10371,0,2,0,0,0,0,0,0,0,0,0
80028873,10372,0,2,0,0,0,0,0,0,0,0,0
80036098,10373,0,2,0,0,0,0,0,0,0,0,0
80043321,10374,0,2,0,0,0,0,0,0,0,0,0
80050545,10375,0,2,0,0,0,0,0,0,0,0,0
80057769,10376,0,2,0,0,0,0,0,0,0,0,0
80064993,10377,0,2,0,0,0,0,0,0,0,0,0
80072218,10378,0,2,0,0,0,0,0,0,0,0,0
80079441,10379,0,2,0,0,0,0,0,0,0,0,0
80086665,10380,0,2,0,0,0,0,0,0,0,0,0
80093890,10381,0,2,0,0,0,0,0,0,0,0,0
80101113,10382,0,2,0,0,0,0,0,0,0,0,0
80108337,10383,0,2,0,0,0,0,0,0,0,0,0
80115561,10384,0,2,0,0,0,0,0,0,0,0,0
80122785,10385,0,2,0,0,0,0,0,0,0,0,0
80130009,10386,0,2,0,0,0,0,0,0,0,0,0
80137233,10387,0,2,0,0,0,0,0,0,0,0,0
80144457,10388,0,2,0,0,0,0,0,0,0,0,0
80151681,10389,0,2,0,0,0,0,0,0,0,0,0
80158905,10390,0,2,0,0,0,0,0,0,0,0,0
80166130,10391,0,2,0,0,0,0,0,0,0,0,0
80173353,10392,0,2,0,0,0,0,0,0,0,0,0
80180577,10393,0,2,0,0,0,0,0,0,0,0,0
80187801,10394,0,2,0,0,0,0,0,0,0,0,0
80195026,10395,0,2,0,0,0,0,0,0,0,0,0
80202249,10396,0,2,0,0,0,0,0,0,0,0,0
80209473,10397,0,2,0,0,0,0,0,0,0,0,0
80216697,10398,0,2,0,0,0,0,0,0,0,0,0
80223921,10399,0,2,0,0,0,0,0,0,0,0,0
80231145,10400,0,2,0,0,0,0,0,0,0,0,0
80238370,10401,0,2,0,0,0,0,0,0,0,0,0
80245593,10402,0,2,0,0,0,0,0,0,0,0,0
80252817,10403,0,2,0,0,0,0,0,0,0,0,0
80260041,10404,0,2,0,0,0,0,0,0,0,0,0
80267265,10405,0,2,0,0,0,0,0,0,0,0,0
80274489,10406,0,2,0,0,0,0,0,0,0,0,0
80281713,10407,0,2,0,0,0,0,0,0,0,0,0
80288937,10408,0,2,0,0,0,0,0,0,0,0,0
80296161,10409,0,2,0,0,0,0,0,0,0,0,0
80303385,10410,0,2,0,0,0,0,0,0,0,0,0
80310610,10411,0,2,0,0,0,0,0,0,0,0,0
80317833,10412,0,2,0,0,0,0,0,0,0,0,0
80325057,10413,0,2,0,0,0,0,0,0,0,0,0
80332281,10414,0,2,0,0,0,0,0,0,0,0,0
80339505,10415,0,2,0,0,0,0,0,0,0,0,0
80346729,10416,0,2,0,0,0,0,0,0,0,0,0
80353953,10417,0,2,0,0,0,0,0,0,0,0,0
80361177,10418,0,2,0,0,0,0,0,0,0,0,0
80368401,10419,0,2,0,0,0,0,0,0,0,0,0
80375625,10420,0,2,0,0,0,0,0,0,0,0,0
80382850,10421,0,2,0,0,0,0,0,0,0,0,0
80390073,10422,0,2,0,0,0,0,0,0,0,0,0
80397297,10423,0,2,0,0,0,0,0,0,0,0,0
80404521,10424,0,2,0,0,0,0,0,0,0,0,0
80411745,10425,0,2,0,0,0,0,0,0,0,0,0
80418969,10426,0,2,0,0,0,0,0,0,0,0,0
80426193,10427,0,2,0,0,0,0,0,0,0,0,0
80433417,10428,0,2,0,0,0,0,0,0,0,0,0
80440641,10429,0,2,0,0,0,0,0,0,0,0,0
80447865,10430,0,2,0,0,0,0,0,0,0,0,0
80455090,10431,0,2,0,0,0,0,0,0,0,0,0
80462313,10432,0,2,0,0,0,0,0,0,0,0,0
80469537,10433,0,2,0,0,0,0,0,0,0,0,0
80476761,10434,0,2,0,0,0,0,0,0,0,0,0
80483985,10435,0,2,0,0,0,0,0,0,0,0,0
80491209,10436,0,2,0,0,0,0,0,0,0,0,0
80498433,10437,0,2,0,0,0,0,0,0,0,0,0
80505657,10438,0,2,0,0,0,0,0,0,0,0,0
80512881,10439,0,2,0,0,0,0,0,0,0,0,0
80520105,10440,0,2,0,0,0,0,0,0,0,0,0
80527330,10441,0,2,0,0,0,0,0,0,0,0,0
80534553,10442,0,2,0,0,0,0,0,0,0,0,0
80545937,10443,0,2,0,0,0,0,0,0,0,0,0
80553149,10444,0,2,0,0,0,0,0,0,0,0,0
80560373,10445,0,2,0,0,0,0,0,0,0,0,0
80567597,10446,0,2,0,0,0,0,0,0,0,0,0
80574821,10447,0,2,0,0,0,0,0,0,0,0,0
80582045,10448,0,2,0,0,0,0,0,0,0,0,0
80589269,10449,0,2,0,0,0,0,0,0,0,0,0
80596493,10450,0,2,0,0,0,0,0,0,0,0,0
80603718,10451,0,2,0,0,0,0,0,0,0,0,0
80610941,10452,0,2,0,0,0,0,0,0,0,0,0
80618165,10453,0,2,0,0,0,0,0,0,0,0,0
80625389,10454,0,2,0,0,0,0,0,0,0,0,0
80632613,10455,0,2,0,0,0,0,0,0,0,0,0
80639837,10456,0,2,0,0,0,0,0,0,0,0,0
80647061,10457,0,2,0,0,0,0,0,0,0,0,0
80654285,10458,0,2,0,0,0,0,0,0,0,0,0
80661509,10459,0,2,0,0,0,0,0,0,0,0,0
80668733,10460,0,2,0,0,0,0,0,0,0,0,0
80675958,10461,0,2,0,0,0,0,0,0,0,0,0
80683181,10462,0,2,0,0,0,0,0,0,0,0,0
80690405,10463,0,2,0,0,0,0,0,0,0,0,0
80697629,10464,0,2,0,0,0,0,0,0,0,0,0
80704853,10465,0,2,0,0,0,0,0,0,0,0,0
80712077,10466,0,2,0,0,0,0,0,0,0,0,0
80719301,10467,0,2,0,0,0,0,0,0,0,0,0
80726525,10468,0,2,0,0,0,0,0,0,0,0,0
80733749,10469,0,2,0,0,0,0,0,0,0,0,0
80740973,10470,0,2,0,0,0,0,0,0,0,0,0
80748198,10471,0,2,0,0,0,0,0,0,0,0,0
80755421,10472,0,2,0,0,0,0,0,0,0,0,0
80762645,10473,0,2,0,0,0,0,0,0,0,0,0
80769869,10474,0,2,0,0,0,0,0,0,0,0,0
80777093,10475,0,2,0,0,0,0,0,0,0,0,0
80784317,10476,0,2,0,0,0,0,0,0,0,0,0
80791541,10477,0,2,0,0,0,0,0,0,0,0,0
80798765,10478,0,2,0,0,0,0,0,0,0,0,0
80805989,10479,0,2,0,0,0,0,0,0,0,0,0
80813213,10480,0,2,0,0,0,0,0,0,0,0,0
80820438,10481,0,2,0,0,0,0,0,0,0,0,0
80827661,10482,0,2,0,0,0,0,0,0,0,0,0
80834885,10483,0,2,0,0,0,0,0,0,0,0,0
80842109,10484,0,2,0,0,0,0,0,0,0,0,0
80849333,10485,0,2,0,0,0,0,0,0,0,0,0
80856557,10486,0,2,0,0,0,0,0,0,0,0,0
80863781,10487,0,2,0,0,0,0,0,0,0,0,0
80871005,10488,0,2,0,0,0,0,0,0,0,0,0
80878229,10489,0,2,0,0,0,0,0,0,0,0,0
80885453,10490,0,2,0,0,0,0,0,0,0,0,0
80892678,10491,0,2,0,0,0,0,0,0,0,0,0
80899901,10492,0,2,0,0,0,0,0,0,0,0,0
80907125,10493,0,2,0,0,0,0,0,0,0,0,0
80914349,10494,0,2,0,0,0,0,0,0,0,0,0
80921573,10495,0,2,0,0,0,0,0,0,0,0,0
80928797,10496,0,2,0,0,0,0,0,0,0,0,0
80936022,10497,0,2,0,0,0,0,0,0,0,0,0
80943245,10498,0,2,0,0,0,0,0,0,0,0,0
80950469,10499,0,2,0,0,0,0,0,0,0,0,0
80957693,10500,0,2,0,0,0,0,0,0,0,0,0
80964918,10501,0,2,0,0,0,0,0,0,0,0,0
80972141,10502,0,2,0,0,0,0,0,0,0,0,0
80979365,10503,0,2,0,0,0,0,0,0,0,0,0
80986589,10504,0,2,0,0,0,0,0,0,0,0,0
80993813,10505,0,2,0,0,0,0,0,0,0,0,0
81001037,10506,0,2,0,0,0,0,0,0,0,0,0
81008261,10507,0,2,0,0,0,0,0,0,0,0,0
81015485,10508,0,2,0,0,0,0,0,0,0,0,0
81022709,10509,0,2,0,0,0,0,0,0,0,0,0
81029933,10510,0,2,0,0,0,0,0,0,0,0,0
81037158,10511,0,2,0,0,0,0,0,0,0,0,0
81044381,10512,0,2,0,0,0,0,0,0,0,0,0
81051605,10513,0,2,0,0,0,0,0,0,0,0,0
81058829,10514,0,2,0,0,0,0,0,0,0,0,0
81066053,10515,0,2,0,0,0,0,0,0,0,0,0
81073277,10516,0,2,0,0,0,0,0,0,0,0,0
81080501,10517,0,2,0,0,0,0,0,0,0,0,0
81087725,10518,0,2,0,0,0,0,0,0,0,0,0
81094949,10519,0,2,0,0,0,0,0,0,0,0,0
81102173,10520,0,2,0,0,0,0,0,0,0,0,0
81109398,10521,0,2,0,0,0,0,0,0,0,0,0
81116621,10522,0,2,0,0,0,0,0,0,0,0,0
81123845,10523,0,2,0,0,0,0,0,0,0,0,0
81131069,10524,0,2,0,0,0,0,0,0,0,0,0
81138293,10525,0,2,0,0,0,0,0,0,0,0,0
81145517,10526,0,2,0,0,0,0,0,0,0,0,0
81152741,10527,0,2,0,0,0,0,0,0,0,0,0
81159965,10528,0,2,0,0,0,0,0,0,0,0,0
81167189,10529,0,2,0,0,0,0,0,0,0,0,0
81174413,10530,0,2,0,0,0,0,0,0,0,0,0
81181638,10531,0,2,0,0,0,0,0,0,0,0,0
81188861,10532,0,2,0,0,0,0,0,0,0,0,0
81196085,10533,0,2,0,0,0,0,0,0,0,0,0
81203309,10534,0,2,0,0,0,0,0,0,0,0,0
81210533,10535,0,2,0,0,0,0,0,0,0,0,0
81217757,10536,0,2,0,0,0,0,0,0,0,0,0
81224981,10537,0,2,0,0,0,0,0,0,0,0,0
81232205,10538,0,2,0,0,0,0,0,0,0,0,0
81239429,10539,0,2,0,0,0,0,0,0,0,0,0
81246653,10540,0,2,0,0,0,0,0,0,0,0,0
81253878,10541,0,2,0,0,0,0,0,0,0,0,0
81261101,10542,0,2,0,0,0,0,0,0,0,0,0
81268325,10543,0,2,0,0,0,0,0,0,0,0,0
81275549,10544,0,2,0,0,0,0,0,0,0,0,0
81282773,10545,0,2,0,0,0,0,0,0,0,0,0
81289997,10546,0,2,0,0,0,0,0,0,0,0,0
81297221,10547,0,2,0,0,0,0,0,0,0,0,0
81304445,10548,0,2,0,0,0,0,0,0,0,0,0
81311669,10549,0,2,0,0,0,0,0,0,0,0,0
81318893,10550,0,2,0,0,0,0,0,0,0,0,0
81326118,10551,0,2,0,0,0,0,0,0,0,0,0
81333341,10552,0,2,0,0,0,0,0,0,0,0,0
81340565,10553,0,2,0,0,0,0,0,0,0,0,0
81347789,10554,0,2,0,0,0,0,0,0,0,0,0
81355013,10555,0,2,0,0,0,0,0,0,0,0,0
81362237,10556,0,2,0,0,0,0,0,0,0,0,0
81369461,10557,0,2,0,0,0,0,0,0,0,0,0
81376685,10558,0,2,0,0,0,0,0,0,0,0,0
81383909,10559,0,2,0,0,0,0,0,0,0,0,0
81391133,10560,0,2,0,0,0,0,0,0,0,0,0
81398358,10561,0,2,0,0,0,0,0,0,0,0,0
81405581,10562,0,2,0,0,0,0,0,0,0,0,0
81412805,10563,0,2,0,0,0,0,0,0,0,0,0
81420029,10564,0,2,0,0,0,0,0,0,0,0,0
81427253,10565,0,2,0,0,0,0,0,0,0,0,0
81434477,10566,0,2,0,0,0,0,0,0,0,0,0
81441701,10567,0,2,0,0,0,0,0,0,0,0,0
81448925,10568,0,2,0,0,0,0,0,0,0,0,0
81456149,10569,0,2,0,0,0,0,0,0,0,0,0
81463373,10570,0,2,0,0,0,0,0,0,0,0,0
81470598,10571,0,2,0,0,0,0,0,0,0,0,0
81477821,10572,0,2,0,0,0,0,0,0,0,0,0
81485045,10573,0,2,0,0,0,0,0,0,0,0,0
81492269,10574,0,2,0,0,0,0,0,0,0,0,0
81499493,10575,0,2,0,0,0,0,0,0,0,0,0
81506717,10576,0,2,0,0,0,0,0,0,0,0,0
81513941,10577,0,2,0,0,0,0,0,0,0,0,0
81521165,10578,0,2,0,0,0,0,0,0,0,0,0
81528389,10579,0,2,0,0,0,0,0,0,0,0,0
81535613,10580,0,2,0,0,0,0,0,0,0,0,0
81542838,10581,0,2,0,0,0,0,0,0,0,0,0
81550061,10582,0,2,0,0,0,0,0,0,0,0,0
81557285,10583,0,2,0,0,0,0,0,0,0,0,0
81564509,10584,0,2,0,0,0,0,0,0,0,0,0
81571733,10585,0,2,0,0,0,0,0,0,0,0,0
81578957,10586,0,2,0,0,0,0,0,0,0,0,0
81586181,10587,0,2,0,0,0,0,0,0,0,0,0
81593405,10588,0,2,0,0,0,0,0,0,0,0,0
81600629,10589,0,2,0,0,0,0,0,0,0,0,0
81607853,10590,0,2,0,0,0,0,0,0,0,0,0
81615078,10591,0,2,0,0,0,0,0,0,0,0,0
81622301,10592,0,2,0,0,0,0,0,0,0,0,0
81629525,10593,0,2,0,0,0,0,0,0,0,0,0
81636749,10594,0,2,0,0,0,0,0,0,0,0,0
81643973,10595,0,2,0,0,0,0,0,0,0,0,0
81651197,10596,0,2,0,0,0,0,0,0,0,0,0
81658421,10597,0,2,0,0,0,0,0,0,0,0,0
81665645,10598,0,2,0,0,0,0,0,0,0,0,0
81672869,10599,0,2,0,0,0,0,0,0,0,0,0
81680093,10600,0,2,0,0,0,0,0,0,0,0,0
81687318,10601,0,2,0,0,0,0,0,0,0,0,0
81694541,10602,0,2,0,0,0,0,0,0,0,0,0
81701765,10603,0,2,0,0,0,0,0,0,0,0,0
81708989,10604,0,2,0,0,0,0,0,0,0,0,0
81716213,10605,0,2,0,0,0,0,0,0,0,0,0
81723437,10606,0,2,0,0,0,0,0,0,0,0,0
81730661,10607,0,2,0,0,0,0,0,0,0,0,0
81737885,10608,0,2,0,0,0,0,0,0,0,0,0
81745109,10609,0,2,0,0,0,0,0,0,0,0,0
81752333,10610,0,2,0,0,0,0,0,0,0,0,0
81759558,10611,0,2,0,0,0,0,0,0,0,0,0
81766781,10612,0,2,0,0,0,0,0,0,0,0,0
81774005,10613,0,2,0,0,0,0,0,0,0,0,0
81781229,10614,0,2,0,0,0,0,0,0,0,0,0
81788453,10615,0,2,0,0,0,0,0,0,0,0,0
81795677,10616,0,2,0,0,0,0,0,0,0,0,0
81802901,10617,0,2,0,0,0,0,0,0,0,0,0
81810125,10618,0,2,0,0,0,0,0,0,0,0,0
81817349,10619,0,2,0,0,0,0,0,0,0,0,0
81824573,10620,0,2,0,0,0,0,0,0,0,0,0
81831798,10621,0,2,0,0,0,0,0,0,0,0,0
81839022,10622,0,2,0,0,0,0,0,0,0,0,0
81846245,10623,0,2,0,0,0,0,0,0,0,0,0
81853469,10624,0,2,0,0,0,0,0,0,0,0,0
81860693,10625,0,2,0,0,0,0,0,0,0,0,0
81867917,10626,0,2,0,0,0,0,0,0,0,0,0
81875141,10627,0,2,0,0,0,0,0,0,0,0,0
81882365,10628,0,2,0,0,0,0,0,0,0,0,0
81889589,10629,0,2,0,0,0,0,0,0,0,0,0
81896813,10630,0,2,0,0,0,0,0,0,0,0,0
81904038,10631,0,2,0,0,0,0,0,0,0,0,0
81911261,10632,0,2,0,0,0,0,0,0,0,0,0
81918485,10633,0,2,0,0,0,0,0,0,0,0,0
81925709,10634,0,2,0,0,0,0,0,0,0,0,0
81932933,10635,0,2,0,0,0,0,0,0,0,0,0
81940157,10636,0,2,0,0,0,0,0,0,0,0,0
81947381,10637,0,2,0,0,0,0,0,0,0,0,0
81954605,10638,0,2,0,0,0,0,0,0,0,0,0
81961829,10639,0,2,0,0,0,0,0,0,0,0,0
81969053,10640,0,2,0,0,0,0,0,0,0,0,0
81976278,10641,0,2,0,0,0,0,0,0,0,0,0
81983501,10642,0,2,0,0,0,0,0,0,0,0,0
81990725,10643,0,2,0,0,0,0,0,0,0,0,0
81997949,10644,0,2,0,0,0,0,0,0,0,0,0
82005173,10645,0,2,0,0,0,0,0,0,0,0,0
82012397,10646,0,2,0,0,0,0,0,0,0,0,0
82019621,10647,0,2,0,0,0,0,0,0,0,0,0
82026845,10648,0,2,0,0,0,0,0,0,0,0,0
82034069,10649,0,2,0,0,0,0,0,0,0,0,0
82041293,10650,0,2,0,0,0,0,0,0,0,0,0
82048518,10651,0,2,0,0,0,0,0,0,0,0,0
82055741,10652,0,2,0,0,0,0,0,0,0,0,0
82062965,10653,0,2,0,0,0,0,0,0,0,0,0
82070189,10654,0,2,0,0,0,0,0,0,0,0,0
82077413,10655,0,2,0,0,0,0,0,0,0,0,0
82084637,10656,0,2,0,0,0,0,0,0,0,0,0
82091861,10657,0,2,0,0,0,0,0,0,0,0,0
82099085,10658,0,2,0,0,0,0,0,0,0,0,0
82106309,10659,0,2,0,0,0,0,0,0,0,0,0
82113533,10660,0,2,0,0,0,0,0,0,0,0,0
82120758,10661,0,2,0,0,0,0,0,0,0,0,0
82127981,10662,0,2,0,0,0,0,0,0,0,0,0
82135205,10663,0,2,0,0,0,0,0,0,0,0,0
82142429,10664,0,2,0,0,0,0,0,0,0,0,0
82149653,10665,0,2,0,0,0,0,0,0,0,0,0
82156877,10666,0,2,0,0,0,0,0,0,0,0,0
82164101,10667,0,2,0,0,0,0,0,0,0,0,0
82171325,10668,0,2,0,0,0,0,0,0,0,0,0
82178549,10669,0,2,0,0,0,0,0,0,0,0,0
82191885,10670,0,2,0,0,0,0,0,0,0,0,0
82199098,10671,0,2,0,0,0,0,0,0,0,0,0
82206321,10672,0,2,0,0,0,0,0,0,0,0,0
82213545,10673,0,2,0,0,0,0,0,0,0,0,0
82220769,10674,0,2,0,0,0,0,0,0,0,0,0
82227993,10675,0,2,0,0,0,0,0,0,0,0,0
82235218,10676,0,2,0,0,0,0,0,0,0,0,0
82242441,10677,0,2,0,0,0,0,0,0,0,0,0
82249665,10678,0,2,0,0,0,0,0,0,0,0,0
82256889,10679,0,2,0,0,0,0,0,0,0,0,0
82264113,10680,0,2,0,0,0,0,0,0,0,0,0
82271338,10681,0,2,0,0,0,0,0,0,0,0,0
82278561,10682,0,2,0,0,0,0,0,0,0,0,0
82285785,10683,0,2,0,0,0,0,0,0,0,0,0
82293009,10684,0,2,0,0,0,0,0,0,0,0,0
82300233,10685,0,2,0,0,0,0,0,0,0,0,0
82307457,10686,0,2,0,0,0,0,0,0,0,0,0
82314681,10687,0,2,0,0,0,0,0,0,0,0,0
82321905,10688,0,2,0,0,0,0,0,0,0,0,0
82329129,10689,0,2,0,0,0,0,0,0,0,0,0
82336353,10690,0,2,0,0,0,0,0,0,0,0,0
82343578,10691,0,2,0,0,0,0,0,0,0,0,0
82350801,10692,0,2,0,0,0,0,0,0,0,0,0
82358025,10693,0,2,0,0,0,0,0,0,0,0,0
82365249,10694,0,2,0,0,0,0,0,0,0,0,0
82372473,10695,0,2,0,0,0,0,0,0,0,0,0
82379697,10696,0,2,0,0,0,0,0,0,0,0,0
82386921,10697,0,2,0,0,0,0,0,0,0,0,0
82394145,10698,0,2,0,0,0,0,0,0,0,0,0
82401369,10699,0,2,0,0,0,0,0,0,0,0,0
82408593,10700,0,2,0,0,0,0,0,0,0,0,0
82415818,10701,0,2,0,0,0,0,0,0,0,0,0
82423041,10702,0,2,0,0,0,0,0,0,0,0,0
82430265,10703,0,2,0,0,0,0,0,0,0,0,0
82437489,10704,0,2,0,0,0,0,0,0,0,0,0
82444713,10705,0,2,0,0,0,0,0,0,0,0,0
82451937,10706,0,2,0,0,0,0,0,0,0,0,0
82459161,10707,0,2,0,0,0,0,0,0,0,0,0
82466385,10708,0,2,0,0,0,0,0,0,0,0,0
82473609,10709,0,2,0,0,0,0,0,0,0,0,0
82480833,10710,0,2,0,0,0,0,0,0,0,0,0
82488058,10711,0,2,0,0,0,0,0,0,0,0,0
82495281,10712,0,2,0,0,0,0,0,0,0,0,0
82502505,10713,0,2,0,0,0,0,0,0,0,0,0
82509729,10714,0,2,0,0,0,0,0,0,0,0,0
82516953,10715,0,2,0,0,0,0,0,0,0,0,0
82524177,10716,0,2,0,0,0,0,0,0,0,0,0
82531401,10717,0,2,0,0,0,0,0,0,0,0,0
82538625,10718,0,2,0,0,0,0,0,0,0,0,0
82545849,10719,0,2,0,0,0,0,0,0,0,0,0
82553073,10720,0,2,0,0,0,0,0,0,0,0,0
82560298,10721,0,2,0,0,0,0,0,0,0,0,0
82567521,10722,0,2,0,0,0,0,0,0,0,0,0
82574745,10723,0,2,0,0,0,0,0,0,0,0,0
82581969,10724,0,2,0,0,0,0,0,0,0,0,0
82589193,10725,0,2,0,0,0,0,0,0,0,0,0
82596417,10726,0,2,0,0,0,0,0,0,0,0,0
82603641,10727,0,2,0,0,0,0,0,0,0,0,0
82610865,10728,0,2,0,0,0,0,0,0,0,0,0
82618089,10729,0,2,0,0,0,0,0,0,0,0,0
82625313,10730,0,2,0,0,0,0,0,0,0,0,0
82632538,10731,0,2,0,0,0,0,0,0,0,0,0
82639761,10732,0,2,0,0,0,0,0,0,0,0,0
82646985,10733,0,2,0,0,0,0,0,0,0,0,0
82654209,10734,0,2,0,0,0,0,0,0,0,0,0
82661433,10735,0,2,0,0,0,0,0,0,0,0,0
82668657,10736,0,2,0,0,0,0,0,0,0,0,0
82675881,10737,0,2,0,0,0,0,0,0,0,0,0
82683105,10738,0,2,0,0,0,0,0,0,0,0,0
82690329,10739,0,2,0,0,0,0,0,0,0,0,0
82697553,10740,0,2,0,0,0,0,0,0,0,0,0
82704778,10741,0,2,0,0,0,0,0,0,0,0,0
82712001,10742,0,2,0,0,0,0,0,0,0,0,0
82719225,10743,0,2,0,0,0,0,0,0,0,0,0
82726449,10744,0,2,0,0,0,0,0,0,0,0,0
82733673,10745,0,2,0,0,0,0,0,0,0,0,0
82740897,10746,0,2,0,0,0,0,0,0,0,0,0
82748121,10747,0,2,0,0,0,0,0,0,0,0,0
82755345,10748,0,2,0,0,0,0,0,0,0,0,0
82762569,10749,0,2,0,0,0,0,0,0,0,0,0
82769793,10750,0,2,0,0,0,0,0,0,0,0,0
82777018,10751,0,2,0,0,0,0,0,0,0,0,0
82784241,10752,0,2,0,0,0,0,0,0,0,0,0
82791465,10753,0,2,0,0,0,0,0,0,0,0,0
82798689,10754,0,2,0,0,0,0,0,0,0,0,0
82805913,10755,0,2,0,0,0,0,0,0,0,0,0
82813137,10756,0,2,0,0,0,0,0,0,0,0,0
82820361,10757,0,2,0,0,0,0,0,0,0,0,0
82827585,10758,0,2,0,0,0,0,0,0,0,0,0
82834809,10759,0,2,0,0,0,0,0,0,0,0,0
82842033,10760,0,2,0,0,0,0,0,0,0,0,0
82849258,10761,0,2,0,0,0,0,0,0,0,0,0
82856481,10762,0,2,0,0,0,0,0,0,0,0,0
82863705,10763,0,2,0,0,0,0,0,0,0,0,0
82870929,10764,0,2,0,0,0,0,0,0,0,0,0
82878153,10765,0,2,0,0,0,0,0,0,0,0,0
82885377,10766,0,2,0,0,0,0,0,0,0,0,0
82892601,10767,0,2,0,0,0,0,0,0,0,0,0
82899825,10768,0,2,0,0,0,0,0,0,0,0,0
82907049,10769,0,2,0,0,0,0,0,0,0,0,0
82914273,10770,0,2,0,0,0,0,0,0,0,0,0
82921498,10771,0,2,0,0,0,0,0,0,0,0,0
82928721,10772,0,2,0,0,0,0,0,0,0,0,0
82935945,10773,0,2,0,0,0,0,0,0,0,0,0
82943169,10774,0,2,0,0,0,0,0,0,0,0,0
82950393,10775,0,2,0,0,0,0,0,0,0,0,0
82957617,10776,0,2,0,0,0,0,0,0,0,0,0
82964841,10777,0,2,0,0,0,0,0,0,0,0,0
82972065,10778,0,2,0,0,0,0,0,0,0,0,0
82979289,10779,0,2,0,0,0,0,0,0,0,0,0
82986513,10780,0,2,0,0,0,0,0,0,0,0,0
82993738,10781,0,2,0,0,0,0,0,0,0,0,0
83000961,10782,0,2,0,0,0,0,0,0,0,0,0
83008185,10783,0,2,0,0,0,0,0,0,0,0,0
83015409,10784,0,2,0,0,0,0,0,0,0,0,0
83022633,10785,0,2,0,0,0,0,0,0,0,0,0
83029857,10786,0,2,0,0,0,0,0,0,0,0,0
83037081,10787,0,2,0,0,0,0,0,0,0,0,0
83044305,10788,0,2,0,0,0,0,0,0,0,0,0
83051529,10789,0,2,0,0,0,0,0,0,0,0,0
83058753,10790,0,2,0,0,0,0,0,0,0,0,0
83065978,10791,0,2,0,0,0,0,0,0,0,0,0
83073201,10792,0,2,0,0,0,0,0,0,0,0,0
83080425,10793,0,2,0,0,0,0,0,0,0,0,0
83087649,10794,0,2,0,0,0,0,0,0,0,0,0
83094873,10795,0,2,0,0,0,0,0,0,0,0,0
83102098,10796,0,2,0,0,0,0,0,0,0,0,0
83109321,10797,0,2,0,0,0,0,0,0,0,0,0
83116545,10798,0,2,0,0,0,0,0,0,0,0,0
83123769,10799,0,2,0,0,0,0,0,0,0,0,0
83130993,10800,0,2,0,0,0,0,0,0,0,0,0
83138218,10801,0,2,0,0,0,0,0,0,0,0,0
83145441,10802,0,2,0,0,0,0,0,0,0,0,0
83152665,10803,0,2,0,0,0,0,0,0,0,0,0
83159889,10804,0,2,0,0,0,0,0,0,0,0,0
83167113,10805,0,2,0,0,0,0,0,0,0,0,0
83174337,10806,0,2,0,0,0,0,0,0,0,0,0
83181561,10807,0,2,0,0,0,0,0,0,0,0,0
83188785,10808,0,2,0,0,0,0,0,0,0,0,0
83196009,10809,0,2,0,0,0,0,0,0,0,0,0
83203233,10810,0,2,0,0,0,0,0,0,0,0,0
83210458,10811,0,2,0,0,0,0,0,0,0,0,0
83217681,10812,0,2,0,0,0,0,0,0,0,0,0
83224905,10813,0,2,0,0,0,0,0,0,0,0,0
83232129,10814,0,2,0,0,0,0,0,0,0,0,0
83239353,10815,0,2,0,0,0,0,0,0,0,0,0
83246577,10816,0,2,0,0,0,0,0,0,0,0,0
83253801,10817,0,2,0,0,0,0,0,0,0,0,0
83261026,10818,0,2,0,0,0,0,0,0,0,0,0
83268249,10819,0,2,0,0,0,0,0,0,0,0,0
83275473,10820,0,2,0,0,0,0,0,0,0,0,0
83282698,10821,0,2,0,0,0,0,0,0,0,0,0
83289921,10822,0,2,0,0,0,0,0,0,0,0,0
83297145,10823,0,2,0,0,0,0,0,0,0,0,0
83304369,10824,0,2,0,0,0,0,0,0,0,0,0
83311593,10825,0,2,0,0,0,0,0,0,0,0,0
83318817,10826,0,2,0,0,0,0,0,0,0,0,0
83326041,10827,0,2,0,0,0,0,0,0,0,0,0
83333265,10828,0,2,0,0,0,0,0,0,0,0,0
83340489,10829,0,2,0,0,0,0,0,0,0,0,0
83347713,10830,0,2,0,0,0,0,0,0,0,0,0
83354938,10831,0,2,0,0,0,0,0,0,0,0,0
83362161,10832,0,2,0,0,0,0,0,0,0,0,0
83369385,10833,0,2,0,0,0,0,0,0,0,0,0
83376609,10834,0,2,0,0,0,0,0,0,0,0,0
83383833,10835,0,2,0,0,0,0,0,0,0,0,0
83391057,10836,0,2,0,0,0,0,0,0,0,0,0
83398281,10837,0,2,0,0,0,0,0,0,0,0,0
83405505,10838,0,2,0,0,0,0,0,0,0,0,0
83412729,10839,0,2,0,0,0,0,0,0,0,0,0
83419953,10840,0,2,0,0,0,0,0,0,0,0,0
83427178,10841,0,2,0,0,0,0,0,0,0,0,0
83434401,10842,0,2,0,0,0,0,0,0,0,0,0
83441625,10843,0,2,0,0,0,0,0,0,0,0,0
83448849,10844,0,2,0,0,0,0,0,0,0,0,0
83456073,10845,0,2,0,0,0,0,0,0,0,0,0
83463297,10846,0,2,0,0,0,0,0,0,0,0,0
83470521,10847,0,2,0,0,0,0,0,0,0,0,0
83477745,10848,0,2,0,0,0,0,0,0,0,0,0
83484969,10849,0,2,0,0,0,0,0,0,0,0,0
83492193,10850,0,2,0,0,0,0,0,0,0,0,0
83499418,10851,0,2,0,0,0,0,0,0,0,0,0
83506641,10852,0,2,0,0,0,0,0,0,0,0,0
83513865,10853,0,2,0,0,0,0,0,0,0,0,0
83521089,10854,0,2,0,0,0,0,0,0,0,0,0
83528313,10855,0,2,0,0,0,0,0,0,0,0,0
83535537,10856,0,2,0,0,0,0,0,0,0,0,0
83542761,10857,0,2,0,0,0,0,0,0,0,0,0
83549985,10858,0,2,0,0,0,0,0,0,0,0,0
83557209,10859,0,2,0,0,0,0,0,0,0,0,0
83564433,10860,0,2,0,0,0,0,0,0,0,0,0
83571658,10861,0,2,0,0,0,0,0,0,0,0,0
83578881,10862,0,2,0,0,0,0,0,0,0,0,0
83586105,10863,0,2,0,0,0,0,0,0,0,0,0
83593329,10864,0,2,0,0,0,0,0,0,0,0,0
83600553,10865,0,2,0,0,0,0,0,0,0,0,0
83607777,10866,0,2,0,0,0,0,0,0,0,0,0
83615001,10867,0,2,0,0,0,0,0,0,0,0,0
83622225,10868,0,2,0,0,0,0,0,0,0,0,0
83629449,10869,0,2,0,0,0,0,0,0,0,0,0
83636673,10870,0,2,0,0,0,0,0,0,0,0,0
83643898,10871,0,2,0,0,0,0,0,0,0,0,0
83651121,10872,0,2,0,0,0,0,0,0,0,0,0
83658345,10873,0,2,0,0,0,0,0,0,0,0,0
83665569,10874,0,2,0,0,0,0,0,0,0,0,0
83672793,10875,0,2,0,0,0,0,0,0,0,0,0
83680017,10876,0,2,0,0,0,0,0,0,0,0,0
83687241,10877,0,2,0,0,0,0,0,0,0,0,0
83694465,10878,0,2,0,0,0,0,0,0,0,0,0
83701689,10879,0,2,0,0,0,0,0,0,0,0,0
83708913,10880,0,2,0,0,0,0,0,0,0,0,0
83716138,10881,0,2,0,0,0,0,0,0,0,0,0
83723361,10882,0,2,0,0,0,0,0,0,0,0,0
83730585,10883,0,2,0,0,0,0,0,0,0,0,0
83737809,10884,0,2,0,0,0,0,0,0,0,0,0
83745033,10885,0,2,0,0,0,0,0,0,0,0,0
83752257,10886,0,2,0,0,0,0,0,0,0,0,0
83759481,10887,0,2,0,0,0,0,0,0,0,0,0
83766705,10888,0,2,0,0,0,0,0,0,0,0,0
83773929,10889,0,2,0,0,0,0,0,0,0,0,0
83781153,10890,0,2,0,0,0,0,0,0,0,0,0
83788378,10891,0,2,0,0,0,0,0,0,0,0,0
83795601,10892,0,2,0,0,0,0,0,0,0,0,0
83802825,10893,0,2,0,0,0,0,0,0,0,0,0
83810049,10894,0,2,0,0,0,0,0,0,0,0,0
83817273,10895,0,2,0,0,0,0,0,0,0,0,0
83824497,10896,0,2,0,0,0,0,0,0,0,0,0
83836231,10897,0,2,0,0,0,0,0,0,0,0,0
83843443,10898,0,2,0,0,0,0,0,0,0,0,0
83850667,10899,0,2,0,0,0,0,0,0,0,0,0
83857891,10900,0,2,0,0,0,0,0,0,0,0,0
83865116,10901,0,2,0,0,0,0,0,0,0,0,0
83872339,10902,0,2,0,0,0,0,0,0,0,0,0
83879563,10903,0,2,0,0,0,0,0,0,0,0,0
83886787,10904,0,2,0,0,0,0,0,0,0,0,0
83894011,10905,0,2,0,0,0,0,0,0,0,0,0
83901235,10906,0,2,0,0,0,0,0,0,0,0,0
83908459,10907,0,2,0,0,0,0,0,0,0,0,0
83915683,10908,0,2,0,0,0,0,0,0,0,0,0
83922907,10909,0,2,0,0,0,0,0,0,0,0,0
83930131,10910,0,2,0,0,0,0,0,0,0,0,0
83937356,10911,0,2,0,0,0,0,0,0,0,0,0
83944579,10912,0,2,0,0,0,0,0,0,0,0,0
83951803,10913,0,2,0,0,0,0,0,0,0,0,0
83959027,10914,0,2,0,0,0,0,0,0,0,0,0
83966251,10915,0,2,0,0,0,0,0,0,0,0,0
83973475,10916,0,2,0,0,0,0,0,0,0,0,0
83980699,10917,0,2,0,0,0,0,0,0,0,0,0
83987923,10918,0,2,0,0,0,0,0,0,0,0,0
83995147,10919,0,2,0,0,0,0,0,0,0,0,0
84002371,10920,0,2,0,0,0,0,0,0,0,0,0
84009596,10921,0,2,0,0,0,0,0,0,0,0,0
84016819,10922,0,2,0,0,0,0,0,0,0,0,0
84024043,10923,0,2,0,0,0,0,0,0,0,0,0
84031267,10924,0,2,0,0,0,0,0,0,0,0,0
84038491,10925,0,2,0,0,0,0,0,0,0,0,0
84045715,10926,0,2,0,0,0,0,0,0,0,0,0
84052939,10927,0,2,0,0,0,0,0,0,0,0,0
84060163,10928,0,2,0,0,0,0,0,0,0,0,0
84067387,10929,0,2,0,0,0,0,0,0,0,0,0
84074611,10930,0,2,0,0,0,0,0,0,0,0,0
84081836,10931,0,2,0,0,0,0,0,0,0,0,0
84089060,10932,0,2,0,0,0,0,0,0,0,0,0
84096283,10933,0,2,0,0,0,0,0,0,0,0,0
84103508,10934,0,2,0,0,0,0,0,0,0,0,0
84110731,10935,0,2,0,0,0,0,0,0,0,0,0
84117955,10936,0,2,0,0,0,0,0,0,0,0,0
84125179,10937,0,2,0,0,0,0,0,0,0,0,0
84132403,10938,0,2,0,0,0,0,0,0,0,0,0
84139627,10939,0,2,0,0,0,0,0,0,0,0,0
84146851,10940,0,2,0,0,0,0,0,0,0,0,0
84154076,10941,0,2,0,0,0,0,0,0,0,0,0
84161299,10942,0,2,0,0,0,0,0,0,0,0,0
84168523,10943,0,2,0,0,0,0,0,0,0,0,0
84175747,10944,0,2,0,0,0,0,0,0,0,0,0
84182971,10945,0,2,0,0,0,0,0,0,0,0,0
84190195,10946,0,2,0,0,0,0,0,0,0,0,0
84197419,10947,0,2,0,0,0,0,0,0,0,0,0
84204643,10948,0,2,0,0,0,0,0,0,0,0,0
84211867,10949,0,2,0,0,0,0,0,0,0,0,0
84219092,10950,0,2,0,0,0,0,0,0,0,0,0
84226316,10951,0,2,0,0,0,0,0,0,0,0,0
84233539,10952,0,2,0,0,0,0,0,0,0,0,0
84240763,10953,0,2,0,0,0,0,0,0,0,0,0
84247987,10954,0,2,0,0,0,0,0,0,0,0,0
84255211,10955,0,2,0,0,0,0,0,0,0,0,0
84262435,10956,0,2,0,0,0,0,0,0,0,0,0
84269659,10957,0,2,0,0,0,0,0,0,0,0,0
84276883,10958,0,2,0,0,0,0,0,0,0,0,0
84284107,10959,0,2,0,0,0,0,0,0,0,0,0
84291331,10960,0,2,0,0,0,0,0,0,0,0,0
84298556,10961,0,2,0,0,0,0,0,0,0,0,0
84305779,10962,0,2,0,0,0,0,0,0,0,0,0
84313003,10963,0,2,0,0,0,0,0,0,0,0,0
84320227,10964,0,2,0,0,0,0,0,0,0,0,0
84327451,10965,0,2,0,0,0,0,0,0,0,0,0
84334675,10966,0,2,0,0,0,0,0,0,0,0,0
84341899,10967,0,2,0,0,0,0,0,0,0,0,0
84349123,10968,0,2,0,0,0,0,0,0,0,0,0
84356347,10969,0,2,0,0,0,0,0,0,0,0,0
84363571,10970,0,2,0,0,0,0,0,0,0,0,0
84370796,10971,0,2,0,0,0,0,0,0,0,0,0
84378019,10972,0,2,0,0,0,0,0,0,0,0,0
84385243,10973,0,2,0,0,0,0,0,0,0,0,0
84392467,10974,0,2,0,0,0,0,0,0,0,0,0
84399691,10975,0,2,0,0,0,0,0,0,0,0,0
84406915,10976,0,2,0,0,0,0,0,0,0,0,0
84414139,10977,0,2,0,0,0,0,0,0,0,0,0
84421363,10978,0,2,0,0,0,0,0,0,0,0,0
84428587,10979,0,2,0,0,0,0,0,0,0,0,0
84435811,10980,0,2,0,0,0,0,0,0,0,0,0
84443036,10981,0,2,0,0,0,0,0,0,0,0,0
84450259,10982,0,2,0,0,0,0,0,0,0,0,0
84457483,10983,0,2,0,0,0,0,0,0,0,0,0
84464707,10984,0,2,0,0,0,0,0,0,0,0,0
84471931,10985,0,2,0,0,0,0,0,0,0,0,0
84479155,10986,0,2,0,0,0,0,0,0,0,0,0
84486379,10987,0,2,0,0,0,0,0,0,0,0,0
84493603,10988,0,2,0,0,0,0,0,0,0,0,0
84500827,10989,0,2,0,0,0,0,0,0,0,0,0
84508051,10990,0,2,0,0,0,0,0,0,0,0,0
84515276,10991,0,2,0,0,0,0,0,0,0,0,0
84522499,10992,0,2,0,0,0,0,0,0,0,0,0
84529723,10993,0,2,0,0,0,0,0,0,0,0,0
84536947,10994,0,2,0,0,0,0,0,0,0,0,0
84544171,10995,0,2,0,0,0,0,0,0,0,0,0
84551395,10996,0,2,0,0,0,0,0,0,0,0,0
84558619,10997,0,2,0,0,0,0,0,0,0,0,0
84565843,10998,0,2,0,0,0,0,0,0,0,0,0
84573067,10999,0,2,0,0,0,0,0,0,0,0,0
84580291,11000,0,2,0,0,0,0,0,0,0,0,0
84587516,11001,0,2,0,0,0,0,0,0,0,0,0
84594739,11002,0,2,0,0,0,0,0,0,0,0,0
84601963,11003,0,2,0,0,0,0,0,0,0,0,0
84609187,11004,0,2,0,0,0,0,0,0,0,0,0
84616411,11005,0,2,0,0,0,0,0,0,0,0,0
84623635,11006,0,2,0,0,0,0,0,0,0,0,0
84630859,11007,0,2,0,0,0,0,0,0,0,0,0
84638083,11008,0,2,0,0,0,0,0,0,0,0,0
84645307,11009,0,2,0,0,0,0,0,0,0,0,0
84652531,11010,0,2,0,0,0,0,0,0,0,0,0
84659756,11011,0,2,0,0,0,0,0,0,0,0,0
84666979,11012,0,2,0,0,0,0,0,0,0,0,0
84674203,11013,0,2,0,0,0,0,0,0,0,0,0
84681427,11014,0,2,0,0,0,0,0,0,0,0,0
84688651,11015,0,2,0,0,0,0,0,0,0,0,0
84695875,11016,0,2,0,0,0,0,0,0,0,0,0
84703099,11017,0,2,0,0,0,0,0,0,0,0,0
84710323,11018,0,2,0,0,0,0,0,0,0,0,0
84717547,11019,0,2,0,0,0,0,0,0,0,0,0
84724771,11020,0,2,0,0,0,0,0,0,0,0,0
84731996,11021,0,2,0,0,0,0,0,0,0,0,0
84739219,11022,0,2,0,0,0,0,0,0,0,0,0
84746443,11023,0,2,0,0,0,0,0,0,0,0,0
84753667,11024,0,2,0,0,0,0,0,0,0,0,0
84760891,11025,0,2,0,0,0,0,0,0,0,0,0
84768115,11026,0,2,0,0,0,0,0,0,0,0,0
84775339,11027,0,2,0,0,0,0,0,0,0,0,0
84782563,11028,0,2,0,0,0,0,0,0,0,0,0
84789787,11029,0,2,0,0,0,0,0,0,0,0,0
84797011,11030,0,2,0,0,0,0,0,0,0,0,0
84804236,11031,0,2,0,0,0,0,0,0,0,0,0
84811459,11032,0,2,0,0,0,0,0,0,0,0,0
84818683,11033,0,2,0,0,0,0,0,0,0,0,0
84825907,11034,0,2,0,0,0,0,0,0,0,0,0
84833131,11035,0,2,0,0,0,0,0,0,0,0,0
84840355,11036,0,2,0,0,0,0,0,0,0,0,0
84847579,11037,0,2,0,0,0,0,0,0,0,0,0
84854803,11038,0,2,0,0,0,0,0,0,0,0,0
84862027,11039,0,2,0,0,0,0,0,0,0,0,0
84869251,11040,0,2,0,0,0,0,0,0,0,0,0
84876476,11041,0,2,0,0,0,0,0,0,0,0,0
84883699,11042,0,2,0,0,0,0,0,0,0,0,0
84890923,11043,0,2,0,0,0,0,0,0,0,0,0
84898147,11044,0,2,0,0,0,0,0,0,0,0,0
84905371,11045,0,2,0,0,0,0,0,0,0,0,0
84912595,11046,0,2,0,0,0,0,0,0,0,0,0
84919819,11047,0,2,0,0,0,0,0,0,0,0,0
84927043,11048,0,2,0,0,0,0,0,0,0,0,0
84934267,11049,0,2,0,0,0,0,0,0,0,0,0
84941491,11050,0,2,0,0,0,0,0,0,0,0,0
84948716,11051,0,2,0,0,0,0,0,0,0,0,0
84955939,11052,0,2,0,0,0,0,0,0,0,0,0
84963163,11053,0,2,0,0,0,0,0,0,0,0,0
84970387,11054,0,2,0,0,0,0,0,0,0,0,0
84977611,11055,0,2,0,0,0,0,0,0,0,0,0
84984835,11056,0,2,0,0,0,0,0,0,0,0,0
84992060,11057,0,2,0,0,0,0,0,0,0,0,0
84999283,11058,0,2,0,0,0,0,0,0,0,0,0
85006508,11059,0,2,0,0,0,0,0,0,0,0,0
85013731,11060,0,2,0,0,0,0,0,0,0,0,0
85020956,11061,0,2,0,0,0,0,0,0,0,0,0
85028179,11062,0,2,0,0,0,0,0,0,0,0,0
85035403,11063,0,2,0,0,0,0,0,0,0,0,0
85042627,11064,0,2,0,0,0,0,0,0,0,0,0
85049851,11065,0,2,0,0,0,0,0,0,0,0,0
85057076,11066,0,2,0,0,0,0,0,0,0,0,0
85064299,11067,0,2,0,0,0,0,0,0,0,0,0
85071523,11068,0,2,0,0,0,0,0,0,0,0,0
85078747,11069,0,2,0,0,0,0,0,0,0,0,0
85085971,11070,0,2,0,0,0,0,0,0,0,0,0
85093196,11071,0,2,0,0,0,0,0,0,0,0,0
85100419,11072,0,2,0,0,0,0,0,0,0,0,0
85107643,11073,0,2,0,0,0,0,0,0,0,0,0
85114867,11074,0,2,0,0,0,0,0,0,0,0,0
85122092,11075,0,2,0,0,0,0,0,0,0,0,0
85129315,11076,0,2,0,0,0,0,0,0,0,0,0
85136539,11077,0,2,0,0,0,0,0,0,0,0,0
85143763,11078,0,2,0,0,0,0,0,0,0,0,0
85150987,11079,0,2,0,0,0,0,0,0,0,0,0
85158211,11080,0,2,0,0,0,0,0,0,0,0,0
85165436,11081,0,2,0,0,0,0,0,0,0,0,0
85172659,11082,0,2,0,0,0,0,0,0,0,0,0
85179883,11083,0,2,0,0,0,0,0,0,0,0,0
85187107,11084,0,2,0,0,0,0,0,0,0,0,0
85194331,11085,0,2,0,0,0,0,0,0,0,0,0
85201555,11086,0,2,0,0,0,0,0,0,0,0,0
85208779,11087,0,2,0,0,0,0,0,0,0,0,0
85216003,11088,0,2,0,0,0,0,0,0,0,0,0
85223227,11089,0,2,0,0,0,0,0,0,0,0,0
85230451,11090,0,2,0,0,0,0,0,0,0,0,0
85237676,11091,0,2,0,0,0,0,0,0,0,0,0
85244899,11092,0,2,0,0,0,0,0,0,0,0,0
85252123,11093,0,2,0,0,0,0,0,0,0,0,0
85259347,11094,0,2,0,0,0,0,0,0,0,0,0
85266571,11095,0,2,0,0,0,0,0,0,0,0,0
85273795,11096,0,2,0,0,0,0,0,0,0,0,0
85281019,11097,0,2,0,0,0,0,0,0,0,0,0
85288243,11098,0,2,0,0,0,0,0,0,0,0,0
85295467,11099,0,2,0,0,0,0,0,0,0,0,0
85302691,11100,0,2,0,0,0,0,0,0,0,0,0
85309916,11101,0,2,0,0,0,0,0,0,0,0,0
85317139,11102,0,2,0,0,0,0,0,0,0,0,0
85324363,11103,0,2,0,0,0,0,0,0,0,0,0
85331587,11104,0,2,0,0,0,0,0,0,0,0,0
85338811,11105,0,2,0,0,0,0,0,0,0,0,0
85346035,11106,0,2,0,0,0,0,0,0,0,0,0
85353259,11107,0,2,0,0,0,0,0,0,0,0,0
85360483,11108,0,2,0,0,0,0,0,0,0,0,0
85367707,11109,0,2,0,0,0,0,0,0,0,0,0
85374931,11110,0,2,0,0,0,0,0,0,0,0,0
85382156,11111,0,2,0,0,0,0,0,0,0,0,0
85389379,11112,0,2,0,0,0,0,0,0,0,0,0
85396603,11113,0,2,0,0,0,0,0,0,0,0,0
85403827,11114,0,2,0,0,0,0,0,0,0,0,0
85411051,11115,0,2,0,0,0,0,0,0,0,0,0
85418275,11116,0,2,0,0,0,0,0,0,0,0,0
85425499,11117,0,2,0,0,0,0,0,0,0,0,0
85432723,11118,0,2,0,0,0,0,0,0,0,0,0
85439947,11119,0,2,0,0,0,0,0,0,0,0,0
85447171,11120,0,2,0,0,0,0,0,0,0,0,0
85454396,11121,0,2,0,0,0,0,0,0,0,0,0
85461619,11122,0,2,0,0,0,0,0,0,0,0,0
85468843,11123,0,2,0,0,0,0,0,0,0,0,0
85488112,11124,0,2,0,0,0,0,0,0,0,0,0
85495324,11125,0,2,0,0,0,0,0,0,0,0,0
85502548,11126,0,2,0,0,0,0,0,0,0,0,0
85509772,11127,0,2,0,0,0,0,0,0,0,0,0
85516996,11128,0,2,0,0,0,0,0,0,0,0,0
85524220,11129,0,2,0,0,0,0,0,0,0,0,0
85531444,11130,0,2,0,0,0,0,0,0,0,0,0
85538669,11131,0,2,0,0,0,0,0,0,0,0,0
85545892,11132,0,2,0,0,0,0,0,0,0,0,0
85553116,11133,0,2,0,0,0,0,0,0,0,0,0
85560340,11134,0,2,0,0,0,0,0,0,0,0,0
85567564,11135,0,2,0,0,0,0,0,0,0,0,0
85574788,11136,0,2,0,0,0,0,0,0,0,0,0
85582012,11137,0,2,0,0,0,0,0,0,0,0,0
85589236,11138,0,2,0,0,0,0,0,0,0,0,0
85596460,11139,0,2,0,0,0,0,0,0,0,0,0
85603684,11140,0,2,0,0,0,0,0,0,0,0,0
85610909,11141,0,2,0,0,0,0,0,0,0,0,0
85618132,11142,0,2,0,0,0,0,0,0,0,0,0
85625356,11143,0,2,0,0,0,0,0,0,0,0,0
85632580,11144,0,2,0,0,0,0,0,0,0,0,0
85639804,11145,0,2,0,0,0,0,0,0,0,0,0
85647029,11146,0,2,0,0,0,0,0,0,0,0,0
85654252,11147,0,2,0,0,0,0,0,0,0,0,0
85661476,11148,0,2,0,0,0,0,0,0,0,0,0
85668700,11149,0,2,0,0,0,0,0,0,0,0,0
85675924,11150,0,2,0,0,0,0,0,0,0,0,0
85683149,11151,0,2,0,0,0,0,0,0,0,0,0
85690372,11152,0,2,0,0,0,0,0,0,0,0,0
85697596,11153,0,2,0,0,0,0,0,0,0,0,0
85704820,11154,0,2,0,0,0,0,0,0,0,0,0
85712045,11155,0,2,0,0,0,0,0,0,0,0,0
85719268,11156,0,2,0,0,0,0,0,0,0,0,0
85726492,11157,0,2,0,0,0,0,0,0,0,0,0
85733716,11158,0,2,0,0,0,0,0,0,0,0,0
85740940,11159,0,2,0,0,0,0,0,0,0,0,0
85748164,11160,0,2,0,0,0,0,0,0,0,0,0
85755389,11161,0,2,0,0,0,0,0,0,0,0,0
85762612,11162,0,2,0,0,0,0,0,0,0,0,0
85769836,11163,0,2,0,0,0,0,0,0,0,0,0
85777060,11164,0,2,0,0,0,0,0,0,0,0,0
85784284,11165,0,2,0,0,0,0,0,0,0,0,0
85791508,11166,0,2,0,0,0,0,0,0,0,0,0
85798732,11167,0,2,0,0,0,0,0,0,0,0,0
85805956,11168,0,2,0,0,0,0,0,0,0,0,0
85813180,11169,0,2,0,0,0,0,0,0,0,0,0
85820404,11170,0,2,0,0,0,0,0,0,0,0,0
85827629,11171,0,2,0,0,0,0,0,0,0,0,0
85834852,11172,0,2,0,0,0,0,0,0,0,0,0
85842077,11173,0,2,0,0,0,0,0,0,0,0,0
85849300,11174,0,2,0,0,0,0,0,0,0,0,0
85856524,11175,0,2,0,0,0,0,0,0,0,0,0
85863748,11176,0,2,0,0,0,0,0,0,0,0,0
85870972,11177,0,2,0,0,0,0,0,0,0,0,0
85878196,11178,0,2,0,0,0,0,0,0,0,0,0
85885420,11179,0,2,0,0,0,0,0,0,0,0,0
85892644,11180,0,2,0,0,0,0,0,0,0,0,0
86020000,11181,0,2,0,0,0,0,0,0,0,0,0
86027212,11182,0,2,0,0,0,0,0,0,0,0,0
86034436,11183,0,2,0,0,0,0,0,0,0,0,0
86041660,11184,0,2,0,0,0,0,0,0,0,0,0
86048884,11185,0,2,0,0,0,0,0,0,0,0,0
86056108,11186,0,2,0,0,0,0,0,0,0,0,0
86063332,11187,0,2,0,0,0,0,0,0,0,0,0
86070556,11188,0,2,0,0,0,0,0,0,0,0,0
86077780,11189,0,2,0,0,0,0,0,0,0,0,0
86085005,11190,0,2,0,0,0,0,0,0,0,0,0
86092229,11191,0,2,0,0,0,0,0,0,0,0,0
86099452,11192,0,2,0,0,0,0,0,0,0,0,0
86106676,11193,0,2,0,0,0,0,0,0,0,0,0
86113900,11194,0,2,0,0,0,0,0,0,0,0,0
86121124,11195,0,2,0,0,0,0,0,0,0,0,0
86128348,11196,0,2,0,0,0,0,0,0,0,0,0
86135572,11197,0,2,0,0,0,0,0,0,0,0,0
86142796,11198,0,2,0,0,0,0,0,0,0,0,0
86150020,11199,0,2,0,0,0,0,0,0,0,0,0
86157244,11200,0,2,0,0,0,0,0,0,0,0,0
86164469,11201,0,2,0,0,0,0,0,0,0,0,0
86171692,11202,0,2,0,0,0,0,0,0,0,0,0
86178916,11203,0,2,0,0,0,0,0,0,0,0,0
86186140,11204,0,2,0,0,0,0,0,0,0,0,0
86193364,11205,0,2,0,0,0,0,0,0,0,0,0
86200588,11206,0,2,0,0,0,0,0,0,0,0,0
86207812,11207,0,2,0,0,0,0,0,0,0,0,0
86215036,11208,0,2,0,0,0,0,0,0,0,0,0
86222260,11209,0,2,0,0,0,0,0,0,0,0,0
86229484,11210,0,2,0,0,0,0,0,0,0,0,0
86236709,11211,0,2,0,0,0,0,0,0,0,0,0
86243932,11212,0,2,0,0,0,0,0,0,0,0,0
86251156,11213,0,2,0,0,0,0,0,0,0,0,0
86258380,11214,0,2,0,0,0,0,0,0,0,0,0
86265604,11215,0,2,0,0,0,0,0,0,0,0,0
86272828,11216,0,2,0,0,0,0,0,0,0,0,0
86280052,11217,0,2,0,0,0,0,0,0,0,0,0
86287276,11218,0,2,0,0,0,0,0,0,0,0,0
86294500,11219,0,2,0,0,0,0,0,0,0,0,0
86301724,11220,0,2,0,0,0,0,0,0,0,0,0
86308949,11221,0,2,0,0,0,0,0,0,0,0,0
86316172,11222,0,2,0,0,0,0,0,0,0,0,0
86323396,11223,0,2,0,0,0,0,0,0,0,0,0
86330620,11224,0,2,0,0,0,0,0,0,0,0,0
86337844,11225,0,2,0,0,0,0,0,0,0,0,0
86345068,11226,0,2,0,0,0,0,0,0,0,0,0
86352292,11227,0,2,0,0,0,0,0,0,0,0,0
86359516,11228,0,2,0,0,0,0,0,0,0,0,0
86366740,11229,0,2,0,0,0,0,0,0,0,0,0
86373964,11230,0,2,0,0,0,0,0,0,0,0,0
86381189,11231,0,2,0,0,0,0,0,0,0,0,0
86388412,11232,0,2,0,0,0,0,0,0,0,0,0
86395636,11233,0,2,0,0,0,0,0,0,0,0,0
86402860,11234,0,2,0,0,0,0,0,0,0,0,0
86410084,11235,0,2,0,0,0,0,0,0,0,0,0
86417308,11236,0,2,0,0,0,0,0,0,0,0,0
86424532,11237,0,2,0,0,0,0,0,0,0,0,0
86431756,11238,0,2,0,0,0,0,0,0,0,0,0
86438980,11239,0,2,0,0,0,0,0,0,0,0,0
86446204,11240,0,2,0,0,0,0,0,0,0,0,0
86453429,11241,0,2,0,0,0,0,0,0,0,0,0
86460652,11242,0,2,0,0,0,0,0,0,0,0,0
86467876,11243,0,2,0,0,0,0,0,0,0,0,0
86475100,11244,0,2,0,0,0,0,0,0,0,0,0
86482324,11245,0,2,0,0,0,0,0,0,0,0,0
86489548,11246,0,2,0,0,0,0,0,0,0,0,0
86496772,11247,0,2,0,0,0,0,0,0,0,0,0
86503996,11248,0,2,0,0,0,0,0,0,0,0,0
86511220,11249,0,2,0,0,0,0,0,0,0,0,0
86518444,11250,0,2,0,0,0,0,0,0,0,0,0
86525669,11251,0,2,0,0,0,0,0,0,0,0,0
86532892,11252,0,2,0,0,0,0,0,0,0,0,0
86540116,11253,0,2,0,0,0,0,0,0,0,0,0
86547340,11254,0,2,0,0,0,0,0,0,0,0,0
86554564,11255,0,2,0,0,0,0,0,0,0,0,0
86561788,11256,0,2,0,0,0,0,0,0,0,0,0
86569012,11257,0,2,0,0,0,0,0,0,0,0,0
86576236,11258,0,2,0,0,0,0,0,0,0,0,0
86583460,11259,0,2,0,0,0,0,0,0,0,0,0
86590684,11260,0,2,0,0,0,0,0,0,0,0,0
86597909,11261,0,2,0,0,0,0,0,0,0,0,0
86605132,11262,0,2,0,0,0,0,0,0,0,0,0
86612356,11263,0,2,0,0,0,0,0,0,0,0,0
86619580,11264,0,2,0,0,0,0,0,0,0,0,0
86626804,11265,0,2,0,0,0,0,0,0,0,0,0
86634028,11266,0,2,0,0,0,0,0,0,0,0,0
86641252,11267,0,2,0,0,0,0,0,0,0,0,0
86648476,11268,0,2,0,0,0,0,0,0,0,0,0
86655700,11269,0,2,0,0,0,0,0,0,0,0,0
86662924,11270,0,2,0,0,0,0,0,0,0,0,0
86670149,11271,0,2,0,0,0,0,0,0,0,0,0
86677372,11272,0,2,0,0,0,0,0,0,0,0,0
86684596,11273,0,2,0,0,0,0,0,0,0,0,0
86691820,11274,0,2,0,0,0,0,0,0,0,0,0
86699045,11275,0,2,0,0,0,0,0,0,0,0,0
86706268,11276,0,2,0,0,0,0,0,0,0,0,0
86713492,11277,0,2,0,0,0,0,0,0,0,0,0
86720716,11278,0,2,0,0,0,0,0,0,0,0,0
86727940,11279,0,2,0,0,0,0,0,0,0,0,0
86735164,11280,0,2,0,0,0,0,0,0,0,0,0
86742389,11281,0,2,0,0,0,0,0,0,0,0,0
86749612,11282,0,2,0,0,0,0,0,0,0,0,0
86756836,11283,0,2,0,0,0,0,0,0,0,0,0
86764061,11284,0,2,0,0,0,0,0,0,0,0,0
86771284,11285,0,2,0,0,0,0,0,0,0,0,0
86778508,11286,0,2,0,0,0,0,0,0,0,0,0
86785732,11287,0,2,0,0,0,0,0,0,0,0,0
86792956,11288,0,2,0,0,0,0,0,0,0,0,0
86800180,11289,0,2,0,0,0,0,0,0,0,0,0
86807404,11290,0,2,0,0,0,0,0,0,0,0,0
86814629,11291,0,2,0,0,0,0,0,0,0,0,0
86821852,11292,0,2,0,0,0,0,0,0,0,0,0
86829077,11293,0,2,0,0,0,0,0,0,0,0,0
86836300,11294,0,2,0,0,0,0,0,0,0,0,0
86843524,11295,0,2,0,0,0,0,0,0,0,0,0
86850748,11296,0,2,0,0,0,0,0,0,0,0,0
86857972,11297,0,2,0,0,0,0,0,0,0,0,0
86865196,11298,0,2,0,0,0,0,0,0,0,0,0
86872420,11299,0,2,0,0,0,0,0,0,0,0,0
86879644,11300,0,2,0,0,0,0,0,0,0,0,0
86886869,11301,0,2,0,0,0,0,0,0,0,0,0
86894092,11302,0,2,0,0,0,0,0,0,0,0,0
86901316,11303,0,2,0,0,0,0,0,0,0,0,0
86908540,11304,0,2,0,0,0,0,0,0,0,0,0
86915764,11305,0,2,0,0,0,0,0,0,0,0,0
86922988,11306,0,2,0,0,0,0,0,0,0,0,0
86930212,11307,0,2,0,0,0,0,0,0,0,0,0
86937436,11308,0,2,0,0,0,0,0,0,0,0,0
86944660,11309,0,2,0,0,0,0,0,0,0,0,0
86951884,11310,0,2,0,0,0,0,0,0,0,0,0
86959109,11311,0,2,0,0,0,0,0,0,0,0,0
86966332,11312,0,2,0,0,0,0,0,0,0,0,0
86973556,11313,0,2,0,0,0,0,0,0,0,0,0
86980780,11314,0,2,0,0,0,0,0,0,0,0,0
86988004,11315,0,2,0,0,0,0,0,0,0,0,0
86995228,11316,0,2,0,0,0,0,0,0,0,0,0
87002452,11317,0,2,0,0,0,0,0,0,0,0,0
87009676,11318,0,2,0,0,0,0,0,0,0,0,0
87016900,11319,0,2,0,0,0,0,0,0,0,0,0
87024124,11320,0,2,0,0,0,0,0,0,0,0,0
87031349,11321,0,2,0,0,0,0,0,0,0,0,0
87038572,11322,0,2,0,0,0,0,0,0,0,0,0
87045796,11323,0,2,0,0,0,0,0,0,0,0,0
87053020,11324,0,2,0,0,0,0,0,0,0,0,0
87060244,11325,0,2,0,0,0,0,0,0,0,0,0
87067468,11326,0,2,0,0,0,0,0,0,0,0,0
87074692,11327,0,2,0,0,0,0,0,0,0,0,0
87081916,11328,0,2,0,0,0,0,0,0,0,0,0
87089140,11329,0,2,0,0,0,0,0,0,0,0,0
87096364,11330,0,2,0,0,0,0,0,0,0,0,0
87103589,11331,0,2,0,0,0,0,0,0,0,0,0
87110812,11332,0,2,0,0,0,0,0,0,0,0,0
87118037,11333,0,2,0,0,0,0,0,0,0,0,0
87125260,11334,0,2,0,0,0,0,0,0,0,0,0
87132484,11335,0,2,0,0,0,0,0,0,0,0,0
87139708,11336,0,2,0,0,0,0,0,0,0,0,0
87146932,11337,0,2,0,0,0,0,0,0,0,0,0
87154156,11338,0,2,0,0,0,0,0,0,0,0,0
87161380,11339,0,2,0,0,0,0,0,0,0,0,0
87168604,11340,0,2,0,0,0,0,0,0,0,0,0
87175829,11341,0,2,0,0,0,0,0,0,0,0,0
87183052,11342,0,2,0,0,0,0,0,0,0,0,0
87190276,11343,0,2,0,0,0,0,0,0,0,0,0
87197500,11344,0,2,0,0,0,0,0,0,0,0,0
87204724,11345,0,2,0,0,0,0,0,0,0,0,0
87211948,11346,0,2,0,0,0,0,0,0,0,0,0
87219172,11347,0,2,0,0,0,0,0,0,0,0,0
87226396,11348,0,2,0,0,0,0,0,0,0,0,0
87233620,11349,0,2,0,0,0,0,0,0,0,0,0
87240844,11350,0,2,0,0,0,0,0,0,0,0,0
87252235,11351,0,2,0,0,0,0,0,0,0,0,0
87259448,11352,0,2,0,0,0,0,0,0,0,0,0
87266671,11353,0,2,0,0,0,0,0,0,0,0,0
87273895,11354,0,2,0,0,0,0,0,0,0,0,0
87281119,11355,0,2,0,0,0,0,0,0,0,0,0
87288343,11356,0,2,0,0,0,0,0,0,0,0,0
87295567,11357,0,2,0,0,0,0,0,0,0,0,0
87302791,11358,0,2,0,0,0,0,0,0,0,0,0
87310015,11359,0,2,0,0,0,0,0,0,0,0,0
87317239,11360,0,2,0,0,0,0,0,0,0,0,0
87324464,11361,0,2,0,0,0,0,0,0,0,0,0
87331687,11362,0,2,0,0,0,0,0,0,0,0,0
87338911,11363,0,2,0,0,0,0,0,0,0,0,0
87346135,11364,0,2,0,0,0,0,0,0,0,0,0
87353359,11365,0,2,0,0,0,0,0,0,0,0,0
87360583,11366,0,2,0,0,0,0,0,0,0,0,0
87367807,11367,0,2,0,0,0,0,0,0,0,0,0
87375031,11368,0,2,0,0,0,0,0,0,0,0,0
87382255,11369,0,2,0,0,0,0,0,0,0,0,0
87389479,11370,0,2,0,0,0,0,0,0,0,0,0
87396704,11371,0,2,0,0,0,0,0,0,0,0,0
87403927,11372,0,2,0,0,0,0,0,0,0,0,0
87411151,11373,0,2,0,0,0,0,0,0,0,0,0
87418375,11374,0,2,0,0,0,0,0,0,0,0,0
87425599,11375,0,2,0,0,0,0,0,0,0,0,0
87432823,11376,0,2,0,0,0,0,0,0,0,0,0
87440047,11377,0,2,0,0,0,0,0,0,0,0,0
87447271,11378,0,2,0,0,0,0,0,0,0,0,0
87454495,11379,0,2,0,0,0,0,0,0,0,0,0
87461719,11380,0,2,0,0,0,0,0,0,0,0,0
87468944,11381,0,2,0,0,0,0,0,0,0,0,0
87476167,11382,0,2,0,0,0,0,0,0,0,0,0
87483391,11383,0,2,0,0,0,0,0,0,0,0,0
87490615,11384,0,2,0,0,0,0,0,0,0,0,0
87497839,11385,0,2,0,0,0,0,0,0,0,0,0
87505063,11386,0,2,0,0,0,0,0,0,0,0,0
87512287,11387,0,2,0,0,0,0,0,0,0,0,0
87519511,11388,0,2,0,0,0,0,0,0,0,0,0
87526735,11389,0,2,0,0,0,0,0,0,0,0,0
87533959,11390,0,2,0,0,0,0,0,0,0,0,0
87541184,11391,0,2,0,0,0,0,0,0,0,0,0
87548407,11392,0,2,0,0,0,0,0,0,0,0,0
87555631,11393,0,2,0,0,0,0,0,0,0,0,0
87562855,11394,0,2,0,0,0,0,0,0,0,0,0
87570079,11395,0,2,0,0,0,0,0,0,0,0,0
87577303,11396,0,2,0,0,0,0,0,0,0,0,0
87584527,11397,0,2,0,0,0,0,0,0,0,0,0
87591751,11398,0,2,0,0,0,0,0,0,0,0,0
87598975,11399,0,2,0,0,0,0,0,0,0,0,0
87606199,11400,0,2,0,0,0,0,0,0,0,0,0
87613424,11401,0,2,0,0,0,0,0,0,0,0,0
87620647,11402,0,2,0,0,0,0,0,0,0,0,0
87627871,11403,0,2,0,0,0,0,0,0,0,0,0
87635095,11404,0,2,0,0,0,0,0,0,0,0,0
87642319,11405,0,2,0,0,0,0,0,0,0,0,0
87649543,11406,0,2,0,0,0,0,0,0,0,0,0
87656767,11407,0,2,0,0,0,0,0,0,0,0,0
87663991,11408,0,2,0,0,0,0,0,0,0,0,0
87671215,11409,0,2,0,0,0,0,0,0,0,0,0
87678439,11410,0,2,0,0,0,0,0,0,0,0,0
87685664,11411,0,2,0,0,0,0,0,0,0,0,0
87692887,11412,0,2,0,0,0,0,0,0,0,0,0
87700111,11413,0,2,0,0,0,0,0,0,0,0,0
87707335,11414,0,2,0,0,0,0,0,0,0,0,0
87714559,11415,0,2,0,0,0,0,0,0,0,0,0
87721783,11416,0,2,0,0,0,0,0,0,0,0,0
87729007,11417,0,2,0,0,0,0,0,0,0,0,0
87736231,11418,0,2,0,0,0,0,0,0,0,0,0
87743455,11419,0,2,0,0,0,0,0,0,0,0,0
87750679,11420,0,2,0,0,0,0,0,0,0,0,0
87757904,11421,0,2,0,0,0,0,0,0,0,0,0
87765127,11422,0,2,0,0,0,0,0,0,0,0,0
87772351,11423,0,2,0,0,0,0,0,0,0,0,0
87779575,11424,0,2,0,0,0,0,0,0,0,0,0
87786799,11425,0,2,0,0,0,0,0,0,0,0,0
87794024,11426,0,2,0,0,0,0,0,0,0,0,0
87801247,11427,0,2,0,0,0,0,0,0,0,0,0
87808471,11428,0,2,0,0,0,0,0,0,0,0,0
87815695,11429,0,2,0,0,0,0,0,0,0,0,0
87822919,11430,0,2,0,0,0,0,0,0,0,0,0
87830144,11431,0,2,0,0,0,0,0,0,0,0,0
87837367,11432,0,2,0,0,0,0,0,0,0,0,0
87844591,11433,0,2,0,0,0,0,0,0,0,0,0
87851815,11434,0,2,0,0,0,0,0,0,0,0,0
87859039,11435,0,2,0,0,0,0,0,0,0,0,0
87866263,11436,0,2,0,0,0,0,0,0,0,0,0
87873487,11437,0,2,0,0,0,0,0,0,0,0,0
87880711,11438,0,2,0,0,0,0,0,0,0,0,0
87887935,11439,0,2,0,0,0,0,0,0,0,0,0
87895159,11440,0,2,0,0,0,0,0,0,0,0,0
87902384,11441,0,2,0,0,0,0,0,0,0,0,0
87909607,11442,0,2,0,0,0,0,0,0,0,0,0
87916831,11443,0,2,0,0,0,0,0,0,0,0,0
87924056,11444,0,2,0,0,0,0,0,0,0,0,0
87931279,11445,0,2,0,0,0,0,0,0,0,0,0
87938503,11446,0,2,0,0,0,0,0,0,0,0,0
87945727,11447,0,2,0,0,0,0,0,0,0,0,0
87952951,11448,0,2,0,0,0,0,0,0,0,0,0
87960175,11449,0,2,0,0,0,0,0,0,0,0,0
87967399,11450,0,2,0,0,0,0,0,0,0,0,0
87974624,11451,0,2,0,0,0,0,0,0,0,0,0
87981847,11452,0,2,0,0,0,0,0,0,0,0,0
87989071,11453,0,2,0,0,0,0,0,0,0,0,0
87996295,11454,0,2,0,0,0,0,0,0,0,0,0
88003519,11455,0,2,0,0,0,0,0,0,0,0,0
88010743,11456,0,2,0,0,0,0,0,0,0,0,0
88017967,11457,0,2,0,0,0,0,0,0,0,0,0
88025191,11458,0,2,0,0,0,0,0,0,0,0,0
88032415,11459,0,2,0,0,0,0,0,0,0,0,0
88039639,11460,0,2,0,0,0,0,0,0,0,0,0
88046864,11461,0,2,0,0,0,0,0,0,0,0,0
88054087,11462,0,2,0,0,0,0,0,0,0,0,0
88061311,11463,0,2,0,0,0,0,0,0,0,0,0
88068535,11464,0,2,0,0,0,0,0,0,0,0,0
88075759,11465,0,2,0,0,0,0,0,0,0,0,0
88082983,11466,0,2,0,0,0,0,0,0,0,0,0
88090207,11467,0,2,0,0,0,0,0,0,0,0,0
88097431,11468,0,2,0,0,0,0,0,0,0,0,0
88104655,11469,0,2,0,0,0,0,0,0,0,0,0
88111879,11470,0,2,0,0,0,0,0,0,0,0,0
88119104,11471,0,2,0,0,0,0,0,0,0,0,0
88126327,11472,0,2,0,0,0,0,0,0,0,0,0
88133551,11473,0,2,0,0,0,0,0,0,0,0,0
88140775,11474,0,2,0,0,0,0,0,0,0,0,0
88147999,11475,0,2,0,0,0,0,0,0,0,0,0
88155223,11476,0,2,0,0,0,0,0,0,0,0,0
88162447,11477,0,2,0,0,0,0,0,0,0,0,0
88169671,11478,0,2,0,0,0,0,0,0,0,0,0
88176895,11479,0,2,0,0,0,0,0,0,0,0,0
88184119,11480,0,2,0,0,0,0,0,0,0,0,0
88191344,11481,0,2,0,0,0,0,0,0,0,0,0
88198567,11482,0,2,0,0,0,0,0,0,0,0,0
88205791,11483,0,2,0,0,0,0,0,0,0,0,0
88213015,11484,0,2,0,0,0,0,0,0,0,0,0
88220239,11485,0,2,0,0,0,0,0,0,0,0,0
88227463,11486,0,2,0,0,0,0,0,0,0,0,0
88234687,11487,0,2,0,0,0,0,0,0,0,0,0
88241911,11488,0,2,0,0,0,0,0,0,0,0,0
88249135,11489,0,2,0,0,0,0,0,0,0,0,0
88256359,11490,0,2,0,0,0,0,0,0,0,0,0
88263584,11491,0,2,0,0,0,0,0,0,0,0,0
88270807,11492,0,2,0,0,0,0,0,0,0,0,0
88278031,11493,0,2,0,0,0,0,0,0,0,0,0
88285255,11494,0,2,0,0,0,0,0,0,0,0,0
88292479,11495,0,2,0,0,0,0,0,0,0,0,0
88299703,11496,0,2,0,0,0,0,0,0,0,0,0
88306927,11497,0,2,0,0,0,0,0,0,0,0,0
88314151,11498,0,2,0,0,0,0,0,0,0,0,0
88321375,11499,0,2,0,0,0,0,0,0,0,0,0
88328599,11500,0,2,0,0,0,0,0,0,0,0,0
88335824,11501,0,2,0,0,0,0,0,0,0,0,0
88343048,11502,0,2,0,0,0,0,0,0,0,0,0
88350271,11503,0,2,0,0,0,0,0,0,0,0,0
88357495,11504,0,2,0,0,0,0,0,0,0,0,0
88364719,11505,0,2,0,0,0,0,0,0,0,0,0
88371943,11506,0,2,0,0,0,0,0,0,0,0,0
88379167,11507,0,2,0,0,0,0,0,0,0,0,0
88386391,11508,0,2,0,0,0,0,0,0,0,0,0
88393615,11509,0,2,0,0,0,0,0,0,0,0,0
88400839,11510,0,2,0,0,0,0,0,0,0,0,0
88408064,11511,0,2,0,0,0,0,0,0,0,0,0
88415287,11512,0,2,0,0,0,0,0,0,0,0,0
88422511,11513,0,2,0,0,0,0,0,0,0,0,0
88429735,11514,0,2,0,0,0,0,0,0,0,0,0
88436959,11515,0,2,0,0,0,0,0,0,0,0,0
88444183,11516,0,2,0,0,0,0,0,0,0,0,0
88451407,11517,0,2,0,0,0,0,0,0,0,0,0
88458631,11518,0,2,0,0,0,0,0,0,0,0,0
88465855,11519,0,2,0,0,0,0,0,0,0,0,0
88473079,11520,0,2,0,0,0,0,0,0,0,0,0
88480304,11521,0,2,0,0,0,0,0,0,0,0,0
88487527,11522,0,2,0,0,0,0,0,0,0,0,0
88494751,11523,0,2,0,0,0,0,0,0,0,0,0
88501975,11524,0,2,0,0,0,0,0,0,0,0,0
88509199,11525,0,2,0,0,0,0,0,0,0,0,0
88516423,11526,0,2,0,0,0,0,0,0,0,0,0
88523647,11527,0,2,0,0,0,0,0,0,0,0,0
88530871,11528,0,2,0,0,0,0,0,0,0,0,0
88538095,11529,0,2,0,0,0,0,0,0,0,0,0
88545319,11530,0,2,0,0,0,0,0,0,0,0,0
88552544,11531,0,2,0,0,0,0,0,0,0,0,0
88559767,11532,0,2,0,0,0,0,0,0,0,0,0
88566991,11533,0,2,0,0,0,0,0,0,0,0,0
88574215,11534,0,2,0,0,0,0,0,0,0,0,0
88581439,11535,0,2,0,0,0,0,0,0,0,0,0
88588663,11536,0,2,0,0,0,0,0,0,0,0,0
88595887,11537,0,2,0,0,0,0,0,0,0,0,0
88603111,11538,0,2,0,0,0,0,0,0,0,0,0
88610335,11539,0,2,0,0,0,0,0,0,0,0,0
88617559,11540,0,2,0,0,0,0,0,0,0,0,0
88624784,11541,0,2,0,0,0,0,0,0,0,0,0
88632007,11542,0,2,0,0,0,0,0,0,0,0,0
88639231,11543,0,2,0,0,0,0,0,0,0,0,0
88646455,11544,0,2,0,0,0,0,0,0,0,0,0
88653679,11545,0,2,0,0,0,0,0,0,0,0,0
88660903,11546,0,2,0,0,0,0,0,0,0,0,0
88668127,11547,0,2,0,0,0,0,0,0,0,0,0
88675351,11548,0,2,0,0,0,0,0,0,0,0,0
88682575,11549,0,2,0,0,0,0,0,0,0,0,0
88689799,11550,0,2,0,0,0,0,0,0,0,0,0
88697024,11551,0,2,0,0,0,0,0,0,0,0,0
88704247,11552,0,2,0,0,0,0,0,0,0,0,0
88711471,11553,0,2,0,0,0,0,0,0,0,0,0
88718695,11554,0,2,0,0,0,0,0,0,0,0,0
88725919,11555,0,2,0,0,0,0,0,0,0,0,0
88733144,11556,0,2,0,0,0,0,0,0,0,0,0
88740367,11557,0,2,0,0,0,0,0,0,0,0,0
88747591,11558,0,2,0,0,0,0,0,0,0,0,0
88754815,11559,0,2,0,0,0,0,0,0,0,0,0
88762039,11560,0,2,0,0,0,0,0,0,0,0,0
88769264,11561,0,2,0,0,0,0,0,0,0,0,0
88776487,11562,0,2,0,0,0,0,0,0,0,0,0
88783711,11563,0,2,0,0,0,0,0,0,0,0,0
88790935,11564,0,2,0,0,0,0,0,0,0,0,0
88798159,11565,0,2,0,0,0,0,0,0,0,0,0
88805383,11566,0,2,0,0,0,0,0,0,0,0,0
88812607,11567,0,2,0,0,0,0,0,0,0,0,0
88819831,11568,0,2,0,0,0,0,0,0,0,0,0
88827055,11569,0,2,0,0,0,0,0,0,0,0,0
88834279,11570,0,2,0,0,0,0,0,0,0,0,0
88841504,11571,0,2,0,0,0,0,0,0,0,0,0
88848727,11572,0,2,0,0,0,0,0,0,0,0,0
88855951,11573,0,2,0,0,0,0,0,0,0,0,0
88863175,11574,0,2,0,0,0,0,0,0,0,0,0
88870399,11575,0,2,0,0,0,0,0,0,0,0,0
88877623,11576,0,2,0,0,0,0,0,0,0,0,0
88884847,11577,0,2,0,0,0,0,0,0,0,0,0
88900198,11578,0,2,0,0,0,0,0,0,0,0,0
88907410,11579,0,2,0,0,0,0,0,0,0,0,0
88914634,11580,0,2,0,0,0,0,0,0,0,0,0
88921859,11581,0,2,0,0,0,0,0,0,0,0,0
88929083,11582,0,2,0,0,0,0,0,0,0,0,0
88936307,11583,0,2,0,0,0,0,0,0,0,0,0
88943530,11584,0,2,0,0,0,0,0,0,0,0,0
88950754,11585,0,2,0,0,0,0,0,0,0,0,0
88957978,11586,0,2,0,0,0,0,0,0,0,0,0
88965202,11587,0,2,0,0,0,0,0,0,0,0,0
88972426,11588,0,2,0,0,0,0,0,0,0,0,0
88979650,11589,0,2,0,0,0,0,0,0,0,0,0
88986874,11590,0,2,0,0,0,0,0,0,0,0,0
88994099,11591,0,2,0,0,0,0,0,0,0,0,0
89001322,11592,0,2,0,0,0,0,0,0,0,0,0
89008546,11593,0,2,0,0,0,0,0,0,0,0,0
89015770,11594,0,2,0,0,0,0,0,0,0,0,0
89022994,11595,0,2,0,0,0,0,0,0,0,0,0
89030218,11596,0,2,0,0,0,0,0,0,0,0,0
89037442,11597,0,2,0,0,0,0,0,0,0,0,0
89044666,11598,0,2,0,0,0,0,0,0,0,0,0
89051890,11599,0,2,0,0,0,0,0,0,0,0,0
89059114,11600,0,2,0,0,0,0,0,0,0,0,0
89066339,11601,0,2,0,0,0,0,0,0,0,0,0
89073562,11602,0,2,0,0,0,0,0,0,0,0,0
89080786,11603,0,2,0,0,0,0,0,0,0,0,0
89088011,11604,0,2,0,0,0,0,0,0,0,0,0
89095234,11605,0,2,0,0,0,0,0,0,0,0,0
89102458,11606,0,2,0,0,0,0,0,0,0,0,0
89109682,11607,0,2,0,0,0,0,0,0,0,0,0
89116906,11608,0,2,0,0,0,0,0,0,0,0,0
89124130,11609,0,2,0,0,0,0,0,0,0,0,0
89131354,11610,0,2,0,0,0,0,0,0,0,0,0
89138579,11611,0,2,0,0,0,0,0,0,0,0,0
89145802,11612,0,2,0,0,0,0,0,0,0,0,0
89153026,11613,0,2,0,0,0,0,0,0,0,0,0
89160250,11614,0,2,0,0,0,0,0,0,0,0,0
89167474,11615,0,2,0,0,0,0,0,0,0,0,0
89174698,11616,0,2,0,0,0,0,0,0,0,0,0
89181922,11617,0,2,0,0,0,0,0,0,0,0,0
89189146,11618,0,2,0,0,0,0,0,0,0,0,0
89196370,11619,0,2,0,0,0,0,0,0,0,0,0
89203594,11620,0,2,0,0,0,0,0,0,0,0,0
89210819,11621,0,2,0,0,0,0,0,0,0,0,0
89218043,11622,0,2,0,0,0,0,0,0,0,0,0
89225266,11623,0,2,0,0,0,0,0,0,0,0,0
89232490,11624,0,2,0,0,0,0,0,0,0,0,0
89239714,11625,0,2,0,0,0,0,0,0,0,0,0
89246938,11626,0,2,0,0,0,0,0,0,0,0,0
89254162,11627,0,2,0,0,0,0,0,0,0,0,0
89261386,11628,0,2,0,0,0,0,0,0,0,0,0
89268610,11629,0,2,0,0,0,0,0,0,0,0,0
89275834,11630,0,2,0,0,0,0,0,0,0,0,0
89283059,11631,0,2,0,0,0,0,0,0,0,0,0
89290282,11632,0,2,0,0,0,0,0,0,0,0,0
89297506,11633,0,2,0,0,0,0,0,0,0,0,0
89304730,11634,0,2,0,0,0,0,0,0,0,0,0
89311954,11635,0,2,0,0,0,0,0,0,0,0,0
89319178,11636,0,2,0,0,0,0,0,0,0,0,0
89326402,11637,0,2,0,0,0,0,0,0,0,0,0
89333626,11638,0,2,0,0,0,0,0,0,0,0,0
89340850,11639,0,2,0,0,0,0,0,0,0,0,0
89348075,11640,0,2,0,0,0,0,0,0,0,0,0
89355299,11641,0,2,0,0,0,0,0,0,0,0,0
89362522,11642,0,2,0,0,0,0,0,0,0,0,0
89369746,11643,0,2,0,0,0,0,0,0,0,0,0
89376970,11644,0,2,0,0,0,0,0,0,0,0,0
89384194,11645,0,2,0,0,0,0,0,0,0,0,0
89391418,11646,0,2,0,0,0,0,0,0,0,0,0
89398642,11647,0,2,0,0,0,0,0,0,0,0,0
89405866,11648,0,2,0,0,0,0,0,0,0,0,0
89413090,11649,0,2,0,0,0,0,0,0,0,0,0
89420314,11650,0,2,0,0,0,0,0,0,0,0,0
89427539,11651,0,2,0,0,0,0,0,0,0,0,0
89434762,11652,0,2,0,0,0,0,0,0,0,0,0
89441986,11653,0,2,0,0,0,0,0,0,0,0,0
89449210,11654,0,2,0,0,0,0,0,0,0,0,0
89456434,11655,0,2,0,0,0,0,0,0,0,0,0
89463658,11656,0,2,0,0,0,0,0,0,0,0,0
89470882,11657,0,2,0,0,0,0,0,0,0,0,0
89478106,11658,0,2,0,0,0,0,0,0,0,0,0
89485330,11659,0,2,0,0,0,0,0,0,0,0,0
89492554,11660,0,2,0,0,0,0,0,0,0,0,0
89499779,11661,0,2,0,0,0,0,0,0,0,0,0
89507003,11662,0,2,0,0,0,0,0,0,0,0,0
89514227,11663,0,2,0,0,0,0,0,0,0,0,0
89521450,11664,0,2,0,0,0,0,0,0,0,0,0
89528674,11665,0,2,0,0,0,0,0,0,0,0,0
89535898,11666,0,2,0,0,0,0,0,0,0,0,0
89543122,11667,0,2,0,0,0,0,0,0,0,0,0
89550346,11668,0,2,0,0,0,0,0,0,0,0,0
89557570,11669,0,2,0,0,0,0,0,0,0,0,0
89564794,11670,0,2,0,0,0,0,0,0,0,0,0
89572019,11671,0,2,0,0,0,0,0,0,0,0,0
89579242,11672,0,2,0,0,0,0,0,0,0,0,0
89586467,11673,0,2,0,0,0,0,0,0,0,0,0
89593690,11674,0,2,0,0,0,0,0,0,0,0,0
89600914,11675,0,2,0,0,0,0,0,0,0,0,0
89608138,11676,0,2,0,0,0,0,0,0,0,0,0
89615362,11677,0,2,0,0,0,0,0,0,0,0,0
89622586,11678,0,2,0,0,0,0,0,0,0,0,0
89629810,11679,0,2,0,0,0,0,0,0,0,0,0
89637034,11680,0,2,0,0,0,0,0,0,0,0,0
89644259,11681,0,2,0,0,0,0,0,0,0,0,0
89651482,11682,0,2,0,0,0,0,0,0,0,0,0
89658706,11683,0,2,0,0,0,0,0,0,0,0,0
89665930,11684,0,2,0,0,0,0,0,0,0,0,0
89673154,11685,0,2,0,0,0,0,0,0,0,0,0
89680378,11686,0,2,0,0,0,0,0,0,0,0,0
89687602,11687,0,2,0,0,0,0,0,0,0,0,0
89694826,11688,0,2,0,0,0,0,0,0,0,0,0
89702050,11689,0,2,0,0,0,0,0,0,0,0,0
89709274,11690,0,2,0,0,0,0,0,0,0,0,0
89716499,11691,0,2,0,0,0,0,0,0,0,0,0
89723722,11692,0,2,0,0,0,0,0,0,0,0,0
89730946,11693,0,2,0,0,0,0,0,0,0,0,0
89738170,11694,0,2,0,0,0,0,0,0,0,0,0
89745394,11695,0,2,0,0,0,0,0,0,0,0,0
89752618,11696,0,2,0,0,0,0,0,0,0,0,0
89759842,11697,0,2,0,0,0,0,0,0,0,0,0
89767066,11698,0,2,0,0,0,0,0,0,0,0,0
89774290,11699,0,2,0,0,0,0,0,0,0,0,0
89781514,11700,0,2,0,0,0,0,0,0,0,0,0
89788739,11701,0,2,0,0,0,0,0,0,0,0,0
89795962,11702,0,2,0,0,0,0,0,0,0,0,0
89803186,11703,0,2,0,0,0,0,0,0,0,0,0
89810410,11704,0,2,0,0,0,0,0,0,0,0,0
89817634,11705,0,2,0,0,0,0,0,0,0,0,0
89824858,11706,0,2,0,0,0,0,0,0,0,0,0
89832082,11707,0,2,0,0,0,0,0,0,0,0,0
89839306,11708,0,2,0,0,0,0,0,0,0,0,0
89846530,11709,0,2,0,0,0,0,0,0,0,0,0
89853754,11710,0,2,0,0,0,0,0,0,0,0,0
89860979,11711,0,2,0,0,0,0,0,0,0,0,0
89868202,11712,0,2,0,0,0,0,0,0,0,0,0
89875426,11713,0,2,0,0,0,0,0,0,0,0,0
89882650,11714,0,2,0,0,0,0,0,0,0,0,0
89889874,11715,0,2,0,0,0,0,0,0,0,0,0
89897098,11716,0,2,0,0,0,0,0,0,0,0,0
89904322,11717,0,2,0,0,0,0,0,0,0,0,0
89911546,11718,0,2,0,0,0,0,0,0,0,0,0
89918770,11719,0,2,0,0,0,0,0,0,0,0,0
89925994,11720,0,2,0,0,0,0,0,0,0,0,0
89933219,11721,0,2,0,0,0,0,0,0,0,0,0
89940442,11722,0,2,0,0,0,0,0,0,0,0,0
89947666,11723,0,2,0,0,0,0,0,0,0,0,0
89954890,11724,0,2,0,0,0,0,0,0,0,0,0
89962114,11725,0,2,0,0,0,0,0,0,0,0,0
89969338,11726,0,2,0,0,0,0,0,0,0,0,0
89976562,11727,0,2,0,0,0,0,0,0,0,0,0
89983786,11728,0,2,0,0,0,0,0,0,0,0,0
89991010,11729,0,2,0,0,0,0,0,0,0,0,0
89998234,11730,0,2,0,0,0,0,0,0,0,0,0
90005459,11731,0,2,0,0,0,0,0,0,0,0,0
90012682,11732,0,2,0,0,0,0,0,0,0,0,0
90019906,11733,0,2,0,0,0,0,0,0,0,0,0
90027130,11734,0,2,0,0,0,0,0,0,0,0,0
90034354,11735,0,2,0,0,0,0,0,0,0,0,0
90041578,11736,0,2,0,0,0,0,0,0,0,0,0
90048802,11737,0,2,0,0,0,0,0,0,0,0,0
90056026,11738,0,2,0,0,0,0,0,0,0,0,0
90063250,11739,0,2,0,0,0,0,0,0,0,0,0
90070474,11740,0,2,0,0,0,0,0,0,0,0,0
90077699,11741,0,2,0,0,0,0,0,0,0,0,0
90084922,11742,0,2,0,0,0,0,0,0,0,0,0
90092146,11743,0,2,0,0,0,0,0,0,0,0,0
90099370,11744,0,2,0,0,0,0,0,0,0,0,0
90106594,11745,0,2,0,0,0,0,0,0,0,0,0
90113818,11746,0,2,0,0,0,0,0,0,0,0,0
90121043,11747,0,2,0,0,0,0,0,0,0,0,0
90128266,11748,0,2,0,0,0,0,0,0,0,0,0
90135490,11749,0,2,0,0,0,0,0,0,0,0,0
90142714,11750,0,2,0,0,0,0,0,0,0,0,0
90149939,11751,0,2,0,0,0,0,0,0,0,0,0
90157162,11752,0,2,0,0,0,0,0,0,0,0,0
90164386,11753,0,2,0,0,0,0,0,0,0,0,0
90171610,11754,0,2,0,0,0,0,0,0,0,0,0
90178834,11755,0,2,0,0,0,0,0,0,0,0,0
90186058,11756,0,2,0,0,0,0,0,0,0,0,0
90193282,11757,0,2,0,0,0,0,0,0,0,0,0
90200506,11758,0,2,0,0,0,0,0,0,0,0,0
90207730,11759,0,2,0,0,0,0,0,0,0,0,0
90214954,11760,0,2,0,0,0,0,0,0,0,0,0
90222179,11761,0,2,0,0,0,0,0,0,0,0,0
90229402,11762,0,2,0,0,0,0,0,0,0,0,0
90236626,11763,0,2,0,0,0,0,0,0,0,0,0
90243850,11764,0,2,0,0,0,0,0,0,0,0,0
90251074,11765,0,2,0,0,0,0,0,0,0,0,0
90258298,11766,0,2,0,0,0,0,0,0,0,0,0
90265522,11767,0,2,0,0,0,0,0,0,0,0,0
90272746,11768,0,2,0,0,0,0,0,0,0,0,0
90279970,11769,0,2,0,0,0,0,0,0,0,0,0
90287194,11770,0,2,0,0,0,0,0,0,0,0,0
90294419,11771,0,2,0,0,0,0,0,0,0,0,0
90301642,11772,0,2,0,0,0,0,0,0,0,0,0
90308866,11773,0,2,0,0,0,0,0,0,0,0,0
90316090,11774,0,2,0,0,0,0,0,0,0,0,0
90323314,11775,0,2,0,0,0,0,0,0,0,0,0
90330538,11776,0,2,0,0,0,0,0,0,0,0,0
90337762,11777,0,2,0,0,0,0,0,0,0,0,0
90344986,11778,0,2,0,0,0,0,0,0,0,0,0
90352210,11779,0,2,0,0,0,0,0,0,0,0,0
90359434,11780,0,2,0,0,0,0,0,0,0,0,0
90366659,11781,0,2,0,0,0,0,0,0,0,0,0
90373882,11782,0,2,0,0,0,0,0,0,0,0,0
90381106,11783,0,2,0,0,0,0,0,0,0,0,0
90388330,11784,0,2,0,0,0,0,0,0,0,0,0
90395554,11785,0,2,0,0,0,0,0,0,0,0,0
90402778,11786,0,2,0,0,0,0,0,0,0,0,0
90410002,11787,0,2,0,0,0,0,0,0,0,0,0
90417226,11788,0,2,0,0,0,0,0,0,0,0,0
90424450,11789,0,2,0,0,0,0,0,0,0,0,0
90431674,11790,0,2,0,0,0,0,0,0,0,0,0
90438899,11791,0,2,0,0,0,0,0,0,0,0,0
90446122,11792,0,2,0,0,0,0,0,0,0,0,0
90453346,11793,0,2,0,0,0,0,0,0,0,0,0
90460570,11794,0,2,0,0,0,0,0,0,0,0,0
90467794,11795,0,2,0,0,0,0,0,0,0,0,0
90475018,11796,0,2,0,0,0,0,0,0,0,0,0
90482242,11797,0,2,0,0,0,0,0,0,0,0,0
90489466,11798,0,2,0,0,0,0,0,0,0,0,0
90496690,11799,0,2,0,0,0,0,0,0,0,0,0
90503914,11800,0,2,0,0,0,0,0,0,0,0,0
90511139,11801,0,2,0,0,0,0,0,0,0,0,0
90518362,11802,0,2,0,0,0,0,0,0,0,0,0
90525586,11803,0,2,0,0,0,0,0,0,0,0,0
90532810,11804,0,2,0,0,0,0,0,0,0,0,0
90544890,11805,0,2,0,0,0,0,0,0,0,0,0
90552102,11806,0,2,0,0,0,0,0,0,0,0,0
90559326,11807,0,2,0,0,0,0,0,0,0,0,0
90566550,11808,0,2,0,0,0,0,0,0,0,0,0
90573774,11809,0,2,0,0,0,0,0,0,0,0,0
90580998,11810,0,2,0,0,0,0,0,0,0,0,0
90588223,11811,0,2,0,0,0,0,0,0,0,0,0
90595446,11812,0,2,0,0,0,0,0,0,0,0,0
90602670,11813,0,2,0,0,0,0,0,0,0,0,0
90609894,11814,0,2,0,0,0,0,0,0,0,0,0
90617118,11815,0,2,0,0,0,0,0,0,0,0,0
90624342,11816,0,2,0,0,0,0,0,0,0,0,0
90631566,11817,0,2,0,0,0,0,0,0,0,0,0
90638790,11818,0,2,0,0,0,0,0,0,0,0,0
90646014,11819,0,2,0,0,0,0,0,0,0,0,0
90653238,11820,0,2,0,0,0,0,0,0,0,0,0
90660463,11821,0,2,0,0,0,0,0,0,0,0,0
90667686,11822,0,2,0,0,0,0,0,0,0,0,0
90674910,11823,0,2,0,0,0,0,0,0,0,0,0
90682134,11824,0,2,0,0,0,0,0,0,0,0,0
90689358,11825,0,2,0,0,0,0,0,0,0,0,0
90696582,11826,0,2,0,0,0,0,0,0,0,0,0
90703806,11827,0,2,0,0,0,0,0,0,0,0,0
90711030,11828,0,2,0,0,0,0,0,0,0,0,0
90718254,11829,0,2,0,0,0,0,0,0,0,0,0
90725478,11830,0,2,0,0,0,0,0,0,0,0,0
90732703,11831,0,2,0,0,0,0,0,0,0,0,0
90739926,11832,0,2,0,0,0,0,0,0,0,0,0
90747150,11833,0,2,0,0,0,0,0,0,0,0,0
90754374,11834,0,2,0,0,0,0,0,0,0,0,0
90761598,11835,0,2,0,0,0,0,0,0,0,0,0
90768822,11836,0,2,0,0,0,0,0,0,0,0,0
90776046,11837,0,2,0,0,0,0,0,0,0,0,0
90783270,11838,0,2,0,0,0,0,0,0,0,0,0
90790494,11839,0,2,0,0,0,0,0,0,0,0,0
90797718,11840,0,2,0,0,0,0,0,0,0,0,0
90804943,11841,0,2,0,0,0,0,0,0,0,0,0
90812166,11842,0,2,0,0,0,0,0,0,0,0,0
90819390,11843,0,2,0,0,0,0,0,0,0,0,0
90826614,11844,0,2,0,0,0,0,0,0,0,0,0
90833838,11845,0,2,0,0,0,0,0,0,0,0,0
90841062,11846,0,2,0,0,0,0,0,0,0,0,0
90848286,11847,0,2,0,0,0,0,0,0,0,0,0
90855510,11848,0,2,0,0,0,0,0,0,0,0,0
90862734,11849,0,2,0,0,0,0,0,0,0,0,0
90869958,11850,0,2,0,0,0,0,0,0,0,0,0
90877183,11851,0,2,0,0,0,0,0,0,0,0,0
90884406,11852,0,2,0,0,0,0,0,0,0,0,0
90891630,11853,0,2,0,0,0,0,0,0,0,0,0
90898854,11854,0,2,0,0,0,0,0,0,0,0,0
90906078,11855,0,2,0,0,0,0,0,0,0,0,0
90913302,11856,0,2,0,0,0,0,0,0,0,0,0
90920526,11857,0,2,0,0,0,0,0,0,0,0,0
90927750,11858,0,2,0,0,0,0,0,0,0,0,0
90934974,11859,0,2,0,0,0,0,0,0,0,0,0
90942198,11860,0,2,0,0,0,0,0,0,0,0,0
90949423,11861,0,2,0,0,0,0,0,0,0,0,0
90956646,11862,0,2,0,0,0,0,0,0,0,0,0
90963870,11863,0,2,0,0,0,0,0,0,0,0,0
90971094,11864,0,2,0,0,0,0,0,0,0,0,0
90978318,11865,0,2,0,0,0,0,0,0,0,0,0
90985542,11866,0,2,0,0,0,0,0,0,0,0,0
90992766,11867,0,2,0,0,0,0,0,0,0,0,0
90999990,11868,0,2,0,0,0,0,0,0,0,0,0
91007214,11869,0,2,0,0,0,0,0,0,0,0,0
91014438,11870,0,2,0,0,0,0,0,0,0,0,0
91021663,11871,0,2,0,0,0,0,0,0,0,0,0
91028886,11872,0,2,0,0,0,0,0,0,0,0,0
91036110,11873,0,2,0,0,0,0,0,0,0,0,0
91043334,11874,0,2,0,0,0,0,0,0,0,0,0
91050558,11875,0,2,0,0,0,0,0,0,0,0,0
91057782,11876,0,2,0,0,0,0,0,0,0,0,0
91065006,11877,0,2,0,0,0,0,0,0,0,0,0
91072230,11878,0,2,0,0,0,0,0,0,0,0,0
91079454,11879,0,2,0,0,0,0,0,0,0,0,0
91086678,11880,0,2,0,0,0,0,0,0,0,0,0
91093903,11881,0,2,0,0,0,0,0,0,0,0,0
91101126,11882,0,2,0,0,0,0,0,0,0,0,0
91108350,11883,0,2,0,0,0,0,0,0,0,0,0
91115574,11884,0,2,0,0,0,0,0,0,0,0,0
91122798,11885,0,2,0,0,0,0,0,0,0,0,0
91130022,11886,0,2,0,0,0,0,0,0,0,0,0
91137246,11887,0,2,0,0,0,0,0,0,0,0,0
91144470,11888,0,2,0,0,0,0,0,0,0,0,0
91151694,11889,0,2,0,0,0,0,0,0,0,0,0
91158918,11890,0,2,0,0,0,0,0,0,0,0,0
91166143,11891,0,2,0,0,0,0,0,0,0,0,0
91173366,11892,0,2,0,0,0,0,0,0,0,0,0
91180590,11893,0,2,0,0,0,0,0,0,0,0,0
91187814,11894,0,2,0,0,0,0,0,0,0,0,0
91195038,11895,0,2,0,0,0,0,0,0,0,0,0
91202262,11896,0,2,0,0,0,0,0,0,0,0,0
91209486,11897,0,2,0,0,0,0,0,0,0,0,0
91216710,11898,0,2,0,0,0,0,0,0,0,0,0
91223934,11899,0,2,0,0,0,0,0,0,0,0,0
91231158,11900,0,2,0,0,0,0,0,0,0,0,0
91238383,11901,0,2,0,0,0,0,0,0,0,0,0
91245606,11902,0,2,0,0,0,0,0,0,0,0,0
91252830,11903,0,2,0,0,0,0,0,0,0,0,0
91260054,11904,0,2,0,0,0,0,0,0,0,0,0
91267278,11905,0,2,0,0,0,0,0,0,0,0,0
91274502,11906,0,2,0,0,0,0,0,0,0,0,0
91281726,11907,0,2,0,0,0,0,0,0,0,0,0
91288950,11908,0,2,0,0,0,0,0,0,0,0,0
91296174,11909,0,2,0,0,0,0,0,0,0,0,0
91303398,11910,0,2,0,0,0,0,0,0,0,0,0
91310623,11911,0,2,0,0,0,0,0,0,0,0,0
91317846,11912,0,2,0,0,0,0,0,0,0,0,0
91325071,11913,0,2,0,0,0,0,0,0,0,0,0
91332294,11914,0,2,0,0,0,0,0,0,0,0,0
91339518,11915,0,2,0,0,0,0,0,0,0,0,0
91346742,11916,0,2,0,0,0,0,0,0,0,0,0
91353966,11917,0,2,0,0,0,0,0,0,0,0,0
91361190,11918,0,2,0,0,0,0,0,0,0,0,0
91368414,11919,0,2,0,0,0,0,0,0,0,0,0
91375638,11920,0,2,0,0,0,0,0,0,0,0,0
91382863,11921,0,2,0,0,0,0,0,0,0,0,0
91390086,11922,0,2,0,0,0,0,0,0,0,0,0
91397310,11923,0,2,0,0,0,0,0,0,0,0,0
91404534,11924,0,2,0,0,0,0,0,0,0,0,0
91411758,11925,0,2,0,0,0,0,0,0,0,0,0
91418982,11926,0,2,0,0,0,0,0,0,0,0,0
91426206,11927,0,2,0,0,0,0,0,0,0,0,0
91433430,11928,0,2,0,0,0,0,0,0,0,0,0
91440654,11929,0,2,0,0,0,0,0,0,0,0,0
91447878,11930,0,2,0,0,0,0,0,0,0,0,0
91455103,11931,0,2,0,0,0,0,0,0,0,0,0
91462326,11932,0,2,0,0,0,0,0,0,0,0,0
91469550,11933,0,2,0,0,0,0,0,0,0,0,0
91476774,11934,0,2,0,0,0,0,0,0,0,0,0
91483998,11935,0,2,0,0,0,0,0,0,0,0,0
91491222,11936,0,2,0,0,0,0,0,0,0,0,0
91498446,11937,0,2,0,0,0,0,0,0,0,0,0
91505670,11938,0,2,0,0,0,0,0,0,0,0,0
91512894,11939,0,2,0,0,0,0,0,0,0,0,0
91520118,11940,0,2,0,0,0,0,0,0,0,0,0
91527343,11941,0,2,0,0,0,0,0,0,0,0,0
91534566,11942,0,2,0,0,0,0,0,0,0,0,0
91541790,11943,0,2,0,0,0,0,0,0,0,0,0
91549014,11944,0,2,0,0,0,0,0,0,0,0,0
91556238,11945,0,2,0,0,0,0,0,0,0,0,0
91563462,11946,0,2,0,0,0,0,0,0,0,0,0
91570686,11947,0,2,0,0,0,0,0,0,0,0,0
91577910,11948,0,2,0,0,0,0,0,0,0,0,0
91585134,11949,0,2,0,0,0,0,0,0,0,0,0
91592358,11950,0,2,0,0,0,0,0,0,0,0,0
91599583,11951,0,2,0,0,0,0,0,0,0,0,0
91606806,11952,0,2,0,0,0,0,0,0,0,0,0
91614030,11953,0,2,0,0,0,0,0,0,0,0,0
91621254,11954,0,2,0,0,0,0,0,0,0,0,0
91628478,11955,0,2,0,0,0,0,0,0,0,0,0
91635702,11956,0,2,0,0,0,0,0,0,0,0,0
91642926,11957,0,2,0,0,0,0,0,0,0,0,0
91650150,11958,0,2,0,0,0,0,0,0,0,0,0
91657374,11959,0,2,0,0,0,0,0,0,0,0,0
91664598,11960,0,2,0,0,0,0,0,0,0,0,0
91671823,11961,0,2,0,0,0,0,0,0,0,0,0
91679046,11962,0,2,0,0,0,0,0,0,0,0,0
91686270,11963,0,2,0,0,0,0,0,0,0,0,0
91693494,11964,0,2,0,0,0,0,0,0,0,0,0
91700718,11965,0,2,0,0,0,0,0,0,0,0,0
91707942,11966,0,2,0,0,0,0,0,0,0,0,0
91715166,11967,0,2,0,0,0,0,0,0,0,0,0
91722390,11968,0,2,0,0,0,0,0,0,0,0,0
91729614,11969,0,2,0,0,0,0,0,0,0,0,0
91736838,11970,0,2,0,0,0,0,0,0,0,0,0
91744063,11971,0,2,0,0,0,0,0,0,0,0,0
91751286,11972,0,2,0,0,0,0,0,0,0,0,0
91758510,11973,0,2,0,0,0,0,0,0,0,0,0
91765734,11974,0,2,0,0,0,0,0,0,0,0,0
91772958,11975,0,2,0,0,0,0,0,0,0,0,0
91780182,11976,0,2,0,0,0,0,0,0,0,0,0
91787406,11977,0,2,0,0,0,0,0,0,0,0,0
91794630,11978,0,2,0,0,0,0,0,0,0,0,0
91801854,11979,0,2,0,0,0,0,0,0,0,0,0
91809078,11980,0,2,0,0,0,0,0,0,0,0,0
91816303,11981,0,2,0,0,0,0,0,0,0,0,0
91823526,11982,0,2,0,0,0,0,0,0,0,0,0
91830750,11983,0,2,0,0,0,0,0,0,0,0,0
91837974,11984,0,2,0,0,0,0,0,0,0,0,0
91845198,11985,0,2,0,0,0,0,0,0,0,0,0
91852422,11986,0,2,0,0,0,0,0,0,0,0,0
91859646,11987,0,2,0,0,0,0,0,0,0,0,0
91866870,11988,0,2,0,0,0,0,0,0,0,0,0
91874094,11989,0,2,0,0,0,0,0,0,0,0,0
91881318,11990,0,2,0,0,0,0,0,0,0,0,0
91888543,11991,0,2,0,0,0,0,0,0,0,0,0
91895766,11992,0,2,0,0,0,0,0,0,0,0,0
91902990,11993,0,2,0,0,0,0,0,0,0,0,0
91910214,11994,0,2,0,0,0,0,0,0,0,0,0
91917438,11995,0,2,0,0,0,0,0,0,0,0,0
91924662,11996,0,2,0,0,0,0,0,0,0,0,0
91931886,11997,0,2,0,0,0,0,0,0,0,0,0
91939110,11998,0,2,0,0,0,0,0,0,0,0,0
91946334,11999,0,2,0,0,0,0,0,0,0,0,0
91953558,12000,0,2,0,0,0,0,0,0,0,0,0
91960783,12001,0,2,0,0,0,0,0,0,0,0,0
91968006,12002,0,2,0,0,0,0,0,0,0,0,0
91975230,12003,0,2,0,0,0,0,0,0,0,0,0
91982454,12004,0,2,0,0,0,0,0,0,0,0,0
91989678,12005,0,2,0,0,0,0,0,0,0,0,0
91996902,12006,0,2,0,0,0,0,0,0,0,0,0
92004126,12007,0,2,0,0,0,0,0,0,0,0,0
92011350,12008,0,2,0,0,0,0,0,0,0,0,0
92018574,12009,0,2,0,0,0,0,0,0,0,0,0
92025798,12010,0,2,0,0,0,0,0,0,0,0,0
92033023,12011,0,2,0,0,0,0,0,0,0,0,0
92040246,12012,0,2,0,0,0,0,0,0,0,0,0
92047470,12013,0,2,0,0,0,0,0,0,0,0,0
92054694,12014,0,2,0,0,0,0,0,0,0,0,0
92061918,12015,0,2,0,0,0,0,0,0,0,0,0
92069142,12016,0,2,0,0,0,0,0,0,0,0,0
92076366,12017,0,2,0,0,0,0,0,0,0,0,0
92083590,12018,0,2,0,0,0,0,0,0,0,0,0
92090814,12019,0,2,0,0,0,0,0,0,0,0,0
92098038,12020,0,2,0,0,0,0,0,0,0,0,0
92105263,12021,0,2,0,0,0,0,0,0,0,0,0
92112486,12022,0,2,0,0,0,0,0,0,0,0,0
92119710,12023,0,2,0,0,0,0,0,0,0,0,0
92126934,12024,0,2,0,0,0,0,0,0,0,0,0
92134158,12025,0,2,0,0,0,0,0,0,0,0,0
92141382,12026,0,2,0,0,0,0,0,0,0,0,0
92148606,12027,0,2,0,0,0,0,0,0,0,0,0
92155830,12028,0,2,0,0,0,0,0,0,0,0,0
92163054,12029,0,2,0,0,0,0,0,0,0,0,0
92170278,12030,0,2,0,0,0,0,0,0,0,0,0
92177503,12031,0,2,0,0,0,0,0,0,0,0,0
92191351,12032,0,2,0,0,0,0,0,0,0,0,0
92198562,12033,0,2,0,0,0,0,0,0,0,0,0
92205786,12034,0,2,0,0,0,0,0,0,0,0,0
92213011,12035,0,2,0,0,0,0,0,0,0,0,0
92220234,12036,0,2,0,0,0,0,0,0,0,0,0
92227458,12037,0,2,0,0,0,0,0,0,0,0,0
92234682,12038,0,2,0,0,0,0,0,0,0,0,0
92241906,12039,0,2,0,0,0,0,0,0,0,0,0
92249130,12040,0,2,0,0,0,0,0,0,0,0,0
92256355,12041,0,2,0,0,0,0,0,0,0,0,0
92263578,12042,0,2,0,0,0,0,0,0,0,0,0
92270802,12043,0,2,0,0,0,0,0,0,0,0,0
92278026,12044,0,2,0,0,0,0,0,0,0,0,0
92285250,12045,0,2,0,0,0,0,0,0,0,0,0
92292474,12046,0,2,0,0,0,0,0,0,0,0,0
92299698,12047,0,2,0,0,0,0,0,0,0,0,0
92306922,12048,0,2,0,0,0,0,0,0,0,0,0
92314146,12049,0,2,0,0,0,0,0,0,0,0,0
92321370,12050,0,2,0,0,0,0,0,0,0,0,0
92328595,12051,0,2,0,0,0,0,0,0,0,0,0
92335818,12052,0,2,0,0,0,0,0,0,0,0,0
92343042,12053,0,2,0,0,0,0,0,0,0,0,0
92350266,12054,0,2,0,0,0,0,0,0,0,0,0
92357490,12055,0,2,0,0,0,0,0,0,0,0,0
92364714,12056,0,2,0,0,0,0,0,0,0,0,0
92371938,12057,0,2,0,0,0,0,0,0,0,0,0
92379162,12058,0,2,0,0,0,0,0,0,0,0,0
92386386,12059,0,2,0,0,0,0,0,0,0,0,0
92393610,12060,0,2,0,0,0,0,0,0,0,0,0
92400835,12061,0,2,0,0,0,0,0,0,0,0,0
92408058,12062,0,2,0,0,0,0,0,0,0,0,0
92415282,12063,0,2,0,0,0,0,0,0,0,0,0
92422506,12064,0,2,0,0,0,0,0,0,0,0,0
92429730,12065,0,2,0,0,0,0,0,0,0,0,0
92436954,12066,0,2,0,0,0,0,0,0,0,0,0
92444178,12067,0,2,0,0,0,0,0,0,0,0,0
92451402,12068,0,2,0,0,0,0,0,0,0,0,0
92458626,12069,0,2,0,0,0,0,0,0,0,0,0
92465850,12070,0,2,0,0,0,0,0,0,0,0,0
92473075,12071,0,2,0,0,0,0,0,0,0,0,0
92480298,12072,0,2,0,0,0,0,0,0,0,0,0
92487522,12073,0,2,0,0,0,0,0,0,0,0,0
92494746,12074,0,2,0,0,0,0,0,0,0,0,0
92501970,12075,0,2,0,0,0,0,0,0,0,0,0
92509194,12076,0,2,0,0,0,0,0,0,0,0,0
92516418,12077,0,2,0,0,0,0,0,0,0,0,0
92523642,12078,0,2,0,0,0,0,0,0,0,0,0
92530866,12079,0,2,0,0,0,0,0,0,0,0,0
92538090,12080,0,2,0,0,0,0,0,0,0,0,0
92545315,12081,0,2,0,0,0,0,0,0,0,0,0
92552538,12082,0,2,0,0,0,0,0,0,0,0,0
92559762,12083,0,2,0,0,0,0,0,0,0,0,0
92566986,12084,0,2,0,0,0,0,0,0,0,0,0
92574210,12085,0,2,0,0,0,0,0,0,0,0,0
92581434,12086,0,2,0,0,0,0,0,0,0,0,0
92588658,12087,0,2,0,0,0,0,0,0,0,0,0
92595882,12088,0,2,0,0,0,0,0,0,0,0,0
92603106,12089,0,2,0,0,0,0,0,0,0,0,0
92610330,12090,0,2,0,0,0,0,0,0,0,0,0
92617555,12091,0,2,0,0,0,0,0,0,0,0,0
92624778,12092,0,2,0,0,0,0,0,0,0,0,0
92632003,12093,0,2,0,0,0,0,0,0,0,0,0
92639227,12094,0,2,0,0,0,0,0,0,0,0,0
92646450,12095,0,2,0,0,0,0,0,0,0,0,0
92653674,12096,0,2,0,0,0,0,0,0,0,0,0
92660898,12097,0,2,0,0,0,0,0,0,0,0,0
92668122,12098,0,2,0,0,0,0,0,0,0,0,0
92675346,12099,0,2,0,0,0,0,0,0,0,0,0
92682570,12100,0,2,0,0,0,0,0,0,0,0,0
92689795,12101,0,2,0,0,0,0,0,0,0,0,0
92697018,12102,0,2,0,0,0,0,0,0,0,0,0
92704242,12103,0,2,0,0,0,0,0,0,0,0,0
92711467,12104,0,2,0,0,0,0,0,0,0,0,0
92718690,12105,0,2,0,0,0,0,0,0,0,0,0
92725914,12106,0,2,0,0,0,0,0,0,0,0,0
92733138,12107,0,2,0,0,0,0,0,0,0,0,0
92740362,12108,0,2,0,0,0,0,0,0,0,0,0
92747586,12109,0,2,0,0,0,0,0,0,0,0,0
92754810,12110,0,2,0,0,0,0,0,0,0,0,0
92762035,12111,0,2,0,0,0,0,0,0,0,0,0
92769258,12112,0,2,0,0,0,0,0,0,0,0,0
92776482,12113,0,2,0,0,0,0,0,0,0,0,0
92783706,12114,0,2,0,0,0,0,0,0,0,0,0
92790930,12115,0,2,0,0,0,0,0,0,0,0,0
92798154,12116,0,2,0,0,0,0,0,0,0,0,0
92805378,12117,0,2,0,0,0,0,0,0,0,0,0
92812602,12118,0,2,0,0,0,0,0,0,0,0,0
92819826,12119,0,2,0,0,0,0,0,0,0,0,0
92827050,12120,0,2,0,0,0,0,0,0,0,0,0
92834275,12121,0,2,0,0,0,0,0,0,0,0,0
92841498,12122,0,2,0,0,0,0,0,0,0,0,0
92848722,12123,0,2,0,0,0,0,0,0,0,0,0
92855946,12124,0,2,0,0,0,0,0,0,0,0,0
92863170,12125,0,2,0,0,0,0,0,0,0,0,0
92870394,12126,0,2,0,0,0,0,0,0,0,0,0
92877618,12127,0,2,0,0,0,0,0,0,0,0,0
92884842,12128,0,2,0,0,0,0,0,0,0,0,0
92892066,12129,0,2,0,0,0,0,0,0,0,0,0
92899290,12130,0,2,0,0,0,0,0,0,0,0,0
92906515,12131,0,2,0,0,0,0,0,0,0,0,0
92913738,12132,0,2,0,0,0,0,0,0,0,0,0
92920962,12133,0,2,0,0,0,0,0,0,0,0,0
92928186,12134,0,2,0,0,0,0,0,0,0,0,0
92935410,12135,0,2,0,0,0,0,0,0,0,0,0
92942634,12136,0,2,0,0,0,0,0,0,0,0,0
92949858,12137,0,2,0,0,0,0,0,0,0,0,0
92957082,12138,0,2,0,0,0,0,0,0,0,0,0
92964306,12139,0,2,0,0,0,0,0,0,0,0,0
92971530,12140,0,2,0,0,0,0,0,0,0,0,0
92978755,12141,0,2,0,0,0,0,0,0,0,0,0
92985978,12142,0,2,0,0,0,0,0,0,0,0,0
92993202,12143,0,2,0,0,0,0,0,0,0,0,0
93000426,12144,0,2,0,0,0,0,0,0,0,0,0
93007650,12145,0,2,0,0,0,0,0,0,0,0,0
93014874,12146,0,2,0,0,0,0,0,0,0,0,0
93022098,12147,0,2,0,0,0,0,0,0,0,0,0
93029322,12148,0,2,0,0,0,0,0,0,0,0,0
93036546,12149,0,2,0,0,0,0,0,0,0,0,0
93043770,12150,0,2,0,0,0,0,0,0,0,0,0
93050995,12151,0,2,0,0,0,0,0,0,0,0,0
93058218,12152,0,2,0,0,0,0,0,0,0,0,0
93065442,12153,0,2,0,0,0,0,0,0,0,0,0
93072666,12154,0,2,0,0,0,0,0,0,0,0,0
93079890,12155,0,2,0,0,0,0,0,0,0,0,0
93087114,12156,0,2,0,0,0,0,0,0,0,0,0
93094338,12157,0,2,0,0,0,0,0,0,0,0,0
93101562,12158,0,2,0,0,0,0,0,0,0,0,0
93108786,12159,0,2,0,0,0,0,0,0,0,0,0
93116010,12160,0,2,0,0,0,0,0,0,0,0,0
93123235,12161,0,2,0,0,0,0,0,0,0,0,0
93130458,12162,0,2,0,0,0,0,0,0,0,0,0
93137682,12163,0,2,0,0,0,0,0,0,0,0,0
93144906,12164,0,2,0,0,0,0,0,0,0,0,0
93152130,12165,0,2,0,0,0,0,0,0,0,0,0
93159354,12166,0,2,0,0,0,0,0,0,0,0,0
93166578,12167,0,2,0,0,0,0,0,0,0,0,0
93173802,12168,0,2,0,0,0,0,0,0,0,0,0
93181026,12169,0,2,0,0,0,0,0,0,0,0,0
93188250,12170,0,2,0,0,0,0,0,0,0,0,0
93195475,12171,0,2,0,0,0,0,0,0,0,0,0
93202698,12172,0,2,0,0,0,0,0,0,0,0,0
93209922,12173,0,2,0,0,0,0,0,0,0,0,0
93217146,12174,0,2,0,0,0,0,0,0,0,0,0
93224370,12175,0,2,0,0,0,0,0,0,0,0,0
93231594,12176,0,2,0,0,0,0,0,0,0,0,0
93238818,12177,0,2,0,0,0,0,0,0,0,0,0
93246043,12178,0,2,0,0,0,0,0,0,0,0,0
93253266,12179,0,2,0,0,0,0,0,0,0,0,0
93260490,12180,0,2,0,0,0,0,0,0,0,0,0
93267715,12181,0,2,0,0,0,0,0,0,0,0,0
93274938,12182,0,2,0,0,0,0,0,0,0,0,0
93282162,12183,0,2,0,0,0,0,0,0,0,0,0
93289386,12184,0,2,0,0,0,0,0,0,0,0,0
93296610,12185,0,2,0,0,0,0,0,0,0,0,0
93303834,12186,0,2,0,0,0,0,0,0,0,0,0
93311058,12187,0,2,0,0,0,0,0,0,0,0,0
93318282,12188,0,2,0,0,0,0,0,0,0,0,0
93325506,12189,0,2,0,0,0,0,0,0,0,0,0
93332730,12190,0,2,0,0,0,0,0,0,0,0,0
93339955,12191,0,2,0,0,0,0,0,0,0,0,0
93347178,12192,0,2,0,0,0,0,0,0,0,0,0
93354402,12193,0,2,0,0,0,0,0,0,0,0,0
93361626,12194,0,2,0,0,0,0,0,0,0,0,0
93368850,12195,0,2,0,0,0,0,0,0,0,0,0
93376074,12196,0,2,0,0,0,0,0,0,0,0,0
93383298,12197,0,2,0,0,0,0,0,0,0,0,0
93390522,12198,0,2,0,0,0,0,0,0,0,0,0
93397746,12199,0,2,0,0,0,0,0,0,0,0,0
93404970,12200,0,2,0,0,0,0,0,0,0,0,0
93412195,12201,0,2,0,0,0,0,0,0,0,0,0
93419418,12202,0,2,0,0,0,0,0,0,0,0,0
93426642,12203,0,2,0,0,0,0,0,0,0,0,0
93433866,12204,0,2,0,0,0,0,0,0,0,0,0
93441090,12205,0,2,0,0,0,0,0,0,0,0,0
93448314,12206,0,2,0,0,0,0,0,0,0,0,0
93455538,12207,0,2,0,0,0,0,0,0,0,0,0
93462762,12208,0,2,0,0,0,0,0,0,0,0,0
93469986,12209,0,2,0,0,0,0,0,0,0,0,0
93477210,12210,0,2,0,0,0,0,0,0,0,0,0
93484435,12211,0,2,0,0,0,0,0,0,0,0,0
93491658,12212,0,2,0,0,0,0,0,0,0,0,0
93498882,12213,0,2,0,0,0,0,0,0,0,0,0
93506106,12214,0,2,0,0,0,0,0,0,0,0,0
93513330,12215,0,2,0,0,0,0,0,0,0,0,0
93520554,12216,0,2,0,0,0,0,0,0,0,0,0
93527778,12217,0,2,0,0,0,0,0,0,0,0,0
93535002,12218,0,2,0,0,0,0,0,0,0,0,0
93542226,12219,0,2,0,0,0,0,0,0,0,0,0
93549450,12220,0,2,0,0,0,0,0,0,0,0,0
93556675,12221,0,2,0,0,0,0,0,0,0,0,0
93563898,12222,0,2,0,0,0,0,0,0,0,0,0
93571122,12223,0,2,0,0,0,0,0,0,0,0,0
93578346,12224,0,2,0,0,0,0,0,0,0,0,0
93585570,12225,0,2,0,0,0,0,0,0,0,0,0
93592794,12226,0,2,0,0,0,0,0,0,0,0,0
93600018,12227,0,2,0,0,0,0,0,0,0,0,0
93607242,12228,0,2,0,0,0,0,0,0,0,0,0
93614466,12229,0,2,0,0,0,0,0,0,0,0,0
93621690,12230,0,2,0,0,0,0,0,0,0,0,0
93628915,12231,0,2,0,0,0,0,0,0,0,0,0
93636138,12232,0,2,0,0,0,0,0,0,0,0,0
93643362,12233,0,2,0,0,0,0,0,0,0,0,0
93650586,12234,0,2,0,0,0,0,0,0,0,0,0
93657810,12235,0,2,0,0,0,0,0,0,0,0,0
93665035,12236,0,2,0,0,0,0,0,0,0,0,0
93672258,12237,0,2,0,0,0,0,0,0,0,0,0
93679482,12238,0,2,0,0,0,0,0,0,0,0,0
93686706,12239,0,2,0,0,0,0,0,0,0,0,0
93693930,12240,0,2,0,0,0,0,0,0,0,0,0
93701155,12241,0,2,0,0,0,0,0,0,0,0,0
93708378,12242,0,2,0,0,0,0,0,0,0,0,0
93715602,12243,0,2,0,0,0,0,0,0,0,0,0
93722826,12244,0,2,0,0,0,0,0,0,0,0,0
93730050,12245,0,2,0,0,0,0,0,0,0,0,0
93737274,12246,0,2,0,0,0,0,0,0,0,0,0
93744498,12247,0,2,0,0,0,0,0,0,0,0,0
93751722,12248,0,2,0,0,0,0,0,0,0,0,0
93758946,12249,0,2,0,0,0,0,0,0,0,0,0
93766170,12250,0,2,0,0,0,0,0,0,0,0,0
93773395,12251,0,2,0,0,0,0,0,0,0,0,0
93780618,12252,0,2,0,0,0,0,0,0,0,0,0
93787842,12253,0,2,0,0,0,0,0,0,0,0,0
93795066,12254,0,2,0,0,0,0,0,0,0,0,0
93802290,12255,0,2,0,0,0,0,0,0,0,0,0
93809514,12256,0,2,0,0,0,0,0,0,0,0,0
93816738,12257,0,2,0,0,0,0,0,0,0,0,0
93823962,12258,0,2,0,0,0,0,0,0,0,0,0
93835624,12259,0,2,0,0,0,0,0,0,0,0,0
93842836,12260,0,2,0,0,0,0,0,0,0,0,0
93850061,12261,0,2,0,0,0,0,0,0,0,0,0
93857284,12262,0,2,0,0,0,0,0,0,0,0,0
93864508,12263,0,2,0,0,0,0,0,0,0,0,0
93871732,12264,0,2,0,0,0,0,0,0,0,0,0
93878956,12265,0,2,0,0,0,0,0,0,0,0,0
93886180,12266,0,2,0,0,0,0,0,0,0,0,0
93893404,12267,0,2,0,0,0,0,0,0,0,0,0
93900628,12268,0,2,0,0,0,0,0,0,0,0,0
93907852,12269,0,2,0,0,0,0,0,0,0,0,0
93915076,12270,0,2,0,0,0,0,0,0,0,0,0
93922301,12271,0,2,0,0,0,0,0,0,0,0,0
93929524,12272,0,2,0,0,0,0,0,0,0,0,0
93936748,12273,0,2,0,0,0,0,0,0,0,0,0
93943972,12274,0,2,0,0,0,0,0,0,0,0,0
93951196,12275,0,2,0,0,0,0,0,0,0,0,0
93958420,12276,0,2,0,0,0,0,0,0,0,0,0
93965644,12277,0,2,0,0,0,0,0,0,0,0,0
93972868,12278,0,2,0,0,0,0,0,0,0,0,0
93980092,12279,0,2,0,0,0,0,0,0,0,0,0
93987316,12280,0,2,0,0,0,0,0,0,0,0,0
93994541,12281,0,2,0,0,0,0,0,0,0,0,0
94001764,12282,0,2,0,0,0,0,0,0,0,0,0
94008988,12283,0,2,0,0,0,0,0,0,0,0,0
94016212,12284,0,2,0,0,0,0,0,0,0,0,0
94023436,12285,0,2,0,0,0,0,0,0,0,0,0
94030660,12286,0,2,0,0,0,0,0,0,0,0,0
94037884,12287,0,2,0,0,0,0,0,0,0,0,0
94045108,12288,0,2,0,0,0,0,0,0,0,0,0
94052332,12289,0,2,0,0,0,0,0,0,0,0,0
94059556,12290,0,2,0,0,0,0,0,0,0,0,0
94066781,12291,0,2,0,0,0,0,0,0,0,0,0
94074005,12292,0,2,0,0,0,0,0,0,0,0,0
94081228,12293,0,2,0,0,0,0,0,0,0,0,0
94088452,12294,0,2,0,0,0,0,0,0,0,0,0
94095676,12295,0,2,0,0,0,0,0,0,0,0,0
94102900,12296,0,2,0,0,0,0,0,0,0,0,0
94110124,12297,0,2,0,0,0,0,0,0,0,0,0
94117348,12298,0,2,0,0,0,0,0,0,0,0,0
94124572,12299,0,2,0,0,0,0,0,0,0,0,0
94131796,12300,0,2,0,0,0,0,0,0,0,0,0
94139021,12301,0,2,0,0,0,0,0,0,0,0,0
94146244,12302,0,2,0,0,0,0,0,0,0,0,0
94153468,12303,0,2,0,0,0,0,0,0,0,0,0
94160692,12304,0,2,0,0,0,0,0,0,0,0,0
94167916,12305,0,2,0,0,0,0,0,0,0,0,0
94175140,12306,0,2,0,0,0,0,0,0,0,0,0
94182364,12307,0,2,0,0,0,0,0,0,0,0,0
94189588,12308,0,2,0,0,0,0,0,0,0,0,0
94196812,12309,0,2,0,0,0,0,0,0,0,0,0
94204036,12310,0,2,0,0,0,0,0,0,0,0,0
94211261,12311,0,2,0,0,0,0,0,0,0,0,0
94218484,12312,0,2,0,0,0,0,0,0,0,0,0
94225708,12313,0,2,0,0,0,0,0,0,0,0,0
94232932,12314,0,2,0,0,0,0,0,0,0,0,0
94240156,12315,0,2,0,0,0,0,0,0,0,0,0
94247380,12316,0,2,0,0,0,0,0,0,0,0,0
94254604,12317,0,2,0,0,0,0,0,0,0,0,0
94261828,12318,0,2,0,0,0,0,0,0,0,0,0
94269052,12319,0,2,0,0,0,0,0,0,0,0,0
94276276,12320,0,2,0,0,0,0,0,0,0,0,0
94283501,12321,0,2,0,0,0,0,0,0,0,0,0
94290724,12322,0,2,0,0,0,0,0,0,0,0,0
94297948,12323,0,2,0,0,0,0,0,0,0,0,0
94305172,12324,0,2,0,0,0,0,0,0,0,0,0
94312396,12325,0,2,0,0,0,0,0,0,0,0,0
94319620,12326,0,2,0,0,0,0,0,0,0,0,0
94326844,12327,0,2,0,0,0,0,0,0,0,0,0
94334068,12328,0,2,0,0,0,0,0,0,0,0,0
94341292,12329,0,2,0,0,0,0,0,0,0,0,0
94348516,12330,0,2,0,0,0,0,0,0,0,0,0
94355741,12331,0,2,0,0,0,0,0,0,0,0,0
94362964,12332,0,2,0,0,0,0,0,0,0,0,0
94370188,12333,0,2,0,0,0,0,0,0,0,0,0
94377412,12334,0,2,0,0,0,0,0,0,0,0,0
94384636,12335,0,2,0,0,0,0,0,0,0,0,0
94391860,12336,0,2,0,0,0,0,0,0,0,0,0
94399084,12337,0,2,0,0,0,0,0,0,0,0,0
94406308,12338,0,2,0,0,0,0,0,0,0,0,0
94413532,12339,0,2,0,0,0,0,0,0,0,0,0
94420756,12340,0,2,0,0,0,0,0,0,0,0,0
94427981,12341,0,2,0,0,0,0,0,0,0,0,0
94435204,12342,0,2,0,0,0,0,0,0,0,0,0
94442428,12343,0,2,0,0,0,0,0,0,0,0,0
94449652,12344,0,2,0,0,0,0,0,0,0,0,0
94456876,12345,0,2,0,0,0,0,0,0,0,0,0
94464100,12346,0,2,0,0,0,0,0,0,0,0,0
94471324,12347,0,2,0,0,0,0,0,0,0,0,0
94478548,12348,0,2,0,0,0,0,0,0,0,0,0
94485772,12349,0,2,0,0,0,0,0,0,0,0,0
94492996,12350,0,2,0,0,0,0,0,0,0,0,0
94500221,12351,0,2,0,0,0,0,0,0,0,0,0
94507444,12352,0,2,0,0,0,0,0,0,0,0,0
94514668,12353,0,2,0,0,0,0,0,0,0,0,0
94521892,12354,0,2,0,0,0,0,0,0,0,0,0
94529117,12355,0,2,0,0,0,0,0,0,0,0,0
94536340,12356,0,2,0,0,0,0,0,0,0,0,0
94543564,12357,0,2,0,0,0,0,0,0,0,0,0
94550788,12358,0,2,0,0,0,0,0,0,0,0,0
94558012,12359,0,2,0,0,0,0,0,0,0,0,0
94565236,12360,0,2,0,0,0,0,0,0,0,0,0
94572461,12361,0,2,0,0,0,0,0,0,0,0,0
94579684,12362,0,2,0,0,0,0,0,0,0,0,0
94586908,12363,0,2,0,0,0,0,0,0,0,0,0
94594132,12364,0,2,0,0,0,0,0,0,0,0,0
94601356,12365,0,2,0,0,0,0,0,0,0,0,0
94608580,12366,0,2,0,0,0,0,0,0,0,0,0
94615804,12367,0,2,0,0,0,0,0,0,0,0,0
94623028,12368,0,2,0,0,0,0,0,0,0,0,0
94630252,12369,0,2,0,0,0,0,0,0,0,0,0
94637476,12370,0,2,0,0,0,0,0,0,0,0,0
94644701,12371,0,2,0,0,0,0,0,0,0,0,0
94651924,12372,0,2,0,0,0,0,0,0,0,0,0
94659148,12373,0,2,0,0,0,0,0,0,0,0,0
94666372,12374,0,2,0,0,0,0,0,0,0,0,0
94673596,12375,0,2,0,0,0,0,0,0,0,0,0
94680820,12376,0,2,0,0,0,0,0,0,0,0,0
94688045,12377,0,2,0,0,0,0,0,0,0,0,0
94695268,12378,0,2,0,0,0,0,0,0,0,0,0
94702492,12379,0,2,0,0,0,0,0,0,0,0,0
94709716,12380,0,2,0,0,0,0,0,0,0,0,0
94716941,12381,0,2,0,0,0,0,0,0,0,0,0
94724164,12382,0,2,0,0,0,0,0,0,0,0,0
94731388,12383,0,2,0,0,0,0,0,0,0,0,0
94738612,12384,0,2,0,0,0,0,0,0,0,0,0
94745836,12385,0,2,0,0,0,0,0,0,0,0,0
94753061,12386,0,2,0,0,0,0,0,0,0,0,0
94760284,12387,0,2,0,0,0,0,0,0,0,0,0
94767508,12388,0,2,0,0,0,0,0,0,0,0,0
94774732,12389,0,2,0,0,0,0,0,0,0,0,0
94781956,12390,0,2,0,0,0,0,0,0,0,0,0
94789181,12391,0,2,0,0,0,0,0,0,0,0,0
94796404,12392,0,2,0,0,0,0,0,0,0,0,0
94803628,12393,0,2,0,0,0,0,0,0,0,0,0
94810852,12394,0,2,0,0,0,0,0,0,0,0,0
94818076,12395,0,2,0,0,0,0,0,0,0,0,0
94825300,12396,0,2,0,0,0,0,0,0,0,0,0
94832524,12397,0,2,0,0,0,0,0,0,0,0,0
94839748,12398,0,2,0,0,0,0,0,0,0,0,0
94846972,12399,0,2,0,0,0,0,0,0,0,0,0
94854196,12400,0,2,0,0,0,0,0,0,0,0,0
94861421,12401,0,2,0,0,0,0,0,0,0,0,0
94868644,12402,0,2,0,0,0,0,0,0,0,0,0
94875868,12403,0,2,0,0,0,0,0,0,0,0,0
94883092,12404,0,2,0,0,0,0,0,0,0,0,0
94890316,12405,0,2,0,0,0,0,0,0,0,0,0
94897540,12406,0,2,0,0,0,0,0,0,0,0,0
94904764,12407,0,2,0,0,0,0,0,0,0,0,0
94911988,12408,0,2,0,0,0,0,0,0,0,0,0
94919212,12409,0,2,0,0,0,0,0,0,0,0,0
94926436,12410,0,2,0,0,0,0,0,0,0,0,0
94933661,12411,0,2,0,0,0,0,0,0,0,0,0
94940884,12412,0,2,0,0,0,0,0,0,0,0,0
94948108,12413,0,2,0,0,0,0,0,0,0,0,0
94955332,12414,0,2,0,0,0,0,0,0,0,0,0
94962556,12415,0,2,0,0,0,0,0,0,0,0,0
94969780,12416,0,2,0,0,0,0,0,0,0,0,0
94977005,12417,0,2,0,0,0,0,0,0,0,0,0
94984228,12418,0,2,0,0,0,0,0,0,0,0,0
94991452,12419,0,2,0,0,0,0,0,0,0,0,0
94998676,12420,0,2,0,0,0,0,0,0,0,0,0
95005901,12421,0,2,0,0,0,0,0,0,0,0,0
95013124,12422,0,2,0,0,0,0,0,0,0,0,0
95020348,12423,0,2,0,0,0,0,0,0,0,0,0
95027572,12424,0,2,0,0,0,0,0,0,0,0,0
95034796,12425,0,2,0,0,0,0,0,0,0,0,0
95042020,12426,0,2,0,0,0,0,0,0,0,0,0
95049244,12427,0,2,0,0,0,0,0,0,0,0,0
95056468,12428,0,2,0,0,0,0,0,0,0,0,0
95063692,12429,0,2,0,0,0,0,0,0,0,0,0
95070916,12430,0,2,0,0,0,0,0,0,0,0,0
95078141,12431,0,2,0,0,0,0,0,0,0,0,0
95085364,12432,0,2,0,0,0,0,0,0,0,0,0
95092588,12433,0,2,0,0,0,0,0,0,0,0,0
95099812,12434,0,2,0,0,0,0,0,0,0,0,0
95107036,12435,0,2,0,0,0,0,0,0,0,0,0
95114260,12436,0,2,0,0,0,0,0,0,0,0,0
95121484,12437,0,2,0,0,0,0,0,0,0,0,0
95128708,12438,0,2,0,0,0,0,0,0,0,0,0
95135932,12439,0,2,0,0,0,0,0,0,0,0,0
95143156,12440,0,2,0,0,0,0,0,0,0,0,0
95150381,12441,0,2,0,0,0,0,0,0,0,0,0
95157604,12442,0,2,0,0,0,0,0,0,0,0,0
95164828,12443,0,2,0,0,0,0,0,0,0,0,0
95172052,12444,0,2,0,0,0,0,0,0,0,0,0
95179276,12445,0,2,0,0,0,0,0,0,0,0,0
95186500,12446,0,2,0,0,0,0,0,0,0,0,0
95193724,12447,0,2,0,0,0,0,0,0,0,0,0
95200948,12448,0,2,0,0,0,0,0,0,0,0,0
95208172,12449,0,2,0,0,0,0,0,0,0,0,0
95215396,12450,0,2,0,0,0,0,0,0,0,0,0
95222621,12451,0,2,0,0,0,0,0,0,0,0,0
95229844,12452,0,2,0,0,0,0,0,0,0,0,0
95237068,12453,0,2,0,0,0,0,0,0,0,0,0
95244292,12454,0,2,0,0,0,0,0,0,0,0,0
95251516,12455,0,2,0,0,0,0,0,0,0,0,0
95258740,12456,0,2,0,0,0,0,0,0,0,0,0
95265964,12457,0,2,0,0,0,0,0,0,0,0,0
95273188,12458,0,2,0,0,0,0,0,0,0,0,0
95280412,12459,0,2,0,0,0,0,0,0,0,0,0
95287636,12460,0,2,0,0,0,0,0,0,0,0,0
95294861,12461,0,2,0,0,0,0,0,0,0,0,0
95302084,12462,0,2,0,0,0,0,0,0,0,0,0
95309308,12463,0,2,0,0,0,0,0,0,0,0,0
95316532,12464,0,2,0,0,0,0,0,0,0,0,0
95323756,12465,0,2,0,0,0,0,0,0,0,0,0
95330980,12466,0,2,0,0,0,0,0,0,0,0,0
95338204,12467,0,2,0,0,0,0,0,0,0,0,0
95345428,12468,0,2,0,0,0,0,0,0,0,0,0
95352652,12469,0,2,0,0,0,0,0,0,0,0,0
95359876,12470,0,2,0,0,0,0,0,0,0,0,0
95367101,12471,0,2,0,0,0,0,0,0,0,0,0
95374324,12472,0,2,0,0,0,0,0,0,0,0,0
95381548,12473,0,2,0,0,0,0,0,0,0,0,0
95388772,12474,0,2,0,0,0,0,0,0,0,0,0
95395996,12475,0,2,0,0,0,0,0,0,0,0,0
95403220,12476,0,2,0,0,0,0,0,0,0,0,0
95410444,12477,0,2,0,0,0,0,0,0,0,0,0
95417668,12478,0,2,0,0,0,0,0,0,0,0,0
95424892,12479,0,2,0,0,0,0,0,0,0,0,0
95432116,12480,0,2,0,0,0,0,0,0,0,0,0
95439341,12481,0,2,0,0,0,0,0,0,0,0,0
95446564,12482,0,2,0,0,0,0,0,0,0,0,0
95453788,12483,0,2,0,0,0,0,0,0,0,0,0
95461012,12484,0,2,0,0,0,0,0,0,0,0,0
95468236,12485,0,2,0,0,0,0,0,0,0,0,0
95481829,12486,0,2,0,0,0,0,0,0,0,0,0
95489042,12487,0,2,0,0,0,0,0,0,0,0,0
95496265,12488,0,2,0,0,0,0,0,0,0,0,0
95503489,12489,0,2,0,0,0,0,0,0,0,0,0
95510713,12490,0,2,0,0,0,0,0,0,0,0,0
95517938,12491,0,2,0,0,0,0,0,0,0,0,0
95525161,12492,0,2,0,0,0,0,0,0,0,0,0
95532385,12493,0,2,0,0,0,0,0,0,0,0,0
95539609,12494,0,2,0,0,0,0,0,0,0,0,0
95546833,12495,0,2,0,0,0,0,0,0,0,0,0
95554057,12496,0,2,0,0,0,0,0,0,0,0,0
95561281,12497,0,2,0,0,0,0,0,0,0,0,0
95568505,12498,0,2,0,0,0,0,0,0,0,0,0
95575729,12499,0,2,0,0,0,0,0,0,0,0,0
95582953,12500,0,2,0,0,0,0,0,0,0,0,0
95590178,12501,0,2,0,0,0,0,0,0,0,0,0
95597401,12502,0,2,0,0,0,0,0,0,0,0,0
95604625,12503,0,2,0,0,0,0,0,0,0,0,0
95611849,12504,0,2,0,0,0,0,0,0,0,0,0
95619073,12505,0,2,0,0,0,0,0,0,0,0,0
95626297,12506,0,2,0,0,0,0,0,0,0,0,0
95633521,12507,0,2,0,0,0,0,0,0,0,0,0
95640745,12508,0,2,0,0,0,0,0,0,0,0,0
95647969,12509,0,2,0,0,0,0,0,0,0,0,0
95655193,12510,0,2,0,0,0,0,0,0,0,0,0
95662418,12511,0,2,0,0,0,0,0,0,0,0,0
95669641,12512,0,2,0,0,0,0,0,0,0,0,0
95676865,12513,0,2,0,0,0,0,0,0,0,0,0
95684089,12514,0,2,0,0,0,0,0,0,0,0,0
95691313,12515,0,2,0,0,0,0,0,0,0,0,0
95698537,12516,0,2,0,0,0,0,0,0,0,0,0
95705761,12517,0,2,0,0,0,0,0,0,0,0,0
95712985,12518,0,2,0,0,0,0,0,0,0,0,0
95720209,12519,0,2,0,0,0,0,0,0,0,0,0
95727433,12520,0,2,0,0,0,0,0,0,0,0,0
95734658,12521,0,2,0,0,0,0,0,0,0,0,0
95741881,12522,0,2,0,0,0,0,0,0,0,0,0
95749105,12523,0,2,0,0,0,0,0,0,0,0,0
95756329,12524,0,2,0,0,0,0,0,0,0,0,0
95763553,12525,0,2,0,0,0,0,0,0,0,0,0
95770777,12526,0,2,0,0,0,0,0,0,0,0,0
95778001,12527,0,2,0,0,0,0,0,0,0,0,0
95785225,12528,0,2,0,0,0,0,0,0,0,0,0
95792449,12529,0,2,0,0,0,0,0,0,0,0,0
95799673,12530,0,2,0,0,0,0,0,0,0,0,0
95806898,12531,0,2,0,0,0,0,0,0,0,0,0
95814121,12532,0,2,0,0,0,0,0,0,0,0,0
95821345,12533,0,2,0,0,0,0,0,0,0,0,0
95828569,12534,0,2,0,0,0,0,0,0,0,0,0
95835793,12535,0,2,0,0,0,0,0,0,0,0,0
95843017,12536,0,2,0,0,0,0,0,0,0,0,0
95850241,12537,0,2,0,0,0,0,0,0,0,0,0
95857465,12538,0,2,0,0,0,0,0,0,0,0,0
95864689,12539,0,2,0,0,0,0,0,0,0,0,0
95871913,12540,0,2,0,0,0,0,0,0,0,0,0
95879138,12541,0,2,0,0,0,0,0,0,0,0,0
95886361,12542,0,2,0,0,0,0,0,0,0,0,0
95893585,12543,0,2,0,0,0,0,0,0,0,0,0
95900809,12544,0,2,0,0,0,0,0,0,0,0,0
95908033,12545,0,2,0,0,0,0,0,0,0,0,0
95915257,12546,0,2,0,0,0,0,0,0,0,0,0
95922481,12547,0,2,0,0,0,0,0,0,0,0,0
95929705,12548,0,2,0,0,0,0,0,0,0,0,0
95936929,12549,0,2,0,0,0,0,0,0,0,0,0
95944153,12550,0,2,0,0,0,0,0,0,0,0,0
95951378,12551,0,2,0,0,0,0,0,0,0,0,0
95958601,12552,0,2,0,0,0,0,0,0,0,0,0
95965825,12553,0,2,0,0,0,0,0,0,0,0,0
95973049,12554,0,2,0,0,0,0,0,0,0,0,0
95980273,12555,0,2,0,0,0,0,0,0,0,0,0
95987497,12556,0,2,0,0,0,0,0,0,0,0,0
95994721,12557,0,2,0,0,0,0,0,0,0,0,0
96001945,12558,0,2,0,0,0,0,0,0,0,0,0
96009169,12559,0,2,0,0,0,0,0,0,0,0,0
96016393,12560,0,2,0,0,0,0,0,0,0,0,0
96023618,12561,0,2,0,0,0,0,0,0,0,0,0
96030841,12562,0,2,0,0,0,0,0,0,0,0,0
96038065,12563,0,2,0,0,0,0,0,0,0,0,0
96045289,12564,0,2,0,0,0,0,0,0,0,0,0
96052513,12565,0,2,0,0,0,0,0,0,0,0,0
96059737,12566,0,2,0,0,0,0,0,0,0,0,0
96066961,12567,0,2,0,0,0,0,0,0,0,0,0
96074185,12568,0,2,0,0,0,0,0,0,0,0,0
96081409,12569,0,2,0,0,0,0,0,0,0,0,0
96088633,12570,0,2,0,0,0,0,0,0,0,0,0
96095858,12571,0,2,0,0,0,0,0,0,0,0,0
96103082,12572,0,2,0,0,0,0,0,0,0,0,0
96110305,12573,0,2,0,0,0,0,0,0,0,0,0
96117529,12574,0,2,0,0,0,0,0,0,0,0,0
96124753,12575,0,2,0,0,0,0,0,0,0,0,0
96131977,12576,0,2,0,0,0,0,0,0,0,0,0
96139201,12577,0,2,0,0,0,0,0,0,0,0,0
96146425,12578,0,2,0,0,0,0,0,0,0,0,0
96153649,12579,0,2,0,0,0,0,0,0,0,0,0
96160873,12580,0,2,0,0,0,0,0,0,0,0,0
96168098,12581,0,2,0,0,0,0,0,0,0,0,0
96175321,12582,0,2,0,0,0,0,0,0,0,0,0
96182545,12583,0,2,0,0,0,0,0,0,0,0,0
96189769,12584,0,2,0,0,0,0,0,0,0,0,0
96196993,12585,0,2,0,0,0,0,0,0,0,0,0
96204218,12586,0,2,0,0,0,0,0,0,0,0,0
96211441,12587,0,2,0,0,0,0,0,0,0,0,0
96218665,12588,0,2,0,0,0,0,0,0,0,0,0
96225889,12589,0,2,0,0,0,0,0,0,0,0,0
96233113,12590,0,2,0,0,0,0,0,0,0,0,0
96240338,12591,0,2,0,0,0,0,0,0,0,0,0
96247561,12592,0,2,0,0,0,0,0,0,0,0,0
96254785,12593,0,2,0,0,0,0,0,0,0,0,0
96262009,12594,0,2,0,0,0,0,0,0,0,0,0
96269233,12595,0,2,0,0,0,0,0,0,0,0,0
96276457,12596,0,2,0,0,0,0,0,0,0,0,0
96283681,12597,0,2,0,0,0,0,0,0,0,0,0
96290905,12598,0,2,0,0,0,0,0,0,0,0,0
96298129,12599,0,2,0,0,0,0,0,0,0,0,0
96305353,12600,0,2,0,0,0,0,0,0,0,0,0
96312578,12601,0,2,0,0,0,0,0,0,0,0,0
96319801,12602,0,2,0,0,0,0,0,0,0,0,0
96327026,12603,0,2,0,0,0,0,0,0,0,0,0
96334249,12604,0,2,0,0,0,0,0,0,0,0,0
96341473,12605,0,2,0,0,0,0,0,0,0,0,0
96348697,12606,0,2,0,0,0,0,0,0,0,0,0
96355921,12607,0,2,0,0,0,0,0,0,0,0,0
96363145,12608,0,2,0,0,0,0,0,0,0,0,0
96370369,12609,0,2,0,0,0,0,0,0,0,0,0
96377593,12610,0,2,0,0,0,0,0,0,0,0,0
96384818,12611,0,2,0,0,0,0,0,0,0,0,0
96392041,12612,0,2,0,0,0,0,0,0,0,0,0
96399265,12613,0,2,0,0,0,0,0,0,0,0,0
96406489,12614,0,2,0,0,0,0,0,0,0,0,0
96413713,12615,0,2,0,0,0,0,0,0,0,0,0
96420937,12616,0,2,0,0,0,0,0,0,0,0,0
96428161,12617,0,2,0,0,0,0,0,0,0,0,0
96435385,12618,0,2,0,0,0,0,0,0,0,0,0
96442609,12619,0,2,0,0,0,0,0,0,0,0,0
96449833,12620,0,2,0,0,0,0,0,0,0,0,0
96457058,12621,0,2,0,0,0,0,0,0,0,0,0
96464281,12622,0,2,0,0,0,0,0,0,0,0,0
96471505,12623,0,2,0,0,0,0,0,0,0,0,0
96478729,12624,0,2,0,0,0,0,0,0,0,0,0
96485953,12625,0,2,0,0,0,0,0,0,0,0,0
96493177,12626,0,2,0,0,0,0,0,0,0,0,0
96500401,12627,0,2,0,0,0,0,0,0,0,0,0
96507625,12628,0,2,0,0,0,0,0,0,0,0,0
96514849,12629,0,2,0,0,0,0,0,0,0,0,0
96522073,12630,0,2,0,0,0,0,0,0,0,0,0
96529298,12631,0,2,0,0,0,0,0,0,0,0,0
96536521,12632,0,2,0,0,0,0,0,0,0,0,0
96543745,12633,0,2,0,0,0,0,0,0,0,0,0
96550969,12634,0,2,0,0,0,0,0,0,0,0,0
96558193,12635,0,2,0,0,0,0,0,0,0,0,0
96565417,12636,0,2,0,0,0,0,0,0,0,0,0
96572641,12637,0,2,0,0,0,0,0,0,0,0,0
96579865,12638,0,2,0,0,0,0,0,0,0,0,0
96587089,12639,0,2,0,0,0,0,0,0,0,0,0
96594313,12640,0,2,0,0,0,0,0,0,0,0,0
96601538,12641,0,2,0,0,0,0,0,0,0,0,0
96608761,12642,0,2,0,0,0,0,0,0,0,0,0
96615985,12643,0,2,0,0,0,0,0,0,0,0,0
96623209,12644,0,2,0,0,0,0,0,0,0,0,0
96630433,12645,0,2,0,0,0,0,0,0,0,0,0
96637657,12646,0,2,0,0,0,0,0,0,0,0,0
96644881,12647,0,2,0,0,0,0,0,0,0,0,0
96652105,12648,0,2,0,0,0,0,0,0,0,0,0
96659329,12649,0,2,0,0,0,0,0,0,0,0,0
96666553,12650,0,2,0,0,0,0,0,0,0,0,0
96673778,12651,0,2,0,0,0,0,0,0,0,0,0
96681001,12652,0,2,0,0,0,0,0,0,0,0,0
96688225,12653,0,2,0,0,0,0,0,0,0,0,0
96695449,12654,0,2,0,0,0,0,0,0,0,0,0
96702673,12655,0,2,0,0,0,0,0,0,0,0,0
96709897,12656,0,2,0,0,0,0,0,0,0,0,0
96717121,12657,0,2,0,0,0,0,0,0,0,0,0
96724345,12658,0,2,0,0,0,0,0,0,0,0,0
96731569,12659,0,2,0,0,0,0,0,0,0,0,0
96738793,12660,0,2,0,0,0,0,0,0,0,0,0
96746018,12661,0,2,0,0,0,0,0,0,0,0,0
96753241,12662,0,2,0,0,0,0,0,0,0,0,0
96760465,12663,0,2,0,0,0,0,0,0,0,0,0
96767689,12664,0,2,0,0,0,0,0,0,0,0,0
96774913,12665,0,2,0,0,0,0,0,0,0,0,0
96782137,12666,0,2,0,0,0,0,0,0,0,0,0
96789361,12667,0,2,0,0,0,0,0,0,0,0,0
96796585,12668,0,2,0,0,0,0,0,0,0,0,0
96803809,12669,0,2,0,0,0,0,0,0,0,0,0
96811033,12670,0,2,0,0,0,0,0,0,0,0,0
96818258,12671,0,2,0,0,0,0,0,0,0,0,0
96825481,12672,0,2,0,0,0,0,0,0,0,0,0
96832705,12673,0,2,0,0,0,0,0,0,0,0,0
96839929,12674,0,2,0,0,0,0,0,0,0,0,0
96847153,12675,0,2,0,0,0,0,0,0,0,0,0
96854377,12676,0,2,0,0,0,0,0,0,0,0,0
96861601,12677,0,2,0,0,0,0,0,0,0,0,0
96868825,12678,0,2,0,0,0,0,0,0,0,0,0
96876049,12679,0,2,0,0,0,0,0,0,0,0,0
96883273,12680,0,2,0,0,0,0,0,0,0,0,0
96890498,12681,0,2,0,0,0,0,0,0,0,0,0
96897721,12682,0,2,0,0,0,0,0,0,0,0,0
96904945,12683,0,2,0,0,0,0,0,0,0,0,0
96912169,12684,0,2,0,0,0,0,0,0,0,0,0
96919393,12685,0,2,0,0,0,0,0,0,0,0,0
96926617,12686,0,2,0,0,0,0,0,0,0,0,0
96933841,12687,0,2,0,0,0,0,0,0,0,0,0
96941065,12688,0,2,0,0,0,0,0,0,0,0,0
96948289,12689,0,2,0,0,0,0,0,0,0,0,0
96955513,12690,0,2,0,0,0,0,0,0,0,0,0
96962738,12691,0,2,0,0,0,0,0,0,0,0,0
96969961,12692,0,2,0,0,0,0,0,0,0,0,0
96977185,12693,0,2,0,0,0,0,0,0,0,0,0
96984409,12694,0,2,0,0,0,0,0,0,0,0,0
96991633,12695,0,2,0,0,0,0,0,0,0,0,0
96998857,12696,0,2,0,0,0,0,0,0,0,0,0
97006081,12697,0,2,0,0,0,0,0,0,0,0,0
97013305,12698,0,2,0,0,0,0,0,0,0,0,0
97020529,12699,0,2,0,0,0,0,0,0,0,0,0
97027753,12700,0,2,0,0,0,0,0,0,0,0,0
97034978,12701,0,2,0,0,0,0,0,0,0,0,0
97042201,12702,0,2,0,0,0,0,0,0,0,0,0
97049425,12703,0,2,0,0,0,0,0,0,0,0,0
97056649,12704,0,2,0,0,0,0,0,0,0,0,0
97063873,12705,0,2,0,0,0,0,0,0,0,0,0
97071098,12706,0,2,0,0,0,0,0,0,0,0,0
97078321,12707,0,2,0,0,0,0,0,0,0,0,0
97085545,12708,0,2,0,0,0,0,0,0,0,0,0
97092769,12709,0,2,0,0,0,0,0,0,0,0,0
97099993,12710,0,2,0,0,0,0,0,0,0,0,0
97107218,12711,0,2,0,0,0,0,0,0,0,0,0
97114441,12712,0,2,0,0,0,0,0,0,0,0,0
97126525,12713,0,2,0,0,0,0,0,0,0,0,0
97133737,12714,0,2,0,0,0,0,0,0,0,0,0
97140961,12715,0,2,0,0,0,0,0,0,0,0,0
97148185,12716,0,2,0,0,0,0,0,0,0,0,0
97155409,12717,0,2,0,0,0,0,0,0,0,0,0
97162633,12718,0,2,0,0,0,0,0,0,0,0,0
97169857,12719,0,2,0,0,0,0,0,0,0,0,0
97177082,12720,0,2,0,0,0,0,0,0,0,0,0
97184306,12721,0,2,0,0,0,0,0,0,0,0,0
97191529,12722,0,2,0,0,0,0,0,0,0,0,0
97198753,12723,0,2,0,0,0,0,0,0,0,0,0
97205977,12724,0,2,0,0,0,0,0,0,0,0,0
97213201,12725,0,2,0,0,0,0,0,0,0,0,0
97220425,12726,0,2,0,0,0,0,0,0,0,0,0
97227649,12727,0,2,0,0,0,0,0,0,0,0,0
97234873,12728,0,2,0,0,0,0,0,0,0,0,0
97242098,12729,0,2,0,0,0,0,0,0,0,0,0
97249321,12730,0,2,0,0,0,0,0,0,0,0,0
97256546,12731,0,2,0,0,0,0,0,0,0,0,0
97263769,12732,0,2,0,0,0,0,0,0,0,0,0
97270993,12733,0,2,0,0,0,0,0,0,0,0,0
97278217,12734,0,2,0,0,0,0,0,0,0,0,0
97285441,12735,0,2,0,0,0,0,0,0,0,0,0
97292665,12736,0,2,0,0,0,0,0,0,0,0,0
97299889,12737,0,2,0,0,0,0,0,0,0,0,0
97307113,12738,0,2,0,0,0,0,0,0,0,0,0
97314337,12739,0,2,0,0,0,0,0,0,0,0,0
97321561,12740,0,2,0,0,0,0,0,0,0,0,0
97328786,12741,0,2,0,0,0,0,0,0,0,0,0
97336009,12742,0,2,0,0,0,0,0,0,0,0,0
97343233,12743,0,2,0,0,0,0,0,0,0,0,0
97350457,12744,0,2,0,0,0,0,0,0,0,0,0
97357681,12745,0,2,0,0,0,0,0,0,0,0,0
97364905,12746,0,2,0,0,0,0,0,0,0,0,0
97372129,12747,0,2,0,0,0,0,0,0,0,0,0
97379353,12748,0,2,0,0,0,0,0,0,0,0,0
97386577,12749,0,2,0,0,0,0,0,0,0,0,0
97393801,12750,0,2,0,0,0,0,0,0,0,0,0
97401026,12751,0,2,0,0,0,0,0,0,0,0,0
97408249,12752,0,2,0,0,0,0,0,0,0,0,0
97415473,12753,0,2,0,0,0,0,0,0,0,0,0
97422697,12754,0,2,0,0,0,0,0,0,0,0,0
97429921,12755,0,2,0,0,0,0,0,0,0,0,0
97437145,12756,0,2,0,0,0,0,0,0,0,0,0
97444369,12757,0,2,0,0,0,0,0,0,0,0,0
97451593,12758,0,2,0,0,0,0,0,0,0,0,0
97458817,12759,0,2,0,0,0,0,0,0,0,0,0
97466041,12760,0,2,0,0,0,0,0,0,0,0,0
97473266,12761,0,2,0,0,0,0,0,0,0,0,0
97480489,12762,0,2,0,0,0,0,0,0,0,0,0
97487713,12763,0,2,0,0,0,0,0,0,0,0,0
97494937,12764,0,2,0,0,0,0,0,0,0,0,0
97502161,12765,0,2,0,0,0,0,0,0,0,0,0
97509385,12766,0,2,0,0,0,0,0,0,0,0,0
97516609,12767,0,2,0,0,0,0,0,0,0,0,0
97523833,12768,0,2,0,0,0,0,0,0,0,0,0
97531057,12769,0,2,0,0,0,0,0,0,0,0,0
97538281,12770,0,2,0,0,0,0,0,0,0,0,0
97545506,12771,0,2,0,0,0,0,0,0,0,0,0
97552729,12772,0,2,0,0,0,0,0,0,0,0,0
97559953,12773,0,2,0,0,0,0,0,0,0,0,0
97567177,12774,0,2,0,0,0,0,0,0,0,0,0
97574401,12775,0,2,0,0,0,0,0,0,0,0,0
97581625,12776,0,2,0,0,0,0,0,0,0,0,0
97588849,12777,0,2,0,0,0,0,0,0,0,0,0
97596073,12778,0,2,0,0,0,0,0,0,0,0,0
97603297,12779,0,2,0,0,0,0,0,0,0,0,0
97610521,12780,0,2,0,0,0,0,0,0,0,0,0
97617746,12781,0,2,0,0,0,0,0,0,0,0,0
97624969,12782,0,2,0,0,0,0,0,0,0,0,0
97632193,12783,0,2,0,0,0,0,0,0,0,0,0
97639417,12784,0,2,0,0,0,0,0,0,0,0,0
97646641,12785,0,2,0,0,0,0,0,0,0,0,0
97653865,12786,0,2,0,0,0,0,0,0,0,0,0
97661089,12787,0,2,0,0,0,0,0,0,0,0,0
97668313,12788,0,2,0,0,0,0,0,0,0,0,0
97675537,12789,0,2,0,0,0,0,0,0,0,0,0
97682761,12790,0,2,0,0,0,0,0,0,0,0,0
97689986,12791,0,2,0,0,0,0,0,0,0,0,0
97697209,12792,0,2,0,0,0,0,0,0,0,0,0
97704433,12793,0,2,0,0,0,0,0,0,0,0,0
97711657,12794,0,2,0,0,0,0,0,0,0,0,0
97718881,12795,0,2,0,0,0,0,0,0,0,0,0
97726105,12796,0,2,0,0,0,0,0,0,0,0,0
97733329,12797,0,2,0,0,0,0,0,0,0,0,0
97740553,12798,0,2,0,0,0,0,0,0,0,0,0
97747777,12799,0,2,0,0,0,0,0,0,0,0,0
97755001,12800,0,2,0,0,0,0,0,0,0,0,0
97762226,12801,0,2,0,0,0,0,0,0,0,0,0
97769449,12802,0,2,0,0,0,0,0,0,0,0,0
97776673,12803,0,2,0,0,0,0,0,0,0,0,0
97783897,12804,0,2,0,0,0,0,0,0,0,0,0
97791121,12805,0,2,0,0,0,0,0,0,0,0,0
97798345,12806,0,2,0,0,0,0,0,0,0,0,0
97805569,12807,0,2,0,0,0,0,0,0,0,0,0
97812793,12808,0,2,0,0,0,0,0,0,0,0,0
97820017,12809,0,2,0,0,0,0,0,0,0,0,0
97827241,12810,0,2,0,0,0,0,0,0,0,0,0
97834466,12811,0,2,0,0,0,0,0,0,0,0,0
97841689,12812,0,2,0,0,0,0,0,0,0,0,0
97848913,12813,0,2,0,0,0,0,0,0,0,0,0
97856137,12814,0,2,0,0,0,0,0,0,0,0,0
97863361,12815,0,2,0,0,0,0,0,0,0,0,0
97870585,12816,0,2,0,0,0,0,0,0,0,0,0
97877809,12817,0,2,0,0,0,0,0,0,0,0,0
97885033,12818,0,2,0,0,0,0,0,0,0,0,0
97892257,12819,0,2,0,0,0,0,0,0,0,0,0
97899481,12820,0,2,0,0,0,0,0,0,0,0,0
97906706,12821,0,2,0,0,0,0,0,0,0,0,0
97913929,12822,0,2,0,0,0,0,0,0,0,0,0
97921153,12823,0,2,0,0,0,0,0,0,0,0,0
97928377,12824,0,2,0,0,0,0,0,0,0,0,0
97935601,12825,0,2,0,0,0,0,0,0,0,0,0
97942825,12826,0,2,0,0,0,0,0,0,0,0,0
97950049,12827,0,2,0,0,0,0,0,0,0,0,0
97957273,12828,0,2,0,0,0,0,0,0,0,0,0
97964497,12829,0,2,0,0,0,0,0,0,0,0,0
97971721,12830,0,2,0,0,0,0,0,0,0,0,0
97978946,12831,0,2,0,0,0,0,0,0,0,0,0
97986169,12832,0,2,0,0,0,0,0,0,0,0,0
97993393,12833,0,2,0,0,0,0,0,0,0,0,0
98000617,12834,0,2,0,0,0,0,0,0,0,0,0
98007841,12835,0,2,0,0,0,0,0,0,0,0,0
98015065,12836,0,2,0,0,0,0,0,0,0,0,0
98022289,12837,0,2,0,0,0,0,0,0,0,0,0
98029513,12838,0,2,0,0,0,0,0,0,0,0,0
98036737,12839,0,2,0,0,0,0,0,0,0,0,0
98043961,12840,0,2,0,0,0,0,0,0,0,0,0
98051186,12841,0,2,0,0,0,0,0,0,0,0,0
98058409,12842,0,2,0,0,0,0,0,0,0,0,0
98065633,12843,0,2,0,0,0,0,0,0,0,0,0
98072857,12844,0,2,0,0,0,0,0,0,0,0,0
98080082,12845,0,2,0,0,0,0,0,0,0,0,0
98087305,12846,0,2,0,0,0,0,0,0,0,0,0
98094529,12847,0,2,0,0,0,0,0,0,0,0,0
98101753,12848,0,2,0,0,0,0,0,0,0,0,0
98108977,12849,0,2,0,0,0,0,0,0,0,0,0
98116201,12850,0,2,0,0,0,0,0,0,0,0,0
98123426,12851,0,2,0,0,0,0,0,0,0,0,0
98130649,12852,0,2,0,0,0,0,0,0,0,0,0
98137873,12853,0,2,0,0,0,0,0,0,0,0,0
98145097,12854,0,2,0,0,0,0,0,0,0,0,0
98152321,12855,0,2,0,0,0,0,0,0,0,0,0
98159545,12856,0,2,0,0,0,0,0,0,0,0,0
98166769,12857,0,2,0,0,0,0,0,0,0,0,0
98173993,12858,0,2,0,0,0,0,0,0,0,0,0
98181217,12859,0,2,0,0,0,0,0,0,0,0,0
98188441,12860,0,2,0,0,0,0,0,0,0,0,0
98195666,12861,0,2,0,0,0,0,0,0,0,0,0
98202889,12862,0,2,0,0,0,0,0,0,0,0,0
98210113,12863,0,2,0,0,0,0,0,0,0,0,0
98217337,12864,0,2,0,0,0,0,0,0,0,0,0
98224561,12865,0,2,0,0,0,0,0,0,0,0,0
98231785,12866,0,2,0,0,0,0,0,0,0,0,0
98239009,12867,0,2,0,0,0,0,0,0,0,0,0
98246233,12868,0,2,0,0,0,0,0,0,0,0,0
98253457,12869,0,2,0,0,0,0,0,0,0,0,0
98260681,12870,0,2,0,0,0,0,0,0,0,0,0
98267906,12871,0,2,0,0,0,0,0,0,0,0,0
98275129,12872,0,2,0,0,0,0,0,0,0,0,0
98282353,12873,0,2,0,0,0,0,0,0,0,0,0
98289577,12874,0,2,0,0,0,0,0,0,0,0,0
98296801,12875,0,2,0,0,0,0,0,0,0,0,0
98304026,12876,0,2,0,0,0,0,0,0,0,0,0
98311249,12877,0,2,0,0,0,0,0,0,0,0,0
98318473,12878,0,2,0,0,0,0,0,0,0,0,0
98325697,12879,0,2,0,0,0,0,0,0,0,0,0
98332921,12880,0,2,0,0,0,0,0,0,0,0,0
98340146,12881,0,2,0,0,0,0,0,0,0,0,0
98347369,12882,0,2,0,0,0,0,0,0,0,0,0
98354593,12883,0,2,0,0,0,0,0,0,0,0,0
98361817,12884,0,2,0,0,0,0,0,0,0,0,0
98369041,12885,0,2,0,0,0,0,0,0,0,0,0
98376265,12886,0,2,0,0,0,0,0,0,0,0,0
98383489,12887,0,2,0,0,0,0,0,0,0,0,0
98390713,12888,0,2,0,0,0,0,0,0,0,0,0
98397937,12889,0,2,0,0,0,0,0,0,0,0,0
98405161,12890,0,2,0,0,0,0,0,0,0,0,0
98412386,12891,0,2,0,0,0,0,0,0,0,0,0
98419609,12892,0,2,0,0,0,0,0,0,0,0,0
98426833,12893,0,2,0,0,0,0,0,0,0,0,0
98434057,12894,0,2,0,0,0,0,0,0,0,0,0
98441281,12895,0,2,0,0,0,0,0,0,0,0,0
98448505,12896,0,2,0,0,0,0,0,0,0,0,0
98455729,12897,0,2,0,0,0,0,0,0,0,0,0
98462953,12898,0,2,0,0,0,0,0,0,0,0,0
98470177,12899,0,2,0,0,0,0,0,0,0,0,0
98477401,12900,0,2,0,0,0,0,0,0,0,0,0
98484626,12901,0,2,0,0,0,0,0,0,0,0,0
98491849,12902,0,2,0,0,0,0,0,0,0,0,0
98499073,12903,0,2,0,0,0,0,0,0,0,0,0
98506297,12904,0,2,0,0,0,0,0,0,0,0,0
98513521,12905,0,2,0,0,0,0,0,0,0,0,0
98520745,12906,0,2,0,0,0,0,0,0,0,0,0
98527969,12907,0,2,0,0,0,0,0,0,0,0,0
98535193,12908,0,2,0,0,0,0,0,0,0,0,0
98542417,12909,0,2,0,0,0,0,0,0,0,0,0
98549641,12910,0,2,0,0,0,0,0,0,0,0,0
98556866,12911,0,2,0,0,0,0,0,0,0,0,0
98564090,12912,0,2,0,0,0,0,0,0,0,0,0
98571313,12913,0,2,0,0,0,0,0,0,0,0,0
98578537,12914,0,2,0,0,0,0,0,0,0,0,0
98585761,12915,0,2,0,0,0,0,0,0,0,0,0
98592985,12916,0,2,0,0,0,0,0,0,0,0,0
98600209,12917,0,2,0,0,0,0,0,0,0,0,0
98607433,12918,0,2,0,0,0,0,0,0,0,0,0
98614657,12919,0,2,0,0,0,0,0,0,0,0,0
98621881,12920,0,2,0,0,0,0,0,0,0,0,0
98629106,12921,0,2,0,0,0,0,0,0,0,0,0
98636329,12922,0,2,0,0,0,0,0,0,0,0,0
98643553,12923,0,2,0,0,0,0,0,0,0,0,0
98650777,12924,0,2,0,0,0,0,0,0,0,0,0
98658001,12925,0,2,0,0,0,0,0,0,0,0,0
98665225,12926,0,2,0,0,0,0,0,0,0,0,0
98672449,12927,0,2,0,0,0,0,0,0,0,0,0
98679673,12928,0,2,0,0,0,0,0,0,0,0,0
98686897,12929,0,2,0,0,0,0,0,0,0,0,0
98694121,12930,0,2,0,0,0,0,0,0,0,0,0
98701346,12931,0,2,0,0,0,0,0,0,0,0,0
98708569,12932,0,2,0,0,0,0,0,0,0,0,0
98715793,12933,0,2,0,0,0,0,0,0,0,0,0
98723017,12934,0,2,0,0,0,0,0,0,0,0,0
98730241,12935,0,2,0,0,0,0,0,0,0,0,0
98737465,12936,0,2,0,0,0,0,0,0,0,0,0
98744689,12937,0,2,0,0,0,0,0,0,0,0,0
98751913,12938,0,2,0,0,0,0,0,0,0,0,0
98759137,12939,0,2,0,0,0,0,0,0,0,0,0
98773008,12940,0,2,0,0,0,0,0,0,0,0,0
98780221,12941,0,2,0,0,0,0,0,0,0,0,0
98787444,12942,0,2,0,0,0,0,0,0,0,0,0
98794668,12943,0,2,0,0,0,0,0,0,0,0,0
98801892,12944,0,2,0,0,0,0,0,0,0,0,0
98809117,12945,0,2,0,0,0,0,0,0,0,0,0
98816340,12946,0,2,0,0,0,0,0,0,0,0,0
98823564,12947,0,2,0,0,0,0,0,0,0,0,0
98830788,12948,0,2,0,0,0,0,0,0,0,0,0
98838012,12949,0,2,0,0,0,0,0,0,0,0,0
98845236,12950,0,2,0,0,0,0,0,0,0,0,0
98852461,12951,0,2,0,0,0,0,0,0,0,0,0
98859684,12952,0,2,0,0,0,0,0,0,0,0,0
98866908,12953,0,2,0,0,0,0,0,0,0,0,0
98874132,12954,0,2,0,0,0,0,0,0,0,0,0
98881356,12955,0,2,0,0,0,0,0,0,0,0,0
98888580,12956,0,2,0,0,0,0,0,0,0,0,0
98895804,12957,0,2,0,0,0,0,0,0,0,0,0
98903028,12958,0,2,0,0,0,0,0,0,0,0,0
98910252,12959,0,2,0,0,0,0,0,0,0,0,0
98917476,12960,0,2,0,0,0,0,0,0,0,0,0
98924701,12961,0,2,0,0,0,0,0,0,0,0,0
98931924,12962,0,2,0,0,0,0,0,0,0,0,0
98939148,12963,0,2,0,0,0,0,0,0,0,0,0
98946372,12964,0,2,0,0,0,0,0,0,0,0,0
98953596,12965,0,2,0,0,0,0,0,0,0,0,0
98960820,12966,0,2,0,0,0,0,0,0,0,0,0
98968045,12967,0,2,0,0,0,0,0,0,0,0,0
98975268,12968,0,2,0,0,0,0,0,0,0,0,0
98982492,12969,0,2,0,0,0,0,0,0,0,0,0
98989716,12970,0,2,0,0,0,0,0,0,0,0,0
98996941,12971,0,2,0,0,0,0,0,0,0,0,0
99004164,12972,0,2,0,0,0,0,0,0,0,0,0
99011388,12973,0,2,0,0,0,0,0,0,0,0,0
99018612,12974,0,2,0,0,0,0,0,0,0,0,0
99025836,12975,0,2,0,0,0,0,0,0,0,0,0
99033061,12976,0,2,0,0,0,0,0,0,0,0,0
99040284,12977,0,2,0,0,0,0,0,0,0,0,0
99047508,12978,0,2,0,0,0,0,0,0,0,0,0
99054732,12979,0,2,0,0,0,0,0,0,0,0,0
99061956,12980,0,2,0,0,0,0,0,0,0,0,0
99069181,12981,0,2,0,0,0,0,0,0,0,0,0
99076404,12982,0,2,0,0,0,0,0,0,0,0,0
99083628,12983,0,2,0,0,0,0,0,0,0,0,0
99090852,12984,0,2,0,0,0,0,0,0,0,0,0
99098076,12985,0,2,0,0,0,0,0,0,0,0,0
99105300,12986,0,2,0,0,0,0,0,0,0,0,0
99112524,12987,0,2,0,0,0,0,0,0,0,0,0
99119748,12988,0,2,0,0,0,0,0,0,0,0,0
99126972,12989,0,2,0,0,0,0,0,0,0,0,0
99134196,12990,0,2,0,0,0,0,0,0,0,0,0
99141421,12991,0,2,0,0,0,0,0,0,0,0,0
99148644,12992,0,2,0,0,0,0,0,0,0,0,0
99155868,12993,0,2,0,0,0,0,0,0,0,0,0
99163092,12994,0,2,0,0,0,0,0,0,0,0,0
99170316,12995,0,2,0,0,0,0,0,0,0,0,0
99177540,12996,0,2,0,0,0,0,0,0,0,0,0
99184764,12997,0,2,0,0,0,0,0,0,0,0,0
99191988,12998,0,2,0,0,0,0,0,0,0,0,0
99199212,12999,0,2,0,0,0,0,0,0,0,0,0
99206436,13000,0,2,0,0,0,0,0,0,0,0,0
99213661,13001,0,2,0,0,0,0,0,0,0,0,0
99220884,13002,0,2,0,0,0,0,0,0,0,0,0
99228108,13003,0,2,0,0,0,0,0,0,0,0,0
99235332,13004,0,2,0,0,0,0,0,0,0,0,0
99242556,13005,0,2,0,0,0,0,0,0,0,0,0
99249780,13006,0,2,0,0,0,0,0,0,0,0,0
99257005,13007,0,2,0,0,0,0,0,0,0,0,0
99264228,13008,0,2,0,0,0,0,0,0,0,0,0
99271452,13009,0,2,0,0,0,0,0,0,0,0,0
99278676,13010,0,2,0,0,0,0,0,0,0,0,0
99285901,13011,0,2,0,0,0,0,0,0,0,0,0
99293124,13012,0,2,0,0,0,0,0,0,0,0,0
99300348,13013,0,2,0,0,0,0,0,0,0,0,0
99307572,13014,0,2,0,0,0,0,0,0,0,0,0
99314796,13015,0,2,0,0,0,0,0,0,0,0,0
99322020,13016,0,2,0,0,0,0,0,0,0,0,0
99329244,13017,0,2,0,0,0,0,0,0,0,0,0
99336468,13018,0,2,0,0,0,0,0,0,0,0,0
99343692,13019,0,2,0,0,0,0,0,0,0,0,0
99350916,13020,0,2,0,0,0,0,0,0,0,0,0
99358141,13021,0,2,0,0,0,0,0,0,0,0,0
99365364,13022,0,2,0,0,0,0,0,0,0,0,0
99372588,13023,0,2,0,0,0,0,0,0,0,0,0
99379812,13024,0,2,0,0,0,0,0,0,0,0,0
99387036,13025,0,2,0,0,0,0,0,0,0,0,0
99394260,13026,0,2,0,0,0,0,0,0,0,0,0
99401484,13027,0,2,0,0,0,0,0,0,0,0,0
99408708,13028,0,2,0,0,0,0,0,0,0,0,0
99415932,13029,0,2,0,0,0,0,0,0,0,0,0
99423156,13030,0,2,0,0,0,0,0,0,0,0,0
99430381,13031,0,2,0,0,0,0,0,0,0,0,0
99437604,13032,0,2,0,0,0,0,0,0,0,0,0
99444828,13033,0,2,0,0,0,0,0,0,0,0,0
99452052,13034,0,2,0,0,0,0,0,0,0,0,0
99459276,13035,0,2,0,0,0,0,0,0,0,0,0
99466500,13036,0,2,0,0,0,0,0,0,0,0,0
99473724,13037,0,2,0,0,0,0,0,0,0,0,0
99480948,13038,0,2,0,0,0,0,0,0,0,0,0
99488172,13039,0,2,0,0,0,0,0,0,0,0,0
99495396,13040,0,2,0,0,0,0,0,0,0,0,0
99502621,13041,0,2,0,0,0,0,0,0,0,0,0
99509844,13042,0,2,0,0,0,0,0,0,0,0,0
99517068,13043,0,2,0,0,0,0,0,0,0,0,0
99524292,13044,0,2,0,0,0,0,0,0,0,0,0
99531516,13045,0,2,0,0,0,0,0,0,0,0,0
99538740,13046,0,2,0,0,0,0,0,0,0,0,0
99545964,13047,0,2,0,0,0,0,0,0,0,0,0
99553188,13048,0,2,0,0,0,0,0,0,0,0,0
99560412,13049,0,2,0,0,0,0,0,0,0,0,0
99567636,13050,0,2,0,0,0,0,0,0,0,0,0
99574861,13051,0,2,0,0,0,0,0,0,0,0,0
99582084,13052,0,2,0,0,0,0,0,0,0,0,0
99589308,13053,0,2,0,0,0,0,0,0,0,0,0
99596532,13054,0,2,0,0,0,0,0,0,0,0,0
99603756,13055,0,2,0,0,0,0,0,0,0,0,0
99610980,13056,0,2,0,0,0,0,0,0,0,0,0
99618204,13057,0,2,0,0,0,0,0,0,0,0,0
99625428,13058,0,2,0,0,0,0,0,0,0,0,0
99632652,13059,0,2,0,0,0,0,0,0,0,0,0
99639876,13060,0,2,0,0,0,0,0,0,0,0,0
99647101,13061,0,2,0,0,0,0,0,0,0,0,0
99654324,13062,0,2,0,0,0,0,0,0,0,0,0
99661548,13063,0,2,0,0,0,0,0,0,0,0,0
99668772,13064,0,2,0,0,0,0,0,0,0,0,0
99675996,13065,0,2,0,0,0,0,0,0,0,0,0
99683220,13066,0,2,0,0,0,0,0,0,0,0,0
99690444,13067,0,2,0,0,0,0,0,0,0,0,0
99697668,13068,0,2,0,0,0,0,0,0,0,0,0
99704892,13069,0,2,0,0,0,0,0,0,0,0,0
99712116,13070,0,2,0,0,0,0,0,0,0,0,0
99719341,13071,0,2,0,0,0,0,0,0,0,0,0
99726564,13072,0,2,0,0,0,0,0,0,0,0,0
99733788,13073,0,2,0,0,0,0,0,0,0,0,0
99741012,13074,0,2,0,0,0,0,0,0,0,0,0
99748236,13075,0,2,0,0,0,0,0,0,0,0,0
99755460,13076,0,2,0,0,0,0,0,0,0,0,0
99762684,13077,0,2,0,0,0,0,0,0,0,0,0
99769908,13078,0,2,0,0,0,0,0,0,0,0,0
99777132,13079,0,2,0,0,0,0,0,0,0,0,0
99784356,13080,0,2,0,0,0,0,0,0,0,0,0
99791581,13081,0,2,0,0,0,0,0,0,0,0,0
99798804,13082,0,2,0,0,0,0,0,0,0,0,0
99806028,13083,0,2,0,0,0,0,0,0,0,0,0
99813252,13084,0,2,0,0,0,0,0,0,0,0,0
99820476,13085,0,2,0,0,0,0,0,0,0,0,0
99827700,13086,0,2,0,0,0,0,0,0,0,0,0
99834924,13087,0,2,0,0,0,0,0,0,0,0,0
99842148,13088,0,2,0,0,0,0,0,0,0,0,0
99849372,13089,0,2,0,0,0,0,0,0,0,0,0
99856596,13090,0,2,0,0,0,0,0,0,0,0,0
99863821,13091,0,2,0,0,0,0,0,0,0,0,0
99871044,13092,0,2,0,0,0,0,0,0,0,0,0
99878268,13093,0,2,0,0,0,0,0,0,0,0,0
99885492,13094,0,2,0,0,0,0,0,0,0,0,0
99892716,13095,0,2,0,0,0,0,0,0,0,0,0
99899940,13096,0,2,0,0,0,0,0,0,0,0,0
99907164,13097,0,2,0,0,0,0,0,0,0,0,0
99914388,13098,0,2,0,0,0,0,0,0,0,0,0
99921612,13099,0,2,0,0,0,0,0,0,0,0,0
99928836,13100,0,2,0,0,0,0,0,0,0,0,0
99936061,13101,0,2,0,0,0,0,0,0,0,0,0
99943284,13102,0,2,0,0,0,0,0,0,0,0,0
99950508,13103,0,2,0,0,0,0,0,0,0,0,0
99957732,13104,0,2,0,0,0,0,0,0,0,0,0
99964956,13105,0,2,0,0,0,0,0,0,0,0,0
99972180,13106,0,2,0,0,0,0,0,0,0,0,0
99979404,13107,0,2,0,0,0,0,0,0,0,0,0
99986628,13108,0,2,0,0,0,0,0,0,0,0,0
99993852,13109,0,2,0,0,0,0,0,0,0,0,0
100001076,13110,0,2,0,0,0,0,0,0,0,0,0
100008301,13111,0,2,0,0,0,0,0,0,0,0,0
100015524,13112,0,2,0,0,0,0,0,0,0,0,0
100022748,13113,0,2,0,0,0,0,0,0,0,0,0
100029972,13114,0,2,0,0,0,0,0,0,0,0,0
100037196,13115,0,2,0,0,0,0,0,0,0,0,0
100044420,13116,0,2,0,0,0,0,0,0,0,0,0
100051644,13117,0,2,0,0,0,0,0,0,0,0,0
100058868,13118,0,2,0,0,0,0,0,0,0,0,0
100066092,13119,0,2,0,0,0,0,0,0,0,0,0
100073316,13120,0,2,0,0,0,0,0,0,0,0,0
100080541,13121,0,2,0,0,0,0,0,0,0,0,0
100087764,13122,0,2,0,0,0,0,0,0,0,0,0
100094988,13123,0,2,0,0,0,0,0,0,0,0,0
100102212,13124,0,2,0,0,0,0,0,0,0,0,0
100109436,13125,0,2,0,0,0,0,0,0,0,0,0
100116660,13126,0,2,0,0,0,0,0,0,0,0,0
100123884,13127,0,2,0,0,0,0,0,0,0,0,0
100131108,13128,0,2,0,0,0,0,0,0,0,0,0
100138332,13129,0,2,0,0,0,0,0,0,0,0,0
100145556,13130,0,2,0,0,0,0,0,0,0,0,0
100152781,13131,0,2,0,0,0,0,0,0,0,0,0
100160005,13132,0,2,0,0,0,0,0,0,0,0,0
100167228,13133,0,2,0,0,0,0,0,0,0,0,0
100174452,13134,0,2,0,0,0,0,0,0,0,0,0
100181676,13135,0,2,0,0,0,0,0,0,0,0,0
100188900,13136,0,2,0,0,0,0,0,0,0,0,0
100196124,13137,0,2,0,0,0,0,0,0,0,0,0
100203348,13138,0,2,0,0,0,0,0,0,0,0,0
100210572,13139,0,2,0,0,0,0,0,0,0,0,0
100217796,13140,0,2,0,0,0,0,0,0,0,0,0
100225021,13141,0,2,0,0,0,0,0,0,0,0,0
100232244,13142,0,2,0,0,0,0,0,0,0,0,0
100239468,13143,0,2,0,0,0,0,0,0,0,0,0
100246692,13144,0,2,0,0,0,0,0,0,0,0,0
100253916,13145,0,2,0,0,0,0,0,0,0,0,0
100261140,13146,0,2,0,0,0,0,0,0,0,0,0
100268364,13147,0,2,0,0,0,0,0,0,0,0,0
100275588,13148,0,2,0,0,0,0,0,0,0,0,0
100282812,13149,0,2,0,0,0,0,0,0,0,0,0
100290036,13150,0,2,0,0,0,0,0,0,0,0,0
100297261,13151,0,2,0,0,0,0,0,0,0,0,0
100304484,13152,0,2,0,0,0,0,0,0,0,0,0
100311708,13153,0,2,0,0,0,0,0,0,0,0,0
100318932,13154,0,2,0,0,0,0,0,0,0,0,0
100326156,13155,0,2,0,0,0,0,0,0,0,0,0
100333380,13156,0,2,0,0,0,0,0,0,0,0,0
100340604,13157,0,2,0,0,0,0,0,0,0,0,0
100347828,13158,0,2,0,0,0,0,0,0,0,0,0
100355052,13159,0,2,0,0,0,0,0,0,0,0,0
100362276,13160,0,2,0,0,0,0,0,0,0,0,0
100369501,13161,0,2,0,0,0,0,0,0,0,0,0
100376724,13162,0,2,0,0,0,0,0,0,0,0,0
100383948,13163,0,2,0,0,0,0,0,0,0,0,0
100391172,13164,0,2,0,0,0,0,0,0,0,0,0
100398396,13165,0,2,0,0,0,0,0,0,0,0,0
100405620,13166,0,2,0,0,0,0,0,0,0,0,0
100417286,13167,0,2,0,0,0,0,0,0,0,0,0
100424498,13168,0,2,0,0,0,0,0,0,0,0,0
100431722,13169,0,2,0,0,0,0,0,0,0,0,0
100438946,13170,0,2,0,0,0,0,0,0,0,0,0
100446171,13171,0,2,0,0,0,0,0,0,0,0,0
100453394,13172,0,2,0,0,0,0,0,0,0,0,0
100460618,13173,0,2,0,0,0,0,0,0,0,0,0
100467842,13174,0,2,0,0,0,0,0,0,0,0,0
100475066,13175,0,2,0,0,0,0,0,0,0,0,0
100482290,13176,0,2,0,0,0,0,0,0,0,0,0
100489514,13177,0,2,0,0,0,0,0,0,0,0,0
100496738,13178,0,2,0,0,0,0,0,0,0,0,0
100503962,13179,0,2,0,0,0,0,0,0,0,0,0
100511186,13180,0,2,0,0,0,0,0,0,0,0,0
100518411,13181,0,2,0,0,0,0,0,0,0,0,0
100525634,13182,0,2,0,0,0,0,0,0,0,0,0
100532858,13183,0,2,0,0,0,0,0,0,0,0,0
100540083,13184,0,2,0,0,0,0,0,0,0,0,0
100547307,13185,0,2,0,0,0,0,0,0,0,0,0
100554530,13186,0,2,0,0,0,0,0,0,0,0,0
100561754,13187,0,2,0,0,0,0,0,0,0,0,0
100568978,13188,0,2,0,0,0,0,0,0,0,0,0
100576202,13189,0,2,0,0,0,0,0,0,0,0,0
100583426,13190,0,2,0,0,0,0,0,0,0,0,0
100590651,13191,0,2,0,0,0,0,0,0,0,0,0
100597874,13192,0,2,0,0,0,0,0,0,0,0,0
100605098,13193,0,2,0,0,0,0,0,0,0,0,0
100612322,13194,0,2,0,0,0,0,0,0,0,0,0
100619546,13195,0,2,0,0,0,0,0,0,0,0,0
100626770,13196,0,2,0,0,0,0,0,0,0,0,0
100633994,13197,0,2,0,0,0,0,0,0,0,0,0
100641218,13198,0,2,0,0,0,0,0,0,0,0,0
100648442,13199,0,2,0,0,0,0,0,0,0,0,0
100655666,13200,0,2,0,0,0,0,0,0,0,0,0
100662891,13201,0,2,0,0,0,0,0,0,0,0,0
100670114,13202,0,2,0,0,0,0,0,0,0,0,0
100677338,13203,0,2,0,0,0,0,0,0,0,0,0
100684562,13204,0,2,0,0,0,0,0,0,0,0,0
100691786,13205,0,2,0,0,0,0,0,0,0,0,0
100699010,13206,0,2,0,0,0,0,0,0,0,0,0
100706234,13207,0,2,0,0,0,0,0,0,0,0,0
100713458,13208,0,2,0,0,0,0,0,0,0,0,0
100720682,13209,0,2,0,0,0,0,0,0,0,0,0
100727906,13210,0,2,0,0,0,0,0,0,0,0,0
100735131,13211,0,2,0,0,0,0,0,0,0,0,0
100742354,13212,0,2,0,0,0,0,0,0,0,0,0
100749578,13213,0,2,0,0,0,0,0,0,0,0,0
100756802,13214,0,2,0,0,0,0,0,0,0,0,0
100764026,13215,0,2,0,0,0,0,0,0,0,0,0
100771250,13216,0,2,0,0,0,0,0,0,0,0,0
100778474,13217,0,2,0,0,0,0,0,0,0,0,0
100785698,13218,0,2,0,0,0,0,0,0,0,0,0
100792922,13219,0,2,0,0,0,0,0,0,0,0,0
100800146,13220,0,2,0,0,0,0,0,0,0,0,0
100807371,13221,0,2,0,0,0,0,0,0,0,0,0
100814594,13222,0,2,0,0,0,0,0,0,0,0,0
100821818,13223,0,2,0,0,0,0,0,0,0,0,0
100829043,13224,0,2,0,0,0,0,0,0,0,0,0
100836266,13225,0,2,0,0,0,0,0,0,0,0,0
100843490,13226,0,2,0,0,0,0,0,0,0,0,0
100850714,13227,0,2,0,0,0,0,0,0,0,0,0
100857938,13228,0,2,0,0,0,0,0,0,0,0,0
100865162,13229,0,2,0,0,0,0,0,0,0,0,0
100872386,13230,0,2,0,0,0,0,0,0,0,0,0
100879611,13231,0,2,0,0,0,0,0,0,0,0,0
100886834,13232,0,2,0,0,0,0,0,0,0,0,0
100894058,13233,0,2,0,0,0,0,0,0,0,0,0
100901282,13234,0,2,0,0,0,0,0,0,0,0,0
100908506,13235,0,2,0,0,0,0,0,0,0,0,0
100915730,13236,0,2,0,0,0,0,0,0,0,0,0
100922954,13237,0,2,0,0,0,0,0,0,0,0,0
100930178,13238,0,2,0,0,0,0,0,0,0,0,0
100937402,13239,0,2,0,0,0,0,0,0,0,0,0
100944626,13240,0,2,0,0,0,0,0,0,0,0,0
100951851,13241,0,2,0,0,0,0,0,0,0,0,0
100959074,13242,0,2,0,0,0,0,0,0,0,0,0
100966298,13243,0,2,0,0,0,0,0,0,0,0,0
100973522,13244,0,2,0,0,0,0,0,0,0,0,0
100980746,13245,0,2,0,0,0,0,0,0,0,0,0
100987970,13246,0,2,0,0,0,0,0,0,0,0,0
100995194,13247,0,2,0,0,0,0,0,0,0,0,0
101002418,13248,0,2,0,0,0,0,0,0,0,0,0
101009642,13249,0,2,0,0,0,0,0,0,0,0,0
101016866,13250,0,2,0,0,0,0,0,0,0,0,0
101024091,13251,0,2,0,0,0,0,0,0,0,0,0
101031314,13252,0,2,0,0,0,0,0,0,0,0,0
101038538,13253,0,2,0,0,0,0,0,0,0,0,0
101045762,13254,0,2,0,0,0,0,0,0,0,0,0
101052986,13255,0,2,0,0,0,0,0,0,0,0,0
101060210,13256,0,2,0,0,0,0,0,0,0,0,0
101067434,13257,0,2,0,0,0,0,0,0,0,0,0
101074658,13258,0,2,0,0,0,0,0,0,0,0,0
101081882,13259,0,2,0,0,0,0,0,0,0,0,0
101089106,13260,0,2,0,0,0,0,0,0,0,0,0
101096331,13261,0,2,0,0,0,0,0,0,0,0,0
101103554,13262,0,2,0,0,0,0,0,0,0,0,0
101110778,13263,0,2,0,0,0,0,0,0,0,0,0
101118003,13264,0,2,0,0,0,0,0,0,0,0,0
101125227,13265,0,2,0,0,0,0,0,0,0,0,0
101132450,13266,0,2,0,0,0,0,0,0,0,0,0
101139674,13267,0,2,0,0,0,0,0,0,0,0,0
101146898,13268,0,2,0,0,0,0,0,0,0,0,0
101154122,13269,0,2,0,0,0,0,0,0,0,0,0
101161346,13270,0,2,0,0,0,0,0,0,0,0,0
101168571,13271,0,2,0,0,0,0,0,0,0,0,0
101175794,13272,0,2,0,0,0,0,0,0,0,0,0
101183018,13273,0,2,0,0,0,0,0,0,0,0,0
101190242,13274,0,2,0,0,0,0,0,0,0,0,0
101197466,13275,0,2,0,0,0,0,0,0,0,0,0
101204690,13276,0,2,0,0,0,0,0,0,0,0,0
101211914,13277,0,2,0,0,0,0,0,0,0,0,0
101219138,13278,0,2,0,0,0,0,0,0,0,0,0
101226362,13279,0,2,0,0,0,0,0,0,0,0,0
101233586,13280,0,2,0,0,0,0,0,0,0,0,0
101240811,13281,0,2,0,0,0,0,0,0,0,0,0
101248035,13282,0,2,0,0,0,0,0,0,0,0,0
101255258,13283,0,2,0,0,0,0,0,0,0,0,0
101262482,13284,0,2,0,0,0,0,0,0,0,0,0
101269706,13285,0,2,0,0,0,0,0,0,0,0,0
101276930,13286,0,2,0,0,0,0,0,0,0,0,0
101284154,13287,0,2,0,0,0,0,0,0,0,0,0
101291378,13288,0,2,0,0,0,0,0,0,0,0,0
101298602,13289,0,2,0,0,0,0,0,0,0,0,0
101305826,13290,0,2,0,0,0,0,0,0,0,0,0
101313051,13291,0,2,0,0,0,0,0,0,0,0,0
101320274,13292,0,2,0,0,0,0,0,0,0,0,0
101327498,13293,0,2,0,0,0,0,0,0,0,0,0
101334722,13294,0,2,0,0,0,0,0,0,0,0,0
101341946,13295,0,2,0,0,0,0,0,0,0,0,0
101349170,13296,0,2,0,0,0,0,0,0,0,0,0
101356394,13297,0,2,0,0,0,0,0,0,0,0,0
101363618,13298,0,2,0,0,0,0,0,0,0,0,0
101370842,13299,0,2,0,0,0,0,0,0,0,0,0
101378066,13300,0,2,0,0,0,0,0,0,0,0,0
101385291,13301,0,2,0,0,0,0,0,0,0,0,0
101392514,13302,0,2,0,0,0,0,0,0,0,0,0
101399738,13303,0,2,0,0,0,0,0,0,0,0,0
101406962,13304,0,2,0,0,0,0,0,0,0,0,0
101414186,13305,0,2,0,0,0,0,0,0,0,0,0
101421410,13306,0,2,0,0,0,0,0,0,0,0,0
101428634,13307,0,2,0,0,0,0,0,0,0,0,0
101435858,13308,0,2,0,0,0,0,0,0,0,0,0
101443082,13309,0,2,0,0,0,0,0,0,0,0,0
101450306,13310,0,2,0,0,0,0,0,0,0,0,0
101457531,13311,0,2,0,0,0,0,0,0,0,0,0
101464754,13312,0,2,0,0,0,0,0,0,0,0,0
101471978,13313,0,2,0,0,0,0,0,0,0,0,0
101479202,13314,0,2,0,0,0,0,0,0,0,0,0
101486426,13315,0,2,0,0,0,0,0,0,0,0,0
101493650,13316,0,2,0,0,0,0,0,0,0,0,0
101500874,13317,0,2,0,0,0,0,0,0,0,0,0
101508098,13318,0,2,0,0,0,0,0,0,0,0,0
101515322,13319,0,2,0,0,0,0,0,0,0,0,0
101522546,13320,0,2,0,0,0,0,0,0,0,0,0
101529771,13321,0,2,0,0,0,0,0,0,0,0,0
101536994,13322,0,2,0,0,0,0,0,0,0,0,0
101544218,13323,0,2,0,0,0,0,0,0,0,0,0
101551442,13324,0,2,0,0,0,0,0,0,0,0,0
101558666,13325,0,2,0,0,0,0,0,0,0,0,0
101565890,13326,0,2,0,0,0,0,0,0,0,0,0
101573114,13327,0,2,0,0,0,0,0,0,0,0,0
101580338,13328,0,2,0,0,0,0,0,0,0,0,0
101587562,13329,0,2,0,0,0,0,0,0,0,0,0
101594786,13330,0,2,0,0,0,0,0,0,0,0,0
101602011,13331,0,2,0,0,0,0,0,0,0,0,0
101609234,13332,0,2,0,0,0,0,0,0,0,0,0
101616458,13333,0,2,0,0,0,0,0,0,0,0,0
101623682,13334,0,2,0,0,0,0,0,0,0,0,0
101630906,13335,0,2,0,0,0,0,0,0,0,0,0
101638130,13336,0,2,0,0,0,0,0,0,0,0,0
101645354,13337,0,2,0,0,0,0,0,0,0,0,0
101652578,13338,0,2,0,0,0,0,0,0,0,0,0
101659802,13339,0,2,0,0,0,0,0,0,0,0,0
101667026,13340,0,2,0,0,0,0,0,0,0,0,0
101674251,13341,0,2,0,0,0,0,0,0,0,0,0
101681474,13342,0,2,0,0,0,0,0,0,0,0,0
101688698,13343,0,2,0,0,0,0,0,0,0,0,0
101695922,13344,0,2,0,0,0,0,0,0,0,0,0
101703146,13345,0,2,0,0,0,0,0,0,0,0,0
101710370,13346,0,2,0,0,0,0,0,0,0,0,0
101717594,13347,0,2,0,0,0,0,0,0,0,0,0
101724818,13348,0,2,0,0,0,0,0,0,0,0,0
101732043,13349,0,2,0,0,0,0,0,0,0,0,0
101739266,13350,0,2,0,0,0,0,0,0,0,0,0
101746491,13351,0,2,0,0,0,0,0,0,0,0,0
101753714,13352,0,2,0,0,0,0,0,0,0,0,0
101760938,13353,0,2,0,0,0,0,0,0,0,0,0
101768162,13354,0,2,0,0,0,0,0,0,0,0,0
101775386,13355,0,2,0,0,0,0,0,0,0,0,0
101782610,13356,0,2,0,0,0,0,0,0,0,0,0
101789834,13357,0,2,0,0,0,0,0,0,0,0,0
101797058,13358,0,2,0,0,0,0,0,0,0,0,0
101804282,13359,0,2,0,0,0,0,0,0,0,0,0
101811506,13360,0,2,0,0,0,0,0,0,0,0,0
101818731,13361,0,2,0,0,0,0,0,0,0,0,0
101825954,13362,0,2,0,0,0,0,0,0,0,0,0
101833178,13363,0,2,0,0,0,0,0,0,0,0,0
101840402,13364,0,2,0,0,0,0,0,0,0,0,0
101847626,13365,0,2,0,0,0,0,0,0,0,0,0
101854850,13366,0,2,0,0,0,0,0,0,0,0,0
101862074,13367,0,2,0,0,0,0,0,0,0,0,0
101869298,13368,0,2,0,0,0,0,0,0,0,0,0
101876522,13369,0,2,0,0,0,0,0,0,0,0,0
101883746,13370,0,2,0,0,0,0,0,0,0,0,0
101890971,13371,0,2,0,0,0,0,0,0,0,0,0
101898194,13372,0,2,0,0,0,0,0,0,0,0,0
101905418,13373,0,2,0,0,0,0,0,0,0,0,0
101912642,13374,0,2,0,0,0,0,0,0,0,0,0
101919866,13375,0,2,0,0,0,0,0,0,0,0,0
101927090,13376,0,2,0,0,0,0,0,0,0,0,0
101934314,13377,0,2,0,0,0,0,0,0,0,0,0
101941538,13378,0,2,0,0,0,0,0,0,0,0,0
101948762,13379,0,2,0,0,0,0,0,0,0,0,0
101955986,13380,0,2,0,0,0,0,0,0,0,0,0
101963211,13381,0,2,0,0,0,0,0,0,0,0,0
101970434,13382,0,2,0,0,0,0,0,0,0,0,0
101977658,13383,0,2,0,0,0,0,0,0,0,0,0
101984882,13384,0,2,0,0,0,0,0,0,0,0,0
101992106,13385,0,2,0,0,0,0,0,0,0,0,0
101999330,13386,0,2,0,0,0,0,0,0,0,0,0
102006554,13387,0,2,0,0,0,0,0,0,0,0,0
102013778,13388,0,2,0,0,0,0,0,0,0,0,0
102021002,13389,0,2,0,0,0,0,0,0,0,0,0
102028226,13390,0,2,0,0,0,0,0,0,0,0,0
102035451,13391,0,2,0,0,0,0,0,0,0,0,0
102042674,13392,0,2,0,0,0,0,0,0,0,0,0
102049898,13393,0,2,0,0,0,0,0,0,0,0,0
102063496,13394,0,2,0,0,0,0,0,0,0,0,0
102070708,13395,0,2,0,0,0,0,0,0,0,0,0
102077932,13396,0,2,0,0,0,0,0,0,0,0,0
102085156,13397,0,2,0,0,0,0,0,0,0,0,0
102092380,13398,0,2,0,0,0,0,0,0,0,0,0
102099604,13399,0,2,0,0,0,0,0,0,0,0,0
102106828,13400,0,2,0,0,0,0,0,0,0,0,0
102114053,13401,0,2,0,0,0,0,0,0,0,0,0
102121276,13402,0,2,0,0,0,0,0,0,0,0,0
102128500,13403,0,2,0,0,0,0,0,0,0,0,0
102135724,13404,0,2,0,0,0,0,0,0,0,0,0
102142948,13405,0,2,0,0,0,0,0,0,0,0,0
102150172,13406,0,2,0,0,0,0,0,0,0,0,0
102157396,13407,0,2,0,0,0,0,0,0,0,0,0
102164620,13408,0,2,0,0,0,0,0,0,0,0,0
102171844,13409,0,2,0,0,0,0,0,0,0,0,0
102179068,13410,0,2,0,0,0,0,0,0,0,0,0
102186293,13411,0,2,0,0,0,0,0,0,0,0,0
102193516,13412,0,2,0,0,0,0,0,0,0,0,0
102200740,13413,0,2,0,0,0,0,0,0,0,0,0
102207964,13414,0,2,0,0,0,0,0,0,0,0,0
102215188,13415,0,2,0,0,0,0,0,0,0,0,0
102222412,13416,0,2,0,0,0,0,0,0,0,0,0
102229636,13417,0,2,0,0,0,0,0,0,0,0,0
102236860,13418,0,2,0,0,0,0,0,0,0,0,0
102244084,13419,0,2,0,0,0,0,0,0,0,0,0
102251308,13420,0,2,0,0,0,0,0,0,0,0,0
102258533,13421,0,2,0,0,0,0,0,0,0,0,0
102265756,13422,0,2,0,0,0,0,0,0,0,0,0
102272980,13423,0,2,0,0,0,0,0,0,0,0,0
102280204,13424,0,2,0,0,0,0,0,0,0,0,0
102287428,13425,0,2,0,0,0,0,0,0,0,0,0
102294652,13426,0,2,0,0,0,0,0,0,0,0,0
102301876,13427,0,2,0,0,0,0,0,0,0,0,0
102309100,13428,0,2,0,0,0,0,0,0,0,0,0
102316324,13429,0,2,0,0,0,0,0,0,0,0,0
102323548,13430,0,2,0,0,0,0,0,0,0,0,0
102330773,13431,0,2,0,0,0,0,0,0,0,0,0
102337996,13432,0,2,0,0,0,0,0,0,0,0,0
102345220,13433,0,2,0,0,0,0,0,0,0,0,0
102352444,13434,0,2,0,0,0,0,0,0,0,0,0
102359668,13435,0,2,0,0,0,0,0,0,0,0,0
102366892,13436,0,2,0,0,0,0,0,0,0,0,0
102374116,13437,0,2,0,0,0,0,0,0,0,0,0
102381340,13438,0,2,0,0,0,0,0,0,0,0,0
102388564,13439,0,2,0,0,0,0,0,0,0,0,0
102395788,13440,0,2,0,0,0,0,0,0,0,0,0
102403013,13441,0,2,0,0,0,0,0,0,0,0,0
102410236,13442,0,2,0,0,0,0,0,0,0,0,0
102417460,13443,0,2,0,0,0,0,0,0,0,0,0
102424684,13444,0,2,0,0,0,0,0,0,0,0,0
102431908,13445,0,2,0,0,0,0,0,0,0,0,0
102439132,13446,0,2,0,0,0,0,0,0,0,0,0
102446356,13447,0,2,0,0,0,0,0,0,0,0,0
102453580,13448,0,2,0,0,0,0,0,0,0,0,0
102460804,13449,0,2,0,0,0,0,0,0,0,0,0
102468029,13450,0,2,0,0,0,0,0,0,0,0,0
102475253,13451,0,2,0,0,0,0,0,0,0,0,0
102482476,13452,0,2,0,0,0,0,0,0,0,0,0
102489700,13453,0,2,0,0,0,0,0,0,0,0,0
102496924,13454,0,2,0,0,0,0,0,0,0,0,0
102504148,13455,0,2,0,0,0,0,0,0,0,0,0
102511372,13456,0,2,0,0,0,0,0,0,0,0,0
102518596,13457,0,2,0,0,0,0,0,0,0,0,0
102525820,13458,0,2,0,0,0,0,0,0,0,0,0
102533045,13459,0,2,0,0,0,0,0,0,0,0,0
102540268,13460,0,2,0,0,0,0,0,0,0,0,0
102547493,13461,0,2,0,0,0,0,0,0,0,0,0
102554716,13462,0,2,0,0,0,0,0,0,0,0,0
102561940,13463,0,2,0,0,0,0,0,0,0,0,0
102569164,13464,0,2,0,0,0,0,0,0,0,0,0
102576388,13465,0,2,0,0,0,0,0,0,0,0,0
102583612,13466,0,2,0,0,0,0,0,0,0,0,0
102590836,13467,0,2,0,0,0,0,0,0,0,0,0
102598061,13468,0,2,0,0,0,0,0,0,0,0,0
102605284,13469,0,2,0,0,0,0,0,0,0,0,0
102612508,13470,0,2,0,0,0,0,0,0,0,0,0
102619733,13471,0,2,0,0,0,0,0,0,0,0,0
102626956,13472,0,2,0,0,0,0,0,0,0,0,0
102634180,13473,0,2,0,0,0,0,0,0,0,0,0
102641404,13474,0,2,0,0,0,0,0,0,0,0,0
102648628,13475,0,2,0,0,0,0,0,0,0,0,0
102655852,13476,0,2,0,0,0,0,0,0,0,0,0
102663076,13477,0,2,0,0,0,0,0,0,0,0,0
102670300,13478,0,2,0,0,0,0,0,0,0,0,0
102677524,13479,0,2,0,0,0,0,0,0,0,0,0
102684748,13480,0,2,0,0,0,0,0,0,0,0,0
102691973,13481,0,2,0,0,0,0,0,0,0,0,0
102699196,13482,0,2,0,0,0,0,0,0,0,0,0
102706420,13483,0,2,0,0,0,0,0,0,0,0,0
102713644,13484,0,2,0,0,0,0,0,0,0,0,0
102720868,13485,0,2,0,0,0,0,0,0,0,0,0
102728092,13486,0,2,0,0,0,0,0,0,0,0,0
102735316,13487,0,2,0,0,0,0,0,0,0,0,0
102742540,13488,0,2,0,0,0,0,0,0,0,0,0
102749764,13489,0,2,0,0,0,0,0,0,0,0,0
102756988,13490,0,2,0,0,0,0,0,0,0,0,0
102764213,13491,0,2,0,0,0,0,0,0,0,0,0
102771436,13492,0,2,0,0,0,0,0,0,0,0,0
102778660,13493,0,2,0,0,0,0,0,0,0,0,0
102785884,13494,0,2,0,0,0,0,0,0,0,0,0
102793108,13495,0,2,0,0,0,0,0,0,0,0,0
102800332,13496,0,2,0,0,0,0,0,0,0,0,0
102807556,13497,0,2,0,0,0,0,0,0,0,0,0
102814780,13498,0,2,0,0,0,0,0,0,0,0,0
102822005,13499,0,2,0,0,0,0,0,0,0,0,0
102829228,13500,0,2,0,0,0,0,0,0,0,0,0
102836453,13501,0,2,0,0,0,0,0,0,0,0,0
102843676,13502,0,2,0,0,0,0,0,0,0,0,0
102850900,13503,0,2,0,0,0,0,0,0,0,0,0
102858124,13504,0,2,0,0,0,0,0,0,0,0,0
102865348,13505,0,2,0,0,0,0,0,0,0,0,0
102872572,13506,0,2,0,0,0,0,0,0,0,0,0
102879796,13507,0,2,0,0,0,0,0,0,0,0,0
102887020,13508,0,2,0,0,0,0,0,0,0,0,0
102894244,13509,0,2,0,0,0,0,0,0,0,0,0
102901468,13510,0,2,0,0,0,0,0,0,0,0,0
102908693,13511,0,2,0,0,0,0,0,0,0,0,0
102915916,13512,0,2,0,0,0,0,0,0,0,0,0
102923140,13513,0,2,0,0,0,0,0,0,0,0,0
102930364,13514,0,2,0,0,0,0,0,0,0,0,0
102937588,13515,0,2,0,0,0,0,0,0,0,0,0
102944812,13516,0,2,0,0,0,0,0,0,0,0,0
102952036,13517,0,2,0,0,0,0,0,0,0,0,0
102959260,13518,0,2,0,0,0,0,0,0,0,0,0
102966484,13519,0,2,0,0,0,0,0,0,0,0,0
102973708,13520,0,2,0,0,0,0,0,0,0,0,0
102980933,13521,0,2,0,0,0,0,0,0,0,0,0
102988156,13522,0,2,0,0,0,0,0,0,0,0,0
102995380,13523,0,2,0,0,0,0,0,0,0,0,0
103002604,13524,0,2,0,0,0,0,0,0,0,0,0
103009828,13525,0,2,0,0,0,0,0,0,0,0,0
103017052,13526,0,2,0,0,0,0,0,0,0,0,0
103024276,13527,0,2,0,0,0,0,0,0,0,0,0
103031500,13528,0,2,0,0,0,0,0,0,0,0,0
103038724,13529,0,2,0,0,0,0,0,0,0,0,0
103045948,13530,0,2,0,0,0,0,0,0,0,0,0
103053173,13531,0,2,0,0,0,0,0,0,0,0,0
103060396,13532,0,2,0,0,0,0,0,0,0,0,0
103067620,13533,0,2,0,0,0,0,0,0,0,0,0
103074844,13534,0,2,0,0,0,0,0,0,0,0,0
103082068,13535,0,2,0,0,0,0,0,0,0,0,0
103089292,13536,0,2,0,0,0,0,0,0,0,0,0
103096516,13537,0,2,0,0,0,0,0,0,0,0,0
103103740,13538,0,2,0,0,0,0,0,0,0,0,0
103110964,13539,0,2,0,0,0,0,0,0,0,0,0
103118188,13540,0,2,0,0,0,0,0,0,0,0,0
103125413,13541,0,2,0,0,0,0,0,0,0,0,0
103132636,13542,0,2,0,0,0,0,0,0,0,0,0
103139860,13543,0,2,0,0,0,0,0,0,0,0,0
103147084,13544,0,2,0,0,0,0,0,0,0,0,0
103154308,13545,0,2,0,0,0,0,0,0,0,0,0
103161532,13546,0,2,0,0,0,0,0,0,0,0,0
103168756,13547,0,2,0,0,0,0,0,0,0,0,0
103175980,13548,0,2,0,0,0,0,0,0,0,0,0
103183204,13549,0,2,0,0,0,0,0,0,0,0,0
103190428,13550,0,2,0,0,0,0,0,0,0,0,0
103197653,13551,0,2,0,0,0,0,0,0,0,0,0
103204876,13552,0,2,0,0,0,0,0,0,0,0,0
103212100,13553,0,2,0,0,0,0,0,0,0,0,0
103219324,13554,0,2,0,0,0,0,0,0,0,0,0
103226548,13555,0,2,0,0,0,0,0,0,0,0,0
103233772,13556,0,2,0,0,0,0,0,0,0,0,0
103240996,13557,0,2,0,0,0,0,0,0,0,0,0
103248220,13558,0,2,0,0,0,0,0,0,0,0,0
103255444,13559,0,2,0,0,0,0,0,0,0,0,0
103262668,13560,0,2,0,0,0,0,0,0,0,0,0
103269893,13561,0,2,0,0,0,0,0,0,0,0,0
103277117,13562,0,2,0,0,0,0,0,0,0,0,0
103284340,13563,0,2,0,0,0,0,0,0,0,0,0
103291564,13564,0,2,0,0,0,0,0,0,0,0,0
103298788,13565,0,2,0,0,0,0,0,0,0,0,0
103306012,13566,0,2,0,0,0,0,0,0,0,0,0
103313236,13567,0,2,0,0,0,0,0,0,0,0,0
103320460,13568,0,2,0,0,0,0,0,0,0,0,0
103327684,13569,0,2,0,0,0,0,0,0,0,0,0
103334908,13570,0,2,0,0,0,0,0,0,0,0,0
103342133,13571,0,2,0,0,0,0,0,0,0,0,0
103349356,13572,0,2,0,0,0,0,0,0,0,0,0
103356580,13573,0,2,0,0,0,0,0,0,0,0,0
103363804,13574,0,2,0,0,0,0,0,0,0,0,0
103371028,13575,0,2,0,0,0,0,0,0,0,0,0
103378252,13576,0,2,0,0,0,0,0,0,0,0,0
103385476,13577,0,2,0,0,0,0,0,0,0,0,0
103392700,13578,0,2,0,0,0,0,0,0,0,0,0
103399924,13579,0,2,0,0,0,0,0,0,0,0,0
103407148,13580,0,2,0,0,0,0,0,0,0,0,0
103414373,13581,0,2,0,0,0,0,0,0,0,0,0
103421596,13582,0,2,0,0,0,0,0,0,0,0,0
103428820,13583,0,2,0,0,0,0,0,0,0,0,0
103436045,13584,0,2,0,0,0,0,0,0,0,0,0
103443268,13585,0,2,0,0,0,0,0,0,0,0,0
103450492,13586,0,2,0,0,0,0,0,0,0,0,0
103457716,13587,0,2,0,0,0,0,0,0,0,0,0
103464940,13588,0,2,0,0,0,0,0,0,0,0,0
103472164,13589,0,2,0,0,0,0,0,0,0,0,0
103479388,13590,0,2,0,0,0,0,0,0,0,0,0
103486613,13591,0,2,0,0,0,0,0,0,0,0,0
103493836,13592,0,2,0,0,0,0,0,0,0,0,0
103501061,13593,0,2,0,0,0,0,0,0,0,0,0
103508284,13594,0,2,0,0,0,0,0,0,0,0,0
103515508,13595,0,2,0,0,0,0,0,0,0,0,0
103522732,13596,0,2,0,0,0,0,0,0,0,0,0
103529956,13597,0,2,0,0,0,0,0,0,0,0,0
103537180,13598,0,2,0,0,0,0,0,0,0,0,0
103544404,13599,0,2,0,0,0,0,0,0,0,0,0
103551628,13600,0,2,0,0,0,0,0,0,0,0,0
103558853,13601,0,2,0,0,0,0,0,0,0,0,0
103566076,13602,0,2,0,0,0,0,0,0,0,0,0
103573300,13603,0,2,0,0,0,0,0,0,0,0,0
103580524,13604,0,2,0,0,0,0,0,0,0,0,0
103587748,13605,0,2,0,0,0,0,0,0,0,0,0
103594972,13606,0,2,0,0,0,0,0,0,0,0,0
103602196,13607,0,2,0,0,0,0,0,0,0,0,0
103609420,13608,0,2,0,0,0,0,0,0,0,0,0
103616644,13609,0,2,0,0,0,0,0,0,0,0,0
103623868,13610,0,2,0,0,0,0,0,0,0,0,0
103631093,13611,0,2,0,0,0,0,0,0,0,0,0
103638316,13612,0,2,0,0,0,0,0,0,0,0,0
103645540,13613,0,2,0,0,0,0,0,0,0,0,0
103652764,13614,0,2,0,0,0,0,0,0,0,0,0
103659988,13615,0,2,0,0,0,0,0,0,0,0,0
103667212,13616,0,2,0,0,0,0,0,0,0,0,0
103674436,13617,0,2,0,0,0,0,0,0,0,0,0
103681660,13618,0,2,0,0,0,0,0,0,0,0,0
103688884,13619,0,2,0,0,0,0,0,0,0,0,0
103696108,13620,0,2,0,0,0,0,0,0,0,0,0
103708194,13621,0,2,0,0,0,0,0,0,0,0,0
103715406,13622,0,2,0,0,0,0,0,0,0,0,0
103722630,13623,0,2,0,0,0,0,0,0,0,0,0
103729854,13624,0,2,0,0,0,0,0,0,0,0,0
103737078,13625,0,2,0,0,0,0,0,0,0,0,0
103744302,13626,0,2,0,0,0,0,0,0,0,0,0
103751526,13627,0,2,0,0,0,0,0,0,0,0,0
103758750,13628,0,2,0,0,0,0,0,0,0,0,0
103765974,13629,0,2,0,0,0,0,0,0,0,0,0
103773198,13630,0,2,0,0,0,0,0,0,0,0,0
103780423,13631,0,2,0,0,0,0,0,0,0,0,0
103787646,13632,0,2,0,0,0,0,0,0,0,0,0
103794870,13633,0,2,0,0,0,0,0,0,0,0,0
103802094,13634,0,2,0,0,0,0,0,0,0,0,0
103809318,13635,0,2,0,0,0,0,0,0,0,0,0
103816542,13636,0,2,0,0,0,0,0,0,0,0,0
103823766,13637,0,2,0,0,0,0,0,0,0,0,0
103830990,13638,0,2,0,0,0,0,0,0,0,0,0
103838214,13639,0,2,0,0,0,0,0,0,0,0,0
103845438,13640,0,2,0,0,0,0,0,0,0,0,0
103852663,13641,0,2,0,0,0,0,0,0,0,0,0
103859886,13642,0,2,0,0,0,0,0,0,0,0,0
103867110,13643,0,2,0,0,0,0,0,0,0,0,0
103874334,13644,0,2,0,0,0,0,0,0,0,0,0
103881558,13645,0,2,0,0,0,0,0,0,0,0,0
103888782,13646,0,2,0,0,0,0,0,0,0,0,0
103896006,13647,0,2,0,0,0,0,0,0,0,0,0
103903230,13648,0,2,0,0,0,0,0,0,0,0,0
103910454,13649,0,2,0,0,0,0,0,0,0,0,0
103917678,13650,0,2,0,0,0,0,0,0,0,0,0
103924903,13651,0,2,0,0,0,0,0,0,0,0,0
103932126,13652,0,2,0,0,0,0,0,0,0,0,0
103939350,13653,0,2,0,0,0,0,0,0,0,0,0
103946574,13654,0,2,0,0,0,0,0,0,0,0,0
103953798,13655,0,2,0,0,0,0,0,0,0,0,0
103961022,13656,0,2,0,0,0,0,0,0,0,0,0
103968246,13657,0,2,0,0,0,0,0,0,0,0,0
103975470,13658,0,2,0,0,0,0,0,0,0,0,0
103982694,13659,0,2,0,0,0,0,0,0,0,0,0
103989918,13660,0,2,0,0,0,0,0,0,0,0,0
103997143,13661,0,2,0,0,0,0,0,0,0,0,0
104004366,13662,0,2,0,0,0,0,0,0,0,0,0
104011590,13663,0,2,0,0,0,0,0,0,0,0,0
104018814,13664,0,2,0,0,0,0,0,0,0,0,0
104026038,13665,0,2,0,0,0,0,0,0,0,0,0
104033262,13666,0,2,0,0,0,0,0,0,0,0,0
104040486,13667,0,2,0,0,0,0,0,0,0,0,0
104047710,13668,0,2,0,0,0,0,0,0,0,0,0
104054934,13669,0,2,0,0,0,0,0,0,0,0,0
104062158,13670,0,2,0,0,0,0,0,0,0,0,0
104069383,13671,0,2,0,0,0,0,0,0,0,0,0
104076606,13672,0,2,0,0,0,0,0,0,0,0,0
104083830,13673,0,2,0,0,0,0,0,0,0,0,0
104091054,13674,0,2,0,0,0,0,0,0,0,0,0
104098278,13675,0,2,0,0,0,0,0,0,0,0,0
104105502,13676,0,2,0,0,0,0,0,0,0,0,0
104112726,13677,0,2,0,0,0,0,0,0,0,0,0
104119950,13678,0,2,0,0,0,0,0,0,0,0,0
104127174,13679,0,2,0,0,0,0,0,0,0,0,0
104134398,13680,0,2,0,0,0,0,0,0,0,0,0
104141623,13681,0,2,0,0,0,0,0,0,0,0,0
104148846,13682,0,2,0,0,0,0,0,0,0,0,0
104156071,13683,0,2,0,0,0,0,0,0,0,0,0
104163294,13684,0,2,0,0,0,0,0,0,0,0,0
104170518,13685,0,2,0,0,0,0,0,0,0,0,0
104177742,13686,0,2,0,0,0,0,0,0,0,0,0
104184966,13687,0,2,0,0,0,0,0,0,0,0,0
104192190,13688,0,2,0,0,0,0,0,0,0,0,0
104199414,13689,0,2,0,0,0,0,0,0,0,0,0
104206638,13690,0,2,0,0,0,0,0,0,0,0,0
104213863,13691,0,2,0,0,0,0,0,0,0,0,0
104221086,13692,0,2,0,0,0,0,0,0,0,0,0
104228310,13693,0,2,0,0,0,0,0,0,0,0,0
104235534,13694,0,2,0,0,0,0,0,0,0,0,0
104242758,13695,0,2,0,0,0,0,0,0,0,0,0
104249982,13696,0,2,0,0,0,0,0,0,0,0,0
104257206,13697,0,2,0,0,0,0,0,0,0,0,0
104264430,13698,0,2,0,0,0,0,0,0,0,0,0
104271654,13699,0,2,0,0,0,0,0,0,0,0,0
104278878,13700,0,2,0,0,0,0,0,0,0,0,0
104286103,13701,0,2,0,0,0,0,0,0,0,0,0
104293326,13702,0,2,0,0,0,0,0,0,0,0,0
104300550,13703,0,2,0,0,0,0,0,0,0,0,0
104307774,13704,0,2,0,0,0,0,0,0,0,0,0
104314998,13705,0,2,0,0,0,0,0,0,0,0,0
104322222,13706,0,2,0,0,0,0,0,0,0,0,0
104329446,13707,0,2,0,0,0,0,0,0,0,0,0
104336670,13708,0,2,0,0,0,0,0,0,0,0,0
104343894,13709,0,2,0,0,0,0,0,0,0,0,0
104351118,13710,0,2,0,0,0,0,0,0,0,0,0
104358343,13711,0,2,0,0,0,0,0,0,0,0,0
104365566,13712,0,2,0,0,0,0,0,0,0,0,0
104372790,13713,0,2,0,0,0,0,0,0,0,0,0
104380014,13714,0,2,0,0,0,0,0,0,0,0,0
104387238,13715,0,2,0,0,0,0,0,0,0,0,0
104394462,13716,0,2,0,0,0,0,0,0,0,0,0
104401686,13717,0,2,0,0,0,0,0,0,0,0,0
104408910,13718,0,2,0,0,0,0,0,0,0,0,0
104416134,13719,0,2,0,0,0,0,0,0,0,0,0
104423358,13720,0,2,0,0,0,0,0,0,0,0,0
104430583,13721,0,2,0,0,0,0,0,0,0,0,0
104437806,13722,0,2,0,0,0,0,0,0,0,0,0
104445030,13723,0,2,0,0,0,0,0,0,0,0,0
104452254,13724,0,2,0,0,0,0,0,0,0,0,0
104459478,13725,0,2,0,0,0,0,0,0,0,0,0
104466702,13726,0,2,0,0,0,0,0,0,0,0,0
104473926,13727,0,2,0,0,0,0,0,0,0,0,0
104481150,13728,0,2,0,0,0,0,0,0,0,0,0
104488374,13729,0,2,0,0,0,0,0,0,0,0,0
104495598,13730,0,2,0,0,0,0,0,0,0,0,0
104502823,13731,0,2,0,0,0,0,0,0,0,0,0
104510046,13732,0,2,0,0,0,0,0,0,0,0,0
104517270,13733,0,2,0,0,0,0,0,0,0,0,0
104524494,13734,0,2,0,0,0,0,0,0,0,0,0
104531718,13735,0,2,0,0,0,0,0,0,0,0,0
104538942,13736,0,2,0,0,0,0,0,0,0,0,0
104546166,13737,0,2,0,0,0,0,0,0,0,0,0
104553390,13738,0,2,0,0,0,0,0,0,0,0,0
104560614,13739,0,2,0,0,0,0,0,0,0,0,0
104567838,13740,0,2,0,0,0,0,0,0,0,0,0
104575063,13741,0,2,0,0,0,0,0,0,0,0,0
104582286,13742,0,2,0,0,0,0,0,0,0,0,0
104589510,13743,0,2,0,0,0,0,0,0,0,0,0
104596734,13744,0,2,0,0,0,0,0,0,0,0,0
104603958,13745,0,2,0,0,0,0,0,0,0,0,0
104611182,13746,0,2,0,0,0,0,0,0,0,0,0
104618406,13747,0,2,0,0,0,0,0,0,0,0,0
104625630,13748,0,2,0,0,0,0,0,0,0,0,0
104632854,13749,0,2,0,0,0,0,0,0,0,0,0
104640078,13750,0,2,0,0,0,0,0,0,0,0,0
104647303,13751,0,2,0,0,0,0,0,0,0,0,0
104654526,13752,0,2,0,0,0,0,0,0,0,0,0
104661750,13753,0,2,0,0,0,0,0,0,0,0,0
104668974,13754,0,2,0,0,0,0,0,0,0,0,0
104676198,13755,0,2,0,0,0,0,0,0,0,0,0
104683422,13756,0,2,0,0,0,0,0,0,0,0,0
104690646,13757,0,2,0,0,0,0,0,0,0,0,0
104697870,13758,0,2,0,0,0,0,0,0,0,0,0
104705094,13759,0,2,0,0,0,0,0,0,0,0,0
104712318,13760,0,2,0,0,0,0,0,0,0,0,0
104719543,13761,0,2,0,0,0,0,0,0,0,0,0
104726766,13762,0,2,0,0,0,0,0,0,0,0,0
104733990,13763,0,2,0,0,0,0,0,0,0,0,0
104741214,13764,0,2,0,0,0,0,0,0,0,0,0
104748438,13765,0,2,0,0,0,0,0,0,0,0,0
104755662,13766,0,2,0,0,0,0,0,0,0,0,0
104762886,13767,0,2,0,0,0,0,0,0,0,0,0
104770110,13768,0,2,0,0,0,0,0,0,0,0,0
104777334,13769,0,2,0,0,0,0,0,0,0,0,0
104784558,13770,0,2,0,0,0,0,0,0,0,0,0
104791783,13771,0,2,0,0,0,0,0,0,0,0,0
104799006,13772,0,2,0,0,0,0,0,0,0,0,0
104806230,13773,0,2,0,0,0,0,0,0,0,0,0
104813454,13774,0,2,0,0,0,0,0,0,0,0,0
104820678,13775,0,2,0,0,0,0,0,0,0,0,0
104827902,13776,0,2,0,0,0,0,0,0,0,0,0
104835126,13777,0,2,0,0,0,0,0,0,0,0,0
104842350,13778,0,2,0,0,0,0,0,0,0,0,0
104849574,13779,0,2,0,0,0,0,0,0,0,0,0
104856798,13780,0,2,0,0,0,0,0,0,0,0,0
104864023,13781,0,2,0,0,0,0,0,0,0,0,0
104871246,13782,0,2,0,0,0,0,0,0,0,0,0
104878470,13783,0,2,0,0,0,0,0,0,0,0,0
104885694,13784,0,2,0,0,0,0,0,0,0,0,0
104892918,13785,0,2,0,0,0,0,0,0,0,0,0
104900142,13786,0,2,0,0,0,0,0,0,0,0,0
104907366,13787,0,2,0,0,0,0,0,0,0,0,0
104914590,13788,0,2,0,0,0,0,0,0,0,0,0
104921814,13789,0,2,0,0,0,0,0,0,0,0,0
104929038,13790,0,2,0,0,0,0,0,0,0,0,0
104936263,13791,0,2,0,0,0,0,0,0,0,0,0
104943486,13792,0,2,0,0,0,0,0,0,0,0,0
104950710,13793,0,2,0,0,0,0,0,0,0,0,0
104957934,13794,0,2,0,0,0,0,0,0,0,0,0
104965158,13795,0,2,0,0,0,0,0,0,0,0,0
104972382,13796,0,2,0,0,0,0,0,0,0,0,0
104979606,13797,0,2,0,0,0,0,0,0,0,0,0
104986830,13798,0,2,0,0,0,0,0,0,0,0,0
104994054,13799,0,2,0,0,0,0,0,0,0,0,0
105001278,13800,0,2,0,0,0,0,0,0,0,0,0
105008503,13801,0,2,0,0,0,0,0,0,0,0,0
105015726,13802,0,2,0,0,0,0,0,0,0,0,0
105022950,13803,0,2,0,0,0,0,0,0,0,0,0
105030174,13804,0,2,0,0,0,0,0,0,0,0,0
105037398,13805,0,2,0,0,0,0,0,0,0,0,0
105044622,13806,0,2,0,0,0,0,0,0,0,0,0
105051846,13807,0,2,0,0,0,0,0,0,0,0,0
105059070,13808,0,2,0,0,0,0,0,0,0,0,0
105066294,13809,0,2,0,0,0,0,0,0,0,0,0
105073518,13810,0,2,0,0,0,0,0,0,0,0,0
105080743,13811,0,2,0,0,0,0,0,0,0,0,0
105087966,13812,0,2,0,0,0,0,0,0,0,0,0
105095190,13813,0,2,0,0,0,0,0,0,0,0,0
105102414,13814,0,2,0,0,0,0,0,0,0,0,0
105109638,13815,0,2,0,0,0,0,0,0,0,0,0
105116862,13816,0,2,0,0,0,0,0,0,0,0,0
105124086,13817,0,2,0,0,0,0,0,0,0,0,0
105131310,13818,0,2,0,0,0,0,0,0,0,0,0
105138534,13819,0,2,0,0,0,0,0,0,0,0,0
105145758,13820,0,2,0,0,0,0,0,0,0,0,0
105152983,13821,0,2,0,0,0,0,0,0,0,0,0
105160206,13822,0,2,0,0,0,0,0,0,0,0,0
105167430,13823,0,2,0,0,0,0,0,0,0,0,0
105174654,13824,0,2,0,0,0,0,0,0,0,0,0
105181878,13825,0,2,0,0,0,0,0,0,0,0,0
105189102,13826,0,2,0,0,0,0,0,0,0,0,0
105196326,13827,0,2,0,0,0,0,0,0,0,0,0
105203550,13828,0,2,0,0,0,0,0,0,0,0,0
105210774,13829,0,2,0,0,0,0,0,0,0,0,0
105217998,13830,0,2,0,0,0,0,0,0,0,0,0
105225223,13831,0,2,0,0,0,0,0,0,0,0,0
105232446,13832,0,2,0,0,0,0,0,0,0,0,0
105239670,13833,0,2,0,0,0,0,0,0,0,0,0
105246894,13834,0,2,0,0,0,0,0,0,0,0,0
105254118,13835,0,2,0,0,0,0,0,0,0,0,0
105261342,13836,0,2,0,0,0,0,0,0,0,0,0
105268566,13837,0,2,0,0,0,0,0,0,0,0,0
105275790,13838,0,2,0,0,0,0,0,0,0,0,0
105283014,13839,0,2,0,0,0,0,0,0,0,0,0
105290238,13840,0,2,0,0,0,0,0,0,0,0,0
105297463,13841,0,2,0,0,0,0,0,0,0,0,0
105304686,13842,0,2,0,0,0,0,0,0,0,0,0
105311910,13843,0,2,0,0,0,0,0,0,0,0,0
105319134,13844,0,2,0,0,0,0,0,0,0,0,0
105326358,13845,0,2,0,0,0,0,0,0,0,0,0
105333582,13846,0,2,0,0,0,0,0,0,0,0,0
105340806,13847,0,2,0,0,0,0,0,0,0,0,0
105354703,13848,0,2,0,0,0,0,0,0,0,0,0
105361915,13849,0,2,0,0,0,0,0,0,0,0,0
105369139,13850,0,2,0,0,0,0,0,0,0,0,0
105376364,13851,0,2,0,0,0,0,0,0,0,0,0
105383587,13852,0,2,0,0,0,0,0,0,0,0,0
105390811,13853,0,2,0,0,0,0,0,0,0,0,0
105398035,13854,0,2,0,0,0,0,0,0,0,0,0
105405259,13855,0,2,0,0,0,0,0,0,0,0,0
105412483,13856,0,2,0,0,0,0,0,0,0,0,0
105419707,13857,0,2,0,0,0,0,0,0,0,0,0
105426931,13858,0,2,0,0,0,0,0,0,0,0,0
105434155,13859,0,2,0,0,0,0,0,0,0,0,0
105441379,13860,0,2,0,0,0,0,0,0,0,0,0
105448604,13861,0,2,0,0,0,0,0,0,0,0,0
105455827,13862,0,2,0,0,0,0,0,0,0,0,0
105463051,13863,0,2,0,0,0,0,0,0,0,0,0
105470275,13864,0,2,0,0,0,0,0,0,0,0,0
105477499,13865,0,2,0,0,0,0,0,0,0,0,0
105484723,13866,0,2,0,0,0,0,0,0,0,0,0
105491947,13867,0,2,0,0,0,0,0,0,0,0,0
105499171,13868,0,2,0,0,0,0,0,0,0,0,0
105506395,13869,0,2,0,0,0,0,0,0,0,0,0
105513619,13870,0,2,0,0,0,0,0,0,0,0,0
105520844,13871,0,2,0,0,0,0,0,0,0,0,0
105528067,13872,0,2,0,0,0,0,0,0,0,0,0
105535291,13873,0,2,0,0,0,0,0,0,0,0,0
105542515,13874,0,2,0,0,0,0,0,0,0,0,0
105549739,13875,0,2,0,0,0,0,0,0,0,0,0
105556963,13876,0,2,0,0,0,0,0,0,0,0,0
105564187,13877,0,2,0,0,0,0,0,0,0,0,0
105571411,13878,0,2,0,0,0,0,0,0,0,0,0
105578635,13879,0,2,0,0,0,0,0,0,0,0,0
105585859,13880,0,2,0,0,0,0,0,0,0,0,0
105593084,13881,0,2,0,0,0,0,0,0,0,0,0
105600307,13882,0,2,0,0,0,0,0,0,0,0,0
105607531,13883,0,2,0,0,0,0,0,0,0,0,0
105614755,13884,0,2,0,0,0,0,0,0,0,0,0
105621979,13885,0,2,0,0,0,0,0,0,0,0,0
105629203,13886,0,2,0,0,0,0,0,0,0,0,0
105636427,13887,0,2,0,0,0,0,0,0,0,0,0
105643651,13888,0,2,0,0,0,0,0,0,0,0,0
105650875,13889,0,2,0,0,0,0,0,0,0,0,0
105658099,13890,0,2,0,0,0,0,0,0,0,0,0
105665324,13891,0,2,0,0,0,0,0,0,0,0,0
105672547,13892,0,2,0,0,0,0,0,0,0,0,0
105679771,13893,0,2,0,0,0,0,0,0,0,0,0
105686995,13894,0,2,0,0,0,0,0,0,0,0,0
105694219,13895,0,2,0,0,0,0,0,0,0,0,0
105701443,13896,0,2,0,0,0,0,0,0,0,0,0
105708667,13897,0,2,0,0,0,0,0,0,0,0,0
105715891,13898,0,2,0,0,0,0,0,0,0,0,0
105723115,13899,0,2,0,0,0,0,0,0,0,0,0
105730339,13900,0,2,0,0,0,0,0,0,0,0,0
105737564,13901,0,2,0,0,0,0,0,0,0,0,0
105744787,13902,0,2,0,0,0,0,0,0,0,0,0
105752011,13903,0,2,0,0,0,0,0,0,0,0,0
105759235,13904,0,2,0,0,0,0,0,0,0,0,0
105766459,13905,0,2,0,0,0,0,0,0,0,0,0
105773683,13906,0,2,0,0,0,0,0,0,0,0,0
105780907,13907,0,2,0,0,0,0,0,0,0,0,0
105788131,13908,0,2,0,0,0,0,0,0,0,0,0
105795355,13909,0,2,0,0,0,0,0,0,0,0,0
105802579,13910,0,2,0,0,0,0,0,0,0,0,0
105809804,13911,0,2,0,0,0,0,0,0,0,0,0
105817027,13912,0,2,0,0,0,0,0,0,0,0,0
105824251,13913,0,2,0,0,0,0,0,0,0,0,0
105831475,13914,0,2,0,0,0,0,0,0,0,0,0
105838699,13915,0,2,0,0,0,0,0,0,0,0,0
105845923,13916,0,2,0,0,0,0,0,0,0,0,0
105853147,13917,0,2,0,0,0,0,0,0,0,0,0
105860371,13918,0,2,0,0,0,0,0,0,0,0,0
105867595,13919,0,2,0,0,0,0,0,0,0,0,0
105874819,13920,0,2,0,0,0,0,0,0,0,0,0
105882044,13921,0,2,0,0,0,0,0,0,0,0,0
105889267,13922,0,2,0,0,0,0,0,0,0,0,0
105896491,13923,0,2,0,0,0,0,0,0,0,0,0
105903715,13924,0,2,0,0,0,0,0,0,0,0,0
105910939,13925,0,2,0,0,0,0,0,0,0,0,0
105918163,13926,0,2,0,0,0,0,0,0,0,0,0
105925387,13927,0,2,0,0,0,0,0,0,0,0,0
105932611,13928,0,2,0,0,0,0,0,0,0,0,0
105939835,13929,0,2,0,0,0,0,0,0,0,0,0
105947060,13930,0,2,0,0,0,0,0,0,0,0,0
105954284,13931,0,2,0,0,0,0,0,0,0,0,0
105961507,13932,0,2,0,0,0,0,0,0,0,0,0
105968731,13933,0,2,0,0,0,0,0,0,0,0,0
105975955,13934,0,2,0,0,0,0,0,0,0,0,0
105983179,13935,0,2,0,0,0,0,0,0,0,0,0
105990403,13936,0,2,0,0,0,0,0,0,0,0,0
105997627,13937,0,2,0,0,0,0,0,0,0,0,0
106004851,13938,0,2,0,0,0,0,0,0,0,0,0
106012075,13939,0,2,0,0,0,0,0,0,0,0,0
106019299,13940,0,2,0,0,0,0,0,0,0,0,0
106026524,13941,0,2,0,0,0,0,0,0,0,0,0
106033747,13942,0,2,0,0,0,0,0,0,0,0,0
106040971,13943,0,2,0,0,0,0,0,0,0,0,0
106048195,13944,0,2,0,0,0,0,0,0,0,0,0
106055419,13945,0,2,0,0,0,0,0,0,0,0,0
106062643,13946,0,2,0,0,0,0,0,0,0,0,0
106069867,13947,0,2,0,0,0,0,0,0,0,0,0
106077092,13948,0,2,0,0,0,0,0,0,0,0,0
106084315,13949,0,2,0,0,0,0,0,0,0,0,0
106091539,13950,0,2,0,0,0,0,0,0,0,0,0
106098764,13951,0,2,0,0,0,0,0,0,0,0,0
106105987,13952,0,2,0,0,0,0,0,0,0,0,0
106113211,13953,0,2,0,0,0,0,0,0,0,0,0
106120435,13954,0,2,0,0,0,0,0,0,0,0,0
106127659,13955,0,2,0,0,0,0,0,0,0,0,0
106134883,13956,0,2,0,0,0,0,0,0,0,0,0
106142107,13957,0,2,0,0,0,0,0,0,0,0,0
106149331,13958,0,2,0,0,0,0,0,0,0,0,0
106156555,13959,0,2,0,0,0,0,0,0,0,0,0
106163779,13960,0,2,0,0,0,0,0,0,0,0,0
106171004,13961,0,2,0,0,0,0,0,0,0,0,0
106178227,13962,0,2,0,0,0,0,0,0,0,0,0
106185451,13963,0,2,0,0,0,0,0,0,0,0,0
106192675,13964,0,2,0,0,0,0,0,0,0,0,0
106199899,13965,0,2,0,0,0,0,0,0,0,0,0
106207123,13966,0,2,0,0,0,0,0,0,0,0,0
106214347,13967,0,2,0,0,0,0,0,0,0,0,0
106221571,13968,0,2,0,0,0,0,0,0,0,0,0
106228795,13969,0,2,0,0,0,0,0,0,0,0,0
106236019,13970,0,2,0,0,0,0,0,0,0,0,0
106243244,13971,0,2,0,0,0,0,0,0,0,0,0
106250467,13972,0,2,0,0,0,0,0,0,0,0,0
106257691,13973,0,2,0,0,0,0,0,0,0,0,0
106264915,13974,0,2,0,0,0,0,0,0,0,0,0
106272139,13975,0,2,0,0,0,0,0,0,0,0,0
106279363,13976,0,2,0,0,0,0,0,0,0,0,0
106286587,13977,0,2,0,0,0,0,0,0,0,0,0
106293811,13978,0,2,0,0,0,0,0,0,0,0,0
106301035,13979,0,2,0,0,0,0,0,0,0,0,0
106308259,13980,0,2,0,0,0,0,0,0,0,0,0
106315484,13981,0,2,0,0,0,0,0,0,0,0,0
106322707,13982,0,2,0,0,0,0,0,0,0,0,0
106329931,13983,0,2,0,0,0,0,0,0,0,0,0
106337155,13984,0,2,0,0,0,0,0,0,0,0,0
106344379,13985,0,2,0,0,0,0,0,0,0,0,0
106351603,13986,0,2,0,0,0,0,0,0,0,0,0
106358827,13987,0,2,0,0,0,0,0,0,0,0,0
106366051,13988,0,2,0,0,0,0,0,0,0,0,0
106373275,13989,0,2,0,0,0,0,0,0,0,0,0
106380499,13990,0,2,0,0,0,0,0,0,0,0,0
106387724,13991,0,2,0,0,0,0,0,0,0,0,0
106394947,13992,0,2,0,0,0,0,0,0,0,0,0
106402171,13993,0,2,0,0,0,0,0,0,0,0,0
106409395,13994,0,2,0,0,0,0,0,0,0,0,0
106416619,13995,0,2,0,0,0,0,0,0,0,0,0
106423843,13996,0,2,0,0,0,0,0,0,0,0,0
106431067,13997,0,2,0,0,0,0,0,0,0,0,0
106438291,13998,0,2,0,0,0,0,0,0,0,0,0
106445515,13999,0,2,0,0,0,0,0,0,0,0,0
106452739,14000,0,2,0,0,0,0,0,0,0,0,0
106459964,14001,0,2,0,0,0,0,0,0,0,0,0
106467187,14002,0,2,0,0,0,0,0,0,0,0,0
106474411,14003,0,2,0,0,0,0,0,0,0,0,0
106481635,14004,0,2,0,0,0,0,0,0,0,0,0
106488859,14005,0,2,0,0,0,0,0,0,0,0,0
106496083,14006,0,2,0,0,0,0,0,0,0,0,0
106503307,14007,0,2,0,0,0,0,0,0,0,0,0
106510531,14008,0,2,0,0,0,0,0,0,0,0,0
106517755,14009,0,2,0,0,0,0,0,0,0,0,0
106524979,14010,0,2,0,0,0,0,0,0,0,0,0
106532204,14011,0,2,0,0,0,0,0,0,0,0,0
106539427,14012,0,2,0,0,0,0,0,0,0,0,0
106546651,14013,0,2,0,0,0,0,0,0,0,0,0
106553875,14014,0,2,0,0,0,0,0,0,0,0,0
106561099,14015,0,2,0,0,0,0,0,0,0,0,0
106568323,14016,0,2,0,0,0,0,0,0,0,0,0
106575547,14017,0,2,0,0,0,0,0,0,0,0,0
106582771,14018,0,2,0,0,0,0,0,0,0,0,0
106589995,14019,0,2,0,0,0,0,0,0,0,0,0
106597219,14020,0,2,0,0,0,0,0,0,0,0,0
106604444,14021,0,2,0,0,0,0,0,0,0,0,0
106611667,14022,0,2,0,0,0,0,0,0,0,0,0
106618891,14023,0,2,0,0,0,0,0,0,0,0,0
106626115,14024,0,2,0,0,0,0,0,0,0,0,0
106633339,14025,0,2,0,0,0,0,0,0,0,0,0
106640563,14026,0,2,0,0,0,0,0,0,0,0,0
106647787,14027,0,2,0,0,0,0,0,0,0,0,0
106655011,14028,0,2,0,0,0,0,0,0,0,0,0
106662235,14029,0,2,0,0,0,0,0,0,0,0,0
106669459,14030,0,2,0,0,0,0,0,0,0,0,0
106676684,14031,0,2,0,0,0,0,0,0,0,0,0
106683907,14032,0,2,0,0,0,0,0,0,0,0,0
106691131,14033,0,2,0,0,0,0,0,0,0,0,0
106698355,14034,0,2,0,0,0,0,0,0,0,0,0
106705579,14035,0,2,0,0,0,0,0,0,0,0,0
106712803,14036,0,2,0,0,0,0,0,0,0,0,0
106720027,14037,0,2,0,0,0,0,0,0,0,0,0
106727251,14038,0,2,0,0,0,0,0,0,0,0,0
106734475,14039,0,2,0,0,0,0,0,0,0,0,0
106741699,14040,0,2,0,0,0,0,0,0,0,0,0
106748924,14041,0,2,0,0,0,0,0,0,0,0,0
106756147,14042,0,2,0,0,0,0,0,0,0,0,0
106763371,14043,0,2,0,0,0,0,0,0,0,0,0
106770595,14044,0,2,0,0,0,0,0,0,0,0,0
106777819,14045,0,2,0,0,0,0,0,0,0,0,0
106785043,14046,0,2,0,0,0,0,0,0,0,0,0
106792267,14047,0,2,0,0,0,0,0,0,0,0,0
106799491,14048,0,2,0,0,0,0,0,0,0,0,0
106806715,14049,0,2,0,0,0,0,0,0,0,0,0
106813939,14050,0,2,0,0,0,0,0,0,0,0,0
106821164,14051,0,2,0,0,0,0,0,0,0,0,0
106828387,14052,0,2,0,0,0,0,0,0,0,0,0
106835611,14053,0,2,0,0,0,0,0,0,0,0,0
106842835,14054,0,2,0,0,0,0,0,0,0,0,0
106850060,14055,0,2,0,0,0,0,0,0,0,0,0
106857283,14056,0,2,0,0,0,0,0,0,0,0,0
106864508,14057,0,2,0,0,0,0,0,0,0,0,0
106871731,14058,0,2,0,0,0,0,0,0,0,0,0
106878955,14059,0,2,0,0,0,0,0,0,0,0,0
106886179,14060,0,2,0,0,0,0,0,0,0,0,0
106893404,14061,0,2,0,0,0,0,0,0,0,0,0
106900627,14062,0,2,0,0,0,0,0,0,0,0,0
106907851,14063,0,2,0,0,0,0,0,0,0,0,0
106915076,14064,0,2,0,0,0,0,0,0,0,0,0
106922299,14065,0,2,0,0,0,0,0,0,0,0,0
106929523,14066,0,2,0,0,0,0,0,0,0,0,0
106936747,14067,0,2,0,0,0,0,0,0,0,0,0
106943971,14068,0,2,0,0,0,0,0,0,0,0,0
106951195,14069,0,2,0,0,0,0,0,0,0,0,0
106958419,14070,0,2,0,0,0,0,0,0,0,0,0
106965644,14071,0,2,0,0,0,0,0,0,0,0,0
106972867,14072,0,2,0,0,0,0,0,0,0,0,0
106980091,14073,0,2,0,0,0,0,0,0,0,0,0
106987315,14074,0,2,0,0,0,0,0,0,0,0,0
106998979,14075,0,2,0,0,0,0,0,0,0,0,0
107006191,14076,0,2,0,0,0,0,0,0,0,0,0
107013415,14077,0,2,0,0,0,0,0,0,0,0,0
107020639,14078,0,2,0,0,0,0,0,0,0,0,0
107027863,14079,0,2,0,0,0,0,0,0,0,0,0
107035087,14080,0,2,0,0,0,0,0,0,0,0,0
107042312,14081,0,2,0,0,0,0,0,0,0,0,0
107049535,14082,0,2,0,0,0,0,0,0,0,0,0
107056759,14083,0,2,0,0,0,0,0,0,0,0,0
107063983,14084,0,2,0,0,0,0,0,0,0,0,0
107071207,14085,0,2,0,0,0,0,0,0,0,0,0
107078431,14086,0,2,0,0,0,0,0,0,0,0,0
107085655,14087,0,2,0,0,0,0,0,0,0,0,0
107092879,14088,0,2,0,0,0,0,0,0,0,0,0
107100103,14089,0,2,0,0,0,0,0,0,0,0,0
107107327,14090,0,2,0,0,0,0,0,0,0,0,0
107114552,14091,0,2,0,0,0,0,0,0,0,0,0
107121775,14092,0,2,0,0,0,0,0,0,0,0,0
107128999,14093,0,2,0,0,0,0,0,0,0,0,0
107136223,14094,0,2,0,0,0,0,0,0,0,0,0
107143447,14095,0,2,0,0,0,0,0,0,0,0,0
107150671,14096,0,2,0,0,0,0,0,0,0,0,0
107157895,14097,0,2,0,0,0,0,0,0,0,0,0
107165119,14098,0,2,0,0,0,0,0,0,0,0,0
107172343,14099,0,2,0,0,0,0,0,0,0,0,0
107179567,14100,0,2,0,0,0,0,0,0,0,0,0
107186792,14101,0,2,0,0,0,0,0,0,0,0,0
107194015,14102,0,2,0,0,0,0,0,0,0,0,0
107201239,14103,0,2,0,0,0,0,0,0,0,0,0
107208463,14104,0,2,0,0,0,0,0,0,0,0,0
107215687,14105,0,2,0,0,0,0,0,0,0,0,0
107222911,14106,0,2,0,0,0,0,0,0,0,0,0
107230135,14107,0,2,0,0,0,0,0,0,0,0,0
107237359,14108,0,2,0,0,0,0,0,0,0,0,0
107244583,14109,0,2,0,0,0,0,0,0,0,0,0
107251807,14110,0,2,0,0,0,0,0,0,0,0,0
107259032,14111,0,2,0,0,0,0,0,0,0,0,0
107266255,14112,0,2,0,0,0,0,0,0,0,0,0
107273479,14113,0,2,0,0,0,0,0,0,0,0,0
107280703,14114,0,2,0,0,0,0,0,0,0,0,0
107287927,14115,0,2,0,0,0,0,0,0,0,0,0
107295151,14116,0,2,0,0,0,0,0,0,0,0,0
107302375,14117,0,2,0,0,0,0,0,0,0,0,0
107309599,14118,0,2,0,0,0,0,0,0,0,0,0
107316823,14119,0,2,0,0,0,0,0,0,0,0,0
107324047,14120,0,2,0,0,0,0,0,0,0,0,0
107331272,14121,0,2,0,0,0,0,0,0,0,0,0
107338495,14122,0,2,0,0,0,0,0,0,0,0,0
107345719,14123,0,2,0,0,0,0,0,0,0,0,0
107352943,14124,0,2,0,0,0,0,0,0,0,0,0
107360167,14125,0,2,0,0,0,0,0,0,0,0,0
107367391,14126,0,2,0,0,0,0,0,0,0,0,0
107374615,14127,0,2,0,0,0,0,0,0,0,0,0
107381839,14128,0,2,0,0,0,0,0,0,0,0,0
107389063,14129,0,2,0,0,0,0,0,0,0,0,0
107396287,14130,0,2,0,0,0,0,0,0,0,0,0
107403512,14131,0,2,0,0,0,0,0,0,0,0,0
107410735,14132,0,2,0,0,0,0,0,0,0,0,0
107417959,14133,0,2,0,0,0,0,0,0,0,0,0
107425183,14134,0,2,0,0,0,0,0,0,0,0,0
107432407,14135,0,2,0,0,0,0,0,0,0,0,0
107439631,14136,0,2,0,0,0,0,0,0,0,0,0
107446855,14137,0,2,0,0,0,0,0,0,0,0,0
107454079,14138,0,2,0,0,0,0,0,0,0,0,0
107461303,14139,0,2,0,0,0,0,0,0,0,0,0
107468527,14140,0,2,0,0,0,0,0,0,0,0,0
107475752,14141,0,2,0,0,0,0,0,0,0,0,0
107482975,14142,0,2,0,0,0,0,0,0,0,0,0
107490199,14143,0,2,0,0,0,0,0,0,0,0,0
107497423,14144,0,2,0,0,0,0,0,0,0,0,0
107504647,14145,0,2,0,0,0,0,0,0,0,0,0
107511871,14146,0,2,0,0,0,0,0,0,0,0,0
107519095,14147,0,2,0,0,0,0,0,0,0,0,0
107526319,14148,0,2,0,0,0,0,0,0,0,0,0
107533543,14149,0,2,0,0,0,0,0,0,0,0,0
107540767,14150,0,2,0,0,0,0,0,0,0,0,0
107547992,14151,0,2,0,0,0,0,0,0,0,0,0
107555215,14152,0,2,0,0,0,0,0,0,0,0,0
107562439,14153,0,2,0,0,0,0,0,0,0,0,0
107569663,14154,0,2,0,0,0,0,0,0,0,0,0
107576887,14155,0,2,0,0,0,0,0,0,0,0,0
107584111,14156,0,2,0,0,0,0,0,0,0,0,0
107591335,14157,0,2,0,0,0,0,0,0,0,0,0
107598559,14158,0,2,0,0,0,0,0,0,0,0,0
107605783,14159,0,2,0,0,0,0,0,0,0,0,0
107613007,14160,0,2,0,0,0,0,0,0,0,0,0
107620232,14161,0,2,0,0,0,0,0,0,0,0,0
107627455,14162,0,2,0,0,0,0,0,0,0,0,0
107634679,14163,0,2,0,0,0,0,0,0,0,0,0
107641903,14164,0,2,0,0,0,0,0,0,0,0,0
107649127,14165,0,2,0,0,0,0,0,0,0,0,0
107656351,14166,0,2,0,0,0,0,0,0,0,0,0
107663575,14167,0,2,0,0,0,0,0,0,0,0,0
107670799,14168,0,2,0,0,0,0,0,0,0,0,0
107678024,14169,0,2,0,0,0,0,0,0,0,0,0
107685247,14170,0,2,0,0,0,0,0,0,0,0,0
107692472,14171,0,2,0,0,0,0,0,0,0,0,0
107699695,14172,0,2,0,0,0,0,0,0,0,0,0
107706919,14173,0,2,0,0,0,0,0,0,0,0,0
107714144,14174,0,2,0,0,0,0,0,0,0,0,0
107721367,14175,0,2,0,0,0,0,0,0,0,0,0
107728591,14176,0,2,0,0,0,0,0,0,0,0,0
107735815,14177,0,2,0,0,0,0,0,0,0,0,0
107743039,14178,0,2,0,0,0,0,0,0,0,0,0
107750263,14179,0,2,0,0,0,0,0,0,0,0,0
107757487,14180,0,2,0,0,0,0,0,0,0,0,0
107764712,14181,0,2,0,0,0,0,0,0,0,0,0
107771935,14182,0,2,0,0,0,0,0,0,0,0,0
107779159,14183,0,2,0,0,0,0,0,0,0,0,0
107786383,14184,0,2,0,0,0,0,0,0,0,0,0
107793607,14185,0,2,0,0,0,0,0,0,0,0,0
107800831,14186,0,2,0,0,0,0,0,0,0,0,0
107808055,14187,0,2,0,0,0,0,0,0,0,0,0
107815279,14188,0,2,0,0,0,0,0,0,0,0,0
107822503,14189,0,2,0,0,0,0,0,0,0,0,0
107829727,14190,0,2,0,0,0,0,0,0,0,0,0
107836952,14191,0,2,0,0,0,0,0,0,0,0,0
107844175,14192,0,2,0,0,0,0,0,0,0,0,0
107851399,14193,0,2,0,0,0,0,0,0,0,0,0
107858623,14194,0,2,0,0,0,0,0,0,0,0,0
107865847,14195,0,2,0,0,0,0,0,0,0,0,0
107873071,14196,0,2,0,0,0,0,0,0,0,0,0
107880295,14197,0,2,0,0,0,0,0,0,0,0,0
107887519,14198,0,2,0,0,0,0,0,0,0,0,0
107894743,14199,0,2,0,0,0,0,0,0,0,0,0
107901967,14200,0,2,0,0,0,0,0,0,0,0,0
107909192,14201,0,2,0,0,0,0,0,0,0,0,0
107916415,14202,0,2,0,0,0,0,0,0,0,0,0
107923639,14203,0,2,0,0,0,0,0,0,0,0,0
107930863,14204,0,2,0,0,0,0,0,0,0,0,0
107938087,14205,0,2,0,0,0,0,0,0,0,0,0
107945311,14206,0,2,0,0,0,0,0,0,0,0,0
107952535,14207,0,2,0,0,0,0,0,0,0,0,0
107959759,14208,0,2,0,0,0,0,0,0,0,0,0
107966983,14209,0,2,0,0,0,0,0,0,0,0,0
107974207,14210,0,2,0,0,0,0,0,0,0,0,0
107981432,14211,0,2,0,0,0,0,0,0,0,0,0
107988655,14212,0,2,0,0,0,0,0,0,0,0,0
107995879,14213,0,2,0,0,0,0,0,0,0,0,0
108003103,14214,0,2,0,0,0,0,0,0,0,0,0
108010327,14215,0,2,0,0,0,0,0,0,0,0,0
108017551,14216,0,2,0,0,0,0,0,0,0,0,0
108024775,14217,0,2,0,0,0,0,0,0,0,0,0
108031999,14218,0,2,0,0,0,0,0,0,0,0,0
108039223,14219,0,2,0,0,0,0,0,0,0,0,0
108046447,14220,0,2,0,0,0,0,0,0,0,0,0
108053672,14221,0,2,0,0,0,0,0,0,0,0,0
108060895,14222,0,2,0,0,0,0,0,0,0,0,0
108068119,14223,0,2,0,0,0,0,0,0,0,0,0
108075343,14224,0,2,0,0,0,0,0,0,0,0,0
108082567,14225,0,2,0,0,0,0,0,0,0,0,0
108089791,14226,0,2,0,0,0,0,0,0,0,0,0
108097015,14227,0,2,0,0,0,0,0,0,0,0,0
108104239,14228,0,2,0,0,0,0,0,0,0,0,0
108111463,14229,0,2,0,0,0,0,0,0,0,0,0
108118687,14230,0,2,0,0,0,0,0,0,0,0,0
108125912,14231,0,2,0,0,0,0,0,0,0,0,0
108133136,14232,0,2,0,0,0,0,0,0,0,0,0
108140359,14233,0,2,0,0,0,0,0,0,0,0,0
108147583,14234,0,2,0,0,0,0,0,0,0,0,0
108154807,14235,0,2,0,0,0,0,0,0,0,0,0
108162031,14236,0,2,0,0,0,0,0,0,0,0,0
108169255,14237,0,2,0,0,0,0,0,0,0,0,0
108176479,14238,0,2,0,0,0,0,0,0,0,0,0
108183703,14239,0,2,0,0,0,0,0,0,0,0,0
108190927,14240,0,2,0,0,0,0,0,0,0,0,0
108198152,14241,0,2,0,0,0,0,0,0,0,0,0
108205375,14242,0,2,0,0,0,0,0,0,0,0,0
108212599,14243,0,2,0,0,0,0,0,0,0,0,0
108219823,14244,0,2,0,0,0,0,0,0,0,0,0
108227047,14245,0,2,0,0,0,0,0,0,0,0,0
108234271,14246,0,2,0,0,0,0,0,0,0,0,0
108241495,14247,0,2,0,0,0,0,0,0,0,0,0
108248719,14248,0,2,0,0,0,0,0,0,0,0,0
108255943,14249,0,2,0,0,0,0,0,0,0,0,0
108263167,14250,0,2,0,0,0,0,0,0,0,0,0
108270392,14251,0,2,0,0,0,0,0,0,0,0,0
108277615,14252,0,2,0,0,0,0,0,0,0,0,0
108284839,14253,0,2,0,0,0,0,0,0,0,0,0
108292063,14254,0,2,0,0,0,0,0,0,0,0,0
108299287,14255,0,2,0,0,0,0,0,0,0,0,0
108306511,14256,0,2,0,0,0,0,0,0,0,0,0
108313735,14257,0,2,0,0,0,0,0,0,0,0,0
108320959,14258,0,2,0,0,0,0,0,0,0,0,0
108328183,14259,0,2,0,0,0,0,0,0,0,0,0
108335407,14260,0,2,0,0,0,0,0,0,0,0,0
108342632,14261,0,2,0,0,0,0,0,0,0,0,0
108349855,14262,0,2,0,0,0,0,0,0,0,0,0
108357080,14263,0,2,0,0,0,0,0,0,0,0,0
108364303,14264,0,2,0,0,0,0,0,0,0,0,0
108371527,14265,0,2,0,0,0,0,0,0,0,0,0
108378751,14266,0,2,0,0,0,0,0,0,0,0,0
108385975,14267,0,2,0,0,0,0,0,0,0,0,0
108393199,14268,0,2,0,0,0,0,0,0,0,0,0
108400423,14269,0,2,0,0,0,0,0,0,0,0,0
108407647,14270,0,2,0,0,0,0,0,0,0,0,0
108414872,14271,0,2,0,0,0,0,0,0,0,0,0
108422095,14272,0,2,0,0,0,0,0,0,0,0,0
108429319,14273,0,2,0,0,0,0,0,0,0,0,0
108436543,14274,0,2,0,0,0,0,0,0,0,0,0
108443767,14275,0,2,0,0,0,0,0,0,0,0,0
108450991,14276,0,2,0,0,0,0,0,0,0,0,0
108458215,14277,0,2,0,0,0,0,0,0,0,0,0
108465439,14278,0,2,0,0,0,0,0,0,0,0,0
108472663,14279,0,2,0,0,0,0,0,0,0,0,0
108479887,14280,0,2,0,0,0,0,0,0,0,0,0
108487112,14281,0,2,0,0,0,0,0,0,0,0,0
108494335,14282,0,2,0,0,0,0,0,0,0,0,0
108501559,14283,0,2,0,0,0,0,0,0,0,0,0
108508783,14284,0,2,0,0,0,0,0,0,0,0,0
108516007,14285,0,2,0,0,0,0,0,0,0,0,0
108523231,14286,0,2,0,0,0,0,0,0,0,0,0
108530455,14287,0,2,0,0,0,0,0,0,0,0,0
108537679,14288,0,2,0,0,0,0,0,0,0,0,0
108544903,14289,0,2,0,0,0,0,0,0,0,0,0
108552127,14290,0,2,0,0,0,0,0,0,0,0,0
108559352,14291,0,2,0,0,0,0,0,0,0,0,0
108566575,14292,0,2,0,0,0,0,0,0,0,0,0
108573799,14293,0,2,0,0,0,0,0,0,0,0,0
108581024,14294,0,2,0,0,0,0,0,0,0,0,0
108588247,14295,0,2,0,0,0,0,0,0,0,0,0
108595471,14296,0,2,0,0,0,0,0,0,0,0,0
108602695,14297,0,2,0,0,0,0,0,0,0,0,0
108609919,14298,0,2,0,0,0,0,0,0,0,0,0
108617144,14299,0,2,0,0,0,0,0,0,0,0,0
108624367,14300,0,2,0,0,0,0,0,0,0,0,0
108631592,14301,0,2,0,0,0,0,0,0,0,0,0
108645191,14302,0,2,0,0,0,0,0,0,0,0,0
108652403,14303,0,2,0,0,0,0,0,0,0,0,0
108659627,14304,0,2,0,0,0,0,0,0,0,0,0
108666851,14305,0,2,0,0,0,0,0,0,0,0,0
108674076,14306,0,2,0,0,0,0,0,0,0,0,0
108681299,14307,0,2,0,0,0,0,0,0,0,0,0
108688523,14308,0,2,0,0,0,0,0,0,0,0,0
108695747,14309,0,2,0,0,0,0,0,0,0,0,0
108702971,14310,0,2,0,0,0,0,0,0,0,0,0
108710196,14311,0,2,0,0,0,0,0,0,0,0,0
108717419,14312,0,2,0,0,0,0,0,0,0,0,0
108724643,14313,0,2,0,0,0,0,0,0,0,0,0
108731867,14314,0,2,0,0,0,0,0,0,0,0,0
108739092,14315,0,2,0,0,0,0,0,0,0,0,0
108746315,14316,0,2,0,0,0,0,0,0,0,0,0
108753539,14317,0,2,0,0,0,0,0,0,0,0,0
108760763,14318,0,2,0,0,0,0,0,0,0,0,0
108767987,14319,0,2,0,0,0,0,0,0,0,0,0
108775211,14320,0,2,0,0,0,0,0,0,0,0,0
108782436,14321,0,2,0,0,0,0,0,0,0,0,0
108789659,14322,0,2,0,0,0,0,0,0,0,0,0
108796883,14323,0,2,0,0,0,0,0,0,0,0,0
108804107,14324,0,2,0,0,0,0,0,0,0,0,0
108811331,14325,0,2,0,0,0,0,0,0,0,0,0
108818555,14326,0,2,0,0,0,0,0,0,0,0,0
108825779,14327,0,2,0,0,0,0,0,0,0,0,0
108833003,14328,0,2,0,0,0,0,0,0,0,0,0
108840227,14329,0,2,0,0,0,0,0,0,0,0,0
108847451,14330,0,2,0,0,0,0,0,0,0,0,0
108854676,14331,0,2,0,0,0,0,0,0,0,0,0
108861899,14332,0,2,0,0,0,0,0,0,0,0,0
108869123,14333,0,2,0,0,0,0,0,0,0,0,0
108876347,14334,0,2,0,0,0,0,0,0,0,0,0
108883571,14335,0,2,0,0,0,0,0,0,0,0,0
108890795,14336,0,2,0,0,0,0,0,0,0,0,0
108898019,14337,0,2,0,0,0,0,0,0,0,0,0
108905243,14338,0,2,0,0,0,0,0,0,0,0,0
108912467,14339,0,2,0,0,0,0,0,0,0,0,0
108919691,14340,0,2,0,0,0,0,0,0,0,0,0
108926916,14341,0,2,0,0,0,0,0,0,0,0,0
108934139,14342,0,2,0,0,0,0,0,0,0,0,0
108941363,14343,0,2,0,0,0,0,0,0,0,0,0
108948587,14344,0,2,0,0,0,0,0,0,0,0,0
108955811,14345,0,2,0,0,0,0,0,0,0,0,0
108963035,14346,0,2,0,0,0,0,0,0,0,0,0
108970259,14347,0,2,0,0,0,0,0,0,0,0,0
108977483,14348,0,2,0,0,0,0,0,0,0,0,0
108984707,14349,0,2,0,0,0,0,0,0,0,0,0
108991931,14350,0,2,0,0,0,0,0,0,0,0,0
108999156,14351,0,2,0,0,0,0,0,0,0,0,0
109006379,14352,0,2,0,0,0,0,0,0,0,0,0
109013603,14353,0,2,0,0,0,0,0,0,0,0,0
109020827,14354,0,2,0,0,0,0,0,0,0,0,0
109028052,14355,0,2,0,0,0,0,0,0,0,0,0
109035275,14356,0,2,0,0,0,0,0,0,0,0,0
109042499,14357,0,2,0,0,0,0,0,0,0,0,0
109049723,14358,0,2,0,0,0,0,0,0,0,0,0
109056947,14359,0,2,0,0,0,0,0,0,0,0,0
109064171,14360,0,2,0,0,0,0,0,0,0,0,0
109071396,14361,0,2,0,0,0,0,0,0,0,0,0
109078619,14362,0,2,0,0,0,0,0,0,0,0,0
109085843,14363,0,2,0,0,0,0,0,0,0,0,0
109093067,14364,0,2,0,0,0,0,0,0,0,0,0
109100291,14365,0,2,0,0,0,0,0,0,0,0,0
109107515,14366,0,2,0,0,0,0,0,0,0,0,0
109114739,14367,0,2,0,0,0,0,0,0,0,0,0
109121963,14368,0,2,0,0,0,0,0,0,0,0,0
109129187,14369,0,2,0,0,0,0,0,0,0,0,0
109136411,14370,0,2,0,0,0,0,0,0,0,0,0
109143636,14371,0,2,0,0,0,0,0,0,0,0,0
109150859,14372,0,2,0,0,0,0,0,0,0,0,0
109158083,14373,0,2,0,0,0,0,0,0,0,0,0
109165307,14374,0,2,0,0,0,0,0,0,0,0,0
109172531,14375,0,2,0,0,0,0,0,0,0,0,0
109179755,14376,0,2,0,0,0,0,0,0,0,0,0
109186979,14377,0,2,0,0,0,0,0,0,0,0,0
109194203,14378,0,2,0,0,0,0,0,0,0,0,0
109201427,14379,0,2,0,0,0,0,0,0,0,0,0
109208651,14380,0,2,0,0,0,0,0,0,0,0,0
109215876,14381,0,2,0,0,0,0,0,0,0,0,0
109223099,14382,0,2,0,0,0,0,0,0,0,0,0
109230323,14383,0,2,0,0,0,0,0,0,0,0,0
109237547,14384,0,2,0,0,0,0,0,0,0,0,0
109244771,14385,0,2,0,0,0,0,0,0,0,0,0
109251995,14386,0,2,0,0,0,0,0,0,0,0,0
109259219,14387,0,2,0,0,0,0,0,0,0,0,0
109266443,14388,0,2,0,0,0,0,0,0,0,0,0
109273667,14389,0,2,0,0,0,0,0,0,0,0,0
109280891,14390,0,2,0,0,0,0,0,0,0,0,0
109288116,14391,0,2,0,0,0,0,0,0,0,0,0
109295339,14392,0,2,0,0,0,0,0,0,0,0,0
109302563,14393,0,2,0,0,0,0,0,0,0,0,0
109309787,14394,0,2,0,0,0,0,0,0,0,0,0
109317011,14395,0,2,0,0,0,0,0,0,0,0,0
109324235,14396,0,2,0,0,0,0,0,0,0,0,0
109331459,14397,0,2,0,0,0,0,0,0,0,0,0
109338683,14398,0,2,0,0,0,0,0,0,0,0,0
109345907,14399,0,2,0,0,0,0,0,0,0,0,0
109353131,14400,0,2,0,0,0,0,0,0,0,0,0
109360356,14401,0,2,0,0,0,0,0,0,0,0,0
109367579,14402,0,2,0,0,0,0,0,0,0,0,0
109374803,14403,0,2,0,0,0,0,0,0,0,0,0
109382027,14404,0,2,0,0,0,0,0,0,0,0,0
109389251,14405,0,2,0,0,0,0,0,0,0,0,0
109396475,14406,0,2,0,0,0,0,0,0,0,0,0
109403699,14407,0,2,0,0,0,0,0,0,0,0,0
109410923,14408,0,2,0,0,0,0,0,0,0,0,0
109418147,14409,0,2,0,0,0,0,0,0,0,0,0
109425371,14410,0,2,0,0,0,0,0,0,0,0,0
109432596,14411,0,2,0,0,0,0,0,0,0,0,0
109439819,14412,0,2,0,0,0,0,0,0,0,0,0
109447043,14413,0,2,0,0,0,0,0,0,0,0,0
109454267,14414,0,2,0,0,0,0,0,0,0,0,0
109461491,14415,0,2,0,0,0,0,0,0,0,0,0
109468715,14416,0,2,0,0,0,0,0,0,0,0,0
109475939,14417,0,2,0,0,0,0,0,0,0,0,0
109483163,14418,0,2,0,0,0,0,0,0,0,0,0
109490387,14419,0,2,0,0,0,0,0,0,0,0,0
109497611,14420,0,2,0,0,0,0,0,0,0,0,0
109504836,14421,0,2,0,0,0,0,0,0,0,0,0
109512059,14422,0,2,0,0,0,0,0,0,0,0,0
109519283,14423,0,2,0,0,0,0,0,0,0,0,0
109526508,14424,0,2,0,0,0,0,0,0,0,0,0
109533731,14425,0,2,0,0,0,0,0,0,0,0,0
109540955,14426,0,2,0,0,0,0,0,0,0,0,0
109548179,14427,0,2,0,0,0,0,0,0,0,0,0
109555403,14428,0,2,0,0,0,0,0,0,0,0,0
109562627,14429,0,2,0,0,0,0,0,0,0,0,0
109569851,14430,0,2,0,0,0,0,0,0,0,0,0
109577076,14431,0,2,0,0,0,0,0,0,0,0,0
109584299,14432,0,2,0,0,0,0,0,0,0,0,0
109591523,14433,0,2,0,0,0,0,0,0,0,0,0
109598747,14434,0,2,0,0,0,0,0,0,0,0,0
109605971,14435,0,2,0,0,0,0,0,0,0,0,0
109613195,14436,0,2,0,0,0,0,0,0,0,0,0
109620419,14437,0,2,0,0,0,0,0,0,0,0,0
109627643,14438,0,2,0,0,0,0,0,0,0,0,0
109634867,14439,0,2,0,0,0,0,0,0,0,0,0
109642092,14440,0,2,0,0,0,0,0,0,0,0,0
109649316,14441,0,2,0,0,0,0,0,0,0,0,0
109656539,14442,0,2,0,0,0,0,0,0,0,0,0
109663763,14443,0,2,0,0,0,0,0,0,0,0,0
109670987,14444,0,2,0,0,0,0,0,0,0,0,0
109678211,14445,0,2,0,0,0,0,0,0,0,0,0
109685435,14446,0,2,0,0,0,0,0,0,0,0,0
109692659,14447,0,2,0,0,0,0,0,0,0,0,0
109699883,14448,0,2,0,0,0,0,0,0,0,0,0
109707107,14449,0,2,0,0,0,0,0,0,0,0,0
109714331,14450,0,2,0,0,0,0,0,0,0,0,0
109721556,14451,0,2,0,0,0,0,0,0,0,0,0
109728779,14452,0,2,0,0,0,0,0,0,0,0,0
109736003,14453,0,2,0,0,0,0,0,0,0,0,0
109743227,14454,0,2,0,0,0,0,0,0,0,0,0
109750451,14455,0,2,0,0,0,0,0,0,0,0,0
109757675,14456,0,2,0,0,0,0,0,0,0,0,0
109764899,14457,0,2,0,0,0,0,0,0,0,0,0
109772123,14458,0,2,0,0,0,0,0,0,0,0,0
109779347,14459,0,2,0,0,0,0,0,0,0,0,0
109786571,14460,0,2,0,0,0,0,0,0,0,0,0
109793796,14461,0,2,0,0,0,0,0,0,0,0,0
109801020,14462,0,2,0,0,0,0,0,0,0,0,0
109808243,14463,0,2,0,0,0,0,0,0,0,0,0
109815467,14464,0,2,0,0,0,0,0,0,0,0,0
109822691,14465,0,2,0,0,0,0,0,0,0,0,0
109829915,14466,0,2,0,0,0,0,0,0,0,0,0
109837139,14467,0,2,0,0,0,0,0,0,0,0,0
109844363,14468,0,2,0,0,0,0,0,0,0,0,0
109851587,14469,0,2,0,0,0,0,0,0,0,0,0
109858811,14470,0,2,0,0,0,0,0,0,0,0,0
109866036,14471,0,2,0,0,0,0,0,0,0,0,0
109873259,14472,0,2,0,0,0,0,0,0,0,0,0
109880483,14473,0,2,0,0,0,0,0,0,0,0,0
109887707,14474,0,2,0,0,0,0,0,0,0,0,0
109894931,14475,0,2,0,0,0,0,0,0,0,0,0
109902155,14476,0,2,0,0,0,0,0,0,0,0,0
109909379,14477,0,2,0,0,0,0,0,0,0,0,0
109916603,14478,0,2,0,0,0,0,0,0,0,0,0
109923827,14479,0,2,0,0,0,0,0,0,0,0,0
109931051,14480,0,2,0,0,0,0,0,0,0,0,0
109938276,14481,0,2,0,0,0,0,0,0,0,0,0
109945499,14482,0,2,0,0,0,0,0,0,0,0,0
109952723,14483,0,2,0,0,0,0,0,0,0,0,0
109959947,14484,0,2,0,0,0,0,0,0,0,0,0
109967171,14485,0,2,0,0,0,0,0,0,0,0,0
109974395,14486,0,2,0,0,0,0,0,0,0,0,0
109981619,14487,0,2,0,0,0,0,0,0,0,0,0
109988843,14488,0,2,0,0,0,0,0,0,0,0,0
109996067,14489,0,2,0,0,0,0,0,0,0,0,0
110003291,14490,0,2,0,0,0,0,0,0,0,0,0
110010516,14491,0,2,0,0,0,0,0,0,0,0,0
110017739,14492,0,2,0,0,0,0,0,0,0,0,0
110024963,14493,0,2,0,0,0,0,0,0,0,0,0
110032187,14494,0,2,0,0,0,0,0,0,0,0,0
110039411,14495,0,2,0,0,0,0,0,0,0,0,0
110046635,14496,0,2,0,0,0,0,0,0,0,0,0
110053859,14497,0,2,0,0,0,0,0,0,0,0,0
110061083,14498,0,2,0,0,0,0,0,0,0,0,0
110068307,14499,0,2,0,0,0,0,0,0,0,0,0
110075531,14500,0,2,0,0,0,0,0,0,0,0,0
110082756,14501,0,2,0,0,0,0,0,0,0,0,0
110089979,14502,0,2,0,0,0,0,0,0,0,0,0
110097203,14503,0,2,0,0,0,0,0,0,0,0,0
110104427,14504,0,2,0,0,0,0,0,0,0,0,0
110111651,14505,0,2,0,0,0,0,0,0,0,0,0
110118875,14506,0,2,0,0,0,0,0,0,0,0,0
110126099,14507,0,2,0,0,0,0,0,0,0,0,0
110133323,14508,0,2,0,0,0,0,0,0,0,0,0
110140547,14509,0,2,0,0,0,0,0,0,0,0,0
110147771,14510,0,2,0,0,0,0,0,0,0,0,0
110154996,14511,0,2,0,0,0,0,0,0,0,0,0
110162219,14512,0,2,0,0,0,0,0,0,0,0,0
110169443,14513,0,2,0,0,0,0,0,0,0,0,0
110176667,14514,0,2,0,0,0,0,0,0,0,0,0
110183891,14515,0,2,0,0,0,0,0,0,0,0,0
110191115,14516,0,2,0,0,0,0,0,0,0,0,0
110198339,14517,0,2,0,0,0,0,0,0,0,0,0
110205563,14518,0,2,0,0,0,0,0,0,0,0,0
110212787,14519,0,2,0,0,0,0,0,0,0,0,0
110220011,14520,0,2,0,0,0,0,0,0,0,0,0
110227236,14521,0,2,0,0,0,0,0,0,0,0,0
110234459,14522,0,2,0,0,0,0,0,0,0,0,0
110241683,14523,0,2,0,0,0,0,0,0,0,0,0
110248907,14524,0,2,0,0,0,0,0,0,0,0,0
110256131,14525,0,2,0,0,0,0,0,0,0,0,0
110263355,14526,0,2,0,0,0,0,0,0,0,0,0
110270579,14527,0,2,0,0,0,0,0,0,0,0,0
110277803,14528,0,2,0,0,0,0,0,0,0,0,0
110289910,14529,0,2,0,0,0,0,0,0,0,0,0
110297121,14530,0,2,0,0,0,0,0,0,0,0,0
110304346,14531,0,2,0,0,0,0,0,0,0,0,0
110311569,14532,0,2,0,0,0,0,0,0,0,0,0
110318793,14533,0,2,0,0,0,0,0,0,0,0,0
110326017,14534,0,2,0,0,0,0,0,0,0,0,0
110333241,14535,0,2,0,0,0,0,0,0,0,0,0
110340465,14536,0,2,0,0,0,0,0,0,0,0,0
110347689,14537,0,2,0,0,0,0,0,0,0,0,0
110354913,14538,0,2,0,0,0,0,0,0,0,0,0
110362137,14539,0,2,0,0,0,0,0,0,0,0,0
110369361,14540,0,2,0,0,0,0,0,0,0,0,0
110376586,14541,0,2,0,0,0,0,0,0,0,0,0
110383809,14542,0,2,0,0,0,0,0,0,0,0,0
110391033,14543,0,2,0,0,0,0,0,0,0,0,0
110398257,14544,0,2,0,0,0,0,0,0,0,0,0
110405481,14545,0,2,0,0,0,0,0,0,0,0,0
110412705,14546,0,2,0,0,0,0,0,0,0,0,0
110419929,14547,0,2,0,0,0,0,0,0,0,0,0
110427153,14548,0,2,0,0,0,0,0,0,0,0,0
110434377,14549,0,2,0,0,0,0,0,0,0,0,0
110441601,14550,0,2,0,0,0,0,0,0,0,0,0
110448826,14551,0,2,0,0,0,0,0,0,0,0,0
110456049,14552,0,2,0,0,0,0,0,0,0,0,0
110463273,14553,0,2,0,0,0,0,0,0,0,0,0
110470497,14554,0,2,0,0,0,0,0,0,0,0,0
110477721,14555,0,2,0,0,0,0,0,0,0,0,0
110484945,14556,0,2,0,0,0,0,0,0,0,0,0
110492169,14557,0,2,0,0,0,0,0,0,0,0,0
110499393,14558,0,2,0,0,0,0,0,0,0,0,0
110506617,14559,0,2,0,0,0,0,0,0,0,0,0
110513841,14560,0,2,0,0,0,0,0,0,0,0,0
110521066,14561,0,2,0,0,0,0,0,0,0,0,0
110528289,14562,0,2,0,0,0,0,0,0,0,0,0
110535513,14563,0,2,0,0,0,0,0,0,0,0,0
110542737,14564,0,2,0,0,0,0,0,0,0,0,0
110549961,14565,0,2,0,0,0,0,0,0,0,0,0
110557185,14566,0,2,0,0,0,0,0,0,0,0,0
110564409,14567,0,2,0,0,0,0,0,0,0,0,0
110571633,14568,0,2,0,0,0,0,0,0,0,0,0
110578857,14569,0,2,0,0,0,0,0,0,0,0,0
110586082,14570,0,2,0,0,0,0,0,0,0,0,0
110593306,14571,0,2,0,0,0,0,0,0,0,0,0
110600529,14572,0,2,0,0,0,0,0,0,0,0,0
110607753,14573,0,2,0,0,0,0,0,0,0,0,0
110614977,14574,0,2,0,0,0,0,0,0,0,0,0
110622201,14575,0,2,0,0,0,0,0,0,0,0,0
110629425,14576,0,2,0,0,0,0,0,0,0,0,0
110636649,14577,0,2,0,0,0,0,0,0,0,0,0
110643873,14578,0,2,0,0,0,0,0,0,0,0,0
110651098,14579,0,2,0,0,0,0,0,0,0,0,0
110658321,14580,0,2,0,0,0,0,0,0,0,0,0
110665546,14581,0,2,0,0,0,0,0,0,0,0,0
110672769,14582,0,2,0,0,0,0,0,0,0,0,0
110679993,14583,0,2,0,0,0,0,0,0,0,0,0
110687217,14584,0,2,0,0,0,0,0,0,0,0,0
110694441,14585,0,2,0,0,0,0,0,0,0,0,0
110701665,14586,0,2,0,0,0,0,0,0,0,0,0
110708889,14587,0,2,0,0,0,0,0,0,0,0,0
110716113,14588,0,2,0,0,0,0,0,0,0,0,0
110723337,14589,0,2,0,0,0,0,0,0,0,0,0
110730561,14590,0,2,0,0,0,0,0,0,0,0,0
110737786,14591,0,2,0,0,0,0,0,0,0,0,0
110745009,14592,0,2,0,0,0,0,0,0,0,0,0
110752233,14593,0,2,0,0,0,0,0,0,0,0,0
110759457,14594,0,2,0,0,0,0,0,0,0,0,0
110766681,14595,0,2,0,0,0,0,0,0,0,0,0
110773905,14596,0,2,0,0,0,0,0,0,0,0,0
110781129,14597,0,2,0,0,0,0,0,0,0,0,0
110788353,14598,0,2,0,0,0,0,0,0,0,0,0
110795577,14599,0,2,0,0,0,0,0,0,0,0,0
110802801,14600,0,2,0,0,0,0,0,0,0,0,0
110810026,14601,0,2,0,0,0,0,0,0,0,0,0
110817249,14602,0,2,0,0,0,0,0,0,0,0,0
110824473,14603,0,2,0,0,0,0,0,0,0,0,0
110831697,14604,0,2,0,0,0,0,0,0,0,0,0
110838921,14605,0,2,0,0,0,0,0,0,0,0,0
110846145,14606,0,2,0,0,0,0,0,0,0,0,0
110853369,14607,0,2,0,0,0,0,0,0,0,0,0
110860593,14608,0,2,0,0,0,0,0,0,0,0,0
110867817,14609,0,2,0,0,0,0,0,0,0,0,0
110875041,14610,0,2,0,0,0,0,0,0,0,0,0
110882266,14611,0,2,0,0,0,0,0,0,0,0,0
110889489,14612,0,2,0,0,0,0,0,0,0,0,0
110896713,14613,0,2,0,0,0,0,0,0,0,0,0
110903937,14614,0,2,0,0,0,0,0,0,0,0,0
110911161,14615,0,2,0,0,0,0,0,0,0,0,0
110918385,14616,0,2,0,0,0,0,0,0,0,0,0
110925609,14617,0,2,0,0,0,0,0,0,0,0,0
110932833,14618,0,2,0,0,0,0,0,0,0,0,0
110940057,14619,0,2,0,0,0,0,0,0,0,0,0
110947281,14620,0,2,0,0,0,0,0,0,0,0,0
110954506,14621,0,2,0,0,0,0,0,0,0,0,0
110961729,14622,0,2,0,0,0,0,0,0,0,0,0
110968953,14623,0,2,0,0,0,0,0,0,0,0,0
110976177,14624,0,2,0,0,0,0,0,0,0,0,0
110983401,14625,0,2,0,0,0,0,0,0,0,0,0
110990625,14626,0,2,0,0,0,0,0,0,0,0,0
110997849,14627,0,2,0,0,0,0,0,0,0,0,0
111005073,14628,0,2,0,0,0,0,0,0,0,0,0
111012297,14629,0,2,0,0,0,0,0,0,0,0,0
111019521,14630,0,2,0,0,0,0,0,0,0,0,0
111026746,14631,0,2,0,0,0,0,0,0,0,0,0
111033969,14632,0,2,0,0,0,0,0,0,0,0,0
111041193,14633,0,2,0,0,0,0,0,0,0,0,0
111048417,14634,0,2,0,0,0,0,0,0,0,0,0
111055641,14635,0,2,0,0,0,0,0,0,0,0,0
111062865,14636,0,2,0,0,0,0,0,0,0,0,0
111070089,14637,0,2,0,0,0,0,0,0,0,0,0
111077313,14638,0,2,0,0,0,0,0,0,0,0,0
111084537,14639,0,2,0,0,0,0,0,0,0,0,0
111091761,14640,0,2,0,0,0,0,0,0,0,0,0
111098986,14641,0,2,0,0,0,0,0,0,0,0,0
111106209,14642,0,2,0,0,0,0,0,0,0,0,0
111113433,14643,0,2,0,0,0,0,0,0,0,0,0
111120657,14644,0,2,0,0,0,0,0,0,0,0,0
111127881,14645,0,2,0,0,0,0,0,0,0,0,0
111135105,14646,0,2,0,0,0,0,0,0,0,0,0
111142329,14647,0,2,0,0,0,0,0,0,0,0,0
111149553,14648,0,2,0,0,0,0,0,0,0,0,0
111156777,14649,0,2,0,0,0,0,0,0,0,0,0
111164001,14650,0,2,0,0,0,0,0,0,0,0,0
111171226,14651,0,2,0,0,0,0,0,0,0,0,0
111178449,14652,0,2,0,0,0,0,0,0,0,0,0
111185673,14653,0,2,0,0,0,0,0,0,0,0,0
111192897,14654,0,2,0,0,0,0,0,0,0,0,0
111200121,14655,0,2,0,0,0,0,0,0,0,0,0
111207345,14656,0,2,0,0,0,0,0,0,0,0,0
111214569,14657,0,2,0,0,0,0,0,0,0,0,0
111221793,14658,0,2,0,0,0,0,0,0,0,0,0
111229017,14659,0,2,0,0,0,0,0,0,0,0,0
111236241,14660,0,2,0,0,0,0,0,0,0,0,0
111243466,14661,0,2,0,0,0,0,0,0,0,0,0
111250689,14662,0,2,0,0,0,0,0,0,0,0,0
111257913,14663,0,2,0,0,0,0,0,0,0,0,0
111265137,14664,0,2,0,0,0,0,0,0,0,0,0
111272361,14665,0,2,0,0,0,0,0,0,0,0,0
111279585,14666,0,2,0,0,0,0,0,0,0,0,0
111286809,14667,0,2,0,0,0,0,0,0,0,0,0
111294033,14668,0,2,0,0,0,0,0,0,0,0,0
111301257,14669,0,2,0,0,0,0,0,0,0,0,0
111308481,14670,0,2,0,0,0,0,0,0,0,0,0
111315706,14671,0,2,0,0,0,0,0,0,0,0,0
111322929,14672,0,2,0,0,0,0,0,0,0,0,0
111330153,14673,0,2,0,0,0,0,0,0,0,0,0
111337377,14674,0,2,0,0,0,0,0,0,0,0,0
111344601,14675,0,2,0,0,0,0,0,0,0,0,0
111351825,14676,0,2,0,0,0,0,0,0,0,0,0
111359049,14677,0,2,0,0,0,0,0,0,0,0,0
111366273,14678,0,2,0,0,0,0,0,0,0,0,0
111373497,14679,0,2,0,0,0,0,0,0,0,0,0
111380721,14680,0,2,0,0,0,0,0,0,0,0,0
111387946,14681,0,2,0,0,0,0,0,0,0,0,0
111395169,14682,0,2,0,0,0,0,0,0,0,0,0
111402393,14683,0,2,0,0,0,0,0,0,0,0,0
111409617,14684,0,2,0,0,0,0,0,0,0,0,0
111416841,14685,0,2,0,0,0,0,0,0,0,0,0
111424065,14686,0,2,0,0,0,0,0,0,0,0,0
111431289,14687,0,2,0,0,0,0,0,0,0,0,0
111438513,14688,0,2,0,0,0,0,0,0,0,0,0
111445737,14689,0,2,0,0,0,0,0,0,0,0,0
111452961,14690,0,2,0,0,0,0,0,0,0,0,0
111460186,14691,0,2,0,0,0,0,0,0,0,0,0
111467409,14692,0,2,0,0,0,0,0,0,0,0,0
111474633,14693,0,2,0,0,0,0,0,0,0,0,0
111481857,14694,0,2,0,0,0,0,0,0,0,0,0
111489082,14695,0,2,0,0,0,0,0,0,0,0,0
111496305,14696,0,2,0,0,0,0,0,0,0,0,0
111503529,14697,0,2,0,0,0,0,0,0,0,0,0
111510753,14698,0,2,0,0,0,0,0,0,0,0,0
111517977,14699,0,2,0,0,0,0,0,0,0,0,0
111525201,14700,0,2,0,0,0,0,0,0,0,0,0
111532426,14701,0,2,0,0,0,0,0,0,0,0,0
111539649,14702,0,2,0,0,0,0,0,0,0,0,0
111546873,14703,0,2,0,0,0,0,0,0,0,0,0
111554097,14704,0,2,0,0,0,0,0,0,0,0,0
111561321,14705,0,2,0,0,0,0,0,0,0,0,0
111568545,14706,0,2,0,0,0,0,0,0,0,0,0
111575769,14707,0,2,0,0,0,0,0,0,0,0,0
111582993,14708,0,2,0,0,0,0,0,0,0,0,0
111590217,14709,0,2,0,0,0,0,0,0,0,0,0
111597441,14710,0,2,0,0,0,0,0,0,0,0,0
111604666,14711,0,2,0,0,0,0,0,0,0,0,0
111611889,14712,0,2,0,0,0,0,0,0,0,0,0
111619113,14713,0,2,0,0,0,0,0,0,0,0,0
111626337,14714,0,2,0,0,0,0,0,0,0,0,0
111633561,14715,0,2,0,0,0,0,0,0,0,0,0
111640785,14716,0,2,0,0,0,0,0,0,0,0,0
111648009,14717,0,2,0,0,0,0,0,0,0,0,0
111655233,14718,0,2,0,0,0,0,0,0,0,0,0
111662457,14719,0,2,0,0,0,0,0,0,0,0,0
111669681,14720,0,2,0,0,0,0,0,0,0,0,0
111676906,14721,0,2,0,0,0,0,0,0,0,0,0
111684129,14722,0,2,0,0,0,0,0,0,0,0,0
111691353,14723,0,2,0,0,0,0,0,0,0,0,0
111698577,14724,0,2,0,0,0,0,0,0,0,0,0
111705801,14725,0,2,0,0,0,0,0,0,0,0,0
111713026,14726,0,2,0,0,0,0,0,0,0,0,0
111720249,14727,0,2,0,0,0,0,0,0,0,0,0
111727473,14728,0,2,0,0,0,0,0,0,0,0,0
111734697,14729,0,2,0,0,0,0,0,0,0,0,0
111741921,14730,0,2,0,0,0,0,0,0,0,0,0
111749146,14731,0,2,0,0,0,0,0,0,0,0,0
111756369,14732,0,2,0,0,0,0,0,0,0,0,0
111763593,14733,0,2,0,0,0,0,0,0,0,0,0
111770817,14734,0,2,0,0,0,0,0,0,0,0,0
111778041,14735,0,2,0,0,0,0,0,0,0,0,0
111785265,14736,0,2,0,0,0,0,0,0,0,0,0
111792489,14737,0,2,0,0,0,0,0,0,0,0,0
111799713,14738,0,2,0,0,0,0,0,0,0,0,0
111806937,14739,0,2,0,0,0,0,0,0,0,0,0
111814161,14740,0,2,0,0,0,0,0,0,0,0,0
111821386,14741,0,2,0,0,0,0,0,0,0,0,0
111828609,14742,0,2,0,0,0,0,0,0,0,0,0
111835833,14743,0,2,0,0,0,0,0,0,0,0,0
111843057,14744,0,2,0,0,0,0,0,0,0,0,0
111850281,14745,0,2,0,0,0,0,0,0,0,0,0
111857505,14746,0,2,0,0,0,0,0,0,0,0,0
111864729,14747,0,2,0,0,0,0,0,0,0,0,0
111871953,14748,0,2,0,0,0,0,0,0,0,0,0
111879177,14749,0,2,0,0,0,0,0,0,0,0,0
111886401,14750,0,2,0,0,0,0,0,0,0,0,0
111893626,14751,0,2,0,0,0,0,0,0,0,0,0
111900849,14752,0,2,0,0,0,0,0,0,0,0,0
111908073,14753,0,2,0,0,0,0,0,0,0,0,0
111915297,14754,0,2,0,0,0,0,0,0,0,0,0
111922521,14755,0,2,0,0,0,0,0,0,0,0,0
111936407,14756,0,2,0,0,0,0,0,0,0,0,0
111943619,14757,0,2,0,0,0,0,0,0,0,0,0
111950843,14758,0,2,0,0,0,0,0,0,0,0,0
111958067,14759,0,2,0,0,0,0,0,0,0,0,0
111965291,14760,0,2,0,0,0,0,0,0,0,0,0
111972516,14761,0,2,0,0,0,0,0,0,0,0,0
111979739,14762,0,2,0,0,0,0,0,0,0,0,0
111986963,14763,0,2,0,0,0,0,0,0,0,0,0
111994187,14764,0,2,0,0,0,0,0,0,0,0,0
112001411,14765,0,2,0,0,0,0,0,0,0,0,0
112008635,14766,0,2,0,0,0,0,0,0,0,0,0
112015859,14767,0,2,0,0,0,0,0,0,0,0,0
112023083,14768,0,2,0,0,0,0,0,0,0,0,0
112030307,14769,0,2,0,0,0,0,0,0,0,0,0
112037531,14770,0,2,0,0,0,0,0,0,0,0,0
112044756,14771,0,2,0,0,0,0,0,0,0,0,0
112051979,14772,0,2,0,0,0,0,0,0,0,0,0
112059203,14773,0,2,0,0,0,0,0,0,0,0,0
112066427,14774,0,2,0,0,0,0,0,0,0,0,0
112073651,14775,0,2,0,0,0,0,0,0,0,0,0
112080875,14776,0,2,0,0,0,0,0,0,0,0,0
112088099,14777,0,2,0,0,0,0,0,0,0,0,0
112095323,14778,0,2,0,0,0,0,0,0,0,0,0
112102547,14779,0,2,0,0,0,0,0,0,0,0,0
112109771,14780,0,2,0,0,0,0,0,0,0,0,0
112116996,14781,0,2,0,0,0,0,0,0,0,0,0
112124219,14782,0,2,0,0,0,0,0,0,0,0,0
112131443,14783,0,2,0,0,0,0,0,0,0,0,0
112138667,14784,0,2,0,0,0,0,0,0,0,0,0
112145891,14785,0,2,0,0,0,0,0,0,0,0,0
112153115,14786,0,2,0,0,0,0,0,0,0,0,0
112160339,14787,0,2,0,0,0,0,0,0,0,0,0
112167563,14788,0,2,0,0,0,0,0,0,0,0,0
112174787,14789,0,2,0,0,0,0,0,0,0,0,0
112182011,14790,0,2,0,0,0,0,0,0,0,0,0
112189236,14791,0,2,0,0,0,0,0,0,0,0,0
112196459,14792,0,2,0,0,0,0,0,0,0,0,0
112203683,14793,0,2,0,0,0,0,0,0,0,0,0
112210907,14794,0,2,0,0,0,0,0,0,0,0,0
112218131,14795,0,2,0,0,0,0,0,0,0,0,0
112225355,14796,0,2,0,0,0,0,0,0,0,0,0
112232579,14797,0,2,0,0,0,0,0,0,0,0,0
112239803,14798,0,2,0,0,0,0,0,0,0,0,0
112247027,14799,0,2,0,0,0,0,0,0,0,0,0
112254251,14800,0,2,0,0,0,0,0,0,0,0,0
112261476,14801,0,2,0,0,0,0,0,0,0,0,0
112268699,14802,0,2,0,0,0,0,0,0,0,0,0
112275923,14803,0,2,0,0,0,0,0,0,0,0,0
112283147,14804,0,2,0,0,0,0,0,0,0,0,0
112290371,14805,0,2,0,0,0,0,0,0,0,0,0
112297595,14806,0,2,0,0,0,0,0,0,0,0,0
112304819,14807,0,2,0,0,0,0,0,0,0,0,0
112312043,14808,0,2,0,0,0,0,0,0,0,0,0
112319267,14809,0,2,0,0,0,0,0,0,0,0,0
112326491,14810,0,2,0,0,0,0,0,0,0,0,0
112333716,14811,0,2,0,0,0,0,0,0,0,0,0
112340939,14812,0,2,0,0,0,0,0,0,0,0,0
112348163,14813,0,2,0,0,0,0,0,0,0,0,0
112355387,14814,0,2,0,0,0,0,0,0,0,0,0
112362611,14815,0,2,0,0,0,0,0,0,0,0,0
112369835,14816,0,2,0,0,0,0,0,0,0,0,0
112377060,14817,0,2,0,0,0,0,0,0,0,0,0
112384283,14818,0,2,0,0,0,0,0,0,0,0,0
112391508,14819,0,2,0,0,0,0,0,0,0,0,0
112398731,14820,0,2,0,0,0,0,0,0,0,0,0
112405956,14821,0,2,0,0,0,0,0,0,0,0,0
112413179,14822,0,2,0,0,0,0,0,0,0,0,0
112420403,14823,0,2,0,0,0,0,0,0,0,0,0
112427627,14824,0,2,0,0,0,0,0,0,0,0,0
112434851,14825,0,2,0,0,0,0,0,0,0,0,0
112442075,14826,0,2,0,0,0,0,0,0,0,0,0
112449299,14827,0,2,0,0,0,0,0,0,0,0,0
112456523,14828,0,2,0,0,0,0,0,0,0,0,0
112463747,14829,0,2,0,0,0,0,0,0,0,0,0
112470971,14830,0,2,0,0,0,0,0,0,0,0,0
112478196,14831,0,2,0,0,0,0,0,0,0,0,0
112485419,14832,0,2,0,0,0,0,0,0,0,0,0
112492643,14833,0,2,0,0,0,0,0,0,0,0,0
112499867,14834,0,2,0,0,0,0,0,0,0,0,0
112507092,14835,0,2,0,0,0,0,0,0,0,0,0
112514315,14836,0,2,0,0,0,0,0,0,0,0,0
112521539,14837,0,2,0,0,0,0,0,0,0,0,0
112528763,14838,0,2,0,0,0,0,0,0,0,0,0
112535987,14839,0,2,0,0,0,0,0,0,0,0,0
112543211,14840,0,2,0,0,0,0,0,0,0,0,0
112550436,14841,0,2,0,0,0,0,0,0,0,0,0
112557659,14842,0,2,0,0,0,0,0,0,0,0,0
112564883,14843,0,2,0,0,0,0,0,0,0,0,0
112572107,14844,0,2,0,0,0,0,0,0,0,0,0
112579331,14845,0,2,0,0,0,0,0,0,0,0,0
112586555,14846,0,2,0,0,0,0,0,0,0,0,0
112593779,14847,0,2,0,0,0,0,0,0,0,0,0
112601003,14848,0,2,0,0,0,0,0,0,0,0,0
112608227,14849,0,2,0,0,0,0,0,0,0,0,0
112615451,14850,0,2,0,0,0,0,0,0,0,0,0
112622676,14851,0,2,0,0,0,0,0,0,0,0,0
112629899,14852,0,2,0,0,0,0,0,0,0,0,0
112637123,14853,0,2,0,0,0,0,0,0,0,0,0
112644347,14854,0,2,0,0,0,0,0,0,0,0,0
112651571,14855,0,2,0,0,0,0,0,0,0,0,0
112658795,14856,0,2,0,0,0,0,0,0,0,0,0
112666019,14857,0,2,0,0,0,0,0,0,0,0,0
112673243,14858,0,2,0,0,0,0,0,0,0,0,0
112680467,14859,0,2,0,0,0,0,0,0,0,0,0
112687691,14860,0,2,0,0,0,0,0,0,0,0,0
112694916,14861,0,2,0,0,0,0,0,0,0,0,0
112702139,14862,0,2,0,0,0,0,0,0,0,0,0
112709363,14863,0,2,0,0,0,0,0,0,0,0,0
112716587,14864,0,2,0,0,0,0,0,0,0,0,0
112723811,14865,0,2,0,0,0,0,0,0,0,0,0
112731035,14866,0,2,0,0,0,0,0,0,0,0,0
112738259,14867,0,2,0,0,0,0,0,0,0,0,0
112745483,14868,0,2,0,0,0,0,0,0,0,0,0
112752707,14869,0,2,0,0,0,0,0,0,0,0,0
112759931,14870,0,2,0,0,0,0,0,0,0,0,0
112767156,14871,0,2,0,0,0,0,0,0,0,0,0
112774379,14872,0,2,0,0,0,0,0,0,0,0,0
112781603,14873,0,2,0,0,0,0,0,0,0,0,0
112788827,14874,0,2,0,0,0,0,0,0,0,0,0
112796052,14875,0,2,0,0,0,0,0,0,0,0,0
112803275,14876,0,2,0,0,0,0,0,0,0,0,0
112810499,14877,0,2,0,0,0,0,0,0,0,0,0
112817723,14878,0,2,0,0,0,0,0,0,0,0,0
112824947,14879,0,2,0,0,0,0,0,0,0,0,0
112832171,14880,0,2,0,0,0,0,0,0,0,0,0
112839396,14881,0,2,0,0,0,0,0,0,0,0,0
112846619,14882,0,2,0,0,0,0,0,0,0,0,0
112853843,14883,0,2,0,0,0,0,0,0,0,0,0
112861067,14884,0,2,0,0,0,0,0,0,0,0,0
112868291,14885,0,2,0,0,0,0,0,0,0,0,0
112875515,14886,0,2,0,0,0,0,0,0,0,0,0
112882739,14887,0,2,0,0,0,0,0,0,0,0,0
112889963,14888,0,2,0,0,0,0,0,0,0,0,0
112897187,14889,0,2,0,0,0,0,0,0,0,0,0
112904411,14890,0,2,0,0,0,0,0,0,0,0,0
112911636,14891,0,2,0,0,0,0,0,0,0,0,0
112918859,14892,0,2,0,0,0,0,0,0,0,0,0
112926083,14893,0,2,0,0,0,0,0,0,0,0,0
112933307,14894,0,2,0,0,0,0,0,0,0,0,0
112940531,14895,0,2,0,0,0,0,0,0,0,0,0
112947755,14896,0,2,0,0,0,0,0,0,0,0,0
112954979,14897,0,2,0,0,0,0,0,0,0,0,0
112962203,14898,0,2,0,0,0,0,0,0,0,0,0
112969427,14899,0,2,0,0,0,0,0,0,0,0,0
112976651,14900,0,2,0,0,0,0,0,0,0,0,0
112983876,14901,0,2,0,0,0,0,0,0,0,0,0
112991099,14902,0,2,0,0,0,0,0,0,0,0,0
112998323,14903,0,2,0,0,0,0,0,0,0,0,0
113005547,14904,0,2,0,0,0,0,0,0,0,0,0
113012771,14905,0,2,0,0,0,0,0,0,0,0,0
113019995,14906,0,2,0,0,0,0,0,0,0,0,0
113027219,14907,0,2,0,0,0,0,0,0,0,0,0
113034443,14908,0,2,0,0,0,0,0,0,0,0,0
113041667,14909,0,2,0,0,0,0,0,0,0,0,0
113048891,14910,0,2,0,0,0,0,0,0,0,0,0
113056116,14911,0,2,0,0,0,0,0,0,0,0,0
113063339,14912,0,2,0,0,0,0,0,0,0,0,0
113070563,14913,0,2,0,0,0,0,0,0,0,0,0
113077787,14914,0,2,0,0,0,0,0,0,0,0,0
113085011,14915,0,2,0,0,0,0,0,0,0,0,0
113092235,14916,0,2,0,0,0,0,0,0,0,0,0
113099459,14917,0,2,0,0,0,0,0,0,0,0,0
113106683,14918,0,2,0,0,0,0,0,0,0,0,0
113113907,14919,0,2,0,0,0,0,0,0,0,0,0
113121131,14920,0,2,0,0,0,0,0,0,0,0,0
113128356,14921,0,2,0,0,0,0,0,0,0,0,0
113135579,14922,0,2,0,0,0,0,0,0,0,0,0
113142803,14923,0,2,0,0,0,0,0,0,0,0,0
113150027,14924,0,2,0,0,0,0,0,0,0,0,0
113157251,14925,0,2,0,0,0,0,0,0,0,0,0
113164475,14926,0,2,0,0,0,0,0,0,0,0,0
113171699,14927,0,2,0,0,0,0,0,0,0,0,0
113178923,14928,0,2,0,0,0,0,0,0,0,0,0
113186147,14929,0,2,0,0,0,0,0,0,0,0,0
113193371,14930,0,2,0,0,0,0,0,0,0,0,0
113200596,14931,0,2,0,0,0,0,0,0,0,0,0
113207819,14932,0,2,0,0,0,0,0,0,0,0,0
113215043,14933,0,2,0,0,0,0,0,0,0,0,0
113222267,14934,0,2,0,0,0,0,0,0,0,0,0
113229491,14935,0,2,0,0,0,0,0,0,0,0,0
113236715,14936,0,2,0,0,0,0,0,0,0,0,0
113243939,14937,0,2,0,0,0,0,0,0,0,0,0
113251163,14938,0,2,0,0,0,0,0,0,0,0,0
113258387,14939,0,2,0,0,0,0,0,0,0,0,0
113265611,14940,0,2,0,0,0,0,0,0,0,0,0
113272836,14941,0,2,0,0,0,0,0,0,0,0,0
113280059,14942,0,2,0,0,0,0,0,0,0,0,0
113287283,14943,0,2,0,0,0,0,0,0,0,0,0
113294508,14944,0,2,0,0,0,0,0,0,0,0,0
113301731,14945,0,2,0,0,0,0,0,0,0,0,0
113308955,14946,0,2,0,0,0,0,0,0,0,0,0
113316179,14947,0,2,0,0,0,0,0,0,0,0,0
113323403,14948,0,2,0,0,0,0,0,0,0,0,0
113330627,14949,0,2,0,0,0,0,0,0,0,0,0
113337851,14950,0,2,0,0,0,0,0,0,0,0,0
113345076,14951,0,2,0,0,0,0,0,0,0,0,0
113352299,14952,0,2,0,0,0,0,0,0,0,0,0
113359523,14953,0,2,0,0,0,0,0,0,0,0,0
113366747,14954,0,2,0,0,0,0,0,0,0,0,0
113373971,14955,0,2,0,0,0,0,0,0,0,0,0
113381195,14956,0,2,0,0,0,0,0,0,0,0,0
113388419,14957,0,2,0,0,0,0,0,0,0,0,0
113395643,14958,0,2,0,0,0,0,0,0,0,0,0
113402867,14959,0,2,0,0,0,0,0,0,0,0,0
113410092,14960,0,2,0,0,0,0,0,0,0,0,0
113417316,14961,0,2,0,0,0,0,0,0,0,0,0
113424539,14962,0,2,0,0,0,0,0,0,0,0,0
113431763,14963,0,2,0,0,0,0,0,0,0,0,0
113438987,14964,0,2,0,0,0,0,0,0,0,0,0
113446211,14965,0,2,0,0,0,0,0,0,0,0,0
113453435,14966,0,2,0,0,0,0,0,0,0,0,0
113460659,14967,0,2,0,0,0,0,0,0,0,0,0
113467883,14968,0,2,0,0,0,0,0,0,0,0,0
113475107,14969,0,2,0,0,0,0,0,0,0,0,0
113482331,14970,0,2,0,0,0,0,0,0,0,0,0
113489556,14971,0,2,0,0,0,0,0,0,0,0,0
113496779,14972,0,2,0,0,0,0,0,0,0,0,0
113504003,14973,0,2,0,0,0,0,0,0,0,0,0
113511227,14974,0,2,0,0,0,0,0,0,0,0,0
113518451,14975,0,2,0,0,0,0,0,0,0,0,0
113525675,14976,0,2,0,0,0,0,0,0,0,0,0
113532899,14977,0,2,0,0,0,0,0,0,0,0,0
113540123,14978,0,2,0,0,0,0,0,0,0,0,0
113547347,14979,0,2,0,0,0,0,0,0,0,0,0
113554571,14980,0,2,0,0,0,0,0,0,0,0,0
113561796,14981,0,2,0,0,0,0,0,0,0,0,0
113569020,14982,0,2,0,0,0,0,0,0,0,0,0
113580685,14983,0,2,0,0,0,0,0,0,0,0,0
113587896,14984,0,2,0,0,0,0,0,0,0,0,0
113595120,14985,0,2,0,0,0,0,0,0,0,0,0
113602344,14986,0,2,0,0,0,0,0,0,0,0,0
113609568,14987,0,2,0,0,0,0,0,0,0,0,0
113616792,14988,0,2,0,0,0,0,0,0,0,0,0
113624016,14989,0,2,0,0,0,0,0,0,0,0,0
113631240,14990,0,2,0,0,0,0,0,0,0,0,0
113638465,14991,0,2,0,0,0,0,0,0,0,0,0
113645688,14992,0,2,0,0,0,0,0,0,0,0,0
113652912,14993,0,2,0,0,0,0,0,0,0,0,0
113660136,14994,0,2,0,0,0,0,0,0,0,0,0
113667360,14995,0,2,0,0,0,0,0,0,0,0,0
113674584,14996,0,2,0,0,0,0,0,0,0,0,0
113681808,14997,0,2,0,0,0,0,0,0,0,0,0
113689032,14998,0,2,0,0,0,0,0,0,0,0,0
113696256,14999,0,2,0,0,0,0,0,0,0,0,0
113703480,15000,0,2,0,0,0,0,0,0,0,0,0
113710705,15001,0,2,0,0,0,0,0,0,0,0,0
113717928,15002,0,2,0,0,0,0,0,0,0,0,0
113725152,15003,0,2,0,0,0,0,0,0,0,0,0
113732376,15004,0,2,0,0,0,0,0,0,0,0,0
113739600,15005,0,2,0,0,0,0,0,0,0,0,0
113746824,15006,0,2,0,0,0,0,0,0,0,0,0
113754048,15007,0,2,0,0,0,0,0,0,0,0,0
113761272,15008,0,2,0,0,0,0,0,0,0,0,0
113768496,15009,0,2,0,0,0,0,0,0,0,0,0
113775720,15010,0,2,0,0,0,0,0,0,0,0,0
113782945,15011,0,2,0,0,0,0,0,0,0,0,0
113790168,15012,0,2,0,0,0,0,0,0,0,0,0
113797392,15013,0,2,0,0,0,0,0,0,0,0,0
113804616,15014,0,2,0,0,0,0,0,0,0,0,0
113811840,15015,0,2,0,0,0,0,0,0,0,0,0
113819064,15016,0,2,0,0,0,0,0,0,0,0,0
113826288,15017,0,2,0,0,0,0,0,0,0,0,0
113833512,15018,0,2,0,0,0,0,0,0,0,0,0
113840736,15019,0,2,0,0,0,0,0,0,0,0,0
113847960,15020,0,2,0,0,0,0,0,0,0,0,0
113855185,15021,0,2,0,0,0,0,0,0,0,0,0
113862408,15022,0,2,0,0,0,0,0,0,0,0,0
113869632,15023,0,2,0,0,0,0,0,0,0,0,0
113876856,15024,0,2,0,0,0,0,0,0,0,0,0
113884080,15025,0,2,0,0,0,0,0,0,0,0,0
113891304,15026,0,2,0,0,0,0,0,0,0,0,0
113898528,15027,0,2,0,0,0,0,0,0,0,0,0
113905752,15028,0,2,0,0,0,0,0,0,0,0,0
113912976,15029,0,2,0,0,0,0,0,0,0,0,0
113920200,15030,0,2,0,0,0,0,0,0,0,0,0
113927425,15031,0,2,0,0,0,0,0,0,0,0,0
113934648,15032,0,2,0,0,0,0,0,0,0,0,0
113941872,15033,0,2,0,0,0,0,0,0,0,0,0
113949096,15034,0,2,0,0,0,0,0,0,0,0,0
113956320,15035,0,2,0,0,0,0,0,0,0,0,0
113963544,15036,0,2,0,0,0,0,0,0,0,0,0
113970768,15037,0,2,0,0,0,0,0,0,0,0,0
113977992,15038,0,2,0,0,0,0,0,0,0,0,0
113985216,15039,0,2,0,0,0,0,0,0,0,0,0
113992440,15040,0,2,0,0,0,0,0,0,0,0,0
113999665,15041,0,2,0,0,0,0,0,0,0,0,0
114006888,15042,0,2,0,0,0,0,0,0,0,0,0
114014113,15043,0,2,0,0,0,0,0,0,0,0,0
114021336,15044,0,2,0,0,0,0,0,0,0,0,0
114028560,15045,0,2,0,0,0,0,0,0,0,0,0
114035784,15046,0,2,0,0,0,0,0,0,0,0,0
114043008,15047,0,2,0,0,0,0,0,0,0,0,0
114050232,15048,0,2,0,0,0,0,0,0,0,0,0
114057456,15049,0,2,0,0,0,0,0,0,0,0,0
114064680,15050,0,2,0,0,0,0,0,0,0,0,0
114071905,15051,0,2,0,0,0,0,0,0,0,0,0
114079128,15052,0,2,0,0,0,0,0,0,0,0,0
114086352,15053,0,2,0,0,0,0,0,0,0,0,0
114093576,15054,0,2,0,0,0,0,0,0,0,0,0
114100800,15055,0,2,0,0,0,0,0,0,0,0,0
114108024,15056,0,2,0,0,0,0,0,0,0,0,0
114115248,15057,0,2,0,0,0,0,0,0,0,0,0
114122472,15058,0,2,0,0,0,0,0,0,0,0,0
114129696,15059,0,2,0,0,0,0,0,0,0,0,0
114136920,15060,0,2,0,0,0,0,0,0,0,0,0
114144145,15061,0,2,0,0,0,0,0,0,0,0,0
114151368,15062,0,2,0,0,0,0,0,0,0,0,0
114158592,15063,0,2,0,0,0,0,0,0,0,0,0
114165816,15064,0,2,0,0,0,0,0,0,0,0,0
114173040,15065,0,2,0,0,0,0,0,0,0,0,0
114180264,15066,0,2,0,0,0,0,0,0,0,0,0
114187488,15067,0,2,0,0,0,0,0,0,0,0,0
114194712,15068,0,2,0,0,0,0,0,0,0,0,0
114201936,15069,0,2,0,0,0,0,0,0,0,0,0
114209160,15070,0,2,0,0,0,0,0,0,0,0,0
114216385,15071,0,2,0,0,0,0,0,0,0,0,0
114223608,15072,0,2,0,0,0,0,0,0,0,0,0
114230832,15073,0,2,0,0,0,0,0,0,0,0,0
114238056,15074,0,2,0,0,0,0,0,0,0,0,0
114245280,15075,0,2,0,0,0,0,0,0,0,0,0
114252504,15076,0,2,0,0,0,0,0,0,0,0,0
114259728,15077,0,2,0,0,0,0,0,0,0,0,0
114266952,15078,0,2,0,0,0,0,0,0,0,0,0
114274176,15079,0,2,0,0,0,0,0,0,0,0,0
114281400,15080,0,2,0,0,0,0,0,0,0,0,0
114288625,15081,0,2,0,0,0,0,0,0,0,0,0
114295848,15082,0,2,0,0,0,0,0,0,0,0,0
114303072,15083,0,2,0,0,0,0,0,0,0,0,0
114310296,15084,0,2,0,0,0,0,0,0,0,0,0
114317520,15085,0,2,0,0,0,0,0,0,0,0,0
114324744,15086,0,2,0,0,0,0,0,0,0,0,0
114331968,15087,0,2,0,0,0,0,0,0,0,0,0
114339192,15088,0,2,0,0,0,0,0,0,0,0,0
114346416,15089,0,2,0,0,0,0,0,0,0,0,0
114353640,15090,0,2,0,0,0,0,0,0,0,0,0
114360865,15091,0,2,0,0,0,0,0,0,0,0,0
114368089,15092,0,2,0,0,0,0,0,0,0,0,0
114375312,15093,0,2,0,0,0,0,0,0,0,0,0
114382536,15094,0,2,0,0,0,0,0,0,0,0,0
114389760,15095,0,2,0,0,0,0,0,0,0,0,0
114396984,15096,0,2,0,0,0,0,0,0,0,0,0
114404208,15097,0,2,0,0,0,0,0,0,0,0,0
114411432,15098,0,2,0,0,0,0,0,0,0,0,0
114418656,15099,0,2,0,0,0,0,0,0,0,0,0
114425880,15100,0,2,0,0,0,0,0,0,0,0,0
114433105,15101,0,2,0,0,0,0,0,0,0,0,0
114440328,15102,0,2,0,0,0,0,0,0,0,0,0
114447552,15103,0,2,0,0,0,0,0,0,0,0,0
114454776,15104,0,2,0,0,0,0,0,0,0,0,0
114462000,15105,0,2,0,0,0,0,0,0,0,0,0
114469224,15106,0,2,0,0,0,0,0,0,0,0,0
114476448,15107,0,2,0,0,0,0,0,0,0,0,0
114483672,15108,0,2,0,0,0,0,0,0,0,0,0
114490896,15109,0,2,0,0,0,0,0,0,0,0,0
114498120,15110,0,2,0,0,0,0,0,0,0,0,0
114505345,15111,0,2,0,0,0,0,0,0,0,0,0
114512568,15112,0,2,0,0,0,0,0,0,0,0,0
114519792,15113,0,2,0,0,0,0,0,0,0,0,0
114527016,15114,0,2,0,0,0,0,0,0,0,0,0
114534240,15115,0,2,0,0,0,0,0,0,0,0,0
114541464,15116,0,2,0,0,0,0,0,0,0,0,0
114548688,15117,0,2,0,0,0,0,0,0,0,0,0
114555912,15118,0,2,0,0,0,0,0,0,0,0,0
114563136,15119,0,2,0,0,0,0,0,0,0,0,0
114570360,15120,0,2,0,0,0,0,0,0,0,0,0
114577585,15121,0,2,0,0,0,0,0,0,0,0,0
114584808,15122,0,2,0,0,0,0,0,0,0,0,0
114592033,15123,0,2,0,0,0,0,0,0,0,0,0
114599256,15124,0,2,0,0,0,0,0,0,0,0,0
114606480,15125,0,2,0,0,0,0,0,0,0,0,0
114613704,15126,0,2,0,0,0,0,0,0,0,0,0
114620928,15127,0,2,0,0,0,0,0,0,0,0,0
114628152,15128,0,2,0,0,0,0,0,0,0,0,0
114635376,15129,0,2,0,0,0,0,0,0,0,0,0
114642600,15130,0,2,0,0,0,0,0,0,0,0,0
114649825,15131,0,2,0,0,0,0,0,0,0,0,0
114657048,15132,0,2,0,0,0,0,0,0,0,0,0
114664272,15133,0,2,0,0,0,0,0,0,0,0,0
114671496,15134,0,2,0,0,0,0,0,0,0,0,0
114678720,15135,0,2,0,0,0,0,0,0,0,0,0
114685944,15136,0,2,0,0,0,0,0,0,0,0,0
114693168,15137,0,2,0,0,0,0,0,0,0,0,0
114700392,15138,0,2,0,0,0,0,0,0,0,0,0
114707616,15139,0,2,0,0,0,0,0,0,0,0,0
114714840,15140,0,2,0,0,0,0,0,0,0,0,0
114722065,15141,0,2,0,0,0,0,0,0,0,0,0
114729288,15142,0,2,0,0,0,0,0,0,0,0,0
114736512,15143,0,2,0,0,0,0,0,0,0,0,0
114743736,15144,0,2,0,0,0,0,0,0,0,0,0
114750960,15145,0,2,0,0,0,0,0,0,0,0,0
114758185,15146,0,2,0,0,0,0,0,0,0,0,0
114765408,15147,0,2,0,0,0,0,0,0,0,0,0
114772632,15148,0,2,0,0,0,0,0,0,0,0,0
114779856,15149,0,2,0,0,0,0,0,0,0,0,0
114787080,15150,0,2,0,0,0,0,0,0,0,0,0
114794305,15151,0,2,0,0,0,0,0,0,0,0,0
114801528,15152,0,2,0,0,0,0,0,0,0,0,0
114808752,15153,0,2,0,0,0,0,0,0,0,0,0
114815976,15154,0,2,0,0,0,0,0,0,0,0,0
114823200,15155,0,2,0,0,0,0,0,0,0,0,0
114830424,15156,0,2,0,0,0,0,0,0,0,0,0
114837648,15157,0,2,0,0,0,0,0,0,0,0,0
114844872,15158,0,2,0,0,0,0,0,0,0,0,0
114852096,15159,0,2,0,0,0,0,0,0,0,0,0
114859320,15160,0,2,0,0,0,0,0,0,0,0,0
114866545,15161,0,2,0,0,0,0,0,0,0,0,0
114873768,15162,0,2,0,0,0,0,0,0,0,0,0
114880992,15163,0,2,0,0,0,0,0,0,0,0,0
114888216,15164,0,2,0,0,0,0,0,0,0,0,0
114895440,15165,0,2,0,0,0,0,0,0,0,0,0
114902664,15166,0,2,0,0,0,0,0,0,0,0,0
114909888,15167,0,2,0,0,0,0,0,0,0,0,0
114917112,15168,0,2,0,0,0,0,0,0,0,0,0
114924336,15169,0,2,0,0,0,0,0,0,0,0,0
114931560,15170,0,2,0,0,0,0,0,0,0,0,0
114938785,15171,0,2,0,0,0,0,0,0,0,0,0
114946008,15172,0,2,0,0,0,0,0,0,0,0,0
114953232,15173,0,2,0,0,0,0,0,0,0,0,0
114960456,15174,0,2,0,0,0,0,0,0,0,0,0
114967680,15175,0,2,0,0,0,0,0,0,0,0,0
114974904,15176,0,2,0,0,0,0,0,0,0,0,0
114982128,15177,0,2,0,0,0,0,0,0,0,0,0
114989352,15178,0,2,0,0,0,0,0,0,0,0,0
114996576,15179,0,2,0,0,0,0,0,0,0,0,0
115003800,15180,0,2,0,0,0,0,0,0,0,0,0
115011025,15181,0,2,0,0,0,0,0,0,0,0,0
115018248,15182,0,2,0,0,0,0,0,0,0,0,0
115025472,15183,0,2,0,0,0,0,0,0,0,0,0
115032696,15184,0,2,0,0,0,0,0,0,0,0,0
115039920,15185,0,2,0,0,0,0,0,0,0,0,0
115047144,15186,0,2,0,0,0,0,0,0,0,0,0
115054368,15187,0,2,0,0,0,0,0,0,0,0,0
115061592,15188,0,2,0,0,0,0,0,0,0,0,0
115068816,15189,0,2,0,0,0,0,0,0,0,0,0
115076040,15190,0,2,0,0,0,0,0,0,0,0,0
115083265,15191,0,2,0,0,0,0,0,0,0,0,0
115090488,15192,0,2,0,0,0,0,0,0,0,0,0
115097712,15193,0,2,0,0,0,0,0,0,0,0,0
115104936,15194,0,2,0,0,0,0,0,0,0,0,0
115112160,15195,0,2,0,0,0,0,0,0,0,0,0
115119384,15196,0,2,0,0,0,0,0,0,0,0,0
115126608,15197,0,2,0,0,0,0,0,0,0,0,0
115133832,15198,0,2,0,0,0,0,0,0,0,0,0
115141056,15199,0,2,0,0,0,0,0,0,0,0,0
115148280,15200,0,2,0,0,0,0,0,0,0,0,0
115155505,15201,0,2,0,0,0,0,0,0,0,0,0
115162728,15202,0,2,0,0,0,0,0,0,0,0,0
115169952,15203,0,2,0,0,0,0,0,0,0,0,0
115177176,15204,0,2,0,0,0,0,0,0,0,0,0
115184400,15205,0,2,0,0,0,0,0,0,0,0,0
115191624,15206,0,2,0,0,0,0,0,0,0,0,0
115198848,15207,0,2,0,0,0,0,0,0,0,0,0
115206072,15208,0,2,0,0,0,0,0,0,0,0,0
115213296,15209,0,2,0,0,0,0,0,0,0,0,0
115226908,15210,0,2,0,0,0,0,0,0,0,0,0
115234121,15211,0,2,0,0,0,0,0,0,0,0,0
115241344,15212,0,2,0,0,0,0,0,0,0,0,0
115248568,15213,0,2,0,0,0,0,0,0,0,0,0
115255792,15214,0,2,0,0,0,0,0,0,0,0,0
115263017,15215,0,2,0,0,0,0,0,0,0,0,0
115270240,15216,0,2,0,0,0,0,0,0,0,0,0
115277464,15217,0,2,0,0,0,0,0,0,0,0,0
115284688,15218,0,2,0,0,0,0,0,0,0,0,0
115291912,15219,0,2,0,0,0,0,0,0,0,0,0
115299136,15220,0,2,0,0,0,0,0,0,0,0,0
115306361,15221,0,2,0,0,0,0,0,0,0,0,0
115313584,15222,0,2,0,0,0,0,0,0,0,0,0
115320808,15223,0,2,0,0,0,0,0,0,0,0,0
115328033,15224,0,2,0,0,0,0,0,0,0,0,0
115335256,15225,0,2,0,0,0,0,0,0,0,0,0
115342480,15226,0,2,0,0,0,0,0,0,0,0,0
115349704,15227,0,2,0,0,0,0,0,0,0,0,0
115356928,15228,0,2,0,0,0,0,0,0,0,0,0
115364152,15229,0,2,0,0,0,0,0,0,0,0,0
115371376,15230,0,2,0,0,0,0,0,0,0,0,0
115378601,15231,0,2,0,0,0,0,0,0,0,0,0
115385824,15232,0,2,0,0,0,0,0,0,0,0,0
115393048,15233,0,2,0,0,0,0,0,0,0,0,0
115400272,15234,0,2,0,0,0,0,0,0,0,0,0
115407496,15235,0,2,0,0,0,0,0,0,0,0,0
115414720,15236,0,2,0,0,0,0,0,0,0,0,0
115421944,15237,0,2,0,0,0,0,0,0,0,0,0
115429168,15238,0,2,0,0,0,0,0,0,0,0,0
115436392,15239,0,2,0,0,0,0,0,0,0,0,0
115443616,15240,0,2,0,0,0,0,0,0,0,0,0
115450841,15241,0,2,0,0,0,0,0,0,0,0,0
115458064,15242,0,2,0,0,0,0,0,0,0,0,0
115465288,15243,0,2,0,0,0,0,0,0,0,0,0
115472512,15244,0,2,0,0,0,0,0,0,0,0,0
115479736,15245,0,2,0,0,0,0,0,0,0,0,0
115486960,15246,0,2,0,0,0,0,0,0,0,0,0
115494184,15247,0,2,0,0,0,0,0,0,0,0,0
115501408,15248,0,2,0,0,0,0,0,0,0,0,0
115508632,15249,0,2,0,0,0,0,0,0,0,0,0
115515856,15250,0,2,0,0,0,0,0,0,0,0,0
115523081,15251,0,2,0,0,0,0,0,0,0,0,0
115530304,15252,0,2,0,0,0,0,0,0,0,0,0
115537528,15253,0,2,0,0,0,0,0,0,0,0,0
115544752,15254,0,2,0,0,0,0,0,0,0,0,0
115551976,15255,0,2,0,0,0,0,0,0,0,0,0
115559200,15256,0,2,0,0,0,0,0,0,0,0,0
115566424,15257,0,2,0,0,0,0,0,0,0,0,0
115573648,15258,0,2,0,0,0,0,0,0,0,0,0
115580872,15259,0,2,0,0,0,0,0,0,0,0,0
115588096,15260,0,2,0,0,0,0,0,0,0,0,0
115595321,15261,0,2,0,0,0,0,0,0,0,0,0
115602544,15262,0,2,0,0,0,0,0,0,0,0,0
115609768,15263,0,2,0,0,0,0,0,0,0,0,0
115616992,15264,0,2,0,0,0,0,0,0,0,0,0
115624216,15265,0,2,0,0,0,0,0,0,0,0,0
115631440,15266,0,2,0,0,0,0,0,0,0,0,0
115638664,15267,0,2,0,0,0,0,0,0,0,0,0
115645888,15268,0,2,0,0,0,0,0,0,0,0,0
115653112,15269,0,2,0,0,0,0,0,0,0,0,0
115660336,15270,0,2,0,0,0,0,0,0,0,0,0
115667561,15271,0,2,0,0,0,0,0,0,0,0,0
115674784,15272,0,2,0,0,0,0,0,0,0,0,0
115682008,15273,0,2,0,0,0,0,0,0,0,0,0
115689232,15274,0,2,0,0,0,0,0,0,0,0,0
115696456,15275,0,2,0,0,0,0,0,0,0,0,0
115703680,15276,0,2,0,0,0,0,0,0,0,0,0
115710904,15277,0,2,0,0,0,0,0,0,0,0,0
115718128,15278,0,2,0,0,0,0,0,0,0,0,0
115725352,15279,0,2,0,0,0,0,0,0,0,0,0
115732576,15280,0,2,0,0,0,0,0,0,0,0,0
115739801,15281,0,2,0,0,0,0,0,0,0,0,0
115747024,15282,0,2,0,0,0,0,0,0,0,0,0
115754248,15283,0,2,0,0,0,0,0,0,0,0,0
115761472,15284,0,2,0,0,0,0,0,0,0,0,0
115768696,15285,0,2,0,0,0,0,0,0,0,0,0
115775920,15286,0,2,0,0,0,0,0,0,0,0,0
115783144,15287,0,2,0,0,0,0,0,0,0,0,0
115790368,15288,0,2,0,0,0,0,0,0,0,0,0
115797592,15289,0,2,0,0,0,0,0,0,0,0,0
115804816,15290,0,2,0,0,0,0,0,0,0,0,0
115812041,15291,0,2,0,0,0,0,0,0,0,0,0
115819264,15292,0,2,0,0,0,0,0,0,0,0,0
115826488,15293,0,2,0,0,0,0,0,0,0,0,0
115833712,15294,0,2,0,0,0,0,0,0,0,0,0
115840936,15295,0,2,0,0,0,0,0,0,0,0,0
115848160,15296,0,2,0,0,0,0,0,0,0,0,0
115855384,15297,0,2,0,0,0,0,0,0,0,0,0
115862608,15298,0,2,0,0,0,0,0,0,0,0,0
115869832,15299,0,2,0,0,0,0,0,0,0,0,0
115877056,15300,0,2,0,0,0,0,0,0,0,0,0
115884281,15301,0,2,0,0,0,0,0,0,0,0,0
115891504,15302,0,2,0,0,0,0,0,0,0,0,0
115898728,15303,0,2,0,0,0,0,0,0,0,0,0
115905952,15304,0,2,0,0,0,0,0,0,0,0,0
115913176,15305,0,2,0,0,0,0,0,0,0,0,0
115920400,15306,0,2,0,0,0,0,0,0,0,0,0
115927624,15307,0,2,0,0,0,0,0,0,0,0,0
115934848,15308,0,2,0,0,0,0,0,0,0,0,0
115942072,15309,0,2,0,0,0,0,0,0,0,0,0
115949296,15310,0,2,0,0,0,0,0,0,0,0,0
115956521,15311,0,2,0,0,0,0,0,0,0,0,0
115963744,15312,0,2,0,0,0,0,0,0,0,0,0
115970968,15313,0,2,0,0,0,0,0,0,0,0,0
115978192,15314,0,2,0,0,0,0,0,0,0,0,0
115985416,15315,0,2,0,0,0,0,0,0,0,0,0
115992640,15316,0,2,0,0,0,0,0,0,0,0,0
115999864,15317,0,2,0,0,0,0,0,0,0,0,0
116007088,15318,0,2,0,0,0,0,0,0,0,0,0
116014312,15319,0,2,0,0,0,0,0,0,0,0,0
116021536,15320,0,2,0,0,0,0,0,0,0,0,0
116028761,15321,0,2,0,0,0,0,0,0,0,0,0
116035984,15322,0,2,0,0,0,0,0,0,0,0,0
116043208,15323,0,2,0,0,0,0,0,0,0,0,0
116050432,15324,0,2,0,0,0,0,0,0,0,0,0
116057656,15325,0,2,0,0,0,0,0,0,0,0,0
116064880,15326,0,2,0,0,0,0,0,0,0,0,0
116072104,15327,0,2,0,0,0,0,0,0,0,0,0
116079328,15328,0,2,0,0,0,0,0,0,0,0,0
116086552,15329,0,2,0,0,0,0,0,0,0,0,0
116093776,15330,0,2,0,0,0,0,0,0,0,0,0
116101001,15331,0,2,0,0,0,0,0,0,0,0,0
116108224,15332,0,2,0,0,0,0,0,0,0,0,0
116115448,15333,0,2,0,0,0,0,0,0,0,0,0
116122672,15334,0,2,0,0,0,0,0,0,0,0,0
116129896,15335,0,2,0,0,0,0,0,0,0,0,0
116137120,15336,0,2,0,0,0,0,0,0,0,0,0
116144344,15337,0,2,0,0,0,0,0,0,0,0,0
116151568,15338,0,2,0,0,0,0,0,0,0,0,0
116158792,15339,0,2,0,0,0,0,0,0,0,0,0
116166016,15340,0,2,0,0,0,0,0,0,0,0,0
116173241,15341,0,2,0,0,0,0,0,0,0,0,0
116180464,15342,0,2,0,0,0,0,0,0,0,0,0
116187688,15343,0,2,0,0,0,0,0,0,0,0,0
116194912,15344,0,2,0,0,0,0,0,0,0,0,0
116202136,15345,0,2,0,0,0,0,0,0,0,0,0
116209360,15346,0,2,0,0,0,0,0,0,0,0,0
116216584,15347,0,2,0,0,0,0,0,0,0,0,0
116223808,15348,0,2,0,0,0,0,0,0,0,0,0
116231032,15349,0,2,0,0,0,0,0,0,0,0,0
116238256,15350,0,2,0,0,0,0,0,0,0,0,0
116245481,15351,0,2,0,0,0,0,0,0,0,0,0
116252704,15352,0,2,0,0,0,0,0,0,0,0,0
116259928,15353,0,2,0,0,0,0,0,0,0,0,0
116267152,15354,0,2,0,0,0,0,0,0,0,0,0
116274376,15355,0,2,0,0,0,0,0,0,0,0,0
116281600,15356,0,2,0,0,0,0,0,0,0,0,0
116288824,15357,0,2,0,0,0,0,0,0,0,0,0
116296048,15358,0,2,0,0,0,0,0,0,0,0,0
116303272,15359,0,2,0,0,0,0,0,0,0,0,0
116310496,15360,0,2,0,0,0,0,0,0,0,0,0
116317721,15361,0,2,0,0,0,0,0,0,0,0,0
116324944,15362,0,2,0,0,0,0,0,0,0,0,0
116332168,15363,0,2,0,0,0,0,0,0,0,0,0
116339392,15364,0,2,0,0,0,0,0,0,0,0,0
116346616,15365,0,2,0,0,0,0,0,0,0,0,0
116353840,15366,0,2,0,0,0,0,0,0,0,0,0
116361064,15367,0,2,0,0,0,0,0,0,0,0,0
116368288,15368,0,2,0,0,0,0,0,0,0,0,0
116375512,15369,0,2,0,0,0,0,0,0,0,0,0
116382736,15370,0,2,0,0,0,0,0,0,0,0,0
116389961,15371,0,2,0,0,0,0,0,0,0,0,0
116397184,15372,0,2,0,0,0,0,0,0,0,0,0
116404408,15373,0,2,0,0,0,0,0,0,0,0,0
116411632,15374,0,2,0,0,0,0,0,0,0,0,0
116418856,15375,0,2,0,0,0,0,0,0,0,0,0
116426080,15376,0,2,0,0,0,0,0,0,0,0,0
116433304,15377,0,2,0,0,0,0,0,0,0,0,0
116440528,15378,0,2,0,0,0,0,0,0,0,0,0
116447752,15379,0,2,0,0,0,0,0,0,0,0,0
116454976,15380,0,2,0,0,0,0,0,0,0,0,0
116462201,15381,0,2,0,0,0,0,0,0,0,0,0
116469424,15382,0,2,0,0,0,0,0,0,0,0,0
116476648,15383,0,2,0,0,0,0,0,0,0,0,0
116483872,15384,0,2,0,0,0,0,0,0,0,0,0
116491096,15385,0,2,0,0,0,0,0,0,0,0,0
116498320,15386,0,2,0,0,0,0,0,0,0,0,0
116505544,15387,0,2,0,0,0,0,0,0,0,0,0
116512768,15388,0,2,0,0,0,0,0,0,0,0,0
116519992,15389,0,2,0,0,0,0,0,0,0,0,0
116527216,15390,0,2,0,0,0,0,0,0,0,0,0
116534441,15391,0,2,0,0,0,0,0,0,0,0,0
116541664,15392,0,2,0,0,0,0,0,0,0,0,0
116548888,15393,0,2,0,0,0,0,0,0,0,0,0
116556113,15394,0,2,0,0,0,0,0,0,0,0,0
116563336,15395,0,2,0,0,0,0,0,0,0,0,0
116570560,15396,0,2,0,0,0,0,0,0,0,0,0
116577784,15397,0,2,0,0,0,0,0,0,0,0,0
116585008,15398,0,2,0,0,0,0,0,0,0,0,0
116592232,15399,0,2,0,0,0,0,0,0,0,0,0
116599456,15400,0,2,0,0,0,0,0,0,0,0,0
116606681,15401,0,2,0,0,0,0,0,0,0,0,0
116613904,15402,0,2,0,0,0,0,0,0,0,0,0
116621128,15403,0,2,0,0,0,0,0,0,0,0,0
116628352,15404,0,2,0,0,0,0,0,0,0,0,0
116635576,15405,0,2,0,0,0,0,0,0,0,0,0
116642800,15406,0,2,0,0,0,0,0,0,0,0,0
116650024,15407,0,2,0,0,0,0,0,0,0,0,0
116657248,15408,0,2,0,0,0,0,0,0,0,0,0
116664472,15409,0,2,0,0,0,0,0,0,0,0,0
116671696,15410,0,2,0,0,0,0,0,0,0,0,0
116678921,15411,0,2,0,0,0,0,0,0,0,0,0
116686144,15412,0,2,0,0,0,0,0,0,0,0,0
116693368,15413,0,2,0,0,0,0,0,0,0,0,0
116700592,15414,0,2,0,0,0,0,0,0,0,0,0
116707816,15415,0,2,0,0,0,0,0,0,0,0,0
116715040,15416,0,2,0,0,0,0,0,0,0,0,0
116722264,15417,0,2,0,0,0,0,0,0,0,0,0
116729488,15418,0,2,0,0,0,0,0,0,0,0,0
116736712,15419,0,2,0,0,0,0,0,0,0,0,0
116743936,15420,0,2,0,0,0,0,0,0,0,0,0
116751161,15421,0,2,0,0,0,0,0,0,0,0,0
116758384,15422,0,2,0,0,0,0,0,0,0,0,0
116765608,15423,0,2,0,0,0,0,0,0,0,0,0
116772832,15424,0,2,0,0,0,0,0,0,0,0,0
116780056,15425,0,2,0,0,0,0,0,0,0,0,0
116787280,15426,0,2,0,0,0,0,0,0,0,0,0
116794504,15427,0,2,0,0,0,0,0,0,0,0,0
116801728,15428,0,2,0,0,0,0,0,0,0,0,0
116808952,15429,0,2,0,0,0,0,0,0,0,0,0
116816176,15430,0,2,0,0,0,0,0,0,0,0,0
116823401,15431,0,2,0,0,0,0,0,0,0,0,0
116830624,15432,0,2,0,0,0,0,0,0,0,0,0
116837848,15433,0,2,0,0,0,0,0,0,0,0,0
116845072,15434,0,2,0,0,0,0,0,0,0,0,0
116852296,15435,0,2,0,0,0,0,0,0,0,0,0
116859520,15436,0,2,0,0,0,0,0,0,0,0,0
116871607,15437,0,2,0,0,0,0,0,0,0,0,0
116878819,15438,0,2,0,0,0,0,0,0,0,0,0
116886043,15439,0,2,0,0,0,0,0,0,0,0,0
116893267,15440,0,2,0,0,0,0,0,0,0,0,0
116900492,15441,0,2,0,0,0,0,0,0,0,0,0
116907715,15442,0,2,0,0,0,0,0,0,0,0,0
116914939,15443,0,2,0,0,0,0,0,0,0,0,0
116922163,15444,0,2,0,0,0,0,0,0,0,0,0
116929387,15445,0,2,0,0,0,0,0,0,0,0,0
116936611,15446,0,2,0,0,0,0,0,0,0,0,0
116943835,15447,0,2,0,0,0,0,0,0,0,0,0
116951060,15448,0,2,0,0,0,0,0,0,0,0,0
116958283,15449,0,2,0,0,0,0,0,0,0,0,0
116965508,15450,0,2,0,0,0,0,0,0,0,0,0
116972732,15451,0,2,0,0,0,0,0,0,0,0,0
116979955,15452,0,2,0,0,0,0,0,0,0,0,0
116987179,15453,0,2,0,0,0,0,0,0,0,0,0
116994403,15454,0,2,0,0,0,0,0,0,0,0,0
117001627,15455,0,2,0,0,0,0,0,0,0,0,0
117008851,15456,0,2,0,0,0,0,0,0,0,0,0
117016076,15457,0,2,0,0,0,0,0,0,0,0,0
117023299,15458,0,2,0,0,0,0,0,0,0,0,0
117030523,15459,0,2,0,0,0,0,0,0,0,0,0
117037747,15460,0,2,0,0,0,0,0,0,0,0,0
117044972,15461,0,2,0,0,0,0,0,0,0,0,0
117052195,15462,0,2,0,0,0,0,0,0,0,0,0
117059419,15463,0,2,0,0,0,0,0,0,0,0,0
117066643,15464,0,2,0,0,0,0,0,0,0,0,0
117073867,15465,0,2,0,0,0,0,0,0,0,0,0
117081092,15466,0,2,0,0,0,0,0,0,0,0,0
117088315,15467,0,2,0,0,0,0,0,0,0,0,0
117095539,15468,0,2,0,0,0,0,0,0,0,0,0
117102763,15469,0,2,0,0,0,0,0,0,0,0,0
117109987,15470,0,2,0,0,0,0,0,0,0,0,0
117117212,15471,0,2,0,0,0,0,0,0,0,0,0
117124435,15472,0,2,0,0,0,0,0,0,0,0,0
117131659,15473,0,2,0,0,0,0,0,0,0,0,0
117138883,15474,0,2,0,0,0,0,0,0,0,0,0
117146107,15475,0,2,0,0,0,0,0,0,0,0,0
117153331,15476,0,2,0,0,0,0,0,0,0,0,0
117160555,15477,0,2,0,0,0,0,0,0,0,0,0
117167779,15478,0,2,0,0,0,0,0,0,0,0,0
117175003,15479,0,2,0,0,0,0,0,0,0,0,0
117182227,15480,0,2,0,0,0,0,0,0,0,0,0
117189452,15481,0,2,0,0,0,0,0,0,0,0,0
117196675,15482,0,2,0,0,0,0,0,0,0,0,0
117203899,15483,0,2,0,0,0,0,0,0,0,0,0
117211123,15484,0,2,0,0,0,0,0,0,0,0,0
117218347,15485,0,2,0,0,0,0,0,0,0,0,0
117225571,15486,0,2,0,0,0,0,0,0,0,0,0
117232795,15487,0,2,0,0,0,0,0,0,0,0,0
117240019,15488,0,2,0,0,0,0,0,0,0,0,0
117247243,15489,0,2,0,0,0,0,0,0,0,0,0
117254467,15490,0,2,0,0,0,0,0,0,0,0,0
117261692,15491,0,2,0,0,0,0,0,0,0,0,0
117268915,15492,0,2,0,0,0,0,0,0,0,0,0
117276139,15493,0,2,0,0,0,0,0,0,0,0,0
117283364,15494,0,2,0,0,0,0,0,0,0,0,0
117290587,15495,0,2,0,0,0,0,0,0,0,0,0
117297811,15496,0,2,0,0,0,0,0,0,0,0,0
117305035,15497,0,2,0,0,0,0,0,0,0,0,0
117312259,15498,0,2,0,0,0,0,0,0,0,0,0
117319483,15499,0,2,0,0,0,0,0,0,0,0,0
117326707,15500,0,2,0,0,0,0,0,0,0,0,0
117333932,15501,0,2,0,0,0,0,0,0,0,0,0
117341155,15502,0,2,0,0,0,0,0,0,0,0,0
117348379,15503,0,2,0,0,0,0,0,0,0,0,0
117355603,15504,0,2,0,0,0,0,0,0,0,0,0
117362827,15505,0,2,0,0,0,0,0,0,0,0,0
117370051,15506,0,2,0,0,0,0,0,0,0,0,0
117377275,15507,0,2,0,0,0,0,0,0,0,0,0
117384499,15508,0,2,0,0,0,0,0,0,0,0,0
117391723,15509,0,2,0,0,0,0,0,0,0,0,0
117398947,15510,0,2,0,0,0,0,0,0,0,0,0
117406172,15511,0,2,0,0,0,0,0,0,0,0,0
117413395,15512,0,2,0,0,0,0,0,0,0,0,0
117420619,15513,0,2,0,0,0,0,0,0,0,0,0
117427843,15514,0,2,0,0,0,0,0,0,0,0,0
117435067,15515,0,2,0,0,0,0,0,0,0,0,0
117442291,15516,0,2,0,0,0,0,0,0,0,0,0
117449515,15517,0,2,0,0,0,0,0,0,0,0,0
117456739,15518,0,2,0,0,0,0,0,0,0,0,0
117463963,15519,0,2,0,0,0,0,0,0,0,0,0
117471187,15520,0,2,0,0,0,0,0,0,0,0,0
117478412,15521,0,2,0,0,0,0,0,0,0,0,0
117485635,15522,0,2,0,0,0,0,0,0,0,0,0
117492859,15523,0,2,0,0,0,0,0,0,0,0,0
117500083,15524,0,2,0,0,0,0,0,0,0,0,0
117507307,15525,0,2,0,0,0,0,0,0,0,0,0
117514531,15526,0,2,0,0,0,0,0,0,0,0,0
117521755,15527,0,2,0,0,0,0,0,0,0,0,0
117528979,15528,0,2,0,0,0,0,0,0,0,0,0
117536203,15529,0,2,0,0,0,0,0,0,0,0,0
117543427,15530,0,2,0,0,0,0,0,0,0,0,0
117550652,15531,0,2,0,0,0,0,0,0,0,0,0
117557875,15532,0,2,0,0,0,0,0,0,0,0,0
117565099,15533,0,2,0,0,0,0,0,0,0,0,0
117572323,15534,0,2,0,0,0,0,0,0,0,0,0
117579547,15535,0,2,0,0,0,0,0,0,0,0,0
117586771,15536,0,2,0,0,0,0,0,0,0,0,0
117593995,15537,0,2,0,0,0,0,0,0,0,0,0
117601219,15538,0,2,0,0,0,0,0,0,0,0,0
117608443,15539,0,2,0,0,0,0,0,0,0,0,0
117615667,15540,0,2,0,0,0,0,0,0,0,0,0
117622892,15541,0,2,0,0,0,0,0,0,0,0,0
117630115,15542,0,2,0,0,0,0,0,0,0,0,0
117637339,15543,0,2,0,0,0,0,0,0,0,0,0
117644563,15544,0,2,0,0,0,0,0,0,0,0,0
117651787,15545,0,2,0,0,0,0,0,0,0,0,0
117659011,15546,0,2,0,0,0,0,0,0,0,0,0
117666235,15547,0,2,0,0,0,0,0,0,0,0,0
117673459,15548,0,2,0,0,0,0,0,0,0,0,0
117680683,15549,0,2,0,0,0,0,0,0,0,0,0
117687907,15550,0,2,0,0,0,0,0,0,0,0,0
117695132,15551,0,2,0,0,0,0,0,0,0,0,0
117702355,15552,0,2,0,0,0,0,0,0,0,0,0
117709579,15553,0,2,0,0,0,0,0,0,0,0,0
117716803,15554,0,2,0,0,0,0,0,0,0,0,0
117724027,15555,0,2,0,0,0,0,0,0,0,0,0
117731251,15556,0,2,0,0,0,0,0,0,0,0,0
117738475,15557,0,2,0,0,0,0,0,0,0,0,0
117745699,15558,0,2,0,0,0,0,0,0,0,0,0
117752923,15559,0,2,0,0,0,0,0,0,0,0,0
117760147,15560,0,2,0,0,0,0,0,0,0,0,0
117767372,15561,0,2,0,0,0,0,0,0,0,0,0
117774595,15562,0,2,0,0,0,0,0,0,0,0,0
117781819,15563,0,2,0,0,0,0,0,0,0,0,0
117789043,15564,0,2,0,0,0,0,0,0,0,0,0
117796267,15565,0,2,0,0,0,0,0,0,0,0,0
117803491,15566,0,2,0,0,0,0,0,0,0,0,0
117810715,15567,0,2,0,0,0,0,0,0,0,0,0
117817939,15568,0,2,0,0,0,0,0,0,0,0,0
117825163,15569,0,2,0,0,0,0,0,0,0,0,0
117832387,15570,0,2,0,0,0,0,0,0,0,0,0
117839612,15571,0,2,0,0,0,0,0,0,0,0,0
117846835,15572,0,2,0,0,0,0,0,0,0,0,0
117854059,15573,0,2,0,0,0,0,0,0,0,0,0
117861283,15574,0,2,0,0,0,0,0,0,0,0,0
117868508,15575,0,2,0,0,0,0,0,0,0,0,0
117875731,15576,0,2,0,0,0,0,0,0,0,0,0
117882955,15577,0,2,0,0,0,0,0,0,0,0,0
117890179,15578,0,2,0,0,0,0,0,0,0,0,0
117897403,15579,0,2,0,0,0,0,0,0,0,0,0
117904627,15580,0,2,0,0,0,0,0,0,0,0,0
117911852,15581,0,2,0,0,0,0,0,0,0,0,0
117919076,15582,0,2,0,0,0,0,0,0,0,0,0
117926299,15583,0,2,0,0,0,0,0,0,0,0,0
117933523,15584,0,2,0,0,0,0,0,0,0,0,0
117940747,15585,0,2,0,0,0,0,0,0,0,0,0
117947971,15586,0,2,0,0,0,0,0,0,0,0,0
117955195,15587,0,2,0,0,0,0,0,0,0,0,0
117962419,15588,0,2,0,0,0,0,0,0,0,0,0
117969643,15589,0,2,0,0,0,0,0,0,0,0,0
117976867,15590,0,2,0,0,0,0,0,0,0,0,0
117984092,15591,0,2,0,0,0,0,0,0,0,0,0
117991315,15592,0,2,0,0,0,0,0,0,0,0,0
117998539,15593,0,2,0,0,0,0,0,0,0,0,0
118005763,15594,0,2,0,0,0,0,0,0,0,0,0
118012987,15595,0,2,0,0,0,0,0,0,0,0,0
118020211,15596,0,2,0,0,0,0,0,0,0,0,0
118027435,15597,0,2,0,0,0,0,0,0,0,0,0
118034659,15598,0,2,0,0,0,0,0,0,0,0,0
118041883,15599,0,2,0,0,0,0,0,0,0,0,0
118049107,15600,0,2,0,0,0,0,0,0,0,0,0
118056332,15601,0,2,0,0,0,0,0,0,0,0,0
118063555,15602,0,2,0,0,0,0,0,0,0,0,0
118070779,15603,0,2,0,0,0,0,0,0,0,0,0
118078003,15604,0,2,0,0,0,0,0,0,0,0,0
118085227,15605,0,2,0,0,0,0,0,0,0,0,0
118092451,15606,0,2,0,0,0,0,0,0,0,0,0
118099675,15607,0,2,0,0,0,0,0,0,0,0,0
118106899,15608,0,2,0,0,0,0,0,0,0,0,0
118114123,15609,0,2,0,0,0,0,0,0,0,0,0
118121347,15610,0,2,0,0,0,0,0,0,0,0,0
118128572,15611,0,2,0,0,0,0,0,0,0,0,0
118135795,15612,0,2,0,0,0,0,0,0,0,0,0
118143019,15613,0,2,0,0,0,0,0,0,0,0,0
118150243,15614,0,2,0,0,0,0,0,0,0,0,0
118157467,15615,0,2,0,0,0,0,0,0,0,0,0
118164691,15616,0,2,0,0,0,0,0,0,0,0,0
118171915,15617,0,2,0,0,0,0,0,0,0,0,0
118179139,15618,0,2,0,0,0,0,0,0,0,0,0
118186363,15619,0,2,0,0,0,0,0,0,0,0,0
118193587,15620,0,2,0,0,0,0,0,0,0,0,0
118200812,15621,0,2,0,0,0,0,0,0,0,0,0
118208035,15622,0,2,0,0,0,0,0,0,0,0,0
118215259,15623,0,2,0,0,0,0,0,0,0,0,0
118222483,15624,0,2,0,0,0,0,0,0,0,0,0
118229707,15625,0,2,0,0,0,0,0,0,0,0,0
118236931,15626,0,2,0,0,0,0,0,0,0,0,0
118244155,15627,0,2,0,0,0,0,0,0,0,0,0
118251379,15628,0,2,0,0,0,0,0,0,0,0,0
118258603,15629,0,2,0,0,0,0,0,0,0,0,0
118265827,15630,0,2,0,0,0,0,0,0,0,0,0
118273052,15631,0,2,0,0,0,0,0,0,0,0,0
118280275,15632,0,2,0,0,0,0,0,0,0,0,0
118287499,15633,0,2,0,0,0,0,0,0,0,0,0
118294723,15634,0,2,0,0,0,0,0,0,0,0,0
118301947,15635,0,2,0,0,0,0,0,0,0,0,0
118309171,15636,0,2,0,0,0,0,0,0,0,0,0
118316395,15637,0,2,0,0,0,0,0,0,0,0,0
118323619,15638,0,2,0,0,0,0,0,0,0,0,0
118330843,15639,0,2,0,0,0,0,0,0,0,0,0
118338067,15640,0,2,0,0,0,0,0,0,0,0,0
118345292,15641,0,2,0,0,0,0,0,0,0,0,0
118352515,15642,0,2,0,0,0,0,0,0,0,0,0
118359739,15643,0,2,0,0,0,0,0,0,0,0,0
118366963,15644,0,2,0,0,0,0,0,0,0,0,0
118374187,15645,0,2,0,0,0,0,0,0,0,0,0
118381411,15646,0,2,0,0,0,0,0,0,0,0,0
118388635,15647,0,2,0,0,0,0,0,0,0,0,0
118395859,15648,0,2,0,0,0,0,0,0,0,0,0
118403083,15649,0,2,0,0,0,0,0,0,0,0,0
118410307,15650,0,2,0,0,0,0,0,0,0,0,0
118417532,15651,0,2,0,0,0,0,0,0,0,0,0
118424755,15652,0,2,0,0,0,0,0,0,0,0,0
118431979,15653,0,2,0,0,0,0,0,0,0,0,0
118439203,15654,0,2,0,0,0,0,0,0,0,0,0
118446427,15655,0,2,0,0,0,0,0,0,0,0,0
118453651,15656,0,2,0,0,0,0,0,0,0,0,0
118460875,15657,0,2,0,0,0,0,0,0,0,0,0
118468099,15658,0,2,0,0,0,0,0,0,0,0,0
118475323,15659,0,2,0,0,0,0,0,0,0,0,0
118482547,15660,0,2,0,0,0,0,0,0,0,0,0
118489772,15661,0,2,0,0,0,0,0,0,0,0,0
118496995,15662,0,2,0,0,0,0,0,0,0,0,0
118504219,15663,0,2,0,0,0,0,0,0,0,0,0
118518123,15664,0,2,0,0,0,0,0,0,0,0,0
118525335,15665,0,2,0,0,0,0,0,0,0,0,0
118532559,15666,0,2,0,0,0,0,0,0,0,0,0
118539783,15667,0,2,0,0,0,0,0,0,0,0,0
118547007,15668,0,2,0,0,0,0,0,0,0,0,0
118554231,15669,0,2,0,0,0,0,0,0,0,0,0
118561455,15670,0,2,0,0,0,0,0,0,0,0,0
118568680,15671,0,2,0,0,0,0,0,0,0,0,0
118575903,15672,0,2,0,0,0,0,0,0,0,0,0
118583127,15673,0,2,0,0,0,0,0,0,0,0,0
118590351,15674,0,2,0,0,0,0,0,0,0,0,0
118597575,15675,0,2,0,0,0,0,0,0,0,0,0
118604799,15676,0,2,0,0,0,0,0,0,0,0,0
118612023,15677,0,2,0,0,0,0,0,0,0,0,0
118619247,15678,0,2,0,0,0,0,0,0,0,0,0
118626471,15679,0,2,0,0,0,0,0,0,0,0,0
118633695,15680,0,2,0,0,0,0,0,0,0,0,0
118640920,15681,0,2,0,0,0,0,0,0,0,0,0
118648143,15682,0,2,0,0,0,0,0,0,0,0,0
118655367,15683,0,2,0,0,0,0,0,0,0,0,0
118662591,15684,0,2,0,0,0,0,0,0,0,0,0
118669815,15685,0,2,0,0,0,0,0,0,0,0,0
118677039,15686,0,2,0,0,0,0,0,0,0,0,0
118684263,15687,0,2,0,0,0,0,0,0,0,0,0
118691487,15688,0,2,0,0,0,0,0,0,0,0,0
118698711,15689,0,2,0,0,0,0,0,0,0,0,0
118705935,15690,0,2,0,0,0,0,0,0,0,0,0
118713160,15691,0,2,0,0,0,0,0,0,0,0,0
118720383,15692,0,2,0,0,0,0,0,0,0,0,0
118727607,15693,0,2,0,0,0,0,0,0,0,0,0
118734831,15694,0,2,0,0,0,0,0,0,0,0,0
118742056,15695,0,2,0,0,0,0,0,0,0,0,0
118749279,15696,0,2,0,0,0,0,0,0,0,0,0
118756503,15697,0,2,0,0,0,0,0,0,0,0,0
118763727,15698,0,2,0,0,0,0,0,0,0,0,0
118770951,15699,0,2,0,0,0,0,0,0,0,0,0
118778175,15700,0,2,0,0,0,0,0,0,0,0,0
118785400,15701,0,2,0,0,0,0,0,0,0,0,0
118792623,15702,0,2,0,0,0,0,0,0,0,0,0
118799847,15703,0,2,0,0,0,0,0,0,0,0,0
118807071,15704,0,2,0,0,0,0,0,0,0,0,0
118814295,15705,0,2,0,0,0,0,0,0,0,0,0
118821519,15706,0,2,0,0,0,0,0,0,0,0,0
118828743,15707,0,2,0,0,0,0,0,0,0,0,0
118835967,15708,0,2,0,0,0,0,0,0,0,0,0
118843191,15709,0,2,0,0,0,0,0,0,0,0,0
118850415,15710,0,2,0,0,0,0,0,0,0,0,0
118857640,15711,0,2,0,0,0,0,0,0,0,0,0
118864863,15712,0,2,0,0,0,0,0,0,0,0,0
118872087,15713,0,2,0,0,0,0,0,0,0,0,0
118879311,15714,0,2,0,0,0,0,0,0,0,0,0
118886535,15715,0,2,0,0,0,0,0,0,0,0,0
118893759,15716,0,2,0,0,0,0,0,0,0,0,0
118900983,15717,0,2,0,0,0,0,0,0,0,0,0
118908207,15718,0,2,0,0,0,0,0,0,0,0,0
118915431,15719,0,2,0,0,0,0,0,0,0,0,0
118922655,15720,0,2,0,0,0,0,0,0,0,0,0
118929880,15721,0,2,0,0,0,0,0,0,0,0,0
118937103,15722,0,2,0,0,0,0,0,0,0,0,0
118944327,15723,0,2,0,0,0,0,0,0,0,0,0
118951551,15724,0,2,0,0,0,0,0,0,0,0,0
118958775,15725,0,2,0,0,0,0,0,0,0,0,0
118965999,15726,0,2,0,0,0,0,0,0,0,0,0
118973223,15727,0,2,0,0,0,0,0,0,0,0,0
118980447,15728,0,2,0,0,0,0,0,0,0,0,0
118987671,15729,0,2,0,0,0,0,0,0,0,0,0
118994895,15730,0,2,0,0,0,0,0,0,0,0,0
119002120,15731,0,2,0,0,0,0,0,0,0,0,0
119009343,15732,0,2,0,0,0,0,0,0,0,0,0
119016567,15733,0,2,0,0,0,0,0,0,0,0,0
119023791,15734,0,2,0,0,0,0,0,0,0,0,0
119031015,15735,0,2,0,0,0,0,0,0,0,0,0
119038239,15736,0,2,0,0,0,0,0,0,0,0,0
119045463,15737,0,2,0,0,0,0,0,0,0,0,0
119052687,15738,0,2,0,0,0,0,0,0,0,0,0
119059911,15739,0,2,0,0,0,0,0,0,0,0,0
119067135,15740,0,2,0,0,0,0,0,0,0,0,0
119074360,15741,0,2,0,0,0,0,0,0,0,0,0
119081583,15742,0,2,0,0,0,0,0,0,0,0,0
119088807,15743,0,2,0,0,0,0,0,0,0,0,0
119096031,15744,0,2,0,0,0,0,0,0,0,0,0
119103255,15745,0,2,0,0,0,0,0,0,0,0,0
119110479,15746,0,2,0,0,0,0,0,0,0,0,0
119117703,15747,0,2,0,0,0,0,0,0,0,0,0
119124927,15748,0,2,0,0,0,0,0,0,0,0,0
119132151,15749,0,2,0,0,0,0,0,0,0,0,0
119139375,15750,0,2,0,0,0,0,0,0,0,0,0
119146600,15751,0,2,0,0,0,0,0,0,0,0,0
119153823,15752,0,2,0,0,0,0,0,0,0,0,0
119161047,15753,0,2,0,0,0,0,0,0,0,0,0
119168271,15754,0,2,0,0,0,0,0,0,0,0,0
119175495,15755,0,2,0,0,0,0,0,0,0,0,0
119182719,15756,0,2,0,0,0,0,0,0,0,0,0
119189943,15757,0,2,0,0,0,0,0,0,0,0,0
119197167,15758,0,2,0,0,0,0,0,0,0,0,0
119204391,15759,0,2,0,0,0,0,0,0,0,0,0
119211615,15760,0,2,0,0,0,0,0,0,0,0,0
119218840,15761,0,2,0,0,0,0,0,0,0,0,0
119226063,15762,0,2,0,0,0,0,0,0,0,0,0
119233287,15763,0,2,0,0,0,0,0,0,0,0,0
119240511,15764,0,2,0,0,0,0,0,0,0,0,0
119247735,15765,0,2,0,0,0,0,0,0,0,0,0
119254959,15766,0,2,0,0,0,0,0,0,0,0,0
119262183,15767,0,2,0,0,0,0,0,0,0,0,0
119269407,15768,0,2,0,0,0,0,0,0,0,0,0
119276631,15769,0,2,0,0,0,0,0,0,0,0,0
119283855,15770,0,2,0,0,0,0,0,0,0,0,0
119291080,15771,0,2,0,0,0,0,0,0,0,0,0
119298303,15772,0,2,0,0,0,0,0,0,0,0,0
119305527,15773,0,2,0,0,0,0,0,0,0,0,0
119312751,15774,0,2,0,0,0,0,0,0,0,0,0
119319975,15775,0,2,0,0,0,0,0,0,0,0,0
119327199,15776,0,2,0,0,0,0,0,0,0,0,0
119334423,15777,0,2,0,0,0,0,0,0,0,0,0
119341647,15778,0,2,0,0,0,0,0,0,0,0,0
119348871,15779,0,2,0,0,0,0,0,0,0,0,0
119356095,15780,0,2,0,0,0,0,0,0,0,0,0
119363320,15781,0,2,0,0,0,0,0,0,0,0,0
119370543,15782,0,2,0,0,0,0,0,0,0,0,0
119377767,15783,0,2,0,0,0,0,0,0,0,0,0
119384991,15784,0,2,0,0,0,0,0,0,0,0,0
119392215,15785,0,2,0,0,0,0,0,0,0,0,0
119399439,15786,0,2,0,0,0,0,0,0,0,0,0
119406663,15787,0,2,0,0,0,0,0,0,0,0,0
119413887,15788,0,2,0,0,0,0,0,0,0,0,0
119421111,15789,0,2,0,0,0,0,0,0,0,0,0
119428335,15790,0,2,0,0,0,0,0,0,0,0,0
119435560,15791,0,2,0,0,0,0,0,0,0,0,0
119442783,15792,0,2,0,0,0,0,0,0,0,0,0
119450007,15793,0,2,0,0,0,0,0,0,0,0,0
119457231,15794,0,2,0,0,0,0,0,0,0,0,0
119464455,15795,0,2,0,0,0,0,0,0,0,0,0
119471679,15796,0,2,0,0,0,0,0,0,0,0,0
119478903,15797,0,2,0,0,0,0,0,0,0,0,0
119486127,15798,0,2,0,0,0,0,0,0,0,0,0
119493351,15799,0,2,0,0,0,0,0,0,0,0,0
119500575,15800,0,2,0,0,0,0,0,0,0,0,0
119507800,15801,0,2,0,0,0,0,0,0,0,0,0
119515023,15802,0,2,0,0,0,0,0,0,0,0,0
119522247,15803,0,2,0,0,0,0,0,0,0,0,0
119529471,15804,0,2,0,0,0,0,0,0,0,0,0
119536695,15805,0,2,0,0,0,0,0,0,0,0,0
119543919,15806,0,2,0,0,0,0,0,0,0,0,0
119551144,15807,0,2,0,0,0,0,0,0,0,0,0
119558367,15808,0,2,0,0,0,0,0,0,0,0,0
119565591,15809,0,2,0,0,0,0,0,0,0,0,0
119572815,15810,0,2,0,0,0,0,0,0,0,0,0
119580040,15811,0,2,0,0,0,0,0,0,0,0,0
119587263,15812,0,2,0,0,0,0,0,0,0,0,0
119594487,15813,0,2,0,0,0,0,0,0,0,0,0
119601711,15814,0,2,0,0,0,0,0,0,0,0,0
119608935,15815,0,2,0,0,0,0,0,0,0,0,0
119616159,15816,0,2,0,0,0,0,0,0,0,0,0
119623383,15817,0,2,0,0,0,0,0,0,0,0,0
119630607,15818,0,2,0,0,0,0,0,0,0,0,0
119637831,15819,0,2,0,0,0,0,0,0,0,0,0
119645055,15820,0,2,0,0,0,0,0,0,0,0,0
119652280,15821,0,2,0,0,0,0,0,0,0,0,0
119659503,15822,0,2,0,0,0,0,0,0,0,0,0
119666727,15823,0,2,0,0,0,0,0,0,0,0,0
119673951,15824,0,2,0,0,0,0,0,0,0,0,0
119681175,15825,0,2,0,0,0,0,0,0,0,0,0
119688399,15826,0,2,0,0,0,0,0,0,0,0,0
119695623,15827,0,2,0,0,0,0,0,0,0,0,0
119702847,15828,0,2,0,0,0,0,0,0,0,0,0
119710071,15829,0,2,0,0,0,0,0,0,0,0,0
119717295,15830,0,2,0,0,0,0,0,0,0,0,0
119724520,15831,0,2,0,0,0,0,0,0,0,0,0
119731743,15832,0,2,0,0,0,0,0,0,0,0,0
119738967,15833,0,2,0,0,0,0,0,0,0,0,0
119746191,15834,0,2,0,0,0,0,0,0,0,0,0
119753415,15835,0,2,0,0,0,0,0,0,0,0,0
119760639,15836,0,2,0,0,0,0,0,0,0,0,0
119767863,15837,0,2,0,0,0,0,0,0,0,0,0
119775087,15838,0,2,0,0,0,0,0,0,0,0,0
119782311,15839,0,2,0,0,0,0,0,0,0,0,0
119789535,15840,0,2,0,0,0,0,0,0,0,0,0
119796760,15841,0,2,0,0,0,0,0,0,0,0,0
119803983,15842,0,2,0,0,0,0,0,0,0,0,0
119811207,15843,0,2,0,0,0,0,0,0,0,0,0
119818431,15844,0,2,0,0,0,0,0,0,0,0,0
119825655,15845,0,2,0,0,0,0,0,0,0,0,0
119832879,15846,0,2,0,0,0,0,0,0,0,0,0
119840103,15847,0,2,0,0,0,0,0,0,0,0,0
119847327,15848,0,2,0,0,0,0,0,0,0,0,0
119854551,15849,0,2,0,0,0,0,0,0,0,0,0
119861775,15850,0,2,0,0,0,0,0,0,0,0,0
119869000,15851,0,2,0,0,0,0,0,0,0,0,0
119876223,15852,0,2,0,0,0,0,0,0,0,0,0
119883448,15853,0,2,0,0,0,0,0,0,0,0,0
119890671,15854,0,2,0,0,0,0,0,0,0,0,0
119897895,15855,0,2,0,0,0,0,0,0,0,0,0
119905119,15856,0,2,0,0,0,0,0,0,0,0,0
119912343,15857,0,2,0,0,0,0,0,0,0,0,0
119919567,15858,0,2,0,0,0,0,0,0,0,0,0
119926791,15859,0,2,0,0,0,0,0,0,0,0,0
119934015,15860,0,2,0,0,0,0,0,0,0,0,0
119941240,15861,0,2,0,0,0,0,0,0,0,0,0
119948463,15862,0,2,0,0,0,0,0,0,0,0,0
119955687,15863,0,2,0,0,0,0,0,0,0,0,0
119962911,15864,0,2,0,0,0,0,0,0,0,0,0
119970135,15865,0,2,0,0,0,0,0,0,0,0,0
119977359,15866,0,2,0,0,0,0,0,0,0,0,0
119984583,15867,0,2,0,0,0,0,0,0,0,0,0
119991807,15868,0,2,0,0,0,0,0,0,0,0,0
119999031,15869,0,2,0,0,0,0,0,0,0,0,0
120006255,15870,0,2,0,0,0,0,0,0,0,0,0
120013480,15871,0,2,0,0,0,0,0,0,0,0,0
120020703,15872,0,2,0,0,0,0,0,0,0,0,0
120027927,15873,0,2,0,0,0,0,0,0,0,0,0
120035151,15874,0,2,0,0,0,0,0,0,0,0,0
120042375,15875,0,2,0,0,0,0,0,0,0,0,0
120049599,15876,0,2,0,0,0,0,0,0,0,0,0
120056823,15877,0,2,0,0,0,0,0,0,0,0,0
120064047,15878,0,2,0,0,0,0,0,0,0,0,0
120071271,15879,0,2,0,0,0,0,0,0,0,0,0
120078495,15880,0,2,0,0,0,0,0,0,0,0,0
120085720,15881,0,2,0,0,0,0,0,0,0,0,0
120092943,15882,0,2,0,0,0,0,0,0,0,0,0
120100167,15883,0,2,0,0,0,0,0,0,0,0,0
120107391,15884,0,2,0,0,0,0,0,0,0,0,0
120114615,15885,0,2,0,0,0,0,0,0,0,0,0
120121839,15886,0,2,0,0,0,0,0,0,0,0,0
120129063,15887,0,2,0,0,0,0,0,0,0,0,0
120136287,15888,0,2,0,0,0,0,0,0,0,0,0
120143511,15889,0,2,0,0,0,0,0,0,0,0,0
120150735,15890,0,2,0,0,0,0,0,0,0,0,0
120162401,15891,0,2,0,0,0,0,0,0,0,0,0
120169613,15892,0,2,0,0,0,0,0,0,0,0,0
120176837,15893,0,2,0,0,0,0,0,0,0,0,0
120184061,15894,0,2,0,0,0,0,0,0,0,0,0
120191285,15895,0,2,0,0,0,0,0,0,0,0,0
120198509,15896,0,2,0,0,0,0,0,0,0,0,0
120205733,15897,0,2,0,0,0,0,0,0,0,0,0
120212957,15898,0,2,0,0,0,0,0,0,0,0,0
120220181,15899,0,2,0,0,0,0,0,0,0,0,0
120227405,15900,0,2,0,0,0,0,0,0,0,0,0
120234630,15901,0,2,0,0,0,0,0,0,0,0,0
120241853,15902,0,2,0,0,0,0,0,0,0,0,0
120249077,15903,0,2,0,0,0,0,0,0,0,0,0
120256301,15904,0,2,0,0,0,0,0,0,0,0,0
120263525,15905,0,2,0,0,0,0,0,0,0,0,0
120270749,15906,0,2,0,0,0,0,0,0,0,0,0
120277973,15907,0,2,0,0,0,0,0,0,0,0,0
120285197,15908,0,2,0,0,0,0,0,0,0,0,0
120292421,15909,0,2,0,0,0,0,0,0,0,0,0
120299645,15910,0,2,0,0,0,0,0,0,0,0,0
120306870,15911,0,2,0,0,0,0,0,0,0,0,0
120314094,15912,0,2,0,0,0,0,0,0,0,0,0
120321317,15913,0,2,0,0,0,0,0,0,0,0,0
120328541,15914,0,2,0,0,0,0,0,0,0,0,0
120335765,15915,0,2,0,0,0,0,0,0,0,0,0
120342989,15916,0,2,0,0,0,0,0,0,0,0,0
120350213,15917,0,2,0,0,0,0,0,0,0,0,0
120357437,15918,0,2,0,0,0,0,0,0,0,0,0
120364661,15919,0,2,0,0,0,0,0,0,0,0,0
120371885,15920,0,2,0,0,0,0,0,0,0,0,0
120379110,15921,0,2,0,0,0,0,0,0,0,0,0
120386333,15922,0,2,0,0,0,0,0,0,0,0,0
120393557,15923,0,2,0,0,0,0,0,0,0,0,0
120400781,15924,0,2,0,0,0,0,0,0,0,0,0
120408005,15925,0,2,0,0,0,0,0,0,0,0,0
120415229,15926,0,2,0,0,0,0,0,0,0,0,0
120422453,15927,0,2,0,0,0,0,0,0,0,0,0
120429677,15928,0,2,0,0,0,0,0,0,0,0,0
120436901,15929,0,2,0,0,0,0,0,0,0,0,0
120444125,15930,0,2,0,0,0,0,0,0,0,0,0
120451350,15931,0,2,0,0,0,0,0,0,0,0,0
120458573,15932,0,2,0,0,0,0,0,0,0,0,0
120465797,15933,0,2,0,0,0,0,0,0,0,0,0
120473022,15934,0,2,0,0,0,0,0,0,0,0,0
120480245,15935,0,2,0,0,0,0,0,0,0,0,0
120487469,15936,0,2,0,0,0,0,0,0,0,0,0
120494693,15937,0,2,0,0,0,0,0,0,0,0,0
120501917,15938,0,2,0,0,0,0,0,0,0,0,0
120509141,15939,0,2,0,0,0,0,0,0,0,0,0
120516365,15940,0,2,0,0,0,0,0,0,0,0,0
120523590,15941,0,2,0,0,0,0,0,0,0,0,0
120530813,15942,0,2,0,0,0,0,0,0,0,0,0
120538037,15943,0,2,0,0,0,0,0,0,0,0,0
120545261,15944,0,2,0,0,0,0,0,0,0,0,0
120552485,15945,0,2,0,0,0,0,0,0,0,0,0
120559709,15946,0,2,0,0,0,0,0,0,0,0,0
120566933,15947,0,2,0,0,0,0,0,0,0,0,0
120574157,15948,0,2,0,0,0,0,0,0,0,0,0
120581381,15949,0,2,0,0,0,0,0,0,0,0,0
120588605,15950,0,2,0,0,0,0,0,0,0,0,0
120595830,15951,0,2,0,0,0,0,0,0,0,0,0
120603054,15952,0,2,0,0,0,0,0,0,0,0,0
120610277,15953,0,2,0,0,0,0,0,0,0,0,0
120617501,15954,0,2,0,0,0,0,0,0,0,0,0
120624725,15955,0,2,0,0,0,0,0,0,0,0,0
120631949,15956,0,2,0,0,0,0,0,0,0,0,0
120639173,15957,0,2,0,0,0,0,0,0,0,0,0
120646397,15958,0,2,0,0,0,0,0,0,0,0,0
120653621,15959,0,2,0,0,0,0,0,0,0,0,0
120660845,15960,0,2,0,0,0,0,0,0,0,0,0
120668070,15961,0,2,0,0,0,0,0,0,0,0,0
120675293,15962,0,2,0,0,0,0,0,0,0,0,0
120682517,15963,0,2,0,0,0,0,0,0,0,0,0
120689741,15964,0,2,0,0,0,0,0,0,0,0,0
120696965,15965,0,2,0,0,0,0,0,0,0,0,0
120704189,15966,0,2,0,0,0,0,0,0,0,0,0
120711413,15967,0,2,0,0,0,0,0,0,0,0,0
120718637,15968,0,2,0,0,0,0,0,0,0,0,0
120725861,15969,0,2,0,0,0,0,0,0,0,0,0
120733085,15970,0,2,0,0,0,0,0,0,0,0,0
120740310,15971,0,2,0,0,0,0,0,0,0,0,0
120747533,15972,0,2,0,0,0,0,0,0,0,0,0
120754757,15973,0,2,0,0,0,0,0,0,0,0,0
120761981,15974,0,2,0,0,0,0,0,0,0,0,0
120769205,15975,0,2,0,0,0,0,0,0,0,0,0
120776429,15976,0,2,0,0,0,0,0,0,0,0,0
120783653,15977,0,2,0,0,0,0,0,0,0,0,0
120790877,15978,0,2,0,0,0,0,0,0,0,0,0
120798101,15979,0,2,0,0,0,0,0,0,0,0,0
120805325,15980,0,2,0,0,0,0,0,0,0,0,0
120812550,15981,0,2,0,0,0,0,0,0,0,0,0
120819773,15982,0,2,0,0,0,0,0,0,0,0,0
120826997,15983,0,2,0,0,0,0,0,0,0,0,0
120834221,15984,0,2,0,0,0,0,0,0,0,0,0
120841445,15985,0,2,0,0,0,0,0,0,0,0,0
120848669,15986,0,2,0,0,0,0,0,0,0,0,0
120855893,15987,0,2,0,0,0,0,0,0,0,0,0
120863117,15988,0,2,0,0,0,0,0,0,0,0,0
120870341,15989,0,2,0,0,0,0,0,0,0,0,0
120877565,15990,0,2,0,0,0,0,0,0,0,0,0
120884790,15991,0,2,0,0,0,0,0,0,0,0,0
120892014,15992,0,2,0,0,0,0,0,0,0,0,0
120899237,15993,0,2,0,0,0,0,0,0,0,0,0
120906461,15994,0,2,0,0,0,0,0,0,0,0,0
120913685,15995,0,2,0,0,0,0,0,0,0,0,0
120920909,15996,0,2,0,0,0,0,0,0,0,0,0
120928133,15997,0,2,0,0,0,0,0,0,0,0,0
120935357,15998,0,2,0,0,0,0,0,0,0,0,0
120942581,15999,0,2,0,0,0,0,0,0,0,0,0
120949805,16000,0,2,0,0,0,0,0,0,0,0,0
120957030,16001,0,2,0,0,0,0,0,0,0,0,0
120964253,16002,0,2,0,0,0,0,0,0,0,0,0
120971477,16003,0,2,0,0,0,0,0,0,0,0,0
120978701,16004,0,2,0,0,0,0,0,0,0,0,0
120985925,16005,0,2,0,0,0,0,0,0,0,0,0
120993149,16006,0,2,0,0,0,0,0,0,0,0,0
121000373,16007,0,2,0,0,0,0,0,0,0,0,0
121007597,16008,0,2,0,0,0,0,0,0,0,0,0
121014821,16009,0,2,0,0,0,0,0,0,0,0,0
121022045,16010,0,2,0,0,0,0,0,0,0,0,0
121029270,16011,0,2,0,0,0,0,0,0,0,0,0
121036493,16012,0,2,0,0,0,0,0,0,0,0,0
121043717,16013,0,2,0,0,0,0,0,0,0,0,0
121050941,16014,0,2,0,0,0,0,0,0,0,0,0
121058165,16015,0,2,0,0,0,0,0,0,0,0,0
121065389,16016,0,2,0,0,0,0,0,0,0,0,0
121072613,16017,0,2,0,0,0,0,0,0,0,0,0
121079837,16018,0,2,0,0,0,0,0,0,0,0,0
121087061,16019,0,2,0,0,0,0,0,0,0,0,0
121094285,16020,0,2,0,0,0,0,0,0,0,0,0
121101510,16021,0,2,0,0,0,0,0,0,0,0,0
121108733,16022,0,2,0,0,0,0,0,0,0,0,0
121115957,16023,0,2,0,0,0,0,0,0,0,0,0
121123181,16024,0,2,0,0,0,0,0,0,0,0,0
121130405,16025,0,2,0,0,0,0,0,0,0,0,0
121137629,16026,0,2,0,0,0,0,0,0,0,0,0
121144853,16027,0,2,0,0,0,0,0,0,0,0,0
121152077,16028,0,2,0,0,0,0,0,0,0,0,0
121159301,16029,0,2,0,0,0,0,0,0,0,0,0
121166525,16030,0,2,0,0,0,0,0,0,0,0,0
121173750,16031,0,2,0,0,0,0,0,0,0,0,0
121180973,16032,0,2,0,0,0,0,0,0,0,0,0
121188197,16033,0,2,0,0,0,0,0,0,0,0,0
121195421,16034,0,2,0,0,0,0,0,0,0,0,0
121202645,16035,0,2,0,0,0,0,0,0,0,0,0
121209869,16036,0,2,0,0,0,0,0,0,0,0,0
121217093,16037,0,2,0,0,0,0,0,0,0,0,0
121224317,16038,0,2,0,0,0,0,0,0,0,0,0
121231541,16039,0,2,0,0,0,0,0,0,0,0,0
121238765,16040,0,2,0,0,0,0,0,0,0,0,0
121245990,16041,0,2,0,0,0,0,0,0,0,0,0
121253213,16042,0,2,0,0,0,0,0,0,0,0,0
121260437,16043,0,2,0,0,0,0,0,0,0,0,0
121267661,16044,0,2,0,0,0,0,0,0,0,0,0
121274885,16045,0,2,0,0,0,0,0,0,0,0,0
121282109,16046,0,2,0,0,0,0,0,0,0,0,0
121289333,16047,0,2,0,0,0,0,0,0,0,0,0
121296557,16048,0,2,0,0,0,0,0,0,0,0,0
121303781,16049,0,2,0,0,0,0,0,0,0,0,0
121311005,16050,0,2,0,0,0,0,0,0,0,0,0
121318230,16051,0,2,0,0,0,0,0,0,0,0,0
121325453,16052,0,2,0,0,0,0,0,0,0,0,0
121332677,16053,0,2,0,0,0,0,0,0,0,0,0
121339901,16054,0,2,0,0,0,0,0,0,0,0,0
121347125,16055,0,2,0,0,0,0,0,0,0,0,0
121354349,16056,0,2,0,0,0,0,0,0,0,0,0
121361573,16057,0,2,0,0,0,0,0,0,0,0,0
121368797,16058,0,2,0,0,0,0,0,0,0,0,0
121376022,16059,0,2,0,0,0,0,0,0,0,0,0
121383245,16060,0,2,0,0,0,0,0,0,0,0,0
121390470,16061,0,2,0,0,0,0,0,0,0,0,0
121397693,16062,0,2,0,0,0,0,0,0,0,0,0
121404917,16063,0,2,0,0,0,0,0,0,0,0,0
121412141,16064,0,2,0,0,0,0,0,0,0,0,0
121419365,16065,0,2,0,0,0,0,0,0,0,0,0
121426589,16066,0,2,0,0,0,0,0,0,0,0,0
121433813,16067,0,2,0,0,0,0,0,0,0,0,0
121441037,16068,0,2,0,0,0,0,0,0,0,0,0
121448261,16069,0,2,0,0,0,0,0,0,0,0,0
121455485,16070,0,2,0,0,0,0,0,0,0,0,0
121462710,16071,0,2,0,0,0,0,0,0,0,0,0
121469933,16072,0,2,0,0,0,0,0,0,0,0,0
121477157,16073,0,2,0,0,0,0,0,0,0,0,0
121484381,16074,0,2,0,0,0,0,0,0,0,0,0
121491605,16075,0,2,0,0,0,0,0,0,0,0,0
121498829,16076,0,2,0,0,0,0,0,0,0,0,0
121506053,16077,0,2,0,0,0,0,0,0,0,0,0
121513277,16078,0,2,0,0,0,0,0,0,0,0,0
121520501,16079,0,2,0,0,0,0,0,0,0,0,0
121527725,16080,0,2,0,0,0,0,0,0,0,0,0
121534950,16081,0,2,0,0,0,0,0,0,0,0,0
121542173,16082,0,2,0,0,0,0,0,0,0,0,0
121549397,16083,0,2,0,0,0,0,0,0,0,0,0
121556621,16084,0,2,0,0,0,0,0,0,0,0,0
121563845,16085,0,2,0,0,0,0,0,0,0,0,0
121571069,16086,0,2,0,0,0,0,0,0,0,0,0
121578293,16087,0,2,0,0,0,0,0,0,0,0,0
121585517,16088,0,2,0,0,0,0,0,0,0,0,0
121592741,16089,0,2,0,0,0,0,0,0,0,0,0
121599965,16090,0,2,0,0,0,0,0,0,0,0,0
121607190,16091,0,2,0,0,0,0,0,0,0,0,0
121614413,16092,0,2,0,0,0,0,0,0,0,0,0
121621637,16093,0,2,0,0,0,0,0,0,0,0,0
121628861,16094,0,2,0,0,0,0,0,0,0,0,0
121636085,16095,0,2,0,0,0,0,0,0,0,0,0
121643309,16096,0,2,0,0,0,0,0,0,0,0,0
121650533,16097,0,2,0,0,0,0,0,0,0,0,0
121657757,16098,0,2,0,0,0,0,0,0,0,0,0
121664981,16099,0,2,0,0,0,0,0,0,0,0,0
121672205,16100,0,2,0,0,0,0,0,0,0,0,0
121679430,16101,0,2,0,0,0,0,0,0,0,0,0
121686653,16102,0,2,0,0,0,0,0,0,0,0,0
121693877,16103,0,2,0,0,0,0,0,0,0,0,0
121701101,16104,0,2,0,0,0,0,0,0,0,0,0
121708325,16105,0,2,0,0,0,0,0,0,0,0,0
121715549,16106,0,2,0,0,0,0,0,0,0,0,0
121722773,16107,0,2,0,0,0,0,0,0,0,0,0
121729997,16108,0,2,0,0,0,0,0,0,0,0,0
121737221,16109,0,2,0,0,0,0,0,0,0,0,0
121744445,16110,0,2,0,0,0,0,0,0,0,0,0
121751670,16111,0,2,0,0,0,0,0,0,0,0,0
121758893,16112,0,2,0,0,0,0,0,0,0,0,0
121766117,16113,0,2,0,0,0,0,0,0,0,0,0
121773341,16114,0,2,0,0,0,0,0,0,0,0,0
121780565,16115,0,2,0,0,0,0,0,0,0,0,0
121787789,16116,0,2,0,0,0,0,0,0,0,0,0
121795013,16117,0,2,0,0,0,0,0,0,0,0,0
121808618,16118,0,2,0,0,0,0,0,0,0,0,0
121815830,16119,0,2,0,0,0,0,0,0,0,0,0
121823054,16120,0,2,0,0,0,0,0,0,0,0,0
121830279,16121,0,2,0,0,0,0,0,0,0,0,0
121837502,16122,0,2,0,0,0,0,0,0,0,0,0
121844726,16123,0,2,0,0,0,0,0,0,0,0,0
121851950,16124,0,2,0,0,0,0,0,0,0,0,0
121859174,16125,0,2,0,0,0,0,0,0,0,0,0
121866398,16126,0,2,0,0,0,0,0,0,0,0,0
121873622,16127,0,2,0,0,0,0,0,0,0,0,0
121880846,16128,0,2,0,0,0,0,0,0,0,0,0
121888070,16129,0,2,0,0,0,0,0,0,0,0,0
121895294,16130,0,2,0,0,0,0,0,0,0,0,0
121902519,16131,0,2,0,0,0,0,0,0,0,0,0
121909742,16132,0,2,0,0,0,0,0,0,0,0,0
121916966,16133,0,2,0,0,0,0,0,0,0,0,0
121924190,16134,0,2,0,0,0,0,0,0,0,0,0
121931414,16135,0,2,0,0,0,0,0,0,0,0,0
121938638,16136,0,2,0,0,0,0,0,0,0,0,0
121945862,16137,0,2,0,0,0,0,0,0,0,0,0
121953086,16138,0,2,0,0,0,0,0,0,0,0,0
121960310,16139,0,2,0,0,0,0,0,0,0,0,0
121967534,16140,0,2,0,0,0,0,0,0,0,0,0
121974759,16141,0,2,0,0,0,0,0,0,0,0,0
121981982,16142,0,2,0,0,0,0,0,0,0,0,0
121989206,16143,0,2,0,0,0,0,0,0,0,0,0
121996430,16144,0,2,0,0,0,0,0,0,0,0,0
122003654,16145,0,2,0,0,0,0,0,0,0,0,0
122010878,16146,0,2,0,0,0,0,0,0,0,0,0
122018102,16147,0,2,0,0,0,0,0,0,0,0,0
122025326,16148,0,2,0,0,0,0,0,0,0,0,0
122032550,16149,0,2,0,0,0,0,0,0,0,0,0
122039774,16150,0,2,0,0,0,0,0,0,0,0,0
122046999,16151,0,2,0,0,0,0,0,0,0,0,0
122054222,16152,0,2,0,0,0,0,0,0,0,0,0
122061446,16153,0,2,0,0,0,0,0,0,0,0,0
122068670,16154,0,2,0,0,0,0,0,0,0,0,0
122075894,16155,0,2,0,0,0,0,0,0,0,0,0
122083118,16156,0,2,0,0,0,0,0,0,0,0,0
122090342,16157,0,2,0,0,0,0,0,0,0,0,0
122097566,16158,0,2,0,0,0,0,0,0,0,0,0
122104790,16159,0,2,0,0,0,0,0,0,0,0,0
122112014,16160,0,2,0,0,0,0,0,0,0,0,0
122119239,16161,0,2,0,0,0,0,0,0,0,0,0
122126462,16162,0,2,0,0,0,0,0,0,0,0,0
122133686,16163,0,2,0,0,0,0,0,0,0,0,0
122140910,16164,0,2,0,0,0,0,0,0,0,0,0
122148134,16165,0,2,0,0,0,0,0,0,0,0,0
122155358,16166,0,2,0,0,0,0,0,0,0,0,0
122162582,16167,0,2,0,0,0,0,0,0,0,0,0
122169806,16168,0,2,0,0,0,0,0,0,0,0,0
122177030,16169,0,2,0,0,0,0,0,0,0,0,0
122184254,16170,0,2,0,0,0,0,0,0,0,0,0
122191479,16171,0,2,0,0,0,0,0,0,0,0,0
122198702,16172,0,2,0,0,0,0,0,0,0,0,0
122205926,16173,0,2,0,0,0,0,0,0,0,0,0
122213150,16174,0,2,0,0,0,0,0,0,0,0,0
122220374,16175,0,2,0,0,0,0,0,0,0,0,0
122227598,16176,0,2,0,0,0,0,0,0,0,0,0
122234822,16177,0,2,0,0,0,0,0,0,0,0,0
122242046,16178,0,2,0,0,0,0,0,0,0,0,0
122249270,16179,0,2,0,0,0,0,0,0,0,0,0
122256494,16180,0,2,0,0,0,0,0,0,0,0,0
122263719,16181,0,2,0,0,0,0,0,0,0,0,0
122270942,16182,0,2,0,0,0,0,0,0,0,0,0
122278166,16183,0,2,0,0,0,0,0,0,0,0,0
122285390,16184,0,2,0,0,0,0,0,0,0,0,0
122292614,16185,0,2,0,0,0,0,0,0,0,0,0
122299838,16186,0,2,0,0,0,0,0,0,0,0,0
122307062,16187,0,2,0,0,0,0,0,0,0,0,0
122314286,16188,0,2,0,0,0,0,0,0,0,0,0
122321510,16189,0,2,0,0,0,0,0,0,0,0,0
122328734,16190,0,2,0,0,0,0,0,0,0,0,0
122335959,16191,0,2,0,0,0,0,0,0,0,0,0
122343182,16192,0,2,0,0,0,0,0,0,0,0,0
122350406,16193,0,2,0,0,0,0,0,0,0,0,0
122357630,16194,0,2,0,0,0,0,0,0,0,0,0
122364854,16195,0,2,0,0,0,0,0,0,0,0,0
122372078,16196,0,2,0,0,0,0,0,0,0,0,0
122379302,16197,0,2,0,0,0,0,0,0,0,0,0
122386526,16198,0,2,0,0,0,0,0,0,0,0,0
122393750,16199,0,2,0,0,0,0,0,0,0,0,0
122400974,16200,0,2,0,0,0,0,0,0,0,0,0
122408199,16201,0,2,0,0,0,0,0,0,0,0,0
122415422,16202,0,2,0,0,0,0,0,0,0,0,0
122422646,16203,0,2,0,0,0,0,0,0,0,0,0
122429870,16204,0,2,0,0,0,0,0,0,0,0,0
122437094,16205,0,2,0,0,0,0,0,0,0,0,0
122444318,16206,0,2,0,0,0,0,0,0,0,0,0
122451542,16207,0,2,0,0,0,0,0,0,0,0,0
122458766,16208,0,2,0,0,0,0,0,0,0,0,0
122465990,16209,0,2,0,0,0,0,0,0,0,0,0
122473214,16210,0,2,0,0,0,0,0,0,0,0,0
122480439,16211,0,2,0,0,0,0,0,0,0,0,0
122487662,16212,0,2,0,0,0,0,0,0,0,0,0
122494886,16213,0,2,0,0,0,0,0,0,0,0,0
122502110,16214,0,2,0,0,0,0,0,0,0,0,0
122509334,16215,0,2,0,0,0,0,0,0,0,0,0
122516558,16216,0,2,0,0,0,0,0,0,0,0,0
122523782,16217,0,2,0,0,0,0,0,0,0,0,0
122531006,16218,0,2,0,0,0,0,0,0,0,0,0
122538230,16219,0,2,0,0,0,0,0,0,0,0,0
122545454,16220,0,2,0,0,0,0,0,0,0,0,0
122552679,16221,0,2,0,0,0,0,0,0,0,0,0
122559902,16222,0,2,0,0,0,0,0,0,0,0,0
122567126,16223,0,2,0,0,0,0,0,0,0,0,0
122574350,16224,0,2,0,0,0,0,0,0,0,0,0
122581574,16225,0,2,0,0,0,0,0,0,0,0,0
122588798,16226,0,2,0,0,0,0,0,0,0,0,0
122596022,16227,0,2,0,0,0,0,0,0,0,0,0
122603246,16228,0,2,0,0,0,0,0,0,0,0,0
122610470,16229,0,2,0,0,0,0,0,0,0,0,0
122617694,16230,0,2,0,0,0,0,0,0,0,0,0
122624919,16231,0,2,0,0,0,0,0,0,0,0,0
122632142,16232,0,2,0,0,0,0,0,0,0,0,0
122639366,16233,0,2,0,0,0,0,0,0,0,0,0
122646590,16234,0,2,0,0,0,0,0,0,0,0,0
122653814,16235,0,2,0,0,0,0,0,0,0,0,0
122661038,16236,0,2,0,0,0,0,0,0,0,0,0
122668262,16237,0,2,0,0,0,0,0,0,0,0,0
122675486,16238,0,2,0,0,0,0,0,0,0,0,0
122682710,16239,0,2,0,0,0,0,0,0,0,0,0
122689934,16240,0,2,0,0,0,0,0,0,0,0,0
122697159,16241,0,2,0,0,0,0,0,0,0,0,0
122704382,16242,0,2,0,0,0,0,0,0,0,0,0
122711606,16243,0,2,0,0,0,0,0,0,0,0,0
122718830,16244,0,2,0,0,0,0,0,0,0,0,0
122726054,16245,0,2,0,0,0,0,0,0,0,0,0
122733278,16246,0,2,0,0,0,0,0,0,0,0,0
122740502,16247,0,2,0,0,0,0,0,0,0,0,0
122747726,16248,0,2,0,0,0,0,0,0,0,0,0
122754950,16249,0,2,0,0,0,0,0,0,0,0,0
122762174,16250,0,2,0,0,0,0,0,0,0,0,0
122769399,16251,0,2,0,0,0,0,0,0,0,0,0
122776622,16252,0,2,0,0,0,0,0,0,0,0,0
122783846,16253,0,2,0,0,0,0,0,0,0,0,0
122791070,16254,0,2,0,0,0,0,0,0,0,0,0
122798294,16255,0,2,0,0,0,0,0,0,0,0,0
122805518,16256,0,2,0,0,0,0,0,0,0,0,0
122812742,16257,0,2,0,0,0,0,0,0,0,0,0
122819966,16258,0,2,0,0,0,0,0,0,0,0,0
122827190,16259,0,2,0,0,0,0,0,0,0,0,0
122834414,16260,0,2,0,0,0,0,0,0,0,0,0
122841639,16261,0,2,0,0,0,0,0,0,0,0,0
122848862,16262,0,2,0,0,0,0,0,0,0,0,0
122856086,16263,0,2,0,0,0,0,0,0,0,0,0
122863310,16264,0,2,0,0,0,0,0,0,0,0,0
122870534,16265,0,2,0,0,0,0,0,0,0,0,0
122877758,16266,0,2,0,0,0,0,0,0,0,0,0
122884982,16267,0,2,0,0,0,0,0,0,0,0,0
122892206,16268,0,2,0,0,0,0,0,0,0,0,0
122899430,16269,0,2,0,0,0,0,0,0,0,0,0
122906654,16270,0,2,0,0,0,0,0,0,0,0,0
122913879,16271,0,2,0,0,0,0,0,0,0,0,0
122921102,16272,0,2,0,0,0,0,0,0,0,0,0
122928326,16273,0,2,0,0,0,0,0,0,0,0,0
122935550,16274,0,2,0,0,0,0,0,0,0,0,0
122942774,16275,0,2,0,0,0,0,0,0,0,0,0
122949998,16276,0,2,0,0,0,0,0,0,0,0,0
122957222,16277,0,2,0,0,0,0,0,0,0,0,0
122964446,16278,0,2,0,0,0,0,0,0,0,0,0
122971670,16279,0,2,0,0,0,0,0,0,0,0,0
122978894,16280,0,2,0,0,0,0,0,0,0,0,0
122986119,16281,0,2,0,0,0,0,0,0,0,0,0
122993342,16282,0,2,0,0,0,0,0,0,0,0,0
123000566,16283,0,2,0,0,0,0,0,0,0,0,0
123007790,16284,0,2,0,0,0,0,0,0,0,0,0
123015014,16285,0,2,0,0,0,0,0,0,0,0,0
123022238,16286,0,2,0,0,0,0,0,0,0,0,0
123029462,16287,0,2,0,0,0,0,0,0,0,0,0
123036686,16288,0,2,0,0,0,0,0,0,0,0,0
123043910,16289,0,2,0,0,0,0,0,0,0,0,0
123051134,16290,0,2,0,0,0,0,0,0,0,0,0
123058359,16291,0,2,0,0,0,0,0,0,0,0,0
123065582,16292,0,2,0,0,0,0,0,0,0,0,0
123072806,16293,0,2,0,0,0,0,0,0,0,0,0
123080030,16294,0,2,0,0,0,0,0,0,0,0,0
123087254,16295,0,2,0,0,0,0,0,0,0,0,0
123094478,16296,0,2,0,0,0,0,0,0,0,0,0
123101702,16297,0,2,0,0,0,0,0,0,0,0,0
123108926,16298,0,2,0,0,0,0,0,0,0,0,0
123116150,16299,0,2,0,0,0,0,0,0,0,0,0
123123374,16300,0,2,0,0,0,0,0,0,0,0,0
123130599,16301,0,2,0,0,0,0,0,0,0,0,0
123137822,16302,0,2,0,0,0,0,0,0,0,0,0
123145046,16303,0,2,0,0,0,0,0,0,0,0,0
123152270,16304,0,2,0,0,0,0,0,0,0,0,0
123159494,16305,0,2,0,0,0,0,0,0,0,0,0
123166718,16306,0,2,0,0,0,0,0,0,0,0,0
123173942,16307,0,2,0,0,0,0,0,0,0,0,0
123181166,16308,0,2,0,0,0,0,0,0,0,0,0
123188390,16309,0,2,0,0,0,0,0,0,0,0,0
123195614,16310,0,2,0,0,0,0,0,0,0,0,0
123202839,16311,0,2,0,0,0,0,0,0,0,0,0
123210063,16312,0,2,0,0,0,0,0,0,0,0,0
123217286,16313,0,2,0,0,0,0,0,0,0,0,0
123224510,16314,0,2,0,0,0,0,0,0,0,0,0
123231734,16315,0,2,0,0,0,0,0,0,0,0,0
123238958,16316,0,2,0,0,0,0,0,0,0,0,0
123246182,16317,0,2,0,0,0,0,0,0,0,0,0
123253406,16318,0,2,0,0,0,0,0,0,0,0,0
123260630,16319,0,2,0,0,0,0,0,0,0,0,0
123267854,16320,0,2,0,0,0,0,0,0,0,0,0
123275079,16321,0,2,0,0,0,0,0,0,0,0,0
123282302,16322,0,2,0,0,0,0,0,0,0,0,0
123289526,16323,0,2,0,0,0,0,0,0,0,0,0
123296750,16324,0,2,0,0,0,0,0,0,0,0,0
123303974,16325,0,2,0,0,0,0,0,0,0,0,0
123311198,16326,0,2,0,0,0,0,0,0,0,0,0
123318422,16327,0,2,0,0,0,0,0,0,0,0,0
123325646,16328,0,2,0,0,0,0,0,0,0,0,0
123332870,16329,0,2,0,0,0,0,0,0,0,0,0
123340094,16330,0,2,0,0,0,0,0,0,0,0,0
123347319,16331,0,2,0,0,0,0,0,0,0,0,0
123354542,16332,0,2,0,0,0,0,0,0,0,0,0
123361766,16333,0,2,0,0,0,0,0,0,0,0,0
123368990,16334,0,2,0,0,0,0,0,0,0,0,0
123376214,16335,0,2,0,0,0,0,0,0,0,0,0
123383438,16336,0,2,0,0,0,0,0,0,0,0,0
123390662,16337,0,2,0,0,0,0,0,0,0,0,0
123397886,16338,0,2,0,0,0,0,0,0,0,0,0
123405110,16339,0,2,0,0,0,0,0,0,0,0,0
123412334,16340,0,2,0,0,0,0,0,0,0,0,0
123419559,16341,0,2,0,0,0,0,0,0,0,0,0
123426782,16342,0,2,0,0,0,0,0,0,0,0,0
123434006,16343,0,2,0,0,0,0,0,0,0,0,0
