timestamp_us,seq,valid_mask,status_bits,solenoid_state,payload0_centi_psi,payload1_centi_psi,payload2_centi_psi,payload3_centi_psi,raw_adc0,raw_adc1,raw_adc2,raw_adc3
5304002,0,0,2,0,0,0,0,0,0,0,0,0
5311995,1,0,2,0,0,0,0,0,0,0,0,0
5315639,2,0,2,0,0,0,0,0,0,0,0,0
5319283,3,0,2,0,0,0,0,0,0,0,0,0
5322927,4,0,2,0,0,0,0,0,0,0,0,0
5326571,5,0,2,0,0,0,0,0,0,0,0,0
5330216,6,0,2,0,0,0,0,0,0,0,0,0
5333859,7,0,2,0,0,0,0,0,0,0,0,0
5337503,8,0,2,0,0,0,0,0,0,0,0,0
5341148,9,0,2,0,0,0,0,0,0,0,0,0
5344791,10,0,2,0,0,0,0,0,0,0,0,0
5348435,11,0,2,0,0,0,0,0,0,0,0,0
5352080,12,0,2,0,0,0,0,0,0,0,0,0
5355723,13,0,2,0,0,0,0,0,0,0,0,0
5359367,14,0,2,0,0,0,0,0,0,0,0,0
5363011,15,0,2,0,0,0,0,0,0,0,0,0
5366655,16,0,2,0,0,0,0,0,0,0,0,0
5370299,17,0,2,0,0,0,0,0,0,0,0,0
5373943,18,0,2,0,0,0,0,0,0,0,0,0
5377587,19,0,2,0,0,0,0,0,0,0,0,0
5381232,20,0,2,0,0,0,0,0,0,0,0,0
5384876,21,0,2,0,0,0,0,0,0,0,0,0
5388519,22,0,2,0,0,0,0,0,0,0,0,0
5392164,23,0,2,0,0,0,0,0,0,0,0,0
5395807,24,0,2,0,0,0,0,0,0,0,0,0
5399451,25,0,2,0,0,0,0,0,0,0,0,0
5403096,26,0,2,0,0,0,0,0,0,0,0,0
5406739,27,0,2,0,0,0,0,0,0,0,0,0
5410384,28,0,2,0,0,0,0,0,0,0,0,0
5414027,29,0,2,0,0,0,0,0,0,0,0,0
5417671,30,0,2,0,0,0,0,0,0,0,0,0
5421315,31,0,2,0,0,0,0,0,0,0,0,0
5424959,32,0,2,0,0,0,0,0,0,0,0,0
5428603,33,0,2,0,0,0,0,0,0,0,0,0
5432247,34,0,2,0,0,0,0,0,0,0,0,0
5435891,35,0,2,0,0,0,0,0,0,0,0,0
5439535,36,0,2,0,0,0,0,0,0,0,0,0
5443180,37,0,2,0,0,0,0,0,0,0,0,0
5446823,38,0,2,0,0,0,0,0,0,0,0,0
5450467,39,0,2,0,0,0,0,0,0,0,0,0
5454112,40,0,2,0,0,0,0,0,0,0,0,0
5457756,41,0,2,0,0,0,0,0,0,0,0,0
5461399,42,0,2,0,0,0,0,0,0,0,0,0
5465044,43,0,2,0,0,0,0,0,0,0,0,0
5468687,44,0,2,0,0,0,0,0,0,0,0,0
5472331,45,0,2,0,0,0,0,0,0,0,0,0
5475975,46,0,2,0,0,0,0,0,0,0,0,0
5479619,47,0,2,0,0,0,0,0,0,0,0,0
5483264,48,0,2,0,0,0,0,0,0,0,0,0
5486907,49,0,2,0,0,0,0,0,0,0,0,0
5490551,50,0,2,0,0,0,0,0,0,0,0,0
5494196,51,0,2,0,0,0,0,0,0,0,0,0
5497839,52,0,2,0,0,0,0,0,0,0,0,0
5501483,53,0,2,0,0,0,0,0,0,0,0,0
5505127,54,0,2,0,0,0,0,0,0,0,0,0
5508771,55,0,2,0,0,0,0,0,0,0,0,0
5512415,56,0,2,0,0,0,0,0,0,0,0,0
5516060,57,0,2,0,0,0,0,0,0,0,0,0
5519703,58,0,2,0,0,0,0,0,0,0,0,0
5523348,59,0,2,0,0,0,0,0,0,0,0,0
5526991,60,0,2,0,0,0,0,0,0,0,0,0
5530636,61,0,2,0,0,0,0,0,0,0,0,0
5534280,62,0,2,0,0,0,0,0,0,0,0,0
5537923,63,0,2,0,0,0,0,0,0,0,0,0
5541567,64,0,2,0,0,0,0,0,0,0,0,0
5545212,65,0,2,0,0,0,0,0,0,0,0,0
5548855,66,0,2,0,0,0,0,0,0,0,0,0
5552499,67,0,2,0,0,0,0,0,0,0,0,0
5556144,68,0,2,0,0,0,0,0,0,0,0,0
5559787,69,0,2,0,0,0,0,0,0,0,0,0
5563431,70,0,2,0,0,0,0,0,0,0,0,0
5567075,71,0,2,0,0,0,0,0,0,0,0,0
5570719,72,0,2,0,0,0,0,0,0,0,0,0
5574363,73,0,2,0,0,0,0,0,0,0,0,0
5578007,74,0,2,0,0,0,0,0,0,0,0,0
5581651,75,0,2,0,0,0,0,0,0,0,0,0
5585296,76,0,2,0,0,0,0,0,0,0,0,0
5588939,77,0,2,0,0,0,0,0,0,0,0,0
5592583,78,0,2,0,0,0,0,0,0,0,0,0
5596228,79,0,2,0,0,0,0,0,0,0,0,0
5599871,80,0,2,0,0,0,0,0,0,0,0,0
5603516,81,0,2,0,0,0,0,0,0,0,0,0
5607159,82,0,2,0,0,0,0,0,0,0,0,0
5610803,83,0,2,0,0,0,0,0,0,0,0,0
5614447,84,0,2,0,0,0,0,0,0,0,0,0
5618091,85,0,2,0,0,0,0,0,0,0,0,0
5621735,86,0,2,0,0,0,0,0,0,0,0,0
5625379,87,0,2,0,0,0,0,0,0,0,0,0
5629024,88,0,2,0,0,0,0,0,0,0,0,0
5632667,89,0,2,0,0,0,0,0,0,0,0,0
5636311,90,0,2,0,0,0,0,0,0,0,0,0
5639956,91,0,2,0,0,0,0,0,0,0,0,0
5643599,92,0,2,0,0,0,0,0,0,0,0,0
5647244,93,0,2,0,0,0,0,0,0,0,0,0
5650887,94,0,2,0,0,0,0,0,0,0,0,0
5654531,95,0,2,0,0,0,0,0,0,0,0,0
5658175,96,0,2,0,0,0,0,0,0,0,0,0
5661819,97,0,2,0,0,0,0,0,0,0,0,0
5665463,98,0,2,0,0,0,0,0,0,0,0,0
5669107,99,0,2,0,0,0,0,0,0,0,0,0
5672751,100,0,2,0,0,0,0,0,0,0,0,0
5676396,101,0,2,0,0,0,0,0,0,0,0,0
5680040,102,0,2,0,0,0,0,0,0,0,0,0
5683683,103,0,2,0,0,0,0,0,0,0,0,0
5687327,104,0,2,0,0,0,0,0,0,0,0,0
5690971,105,0,2,0,0,0,0,0,0,0,0,0
5694615,106,0,2,0,0,0,0,0,0,0,0,0
5698259,107,0,2,0,0,0,0,0,0,0,0,0
5701903,108,0,2,0,0,0,0,0,0,0,0,0
5705547,109,0,2,0,0,0,0,0,0,0,0,0
5709192,110,0,2,0,0,0,0,0,0,0,0,0
5712836,111,0,2,0,0,0,0,0,0,0,0,0
5716479,112,0,2,0,0,0,0,0,0,0,0,0
5720123,113,0,2,0,0,0,0,0,0,0,0,0
5723767,114,0,2,0,0,0,0,0,0,0,0,0
5727411,115,0,2,0,0,0,0,0,0,0,0,0
5731055,116,0,2,0,0,0,0,0,0,0,0,0
5734699,117,0,2,0,0,0,0,0,0,0,0,0
5738343,118,0,2,0,0,0,0,0,0,0,0,0
5741987,119,0,2,0,0,0,0,0,0,0,0,0
5745631,120,0,2,0,0,0,0,0,0,0,0,0
5749276,121,0,2,0,0,0,0,0,0,0,0,0
5752919,122,0,2,0,0,0,0,0,0,0,0,0
5756563,123,0,2,0,0,0,0,0,0,0,0,0
5760208,124,0,2,0,0,0,0,0,0,0,0,0
5763851,125,0,2,0,0,0,0,0,0,0,0,0
5767495,126,0,2,0,0,0,0,0,0,0,0,0
5771140,127,0,2,0,0,0,0,0,0,0,0,0
5774783,128,0,2,0,0,0,0,0,0,0,0,0
5778427,129,0,2,0,0,0,0,0,0,0,0,0
5782072,130,0,2,0,0,0,0,0,0,0,0,0
5785716,131,0,2,0,0,0,0,0,0,0,0,0
5789359,132,0,2,0,0,0,0,0,0,0,0,0
5793003,133,0,2,0,0,0,0,0,0,0,0,0
5796647,134,0,2,0,0,0,0,0,0,0,0,0
5800292,135,0,2,0,0,0,0,0,0,0,0,0
5803935,136,0,2,0,0,0,0,0,0,0,0,0
5807579,137,0,2,0,0,0,0,0,0,0,0,0
5811224,138,0,2,0,0,0,0,0,0,0,0,0
5814867,139,0,2,0,0,0,0,0,0,0,0,0
5818511,140,0,2,0,0,0,0,0,0,0,0,0
5822155,141,0,2,0,0,0,0,0,0,0,0,0
5825799,142,0,2,0,0,0,0,0,0,0,0,0
5829443,143,0,2,0,0,0,0,0,0,0,0,0
5833087,144,0,2,0,0,0,0,0,0,0,0,0
5836731,145,0,2,0,0,0,0,0,0,0,0,0
5840375,146,0,2,0,0,0,0,0,0,0,0,0
5844020,147,0,2,0,0,0,0,0,0,0,0,0
5847663,148,0,2,0,0,0,0,0,0,0,0,0
5851307,149,0,2,0,0,0,0,0,0,0,0,0
5854951,150,0,2,0,0,0,0,0,0,0,0,0
5858596,151,0,2,0,0,0,0,0,0,0,0,0
5862239,152,0,2,0,0,0,0,0,0,0,0,0
5865883,153,0,2,0,0,0,0,0,0,0,0,0
5869527,154,0,2,0,0,0,0,0,0,0,0,0
5873172,155,0,2,0,0,0,0,0,0,0,0,0
5876815,156,0,2,0,0,0,0,0,0,0,0,0
5880459,157,0,2,0,0,0,0,0,0,0,0,0
5884104,158,0,2,0,0,0,0,0,0,0,0,0
5887747,159,0,2,0,0,0,0,0,0,0,0,0
5891391,160,0,2,0,0,0,0,0,0,0,0,0
5895036,161,0,2,0,0,0,0,0,0,0,0,0
5898679,162,0,2,0,0,0,0,0,0,0,0,0
5902324,163,0,2,0,0,0,0,0,0,0,0,0
5905967,164,0,2,0,0,0,0,0,0,0,0,0
5909611,165,0,2,0,0,0,0,0,0,0,0,0
5913256,166,0,2,0,0,0,0,0,0,0,0,0
5916899,167,0,2,0,0,0,0,0,0,0,0,0
5920543,168,0,2,0,0,0,0,0,0,0,0,0
5924188,169,0,2,0,0,0,0,0,0,0,0,0
5927831,170,0,2,0,0,0,0,0,0,0,0,0
5931476,171,0,2,0,0,0,0,0,0,0,0,0
5935119,172,0,2,0,0,0,0,0,0,0,0,0
5938763,173,0,2,0,0,0,0,0,0,0,0,0
5942408,174,0,2,0,0,0,0,0,0,0,0,0
5946052,175,0,2,0,0,0,0,0,0,0,0,0
5949695,176,0,2,0,0,0,0,0,0,0,0,0
5953339,177,0,2,0,0,0,0,0,0,0,0,0
5956983,178,0,2,0,0,0,0,0,0,0,0,0
5960627,179,0,2,0,0,0,0,0,0,0,0,0
5964272,180,0,2,0,0,0,0,0,0,0,0,0
5967915,181,0,2,0,0,0,0,0,0,0,0,0
5971559,182,0,2,0,0,0,0,0,0,0,0,0
5975204,183,0,2,0,0,0,0,0,0,0,0,0
5978847,184,0,2,0,0,0,0,0,0,0,0,0
5982491,185,0,2,0,0,0,0,0,0,0,0,0
5986136,186,0,2,0,0,0,0,0,0,0,0,0
5989779,187,0,2,0,0,0,0,0,0,0,0,0
5993423,188,0,2,0,0,0,0,0,0,0,0,0
5997068,189,0,2,0,0,0,0,0,0,0,0,0
6000711,190,0,2,0,0,0,0,0,0,0,0,0
6004355,191,0,2,0,0,0,0,0,0,0,0,0
6007999,192,0,2,0,0,0,0,0,0,0,0,0
6011643,193,0,2,0,0,0,0,0,0,0,0,0
6015288,194,0,2,0,0,0,0,0,0,0,0,0
6018931,195,0,2,0,0,0,0,0,0,0,0,0
6022575,196,0,2,0,0,0,0,0,0,0,0,0
6026219,197,0,2,0,0,0,0,0,0,0,0,0
6029863,198,0,2,0,0,0,0,0,0,0,0,0
6033507,199,0,2,0,0,0,0,0,0,0,0,0
6037152,200,0,2,0,0,0,0,0,0,0,0,0
6040796,201,0,2,0,0,0,0,0,0,0,0,0
6044439,202,0,2,0,0,0,0,0,0,0,0,0
6048083,203,0,2,0,0,0,0,0,0,0,0,0
6051727,204,0,2,0,0,0,0,0,0,0,0,0
6055371,205,0,2,0,0,0,0,0,0,0,0,0
6059016,206,0,2,0,0,0,0,0,0,0,0,0
6062659,207,0,2,0,0,0,0,0,0,0,0,0
6066304,208,0,2,0,0,0,0,0,0,0,0,0
6069947,209,0,2,0,0,0,0,0,0,0,0,0
6073591,210,0,2,0,0,0,0,0,0,0,0,0
6077236,211,0,2,0,0,0,0,0,0,0,0,0
6080879,212,0,2,0,0,0,0,0,0,0,0,0
6084523,213,0,2,0,0,0,0,0,0,0,0,0
6088168,214,0,2,0,0,0,0,0,0,0,0,0
6091811,215,0,2,0,0,0,0,0,0,0,0,0
6095455,216,0,2,0,0,0,0,0,0,0,0,0
6099100,217,0,2,0,0,0,0,0,0,0,0,0
6102743,218,0,2,0,0,0,0,0,0,0,0,0
6106387,219,0,2,0,0,0,0,0,0,0,0,0
6110032,220,0,2,0,0,0,0,0,0,0,0,0
6113675,221,0,2,0,0,0,0,0,0,0,0,0
6117320,222,0,2,0,0,0,0,0,0,0,0,0
6120963,223,0,2,0,0,0,0,0,0,0,0,0
6124607,224,0,2,0,0,0,0,0,0,0,0,0
6128252,225,0,2,0,0,0,0,0,0,0,0,0
6131895,226,0,2,0,0,0,0,0,0,0,0,0
6135539,227,0,2,0,0,0,0,0,0,0,0,0
6163832,228,0,2,0,0,0,0,0,0,0,0,0
6167464,229,0,2,0,0,0,0,0,0,0,0,0
6171109,230,0,2,0,0,0,0,0,0,0,0,0
6174753,231,0,2,0,0,0,0,0,0,0,0,0
6178396,232,0,2,0,0,0,0,0,0,0,0,0
6182040,233,0,2,0,0,0,0,0,0,0,0,0
6185684,234,0,2,0,0,0,0,0,0,0,0,0
6189328,235,0,2,0,0,0,0,0,0,0,0,0
6192972,236,0,2,0,0,0,0,0,0,0,0,0
6196616,237,0,2,0,0,0,0,0,0,0,0,0
6200260,238,0,2,0,0,0,0,0,0,0,0,0
6203904,239,0,2,0,0,0,0,0,0,0,0,0
6207548,240,0,2,0,0,0,0,0,0,0,0,0
6211193,241,0,2,0,0,0,0,0,0,0,0,0
6214836,242,0,2,0,0,0,0,0,0,0,0,0
6218480,243,0,2,0,0,0,0,0,0,0,0,0
6222124,244,0,2,0,0,0,0,0,0,0,0,0
6225768,245,0,2,0,0,0,0,0,0,0,0,0
6229412,246,0,2,0,0,0,0,0,0,0,0,0
6233057,247,0,2,0,0,0,0,0,0,0,0,0
6236700,248,0,2,0,0,0,0,0,0,0,0,0
6240345,249,0,2,0,0,0,0,0,0,0,0,0
6243988,250,0,2,0,0,0,0,0,0,0,0,0
6247633,251,0,2,0,0,0,0,0,0,0,0,0
6251277,252,0,2,0,0,0,0,0,0,0,0,0
6254920,253,0,2,0,0,0,0,0,0,0,0,0
6258564,254,0,2,0,0,0,0,0,0,0,0,0
6262209,255,0,2,0,0,0,0,0,0,0,0,0
6265852,256,0,2,0,0,0,0,0,0,0,0,0
6269496,257,0,2,0,0,0,0,0,0,0,0,0
6273141,258,0,2,0,0,0,0,0,0,0,0,0
6276784,259,0,2,0,0,0,0,0,0,0,0,0
6280428,260,0,2,0,0,0,0,0,0,0,0,0
6284072,261,0,2,0,0,0,0,0,0,0,0,0
6287716,262,0,2,0,0,0,0,0,0,0,0,0
6291361,263,0,2,0,0,0,0,0,0,0,0,0
6295004,264,0,2,0,0,0,0,0,0,0,0,0
6298648,265,0,2,0,0,0,0,0,0,0,0,0
6302292,266,0,2,0,0,0,0,0,0,0,0,0
6305936,267,0,2,0,0,0,0,0,0,0,0,0
6309580,268,0,2,0,0,0,0,0,0,0,0,0
6313225,269,0,2,0,0,0,0,0,0,0,0,0
6316868,270,0,2,0,0,0,0,0,0,0,0,0
6320513,271,0,2,0,0,0,0,0,0,0,0,0
6324156,272,0,2,0,0,0,0,0,0,0,0,0
6327800,273,0,2,0,0,0,0,0,0,0,0,0
6331444,274,0,2,0,0,0,0,0,0,0,0,0
6335089,275,0,2,0,0,0,0,0,0,0,0,0
6338732,276,0,2,0,0,0,0,0,0,0,0,0
6342376,277,0,2,0,0,0,0,0,0,0,0,0
6346020,278,0,2,0,0,0,0,0,0,0,0,0
6349664,279,0,2,0,0,0,0,0,0,0,0,0
6353308,280,0,2,0,0,0,0,0,0,0,0,0
6356953,281,0,2,0,0,0,0,0,0,0,0,0
6360596,282,0,2,0,0,0,0,0,0,0,0,0
6364240,283,0,2,0,0,0,0,0,0,0,0,0
6367884,284,0,2,0,0,0,0,0,0,0,0,0
6371528,285,0,2,0,0,0,0,0,0,0,0,0
6375173,286,0,2,0,0,0,0,0,0,0,0,0
6378816,287,0,2,0,0,0,0,0,0,0,0,0
6382460,288,0,2,0,0,0,0,0,0,0,0,0
6386104,289,0,2,0,0,0,0,0,0,0,0,0
6389748,290,0,2,0,0,0,0,0,0,0,0,0
6393393,291,0,2,0,0,0,0,0,0,0,0,0
6397036,292,0,2,0,0,0,0,0,0,0,0,0
6400680,293,0,2,0,0,0,0,0,0,0,0,0
6404324,294,0,2,0,0,0,0,0,0,0,0,0
6407968,295,0,2,0,0,0,0,0,0,0,0,0
6411612,296,0,2,0,0,0,0,0,0,0,0,0
6415256,297,0,2,0,0,0,0,0,0,0,0,0
6418900,298,0,2,0,0,0,0,0,0,0,0,0
6422544,299,0,2,0,0,0,0,0,0,0,0,0
6426189,300,0,2,0,0,0,0,0,0,0,0,0
6429833,301,0,2,0,0,0,0,0,0,0,0,0
6433476,302,0,2,0,0,0,0,0,0,0,0,0
6437120,303,0,2,0,0,0,0,0,0,0,0,0
6440764,304,0,2,0,0,0,0,0,0,0,0,0
6444408,305,0,2,0,0,0,0,0,0,0,0,0
6448053,306,0,2,0,0,0,0,0,0,0,0,0
6451696,307,0,2,0,0,0,0,0,0,0,0,0
6455340,308,0,2,0,0,0,0,0,0,0,0,0
6458984,309,0,2,0,0,0,0,0,0,0,0,0
6462628,310,0,2,0,0,0,0,0,0,0,0,0
6466272,311,0,2,0,0,0,0,0,0,0,0,0
6469916,312,0,2,0,0,0,0,0,0,0,0,0
6473560,313,0,2,0,0,0,0,0,0,0,0,0
6477204,314,0,2,0,0,0,0,0,0,0,0,0
6480848,315,0,2,0,0,0,0,0,0,0,0,0
6484492,316,0,2,0,0,0,0,0,0,0,0,0
6488137,317,0,2,0,0,0,0,0,0,0,0,0
6491780,318,0,2,0,0,0,0,0,0,0,0,0
6495424,319,0,2,0,0,0,0,0,0,0,0,0
6499068,320,0,2,0,0,0,0,0,0,0,0,0
6502713,321,0,2,0,0,0,0,0,0,0,0,0
6506356,322,0,2,0,0,0,0,0,0,0,0,0
6510000,323,0,2,0,0,0,0,0,0,0,0,0
6513644,324,0,2,0,0,0,0,0,0,0,0,0
6517288,325,0,2,0,0,0,0,0,0,0,0,0
6520932,326,0,2,0,0,0,0,0,0,0,0,0
6524576,327,0,2,0,0,0,0,0,0,0,0,0
6528220,328,0,2,0,0,0,0,0,0,0,0,0
6531864,329,0,2,0,0,0,0,0,0,0,0,0
6535508,330,0,2,0,0,0,0,0,0,0,0,0
6539152,331,0,2,0,0,0,0,0,0,0,0,0
6542796,332,0,2,0,0,0,0,0,0,0,0,0
6546440,333,0,2,0,0,0,0,0,0,0,0,0
6550084,334,0,2,0,0,0,0,0,0,0,0,0
6553728,335,0,2,0,0,0,0,0,0,0,0,0
6557372,336,0,2,0,0,0,0,0,0,0,0,0
6561016,337,0,2,0,0,0,0,0,0,0,0,0
6564660,338,0,2,0,0,0,0,0,0,0,0,0
6568305,339,0,2,0,0,0,0,0,0,0,0,0
6571948,340,0,2,0,0,0,0,0,0,0,0,0
6575593,341,0,2,0,0,0,0,0,0,0,0,0
6579237,342,0,2,0,0,0,0,0,0,0,0,0
6582880,343,0,2,0,0,0,0,0,0,0,0,0
6586524,344,0,2,0,0,0,0,0,0,0,0,0
6590169,345,0,2,0,0,0,0,0,0,0,0,0
6593812,346,0,2,0,0,0,0,0,0,0,0,0
6597456,347,0,2,0,0,0,0,0,0,0,0,0
6601101,348,0,2,0,0,0,0,0,0,0,0,0
6604744,349,0,2,0,0,0,0,0,0,0,0,0
6608389,350,0,2,0,0,0,0,0,0,0,0,0
6612033,351,0,2,0,0,0,0,0,0,0,0,0
6615676,352,0,2,0,0,0,0,0,0,0,0,0
6619320,353,0,2,0,0,0,0,0,0,0,0,0
6622964,354,0,2,0,0,0,0,0,0,0,0,0
6626608,355,0,2,0,0,0,0,0,0,0,0,0
6630253,356,0,2,0,0,0,0,0,0,0,0,0
6633896,357,0,2,0,0,0,0,0,0,0,0,0
6637540,358,0,2,0,0,0,0,0,0,0,0,0
6641184,359,0,2,0,0,0,0,0,0,0,0,0
6644828,360,0,2,0,0,0,0,0,0,0,0,0
6648472,361,0,2,0,0,0,0,0,0,0,0,0
6652116,362,0,2,0,0,0,0,0,0,0,0,0
6655760,363,0,2,0,0,0,0,0,0,0,0,0
6659405,364,0,2,0,0,0,0,0,0,0,0,0
6663049,365,0,2,0,0,0,0,0,0,0,0,0
6666692,366,0,2,0,0,0,0,0,0,0,0,0
6670337,367,0,2,0,0,0,0,0,0,0,0,0
6673980,368,0,2,0,0,0,0,0,0,0,0,0
6677624,369,0,2,0,0,0,0,0,0,0,0,0
6681268,370,0,2,0,0,0,0,0,0,0,0,0
6684912,371,0,2,0,0,0,0,0,0,0,0,0
6688556,372,0,2,0,0,0,0,0,0,0,0,0
6692201,373,0,2,0,0,0,0,0,0,0,0,0
6695844,374,0,2,0,0,0,0,0,0,0,0,0
6699488,375,0,2,0,0,0,0,0,0,0,0,0
6703133,376,0,2,0,0,0,0,0,0,0,0,0
6706776,377,0,2,0,0,0,0,0,0,0,0,0
6710421,378,0,2,0,0,0,0,0,0,0,0,0
6714064,379,0,2,0,0,0,0,0,0,0,0,0
6717708,380,0,2,0,0,0,0,0,0,0,0,0
6721353,381,0,2,0,0,0,0,0,0,0,0,0
6724996,382,0,2,0,0,0,0,0,0,0,0,0
6728640,383,0,2,0,0,0,0,0,0,0,0,0
6732284,384,0,2,0,0,0,0,0,0,0,0,0
6735928,385,0,2,0,0,0,0,0,0,0,0,0
6739572,386,0,2,0,0,0,0,0,0,0,0,0
6743216,387,0,2,0,0,0,0,0,0,0,0,0
6746860,388,0,2,0,0,0,0,0,0,0,0,0
6750504,389,0,2,0,0,0,0,0,0,0,0,0
6754148,390,0,2,0,0,0,0,0,0,0,0,0
6757793,391,0,2,0,0,0,0,0,0,0,0,0
6761436,392,0,2,0,0,0,0,0,0,0,0,0
6765081,393,0,2,0,0,0,0,0,0,0,0,0
6768724,394,0,2,0,0,0,0,0,0,0,0,0
6772368,395,0,2,0,0,0,0,0,0,0,0,0
6776012,396,0,2,0,0,0,0,0,0,0,0,0
6779656,397,0,2,0,0,0,0,0,0,0,0,0
6783301,398,0,2,0,0,0,0,0,0,0,0,0
6786944,399,0,2,0,0,0,0,0,0,0,0,0
6790588,400,0,2,0,0,0,0,0,0,0,0,0
6794233,401,0,2,0,0,0,0,0,0,0,0,0
6797876,402,0,2,0,0,0,0,0,0,0,0,0
6801520,403,0,2,0,0,0,0,0,0,0,0,0
6805164,404,0,2,0,0,0,0,0,0,0,0,0
6808808,405,0,2,0,0,0,0,0,0,0,0,0
6812452,406,0,2,0,0,0,0,0,0,0,0,0
6816096,407,0,2,0,0,0,0,0,0,0,0,0
6819740,408,0,2,0,0,0,0,0,0,0,0,0
6823384,409,0,2,0,0,0,0,0,0,0,0,0
6827028,410,0,2,0,0,0,0,0,0,0,0,0
6830672,411,0,2,0,0,0,0,0,0,0,0,0
6834316,412,0,2,0,0,0,0,0,0,0,0,0
6837960,413,0,2,0,0,0,0,0,0,0,0,0
6841604,414,0,2,0,0,0,0,0,0,0,0,0
6845248,415,0,2,0,0,0,0,0,0,0,0,0
6848892,416,0,2,0,0,0,0,0,0,0,0,0
6852536,417,0,2,0,0,0,0,0,0,0,0,0
6856181,418,0,2,0,0,0,0,0,0,0,0,0
6859824,419,0,2,0,0,0,0,0,0,0,0,0
6863468,420,0,2,0,0,0,0,0,0,0,0,0
6867113,421,0,2,0,0,0,0,0,0,0,0,0
6870756,422,0,2,0,0,0,0,0,0,0,0,0
6874400,423,0,2,0,0,0,0,0,0,0,0,0
6878045,424,0,2,0,0,0,0,0,0,0,0,0
6881688,425,0,2,0,0,0,0,0,0,0,0,0
6885333,426,0,2,0,0,0,0,0,0,0,0,0
6888976,427,0,2,0,0,0,0,0,0,0,0,0
6892620,428,0,2,0,0,0,0,0,0,0,0,0
6896265,429,0,2,0,0,0,0,0,0,0,0,0
6899908,430,0,2,0,0,0,0,0,0,0,0,0
6903553,431,0,2,0,0,0,0,0,0,0,0,0
6907196,432,0,2,0,0,0,0,0,0,0,0,0
6910840,433,0,2,0,0,0,0,0,0,0,0,0
6914484,434,0,2,0,0,0,0,0,0,0,0,0
6918128,435,0,2,0,0,0,0,0,0,0,0,0
6921772,436,0,2,0,0,0,0,0,0,0,0,0
6925417,437,0,2,0,0,0,0,0,0,0,0,0
6929061,438,0,2,0,0,0,0,0,0,0,0,0
6932704,439,0,2,0,0,0,0,0,0,0,0,0
6936348,440,0,2,0,0,0,0,0,0,0,0,0
6939992,441,0,2,0,0,0,0,0,0,0,0,0
6943636,442,0,2,0,0,0,0,0,0,0,0,0
6947280,443,0,2,0,0,0,0,0,0,0,0,0
6950924,444,0,2,0,0,0,0,0,0,0,0,0
6954568,445,0,2,0,0,0,0,0,0,0,0,0
6958212,446,0,2,0,0,0,0,0,0,0,0,0
6961856,447,0,2,0,0,0,0,0,0,0,0,0
6965500,448,0,2,0,0,0,0,0,0,0,0,0
6969145,449,0,2,0,0,0,0,0,0,0,0,0
6972788,450,0,2,0,0,0,0,0,0,0,0,0
6976432,451,0,2,0,0,0,0,0,0,0,0,0
6980076,452,0,2,0,0,0,0,0,0,0,0,0
6983720,453,0,2,0,0,0,0,0,0,0,0,0
6987364,454,0,2,0,0,0,0,0,0,0,0,0
6999918,455,0,2,0,0,0,0,0,0,0,0,0
7003550,456,0,2,0,0,0,0,0,0,0,0,0
7007195,457,0,2,0,0,0,0,0,0,0,0,0
7010838,458,0,2,0,0,0,0,0,0,0,0,0
7014482,459,0,2,0,0,0,0,0,0,0,0,0
7018127,460,0,2,0,0,0,0,0,0,0,0,0
7021771,461,0,2,0,0,0,0,0,0,0,0,0
7025414,462,0,2,0,0,0,0,0,0,0,0,0
7029058,463,0,2,0,0,0,0,0,0,0,0,0
7032702,464,0,2,0,0,0,0,0,0,0,0,0
7036346,465,0,2,0,0,0,0,0,0,0,0,0
7039990,466,0,2,0,0,0,0,0,0,0,0,0
7043634,467,0,2,0,0,0,0,0,0,0,0,0
7047279,468,0,2,0,0,0,0,0,0,0,0,0
7050922,469,0,2,0,0,0,0,0,0,0,0,0
7054566,470,0,2,0,0,0,0,0,0,0,0,0
7058211,471,0,2,0,0,0,0,0,0,0,0,0
7061854,472,0,2,0,0,0,0,0,0,0,0,0
7065498,473,0,2,0,0,0,0,0,0,0,0,0
7069143,474,0,2,0,0,0,0,0,0,0,0,0
7072786,475,0,2,0,0,0,0,0,0,0,0,0
7076430,476,0,2,0,0,0,0,0,0,0,0,0
7080074,477,0,2,0,0,0,0,0,0,0,0,0
7083718,478,0,2,0,0,0,0,0,0,0,0,0
7087362,479,0,2,0,0,0,0,0,0,0,0,0
7091006,480,0,2,0,0,0,0,0,0,0,0,0
7094650,481,0,2,0,0,0,0,0,0,0,0,0
7098295,482,0,2,0,0,0,0,0,0,0,0,0
7101938,483,0,2,0,0,0,0,0,0,0,0,0
7105582,484,0,2,0,0,0,0,0,0,0,0,0
7109227,485,0,2,0,0,0,0,0,0,0,0,0
7112870,486,0,2,0,0,0,0,0,0,0,0,0
7116514,487,0,2,0,0,0,0,0,0,0,0,0
7120158,488,0,2,0,0,0,0,0,0,0,0,0
7123802,489,0,2,0,0,0,0,0,0,0,0,0
7127446,490,0,2,0,0,0,0,0,0,0,0,0
7131091,491,0,2,0,0,0,0,0,0,0,0,0
7134734,492,0,2,0,0,0,0,0,0,0,0,0
7138378,493,0,2,0,0,0,0,0,0,0,0,0
7142022,494,0,2,0,0,0,0,0,0,0,0,0
7145666,495,0,2,0,0,0,0,0,0,0,0,0
7149310,496,0,2,0,0,0,0,0,0,0,0,0
7152954,497,0,2,0,0,0,0,0,0,0,0,0
7156598,498,0,2,0,0,0,0,0,0,0,0,0
7160243,499,0,2,0,0,0,0,0,0,0,0,0
7163886,500,0,2,0,0,0,0,0,0,0,0,0
7167531,501,0,2,0,0,0,0,0,0,0,0,0
7171174,502,0,2,0,0,0,0,0,0,0,0,0
7174818,503,0,2,0,0,0,0,0,0,0,0,0
7178462,504,0,2,0,0,0,0,0,0,0,0,0
7182107,505,0,2,0,0,0,0,0,0,0,0,0
7185750,506,0,2,0,0,0,0,0,0,0,0,0
7189395,507,0,2,0,0,0,0,0,0,0,0,0
7193038,508,0,2,0,0,0,0,0,0,0,0,0
7196682,509,0,2,0,0,0,0,0,0,0,0,0
7200326,510,0,2,0,0,0,0,0,0,0,0,0
7203971,511,0,2,0,0,0,0,0,0,0,0,0
7207614,512,0,2,0,0,0,0,0,0,0,0,0
7211259,513,0,2,0,0,0,0,0,0,0,0,0
7214902,514,0,2,0,0,0,0,0,0,0,0,0
7218546,515,0,2,0,0,0,0,0,0,0,0,0
7222190,516,0,2,0,0,0,0,0,0,0,0,0
7225834,517,0,2,0,0,0,0,0,0,0,0,0
7229478,518,0,2,0,0,0,0,0,0,0,0,0
7233122,519,0,2,0,0,0,0,0,0,0,0,0
7236766,520,0,2,0,0,0,0,0,0,0,0,0
7240411,521,0,2,0,0,0,0,0,0,0,0,0
7244054,522,0,2,0,0,0,0,0,0,0,0,0
7247698,523,0,2,0,0,0,0,0,0,0,0,0
7251343,524,0,2,0,0,0,0,0,0,0,0,0
7254986,525,0,2,0,0,0,0,0,0,0,0,0
7258630,526,0,2,0,0,0,0,0,0,0,0,0
7262274,527,0,2,0,0,0,0,0,0,0,0,0
7265918,528,0,2,0,0,0,0,0,0,0,0,0
7269562,529,0,2,0,0,0,0,0,0,0,0,0
7273206,530,0,2,0,0,0,0,0,0,0,0,0
7276851,531,0,2,0,0,0,0,0,0,0,0,0
7280494,532,0,2,0,0,0,0,0,0,0,0,0
7284138,533,0,2,0,0,0,0,0,0,0,0,0
7287782,534,0,2,0,0,0,0,0,0,0,0,0
7291427,535,0,2,0,0,0,0,0,0,0,0,0
7295071,536,0,2,0,0,0,0,0,0,0,0,0
7298714,537,0,2,0,0,0,0,0,0,0,0,0
7302358,538,0,2,0,0,0,0,0,0,0,0,0
7306002,539,0,2,0,0,0,0,0,0,0,0,0
7309646,540,0,2,0,0,0,0,0,0,0,0,0
7313290,541,0,2,0,0,0,0,0,0,0,0,0
7316934,542,0,2,0,0,0,0,0,0,0,0,0
7320578,543,0,2,0,0,0,0,0,0,0,0,0
7324223,544,0,2,0,0,0,0,0,0,0,0,0
7327866,545,0,2,0,0,0,0,0,0,0,0,0
7331510,546,0,2,0,0,0,0,0,0,0,0,0
7335154,547,0,2,0,0,0,0,0,0,0,0,0
7338798,548,0,2,0,0,0,0,0,0,0,0,0
7342442,549,0,2,0,0,0,0,0,0,0,0,0
7346086,550,0,2,0,0,0,0,0,0,0,0,0
7349730,551,0,2,0,0,0,0,0,0,0,0,0
7353374,552,0,2,0,0,0,0,0,0,0,0,0
7357019,553,0,2,0,0,0,0,0,0,0,0,0
7360662,554,0,2,0,0,0,0,0,0,0,0,0
7364307,555,0,2,0,0,0,0,0,0,0,0,0
7367950,556,0,2,0,0,0,0,0,0,0,0,0
7371594,557,0,2,0,0,0,0,0,0,0,0,0
7375238,558,0,2,0,0,0,0,0,0,0,0,0
7378882,559,0,2,0,0,0,0,0,0,0,0,0
7382526,560,0,2,0,0,0,0,0,0,0,0,0
7386171,561,0,2,0,0,0,0,0,0,0,0,0
7389814,562,0,2,0,0,0,0,0,0,0,0,0
7393458,563,0,2,0,0,0,0,0,0,0,0,0
7397103,564,0,2,0,0,0,0,0,0,0,0,0
7400746,565,0,2,0,0,0,0,0,0,0,0,0
7404391,566,0,2,0,0,0,0,0,0,0,0,0
7408034,567,0,2,0,0,0,0,0,0,0,0,0
7411678,568,0,2,0,0,0,0,0,0,0,0,0
7415322,569,0,2,0,0,0,0,0,0,0,0,0
7418966,570,0,2,0,0,0,0,0,0,0,0,0
7422610,571,0,2,0,0,0,0,0,0,0,0,0
7426255,572,0,2,0,0,0,0,0,0,0,0,0
7429898,573,0,2,0,0,0,0,0,0,0,0,0
7433542,574,0,2,0,0,0,0,0,0,0,0,0
7437187,575,0,2,0,0,0,0,0,0,0,0,0
7440830,576,0,2,0,0,0,0,0,0,0,0,0
7444474,577,0,2,0,0,0,0,0,0,0,0,0
7448119,578,0,2,0,0,0,0,0,0,0,0,0
7451762,579,0,2,0,0,0,0,0,0,0,0,0
7455406,580,0,2,0,0,0,0,0,0,0,0,0
7459050,581,0,2,0,0,0,0,0,0,0,0,0
7462694,582,0,2,0,0,0,0,0,0,0,0,0
7466339,583,0,2,0,0,0,0,0,0,0,0,0
7469982,584,0,2,0,0,0,0,0,0,0,0,0
7473626,585,0,2,0,0,0,0,0,0,0,0,0
7477271,586,0,2,0,0,0,0,0,0,0,0,0
7480914,587,0,2,0,0,0,0,0,0,0,0,0
7484558,588,0,2,0,0,0,0,0,0,0,0,0
7488202,589,0,2,0,0,0,0,0,0,0,0,0
7491846,590,0,2,0,0,0,0,0,0,0,0,0
7495490,591,0,2,0,0,0,0,0,0,0,0,0
7499134,592,0,2,0,0,0,0,0,0,0,0,0
7502778,593,0,2,0,0,0,0,0,0,0,0,0
7506422,594,0,2,0,0,0,0,0,0,0,0,0
7510066,595,0,2,0,0,0,0,0,0,0,0,0
7513710,596,0,2,0,0,0,0,0,0,0,0,0
7517355,597,0,2,0,0,0,0,0,0,0,0,0
7520998,598,0,2,0,0,0,0,0,0,0,0,0
7524642,599,0,2,0,0,0,0,0,0,0,0,0
7528286,600,0,2,0,0,0,0,0,0,0,0,0
7531930,601,0,2,0,0,0,0,0,0,0,0,0
7535574,602,0,2,0,0,0,0,0,0,0,0,0
7539219,603,0,2,0,0,0,0,0,0,0,0,0
7542862,604,0,2,0,0,0,0,0,0,0,0,0
7546506,605,0,2,0,0,0,0,0,0,0,0,0
7550150,606,0,2,0,0,0,0,0,0,0,0,0
7553794,607,0,2,0,0,0,0,0,0,0,0,0
7557438,608,0,2,0,0,0,0,0,0,0,0,0
7561083,609,0,2,0,0,0,0,0,0,0,0,0
7564726,610,0,2,0,0,0,0,0,0,0,0,0
7568371,611,0,2,0,0,0,0,0,0,0,0,0
7572015,612,0,2,0,0,0,0,0,0,0,0,0
7575658,613,0,2,0,0,0,0,0,0,0,0,0
7579303,614,0,2,0,0,0,0,0,0,0,0,0
7582946,615,0,2,0,0,0,0,0,0,0,0,0
7586590,616,0,2,0,0,0,0,0,0,0,0,0
7590235,617,0,2,0,0,0,0,0,0,0,0,0
7593878,618,0,2,0,0,0,0,0,0,0,0,0
7597522,619,0,2,0,0,0,0,0,0,0,0,0
7601166,620,0,2,0,0,0,0,0,0,0,0,0
7604811,621,0,2,0,0,0,0,0,0,0,0,0
7608454,622,0,2,0,0,0,0,0,0,0,0,0
7612098,623,0,2,0,0,0,0,0,0,0,0,0
7615742,624,0,2,0,0,0,0,0,0,0,0,0
7619386,625,0,2,0,0,0,0,0,0,0,0,0
7623030,626,0,2,0,0,0,0,0,0,0,0,0
7626674,627,0,2,0,0,0,0,0,0,0,0,0
7630319,628,0,2,0,0,0,0,0,0,0,0,0
7633962,629,0,2,0,0,0,0,0,0,0,0,0
7637606,630,0,2,0,0,0,0,0,0,0,0,0
7641251,631,0,2,0,0,0,0,0,0,0,0,0
7644894,632,0,2,0,0,0,0,0,0,0,0,0
7648538,633,0,2,0,0,0,0,0,0,0,0,0
7652182,634,0,2,0,0,0,0,0,0,0,0,0
7655826,635,0,2,0,0,0,0,0,0,0,0,0
7659470,636,0,2,0,0,0,0,0,0,0,0,0
7663115,637,0,2,0,0,0,0,0,0,0,0,0
7666758,638,0,2,0,0,0,0,0,0,0,0,0
7670402,639,0,2,0,0,0,0,0,0,0,0,0
7674046,640,0,2,0,0,0,0,0,0,0,0,0
7677690,641,0,2,0,0,0,0,0,0,0,0,0
7681335,642,0,2,0,0,0,0,0,0,0,0,0
7684978,643,0,2,0,0,0,0,0,0,0,0,0
7688622,644,0,2,0,0,0,0,0,0,0,0,0
7692266,645,0,2,0,0,0,0,0,0,0,0,0
7695910,646,0,2,0,0,0,0,0,0,0,0,0
7699554,647,0,2,0,0,0,0,0,0,0,0,0
7703199,648,0,2,0,0,0,0,0,0,0,0,0
7706842,649,0,2,0,0,0,0,0,0,0,0,0
7710486,650,0,2,0,0,0,0,0,0,0,0,0
7714130,651,0,2,0,0,0,0,0,0,0,0,0
7717774,652,0,2,0,0,0,0,0,0,0,0,0
7721418,653,0,2,0,0,0,0,0,0,0,0,0
7725062,654,0,2,0,0,0,0,0,0,0,0,0
7728706,655,0,2,0,0,0,0,0,0,0,0,0
7732350,656,0,2,0,0,0,0,0,0,0,0,0
7735994,657,0,2,0,0,0,0,0,0,0,0,0
7739638,658,0,2,0,0,0,0,0,0,0,0,0
7743283,659,0,2,0,0,0,0,0,0,0,0,0
7746926,660,0,2,0,0,0,0,0,0,0,0,0
7750571,661,0,2,0,0,0,0,0,0,0,0,0
7754215,662,0,2,0,0,0,0,0,0,0,0,0
7757858,663,0,2,0,0,0,0,0,0,0,0,0
7761502,664,0,2,0,0,0,0,0,0,0,0,0
7765146,665,0,2,0,0,0,0,0,0,0,0,0
7768790,666,0,2,0,0,0,0,0,0,0,0,0
7772434,667,0,2,0,0,0,0,0,0,0,0,0
7776078,668,0,2,0,0,0,0,0,0,0,0,0
7779722,669,0,2,0,0,0,0,0,0,0,0,0
7783366,670,0,2,0,0,0,0,0,0,0,0,0
7787010,671,0,2,0,0,0,0,0,0,0,0,0
7790654,672,0,2,0,0,0,0,0,0,0,0,0
7794298,673,0,2,0,0,0,0,0,0,0,0,0
7797942,674,0,2,0,0,0,0,0,0,0,0,0
7801586,675,0,2,0,0,0,0,0,0,0,0,0
7805231,676,0,2,0,0,0,0,0,0,0,0,0
7808874,677,0,2,0,0,0,0,0,0,0,0,0
7812518,678,0,2,0,0,0,0,0,0,0,0,0
7816163,679,0,2,0,0,0,0,0,0,0,0,0
7819806,680,0,2,0,0,0,0,0,0,0,0,0
7823450,681,0,2,0,0,0,0,0,0,0,0,0
7845604,682,0,2,0,0,0,0,0,0,0,0,0
7849237,683,0,2,0,0,0,0,0,0,0,0,0
7852880,684,0,2,0,0,0,0,0,0,0,0,0
7856524,685,0,2,0,0,0,0,0,0,0,0,0
7860169,686,0,2,0,0,0,0,0,0,0,0,0
7863812,687,0,2,0,0,0,0,0,0,0,0,0
7867456,688,0,2,0,0,0,0,0,0,0,0,0
7871101,689,0,2,0,0,0,0,0,0,0,0,0
7874744,690,0,2,0,0,0,0,0,0,0,0,0
7878389,691,0,2,0,0,0,0,0,0,0,0,0
7882032,692,0,2,0,0,0,0,0,0,0,0,0
7885676,693,0,2,0,0,0,0,0,0,0,0,0
7889320,694,0,2,0,0,0,0,0,0,0,0,0
7892964,695,0,2,0,0,0,0,0,0,0,0,0
7896608,696,0,2,0,0,0,0,0,0,0,0,0
7900253,697,0,2,0,0,0,0,0,0,0,0,0
7903896,698,0,2,0,0,0,0,0,0,0,0,0
7907540,699,0,2,0,0,0,0,0,0,0,0,0
7911184,700,0,2,0,0,0,0,0,0,0,0,0
7914828,701,0,2,0,0,0,0,0,0,0,0,0
7918472,702,0,2,0,0,0,0,0,0,0,0,0
7922116,703,0,2,0,0,0,0,0,0,0,0,0
7925760,704,0,2,0,0,0,0,0,0,0,0,0
7929405,705,0,2,0,0,0,0,0,0,0,0,0
7933049,706,0,2,0,0,0,0,0,0,0,0,0
7936692,707,0,2,0,0,0,0,0,0,0,0,0
7940337,708,0,2,0,0,0,0,0,0,0,0,0
7943980,709,0,2,0,0,0,0,0,0,0,0,0
7947624,710,0,2,0,0,0,0,0,0,0,0,0
7951269,711,0,2,0,0,0,0,0,0,0,0,0
7954912,712,0,2,0,0,0,0,0,0,0,0,0
7958556,713,0,2,0,0,0,0,0,0,0,0,0
7962201,714,0,2,0,0,0,0,0,0,0,0,0
7965844,715,0,2,0,0,0,0,0,0,0,0,0
7969488,716,0,2,0,0,0,0,0,0,0,0,0
7973133,717,0,2,0,0,0,0,0,0,0,0,0
7976776,718,0,2,0,0,0,0,0,0,0,0,0
7980421,719,0,2,0,0,0,0,0,0,0,0,0
7984064,720,0,2,0,0,0,0,0,0,0,0,0
7987708,721,0,2,0,0,0,0,0,0,0,0,0
7991352,722,0,2,0,0,0,0,0,0,0,0,0
7994996,723,0,2,0,0,0,0,0,0,0,0,0
7998640,724,0,2,0,0,0,0,0,0,0,0,0
8002284,725,0,2,0,0,0,0,0,0,0,0,0
8005928,726,0,2,0,0,0,0,0,0,0,0,0
8009572,727,0,2,0,0,0,0,0,0,0,0,0
8013216,728,0,2,0,0,0,0,0,0,0,0,0
8016860,729,0,2,0,0,0,0,0,0,0,0,0
8020504,730,0,2,0,0,0,0,0,0,0,0,0
8024149,731,0,2,0,0,0,0,0,0,0,0,0
8027792,732,0,2,0,0,0,0,0,0,0,0,0
8031436,733,0,2,0,0,0,0,0,0,0,0,0
8035081,734,0,2,0,0,0,0,0,0,0,0,0
8038724,735,0,2,0,0,0,0,0,0,0,0,0
8042368,736,0,2,0,0,0,0,0,0,0,0,0
8046012,737,0,2,0,0,0,0,0,0,0,0,0
8049656,738,0,2,0,0,0,0,0,0,0,0,0
8053301,739,0,2,0,0,0,0,0,0,0,0,0
8056944,740,0,2,0,0,0,0,0,0,0,0,0
8060589,741,0,2,0,0,0,0,0,0,0,0,0
8064232,742,0,2,0,0,0,0,0,0,0,0,0
8067876,743,0,2,0,0,0,0,0,0,0,0,0
8071520,744,0,2,0,0,0,0,0,0,0,0,0
8075164,745,0,2,0,0,0,0,0,0,0,0,0
8078808,746,0,2,0,0,0,0,0,0,0,0,0
8082452,747,0,2,0,0,0,0,0,0,0,0,0
8086096,748,0,2,0,0,0,0,0,0,0,0,0
8089740,749,0,2,0,0,0,0,0,0,0,0,0
8093384,750,0,2,0,0,0,0,0,0,0,0,0
8097028,751,0,2,0,0,0,0,0,0,0,0,0
8100672,752,0,2,0,0,0,0,0,0,0,0,0
8104317,753,0,2,0,0,0,0,0,0,0,0,0
8107960,754,0,2,0,0,0,0,0,0,0,0,0
8111604,755,0,2,0,0,0,0,0,0,0,0,0
8115249,756,0,2,0,0,0,0,0,0,0,0,0
8118892,757,0,2,0,0,0,0,0,0,0,0,0
8122536,758,0,2,0,0,0,0,0,0,0,0,0
8126181,759,0,2,0,0,0,0,0,0,0,0,0
8129824,760,0,2,0,0,0,0,0,0,0,0,0
8133468,761,0,2,0,0,0,0,0,0,0,0,0
8137113,762,0,2,0,0,0,0,0,0,0,0,0
8140756,763,0,2,0,0,0,0,0,0,0,0,0
8144401,764,0,2,0,0,0,0,0,0,0,0,0
8148045,765,0,2,0,0,0,0,0,0,0,0,0
8151688,766,0,2,0,0,0,0,0,0,0,0,0
8155332,767,0,2,0,0,0,0,0,0,0,0,0
8158976,768,0,2,0,0,0,0,0,0,0,0,0
8162620,769,0,2,0,0,0,0,0,0,0,0,0
8166264,770,0,2,0,0,0,0,0,0,0,0,0
8169908,771,0,2,0,0,0,0,0,0,0,0,0
8173552,772,0,2,0,0,0,0,0,0,0,0,0
8177197,773,0,2,0,0,0,0,0,0,0,0,0
8180840,774,0,2,0,0,0,0,0,0,0,0,0
8184484,775,0,2,0,0,0,0,0,0,0,0,0
8188128,776,0,2,0,0,0,0,0,0,0,0,0
8191772,777,0,2,0,0,0,0,0,0,0,0,0
8195417,778,0,2,0,0,0,0,0,0,0,0,0
8199061,779,0,2,0,0,0,0,0,0,0,0,0
8202704,780,0,2,0,0,0,0,0,0,0,0,0
8206349,781,0,2,0,0,0,0,0,0,0,0,0
8209992,782,0,2,0,0,0,0,0,0,0,0,0
8213636,783,0,2,0,0,0,0,0,0,0,0,0
8217280,784,0,2,0,0,0,0,0,0,0,0,0
8220924,785,0,2,0,0,0,0,0,0,0,0,0
8224568,786,0,2,0,0,0,0,0,0,0,0,0
8228213,787,0,2,0,0,0,0,0,0,0,0,0
8231856,788,0,2,0,0,0,0,0,0,0,0,0
8235500,789,0,2,0,0,0,0,0,0,0,0,0
8239145,790,0,2,0,0,0,0,0,0,0,0,0
8242789,791,0,2,0,0,0,0,0,0,0,0,0
8246432,792,0,2,0,0,0,0,0,0,0,0,0
8250076,793,0,2,0,0,0,0,0,0,0,0,0
8253720,794,0,2,0,0,0,0,0,0,0,0,0
8257364,795,0,2,0,0,0,0,0,0,0,0,0
8261008,796,0,2,0,0,0,0,0,0,0,0,0
8264652,797,0,2,0,0,0,0,0,0,0,0,0
8268296,798,0,2,0,0,0,0,0,0,0,0,0
8271940,799,0,2,0,0,0,0,0,0,0,0,0
8275584,800,0,2,0,0,0,0,0,0,0,0,0
8279229,801,0,2,0,0,0,0,0,0,0,0,0
8282872,802,0,2,0,0,0,0,0,0,0,0,0
8286516,803,0,2,0,0,0,0,0,0,0,0,0
8290161,804,0,2,0,0,0,0,0,0,0,0,0
8293804,805,0,2,0,0,0,0,0,0,0,0,0
8297448,806,0,2,0,0,0,0,0,0,0,0,0
8301092,807,0,2,0,0,0,0,0,0,0,0,0
8304736,808,0,2,0,0,0,0,0,0,0,0,0
8308380,809,0,2,0,0,0,0,0,0,0,0,0
8312024,810,0,2,0,0,0,0,0,0,0,0,0
8315669,811,0,2,0,0,0,0,0,0,0,0,0
8319312,812,0,2,0,0,0,0,0,0,0,0,0
8322956,813,0,2,0,0,0,0,0,0,0,0,0
8326600,814,0,2,0,0,0,0,0,0,0,0,0
8330244,815,0,2,0,0,0,0,0,0,0,0,0
8333888,816,0,2,0,0,0,0,0,0,0,0,0
8337532,817,0,2,0,0,0,0,0,0,0,0,0
8341177,818,0,2,0,0,0,0,0,0,0,0,0
8344820,819,0,2,0,0,0,0,0,0,0,0,0
8348464,820,0,2,0,0,0,0,0,0,0,0,0
8352109,821,0,2,0,0,0,0,0,0,0,0,0
8355752,822,0,2,0,0,0,0,0,0,0,0,0
8359396,823,0,2,0,0,0,0,0,0,0,0,0
8363040,824,0,2,0,0,0,0,0,0,0,0,0
8366684,825,0,2,0,0,0,0,0,0,0,0,0
8370328,826,0,2,0,0,0,0,0,0,0,0,0
8373972,827,0,2,0,0,0,0,0,0,0,0,0
8377616,828,0,2,0,0,0,0,0,0,0,0,0
8381260,829,0,2,0,0,0,0,0,0,0,0,0
8384904,830,0,2,0,0,0,0,0,0,0,0,0
8388549,831,0,2,0,0,0,0,0,0,0,0,0
8392193,832,0,2,0,0,0,0,0,0,0,0,0
8395836,833,0,2,0,0,0,0,0,0,0,0,0
8399480,834,0,2,0,0,0,0,0,0,0,0,0
8403125,835,0,2,0,0,0,0,0,0,0,0,0
8406768,836,0,2,0,0,0,0,0,0,0,0,0
8410412,837,0,2,0,0,0,0,0,0,0,0,0
8414056,838,0,2,0,0,0,0,0,0,0,0,0
8417700,839,0,2,0,0,0,0,0,0,0,0,0
8421344,840,0,2,0,0,0,0,0,0,0,0,0
8424989,841,0,2,0,0,0,0,0,0,0,0,0
8428632,842,0,2,0,0,0,0,0,0,0,0,0
8432277,843,0,2,0,0,0,0,0,0,0,0,0
8435920,844,0,2,0,0,0,0,0,0,0,0,0
8439564,845,0,2,0,0,0,0,0,0,0,0,0
8443208,846,0,2,0,0,0,0,0,0,0,0,0
8446852,847,0,2,0,0,0,0,0,0,0,0,0
8450496,848,0,2,0,0,0,0,0,0,0,0,0
8454140,849,0,2,0,0,0,0,0,0,0,0,0
8457784,850,0,2,0,0,0,0,0,0,0,0,0
8461429,851,0,2,0,0,0,0,0,0,0,0,0
8465072,852,0,2,0,0,0,0,0,0,0,0,0
8468716,853,0,2,0,0,0,0,0,0,0,0,0
8472360,854,0,2,0,0,0,0,0,0,0,0,0
8476004,855,0,2,0,0,0,0,0,0,0,0,0
8479648,856,0,2,0,0,0,0,0,0,0,0,0
8483292,857,0,2,0,0,0,0,0,0,0,0,0
8486936,858,0,2,0,0,0,0,0,0,0,0,0
8490580,859,0,2,0,0,0,0,0,0,0,0,0
8494225,860,0,2,0,0,0,0,0,0,0,0,0
8497869,861,0,2,0,0,0,0,0,0,0,0,0
8501512,862,0,2,0,0,0,0,0,0,0,0,0
8505156,863,0,2,0,0,0,0,0,0,0,0,0
8508800,864,0,2,0,0,0,0,0,0,0,0,0
8512444,865,0,2,0,0,0,0,0,0,0,0,0
8516089,866,0,2,0,0,0,0,0,0,0,0,0
8519732,867,0,2,0,0,0,0,0,0,0,0,0
8523376,868,0,2,0,0,0,0,0,0,0,0,0
8527020,869,0,2,0,0,0,0,0,0,0,0,0
8530664,870,0,2,0,0,0,0,0,0,0,0,0
8534309,871,0,2,0,0,0,0,0,0,0,0,0
8537952,872,0,2,0,0,0,0,0,0,0,0,0
8541596,873,0,2,0,0,0,0,0,0,0,0,0
8545240,874,0,2,0,0,0,0,0,0,0,0,0
8548884,875,0,2,0,0,0,0,0,0,0,0,0
8552528,876,0,2,0,0,0,0,0,0,0,0,0
8556173,877,0,2,0,0,0,0,0,0,0,0,0
8559816,878,0,2,0,0,0,0,0,0,0,0,0
8563460,879,0,2,0,0,0,0,0,0,0,0,0
8567104,880,0,2,0,0,0,0,0,0,0,0,0
8570749,881,0,2,0,0,0,0,0,0,0,0,0
8574392,882,0,2,0,0,0,0,0,0,0,0,0
8578036,883,0,2,0,0,0,0,0,0,0,0,0
8581680,884,0,2,0,0,0,0,0,0,0,0,0
8585324,885,0,2,0,0,0,0,0,0,0,0,0
8588968,886,0,2,0,0,0,0,0,0,0,0,0
8592612,887,0,2,0,0,0,0,0,0,0,0,0
8596256,888,0,2,0,0,0,0,0,0,0,0,0
8599900,889,0,2,0,0,0,0,0,0,0,0,0
8603544,890,0,2,0,0,0,0,0,0,0,0,0
8607189,891,0,2,0,0,0,0,0,0,0,0,0
8610832,892,0,2,0,0,0,0,0,0,0,0,0
8614476,893,0,2,0,0,0,0,0,0,0,0,0
8618121,894,0,2,0,0,0,0,0,0,0,0,0
8621764,895,0,2,0,0,0,0,0,0,0,0,0
8625408,896,0,2,0,0,0,0,0,0,0,0,0
8629053,897,0,2,0,0,0,0,0,0,0,0,0
8632696,898,0,2,0,0,0,0,0,0,0,0,0
8636340,899,0,2,0,0,0,0,0,0,0,0,0
8639984,900,0,2,0,0,0,0,0,0,0,0,0
8643629,901,0,2,0,0,0,0,0,0,0,0,0
8647273,902,0,2,0,0,0,0,0,0,0,0,0
8650916,903,0,2,0,0,0,0,0,0,0,0,0
8654560,904,0,2,0,0,0,0,0,0,0,0,0
8658204,905,0,2,0,0,0,0,0,0,0,0,0
8661848,906,0,2,0,0,0,0,0,0,0,0,0
8665492,907,0,2,0,0,0,0,0,0,0,0,0
8669137,908,0,2,0,0,0,0,0,0,0,0,0
8681464,909,0,2,0,0,0,0,0,0,0,0,0
8685097,910,0,2,0,0,0,0,0,0,0,0,0
8688741,911,0,2,0,0,0,0,0,0,0,0,0
8692384,912,0,2,0,0,0,0,0,0,0,0,0
8696028,913,0,2,0,0,0,0,0,0,0,0,0
8699672,914,0,2,0,0,0,0,0,0,0,0,0
8703317,915,0,2,0,0,0,0,0,0,0,0,0
8706960,916,0,2,0,0,0,0,0,0,0,0,0
8710604,917,0,2,0,0,0,0,0,0,0,0,0
8714249,918,0,2,0,0,0,0,0,0,0,0,0
8717892,919,0,2,0,0,0,0,0,0,0,0,0
8721536,920,0,2,0,0,0,0,0,0,0,0,0
8725181,921,0,2,0,0,0,0,0,0,0,0,0
8728824,922,0,2,0,0,0,0,0,0,0,0,0
8732468,923,0,2,0,0,0,0,0,0,0,0,0
8736112,924,0,2,0,0,0,0,0,0,0,0,0
8739756,925,0,2,0,0,0,0,0,0,0,0,0
8743401,926,0,2,0,0,0,0,0,0,0,0,0
8747045,927,0,2,0,0,0,0,0,0,0,0,0
8750688,928,0,2,0,0,0,0,0,0,0,0,0
8754332,929,0,2,0,0,0,0,0,0,0,0,0
8757976,930,0,2,0,0,0,0,0,0,0,0,0
8761620,931,0,2,0,0,0,0,0,0,0,0,0
8765265,932,0,2,0,0,0,0,0,0,0,0,0
8768908,933,0,2,0,0,0,0,0,0,0,0,0
8772552,934,0,2,0,0,0,0,0,0,0,0,0
8776197,935,0,2,0,0,0,0,0,0,0,0,0
8779840,936,0,2,0,0,0,0,0,0,0,0,0
8783484,937,0,2,0,0,0,0,0,0,0,0,0
8787128,938,0,2,0,0,0,0,0,0,0,0,0
8790772,939,0,2,0,0,0,0,0,0,0,0,0
8794417,940,0,2,0,0,0,0,0,0,0,0,0
8798061,941,0,2,0,0,0,0,0,0,0,0,0
8801704,942,0,2,0,0,0,0,0,0,0,0,0
8805348,943,0,2,0,0,0,0,0,0,0,0,0
8808992,944,0,2,0,0,0,0,0,0,0,0,0
8812636,945,0,2,0,0,0,0,0,0,0,0,0
8816280,946,0,2,0,0,0,0,0,0,0,0,0
8819924,947,0,2,0,0,0,0,0,0,0,0,0
8823568,948,0,2,0,0,0,0,0,0,0,0,0
8827212,949,0,2,0,0,0,0,0,0,0,0,0
8830856,950,0,2,0,0,0,0,0,0,0,0,0
8834500,951,0,2,0,0,0,0,0,0,0,0,0
8838144,952,0,2,0,0,0,0,0,0,0,0,0
8841788,953,0,2,0,0,0,0,0,0,0,0,0
8845432,954,0,2,0,0,0,0,0,0,0,0,0
8849076,955,0,2,0,0,0,0,0,0,0,0,0
8852720,956,0,2,0,0,0,0,0,0,0,0,0
8856364,957,0,2,0,0,0,0,0,0,0,0,0
8860008,958,0,2,0,0,0,0,0,0,0,0,0
8863652,959,0,2,0,0,0,0,0,0,0,0,0
8867296,960,0,2,0,0,0,0,0,0,0,0,0
8870941,961,0,2,0,0,0,0,0,0,0,0,0
8874584,962,0,2,0,0,0,0,0,0,0,0,0
8878229,963,0,2,0,0,0,0,0,0,0,0,0
8881872,964,0,2,0,0,0,0,0,0,0,0,0
8885516,965,0,2,0,0,0,0,0,0,0,0,0
8889161,966,0,2,0,0,0,0,0,0,0,0,0
8892804,967,0,2,0,0,0,0,0,0,0,0,0
8896448,968,0,2,0,0,0,0,0,0,0,0,0
8900092,969,0,2,0,0,0,0,0,0,0,0,0
8903736,970,0,2,0,0,0,0,0,0,0,0,0
8907380,971,0,2,0,0,0,0,0,0,0,0,0
8911024,972,0,2,0,0,0,0,0,0,0,0,0
8914668,973,0,2,0,0,0,0,0,0,0,0,0
8918313,974,0,2,0,0,0,0,0,0,0,0,0
8921956,975,0,2,0,0,0,0,0,0,0,0,0
8925600,976,0,2,0,0,0,0,0,0,0,0,0
8929244,977,0,2,0,0,0,0,0,0,0,0,0
8932888,978,0,2,0,0,0,0,0,0,0,0,0
8936532,979,0,2,0,0,0,0,0,0,0,0,0
8940177,980,0,2,0,0,0,0,0,0,0,0,0
8943821,981,0,2,0,0,0,0,0,0,0,0,0
8947464,982,0,2,0,0,0,0,0,0,0,0,0
8951109,983,0,2,0,0,0,0,0,0,0,0,0
8954752,984,0,2,0,0,0,0,0,0,0,0,0
8958396,985,0,2,0,0,0,0,0,0,0,0,0
8962040,986,0,2,0,0,0,0,0,0,0,0,0
8965684,987,0,2,0,0,0,0,0,0,0,0,0
8969328,988,0,2,0,0,0,0,0,0,0,0,0
8972972,989,0,2,0,0,0,0,0,0,0,0,0
8976616,990,0,2,0,0,0,0,0,0,0,0,0
8980260,991,0,2,0,0,0,0,0,0,0,0,0
8983904,992,0,2,0,0,0,0,0,0,0,0,0
8987548,993,0,2,0,0,0,0,0,0,0,0,0
8991192,994,0,2,0,0,0,0,0,0,0,0,0
8994836,995,0,2,0,0,0,0,0,0,0,0,0
8998480,996,0,2,0,0,0,0,0,0,0,0,0
9002125,997,0,2,0,0,0,0,0,0,0,0,0
9005768,998,0,2,0,0,0,0,0,0,0,0,0
9009412,999,0,2,0,0,0,0,0,0,0,0,0
9013056,1000,0,2,0,0,0,0,0,0,0,0,0
9016700,1001,0,2,0,0,0,0,0,0,0,0,0
9020345,1002,0,2,0,0,0,0,0,0,0,0,0
9023988,1003,0,2,0,0,0,0,0,0,0,0,0
9027632,1004,0,2,0,0,0,0,0,0,0,0,0
9031277,1005,0,2,0,0,0,0,0,0,0,0,0
9034920,1006,0,2,0,0,0,0,0,0,0,0,0
9038564,1007,0,2,0,0,0,0,0,0,0,0,0
9042208,1008,0,2,0,0,0,0,0,0,0,0,0
9045852,1009,0,2,0,0,0,0,0,0,0,0,0
9049496,1010,0,2,0,0,0,0,0,0,0,0,0
9053140,1011,0,2,0,0,0,0,0,0,0,0,0
9056784,1012,0,2,0,0,0,0,0,0,0,0,0
9060428,1013,0,2,0,0,0,0,0,0,0,0,0
9064072,1014,0,2,0,0,0,0,0,0,0,0,0
9067716,1015,0,2,0,0,0,0,0,0,0,0,0
9071360,1016,0,2,0,0,0,0,0,0,0,0,0
9075004,1017,0,2,0,0,0,0,0,0,0,0,0
9078648,1018,0,2,0,0,0,0,0,0,0,0,0
9082292,1019,0,2,0,0,0,0,0,0,0,0,0
9085936,1020,0,2,0,0,0,0,0,0,0,0,0
9089581,1021,0,2,0,0,0,0,0,0,0,0,0
9093225,1022,0,2,0,0,0,0,0,0,0,0,0
9096868,1023,0,2,0,0,0,0,0,0,0,0,0
9100512,1024,0,2,0,0,0,0,0,0,0,0,0
9104156,1025,0,2,0,0,0,0,0,0,0,0,0
9107800,1026,0,2,0,0,0,0,0,0,0,0,0
9111445,1027,0,2,0,0,0,0,0,0,0,0,0
9115088,1028,0,2,0,0,0,0,0,0,0,0,0
9118732,1029,0,2,0,0,0,0,0,0,0,0,0
9122376,1030,0,2,0,0,0,0,0,0,0,0,0
9126021,1031,0,2,0,0,0,0,0,0,0,0,0
9129664,1032,0,2,0,0,0,0,0,0,0,0,0
9133309,1033,0,2,0,0,0,0,0,0,0,0,0
9136952,1034,0,2,0,0,0,0,0,0,0,0,0
9140596,1035,0,2,0,0,0,0,0,0,0,0,0
9144241,1036,0,2,0,0,0,0,0,0,0,0,0
9147884,1037,0,2,0,0,0,0,0,0,0,0,0
9151528,1038,0,2,0,0,0,0,0,0,0,0,0
9155172,1039,0,2,0,0,0,0,0,0,0,0,0
9158816,1040,0,2,0,0,0,0,0,0,0,0,0
9162461,1041,0,2,0,0,0,0,0,0,0,0,0
9166104,1042,0,2,0,0,0,0,0,0,0,0,0
9169748,1043,0,2,0,0,0,0,0,0,0,0,0
9173393,1044,0,2,0,0,0,0,0,0,0,0,0
9177037,1045,0,2,0,0,0,0,0,0,0,0,0
9180680,1046,0,2,0,0,0,0,0,0,0,0,0
9184325,1047,0,2,0,0,0,0,0,0,0,0,0
9187968,1048,0,2,0,0,0,0,0,0,0,0,0
9191612,1049,0,2,0,0,0,0,0,0,0,0,0
9195256,1050,0,2,0,0,0,0,0,0,0,0,0
9198900,1051,0,2,0,0,0,0,0,0,0,0,0
9202544,1052,0,2,0,0,0,0,0,0,0,0,0
9206188,1053,0,2,0,0,0,0,0,0,0,0,0
9209832,1054,0,2,0,0,0,0,0,0,0,0,0
9213476,1055,0,2,0,0,0,0,0,0,0,0,0
9217120,1056,0,2,0,0,0,0,0,0,0,0,0
9220764,1057,0,2,0,0,0,0,0,0,0,0,0
9224408,1058,0,2,0,0,0,0,0,0,0,0,0
9228053,1059,0,2,0,0,0,0,0,0,0,0,0
9231696,1060,0,2,0,0,0,0,0,0,0,0,0
9235341,1061,0,2,0,0,0,0,0,0,0,0,0
9238984,1062,0,2,0,0,0,0,0,0,0,0,0
9242628,1063,0,2,0,0,0,0,0,0,0,0,0
9246272,1064,0,2,0,0,0,0,0,0,0,0,0
9249916,1065,0,2,0,0,0,0,0,0,0,0,0
9253560,1066,0,2,0,0,0,0,0,0,0,0,0
9257204,1067,0,2,0,0,0,0,0,0,0,0,0
9260848,1068,0,2,0,0,0,0,0,0,0,0,0
9264492,1069,0,2,0,0,0,0,0,0,0,0,0
9268136,1070,0,2,0,0,0,0,0,0,0,0,0
9271781,1071,0,2,0,0,0,0,0,0,0,0,0
9275424,1072,0,2,0,0,0,0,0,0,0,0,0
9279068,1073,0,2,0,0,0,0,0,0,0,0,0
9282712,1074,0,2,0,0,0,0,0,0,0,0,0
9286356,1075,0,2,0,0,0,0,0,0,0,0,0
9290001,1076,0,2,0,0,0,0,0,0,0,0,0
9293644,1077,0,2,0,0,0,0,0,0,0,0,0
9297288,1078,0,2,0,0,0,0,0,0,0,0,0
9300932,1079,0,2,0,0,0,0,0,0,0,0,0
9304576,1080,0,2,0,0,0,0,0,0,0,0,0
9308221,1081,0,2,0,0,0,0,0,0,0,0,0
9311864,1082,0,2,0,0,0,0,0,0,0,0,0
9315508,1083,0,2,0,0,0,0,0,0,0,0,0
9319153,1084,0,2,0,0,0,0,0,0,0,0,0
9322796,1085,0,2,0,0,0,0,0,0,0,0,0
9326440,1086,0,2,0,0,0,0,0,0,0,0,0
9330084,1087,0,2,0,0,0,0,0,0,0,0,0
9333728,1088,0,2,0,0,0,0,0,0,0,0,0
9337373,1089,0,2,0,0,0,0,0,0,0,0,0
9341017,1090,0,2,0,0,0,0,0,0,0,0,0
9344660,1091,0,2,0,0,0,0,0,0,0,0,0
9348304,1092,0,2,0,0,0,0,0,0,0,0,0
9351948,1093,0,2,0,0,0,0,0,0,0,0,0
9355592,1094,0,2,0,0,0,0,0,0,0,0,0
9359237,1095,0,2,0,0,0,0,0,0,0,0,0
9362880,1096,0,2,0,0,0,0,0,0,0,0,0
9366524,1097,0,2,0,0,0,0,0,0,0,0,0
9370168,1098,0,2,0,0,0,0,0,0,0,0,0
9373812,1099,0,2,0,0,0,0,0,0,0,0,0
9377456,1100,0,2,0,0,0,0,0,0,0,0,0
9381100,1101,0,2,0,0,0,0,0,0,0,0,0
9384744,1102,0,2,0,0,0,0,0,0,0,0,0
9388388,1103,0,2,0,0,0,0,0,0,0,0,0
9392032,1104,0,2,0,0,0,0,0,0,0,0,0
9395676,1105,0,2,0,0,0,0,0,0,0,0,0
9399320,1106,0,2,0,0,0,0,0,0,0,0,0
9402964,1107,0,2,0,0,0,0,0,0,0,0,0
9406608,1108,0,2,0,0,0,0,0,0,0,0,0
9410252,1109,0,2,0,0,0,0,0,0,0,0,0
9413896,1110,0,2,0,0,0,0,0,0,0,0,0
9417541,1111,0,2,0,0,0,0,0,0,0,0,0
9421184,1112,0,2,0,0,0,0,0,0,0,0,0
9424828,1113,0,2,0,0,0,0,0,0,0,0,0
9428472,1114,0,2,0,0,0,0,0,0,0,0,0
9432117,1115,0,2,0,0,0,0,0,0,0,0,0
9435760,1116,0,2,0,0,0,0,0,0,0,0,0
9439404,1117,0,2,0,0,0,0,0,0,0,0,0
9443049,1118,0,2,0,0,0,0,0,0,0,0,0
9446692,1119,0,2,0,0,0,0,0,0,0,0,0
9450336,1120,0,2,0,0,0,0,0,0,0,0,0
9453981,1121,0,2,0,0,0,0,0,0,0,0,0
9457624,1122,0,2,0,0,0,0,0,0,0,0,0
9461269,1123,0,2,0,0,0,0,0,0,0,0,0
9464912,1124,0,2,0,0,0,0,0,0,0,0,0
9468556,1125,0,2,0,0,0,0,0,0,0,0,0
9472201,1126,0,2,0,0,0,0,0,0,0,0,0
9475844,1127,0,2,0,0,0,0,0,0,0,0,0
9479488,1128,0,2,0,0,0,0,0,0,0,0,0
9483133,1129,0,2,0,0,0,0,0,0,0,0,0
9486776,1130,0,2,0,0,0,0,0,0,0,0,0
9490421,1131,0,2,0,0,0,0,0,0,0,0,0
9494064,1132,0,2,0,0,0,0,0,0,0,0,0
9497708,1133,0,2,0,0,0,0,0,0,0,0,0
9501352,1134,0,2,0,0,0,0,0,0,0,0,0
9504996,1135,0,2,0,0,0,0,0,0,0,0,0
9522894,1136,0,2,0,0,0,0,0,0,0,0,0
9526526,1137,0,2,0,0,0,0,0,0,0,0,0
9530170,1138,0,2,0,0,0,0,0,0,0,0,0
9533814,1139,0,2,0,0,0,0,0,0,0,0,0
9537458,1140,0,2,0,0,0,0,0,0,0,0,0
9541103,1141,0,2,0,0,0,0,0,0,0,0,0
9544746,1142,0,2,0,0,0,0,0,0,0,0,0
9548391,1143,0,2,0,0,0,0,0,0,0,0,0
9552034,1144,0,2,0,0,0,0,0,0,0,0,0
9555678,1145,0,2,0,0,0,0,0,0,0,0,0
9559322,1146,0,2,0,0,0,0,0,0,0,0,0
9562966,1147,0,2,0,0,0,0,0,0,0,0,0
9566610,1148,0,2,0,0,0,0,0,0,0,0,0
9570254,1149,0,2,0,0,0,0,0,0,0,0,0
9573898,1150,0,2,0,0,0,0,0,0,0,0,0
9577543,1151,0,2,0,0,0,0,0,0,0,0,0
9581187,1152,0,2,0,0,0,0,0,0,0,0,0
9584830,1153,0,2,0,0,0,0,0,0,0,0,0
9588475,1154,0,2,0,0,0,0,0,0,0,0,0
9592118,1155,0,2,0,0,0,0,0,0,0,0,0
9595762,1156,0,2,0,0,0,0,0,0,0,0,0
9599406,1157,0,2,0,0,0,0,0,0,0,0,0
9603051,1158,0,2,0,0,0,0,0,0,0,0,0
9606694,1159,0,2,0,0,0,0,0,0,0,0,0
9610339,1160,0,2,0,0,0,0,0,0,0,0,0
9613983,1161,0,2,0,0,0,0,0,0,0,0,0
9617626,1162,0,2,0,0,0,0,0,0,0,0,0
9621270,1163,0,2,0,0,0,0,0,0,0,0,0
9624914,1164,0,2,0,0,0,0,0,0,0,0,0
9628558,1165,0,2,0,0,0,0,0,0,0,0,0
9632202,1166,0,2,0,0,0,0,0,0,0,0,0
9635846,1167,0,2,0,0,0,0,0,0,0,0,0
9639490,1168,0,2,0,0,0,0,0,0,0,0,0
9643135,1169,0,2,0,0,0,0,0,0,0,0,0
9646778,1170,0,2,0,0,0,0,0,0,0,0,0
9650423,1171,0,2,0,0,0,0,0,0,0,0,0
9654066,1172,0,2,0,0,0,0,0,0,0,0,0
9657710,1173,0,2,0,0,0,0,0,0,0,0,0
9661355,1174,0,2,0,0,0,0,0,0,0,0,0
9664998,1175,0,2,0,0,0,0,0,0,0,0,0
9668642,1176,0,2,0,0,0,0,0,0,0,0,0
9672286,1177,0,2,0,0,0,0,0,0,0,0,0
9675930,1178,0,2,0,0,0,0,0,0,0,0,0
9679574,1179,0,2,0,0,0,0,0,0,0,0,0
9683218,1180,0,2,0,0,0,0,0,0,0,0,0
9686863,1181,0,2,0,0,0,0,0,0,0,0,0
9690506,1182,0,2,0,0,0,0,0,0,0,0,0
9694151,1183,0,2,0,0,0,0,0,0,0,0,0
9697794,1184,0,2,0,0,0,0,0,0,0,0,0
9701438,1185,0,2,0,0,0,0,0,0,0,0,0
9705083,1186,0,2,0,0,0,0,0,0,0,0,0
9708726,1187,0,2,0,0,0,0,0,0,0,0,0
9712370,1188,0,2,0,0,0,0,0,0,0,0,0
9716014,1189,0,2,0,0,0,0,0,0,0,0,0
9719658,1190,0,2,0,0,0,0,0,0,0,0,0
9723302,1191,0,2,0,0,0,0,0,0,0,0,0
9726946,1192,0,2,0,0,0,0,0,0,0,0,0
9730590,1193,0,2,0,0,0,0,0,0,0,0,0
9734234,1194,0,2,0,0,0,0,0,0,0,0,0
9737878,1195,0,2,0,0,0,0,0,0,0,0,0
9741522,1196,0,2,0,0,0,0,0,0,0,0,0
9745167,1197,0,2,0,0,0,0,0,0,0,0,0
9748810,1198,0,2,0,0,0,0,0,0,0,0,0
9752454,1199,0,2,0,0,0,0,0,0,0,0,0
9756099,1200,0,2,0,0,0,0,0,0,0,0,0
9759742,1201,0,2,0,0,0,0,0,0,0,0,0
9763386,1202,0,2,0,0,0,0,0,0,0,0,0
9767030,1203,0,2,0,0,0,0,0,0,0,0,0
9770674,1204,0,2,0,0,0,0,0,0,0,0,0
9774319,1205,0,2,0,0,0,0,0,0,0,0,0
9777962,1206,0,2,0,0,0,0,0,0,0,0,0
9781606,1207,0,2,0,0,0,0,0,0,0,0,0
9785251,1208,0,2,0,0,0,0,0,0,0,0,0
9788894,1209,0,2,0,0,0,0,0,0,0,0,0
9792538,1210,0,2,0,0,0,0,0,0,0,0,0
9796183,1211,0,2,0,0,0,0,0,0,0,0,0
9799826,1212,0,2,0,0,0,0,0,0,0,0,0
9803470,1213,0,2,0,0,0,0,0,0,0,0,0
9807115,1214,0,2,0,0,0,0,0,0,0,0,0
9810758,1215,0,2,0,0,0,0,0,0,0,0,0
9814402,1216,0,2,0,0,0,0,0,0,0,0,0
9818046,1217,0,2,0,0,0,0,0,0,0,0,0
9821690,1218,0,2,0,0,0,0,0,0,0,0,0
9825335,1219,0,2,0,0,0,0,0,0,0,0,0
9828978,1220,0,2,0,0,0,0,0,0,0,0,0
9832622,1221,0,2,0,0,0,0,0,0,0,0,0
9836267,1222,0,2,0,0,0,0,0,0,0,0,0
9839910,1223,0,2,0,0,0,0,0,0,0,0,0
9843554,1224,0,2,0,0,0,0,0,0,0,0,0
9847199,1225,0,2,0,0,0,0,0,0,0,0,0
9850842,1226,0,2,0,0,0,0,0,0,0,0,0
9854486,1227,0,2,0,0,0,0,0,0,0,0,0
9858131,1228,0,2,0,0,0,0,0,0,0,0,0
9861774,1229,0,2,0,0,0,0,0,0,0,0,0
9865418,1230,0,2,0,0,0,0,0,0,0,0,0
9869063,1231,0,2,0,0,0,0,0,0,0,0,0
9872706,1232,0,2,0,0,0,0,0,0,0,0,0
9876350,1233,0,2,0,0,0,0,0,0,0,0,0
9879994,1234,0,2,0,0,0,0,0,0,0,0,0
9883638,1235,0,2,0,0,0,0,0,0,0,0,0
9887283,1236,0,2,0,0,0,0,0,0,0,0,0
9890926,1237,0,2,0,0,0,0,0,0,0,0,0
9894570,1238,0,2,0,0,0,0,0,0,0,0,0
9898214,1239,0,2,0,0,0,0,0,0,0,0,0
9901858,1240,0,2,0,0,0,0,0,0,0,0,0
9905502,1241,0,2,0,0,0,0,0,0,0,0,0
9909146,1242,0,2,0,0,0,0,0,0,0,0,0
9912790,1243,0,2,0,0,0,0,0,0,0,0,0
9916434,1244,0,2,0,0,0,0,0,0,0,0,0
9920079,1245,0,2,0,0,0,0,0,0,0,0,0
9923722,1246,0,2,0,0,0,0,0,0,0,0,0
9927366,1247,0,2,0,0,0,0,0,0,0,0,0
9931010,1248,0,2,0,0,0,0,0,0,0,0,0
9934654,1249,0,2,0,0,0,0,0,0,0,0,0
9938299,1250,0,2,0,0,0,0,0,0,0,0,0
9941942,1251,0,2,0,0,0,0,0,0,0,0,0
9945586,1252,0,2,0,0,0,0,0,0,0,0,0
9949230,1253,0,2,0,0,0,0,0,0,0,0,0
9952874,1254,0,2,0,0,0,0,0,0,0,0,0
9956518,1255,0,2,0,0,0,0,0,0,0,0,0
9960162,1256,0,2,0,0,0,0,0,0,0,0,0
9963806,1257,0,2,0,0,0,0,0,0,0,0,0
9967451,1258,0,2,0,0,0,0,0,0,0,0,0
9971094,1259,0,2,0,0,0,0,0,0,0,0,0
9974738,1260,0,2,0,0,0,0,0,0,0,0,0
9978383,1261,0,2,0,0,0,0,0,0,0,0,0
9982026,1262,0,2,0,0,0,0,0,0,0,0,0
9985670,1263,0,2,0,0,0,0,0,0,0,0,0
9989314,1264,0,2,0,0,0,0,0,0,0,0,0
9992958,1265,0,2,0,0,0,0,0,0,0,0,0
9996602,1266,0,2,0,0,0,0,0,0,0,0,0
10000247,1267,0,2,0,0,0,0,0,0,0,0,0
10003890,1268,0,2,0,0,0,0,0,0,0,0,0
10007534,1269,0,2,0,0,0,0,0,0,0,0,0
10011179,1270,0,2,0,0,0,0,0,0,0,0,0
10014822,1271,0,2,0,0,0,0,0,0,0,0,0
10018466,1272,0,2,0,0,0,0,0,0,0,0,0
10022110,1273,0,2,0,0,0,0,0,0,0,0,0
10025754,1274,0,2,0,0,0,0,0,0,0,0,0
10029399,1275,0,2,0,0,0,0,0,0,0,0,0
10033042,1276,0,2,0,0,0,0,0,0,0,0,0
10036686,1277,0,2,0,0,0,0,0,0,0,0,0
10040330,1278,0,2,0,0,0,0,0,0,0,0,0
10043974,1279,0,2,0,0,0,0,0,0,0,0,0
10047618,1280,0,2,0,0,0,0,0,0,0,0,0
10051262,1281,0,2,0,0,0,0,0,0,0,0,0
10054906,1282,0,2,0,0,0,0,0,0,0,0,0
10058550,1283,0,2,0,0,0,0,0,0,0,0,0
10062194,1284,0,2,0,0,0,0,0,0,0,0,0
10065838,1285,0,2,0,0,0,0,0,0,0,0,0
10069482,1286,0,2,0,0,0,0,0,0,0,0,0
10073127,1287,0,2,0,0,0,0,0,0,0,0,0
10076770,1288,0,2,0,0,0,0,0,0,0,0,0
10080414,1289,0,2,0,0,0,0,0,0,0,0,0
10084058,1290,0,2,0,0,0,0,0,0,0,0,0
10087702,1291,0,2,0,0,0,0,0,0,0,0,0
10091346,1292,0,2,0,0,0,0,0,0,0,0,0
10094990,1293,0,2,0,0,0,0,0,0,0,0,0
10098634,1294,0,2,0,0,0,0,0,0,0,0,0
10102278,1295,0,2,0,0,0,0,0,0,0,0,0
10105922,1296,0,2,0,0,0,0,0,0,0,0,0
10109566,1297,0,2,0,0,0,0,0,0,0,0,0
10113211,1298,0,2,0,0,0,0,0,0,0,0,0
10116854,1299,0,2,0,0,0,0,0,0,0,0,0
10120498,1300,0,2,0,0,0,0,0,0,0,0,0
10124143,1301,0,2,0,0,0,0,0,0,0,0,0
10127786,1302,0,2,0,0,0,0,0,0,0,0,0
10131430,1303,0,2,0,0,0,0,0,0,0,0,0
10135075,1304,0,2,0,0,0,0,0,0,0,0,0
10138718,1305,0,2,0,0,0,0,0,0,0,0,0
10142362,1306,0,2,0,0,0,0,0,0,0,0,0
10146006,1307,0,2,0,0,0,0,0,0,0,0,0
10149650,1308,0,2,0,0,0,0,0,0,0,0,0
10153294,1309,0,2,0,0,0,0,0,0,0,0,0
10156938,1310,0,2,0,0,0,0,0,0,0,0,0
10160583,1311,0,2,0,0,0,0,0,0,0,0,0
10164227,1312,0,2,0,0,0,0,0,0,0,0,0
10167870,1313,0,2,0,0,0,0,0,0,0,0,0
10171514,1314,0,2,0,0,0,0,0,0,0,0,0
10175158,1315,0,2,0,0,0,0,0,0,0,0,0
10178802,1316,0,2,0,0,0,0,0,0,0,0,0
10182446,1317,0,2,0,0,0,0,0,0,0,0,0
10186091,1318,0,2,0,0,0,0,0,0,0,0,0
10189734,1319,0,2,0,0,0,0,0,0,0,0,0
10193379,1320,0,2,0,0,0,0,0,0,0,0,0
10197023,1321,0,2,0,0,0,0,0,0,0,0,0
10200666,1322,0,2,0,0,0,0,0,0,0,0,0
10204310,1323,0,2,0,0,0,0,0,0,0,0,0
10207954,1324,0,2,0,0,0,0,0,0,0,0,0
10211598,1325,0,2,0,0,0,0,0,0,0,0,0
10215242,1326,0,2,0,0,0,0,0,0,0,0,0
10218886,1327,0,2,0,0,0,0,0,0,0,0,0
10222530,1328,0,2,0,0,0,0,0,0,0,0,0
10226174,1329,0,2,0,0,0,0,0,0,0,0,0
10229818,1330,0,2,0,0,0,0,0,0,0,0,0
10233463,1331,0,2,0,0,0,0,0,0,0,0,0
10237107,1332,0,2,0,0,0,0,0,0,0,0,0
10240750,1333,0,2,0,0,0,0,0,0,0,0,0
10244394,1334,0,2,0,0,0,0,0,0,0,0,0
10248038,1335,0,2,0,0,0,0,0,0,0,0,0
10251682,1336,0,2,0,0,0,0,0,0,0,0,0
10255326,1337,0,2,0,0,0,0,0,0,0,0,0
10258970,1338,0,2,0,0,0,0,0,0,0,0,0
10262614,1339,0,2,0,0,0,0,0,0,0,0,0
10266258,1340,0,2,0,0,0,0,0,0,0,0,0
10269903,1341,0,2,0,0,0,0,0,0,0,0,0
10273546,1342,0,2,0,0,0,0,0,0,0,0,0
10277190,1343,0,2,0,0,0,0,0,0,0,0,0
10280834,1344,0,2,0,0,0,0,0,0,0,0,0
10284478,1345,0,2,0,0,0,0,0,0,0,0,0
10288123,1346,0,2,0,0,0,0,0,0,0,0,0
10291766,1347,0,2,0,0,0,0,0,0,0,0,0
10295411,1348,0,2,0,0,0,0,0,0,0,0,0
10299055,1349,0,2,0,0,0,0,0,0,0,0,0
10302698,1350,0,2,0,0,0,0,0,0,0,0,0
10306343,1351,0,2,0,0,0,0,0,0,0,0,0
10309986,1352,0,2,0,0,0,0,0,0,0,0,0
10313630,1353,0,2,0,0,0,0,0,0,0,0,0
10317274,1354,0,2,0,0,0,0,0,0,0,0,0
10320918,1355,0,2,0,0,0,0,0,0,0,0,0
10324562,1356,0,2,0,0,0,0,0,0,0,0,0
10328207,1357,0,2,0,0,0,0,0,0,0,0,0
10331850,1358,0,2,0,0,0,0,0,0,0,0,0
10335494,1359,0,2,0,0,0,0,0,0,0,0,0
10339139,1360,0,2,0,0,0,0,0,0,0,0,0
10342782,1361,0,2,0,0,0,0,0,0,0,0,0
10346426,1362,0,2,0,0,0,0,0,0,0,0,0
10359153,1363,0,2,0,0,0,0,0,0,0,0,0
10362785,1364,0,2,0,0,0,0,0,0,0,0,0
10366430,1365,0,2,0,0,0,0,0,0,0,0,0
10370073,1366,0,2,0,0,0,0,0,0,0,0,0
10373717,1367,0,2,0,0,0,0,0,0,0,0,0
10377362,1368,0,2,0,0,0,0,0,0,0,0,0
10381005,1369,0,2,0,0,0,0,0,0,0,0,0
10384649,1370,0,2,0,0,0,0,0,0,0,0,0
10388294,1371,0,2,0,0,0,0,0,0,0,0,0
10391937,1372,0,2,0,0,0,0,0,0,0,0,0
10395581,1373,0,2,0,0,0,0,0,0,0,0,0
10399225,1374,0,2,0,0,0,0,0,0,0,0,0
10402869,1375,0,2,0,0,0,0,0,0,0,0,0
10406513,1376,0,2,0,0,0,0,0,0,0,0,0
10410158,1377,0,2,0,0,0,0,0,0,0,0,0
10413801,1378,0,2,0,0,0,0,0,0,0,0,0
10417445,1379,0,2,0,0,0,0,0,0,0,0,0
10421089,1380,0,2,0,0,0,0,0,0,0,0,0
10424734,1381,0,2,0,0,0,0,0,0,0,0,0
10428377,1382,0,2,0,0,0,0,0,0,0,0,0
10432022,1383,0,2,0,0,0,0,0,0,0,0,0
10435665,1384,0,2,0,0,0,0,0,0,0,0,0
10439310,1385,0,2,0,0,0,0,0,0,0,0,0
10442953,1386,0,2,0,0,0,0,0,0,0,0,0
10446597,1387,0,2,0,0,0,0,0,0,0,0,0
10450241,1388,0,2,0,0,0,0,0,0,0,0,0
10453885,1389,0,2,0,0,0,0,0,0,0,0,0
10457529,1390,0,2,0,0,0,0,0,0,0,0,0
10461173,1391,0,2,0,0,0,0,0,0,0,0,0
10464817,1392,0,2,0,0,0,0,0,0,0,0,0
10468461,1393,0,2,0,0,0,0,0,0,0,0,0
10472106,1394,0,2,0,0,0,0,0,0,0,0,0
10475749,1395,0,2,0,0,0,0,0,0,0,0,0
10479393,1396,0,2,0,0,0,0,0,0,0,0,0
10483037,1397,0,2,0,0,0,0,0,0,0,0,0
10486681,1398,0,2,0,0,0,0,0,0,0,0,0
10490326,1399,0,2,0,0,0,0,0,0,0,0,0
10493969,1400,0,2,0,0,0,0,0,0,0,0,0
10497613,1401,0,2,0,0,0,0,0,0,0,0,0
10501257,1402,0,2,0,0,0,0,0,0,0,0,0
10504901,1403,0,2,0,0,0,0,0,0,0,0,0
10508545,1404,0,2,0,0,0,0,0,0,0,0,0
10512190,1405,0,2,0,0,0,0,0,0,0,0,0
10515833,1406,0,2,0,0,0,0,0,0,0,0,0
10519477,1407,0,2,0,0,0,0,0,0,0,0,0
10523122,1408,0,2,0,0,0,0,0,0,0,0,0
10526765,1409,0,2,0,0,0,0,0,0,0,0,0
10530409,1410,0,2,0,0,0,0,0,0,0,0,0
10534054,1411,0,2,0,0,0,0,0,0,0,0,0
10537697,1412,0,2,0,0,0,0,0,0,0,0,0
10541342,1413,0,2,0,0,0,0,0,0,0,0,0
10544985,1414,0,2,0,0,0,0,0,0,0,0,0
10548629,1415,0,2,0,0,0,0,0,0,0,0,0
10552273,1416,0,2,0,0,0,0,0,0,0,0,0
10555917,1417,0,2,0,0,0,0,0,0,0,0,0
10559561,1418,0,2,0,0,0,0,0,0,0,0,0
10563205,1419,0,2,0,0,0,0,0,0,0,0,0
10566849,1420,0,2,0,0,0,0,0,0,0,0,0
10570494,1421,0,2,0,0,0,0,0,0,0,0,0
10574137,1422,0,2,0,0,0,0,0,0,0,0,0
10577781,1423,0,2,0,0,0,0,0,0,0,0,0
10581425,1424,0,2,0,0,0,0,0,0,0,0,0
10585070,1425,0,2,0,0,0,0,0,0,0,0,0
10588713,1426,0,2,0,0,0,0,0,0,0,0,0
10592357,1427,0,2,0,0,0,0,0,0,0,0,0
10596001,1428,0,2,0,0,0,0,0,0,0,0,0
10599645,1429,0,2,0,0,0,0,0,0,0,0,0
10603290,1430,0,2,0,0,0,0,0,0,0,0,0
10606933,1431,0,2,0,0,0,0,0,0,0,0,0
10610577,1432,0,2,0,0,0,0,0,0,0,0,0
10614221,1433,0,2,0,0,0,0,0,0,0,0,0
10617865,1434,0,2,0,0,0,0,0,0,0,0,0
10621509,1435,0,2,0,0,0,0,0,0,0,0,0
10625154,1436,0,2,0,0,0,0,0,0,0,0,0
10628797,1437,0,2,0,0,0,0,0,0,0,0,0
10632441,1438,0,2,0,0,0,0,0,0,0,0,0
10636086,1439,0,2,0,0,0,0,0,0,0,0,0
10639729,1440,0,2,0,0,0,0,0,0,0,0,0
10643374,1441,0,2,0,0,0,0,0,0,0,0,0
10647017,1442,0,2,0,0,0,0,0,0,0,0,0
10650661,1443,0,2,0,0,0,0,0,0,0,0,0
10654306,1444,0,2,0,0,0,0,0,0,0,0,0
10657949,1445,0,2,0,0,0,0,0,0,0,0,0
10661593,1446,0,2,0,0,0,0,0,0,0,0,0
10665237,1447,0,2,0,0,0,0,0,0,0,0,0
10668881,1448,0,2,0,0,0,0,0,0,0,0,0
10672525,1449,0,2,0,0,0,0,0,0,0,0,0
10676170,1450,0,2,0,0,0,0,0,0,0,0,0
10679813,1451,0,2,0,0,0,0,0,0,0,0,0
10683457,1452,0,2,0,0,0,0,0,0,0,0,0
10687102,1453,0,2,0,0,0,0,0,0,0,0,0
10690745,1454,0,2,0,0,0,0,0,0,0,0,0
10694390,1455,0,2,0,0,0,0,0,0,0,0,0
10698033,1456,0,2,0,0,0,0,0,0,0,0,0
10701677,1457,0,2,0,0,0,0,0,0,0,0,0
10705322,1458,0,2,0,0,0,0,0,0,0,0,0
10708965,1459,0,2,0,0,0,0,0,0,0,0,0
10712609,1460,0,2,0,0,0,0,0,0,0,0,0
10716253,1461,0,2,0,0,0,0,0,0,0,0,0
10719897,1462,0,2,0,0,0,0,0,0,0,0,0
10723541,1463,0,2,0,0,0,0,0,0,0,0,0
10727185,1464,0,2,0,0,0,0,0,0,0,0,0
10730829,1465,0,2,0,0,0,0,0,0,0,0,0
10734473,1466,0,2,0,0,0,0,0,0,0,0,0
10738118,1467,0,2,0,0,0,0,0,0,0,0,0
10741761,1468,0,2,0,0,0,0,0,0,0,0,0
10745405,1469,0,2,0,0,0,0,0,0,0,0,0
10749049,1470,0,2,0,0,0,0,0,0,0,0,0
10752694,1471,0,2,0,0,0,0,0,0,0,0,0
10756337,1472,0,2,0,0,0,0,0,0,0,0,0
10759981,1473,0,2,0,0,0,0,0,0,0,0,0
10763625,1474,0,2,0,0,0,0,0,0,0,0,0
10767270,1475,0,2,0,0,0,0,0,0,0,0,0
10770913,1476,0,2,0,0,0,0,0,0,0,0,0
10774557,1477,0,2,0,0,0,0,0,0,0,0,0
10778202,1478,0,2,0,0,0,0,0,0,0,0,0
10781845,1479,0,2,0,0,0,0,0,0,0,0,0
10785489,1480,0,2,0,0,0,0,0,0,0,0,0
10789134,1481,0,2,0,0,0,0,0,0,0,0,0
10792777,1482,0,2,0,0,0,0,0,0,0,0,0
10796421,1483,0,2,0,0,0,0,0,0,0,0,0
10800065,1484,0,2,0,0,0,0,0,0,0,0,0
10803709,1485,0,2,0,0,0,0,0,0,0,0,0
10807354,1486,0,2,0,0,0,0,0,0,0,0,0
10810997,1487,0,2,0,0,0,0,0,0,0,0,0
10814641,1488,0,2,0,0,0,0,0,0,0,0,0
10818285,1489,0,2,0,0,0,0,0,0,0,0,0
10821929,1490,0,2,0,0,0,0,0,0,0,0,0
10825574,1491,0,2,0,0,0,0,0,0,0,0,0
10829218,1492,0,2,0,0,0,0,0,0,0,0,0
10832861,1493,0,2,0,0,0,0,0,0,0,0,0
10836505,1494,0,2,0,0,0,0,0,0,0,0,0
10840150,1495,0,2,0,0,0,0,0,0,0,0,0
10843793,1496,0,2,0,0,0,0,0,0,0,0,0
10847437,1497,0,2,0,0,0,0,0,0,0,0,0
10851082,1498,0,2,0,0,0,0,0,0,0,0,0
10854725,1499,0,2,0,0,0,0,0,0,0,0,0
10858369,1500,0,2,0,0,0,0,0,0,0,0,0
10862013,1501,0,2,0,0,0,0,0,0,0,0,0
10865657,1502,0,2,0,0,0,0,0,0,0,0,0
10869302,1503,0,2,0,0,0,0,0,0,0,0,0
10872945,1504,0,2,0,0,0,0,0,0,0,0,0
10876589,1505,0,2,0,0,0,0,0,0,0,0,0
10880233,1506,0,2,0,0,0,0,0,0,0,0,0
10883877,1507,0,2,0,0,0,0,0,0,0,0,0
10887521,1508,0,2,0,0,0,0,0,0,0,0,0
10891165,1509,0,2,0,0,0,0,0,0,0,0,0
10894809,1510,0,2,0,0,0,0,0,0,0,0,0
10898454,1511,0,2,0,0,0,0,0,0,0,0,0
10902098,1512,0,2,0,0,0,0,0,0,0,0,0
10905741,1513,0,2,0,0,0,0,0,0,0,0,0
10909385,1514,0,2,0,0,0,0,0,0,0,0,0
10913030,1515,0,2,0,0,0,0,0,0,0,0,0
10916673,1516,0,2,0,0,0,0,0,0,0,0,0
10920317,1517,0,2,0,0,0,0,0,0,0,0,0
10923961,1518,0,2,0,0,0,0,0,0,0,0,0
10927605,1519,0,2,0,0,0,0,0,0,0,0,0
10931249,1520,0,2,0,0,0,0,0,0,0,0,0
10934894,1521,0,2,0,0,0,0,0,0,0,0,0
10938537,1522,0,2,0,0,0,0,0,0,0,0,0
10942181,1523,0,2,0,0,0,0,0,0,0,0,0
10945825,1524,0,2,0,0,0,0,0,0,0,0,0
10949469,1525,0,2,0,0,0,0,0,0,0,0,0
10953114,1526,0,2,0,0,0,0,0,0,0,0,0
10956757,1527,0,2,0,0,0,0,0,0,0,0,0
10960402,1528,0,2,0,0,0,0,0,0,0,0,0
10964045,1529,0,2,0,0,0,0,0,0,0,0,0
10967689,1530,0,2,0,0,0,0,0,0,0,0,0
10971334,1531,0,2,0,0,0,0,0,0,0,0,0
10974977,1532,0,2,0,0,0,0,0,0,0,0,0
10978621,1533,0,2,0,0,0,0,0,0,0,0,0
10982265,1534,0,2,0,0,0,0,0,0,0,0,0
10985909,1535,0,2,0,0,0,0,0,0,0,0,0
10989553,1536,0,2,0,0,0,0,0,0,0,0,0
10993197,1537,0,2,0,0,0,0,0,0,0,0,0
10996841,1538,0,2,0,0,0,0,0,0,0,0,0
11000485,1539,0,2,0,0,0,0,0,0,0,0,0
11004130,1540,0,2,0,0,0,0,0,0,0,0,0
11007774,1541,0,2,0,0,0,0,0,0,0,0,0
11011417,1542,0,2,0,0,0,0,0,0,0,0,0
11015062,1543,0,2,0,0,0,0,0,0,0,0,0
11018705,1544,0,2,0,0,0,0,0,0,0,0,0
11022349,1545,0,2,0,0,0,0,0,0,0,0,0
11025993,1546,0,2,0,0,0,0,0,0,0,0,0
11029637,1547,0,2,0,0,0,0,0,0,0,0,0
11033281,1548,0,2,0,0,0,0,0,0,0,0,0
11036925,1549,0,2,0,0,0,0,0,0,0,0,0
11040569,1550,0,2,0,0,0,0,0,0,0,0,0
11044213,1551,0,2,0,0,0,0,0,0,0,0,0
11047857,1552,0,2,0,0,0,0,0,0,0,0,0
11051501,1553,0,2,0,0,0,0,0,0,0,0,0
11055146,1554,0,2,0,0,0,0,0,0,0,0,0
11058789,1555,0,2,0,0,0,0,0,0,0,0,0
11062433,1556,0,2,0,0,0,0,0,0,0,0,0
11066077,1557,0,2,0,0,0,0,0,0,0,0,0
11069721,1558,0,2,0,0,0,0,0,0,0,0,0
11073365,1559,0,2,0,0,0,0,0,0,0,0,0
11077009,1560,0,2,0,0,0,0,0,0,0,0,0
11080653,1561,0,2,0,0,0,0,0,0,0,0,0
11084298,1562,0,2,0,0,0,0,0,0,0,0,0
11087941,1563,0,2,0,0,0,0,0,0,0,0,0
11091585,1564,0,2,0,0,0,0,0,0,0,0,0
11095229,1565,0,2,0,0,0,0,0,0,0,0,0
11098873,1566,0,2,0,0,0,0,0,0,0,0,0
11102517,1567,0,2,0,0,0,0,0,0,0,0,0
11106161,1568,0,2,0,0,0,0,0,0,0,0,0
11109805,1569,0,2,0,0,0,0,0,0,0,0,0
11113449,1570,0,2,0,0,0,0,0,0,0,0,0
11117093,1571,0,2,0,0,0,0,0,0,0,0,0
11120737,1572,0,2,0,0,0,0,0,0,0,0,0
11124381,1573,0,2,0,0,0,0,0,0,0,0,0
11128026,1574,0,2,0,0,0,0,0,0,0,0,0
11131669,1575,0,2,0,0,0,0,0,0,0,0,0
11135314,1576,0,2,0,0,0,0,0,0,0,0,0
11138957,1577,0,2,0,0,0,0,0,0,0,0,0
11142601,1578,0,2,0,0,0,0,0,0,0,0,0
11146246,1579,0,2,0,0,0,0,0,0,0,0,0
11149889,1580,0,2,0,0,0,0,0,0,0,0,0
11153534,1581,0,2,0,0,0,0,0,0,0,0,0
11157178,1582,0,2,0,0,0,0,0,0,0,0,0
11160821,1583,0,2,0,0,0,0,0,0,0,0,0
11164465,1584,0,2,0,0,0,0,0,0,0,0,0
11168110,1585,0,2,0,0,0,0,0,0,0,0,0
11171753,1586,0,2,0,0,0,0,0,0,0,0,0
11175397,1587,0,2,0,0,0,0,0,0,0,0,0
11179042,1588,0,2,0,0,0,0,0,0,0,0,0
11182685,1589,0,2,0,0,0,0,0,0,0,0,0
11201170,1590,0,2,0,0,0,0,0,0,0,0,0
11204803,1591,0,2,0,0,0,0,0,0,0,0,0
11208446,1592,0,2,0,0,0,0,0,0,0,0,0
11212091,1593,0,2,0,0,0,0,0,0,0,0,0
11215734,1594,0,2,0,0,0,0,0,0,0,0,0
11219379,1595,0,2,0,0,0,0,0,0,0,0,0
11223023,1596,0,2,0,0,0,0,0,0,0,0,0
11226666,1597,0,2,0,0,0,0,0,0,0,0,0
11230310,1598,0,2,0,0,0,0,0,0,0,0,0
11233954,1599,0,2,0,0,0,0,0,0,0,0,0
11237598,1600,0,2,0,0,0,0,0,0,0,0,0
11241242,1601,0,2,0,0,0,0,0,0,0,0,0
11244886,1602,0,2,0,0,0,0,0,0,0,0,0
11248530,1603,0,2,0,0,0,0,0,0,0,0,0
11252175,1604,0,2,0,0,0,0,0,0,0,0,0
11255818,1605,0,2,0,0,0,0,0,0,0,0,0
11259463,1606,0,2,0,0,0,0,0,0,0,0,0
11263107,1607,0,2,0,0,0,0,0,0,0,0,0
11266750,1608,0,2,0,0,0,0,0,0,0,0,0
11270394,1609,0,2,0,0,0,0,0,0,0,0,0
11274038,1610,0,2,0,0,0,0,0,0,0,0,0
11277682,1611,0,2,0,0,0,0,0,0,0,0,0
11281327,1612,0,2,0,0,0,0,0,0,0,0,0
11284970,1613,0,2,0,0,0,0,0,0,0,0,0
11288614,1614,0,2,0,0,0,0,0,0,0,0,0
11292258,1615,0,2,0,0,0,0,0,0,0,0,0
11295902,1616,0,2,0,0,0,0,0,0,0,0,0
11299546,1617,0,2,0,0,0,0,0,0,0,0,0
11303190,1618,0,2,0,0,0,0,0,0,0,0,0
11306834,1619,0,2,0,0,0,0,0,0,0,0,0
11310478,1620,0,2,0,0,0,0,0,0,0,0,0
11314123,1621,0,2,0,0,0,0,0,0,0,0,0
11317766,1622,0,2,0,0,0,0,0,0,0,0,0
11321411,1623,0,2,0,0,0,0,0,0,0,0,0
11325055,1624,0,2,0,0,0,0,0,0,0,0,0
11328698,1625,0,2,0,0,0,0,0,0,0,0,0
11332343,1626,0,2,0,0,0,0,0,0,0,0,0
11335986,1627,0,2,0,0,0,0,0,0,0,0,0
11339630,1628,0,2,0,0,0,0,0,0,0,0,0
11343274,1629,0,2,0,0,0,0,0,0,0,0,0
11346918,1630,0,2,0,0,0,0,0,0,0,0,0
11350563,1631,0,2,0,0,0,0,0,0,0,0,0
11354206,1632,0,2,0,0,0,0,0,0,0,0,0
11357850,1633,0,2,0,0,0,0,0,0,0,0,0
11361494,1634,0,2,0,0,0,0,0,0,0,0,0
11365138,1635,0,2,0,0,0,0,0,0,0,0,0
11368782,1636,0,2,0,0,0,0,0,0,0,0,0
11372427,1637,0,2,0,0,0,0,0,0,0,0,0
11376070,1638,0,2,0,0,0,0,0,0,0,0,0
11379714,1639,0,2,0,0,0,0,0,0,0,0,0
11383358,1640,0,2,0,0,0,0,0,0,0,0,0
11387003,1641,0,2,0,0,0,0,0,0,0,0,0
11390646,1642,0,2,0,0,0,0,0,0,0,0,0
11394290,1643,0,2,0,0,0,0,0,0,0,0,0
11397934,1644,0,2,0,0,0,0,0,0,0,0,0
11401578,1645,0,2,0,0,0,0,0,0,0,0,0
11405222,1646,0,2,0,0,0,0,0,0,0,0,0
11408866,1647,0,2,0,0,0,0,0,0,0,0,0
11412510,1648,0,2,0,0,0,0,0,0,0,0,0
11416154,1649,0,2,0,0,0,0,0,0,0,0,0
11419798,1650,0,2,0,0,0,0,0,0,0,0,0
11423443,1651,0,2,0,0,0,0,0,0,0,0,0
11427086,1652,0,2,0,0,0,0,0,0,0,0,0
11430730,1653,0,2,0,0,0,0,0,0,0,0,0
11434374,1654,0,2,0,0,0,0,0,0,0,0,0
11438018,1655,0,2,0,0,0,0,0,0,0,0,0
11441662,1656,0,2,0,0,0,0,0,0,0,0,0
11445307,1657,0,2,0,0,0,0,0,0,0,0,0
11448950,1658,0,2,0,0,0,0,0,0,0,0,0
11452594,1659,0,2,0,0,0,0,0,0,0,0,0
11456238,1660,0,2,0,0,0,0,0,0,0,0,0
11459882,1661,0,2,0,0,0,0,0,0,0,0,0
11463526,1662,0,2,0,0,0,0,0,0,0,0,0
11467170,1663,0,2,0,0,0,0,0,0,0,0,0
11470814,1664,0,2,0,0,0,0,0,0,0,0,0
11474458,1665,0,2,0,0,0,0,0,0,0,0,0
11478103,1666,0,2,0,0,0,0,0,0,0,0,0
11481746,1667,0,2,0,0,0,0,0,0,0,0,0
11485390,1668,0,2,0,0,0,0,0,0,0,0,0
11489035,1669,0,2,0,0,0,0,0,0,0,0,0
11492678,1670,0,2,0,0,0,0,0,0,0,0,0
11496323,1671,0,2,0,0,0,0,0,0,0,0,0
11499966,1672,0,2,0,0,0,0,0,0,0,0,0
11503610,1673,0,2,0,0,0,0,0,0,0,0,0
11507255,1674,0,2,0,0,0,0,0,0,0,0,0
11510898,1675,0,2,0,0,0,0,0,0,0,0,0
11514542,1676,0,2,0,0,0,0,0,0,0,0,0
11518187,1677,0,2,0,0,0,0,0,0,0,0,0
11521830,1678,0,2,0,0,0,0,0,0,0,0,0
11525475,1679,0,2,0,0,0,0,0,0,0,0,0
11529118,1680,0,2,0,0,0,0,0,0,0,0,0
11532763,1681,0,2,0,0,0,0,0,0,0,0,0
11536406,1682,0,2,0,0,0,0,0,0,0,0,0
11540050,1683,0,2,0,0,0,0,0,0,0,0,0
11543694,1684,0,2,0,0,0,0,0,0,0,0,0
11547338,1685,0,2,0,0,0,0,0,0,0,0,0
11550982,1686,0,2,0,0,0,0,0,0,0,0,0
11554626,1687,0,2,0,0,0,0,0,0,0,0,0
11558270,1688,0,2,0,0,0,0,0,0,0,0,0
11561914,1689,0,2,0,0,0,0,0,0,0,0,0
11565558,1690,0,2,0,0,0,0,0,0,0,0,0
11569203,1691,0,2,0,0,0,0,0,0,0,0,0
11572846,1692,0,2,0,0,0,0,0,0,0,0,0
11576490,1693,0,2,0,0,0,0,0,0,0,0,0
11580135,1694,0,2,0,0,0,0,0,0,0,0,0
11583778,1695,0,2,0,0,0,0,0,0,0,0,0
11587422,1696,0,2,0,0,0,0,0,0,0,0,0
11591067,1697,0,2,0,0,0,0,0,0,0,0,0
11594710,1698,0,2,0,0,0,0,0,0,0,0,0
11598355,1699,0,2,0,0,0,0,0,0,0,0,0
11601998,1700,0,2,0,0,0,0,0,0,0,0,0
11605643,1701,0,2,0,0,0,0,0,0,0,0,0
11609287,1702,0,2,0,0,0,0,0,0,0,0,0
11612930,1703,0,2,0,0,0,0,0,0,0,0,0
11616574,1704,0,2,0,0,0,0,0,0,0,0,0
11620218,1705,0,2,0,0,0,0,0,0,0,0,0
11623862,1706,0,2,0,0,0,0,0,0,0,0,0
11627506,1707,0,2,0,0,0,0,0,0,0,0,0
11631151,1708,0,2,0,0,0,0,0,0,0,0,0
11634794,1709,0,2,0,0,0,0,0,0,0,0,0
11638438,1710,0,2,0,0,0,0,0,0,0,0,0
11642083,1711,0,2,0,0,0,0,0,0,0,0,0
11645726,1712,0,2,0,0,0,0,0,0,0,0,0
11649370,1713,0,2,0,0,0,0,0,0,0,0,0
11653014,1714,0,2,0,0,0,0,0,0,0,0,0
11656658,1715,0,2,0,0,0,0,0,0,0,0,0
11660302,1716,0,2,0,0,0,0,0,0,0,0,0
11663946,1717,0,2,0,0,0,0,0,0,0,0,0
11667590,1718,0,2,0,0,0,0,0,0,0,0,0
11671235,1719,0,2,0,0,0,0,0,0,0,0,0
11674878,1720,0,2,0,0,0,0,0,0,0,0,0
11678522,1721,0,2,0,0,0,0,0,0,0,0,0
11682167,1722,0,2,0,0,0,0,0,0,0,0,0
11685810,1723,0,2,0,0,0,0,0,0,0,0,0
11689454,1724,0,2,0,0,0,0,0,0,0,0,0
11693099,1725,0,2,0,0,0,0,0,0,0,0,0
11696742,1726,0,2,0,0,0,0,0,0,0,0,0
11700386,1727,0,2,0,0,0,0,0,0,0,0,0
11704030,1728,0,2,0,0,0,0,0,0,0,0,0
11707674,1729,0,2,0,0,0,0,0,0,0,0,0
11711319,1730,0,2,0,0,0,0,0,0,0,0,0
11714963,1731,0,2,0,0,0,0,0,0,0,0,0
11718606,1732,0,2,0,0,0,0,0,0,0,0,0
11722250,1733,0,2,0,0,0,0,0,0,0,0,0
11725894,1734,0,2,0,0,0,0,0,0,0,0,0
11729538,1735,0,2,0,0,0,0,0,0,0,0,0
11733183,1736,0,2,0,0,0,0,0,0,0,0,0
11736826,1737,0,2,0,0,0,0,0,0,0,0,0
11740470,1738,0,2,0,0,0,0,0,0,0,0,0
11744115,1739,0,2,0,0,0,0,0,0,0,0,0
11747758,1740,0,2,0,0,0,0,0,0,0,0,0
11751402,1741,0,2,0,0,0,0,0,0,0,0,0
11755046,1742,0,2,0,0,0,0,0,0,0,0,0
11758690,1743,0,2,0,0,0,0,0,0,0,0,0
11762335,1744,0,2,0,0,0,0,0,0,0,0,0
11765978,1745,0,2,0,0,0,0,0,0,0,0,0
11769622,1746,0,2,0,0,0,0,0,0,0,0,0
11773266,1747,0,2,0,0,0,0,0,0,0,0,0
11776910,1748,0,2,0,0,0,0,0,0,0,0,0
11780554,1749,0,2,0,0,0,0,0,0,0,0,0
11784199,1750,0,2,0,0,0,0,0,0,0,0,0
11787842,1751,0,2,0,0,0,0,0,0,0,0,0
11791486,1752,0,2,0,0,0,0,0,0,0,0,0
11795131,1753,0,2,0,0,0,0,0,0,0,0,0
11798774,1754,0,2,0,0,0,0,0,0,0,0,0
11802418,1755,0,2,0,0,0,0,0,0,0,0,0
11806063,1756,0,2,0,0,0,0,0,0,0,0,0
11809706,1757,0,2,0,0,0,0,0,0,0,0,0
11813351,1758,0,2,0,0,0,0,0,0,0,0,0
11816994,1759,0,2,0,0,0,0,0,0,0,0,0
11820638,1760,0,2,0,0,0,0,0,0,0,0,0
11824282,1761,0,2,0,0,0,0,0,0,0,0,0
11827926,1762,0,2,0,0,0,0,0,0,0,0,0
11831570,1763,0,2,0,0,0,0,0,0,0,0,0
11835214,1764,0,2,0,0,0,0,0,0,0,0,0
11838858,1765,0,2,0,0,0,0,0,0,0,0,0
11842502,1766,0,2,0,0,0,0,0,0,0,0,0
11846147,1767,0,2,0,0,0,0,0,0,0,0,0
11849790,1768,0,2,0,0,0,0,0,0,0,0,0
11853434,1769,0,2,0,0,0,0,0,0,0,0,0
11857079,1770,0,2,0,0,0,0,0,0,0,0,0
11860723,1771,0,2,0,0,0,0,0,0,0,0,0
11864367,1772,0,2,0,0,0,0,0,0,0,0,0
11868010,1773,0,2,0,0,0,0,0,0,0,0,0
11871654,1774,0,2,0,0,0,0,0,0,0,0,0
11875298,1775,0,2,0,0,0,0,0,0,0,0,0
11878942,1776,0,2,0,0,0,0,0,0,0,0,0
11882586,1777,0,2,0,0,0,0,0,0,0,0,0
11886230,1778,0,2,0,0,0,0,0,0,0,0,0
11889874,1779,0,2,0,0,0,0,0,0,0,0,0
11893518,1780,0,2,0,0,0,0,0,0,0,0,0
11897162,1781,0,2,0,0,0,0,0,0,0,0,0
11900806,1782,0,2,0,0,0,0,0,0,0,0,0
11904451,1783,0,2,0,0,0,0,0,0,0,0,0
11908094,1784,0,2,0,0,0,0,0,0,0,0,0
11911738,1785,0,2,0,0,0,0,0,0,0,0,0
11915383,1786,0,2,0,0,0,0,0,0,0,0,0
11919026,1787,0,2,0,0,0,0,0,0,0,0,0
11922670,1788,0,2,0,0,0,0,0,0,0,0,0
11926315,1789,0,2,0,0,0,0,0,0,0,0,0
11929958,1790,0,2,0,0,0,0,0,0,0,0,0
11933603,1791,0,2,0,0,0,0,0,0,0,0,0
11937247,1792,0,2,0,0,0,0,0,0,0,0,0
11940890,1793,0,2,0,0,0,0,0,0,0,0,0
11944534,1794,0,2,0,0,0,0,0,0,0,0,0
11948179,1795,0,2,0,0,0,0,0,0,0,0,0
11951822,1796,0,2,0,0,0,0,0,0,0,0,0
11955466,1797,0,2,0,0,0,0,0,0,0,0,0
11959111,1798,0,2,0,0,0,0,0,0,0,0,0
11962754,1799,0,2,0,0,0,0,0,0,0,0,0
11966399,1800,0,2,0,0,0,0,0,0,0,0,0
11970042,1801,0,2,0,0,0,0,0,0,0,0,0
11973686,1802,0,2,0,0,0,0,0,0,0,0,0
11977330,1803,0,2,0,0,0,0,0,0,0,0,0
11980974,1804,0,2,0,0,0,0,0,0,0,0,0
11984618,1805,0,2,0,0,0,0,0,0,0,0,0
11988262,1806,0,2,0,0,0,0,0,0,0,0,0
11991906,1807,0,2,0,0,0,0,0,0,0,0,0
11995550,1808,0,2,0,0,0,0,0,0,0,0,0
11999194,1809,0,2,0,0,0,0,0,0,0,0,0
12002838,1810,0,2,0,0,0,0,0,0,0,0,0
12006483,1811,0,2,0,0,0,0,0,0,0,0,0
12010126,1812,0,2,0,0,0,0,0,0,0,0,0
12013770,1813,0,2,0,0,0,0,0,0,0,0,0
12017414,1814,0,2,0,0,0,0,0,0,0,0,0
12021058,1815,0,2,0,0,0,0,0,0,0,0,0
12024702,1816,0,2,0,0,0,0,0,0,0,0,0
12037033,1817,0,2,0,0,0,0,0,0,0,0,0
12040665,1818,0,2,0,0,0,0,0,0,0,0,0
12044309,1819,0,2,0,0,0,0,0,0,0,0,0
12047953,1820,0,2,0,0,0,0,0,0,0,0,0
12051598,1821,0,2,0,0,0,0,0,0,0,0,0
12055242,1822,0,2,0,0,0,0,0,0,0,0,0
12058885,1823,0,2,0,0,0,0,0,0,0,0,0
12062529,1824,0,2,0,0,0,0,0,0,0,0,0
12066173,1825,0,2,0,0,0,0,0,0,0,0,0
12069817,1826,0,2,0,0,0,0,0,0,0,0,0
12073461,1827,0,2,0,0,0,0,0,0,0,0,0
12077106,1828,0,2,0,0,0,0,0,0,0,0,0
12080749,1829,0,2,0,0,0,0,0,0,0,0,0
12084393,1830,0,2,0,0,0,0,0,0,0,0,0
12088037,1831,0,2,0,0,0,0,0,0,0,0,0
12091681,1832,0,2,0,0,0,0,0,0,0,0,0
12095326,1833,0,2,0,0,0,0,0,0,0,0,0
12098969,1834,0,2,0,0,0,0,0,0,0,0,0
12102613,1835,0,2,0,0,0,0,0,0,0,0,0
12106257,1836,0,2,0,0,0,0,0,0,0,0,0
12109901,1837,0,2,0,0,0,0,0,0,0,0,0
12113545,1838,0,2,0,0,0,0,0,0,0,0,0
12117189,1839,0,2,0,0,0,0,0,0,0,0,0
12120833,1840,0,2,0,0,0,0,0,0,0,0,0
12124477,1841,0,2,0,0,0,0,0,0,0,0,0
12128121,1842,0,2,0,0,0,0,0,0,0,0,0
12131765,1843,0,2,0,0,0,0,0,0,0,0,0
12135409,1844,0,2,0,0,0,0,0,0,0,0,0
12139053,1845,0,2,0,0,0,0,0,0,0,0,0
12142697,1846,0,2,0,0,0,0,0,0,0,0,0
12146342,1847,0,2,0,0,0,0,0,0,0,0,0
12149985,1848,0,2,0,0,0,0,0,0,0,0,0
12153629,1849,0,2,0,0,0,0,0,0,0,0,0
12157273,1850,0,2,0,0,0,0,0,0,0,0,0
12160917,1851,0,2,0,0,0,0,0,0,0,0,0
12164561,1852,0,2,0,0,0,0,0,0,0,0,0
12168205,1853,0,2,0,0,0,0,0,0,0,0,0
12171849,1854,0,2,0,0,0,0,0,0,0,0,0
12175493,1855,0,2,0,0,0,0,0,0,0,0,0
12179137,1856,0,2,0,0,0,0,0,0,0,0,0
12182781,1857,0,2,0,0,0,0,0,0,0,0,0
12186425,1858,0,2,0,0,0,0,0,0,0,0,0
12190070,1859,0,2,0,0,0,0,0,0,0,0,0
12193713,1860,0,2,0,0,0,0,0,0,0,0,0
12197357,1861,0,2,0,0,0,0,0,0,0,0,0
12201001,1862,0,2,0,0,0,0,0,0,0,0,0
12204645,1863,0,2,0,0,0,0,0,0,0,0,0
12208289,1864,0,2,0,0,0,0,0,0,0,0,0
12211933,1865,0,2,0,0,0,0,0,0,0,0,0
12215577,1866,0,2,0,0,0,0,0,0,0,0,0
12219222,1867,0,2,0,0,0,0,0,0,0,0,0
12222865,1868,0,2,0,0,0,0,0,0,0,0,0
12226509,1869,0,2,0,0,0,0,0,0,0,0,0
12230154,1870,0,2,0,0,0,0,0,0,0,0,0
12233798,1871,0,2,0,0,0,0,0,0,0,0,0
12237441,1872,0,2,0,0,0,0,0,0,0,0,0
12241086,1873,0,2,0,0,0,0,0,0,0,0,0
12244729,1874,0,2,0,0,0,0,0,0,0,0,0
12248374,1875,0,2,0,0,0,0,0,0,0,0,0
12252017,1876,0,2,0,0,0,0,0,0,0,0,0
12255661,1877,0,2,0,0,0,0,0,0,0,0,0
12259306,1878,0,2,0,0,0,0,0,0,0,0,0
12262949,1879,0,2,0,0,0,0,0,0,0,0,0
12266593,1880,0,2,0,0,0,0,0,0,0,0,0
12270237,1881,0,2,0,0,0,0,0,0,0,0,0
12273881,1882,0,2,0,0,0,0,0,0,0,0,0
12277525,1883,0,2,0,0,0,0,0,0,0,0,0
12281169,1884,0,2,0,0,0,0,0,0,0,0,0
12284813,1885,0,2,0,0,0,0,0,0,0,0,0
12288457,1886,0,2,0,0,0,0,0,0,0,0,0
12292102,1887,0,2,0,0,0,0,0,0,0,0,0
12295745,1888,0,2,0,0,0,0,0,0,0,0,0
12299390,1889,0,2,0,0,0,0,0,0,0,0,0
12303033,1890,0,2,0,0,0,0,0,0,0,0,0
12306677,1891,0,2,0,0,0,0,0,0,0,0,0
12310322,1892,0,2,0,0,0,0,0,0,0,0,0
12313965,1893,0,2,0,0,0,0,0,0,0,0,0
12317609,1894,0,2,0,0,0,0,0,0,0,0,0
12321253,1895,0,2,0,0,0,0,0,0,0,0,0
12324897,1896,0,2,0,0,0,0,0,0,0,0,0
12328541,1897,0,2,0,0,0,0,0,0,0,0,0
12332186,1898,0,2,0,0,0,0,0,0,0,0,0
12335829,1899,0,2,0,0,0,0,0,0,0,0,0
12339473,1900,0,2,0,0,0,0,0,0,0,0,0
12343118,1901,0,2,0,0,0,0,0,0,0,0,0
12346761,1902,0,2,0,0,0,0,0,0,0,0,0
12350405,1903,0,2,0,0,0,0,0,0,0,0,0
12354049,1904,0,2,0,0,0,0,0,0,0,0,0
12357693,1905,0,2,0,0,0,0,0,0,0,0,0
12361337,1906,0,2,0,0,0,0,0,0,0,0,0
12364981,1907,0,2,0,0,0,0,0,0,0,0,0
12368625,1908,0,2,0,0,0,0,0,0,0,0,0
12372270,1909,0,2,0,0,0,0,0,0,0,0,0
12375913,1910,0,2,0,0,0,0,0,0,0,0,0
12379558,1911,0,2,0,0,0,0,0,0,0,0,0
12383201,1912,0,2,0,0,0,0,0,0,0,0,0
12386845,1913,0,2,0,0,0,0,0,0,0,0,0
12390489,1914,0,2,0,0,0,0,0,0,0,0,0
12394134,1915,0,2,0,0,0,0,0,0,0,0,0
12397777,1916,0,2,0,0,0,0,0,0,0,0,0
12401421,1917,0,2,0,0,0,0,0,0,0,0,0
12405065,1918,0,2,0,0,0,0,0,0,0,0,0
12408709,1919,0,2,0,0,0,0,0,0,0,0,0
12412354,1920,0,2,0,0,0,0,0,0,0,0,0
12415998,1921,0,2,0,0,0,0,0,0,0,0,0
12419641,1922,0,2,0,0,0,0,0,0,0,0,0
12423286,1923,0,2,0,0,0,0,0,0,0,0,0
12426929,1924,0,2,0,0,0,0,0,0,0,0,0
12430573,1925,0,2,0,0,0,0,0,0,0,0,0
12434218,1926,0,2,0,0,0,0,0,0,0,0,0
12437861,1927,0,2,0,0,0,0,0,0,0,0,0
12441505,1928,0,2,0,0,0,0,0,0,0,0,0
12445149,1929,0,2,0,0,0,0,0,0,0,0,0
12448793,1930,0,2,0,0,0,0,0,0,0,0,0
12452437,1931,0,2,0,0,0,0,0,0,0,0,0
12456081,1932,0,2,0,0,0,0,0,0,0,0,0
12459725,1933,0,2,0,0,0,0,0,0,0,0,0
12463370,1934,0,2,0,0,0,0,0,0,0,0,0
12467014,1935,0,2,0,0,0,0,0,0,0,0,0
12470657,1936,0,2,0,0,0,0,0,0,0,0,0
12474302,1937,0,2,0,0,0,0,0,0,0,0,0
12477945,1938,0,2,0,0,0,0,0,0,0,0,0
12481589,1939,0,2,0,0,0,0,0,0,0,0,0
12485233,1940,0,2,0,0,0,0,0,0,0,0,0
12488878,1941,0,2,0,0,0,0,0,0,0,0,0
12492521,1942,0,2,0,0,0,0,0,0,0,0,0
12496166,1943,0,2,0,0,0,0,0,0,0,0,0
12499809,1944,0,2,0,0,0,0,0,0,0,0,0
12503454,1945,0,2,0,0,0,0,0,0,0,0,0
12507097,1946,0,2,0,0,0,0,0,0,0,0,0
12510741,1947,0,2,0,0,0,0,0,0,0,0,0
12514385,1948,0,2,0,0,0,0,0,0,0,0,0
12518030,1949,0,2,0,0,0,0,0,0,0,0,0
12521673,1950,0,2,0,0,0,0,0,0,0,0,0
12525318,1951,0,2,0,0,0,0,0,0,0,0,0
12528961,1952,0,2,0,0,0,0,0,0,0,0,0
12532605,1953,0,2,0,0,0,0,0,0,0,0,0
12536249,1954,0,2,0,0,0,0,0,0,0,0,0
12539893,1955,0,2,0,0,0,0,0,0,0,0,0
12543537,1956,0,2,0,0,0,0,0,0,0,0,0
12547181,1957,0,2,0,0,0,0,0,0,0,0,0
12550825,1958,0,2,0,0,0,0,0,0,0,0,0
12554469,1959,0,2,0,0,0,0,0,0,0,0,0
12558114,1960,0,2,0,0,0,0,0,0,0,0,0
12561757,1961,0,2,0,0,0,0,0,0,0,0,0
12565401,1962,0,2,0,0,0,0,0,0,0,0,0
12569045,1963,0,2,0,0,0,0,0,0,0,0,0
12572689,1964,0,2,0,0,0,0,0,0,0,0,0
12576334,1965,0,2,0,0,0,0,0,0,0,0,0
12579977,1966,0,2,0,0,0,0,0,0,0,0,0
12583621,1967,0,2,0,0,0,0,0,0,0,0,0
12587265,1968,0,2,0,0,0,0,0,0,0,0,0
12590909,1969,0,2,0,0,0,0,0,0,0,0,0
12594553,1970,0,2,0,0,0,0,0,0,0,0,0
12598197,1971,0,2,0,0,0,0,0,0,0,0,0
12601841,1972,0,2,0,0,0,0,0,0,0,0,0
12605485,1973,0,2,0,0,0,0,0,0,0,0,0
12609130,1974,0,2,0,0,0,0,0,0,0,0,0
12612773,1975,0,2,0,0,0,0,0,0,0,0,0
12616417,1976,0,2,0,0,0,0,0,0,0,0,0
12620061,1977,0,2,0,0,0,0,0,0,0,0,0
12623705,1978,0,2,0,0,0,0,0,0,0,0,0
12627349,1979,0,2,0,0,0,0,0,0,0,0,0
12630993,1980,0,2,0,0,0,0,0,0,0,0,0
12634637,1981,0,2,0,0,0,0,0,0,0,0,0
12638281,1982,0,2,0,0,0,0,0,0,0,0,0
12641925,1983,0,2,0,0,0,0,0,0,0,0,0
12645569,1984,0,2,0,0,0,0,0,0,0,0,0
12649214,1985,0,2,0,0,0,0,0,0,0,0,0
12652857,1986,0,2,0,0,0,0,0,0,0,0,0
12656501,1987,0,2,0,0,0,0,0,0,0,0,0
12660146,1988,0,2,0,0,0,0,0,0,0,0,0
12663789,1989,0,2,0,0,0,0,0,0,0,0,0
12667433,1990,0,2,0,0,0,0,0,0,0,0,0
12671078,1991,0,2,0,0,0,0,0,0,0,0,0
12674721,1992,0,2,0,0,0,0,0,0,0,0,0
12678365,1993,0,2,0,0,0,0,0,0,0,0,0
12682009,1994,0,2,0,0,0,0,0,0,0,0,0
12685653,1995,0,2,0,0,0,0,0,0,0,0,0
12689298,1996,0,2,0,0,0,0,0,0,0,0,0
12692941,1997,0,2,0,0,0,0,0,0,0,0,0
12696585,1998,0,2,0,0,0,0,0,0,0,0,0
12700229,1999,0,2,0,0,0,0,0,0,0,0,0
12703873,2000,0,2,0,0,0,0,0,0,0,0,0
12707517,2001,0,2,0,0,0,0,0,0,0,0,0
12711161,2002,0,2,0,0,0,0,0,0,0,0,0
12714805,2003,0,2,0,0,0,0,0,0,0,0,0
12718449,2004,0,2,0,0,0,0,0,0,0,0,0
12722093,2005,0,2,0,0,0,0,0,0,0,0,0
12725737,2006,0,2,0,0,0,0,0,0,0,0,0
12729381,2007,0,2,0,0,0,0,0,0,0,0,0
12733026,2008,0,2,0,0,0,0,0,0,0,0,0
12736669,2009,0,2,0,0,0,0,0,0,0,0,0
12740314,2010,0,2,0,0,0,0,0,0,0,0,0
12743957,2011,0,2,0,0,0,0,0,0,0,0,0
12747601,2012,0,2,0,0,0,0,0,0,0,0,0
12751246,2013,0,2,0,0,0,0,0,0,0,0,0
12754889,2014,0,2,0,0,0,0,0,0,0,0,0
12758533,2015,0,2,0,0,0,0,0,0,0,0,0
12762177,2016,0,2,0,0,0,0,0,0,0,0,0
12765821,2017,0,2,0,0,0,0,0,0,0,0,0
12769465,2018,0,2,0,0,0,0,0,0,0,0,0
12773109,2019,0,2,0,0,0,0,0,0,0,0,0
12776753,2020,0,2,0,0,0,0,0,0,0,0,0
12780397,2021,0,2,0,0,0,0,0,0,0,0,0
12784041,2022,0,2,0,0,0,0,0,0,0,0,0
12787685,2023,0,2,0,0,0,0,0,0,0,0,0
12791329,2024,0,2,0,0,0,0,0,0,0,0,0
12794973,2025,0,2,0,0,0,0,0,0,0,0,0
12798617,2026,0,2,0,0,0,0,0,0,0,0,0
12802261,2027,0,2,0,0,0,0,0,0,0,0,0
12805905,2028,0,2,0,0,0,0,0,0,0,0,0
12809549,2029,0,2,0,0,0,0,0,0,0,0,0
12813193,2030,0,2,0,0,0,0,0,0,0,0,0
12816838,2031,0,2,0,0,0,0,0,0,0,0,0
12820481,2032,0,2,0,0,0,0,0,0,0,0,0
12824125,2033,0,2,0,0,0,0,0,0,0,0,0
12827769,2034,0,2,0,0,0,0,0,0,0,0,0
12831414,2035,0,2,0,0,0,0,0,0,0,0,0
12835058,2036,0,2,0,0,0,0,0,0,0,0,0
12838701,2037,0,2,0,0,0,0,0,0,0,0,0
12842345,2038,0,2,0,0,0,0,0,0,0,0,0
12845989,2039,0,2,0,0,0,0,0,0,0,0,0
12849633,2040,0,2,0,0,0,0,0,0,0,0,0
12853278,2041,0,2,0,0,0,0,0,0,0,0,0
12856921,2042,0,2,0,0,0,0,0,0,0,0,0
12860565,2043,0,2,0,0,0,0,0,0,0,0,0
12878485,2044,0,2,0,0,0,0,0,0,0,0,0
12882118,2045,0,2,0,0,0,0,0,0,0,0,0
12885761,2046,0,2,0,0,0,0,0,0,0,0,0
12889405,2047,0,2,0,0,0,0,0,0,0,0,0
12893049,2048,0,2,0,0,0,0,0,0,0,0,0
12896693,2049,0,2,0,0,0,0,0,0,0,0,0
12900337,2050,0,2,0,0,0,0,0,0,0,0,0
12903982,2051,0,2,0,0,0,0,0,0,0,0,0
12907625,2052,0,2,0,0,0,0,0,0,0,0,0
12911269,2053,0,2,0,0,0,0,0,0,0,0,0
12914913,2054,0,2,0,0,0,0,0,0,0,0,0
12918557,2055,0,2,0,0,0,0,0,0,0,0,0
12922201,2056,0,2,0,0,0,0,0,0,0,0,0
12925845,2057,0,2,0,0,0,0,0,0,0,0,0
12929489,2058,0,2,0,0,0,0,0,0,0,0,0
12933134,2059,0,2,0,0,0,0,0,0,0,0,0
12936777,2060,0,2,0,0,0,0,0,0,0,0,0
12940422,2061,0,2,0,0,0,0,0,0,0,0,0
12944065,2062,0,2,0,0,0,0,0,0,0,0,0
12947709,2063,0,2,0,0,0,0,0,0,0,0,0
12951354,2064,0,2,0,0,0,0,0,0,0,0,0
12954997,2065,0,2,0,0,0,0,0,0,0,0,0
12958641,2066,0,2,0,0,0,0,0,0,0,0,0
12962285,2067,0,2,0,0,0,0,0,0,0,0,0
12965929,2068,0,2,0,0,0,0,0,0,0,0,0
12969573,2069,0,2,0,0,0,0,0,0,0,0,0
12973218,2070,0,2,0,0,0,0,0,0,0,0,0
12976861,2071,0,2,0,0,0,0,0,0,0,0,0
12980505,2072,0,2,0,0,0,0,0,0,0,0,0
12984150,2073,0,2,0,0,0,0,0,0,0,0,0
12987793,2074,0,2,0,0,0,0,0,0,0,0,0
12991437,2075,0,2,0,0,0,0,0,0,0,0,0
12995082,2076,0,2,0,0,0,0,0,0,0,0,0
12998725,2077,0,2,0,0,0,0,0,0,0,0,0
13002369,2078,0,2,0,0,0,0,0,0,0,0,0
13006013,2079,0,2,0,0,0,0,0,0,0,0,0
13009657,2080,0,2,0,0,0,0,0,0,0,0,0
13013302,2081,0,2,0,0,0,0,0,0,0,0,0
13016945,2082,0,2,0,0,0,0,0,0,0,0,0
13020589,2083,0,2,0,0,0,0,0,0,0,0,0
13024233,2084,0,2,0,0,0,0,0,0,0,0,0
13027877,2085,0,2,0,0,0,0,0,0,0,0,0
13031521,2086,0,2,0,0,0,0,0,0,0,0,0
13035165,2087,0,2,0,0,0,0,0,0,0,0,0
13038809,2088,0,2,0,0,0,0,0,0,0,0,0
13042454,2089,0,2,0,0,0,0,0,0,0,0,0
13046097,2090,0,2,0,0,0,0,0,0,0,0,0
13049742,2091,0,2,0,0,0,0,0,0,0,0,0
13053385,2092,0,2,0,0,0,0,0,0,0,0,0
13057030,2093,0,2,0,0,0,0,0,0,0,0,0
13060673,2094,0,2,0,0,0,0,0,0,0,0,0
13064317,2095,0,2,0,0,0,0,0,0,0,0,0
13067961,2096,0,2,0,0,0,0,0,0,0,0,0
13071605,2097,0,2,0,0,0,0,0,0,0,0,0
13075249,2098,0,2,0,0,0,0,0,0,0,0,0
13078893,2099,0,2,0,0,0,0,0,0,0,0,0
13082537,2100,0,2,0,0,0,0,0,0,0,0,0
13086182,2101,0,2,0,0,0,0,0,0,0,0,0
13089825,2102,0,2,0,0,0,0,0,0,0,0,0
13093469,2103,0,2,0,0,0,0,0,0,0,0,0
13097114,2104,0,2,0,0,0,0,0,0,0,0,0
13100757,2105,0,2,0,0,0,0,0,0,0,0,0
13104402,2106,0,2,0,0,0,0,0,0,0,0,0
13108045,2107,0,2,0,0,0,0,0,0,0,0,0
13111689,2108,0,2,0,0,0,0,0,0,0,0,0
13115334,2109,0,2,0,0,0,0,0,0,0,0,0
13118977,2110,0,2,0,0,0,0,0,0,0,0,0
13122621,2111,0,2,0,0,0,0,0,0,0,0,0
13126266,2112,0,2,0,0,0,0,0,0,0,0,0
13129909,2113,0,2,0,0,0,0,0,0,0,0,0
13133553,2114,0,2,0,0,0,0,0,0,0,0,0
13137197,2115,0,2,0,0,0,0,0,0,0,0,0
13140841,2116,0,2,0,0,0,0,0,0,0,0,0
13144485,2117,0,2,0,0,0,0,0,0,0,0,0
13148130,2118,0,2,0,0,0,0,0,0,0,0,0
13151773,2119,0,2,0,0,0,0,0,0,0,0,0
13155417,2120,0,2,0,0,0,0,0,0,0,0,0
13159062,2121,0,2,0,0,0,0,0,0,0,0,0
13162705,2122,0,2,0,0,0,0,0,0,0,0,0
13166349,2123,0,2,0,0,0,0,0,0,0,0,0
13169993,2124,0,2,0,0,0,0,0,0,0,0,0
13173637,2125,0,2,0,0,0,0,0,0,0,0,0
13177281,2126,0,2,0,0,0,0,0,0,0,0,0
13180925,2127,0,2,0,0,0,0,0,0,0,0,0
13184569,2128,0,2,0,0,0,0,0,0,0,0,0
13188214,2129,0,2,0,0,0,0,0,0,0,0,0
13191857,2130,0,2,0,0,0,0,0,0,0,0,0
13195501,2131,0,2,0,0,0,0,0,0,0,0,0
13199145,2132,0,2,0,0,0,0,0,0,0,0,0
13202789,2133,0,2,0,0,0,0,0,0,0,0,0
13206433,2134,0,2,0,0,0,0,0,0,0,0,0
13210077,2135,0,2,0,0,0,0,0,0,0,0,0
13213721,2136,0,2,0,0,0,0,0,0,0,0,0
13217365,2137,0,2,0,0,0,0,0,0,0,0,0
13221009,2138,0,2,0,0,0,0,0,0,0,0,0
13224653,2139,0,2,0,0,0,0,0,0,0,0,0
13228298,2140,0,2,0,0,0,0,0,0,0,0,0
13231941,2141,0,2,0,0,0,0,0,0,0,0,0
13235585,2142,0,2,0,0,0,0,0,0,0,0,0
13239229,2143,0,2,0,0,0,0,0,0,0,0,0
13242873,2144,0,2,0,0,0,0,0,0,0,0,0
13246517,2145,0,2,0,0,0,0,0,0,0,0,0
13250161,2146,0,2,0,0,0,0,0,0,0,0,0
13253805,2147,0,2,0,0,0,0,0,0,0,0,0
13257449,2148,0,2,0,0,0,0,0,0,0,0,0
13261093,2149,0,2,0,0,0,0,0,0,0,0,0
13264737,2150,0,2,0,0,0,0,0,0,0,0,0
13268381,2151,0,2,0,0,0,0,0,0,0,0,0
13272025,2152,0,2,0,0,0,0,0,0,0,0,0
13275669,2153,0,2,0,0,0,0,0,0,0,0,0
13279314,2154,0,2,0,0,0,0,0,0,0,0,0
13282957,2155,0,2,0,0,0,0,0,0,0,0,0
13286601,2156,0,2,0,0,0,0,0,0,0,0,0
13290246,2157,0,2,0,0,0,0,0,0,0,0,0
13293889,2158,0,2,0,0,0,0,0,0,0,0,0
13297533,2159,0,2,0,0,0,0,0,0,0,0,0
13301177,2160,0,2,0,0,0,0,0,0,0,0,0
13304821,2161,0,2,0,0,0,0,0,0,0,0,0
13308465,2162,0,2,0,0,0,0,0,0,0,0,0
13312110,2163,0,2,0,0,0,0,0,0,0,0,0
13315753,2164,0,2,0,0,0,0,0,0,0,0,0
13319397,2165,0,2,0,0,0,0,0,0,0,0,0
13323042,2166,0,2,0,0,0,0,0,0,0,0,0
13326685,2167,0,2,0,0,0,0,0,0,0,0,0
13330329,2168,0,2,0,0,0,0,0,0,0,0,0
13333973,2169,0,2,0,0,0,0,0,0,0,0,0
13337617,2170,0,2,0,0,0,0,0,0,0,0,0
13341261,2171,0,2,0,0,0,0,0,0,0,0,0
13344905,2172,0,2,0,0,0,0,0,0,0,0,0
13348549,2173,0,2,0,0,0,0,0,0,0,0,0
13352193,2174,0,2,0,0,0,0,0,0,0,0,0
13355837,2175,0,2,0,0,0,0,0,0,0,0,0
13359481,2176,0,2,0,0,0,0,0,0,0,0,0
13363126,2177,0,2,0,0,0,0,0,0,0,0,0
13366769,2178,0,2,0,0,0,0,0,0,0,0,0
13370414,2179,0,2,0,0,0,0,0,0,0,0,0
13374058,2180,0,2,0,0,0,0,0,0,0,0,0
13377702,2181,0,2,0,0,0,0,0,0,0,0,0
13381345,2182,0,2,0,0,0,0,0,0,0,0,0
13384989,2183,0,2,0,0,0,0,0,0,0,0,0
13388633,2184,0,2,0,0,0,0,0,0,0,0,0
13392277,2185,0,2,0,0,0,0,0,0,0,0,0
13395921,2186,0,2,0,0,0,0,0,0,0,0,0
13399565,2187,0,2,0,0,0,0,0,0,0,0,0
13403209,2188,0,2,0,0,0,0,0,0,0,0,0
13406853,2189,0,2,0,0,0,0,0,0,0,0,0
13410497,2190,0,2,0,0,0,0,0,0,0,0,0
13414141,2191,0,2,0,0,0,0,0,0,0,0,0
13417785,2192,0,2,0,0,0,0,0,0,0,0,0
13421429,2193,0,2,0,0,0,0,0,0,0,0,0
13425073,2194,0,2,0,0,0,0,0,0,0,0,0
13428717,2195,0,2,0,0,0,0,0,0,0,0,0
13432362,2196,0,2,0,0,0,0,0,0,0,0,0
13436005,2197,0,2,0,0,0,0,0,0,0,0,0
13439649,2198,0,2,0,0,0,0,0,0,0,0,0
13443294,2199,0,2,0,0,0,0,0,0,0,0,0
13446937,2200,0,2,0,0,0,0,0,0,0,0,0
13450582,2201,0,2,0,0,0,0,0,0,0,0,0
13454226,2202,0,2,0,0,0,0,0,0,0,0,0
13457869,2203,0,2,0,0,0,0,0,0,0,0,0
13461513,2204,0,2,0,0,0,0,0,0,0,0,0
13465158,2205,0,2,0,0,0,0,0,0,0,0,0
13468801,2206,0,2,0,0,0,0,0,0,0,0,0
13472445,2207,0,2,0,0,0,0,0,0,0,0,0
13476089,2208,0,2,0,0,0,0,0,0,0,0,0
13479733,2209,0,2,0,0,0,0,0,0,0,0,0
13483377,2210,0,2,0,0,0,0,0,0,0,0,0
13487022,2211,0,2,0,0,0,0,0,0,0,0,0
13490665,2212,0,2,0,0,0,0,0,0,0,0,0
13494310,2213,0,2,0,0,0,0,0,0,0,0,0
13497953,2214,0,2,0,0,0,0,0,0,0,0,0
13501597,2215,0,2,0,0,0,0,0,0,0,0,0
13505241,2216,0,2,0,0,0,0,0,0,0,0,0
13508885,2217,0,2,0,0,0,0,0,0,0,0,0
13512529,2218,0,2,0,0,0,0,0,0,0,0,0
13516173,2219,0,2,0,0,0,0,0,0,0,0,0
13519817,2220,0,2,0,0,0,0,0,0,0,0,0
13523462,2221,0,2,0,0,0,0,0,0,0,0,0
13527106,2222,0,2,0,0,0,0,0,0,0,0,0
13530749,2223,0,2,0,0,0,0,0,0,0,0,0
13534393,2224,0,2,0,0,0,0,0,0,0,0,0
13538037,2225,0,2,0,0,0,0,0,0,0,0,0
13541681,2226,0,2,0,0,0,0,0,0,0,0,0
13545326,2227,0,2,0,0,0,0,0,0,0,0,0
13548969,2228,0,2,0,0,0,0,0,0,0,0,0
13552613,2229,0,2,0,0,0,0,0,0,0,0,0
13556257,2230,0,2,0,0,0,0,0,0,0,0,0
13559902,2231,0,2,0,0,0,0,0,0,0,0,0
13563545,2232,0,2,0,0,0,0,0,0,0,0,0
13567190,2233,0,2,0,0,0,0,0,0,0,0,0
13570833,2234,0,2,0,0,0,0,0,0,0,0,0
13574478,2235,0,2,0,0,0,0,0,0,0,0,0
13578121,2236,0,2,0,0,0,0,0,0,0,0,0
13581765,2237,0,2,0,0,0,0,0,0,0,0,0
13585409,2238,0,2,0,0,0,0,0,0,0,0,0
13589053,2239,0,2,0,0,0,0,0,0,0,0,0
13592697,2240,0,2,0,0,0,0,0,0,0,0,0
13596342,2241,0,2,0,0,0,0,0,0,0,0,0
13599985,2242,0,2,0,0,0,0,0,0,0,0,0
13603629,2243,0,2,0,0,0,0,0,0,0,0,0
13607273,2244,0,2,0,0,0,0,0,0,0,0,0
13610917,2245,0,2,0,0,0,0,0,0,0,0,0
13614561,2246,0,2,0,0,0,0,0,0,0,0,0
13618205,2247,0,2,0,0,0,0,0,0,0,0,0
13621849,2248,0,2,0,0,0,0,0,0,0,0,0
13625493,2249,0,2,0,0,0,0,0,0,0,0,0
13629137,2250,0,2,0,0,0,0,0,0,0,0,0
13632782,2251,0,2,0,0,0,0,0,0,0,0,0
13636425,2252,0,2,0,0,0,0,0,0,0,0,0
13640070,2253,0,2,0,0,0,0,0,0,0,0,0
13643713,2254,0,2,0,0,0,0,0,0,0,0,0
13647357,2255,0,2,0,0,0,0,0,0,0,0,0
13651001,2256,0,2,0,0,0,0,0,0,0,0,0
13654645,2257,0,2,0,0,0,0,0,0,0,0,0
13658290,2258,0,2,0,0,0,0,0,0,0,0,0
13661933,2259,0,2,0,0,0,0,0,0,0,0,0
13665577,2260,0,2,0,0,0,0,0,0,0,0,0
13669221,2261,0,2,0,0,0,0,0,0,0,0,0
13672865,2262,0,2,0,0,0,0,0,0,0,0,0
13676509,2263,0,2,0,0,0,0,0,0,0,0,0
13680153,2264,0,2,0,0,0,0,0,0,0,0,0
13683797,2265,0,2,0,0,0,0,0,0,0,0,0
13687441,2266,0,2,0,0,0,0,0,0,0,0,0
13691086,2267,0,2,0,0,0,0,0,0,0,0,0
13694729,2268,0,2,0,0,0,0,0,0,0,0,0
13698374,2269,0,2,0,0,0,0,0,0,0,0,0
13702017,2270,0,2,0,0,0,0,0,0,0,0,0
13714760,2271,0,2,0,0,0,0,0,0,0,0,0
13718391,2272,0,2,0,0,0,0,0,0,0,0,0
13722036,2273,0,2,0,0,0,0,0,0,0,0,0
13725679,2274,0,2,0,0,0,0,0,0,0,0,0
13729324,2275,0,2,0,0,0,0,0,0,0,0,0
13732967,2276,0,2,0,0,0,0,0,0,0,0,0
13736611,2277,0,2,0,0,0,0,0,0,0,0,0
13740255,2278,0,2,0,0,0,0,0,0,0,0,0
13743899,2279,0,2,0,0,0,0,0,0,0,0,0
13747543,2280,0,2,0,0,0,0,0,0,0,0,0
13751188,2281,0,2,0,0,0,0,0,0,0,0,0
13754831,2282,0,2,0,0,0,0,0,0,0,0,0
13758475,2283,0,2,0,0,0,0,0,0,0,0,0
13762120,2284,0,2,0,0,0,0,0,0,0,0,0
13765763,2285,0,2,0,0,0,0,0,0,0,0,0
13769408,2286,0,2,0,0,0,0,0,0,0,0,0
13773052,2287,0,2,0,0,0,0,0,0,0,0,0
13776695,2288,0,2,0,0,0,0,0,0,0,0,0
13780339,2289,0,2,0,0,0,0,0,0,0,0,0
13783983,2290,0,2,0,0,0,0,0,0,0,0,0
13787628,2291,0,2,0,0,0,0,0,0,0,0,0
13791272,2292,0,2,0,0,0,0,0,0,0,0,0
13794915,2293,0,2,0,0,0,0,0,0,0,0,0
13798559,2294,0,2,0,0,0,0,0,0,0,0,0
13802204,2295,0,2,0,0,0,0,0,0,0,0,0
13805847,2296,0,2,0,0,0,0,0,0,0,0,0
13809491,2297,0,2,0,0,0,0,0,0,0,0,0
13813136,2298,0,2,0,0,0,0,0,0,0,0,0
13816779,2299,0,2,0,0,0,0,0,0,0,0,0
13820424,2300,0,2,0,0,0,0,0,0,0,0,0
13824067,2301,0,2,0,0,0,0,0,0,0,0,0
13827711,2302,0,2,0,0,0,0,0,0,0,0,0
13831355,2303,0,2,0,0,0,0,0,0,0,0,0
13834999,2304,0,2,0,0,0,0,0,0,0,0,0
13838643,2305,0,2,0,0,0,0,0,0,0,0,0
13842288,2306,0,2,0,0,0,0,0,0,0,0,0
13845931,2307,0,2,0,0,0,0,0,0,0,0,0
13849575,2308,0,2,0,0,0,0,0,0,0,0,0
13853220,2309,0,2,0,0,0,0,0,0,0,0,0
13856863,2310,0,2,0,0,0,0,0,0,0,0,0
13860507,2311,0,2,0,0,0,0,0,0,0,0,0
13864152,2312,0,2,0,0,0,0,0,0,0,0,0
13867795,2313,0,2,0,0,0,0,0,0,0,0,0
13871439,2314,0,2,0,0,0,0,0,0,0,0,0
13875084,2315,0,2,0,0,0,0,0,0,0,0,0
13878727,2316,0,2,0,0,0,0,0,0,0,0,0
13882372,2317,0,2,0,0,0,0,0,0,0,0,0
13886015,2318,0,2,0,0,0,0,0,0,0,0,0
13889659,2319,0,2,0,0,0,0,0,0,0,0,0
13893304,2320,0,2,0,0,0,0,0,0,0,0,0
13896947,2321,0,2,0,0,0,0,0,0,0,0,0
13900591,2322,0,2,0,0,0,0,0,0,0,0,0
13904235,2323,0,2,0,0,0,0,0,0,0,0,0
13907879,2324,0,2,0,0,0,0,0,0,0,0,0
13911523,2325,0,2,0,0,0,0,0,0,0,0,0
13915167,2326,0,2,0,0,0,0,0,0,0,0,0
13918811,2327,0,2,0,0,0,0,0,0,0,0,0
13922455,2328,0,2,0,0,0,0,0,0,0,0,0
13926100,2329,0,2,0,0,0,0,0,0,0,0,0
13929743,2330,0,2,0,0,0,0,0,0,0,0,0
13933387,2331,0,2,0,0,0,0,0,0,0,0,0
13937031,2332,0,2,0,0,0,0,0,0,0,0,0
13940675,2333,0,2,0,0,0,0,0,0,0,0,0
13944319,2334,0,2,0,0,0,0,0,0,0,0,0
13947963,2335,0,2,0,0,0,0,0,0,0,0,0
13951607,2336,0,2,0,0,0,0,0,0,0,0,0
13955251,2337,0,2,0,0,0,0,0,0,0,0,0
13958895,2338,0,2,0,0,0,0,0,0,0,0,0
13962539,2339,0,2,0,0,0,0,0,0,0,0,0
13966183,2340,0,2,0,0,0,0,0,0,0,0,0
13969827,2341,0,2,0,0,0,0,0,0,0,0,0
13973471,2342,0,2,0,0,0,0,0,0,0,0,0
13977116,2343,0,2,0,0,0,0,0,0,0,0,0
13980759,2344,0,2,0,0,0,0,0,0,0,0,0
13984403,2345,0,2,0,0,0,0,0,0,0,0,0
13988048,2346,0,2,0,0,0,0,0,0,0,0,0
13991691,2347,0,2,0,0,0,0,0,0,0,0,0
13995335,2348,0,2,0,0,0,0,0,0,0,0,0
13998979,2349,0,2,0,0,0,0,0,0,0,0,0
14002623,2350,0,2,0,0,0,0,0,0,0,0,0
14006267,2351,0,2,0,0,0,0,0,0,0,0,0
14009911,2352,0,2,0,0,0,0,0,0,0,0,0
14013555,2353,0,2,0,0,0,0,0,0,0,0,0
14017199,2354,0,2,0,0,0,0,0,0,0,0,0
14020843,2355,0,2,0,0,0,0,0,0,0,0,0
14024487,2356,0,2,0,0,0,0,0,0,0,0,0
14028132,2357,0,2,0,0,0,0,0,0,0,0,0
14031775,2358,0,2,0,0,0,0,0,0,0,0,0
14035419,2359,0,2,0,0,0,0,0,0,0,0,0
14039064,2360,0,2,0,0,0,0,0,0,0,0,0
14042708,2361,0,2,0,0,0,0,0,0,0,0,0
14046351,2362,0,2,0,0,0,0,0,0,0,0,0
14049995,2363,0,2,0,0,0,0,0,0,0,0,0
14053639,2364,0,2,0,0,0,0,0,0,0,0,0
14057283,2365,0,2,0,0,0,0,0,0,0,0,0
14060927,2366,0,2,0,0,0,0,0,0,0,0,0
14064571,2367,0,2,0,0,0,0,0,0,0,0,0
14068216,2368,0,2,0,0,0,0,0,0,0,0,0
14071859,2369,0,2,0,0,0,0,0,0,0,0,0
14075503,2370,0,2,0,0,0,0,0,0,0,0,0
14079148,2371,0,2,0,0,0,0,0,0,0,0,0
14082791,2372,0,2,0,0,0,0,0,0,0,0,0
14086435,2373,0,2,0,0,0,0,0,0,0,0,0
14090080,2374,0,2,0,0,0,0,0,0,0,0,0
14093723,2375,0,2,0,0,0,0,0,0,0,0,0
14097367,2376,0,2,0,0,0,0,0,0,0,0,0
14101011,2377,0,2,0,0,0,0,0,0,0,0,0
14104655,2378,0,2,0,0,0,0,0,0,0,0,0
14108299,2379,0,2,0,0,0,0,0,0,0,0,0
14111943,2380,0,2,0,0,0,0,0,0,0,0,0
14115588,2381,0,2,0,0,0,0,0,0,0,0,0
14119232,2382,0,2,0,0,0,0,0,0,0,0,0
14122875,2383,0,2,0,0,0,0,0,0,0,0,0
14126519,2384,0,2,0,0,0,0,0,0,0,0,0
14130163,2385,0,2,0,0,0,0,0,0,0,0,0
14133807,2386,0,2,0,0,0,0,0,0,0,0,0
14137451,2387,0,2,0,0,0,0,0,0,0,0,0
14141096,2388,0,2,0,0,0,0,0,0,0,0,0
14144739,2389,0,2,0,0,0,0,0,0,0,0,0
14148383,2390,0,2,0,0,0,0,0,0,0,0,0
14152028,2391,0,2,0,0,0,0,0,0,0,0,0
14155671,2392,0,2,0,0,0,0,0,0,0,0,0
14159316,2393,0,2,0,0,0,0,0,0,0,0,0
14162959,2394,0,2,0,0,0,0,0,0,0,0,0
14166603,2395,0,2,0,0,0,0,0,0,0,0,0
14170247,2396,0,2,0,0,0,0,0,0,0,0,0
14173891,2397,0,2,0,0,0,0,0,0,0,0,0
14177535,2398,0,2,0,0,0,0,0,0,0,0,0
14181180,2399,0,2,0,0,0,0,0,0,0,0,0
14184823,2400,0,2,0,0,0,0,0,0,0,0,0
14188468,2401,0,2,0,0,0,0,0,0,0,0,0
14192111,2402,0,2,0,0,0,0,0,0,0,0,0
14195755,2403,0,2,0,0,0,0,0,0,0,0,0
14199399,2404,0,2,0,0,0,0,0,0,0,0,0
14203044,2405,0,2,0,0,0,0,0,0,0,0,0
14206687,2406,0,2,0,0,0,0,0,0,0,0,0
14210332,2407,0,2,0,0,0,0,0,0,0,0,0
14213975,2408,0,2,0,0,0,0,0,0,0,0,0
14217619,2409,0,2,0,0,0,0,0,0,0,0,0
14221263,2410,0,2,0,0,0,0,0,0,0,0,0
14224907,2411,0,2,0,0,0,0,0,0,0,0,0
14228551,2412,0,2,0,0,0,0,0,0,0,0,0
14232196,2413,0,2,0,0,0,0,0,0,0,0,0
14235839,2414,0,2,0,0,0,0,0,0,0,0,0
14239484,2415,0,2,0,0,0,0,0,0,0,0,0
14243128,2416,0,2,0,0,0,0,0,0,0,0,0
14246771,2417,0,2,0,0,0,0,0,0,0,0,0
14250415,2418,0,2,0,0,0,0,0,0,0,0,0
14254060,2419,0,2,0,0,0,0,0,0,0,0,0
14257703,2420,0,2,0,0,0,0,0,0,0,0,0
14261347,2421,0,2,0,0,0,0,0,0,0,0,0
14264991,2422,0,2,0,0,0,0,0,0,0,0,0
14268635,2423,0,2,0,0,0,0,0,0,0,0,0
14272279,2424,0,2,0,0,0,0,0,0,0,0,0
14275923,2425,0,2,0,0,0,0,0,0,0,0,0
14279567,2426,0,2,0,0,0,0,0,0,0,0,0
14283211,2427,0,2,0,0,0,0,0,0,0,0,0
14286855,2428,0,2,0,0,0,0,0,0,0,0,0
14290499,2429,0,2,0,0,0,0,0,0,0,0,0
14294144,2430,0,2,0,0,0,0,0,0,0,0,0
14297787,2431,0,2,0,0,0,0,0,0,0,0,0
14301431,2432,0,2,0,0,0,0,0,0,0,0,0
14305075,2433,0,2,0,0,0,0,0,0,0,0,0
14308719,2434,0,2,0,0,0,0,0,0,0,0,0
14312364,2435,0,2,0,0,0,0,0,0,0,0,0
14316007,2436,0,2,0,0,0,0,0,0,0,0,0
14319651,2437,0,2,0,0,0,0,0,0,0,0,0
14323296,2438,0,2,0,0,0,0,0,0,0,0,0
14326939,2439,0,2,0,0,0,0,0,0,0,0,0
14330583,2440,0,2,0,0,0,0,0,0,0,0,0
14334227,2441,0,2,0,0,0,0,0,0,0,0,0
14337871,2442,0,2,0,0,0,0,0,0,0,0,0
14341515,2443,0,2,0,0,0,0,0,0,0,0,0
14345160,2444,0,2,0,0,0,0,0,0,0,0,0
14348803,2445,0,2,0,0,0,0,0,0,0,0,0
14352448,2446,0,2,0,0,0,0,0,0,0,0,0
14356091,2447,0,2,0,0,0,0,0,0,0,0,0
14359735,2448,0,2,0,0,0,0,0,0,0,0,0
14363380,2449,0,2,0,0,0,0,0,0,0,0,0
14367023,2450,0,2,0,0,0,0,0,0,0,0,0
14370667,2451,0,2,0,0,0,0,0,0,0,0,0
14374311,2452,0,2,0,0,0,0,0,0,0,0,0
14377955,2453,0,2,0,0,0,0,0,0,0,0,0
14381599,2454,0,2,0,0,0,0,0,0,0,0,0
14385244,2455,0,2,0,0,0,0,0,0,0,0,0
14388887,2456,0,2,0,0,0,0,0,0,0,0,0
14392531,2457,0,2,0,0,0,0,0,0,0,0,0
14396175,2458,0,2,0,0,0,0,0,0,0,0,0
14399819,2459,0,2,0,0,0,0,0,0,0,0,0
14403463,2460,0,2,0,0,0,0,0,0,0,0,0
14407107,2461,0,2,0,0,0,0,0,0,0,0,0
14410751,2462,0,2,0,0,0,0,0,0,0,0,0
14414395,2463,0,2,0,0,0,0,0,0,0,0,0
14418039,2464,0,2,0,0,0,0,0,0,0,0,0
14421683,2465,0,2,0,0,0,0,0,0,0,0,0
14425327,2466,0,2,0,0,0,0,0,0,0,0,0
14428971,2467,0,2,0,0,0,0,0,0,0,0,0
14432615,2468,0,2,0,0,0,0,0,0,0,0,0
14436259,2469,0,2,0,0,0,0,0,0,0,0,0
14439903,2470,0,2,0,0,0,0,0,0,0,0,0
14443548,2471,0,2,0,0,0,0,0,0,0,0,0
14447191,2472,0,2,0,0,0,0,0,0,0,0,0
14450835,2473,0,2,0,0,0,0,0,0,0,0,0
14454479,2474,0,2,0,0,0,0,0,0,0,0,0
14458124,2475,0,2,0,0,0,0,0,0,0,0,0
14461767,2476,0,2,0,0,0,0,0,0,0,0,0
14465411,2477,0,2,0,0,0,0,0,0,0,0,0
14469055,2478,0,2,0,0,0,0,0,0,0,0,0
14472699,2479,0,2,0,0,0,0,0,0,0,0,0
14476343,2480,0,2,0,0,0,0,0,0,0,0,0
14479987,2481,0,2,0,0,0,0,0,0,0,0,0
14483631,2482,0,2,0,0,0,0,0,0,0,0,0
14487275,2483,0,2,0,0,0,0,0,0,0,0,0
14490919,2484,0,2,0,0,0,0,0,0,0,0,0
14494563,2485,0,2,0,0,0,0,0,0,0,0,0
14498207,2486,0,2,0,0,0,0,0,0,0,0,0
14501851,2487,0,2,0,0,0,0,0,0,0,0,0
14505495,2488,0,2,0,0,0,0,0,0,0,0,0
14509140,2489,0,2,0,0,0,0,0,0,0,0,0
14512783,2490,0,2,0,0,0,0,0,0,0,0,0
14516428,2491,0,2,0,0,0,0,0,0,0,0,0
14520071,2492,0,2,0,0,0,0,0,0,0,0,0
14523715,2493,0,2,0,0,0,0,0,0,0,0,0
14527359,2494,0,2,0,0,0,0,0,0,0,0,0
14531004,2495,0,2,0,0,0,0,0,0,0,0,0
14534647,2496,0,2,0,0,0,0,0,0,0,0,0
14538292,2497,0,2,0,0,0,0,0,0,0,0,0
14550229,2498,0,2,0,0,0,0,0,0,0,0,0
14553861,2499,0,2,0,0,0,0,0,0,0,0,0
14557505,2500,0,2,0,0,0,0,0,0,0,0,0
14561149,2501,0,2,0,0,0,0,0,0,0,0,0
14564793,2502,0,2,0,0,0,0,0,0,0,0,0
14568437,2503,0,2,0,0,0,0,0,0,0,0,0
14572082,2504,0,2,0,0,0,0,0,0,0,0,0
14575725,2505,0,2,0,0,0,0,0,0,0,0,0
14579369,2506,0,2,0,0,0,0,0,0,0,0,0
14583013,2507,0,2,0,0,0,0,0,0,0,0,0
14586657,2508,0,2,0,0,0,0,0,0,0,0,0
14590302,2509,0,2,0,0,0,0,0,0,0,0,0
14593945,2510,0,2,0,0,0,0,0,0,0,0,0
14597590,2511,0,2,0,0,0,0,0,0,0,0,0
14601234,2512,0,2,0,0,0,0,0,0,0,0,0
14604877,2513,0,2,0,0,0,0,0,0,0,0,0
14608521,2514,0,2,0,0,0,0,0,0,0,0,0
14612165,2515,0,2,0,0,0,0,0,0,0,0,0
14615809,2516,0,2,0,0,0,0,0,0,0,0,0
14619454,2517,0,2,0,0,0,0,0,0,0,0,0
14623097,2518,0,2,0,0,0,0,0,0,0,0,0
14626741,2519,0,2,0,0,0,0,0,0,0,0,0
14630385,2520,0,2,0,0,0,0,0,0,0,0,0
14634030,2521,0,2,0,0,0,0,0,0,0,0,0
14637673,2522,0,2,0,0,0,0,0,0,0,0,0
14641318,2523,0,2,0,0,0,0,0,0,0,0,0
14644961,2524,0,2,0,0,0,0,0,0,0,0,0
14648605,2525,0,2,0,0,0,0,0,0,0,0,0
14652250,2526,0,2,0,0,0,0,0,0,0,0,0
14655893,2527,0,2,0,0,0,0,0,0,0,0,0
14659537,2528,0,2,0,0,0,0,0,0,0,0,0
14663181,2529,0,2,0,0,0,0,0,0,0,0,0
14666825,2530,0,2,0,0,0,0,0,0,0,0,0
14670469,2531,0,2,0,0,0,0,0,0,0,0,0
14674113,2532,0,2,0,0,0,0,0,0,0,0,0
14677757,2533,0,2,0,0,0,0,0,0,0,0,0
14681402,2534,0,2,0,0,0,0,0,0,0,0,0
14685045,2535,0,2,0,0,0,0,0,0,0,0,0
14688689,2536,0,2,0,0,0,0,0,0,0,0,0
14692334,2537,0,2,0,0,0,0,0,0,0,0,0
14695977,2538,0,2,0,0,0,0,0,0,0,0,0
14699621,2539,0,2,0,0,0,0,0,0,0,0,0
14703265,2540,0,2,0,0,0,0,0,0,0,0,0
14706910,2541,0,2,0,0,0,0,0,0,0,0,0
14710553,2542,0,2,0,0,0,0,0,0,0,0,0
14714198,2543,0,2,0,0,0,0,0,0,0,0,0
14717841,2544,0,2,0,0,0,0,0,0,0,0,0
14721485,2545,0,2,0,0,0,0,0,0,0,0,0
14725130,2546,0,2,0,0,0,0,0,0,0,0,0
14728773,2547,0,2,0,0,0,0,0,0,0,0,0
14732417,2548,0,2,0,0,0,0,0,0,0,0,0
14736061,2549,0,2,0,0,0,0,0,0,0,0,0
14739705,2550,0,2,0,0,0,0,0,0,0,0,0
14743350,2551,0,2,0,0,0,0,0,0,0,0,0
14746993,2552,0,2,0,0,0,0,0,0,0,0,0
14750637,2553,0,2,0,0,0,0,0,0,0,0,0
14754282,2554,0,2,0,0,0,0,0,0,0,0,0
14757925,2555,0,2,0,0,0,0,0,0,0,0,0
14761569,2556,0,2,0,0,0,0,0,0,0,0,0
14765213,2557,0,2,0,0,0,0,0,0,0,0,0
14768857,2558,0,2,0,0,0,0,0,0,0,0,0
14772501,2559,0,2,0,0,0,0,0,0,0,0,0
14776146,2560,0,2,0,0,0,0,0,0,0,0,0
14779790,2561,0,2,0,0,0,0,0,0,0,0,0
14783433,2562,0,2,0,0,0,0,0,0,0,0,0
14787078,2563,0,2,0,0,0,0,0,0,0,0,0
14790721,2564,0,2,0,0,0,0,0,0,0,0,0
14794365,2565,0,2,0,0,0,0,0,0,0,0,0
14798009,2566,0,2,0,0,0,0,0,0,0,0,0
14801653,2567,0,2,0,0,0,0,0,0,0,0,0
14805298,2568,0,2,0,0,0,0,0,0,0,0,0
14808941,2569,0,2,0,0,0,0,0,0,0,0,0
14812585,2570,0,2,0,0,0,0,0,0,0,0,0
14816230,2571,0,2,0,0,0,0,0,0,0,0,0
14819873,2572,0,2,0,0,0,0,0,0,0,0,0
14823517,2573,0,2,0,0,0,0,0,0,0,0,0
14827161,2574,0,2,0,0,0,0,0,0,0,0,0
14830805,2575,0,2,0,0,0,0,0,0,0,0,0
14834449,2576,0,2,0,0,0,0,0,0,0,0,0
14838093,2577,0,2,0,0,0,0,0,0,0,0,0
14841737,2578,0,2,0,0,0,0,0,0,0,0,0
14845381,2579,0,2,0,0,0,0,0,0,0,0,0
14849026,2580,0,2,0,0,0,0,0,0,0,0,0
14852670,2581,0,2,0,0,0,0,0,0,0,0,0
14856313,2582,0,2,0,0,0,0,0,0,0,0,0
14859957,2583,0,2,0,0,0,0,0,0,0,0,0
14863601,2584,0,2,0,0,0,0,0,0,0,0,0
14867246,2585,0,2,0,0,0,0,0,0,0,0,0
14870889,2586,0,2,0,0,0,0,0,0,0,0,0
14874533,2587,0,2,0,0,0,0,0,0,0,0,0
14878177,2588,0,2,0,0,0,0,0,0,0,0,0
14881821,2589,0,2,0,0,0,0,0,0,0,0,0
14885465,2590,0,2,0,0,0,0,0,0,0,0,0
14889110,2591,0,2,0,0,0,0,0,0,0,0,0
14892753,2592,0,2,0,0,0,0,0,0,0,0,0
14896397,2593,0,2,0,0,0,0,0,0,0,0,0
14900041,2594,0,2,0,0,0,0,0,0,0,0,0
14903685,2595,0,2,0,0,0,0,0,0,0,0,0
14907329,2596,0,2,0,0,0,0,0,0,0,0,0
14910973,2597,0,2,0,0,0,0,0,0,0,0,0
14914617,2598,0,2,0,0,0,0,0,0,0,0,0
14918261,2599,0,2,0,0,0,0,0,0,0,0,0
14921905,2600,0,2,0,0,0,0,0,0,0,0,0
14925550,2601,0,2,0,0,0,0,0,0,0,0,0
14929193,2602,0,2,0,0,0,0,0,0,0,0,0
14932837,2603,0,2,0,0,0,0,0,0,0,0,0
14936481,2604,0,2,0,0,0,0,0,0,0,0,0
14940126,2605,0,2,0,0,0,0,0,0,0,0,0
14943769,2606,0,2,0,0,0,0,0,0,0,0,0
14947414,2607,0,2,0,0,0,0,0,0,0,0,0
14951058,2608,0,2,0,0,0,0,0,0,0,0,0
14954701,2609,0,2,0,0,0,0,0,0,0,0,0
14958345,2610,0,2,0,0,0,0,0,0,0,0,0
14961990,2611,0,2,0,0,0,0,0,0,0,0,0
14965633,2612,0,2,0,0,0,0,0,0,0,0,0
14969278,2613,0,2,0,0,0,0,0,0,0,0,0
14972921,2614,0,2,0,0,0,0,0,0,0,0,0
14976565,2615,0,2,0,0,0,0,0,0,0,0,0
14980209,2616,0,2,0,0,0,0,0,0,0,0,0
14983853,2617,0,2,0,0,0,0,0,0,0,0,0
14987497,2618,0,2,0,0,0,0,0,0,0,0,0
14991141,2619,0,2,0,0,0,0,0,0,0,0,0
14994785,2620,0,2,0,0,0,0,0,0,0,0,0
14998430,2621,0,2,0,0,0,0,0,0,0,0,0
15002074,2622,0,2,0,0,0,0,0,0,0,0,0
15005717,2623,0,2,0,0,0,0,0,0,0,0,0
15009361,2624,0,2,0,0,0,0,0,0,0,0,0
15013006,2625,0,2,0,0,0,0,0,0,0,0,0
15016649,2626,0,2,0,0,0,0,0,0,0,0,0
15020293,2627,0,2,0,0,0,0,0,0,0,0,0
15023937,2628,0,2,0,0,0,0,0,0,0,0,0
15027581,2629,0,2,0,0,0,0,0,0,0,0,0
15031226,2630,0,2,0,0,0,0,0,0,0,0,0
15034870,2631,0,2,0,0,0,0,0,0,0,0,0
15038513,2632,0,2,0,0,0,0,0,0,0,0,0
15042158,2633,0,2,0,0,0,0,0,0,0,0,0
15045801,2634,0,2,0,0,0,0,0,0,0,0,0
15049445,2635,0,2,0,0,0,0,0,0,0,0,0
15053089,2636,0,2,0,0,0,0,0,0,0,0,0
15056733,2637,0,2,0,0,0,0,0,0,0,0,0
15060377,2638,0,2,0,0,0,0,0,0,0,0,0
15064022,2639,0,2,0,0,0,0,0,0,0,0,0
15067665,2640,0,2,0,0,0,0,0,0,0,0,0
15071310,2641,0,2,0,0,0,0,0,0,0,0,0
15074953,2642,0,2,0,0,0,0,0,0,0,0,0
15078597,2643,0,2,0,0,0,0,0,0,0,0,0
15082241,2644,0,2,0,0,0,0,0,0,0,0,0
15085885,2645,0,2,0,0,0,0,0,0,0,0,0
15089529,2646,0,2,0,0,0,0,0,0,0,0,0
15093173,2647,0,2,0,0,0,0,0,0,0,0,0
15096817,2648,0,2,0,0,0,0,0,0,0,0,0
15100461,2649,0,2,0,0,0,0,0,0,0,0,0
15104106,2650,0,2,0,0,0,0,0,0,0,0,0
15107750,2651,0,2,0,0,0,0,0,0,0,0,0
15111393,2652,0,2,0,0,0,0,0,0,0,0,0
15115038,2653,0,2,0,0,0,0,0,0,0,0,0
15118681,2654,0,2,0,0,0,0,0,0,0,0,0
15122326,2655,0,2,0,0,0,0,0,0,0,0,0
15125969,2656,0,2,0,0,0,0,0,0,0,0,0
15129613,2657,0,2,0,0,0,0,0,0,0,0,0
15133257,2658,0,2,0,0,0,0,0,0,0,0,0
15136901,2659,0,2,0,0,0,0,0,0,0,0,0
15140545,2660,0,2,0,0,0,0,0,0,0,0,0
15144190,2661,0,2,0,0,0,0,0,0,0,0,0
15147833,2662,0,2,0,0,0,0,0,0,0,0,0
15151477,2663,0,2,0,0,0,0,0,0,0,0,0
15155122,2664,0,2,0,0,0,0,0,0,0,0,0
15158765,2665,0,2,0,0,0,0,0,0,0,0,0
15162409,2666,0,2,0,0,0,0,0,0,0,0,0
15166053,2667,0,2,0,0,0,0,0,0,0,0,0
15169697,2668,0,2,0,0,0,0,0,0,0,0,0
15173342,2669,0,2,0,0,0,0,0,0,0,0,0
15176985,2670,0,2,0,0,0,0,0,0,0,0,0
15180630,2671,0,2,0,0,0,0,0,0,0,0,0
15184274,2672,0,2,0,0,0,0,0,0,0,0,0
15187917,2673,0,2,0,0,0,0,0,0,0,0,0
15191561,2674,0,2,0,0,0,0,0,0,0,0,0
15195205,2675,0,2,0,0,0,0,0,0,0,0,0
15198849,2676,0,2,0,0,0,0,0,0,0,0,0
15202493,2677,0,2,0,0,0,0,0,0,0,0,0
15206137,2678,0,2,0,0,0,0,0,0,0,0,0
15209781,2679,0,2,0,0,0,0,0,0,0,0,0
15213425,2680,0,2,0,0,0,0,0,0,0,0,0
15217070,2681,0,2,0,0,0,0,0,0,0,0,0
15220713,2682,0,2,0,0,0,0,0,0,0,0,0
15224357,2683,0,2,0,0,0,0,0,0,0,0,0
15228001,2684,0,2,0,0,0,0,0,0,0,0,0
15231645,2685,0,2,0,0,0,0,0,0,0,0,0
15235289,2686,0,2,0,0,0,0,0,0,0,0,0
15238933,2687,0,2,0,0,0,0,0,0,0,0,0
15242577,2688,0,2,0,0,0,0,0,0,0,0,0
15246221,2689,0,2,0,0,0,0,0,0,0,0,0
15249865,2690,0,2,0,0,0,0,0,0,0,0,0
15253510,2691,0,2,0,0,0,0,0,0,0,0,0
15257153,2692,0,2,0,0,0,0,0,0,0,0,0
15260797,2693,0,2,0,0,0,0,0,0,0,0,0
15264441,2694,0,2,0,0,0,0,0,0,0,0,0
15268086,2695,0,2,0,0,0,0,0,0,0,0,0
15271729,2696,0,2,0,0,0,0,0,0,0,0,0
15275374,2697,0,2,0,0,0,0,0,0,0,0,0
15279017,2698,0,2,0,0,0,0,0,0,0,0,0
15282661,2699,0,2,0,0,0,0,0,0,0,0,0
15286306,2700,0,2,0,0,0,0,0,0,0,0,0
15289950,2701,0,2,0,0,0,0,0,0,0,0,0
15293593,2702,0,2,0,0,0,0,0,0,0,0,0
15297237,2703,0,2,0,0,0,0,0,0,0,0,0
15300881,2704,0,2,0,0,0,0,0,0,0,0,0
15304525,2705,0,2,0,0,0,0,0,0,0,0,0
15308170,2706,0,2,0,0,0,0,0,0,0,0,0
15311813,2707,0,2,0,0,0,0,0,0,0,0,0
15315457,2708,0,2,0,0,0,0,0,0,0,0,0
15319101,2709,0,2,0,0,0,0,0,0,0,0,0
15322745,2710,0,2,0,0,0,0,0,0,0,0,0
15326390,2711,0,2,0,0,0,0,0,0,0,0,0
15330033,2712,0,2,0,0,0,0,0,0,0,0,0
15333677,2713,0,2,0,0,0,0,0,0,0,0,0
15337321,2714,0,2,0,0,0,0,0,0,0,0,0
15340965,2715,0,2,0,0,0,0,0,0,0,0,0
15344609,2716,0,2,0,0,0,0,0,0,0,0,0
15348253,2717,0,2,0,0,0,0,0,0,0,0,0
15351897,2718,0,2,0,0,0,0,0,0,0,0,0
15355541,2719,0,2,0,0,0,0,0,0,0,0,0
15359186,2720,0,2,0,0,0,0,0,0,0,0,0
15362830,2721,0,2,0,0,0,0,0,0,0,0,0
15366473,2722,0,2,0,0,0,0,0,0,0,0,0
15370117,2723,0,2,0,0,0,0,0,0,0,0,0
15373761,2724,0,2,0,0,0,0,0,0,0,0,0
15382136,2725,0,2,0,0,0,0,0,0,0,0,0
15385768,2726,0,2,0,0,0,0,0,0,0,0,0
15389412,2727,0,2,0,0,0,0,0,0,0,0,0
15393057,2728,0,2,0,0,0,0,0,0,0,0,0
15396700,2729,0,2,0,0,0,0,0,0,0,0,0
15400345,2730,0,2,0,0,0,0,0,0,0,0,0
15403989,2731,0,2,0,0,0,0,0,0,0,0,0
15407632,2732,0,2,0,0,0,0,0,0,0,0,0
15411276,2733,0,2,0,0,0,0,0,0,0,0,0
15414920,2734,0,2,0,0,0,0,0,0,0,0,0
15418564,2735,0,2,0,0,0,0,0,0,0,0,0
15422209,2736,0,2,0,0,0,0,0,0,0,0,0
15425852,2737,0,2,0,0,0,0,0,0,0,0,0
15429496,2738,0,2,0,0,0,0,0,0,0,0,0
15433140,2739,0,2,0,0,0,0,0,0,0,0,0
15436784,2740,0,2,0,0,0,0,0,0,0,0,0
15440429,2741,0,2,0,0,0,0,0,0,0,0,0
15444073,2742,0,2,0,0,0,0,0,0,0,0,0
15447716,2743,0,2,0,0,0,0,0,0,0,0,0
15451360,2744,0,2,0,0,0,0,0,0,0,0,0
15455004,2745,0,2,0,0,0,0,0,0,0,0,0
15458648,2746,0,2,0,0,0,0,0,0,0,0,0
15462293,2747,0,2,0,0,0,0,0,0,0,0,0
15465936,2748,0,2,0,0,0,0,0,0,0,0,0
15469580,2749,0,2,0,0,0,0,0,0,0,0,0
15473224,2750,0,2,0,0,0,0,0,0,0,0,0
15476869,2751,0,2,0,0,0,0,0,0,0,0,0
15480512,2752,0,2,0,0,0,0,0,0,0,0,0
15484156,2753,0,2,0,0,0,0,0,0,0,0,0
15487800,2754,0,2,0,0,0,0,0,0,0,0,0
15491445,2755,0,2,0,0,0,0,0,0,0,0,0
15495088,2756,0,2,0,0,0,0,0,0,0,0,0
15498732,2757,0,2,0,0,0,0,0,0,0,0,0
15502376,2758,0,2,0,0,0,0,0,0,0,0,0
15506020,2759,0,2,0,0,0,0,0,0,0,0,0
15509664,2760,0,2,0,0,0,0,0,0,0,0,0
15513309,2761,0,2,0,0,0,0,0,0,0,0,0
15516952,2762,0,2,0,0,0,0,0,0,0,0,0
15520596,2763,0,2,0,0,0,0,0,0,0,0,0
15524241,2764,0,2,0,0,0,0,0,0,0,0,0
15527884,2765,0,2,0,0,0,0,0,0,0,0,0
15531528,2766,0,2,0,0,0,0,0,0,0,0,0
15535172,2767,0,2,0,0,0,0,0,0,0,0,0
15538816,2768,0,2,0,0,0,0,0,0,0,0,0
15542460,2769,0,2,0,0,0,0,0,0,0,0,0
15546104,2770,0,2,0,0,0,0,0,0,0,0,0
15549749,2771,0,2,0,0,0,0,0,0,0,0,0
15553392,2772,0,2,0,0,0,0,0,0,0,0,0
15557036,2773,0,2,0,0,0,0,0,0,0,0,0
15560680,2774,0,2,0,0,0,0,0,0,0,0,0
15564325,2775,0,2,0,0,0,0,0,0,0,0,0
15567968,2776,0,2,0,0,0,0,0,0,0,0,0
15571612,2777,0,2,0,0,0,0,0,0,0,0,0
15575256,2778,0,2,0,0,0,0,0,0,0,0,0
15578900,2779,0,2,0,0,0,0,0,0,0,0,0
15582544,2780,0,2,0,0,0,0,0,0,0,0,0
15586188,2781,0,2,0,0,0,0,0,0,0,0,0
15589832,2782,0,2,0,0,0,0,0,0,0,0,0
15593476,2783,0,2,0,0,0,0,0,0,0,0,0
15597120,2784,0,2,0,0,0,0,0,0,0,0,0
15600764,2785,0,2,0,0,0,0,0,0,0,0,0
15604408,2786,0,2,0,0,0,0,0,0,0,0,0
15608053,2787,0,2,0,0,0,0,0,0,0,0,0
15611696,2788,0,2,0,0,0,0,0,0,0,0,0
15615341,2789,0,2,0,0,0,0,0,0,0,0,0
15618984,2790,0,2,0,0,0,0,0,0,0,0,0
15622629,2791,0,2,0,0,0,0,0,0,0,0,0
15626272,2792,0,2,0,0,0,0,0,0,0,0,0
15629916,2793,0,2,0,0,0,0,0,0,0,0,0
15633560,2794,0,2,0,0,0,0,0,0,0,0,0
15637205,2795,0,2,0,0,0,0,0,0,0,0,0
15640848,2796,0,2,0,0,0,0,0,0,0,0,0
15644492,2797,0,2,0,0,0,0,0,0,0,0,0
15648137,2798,0,2,0,0,0,0,0,0,0,0,0
15651780,2799,0,2,0,0,0,0,0,0,0,0,0
15655424,2800,0,2,0,0,0,0,0,0,0,0,0
15659069,2801,0,2,0,0,0,0,0,0,0,0,0
15662712,2802,0,2,0,0,0,0,0,0,0,0,0
15666356,2803,0,2,0,0,0,0,0,0,0,0,0
15670001,2804,0,2,0,0,0,0,0,0,0,0,0
15673644,2805,0,2,0,0,0,0,0,0,0,0,0
15677288,2806,0,2,0,0,0,0,0,0,0,0,0
15680932,2807,0,2,0,0,0,0,0,0,0,0,0
15684576,2808,0,2,0,0,0,0,0,0,0,0,0
15688220,2809,0,2,0,0,0,0,0,0,0,0,0
15691864,2810,0,2,0,0,0,0,0,0,0,0,0
15695508,2811,0,2,0,0,0,0,0,0,0,0,0
15699152,2812,0,2,0,0,0,0,0,0,0,0,0
15702796,2813,0,2,0,0,0,0,0,0,0,0,0
15706440,2814,0,2,0,0,0,0,0,0,0,0,0
15710084,2815,0,2,0,0,0,0,0,0,0,0,0
15713728,2816,0,2,0,0,0,0,0,0,0,0,0
15717373,2817,0,2,0,0,0,0,0,0,0,0,0
15721017,2818,0,2,0,0,0,0,0,0,0,0,0
15724660,2819,0,2,0,0,0,0,0,0,0,0,0
15728305,2820,0,2,0,0,0,0,0,0,0,0,0
15731949,2821,0,2,0,0,0,0,0,0,0,0,0
15735592,2822,0,2,0,0,0,0,0,0,0,0,0
15739237,2823,0,2,0,0,0,0,0,0,0,0,0
15742880,2824,0,2,0,0,0,0,0,0,0,0,0
15746524,2825,0,2,0,0,0,0,0,0,0,0,0
15750168,2826,0,2,0,0,0,0,0,0,0,0,0
15753812,2827,0,2,0,0,0,0,0,0,0,0,0
15757456,2828,0,2,0,0,0,0,0,0,0,0,0
15761100,2829,0,2,0,0,0,0,0,0,0,0,0
15764744,2830,0,2,0,0,0,0,0,0,0,0,0
15768388,2831,0,2,0,0,0,0,0,0,0,0,0
15772033,2832,0,2,0,0,0,0,0,0,0,0,0
15775676,2833,0,2,0,0,0,0,0,0,0,0,0
15779320,2834,0,2,0,0,0,0,0,0,0,0,0
15782964,2835,0,2,0,0,0,0,0,0,0,0,0
15786608,2836,0,2,0,0,0,0,0,0,0,0,0
15790252,2837,0,2,0,0,0,0,0,0,0,0,0
15793896,2838,0,2,0,0,0,0,0,0,0,0,0
15797540,2839,0,2,0,0,0,0,0,0,0,0,0
15801185,2840,0,2,0,0,0,0,0,0,0,0,0
15804829,2841,0,2,0,0,0,0,0,0,0,0,0
15808472,2842,0,2,0,0,0,0,0,0,0,0,0
15812116,2843,0,2,0,0,0,0,0,0,0,0,0
15815760,2844,0,2,0,0,0,0,0,0,0,0,0
15819404,2845,0,2,0,0,0,0,0,0,0,0,0
15823049,2846,0,2,0,0,0,0,0,0,0,0,0
15826692,2847,0,2,0,0,0,0,0,0,0,0,0
15830336,2848,0,2,0,0,0,0,0,0,0,0,0
15833980,2849,0,2,0,0,0,0,0,0,0,0,0
15837624,2850,0,2,0,0,0,0,0,0,0,0,0
15841268,2851,0,2,0,0,0,0,0,0,0,0,0
15844912,2852,0,2,0,0,0,0,0,0,0,0,0
15848556,2853,0,2,0,0,0,0,0,0,0,0,0
15852200,2854,0,2,0,0,0,0,0,0,0,0,0
15855844,2855,0,2,0,0,0,0,0,0,0,0,0
15859488,2856,0,2,0,0,0,0,0,0,0,0,0
15863132,2857,0,2,0,0,0,0,0,0,0,0,0
15866776,2858,0,2,0,0,0,0,0,0,0,0,0
15870421,2859,0,2,0,0,0,0,0,0,0,0,0
15874065,2860,0,2,0,0,0,0,0,0,0,0,0
15877709,2861,0,2,0,0,0,0,0,0,0,0,0
15881352,2862,0,2,0,0,0,0,0,0,0,0,0
15884996,2863,0,2,0,0,0,0,0,0,0,0,0
15888640,2864,0,2,0,0,0,0,0,0,0,0,0
15892284,2865,0,2,0,0,0,0,0,0,0,0,0
15895928,2866,0,2,0,0,0,0,0,0,0,0,0
15899572,2867,0,2,0,0,0,0,0,0,0,0,0
15903216,2868,0,2,0,0,0,0,0,0,0,0,0
15906860,2869,0,2,0,0,0,0,0,0,0,0,0
15910504,2870,0,2,0,0,0,0,0,0,0,0,0
15914149,2871,0,2,0,0,0,0,0,0,0,0,0
15917792,2872,0,2,0,0,0,0,0,0,0,0,0
15921436,2873,0,2,0,0,0,0,0,0,0,0,0
15925081,2874,0,2,0,0,0,0,0,0,0,0,0
15928724,2875,0,2,0,0,0,0,0,0,0,0,0
15932368,2876,0,2,0,0,0,0,0,0,0,0,0
15936012,2877,0,2,0,0,0,0,0,0,0,0,0
15939656,2878,0,2,0,0,0,0,0,0,0,0,0
15943301,2879,0,2,0,0,0,0,0,0,0,0,0
15946944,2880,0,2,0,0,0,0,0,0,0,0,0
15950589,2881,0,2,0,0,0,0,0,0,0,0,0
15954232,2882,0,2,0,0,0,0,0,0,0,0,0
15957876,2883,0,2,0,0,0,0,0,0,0,0,0
15961520,2884,0,2,0,0,0,0,0,0,0,0,0
15965164,2885,0,2,0,0,0,0,0,0,0,0,0
15968808,2886,0,2,0,0,0,0,0,0,0,0,0
15972452,2887,0,2,0,0,0,0,0,0,0,0,0
15976097,2888,0,2,0,0,0,0,0,0,0,0,0
15979740,2889,0,2,0,0,0,0,0,0,0,0,0
15983384,2890,0,2,0,0,0,0,0,0,0,0,0
15987029,2891,0,2,0,0,0,0,0,0,0,0,0
15990672,2892,0,2,0,0,0,0,0,0,0,0,0
15994317,2893,0,2,0,0,0,0,0,0,0,0,0
15997960,2894,0,2,0,0,0,0,0,0,0,0,0
16001604,2895,0,2,0,0,0,0,0,0,0,0,0
16005249,2896,0,2,0,0,0,0,0,0,0,0,0
16008892,2897,0,2,0,0,0,0,0,0,0,0,0
16012536,2898,0,2,0,0,0,0,0,0,0,0,0
16016180,2899,0,2,0,0,0,0,0,0,0,0,0
16019824,2900,0,2,0,0,0,0,0,0,0,0,0
16023469,2901,0,2,0,0,0,0,0,0,0,0,0
16027113,2902,0,2,0,0,0,0,0,0,0,0,0
16030756,2903,0,2,0,0,0,0,0,0,0,0,0
16034400,2904,0,2,0,0,0,0,0,0,0,0,0
16038045,2905,0,2,0,0,0,0,0,0,0,0,0
16041688,2906,0,2,0,0,0,0,0,0,0,0,0
16045333,2907,0,2,0,0,0,0,0,0,0,0,0
16048976,2908,0,2,0,0,0,0,0,0,0,0,0
16052620,2909,0,2,0,0,0,0,0,0,0,0,0
16056265,2910,0,2,0,0,0,0,0,0,0,0,0
16059909,2911,0,2,0,0,0,0,0,0,0,0,0
16063552,2912,0,2,0,0,0,0,0,0,0,0,0
16067196,2913,0,2,0,0,0,0,0,0,0,0,0
16070840,2914,0,2,0,0,0,0,0,0,0,0,0
16074484,2915,0,2,0,0,0,0,0,0,0,0,0
16078129,2916,0,2,0,0,0,0,0,0,0,0,0
16081772,2917,0,2,0,0,0,0,0,0,0,0,0
16085417,2918,0,2,0,0,0,0,0,0,0,0,0
16089061,2919,0,2,0,0,0,0,0,0,0,0,0
16092704,2920,0,2,0,0,0,0,0,0,0,0,0
16096349,2921,0,2,0,0,0,0,0,0,0,0,0
16099992,2922,0,2,0,0,0,0,0,0,0,0,0
16103636,2923,0,2,0,0,0,0,0,0,0,0,0
16107280,2924,0,2,0,0,0,0,0,0,0,0,0
16110924,2925,0,2,0,0,0,0,0,0,0,0,0
16114568,2926,0,2,0,0,0,0,0,0,0,0,0
16118212,2927,0,2,0,0,0,0,0,0,0,0,0
16121856,2928,0,2,0,0,0,0,0,0,0,0,0
16125500,2929,0,2,0,0,0,0,0,0,0,0,0
16129144,2930,0,2,0,0,0,0,0,0,0,0,0
16132789,2931,0,2,0,0,0,0,0,0,0,0,0
16136432,2932,0,2,0,0,0,0,0,0,0,0,0
16140077,2933,0,2,0,0,0,0,0,0,0,0,0
16143720,2934,0,2,0,0,0,0,0,0,0,0,0
16147364,2935,0,2,0,0,0,0,0,0,0,0,0
16151008,2936,0,2,0,0,0,0,0,0,0,0,0
16154652,2937,0,2,0,0,0,0,0,0,0,0,0
16158297,2938,0,2,0,0,0,0,0,0,0,0,0
16161940,2939,0,2,0,0,0,0,0,0,0,0,0
16165584,2940,0,2,0,0,0,0,0,0,0,0,0
16169229,2941,0,2,0,0,0,0,0,0,0,0,0
16172872,2942,0,2,0,0,0,0,0,0,0,0,0
16176516,2943,0,2,0,0,0,0,0,0,0,0,0
16180161,2944,0,2,0,0,0,0,0,0,0,0,0
16183804,2945,0,2,0,0,0,0,0,0,0,0,0
16187448,2946,0,2,0,0,0,0,0,0,0,0,0
16191093,2947,0,2,0,0,0,0,0,0,0,0,0
16194736,2948,0,2,0,0,0,0,0,0,0,0,0
16198381,2949,0,2,0,0,0,0,0,0,0,0,0
16202024,2950,0,2,0,0,0,0,0,0,0,0,0
