timestamp_us,seq,valid_mask,status_bits,solenoid_state,payload0_centi_psi,payload1_centi_psi,payload2_centi_psi,payload3_centi_psi,raw_adc0,raw_adc1,raw_adc2,raw_adc3
5280002,0,0,2,0,0,0,0,0,0,0,0,0
5287994,1,0,2,0,0,0,0,0,0,0,0,0
5291638,2,0,2,0,0,0,0,0,0,0,0,0
5295282,3,0,2,0,0,0,0,0,0,0,0,0
5298926,4,0,2,0,0,0,0,0,0,0,0,0
5302570,5,0,2,0,0,0,0,0,0,0,0,0
5306214,6,0,2,0,0,0,0,0,0,0,0,0
5309858,7,0,2,0,0,0,0,0,0,0,0,0
5313502,8,0,2,0,0,0,0,0,0,0,0,0
5317146,9,0,2,0,0,0,0,0,0,0,0,0
5320790,10,0,2,0,0,0,0,0,0,0,0,0
5324435,11,0,2,0,0,0,0,0,0,0,0,0
5328078,12,0,2,0,0,0,0,0,0,0,0,0
5331722,13,0,2,0,0,0,0,0,0,0,0,0
5335366,14,0,2,0,0,0,0,0,0,0,0,0
5339010,15,0,2,0,0,0,0,0,0,0,0,0
5342654,16,0,2,0,0,0,0,0,0,0,0,0
5346298,17,0,2,0,0,0,0,0,0,0,0,0
5349942,18,0,2,0,0,0,0,0,0,0,0,0
5353586,19,0,2,0,0,0,0,0,0,0,0,0
5357230,20,0,2,0,0,0,0,0,0,0,0,0
5360874,21,0,2,0,0,0,0,0,0,0,0,0
5364518,22,0,2,0,0,0,0,0,0,0,0,0
5368162,23,0,2,0,0,0,0,0,0,0,0,0
5371806,24,0,2,0,0,0,0,0,0,0,0,0
5375450,25,0,2,0,0,0,0,0,0,0,0,0
5379095,26,0,2,0,0,0,0,0,0,0,0,0
5382738,27,0,2,0,0,0,0,0,0,0,0,0
5386382,28,0,2,0,0,0,0,0,0,0,0,0
5390026,29,0,2,0,0,0,0,0,0,0,0,0
5393670,30,0,2,0,0,0,0,0,0,0,0,0
5397314,31,0,2,0,0,0,0,0,0,0,0,0
5400958,32,0,2,0,0,0,0,0,0,0,0,0
5404602,33,0,2,0,0,0,0,0,0,0,0,0
5408246,34,0,2,0,0,0,0,0,0,0,0,0
5411890,35,0,2,0,0,0,0,0,0,0,0,0
5415534,36,0,2,0,0,0,0,0,0,0,0,0
5419178,37,0,2,0,0,0,0,0,0,0,0,0
5422822,38,0,2,0,0,0,0,0,0,0,0,0
5426466,39,0,2,0,0,0,0,0,0,0,0,0
5430110,40,0,2,0,0,0,0,0,0,0,0,0
5433755,41,0,2,0,0,0,0,0,0,0,0,0
5437398,42,0,2,0,0,0,0,0,0,0,0,0
5441042,43,0,2,0,0,0,0,0,0,0,0,0
5444686,44,0,2,0,0,0,0,0,0,0,0,0
5448330,45,0,2,0,0,0,0,0,0,0,0,0
5451974,46,0,2,0,0,0,0,0,0,0,0,0
5455618,47,0,2,0,0,0,0,0,0,0,0,0
5459262,48,0,2,0,0,0,0,0,0,0,0,0
5462906,49,0,2,0,0,0,0,0,0,0,0,0
5466550,50,0,2,0,0,0,0,0,0,0,0,0
5470195,51,0,2,0,0,0,0,0,0,0,0,0
5473838,52,0,2,0,0,0,0,0,0,0,0,0
5477482,53,0,2,0,0,0,0,0,0,0,0,0
5481126,54,0,2,0,0,0,0,0,0,0,0,0
5484770,55,0,2,0,0,0,0,0,0,0,0,0
5488414,56,0,2,0,0,0,0,0,0,0,0,0
5492058,57,0,2,0,0,0,0,0,0,0,0,0
5495702,58,0,2,0,0,0,0,0,0,0,0,0
5499346,59,0,2,0,0,0,0,0,0,0,0,0
5502990,60,0,2,0,0,0,0,0,0,0,0,0
5506635,61,0,2,0,0,0,0,0,0,0,0,0
5510278,62,0,2,0,0,0,0,0,0,0,0,0
5513922,63,0,2,0,0,0,0,0,0,0,0,0
5517566,64,0,2,0,0,0,0,0,0,0,0,0
5521210,65,0,2,0,0,0,0,0,0,0,0,0
5524854,66,0,2,0,0,0,0,0,0,0,0,0
5528498,67,0,2,0,0,0,0,0,0,0,0,0
5532142,68,0,2,0,0,0,0,0,0,0,0,0
5535786,69,0,2,0,0,0,0,0,0,0,0,0
5539430,70,0,2,0,0,0,0,0,0,0,0,0
5543074,71,0,2,0,0,0,0,0,0,0,0,0
5546718,72,0,2,0,0,0,0,0,0,0,0,0
5550362,73,0,2,0,0,0,0,0,0,0,0,0
5554007,74,0,2,0,0,0,0,0,0,0,0,0
5557650,75,0,2,0,0,0,0,0,0,0,0,0
5561294,76,0,2,0,0,0,0,0,0,0,0,0
5564938,77,0,2,0,0,0,0,0,0,0,0,0
5568582,78,0,2,0,0,0,0,0,0,0,0,0
5572226,79,0,2,0,0,0,0,0,0,0,0,0
5575870,80,0,2,0,0,0,0,0,0,0,0,0
5579514,81,0,2,0,0,0,0,0,0,0,0,0
5583158,82,0,2,0,0,0,0,0,0,0,0,0
5586802,83,0,2,0,0,0,0,0,0,0,0,0
5590446,84,0,2,0,0,0,0,0,0,0,0,0
5594090,85,0,2,0,0,0,0,0,0,0,0,0
5597734,86,0,2,0,0,0,0,0,0,0,0,0
5601378,87,0,2,0,0,0,0,0,0,0,0,0
5605022,88,0,2,0,0,0,0,0,0,0,0,0
5608666,89,0,2,0,0,0,0,0,0,0,0,0
5612310,90,0,2,0,0,0,0,0,0,0,0,0
5615955,91,0,2,0,0,0,0,0,0,0,0,0
5619598,92,0,2,0,0,0,0,0,0,0,0,0
5623242,93,0,2,0,0,0,0,0,0,0,0,0
5626886,94,0,2,0,0,0,0,0,0,0,0,0
5630530,95,0,2,0,0,0,0,0,0,0,0,0
5634174,96,0,2,0,0,0,0,0,0,0,0,0
5637818,97,0,2,0,0,0,0,0,0,0,0,0
5641462,98,0,2,0,0,0,0,0,0,0,0,0
5645106,99,0,2,0,0,0,0,0,0,0,0,0
5648750,100,0,2,0,0,0,0,0,0,0,0,0
5652395,101,0,2,0,0,0,0,0,0,0,0,0
5656038,102,0,2,0,0,0,0,0,0,0,0,0
5659682,103,0,2,0,0,0,0,0,0,0,0,0
5663326,104,0,2,0,0,0,0,0,0,0,0,0
5666970,105,0,2,0,0,0,0,0,0,0,0,0
5670614,106,0,2,0,0,0,0,0,0,0,0,0
5674258,107,0,2,0,0,0,0,0,0,0,0,0
5677902,108,0,2,0,0,0,0,0,0,0,0,0
5681546,109,0,2,0,0,0,0,0,0,0,0,0
5685190,110,0,2,0,0,0,0,0,0,0,0,0
5688834,111,0,2,0,0,0,0,0,0,0,0,0
5692478,112,0,2,0,0,0,0,0,0,0,0,0
5696122,113,0,2,0,0,0,0,0,0,0,0,0
5699766,114,0,2,0,0,0,0,0,0,0,0,0
5703410,115,0,2,0,0,0,0,0,0,0,0,0
5707054,116,0,2,0,0,0,0,0,0,0,0,0
5710698,117,0,2,0,0,0,0,0,0,0,0,0
5714342,118,0,2,0,0,0,0,0,0,0,0,0
5717986,119,0,2,0,0,0,0,0,0,0,0,0
5721630,120,0,2,0,0,0,0,0,0,0,0,0
5725275,121,0,2,0,0,0,0,0,0,0,0,0
5728918,122,0,2,0,0,0,0,0,0,0,0,0
5732562,123,0,2,0,0,0,0,0,0,0,0,0
5736206,124,0,2,0,0,0,0,0,0,0,0,0
5739850,125,0,2,0,0,0,0,0,0,0,0,0
5743494,126,0,2,0,0,0,0,0,0,0,0,0
5747138,127,0,2,0,0,0,0,0,0,0,0,0
5750782,128,0,2,0,0,0,0,0,0,0,0,0
5754426,129,0,2,0,0,0,0,0,0,0,0,0
5758070,130,0,2,0,0,0,0,0,0,0,0,0
5761714,131,0,2,0,0,0,0,0,0,0,0,0
5765358,132,0,2,0,0,0,0,0,0,0,0,0
5769002,133,0,2,0,0,0,0,0,0,0,0,0
5772646,134,0,2,0,0,0,0,0,0,0,0,0
5776290,135,0,2,0,0,0,0,0,0,0,0,0
5779934,136,0,2,0,0,0,0,0,0,0,0,0
5783578,137,0,2,0,0,0,0,0,0,0,0,0
5787222,138,0,2,0,0,0,0,0,0,0,0,0
5790866,139,0,2,0,0,0,0,0,0,0,0,0
5794510,140,0,2,0,0,0,0,0,0,0,0,0
5798155,141,0,2,0,0,0,0,0,0,0,0,0
5801798,142,0,2,0,0,0,0,0,0,0,0,0
5805442,143,0,2,0,0,0,0,0,0,0,0,0
5809087,144,0,2,0,0,0,0,0,0,0,0,0
5812730,145,0,2,0,0,0,0,0,0,0,0,0
5816374,146,0,2,0,0,0,0,0,0,0,0,0
5820018,147,0,2,0,0,0,0,0,0,0,0,0
5823662,148,0,2,0,0,0,0,0,0,0,0,0
5827306,149,0,2,0,0,0,0,0,0,0,0,0
5830950,150,0,2,0,0,0,0,0,0,0,0,0
5834595,151,0,2,0,0,0,0,0,0,0,0,0
5838238,152,0,2,0,0,0,0,0,0,0,0,0
5841882,153,0,2,0,0,0,0,0,0,0,0,0
5845526,154,0,2,0,0,0,0,0,0,0,0,0
5849170,155,0,2,0,0,0,0,0,0,0,0,0
5852814,156,0,2,0,0,0,0,0,0,0,0,0
5856458,157,0,2,0,0,0,0,0,0,0,0,0
5860102,158,0,2,0,0,0,0,0,0,0,0,0
5863746,159,0,2,0,0,0,0,0,0,0,0,0
5867390,160,0,2,0,0,0,0,0,0,0,0,0
5871035,161,0,2,0,0,0,0,0,0,0,0,0
5874678,162,0,2,0,0,0,0,0,0,0,0,0
5878322,163,0,2,0,0,0,0,0,0,0,0,0
5881966,164,0,2,0,0,0,0,0,0,0,0,0
5885610,165,0,2,0,0,0,0,0,0,0,0,0
5889254,166,0,2,0,0,0,0,0,0,0,0,0
5892898,167,0,2,0,0,0,0,0,0,0,0,0
5896542,168,0,2,0,0,0,0,0,0,0,0,0
5900186,169,0,2,0,0,0,0,0,0,0,0,0
5903830,170,0,2,0,0,0,0,0,0,0,0,0
5907475,171,0,2,0,0,0,0,0,0,0,0,0
5911118,172,0,2,0,0,0,0,0,0,0,0,0
5914762,173,0,2,0,0,0,0,0,0,0,0,0
5918406,174,0,2,0,0,0,0,0,0,0,0,0
5922050,175,0,2,0,0,0,0,0,0,0,0,0
5925694,176,0,2,0,0,0,0,0,0,0,0,0
5929338,177,0,2,0,0,0,0,0,0,0,0,0
5932982,178,0,2,0,0,0,0,0,0,0,0,0
5936626,179,0,2,0,0,0,0,0,0,0,0,0
5940270,180,0,2,0,0,0,0,0,0,0,0,0
5943915,181,0,2,0,0,0,0,0,0,0,0,0
5947558,182,0,2,0,0,0,0,0,0,0,0,0
5951202,183,0,2,0,0,0,0,0,0,0,0,0
5954846,184,0,2,0,0,0,0,0,0,0,0,0
5958490,185,0,2,0,0,0,0,0,0,0,0,0
5962134,186,0,2,0,0,0,0,0,0,0,0,0
5965778,187,0,2,0,0,0,0,0,0,0,0,0
5969422,188,0,2,0,0,0,0,0,0,0,0,0
5973066,189,0,2,0,0,0,0,0,0,0,0,0
5976710,190,0,2,0,0,0,0,0,0,0,0,0
5980355,191,0,2,0,0,0,0,0,0,0,0,0
5983998,192,0,2,0,0,0,0,0,0,0,0,0
5987642,193,0,2,0,0,0,0,0,0,0,0,0
5991286,194,0,2,0,0,0,0,0,0,0,0,0
5994930,195,0,2,0,0,0,0,0,0,0,0,0
5998574,196,0,2,0,0,0,0,0,0,0,0,0
6002218,197,0,2,0,0,0,0,0,0,0,0,0
6005862,198,0,2,0,0,0,0,0,0,0,0,0
6009506,199,0,2,0,0,0,0,0,0,0,0,0
6013150,200,0,2,0,0,0,0,0,0,0,0,0
6016794,201,0,2,0,0,0,0,0,0,0,0,0
6020438,202,0,2,0,0,0,0,0,0,0,0,0
6024083,203,0,2,0,0,0,0,0,0,0,0,0
6027726,204,0,2,0,0,0,0,0,0,0,0,0
6031370,205,0,2,0,0,0,0,0,0,0,0,0
6035014,206,0,2,0,0,0,0,0,0,0,0,0
6038658,207,0,2,0,0,0,0,0,0,0,0,0
6042302,208,0,2,0,0,0,0,0,0,0,0,0
6045946,209,0,2,0,0,0,0,0,0,0,0,0
6049590,210,0,2,0,0,0,0,0,0,0,0,0
6053234,211,0,2,0,0,0,0,0,0,0,0,0
6056878,212,0,2,0,0,0,0,0,0,0,0,0
6060522,213,0,2,0,0,0,0,0,0,0,0,0
6064166,214,0,2,0,0,0,0,0,0,0,0,0
6067810,215,0,2,0,0,0,0,0,0,0,0,0
6071454,216,0,2,0,0,0,0,0,0,0,0,0
6075098,217,0,2,0,0,0,0,0,0,0,0,0
6078742,218,0,2,0,0,0,0,0,0,0,0,0
6082386,219,0,2,0,0,0,0,0,0,0,0,0
6086030,220,0,2,0,0,0,0,0,0,0,0,0
6089675,221,0,2,0,0,0,0,0,0,0,0,0
6093318,222,0,2,0,0,0,0,0,0,0,0,0
6096962,223,0,2,0,0,0,0,0,0,0,0,0
6100606,224,0,2,0,0,0,0,0,0,0,0,0
6104250,225,0,2,0,0,0,0,0,0,0,0,0
6107894,226,0,2,0,0,0,0,0,0,0,0,0
6111538,227,0,2,0,0,0,0,0,0,0,0,0
6130055,228,0,2,0,0,0,0,0,0,0,0,0
6133687,229,0,2,0,0,0,0,0,0,0,0,0
6137331,230,0,2,0,0,0,0,0,0,0,0,0
6140975,231,0,2,0,0,0,0,0,0,0,0,0
6144619,232,0,2,0,0,0,0,0,0,0,0,0
6148263,233,0,2,0,0,0,0,0,0,0,0,0
6151907,234,0,2,0,0,0,0,0,0,0,0,0
6155551,235,0,2,0,0,0,0,0,0,0,0,0
6159195,236,0,2,0,0,0,0,0,0,0,0,0
6162839,237,0,2,0,0,0,0,0,0,0,0,0
6166483,238,0,2,0,0,0,0,0,0,0,0,0
6170127,239,0,2,0,0,0,0,0,0,0,0,0
6173771,240,0,2,0,0,0,0,0,0,0,0,0
6177416,241,0,2,0,0,0,0,0,0,0,0,0
6181059,242,0,2,0,0,0,0,0,0,0,0,0
6184703,243,0,2,0,0,0,0,0,0,0,0,0
6188347,244,0,2,0,0,0,0,0,0,0,0,0
6191991,245,0,2,0,0,0,0,0,0,0,0,0
6195635,246,0,2,0,0,0,0,0,0,0,0,0
6199279,247,0,2,0,0,0,0,0,0,0,0,0
6202923,248,0,2,0,0,0,0,0,0,0,0,0
6206567,249,0,2,0,0,0,0,0,0,0,0,0
6210211,250,0,2,0,0,0,0,0,0,0,0,0
6213856,251,0,2,0,0,0,0,0,0,0,0,0
6217499,252,0,2,0,0,0,0,0,0,0,0,0
6221143,253,0,2,0,0,0,0,0,0,0,0,0
6224787,254,0,2,0,0,0,0,0,0,0,0,0
6228431,255,0,2,0,0,0,0,0,0,0,0,0
6232075,256,0,2,0,0,0,0,0,0,0,0,0
6235719,257,0,2,0,0,0,0,0,0,0,0,0
6239363,258,0,2,0,0,0,0,0,0,0,0,0
6243007,259,0,2,0,0,0,0,0,0,0,0,0
6246651,260,0,2,0,0,0,0,0,0,0,0,0
6250296,261,0,2,0,0,0,0,0,0,0,0,0
6253939,262,0,2,0,0,0,0,0,0,0,0,0
6257583,263,0,2,0,0,0,0,0,0,0,0,0
6261227,264,0,2,0,0,0,0,0,0,0,0,0
6264871,265,0,2,0,0,0,0,0,0,0,0,0
6268515,266,0,2,0,0,0,0,0,0,0,0,0
6272159,267,0,2,0,0,0,0,0,0,0,0,0
6275803,268,0,2,0,0,0,0,0,0,0,0,0
6279447,269,0,2,0,0,0,0,0,0,0,0,0
6283091,270,0,2,0,0,0,0,0,0,0,0,0
6286736,271,0,2,0,0,0,0,0,0,0,0,0
6290379,272,0,2,0,0,0,0,0,0,0,0,0
6294024,273,0,2,0,0,0,0,0,0,0,0,0
6297667,274,0,2,0,0,0,0,0,0,0,0,0
6301311,275,0,2,0,0,0,0,0,0,0,0,0
6304955,276,0,2,0,0,0,0,0,0,0,0,0
6308599,277,0,2,0,0,0,0,0,0,0,0,0
6312243,278,0,2,0,0,0,0,0,0,0,0,0
6315887,279,0,2,0,0,0,0,0,0,0,0,0
6319531,280,0,2,0,0,0,0,0,0,0,0,0
6323176,281,0,2,0,0,0,0,0,0,0,0,0
6326819,282,0,2,0,0,0,0,0,0,0,0,0
6330463,283,0,2,0,0,0,0,0,0,0,0,0
6334107,284,0,2,0,0,0,0,0,0,0,0,0
6337751,285,0,2,0,0,0,0,0,0,0,0,0
6341395,286,0,2,0,0,0,0,0,0,0,0,0
6345039,287,0,2,0,0,0,0,0,0,0,0,0
6348683,288,0,2,0,0,0,0,0,0,0,0,0
6352327,289,0,2,0,0,0,0,0,0,0,0,0
6355971,290,0,2,0,0,0,0,0,0,0,0,0
6359615,291,0,2,0,0,0,0,0,0,0,0,0
6363259,292,0,2,0,0,0,0,0,0,0,0,0
6366903,293,0,2,0,0,0,0,0,0,0,0,0
6370547,294,0,2,0,0,0,0,0,0,0,0,0
6374191,295,0,2,0,0,0,0,0,0,0,0,0
6377835,296,0,2,0,0,0,0,0,0,0,0,0
6381479,297,0,2,0,0,0,0,0,0,0,0,0
6385123,298,0,2,0,0,0,0,0,0,0,0,0
6388767,299,0,2,0,0,0,0,0,0,0,0,0
6392411,300,0,2,0,0,0,0,0,0,0,0,0
6396056,301,0,2,0,0,0,0,0,0,0,0,0
6399699,302,0,2,0,0,0,0,0,0,0,0,0
6403343,303,0,2,0,0,0,0,0,0,0,0,0
6406987,304,0,2,0,0,0,0,0,0,0,0,0
6410631,305,0,2,0,0,0,0,0,0,0,0,0
6414275,306,0,2,0,0,0,0,0,0,0,0,0
6417919,307,0,2,0,0,0,0,0,0,0,0,0
6421563,308,0,2,0,0,0,0,0,0,0,0,0
6425207,309,0,2,0,0,0,0,0,0,0,0,0
6428851,310,0,2,0,0,0,0,0,0,0,0,0
6432495,311,0,2,0,0,0,0,0,0,0,0,0
6436139,312,0,2,0,0,0,0,0,0,0,0,0
6439783,313,0,2,0,0,0,0,0,0,0,0,0
6443427,314,0,2,0,0,0,0,0,0,0,0,0
6447072,315,0,2,0,0,0,0,0,0,0,0,0
6450715,316,0,2,0,0,0,0,0,0,0,0,0
6454359,317,0,2,0,0,0,0,0,0,0,0,0
6458003,318,0,2,0,0,0,0,0,0,0,0,0
6461647,319,0,2,0,0,0,0,0,0,0,0,0
6465291,320,0,2,0,0,0,0,0,0,0,0,0
6468936,321,0,2,0,0,0,0,0,0,0,0,0
6472579,322,0,2,0,0,0,0,0,0,0,0,0
6476223,323,0,2,0,0,0,0,0,0,0,0,0
6479867,324,0,2,0,0,0,0,0,0,0,0,0
6483511,325,0,2,0,0,0,0,0,0,0,0,0
6487155,326,0,2,0,0,0,0,0,0,0,0,0
6490799,327,0,2,0,0,0,0,0,0,0,0,0
6494443,328,0,2,0,0,0,0,0,0,0,0,0
6498087,329,0,2,0,0,0,0,0,0,0,0,0
6501731,330,0,2,0,0,0,0,0,0,0,0,0
6505375,331,0,2,0,0,0,0,0,0,0,0,0
6509019,332,0,2,0,0,0,0,0,0,0,0,0
6512663,333,0,2,0,0,0,0,0,0,0,0,0
6516307,334,0,2,0,0,0,0,0,0,0,0,0
6519951,335,0,2,0,0,0,0,0,0,0,0,0
6523595,336,0,2,0,0,0,0,0,0,0,0,0
6527239,337,0,2,0,0,0,0,0,0,0,0,0
6530883,338,0,2,0,0,0,0,0,0,0,0,0
6534527,339,0,2,0,0,0,0,0,0,0,0,0
6538171,340,0,2,0,0,0,0,0,0,0,0,0
6541816,341,0,2,0,0,0,0,0,0,0,0,0
6545459,342,0,2,0,0,0,0,0,0,0,0,0
6549103,343,0,2,0,0,0,0,0,0,0,0,0
6552747,344,0,2,0,0,0,0,0,0,0,0,0
6556391,345,0,2,0,0,0,0,0,0,0,0,0
6560035,346,0,2,0,0,0,0,0,0,0,0,0
6563679,347,0,2,0,0,0,0,0,0,0,0,0
6567323,348,0,2,0,0,0,0,0,0,0,0,0
6570967,349,0,2,0,0,0,0,0,0,0,0,0
6574611,350,0,2,0,0,0,0,0,0,0,0,0
6578255,351,0,2,0,0,0,0,0,0,0,0,0
6581899,352,0,2,0,0,0,0,0,0,0,0,0
6585543,353,0,2,0,0,0,0,0,0,0,0,0
6589188,354,0,2,0,0,0,0,0,0,0,0,0
6592831,355,0,2,0,0,0,0,0,0,0,0,0
6596475,356,0,2,0,0,0,0,0,0,0,0,0
6600119,357,0,2,0,0,0,0,0,0,0,0,0
6603763,358,0,2,0,0,0,0,0,0,0,0,0
6607407,359,0,2,0,0,0,0,0,0,0,0,0
6611051,360,0,2,0,0,0,0,0,0,0,0,0
6614696,361,0,2,0,0,0,0,0,0,0,0,0
6618339,362,0,2,0,0,0,0,0,0,0,0,0
6621983,363,0,2,0,0,0,0,0,0,0,0,0
6625627,364,0,2,0,0,0,0,0,0,0,0,0
6629271,365,0,2,0,0,0,0,0,0,0,0,0
6632915,366,0,2,0,0,0,0,0,0,0,0,0
6636559,367,0,2,0,0,0,0,0,0,0,0,0
6640203,368,0,2,0,0,0,0,0,0,0,0,0
6643847,369,0,2,0,0,0,0,0,0,0,0,0
6647491,370,0,2,0,0,0,0,0,0,0,0,0
6651136,371,0,2,0,0,0,0,0,0,0,0,0
6654779,372,0,2,0,0,0,0,0,0,0,0,0
6658423,373,0,2,0,0,0,0,0,0,0,0,0
6662067,374,0,2,0,0,0,0,0,0,0,0,0
6665711,375,0,2,0,0,0,0,0,0,0,0,0
6669355,376,0,2,0,0,0,0,0,0,0,0,0
6672999,377,0,2,0,0,0,0,0,0,0,0,0
6676643,378,0,2,0,0,0,0,0,0,0,0,0
6680287,379,0,2,0,0,0,0,0,0,0,0,0
6683931,380,0,2,0,0,0,0,0,0,0,0,0
6687576,381,0,2,0,0,0,0,0,0,0,0,0
6691219,382,0,2,0,0,0,0,0,0,0,0,0
6694863,383,0,2,0,0,0,0,0,0,0,0,0
6698507,384,0,2,0,0,0,0,0,0,0,0,0
6702151,385,0,2,0,0,0,0,0,0,0,0,0
6705795,386,0,2,0,0,0,0,0,0,0,0,0
6709439,387,0,2,0,0,0,0,0,0,0,0,0
6713083,388,0,2,0,0,0,0,0,0,0,0,0
6716727,389,0,2,0,0,0,0,0,0,0,0,0
6720371,390,0,2,0,0,0,0,0,0,0,0,0
6724016,391,0,2,0,0,0,0,0,0,0,0,0
6727659,392,0,2,0,0,0,0,0,0,0,0,0
6731303,393,0,2,0,0,0,0,0,0,0,0,0
6734947,394,0,2,0,0,0,0,0,0,0,0,0
6738591,395,0,2,0,0,0,0,0,0,0,0,0
6742235,396,0,2,0,0,0,0,0,0,0,0,0
6745879,397,0,2,0,0,0,0,0,0,0,0,0
6749523,398,0,2,0,0,0,0,0,0,0,0,0
6753167,399,0,2,0,0,0,0,0,0,0,0,0
6756811,400,0,2,0,0,0,0,0,0,0,0,0
6760456,401,0,2,0,0,0,0,0,0,0,0,0
6764099,402,0,2,0,0,0,0,0,0,0,0,0
6767743,403,0,2,0,0,0,0,0,0,0,0,0
6771387,404,0,2,0,0,0,0,0,0,0,0,0
6775031,405,0,2,0,0,0,0,0,0,0,0,0
6778675,406,0,2,0,0,0,0,0,0,0,0,0
6782319,407,0,2,0,0,0,0,0,0,0,0,0
6785963,408,0,2,0,0,0,0,0,0,0,0,0
6789607,409,0,2,0,0,0,0,0,0,0,0,0
6793251,410,0,2,0,0,0,0,0,0,0,0,0
6796896,411,0,2,0,0,0,0,0,0,0,0,0
6800539,412,0,2,0,0,0,0,0,0,0,0,0
6804183,413,0,2,0,0,0,0,0,0,0,0,0
6807827,414,0,2,0,0,0,0,0,0,0,0,0
6811471,415,0,2,0,0,0,0,0,0,0,0,0
6815115,416,0,2,0,0,0,0,0,0,0,0,0
6818759,417,0,2,0,0,0,0,0,0,0,0,0
6822403,418,0,2,0,0,0,0,0,0,0,0,0
6826047,419,0,2,0,0,0,0,0,0,0,0,0
6829691,420,0,2,0,0,0,0,0,0,0,0,0
6833336,421,0,2,0,0,0,0,0,0,0,0,0
6836979,422,0,2,0,0,0,0,0,0,0,0,0
6840623,423,0,2,0,0,0,0,0,0,0,0,0
6844267,424,0,2,0,0,0,0,0,0,0,0,0
6847911,425,0,2,0,0,0,0,0,0,0,0,0
6851555,426,0,2,0,0,0,0,0,0,0,0,0
6855199,427,0,2,0,0,0,0,0,0,0,0,0
6858843,428,0,2,0,0,0,0,0,0,0,0,0
6862487,429,0,2,0,0,0,0,0,0,0,0,0
6866131,430,0,2,0,0,0,0,0,0,0,0,0
6869775,431,0,2,0,0,0,0,0,0,0,0,0
6873419,432,0,2,0,0,0,0,0,0,0,0,0
6877063,433,0,2,0,0,0,0,0,0,0,0,0
6880707,434,0,2,0,0,0,0,0,0,0,0,0
6884351,435,0,2,0,0,0,0,0,0,0,0,0
6887995,436,0,2,0,0,0,0,0,0,0,0,0
6891639,437,0,2,0,0,0,0,0,0,0,0,0
6895283,438,0,2,0,0,0,0,0,0,0,0,0
6898927,439,0,2,0,0,0,0,0,0,0,0,0
6902571,440,0,2,0,0,0,0,0,0,0,0,0
6906216,441,0,2,0,0,0,0,0,0,0,0,0
6909859,442,0,2,0,0,0,0,0,0,0,0,0
6913503,443,0,2,0,0,0,0,0,0,0,0,0
6917147,444,0,2,0,0,0,0,0,0,0,0,0
6920791,445,0,2,0,0,0,0,0,0,0,0,0
6924435,446,0,2,0,0,0,0,0,0,0,0,0
6928079,447,0,2,0,0,0,0,0,0,0,0,0
6931723,448,0,2,0,0,0,0,0,0,0,0,0
6935367,449,0,2,0,0,0,0,0,0,0,0,0
6939011,450,0,2,0,0,0,0,0,0,0,0,0
6942656,451,0,2,0,0,0,0,0,0,0,0,0
6946299,452,0,2,0,0,0,0,0,0,0,0,0
6949943,453,0,2,0,0,0,0,0,0,0,0,0
6953587,454,0,2,0,0,0,0,0,0,0,0,0
6965910,455,0,2,0,0,0,0,0,0,0,0,0
6969542,456,0,2,0,0,0,0,0,0,0,0,0
6973186,457,0,2,0,0,0,0,0,0,0,0,0
6976830,458,0,2,0,0,0,0,0,0,0,0,0
6980474,459,0,2,0,0,0,0,0,0,0,0,0
6984118,460,0,2,0,0,0,0,0,0,0,0,0
6987762,461,0,2,0,0,0,0,0,0,0,0,0
6991406,462,0,2,0,0,0,0,0,0,0,0,0
6995050,463,0,2,0,0,0,0,0,0,0,0,0
6998694,464,0,2,0,0,0,0,0,0,0,0,0
7002338,465,0,2,0,0,0,0,0,0,0,0,0
7005982,466,0,2,0,0,0,0,0,0,0,0,0
7009626,467,0,2,0,0,0,0,0,0,0,0,0
7013270,468,0,2,0,0,0,0,0,0,0,0,0
7016914,469,0,2,0,0,0,0,0,0,0,0,0
7020558,470,0,2,0,0,0,0,0,0,0,0,0
7024203,471,0,2,0,0,0,0,0,0,0,0,0
7027846,472,0,2,0,0,0,0,0,0,0,0,0
7031490,473,0,2,0,0,0,0,0,0,0,0,0
7035134,474,0,2,0,0,0,0,0,0,0,0,0
7038778,475,0,2,0,0,0,0,0,0,0,0,0
7042422,476,0,2,0,0,0,0,0,0,0,0,0
7046066,477,0,2,0,0,0,0,0,0,0,0,0
7049710,478,0,2,0,0,0,0,0,0,0,0,0
7053354,479,0,2,0,0,0,0,0,0,0,0,0
7056998,480,0,2,0,0,0,0,0,0,0,0,0
7060642,481,0,2,0,0,0,0,0,0,0,0,0
7064286,482,0,2,0,0,0,0,0,0,0,0,0
7067930,483,0,2,0,0,0,0,0,0,0,0,0
7071574,484,0,2,0,0,0,0,0,0,0,0,0
7075218,485,0,2,0,0,0,0,0,0,0,0,0
7078862,486,0,2,0,0,0,0,0,0,0,0,0
7082506,487,0,2,0,0,0,0,0,0,0,0,0
7086150,488,0,2,0,0,0,0,0,0,0,0,0
7089794,489,0,2,0,0,0,0,0,0,0,0,0
7093438,490,0,2,0,0,0,0,0,0,0,0,0
7097083,491,0,2,0,0,0,0,0,0,0,0,0
7100726,492,0,2,0,0,0,0,0,0,0,0,0
7104370,493,0,2,0,0,0,0,0,0,0,0,0
7108014,494,0,2,0,0,0,0,0,0,0,0,0
7111658,495,0,2,0,0,0,0,0,0,0,0,0
7115302,496,0,2,0,0,0,0,0,0,0,0,0
7118946,497,0,2,0,0,0,0,0,0,0,0,0
7122590,498,0,2,0,0,0,0,0,0,0,0,0
7126234,499,0,2,0,0,0,0,0,0,0,0,0
7129878,500,0,2,0,0,0,0,0,0,0,0,0
7133523,501,0,2,0,0,0,0,0,0,0,0,0
7137166,502,0,2,0,0,0,0,0,0,0,0,0
7140810,503,0,2,0,0,0,0,0,0,0,0,0
7144454,504,0,2,0,0,0,0,0,0,0,0,0
7148098,505,0,2,0,0,0,0,0,0,0,0,0
7151742,506,0,2,0,0,0,0,0,0,0,0,0
7155386,507,0,2,0,0,0,0,0,0,0,0,0
7159030,508,0,2,0,0,0,0,0,0,0,0,0
7162674,509,0,2,0,0,0,0,0,0,0,0,0
7166318,510,0,2,0,0,0,0,0,0,0,0,0
7169963,511,0,2,0,0,0,0,0,0,0,0,0
7173606,512,0,2,0,0,0,0,0,0,0,0,0
7177250,513,0,2,0,0,0,0,0,0,0,0,0
7180894,514,0,2,0,0,0,0,0,0,0,0,0
7184538,515,0,2,0,0,0,0,0,0,0,0,0
7188182,516,0,2,0,0,0,0,0,0,0,0,0
7191826,517,0,2,0,0,0,0,0,0,0,0,0
7195470,518,0,2,0,0,0,0,0,0,0,0,0
7199114,519,0,2,0,0,0,0,0,0,0,0,0
7202758,520,0,2,0,0,0,0,0,0,0,0,0
7206403,521,0,2,0,0,0,0,0,0,0,0,0
7210046,522,0,2,0,0,0,0,0,0,0,0,0
7213690,523,0,2,0,0,0,0,0,0,0,0,0
7217334,524,0,2,0,0,0,0,0,0,0,0,0
7220978,525,0,2,0,0,0,0,0,0,0,0,0
7224622,526,0,2,0,0,0,0,0,0,0,0,0
7228266,527,0,2,0,0,0,0,0,0,0,0,0
7231910,528,0,2,0,0,0,0,0,0,0,0,0
7235554,529,0,2,0,0,0,0,0,0,0,0,0
7239198,530,0,2,0,0,0,0,0,0,0,0,0
7242843,531,0,2,0,0,0,0,0,0,0,0,0
7246486,532,0,2,0,0,0,0,0,0,0,0,0
7250130,533,0,2,0,0,0,0,0,0,0,0,0
7253774,534,0,2,0,0,0,0,0,0,0,0,0
7257418,535,0,2,0,0,0,0,0,0,0,0,0
7261062,536,0,2,0,0,0,0,0,0,0,0,0
7264706,537,0,2,0,0,0,0,0,0,0,0,0
7268350,538,0,2,0,0,0,0,0,0,0,0,0
7271994,539,0,2,0,0,0,0,0,0,0,0,0
7275638,540,0,2,0,0,0,0,0,0,0,0,0
7279282,541,0,2,0,0,0,0,0,0,0,0,0
7282926,542,0,2,0,0,0,0,0,0,0,0,0
7286570,543,0,2,0,0,0,0,0,0,0,0,0
7290214,544,0,2,0,0,0,0,0,0,0,0,0
7293858,545,0,2,0,0,0,0,0,0,0,0,0
7297502,546,0,2,0,0,0,0,0,0,0,0,0
7301146,547,0,2,0,0,0,0,0,0,0,0,0
7304790,548,0,2,0,0,0,0,0,0,0,0,0
7308434,549,0,2,0,0,0,0,0,0,0,0,0
7312078,550,0,2,0,0,0,0,0,0,0,0,0
7315723,551,0,2,0,0,0,0,0,0,0,0,0
7319366,552,0,2,0,0,0,0,0,0,0,0,0
7323010,553,0,2,0,0,0,0,0,0,0,0,0
7326654,554,0,2,0,0,0,0,0,0,0,0,0
7330298,555,0,2,0,0,0,0,0,0,0,0,0
7333942,556,0,2,0,0,0,0,0,0,0,0,0
7337586,557,0,2,0,0,0,0,0,0,0,0,0
7341230,558,0,2,0,0,0,0,0,0,0,0,0
7344874,559,0,2,0,0,0,0,0,0,0,0,0
7348518,560,0,2,0,0,0,0,0,0,0,0,0
7352162,561,0,2,0,0,0,0,0,0,0,0,0
7355806,562,0,2,0,0,0,0,0,0,0,0,0
7359450,563,0,2,0,0,0,0,0,0,0,0,0
7363094,564,0,2,0,0,0,0,0,0,0,0,0
7366738,565,0,2,0,0,0,0,0,0,0,0,0
7370382,566,0,2,0,0,0,0,0,0,0,0,0
7374026,567,0,2,0,0,0,0,0,0,0,0,0
7377670,568,0,2,0,0,0,0,0,0,0,0,0
7381314,569,0,2,0,0,0,0,0,0,0,0,0
7384958,570,0,2,0,0,0,0,0,0,0,0,0
7388603,571,0,2,0,0,0,0,0,0,0,0,0
7392246,572,0,2,0,0,0,0,0,0,0,0,0
7395890,573,0,2,0,0,0,0,0,0,0,0,0
7399534,574,0,2,0,0,0,0,0,0,0,0,0
7403178,575,0,2,0,0,0,0,0,0,0,0,0
7406822,576,0,2,0,0,0,0,0,0,0,0,0
7410466,577,0,2,0,0,0,0,0,0,0,0,0
7414110,578,0,2,0,0,0,0,0,0,0,0,0
7417754,579,0,2,0,0,0,0,0,0,0,0,0
7421398,580,0,2,0,0,0,0,0,0,0,0,0
7425043,581,0,2,0,0,0,0,0,0,0,0,0
7428686,582,0,2,0,0,0,0,0,0,0,0,0
7432330,583,0,2,0,0,0,0,0,0,0,0,0
7435974,584,0,2,0,0,0,0,0,0,0,0,0
7439618,585,0,2,0,0,0,0,0,0,0,0,0
7443262,586,0,2,0,0,0,0,0,0,0,0,0
7446906,587,0,2,0,0,0,0,0,0,0,0,0
7450550,588,0,2,0,0,0,0,0,0,0,0,0
7454194,589,0,2,0,0,0,0,0,0,0,0,0
7457838,590,0,2,0,0,0,0,0,0,0,0,0
7461482,591,0,2,0,0,0,0,0,0,0,0,0
7465126,592,0,2,0,0,0,0,0,0,0,0,0
7468770,593,0,2,0,0,0,0,0,0,0,0,0
7472414,594,0,2,0,0,0,0,0,0,0,0,0
7476058,595,0,2,0,0,0,0,0,0,0,0,0
7479702,596,0,2,0,0,0,0,0,0,0,0,0
7483346,597,0,2,0,0,0,0,0,0,0,0,0
7486990,598,0,2,0,0,0,0,0,0,0,0,0
7490634,599,0,2,0,0,0,0,0,0,0,0,0
7494278,600,0,2,0,0,0,0,0,0,0,0,0
7497923,601,0,2,0,0,0,0,0,0,0,0,0
7501566,602,0,2,0,0,0,0,0,0,0,0,0
7505210,603,0,2,0,0,0,0,0,0,0,0,0
7508854,604,0,2,0,0,0,0,0,0,0,0,0
7512498,605,0,2,0,0,0,0,0,0,0,0,0
7516142,606,0,2,0,0,0,0,0,0,0,0,0
7519786,607,0,2,0,0,0,0,0,0,0,0,0
7523430,608,0,2,0,0,0,0,0,0,0,0,0
7527074,609,0,2,0,0,0,0,0,0,0,0,0
7530718,610,0,2,0,0,0,0,0,0,0,0,0
7534363,611,0,2,0,0,0,0,0,0,0,0,0
7538006,612,0,2,0,0,0,0,0,0,0,0,0
7541650,613,0,2,0,0,0,0,0,0,0,0,0
7545294,614,0,2,0,0,0,0,0,0,0,0,0
7548938,615,0,2,0,0,0,0,0,0,0,0,0
7552582,616,0,2,0,0,0,0,0,0,0,0,0
7556226,617,0,2,0,0,0,0,0,0,0,0,0
7559870,618,0,2,0,0,0,0,0,0,0,0,0
7563514,619,0,2,0,0,0,0,0,0,0,0,0
7567158,620,0,2,0,0,0,0,0,0,0,0,0
7570803,621,0,2,0,0,0,0,0,0,0,0,0
7574446,622,0,2,0,0,0,0,0,0,0,0,0
7578091,623,0,2,0,0,0,0,0,0,0,0,0
7581734,624,0,2,0,0,0,0,0,0,0,0,0
7585378,625,0,2,0,0,0,0,0,0,0,0,0
7589022,626,0,2,0,0,0,0,0,0,0,0,0
7592666,627,0,2,0,0,0,0,0,0,0,0,0
7596310,628,0,2,0,0,0,0,0,0,0,0,0
7599954,629,0,2,0,0,0,0,0,0,0,0,0
7603598,630,0,2,0,0,0,0,0,0,0,0,0
7607243,631,0,2,0,0,0,0,0,0,0,0,0
7610886,632,0,2,0,0,0,0,0,0,0,0,0
7614530,633,0,2,0,0,0,0,0,0,0,0,0
7618174,634,0,2,0,0,0,0,0,0,0,0,0
7621818,635,0,2,0,0,0,0,0,0,0,0,0
7625462,636,0,2,0,0,0,0,0,0,0,0,0
7629106,637,0,2,0,0,0,0,0,0,0,0,0
7632750,638,0,2,0,0,0,0,0,0,0,0,0
7636394,639,0,2,0,0,0,0,0,0,0,0,0
7640038,640,0,2,0,0,0,0,0,0,0,0,0
7643683,641,0,2,0,0,0,0,0,0,0,0,0
7647326,642,0,2,0,0,0,0,0,0,0,0,0
7650970,643,0,2,0,0,0,0,0,0,0,0,0
7654614,644,0,2,0,0,0,0,0,0,0,0,0
7658258,645,0,2,0,0,0,0,0,0,0,0,0
7661902,646,0,2,0,0,0,0,0,0,0,0,0
7665546,647,0,2,0,0,0,0,0,0,0,0,0
7669190,648,0,2,0,0,0,0,0,0,0,0,0
7672834,649,0,2,0,0,0,0,0,0,0,0,0
7676478,650,0,2,0,0,0,0,0,0,0,0,0
7680123,651,0,2,0,0,0,0,0,0,0,0,0
7683766,652,0,2,0,0,0,0,0,0,0,0,0
7687410,653,0,2,0,0,0,0,0,0,0,0,0
7691054,654,0,2,0,0,0,0,0,0,0,0,0
7694698,655,0,2,0,0,0,0,0,0,0,0,0
7698342,656,0,2,0,0,0,0,0,0,0,0,0
7701986,657,0,2,0,0,0,0,0,0,0,0,0
7705630,658,0,2,0,0,0,0,0,0,0,0,0
7709274,659,0,2,0,0,0,0,0,0,0,0,0
7712918,660,0,2,0,0,0,0,0,0,0,0,0
7716563,661,0,2,0,0,0,0,0,0,0,0,0
7720206,662,0,2,0,0,0,0,0,0,0,0,0
7723850,663,0,2,0,0,0,0,0,0,0,0,0
7727494,664,0,2,0,0,0,0,0,0,0,0,0
7731138,665,0,2,0,0,0,0,0,0,0,0,0
7734782,666,0,2,0,0,0,0,0,0,0,0,0
7738426,667,0,2,0,0,0,0,0,0,0,0,0
7742070,668,0,2,0,0,0,0,0,0,0,0,0
7745714,669,0,2,0,0,0,0,0,0,0,0,0
7749358,670,0,2,0,0,0,0,0,0,0,0,0
7753003,671,0,2,0,0,0,0,0,0,0,0,0
7756646,672,0,2,0,0,0,0,0,0,0,0,0
7760290,673,0,2,0,0,0,0,0,0,0,0,0
7763934,674,0,2,0,0,0,0,0,0,0,0,0
7767578,675,0,2,0,0,0,0,0,0,0,0,0
7771222,676,0,2,0,0,0,0,0,0,0,0,0
7774866,677,0,2,0,0,0,0,0,0,0,0,0
7778510,678,0,2,0,0,0,0,0,0,0,0,0
7782154,679,0,2,0,0,0,0,0,0,0,0,0
7785798,680,0,2,0,0,0,0,0,0,0,0,0
7789443,681,0,2,0,0,0,0,0,0,0,0,0
7807329,682,0,2,0,0,0,0,0,0,0,0,0
7810961,683,0,2,0,0,0,0,0,0,0,0,0
7814605,684,0,2,0,0,0,0,0,0,0,0,0
7818249,685,0,2,0,0,0,0,0,0,0,0,0
7821893,686,0,2,0,0,0,0,0,0,0,0,0
7825537,687,0,2,0,0,0,0,0,0,0,0,0
7829181,688,0,2,0,0,0,0,0,0,0,0,0
7832825,689,0,2,0,0,0,0,0,0,0,0,0
7836469,690,0,2,0,0,0,0,0,0,0,0,0
7840114,691,0,2,0,0,0,0,0,0,0,0,0
7843757,692,0,2,0,0,0,0,0,0,0,0,0
7847401,693,0,2,0,0,0,0,0,0,0,0,0
7851045,694,0,2,0,0,0,0,0,0,0,0,0
7854689,695,0,2,0,0,0,0,0,0,0,0,0
7858333,696,0,2,0,0,0,0,0,0,0,0,0
7861977,697,0,2,0,0,0,0,0,0,0,0,0
7865621,698,0,2,0,0,0,0,0,0,0,0,0
7869265,699,0,2,0,0,0,0,0,0,0,0,0
7872909,700,0,2,0,0,0,0,0,0,0,0,0
7876554,701,0,2,0,0,0,0,0,0,0,0,0
7880197,702,0,2,0,0,0,0,0,0,0,0,0
7883841,703,0,2,0,0,0,0,0,0,0,0,0
7887485,704,0,2,0,0,0,0,0,0,0,0,0
7891129,705,0,2,0,0,0,0,0,0,0,0,0
7894773,706,0,2,0,0,0,0,0,0,0,0,0
7898417,707,0,2,0,0,0,0,0,0,0,0,0
7902061,708,0,2,0,0,0,0,0,0,0,0,0
7905705,709,0,2,0,0,0,0,0,0,0,0,0
7909349,710,0,2,0,0,0,0,0,0,0,0,0
7912994,711,0,2,0,0,0,0,0,0,0,0,0
7916637,712,0,2,0,0,0,0,0,0,0,0,0
7920281,713,0,2,0,0,0,0,0,0,0,0,0
7923925,714,0,2,0,0,0,0,0,0,0,0,0
7927569,715,0,2,0,0,0,0,0,0,0,0,0
7931213,716,0,2,0,0,0,0,0,0,0,0,0
7934857,717,0,2,0,0,0,0,0,0,0,0,0
7938501,718,0,2,0,0,0,0,0,0,0,0,0
7942145,719,0,2,0,0,0,0,0,0,0,0,0
7945789,720,0,2,0,0,0,0,0,0,0,0,0
7949433,721,0,2,0,0,0,0,0,0,0,0,0
7953077,722,0,2,0,0,0,0,0,0,0,0,0
7956721,723,0,2,0,0,0,0,0,0,0,0,0
7960365,724,0,2,0,0,0,0,0,0,0,0,0
7964009,725,0,2,0,0,0,0,0,0,0,0,0
7967653,726,0,2,0,0,0,0,0,0,0,0,0
7971297,727,0,2,0,0,0,0,0,0,0,0,0
7974941,728,0,2,0,0,0,0,0,0,0,0,0
7978585,729,0,2,0,0,0,0,0,0,0,0,0
7982229,730,0,2,0,0,0,0,0,0,0,0,0
7985873,731,0,2,0,0,0,0,0,0,0,0,0
7989517,732,0,2,0,0,0,0,0,0,0,0,0
7993161,733,0,2,0,0,0,0,0,0,0,0,0
7996805,734,0,2,0,0,0,0,0,0,0,0,0
8000449,735,0,2,0,0,0,0,0,0,0,0,0
8004093,736,0,2,0,0,0,0,0,0,0,0,0
8007737,737,0,2,0,0,0,0,0,0,0,0,0
8011381,738,0,2,0,0,0,0,0,0,0,0,0
8015026,739,0,2,0,0,0,0,0,0,0,0,0
8018669,740,0,2,0,0,0,0,0,0,0,0,0
8022314,741,0,2,0,0,0,0,0,0,0,0,0
8025957,742,0,2,0,0,0,0,0,0,0,0,0
8029601,743,0,2,0,0,0,0,0,0,0,0,0
8033245,744,0,2,0,0,0,0,0,0,0,0,0
8036889,745,0,2,0,0,0,0,0,0,0,0,0
8040533,746,0,2,0,0,0,0,0,0,0,0,0
8044177,747,0,2,0,0,0,0,0,0,0,0,0
8047821,748,0,2,0,0,0,0,0,0,0,0,0
8051465,749,0,2,0,0,0,0,0,0,0,0,0
8055109,750,0,2,0,0,0,0,0,0,0,0,0
8058754,751,0,2,0,0,0,0,0,0,0,0,0
8062397,752,0,2,0,0,0,0,0,0,0,0,0
8066041,753,0,2,0,0,0,0,0,0,0,0,0
8069685,754,0,2,0,0,0,0,0,0,0,0,0
8073329,755,0,2,0,0,0,0,0,0,0,0,0
8076973,756,0,2,0,0,0,0,0,0,0,0,0
8080617,757,0,2,0,0,0,0,0,0,0,0,0
8084261,758,0,2,0,0,0,0,0,0,0,0,0
8087905,759,0,2,0,0,0,0,0,0,0,0,0
8091549,760,0,2,0,0,0,0,0,0,0,0,0
8095194,761,0,2,0,0,0,0,0,0,0,0,0
8098837,762,0,2,0,0,0,0,0,0,0,0,0
8102481,763,0,2,0,0,0,0,0,0,0,0,0
8106125,764,0,2,0,0,0,0,0,0,0,0,0
8109769,765,0,2,0,0,0,0,0,0,0,0,0
8113413,766,0,2,0,0,0,0,0,0,0,0,0
8117057,767,0,2,0,0,0,0,0,0,0,0,0
8120701,768,0,2,0,0,0,0,0,0,0,0,0
8124345,769,0,2,0,0,0,0,0,0,0,0,0
8127989,770,0,2,0,0,0,0,0,0,0,0,0
8131633,771,0,2,0,0,0,0,0,0,0,0,0
8135277,772,0,2,0,0,0,0,0,0,0,0,0
8138921,773,0,2,0,0,0,0,0,0,0,0,0
8142565,774,0,2,0,0,0,0,0,0,0,0,0
8146209,775,0,2,0,0,0,0,0,0,0,0,0
8149853,776,0,2,0,0,0,0,0,0,0,0,0
8153497,777,0,2,0,0,0,0,0,0,0,0,0
8157141,778,0,2,0,0,0,0,0,0,0,0,0
8160785,779,0,2,0,0,0,0,0,0,0,0,0
8164429,780,0,2,0,0,0,0,0,0,0,0,0
8168074,781,0,2,0,0,0,0,0,0,0,0,0
8171717,782,0,2,0,0,0,0,0,0,0,0,0
8175361,783,0,2,0,0,0,0,0,0,0,0,0
8179006,784,0,2,0,0,0,0,0,0,0,0,0
8182649,785,0,2,0,0,0,0,0,0,0,0,0
8186293,786,0,2,0,0,0,0,0,0,0,0,0
8189937,787,0,2,0,0,0,0,0,0,0,0,0
8193581,788,0,2,0,0,0,0,0,0,0,0,0
8197225,789,0,2,0,0,0,0,0,0,0,0,0
8200869,790,0,2,0,0,0,0,0,0,0,0,0
8204513,791,0,2,0,0,0,0,0,0,0,0,0
8208157,792,0,2,0,0,0,0,0,0,0,0,0
8211801,793,0,2,0,0,0,0,0,0,0,0,0
8215445,794,0,2,0,0,0,0,0,0,0,0,0
8219089,795,0,2,0,0,0,0,0,0,0,0,0
8222733,796,0,2,0,0,0,0,0,0,0,0,0
8226377,797,0,2,0,0,0,0,0,0,0,0,0
8230021,798,0,2,0,0,0,0,0,0,0,0,0
8233665,799,0,2,0,0,0,0,0,0,0,0,0
8237309,800,0,2,0,0,0,0,0,0,0,0,0
8240954,801,0,2,0,0,0,0,0,0,0,0,0
8244597,802,0,2,0,0,0,0,0,0,0,0,0
8248242,803,0,2,0,0,0,0,0,0,0,0,0
8251885,804,0,2,0,0,0,0,0,0,0,0,0
8255529,805,0,2,0,0,0,0,0,0,0,0,0
8259173,806,0,2,0,0,0,0,0,0,0,0,0
8262817,807,0,2,0,0,0,0,0,0,0,0,0
8266461,808,0,2,0,0,0,0,0,0,0,0,0
8270105,809,0,2,0,0,0,0,0,0,0,0,0
8273749,810,0,2,0,0,0,0,0,0,0,0,0
8277394,811,0,2,0,0,0,0,0,0,0,0,0
8281037,812,0,2,0,0,0,0,0,0,0,0,0
8284681,813,0,2,0,0,0,0,0,0,0,0,0
8288325,814,0,2,0,0,0,0,0,0,0,0,0
8291969,815,0,2,0,0,0,0,0,0,0,0,0
8295613,816,0,2,0,0,0,0,0,0,0,0,0
8299257,817,0,2,0,0,0,0,0,0,0,0,0
8302901,818,0,2,0,0,0,0,0,0,0,0,0
8306545,819,0,2,0,0,0,0,0,0,0,0,0
8310189,820,0,2,0,0,0,0,0,0,0,0,0
8313834,821,0,2,0,0,0,0,0,0,0,0,0
8317477,822,0,2,0,0,0,0,0,0,0,0,0
8321121,823,0,2,0,0,0,0,0,0,0,0,0
8324765,824,0,2,0,0,0,0,0,0,0,0,0
8328409,825,0,2,0,0,0,0,0,0,0,0,0
8332053,826,0,2,0,0,0,0,0,0,0,0,0
8335697,827,0,2,0,0,0,0,0,0,0,0,0
8339341,828,0,2,0,0,0,0,0,0,0,0,0
8342985,829,0,2,0,0,0,0,0,0,0,0,0
8346629,830,0,2,0,0,0,0,0,0,0,0,0
8350273,831,0,2,0,0,0,0,0,0,0,0,0
8353917,832,0,2,0,0,0,0,0,0,0,0,0
8357561,833,0,2,0,0,0,0,0,0,0,0,0
8361205,834,0,2,0,0,0,0,0,0,0,0,0
8364849,835,0,2,0,0,0,0,0,0,0,0,0
8368493,836,0,2,0,0,0,0,0,0,0,0,0
8372137,837,0,2,0,0,0,0,0,0,0,0,0
8375781,838,0,2,0,0,0,0,0,0,0,0,0
8379425,839,0,2,0,0,0,0,0,0,0,0,0
8383069,840,0,2,0,0,0,0,0,0,0,0,0
8386714,841,0,2,0,0,0,0,0,0,0,0,0
8390357,842,0,2,0,0,0,0,0,0,0,0,0
8394001,843,0,2,0,0,0,0,0,0,0,0,0
8397645,844,0,2,0,0,0,0,0,0,0,0,0
8401289,845,0,2,0,0,0,0,0,0,0,0,0
8404933,846,0,2,0,0,0,0,0,0,0,0,0
8408577,847,0,2,0,0,0,0,0,0,0,0,0
8412221,848,0,2,0,0,0,0,0,0,0,0,0
8415865,849,0,2,0,0,0,0,0,0,0,0,0
8419509,850,0,2,0,0,0,0,0,0,0,0,0
8423153,851,0,2,0,0,0,0,0,0,0,0,0
8426797,852,0,2,0,0,0,0,0,0,0,0,0
8430441,853,0,2,0,0,0,0,0,0,0,0,0
8434085,854,0,2,0,0,0,0,0,0,0,0,0
8437729,855,0,2,0,0,0,0,0,0,0,0,0
8441373,856,0,2,0,0,0,0,0,0,0,0,0
8445017,857,0,2,0,0,0,0,0,0,0,0,0
8448661,858,0,2,0,0,0,0,0,0,0,0,0
8452305,859,0,2,0,0,0,0,0,0,0,0,0
8455949,860,0,2,0,0,0,0,0,0,0,0,0
8459594,861,0,2,0,0,0,0,0,0,0,0,0
8463237,862,0,2,0,0,0,0,0,0,0,0,0
8466881,863,0,2,0,0,0,0,0,0,0,0,0
8470525,864,0,2,0,0,0,0,0,0,0,0,0
8474169,865,0,2,0,0,0,0,0,0,0,0,0
8477813,866,0,2,0,0,0,0,0,0,0,0,0
8481457,867,0,2,0,0,0,0,0,0,0,0,0
8485101,868,0,2,0,0,0,0,0,0,0,0,0
8488745,869,0,2,0,0,0,0,0,0,0,0,0
8492389,870,0,2,0,0,0,0,0,0,0,0,0
8496034,871,0,2,0,0,0,0,0,0,0,0,0
8499677,872,0,2,0,0,0,0,0,0,0,0,0
8503321,873,0,2,0,0,0,0,0,0,0,0,0
8506965,874,0,2,0,0,0,0,0,0,0,0,0
8510609,875,0,2,0,0,0,0,0,0,0,0,0
8514253,876,0,2,0,0,0,0,0,0,0,0,0
8517897,877,0,2,0,0,0,0,0,0,0,0,0
8521541,878,0,2,0,0,0,0,0,0,0,0,0
8525185,879,0,2,0,0,0,0,0,0,0,0,0
8528829,880,0,2,0,0,0,0,0,0,0,0,0
8532473,881,0,2,0,0,0,0,0,0,0,0,0
8536117,882,0,2,0,0,0,0,0,0,0,0,0
8539761,883,0,2,0,0,0,0,0,0,0,0,0
8543405,884,0,2,0,0,0,0,0,0,0,0,0
8547049,885,0,2,0,0,0,0,0,0,0,0,0
8550693,886,0,2,0,0,0,0,0,0,0,0,0
8554337,887,0,2,0,0,0,0,0,0,0,0,0
8557981,888,0,2,0,0,0,0,0,0,0,0,0
8561625,889,0,2,0,0,0,0,0,0,0,0,0
8565269,890,0,2,0,0,0,0,0,0,0,0,0
8568914,891,0,2,0,0,0,0,0,0,0,0,0
8572557,892,0,2,0,0,0,0,0,0,0,0,0
8576201,893,0,2,0,0,0,0,0,0,0,0,0
8579845,894,0,2,0,0,0,0,0,0,0,0,0
8583489,895,0,2,0,0,0,0,0,0,0,0,0
8587133,896,0,2,0,0,0,0,0,0,0,0,0
8590777,897,0,2,0,0,0,0,0,0,0,0,0
8594421,898,0,2,0,0,0,0,0,0,0,0,0
8598065,899,0,2,0,0,0,0,0,0,0,0,0
8601709,900,0,2,0,0,0,0,0,0,0,0,0
8605354,901,0,2,0,0,0,0,0,0,0,0,0
8608997,902,0,2,0,0,0,0,0,0,0,0,0
8612641,903,0,2,0,0,0,0,0,0,0,0,0
8616285,904,0,2,0,0,0,0,0,0,0,0,0
8619929,905,0,2,0,0,0,0,0,0,0,0,0
8623573,906,0,2,0,0,0,0,0,0,0,0,0
8627217,907,0,2,0,0,0,0,0,0,0,0,0
8630861,908,0,2,0,0,0,0,0,0,0,0,0
8643536,909,0,2,0,0,0,0,0,0,0,0,0
8647168,910,0,2,0,0,0,0,0,0,0,0,0
8650813,911,0,2,0,0,0,0,0,0,0,0,0
8654456,912,0,2,0,0,0,0,0,0,0,0,0
8658100,913,0,2,0,0,0,0,0,0,0,0,0
8661744,914,0,2,0,0,0,0,0,0,0,0,0
8665388,915,0,2,0,0,0,0,0,0,0,0,0
8669032,916,0,2,0,0,0,0,0,0,0,0,0
8672676,917,0,2,0,0,0,0,0,0,0,0,0
8676320,918,0,2,0,0,0,0,0,0,0,0,0
8679964,919,0,2,0,0,0,0,0,0,0,0,0
8683608,920,0,2,0,0,0,0,0,0,0,0,0
8687252,921,0,2,0,0,0,0,0,0,0,0,0
8690896,922,0,2,0,0,0,0,0,0,0,0,0
8694540,923,0,2,0,0,0,0,0,0,0,0,0
8698184,924,0,2,0,0,0,0,0,0,0,0,0
8701828,925,0,2,0,0,0,0,0,0,0,0,0
8705472,926,0,2,0,0,0,0,0,0,0,0,0
8709116,927,0,2,0,0,0,0,0,0,0,0,0
8712760,928,0,2,0,0,0,0,0,0,0,0,0
8716404,929,0,2,0,0,0,0,0,0,0,0,0
8720048,930,0,2,0,0,0,0,0,0,0,0,0
8723692,931,0,2,0,0,0,0,0,0,0,0,0
8727336,932,0,2,0,0,0,0,0,0,0,0,0
8730980,933,0,2,0,0,0,0,0,0,0,0,0
8734624,934,0,2,0,0,0,0,0,0,0,0,0
8738268,935,0,2,0,0,0,0,0,0,0,0,0
8741912,936,0,2,0,0,0,0,0,0,0,0,0
8745556,937,0,2,0,0,0,0,0,0,0,0,0
8749200,938,0,2,0,0,0,0,0,0,0,0,0
8752844,939,0,2,0,0,0,0,0,0,0,0,0
8756488,940,0,2,0,0,0,0,0,0,0,0,0
8760132,941,0,2,0,0,0,0,0,0,0,0,0
8763776,942,0,2,0,0,0,0,0,0,0,0,0
8767420,943,0,2,0,0,0,0,0,0,0,0,0
8771064,944,0,2,0,0,0,0,0,0,0,0,0
8774708,945,0,2,0,0,0,0,0,0,0,0,0
8778352,946,0,2,0,0,0,0,0,0,0,0,0
8781996,947,0,2,0,0,0,0,0,0,0,0,0
8785640,948,0,2,0,0,0,0,0,0,0,0,0
8789284,949,0,2,0,0,0,0,0,0,0,0,0
8792928,950,0,2,0,0,0,0,0,0,0,0,0
8796572,951,0,2,0,0,0,0,0,0,0,0,0
8800216,952,0,2,0,0,0,0,0,0,0,0,0
8803860,953,0,2,0,0,0,0,0,0,0,0,0
8807504,954,0,2,0,0,0,0,0,0,0,0,0
8811148,955,0,2,0,0,0,0,0,0,0,0,0
8814792,956,0,2,0,0,0,0,0,0,0,0,0
8818436,957,0,2,0,0,0,0,0,0,0,0,0
8822080,958,0,2,0,0,0,0,0,0,0,0,0
8825724,959,0,2,0,0,0,0,0,0,0,0,0
8829368,960,0,2,0,0,0,0,0,0,0,0,0
8833013,961,0,2,0,0,0,0,0,0,0,0,0
8836656,962,0,2,0,0,0,0,0,0,0,0,0
8840300,963,0,2,0,0,0,0,0,0,0,0,0
8843944,964,0,2,0,0,0,0,0,0,0,0,0
8847588,965,0,2,0,0,0,0,0,0,0,0,0
8851232,966,0,2,0,0,0,0,0,0,0,0,0
8854876,967,0,2,0,0,0,0,0,0,0,0,0
8858520,968,0,2,0,0,0,0,0,0,0,0,0
8862164,969,0,2,0,0,0,0,0,0,0,0,0
8865808,970,0,2,0,0,0,0,0,0,0,0,0
8869453,971,0,2,0,0,0,0,0,0,0,0,0
8873096,972,0,2,0,0,0,0,0,0,0,0,0
8876740,973,0,2,0,0,0,0,0,0,0,0,0
8880384,974,0,2,0,0,0,0,0,0,0,0,0
8884028,975,0,2,0,0,0,0,0,0,0,0,0
8887672,976,0,2,0,0,0,0,0,0,0,0,0
8891316,977,0,2,0,0,0,0,0,0,0,0,0
8894960,978,0,2,0,0,0,0,0,0,0,0,0
8898604,979,0,2,0,0,0,0,0,0,0,0,0
8902248,980,0,2,0,0,0,0,0,0,0,0,0
8905892,981,0,2,0,0,0,0,0,0,0,0,0
8909536,982,0,2,0,0,0,0,0,0,0,0,0
8913180,983,0,2,0,0,0,0,0,0,0,0,0
8916824,984,0,2,0,0,0,0,0,0,0,0,0
8920468,985,0,2,0,0,0,0,0,0,0,0,0
8924112,986,0,2,0,0,0,0,0,0,0,0,0
8927756,987,0,2,0,0,0,0,0,0,0,0,0
8931400,988,0,2,0,0,0,0,0,0,0,0,0
8935044,989,0,2,0,0,0,0,0,0,0,0,0
8938688,990,0,2,0,0,0,0,0,0,0,0,0
8942333,991,0,2,0,0,0,0,0,0,0,0,0
8945976,992,0,2,0,0,0,0,0,0,0,0,0
8949620,993,0,2,0,0,0,0,0,0,0,0,0
8953264,994,0,2,0,0,0,0,0,0,0,0,0
8956908,995,0,2,0,0,0,0,0,0,0,0,0
8960552,996,0,2,0,0,0,0,0,0,0,0,0
8964196,997,0,2,0,0,0,0,0,0,0,0,0
8967840,998,0,2,0,0,0,0,0,0,0,0,0
8971484,999,0,2,0,0,0,0,0,0,0,0,0
8975128,1000,0,2,0,0,0,0,0,0,0,0,0
8978773,1001,0,2,0,0,0,0,0,0,0,0,0
8982416,1002,0,2,0,0,0,0,0,0,0,0,0
8986061,1003,0,2,0,0,0,0,0,0,0,0,0
8989704,1004,0,2,0,0,0,0,0,0,0,0,0
8993348,1005,0,2,0,0,0,0,0,0,0,0,0
8996992,1006,0,2,0,0,0,0,0,0,0,0,0
9000636,1007,0,2,0,0,0,0,0,0,0,0,0
9004280,1008,0,2,0,0,0,0,0,0,0,0,0
9007924,1009,0,2,0,0,0,0,0,0,0,0,0
9011568,1010,0,2,0,0,0,0,0,0,0,0,0
9015213,1011,0,2,0,0,0,0,0,0,0,0,0
9018856,1012,0,2,0,0,0,0,0,0,0,0,0
9022500,1013,0,2,0,0,0,0,0,0,0,0,0
9026144,1014,0,2,0,0,0,0,0,0,0,0,0
9029788,1015,0,2,0,0,0,0,0,0,0,0,0
9033432,1016,0,2,0,0,0,0,0,0,0,0,0
9037076,1017,0,2,0,0,0,0,0,0,0,0,0
9040720,1018,0,2,0,0,0,0,0,0,0,0,0
9044364,1019,0,2,0,0,0,0,0,0,0,0,0
9048008,1020,0,2,0,0,0,0,0,0,0,0,0
9051653,1021,0,2,0,0,0,0,0,0,0,0,0
9055296,1022,0,2,0,0,0,0,0,0,0,0,0
9058940,1023,0,2,0,0,0,0,0,0,0,0,0
9062584,1024,0,2,0,0,0,0,0,0,0,0,0
9066228,1025,0,2,0,0,0,0,0,0,0,0,0
9069872,1026,0,2,0,0,0,0,0,0,0,0,0
9073516,1027,0,2,0,0,0,0,0,0,0,0,0
9077160,1028,0,2,0,0,0,0,0,0,0,0,0
9080804,1029,0,2,0,0,0,0,0,0,0,0,0
9084448,1030,0,2,0,0,0,0,0,0,0,0,0
9088093,1031,0,2,0,0,0,0,0,0,0,0,0
9091736,1032,0,2,0,0,0,0,0,0,0,0,0
9095380,1033,0,2,0,0,0,0,0,0,0,0,0
9099024,1034,0,2,0,0,0,0,0,0,0,0,0
9102668,1035,0,2,0,0,0,0,0,0,0,0,0
9106312,1036,0,2,0,0,0,0,0,0,0,0,0
9109956,1037,0,2,0,0,0,0,0,0,0,0,0
9113600,1038,0,2,0,0,0,0,0,0,0,0,0
9117244,1039,0,2,0,0,0,0,0,0,0,0,0
9120888,1040,0,2,0,0,0,0,0,0,0,0,0
9124533,1041,0,2,0,0,0,0,0,0,0,0,0
9128176,1042,0,2,0,0,0,0,0,0,0,0,0
9131820,1043,0,2,0,0,0,0,0,0,0,0,0
9135464,1044,0,2,0,0,0,0,0,0,0,0,0
9139108,1045,0,2,0,0,0,0,0,0,0,0,0
9142752,1046,0,2,0,0,0,0,0,0,0,0,0
9146396,1047,0,2,0,0,0,0,0,0,0,0,0
9150040,1048,0,2,0,0,0,0,0,0,0,0,0
9153684,1049,0,2,0,0,0,0,0,0,0,0,0
9157328,1050,0,2,0,0,0,0,0,0,0,0,0
9160972,1051,0,2,0,0,0,0,0,0,0,0,0
9164616,1052,0,2,0,0,0,0,0,0,0,0,0
9168260,1053,0,2,0,0,0,0,0,0,0,0,0
9171904,1054,0,2,0,0,0,0,0,0,0,0,0
9175548,1055,0,2,0,0,0,0,0,0,0,0,0
9179192,1056,0,2,0,0,0,0,0,0,0,0,0
9182836,1057,0,2,0,0,0,0,0,0,0,0,0
9186480,1058,0,2,0,0,0,0,0,0,0,0,0
9190124,1059,0,2,0,0,0,0,0,0,0,0,0
9193768,1060,0,2,0,0,0,0,0,0,0,0,0
9197413,1061,0,2,0,0,0,0,0,0,0,0,0
9201056,1062,0,2,0,0,0,0,0,0,0,0,0
9204700,1063,0,2,0,0,0,0,0,0,0,0,0
9208344,1064,0,2,0,0,0,0,0,0,0,0,0
9211988,1065,0,2,0,0,0,0,0,0,0,0,0
9215632,1066,0,2,0,0,0,0,0,0,0,0,0
9219276,1067,0,2,0,0,0,0,0,0,0,0,0
9222920,1068,0,2,0,0,0,0,0,0,0,0,0
9226564,1069,0,2,0,0,0,0,0,0,0,0,0
9230208,1070,0,2,0,0,0,0,0,0,0,0,0
9233852,1071,0,2,0,0,0,0,0,0,0,0,0
9237496,1072,0,2,0,0,0,0,0,0,0,0,0
9241140,1073,0,2,0,0,0,0,0,0,0,0,0
9244784,1074,0,2,0,0,0,0,0,0,0,0,0
9248428,1075,0,2,0,0,0,0,0,0,0,0,0
9252073,1076,0,2,0,0,0,0,0,0,0,0,0
9255716,1077,0,2,0,0,0,0,0,0,0,0,0
9259360,1078,0,2,0,0,0,0,0,0,0,0,0
9263004,1079,0,2,0,0,0,0,0,0,0,0,0
9266648,1080,0,2,0,0,0,0,0,0,0,0,0
9270293,1081,0,2,0,0,0,0,0,0,0,0,0
9273936,1082,0,2,0,0,0,0,0,0,0,0,0
9277580,1083,0,2,0,0,0,0,0,0,0,0,0
9281224,1084,0,2,0,0,0,0,0,0,0,0,0
9284868,1085,0,2,0,0,0,0,0,0,0,0,0
9288512,1086,0,2,0,0,0,0,0,0,0,0,0
9292156,1087,0,2,0,0,0,0,0,0,0,0,0
9295800,1088,0,2,0,0,0,0,0,0,0,0,0
9299444,1089,0,2,0,0,0,0,0,0,0,0,0
9303088,1090,0,2,0,0,0,0,0,0,0,0,0
9306732,1091,0,2,0,0,0,0,0,0,0,0,0
9310376,1092,0,2,0,0,0,0,0,0,0,0,0
9314020,1093,0,2,0,0,0,0,0,0,0,0,0
9317664,1094,0,2,0,0,0,0,0,0,0,0,0
9321308,1095,0,2,0,0,0,0,0,0,0,0,0
9324952,1096,0,2,0,0,0,0,0,0,0,0,0
9328596,1097,0,2,0,0,0,0,0,0,0,0,0
9332240,1098,0,2,0,0,0,0,0,0,0,0,0
9335884,1099,0,2,0,0,0,0,0,0,0,0,0
9339528,1100,0,2,0,0,0,0,0,0,0,0,0
9343173,1101,0,2,0,0,0,0,0,0,0,0,0
9346816,1102,0,2,0,0,0,0,0,0,0,0,0
9350460,1103,0,2,0,0,0,0,0,0,0,0,0
9354104,1104,0,2,0,0,0,0,0,0,0,0,0
9357748,1105,0,2,0,0,0,0,0,0,0,0,0
9361392,1106,0,2,0,0,0,0,0,0,0,0,0
9365036,1107,0,2,0,0,0,0,0,0,0,0,0
9368680,1108,0,2,0,0,0,0,0,0,0,0,0
9372324,1109,0,2,0,0,0,0,0,0,0,0,0
9375968,1110,0,2,0,0,0,0,0,0,0,0,0
9379613,1111,0,2,0,0,0,0,0,0,0,0,0
9383256,1112,0,2,0,0,0,0,0,0,0,0,0
9386900,1113,0,2,0,0,0,0,0,0,0,0,0
9390544,1114,0,2,0,0,0,0,0,0,0,0,0
9394188,1115,0,2,0,0,0,0,0,0,0,0,0
9397832,1116,0,2,0,0,0,0,0,0,0,0,0
9401476,1117,0,2,0,0,0,0,0,0,0,0,0
9405120,1118,0,2,0,0,0,0,0,0,0,0,0
9408764,1119,0,2,0,0,0,0,0,0,0,0,0
9412408,1120,0,2,0,0,0,0,0,0,0,0,0
9416053,1121,0,2,0,0,0,0,0,0,0,0,0
9419696,1122,0,2,0,0,0,0,0,0,0,0,0
9423340,1123,0,2,0,0,0,0,0,0,0,0,0
9426984,1124,0,2,0,0,0,0,0,0,0,0,0
9430628,1125,0,2,0,0,0,0,0,0,0,0,0
9434272,1126,0,2,0,0,0,0,0,0,0,0,0
9437916,1127,0,2,0,0,0,0,0,0,0,0,0
9441560,1128,0,2,0,0,0,0,0,0,0,0,0
9445204,1129,0,2,0,0,0,0,0,0,0,0,0
9448848,1130,0,2,0,0,0,0,0,0,0,0,0
9452492,1131,0,2,0,0,0,0,0,0,0,0,0
9456136,1132,0,2,0,0,0,0,0,0,0,0,0
9459780,1133,0,2,0,0,0,0,0,0,0,0,0
9463424,1134,0,2,0,0,0,0,0,0,0,0,0
9467068,1135,0,2,0,0,0,0,0,0,0,0,0
9485566,1136,0,2,0,0,0,0,0,0,0,0,0
9489197,1137,0,2,0,0,0,0,0,0,0,0,0
9492841,1138,0,2,0,0,0,0,0,0,0,0,0
9496485,1139,0,2,0,0,0,0,0,0,0,0,0
9500129,1140,0,2,0,0,0,0,0,0,0,0,0
9503773,1141,0,2,0,0,0,0,0,0,0,0,0
9507417,1142,0,2,0,0,0,0,0,0,0,0,0
9511061,1143,0,2,0,0,0,0,0,0,0,0,0
9514705,1144,0,2,0,0,0,0,0,0,0,0,0
9518349,1145,0,2,0,0,0,0,0,0,0,0,0
9521993,1146,0,2,0,0,0,0,0,0,0,0,0
9525637,1147,0,2,0,0,0,0,0,0,0,0,0
9529281,1148,0,2,0,0,0,0,0,0,0,0,0
9532925,1149,0,2,0,0,0,0,0,0,0,0,0
9536569,1150,0,2,0,0,0,0,0,0,0,0,0
9540213,1151,0,2,0,0,0,0,0,0,0,0,0
9543857,1152,0,2,0,0,0,0,0,0,0,0,0
9547501,1153,0,2,0,0,0,0,0,0,0,0,0
9551145,1154,0,2,0,0,0,0,0,0,0,0,0
9554789,1155,0,2,0,0,0,0,0,0,0,0,0
9558433,1156,0,2,0,0,0,0,0,0,0,0,0
9562077,1157,0,2,0,0,0,0,0,0,0,0,0
9565721,1158,0,2,0,0,0,0,0,0,0,0,0
9569365,1159,0,2,0,0,0,0,0,0,0,0,0
9573010,1160,0,2,0,0,0,0,0,0,0,0,0
9576653,1161,0,2,0,0,0,0,0,0,0,0,0
9580297,1162,0,2,0,0,0,0,0,0,0,0,0
9583941,1163,0,2,0,0,0,0,0,0,0,0,0
9587585,1164,0,2,0,0,0,0,0,0,0,0,0
9591229,1165,0,2,0,0,0,0,0,0,0,0,0
9594873,1166,0,2,0,0,0,0,0,0,0,0,0
9598517,1167,0,2,0,0,0,0,0,0,0,0,0
9602161,1168,0,2,0,0,0,0,0,0,0,0,0
9605805,1169,0,2,0,0,0,0,0,0,0,0,0
9609449,1170,0,2,0,0,0,0,0,0,0,0,0
9613094,1171,0,2,0,0,0,0,0,0,0,0,0
9616737,1172,0,2,0,0,0,0,0,0,0,0,0
9620381,1173,0,2,0,0,0,0,0,0,0,0,0
9624026,1174,0,2,0,0,0,0,0,0,0,0,0
9627669,1175,0,2,0,0,0,0,0,0,0,0,0
9631313,1176,0,2,0,0,0,0,0,0,0,0,0
9634957,1177,0,2,0,0,0,0,0,0,0,0,0
9638601,1178,0,2,0,0,0,0,0,0,0,0,0
9642245,1179,0,2,0,0,0,0,0,0,0,0,0
9645889,1180,0,2,0,0,0,0,0,0,0,0,0
9649534,1181,0,2,0,0,0,0,0,0,0,0,0
9653177,1182,0,2,0,0,0,0,0,0,0,0,0
9656821,1183,0,2,0,0,0,0,0,0,0,0,0
9660465,1184,0,2,0,0,0,0,0,0,0,0,0
9664109,1185,0,2,0,0,0,0,0,0,0,0,0
9667753,1186,0,2,0,0,0,0,0,0,0,0,0
9671397,1187,0,2,0,0,0,0,0,0,0,0,0
9675042,1188,0,2,0,0,0,0,0,0,0,0,0
9678685,1189,0,2,0,0,0,0,0,0,0,0,0
9682329,1190,0,2,0,0,0,0,0,0,0,0,0
9685974,1191,0,2,0,0,0,0,0,0,0,0,0
9689617,1192,0,2,0,0,0,0,0,0,0,0,0
9693261,1193,0,2,0,0,0,0,0,0,0,0,0
9696905,1194,0,2,0,0,0,0,0,0,0,0,0
9700549,1195,0,2,0,0,0,0,0,0,0,0,0
9704193,1196,0,2,0,0,0,0,0,0,0,0,0
9707837,1197,0,2,0,0,0,0,0,0,0,0,0
9711481,1198,0,2,0,0,0,0,0,0,0,0,0
9715125,1199,0,2,0,0,0,0,0,0,0,0,0
9718769,1200,0,2,0,0,0,0,0,0,0,0,0
9722414,1201,0,2,0,0,0,0,0,0,0,0,0
9726057,1202,0,2,0,0,0,0,0,0,0,0,0
9729701,1203,0,2,0,0,0,0,0,0,0,0,0
9733345,1204,0,2,0,0,0,0,0,0,0,0,0
9736989,1205,0,2,0,0,0,0,0,0,0,0,0
9740633,1206,0,2,0,0,0,0,0,0,0,0,0
9744277,1207,0,2,0,0,0,0,0,0,0,0,0
9747921,1208,0,2,0,0,0,0,0,0,0,0,0
9751565,1209,0,2,0,0,0,0,0,0,0,0,0
9755209,1210,0,2,0,0,0,0,0,0,0,0,0
9758854,1211,0,2,0,0,0,0,0,0,0,0,0
9762497,1212,0,2,0,0,0,0,0,0,0,0,0
9766141,1213,0,2,0,0,0,0,0,0,0,0,0
9769785,1214,0,2,0,0,0,0,0,0,0,0,0
9773429,1215,0,2,0,0,0,0,0,0,0,0,0
9777073,1216,0,2,0,0,0,0,0,0,0,0,0
9780717,1217,0,2,0,0,0,0,0,0,0,0,0
9784361,1218,0,2,0,0,0,0,0,0,0,0,0
9788006,1219,0,2,0,0,0,0,0,0,0,0,0
9791649,1220,0,2,0,0,0,0,0,0,0,0,0
9795293,1221,0,2,0,0,0,0,0,0,0,0,0
9798937,1222,0,2,0,0,0,0,0,0,0,0,0
9802581,1223,0,2,0,0,0,0,0,0,0,0,0
9806225,1224,0,2,0,0,0,0,0,0,0,0,0
9809869,1225,0,2,0,0,0,0,0,0,0,0,0
9813513,1226,0,2,0,0,0,0,0,0,0,0,0
9817157,1227,0,2,0,0,0,0,0,0,0,0,0
9820801,1228,0,2,0,0,0,0,0,0,0,0,0
9824445,1229,0,2,0,0,0,0,0,0,0,0,0
9828089,1230,0,2,0,0,0,0,0,0,0,0,0
9831734,1231,0,2,0,0,0,0,0,0,0,0,0
9835377,1232,0,2,0,0,0,0,0,0,0,0,0
9839021,1233,0,2,0,0,0,0,0,0,0,0,0
9842665,1234,0,2,0,0,0,0,0,0,0,0,0
9846309,1235,0,2,0,0,0,0,0,0,0,0,0
9849953,1236,0,2,0,0,0,0,0,0,0,0,0
9853597,1237,0,2,0,0,0,0,0,0,0,0,0
9857241,1238,0,2,0,0,0,0,0,0,0,0,0
9860885,1239,0,2,0,0,0,0,0,0,0,0,0
9864529,1240,0,2,0,0,0,0,0,0,0,0,0
9868174,1241,0,2,0,0,0,0,0,0,0,0,0
9871817,1242,0,2,0,0,0,0,0,0,0,0,0
9875461,1243,0,2,0,0,0,0,0,0,0,0,0
9879105,1244,0,2,0,0,0,0,0,0,0,0,0
9882749,1245,0,2,0,0,0,0,0,0,0,0,0
9886393,1246,0,2,0,0,0,0,0,0,0,0,0
9890038,1247,0,2,0,0,0,0,0,0,0,0,0
9893681,1248,0,2,0,0,0,0,0,0,0,0,0
9897325,1249,0,2,0,0,0,0,0,0,0,0,0
9900969,1250,0,2,0,0,0,0,0,0,0,0,0
9904613,1251,0,2,0,0,0,0,0,0,0,0,0
9908257,1252,0,2,0,0,0,0,0,0,0,0,0
9911901,1253,0,2,0,0,0,0,0,0,0,0,0
9915545,1254,0,2,0,0,0,0,0,0,0,0,0
9919189,1255,0,2,0,0,0,0,0,0,0,0,0
9922833,1256,0,2,0,0,0,0,0,0,0,0,0
9926477,1257,0,2,0,0,0,0,0,0,0,0,0
9930121,1258,0,2,0,0,0,0,0,0,0,0,0
9933765,1259,0,2,0,0,0,0,0,0,0,0,0
9937409,1260,0,2,0,0,0,0,0,0,0,0,0
9941054,1261,0,2,0,0,0,0,0,0,0,0,0
9944697,1262,0,2,0,0,0,0,0,0,0,0,0
9948341,1263,0,2,0,0,0,0,0,0,0,0,0
9951985,1264,0,2,0,0,0,0,0,0,0,0,0
9955629,1265,0,2,0,0,0,0,0,0,0,0,0
9959273,1266,0,2,0,0,0,0,0,0,0,0,0
9962917,1267,0,2,0,0,0,0,0,0,0,0,0
9966561,1268,0,2,0,0,0,0,0,0,0,0,0
9970205,1269,0,2,0,0,0,0,0,0,0,0,0
9973849,1270,0,2,0,0,0,0,0,0,0,0,0
9977493,1271,0,2,0,0,0,0,0,0,0,0,0
9981137,1272,0,2,0,0,0,0,0,0,0,0,0
9984781,1273,0,2,0,0,0,0,0,0,0,0,0
9988425,1274,0,2,0,0,0,0,0,0,0,0,0
9992070,1275,0,2,0,0,0,0,0,0,0,0,0
9995713,1276,0,2,0,0,0,0,0,0,0,0,0
9999357,1277,0,2,0,0,0,0,0,0,0,0,0
10003001,1278,0,2,0,0,0,0,0,0,0,0,0
10006645,1279,0,2,0,0,0,0,0,0,0,0,0
10010289,1280,0,2,0,0,0,0,0,0,0,0,0
10013934,1281,0,2,0,0,0,0,0,0,0,0,0
10017577,1282,0,2,0,0,0,0,0,0,0,0,0
10021221,1283,0,2,0,0,0,0,0,0,0,0,0
10024865,1284,0,2,0,0,0,0,0,0,0,0,0
10028509,1285,0,2,0,0,0,0,0,0,0,0,0
10032153,1286,0,2,0,0,0,0,0,0,0,0,0
10035797,1287,0,2,0,0,0,0,0,0,0,0,0
10039441,1288,0,2,0,0,0,0,0,0,0,0,0
10043086,1289,0,2,0,0,0,0,0,0,0,0,0
10046729,1290,0,2,0,0,0,0,0,0,0,0,0
10050373,1291,0,2,0,0,0,0,0,0,0,0,0
10054017,1292,0,2,0,0,0,0,0,0,0,0,0
10057661,1293,0,2,0,0,0,0,0,0,0,0,0
10061305,1294,0,2,0,0,0,0,0,0,0,0,0
10064949,1295,0,2,0,0,0,0,0,0,0,0,0
10068593,1296,0,2,0,0,0,0,0,0,0,0,0
10072237,1297,0,2,0,0,0,0,0,0,0,0,0
10075881,1298,0,2,0,0,0,0,0,0,0,0,0
10079525,1299,0,2,0,0,0,0,0,0,0,0,0
10083169,1300,0,2,0,0,0,0,0,0,0,0,0
10086813,1301,0,2,0,0,0,0,0,0,0,0,0
10090457,1302,0,2,0,0,0,0,0,0,0,0,0
10094101,1303,0,2,0,0,0,0,0,0,0,0,0
10097745,1304,0,2,0,0,0,0,0,0,0,0,0
10101389,1305,0,2,0,0,0,0,0,0,0,0,0
10105034,1306,0,2,0,0,0,0,0,0,0,0,0
10108677,1307,0,2,0,0,0,0,0,0,0,0,0
10112321,1308,0,2,0,0,0,0,0,0,0,0,0
10115965,1309,0,2,0,0,0,0,0,0,0,0,0
10119609,1310,0,2,0,0,0,0,0,0,0,0,0
10123253,1311,0,2,0,0,0,0,0,0,0,0,0
10126897,1312,0,2,0,0,0,0,0,0,0,0,0
10130541,1313,0,2,0,0,0,0,0,0,0,0,0
10134185,1314,0,2,0,0,0,0,0,0,0,0,0
10137829,1315,0,2,0,0,0,0,0,0,0,0,0
10141473,1316,0,2,0,0,0,0,0,0,0,0,0
10145117,1317,0,2,0,0,0,0,0,0,0,0,0
10148761,1318,0,2,0,0,0,0,0,0,0,0,0
10152405,1319,0,2,0,0,0,0,0,0,0,0,0
10156049,1320,0,2,0,0,0,0,0,0,0,0,0
10159694,1321,0,2,0,0,0,0,0,0,0,0,0
10163337,1322,0,2,0,0,0,0,0,0,0,0,0
10166981,1323,0,2,0,0,0,0,0,0,0,0,0
10170625,1324,0,2,0,0,0,0,0,0,0,0,0
10174269,1325,0,2,0,0,0,0,0,0,0,0,0
10177913,1326,0,2,0,0,0,0,0,0,0,0,0
10181557,1327,0,2,0,0,0,0,0,0,0,0,0
10185201,1328,0,2,0,0,0,0,0,0,0,0,0
10188845,1329,0,2,0,0,0,0,0,0,0,0,0
10192489,1330,0,2,0,0,0,0,0,0,0,0,0
10196134,1331,0,2,0,0,0,0,0,0,0,0,0
10199777,1332,0,2,0,0,0,0,0,0,0,0,0
10203421,1333,0,2,0,0,0,0,0,0,0,0,0
10207065,1334,0,2,0,0,0,0,0,0,0,0,0
10210709,1335,0,2,0,0,0,0,0,0,0,0,0
10214353,1336,0,2,0,0,0,0,0,0,0,0,0
10217997,1337,0,2,0,0,0,0,0,0,0,0,0
10221641,1338,0,2,0,0,0,0,0,0,0,0,0
10225285,1339,0,2,0,0,0,0,0,0,0,0,0
10228929,1340,0,2,0,0,0,0,0,0,0,0,0
10232574,1341,0,2,0,0,0,0,0,0,0,0,0
10236217,1342,0,2,0,0,0,0,0,0,0,0,0
10239861,1343,0,2,0,0,0,0,0,0,0,0,0
10243505,1344,0,2,0,0,0,0,0,0,0,0,0
10247149,1345,0,2,0,0,0,0,0,0,0,0,0
10250793,1346,0,2,0,0,0,0,0,0,0,0,0
10254437,1347,0,2,0,0,0,0,0,0,0,0,0
10258082,1348,0,2,0,0,0,0,0,0,0,0,0
10261725,1349,0,2,0,0,0,0,0,0,0,0,0
10265369,1350,0,2,0,0,0,0,0,0,0,0,0
10269013,1351,0,2,0,0,0,0,0,0,0,0,0
10272657,1352,0,2,0,0,0,0,0,0,0,0,0
10276301,1353,0,2,0,0,0,0,0,0,0,0,0
10279945,1354,0,2,0,0,0,0,0,0,0,0,0
10283589,1355,0,2,0,0,0,0,0,0,0,0,0
10287233,1356,0,2,0,0,0,0,0,0,0,0,0
10290877,1357,0,2,0,0,0,0,0,0,0,0,0
10294521,1358,0,2,0,0,0,0,0,0,0,0,0
10298165,1359,0,2,0,0,0,0,0,0,0,0,0
10301809,1360,0,2,0,0,0,0,0,0,0,0,0
10305453,1361,0,2,0,0,0,0,0,0,0,0,0
10309097,1362,0,2,0,0,0,0,0,0,0,0,0
10321437,1363,0,2,0,0,0,0,0,0,0,0,0
10325068,1364,0,2,0,0,0,0,0,0,0,0,0
10328712,1365,0,2,0,0,0,0,0,0,0,0,0
10332356,1366,0,2,0,0,0,0,0,0,0,0,0
10336000,1367,0,2,0,0,0,0,0,0,0,0,0
10339644,1368,0,2,0,0,0,0,0,0,0,0,0
10343288,1369,0,2,0,0,0,0,0,0,0,0,0
10346932,1370,0,2,0,0,0,0,0,0,0,0,0
10350576,1371,0,2,0,0,0,0,0,0,0,0,0
10354220,1372,0,2,0,0,0,0,0,0,0,0,0
10357864,1373,0,2,0,0,0,0,0,0,0,0,0
10361508,1374,0,2,0,0,0,0,0,0,0,0,0
10365152,1375,0,2,0,0,0,0,0,0,0,0,0
10368796,1376,0,2,0,0,0,0,0,0,0,0,0
10372440,1377,0,2,0,0,0,0,0,0,0,0,0
10376084,1378,0,2,0,0,0,0,0,0,0,0,0
10379728,1379,0,2,0,0,0,0,0,0,0,0,0
10383372,1380,0,2,0,0,0,0,0,0,0,0,0
10387017,1381,0,2,0,0,0,0,0,0,0,0,0
10390660,1382,0,2,0,0,0,0,0,0,0,0,0
10394304,1383,0,2,0,0,0,0,0,0,0,0,0
10397948,1384,0,2,0,0,0,0,0,0,0,0,0
10401592,1385,0,2,0,0,0,0,0,0,0,0,0
10405236,1386,0,2,0,0,0,0,0,0,0,0,0
10408880,1387,0,2,0,0,0,0,0,0,0,0,0
10412524,1388,0,2,0,0,0,0,0,0,0,0,0
10416168,1389,0,2,0,0,0,0,0,0,0,0,0
10419812,1390,0,2,0,0,0,0,0,0,0,0,0
10423456,1391,0,2,0,0,0,0,0,0,0,0,0
10427100,1392,0,2,0,0,0,0,0,0,0,0,0
10430744,1393,0,2,0,0,0,0,0,0,0,0,0
10434388,1394,0,2,0,0,0,0,0,0,0,0,0
10438032,1395,0,2,0,0,0,0,0,0,0,0,0
10441676,1396,0,2,0,0,0,0,0,0,0,0,0
10445320,1397,0,2,0,0,0,0,0,0,0,0,0
10448964,1398,0,2,0,0,0,0,0,0,0,0,0
10452608,1399,0,2,0,0,0,0,0,0,0,0,0
10456252,1400,0,2,0,0,0,0,0,0,0,0,0
10459897,1401,0,2,0,0,0,0,0,0,0,0,0
10463540,1402,0,2,0,0,0,0,0,0,0,0,0
10467184,1403,0,2,0,0,0,0,0,0,0,0,0
10470828,1404,0,2,0,0,0,0,0,0,0,0,0
10474472,1405,0,2,0,0,0,0,0,0,0,0,0
10478116,1406,0,2,0,0,0,0,0,0,0,0,0
10481760,1407,0,2,0,0,0,0,0,0,0,0,0
10485404,1408,0,2,0,0,0,0,0,0,0,0,0
10489048,1409,0,2,0,0,0,0,0,0,0,0,0
10492692,1410,0,2,0,0,0,0,0,0,0,0,0
10496337,1411,0,2,0,0,0,0,0,0,0,0,0
10499980,1412,0,2,0,0,0,0,0,0,0,0,0
10503624,1413,0,2,0,0,0,0,0,0,0,0,0
10507268,1414,0,2,0,0,0,0,0,0,0,0,0
10510912,1415,0,2,0,0,0,0,0,0,0,0,0
10514556,1416,0,2,0,0,0,0,0,0,0,0,0
10518200,1417,0,2,0,0,0,0,0,0,0,0,0
10521844,1418,0,2,0,0,0,0,0,0,0,0,0
10525488,1419,0,2,0,0,0,0,0,0,0,0,0
10529132,1420,0,2,0,0,0,0,0,0,0,0,0
10532776,1421,0,2,0,0,0,0,0,0,0,0,0
10536420,1422,0,2,0,0,0,0,0,0,0,0,0
10540064,1423,0,2,0,0,0,0,0,0,0,0,0
10543708,1424,0,2,0,0,0,0,0,0,0,0,0
10547352,1425,0,2,0,0,0,0,0,0,0,0,0
10550996,1426,0,2,0,0,0,0,0,0,0,0,0
10554640,1427,0,2,0,0,0,0,0,0,0,0,0
10558284,1428,0,2,0,0,0,0,0,0,0,0,0
10561928,1429,0,2,0,0,0,0,0,0,0,0,0
10565572,1430,0,2,0,0,0,0,0,0,0,0,0
10569217,1431,0,2,0,0,0,0,0,0,0,0,0
10572860,1432,0,2,0,0,0,0,0,0,0,0,0
10576504,1433,0,2,0,0,0,0,0,0,0,0,0
10580148,1434,0,2,0,0,0,0,0,0,0,0,0
10583792,1435,0,2,0,0,0,0,0,0,0,0,0
10587436,1436,0,2,0,0,0,0,0,0,0,0,0
10591081,1437,0,2,0,0,0,0,0,0,0,0,0
10594724,1438,0,2,0,0,0,0,0,0,0,0,0
10598368,1439,0,2,0,0,0,0,0,0,0,0,0
10602013,1440,0,2,0,0,0,0,0,0,0,0,0
10605657,1441,0,2,0,0,0,0,0,0,0,0,0
10609300,1442,0,2,0,0,0,0,0,0,0,0,0
10612944,1443,0,2,0,0,0,0,0,0,0,0,0
10616588,1444,0,2,0,0,0,0,0,0,0,0,0
10620232,1445,0,2,0,0,0,0,0,0,0,0,0
10623876,1446,0,2,0,0,0,0,0,0,0,0,0
10627520,1447,0,2,0,0,0,0,0,0,0,0,0
10631164,1448,0,2,0,0,0,0,0,0,0,0,0
10634808,1449,0,2,0,0,0,0,0,0,0,0,0
10638452,1450,0,2,0,0,0,0,0,0,0,0,0
10642096,1451,0,2,0,0,0,0,0,0,0,0,0
10645740,1452,0,2,0,0,0,0,0,0,0,0,0
10649384,1453,0,2,0,0,0,0,0,0,0,0,0
10653028,1454,0,2,0,0,0,0,0,0,0,0,0
10656672,1455,0,2,0,0,0,0,0,0,0,0,0
10660316,1456,0,2,0,0,0,0,0,0,0,0,0
10663960,1457,0,2,0,0,0,0,0,0,0,0,0
10667604,1458,0,2,0,0,0,0,0,0,0,0,0
10671248,1459,0,2,0,0,0,0,0,0,0,0,0
10674892,1460,0,2,0,0,0,0,0,0,0,0,0
10678537,1461,0,2,0,0,0,0,0,0,0,0,0
10682180,1462,0,2,0,0,0,0,0,0,0,0,0
10685824,1463,0,2,0,0,0,0,0,0,0,0,0
10689468,1464,0,2,0,0,0,0,0,0,0,0,0
10693112,1465,0,2,0,0,0,0,0,0,0,0,0
10696756,1466,0,2,0,0,0,0,0,0,0,0,0
10700400,1467,0,2,0,0,0,0,0,0,0,0,0
10704044,1468,0,2,0,0,0,0,0,0,0,0,0
10707688,1469,0,2,0,0,0,0,0,0,0,0,0
10711332,1470,0,2,0,0,0,0,0,0,0,0,0
10714977,1471,0,2,0,0,0,0,0,0,0,0,0
10718620,1472,0,2,0,0,0,0,0,0,0,0,0
10722264,1473,0,2,0,0,0,0,0,0,0,0,0
10725908,1474,0,2,0,0,0,0,0,0,0,0,0
10729552,1475,0,2,0,0,0,0,0,0,0,0,0
10733196,1476,0,2,0,0,0,0,0,0,0,0,0
10736840,1477,0,2,0,0,0,0,0,0,0,0,0
10740484,1478,0,2,0,0,0,0,0,0,0,0,0
10744128,1479,0,2,0,0,0,0,0,0,0,0,0
10747772,1480,0,2,0,0,0,0,0,0,0,0,0
10751417,1481,0,2,0,0,0,0,0,0,0,0,0
10755060,1482,0,2,0,0,0,0,0,0,0,0,0
10758704,1483,0,2,0,0,0,0,0,0,0,0,0
10762348,1484,0,2,0,0,0,0,0,0,0,0,0
10765992,1485,0,2,0,0,0,0,0,0,0,0,0
10769636,1486,0,2,0,0,0,0,0,0,0,0,0
10773280,1487,0,2,0,0,0,0,0,0,0,0,0
10776924,1488,0,2,0,0,0,0,0,0,0,0,0
10780568,1489,0,2,0,0,0,0,0,0,0,0,0
10784212,1490,0,2,0,0,0,0,0,0,0,0,0
10787857,1491,0,2,0,0,0,0,0,0,0,0,0
10791500,1492,0,2,0,0,0,0,0,0,0,0,0
10795144,1493,0,2,0,0,0,0,0,0,0,0,0
10798788,1494,0,2,0,0,0,0,0,0,0,0,0
10802432,1495,0,2,0,0,0,0,0,0,0,0,0
10806076,1496,0,2,0,0,0,0,0,0,0,0,0
10809720,1497,0,2,0,0,0,0,0,0,0,0,0
10813364,1498,0,2,0,0,0,0,0,0,0,0,0
10817008,1499,0,2,0,0,0,0,0,0,0,0,0
10820652,1500,0,2,0,0,0,0,0,0,0,0,0
10824297,1501,0,2,0,0,0,0,0,0,0,0,0
10827940,1502,0,2,0,0,0,0,0,0,0,0,0
10831584,1503,0,2,0,0,0,0,0,0,0,0,0
10835228,1504,0,2,0,0,0,0,0,0,0,0,0
10838872,1505,0,2,0,0,0,0,0,0,0,0,0
10842516,1506,0,2,0,0,0,0,0,0,0,0,0
10846160,1507,0,2,0,0,0,0,0,0,0,0,0
10849804,1508,0,2,0,0,0,0,0,0,0,0,0
10853448,1509,0,2,0,0,0,0,0,0,0,0,0
10857092,1510,0,2,0,0,0,0,0,0,0,0,0
10860737,1511,0,2,0,0,0,0,0,0,0,0,0
10864380,1512,0,2,0,0,0,0,0,0,0,0,0
10868024,1513,0,2,0,0,0,0,0,0,0,0,0
10871668,1514,0,2,0,0,0,0,0,0,0,0,0
10875312,1515,0,2,0,0,0,0,0,0,0,0,0
10878956,1516,0,2,0,0,0,0,0,0,0,0,0
10882600,1517,0,2,0,0,0,0,0,0,0,0,0
10886244,1518,0,2,0,0,0,0,0,0,0,0,0
10889888,1519,0,2,0,0,0,0,0,0,0,0,0
10893532,1520,0,2,0,0,0,0,0,0,0,0,0
10897177,1521,0,2,0,0,0,0,0,0,0,0,0
10900820,1522,0,2,0,0,0,0,0,0,0,0,0
10904464,1523,0,2,0,0,0,0,0,0,0,0,0
10908108,1524,0,2,0,0,0,0,0,0,0,0,0
10911752,1525,0,2,0,0,0,0,0,0,0,0,0
10915396,1526,0,2,0,0,0,0,0,0,0,0,0
10919040,1527,0,2,0,0,0,0,0,0,0,0,0
10922684,1528,0,2,0,0,0,0,0,0,0,0,0
10926328,1529,0,2,0,0,0,0,0,0,0,0,0
10929972,1530,0,2,0,0,0,0,0,0,0,0,0
10933616,1531,0,2,0,0,0,0,0,0,0,0,0
10937260,1532,0,2,0,0,0,0,0,0,0,0,0
10940904,1533,0,2,0,0,0,0,0,0,0,0,0
10944548,1534,0,2,0,0,0,0,0,0,0,0,0
10948192,1535,0,2,0,0,0,0,0,0,0,0,0
10951836,1536,0,2,0,0,0,0,0,0,0,0,0
10955480,1537,0,2,0,0,0,0,0,0,0,0,0
10959124,1538,0,2,0,0,0,0,0,0,0,0,0
10962768,1539,0,2,0,0,0,0,0,0,0,0,0
10966412,1540,0,2,0,0,0,0,0,0,0,0,0
10970057,1541,0,2,0,0,0,0,0,0,0,0,0
10973700,1542,0,2,0,0,0,0,0,0,0,0,0
10977344,1543,0,2,0,0,0,0,0,0,0,0,0
10980988,1544,0,2,0,0,0,0,0,0,0,0,0
10984632,1545,0,2,0,0,0,0,0,0,0,0,0
10988276,1546,0,2,0,0,0,0,0,0,0,0,0
10991920,1547,0,2,0,0,0,0,0,0,0,0,0
10995564,1548,0,2,0,0,0,0,0,0,0,0,0
10999208,1549,0,2,0,0,0,0,0,0,0,0,0
11002852,1550,0,2,0,0,0,0,0,0,0,0,0
11006496,1551,0,2,0,0,0,0,0,0,0,0,0
11010140,1552,0,2,0,0,0,0,0,0,0,0,0
11013784,1553,0,2,0,0,0,0,0,0,0,0,0
11017428,1554,0,2,0,0,0,0,0,0,0,0,0
11021073,1555,0,2,0,0,0,0,0,0,0,0,0
11024716,1556,0,2,0,0,0,0,0,0,0,0,0
11028360,1557,0,2,0,0,0,0,0,0,0,0,0
11032004,1558,0,2,0,0,0,0,0,0,0,0,0
11035648,1559,0,2,0,0,0,0,0,0,0,0,0
11039292,1560,0,2,0,0,0,0,0,0,0,0,0
11042937,1561,0,2,0,0,0,0,0,0,0,0,0
11046580,1562,0,2,0,0,0,0,0,0,0,0,0
11050224,1563,0,2,0,0,0,0,0,0,0,0,0
11053868,1564,0,2,0,0,0,0,0,0,0,0,0
11057512,1565,0,2,0,0,0,0,0,0,0,0,0
11061156,1566,0,2,0,0,0,0,0,0,0,0,0
11064800,1567,0,2,0,0,0,0,0,0,0,0,0
11068444,1568,0,2,0,0,0,0,0,0,0,0,0
11072088,1569,0,2,0,0,0,0,0,0,0,0,0
11075732,1570,0,2,0,0,0,0,0,0,0,0,0
11079376,1571,0,2,0,0,0,0,0,0,0,0,0
11083020,1572,0,2,0,0,0,0,0,0,0,0,0
11086664,1573,0,2,0,0,0,0,0,0,0,0,0
11090308,1574,0,2,0,0,0,0,0,0,0,0,0
11093952,1575,0,2,0,0,0,0,0,0,0,0,0
11097596,1576,0,2,0,0,0,0,0,0,0,0,0
11101240,1577,0,2,0,0,0,0,0,0,0,0,0
11104884,1578,0,2,0,0,0,0,0,0,0,0,0
11108528,1579,0,2,0,0,0,0,0,0,0,0,0
11112172,1580,0,2,0,0,0,0,0,0,0,0,0
11115817,1581,0,2,0,0,0,0,0,0,0,0,0
11119460,1582,0,2,0,0,0,0,0,0,0,0,0
11123104,1583,0,2,0,0,0,0,0,0,0,0,0
11126748,1584,0,2,0,0,0,0,0,0,0,0,0
11130392,1585,0,2,0,0,0,0,0,0,0,0,0
11134036,1586,0,2,0,0,0,0,0,0,0,0,0
11137680,1587,0,2,0,0,0,0,0,0,0,0,0
11141324,1588,0,2,0,0,0,0,0,0,0,0,0
11144968,1589,0,2,0,0,0,0,0,0,0,0,0
11162858,1590,0,2,0,0,0,0,0,0,0,0,0
11166490,1591,0,2,0,0,0,0,0,0,0,0,0
11170134,1592,0,2,0,0,0,0,0,0,0,0,0
11173778,1593,0,2,0,0,0,0,0,0,0,0,0
11177422,1594,0,2,0,0,0,0,0,0,0,0,0
11181066,1595,0,2,0,0,0,0,0,0,0,0,0
11184710,1596,0,2,0,0,0,0,0,0,0,0,0
11188354,1597,0,2,0,0,0,0,0,0,0,0,0
11191998,1598,0,2,0,0,0,0,0,0,0,0,0
11195642,1599,0,2,0,0,0,0,0,0,0,0,0
11199286,1600,0,2,0,0,0,0,0,0,0,0,0
11202931,1601,0,2,0,0,0,0,0,0,0,0,0
11206574,1602,0,2,0,0,0,0,0,0,0,0,0
11210218,1603,0,2,0,0,0,0,0,0,0,0,0
11213862,1604,0,2,0,0,0,0,0,0,0,0,0
11217506,1605,0,2,0,0,0,0,0,0,0,0,0
11221150,1606,0,2,0,0,0,0,0,0,0,0,0
11224794,1607,0,2,0,0,0,0,0,0,0,0,0
11228438,1608,0,2,0,0,0,0,0,0,0,0,0
11232082,1609,0,2,0,0,0,0,0,0,0,0,0
11235726,1610,0,2,0,0,0,0,0,0,0,0,0
11239371,1611,0,2,0,0,0,0,0,0,0,0,0
11243014,1612,0,2,0,0,0,0,0,0,0,0,0
11246658,1613,0,2,0,0,0,0,0,0,0,0,0
11250302,1614,0,2,0,0,0,0,0,0,0,0,0
11253946,1615,0,2,0,0,0,0,0,0,0,0,0
11257590,1616,0,2,0,0,0,0,0,0,0,0,0
11261234,1617,0,2,0,0,0,0,0,0,0,0,0
11264878,1618,0,2,0,0,0,0,0,0,0,0,0
11268522,1619,0,2,0,0,0,0,0,0,0,0,0
11272166,1620,0,2,0,0,0,0,0,0,0,0,0
11275811,1621,0,2,0,0,0,0,0,0,0,0,0
11279454,1622,0,2,0,0,0,0,0,0,0,0,0
11283098,1623,0,2,0,0,0,0,0,0,0,0,0
11286742,1624,0,2,0,0,0,0,0,0,0,0,0
11290386,1625,0,2,0,0,0,0,0,0,0,0,0
11294030,1626,0,2,0,0,0,0,0,0,0,0,0
11297674,1627,0,2,0,0,0,0,0,0,0,0,0
11301318,1628,0,2,0,0,0,0,0,0,0,0,0
11304962,1629,0,2,0,0,0,0,0,0,0,0,0
11308606,1630,0,2,0,0,0,0,0,0,0,0,0
11312250,1631,0,2,0,0,0,0,0,0,0,0,0
11315894,1632,0,2,0,0,0,0,0,0,0,0,0
11319538,1633,0,2,0,0,0,0,0,0,0,0,0
11323182,1634,0,2,0,0,0,0,0,0,0,0,0
11326826,1635,0,2,0,0,0,0,0,0,0,0,0
11330470,1636,0,2,0,0,0,0,0,0,0,0,0
11334114,1637,0,2,0,0,0,0,0,0,0,0,0
11337758,1638,0,2,0,0,0,0,0,0,0,0,0
11341402,1639,0,2,0,0,0,0,0,0,0,0,0
11345046,1640,0,2,0,0,0,0,0,0,0,0,0
11348690,1641,0,2,0,0,0,0,0,0,0,0,0
11352334,1642,0,2,0,0,0,0,0,0,0,0,0
11355978,1643,0,2,0,0,0,0,0,0,0,0,0
11359622,1644,0,2,0,0,0,0,0,0,0,0,0
11363266,1645,0,2,0,0,0,0,0,0,0,0,0
11366910,1646,0,2,0,0,0,0,0,0,0,0,0
11370554,1647,0,2,0,0,0,0,0,0,0,0,0
11374198,1648,0,2,0,0,0,0,0,0,0,0,0
11377842,1649,0,2,0,0,0,0,0,0,0,0,0
11381486,1650,0,2,0,0,0,0,0,0,0,0,0
11385130,1651,0,2,0,0,0,0,0,0,0,0,0
11388774,1652,0,2,0,0,0,0,0,0,0,0,0
11392418,1653,0,2,0,0,0,0,0,0,0,0,0
11396062,1654,0,2,0,0,0,0,0,0,0,0,0
11399706,1655,0,2,0,0,0,0,0,0,0,0,0
11403350,1656,0,2,0,0,0,0,0,0,0,0,0
11406994,1657,0,2,0,0,0,0,0,0,0,0,0
11410638,1658,0,2,0,0,0,0,0,0,0,0,0
11414282,1659,0,2,0,0,0,0,0,0,0,0,0
11417926,1660,0,2,0,0,0,0,0,0,0,0,0
11421571,1661,0,2,0,0,0,0,0,0,0,0,0
11425214,1662,0,2,0,0,0,0,0,0,0,0,0
11428858,1663,0,2,0,0,0,0,0,0,0,0,0
11432502,1664,0,2,0,0,0,0,0,0,0,0,0
11436146,1665,0,2,0,0,0,0,0,0,0,0,0
11439790,1666,0,2,0,0,0,0,0,0,0,0,0
11443434,1667,0,2,0,0,0,0,0,0,0,0,0
11447078,1668,0,2,0,0,0,0,0,0,0,0,0
11450722,1669,0,2,0,0,0,0,0,0,0,0,0
11454366,1670,0,2,0,0,0,0,0,0,0,0,0
11458011,1671,0,2,0,0,0,0,0,0,0,0,0
11461654,1672,0,2,0,0,0,0,0,0,0,0,0
11465298,1673,0,2,0,0,0,0,0,0,0,0,0
11468942,1674,0,2,0,0,0,0,0,0,0,0,0
11472586,1675,0,2,0,0,0,0,0,0,0,0,0
11476230,1676,0,2,0,0,0,0,0,0,0,0,0
11479874,1677,0,2,0,0,0,0,0,0,0,0,0
11483518,1678,0,2,0,0,0,0,0,0,0,0,0
11487162,1679,0,2,0,0,0,0,0,0,0,0,0
11490806,1680,0,2,0,0,0,0,0,0,0,0,0
11494450,1681,0,2,0,0,0,0,0,0,0,0,0
11498094,1682,0,2,0,0,0,0,0,0,0,0,0
11501738,1683,0,2,0,0,0,0,0,0,0,0,0
11505382,1684,0,2,0,0,0,0,0,0,0,0,0
11509026,1685,0,2,0,0,0,0,0,0,0,0,0
11512670,1686,0,2,0,0,0,0,0,0,0,0,0
11516314,1687,0,2,0,0,0,0,0,0,0,0,0
11519958,1688,0,2,0,0,0,0,0,0,0,0,0
11523602,1689,0,2,0,0,0,0,0,0,0,0,0
11527246,1690,0,2,0,0,0,0,0,0,0,0,0
11530891,1691,0,2,0,0,0,0,0,0,0,0,0
11534534,1692,0,2,0,0,0,0,0,0,0,0,0
11538178,1693,0,2,0,0,0,0,0,0,0,0,0
11541822,1694,0,2,0,0,0,0,0,0,0,0,0
11545466,1695,0,2,0,0,0,0,0,0,0,0,0
11549110,1696,0,2,0,0,0,0,0,0,0,0,0
11552754,1697,0,2,0,0,0,0,0,0,0,0,0
11556398,1698,0,2,0,0,0,0,0,0,0,0,0
11560042,1699,0,2,0,0,0,0,0,0,0,0,0
11563686,1700,0,2,0,0,0,0,0,0,0,0,0
11567331,1701,0,2,0,0,0,0,0,0,0,0,0
11570974,1702,0,2,0,0,0,0,0,0,0,0,0
11574618,1703,0,2,0,0,0,0,0,0,0,0,0
11578262,1704,0,2,0,0,0,0,0,0,0,0,0
11581906,1705,0,2,0,0,0,0,0,0,0,0,0
11585550,1706,0,2,0,0,0,0,0,0,0,0,0
11589194,1707,0,2,0,0,0,0,0,0,0,0,0
11592838,1708,0,2,0,0,0,0,0,0,0,0,0
11596482,1709,0,2,0,0,0,0,0,0,0,0,0
11600126,1710,0,2,0,0,0,0,0,0,0,0,0
11603770,1711,0,2,0,0,0,0,0,0,0,0,0
11607414,1712,0,2,0,0,0,0,0,0,0,0,0
11611058,1713,0,2,0,0,0,0,0,0,0,0,0
11614702,1714,0,2,0,0,0,0,0,0,0,0,0
11618346,1715,0,2,0,0,0,0,0,0,0,0,0
11621990,1716,0,2,0,0,0,0,0,0,0,0,0
11625634,1717,0,2,0,0,0,0,0,0,0,0,0
11629278,1718,0,2,0,0,0,0,0,0,0,0,0
11632922,1719,0,2,0,0,0,0,0,0,0,0,0
11636566,1720,0,2,0,0,0,0,0,0,0,0,0
11640211,1721,0,2,0,0,0,0,0,0,0,0,0
11643854,1722,0,2,0,0,0,0,0,0,0,0,0
11647498,1723,0,2,0,0,0,0,0,0,0,0,0
11651142,1724,0,2,0,0,0,0,0,0,0,0,0
11654786,1725,0,2,0,0,0,0,0,0,0,0,0
11658430,1726,0,2,0,0,0,0,0,0,0,0,0
11662074,1727,0,2,0,0,0,0,0,0,0,0,0
11665718,1728,0,2,0,0,0,0,0,0,0,0,0
11669362,1729,0,2,0,0,0,0,0,0,0,0,0
11673007,1730,0,2,0,0,0,0,0,0,0,0,0
11676651,1731,0,2,0,0,0,0,0,0,0,0,0
11680294,1732,0,2,0,0,0,0,0,0,0,0,0
11683938,1733,0,2,0,0,0,0,0,0,0,0,0
11687582,1734,0,2,0,0,0,0,0,0,0,0,0
11691226,1735,0,2,0,0,0,0,0,0,0,0,0
11694870,1736,0,2,0,0,0,0,0,0,0,0,0
11698514,1737,0,2,0,0,0,0,0,0,0,0,0
11702158,1738,0,2,0,0,0,0,0,0,0,0,0
11705802,1739,0,2,0,0,0,0,0,0,0,0,0
11709446,1740,0,2,0,0,0,0,0,0,0,0,0
11713091,1741,0,2,0,0,0,0,0,0,0,0,0
11716734,1742,0,2,0,0,0,0,0,0,0,0,0
11720378,1743,0,2,0,0,0,0,0,0,0,0,0
11724023,1744,0,2,0,0,0,0,0,0,0,0,0
11727666,1745,0,2,0,0,0,0,0,0,0,0,0
11731310,1746,0,2,0,0,0,0,0,0,0,0,0
11734954,1747,0,2,0,0,0,0,0,0,0,0,0
11738598,1748,0,2,0,0,0,0,0,0,0,0,0
11742242,1749,0,2,0,0,0,0,0,0,0,0,0
11745886,1750,0,2,0,0,0,0,0,0,0,0,0
11749530,1751,0,2,0,0,0,0,0,0,0,0,0
11753174,1752,0,2,0,0,0,0,0,0,0,0,0
11756818,1753,0,2,0,0,0,0,0,0,0,0,0
11760462,1754,0,2,0,0,0,0,0,0,0,0,0
11764106,1755,0,2,0,0,0,0,0,0,0,0,0
11767750,1756,0,2,0,0,0,0,0,0,0,0,0
11771394,1757,0,2,0,0,0,0,0,0,0,0,0
11775038,1758,0,2,0,0,0,0,0,0,0,0,0
11778682,1759,0,2,0,0,0,0,0,0,0,0,0
11782326,1760,0,2,0,0,0,0,0,0,0,0,0
11785971,1761,0,2,0,0,0,0,0,0,0,0,0
11789614,1762,0,2,0,0,0,0,0,0,0,0,0
11793258,1763,0,2,0,0,0,0,0,0,0,0,0
11796902,1764,0,2,0,0,0,0,0,0,0,0,0
11800546,1765,0,2,0,0,0,0,0,0,0,0,0
11804190,1766,0,2,0,0,0,0,0,0,0,0,0
11807834,1767,0,2,0,0,0,0,0,0,0,0,0
11811478,1768,0,2,0,0,0,0,0,0,0,0,0
11815122,1769,0,2,0,0,0,0,0,0,0,0,0
11818766,1770,0,2,0,0,0,0,0,0,0,0,0
11822411,1771,0,2,0,0,0,0,0,0,0,0,0
11826054,1772,0,2,0,0,0,0,0,0,0,0,0
11829698,1773,0,2,0,0,0,0,0,0,0,0,0
11833342,1774,0,2,0,0,0,0,0,0,0,0,0
11836986,1775,0,2,0,0,0,0,0,0,0,0,0
11840630,1776,0,2,0,0,0,0,0,0,0,0,0
11844274,1777,0,2,0,0,0,0,0,0,0,0,0
11847918,1778,0,2,0,0,0,0,0,0,0,0,0
11851562,1779,0,2,0,0,0,0,0,0,0,0,0
11855206,1780,0,2,0,0,0,0,0,0,0,0,0
11858851,1781,0,2,0,0,0,0,0,0,0,0,0
11862494,1782,0,2,0,0,0,0,0,0,0,0,0
11866138,1783,0,2,0,0,0,0,0,0,0,0,0
11869782,1784,0,2,0,0,0,0,0,0,0,0,0
11873426,1785,0,2,0,0,0,0,0,0,0,0,0
11877071,1786,0,2,0,0,0,0,0,0,0,0,0
11880714,1787,0,2,0,0,0,0,0,0,0,0,0
11884358,1788,0,2,0,0,0,0,0,0,0,0,0
11888002,1789,0,2,0,0,0,0,0,0,0,0,0
11891646,1790,0,2,0,0,0,0,0,0,0,0,0
11895290,1791,0,2,0,0,0,0,0,0,0,0,0
11898934,1792,0,2,0,0,0,0,0,0,0,0,0
11902578,1793,0,2,0,0,0,0,0,0,0,0,0
11906222,1794,0,2,0,0,0,0,0,0,0,0,0
11909866,1795,0,2,0,0,0,0,0,0,0,0,0
11913510,1796,0,2,0,0,0,0,0,0,0,0,0
11917154,1797,0,2,0,0,0,0,0,0,0,0,0
11920798,1798,0,2,0,0,0,0,0,0,0,0,0
11924442,1799,0,2,0,0,0,0,0,0,0,0,0
11928086,1800,0,2,0,0,0,0,0,0,0,0,0
11931731,1801,0,2,0,0,0,0,0,0,0,0,0
11935374,1802,0,2,0,0,0,0,0,0,0,0,0
11939018,1803,0,2,0,0,0,0,0,0,0,0,0
11942662,1804,0,2,0,0,0,0,0,0,0,0,0
11946306,1805,0,2,0,0,0,0,0,0,0,0,0
11949950,1806,0,2,0,0,0,0,0,0,0,0,0
11953594,1807,0,2,0,0,0,0,0,0,0,0,0
11957238,1808,0,2,0,0,0,0,0,0,0,0,0
11960882,1809,0,2,0,0,0,0,0,0,0,0,0
11964526,1810,0,2,0,0,0,0,0,0,0,0,0
11968171,1811,0,2,0,0,0,0,0,0,0,0,0
11971814,1812,0,2,0,0,0,0,0,0,0,0,0
11975458,1813,0,2,0,0,0,0,0,0,0,0,0
11979102,1814,0,2,0,0,0,0,0,0,0,0,0
11982746,1815,0,2,0,0,0,0,0,0,0,0,0
11986390,1816,0,2,0,0,0,0,0,0,0,0,0
11999062,1817,0,2,0,0,0,0,0,0,0,0,0
12002694,1818,0,2,0,0,0,0,0,0,0,0,0
12006338,1819,0,2,0,0,0,0,0,0,0,0,0
12009982,1820,0,2,0,0,0,0,0,0,0,0,0
12013627,1821,0,2,0,0,0,0,0,0,0,0,0
12017270,1822,0,2,0,0,0,0,0,0,0,0,0
12020914,1823,0,2,0,0,0,0,0,0,0,0,0
12024558,1824,0,2,0,0,0,0,0,0,0,0,0
12028202,1825,0,2,0,0,0,0,0,0,0,0,0
12031846,1826,0,2,0,0,0,0,0,0,0,0,0
12035490,1827,0,2,0,0,0,0,0,0,0,0,0
12039134,1828,0,2,0,0,0,0,0,0,0,0,0
12042778,1829,0,2,0,0,0,0,0,0,0,0,0
12046422,1830,0,2,0,0,0,0,0,0,0,0,0
12050067,1831,0,2,0,0,0,0,0,0,0,0,0
12053710,1832,0,2,0,0,0,0,0,0,0,0,0
12057354,1833,0,2,0,0,0,0,0,0,0,0,0
12060998,1834,0,2,0,0,0,0,0,0,0,0,0
12064642,1835,0,2,0,0,0,0,0,0,0,0,0
12068286,1836,0,2,0,0,0,0,0,0,0,0,0
12071930,1837,0,2,0,0,0,0,0,0,0,0,0
12075574,1838,0,2,0,0,0,0,0,0,0,0,0
12079218,1839,0,2,0,0,0,0,0,0,0,0,0
12082862,1840,0,2,0,0,0,0,0,0,0,0,0
12086506,1841,0,2,0,0,0,0,0,0,0,0,0
12090150,1842,0,2,0,0,0,0,0,0,0,0,0
12093794,1843,0,2,0,0,0,0,0,0,0,0,0
12097438,1844,0,2,0,0,0,0,0,0,0,0,0
12101083,1845,0,2,0,0,0,0,0,0,0,0,0
12104726,1846,0,2,0,0,0,0,0,0,0,0,0
12108370,1847,0,2,0,0,0,0,0,0,0,0,0
12112015,1848,0,2,0,0,0,0,0,0,0,0,0
12115658,1849,0,2,0,0,0,0,0,0,0,0,0
12119302,1850,0,2,0,0,0,0,0,0,0,0,0
12122947,1851,0,2,0,0,0,0,0,0,0,0,0
12126590,1852,0,2,0,0,0,0,0,0,0,0,0
12130234,1853,0,2,0,0,0,0,0,0,0,0,0
12133878,1854,0,2,0,0,0,0,0,0,0,0,0
12137522,1855,0,2,0,0,0,0,0,0,0,0,0
12141166,1856,0,2,0,0,0,0,0,0,0,0,0
12144810,1857,0,2,0,0,0,0,0,0,0,0,0
12148454,1858,0,2,0,0,0,0,0,0,0,0,0
12152098,1859,0,2,0,0,0,0,0,0,0,0,0
12155742,1860,0,2,0,0,0,0,0,0,0,0,0
12159387,1861,0,2,0,0,0,0,0,0,0,0,0
12163030,1862,0,2,0,0,0,0,0,0,0,0,0
12166674,1863,0,2,0,0,0,0,0,0,0,0,0
12170318,1864,0,2,0,0,0,0,0,0,0,0,0
12173962,1865,0,2,0,0,0,0,0,0,0,0,0
12177606,1866,0,2,0,0,0,0,0,0,0,0,0
12181250,1867,0,2,0,0,0,0,0,0,0,0,0
12184894,1868,0,2,0,0,0,0,0,0,0,0,0
12188538,1869,0,2,0,0,0,0,0,0,0,0,0
12192182,1870,0,2,0,0,0,0,0,0,0,0,0
12195827,1871,0,2,0,0,0,0,0,0,0,0,0
12199470,1872,0,2,0,0,0,0,0,0,0,0,0
12203114,1873,0,2,0,0,0,0,0,0,0,0,0
12206758,1874,0,2,0,0,0,0,0,0,0,0,0
12210402,1875,0,2,0,0,0,0,0,0,0,0,0
12214046,1876,0,2,0,0,0,0,0,0,0,0,0
12217690,1877,0,2,0,0,0,0,0,0,0,0,0
12221334,1878,0,2,0,0,0,0,0,0,0,0,0
12224978,1879,0,2,0,0,0,0,0,0,0,0,0
12228622,1880,0,2,0,0,0,0,0,0,0,0,0
12232267,1881,0,2,0,0,0,0,0,0,0,0,0
12235910,1882,0,2,0,0,0,0,0,0,0,0,0
12239554,1883,0,2,0,0,0,0,0,0,0,0,0
12243198,1884,0,2,0,0,0,0,0,0,0,0,0
12246842,1885,0,2,0,0,0,0,0,0,0,0,0
12250486,1886,0,2,0,0,0,0,0,0,0,0,0
12254130,1887,0,2,0,0,0,0,0,0,0,0,0
12257774,1888,0,2,0,0,0,0,0,0,0,0,0
12261418,1889,0,2,0,0,0,0,0,0,0,0,0
12265062,1890,0,2,0,0,0,0,0,0,0,0,0
12268707,1891,0,2,0,0,0,0,0,0,0,0,0
12272350,1892,0,2,0,0,0,0,0,0,0,0,0
12275994,1893,0,2,0,0,0,0,0,0,0,0,0
12279638,1894,0,2,0,0,0,0,0,0,0,0,0
12283282,1895,0,2,0,0,0,0,0,0,0,0,0
12286926,1896,0,2,0,0,0,0,0,0,0,0,0
12290570,1897,0,2,0,0,0,0,0,0,0,0,0
12294214,1898,0,2,0,0,0,0,0,0,0,0,0
12297858,1899,0,2,0,0,0,0,0,0,0,0,0
12301502,1900,0,2,0,0,0,0,0,0,0,0,0
12305147,1901,0,2,0,0,0,0,0,0,0,0,0
12308790,1902,0,2,0,0,0,0,0,0,0,0,0
12312434,1903,0,2,0,0,0,0,0,0,0,0,0
12316078,1904,0,2,0,0,0,0,0,0,0,0,0
12319722,1905,0,2,0,0,0,0,0,0,0,0,0
12323366,1906,0,2,0,0,0,0,0,0,0,0,0
12327010,1907,0,2,0,0,0,0,0,0,0,0,0
12330654,1908,0,2,0,0,0,0,0,0,0,0,0
12334298,1909,0,2,0,0,0,0,0,0,0,0,0
12337942,1910,0,2,0,0,0,0,0,0,0,0,0
12341587,1911,0,2,0,0,0,0,0,0,0,0,0
12345230,1912,0,2,0,0,0,0,0,0,0,0,0
12348874,1913,0,2,0,0,0,0,0,0,0,0,0
12352518,1914,0,2,0,0,0,0,0,0,0,0,0
12356162,1915,0,2,0,0,0,0,0,0,0,0,0
12359806,1916,0,2,0,0,0,0,0,0,0,0,0
12363450,1917,0,2,0,0,0,0,0,0,0,0,0
12367094,1918,0,2,0,0,0,0,0,0,0,0,0
12370738,1919,0,2,0,0,0,0,0,0,0,0,0
12374382,1920,0,2,0,0,0,0,0,0,0,0,0
12378027,1921,0,2,0,0,0,0,0,0,0,0,0
12381670,1922,0,2,0,0,0,0,0,0,0,0,0
12385314,1923,0,2,0,0,0,0,0,0,0,0,0
12388958,1924,0,2,0,0,0,0,0,0,0,0,0
12392602,1925,0,2,0,0,0,0,0,0,0,0,0
12396246,1926,0,2,0,0,0,0,0,0,0,0,0
12399890,1927,0,2,0,0,0,0,0,0,0,0,0
12403534,1928,0,2,0,0,0,0,0,0,0,0,0
12407178,1929,0,2,0,0,0,0,0,0,0,0,0
12410822,1930,0,2,0,0,0,0,0,0,0,0,0
12414467,1931,0,2,0,0,0,0,0,0,0,0,0
12418110,1932,0,2,0,0,0,0,0,0,0,0,0
12421754,1933,0,2,0,0,0,0,0,0,0,0,0
12425398,1934,0,2,0,0,0,0,0,0,0,0,0
12429042,1935,0,2,0,0,0,0,0,0,0,0,0
12432686,1936,0,2,0,0,0,0,0,0,0,0,0
12436330,1937,0,2,0,0,0,0,0,0,0,0,0
12439974,1938,0,2,0,0,0,0,0,0,0,0,0
12443618,1939,0,2,0,0,0,0,0,0,0,0,0
12447262,1940,0,2,0,0,0,0,0,0,0,0,0
12450907,1941,0,2,0,0,0,0,0,0,0,0,0
12454550,1942,0,2,0,0,0,0,0,0,0,0,0
12458194,1943,0,2,0,0,0,0,0,0,0,0,0
12461838,1944,0,2,0,0,0,0,0,0,0,0,0
12465482,1945,0,2,0,0,0,0,0,0,0,0,0
12469126,1946,0,2,0,0,0,0,0,0,0,0,0
12472770,1947,0,2,0,0,0,0,0,0,0,0,0
12476414,1948,0,2,0,0,0,0,0,0,0,0,0
12480058,1949,0,2,0,0,0,0,0,0,0,0,0
12483702,1950,0,2,0,0,0,0,0,0,0,0,0
12487347,1951,0,2,0,0,0,0,0,0,0,0,0
12490990,1952,0,2,0,0,0,0,0,0,0,0,0
12494634,1953,0,2,0,0,0,0,0,0,0,0,0
12498278,1954,0,2,0,0,0,0,0,0,0,0,0
12501922,1955,0,2,0,0,0,0,0,0,0,0,0
12505566,1956,0,2,0,0,0,0,0,0,0,0,0
12509210,1957,0,2,0,0,0,0,0,0,0,0,0
12512854,1958,0,2,0,0,0,0,0,0,0,0,0
12516498,1959,0,2,0,0,0,0,0,0,0,0,0
12520142,1960,0,2,0,0,0,0,0,0,0,0,0
12523786,1961,0,2,0,0,0,0,0,0,0,0,0
12527430,1962,0,2,0,0,0,0,0,0,0,0,0
12531074,1963,0,2,0,0,0,0,0,0,0,0,0
12534718,1964,0,2,0,0,0,0,0,0,0,0,0
12538362,1965,0,2,0,0,0,0,0,0,0,0,0
12542007,1966,0,2,0,0,0,0,0,0,0,0,0
12545650,1967,0,2,0,0,0,0,0,0,0,0,0
12549294,1968,0,2,0,0,0,0,0,0,0,0,0
12552938,1969,0,2,0,0,0,0,0,0,0,0,0
12556582,1970,0,2,0,0,0,0,0,0,0,0,0
12560226,1971,0,2,0,0,0,0,0,0,0,0,0
12563870,1972,0,2,0,0,0,0,0,0,0,0,0
12567514,1973,0,2,0,0,0,0,0,0,0,0,0
12571158,1974,0,2,0,0,0,0,0,0,0,0,0
12574802,1975,0,2,0,0,0,0,0,0,0,0,0
12578446,1976,0,2,0,0,0,0,0,0,0,0,0
12582091,1977,0,2,0,0,0,0,0,0,0,0,0
12585734,1978,0,2,0,0,0,0,0,0,0,0,0
12589378,1979,0,2,0,0,0,0,0,0,0,0,0
12593023,1980,0,2,0,0,0,0,0,0,0,0,0
12596666,1981,0,2,0,0,0,0,0,0,0,0,0
12600310,1982,0,2,0,0,0,0,0,0,0,0,0
12603954,1983,0,2,0,0,0,0,0,0,0,0,0
12607598,1984,0,2,0,0,0,0,0,0,0,0,0
12611242,1985,0,2,0,0,0,0,0,0,0,0,0
12614886,1986,0,2,0,0,0,0,0,0,0,0,0
12618530,1987,0,2,0,0,0,0,0,0,0,0,0
12622174,1988,0,2,0,0,0,0,0,0,0,0,0
12625818,1989,0,2,0,0,0,0,0,0,0,0,0
12629462,1990,0,2,0,0,0,0,0,0,0,0,0
12633107,1991,0,2,0,0,0,0,0,0,0,0,0
12636750,1992,0,2,0,0,0,0,0,0,0,0,0
12640394,1993,0,2,0,0,0,0,0,0,0,0,0
12644038,1994,0,2,0,0,0,0,0,0,0,0,0
12647682,1995,0,2,0,0,0,0,0,0,0,0,0
12651326,1996,0,2,0,0,0,0,0,0,0,0,0
12654970,1997,0,2,0,0,0,0,0,0,0,0,0
12658614,1998,0,2,0,0,0,0,0,0,0,0,0
12662258,1999,0,2,0,0,0,0,0,0,0,0,0
12665902,2000,0,2,0,0,0,0,0,0,0,0,0
12669547,2001,0,2,0,0,0,0,0,0,0,0,0
12673190,2002,0,2,0,0,0,0,0,0,0,0,0
12676834,2003,0,2,0,0,0,0,0,0,0,0,0
12680478,2004,0,2,0,0,0,0,0,0,0,0,0
12684122,2005,0,2,0,0,0,0,0,0,0,0,0
12687766,2006,0,2,0,0,0,0,0,0,0,0,0
12691410,2007,0,2,0,0,0,0,0,0,0,0,0
12695054,2008,0,2,0,0,0,0,0,0,0,0,0
12698698,2009,0,2,0,0,0,0,0,0,0,0,0
12702342,2010,0,2,0,0,0,0,0,0,0,0,0
12705987,2011,0,2,0,0,0,0,0,0,0,0,0
12709630,2012,0,2,0,0,0,0,0,0,0,0,0
12713274,2013,0,2,0,0,0,0,0,0,0,0,0
12716918,2014,0,2,0,0,0,0,0,0,0,0,0
12720562,2015,0,2,0,0,0,0,0,0,0,0,0
12724206,2016,0,2,0,0,0,0,0,0,0,0,0
12727850,2017,0,2,0,0,0,0,0,0,0,0,0
12731494,2018,0,2,0,0,0,0,0,0,0,0,0
12735138,2019,0,2,0,0,0,0,0,0,0,0,0
12738782,2020,0,2,0,0,0,0,0,0,0,0,0
12742426,2021,0,2,0,0,0,0,0,0,0,0,0
12746070,2022,0,2,0,0,0,0,0,0,0,0,0
12749714,2023,0,2,0,0,0,0,0,0,0,0,0
12753358,2024,0,2,0,0,0,0,0,0,0,0,0
12757002,2025,0,2,0,0,0,0,0,0,0,0,0
12760646,2026,0,2,0,0,0,0,0,0,0,0,0
12764290,2027,0,2,0,0,0,0,0,0,0,0,0
12767934,2028,0,2,0,0,0,0,0,0,0,0,0
12771578,2029,0,2,0,0,0,0,0,0,0,0,0
12775222,2030,0,2,0,0,0,0,0,0,0,0,0
12778867,2031,0,2,0,0,0,0,0,0,0,0,0
12782510,2032,0,2,0,0,0,0,0,0,0,0,0
12786154,2033,0,2,0,0,0,0,0,0,0,0,0
12789798,2034,0,2,0,0,0,0,0,0,0,0,0
12793442,2035,0,2,0,0,0,0,0,0,0,0,0
12797086,2036,0,2,0,0,0,0,0,0,0,0,0
12800730,2037,0,2,0,0,0,0,0,0,0,0,0
12804374,2038,0,2,0,0,0,0,0,0,0,0,0
12808018,2039,0,2,0,0,0,0,0,0,0,0,0
12811662,2040,0,2,0,0,0,0,0,0,0,0,0
12815307,2041,0,2,0,0,0,0,0,0,0,0,0
12818950,2042,0,2,0,0,0,0,0,0,0,0,0
12822594,2043,0,2,0,0,0,0,0,0,0,0,0
12841115,2044,0,2,0,0,0,0,0,0,0,0,0
12844747,2045,0,2,0,0,0,0,0,0,0,0,0
12848391,2046,0,2,0,0,0,0,0,0,0,0,0
12852035,2047,0,2,0,0,0,0,0,0,0,0,0
12855679,2048,0,2,0,0,0,0,0,0,0,0,0
12859323,2049,0,2,0,0,0,0,0,0,0,0,0
12862967,2050,0,2,0,0,0,0,0,0,0,0,0
12866612,2051,0,2,0,0,0,0,0,0,0,0,0
12870255,2052,0,2,0,0,0,0,0,0,0,0,0
12873899,2053,0,2,0,0,0,0,0,0,0,0,0
12877543,2054,0,2,0,0,0,0,0,0,0,0,0
12881188,2055,0,2,0,0,0,0,0,0,0,0,0
12884831,2056,0,2,0,0,0,0,0,0,0,0,0
12888475,2057,0,2,0,0,0,0,0,0,0,0,0
12892119,2058,0,2,0,0,0,0,0,0,0,0,0
12895763,2059,0,2,0,0,0,0,0,0,0,0,0
12899407,2060,0,2,0,0,0,0,0,0,0,0,0
12903051,2061,0,2,0,0,0,0,0,0,0,0,0
12906695,2062,0,2,0,0,0,0,0,0,0,0,0
12910339,2063,0,2,0,0,0,0,0,0,0,0,0
12913983,2064,0,2,0,0,0,0,0,0,0,0,0
12917627,2065,0,2,0,0,0,0,0,0,0,0,0
12921271,2066,0,2,0,0,0,0,0,0,0,0,0
12924915,2067,0,2,0,0,0,0,0,0,0,0,0
12928559,2068,0,2,0,0,0,0,0,0,0,0,0
12932203,2069,0,2,0,0,0,0,0,0,0,0,0
12935847,2070,0,2,0,0,0,0,0,0,0,0,0
12939491,2071,0,2,0,0,0,0,0,0,0,0,0
12943135,2072,0,2,0,0,0,0,0,0,0,0,0
12946779,2073,0,2,0,0,0,0,0,0,0,0,0
12950423,2074,0,2,0,0,0,0,0,0,0,0,0
12954067,2075,0,2,0,0,0,0,0,0,0,0,0
12957711,2076,0,2,0,0,0,0,0,0,0,0,0
12961355,2077,0,2,0,0,0,0,0,0,0,0,0
12964999,2078,0,2,0,0,0,0,0,0,0,0,0
12968643,2079,0,2,0,0,0,0,0,0,0,0,0
12972287,2080,0,2,0,0,0,0,0,0,0,0,0
12975932,2081,0,2,0,0,0,0,0,0,0,0,0
12979575,2082,0,2,0,0,0,0,0,0,0,0,0
12983219,2083,0,2,0,0,0,0,0,0,0,0,0
12986863,2084,0,2,0,0,0,0,0,0,0,0,0
12990507,2085,0,2,0,0,0,0,0,0,0,0,0
12994151,2086,0,2,0,0,0,0,0,0,0,0,0
12997795,2087,0,2,0,0,0,0,0,0,0,0,0
13001439,2088,0,2,0,0,0,0,0,0,0,0,0
13005083,2089,0,2,0,0,0,0,0,0,0,0,0
13008727,2090,0,2,0,0,0,0,0,0,0,0,0
13012372,2091,0,2,0,0,0,0,0,0,0,0,0
13016015,2092,0,2,0,0,0,0,0,0,0,0,0
13019659,2093,0,2,0,0,0,0,0,0,0,0,0
13023303,2094,0,2,0,0,0,0,0,0,0,0,0
13026947,2095,0,2,0,0,0,0,0,0,0,0,0
13030591,2096,0,2,0,0,0,0,0,0,0,0,0
13034235,2097,0,2,0,0,0,0,0,0,0,0,0
13037879,2098,0,2,0,0,0,0,0,0,0,0,0
13041523,2099,0,2,0,0,0,0,0,0,0,0,0
13045167,2100,0,2,0,0,0,0,0,0,0,0,0
13048811,2101,0,2,0,0,0,0,0,0,0,0,0
13052455,2102,0,2,0,0,0,0,0,0,0,0,0
13056099,2103,0,2,0,0,0,0,0,0,0,0,0
13059743,2104,0,2,0,0,0,0,0,0,0,0,0
13063387,2105,0,2,0,0,0,0,0,0,0,0,0
13067031,2106,0,2,0,0,0,0,0,0,0,0,0
13070675,2107,0,2,0,0,0,0,0,0,0,0,0
13074319,2108,0,2,0,0,0,0,0,0,0,0,0
13077963,2109,0,2,0,0,0,0,0,0,0,0,0
13081607,2110,0,2,0,0,0,0,0,0,0,0,0
13085251,2111,0,2,0,0,0,0,0,0,0,0,0
13088895,2112,0,2,0,0,0,0,0,0,0,0,0
13092539,2113,0,2,0,0,0,0,0,0,0,0,0
13096183,2114,0,2,0,0,0,0,0,0,0,0,0
13099827,2115,0,2,0,0,0,0,0,0,0,0,0
13103471,2116,0,2,0,0,0,0,0,0,0,0,0
13107115,2117,0,2,0,0,0,0,0,0,0,0,0
13110759,2118,0,2,0,0,0,0,0,0,0,0,0
13114403,2119,0,2,0,0,0,0,0,0,0,0,0
13118047,2120,0,2,0,0,0,0,0,0,0,0,0
13121692,2121,0,2,0,0,0,0,0,0,0,0,0
13125335,2122,0,2,0,0,0,0,0,0,0,0,0
13128979,2123,0,2,0,0,0,0,0,0,0,0,0
13132623,2124,0,2,0,0,0,0,0,0,0,0,0
13136267,2125,0,2,0,0,0,0,0,0,0,0,0
13139911,2126,0,2,0,0,0,0,0,0,0,0,0
13143555,2127,0,2,0,0,0,0,0,0,0,0,0
13147199,2128,0,2,0,0,0,0,0,0,0,0,0
13150843,2129,0,2,0,0,0,0,0,0,0,0,0
13154487,2130,0,2,0,0,0,0,0,0,0,0,0
13158132,2131,0,2,0,0,0,0,0,0,0,0,0
13161775,2132,0,2,0,0,0,0,0,0,0,0,0
13165419,2133,0,2,0,0,0,0,0,0,0,0,0
13169064,2134,0,2,0,0,0,0,0,0,0,0,0
13172707,2135,0,2,0,0,0,0,0,0,0,0,0
13176351,2136,0,2,0,0,0,0,0,0,0,0,0
13179995,2137,0,2,0,0,0,0,0,0,0,0,0
13183639,2138,0,2,0,0,0,0,0,0,0,0,0
13187283,2139,0,2,0,0,0,0,0,0,0,0,0
13190927,2140,0,2,0,0,0,0,0,0,0,0,0
13194572,2141,0,2,0,0,0,0,0,0,0,0,0
13198215,2142,0,2,0,0,0,0,0,0,0,0,0
13201859,2143,0,2,0,0,0,0,0,0,0,0,0
13205503,2144,0,2,0,0,0,0,0,0,0,0,0
13209147,2145,0,2,0,0,0,0,0,0,0,0,0
13212791,2146,0,2,0,0,0,0,0,0,0,0,0
13216435,2147,0,2,0,0,0,0,0,0,0,0,0
13220079,2148,0,2,0,0,0,0,0,0,0,0,0
13223723,2149,0,2,0,0,0,0,0,0,0,0,0
13227367,2150,0,2,0,0,0,0,0,0,0,0,0
13231012,2151,0,2,0,0,0,0,0,0,0,0,0
13234655,2152,0,2,0,0,0,0,0,0,0,0,0
13238299,2153,0,2,0,0,0,0,0,0,0,0,0
13241943,2154,0,2,0,0,0,0,0,0,0,0,0
13245587,2155,0,2,0,0,0,0,0,0,0,0,0
13249231,2156,0,2,0,0,0,0,0,0,0,0,0
13252875,2157,0,2,0,0,0,0,0,0,0,0,0
13256519,2158,0,2,0,0,0,0,0,0,0,0,0
13260163,2159,0,2,0,0,0,0,0,0,0,0,0
13263807,2160,0,2,0,0,0,0,0,0,0,0,0
13267451,2161,0,2,0,0,0,0,0,0,0,0,0
13271095,2162,0,2,0,0,0,0,0,0,0,0,0
13274739,2163,0,2,0,0,0,0,0,0,0,0,0
13278383,2164,0,2,0,0,0,0,0,0,0,0,0
13282027,2165,0,2,0,0,0,0,0,0,0,0,0
13285671,2166,0,2,0,0,0,0,0,0,0,0,0
13289315,2167,0,2,0,0,0,0,0,0,0,0,0
13292959,2168,0,2,0,0,0,0,0,0,0,0,0
13296603,2169,0,2,0,0,0,0,0,0,0,0,0
13300247,2170,0,2,0,0,0,0,0,0,0,0,0
13303891,2171,0,2,0,0,0,0,0,0,0,0,0
13307535,2172,0,2,0,0,0,0,0,0,0,0,0
13311179,2173,0,2,0,0,0,0,0,0,0,0,0
13314823,2174,0,2,0,0,0,0,0,0,0,0,0
13318467,2175,0,2,0,0,0,0,0,0,0,0,0
13322111,2176,0,2,0,0,0,0,0,0,0,0,0
13325755,2177,0,2,0,0,0,0,0,0,0,0,0
13329399,2178,0,2,0,0,0,0,0,0,0,0,0
13333044,2179,0,2,0,0,0,0,0,0,0,0,0
13336687,2180,0,2,0,0,0,0,0,0,0,0,0
13340332,2181,0,2,0,0,0,0,0,0,0,0,0
13343975,2182,0,2,0,0,0,0,0,0,0,0,0
13347619,2183,0,2,0,0,0,0,0,0,0,0,0
13351263,2184,0,2,0,0,0,0,0,0,0,0,0
13354907,2185,0,2,0,0,0,0,0,0,0,0,0
13358551,2186,0,2,0,0,0,0,0,0,0,0,0
13362195,2187,0,2,0,0,0,0,0,0,0,0,0
13365839,2188,0,2,0,0,0,0,0,0,0,0,0
13369483,2189,0,2,0,0,0,0,0,0,0,0,0
13373127,2190,0,2,0,0,0,0,0,0,0,0,0
13376771,2191,0,2,0,0,0,0,0,0,0,0,0
13380415,2192,0,2,0,0,0,0,0,0,0,0,0
13384059,2193,0,2,0,0,0,0,0,0,0,0,0
13387703,2194,0,2,0,0,0,0,0,0,0,0,0
13391347,2195,0,2,0,0,0,0,0,0,0,0,0
13394991,2196,0,2,0,0,0,0,0,0,0,0,0
13398635,2197,0,2,0,0,0,0,0,0,0,0,0
13402279,2198,0,2,0,0,0,0,0,0,0,0,0
13405923,2199,0,2,0,0,0,0,0,0,0,0,0
13409567,2200,0,2,0,0,0,0,0,0,0,0,0
13413212,2201,0,2,0,0,0,0,0,0,0,0,0
13416855,2202,0,2,0,0,0,0,0,0,0,0,0
13420499,2203,0,2,0,0,0,0,0,0,0,0,0
13424143,2204,0,2,0,0,0,0,0,0,0,0,0
13427787,2205,0,2,0,0,0,0,0,0,0,0,0
13431431,2206,0,2,0,0,0,0,0,0,0,0,0
13435075,2207,0,2,0,0,0,0,0,0,0,0,0
13438719,2208,0,2,0,0,0,0,0,0,0,0,0
13442363,2209,0,2,0,0,0,0,0,0,0,0,0
13446007,2210,0,2,0,0,0,0,0,0,0,0,0
13449651,2211,0,2,0,0,0,0,0,0,0,0,0
13453295,2212,0,2,0,0,0,0,0,0,0,0,0
13456939,2213,0,2,0,0,0,0,0,0,0,0,0
13460583,2214,0,2,0,0,0,0,0,0,0,0,0
13464227,2215,0,2,0,0,0,0,0,0,0,0,0
13467871,2216,0,2,0,0,0,0,0,0,0,0,0
13471515,2217,0,2,0,0,0,0,0,0,0,0,0
13475159,2218,0,2,0,0,0,0,0,0,0,0,0
13478803,2219,0,2,0,0,0,0,0,0,0,0,0
13482447,2220,0,2,0,0,0,0,0,0,0,0,0
13486092,2221,0,2,0,0,0,0,0,0,0,0,0
13489735,2222,0,2,0,0,0,0,0,0,0,0,0
13493379,2223,0,2,0,0,0,0,0,0,0,0,0
13497023,2224,0,2,0,0,0,0,0,0,0,0,0
13500667,2225,0,2,0,0,0,0,0,0,0,0,0
13504311,2226,0,2,0,0,0,0,0,0,0,0,0
13507955,2227,0,2,0,0,0,0,0,0,0,0,0
13511599,2228,0,2,0,0,0,0,0,0,0,0,0
13515243,2229,0,2,0,0,0,0,0,0,0,0,0
13518887,2230,0,2,0,0,0,0,0,0,0,0,0
13522532,2231,0,2,0,0,0,0,0,0,0,0,0
13526175,2232,0,2,0,0,0,0,0,0,0,0,0
13529819,2233,0,2,0,0,0,0,0,0,0,0,0
13533463,2234,0,2,0,0,0,0,0,0,0,0,0
13537107,2235,0,2,0,0,0,0,0,0,0,0,0
13540751,2236,0,2,0,0,0,0,0,0,0,0,0
13544395,2237,0,2,0,0,0,0,0,0,0,0,0
13548039,2238,0,2,0,0,0,0,0,0,0,0,0
13551683,2239,0,2,0,0,0,0,0,0,0,0,0
13555327,2240,0,2,0,0,0,0,0,0,0,0,0
13558972,2241,0,2,0,0,0,0,0,0,0,0,0
13562615,2242,0,2,0,0,0,0,0,0,0,0,0
13566259,2243,0,2,0,0,0,0,0,0,0,0,0
13569903,2244,0,2,0,0,0,0,0,0,0,0,0
13573547,2245,0,2,0,0,0,0,0,0,0,0,0
13577191,2246,0,2,0,0,0,0,0,0,0,0,0
13580835,2247,0,2,0,0,0,0,0,0,0,0,0
13584479,2248,0,2,0,0,0,0,0,0,0,0,0
13588123,2249,0,2,0,0,0,0,0,0,0,0,0
13591767,2250,0,2,0,0,0,0,0,0,0,0,0
13595411,2251,0,2,0,0,0,0,0,0,0,0,0
13599055,2252,0,2,0,0,0,0,0,0,0,0,0
13602699,2253,0,2,0,0,0,0,0,0,0,0,0
13606343,2254,0,2,0,0,0,0,0,0,0,0,0
13609987,2255,0,2,0,0,0,0,0,0,0,0,0
13613631,2256,0,2,0,0,0,0,0,0,0,0,0
13617275,2257,0,2,0,0,0,0,0,0,0,0,0
13620919,2258,0,2,0,0,0,0,0,0,0,0,0
13624563,2259,0,2,0,0,0,0,0,0,0,0,0
13628207,2260,0,2,0,0,0,0,0,0,0,0,0
13631851,2261,0,2,0,0,0,0,0,0,0,0,0
13635495,2262,0,2,0,0,0,0,0,0,0,0,0
13639139,2263,0,2,0,0,0,0,0,0,0,0,0
13642783,2264,0,2,0,0,0,0,0,0,0,0,0
13646427,2265,0,2,0,0,0,0,0,0,0,0,0
13650071,2266,0,2,0,0,0,0,0,0,0,0,0
13653715,2267,0,2,0,0,0,0,0,0,0,0,0
13657359,2268,0,2,0,0,0,0,0,0,0,0,0
13661003,2269,0,2,0,0,0,0,0,0,0,0,0
13664647,2270,0,2,0,0,0,0,0,0,0,0,0
13676975,2271,0,2,0,0,0,0,0,0,0,0,0
13680607,2272,0,2,0,0,0,0,0,0,0,0,0
13684251,2273,0,2,0,0,0,0,0,0,0,0,0
13687895,2274,0,2,0,0,0,0,0,0,0,0,0
13691539,2275,0,2,0,0,0,0,0,0,0,0,0
13695183,2276,0,2,0,0,0,0,0,0,0,0,0
13698827,2277,0,2,0,0,0,0,0,0,0,0,0
13702471,2278,0,2,0,0,0,0,0,0,0,0,0
13706115,2279,0,2,0,0,0,0,0,0,0,0,0
13709759,2280,0,2,0,0,0,0,0,0,0,0,0
13713404,2281,0,2,0,0,0,0,0,0,0,0,0
13717047,2282,0,2,0,0,0,0,0,0,0,0,0
13720691,2283,0,2,0,0,0,0,0,0,0,0,0
13724335,2284,0,2,0,0,0,0,0,0,0,0,0
13727979,2285,0,2,0,0,0,0,0,0,0,0,0
13731623,2286,0,2,0,0,0,0,0,0,0,0,0
13735267,2287,0,2,0,0,0,0,0,0,0,0,0
13738911,2288,0,2,0,0,0,0,0,0,0,0,0
13742555,2289,0,2,0,0,0,0,0,0,0,0,0
13746199,2290,0,2,0,0,0,0,0,0,0,0,0
13749844,2291,0,2,0,0,0,0,0,0,0,0,0
13753487,2292,0,2,0,0,0,0,0,0,0,0,0
13757131,2293,0,2,0,0,0,0,0,0,0,0,0
13760775,2294,0,2,0,0,0,0,0,0,0,0,0
13764419,2295,0,2,0,0,0,0,0,0,0,0,0
13768064,2296,0,2,0,0,0,0,0,0,0,0,0
13771707,2297,0,2,0,0,0,0,0,0,0,0,0
13775351,2298,0,2,0,0,0,0,0,0,0,0,0
13778995,2299,0,2,0,0,0,0,0,0,0,0,0
13782639,2300,0,2,0,0,0,0,0,0,0,0,0
13786283,2301,0,2,0,0,0,0,0,0,0,0,0
13789927,2302,0,2,0,0,0,0,0,0,0,0,0
13793571,2303,0,2,0,0,0,0,0,0,0,0,0
13797215,2304,0,2,0,0,0,0,0,0,0,0,0
13800859,2305,0,2,0,0,0,0,0,0,0,0,0
13804503,2306,0,2,0,0,0,0,0,0,0,0,0
13808147,2307,0,2,0,0,0,0,0,0,0,0,0
13811791,2308,0,2,0,0,0,0,0,0,0,0,0
13815435,2309,0,2,0,0,0,0,0,0,0,0,0
13819079,2310,0,2,0,0,0,0,0,0,0,0,0
13822724,2311,0,2,0,0,0,0,0,0,0,0,0
13826367,2312,0,2,0,0,0,0,0,0,0,0,0
13830011,2313,0,2,0,0,0,0,0,0,0,0,0
13833655,2314,0,2,0,0,0,0,0,0,0,0,0
13837299,2315,0,2,0,0,0,0,0,0,0,0,0
13840943,2316,0,2,0,0,0,0,0,0,0,0,0
13844587,2317,0,2,0,0,0,0,0,0,0,0,0
13848231,2318,0,2,0,0,0,0,0,0,0,0,0
13851875,2319,0,2,0,0,0,0,0,0,0,0,0
13855519,2320,0,2,0,0,0,0,0,0,0,0,0
13859164,2321,0,2,0,0,0,0,0,0,0,0,0
13862807,2322,0,2,0,0,0,0,0,0,0,0,0
13866451,2323,0,2,0,0,0,0,0,0,0,0,0
13870095,2324,0,2,0,0,0,0,0,0,0,0,0
13873739,2325,0,2,0,0,0,0,0,0,0,0,0
13877383,2326,0,2,0,0,0,0,0,0,0,0,0
13881027,2327,0,2,0,0,0,0,0,0,0,0,0
13884671,2328,0,2,0,0,0,0,0,0,0,0,0
13888315,2329,0,2,0,0,0,0,0,0,0,0,0
13891959,2330,0,2,0,0,0,0,0,0,0,0,0
13895604,2331,0,2,0,0,0,0,0,0,0,0,0
13899247,2332,0,2,0,0,0,0,0,0,0,0,0
13902891,2333,0,2,0,0,0,0,0,0,0,0,0
13906535,2334,0,2,0,0,0,0,0,0,0,0,0
13910179,2335,0,2,0,0,0,0,0,0,0,0,0
13913823,2336,0,2,0,0,0,0,0,0,0,0,0
13917467,2337,0,2,0,0,0,0,0,0,0,0,0
13921111,2338,0,2,0,0,0,0,0,0,0,0,0
13924755,2339,0,2,0,0,0,0,0,0,0,0,0
13928399,2340,0,2,0,0,0,0,0,0,0,0,0
13932044,2341,0,2,0,0,0,0,0,0,0,0,0
13935687,2342,0,2,0,0,0,0,0,0,0,0,0
13939331,2343,0,2,0,0,0,0,0,0,0,0,0
13942975,2344,0,2,0,0,0,0,0,0,0,0,0
13946619,2345,0,2,0,0,0,0,0,0,0,0,0
13950263,2346,0,2,0,0,0,0,0,0,0,0,0
13953907,2347,0,2,0,0,0,0,0,0,0,0,0
13957551,2348,0,2,0,0,0,0,0,0,0,0,0
13961195,2349,0,2,0,0,0,0,0,0,0,0,0
13964839,2350,0,2,0,0,0,0,0,0,0,0,0
13968483,2351,0,2,0,0,0,0,0,0,0,0,0
13972127,2352,0,2,0,0,0,0,0,0,0,0,0
13975771,2353,0,2,0,0,0,0,0,0,0,0,0
13979415,2354,0,2,0,0,0,0,0,0,0,0,0
13983059,2355,0,2,0,0,0,0,0,0,0,0,0
13986703,2356,0,2,0,0,0,0,0,0,0,0,0
13990347,2357,0,2,0,0,0,0,0,0,0,0,0
13993991,2358,0,2,0,0,0,0,0,0,0,0,0
13997635,2359,0,2,0,0,0,0,0,0,0,0,0
14001279,2360,0,2,0,0,0,0,0,0,0,0,0
14004924,2361,0,2,0,0,0,0,0,0,0,0,0
14008567,2362,0,2,0,0,0,0,0,0,0,0,0
14012211,2363,0,2,0,0,0,0,0,0,0,0,0
14015855,2364,0,2,0,0,0,0,0,0,0,0,0
14019499,2365,0,2,0,0,0,0,0,0,0,0,0
14023143,2366,0,2,0,0,0,0,0,0,0,0,0
14026787,2367,0,2,0,0,0,0,0,0,0,0,0
14030431,2368,0,2,0,0,0,0,0,0,0,0,0
14034075,2369,0,2,0,0,0,0,0,0,0,0,0
14037719,2370,0,2,0,0,0,0,0,0,0,0,0
14041363,2371,0,2,0,0,0,0,0,0,0,0,0
14045007,2372,0,2,0,0,0,0,0,0,0,0,0
14048651,2373,0,2,0,0,0,0,0,0,0,0,0
14052295,2374,0,2,0,0,0,0,0,0,0,0,0
14055939,2375,0,2,0,0,0,0,0,0,0,0,0
14059583,2376,0,2,0,0,0,0,0,0,0,0,0
14063227,2377,0,2,0,0,0,0,0,0,0,0,0
14066871,2378,0,2,0,0,0,0,0,0,0,0,0
14070515,2379,0,2,0,0,0,0,0,0,0,0,0
14074159,2380,0,2,0,0,0,0,0,0,0,0,0
14077804,2381,0,2,0,0,0,0,0,0,0,0,0
14081447,2382,0,2,0,0,0,0,0,0,0,0,0
14085091,2383,0,2,0,0,0,0,0,0,0,0,0
14088735,2384,0,2,0,0,0,0,0,0,0,0,0
14092379,2385,0,2,0,0,0,0,0,0,0,0,0
14096023,2386,0,2,0,0,0,0,0,0,0,0,0
14099667,2387,0,2,0,0,0,0,0,0,0,0,0
14103311,2388,0,2,0,0,0,0,0,0,0,0,0
14106955,2389,0,2,0,0,0,0,0,0,0,0,0
14110599,2390,0,2,0,0,0,0,0,0,0,0,0
14114243,2391,0,2,0,0,0,0,0,0,0,0,0
14117887,2392,0,2,0,0,0,0,0,0,0,0,0
14121531,2393,0,2,0,0,0,0,0,0,0,0,0
14125175,2394,0,2,0,0,0,0,0,0,0,0,0
14128819,2395,0,2,0,0,0,0,0,0,0,0,0
14132463,2396,0,2,0,0,0,0,0,0,0,0,0
14136107,2397,0,2,0,0,0,0,0,0,0,0,0
14139751,2398,0,2,0,0,0,0,0,0,0,0,0
14143395,2399,0,2,0,0,0,0,0,0,0,0,0
14147039,2400,0,2,0,0,0,0,0,0,0,0,0
14150684,2401,0,2,0,0,0,0,0,0,0,0,0
14154327,2402,0,2,0,0,0,0,0,0,0,0,0
14157971,2403,0,2,0,0,0,0,0,0,0,0,0
14161615,2404,0,2,0,0,0,0,0,0,0,0,0
14165259,2405,0,2,0,0,0,0,0,0,0,0,0
14168903,2406,0,2,0,0,0,0,0,0,0,0,0
14172547,2407,0,2,0,0,0,0,0,0,0,0,0
14176191,2408,0,2,0,0,0,0,0,0,0,0,0
14179835,2409,0,2,0,0,0,0,0,0,0,0,0
14183479,2410,0,2,0,0,0,0,0,0,0,0,0
14187124,2411,0,2,0,0,0,0,0,0,0,0,0
14190767,2412,0,2,0,0,0,0,0,0,0,0,0
14194411,2413,0,2,0,0,0,0,0,0,0,0,0
14198055,2414,0,2,0,0,0,0,0,0,0,0,0
14201699,2415,0,2,0,0,0,0,0,0,0,0,0
14205343,2416,0,2,0,0,0,0,0,0,0,0,0
14208987,2417,0,2,0,0,0,0,0,0,0,0,0
14212631,2418,0,2,0,0,0,0,0,0,0,0,0
14216275,2419,0,2,0,0,0,0,0,0,0,0,0
14219919,2420,0,2,0,0,0,0,0,0,0,0,0
14223563,2421,0,2,0,0,0,0,0,0,0,0,0
14227207,2422,0,2,0,0,0,0,0,0,0,0,0
14230851,2423,0,2,0,0,0,0,0,0,0,0,0
14234495,2424,0,2,0,0,0,0,0,0,0,0,0
14238139,2425,0,2,0,0,0,0,0,0,0,0,0
14241783,2426,0,2,0,0,0,0,0,0,0,0,0
14245427,2427,0,2,0,0,0,0,0,0,0,0,0
14249072,2428,0,2,0,0,0,0,0,0,0,0,0
14252715,2429,0,2,0,0,0,0,0,0,0,0,0
14256359,2430,0,2,0,0,0,0,0,0,0,0,0
14260004,2431,0,2,0,0,0,0,0,0,0,0,0
14263647,2432,0,2,0,0,0,0,0,0,0,0,0
14267291,2433,0,2,0,0,0,0,0,0,0,0,0
14270935,2434,0,2,0,0,0,0,0,0,0,0,0
14274579,2435,0,2,0,0,0,0,0,0,0,0,0
14278223,2436,0,2,0,0,0,0,0,0,0,0,0
14281867,2437,0,2,0,0,0,0,0,0,0,0,0
14285511,2438,0,2,0,0,0,0,0,0,0,0,0
14289155,2439,0,2,0,0,0,0,0,0,0,0,0
14292799,2440,0,2,0,0,0,0,0,0,0,0,0
14296443,2441,0,2,0,0,0,0,0,0,0,0,0
14300087,2442,0,2,0,0,0,0,0,0,0,0,0
14303731,2443,0,2,0,0,0,0,0,0,0,0,0
14307375,2444,0,2,0,0,0,0,0,0,0,0,0
14311019,2445,0,2,0,0,0,0,0,0,0,0,0
14314663,2446,0,2,0,0,0,0,0,0,0,0,0
14318307,2447,0,2,0,0,0,0,0,0,0,0,0
14321951,2448,0,2,0,0,0,0,0,0,0,0,0
14325595,2449,0,2,0,0,0,0,0,0,0,0,0
14329239,2450,0,2,0,0,0,0,0,0,0,0,0
14332883,2451,0,2,0,0,0,0,0,0,0,0,0
14336527,2452,0,2,0,0,0,0,0,0,0,0,0
14340171,2453,0,2,0,0,0,0,0,0,0,0,0
14343815,2454,0,2,0,0,0,0,0,0,0,0,0
14347459,2455,0,2,0,0,0,0,0,0,0,0,0
14351103,2456,0,2,0,0,0,0,0,0,0,0,0
14354747,2457,0,2,0,0,0,0,0,0,0,0,0
14358391,2458,0,2,0,0,0,0,0,0,0,0,0
14362035,2459,0,2,0,0,0,0,0,0,0,0,0
14365679,2460,0,2,0,0,0,0,0,0,0,0,0
14369324,2461,0,2,0,0,0,0,0,0,0,0,0
14372967,2462,0,2,0,0,0,0,0,0,0,0,0
14376611,2463,0,2,0,0,0,0,0,0,0,0,0
14380255,2464,0,2,0,0,0,0,0,0,0,0,0
14383899,2465,0,2,0,0,0,0,0,0,0,0,0
14387543,2466,0,2,0,0,0,0,0,0,0,0,0
14391188,2467,0,2,0,0,0,0,0,0,0,0,0
14394831,2468,0,2,0,0,0,0,0,0,0,0,0
14398475,2469,0,2,0,0,0,0,0,0,0,0,0
14402119,2470,0,2,0,0,0,0,0,0,0,0,0
14405764,2471,0,2,0,0,0,0,0,0,0,0,0
14409407,2472,0,2,0,0,0,0,0,0,0,0,0
14413052,2473,0,2,0,0,0,0,0,0,0,0,0
14416695,2474,0,2,0,0,0,0,0,0,0,0,0
14420339,2475,0,2,0,0,0,0,0,0,0,0,0
14423983,2476,0,2,0,0,0,0,0,0,0,0,0
14427627,2477,0,2,0,0,0,0,0,0,0,0,0
14431271,2478,0,2,0,0,0,0,0,0,0,0,0
14434915,2479,0,2,0,0,0,0,0,0,0,0,0
14438559,2480,0,2,0,0,0,0,0,0,0,0,0
14442204,2481,0,2,0,0,0,0,0,0,0,0,0
14445847,2482,0,2,0,0,0,0,0,0,0,0,0
14449491,2483,0,2,0,0,0,0,0,0,0,0,0
14453135,2484,0,2,0,0,0,0,0,0,0,0,0
14456779,2485,0,2,0,0,0,0,0,0,0,0,0
14460423,2486,0,2,0,0,0,0,0,0,0,0,0
14464067,2487,0,2,0,0,0,0,0,0,0,0,0
14467711,2488,0,2,0,0,0,0,0,0,0,0,0
14471355,2489,0,2,0,0,0,0,0,0,0,0,0
14474999,2490,0,2,0,0,0,0,0,0,0,0,0
14478643,2491,0,2,0,0,0,0,0,0,0,0,0
14482287,2492,0,2,0,0,0,0,0,0,0,0,0
14485931,2493,0,2,0,0,0,0,0,0,0,0,0
14489575,2494,0,2,0,0,0,0,0,0,0,0,0
14493219,2495,0,2,0,0,0,0,0,0,0,0,0
14496863,2496,0,2,0,0,0,0,0,0,0,0,0
14500507,2497,0,2,0,0,0,0,0,0,0,0,0
14518431,2498,0,2,0,0,0,0,0,0,0,0,0
14522062,2499,0,2,0,0,0,0,0,0,0,0,0
14525706,2500,0,2,0,0,0,0,0,0,0,0,0
14529351,2501,0,2,0,0,0,0,0,0,0,0,0
14532994,2502,0,2,0,0,0,0,0,0,0,0,0
14536638,2503,0,2,0,0,0,0,0,0,0,0,0
14540282,2504,0,2,0,0,0,0,0,0,0,0,0
14543926,2505,0,2,0,0,0,0,0,0,0,0,0
14547570,2506,0,2,0,0,0,0,0,0,0,0,0
14551214,2507,0,2,0,0,0,0,0,0,0,0,0
14554858,2508,0,2,0,0,0,0,0,0,0,0,0
14558502,2509,0,2,0,0,0,0,0,0,0,0,0
14562146,2510,0,2,0,0,0,0,0,0,0,0,0
14565791,2511,0,2,0,0,0,0,0,0,0,0,0
14569434,2512,0,2,0,0,0,0,0,0,0,0,0
14573078,2513,0,2,0,0,0,0,0,0,0,0,0
14576722,2514,0,2,0,0,0,0,0,0,0,0,0
14580366,2515,0,2,0,0,0,0,0,0,0,0,0
14584010,2516,0,2,0,0,0,0,0,0,0,0,0
14587654,2517,0,2,0,0,0,0,0,0,0,0,0
14591298,2518,0,2,0,0,0,0,0,0,0,0,0
14594942,2519,0,2,0,0,0,0,0,0,0,0,0
14598586,2520,0,2,0,0,0,0,0,0,0,0,0
14602231,2521,0,2,0,0,0,0,0,0,0,0,0
14605874,2522,0,2,0,0,0,0,0,0,0,0,0
14609518,2523,0,2,0,0,0,0,0,0,0,0,0
14613162,2524,0,2,0,0,0,0,0,0,0,0,0
14616806,2525,0,2,0,0,0,0,0,0,0,0,0
14620450,2526,0,2,0,0,0,0,0,0,0,0,0
14624094,2527,0,2,0,0,0,0,0,0,0,0,0
14627738,2528,0,2,0,0,0,0,0,0,0,0,0
14631382,2529,0,2,0,0,0,0,0,0,0,0,0
14635026,2530,0,2,0,0,0,0,0,0,0,0,0
14638671,2531,0,2,0,0,0,0,0,0,0,0,0
14642314,2532,0,2,0,0,0,0,0,0,0,0,0
14645958,2533,0,2,0,0,0,0,0,0,0,0,0
14649602,2534,0,2,0,0,0,0,0,0,0,0,0
14653246,2535,0,2,0,0,0,0,0,0,0,0,0
14656890,2536,0,2,0,0,0,0,0,0,0,0,0
14660534,2537,0,2,0,0,0,0,0,0,0,0,0
14664178,2538,0,2,0,0,0,0,0,0,0,0,0
14667822,2539,0,2,0,0,0,0,0,0,0,0,0
14671466,2540,0,2,0,0,0,0,0,0,0,0,0
14675111,2541,0,2,0,0,0,0,0,0,0,0,0
14678754,2542,0,2,0,0,0,0,0,0,0,0,0
14682398,2543,0,2,0,0,0,0,0,0,0,0,0
14686042,2544,0,2,0,0,0,0,0,0,0,0,0
14689686,2545,0,2,0,0,0,0,0,0,0,0,0
14693330,2546,0,2,0,0,0,0,0,0,0,0,0
14696974,2547,0,2,0,0,0,0,0,0,0,0,0
14700618,2548,0,2,0,0,0,0,0,0,0,0,0
14704262,2549,0,2,0,0,0,0,0,0,0,0,0
14707906,2550,0,2,0,0,0,0,0,0,0,0,0
14711551,2551,0,2,0,0,0,0,0,0,0,0,0
14715194,2552,0,2,0,0,0,0,0,0,0,0,0
14718838,2553,0,2,0,0,0,0,0,0,0,0,0
14722482,2554,0,2,0,0,0,0,0,0,0,0,0
14726126,2555,0,2,0,0,0,0,0,0,0,0,0
14729770,2556,0,2,0,0,0,0,0,0,0,0,0
14733414,2557,0,2,0,0,0,0,0,0,0,0,0
14737058,2558,0,2,0,0,0,0,0,0,0,0,0
14740702,2559,0,2,0,0,0,0,0,0,0,0,0
14744346,2560,0,2,0,0,0,0,0,0,0,0,0
14747991,2561,0,2,0,0,0,0,0,0,0,0,0
14751634,2562,0,2,0,0,0,0,0,0,0,0,0
14755278,2563,0,2,0,0,0,0,0,0,0,0,0
14758922,2564,0,2,0,0,0,0,0,0,0,0,0
14762566,2565,0,2,0,0,0,0,0,0,0,0,0
14766210,2566,0,2,0,0,0,0,0,0,0,0,0
14769854,2567,0,2,0,0,0,0,0,0,0,0,0
14773498,2568,0,2,0,0,0,0,0,0,0,0,0
14777142,2569,0,2,0,0,0,0,0,0,0,0,0
14780786,2570,0,2,0,0,0,0,0,0,0,0,0
14784431,2571,0,2,0,0,0,0,0,0,0,0,0
14788074,2572,0,2,0,0,0,0,0,0,0,0,0
14791718,2573,0,2,0,0,0,0,0,0,0,0,0
14795362,2574,0,2,0,0,0,0,0,0,0,0,0
14799007,2575,0,2,0,0,0,0,0,0,0,0,0
14802650,2576,0,2,0,0,0,0,0,0,0,0,0
14806294,2577,0,2,0,0,0,0,0,0,0,0,0
14809938,2578,0,2,0,0,0,0,0,0,0,0,0
14813582,2579,0,2,0,0,0,0,0,0,0,0,0
14817226,2580,0,2,0,0,0,0,0,0,0,0,0
14820871,2581,0,2,0,0,0,0,0,0,0,0,0
14824514,2582,0,2,0,0,0,0,0,0,0,0,0
14828158,2583,0,2,0,0,0,0,0,0,0,0,0
14831802,2584,0,2,0,0,0,0,0,0,0,0,0
14835446,2585,0,2,0,0,0,0,0,0,0,0,0
14839091,2586,0,2,0,0,0,0,0,0,0,0,0
14842734,2587,0,2,0,0,0,0,0,0,0,0,0
14846378,2588,0,2,0,0,0,0,0,0,0,0,0
14850023,2589,0,2,0,0,0,0,0,0,0,0,0
14853666,2590,0,2,0,0,0,0,0,0,0,0,0
14857311,2591,0,2,0,0,0,0,0,0,0,0,0
14860954,2592,0,2,0,0,0,0,0,0,0,0,0
14864598,2593,0,2,0,0,0,0,0,0,0,0,0
14868242,2594,0,2,0,0,0,0,0,0,0,0,0
14871886,2595,0,2,0,0,0,0,0,0,0,0,0
14875530,2596,0,2,0,0,0,0,0,0,0,0,0
14879174,2597,0,2,0,0,0,0,0,0,0,0,0
14882818,2598,0,2,0,0,0,0,0,0,0,0,0
14886462,2599,0,2,0,0,0,0,0,0,0,0,0
14890106,2600,0,2,0,0,0,0,0,0,0,0,0
14893751,2601,0,2,0,0,0,0,0,0,0,0,0
14897394,2602,0,2,0,0,0,0,0,0,0,0,0
14901038,2603,0,2,0,0,0,0,0,0,0,0,0
14904682,2604,0,2,0,0,0,0,0,0,0,0,0
14908326,2605,0,2,0,0,0,0,0,0,0,0,0
14911970,2606,0,2,0,0,0,0,0,0,0,0,0
14915614,2607,0,2,0,0,0,0,0,0,0,0,0
14919258,2608,0,2,0,0,0,0,0,0,0,0,0
14922902,2609,0,2,0,0,0,0,0,0,0,0,0
14926546,2610,0,2,0,0,0,0,0,0,0,0,0
14930191,2611,0,2,0,0,0,0,0,0,0,0,0
14933834,2612,0,2,0,0,0,0,0,0,0,0,0
14937478,2613,0,2,0,0,0,0,0,0,0,0,0
14941122,2614,0,2,0,0,0,0,0,0,0,0,0
14944766,2615,0,2,0,0,0,0,0,0,0,0,0
14948410,2616,0,2,0,0,0,0,0,0,0,0,0
14952054,2617,0,2,0,0,0,0,0,0,0,0,0
14955698,2618,0,2,0,0,0,0,0,0,0,0,0
14959342,2619,0,2,0,0,0,0,0,0,0,0,0
14962986,2620,0,2,0,0,0,0,0,0,0,0,0
14966631,2621,0,2,0,0,0,0,0,0,0,0,0
14970274,2622,0,2,0,0,0,0,0,0,0,0,0
14973918,2623,0,2,0,0,0,0,0,0,0,0,0
14977562,2624,0,2,0,0,0,0,0,0,0,0,0
14981206,2625,0,2,0,0,0,0,0,0,0,0,0
14984850,2626,0,2,0,0,0,0,0,0,0,0,0
14988494,2627,0,2,0,0,0,0,0,0,0,0,0
14992138,2628,0,2,0,0,0,0,0,0,0,0,0
14995782,2629,0,2,0,0,0,0,0,0,0,0,0
14999426,2630,0,2,0,0,0,0,0,0,0,0,0
15003071,2631,0,2,0,0,0,0,0,0,0,0,0
15006714,2632,0,2,0,0,0,0,0,0,0,0,0
15010358,2633,0,2,0,0,0,0,0,0,0,0,0
15014002,2634,0,2,0,0,0,0,0,0,0,0,0
15017646,2635,0,2,0,0,0,0,0,0,0,0,0
15021290,2636,0,2,0,0,0,0,0,0,0,0,0
15024934,2637,0,2,0,0,0,0,0,0,0,0,0
15028578,2638,0,2,0,0,0,0,0,0,0,0,0
15032222,2639,0,2,0,0,0,0,0,0,0,0,0
15035866,2640,0,2,0,0,0,0,0,0,0,0,0
15039511,2641,0,2,0,0,0,0,0,0,0,0,0
15043154,2642,0,2,0,0,0,0,0,0,0,0,0
15046798,2643,0,2,0,0,0,0,0,0,0,0,0
15050442,2644,0,2,0,0,0,0,0,0,0,0,0
15054086,2645,0,2,0,0,0,0,0,0,0,0,0
15057730,2646,0,2,0,0,0,0,0,0,0,0,0
15061374,2647,0,2,0,0,0,0,0,0,0,0,0
15065019,2648,0,2,0,0,0,0,0,0,0,0,0
15068662,2649,0,2,0,0,0,0,0,0,0,0,0
15072306,2650,0,2,0,0,0,0,0,0,0,0,0
15075951,2651,0,2,0,0,0,0,0,0,0,0,0
15079594,2652,0,2,0,0,0,0,0,0,0,0,0
15083238,2653,0,2,0,0,0,0,0,0,0,0,0
15086882,2654,0,2,0,0,0,0,0,0,0,0,0
15090526,2655,0,2,0,0,0,0,0,0,0,0,0
15094170,2656,0,2,0,0,0,0,0,0,0,0,0
15097814,2657,0,2,0,0,0,0,0,0,0,0,0
15101458,2658,0,2,0,0,0,0,0,0,0,0,0
15105102,2659,0,2,0,0,0,0,0,0,0,0,0
15108746,2660,0,2,0,0,0,0,0,0,0,0,0
15112391,2661,0,2,0,0,0,0,0,0,0,0,0
15116034,2662,0,2,0,0,0,0,0,0,0,0,0
15119678,2663,0,2,0,0,0,0,0,0,0,0,0
15123322,2664,0,2,0,0,0,0,0,0,0,0,0
15126966,2665,0,2,0,0,0,0,0,0,0,0,0
15130610,2666,0,2,0,0,0,0,0,0,0,0,0
15134254,2667,0,2,0,0,0,0,0,0,0,0,0
15137898,2668,0,2,0,0,0,0,0,0,0,0,0
15141542,2669,0,2,0,0,0,0,0,0,0,0,0
15145186,2670,0,2,0,0,0,0,0,0,0,0,0
15148831,2671,0,2,0,0,0,0,0,0,0,0,0
15152474,2672,0,2,0,0,0,0,0,0,0,0,0
15156118,2673,0,2,0,0,0,0,0,0,0,0,0
15159762,2674,0,2,0,0,0,0,0,0,0,0,0
15163406,2675,0,2,0,0,0,0,0,0,0,0,0
15167050,2676,0,2,0,0,0,0,0,0,0,0,0
15170694,2677,0,2,0,0,0,0,0,0,0,0,0
15174338,2678,0,2,0,0,0,0,0,0,0,0,0
15177982,2679,0,2,0,0,0,0,0,0,0,0,0
15181626,2680,0,2,0,0,0,0,0,0,0,0,0
15185271,2681,0,2,0,0,0,0,0,0,0,0,0
15188914,2682,0,2,0,0,0,0,0,0,0,0,0
15192558,2683,0,2,0,0,0,0,0,0,0,0,0
15196202,2684,0,2,0,0,0,0,0,0,0,0,0
15199846,2685,0,2,0,0,0,0,0,0,0,0,0
15203490,2686,0,2,0,0,0,0,0,0,0,0,0
15207134,2687,0,2,0,0,0,0,0,0,0,0,0
15210778,2688,0,2,0,0,0,0,0,0,0,0,0
15214422,2689,0,2,0,0,0,0,0,0,0,0,0
15218066,2690,0,2,0,0,0,0,0,0,0,0,0
15221711,2691,0,2,0,0,0,0,0,0,0,0,0
15225354,2692,0,2,0,0,0,0,0,0,0,0,0
15228998,2693,0,2,0,0,0,0,0,0,0,0,0
15232642,2694,0,2,0,0,0,0,0,0,0,0,0
15236286,2695,0,2,0,0,0,0,0,0,0,0,0
15239930,2696,0,2,0,0,0,0,0,0,0,0,0
15243574,2697,0,2,0,0,0,0,0,0,0,0,0
15247218,2698,0,2,0,0,0,0,0,0,0,0,0
15250862,2699,0,2,0,0,0,0,0,0,0,0,0
15254506,2700,0,2,0,0,0,0,0,0,0,0,0
15258151,2701,0,2,0,0,0,0,0,0,0,0,0
15261794,2702,0,2,0,0,0,0,0,0,0,0,0
15265438,2703,0,2,0,0,0,0,0,0,0,0,0
15269082,2704,0,2,0,0,0,0,0,0,0,0,0
15272726,2705,0,2,0,0,0,0,0,0,0,0,0
15276370,2706,0,2,0,0,0,0,0,0,0,0,0
15280014,2707,0,2,0,0,0,0,0,0,0,0,0
15283658,2708,0,2,0,0,0,0,0,0,0,0,0
15287302,2709,0,2,0,0,0,0,0,0,0,0,0
15290946,2710,0,2,0,0,0,0,0,0,0,0,0
15294591,2711,0,2,0,0,0,0,0,0,0,0,0
15298234,2712,0,2,0,0,0,0,0,0,0,0,0
15301878,2713,0,2,0,0,0,0,0,0,0,0,0
15305522,2714,0,2,0,0,0,0,0,0,0,0,0
15309166,2715,0,2,0,0,0,0,0,0,0,0,0
15312810,2716,0,2,0,0,0,0,0,0,0,0,0
15316454,2717,0,2,0,0,0,0,0,0,0,0,0
15320098,2718,0,2,0,0,0,0,0,0,0,0,0
15323742,2719,0,2,0,0,0,0,0,0,0,0,0
15327386,2720,0,2,0,0,0,0,0,0,0,0,0
15331031,2721,0,2,0,0,0,0,0,0,0,0,0
15334674,2722,0,2,0,0,0,0,0,0,0,0,0
15338318,2723,0,2,0,0,0,0,0,0,0,0,0
15341962,2724,0,2,0,0,0,0,0,0,0,0,0
15351824,2725,0,2,0,0,0,0,0,0,0,0,0
15355456,2726,0,2,0,0,0,0,0,0,0,0,0
15359100,2727,0,2,0,0,0,0,0,0,0,0,0
15362744,2728,0,2,0,0,0,0,0,0,0,0,0
15366388,2729,0,2,0,0,0,0,0,0,0,0,0
15370033,2730,0,2,0,0,0,0,0,0,0,0,0
15373677,2731,0,2,0,0,0,0,0,0,0,0,0
15377320,2732,0,2,0,0,0,0,0,0,0,0,0
15380964,2733,0,2,0,0,0,0,0,0,0,0,0
15384608,2734,0,2,0,0,0,0,0,0,0,0,0
15388252,2735,0,2,0,0,0,0,0,0,0,0,0
15391896,2736,0,2,0,0,0,0,0,0,0,0,0
15395540,2737,0,2,0,0,0,0,0,0,0,0,0
15399184,2738,0,2,0,0,0,0,0,0,0,0,0
15402828,2739,0,2,0,0,0,0,0,0,0,0,0
15406472,2740,0,2,0,0,0,0,0,0,0,0,0
15410117,2741,0,2,0,0,0,0,0,0,0,0,0
15413760,2742,0,2,0,0,0,0,0,0,0,0,0
15417404,2743,0,2,0,0,0,0,0,0,0,0,0
15421048,2744,0,2,0,0,0,0,0,0,0,0,0
15424692,2745,0,2,0,0,0,0,0,0,0,0,0
15428336,2746,0,2,0,0,0,0,0,0,0,0,0
15431980,2747,0,2,0,0,0,0,0,0,0,0,0
15435624,2748,0,2,0,0,0,0,0,0,0,0,0
15439268,2749,0,2,0,0,0,0,0,0,0,0,0
15442912,2750,0,2,0,0,0,0,0,0,0,0,0
15446557,2751,0,2,0,0,0,0,0,0,0,0,0
15450200,2752,0,2,0,0,0,0,0,0,0,0,0
15453844,2753,0,2,0,0,0,0,0,0,0,0,0
15457488,2754,0,2,0,0,0,0,0,0,0,0,0
15461132,2755,0,2,0,0,0,0,0,0,0,0,0
15464776,2756,0,2,0,0,0,0,0,0,0,0,0
15468420,2757,0,2,0,0,0,0,0,0,0,0,0
15472064,2758,0,2,0,0,0,0,0,0,0,0,0
15475708,2759,0,2,0,0,0,0,0,0,0,0,0
15479352,2760,0,2,0,0,0,0,0,0,0,0,0
15482997,2761,0,2,0,0,0,0,0,0,0,0,0
15486640,2762,0,2,0,0,0,0,0,0,0,0,0
15490284,2763,0,2,0,0,0,0,0,0,0,0,0
15493928,2764,0,2,0,0,0,0,0,0,0,0,0
15497572,2765,0,2,0,0,0,0,0,0,0,0,0
15501216,2766,0,2,0,0,0,0,0,0,0,0,0
15504860,2767,0,2,0,0,0,0,0,0,0,0,0
15508504,2768,0,2,0,0,0,0,0,0,0,0,0
15512148,2769,0,2,0,0,0,0,0,0,0,0,0
15515792,2770,0,2,0,0,0,0,0,0,0,0,0
15519437,2771,0,2,0,0,0,0,0,0,0,0,0
15523080,2772,0,2,0,0,0,0,0,0,0,0,0
15526724,2773,0,2,0,0,0,0,0,0,0,0,0
15530368,2774,0,2,0,0,0,0,0,0,0,0,0
15534012,2775,0,2,0,0,0,0,0,0,0,0,0
15537656,2776,0,2,0,0,0,0,0,0,0,0,0
15541300,2777,0,2,0,0,0,0,0,0,0,0,0
15544944,2778,0,2,0,0,0,0,0,0,0,0,0
15548588,2779,0,2,0,0,0,0,0,0,0,0,0
15552232,2780,0,2,0,0,0,0,0,0,0,0,0
15555877,2781,0,2,0,0,0,0,0,0,0,0,0
15559520,2782,0,2,0,0,0,0,0,0,0,0,0
15563164,2783,0,2,0,0,0,0,0,0,0,0,0
15566808,2784,0,2,0,0,0,0,0,0,0,0,0
15570452,2785,0,2,0,0,0,0,0,0,0,0,0
15574096,2786,0,2,0,0,0,0,0,0,0,0,0
15577740,2787,0,2,0,0,0,0,0,0,0,0,0
15581384,2788,0,2,0,0,0,0,0,0,0,0,0
15585029,2789,0,2,0,0,0,0,0,0,0,0,0
15588672,2790,0,2,0,0,0,0,0,0,0,0,0
15592317,2791,0,2,0,0,0,0,0,0,0,0,0
15595960,2792,0,2,0,0,0,0,0,0,0,0,0
15599604,2793,0,2,0,0,0,0,0,0,0,0,0
15603248,2794,0,2,0,0,0,0,0,0,0,0,0
15606892,2795,0,2,0,0,0,0,0,0,0,0,0
15610536,2796,0,2,0,0,0,0,0,0,0,0,0
15614180,2797,0,2,0,0,0,0,0,0,0,0,0
15617824,2798,0,2,0,0,0,0,0,0,0,0,0
15621468,2799,0,2,0,0,0,0,0,0,0,0,0
15625112,2800,0,2,0,0,0,0,0,0,0,0,0
15628757,2801,0,2,0,0,0,0,0,0,0,0,0
15632400,2802,0,2,0,0,0,0,0,0,0,0,0
15636045,2803,0,2,0,0,0,0,0,0,0,0,0
15639688,2804,0,2,0,0,0,0,0,0,0,0,0
15643332,2805,0,2,0,0,0,0,0,0,0,0,0
15646976,2806,0,2,0,0,0,0,0,0,0,0,0
15650620,2807,0,2,0,0,0,0,0,0,0,0,0
15654264,2808,0,2,0,0,0,0,0,0,0,0,0
15657908,2809,0,2,0,0,0,0,0,0,0,0,0
15661552,2810,0,2,0,0,0,0,0,0,0,0,0
15665197,2811,0,2,0,0,0,0,0,0,0,0,0
15668840,2812,0,2,0,0,0,0,0,0,0,0,0
15672484,2813,0,2,0,0,0,0,0,0,0,0,0
15676128,2814,0,2,0,0,0,0,0,0,0,0,0
15679772,2815,0,2,0,0,0,0,0,0,0,0,0
15683416,2816,0,2,0,0,0,0,0,0,0,0,0
15687061,2817,0,2,0,0,0,0,0,0,0,0,0
15690704,2818,0,2,0,0,0,0,0,0,0,0,0
15694348,2819,0,2,0,0,0,0,0,0,0,0,0
15697992,2820,0,2,0,0,0,0,0,0,0,0,0
15701637,2821,0,2,0,0,0,0,0,0,0,0,0
15705280,2822,0,2,0,0,0,0,0,0,0,0,0
15708924,2823,0,2,0,0,0,0,0,0,0,0,0
15712568,2824,0,2,0,0,0,0,0,0,0,0,0
15716212,2825,0,2,0,0,0,0,0,0,0,0,0
15719856,2826,0,2,0,0,0,0,0,0,0,0,0
15723500,2827,0,2,0,0,0,0,0,0,0,0,0
15727144,2828,0,2,0,0,0,0,0,0,0,0,0
15730788,2829,0,2,0,0,0,0,0,0,0,0,0
15734432,2830,0,2,0,0,0,0,0,0,0,0,0
15738077,2831,0,2,0,0,0,0,0,0,0,0,0
15741720,2832,0,2,0,0,0,0,0,0,0,0,0
15745364,2833,0,2,0,0,0,0,0,0,0,0,0
15749008,2834,0,2,0,0,0,0,0,0,0,0,0
15752652,2835,0,2,0,0,0,0,0,0,0,0,0
15756296,2836,0,2,0,0,0,0,0,0,0,0,0
15759940,2837,0,2,0,0,0,0,0,0,0,0,0
15763584,2838,0,2,0,0,0,0,0,0,0,0,0
15767228,2839,0,2,0,0,0,0,0,0,0,0,0
15770872,2840,0,2,0,0,0,0,0,0,0,0,0
15774517,2841,0,2,0,0,0,0,0,0,0,0,0
15778160,2842,0,2,0,0,0,0,0,0,0,0,0
15781804,2843,0,2,0,0,0,0,0,0,0,0,0
15785448,2844,0,2,0,0,0,0,0,0,0,0,0
15789092,2845,0,2,0,0,0,0,0,0,0,0,0
15792736,2846,0,2,0,0,0,0,0,0,0,0,0
15796380,2847,0,2,0,0,0,0,0,0,0,0,0
15800024,2848,0,2,0,0,0,0,0,0,0,0,0
15803668,2849,0,2,0,0,0,0,0,0,0,0,0
15807312,2850,0,2,0,0,0,0,0,0,0,0,0
15810957,2851,0,2,0,0,0,0,0,0,0,0,0
15814600,2852,0,2,0,0,0,0,0,0,0,0,0
15818244,2853,0,2,0,0,0,0,0,0,0,0,0
15821888,2854,0,2,0,0,0,0,0,0,0,0,0
15825532,2855,0,2,0,0,0,0,0,0,0,0,0
15829176,2856,0,2,0,0,0,0,0,0,0,0,0
15832820,2857,0,2,0,0,0,0,0,0,0,0,0
15836464,2858,0,2,0,0,0,0,0,0,0,0,0
15840108,2859,0,2,0,0,0,0,0,0,0,0,0
15843752,2860,0,2,0,0,0,0,0,0,0,0,0
15847397,2861,0,2,0,0,0,0,0,0,0,0,0
15851040,2862,0,2,0,0,0,0,0,0,0,0,0
15854684,2863,0,2,0,0,0,0,0,0,0,0,0
15858328,2864,0,2,0,0,0,0,0,0,0,0,0
15861972,2865,0,2,0,0,0,0,0,0,0,0,0
15865616,2866,0,2,0,0,0,0,0,0,0,0,0
15869260,2867,0,2,0,0,0,0,0,0,0,0,0
15872904,2868,0,2,0,0,0,0,0,0,0,0,0
15876548,2869,0,2,0,0,0,0,0,0,0,0,0
15880192,2870,0,2,0,0,0,0,0,0,0,0,0
15883837,2871,0,2,0,0,0,0,0,0,0,0,0
15887480,2872,0,2,0,0,0,0,0,0,0,0,0
15891124,2873,0,2,0,0,0,0,0,0,0,0,0
15894768,2874,0,2,0,0,0,0,0,0,0,0,0
15898412,2875,0,2,0,0,0,0,0,0,0,0,0
15902056,2876,0,2,0,0,0,0,0,0,0,0,0
15905700,2877,0,2,0,0,0,0,0,0,0,0,0
15909344,2878,0,2,0,0,0,0,0,0,0,0,0
15912988,2879,0,2,0,0,0,0,0,0,0,0,0
15916632,2880,0,2,0,0,0,0,0,0,0,0,0
15920277,2881,0,2,0,0,0,0,0,0,0,0,0
15923920,2882,0,2,0,0,0,0,0,0,0,0,0
15927564,2883,0,2,0,0,0,0,0,0,0,0,0
15931208,2884,0,2,0,0,0,0,0,0,0,0,0
15934852,2885,0,2,0,0,0,0,0,0,0,0,0
15938496,2886,0,2,0,0,0,0,0,0,0,0,0
15942140,2887,0,2,0,0,0,0,0,0,0,0,0
15945784,2888,0,2,0,0,0,0,0,0,0,0,0
15949428,2889,0,2,0,0,0,0,0,0,0,0,0
15953073,2890,0,2,0,0,0,0,0,0,0,0,0
15956717,2891,0,2,0,0,0,0,0,0,0,0,0
15960360,2892,0,2,0,0,0,0,0,0,0,0,0
15964004,2893,0,2,0,0,0,0,0,0,0,0,0
15967648,2894,0,2,0,0,0,0,0,0,0,0,0
15971292,2895,0,2,0,0,0,0,0,0,0,0,0
15974936,2896,0,2,0,0,0,0,0,0,0,0,0
15978580,2897,0,2,0,0,0,0,0,0,0,0,0
15982224,2898,0,2,0,0,0,0,0,0,0,0,0
15985868,2899,0,2,0,0,0,0,0,0,0,0,0
15989512,2900,0,2,0,0,0,0,0,0,0,0,0
15993157,2901,0,2,0,0,0,0,0,0,0,0,0
15996800,2902,0,2,0,0,0,0,0,0,0,0,0
16000444,2903,0,2,0,0,0,0,0,0,0,0,0
16004088,2904,0,2,0,0,0,0,0,0,0,0,0
16007732,2905,0,2,0,0,0,0,0,0,0,0,0
16011376,2906,0,2,0,0,0,0,0,0,0,0,0
16015020,2907,0,2,0,0,0,0,0,0,0,0,0
16018664,2908,0,2,0,0,0,0,0,0,0,0,0
16022308,2909,0,2,0,0,0,0,0,0,0,0,0
16025952,2910,0,2,0,0,0,0,0,0,0,0,0
16029597,2911,0,2,0,0,0,0,0,0,0,0,0
16033240,2912,0,2,0,0,0,0,0,0,0,0,0
16036884,2913,0,2,0,0,0,0,0,0,0,0,0
16040528,2914,0,2,0,0,0,0,0,0,0,0,0
16044172,2915,0,2,0,0,0,0,0,0,0,0,0
16047816,2916,0,2,0,0,0,0,0,0,0,0,0
16051460,2917,0,2,0,0,0,0,0,0,0,0,0
16055104,2918,0,2,0,0,0,0,0,0,0,0,0
16058748,2919,0,2,0,0,0,0,0,0,0,0,0
16062392,2920,0,2,0,0,0,0,0,0,0,0,0
16066037,2921,0,2,0,0,0,0,0,0,0,0,0
16069680,2922,0,2,0,0,0,0,0,0,0,0,0
16073324,2923,0,2,0,0,0,0,0,0,0,0,0
16076968,2924,0,2,0,0,0,0,0,0,0,0,0
16080612,2925,0,2,0,0,0,0,0,0,0,0,0
16084256,2926,0,2,0,0,0,0,0,0,0,0,0
16087900,2927,0,2,0,0,0,0,0,0,0,0,0
16091544,2928,0,2,0,0,0,0,0,0,0,0,0
16095188,2929,0,2,0,0,0,0,0,0,0,0,0
16098832,2930,0,2,0,0,0,0,0,0,0,0,0
16102477,2931,0,2,0,0,0,0,0,0,0,0,0
16106120,2932,0,2,0,0,0,0,0,0,0,0,0
16109764,2933,0,2,0,0,0,0,0,0,0,0,0
16113408,2934,0,2,0,0,0,0,0,0,0,0,0
16117052,2935,0,2,0,0,0,0,0,0,0,0,0
16120696,2936,0,2,0,0,0,0,0,0,0,0,0
16124340,2937,0,2,0,0,0,0,0,0,0,0,0
16127984,2938,0,2,0,0,0,0,0,0,0,0,0
16131628,2939,0,2,0,0,0,0,0,0,0,0,0
16135272,2940,0,2,0,0,0,0,0,0,0,0,0
16138917,2941,0,2,0,0,0,0,0,0,0,0,0
16142560,2942,0,2,0,0,0,0,0,0,0,0,0
16146204,2943,0,2,0,0,0,0,0,0,0,0,0
16149848,2944,0,2,0,0,0,0,0,0,0,0,0
16153492,2945,0,2,0,0,0,0,0,0,0,0,0
16157136,2946,0,2,0,0,0,0,0,0,0,0,0
16160780,2947,0,2,0,0,0,0,0,0,0,0,0
16164424,2948,0,2,0,0,0,0,0,0,0,0,0
16168068,2949,0,2,0,0,0,0,0,0,0,0,0
16171712,2950,0,2,0,0,0,0,0,0,0,0,0
16175357,2951,0,2,0,0,0,0,0,0,0,0,0
16186345,2952,0,2,0,0,0,0,0,0,0,0,0
16189977,2953,0,2,0,0,0,0,0,0,0,0,0
16193621,2954,0,2,0,0,0,0,0,0,0,0,0
16197265,2955,0,2,0,0,0,0,0,0,0,0,0
16200909,2956,0,2,0,0,0,0,0,0,0,0,0
16204553,2957,0,2,0,0,0,0,0,0,0,0,0
16208197,2958,0,2,0,0,0,0,0,0,0,0,0
16211841,2959,0,2,0,0,0,0,0,0,0,0,0
16215485,2960,0,2,0,0,0,0,0,0,0,0,0
16219130,2961,0,2,0,0,0,0,0,0,0,0,0
16222773,2962,0,2,0,0,0,0,0,0,0,0,0
16226417,2963,0,2,0,0,0,0,0,0,0,0,0
16230061,2964,0,2,0,0,0,0,0,0,0,0,0
16233705,2965,0,2,0,0,0,0,0,0,0,0,0
16237349,2966,0,2,0,0,0,0,0,0,0,0,0
16240993,2967,0,2,0,0,0,0,0,0,0,0,0
16244637,2968,0,2,0,0,0,0,0,0,0,0,0
16248281,2969,0,2,0,0,0,0,0,0,0,0,0
16251925,2970,0,2,0,0,0,0,0,0,0,0,0
16255570,2971,0,2,0,0,0,0,0,0,0,0,0
16259213,2972,0,2,0,0,0,0,0,0,0,0,0
16262857,2973,0,2,0,0,0,0,0,0,0,0,0
16266501,2974,0,2,0,0,0,0,0,0,0,0,0
16270145,2975,0,2,0,0,0,0,0,0,0,0,0
16273789,2976,0,2,0,0,0,0,0,0,0,0,0
16277433,2977,0,2,0,0,0,0,0,0,0,0,0
16281077,2978,0,2,0,0,0,0,0,0,0,0,0
16284721,2979,0,2,0,0,0,0,0,0,0,0,0
16288365,2980,0,2,0,0,0,0,0,0,0,0,0
16292010,2981,0,2,0,0,0,0,0,0,0,0,0
16295653,2982,0,2,0,0,0,0,0,0,0,0,0
16299297,2983,0,2,0,0,0,0,0,0,0,0,0
16302941,2984,0,2,0,0,0,0,0,0,0,0,0
16306585,2985,0,2,0,0,0,0,0,0,0,0,0
16310229,2986,0,2,0,0,0,0,0,0,0,0,0
16313873,2987,0,2,0,0,0,0,0,0,0,0,0
16317517,2988,0,2,0,0,0,0,0,0,0,0,0
16321161,2989,0,2,0,0,0,0,0,0,0,0,0
16324805,2990,0,2,0,0,0,0,0,0,0,0,0
16328450,2991,0,2,0,0,0,0,0,0,0,0,0
16332093,2992,0,2,0,0,0,0,0,0,0,0,0
16335737,2993,0,2,0,0,0,0,0,0,0,0,0
16339381,2994,0,2,0,0,0,0,0,0,0,0,0
16343026,2995,0,2,0,0,0,0,0,0,0,0,0
16346669,2996,0,2,0,0,0,0,0,0,0,0,0
16350313,2997,0,2,0,0,0,0,0,0,0,0,0
16353957,2998,0,2,0,0,0,0,0,0,0,0,0
16357601,2999,0,2,0,0,0,0,0,0,0,0,0
16361245,3000,0,2,0,0,0,0,0,0,0,0,0
16364890,3001,0,2,0,0,0,0,0,0,0,0,0
16368533,3002,0,2,0,0,0,0,0,0,0,0,0
16372177,3003,0,2,0,0,0,0,0,0,0,0,0
16375821,3004,0,2,0,0,0,0,0,0,0,0,0
16379465,3005,0,2,0,0,0,0,0,0,0,0,0
16383109,3006,0,2,0,0,0,0,0,0,0,0,0
16386753,3007,0,2,0,0,0,0,0,0,0,0,0
16390397,3008,0,2,0,0,0,0,0,0,0,0,0
16394042,3009,0,2,0,0,0,0,0,0,0,0,0
16397685,3010,0,2,0,0,0,0,0,0,0,0,0
16401330,3011,0,2,0,0,0,0,0,0,0,0,0
16404973,3012,0,2,0,0,0,0,0,0,0,0,0
16408617,3013,0,2,0,0,0,0,0,0,0,0,0
16412261,3014,0,2,0,0,0,0,0,0,0,0,0
16415905,3015,0,2,0,0,0,0,0,0,0,0,0
16419549,3016,0,2,0,0,0,0,0,0,0,0,0
16423193,3017,0,2,0,0,0,0,0,0,0,0,0
16426837,3018,0,2,0,0,0,0,0,0,0,0,0
16430481,3019,0,2,0,0,0,0,0,0,0,0,0
16434125,3020,0,2,0,0,0,0,0,0,0,0,0
16437770,3021,0,2,0,0,0,0,0,0,0,0,0
16441413,3022,0,2,0,0,0,0,0,0,0,0,0
16445057,3023,0,2,0,0,0,0,0,0,0,0,0
16448701,3024,0,2,0,0,0,0,0,0,0,0,0
16452345,3025,0,2,0,0,0,0,0,0,0,0,0
16455989,3026,0,2,0,0,0,0,0,0,0,0,0
16459633,3027,0,2,0,0,0,0,0,0,0,0,0
16463277,3028,0,2,0,0,0,0,0,0,0,0,0
16466921,3029,0,2,0,0,0,0,0,0,0,0,0
16470565,3030,0,2,0,0,0,0,0,0,0,0,0
16474210,3031,0,2,0,0,0,0,0,0,0,0,0
16477853,3032,0,2,0,0,0,0,0,0,0,0,0
16481497,3033,0,2,0,0,0,0,0,0,0,0,0
16485141,3034,0,2,0,0,0,0,0,0,0,0,0
16488785,3035,0,2,0,0,0,0,0,0,0,0,0
16492429,3036,0,2,0,0,0,0,0,0,0,0,0
16496073,3037,0,2,0,0,0,0,0,0,0,0,0
16499717,3038,0,2,0,0,0,0,0,0,0,0,0
16503361,3039,0,2,0,0,0,0,0,0,0,0,0
16507006,3040,0,2,0,0,0,0,0,0,0,0,0
16510650,3041,0,2,0,0,0,0,0,0,0,0,0
16514293,3042,0,2,0,0,0,0,0,0,0,0,0
16517937,3043,0,2,0,0,0,0,0,0,0,0,0
16521581,3044,0,2,0,0,0,0,0,0,0,0,0
16525225,3045,0,2,0,0,0,0,0,0,0,0,0
16528869,3046,0,2,0,0,0,0,0,0,0,0,0
16532513,3047,0,2,0,0,0,0,0,0,0,0,0
16536157,3048,0,2,0,0,0,0,0,0,0,0,0
16539801,3049,0,2,0,0,0,0,0,0,0,0,0
16543445,3050,0,2,0,0,0,0,0,0,0,0,0
16547090,3051,0,2,0,0,0,0,0,0,0,0,0
16550733,3052,0,2,0,0,0,0,0,0,0,0,0
16554377,3053,0,2,0,0,0,0,0,0,0,0,0
16558021,3054,0,2,0,0,0,0,0,0,0,0,0
16561665,3055,0,2,0,0,0,0,0,0,0,0,0
16565309,3056,0,2,0,0,0,0,0,0,0,0,0
16568953,3057,0,2,0,0,0,0,0,0,0,0,0
16572597,3058,0,2,0,0,0,0,0,0,0,0,0
16576241,3059,0,2,0,0,0,0,0,0,0,0,0
16579885,3060,0,2,0,0,0,0,0,0,0,0,0
16583530,3061,0,2,0,0,0,0,0,0,0,0,0
16587173,3062,0,2,0,0,0,0,0,0,0,0,0
16590817,3063,0,2,0,0,0,0,0,0,0,0,0
16594461,3064,0,2,0,0,0,0,0,0,0,0,0
16598105,3065,0,2,0,0,0,0,0,0,0,0,0
16601749,3066,0,2,0,0,0,0,0,0,0,0,0
16605393,3067,0,2,0,0,0,0,0,0,0,0,0
16609038,3068,0,2,0,0,0,0,0,0,0,0,0
16612681,3069,0,2,0,0,0,0,0,0,0,0,0
16616325,3070,0,2,0,0,0,0,0,0,0,0,0
16619970,3071,0,2,0,0,0,0,0,0,0,0,0
16623613,3072,0,2,0,0,0,0,0,0,0,0,0
16627257,3073,0,2,0,0,0,0,0,0,0,0,0
16630901,3074,0,2,0,0,0,0,0,0,0,0,0
16634545,3075,0,2,0,0,0,0,0,0,0,0,0
16638189,3076,0,2,0,0,0,0,0,0,0,0,0
16641833,3077,0,2,0,0,0,0,0,0,0,0,0
16645477,3078,0,2,0,0,0,0,0,0,0,0,0
16649121,3079,0,2,0,0,0,0,0,0,0,0,0
16652765,3080,0,2,0,0,0,0,0,0,0,0,0
16656410,3081,0,2,0,0,0,0,0,0,0,0,0
16660053,3082,0,2,0,0,0,0,0,0,0,0,0
16663697,3083,0,2,0,0,0,0,0,0,0,0,0
16667341,3084,0,2,0,0,0,0,0,0,0,0,0
16670985,3085,0,2,0,0,0,0,0,0,0,0,0
16674629,3086,0,2,0,0,0,0,0,0,0,0,0
16678273,3087,0,2,0,0,0,0,0,0,0,0,0
16681917,3088,0,2,0,0,0,0,0,0,0,0,0
16685561,3089,0,2,0,0,0,0,0,0,0,0,0
16689205,3090,0,2,0,0,0,0,0,0,0,0,0
16692850,3091,0,2,0,0,0,0,0,0,0,0,0
16696493,3092,0,2,0,0,0,0,0,0,0,0,0
16700137,3093,0,2,0,0,0,0,0,0,0,0,0
16703781,3094,0,2,0,0,0,0,0,0,0,0,0
16707425,3095,0,2,0,0,0,0,0,0,0,0,0
16711070,3096,0,2,0,0,0,0,0,0,0,0,0
16714713,3097,0,2,0,0,0,0,0,0,0,0,0
16718357,3098,0,2,0,0,0,0,0,0,0,0,0
16722001,3099,0,2,0,0,0,0,0,0,0,0,0
16725645,3100,0,2,0,0,0,0,0,0,0,0,0
16729290,3101,0,2,0,0,0,0,0,0,0,0,0
16732933,3102,0,2,0,0,0,0,0,0,0,0,0
16736577,3103,0,2,0,0,0,0,0,0,0,0,0
16740221,3104,0,2,0,0,0,0,0,0,0,0,0
16743865,3105,0,2,0,0,0,0,0,0,0,0,0
16747509,3106,0,2,0,0,0,0,0,0,0,0,0
16751153,3107,0,2,0,0,0,0,0,0,0,0,0
16754797,3108,0,2,0,0,0,0,0,0,0,0,0
16758441,3109,0,2,0,0,0,0,0,0,0,0,0
16762086,3110,0,2,0,0,0,0,0,0,0,0,0
16765730,3111,0,2,0,0,0,0,0,0,0,0,0
16769373,3112,0,2,0,0,0,0,0,0,0,0,0
16773017,3113,0,2,0,0,0,0,0,0,0,0,0
16776661,3114,0,2,0,0,0,0,0,0,0,0,0
16780305,3115,0,2,0,0,0,0,0,0,0,0,0
16783949,3116,0,2,0,0,0,0,0,0,0,0,0
16787593,3117,0,2,0,0,0,0,0,0,0,0,0
16791237,3118,0,2,0,0,0,0,0,0,0,0,0
16794881,3119,0,2,0,0,0,0,0,0,0,0,0
16798525,3120,0,2,0,0,0,0,0,0,0,0,0
16802170,3121,0,2,0,0,0,0,0,0,0,0,0
16805813,3122,0,2,0,0,0,0,0,0,0,0,0
16809457,3123,0,2,0,0,0,0,0,0,0,0,0
16813101,3124,0,2,0,0,0,0,0,0,0,0,0
16816745,3125,0,2,0,0,0,0,0,0,0,0,0
16820389,3126,0,2,0,0,0,0,0,0,0,0,0
16824034,3127,0,2,0,0,0,0,0,0,0,0,0
16827677,3128,0,2,0,0,0,0,0,0,0,0,0
16831321,3129,0,2,0,0,0,0,0,0,0,0,0
16834965,3130,0,2,0,0,0,0,0,0,0,0,0
16838610,3131,0,2,0,0,0,0,0,0,0,0,0
16842253,3132,0,2,0,0,0,0,0,0,0,0,0
16845897,3133,0,2,0,0,0,0,0,0,0,0,0
16849541,3134,0,2,0,0,0,0,0,0,0,0,0
16853185,3135,0,2,0,0,0,0,0,0,0,0,0
16856829,3136,0,2,0,0,0,0,0,0,0,0,0
16860473,3137,0,2,0,0,0,0,0,0,0,0,0
16864117,3138,0,2,0,0,0,0,0,0,0,0,0
16867761,3139,0,2,0,0,0,0,0,0,0,0,0
16871405,3140,0,2,0,0,0,0,0,0,0,0,0
16875050,3141,0,2,0,0,0,0,0,0,0,0,0
16878693,3142,0,2,0,0,0,0,0,0,0,0,0
16882337,3143,0,2,0,0,0,0,0,0,0,0,0
16885981,3144,0,2,0,0,0,0,0,0,0,0,0
16889625,3145,0,2,0,0,0,0,0,0,0,0,0
16893269,3146,0,2,0,0,0,0,0,0,0,0,0
16896913,3147,0,2,0,0,0,0,0,0,0,0,0
16900557,3148,0,2,0,0,0,0,0,0,0,0,0
16904201,3149,0,2,0,0,0,0,0,0,0,0,0
16907845,3150,0,2,0,0,0,0,0,0,0,0,0
16911490,3151,0,2,0,0,0,0,0,0,0,0,0
16915133,3152,0,2,0,0,0,0,0,0,0,0,0
16918777,3153,0,2,0,0,0,0,0,0,0,0,0
16922421,3154,0,2,0,0,0,0,0,0,0,0,0
16926065,3155,0,2,0,0,0,0,0,0,0,0,0
16929709,3156,0,2,0,0,0,0,0,0,0,0,0
16933353,3157,0,2,0,0,0,0,0,0,0,0,0
16936997,3158,0,2,0,0,0,0,0,0,0,0,0
16940641,3159,0,2,0,0,0,0,0,0,0,0,0
16944285,3160,0,2,0,0,0,0,0,0,0,0,0
16947930,3161,0,2,0,0,0,0,0,0,0,0,0
16951573,3162,0,2,0,0,0,0,0,0,0,0,0
16955217,3163,0,2,0,0,0,0,0,0,0,0,0
16958861,3164,0,2,0,0,0,0,0,0,0,0,0
16962505,3165,0,2,0,0,0,0,0,0,0,0,0
16966149,3166,0,2,0,0,0,0,0,0,0,0,0
16969793,3167,0,2,0,0,0,0,0,0,0,0,0
16973437,3168,0,2,0,0,0,0,0,0,0,0,0
16977082,3169,0,2,0,0,0,0,0,0,0,0,0
16980725,3170,0,2,0,0,0,0,0,0,0,0,0
16984370,3171,0,2,0,0,0,0,0,0,0,0,0
16988013,3172,0,2,0,0,0,0,0,0,0,0,0
16991657,3173,0,2,0,0,0,0,0,0,0,0,0
16995301,3174,0,2,0,0,0,0,0,0,0,0,0
16998945,3175,0,2,0,0,0,0,0,0,0,0,0
17002589,3176,0,2,0,0,0,0,0,0,0,0,0
17006233,3177,0,2,0,0,0,0,0,0,0,0,0
17009877,3178,0,2,0,0,0,0,0,0,0,0,0
17018575,3179,0,2,0,0,0,0,0,0,0,0,0
17022207,3180,0,2,0,0,0,0,0,0,0,0,0
17025852,3181,0,2,0,0,0,0,0,0,0,0,0
17029495,3182,0,2,0,0,0,0,0,0,0,0,0
17033139,3183,0,2,0,0,0,0,0,0,0,0,0
17036783,3184,0,2,0,0,0,0,0,0,0,0,0
17040427,3185,0,2,0,0,0,0,0,0,0,0,0
17044072,3186,0,2,0,0,0,0,0,0,0,0,0
17047715,3187,0,2,0,0,0,0,0,0,0,0,0
17051359,3188,0,2,0,0,0,0,0,0,0,0,0
17055004,3189,0,2,0,0,0,0,0,0,0,0,0
17058647,3190,0,2,0,0,0,0,0,0,0,0,0
17062292,3191,0,2,0,0,0,0,0,0,0,0,0
17065935,3192,0,2,0,0,0,0,0,0,0,0,0
17069579,3193,0,2,0,0,0,0,0,0,0,0,0
17073223,3194,0,2,0,0,0,0,0,0,0,0,0
17076867,3195,0,2,0,0,0,0,0,0,0,0,0
17080511,3196,0,2,0,0,0,0,0,0,0,0,0
17084155,3197,0,2,0,0,0,0,0,0,0,0,0
17087799,3198,0,2,0,0,0,0,0,0,0,0,0
17091443,3199,0,2,0,0,0,0,0,0,0,0,0
17095087,3200,0,2,0,0,0,0,0,0,0,0,0
17098732,3201,0,2,0,0,0,0,0,0,0,0,0
17102375,3202,0,2,0,0,0,0,0,0,0,0,0
17106019,3203,0,2,0,0,0,0,0,0,0,0,0
17109663,3204,0,2,0,0,0,0,0,0,0,0,0
17113307,3205,0,2,0,0,0,0,0,0,0,0,0
17116951,3206,0,2,0,0,0,0,0,0,0,0,0
17120595,3207,0,2,0,0,0,0,0,0,0,0,0
17124239,3208,0,2,0,0,0,0,0,0,0,0,0
17127883,3209,0,2,0,0,0,0,0,0,0,0,0
17131527,3210,0,2,0,0,0,0,0,0,0,0,0
17135172,3211,0,2,0,0,0,0,0,0,0,0,0
17138815,3212,0,2,0,0,0,0,0,0,0,0,0
17142459,3213,0,2,0,0,0,0,0,0,0,0,0
17146103,3214,0,2,0,0,0,0,0,0,0,0,0
17149747,3215,0,2,0,0,0,0,0,0,0,0,0
17153391,3216,0,2,0,0,0,0,0,0,0,0,0
17157035,3217,0,2,0,0,0,0,0,0,0,0,0
17160679,3218,0,2,0,0,0,0,0,0,0,0,0
17164323,3219,0,2,0,0,0,0,0,0,0,0,0
17167967,3220,0,2,0,0,0,0,0,0,0,0,0
17171612,3221,0,2,0,0,0,0,0,0,0,0,0
17175255,3222,0,2,0,0,0,0,0,0,0,0,0
17178899,3223,0,2,0,0,0,0,0,0,0,0,0
17182543,3224,0,2,0,0,0,0,0,0,0,0,0
17186187,3225,0,2,0,0,0,0,0,0,0,0,0
17189831,3226,0,2,0,0,0,0,0,0,0,0,0
17193475,3227,0,2,0,0,0,0,0,0,0,0,0
17197119,3228,0,2,0,0,0,0,0,0,0,0,0
17200763,3229,0,2,0,0,0,0,0,0,0,0,0
17204407,3230,0,2,0,0,0,0,0,0,0,0,0
17208052,3231,0,2,0,0,0,0,0,0,0,0,0
17211695,3232,0,2,0,0,0,0,0,0,0,0,0
17215339,3233,0,2,0,0,0,0,0,0,0,0,0
17218983,3234,0,2,0,0,0,0,0,0,0,0,0
17222627,3235,0,2,0,0,0,0,0,0,0,0,0
17226271,3236,0,2,0,0,0,0,0,0,0,0,0
17229915,3237,0,2,0,0,0,0,0,0,0,0,0
17233559,3238,0,2,0,0,0,0,0,0,0,0,0
17237203,3239,0,2,0,0,0,0,0,0,0,0,0
17240847,3240,0,2,0,0,0,0,0,0,0,0,0
17244492,3241,0,2,0,0,0,0,0,0,0,0,0
17248135,3242,0,2,0,0,0,0,0,0,0,0,0
17251779,3243,0,2,0,0,0,0,0,0,0,0,0
17255423,3244,0,2,0,0,0,0,0,0,0,0,0
17259067,3245,0,2,0,0,0,0,0,0,0,0,0
17262711,3246,0,2,0,0,0,0,0,0,0,0,0
17266355,3247,0,2,0,0,0,0,0,0,0,0,0
17269999,3248,0,2,0,0,0,0,0,0,0,0,0
17273643,3249,0,2,0,0,0,0,0,0,0,0,0
17277287,3250,0,2,0,0,0,0,0,0,0,0,0
17280932,3251,0,2,0,0,0,0,0,0,0,0,0
17284575,3252,0,2,0,0,0,0,0,0,0,0,0
17288219,3253,0,2,0,0,0,0,0,0,0,0,0
17291863,3254,0,2,0,0,0,0,0,0,0,0,0
17295507,3255,0,2,0,0,0,0,0,0,0,0,0
17299151,3256,0,2,0,0,0,0,0,0,0,0,0
17302795,3257,0,2,0,0,0,0,0,0,0,0,0
17306439,3258,0,2,0,0,0,0,0,0,0,0,0
17310083,3259,0,2,0,0,0,0,0,0,0,0,0
17313727,3260,0,2,0,0,0,0,0,0,0,0,0
17317372,3261,0,2,0,0,0,0,0,0,0,0,0
17321015,3262,0,2,0,0,0,0,0,0,0,0,0
17324659,3263,0,2,0,0,0,0,0,0,0,0,0
17328303,3264,0,2,0,0,0,0,0,0,0,0,0
17331947,3265,0,2,0,0,0,0,0,0,0,0,0
17335591,3266,0,2,0,0,0,0,0,0,0,0,0
17339235,3267,0,2,0,0,0,0,0,0,0,0,0
17342879,3268,0,2,0,0,0,0,0,0,0,0,0
17346523,3269,0,2,0,0,0,0,0,0,0,0,0
17350167,3270,0,2,0,0,0,0,0,0,0,0,0
17353812,3271,0,2,0,0,0,0,0,0,0,0,0
17357455,3272,0,2,0,0,0,0,0,0,0,0,0
17361099,3273,0,2,0,0,0,0,0,0,0,0,0
17364743,3274,0,2,0,0,0,0,0,0,0,0,0
17368387,3275,0,2,0,0,0,0,0,0,0,0,0
17372031,3276,0,2,0,0,0,0,0,0,0,0,0
17375675,3277,0,2,0,0,0,0,0,0,0,0,0
17379319,3278,0,2,0,0,0,0,0,0,0,0,0
17382963,3279,0,2,0,0,0,0,0,0,0,0,0
17386607,3280,0,2,0,0,0,0,0,0,0,0,0
17390252,3281,0,2,0,0,0,0,0,0,0,0,0
17393895,3282,0,2,0,0,0,0,0,0,0,0,0
17397539,3283,0,2,0,0,0,0,0,0,0,0,0
17401183,3284,0,2,0,0,0,0,0,0,0,0,0
17404827,3285,0,2,0,0,0,0,0,0,0,0,0
17408471,3286,0,2,0,0,0,0,0,0,0,0,0
17412115,3287,0,2,0,0,0,0,0,0,0,0,0
17415759,3288,0,2,0,0,0,0,0,0,0,0,0
17419403,3289,0,2,0,0,0,0,0,0,0,0,0
17423047,3290,0,2,0,0,0,0,0,0,0,0,0
17426692,3291,0,2,0,0,0,0,0,0,0,0,0
17430335,3292,0,2,0,0,0,0,0,0,0,0,0
17433979,3293,0,2,0,0,0,0,0,0,0,0,0
17437623,3294,0,2,0,0,0,0,0,0,0,0,0
17441267,3295,0,2,0,0,0,0,0,0,0,0,0
17444911,3296,0,2,0,0,0,0,0,0,0,0,0
17448555,3297,0,2,0,0,0,0,0,0,0,0,0
17452199,3298,0,2,0,0,0,0,0,0,0,0,0
17455843,3299,0,2,0,0,0,0,0,0,0,0,0
17459487,3300,0,2,0,0,0,0,0,0,0,0,0
17463132,3301,0,2,0,0,0,0,0,0,0,0,0
17466775,3302,0,2,0,0,0,0,0,0,0,0,0
17470419,3303,0,2,0,0,0,0,0,0,0,0,0
17474064,3304,0,2,0,0,0,0,0,0,0,0,0
17477707,3305,0,2,0,0,0,0,0,0,0,0,0
17481351,3306,0,2,0,0,0,0,0,0,0,0,0
17484995,3307,0,2,0,0,0,0,0,0,0,0,0
17488639,3308,0,2,0,0,0,0,0,0,0,0,0
17492283,3309,0,2,0,0,0,0,0,0,0,0,0
17495927,3310,0,2,0,0,0,0,0,0,0,0,0
17499572,3311,0,2,0,0,0,0,0,0,0,0,0
17503215,3312,0,2,0,0,0,0,0,0,0,0,0
17506859,3313,0,2,0,0,0,0,0,0,0,0,0
17510503,3314,0,2,0,0,0,0,0,0,0,0,0
17514147,3315,0,2,0,0,0,0,0,0,0,0,0
17517791,3316,0,2,0,0,0,0,0,0,0,0,0
17521435,3317,0,2,0,0,0,0,0,0,0,0,0
17525079,3318,0,2,0,0,0,0,0,0,0,0,0
17528723,3319,0,2,0,0,0,0,0,0,0,0,0
17532367,3320,0,2,0,0,0,0,0,0,0,0,0
17536012,3321,0,2,0,0,0,0,0,0,0,0,0
17539655,3322,0,2,0,0,0,0,0,0,0,0,0
17543299,3323,0,2,0,0,0,0,0,0,0,0,0
17546943,3324,0,2,0,0,0,0,0,0,0,0,0
17550587,3325,0,2,0,0,0,0,0,0,0,0,0
17554231,3326,0,2,0,0,0,0,0,0,0,0,0
17557875,3327,0,2,0,0,0,0,0,0,0,0,0
17561519,3328,0,2,0,0,0,0,0,0,0,0,0
17565163,3329,0,2,0,0,0,0,0,0,0,0,0
17568807,3330,0,2,0,0,0,0,0,0,0,0,0
17572452,3331,0,2,0,0,0,0,0,0,0,0,0
17576095,3332,0,2,0,0,0,0,0,0,0,0,0
17579739,3333,0,2,0,0,0,0,0,0,0,0,0
17583383,3334,0,2,0,0,0,0,0,0,0,0,0
17587027,3335,0,2,0,0,0,0,0,0,0,0,0
17590671,3336,0,2,0,0,0,0,0,0,0,0,0
17594315,3337,0,2,0,0,0,0,0,0,0,0,0
17597959,3338,0,2,0,0,0,0,0,0,0,0,0
17601603,3339,0,2,0,0,0,0,0,0,0,0,0
17605247,3340,0,2,0,0,0,0,0,0,0,0,0
17608892,3341,0,2,0,0,0,0,0,0,0,0,0
17612535,3342,0,2,0,0,0,0,0,0,0,0,0
17616179,3343,0,2,0,0,0,0,0,0,0,0,0
17619823,3344,0,2,0,0,0,0,0,0,0,0,0
17623467,3345,0,2,0,0,0,0,0,0,0,0,0
17627111,3346,0,2,0,0,0,0,0,0,0,0,0
17630755,3347,0,2,0,0,0,0,0,0,0,0,0
17634399,3348,0,2,0,0,0,0,0,0,0,0,0
17638044,3349,0,2,0,0,0,0,0,0,0,0,0
17641687,3350,0,2,0,0,0,0,0,0,0,0,0
17645332,3351,0,2,0,0,0,0,0,0,0,0,0
17648975,3352,0,2,0,0,0,0,0,0,0,0,0
17652619,3353,0,2,0,0,0,0,0,0,0,0,0
17656263,3354,0,2,0,0,0,0,0,0,0,0,0
17659907,3355,0,2,0,0,0,0,0,0,0,0,0
17663551,3356,0,2,0,0,0,0,0,0,0,0,0
17667195,3357,0,2,0,0,0,0,0,0,0,0,0
17670839,3358,0,2,0,0,0,0,0,0,0,0,0
17674483,3359,0,2,0,0,0,0,0,0,0,0,0
17678127,3360,0,2,0,0,0,0,0,0,0,0,0
17681772,3361,0,2,0,0,0,0,0,0,0,0,0
17685415,3362,0,2,0,0,0,0,0,0,0,0,0
17689059,3363,0,2,0,0,0,0,0,0,0,0,0
17692703,3364,0,2,0,0,0,0,0,0,0,0,0
17696347,3365,0,2,0,0,0,0,0,0,0,0,0
17699991,3366,0,2,0,0,0,0,0,0,0,0,0
17703635,3367,0,2,0,0,0,0,0,0,0,0,0
17707279,3368,0,2,0,0,0,0,0,0,0,0,0
17710923,3369,0,2,0,0,0,0,0,0,0,0,0
17714567,3370,0,2,0,0,0,0,0,0,0,0,0
17718212,3371,0,2,0,0,0,0,0,0,0,0,0
17721855,3372,0,2,0,0,0,0,0,0,0,0,0
17725499,3373,0,2,0,0,0,0,0,0,0,0,0
17729143,3374,0,2,0,0,0,0,0,0,0,0,0
17732787,3375,0,2,0,0,0,0,0,0,0,0,0
17736431,3376,0,2,0,0,0,0,0,0,0,0,0
17740075,3377,0,2,0,0,0,0,0,0,0,0,0
17743719,3378,0,2,0,0,0,0,0,0,0,0,0
17747363,3379,0,2,0,0,0,0,0,0,0,0,0
17751007,3380,0,2,0,0,0,0,0,0,0,0,0
17754652,3381,0,2,0,0,0,0,0,0,0,0,0
17758295,3382,0,2,0,0,0,0,0,0,0,0,0
17761939,3383,0,2,0,0,0,0,0,0,0,0,0
17765583,3384,0,2,0,0,0,0,0,0,0,0,0
17769227,3385,0,2,0,0,0,0,0,0,0,0,0
17772871,3386,0,2,0,0,0,0,0,0,0,0,0
17776515,3387,0,2,0,0,0,0,0,0,0,0,0
17780159,3388,0,2,0,0,0,0,0,0,0,0,0
17783803,3389,0,2,0,0,0,0,0,0,0,0,0
17787447,3390,0,2,0,0,0,0,0,0,0,0,0
17791092,3391,0,2,0,0,0,0,0,0,0,0,0
17794735,3392,0,2,0,0,0,0,0,0,0,0,0
17798379,3393,0,2,0,0,0,0,0,0,0,0,0
17802023,3394,0,2,0,0,0,0,0,0,0,0,0
17805667,3395,0,2,0,0,0,0,0,0,0,0,0
17809311,3396,0,2,0,0,0,0,0,0,0,0,0
17812955,3397,0,2,0,0,0,0,0,0,0,0,0
17816599,3398,0,2,0,0,0,0,0,0,0,0,0
17820243,3399,0,2,0,0,0,0,0,0,0,0,0
17823887,3400,0,2,0,0,0,0,0,0,0,0,0
17827532,3401,0,2,0,0,0,0,0,0,0,0,0
17831175,3402,0,2,0,0,0,0,0,0,0,0,0
17834819,3403,0,2,0,0,0,0,0,0,0,0,0
17838463,3404,0,2,0,0,0,0,0,0,0,0,0
17842107,3405,0,2,0,0,0,0,0,0,0,0,0
17852462,3406,0,2,0,0,0,0,0,0,0,0,0
17856094,3407,0,2,0,0,0,0,0,0,0,0,0
17859738,3408,0,2,0,0,0,0,0,0,0,0,0
17863382,3409,0,2,0,0,0,0,0,0,0,0,0
17867026,3410,0,2,0,0,0,0,0,0,0,0,0
17870671,3411,0,2,0,0,0,0,0,0,0,0,0
17874314,3412,0,2,0,0,0,0,0,0,0,0,0
17877958,3413,0,2,0,0,0,0,0,0,0,0,0
17881602,3414,0,2,0,0,0,0,0,0,0,0,0
17885246,3415,0,2,0,0,0,0,0,0,0,0,0
17888890,3416,0,2,0,0,0,0,0,0,0,0,0
17892534,3417,0,2,0,0,0,0,0,0,0,0,0
17896178,3418,0,2,0,0,0,0,0,0,0,0,0
17899822,3419,0,2,0,0,0,0,0,0,0,0,0
17903466,3420,0,2,0,0,0,0,0,0,0,0,0
17907111,3421,0,2,0,0,0,0,0,0,0,0,0
17910754,3422,0,2,0,0,0,0,0,0,0,0,0
17914398,3423,0,2,0,0,0,0,0,0,0,0,0
17918042,3424,0,2,0,0,0,0,0,0,0,0,0
17921686,3425,0,2,0,0,0,0,0,0,0,0,0
17925330,3426,0,2,0,0,0,0,0,0,0,0,0
17928974,3427,0,2,0,0,0,0,0,0,0,0,0
17932618,3428,0,2,0,0,0,0,0,0,0,0,0
17936262,3429,0,2,0,0,0,0,0,0,0,0,0
17939906,3430,0,2,0,0,0,0,0,0,0,0,0
17943551,3431,0,2,0,0,0,0,0,0,0,0,0
17947194,3432,0,2,0,0,0,0,0,0,0,0,0
17950838,3433,0,2,0,0,0,0,0,0,0,0,0
17954482,3434,0,2,0,0,0,0,0,0,0,0,0
17958126,3435,0,2,0,0,0,0,0,0,0,0,0
17961770,3436,0,2,0,0,0,0,0,0,0,0,0
17965414,3437,0,2,0,0,0,0,0,0,0,0,0
17969058,3438,0,2,0,0,0,0,0,0,0,0,0
17972702,3439,0,2,0,0,0,0,0,0,0,0,0
17976346,3440,0,2,0,0,0,0,0,0,0,0,0
17979991,3441,0,2,0,0,0,0,0,0,0,0,0
17983634,3442,0,2,0,0,0,0,0,0,0,0,0
17987278,3443,0,2,0,0,0,0,0,0,0,0,0
17990922,3444,0,2,0,0,0,0,0,0,0,0,0
17994566,3445,0,2,0,0,0,0,0,0,0,0,0
17998210,3446,0,2,0,0,0,0,0,0,0,0,0
18001854,3447,0,2,0,0,0,0,0,0,0,0,0
18005498,3448,0,2,0,0,0,0,0,0,0,0,0
18009142,3449,0,2,0,0,0,0,0,0,0,0,0
18012786,3450,0,2,0,0,0,0,0,0,0,0,0
18016431,3451,0,2,0,0,0,0,0,0,0,0,0
18020074,3452,0,2,0,0,0,0,0,0,0,0,0
18023718,3453,0,2,0,0,0,0,0,0,0,0,0
18027362,3454,0,2,0,0,0,0,0,0,0,0,0
18031007,3455,0,2,0,0,0,0,0,0,0,0,0
18034650,3456,0,2,0,0,0,0,0,0,0,0,0
18038294,3457,0,2,0,0,0,0,0,0,0,0,0
18041938,3458,0,2,0,0,0,0,0,0,0,0,0
18045582,3459,0,2,0,0,0,0,0,0,0,0,0
18049226,3460,0,2,0,0,0,0,0,0,0,0,0
18052871,3461,0,2,0,0,0,0,0,0,0,0,0
18056514,3462,0,2,0,0,0,0,0,0,0,0,0
18060158,3463,0,2,0,0,0,0,0,0,0,0,0
18063802,3464,0,2,0,0,0,0,0,0,0,0,0
18067446,3465,0,2,0,0,0,0,0,0,0,0,0
18071091,3466,0,2,0,0,0,0,0,0,0,0,0
18074734,3467,0,2,0,0,0,0,0,0,0,0,0
18078378,3468,0,2,0,0,0,0,0,0,0,0,0
18082023,3469,0,2,0,0,0,0,0,0,0,0,0
18085666,3470,0,2,0,0,0,0,0,0,0,0,0
18089311,3471,0,2,0,0,0,0,0,0,0,0,0
18092954,3472,0,2,0,0,0,0,0,0,0,0,0
18096598,3473,0,2,0,0,0,0,0,0,0,0,0
18100242,3474,0,2,0,0,0,0,0,0,0,0,0
18103886,3475,0,2,0,0,0,0,0,0,0,0,0
18107530,3476,0,2,0,0,0,0,0,0,0,0,0
18111174,3477,0,2,0,0,0,0,0,0,0,0,0
18114818,3478,0,2,0,0,0,0,0,0,0,0,0
18118462,3479,0,2,0,0,0,0,0,0,0,0,0
18122106,3480,0,2,0,0,0,0,0,0,0,0,0
18125751,3481,0,2,0,0,0,0,0,0,0,0,0
18129394,3482,0,2,0,0,0,0,0,0,0,0,0
18133038,3483,0,2,0,0,0,0,0,0,0,0,0
18136682,3484,0,2,0,0,0,0,0,0,0,0,0
18140326,3485,0,2,0,0,0,0,0,0,0,0,0
18143970,3486,0,2,0,0,0,0,0,0,0,0,0
18147614,3487,0,2,0,0,0,0,0,0,0,0,0
18151258,3488,0,2,0,0,0,0,0,0,0,0,0
18154902,3489,0,2,0,0,0,0,0,0,0,0,0
18158546,3490,0,2,0,0,0,0,0,0,0,0,0
18162191,3491,0,2,0,0,0,0,0,0,0,0,0
18165834,3492,0,2,0,0,0,0,0,0,0,0,0
18169478,3493,0,2,0,0,0,0,0,0,0,0,0
18173122,3494,0,2,0,0,0,0,0,0,0,0,0
18176766,3495,0,2,0,0,0,0,0,0,0,0,0
18180410,3496,0,2,0,0,0,0,0,0,0,0,0
18184054,3497,0,2,0,0,0,0,0,0,0,0,0
18187698,3498,0,2,0,0,0,0,0,0,0,0,0
18191342,3499,0,2,0,0,0,0,0,0,0,0,0
18194986,3500,0,2,0,0,0,0,0,0,0,0,0
18198631,3501,0,2,0,0,0,0,0,0,0,0,0
18202274,3502,0,2,0,0,0,0,0,0,0,0,0
18205918,3503,0,2,0,0,0,0,0,0,0,0,0
18209562,3504,0,2,0,0,0,0,0,0,0,0,0
18213206,3505,0,2,0,0,0,0,0,0,0,0,0
18216850,3506,0,2,0,0,0,0,0,0,0,0,0
18220494,3507,0,2,0,0,0,0,0,0,0,0,0
18224138,3508,0,2,0,0,0,0,0,0,0,0,0
18227782,3509,0,2,0,0,0,0,0,0,0,0,0
18231426,3510,0,2,0,0,0,0,0,0,0,0,0
18235071,3511,0,2,0,0,0,0,0,0,0,0,0
18238714,3512,0,2,0,0,0,0,0,0,0,0,0
18242358,3513,0,2,0,0,0,0,0,0,0,0,0
18246002,3514,0,2,0,0,0,0,0,0,0,0,0
18249646,3515,0,2,0,0,0,0,0,0,0,0,0
18253290,3516,0,2,0,0,0,0,0,0,0,0,0
18256934,3517,0,2,0,0,0,0,0,0,0,0,0
18260578,3518,0,2,0,0,0,0,0,0,0,0,0
18264222,3519,0,2,0,0,0,0,0,0,0,0,0
18267866,3520,0,2,0,0,0,0,0,0,0,0,0
18271511,3521,0,2,0,0,0,0,0,0,0,0,0
18275154,3522,0,2,0,0,0,0,0,0,0,0,0
18278798,3523,0,2,0,0,0,0,0,0,0,0,0
18282442,3524,0,2,0,0,0,0,0,0,0,0,0
18286086,3525,0,2,0,0,0,0,0,0,0,0,0
18289730,3526,0,2,0,0,0,0,0,0,0,0,0
18293374,3527,0,2,0,0,0,0,0,0,0,0,0
18297019,3528,0,2,0,0,0,0,0,0,0,0,0
18300662,3529,0,2,0,0,0,0,0,0,0,0,0
18304306,3530,0,2,0,0,0,0,0,0,0,0,0
18307951,3531,0,2,0,0,0,0,0,0,0,0,0
18311594,3532,0,2,0,0,0,0,0,0,0,0,0
18315238,3533,0,2,0,0,0,0,0,0,0,0,0
18318882,3534,0,2,0,0,0,0,0,0,0,0,0
18322526,3535,0,2,0,0,0,0,0,0,0,0,0
18326170,3536,0,2,0,0,0,0,0,0,0,0,0
18329814,3537,0,2,0,0,0,0,0,0,0,0,0
18333458,3538,0,2,0,0,0,0,0,0,0,0,0
18337102,3539,0,2,0,0,0,0,0,0,0,0,0
18340746,3540,0,2,0,0,0,0,0,0,0,0,0
18344391,3541,0,2,0,0,0,0,0,0,0,0,0
18348034,3542,0,2,0,0,0,0,0,0,0,0,0
18351678,3543,0,2,0,0,0,0,0,0,0,0,0
18355322,3544,0,2,0,0,0,0,0,0,0,0,0
18358966,3545,0,2,0,0,0,0,0,0,0,0,0
18362610,3546,0,2,0,0,0,0,0,0,0,0,0
18366254,3547,0,2,0,0,0,0,0,0,0,0,0
18369898,3548,0,2,0,0,0,0,0,0,0,0,0
18373542,3549,0,2,0,0,0,0,0,0,0,0,0
18377186,3550,0,2,0,0,0,0,0,0,0,0,0
18380831,3551,0,2,0,0,0,0,0,0,0,0,0
18384474,3552,0,2,0,0,0,0,0,0,0,0,0
18388118,3553,0,2,0,0,0,0,0,0,0,0,0
18391762,3554,0,2,0,0,0,0,0,0,0,0,0
18395406,3555,0,2,0,0,0,0,0,0,0,0,0
18399050,3556,0,2,0,0,0,0,0,0,0,0,0
18402694,3557,0,2,0,0,0,0,0,0,0,0,0
18406338,3558,0,2,0,0,0,0,0,0,0,0,0
18409982,3559,0,2,0,0,0,0,0,0,0,0,0
18413626,3560,0,2,0,0,0,0,0,0,0,0,0
18417271,3561,0,2,0,0,0,0,0,0,0,0,0
18420914,3562,0,2,0,0,0,0,0,0,0,0,0
18424558,3563,0,2,0,0,0,0,0,0,0,0,0
18428202,3564,0,2,0,0,0,0,0,0,0,0,0
18431846,3565,0,2,0,0,0,0,0,0,0,0,0
18435490,3566,0,2,0,0,0,0,0,0,0,0,0
18439134,3567,0,2,0,0,0,0,0,0,0,0,0
18442778,3568,0,2,0,0,0,0,0,0,0,0,0
18446422,3569,0,2,0,0,0,0,0,0,0,0,0
18450066,3570,0,2,0,0,0,0,0,0,0,0,0
18453711,3571,0,2,0,0,0,0,0,0,0,0,0
18457354,3572,0,2,0,0,0,0,0,0,0,0,0
18460998,3573,0,2,0,0,0,0,0,0,0,0,0
18464642,3574,0,2,0,0,0,0,0,0,0,0,0
18468286,3575,0,2,0,0,0,0,0,0,0,0,0
18471930,3576,0,2,0,0,0,0,0,0,0,0,0
18475574,3577,0,2,0,0,0,0,0,0,0,0,0
18479218,3578,0,2,0,0,0,0,0,0,0,0,0
18482862,3579,0,2,0,0,0,0,0,0,0,0,0
18486506,3580,0,2,0,0,0,0,0,0,0,0,0
18490151,3581,0,2,0,0,0,0,0,0,0,0,0
18493794,3582,0,2,0,0,0,0,0,0,0,0,0
18497438,3583,0,2,0,0,0,0,0,0,0,0,0
18501082,3584,0,2,0,0,0,0,0,0,0,0,0
18504726,3585,0,2,0,0,0,0,0,0,0,0,0
18508370,3586,0,2,0,0,0,0,0,0,0,0,0
18512014,3587,0,2,0,0,0,0,0,0,0,0,0
18515658,3588,0,2,0,0,0,0,0,0,0,0,0
18519302,3589,0,2,0,0,0,0,0,0,0,0,0
18522946,3590,0,2,0,0,0,0,0,0,0,0,0
18526591,3591,0,2,0,0,0,0,0,0,0,0,0
18530234,3592,0,2,0,0,0,0,0,0,0,0,0
18533878,3593,0,2,0,0,0,0,0,0,0,0,0
18537522,3594,0,2,0,0,0,0,0,0,0,0,0
18541166,3595,0,2,0,0,0,0,0,0,0,0,0
18544810,3596,0,2,0,0,0,0,0,0,0,0,0
18548454,3597,0,2,0,0,0,0,0,0,0,0,0
18552098,3598,0,2,0,0,0,0,0,0,0,0,0
18555742,3599,0,2,0,0,0,0,0,0,0,0,0
18559386,3600,0,2,0,0,0,0,0,0,0,0,0
18563031,3601,0,2,0,0,0,0,0,0,0,0,0
18566674,3602,0,2,0,0,0,0,0,0,0,0,0
18570318,3603,0,2,0,0,0,0,0,0,0,0,0
18573962,3604,0,2,0,0,0,0,0,0,0,0,0
18577606,3605,0,2,0,0,0,0,0,0,0,0,0
18581250,3606,0,2,0,0,0,0,0,0,0,0,0
18584894,3607,0,2,0,0,0,0,0,0,0,0,0
18588538,3608,0,2,0,0,0,0,0,0,0,0,0
18592182,3609,0,2,0,0,0,0,0,0,0,0,0
18595826,3610,0,2,0,0,0,0,0,0,0,0,0
18599471,3611,0,2,0,0,0,0,0,0,0,0,0
18603114,3612,0,2,0,0,0,0,0,0,0,0,0
18606758,3613,0,2,0,0,0,0,0,0,0,0,0
18610402,3614,0,2,0,0,0,0,0,0,0,0,0
18614046,3615,0,2,0,0,0,0,0,0,0,0,0
18617690,3616,0,2,0,0,0,0,0,0,0,0,0
18621334,3617,0,2,0,0,0,0,0,0,0,0,0
18624978,3618,0,2,0,0,0,0,0,0,0,0,0
18628622,3619,0,2,0,0,0,0,0,0,0,0,0
18632266,3620,0,2,0,0,0,0,0,0,0,0,0
18635911,3621,0,2,0,0,0,0,0,0,0,0,0
18639554,3622,0,2,0,0,0,0,0,0,0,0,0
18643198,3623,0,2,0,0,0,0,0,0,0,0,0
18646842,3624,0,2,0,0,0,0,0,0,0,0,0
18650486,3625,0,2,0,0,0,0,0,0,0,0,0
18654130,3626,0,2,0,0,0,0,0,0,0,0,0
18657774,3627,0,2,0,0,0,0,0,0,0,0,0
18661418,3628,0,2,0,0,0,0,0,0,0,0,0
18665062,3629,0,2,0,0,0,0,0,0,0,0,0
18668706,3630,0,2,0,0,0,0,0,0,0,0,0
18672351,3631,0,2,0,0,0,0,0,0,0,0,0
18675994,3632,0,2,0,0,0,0,0,0,0,0,0
18717661,3633,0,2,0,0,0,0,0,0,0,0,0
18721293,3634,0,2,0,0,0,0,0,0,0,0,0
18724937,3635,0,2,0,0,0,0,0,0,0,0,0
18728581,3636,0,2,0,0,0,0,0,0,0,0,0
18732225,3637,0,2,0,0,0,0,0,0,0,0,0
18735869,3638,0,2,0,0,0,0,0,0,0,0,0
18739513,3639,0,2,0,0,0,0,0,0,0,0,0
18743157,3640,0,2,0,0,0,0,0,0,0,0,0
18746802,3641,0,2,0,0,0,0,0,0,0,0,0
18750445,3642,0,2,0,0,0,0,0,0,0,0,0
18754089,3643,0,2,0,0,0,0,0,0,0,0,0
18757733,3644,0,2,0,0,0,0,0,0,0,0,0
18761377,3645,0,2,0,0,0,0,0,0,0,0,0
18765021,3646,0,2,0,0,0,0,0,0,0,0,0
18768665,3647,0,2,0,0,0,0,0,0,0,0,0
18772309,3648,0,2,0,0,0,0,0,0,0,0,0
18775953,3649,0,2,0,0,0,0,0,0,0,0,0
18779597,3650,0,2,0,0,0,0,0,0,0,0,0
18783242,3651,0,2,0,0,0,0,0,0,0,0,0
18786885,3652,0,2,0,0,0,0,0,0,0,0,0
18790529,3653,0,2,0,0,0,0,0,0,0,0,0
18794173,3654,0,2,0,0,0,0,0,0,0,0,0
18797817,3655,0,2,0,0,0,0,0,0,0,0,0
18801461,3656,0,2,0,0,0,0,0,0,0,0,0
18805105,3657,0,2,0,0,0,0,0,0,0,0,0
18808749,3658,0,2,0,0,0,0,0,0,0,0,0
18812393,3659,0,2,0,0,0,0,0,0,0,0,0
18816038,3660,0,2,0,0,0,0,0,0,0,0,0
18819682,3661,0,2,0,0,0,0,0,0,0,0,0
18823325,3662,0,2,0,0,0,0,0,0,0,0,0
18826969,3663,0,2,0,0,0,0,0,0,0,0,0
18830613,3664,0,2,0,0,0,0,0,0,0,0,0
18834257,3665,0,2,0,0,0,0,0,0,0,0,0
18837901,3666,0,2,0,0,0,0,0,0,0,0,0
18841545,3667,0,2,0,0,0,0,0,0,0,0,0
18845189,3668,0,2,0,0,0,0,0,0,0,0,0
18848833,3669,0,2,0,0,0,0,0,0,0,0,0
18852477,3670,0,2,0,0,0,0,0,0,0,0,0
18856122,3671,0,2,0,0,0,0,0,0,0,0,0
18859765,3672,0,2,0,0,0,0,0,0,0,0,0
18863409,3673,0,2,0,0,0,0,0,0,0,0,0
18867053,3674,0,2,0,0,0,0,0,0,0,0,0
18870697,3675,0,2,0,0,0,0,0,0,0,0,0
18874341,3676,0,2,0,0,0,0,0,0,0,0,0
18877985,3677,0,2,0,0,0,0,0,0,0,0,0
18881629,3678,0,2,0,0,0,0,0,0,0,0,0
18885273,3679,0,2,0,0,0,0,0,0,0,0,0
18888917,3680,0,2,0,0,0,0,0,0,0,0,0
18892562,3681,0,2,0,0,0,0,0,0,0,0,0
18896205,3682,0,2,0,0,0,0,0,0,0,0,0
18899849,3683,0,2,0,0,0,0,0,0,0,0,0
18903493,3684,0,2,0,0,0,0,0,0,0,0,0
18907137,3685,0,2,0,0,0,0,0,0,0,0,0
18910781,3686,0,2,0,0,0,0,0,0,0,0,0
18914425,3687,0,2,0,0,0,0,0,0,0,0,0
18918069,3688,0,2,0,0,0,0,0,0,0,0,0
18921713,3689,0,2,0,0,0,0,0,0,0,0,0
18925357,3690,0,2,0,0,0,0,0,0,0,0,0
18929002,3691,0,2,0,0,0,0,0,0,0,0,0
18932645,3692,0,2,0,0,0,0,0,0,0,0,0
18936289,3693,0,2,0,0,0,0,0,0,0,0,0
18939933,3694,0,2,0,0,0,0,0,0,0,0,0
18943577,3695,0,2,0,0,0,0,0,0,0,0,0
18947221,3696,0,2,0,0,0,0,0,0,0,0,0
18950865,3697,0,2,0,0,0,0,0,0,0,0,0
18954509,3698,0,2,0,0,0,0,0,0,0,0,0
18958153,3699,0,2,0,0,0,0,0,0,0,0,0
18961797,3700,0,2,0,0,0,0,0,0,0,0,0
18965442,3701,0,2,0,0,0,0,0,0,0,0,0
18969086,3702,0,2,0,0,0,0,0,0,0,0,0
18972729,3703,0,2,0,0,0,0,0,0,0,0,0
18976373,3704,0,2,0,0,0,0,0,0,0,0,0
18980017,3705,0,2,0,0,0,0,0,0,0,0,0
18983661,3706,0,2,0,0,0,0,0,0,0,0,0
18987305,3707,0,2,0,0,0,0,0,0,0,0,0
18990949,3708,0,2,0,0,0,0,0,0,0,0,0
18994593,3709,0,2,0,0,0,0,0,0,0,0,0
18998237,3710,0,2,0,0,0,0,0,0,0,0,0
19001882,3711,0,2,0,0,0,0,0,0,0,0,0
19005525,3712,0,2,0,0,0,0,0,0,0,0,0
19009169,3713,0,2,0,0,0,0,0,0,0,0,0
19012813,3714,0,2,0,0,0,0,0,0,0,0,0
19016457,3715,0,2,0,0,0,0,0,0,0,0,0
19020101,3716,0,2,0,0,0,0,0,0,0,0,0
19023745,3717,0,2,0,0,0,0,0,0,0,0,0
19027389,3718,0,2,0,0,0,0,0,0,0,0,0
19031034,3719,0,2,0,0,0,0,0,0,0,0,0
19034677,3720,0,2,0,0,0,0,0,0,0,0,0
19038322,3721,0,2,0,0,0,0,0,0,0,0,0
19041965,3722,0,2,0,0,0,0,0,0,0,0,0
19045609,3723,0,2,0,0,0,0,0,0,0,0,0
19049253,3724,0,2,0,0,0,0,0,0,0,0,0
19052897,3725,0,2,0,0,0,0,0,0,0,0,0
19056541,3726,0,2,0,0,0,0,0,0,0,0,0
19060185,3727,0,2,0,0,0,0,0,0,0,0,0
19063829,3728,0,2,0,0,0,0,0,0,0,0,0
19067473,3729,0,2,0,0,0,0,0,0,0,0,0
19071117,3730,0,2,0,0,0,0,0,0,0,0,0
19074762,3731,0,2,0,0,0,0,0,0,0,0,0
19078405,3732,0,2,0,0,0,0,0,0,0,0,0
19082049,3733,0,2,0,0,0,0,0,0,0,0,0
19085693,3734,0,2,0,0,0,0,0,0,0,0,0
19089337,3735,0,2,0,0,0,0,0,0,0,0,0
19092981,3736,0,2,0,0,0,0,0,0,0,0,0
19096625,3737,0,2,0,0,0,0,0,0,0,0,0
19100269,3738,0,2,0,0,0,0,0,0,0,0,0
19103913,3739,0,2,0,0,0,0,0,0,0,0,0
19107557,3740,0,2,0,0,0,0,0,0,0,0,0
19111202,3741,0,2,0,0,0,0,0,0,0,0,0
19114845,3742,0,2,0,0,0,0,0,0,0,0,0
19118489,3743,0,2,0,0,0,0,0,0,0,0,0
19122133,3744,0,2,0,0,0,0,0,0,0,0,0
19125777,3745,0,2,0,0,0,0,0,0,0,0,0
19129421,3746,0,2,0,0,0,0,0,0,0,0,0
19133065,3747,0,2,0,0,0,0,0,0,0,0,0
19136709,3748,0,2,0,0,0,0,0,0,0,0,0
19140353,3749,0,2,0,0,0,0,0,0,0,0,0
19143997,3750,0,2,0,0,0,0,0,0,0,0,0
19147642,3751,0,2,0,0,0,0,0,0,0,0,0
19151285,3752,0,2,0,0,0,0,0,0,0,0,0
19154929,3753,0,2,0,0,0,0,0,0,0,0,0
19158573,3754,0,2,0,0,0,0,0,0,0,0,0
19162217,3755,0,2,0,0,0,0,0,0,0,0,0
19165861,3756,0,2,0,0,0,0,0,0,0,0,0
19169505,3757,0,2,0,0,0,0,0,0,0,0,0
19173149,3758,0,2,0,0,0,0,0,0,0,0,0
19176793,3759,0,2,0,0,0,0,0,0,0,0,0
19180437,3760,0,2,0,0,0,0,0,0,0,0,0
19184082,3761,0,2,0,0,0,0,0,0,0,0,0
19187725,3762,0,2,0,0,0,0,0,0,0,0,0
19191369,3763,0,2,0,0,0,0,0,0,0,0,0
19195014,3764,0,2,0,0,0,0,0,0,0,0,0
19198657,3765,0,2,0,0,0,0,0,0,0,0,0
19202301,3766,0,2,0,0,0,0,0,0,0,0,0
19205945,3767,0,2,0,0,0,0,0,0,0,0,0
19209589,3768,0,2,0,0,0,0,0,0,0,0,0
19213233,3769,0,2,0,0,0,0,0,0,0,0,0
19216877,3770,0,2,0,0,0,0,0,0,0,0,0
19220522,3771,0,2,0,0,0,0,0,0,0,0,0
19224165,3772,0,2,0,0,0,0,0,0,0,0,0
19227809,3773,0,2,0,0,0,0,0,0,0,0,0
19231453,3774,0,2,0,0,0,0,0,0,0,0,0
19235097,3775,0,2,0,0,0,0,0,0,0,0,0
19238741,3776,0,2,0,0,0,0,0,0,0,0,0
19242385,3777,0,2,0,0,0,0,0,0,0,0,0
19246029,3778,0,2,0,0,0,0,0,0,0,0,0
19249673,3779,0,2,0,0,0,0,0,0,0,0,0
19253317,3780,0,2,0,0,0,0,0,0,0,0,0
19256962,3781,0,2,0,0,0,0,0,0,0,0,0
19260605,3782,0,2,0,0,0,0,0,0,0,0,0
19264249,3783,0,2,0,0,0,0,0,0,0,0,0
19267893,3784,0,2,0,0,0,0,0,0,0,0,0
19271537,3785,0,2,0,0,0,0,0,0,0,0,0
19275181,3786,0,2,0,0,0,0,0,0,0,0,0
19278825,3787,0,2,0,0,0,0,0,0,0,0,0
19282469,3788,0,2,0,0,0,0,0,0,0,0,0
19286113,3789,0,2,0,0,0,0,0,0,0,0,0
19289757,3790,0,2,0,0,0,0,0,0,0,0,0
19293402,3791,0,2,0,0,0,0,0,0,0,0,0
19297045,3792,0,2,0,0,0,0,0,0,0,0,0
19300689,3793,0,2,0,0,0,0,0,0,0,0,0
19304333,3794,0,2,0,0,0,0,0,0,0,0,0
19307977,3795,0,2,0,0,0,0,0,0,0,0,0
19311621,3796,0,2,0,0,0,0,0,0,0,0,0
19315265,3797,0,2,0,0,0,0,0,0,0,0,0
19318909,3798,0,2,0,0,0,0,0,0,0,0,0
19322553,3799,0,2,0,0,0,0,0,0,0,0,0
19326197,3800,0,2,0,0,0,0,0,0,0,0,0
19329842,3801,0,2,0,0,0,0,0,0,0,0,0
19333485,3802,0,2,0,0,0,0,0,0,0,0,0
19337129,3803,0,2,0,0,0,0,0,0,0,0,0
19340773,3804,0,2,0,0,0,0,0,0,0,0,0
19344417,3805,0,2,0,0,0,0,0,0,0,0,0
19348061,3806,0,2,0,0,0,0,0,0,0,0,0
19351705,3807,0,2,0,0,0,0,0,0,0,0,0
19355349,3808,0,2,0,0,0,0,0,0,0,0,0
19358993,3809,0,2,0,0,0,0,0,0,0,0,0
19362637,3810,0,2,0,0,0,0,0,0,0,0,0
19366282,3811,0,2,0,0,0,0,0,0,0,0,0
19369925,3812,0,2,0,0,0,0,0,0,0,0,0
19373569,3813,0,2,0,0,0,0,0,0,0,0,0
19377213,3814,0,2,0,0,0,0,0,0,0,0,0
19380857,3815,0,2,0,0,0,0,0,0,0,0,0
19384501,3816,0,2,0,0,0,0,0,0,0,0,0
19388145,3817,0,2,0,0,0,0,0,0,0,0,0
19391789,3818,0,2,0,0,0,0,0,0,0,0,0
19395433,3819,0,2,0,0,0,0,0,0,0,0,0
19399077,3820,0,2,0,0,0,0,0,0,0,0,0
19402722,3821,0,2,0,0,0,0,0,0,0,0,0
19406365,3822,0,2,0,0,0,0,0,0,0,0,0
19410010,3823,0,2,0,0,0,0,0,0,0,0,0
19413653,3824,0,2,0,0,0,0,0,0,0,0,0
19417297,3825,0,2,0,0,0,0,0,0,0,0,0
19420941,3826,0,2,0,0,0,0,0,0,0,0,0
19424585,3827,0,2,0,0,0,0,0,0,0,0,0
19428229,3828,0,2,0,0,0,0,0,0,0,0,0
19431873,3829,0,2,0,0,0,0,0,0,0,0,0
19435517,3830,0,2,0,0,0,0,0,0,0,0,0
19439162,3831,0,2,0,0,0,0,0,0,0,0,0
19442805,3832,0,2,0,0,0,0,0,0,0,0,0
19446449,3833,0,2,0,0,0,0,0,0,0,0,0
19450093,3834,0,2,0,0,0,0,0,0,0,0,0
19453737,3835,0,2,0,0,0,0,0,0,0,0,0
19457381,3836,0,2,0,0,0,0,0,0,0,0,0
19461026,3837,0,2,0,0,0,0,0,0,0,0,0
19464669,3838,0,2,0,0,0,0,0,0,0,0,0
19468313,3839,0,2,0,0,0,0,0,0,0,0,0
19471957,3840,0,2,0,0,0,0,0,0,0,0,0
19475602,3841,0,2,0,0,0,0,0,0,0,0,0
19479245,3842,0,2,0,0,0,0,0,0,0,0,0
19482889,3843,0,2,0,0,0,0,0,0,0,0,0
19486533,3844,0,2,0,0,0,0,0,0,0,0,0
19490177,3845,0,2,0,0,0,0,0,0,0,0,0
19493821,3846,0,2,0,0,0,0,0,0,0,0,0
19497465,3847,0,2,0,0,0,0,0,0,0,0,0
19501109,3848,0,2,0,0,0,0,0,0,0,0,0
19504753,3849,0,2,0,0,0,0,0,0,0,0,0
19508397,3850,0,2,0,0,0,0,0,0,0,0,0
19512042,3851,0,2,0,0,0,0,0,0,0,0,0
19515685,3852,0,2,0,0,0,0,0,0,0,0,0
19519329,3853,0,2,0,0,0,0,0,0,0,0,0
19522973,3854,0,2,0,0,0,0,0,0,0,0,0
19526617,3855,0,2,0,0,0,0,0,0,0,0,0
19530261,3856,0,2,0,0,0,0,0,0,0,0,0
19533905,3857,0,2,0,0,0,0,0,0,0,0,0
19537549,3858,0,2,0,0,0,0,0,0,0,0,0
19541193,3859,0,2,0,0,0,0,0,0,0,0,0
19552314,3860,0,2,0,0,0,0,0,0,0,0,0
19555947,3861,0,2,0,0,0,0,0,0,0,0,0
19559590,3862,0,2,0,0,0,0,0,0,0,0,0
19563234,3863,0,2,0,0,0,0,0,0,0,0,0
19566878,3864,0,2,0,0,0,0,0,0,0,0,0
19570522,3865,0,2,0,0,0,0,0,0,0,0,0
19574166,3866,0,2,0,0,0,0,0,0,0,0,0
19577810,3867,0,2,0,0,0,0,0,0,0,0,0
19581454,3868,0,2,0,0,0,0,0,0,0,0,0
19585098,3869,0,2,0,0,0,0,0,0,0,0,0
19588742,3870,0,2,0,0,0,0,0,0,0,0,0
19592387,3871,0,2,0,0,0,0,0,0,0,0,0
19596030,3872,0,2,0,0,0,0,0,0,0,0,0
19599674,3873,0,2,0,0,0,0,0,0,0,0,0
19603318,3874,0,2,0,0,0,0,0,0,0,0,0
19606962,3875,0,2,0,0,0,0,0,0,0,0,0
19610606,3876,0,2,0,0,0,0,0,0,0,0,0
19614250,3877,0,2,0,0,0,0,0,0,0,0,0
19617894,3878,0,2,0,0,0,0,0,0,0,0,0
19621538,3879,0,2,0,0,0,0,0,0,0,0,0
19625182,3880,0,2,0,0,0,0,0,0,0,0,0
19628827,3881,0,2,0,0,0,0,0,0,0,0,0
19632470,3882,0,2,0,0,0,0,0,0,0,0,0
19636114,3883,0,2,0,0,0,0,0,0,0,0,0
19639758,3884,0,2,0,0,0,0,0,0,0,0,0
19643402,3885,0,2,0,0,0,0,0,0,0,0,0
19647046,3886,0,2,0,0,0,0,0,0,0,0,0
19650690,3887,0,2,0,0,0,0,0,0,0,0,0
19654334,3888,0,2,0,0,0,0,0,0,0,0,0
19657978,3889,0,2,0,0,0,0,0,0,0,0,0
19661622,3890,0,2,0,0,0,0,0,0,0,0,0
19665267,3891,0,2,0,0,0,0,0,0,0,0,0
19668910,3892,0,2,0,0,0,0,0,0,0,0,0
19672554,3893,0,2,0,0,0,0,0,0,0,0,0
19676198,3894,0,2,0,0,0,0,0,0,0,0,0
19679842,3895,0,2,0,0,0,0,0,0,0,0,0
19683486,3896,0,2,0,0,0,0,0,0,0,0,0
19687130,3897,0,2,0,0,0,0,0,0,0,0,0
19690774,3898,0,2,0,0,0,0,0,0,0,0,0
19694418,3899,0,2,0,0,0,0,0,0,0,0,0
19698062,3900,0,2,0,0,0,0,0,0,0,0,0
19701707,3901,0,2,0,0,0,0,0,0,0,0,0
19705350,3902,0,2,0,0,0,0,0,0,0,0,0
19708994,3903,0,2,0,0,0,0,0,0,0,0,0
19712638,3904,0,2,0,0,0,0,0,0,0,0,0
19716282,3905,0,2,0,0,0,0,0,0,0,0,0
19719926,3906,0,2,0,0,0,0,0,0,0,0,0
19723570,3907,0,2,0,0,0,0,0,0,0,0,0
19727214,3908,0,2,0,0,0,0,0,0,0,0,0
19730858,3909,0,2,0,0,0,0,0,0,0,0,0
19734502,3910,0,2,0,0,0,0,0,0,0,0,0
19738147,3911,0,2,0,0,0,0,0,0,0,0,0
19741790,3912,0,2,0,0,0,0,0,0,0,0,0
19745434,3913,0,2,0,0,0,0,0,0,0,0,0
19749078,3914,0,2,0,0,0,0,0,0,0,0,0
19752722,3915,0,2,0,0,0,0,0,0,0,0,0
19756366,3916,0,2,0,0,0,0,0,0,0,0,0
19760010,3917,0,2,0,0,0,0,0,0,0,0,0
19763654,3918,0,2,0,0,0,0,0,0,0,0,0
19767298,3919,0,2,0,0,0,0,0,0,0,0,0
19770942,3920,0,2,0,0,0,0,0,0,0,0,0
19774587,3921,0,2,0,0,0,0,0,0,0,0,0
19778230,3922,0,2,0,0,0,0,0,0,0,0,0
19781874,3923,0,2,0,0,0,0,0,0,0,0,0
19785518,3924,0,2,0,0,0,0,0,0,0,0,0
19789162,3925,0,2,0,0,0,0,0,0,0,0,0
19792806,3926,0,2,0,0,0,0,0,0,0,0,0
19796450,3927,0,2,0,0,0,0,0,0,0,0,0
19800094,3928,0,2,0,0,0,0,0,0,0,0,0
19803738,3929,0,2,0,0,0,0,0,0,0,0,0
19807382,3930,0,2,0,0,0,0,0,0,0,0,0
19811027,3931,0,2,0,0,0,0,0,0,0,0,0
19814670,3932,0,2,0,0,0,0,0,0,0,0,0
19818314,3933,0,2,0,0,0,0,0,0,0,0,0
19821958,3934,0,2,0,0,0,0,0,0,0,0,0
19825602,3935,0,2,0,0,0,0,0,0,0,0,0
19829246,3936,0,2,0,0,0,0,0,0,0,0,0
19832890,3937,0,2,0,0,0,0,0,0,0,0,0
19836534,3938,0,2,0,0,0,0,0,0,0,0,0
19840178,3939,0,2,0,0,0,0,0,0,0,0,0
19843822,3940,0,2,0,0,0,0,0,0,0,0,0
19847467,3941,0,2,0,0,0,0,0,0,0,0,0
19851110,3942,0,2,0,0,0,0,0,0,0,0,0
19854754,3943,0,2,0,0,0,0,0,0,0,0,0
19858398,3944,0,2,0,0,0,0,0,0,0,0,0
19862042,3945,0,2,0,0,0,0,0,0,0,0,0
19865686,3946,0,2,0,0,0,0,0,0,0,0,0
19869330,3947,0,2,0,0,0,0,0,0,0,0,0
19872974,3948,0,2,0,0,0,0,0,0,0,0,0
19876618,3949,0,2,0,0,0,0,0,0,0,0,0
19880262,3950,0,2,0,0,0,0,0,0,0,0,0
19883907,3951,0,2,0,0,0,0,0,0,0,0,0
19887550,3952,0,2,0,0,0,0,0,0,0,0,0
19891194,3953,0,2,0,0,0,0,0,0,0,0,0
19894838,3954,0,2,0,0,0,0,0,0,0,0,0
19898482,3955,0,2,0,0,0,0,0,0,0,0,0
19902126,3956,0,2,0,0,0,0,0,0,0,0,0
19905770,3957,0,2,0,0,0,0,0,0,0,0,0
19909414,3958,0,2,0,0,0,0,0,0,0,0,0
19913058,3959,0,2,0,0,0,0,0,0,0,0,0
19916702,3960,0,2,0,0,0,0,0,0,0,0,0
19920347,3961,0,2,0,0,0,0,0,0,0,0,0
19923990,3962,0,2,0,0,0,0,0,0,0,0,0
19927634,3963,0,2,0,0,0,0,0,0,0,0,0
19931278,3964,0,2,0,0,0,0,0,0,0,0,0
19934922,3965,0,2,0,0,0,0,0,0,0,0,0
19938566,3966,0,2,0,0,0,0,0,0,0,0,0
19942210,3967,0,2,0,0,0,0,0,0,0,0,0
19945854,3968,0,2,0,0,0,0,0,0,0,0,0
19949498,3969,0,2,0,0,0,0,0,0,0,0,0
19953142,3970,0,2,0,0,0,0,0,0,0,0,0
19956787,3971,0,2,0,0,0,0,0,0,0,0,0
19960430,3972,0,2,0,0,0,0,0,0,0,0,0
19964074,3973,0,2,0,0,0,0,0,0,0,0,0
19967718,3974,0,2,0,0,0,0,0,0,0,0,0
19971362,3975,0,2,0,0,0,0,0,0,0,0,0
19975007,3976,0,2,0,0,0,0,0,0,0,0,0
19978650,3977,0,2,0,0,0,0,0,0,0,0,0
19982294,3978,0,2,0,0,0,0,0,0,0,0,0
19985938,3979,0,2,0,0,0,0,0,0,0,0,0
19989582,3980,0,2,0,0,0,0,0,0,0,0,0
19993227,3981,0,2,0,0,0,0,0,0,0,0,0
19996870,3982,0,2,0,0,0,0,0,0,0,0,0
20000514,3983,0,2,0,0,0,0,0,0,0,0,0
20004158,3984,0,2,0,0,0,0,0,0,0,0,0
20007802,3985,0,2,0,0,0,0,0,0,0,0,0
20011446,3986,0,2,0,0,0,0,0,0,0,0,0
20015091,3987,0,2,0,0,0,0,0,0,0,0,0
20018734,3988,0,2,0,0,0,0,0,0,0,0,0
20022378,3989,0,2,0,0,0,0,0,0,0,0,0
20026023,3990,0,2,0,0,0,0,0,0,0,0,0
20029667,3991,0,2,0,0,0,0,0,0,0,0,0
20033310,3992,0,2,0,0,0,0,0,0,0,0,0
20036954,3993,0,2,0,0,0,0,0,0,0,0,0
20040598,3994,0,2,0,0,0,0,0,0,0,0,0
20044242,3995,0,2,0,0,0,0,0,0,0,0,0
20047886,3996,0,2,0,0,0,0,0,0,0,0,0
20051530,3997,0,2,0,0,0,0,0,0,0,0,0
20055174,3998,0,2,0,0,0,0,0,0,0,0,0
20058818,3999,0,2,0,0,0,0,0,0,0,0,0
20062462,4000,0,2,0,0,0,0,0,0,0,0,0
20066107,4001,0,2,0,0,0,0,0,0,0,0,0
20069750,4002,0,2,0,0,0,0,0,0,0,0,0
20073394,4003,0,2,0,0,0,0,0,0,0,0,0
20077038,4004,0,2,0,0,0,0,0,0,0,0,0
20080682,4005,0,2,0,0,0,0,0,0,0,0,0
20084326,4006,0,2,0,0,0,0,0,0,0,0,0
20087970,4007,0,2,0,0,0,0,0,0,0,0,0
20091614,4008,0,2,0,0,0,0,0,0,0,0,0
20095258,4009,0,2,0,0,0,0,0,0,0,0,0
20098902,4010,0,2,0,0,0,0,0,0,0,0,0
20102547,4011,0,2,0,0,0,0,0,0,0,0,0
20106190,4012,0,2,0,0,0,0,0,0,0,0,0
20109834,4013,0,2,0,0,0,0,0,0,0,0,0
20113478,4014,0,2,0,0,0,0,0,0,0,0,0
20117122,4015,0,2,0,0,0,0,0,0,0,0,0
20120766,4016,0,2,0,0,0,0,0,0,0,0,0
20124410,4017,0,2,0,0,0,0,0,0,0,0,0
20128054,4018,0,2,0,0,0,0,0,0,0,0,0
20131698,4019,0,2,0,0,0,0,0,0,0,0,0
20135342,4020,0,2,0,0,0,0,0,0,0,0,0
20138987,4021,0,2,0,0,0,0,0,0,0,0,0
20142630,4022,0,2,0,0,0,0,0,0,0,0,0
20146274,4023,0,2,0,0,0,0,0,0,0,0,0
20149918,4024,0,2,0,0,0,0,0,0,0,0,0
20153562,4025,0,2,0,0,0,0,0,0,0,0,0
20157206,4026,0,2,0,0,0,0,0,0,0,0,0
20160850,4027,0,2,0,0,0,0,0,0,0,0,0
20164494,4028,0,2,0,0,0,0,0,0,0,0,0
20168138,4029,0,2,0,0,0,0,0,0,0,0,0
20171782,4030,0,2,0,0,0,0,0,0,0,0,0
20175427,4031,0,2,0,0,0,0,0,0,0,0,0
20179070,4032,0,2,0,0,0,0,0,0,0,0,0
20182714,4033,0,2,0,0,0,0,0,0,0,0,0
20186358,4034,0,2,0,0,0,0,0,0,0,0,0
20190002,4035,0,2,0,0,0,0,0,0,0,0,0
20193646,4036,0,2,0,0,0,0,0,0,0,0,0
20197290,4037,0,2,0,0,0,0,0,0,0,0,0
20200934,4038,0,2,0,0,0,0,0,0,0,0,0
20204578,4039,0,2,0,0,0,0,0,0,0,0,0
20208222,4040,0,2,0,0,0,0,0,0,0,0,0
20211867,4041,0,2,0,0,0,0,0,0,0,0,0
20215510,4042,0,2,0,0,0,0,0,0,0,0,0
20219154,4043,0,2,0,0,0,0,0,0,0,0,0
20222798,4044,0,2,0,0,0,0,0,0,0,0,0
20226442,4045,0,2,0,0,0,0,0,0,0,0,0
20230086,4046,0,2,0,0,0,0,0,0,0,0,0
20233730,4047,0,2,0,0,0,0,0,0,0,0,0
20237374,4048,0,2,0,0,0,0,0,0,0,0,0
20241018,4049,0,2,0,0,0,0,0,0,0,0,0
20244662,4050,0,2,0,0,0,0,0,0,0,0,0
20248307,4051,0,2,0,0,0,0,0,0,0,0,0
20251950,4052,0,2,0,0,0,0,0,0,0,0,0
20255594,4053,0,2,0,0,0,0,0,0,0,0,0
20259238,4054,0,2,0,0,0,0,0,0,0,0,0
20262882,4055,0,2,0,0,0,0,0,0,0,0,0
20266526,4056,0,2,0,0,0,0,0,0,0,0,0
20270170,4057,0,2,0,0,0,0,0,0,0,0,0
20273814,4058,0,2,0,0,0,0,0,0,0,0,0
20277458,4059,0,2,0,0,0,0,0,0,0,0,0
20281102,4060,0,2,0,0,0,0,0,0,0,0,0
20284747,4061,0,2,0,0,0,0,0,0,0,0,0
20288390,4062,0,2,0,0,0,0,0,0,0,0,0
20292034,4063,0,2,0,0,0,0,0,0,0,0,0
20295678,4064,0,2,0,0,0,0,0,0,0,0,0
20299322,4065,0,2,0,0,0,0,0,0,0,0,0
20302966,4066,0,2,0,0,0,0,0,0,0,0,0
20306610,4067,0,2,0,0,0,0,0,0,0,0,0
20310254,4068,0,2,0,0,0,0,0,0,0,0,0
20313898,4069,0,2,0,0,0,0,0,0,0,0,0
20317542,4070,0,2,0,0,0,0,0,0,0,0,0
20321187,4071,0,2,0,0,0,0,0,0,0,0,0
20324830,4072,0,2,0,0,0,0,0,0,0,0,0
20328474,4073,0,2,0,0,0,0,0,0,0,0,0
20332118,4074,0,2,0,0,0,0,0,0,0,0,0
20335762,4075,0,2,0,0,0,0,0,0,0,0,0
20339406,4076,0,2,0,0,0,0,0,0,0,0,0
20343050,4077,0,2,0,0,0,0,0,0,0,0,0
20346694,4078,0,2,0,0,0,0,0,0,0,0,0
20350338,4079,0,2,0,0,0,0,0,0,0,0,0
20353982,4080,0,2,0,0,0,0,0,0,0,0,0
20357627,4081,0,2,0,0,0,0,0,0,0,0,0
20361270,4082,0,2,0,0,0,0,0,0,0,0,0
20364914,4083,0,2,0,0,0,0,0,0,0,0,0
20368558,4084,0,2,0,0,0,0,0,0,0,0,0
20372202,4085,0,2,0,0,0,0,0,0,0,0,0
20375846,4086,0,2,0,0,0,0,0,0,0,0,0
20384537,4087,0,2,0,0,0,0,0,0,0,0,0
20388169,4088,0,2,0,0,0,0,0,0,0,0,0
20391813,4089,0,2,0,0,0,0,0,0,0,0,0
20395457,4090,0,2,0,0,0,0,0,0,0,0,0
20399102,4091,0,2,0,0,0,0,0,0,0,0,0
20402745,4092,0,2,0,0,0,0,0,0,0,0,0
20406389,4093,0,2,0,0,0,0,0,0,0,0,0
20410034,4094,0,2,0,0,0,0,0,0,0,0,0
20413677,4095,0,2,0,0,0,0,0,0,0,0,0
20417321,4096,0,2,0,0,0,0,0,0,0,0,0
20420965,4097,0,2,0,0,0,0,0,0,0,0,0
20424609,4098,0,2,0,0,0,0,0,0,0,0,0
20428253,4099,0,2,0,0,0,0,0,0,0,0,0
20431897,4100,0,2,0,0,0,0,0,0,0,0,0
20435542,4101,0,2,0,0,0,0,0,0,0,0,0
20439185,4102,0,2,0,0,0,0,0,0,0,0,0
20442829,4103,0,2,0,0,0,0,0,0,0,0,0
20446473,4104,0,2,0,0,0,0,0,0,0,0,0
20450118,4105,0,2,0,0,0,0,0,0,0,0,0
20453761,4106,0,2,0,0,0,0,0,0,0,0,0
20457405,4107,0,2,0,0,0,0,0,0,0,0,0
20461049,4108,0,2,0,0,0,0,0,0,0,0,0
20464693,4109,0,2,0,0,0,0,0,0,0,0,0
20468337,4110,0,2,0,0,0,0,0,0,0,0,0
20471982,4111,0,2,0,0,0,0,0,0,0,0,0
20475625,4112,0,2,0,0,0,0,0,0,0,0,0
20479269,4113,0,2,0,0,0,0,0,0,0,0,0
20482913,4114,0,2,0,0,0,0,0,0,0,0,0
20486557,4115,0,2,0,0,0,0,0,0,0,0,0
20490201,4116,0,2,0,0,0,0,0,0,0,0,0
20493845,4117,0,2,0,0,0,0,0,0,0,0,0
20497489,4118,0,2,0,0,0,0,0,0,0,0,0
20501133,4119,0,2,0,0,0,0,0,0,0,0,0
20504777,4120,0,2,0,0,0,0,0,0,0,0,0
20508421,4121,0,2,0,0,0,0,0,0,0,0,0
20512065,4122,0,2,0,0,0,0,0,0,0,0,0
20515709,4123,0,2,0,0,0,0,0,0,0,0,0
20519353,4124,0,2,0,0,0,0,0,0,0,0,0
20522997,4125,0,2,0,0,0,0,0,0,0,0,0
20526641,4126,0,2,0,0,0,0,0,0,0,0,0
20530285,4127,0,2,0,0,0,0,0,0,0,0,0
20533929,4128,0,2,0,0,0,0,0,0,0,0,0
20537573,4129,0,2,0,0,0,0,0,0,0,0,0
20541217,4130,0,2,0,0,0,0,0,0,0,0,0
20544862,4131,0,2,0,0,0,0,0,0,0,0,0
20548505,4132,0,2,0,0,0,0,0,0,0,0,0
20552149,4133,0,2,0,0,0,0,0,0,0,0,0
20555793,4134,0,2,0,0,0,0,0,0,0,0,0
20559437,4135,0,2,0,0,0,0,0,0,0,0,0
20563082,4136,0,2,0,0,0,0,0,0,0,0,0
20566725,4137,0,2,0,0,0,0,0,0,0,0,0
20570369,4138,0,2,0,0,0,0,0,0,0,0,0
20574014,4139,0,2,0,0,0,0,0,0,0,0,0
20577657,4140,0,2,0,0,0,0,0,0,0,0,0
20581302,4141,0,2,0,0,0,0,0,0,0,0,0
20584945,4142,0,2,0,0,0,0,0,0,0,0,0
20588589,4143,0,2,0,0,0,0,0,0,0,0,0
20592233,4144,0,2,0,0,0,0,0,0,0,0,0
20595877,4145,0,2,0,0,0,0,0,0,0,0,0
20599521,4146,0,2,0,0,0,0,0,0,0,0,0
20603165,4147,0,2,0,0,0,0,0,0,0,0,0
20606809,4148,0,2,0,0,0,0,0,0,0,0,0
20610453,4149,0,2,0,0,0,0,0,0,0,0,0
20614097,4150,0,2,0,0,0,0,0,0,0,0,0
20617742,4151,0,2,0,0,0,0,0,0,0,0,0
20621385,4152,0,2,0,0,0,0,0,0,0,0,0
20625029,4153,0,2,0,0,0,0,0,0,0,0,0
20628673,4154,0,2,0,0,0,0,0,0,0,0,0
20632317,4155,0,2,0,0,0,0,0,0,0,0,0
20635961,4156,0,2,0,0,0,0,0,0,0,0,0
20639605,4157,0,2,0,0,0,0,0,0,0,0,0
20643249,4158,0,2,0,0,0,0,0,0,0,0,0
20646893,4159,0,2,0,0,0,0,0,0,0,0,0
20650537,4160,0,2,0,0,0,0,0,0,0,0,0
20654182,4161,0,2,0,0,0,0,0,0,0,0,0
20657825,4162,0,2,0,0,0,0,0,0,0,0,0
20661469,4163,0,2,0,0,0,0,0,0,0,0,0
20665113,4164,0,2,0,0,0,0,0,0,0,0,0
20668757,4165,0,2,0,0,0,0,0,0,0,0,0
20672401,4166,0,2,0,0,0,0,0,0,0,0,0
20676045,4167,0,2,0,0,0,0,0,0,0,0,0
20679689,4168,0,2,0,0,0,0,0,0,0,0,0
20683333,4169,0,2,0,0,0,0,0,0,0,0,0
20686977,4170,0,2,0,0,0,0,0,0,0,0,0
20690622,4171,0,2,0,0,0,0,0,0,0,0,0
20694265,4172,0,2,0,0,0,0,0,0,0,0,0
20697909,4173,0,2,0,0,0,0,0,0,0,0,0
20701553,4174,0,2,0,0,0,0,0,0,0,0,0
20705197,4175,0,2,0,0,0,0,0,0,0,0,0
20708841,4176,0,2,0,0,0,0,0,0,0,0,0
20712485,4177,0,2,0,0,0,0,0,0,0,0,0
20716129,4178,0,2,0,0,0,0,0,0,0,0,0
20719773,4179,0,2,0,0,0,0,0,0,0,0,0
20723417,4180,0,2,0,0,0,0,0,0,0,0,0
20727062,4181,0,2,0,0,0,0,0,0,0,0,0
20730705,4182,0,2,0,0,0,0,0,0,0,0,0
20734349,4183,0,2,0,0,0,0,0,0,0,0,0
20737993,4184,0,2,0,0,0,0,0,0,0,0,0
20741637,4185,0,2,0,0,0,0,0,0,0,0,0
20745281,4186,0,2,0,0,0,0,0,0,0,0,0
20748925,4187,0,2,0,0,0,0,0,0,0,0,0
20752569,4188,0,2,0,0,0,0,0,0,0,0,0
20756213,4189,0,2,0,0,0,0,0,0,0,0,0
20759857,4190,0,2,0,0,0,0,0,0,0,0,0
20763502,4191,0,2,0,0,0,0,0,0,0,0,0
20767145,4192,0,2,0,0,0,0,0,0,0,0,0
20770789,4193,0,2,0,0,0,0,0,0,0,0,0
20774433,4194,0,2,0,0,0,0,0,0,0,0,0
20778077,4195,0,2,0,0,0,0,0,0,0,0,0
20781721,4196,0,2,0,0,0,0,0,0,0,0,0
20785365,4197,0,2,0,0,0,0,0,0,0,0,0
20789009,4198,0,2,0,0,0,0,0,0,0,0,0
20792653,4199,0,2,0,0,0,0,0,0,0,0,0
20796297,4200,0,2,0,0,0,0,0,0,0,0,0
20799942,4201,0,2,0,0,0,0,0,0,0,0,0
20803585,4202,0,2,0,0,0,0,0,0,0,0,0
20807229,4203,0,2,0,0,0,0,0,0,0,0,0
20810873,4204,0,2,0,0,0,0,0,0,0,0,0
20814517,4205,0,2,0,0,0,0,0,0,0,0,0
20818161,4206,0,2,0,0,0,0,0,0,0,0,0
20821805,4207,0,2,0,0,0,0,0,0,0,0,0
20825449,4208,0,2,0,0,0,0,0,0,0,0,0
20829093,4209,0,2,0,0,0,0,0,0,0,0,0
20832737,4210,0,2,0,0,0,0,0,0,0,0,0
20836382,4211,0,2,0,0,0,0,0,0,0,0,0
20840025,4212,0,2,0,0,0,0,0,0,0,0,0
20843669,4213,0,2,0,0,0,0,0,0,0,0,0
20847313,4214,0,2,0,0,0,0,0,0,0,0,0
20850957,4215,0,2,0,0,0,0,0,0,0,0,0
20854601,4216,0,2,0,0,0,0,0,0,0,0,0
20858245,4217,0,2,0,0,0,0,0,0,0,0,0
20861889,4218,0,2,0,0,0,0,0,0,0,0,0
20865533,4219,0,2,0,0,0,0,0,0,0,0,0
20869177,4220,0,2,0,0,0,0,0,0,0,0,0
20872822,4221,0,2,0,0,0,0,0,0,0,0,0
20876465,4222,0,2,0,0,0,0,0,0,0,0,0
20880109,4223,0,2,0,0,0,0,0,0,0,0,0
20883753,4224,0,2,0,0,0,0,0,0,0,0,0
20887397,4225,0,2,0,0,0,0,0,0,0,0,0
20891041,4226,0,2,0,0,0,0,0,0,0,0,0
20894685,4227,0,2,0,0,0,0,0,0,0,0,0
20898329,4228,0,2,0,0,0,0,0,0,0,0,0
20901973,4229,0,2,0,0,0,0,0,0,0,0,0
20905617,4230,0,2,0,0,0,0,0,0,0,0,0
20909262,4231,0,2,0,0,0,0,0,0,0,0,0
20912905,4232,0,2,0,0,0,0,0,0,0,0,0
20916549,4233,0,2,0,0,0,0,0,0,0,0,0
20920193,4234,0,2,0,0,0,0,0,0,0,0,0
20923837,4235,0,2,0,0,0,0,0,0,0,0,0
20927481,4236,0,2,0,0,0,0,0,0,0,0,0
20931125,4237,0,2,0,0,0,0,0,0,0,0,0
20934769,4238,0,2,0,0,0,0,0,0,0,0,0
20938413,4239,0,2,0,0,0,0,0,0,0,0,0
20942057,4240,0,2,0,0,0,0,0,0,0,0,0
20945702,4241,0,2,0,0,0,0,0,0,0,0,0
20949345,4242,0,2,0,0,0,0,0,0,0,0,0
20952989,4243,0,2,0,0,0,0,0,0,0,0,0
20956633,4244,0,2,0,0,0,0,0,0,0,0,0
20960277,4245,0,2,0,0,0,0,0,0,0,0,0
20963921,4246,0,2,0,0,0,0,0,0,0,0,0
20967565,4247,0,2,0,0,0,0,0,0,0,0,0
20971209,4248,0,2,0,0,0,0,0,0,0,0,0
20974853,4249,0,2,0,0,0,0,0,0,0,0,0
20978497,4250,0,2,0,0,0,0,0,0,0,0,0
20982142,4251,0,2,0,0,0,0,0,0,0,0,0
20985785,4252,0,2,0,0,0,0,0,0,0,0,0
20989429,4253,0,2,0,0,0,0,0,0,0,0,0
20993074,4254,0,2,0,0,0,0,0,0,0,0,0
20996717,4255,0,2,0,0,0,0,0,0,0,0,0
21000361,4256,0,2,0,0,0,0,0,0,0,0,0
21004006,4257,0,2,0,0,0,0,0,0,0,0,0
21007649,4258,0,2,0,0,0,0,0,0,0,0,0
21011293,4259,0,2,0,0,0,0,0,0,0,0,0
21014937,4260,0,2,0,0,0,0,0,0,0,0,0
21018582,4261,0,2,0,0,0,0,0,0,0,0,0
21022225,4262,0,2,0,0,0,0,0,0,0,0,0
21025869,4263,0,2,0,0,0,0,0,0,0,0,0
21029513,4264,0,2,0,0,0,0,0,0,0,0,0
21033157,4265,0,2,0,0,0,0,0,0,0,0,0
21036801,4266,0,2,0,0,0,0,0,0,0,0,0
21040445,4267,0,2,0,0,0,0,0,0,0,0,0
21044089,4268,0,2,0,0,0,0,0,0,0,0,0
21047733,4269,0,2,0,0,0,0,0,0,0,0,0
21051377,4270,0,2,0,0,0,0,0,0,0,0,0
21055022,4271,0,2,0,0,0,0,0,0,0,0,0
21058665,4272,0,2,0,0,0,0,0,0,0,0,0
21062309,4273,0,2,0,0,0,0,0,0,0,0,0
21065953,4274,0,2,0,0,0,0,0,0,0,0,0
21069597,4275,0,2,0,0,0,0,0,0,0,0,0
21073241,4276,0,2,0,0,0,0,0,0,0,0,0
21076885,4277,0,2,0,0,0,0,0,0,0,0,0
21080529,4278,0,2,0,0,0,0,0,0,0,0,0
21084173,4279,0,2,0,0,0,0,0,0,0,0,0
21087817,4280,0,2,0,0,0,0,0,0,0,0,0
21091462,4281,0,2,0,0,0,0,0,0,0,0,0
21095105,4282,0,2,0,0,0,0,0,0,0,0,0
21098749,4283,0,2,0,0,0,0,0,0,0,0,0
21102393,4284,0,2,0,0,0,0,0,0,0,0,0
21106038,4285,0,2,0,0,0,0,0,0,0,0,0
21109681,4286,0,2,0,0,0,0,0,0,0,0,0
21113325,4287,0,2,0,0,0,0,0,0,0,0,0
21116969,4288,0,2,0,0,0,0,0,0,0,0,0
21120613,4289,0,2,0,0,0,0,0,0,0,0,0
21124257,4290,0,2,0,0,0,0,0,0,0,0,0
21127902,4291,0,2,0,0,0,0,0,0,0,0,0
21131545,4292,0,2,0,0,0,0,0,0,0,0,0
21135189,4293,0,2,0,0,0,0,0,0,0,0,0
21138833,4294,0,2,0,0,0,0,0,0,0,0,0
21142477,4295,0,2,0,0,0,0,0,0,0,0,0
21146121,4296,0,2,0,0,0,0,0,0,0,0,0
21149765,4297,0,2,0,0,0,0,0,0,0,0,0
21153409,4298,0,2,0,0,0,0,0,0,0,0,0
21157054,4299,0,2,0,0,0,0,0,0,0,0,0
21160697,4300,0,2,0,0,0,0,0,0,0,0,0
21164342,4301,0,2,0,0,0,0,0,0,0,0,0
21167985,4302,0,2,0,0,0,0,0,0,0,0,0
21171629,4303,0,2,0,0,0,0,0,0,0,0,0
21175273,4304,0,2,0,0,0,0,0,0,0,0,0
21178917,4305,0,2,0,0,0,0,0,0,0,0,0
21182561,4306,0,2,0,0,0,0,0,0,0,0,0
21186205,4307,0,2,0,0,0,0,0,0,0,0,0
21189849,4308,0,2,0,0,0,0,0,0,0,0,0
21193493,4309,0,2,0,0,0,0,0,0,0,0,0
21197137,4310,0,2,0,0,0,0,0,0,0,0,0
21200782,4311,0,2,0,0,0,0,0,0,0,0,0
21204425,4312,0,2,0,0,0,0,0,0,0,0,0
21208069,4313,0,2,0,0,0,0,0,0,0,0,0
21218432,4314,0,2,0,0,0,0,0,0,0,0,0
21222064,4315,0,2,0,0,0,0,0,0,0,0,0
21225708,4316,0,2,0,0,0,0,0,0,0,0,0
21229352,4317,0,2,0,0,0,0,0,0,0,0,0
21232996,4318,0,2,0,0,0,0,0,0,0,0,0
21236640,4319,0,2,0,0,0,0,0,0,0,0,0
21240284,4320,0,2,0,0,0,0,0,0,0,0,0
21243929,4321,0,2,0,0,0,0,0,0,0,0,0
21247572,4322,0,2,0,0,0,0,0,0,0,0,0
21251216,4323,0,2,0,0,0,0,0,0,0,0,0
21254860,4324,0,2,0,0,0,0,0,0,0,0,0
21258504,4325,0,2,0,0,0,0,0,0,0,0,0
21262148,4326,0,2,0,0,0,0,0,0,0,0,0
21265792,4327,0,2,0,0,0,0,0,0,0,0,0
21269436,4328,0,2,0,0,0,0,0,0,0,0,0
21273081,4329,0,2,0,0,0,0,0,0,0,0,0
21276724,4330,0,2,0,0,0,0,0,0,0,0,0
21280369,4331,0,2,0,0,0,0,0,0,0,0,0
21284012,4332,0,2,0,0,0,0,0,0,0,0,0
21287656,4333,0,2,0,0,0,0,0,0,0,0,0
21291300,4334,0,2,0,0,0,0,0,0,0,0,0
21294944,4335,0,2,0,0,0,0,0,0,0,0,0
21298588,4336,0,2,0,0,0,0,0,0,0,0,0
21302232,4337,0,2,0,0,0,0,0,0,0,0,0
21305876,4338,0,2,0,0,0,0,0,0,0,0,0
21309520,4339,0,2,0,0,0,0,0,0,0,0,0
21313164,4340,0,2,0,0,0,0,0,0,0,0,0
21316809,4341,0,2,0,0,0,0,0,0,0,0,0
21320452,4342,0,2,0,0,0,0,0,0,0,0,0
21324096,4343,0,2,0,0,0,0,0,0,0,0,0
21327740,4344,0,2,0,0,0,0,0,0,0,0,0
21331384,4345,0,2,0,0,0,0,0,0,0,0,0
21335028,4346,0,2,0,0,0,0,0,0,0,0,0
21338672,4347,0,2,0,0,0,0,0,0,0,0,0
21342316,4348,0,2,0,0,0,0,0,0,0,0,0
21345960,4349,0,2,0,0,0,0,0,0,0,0,0
21349604,4350,0,2,0,0,0,0,0,0,0,0,0
21353249,4351,0,2,0,0,0,0,0,0,0,0,0
21356892,4352,0,2,0,0,0,0,0,0,0,0,0
21360536,4353,0,2,0,0,0,0,0,0,0,0,0
21364180,4354,0,2,0,0,0,0,0,0,0,0,0
21367824,4355,0,2,0,0,0,0,0,0,0,0,0
21371468,4356,0,2,0,0,0,0,0,0,0,0,0
21375112,4357,0,2,0,0,0,0,0,0,0,0,0
21378756,4358,0,2,0,0,0,0,0,0,0,0,0
21382400,4359,0,2,0,0,0,0,0,0,0,0,0
21386044,4360,0,2,0,0,0,0,0,0,0,0,0
21389689,4361,0,2,0,0,0,0,0,0,0,0,0
21393332,4362,0,2,0,0,0,0,0,0,0,0,0
21396976,4363,0,2,0,0,0,0,0,0,0,0,0
21400620,4364,0,2,0,0,0,0,0,0,0,0,0
21404264,4365,0,2,0,0,0,0,0,0,0,0,0
21407908,4366,0,2,0,0,0,0,0,0,0,0,0
21411552,4367,0,2,0,0,0,0,0,0,0,0,0
21415196,4368,0,2,0,0,0,0,0,0,0,0,0
21418840,4369,0,2,0,0,0,0,0,0,0,0,0
21422484,4370,0,2,0,0,0,0,0,0,0,0,0
21426129,4371,0,2,0,0,0,0,0,0,0,0,0
21429772,4372,0,2,0,0,0,0,0,0,0,0,0
21433416,4373,0,2,0,0,0,0,0,0,0,0,0
21437061,4374,0,2,0,0,0,0,0,0,0,0,0
21440704,4375,0,2,0,0,0,0,0,0,0,0,0
21444348,4376,0,2,0,0,0,0,0,0,0,0,0
21447992,4377,0,2,0,0,0,0,0,0,0,0,0
21451636,4378,0,2,0,0,0,0,0,0,0,0,0
21455280,4379,0,2,0,0,0,0,0,0,0,0,0
21458924,4380,0,2,0,0,0,0,0,0,0,0,0
21462569,4381,0,2,0,0,0,0,0,0,0,0,0
21466212,4382,0,2,0,0,0,0,0,0,0,0,0
21469856,4383,0,2,0,0,0,0,0,0,0,0,0
21473500,4384,0,2,0,0,0,0,0,0,0,0,0
21477144,4385,0,2,0,0,0,0,0,0,0,0,0
21480788,4386,0,2,0,0,0,0,0,0,0,0,0
21484432,4387,0,2,0,0,0,0,0,0,0,0,0
21488076,4388,0,2,0,0,0,0,0,0,0,0,0
21491720,4389,0,2,0,0,0,0,0,0,0,0,0
21495364,4390,0,2,0,0,0,0,0,0,0,0,0
21499009,4391,0,2,0,0,0,0,0,0,0,0,0
21502652,4392,0,2,0,0,0,0,0,0,0,0,0
21506296,4393,0,2,0,0,0,0,0,0,0,0,0
21509940,4394,0,2,0,0,0,0,0,0,0,0,0
21513584,4395,0,2,0,0,0,0,0,0,0,0,0
21517228,4396,0,2,0,0,0,0,0,0,0,0,0
21520872,4397,0,2,0,0,0,0,0,0,0,0,0
21524516,4398,0,2,0,0,0,0,0,0,0,0,0
21528160,4399,0,2,0,0,0,0,0,0,0,0,0
21531804,4400,0,2,0,0,0,0,0,0,0,0,0
21535449,4401,0,2,0,0,0,0,0,0,0,0,0
21539092,4402,0,2,0,0,0,0,0,0,0,0,0
21542736,4403,0,2,0,0,0,0,0,0,0,0,0
21546380,4404,0,2,0,0,0,0,0,0,0,0,0
21550024,4405,0,2,0,0,0,0,0,0,0,0,0
21553668,4406,0,2,0,0,0,0,0,0,0,0,0
21557312,4407,0,2,0,0,0,0,0,0,0,0,0
21560956,4408,0,2,0,0,0,0,0,0,0,0,0
21564600,4409,0,2,0,0,0,0,0,0,0,0,0
21568244,4410,0,2,0,0,0,0,0,0,0,0,0
21571889,4411,0,2,0,0,0,0,0,0,0,0,0
21575532,4412,0,2,0,0,0,0,0,0,0,0,0
21579176,4413,0,2,0,0,0,0,0,0,0,0,0
21582820,4414,0,2,0,0,0,0,0,0,0,0,0
21586464,4415,0,2,0,0,0,0,0,0,0,0,0
21590108,4416,0,2,0,0,0,0,0,0,0,0,0
21593752,4417,0,2,0,0,0,0,0,0,0,0,0
21597396,4418,0,2,0,0,0,0,0,0,0,0,0
21601040,4419,0,2,0,0,0,0,0,0,0,0,0
21604684,4420,0,2,0,0,0,0,0,0,0,0,0
21608329,4421,0,2,0,0,0,0,0,0,0,0,0
21611972,4422,0,2,0,0,0,0,0,0,0,0,0
21615616,4423,0,2,0,0,0,0,0,0,0,0,0
21619260,4424,0,2,0,0,0,0,0,0,0,0,0
21622904,4425,0,2,0,0,0,0,0,0,0,0,0
21626548,4426,0,2,0,0,0,0,0,0,0,0,0
21630192,4427,0,2,0,0,0,0,0,0,0,0,0
21633836,4428,0,2,0,0,0,0,0,0,0,0,0
21637480,4429,0,2,0,0,0,0,0,0,0,0,0
21641124,4430,0,2,0,0,0,0,0,0,0,0,0
21644769,4431,0,2,0,0,0,0,0,0,0,0,0
21648412,4432,0,2,0,0,0,0,0,0,0,0,0
21652056,4433,0,2,0,0,0,0,0,0,0,0,0
21655700,4434,0,2,0,0,0,0,0,0,0,0,0
21659344,4435,0,2,0,0,0,0,0,0,0,0,0
21662988,4436,0,2,0,0,0,0,0,0,0,0,0
21666632,4437,0,2,0,0,0,0,0,0,0,0,0
21670276,4438,0,2,0,0,0,0,0,0,0,0,0
21673920,4439,0,2,0,0,0,0,0,0,0,0,0
21677564,4440,0,2,0,0,0,0,0,0,0,0,0
21681209,4441,0,2,0,0,0,0,0,0,0,0,0
21684852,4442,0,2,0,0,0,0,0,0,0,0,0
21688496,4443,0,2,0,0,0,0,0,0,0,0,0
21692140,4444,0,2,0,0,0,0,0,0,0,0,0
21695784,4445,0,2,0,0,0,0,0,0,0,0,0
21699428,4446,0,2,0,0,0,0,0,0,0,0,0
21703072,4447,0,2,0,0,0,0,0,0,0,0,0
21706716,4448,0,2,0,0,0,0,0,0,0,0,0
21710360,4449,0,2,0,0,0,0,0,0,0,0,0
21714005,4450,0,2,0,0,0,0,0,0,0,0,0
21717649,4451,0,2,0,0,0,0,0,0,0,0,0
21721292,4452,0,2,0,0,0,0,0,0,0,0,0
21724936,4453,0,2,0,0,0,0,0,0,0,0,0
21728580,4454,0,2,0,0,0,0,0,0,0,0,0
21732224,4455,0,2,0,0,0,0,0,0,0,0,0
21735868,4456,0,2,0,0,0,0,0,0,0,0,0
21739512,4457,0,2,0,0,0,0,0,0,0,0,0
21743156,4458,0,2,0,0,0,0,0,0,0,0,0
21746800,4459,0,2,0,0,0,0,0,0,0,0,0
21750444,4460,0,2,0,0,0,0,0,0,0,0,0
21754089,4461,0,2,0,0,0,0,0,0,0,0,0
21757732,4462,0,2,0,0,0,0,0,0,0,0,0
21761376,4463,0,2,0,0,0,0,0,0,0,0,0
21765020,4464,0,2,0,0,0,0,0,0,0,0,0
21768664,4465,0,2,0,0,0,0,0,0,0,0,0
21772308,4466,0,2,0,0,0,0,0,0,0,0,0
21775952,4467,0,2,0,0,0,0,0,0,0,0,0
21779596,4468,0,2,0,0,0,0,0,0,0,0,0
21783240,4469,0,2,0,0,0,0,0,0,0,0,0
21786884,4470,0,2,0,0,0,0,0,0,0,0,0
21790529,4471,0,2,0,0,0,0,0,0,0,0,0
21794172,4472,0,2,0,0,0,0,0,0,0,0,0
21797816,4473,0,2,0,0,0,0,0,0,0,0,0
21801460,4474,0,2,0,0,0,0,0,0,0,0,0
21805104,4475,0,2,0,0,0,0,0,0,0,0,0
21808748,4476,0,2,0,0,0,0,0,0,0,0,0
21812392,4477,0,2,0,0,0,0,0,0,0,0,0
21816036,4478,0,2,0,0,0,0,0,0,0,0,0
21819680,4479,0,2,0,0,0,0,0,0,0,0,0
21823324,4480,0,2,0,0,0,0,0,0,0,0,0
21826969,4481,0,2,0,0,0,0,0,0,0,0,0
21830612,4482,0,2,0,0,0,0,0,0,0,0,0
21834256,4483,0,2,0,0,0,0,0,0,0,0,0
21837900,4484,0,2,0,0,0,0,0,0,0,0,0
21841544,4485,0,2,0,0,0,0,0,0,0,0,0
21845188,4486,0,2,0,0,0,0,0,0,0,0,0
21848832,4487,0,2,0,0,0,0,0,0,0,0,0
21852476,4488,0,2,0,0,0,0,0,0,0,0,0
21856120,4489,0,2,0,0,0,0,0,0,0,0,0
21859764,4490,0,2,0,0,0,0,0,0,0,0,0
21863409,4491,0,2,0,0,0,0,0,0,0,0,0
21867052,4492,0,2,0,0,0,0,0,0,0,0,0
21870696,4493,0,2,0,0,0,0,0,0,0,0,0
21874340,4494,0,2,0,0,0,0,0,0,0,0,0
21877984,4495,0,2,0,0,0,0,0,0,0,0,0
21881628,4496,0,2,0,0,0,0,0,0,0,0,0
21885272,4497,0,2,0,0,0,0,0,0,0,0,0
21888916,4498,0,2,0,0,0,0,0,0,0,0,0
21892560,4499,0,2,0,0,0,0,0,0,0,0,0
21896204,4500,0,2,0,0,0,0,0,0,0,0,0
21899849,4501,0,2,0,0,0,0,0,0,0,0,0
21903492,4502,0,2,0,0,0,0,0,0,0,0,0
21907136,4503,0,2,0,0,0,0,0,0,0,0,0
21910780,4504,0,2,0,0,0,0,0,0,0,0,0
21914424,4505,0,2,0,0,0,0,0,0,0,0,0
21918068,4506,0,2,0,0,0,0,0,0,0,0,0
21921712,4507,0,2,0,0,0,0,0,0,0,0,0
21925356,4508,0,2,0,0,0,0,0,0,0,0,0
21929000,4509,0,2,0,0,0,0,0,0,0,0,0
21932644,4510,0,2,0,0,0,0,0,0,0,0,0
21936289,4511,0,2,0,0,0,0,0,0,0,0,0
21939932,4512,0,2,0,0,0,0,0,0,0,0,0
21943576,4513,0,2,0,0,0,0,0,0,0,0,0
21947220,4514,0,2,0,0,0,0,0,0,0,0,0
21950864,4515,0,2,0,0,0,0,0,0,0,0,0
21954508,4516,0,2,0,0,0,0,0,0,0,0,0
21958152,4517,0,2,0,0,0,0,0,0,0,0,0
21961796,4518,0,2,0,0,0,0,0,0,0,0,0
21965440,4519,0,2,0,0,0,0,0,0,0,0,0
21969084,4520,0,2,0,0,0,0,0,0,0,0,0
21972729,4521,0,2,0,0,0,0,0,0,0,0,0
21976372,4522,0,2,0,0,0,0,0,0,0,0,0
21980016,4523,0,2,0,0,0,0,0,0,0,0,0
21983660,4524,0,2,0,0,0,0,0,0,0,0,0
21987304,4525,0,2,0,0,0,0,0,0,0,0,0
21990948,4526,0,2,0,0,0,0,0,0,0,0,0
21994592,4527,0,2,0,0,0,0,0,0,0,0,0
21998236,4528,0,2,0,0,0,0,0,0,0,0,0
22001880,4529,0,2,0,0,0,0,0,0,0,0,0
22005524,4530,0,2,0,0,0,0,0,0,0,0,0
22009169,4531,0,2,0,0,0,0,0,0,0,0,0
22012812,4532,0,2,0,0,0,0,0,0,0,0,0
22016456,4533,0,2,0,0,0,0,0,0,0,0,0
22020100,4534,0,2,0,0,0,0,0,0,0,0,0
22023744,4535,0,2,0,0,0,0,0,0,0,0,0
22027388,4536,0,2,0,0,0,0,0,0,0,0,0
22031033,4537,0,2,0,0,0,0,0,0,0,0,0
22034676,4538,0,2,0,0,0,0,0,0,0,0,0
22038320,4539,0,2,0,0,0,0,0,0,0,0,0
22041964,4540,0,2,0,0,0,0,0,0,0,0,0
22050889,4541,0,2,0,0,0,0,0,0,0,0,0
22054521,4542,0,2,0,0,0,0,0,0,0,0,0
22058165,4543,0,2,0,0,0,0,0,0,0,0,0
22061809,4544,0,2,0,0,0,0,0,0,0,0,0
22065453,4545,0,2,0,0,0,0,0,0,0,0,0
22069097,4546,0,2,0,0,0,0,0,0,0,0,0
22072741,4547,0,2,0,0,0,0,0,0,0,0,0
22076385,4548,0,2,0,0,0,0,0,0,0,0,0
22080029,4549,0,2,0,0,0,0,0,0,0,0,0
22083673,4550,0,2,0,0,0,0,0,0,0,0,0
22087318,4551,0,2,0,0,0,0,0,0,0,0,0
22090961,4552,0,2,0,0,0,0,0,0,0,0,0
22094605,4553,0,2,0,0,0,0,0,0,0,0,0
22098249,4554,0,2,0,0,0,0,0,0,0,0,0
22101893,4555,0,2,0,0,0,0,0,0,0,0,0
22105537,4556,0,2,0,0,0,0,0,0,0,0,0
22109181,4557,0,2,0,0,0,0,0,0,0,0,0
22112825,4558,0,2,0,0,0,0,0,0,0,0,0
22116469,4559,0,2,0,0,0,0,0,0,0,0,0
22120113,4560,0,2,0,0,0,0,0,0,0,0,0
22123758,4561,0,2,0,0,0,0,0,0,0,0,0
22127401,4562,0,2,0,0,0,0,0,0,0,0,0
22131045,4563,0,2,0,0,0,0,0,0,0,0,0
22134689,4564,0,2,0,0,0,0,0,0,0,0,0
22138333,4565,0,2,0,0,0,0,0,0,0,0,0
22141977,4566,0,2,0,0,0,0,0,0,0,0,0
22145621,4567,0,2,0,0,0,0,0,0,0,0,0
22149265,4568,0,2,0,0,0,0,0,0,0,0,0
22152909,4569,0,2,0,0,0,0,0,0,0,0,0
22156553,4570,0,2,0,0,0,0,0,0,0,0,0
22160198,4571,0,2,0,0,0,0,0,0,0,0,0
22163841,4572,0,2,0,0,0,0,0,0,0,0,0
22167485,4573,0,2,0,0,0,0,0,0,0,0,0
22171129,4574,0,2,0,0,0,0,0,0,0,0,0
22174773,4575,0,2,0,0,0,0,0,0,0,0,0
22178417,4576,0,2,0,0,0,0,0,0,0,0,0
22182061,4577,0,2,0,0,0,0,0,0,0,0,0
22185705,4578,0,2,0,0,0,0,0,0,0,0,0
22189349,4579,0,2,0,0,0,0,0,0,0,0,0
22192993,4580,0,2,0,0,0,0,0,0,0,0,0
22196638,4581,0,2,0,0,0,0,0,0,0,0,0
22200281,4582,0,2,0,0,0,0,0,0,0,0,0
22203925,4583,0,2,0,0,0,0,0,0,0,0,0
22207569,4584,0,2,0,0,0,0,0,0,0,0,0
22211213,4585,0,2,0,0,0,0,0,0,0,0,0
22214857,4586,0,2,0,0,0,0,0,0,0,0,0
22218501,4587,0,2,0,0,0,0,0,0,0,0,0
22222145,4588,0,2,0,0,0,0,0,0,0,0,0
22225789,4589,0,2,0,0,0,0,0,0,0,0,0
22229433,4590,0,2,0,0,0,0,0,0,0,0,0
22233078,4591,0,2,0,0,0,0,0,0,0,0,0
22236721,4592,0,2,0,0,0,0,0,0,0,0,0
22240365,4593,0,2,0,0,0,0,0,0,0,0,0
22244009,4594,0,2,0,0,0,0,0,0,0,0,0
22247653,4595,0,2,0,0,0,0,0,0,0,0,0
22251297,4596,0,2,0,0,0,0,0,0,0,0,0
22254941,4597,0,2,0,0,0,0,0,0,0,0,0
22258585,4598,0,2,0,0,0,0,0,0,0,0,0
22262229,4599,0,2,0,0,0,0,0,0,0,0,0
22265873,4600,0,2,0,0,0,0,0,0,0,0,0
22269518,4601,0,2,0,0,0,0,0,0,0,0,0
22273161,4602,0,2,0,0,0,0,0,0,0,0,0
22276805,4603,0,2,0,0,0,0,0,0,0,0,0
22280449,4604,0,2,0,0,0,0,0,0,0,0,0
22284093,4605,0,2,0,0,0,0,0,0,0,0,0
22287737,4606,0,2,0,0,0,0,0,0,0,0,0
22291381,4607,0,2,0,0,0,0,0,0,0,0,0
22295026,4608,0,2,0,0,0,0,0,0,0,0,0
22298669,4609,0,2,0,0,0,0,0,0,0,0,0
22302313,4610,0,2,0,0,0,0,0,0,0,0,0
22305958,4611,0,2,0,0,0,0,0,0,0,0,0
22309601,4612,0,2,0,0,0,0,0,0,0,0,0
22313245,4613,0,2,0,0,0,0,0,0,0,0,0
22316889,4614,0,2,0,0,0,0,0,0,0,0,0
22320533,4615,0,2,0,0,0,0,0,0,0,0,0
22324177,4616,0,2,0,0,0,0,0,0,0,0,0
22327821,4617,0,2,0,0,0,0,0,0,0,0,0
22331465,4618,0,2,0,0,0,0,0,0,0,0,0
22335109,4619,0,2,0,0,0,0,0,0,0,0,0
22338753,4620,0,2,0,0,0,0,0,0,0,0,0
22342398,4621,0,2,0,0,0,0,0,0,0,0,0
22346041,4622,0,2,0,0,0,0,0,0,0,0,0
22349685,4623,0,2,0,0,0,0,0,0,0,0,0
22353329,4624,0,2,0,0,0,0,0,0,0,0,0
22356973,4625,0,2,0,0,0,0,0,0,0,0,0
22360617,4626,0,2,0,0,0,0,0,0,0,0,0
22364261,4627,0,2,0,0,0,0,0,0,0,0,0
22367905,4628,0,2,0,0,0,0,0,0,0,0,0
22371549,4629,0,2,0,0,0,0,0,0,0,0,0
22375193,4630,0,2,0,0,0,0,0,0,0,0,0
22378838,4631,0,2,0,0,0,0,0,0,0,0,0
22382481,4632,0,2,0,0,0,0,0,0,0,0,0
22386125,4633,0,2,0,0,0,0,0,0,0,0,0
22389769,4634,0,2,0,0,0,0,0,0,0,0,0
22393413,4635,0,2,0,0,0,0,0,0,0,0,0
22397057,4636,0,2,0,0,0,0,0,0,0,0,0
22400701,4637,0,2,0,0,0,0,0,0,0,0,0
22404345,4638,0,2,0,0,0,0,0,0,0,0,0
22407989,4639,0,2,0,0,0,0,0,0,0,0,0
22411633,4640,0,2,0,0,0,0,0,0,0,0,0
22415278,4641,0,2,0,0,0,0,0,0,0,0,0
22418921,4642,0,2,0,0,0,0,0,0,0,0,0
22422565,4643,0,2,0,0,0,0,0,0,0,0,0
22426209,4644,0,2,0,0,0,0,0,0,0,0,0
22429853,4645,0,2,0,0,0,0,0,0,0,0,0
22433497,4646,0,2,0,0,0,0,0,0,0,0,0
22437141,4647,0,2,0,0,0,0,0,0,0,0,0
22440785,4648,0,2,0,0,0,0,0,0,0,0,0
22444429,4649,0,2,0,0,0,0,0,0,0,0,0
22448073,4650,0,2,0,0,0,0,0,0,0,0,0
22451718,4651,0,2,0,0,0,0,0,0,0,0,0
22455361,4652,0,2,0,0,0,0,0,0,0,0,0
22459005,4653,0,2,0,0,0,0,0,0,0,0,0
22462649,4654,0,2,0,0,0,0,0,0,0,0,0
22466293,4655,0,2,0,0,0,0,0,0,0,0,0
22469937,4656,0,2,0,0,0,0,0,0,0,0,0
22473581,4657,0,2,0,0,0,0,0,0,0,0,0
22477225,4658,0,2,0,0,0,0,0,0,0,0,0
22480869,4659,0,2,0,0,0,0,0,0,0,0,0
22484513,4660,0,2,0,0,0,0,0,0,0,0,0
22488158,4661,0,2,0,0,0,0,0,0,0,0,0
22491801,4662,0,2,0,0,0,0,0,0,0,0,0
22495445,4663,0,2,0,0,0,0,0,0,0,0,0
22499089,4664,0,2,0,0,0,0,0,0,0,0,0
22502733,4665,0,2,0,0,0,0,0,0,0,0,0
22506377,4666,0,2,0,0,0,0,0,0,0,0,0
22510021,4667,0,2,0,0,0,0,0,0,0,0,0
22513665,4668,0,2,0,0,0,0,0,0,0,0,0
22517309,4669,0,2,0,0,0,0,0,0,0,0,0
22520953,4670,0,2,0,0,0,0,0,0,0,0,0
22524598,4671,0,2,0,0,0,0,0,0,0,0,0
22528241,4672,0,2,0,0,0,0,0,0,0,0,0
22531885,4673,0,2,0,0,0,0,0,0,0,0,0
22535529,4674,0,2,0,0,0,0,0,0,0,0,0
22539173,4675,0,2,0,0,0,0,0,0,0,0,0
22542817,4676,0,2,0,0,0,0,0,0,0,0,0
22546461,4677,0,2,0,0,0,0,0,0,0,0,0
22550105,4678,0,2,0,0,0,0,0,0,0,0,0
22553749,4679,0,2,0,0,0,0,0,0,0,0,0
22557393,4680,0,2,0,0,0,0,0,0,0,0,0
22561038,4681,0,2,0,0,0,0,0,0,0,0,0
22564681,4682,0,2,0,0,0,0,0,0,0,0,0
22568325,4683,0,2,0,0,0,0,0,0,0,0,0
22571969,4684,0,2,0,0,0,0,0,0,0,0,0
22575613,4685,0,2,0,0,0,0,0,0,0,0,0
22579257,4686,0,2,0,0,0,0,0,0,0,0,0
22582901,4687,0,2,0,0,0,0,0,0,0,0,0
22586545,4688,0,2,0,0,0,0,0,0,0,0,0
22590189,4689,0,2,0,0,0,0,0,0,0,0,0
22593833,4690,0,2,0,0,0,0,0,0,0,0,0
22597478,4691,0,2,0,0,0,0,0,0,0,0,0
22601121,4692,0,2,0,0,0,0,0,0,0,0,0
22604765,4693,0,2,0,0,0,0,0,0,0,0,0
22608409,4694,0,2,0,0,0,0,0,0,0,0,0
22612054,4695,0,2,0,0,0,0,0,0,0,0,0
22615697,4696,0,2,0,0,0,0,0,0,0,0,0
22619341,4697,0,2,0,0,0,0,0,0,0,0,0
22622985,4698,0,2,0,0,0,0,0,0,0,0,0
22626629,4699,0,2,0,0,0,0,0,0,0,0,0
22630273,4700,0,2,0,0,0,0,0,0,0,0,0
22633918,4701,0,2,0,0,0,0,0,0,0,0,0
22637561,4702,0,2,0,0,0,0,0,0,0,0,0
22641205,4703,0,2,0,0,0,0,0,0,0,0,0
22644849,4704,0,2,0,0,0,0,0,0,0,0,0
22648493,4705,0,2,0,0,0,0,0,0,0,0,0
22652137,4706,0,2,0,0,0,0,0,0,0,0,0
22655781,4707,0,2,0,0,0,0,0,0,0,0,0
22659425,4708,0,2,0,0,0,0,0,0,0,0,0
22663069,4709,0,2,0,0,0,0,0,0,0,0,0
22666713,4710,0,2,0,0,0,0,0,0,0,0,0
22670358,4711,0,2,0,0,0,0,0,0,0,0,0
22674001,4712,0,2,0,0,0,0,0,0,0,0,0
22677645,4713,0,2,0,0,0,0,0,0,0,0,0
22681289,4714,0,2,0,0,0,0,0,0,0,0,0
22684933,4715,0,2,0,0,0,0,0,0,0,0,0
22688577,4716,0,2,0,0,0,0,0,0,0,0,0
22692221,4717,0,2,0,0,0,0,0,0,0,0,0
22695865,4718,0,2,0,0,0,0,0,0,0,0,0
22699509,4719,0,2,0,0,0,0,0,0,0,0,0
22703153,4720,0,2,0,0,0,0,0,0,0,0,0
22706798,4721,0,2,0,0,0,0,0,0,0,0,0
22710441,4722,0,2,0,0,0,0,0,0,0,0,0
22714085,4723,0,2,0,0,0,0,0,0,0,0,0
22717729,4724,0,2,0,0,0,0,0,0,0,0,0
22721373,4725,0,2,0,0,0,0,0,0,0,0,0
22725017,4726,0,2,0,0,0,0,0,0,0,0,0
22728661,4727,0,2,0,0,0,0,0,0,0,0,0
22732305,4728,0,2,0,0,0,0,0,0,0,0,0
22735949,4729,0,2,0,0,0,0,0,0,0,0,0
22739593,4730,0,2,0,0,0,0,0,0,0,0,0
22743238,4731,0,2,0,0,0,0,0,0,0,0,0
22746881,4732,0,2,0,0,0,0,0,0,0,0,0
22750525,4733,0,2,0,0,0,0,0,0,0,0,0
22754169,4734,0,2,0,0,0,0,0,0,0,0,0
22757813,4735,0,2,0,0,0,0,0,0,0,0,0
22761457,4736,0,2,0,0,0,0,0,0,0,0,0
22765101,4737,0,2,0,0,0,0,0,0,0,0,0
22768745,4738,0,2,0,0,0,0,0,0,0,0,0
22772389,4739,0,2,0,0,0,0,0,0,0,0,0
22776033,4740,0,2,0,0,0,0,0,0,0,0,0
22779678,4741,0,2,0,0,0,0,0,0,0,0,0
22783321,4742,0,2,0,0,0,0,0,0,0,0,0
22786965,4743,0,2,0,0,0,0,0,0,0,0,0
22790609,4744,0,2,0,0,0,0,0,0,0,0,0
22794253,4745,0,2,0,0,0,0,0,0,0,0,0
22797897,4746,0,2,0,0,0,0,0,0,0,0,0
22801541,4747,0,2,0,0,0,0,0,0,0,0,0
22805185,4748,0,2,0,0,0,0,0,0,0,0,0
22808829,4749,0,2,0,0,0,0,0,0,0,0,0
22812473,4750,0,2,0,0,0,0,0,0,0,0,0
22816118,4751,0,2,0,0,0,0,0,0,0,0,0
22819761,4752,0,2,0,0,0,0,0,0,0,0,0
22823405,4753,0,2,0,0,0,0,0,0,0,0,0
22827049,4754,0,2,0,0,0,0,0,0,0,0,0
22830693,4755,0,2,0,0,0,0,0,0,0,0,0
22834337,4756,0,2,0,0,0,0,0,0,0,0,0
22837981,4757,0,2,0,0,0,0,0,0,0,0,0
22841625,4758,0,2,0,0,0,0,0,0,0,0,0
22845269,4759,0,2,0,0,0,0,0,0,0,0,0
22848913,4760,0,2,0,0,0,0,0,0,0,0,0
22852558,4761,0,2,0,0,0,0,0,0,0,0,0
22856201,4762,0,2,0,0,0,0,0,0,0,0,0
22859845,4763,0,2,0,0,0,0,0,0,0,0,0
22863489,4764,0,2,0,0,0,0,0,0,0,0,0
22867133,4765,0,2,0,0,0,0,0,0,0,0,0
22870777,4766,0,2,0,0,0,0,0,0,0,0,0
22874421,4767,0,2,0,0,0,0,0,0,0,0,0
22885406,4768,0,2,0,0,0,0,0,0,0,0,0
22889038,4769,0,2,0,0,0,0,0,0,0,0,0
22892682,4770,0,2,0,0,0,0,0,0,0,0,0
22896327,4771,0,2,0,0,0,0,0,0,0,0,0
22899970,4772,0,2,0,0,0,0,0,0,0,0,0
22903614,4773,0,2,0,0,0,0,0,0,0,0,0
22907258,4774,0,2,0,0,0,0,0,0,0,0,0
22910902,4775,0,2,0,0,0,0,0,0,0,0,0
22914546,4776,0,2,0,0,0,0,0,0,0,0,0
22918190,4777,0,2,0,0,0,0,0,0,0,0,0
22921834,4778,0,2,0,0,0,0,0,0,0,0,0
22925478,4779,0,2,0,0,0,0,0,0,0,0,0
22929122,4780,0,2,0,0,0,0,0,0,0,0,0
22932767,4781,0,2,0,0,0,0,0,0,0,0,0
22936410,4782,0,2,0,0,0,0,0,0,0,0,0
22940054,4783,0,2,0,0,0,0,0,0,0,0,0
22943698,4784,0,2,0,0,0,0,0,0,0,0,0
22947342,4785,0,2,0,0,0,0,0,0,0,0,0
22950986,4786,0,2,0,0,0,0,0,0,0,0,0
22954630,4787,0,2,0,0,0,0,0,0,0,0,0
22958274,4788,0,2,0,0,0,0,0,0,0,0,0
22961918,4789,0,2,0,0,0,0,0,0,0,0,0
22965562,4790,0,2,0,0,0,0,0,0,0,0,0
22969207,4791,0,2,0,0,0,0,0,0,0,0,0
22972850,4792,0,2,0,0,0,0,0,0,0,0,0
22976494,4793,0,2,0,0,0,0,0,0,0,0,0
22980138,4794,0,2,0,0,0,0,0,0,0,0,0
22983782,4795,0,2,0,0,0,0,0,0,0,0,0
22987426,4796,0,2,0,0,0,0,0,0,0,0,0
22991070,4797,0,2,0,0,0,0,0,0,0,0,0
22994714,4798,0,2,0,0,0,0,0,0,0,0,0
22998358,4799,0,2,0,0,0,0,0,0,0,0,0
23002002,4800,0,2,0,0,0,0,0,0,0,0,0
23005647,4801,0,2,0,0,0,0,0,0,0,0,0
23009290,4802,0,2,0,0,0,0,0,0,0,0,0
23012934,4803,0,2,0,0,0,0,0,0,0,0,0
23016578,4804,0,2,0,0,0,0,0,0,0,0,0
23020222,4805,0,2,0,0,0,0,0,0,0,0,0
23023866,4806,0,2,0,0,0,0,0,0,0,0,0
23027510,4807,0,2,0,0,0,0,0,0,0,0,0
23031154,4808,0,2,0,0,0,0,0,0,0,0,0
23034798,4809,0,2,0,0,0,0,0,0,0,0,0
23038442,4810,0,2,0,0,0,0,0,0,0,0,0
23042087,4811,0,2,0,0,0,0,0,0,0,0,0
23045730,4812,0,2,0,0,0,0,0,0,0,0,0
23049374,4813,0,2,0,0,0,0,0,0,0,0,0
23053018,4814,0,2,0,0,0,0,0,0,0,0,0
23056662,4815,0,2,0,0,0,0,0,0,0,0,0
23060306,4816,0,2,0,0,0,0,0,0,0,0,0
23063950,4817,0,2,0,0,0,0,0,0,0,0,0
23067594,4818,0,2,0,0,0,0,0,0,0,0,0
23071238,4819,0,2,0,0,0,0,0,0,0,0,0
23074882,4820,0,2,0,0,0,0,0,0,0,0,0
23078527,4821,0,2,0,0,0,0,0,0,0,0,0
23082170,4822,0,2,0,0,0,0,0,0,0,0,0
23085814,4823,0,2,0,0,0,0,0,0,0,0,0
23089458,4824,0,2,0,0,0,0,0,0,0,0,0
23093102,4825,0,2,0,0,0,0,0,0,0,0,0
23096746,4826,0,2,0,0,0,0,0,0,0,0,0
23100390,4827,0,2,0,0,0,0,0,0,0,0,0
23104035,4828,0,2,0,0,0,0,0,0,0,0,0
23107678,4829,0,2,0,0,0,0,0,0,0,0,0
23111322,4830,0,2,0,0,0,0,0,0,0,0,0
23114967,4831,0,2,0,0,0,0,0,0,0,0,0
23118610,4832,0,2,0,0,0,0,0,0,0,0,0
23122254,4833,0,2,0,0,0,0,0,0,0,0,0
23125898,4834,0,2,0,0,0,0,0,0,0,0,0
23129542,4835,0,2,0,0,0,0,0,0,0,0,0
23133186,4836,0,2,0,0,0,0,0,0,0,0,0
23136830,4837,0,2,0,0,0,0,0,0,0,0,0
23140474,4838,0,2,0,0,0,0,0,0,0,0,0
23144118,4839,0,2,0,0,0,0,0,0,0,0,0
23147762,4840,0,2,0,0,0,0,0,0,0,0,0
23151407,4841,0,2,0,0,0,0,0,0,0,0,0
23155050,4842,0,2,0,0,0,0,0,0,0,0,0
23158694,4843,0,2,0,0,0,0,0,0,0,0,0
23162338,4844,0,2,0,0,0,0,0,0,0,0,0
23165982,4845,0,2,0,0,0,0,0,0,0,0,0
23169626,4846,0,2,0,0,0,0,0,0,0,0,0
23173270,4847,0,2,0,0,0,0,0,0,0,0,0
23176914,4848,0,2,0,0,0,0,0,0,0,0,0
23180558,4849,0,2,0,0,0,0,0,0,0,0,0
23184202,4850,0,2,0,0,0,0,0,0,0,0,0
23187847,4851,0,2,0,0,0,0,0,0,0,0,0
23191490,4852,0,2,0,0,0,0,0,0,0,0,0
23195134,4853,0,2,0,0,0,0,0,0,0,0,0
23198778,4854,0,2,0,0,0,0,0,0,0,0,0
23202422,4855,0,2,0,0,0,0,0,0,0,0,0
23206066,4856,0,2,0,0,0,0,0,0,0,0,0
23209710,4857,0,2,0,0,0,0,0,0,0,0,0
23213354,4858,0,2,0,0,0,0,0,0,0,0,0
23216998,4859,0,2,0,0,0,0,0,0,0,0,0
23220642,4860,0,2,0,0,0,0,0,0,0,0,0
23224287,4861,0,2,0,0,0,0,0,0,0,0,0
23227930,4862,0,2,0,0,0,0,0,0,0,0,0
23231574,4863,0,2,0,0,0,0,0,0,0,0,0
23235218,4864,0,2,0,0,0,0,0,0,0,0,0
23238862,4865,0,2,0,0,0,0,0,0,0,0,0
23242506,4866,0,2,0,0,0,0,0,0,0,0,0
23246150,4867,0,2,0,0,0,0,0,0,0,0,0
23249794,4868,0,2,0,0,0,0,0,0,0,0,0
23253438,4869,0,2,0,0,0,0,0,0,0,0,0
23257082,4870,0,2,0,0,0,0,0,0,0,0,0
23260727,4871,0,2,0,0,0,0,0,0,0,0,0
23264370,4872,0,2,0,0,0,0,0,0,0,0,0
23268014,4873,0,2,0,0,0,0,0,0,0,0,0
23271658,4874,0,2,0,0,0,0,0,0,0,0,0
23275302,4875,0,2,0,0,0,0,0,0,0,0,0
23278946,4876,0,2,0,0,0,0,0,0,0,0,0
23282590,4877,0,2,0,0,0,0,0,0,0,0,0
23286234,4878,0,2,0,0,0,0,0,0,0,0,0
23289878,4879,0,2,0,0,0,0,0,0,0,0,0
23293522,4880,0,2,0,0,0,0,0,0,0,0,0
23297167,4881,0,2,0,0,0,0,0,0,0,0,0
23300810,4882,0,2,0,0,0,0,0,0,0,0,0
23304454,4883,0,2,0,0,0,0,0,0,0,0,0
23308098,4884,0,2,0,0,0,0,0,0,0,0,0
23311742,4885,0,2,0,0,0,0,0,0,0,0,0
23315386,4886,0,2,0,0,0,0,0,0,0,0,0
23319031,4887,0,2,0,0,0,0,0,0,0,0,0
23322674,4888,0,2,0,0,0,0,0,0,0,0,0
23326318,4889,0,2,0,0,0,0,0,0,0,0,0
23329962,4890,0,2,0,0,0,0,0,0,0,0,0
23333607,4891,0,2,0,0,0,0,0,0,0,0,0
23337250,4892,0,2,0,0,0,0,0,0,0,0,0
23340894,4893,0,2,0,0,0,0,0,0,0,0,0
23344538,4894,0,2,0,0,0,0,0,0,0,0,0
23348182,4895,0,2,0,0,0,0,0,0,0,0,0
23351826,4896,0,2,0,0,0,0,0,0,0,0,0
23355470,4897,0,2,0,0,0,0,0,0,0,0,0
23359114,4898,0,2,0,0,0,0,0,0,0,0,0
23362758,4899,0,2,0,0,0,0,0,0,0,0,0
23366402,4900,0,2,0,0,0,0,0,0,0,0,0
23370047,4901,0,2,0,0,0,0,0,0,0,0,0
23373690,4902,0,2,0,0,0,0,0,0,0,0,0
23377334,4903,0,2,0,0,0,0,0,0,0,0,0
23380978,4904,0,2,0,0,0,0,0,0,0,0,0
23384622,4905,0,2,0,0,0,0,0,0,0,0,0
23388266,4906,0,2,0,0,0,0,0,0,0,0,0
23391910,4907,0,2,0,0,0,0,0,0,0,0,0
23395554,4908,0,2,0,0,0,0,0,0,0,0,0
23399198,4909,0,2,0,0,0,0,0,0,0,0,0
23402842,4910,0,2,0,0,0,0,0,0,0,0,0
23406487,4911,0,2,0,0,0,0,0,0,0,0,0
23410130,4912,0,2,0,0,0,0,0,0,0,0,0
23413774,4913,0,2,0,0,0,0,0,0,0,0,0
23417418,4914,0,2,0,0,0,0,0,0,0,0,0
23421062,4915,0,2,0,0,0,0,0,0,0,0,0
23424706,4916,0,2,0,0,0,0,0,0,0,0,0
23428350,4917,0,2,0,0,0,0,0,0,0,0,0
23431994,4918,0,2,0,0,0,0,0,0,0,0,0
23435638,4919,0,2,0,0,0,0,0,0,0,0,0
23439282,4920,0,2,0,0,0,0,0,0,0,0,0
23442927,4921,0,2,0,0,0,0,0,0,0,0,0
23446570,4922,0,2,0,0,0,0,0,0,0,0,0
23450214,4923,0,2,0,0,0,0,0,0,0,0,0
23453858,4924,0,2,0,0,0,0,0,0,0,0,0
23457502,4925,0,2,0,0,0,0,0,0,0,0,0
23461146,4926,0,2,0,0,0,0,0,0,0,0,0
23464790,4927,0,2,0,0,0,0,0,0,0,0,0
23468434,4928,0,2,0,0,0,0,0,0,0,0,0
23472078,4929,0,2,0,0,0,0,0,0,0,0,0
23475722,4930,0,2,0,0,0,0,0,0,0,0,0
23479367,4931,0,2,0,0,0,0,0,0,0,0,0
23483010,4932,0,2,0,0,0,0,0,0,0,0,0
23486654,4933,0,2,0,0,0,0,0,0,0,0,0
23490298,4934,0,2,0,0,0,0,0,0,0,0,0
23493942,4935,0,2,0,0,0,0,0,0,0,0,0
23497586,4936,0,2,0,0,0,0,0,0,0,0,0
23501230,4937,0,2,0,0,0,0,0,0,0,0,0
23504874,4938,0,2,0,0,0,0,0,0,0,0,0
23508518,4939,0,2,0,0,0,0,0,0,0,0,0
23512162,4940,0,2,0,0,0,0,0,0,0,0,0
23515807,4941,0,2,0,0,0,0,0,0,0,0,0
23519450,4942,0,2,0,0,0,0,0,0,0,0,0
23523095,4943,0,2,0,0,0,0,0,0,0,0,0
23526738,4944,0,2,0,0,0,0,0,0,0,0,0
23530382,4945,0,2,0,0,0,0,0,0,0,0,0
23534026,4946,0,2,0,0,0,0,0,0,0,0,0
23537670,4947,0,2,0,0,0,0,0,0,0,0,0
23541314,4948,0,2,0,0,0,0,0,0,0,0,0
23544958,4949,0,2,0,0,0,0,0,0,0,0,0
23548602,4950,0,2,0,0,0,0,0,0,0,0,0
23552247,4951,0,2,0,0,0,0,0,0,0,0,0
23555890,4952,0,2,0,0,0,0,0,0,0,0,0
23559534,4953,0,2,0,0,0,0,0,0,0,0,0
23563178,4954,0,2,0,0,0,0,0,0,0,0,0
23566822,4955,0,2,0,0,0,0,0,0,0,0,0
23570466,4956,0,2,0,0,0,0,0,0,0,0,0
23574110,4957,0,2,0,0,0,0,0,0,0,0,0
23577754,4958,0,2,0,0,0,0,0,0,0,0,0
23581398,4959,0,2,0,0,0,0,0,0,0,0,0
23585042,4960,0,2,0,0,0,0,0,0,0,0,0
23588687,4961,0,2,0,0,0,0,0,0,0,0,0
23592330,4962,0,2,0,0,0,0,0,0,0,0,0
23595974,4963,0,2,0,0,0,0,0,0,0,0,0
23599618,4964,0,2,0,0,0,0,0,0,0,0,0
23603262,4965,0,2,0,0,0,0,0,0,0,0,0
23606906,4966,0,2,0,0,0,0,0,0,0,0,0
23610550,4967,0,2,0,0,0,0,0,0,0,0,0
23614194,4968,0,2,0,0,0,0,0,0,0,0,0
23617838,4969,0,2,0,0,0,0,0,0,0,0,0
23621482,4970,0,2,0,0,0,0,0,0,0,0,0
23625127,4971,0,2,0,0,0,0,0,0,0,0,0
23628770,4972,0,2,0,0,0,0,0,0,0,0,0
23632414,4973,0,2,0,0,0,0,0,0,0,0,0
23636058,4974,0,2,0,0,0,0,0,0,0,0,0
23639702,4975,0,2,0,0,0,0,0,0,0,0,0
23643346,4976,0,2,0,0,0,0,0,0,0,0,0
23646990,4977,0,2,0,0,0,0,0,0,0,0,0
23650634,4978,0,2,0,0,0,0,0,0,0,0,0
23654278,4979,0,2,0,0,0,0,0,0,0,0,0
23657922,4980,0,2,0,0,0,0,0,0,0,0,0
23661567,4981,0,2,0,0,0,0,0,0,0,0,0
23665210,4982,0,2,0,0,0,0,0,0,0,0,0
23668854,4983,0,2,0,0,0,0,0,0,0,0,0
23672498,4984,0,2,0,0,0,0,0,0,0,0,0
23676142,4985,0,2,0,0,0,0,0,0,0,0,0
23679786,4986,0,2,0,0,0,0,0,0,0,0,0
23683430,4987,0,2,0,0,0,0,0,0,0,0,0
23687074,4988,0,2,0,0,0,0,0,0,0,0,0
23690718,4989,0,2,0,0,0,0,0,0,0,0,0
23694362,4990,0,2,0,0,0,0,0,0,0,0,0
23698007,4991,0,2,0,0,0,0,0,0,0,0,0
23701650,4992,0,2,0,0,0,0,0,0,0,0,0
23705294,4993,0,2,0,0,0,0,0,0,0,0,0
23708938,4994,0,2,0,0,0,0,0,0,0,0,0
23717494,4995,0,2,0,0,0,0,0,0,0,0,0
23721126,4996,0,2,0,0,0,0,0,0,0,0,0
23724770,4997,0,2,0,0,0,0,0,0,0,0,0
23728414,4998,0,2,0,0,0,0,0,0,0,0,0
23732058,4999,0,2,0,0,0,0,0,0,0,0,0
23735702,5000,0,2,0,0,0,0,0,0,0,0,0
23739347,5001,0,2,0,0,0,0,0,0,0,0,0
23742990,5002,0,2,0,0,0,0,0,0,0,0,0
23746634,5003,0,2,0,0,0,0,0,0,0,0,0
23750278,5004,0,2,0,0,0,0,0,0,0,0,0
23753922,5005,0,2,0,0,0,0,0,0,0,0,0
23757566,5006,0,2,0,0,0,0,0,0,0,0,0
23761210,5007,0,2,0,0,0,0,0,0,0,0,0
23764854,5008,0,2,0,0,0,0,0,0,0,0,0
23768498,5009,0,2,0,0,0,0,0,0,0,0,0
23772142,5010,0,2,0,0,0,0,0,0,0,0,0
23775787,5011,0,2,0,0,0,0,0,0,0,0,0
23779430,5012,0,2,0,0,0,0,0,0,0,0,0
23783074,5013,0,2,0,0,0,0,0,0,0,0,0
23786718,5014,0,2,0,0,0,0,0,0,0,0,0
23790362,5015,0,2,0,0,0,0,0,0,0,0,0
23794006,5016,0,2,0,0,0,0,0,0,0,0,0
23797650,5017,0,2,0,0,0,0,0,0,0,0,0
23801294,5018,0,2,0,0,0,0,0,0,0,0,0
23804938,5019,0,2,0,0,0,0,0,0,0,0,0
23808582,5020,0,2,0,0,0,0,0,0,0,0,0
23812227,5021,0,2,0,0,0,0,0,0,0,0,0
23815870,5022,0,2,0,0,0,0,0,0,0,0,0
23819514,5023,0,2,0,0,0,0,0,0,0,0,0
23823158,5024,0,2,0,0,0,0,0,0,0,0,0
23826802,5025,0,2,0,0,0,0,0,0,0,0,0
23830446,5026,0,2,0,0,0,0,0,0,0,0,0
23834090,5027,0,2,0,0,0,0,0,0,0,0,0
23837734,5028,0,2,0,0,0,0,0,0,0,0,0
23841378,5029,0,2,0,0,0,0,0,0,0,0,0
23845022,5030,0,2,0,0,0,0,0,0,0,0,0
23848667,5031,0,2,0,0,0,0,0,0,0,0,0
23852310,5032,0,2,0,0,0,0,0,0,0,0,0
23855954,5033,0,2,0,0,0,0,0,0,0,0,0
23859598,5034,0,2,0,0,0,0,0,0,0,0,0
23863242,5035,0,2,0,0,0,0,0,0,0,0,0
23866886,5036,0,2,0,0,0,0,0,0,0,0,0
23870530,5037,0,2,0,0,0,0,0,0,0,0,0
23874174,5038,0,2,0,0,0,0,0,0,0,0,0
23877818,5039,0,2,0,0,0,0,0,0,0,0,0
23881462,5040,0,2,0,0,0,0,0,0,0,0,0
23885107,5041,0,2,0,0,0,0,0,0,0,0,0
23888750,5042,0,2,0,0,0,0,0,0,0,0,0
23892394,5043,0,2,0,0,0,0,0,0,0,0,0
23896038,5044,0,2,0,0,0,0,0,0,0,0,0
23899682,5045,0,2,0,0,0,0,0,0,0,0,0
23903326,5046,0,2,0,0,0,0,0,0,0,0,0
23906970,5047,0,2,0,0,0,0,0,0,0,0,0
23910614,5048,0,2,0,0,0,0,0,0,0,0,0
23914258,5049,0,2,0,0,0,0,0,0,0,0,0
23917902,5050,0,2,0,0,0,0,0,0,0,0,0
23921547,5051,0,2,0,0,0,0,0,0,0,0,0
23925190,5052,0,2,0,0,0,0,0,0,0,0,0
23928834,5053,0,2,0,0,0,0,0,0,0,0,0
23932478,5054,0,2,0,0,0,0,0,0,0,0,0
23936122,5055,0,2,0,0,0,0,0,0,0,0,0
23939766,5056,0,2,0,0,0,0,0,0,0,0,0
23943410,5057,0,2,0,0,0,0,0,0,0,0,0
23947054,5058,0,2,0,0,0,0,0,0,0,0,0
23950698,5059,0,2,0,0,0,0,0,0,0,0,0
23954342,5060,0,2,0,0,0,0,0,0,0,0,0
23957987,5061,0,2,0,0,0,0,0,0,0,0,0
23961630,5062,0,2,0,0,0,0,0,0,0,0,0
23965274,5063,0,2,0,0,0,0,0,0,0,0,0
23968918,5064,0,2,0,0,0,0,0,0,0,0,0
23972562,5065,0,2,0,0,0,0,0,0,0,0,0
23976206,5066,0,2,0,0,0,0,0,0,0,0,0
23979850,5067,0,2,0,0,0,0,0,0,0,0,0
23983494,5068,0,2,0,0,0,0,0,0,0,0,0
23987138,5069,0,2,0,0,0,0,0,0,0,0,0
23990782,5070,0,2,0,0,0,0,0,0,0,0,0
23994427,5071,0,2,0,0,0,0,0,0,0,0,0
23998071,5072,0,2,0,0,0,0,0,0,0,0,0
24001714,5073,0,2,0,0,0,0,0,0,0,0,0
24005358,5074,0,2,0,0,0,0,0,0,0,0,0
24009002,5075,0,2,0,0,0,0,0,0,0,0,0
24012646,5076,0,2,0,0,0,0,0,0,0,0,0
24016290,5077,0,2,0,0,0,0,0,0,0,0,0
24019934,5078,0,2,0,0,0,0,0,0,0,0,0
24023578,5079,0,2,0,0,0,0,0,0,0,0,0
24027222,5080,0,2,0,0,0,0,0,0,0,0,0
24030867,5081,0,2,0,0,0,0,0,0,0,0,0
24034510,5082,0,2,0,0,0,0,0,0,0,0,0
24038154,5083,0,2,0,0,0,0,0,0,0,0,0
24041798,5084,0,2,0,0,0,0,0,0,0,0,0
24045442,5085,0,2,0,0,0,0,0,0,0,0,0
24049087,5086,0,2,0,0,0,0,0,0,0,0,0
24052730,5087,0,2,0,0,0,0,0,0,0,0,0
24056374,5088,0,2,0,0,0,0,0,0,0,0,0
24060018,5089,0,2,0,0,0,0,0,0,0,0,0
24063662,5090,0,2,0,0,0,0,0,0,0,0,0
24067307,5091,0,2,0,0,0,0,0,0,0,0,0
24070950,5092,0,2,0,0,0,0,0,0,0,0,0
24074594,5093,0,2,0,0,0,0,0,0,0,0,0
24078238,5094,0,2,0,0,0,0,0,0,0,0,0
24081882,5095,0,2,0,0,0,0,0,0,0,0,0
24085526,5096,0,2,0,0,0,0,0,0,0,0,0
24089170,5097,0,2,0,0,0,0,0,0,0,0,0
24092814,5098,0,2,0,0,0,0,0,0,0,0,0
24096458,5099,0,2,0,0,0,0,0,0,0,0,0
24100102,5100,0,2,0,0,0,0,0,0,0,0,0
24103747,5101,0,2,0,0,0,0,0,0,0,0,0
24107390,5102,0,2,0,0,0,0,0,0,0,0,0
24111034,5103,0,2,0,0,0,0,0,0,0,0,0
24114678,5104,0,2,0,0,0,0,0,0,0,0,0
24118322,5105,0,2,0,0,0,0,0,0,0,0,0
24121966,5106,0,2,0,0,0,0,0,0,0,0,0
24125610,5107,0,2,0,0,0,0,0,0,0,0,0
24129254,5108,0,2,0,0,0,0,0,0,0,0,0
24132898,5109,0,2,0,0,0,0,0,0,0,0,0
24136542,5110,0,2,0,0,0,0,0,0,0,0,0
24140187,5111,0,2,0,0,0,0,0,0,0,0,0
24143830,5112,0,2,0,0,0,0,0,0,0,0,0
24147474,5113,0,2,0,0,0,0,0,0,0,0,0
24151118,5114,0,2,0,0,0,0,0,0,0,0,0
24154762,5115,0,2,0,0,0,0,0,0,0,0,0
24158406,5116,0,2,0,0,0,0,0,0,0,0,0
24162050,5117,0,2,0,0,0,0,0,0,0,0,0
24165694,5118,0,2,0,0,0,0,0,0,0,0,0
24169338,5119,0,2,0,0,0,0,0,0,0,0,0
24172982,5120,0,2,0,0,0,0,0,0,0,0,0
24176627,5121,0,2,0,0,0,0,0,0,0,0,0
24180270,5122,0,2,0,0,0,0,0,0,0,0,0
24183914,5123,0,2,0,0,0,0,0,0,0,0,0
24187558,5124,0,2,0,0,0,0,0,0,0,0,0
24191202,5125,0,2,0,0,0,0,0,0,0,0,0
24194846,5126,0,2,0,0,0,0,0,0,0,0,0
24198490,5127,0,2,0,0,0,0,0,0,0,0,0
24202134,5128,0,2,0,0,0,0,0,0,0,0,0
24205778,5129,0,2,0,0,0,0,0,0,0,0,0
24209422,5130,0,2,0,0,0,0,0,0,0,0,0
24213067,5131,0,2,0,0,0,0,0,0,0,0,0
24216710,5132,0,2,0,0,0,0,0,0,0,0,0
24220354,5133,0,2,0,0,0,0,0,0,0,0,0
24223998,5134,0,2,0,0,0,0,0,0,0,0,0
24227642,5135,0,2,0,0,0,0,0,0,0,0,0
24231286,5136,0,2,0,0,0,0,0,0,0,0,0
24234930,5137,0,2,0,0,0,0,0,0,0,0,0
24238574,5138,0,2,0,0,0,0,0,0,0,0,0
24242218,5139,0,2,0,0,0,0,0,0,0,0,0
24245862,5140,0,2,0,0,0,0,0,0,0,0,0
24249507,5141,0,2,0,0,0,0,0,0,0,0,0
24253150,5142,0,2,0,0,0,0,0,0,0,0,0
24256794,5143,0,2,0,0,0,0,0,0,0,0,0
24260438,5144,0,2,0,0,0,0,0,0,0,0,0
24264082,5145,0,2,0,0,0,0,0,0,0,0,0
24267726,5146,0,2,0,0,0,0,0,0,0,0,0
24271370,5147,0,2,0,0,0,0,0,0,0,0,0
24275014,5148,0,2,0,0,0,0,0,0,0,0,0
24278658,5149,0,2,0,0,0,0,0,0,0,0,0
24282302,5150,0,2,0,0,0,0,0,0,0,0,0
24285947,5151,0,2,0,0,0,0,0,0,0,0,0
24289590,5152,0,2,0,0,0,0,0,0,0,0,0
24293234,5153,0,2,0,0,0,0,0,0,0,0,0
24296878,5154,0,2,0,0,0,0,0,0,0,0,0
24300522,5155,0,2,0,0,0,0,0,0,0,0,0
24304166,5156,0,2,0,0,0,0,0,0,0,0,0
24307810,5157,0,2,0,0,0,0,0,0,0,0,0
24311454,5158,0,2,0,0,0,0,0,0,0,0,0
24315098,5159,0,2,0,0,0,0,0,0,0,0,0
24318742,5160,0,2,0,0,0,0,0,0,0,0,0
24322387,5161,0,2,0,0,0,0,0,0,0,0,0
24326030,5162,0,2,0,0,0,0,0,0,0,0,0
24329674,5163,0,2,0,0,0,0,0,0,0,0,0
24333318,5164,0,2,0,0,0,0,0,0,0,0,0
24336962,5165,0,2,0,0,0,0,0,0,0,0,0
24340606,5166,0,2,0,0,0,0,0,0,0,0,0
24344250,5167,0,2,0,0,0,0,0,0,0,0,0
24347894,5168,0,2,0,0,0,0,0,0,0,0,0
24351538,5169,0,2,0,0,0,0,0,0,0,0,0
24355182,5170,0,2,0,0,0,0,0,0,0,0,0
24358827,5171,0,2,0,0,0,0,0,0,0,0,0
24362470,5172,0,2,0,0,0,0,0,0,0,0,0
24366114,5173,0,2,0,0,0,0,0,0,0,0,0
24369758,5174,0,2,0,0,0,0,0,0,0,0,0
24373402,5175,0,2,0,0,0,0,0,0,0,0,0
24377046,5176,0,2,0,0,0,0,0,0,0,0,0
24380690,5177,0,2,0,0,0,0,0,0,0,0,0
24384334,5178,0,2,0,0,0,0,0,0,0,0,0
24387978,5179,0,2,0,0,0,0,0,0,0,0,0
24391622,5180,0,2,0,0,0,0,0,0,0,0,0
24395267,5181,0,2,0,0,0,0,0,0,0,0,0
24398910,5182,0,2,0,0,0,0,0,0,0,0,0
24402554,5183,0,2,0,0,0,0,0,0,0,0,0
24406198,5184,0,2,0,0,0,0,0,0,0,0,0
24409842,5185,0,2,0,0,0,0,0,0,0,0,0
24413486,5186,0,2,0,0,0,0,0,0,0,0,0
24417130,5187,0,2,0,0,0,0,0,0,0,0,0
24420774,5188,0,2,0,0,0,0,0,0,0,0,0
24424418,5189,0,2,0,0,0,0,0,0,0,0,0
24428062,5190,0,2,0,0,0,0,0,0,0,0,0
24431707,5191,0,2,0,0,0,0,0,0,0,0,0
24435350,5192,0,2,0,0,0,0,0,0,0,0,0
24438994,5193,0,2,0,0,0,0,0,0,0,0,0
24442638,5194,0,2,0,0,0,0,0,0,0,0,0
24446282,5195,0,2,0,0,0,0,0,0,0,0,0
24449926,5196,0,2,0,0,0,0,0,0,0,0,0
24453570,5197,0,2,0,0,0,0,0,0,0,0,0
24457214,5198,0,2,0,0,0,0,0,0,0,0,0
24460858,5199,0,2,0,0,0,0,0,0,0,0,0
24464502,5200,0,2,0,0,0,0,0,0,0,0,0
24468147,5201,0,2,0,0,0,0,0,0,0,0,0
24471790,5202,0,2,0,0,0,0,0,0,0,0,0
24475434,5203,0,2,0,0,0,0,0,0,0,0,0
24479078,5204,0,2,0,0,0,0,0,0,0,0,0
24482722,5205,0,2,0,0,0,0,0,0,0,0,0
24486366,5206,0,2,0,0,0,0,0,0,0,0,0
24490011,5207,0,2,0,0,0,0,0,0,0,0,0
24493654,5208,0,2,0,0,0,0,0,0,0,0,0
24497298,5209,0,2,0,0,0,0,0,0,0,0,0
24500942,5210,0,2,0,0,0,0,0,0,0,0,0
24504587,5211,0,2,0,0,0,0,0,0,0,0,0
24508230,5212,0,2,0,0,0,0,0,0,0,0,0
24511874,5213,0,2,0,0,0,0,0,0,0,0,0
24515518,5214,0,2,0,0,0,0,0,0,0,0,0
24519162,5215,0,2,0,0,0,0,0,0,0,0,0
24522806,5216,0,2,0,0,0,0,0,0,0,0,0
24526450,5217,0,2,0,0,0,0,0,0,0,0,0
24530095,5218,0,2,0,0,0,0,0,0,0,0,0
24533738,5219,0,2,0,0,0,0,0,0,0,0,0
24537382,5220,0,2,0,0,0,0,0,0,0,0,0
24541027,5221,0,2,0,0,0,0,0,0,0,0,0
24551405,5222,0,2,0,0,0,0,0,0,0,0,0
24555037,5223,0,2,0,0,0,0,0,0,0,0,0
24558681,5224,0,2,0,0,0,0,0,0,0,0,0
24562325,5225,0,2,0,0,0,0,0,0,0,0,0
24565969,5226,0,2,0,0,0,0,0,0,0,0,0
24569613,5227,0,2,0,0,0,0,0,0,0,0,0
24573257,5228,0,2,0,0,0,0,0,0,0,0,0
24576901,5229,0,2,0,0,0,0,0,0,0,0,0
24580545,5230,0,2,0,0,0,0,0,0,0,0,0
24584190,5231,0,2,0,0,0,0,0,0,0,0,0
24587833,5232,0,2,0,0,0,0,0,0,0,0,0
24591477,5233,0,2,0,0,0,0,0,0,0,0,0
24595121,5234,0,2,0,0,0,0,0,0,0,0,0
24598765,5235,0,2,0,0,0,0,0,0,0,0,0
24602409,5236,0,2,0,0,0,0,0,0,0,0,0
24606054,5237,0,2,0,0,0,0,0,0,0,0,0
24609697,5238,0,2,0,0,0,0,0,0,0,0,0
24613341,5239,0,2,0,0,0,0,0,0,0,0,0
24616985,5240,0,2,0,0,0,0,0,0,0,0,0
24620630,5241,0,2,0,0,0,0,0,0,0,0,0
24624273,5242,0,2,0,0,0,0,0,0,0,0,0
24627917,5243,0,2,0,0,0,0,0,0,0,0,0
24631561,5244,0,2,0,0,0,0,0,0,0,0,0
24635205,5245,0,2,0,0,0,0,0,0,0,0,0
24638849,5246,0,2,0,0,0,0,0,0,0,0,0
24642493,5247,0,2,0,0,0,0,0,0,0,0,0
24646137,5248,0,2,0,0,0,0,0,0,0,0,0
24649781,5249,0,2,0,0,0,0,0,0,0,0,0
24653425,5250,0,2,0,0,0,0,0,0,0,0,0
24657070,5251,0,2,0,0,0,0,0,0,0,0,0
24660713,5252,0,2,0,0,0,0,0,0,0,0,0
24664357,5253,0,2,0,0,0,0,0,0,0,0,0
24668001,5254,0,2,0,0,0,0,0,0,0,0,0
24671645,5255,0,2,0,0,0,0,0,0,0,0,0
24675289,5256,0,2,0,0,0,0,0,0,0,0,0
24678933,5257,0,2,0,0,0,0,0,0,0,0,0
24682577,5258,0,2,0,0,0,0,0,0,0,0,0
24686221,5259,0,2,0,0,0,0,0,0,0,0,0
24689865,5260,0,2,0,0,0,0,0,0,0,0,0
24693510,5261,0,2,0,0,0,0,0,0,0,0,0
24697153,5262,0,2,0,0,0,0,0,0,0,0,0
24700797,5263,0,2,0,0,0,0,0,0,0,0,0
24704441,5264,0,2,0,0,0,0,0,0,0,0,0
24708085,5265,0,2,0,0,0,0,0,0,0,0,0
24711729,5266,0,2,0,0,0,0,0,0,0,0,0
24715373,5267,0,2,0,0,0,0,0,0,0,0,0
24719017,5268,0,2,0,0,0,0,0,0,0,0,0
24722661,5269,0,2,0,0,0,0,0,0,0,0,0
24726305,5270,0,2,0,0,0,0,0,0,0,0,0
24729950,5271,0,2,0,0,0,0,0,0,0,0,0
24733593,5272,0,2,0,0,0,0,0,0,0,0,0
24737237,5273,0,2,0,0,0,0,0,0,0,0,0
24740881,5274,0,2,0,0,0,0,0,0,0,0,0
24744525,5275,0,2,0,0,0,0,0,0,0,0,0
24748169,5276,0,2,0,0,0,0,0,0,0,0,0
24751813,5277,0,2,0,0,0,0,0,0,0,0,0
24755457,5278,0,2,0,0,0,0,0,0,0,0,0
24759101,5279,0,2,0,0,0,0,0,0,0,0,0
24762745,5280,0,2,0,0,0,0,0,0,0,0,0
24766390,5281,0,2,0,0,0,0,0,0,0,0,0
24770033,5282,0,2,0,0,0,0,0,0,0,0,0
24773677,5283,0,2,0,0,0,0,0,0,0,0,0
24777321,5284,0,2,0,0,0,0,0,0,0,0,0
24780965,5285,0,2,0,0,0,0,0,0,0,0,0
24784609,5286,0,2,0,0,0,0,0,0,0,0,0
24788253,5287,0,2,0,0,0,0,0,0,0,0,0
24791897,5288,0,2,0,0,0,0,0,0,0,0,0
24795541,5289,0,2,0,0,0,0,0,0,0,0,0
24799185,5290,0,2,0,0,0,0,0,0,0,0,0
24802830,5291,0,2,0,0,0,0,0,0,0,0,0
24806473,5292,0,2,0,0,0,0,0,0,0,0,0
24810117,5293,0,2,0,0,0,0,0,0,0,0,0
24813761,5294,0,2,0,0,0,0,0,0,0,0,0
24817405,5295,0,2,0,0,0,0,0,0,0,0,0
24821049,5296,0,2,0,0,0,0,0,0,0,0,0
24824693,5297,0,2,0,0,0,0,0,0,0,0,0
24828337,5298,0,2,0,0,0,0,0,0,0,0,0
24831981,5299,0,2,0,0,0,0,0,0,0,0,0
24835625,5300,0,2,0,0,0,0,0,0,0,0,0
24839270,5301,0,2,0,0,0,0,0,0,0,0,0
24842913,5302,0,2,0,0,0,0,0,0,0,0,0
24846557,5303,0,2,0,0,0,0,0,0,0,0,0
24850201,5304,0,2,0,0,0,0,0,0,0,0,0
24853845,5305,0,2,0,0,0,0,0,0,0,0,0
24857489,5306,0,2,0,0,0,0,0,0,0,0,0
24861133,5307,0,2,0,0,0,0,0,0,0,0,0
24864777,5308,0,2,0,0,0,0,0,0,0,0,0
24868421,5309,0,2,0,0,0,0,0,0,0,0,0
24872065,5310,0,2,0,0,0,0,0,0,0,0,0
24875710,5311,0,2,0,0,0,0,0,0,0,0,0
24879353,5312,0,2,0,0,0,0,0,0,0,0,0
24882997,5313,0,2,0,0,0,0,0,0,0,0,0
24886641,5314,0,2,0,0,0,0,0,0,0,0,0
24890285,5315,0,2,0,0,0,0,0,0,0,0,0
24893929,5316,0,2,0,0,0,0,0,0,0,0,0
24897573,5317,0,2,0,0,0,0,0,0,0,0,0
24901217,5318,0,2,0,0,0,0,0,0,0,0,0
24904861,5319,0,2,0,0,0,0,0,0,0,0,0
24908505,5320,0,2,0,0,0,0,0,0,0,0,0
24912150,5321,0,2,0,0,0,0,0,0,0,0,0
24915793,5322,0,2,0,0,0,0,0,0,0,0,0
24919437,5323,0,2,0,0,0,0,0,0,0,0,0
24923082,5324,0,2,0,0,0,0,0,0,0,0,0
24926725,5325,0,2,0,0,0,0,0,0,0,0,0
24930369,5326,0,2,0,0,0,0,0,0,0,0,0
24934014,5327,0,2,0,0,0,0,0,0,0,0,0
24937657,5328,0,2,0,0,0,0,0,0,0,0,0
24941301,5329,0,2,0,0,0,0,0,0,0,0,0
24944945,5330,0,2,0,0,0,0,0,0,0,0,0
24948590,5331,0,2,0,0,0,0,0,0,0,0,0
24952233,5332,0,2,0,0,0,0,0,0,0,0,0
24955877,5333,0,2,0,0,0,0,0,0,0,0,0
24959521,5334,0,2,0,0,0,0,0,0,0,0,0
24963165,5335,0,2,0,0,0,0,0,0,0,0,0
24966809,5336,0,2,0,0,0,0,0,0,0,0,0
24970453,5337,0,2,0,0,0,0,0,0,0,0,0
24974097,5338,0,2,0,0,0,0,0,0,0,0,0
24977741,5339,0,2,0,0,0,0,0,0,0,0,0
24981385,5340,0,2,0,0,0,0,0,0,0,0,0
24985030,5341,0,2,0,0,0,0,0,0,0,0,0
24988673,5342,0,2,0,0,0,0,0,0,0,0,0
24992317,5343,0,2,0,0,0,0,0,0,0,0,0
24995961,5344,0,2,0,0,0,0,0,0,0,0,0
24999605,5345,0,2,0,0,0,0,0,0,0,0,0
25003249,5346,0,2,0,0,0,0,0,0,0,0,0
25006893,5347,0,2,0,0,0,0,0,0,0,0,0
25010537,5348,0,2,0,0,0,0,0,0,0,0,0
25014181,5349,0,2,0,0,0,0,0,0,0,0,0
25017825,5350,0,2,0,0,0,0,0,0,0,0,0
25021470,5351,0,2,0,0,0,0,0,0,0,0,0
25025113,5352,0,2,0,0,0,0,0,0,0,0,0
25028757,5353,0,2,0,0,0,0,0,0,0,0,0
25032401,5354,0,2,0,0,0,0,0,0,0,0,0
25036045,5355,0,2,0,0,0,0,0,0,0,0,0
25039689,5356,0,2,0,0,0,0,0,0,0,0,0
25043333,5357,0,2,0,0,0,0,0,0,0,0,0
25046977,5358,0,2,0,0,0,0,0,0,0,0,0
25050621,5359,0,2,0,0,0,0,0,0,0,0,0
25054265,5360,0,2,0,0,0,0,0,0,0,0,0
25057910,5361,0,2,0,0,0,0,0,0,0,0,0
25061553,5362,0,2,0,0,0,0,0,0,0,0,0
25065197,5363,0,2,0,0,0,0,0,0,0,0,0
25068841,5364,0,2,0,0,0,0,0,0,0,0,0
25072485,5365,0,2,0,0,0,0,0,0,0,0,0
25076129,5366,0,2,0,0,0,0,0,0,0,0,0
25079773,5367,0,2,0,0,0,0,0,0,0,0,0
25083417,5368,0,2,0,0,0,0,0,0,0,0,0
25087062,5369,0,2,0,0,0,0,0,0,0,0,0
25090705,5370,0,2,0,0,0,0,0,0,0,0,0
25094350,5371,0,2,0,0,0,0,0,0,0,0,0
25097993,5372,0,2,0,0,0,0,0,0,0,0,0
25101637,5373,0,2,0,0,0,0,0,0,0,0,0
25105281,5374,0,2,0,0,0,0,0,0,0,0,0
25108925,5375,0,2,0,0,0,0,0,0,0,0,0
25112569,5376,0,2,0,0,0,0,0,0,0,0,0
25116213,5377,0,2,0,0,0,0,0,0,0,0,0
25119857,5378,0,2,0,0,0,0,0,0,0,0,0
25123501,5379,0,2,0,0,0,0,0,0,0,0,0
25127145,5380,0,2,0,0,0,0,0,0,0,0,0
25130790,5381,0,2,0,0,0,0,0,0,0,0,0
25134433,5382,0,2,0,0,0,0,0,0,0,0,0
25138077,5383,0,2,0,0,0,0,0,0,0,0,0
25141721,5384,0,2,0,0,0,0,0,0,0,0,0
25145365,5385,0,2,0,0,0,0,0,0,0,0,0
25149009,5386,0,2,0,0,0,0,0,0,0,0,0
25152653,5387,0,2,0,0,0,0,0,0,0,0,0
25156297,5388,0,2,0,0,0,0,0,0,0,0,0
25159941,5389,0,2,0,0,0,0,0,0,0,0,0
25163585,5390,0,2,0,0,0,0,0,0,0,0,0
25167230,5391,0,2,0,0,0,0,0,0,0,0,0
25170873,5392,0,2,0,0,0,0,0,0,0,0,0
25174517,5393,0,2,0,0,0,0,0,0,0,0,0
25178161,5394,0,2,0,0,0,0,0,0,0,0,0
25181805,5395,0,2,0,0,0,0,0,0,0,0,0
25185449,5396,0,2,0,0,0,0,0,0,0,0,0
25189093,5397,0,2,0,0,0,0,0,0,0,0,0
25192737,5398,0,2,0,0,0,0,0,0,0,0,0
25196381,5399,0,2,0,0,0,0,0,0,0,0,0
25200026,5400,0,2,0,0,0,0,0,0,0,0,0
25203670,5401,0,2,0,0,0,0,0,0,0,0,0
25207313,5402,0,2,0,0,0,0,0,0,0,0,0
25210957,5403,0,2,0,0,0,0,0,0,0,0,0
25214601,5404,0,2,0,0,0,0,0,0,0,0,0
25218245,5405,0,2,0,0,0,0,0,0,0,0,0
25221889,5406,0,2,0,0,0,0,0,0,0,0,0
25225533,5407,0,2,0,0,0,0,0,0,0,0,0
25229177,5408,0,2,0,0,0,0,0,0,0,0,0
25232821,5409,0,2,0,0,0,0,0,0,0,0,0
25236465,5410,0,2,0,0,0,0,0,0,0,0,0
25240110,5411,0,2,0,0,0,0,0,0,0,0,0
25243753,5412,0,2,0,0,0,0,0,0,0,0,0
25247397,5413,0,2,0,0,0,0,0,0,0,0,0
25251041,5414,0,2,0,0,0,0,0,0,0,0,0
25254685,5415,0,2,0,0,0,0,0,0,0,0,0
25258329,5416,0,2,0,0,0,0,0,0,0,0,0
25261973,5417,0,2,0,0,0,0,0,0,0,0,0
25265617,5418,0,2,0,0,0,0,0,0,0,0,0
25269261,5419,0,2,0,0,0,0,0,0,0,0,0
25272905,5420,0,2,0,0,0,0,0,0,0,0,0
25276550,5421,0,2,0,0,0,0,0,0,0,0,0
25280193,5422,0,2,0,0,0,0,0,0,0,0,0
25283837,5423,0,2,0,0,0,0,0,0,0,0,0
25287481,5424,0,2,0,0,0,0,0,0,0,0,0
25291125,5425,0,2,0,0,0,0,0,0,0,0,0
25294769,5426,0,2,0,0,0,0,0,0,0,0,0
25298413,5427,0,2,0,0,0,0,0,0,0,0,0
25302057,5428,0,2,0,0,0,0,0,0,0,0,0
25305701,5429,0,2,0,0,0,0,0,0,0,0,0
25309345,5430,0,2,0,0,0,0,0,0,0,0,0
25312990,5431,0,2,0,0,0,0,0,0,0,0,0
25316633,5432,0,2,0,0,0,0,0,0,0,0,0
25320277,5433,0,2,0,0,0,0,0,0,0,0,0
25323921,5434,0,2,0,0,0,0,0,0,0,0,0
25327565,5435,0,2,0,0,0,0,0,0,0,0,0
25331209,5436,0,2,0,0,0,0,0,0,0,0,0
25334853,5437,0,2,0,0,0,0,0,0,0,0,0
25338497,5438,0,2,0,0,0,0,0,0,0,0,0
25342141,5439,0,2,0,0,0,0,0,0,0,0,0
25345785,5440,0,2,0,0,0,0,0,0,0,0,0
25349430,5441,0,2,0,0,0,0,0,0,0,0,0
25353073,5442,0,2,0,0,0,0,0,0,0,0,0
25356717,5443,0,2,0,0,0,0,0,0,0,0,0
25360361,5444,0,2,0,0,0,0,0,0,0,0,0
25364005,5445,0,2,0,0,0,0,0,0,0,0,0
25367649,5446,0,2,0,0,0,0,0,0,0,0,0
25371293,5447,0,2,0,0,0,0,0,0,0,0,0
25374937,5448,0,2,0,0,0,0,0,0,0,0,0
25383864,5449,0,2,0,0,0,0,0,0,0,0,0
25387496,5450,0,2,0,0,0,0,0,0,0,0,0
25391141,5451,0,2,0,0,0,0,0,0,0,0,0
25394784,5452,0,2,0,0,0,0,0,0,0,0,0
25398428,5453,0,2,0,0,0,0,0,0,0,0,0
25402073,5454,0,2,0,0,0,0,0,0,0,0,0
25405716,5455,0,2,0,0,0,0,0,0,0,0,0
25409360,5456,0,2,0,0,0,0,0,0,0,0,0
25413004,5457,0,2,0,0,0,0,0,0,0,0,0
25416648,5458,0,2,0,0,0,0,0,0,0,0,0
25420292,5459,0,2,0,0,0,0,0,0,0,0,0
25423936,5460,0,2,0,0,0,0,0,0,0,0,0
25427581,5461,0,2,0,0,0,0,0,0,0,0,0
25431224,5462,0,2,0,0,0,0,0,0,0,0,0
25434868,5463,0,2,0,0,0,0,0,0,0,0,0
25438512,5464,0,2,0,0,0,0,0,0,0,0,0
25442156,5465,0,2,0,0,0,0,0,0,0,0,0
25445800,5466,0,2,0,0,0,0,0,0,0,0,0
25449444,5467,0,2,0,0,0,0,0,0,0,0,0
25453088,5468,0,2,0,0,0,0,0,0,0,0,0
25456732,5469,0,2,0,0,0,0,0,0,0,0,0
25460376,5470,0,2,0,0,0,0,0,0,0,0,0
25464021,5471,0,2,0,0,0,0,0,0,0,0,0
25467664,5472,0,2,0,0,0,0,0,0,0,0,0
25471308,5473,0,2,0,0,0,0,0,0,0,0,0
25474952,5474,0,2,0,0,0,0,0,0,0,0,0
25478596,5475,0,2,0,0,0,0,0,0,0,0,0
25482240,5476,0,2,0,0,0,0,0,0,0,0,0
25485884,5477,0,2,0,0,0,0,0,0,0,0,0
25489528,5478,0,2,0,0,0,0,0,0,0,0,0
25493172,5479,0,2,0,0,0,0,0,0,0,0,0
25496816,5480,0,2,0,0,0,0,0,0,0,0,0
25500461,5481,0,2,0,0,0,0,0,0,0,0,0
25504104,5482,0,2,0,0,0,0,0,0,0,0,0
25507748,5483,0,2,0,0,0,0,0,0,0,0,0
25511392,5484,0,2,0,0,0,0,0,0,0,0,0
25515036,5485,0,2,0,0,0,0,0,0,0,0,0
25518680,5486,0,2,0,0,0,0,0,0,0,0,0
25522324,5487,0,2,0,0,0,0,0,0,0,0,0
25525968,5488,0,2,0,0,0,0,0,0,0,0,0
25529612,5489,0,2,0,0,0,0,0,0,0,0,0
25533256,5490,0,2,0,0,0,0,0,0,0,0,0
25536901,5491,0,2,0,0,0,0,0,0,0,0,0
25540544,5492,0,2,0,0,0,0,0,0,0,0,0
25544188,5493,0,2,0,0,0,0,0,0,0,0,0
25547832,5494,0,2,0,0,0,0,0,0,0,0,0
25551476,5495,0,2,0,0,0,0,0,0,0,0,0
25555120,5496,0,2,0,0,0,0,0,0,0,0,0
25558764,5497,0,2,0,0,0,0,0,0,0,0,0
25562408,5498,0,2,0,0,0,0,0,0,0,0,0
25566053,5499,0,2,0,0,0,0,0,0,0,0,0
25569696,5500,0,2,0,0,0,0,0,0,0,0,0
25573341,5501,0,2,0,0,0,0,0,0,0,0,0
25576984,5502,0,2,0,0,0,0,0,0,0,0,0
25580628,5503,0,2,0,0,0,0,0,0,0,0,0
25584272,5504,0,2,0,0,0,0,0,0,0,0,0
25587916,5505,0,2,0,0,0,0,0,0,0,0,0
25591560,5506,0,2,0,0,0,0,0,0,0,0,0
25595204,5507,0,2,0,0,0,0,0,0,0,0,0
25598848,5508,0,2,0,0,0,0,0,0,0,0,0
25602492,5509,0,2,0,0,0,0,0,0,0,0,0
25606136,5510,0,2,0,0,0,0,0,0,0,0,0
25609781,5511,0,2,0,0,0,0,0,0,0,0,0
25613424,5512,0,2,0,0,0,0,0,0,0,0,0
25617068,5513,0,2,0,0,0,0,0,0,0,0,0
25620712,5514,0,2,0,0,0,0,0,0,0,0,0
25624356,5515,0,2,0,0,0,0,0,0,0,0,0
25628000,5516,0,2,0,0,0,0,0,0,0,0,0
25631644,5517,0,2,0,0,0,0,0,0,0,0,0
25635288,5518,0,2,0,0,0,0,0,0,0,0,0
25638932,5519,0,2,0,0,0,0,0,0,0,0,0
25642576,5520,0,2,0,0,0,0,0,0,0,0,0
25646221,5521,0,2,0,0,0,0,0,0,0,0,0
25649864,5522,0,2,0,0,0,0,0,0,0,0,0
25653508,5523,0,2,0,0,0,0,0,0,0,0,0
25657152,5524,0,2,0,0,0,0,0,0,0,0,0
25660796,5525,0,2,0,0,0,0,0,0,0,0,0
25664440,5526,0,2,0,0,0,0,0,0,0,0,0
25668084,5527,0,2,0,0,0,0,0,0,0,0,0
25671728,5528,0,2,0,0,0,0,0,0,0,0,0
25675372,5529,0,2,0,0,0,0,0,0,0,0,0
25679016,5530,0,2,0,0,0,0,0,0,0,0,0
25682661,5531,0,2,0,0,0,0,0,0,0,0,0
25686304,5532,0,2,0,0,0,0,0,0,0,0,0
25689948,5533,0,2,0,0,0,0,0,0,0,0,0
25693592,5534,0,2,0,0,0,0,0,0,0,0,0
25697236,5535,0,2,0,0,0,0,0,0,0,0,0
25700880,5536,0,2,0,0,0,0,0,0,0,0,0
25704524,5537,0,2,0,0,0,0,0,0,0,0,0
25708168,5538,0,2,0,0,0,0,0,0,0,0,0
25711812,5539,0,2,0,0,0,0,0,0,0,0,0
25715456,5540,0,2,0,0,0,0,0,0,0,0,0
25719101,5541,0,2,0,0,0,0,0,0,0,0,0
25722744,5542,0,2,0,0,0,0,0,0,0,0,0
25726388,5543,0,2,0,0,0,0,0,0,0,0,0
25730033,5544,0,2,0,0,0,0,0,0,0,0,0
25733676,5545,0,2,0,0,0,0,0,0,0,0,0
25737320,5546,0,2,0,0,0,0,0,0,0,0,0
25740964,5547,0,2,0,0,0,0,0,0,0,0,0
25744608,5548,0,2,0,0,0,0,0,0,0,0,0
25748252,5549,0,2,0,0,0,0,0,0,0,0,0
25751896,5550,0,2,0,0,0,0,0,0,0,0,0
25755541,5551,0,2,0,0,0,0,0,0,0,0,0
25759184,5552,0,2,0,0,0,0,0,0,0,0,0
25762828,5553,0,2,0,0,0,0,0,0,0,0,0
25766472,5554,0,2,0,0,0,0,0,0,0,0,0
25770116,5555,0,2,0,0,0,0,0,0,0,0,0
25773760,5556,0,2,0,0,0,0,0,0,0,0,0
25777404,5557,0,2,0,0,0,0,0,0,0,0,0
25781048,5558,0,2,0,0,0,0,0,0,0,0,0
25784692,5559,0,2,0,0,0,0,0,0,0,0,0
25788336,5560,0,2,0,0,0,0,0,0,0,0,0
25791981,5561,0,2,0,0,0,0,0,0,0,0,0
25795624,5562,0,2,0,0,0,0,0,0,0,0,0
25799268,5563,0,2,0,0,0,0,0,0,0,0,0
25802912,5564,0,2,0,0,0,0,0,0,0,0,0
25806556,5565,0,2,0,0,0,0,0,0,0,0,0
25810200,5566,0,2,0,0,0,0,0,0,0,0,0
25813844,5567,0,2,0,0,0,0,0,0,0,0,0
25817488,5568,0,2,0,0,0,0,0,0,0,0,0
25821132,5569,0,2,0,0,0,0,0,0,0,0,0
25824776,5570,0,2,0,0,0,0,0,0,0,0,0
25828421,5571,0,2,0,0,0,0,0,0,0,0,0
25832064,5572,0,2,0,0,0,0,0,0,0,0,0
25835708,5573,0,2,0,0,0,0,0,0,0,0,0
25839352,5574,0,2,0,0,0,0,0,0,0,0,0
25842996,5575,0,2,0,0,0,0,0,0,0,0,0
25846640,5576,0,2,0,0,0,0,0,0,0,0,0
25850284,5577,0,2,0,0,0,0,0,0,0,0,0
25853928,5578,0,2,0,0,0,0,0,0,0,0,0
25857572,5579,0,2,0,0,0,0,0,0,0,0,0
25861216,5580,0,2,0,0,0,0,0,0,0,0,0
25864861,5581,0,2,0,0,0,0,0,0,0,0,0
25868504,5582,0,2,0,0,0,0,0,0,0,0,0
25872148,5583,0,2,0,0,0,0,0,0,0,0,0
25875792,5584,0,2,0,0,0,0,0,0,0,0,0
25879436,5585,0,2,0,0,0,0,0,0,0,0,0
25883081,5586,0,2,0,0,0,0,0,0,0,0,0
25886724,5587,0,2,0,0,0,0,0,0,0,0,0
25890368,5588,0,2,0,0,0,0,0,0,0,0,0
25894012,5589,0,2,0,0,0,0,0,0,0,0,0
25897656,5590,0,2,0,0,0,0,0,0,0,0,0
25901301,5591,0,2,0,0,0,0,0,0,0,0,0
25904944,5592,0,2,0,0,0,0,0,0,0,0,0
25908588,5593,0,2,0,0,0,0,0,0,0,0,0
25912232,5594,0,2,0,0,0,0,0,0,0,0,0
25915876,5595,0,2,0,0,0,0,0,0,0,0,0
25919520,5596,0,2,0,0,0,0,0,0,0,0,0
25923164,5597,0,2,0,0,0,0,0,0,0,0,0
25926808,5598,0,2,0,0,0,0,0,0,0,0,0
25930452,5599,0,2,0,0,0,0,0,0,0,0,0
25934097,5600,0,2,0,0,0,0,0,0,0,0,0
25937741,5601,0,2,0,0,0,0,0,0,0,0,0
25941384,5602,0,2,0,0,0,0,0,0,0,0,0
25945028,5603,0,2,0,0,0,0,0,0,0,0,0
25948672,5604,0,2,0,0,0,0,0,0,0,0,0
25952316,5605,0,2,0,0,0,0,0,0,0,0,0
25955960,5606,0,2,0,0,0,0,0,0,0,0,0
25959604,5607,0,2,0,0,0,0,0,0,0,0,0
25963248,5608,0,2,0,0,0,0,0,0,0,0,0
25966892,5609,0,2,0,0,0,0,0,0,0,0,0
25970536,5610,0,2,0,0,0,0,0,0,0,0,0
25974181,5611,0,2,0,0,0,0,0,0,0,0,0
25977824,5612,0,2,0,0,0,0,0,0,0,0,0
25981468,5613,0,2,0,0,0,0,0,0,0,0,0
25985112,5614,0,2,0,0,0,0,0,0,0,0,0
25988756,5615,0,2,0,0,0,0,0,0,0,0,0
25992400,5616,0,2,0,0,0,0,0,0,0,0,0
25996044,5617,0,2,0,0,0,0,0,0,0,0,0
25999688,5618,0,2,0,0,0,0,0,0,0,0,0
26003332,5619,0,2,0,0,0,0,0,0,0,0,0
26006976,5620,0,2,0,0,0,0,0,0,0,0,0
26010621,5621,0,2,0,0,0,0,0,0,0,0,0
26014264,5622,0,2,0,0,0,0,0,0,0,0,0
26017908,5623,0,2,0,0,0,0,0,0,0,0,0
26021552,5624,0,2,0,0,0,0,0,0,0,0,0
26025196,5625,0,2,0,0,0,0,0,0,0,0,0
26028840,5626,0,2,0,0,0,0,0,0,0,0,0
26032484,5627,0,2,0,0,0,0,0,0,0,0,0
26036128,5628,0,2,0,0,0,0,0,0,0,0,0
26039772,5629,0,2,0,0,0,0,0,0,0,0,0
26043416,5630,0,2,0,0,0,0,0,0,0,0,0
26047061,5631,0,2,0,0,0,0,0,0,0,0,0
26050704,5632,0,2,0,0,0,0,0,0,0,0,0
26054348,5633,0,2,0,0,0,0,0,0,0,0,0
26057992,5634,0,2,0,0,0,0,0,0,0,0,0
26061636,5635,0,2,0,0,0,0,0,0,0,0,0
26065280,5636,0,2,0,0,0,0,0,0,0,0,0
26068924,5637,0,2,0,0,0,0,0,0,0,0,0
26072568,5638,0,2,0,0,0,0,0,0,0,0,0
26076212,5639,0,2,0,0,0,0,0,0,0,0,0
26079856,5640,0,2,0,0,0,0,0,0,0,0,0
26083500,5641,0,2,0,0,0,0,0,0,0,0,0
26087144,5642,0,2,0,0,0,0,0,0,0,0,0
26090788,5643,0,2,0,0,0,0,0,0,0,0,0
26094432,5644,0,2,0,0,0,0,0,0,0,0,0
26098077,5645,0,2,0,0,0,0,0,0,0,0,0
26101720,5646,0,2,0,0,0,0,0,0,0,0,0
26105364,5647,0,2,0,0,0,0,0,0,0,0,0
26109008,5648,0,2,0,0,0,0,0,0,0,0,0
26112652,5649,0,2,0,0,0,0,0,0,0,0,0
26116296,5650,0,2,0,0,0,0,0,0,0,0,0
26119941,5651,0,2,0,0,0,0,0,0,0,0,0
26123584,5652,0,2,0,0,0,0,0,0,0,0,0
26127228,5653,0,2,0,0,0,0,0,0,0,0,0
26130872,5654,0,2,0,0,0,0,0,0,0,0,0
26134516,5655,0,2,0,0,0,0,0,0,0,0,0
26138160,5656,0,2,0,0,0,0,0,0,0,0,0
26141804,5657,0,2,0,0,0,0,0,0,0,0,0
26145448,5658,0,2,0,0,0,0,0,0,0,0,0
26149093,5659,0,2,0,0,0,0,0,0,0,0,0
26152736,5660,0,2,0,0,0,0,0,0,0,0,0
26156381,5661,0,2,0,0,0,0,0,0,0,0,0
26160024,5662,0,2,0,0,0,0,0,0,0,0,0
26163668,5663,0,2,0,0,0,0,0,0,0,0,0
26167312,5664,0,2,0,0,0,0,0,0,0,0,0
26170956,5665,0,2,0,0,0,0,0,0,0,0,0
26174600,5666,0,2,0,0,0,0,0,0,0,0,0
26178244,5667,0,2,0,0,0,0,0,0,0,0,0
26181888,5668,0,2,0,0,0,0,0,0,0,0,0
26185532,5669,0,2,0,0,0,0,0,0,0,0,0
26189176,5670,0,2,0,0,0,0,0,0,0,0,0
26192821,5671,0,2,0,0,0,0,0,0,0,0,0
26196464,5672,0,2,0,0,0,0,0,0,0,0,0
26200108,5673,0,2,0,0,0,0,0,0,0,0,0
26203752,5674,0,2,0,0,0,0,0,0,0,0,0
