timestamp_us,seq,valid_mask,status_bits,solenoid_state,payload0_centi_psi,payload1_centi_psi,payload2_centi_psi,payload3_centi_psi,payload4_centi_psi,payload5_centi_psi,raw_adc0,raw_adc1,raw_adc2,raw_adc3,raw_adc4,raw_adc5
8904002,0,48,2,0,0,0,0,0,0,0,0,0,0,0,9,65533
8921227,1,32,2,0,0,0,0,0,0,0,0,0,0,0,9,0
8930168,2,32,2,0,0,0,0,0,0,0,0,0,0,0,9,0
8939121,3,32,2,0,0,0,0,0,0,0,0,0,0,0,9,0
8948074,4,32,2,0,0,0,0,0,0,0,0,0,0,0,9,0
8957027,5,48,2,0,0,0,0,0,0,0,0,0,0,0,0,0
8967709,6,32,2,0,0,0,0,0,0,0,0,0,0,0,0,0
8976662,7,32,2,0,0,0,0,0,0,0,0,0,0,0,0,0
8985615,8,32,2,0,0,0,0,0,0,0,0,0,0,0,0,0
8994568,9,32,2,0,0,0,0,0,0,0,0,0,0,0,0,0
9003521,10,48,2,0,0,0,0,0,0,0,0,0,0,0,0,0
9014204,11,32,2,0,0,0,0,0,0,0,0,0,0,0,0,0
9023156,12,32,2,0,0,0,0,0,0,0,0,0,0,0,0,0
9032109,13,32,2,0,0,0,0,0,0,0,0,0,0,0,0,0
9041062,14,32,2,0,0,0,0,0,0,0,0,0,0,0,0,0
9050015,15,48,2,0,0,0,0,0,0,0,0,0,0,0,0,0
9060697,16,32,2,0,0,0,0,0,0,0,0,0,0,0,0,0
9069650,17,32,2,0,0,0,0,0,0,0,0,0,0,0,0,0
9078603,18,32,2,0,0,0,0,0,0,0,0,0,0,0,0,0
9087556,19,32,2,0,0,0,0,0,0,0,0,0,0,0,0,0
9096510,20,48,2,0,0,0,0,0,0,0,0,0,0,0,0,0
9107191,21,32,2,0,0,0,0,0,0,0,0,0,0,0,0,0
9116144,22,32,2,0,0,0,0,0,0,0,0,0,0,0,0,0
9125097,23,32,2,0,0,0,0,0,0,0,0,0,0,0,0,0
9134050,24,32,2,0,0,0,0,0,0,0,0,0,0,0,0,0
9143003,25,48,2,0,0,0,0,0,0,0,0,0,0,0,0,0
9153685,26,32,2,0,0,0,0,0,0,0,0,0,0,0,0,0
9162638,27,32,2,0,0,0,0,0,0,0,0,0,0,0,0,0
9171591,28,32,2,0,0,0,0,0,0,0,0,0,0,0,0,0
9180544,29,32,2,0,0,0,0,0,0,0,0,0,0,0,0,0
9189497,30,48,2,0,0,0,0,0,0,0,0,0,0,0,0,0
9200180,31,32,2,0,0,0,0,0,0,0,0,0,0,0,0,0
9209132,32,32,2,0,0,0,0,0,0,0,0,0,0,0,0,0
9218085,33,32,2,0,0,0,0,0,0,0,0,0,0,0,0,0
9227038,34,32,2,0,0,0,0,0,0,0,0,0,0,0,0,0
9235991,35,48,2,0,0,0,0,0,0,0,0,0,0,0,0,0
9246673,36,32,2,0,0,0,0,0,0,0,0,0,0,0,0,0
9255626,37,32,2,0,0,0,0,0,0,0,0,0,0,0,0,0
9264579,38,32,2,0,0,0,0,0,0,0,0,0,0,0,0,0
9273532,39,32,2,0,0,0,0,0,0,0,0,0,0,0,0,0
9282485,40,48,2,0,0,0,0,0,0,0,0,0,0,0,0,0
9293168,41,32,2,0,0,0,0,0,0,0,0,0,0,0,0,0
9302120,42,32,2,0,0,0,0,0,0,0,0,0,0,0,0,0
9311073,43,32,2,0,0,0,0,0,0,0,0,0,0,0,0,0
9320027,44,32,2,0,0,0,0,0,0,0,0,0,0,0,0,0
9328979,45,48,2,0,0,0,0,0,0,0,0,0,0,0,0,0
9339661,46,32,2,0,0,0,0,0,0,0,0,0,0,0,0,0
9348614,47,32,2,0,0,0,0,0,0,0,0,0,0,0,0,0
9357567,48,32,2,0,0,0,0,0,0,0,0,0,0,0,0,0
9366520,49,32,2,0,0,0,0,0,0,0,0,0,0,0,0,0
9375473,50,48,2,0,0,0,0,0,0,0,0,0,0,0,0,0
9386156,51,32,2,0,0,0,0,0,0,0,0,0,0,0,0,0
9395108,52,32,2,0,0,0,0,0,0,0,0,0,0,0,0,0
9404061,53,32,2,0,0,0,0,0,0,0,0,0,0,0,0,0
9413014,54,32,2,0,0,0,0,0,0,0,0,0,0,0,0,0
9421967,55,48,2,0,0,0,0,0,0,0,0,0,0,0,0,0
9432649,56,32,2,0,0,0,0,0,0,0,0,0,0,0,0,0
9441602,57,32,2,0,0,0,0,0,0,0,0,0,0,0,0,0
9450556,58,32,2,0,0,0,0,0,0,0,0,0,0,0,0,0
9459508,59,32,2,0,0,0,0,0,0,0,0,0,0,0,0,0
9468461,60,48,2,0,0,0,0,0,0,0,0,0,0,0,0,0
9479143,61,32,2,0,0,0,0,0,0,0,0,0,0,0,0,0
9488096,62,32,2,0,0,0,0,0,0,0,0,0,0,0,0,0
9497049,63,32,2,0,0,0,0,0,0,0,0,0,0,0,0,0
9506002,64,32,2,0,0,0,0,0,0,0,0,0,0,0,0,0
9514955,65,48,2,0,0,0,0,0,0,0,0,0,0,0,0,0
9525637,66,32,2,0,0,0,0,0,0,0,0,0,0,0,0,0
9534590,67,32,2,0,0,0,0,0,0,0,0,0,0,0,0,0
9543543,68,32,2,0,0,0,0,0,0,0,0,0,0,0,0,0
9552496,69,32,2,0,0,0,0,0,0,0,0,0,0,0,0,0
9561449,70,48,2,0,0,0,0,0,0,0,0,0,0,0,0,0
9572132,71,32,2,0,0,0,0,0,0,0,0,0,0,0,0,0
9581084,72,32,2,0,0,0,0,0,0,0,0,0,0,0,0,0
9590037,73,32,2,0,0,0,0,0,0,0,0,0,0,0,0,0
9598990,74,32,2,0,0,0,0,0,0,0,0,0,0,0,0,0
9607943,75,48,2,0,0,0,0,0,0,0,0,0,0,0,0,0
9618625,76,32,2,0,0,0,0,0,0,0,0,0,0,0,0,0
9627578,77,32,2,0,0,0,0,0,0,0,0,0,0,0,0,0
9636531,78,32,2,0,0,0,0,0,0,0,0,0,0,0,0,0
9645484,79,32,2,0,0,0,0,0,0,0,0,0,0,0,0,0
9654437,80,48,2,0,0,0,0,0,0,0,0,0,0,0,0,0
9665120,81,32,2,0,0,0,0,0,0,0,0,0,0,0,0,0
9674072,82,32,2,0,0,0,0,0,0,0,0,0,0,0,0,0
9683025,83,32,2,0,0,0,0,0,0,0,0,0,0,0,0,0
9691978,84,32,2,0,0,0,0,0,0,0,0,0,0,0,0,0
9700931,85,48,2,0,0,0,0,0,0,0,0,0,0,0,0,0
9711613,86,32,2,0,0,0,0,0,0,0,0,0,0,0,0,0
9720567,87,32,2,0,0,0,0,0,0,0,0,0,0,0,0,0
9729519,88,32,2,0,0,0,0,0,0,0,0,0,0,0,0,0
9738472,89,32,2,0,0,0,0,0,0,0,0,0,0,0,0,0
9747425,90,48,2,0,0,0,0,0,0,0,0,0,0,0,0,0
9758108,91,32,2,0,0,0,0,0,0,0,0,0,0,0,0,0
9767060,92,32,2,0,0,0,0,0,0,0,0,0,0,0,0,0
9776013,93,32,2,0,0,0,0,0,0,0,0,0,0,0,0,0
9784966,94,32,2,0,0,0,0,0,0,0,0,0,0,0,0,0
9793919,95,48,2,0,0,0,0,0,0,0,0,0,0,0,0,0
9804601,96,32,2,0,0,0,0,0,0,0,0,0,0,0,0,0
9813554,97,32,2,0,0,0,0,0,0,0,0,0,0,0,0,0
9822507,98,32,2,0,0,0,0,0,0,0,0,0,0,0,0,0
9831460,99,32,2,0,0,0,0,0,0,0,0,0,0,0,0,0
9840413,100,48,2,0,0,0,0,0,0,0,0,0,0,0,0,0
9851096,101,32,2,0,0,0,0,0,0,0,0,0,0,0,0,0
9860048,102,32,2,0,0,0,0,0,0,0,0,0,0,0,0,0
9869001,103,32,2,0,0,0,0,0,0,0,0,0,0,0,0,0
9877954,104,32,2,0,0,0,0,0,0,0,0,0,0,0,0,0
9886907,105,48,2,0,0,0,0,0,0,0,0,0,0,0,0,0
9897589,106,32,2,0,0,0,0,0,0,0,0,0,0,0,0,0
9906542,107,32,2,0,0,0,0,0,0,0,0,0,0,0,0,0
9915495,108,32,2,0,0,0,0,0,0,0,0,0,0,0,0,0
9924448,109,32,2,0,0,0,0,0,0,0,0,0,0,0,0,0
9933401,110,48,2,0,0,0,0,0,0,0,0,0,0,0,0,0
9944083,111,32,2,0,0,0,0,0,0,0,0,0,0,0,0,0
9953037,112,32,2,0,0,0,0,0,0,0,0,0,0,0,0,0
9961990,113,32,2,0,0,0,0,0,0,0,0,0,0,0,0,0
9970942,114,32,2,0,0,0,0,0,0,0,0,0,0,0,0,0
9979895,115,48,2,0,0,0,0,0,0,0,0,0,0,0,0,0
9990577,116,32,2,0,0,0,0,0,0,0,0,0,0,0,0,0
9999530,117,32,2,0,0,0,0,0,0,0,0,0,0,0,0,0
10008483,118,32,2,0,0,0,0,0,0,0,0,0,0,0,0,0
10017436,119,32,2,0,0,0,0,0,0,0,0,0,0,0,0,0
10026389,120,48,2,0,0,0,0,0,0,0,0,0,0,0,0,0
10037072,121,32,2,0,0,0,0,0,0,0,0,0,0,0,0,0
10046024,122,32,2,0,0,0,0,0,0,0,0,0,0,0,0,0
10054977,123,32,2,0,0,0,0,0,0,0,0,0,0,0,0,0
10063930,124,32,2,0,0,0,0,0,0,0,0,0,0,0,0,0
10072883,125,48,2,0,0,0,0,0,0,0,0,0,0,0,0,0
10083565,126,32,2,0,0,0,0,0,0,0,0,0,0,0,0,0
10092518,127,32,2,0,0,0,0,0,0,0,0,0,0,0,0,0
10101471,128,32,2,0,0,0,0,0,0,0,0,0,0,0,0,0
10110424,129,32,2,0,0,0,0,0,0,0,0,0,0,0,0,0
10119377,130,48,2,0,0,0,0,0,0,0,0,0,0,0,0,0
10130060,131,32,2,0,0,0,0,0,0,0,0,0,0,0,0,0
10139012,132,32,2,0,0,0,0,0,0,0,0,0,0,0,0,0
10147965,133,32,2,0,0,0,0,0,0,0,0,0,0,0,0,0
10156918,134,32,2,0,0,0,0,0,0,0,0,0,0,0,0,0
10165871,135,48,2,0,0,0,0,0,0,0,0,0,0,0,0,0
10176553,136,32,2,0,0,0,0,0,0,0,0,0,0,0,0,0
10185506,137,32,2,0,0,0,0,0,0,0,0,0,0,0,0,0
10194459,138,32,2,0,0,0,0,0,0,0,0,0,0,0,0,0
10203412,139,32,2,0,0,0,0,0,0,0,0,0,0,0,0,0
10212366,140,48,2,0,0,0,0,0,0,0,0,0,0,0,0,0
10223047,141,32,2,0,0,0,0,0,0,0,0,0,0,0,0,0
10232000,142,32,2,0,0,0,0,0,0,0,0,0,0,0,0,0
10240954,143,32,2,0,0,0,0,0,0,0,0,0,0,0,0,0
10249906,144,32,2,0,0,0,0,0,0,0,0,0,0,0,0,0
10258859,145,48,2,0,0,0,0,0,0,0,0,0,0,0,0,0
10269541,146,32,2,0,0,0,0,0,0,0,0,0,0,0,0,0
10278494,147,32,2,0,0,0,0,0,0,0,0,0,0,0,0,0
10287447,148,32,2,0,0,0,0,0,0,0,0,0,0,0,0,0
10296400,149,32,2,0,0,0,0,0,0,0,0,0,0,0,0,0
10305353,150,48,2,0,0,0,0,0,0,0,0,0,0,0,0,0
10316036,151,32,2,0,0,0,0,0,0,0,0,0,0,0,0,0
10324988,152,32,2,0,0,0,0,0,0,0,0,0,0,0,0,0
10333941,153,32,2,0,0,0,0,0,0,0,0,0,0,0,0,0
10342895,154,32,2,0,0,0,0,0,0,0,0,0,0,0,0,0
10351847,155,48,2,0,0,0,0,0,0,0,0,0,0,0,0,0
10362529,156,32,2,0,0,0,0,0,0,0,0,0,0,0,0,0
10371483,157,32,2,0,0,0,0,0,0,0,0,0,0,0,0,0
10380435,158,32,2,0,0,0,0,0,0,0,0,0,0,0,0,0
10389388,159,32,2,0,0,0,0,0,0,0,0,0,0,0,0,0
10398342,160,48,2,0,0,0,0,0,0,0,0,0,0,0,0,0
10409024,161,32,2,0,0,0,0,0,0,0,0,0,0,0,0,0
10417976,162,32,2,0,0,0,0,0,0,0,0,0,0,0,0,0
10426930,163,32,2,0,0,0,0,0,0,0,0,0,0,0,0,0
10435882,164,32,2,0,0,0,0,0,0,0,0,0,0,0,0,0
10444835,165,48,2,0,0,0,0,0,0,0,0,0,0,0,0,0
10455517,166,32,2,0,0,0,0,0,0,0,0,0,0,0,0,0
10464470,167,32,2,0,0,0,0,0,0,0,0,0,0,0,0,0
10473423,168,32,2,0,0,0,0,0,0,0,0,0,0,0,0,0
10482376,169,32,2,0,0,0,0,0,0,0,0,0,0,0,0,0
10491329,170,48,2,0,0,0,0,0,0,0,0,0,0,0,0,0
10513007,171,32,2,0,0,0,0,0,0,0,0,0,0,0,0,0
10521948,172,32,2,0,0,0,0,0,0,0,0,0,0,0,0,0
10530901,173,32,2,0,0,0,0,0,0,0,0,0,0,0,0,0
10539854,174,32,2,0,0,0,0,0,0,0,0,0,0,0,0,0
10548807,175,48,2,0,0,0,0,0,0,0,0,0,0,0,0,0
10559489,176,32,2,0,0,0,0,0,0,0,0,0,0,0,0,0
10568442,177,32,2,0,0,0,0,0,0,0,0,0,0,0,0,0
10577396,178,32,2,0,0,0,0,0,0,0,0,0,0,0,0,0
10586348,179,32,2,0,0,0,0,0,0,0,0,0,0,0,0,0
10595301,180,48,2,0,0,0,0,0,0,0,0,0,0,0,0,0
10605983,181,32,2,0,0,0,0,0,0,0,0,0,0,0,0,0
10614936,182,32,2,0,0,0,0,0,0,0,0,0,0,0,0,0
10623889,183,32,2,0,0,0,0,0,0,0,0,0,0,0,0,0
10632842,184,32,2,0,0,0,0,0,0,0,0,0,0,0,0,0
10641795,185,48,2,0,0,0,0,0,0,0,0,0,0,0,0,0
10652477,186,32,2,0,0,0,0,0,0,0,0,0,0,0,0,0
10661430,187,32,2,0,0,0,0,0,0,0,0,0,0,0,0,0
10670383,188,32,2,0,0,0,0,0,0,0,0,0,0,0,0,0
10679336,189,32,2,0,0,0,0,0,0,0,0,0,0,0,0,0
10688289,190,48,2,0,0,0,0,0,0,0,0,0,0,0,0,0
10698971,191,32,2,0,0,0,0,0,0,0,0,0,0,0,0,0
10707924,192,32,2,0,0,0,0,0,0,0,0,0,0,0,0,0
10716877,193,32,2,0,0,0,0,0,0,0,0,0,0,0,0,0
10725830,194,32,2,0,0,0,0,0,0,0,0,0,0,0,0,0
10734783,195,48,2,0,0,0,0,0,0,0,0,0,0,0,0,0
10745465,196,32,2,0,0,0,0,0,0,0,0,0,0,0,0,0
10754418,197,32,2,0,0,0,0,0,0,0,0,0,0,0,0,0
10763371,198,32,2,0,0,0,0,0,0,0,0,0,0,0,0,0
10772324,199,32,2,0,0,0,0,0,0,0,0,0,0,0,0,0
10781277,200,48,2,0,0,0,0,0,0,0,0,0,0,0,0,0
10791959,201,32,2,0,0,0,0,0,0,0,0,0,0,0,0,0
10800912,202,32,2,0,0,0,0,0,0,0,0,0,0,0,0,0
10809865,203,32,2,0,0,0,0,0,0,0,0,0,0,0,0,0
10818819,204,32,2,0,0,0,0,0,0,0,0,0,0,0,0,0
10827771,205,48,2,0,0,0,0,0,0,0,0,0,0,0,0,0
10838453,206,32,2,0,0,0,0,0,0,0,0,0,0,0,0,0
10847406,207,32,2,0,0,0,0,0,0,0,0,0,0,0,0,0
10856359,208,32,2,0,0,0,0,0,0,0,0,0,0,0,0,0
10865313,209,32,2,0,0,0,0,0,0,0,0,0,0,0,0,0
10874265,210,48,2,0,0,0,0,0,0,0,0,0,0,0,0,0
10884947,211,32,2,0,0,0,0,0,0,0,0,0,0,0,0,0
10893900,212,32,2,0,0,0,0,0,0,0,0,0,0,0,0,0
10902853,213,32,2,0,0,0,0,0,0,0,0,0,0,0,0,0
10911806,214,32,2,0,0,0,0,0,0,0,0,0,0,0,0,0
10920760,215,48,2,0,0,0,0,0,0,0,0,0,0,0,0,0
10931441,216,32,2,0,0,0,0,0,0,0,0,0,0,0,0,0
10940394,217,32,2,0,0,0,0,0,0,0,0,0,0,0,0,0
10949348,218,32,2,0,0,0,0,0,0,0,0,0,0,0,0,0
10958300,219,32,2,0,0,0,0,0,0,0,0,0,0,0,0,0
10967253,220,48,2,0,0,0,0,0,0,0,0,0,0,0,0,0
10977936,221,32,2,0,0,0,0,0,0,0,0,0,0,0,0,0
10986888,222,32,2,0,0,0,0,0,0,0,0,0,0,0,0,0
10995841,223,32,2,0,0,0,0,0,0,0,0,0,0,0,0,0
11004794,224,32,2,0,0,0,0,0,0,0,0,0,0,0,0,0
11013747,225,48,2,0,0,0,0,0,0,0,0,0,0,0,0,0
11024429,226,32,2,0,0,0,0,0,0,0,0,0,0,0,0,0
11033382,227,32,2,0,0,0,0,0,0,0,0,0,0,0,0,0
11042336,228,32,2,0,0,0,0,0,0,0,0,0,0,0,0,0
11051288,229,32,2,0,0,0,0,0,0,0,0,0,0,0,0,0
11060242,230,48,2,0,0,0,0,0,0,0,0,0,0,0,0,0
11070923,231,32,2,0,0,0,0,0,0,0,0,0,0,0,0,0
11079876,232,32,2,0,0,0,0,0,0,0,0,0,0,0,0,0
11088829,233,32,2,0,0,0,0,0,0,0,0,0,0,0,0,0
11097782,234,32,2,0,0,0,0,0,0,0,0,0,0,0,0,0
11106735,235,48,2,0,0,0,0,0,0,0,0,0,0,0,0,0
11117417,236,32,2,0,0,0,0,0,0,0,0,0,0,0,0,0
11126370,237,32,2,0,0,0,0,0,0,0,0,0,0,0,0,0
11135323,238,32,2,0,0,0,0,0,0,0,0,0,0,0,0,0
11144276,239,32,2,0,0,0,0,0,0,0,0,0,0,0,0,0
11153229,240,48,2,0,0,0,0,0,0,0,0,0,0,0,0,0
11163912,241,32,2,0,0,0,0,0,0,0,0,0,0,0,0,0
11172864,242,32,2,0,0,0,0,0,0,0,0,0,0,0,0,0
11181817,243,32,2,0,0,0,0,0,0,0,0,0,0,0,0,0
11190771,244,32,2,0,0,0,0,0,0,0,0,0,0,0,0,0
11199723,245,48,2,0,0,0,0,0,0,0,0,0,0,0,0,0
11210405,246,32,2,0,0,0,0,0,0,0,0,0,0,0,0,0
11219358,247,32,2,0,0,0,0,0,0,0,0,0,0,0,0,0
11228311,248,32,2,0,0,0,0,0,0,0,0,0,0,0,0,0
11237264,249,32,2,0,0,0,0,0,0,0,0,0,0,0,0,0
11246217,250,48,2,0,0,0,0,0,0,0,0,0,0,0,0,0
11256900,251,32,2,0,0,0,0,0,0,0,0,0,0,0,0,0
11265853,252,32,2,0,0,0,0,0,0,0,0,0,0,0,0,0
11274805,253,32,2,0,0,0,0,0,0,0,0,0,0,0,0,0
11283758,254,32,2,0,0,0,0,0,0,0,0,0,0,0,0,0
11292711,255,48,2,0,0,0,0,0,0,0,0,0,0,0,0,0
11303393,256,32,2,0,0,0,0,0,0,0,0,0,0,0,0,0
11312346,257,32,2,0,0,0,0,0,0,0,0,0,0,0,0,0
11321299,258,32,2,0,0,0,0,0,0,0,0,0,0,0,0,0
11330252,259,32,2,0,0,0,0,0,0,0,0,0,0,0,0,0
11339205,260,48,2,0,0,0,0,0,0,0,0,0,0,0,0,0
11349887,261,32,2,0,0,0,0,0,0,0,0,0,0,0,0,0
11358840,262,32,2,0,0,0,0,0,0,0,0,0,0,0,0,0
11367793,263,32,2,0,0,0,0,0,0,0,0,0,0,0,0,0
11376746,264,32,2,0,0,0,0,0,0,0,0,0,0,0,0,0
11385699,265,48,2,0,0,0,0,0,0,0,0,0,0,0,0,0
11396381,266,32,2,0,0,0,0,0,0,0,0,0,0,0,0,0
11405334,267,32,2,0,0,0,0,0,0,0,0,0,0,0,0,0
11414287,268,32,2,0,0,0,0,0,0,0,0,0,0,0,0,0
11423240,269,32,2,0,0,0,0,0,0,0,0,0,0,0,0,0
11432193,270,48,2,0,0,0,0,0,0,0,0,0,0,0,0,0
11442876,271,32,2,0,0,0,0,0,0,0,0,0,0,0,0,0
11451828,272,32,2,0,0,0,0,0,0,0,0,0,0,0,0,0
11460782,273,32,2,0,0,0,0,0,0,0,0,0,0,0,0,0
11469734,274,32,2,0,0,0,0,0,0,0,0,0,0,0,0,0
11478687,275,48,2,0,0,0,0,0,0,0,0,0,0,0,0,0
11489369,276,32,2,0,0,0,0,0,0,0,0,0,0,0,0,0
11498323,277,32,2,0,0,0,0,0,0,0,0,0,0,0,0,0
11507275,278,32,2,0,0,0,0,0,0,0,0,0,0,0,0,0
11516228,279,32,2,0,0,0,0,0,0,0,0,0,0,0,0,0
11525181,280,48,2,0,0,0,0,0,0,0,0,0,0,0,0,0
11535864,281,32,2,0,0,0,0,0,0,0,0,0,0,0,0,0
11544816,282,32,2,0,0,0,0,0,0,0,0,0,0,0,0,0
11553769,283,32,2,0,0,0,0,0,0,0,0,0,0,0,0,0
11562722,284,32,2,0,0,0,0,0,0,0,0,0,0,0,0,0
11571675,285,48,2,0,0,0,0,0,0,0,0,0,0,0,0,0
11582357,286,32,2,0,0,0,0,0,0,0,0,0,0,0,0,0
11591311,287,32,2,0,0,0,0,0,0,0,0,0,0,0,0,0
11600263,288,32,2,0,0,0,0,0,0,0,0,0,0,0,0,0
11609216,289,32,2,0,0,0,0,0,0,0,0,0,0,0,0,0
11618169,290,48,2,0,0,0,0,0,0,0,0,0,0,0,0,0
11628852,291,32,2,0,0,0,0,0,0,0,0,0,0,0,0,0
11637804,292,32,2,0,0,0,0,0,0,0,0,0,0,0,0,0
11646757,293,32,2,0,0,0,0,0,0,0,0,0,0,0,0,0
11655710,294,32,2,0,0,0,0,0,0,0,0,0,0,0,0,0
11664663,295,48,2,0,0,0,0,0,0,0,0,0,0,0,0,0
11675345,296,32,2,0,0,0,0,0,0,0,0,0,0,0,0,0
11684298,297,32,2,0,0,0,0,0,0,0,0,0,0,0,0,0
11693252,298,32,2,0,0,0,0,0,0,0,0,0,0,0,0,0
11702204,299,32,2,0,0,0,0,0,0,0,0,0,0,0,0,0
11711157,300,48,2,0,0,0,0,0,0,0,0,0,0,0,0,0
11721840,301,32,2,0,0,0,0,0,0,0,0,0,0,0,0,0
11730793,302,32,2,0,0,0,0,0,0,0,0,0,0,0,0,0
11739745,303,32,2,0,0,0,0,0,0,0,0,0,0,0,0,0
11748699,304,32,2,0,0,0,0,0,0,0,0,0,0,0,0,0
11757651,305,48,2,0,0,0,0,0,0,0,0,0,0,0,0,0
11768333,306,32,2,0,0,0,0,0,0,0,0,0,0,0,0,0
11777286,307,32,2,0,0,0,0,0,0,0,0,0,0,0,0,0
11786239,308,32,2,0,0,0,0,0,0,0,0,0,0,0,0,0
11795192,309,32,2,0,0,0,0,0,0,0,0,0,0,0,0,0
11804145,310,48,2,0,0,0,0,0,0,0,0,0,0,0,0,0
11814828,311,32,2,0,0,0,0,0,0,0,0,0,0,0,0,0
11823780,312,32,2,0,0,0,0,0,0,0,0,0,0,0,0,0
11832733,313,32,2,0,0,0,0,0,0,0,0,0,0,0,0,0
11841686,314,32,2,0,0,0,0,0,0,0,0,0,0,0,0,0
11850639,315,48,2,0,0,0,0,0,0,0,0,0,0,0,0,0
11861321,316,32,2,0,0,0,0,0,0,0,0,0,0,0,0,0
11870274,317,32,2,0,0,0,0,0,0,0,0,0,0,0,0,0
11879227,318,32,2,0,0,0,0,0,0,0,0,0,0,0,0,0
11888180,319,32,2,0,0,0,0,0,0,0,0,0,0,0,0,0
11897133,320,48,2,0,0,0,0,0,0,0,0,0,0,0,0,0
11907816,321,32,2,0,0,0,0,0,0,0,0,0,0,0,0,0
11916768,322,32,2,0,0,0,0,0,0,0,0,0,0,0,0,0
11925721,323,32,2,0,0,0,0,0,0,0,0,0,0,0,0,0
11934675,324,32,2,0,0,0,0,0,0,0,0,0,0,0,0,0
11943628,325,48,2,0,0,0,0,0,0,0,0,0,0,0,0,0
11954309,326,32,2,0,0,0,0,0,0,0,0,0,0,0,0,0
11963262,327,32,2,0,0,0,0,0,0,0,0,0,0,0,0,0
11972215,328,32,2,0,0,0,0,0,0,0,0,0,0,0,0,0
11981168,329,32,2,0,0,0,0,0,0,0,0,0,0,0,0,0
11990121,330,48,2,0,0,0,0,0,0,0,0,0,0,0,0,0
12000803,331,32,2,0,0,0,0,0,0,0,0,0,0,0,0,0
12009756,332,32,2,0,0,0,0,0,0,0,0,0,0,0,0,0
12018709,333,32,2,0,0,0,0,0,0,0,0,0,0,0,0,0
12027662,334,32,2,0,0,0,0,0,0,0,0,0,0,0,0,0
12036615,335,48,2,0,0,0,0,0,0,0,0,0,0,0,0,0
12047297,336,32,2,0,0,0,0,0,0,0,0,0,0,0,0,0
12056251,337,32,2,0,0,0,0,0,0,0,0,0,0,0,0,0
12065203,338,32,2,0,0,0,0,0,0,0,0,0,0,0,0,0
12074156,339,32,2,0,0,0,0,0,0,0,0,0,0,0,0,0
12083109,340,48,2,0,0,0,0,0,0,0,0,0,0,0,0,0
12098341,341,32,2,0,0,0,0,0,0,0,0,0,0,0,0,0
12107282,342,32,2,0,0,0,0,0,0,0,0,0,0,0,0,0
12116235,343,32,2,0,0,0,0,0,0,0,0,0,0,0,0,0
12125188,344,32,2,0,0,0,0,0,0,0,0,0,0,0,0,0
12134141,345,48,2,0,0,0,0,0,0,0,0,0,0,0,0,0
12144823,346,32,2,0,0,0,0,0,0,0,0,0,0,0,0,0
12153776,347,32,2,0,0,0,0,0,0,0,0,0,0,0,0,0
12162730,348,32,2,0,0,0,0,0,0,0,0,0,0,0,0,0
12171682,349,32,2,0,0,0,0,0,0,0,0,0,0,0,0,0
12180635,350,48,2,0,0,0,0,0,0,0,0,0,0,0,0,0
12191317,351,32,2,0,0,0,0,0,0,0,0,0,0,0,0,0
12200270,352,32,2,0,0,0,0,0,0,0,0,0,0,0,0,0
12209223,353,32,2,0,0,0,0,0,0,0,0,0,0,0,0,0
12218176,354,32,2,0,0,0,0,0,0,0,0,0,0,0,0,0
12227129,355,48,2,0,0,0,0,0,0,0,0,0,0,0,0,0
12237811,356,32,2,0,0,0,0,0,0,0,0,0,0,0,0,0
12246764,357,32,2,0,0,0,0,0,0,0,0,0,0,0,0,0
12255717,358,32,2,0,0,0,0,0,0,0,0,0,0,0,0,0
12264670,359,32,2,0,0,0,0,0,0,0,0,0,0,0,0,0
12273624,360,48,2,0,0,0,0,0,0,0,0,0,0,0,0,0
12284306,361,32,2,0,0,0,0,0,0,0,0,0,0,0,0,0
12293258,362,32,2,0,0,0,0,0,0,0,0,0,0,0,0,0
12302211,363,32,2,0,0,0,0,0,0,0,0,0,0,0,0,0
12311164,364,32,2,0,0,0,0,0,0,0,0,0,0,0,0,0
12320117,365,48,2,0,0,0,0,0,0,0,0,0,0,0,0,0
12330799,366,32,2,0,0,0,0,0,0,0,0,0,0,0,0,0
12339752,367,32,2,0,0,0,0,0,0,0,0,0,0,0,0,0
12348705,368,32,2,0,0,0,0,0,0,0,0,0,0,0,0,0
12357658,369,32,2,0,0,0,0,0,0,0,0,0,0,0,0,0
12366611,370,48,2,0,0,0,0,0,0,0,0,0,0,0,0,0
12377294,371,32,2,0,0,0,0,0,0,0,0,0,0,0,0,0
12386246,372,32,2,0,0,0,0,0,0,0,0,0,0,0,0,0
12395199,373,32,2,0,0,0,0,0,0,0,0,0,0,0,0,0
12404152,374,32,2,0,0,0,0,0,0,0,0,0,0,0,0,0
12413105,375,48,2,0,0,0,0,0,0,0,0,0,0,0,0,0
12423787,376,32,2,0,0,0,0,0,0,0,0,0,0,0,0,0
12432740,377,32,2,0,0,0,0,0,0,0,0,0,0,0,0,0
12441693,378,32,2,0,0,0,0,0,0,0,0,0,0,0,0,0
12450646,379,32,2,0,0,0,0,0,0,0,0,0,0,0,0,0
12459599,380,48,2,0,0,0,0,0,0,0,0,0,0,0,0,0
12470281,381,32,2,0,0,0,0,0,0,0,0,0,0,0,0,0
12479234,382,32,2,0,0,0,0,0,0,0,0,0,0,0,0,0
12488187,383,32,2,0,0,0,0,0,0,0,0,0,0,0,0,0
12497140,384,32,2,0,0,0,0,0,0,0,0,0,0,0,0,0
12506093,385,48,2,0,0,0,0,0,0,0,0,0,0,0,0,0
12516775,386,32,2,0,0,0,0,0,0,0,0,0,0,0,0,0
12525728,387,32,2,0,0,0,0,0,0,0,0,0,0,0,0,0
12534681,388,32,2,0,0,0,0,0,0,0,0,0,0,0,0,0
12543634,389,32,2,0,0,0,0,0,0,0,0,0,0,0,0,0
12552587,390,48,2,0,0,0,0,0,0,0,0,0,0,0,0,0
12563270,391,32,2,0,0,0,0,0,0,0,0,0,0,0,0,0
12572222,392,32,2,0,0,0,0,0,0,0,0,0,0,0,0,0
12581175,393,32,2,0,0,0,0,0,0,0,0,0,0,0,0,0
12590128,394,32,2,0,0,0,0,0,0,0,0,0,0,0,0,0
12599081,395,48,2,0,0,0,0,0,0,0,0,0,0,0,0,0
12609763,396,32,2,0,0,0,0,0,0,0,0,0,0,0,0,0
12618716,397,32,2,0,0,0,0,0,0,0,0,0,0,0,0,0
12627669,398,32,2,0,0,0,0,0,0,0,0,0,0,0,0,0
12636622,399,32,2,0,0,0,0,0,0,0,0,0,0,0,0,0
12645575,400,48,2,0,0,0,0,0,0,0,0,0,0,0,0,0
12656258,401,32,2,0,0,0,0,0,0,0,0,0,0,0,0,0
12665210,402,32,2,0,0,0,0,0,0,0,0,0,0,0,0,0
12674163,403,32,2,0,0,0,0,0,0,0,0,0,0,0,0,0
12683116,404,32,2,0,0,0,0,0,0,0,0,0,0,0,0,0
12692069,405,48,2,0,0,0,0,0,0,0,0,0,0,0,0,0
12702751,406,32,2,0,0,0,0,0,0,0,0,0,0,0,0,0
12711704,407,32,2,0,0,0,0,0,0,0,0,0,0,0,0,0
12720657,408,32,2,0,0,0,0,0,0,0,0,0,0,0,0,0
12729610,409,32,2,0,0,0,0,0,0,0,0,0,0,0,0,0
12738563,410,48,2,0,0,0,0,0,0,0,0,0,0,0,0,0
12749246,411,32,2,0,0,0,0,0,0,0,0,0,0,0,0,0
12758198,412,32,2,0,0,0,0,0,0,0,0,0,0,0,0,0
12767151,413,32,2,0,0,0,0,0,0,0,0,0,0,0,0,0
12776104,414,32,2,0,0,0,0,0,0,0,0,0,0,0,0,0
12785057,415,48,2,0,0,0,0,0,0,0,0,0,0,0,0,0
12795739,416,32,2,0,0,0,0,0,0,0,0,0,0,0,0,0
12804692,417,32,2,0,0,0,0,0,0,0,0,0,0,0,0,0
12813645,418,32,2,0,0,0,0,0,0,0,0,0,0,0,0,0
12822598,419,32,2,0,0,0,0,0,0,0,0,0,0,0,0,0
12831552,420,48,2,0,0,0,0,0,0,0,0,0,0,0,0,0
12842234,421,32,2,0,0,0,0,0,0,0,0,0,0,0,0,0
12851186,422,32,2,0,0,0,0,0,0,0,0,0,0,0,0,0
12860139,423,32,2,0,0,0,0,0,0,0,0,0,0,0,0,0
12869092,424,32,2,0,0,0,0,0,0,0,0,0,0,0,0,0
12878045,425,48,2,0,0,0,0,0,0,0,0,0,0,0,0,0
12888727,426,32,2,0,0,0,0,0,0,0,0,0,0,0,0,0
12897680,427,32,2,0,0,0,0,0,0,0,0,0,0,0,0,0
12906633,428,32,2,0,0,0,0,0,0,0,0,0,0,0,0,0
12915586,429,32,2,0,0,0,0,0,0,0,0,0,0,0,0,0
12924539,430,48,2,0,0,0,0,0,0,0,0,0,0,0,0,0
12935222,431,32,2,0,0,0,0,0,0,0,0,0,0,0,0,0
12944174,432,32,2,0,0,0,0,0,0,0,0,0,0,0,0,0
12953127,433,32,2,0,0,0,0,0,0,0,0,0,0,0,0,0
12962080,434,32,2,0,0,0,0,0,0,0,0,0,0,0,0,0
12971033,435,48,2,0,0,0,0,0,0,0,0,0,0,0,0,0
12981715,436,32,2,0,0,0,0,0,0,0,0,0,0,0,0,0
12990668,437,32,2,0,0,0,0,0,0,0,0,0,0,0,0,0
12999621,438,32,2,0,0,0,0,0,0,0,0,0,0,0,0,0
13008574,439,32,2,0,0,0,0,0,0,0,0,0,0,0,0,0
13017527,440,48,2,0,0,0,0,0,0,0,0,0,0,0,0,0
13028210,441,32,2,0,0,0,0,0,0,0,0,0,0,0,0,0
13037162,442,32,2,0,0,0,0,0,0,0,0,0,0,0,0,0
13046115,443,32,2,0,0,0,0,0,0,0,0,0,0,0,0,0
13055068,444,32,2,0,0,0,0,0,0,0,0,0,0,0,0,0
13064021,445,48,2,0,0,0,0,0,0,0,0,0,0,0,0,0
13074703,446,32,2,0,0,0,0,0,0,0,0,0,0,0,0,0
13083656,447,32,2,0,0,0,0,0,0,0,0,0,0,0,0,0
13092609,448,32,2,0,0,0,0,0,0,0,0,0,0,0,0,0
13101562,449,32,2,0,0,0,0,0,0,0,0,0,0,0,0,0
13110515,450,48,2,0,0,0,0,0,0,0,0,0,0,0,0,0
13121198,451,32,2,0,0,0,0,0,0,0,0,0,0,0,0,0
13130150,452,32,2,0,0,0,0,0,0,0,0,0,0,0,0,0
13139103,453,32,2,0,0,0,0,0,0,0,0,0,0,0,0,0
13148056,454,32,2,0,0,0,0,0,0,0,0,0,0,0,0,0
13157009,455,48,2,0,0,0,0,0,0,0,0,0,0,0,0,0
13167691,456,32,2,0,0,0,0,0,0,0,0,0,0,0,0,0
13176644,457,32,2,0,0,0,0,0,0,0,0,0,0,0,0,0
13185597,458,32,2,0,0,0,0,0,0,0,0,0,0,0,0,0
13194550,459,32,2,0,0,0,0,0,0,0,0,0,0,0,0,0
13203503,460,48,2,0,0,0,0,0,0,0,0,0,0,0,0,0
13214186,461,32,2,0,0,0,0,0,0,0,0,0,0,0,0,0
13223138,462,32,2,0,0,0,0,0,0,0,0,0,0,0,0,0
13232091,463,32,2,0,0,0,0,0,0,0,0,0,0,0,0,0
13241044,464,32,2,0,0,0,0,0,0,0,0,0,0,0,0,0
13249997,465,48,2,0,0,0,0,0,0,0,0,0,0,0,0,0
13260679,466,32,2,0,0,0,0,0,0,0,0,0,0,0,0,0
13269632,467,32,2,0,0,0,0,0,0,0,0,0,0,0,0,0
13278585,468,32,2,0,0,0,0,0,0,0,0,0,0,0,0,0
13287538,469,32,2,0,0,0,0,0,0,0,0,0,0,0,0,0
13296491,470,48,2,0,0,0,0,0,0,0,0,0,0,0,0,0
13307174,471,32,2,0,0,0,0,0,0,0,0,0,0,0,0,0
13316126,472,32,2,0,0,0,0,0,0,0,0,0,0,0,0,0
13325079,473,32,2,0,0,0,0,0,0,0,0,0,0,0,0,0
13334032,474,32,2,0,0,0,0,0,0,0,0,0,0,0,0,0
13342985,475,48,2,0,0,0,0,0,0,0,0,0,0,0,0,0
13353667,476,32,2,0,0,0,0,0,0,0,0,0,0,0,0,0
13362620,477,32,2,0,0,0,0,0,0,0,0,0,0,0,0,0
13371573,478,32,2,0,0,0,0,0,0,0,0,0,0,0,0,0
13380526,479,32,2,0,0,0,0,0,0,0,0,0,0,0,0,0
13389479,480,48,2,0,0,0,0,0,0,0,0,0,0,0,0,0
13400162,481,32,2,0,0,0,0,0,0,0,0,0,0,0,0,0
13409114,482,32,2,0,0,0,0,0,0,0,0,0,0,0,0,0
13418067,483,32,2,0,0,0,0,0,0,0,0,0,0,0,0,0
13427020,484,32,2,0,0,0,0,0,0,0,0,0,0,0,0,0
13435973,485,48,2,0,0,0,0,0,0,0,0,0,0,0,0,0
13446655,486,32,2,0,0,0,0,0,0,0,0,0,0,0,0,0
13455608,487,32,2,0,0,0,0,0,0,0,0,0,0,0,0,0
13464561,488,32,2,0,0,0,0,0,0,0,0,0,0,0,0,0
13473514,489,32,2,0,0,0,0,0,0,0,0,0,0,0,0,0
13482467,490,48,2,0,0,0,0,0,0,0,0,0,0,0,0,0
13493150,491,32,2,0,0,0,0,0,0,0,0,0,0,0,0,0
13502102,492,32,2,0,0,0,0,0,0,0,0,0,0,0,0,0
13511055,493,32,2,0,0,0,0,0,0,0,0,0,0,0,0,0
13520008,494,32,2,0,0,0,0,0,0,0,0,0,0,0,0,0
13528961,495,48,2,0,0,0,0,0,0,0,0,0,0,0,0,0
13539643,496,32,2,0,0,0,0,0,0,0,0,0,0,0,0,0
13548596,497,32,2,0,0,0,0,0,0,0,0,0,0,0,0,0
13557549,498,32,2,0,0,0,0,0,0,0,0,0,0,0,0,0
13566502,499,32,2,0,0,0,0,0,0,0,0,0,0,0,0,0
13575455,500,48,2,0,0,0,0,0,0,0,0,0,0,0,0,0
13586138,501,32,2,0,0,0,0,0,0,0,0,0,0,0,0,0
13595090,502,32,2,0,0,0,0,0,0,0,0,0,0,0,0,0
13604043,503,32,2,0,0,0,0,0,0,0,0,0,0,0,0,0
13612996,504,32,2,0,0,0,0,0,0,0,0,0,0,0,0,0
13621949,505,48,2,0,0,0,0,0,0,0,0,0,0,0,0,0
13632631,506,32,2,0,0,0,0,0,0,0,0,0,0,0,0,0
13641584,507,32,2,0,0,0,0,0,0,0,0,0,0,0,0,0
13650537,508,32,2,0,0,0,0,0,0,0,0,0,0,0,0,0
13659490,509,32,2,0,0,0,0,0,0,0,0,0,0,0,0,0
13668444,510,48,2,0,0,0,0,0,0,0,0,0,0,0,0,0
13685617,511,32,2,0,0,0,0,0,0,0,0,0,0,0,0,0
13694559,512,32,2,0,0,0,0,0,0,0,0,0,0,0,0,0
13703511,513,32,2,0,0,0,0,0,0,0,0,0,0,0,0,0
13712464,514,32,2,0,0,0,0,0,0,0,0,0,0,0,0,0
13721417,515,48,2,0,0,0,0,0,0,0,0,0,0,0,0,0
13732099,516,32,2,0,0,0,0,0,0,0,0,0,0,0,0,0
13741052,517,32,2,0,0,0,0,0,0,0,0,0,0,0,0,0
13750005,518,32,2,0,0,0,0,0,0,0,0,0,0,0,0,0
13758958,519,32,2,0,0,0,0,0,0,0,0,0,0,0,0,0
13767911,520,48,2,0,0,0,0,0,0,0,0,0,0,0,0,0
13778594,521,32,2,0,0,0,0,0,0,0,0,0,0,0,0,0
13787546,522,32,2,0,0,0,0,0,0,0,0,0,0,0,0,0
13796499,523,32,2,0,0,0,0,0,0,0,0,0,0,0,0,0
13805452,524,32,2,0,0,0,0,0,0,0,0,0,0,0,0,0
13814405,525,48,2,0,0,0,0,0,0,0,0,0,0,0,0,0
13825087,526,32,2,0,0,0,0,0,0,0,0,0,0,0,0,0
13834040,527,32,2,0,0,0,0,0,0,0,0,0,0,0,0,0
13842993,528,32,2,0,0,0,0,0,0,0,0,0,0,0,0,0
13851946,529,32,2,0,0,0,0,0,0,0,0,0,0,0,0,0
13860899,530,48,2,0,0,0,0,0,0,0,0,0,0,0,0,0
13871582,531,32,2,0,0,0,0,0,0,0,0,0,0,0,0,0
13880534,532,32,2,0,0,0,0,0,0,0,0,0,0,0,0,0
13889487,533,32,2,0,0,0,0,0,0,0,0,0,0,0,0,0
13898440,534,32,2,0,0,0,0,0,0,0,0,0,0,0,0,0
13907393,535,48,2,0,0,0,0,0,0,0,0,0,0,0,0,0
13918075,536,32,2,0,0,0,0,0,0,0,0,0,0,0,0,0
13927042,537,32,2,0,0,0,0,0,0,0,0,0,0,0,0,0
13935983,538,32,2,0,0,0,0,0,0,0,0,0,0,0,0,0
13944937,539,32,2,0,0,0,0,0,0,0,0,0,0,0,0,0
13953889,540,48,2,0,0,0,0,0,0,0,0,0,0,0,0,0
13964572,541,32,2,0,0,0,0,0,0,0,0,0,0,0,0,0
13973524,542,32,2,0,0,0,0,0,0,0,0,0,0,0,0,0
13982477,543,32,2,0,0,0,0,0,0,0,0,0,0,0,0,0
13991430,544,32,2,0,0,0,0,0,0,0,0,0,0,0,0,0
14000384,545,48,2,0,0,0,0,0,0,0,0,0,0,0,0,0
14011065,546,32,2,0,0,0,0,0,0,0,0,0,0,0,0,0
14020018,547,32,2,0,0,0,0,0,0,0,0,0,0,0,0,0
14028971,548,32,2,0,0,0,0,0,0,0,0,0,0,0,0,0
14037924,549,32,2,0,0,0,0,0,0,0,0,0,0,0,0,0
14046877,550,48,2,0,0,0,0,0,0,0,0,0,0,0,0,0
14057560,551,32,2,0,0,0,0,0,0,0,0,0,0,0,0,0
14066512,552,32,2,0,0,0,0,0,0,0,0,0,0,0,0,0
14075465,553,32,2,0,0,0,0,0,0,0,0,0,0,0,0,0
14084418,554,32,2,0,0,0,0,0,0,0,0,0,0,0,0,0
14093371,555,48,2,0,0,0,0,0,0,0,0,0,0,0,0,0
14104053,556,32,2,0,0,0,0,0,0,0,0,0,0,0,0,0
14113006,557,32,2,0,0,0,0,0,0,0,0,0,0,0,0,0
14121959,558,32,2,0,0,0,0,0,0,0,0,0,0,0,0,0
14130912,559,32,2,0,0,0,0,0,0,0,0,0,0,0,0,0
14139866,560,48,2,0,0,0,0,0,0,0,0,0,0,0,0,0
14150548,561,32,2,0,0,0,0,0,0,0,0,0,0,0,0,0
14159500,562,32,2,0,0,0,0,0,0,0,0,0,0,0,0,0
14168453,563,32,2,0,0,0,0,0,0,0,0,0,0,0,0,0
14177407,564,32,2,0,0,0,0,0,0,0,0,0,0,0,0,0
14186359,565,48,2,0,0,0,0,0,0,0,0,0,0,0,0,0
14197041,566,32,2,0,0,0,0,0,0,0,0,0,0,0,0,0
14205994,567,32,2,0,0,0,0,0,0,0,0,0,0,0,0,0
14214947,568,32,2,0,0,0,0,0,0,0,0,0,0,0,0,0
14223901,569,32,2,0,0,0,0,0,0,0,0,0,0,0,0,0
14232853,570,48,2,0,0,0,0,0,0,0,0,0,0,0,0,0
14243536,571,32,2,0,0,0,0,0,0,0,0,0,0,0,0,0
14252488,572,32,2,0,0,0,0,0,0,0,0,0,0,0,0,0
14261441,573,32,2,0,0,0,0,0,0,0,0,0,0,0,0,0
14270394,574,32,2,0,0,0,0,0,0,0,0,0,0,0,0,0
14279347,575,48,2,0,0,0,0,0,0,0,0,0,0,0,0,0
14290029,576,32,2,0,0,0,0,0,0,0,0,0,0,0,0,0
14298983,577,32,2,0,0,0,0,0,0,0,0,0,0,0,0,0
14307935,578,32,2,0,0,0,0,0,0,0,0,0,0,0,0,0
14316888,579,32,2,0,0,0,0,0,0,0,0,0,0,0,0,0
14325842,580,48,2,0,0,0,0,0,0,0,0,0,0,0,0,0
14336524,581,32,2,0,0,0,0,0,0,0,0,0,0,0,0,0
14345476,582,32,2,0,0,0,0,0,0,0,0,0,0,0,0,0
14354429,583,32,2,0,0,0,0,0,0,0,0,0,0,0,0,0
14363382,584,32,2,0,0,0,0,0,0,0,0,0,0,0,0,0
14372336,585,48,2,0,0,0,0,0,0,0,0,0,0,0,0,0
14383017,586,32,2,0,0,0,0,0,0,0,0,0,0,0,0,0
14391970,587,32,2,0,0,0,0,0,0,0,0,0,0,0,0,0
14400924,588,32,2,0,0,0,0,0,0,0,0,0,0,0,0,0
14409876,589,32,2,0,0,0,0,0,0,0,0,0,0,0,0,0
14418830,590,48,2,0,0,0,0,0,0,0,0,0,0,0,0,0
14429511,591,32,2,0,0,0,0,0,0,0,0,0,0,0,0,0
14438464,592,32,2,0,0,0,0,0,0,0,0,0,0,0,0,0
14447417,593,32,2,0,0,0,0,0,0,0,0,0,0,0,0,0
14456370,594,32,2,0,0,0,0,0,0,0,0,0,0,0,0,0
14465323,595,48,2,0,0,0,0,0,0,0,0,0,0,0,0,0
14476005,596,32,2,0,0,0,0,0,0,0,0,0,0,0,0,0
14484958,597,32,2,0,0,0,0,0,0,0,0,0,0,0,0,0
14493911,598,32,2,0,0,0,0,0,0,0,0,0,0,0,0,0
14502864,599,32,2,0,0,0,0,0,0,0,0,0,0,0,0,0
14511817,600,48,2,0,0,0,0,0,0,0,0,0,0,0,0,0
14522499,601,32,2,0,0,0,0,0,0,0,0,0,0,0,0,0
14531452,602,32,2,0,0,0,0,0,0,0,0,0,0,0,0,0
14540405,603,32,2,0,0,0,0,0,0,0,0,0,0,0,0,0
14549358,604,32,2,0,0,0,0,0,0,0,0,0,0,0,0,0
14558311,605,48,2,0,0,0,0,0,0,0,0,0,0,0,0,0
14568993,606,32,2,0,0,0,0,0,0,0,0,0,0,0,0,0
14577946,607,32,2,0,0,0,0,0,0,0,0,0,0,0,0,0
14586899,608,32,2,0,0,0,0,0,0,0,0,0,0,0,0,0
14595853,609,32,2,0,0,0,0,0,0,0,0,0,0,0,0,0
14604805,610,48,2,0,0,0,0,0,0,0,0,0,0,0,0,0
14615487,611,32,2,0,0,0,0,0,0,0,0,0,0,0,0,0
14624440,612,32,2,0,0,0,0,0,0,0,0,0,0,0,0,0
14633393,613,32,2,0,0,0,0,0,0,0,0,0,0,0,0,0
14642346,614,32,2,0,0,0,0,0,0,0,0,0,0,0,0,0
14651300,615,48,2,0,0,0,0,0,0,0,0,0,0,0,0,0
14661981,616,32,2,0,0,0,0,0,0,0,0,0,0,0,0,0
14670934,617,32,2,0,0,0,0,0,0,0,0,0,0,0,0,0
14679888,618,32,2,0,0,0,0,0,0,0,0,0,0,0,0,0
14688840,619,32,2,0,0,0,0,0,0,0,0,0,0,0,0,0
14697793,620,48,2,0,0,0,0,0,0,0,0,0,0,0,0,0
14708475,621,32,2,0,0,0,0,0,0,0,0,0,0,0,0,0
14717428,622,32,2,0,0,0,0,0,0,0,0,0,0,0,0,0
14726381,623,32,2,0,0,0,0,0,0,0,0,0,0,0,0,0
14735334,624,32,2,0,0,0,0,0,0,0,0,0,0,0,0,0
14744288,625,48,2,0,0,0,0,0,0,0,0,0,0,0,0,0
14754969,626,32,2,0,0,0,0,0,0,0,0,0,0,0,0,0
14763922,627,32,2,0,0,0,0,0,0,0,0,0,0,0,0,0
14772875,628,32,2,0,0,0,0,0,0,0,0,0,0,0,0,0
14781829,629,32,2,0,0,0,0,0,0,0,0,0,0,0,0,0
14790781,630,48,2,0,0,0,0,0,0,0,0,0,0,0,0,0
14801463,631,32,2,0,0,0,0,0,0,0,0,0,0,0,0,0
14810417,632,32,2,0,0,0,0,0,0,0,0,0,0,0,0,0
14819369,633,32,2,0,0,0,0,0,0,0,0,0,0,0,0,0
14828322,634,32,2,0,0,0,0,0,0,0,0,0,0,0,0,0
14837275,635,48,2,0,0,0,0,0,0,0,0,0,0,0,0,0
14847957,636,32,2,0,0,0,0,0,0,0,0,0,0,0,0,0
14856910,637,32,2,0,0,0,0,0,0,0,0,0,0,0,0,0
14865863,638,32,2,0,0,0,0,0,0,0,0,0,0,0,0,0
14874816,639,32,2,0,0,0,0,0,0,0,0,0,0,0,0,0
14883769,640,48,2,0,0,0,0,0,0,0,0,0,0,0,0,0
14894451,641,32,2,0,0,0,0,0,0,0,0,0,0,0,0,0
14903404,642,32,2,0,0,0,0,0,0,0,0,0,0,0,0,0
14912358,643,32,2,0,0,0,0,0,0,0,0,0,0,0,0,0
14921310,644,32,2,0,0,0,0,0,0,0,0,0,0,0,0,0
14930263,645,48,2,0,0,0,0,0,0,0,0,0,0,0,0,0
14940945,646,32,2,0,0,0,0,0,0,0,0,0,0,0,0,0
14949898,647,32,2,0,0,0,0,0,0,0,0,0,0,0,0,0
14958851,648,32,2,0,0,0,0,0,0,0,0,0,0,0,0,0
14967804,649,32,2,0,0,0,0,0,0,0,0,0,0,0,0,0
14976757,650,48,2,0,0,0,0,0,0,0,0,0,0,0,0,0
14987440,651,32,2,0,0,0,0,0,0,0,0,0,0,0,0,0
14996393,652,32,2,0,0,0,0,0,0,0,0,0,0,0,0,0
15005345,653,32,2,0,0,0,0,0,0,0,0,0,0,0,0,0
15014299,654,32,2,0,0,0,0,0,0,0,0,0,0,0,0,0
15023251,655,48,2,0,0,0,0,0,0,0,0,0,0,0,0,0
15033933,656,32,2,0,0,0,0,0,0,0,0,0,0,0,0,0
15042886,657,32,2,0,0,0,0,0,0,0,0,0,0,0,0,0
15051840,658,32,2,0,0,0,0,0,0,0,0,0,0,0,0,0
15060793,659,32,2,0,0,0,0,0,0,0,0,0,0,0,0,0
15069745,660,48,2,0,0,0,0,0,0,0,0,0,0,0,0,0
15080427,661,32,2,0,0,0,0,0,0,0,0,0,0,0,0,0
15089380,662,32,2,0,0,0,0,0,0,0,0,0,0,0,0,0
15098333,663,32,2,0,0,0,0,0,0,0,0,0,0,0,0,0
15107286,664,32,2,0,0,0,0,0,0,0,0,0,0,0,0,0
15116239,665,48,2,0,0,0,0,0,0,0,0,0,0,0,0,0
15126921,666,32,2,0,0,0,0,0,0,0,0,0,0,0,0,0
15135874,667,32,2,0,0,0,0,0,0,0,0,0,0,0,0,0
15144827,668,32,2,0,0,0,0,0,0,0,0,0,0,0,0,0
15153780,669,32,2,0,0,0,0,0,0,0,0,0,0,0,0,0
15162733,670,48,2,0,0,0,0,0,0,0,0,0,0,0,0,0
15173416,671,32,2,0,0,0,0,0,0,0,0,0,0,0,0,0
15182368,672,32,2,0,0,0,0,0,0,0,0,0,0,0,0,0
15191321,673,32,2,0,0,0,0,0,0,0,0,0,0,0,0,0
15200274,674,32,2,0,0,0,0,0,0,0,0,0,0,0,0,0
15209227,675,48,2,0,0,0,0,0,0,0,0,0,0,0,0,0
15219909,676,32,2,0,0,0,0,0,0,0,0,0,0,0,0,0
15228862,677,32,2,0,0,0,0,0,0,0,0,0,0,0,0,0
15237816,678,32,2,0,0,0,0,0,0,0,0,0,0,0,0,0
15246768,679,32,2,0,0,0,0,0,0,0,0,0,0,0,0,0
15255721,680,48,2,0,0,0,0,0,0,0,0,0,0,0,0,0
15270591,681,32,2,0,0,0,0,0,0,0,0,0,0,0,0,0
15279532,682,32,2,0,0,0,0,0,0,0,0,0,0,0,0,0
15288485,683,32,2,0,0,0,0,0,0,0,0,0,0,0,0,0
15297438,684,32,2,0,0,0,0,0,0,0,0,0,0,0,0,0
15306391,685,48,2,0,0,0,0,0,0,0,0,0,0,0,0,0
15317073,686,32,2,0,0,0,0,0,0,0,0,0,0,0,0,0
15326026,687,32,2,0,0,0,0,0,0,0,0,0,0,0,0,0
15334979,688,32,2,0,0,0,0,0,0,0,0,0,0,0,0,0
15343932,689,32,2,0,0,0,0,0,0,0,0,0,0,0,0,0
15352885,690,48,2,0,0,0,0,0,0,0,0,0,0,0,0,0
15363567,691,32,2,0,0,0,0,0,0,0,0,0,0,0,0,0
15372520,692,32,2,0,0,0,0,0,0,0,0,0,0,0,0,0
15381473,693,32,2,0,0,0,0,0,0,0,0,0,0,0,0,0
15390426,694,32,2,0,0,0,0,0,0,0,0,0,0,0,0,0
15399379,695,48,2,0,0,0,0,0,0,0,0,0,0,0,0,0
15410061,696,32,2,0,0,0,0,0,0,0,0,0,0,0,0,0
15419014,697,32,2,0,0,0,0,0,0,0,0,0,0,0,0,0
15427967,698,32,2,0,0,0,0,0,0,0,0,0,0,0,0,0
15436921,699,32,2,0,0,0,0,0,0,0,0,0,0,0,0,0
15445873,700,48,2,0,0,0,0,0,0,0,0,0,0,0,0,0
15456556,701,32,2,0,0,0,0,0,0,0,0,0,0,0,0,0
15465508,702,32,2,0,0,0,0,0,0,0,0,0,0,0,0,0
15474461,703,32,2,0,0,0,0,0,0,0,0,0,0,0,0,0
15483414,704,32,2,0,0,0,0,0,0,0,0,0,0,0,0,0
15492368,705,48,2,0,0,0,0,0,0,0,0,0,0,0,0,0
15503049,706,32,2,0,0,0,0,0,0,0,0,0,0,0,0,0
15512002,707,32,2,0,0,0,0,0,0,0,0,0,0,0,0,0
15520955,708,32,2,0,0,0,0,0,0,0,0,0,0,0,0,0
15529908,709,32,2,0,0,0,0,0,0,0,0,0,0,0,0,0
15538861,710,48,2,0,0,0,0,0,0,0,0,0,0,0,0,0
15549544,711,32,2,0,0,0,0,0,0,0,0,0,0,0,0,0
15558496,712,32,2,0,0,0,0,0,0,0,0,0,0,0,0,0
15567449,713,32,2,0,0,0,0,0,0,0,0,0,0,0,0,0
15576402,714,32,2,0,0,0,0,0,0,0,0,0,0,0,0,0
15585355,715,48,2,0,0,0,0,0,0,0,0,0,0,0,0,0
15596037,716,32,2,0,0,0,0,0,0,0,0,0,0,0,0,0
15604990,717,32,2,0,0,0,0,0,0,0,0,0,0,0,0,0
15613943,718,32,2,0,0,0,0,0,0,0,0,0,0,0,0,0
15622896,719,32,2,0,0,0,0,0,0,0,0,0,0,0,0,0
15631849,720,48,2,0,0,0,0,0,0,0,0,0,0,0,0,0
15642532,721,32,2,0,0,0,0,0,0,0,0,0,0,0,0,0
15651484,722,32,2,0,0,0,0,0,0,0,0,0,0,0,0,0
15660437,723,32,2,0,0,0,0,0,0,0,0,0,0,0,0,0
15669390,724,32,2,0,0,0,0,0,0,0,0,0,0,0,0,0
15678343,725,48,2,0,0,0,0,0,0,0,0,0,0,0,0,0
15689025,726,32,2,0,0,0,0,0,0,0,0,0,0,0,0,0
15697979,727,32,2,0,0,0,0,0,0,0,0,0,0,0,0,0
15706931,728,32,2,0,0,0,0,0,0,0,0,0,0,0,0,0
15715884,729,32,2,0,0,0,0,0,0,0,0,0,0,0,0,0
15724837,730,48,2,0,0,0,0,0,0,0,0,0,0,0,0,0
15735520,731,32,2,0,0,0,0,0,0,0,0,0,0,0,0,0
15744472,732,32,2,0,0,0,0,0,0,0,0,0,0,0,0,0
15753425,733,32,2,0,0,0,0,0,0,0,0,0,0,0,0,0
15762378,734,32,2,0,0,0,0,0,0,0,0,0,0,0,0,0
15771331,735,48,2,0,0,0,0,0,0,0,0,0,0,0,0,0
15782013,736,32,2,0,0,0,0,0,0,0,0,0,0,0,0,0
15790966,737,32,2,0,0,0,0,0,0,0,0,0,0,0,0,0
15799919,738,32,2,0,0,0,0,0,0,0,0,0,0,0,0,0
15808872,739,32,2,0,0,0,0,0,0,0,0,0,0,0,0,0
15817826,740,48,2,0,0,0,0,0,0,0,0,0,0,0,0,0
15828507,741,32,2,0,0,0,0,0,0,0,0,0,0,0,0,0
15837460,742,32,2,0,0,0,0,0,0,0,0,0,0,0,0,0
15846413,743,32,2,0,0,0,0,0,0,0,0,0,0,0,0,0
15855366,744,32,2,0,0,0,0,0,0,0,0,0,0,0,0,0
15864319,745,48,2,0,0,0,0,0,0,0,0,0,0,0,0,0
15875001,746,32,2,0,0,0,0,0,0,0,0,0,0,0,0,0
15883954,747,32,2,0,0,0,0,0,0,0,0,0,0,0,0,0
15892907,748,32,2,0,0,0,0,0,0,0,0,0,0,0,0,0
15901860,749,32,2,0,0,0,0,0,0,0,0,0,0,0,0,0
15910814,750,48,2,0,0,0,0,0,0,0,0,0,0,0,0,0
15921496,751,32,2,0,0,0,0,0,0,0,0,0,0,0,0,0
15930448,752,32,2,0,0,0,0,0,0,0,0,0,0,0,0,0
15939401,753,32,2,0,0,0,0,0,0,0,0,0,0,0,0,0
15948354,754,32,2,0,0,0,0,0,0,0,0,0,0,0,0,0
15957307,755,48,2,0,0,0,0,0,0,0,0,0,0,0,0,0
15967989,756,32,2,0,0,0,0,0,0,0,0,0,0,0,0,0
15976942,757,32,2,0,0,0,0,0,0,0,0,0,0,0,0,0
15985895,758,32,2,0,0,0,0,0,0,0,0,0,0,0,0,0
15994848,759,32,2,0,0,0,0,0,0,0,0,0,0,0,0,0
16003801,760,48,2,0,0,0,0,0,0,0,0,0,0,0,0,0
16014484,761,32,2,0,0,0,0,0,0,0,0,0,0,0,0,0
16023436,762,32,2,0,0,0,0,0,0,0,0,0,0,0,0,0
16032389,763,32,2,0,0,0,0,0,0,0,0,0,0,0,0,0
16041342,764,32,2,0,0,0,0,0,0,0,0,0,0,0,0,0
16050296,765,48,2,0,0,0,0,0,0,0,0,0,0,0,0,0
16060977,766,32,2,0,0,0,0,0,0,0,0,0,0,0,0,0
16069930,767,32,2,0,0,0,0,0,0,0,0,0,0,0,0,0
16078883,768,32,2,0,0,0,0,0,0,0,0,0,0,0,0,0
16087837,769,32,2,0,0,0,0,0,0,0,0,0,0,0,0,0
16096789,770,48,2,0,0,0,0,0,0,0,0,0,0,0,0,0
16107471,771,32,2,0,0,0,0,0,0,0,0,0,0,0,0,0
16116424,772,32,2,0,0,0,0,0,0,0,0,0,0,0,0,0
16125377,773,32,2,0,0,0,0,0,0,0,0,0,0,0,0,0
16134330,774,32,2,0,0,0,0,0,0,0,0,0,0,0,0,0
16143283,775,48,2,0,0,0,0,0,0,0,0,0,0,0,0,0
16153965,776,32,2,0,0,0,0,0,0,0,0,0,0,0,0,0
16162919,777,32,2,0,0,0,0,0,0,0,0,0,0,0,0,0
16171871,778,32,2,0,0,0,0,0,0,0,0,0,0,0,0,0
16180824,779,32,2,0,0,0,0,0,0,0,0,0,0,0,0,0
16189777,780,48,2,0,0,0,0,0,0,0,0,0,0,0,0,0
16200460,781,32,2,0,0,0,0,0,0,0,0,0,0,0,0,0
16209412,782,32,2,0,0,0,0,0,0,0,0,0,0,0,0,0
16218366,783,32,2,0,0,0,0,0,0,0,0,0,0,0,0,0
16227318,784,32,2,0,0,0,0,0,0,0,0,0,0,0,0,0
16236271,785,48,2,0,0,0,0,0,0,0,0,0,0,0,0,0
16246953,786,32,2,0,0,0,0,0,0,0,0,0,0,0,0,0
16255906,787,32,2,0,0,0,0,0,0,0,0,0,0,0,0,0
16264859,788,32,2,0,0,0,0,0,0,0,0,0,0,0,0,0
16273812,789,32,2,0,0,0,0,0,0,0,0,0,0,0,0,0
16282765,790,48,2,0,0,0,0,0,0,0,0,0,0,0,0,0
16293448,791,32,2,0,0,0,0,0,0,0,0,0,0,0,0,0
16302400,792,32,2,0,0,0,0,0,0,0,0,0,0,0,0,0
16311353,793,32,2,0,0,0,0,0,0,0,0,0,0,0,0,0
16320306,794,32,2,0,0,0,0,0,0,0,0,0,0,0,0,0
16329259,795,48,2,0,0,0,0,0,0,0,0,0,0,0,0,0
16339941,796,32,2,0,0,0,0,0,0,0,0,0,0,0,0,0
16348894,797,32,2,0,0,0,0,0,0,0,0,0,0,0,0,0
16357847,798,32,2,0,0,0,0,0,0,0,0,0,0,0,0,0
16366800,799,32,2,0,0,0,0,0,0,0,0,0,0,0,0,0
16375754,800,48,2,0,0,0,0,0,0,0,0,0,0,0,0,0
16386436,801,32,2,0,0,0,0,0,0,0,0,0,0,0,0,0
16395388,802,32,2,0,0,0,0,0,0,0,0,0,0,0,0,0
16404342,803,32,2,0,0,0,0,0,0,0,0,0,0,0,0,0
16413295,804,32,2,0,0,0,0,0,0,0,0,0,0,0,0,0
16422247,805,48,2,0,0,0,0,0,0,0,0,0,0,0,0,0
16432929,806,32,2,0,0,0,0,0,0,0,0,0,0,0,0,0
16441882,807,32,2,0,0,0,0,0,0,0,0,0,0,0,0,0
16450835,808,32,2,0,0,0,0,0,0,0,0,0,0,0,0,0
16459788,809,32,2,0,0,0,0,0,0,0,0,0,0,0,0,0
16468741,810,48,2,0,0,0,0,0,0,0,0,0,0,0,0,0
16479424,811,32,2,0,0,0,0,0,0,0,0,0,0,0,0,0
16488376,812,32,2,0,0,0,0,0,0,0,0,0,0,0,0,0
16497329,813,32,2,0,0,0,0,0,0,0,0,0,0,0,0,0
16506282,814,32,2,0,0,0,0,0,0,0,0,0,0,0,0,0
16515235,815,48,2,0,0,0,0,0,0,0,0,0,0,0,0,0
16525917,816,32,2,0,0,0,0,0,0,0,0,0,0,0,0,0
16534871,817,32,2,0,0,0,0,0,0,0,0,0,0,0,0,0
16543823,818,32,2,0,0,0,0,0,0,0,0,0,0,0,0,0
16552776,819,32,2,0,0,0,0,0,0,0,0,0,0,0,0,0
16561730,820,48,2,0,0,0,0,0,0,0,0,0,0,0,0,0
16572412,821,32,2,0,0,0,0,0,0,0,0,0,0,0,0,0
16581365,822,32,2,0,0,0,0,0,0,0,0,0,0,0,0,0
16590318,823,32,2,0,0,0,0,0,0,0,0,0,0,0,0,0
16599270,824,32,2,0,0,0,0,0,0,0,0,0,0,0,0,0
16608223,825,48,2,0,0,0,0,0,0,0,0,0,0,0,0,0
16618905,826,32,2,0,0,0,0,0,0,0,0,0,0,0,0,0
16627858,827,32,2,0,0,0,0,0,0,0,0,0,0,0,0,0
16636811,828,32,2,0,0,0,0,0,0,0,0,0,0,0,0,0
16645764,829,32,2,0,0,0,0,0,0,0,0,0,0,0,0,0
16654717,830,48,2,0,0,0,0,0,0,0,0,0,0,0,0,0
16665400,831,32,2,0,0,0,0,0,0,0,0,0,0,0,0,0
16674352,832,32,2,0,0,0,0,0,0,0,0,0,0,0,0,0
16683306,833,32,2,0,0,0,0,0,0,0,0,0,0,0,0,0
16692259,834,32,2,0,0,0,0,0,0,0,0,0,0,0,0,0
16701211,835,48,2,0,0,0,0,0,0,0,0,0,0,0,0,0
16711893,836,32,2,0,0,0,0,0,0,0,0,0,0,0,0,0
16720846,837,32,2,0,0,0,0,0,0,0,0,0,0,0,0,0
16729799,838,32,2,0,0,0,0,0,0,0,0,0,0,0,0,0
16738752,839,32,2,0,0,0,0,0,0,0,0,0,0,0,0,0
16747705,840,48,2,0,0,0,0,0,0,0,0,0,0,0,0,0
16758388,841,32,2,0,0,0,0,0,0,0,0,0,0,0,0,0
16767340,842,32,2,0,0,0,0,0,0,0,0,0,0,0,0,0
16776293,843,32,2,0,0,0,0,0,0,0,0,0,0,0,0,0
16785246,844,32,2,0,0,0,0,0,0,0,0,0,0,0,0,0
16794199,845,48,2,0,0,0,0,0,0,0,0,0,0,0,0,0
16804881,846,32,2,0,0,0,0,0,0,0,0,0,0,0,0,0
16813835,847,32,2,0,0,0,0,0,0,0,0,0,0,0,0,0
16822787,848,32,2,0,0,0,0,0,0,0,0,0,0,0,0,0
16831740,849,32,2,0,0,0,0,0,0,0,0,0,0,0,0,0
16840694,850,48,2,0,0,0,0,0,0,0,0,0,0,0,0,0
16857649,851,32,2,0,0,0,0,0,0,0,0,0,0,0,0,0
16866590,852,32,2,0,0,0,0,0,0,0,0,0,0,0,0,0
16875543,853,32,2,0,0,0,0,0,0,0,0,0,0,0,0,0
16884496,854,32,2,0,0,0,0,0,0,0,0,0,0,0,0,0
16893449,855,48,2,0,0,0,0,0,0,0,0,0,0,0,0,0
16904131,856,32,2,0,0,0,0,0,0,0,0,0,0,0,0,0
16913084,857,32,2,0,0,0,0,0,0,0,0,0,0,0,0,0
16922037,858,32,2,0,0,0,0,0,0,0,0,0,0,0,0,0
16930990,859,32,2,0,0,0,0,0,0,0,0,0,0,0,0,0
16939943,860,48,2,0,0,0,0,0,0,0,0,0,0,0,0,0
16950626,861,32,2,0,0,0,0,0,0,0,0,0,0,0,0,0
16959578,862,32,2,0,0,0,0,0,0,0,0,0,0,0,0,0
16968531,863,32,2,0,0,0,0,0,0,0,0,0,0,0,0,0
16977484,864,32,2,0,0,0,0,0,0,0,0,0,0,0,0,0
16986437,865,48,2,0,0,0,0,0,0,0,0,0,0,0,0,0
16997119,866,32,2,0,0,0,0,0,0,0,0,0,0,0,0,0
17006072,867,32,2,0,0,0,0,0,0,0,0,0,0,0,0,0
17015025,868,32,2,0,0,0,0,0,0,0,0,0,0,0,0,0
17023978,869,32,2,0,0,0,0,0,0,0,0,0,0,0,0,0
17032931,870,48,2,0,0,0,0,0,0,0,0,0,0,0,0,0
17043614,871,32,2,0,0,0,0,0,0,0,0,0,0,0,0,0
17052566,872,32,2,0,0,0,0,0,0,0,0,0,0,0,0,0
17061519,873,32,2,0,0,0,0,0,0,0,0,0,0,0,0,0
17070472,874,32,2,0,0,0,0,0,0,0,0,0,0,0,0,0
17079425,875,48,2,0,0,0,0,0,0,0,0,0,0,0,0,0
17090107,876,32,2,0,0,0,0,0,0,0,0,0,0,0,0,0
17099060,877,32,2,0,0,0,0,0,0,0,0,0,0,0,0,0
17108013,878,32,2,0,0,0,0,0,0,0,0,0,0,0,0,0
17116966,879,32,2,0,0,0,0,0,0,0,0,0,0,0,0,0
17125919,880,48,2,0,0,0,0,0,0,0,0,0,0,0,0,0
17136602,881,32,2,0,0,0,0,0,0,0,0,0,0,0,0,0
17145554,882,32,2,0,0,0,0,0,0,0,0,0,0,0,0,0
17154507,883,32,2,0,0,0,0,0,0,0,0,0,0,0,0,0
17163460,884,32,2,0,0,0,0,0,0,0,0,0,0,0,0,0
17172413,885,48,2,0,0,0,0,0,0,0,0,0,0,0,0,0
17183095,886,32,2,0,0,0,0,0,0,0,0,0,0,0,0,0
17192048,887,32,2,0,0,0,0,0,0,0,0,0,0,0,0,0
17201001,888,32,2,0,0,0,0,0,0,0,0,0,0,0,0,0
17209954,889,32,2,0,0,0,0,0,0,0,0,0,0,0,0,0
17218907,890,48,2,0,0,0,0,0,0,0,0,0,0,0,0,0
17229590,891,32,2,0,0,0,0,0,0,0,0,0,0,0,0,0
17238542,892,32,2,0,0,0,0,0,0,0,0,0,0,0,0,0
17247495,893,32,2,0,0,0,0,0,0,0,0,0,0,0,0,0
17256448,894,32,2,0,0,0,0,0,0,0,0,0,0,0,0,0
17265401,895,48,2,0,0,0,0,0,0,0,0,0,0,0,0,0
17276083,896,32,2,0,0,0,0,0,0,0,0,0,0,0,0,0
17285036,897,32,2,0,0,0,0,0,0,0,0,0,0,0,0,0
17293989,898,32,2,0,0,0,0,0,0,0,0,0,0,0,0,0
17302943,899,32,2,0,0,0,0,0,0,0,0,0,0,0,0,0
17311895,900,48,2,0,0,0,0,0,0,0,0,0,0,0,0,0
17322577,901,32,2,0,0,0,0,0,0,0,0,0,0,0,0,0
17331530,902,32,2,0,0,0,0,0,0,0,0,0,0,0,0,0
17340483,903,32,2,0,0,0,0,0,0,0,0,0,0,0,0,0
17349436,904,32,2,0,0,0,0,0,0,0,0,0,0,0,0,0
17358389,905,48,2,0,0,0,0,0,0,0,0,0,0,0,0,0
17369071,906,32,2,0,0,0,0,0,0,0,0,0,0,0,0,0
17378024,907,32,2,0,0,0,0,0,0,0,0,0,0,0,0,0
17386978,908,32,2,0,0,0,0,0,0,0,0,0,0,0,0,0
17395930,909,32,2,0,0,0,0,0,0,0,0,0,0,0,0,0
17404883,910,48,2,0,0,0,0,0,0,0,0,0,0,0,0,0
17415566,911,32,2,0,0,0,0,0,0,0,0,0,0,0,0,0
17424518,912,32,2,0,0,0,0,0,0,0,0,0,0,0,0,0
17433471,913,32,2,0,0,0,0,0,0,0,0,0,0,0,0,0
17442424,914,32,2,0,0,0,0,0,0,0,0,0,0,0,0,0
17451377,915,48,2,0,0,0,0,0,0,0,0,0,0,0,0,0
17462059,916,32,2,0,0,0,0,0,0,0,0,0,0,0,0,0
17471012,917,32,2,0,0,0,0,0,0,0,0,0,0,0,0,0
17479965,918,32,2,0,0,0,0,0,0,0,0,0,0,0,0,0
17488918,919,32,2,0,0,0,0,0,0,0,0,0,0,0,0,0
17497871,920,48,2,0,0,0,0,0,0,0,0,0,0,0,0,0
17508554,921,32,2,0,0,0,0,0,0,0,0,0,0,0,0,0
17517506,922,32,2,0,0,0,0,0,0,0,0,0,0,0,0,0
17526459,923,32,2,0,0,0,0,0,0,0,0,0,0,0,0,0
17535412,924,32,2,0,0,0,0,0,0,0,0,0,0,0,0,0
17544365,925,48,2,0,0,0,0,0,0,0,0,0,0,0,0,0
17555047,926,32,2,0,0,0,0,0,0,0,0,0,0,0,0,0
17564000,927,32,2,0,0,0,0,0,0,0,0,0,0,0,0,0
17572953,928,32,2,0,0,0,0,0,0,0,0,0,0,0,0,0
17581906,929,32,2,0,0,0,0,0,0,0,0,0,0,0,0,0
17590859,930,48,2,0,0,0,0,0,0,0,0,0,0,0,0,0
17601542,931,32,2,0,0,0,0,0,0,0,0,0,0,0,0,0
17610494,932,32,2,0,0,0,0,0,0,0,0,0,0,0,0,0
17619447,933,32,2,0,0,0,0,0,0,0,0,0,0,0,0,0
17628400,934,32,2,0,0,0,0,0,0,0,0,0,0,0,0,0
17637353,935,48,2,0,0,0,0,0,0,0,0,0,0,0,0,0
17648035,936,32,2,0,0,0,0,0,0,0,0,0,0,0,0,0
17656988,937,32,2,0,0,0,0,0,0,0,0,0,0,0,0,0
17665941,938,32,2,0,0,0,0,0,0,0,0,0,0,0,0,0
17674894,939,32,2,0,0,0,0,0,0,0,0,0,0,0,0,0
17683847,940,48,2,0,0,0,0,0,0,0,0,0,0,0,0,0
17694530,941,32,2,0,0,0,0,0,0,0,0,0,0,0,0,0
17703482,942,32,2,0,0,0,0,0,0,0,0,0,0,0,0,0
17712435,943,32,2,0,0,0,0,0,0,0,0,0,0,0,0,0
17721388,944,32,2,0,0,0,0,0,0,0,0,0,0,0,0,0
17730341,945,48,2,0,0,0,0,0,0,0,0,0,0,0,0,0
17741023,946,32,2,0,0,0,0,0,0,0,0,0,0,0,0,0
17749976,947,32,2,0,0,0,0,0,0,0,0,0,0,0,0,0
17758929,948,32,2,0,0,0,0,0,0,0,0,0,0,0,0,0
17767883,949,32,2,0,0,0,0,0,0,0,0,0,0,0,0,0
17776835,950,48,2,0,0,0,0,0,0,0,0,0,0,0,0,0
17787518,951,32,2,0,0,0,0,0,0,0,0,0,0,0,0,0
17796470,952,32,2,0,0,0,0,0,0,0,0,0,0,0,0,0
17805424,953,32,2,0,0,0,0,0,0,0,0,0,0,0,0,0
17814377,954,32,2,0,0,0,0,0,0,0,0,0,0,0,0,0
17823329,955,48,2,0,0,0,0,0,0,0,0,0,0,0,0,0
17834011,956,32,2,0,0,0,0,0,0,0,0,0,0,0,0,0
17842964,957,32,2,0,0,0,0,0,0,0,0,0,0,0,0,0
17851918,958,32,2,0,0,0,0,0,0,0,0,0,0,0,0,0
17860870,959,32,2,0,0,0,0,0,0,0,0,0,0,0,0,0
17869823,960,48,2,0,0,0,0,0,0,0,0,0,0,0,0,0
17880505,961,32,2,0,0,0,0,0,0,0,0,0,0,0,0,0
17889458,962,32,2,0,0,0,0,0,0,0,0,0,0,0,0,0
17898411,963,32,2,0,0,0,0,0,0,0,0,0,0,0,0,0
17907364,964,32,2,0,0,0,0,0,0,0,0,0,0,0,0,0
17916318,965,48,2,0,0,0,0,0,0,0,0,0,0,0,0,0
17926999,966,32,2,0,0,0,0,0,0,0,0,0,0,0,0,0
17935952,967,32,2,0,0,0,0,0,0,0,0,0,0,0,0,0
17944905,968,32,2,0,0,0,0,0,0,0,0,0,0,0,0,0
17953858,969,32,2,0,0,0,0,0,0,0,0,0,0,0,0,0
17962811,970,48,2,0,0,0,0,0,0,0,0,0,0,0,0,0
17973494,971,32,2,0,0,0,0,0,0,0,0,0,0,0,0,0
17982446,972,32,2,0,0,0,0,0,0,0,0,0,0,0,0,0
17991399,973,32,2,0,0,0,0,0,0,0,0,0,0,0,0,0
18000352,974,32,2,0,0,0,0,0,0,0,0,0,0,0,0,0
18009305,975,48,2,0,0,0,0,0,0,0,0,0,0,0,0,0
18019987,976,32,2,0,0,0,0,0,0,0,0,0,0,0,0,0
18028940,977,32,2,0,0,0,0,0,0,0,0,0,0,0,0,0
18037893,978,32,2,0,0,0,0,0,0,0,0,0,0,0,0,0
18046846,979,32,2,0,0,0,0,0,0,0,0,0,0,0,0,0
18055799,980,48,2,0,0,0,0,0,0,0,0,0,0,0,0,0
18066482,981,32,2,0,0,0,0,0,0,0,0,0,0,0,0,0
18075434,982,32,2,0,0,0,0,0,0,0,0,0,0,0,0,0
18084388,983,32,2,0,0,0,0,0,0,0,0,0,0,0,0,0
18093340,984,32,2,0,0,0,0,0,0,0,0,0,0,0,0,0
18102293,985,48,2,0,0,0,0,0,0,0,0,0,0,0,0,0
18112975,986,32,2,0,0,0,0,0,0,0,0,0,0,0,0,0
18121928,987,32,2,0,0,0,0,0,0,0,0,0,0,0,0,0
18130881,988,32,2,0,0,0,0,0,0,0,0,0,0,0,0,0
18139835,989,32,2,0,0,0,0,0,0,0,0,0,0,0,0,0
18148787,990,48,2,0,0,0,0,0,0,0,0,0,0,0,0,0
18159469,991,32,2,0,0,0,0,0,0,0,0,0,0,0,0,0
18168423,992,32,2,0,0,0,0,0,0,0,0,0,0,0,0,0
18177375,993,32,2,0,0,0,0,0,0,0,0,0,0,0,0,0
18186328,994,32,2,0,0,0,0,0,0,0,0,0,0,0,0,0
18195281,995,48,2,0,0,0,0,0,0,0,0,0,0,0,0,0
18205963,996,32,2,0,0,0,0,0,0,0,0,0,0,0,0,0
18214916,997,32,2,0,0,0,0,0,0,0,0,0,0,0,0,0
18223869,998,32,2,0,0,0,0,0,0,0,0,0,0,0,0,0
18232822,999,32,2,0,0,0,0,0,0,0,0,0,0,0,0,0
18241775,1000,48,2,0,0,0,0,0,0,0,0,0,0,0,0,0
18252458,1001,32,2,0,0,0,0,0,0,0,0,0,0,0,0,0
18261410,1002,32,2,0,0,0,0,0,0,0,0,0,0,0,0,0
18270363,1003,32,2,0,0,0,0,0,0,0,0,0,0,0,0,0
18279316,1004,32,2,0,0,0,0,0,0,0,0,0,0,0,0,0
18288269,1005,48,2,0,0,0,0,0,0,0,0,0,0,0,0,0
18298951,1006,32,2,0,0,0,0,0,0,0,0,0,0,0,0,0
18307904,1007,32,2,0,0,0,0,0,0,0,0,0,0,0,0,0
18316858,1008,32,2,0,0,0,0,0,0,0,0,0,0,0,0,0
18325810,1009,32,2,0,0,0,0,0,0,0,0,0,0,0,0,0
18334764,1010,48,2,0,0,0,0,0,0,0,0,0,0,0,0,0
18345446,1011,32,2,0,0,0,0,0,0,0,0,0,0,0,0,0
18354398,1012,32,2,0,0,0,0,0,0,0,0,0,0,0,0,0
18363352,1013,32,2,0,0,0,0,0,0,0,0,0,0,0,0,0
18372304,1014,32,2,0,0,0,0,0,0,0,0,0,0,0,0,0
18381257,1015,48,2,0,0,0,0,0,0,0,0,0,0,0,0,0
18391939,1016,32,2,0,0,0,0,0,0,0,0,0,0,0,0,0
18400892,1017,32,2,0,0,0,0,0,0,0,0,0,0,0,0,0
18409845,1018,32,2,0,0,0,0,0,0,0,0,0,0,0,0,0
18418798,1019,32,2,0,0,0,0,0,0,0,0,0,0,0,0,0
18427751,1020,48,2,0,0,0,0,0,0,0,0,0,0,0,0,0
18442989,1021,32,2,0,0,0,0,0,0,0,0,0,0,0,0,0
18451930,1022,32,2,0,0,0,0,0,0,0,0,0,0,0,0,0
18460883,1023,32,2,0,0,0,0,0,0,0,0,0,0,0,0,0
18469837,1024,32,2,0,0,0,0,0,0,0,0,0,0,0,0,0
18478789,1025,48,2,0,0,0,0,0,0,0,0,0,0,0,0,0
18489471,1026,32,2,0,0,0,0,0,0,0,0,0,0,0,0,0
18498424,1027,32,2,0,0,0,0,0,0,0,0,0,0,0,0,0
18507377,1028,32,2,0,0,0,0,0,0,0,0,0,0,0,0,0
18516331,1029,32,2,0,0,0,0,0,0,0,0,0,0,0,0,0
18525283,1030,48,2,0,0,0,0,0,0,0,0,0,0,0,0,0
18535966,1031,32,2,0,0,0,0,0,0,0,0,0,0,0,0,0
18544918,1032,32,2,0,0,0,0,0,0,0,0,0,0,0,0,0
18553871,1033,32,2,0,0,0,0,0,0,0,0,0,0,0,0,0
18562825,1034,32,2,0,0,0,0,0,0,0,0,0,0,0,0,0
18571777,1035,48,2,0,0,0,0,0,0,0,0,0,0,0,0,0
18582459,1036,32,2,0,0,0,0,0,0,0,0,0,0,0,0,0
18591412,1037,32,2,0,0,0,0,0,0,0,0,0,0,0,0,0
18600365,1038,32,2,0,0,0,0,0,0,0,0,0,0,0,0,0
18609319,1039,32,2,0,0,0,0,0,0,0,0,0,0,0,0,0
18618271,1040,48,2,0,0,0,0,0,0,0,0,0,0,0,0,0
18628953,1041,32,2,0,0,0,0,0,0,0,0,0,0,0,0,0
18637906,1042,32,2,0,0,0,0,0,0,0,0,0,0,0,0,0
18646859,1043,32,2,0,0,0,0,0,0,0,0,0,0,0,0,0
18655813,1044,32,2,0,0,0,0,0,0,0,0,0,0,0,0,0
18664765,1045,48,2,0,0,0,0,0,0,0,0,0,0,0,0,0
18675447,1046,32,2,0,0,0,0,0,0,0,0,0,0,0,0,0
18684400,1047,32,2,0,0,0,0,0,0,0,0,0,0,0,0,0
18693353,1048,32,2,0,0,0,0,0,0,0,0,0,0,0,0,0
18702306,1049,32,2,0,0,0,0,0,0,0,0,0,0,0,0,0
18711259,1050,48,2,0,0,0,0,0,0,0,0,0,0,0,0,0
18721942,1051,32,2,0,0,0,0,0,0,0,0,0,0,0,0,0
18730894,1052,32,2,0,0,0,0,0,0,0,0,0,0,0,0,0
18739847,1053,32,2,0,0,0,0,0,0,0,0,0,0,0,0,0
18748800,1054,32,2,0,0,0,0,0,0,0,0,0,0,0,0,0
18757753,1055,48,2,0,0,0,0,0,0,0,0,0,0,0,0,0
18768435,1056,32,2,0,0,0,0,0,0,0,0,0,0,0,0,0
18777388,1057,32,2,0,0,0,0,0,0,0,0,0,0,0,0,0
18786342,1058,32,2,0,0,0,0,0,0,0,0,0,0,0,0,0
18795294,1059,32,2,0,0,0,0,0,0,0,0,0,0,0,0,0
18804247,1060,48,2,0,0,0,0,0,0,0,0,0,0,0,0,0
18814930,1061,32,2,0,0,0,0,0,0,0,0,0,0,0,0,0
18823882,1062,32,2,0,0,0,0,0,0,0,0,0,0,0,0,0
18832835,1063,32,2,0,0,0,0,0,0,0,0,0,0,0,0,0
18841788,1064,32,2,0,0,0,0,0,0,0,0,0,0,0,0,0
18850742,1065,48,2,0,0,0,0,0,0,0,0,0,0,0,0,0
18861423,1066,32,2,0,0,0,0,0,0,0,0,0,0,0,0,0
18870376,1067,32,2,0,0,0,0,0,0,0,0,0,0,0,0,0
18879330,1068,32,2,0,0,0,0,0,0,0,0,0,0,0,0,0
18888282,1069,32,2,0,0,0,0,0,0,0,0,0,0,0,0,0
18897235,1070,48,2,0,0,0,0,0,0,0,0,0,0,0,0,0
18907918,1071,32,2,0,0,0,0,0,0,0,0,0,0,0,0,0
18916871,1072,32,2,0,0,0,0,0,0,0,0,0,0,0,0,0
18925823,1073,32,2,0,0,0,0,0,0,0,0,0,0,0,0,0
18934790,1074,32,2,0,0,0,0,0,0,0,0,0,0,0,0,0
18943731,1075,48,2,0,0,0,0,0,0,0,0,0,0,0,0,0
18954413,1076,32,2,0,0,0,0,0,0,0,0,0,0,0,0,0
18963366,1077,32,2,0,0,0,0,0,0,0,0,0,0,0,0,0
18972319,1078,32,2,0,0,0,0,0,0,0,0,0,0,0,0,0
18981272,1079,32,2,0,0,0,0,0,0,0,0,0,0,0,0,0
18990225,1080,48,2,0,0,0,0,0,0,0,0,0,0,0,0,0
19000908,1081,32,2,0,0,0,0,0,0,0,0,0,0,0,0,0
19009861,1082,32,2,0,0,0,0,0,0,0,0,0,0,0,0,0
19018813,1083,32,2,0,0,0,0,0,0,0,0,0,0,0,0,0
19027766,1084,32,2,0,0,0,0,0,0,0,0,0,0,0,0,0
19036720,1085,48,2,0,0,0,0,0,0,0,0,0,0,0,0,0
19047401,1086,32,2,0,0,0,0,0,0,0,0,0,0,0,0,0
19056354,1087,32,2,0,0,0,0,0,0,0,0,0,0,0,0,0
19065307,1088,32,2,0,0,0,0,0,0,0,0,0,0,0,0,0
19074260,1089,32,2,0,0,0,0,0,0,0,0,0,0,0,0,0
19083213,1090,48,2,0,0,0,0,0,0,0,0,0,0,0,0,0
19093896,1091,32,2,0,0,0,0,0,0,0,0,0,0,0,0,0
19102849,1092,32,2,0,0,0,0,0,0,0,0,0,0,0,0,0
19111801,1093,32,2,0,0,0,0,0,0,0,0,0,0,0,0,0
19120754,1094,32,2,0,0,0,0,0,0,0,0,0,0,0,0,0
19129707,1095,48,2,0,0,0,0,0,0,0,0,0,0,0,0,0
19140389,1096,32,2,0,0,0,0,0,0,0,0,0,0,0,0,0
19149342,1097,32,2,0,0,0,0,0,0,0,0,0,0,0,0,0
19158295,1098,32,2,0,0,0,0,0,0,0,0,0,0,0,0,0
19167248,1099,32,2,0,0,0,0,0,0,0,0,0,0,0,0,0
19176201,1100,48,2,0,0,0,0,0,0,0,0,0,0,0,0,0
19186884,1101,32,2,0,0,0,0,0,0,0,0,0,0,0,0,0
19195837,1102,32,2,0,0,0,0,0,0,0,0,0,0,0,0,0
19204789,1103,32,2,0,0,0,0,0,0,0,0,0,0,0,0,0
19213742,1104,32,2,0,0,0,0,0,0,0,0,0,0,0,0,0
19222695,1105,48,2,0,0,0,0,0,0,0,0,0,0,0,0,0
19233377,1106,32,2,0,0,0,0,0,0,0,0,0,0,0,0,0
19242331,1107,32,2,0,0,0,0,0,0,0,0,0,0,0,0,0
19251283,1108,32,2,0,0,0,0,0,0,0,0,0,0,0,0,0
19260236,1109,32,2,0,0,0,0,0,0,0,0,0,0,0,0,0
19269189,1110,48,2,0,0,0,0,0,0,0,0,0,0,0,0,0
19279872,1111,32,2,0,0,0,0,0,0,0,0,0,0,0,0,0
19288825,1112,32,2,0,0,0,0,0,0,0,0,0,0,0,0,0
19297777,1113,32,2,0,0,0,0,0,0,0,0,0,0,0,0,0
19306730,1114,32,2,0,0,0,0,0,0,0,0,0,0,0,0,0
19315684,1115,48,2,0,0,0,0,0,0,0,0,0,0,0,0,0
19326365,1116,32,2,0,0,0,0,0,0,0,0,0,0,0,0,0
19335319,1117,32,2,0,0,0,0,0,0,0,0,0,0,0,0,0
19344271,1118,32,2,0,0,0,0,0,0,0,0,0,0,0,0,0
19353224,1119,32,2,0,0,0,0,0,0,0,0,0,0,0,0,0
19362177,1120,48,2,0,0,0,0,0,0,0,0,0,0,0,0,0
19372860,1121,32,2,0,0,0,0,0,0,0,0,0,0,0,0,0
19381813,1122,32,2,0,0,0,0,0,0,0,0,0,0,0,0,0
19390765,1123,32,2,0,0,0,0,0,0,0,0,0,0,0,0,0
19399718,1124,32,2,0,0,0,0,0,0,0,0,0,0,0,0,0
19408671,1125,48,2,0,0,0,0,0,0,0,0,0,0,0,0,0
19419353,1126,32,2,0,0,0,0,0,0,0,0,0,0,0,0,0
19428306,1127,32,2,0,0,0,0,0,0,0,0,0,0,0,0,0
19437259,1128,32,2,0,0,0,0,0,0,0,0,0,0,0,0,0
19446212,1129,32,2,0,0,0,0,0,0,0,0,0,0,0,0,0
19455165,1130,48,2,0,0,0,0,0,0,0,0,0,0,0,0,0
19465848,1131,32,2,0,0,0,0,0,0,0,0,0,0,0,0,0
19474800,1132,32,2,0,0,0,0,0,0,0,0,0,0,0,0,0
19483753,1133,32,2,0,0,0,0,0,0,0,0,0,0,0,0,0
19492706,1134,32,2,0,0,0,0,0,0,0,0,0,0,0,0,0
19501659,1135,48,2,0,0,0,0,0,0,0,0,0,0,0,0,0
19512341,1136,32,2,0,0,0,0,0,0,0,0,0,0,0,0,0
19521294,1137,32,2,0,0,0,0,0,0,0,0,0,0,0,0,0
19530247,1138,32,2,0,0,0,0,0,0,0,0,0,0,0,0,0
19539200,1139,32,2,0,0,0,0,0,0,0,0,0,0,0,0,0
19548153,1140,48,2,0,0,0,0,0,0,0,0,0,0,0,0,0
19558836,1141,32,2,0,0,0,0,0,0,0,0,0,0,0,0,0
19567788,1142,32,2,0,0,0,0,0,0,0,0,0,0,0,0,0
19576741,1143,32,2,0,0,0,0,0,0,0,0,0,0,0,0,0
19585694,1144,32,2,0,0,0,0,0,0,0,0,0,0,0,0,0
19594647,1145,48,2,0,0,0,0,0,0,0,0,0,0,0,0,0
19605329,1146,32,2,0,0,0,0,0,0,0,0,0,0,0,0,0
19614282,1147,32,2,0,0,0,0,0,0,0,0,0,0,0,0,0
19623235,1148,32,2,0,0,0,0,0,0,0,0,0,0,0,0,0
19632188,1149,32,2,0,0,0,0,0,0,0,0,0,0,0,0,0
19641141,1150,48,2,0,0,0,0,0,0,0,0,0,0,0,0,0
19651824,1151,32,2,0,0,0,0,0,0,0,0,0,0,0,0,0
19660776,1152,32,2,0,0,0,0,0,0,0,0,0,0,0,0,0
19669729,1153,32,2,0,0,0,0,0,0,0,0,0,0,0,0,0
19678682,1154,32,2,0,0,0,0,0,0,0,0,0,0,0,0,0
19687635,1155,48,2,0,0,0,0,0,0,0,0,0,0,0,0,0
19698317,1156,32,2,0,0,0,0,0,0,0,0,0,0,0,0,0
19707270,1157,32,2,0,0,0,0,0,0,0,0,0,0,0,0,0
19716223,1158,32,2,0,0,0,0,0,0,0,0,0,0,0,0,0
19725176,1159,32,2,0,0,0,0,0,0,0,0,0,0,0,0,0
19734129,1160,48,2,0,0,0,0,0,0,0,0,0,0,0,0,0
19744812,1161,32,2,0,0,0,0,0,0,0,0,0,0,0,0,0
19753764,1162,32,2,0,0,0,0,0,0,0,0,0,0,0,0,0
19762717,1163,32,2,0,0,0,0,0,0,0,0,0,0,0,0,0
19771671,1164,32,2,0,0,0,0,0,0,0,0,0,0,0,0,0
19780624,1165,48,2,0,0,0,0,0,0,0,0,0,0,0,0,0
19791305,1166,32,2,0,0,0,0,0,0,0,0,0,0,0,0,0
19800258,1167,32,2,0,0,0,0,0,0,0,0,0,0,0,0,0
19809211,1168,32,2,0,0,0,0,0,0,0,0,0,0,0,0,0
19818164,1169,32,2,0,0,0,0,0,0,0,0,0,0,0,0,0
19827117,1170,48,2,0,0,0,0,0,0,0,0,0,0,0,0,0
19837800,1171,32,2,0,0,0,0,0,0,0,0,0,0,0,0,0
19846752,1172,32,2,0,0,0,0,0,0,0,0,0,0,0,0,0
19855705,1173,32,2,0,0,0,0,0,0,0,0,0,0,0,0,0
19864658,1174,32,2,0,0,0,0,0,0,0,0,0,0,0,0,0
19873611,1175,48,2,0,0,0,0,0,0,0,0,0,0,0,0,0
19884293,1176,32,2,0,0,0,0,0,0,0,0,0,0,0,0,0
19893246,1177,32,2,0,0,0,0,0,0,0,0,0,0,0,0,0
19902199,1178,32,2,0,0,0,0,0,0,0,0,0,0,0,0,0
19911152,1179,32,2,0,0,0,0,0,0,0,0,0,0,0,0,0
19920105,1180,48,2,0,0,0,0,0,0,0,0,0,0,0,0,0
19930787,1181,32,2,0,0,0,0,0,0,0,0,0,0,0,0,0
19939740,1182,32,2,0,0,0,0,0,0,0,0,0,0,0,0,0
19948693,1183,32,2,0,0,0,0,0,0,0,0,0,0,0,0,0
19957646,1184,32,2,0,0,0,0,0,0,0,0,0,0,0,0,0
19966599,1185,48,2,0,0,0,0,0,0,0,0,0,0,0,0,0
19977281,1186,32,2,0,0,0,0,0,0,0,0,0,0,0,0,0
19986234,1187,32,2,0,0,0,0,0,0,0,0,0,0,0,0,0
19995187,1188,32,2,0,0,0,0,0,0,0,0,0,0,0,0,0
20004140,1189,32,2,0,0,0,0,0,0,0,0,0,0,0,0,0
20013093,1190,48,2,0,0,0,0,0,0,0,0,0,0,0,0,0
20030287,1191,32,2,0,0,0,0,0,0,0,0,0,0,0,0,0
20039228,1192,32,2,0,0,0,0,0,0,0,0,0,0,0,0,0
20048181,1193,32,2,0,0,0,0,0,0,0,0,0,0,0,0,0
20057134,1194,32,2,0,0,0,0,0,0,0,0,0,0,0,0,0
20066087,1195,48,2,0,0,0,0,0,0,0,0,0,0,0,0,0
20076769,1196,32,2,0,0,0,0,0,0,0,0,0,0,0,0,0
20085723,1197,32,2,0,0,0,0,0,0,0,0,0,0,0,0,0
20094675,1198,32,2,0,0,0,0,0,0,0,0,0,0,0,0,0
20103628,1199,32,2,0,0,0,0,0,0,0,0,0,0,0,0,0
20112581,1200,48,2,0,0,0,0,0,0,0,0,0,0,0,0,0
20123263,1201,32,2,0,0,0,0,0,0,0,0,0,0,0,0,0
20132216,1202,32,2,0,0,0,0,0,0,0,0,0,0,0,0,0
20141169,1203,32,2,0,0,0,0,0,0,0,0,0,0,0,0,0
20150122,1204,32,2,0,0,0,0,0,0,0,0,0,0,0,0,0
20159075,1205,48,2,0,0,0,0,0,0,0,0,0,0,0,0,0
20169757,1206,32,2,0,0,0,0,0,0,0,0,0,0,0,0,0
20178710,1207,32,2,0,0,0,0,0,0,0,0,0,0,0,0,0
20187663,1208,32,2,0,0,0,0,0,0,0,0,0,0,0,0,0
20196616,1209,32,2,0,0,0,0,0,0,0,0,0,0,0,0,0
20205569,1210,48,2,0,0,0,0,0,0,0,0,0,0,0,0,0
20216252,1211,32,2,0,0,0,0,0,0,0,0,0,0,0,0,0
20225204,1212,32,2,0,0,0,0,0,0,0,0,0,0,0,0,0
20234157,1213,32,2,0,0,0,0,0,0,0,0,0,0,0,0,0
20243110,1214,32,2,0,0,0,0,0,0,0,0,0,0,0,0,0
20252063,1215,48,2,0,0,0,0,0,0,0,0,0,0,0,0,0
20262745,1216,32,2,0,0,0,0,0,0,0,0,0,0,0,0,0
20271699,1217,32,2,0,0,0,0,0,0,0,0,0,0,0,0,0
20280651,1218,32,2,0,0,0,0,0,0,0,0,0,0,0,0,0
20289604,1219,32,2,0,0,0,0,0,0,0,0,0,0,0,0,0
20298557,1220,48,2,0,0,0,0,0,0,0,0,0,0,0,0,0
20309240,1221,32,2,0,0,0,0,0,0,0,0,0,0,0,0,0
20318192,1222,32,2,0,0,0,0,0,0,0,0,0,0,0,0,0
20327145,1223,32,2,0,0,0,0,0,0,0,0,0,0,0,0,0
20336098,1224,32,2,0,0,0,0,0,0,0,0,0,0,0,0,0
20345051,1225,48,2,0,0,0,0,0,0,0,0,0,0,0,0,0
20355733,1226,32,2,0,0,0,0,0,0,0,0,0,0,0,0,0
20364686,1227,32,2,0,0,0,0,0,0,0,0,0,0,0,0,0
20373639,1228,32,2,0,0,0,0,0,0,0,0,0,0,0,0,0
20382592,1229,32,2,0,0,0,0,0,0,0,0,0,0,0,0,0
20391545,1230,48,2,0,0,0,0,0,0,0,0,0,0,0,0,0
20402227,1231,32,2,0,0,0,0,0,0,0,0,0,0,0,0,0
20411180,1232,32,2,0,0,0,0,0,0,0,0,0,0,0,0,0
20420133,1233,32,2,0,0,0,0,0,0,0,0,0,0,0,0,0
20429086,1234,32,2,0,0,0,0,0,0,0,0,0,0,0,0,0
20438039,1235,48,2,0,0,0,0,0,0,0,0,0,0,0,0,0
20448721,1236,32,2,0,0,0,0,0,0,0,0,0,0,0,0,0
20457674,1237,32,2,0,0,0,0,0,0,0,0,0,0,0,0,0
20466628,1238,32,2,0,0,0,0,0,0,0,0,0,0,0,0,0
20475580,1239,32,2,0,0,0,0,0,0,0,0,0,0,0,0,0
20484534,1240,48,2,0,0,0,0,0,0,0,0,0,0,0,0,0
20495215,1241,32,2,0,0,0,0,0,0,0,0,0,0,0,0,0
20504168,1242,32,2,0,0,0,0,0,0,0,0,0,0,0,0,0
20513121,1243,32,2,0,0,0,0,0,0,0,0,0,0,0,0,0
20522074,1244,32,2,0,0,0,0,0,0,0,0,0,0,0,0,0
20531027,1245,48,2,0,0,0,0,0,0,0,0,0,0,0,0,0
20541709,1246,32,2,0,0,0,0,0,0,0,0,0,0,0,0,0
20550662,1247,32,2,0,0,0,0,0,0,0,0,0,0,0,0,0
20559615,1248,32,2,0,0,0,0,0,0,0,0,0,0,0,0,0
20568569,1249,32,2,0,0,0,0,0,0,0,0,0,0,0,0,0
20577522,1250,48,2,0,0,0,0,0,0,0,0,0,0,0,0,0
20588204,1251,32,2,0,0,0,0,0,0,0,0,0,0,0,0,0
20597156,1252,32,2,0,0,0,0,0,0,0,0,0,0,0,0,0
20606109,1253,32,2,0,0,0,0,0,0,0,0,0,0,0,0,0
20615062,1254,32,2,0,0,0,0,0,0,0,0,0,0,0,0,0
20624015,1255,48,2,0,0,0,0,0,0,0,0,0,0,0,0,0
20634697,1256,32,2,0,0,0,0,0,0,0,0,0,0,0,0,0
20643650,1257,32,2,0,0,0,0,0,0,0,0,0,0,0,0,0
20652603,1258,32,2,0,0,0,0,0,0,0,0,0,0,0,0,0
20661556,1259,32,2,0,0,0,0,0,0,0,0,0,0,0,0,0
20670509,1260,48,2,0,0,0,0,0,0,0,0,0,0,0,0,0
20681192,1261,32,2,0,0,0,0,0,0,0,0,0,0,0,0,0
20690144,1262,32,2,0,0,0,0,0,0,0,0,0,0,0,0,0
20699097,1263,32,2,0,0,0,0,0,0,0,0,0,0,0,0,0
20708050,1264,32,2,0,0,0,0,0,0,0,0,0,0,0,0,0
20717003,1265,48,2,0,0,0,0,0,0,0,0,0,0,0,0,0
20727685,1266,32,2,0,0,0,0,0,0,0,0,0,0,0,0,0
20736639,1267,32,2,0,0,0,0,0,0,0,0,0,0,0,0,0
20745592,1268,32,2,0,0,0,0,0,0,0,0,0,0,0,0,0
20754545,1269,32,2,0,0,0,0,0,0,0,0,0,0,0,0,0
20763497,1270,48,2,0,0,0,0,0,0,0,0,0,0,0,0,0
20774180,1271,32,2,0,0,0,0,0,0,0,0,0,0,0,0,0
20783132,1272,32,2,0,0,0,0,0,0,0,0,0,0,0,0,0
20792085,1273,32,2,0,0,0,0,0,0,0,0,0,0,0,0,0
20801038,1274,32,2,0,0,0,0,0,0,0,0,0,0,0,0,0
20809991,1275,48,2,0,0,0,0,0,0,0,0,0,0,0,0,0
20820673,1276,32,2,0,0,0,0,0,0,0,0,0,0,0,0,0
20829627,1277,32,2,0,0,0,0,0,0,0,0,0,0,0,0,0
20838579,1278,32,2,0,0,0,0,0,0,0,0,0,0,0,0,0
20847532,1279,32,2,0,0,0,0,0,0,0,0,0,0,0,0,0
20856485,1280,48,2,0,0,0,0,0,0,0,0,0,0,0,0,0
20867168,1281,32,2,0,0,0,0,0,0,0,0,0,0,0,0,0
20876120,1282,32,2,0,0,0,0,0,0,0,0,0,0,0,0,0
20885073,1283,32,2,0,0,0,0,0,0,0,0,0,0,0,0,0
20894026,1284,32,2,0,0,0,0,0,0,0,0,0,0,0,0,0
20902979,1285,48,2,0,0,0,0,0,0,0,0,0,0,0,0,0
20913661,1286,32,2,0,0,0,0,0,0,0,0,0,0,0,0,0
20922614,1287,32,2,0,0,0,0,0,0,0,0,0,0,0,0,0
20931567,1288,32,2,0,0,0,0,0,0,0,0,0,0,0,0,0
20940520,1289,32,2,0,0,0,0,0,0,0,0,0,0,0,0,0
20949473,1290,48,2,0,0,0,0,0,0,0,0,0,0,0,0,0
20960156,1291,32,2,0,0,0,0,0,0,0,0,0,0,0,0,0
20969108,1292,32,2,0,0,0,0,0,0,0,0,0,0,0,0,0
20978061,1293,32,2,0,0,0,0,0,0,0,0,0,0,0,0,0
20987014,1294,32,2,0,0,0,0,0,0,0,0,0,0,0,0,0
20995967,1295,48,2,0,0,0,0,0,0,0,0,0,0,0,0,0
21006649,1296,32,2,0,0,0,0,0,0,0,0,0,0,0,0,0
21015602,1297,32,2,0,0,0,0,0,0,0,0,0,0,0,0,0
21024555,1298,32,2,0,0,0,0,0,0,0,0,0,0,0,0,0
21033508,1299,32,2,0,0,0,0,0,0,0,0,0,0,0,0,0
21042461,1300,48,2,0,0,0,0,0,0,0,0,0,0,0,0,0
21053144,1301,32,2,0,0,0,0,0,0,0,0,0,0,0,0,0
21062096,1302,32,2,0,0,0,0,0,0,0,0,0,0,0,0,0
21071049,1303,32,2,0,0,0,0,0,0,0,0,0,0,0,0,0
21080002,1304,32,2,0,0,0,0,0,0,0,0,0,0,0,0,0
21088955,1305,48,2,0,0,0,0,0,0,0,0,0,0,0,0,0
21099637,1306,32,2,0,0,0,0,0,0,0,0,0,0,0,0,0
21108590,1307,32,2,0,0,0,0,0,0,0,0,0,0,0,0,0
21117543,1308,32,2,0,0,0,0,0,0,0,0,0,0,0,0,0
21126496,1309,32,2,0,0,0,0,0,0,0,0,0,0,0,0,0
21135449,1310,48,2,0,0,0,0,0,0,0,0,0,0,0,0,0
21146132,1311,32,2,0,0,0,0,0,0,0,0,0,0,0,0,0
21155084,1312,32,2,0,0,0,0,0,0,0,0,0,0,0,0,0
21164037,1313,32,2,0,0,0,0,0,0,0,0,0,0,0,0,0
21172990,1314,32,2,0,0,0,0,0,0,0,0,0,0,0,0,0
21181943,1315,48,2,0,0,0,0,0,0,0,0,0,0,0,0,0
21192625,1316,32,2,0,0,0,0,0,0,0,0,0,0,0,0,0
21201578,1317,32,2,0,0,0,0,0,0,0,0,0,0,0,0,0
21210531,1318,32,2,0,0,0,0,0,0,0,0,0,0,0,0,0
21219484,1319,32,2,0,0,0,0,0,0,0,0,0,0,0,0,0
21228437,1320,48,2,0,0,0,0,0,0,0,0,0,0,0,0,0
21239120,1321,32,2,0,0,0,0,0,0,0,0,0,0,0,0,0
21248072,1322,32,2,0,0,0,0,0,0,0,0,0,0,0,0,0
21257025,1323,32,2,0,0,0,0,0,0,0,0,0,0,0,0,0
21265978,1324,32,2,0,0,0,0,0,0,0,0,0,0,0,0,0
21274931,1325,48,2,0,0,0,0,0,0,0,0,0,0,0,0,0
21285613,1326,32,2,0,0,0,0,0,0,0,0,0,0,0,0,0
21294566,1327,32,2,0,0,0,0,0,0,0,0,0,0,0,0,0
21303519,1328,32,2,0,0,0,0,0,0,0,0,0,0,0,0,0
21312472,1329,32,2,0,0,0,0,0,0,0,0,0,0,0,0,0
21321425,1330,48,2,0,0,0,0,0,0,0,0,0,0,0,0,0
21332108,1331,32,2,0,0,0,0,0,0,0,0,0,0,0,0,0
21341060,1332,32,2,0,0,0,0,0,0,0,0,0,0,0,0,0
21350013,1333,32,2,0,0,0,0,0,0,0,0,0,0,0,0,0
21358966,1334,32,2,0,0,0,0,0,0,0,0,0,0,0,0,0
21367919,1335,48,2,0,0,0,0,0,0,0,0,0,0,0,0,0
21378601,1336,32,2,0,0,0,0,0,0,0,0,0,0,0,0,0
21387554,1337,32,2,0,0,0,0,0,0,0,0,0,0,0,0,0
21396507,1338,32,2,0,0,0,0,0,0,0,0,0,0,0,0,0
21405460,1339,32,2,0,0,0,0,0,0,0,0,0,0,0,0,0
21414413,1340,48,2,0,0,0,0,0,0,0,0,0,0,0,0,0
21425096,1341,32,2,0,0,0,0,0,0,0,0,0,0,0,0,0
21434048,1342,32,2,0,0,0,0,0,0,0,0,0,0,0,0,0
21443001,1343,32,2,0,0,0,0,0,0,0,0,0,0,0,0,0
21451954,1344,32,2,0,0,0,0,0,0,0,0,0,0,0,0,0
21460907,1345,48,2,0,0,0,0,0,0,0,0,0,0,0,0,0
21471589,1346,32,2,0,0,0,0,0,0,0,0,0,0,0,0,0
21480543,1347,32,2,0,0,0,0,0,0,0,0,0,0,0,0,0
21489495,1348,32,2,0,0,0,0,0,0,0,0,0,0,0,0,0
21498448,1349,32,2,0,0,0,0,0,0,0,0,0,0,0,0,0
21507401,1350,48,2,0,0,0,0,0,0,0,0,0,0,0,0,0
21518084,1351,32,2,0,0,0,0,0,0,0,0,0,0,0,0,0
21527037,1352,32,2,0,0,0,0,0,0,0,0,0,0,0,0,0
21535989,1353,32,2,0,0,0,0,0,0,0,0,0,0,0,0,0
21544942,1354,32,2,0,0,0,0,0,0,0,0,0,0,0,0,0
21553895,1355,48,2,0,0,0,0,0,0,0,0,0,0,0,0,0
21564577,1356,32,2,0,0,0,0,0,0,0,0,0,0,0,0,0
21573530,1357,32,2,0,0,0,0,0,0,0,0,0,0,0,0,0
21582483,1358,32,2,0,0,0,0,0,0,0,0,0,0,0,0,0
21591436,1359,32,2,0,0,0,0,0,0,0,0,0,0,0,0,0
21600389,1360,48,2,0,0,0,0,0,0,0,0,0,0,0,0,0
21615260,1361,32,2,0,0,0,0,0,0,0,0,0,0,0,0,0
21624201,1362,32,2,0,0,0,0,0,0,0,0,0,0,0,0,0
21633154,1363,32,2,0,0,0,0,0,0,0,0,0,0,0,0,0
21642107,1364,32,2,0,0,0,0,0,0,0,0,0,0,0,0,0
21651060,1365,48,2,0,0,0,0,0,0,0,0,0,0,0,0,0
21661742,1366,32,2,0,0,0,0,0,0,0,0,0,0,0,0,0
21670696,1367,32,2,0,0,0,0,0,0,0,0,0,0,0,0,0
21679648,1368,32,2,0,0,0,0,0,0,0,0,0,0,0,0,0
21688602,1369,32,2,0,0,0,0,0,0,0,0,0,0,0,0,0
21697554,1370,48,2,0,0,0,0,0,0,0,0,0,0,0,0,0
21708236,1371,32,2,0,0,0,0,0,0,0,0,0,0,0,0,0
21717189,1372,32,2,0,0,0,0,0,0,0,0,0,0,0,0,0
21726142,1373,32,2,0,0,0,0,0,0,0,0,0,0,0,0,0
21735095,1374,32,2,0,0,0,0,0,0,0,0,0,0,0,0,0
21744048,1375,48,2,0,0,0,0,0,0,0,0,0,0,0,0,0
21754730,1376,32,2,0,0,0,0,0,0,0,0,0,0,0,0,0
21763683,1377,32,2,0,0,0,0,0,0,0,0,0,0,0,0,0
21772636,1378,32,2,0,0,0,0,0,0,0,0,0,0,0,0,0
21781589,1379,32,2,0,0,0,0,0,0,0,0,0,0,0,0,0
21790542,1380,48,2,0,0,0,0,0,0,0,0,0,0,0,0,0
21801225,1381,32,2,0,0,0,0,0,0,0,0,0,0,0,0,0
21810177,1382,32,2,0,0,0,0,0,0,0,0,0,0,0,0,0
21819130,1383,32,2,0,0,0,0,0,0,0,0,0,0,0,0,0
21828083,1384,32,2,0,0,0,0,0,0,0,0,0,0,0,0,0
21837036,1385,48,2,0,0,0,0,0,0,0,0,0,0,0,0,0
21847718,1386,32,2,0,0,0,0,0,0,0,0,0,0,0,0,0
21856671,1387,32,2,0,0,0,0,0,0,0,0,0,0,0,0,0
21865624,1388,32,2,0,0,0,0,0,0,0,0,0,0,0,0,0
21874577,1389,32,2,0,0,0,0,0,0,0,0,0,0,0,0,0
21883530,1390,48,2,0,0,0,0,0,0,0,0,0,0,0,0,0
21894213,1391,32,2,0,0,0,0,0,0,0,0,0,0,0,0,0
21903165,1392,32,2,0,0,0,0,0,0,0,0,0,0,0,0,0
21912118,1393,32,2,0,0,0,0,0,0,0,0,0,0,0,0,0
21921072,1394,32,2,0,0,0,0,0,0,0,0,0,0,0,0,0
21930024,1395,48,2,0,0,0,0,0,0,0,0,0,0,0,0,0
21940706,1396,32,2,0,0,0,0,0,0,0,0,0,0,0,0,0
21949660,1397,32,2,0,0,0,0,0,0,0,0,0,0,0,0,0
21958612,1398,32,2,0,0,0,0,0,0,0,0,0,0,0,0,0
21967565,1399,32,2,0,0,0,0,0,0,0,0,0,0,0,0,0
21976519,1400,48,2,0,0,0,0,0,0,0,0,0,0,0,0,0
21987201,1401,32,2,0,0,0,0,0,0,0,0,0,0,0,0,0
21996153,1402,32,2,0,0,0,0,0,0,0,0,0,0,0,0,0
22005106,1403,32,2,0,0,0,0,0,0,0,0,0,0,0,0,0
22014059,1404,32,2,0,0,0,0,0,0,0,0,0,0,0,0,0
22023012,1405,48,2,0,0,0,0,0,0,0,0,0,0,0,0,0
22033694,1406,32,2,0,0,0,0,0,0,0,0,0,0,0,0,0
22042648,1407,32,2,0,0,0,0,0,0,0,0,0,0,0,0,0
22051600,1408,32,2,0,0,0,0,0,0,0,0,0,0,0,0,0
22060553,1409,32,2,0,0,0,0,0,0,0,0,0,0,0,0,0
22069506,1410,48,2,0,0,0,0,0,0,0,0,0,0,0,0,0
22080189,1411,32,2,0,0,0,0,0,0,0,0,0,0,0,0,0
22089141,1412,32,2,0,0,0,0,0,0,0,0,0,0,0,0,0
22098094,1413,32,2,0,0,0,0,0,0,0,0,0,0,0,0,0
22107047,1414,32,2,0,0,0,0,0,0,0,0,0,0,0,0,0
22116000,1415,48,2,0,0,0,0,0,0,0,0,0,0,0,0,0
22126682,1416,32,2,0,0,0,0,0,0,0,0,0,0,0,0,0
22135635,1417,32,2,0,0,0,0,0,0,0,0,0,0,0,0,0
22144588,1418,32,2,0,0,0,0,0,0,0,0,0,0,0,0,0
22153541,1419,32,2,0,0,0,0,0,0,0,0,0,0,0,0,0
22162494,1420,48,2,0,0,0,0,0,0,0,0,0,0,0,0,0
22173177,1421,32,2,0,0,0,0,0,0,0,0,0,0,0,0,0
22182129,1422,32,2,0,0,0,0,0,0,0,0,0,0,0,0,0
22191082,1423,32,2,0,0,0,0,0,0,0,0,0,0,0,0,0
22200035,1424,32,2,0,0,0,0,0,0,0,0,0,0,0,0,0
22208988,1425,48,2,0,0,0,0,0,0,0,0,0,0,0,0,0
22219670,1426,32,2,0,0,0,0,0,0,0,0,0,0,0,0,0
22228623,1427,32,2,0,0,0,0,0,0,0,0,0,0,0,0,0
22237576,1428,32,2,0,0,0,0,0,0,0,0,0,0,0,0,0
22246529,1429,32,2,0,0,0,0,0,0,0,0,0,0,0,0,0
22255483,1430,48,2,0,0,0,0,0,0,0,0,0,0,0,0,0
22266164,1431,32,2,0,0,0,0,0,0,0,0,0,0,0,0,0
22275117,1432,32,2,0,0,0,0,0,0,0,0,0,0,0,0,0
22284070,1433,32,2,0,0,0,0,0,0,0,0,0,0,0,0,0
22293023,1434,32,2,0,0,0,0,0,0,0,0,0,0,0,0,0
22301976,1435,48,2,0,0,0,0,0,0,0,0,0,0,0,0,0
22312658,1436,32,2,0,0,0,0,0,0,0,0,0,0,0,0,0
22321611,1437,32,2,0,0,0,0,0,0,0,0,0,0,0,0,0
22330564,1438,32,2,0,0,0,0,0,0,0,0,0,0,0,0,0
22339517,1439,32,2,0,0,0,0,0,0,0,0,0,0,0,0,0
22348470,1440,48,2,0,0,0,0,0,0,0,0,0,0,0,0,0
22359153,1441,32,2,0,0,0,0,0,0,0,0,0,0,0,0,0
22368105,1442,32,2,0,0,0,0,0,0,0,0,0,0,0,0,0
22377058,1443,32,2,0,0,0,0,0,0,0,0,0,0,0,0,0
22386011,1444,32,2,0,0,0,0,0,0,0,0,0,0,0,0,0
22394964,1445,48,2,0,0,0,0,0,0,0,0,0,0,0,0,0
22405646,1446,32,2,0,0,0,0,0,0,0,0,0,0,0,0,0
22414599,1447,32,2,0,0,0,0,0,0,0,0,0,0,0,0,0
22423552,1448,32,2,0,0,0,0,0,0,0,0,0,0,0,0,0
22432505,1449,32,2,0,0,0,0,0,0,0,0,0,0,0,0,0
22441458,1450,48,2,0,0,0,0,0,0,0,0,0,0,0,0,0
22452141,1451,32,2,0,0,0,0,0,0,0,0,0,0,0,0,0
22461093,1452,32,2,0,0,0,0,0,0,0,0,0,0,0,0,0
22470046,1453,32,2,0,0,0,0,0,0,0,0,0,0,0,0,0
22478999,1454,32,2,0,0,0,0,0,0,0,0,0,0,0,0,0
22487952,1455,48,2,0,0,0,0,0,0,0,0,0,0,0,0,0
22498634,1456,32,2,0,0,0,0,0,0,0,0,0,0,0,0,0
22507588,1457,32,2,0,0,0,0,0,0,0,0,0,0,0,0,0
22516540,1458,32,2,0,0,0,0,0,0,0,0,0,0,0,0,0
22525493,1459,32,2,0,0,0,0,0,0,0,0,0,0,0,0,0
22534446,1460,48,2,0,0,0,0,0,0,0,0,0,0,0,0,0
22545128,1461,32,2,0,0,0,0,0,0,0,0,0,0,0,0,0
22554081,1462,32,2,0,0,0,0,0,0,0,0,0,0,0,0,0
22563034,1463,32,2,0,0,0,0,0,0,0,0,0,0,0,0,0
22571987,1464,32,2,0,0,0,0,0,0,0,0,0,0,0,0,0
22580940,1465,48,2,0,0,0,0,0,0,0,0,0,0,0,0,0
22591622,1466,32,2,0,0,0,0,0,0,0,0,0,0,0,0,0
22600575,1467,32,2,0,0,0,0,0,0,0,0,0,0,0,0,0
22609529,1468,32,2,0,0,0,0,0,0,0,0,0,0,0,0,0
22618481,1469,32,2,0,0,0,0,0,0,0,0,0,0,0,0,0
22627434,1470,48,2,0,0,0,0,0,0,0,0,0,0,0,0,0
22638117,1471,32,2,0,0,0,0,0,0,0,0,0,0,0,0,0
22647069,1472,32,2,0,0,0,0,0,0,0,0,0,0,0,0,0
22656022,1473,32,2,0,0,0,0,0,0,0,0,0,0,0,0,0
22664975,1474,32,2,0,0,0,0,0,0,0,0,0,0,0,0,0
22673928,1475,48,2,0,0,0,0,0,0,0,0,0,0,0,0,0
22684610,1476,32,2,0,0,0,0,0,0,0,0,0,0,0,0,0
22693563,1477,32,2,0,0,0,0,0,0,0,0,0,0,0,0,0
22702516,1478,32,2,0,0,0,0,0,0,0,0,0,0,0,0,0
22711469,1479,32,2,0,0,0,0,0,0,0,0,0,0,0,0,0
22720422,1480,48,2,0,0,0,0,0,0,0,0,0,0,0,0,0
22731105,1481,32,2,0,0,0,0,0,0,0,0,0,0,0,0,0
22740057,1482,32,2,0,0,0,0,0,0,0,0,0,0,0,0,0
22749010,1483,32,2,0,0,0,0,0,0,0,0,0,0,0,0,0
22757963,1484,32,2,0,0,0,0,0,0,0,0,0,0,0,0,0
22766916,1485,48,2,0,0,0,0,0,0,0,0,0,0,0,0,0
22777598,1486,32,2,0,0,0,0,0,0,0,0,0,0,0,0,0
22786552,1487,32,2,0,0,0,0,0,0,0,0,0,0,0,0,0
22795505,1488,32,2,0,0,0,0,0,0,0,0,0,0,0,0,0
22804457,1489,32,2,0,0,0,0,0,0,0,0,0,0,0,0,0
22813410,1490,48,2,0,0,0,0,0,0,0,0,0,0,0,0,0
22824093,1491,32,2,0,0,0,0,0,0,0,0,0,0,0,0,0
22833045,1492,32,2,0,0,0,0,0,0,0,0,0,0,0,0,0
22841998,1493,32,2,0,0,0,0,0,0,0,0,0,0,0,0,0
22850951,1494,32,2,0,0,0,0,0,0,0,0,0,0,0,0,0
22859904,1495,48,2,0,0,0,0,0,0,0,0,0,0,0,0,0
22870586,1496,32,2,0,0,0,0,0,0,0,0,0,0,0,0,0
22879539,1497,32,2,0,0,0,0,0,0,0,0,0,0,0,0,0
22888492,1498,32,2,0,0,0,0,0,0,0,0,0,0,0,0,0
22897445,1499,32,2,0,0,0,0,0,0,0,0,0,0,0,0,0
22906398,1500,48,2,0,0,0,0,0,0,0,0,0,0,0,0,0
22917081,1501,32,2,0,0,0,0,0,0,0,0,0,0,0,0,0
22926033,1502,32,2,0,0,0,0,0,0,0,0,0,0,0,0,0
22934986,1503,32,2,0,0,0,0,0,0,0,0,0,0,0,0,0
22943939,1504,32,2,0,0,0,0,0,0,0,0,0,0,0,0,0
22952892,1505,48,2,0,0,0,0,0,0,0,0,0,0,0,0,0
22963574,1506,32,2,0,0,0,0,0,0,0,0,0,0,0,0,0
22972528,1507,32,2,0,0,0,0,0,0,0,0,0,0,0,0,0
22981480,1508,32,2,0,0,0,0,0,0,0,0,0,0,0,0,0
22990433,1509,32,2,0,0,0,0,0,0,0,0,0,0,0,0,0
22999386,1510,48,2,0,0,0,0,0,0,0,0,0,0,0,0,0
23010069,1511,32,2,0,0,0,0,0,0,0,0,0,0,0,0,0
23019021,1512,32,2,0,0,0,0,0,0,0,0,0,0,0,0,0
23027974,1513,32,2,0,0,0,0,0,0,0,0,0,0,0,0,0
23036927,1514,32,2,0,0,0,0,0,0,0,0,0,0,0,0,0
23045880,1515,48,2,0,0,0,0,0,0,0,0,0,0,0,0,0
23056562,1516,32,2,0,0,0,0,0,0,0,0,0,0,0,0,0
23065516,1517,32,2,0,0,0,0,0,0,0,0,0,0,0,0,0
23074468,1518,32,2,0,0,0,0,0,0,0,0,0,0,0,0,0
23083421,1519,32,2,0,0,0,0,0,0,0,0,0,0,0,0,0
23092374,1520,48,2,0,0,0,0,0,0,0,0,0,0,0,0,0
23103057,1521,32,2,0,0,0,0,0,0,0,0,0,0,0,0,0
23112009,1522,32,2,0,0,0,0,0,0,0,0,0,0,0,0,0
23120962,1523,32,2,0,0,0,0,0,0,0,0,0,0,0,0,0
23129915,1524,32,2,0,0,0,0,0,0,0,0,0,0,0,0,0
23138868,1525,48,2,0,0,0,0,0,0,0,0,0,0,0,0,0
23149550,1526,32,2,0,0,0,0,0,0,0,0,0,0,0,0,0
23158503,1527,32,2,0,0,0,0,0,0,0,0,0,0,0,0,0
23167457,1528,32,2,0,0,0,0,0,0,0,0,0,0,0,0,0
23176409,1529,32,2,0,0,0,0,0,0,0,0,0,0,0,0,0
23185362,1530,48,2,0,0,0,0,0,0,0,0,0,0,0,0,0
23202337,1531,32,2,0,0,0,0,0,0,0,0,0,0,0,0,0
23211278,1532,32,2,0,0,0,0,0,0,0,0,0,0,0,0,0
23220231,1533,32,2,0,0,0,0,0,0,0,0,0,0,0,0,0
23229184,1534,32,2,0,0,0,0,0,0,0,0,0,0,0,0,0
23238137,1535,48,2,0,0,0,0,0,0,0,0,0,0,0,0,0
23248819,1536,32,2,0,0,0,0,0,0,0,0,0,0,0,0,0
23257772,1537,32,2,0,0,0,0,0,0,0,0,0,0,0,0,0
23266725,1538,32,2,0,0,0,0,0,0,0,0,0,0,0,0,0
23275678,1539,32,2,0,0,0,0,0,0,0,0,0,0,0,0,0
23284631,1540,48,2,0,0,0,0,0,0,0,0,0,0,0,0,0
23295314,1541,32,2,0,0,0,0,0,0,0,0,0,0,0,0,0
23304266,1542,32,2,0,0,0,0,0,0,0,0,0,0,0,0,0
23313219,1543,32,2,0,0,0,0,0,0,0,0,0,0,0,0,0
23322172,1544,32,2,0,0,0,0,0,0,0,0,0,0,0,0,0
23331125,1545,48,2,0,0,0,0,0,0,0,0,0,0,0,0,0
23341807,1546,32,2,0,0,0,0,0,0,0,0,0,0,0,0,0
23350760,1547,32,2,0,0,0,0,0,0,0,0,0,0,0,0,0
23359714,1548,32,2,0,0,0,0,0,0,0,0,0,0,0,0,0
23368666,1549,32,2,0,0,0,0,0,0,0,0,0,0,0,0,0
23377619,1550,48,2,0,0,0,0,0,0,0,0,0,0,0,0,0
23388302,1551,32,2,0,0,0,0,0,0,0,0,0,0,0,0,0
23397254,1552,32,2,0,0,0,0,0,0,0,0,0,0,0,0,0
23406207,1553,32,2,0,0,0,0,0,0,0,0,0,0,0,0,0
23415160,1554,32,2,0,0,0,0,0,0,0,0,0,0,0,0,0
23424113,1555,48,2,0,0,0,0,0,0,0,0,0,0,0,0,0
23434795,1556,32,2,0,0,0,0,0,0,0,0,0,0,0,0,0
23443748,1557,32,2,0,0,0,0,0,0,0,0,0,0,0,0,0
23452702,1558,32,2,0,0,0,0,0,0,0,0,0,0,0,0,0
23461655,1559,32,2,0,0,0,0,0,0,0,0,0,0,0,0,0
23470607,1560,48,2,0,0,0,0,0,0,0,0,0,0,0,0,0
23481290,1561,32,2,0,0,0,0,0,0,0,0,0,0,0,0,0
23490242,1562,32,2,0,0,0,0,0,0,0,0,0,0,0,0,0
23499195,1563,32,2,0,0,0,0,0,0,0,0,0,0,0,0,0
23508148,1564,32,2,0,0,0,0,0,0,0,0,0,0,0,0,0
23517101,1565,48,2,0,0,0,0,0,0,0,0,0,0,0,0,0
23527783,1566,32,2,0,0,0,0,0,0,0,0,0,0,0,0,0
23536736,1567,32,2,0,0,0,0,0,0,0,0,0,0,0,0,0
23545689,1568,32,2,0,0,0,0,0,0,0,0,0,0,0,0,0
23554642,1569,32,2,0,0,0,0,0,0,0,0,0,0,0,0,0
23563595,1570,48,2,0,0,0,0,0,0,0,0,0,0,0,0,0
23574278,1571,32,2,0,0,0,0,0,0,0,0,0,0,0,0,0
23583230,1572,32,2,0,0,0,0,0,0,0,0,0,0,0,0,0
23592183,1573,32,2,0,0,0,0,0,0,0,0,0,0,0,0,0
23601136,1574,32,2,0,0,0,0,0,0,0,0,0,0,0,0,0
23610089,1575,48,2,0,0,0,0,0,0,0,0,0,0,0,0,0
23620771,1576,32,2,0,0,0,0,0,0,0,0,0,0,0,0,0
23629724,1577,32,2,0,0,0,0,0,0,0,0,0,0,0,0,0
23638677,1578,32,2,0,0,0,0,0,0,0,0,0,0,0,0,0
23647630,1579,32,2,0,0,0,0,0,0,0,0,0,0,0,0,0
23656583,1580,48,2,0,0,0,0,0,0,0,0,0,0,0,0,0
23667266,1581,32,2,0,0,0,0,0,0,0,0,0,0,0,0,0
23676218,1582,32,2,0,0,0,0,0,0,0,0,0,0,0,0,0
23685171,1583,32,2,0,0,0,0,0,0,0,0,0,0,0,0,0
23694124,1584,32,2,0,0,0,0,0,0,0,0,0,0,0,0,0
23703077,1585,48,2,0,0,0,0,0,0,0,0,0,0,0,0,0
23713759,1586,32,2,0,0,0,0,0,0,0,0,0,0,0,0,0
23722712,1587,32,2,0,0,0,0,0,0,0,0,0,0,0,0,0
23731665,1588,32,2,0,0,0,0,0,0,0,0,0,0,0,0,0
23740619,1589,32,2,0,0,0,0,0,0,0,0,0,0,0,0,0
23749572,1590,48,2,0,0,0,0,0,0,0,0,0,0,0,0,0
23760253,1591,32,2,0,0,0,0,0,0,0,0,0,0,0,0,0
23769206,1592,32,2,0,0,0,0,0,0,0,0,0,0,0,0,0
23778159,1593,32,2,0,0,0,0,0,0,0,0,0,0,0,0,0
23787112,1594,32,2,0,0,0,0,0,0,0,0,0,0,0,0,0
23796065,1595,48,2,0,0,0,0,0,0,0,0,0,0,0,0,0
23806747,1596,32,2,0,0,0,0,0,0,0,0,0,0,0,0,0
23815700,1597,32,2,0,0,0,0,0,0,0,0,0,0,0,0,0
23824653,1598,32,2,0,0,0,0,0,0,0,0,0,0,0,0,0
23833606,1599,32,2,0,0,0,0,0,0,0,0,0,0,0,0,0
23842559,1600,48,2,0,0,0,0,0,0,0,0,0,0,0,0,0
23853241,1601,32,2,0,0,0,0,0,0,0,0,0,0,0,0,0
23862194,1602,32,2,0,0,0,0,0,0,0,0,0,0,0,0,0
23871147,1603,32,2,0,0,0,0,0,0,0,0,0,0,0,0,0
23880100,1604,32,2,0,0,0,0,0,0,0,0,0,0,0,0,0
23889053,1605,48,2,0,0,0,0,0,0,0,0,0,0,0,0,0
23899735,1606,32,2,0,0,0,0,0,0,0,0,0,0,0,0,0
23908688,1607,32,2,0,0,0,0,0,0,0,0,0,0,0,0,0
23917641,1608,32,2,0,0,0,0,0,0,0,0,0,0,0,0,0
23926594,1609,32,2,0,0,0,0,0,0,0,0,0,0,0,0,0
23935561,1610,48,2,0,0,0,0,0,0,0,0,0,0,0,0,0
23946231,1611,32,2,0,0,0,0,0,0,0,0,0,0,0,0,0
23955184,1612,32,2,0,0,0,0,0,0,0,0,0,0,0,0,0
23964137,1613,32,2,0,0,0,0,0,0,0,0,0,0,0,0,0
23973090,1614,32,2,0,0,0,0,0,0,0,0,0,0,0,0,0
23982043,1615,48,2,0,0,0,0,0,0,0,0,0,0,0,0,0
23992725,1616,32,2,0,0,0,0,0,0,0,0,0,0,0,0,0
24001678,1617,32,2,0,0,0,0,0,0,0,0,0,0,0,0,0
24010631,1618,32,2,0,0,0,0,0,0,0,0,0,0,0,0,0
24019584,1619,32,2,0,0,0,0,0,0,0,0,0,0,0,0,0
24028537,1620,48,2,0,0,0,0,0,0,0,0,0,0,0,0,0
24039219,1621,32,2,0,0,0,0,0,0,0,0,0,0,0,0,0
24048172,1622,32,2,0,0,0,0,0,0,0,0,0,0,0,0,0
24057125,1623,32,2,0,0,0,0,0,0,0,0,0,0,0,0,0
24066078,1624,32,2,0,0,0,0,0,0,0,0,0,0,0,0,0
24075031,1625,48,2,0,0,0,0,0,0,0,0,0,0,0,0,0
24085713,1626,32,2,0,0,0,0,0,0,0,0,0,0,0,0,0
24094666,1627,32,2,0,0,0,0,0,0,0,0,0,0,0,0,0
24103619,1628,32,2,0,0,0,0,0,0,0,0,0,0,0,0,0
24112572,1629,32,2,0,0,0,0,0,0,0,0,0,0,0,0,0
24121525,1630,48,2,0,0,0,0,0,0,0,0,0,0,0,0,0
24132208,1631,32,2,0,0,0,0,0,0,0,0,0,0,0,0,0
24141160,1632,32,2,0,0,0,0,0,0,0,0,0,0,0,0,0
24150113,1633,32,2,0,0,0,0,0,0,0,0,0,0,0,0,0
24159066,1634,32,2,0,0,0,0,0,0,0,0,0,0,0,0,0
24168019,1635,48,2,0,0,0,0,0,0,0,0,0,0,0,0,0
24178701,1636,32,2,0,0,0,0,0,0,0,0,0,0,0,0,0
24187655,1637,32,2,0,0,0,0,0,0,0,0,0,0,0,0,0
24196607,1638,32,2,0,0,0,0,0,0,0,0,0,0,0,0,0
24205561,1639,32,2,0,0,0,0,0,0,0,0,0,0,0,0,0
24214514,1640,48,2,0,0,0,0,0,0,0,0,0,0,0,0,0
24225196,1641,32,2,0,0,0,0,0,0,0,0,0,0,0,0,0
24234148,1642,32,2,0,0,0,0,0,0,0,0,0,0,0,0,0
24243101,1643,32,2,0,0,0,0,0,0,0,0,0,0,0,0,0
24252054,1644,32,2,0,0,0,0,0,0,0,0,0,0,0,0,0
24261007,1645,48,2,0,0,0,0,0,0,0,0,0,0,0,0,0
24271689,1646,32,2,0,0,0,0,0,0,0,0,0,0,0,0,0
24280642,1647,32,2,0,0,0,0,0,0,0,0,0,0,0,0,0
24289596,1648,32,2,0,0,0,0,0,0,0,0,0,0,0,0,0
24298549,1649,32,2,0,0,0,0,0,0,0,0,0,0,0,0,0
24307502,1650,48,2,0,0,0,0,0,0,0,0,0,0,0,0,0
24318184,1651,32,2,0,0,0,0,0,0,0,0,0,0,0,0,0
24327136,1652,32,2,0,0,0,0,0,0,0,0,0,0,0,0,0
24336090,1653,32,2,0,0,0,0,0,0,0,0,0,0,0,0,0
24345042,1654,32,2,0,0,0,0,0,0,0,0,0,0,0,0,0
24353995,1655,48,2,0,0,0,0,0,0,0,0,0,0,0,0,0
24364677,1656,32,2,0,0,0,0,0,0,0,0,0,0,0,0,0
24373630,1657,32,2,0,0,0,0,0,0,0,0,0,0,0,0,0
24382583,1658,32,2,0,0,0,0,0,0,0,0,0,0,0,0,0
24391536,1659,32,2,0,0,0,0,0,0,0,0,0,0,0,0,0
24400489,1660,48,2,0,0,0,0,0,0,0,0,0,0,0,0,0
24411172,1661,32,2,0,0,0,0,0,0,0,0,0,0,0,0,0
24420124,1662,32,2,0,0,0,0,0,0,0,0,0,0,0,0,0
24429077,1663,32,2,0,0,0,0,0,0,0,0,0,0,0,0,0
24438030,1664,32,2,0,0,0,0,0,0,0,0,0,0,0,0,0
24446983,1665,48,2,0,0,0,0,0,0,0,0,0,0,0,0,0
24457665,1666,32,2,0,0,0,0,0,0,0,0,0,0,0,0,0
24466618,1667,32,2,0,0,0,0,0,0,0,0,0,0,0,0,0
24475571,1668,32,2,0,0,0,0,0,0,0,0,0,0,0,0,0
24484524,1669,32,2,0,0,0,0,0,0,0,0,0,0,0,0,0
24493478,1670,48,2,0,0,0,0,0,0,0,0,0,0,0,0,0
24504160,1671,32,2,0,0,0,0,0,0,0,0,0,0,0,0,0
24513112,1672,32,2,0,0,0,0,0,0,0,0,0,0,0,0,0
24522065,1673,32,2,0,0,0,0,0,0,0,0,0,0,0,0,0
24531018,1674,32,2,0,0,0,0,0,0,0,0,0,0,0,0,0
24539971,1675,48,2,0,0,0,0,0,0,0,0,0,0,0,0,0
24550653,1676,32,2,0,0,0,0,0,0,0,0,0,0,0,0,0
24559606,1677,32,2,0,0,0,0,0,0,0,0,0,0,0,0,0
24568559,1678,32,2,0,0,0,0,0,0,0,0,0,0,0,0,0
24577512,1679,32,2,0,0,0,0,0,0,0,0,0,0,0,0,0
24586465,1680,48,2,0,0,0,0,0,0,0,0,0,0,0,0,0
24597147,1681,32,2,0,0,0,0,0,0,0,0,0,0,0,0,0
24606100,1682,32,2,0,0,0,0,0,0,0,0,0,0,0,0,0
24615053,1683,32,2,0,0,0,0,0,0,0,0,0,0,0,0,0
24624006,1684,32,2,0,0,0,0,0,0,0,0,0,0,0,0,0
24632959,1685,48,2,0,0,0,0,0,0,0,0,0,0,0,0,0
24643641,1686,32,2,0,0,0,0,0,0,0,0,0,0,0,0,0
24652594,1687,32,2,0,0,0,0,0,0,0,0,0,0,0,0,0
24661547,1688,32,2,0,0,0,0,0,0,0,0,0,0,0,0,0
24670500,1689,32,2,0,0,0,0,0,0,0,0,0,0,0,0,0
24679453,1690,48,2,0,0,0,0,0,0,0,0,0,0,0,0,0
24690136,1691,32,2,0,0,0,0,0,0,0,0,0,0,0,0,0
24699088,1692,32,2,0,0,0,0,0,0,0,0,0,0,0,0,0
24708041,1693,32,2,0,0,0,0,0,0,0,0,0,0,0,0,0
24716995,1694,32,2,0,0,0,0,0,0,0,0,0,0,0,0,0
24725947,1695,48,2,0,0,0,0,0,0,0,0,0,0,0,0,0
24736629,1696,32,2,0,0,0,0,0,0,0,0,0,0,0,0,0
24745582,1697,32,2,0,0,0,0,0,0,0,0,0,0,0,0,0
24754536,1698,32,2,0,0,0,0,0,0,0,0,0,0,0,0,0
24763489,1699,32,2,0,0,0,0,0,0,0,0,0,0,0,0,0
24772441,1700,48,2,0,0,0,0,0,0,0,0,0,0,0,0,0
24787696,1701,32,2,0,0,0,0,0,0,0,0,0,0,0,0,0
24796637,1702,32,2,0,0,0,0,0,0,0,0,0,0,0,0,0
24805591,1703,32,2,0,0,0,0,0,0,0,0,0,0,0,0,0
24814543,1704,32,2,0,0,0,0,0,0,0,0,0,0,0,0,0
24823496,1705,48,2,0,0,0,0,0,0,0,0,0,0,0,0,0
24834178,1706,32,2,0,0,0,0,0,0,0,0,0,0,0,0,0
24843131,1707,32,2,0,0,0,0,0,0,0,0,0,0,0,0,0
24852084,1708,32,2,0,0,0,0,0,0,0,0,0,0,0,0,0
24861037,1709,32,2,0,0,0,0,0,0,0,0,0,0,0,0,0
24869990,1710,48,2,0,0,0,0,0,0,0,0,0,0,0,0,0
24880672,1711,32,2,0,0,0,0,0,0,0,0,0,0,0,0,0
24889625,1712,32,2,0,0,0,0,0,0,0,0,0,0,0,0,0
24898578,1713,32,2,0,0,0,0,0,0,0,0,0,0,0,0,0
24907531,1714,32,2,0,0,0,0,0,0,0,0,0,0,0,0,0
24916484,1715,48,2,0,0,0,0,0,0,0,0,0,0,0,0,0
24927166,1716,32,2,0,0,0,0,0,0,0,0,0,0,0,0,0
24936119,1717,32,2,0,0,0,0,0,0,0,0,0,0,0,0,0
24945072,1718,32,2,0,0,0,0,0,0,0,0,0,0,0,0,0
24954025,1719,32,2,0,0,0,0,0,0,0,0,0,0,0,0,0
24962978,1720,48,2,0,0,0,0,0,0,0,0,0,0,0,0,0
24973661,1721,32,2,0,0,0,0,0,0,0,0,0,0,0,0,0
24982613,1722,32,2,0,0,0,0,0,0,0,0,0,0,0,0,0
24991566,1723,32,2,0,0,0,0,0,0,0,0,0,0,0,0,0
25000519,1724,32,2,0,0,0,0,0,0,0,0,0,0,0,0,0
25009472,1725,48,2,0,0,0,0,0,0,0,0,0,0,0,0,0
25020154,1726,32,2,0,0,0,0,0,0,0,0,0,0,0,0,0
25029107,1727,32,2,0,0,0,0,0,0,0,0,0,0,0,0,0
25038060,1728,32,2,0,0,0,0,0,0,0,0,0,0,0,0,0
25047013,1729,32,2,0,0,0,0,0,0,0,0,0,0,0,0,0
25055966,1730,48,2,0,0,0,0,0,0,0,0,0,0,0,0,0
25066649,1731,32,2,0,0,0,0,0,0,0,0,0,0,0,0,0
25075601,1732,32,2,0,0,0,0,0,0,0,0,0,0,0,0,0
25084554,1733,32,2,0,0,0,0,0,0,0,0,0,0,0,0,0
25093507,1734,32,2,0,0,0,0,0,0,0,0,0,0,0,0,0
25102460,1735,48,2,0,0,0,0,0,0,0,0,0,0,0,0,0
25113142,1736,32,2,0,0,0,0,0,0,0,0,0,0,0,0,0
25122095,1737,32,2,0,0,0,0,0,0,0,0,0,0,0,0,0
25131048,1738,32,2,0,0,0,0,0,0,0,0,0,0,0,0,0
25140001,1739,32,2,0,0,0,0,0,0,0,0,0,0,0,0,0
25148954,1740,48,2,0,0,0,0,0,0,0,0,0,0,0,0,0
25159637,1741,32,2,0,0,0,0,0,0,0,0,0,0,0,0,0
25168589,1742,32,2,0,0,0,0,0,0,0,0,0,0,0,0,0
25177542,1743,32,2,0,0,0,0,0,0,0,0,0,0,0,0,0
25186495,1744,32,2,0,0,0,0,0,0,0,0,0,0,0,0,0
25195448,1745,48,2,0,0,0,0,0,0,0,0,0,0,0,0,0
25206130,1746,32,2,0,0,0,0,0,0,0,0,0,0,0,0,0
25215083,1747,32,2,0,0,0,0,0,0,0,0,0,0,0,0,0
25224036,1748,32,2,0,0,0,0,0,0,0,0,0,0,0,0,0
25232989,1749,32,2,0,0,0,0,0,0,0,0,0,0,0,0,0
25241942,1750,48,2,0,0,0,0,0,0,0,0,0,0,0,0,0
25252625,1751,32,2,0,0,0,0,0,0,0,0,0,0,0,0,0
25261577,1752,32,2,0,0,0,0,0,0,0,0,0,0,0,0,0
25270530,1753,32,2,0,0,0,0,0,0,0,0,0,0,0,0,0
25279483,1754,32,2,0,0,0,0,0,0,0,0,0,0,0,0,0
25288436,1755,48,2,0,0,0,0,0,0,0,0,0,0,0,0,0
25299118,1756,32,2,0,0,0,0,0,0,0,0,0,0,0,0,0
25308072,1757,32,2,0,0,0,0,0,0,0,0,0,0,0,0,0
25317024,1758,32,2,0,0,0,0,0,0,0,0,0,0,0,0,0
25325978,1759,32,2,0,0,0,0,0,0,0,0,0,0,0,0,0
25334930,1760,48,2,0,0,0,0,0,0,0,0,0,0,0,0,0
25345613,1761,32,2,0,0,0,0,0,0,0,0,0,0,0,0,0
25354565,1762,32,2,0,0,0,0,0,0,0,0,0,0,0,0,0
25363518,1763,32,2,0,0,0,0,0,0,0,0,0,0,0,0,0
25372471,1764,32,2,0,0,0,0,0,0,0,0,0,0,0,0,0
25381424,1765,48,2,0,0,0,0,0,0,0,0,0,0,0,0,0
25392106,1766,32,2,0,0,0,0,0,0,0,0,0,0,0,0,0
25401059,1767,32,2,0,0,0,0,0,0,0,0,0,0,0,0,0
25410012,1768,32,2,0,0,0,0,0,0,0,0,0,0,0,0,0
25418965,1769,32,2,0,0,0,0,0,0,0,0,0,0,0,0,0
25427918,1770,48,2,0,0,0,0,0,0,0,0,0,0,0,0,0
25438601,1771,32,2,0,0,0,0,0,0,0,0,0,0,0,0,0
25447553,1772,32,2,0,0,0,0,0,0,0,0,0,0,0,0,0
25456506,1773,32,2,0,0,0,0,0,0,0,0,0,0,0,0,0
25465459,1774,32,2,0,0,0,0,0,0,0,0,0,0,0,0,0
25474412,1775,48,2,0,0,0,0,0,0,0,0,0,0,0,0,0
25485094,1776,32,2,0,0,0,0,0,0,0,0,0,0,0,0,0
25494047,1777,32,2,0,0,0,0,0,0,0,0,0,0,0,0,0
25503000,1778,32,2,0,0,0,0,0,0,0,0,0,0,0,0,0
25511953,1779,32,2,0,0,0,0,0,0,0,0,0,0,0,0,0
25520906,1780,48,2,0,0,0,0,0,0,0,0,0,0,0,0,0
25531589,1781,32,2,0,0,0,0,0,0,0,0,0,0,0,0,0
25540541,1782,32,2,0,0,0,0,0,0,0,0,0,0,0,0,0
25549494,1783,32,2,0,0,0,0,0,0,0,0,0,0,0,0,0
25558448,1784,32,2,0,0,0,0,0,0,0,0,0,0,0,0,0
25567400,1785,48,2,0,0,0,0,0,0,0,0,0,0,0,0,0
25578082,1786,32,2,0,0,0,0,0,0,0,0,0,0,0,0,0
25587035,1787,32,2,0,0,0,0,0,0,0,0,0,0,0,0,0
25595988,1788,32,2,0,0,0,0,0,0,0,0,0,0,0,0,0
25604941,1789,32,2,0,0,0,0,0,0,0,0,0,0,0,0,0
25613894,1790,48,2,0,0,0,0,0,0,0,0,0,0,0,0,0
25624576,1791,32,2,0,0,0,0,0,0,0,0,0,0,0,0,0
25633529,1792,32,2,0,0,0,0,0,0,0,0,0,0,0,0,0
25642483,1793,32,2,0,0,0,0,0,0,0,0,0,0,0,0,0
25651435,1794,32,2,0,0,0,0,0,0,0,0,0,0,0,0,0
25660389,1795,48,2,0,0,0,0,0,0,0,0,0,0,0,0,0
25671070,1796,32,2,0,0,0,0,0,0,0,0,0,0,0,0,0
25680023,1797,32,2,0,0,0,0,0,0,0,0,0,0,0,0,0
25688976,1798,32,2,0,0,0,0,0,0,0,0,0,0,0,0,0
25697929,1799,32,2,0,0,0,0,0,0,0,0,0,0,0,0,0
25706882,1800,48,2,0,0,0,0,0,0,0,0,0,0,0,0,0
25717565,1801,32,2,0,0,0,0,0,0,0,0,0,0,0,0,0
25726517,1802,32,2,0,0,0,0,0,0,0,0,0,0,0,0,0
25735470,1803,32,2,0,0,0,0,0,0,0,0,0,0,0,0,0
25744424,1804,32,2,0,0,0,0,0,0,0,0,0,0,0,0,0
25753376,1805,48,2,0,0,0,0,0,0,0,0,0,0,0,0,0
25764058,1806,32,2,0,0,0,0,0,0,0,0,0,0,0,0,0
25773011,1807,32,2,0,0,0,0,0,0,0,0,0,0,0,0,0
25781964,1808,32,2,0,0,0,0,0,0,0,0,0,0,0,0,0
25790917,1809,32,2,0,0,0,0,0,0,0,0,0,0,0,0,0
25799870,1810,48,2,0,0,0,0,0,0,0,0,0,0,0,0,0
25810553,1811,32,2,0,0,0,0,0,0,0,0,0,0,0,0,0
25819505,1812,32,2,0,0,0,0,0,0,0,0,0,0,0,0,0
25828458,1813,32,2,0,0,0,0,0,0,0,0,0,0,0,0,0
25837411,1814,32,2,0,0,0,0,0,0,0,0,0,0,0,0,0
25846364,1815,48,2,0,0,0,0,0,0,0,0,0,0,0,0,0
25857046,1816,32,2,0,0,0,0,0,0,0,0,0,0,0,0,0
25865999,1817,32,2,0,0,0,0,0,0,0,0,0,0,0,0,0
25874952,1818,32,2,0,0,0,0,0,0,0,0,0,0,0,0,0
25883905,1819,32,2,0,0,0,0,0,0,0,0,0,0,0,0,0
25892858,1820,48,2,0,0,0,0,0,0,0,0,0,0,0,0,0
25903541,1821,32,2,0,0,0,0,0,0,0,0,0,0,0,0,0
25912493,1822,32,2,0,0,0,0,0,0,0,0,0,0,0,0,0
25921446,1823,32,2,0,0,0,0,0,0,0,0,0,0,0,0,0
25930399,1824,32,2,0,0,0,0,0,0,0,0,0,0,0,0,0
25939352,1825,48,2,0,0,0,0,0,0,0,0,0,0,0,0,0
25950034,1826,32,2,0,0,0,0,0,0,0,0,0,0,0,0,0
25958987,1827,32,2,0,0,0,0,0,0,0,0,0,0,0,0,0
25967940,1828,32,2,0,0,0,0,0,0,0,0,0,0,0,0,0
25976893,1829,32,2,0,0,0,0,0,0,0,0,0,0,0,0,0
25985846,1830,48,2,0,0,0,0,0,0,0,0,0,0,0,0,0
25996528,1831,32,2,0,0,0,0,0,0,0,0,0,0,0,0,0
26005481,1832,32,2,0,0,0,0,0,0,0,0,0,0,0,0,0
26014434,1833,32,2,0,0,0,0,0,0,0,0,0,0,0,0,0
26023388,1834,32,2,0,0,0,0,0,0,0,0,0,0,0,0,0
26032340,1835,48,2,0,0,0,0,0,0,0,0,0,0,0,0,0
26043022,1836,32,2,0,0,0,0,0,0,0,0,0,0,0,0,0
26051976,1837,32,2,0,0,0,0,0,0,0,0,0,0,0,0,0
26060928,1838,32,2,0,0,0,0,0,0,0,0,0,0,0,0,0
26069881,1839,32,2,0,0,0,0,0,0,0,0,0,0,0,0,0
26078834,1840,48,2,0,0,0,0,0,0,0,0,0,0,0,0,0
26089517,1841,32,2,0,0,0,0,0,0,0,0,0,0,0,0,0
26098469,1842,32,2,0,0,0,0,0,0,0,0,0,0,0,0,0
26107422,1843,32,2,0,0,0,0,0,0,0,0,0,0,0,0,0
26116376,1844,32,2,0,0,0,0,0,0,0,0,0,0,0,0,0
26125328,1845,48,2,0,0,0,0,0,0,0,0,0,0,0,0,0
26136010,1846,32,2,0,0,0,0,0,0,0,0,0,0,0,0,0
26144963,1847,32,2,0,0,0,0,0,0,0,0,0,0,0,0,0
26153916,1848,32,2,0,0,0,0,0,0,0,0,0,0,0,0,0
26162870,1849,32,2,0,0,0,0,0,0,0,0,0,0,0,0,0
26171822,1850,48,2,0,0,0,0,0,0,0,0,0,0,0,0,0
26182505,1851,32,2,0,0,0,0,0,0,0,0,0,0,0,0,0
26191457,1852,32,2,0,0,0,0,0,0,0,0,0,0,0,0,0
26200410,1853,32,2,0,0,0,0,0,0,0,0,0,0,0,0,0
26209363,1854,32,2,0,0,0,0,0,0,0,0,0,0,0,0,0
26218316,1855,48,2,0,0,0,0,0,0,0,0,0,0,0,0,0
26228998,1856,32,2,0,0,0,0,0,0,0,0,0,0,0,0,0
26237951,1857,32,2,0,0,0,0,0,0,0,0,0,0,0,0,0
26246904,1858,32,2,0,0,0,0,0,0,0,0,0,0,0,0,0
26255857,1859,32,2,0,0,0,0,0,0,0,0,0,0,0,0,0
26264810,1860,48,2,0,0,0,0,0,0,0,0,0,0,0,0,0
26275492,1861,32,2,0,0,0,0,0,0,0,0,0,0,0,0,0
26284445,1862,32,2,0,0,0,0,0,0,0,0,0,0,0,0,0
26293398,1863,32,2,0,0,0,0,0,0,0,0,0,0,0,0,0
26302351,1864,32,2,0,0,0,0,0,0,0,0,0,0,0,0,0
26311304,1865,48,2,0,0,0,0,0,0,0,0,0,0,0,0,0
26321986,1866,32,2,0,0,0,0,0,0,0,0,0,0,0,0,0
26330939,1867,32,2,0,0,0,0,0,0,0,0,0,0,0,0,0
26339892,1868,32,2,0,0,0,0,0,0,0,0,0,0,0,0,0
26348845,1869,32,2,0,0,0,0,0,0,0,0,0,0,0,0,0
26357798,1870,48,2,0,0,0,0,0,0,0,0,0,0,0,0,0
26374995,1871,32,2,0,0,0,0,0,0,0,0,0,0,0,0,0
26383936,1872,32,2,0,0,0,0,0,0,0,0,0,0,0,0,0
26392888,1873,32,2,0,0,0,0,0,0,0,0,0,0,0,0,0
26401841,1874,32,2,0,0,0,0,0,0,0,0,0,0,0,0,0
26410794,1875,48,2,0,0,0,0,0,0,0,0,0,0,0,0,0
26421476,1876,32,2,0,0,0,0,0,0,0,0,0,0,0,0,0
26430430,1877,32,2,0,0,0,0,0,0,0,0,0,0,0,0,0
26439382,1878,32,2,0,0,0,0,0,0,0,0,0,0,0,0,0
26448336,1879,32,2,0,0,0,0,0,0,0,0,0,0,0,0,0
26457288,1880,48,2,0,0,0,0,0,0,0,0,0,0,0,0,0
26467971,1881,32,2,0,0,0,0,0,0,0,0,0,0,0,0,0
26476924,1882,32,2,0,0,0,0,0,0,0,0,0,0,0,0,0
26485876,1883,32,2,0,0,0,0,0,0,0,0,0,0,0,0,0
26494829,1884,32,2,0,0,0,0,0,0,0,0,0,0,0,0,0
26503783,1885,48,2,0,0,0,0,0,0,0,0,0,0,0,0,0
26514464,1886,32,2,0,0,0,0,0,0,0,0,0,0,0,0,0
26523418,1887,32,2,0,0,0,0,0,0,0,0,0,0,0,0,0
26532370,1888,32,2,0,0,0,0,0,0,0,0,0,0,0,0,0
26541323,1889,32,2,0,0,0,0,0,0,0,0,0,0,0,0,0
26550276,1890,48,2,0,0,0,0,0,0,0,0,0,0,0,0,0
26560958,1891,32,2,0,0,0,0,0,0,0,0,0,0,0,0,0
26569911,1892,32,2,0,0,0,0,0,0,0,0,0,0,0,0,0
26578864,1893,32,2,0,0,0,0,0,0,0,0,0,0,0,0,0
26587817,1894,32,2,0,0,0,0,0,0,0,0,0,0,0,0,0
26596770,1895,48,2,0,0,0,0,0,0,0,0,0,0,0,0,0
26607452,1896,32,2,0,0,0,0,0,0,0,0,0,0,0,0,0
26616405,1897,32,2,0,0,0,0,0,0,0,0,0,0,0,0,0
26625358,1898,32,2,0,0,0,0,0,0,0,0,0,0,0,0,0
26634311,1899,32,2,0,0,0,0,0,0,0,0,0,0,0,0,0
26643264,1900,48,2,0,0,0,0,0,0,0,0,0,0,0,0,0
26653947,1901,32,2,0,0,0,0,0,0,0,0,0,0,0,0,0
26662899,1902,32,2,0,0,0,0,0,0,0,0,0,0,0,0,0
26671852,1903,32,2,0,0,0,0,0,0,0,0,0,0,0,0,0
26680805,1904,32,2,0,0,0,0,0,0,0,0,0,0,0,0,0
26689759,1905,48,2,0,0,0,0,0,0,0,0,0,0,0,0,0
26700440,1906,32,2,0,0,0,0,0,0,0,0,0,0,0,0,0
26709393,1907,32,2,0,0,0,0,0,0,0,0,0,0,0,0,0
26718347,1908,32,2,0,0,0,0,0,0,0,0,0,0,0,0,0
26727299,1909,32,2,0,0,0,0,0,0,0,0,0,0,0,0,0
26736252,1910,48,2,0,0,0,0,0,0,0,0,0,0,0,0,0
26746934,1911,32,2,0,0,0,0,0,0,0,0,0,0,0,0,0
26755887,1912,32,2,0,0,0,0,0,0,0,0,0,0,0,0,0
26764840,1913,32,2,0,0,0,0,0,0,0,0,0,0,0,0,0
26773793,1914,32,2,0,0,0,0,0,0,0,0,0,0,0,0,0
26782746,1915,48,2,0,0,0,0,0,0,0,0,0,0,0,0,0
26793428,1916,32,2,0,0,0,0,0,0,0,0,0,0,0,0,0
26802381,1917,32,2,0,0,0,0,0,0,0,0,0,0,0,0,0
26811334,1918,32,2,0,0,0,0,0,0,0,0,0,0,0,0,0
26820287,1919,32,2,0,0,0,0,0,0,0,0,0,0,0,0,0
26829240,1920,48,2,0,0,0,0,0,0,0,0,0,0,0,0,0
26839923,1921,32,2,0,0,0,0,0,0,0,0,0,0,0,0,0
26848875,1922,32,2,0,0,0,0,0,0,0,0,0,0,0,0,0
26857828,1923,32,2,0,0,0,0,0,0,0,0,0,0,0,0,0
26866781,1924,32,2,0,0,0,0,0,0,0,0,0,0,0,0,0
26875734,1925,48,2,0,0,0,0,0,0,0,0,0,0,0,0,0
26886416,1926,32,2,0,0,0,0,0,0,0,0,0,0,0,0,0
26895369,1927,32,2,0,0,0,0,0,0,0,0,0,0,0,0,0
26904322,1928,32,2,0,0,0,0,0,0,0,0,0,0,0,0,0
26913275,1929,32,2,0,0,0,0,0,0,0,0,0,0,0,0,0
26922228,1930,48,2,0,0,0,0,0,0,0,0,0,0,0,0,0
26932911,1931,32,2,0,0,0,0,0,0,0,0,0,0,0,0,0
26941863,1932,32,2,0,0,0,0,0,0,0,0,0,0,0,0,0
26950816,1933,32,2,0,0,0,0,0,0,0,0,0,0,0,0,0
26959769,1934,32,2,0,0,0,0,0,0,0,0,0,0,0,0,0
26968723,1935,48,2,0,0,0,0,0,0,0,0,0,0,0,0,0
26979404,1936,32,2,0,0,0,0,0,0,0,0,0,0,0,0,0
26988357,1937,32,2,0,0,0,0,0,0,0,0,0,0,0,0,0
26997310,1938,32,2,0,0,0,0,0,0,0,0,0,0,0,0,0
27006263,1939,32,2,0,0,0,0,0,0,0,0,0,0,0,0,0
27015216,1940,48,2,0,0,0,0,0,0,0,0,0,0,0,0,0
27025899,1941,32,2,0,0,0,0,0,0,0,0,0,0,0,0,0
27034852,1942,32,2,0,0,0,0,0,0,0,0,0,0,0,0,0
27043804,1943,32,2,0,0,0,0,0,0,0,0,0,0,0,0,0
27052757,1944,32,2,0,0,0,0,0,0,0,0,0,0,0,0,0
27061710,1945,48,2,0,0,0,0,0,0,0,0,0,0,0,0,0
27072392,1946,32,2,0,0,0,0,0,0,0,0,0,0,0,0,0
27081346,1947,32,2,0,0,0,0,0,0,0,0,0,0,0,0,0
27090299,1948,32,2,0,0,0,0,0,0,0,0,0,0,0,0,0
27099251,1949,32,2,0,0,0,0,0,0,0,0,0,0,0,0,0
27108204,1950,48,2,0,0,0,0,0,0,0,0,0,0,0,0,0
27118887,1951,32,2,0,0,0,0,0,0,0,0,0,0,0,0,0
27127840,1952,32,2,0,0,0,0,0,0,0,0,0,0,0,0,0
27136793,1953,32,2,0,0,0,0,0,0,0,0,0,0,0,0,0
27145745,1954,32,2,0,0,0,0,0,0,0,0,0,0,0,0,0
27154698,1955,48,2,0,0,0,0,0,0,0,0,0,0,0,0,0
27165380,1956,32,2,0,0,0,0,0,0,0,0,0,0,0,0,0
27174333,1957,32,2,0,0,0,0,0,0,0,0,0,0,0,0,0
27183286,1958,32,2,0,0,0,0,0,0,0,0,0,0,0,0,0
27192239,1959,32,2,0,0,0,0,0,0,0,0,0,0,0,0,0
27201192,1960,48,2,0,0,0,0,0,0,0,0,0,0,0,0,0
27211875,1961,32,2,0,0,0,0,0,0,0,0,0,0,0,0,0
27220827,1962,32,2,0,0,0,0,0,0,0,0,0,0,0,0,0
27229780,1963,32,2,0,0,0,0,0,0,0,0,0,0,0,0,0
27238733,1964,32,2,0,0,0,0,0,0,0,0,0,0,0,0,0
27247686,1965,48,2,0,0,0,0,0,0,0,0,0,0,0,0,0
27258368,1966,32,2,0,0,0,0,0,0,0,0,0,0,0,0,0
27267321,1967,32,2,0,0,0,0,0,0,0,0,0,0,0,0,0
27276274,1968,32,2,0,0,0,0,0,0,0,0,0,0,0,0,0
27285227,1969,32,2,0,0,0,0,0,0,0,0,0,0,0,0,0
27294180,1970,48,2,0,0,0,0,0,0,0,0,0,0,0,0,0
27304863,1971,32,2,0,0,0,0,0,0,0,0,0,0,0,0,0
27313816,1972,32,2,0,0,0,0,0,0,0,0,0,0,0,0,0
27322768,1973,32,2,0,0,0,0,0,0,0,0,0,0,0,0,0
27331721,1974,32,2,0,0,0,0,0,0,0,0,0,0,0,0,0
27340675,1975,48,2,0,0,0,0,0,0,0,0,0,0,0,0,0
27351356,1976,32,2,0,0,0,0,0,0,0,0,0,0,0,0,0
27360309,1977,32,2,0,0,0,0,0,0,0,0,0,0,0,0,0
27369263,1978,32,2,0,0,0,0,0,0,0,0,0,0,0,0,0
27378215,1979,32,2,0,0,0,0,0,0,0,0,0,0,0,0,0
27387168,1980,48,2,0,0,0,0,0,0,0,0,0,0,0,0,0
27397851,1981,32,2,0,0,0,0,0,0,0,0,0,0,0,0,0
27406804,1982,32,2,0,0,0,0,0,0,0,0,0,0,0,0,0
27415756,1983,32,2,0,0,0,0,0,0,0,0,0,0,0,0,0
27424709,1984,32,2,0,0,0,0,0,0,0,0,0,0,0,0,0
27433662,1985,48,2,0,0,0,0,0,0,0,0,0,0,0,0,0
27444344,1986,32,2,0,0,0,0,0,0,0,0,0,0,0,0,0
27453297,1987,32,2,0,0,0,0,0,0,0,0,0,0,0,0,0
27462250,1988,32,2,0,0,0,0,0,0,0,0,0,0,0,0,0
27471203,1989,32,2,0,0,0,0,0,0,0,0,0,0,0,0,0
27480156,1990,48,2,0,0,0,0,0,0,0,0,0,0,0,0,0
27490839,1991,32,2,0,0,0,0,0,0,0,0,0,0,0,0,0
27499791,1992,32,2,0,0,0,0,0,0,0,0,0,0,0,0,0
27508744,1993,32,2,0,0,0,0,0,0,0,0,0,0,0,0,0
27517697,1994,32,2,0,0,0,0,0,0,0,0,0,0,0,0,0
27526650,1995,48,2,0,0,0,0,0,0,0,0,0,0,0,0,0
27537332,1996,32,2,0,0,0,0,0,0,0,0,0,0,0,0,0
27546285,1997,32,2,0,0,0,0,0,0,0,0,0,0,0,0,0
27555238,1998,32,2,0,0,0,0,0,0,0,0,0,0,0,0,0
27564191,1999,32,2,0,0,0,0,0,0,0,0,0,0,0,0,0
27573144,2000,48,2,0,0,0,0,0,0,0,0,0,0,0,0,0
27583827,2001,32,2,0,0,0,0,0,0,0,0,0,0,0,0,0
27592780,2002,32,2,0,0,0,0,0,0,0,0,0,0,0,0,0
27601732,2003,32,2,0,0,0,0,0,0,0,0,0,0,0,0,0
27610685,2004,32,2,0,0,0,0,0,0,0,0,0,0,0,0,0
27619638,2005,48,2,0,0,0,0,0,0,0,0,0,0,0,0,0
27630320,2006,32,2,0,0,0,0,0,0,0,0,0,0,0,0,0
27639273,2007,32,2,0,0,0,0,0,0,0,0,0,0,0,0,0
27648226,2008,32,2,0,0,0,0,0,0,0,0,0,0,0,0,0
27657179,2009,32,2,0,0,0,0,0,0,0,0,0,0,0,0,0
27666132,2010,48,2,0,0,0,0,0,0,0,0,0,0,0,0,0
27676815,2011,32,2,0,0,0,0,0,0,0,0,0,0,0,0,0
27685767,2012,32,2,0,0,0,0,0,0,0,0,0,0,0,0,0
27694720,2013,32,2,0,0,0,0,0,0,0,0,0,0,0,0,0
27703673,2014,32,2,0,0,0,0,0,0,0,0,0,0,0,0,0
27712626,2015,48,2,0,0,0,0,0,0,0,0,0,0,0,0,0
27723308,2016,32,2,0,0,0,0,0,0,0,0,0,0,0,0,0
27732261,2017,32,2,0,0,0,0,0,0,0,0,0,0,0,0,0
27741214,2018,32,2,0,0,0,0,0,0,0,0,0,0,0,0,0
27750167,2019,32,2,0,0,0,0,0,0,0,0,0,0,0,0,0
27759120,2020,48,2,0,0,0,0,0,0,0,0,0,0,0,0,0
27769803,2021,32,2,0,0,0,0,0,0,0,0,0,0,0,0,0
27778755,2022,32,2,0,0,0,0,0,0,0,0,0,0,0,0,0
27787708,2023,32,2,0,0,0,0,0,0,0,0,0,0,0,0,0
27796661,2024,32,2,0,0,0,0,0,0,0,0,0,0,0,0,0
27805614,2025,48,2,0,0,0,0,0,0,0,0,0,0,0,0,0
27816296,2026,32,2,0,0,0,0,0,0,0,0,0,0,0,0,0
27825249,2027,32,2,0,0,0,0,0,0,0,0,0,0,0,0,0
27834202,2028,32,2,0,0,0,0,0,0,0,0,0,0,0,0,0
27843155,2029,32,2,0,0,0,0,0,0,0,0,0,0,0,0,0
27852108,2030,48,2,0,0,0,0,0,0,0,0,0,0,0,0,0
27862791,2031,32,2,0,0,0,0,0,0,0,0,0,0,0,0,0
27871743,2032,32,2,0,0,0,0,0,0,0,0,0,0,0,0,0
27880696,2033,32,2,0,0,0,0,0,0,0,0,0,0,0,0,0
27889649,2034,32,2,0,0,0,0,0,0,0,0,0,0,0,0,0
27898602,2035,48,2,0,0,0,0,0,0,0,0,0,0,0,0,0
27909284,2036,32,2,0,0,0,0,0,0,0,0,0,0,0,0,0
27918237,2037,32,2,0,0,0,0,0,0,0,0,0,0,0,0,0
27927190,2038,32,2,0,0,0,0,0,0,0,0,0,0,0,0,0
27936143,2039,32,2,0,0,0,0,0,0,0,0,0,0,0,0,0
27945096,2040,48,2,0,0,0,0,0,0,0,0,0,0,0,0,0
27959984,2041,32,2,0,0,0,0,0,0,0,0,0,0,0,0,0
27968925,2042,32,2,0,0,0,0,0,0,0,0,0,0,0,0,0
27977878,2043,32,2,0,0,0,0,0,0,0,0,0,0,0,0,0
27986831,2044,32,2,0,0,0,0,0,0,0,0,0,0,0,0,0
27995784,2045,48,2,0,0,0,0,0,0,0,0,0,0,0,0,0
28006466,2046,32,2,0,0,0,0,0,0,0,0,0,0,0,0,0
28015419,2047,32,2,0,0,0,0,0,0,0,0,0,0,0,0,0
28024372,2048,32,2,0,0,0,0,0,0,0,0,0,0,0,0,0
28033325,2049,32,2,0,0,0,0,0,0,0,0,0,0,0,0,0
28042278,2050,48,2,0,0,0,0,0,0,0,0,0,0,0,0,0
28052961,2051,32,2,0,0,0,0,0,0,0,0,0,0,0,0,0
28061913,2052,32,2,0,0,0,0,0,0,0,0,0,0,0,0,0
28070866,2053,32,2,0,0,0,0,0,0,0,0,0,0,0,0,0
28079819,2054,32,2,0,0,0,0,0,0,0,0,0,0,0,0,0
28088772,2055,48,2,0,0,0,0,0,0,0,0,0,0,0,0,0
28099454,2056,32,2,0,0,0,0,0,0,0,0,0,0,0,0,0
28108407,2057,32,2,0,0,0,0,0,0,0,0,0,0,0,0,0
28117360,2058,32,2,0,0,0,0,0,0,0,0,0,0,0,0,0
28126313,2059,32,2,0,0,0,0,0,0,0,0,0,0,0,0,0
28135266,2060,48,2,0,0,0,0,0,0,0,0,0,0,0,0,0
28145948,2061,32,2,0,0,0,0,0,0,0,0,0,0,0,0,0
28154901,2062,32,2,0,0,0,0,0,0,0,0,0,0,0,0,0
28163854,2063,32,2,0,0,0,0,0,0,0,0,0,0,0,0,0
28172807,2064,32,2,0,0,0,0,0,0,0,0,0,0,0,0,0
28181760,2065,48,2,0,0,0,0,0,0,0,0,0,0,0,0,0
28192442,2066,32,2,0,0,0,0,0,0,0,0,0,0,0,0,0
28201396,2067,32,2,0,0,0,0,0,0,0,0,0,0,0,0,0
28210349,2068,32,2,0,0,0,0,0,0,0,0,0,0,0,0,0
28219301,2069,32,2,0,0,0,0,0,0,0,0,0,0,0,0,0
28228254,2070,48,2,0,0,0,0,0,0,0,0,0,0,0,0,0
28238936,2071,32,2,0,0,0,0,0,0,0,0,0,0,0,0,0
28247889,2072,32,2,0,0,0,0,0,0,0,0,0,0,0,0,0
28256843,2073,32,2,0,0,0,0,0,0,0,0,0,0,0,0,0
28265795,2074,32,2,0,0,0,0,0,0,0,0,0,0,0,0,0
28274748,2075,48,2,0,0,0,0,0,0,0,0,0,0,0,0,0
28285430,2076,32,2,0,0,0,0,0,0,0,0,0,0,0,0,0
28294383,2077,32,2,0,0,0,0,0,0,0,0,0,0,0,0,0
28303336,2078,32,2,0,0,0,0,0,0,0,0,0,0,0,0,0
28312290,2079,32,2,0,0,0,0,0,0,0,0,0,0,0,0,0
28321242,2080,48,2,0,0,0,0,0,0,0,0,0,0,0,0,0
28331925,2081,32,2,0,0,0,0,0,0,0,0,0,0,0,0,0
28340877,2082,32,2,0,0,0,0,0,0,0,0,0,0,0,0,0
28349830,2083,32,2,0,0,0,0,0,0,0,0,0,0,0,0,0
28358783,2084,32,2,0,0,0,0,0,0,0,0,0,0,0,0,0
28367736,2085,48,2,0,0,0,0,0,0,0,0,0,0,0,0,0
28378418,2086,32,2,0,0,0,0,0,0,0,0,0,0,0,0,0
28387371,2087,32,2,0,0,0,0,0,0,0,0,0,0,0,0,0
28396324,2088,32,2,0,0,0,0,0,0,0,0,0,0,0,0,0
28405277,2089,32,2,0,0,0,0,0,0,0,0,0,0,0,0,0
28414230,2090,48,2,0,0,0,0,0,0,0,0,0,0,0,0,0
28424912,2091,32,2,0,0,0,0,0,0,0,0,0,0,0,0,0
28433865,2092,32,2,0,0,0,0,0,0,0,0,0,0,0,0,0
28442818,2093,32,2,0,0,0,0,0,0,0,0,0,0,0,0,0
28451771,2094,32,2,0,0,0,0,0,0,0,0,0,0,0,0,0
28460724,2095,48,2,0,0,0,0,0,0,0,0,0,0,0,0,0
28471406,2096,32,2,0,0,0,0,0,0,0,0,0,0,0,0,0
28480359,2097,32,2,0,0,0,0,0,0,0,0,0,0,0,0,0
28489312,2098,32,2,0,0,0,0,0,0,0,0,0,0,0,0,0
28498265,2099,32,2,0,0,0,0,0,0,0,0,0,0,0,0,0
28507218,2100,48,2,0,0,0,0,0,0,0,0,0,0,0,0,0
28517901,2101,32,2,0,0,0,0,0,0,0,0,0,0,0,0,0
28526853,2102,32,2,0,0,0,0,0,0,0,0,0,0,0,0,0
28535807,2103,32,2,0,0,0,0,0,0,0,0,0,0,0,0,0
28544760,2104,32,2,0,0,0,0,0,0,0,0,0,0,0,0,0
28553712,2105,48,2,0,0,0,0,0,0,0,0,0,0,0,0,0
28564394,2106,32,2,0,0,0,0,0,0,0,0,0,0,0,0,0
28573347,2107,32,2,0,0,0,0,0,0,0,0,0,0,0,0,0
28582300,2108,32,2,0,0,0,0,0,0,0,0,0,0,0,0,0
28591253,2109,32,2,0,0,0,0,0,0,0,0,0,0,0,0,0
28600206,2110,48,2,0,0,0,0,0,0,0,0,0,0,0,0,0
28610889,2111,32,2,0,0,0,0,0,0,0,0,0,0,0,0,0
28619841,2112,32,2,0,0,0,0,0,0,0,0,0,0,0,0,0
28628794,2113,32,2,0,0,0,0,0,0,0,0,0,0,0,0,0
28637747,2114,32,2,0,0,0,0,0,0,0,0,0,0,0,0,0
28646700,2115,48,2,0,0,0,0,0,0,0,0,0,0,0,0,0
28657382,2116,32,2,0,0,0,0,0,0,0,0,0,0,0,0,0
28666336,2117,32,2,0,0,0,0,0,0,0,0,0,0,0,0,0
28675288,2118,32,2,0,0,0,0,0,0,0,0,0,0,0,0,0
28684241,2119,32,2,0,0,0,0,0,0,0,0,0,0,0,0,0
28693194,2120,48,2,0,0,0,0,0,0,0,0,0,0,0,0,0
28703876,2121,32,2,0,0,0,0,0,0,0,0,0,0,0,0,0
28712829,2122,32,2,0,0,0,0,0,0,0,0,0,0,0,0,0
28721782,2123,32,2,0,0,0,0,0,0,0,0,0,0,0,0,0
28730735,2124,32,2,0,0,0,0,0,0,0,0,0,0,0,0,0
28739688,2125,48,2,0,0,0,0,0,0,0,0,0,0,0,0,0
28750370,2126,32,2,0,0,0,0,0,0,0,0,0,0,0,0,0
28759323,2127,32,2,0,0,0,0,0,0,0,0,0,0,0,0,0
28768276,2128,32,2,0,0,0,0,0,0,0,0,0,0,0,0,0
28777229,2129,32,2,0,0,0,0,0,0,0,0,0,0,0,0,0
28786182,2130,48,2,0,0,0,0,0,0,0,0,0,0,0,0,0
28796865,2131,32,2,0,0,0,0,0,0,0,0,0,0,0,0,0
28805817,2132,32,2,0,0,0,0,0,0,0,0,0,0,0,0,0
28814770,2133,32,2,0,0,0,0,0,0,0,0,0,0,0,0,0
28823724,2134,32,2,0,0,0,0,0,0,0,0,0,0,0,0,0
28832676,2135,48,2,0,0,0,0,0,0,0,0,0,0,0,0,0
28843358,2136,32,2,0,0,0,0,0,0,0,0,0,0,0,0,0
28852311,2137,32,2,0,0,0,0,0,0,0,0,0,0,0,0,0
28861264,2138,32,2,0,0,0,0,0,0,0,0,0,0,0,0,0
28870217,2139,32,2,0,0,0,0,0,0,0,0,0,0,0,0,0
28879170,2140,48,2,0,0,0,0,0,0,0,0,0,0,0,0,0
28889852,2141,32,2,0,0,0,0,0,0,0,0,0,0,0,0,0
28898805,2142,32,2,0,0,0,0,0,0,0,0,0,0,0,0,0
28907758,2143,32,2,0,0,0,0,0,0,0,0,0,0,0,0,0
28916711,2144,32,2,0,0,0,0,0,0,0,0,0,0,0,0,0
28925664,2145,48,2,0,0,0,0,0,0,0,0,0,0,0,0,0
28936360,2146,32,2,0,0,0,0,0,0,0,0,0,0,0,0,0
28945301,2147,32,2,0,0,0,0,0,0,0,0,0,0,0,0,0
28954254,2148,32,2,0,0,0,0,0,0,0,0,0,0,0,0,0
28963207,2149,32,2,0,0,0,0,0,0,0,0,0,0,0,0,0
28972160,2150,48,2,0,0,0,0,0,0,0,0,0,0,0,0,0
28982843,2151,32,2,0,0,0,0,0,0,0,0,0,0,0,0,0
28991795,2152,32,2,0,0,0,0,0,0,0,0,0,0,0,0,0
29000748,2153,32,2,0,0,0,0,0,0,0,0,0,0,0,0,0
29009702,2154,32,2,0,0,0,0,0,0,0,0,0,0,0,0,0
29018655,2155,48,2,0,0,0,0,0,0,0,0,0,0,0,0,0
29029336,2156,32,2,0,0,0,0,0,0,0,0,0,0,0,0,0
29038289,2157,32,2,0,0,0,0,0,0,0,0,0,0,0,0,0
29047242,2158,32,2,0,0,0,0,0,0,0,0,0,0,0,0,0
29056195,2159,32,2,0,0,0,0,0,0,0,0,0,0,0,0,0
29065148,2160,48,2,0,0,0,0,0,0,0,0,0,0,0,0,0
29075830,2161,32,2,0,0,0,0,0,0,0,0,0,0,0,0,0
29084783,2162,32,2,0,0,0,0,0,0,0,0,0,0,0,0,0
29093736,2163,32,2,0,0,0,0,0,0,0,0,0,0,0,0,0
29102689,2164,32,2,0,0,0,0,0,0,0,0,0,0,0,0,0
29111642,2165,48,2,0,0,0,0,0,0,0,0,0,0,0,0,0
29122324,2166,32,2,0,0,0,0,0,0,0,0,0,0,0,0,0
29131277,2167,32,2,0,0,0,0,0,0,0,0,0,0,0,0,0
29140230,2168,32,2,0,0,0,0,0,0,0,0,0,0,0,0,0
29149183,2169,32,2,0,0,0,0,0,0,0,0,0,0,0,0,0
29158136,2170,48,2,0,0,0,0,0,0,0,0,0,0,0,0,0
29168819,2171,32,2,0,0,0,0,0,0,0,0,0,0,0,0,0
29177771,2172,32,2,0,0,0,0,0,0,0,0,0,0,0,0,0
29186724,2173,32,2,0,0,0,0,0,0,0,0,0,0,0,0,0
29195677,2174,32,2,0,0,0,0,0,0,0,0,0,0,0,0,0
29204630,2175,48,2,0,0,0,0,0,0,0,0,0,0,0,0,0
29215312,2176,32,2,0,0,0,0,0,0,0,0,0,0,0,0,0
29224265,2177,32,2,0,0,0,0,0,0,0,0,0,0,0,0,0
29233218,2178,32,2,0,0,0,0,0,0,0,0,0,0,0,0,0
29242171,2179,32,2,0,0,0,0,0,0,0,0,0,0,0,0,0
29251124,2180,48,2,0,0,0,0,0,0,0,0,0,0,0,0,0
29261806,2181,32,2,0,0,0,0,0,0,0,0,0,0,0,0,0
29270760,2182,32,2,0,0,0,0,0,0,0,0,0,0,0,0,0
29279712,2183,32,2,0,0,0,0,0,0,0,0,0,0,0,0,0
29288665,2184,32,2,0,0,0,0,0,0,0,0,0,0,0,0,0
29297619,2185,48,2,0,0,0,0,0,0,0,0,0,0,0,0,0
29308300,2186,32,2,0,0,0,0,0,0,0,0,0,0,0,0,0
29317253,2187,32,2,0,0,0,0,0,0,0,0,0,0,0,0,0
29326206,2188,32,2,0,0,0,0,0,0,0,0,0,0,0,0,0
29335160,2189,32,2,0,0,0,0,0,0,0,0,0,0,0,0,0
29344112,2190,48,2,0,0,0,0,0,0,0,0,0,0,0,0,0
29354794,2191,32,2,0,0,0,0,0,0,0,0,0,0,0,0,0
29363747,2192,32,2,0,0,0,0,0,0,0,0,0,0,0,0,0
29372700,2193,32,2,0,0,0,0,0,0,0,0,0,0,0,0,0
29381653,2194,32,2,0,0,0,0,0,0,0,0,0,0,0,0,0
29390606,2195,48,2,0,0,0,0,0,0,0,0,0,0,0,0,0
29401288,2196,32,2,0,0,0,0,0,0,0,0,0,0,0,0,0
29410241,2197,32,2,0,0,0,0,0,0,0,0,0,0,0,0,0
29419194,2198,32,2,0,0,0,0,0,0,0,0,0,0,0,0,0
29428147,2199,32,2,0,0,0,0,0,0,0,0,0,0,0,0,0
29437100,2200,48,2,0,0,0,0,0,0,0,0,0,0,0,0,0
29447782,2201,32,2,0,0,0,0,0,0,0,0,0,0,0,0,0
29456735,2202,32,2,0,0,0,0,0,0,0,0,0,0,0,0,0
29465688,2203,32,2,0,0,0,0,0,0,0,0,0,0,0,0,0
29474641,2204,32,2,0,0,0,0,0,0,0,0,0,0,0,0,0
29483594,2205,48,2,0,0,0,0,0,0,0,0,0,0,0,0,0
29494276,2206,32,2,0,0,0,0,0,0,0,0,0,0,0,0,0
29503229,2207,32,2,0,0,0,0,0,0,0,0,0,0,0,0,0
29512182,2208,32,2,0,0,0,0,0,0,0,0,0,0,0,0,0
29521135,2209,32,2,0,0,0,0,0,0,0,0,0,0,0,0,0
29530088,2210,48,2,0,0,0,0,0,0,0,0,0,0,0,0,0
29547066,2211,32,2,0,0,0,0,0,0,0,0,0,0,0,0,0
29556007,2212,32,2,0,0,0,0,0,0,0,0,0,0,0,0,0
29564961,2213,32,2,0,0,0,0,0,0,0,0,0,0,0,0,0
29573913,2214,32,2,0,0,0,0,0,0,0,0,0,0,0,0,0
29582866,2215,48,2,0,0,0,0,0,0,0,0,0,0,0,0,0
29593548,2216,32,2,0,0,0,0,0,0,0,0,0,0,0,0,0
29602501,2217,32,2,0,0,0,0,0,0,0,0,0,0,0,0,0
29611454,2218,32,2,0,0,0,0,0,0,0,0,0,0,0,0,0
29620407,2219,32,2,0,0,0,0,0,0,0,0,0,0,0,0,0
29629360,2220,48,2,0,0,0,0,0,0,0,0,0,0,0,0,0
29640042,2221,32,2,0,0,0,0,0,0,0,0,0,0,0,0,0
29648995,2222,32,2,0,0,0,0,0,0,0,0,0,0,0,0,0
29657948,2223,32,2,0,0,0,0,0,0,0,0,0,0,0,0,0
29666901,2224,32,2,0,0,0,0,0,0,0,0,0,0,0,0,0
29675854,2225,48,2,0,0,0,0,0,0,0,0,0,0,0,0,0
29686536,2226,32,2,0,0,0,0,0,0,0,0,0,0,0,0,0
29695489,2227,32,2,0,0,0,0,0,0,0,0,0,0,0,0,0
29704442,2228,32,2,0,0,0,0,0,0,0,0,0,0,0,0,0
29713395,2229,32,2,0,0,0,0,0,0,0,0,0,0,0,0,0
29722349,2230,48,2,0,0,0,0,0,0,0,0,0,0,0,0,0
29733031,2231,32,2,0,0,0,0,0,0,0,0,0,0,0,0,0
29741983,2232,32,2,0,0,0,0,0,0,0,0,0,0,0,0,0
29750936,2233,32,2,0,0,0,0,0,0,0,0,0,0,0,0,0
29759889,2234,32,2,0,0,0,0,0,0,0,0,0,0,0,0,0
29768842,2235,48,2,0,0,0,0,0,0,0,0,0,0,0,0,0
29779524,2236,32,2,0,0,0,0,0,0,0,0,0,0,0,0,0
29788478,2237,32,2,0,0,0,0,0,0,0,0,0,0,0,0,0
29797430,2238,32,2,0,0,0,0,0,0,0,0,0,0,0,0,0
29806383,2239,32,2,0,0,0,0,0,0,0,0,0,0,0,0,0
29815336,2240,48,2,0,0,0,0,0,0,0,0,0,0,0,0,0
29826019,2241,32,2,0,0,0,0,0,0,0,0,0,0,0,0,0
29834971,2242,32,2,0,0,0,0,0,0,0,0,0,0,0,0,0
29843924,2243,32,2,0,0,0,0,0,0,0,0,0,0,0,0,0
29852877,2244,32,2,0,0,0,0,0,0,0,0,0,0,0,0,0
29861831,2245,48,2,0,0,0,0,0,0,0,0,0,0,0,0,0
29872513,2246,32,2,0,0,0,0,0,0,0,0,0,0,0,0,0
29881465,2247,32,2,0,0,0,0,0,0,0,0,0,0,0,0,0
29890418,2248,32,2,0,0,0,0,0,0,0,0,0,0,0,0,0
29899371,2249,32,2,0,0,0,0,0,0,0,0,0,0,0,0,0
29908324,2250,48,2,0,0,0,0,0,0,0,0,0,0,0,0,0
29919007,2251,32,2,0,0,0,0,0,0,0,0,0,0,0,0,0
29927959,2252,32,2,0,0,0,0,0,0,0,0,0,0,0,0,0
29936912,2253,32,2,0,0,0,0,0,0,0,0,0,0,0,0,0
29945865,2254,32,2,0,0,0,0,0,0,0,0,0,0,0,0,0
29954818,2255,48,2,0,0,0,0,0,0,0,0,0,0,0,0,0
29965500,2256,32,2,0,0,0,0,0,0,0,0,0,0,0,0,0
29974453,2257,32,2,0,0,0,0,0,0,0,0,0,0,0,0,0
29983406,2258,32,2,0,0,0,0,0,0,0,0,0,0,0,0,0
29992359,2259,32,2,0,0,0,0,0,0,0,0,0,0,0,0,0
30001312,2260,48,2,0,0,0,0,0,0,0,0,0,0,0,0,0
30011994,2261,32,2,0,0,0,0,0,0,0,0,0,0,0,0,0
30020947,2262,32,2,0,0,0,0,0,0,0,0,0,0,0,0,0
30029900,2263,32,2,0,0,0,0,0,0,0,0,0,0,0,0,0
30038853,2264,32,2,0,0,0,0,0,0,0,0,0,0,0,0,0
30047807,2265,48,2,0,0,0,0,0,0,0,0,0,0,0,0,0
30058488,2266,32,2,0,0,0,0,0,0,0,0,0,0,0,0,0
30067441,2267,32,2,0,0,0,0,0,0,0,0,0,0,0,0,0
30076394,2268,32,2,0,0,0,0,0,0,0,0,0,0,0,0,0
30085348,2269,32,2,0,0,0,0,0,0,0,0,0,0,0,0,0
30094300,2270,48,2,0,0,0,0,0,0,0,0,0,0,0,0,0
30104982,2271,32,2,0,0,0,0,0,0,0,0,0,0,0,0,0
30113935,2272,32,2,0,0,0,0,0,0,0,0,0,0,0,0,0
30122888,2273,32,2,0,0,0,0,0,0,0,0,0,0,0,0,0
30131841,2274,32,2,0,0,0,0,0,0,0,0,0,0,0,0,0
30140794,2275,48,2,0,0,0,0,0,0,0,0,0,0,0,0,0
30151476,2276,32,2,0,0,0,0,0,0,0,0,0,0,0,0,0
30160430,2277,32,2,0,0,0,0,0,0,0,0,0,0,0,0,0
30169382,2278,32,2,0,0,0,0,0,0,0,0,0,0,0,0,0
30178336,2279,32,2,0,0,0,0,0,0,0,0,0,0,0,0,0
30187288,2280,48,2,0,0,0,0,0,0,0,0,0,0,0,0,0
30197971,2281,32,2,0,0,0,0,0,0,0,0,0,0,0,0,0
30206924,2282,32,2,0,0,0,0,0,0,0,0,0,0,0,0,0
30215876,2283,32,2,0,0,0,0,0,0,0,0,0,0,0,0,0
30224829,2284,32,2,0,0,0,0,0,0,0,0,0,0,0,0,0
30233783,2285,48,2,0,0,0,0,0,0,0,0,0,0,0,0,0
30244464,2286,32,2,0,0,0,0,0,0,0,0,0,0,0,0,0
30253418,2287,32,2,0,0,0,0,0,0,0,0,0,0,0,0,0
30262370,2288,32,2,0,0,0,0,0,0,0,0,0,0,0,0,0
30271323,2289,32,2,0,0,0,0,0,0,0,0,0,0,0,0,0
30280276,2290,48,2,0,0,0,0,0,0,0,0,0,0,0,0,0
30290958,2291,32,2,0,0,0,0,0,0,0,0,0,0,0,0,0
30299911,2292,32,2,0,0,0,0,0,0,0,0,0,0,0,0,0
30308864,2293,32,2,0,0,0,0,0,0,0,0,0,0,0,0,0
30317817,2294,32,2,0,0,0,0,0,0,0,0,0,0,0,0,0
30326770,2295,48,2,0,0,0,0,0,0,0,0,0,0,0,0,0
30337452,2296,32,2,0,0,0,0,0,0,0,0,0,0,0,0,0
30346405,2297,32,2,0,0,0,0,0,0,0,0,0,0,0,0,0
30355358,2298,32,2,0,0,0,0,0,0,0,0,0,0,0,0,0
30364311,2299,32,2,0,0,0,0,0,0,0,0,0,0,0,0,0
30373264,2300,48,2,0,0,0,0,0,0,0,0,0,0,0,0,0
30383947,2301,32,2,0,0,0,0,0,0,0,0,0,0,0,0,0
30392899,2302,32,2,0,0,0,0,0,0,0,0,0,0,0,0,0
30401852,2303,32,2,0,0,0,0,0,0,0,0,0,0,0,0,0
30410805,2304,32,2,0,0,0,0,0,0,0,0,0,0,0,0,0
30419759,2305,48,2,0,0,0,0,0,0,0,0,0,0,0,0,0
30430440,2306,32,2,0,0,0,0,0,0,0,0,0,0,0,0,0
30439393,2307,32,2,0,0,0,0,0,0,0,0,0,0,0,0,0
30448347,2308,32,2,0,0,0,0,0,0,0,0,0,0,0,0,0
30457299,2309,32,2,0,0,0,0,0,0,0,0,0,0,0,0,0
30466252,2310,48,2,0,0,0,0,0,0,0,0,0,0,0,0,0
30476934,2311,32,2,0,0,0,0,0,0,0,0,0,0,0,0,0
30485887,2312,32,2,0,0,0,0,0,0,0,0,0,0,0,0,0
30494840,2313,32,2,0,0,0,0,0,0,0,0,0,0,0,0,0
30503793,2314,32,2,0,0,0,0,0,0,0,0,0,0,0,0,0
30512746,2315,48,2,0,0,0,0,0,0,0,0,0,0,0,0,0
30523428,2316,32,2,0,0,0,0,0,0,0,0,0,0,0,0,0
30532381,2317,32,2,0,0,0,0,0,0,0,0,0,0,0,0,0
30541334,2318,32,2,0,0,0,0,0,0,0,0,0,0,0,0,0
30550287,2319,32,2,0,0,0,0,0,0,0,0,0,0,0,0,0
30559240,2320,48,2,0,0,0,0,0,0,0,0,0,0,0,0,0
30569923,2321,32,2,0,0,0,0,0,0,0,0,0,0,0,0,0
30578875,2322,32,2,0,0,0,0,0,0,0,0,0,0,0,0,0
30587828,2323,32,2,0,0,0,0,0,0,0,0,0,0,0,0,0
30596781,2324,32,2,0,0,0,0,0,0,0,0,0,0,0,0,0
30605734,2325,48,2,0,0,0,0,0,0,0,0,0,0,0,0,0
30616416,2326,32,2,0,0,0,0,0,0,0,0,0,0,0,0,0
30625369,2327,32,2,0,0,0,0,0,0,0,0,0,0,0,0,0
30634322,2328,32,2,0,0,0,0,0,0,0,0,0,0,0,0,0
30643275,2329,32,2,0,0,0,0,0,0,0,0,0,0,0,0,0
30652228,2330,48,2,0,0,0,0,0,0,0,0,0,0,0,0,0
30662911,2331,32,2,0,0,0,0,0,0,0,0,0,0,0,0,0
30671863,2332,32,2,0,0,0,0,0,0,0,0,0,0,0,0,0
30680816,2333,32,2,0,0,0,0,0,0,0,0,0,0,0,0,0
30689769,2334,32,2,0,0,0,0,0,0,0,0,0,0,0,0,0
30698723,2335,48,2,0,0,0,0,0,0,0,0,0,0,0,0,0
30709404,2336,32,2,0,0,0,0,0,0,0,0,0,0,0,0,0
30718357,2337,32,2,0,0,0,0,0,0,0,0,0,0,0,0,0
30727310,2338,32,2,0,0,0,0,0,0,0,0,0,0,0,0,0
30736263,2339,32,2,0,0,0,0,0,0,0,0,0,0,0,0,0
30745216,2340,48,2,0,0,0,0,0,0,0,0,0,0,0,0,0
30755899,2341,32,2,0,0,0,0,0,0,0,0,0,0,0,0,0
30764852,2342,32,2,0,0,0,0,0,0,0,0,0,0,0,0,0
30773804,2343,32,2,0,0,0,0,0,0,0,0,0,0,0,0,0
30782757,2344,32,2,0,0,0,0,0,0,0,0,0,0,0,0,0
30791710,2345,48,2,0,0,0,0,0,0,0,0,0,0,0,0,0
30802392,2346,32,2,0,0,0,0,0,0,0,0,0,0,0,0,0
30811346,2347,32,2,0,0,0,0,0,0,0,0,0,0,0,0,0
30820299,2348,32,2,0,0,0,0,0,0,0,0,0,0,0,0,0
30829251,2349,32,2,0,0,0,0,0,0,0,0,0,0,0,0,0
30838204,2350,48,2,0,0,0,0,0,0,0,0,0,0,0,0,0
30848887,2351,32,2,0,0,0,0,0,0,0,0,0,0,0,0,0
30857840,2352,32,2,0,0,0,0,0,0,0,0,0,0,0,0,0
30866793,2353,32,2,0,0,0,0,0,0,0,0,0,0,0,0,0
30875745,2354,32,2,0,0,0,0,0,0,0,0,0,0,0,0,0
30884698,2355,48,2,0,0,0,0,0,0,0,0,0,0,0,0,0
30895380,2356,32,2,0,0,0,0,0,0,0,0,0,0,0,0,0
30904333,2357,32,2,0,0,0,0,0,0,0,0,0,0,0,0,0
30913286,2358,32,2,0,0,0,0,0,0,0,0,0,0,0,0,0
30922239,2359,32,2,0,0,0,0,0,0,0,0,0,0,0,0,0
30931192,2360,48,2,0,0,0,0,0,0,0,0,0,0,0,0,0
30941875,2361,32,2,0,0,0,0,0,0,0,0,0,0,0,0,0
30950827,2362,32,2,0,0,0,0,0,0,0,0,0,0,0,0,0
30959780,2363,32,2,0,0,0,0,0,0,0,0,0,0,0,0,0
30968733,2364,32,2,0,0,0,0,0,0,0,0,0,0,0,0,0
30977686,2365,48,2,0,0,0,0,0,0,0,0,0,0,0,0,0
30988368,2366,32,2,0,0,0,0,0,0,0,0,0,0,0,0,0
30997321,2367,32,2,0,0,0,0,0,0,0,0,0,0,0,0,0
31006274,2368,32,2,0,0,0,0,0,0,0,0,0,0,0,0,0
31015227,2369,32,2,0,0,0,0,0,0,0,0,0,0,0,0,0
31024180,2370,48,2,0,0,0,0,0,0,0,0,0,0,0,0,0
31034863,2371,32,2,0,0,0,0,0,0,0,0,0,0,0,0,0
31043816,2372,32,2,0,0,0,0,0,0,0,0,0,0,0,0,0
31052768,2373,32,2,0,0,0,0,0,0,0,0,0,0,0,0,0
31061721,2374,32,2,0,0,0,0,0,0,0,0,0,0,0,0,0
31070675,2375,48,2,0,0,0,0,0,0,0,0,0,0,0,0,0
31081356,2376,32,2,0,0,0,0,0,0,0,0,0,0,0,0,0
31090309,2377,32,2,0,0,0,0,0,0,0,0,0,0,0,0,0
31099263,2378,32,2,0,0,0,0,0,0,0,0,0,0,0,0,0
31108215,2379,32,2,0,0,0,0,0,0,0,0,0,0,0,0,0
31117168,2380,48,2,0,0,0,0,0,0,0,0,0,0,0,0,0
31132421,2381,32,2,0,0,0,0,0,0,0,0,0,0,0,0,0
31141362,2382,32,2,0,0,0,0,0,0,0,0,0,0,0,0,0
31150315,2383,32,2,0,0,0,0,0,0,0,0,0,0,0,0,0
31159268,2384,32,2,0,0,0,0,0,0,0,0,0,0,0,0,0
31168221,2385,48,2,0,0,0,0,0,0,0,0,0,0,0,0,0
31178903,2386,32,2,0,0,0,0,0,0,0,0,0,0,0,0,0
31187856,2387,32,2,0,0,0,0,0,0,0,0,0,0,0,0,0
31196809,2388,32,2,0,0,0,0,0,0,0,0,0,0,0,0,0
31205762,2389,32,2,0,0,0,0,0,0,0,0,0,0,0,0,0
31214715,2390,48,2,0,0,0,0,0,0,0,0,0,0,0,0,0
31225398,2391,32,2,0,0,0,0,0,0,0,0,0,0,0,0,0
31234351,2392,32,2,0,0,0,0,0,0,0,0,0,0,0,0,0
31243303,2393,32,2,0,0,0,0,0,0,0,0,0,0,0,0,0
31252256,2394,32,2,0,0,0,0,0,0,0,0,0,0,0,0,0
31261209,2395,48,2,0,0,0,0,0,0,0,0,0,0,0,0,0
31271891,2396,32,2,0,0,0,0,0,0,0,0,0,0,0,0,0
31280844,2397,32,2,0,0,0,0,0,0,0,0,0,0,0,0,0
31289797,2398,32,2,0,0,0,0,0,0,0,0,0,0,0,0,0
31298751,2399,32,2,0,0,0,0,0,0,0,0,0,0,0,0,0
31307703,2400,48,2,0,0,0,0,0,0,0,0,0,0,0,0,0
31318385,2401,32,2,0,0,0,0,0,0,0,0,0,0,0,0,0
31327338,2402,32,2,0,0,0,0,0,0,0,0,0,0,0,0,0
31336291,2403,32,2,0,0,0,0,0,0,0,0,0,0,0,0,0
31345244,2404,32,2,0,0,0,0,0,0,0,0,0,0,0,0,0
31354197,2405,48,2,0,0,0,0,0,0,0,0,0,0,0,0,0
31364879,2406,32,2,0,0,0,0,0,0,0,0,0,0,0,0,0
31373832,2407,32,2,0,0,0,0,0,0,0,0,0,0,0,0,0
31382785,2408,32,2,0,0,0,0,0,0,0,0,0,0,0,0,0
31391738,2409,32,2,0,0,0,0,0,0,0,0,0,0,0,0,0
31400691,2410,48,2,0,0,0,0,0,0,0,0,0,0,0,0,0
31411374,2411,32,2,0,0,0,0,0,0,0,0,0,0,0,0,0
31420326,2412,32,2,0,0,0,0,0,0,0,0,0,0,0,0,0
31429279,2413,32,2,0,0,0,0,0,0,0,0,0,0,0,0,0
31438232,2414,32,2,0,0,0,0,0,0,0,0,0,0,0,0,0
31447185,2415,48,2,0,0,0,0,0,0,0,0,0,0,0,0,0
31457867,2416,32,2,0,0,0,0,0,0,0,0,0,0,0,0,0
31466820,2417,32,2,0,0,0,0,0,0,0,0,0,0,0,0,0
31475774,2418,32,2,0,0,0,0,0,0,0,0,0,0,0,0,0
31484727,2419,32,2,0,0,0,0,0,0,0,0,0,0,0,0,0
31493679,2420,48,2,0,0,0,0,0,0,0,0,0,0,0,0,0
31504362,2421,32,2,0,0,0,0,0,0,0,0,0,0,0,0,0
31513314,2422,32,2,0,0,0,0,0,0,0,0,0,0,0,0,0
31522268,2423,32,2,0,0,0,0,0,0,0,0,0,0,0,0,0
31531220,2424,32,2,0,0,0,0,0,0,0,0,0,0,0,0,0
31540173,2425,48,2,0,0,0,0,0,0,0,0,0,0,0,0,0
31550855,2426,32,2,0,0,0,0,0,0,0,0,0,0,0,0,0
31559808,2427,32,2,0,0,0,0,0,0,0,0,0,0,0,0,0
31568761,2428,32,2,0,0,0,0,0,0,0,0,0,0,0,0,0
31577714,2429,32,2,0,0,0,0,0,0,0,0,0,0,0,0,0
31586667,2430,48,2,0,0,0,0,0,0,0,0,0,0,0,0,0
31597349,2431,32,2,0,0,0,0,0,0,0,0,0,0,0,0,0
31606302,2432,32,2,0,0,0,0,0,0,0,0,0,0,0,0,0
31615255,2433,32,2,0,0,0,0,0,0,0,0,0,0,0,0,0
31624208,2434,32,2,0,0,0,0,0,0,0,0,0,0,0,0,0
31633161,2435,48,2,0,0,0,0,0,0,0,0,0,0,0,0,0
31643843,2436,32,2,0,0,0,0,0,0,0,0,0,0,0,0,0
31652796,2437,32,2,0,0,0,0,0,0,0,0,0,0,0,0,0
31661749,2438,32,2,0,0,0,0,0,0,0,0,0,0,0,0,0
31670702,2439,32,2,0,0,0,0,0,0,0,0,0,0,0,0,0
31679655,2440,48,2,0,0,0,0,0,0,0,0,0,0,0,0,0
31690337,2441,32,2,0,0,0,0,0,0,0,0,0,0,0,0,0
31699290,2442,32,2,0,0,0,0,0,0,0,0,0,0,0,0,0
31708243,2443,32,2,0,0,0,0,0,0,0,0,0,0,0,0,0
31717196,2444,32,2,0,0,0,0,0,0,0,0,0,0,0,0,0
31726149,2445,48,2,0,0,0,0,0,0,0,0,0,0,0,0,0
31736831,2446,32,2,0,0,0,0,0,0,0,0,0,0,0,0,0
31745784,2447,32,2,0,0,0,0,0,0,0,0,0,0,0,0,0
31754738,2448,32,2,0,0,0,0,0,0,0,0,0,0,0,0,0
31763690,2449,32,2,0,0,0,0,0,0,0,0,0,0,0,0,0
31772644,2450,48,2,0,0,0,0,0,0,0,0,0,0,0,0,0
31783326,2451,32,2,0,0,0,0,0,0,0,0,0,0,0,0,0
31792278,2452,32,2,0,0,0,0,0,0,0,0,0,0,0,0,0
31801231,2453,32,2,0,0,0,0,0,0,0,0,0,0,0,0,0
31810184,2454,32,2,0,0,0,0,0,0,0,0,0,0,0,0,0
31819137,2455,48,2,0,0,0,0,0,0,0,0,0,0,0,0,0
31829819,2456,32,2,0,0,0,0,0,0,0,0,0,0,0,0,0
31838772,2457,32,2,0,0,0,0,0,0,0,0,0,0,0,0,0
31847725,2458,32,2,0,0,0,0,0,0,0,0,0,0,0,0,0
31856678,2459,32,2,0,0,0,0,0,0,0,0,0,0,0,0,0
31865631,2460,48,2,0,0,0,0,0,0,0,0,0,0,0,0,0
31876314,2461,32,2,0,0,0,0,0,0,0,0,0,0,0,0,0
31885266,2462,32,2,0,0,0,0,0,0,0,0,0,0,0,0,0
31894219,2463,32,2,0,0,0,0,0,0,0,0,0,0,0,0,0
31903172,2464,32,2,0,0,0,0,0,0,0,0,0,0,0,0,0
31912125,2465,48,2,0,0,0,0,0,0,0,0,0,0,0,0,0
31922807,2466,32,2,0,0,0,0,0,0,0,0,0,0,0,0,0
31931760,2467,32,2,0,0,0,0,0,0,0,0,0,0,0,0,0
31940714,2468,32,2,0,0,0,0,0,0,0,0,0,0,0,0,0
31949666,2469,32,2,0,0,0,0,0,0,0,0,0,0,0,0,0
31958619,2470,48,2,0,0,0,0,0,0,0,0,0,0,0,0,0
31969302,2471,32,2,0,0,0,0,0,0,0,0,0,0,0,0,0
31978254,2472,32,2,0,0,0,0,0,0,0,0,0,0,0,0,0
31987207,2473,32,2,0,0,0,0,0,0,0,0,0,0,0,0,0
31996160,2474,32,2,0,0,0,0,0,0,0,0,0,0,0,0,0
32005113,2475,48,2,0,0,0,0,0,0,0,0,0,0,0,0,0
32015795,2476,32,2,0,0,0,0,0,0,0,0,0,0,0,0,0
32024748,2477,32,2,0,0,0,0,0,0,0,0,0,0,0,0,0
32033702,2478,32,2,0,0,0,0,0,0,0,0,0,0,0,0,0
32042655,2479,32,2,0,0,0,0,0,0,0,0,0,0,0,0,0
32051607,2480,48,2,0,0,0,0,0,0,0,0,0,0,0,0,0
32062290,2481,32,2,0,0,0,0,0,0,0,0,0,0,0,0,0
32071242,2482,32,2,0,0,0,0,0,0,0,0,0,0,0,0,0
32080195,2483,32,2,0,0,0,0,0,0,0,0,0,0,0,0,0
32089149,2484,32,2,0,0,0,0,0,0,0,0,0,0,0,0,0
32098101,2485,48,2,0,0,0,0,0,0,0,0,0,0,0,0,0
32108783,2486,32,2,0,0,0,0,0,0,0,0,0,0,0,0,0
32117736,2487,32,2,0,0,0,0,0,0,0,0,0,0,0,0,0
32126689,2488,32,2,0,0,0,0,0,0,0,0,0,0,0,0,0
32135642,2489,32,2,0,0,0,0,0,0,0,0,0,0,0,0,0
32144595,2490,48,2,0,0,0,0,0,0,0,0,0,0,0,0,0
32155278,2491,32,2,0,0,0,0,0,0,0,0,0,0,0,0,0
32164230,2492,32,2,0,0,0,0,0,0,0,0,0,0,0,0,0
32173183,2493,32,2,0,0,0,0,0,0,0,0,0,0,0,0,0
32182136,2494,32,2,0,0,0,0,0,0,0,0,0,0,0,0,0
32191089,2495,48,2,0,0,0,0,0,0,0,0,0,0,0,0,0
32201771,2496,32,2,0,0,0,0,0,0,0,0,0,0,0,0,0
32210724,2497,32,2,0,0,0,0,0,0,0,0,0,0,0,0,0
32219677,2498,32,2,0,0,0,0,0,0,0,0,0,0,0,0,0
32228630,2499,32,2,0,0,0,0,0,0,0,0,0,0,0,0,0
32237583,2500,48,2,0,0,0,0,0,0,0,0,0,0,0,0,0
32248266,2501,32,2,0,0,0,0,0,0,0,0,0,0,0,0,0
32257218,2502,32,2,0,0,0,0,0,0,0,0,0,0,0,0,0
32266171,2503,32,2,0,0,0,0,0,0,0,0,0,0,0,0,0
32275124,2504,32,2,0,0,0,0,0,0,0,0,0,0,0,0,0
32284077,2505,48,2,0,0,0,0,0,0,0,0,0,0,0,0,0
32294759,2506,32,2,0,0,0,0,0,0,0,0,0,0,0,0,0
32303712,2507,32,2,0,0,0,0,0,0,0,0,0,0,0,0,0
32312665,2508,32,2,0,0,0,0,0,0,0,0,0,0,0,0,0
32321619,2509,32,2,0,0,0,0,0,0,0,0,0,0,0,0,0
32330572,2510,48,2,0,0,0,0,0,0,0,0,0,0,0,0,0
32341253,2511,32,2,0,0,0,0,0,0,0,0,0,0,0,0,0
32350206,2512,32,2,0,0,0,0,0,0,0,0,0,0,0,0,0
32359159,2513,32,2,0,0,0,0,0,0,0,0,0,0,0,0,0
32368112,2514,32,2,0,0,0,0,0,0,0,0,0,0,0,0,0
32377065,2515,48,2,0,0,0,0,0,0,0,0,0,0,0,0,0
32387747,2516,32,2,0,0,0,0,0,0,0,0,0,0,0,0,0
32396700,2517,32,2,0,0,0,0,0,0,0,0,0,0,0,0,0
32405653,2518,32,2,0,0,0,0,0,0,0,0,0,0,0,0,0
32414606,2519,32,2,0,0,0,0,0,0,0,0,0,0,0,0,0
32423559,2520,48,2,0,0,0,0,0,0,0,0,0,0,0,0,0
32434241,2521,32,2,0,0,0,0,0,0,0,0,0,0,0,0,0
32443194,2522,32,2,0,0,0,0,0,0,0,0,0,0,0,0,0
32452147,2523,32,2,0,0,0,0,0,0,0,0,0,0,0,0,0
32461100,2524,32,2,0,0,0,0,0,0,0,0,0,0,0,0,0
32470053,2525,48,2,0,0,0,0,0,0,0,0,0,0,0,0,0
32480735,2526,32,2,0,0,0,0,0,0,0,0,0,0,0,0,0
32489688,2527,32,2,0,0,0,0,0,0,0,0,0,0,0,0,0
32498641,2528,32,2,0,0,0,0,0,0,0,0,0,0,0,0,0
32507594,2529,32,2,0,0,0,0,0,0,0,0,0,0,0,0,0
32516547,2530,48,2,0,0,0,0,0,0,0,0,0,0,0,0,0
32527229,2531,32,2,0,0,0,0,0,0,0,0,0,0,0,0,0
32536182,2532,32,2,0,0,0,0,0,0,0,0,0,0,0,0,0
32545135,2533,32,2,0,0,0,0,0,0,0,0,0,0,0,0,0
32554088,2534,32,2,0,0,0,0,0,0,0,0,0,0,0,0,0
32563041,2535,48,2,0,0,0,0,0,0,0,0,0,0,0,0,0
32573723,2536,32,2,0,0,0,0,0,0,0,0,0,0,0,0,0
32582677,2537,32,2,0,0,0,0,0,0,0,0,0,0,0,0,0
32591630,2538,32,2,0,0,0,0,0,0,0,0,0,0,0,0,0
32600583,2539,32,2,0,0,0,0,0,0,0,0,0,0,0,0,0
32609536,2540,48,2,0,0,0,0,0,0,0,0,0,0,0,0,0
32620218,2541,32,2,0,0,0,0,0,0,0,0,0,0,0,0,0
32629170,2542,32,2,0,0,0,0,0,0,0,0,0,0,0,0,0
32638123,2543,32,2,0,0,0,0,0,0,0,0,0,0,0,0,0
32647076,2544,32,2,0,0,0,0,0,0,0,0,0,0,0,0,0
32656029,2545,48,2,0,0,0,0,0,0,0,0,0,0,0,0,0
32666711,2546,32,2,0,0,0,0,0,0,0,0,0,0,0,0,0
32675664,2547,32,2,0,0,0,0,0,0,0,0,0,0,0,0,0
32684618,2548,32,2,0,0,0,0,0,0,0,0,0,0,0,0,0
32693570,2549,32,2,0,0,0,0,0,0,0,0,0,0,0,0,0
32702523,2550,48,2,0,0,0,0,0,0,0,0,0,0,0,0,0
32719742,2551,32,2,0,0,0,0,0,0,0,0,0,0,0,0,0
32728684,2552,32,2,0,0,0,0,0,0,0,0,0,0,0,0,0
32737636,2553,32,2,0,0,0,0,0,0,0,0,0,0,0,0,0
32746589,2554,32,2,0,0,0,0,0,0,0,0,0,0,0,0,0
32755542,2555,48,2,0,0,0,0,0,0,0,0,0,0,0,0,0
32766224,2556,32,2,0,0,0,0,0,0,0,0,0,0,0,0,0
32775177,2557,32,2,0,0,0,0,0,0,0,0,0,0,0,0,0
32784130,2558,32,2,0,0,0,0,0,0,0,0,0,0,0,0,0
32793083,2559,32,2,0,0,0,0,0,0,0,0,0,0,0,0,0
32802036,2560,48,2,0,0,0,0,0,0,0,0,0,0,0,0,0
32812719,2561,32,2,0,0,0,0,0,0,0,0,0,0,0,0,0
32821671,2562,32,2,0,0,0,0,0,0,0,0,0,0,0,0,0
32830624,2563,32,2,0,0,0,0,0,0,0,0,0,0,0,0,0
32839578,2564,32,2,0,0,0,0,0,0,0,0,0,0,0,0,0
32848531,2565,48,2,0,0,0,0,0,0,0,0,0,0,0,0,0
32859212,2566,32,2,0,0,0,0,0,0,0,0,0,0,0,0,0
32868165,2567,32,2,0,0,0,0,0,0,0,0,0,0,0,0,0
32877118,2568,32,2,0,0,0,0,0,0,0,0,0,0,0,0,0
32886071,2569,32,2,0,0,0,0,0,0,0,0,0,0,0,0,0
32895024,2570,48,2,0,0,0,0,0,0,0,0,0,0,0,0,0
32905707,2571,32,2,0,0,0,0,0,0,0,0,0,0,0,0,0
32914659,2572,32,2,0,0,0,0,0,0,0,0,0,0,0,0,0
32923612,2573,32,2,0,0,0,0,0,0,0,0,0,0,0,0,0
32932565,2574,32,2,0,0,0,0,0,0,0,0,0,0,0,0,0
32941519,2575,48,2,0,0,0,0,0,0,0,0,0,0,0,0,0
32952200,2576,32,2,0,0,0,0,0,0,0,0,0,0,0,0,0
32961153,2577,32,2,0,0,0,0,0,0,0,0,0,0,0,0,0
32970106,2578,32,2,0,0,0,0,0,0,0,0,0,0,0,0,0
32979059,2579,32,2,0,0,0,0,0,0,0,0,0,0,0,0,0
32988012,2580,48,2,0,0,0,0,0,0,0,0,0,0,0,0,0
32998695,2581,32,2,0,0,0,0,0,0,0,0,0,0,0,0,0
33007647,2582,32,2,0,0,0,0,0,0,0,0,0,0,0,0,0
33016600,2583,32,2,0,0,0,0,0,0,0,0,0,0,0,0,0
33025553,2584,32,2,0,0,0,0,0,0,0,0,0,0,0,0,0
33034506,2585,48,2,0,0,0,0,0,0,0,0,0,0,0,0,0
33045188,2586,32,2,0,0,0,0,0,0,0,0,0,0,0,0,0
33054141,2587,32,2,0,0,0,0,0,0,0,0,0,0,0,0,0
33063094,2588,32,2,0,0,0,0,0,0,0,0,0,0,0,0,0
33072047,2589,32,2,0,0,0,0,0,0,0,0,0,0,0,0,0
33081000,2590,48,2,0,0,0,0,0,0,0,0,0,0,0,0,0
33091683,2591,32,2,0,0,0,0,0,0,0,0,0,0,0,0,0
33100635,2592,32,2,0,0,0,0,0,0,0,0,0,0,0,0,0
33109588,2593,32,2,0,0,0,0,0,0,0,0,0,0,0,0,0
33118541,2594,32,2,0,0,0,0,0,0,0,0,0,0,0,0,0
33127494,2595,48,2,0,0,0,0,0,0,0,0,0,0,0,0,0
33138176,2596,32,2,0,0,0,0,0,0,0,0,0,0,0,0,0
33147129,2597,32,2,0,0,0,0,0,0,0,0,0,0,0,0,0
33156082,2598,32,2,0,0,0,0,0,0,0,0,0,0,0,0,0
33165035,2599,32,2,0,0,0,0,0,0,0,0,0,0,0,0,0
33173988,2600,48,2,0,0,0,0,0,0,0,0,0,0,0,0,0
33184671,2601,32,2,0,0,0,0,0,0,0,0,0,0,0,0,0
33193623,2602,32,2,0,0,0,0,0,0,0,0,0,0,0,0,0
33202577,2603,32,2,0,0,0,0,0,0,0,0,0,0,0,0,0
33211529,2604,32,2,0,0,0,0,0,0,0,0,0,0,0,0,0
33220483,2605,48,2,0,0,0,0,0,0,0,0,0,0,0,0,0
33231164,2606,32,2,0,0,0,0,0,0,0,0,0,0,0,0,0
33240117,2607,32,2,0,0,0,0,0,0,0,0,0,0,0,0,0
33249070,2608,32,2,0,0,0,0,0,0,0,0,0,0,0,0,0
33258023,2609,32,2,0,0,0,0,0,0,0,0,0,0,0,0,0
33266976,2610,48,2,0,0,0,0,0,0,0,0,0,0,0,0,0
33277659,2611,32,2,0,0,0,0,0,0,0,0,0,0,0,0,0
33286611,2612,32,2,0,0,0,0,0,0,0,0,0,0,0,0,0
33295564,2613,32,2,0,0,0,0,0,0,0,0,0,0,0,0,0
33304517,2614,32,2,0,0,0,0,0,0,0,0,0,0,0,0,0
33313470,2615,48,2,0,0,0,0,0,0,0,0,0,0,0,0,0
33324152,2616,32,2,0,0,0,0,0,0,0,0,0,0,0,0,0
33333105,2617,32,2,0,0,0,0,0,0,0,0,0,0,0,0,0
33342058,2618,32,2,0,0,0,0,0,0,0,0,0,0,0,0,0
33351011,2619,32,2,0,0,0,0,0,0,0,0,0,0,0,0,0
33359964,2620,48,2,0,0,0,0,0,0,0,0,0,0,0,0,0
33370647,2621,32,2,0,0,0,0,0,0,0,0,0,0,0,0,0
33379599,2622,32,2,0,0,0,0,0,0,0,0,0,0,0,0,0
33388552,2623,32,2,0,0,0,0,0,0,0,0,0,0,0,0,0
33397505,2624,32,2,0,0,0,0,0,0,0,0,0,0,0,0,0
33406458,2625,48,2,0,0,0,0,0,0,0,0,0,0,0,0,0
33417140,2626,32,2,0,0,0,0,0,0,0,0,0,0,0,0,0
33426093,2627,32,2,0,0,0,0,0,0,0,0,0,0,0,0,0
33435046,2628,32,2,0,0,0,0,0,0,0,0,0,0,0,0,0
33443999,2629,32,2,0,0,0,0,0,0,0,0,0,0,0,0,0
33452952,2630,48,2,0,0,0,0,0,0,0,0,0,0,0,0,0
33463635,2631,32,2,0,0,0,0,0,0,0,0,0,0,0,0,0
33472587,2632,32,2,0,0,0,0,0,0,0,0,0,0,0,0,0
33481541,2633,32,2,0,0,0,0,0,0,0,0,0,0,0,0,0
33490493,2634,32,2,0,0,0,0,0,0,0,0,0,0,0,0,0
33499446,2635,48,2,0,0,0,0,0,0,0,0,0,0,0,0,0
33510128,2636,32,2,0,0,0,0,0,0,0,0,0,0,0,0,0
33519081,2637,32,2,0,0,0,0,0,0,0,0,0,0,0,0,0
33528034,2638,32,2,0,0,0,0,0,0,0,0,0,0,0,0,0
33536987,2639,32,2,0,0,0,0,0,0,0,0,0,0,0,0,0
33545940,2640,48,2,0,0,0,0,0,0,0,0,0,0,0,0,0
33556623,2641,32,2,0,0,0,0,0,0,0,0,0,0,0,0,0
33565575,2642,32,2,0,0,0,0,0,0,0,0,0,0,0,0,0
33574528,2643,32,2,0,0,0,0,0,0,0,0,0,0,0,0,0
33583481,2644,32,2,0,0,0,0,0,0,0,0,0,0,0,0,0
33592434,2645,48,2,0,0,0,0,0,0,0,0,0,0,0,0,0
33603116,2646,32,2,0,0,0,0,0,0,0,0,0,0,0,0,0
33612069,2647,32,2,0,0,0,0,0,0,0,0,0,0,0,0,0
33621022,2648,32,2,0,0,0,0,0,0,0,0,0,0,0,0,0
33629975,2649,32,2,0,0,0,0,0,0,0,0,0,0,0,0,0
33638928,2650,48,2,0,0,0,0,0,0,0,0,0,0,0,0,0
33649611,2651,32,2,0,0,0,0,0,0,0,0,0,0,0,0,0
33658563,2652,32,2,0,0,0,0,0,0,0,0,0,0,0,0,0
33667516,2653,32,2,0,0,0,0,0,0,0,0,0,0,0,0,0
33676469,2654,32,2,0,0,0,0,0,0,0,0,0,0,0,0,0
33685422,2655,48,2,0,0,0,0,0,0,0,0,0,0,0,0,0
33696104,2656,32,2,0,0,0,0,0,0,0,0,0,0,0,0,0
33705057,2657,32,2,0,0,0,0,0,0,0,0,0,0,0,0,0
33714010,2658,32,2,0,0,0,0,0,0,0,0,0,0,0,0,0
33722963,2659,32,2,0,0,0,0,0,0,0,0,0,0,0,0,0
33731916,2660,48,2,0,0,0,0,0,0,0,0,0,0,0,0,0
33742599,2661,32,2,0,0,0,0,0,0,0,0,0,0,0,0,0
33751551,2662,32,2,0,0,0,0,0,0,0,0,0,0,0,0,0
33760505,2663,32,2,0,0,0,0,0,0,0,0,0,0,0,0,0
33769457,2664,32,2,0,0,0,0,0,0,0,0,0,0,0,0,0
33778410,2665,48,2,0,0,0,0,0,0,0,0,0,0,0,0,0
33789092,2666,32,2,0,0,0,0,0,0,0,0,0,0,0,0,0
33798045,2667,32,2,0,0,0,0,0,0,0,0,0,0,0,0,0
33806998,2668,32,2,0,0,0,0,0,0,0,0,0,0,0,0,0
33815951,2669,32,2,0,0,0,0,0,0,0,0,0,0,0,0,0
33824904,2670,48,2,0,0,0,0,0,0,0,0,0,0,0,0,0
33835587,2671,32,2,0,0,0,0,0,0,0,0,0,0,0,0,0
33844539,2672,32,2,0,0,0,0,0,0,0,0,0,0,0,0,0
33853492,2673,32,2,0,0,0,0,0,0,0,0,0,0,0,0,0
33862445,2674,32,2,0,0,0,0,0,0,0,0,0,0,0,0,0
33871398,2675,48,2,0,0,0,0,0,0,0,0,0,0,0,0,0
33882080,2676,32,2,0,0,0,0,0,0,0,0,0,0,0,0,0
33891033,2677,32,2,0,0,0,0,0,0,0,0,0,0,0,0,0
33899986,2678,32,2,0,0,0,0,0,0,0,0,0,0,0,0,0
33908939,2679,32,2,0,0,0,0,0,0,0,0,0,0,0,0,0
33917892,2680,48,2,0,0,0,0,0,0,0,0,0,0,0,0,0
33928575,2681,32,2,0,0,0,0,0,0,0,0,0,0,0,0,0
33937541,2682,32,2,0,0,0,0,0,0,0,0,0,0,0,0,0
33946482,2683,32,2,0,0,0,0,0,0,0,0,0,0,0,0,0
33955435,2684,32,2,0,0,0,0,0,0,0,0,0,0,0,0,0
33964389,2685,48,2,0,0,0,0,0,0,0,0,0,0,0,0,0
33975070,2686,32,2,0,0,0,0,0,0,0,0,0,0,0,0,0
33984023,2687,32,2,0,0,0,0,0,0,0,0,0,0,0,0,0
33992976,2688,32,2,0,0,0,0,0,0,0,0,0,0,0,0,0
34001929,2689,32,2,0,0,0,0,0,0,0,0,0,0,0,0,0
34010882,2690,48,2,0,0,0,0,0,0,0,0,0,0,0,0,0
34021565,2691,32,2,0,0,0,0,0,0,0,0,0,0,0,0,0
34030517,2692,32,2,0,0,0,0,0,0,0,0,0,0,0,0,0
34039470,2693,32,2,0,0,0,0,0,0,0,0,0,0,0,0,0
34048424,2694,32,2,0,0,0,0,0,0,0,0,0,0,0,0,0
34057376,2695,48,2,0,0,0,0,0,0,0,0,0,0,0,0,0
34068058,2696,32,2,0,0,0,0,0,0,0,0,0,0,0,0,0
34077011,2697,32,2,0,0,0,0,0,0,0,0,0,0,0,0,0
34085964,2698,32,2,0,0,0,0,0,0,0,0,0,0,0,0,0
34094917,2699,32,2,0,0,0,0,0,0,0,0,0,0,0,0,0
34103870,2700,48,2,0,0,0,0,0,0,0,0,0,0,0,0,0
34114553,2701,32,2,0,0,0,0,0,0,0,0,0,0,0,0,0
34123505,2702,32,2,0,0,0,0,0,0,0,0,0,0,0,0,0
34132458,2703,32,2,0,0,0,0,0,0,0,0,0,0,0,0,0
34141411,2704,32,2,0,0,0,0,0,0,0,0,0,0,0,0,0
34150364,2705,48,2,0,0,0,0,0,0,0,0,0,0,0,0,0
34161046,2706,32,2,0,0,0,0,0,0,0,0,0,0,0,0,0
34169999,2707,32,2,0,0,0,0,0,0,0,0,0,0,0,0,0
34178952,2708,32,2,0,0,0,0,0,0,0,0,0,0,0,0,0
34187905,2709,32,2,0,0,0,0,0,0,0,0,0,0,0,0,0
34196858,2710,48,2,0,0,0,0,0,0,0,0,0,0,0,0,0
34207541,2711,32,2,0,0,0,0,0,0,0,0,0,0,0,0,0
34216493,2712,32,2,0,0,0,0,0,0,0,0,0,0,0,0,0
34225446,2713,32,2,0,0,0,0,0,0,0,0,0,0,0,0,0
34234399,2714,32,2,0,0,0,0,0,0,0,0,0,0,0,0,0
34243352,2715,48,2,0,0,0,0,0,0,0,0,0,0,0,0,0
34254034,2716,32,2,0,0,0,0,0,0,0,0,0,0,0,0,0
34262987,2717,32,2,0,0,0,0,0,0,0,0,0,0,0,0,0
34271940,2718,32,2,0,0,0,0,0,0,0,0,0,0,0,0,0
34280893,2719,32,2,0,0,0,0,0,0,0,0,0,0,0,0,0
34289846,2720,48,2,0,0,0,0,0,0,0,0,0,0,0,0,0
34304720,2721,32,2,0,0,0,0,0,0,0,0,0,0,0,0,0
34313661,2722,32,2,0,0,0,0,0,0,0,0,0,0,0,0,0
34322614,2723,32,2,0,0,0,0,0,0,0,0,0,0,0,0,0
34331567,2724,32,2,0,0,0,0,0,0,0,0,0,0,0,0,0
34340520,2725,48,2,0,0,0,0,0,0,0,0,0,0,0,0,0
34351202,2726,32,2,0,0,0,0,0,0,0,0,0,0,0,0,0
34360155,2727,32,2,0,0,0,0,0,0,0,0,0,0,0,0,0
34369108,2728,32,2,0,0,0,0,0,0,0,0,0,0,0,0,0
34378061,2729,32,2,0,0,0,0,0,0,0,0,0,0,0,0,0
34387014,2730,48,2,0,0,0,0,0,0,0,0,0,0,0,0,0
34397697,2731,32,2,0,0,0,0,0,0,0,0,0,0,0,0,0
34406649,2732,32,2,0,0,0,0,0,0,0,0,0,0,0,0,0
34415602,2733,32,2,0,0,0,0,0,0,0,0,0,0,0,0,0
34424556,2734,32,2,0,0,0,0,0,0,0,0,0,0,0,0,0
34433508,2735,48,2,0,0,0,0,0,0,0,0,0,0,0,0,0
34444190,2736,32,2,0,0,0,0,0,0,0,0,0,0,0,0,0
34453143,2737,32,2,0,0,0,0,0,0,0,0,0,0,0,0,0
34462096,2738,32,2,0,0,0,0,0,0,0,0,0,0,0,0,0
34471049,2739,32,2,0,0,0,0,0,0,0,0,0,0,0,0,0
34480002,2740,48,2,0,0,0,0,0,0,0,0,0,0,0,0,0
34490685,2741,32,2,0,0,0,0,0,0,0,0,0,0,0,0,0
34499637,2742,32,2,0,0,0,0,0,0,0,0,0,0,0,0,0
34508590,2743,32,2,0,0,0,0,0,0,0,0,0,0,0,0,0
34517543,2744,32,2,0,0,0,0,0,0,0,0,0,0,0,0,0
34526496,2745,48,2,0,0,0,0,0,0,0,0,0,0,0,0,0
34537178,2746,32,2,0,0,0,0,0,0,0,0,0,0,0,0,0
34546131,2747,32,2,0,0,0,0,0,0,0,0,0,0,0,0,0
34555084,2748,32,2,0,0,0,0,0,0,0,0,0,0,0,0,0
34564037,2749,32,2,0,0,0,0,0,0,0,0,0,0,0,0,0
34572990,2750,48,2,0,0,0,0,0,0,0,0,0,0,0,0,0
34583673,2751,32,2,0,0,0,0,0,0,0,0,0,0,0,0,0
34592625,2752,32,2,0,0,0,0,0,0,0,0,0,0,0,0,0
34601578,2753,32,2,0,0,0,0,0,0,0,0,0,0,0,0,0
34610531,2754,32,2,0,0,0,0,0,0,0,0,0,0,0,0,0
34619484,2755,48,2,0,0,0,0,0,0,0,0,0,0,0,0,0
34630166,2756,32,2,0,0,0,0,0,0,0,0,0,0,0,0,0
34639119,2757,32,2,0,0,0,0,0,0,0,0,0,0,0,0,0
34648072,2758,32,2,0,0,0,0,0,0,0,0,0,0,0,0,0
34657025,2759,32,2,0,0,0,0,0,0,0,0,0,0,0,0,0
34665978,2760,48,2,0,0,0,0,0,0,0,0,0,0,0,0,0
34676661,2761,32,2,0,0,0,0,0,0,0,0,0,0,0,0,0
34685613,2762,32,2,0,0,0,0,0,0,0,0,0,0,0,0,0
34694566,2763,32,2,0,0,0,0,0,0,0,0,0,0,0,0,0
34703519,2764,32,2,0,0,0,0,0,0,0,0,0,0,0,0,0
34712472,2765,48,2,0,0,0,0,0,0,0,0,0,0,0,0,0
34723154,2766,32,2,0,0,0,0,0,0,0,0,0,0,0,0,0
34732107,2767,32,2,0,0,0,0,0,0,0,0,0,0,0,0,0
34741060,2768,32,2,0,0,0,0,0,0,0,0,0,0,0,0,0
34750013,2769,32,2,0,0,0,0,0,0,0,0,0,0,0,0,0
34758966,2770,48,2,0,0,0,0,0,0,0,0,0,0,0,0,0
34769649,2771,32,2,0,0,0,0,0,0,0,0,0,0,0,0,0
34778601,2772,32,2,0,0,0,0,0,0,0,0,0,0,0,0,0
34787554,2773,32,2,0,0,0,0,0,0,0,0,0,0,0,0,0
34796507,2774,32,2,0,0,0,0,0,0,0,0,0,0,0,0,0
34805460,2775,48,2,0,0,0,0,0,0,0,0,0,0,0,0,0
34816142,2776,32,2,0,0,0,0,0,0,0,0,0,0,0,0,0
34825095,2777,32,2,0,0,0,0,0,0,0,0,0,0,0,0,0
34834048,2778,32,2,0,0,0,0,0,0,0,0,0,0,0,0,0
34843001,2779,32,2,0,0,0,0,0,0,0,0,0,0,0,0,0
34851954,2780,48,2,0,0,0,0,0,0,0,0,0,0,0,0,0
34862637,2781,32,2,0,0,0,0,0,0,0,0,0,0,0,0,0
34871589,2782,32,2,0,0,0,0,0,0,0,0,0,0,0,0,0
34880542,2783,32,2,0,0,0,0,0,0,0,0,0,0,0,0,0
34889495,2784,32,2,0,0,0,0,0,0,0,0,0,0,0,0,0
34898448,2785,48,2,0,0,0,0,0,0,0,0,0,0,0,0,0
34909130,2786,32,2,0,0,0,0,0,0,0,0,0,0,0,0,0
34918083,2787,32,2,0,0,0,0,0,0,0,0,0,0,0,0,0
34927036,2788,32,2,0,0,0,0,0,0,0,0,0,0,0,0,0
34935989,2789,32,2,0,0,0,0,0,0,0,0,0,0,0,0,0
34944942,2790,48,2,0,0,0,0,0,0,0,0,0,0,0,0,0
34955625,2791,32,2,0,0,0,0,0,0,0,0,0,0,0,0,0
34964577,2792,32,2,0,0,0,0,0,0,0,0,0,0,0,0,0
34973530,2793,32,2,0,0,0,0,0,0,0,0,0,0,0,0,0
34982483,2794,32,2,0,0,0,0,0,0,0,0,0,0,0,0,0
34991436,2795,48,2,0,0,0,0,0,0,0,0,0,0,0,0,0
35002118,2796,32,2,0,0,0,0,0,0,0,0,0,0,0,0,0
35011071,2797,32,2,0,0,0,0,0,0,0,0,0,0,0,0,0
35020024,2798,32,2,0,0,0,0,0,0,0,0,0,0,0,0,0
35028978,2799,32,2,0,0,0,0,0,0,0,0,0,0,0,0,0
35037930,2800,48,2,0,0,0,0,0,0,0,0,0,0,0,0,0
35048613,2801,32,2,0,0,0,0,0,0,0,0,0,0,0,0,0
35057565,2802,32,2,0,0,0,0,0,0,0,0,0,0,0,0,0
35066518,2803,32,2,0,0,0,0,0,0,0,0,0,0,0,0,0
35075471,2804,32,2,0,0,0,0,0,0,0,0,0,0,0,0,0
35084424,2805,48,2,0,0,0,0,0,0,0,0,0,0,0,0,0
35095106,2806,32,2,0,0,0,0,0,0,0,0,0,0,0,0,0
35104059,2807,32,2,0,0,0,0,0,0,0,0,0,0,0,0,0
35113012,2808,32,2,0,0,0,0,0,0,0,0,0,0,0,0,0
35121965,2809,32,2,0,0,0,0,0,0,0,0,0,0,0,0,0
35130918,2810,48,2,0,0,0,0,0,0,0,0,0,0,0,0,0
35141601,2811,32,2,0,0,0,0,0,0,0,0,0,0,0,0,0
35150553,2812,32,2,0,0,0,0,0,0,0,0,0,0,0,0,0
35159506,2813,32,2,0,0,0,0,0,0,0,0,0,0,0,0,0
35168459,2814,32,2,0,0,0,0,0,0,0,0,0,0,0,0,0
35177412,2815,48,2,0,0,0,0,0,0,0,0,0,0,0,0,0
35188094,2816,32,2,0,0,0,0,0,0,0,0,0,0,0,0,0
35197047,2817,32,2,0,0,0,0,0,0,0,0,0,0,0,0,0
35206000,2818,32,2,0,0,0,0,0,0,0,0,0,0,0,0,0
35214953,2819,32,2,0,0,0,0,0,0,0,0,0,0,0,0,0
35223906,2820,48,2,0,0,0,0,0,0,0,0,0,0,0,0,0
35234589,2821,32,2,0,0,0,0,0,0,0,0,0,0,0,0,0
35243541,2822,32,2,0,0,0,0,0,0,0,0,0,0,0,0,0
35252494,2823,32,2,0,0,0,0,0,0,0,0,0,0,0,0,0
35261448,2824,32,2,0,0,0,0,0,0,0,0,0,0,0,0,0
35270400,2825,48,2,0,0,0,0,0,0,0,0,0,0,0,0,0
35281082,2826,32,2,0,0,0,0,0,0,0,0,0,0,0,0,0
35290035,2827,32,2,0,0,0,0,0,0,0,0,0,0,0,0,0
35298988,2828,32,2,0,0,0,0,0,0,0,0,0,0,0,0,0
35307941,2829,32,2,0,0,0,0,0,0,0,0,0,0,0,0,0
35316894,2830,48,2,0,0,0,0,0,0,0,0,0,0,0,0,0
35327577,2831,32,2,0,0,0,0,0,0,0,0,0,0,0,0,0
35336529,2832,32,2,0,0,0,0,0,0,0,0,0,0,0,0,0
35345482,2833,32,2,0,0,0,0,0,0,0,0,0,0,0,0,0
35354435,2834,32,2,0,0,0,0,0,0,0,0,0,0,0,0,0
35363389,2835,48,2,0,0,0,0,0,0,0,0,0,0,0,0,0
35374070,2836,32,2,0,0,0,0,0,0,0,0,0,0,0,0,0
35383023,2837,32,2,0,0,0,0,0,0,0,0,0,0,0,0,0
35391976,2838,32,2,0,0,0,0,0,0,0,0,0,0,0,0,0
35400929,2839,32,2,0,0,0,0,0,0,0,0,0,0,0,0,0
35409882,2840,48,2,0,0,0,0,0,0,0,0,0,0,0,0,0
35420565,2841,32,2,0,0,0,0,0,0,0,0,0,0,0,0,0
35429517,2842,32,2,0,0,0,0,0,0,0,0,0,0,0,0,0
35438470,2843,32,2,0,0,0,0,0,0,0,0,0,0,0,0,0
35447424,2844,32,2,0,0,0,0,0,0,0,0,0,0,0,0,0
35456376,2845,48,2,0,0,0,0,0,0,0,0,0,0,0,0,0
35467058,2846,32,2,0,0,0,0,0,0,0,0,0,0,0,0,0
35476011,2847,32,2,0,0,0,0,0,0,0,0,0,0,0,0,0
35484964,2848,32,2,0,0,0,0,0,0,0,0,0,0,0,0,0
35493917,2849,32,2,0,0,0,0,0,0,0,0,0,0,0,0,0
35502870,2850,48,2,0,0,0,0,0,0,0,0,0,0,0,0,0
35513553,2851,32,2,0,0,0,0,0,0,0,0,0,0,0,0,0
35522505,2852,32,2,0,0,0,0,0,0,0,0,0,0,0,0,0
35531458,2853,32,2,0,0,0,0,0,0,0,0,0,0,0,0,0
35540411,2854,32,2,0,0,0,0,0,0,0,0,0,0,0,0,0
35549364,2855,48,2,0,0,0,0,0,0,0,0,0,0,0,0,0
35560046,2856,32,2,0,0,0,0,0,0,0,0,0,0,0,0,0
35568999,2857,32,2,0,0,0,0,0,0,0,0,0,0,0,0,0
35577952,2858,32,2,0,0,0,0,0,0,0,0,0,0,0,0,0
35586905,2859,32,2,0,0,0,0,0,0,0,0,0,0,0,0,0
35595858,2860,48,2,0,0,0,0,0,0,0,0,0,0,0,0,0
35606541,2861,32,2,0,0,0,0,0,0,0,0,0,0,0,0,0
35615493,2862,32,2,0,0,0,0,0,0,0,0,0,0,0,0,0
35624446,2863,32,2,0,0,0,0,0,0,0,0,0,0,0,0,0
35633399,2864,32,2,0,0,0,0,0,0,0,0,0,0,0,0,0
35642352,2865,48,2,0,0,0,0,0,0,0,0,0,0,0,0,0
35653034,2866,32,2,0,0,0,0,0,0,0,0,0,0,0,0,0
35661987,2867,32,2,0,0,0,0,0,0,0,0,0,0,0,0,0
35670940,2868,32,2,0,0,0,0,0,0,0,0,0,0,0,0,0
35679893,2869,32,2,0,0,0,0,0,0,0,0,0,0,0,0,0
35688846,2870,48,2,0,0,0,0,0,0,0,0,0,0,0,0,0
35699529,2871,32,2,0,0,0,0,0,0,0,0,0,0,0,0,0
35708481,2872,32,2,0,0,0,0,0,0,0,0,0,0,0,0,0
35717434,2873,32,2,0,0,0,0,0,0,0,0,0,0,0,0,0
35726387,2874,32,2,0,0,0,0,0,0,0,0,0,0,0,0,0
35735340,2875,48,2,0,0,0,0,0,0,0,0,0,0,0,0,0
35746022,2876,32,2,0,0,0,0,0,0,0,0,0,0,0,0,0
35754976,2877,32,2,0,0,0,0,0,0,0,0,0,0,0,0,0
35763928,2878,32,2,0,0,0,0,0,0,0,0,0,0,0,0,0
35772881,2879,32,2,0,0,0,0,0,0,0,0,0,0,0,0,0
35781834,2880,48,2,0,0,0,0,0,0,0,0,0,0,0,0,0
35792517,2881,32,2,0,0,0,0,0,0,0,0,0,0,0,0,0
35801469,2882,32,2,0,0,0,0,0,0,0,0,0,0,0,0,0
35810422,2883,32,2,0,0,0,0,0,0,0,0,0,0,0,0,0
35819376,2884,32,2,0,0,0,0,0,0,0,0,0,0,0,0,0
35828328,2885,48,2,0,0,0,0,0,0,0,0,0,0,0,0,0
35839010,2886,32,2,0,0,0,0,0,0,0,0,0,0,0,0,0
35847963,2887,32,2,0,0,0,0,0,0,0,0,0,0,0,0,0
35856916,2888,32,2,0,0,0,0,0,0,0,0,0,0,0,0,0
35865870,2889,32,2,0,0,0,0,0,0,0,0,0,0,0,0,0
35874822,2890,48,2,0,0,0,0,0,0,0,0,0,0,0,0,0
35891779,2891,32,2,0,0,0,0,0,0,0,0,0,0,0,0,0
35900720,2892,32,2,0,0,0,0,0,0,0,0,0,0,0,0,0
35909673,2893,32,2,0,0,0,0,0,0,0,0,0,0,0,0,0
35918627,2894,32,2,0,0,0,0,0,0,0,0,0,0,0,0,0
35927579,2895,48,2,0,0,0,0,0,0,0,0,0,0,0,0,0
35938261,2896,32,2,0,0,0,0,0,0,0,0,0,0,0,0,0
35947214,2897,32,2,0,0,0,0,0,0,0,0,0,0,0,0,0
35956167,2898,32,2,0,0,0,0,0,0,0,0,0,0,0,0,0
35965120,2899,32,2,0,0,0,0,0,0,0,0,0,0,0,0,0
35974073,2900,48,2,0,0,0,0,0,0,0,0,0,0,0,0,0
35984756,2901,32,2,0,0,0,0,0,0,0,0,0,0,0,0,0
35993708,2902,32,2,0,0,0,0,0,0,0,0,0,0,0,0,0
36002661,2903,32,2,0,0,0,0,0,0,0,0,0,0,0,0,0
36011614,2904,32,2,0,0,0,0,0,0,0,0,0,0,0,0,0
36020567,2905,48,2,0,0,0,0,0,0,0,0,0,0,0,0,0
36031249,2906,32,2,0,0,0,0,0,0,0,0,0,0,0,0,0
36040202,2907,32,2,0,0,0,0,0,0,0,0,0,0,0,0,0
36049155,2908,32,2,0,0,0,0,0,0,0,0,0,0,0,0,0
36058108,2909,32,2,0,0,0,0,0,0,0,0,0,0,0,0,0
36067061,2910,48,2,0,0,0,0,0,0,0,0,0,0,0,0,0
36077744,2911,32,2,0,0,0,0,0,0,0,0,0,0,0,0,0
36086696,2912,32,2,0,0,0,0,0,0,0,0,0,0,0,0,0
36095649,2913,32,2,0,0,0,0,0,0,0,0,0,0,0,0,0
36104602,2914,32,2,0,0,0,0,0,0,0,0,0,0,0,0,0
36113555,2915,48,2,0,0,0,0,0,0,0,0,0,0,0,0,0
36124237,2916,32,2,0,0,0,0,0,0,0,0,0,0,0,0,0
36133190,2917,32,2,0,0,0,0,0,0,0,0,0,0,0,0,0
36142143,2918,32,2,0,0,0,0,0,0,0,0,0,0,0,0,0
36151096,2919,32,2,0,0,0,0,0,0,0,0,0,0,0,0,0
36160049,2920,48,2,0,0,0,0,0,0,0,0,0,0,0,0,0
36170732,2921,32,2,0,0,0,0,0,0,0,0,0,0,0,0,0
36179684,2922,32,2,0,0,0,0,0,0,0,0,0,0,0,0,0
36188638,2923,32,2,0,0,0,0,0,0,0,0,0,0,0,0,0
36197590,2924,32,2,0,0,0,0,0,0,0,0,0,0,0,0,0
36206543,2925,48,2,0,0,0,0,0,0,0,0,0,0,0,0,0
36217225,2926,32,2,0,0,0,0,0,0,0,0,0,0,0,0,0
36226178,2927,32,2,0,0,0,0,0,0,0,0,0,0,0,0,0
36235131,2928,32,2,0,0,0,0,0,0,0,0,0,0,0,0,0
36244084,2929,32,2,0,0,0,0,0,0,0,0,0,0,0,0,0
36253037,2930,48,2,0,0,0,0,0,0,0,0,0,0,0,0,0
36263720,2931,32,2,0,0,0,0,0,0,0,0,0,0,0,0,0
36272672,2932,32,2,0,0,0,0,0,0,0,0,0,0,0,0,0
36281625,2933,32,2,0,0,0,0,0,0,0,0,0,0,0,0,0
36290578,2934,32,2,0,0,0,0,0,0,0,0,0,0,0,0,0
36299531,2935,48,2,0,0,0,0,0,0,0,0,0,0,0,0,0
36310213,2936,32,2,0,0,0,0,0,0,0,0,0,0,0,0,0
36319166,2937,32,2,0,0,0,0,0,0,0,0,0,0,0,0,0
36328119,2938,32,2,0,0,0,0,0,0,0,0,0,0,0,0,0
36337072,2939,32,2,0,0,0,0,0,0,0,0,0,0,0,0,0
36346025,2940,48,2,0,0,0,0,0,0,0,0,0,0,0,0,0
36356708,2941,32,2,0,0,0,0,0,0,0,0,0,0,0,0,0
36365660,2942,32,2,0,0,0,0,0,0,0,0,0,0,0,0,0
36374613,2943,32,2,0,0,0,0,0,0,0,0,0,0,0,0,0
36383566,2944,32,2,0,0,0,0,0,0,0,0,0,0,0,0,0
36392519,2945,48,2,0,0,0,0,0,0,0,0,0,0,0,0,0
36403201,2946,32,2,0,0,0,0,0,0,0,0,0,0,0,0,0
36412154,2947,32,2,0,0,0,0,0,0,0,0,0,0,0,0,0
36421107,2948,32,2,0,0,0,0,0,0,0,0,0,0,0,0,0
36430060,2949,32,2,0,0,0,0,0,0,0,0,0,0,0,0,0
36439013,2950,48,2,0,0,0,0,0,0,0,0,0,0,0,0,0
36449696,2951,32,2,0,0,0,0,0,0,0,0,0,0,0,0,0
36458648,2952,32,2,0,0,0,0,0,0,0,0,0,0,0,0,0
36467601,2953,32,2,0,0,0,0,0,0,0,0,0,0,0,0,0
36476554,2954,32,2,0,0,0,0,0,0,0,0,0,0,0,0,0
36485507,2955,48,2,0,0,0,0,0,0,0,0,0,0,0,0,0
36496189,2956,32,2,0,0,0,0,0,0,0,0,0,0,0,0,0
36505142,2957,32,2,0,0,0,0,0,0,0,0,0,0,0,0,0
36514095,2958,32,2,0,0,0,0,0,0,0,0,0,0,0,0,0
36523048,2959,32,2,0,0,0,0,0,0,0,0,0,0,0,0,0
36532001,2960,48,2,0,0,0,0,0,0,0,0,0,0,0,0,0
36542684,2961,32,2,0,0,0,0,0,0,0,0,0,0,0,0,0
36551636,2962,32,2,0,0,0,0,0,0,0,0,0,0,0,0,0
36560589,2963,32,2,0,0,0,0,0,0,0,0,0,0,0,0,0
36569543,2964,32,2,0,0,0,0,0,0,0,0,0,0,0,0,0
36578495,2965,48,2,0,0,0,0,0,0,0,0,0,0,0,0,0
36589177,2966,32,2,0,0,0,0,0,0,0,0,0,0,0,0,0
36598130,2967,32,2,0,0,0,0,0,0,0,0,0,0,0,0,0
36607083,2968,32,2,0,0,0,0,0,0,0,0,0,0,0,0,0
36616036,2969,32,2,0,0,0,0,0,0,0,0,0,0,0,0,0
36624989,2970,48,2,0,0,0,0,0,0,0,0,0,0,0,0,0
36635672,2971,32,2,0,0,0,0,0,0,0,0,0,0,0,0,0
36644624,2972,32,2,0,0,0,0,0,0,0,0,0,0,0,0,0
36653577,2973,32,2,0,0,0,0,0,0,0,0,0,0,0,0,0
36662530,2974,32,2,0,0,0,0,0,0,0,0,0,0,0,0,0
36671483,2975,48,2,0,0,0,0,0,0,0,0,0,0,0,0,0
36682165,2976,32,2,0,0,0,0,0,0,0,0,0,0,0,0,0
36691118,2977,32,2,0,0,0,0,0,0,0,0,0,0,0,0,0
36700071,2978,32,2,0,0,0,0,0,0,0,0,0,0,0,0,0
36709024,2979,32,2,0,0,0,0,0,0,0,0,0,0,0,0,0
36717978,2980,48,2,0,0,0,0,0,0,0,0,0,0,0,0,0
36728660,2981,32,2,0,0,0,0,0,0,0,0,0,0,0,0,0
36737612,2982,32,2,0,0,0,0,0,0,0,0,0,0,0,0,0
36746565,2983,32,2,0,0,0,0,0,0,0,0,0,0,0,0,0
36755519,2984,32,2,0,0,0,0,0,0,0,0,0,0,0,0,0
36764471,2985,48,2,0,0,0,0,0,0,0,0,0,0,0,0,0
36775153,2986,32,2,0,0,0,0,0,0,0,0,0,0,0,0,0
36784106,2987,32,2,0,0,0,0,0,0,0,0,0,0,0,0,0
36793059,2988,32,2,0,0,0,0,0,0,0,0,0,0,0,0,0
36802012,2989,32,2,0,0,0,0,0,0,0,0,0,0,0,0,0
36810965,2990,48,2,0,0,0,0,0,0,0,0,0,0,0,0,0
36821648,2991,32,2,0,0,0,0,0,0,0,0,0,0,0,0,0
36830600,2992,32,2,0,0,0,0,0,0,0,0,0,0,0,0,0
36839553,2993,32,2,0,0,0,0,0,0,0,0,0,0,0,0,0
36848506,2994,32,2,0,0,0,0,0,0,0,0,0,0,0,0,0
36857459,2995,48,2,0,0,0,0,0,0,0,0,0,0,0,0,0
36868141,2996,32,2,0,0,0,0,0,0,0,0,0,0,0,0,0
36877094,2997,32,2,0,0,0,0,0,0,0,0,0,0,0,0,0
36886047,2998,32,2,0,0,0,0,0,0,0,0,0,0,0,0,0
36895000,2999,32,2,0,0,0,0,0,0,0,0,0,0,0,0,0
36903953,3000,48,2,0,0,0,0,0,0,0,0,0,0,0,0,0
36914636,3001,32,2,0,0,0,0,0,0,0,0,0,0,0,0,0
36923588,3002,32,2,0,0,0,0,0,0,0,0,0,0,0,0,0
36932541,3003,32,2,0,0,0,0,0,0,0,0,0,0,0,0,0
36941494,3004,32,2,0,0,0,0,0,0,0,0,0,0,0,0,0
36950447,3005,48,2,0,0,0,0,0,0,0,0,0,0,0,0,0
36961129,3006,32,2,0,0,0,0,0,0,0,0,0,0,0,0,0
36970082,3007,32,2,0,0,0,0,0,0,0,0,0,0,0,0,0
36979035,3008,32,2,0,0,0,0,0,0,0,0,0,0,0,0,0
36987988,3009,32,2,0,0,0,0,0,0,0,0,0,0,0,0,0
36996941,3010,48,2,0,0,0,0,0,0,0,0,0,0,0,0,0
37007624,3011,32,2,0,0,0,0,0,0,0,0,0,0,0,0,0
37016576,3012,32,2,0,0,0,0,0,0,0,0,0,0,0,0,0
37025529,3013,32,2,0,0,0,0,0,0,0,0,0,0,0,0,0
37034483,3014,32,2,0,0,0,0,0,0,0,0,0,0,0,0,0
37043435,3015,48,2,0,0,0,0,0,0,0,0,0,0,0,0,0
37054117,3016,32,2,0,0,0,0,0,0,0,0,0,0,0,0,0
37063070,3017,32,2,0,0,0,0,0,0,0,0,0,0,0,0,0
37072023,3018,32,2,0,0,0,0,0,0,0,0,0,0,0,0,0
37080976,3019,32,2,0,0,0,0,0,0,0,0,0,0,0,0,0
37089929,3020,48,2,0,0,0,0,0,0,0,0,0,0,0,0,0
37100612,3021,32,2,0,0,0,0,0,0,0,0,0,0,0,0,0
37109564,3022,32,2,0,0,0,0,0,0,0,0,0,0,0,0,0
37118517,3023,32,2,0,0,0,0,0,0,0,0,0,0,0,0,0
37127470,3024,32,2,0,0,0,0,0,0,0,0,0,0,0,0,0
37136423,3025,48,2,0,0,0,0,0,0,0,0,0,0,0,0,0
37147105,3026,32,2,0,0,0,0,0,0,0,0,0,0,0,0,0
37156058,3027,32,2,0,0,0,0,0,0,0,0,0,0,0,0,0
37165011,3028,32,2,0,0,0,0,0,0,0,0,0,0,0,0,0
37173964,3029,32,2,0,0,0,0,0,0,0,0,0,0,0,0,0
37182917,3030,48,2,0,0,0,0,0,0,0,0,0,0,0,0,0
37193600,3031,32,2,0,0,0,0,0,0,0,0,0,0,0,0,0
37202552,3032,32,2,0,0,0,0,0,0,0,0,0,0,0,0,0
37211505,3033,32,2,0,0,0,0,0,0,0,0,0,0,0,0,0
37220458,3034,32,2,0,0,0,0,0,0,0,0,0,0,0,0,0
37229411,3035,48,2,0,0,0,0,0,0,0,0,0,0,0,0,0
37240093,3036,32,2,0,0,0,0,0,0,0,0,0,0,0,0,0
37249046,3037,32,2,0,0,0,0,0,0,0,0,0,0,0,0,0
37257999,3038,32,2,0,0,0,0,0,0,0,0,0,0,0,0,0
37266952,3039,32,2,0,0,0,0,0,0,0,0,0,0,0,0,0
37275905,3040,48,2,0,0,0,0,0,0,0,0,0,0,0,0,0
37286588,3041,32,2,0,0,0,0,0,0,0,0,0,0,0,0,0
37295540,3042,32,2,0,0,0,0,0,0,0,0,0,0,0,0,0
37304493,3043,32,2,0,0,0,0,0,0,0,0,0,0,0,0,0
37313446,3044,32,2,0,0,0,0,0,0,0,0,0,0,0,0,0
37322399,3045,48,2,0,0,0,0,0,0,0,0,0,0,0,0,0
37333081,3046,32,2,0,0,0,0,0,0,0,0,0,0,0,0,0
37342034,3047,32,2,0,0,0,0,0,0,0,0,0,0,0,0,0
37350987,3048,32,2,0,0,0,0,0,0,0,0,0,0,0,0,0
37359940,3049,32,2,0,0,0,0,0,0,0,0,0,0,0,0,0
37368893,3050,48,2,0,0,0,0,0,0,0,0,0,0,0,0,0
37379576,3051,32,2,0,0,0,0,0,0,0,0,0,0,0,0,0
37388528,3052,32,2,0,0,0,0,0,0,0,0,0,0,0,0,0
37397481,3053,32,2,0,0,0,0,0,0,0,0,0,0,0,0,0
37406434,3054,32,2,0,0,0,0,0,0,0,0,0,0,0,0,0
37415388,3055,48,2,0,0,0,0,0,0,0,0,0,0,0,0,0
37426069,3056,32,2,0,0,0,0,0,0,0,0,0,0,0,0,0
37435022,3057,32,2,0,0,0,0,0,0,0,0,0,0,0,0,0
37443975,3058,32,2,0,0,0,0,0,0,0,0,0,0,0,0,0
37452928,3059,32,2,0,0,0,0,0,0,0,0,0,0,0,0,0
37461881,3060,48,2,0,0,0,0,0,0,0,0,0,0,0,0,0
37477137,3061,32,2,0,0,0,0,0,0,0,0,0,0,0,0,0
37486078,3062,32,2,0,0,0,0,0,0,0,0,0,0,0,0,0
37495031,3063,32,2,0,0,0,0,0,0,0,0,0,0,0,0,0
37503984,3064,32,2,0,0,0,0,0,0,0,0,0,0,0,0,0
37512937,3065,48,2,0,0,0,0,0,0,0,0,0,0,0,0,0
37523619,3066,32,2,0,0,0,0,0,0,0,0,0,0,0,0,0
37532572,3067,32,2,0,0,0,0,0,0,0,0,0,0,0,0,0
37541525,3068,32,2,0,0,0,0,0,0,0,0,0,0,0,0,0
37550478,3069,32,2,0,0,0,0,0,0,0,0,0,0,0,0,0
37559431,3070,48,2,0,0,0,0,0,0,0,0,0,0,0,0,0
37570114,3071,32,2,0,0,0,0,0,0,0,0,0,0,0,0,0
37579066,3072,32,2,0,0,0,0,0,0,0,0,0,0,0,0,0
37588019,3073,32,2,0,0,0,0,0,0,0,0,0,0,0,0,0
37596972,3074,32,2,0,0,0,0,0,0,0,0,0,0,0,0,0
37605925,3075,48,2,0,0,0,0,0,0,0,0,0,0,0,0,0
37616607,3076,32,2,0,0,0,0,0,0,0,0,0,0,0,0,0
37625561,3077,32,2,0,0,0,0,0,0,0,0,0,0,0,0,0
37634514,3078,32,2,0,0,0,0,0,0,0,0,0,0,0,0,0
37643466,3079,32,2,0,0,0,0,0,0,0,0,0,0,0,0,0
37652419,3080,48,2,0,0,0,0,0,0,0,0,0,0,0,0,0
37663102,3081,32,2,0,0,0,0,0,0,0,0,0,0,0,0,0
37672054,3082,32,2,0,0,0,0,0,0,0,0,0,0,0,0,0
37681007,3083,32,2,0,0,0,0,0,0,0,0,0,0,0,0,0
37689960,3084,32,2,0,0,0,0,0,0,0,0,0,0,0,0,0
37698913,3085,48,2,0,0,0,0,0,0,0,0,0,0,0,0,0
37709595,3086,32,2,0,0,0,0,0,0,0,0,0,0,0,0,0
37718548,3087,32,2,0,0,0,0,0,0,0,0,0,0,0,0,0
37727501,3088,32,2,0,0,0,0,0,0,0,0,0,0,0,0,0
37736454,3089,32,2,0,0,0,0,0,0,0,0,0,0,0,0,0
37745407,3090,48,2,0,0,0,0,0,0,0,0,0,0,0,0,0
37756090,3091,32,2,0,0,0,0,0,0,0,0,0,0,0,0,0
37765042,3092,32,2,0,0,0,0,0,0,0,0,0,0,0,0,0
37773995,3093,32,2,0,0,0,0,0,0,0,0,0,0,0,0,0
37782948,3094,32,2,0,0,0,0,0,0,0,0,0,0,0,0,0
37791901,3095,48,2,0,0,0,0,0,0,0,0,0,0,0,0,0
37802583,3096,32,2,0,0,0,0,0,0,0,0,0,0,0,0,0
37811536,3097,32,2,0,0,0,0,0,0,0,0,0,0,0,0,0
37820489,3098,32,2,0,0,0,0,0,0,0,0,0,0,0,0,0
37829442,3099,32,2,0,0,0,0,0,0,0,0,0,0,0,0,0
37838395,3100,48,2,0,0,0,0,0,0,0,0,0,0,0,0,0
37849078,3101,32,2,0,0,0,0,0,0,0,0,0,0,0,0,0
37858030,3102,32,2,0,0,0,0,0,0,0,0,0,0,0,0,0
37866984,3103,32,2,0,0,0,0,0,0,0,0,0,0,0,0,0
37875936,3104,32,2,0,0,0,0,0,0,0,0,0,0,0,0,0
37884889,3105,48,2,0,0,0,0,0,0,0,0,0,0,0,0,0
37895571,3106,32,2,0,0,0,0,0,0,0,0,0,0,0,0,0
37904525,3107,32,2,0,0,0,0,0,0,0,0,0,0,0,0,0
37913477,3108,32,2,0,0,0,0,0,0,0,0,0,0,0,0,0
37922430,3109,32,2,0,0,0,0,0,0,0,0,0,0,0,0,0
37931384,3110,48,2,0,0,0,0,0,0,0,0,0,0,0,0,0
37942066,3111,32,2,0,0,0,0,0,0,0,0,0,0,0,0,0
37951018,3112,32,2,0,0,0,0,0,0,0,0,0,0,0,0,0
37959972,3113,32,2,0,0,0,0,0,0,0,0,0,0,0,0,0
37968924,3114,32,2,0,0,0,0,0,0,0,0,0,0,0,0,0
37977877,3115,48,2,0,0,0,0,0,0,0,0,0,0,0,0,0
37988559,3116,32,2,0,0,0,0,0,0,0,0,0,0,0,0,0
37997512,3117,32,2,0,0,0,0,0,0,0,0,0,0,0,0,0
38006465,3118,32,2,0,0,0,0,0,0,0,0,0,0,0,0,0
38015418,3119,32,2,0,0,0,0,0,0,0,0,0,0,0,0,0
38024371,3120,48,2,0,0,0,0,0,0,0,0,0,0,0,0,0
38035054,3121,32,2,0,0,0,0,0,0,0,0,0,0,0,0,0
38044006,3122,32,2,0,0,0,0,0,0,0,0,0,0,0,0,0
38052959,3123,32,2,0,0,0,0,0,0,0,0,0,0,0,0,0
38061912,3124,32,2,0,0,0,0,0,0,0,0,0,0,0,0,0
38070865,3125,48,2,0,0,0,0,0,0,0,0,0,0,0,0,0
38081547,3126,32,2,0,0,0,0,0,0,0,0,0,0,0,0,0
38090500,3127,32,2,0,0,0,0,0,0,0,0,0,0,0,0,0
38099453,3128,32,2,0,0,0,0,0,0,0,0,0,0,0,0,0
38108406,3129,32,2,0,0,0,0,0,0,0,0,0,0,0,0,0
38117359,3130,48,2,0,0,0,0,0,0,0,0,0,0,0,0,0
38128042,3131,32,2,0,0,0,0,0,0,0,0,0,0,0,0,0
38136994,3132,32,2,0,0,0,0,0,0,0,0,0,0,0,0,0
38145947,3133,32,2,0,0,0,0,0,0,0,0,0,0,0,0,0
38154900,3134,32,2,0,0,0,0,0,0,0,0,0,0,0,0,0
38163853,3135,48,2,0,0,0,0,0,0,0,0,0,0,0,0,0
38174535,3136,32,2,0,0,0,0,0,0,0,0,0,0,0,0,0
38183488,3137,32,2,0,0,0,0,0,0,0,0,0,0,0,0,0
38192441,3138,32,2,0,0,0,0,0,0,0,0,0,0,0,0,0
38201394,3139,32,2,0,0,0,0,0,0,0,0,0,0,0,0,0
38210347,3140,48,2,0,0,0,0,0,0,0,0,0,0,0,0,0
38221030,3141,32,2,0,0,0,0,0,0,0,0,0,0,0,0,0
38229982,3142,32,2,0,0,0,0,0,0,0,0,0,0,0,0,0
38238935,3143,32,2,0,0,0,0,0,0,0,0,0,0,0,0,0
38247888,3144,32,2,0,0,0,0,0,0,0,0,0,0,0,0,0
38256841,3145,48,2,0,0,0,0,0,0,0,0,0,0,0,0,0
38267523,3146,32,2,0,0,0,0,0,0,0,0,0,0,0,0,0
38276476,3147,32,2,0,0,0,0,0,0,0,0,0,0,0,0,0
38285430,3148,32,2,0,0,0,0,0,0,0,0,0,0,0,0,0
38294382,3149,32,2,0,0,0,0,0,0,0,0,0,0,0,0,0
38303336,3150,48,2,0,0,0,0,0,0,0,0,0,0,0,0,0
38314018,3151,32,2,0,0,0,0,0,0,0,0,0,0,0,0,0
38322970,3152,32,2,0,0,0,0,0,0,0,0,0,0,0,0,0
38331923,3153,32,2,0,0,0,0,0,0,0,0,0,0,0,0,0
38340877,3154,32,2,0,0,0,0,0,0,0,0,0,0,0,0,0
38349829,3155,48,2,0,0,0,0,0,0,0,0,0,0,0,0,0
38360511,3156,32,2,0,0,0,0,0,0,0,0,0,0,0,0,0
38369464,3157,32,2,0,0,0,0,0,0,0,0,0,0,0,0,0
38378417,3158,32,2,0,0,0,0,0,0,0,0,0,0,0,0,0
38387370,3159,32,2,0,0,0,0,0,0,0,0,0,0,0,0,0
38396323,3160,48,2,0,0,0,0,0,0,0,0,0,0,0,0,0
38407006,3161,32,2,0,0,0,0,0,0,0,0,0,0,0,0,0
38415958,3162,32,2,0,0,0,0,0,0,0,0,0,0,0,0,0
38424911,3163,32,2,0,0,0,0,0,0,0,0,0,0,0,0,0
38433864,3164,32,2,0,0,0,0,0,0,0,0,0,0,0,0,0
38442817,3165,48,2,0,0,0,0,0,0,0,0,0,0,0,0,0
38453499,3166,32,2,0,0,0,0,0,0,0,0,0,0,0,0,0
38462452,3167,32,2,0,0,0,0,0,0,0,0,0,0,0,0,0
38471406,3168,32,2,0,0,0,0,0,0,0,0,0,0,0,0,0
38480358,3169,32,2,0,0,0,0,0,0,0,0,0,0,0,0,0
38489311,3170,48,2,0,0,0,0,0,0,0,0,0,0,0,0,0
38499994,3171,32,2,0,0,0,0,0,0,0,0,0,0,0,0,0
38508946,3172,32,2,0,0,0,0,0,0,0,0,0,0,0,0,0
38517899,3173,32,2,0,0,0,0,0,0,0,0,0,0,0,0,0
38526853,3174,32,2,0,0,0,0,0,0,0,0,0,0,0,0,0
38535805,3175,48,2,0,0,0,0,0,0,0,0,0,0,0,0,0
38546487,3176,32,2,0,0,0,0,0,0,0,0,0,0,0,0,0
38555440,3177,32,2,0,0,0,0,0,0,0,0,0,0,0,0,0
38564393,3178,32,2,0,0,0,0,0,0,0,0,0,0,0,0,0
38573346,3179,32,2,0,0,0,0,0,0,0,0,0,0,0,0,0
38582299,3180,48,2,0,0,0,0,0,0,0,0,0,0,0,0,0
38592982,3181,32,2,0,0,0,0,0,0,0,0,0,0,0,0,0
38601934,3182,32,2,0,0,0,0,0,0,0,0,0,0,0,0,0
38610887,3183,32,2,0,0,0,0,0,0,0,0,0,0,0,0,0
38619840,3184,32,2,0,0,0,0,0,0,0,0,0,0,0,0,0
38628793,3185,48,2,0,0,0,0,0,0,0,0,0,0,0,0,0
38639475,3186,32,2,0,0,0,0,0,0,0,0,0,0,0,0,0
38648428,3187,32,2,0,0,0,0,0,0,0,0,0,0,0,0,0
38657381,3188,32,2,0,0,0,0,0,0,0,0,0,0,0,0,0
38666334,3189,32,2,0,0,0,0,0,0,0,0,0,0,0,0,0
38675287,3190,48,2,0,0,0,0,0,0,0,0,0,0,0,0,0
38685970,3191,32,2,0,0,0,0,0,0,0,0,0,0,0,0,0
38694922,3192,32,2,0,0,0,0,0,0,0,0,0,0,0,0,0
38703875,3193,32,2,0,0,0,0,0,0,0,0,0,0,0,0,0
38712828,3194,32,2,0,0,0,0,0,0,0,0,0,0,0,0,0
38721781,3195,48,2,0,0,0,0,0,0,0,0,0,0,0,0,0
38732463,3196,32,2,0,0,0,0,0,0,0,0,0,0,0,0,0
38741416,3197,32,2,0,0,0,0,0,0,0,0,0,0,0,0,0
38750370,3198,32,2,0,0,0,0,0,0,0,0,0,0,0,0,0
38759322,3199,32,2,0,0,0,0,0,0,0,0,0,0,0,0,0
38768275,3200,48,2,0,0,0,0,0,0,0,0,0,0,0,0,0
38778958,3201,32,2,0,0,0,0,0,0,0,0,0,0,0,0,0
38787910,3202,32,2,0,0,0,0,0,0,0,0,0,0,0,0,0
38796863,3203,32,2,0,0,0,0,0,0,0,0,0,0,0,0,0
38805816,3204,32,2,0,0,0,0,0,0,0,0,0,0,0,0,0
38814769,3205,48,2,0,0,0,0,0,0,0,0,0,0,0,0,0
38825451,3206,32,2,0,0,0,0,0,0,0,0,0,0,0,0,0
38834404,3207,32,2,0,0,0,0,0,0,0,0,0,0,0,0,0
38843358,3208,32,2,0,0,0,0,0,0,0,0,0,0,0,0,0
38852310,3209,32,2,0,0,0,0,0,0,0,0,0,0,0,0,0
38861263,3210,48,2,0,0,0,0,0,0,0,0,0,0,0,0,0
38871946,3211,32,2,0,0,0,0,0,0,0,0,0,0,0,0,0
38880898,3212,32,2,0,0,0,0,0,0,0,0,0,0,0,0,0
38889851,3213,32,2,0,0,0,0,0,0,0,0,0,0,0,0,0
38898804,3214,32,2,0,0,0,0,0,0,0,0,0,0,0,0,0
38907757,3215,48,2,0,0,0,0,0,0,0,0,0,0,0,0,0
38918439,3216,32,2,0,0,0,0,0,0,0,0,0,0,0,0,0
38927392,3217,32,2,0,0,0,0,0,0,0,0,0,0,0,0,0
38936346,3218,32,2,0,0,0,0,0,0,0,0,0,0,0,0,0
38945312,3219,32,2,0,0,0,0,0,0,0,0,0,0,0,0,0
38954253,3220,48,2,0,0,0,0,0,0,0,0,0,0,0,0,0
38964936,3221,32,2,0,0,0,0,0,0,0,0,0,0,0,0,0
38973888,3222,32,2,0,0,0,0,0,0,0,0,0,0,0,0,0
38982841,3223,32,2,0,0,0,0,0,0,0,0,0,0,0,0,0
38991794,3224,32,2,0,0,0,0,0,0,0,0,0,0,0,0,0
39000747,3225,48,2,0,0,0,0,0,0,0,0,0,0,0,0,0
39011429,3226,32,2,0,0,0,0,0,0,0,0,0,0,0,0,0
39020382,3227,32,2,0,0,0,0,0,0,0,0,0,0,0,0,0
39029335,3228,32,2,0,0,0,0,0,0,0,0,0,0,0,0,0
39038288,3229,32,2,0,0,0,0,0,0,0,0,0,0,0,0,0
39047241,3230,48,2,0,0,0,0,0,0,0,0,0,0,0,0,0
39064459,3231,32,2,0,0,0,0,0,0,0,0,0,0,0,0,0
39073400,3232,32,2,0,0,0,0,0,0,0,0,0,0,0,0,0
39082353,3233,32,2,0,0,0,0,0,0,0,0,0,0,0,0,0
39091306,3234,32,2,0,0,0,0,0,0,0,0,0,0,0,0,0
39100259,3235,48,2,0,0,0,0,0,0,0,0,0,0,0,0,0
39110941,3236,32,2,0,0,0,0,0,0,0,0,0,0,0,0,0
39119894,3237,32,2,0,0,0,0,0,0,0,0,0,0,0,0,0
39128847,3238,32,2,0,0,0,0,0,0,0,0,0,0,0,0,0
39137800,3239,32,2,0,0,0,0,0,0,0,0,0,0,0,0,0
39146753,3240,48,2,0,0,0,0,0,0,0,0,0,0,0,0,0
39157436,3241,32,2,0,0,0,0,0,0,0,0,0,0,0,0,0
39166388,3242,32,2,0,0,0,0,0,0,0,0,0,0,0,0,0
39175341,3243,32,2,0,0,0,0,0,0,0,0,0,0,0,0,0
39184294,3244,32,2,0,0,0,0,0,0,0,0,0,0,0,0,0
39193247,3245,48,2,0,0,0,0,0,0,0,0,0,0,0,0,0
39203929,3246,32,2,0,0,0,0,0,0,0,0,0,0,0,0,0
39212882,3247,32,2,0,0,0,0,0,0,0,0,0,0,0,0,0
39221835,3248,32,2,0,0,0,0,0,0,0,0,0,0,0,0,0
39230788,3249,32,2,0,0,0,0,0,0,0,0,0,0,0,0,0
39239742,3250,48,2,0,0,0,0,0,0,0,0,0,0,0,0,0
39250424,3251,32,2,0,0,0,0,0,0,0,0,0,0,0,0,0
39259376,3252,32,2,0,0,0,0,0,0,0,0,0,0,0,0,0
39268329,3253,32,2,0,0,0,0,0,0,0,0,0,0,0,0,0
39277282,3254,32,2,0,0,0,0,0,0,0,0,0,0,0,0,0
39286235,3255,48,2,0,0,0,0,0,0,0,0,0,0,0,0,0
39296917,3256,32,2,0,0,0,0,0,0,0,0,0,0,0,0,0
39305871,3257,32,2,0,0,0,0,0,0,0,0,0,0,0,0,0
39314823,3258,32,2,0,0,0,0,0,0,0,0,0,0,0,0,0
39323776,3259,32,2,0,0,0,0,0,0,0,0,0,0,0,0,0
39332729,3260,48,2,0,0,0,0,0,0,0,0,0,0,0,0,0
39343412,3261,32,2,0,0,0,0,0,0,0,0,0,0,0,0,0
39352364,3262,32,2,0,0,0,0,0,0,0,0,0,0,0,0,0
39361317,3263,32,2,0,0,0,0,0,0,0,0,0,0,0,0,0
39370270,3264,32,2,0,0,0,0,0,0,0,0,0,0,0,0,0
39379223,3265,48,2,0,0,0,0,0,0,0,0,0,0,0,0,0
39389905,3266,32,2,0,0,0,0,0,0,0,0,0,0,0,0,0
39398858,3267,32,2,0,0,0,0,0,0,0,0,0,0,0,0,0
39407811,3268,32,2,0,0,0,0,0,0,0,0,0,0,0,0,0
39416765,3269,32,2,0,0,0,0,0,0,0,0,0,0,0,0,0
39425717,3270,48,2,0,0,0,0,0,0,0,0,0,0,0,0,0
39436400,3271,32,2,0,0,0,0,0,0,0,0,0,0,0,0,0
39445352,3272,32,2,0,0,0,0,0,0,0,0,0,0,0,0,0
39454305,3273,32,2,0,0,0,0,0,0,0,0,0,0,0,0,0
39463258,3274,32,2,0,0,0,0,0,0,0,0,0,0,0,0,0
39472211,3275,48,2,0,0,0,0,0,0,0,0,0,0,0,0,0
39482893,3276,32,2,0,0,0,0,0,0,0,0,0,0,0,0,0
39491846,3277,32,2,0,0,0,0,0,0,0,0,0,0,0,0,0
39500799,3278,32,2,0,0,0,0,0,0,0,0,0,0,0,0,0
39509752,3279,32,2,0,0,0,0,0,0,0,0,0,0,0,0,0
39518705,3280,48,2,0,0,0,0,0,0,0,0,0,0,0,0,0
39529388,3281,32,2,0,0,0,0,0,0,0,0,0,0,0,0,0
39538340,3282,32,2,0,0,0,0,0,0,0,0,0,0,0,0,0
39547293,3283,32,2,0,0,0,0,0,0,0,0,0,0,0,0,0
39556246,3284,32,2,0,0,0,0,0,0,0,0,0,0,0,0,0
39565199,3285,48,2,0,0,0,0,0,0,0,0,0,0,0,0,0
39575881,3286,32,2,0,0,0,0,0,0,0,0,0,0,0,0,0
39584834,3287,32,2,0,0,0,0,0,0,0,0,0,0,0,0,0
39593787,3288,32,2,0,0,0,0,0,0,0,0,0,0,0,0,0
39602741,3289,32,2,0,0,0,0,0,0,0,0,0,0,0,0,0
39611693,3290,48,2,0,0,0,0,0,0,0,0,0,0,0,0,0
39622376,3291,32,2,0,0,0,0,0,0,0,0,0,0,0,0,0
39631328,3292,32,2,0,0,0,0,0,0,0,0,0,0,0,0,0
39640281,3293,32,2,0,0,0,0,0,0,0,0,0,0,0,0,0
39649234,3294,32,2,0,0,0,0,0,0,0,0,0,0,0,0,0
39658187,3295,48,2,0,0,0,0,0,0,0,0,0,0,0,0,0
39668869,3296,32,2,0,0,0,0,0,0,0,0,0,0,0,0,0
39677822,3297,32,2,0,0,0,0,0,0,0,0,0,0,0,0,0
39686775,3298,32,2,0,0,0,0,0,0,0,0,0,0,0,0,0
39695728,3299,32,2,0,0,0,0,0,0,0,0,0,0,0,0,0
39704682,3300,48,2,0,0,0,0,0,0,0,0,0,0,0,0,0
39715364,3301,32,2,0,0,0,0,0,0,0,0,0,0,0,0,0
39724316,3302,32,2,0,0,0,0,0,0,0,0,0,0,0,0,0
39733269,3303,32,2,0,0,0,0,0,0,0,0,0,0,0,0,0
39742222,3304,32,2,0,0,0,0,0,0,0,0,0,0,0,0,0
39751175,3305,48,2,0,0,0,0,0,0,0,0,0,0,0,0,0
39761857,3306,32,2,0,0,0,0,0,0,0,0,0,0,0,0,0
39770810,3307,32,2,0,0,0,0,0,0,0,0,0,0,0,0,0
39779764,3308,32,2,0,0,0,0,0,0,0,0,0,0,0,0,0
39788716,3309,32,2,0,0,0,0,0,0,0,0,0,0,0,0,0
39797669,3310,48,2,0,0,0,0,0,0,0,0,0,0,0,0,0
39808352,3311,32,2,0,0,0,0,0,0,0,0,0,0,0,0,0
39817304,3312,32,2,0,0,0,0,0,0,0,0,0,0,0,0,0
39826257,3313,32,2,0,0,0,0,0,0,0,0,0,0,0,0,0
39835210,3314,32,2,0,0,0,0,0,0,0,0,0,0,0,0,0
39844163,3315,48,2,0,0,0,0,0,0,0,0,0,0,0,0,0
39854845,3316,32,2,0,0,0,0,0,0,0,0,0,0,0,0,0
39863798,3317,32,2,0,0,0,0,0,0,0,0,0,0,0,0,0
39872751,3318,32,2,0,0,0,0,0,0,0,0,0,0,0,0,0
39881705,3319,32,2,0,0,0,0,0,0,0,0,0,0,0,0,0
39890657,3320,48,2,0,0,0,0,0,0,0,0,0,0,0,0,0
39901340,3321,32,2,0,0,0,0,0,0,0,0,0,0,0,0,0
39910292,3322,32,2,0,0,0,0,0,0,0,0,0,0,0,0,0
39919245,3323,32,2,0,0,0,0,0,0,0,0,0,0,0,0,0
39928198,3324,32,2,0,0,0,0,0,0,0,0,0,0,0,0,0
39937151,3325,48,2,0,0,0,0,0,0,0,0,0,0,0,0,0
39947833,3326,32,2,0,0,0,0,0,0,0,0,0,0,0,0,0
39956786,3327,32,2,0,0,0,0,0,0,0,0,0,0,0,0,0
39965739,3328,32,2,0,0,0,0,0,0,0,0,0,0,0,0,0
39974692,3329,32,2,0,0,0,0,0,0,0,0,0,0,0,0,0
39983646,3330,48,2,0,0,0,0,0,0,0,0,0,0,0,0,0
39994328,3331,32,2,0,0,0,0,0,0,0,0,0,0,0,0,0
40003280,3332,32,2,0,0,0,0,0,0,0,0,0,0,0,0,0
40012233,3333,32,2,0,0,0,0,0,0,0,0,0,0,0,0,0
40021186,3334,32,2,0,0,0,0,0,0,0,0,0,0,0,0,0
40030139,3335,48,2,0,0,0,0,0,0,0,0,0,0,0,0,0
40040821,3336,32,2,0,0,0,0,0,0,0,0,0,0,0,0,0
40049774,3337,32,2,0,0,0,0,0,0,0,0,0,0,0,0,0
40058728,3338,32,2,0,0,0,0,0,0,0,0,0,0,0,0,0
40067680,3339,32,2,0,0,0,0,0,0,0,0,0,0,0,0,0
40076633,3340,48,2,0,0,0,0,0,0,0,0,0,0,0,0,0
40087316,3341,32,2,0,0,0,0,0,0,0,0,0,0,0,0,0
40096268,3342,32,2,0,0,0,0,0,0,0,0,0,0,0,0,0
40105221,3343,32,2,0,0,0,0,0,0,0,0,0,0,0,0,0
40114174,3344,32,2,0,0,0,0,0,0,0,0,0,0,0,0,0
40123127,3345,48,2,0,0,0,0,0,0,0,0,0,0,0,0,0
40133809,3346,32,2,0,0,0,0,0,0,0,0,0,0,0,0,0
40142762,3347,32,2,0,0,0,0,0,0,0,0,0,0,0,0,0
40151715,3348,32,2,0,0,0,0,0,0,0,0,0,0,0,0,0
40160668,3349,32,2,0,0,0,0,0,0,0,0,0,0,0,0,0
40169621,3350,48,2,0,0,0,0,0,0,0,0,0,0,0,0,0
40180304,3351,32,2,0,0,0,0,0,0,0,0,0,0,0,0,0
40189256,3352,32,2,0,0,0,0,0,0,0,0,0,0,0,0,0
40198209,3353,32,2,0,0,0,0,0,0,0,0,0,0,0,0,0
40207162,3354,32,2,0,0,0,0,0,0,0,0,0,0,0,0,0
40216115,3355,48,2,0,0,0,0,0,0,0,0,0,0,0,0,0
40226797,3356,32,2,0,0,0,0,0,0,0,0,0,0,0,0,0
40235750,3357,32,2,0,0,0,0,0,0,0,0,0,0,0,0,0
40244703,3358,32,2,0,0,0,0,0,0,0,0,0,0,0,0,0
40253656,3359,32,2,0,0,0,0,0,0,0,0,0,0,0,0,0
40262610,3360,48,2,0,0,0,0,0,0,0,0,0,0,0,0,0
40273292,3361,32,2,0,0,0,0,0,0,0,0,0,0,0,0,0
40282244,3362,32,2,0,0,0,0,0,0,0,0,0,0,0,0,0
40291197,3363,32,2,0,0,0,0,0,0,0,0,0,0,0,0,0
40300150,3364,32,2,0,0,0,0,0,0,0,0,0,0,0,0,0
40309103,3365,48,2,0,0,0,0,0,0,0,0,0,0,0,0,0
40319785,3366,32,2,0,0,0,0,0,0,0,0,0,0,0,0,0
40328738,3367,32,2,0,0,0,0,0,0,0,0,0,0,0,0,0
40337691,3368,32,2,0,0,0,0,0,0,0,0,0,0,0,0,0
40346644,3369,32,2,0,0,0,0,0,0,0,0,0,0,0,0,0
40355597,3370,48,2,0,0,0,0,0,0,0,0,0,0,0,0,0
40366280,3371,32,2,0,0,0,0,0,0,0,0,0,0,0,0,0
40375232,3372,32,2,0,0,0,0,0,0,0,0,0,0,0,0,0
40384185,3373,32,2,0,0,0,0,0,0,0,0,0,0,0,0,0
40393138,3374,32,2,0,0,0,0,0,0,0,0,0,0,0,0,0
40402091,3375,48,2,0,0,0,0,0,0,0,0,0,0,0,0,0
40412773,3376,32,2,0,0,0,0,0,0,0,0,0,0,0,0,0
40421726,3377,32,2,0,0,0,0,0,0,0,0,0,0,0,0,0
40430679,3378,32,2,0,0,0,0,0,0,0,0,0,0,0,0,0
40439632,3379,32,2,0,0,0,0,0,0,0,0,0,0,0,0,0
40448585,3380,48,2,0,0,0,0,0,0,0,0,0,0,0,0,0
40459268,3381,32,2,0,0,0,0,0,0,0,0,0,0,0,0,0
40468220,3382,32,2,0,0,0,0,0,0,0,0,0,0,0,0,0
40477173,3383,32,2,0,0,0,0,0,0,0,0,0,0,0,0,0
40486126,3384,32,2,0,0,0,0,0,0,0,0,0,0,0,0,0
40495079,3385,48,2,0,0,0,0,0,0,0,0,0,0,0,0,0
40505761,3386,32,2,0,0,0,0,0,0,0,0,0,0,0,0,0
40514715,3387,32,2,0,0,0,0,0,0,0,0,0,0,0,0,0
40523667,3388,32,2,0,0,0,0,0,0,0,0,0,0,0,0,0
40532621,3389,32,2,0,0,0,0,0,0,0,0,0,0,0,0,0
40541574,3390,48,2,0,0,0,0,0,0,0,0,0,0,0,0,0
40552256,3391,32,2,0,0,0,0,0,0,0,0,0,0,0,0,0
40561208,3392,32,2,0,0,0,0,0,0,0,0,0,0,0,0,0
40570161,3393,32,2,0,0,0,0,0,0,0,0,0,0,0,0,0
40579114,3394,32,2,0,0,0,0,0,0,0,0,0,0,0,0,0
40588067,3395,48,2,0,0,0,0,0,0,0,0,0,0,0,0,0
40598749,3396,32,2,0,0,0,0,0,0,0,0,0,0,0,0,0
40607702,3397,32,2,0,0,0,0,0,0,0,0,0,0,0,0,0
40616655,3398,32,2,0,0,0,0,0,0,0,0,0,0,0,0,0
40625608,3399,32,2,0,0,0,0,0,0,0,0,0,0,0,0,0
