timestamp_us,seq,valid_mask,status_bits,solenoid_state,payload0_centi_psi,payload1_centi_psi,payload2_centi_psi,payload3_centi_psi,raw_adc0,raw_adc1,raw_adc2,raw_adc3
5331002,0,0,2,0,0,0,0,0,0,0,0,0
5338995,1,0,2,0,0,0,0,0,0,0,0,0
5342639,2,0,2,0,0,0,0,0,0,0,0,0
5346283,3,0,2,0,0,0,0,0,0,0,0,0
5349927,4,0,2,0,0,0,0,0,0,0,0,0
5353571,5,0,2,0,0,0,0,0,0,0,0,0
5357215,6,0,2,0,0,0,0,0,0,0,0,0
5360859,7,0,2,0,0,0,0,0,0,0,0,0
5364503,8,0,2,0,0,0,0,0,0,0,0,0
5368147,9,0,2,0,0,0,0,0,0,0,0,0
5371791,10,0,2,0,0,0,0,0,0,0,0,0
5375436,11,0,2,0,0,0,0,0,0,0,0,0
5379079,12,0,2,0,0,0,0,0,0,0,0,0
5382723,13,0,2,0,0,0,0,0,0,0,0,0
5386367,14,0,2,0,0,0,0,0,0,0,0,0
5390011,15,0,2,0,0,0,0,0,0,0,0,0
5393655,16,0,2,0,0,0,0,0,0,0,0,0
5397299,17,0,2,0,0,0,0,0,0,0,0,0
5400943,18,0,2,0,0,0,0,0,0,0,0,0
5404587,19,0,2,0,0,0,0,0,0,0,0,0
5408231,20,0,2,0,0,0,0,0,0,0,0,0
5411876,21,0,2,0,0,0,0,0,0,0,0,0
5415519,22,0,2,0,0,0,0,0,0,0,0,0
5419163,23,0,2,0,0,0,0,0,0,0,0,0
5422807,24,0,2,0,0,0,0,0,0,0,0,0
5426451,25,0,2,0,0,0,0,0,0,0,0,0
5430095,26,0,2,0,0,0,0,0,0,0,0,0
5433739,27,0,2,0,0,0,0,0,0,0,0,0
5437383,28,0,2,0,0,0,0,0,0,0,0,0
5441027,29,0,2,0,0,0,0,0,0,0,0,0
5444671,30,0,2,0,0,0,0,0,0,0,0,0
5448316,31,0,2,0,0,0,0,0,0,0,0,0
5451959,32,0,2,0,0,0,0,0,0,0,0,0
5455603,33,0,2,0,0,0,0,0,0,0,0,0
5459247,34,0,2,0,0,0,0,0,0,0,0,0
5462891,35,0,2,0,0,0,0,0,0,0,0,0
5466535,36,0,2,0,0,0,0,0,0,0,0,0
5470179,37,0,2,0,0,0,0,0,0,0,0,0
5473823,38,0,2,0,0,0,0,0,0,0,0,0
5477467,39,0,2,0,0,0,0,0,0,0,0,0
5481111,40,0,2,0,0,0,0,0,0,0,0,0
5484755,41,0,2,0,0,0,0,0,0,0,0,0
5488399,42,0,2,0,0,0,0,0,0,0,0,0
5492043,43,0,2,0,0,0,0,0,0,0,0,0
5495687,44,0,2,0,0,0,0,0,0,0,0,0
5499331,45,0,2,0,0,0,0,0,0,0,0,0
5502975,46,0,2,0,0,0,0,0,0,0,0,0
5506619,47,0,2,0,0,0,0,0,0,0,0,0
5510263,48,0,2,0,0,0,0,0,0,0,0,0
5513907,49,0,2,0,0,0,0,0,0,0,0,0
5517551,50,0,2,0,0,0,0,0,0,0,0,0
5521196,51,0,2,0,0,0,0,0,0,0,0,0
5524839,52,0,2,0,0,0,0,0,0,0,0,0
5528483,53,0,2,0,0,0,0,0,0,0,0,0
5532127,54,0,2,0,0,0,0,0,0,0,0,0
5535771,55,0,2,0,0,0,0,0,0,0,0,0
5539415,56,0,2,0,0,0,0,0,0,0,0,0
5543059,57,0,2,0,0,0,0,0,0,0,0,0
5546703,58,0,2,0,0,0,0,0,0,0,0,0
5550347,59,0,2,0,0,0,0,0,0,0,0,0
5553991,60,0,2,0,0,0,0,0,0,0,0,0
5557635,61,0,2,0,0,0,0,0,0,0,0,0
5561279,62,0,2,0,0,0,0,0,0,0,0,0
5564923,63,0,2,0,0,0,0,0,0,0,0,0
5568567,64,0,2,0,0,0,0,0,0,0,0,0
5572211,65,0,2,0,0,0,0,0,0,0,0,0
5575855,66,0,2,0,0,0,0,0,0,0,0,0
5579499,67,0,2,0,0,0,0,0,0,0,0,0
5583143,68,0,2,0,0,0,0,0,0,0,0,0
5586787,69,0,2,0,0,0,0,0,0,0,0,0
5590431,70,0,2,0,0,0,0,0,0,0,0,0
5594076,71,0,2,0,0,0,0,0,0,0,0,0
5597719,72,0,2,0,0,0,0,0,0,0,0,0
5601363,73,0,2,0,0,0,0,0,0,0,0,0
5605007,74,0,2,0,0,0,0,0,0,0,0,0
5608651,75,0,2,0,0,0,0,0,0,0,0,0
5612295,76,0,2,0,0,0,0,0,0,0,0,0
5615939,77,0,2,0,0,0,0,0,0,0,0,0
5619583,78,0,2,0,0,0,0,0,0,0,0,0
5623227,79,0,2,0,0,0,0,0,0,0,0,0
5626871,80,0,2,0,0,0,0,0,0,0,0,0
5630516,81,0,2,0,0,0,0,0,0,0,0,0
5634159,82,0,2,0,0,0,0,0,0,0,0,0
5637803,83,0,2,0,0,0,0,0,0,0,0,0
5641447,84,0,2,0,0,0,0,0,0,0,0,0
5645092,85,0,2,0,0,0,0,0,0,0,0,0
5648735,86,0,2,0,0,0,0,0,0,0,0,0
5652379,87,0,2,0,0,0,0,0,0,0,0,0
5656023,88,0,2,0,0,0,0,0,0,0,0,0
5659667,89,0,2,0,0,0,0,0,0,0,0,0
5663311,90,0,2,0,0,0,0,0,0,0,0,0
5666956,91,0,2,0,0,0,0,0,0,0,0,0
5670599,92,0,2,0,0,0,0,0,0,0,0,0
5674243,93,0,2,0,0,0,0,0,0,0,0,0
5677887,94,0,2,0,0,0,0,0,0,0,0,0
5681531,95,0,2,0,0,0,0,0,0,0,0,0
5685175,96,0,2,0,0,0,0,0,0,0,0,0
5688819,97,0,2,0,0,0,0,0,0,0,0,0
5692463,98,0,2,0,0,0,0,0,0,0,0,0
5696107,99,0,2,0,0,0,0,0,0,0,0,0
5699751,100,0,2,0,0,0,0,0,0,0,0,0
5703396,101,0,2,0,0,0,0,0,0,0,0,0
5707039,102,0,2,0,0,0,0,0,0,0,0,0
5710683,103,0,2,0,0,0,0,0,0,0,0,0
5714327,104,0,2,0,0,0,0,0,0,0,0,0
5717971,105,0,2,0,0,0,0,0,0,0,0,0
5721615,106,0,2,0,0,0,0,0,0,0,0,0
5725259,107,0,2,0,0,0,0,0,0,0,0,0
5728903,108,0,2,0,0,0,0,0,0,0,0,0
5732547,109,0,2,0,0,0,0,0,0,0,0,0
5736191,110,0,2,0,0,0,0,0,0,0,0,0
5739836,111,0,2,0,0,0,0,0,0,0,0,0
5743479,112,0,2,0,0,0,0,0,0,0,0,0
5747123,113,0,2,0,0,0,0,0,0,0,0,0
5750767,114,0,2,0,0,0,0,0,0,0,0,0
5754411,115,0,2,0,0,0,0,0,0,0,0,0
5758055,116,0,2,0,0,0,0,0,0,0,0,0
5761699,117,0,2,0,0,0,0,0,0,0,0,0
5765343,118,0,2,0,0,0,0,0,0,0,0,0
5768987,119,0,2,0,0,0,0,0,0,0,0,0
5772631,120,0,2,0,0,0,0,0,0,0,0,0
5776276,121,0,2,0,0,0,0,0,0,0,0,0
5779919,122,0,2,0,0,0,0,0,0,0,0,0
5783563,123,0,2,0,0,0,0,0,0,0,0,0
5787207,124,0,2,0,0,0,0,0,0,0,0,0
5790851,125,0,2,0,0,0,0,0,0,0,0,0
5794495,126,0,2,0,0,0,0,0,0,0,0,0
5798139,127,0,2,0,0,0,0,0,0,0,0,0
5801783,128,0,2,0,0,0,0,0,0,0,0,0
5805427,129,0,2,0,0,0,0,0,0,0,0,0
5809071,130,0,2,0,0,0,0,0,0,0,0,0
5812716,131,0,2,0,0,0,0,0,0,0,0,0
5816359,132,0,2,0,0,0,0,0,0,0,0,0
5820003,133,0,2,0,0,0,0,0,0,0,0,0
5823647,134,0,2,0,0,0,0,0,0,0,0,0
5827291,135,0,2,0,0,0,0,0,0,0,0,0
5830935,136,0,2,0,0,0,0,0,0,0,0,0
5834579,137,0,2,0,0,0,0,0,0,0,0,0
5838223,138,0,2,0,0,0,0,0,0,0,0,0
5841867,139,0,2,0,0,0,0,0,0,0,0,0
5845511,140,0,2,0,0,0,0,0,0,0,0,0
5849155,141,0,2,0,0,0,0,0,0,0,0,0
5852799,142,0,2,0,0,0,0,0,0,0,0,0
5856443,143,0,2,0,0,0,0,0,0,0,0,0
5860087,144,0,2,0,0,0,0,0,0,0,0,0
5863731,145,0,2,0,0,0,0,0,0,0,0,0
5867375,146,0,2,0,0,0,0,0,0,0,0,0
5871019,147,0,2,0,0,0,0,0,0,0,0,0
5874663,148,0,2,0,0,0,0,0,0,0,0,0
5878307,149,0,2,0,0,0,0,0,0,0,0,0
5881951,150,0,2,0,0,0,0,0,0,0,0,0
5885595,151,0,2,0,0,0,0,0,0,0,0,0
5889239,152,0,2,0,0,0,0,0,0,0,0,0
5892883,153,0,2,0,0,0,0,0,0,0,0,0
5896527,154,0,2,0,0,0,0,0,0,0,0,0
5900171,155,0,2,0,0,0,0,0,0,0,0,0
5903815,156,0,2,0,0,0,0,0,0,0,0,0
5907459,157,0,2,0,0,0,0,0,0,0,0,0
5911103,158,0,2,0,0,0,0,0,0,0,0,0
5914747,159,0,2,0,0,0,0,0,0,0,0,0
5918391,160,0,2,0,0,0,0,0,0,0,0,0
5922036,161,0,2,0,0,0,0,0,0,0,0,0
5925679,162,0,2,0,0,0,0,0,0,0,0,0
5929323,163,0,2,0,0,0,0,0,0,0,0,0
5932967,164,0,2,0,0,0,0,0,0,0,0,0
5936611,165,0,2,0,0,0,0,0,0,0,0,0
5940255,166,0,2,0,0,0,0,0,0,0,0,0
5943899,167,0,2,0,0,0,0,0,0,0,0,0
5947543,168,0,2,0,0,0,0,0,0,0,0,0
5951187,169,0,2,0,0,0,0,0,0,0,0,0
5954831,170,0,2,0,0,0,0,0,0,0,0,0
5958475,171,0,2,0,0,0,0,0,0,0,0,0
5962119,172,0,2,0,0,0,0,0,0,0,0,0
5965763,173,0,2,0,0,0,0,0,0,0,0,0
5969407,174,0,2,0,0,0,0,0,0,0,0,0
5973051,175,0,2,0,0,0,0,0,0,0,0,0
5976695,176,0,2,0,0,0,0,0,0,0,0,0
5980339,177,0,2,0,0,0,0,0,0,0,0,0
5983983,178,0,2,0,0,0,0,0,0,0,0,0
5987627,179,0,2,0,0,0,0,0,0,0,0,0
5991271,180,0,2,0,0,0,0,0,0,0,0,0
5994916,181,0,2,0,0,0,0,0,0,0,0,0
5998559,182,0,2,0,0,0,0,0,0,0,0,0
6002203,183,0,2,0,0,0,0,0,0,0,0,0
6005847,184,0,2,0,0,0,0,0,0,0,0,0
6009491,185,0,2,0,0,0,0,0,0,0,0,0
6013135,186,0,2,0,0,0,0,0,0,0,0,0
6016779,187,0,2,0,0,0,0,0,0,0,0,0
6020423,188,0,2,0,0,0,0,0,0,0,0,0
6024067,189,0,2,0,0,0,0,0,0,0,0,0
6027711,190,0,2,0,0,0,0,0,0,0,0,0
6031355,191,0,2,0,0,0,0,0,0,0,0,0
6034999,192,0,2,0,0,0,0,0,0,0,0,0
6038643,193,0,2,0,0,0,0,0,0,0,0,0
6042287,194,0,2,0,0,0,0,0,0,0,0,0
6045931,195,0,2,0,0,0,0,0,0,0,0,0
6049575,196,0,2,0,0,0,0,0,0,0,0,0
6053219,197,0,2,0,0,0,0,0,0,0,0,0
6056863,198,0,2,0,0,0,0,0,0,0,0,0
6060507,199,0,2,0,0,0,0,0,0,0,0,0
6064151,200,0,2,0,0,0,0,0,0,0,0,0
6067796,201,0,2,0,0,0,0,0,0,0,0,0
6071439,202,0,2,0,0,0,0,0,0,0,0,0
6075083,203,0,2,0,0,0,0,0,0,0,0,0
6078727,204,0,2,0,0,0,0,0,0,0,0,0
6082371,205,0,2,0,0,0,0,0,0,0,0,0
6086015,206,0,2,0,0,0,0,0,0,0,0,0
6089659,207,0,2,0,0,0,0,0,0,0,0,0
6093303,208,0,2,0,0,0,0,0,0,0,0,0
6096947,209,0,2,0,0,0,0,0,0,0,0,0
6100591,210,0,2,0,0,0,0,0,0,0,0,0
6104236,211,0,2,0,0,0,0,0,0,0,0,0
6107879,212,0,2,0,0,0,0,0,0,0,0,0
6111523,213,0,2,0,0,0,0,0,0,0,0,0
6115167,214,0,2,0,0,0,0,0,0,0,0,0
6118811,215,0,2,0,0,0,0,0,0,0,0,0
6122455,216,0,2,0,0,0,0,0,0,0,0,0
6126099,217,0,2,0,0,0,0,0,0,0,0,0
6129743,218,0,2,0,0,0,0,0,0,0,0,0
6133387,219,0,2,0,0,0,0,0,0,0,0,0
6137031,220,0,2,0,0,0,0,0,0,0,0,0
6140676,221,0,2,0,0,0,0,0,0,0,0,0
6144319,222,0,2,0,0,0,0,0,0,0,0,0
6147963,223,0,2,0,0,0,0,0,0,0,0,0
6151607,224,0,2,0,0,0,0,0,0,0,0,0
6155251,225,0,2,0,0,0,0,0,0,0,0,0
6158895,226,0,2,0,0,0,0,0,0,0,0,0
6162539,227,0,2,0,0,0,0,0,0,0,0,0
6183702,228,0,2,0,0,0,0,0,0,0,0,0
6187334,229,0,2,0,0,0,0,0,0,0,0,0
6190978,230,0,2,0,0,0,0,0,0,0,0,0
6194622,231,0,2,0,0,0,0,0,0,0,0,0
6198266,232,0,2,0,0,0,0,0,0,0,0,0
6201910,233,0,2,0,0,0,0,0,0,0,0,0
6205554,234,0,2,0,0,0,0,0,0,0,0,0
6209198,235,0,2,0,0,0,0,0,0,0,0,0
6212842,236,0,2,0,0,0,0,0,0,0,0,0
6216486,237,0,2,0,0,0,0,0,0,0,0,0
6220130,238,0,2,0,0,0,0,0,0,0,0,0
6223774,239,0,2,0,0,0,0,0,0,0,0,0
6227418,240,0,2,0,0,0,0,0,0,0,0,0
6231062,241,0,2,0,0,0,0,0,0,0,0,0
6234706,242,0,2,0,0,0,0,0,0,0,0,0
6238350,243,0,2,0,0,0,0,0,0,0,0,0
6241994,244,0,2,0,0,0,0,0,0,0,0,0
6245638,245,0,2,0,0,0,0,0,0,0,0,0
6249282,246,0,2,0,0,0,0,0,0,0,0,0
6252926,247,0,2,0,0,0,0,0,0,0,0,0
6256570,248,0,2,0,0,0,0,0,0,0,0,0
6260214,249,0,2,0,0,0,0,0,0,0,0,0
6263858,250,0,2,0,0,0,0,0,0,0,0,0
6267503,251,0,2,0,0,0,0,0,0,0,0,0
6271146,252,0,2,0,0,0,0,0,0,0,0,0
6274790,253,0,2,0,0,0,0,0,0,0,0,0
6278434,254,0,2,0,0,0,0,0,0,0,0,0
6282078,255,0,2,0,0,0,0,0,0,0,0,0
6285722,256,0,2,0,0,0,0,0,0,0,0,0
6289366,257,0,2,0,0,0,0,0,0,0,0,0
6293010,258,0,2,0,0,0,0,0,0,0,0,0
6296654,259,0,2,0,0,0,0,0,0,0,0,0
6300298,260,0,2,0,0,0,0,0,0,0,0,0
6303942,261,0,2,0,0,0,0,0,0,0,0,0
6307586,262,0,2,0,0,0,0,0,0,0,0,0
6311230,263,0,2,0,0,0,0,0,0,0,0,0
6314874,264,0,2,0,0,0,0,0,0,0,0,0
6318518,265,0,2,0,0,0,0,0,0,0,0,0
6322162,266,0,2,0,0,0,0,0,0,0,0,0
6325806,267,0,2,0,0,0,0,0,0,0,0,0
6329450,268,0,2,0,0,0,0,0,0,0,0,0
6333094,269,0,2,0,0,0,0,0,0,0,0,0
6336738,270,0,2,0,0,0,0,0,0,0,0,0
6340382,271,0,2,0,0,0,0,0,0,0,0,0
6344026,272,0,2,0,0,0,0,0,0,0,0,0
6347670,273,0,2,0,0,0,0,0,0,0,0,0
6351314,274,0,2,0,0,0,0,0,0,0,0,0
6354958,275,0,2,0,0,0,0,0,0,0,0,0
6358602,276,0,2,0,0,0,0,0,0,0,0,0
6362246,277,0,2,0,0,0,0,0,0,0,0,0
6365890,278,0,2,0,0,0,0,0,0,0,0,0
6369534,279,0,2,0,0,0,0,0,0,0,0,0
6373178,280,0,2,0,0,0,0,0,0,0,0,0
6376822,281,0,2,0,0,0,0,0,0,0,0,0
6380466,282,0,2,0,0,0,0,0,0,0,0,0
6384110,283,0,2,0,0,0,0,0,0,0,0,0
6387754,284,0,2,0,0,0,0,0,0,0,0,0
6391398,285,0,2,0,0,0,0,0,0,0,0,0
6395042,286,0,2,0,0,0,0,0,0,0,0,0
6398686,287,0,2,0,0,0,0,0,0,0,0,0
6402330,288,0,2,0,0,0,0,0,0,0,0,0
6405974,289,0,2,0,0,0,0,0,0,0,0,0
6409618,290,0,2,0,0,0,0,0,0,0,0,0
6413262,291,0,2,0,0,0,0,0,0,0,0,0
6416906,292,0,2,0,0,0,0,0,0,0,0,0
6420550,293,0,2,0,0,0,0,0,0,0,0,0
6424194,294,0,2,0,0,0,0,0,0,0,0,0
6427838,295,0,2,0,0,0,0,0,0,0,0,0
6431482,296,0,2,0,0,0,0,0,0,0,0,0
6435126,297,0,2,0,0,0,0,0,0,0,0,0
6438770,298,0,2,0,0,0,0,0,0,0,0,0
6442414,299,0,2,0,0,0,0,0,0,0,0,0
6446058,300,0,2,0,0,0,0,0,0,0,0,0
6449703,301,0,2,0,0,0,0,0,0,0,0,0
6453346,302,0,2,0,0,0,0,0,0,0,0,0
6456990,303,0,2,0,0,0,0,0,0,0,0,0
6460634,304,0,2,0,0,0,0,0,0,0,0,0
6464278,305,0,2,0,0,0,0,0,0,0,0,0
6467922,306,0,2,0,0,0,0,0,0,0,0,0
6471566,307,0,2,0,0,0,0,0,0,0,0,0
6475210,308,0,2,0,0,0,0,0,0,0,0,0
6478854,309,0,2,0,0,0,0,0,0,0,0,0
6482498,310,0,2,0,0,0,0,0,0,0,0,0
6486143,311,0,2,0,0,0,0,0,0,0,0,0
6489786,312,0,2,0,0,0,0,0,0,0,0,0
6493430,313,0,2,0,0,0,0,0,0,0,0,0
6497074,314,0,2,0,0,0,0,0,0,0,0,0
6500718,315,0,2,0,0,0,0,0,0,0,0,0
6504362,316,0,2,0,0,0,0,0,0,0,0,0
6508006,317,0,2,0,0,0,0,0,0,0,0,0
6511650,318,0,2,0,0,0,0,0,0,0,0,0
6515294,319,0,2,0,0,0,0,0,0,0,0,0
6518938,320,0,2,0,0,0,0,0,0,0,0,0
6522582,321,0,2,0,0,0,0,0,0,0,0,0
6526226,322,0,2,0,0,0,0,0,0,0,0,0
6529870,323,0,2,0,0,0,0,0,0,0,0,0
6533514,324,0,2,0,0,0,0,0,0,0,0,0
6537158,325,0,2,0,0,0,0,0,0,0,0,0
6540802,326,0,2,0,0,0,0,0,0,0,0,0
6544446,327,0,2,0,0,0,0,0,0,0,0,0
6548090,328,0,2,0,0,0,0,0,0,0,0,0
6551734,329,0,2,0,0,0,0,0,0,0,0,0
6555378,330,0,2,0,0,0,0,0,0,0,0,0
6559023,331,0,2,0,0,0,0,0,0,0,0,0
6562666,332,0,2,0,0,0,0,0,0,0,0,0
6566310,333,0,2,0,0,0,0,0,0,0,0,0
6569954,334,0,2,0,0,0,0,0,0,0,0,0
6573598,335,0,2,0,0,0,0,0,0,0,0,0
6577242,336,0,2,0,0,0,0,0,0,0,0,0
6580886,337,0,2,0,0,0,0,0,0,0,0,0
6584530,338,0,2,0,0,0,0,0,0,0,0,0
6588174,339,0,2,0,0,0,0,0,0,0,0,0
6591818,340,0,2,0,0,0,0,0,0,0,0,0
6595463,341,0,2,0,0,0,0,0,0,0,0,0
6599106,342,0,2,0,0,0,0,0,0,0,0,0
6602750,343,0,2,0,0,0,0,0,0,0,0,0
6606394,344,0,2,0,0,0,0,0,0,0,0,0
6610038,345,0,2,0,0,0,0,0,0,0,0,0
6613682,346,0,2,0,0,0,0,0,0,0,0,0
6617326,347,0,2,0,0,0,0,0,0,0,0,0
6620970,348,0,2,0,0,0,0,0,0,0,0,0
6624614,349,0,2,0,0,0,0,0,0,0,0,0
6628258,350,0,2,0,0,0,0,0,0,0,0,0
6631903,351,0,2,0,0,0,0,0,0,0,0,0
6635546,352,0,2,0,0,0,0,0,0,0,0,0
6639190,353,0,2,0,0,0,0,0,0,0,0,0
6642834,354,0,2,0,0,0,0,0,0,0,0,0
6646478,355,0,2,0,0,0,0,0,0,0,0,0
6650122,356,0,2,0,0,0,0,0,0,0,0,0
6653766,357,0,2,0,0,0,0,0,0,0,0,0
6657410,358,0,2,0,0,0,0,0,0,0,0,0
6661054,359,0,2,0,0,0,0,0,0,0,0,0
6664698,360,0,2,0,0,0,0,0,0,0,0,0
6668342,361,0,2,0,0,0,0,0,0,0,0,0
6671986,362,0,2,0,0,0,0,0,0,0,0,0
6675630,363,0,2,0,0,0,0,0,0,0,0,0
6679274,364,0,2,0,0,0,0,0,0,0,0,0
6682918,365,0,2,0,0,0,0,0,0,0,0,0
6686562,366,0,2,0,0,0,0,0,0,0,0,0
6690206,367,0,2,0,0,0,0,0,0,0,0,0
6693850,368,0,2,0,0,0,0,0,0,0,0,0
6697494,369,0,2,0,0,0,0,0,0,0,0,0
6701138,370,0,2,0,0,0,0,0,0,0,0,0
6704782,371,0,2,0,0,0,0,0,0,0,0,0
6708426,372,0,2,0,0,0,0,0,0,0,0,0
6712070,373,0,2,0,0,0,0,0,0,0,0,0
6715714,374,0,2,0,0,0,0,0,0,0,0,0
6719358,375,0,2,0,0,0,0,0,0,0,0,0
6723002,376,0,2,0,0,0,0,0,0,0,0,0
6726646,377,0,2,0,0,0,0,0,0,0,0,0
6730290,378,0,2,0,0,0,0,0,0,0,0,0
6733934,379,0,2,0,0,0,0,0,0,0,0,0
6737578,380,0,2,0,0,0,0,0,0,0,0,0
6741223,381,0,2,0,0,0,0,0,0,0,0,0
6744866,382,0,2,0,0,0,0,0,0,0,0,0
6748510,383,0,2,0,0,0,0,0,0,0,0,0
6752154,384,0,2,0,0,0,0,0,0,0,0,0
6755798,385,0,2,0,0,0,0,0,0,0,0,0
6759442,386,0,2,0,0,0,0,0,0,0,0,0
6763086,387,0,2,0,0,0,0,0,0,0,0,0
6766730,388,0,2,0,0,0,0,0,0,0,0,0
6770374,389,0,2,0,0,0,0,0,0,0,0,0
6774018,390,0,2,0,0,0,0,0,0,0,0,0
6777663,391,0,2,0,0,0,0,0,0,0,0,0
6781306,392,0,2,0,0,0,0,0,0,0,0,0
6784950,393,0,2,0,0,0,0,0,0,0,0,0
6788594,394,0,2,0,0,0,0,0,0,0,0,0
6792238,395,0,2,0,0,0,0,0,0,0,0,0
6795882,396,0,2,0,0,0,0,0,0,0,0,0
6799526,397,0,2,0,0,0,0,0,0,0,0,0
6803170,398,0,2,0,0,0,0,0,0,0,0,0
6806814,399,0,2,0,0,0,0,0,0,0,0,0
6810458,400,0,2,0,0,0,0,0,0,0,0,0
6814103,401,0,2,0,0,0,0,0,0,0,0,0
6817746,402,0,2,0,0,0,0,0,0,0,0,0
6821390,403,0,2,0,0,0,0,0,0,0,0,0
6825035,404,0,2,0,0,0,0,0,0,0,0,0
6828678,405,0,2,0,0,0,0,0,0,0,0,0
6832322,406,0,2,0,0,0,0,0,0,0,0,0
6835966,407,0,2,0,0,0,0,0,0,0,0,0
6839610,408,0,2,0,0,0,0,0,0,0,0,0
6843254,409,0,2,0,0,0,0,0,0,0,0,0
6846898,410,0,2,0,0,0,0,0,0,0,0,0
6850542,411,0,2,0,0,0,0,0,0,0,0,0
6854186,412,0,2,0,0,0,0,0,0,0,0,0
6857830,413,0,2,0,0,0,0,0,0,0,0,0
6861474,414,0,2,0,0,0,0,0,0,0,0,0
6865118,415,0,2,0,0,0,0,0,0,0,0,0
6868762,416,0,2,0,0,0,0,0,0,0,0,0
6872406,417,0,2,0,0,0,0,0,0,0,0,0
6876050,418,0,2,0,0,0,0,0,0,0,0,0
6879694,419,0,2,0,0,0,0,0,0,0,0,0
6883338,420,0,2,0,0,0,0,0,0,0,0,0
6886983,421,0,2,0,0,0,0,0,0,0,0,0
6890626,422,0,2,0,0,0,0,0,0,0,0,0
6894270,423,0,2,0,0,0,0,0,0,0,0,0
6897914,424,0,2,0,0,0,0,0,0,0,0,0
6901558,425,0,2,0,0,0,0,0,0,0,0,0
6905202,426,0,2,0,0,0,0,0,0,0,0,0
6908846,427,0,2,0,0,0,0,0,0,0,0,0
6912490,428,0,2,0,0,0,0,0,0,0,0,0
6916134,429,0,2,0,0,0,0,0,0,0,0,0
6919778,430,0,2,0,0,0,0,0,0,0,0,0
6923423,431,0,2,0,0,0,0,0,0,0,0,0
6927067,432,0,2,0,0,0,0,0,0,0,0,0
6930710,433,0,2,0,0,0,0,0,0,0,0,0
6934354,434,0,2,0,0,0,0,0,0,0,0,0
6937998,435,0,2,0,0,0,0,0,0,0,0,0
6941642,436,0,2,0,0,0,0,0,0,0,0,0
6945286,437,0,2,0,0,0,0,0,0,0,0,0
6948930,438,0,2,0,0,0,0,0,0,0,0,0
6952574,439,0,2,0,0,0,0,0,0,0,0,0
6956218,440,0,2,0,0,0,0,0,0,0,0,0
6959863,441,0,2,0,0,0,0,0,0,0,0,0
6963506,442,0,2,0,0,0,0,0,0,0,0,0
6967150,443,0,2,0,0,0,0,0,0,0,0,0
6970794,444,0,2,0,0,0,0,0,0,0,0,0
6974438,445,0,2,0,0,0,0,0,0,0,0,0
6978083,446,0,2,0,0,0,0,0,0,0,0,0
6981726,447,0,2,0,0,0,0,0,0,0,0,0
6985370,448,0,2,0,0,0,0,0,0,0,0,0
6989014,449,0,2,0,0,0,0,0,0,0,0,0
6992658,450,0,2,0,0,0,0,0,0,0,0,0
6996303,451,0,2,0,0,0,0,0,0,0,0,0
6999946,452,0,2,0,0,0,0,0,0,0,0,0
7003590,453,0,2,0,0,0,0,0,0,0,0,0
7007234,454,0,2,0,0,0,0,0,0,0,0,0
7019801,455,0,2,0,0,0,0,0,0,0,0,0
7023433,456,0,2,0,0,0,0,0,0,0,0,0
7027077,457,0,2,0,0,0,0,0,0,0,0,0
7030721,458,0,2,0,0,0,0,0,0,0,0,0
7034365,459,0,2,0,0,0,0,0,0,0,0,0
7038009,460,0,2,0,0,0,0,0,0,0,0,0
7041654,461,0,2,0,0,0,0,0,0,0,0,0
7045297,462,0,2,0,0,0,0,0,0,0,0,0
7048941,463,0,2,0,0,0,0,0,0,0,0,0
7052585,464,0,2,0,0,0,0,0,0,0,0,0
7056229,465,0,2,0,0,0,0,0,0,0,0,0
7059873,466,0,2,0,0,0,0,0,0,0,0,0
7063517,467,0,2,0,0,0,0,0,0,0,0,0
7067161,468,0,2,0,0,0,0,0,0,0,0,0
7070805,469,0,2,0,0,0,0,0,0,0,0,0
7074449,470,0,2,0,0,0,0,0,0,0,0,0
7078094,471,0,2,0,0,0,0,0,0,0,0,0
7081737,472,0,2,0,0,0,0,0,0,0,0,0
7085381,473,0,2,0,0,0,0,0,0,0,0,0
7089025,474,0,2,0,0,0,0,0,0,0,0,0
7092669,475,0,2,0,0,0,0,0,0,0,0,0
7096313,476,0,2,0,0,0,0,0,0,0,0,0
7099957,477,0,2,0,0,0,0,0,0,0,0,0
7103601,478,0,2,0,0,0,0,0,0,0,0,0
7107245,479,0,2,0,0,0,0,0,0,0,0,0
7110889,480,0,2,0,0,0,0,0,0,0,0,0
7114534,481,0,2,0,0,0,0,0,0,0,0,0
7118177,482,0,2,0,0,0,0,0,0,0,0,0
7121821,483,0,2,0,0,0,0,0,0,0,0,0
7125465,484,0,2,0,0,0,0,0,0,0,0,0
7129109,485,0,2,0,0,0,0,0,0,0,0,0
7132753,486,0,2,0,0,0,0,0,0,0,0,0
7136397,487,0,2,0,0,0,0,0,0,0,0,0
7140041,488,0,2,0,0,0,0,0,0,0,0,0
7143685,489,0,2,0,0,0,0,0,0,0,0,0
7147329,490,0,2,0,0,0,0,0,0,0,0,0
7150973,491,0,2,0,0,0,0,0,0,0,0,0
7154617,492,0,2,0,0,0,0,0,0,0,0,0
7158261,493,0,2,0,0,0,0,0,0,0,0,0
7161905,494,0,2,0,0,0,0,0,0,0,0,0
7165549,495,0,2,0,0,0,0,0,0,0,0,0
7169193,496,0,2,0,0,0,0,0,0,0,0,0
7172837,497,0,2,0,0,0,0,0,0,0,0,0
7176481,498,0,2,0,0,0,0,0,0,0,0,0
7180125,499,0,2,0,0,0,0,0,0,0,0,0
7183769,500,0,2,0,0,0,0,0,0,0,0,0
7187414,501,0,2,0,0,0,0,0,0,0,0,0
7191057,502,0,2,0,0,0,0,0,0,0,0,0
7194701,503,0,2,0,0,0,0,0,0,0,0,0
7198345,504,0,2,0,0,0,0,0,0,0,0,0
7201989,505,0,2,0,0,0,0,0,0,0,0,0
7205633,506,0,2,0,0,0,0,0,0,0,0,0
7209277,507,0,2,0,0,0,0,0,0,0,0,0
7212921,508,0,2,0,0,0,0,0,0,0,0,0
7216565,509,0,2,0,0,0,0,0,0,0,0,0
7220209,510,0,2,0,0,0,0,0,0,0,0,0
7223854,511,0,2,0,0,0,0,0,0,0,0,0
7227497,512,0,2,0,0,0,0,0,0,0,0,0
7231141,513,0,2,0,0,0,0,0,0,0,0,0
7234785,514,0,2,0,0,0,0,0,0,0,0,0
7238429,515,0,2,0,0,0,0,0,0,0,0,0
7242073,516,0,2,0,0,0,0,0,0,0,0,0
7245717,517,0,2,0,0,0,0,0,0,0,0,0
7249361,518,0,2,0,0,0,0,0,0,0,0,0
7253005,519,0,2,0,0,0,0,0,0,0,0,0
7256649,520,0,2,0,0,0,0,0,0,0,0,0
7260293,521,0,2,0,0,0,0,0,0,0,0,0
7263937,522,0,2,0,0,0,0,0,0,0,0,0
7267581,523,0,2,0,0,0,0,0,0,0,0,0
7271225,524,0,2,0,0,0,0,0,0,0,0,0
7274869,525,0,2,0,0,0,0,0,0,0,0,0
7278513,526,0,2,0,0,0,0,0,0,0,0,0
7282157,527,0,2,0,0,0,0,0,0,0,0,0
7285801,528,0,2,0,0,0,0,0,0,0,0,0
7289445,529,0,2,0,0,0,0,0,0,0,0,0
7293089,530,0,2,0,0,0,0,0,0,0,0,0
7296734,531,0,2,0,0,0,0,0,0,0,0,0
7300377,532,0,2,0,0,0,0,0,0,0,0,0
7304021,533,0,2,0,0,0,0,0,0,0,0,0
7307665,534,0,2,0,0,0,0,0,0,0,0,0
7311309,535,0,2,0,0,0,0,0,0,0,0,0
7314953,536,0,2,0,0,0,0,0,0,0,0,0
7318597,537,0,2,0,0,0,0,0,0,0,0,0
7322241,538,0,2,0,0,0,0,0,0,0,0,0
7325885,539,0,2,0,0,0,0,0,0,0,0,0
7329529,540,0,2,0,0,0,0,0,0,0,0,0
7333174,541,0,2,0,0,0,0,0,0,0,0,0
7336817,542,0,2,0,0,0,0,0,0,0,0,0
7340461,543,0,2,0,0,0,0,0,0,0,0,0
7344105,544,0,2,0,0,0,0,0,0,0,0,0
7347749,545,0,2,0,0,0,0,0,0,0,0,0
7351393,546,0,2,0,0,0,0,0,0,0,0,0
7355037,547,0,2,0,0,0,0,0,0,0,0,0
7358681,548,0,2,0,0,0,0,0,0,0,0,0
7362325,549,0,2,0,0,0,0,0,0,0,0,0
7365969,550,0,2,0,0,0,0,0,0,0,0,0
7369614,551,0,2,0,0,0,0,0,0,0,0,0
7373257,552,0,2,0,0,0,0,0,0,0,0,0
7376901,553,0,2,0,0,0,0,0,0,0,0,0
7380545,554,0,2,0,0,0,0,0,0,0,0,0
7384189,555,0,2,0,0,0,0,0,0,0,0,0
7387833,556,0,2,0,0,0,0,0,0,0,0,0
7391477,557,0,2,0,0,0,0,0,0,0,0,0
7395121,558,0,2,0,0,0,0,0,0,0,0,0
7398765,559,0,2,0,0,0,0,0,0,0,0,0
7402409,560,0,2,0,0,0,0,0,0,0,0,0
7406053,561,0,2,0,0,0,0,0,0,0,0,0
7409697,562,0,2,0,0,0,0,0,0,0,0,0
7413341,563,0,2,0,0,0,0,0,0,0,0,0
7416985,564,0,2,0,0,0,0,0,0,0,0,0
7420629,565,0,2,0,0,0,0,0,0,0,0,0
7424273,566,0,2,0,0,0,0,0,0,0,0,0
7427917,567,0,2,0,0,0,0,0,0,0,0,0
7431561,568,0,2,0,0,0,0,0,0,0,0,0
7435205,569,0,2,0,0,0,0,0,0,0,0,0
7438849,570,0,2,0,0,0,0,0,0,0,0,0
7442493,571,0,2,0,0,0,0,0,0,0,0,0
7446137,572,0,2,0,0,0,0,0,0,0,0,0
7449781,573,0,2,0,0,0,0,0,0,0,0,0
7453425,574,0,2,0,0,0,0,0,0,0,0,0
7457070,575,0,2,0,0,0,0,0,0,0,0,0
7460713,576,0,2,0,0,0,0,0,0,0,0,0
7464357,577,0,2,0,0,0,0,0,0,0,0,0
7468001,578,0,2,0,0,0,0,0,0,0,0,0
7471645,579,0,2,0,0,0,0,0,0,0,0,0
7475289,580,0,2,0,0,0,0,0,0,0,0,0
7478934,581,0,2,0,0,0,0,0,0,0,0,0
7482577,582,0,2,0,0,0,0,0,0,0,0,0
7486221,583,0,2,0,0,0,0,0,0,0,0,0
7489865,584,0,2,0,0,0,0,0,0,0,0,0
7493509,585,0,2,0,0,0,0,0,0,0,0,0
7497153,586,0,2,0,0,0,0,0,0,0,0,0
7500797,587,0,2,0,0,0,0,0,0,0,0,0
7504441,588,0,2,0,0,0,0,0,0,0,0,0
7508086,589,0,2,0,0,0,0,0,0,0,0,0
7511729,590,0,2,0,0,0,0,0,0,0,0,0
7515373,591,0,2,0,0,0,0,0,0,0,0,0
7519017,592,0,2,0,0,0,0,0,0,0,0,0
7522661,593,0,2,0,0,0,0,0,0,0,0,0
7526305,594,0,2,0,0,0,0,0,0,0,0,0
7529949,595,0,2,0,0,0,0,0,0,0,0,0
7533593,596,0,2,0,0,0,0,0,0,0,0,0
7537237,597,0,2,0,0,0,0,0,0,0,0,0
7540881,598,0,2,0,0,0,0,0,0,0,0,0
7544525,599,0,2,0,0,0,0,0,0,0,0,0
7548169,600,0,2,0,0,0,0,0,0,0,0,0
7551814,601,0,2,0,0,0,0,0,0,0,0,0
7555457,602,0,2,0,0,0,0,0,0,0,0,0
7559101,603,0,2,0,0,0,0,0,0,0,0,0
7562745,604,0,2,0,0,0,0,0,0,0,0,0
7566389,605,0,2,0,0,0,0,0,0,0,0,0
7570034,606,0,2,0,0,0,0,0,0,0,0,0
7573677,607,0,2,0,0,0,0,0,0,0,0,0
7577321,608,0,2,0,0,0,0,0,0,0,0,0
7580965,609,0,2,0,0,0,0,0,0,0,0,0
7584609,610,0,2,0,0,0,0,0,0,0,0,0
7588253,611,0,2,0,0,0,0,0,0,0,0,0
7591897,612,0,2,0,0,0,0,0,0,0,0,0
7595541,613,0,2,0,0,0,0,0,0,0,0,0
7599185,614,0,2,0,0,0,0,0,0,0,0,0
7602829,615,0,2,0,0,0,0,0,0,0,0,0
7606473,616,0,2,0,0,0,0,0,0,0,0,0
7610117,617,0,2,0,0,0,0,0,0,0,0,0
7613761,618,0,2,0,0,0,0,0,0,0,0,0
7617405,619,0,2,0,0,0,0,0,0,0,0,0
7621049,620,0,2,0,0,0,0,0,0,0,0,0
7624694,621,0,2,0,0,0,0,0,0,0,0,0
7628337,622,0,2,0,0,0,0,0,0,0,0,0
7631981,623,0,2,0,0,0,0,0,0,0,0,0
7635625,624,0,2,0,0,0,0,0,0,0,0,0
7639269,625,0,2,0,0,0,0,0,0,0,0,0
7642913,626,0,2,0,0,0,0,0,0,0,0,0
7646557,627,0,2,0,0,0,0,0,0,0,0,0
7650201,628,0,2,0,0,0,0,0,0,0,0,0
7653845,629,0,2,0,0,0,0,0,0,0,0,0
7657489,630,0,2,0,0,0,0,0,0,0,0,0
7661134,631,0,2,0,0,0,0,0,0,0,0,0
7664777,632,0,2,0,0,0,0,0,0,0,0,0
7668421,633,0,2,0,0,0,0,0,0,0,0,0
7672065,634,0,2,0,0,0,0,0,0,0,0,0
7675709,635,0,2,0,0,0,0,0,0,0,0,0
7679353,636,0,2,0,0,0,0,0,0,0,0,0
7682997,637,0,2,0,0,0,0,0,0,0,0,0
7686641,638,0,2,0,0,0,0,0,0,0,0,0
7690285,639,0,2,0,0,0,0,0,0,0,0,0
7693929,640,0,2,0,0,0,0,0,0,0,0,0
7697573,641,0,2,0,0,0,0,0,0,0,0,0
7701217,642,0,2,0,0,0,0,0,0,0,0,0
7704861,643,0,2,0,0,0,0,0,0,0,0,0
7708505,644,0,2,0,0,0,0,0,0,0,0,0
7712149,645,0,2,0,0,0,0,0,0,0,0,0
7715793,646,0,2,0,0,0,0,0,0,0,0,0
7719437,647,0,2,0,0,0,0,0,0,0,0,0
7723081,648,0,2,0,0,0,0,0,0,0,0,0
7726725,649,0,2,0,0,0,0,0,0,0,0,0
7730369,650,0,2,0,0,0,0,0,0,0,0,0
7734014,651,0,2,0,0,0,0,0,0,0,0,0
7737657,652,0,2,0,0,0,0,0,0,0,0,0
7741301,653,0,2,0,0,0,0,0,0,0,0,0
7744945,654,0,2,0,0,0,0,0,0,0,0,0
7748589,655,0,2,0,0,0,0,0,0,0,0,0
7752233,656,0,2,0,0,0,0,0,0,0,0,0
7755877,657,0,2,0,0,0,0,0,0,0,0,0
7759521,658,0,2,0,0,0,0,0,0,0,0,0
7763165,659,0,2,0,0,0,0,0,0,0,0,0
7766809,660,0,2,0,0,0,0,0,0,0,0,0
7770454,661,0,2,0,0,0,0,0,0,0,0,0
7774097,662,0,2,0,0,0,0,0,0,0,0,0
7777741,663,0,2,0,0,0,0,0,0,0,0,0
7781385,664,0,2,0,0,0,0,0,0,0,0,0
7785029,665,0,2,0,0,0,0,0,0,0,0,0
7788673,666,0,2,0,0,0,0,0,0,0,0,0
7792317,667,0,2,0,0,0,0,0,0,0,0,0
7795961,668,0,2,0,0,0,0,0,0,0,0,0
7799605,669,0,2,0,0,0,0,0,0,0,0,0
7803249,670,0,2,0,0,0,0,0,0,0,0,0
7806894,671,0,2,0,0,0,0,0,0,0,0,0
7810537,672,0,2,0,0,0,0,0,0,0,0,0
7814181,673,0,2,0,0,0,0,0,0,0,0,0
7817825,674,0,2,0,0,0,0,0,0,0,0,0
7821469,675,0,2,0,0,0,0,0,0,0,0,0
7825113,676,0,2,0,0,0,0,0,0,0,0,0
7828757,677,0,2,0,0,0,0,0,0,0,0,0
7832401,678,0,2,0,0,0,0,0,0,0,0,0
7836045,679,0,2,0,0,0,0,0,0,0,0,0
7839689,680,0,2,0,0,0,0,0,0,0,0,0
7843333,681,0,2,0,0,0,0,0,0,0,0,0
7861665,682,0,2,0,0,0,0,0,0,0,0,0
7865296,683,0,2,0,0,0,0,0,0,0,0,0
7868940,684,0,2,0,0,0,0,0,0,0,0,0
7872584,685,0,2,0,0,0,0,0,0,0,0,0
7876228,686,0,2,0,0,0,0,0,0,0,0,0
7879872,687,0,2,0,0,0,0,0,0,0,0,0
7883516,688,0,2,0,0,0,0,0,0,0,0,0
7887160,689,0,2,0,0,0,0,0,0,0,0,0
7890804,690,0,2,0,0,0,0,0,0,0,0,0
7894449,691,0,2,0,0,0,0,0,0,0,0,0
7898092,692,0,2,0,0,0,0,0,0,0,0,0
7901736,693,0,2,0,0,0,0,0,0,0,0,0
7905380,694,0,2,0,0,0,0,0,0,0,0,0
7909024,695,0,2,0,0,0,0,0,0,0,0,0
7912668,696,0,2,0,0,0,0,0,0,0,0,0
7916312,697,0,2,0,0,0,0,0,0,0,0,0
7919956,698,0,2,0,0,0,0,0,0,0,0,0
7923600,699,0,2,0,0,0,0,0,0,0,0,0
7927244,700,0,2,0,0,0,0,0,0,0,0,0
7930888,701,0,2,0,0,0,0,0,0,0,0,0
7934532,702,0,2,0,0,0,0,0,0,0,0,0
7938176,703,0,2,0,0,0,0,0,0,0,0,0
7941820,704,0,2,0,0,0,0,0,0,0,0,0
7945464,705,0,2,0,0,0,0,0,0,0,0,0
7949108,706,0,2,0,0,0,0,0,0,0,0,0
7952752,707,0,2,0,0,0,0,0,0,0,0,0
7956396,708,0,2,0,0,0,0,0,0,0,0,0
7960040,709,0,2,0,0,0,0,0,0,0,0,0
7963684,710,0,2,0,0,0,0,0,0,0,0,0
7967328,711,0,2,0,0,0,0,0,0,0,0,0
7970972,712,0,2,0,0,0,0,0,0,0,0,0
7974616,713,0,2,0,0,0,0,0,0,0,0,0
7978260,714,0,2,0,0,0,0,0,0,0,0,0
7981904,715,0,2,0,0,0,0,0,0,0,0,0
7985548,716,0,2,0,0,0,0,0,0,0,0,0
7989192,717,0,2,0,0,0,0,0,0,0,0,0
7992836,718,0,2,0,0,0,0,0,0,0,0,0
7996480,719,0,2,0,0,0,0,0,0,0,0,0
8000124,720,0,2,0,0,0,0,0,0,0,0,0
8003769,721,0,2,0,0,0,0,0,0,0,0,0
8007412,722,0,2,0,0,0,0,0,0,0,0,0
8011056,723,0,2,0,0,0,0,0,0,0,0,0
8014700,724,0,2,0,0,0,0,0,0,0,0,0
8018344,725,0,2,0,0,0,0,0,0,0,0,0
8021988,726,0,2,0,0,0,0,0,0,0,0,0
8025632,727,0,2,0,0,0,0,0,0,0,0,0
8029276,728,0,2,0,0,0,0,0,0,0,0,0
8032920,729,0,2,0,0,0,0,0,0,0,0,0
8036564,730,0,2,0,0,0,0,0,0,0,0,0
8040209,731,0,2,0,0,0,0,0,0,0,0,0
8043852,732,0,2,0,0,0,0,0,0,0,0,0
8047496,733,0,2,0,0,0,0,0,0,0,0,0
8051140,734,0,2,0,0,0,0,0,0,0,0,0
8054784,735,0,2,0,0,0,0,0,0,0,0,0
8058428,736,0,2,0,0,0,0,0,0,0,0,0
8062072,737,0,2,0,0,0,0,0,0,0,0,0
8065716,738,0,2,0,0,0,0,0,0,0,0,0
8069360,739,0,2,0,0,0,0,0,0,0,0,0
8073004,740,0,2,0,0,0,0,0,0,0,0,0
8076649,741,0,2,0,0,0,0,0,0,0,0,0
8080292,742,0,2,0,0,0,0,0,0,0,0,0
8083936,743,0,2,0,0,0,0,0,0,0,0,0
8087580,744,0,2,0,0,0,0,0,0,0,0,0
8091224,745,0,2,0,0,0,0,0,0,0,0,0
8094868,746,0,2,0,0,0,0,0,0,0,0,0
8098512,747,0,2,0,0,0,0,0,0,0,0,0
8102156,748,0,2,0,0,0,0,0,0,0,0,0
8105800,749,0,2,0,0,0,0,0,0,0,0,0
8109444,750,0,2,0,0,0,0,0,0,0,0,0
8113089,751,0,2,0,0,0,0,0,0,0,0,0
8116732,752,0,2,0,0,0,0,0,0,0,0,0
8120376,753,0,2,0,0,0,0,0,0,0,0,0
8124020,754,0,2,0,0,0,0,0,0,0,0,0
8127664,755,0,2,0,0,0,0,0,0,0,0,0
8131308,756,0,2,0,0,0,0,0,0,0,0,0
8134952,757,0,2,0,0,0,0,0,0,0,0,0
8138596,758,0,2,0,0,0,0,0,0,0,0,0
8142240,759,0,2,0,0,0,0,0,0,0,0,0
8145884,760,0,2,0,0,0,0,0,0,0,0,0
8149528,761,0,2,0,0,0,0,0,0,0,0,0
8153172,762,0,2,0,0,0,0,0,0,0,0,0
8156816,763,0,2,0,0,0,0,0,0,0,0,0
8160460,764,0,2,0,0,0,0,0,0,0,0,0
8164104,765,0,2,0,0,0,0,0,0,0,0,0
8167748,766,0,2,0,0,0,0,0,0,0,0,0
8171392,767,0,2,0,0,0,0,0,0,0,0,0
8175036,768,0,2,0,0,0,0,0,0,0,0,0
8178680,769,0,2,0,0,0,0,0,0,0,0,0
8182324,770,0,2,0,0,0,0,0,0,0,0,0
8185969,771,0,2,0,0,0,0,0,0,0,0,0
8189612,772,0,2,0,0,0,0,0,0,0,0,0
8193256,773,0,2,0,0,0,0,0,0,0,0,0
8196900,774,0,2,0,0,0,0,0,0,0,0,0
8200544,775,0,2,0,0,0,0,0,0,0,0,0
8204188,776,0,2,0,0,0,0,0,0,0,0,0
8207832,777,0,2,0,0,0,0,0,0,0,0,0
8211476,778,0,2,0,0,0,0,0,0,0,0,0
8215120,779,0,2,0,0,0,0,0,0,0,0,0
8218764,780,0,2,0,0,0,0,0,0,0,0,0
8222409,781,0,2,0,0,0,0,0,0,0,0,0
8226052,782,0,2,0,0,0,0,0,0,0,0,0
8229696,783,0,2,0,0,0,0,0,0,0,0,0
8233340,784,0,2,0,0,0,0,0,0,0,0,0
8236984,785,0,2,0,0,0,0,0,0,0,0,0
8240628,786,0,2,0,0,0,0,0,0,0,0,0
8244272,787,0,2,0,0,0,0,0,0,0,0,0
8247916,788,0,2,0,0,0,0,0,0,0,0,0
8251560,789,0,2,0,0,0,0,0,0,0,0,0
8255204,790,0,2,0,0,0,0,0,0,0,0,0
8258849,791,0,2,0,0,0,0,0,0,0,0,0
8262492,792,0,2,0,0,0,0,0,0,0,0,0
8266136,793,0,2,0,0,0,0,0,0,0,0,0
8269780,794,0,2,0,0,0,0,0,0,0,0,0
8273424,795,0,2,0,0,0,0,0,0,0,0,0
8277068,796,0,2,0,0,0,0,0,0,0,0,0
8280712,797,0,2,0,0,0,0,0,0,0,0,0
8284356,798,0,2,0,0,0,0,0,0,0,0,0
8288000,799,0,2,0,0,0,0,0,0,0,0,0
8291644,800,0,2,0,0,0,0,0,0,0,0,0
8295288,801,0,2,0,0,0,0,0,0,0,0,0
8298932,802,0,2,0,0,0,0,0,0,0,0,0
8302576,803,0,2,0,0,0,0,0,0,0,0,0
8306220,804,0,2,0,0,0,0,0,0,0,0,0
8309864,805,0,2,0,0,0,0,0,0,0,0,0
8313508,806,0,2,0,0,0,0,0,0,0,0,0
8317152,807,0,2,0,0,0,0,0,0,0,0,0
8320796,808,0,2,0,0,0,0,0,0,0,0,0
8324440,809,0,2,0,0,0,0,0,0,0,0,0
8328084,810,0,2,0,0,0,0,0,0,0,0,0
8331729,811,0,2,0,0,0,0,0,0,0,0,0
8335372,812,0,2,0,0,0,0,0,0,0,0,0
8339016,813,0,2,0,0,0,0,0,0,0,0,0
8342660,814,0,2,0,0,0,0,0,0,0,0,0
8346304,815,0,2,0,0,0,0,0,0,0,0,0
8349948,816,0,2,0,0,0,0,0,0,0,0,0
8353592,817,0,2,0,0,0,0,0,0,0,0,0
8357236,818,0,2,0,0,0,0,0,0,0,0,0
8360880,819,0,2,0,0,0,0,0,0,0,0,0
8364524,820,0,2,0,0,0,0,0,0,0,0,0
8368169,821,0,2,0,0,0,0,0,0,0,0,0
8371812,822,0,2,0,0,0,0,0,0,0,0,0
8375456,823,0,2,0,0,0,0,0,0,0,0,0
8379100,824,0,2,0,0,0,0,0,0,0,0,0
8382744,825,0,2,0,0,0,0,0,0,0,0,0
8386388,826,0,2,0,0,0,0,0,0,0,0,0
8390032,827,0,2,0,0,0,0,0,0,0,0,0
8393676,828,0,2,0,0,0,0,0,0,0,0,0
8397320,829,0,2,0,0,0,0,0,0,0,0,0
8400964,830,0,2,0,0,0,0,0,0,0,0,0
8404609,831,0,2,0,0,0,0,0,0,0,0,0
8408252,832,0,2,0,0,0,0,0,0,0,0,0
8411896,833,0,2,0,0,0,0,0,0,0,0,0
8415540,834,0,2,0,0,0,0,0,0,0,0,0
8419184,835,0,2,0,0,0,0,0,0,0,0,0
8422828,836,0,2,0,0,0,0,0,0,0,0,0
8426472,837,0,2,0,0,0,0,0,0,0,0,0
8430116,838,0,2,0,0,0,0,0,0,0,0,0
8433760,839,0,2,0,0,0,0,0,0,0,0,0
8437404,840,0,2,0,0,0,0,0,0,0,0,0
8441048,841,0,2,0,0,0,0,0,0,0,0,0
8444692,842,0,2,0,0,0,0,0,0,0,0,0
8448336,843,0,2,0,0,0,0,0,0,0,0,0
8451980,844,0,2,0,0,0,0,0,0,0,0,0
8455624,845,0,2,0,0,0,0,0,0,0,0,0
8459268,846,0,2,0,0,0,0,0,0,0,0,0
8462912,847,0,2,0,0,0,0,0,0,0,0,0
8466556,848,0,2,0,0,0,0,0,0,0,0,0
8470200,849,0,2,0,0,0,0,0,0,0,0,0
8473844,850,0,2,0,0,0,0,0,0,0,0,0
8477488,851,0,2,0,0,0,0,0,0,0,0,0
8481132,852,0,2,0,0,0,0,0,0,0,0,0
8484776,853,0,2,0,0,0,0,0,0,0,0,0
8488420,854,0,2,0,0,0,0,0,0,0,0,0
8492064,855,0,2,0,0,0,0,0,0,0,0,0
8495708,856,0,2,0,0,0,0,0,0,0,0,0
8499352,857,0,2,0,0,0,0,0,0,0,0,0
8502996,858,0,2,0,0,0,0,0,0,0,0,0
8506640,859,0,2,0,0,0,0,0,0,0,0,0
8510284,860,0,2,0,0,0,0,0,0,0,0,0
8513929,861,0,2,0,0,0,0,0,0,0,0,0
8517572,862,0,2,0,0,0,0,0,0,0,0,0
8521216,863,0,2,0,0,0,0,0,0,0,0,0
8524860,864,0,2,0,0,0,0,0,0,0,0,0
8528504,865,0,2,0,0,0,0,0,0,0,0,0
8532148,866,0,2,0,0,0,0,0,0,0,0,0
8535792,867,0,2,0,0,0,0,0,0,0,0,0
8539436,868,0,2,0,0,0,0,0,0,0,0,0
8543080,869,0,2,0,0,0,0,0,0,0,0,0
8546724,870,0,2,0,0,0,0,0,0,0,0,0
8550369,871,0,2,0,0,0,0,0,0,0,0,0
8554012,872,0,2,0,0,0,0,0,0,0,0,0
8557656,873,0,2,0,0,0,0,0,0,0,0,0
8561300,874,0,2,0,0,0,0,0,0,0,0,0
8564944,875,0,2,0,0,0,0,0,0,0,0,0
8568588,876,0,2,0,0,0,0,0,0,0,0,0
8572232,877,0,2,0,0,0,0,0,0,0,0,0
8575876,878,0,2,0,0,0,0,0,0,0,0,0
8579520,879,0,2,0,0,0,0,0,0,0,0,0
8583164,880,0,2,0,0,0,0,0,0,0,0,0
8586809,881,0,2,0,0,0,0,0,0,0,0,0
8590452,882,0,2,0,0,0,0,0,0,0,0,0
8594096,883,0,2,0,0,0,0,0,0,0,0,0
8597740,884,0,2,0,0,0,0,0,0,0,0,0
8601384,885,0,2,0,0,0,0,0,0,0,0,0
8605029,886,0,2,0,0,0,0,0,0,0,0,0
8608672,887,0,2,0,0,0,0,0,0,0,0,0
8612316,888,0,2,0,0,0,0,0,0,0,0,0
8615960,889,0,2,0,0,0,0,0,0,0,0,0
8619604,890,0,2,0,0,0,0,0,0,0,0,0
8623249,891,0,2,0,0,0,0,0,0,0,0,0
8626892,892,0,2,0,0,0,0,0,0,0,0,0
8630536,893,0,2,0,0,0,0,0,0,0,0,0
8634180,894,0,2,0,0,0,0,0,0,0,0,0
8637824,895,0,2,0,0,0,0,0,0,0,0,0
8641468,896,0,2,0,0,0,0,0,0,0,0,0
8645112,897,0,2,0,0,0,0,0,0,0,0,0
8648756,898,0,2,0,0,0,0,0,0,0,0,0
8652400,899,0,2,0,0,0,0,0,0,0,0,0
8656044,900,0,2,0,0,0,0,0,0,0,0,0
8659689,901,0,2,0,0,0,0,0,0,0,0,0
8663332,902,0,2,0,0,0,0,0,0,0,0,0
8666976,903,0,2,0,0,0,0,0,0,0,0,0
8670620,904,0,2,0,0,0,0,0,0,0,0,0
8674264,905,0,2,0,0,0,0,0,0,0,0,0
8677908,906,0,2,0,0,0,0,0,0,0,0,0
8681552,907,0,2,0,0,0,0,0,0,0,0,0
8685196,908,0,2,0,0,0,0,0,0,0,0,0
8697484,909,0,2,0,0,0,0,0,0,0,0,0
8701116,910,0,2,0,0,0,0,0,0,0,0,0
8704761,911,0,2,0,0,0,0,0,0,0,0,0
8708404,912,0,2,0,0,0,0,0,0,0,0,0
8712048,913,0,2,0,0,0,0,0,0,0,0,0
8715692,914,0,2,0,0,0,0,0,0,0,0,0
8719336,915,0,2,0,0,0,0,0,0,0,0,0
8722980,916,0,2,0,0,0,0,0,0,0,0,0
8726624,917,0,2,0,0,0,0,0,0,0,0,0
8730268,918,0,2,0,0,0,0,0,0,0,0,0
8733912,919,0,2,0,0,0,0,0,0,0,0,0
8737556,920,0,2,0,0,0,0,0,0,0,0,0
8741200,921,0,2,0,0,0,0,0,0,0,0,0
8744844,922,0,2,0,0,0,0,0,0,0,0,0
8748488,923,0,2,0,0,0,0,0,0,0,0,0
8752132,924,0,2,0,0,0,0,0,0,0,0,0
8755776,925,0,2,0,0,0,0,0,0,0,0,0
8759420,926,0,2,0,0,0,0,0,0,0,0,0
8763064,927,0,2,0,0,0,0,0,0,0,0,0
8766708,928,0,2,0,0,0,0,0,0,0,0,0
8770352,929,0,2,0,0,0,0,0,0,0,0,0
8773996,930,0,2,0,0,0,0,0,0,0,0,0
8777641,931,0,2,0,0,0,0,0,0,0,0,0
8781284,932,0,2,0,0,0,0,0,0,0,0,0
8784928,933,0,2,0,0,0,0,0,0,0,0,0
8788572,934,0,2,0,0,0,0,0,0,0,0,0
8792216,935,0,2,0,0,0,0,0,0,0,0,0
8795860,936,0,2,0,0,0,0,0,0,0,0,0
8799504,937,0,2,0,0,0,0,0,0,0,0,0
8803148,938,0,2,0,0,0,0,0,0,0,0,0
8806792,939,0,2,0,0,0,0,0,0,0,0,0
8810436,940,0,2,0,0,0,0,0,0,0,0,0
8814081,941,0,2,0,0,0,0,0,0,0,0,0
8817724,942,0,2,0,0,0,0,0,0,0,0,0
8821368,943,0,2,0,0,0,0,0,0,0,0,0
8825013,944,0,2,0,0,0,0,0,0,0,0,0
8828656,945,0,2,0,0,0,0,0,0,0,0,0
8832300,946,0,2,0,0,0,0,0,0,0,0,0
8835944,947,0,2,0,0,0,0,0,0,0,0,0
8839588,948,0,2,0,0,0,0,0,0,0,0,0
8843232,949,0,2,0,0,0,0,0,0,0,0,0
8846876,950,0,2,0,0,0,0,0,0,0,0,0
8850521,951,0,2,0,0,0,0,0,0,0,0,0
8854164,952,0,2,0,0,0,0,0,0,0,0,0
8857808,953,0,2,0,0,0,0,0,0,0,0,0
8861452,954,0,2,0,0,0,0,0,0,0,0,0
8865096,955,0,2,0,0,0,0,0,0,0,0,0
8868740,956,0,2,0,0,0,0,0,0,0,0,0
8872384,957,0,2,0,0,0,0,0,0,0,0,0
8876029,958,0,2,0,0,0,0,0,0,0,0,0
8879672,959,0,2,0,0,0,0,0,0,0,0,0
8883316,960,0,2,0,0,0,0,0,0,0,0,0
8886961,961,0,2,0,0,0,0,0,0,0,0,0
8890604,962,0,2,0,0,0,0,0,0,0,0,0
8894248,963,0,2,0,0,0,0,0,0,0,0,0
8897892,964,0,2,0,0,0,0,0,0,0,0,0
8901536,965,0,2,0,0,0,0,0,0,0,0,0
8905180,966,0,2,0,0,0,0,0,0,0,0,0
8908824,967,0,2,0,0,0,0,0,0,0,0,0
8912468,968,0,2,0,0,0,0,0,0,0,0,0
8916112,969,0,2,0,0,0,0,0,0,0,0,0
8919756,970,0,2,0,0,0,0,0,0,0,0,0
8923400,971,0,2,0,0,0,0,0,0,0,0,0
8927044,972,0,2,0,0,0,0,0,0,0,0,0
8930688,973,0,2,0,0,0,0,0,0,0,0,0
8934332,974,0,2,0,0,0,0,0,0,0,0,0
8937976,975,0,2,0,0,0,0,0,0,0,0,0
8941620,976,0,2,0,0,0,0,0,0,0,0,0
8945264,977,0,2,0,0,0,0,0,0,0,0,0
8948908,978,0,2,0,0,0,0,0,0,0,0,0
8952552,979,0,2,0,0,0,0,0,0,0,0,0
8956196,980,0,2,0,0,0,0,0,0,0,0,0
8959840,981,0,2,0,0,0,0,0,0,0,0,0
8963484,982,0,2,0,0,0,0,0,0,0,0,0
8967128,983,0,2,0,0,0,0,0,0,0,0,0
8970772,984,0,2,0,0,0,0,0,0,0,0,0
8974416,985,0,2,0,0,0,0,0,0,0,0,0
8978060,986,0,2,0,0,0,0,0,0,0,0,0
8981704,987,0,2,0,0,0,0,0,0,0,0,0
8985348,988,0,2,0,0,0,0,0,0,0,0,0
8988992,989,0,2,0,0,0,0,0,0,0,0,0
8992636,990,0,2,0,0,0,0,0,0,0,0,0
8996281,991,0,2,0,0,0,0,0,0,0,0,0
8999924,992,0,2,0,0,0,0,0,0,0,0,0
9003568,993,0,2,0,0,0,0,0,0,0,0,0
9007212,994,0,2,0,0,0,0,0,0,0,0,0
9010856,995,0,2,0,0,0,0,0,0,0,0,0
9014500,996,0,2,0,0,0,0,0,0,0,0,0
9018144,997,0,2,0,0,0,0,0,0,0,0,0
9021788,998,0,2,0,0,0,0,0,0,0,0,0
9025432,999,0,2,0,0,0,0,0,0,0,0,0
9029076,1000,0,2,0,0,0,0,0,0,0,0,0
9032721,1001,0,2,0,0,0,0,0,0,0,0,0
9036364,1002,0,2,0,0,0,0,0,0,0,0,0
9040008,1003,0,2,0,0,0,0,0,0,0,0,0
9043652,1004,0,2,0,0,0,0,0,0,0,0,0
9047296,1005,0,2,0,0,0,0,0,0,0,0,0
9050940,1006,0,2,0,0,0,0,0,0,0,0,0
9054584,1007,0,2,0,0,0,0,0,0,0,0,0
9058228,1008,0,2,0,0,0,0,0,0,0,0,0
9061872,1009,0,2,0,0,0,0,0,0,0,0,0
9065516,1010,0,2,0,0,0,0,0,0,0,0,0
9069161,1011,0,2,0,0,0,0,0,0,0,0,0
9072804,1012,0,2,0,0,0,0,0,0,0,0,0
9076448,1013,0,2,0,0,0,0,0,0,0,0,0
9080092,1014,0,2,0,0,0,0,0,0,0,0,0
9083736,1015,0,2,0,0,0,0,0,0,0,0,0
9087380,1016,0,2,0,0,0,0,0,0,0,0,0
9091024,1017,0,2,0,0,0,0,0,0,0,0,0
9094668,1018,0,2,0,0,0,0,0,0,0,0,0
9098312,1019,0,2,0,0,0,0,0,0,0,0,0
9101956,1020,0,2,0,0,0,0,0,0,0,0,0
9105600,1021,0,2,0,0,0,0,0,0,0,0,0
9109244,1022,0,2,0,0,0,0,0,0,0,0,0
9112888,1023,0,2,0,0,0,0,0,0,0,0,0
9116532,1024,0,2,0,0,0,0,0,0,0,0,0
9120176,1025,0,2,0,0,0,0,0,0,0,0,0
9123820,1026,0,2,0,0,0,0,0,0,0,0,0
9127464,1027,0,2,0,0,0,0,0,0,0,0,0
9131108,1028,0,2,0,0,0,0,0,0,0,0,0
9134752,1029,0,2,0,0,0,0,0,0,0,0,0
9138396,1030,0,2,0,0,0,0,0,0,0,0,0
9142041,1031,0,2,0,0,0,0,0,0,0,0,0
9145684,1032,0,2,0,0,0,0,0,0,0,0,0
9149328,1033,0,2,0,0,0,0,0,0,0,0,0
9152972,1034,0,2,0,0,0,0,0,0,0,0,0
9156616,1035,0,2,0,0,0,0,0,0,0,0,0
9160260,1036,0,2,0,0,0,0,0,0,0,0,0
9163904,1037,0,2,0,0,0,0,0,0,0,0,0
9167548,1038,0,2,0,0,0,0,0,0,0,0,0
9171192,1039,0,2,0,0,0,0,0,0,0,0,0
9174836,1040,0,2,0,0,0,0,0,0,0,0,0
9178480,1041,0,2,0,0,0,0,0,0,0,0,0
9182124,1042,0,2,0,0,0,0,0,0,0,0,0
9185768,1043,0,2,0,0,0,0,0,0,0,0,0
9189412,1044,0,2,0,0,0,0,0,0,0,0,0
9193056,1045,0,2,0,0,0,0,0,0,0,0,0
9196700,1046,0,2,0,0,0,0,0,0,0,0,0
9200344,1047,0,2,0,0,0,0,0,0,0,0,0
9203988,1048,0,2,0,0,0,0,0,0,0,0,0
9207632,1049,0,2,0,0,0,0,0,0,0,0,0
9211276,1050,0,2,0,0,0,0,0,0,0,0,0
9214921,1051,0,2,0,0,0,0,0,0,0,0,0
9218564,1052,0,2,0,0,0,0,0,0,0,0,0
9222208,1053,0,2,0,0,0,0,0,0,0,0,0
9225852,1054,0,2,0,0,0,0,0,0,0,0,0
9229496,1055,0,2,0,0,0,0,0,0,0,0,0
9233140,1056,0,2,0,0,0,0,0,0,0,0,0
9236784,1057,0,2,0,0,0,0,0,0,0,0,0
9240428,1058,0,2,0,0,0,0,0,0,0,0,0
9244073,1059,0,2,0,0,0,0,0,0,0,0,0
9247716,1060,0,2,0,0,0,0,0,0,0,0,0
9251360,1061,0,2,0,0,0,0,0,0,0,0,0
9255005,1062,0,2,0,0,0,0,0,0,0,0,0
9258648,1063,0,2,0,0,0,0,0,0,0,0,0
9262292,1064,0,2,0,0,0,0,0,0,0,0,0
9265936,1065,0,2,0,0,0,0,0,0,0,0,0
9269580,1066,0,2,0,0,0,0,0,0,0,0,0
9273224,1067,0,2,0,0,0,0,0,0,0,0,0
9276868,1068,0,2,0,0,0,0,0,0,0,0,0
9280512,1069,0,2,0,0,0,0,0,0,0,0,0
9284156,1070,0,2,0,0,0,0,0,0,0,0,0
9287801,1071,0,2,0,0,0,0,0,0,0,0,0
9291444,1072,0,2,0,0,0,0,0,0,0,0,0
9295089,1073,0,2,0,0,0,0,0,0,0,0,0
9298732,1074,0,2,0,0,0,0,0,0,0,0,0
9302376,1075,0,2,0,0,0,0,0,0,0,0,0
9306020,1076,0,2,0,0,0,0,0,0,0,0,0
9309664,1077,0,2,0,0,0,0,0,0,0,0,0
9313308,1078,0,2,0,0,0,0,0,0,0,0,0
9316952,1079,0,2,0,0,0,0,0,0,0,0,0
9320596,1080,0,2,0,0,0,0,0,0,0,0,0
9324241,1081,0,2,0,0,0,0,0,0,0,0,0
9327884,1082,0,2,0,0,0,0,0,0,0,0,0
9331528,1083,0,2,0,0,0,0,0,0,0,0,0
9335172,1084,0,2,0,0,0,0,0,0,0,0,0
9338816,1085,0,2,0,0,0,0,0,0,0,0,0
9342460,1086,0,2,0,0,0,0,0,0,0,0,0
9346104,1087,0,2,0,0,0,0,0,0,0,0,0
9349748,1088,0,2,0,0,0,0,0,0,0,0,0
9353392,1089,0,2,0,0,0,0,0,0,0,0,0
9357036,1090,0,2,0,0,0,0,0,0,0,0,0
9360681,1091,0,2,0,0,0,0,0,0,0,0,0
9364324,1092,0,2,0,0,0,0,0,0,0,0,0
9367968,1093,0,2,0,0,0,0,0,0,0,0,0
9371612,1094,0,2,0,0,0,0,0,0,0,0,0
9375256,1095,0,2,0,0,0,0,0,0,0,0,0
9378900,1096,0,2,0,0,0,0,0,0,0,0,0
9382544,1097,0,2,0,0,0,0,0,0,0,0,0
9386188,1098,0,2,0,0,0,0,0,0,0,0,0
9389832,1099,0,2,0,0,0,0,0,0,0,0,0
9393476,1100,0,2,0,0,0,0,0,0,0,0,0
9397120,1101,0,2,0,0,0,0,0,0,0,0,0
9400764,1102,0,2,0,0,0,0,0,0,0,0,0
9404408,1103,0,2,0,0,0,0,0,0,0,0,0
9408053,1104,0,2,0,0,0,0,0,0,0,0,0
9411696,1105,0,2,0,0,0,0,0,0,0,0,0
9415340,1106,0,2,0,0,0,0,0,0,0,0,0
9418984,1107,0,2,0,0,0,0,0,0,0,0,0
9422628,1108,0,2,0,0,0,0,0,0,0,0,0
9426272,1109,0,2,0,0,0,0,0,0,0,0,0
9429916,1110,0,2,0,0,0,0,0,0,0,0,0
9433561,1111,0,2,0,0,0,0,0,0,0,0,0
9437204,1112,0,2,0,0,0,0,0,0,0,0,0
9440848,1113,0,2,0,0,0,0,0,0,0,0,0
9444492,1114,0,2,0,0,0,0,0,0,0,0,0
9448136,1115,0,2,0,0,0,0,0,0,0,0,0
9451780,1116,0,2,0,0,0,0,0,0,0,0,0
9455424,1117,0,2,0,0,0,0,0,0,0,0,0
9459068,1118,0,2,0,0,0,0,0,0,0,0,0
9462712,1119,0,2,0,0,0,0,0,0,0,0,0
9466356,1120,0,2,0,0,0,0,0,0,0,0,0
9470001,1121,0,2,0,0,0,0,0,0,0,0,0
9473644,1122,0,2,0,0,0,0,0,0,0,0,0
9477288,1123,0,2,0,0,0,0,0,0,0,0,0
9480932,1124,0,2,0,0,0,0,0,0,0,0,0
9484576,1125,0,2,0,0,0,0,0,0,0,0,0
9488220,1126,0,2,0,0,0,0,0,0,0,0,0
9491864,1127,0,2,0,0,0,0,0,0,0,0,0
9495508,1128,0,2,0,0,0,0,0,0,0,0,0
9499152,1129,0,2,0,0,0,0,0,0,0,0,0
9502796,1130,0,2,0,0,0,0,0,0,0,0,0
9506440,1131,0,2,0,0,0,0,0,0,0,0,0
9510084,1132,0,2,0,0,0,0,0,0,0,0,0
9513728,1133,0,2,0,0,0,0,0,0,0,0,0
9517372,1134,0,2,0,0,0,0,0,0,0,0,0
9521016,1135,0,2,0,0,0,0,0,0,0,0,0
9538870,1136,0,2,0,0,0,0,0,0,0,0,0
9542502,1137,0,2,0,0,0,0,0,0,0,0,0
9546146,1138,0,2,0,0,0,0,0,0,0,0,0
9549790,1139,0,2,0,0,0,0,0,0,0,0,0
9553434,1140,0,2,0,0,0,0,0,0,0,0,0
9557078,1141,0,2,0,0,0,0,0,0,0,0,0
9560722,1142,0,2,0,0,0,0,0,0,0,0,0
9564366,1143,0,2,0,0,0,0,0,0,0,0,0
9568010,1144,0,2,0,0,0,0,0,0,0,0,0
9571654,1145,0,2,0,0,0,0,0,0,0,0,0
9575298,1146,0,2,0,0,0,0,0,0,0,0,0
9578942,1147,0,2,0,0,0,0,0,0,0,0,0
9582586,1148,0,2,0,0,0,0,0,0,0,0,0
9586230,1149,0,2,0,0,0,0,0,0,0,0,0
9589874,1150,0,2,0,0,0,0,0,0,0,0,0
9593518,1151,0,2,0,0,0,0,0,0,0,0,0
9597162,1152,0,2,0,0,0,0,0,0,0,0,0
9600806,1153,0,2,0,0,0,0,0,0,0,0,0
9604450,1154,0,2,0,0,0,0,0,0,0,0,0
9608094,1155,0,2,0,0,0,0,0,0,0,0,0
9611738,1156,0,2,0,0,0,0,0,0,0,0,0
9615382,1157,0,2,0,0,0,0,0,0,0,0,0
9619026,1158,0,2,0,0,0,0,0,0,0,0,0
9622670,1159,0,2,0,0,0,0,0,0,0,0,0
9626314,1160,0,2,0,0,0,0,0,0,0,0,0
9629959,1161,0,2,0,0,0,0,0,0,0,0,0
9633602,1162,0,2,0,0,0,0,0,0,0,0,0
9637246,1163,0,2,0,0,0,0,0,0,0,0,0
9640890,1164,0,2,0,0,0,0,0,0,0,0,0
9644534,1165,0,2,0,0,0,0,0,0,0,0,0
9648178,1166,0,2,0,0,0,0,0,0,0,0,0
9651822,1167,0,2,0,0,0,0,0,0,0,0,0
9655466,1168,0,2,0,0,0,0,0,0,0,0,0
9659110,1169,0,2,0,0,0,0,0,0,0,0,0
9662754,1170,0,2,0,0,0,0,0,0,0,0,0
9666399,1171,0,2,0,0,0,0,0,0,0,0,0
9670042,1172,0,2,0,0,0,0,0,0,0,0,0
9673686,1173,0,2,0,0,0,0,0,0,0,0,0
9677330,1174,0,2,0,0,0,0,0,0,0,0,0
9680974,1175,0,2,0,0,0,0,0,0,0,0,0
9684618,1176,0,2,0,0,0,0,0,0,0,0,0
9688262,1177,0,2,0,0,0,0,0,0,0,0,0
9691906,1178,0,2,0,0,0,0,0,0,0,0,0
9695550,1179,0,2,0,0,0,0,0,0,0,0,0
9699194,1180,0,2,0,0,0,0,0,0,0,0,0
9702838,1181,0,2,0,0,0,0,0,0,0,0,0
9706482,1182,0,2,0,0,0,0,0,0,0,0,0
9710126,1183,0,2,0,0,0,0,0,0,0,0,0
9713770,1184,0,2,0,0,0,0,0,0,0,0,0
9717414,1185,0,2,0,0,0,0,0,0,0,0,0
9721058,1186,0,2,0,0,0,0,0,0,0,0,0
9724702,1187,0,2,0,0,0,0,0,0,0,0,0
9728346,1188,0,2,0,0,0,0,0,0,0,0,0
9731990,1189,0,2,0,0,0,0,0,0,0,0,0
9735634,1190,0,2,0,0,0,0,0,0,0,0,0
9739279,1191,0,2,0,0,0,0,0,0,0,0,0
9742922,1192,0,2,0,0,0,0,0,0,0,0,0
9746566,1193,0,2,0,0,0,0,0,0,0,0,0
9750210,1194,0,2,0,0,0,0,0,0,0,0,0
9753854,1195,0,2,0,0,0,0,0,0,0,0,0
9757498,1196,0,2,0,0,0,0,0,0,0,0,0
9761142,1197,0,2,0,0,0,0,0,0,0,0,0
9764786,1198,0,2,0,0,0,0,0,0,0,0,0
9768430,1199,0,2,0,0,0,0,0,0,0,0,0
9772074,1200,0,2,0,0,0,0,0,0,0,0,0
9775719,1201,0,2,0,0,0,0,0,0,0,0,0
9779362,1202,0,2,0,0,0,0,0,0,0,0,0
9783007,1203,0,2,0,0,0,0,0,0,0,0,0
9786650,1204,0,2,0,0,0,0,0,0,0,0,0
9790294,1205,0,2,0,0,0,0,0,0,0,0,0
9793938,1206,0,2,0,0,0,0,0,0,0,0,0
9797582,1207,0,2,0,0,0,0,0,0,0,0,0
9801226,1208,0,2,0,0,0,0,0,0,0,0,0
9804870,1209,0,2,0,0,0,0,0,0,0,0,0
9808514,1210,0,2,0,0,0,0,0,0,0,0,0
9812159,1211,0,2,0,0,0,0,0,0,0,0,0
9815802,1212,0,2,0,0,0,0,0,0,0,0,0
9819446,1213,0,2,0,0,0,0,0,0,0,0,0
9823090,1214,0,2,0,0,0,0,0,0,0,0,0
9826734,1215,0,2,0,0,0,0,0,0,0,0,0
9830378,1216,0,2,0,0,0,0,0,0,0,0,0
9834023,1217,0,2,0,0,0,0,0,0,0,0,0
9837666,1218,0,2,0,0,0,0,0,0,0,0,0
9841310,1219,0,2,0,0,0,0,0,0,0,0,0
9844954,1220,0,2,0,0,0,0,0,0,0,0,0
9848598,1221,0,2,0,0,0,0,0,0,0,0,0
9852242,1222,0,2,0,0,0,0,0,0,0,0,0
9855886,1223,0,2,0,0,0,0,0,0,0,0,0
9859530,1224,0,2,0,0,0,0,0,0,0,0,0
9863174,1225,0,2,0,0,0,0,0,0,0,0,0
9866818,1226,0,2,0,0,0,0,0,0,0,0,0
9870462,1227,0,2,0,0,0,0,0,0,0,0,0
9874106,1228,0,2,0,0,0,0,0,0,0,0,0
9877750,1229,0,2,0,0,0,0,0,0,0,0,0
9881394,1230,0,2,0,0,0,0,0,0,0,0,0
9885039,1231,0,2,0,0,0,0,0,0,0,0,0
9888682,1232,0,2,0,0,0,0,0,0,0,0,0
9892326,1233,0,2,0,0,0,0,0,0,0,0,0
9895970,1234,0,2,0,0,0,0,0,0,0,0,0
9899614,1235,0,2,0,0,0,0,0,0,0,0,0
9903258,1236,0,2,0,0,0,0,0,0,0,0,0
9906902,1237,0,2,0,0,0,0,0,0,0,0,0
9910546,1238,0,2,0,0,0,0,0,0,0,0,0
9914190,1239,0,2,0,0,0,0,0,0,0,0,0
9917834,1240,0,2,0,0,0,0,0,0,0,0,0
9921478,1241,0,2,0,0,0,0,0,0,0,0,0
9925122,1242,0,2,0,0,0,0,0,0,0,0,0
9928766,1243,0,2,0,0,0,0,0,0,0,0,0
9932410,1244,0,2,0,0,0,0,0,0,0,0,0
9936054,1245,0,2,0,0,0,0,0,0,0,0,0
9939698,1246,0,2,0,0,0,0,0,0,0,0,0
9943342,1247,0,2,0,0,0,0,0,0,0,0,0
9946986,1248,0,2,0,0,0,0,0,0,0,0,0
9950630,1249,0,2,0,0,0,0,0,0,0,0,0
9954274,1250,0,2,0,0,0,0,0,0,0,0,0
9957919,1251,0,2,0,0,0,0,0,0,0,0,0
9961562,1252,0,2,0,0,0,0,0,0,0,0,0
9965207,1253,0,2,0,0,0,0,0,0,0,0,0
9968850,1254,0,2,0,0,0,0,0,0,0,0,0
9972494,1255,0,2,0,0,0,0,0,0,0,0,0
9976138,1256,0,2,0,0,0,0,0,0,0,0,0
9979782,1257,0,2,0,0,0,0,0,0,0,0,0
9983426,1258,0,2,0,0,0,0,0,0,0,0,0
9987071,1259,0,2,0,0,0,0,0,0,0,0,0
9990714,1260,0,2,0,0,0,0,0,0,0,0,0
9994359,1261,0,2,0,0,0,0,0,0,0,0,0
9998003,1262,0,2,0,0,0,0,0,0,0,0,0
10001646,1263,0,2,0,0,0,0,0,0,0,0,0
10005290,1264,0,2,0,0,0,0,0,0,0,0,0
10008934,1265,0,2,0,0,0,0,0,0,0,0,0
10012578,1266,0,2,0,0,0,0,0,0,0,0,0
10016222,1267,0,2,0,0,0,0,0,0,0,0,0
10019866,1268,0,2,0,0,0,0,0,0,0,0,0
10023510,1269,0,2,0,0,0,0,0,0,0,0,0
10027154,1270,0,2,0,0,0,0,0,0,0,0,0
10030798,1271,0,2,0,0,0,0,0,0,0,0,0
10034442,1272,0,2,0,0,0,0,0,0,0,0,0
10038086,1273,0,2,0,0,0,0,0,0,0,0,0
10041730,1274,0,2,0,0,0,0,0,0,0,0,0
10045374,1275,0,2,0,0,0,0,0,0,0,0,0
10049019,1276,0,2,0,0,0,0,0,0,0,0,0
10052662,1277,0,2,0,0,0,0,0,0,0,0,0
10056306,1278,0,2,0,0,0,0,0,0,0,0,0
10059950,1279,0,2,0,0,0,0,0,0,0,0,0
10063594,1280,0,2,0,0,0,0,0,0,0,0,0
10067239,1281,0,2,0,0,0,0,0,0,0,0,0
10070882,1282,0,2,0,0,0,0,0,0,0,0,0
10074526,1283,0,2,0,0,0,0,0,0,0,0,0
10078170,1284,0,2,0,0,0,0,0,0,0,0,0
10081814,1285,0,2,0,0,0,0,0,0,0,0,0
10085458,1286,0,2,0,0,0,0,0,0,0,0,0
10089102,1287,0,2,0,0,0,0,0,0,0,0,0
10092746,1288,0,2,0,0,0,0,0,0,0,0,0
10096390,1289,0,2,0,0,0,0,0,0,0,0,0
10100035,1290,0,2,0,0,0,0,0,0,0,0,0
10103678,1291,0,2,0,0,0,0,0,0,0,0,0
10107322,1292,0,2,0,0,0,0,0,0,0,0,0
10110966,1293,0,2,0,0,0,0,0,0,0,0,0
10114610,1294,0,2,0,0,0,0,0,0,0,0,0
10118254,1295,0,2,0,0,0,0,0,0,0,0,0
10121898,1296,0,2,0,0,0,0,0,0,0,0,0
10125542,1297,0,2,0,0,0,0,0,0,0,0,0
10129186,1298,0,2,0,0,0,0,0,0,0,0,0
10132830,1299,0,2,0,0,0,0,0,0,0,0,0
10136474,1300,0,2,0,0,0,0,0,0,0,0,0
10140119,1301,0,2,0,0,0,0,0,0,0,0,0
10143762,1302,0,2,0,0,0,0,0,0,0,0,0
10147406,1303,0,2,0,0,0,0,0,0,0,0,0
10151050,1304,0,2,0,0,0,0,0,0,0,0,0
10154694,1305,0,2,0,0,0,0,0,0,0,0,0
10158338,1306,0,2,0,0,0,0,0,0,0,0,0
10161982,1307,0,2,0,0,0,0,0,0,0,0,0
10165626,1308,0,2,0,0,0,0,0,0,0,0,0
10169270,1309,0,2,0,0,0,0,0,0,0,0,0
10172914,1310,0,2,0,0,0,0,0,0,0,0,0
10176558,1311,0,2,0,0,0,0,0,0,0,0,0
10180202,1312,0,2,0,0,0,0,0,0,0,0,0
10183846,1313,0,2,0,0,0,0,0,0,0,0,0
10187490,1314,0,2,0,0,0,0,0,0,0,0,0
10191134,1315,0,2,0,0,0,0,0,0,0,0,0
10194778,1316,0,2,0,0,0,0,0,0,0,0,0
10198422,1317,0,2,0,0,0,0,0,0,0,0,0
10202066,1318,0,2,0,0,0,0,0,0,0,0,0
10205710,1319,0,2,0,0,0,0,0,0,0,0,0
10209354,1320,0,2,0,0,0,0,0,0,0,0,0
10212999,1321,0,2,0,0,0,0,0,0,0,0,0
10216642,1322,0,2,0,0,0,0,0,0,0,0,0
10220286,1323,0,2,0,0,0,0,0,0,0,0,0
10223930,1324,0,2,0,0,0,0,0,0,0,0,0
10227574,1325,0,2,0,0,0,0,0,0,0,0,0
10231218,1326,0,2,0,0,0,0,0,0,0,0,0
10234862,1327,0,2,0,0,0,0,0,0,0,0,0
10238506,1328,0,2,0,0,0,0,0,0,0,0,0
10242150,1329,0,2,0,0,0,0,0,0,0,0,0
10245794,1330,0,2,0,0,0,0,0,0,0,0,0
10249439,1331,0,2,0,0,0,0,0,0,0,0,0
10253082,1332,0,2,0,0,0,0,0,0,0,0,0
10256726,1333,0,2,0,0,0,0,0,0,0,0,0
10260370,1334,0,2,0,0,0,0,0,0,0,0,0
10264015,1335,0,2,0,0,0,0,0,0,0,0,0
10267658,1336,0,2,0,0,0,0,0,0,0,0,0
10271302,1337,0,2,0,0,0,0,0,0,0,0,0
10274946,1338,0,2,0,0,0,0,0,0,0,0,0
10278590,1339,0,2,0,0,0,0,0,0,0,0,0
10282234,1340,0,2,0,0,0,0,0,0,0,0,0
10285879,1341,0,2,0,0,0,0,0,0,0,0,0
10289522,1342,0,2,0,0,0,0,0,0,0,0,0
10293166,1343,0,2,0,0,0,0,0,0,0,0,0
10296810,1344,0,2,0,0,0,0,0,0,0,0,0
10300454,1345,0,2,0,0,0,0,0,0,0,0,0
10304098,1346,0,2,0,0,0,0,0,0,0,0,0
10307742,1347,0,2,0,0,0,0,0,0,0,0,0
10311386,1348,0,2,0,0,0,0,0,0,0,0,0
10315030,1349,0,2,0,0,0,0,0,0,0,0,0
10318674,1350,0,2,0,0,0,0,0,0,0,0,0
10322319,1351,0,2,0,0,0,0,0,0,0,0,0
10325962,1352,0,2,0,0,0,0,0,0,0,0,0
10329606,1353,0,2,0,0,0,0,0,0,0,0,0
10333250,1354,0,2,0,0,0,0,0,0,0,0,0
10336894,1355,0,2,0,0,0,0,0,0,0,0,0
10340538,1356,0,2,0,0,0,0,0,0,0,0,0
10344182,1357,0,2,0,0,0,0,0,0,0,0,0
10347826,1358,0,2,0,0,0,0,0,0,0,0,0
10351470,1359,0,2,0,0,0,0,0,0,0,0,0
10355114,1360,0,2,0,0,0,0,0,0,0,0,0
10358758,1361,0,2,0,0,0,0,0,0,0,0,0
10362402,1362,0,2,0,0,0,0,0,0,0,0,0
10374985,1363,0,2,0,0,0,0,0,0,0,0,0
10378616,1364,0,2,0,0,0,0,0,0,0,0,0
10382260,1365,0,2,0,0,0,0,0,0,0,0,0
10385904,1366,0,2,0,0,0,0,0,0,0,0,0
10389548,1367,0,2,0,0,0,0,0,0,0,0,0
10393192,1368,0,2,0,0,0,0,0,0,0,0,0
10396836,1369,0,2,0,0,0,0,0,0,0,0,0
10400480,1370,0,2,0,0,0,0,0,0,0,0,0
10404124,1371,0,2,0,0,0,0,0,0,0,0,0
10407768,1372,0,2,0,0,0,0,0,0,0,0,0
10411412,1373,0,2,0,0,0,0,0,0,0,0,0
10415056,1374,0,2,0,0,0,0,0,0,0,0,0
10418700,1375,0,2,0,0,0,0,0,0,0,0,0
10422344,1376,0,2,0,0,0,0,0,0,0,0,0
10425988,1377,0,2,0,0,0,0,0,0,0,0,0
10429632,1378,0,2,0,0,0,0,0,0,0,0,0
10433276,1379,0,2,0,0,0,0,0,0,0,0,0
10436920,1380,0,2,0,0,0,0,0,0,0,0,0
10440565,1381,0,2,0,0,0,0,0,0,0,0,0
10444208,1382,0,2,0,0,0,0,0,0,0,0,0
10447852,1383,0,2,0,0,0,0,0,0,0,0,0
10451496,1384,0,2,0,0,0,0,0,0,0,0,0
10455140,1385,0,2,0,0,0,0,0,0,0,0,0
10458784,1386,0,2,0,0,0,0,0,0,0,0,0
10462428,1387,0,2,0,0,0,0,0,0,0,0,0
10466073,1388,0,2,0,0,0,0,0,0,0,0,0
10469716,1389,0,2,0,0,0,0,0,0,0,0,0
10473360,1390,0,2,0,0,0,0,0,0,0,0,0
10477005,1391,0,2,0,0,0,0,0,0,0,0,0
10480648,1392,0,2,0,0,0,0,0,0,0,0,0
10484292,1393,0,2,0,0,0,0,0,0,0,0,0
10487936,1394,0,2,0,0,0,0,0,0,0,0,0
10491580,1395,0,2,0,0,0,0,0,0,0,0,0
10495224,1396,0,2,0,0,0,0,0,0,0,0,0
10498868,1397,0,2,0,0,0,0,0,0,0,0,0
10502512,1398,0,2,0,0,0,0,0,0,0,0,0
10506156,1399,0,2,0,0,0,0,0,0,0,0,0
10509800,1400,0,2,0,0,0,0,0,0,0,0,0
10513445,1401,0,2,0,0,0,0,0,0,0,0,0
10517088,1402,0,2,0,0,0,0,0,0,0,0,0
10520732,1403,0,2,0,0,0,0,0,0,0,0,0
10524376,1404,0,2,0,0,0,0,0,0,0,0,0
10528020,1405,0,2,0,0,0,0,0,0,0,0,0
10531664,1406,0,2,0,0,0,0,0,0,0,0,0
10535308,1407,0,2,0,0,0,0,0,0,0,0,0
10538952,1408,0,2,0,0,0,0,0,0,0,0,0
10542596,1409,0,2,0,0,0,0,0,0,0,0,0
10546240,1410,0,2,0,0,0,0,0,0,0,0,0
10549885,1411,0,2,0,0,0,0,0,0,0,0,0
10553528,1412,0,2,0,0,0,0,0,0,0,0,0
10557172,1413,0,2,0,0,0,0,0,0,0,0,0
10560816,1414,0,2,0,0,0,0,0,0,0,0,0
10564460,1415,0,2,0,0,0,0,0,0,0,0,0
10568104,1416,0,2,0,0,0,0,0,0,0,0,0
10571748,1417,0,2,0,0,0,0,0,0,0,0,0
10575392,1418,0,2,0,0,0,0,0,0,0,0,0
10579036,1419,0,2,0,0,0,0,0,0,0,0,0
10582680,1420,0,2,0,0,0,0,0,0,0,0,0
10586324,1421,0,2,0,0,0,0,0,0,0,0,0
10589968,1422,0,2,0,0,0,0,0,0,0,0,0
10593612,1423,0,2,0,0,0,0,0,0,0,0,0
10597256,1424,0,2,0,0,0,0,0,0,0,0,0
10600900,1425,0,2,0,0,0,0,0,0,0,0,0
10604544,1426,0,2,0,0,0,0,0,0,0,0,0
10608188,1427,0,2,0,0,0,0,0,0,0,0,0
10611832,1428,0,2,0,0,0,0,0,0,0,0,0
10615476,1429,0,2,0,0,0,0,0,0,0,0,0
10619120,1430,0,2,0,0,0,0,0,0,0,0,0
10622764,1431,0,2,0,0,0,0,0,0,0,0,0
10626408,1432,0,2,0,0,0,0,0,0,0,0,0
10630052,1433,0,2,0,0,0,0,0,0,0,0,0
10633696,1434,0,2,0,0,0,0,0,0,0,0,0
10637340,1435,0,2,0,0,0,0,0,0,0,0,0
10640984,1436,0,2,0,0,0,0,0,0,0,0,0
10644628,1437,0,2,0,0,0,0,0,0,0,0,0
10648272,1438,0,2,0,0,0,0,0,0,0,0,0
10651916,1439,0,2,0,0,0,0,0,0,0,0,0
10655560,1440,0,2,0,0,0,0,0,0,0,0,0
10659204,1441,0,2,0,0,0,0,0,0,0,0,0
10662848,1442,0,2,0,0,0,0,0,0,0,0,0
10666492,1443,0,2,0,0,0,0,0,0,0,0,0
10670136,1444,0,2,0,0,0,0,0,0,0,0,0
10673780,1445,0,2,0,0,0,0,0,0,0,0,0
10677424,1446,0,2,0,0,0,0,0,0,0,0,0
10681068,1447,0,2,0,0,0,0,0,0,0,0,0
10684712,1448,0,2,0,0,0,0,0,0,0,0,0
10688356,1449,0,2,0,0,0,0,0,0,0,0,0
10692001,1450,0,2,0,0,0,0,0,0,0,0,0
10695645,1451,0,2,0,0,0,0,0,0,0,0,0
10699288,1452,0,2,0,0,0,0,0,0,0,0,0
10702932,1453,0,2,0,0,0,0,0,0,0,0,0
10706576,1454,0,2,0,0,0,0,0,0,0,0,0
10710220,1455,0,2,0,0,0,0,0,0,0,0,0
10713864,1456,0,2,0,0,0,0,0,0,0,0,0
10717508,1457,0,2,0,0,0,0,0,0,0,0,0
10721152,1458,0,2,0,0,0,0,0,0,0,0,0
10724796,1459,0,2,0,0,0,0,0,0,0,0,0
10728440,1460,0,2,0,0,0,0,0,0,0,0,0
10732085,1461,0,2,0,0,0,0,0,0,0,0,0
10735728,1462,0,2,0,0,0,0,0,0,0,0,0
10739372,1463,0,2,0,0,0,0,0,0,0,0,0
10743016,1464,0,2,0,0,0,0,0,0,0,0,0
10746660,1465,0,2,0,0,0,0,0,0,0,0,0
10750304,1466,0,2,0,0,0,0,0,0,0,0,0
10753948,1467,0,2,0,0,0,0,0,0,0,0,0
10757592,1468,0,2,0,0,0,0,0,0,0,0,0
10761236,1469,0,2,0,0,0,0,0,0,0,0,0
10764880,1470,0,2,0,0,0,0,0,0,0,0,0
10768525,1471,0,2,0,0,0,0,0,0,0,0,0
10772169,1472,0,2,0,0,0,0,0,0,0,0,0
10775812,1473,0,2,0,0,0,0,0,0,0,0,0
10779456,1474,0,2,0,0,0,0,0,0,0,0,0
10783100,1475,0,2,0,0,0,0,0,0,0,0,0
10786744,1476,0,2,0,0,0,0,0,0,0,0,0
10790388,1477,0,2,0,0,0,0,0,0,0,0,0
10794033,1478,0,2,0,0,0,0,0,0,0,0,0
10797676,1479,0,2,0,0,0,0,0,0,0,0,0
10801320,1480,0,2,0,0,0,0,0,0,0,0,0
10804965,1481,0,2,0,0,0,0,0,0,0,0,0
10808608,1482,0,2,0,0,0,0,0,0,0,0,0
10812252,1483,0,2,0,0,0,0,0,0,0,0,0
10815896,1484,0,2,0,0,0,0,0,0,0,0,0
10819540,1485,0,2,0,0,0,0,0,0,0,0,0
10823184,1486,0,2,0,0,0,0,0,0,0,0,0
10826828,1487,0,2,0,0,0,0,0,0,0,0,0
10830472,1488,0,2,0,0,0,0,0,0,0,0,0
10834116,1489,0,2,0,0,0,0,0,0,0,0,0
10837760,1490,0,2,0,0,0,0,0,0,0,0,0
10841405,1491,0,2,0,0,0,0,0,0,0,0,0
10845048,1492,0,2,0,0,0,0,0,0,0,0,0
10848692,1493,0,2,0,0,0,0,0,0,0,0,0
10852336,1494,0,2,0,0,0,0,0,0,0,0,0
10855980,1495,0,2,0,0,0,0,0,0,0,0,0
10859624,1496,0,2,0,0,0,0,0,0,0,0,0
10863268,1497,0,2,0,0,0,0,0,0,0,0,0
10866912,1498,0,2,0,0,0,0,0,0,0,0,0
10870556,1499,0,2,0,0,0,0,0,0,0,0,0
10874200,1500,0,2,0,0,0,0,0,0,0,0,0
10877845,1501,0,2,0,0,0,0,0,0,0,0,0
10881488,1502,0,2,0,0,0,0,0,0,0,0,0
10885132,1503,0,2,0,0,0,0,0,0,0,0,0
10888776,1504,0,2,0,0,0,0,0,0,0,0,0
10892420,1505,0,2,0,0,0,0,0,0,0,0,0
10896064,1506,0,2,0,0,0,0,0,0,0,0,0
10899708,1507,0,2,0,0,0,0,0,0,0,0,0
10903352,1508,0,2,0,0,0,0,0,0,0,0,0
10906996,1509,0,2,0,0,0,0,0,0,0,0,0
10910640,1510,0,2,0,0,0,0,0,0,0,0,0
10914285,1511,0,2,0,0,0,0,0,0,0,0,0
10917928,1512,0,2,0,0,0,0,0,0,0,0,0
10921572,1513,0,2,0,0,0,0,0,0,0,0,0
10925216,1514,0,2,0,0,0,0,0,0,0,0,0
10928860,1515,0,2,0,0,0,0,0,0,0,0,0
10932504,1516,0,2,0,0,0,0,0,0,0,0,0
10936148,1517,0,2,0,0,0,0,0,0,0,0,0
10939792,1518,0,2,0,0,0,0,0,0,0,0,0
10943436,1519,0,2,0,0,0,0,0,0,0,0,0
10947080,1520,0,2,0,0,0,0,0,0,0,0,0
10950725,1521,0,2,0,0,0,0,0,0,0,0,0
10954368,1522,0,2,0,0,0,0,0,0,0,0,0
10958012,1523,0,2,0,0,0,0,0,0,0,0,0
10961656,1524,0,2,0,0,0,0,0,0,0,0,0
10965300,1525,0,2,0,0,0,0,0,0,0,0,0
10968944,1526,0,2,0,0,0,0,0,0,0,0,0
10972588,1527,0,2,0,0,0,0,0,0,0,0,0
10976232,1528,0,2,0,0,0,0,0,0,0,0,0
10979876,1529,0,2,0,0,0,0,0,0,0,0,0
10983520,1530,0,2,0,0,0,0,0,0,0,0,0
10987165,1531,0,2,0,0,0,0,0,0,0,0,0
10990808,1532,0,2,0,0,0,0,0,0,0,0,0
10994452,1533,0,2,0,0,0,0,0,0,0,0,0
10998096,1534,0,2,0,0,0,0,0,0,0,0,0
11001740,1535,0,2,0,0,0,0,0,0,0,0,0
11005384,1536,0,2,0,0,0,0,0,0,0,0,0
11009029,1537,0,2,0,0,0,0,0,0,0,0,0
11012672,1538,0,2,0,0,0,0,0,0,0,0,0
11016316,1539,0,2,0,0,0,0,0,0,0,0,0
11019960,1540,0,2,0,0,0,0,0,0,0,0,0
11023604,1541,0,2,0,0,0,0,0,0,0,0,0
11027248,1542,0,2,0,0,0,0,0,0,0,0,0
11030892,1543,0,2,0,0,0,0,0,0,0,0,0
11034536,1544,0,2,0,0,0,0,0,0,0,0,0
11038180,1545,0,2,0,0,0,0,0,0,0,0,0
11041824,1546,0,2,0,0,0,0,0,0,0,0,0
11045468,1547,0,2,0,0,0,0,0,0,0,0,0
11049112,1548,0,2,0,0,0,0,0,0,0,0,0
11052756,1549,0,2,0,0,0,0,0,0,0,0,0
11056400,1550,0,2,0,0,0,0,0,0,0,0,0
11060045,1551,0,2,0,0,0,0,0,0,0,0,0
11063688,1552,0,2,0,0,0,0,0,0,0,0,0
11067332,1553,0,2,0,0,0,0,0,0,0,0,0
11070976,1554,0,2,0,0,0,0,0,0,0,0,0
11074620,1555,0,2,0,0,0,0,0,0,0,0,0
11078264,1556,0,2,0,0,0,0,0,0,0,0,0
11081908,1557,0,2,0,0,0,0,0,0,0,0,0
11085552,1558,0,2,0,0,0,0,0,0,0,0,0
11089197,1559,0,2,0,0,0,0,0,0,0,0,0
11092840,1560,0,2,0,0,0,0,0,0,0,0,0
11096484,1561,0,2,0,0,0,0,0,0,0,0,0
11100128,1562,0,2,0,0,0,0,0,0,0,0,0
11103772,1563,0,2,0,0,0,0,0,0,0,0,0
11107416,1564,0,2,0,0,0,0,0,0,0,0,0
11111060,1565,0,2,0,0,0,0,0,0,0,0,0
11114704,1566,0,2,0,0,0,0,0,0,0,0,0
11118348,1567,0,2,0,0,0,0,0,0,0,0,0
11121992,1568,0,2,0,0,0,0,0,0,0,0,0
11125636,1569,0,2,0,0,0,0,0,0,0,0,0
11129280,1570,0,2,0,0,0,0,0,0,0,0,0
11132924,1571,0,2,0,0,0,0,0,0,0,0,0
11136568,1572,0,2,0,0,0,0,0,0,0,0,0
11140212,1573,0,2,0,0,0,0,0,0,0,0,0
11143856,1574,0,2,0,0,0,0,0,0,0,0,0
11147500,1575,0,2,0,0,0,0,0,0,0,0,0
11151144,1576,0,2,0,0,0,0,0,0,0,0,0
11154788,1577,0,2,0,0,0,0,0,0,0,0,0
11158432,1578,0,2,0,0,0,0,0,0,0,0,0
11162076,1579,0,2,0,0,0,0,0,0,0,0,0
11165720,1580,0,2,0,0,0,0,0,0,0,0,0
11169364,1581,0,2,0,0,0,0,0,0,0,0,0
11173008,1582,0,2,0,0,0,0,0,0,0,0,0
11176652,1583,0,2,0,0,0,0,0,0,0,0,0
11180296,1584,0,2,0,0,0,0,0,0,0,0,0
11183940,1585,0,2,0,0,0,0,0,0,0,0,0
11187584,1586,0,2,0,0,0,0,0,0,0,0,0
11191228,1587,0,2,0,0,0,0,0,0,0,0,0
11194872,1588,0,2,0,0,0,0,0,0,0,0,0
11198516,1589,0,2,0,0,0,0,0,0,0,0,0
11216849,1590,0,2,0,0,0,0,0,0,0,0,0
11220482,1591,0,2,0,0,0,0,0,0,0,0,0
11224125,1592,0,2,0,0,0,0,0,0,0,0,0
11227769,1593,0,2,0,0,0,0,0,0,0,0,0
11231413,1594,0,2,0,0,0,0,0,0,0,0,0
11235057,1595,0,2,0,0,0,0,0,0,0,0,0
11238701,1596,0,2,0,0,0,0,0,0,0,0,0
11242345,1597,0,2,0,0,0,0,0,0,0,0,0
11245989,1598,0,2,0,0,0,0,0,0,0,0,0
11249633,1599,0,2,0,0,0,0,0,0,0,0,0
11253277,1600,0,2,0,0,0,0,0,0,0,0,0
11256921,1601,0,2,0,0,0,0,0,0,0,0,0
11260565,1602,0,2,0,0,0,0,0,0,0,0,0
11264209,1603,0,2,0,0,0,0,0,0,0,0,0
11267853,1604,0,2,0,0,0,0,0,0,0,0,0
11271497,1605,0,2,0,0,0,0,0,0,0,0,0
11275141,1606,0,2,0,0,0,0,0,0,0,0,0
11278785,1607,0,2,0,0,0,0,0,0,0,0,0
11282429,1608,0,2,0,0,0,0,0,0,0,0,0
11286073,1609,0,2,0,0,0,0,0,0,0,0,0
11289717,1610,0,2,0,0,0,0,0,0,0,0,0
11293362,1611,0,2,0,0,0,0,0,0,0,0,0
11297005,1612,0,2,0,0,0,0,0,0,0,0,0
11300649,1613,0,2,0,0,0,0,0,0,0,0,0
11304293,1614,0,2,0,0,0,0,0,0,0,0,0
11307937,1615,0,2,0,0,0,0,0,0,0,0,0
11311581,1616,0,2,0,0,0,0,0,0,0,0,0
11315225,1617,0,2,0,0,0,0,0,0,0,0,0
11318869,1618,0,2,0,0,0,0,0,0,0,0,0
11322513,1619,0,2,0,0,0,0,0,0,0,0,0
11326157,1620,0,2,0,0,0,0,0,0,0,0,0
11329802,1621,0,2,0,0,0,0,0,0,0,0,0
11333445,1622,0,2,0,0,0,0,0,0,0,0,0
11337089,1623,0,2,0,0,0,0,0,0,0,0,0
11340733,1624,0,2,0,0,0,0,0,0,0,0,0
11344377,1625,0,2,0,0,0,0,0,0,0,0,0
11348021,1626,0,2,0,0,0,0,0,0,0,0,0
11351665,1627,0,2,0,0,0,0,0,0,0,0,0
11355309,1628,0,2,0,0,0,0,0,0,0,0,0
11358953,1629,0,2,0,0,0,0,0,0,0,0,0
11362597,1630,0,2,0,0,0,0,0,0,0,0,0
11366241,1631,0,2,0,0,0,0,0,0,0,0,0
11369885,1632,0,2,0,0,0,0,0,0,0,0,0
11373529,1633,0,2,0,0,0,0,0,0,0,0,0
11377173,1634,0,2,0,0,0,0,0,0,0,0,0
11380817,1635,0,2,0,0,0,0,0,0,0,0,0
11384461,1636,0,2,0,0,0,0,0,0,0,0,0
11388105,1637,0,2,0,0,0,0,0,0,0,0,0
11391749,1638,0,2,0,0,0,0,0,0,0,0,0
11395393,1639,0,2,0,0,0,0,0,0,0,0,0
11399037,1640,0,2,0,0,0,0,0,0,0,0,0
11402682,1641,0,2,0,0,0,0,0,0,0,0,0
11406325,1642,0,2,0,0,0,0,0,0,0,0,0
11409969,1643,0,2,0,0,0,0,0,0,0,0,0
11413613,1644,0,2,0,0,0,0,0,0,0,0,0
11417257,1645,0,2,0,0,0,0,0,0,0,0,0
11420901,1646,0,2,0,0,0,0,0,0,0,0,0
11424545,1647,0,2,0,0,0,0,0,0,0,0,0
11428189,1648,0,2,0,0,0,0,0,0,0,0,0
11431833,1649,0,2,0,0,0,0,0,0,0,0,0
11435477,1650,0,2,0,0,0,0,0,0,0,0,0
11439121,1651,0,2,0,0,0,0,0,0,0,0,0
11442765,1652,0,2,0,0,0,0,0,0,0,0,0
11446409,1653,0,2,0,0,0,0,0,0,0,0,0
11450053,1654,0,2,0,0,0,0,0,0,0,0,0
11453697,1655,0,2,0,0,0,0,0,0,0,0,0
11457341,1656,0,2,0,0,0,0,0,0,0,0,0
11460985,1657,0,2,0,0,0,0,0,0,0,0,0
11464629,1658,0,2,0,0,0,0,0,0,0,0,0
11468273,1659,0,2,0,0,0,0,0,0,0,0,0
11471917,1660,0,2,0,0,0,0,0,0,0,0,0
11475561,1661,0,2,0,0,0,0,0,0,0,0,0
11479205,1662,0,2,0,0,0,0,0,0,0,0,0
11482849,1663,0,2,0,0,0,0,0,0,0,0,0
11486493,1664,0,2,0,0,0,0,0,0,0,0,0
11490137,1665,0,2,0,0,0,0,0,0,0,0,0
11493781,1666,0,2,0,0,0,0,0,0,0,0,0
11497425,1667,0,2,0,0,0,0,0,0,0,0,0
11501069,1668,0,2,0,0,0,0,0,0,0,0,0
11504713,1669,0,2,0,0,0,0,0,0,0,0,0
11508357,1670,0,2,0,0,0,0,0,0,0,0,0
11512002,1671,0,2,0,0,0,0,0,0,0,0,0
11515645,1672,0,2,0,0,0,0,0,0,0,0,0
11519289,1673,0,2,0,0,0,0,0,0,0,0,0
11522933,1674,0,2,0,0,0,0,0,0,0,0,0
11526577,1675,0,2,0,0,0,0,0,0,0,0,0
11530221,1676,0,2,0,0,0,0,0,0,0,0,0
11533865,1677,0,2,0,0,0,0,0,0,0,0,0
11537509,1678,0,2,0,0,0,0,0,0,0,0,0
11541153,1679,0,2,0,0,0,0,0,0,0,0,0
11544797,1680,0,2,0,0,0,0,0,0,0,0,0
11548442,1681,0,2,0,0,0,0,0,0,0,0,0
11552085,1682,0,2,0,0,0,0,0,0,0,0,0
11555729,1683,0,2,0,0,0,0,0,0,0,0,0
11559373,1684,0,2,0,0,0,0,0,0,0,0,0
11563017,1685,0,2,0,0,0,0,0,0,0,0,0
11566661,1686,0,2,0,0,0,0,0,0,0,0,0
11570305,1687,0,2,0,0,0,0,0,0,0,0,0
11573949,1688,0,2,0,0,0,0,0,0,0,0,0
11577593,1689,0,2,0,0,0,0,0,0,0,0,0
11581237,1690,0,2,0,0,0,0,0,0,0,0,0
11584882,1691,0,2,0,0,0,0,0,0,0,0,0
11588525,1692,0,2,0,0,0,0,0,0,0,0,0
11592169,1693,0,2,0,0,0,0,0,0,0,0,0
11595813,1694,0,2,0,0,0,0,0,0,0,0,0
11599457,1695,0,2,0,0,0,0,0,0,0,0,0
11603101,1696,0,2,0,0,0,0,0,0,0,0,0
11606745,1697,0,2,0,0,0,0,0,0,0,0,0
11610389,1698,0,2,0,0,0,0,0,0,0,0,0
11614034,1699,0,2,0,0,0,0,0,0,0,0,0
11617677,1700,0,2,0,0,0,0,0,0,0,0,0
11621322,1701,0,2,0,0,0,0,0,0,0,0,0
11624965,1702,0,2,0,0,0,0,0,0,0,0,0
11628609,1703,0,2,0,0,0,0,0,0,0,0,0
11632253,1704,0,2,0,0,0,0,0,0,0,0,0
11635897,1705,0,2,0,0,0,0,0,0,0,0,0
11639541,1706,0,2,0,0,0,0,0,0,0,0,0
11643185,1707,0,2,0,0,0,0,0,0,0,0,0
11646829,1708,0,2,0,0,0,0,0,0,0,0,0
11650473,1709,0,2,0,0,0,0,0,0,0,0,0
11654117,1710,0,2,0,0,0,0,0,0,0,0,0
11657761,1711,0,2,0,0,0,0,0,0,0,0,0
11661405,1712,0,2,0,0,0,0,0,0,0,0,0
11665049,1713,0,2,0,0,0,0,0,0,0,0,0
11668693,1714,0,2,0,0,0,0,0,0,0,0,0
11672337,1715,0,2,0,0,0,0,0,0,0,0,0
11675981,1716,0,2,0,0,0,0,0,0,0,0,0
11679625,1717,0,2,0,0,0,0,0,0,0,0,0
11683269,1718,0,2,0,0,0,0,0,0,0,0,0
11686913,1719,0,2,0,0,0,0,0,0,0,0,0
11690557,1720,0,2,0,0,0,0,0,0,0,0,0
11694202,1721,0,2,0,0,0,0,0,0,0,0,0
11697845,1722,0,2,0,0,0,0,0,0,0,0,0
11701489,1723,0,2,0,0,0,0,0,0,0,0,0
11705133,1724,0,2,0,0,0,0,0,0,0,0,0
11708777,1725,0,2,0,0,0,0,0,0,0,0,0
11712421,1726,0,2,0,0,0,0,0,0,0,0,0
11716065,1727,0,2,0,0,0,0,0,0,0,0,0
11719709,1728,0,2,0,0,0,0,0,0,0,0,0
11723353,1729,0,2,0,0,0,0,0,0,0,0,0
11726997,1730,0,2,0,0,0,0,0,0,0,0,0
11730642,1731,0,2,0,0,0,0,0,0,0,0,0
11734285,1732,0,2,0,0,0,0,0,0,0,0,0
11737929,1733,0,2,0,0,0,0,0,0,0,0,0
11741573,1734,0,2,0,0,0,0,0,0,0,0,0
11745217,1735,0,2,0,0,0,0,0,0,0,0,0
11748861,1736,0,2,0,0,0,0,0,0,0,0,0
11752505,1737,0,2,0,0,0,0,0,0,0,0,0
11756149,1738,0,2,0,0,0,0,0,0,0,0,0
11759793,1739,0,2,0,0,0,0,0,0,0,0,0
11763437,1740,0,2,0,0,0,0,0,0,0,0,0
11767081,1741,0,2,0,0,0,0,0,0,0,0,0
11770725,1742,0,2,0,0,0,0,0,0,0,0,0
11774369,1743,0,2,0,0,0,0,0,0,0,0,0
11778014,1744,0,2,0,0,0,0,0,0,0,0,0
11781657,1745,0,2,0,0,0,0,0,0,0,0,0
11785301,1746,0,2,0,0,0,0,0,0,0,0,0
11788945,1747,0,2,0,0,0,0,0,0,0,0,0
11792589,1748,0,2,0,0,0,0,0,0,0,0,0
11796233,1749,0,2,0,0,0,0,0,0,0,0,0
11799877,1750,0,2,0,0,0,0,0,0,0,0,0
11803521,1751,0,2,0,0,0,0,0,0,0,0,0
11807165,1752,0,2,0,0,0,0,0,0,0,0,0
11810809,1753,0,2,0,0,0,0,0,0,0,0,0
11814453,1754,0,2,0,0,0,0,0,0,0,0,0
11818097,1755,0,2,0,0,0,0,0,0,0,0,0
11821741,1756,0,2,0,0,0,0,0,0,0,0,0
11825385,1757,0,2,0,0,0,0,0,0,0,0,0
11829029,1758,0,2,0,0,0,0,0,0,0,0,0
11832673,1759,0,2,0,0,0,0,0,0,0,0,0
11836317,1760,0,2,0,0,0,0,0,0,0,0,0
11839962,1761,0,2,0,0,0,0,0,0,0,0,0
11843605,1762,0,2,0,0,0,0,0,0,0,0,0
11847249,1763,0,2,0,0,0,0,0,0,0,0,0
11850893,1764,0,2,0,0,0,0,0,0,0,0,0
11854537,1765,0,2,0,0,0,0,0,0,0,0,0
11858181,1766,0,2,0,0,0,0,0,0,0,0,0
11861825,1767,0,2,0,0,0,0,0,0,0,0,0
11865469,1768,0,2,0,0,0,0,0,0,0,0,0
11869113,1769,0,2,0,0,0,0,0,0,0,0,0
11872757,1770,0,2,0,0,0,0,0,0,0,0,0
11876402,1771,0,2,0,0,0,0,0,0,0,0,0
11880045,1772,0,2,0,0,0,0,0,0,0,0,0
11883689,1773,0,2,0,0,0,0,0,0,0,0,0
11887333,1774,0,2,0,0,0,0,0,0,0,0,0
11890977,1775,0,2,0,0,0,0,0,0,0,0,0
11894621,1776,0,2,0,0,0,0,0,0,0,0,0
11898265,1777,0,2,0,0,0,0,0,0,0,0,0
11901909,1778,0,2,0,0,0,0,0,0,0,0,0
11905553,1779,0,2,0,0,0,0,0,0,0,0,0
11909197,1780,0,2,0,0,0,0,0,0,0,0,0
11912842,1781,0,2,0,0,0,0,0,0,0,0,0
11916485,1782,0,2,0,0,0,0,0,0,0,0,0
11920129,1783,0,2,0,0,0,0,0,0,0,0,0
11923773,1784,0,2,0,0,0,0,0,0,0,0,0
11927417,1785,0,2,0,0,0,0,0,0,0,0,0
11931062,1786,0,2,0,0,0,0,0,0,0,0,0
11934705,1787,0,2,0,0,0,0,0,0,0,0,0
11938349,1788,0,2,0,0,0,0,0,0,0,0,0
11941993,1789,0,2,0,0,0,0,0,0,0,0,0
11945637,1790,0,2,0,0,0,0,0,0,0,0,0
11949281,1791,0,2,0,0,0,0,0,0,0,0,0
11952925,1792,0,2,0,0,0,0,0,0,0,0,0
11956569,1793,0,2,0,0,0,0,0,0,0,0,0
11960213,1794,0,2,0,0,0,0,0,0,0,0,0
11963857,1795,0,2,0,0,0,0,0,0,0,0,0
11967501,1796,0,2,0,0,0,0,0,0,0,0,0
11971145,1797,0,2,0,0,0,0,0,0,0,0,0
11974789,1798,0,2,0,0,0,0,0,0,0,0,0
11978433,1799,0,2,0,0,0,0,0,0,0,0,0
11982077,1800,0,2,0,0,0,0,0,0,0,0,0
11985722,1801,0,2,0,0,0,0,0,0,0,0,0
11989365,1802,0,2,0,0,0,0,0,0,0,0,0
11993009,1803,0,2,0,0,0,0,0,0,0,0,0
11996653,1804,0,2,0,0,0,0,0,0,0,0,0
12000297,1805,0,2,0,0,0,0,0,0,0,0,0
12003941,1806,0,2,0,0,0,0,0,0,0,0,0
12007585,1807,0,2,0,0,0,0,0,0,0,0,0
12011229,1808,0,2,0,0,0,0,0,0,0,0,0
12014873,1809,0,2,0,0,0,0,0,0,0,0,0
12018517,1810,0,2,0,0,0,0,0,0,0,0,0
12022162,1811,0,2,0,0,0,0,0,0,0,0,0
12025805,1812,0,2,0,0,0,0,0,0,0,0,0
12029449,1813,0,2,0,0,0,0,0,0,0,0,0
12033093,1814,0,2,0,0,0,0,0,0,0,0,0
12036737,1815,0,2,0,0,0,0,0,0,0,0,0
12040381,1816,0,2,0,0,0,0,0,0,0,0,0
12052665,1817,0,2,0,0,0,0,0,0,0,0,0
12056297,1818,0,2,0,0,0,0,0,0,0,0,0
12059941,1819,0,2,0,0,0,0,0,0,0,0,0
12063585,1820,0,2,0,0,0,0,0,0,0,0,0
12067229,1821,0,2,0,0,0,0,0,0,0,0,0
12070873,1822,0,2,0,0,0,0,0,0,0,0,0
12074517,1823,0,2,0,0,0,0,0,0,0,0,0
12078161,1824,0,2,0,0,0,0,0,0,0,0,0
12081805,1825,0,2,0,0,0,0,0,0,0,0,0
12085449,1826,0,2,0,0,0,0,0,0,0,0,0
12089093,1827,0,2,0,0,0,0,0,0,0,0,0
12092737,1828,0,2,0,0,0,0,0,0,0,0,0
12096381,1829,0,2,0,0,0,0,0,0,0,0,0
12100026,1830,0,2,0,0,0,0,0,0,0,0,0
12103669,1831,0,2,0,0,0,0,0,0,0,0,0
12107313,1832,0,2,0,0,0,0,0,0,0,0,0
12110957,1833,0,2,0,0,0,0,0,0,0,0,0
12114601,1834,0,2,0,0,0,0,0,0,0,0,0
12118245,1835,0,2,0,0,0,0,0,0,0,0,0
12121889,1836,0,2,0,0,0,0,0,0,0,0,0
12125533,1837,0,2,0,0,0,0,0,0,0,0,0
12129177,1838,0,2,0,0,0,0,0,0,0,0,0
12132821,1839,0,2,0,0,0,0,0,0,0,0,0
12136465,1840,0,2,0,0,0,0,0,0,0,0,0
12140109,1841,0,2,0,0,0,0,0,0,0,0,0
12143753,1842,0,2,0,0,0,0,0,0,0,0,0
12147397,1843,0,2,0,0,0,0,0,0,0,0,0
12151041,1844,0,2,0,0,0,0,0,0,0,0,0
12154685,1845,0,2,0,0,0,0,0,0,0,0,0
12158329,1846,0,2,0,0,0,0,0,0,0,0,0
12161973,1847,0,2,0,0,0,0,0,0,0,0,0
12165617,1848,0,2,0,0,0,0,0,0,0,0,0
12169261,1849,0,2,0,0,0,0,0,0,0,0,0
12172905,1850,0,2,0,0,0,0,0,0,0,0,0
12176549,1851,0,2,0,0,0,0,0,0,0,0,0
12180193,1852,0,2,0,0,0,0,0,0,0,0,0
12183837,1853,0,2,0,0,0,0,0,0,0,0,0
12187481,1854,0,2,0,0,0,0,0,0,0,0,0
12191125,1855,0,2,0,0,0,0,0,0,0,0,0
12194769,1856,0,2,0,0,0,0,0,0,0,0,0
12198413,1857,0,2,0,0,0,0,0,0,0,0,0
12202057,1858,0,2,0,0,0,0,0,0,0,0,0
12205701,1859,0,2,0,0,0,0,0,0,0,0,0
12209345,1860,0,2,0,0,0,0,0,0,0,0,0
12212990,1861,0,2,0,0,0,0,0,0,0,0,0
12216633,1862,0,2,0,0,0,0,0,0,0,0,0
12220277,1863,0,2,0,0,0,0,0,0,0,0,0
12223921,1864,0,2,0,0,0,0,0,0,0,0,0
12227565,1865,0,2,0,0,0,0,0,0,0,0,0
12231209,1866,0,2,0,0,0,0,0,0,0,0,0
12234853,1867,0,2,0,0,0,0,0,0,0,0,0
12238497,1868,0,2,0,0,0,0,0,0,0,0,0
12242141,1869,0,2,0,0,0,0,0,0,0,0,0
12245785,1870,0,2,0,0,0,0,0,0,0,0,0
12249429,1871,0,2,0,0,0,0,0,0,0,0,0
12253073,1872,0,2,0,0,0,0,0,0,0,0,0
12256717,1873,0,2,0,0,0,0,0,0,0,0,0
12260361,1874,0,2,0,0,0,0,0,0,0,0,0
12264005,1875,0,2,0,0,0,0,0,0,0,0,0
12267649,1876,0,2,0,0,0,0,0,0,0,0,0
12271293,1877,0,2,0,0,0,0,0,0,0,0,0
12274937,1878,0,2,0,0,0,0,0,0,0,0,0
12278581,1879,0,2,0,0,0,0,0,0,0,0,0
12282225,1880,0,2,0,0,0,0,0,0,0,0,0
12285870,1881,0,2,0,0,0,0,0,0,0,0,0
12289513,1882,0,2,0,0,0,0,0,0,0,0,0
12293157,1883,0,2,0,0,0,0,0,0,0,0,0
12296801,1884,0,2,0,0,0,0,0,0,0,0,0
12300445,1885,0,2,0,0,0,0,0,0,0,0,0
12304089,1886,0,2,0,0,0,0,0,0,0,0,0
12307733,1887,0,2,0,0,0,0,0,0,0,0,0
12311377,1888,0,2,0,0,0,0,0,0,0,0,0
12315021,1889,0,2,0,0,0,0,0,0,0,0,0
12318665,1890,0,2,0,0,0,0,0,0,0,0,0
12322310,1891,0,2,0,0,0,0,0,0,0,0,0
12325953,1892,0,2,0,0,0,0,0,0,0,0,0
12329597,1893,0,2,0,0,0,0,0,0,0,0,0
12333241,1894,0,2,0,0,0,0,0,0,0,0,0
12336885,1895,0,2,0,0,0,0,0,0,0,0,0
12340529,1896,0,2,0,0,0,0,0,0,0,0,0
12344173,1897,0,2,0,0,0,0,0,0,0,0,0
12347817,1898,0,2,0,0,0,0,0,0,0,0,0
12351461,1899,0,2,0,0,0,0,0,0,0,0,0
12355105,1900,0,2,0,0,0,0,0,0,0,0,0
12358749,1901,0,2,0,0,0,0,0,0,0,0,0
12362393,1902,0,2,0,0,0,0,0,0,0,0,0
12366037,1903,0,2,0,0,0,0,0,0,0,0,0
12369681,1904,0,2,0,0,0,0,0,0,0,0,0
12373325,1905,0,2,0,0,0,0,0,0,0,0,0
12376969,1906,0,2,0,0,0,0,0,0,0,0,0
12380613,1907,0,2,0,0,0,0,0,0,0,0,0
12384257,1908,0,2,0,0,0,0,0,0,0,0,0
12387901,1909,0,2,0,0,0,0,0,0,0,0,0
12391545,1910,0,2,0,0,0,0,0,0,0,0,0
12395189,1911,0,2,0,0,0,0,0,0,0,0,0
12398833,1912,0,2,0,0,0,0,0,0,0,0,0
12402477,1913,0,2,0,0,0,0,0,0,0,0,0
12406121,1914,0,2,0,0,0,0,0,0,0,0,0
12409765,1915,0,2,0,0,0,0,0,0,0,0,0
12413409,1916,0,2,0,0,0,0,0,0,0,0,0
12417053,1917,0,2,0,0,0,0,0,0,0,0,0
12420697,1918,0,2,0,0,0,0,0,0,0,0,0
12424341,1919,0,2,0,0,0,0,0,0,0,0,0
12427985,1920,0,2,0,0,0,0,0,0,0,0,0
12431629,1921,0,2,0,0,0,0,0,0,0,0,0
12435273,1922,0,2,0,0,0,0,0,0,0,0,0
12438917,1923,0,2,0,0,0,0,0,0,0,0,0
12442561,1924,0,2,0,0,0,0,0,0,0,0,0
12446205,1925,0,2,0,0,0,0,0,0,0,0,0
12449849,1926,0,2,0,0,0,0,0,0,0,0,0
12453493,1927,0,2,0,0,0,0,0,0,0,0,0
12457137,1928,0,2,0,0,0,0,0,0,0,0,0
12460781,1929,0,2,0,0,0,0,0,0,0,0,0
12464425,1930,0,2,0,0,0,0,0,0,0,0,0
12468070,1931,0,2,0,0,0,0,0,0,0,0,0
12471713,1932,0,2,0,0,0,0,0,0,0,0,0
12475357,1933,0,2,0,0,0,0,0,0,0,0,0
12479001,1934,0,2,0,0,0,0,0,0,0,0,0
12482645,1935,0,2,0,0,0,0,0,0,0,0,0
12486289,1936,0,2,0,0,0,0,0,0,0,0,0
12489933,1937,0,2,0,0,0,0,0,0,0,0,0
12493577,1938,0,2,0,0,0,0,0,0,0,0,0
12497221,1939,0,2,0,0,0,0,0,0,0,0,0
12500865,1940,0,2,0,0,0,0,0,0,0,0,0
12504509,1941,0,2,0,0,0,0,0,0,0,0,0
12508153,1942,0,2,0,0,0,0,0,0,0,0,0
12511797,1943,0,2,0,0,0,0,0,0,0,0,0
12515441,1944,0,2,0,0,0,0,0,0,0,0,0
12519085,1945,0,2,0,0,0,0,0,0,0,0,0
12522729,1946,0,2,0,0,0,0,0,0,0,0,0
12526373,1947,0,2,0,0,0,0,0,0,0,0,0
12530017,1948,0,2,0,0,0,0,0,0,0,0,0
12533661,1949,0,2,0,0,0,0,0,0,0,0,0
12537305,1950,0,2,0,0,0,0,0,0,0,0,0
12540950,1951,0,2,0,0,0,0,0,0,0,0,0
12544593,1952,0,2,0,0,0,0,0,0,0,0,0
12548237,1953,0,2,0,0,0,0,0,0,0,0,0
12551881,1954,0,2,0,0,0,0,0,0,0,0,0
12555525,1955,0,2,0,0,0,0,0,0,0,0,0
12559169,1956,0,2,0,0,0,0,0,0,0,0,0
12562813,1957,0,2,0,0,0,0,0,0,0,0,0
12566457,1958,0,2,0,0,0,0,0,0,0,0,0
12570101,1959,0,2,0,0,0,0,0,0,0,0,0
12573745,1960,0,2,0,0,0,0,0,0,0,0,0
12577389,1961,0,2,0,0,0,0,0,0,0,0,0
12581034,1962,0,2,0,0,0,0,0,0,0,0,0
12584677,1963,0,2,0,0,0,0,0,0,0,0,0
12588321,1964,0,2,0,0,0,0,0,0,0,0,0
12591965,1965,0,2,0,0,0,0,0,0,0,0,0
12595609,1966,0,2,0,0,0,0,0,0,0,0,0
12599253,1967,0,2,0,0,0,0,0,0,0,0,0
12602897,1968,0,2,0,0,0,0,0,0,0,0,0
12606541,1969,0,2,0,0,0,0,0,0,0,0,0
12610185,1970,0,2,0,0,0,0,0,0,0,0,0
12613830,1971,0,2,0,0,0,0,0,0,0,0,0
12617473,1972,0,2,0,0,0,0,0,0,0,0,0
12621117,1973,0,2,0,0,0,0,0,0,0,0,0
12624761,1974,0,2,0,0,0,0,0,0,0,0,0
12628405,1975,0,2,0,0,0,0,0,0,0,0,0
12632050,1976,0,2,0,0,0,0,0,0,0,0,0
12635693,1977,0,2,0,0,0,0,0,0,0,0,0
12639337,1978,0,2,0,0,0,0,0,0,0,0,0
12642981,1979,0,2,0,0,0,0,0,0,0,0,0
12646625,1980,0,2,0,0,0,0,0,0,0,0,0
12650269,1981,0,2,0,0,0,0,0,0,0,0,0
12653913,1982,0,2,0,0,0,0,0,0,0,0,0
12657557,1983,0,2,0,0,0,0,0,0,0,0,0
12661201,1984,0,2,0,0,0,0,0,0,0,0,0
12664845,1985,0,2,0,0,0,0,0,0,0,0,0
12668489,1986,0,2,0,0,0,0,0,0,0,0,0
12672133,1987,0,2,0,0,0,0,0,0,0,0,0
12675777,1988,0,2,0,0,0,0,0,0,0,0,0
12679421,1989,0,2,0,0,0,0,0,0,0,0,0
12683065,1990,0,2,0,0,0,0,0,0,0,0,0
12686710,1991,0,2,0,0,0,0,0,0,0,0,0
12690353,1992,0,2,0,0,0,0,0,0,0,0,0
12693997,1993,0,2,0,0,0,0,0,0,0,0,0
12697641,1994,0,2,0,0,0,0,0,0,0,0,0
12701285,1995,0,2,0,0,0,0,0,0,0,0,0
12704929,1996,0,2,0,0,0,0,0,0,0,0,0
12708573,1997,0,2,0,0,0,0,0,0,0,0,0
12712217,1998,0,2,0,0,0,0,0,0,0,0,0
12715861,1999,0,2,0,0,0,0,0,0,0,0,0
12719505,2000,0,2,0,0,0,0,0,0,0,0,0
12723150,2001,0,2,0,0,0,0,0,0,0,0,0
12726793,2002,0,2,0,0,0,0,0,0,0,0,0
12730437,2003,0,2,0,0,0,0,0,0,0,0,0
12734081,2004,0,2,0,0,0,0,0,0,0,0,0
12737725,2005,0,2,0,0,0,0,0,0,0,0,0
12741369,2006,0,2,0,0,0,0,0,0,0,0,0
12745014,2007,0,2,0,0,0,0,0,0,0,0,0
12748657,2008,0,2,0,0,0,0,0,0,0,0,0
12752301,2009,0,2,0,0,0,0,0,0,0,0,0
12755945,2010,0,2,0,0,0,0,0,0,0,0,0
12759589,2011,0,2,0,0,0,0,0,0,0,0,0
12763233,2012,0,2,0,0,0,0,0,0,0,0,0
12766877,2013,0,2,0,0,0,0,0,0,0,0,0
12770521,2014,0,2,0,0,0,0,0,0,0,0,0
12774165,2015,0,2,0,0,0,0,0,0,0,0,0
12777809,2016,0,2,0,0,0,0,0,0,0,0,0
12781453,2017,0,2,0,0,0,0,0,0,0,0,0
12785097,2018,0,2,0,0,0,0,0,0,0,0,0
12788741,2019,0,2,0,0,0,0,0,0,0,0,0
12792385,2020,0,2,0,0,0,0,0,0,0,0,0
12796030,2021,0,2,0,0,0,0,0,0,0,0,0
12799673,2022,0,2,0,0,0,0,0,0,0,0,0
12803317,2023,0,2,0,0,0,0,0,0,0,0,0
12806961,2024,0,2,0,0,0,0,0,0,0,0,0
12810605,2025,0,2,0,0,0,0,0,0,0,0,0
12814249,2026,0,2,0,0,0,0,0,0,0,0,0
12817893,2027,0,2,0,0,0,0,0,0,0,0,0
12821537,2028,0,2,0,0,0,0,0,0,0,0,0
12825181,2029,0,2,0,0,0,0,0,0,0,0,0
12828825,2030,0,2,0,0,0,0,0,0,0,0,0
12832470,2031,0,2,0,0,0,0,0,0,0,0,0
12836113,2032,0,2,0,0,0,0,0,0,0,0,0
12839757,2033,0,2,0,0,0,0,0,0,0,0,0
12843401,2034,0,2,0,0,0,0,0,0,0,0,0
12847045,2035,0,2,0,0,0,0,0,0,0,0,0
12850689,2036,0,2,0,0,0,0,0,0,0,0,0
12854333,2037,0,2,0,0,0,0,0,0,0,0,0
12857977,2038,0,2,0,0,0,0,0,0,0,0,0
12861621,2039,0,2,0,0,0,0,0,0,0,0,0
12865265,2040,0,2,0,0,0,0,0,0,0,0,0
12868910,2041,0,2,0,0,0,0,0,0,0,0,0
12872553,2042,0,2,0,0,0,0,0,0,0,0,0
12876197,2043,0,2,0,0,0,0,0,0,0,0,0
12894062,2044,0,2,0,0,0,0,0,0,0,0,0
12897693,2045,0,2,0,0,0,0,0,0,0,0,0
12901337,2046,0,2,0,0,0,0,0,0,0,0,0
12904981,2047,0,2,0,0,0,0,0,0,0,0,0
12908625,2048,0,2,0,0,0,0,0,0,0,0,0
12912269,2049,0,2,0,0,0,0,0,0,0,0,0
12915913,2050,0,2,0,0,0,0,0,0,0,0,0
12919557,2051,0,2,0,0,0,0,0,0,0,0,0
12923201,2052,0,2,0,0,0,0,0,0,0,0,0
12926845,2053,0,2,0,0,0,0,0,0,0,0,0
12930489,2054,0,2,0,0,0,0,0,0,0,0,0
12934133,2055,0,2,0,0,0,0,0,0,0,0,0
12937777,2056,0,2,0,0,0,0,0,0,0,0,0
12941421,2057,0,2,0,0,0,0,0,0,0,0,0
12945065,2058,0,2,0,0,0,0,0,0,0,0,0
12948709,2059,0,2,0,0,0,0,0,0,0,0,0
12952353,2060,0,2,0,0,0,0,0,0,0,0,0
12955998,2061,0,2,0,0,0,0,0,0,0,0,0
12959641,2062,0,2,0,0,0,0,0,0,0,0,0
12963285,2063,0,2,0,0,0,0,0,0,0,0,0
12966929,2064,0,2,0,0,0,0,0,0,0,0,0
12970573,2065,0,2,0,0,0,0,0,0,0,0,0
12974217,2066,0,2,0,0,0,0,0,0,0,0,0
12977861,2067,0,2,0,0,0,0,0,0,0,0,0
12981505,2068,0,2,0,0,0,0,0,0,0,0,0
12985149,2069,0,2,0,0,0,0,0,0,0,0,0
12988793,2070,0,2,0,0,0,0,0,0,0,0,0
12992438,2071,0,2,0,0,0,0,0,0,0,0,0
12996081,2072,0,2,0,0,0,0,0,0,0,0,0
12999725,2073,0,2,0,0,0,0,0,0,0,0,0
13003369,2074,0,2,0,0,0,0,0,0,0,0,0
13007014,2075,0,2,0,0,0,0,0,0,0,0,0
13010657,2076,0,2,0,0,0,0,0,0,0,0,0
13014301,2077,0,2,0,0,0,0,0,0,0,0,0
13017945,2078,0,2,0,0,0,0,0,0,0,0,0
13021589,2079,0,2,0,0,0,0,0,0,0,0,0
13025233,2080,0,2,0,0,0,0,0,0,0,0,0
13028878,2081,0,2,0,0,0,0,0,0,0,0,0
13032521,2082,0,2,0,0,0,0,0,0,0,0,0
13036165,2083,0,2,0,0,0,0,0,0,0,0,0
13039809,2084,0,2,0,0,0,0,0,0,0,0,0
13043453,2085,0,2,0,0,0,0,0,0,0,0,0
13047097,2086,0,2,0,0,0,0,0,0,0,0,0
13050741,2087,0,2,0,0,0,0,0,0,0,0,0
13054385,2088,0,2,0,0,0,0,0,0,0,0,0
13058029,2089,0,2,0,0,0,0,0,0,0,0,0
13061673,2090,0,2,0,0,0,0,0,0,0,0,0
13065318,2091,0,2,0,0,0,0,0,0,0,0,0
13068961,2092,0,2,0,0,0,0,0,0,0,0,0
13072605,2093,0,2,0,0,0,0,0,0,0,0,0
13076249,2094,0,2,0,0,0,0,0,0,0,0,0
13079893,2095,0,2,0,0,0,0,0,0,0,0,0
13083537,2096,0,2,0,0,0,0,0,0,0,0,0
13087181,2097,0,2,0,0,0,0,0,0,0,0,0
13090825,2098,0,2,0,0,0,0,0,0,0,0,0
13094469,2099,0,2,0,0,0,0,0,0,0,0,0
13098113,2100,0,2,0,0,0,0,0,0,0,0,0
13101758,2101,0,2,0,0,0,0,0,0,0,0,0
13105401,2102,0,2,0,0,0,0,0,0,0,0,0
13109045,2103,0,2,0,0,0,0,0,0,0,0,0
13112689,2104,0,2,0,0,0,0,0,0,0,0,0
13116333,2105,0,2,0,0,0,0,0,0,0,0,0
13119977,2106,0,2,0,0,0,0,0,0,0,0,0
13123621,2107,0,2,0,0,0,0,0,0,0,0,0
13127265,2108,0,2,0,0,0,0,0,0,0,0,0
13130909,2109,0,2,0,0,0,0,0,0,0,0,0
13134553,2110,0,2,0,0,0,0,0,0,0,0,0
13138197,2111,0,2,0,0,0,0,0,0,0,0,0
13141841,2112,0,2,0,0,0,0,0,0,0,0,0
13145485,2113,0,2,0,0,0,0,0,0,0,0,0
13149129,2114,0,2,0,0,0,0,0,0,0,0,0
13152773,2115,0,2,0,0,0,0,0,0,0,0,0
13156417,2116,0,2,0,0,0,0,0,0,0,0,0
13160062,2117,0,2,0,0,0,0,0,0,0,0,0
13163705,2118,0,2,0,0,0,0,0,0,0,0,0
13167349,2119,0,2,0,0,0,0,0,0,0,0,0
13170993,2120,0,2,0,0,0,0,0,0,0,0,0
13174638,2121,0,2,0,0,0,0,0,0,0,0,0
13178281,2122,0,2,0,0,0,0,0,0,0,0,0
13181925,2123,0,2,0,0,0,0,0,0,0,0,0
13185569,2124,0,2,0,0,0,0,0,0,0,0,0
13189213,2125,0,2,0,0,0,0,0,0,0,0,0
13192857,2126,0,2,0,0,0,0,0,0,0,0,0
13196501,2127,0,2,0,0,0,0,0,0,0,0,0
13200145,2128,0,2,0,0,0,0,0,0,0,0,0
13203789,2129,0,2,0,0,0,0,0,0,0,0,0
13207433,2130,0,2,0,0,0,0,0,0,0,0,0
13211078,2131,0,2,0,0,0,0,0,0,0,0,0
13214721,2132,0,2,0,0,0,0,0,0,0,0,0
13218365,2133,0,2,0,0,0,0,0,0,0,0,0
13222009,2134,0,2,0,0,0,0,0,0,0,0,0
13225653,2135,0,2,0,0,0,0,0,0,0,0,0
13229297,2136,0,2,0,0,0,0,0,0,0,0,0
13232941,2137,0,2,0,0,0,0,0,0,0,0,0
13236585,2138,0,2,0,0,0,0,0,0,0,0,0
13240229,2139,0,2,0,0,0,0,0,0,0,0,0
13243873,2140,0,2,0,0,0,0,0,0,0,0,0
13247517,2141,0,2,0,0,0,0,0,0,0,0,0
13251161,2142,0,2,0,0,0,0,0,0,0,0,0
13254805,2143,0,2,0,0,0,0,0,0,0,0,0
13258449,2144,0,2,0,0,0,0,0,0,0,0,0
13262093,2145,0,2,0,0,0,0,0,0,0,0,0
13265737,2146,0,2,0,0,0,0,0,0,0,0,0
13269381,2147,0,2,0,0,0,0,0,0,0,0,0
13273026,2148,0,2,0,0,0,0,0,0,0,0,0
13276669,2149,0,2,0,0,0,0,0,0,0,0,0
13280313,2150,0,2,0,0,0,0,0,0,0,0,0
13283958,2151,0,2,0,0,0,0,0,0,0,0,0
13287601,2152,0,2,0,0,0,0,0,0,0,0,0
13291245,2153,0,2,0,0,0,0,0,0,0,0,0
13294889,2154,0,2,0,0,0,0,0,0,0,0,0
13298533,2155,0,2,0,0,0,0,0,0,0,0,0
13302177,2156,0,2,0,0,0,0,0,0,0,0,0
13305821,2157,0,2,0,0,0,0,0,0,0,0,0
13309465,2158,0,2,0,0,0,0,0,0,0,0,0
13313109,2159,0,2,0,0,0,0,0,0,0,0,0
13316753,2160,0,2,0,0,0,0,0,0,0,0,0
13320398,2161,0,2,0,0,0,0,0,0,0,0,0
13324041,2162,0,2,0,0,0,0,0,0,0,0,0
13327685,2163,0,2,0,0,0,0,0,0,0,0,0
13331329,2164,0,2,0,0,0,0,0,0,0,0,0
13334973,2165,0,2,0,0,0,0,0,0,0,0,0
13338617,2166,0,2,0,0,0,0,0,0,0,0,0
13342261,2167,0,2,0,0,0,0,0,0,0,0,0
13345905,2168,0,2,0,0,0,0,0,0,0,0,0
13349549,2169,0,2,0,0,0,0,0,0,0,0,0
13353193,2170,0,2,0,0,0,0,0,0,0,0,0
13356837,2171,0,2,0,0,0,0,0,0,0,0,0
13360481,2172,0,2,0,0,0,0,0,0,0,0,0
13364125,2173,0,2,0,0,0,0,0,0,0,0,0
13367769,2174,0,2,0,0,0,0,0,0,0,0,0
13371413,2175,0,2,0,0,0,0,0,0,0,0,0
13375057,2176,0,2,0,0,0,0,0,0,0,0,0
13378701,2177,0,2,0,0,0,0,0,0,0,0,0
13382345,2178,0,2,0,0,0,0,0,0,0,0,0
13385989,2179,0,2,0,0,0,0,0,0,0,0,0
13389633,2180,0,2,0,0,0,0,0,0,0,0,0
13393277,2181,0,2,0,0,0,0,0,0,0,0,0
13396921,2182,0,2,0,0,0,0,0,0,0,0,0
13400565,2183,0,2,0,0,0,0,0,0,0,0,0
13404209,2184,0,2,0,0,0,0,0,0,0,0,0
13407853,2185,0,2,0,0,0,0,0,0,0,0,0
13411497,2186,0,2,0,0,0,0,0,0,0,0,0
13415141,2187,0,2,0,0,0,0,0,0,0,0,0
13418785,2188,0,2,0,0,0,0,0,0,0,0,0
13422429,2189,0,2,0,0,0,0,0,0,0,0,0
13426073,2190,0,2,0,0,0,0,0,0,0,0,0
13429718,2191,0,2,0,0,0,0,0,0,0,0,0
13433361,2192,0,2,0,0,0,0,0,0,0,0,0
13437005,2193,0,2,0,0,0,0,0,0,0,0,0
13440649,2194,0,2,0,0,0,0,0,0,0,0,0
13444293,2195,0,2,0,0,0,0,0,0,0,0,0
13447937,2196,0,2,0,0,0,0,0,0,0,0,0
13451581,2197,0,2,0,0,0,0,0,0,0,0,0
13455225,2198,0,2,0,0,0,0,0,0,0,0,0
13458869,2199,0,2,0,0,0,0,0,0,0,0,0
13462513,2200,0,2,0,0,0,0,0,0,0,0,0
13466157,2201,0,2,0,0,0,0,0,0,0,0,0
13469801,2202,0,2,0,0,0,0,0,0,0,0,0
13473445,2203,0,2,0,0,0,0,0,0,0,0,0
13477089,2204,0,2,0,0,0,0,0,0,0,0,0
13480733,2205,0,2,0,0,0,0,0,0,0,0,0
13484377,2206,0,2,0,0,0,0,0,0,0,0,0
13488021,2207,0,2,0,0,0,0,0,0,0,0,0
13491665,2208,0,2,0,0,0,0,0,0,0,0,0
13495309,2209,0,2,0,0,0,0,0,0,0,0,0
13498953,2210,0,2,0,0,0,0,0,0,0,0,0
13502598,2211,0,2,0,0,0,0,0,0,0,0,0
13506241,2212,0,2,0,0,0,0,0,0,0,0,0
13509885,2213,0,2,0,0,0,0,0,0,0,0,0
13513529,2214,0,2,0,0,0,0,0,0,0,0,0
13517173,2215,0,2,0,0,0,0,0,0,0,0,0
13520817,2216,0,2,0,0,0,0,0,0,0,0,0
13524461,2217,0,2,0,0,0,0,0,0,0,0,0
13528105,2218,0,2,0,0,0,0,0,0,0,0,0
13531749,2219,0,2,0,0,0,0,0,0,0,0,0
13535393,2220,0,2,0,0,0,0,0,0,0,0,0
13539038,2221,0,2,0,0,0,0,0,0,0,0,0
13542681,2222,0,2,0,0,0,0,0,0,0,0,0
13546325,2223,0,2,0,0,0,0,0,0,0,0,0
13549969,2224,0,2,0,0,0,0,0,0,0,0,0
13553613,2225,0,2,0,0,0,0,0,0,0,0,0
13557257,2226,0,2,0,0,0,0,0,0,0,0,0
13560901,2227,0,2,0,0,0,0,0,0,0,0,0
13564545,2228,0,2,0,0,0,0,0,0,0,0,0
13568189,2229,0,2,0,0,0,0,0,0,0,0,0
13571833,2230,0,2,0,0,0,0,0,0,0,0,0
13575478,2231,0,2,0,0,0,0,0,0,0,0,0
13579121,2232,0,2,0,0,0,0,0,0,0,0,0
13582765,2233,0,2,0,0,0,0,0,0,0,0,0
13586409,2234,0,2,0,0,0,0,0,0,0,0,0
13590053,2235,0,2,0,0,0,0,0,0,0,0,0
13593697,2236,0,2,0,0,0,0,0,0,0,0,0
13597341,2237,0,2,0,0,0,0,0,0,0,0,0
13600985,2238,0,2,0,0,0,0,0,0,0,0,0
13604629,2239,0,2,0,0,0,0,0,0,0,0,0
13608273,2240,0,2,0,0,0,0,0,0,0,0,0
13611918,2241,0,2,0,0,0,0,0,0,0,0,0
13615561,2242,0,2,0,0,0,0,0,0,0,0,0
13619205,2243,0,2,0,0,0,0,0,0,0,0,0
13622849,2244,0,2,0,0,0,0,0,0,0,0,0
13626493,2245,0,2,0,0,0,0,0,0,0,0,0
13630137,2246,0,2,0,0,0,0,0,0,0,0,0
13633781,2247,0,2,0,0,0,0,0,0,0,0,0
13637425,2248,0,2,0,0,0,0,0,0,0,0,0
13641069,2249,0,2,0,0,0,0,0,0,0,0,0
13644713,2250,0,2,0,0,0,0,0,0,0,0,0
13648358,2251,0,2,0,0,0,0,0,0,0,0,0
13652001,2252,0,2,0,0,0,0,0,0,0,0,0
13655645,2253,0,2,0,0,0,0,0,0,0,0,0
13659289,2254,0,2,0,0,0,0,0,0,0,0,0
13662933,2255,0,2,0,0,0,0,0,0,0,0,0
13666577,2256,0,2,0,0,0,0,0,0,0,0,0
13670221,2257,0,2,0,0,0,0,0,0,0,0,0
13673865,2258,0,2,0,0,0,0,0,0,0,0,0
13677509,2259,0,2,0,0,0,0,0,0,0,0,0
13681153,2260,0,2,0,0,0,0,0,0,0,0,0
13684798,2261,0,2,0,0,0,0,0,0,0,0,0
13688441,2262,0,2,0,0,0,0,0,0,0,0,0
13692085,2263,0,2,0,0,0,0,0,0,0,0,0
13695729,2264,0,2,0,0,0,0,0,0,0,0,0
13699373,2265,0,2,0,0,0,0,0,0,0,0,0
13703017,2266,0,2,0,0,0,0,0,0,0,0,0
13706661,2267,0,2,0,0,0,0,0,0,0,0,0
13710305,2268,0,2,0,0,0,0,0,0,0,0,0
13713949,2269,0,2,0,0,0,0,0,0,0,0,0
13717593,2270,0,2,0,0,0,0,0,0,0,0,0
13730166,2271,0,2,0,0,0,0,0,0,0,0,0
13733798,2272,0,2,0,0,0,0,0,0,0,0,0
13737442,2273,0,2,0,0,0,0,0,0,0,0,0
13741086,2274,0,2,0,0,0,0,0,0,0,0,0
13744730,2275,0,2,0,0,0,0,0,0,0,0,0
13748374,2276,0,2,0,0,0,0,0,0,0,0,0
13752019,2277,0,2,0,0,0,0,0,0,0,0,0
13755662,2278,0,2,0,0,0,0,0,0,0,0,0
13759306,2279,0,2,0,0,0,0,0,0,0,0,0
13762950,2280,0,2,0,0,0,0,0,0,0,0,0
13766595,2281,0,2,0,0,0,0,0,0,0,0,0
13770238,2282,0,2,0,0,0,0,0,0,0,0,0
13773882,2283,0,2,0,0,0,0,0,0,0,0,0
13777526,2284,0,2,0,0,0,0,0,0,0,0,0
13781170,2285,0,2,0,0,0,0,0,0,0,0,0
13784814,2286,0,2,0,0,0,0,0,0,0,0,0
13788458,2287,0,2,0,0,0,0,0,0,0,0,0
13792102,2288,0,2,0,0,0,0,0,0,0,0,0
13795746,2289,0,2,0,0,0,0,0,0,0,0,0
13799390,2290,0,2,0,0,0,0,0,0,0,0,0
13803035,2291,0,2,0,0,0,0,0,0,0,0,0
13806678,2292,0,2,0,0,0,0,0,0,0,0,0
13810322,2293,0,2,0,0,0,0,0,0,0,0,0
13813966,2294,0,2,0,0,0,0,0,0,0,0,0
13817610,2295,0,2,0,0,0,0,0,0,0,0,0
13821254,2296,0,2,0,0,0,0,0,0,0,0,0
13824898,2297,0,2,0,0,0,0,0,0,0,0,0
13828542,2298,0,2,0,0,0,0,0,0,0,0,0
13832186,2299,0,2,0,0,0,0,0,0,0,0,0
13835830,2300,0,2,0,0,0,0,0,0,0,0,0
13839475,2301,0,2,0,0,0,0,0,0,0,0,0
13843118,2302,0,2,0,0,0,0,0,0,0,0,0
13846762,2303,0,2,0,0,0,0,0,0,0,0,0
13850406,2304,0,2,0,0,0,0,0,0,0,0,0
13854050,2305,0,2,0,0,0,0,0,0,0,0,0
13857694,2306,0,2,0,0,0,0,0,0,0,0,0
13861338,2307,0,2,0,0,0,0,0,0,0,0,0
13864982,2308,0,2,0,0,0,0,0,0,0,0,0
13868626,2309,0,2,0,0,0,0,0,0,0,0,0
13872270,2310,0,2,0,0,0,0,0,0,0,0,0
13875915,2311,0,2,0,0,0,0,0,0,0,0,0
13879558,2312,0,2,0,0,0,0,0,0,0,0,0
13883202,2313,0,2,0,0,0,0,0,0,0,0,0
13886846,2314,0,2,0,0,0,0,0,0,0,0,0
13890490,2315,0,2,0,0,0,0,0,0,0,0,0
13894134,2316,0,2,0,0,0,0,0,0,0,0,0
13897778,2317,0,2,0,0,0,0,0,0,0,0,0
13901422,2318,0,2,0,0,0,0,0,0,0,0,0
13905066,2319,0,2,0,0,0,0,0,0,0,0,0
13908710,2320,0,2,0,0,0,0,0,0,0,0,0
13912355,2321,0,2,0,0,0,0,0,0,0,0,0
13915998,2322,0,2,0,0,0,0,0,0,0,0,0
13919642,2323,0,2,0,0,0,0,0,0,0,0,0
13923286,2324,0,2,0,0,0,0,0,0,0,0,0
13926930,2325,0,2,0,0,0,0,0,0,0,0,0
13930574,2326,0,2,0,0,0,0,0,0,0,0,0
13934218,2327,0,2,0,0,0,0,0,0,0,0,0
13937862,2328,0,2,0,0,0,0,0,0,0,0,0
13941506,2329,0,2,0,0,0,0,0,0,0,0,0
13945150,2330,0,2,0,0,0,0,0,0,0,0,0
13948795,2331,0,2,0,0,0,0,0,0,0,0,0
13952438,2332,0,2,0,0,0,0,0,0,0,0,0
13956083,2333,0,2,0,0,0,0,0,0,0,0,0
13959726,2334,0,2,0,0,0,0,0,0,0,0,0
13963370,2335,0,2,0,0,0,0,0,0,0,0,0
13967014,2336,0,2,0,0,0,0,0,0,0,0,0
13970658,2337,0,2,0,0,0,0,0,0,0,0,0
13974302,2338,0,2,0,0,0,0,0,0,0,0,0
13977946,2339,0,2,0,0,0,0,0,0,0,0,0
13981590,2340,0,2,0,0,0,0,0,0,0,0,0
13985235,2341,0,2,0,0,0,0,0,0,0,0,0
13988878,2342,0,2,0,0,0,0,0,0,0,0,0
13992522,2343,0,2,0,0,0,0,0,0,0,0,0
13996166,2344,0,2,0,0,0,0,0,0,0,0,0
13999810,2345,0,2,0,0,0,0,0,0,0,0,0
14003454,2346,0,2,0,0,0,0,0,0,0,0,0
14007098,2347,0,2,0,0,0,0,0,0,0,0,0
14010742,2348,0,2,0,0,0,0,0,0,0,0,0
14014386,2349,0,2,0,0,0,0,0,0,0,0,0
14018030,2350,0,2,0,0,0,0,0,0,0,0,0
14021675,2351,0,2,0,0,0,0,0,0,0,0,0
14025318,2352,0,2,0,0,0,0,0,0,0,0,0
14028962,2353,0,2,0,0,0,0,0,0,0,0,0
14032606,2354,0,2,0,0,0,0,0,0,0,0,0
14036250,2355,0,2,0,0,0,0,0,0,0,0,0
14039894,2356,0,2,0,0,0,0,0,0,0,0,0
14043538,2357,0,2,0,0,0,0,0,0,0,0,0
14047182,2358,0,2,0,0,0,0,0,0,0,0,0
14050826,2359,0,2,0,0,0,0,0,0,0,0,0
14054470,2360,0,2,0,0,0,0,0,0,0,0,0
14058114,2361,0,2,0,0,0,0,0,0,0,0,0
14061758,2362,0,2,0,0,0,0,0,0,0,0,0
14065402,2363,0,2,0,0,0,0,0,0,0,0,0
14069047,2364,0,2,0,0,0,0,0,0,0,0,0
14072690,2365,0,2,0,0,0,0,0,0,0,0,0
14076334,2366,0,2,0,0,0,0,0,0,0,0,0
14079978,2367,0,2,0,0,0,0,0,0,0,0,0
14083622,2368,0,2,0,0,0,0,0,0,0,0,0
14087266,2369,0,2,0,0,0,0,0,0,0,0,0
14090910,2370,0,2,0,0,0,0,0,0,0,0,0
14094555,2371,0,2,0,0,0,0,0,0,0,0,0
14098198,2372,0,2,0,0,0,0,0,0,0,0,0
14101842,2373,0,2,0,0,0,0,0,0,0,0,0
14105486,2374,0,2,0,0,0,0,0,0,0,0,0
14109130,2375,0,2,0,0,0,0,0,0,0,0,0
14112774,2376,0,2,0,0,0,0,0,0,0,0,0
14116418,2377,0,2,0,0,0,0,0,0,0,0,0
14120062,2378,0,2,0,0,0,0,0,0,0,0,0
14123706,2379,0,2,0,0,0,0,0,0,0,0,0
14127350,2380,0,2,0,0,0,0,0,0,0,0,0
14130995,2381,0,2,0,0,0,0,0,0,0,0,0
14134638,2382,0,2,0,0,0,0,0,0,0,0,0
14138282,2383,0,2,0,0,0,0,0,0,0,0,0
14141926,2384,0,2,0,0,0,0,0,0,0,0,0
14145570,2385,0,2,0,0,0,0,0,0,0,0,0
14149214,2386,0,2,0,0,0,0,0,0,0,0,0
14152858,2387,0,2,0,0,0,0,0,0,0,0,0
14156502,2388,0,2,0,0,0,0,0,0,0,0,0
14160146,2389,0,2,0,0,0,0,0,0,0,0,0
14163790,2390,0,2,0,0,0,0,0,0,0,0,0
14167434,2391,0,2,0,0,0,0,0,0,0,0,0
14171079,2392,0,2,0,0,0,0,0,0,0,0,0
14174722,2393,0,2,0,0,0,0,0,0,0,0,0
14178366,2394,0,2,0,0,0,0,0,0,0,0,0
14182010,2395,0,2,0,0,0,0,0,0,0,0,0
14185654,2396,0,2,0,0,0,0,0,0,0,0,0
14189298,2397,0,2,0,0,0,0,0,0,0,0,0
14192942,2398,0,2,0,0,0,0,0,0,0,0,0
14196586,2399,0,2,0,0,0,0,0,0,0,0,0
14200230,2400,0,2,0,0,0,0,0,0,0,0,0
14203874,2401,0,2,0,0,0,0,0,0,0,0,0
14207518,2402,0,2,0,0,0,0,0,0,0,0,0
14211162,2403,0,2,0,0,0,0,0,0,0,0,0
14214806,2404,0,2,0,0,0,0,0,0,0,0,0
14218450,2405,0,2,0,0,0,0,0,0,0,0,0
14222094,2406,0,2,0,0,0,0,0,0,0,0,0
14225738,2407,0,2,0,0,0,0,0,0,0,0,0
14229382,2408,0,2,0,0,0,0,0,0,0,0,0
14233026,2409,0,2,0,0,0,0,0,0,0,0,0
14236670,2410,0,2,0,0,0,0,0,0,0,0,0
14240315,2411,0,2,0,0,0,0,0,0,0,0,0
14243958,2412,0,2,0,0,0,0,0,0,0,0,0
14247602,2413,0,2,0,0,0,0,0,0,0,0,0
14251246,2414,0,2,0,0,0,0,0,0,0,0,0
14254890,2415,0,2,0,0,0,0,0,0,0,0,0
14258534,2416,0,2,0,0,0,0,0,0,0,0,0
14262178,2417,0,2,0,0,0,0,0,0,0,0,0
14265822,2418,0,2,0,0,0,0,0,0,0,0,0
14269466,2419,0,2,0,0,0,0,0,0,0,0,0
14273110,2420,0,2,0,0,0,0,0,0,0,0,0
14276755,2421,0,2,0,0,0,0,0,0,0,0,0
14280398,2422,0,2,0,0,0,0,0,0,0,0,0
14284042,2423,0,2,0,0,0,0,0,0,0,0,0
14287686,2424,0,2,0,0,0,0,0,0,0,0,0
14291330,2425,0,2,0,0,0,0,0,0,0,0,0
14294974,2426,0,2,0,0,0,0,0,0,0,0,0
14298618,2427,0,2,0,0,0,0,0,0,0,0,0
14302262,2428,0,2,0,0,0,0,0,0,0,0,0
14305906,2429,0,2,0,0,0,0,0,0,0,0,0
14309550,2430,0,2,0,0,0,0,0,0,0,0,0
14313195,2431,0,2,0,0,0,0,0,0,0,0,0
14316838,2432,0,2,0,0,0,0,0,0,0,0,0
14320482,2433,0,2,0,0,0,0,0,0,0,0,0
14324126,2434,0,2,0,0,0,0,0,0,0,0,0
14327770,2435,0,2,0,0,0,0,0,0,0,0,0
14331414,2436,0,2,0,0,0,0,0,0,0,0,0
14335058,2437,0,2,0,0,0,0,0,0,0,0,0
14338702,2438,0,2,0,0,0,0,0,0,0,0,0
14342346,2439,0,2,0,0,0,0,0,0,0,0,0
14345990,2440,0,2,0,0,0,0,0,0,0,0,0
14349635,2441,0,2,0,0,0,0,0,0,0,0,0
14353278,2442,0,2,0,0,0,0,0,0,0,0,0
14356922,2443,0,2,0,0,0,0,0,0,0,0,0
14360566,2444,0,2,0,0,0,0,0,0,0,0,0
14364210,2445,0,2,0,0,0,0,0,0,0,0,0
14367854,2446,0,2,0,0,0,0,0,0,0,0,0
14371498,2447,0,2,0,0,0,0,0,0,0,0,0
14375142,2448,0,2,0,0,0,0,0,0,0,0,0
14378786,2449,0,2,0,0,0,0,0,0,0,0,0
14382430,2450,0,2,0,0,0,0,0,0,0,0,0
14386075,2451,0,2,0,0,0,0,0,0,0,0,0
14389718,2452,0,2,0,0,0,0,0,0,0,0,0
14393362,2453,0,2,0,0,0,0,0,0,0,0,0
14397006,2454,0,2,0,0,0,0,0,0,0,0,0
14400650,2455,0,2,0,0,0,0,0,0,0,0,0
14404294,2456,0,2,0,0,0,0,0,0,0,0,0
14407938,2457,0,2,0,0,0,0,0,0,0,0,0
14411582,2458,0,2,0,0,0,0,0,0,0,0,0
14415226,2459,0,2,0,0,0,0,0,0,0,0,0
14418870,2460,0,2,0,0,0,0,0,0,0,0,0
14422515,2461,0,2,0,0,0,0,0,0,0,0,0
14426159,2462,0,2,0,0,0,0,0,0,0,0,0
14429802,2463,0,2,0,0,0,0,0,0,0,0,0
14433446,2464,0,2,0,0,0,0,0,0,0,0,0
14437091,2465,0,2,0,0,0,0,0,0,0,0,0
14440734,2466,0,2,0,0,0,0,0,0,0,0,0
14444378,2467,0,2,0,0,0,0,0,0,0,0,0
14448022,2468,0,2,0,0,0,0,0,0,0,0,0
14451666,2469,0,2,0,0,0,0,0,0,0,0,0
14455310,2470,0,2,0,0,0,0,0,0,0,0,0
14458955,2471,0,2,0,0,0,0,0,0,0,0,0
14462598,2472,0,2,0,0,0,0,0,0,0,0,0
14466242,2473,0,2,0,0,0,0,0,0,0,0,0
14469886,2474,0,2,0,0,0,0,0,0,0,0,0
14473530,2475,0,2,0,0,0,0,0,0,0,0,0
14477174,2476,0,2,0,0,0,0,0,0,0,0,0
14480818,2477,0,2,0,0,0,0,0,0,0,0,0
14484462,2478,0,2,0,0,0,0,0,0,0,0,0
14488106,2479,0,2,0,0,0,0,0,0,0,0,0
14491750,2480,0,2,0,0,0,0,0,0,0,0,0
14495395,2481,0,2,0,0,0,0,0,0,0,0,0
14499038,2482,0,2,0,0,0,0,0,0,0,0,0
14502682,2483,0,2,0,0,0,0,0,0,0,0,0
14506326,2484,0,2,0,0,0,0,0,0,0,0,0
14509970,2485,0,2,0,0,0,0,0,0,0,0,0
14513614,2486,0,2,0,0,0,0,0,0,0,0,0
14517258,2487,0,2,0,0,0,0,0,0,0,0,0
14520902,2488,0,2,0,0,0,0,0,0,0,0,0
14524546,2489,0,2,0,0,0,0,0,0,0,0,0
14528190,2490,0,2,0,0,0,0,0,0,0,0,0
14531834,2491,0,2,0,0,0,0,0,0,0,0,0
14535478,2492,0,2,0,0,0,0,0,0,0,0,0
14539122,2493,0,2,0,0,0,0,0,0,0,0,0
14542766,2494,0,2,0,0,0,0,0,0,0,0,0
14546410,2495,0,2,0,0,0,0,0,0,0,0,0
14550054,2496,0,2,0,0,0,0,0,0,0,0,0
14553698,2497,0,2,0,0,0,0,0,0,0,0,0
14571129,2498,0,2,0,0,0,0,0,0,0,0,0
14574761,2499,0,2,0,0,0,0,0,0,0,0,0
14578405,2500,0,2,0,0,0,0,0,0,0,0,0
14582050,2501,0,2,0,0,0,0,0,0,0,0,0
14585693,2502,0,2,0,0,0,0,0,0,0,0,0
14589337,2503,0,2,0,0,0,0,0,0,0,0,0
14592981,2504,0,2,0,0,0,0,0,0,0,0,0
14596625,2505,0,2,0,0,0,0,0,0,0,0,0
14600269,2506,0,2,0,0,0,0,0,0,0,0,0
14603913,2507,0,2,0,0,0,0,0,0,0,0,0
14607557,2508,0,2,0,0,0,0,0,0,0,0,0
14611201,2509,0,2,0,0,0,0,0,0,0,0,0
14614845,2510,0,2,0,0,0,0,0,0,0,0,0
14618489,2511,0,2,0,0,0,0,0,0,0,0,0
14622133,2512,0,2,0,0,0,0,0,0,0,0,0
14625777,2513,0,2,0,0,0,0,0,0,0,0,0
14629421,2514,0,2,0,0,0,0,0,0,0,0,0
14633065,2515,0,2,0,0,0,0,0,0,0,0,0
14636709,2516,0,2,0,0,0,0,0,0,0,0,0
14640353,2517,0,2,0,0,0,0,0,0,0,0,0
14643997,2518,0,2,0,0,0,0,0,0,0,0,0
14647641,2519,0,2,0,0,0,0,0,0,0,0,0
14651285,2520,0,2,0,0,0,0,0,0,0,0,0
14654930,2521,0,2,0,0,0,0,0,0,0,0,0
14658573,2522,0,2,0,0,0,0,0,0,0,0,0
14662217,2523,0,2,0,0,0,0,0,0,0,0,0
14665861,2524,0,2,0,0,0,0,0,0,0,0,0
14669505,2525,0,2,0,0,0,0,0,0,0,0,0
14673149,2526,0,2,0,0,0,0,0,0,0,0,0
14676793,2527,0,2,0,0,0,0,0,0,0,0,0
14680437,2528,0,2,0,0,0,0,0,0,0,0,0
14684081,2529,0,2,0,0,0,0,0,0,0,0,0
14687725,2530,0,2,0,0,0,0,0,0,0,0,0
14691369,2531,0,2,0,0,0,0,0,0,0,0,0
14695013,2532,0,2,0,0,0,0,0,0,0,0,0
14698657,2533,0,2,0,0,0,0,0,0,0,0,0
14702301,2534,0,2,0,0,0,0,0,0,0,0,0
14705945,2535,0,2,0,0,0,0,0,0,0,0,0
14709589,2536,0,2,0,0,0,0,0,0,0,0,0
14713233,2537,0,2,0,0,0,0,0,0,0,0,0
14716877,2538,0,2,0,0,0,0,0,0,0,0,0
14720521,2539,0,2,0,0,0,0,0,0,0,0,0
14724165,2540,0,2,0,0,0,0,0,0,0,0,0
14727810,2541,0,2,0,0,0,0,0,0,0,0,0
14731453,2542,0,2,0,0,0,0,0,0,0,0,0
14735097,2543,0,2,0,0,0,0,0,0,0,0,0
14738741,2544,0,2,0,0,0,0,0,0,0,0,0
14742385,2545,0,2,0,0,0,0,0,0,0,0,0
14746029,2546,0,2,0,0,0,0,0,0,0,0,0
14749673,2547,0,2,0,0,0,0,0,0,0,0,0
14753317,2548,0,2,0,0,0,0,0,0,0,0,0
14756961,2549,0,2,0,0,0,0,0,0,0,0,0
14760605,2550,0,2,0,0,0,0,0,0,0,0,0
14764250,2551,0,2,0,0,0,0,0,0,0,0,0
14767893,2552,0,2,0,0,0,0,0,0,0,0,0
14771537,2553,0,2,0,0,0,0,0,0,0,0,0
14775181,2554,0,2,0,0,0,0,0,0,0,0,0
14778825,2555,0,2,0,0,0,0,0,0,0,0,0
14782469,2556,0,2,0,0,0,0,0,0,0,0,0
14786113,2557,0,2,0,0,0,0,0,0,0,0,0
14789757,2558,0,2,0,0,0,0,0,0,0,0,0
14793401,2559,0,2,0,0,0,0,0,0,0,0,0
14797045,2560,0,2,0,0,0,0,0,0,0,0,0
14800690,2561,0,2,0,0,0,0,0,0,0,0,0
14804333,2562,0,2,0,0,0,0,0,0,0,0,0
14807977,2563,0,2,0,0,0,0,0,0,0,0,0
14811621,2564,0,2,0,0,0,0,0,0,0,0,0
14815265,2565,0,2,0,0,0,0,0,0,0,0,0
14818909,2566,0,2,0,0,0,0,0,0,0,0,0
14822553,2567,0,2,0,0,0,0,0,0,0,0,0
14826197,2568,0,2,0,0,0,0,0,0,0,0,0
14829841,2569,0,2,0,0,0,0,0,0,0,0,0
14833485,2570,0,2,0,0,0,0,0,0,0,0,0
14837130,2571,0,2,0,0,0,0,0,0,0,0,0
14840773,2572,0,2,0,0,0,0,0,0,0,0,0
14844417,2573,0,2,0,0,0,0,0,0,0,0,0
14848062,2574,0,2,0,0,0,0,0,0,0,0,0
14851705,2575,0,2,0,0,0,0,0,0,0,0,0
14855349,2576,0,2,0,0,0,0,0,0,0,0,0
14858993,2577,0,2,0,0,0,0,0,0,0,0,0
14862637,2578,0,2,0,0,0,0,0,0,0,0,0
14866281,2579,0,2,0,0,0,0,0,0,0,0,0
14869925,2580,0,2,0,0,0,0,0,0,0,0,0
14873570,2581,0,2,0,0,0,0,0,0,0,0,0
14877213,2582,0,2,0,0,0,0,0,0,0,0,0
14880857,2583,0,2,0,0,0,0,0,0,0,0,0
14884501,2584,0,2,0,0,0,0,0,0,0,0,0
14888145,2585,0,2,0,0,0,0,0,0,0,0,0
14891789,2586,0,2,0,0,0,0,0,0,0,0,0
14895433,2587,0,2,0,0,0,0,0,0,0,0,0
14899077,2588,0,2,0,0,0,0,0,0,0,0,0
14902721,2589,0,2,0,0,0,0,0,0,0,0,0
14906365,2590,0,2,0,0,0,0,0,0,0,0,0
14910010,2591,0,2,0,0,0,0,0,0,0,0,0
14913653,2592,0,2,0,0,0,0,0,0,0,0,0
14917297,2593,0,2,0,0,0,0,0,0,0,0,0
14920941,2594,0,2,0,0,0,0,0,0,0,0,0
14924585,2595,0,2,0,0,0,0,0,0,0,0,0
14928229,2596,0,2,0,0,0,0,0,0,0,0,0
14931873,2597,0,2,0,0,0,0,0,0,0,0,0
14935517,2598,0,2,0,0,0,0,0,0,0,0,0
14939161,2599,0,2,0,0,0,0,0,0,0,0,0
14942805,2600,0,2,0,0,0,0,0,0,0,0,0
14946450,2601,0,2,0,0,0,0,0,0,0,0,0
14950093,2602,0,2,0,0,0,0,0,0,0,0,0
14953737,2603,0,2,0,0,0,0,0,0,0,0,0
14957381,2604,0,2,0,0,0,0,0,0,0,0,0
14961026,2605,0,2,0,0,0,0,0,0,0,0,0
14964669,2606,0,2,0,0,0,0,0,0,0,0,0
14968313,2607,0,2,0,0,0,0,0,0,0,0,0
14971957,2608,0,2,0,0,0,0,0,0,0,0,0
14975601,2609,0,2,0,0,0,0,0,0,0,0,0
14979245,2610,0,2,0,0,0,0,0,0,0,0,0
14982890,2611,0,2,0,0,0,0,0,0,0,0,0
14986533,2612,0,2,0,0,0,0,0,0,0,0,0
14990177,2613,0,2,0,0,0,0,0,0,0,0,0
14993821,2614,0,2,0,0,0,0,0,0,0,0,0
14997465,2615,0,2,0,0,0,0,0,0,0,0,0
15001109,2616,0,2,0,0,0,0,0,0,0,0,0
15004753,2617,0,2,0,0,0,0,0,0,0,0,0
15008397,2618,0,2,0,0,0,0,0,0,0,0,0
15012041,2619,0,2,0,0,0,0,0,0,0,0,0
15015685,2620,0,2,0,0,0,0,0,0,0,0,0
15019330,2621,0,2,0,0,0,0,0,0,0,0,0
15022973,2622,0,2,0,0,0,0,0,0,0,0,0
15026617,2623,0,2,0,0,0,0,0,0,0,0,0
15030261,2624,0,2,0,0,0,0,0,0,0,0,0
15033905,2625,0,2,0,0,0,0,0,0,0,0,0
15037549,2626,0,2,0,0,0,0,0,0,0,0,0
15041193,2627,0,2,0,0,0,0,0,0,0,0,0
15044837,2628,0,2,0,0,0,0,0,0,0,0,0
15048481,2629,0,2,0,0,0,0,0,0,0,0,0
15052125,2630,0,2,0,0,0,0,0,0,0,0,0
15055770,2631,0,2,0,0,0,0,0,0,0,0,0
15059413,2632,0,2,0,0,0,0,0,0,0,0,0
15063057,2633,0,2,0,0,0,0,0,0,0,0,0
15066701,2634,0,2,0,0,0,0,0,0,0,0,0
15070345,2635,0,2,0,0,0,0,0,0,0,0,0
15073989,2636,0,2,0,0,0,0,0,0,0,0,0
15077633,2637,0,2,0,0,0,0,0,0,0,0,0
15081277,2638,0,2,0,0,0,0,0,0,0,0,0
15084921,2639,0,2,0,0,0,0,0,0,0,0,0
15088565,2640,0,2,0,0,0,0,0,0,0,0,0
15092210,2641,0,2,0,0,0,0,0,0,0,0,0
15095853,2642,0,2,0,0,0,0,0,0,0,0,0
15099497,2643,0,2,0,0,0,0,0,0,0,0,0
15103141,2644,0,2,0,0,0,0,0,0,0,0,0
15106785,2645,0,2,0,0,0,0,0,0,0,0,0
15110429,2646,0,2,0,0,0,0,0,0,0,0,0
15114073,2647,0,2,0,0,0,0,0,0,0,0,0
15117717,2648,0,2,0,0,0,0,0,0,0,0,0
15121361,2649,0,2,0,0,0,0,0,0,0,0,0
15125006,2650,0,2,0,0,0,0,0,0,0,0,0
15128650,2651,0,2,0,0,0,0,0,0,0,0,0
15132293,2652,0,2,0,0,0,0,0,0,0,0,0
15135937,2653,0,2,0,0,0,0,0,0,0,0,0
15139581,2654,0,2,0,0,0,0,0,0,0,0,0
15143225,2655,0,2,0,0,0,0,0,0,0,0,0
15146869,2656,0,2,0,0,0,0,0,0,0,0,0
15150513,2657,0,2,0,0,0,0,0,0,0,0,0
15154157,2658,0,2,0,0,0,0,0,0,0,0,0
15157801,2659,0,2,0,0,0,0,0,0,0,0,0
15161445,2660,0,2,0,0,0,0,0,0,0,0,0
15165090,2661,0,2,0,0,0,0,0,0,0,0,0
15168733,2662,0,2,0,0,0,0,0,0,0,0,0
15172377,2663,0,2,0,0,0,0,0,0,0,0,0
15176021,2664,0,2,0,0,0,0,0,0,0,0,0
15179665,2665,0,2,0,0,0,0,0,0,0,0,0
15183309,2666,0,2,0,0,0,0,0,0,0,0,0
15186953,2667,0,2,0,0,0,0,0,0,0,0,0
15190597,2668,0,2,0,0,0,0,0,0,0,0,0
15194241,2669,0,2,0,0,0,0,0,0,0,0,0
15197885,2670,0,2,0,0,0,0,0,0,0,0,0
15201530,2671,0,2,0,0,0,0,0,0,0,0,0
15205173,2672,0,2,0,0,0,0,0,0,0,0,0
15208817,2673,0,2,0,0,0,0,0,0,0,0,0
15212461,2674,0,2,0,0,0,0,0,0,0,0,0
15216105,2675,0,2,0,0,0,0,0,0,0,0,0
15219749,2676,0,2,0,0,0,0,0,0,0,0,0
15223393,2677,0,2,0,0,0,0,0,0,0,0,0
15227037,2678,0,2,0,0,0,0,0,0,0,0,0
15230681,2679,0,2,0,0,0,0,0,0,0,0,0
15234325,2680,0,2,0,0,0,0,0,0,0,0,0
15237970,2681,0,2,0,0,0,0,0,0,0,0,0
15241613,2682,0,2,0,0,0,0,0,0,0,0,0
15245257,2683,0,2,0,0,0,0,0,0,0,0,0
15248901,2684,0,2,0,0,0,0,0,0,0,0,0
15252545,2685,0,2,0,0,0,0,0,0,0,0,0
15256189,2686,0,2,0,0,0,0,0,0,0,0,0
15259833,2687,0,2,0,0,0,0,0,0,0,0,0
15263477,2688,0,2,0,0,0,0,0,0,0,0,0
15267121,2689,0,2,0,0,0,0,0,0,0,0,0
15270765,2690,0,2,0,0,0,0,0,0,0,0,0
15274410,2691,0,2,0,0,0,0,0,0,0,0,0
15278053,2692,0,2,0,0,0,0,0,0,0,0,0
15281697,2693,0,2,0,0,0,0,0,0,0,0,0
15285341,2694,0,2,0,0,0,0,0,0,0,0,0
15288985,2695,0,2,0,0,0,0,0,0,0,0,0
15292629,2696,0,2,0,0,0,0,0,0,0,0,0
15296273,2697,0,2,0,0,0,0,0,0,0,0,0
15299917,2698,0,2,0,0,0,0,0,0,0,0,0
15303561,2699,0,2,0,0,0,0,0,0,0,0,0
15307205,2700,0,2,0,0,0,0,0,0,0,0,0
15310850,2701,0,2,0,0,0,0,0,0,0,0,0
15314493,2702,0,2,0,0,0,0,0,0,0,0,0
15318137,2703,0,2,0,0,0,0,0,0,0,0,0
15321781,2704,0,2,0,0,0,0,0,0,0,0,0
15325425,2705,0,2,0,0,0,0,0,0,0,0,0
15329069,2706,0,2,0,0,0,0,0,0,0,0,0
15332713,2707,0,2,0,0,0,0,0,0,0,0,0
15336357,2708,0,2,0,0,0,0,0,0,0,0,0
15340001,2709,0,2,0,0,0,0,0,0,0,0,0
15343645,2710,0,2,0,0,0,0,0,0,0,0,0
15347290,2711,0,2,0,0,0,0,0,0,0,0,0
15350933,2712,0,2,0,0,0,0,0,0,0,0,0
15354577,2713,0,2,0,0,0,0,0,0,0,0,0
15358221,2714,0,2,0,0,0,0,0,0,0,0,0
15361865,2715,0,2,0,0,0,0,0,0,0,0,0
15365509,2716,0,2,0,0,0,0,0,0,0,0,0
15369153,2717,0,2,0,0,0,0,0,0,0,0,0
15372797,2718,0,2,0,0,0,0,0,0,0,0,0
15376441,2719,0,2,0,0,0,0,0,0,0,0,0
15380085,2720,0,2,0,0,0,0,0,0,0,0,0
15383730,2721,0,2,0,0,0,0,0,0,0,0,0
15387373,2722,0,2,0,0,0,0,0,0,0,0,0
15391017,2723,0,2,0,0,0,0,0,0,0,0,0
15394661,2724,0,2,0,0,0,0,0,0,0,0,0
15403182,2725,0,2,0,0,0,0,0,0,0,0,0
15406814,2726,0,2,0,0,0,0,0,0,0,0,0
15410458,2727,0,2,0,0,0,0,0,0,0,0,0
15414102,2728,0,2,0,0,0,0,0,0,0,0,0
15417746,2729,0,2,0,0,0,0,0,0,0,0,0
15421390,2730,0,2,0,0,0,0,0,0,0,0,0
15425035,2731,0,2,0,0,0,0,0,0,0,0,0
15428678,2732,0,2,0,0,0,0,0,0,0,0,0
15432322,2733,0,2,0,0,0,0,0,0,0,0,0
15435966,2734,0,2,0,0,0,0,0,0,0,0,0
15439610,2735,0,2,0,0,0,0,0,0,0,0,0
15443254,2736,0,2,0,0,0,0,0,0,0,0,0
15446898,2737,0,2,0,0,0,0,0,0,0,0,0
15450542,2738,0,2,0,0,0,0,0,0,0,0,0
15454186,2739,0,2,0,0,0,0,0,0,0,0,0
15457830,2740,0,2,0,0,0,0,0,0,0,0,0
15461475,2741,0,2,0,0,0,0,0,0,0,0,0
15465118,2742,0,2,0,0,0,0,0,0,0,0,0
15468762,2743,0,2,0,0,0,0,0,0,0,0,0
15472406,2744,0,2,0,0,0,0,0,0,0,0,0
15476050,2745,0,2,0,0,0,0,0,0,0,0,0
15479694,2746,0,2,0,0,0,0,0,0,0,0,0
15483338,2747,0,2,0,0,0,0,0,0,0,0,0
15486982,2748,0,2,0,0,0,0,0,0,0,0,0
15490626,2749,0,2,0,0,0,0,0,0,0,0,0
15494270,2750,0,2,0,0,0,0,0,0,0,0,0
15497915,2751,0,2,0,0,0,0,0,0,0,0,0
15501558,2752,0,2,0,0,0,0,0,0,0,0,0
15505202,2753,0,2,0,0,0,0,0,0,0,0,0
15508846,2754,0,2,0,0,0,0,0,0,0,0,0
15512490,2755,0,2,0,0,0,0,0,0,0,0,0
15516134,2756,0,2,0,0,0,0,0,0,0,0,0
15519778,2757,0,2,0,0,0,0,0,0,0,0,0
15523422,2758,0,2,0,0,0,0,0,0,0,0,0
15527066,2759,0,2,0,0,0,0,0,0,0,0,0
15530710,2760,0,2,0,0,0,0,0,0,0,0,0
15534355,2761,0,2,0,0,0,0,0,0,0,0,0
15537998,2762,0,2,0,0,0,0,0,0,0,0,0
15541642,2763,0,2,0,0,0,0,0,0,0,0,0
15545286,2764,0,2,0,0,0,0,0,0,0,0,0
15548930,2765,0,2,0,0,0,0,0,0,0,0,0
15552574,2766,0,2,0,0,0,0,0,0,0,0,0
15556218,2767,0,2,0,0,0,0,0,0,0,0,0
15559862,2768,0,2,0,0,0,0,0,0,0,0,0
15563506,2769,0,2,0,0,0,0,0,0,0,0,0
15567150,2770,0,2,0,0,0,0,0,0,0,0,0
15570795,2771,0,2,0,0,0,0,0,0,0,0,0
15574438,2772,0,2,0,0,0,0,0,0,0,0,0
15578083,2773,0,2,0,0,0,0,0,0,0,0,0
15581726,2774,0,2,0,0,0,0,0,0,0,0,0
15585370,2775,0,2,0,0,0,0,0,0,0,0,0
15589014,2776,0,2,0,0,0,0,0,0,0,0,0
15592658,2777,0,2,0,0,0,0,0,0,0,0,0
15596302,2778,0,2,0,0,0,0,0,0,0,0,0
15599946,2779,0,2,0,0,0,0,0,0,0,0,0
15603590,2780,0,2,0,0,0,0,0,0,0,0,0
15607235,2781,0,2,0,0,0,0,0,0,0,0,0
15610878,2782,0,2,0,0,0,0,0,0,0,0,0
15614522,2783,0,2,0,0,0,0,0,0,0,0,0
15618166,2784,0,2,0,0,0,0,0,0,0,0,0
15621810,2785,0,2,0,0,0,0,0,0,0,0,0
15625454,2786,0,2,0,0,0,0,0,0,0,0,0
15629098,2787,0,2,0,0,0,0,0,0,0,0,0
15632742,2788,0,2,0,0,0,0,0,0,0,0,0
15636386,2789,0,2,0,0,0,0,0,0,0,0,0
15640030,2790,0,2,0,0,0,0,0,0,0,0,0
15643675,2791,0,2,0,0,0,0,0,0,0,0,0
15647318,2792,0,2,0,0,0,0,0,0,0,0,0
15650962,2793,0,2,0,0,0,0,0,0,0,0,0
15654606,2794,0,2,0,0,0,0,0,0,0,0,0
15658250,2795,0,2,0,0,0,0,0,0,0,0,0
15661894,2796,0,2,0,0,0,0,0,0,0,0,0
15665538,2797,0,2,0,0,0,0,0,0,0,0,0
15669182,2798,0,2,0,0,0,0,0,0,0,0,0
15672826,2799,0,2,0,0,0,0,0,0,0,0,0
15676470,2800,0,2,0,0,0,0,0,0,0,0,0
15680115,2801,0,2,0,0,0,0,0,0,0,0,0
15683758,2802,0,2,0,0,0,0,0,0,0,0,0
15687402,2803,0,2,0,0,0,0,0,0,0,0,0
15691047,2804,0,2,0,0,0,0,0,0,0,0,0
15694690,2805,0,2,0,0,0,0,0,0,0,0,0
15698334,2806,0,2,0,0,0,0,0,0,0,0,0
15701978,2807,0,2,0,0,0,0,0,0,0,0,0
15705622,2808,0,2,0,0,0,0,0,0,0,0,0
15709266,2809,0,2,0,0,0,0,0,0,0,0,0
15712910,2810,0,2,0,0,0,0,0,0,0,0,0
15716555,2811,0,2,0,0,0,0,0,0,0,0,0
15720198,2812,0,2,0,0,0,0,0,0,0,0,0
15723842,2813,0,2,0,0,0,0,0,0,0,0,0
15727486,2814,0,2,0,0,0,0,0,0,0,0,0
15731130,2815,0,2,0,0,0,0,0,0,0,0,0
15734774,2816,0,2,0,0,0,0,0,0,0,0,0
15738418,2817,0,2,0,0,0,0,0,0,0,0,0
15742062,2818,0,2,0,0,0,0,0,0,0,0,0
15745706,2819,0,2,0,0,0,0,0,0,0,0,0
15749350,2820,0,2,0,0,0,0,0,0,0,0,0
15752995,2821,0,2,0,0,0,0,0,0,0,0,0
15756638,2822,0,2,0,0,0,0,0,0,0,0,0
15760282,2823,0,2,0,0,0,0,0,0,0,0,0
15763926,2824,0,2,0,0,0,0,0,0,0,0,0
15767570,2825,0,2,0,0,0,0,0,0,0,0,0
15771214,2826,0,2,0,0,0,0,0,0,0,0,0
15774858,2827,0,2,0,0,0,0,0,0,0,0,0
15778502,2828,0,2,0,0,0,0,0,0,0,0,0
15782146,2829,0,2,0,0,0,0,0,0,0,0,0
15785790,2830,0,2,0,0,0,0,0,0,0,0,0
15789435,2831,0,2,0,0,0,0,0,0,0,0,0
15793078,2832,0,2,0,0,0,0,0,0,0,0,0
15796722,2833,0,2,0,0,0,0,0,0,0,0,0
15800366,2834,0,2,0,0,0,0,0,0,0,0,0
15804010,2835,0,2,0,0,0,0,0,0,0,0,0
15807654,2836,0,2,0,0,0,0,0,0,0,0,0
15811298,2837,0,2,0,0,0,0,0,0,0,0,0
15814942,2838,0,2,0,0,0,0,0,0,0,0,0
15818586,2839,0,2,0,0,0,0,0,0,0,0,0
15822230,2840,0,2,0,0,0,0,0,0,0,0,0
15825875,2841,0,2,0,0,0,0,0,0,0,0,0
15829518,2842,0,2,0,0,0,0,0,0,0,0,0
15833162,2843,0,2,0,0,0,0,0,0,0,0,0
15836806,2844,0,2,0,0,0,0,0,0,0,0,0
15840450,2845,0,2,0,0,0,0,0,0,0,0,0
15844094,2846,0,2,0,0,0,0,0,0,0,0,0
15847738,2847,0,2,0,0,0,0,0,0,0,0,0
15851382,2848,0,2,0,0,0,0,0,0,0,0,0
15855026,2849,0,2,0,0,0,0,0,0,0,0,0
15858670,2850,0,2,0,0,0,0,0,0,0,0,0
15862315,2851,0,2,0,0,0,0,0,0,0,0,0
15865958,2852,0,2,0,0,0,0,0,0,0,0,0
15869602,2853,0,2,0,0,0,0,0,0,0,0,0
15873246,2854,0,2,0,0,0,0,0,0,0,0,0
15876890,2855,0,2,0,0,0,0,0,0,0,0,0
15880534,2856,0,2,0,0,0,0,0,0,0,0,0
15884178,2857,0,2,0,0,0,0,0,0,0,0,0
15887822,2858,0,2,0,0,0,0,0,0,0,0,0
15891466,2859,0,2,0,0,0,0,0,0,0,0,0
15895110,2860,0,2,0,0,0,0,0,0,0,0,0
15898755,2861,0,2,0,0,0,0,0,0,0,0,0
15902398,2862,0,2,0,0,0,0,0,0,0,0,0
15906042,2863,0,2,0,0,0,0,0,0,0,0,0
15909686,2864,0,2,0,0,0,0,0,0,0,0,0
15913330,2865,0,2,0,0,0,0,0,0,0,0,0
15916974,2866,0,2,0,0,0,0,0,0,0,0,0
15920618,2867,0,2,0,0,0,0,0,0,0,0,0
15924262,2868,0,2,0,0,0,0,0,0,0,0,0
15927906,2869,0,2,0,0,0,0,0,0,0,0,0
15931550,2870,0,2,0,0,0,0,0,0,0,0,0
15935195,2871,0,2,0,0,0,0,0,0,0,0,0
15938838,2872,0,2,0,0,0,0,0,0,0,0,0
15942482,2873,0,2,0,0,0,0,0,0,0,0,0
15946126,2874,0,2,0,0,0,0,0,0,0,0,0
15949770,2875,0,2,0,0,0,0,0,0,0,0,0
15953414,2876,0,2,0,0,0,0,0,0,0,0,0
15957058,2877,0,2,0,0,0,0,0,0,0,0,0
15960702,2878,0,2,0,0,0,0,0,0,0,0,0
15964346,2879,0,2,0,0,0,0,0,0,0,0,0
15967990,2880,0,2,0,0,0,0,0,0,0,0,0
15971635,2881,0,2,0,0,0,0,0,0,0,0,0
15975278,2882,0,2,0,0,0,0,0,0,0,0,0
15978922,2883,0,2,0,0,0,0,0,0,0,0,0
15982566,2884,0,2,0,0,0,0,0,0,0,0,0
15986210,2885,0,2,0,0,0,0,0,0,0,0,0
15989854,2886,0,2,0,0,0,0,0,0,0,0,0
15993498,2887,0,2,0,0,0,0,0,0,0,0,0
15997142,2888,0,2,0,0,0,0,0,0,0,0,0
16000786,2889,0,2,0,0,0,0,0,0,0,0,0
16004430,2890,0,2,0,0,0,0,0,0,0,0,0
16008075,2891,0,2,0,0,0,0,0,0,0,0,0
16011718,2892,0,2,0,0,0,0,0,0,0,0,0
16015362,2893,0,2,0,0,0,0,0,0,0,0,0
16019006,2894,0,2,0,0,0,0,0,0,0,0,0
16022650,2895,0,2,0,0,0,0,0,0,0,0,0
16026294,2896,0,2,0,0,0,0,0,0,0,0,0
16029938,2897,0,2,0,0,0,0,0,0,0,0,0
16033582,2898,0,2,0,0,0,0,0,0,0,0,0
16037226,2899,0,2,0,0,0,0,0,0,0,0,0
16040870,2900,0,2,0,0,0,0,0,0,0,0,0
16044515,2901,0,2,0,0,0,0,0,0,0,0,0
16048158,2902,0,2,0,0,0,0,0,0,0,0,0
16051802,2903,0,2,0,0,0,0,0,0,0,0,0
16055446,2904,0,2,0,0,0,0,0,0,0,0,0
16059090,2905,0,2,0,0,0,0,0,0,0,0,0
16062734,2906,0,2,0,0,0,0,0,0,0,0,0
16066378,2907,0,2,0,0,0,0,0,0,0,0,0
16070023,2908,0,2,0,0,0,0,0,0,0,0,0
16073666,2909,0,2,0,0,0,0,0,0,0,0,0
16077310,2910,0,2,0,0,0,0,0,0,0,0,0
16080955,2911,0,2,0,0,0,0,0,0,0,0,0
16084598,2912,0,2,0,0,0,0,0,0,0,0,0
16088242,2913,0,2,0,0,0,0,0,0,0,0,0
16091886,2914,0,2,0,0,0,0,0,0,0,0,0
16095530,2915,0,2,0,0,0,0,0,0,0,0,0
16099174,2916,0,2,0,0,0,0,0,0,0,0,0
16102818,2917,0,2,0,0,0,0,0,0,0,0,0
16106462,2918,0,2,0,0,0,0,0,0,0,0,0
16110106,2919,0,2,0,0,0,0,0,0,0,0,0
16113750,2920,0,2,0,0,0,0,0,0,0,0,0
16117395,2921,0,2,0,0,0,0,0,0,0,0,0
16121038,2922,0,2,0,0,0,0,0,0,0,0,0
16124682,2923,0,2,0,0,0,0,0,0,0,0,0
16128326,2924,0,2,0,0,0,0,0,0,0,0,0
16131970,2925,0,2,0,0,0,0,0,0,0,0,0
16135614,2926,0,2,0,0,0,0,0,0,0,0,0
16139258,2927,0,2,0,0,0,0,0,0,0,0,0
16142902,2928,0,2,0,0,0,0,0,0,0,0,0
16146546,2929,0,2,0,0,0,0,0,0,0,0,0
16150190,2930,0,2,0,0,0,0,0,0,0,0,0
16153835,2931,0,2,0,0,0,0,0,0,0,0,0
16157478,2932,0,2,0,0,0,0,0,0,0,0,0
16161122,2933,0,2,0,0,0,0,0,0,0,0,0
16164766,2934,0,2,0,0,0,0,0,0,0,0,0
16168410,2935,0,2,0,0,0,0,0,0,0,0,0
16172054,2936,0,2,0,0,0,0,0,0,0,0,0
16175698,2937,0,2,0,0,0,0,0,0,0,0,0
16179342,2938,0,2,0,0,0,0,0,0,0,0,0
16182986,2939,0,2,0,0,0,0,0,0,0,0,0
16186630,2940,0,2,0,0,0,0,0,0,0,0,0
16190275,2941,0,2,0,0,0,0,0,0,0,0,0
16193918,2942,0,2,0,0,0,0,0,0,0,0,0
16197562,2943,0,2,0,0,0,0,0,0,0,0,0
16201206,2944,0,2,0,0,0,0,0,0,0,0,0
16204850,2945,0,2,0,0,0,0,0,0,0,0,0
16208494,2946,0,2,0,0,0,0,0,0,0,0,0
16212138,2947,0,2,0,0,0,0,0,0,0,0,0
16215782,2948,0,2,0,0,0,0,0,0,0,0,0
16219426,2949,0,2,0,0,0,0,0,0,0,0,0
16223071,2950,0,2,0,0,0,0,0,0,0,0,0
16226715,2951,0,2,0,0,0,0,0,0,0,0,0
16237053,2952,0,2,0,0,0,0,0,0,0,0,0
16240685,2953,0,2,0,0,0,0,0,0,0,0,0
16244329,2954,0,2,0,0,0,0,0,0,0,0,0
16247973,2955,0,2,0,0,0,0,0,0,0,0,0
16251617,2956,0,2,0,0,0,0,0,0,0,0,0
16255261,2957,0,2,0,0,0,0,0,0,0,0,0
16258905,2958,0,2,0,0,0,0,0,0,0,0,0
16262549,2959,0,2,0,0,0,0,0,0,0,0,0
16266193,2960,0,2,0,0,0,0,0,0,0,0,0
16269838,2961,0,2,0,0,0,0,0,0,0,0,0
16273481,2962,0,2,0,0,0,0,0,0,0,0,0
16277125,2963,0,2,0,0,0,0,0,0,0,0,0
16280769,2964,0,2,0,0,0,0,0,0,0,0,0
16284413,2965,0,2,0,0,0,0,0,0,0,0,0
16288057,2966,0,2,0,0,0,0,0,0,0,0,0
16291701,2967,0,2,0,0,0,0,0,0,0,0,0
16295345,2968,0,2,0,0,0,0,0,0,0,0,0
16298989,2969,0,2,0,0,0,0,0,0,0,0,0
16302633,2970,0,2,0,0,0,0,0,0,0,0,0
16306278,2971,0,2,0,0,0,0,0,0,0,0,0
16309921,2972,0,2,0,0,0,0,0,0,0,0,0
16313565,2973,0,2,0,0,0,0,0,0,0,0,0
16317209,2974,0,2,0,0,0,0,0,0,0,0,0
16320853,2975,0,2,0,0,0,0,0,0,0,0,0
16324497,2976,0,2,0,0,0,0,0,0,0,0,0
16328141,2977,0,2,0,0,0,0,0,0,0,0,0
16331785,2978,0,2,0,0,0,0,0,0,0,0,0
16335429,2979,0,2,0,0,0,0,0,0,0,0,0
16339073,2980,0,2,0,0,0,0,0,0,0,0,0
16342718,2981,0,2,0,0,0,0,0,0,0,0,0
16346361,2982,0,2,0,0,0,0,0,0,0,0,0
16350005,2983,0,2,0,0,0,0,0,0,0,0,0
16353649,2984,0,2,0,0,0,0,0,0,0,0,0
16357293,2985,0,2,0,0,0,0,0,0,0,0,0
16360937,2986,0,2,0,0,0,0,0,0,0,0,0
16364581,2987,0,2,0,0,0,0,0,0,0,0,0
16368225,2988,0,2,0,0,0,0,0,0,0,0,0
16371869,2989,0,2,0,0,0,0,0,0,0,0,0
16375513,2990,0,2,0,0,0,0,0,0,0,0,0
16379158,2991,0,2,0,0,0,0,0,0,0,0,0
16382801,2992,0,2,0,0,0,0,0,0,0,0,0
16386445,2993,0,2,0,0,0,0,0,0,0,0,0
16390089,2994,0,2,0,0,0,0,0,0,0,0,0
16393733,2995,0,2,0,0,0,0,0,0,0,0,0
16397377,2996,0,2,0,0,0,0,0,0,0,0,0
16401021,2997,0,2,0,0,0,0,0,0,0,0,0
16404665,2998,0,2,0,0,0,0,0,0,0,0,0
16408309,2999,0,2,0,0,0,0,0,0,0,0,0
16411953,3000,0,2,0,0,0,0,0,0,0,0,0
16415598,3001,0,2,0,0,0,0,0,0,0,0,0
16419242,3002,0,2,0,0,0,0,0,0,0,0,0
16422885,3003,0,2,0,0,0,0,0,0,0,0,0
16426529,3004,0,2,0,0,0,0,0,0,0,0,0
16430173,3005,0,2,0,0,0,0,0,0,0,0,0
16433817,3006,0,2,0,0,0,0,0,0,0,0,0
16437461,3007,0,2,0,0,0,0,0,0,0,0,0
16441105,3008,0,2,0,0,0,0,0,0,0,0,0
16444749,3009,0,2,0,0,0,0,0,0,0,0,0
16448393,3010,0,2,0,0,0,0,0,0,0,0,0
16452038,3011,0,2,0,0,0,0,0,0,0,0,0
16455681,3012,0,2,0,0,0,0,0,0,0,0,0
16459325,3013,0,2,0,0,0,0,0,0,0,0,0
16462969,3014,0,2,0,0,0,0,0,0,0,0,0
16466613,3015,0,2,0,0,0,0,0,0,0,0,0
16470257,3016,0,2,0,0,0,0,0,0,0,0,0
16473901,3017,0,2,0,0,0,0,0,0,0,0,0
16477545,3018,0,2,0,0,0,0,0,0,0,0,0
16481189,3019,0,2,0,0,0,0,0,0,0,0,0
16484833,3020,0,2,0,0,0,0,0,0,0,0,0
16488478,3021,0,2,0,0,0,0,0,0,0,0,0
16492121,3022,0,2,0,0,0,0,0,0,0,0,0
16495765,3023,0,2,0,0,0,0,0,0,0,0,0
16499409,3024,0,2,0,0,0,0,0,0,0,0,0
16503053,3025,0,2,0,0,0,0,0,0,0,0,0
16506697,3026,0,2,0,0,0,0,0,0,0,0,0
16510341,3027,0,2,0,0,0,0,0,0,0,0,0
16513985,3028,0,2,0,0,0,0,0,0,0,0,0
16517629,3029,0,2,0,0,0,0,0,0,0,0,0
16521273,3030,0,2,0,0,0,0,0,0,0,0,0
16524918,3031,0,2,0,0,0,0,0,0,0,0,0
16528561,3032,0,2,0,0,0,0,0,0,0,0,0
16532205,3033,0,2,0,0,0,0,0,0,0,0,0
16535849,3034,0,2,0,0,0,0,0,0,0,0,0
16539493,3035,0,2,0,0,0,0,0,0,0,0,0
16543137,3036,0,2,0,0,0,0,0,0,0,0,0
16546781,3037,0,2,0,0,0,0,0,0,0,0,0
16550425,3038,0,2,0,0,0,0,0,0,0,0,0
16554069,3039,0,2,0,0,0,0,0,0,0,0,0
16557713,3040,0,2,0,0,0,0,0,0,0,0,0
16561358,3041,0,2,0,0,0,0,0,0,0,0,0
16565002,3042,0,2,0,0,0,0,0,0,0,0,0
16568645,3043,0,2,0,0,0,0,0,0,0,0,0
16572289,3044,0,2,0,0,0,0,0,0,0,0,0
16575933,3045,0,2,0,0,0,0,0,0,0,0,0
16579577,3046,0,2,0,0,0,0,0,0,0,0,0
16583221,3047,0,2,0,0,0,0,0,0,0,0,0
16586865,3048,0,2,0,0,0,0,0,0,0,0,0
16590509,3049,0,2,0,0,0,0,0,0,0,0,0
16594153,3050,0,2,0,0,0,0,0,0,0,0,0
16597798,3051,0,2,0,0,0,0,0,0,0,0,0
16601441,3052,0,2,0,0,0,0,0,0,0,0,0
16605085,3053,0,2,0,0,0,0,0,0,0,0,0
16608729,3054,0,2,0,0,0,0,0,0,0,0,0
16612373,3055,0,2,0,0,0,0,0,0,0,0,0
16616017,3056,0,2,0,0,0,0,0,0,0,0,0
16619661,3057,0,2,0,0,0,0,0,0,0,0,0
16623305,3058,0,2,0,0,0,0,0,0,0,0,0
16626949,3059,0,2,0,0,0,0,0,0,0,0,0
16630593,3060,0,2,0,0,0,0,0,0,0,0,0
16634238,3061,0,2,0,0,0,0,0,0,0,0,0
16637881,3062,0,2,0,0,0,0,0,0,0,0,0
16641525,3063,0,2,0,0,0,0,0,0,0,0,0
16645169,3064,0,2,0,0,0,0,0,0,0,0,0
16648813,3065,0,2,0,0,0,0,0,0,0,0,0
16652457,3066,0,2,0,0,0,0,0,0,0,0,0
16656101,3067,0,2,0,0,0,0,0,0,0,0,0
16659745,3068,0,2,0,0,0,0,0,0,0,0,0
16663389,3069,0,2,0,0,0,0,0,0,0,0,0
16667034,3070,0,2,0,0,0,0,0,0,0,0,0
16670678,3071,0,2,0,0,0,0,0,0,0,0,0
16674321,3072,0,2,0,0,0,0,0,0,0,0,0
16677965,3073,0,2,0,0,0,0,0,0,0,0,0
16681609,3074,0,2,0,0,0,0,0,0,0,0,0
16685253,3075,0,2,0,0,0,0,0,0,0,0,0
16688897,3076,0,2,0,0,0,0,0,0,0,0,0
16692541,3077,0,2,0,0,0,0,0,0,0,0,0
16696185,3078,0,2,0,0,0,0,0,0,0,0,0
16699829,3079,0,2,0,0,0,0,0,0,0,0,0
16703473,3080,0,2,0,0,0,0,0,0,0,0,0
16707118,3081,0,2,0,0,0,0,0,0,0,0,0
16710761,3082,0,2,0,0,0,0,0,0,0,0,0
16714405,3083,0,2,0,0,0,0,0,0,0,0,0
16718050,3084,0,2,0,0,0,0,0,0,0,0,0
16721693,3085,0,2,0,0,0,0,0,0,0,0,0
16725337,3086,0,2,0,0,0,0,0,0,0,0,0
16728981,3087,0,2,0,0,0,0,0,0,0,0,0
16732625,3088,0,2,0,0,0,0,0,0,0,0,0
16736269,3089,0,2,0,0,0,0,0,0,0,0,0
16739913,3090,0,2,0,0,0,0,0,0,0,0,0
16743558,3091,0,2,0,0,0,0,0,0,0,0,0
16747201,3092,0,2,0,0,0,0,0,0,0,0,0
16750845,3093,0,2,0,0,0,0,0,0,0,0,0
16754489,3094,0,2,0,0,0,0,0,0,0,0,0
16758133,3095,0,2,0,0,0,0,0,0,0,0,0
16761777,3096,0,2,0,0,0,0,0,0,0,0,0
16765421,3097,0,2,0,0,0,0,0,0,0,0,0
16769065,3098,0,2,0,0,0,0,0,0,0,0,0
16772709,3099,0,2,0,0,0,0,0,0,0,0,0
16776353,3100,0,2,0,0,0,0,0,0,0,0,0
16779998,3101,0,2,0,0,0,0,0,0,0,0,0
16783641,3102,0,2,0,0,0,0,0,0,0,0,0
16787285,3103,0,2,0,0,0,0,0,0,0,0,0
16790929,3104,0,2,0,0,0,0,0,0,0,0,0
16794573,3105,0,2,0,0,0,0,0,0,0,0,0
16798217,3106,0,2,0,0,0,0,0,0,0,0,0
16801861,3107,0,2,0,0,0,0,0,0,0,0,0
16805505,3108,0,2,0,0,0,0,0,0,0,0,0
16809149,3109,0,2,0,0,0,0,0,0,0,0,0
16812793,3110,0,2,0,0,0,0,0,0,0,0,0
16816438,3111,0,2,0,0,0,0,0,0,0,0,0
16820081,3112,0,2,0,0,0,0,0,0,0,0,0
16823725,3113,0,2,0,0,0,0,0,0,0,0,0
16827369,3114,0,2,0,0,0,0,0,0,0,0,0
16831014,3115,0,2,0,0,0,0,0,0,0,0,0
16834657,3116,0,2,0,0,0,0,0,0,0,0,0
16838301,3117,0,2,0,0,0,0,0,0,0,0,0
16841945,3118,0,2,0,0,0,0,0,0,0,0,0
16845589,3119,0,2,0,0,0,0,0,0,0,0,0
16849233,3120,0,2,0,0,0,0,0,0,0,0,0
16852878,3121,0,2,0,0,0,0,0,0,0,0,0
16856521,3122,0,2,0,0,0,0,0,0,0,0,0
16860165,3123,0,2,0,0,0,0,0,0,0,0,0
16863809,3124,0,2,0,0,0,0,0,0,0,0,0
16867453,3125,0,2,0,0,0,0,0,0,0,0,0
16871097,3126,0,2,0,0,0,0,0,0,0,0,0
16874741,3127,0,2,0,0,0,0,0,0,0,0,0
16878385,3128,0,2,0,0,0,0,0,0,0,0,0
16882029,3129,0,2,0,0,0,0,0,0,0,0,0
16885673,3130,0,2,0,0,0,0,0,0,0,0,0
16889318,3131,0,2,0,0,0,0,0,0,0,0,0
16892961,3132,0,2,0,0,0,0,0,0,0,0,0
16896605,3133,0,2,0,0,0,0,0,0,0,0,0
16900249,3134,0,2,0,0,0,0,0,0,0,0,0
16903893,3135,0,2,0,0,0,0,0,0,0,0,0
16907537,3136,0,2,0,0,0,0,0,0,0,0,0
16911181,3137,0,2,0,0,0,0,0,0,0,0,0
16914825,3138,0,2,0,0,0,0,0,0,0,0,0
16918469,3139,0,2,0,0,0,0,0,0,0,0,0
16922113,3140,0,2,0,0,0,0,0,0,0,0,0
16925758,3141,0,2,0,0,0,0,0,0,0,0,0
16929401,3142,0,2,0,0,0,0,0,0,0,0,0
16933045,3143,0,2,0,0,0,0,0,0,0,0,0
16936689,3144,0,2,0,0,0,0,0,0,0,0,0
16940333,3145,0,2,0,0,0,0,0,0,0,0,0
16943977,3146,0,2,0,0,0,0,0,0,0,0,0
16947621,3147,0,2,0,0,0,0,0,0,0,0,0
16951265,3148,0,2,0,0,0,0,0,0,0,0,0
16954909,3149,0,2,0,0,0,0,0,0,0,0,0
16958553,3150,0,2,0,0,0,0,0,0,0,0,0
16962198,3151,0,2,0,0,0,0,0,0,0,0,0
16965841,3152,0,2,0,0,0,0,0,0,0,0,0
16969485,3153,0,2,0,0,0,0,0,0,0,0,0
16973129,3154,0,2,0,0,0,0,0,0,0,0,0
16976773,3155,0,2,0,0,0,0,0,0,0,0,0
16980417,3156,0,2,0,0,0,0,0,0,0,0,0
16984062,3157,0,2,0,0,0,0,0,0,0,0,0
16987705,3158,0,2,0,0,0,0,0,0,0,0,0
16991349,3159,0,2,0,0,0,0,0,0,0,0,0
16994993,3160,0,2,0,0,0,0,0,0,0,0,0
16998638,3161,0,2,0,0,0,0,0,0,0,0,0
17002281,3162,0,2,0,0,0,0,0,0,0,0,0
17005925,3163,0,2,0,0,0,0,0,0,0,0,0
17009569,3164,0,2,0,0,0,0,0,0,0,0,0
17013213,3165,0,2,0,0,0,0,0,0,0,0,0
17016857,3166,0,2,0,0,0,0,0,0,0,0,0
17020501,3167,0,2,0,0,0,0,0,0,0,0,0
17024145,3168,0,2,0,0,0,0,0,0,0,0,0
17027789,3169,0,2,0,0,0,0,0,0,0,0,0
17031433,3170,0,2,0,0,0,0,0,0,0,0,0
17035078,3171,0,2,0,0,0,0,0,0,0,0,0
17038721,3172,0,2,0,0,0,0,0,0,0,0,0
17042365,3173,0,2,0,0,0,0,0,0,0,0,0
17046010,3174,0,2,0,0,0,0,0,0,0,0,0
17049653,3175,0,2,0,0,0,0,0,0,0,0,0
17053297,3176,0,2,0,0,0,0,0,0,0,0,0
17056941,3177,0,2,0,0,0,0,0,0,0,0,0
17060585,3178,0,2,0,0,0,0,0,0,0,0,0
17069391,3179,0,2,0,0,0,0,0,0,0,0,0
17073023,3180,0,2,0,0,0,0,0,0,0,0,0
17076668,3181,0,2,0,0,0,0,0,0,0,0,0
17080311,3182,0,2,0,0,0,0,0,0,0,0,0
17083955,3183,0,2,0,0,0,0,0,0,0,0,0
17087599,3184,0,2,0,0,0,0,0,0,0,0,0
17091243,3185,0,2,0,0,0,0,0,0,0,0,0
17094887,3186,0,2,0,0,0,0,0,0,0,0,0
17098531,3187,0,2,0,0,0,0,0,0,0,0,0
17102175,3188,0,2,0,0,0,0,0,0,0,0,0
17105819,3189,0,2,0,0,0,0,0,0,0,0,0
17109463,3190,0,2,0,0,0,0,0,0,0,0,0
17113108,3191,0,2,0,0,0,0,0,0,0,0,0
17116751,3192,0,2,0,0,0,0,0,0,0,0,0
17120395,3193,0,2,0,0,0,0,0,0,0,0,0
17124039,3194,0,2,0,0,0,0,0,0,0,0,0
17127683,3195,0,2,0,0,0,0,0,0,0,0,0
17131327,3196,0,2,0,0,0,0,0,0,0,0,0
17134971,3197,0,2,0,0,0,0,0,0,0,0,0
17138615,3198,0,2,0,0,0,0,0,0,0,0,0
17142259,3199,0,2,0,0,0,0,0,0,0,0,0
17145903,3200,0,2,0,0,0,0,0,0,0,0,0
17149548,3201,0,2,0,0,0,0,0,0,0,0,0
17153191,3202,0,2,0,0,0,0,0,0,0,0,0
17156835,3203,0,2,0,0,0,0,0,0,0,0,0
17160479,3204,0,2,0,0,0,0,0,0,0,0,0
17164123,3205,0,2,0,0,0,0,0,0,0,0,0
17167767,3206,0,2,0,0,0,0,0,0,0,0,0
17171411,3207,0,2,0,0,0,0,0,0,0,0,0
17175055,3208,0,2,0,0,0,0,0,0,0,0,0
17178699,3209,0,2,0,0,0,0,0,0,0,0,0
17182343,3210,0,2,0,0,0,0,0,0,0,0,0
17185988,3211,0,2,0,0,0,0,0,0,0,0,0
17189631,3212,0,2,0,0,0,0,0,0,0,0,0
17193275,3213,0,2,0,0,0,0,0,0,0,0,0
17196919,3214,0,2,0,0,0,0,0,0,0,0,0
17200563,3215,0,2,0,0,0,0,0,0,0,0,0
17204207,3216,0,2,0,0,0,0,0,0,0,0,0
17207851,3217,0,2,0,0,0,0,0,0,0,0,0
17211495,3218,0,2,0,0,0,0,0,0,0,0,0
17215139,3219,0,2,0,0,0,0,0,0,0,0,0
17218783,3220,0,2,0,0,0,0,0,0,0,0,0
17222428,3221,0,2,0,0,0,0,0,0,0,0,0
17226071,3222,0,2,0,0,0,0,0,0,0,0,0
17229715,3223,0,2,0,0,0,0,0,0,0,0,0
17233359,3224,0,2,0,0,0,0,0,0,0,0,0
17237003,3225,0,2,0,0,0,0,0,0,0,0,0
17240647,3226,0,2,0,0,0,0,0,0,0,0,0
17244291,3227,0,2,0,0,0,0,0,0,0,0,0
17247935,3228,0,2,0,0,0,0,0,0,0,0,0
17251579,3229,0,2,0,0,0,0,0,0,0,0,0
17255223,3230,0,2,0,0,0,0,0,0,0,0,0
17258868,3231,0,2,0,0,0,0,0,0,0,0,0
17262511,3232,0,2,0,0,0,0,0,0,0,0,0
17266155,3233,0,2,0,0,0,0,0,0,0,0,0
17269799,3234,0,2,0,0,0,0,0,0,0,0,0
17273443,3235,0,2,0,0,0,0,0,0,0,0,0
17277087,3236,0,2,0,0,0,0,0,0,0,0,0
17280731,3237,0,2,0,0,0,0,0,0,0,0,0
17284375,3238,0,2,0,0,0,0,0,0,0,0,0
17288019,3239,0,2,0,0,0,0,0,0,0,0,0
17291663,3240,0,2,0,0,0,0,0,0,0,0,0
17295308,3241,0,2,0,0,0,0,0,0,0,0,0
17298951,3242,0,2,0,0,0,0,0,0,0,0,0
17302595,3243,0,2,0,0,0,0,0,0,0,0,0
17306239,3244,0,2,0,0,0,0,0,0,0,0,0
17309883,3245,0,2,0,0,0,0,0,0,0,0,0
17313527,3246,0,2,0,0,0,0,0,0,0,0,0
17317171,3247,0,2,0,0,0,0,0,0,0,0,0
17320815,3248,0,2,0,0,0,0,0,0,0,0,0
17324459,3249,0,2,0,0,0,0,0,0,0,0,0
17328103,3250,0,2,0,0,0,0,0,0,0,0,0
17331748,3251,0,2,0,0,0,0,0,0,0,0,0
17335391,3252,0,2,0,0,0,0,0,0,0,0,0
17339035,3253,0,2,0,0,0,0,0,0,0,0,0
17342679,3254,0,2,0,0,0,0,0,0,0,0,0
17346323,3255,0,2,0,0,0,0,0,0,0,0,0
17349967,3256,0,2,0,0,0,0,0,0,0,0,0
17353611,3257,0,2,0,0,0,0,0,0,0,0,0
17357255,3258,0,2,0,0,0,0,0,0,0,0,0
17360899,3259,0,2,0,0,0,0,0,0,0,0,0
17364543,3260,0,2,0,0,0,0,0,0,0,0,0
17368188,3261,0,2,0,0,0,0,0,0,0,0,0
17371831,3262,0,2,0,0,0,0,0,0,0,0,0
17375475,3263,0,2,0,0,0,0,0,0,0,0,0
17379119,3264,0,2,0,0,0,0,0,0,0,0,0
17382763,3265,0,2,0,0,0,0,0,0,0,0,0
17386407,3266,0,2,0,0,0,0,0,0,0,0,0
17390051,3267,0,2,0,0,0,0,0,0,0,0,0
17393695,3268,0,2,0,0,0,0,0,0,0,0,0
17397339,3269,0,2,0,0,0,0,0,0,0,0,0
17400983,3270,0,2,0,0,0,0,0,0,0,0,0
17404628,3271,0,2,0,0,0,0,0,0,0,0,0
17408271,3272,0,2,0,0,0,0,0,0,0,0,0
17411915,3273,0,2,0,0,0,0,0,0,0,0,0
17415559,3274,0,2,0,0,0,0,0,0,0,0,0
17419203,3275,0,2,0,0,0,0,0,0,0,0,0
17422847,3276,0,2,0,0,0,0,0,0,0,0,0
17426491,3277,0,2,0,0,0,0,0,0,0,0,0
17430135,3278,0,2,0,0,0,0,0,0,0,0,0
17433779,3279,0,2,0,0,0,0,0,0,0,0,0
17437423,3280,0,2,0,0,0,0,0,0,0,0,0
17441068,3281,0,2,0,0,0,0,0,0,0,0,0
17444711,3282,0,2,0,0,0,0,0,0,0,0,0
17448355,3283,0,2,0,0,0,0,0,0,0,0,0
17451999,3284,0,2,0,0,0,0,0,0,0,0,0
17455643,3285,0,2,0,0,0,0,0,0,0,0,0
17459287,3286,0,2,0,0,0,0,0,0,0,0,0
17462931,3287,0,2,0,0,0,0,0,0,0,0,0
17466575,3288,0,2,0,0,0,0,0,0,0,0,0
17470219,3289,0,2,0,0,0,0,0,0,0,0,0
17473863,3290,0,2,0,0,0,0,0,0,0,0,0
17477508,3291,0,2,0,0,0,0,0,0,0,0,0
17481151,3292,0,2,0,0,0,0,0,0,0,0,0
17484795,3293,0,2,0,0,0,0,0,0,0,0,0
17488439,3294,0,2,0,0,0,0,0,0,0,0,0
17492083,3295,0,2,0,0,0,0,0,0,0,0,0
17495727,3296,0,2,0,0,0,0,0,0,0,0,0
17499371,3297,0,2,0,0,0,0,0,0,0,0,0
17503015,3298,0,2,0,0,0,0,0,0,0,0,0
17506659,3299,0,2,0,0,0,0,0,0,0,0,0
17510303,3300,0,2,0,0,0,0,0,0,0,0,0
17513948,3301,0,2,0,0,0,0,0,0,0,0,0
17517591,3302,0,2,0,0,0,0,0,0,0,0,0
17521235,3303,0,2,0,0,0,0,0,0,0,0,0
17524879,3304,0,2,0,0,0,0,0,0,0,0,0
17528523,3305,0,2,0,0,0,0,0,0,0,0,0
17532167,3306,0,2,0,0,0,0,0,0,0,0,0
17535811,3307,0,2,0,0,0,0,0,0,0,0,0
17539455,3308,0,2,0,0,0,0,0,0,0,0,0
17543099,3309,0,2,0,0,0,0,0,0,0,0,0
17546743,3310,0,2,0,0,0,0,0,0,0,0,0
17550388,3311,0,2,0,0,0,0,0,0,0,0,0
17554031,3312,0,2,0,0,0,0,0,0,0,0,0
17557675,3313,0,2,0,0,0,0,0,0,0,0,0
17561319,3314,0,2,0,0,0,0,0,0,0,0,0
17564963,3315,0,2,0,0,0,0,0,0,0,0,0
17568607,3316,0,2,0,0,0,0,0,0,0,0,0
17572251,3317,0,2,0,0,0,0,0,0,0,0,0
17575895,3318,0,2,0,0,0,0,0,0,0,0,0
17579539,3319,0,2,0,0,0,0,0,0,0,0,0
17583183,3320,0,2,0,0,0,0,0,0,0,0,0
17586828,3321,0,2,0,0,0,0,0,0,0,0,0
17590471,3322,0,2,0,0,0,0,0,0,0,0,0
17594115,3323,0,2,0,0,0,0,0,0,0,0,0
17597759,3324,0,2,0,0,0,0,0,0,0,0,0
17601403,3325,0,2,0,0,0,0,0,0,0,0,0
17605047,3326,0,2,0,0,0,0,0,0,0,0,0
17608691,3327,0,2,0,0,0,0,0,0,0,0,0
17612335,3328,0,2,0,0,0,0,0,0,0,0,0
17615979,3329,0,2,0,0,0,0,0,0,0,0,0
17619623,3330,0,2,0,0,0,0,0,0,0,0,0
17623268,3331,0,2,0,0,0,0,0,0,0,0,0
17626911,3332,0,2,0,0,0,0,0,0,0,0,0
17630555,3333,0,2,0,0,0,0,0,0,0,0,0
17634199,3334,0,2,0,0,0,0,0,0,0,0,0
17637843,3335,0,2,0,0,0,0,0,0,0,0,0
17641487,3336,0,2,0,0,0,0,0,0,0,0,0
17645131,3337,0,2,0,0,0,0,0,0,0,0,0
17648775,3338,0,2,0,0,0,0,0,0,0,0,0
17652419,3339,0,2,0,0,0,0,0,0,0,0,0
17656063,3340,0,2,0,0,0,0,0,0,0,0,0
17659708,3341,0,2,0,0,0,0,0,0,0,0,0
17663351,3342,0,2,0,0,0,0,0,0,0,0,0
17666995,3343,0,2,0,0,0,0,0,0,0,0,0
17670639,3344,0,2,0,0,0,0,0,0,0,0,0
17674283,3345,0,2,0,0,0,0,0,0,0,0,0
17677927,3346,0,2,0,0,0,0,0,0,0,0,0
17681571,3347,0,2,0,0,0,0,0,0,0,0,0
17685215,3348,0,2,0,0,0,0,0,0,0,0,0
17688859,3349,0,2,0,0,0,0,0,0,0,0,0
17692503,3350,0,2,0,0,0,0,0,0,0,0,0
17696148,3351,0,2,0,0,0,0,0,0,0,0,0
17699791,3352,0,2,0,0,0,0,0,0,0,0,0
17703435,3353,0,2,0,0,0,0,0,0,0,0,0
17707079,3354,0,2,0,0,0,0,0,0,0,0,0
17710723,3355,0,2,0,0,0,0,0,0,0,0,0
17714367,3356,0,2,0,0,0,0,0,0,0,0,0
17718011,3357,0,2,0,0,0,0,0,0,0,0,0
17721655,3358,0,2,0,0,0,0,0,0,0,0,0
17725299,3359,0,2,0,0,0,0,0,0,0,0,0
17728943,3360,0,2,0,0,0,0,0,0,0,0,0
17732588,3361,0,2,0,0,0,0,0,0,0,0,0
17736231,3362,0,2,0,0,0,0,0,0,0,0,0
17739875,3363,0,2,0,0,0,0,0,0,0,0,0
17743519,3364,0,2,0,0,0,0,0,0,0,0,0
17747163,3365,0,2,0,0,0,0,0,0,0,0,0
17750807,3366,0,2,0,0,0,0,0,0,0,0,0
17754451,3367,0,2,0,0,0,0,0,0,0,0,0
17758095,3368,0,2,0,0,0,0,0,0,0,0,0
17761739,3369,0,2,0,0,0,0,0,0,0,0,0
17765383,3370,0,2,0,0,0,0,0,0,0,0,0
17769028,3371,0,2,0,0,0,0,0,0,0,0,0
17772671,3372,0,2,0,0,0,0,0,0,0,0,0
17776315,3373,0,2,0,0,0,0,0,0,0,0,0
17779959,3374,0,2,0,0,0,0,0,0,0,0,0
17783603,3375,0,2,0,0,0,0,0,0,0,0,0
17787247,3376,0,2,0,0,0,0,0,0,0,0,0
17790891,3377,0,2,0,0,0,0,0,0,0,0,0
17794535,3378,0,2,0,0,0,0,0,0,0,0,0
17798179,3379,0,2,0,0,0,0,0,0,0,0,0
17801823,3380,0,2,0,0,0,0,0,0,0,0,0
17805468,3381,0,2,0,0,0,0,0,0,0,0,0
17809111,3382,0,2,0,0,0,0,0,0,0,0,0
17812755,3383,0,2,0,0,0,0,0,0,0,0,0
17816399,3384,0,2,0,0,0,0,0,0,0,0,0
17820043,3385,0,2,0,0,0,0,0,0,0,0,0
17823687,3386,0,2,0,0,0,0,0,0,0,0,0
17827331,3387,0,2,0,0,0,0,0,0,0,0,0
17830975,3388,0,2,0,0,0,0,0,0,0,0,0
17834619,3389,0,2,0,0,0,0,0,0,0,0,0
17838263,3390,0,2,0,0,0,0,0,0,0,0,0
17841908,3391,0,2,0,0,0,0,0,0,0,0,0
17845551,3392,0,2,0,0,0,0,0,0,0,0,0
17849195,3393,0,2,0,0,0,0,0,0,0,0,0
17852839,3394,0,2,0,0,0,0,0,0,0,0,0
17856483,3395,0,2,0,0,0,0,0,0,0,0,0
17860127,3396,0,2,0,0,0,0,0,0,0,0,0
17863771,3397,0,2,0,0,0,0,0,0,0,0,0
17867415,3398,0,2,0,0,0,0,0,0,0,0,0
17871059,3399,0,2,0,0,0,0,0,0,0,0,0
17874703,3400,0,2,0,0,0,0,0,0,0,0,0
17878348,3401,0,2,0,0,0,0,0,0,0,0,0
17881991,3402,0,2,0,0,0,0,0,0,0,0,0
17885635,3403,0,2,0,0,0,0,0,0,0,0,0
17889279,3404,0,2,0,0,0,0,0,0,0,0,0
17892923,3405,0,2,0,0,0,0,0,0,0,0,0
17903783,3406,0,2,0,0,0,0,0,0,0,0,0
17907415,3407,0,2,0,0,0,0,0,0,0,0,0
17911059,3408,0,2,0,0,0,0,0,0,0,0,0
17914703,3409,0,2,0,0,0,0,0,0,0,0,0
17918347,3410,0,2,0,0,0,0,0,0,0,0,0
17921992,3411,0,2,0,0,0,0,0,0,0,0,0
17925635,3412,0,2,0,0,0,0,0,0,0,0,0
17929279,3413,0,2,0,0,0,0,0,0,0,0,0
17932923,3414,0,2,0,0,0,0,0,0,0,0,0
17936567,3415,0,2,0,0,0,0,0,0,0,0,0
17940211,3416,0,2,0,0,0,0,0,0,0,0,0
17943855,3417,0,2,0,0,0,0,0,0,0,0,0
17947499,3418,0,2,0,0,0,0,0,0,0,0,0
17951143,3419,0,2,0,0,0,0,0,0,0,0,0
17954787,3420,0,2,0,0,0,0,0,0,0,0,0
17958432,3421,0,2,0,0,0,0,0,0,0,0,0
17962075,3422,0,2,0,0,0,0,0,0,0,0,0
17965719,3423,0,2,0,0,0,0,0,0,0,0,0
17969363,3424,0,2,0,0,0,0,0,0,0,0,0
17973007,3425,0,2,0,0,0,0,0,0,0,0,0
17976651,3426,0,2,0,0,0,0,0,0,0,0,0
17980295,3427,0,2,0,0,0,0,0,0,0,0,0
17983939,3428,0,2,0,0,0,0,0,0,0,0,0
17987583,3429,0,2,0,0,0,0,0,0,0,0,0
17991227,3430,0,2,0,0,0,0,0,0,0,0,0
17994872,3431,0,2,0,0,0,0,0,0,0,0,0
17998515,3432,0,2,0,0,0,0,0,0,0,0,0
18002159,3433,0,2,0,0,0,0,0,0,0,0,0
18005803,3434,0,2,0,0,0,0,0,0,0,0,0
18009447,3435,0,2,0,0,0,0,0,0,0,0,0
18013092,3436,0,2,0,0,0,0,0,0,0,0,0
18016735,3437,0,2,0,0,0,0,0,0,0,0,0
18020379,3438,0,2,0,0,0,0,0,0,0,0,0
18024023,3439,0,2,0,0,0,0,0,0,0,0,0
18027667,3440,0,2,0,0,0,0,0,0,0,0,0
18031312,3441,0,2,0,0,0,0,0,0,0,0,0
18034955,3442,0,2,0,0,0,0,0,0,0,0,0
18038599,3443,0,2,0,0,0,0,0,0,0,0,0
18042243,3444,0,2,0,0,0,0,0,0,0,0,0
18045887,3445,0,2,0,0,0,0,0,0,0,0,0
18049531,3446,0,2,0,0,0,0,0,0,0,0,0
18053175,3447,0,2,0,0,0,0,0,0,0,0,0
18056819,3448,0,2,0,0,0,0,0,0,0,0,0
18060463,3449,0,2,0,0,0,0,0,0,0,0,0
18064107,3450,0,2,0,0,0,0,0,0,0,0,0
18067752,3451,0,2,0,0,0,0,0,0,0,0,0
18071395,3452,0,2,0,0,0,0,0,0,0,0,0
18075039,3453,0,2,0,0,0,0,0,0,0,0,0
18078683,3454,0,2,0,0,0,0,0,0,0,0,0
18082327,3455,0,2,0,0,0,0,0,0,0,0,0
18085971,3456,0,2,0,0,0,0,0,0,0,0,0
18089615,3457,0,2,0,0,0,0,0,0,0,0,0
18093259,3458,0,2,0,0,0,0,0,0,0,0,0
18096903,3459,0,2,0,0,0,0,0,0,0,0,0
18100547,3460,0,2,0,0,0,0,0,0,0,0,0
18104192,3461,0,2,0,0,0,0,0,0,0,0,0
18107835,3462,0,2,0,0,0,0,0,0,0,0,0
18111479,3463,0,2,0,0,0,0,0,0,0,0,0
18115123,3464,0,2,0,0,0,0,0,0,0,0,0
18118767,3465,0,2,0,0,0,0,0,0,0,0,0
18122411,3466,0,2,0,0,0,0,0,0,0,0,0
18126055,3467,0,2,0,0,0,0,0,0,0,0,0
18129699,3468,0,2,0,0,0,0,0,0,0,0,0
18133343,3469,0,2,0,0,0,0,0,0,0,0,0
18136987,3470,0,2,0,0,0,0,0,0,0,0,0
18140632,3471,0,2,0,0,0,0,0,0,0,0,0
18144275,3472,0,2,0,0,0,0,0,0,0,0,0
18147919,3473,0,2,0,0,0,0,0,0,0,0,0
18151563,3474,0,2,0,0,0,0,0,0,0,0,0
18155207,3475,0,2,0,0,0,0,0,0,0,0,0
18158851,3476,0,2,0,0,0,0,0,0,0,0,0
18162495,3477,0,2,0,0,0,0,0,0,0,0,0
18166139,3478,0,2,0,0,0,0,0,0,0,0,0
18169783,3479,0,2,0,0,0,0,0,0,0,0,0
18173427,3480,0,2,0,0,0,0,0,0,0,0,0
18177072,3481,0,2,0,0,0,0,0,0,0,0,0
18180715,3482,0,2,0,0,0,0,0,0,0,0,0
18184359,3483,0,2,0,0,0,0,0,0,0,0,0
18188004,3484,0,2,0,0,0,0,0,0,0,0,0
18191647,3485,0,2,0,0,0,0,0,0,0,0,0
18195291,3486,0,2,0,0,0,0,0,0,0,0,0
18198935,3487,0,2,0,0,0,0,0,0,0,0,0
18202579,3488,0,2,0,0,0,0,0,0,0,0,0
18206223,3489,0,2,0,0,0,0,0,0,0,0,0
18209867,3490,0,2,0,0,0,0,0,0,0,0,0
18213512,3491,0,2,0,0,0,0,0,0,0,0,0
18217155,3492,0,2,0,0,0,0,0,0,0,0,0
18220799,3493,0,2,0,0,0,0,0,0,0,0,0
18224443,3494,0,2,0,0,0,0,0,0,0,0,0
18228087,3495,0,2,0,0,0,0,0,0,0,0,0
18231731,3496,0,2,0,0,0,0,0,0,0,0,0
18235375,3497,0,2,0,0,0,0,0,0,0,0,0
18239019,3498,0,2,0,0,0,0,0,0,0,0,0
18242663,3499,0,2,0,0,0,0,0,0,0,0,0
18246307,3500,0,2,0,0,0,0,0,0,0,0,0
18249952,3501,0,2,0,0,0,0,0,0,0,0,0
18253595,3502,0,2,0,0,0,0,0,0,0,0,0
18257239,3503,0,2,0,0,0,0,0,0,0,0,0
18260883,3504,0,2,0,0,0,0,0,0,0,0,0
18264527,3505,0,2,0,0,0,0,0,0,0,0,0
18268171,3506,0,2,0,0,0,0,0,0,0,0,0
18271815,3507,0,2,0,0,0,0,0,0,0,0,0
18275459,3508,0,2,0,0,0,0,0,0,0,0,0
18279103,3509,0,2,0,0,0,0,0,0,0,0,0
18282747,3510,0,2,0,0,0,0,0,0,0,0,0
18286392,3511,0,2,0,0,0,0,0,0,0,0,0
18290035,3512,0,2,0,0,0,0,0,0,0,0,0
18293679,3513,0,2,0,0,0,0,0,0,0,0,0
18297323,3514,0,2,0,0,0,0,0,0,0,0,0
18300967,3515,0,2,0,0,0,0,0,0,0,0,0
18304611,3516,0,2,0,0,0,0,0,0,0,0,0
18308255,3517,0,2,0,0,0,0,0,0,0,0,0
18311899,3518,0,2,0,0,0,0,0,0,0,0,0
18315543,3519,0,2,0,0,0,0,0,0,0,0,0
18319187,3520,0,2,0,0,0,0,0,0,0,0,0
18322832,3521,0,2,0,0,0,0,0,0,0,0,0
18326475,3522,0,2,0,0,0,0,0,0,0,0,0
18330119,3523,0,2,0,0,0,0,0,0,0,0,0
18333763,3524,0,2,0,0,0,0,0,0,0,0,0
18337407,3525,0,2,0,0,0,0,0,0,0,0,0
18341051,3526,0,2,0,0,0,0,0,0,0,0,0
18344695,3527,0,2,0,0,0,0,0,0,0,0,0
18348339,3528,0,2,0,0,0,0,0,0,0,0,0
18351983,3529,0,2,0,0,0,0,0,0,0,0,0
18355627,3530,0,2,0,0,0,0,0,0,0,0,0
18359272,3531,0,2,0,0,0,0,0,0,0,0,0
18362915,3532,0,2,0,0,0,0,0,0,0,0,0
18366559,3533,0,2,0,0,0,0,0,0,0,0,0
18370203,3534,0,2,0,0,0,0,0,0,0,0,0
18373847,3535,0,2,0,0,0,0,0,0,0,0,0
18377491,3536,0,2,0,0,0,0,0,0,0,0,0
18381135,3537,0,2,0,0,0,0,0,0,0,0,0
18384779,3538,0,2,0,0,0,0,0,0,0,0,0
18388423,3539,0,2,0,0,0,0,0,0,0,0,0
18392067,3540,0,2,0,0,0,0,0,0,0,0,0
18395712,3541,0,2,0,0,0,0,0,0,0,0,0
18399355,3542,0,2,0,0,0,0,0,0,0,0,0
18402999,3543,0,2,0,0,0,0,0,0,0,0,0
18406643,3544,0,2,0,0,0,0,0,0,0,0,0
18410287,3545,0,2,0,0,0,0,0,0,0,0,0
18413931,3546,0,2,0,0,0,0,0,0,0,0,0
18417575,3547,0,2,0,0,0,0,0,0,0,0,0
18421219,3548,0,2,0,0,0,0,0,0,0,0,0
18424863,3549,0,2,0,0,0,0,0,0,0,0,0
18428507,3550,0,2,0,0,0,0,0,0,0,0,0
18432152,3551,0,2,0,0,0,0,0,0,0,0,0
18435795,3552,0,2,0,0,0,0,0,0,0,0,0
18439439,3553,0,2,0,0,0,0,0,0,0,0,0
18443083,3554,0,2,0,0,0,0,0,0,0,0,0
18446727,3555,0,2,0,0,0,0,0,0,0,0,0
18450371,3556,0,2,0,0,0,0,0,0,0,0,0
18454015,3557,0,2,0,0,0,0,0,0,0,0,0
18457659,3558,0,2,0,0,0,0,0,0,0,0,0
18461303,3559,0,2,0,0,0,0,0,0,0,0,0
18464947,3560,0,2,0,0,0,0,0,0,0,0,0
18468592,3561,0,2,0,0,0,0,0,0,0,0,0
18472235,3562,0,2,0,0,0,0,0,0,0,0,0
18475879,3563,0,2,0,0,0,0,0,0,0,0,0
18479523,3564,0,2,0,0,0,0,0,0,0,0,0
18483167,3565,0,2,0,0,0,0,0,0,0,0,0
18486811,3566,0,2,0,0,0,0,0,0,0,0,0
18490455,3567,0,2,0,0,0,0,0,0,0,0,0
18494099,3568,0,2,0,0,0,0,0,0,0,0,0
18497743,3569,0,2,0,0,0,0,0,0,0,0,0
18501387,3570,0,2,0,0,0,0,0,0,0,0,0
18505032,3571,0,2,0,0,0,0,0,0,0,0,0
18508675,3572,0,2,0,0,0,0,0,0,0,0,0
18512319,3573,0,2,0,0,0,0,0,0,0,0,0
18515963,3574,0,2,0,0,0,0,0,0,0,0,0
18519607,3575,0,2,0,0,0,0,0,0,0,0,0
18523251,3576,0,2,0,0,0,0,0,0,0,0,0
18526895,3577,0,2,0,0,0,0,0,0,0,0,0
18530539,3578,0,2,0,0,0,0,0,0,0,0,0
18534183,3579,0,2,0,0,0,0,0,0,0,0,0
18537827,3580,0,2,0,0,0,0,0,0,0,0,0
18541472,3581,0,2,0,0,0,0,0,0,0,0,0
18545115,3582,0,2,0,0,0,0,0,0,0,0,0
18548759,3583,0,2,0,0,0,0,0,0,0,0,0
18552403,3584,0,2,0,0,0,0,0,0,0,0,0
18556047,3585,0,2,0,0,0,0,0,0,0,0,0
18559691,3586,0,2,0,0,0,0,0,0,0,0,0
18563335,3587,0,2,0,0,0,0,0,0,0,0,0
18566979,3588,0,2,0,0,0,0,0,0,0,0,0
18570623,3589,0,2,0,0,0,0,0,0,0,0,0
18574267,3590,0,2,0,0,0,0,0,0,0,0,0
18577912,3591,0,2,0,0,0,0,0,0,0,0,0
18581555,3592,0,2,0,0,0,0,0,0,0,0,0
18585199,3593,0,2,0,0,0,0,0,0,0,0,0
18588843,3594,0,2,0,0,0,0,0,0,0,0,0
18592487,3595,0,2,0,0,0,0,0,0,0,0,0
18596131,3596,0,2,0,0,0,0,0,0,0,0,0
18599775,3597,0,2,0,0,0,0,0,0,0,0,0
18603419,3598,0,2,0,0,0,0,0,0,0,0,0
18607063,3599,0,2,0,0,0,0,0,0,0,0,0
18610707,3600,0,2,0,0,0,0,0,0,0,0,0
18614352,3601,0,2,0,0,0,0,0,0,0,0,0
18617995,3602,0,2,0,0,0,0,0,0,0,0,0
18621639,3603,0,2,0,0,0,0,0,0,0,0,0
18625283,3604,0,2,0,0,0,0,0,0,0,0,0
18628927,3605,0,2,0,0,0,0,0,0,0,0,0
18632571,3606,0,2,0,0,0,0,0,0,0,0,0
18636215,3607,0,2,0,0,0,0,0,0,0,0,0
18639859,3608,0,2,0,0,0,0,0,0,0,0,0
18643503,3609,0,2,0,0,0,0,0,0,0,0,0
18647147,3610,0,2,0,0,0,0,0,0,0,0,0
18650792,3611,0,2,0,0,0,0,0,0,0,0,0
18654435,3612,0,2,0,0,0,0,0,0,0,0,0
18658079,3613,0,2,0,0,0,0,0,0,0,0,0
18661723,3614,0,2,0,0,0,0,0,0,0,0,0
18665367,3615,0,2,0,0,0,0,0,0,0,0,0
18669011,3616,0,2,0,0,0,0,0,0,0,0,0
18672655,3617,0,2,0,0,0,0,0,0,0,0,0
18676299,3618,0,2,0,0,0,0,0,0,0,0,0
18679943,3619,0,2,0,0,0,0,0,0,0,0,0
18683587,3620,0,2,0,0,0,0,0,0,0,0,0
18687232,3621,0,2,0,0,0,0,0,0,0,0,0
18690875,3622,0,2,0,0,0,0,0,0,0,0,0
18694519,3623,0,2,0,0,0,0,0,0,0,0,0
18698163,3624,0,2,0,0,0,0,0,0,0,0,0
18701807,3625,0,2,0,0,0,0,0,0,0,0,0
18705451,3626,0,2,0,0,0,0,0,0,0,0,0
18709095,3627,0,2,0,0,0,0,0,0,0,0,0
18712739,3628,0,2,0,0,0,0,0,0,0,0,0
18716383,3629,0,2,0,0,0,0,0,0,0,0,0
18720027,3630,0,2,0,0,0,0,0,0,0,0,0
18723672,3631,0,2,0,0,0,0,0,0,0,0,0
18727315,3632,0,2,0,0,0,0,0,0,0,0,0
18766948,3633,0,2,0,0,0,0,0,0,0,0,0
18770580,3634,0,2,0,0,0,0,0,0,0,0,0
18774224,3635,0,2,0,0,0,0,0,0,0,0,0
18777868,3636,0,2,0,0,0,0,0,0,0,0,0
18781512,3637,0,2,0,0,0,0,0,0,0,0,0
18785156,3638,0,2,0,0,0,0,0,0,0,0,0
18788800,3639,0,2,0,0,0,0,0,0,0,0,0
18792444,3640,0,2,0,0,0,0,0,0,0,0,0
18796089,3641,0,2,0,0,0,0,0,0,0,0,0
18799732,3642,0,2,0,0,0,0,0,0,0,0,0
18803376,3643,0,2,0,0,0,0,0,0,0,0,0
18807020,3644,0,2,0,0,0,0,0,0,0,0,0
18810664,3645,0,2,0,0,0,0,0,0,0,0,0
18814308,3646,0,2,0,0,0,0,0,0,0,0,0
18817952,3647,0,2,0,0,0,0,0,0,0,0,0
18821596,3648,0,2,0,0,0,0,0,0,0,0,0
18825240,3649,0,2,0,0,0,0,0,0,0,0,0
18828884,3650,0,2,0,0,0,0,0,0,0,0,0
18832529,3651,0,2,0,0,0,0,0,0,0,0,0
18836172,3652,0,2,0,0,0,0,0,0,0,0,0
18839816,3653,0,2,0,0,0,0,0,0,0,0,0
18843460,3654,0,2,0,0,0,0,0,0,0,0,0
18847104,3655,0,2,0,0,0,0,0,0,0,0,0
18850748,3656,0,2,0,0,0,0,0,0,0,0,0
18854392,3657,0,2,0,0,0,0,0,0,0,0,0
18858036,3658,0,2,0,0,0,0,0,0,0,0,0
18861680,3659,0,2,0,0,0,0,0,0,0,0,0
18865324,3660,0,2,0,0,0,0,0,0,0,0,0
18868969,3661,0,2,0,0,0,0,0,0,0,0,0
18872612,3662,0,2,0,0,0,0,0,0,0,0,0
18876256,3663,0,2,0,0,0,0,0,0,0,0,0
18879900,3664,0,2,0,0,0,0,0,0,0,0,0
18883544,3665,0,2,0,0,0,0,0,0,0,0,0
18887188,3666,0,2,0,0,0,0,0,0,0,0,0
18890832,3667,0,2,0,0,0,0,0,0,0,0,0
18894476,3668,0,2,0,0,0,0,0,0,0,0,0
18898120,3669,0,2,0,0,0,0,0,0,0,0,0
18901764,3670,0,2,0,0,0,0,0,0,0,0,0
18905409,3671,0,2,0,0,0,0,0,0,0,0,0
18909052,3672,0,2,0,0,0,0,0,0,0,0,0
18912696,3673,0,2,0,0,0,0,0,0,0,0,0
18916340,3674,0,2,0,0,0,0,0,0,0,0,0
18919984,3675,0,2,0,0,0,0,0,0,0,0,0
18923628,3676,0,2,0,0,0,0,0,0,0,0,0
18927272,3677,0,2,0,0,0,0,0,0,0,0,0
18930916,3678,0,2,0,0,0,0,0,0,0,0,0
18934560,3679,0,2,0,0,0,0,0,0,0,0,0
18938204,3680,0,2,0,0,0,0,0,0,0,0,0
18941849,3681,0,2,0,0,0,0,0,0,0,0,0
18945492,3682,0,2,0,0,0,0,0,0,0,0,0
18949136,3683,0,2,0,0,0,0,0,0,0,0,0
18952780,3684,0,2,0,0,0,0,0,0,0,0,0
18956424,3685,0,2,0,0,0,0,0,0,0,0,0
18960068,3686,0,2,0,0,0,0,0,0,0,0,0
18963712,3687,0,2,0,0,0,0,0,0,0,0,0
18967356,3688,0,2,0,0,0,0,0,0,0,0,0
18971001,3689,0,2,0,0,0,0,0,0,0,0,0
18974644,3690,0,2,0,0,0,0,0,0,0,0,0
18978289,3691,0,2,0,0,0,0,0,0,0,0,0
18981932,3692,0,2,0,0,0,0,0,0,0,0,0
18985576,3693,0,2,0,0,0,0,0,0,0,0,0
18989220,3694,0,2,0,0,0,0,0,0,0,0,0
18992864,3695,0,2,0,0,0,0,0,0,0,0,0
18996508,3696,0,2,0,0,0,0,0,0,0,0,0
19000152,3697,0,2,0,0,0,0,0,0,0,0,0
19003796,3698,0,2,0,0,0,0,0,0,0,0,0
19007440,3699,0,2,0,0,0,0,0,0,0,0,0
19011084,3700,0,2,0,0,0,0,0,0,0,0,0
19014729,3701,0,2,0,0,0,0,0,0,0,0,0
19018372,3702,0,2,0,0,0,0,0,0,0,0,0
19022016,3703,0,2,0,0,0,0,0,0,0,0,0
19025660,3704,0,2,0,0,0,0,0,0,0,0,0
19029304,3705,0,2,0,0,0,0,0,0,0,0,0
19032948,3706,0,2,0,0,0,0,0,0,0,0,0
19036592,3707,0,2,0,0,0,0,0,0,0,0,0
19040236,3708,0,2,0,0,0,0,0,0,0,0,0
19043880,3709,0,2,0,0,0,0,0,0,0,0,0
19047524,3710,0,2,0,0,0,0,0,0,0,0,0
19051169,3711,0,2,0,0,0,0,0,0,0,0,0
19054812,3712,0,2,0,0,0,0,0,0,0,0,0
19058456,3713,0,2,0,0,0,0,0,0,0,0,0
19062100,3714,0,2,0,0,0,0,0,0,0,0,0
19065744,3715,0,2,0,0,0,0,0,0,0,0,0
19069388,3716,0,2,0,0,0,0,0,0,0,0,0
19073032,3717,0,2,0,0,0,0,0,0,0,0,0
19076676,3718,0,2,0,0,0,0,0,0,0,0,0
19080320,3719,0,2,0,0,0,0,0,0,0,0,0
19083964,3720,0,2,0,0,0,0,0,0,0,0,0
19087609,3721,0,2,0,0,0,0,0,0,0,0,0
19091252,3722,0,2,0,0,0,0,0,0,0,0,0
19094896,3723,0,2,0,0,0,0,0,0,0,0,0
19098540,3724,0,2,0,0,0,0,0,0,0,0,0
19102185,3725,0,2,0,0,0,0,0,0,0,0,0
19105828,3726,0,2,0,0,0,0,0,0,0,0,0
19109472,3727,0,2,0,0,0,0,0,0,0,0,0
19113116,3728,0,2,0,0,0,0,0,0,0,0,0
19116760,3729,0,2,0,0,0,0,0,0,0,0,0
19120404,3730,0,2,0,0,0,0,0,0,0,0,0
19124049,3731,0,2,0,0,0,0,0,0,0,0,0
19127692,3732,0,2,0,0,0,0,0,0,0,0,0
19131336,3733,0,2,0,0,0,0,0,0,0,0,0
19134980,3734,0,2,0,0,0,0,0,0,0,0,0
19138624,3735,0,2,0,0,0,0,0,0,0,0,0
19142268,3736,0,2,0,0,0,0,0,0,0,0,0
19145912,3737,0,2,0,0,0,0,0,0,0,0,0
19149556,3738,0,2,0,0,0,0,0,0,0,0,0
19153200,3739,0,2,0,0,0,0,0,0,0,0,0
19156844,3740,0,2,0,0,0,0,0,0,0,0,0
19160489,3741,0,2,0,0,0,0,0,0,0,0,0
19164132,3742,0,2,0,0,0,0,0,0,0,0,0
19167776,3743,0,2,0,0,0,0,0,0,0,0,0
19171420,3744,0,2,0,0,0,0,0,0,0,0,0
19175064,3745,0,2,0,0,0,0,0,0,0,0,0
19178708,3746,0,2,0,0,0,0,0,0,0,0,0
19182352,3747,0,2,0,0,0,0,0,0,0,0,0
19185996,3748,0,2,0,0,0,0,0,0,0,0,0
19189640,3749,0,2,0,0,0,0,0,0,0,0,0
19193284,3750,0,2,0,0,0,0,0,0,0,0,0
19196929,3751,0,2,0,0,0,0,0,0,0,0,0
19200572,3752,0,2,0,0,0,0,0,0,0,0,0
19204216,3753,0,2,0,0,0,0,0,0,0,0,0
19207860,3754,0,2,0,0,0,0,0,0,0,0,0
19211504,3755,0,2,0,0,0,0,0,0,0,0,0
19215148,3756,0,2,0,0,0,0,0,0,0,0,0
19218792,3757,0,2,0,0,0,0,0,0,0,0,0
19222436,3758,0,2,0,0,0,0,0,0,0,0,0
19226080,3759,0,2,0,0,0,0,0,0,0,0,0
19229724,3760,0,2,0,0,0,0,0,0,0,0,0
19233369,3761,0,2,0,0,0,0,0,0,0,0,0
19237012,3762,0,2,0,0,0,0,0,0,0,0,0
19240656,3763,0,2,0,0,0,0,0,0,0,0,0
19244300,3764,0,2,0,0,0,0,0,0,0,0,0
19247944,3765,0,2,0,0,0,0,0,0,0,0,0
19251588,3766,0,2,0,0,0,0,0,0,0,0,0
19255232,3767,0,2,0,0,0,0,0,0,0,0,0
19258876,3768,0,2,0,0,0,0,0,0,0,0,0
19262520,3769,0,2,0,0,0,0,0,0,0,0,0
19266164,3770,0,2,0,0,0,0,0,0,0,0,0
19269809,3771,0,2,0,0,0,0,0,0,0,0,0
19273452,3772,0,2,0,0,0,0,0,0,0,0,0
19277096,3773,0,2,0,0,0,0,0,0,0,0,0
19280740,3774,0,2,0,0,0,0,0,0,0,0,0
19284384,3775,0,2,0,0,0,0,0,0,0,0,0
19288029,3776,0,2,0,0,0,0,0,0,0,0,0
19291672,3777,0,2,0,0,0,0,0,0,0,0,0
19295316,3778,0,2,0,0,0,0,0,0,0,0,0
19298960,3779,0,2,0,0,0,0,0,0,0,0,0
19302604,3780,0,2,0,0,0,0,0,0,0,0,0
19306249,3781,0,2,0,0,0,0,0,0,0,0,0
19309892,3782,0,2,0,0,0,0,0,0,0,0,0
19313536,3783,0,2,0,0,0,0,0,0,0,0,0
19317180,3784,0,2,0,0,0,0,0,0,0,0,0
19320824,3785,0,2,0,0,0,0,0,0,0,0,0
19324468,3786,0,2,0,0,0,0,0,0,0,0,0
19328112,3787,0,2,0,0,0,0,0,0,0,0,0
19331756,3788,0,2,0,0,0,0,0,0,0,0,0
19335400,3789,0,2,0,0,0,0,0,0,0,0,0
19339044,3790,0,2,0,0,0,0,0,0,0,0,0
19342689,3791,0,2,0,0,0,0,0,0,0,0,0
19346332,3792,0,2,0,0,0,0,0,0,0,0,0
19349976,3793,0,2,0,0,0,0,0,0,0,0,0
19353620,3794,0,2,0,0,0,0,0,0,0,0,0
19357264,3795,0,2,0,0,0,0,0,0,0,0,0
19360908,3796,0,2,0,0,0,0,0,0,0,0,0
19364552,3797,0,2,0,0,0,0,0,0,0,0,0
19368197,3798,0,2,0,0,0,0,0,0,0,0,0
19371840,3799,0,2,0,0,0,0,0,0,0,0,0
19375484,3800,0,2,0,0,0,0,0,0,0,0,0
19379129,3801,0,2,0,0,0,0,0,0,0,0,0
19382772,3802,0,2,0,0,0,0,0,0,0,0,0
19386416,3803,0,2,0,0,0,0,0,0,0,0,0
19390060,3804,0,2,0,0,0,0,0,0,0,0,0
19393704,3805,0,2,0,0,0,0,0,0,0,0,0
19397348,3806,0,2,0,0,0,0,0,0,0,0,0
19400992,3807,0,2,0,0,0,0,0,0,0,0,0
19404636,3808,0,2,0,0,0,0,0,0,0,0,0
19408280,3809,0,2,0,0,0,0,0,0,0,0,0
19411924,3810,0,2,0,0,0,0,0,0,0,0,0
19415569,3811,0,2,0,0,0,0,0,0,0,0,0
19419212,3812,0,2,0,0,0,0,0,0,0,0,0
19422856,3813,0,2,0,0,0,0,0,0,0,0,0
19426500,3814,0,2,0,0,0,0,0,0,0,0,0
19430144,3815,0,2,0,0,0,0,0,0,0,0,0
19433788,3816,0,2,0,0,0,0,0,0,0,0,0
19437432,3817,0,2,0,0,0,0,0,0,0,0,0
19441076,3818,0,2,0,0,0,0,0,0,0,0,0
19444720,3819,0,2,0,0,0,0,0,0,0,0,0
19448364,3820,0,2,0,0,0,0,0,0,0,0,0
19452009,3821,0,2,0,0,0,0,0,0,0,0,0
19455652,3822,0,2,0,0,0,0,0,0,0,0,0
19459296,3823,0,2,0,0,0,0,0,0,0,0,0
19462940,3824,0,2,0,0,0,0,0,0,0,0,0
19466584,3825,0,2,0,0,0,0,0,0,0,0,0
19470228,3826,0,2,0,0,0,0,0,0,0,0,0
19473872,3827,0,2,0,0,0,0,0,0,0,0,0
19477516,3828,0,2,0,0,0,0,0,0,0,0,0
19481160,3829,0,2,0,0,0,0,0,0,0,0,0
19484804,3830,0,2,0,0,0,0,0,0,0,0,0
19488449,3831,0,2,0,0,0,0,0,0,0,0,0
19492092,3832,0,2,0,0,0,0,0,0,0,0,0
19495736,3833,0,2,0,0,0,0,0,0,0,0,0
19499380,3834,0,2,0,0,0,0,0,0,0,0,0
19503024,3835,0,2,0,0,0,0,0,0,0,0,0
19506668,3836,0,2,0,0,0,0,0,0,0,0,0
19510312,3837,0,2,0,0,0,0,0,0,0,0,0
19513956,3838,0,2,0,0,0,0,0,0,0,0,0
19517600,3839,0,2,0,0,0,0,0,0,0,0,0
19521244,3840,0,2,0,0,0,0,0,0,0,0,0
19524889,3841,0,2,0,0,0,0,0,0,0,0,0
19528532,3842,0,2,0,0,0,0,0,0,0,0,0
19532176,3843,0,2,0,0,0,0,0,0,0,0,0
19535820,3844,0,2,0,0,0,0,0,0,0,0,0
19539464,3845,0,2,0,0,0,0,0,0,0,0,0
19543108,3846,0,2,0,0,0,0,0,0,0,0,0
19546752,3847,0,2,0,0,0,0,0,0,0,0,0
19550396,3848,0,2,0,0,0,0,0,0,0,0,0
19554040,3849,0,2,0,0,0,0,0,0,0,0,0
19557684,3850,0,2,0,0,0,0,0,0,0,0,0
19561329,3851,0,2,0,0,0,0,0,0,0,0,0
19564972,3852,0,2,0,0,0,0,0,0,0,0,0
19568616,3853,0,2,0,0,0,0,0,0,0,0,0
19572260,3854,0,2,0,0,0,0,0,0,0,0,0
19575904,3855,0,2,0,0,0,0,0,0,0,0,0
19579548,3856,0,2,0,0,0,0,0,0,0,0,0
19583192,3857,0,2,0,0,0,0,0,0,0,0,0
19586836,3858,0,2,0,0,0,0,0,0,0,0,0
19590480,3859,0,2,0,0,0,0,0,0,0,0,0
19600945,3860,0,2,0,0,0,0,0,0,0,0,0
19604578,3861,0,2,0,0,0,0,0,0,0,0,0
19608221,3862,0,2,0,0,0,0,0,0,0,0,0
19611865,3863,0,2,0,0,0,0,0,0,0,0,0
19615509,3864,0,2,0,0,0,0,0,0,0,0,0
19619153,3865,0,2,0,0,0,0,0,0,0,0,0
19622797,3866,0,2,0,0,0,0,0,0,0,0,0
19626441,3867,0,2,0,0,0,0,0,0,0,0,0
19630085,3868,0,2,0,0,0,0,0,0,0,0,0
19633729,3869,0,2,0,0,0,0,0,0,0,0,0
19637373,3870,0,2,0,0,0,0,0,0,0,0,0
19641018,3871,0,2,0,0,0,0,0,0,0,0,0
19644661,3872,0,2,0,0,0,0,0,0,0,0,0
19648305,3873,0,2,0,0,0,0,0,0,0,0,0
19651949,3874,0,2,0,0,0,0,0,0,0,0,0
19655593,3875,0,2,0,0,0,0,0,0,0,0,0
19659237,3876,0,2,0,0,0,0,0,0,0,0,0
19662881,3877,0,2,0,0,0,0,0,0,0,0,0
19666525,3878,0,2,0,0,0,0,0,0,0,0,0
19670169,3879,0,2,0,0,0,0,0,0,0,0,0
19673813,3880,0,2,0,0,0,0,0,0,0,0,0
19677458,3881,0,2,0,0,0,0,0,0,0,0,0
19681101,3882,0,2,0,0,0,0,0,0,0,0,0
19684745,3883,0,2,0,0,0,0,0,0,0,0,0
19688389,3884,0,2,0,0,0,0,0,0,0,0,0
19692034,3885,0,2,0,0,0,0,0,0,0,0,0
19695677,3886,0,2,0,0,0,0,0,0,0,0,0
19699321,3887,0,2,0,0,0,0,0,0,0,0,0
19702965,3888,0,2,0,0,0,0,0,0,0,0,0
19706609,3889,0,2,0,0,0,0,0,0,0,0,0
19710253,3890,0,2,0,0,0,0,0,0,0,0,0
19713898,3891,0,2,0,0,0,0,0,0,0,0,0
19717541,3892,0,2,0,0,0,0,0,0,0,0,0
19721185,3893,0,2,0,0,0,0,0,0,0,0,0
19724829,3894,0,2,0,0,0,0,0,0,0,0,0
19728473,3895,0,2,0,0,0,0,0,0,0,0,0
19732117,3896,0,2,0,0,0,0,0,0,0,0,0
19735761,3897,0,2,0,0,0,0,0,0,0,0,0
19739405,3898,0,2,0,0,0,0,0,0,0,0,0
19743050,3899,0,2,0,0,0,0,0,0,0,0,0
19746693,3900,0,2,0,0,0,0,0,0,0,0,0
19750338,3901,0,2,0,0,0,0,0,0,0,0,0
19753981,3902,0,2,0,0,0,0,0,0,0,0,0
19757625,3903,0,2,0,0,0,0,0,0,0,0,0
19761269,3904,0,2,0,0,0,0,0,0,0,0,0
19764913,3905,0,2,0,0,0,0,0,0,0,0,0
19768557,3906,0,2,0,0,0,0,0,0,0,0,0
19772201,3907,0,2,0,0,0,0,0,0,0,0,0
19775845,3908,0,2,0,0,0,0,0,0,0,0,0
19779489,3909,0,2,0,0,0,0,0,0,0,0,0
19783133,3910,0,2,0,0,0,0,0,0,0,0,0
19786778,3911,0,2,0,0,0,0,0,0,0,0,0
19790421,3912,0,2,0,0,0,0,0,0,0,0,0
19794065,3913,0,2,0,0,0,0,0,0,0,0,0
19797709,3914,0,2,0,0,0,0,0,0,0,0,0
19801353,3915,0,2,0,0,0,0,0,0,0,0,0
19804997,3916,0,2,0,0,0,0,0,0,0,0,0
19808641,3917,0,2,0,0,0,0,0,0,0,0,0
19812285,3918,0,2,0,0,0,0,0,0,0,0,0
19815929,3919,0,2,0,0,0,0,0,0,0,0,0
19819573,3920,0,2,0,0,0,0,0,0,0,0,0
19823218,3921,0,2,0,0,0,0,0,0,0,0,0
19826861,3922,0,2,0,0,0,0,0,0,0,0,0
19830505,3923,0,2,0,0,0,0,0,0,0,0,0
19834149,3924,0,2,0,0,0,0,0,0,0,0,0
19837793,3925,0,2,0,0,0,0,0,0,0,0,0
19841437,3926,0,2,0,0,0,0,0,0,0,0,0
19845081,3927,0,2,0,0,0,0,0,0,0,0,0
19848725,3928,0,2,0,0,0,0,0,0,0,0,0
19852369,3929,0,2,0,0,0,0,0,0,0,0,0
19856014,3930,0,2,0,0,0,0,0,0,0,0,0
19859658,3931,0,2,0,0,0,0,0,0,0,0,0
19863301,3932,0,2,0,0,0,0,0,0,0,0,0
19866945,3933,0,2,0,0,0,0,0,0,0,0,0
19870589,3934,0,2,0,0,0,0,0,0,0,0,0
19874233,3935,0,2,0,0,0,0,0,0,0,0,0
19877877,3936,0,2,0,0,0,0,0,0,0,0,0
19881521,3937,0,2,0,0,0,0,0,0,0,0,0
19885165,3938,0,2,0,0,0,0,0,0,0,0,0
19888809,3939,0,2,0,0,0,0,0,0,0,0,0
19892453,3940,0,2,0,0,0,0,0,0,0,0,0
19896098,3941,0,2,0,0,0,0,0,0,0,0,0
19899741,3942,0,2,0,0,0,0,0,0,0,0,0
19903385,3943,0,2,0,0,0,0,0,0,0,0,0
19907029,3944,0,2,0,0,0,0,0,0,0,0,0
19910673,3945,0,2,0,0,0,0,0,0,0,0,0
19914317,3946,0,2,0,0,0,0,0,0,0,0,0
19917961,3947,0,2,0,0,0,0,0,0,0,0,0
19921605,3948,0,2,0,0,0,0,0,0,0,0,0
19925249,3949,0,2,0,0,0,0,0,0,0,0,0
19928893,3950,0,2,0,0,0,0,0,0,0,0,0
19932538,3951,0,2,0,0,0,0,0,0,0,0,0
19936181,3952,0,2,0,0,0,0,0,0,0,0,0
19939825,3953,0,2,0,0,0,0,0,0,0,0,0
19943469,3954,0,2,0,0,0,0,0,0,0,0,0
19947113,3955,0,2,0,0,0,0,0,0,0,0,0
19950757,3956,0,2,0,0,0,0,0,0,0,0,0
19954401,3957,0,2,0,0,0,0,0,0,0,0,0
19958045,3958,0,2,0,0,0,0,0,0,0,0,0
19961689,3959,0,2,0,0,0,0,0,0,0,0,0
19965333,3960,0,2,0,0,0,0,0,0,0,0,0
19968978,3961,0,2,0,0,0,0,0,0,0,0,0
19972621,3962,0,2,0,0,0,0,0,0,0,0,0
19976265,3963,0,2,0,0,0,0,0,0,0,0,0
19979909,3964,0,2,0,0,0,0,0,0,0,0,0
19983553,3965,0,2,0,0,0,0,0,0,0,0,0
19987197,3966,0,2,0,0,0,0,0,0,0,0,0
19990841,3967,0,2,0,0,0,0,0,0,0,0,0
19994485,3968,0,2,0,0,0,0,0,0,0,0,0
19998129,3969,0,2,0,0,0,0,0,0,0,0,0
20001773,3970,0,2,0,0,0,0,0,0,0,0,0
20005418,3971,0,2,0,0,0,0,0,0,0,0,0
20009061,3972,0,2,0,0,0,0,0,0,0,0,0
20012705,3973,0,2,0,0,0,0,0,0,0,0,0
20016349,3974,0,2,0,0,0,0,0,0,0,0,0
20019993,3975,0,2,0,0,0,0,0,0,0,0,0
20023637,3976,0,2,0,0,0,0,0,0,0,0,0
20027281,3977,0,2,0,0,0,0,0,0,0,0,0
20030925,3978,0,2,0,0,0,0,0,0,0,0,0
20034569,3979,0,2,0,0,0,0,0,0,0,0,0
20038213,3980,0,2,0,0,0,0,0,0,0,0,0
20041858,3981,0,2,0,0,0,0,0,0,0,0,0
20045501,3982,0,2,0,0,0,0,0,0,0,0,0
20049145,3983,0,2,0,0,0,0,0,0,0,0,0
20052789,3984,0,2,0,0,0,0,0,0,0,0,0
20056433,3985,0,2,0,0,0,0,0,0,0,0,0
20060077,3986,0,2,0,0,0,0,0,0,0,0,0
20063721,3987,0,2,0,0,0,0,0,0,0,0,0
20067365,3988,0,2,0,0,0,0,0,0,0,0,0
20071010,3989,0,2,0,0,0,0,0,0,0,0,0
20074653,3990,0,2,0,0,0,0,0,0,0,0,0
20078298,3991,0,2,0,0,0,0,0,0,0,0,0
20081941,3992,0,2,0,0,0,0,0,0,0,0,0
20085585,3993,0,2,0,0,0,0,0,0,0,0,0
20089229,3994,0,2,0,0,0,0,0,0,0,0,0
20092873,3995,0,2,0,0,0,0,0,0,0,0,0
20096517,3996,0,2,0,0,0,0,0,0,0,0,0
20100161,3997,0,2,0,0,0,0,0,0,0,0,0
20103805,3998,0,2,0,0,0,0,0,0,0,0,0
20107449,3999,0,2,0,0,0,0,0,0,0,0,0
20111093,4000,0,2,0,0,0,0,0,0,0,0,0
20114738,4001,0,2,0,0,0,0,0,0,0,0,0
20118381,4002,0,2,0,0,0,0,0,0,0,0,0
20122025,4003,0,2,0,0,0,0,0,0,0,0,0
20125669,4004,0,2,0,0,0,0,0,0,0,0,0
20129313,4005,0,2,0,0,0,0,0,0,0,0,0
20132957,4006,0,2,0,0,0,0,0,0,0,0,0
20136601,4007,0,2,0,0,0,0,0,0,0,0,0
20140245,4008,0,2,0,0,0,0,0,0,0,0,0
20143889,4009,0,2,0,0,0,0,0,0,0,0,0
20147533,4010,0,2,0,0,0,0,0,0,0,0,0
20151178,4011,0,2,0,0,0,0,0,0,0,0,0
20154821,4012,0,2,0,0,0,0,0,0,0,0,0
20158465,4013,0,2,0,0,0,0,0,0,0,0,0
20162109,4014,0,2,0,0,0,0,0,0,0,0,0
20165753,4015,0,2,0,0,0,0,0,0,0,0,0
20169397,4016,0,2,0,0,0,0,0,0,0,0,0
20173041,4017,0,2,0,0,0,0,0,0,0,0,0
20176685,4018,0,2,0,0,0,0,0,0,0,0,0
20180329,4019,0,2,0,0,0,0,0,0,0,0,0
20183973,4020,0,2,0,0,0,0,0,0,0,0,0
20187618,4021,0,2,0,0,0,0,0,0,0,0,0
20191261,4022,0,2,0,0,0,0,0,0,0,0,0
20194905,4023,0,2,0,0,0,0,0,0,0,0,0
20198549,4024,0,2,0,0,0,0,0,0,0,0,0
20202193,4025,0,2,0,0,0,0,0,0,0,0,0
20205837,4026,0,2,0,0,0,0,0,0,0,0,0
20209481,4027,0,2,0,0,0,0,0,0,0,0,0
20213125,4028,0,2,0,0,0,0,0,0,0,0,0
20216769,4029,0,2,0,0,0,0,0,0,0,0,0
20220413,4030,0,2,0,0,0,0,0,0,0,0,0
20224058,4031,0,2,0,0,0,0,0,0,0,0,0
20227701,4032,0,2,0,0,0,0,0,0,0,0,0
20231345,4033,0,2,0,0,0,0,0,0,0,0,0
20234989,4034,0,2,0,0,0,0,0,0,0,0,0
20238633,4035,0,2,0,0,0,0,0,0,0,0,0
20242277,4036,0,2,0,0,0,0,0,0,0,0,0
20245921,4037,0,2,0,0,0,0,0,0,0,0,0
20249565,4038,0,2,0,0,0,0,0,0,0,0,0
20253209,4039,0,2,0,0,0,0,0,0,0,0,0
20256853,4040,0,2,0,0,0,0,0,0,0,0,0
20260498,4041,0,2,0,0,0,0,0,0,0,0,0
20264141,4042,0,2,0,0,0,0,0,0,0,0,0
20267785,4043,0,2,0,0,0,0,0,0,0,0,0
20271429,4044,0,2,0,0,0,0,0,0,0,0,0
20275073,4045,0,2,0,0,0,0,0,0,0,0,0
20278717,4046,0,2,0,0,0,0,0,0,0,0,0
20282361,4047,0,2,0,0,0,0,0,0,0,0,0
20286006,4048,0,2,0,0,0,0,0,0,0,0,0
20289649,4049,0,2,0,0,0,0,0,0,0,0,0
20293293,4050,0,2,0,0,0,0,0,0,0,0,0
20296938,4051,0,2,0,0,0,0,0,0,0,0,0
20300581,4052,0,2,0,0,0,0,0,0,0,0,0
20304225,4053,0,2,0,0,0,0,0,0,0,0,0
20307869,4054,0,2,0,0,0,0,0,0,0,0,0
20311513,4055,0,2,0,0,0,0,0,0,0,0,0
20315157,4056,0,2,0,0,0,0,0,0,0,0,0
20318801,4057,0,2,0,0,0,0,0,0,0,0,0
20322445,4058,0,2,0,0,0,0,0,0,0,0,0
20326089,4059,0,2,0,0,0,0,0,0,0,0,0
20329733,4060,0,2,0,0,0,0,0,0,0,0,0
20333378,4061,0,2,0,0,0,0,0,0,0,0,0
20337021,4062,0,2,0,0,0,0,0,0,0,0,0
20340665,4063,0,2,0,0,0,0,0,0,0,0,0
20344309,4064,0,2,0,0,0,0,0,0,0,0,0
20347953,4065,0,2,0,0,0,0,0,0,0,0,0
20351597,4066,0,2,0,0,0,0,0,0,0,0,0
20355241,4067,0,2,0,0,0,0,0,0,0,0,0
20358885,4068,0,2,0,0,0,0,0,0,0,0,0
20362529,4069,0,2,0,0,0,0,0,0,0,0,0
20366173,4070,0,2,0,0,0,0,0,0,0,0,0
20369818,4071,0,2,0,0,0,0,0,0,0,0,0
20373461,4072,0,2,0,0,0,0,0,0,0,0,0
20377105,4073,0,2,0,0,0,0,0,0,0,0,0
20380749,4074,0,2,0,0,0,0,0,0,0,0,0
20384393,4075,0,2,0,0,0,0,0,0,0,0,0
20388037,4076,0,2,0,0,0,0,0,0,0,0,0
20391681,4077,0,2,0,0,0,0,0,0,0,0,0
20395325,4078,0,2,0,0,0,0,0,0,0,0,0
20398969,4079,0,2,0,0,0,0,0,0,0,0,0
20402613,4080,0,2,0,0,0,0,0,0,0,0,0
20406258,4081,0,2,0,0,0,0,0,0,0,0,0
20409901,4082,0,2,0,0,0,0,0,0,0,0,0
20413545,4083,0,2,0,0,0,0,0,0,0,0,0
20417189,4084,0,2,0,0,0,0,0,0,0,0,0
20420833,4085,0,2,0,0,0,0,0,0,0,0,0
20424477,4086,0,2,0,0,0,0,0,0,0,0,0
20433326,4087,0,2,0,0,0,0,0,0,0,0,0
20436957,4088,0,2,0,0,0,0,0,0,0,0,0
20440601,4089,0,2,0,0,0,0,0,0,0,0,0
20444245,4090,0,2,0,0,0,0,0,0,0,0,0
20447890,4091,0,2,0,0,0,0,0,0,0,0,0
20451533,4092,0,2,0,0,0,0,0,0,0,0,0
20455177,4093,0,2,0,0,0,0,0,0,0,0,0
20458821,4094,0,2,0,0,0,0,0,0,0,0,0
20462465,4095,0,2,0,0,0,0,0,0,0,0,0
20466109,4096,0,2,0,0,0,0,0,0,0,0,0
20469753,4097,0,2,0,0,0,0,0,0,0,0,0
20473397,4098,0,2,0,0,0,0,0,0,0,0,0
20477041,4099,0,2,0,0,0,0,0,0,0,0,0
20480685,4100,0,2,0,0,0,0,0,0,0,0,0
20484330,4101,0,2,0,0,0,0,0,0,0,0,0
20487973,4102,0,2,0,0,0,0,0,0,0,0,0
20491617,4103,0,2,0,0,0,0,0,0,0,0,0
20495261,4104,0,2,0,0,0,0,0,0,0,0,0
20498905,4105,0,2,0,0,0,0,0,0,0,0,0
20502549,4106,0,2,0,0,0,0,0,0,0,0,0
20506193,4107,0,2,0,0,0,0,0,0,0,0,0
20509837,4108,0,2,0,0,0,0,0,0,0,0,0
20513481,4109,0,2,0,0,0,0,0,0,0,0,0
20517125,4110,0,2,0,0,0,0,0,0,0,0,0
20520770,4111,0,2,0,0,0,0,0,0,0,0,0
20524413,4112,0,2,0,0,0,0,0,0,0,0,0
20528057,4113,0,2,0,0,0,0,0,0,0,0,0
20531701,4114,0,2,0,0,0,0,0,0,0,0,0
20535345,4115,0,2,0,0,0,0,0,0,0,0,0
20538989,4116,0,2,0,0,0,0,0,0,0,0,0
20542633,4117,0,2,0,0,0,0,0,0,0,0,0
20546277,4118,0,2,0,0,0,0,0,0,0,0,0
20549921,4119,0,2,0,0,0,0,0,0,0,0,0
20553565,4120,0,2,0,0,0,0,0,0,0,0,0
20557210,4121,0,2,0,0,0,0,0,0,0,0,0
20560853,4122,0,2,0,0,0,0,0,0,0,0,0
20564497,4123,0,2,0,0,0,0,0,0,0,0,0
20568141,4124,0,2,0,0,0,0,0,0,0,0,0
20571785,4125,0,2,0,0,0,0,0,0,0,0,0
20575429,4126,0,2,0,0,0,0,0,0,0,0,0
20579073,4127,0,2,0,0,0,0,0,0,0,0,0
20582717,4128,0,2,0,0,0,0,0,0,0,0,0
20586361,4129,0,2,0,0,0,0,0,0,0,0,0
20590005,4130,0,2,0,0,0,0,0,0,0,0,0
20593650,4131,0,2,0,0,0,0,0,0,0,0,0
20597293,4132,0,2,0,0,0,0,0,0,0,0,0
20600937,4133,0,2,0,0,0,0,0,0,0,0,0
20604581,4134,0,2,0,0,0,0,0,0,0,0,0
20608225,4135,0,2,0,0,0,0,0,0,0,0,0
20611869,4136,0,2,0,0,0,0,0,0,0,0,0
20615513,4137,0,2,0,0,0,0,0,0,0,0,0
20619157,4138,0,2,0,0,0,0,0,0,0,0,0
20622801,4139,0,2,0,0,0,0,0,0,0,0,0
20626445,4140,0,2,0,0,0,0,0,0,0,0,0
20630090,4141,0,2,0,0,0,0,0,0,0,0,0
20633733,4142,0,2,0,0,0,0,0,0,0,0,0
20637377,4143,0,2,0,0,0,0,0,0,0,0,0
20641021,4144,0,2,0,0,0,0,0,0,0,0,0
20644665,4145,0,2,0,0,0,0,0,0,0,0,0
20648309,4146,0,2,0,0,0,0,0,0,0,0,0
20651953,4147,0,2,0,0,0,0,0,0,0,0,0
20655597,4148,0,2,0,0,0,0,0,0,0,0,0
20659241,4149,0,2,0,0,0,0,0,0,0,0,0
20662885,4150,0,2,0,0,0,0,0,0,0,0,0
20666530,4151,0,2,0,0,0,0,0,0,0,0,0
20670173,4152,0,2,0,0,0,0,0,0,0,0,0
20673817,4153,0,2,0,0,0,0,0,0,0,0,0
20677461,4154,0,2,0,0,0,0,0,0,0,0,0
20681105,4155,0,2,0,0,0,0,0,0,0,0,0
20684749,4156,0,2,0,0,0,0,0,0,0,0,0
20688393,4157,0,2,0,0,0,0,0,0,0,0,0
20692038,4158,0,2,0,0,0,0,0,0,0,0,0
20695681,4159,0,2,0,0,0,0,0,0,0,0,0
20699325,4160,0,2,0,0,0,0,0,0,0,0,0
20702970,4161,0,2,0,0,0,0,0,0,0,0,0
20706613,4162,0,2,0,0,0,0,0,0,0,0,0
20710257,4163,0,2,0,0,0,0,0,0,0,0,0
20713901,4164,0,2,0,0,0,0,0,0,0,0,0
20717545,4165,0,2,0,0,0,0,0,0,0,0,0
20721189,4166,0,2,0,0,0,0,0,0,0,0,0
20724833,4167,0,2,0,0,0,0,0,0,0,0,0
20728477,4168,0,2,0,0,0,0,0,0,0,0,0
20732121,4169,0,2,0,0,0,0,0,0,0,0,0
20735765,4170,0,2,0,0,0,0,0,0,0,0,0
20739410,4171,0,2,0,0,0,0,0,0,0,0,0
20743053,4172,0,2,0,0,0,0,0,0,0,0,0
20746697,4173,0,2,0,0,0,0,0,0,0,0,0
20750341,4174,0,2,0,0,0,0,0,0,0,0,0
20753985,4175,0,2,0,0,0,0,0,0,0,0,0
20757629,4176,0,2,0,0,0,0,0,0,0,0,0
20761273,4177,0,2,0,0,0,0,0,0,0,0,0
20764917,4178,0,2,0,0,0,0,0,0,0,0,0
20768561,4179,0,2,0,0,0,0,0,0,0,0,0
20772205,4180,0,2,0,0,0,0,0,0,0,0,0
20775850,4181,0,2,0,0,0,0,0,0,0,0,0
20779493,4182,0,2,0,0,0,0,0,0,0,0,0
20783137,4183,0,2,0,0,0,0,0,0,0,0,0
20786781,4184,0,2,0,0,0,0,0,0,0,0,0
20790425,4185,0,2,0,0,0,0,0,0,0,0,0
20794069,4186,0,2,0,0,0,0,0,0,0,0,0
20797713,4187,0,2,0,0,0,0,0,0,0,0,0
20801357,4188,0,2,0,0,0,0,0,0,0,0,0
20805001,4189,0,2,0,0,0,0,0,0,0,0,0
20808645,4190,0,2,0,0,0,0,0,0,0,0,0
20812290,4191,0,2,0,0,0,0,0,0,0,0,0
20815933,4192,0,2,0,0,0,0,0,0,0,0,0
20819577,4193,0,2,0,0,0,0,0,0,0,0,0
20823221,4194,0,2,0,0,0,0,0,0,0,0,0
20826865,4195,0,2,0,0,0,0,0,0,0,0,0
20830509,4196,0,2,0,0,0,0,0,0,0,0,0
20834153,4197,0,2,0,0,0,0,0,0,0,0,0
20837797,4198,0,2,0,0,0,0,0,0,0,0,0
20841441,4199,0,2,0,0,0,0,0,0,0,0,0
20845086,4200,0,2,0,0,0,0,0,0,0,0,0
20848730,4201,0,2,0,0,0,0,0,0,0,0,0
20852373,4202,0,2,0,0,0,0,0,0,0,0,0
20856017,4203,0,2,0,0,0,0,0,0,0,0,0
20859661,4204,0,2,0,0,0,0,0,0,0,0,0
20863305,4205,0,2,0,0,0,0,0,0,0,0,0
20866949,4206,0,2,0,0,0,0,0,0,0,0,0
20870593,4207,0,2,0,0,0,0,0,0,0,0,0
20874237,4208,0,2,0,0,0,0,0,0,0,0,0
20877881,4209,0,2,0,0,0,0,0,0,0,0,0
20881525,4210,0,2,0,0,0,0,0,0,0,0,0
20885170,4211,0,2,0,0,0,0,0,0,0,0,0
20888813,4212,0,2,0,0,0,0,0,0,0,0,0
20892457,4213,0,2,0,0,0,0,0,0,0,0,0
20896101,4214,0,2,0,0,0,0,0,0,0,0,0
20899745,4215,0,2,0,0,0,0,0,0,0,0,0
20903389,4216,0,2,0,0,0,0,0,0,0,0,0
20907033,4217,0,2,0,0,0,0,0,0,0,0,0
20910677,4218,0,2,0,0,0,0,0,0,0,0,0
20914321,4219,0,2,0,0,0,0,0,0,0,0,0
20917965,4220,0,2,0,0,0,0,0,0,0,0,0
20921610,4221,0,2,0,0,0,0,0,0,0,0,0
20925253,4222,0,2,0,0,0,0,0,0,0,0,0
20928897,4223,0,2,0,0,0,0,0,0,0,0,0
20932541,4224,0,2,0,0,0,0,0,0,0,0,0
20936185,4225,0,2,0,0,0,0,0,0,0,0,0
20939829,4226,0,2,0,0,0,0,0,0,0,0,0
20943473,4227,0,2,0,0,0,0,0,0,0,0,0
20947118,4228,0,2,0,0,0,0,0,0,0,0,0
20950761,4229,0,2,0,0,0,0,0,0,0,0,0
20954405,4230,0,2,0,0,0,0,0,0,0,0,0
20958050,4231,0,2,0,0,0,0,0,0,0,0,0
20961693,4232,0,2,0,0,0,0,0,0,0,0,0
20965337,4233,0,2,0,0,0,0,0,0,0,0,0
20968981,4234,0,2,0,0,0,0,0,0,0,0,0
20972625,4235,0,2,0,0,0,0,0,0,0,0,0
20976269,4236,0,2,0,0,0,0,0,0,0,0,0
20979913,4237,0,2,0,0,0,0,0,0,0,0,0
20983557,4238,0,2,0,0,0,0,0,0,0,0,0
20987201,4239,0,2,0,0,0,0,0,0,0,0,0
20990845,4240,0,2,0,0,0,0,0,0,0,0,0
20994490,4241,0,2,0,0,0,0,0,0,0,0,0
20998133,4242,0,2,0,0,0,0,0,0,0,0,0
21001777,4243,0,2,0,0,0,0,0,0,0,0,0
21005421,4244,0,2,0,0,0,0,0,0,0,0,0
21009065,4245,0,2,0,0,0,0,0,0,0,0,0
21012709,4246,0,2,0,0,0,0,0,0,0,0,0
21016353,4247,0,2,0,0,0,0,0,0,0,0,0
21019997,4248,0,2,0,0,0,0,0,0,0,0,0
21023641,4249,0,2,0,0,0,0,0,0,0,0,0
21027285,4250,0,2,0,0,0,0,0,0,0,0,0
21030930,4251,0,2,0,0,0,0,0,0,0,0,0
21034573,4252,0,2,0,0,0,0,0,0,0,0,0
21038217,4253,0,2,0,0,0,0,0,0,0,0,0
21041861,4254,0,2,0,0,0,0,0,0,0,0,0
21045505,4255,0,2,0,0,0,0,0,0,0,0,0
21049149,4256,0,2,0,0,0,0,0,0,0,0,0
21052793,4257,0,2,0,0,0,0,0,0,0,0,0
21056437,4258,0,2,0,0,0,0,0,0,0,0,0
21060081,4259,0,2,0,0,0,0,0,0,0,0,0
21063725,4260,0,2,0,0,0,0,0,0,0,0,0
21067370,4261,0,2,0,0,0,0,0,0,0,0,0
21071013,4262,0,2,0,0,0,0,0,0,0,0,0
21074657,4263,0,2,0,0,0,0,0,0,0,0,0
21078301,4264,0,2,0,0,0,0,0,0,0,0,0
21081945,4265,0,2,0,0,0,0,0,0,0,0,0
21085589,4266,0,2,0,0,0,0,0,0,0,0,0
21089233,4267,0,2,0,0,0,0,0,0,0,0,0
21092877,4268,0,2,0,0,0,0,0,0,0,0,0
21096521,4269,0,2,0,0,0,0,0,0,0,0,0
21100165,4270,0,2,0,0,0,0,0,0,0,0,0
21103810,4271,0,2,0,0,0,0,0,0,0,0,0
21107453,4272,0,2,0,0,0,0,0,0,0,0,0
21111097,4273,0,2,0,0,0,0,0,0,0,0,0
21114741,4274,0,2,0,0,0,0,0,0,0,0,0
21118385,4275,0,2,0,0,0,0,0,0,0,0,0
21122029,4276,0,2,0,0,0,0,0,0,0,0,0
21125673,4277,0,2,0,0,0,0,0,0,0,0,0
21129317,4278,0,2,0,0,0,0,0,0,0,0,0
21132961,4279,0,2,0,0,0,0,0,0,0,0,0
21136605,4280,0,2,0,0,0,0,0,0,0,0,0
21140250,4281,0,2,0,0,0,0,0,0,0,0,0
21143893,4282,0,2,0,0,0,0,0,0,0,0,0
21147537,4283,0,2,0,0,0,0,0,0,0,0,0
21151181,4284,0,2,0,0,0,0,0,0,0,0,0
21154825,4285,0,2,0,0,0,0,0,0,0,0,0
21158469,4286,0,2,0,0,0,0,0,0,0,0,0
21162113,4287,0,2,0,0,0,0,0,0,0,0,0
21165757,4288,0,2,0,0,0,0,0,0,0,0,0
21169401,4289,0,2,0,0,0,0,0,0,0,0,0
21173045,4290,0,2,0,0,0,0,0,0,0,0,0
21176690,4291,0,2,0,0,0,0,0,0,0,0,0
21180333,4292,0,2,0,0,0,0,0,0,0,0,0
21183977,4293,0,2,0,0,0,0,0,0,0,0,0
21187621,4294,0,2,0,0,0,0,0,0,0,0,0
21191265,4295,0,2,0,0,0,0,0,0,0,0,0
21194909,4296,0,2,0,0,0,0,0,0,0,0,0
21198553,4297,0,2,0,0,0,0,0,0,0,0,0
21202197,4298,0,2,0,0,0,0,0,0,0,0,0
21205841,4299,0,2,0,0,0,0,0,0,0,0,0
21209485,4300,0,2,0,0,0,0,0,0,0,0,0
21213130,4301,0,2,0,0,0,0,0,0,0,0,0
21216773,4302,0,2,0,0,0,0,0,0,0,0,0
21220417,4303,0,2,0,0,0,0,0,0,0,0,0
21224061,4304,0,2,0,0,0,0,0,0,0,0,0
21227705,4305,0,2,0,0,0,0,0,0,0,0,0
21231349,4306,0,2,0,0,0,0,0,0,0,0,0
21234993,4307,0,2,0,0,0,0,0,0,0,0,0
21238637,4308,0,2,0,0,0,0,0,0,0,0,0
21242281,4309,0,2,0,0,0,0,0,0,0,0,0
21245925,4310,0,2,0,0,0,0,0,0,0,0,0
21249570,4311,0,2,0,0,0,0,0,0,0,0,0
21253213,4312,0,2,0,0,0,0,0,0,0,0,0
21256857,4313,0,2,0,0,0,0,0,0,0,0,0
21267715,4314,0,2,0,0,0,0,0,0,0,0,0
21271346,4315,0,2,0,0,0,0,0,0,0,0,0
21274990,4316,0,2,0,0,0,0,0,0,0,0,0
21278634,4317,0,2,0,0,0,0,0,0,0,0,0
21282278,4318,0,2,0,0,0,0,0,0,0,0,0
21285922,4319,0,2,0,0,0,0,0,0,0,0,0
21289566,4320,0,2,0,0,0,0,0,0,0,0,0
21293211,4321,0,2,0,0,0,0,0,0,0,0,0
21296854,4322,0,2,0,0,0,0,0,0,0,0,0
21300498,4323,0,2,0,0,0,0,0,0,0,0,0
21304142,4324,0,2,0,0,0,0,0,0,0,0,0
21307786,4325,0,2,0,0,0,0,0,0,0,0,0
21311430,4326,0,2,0,0,0,0,0,0,0,0,0
21315074,4327,0,2,0,0,0,0,0,0,0,0,0
21318718,4328,0,2,0,0,0,0,0,0,0,0,0
21322362,4329,0,2,0,0,0,0,0,0,0,0,0
21326006,4330,0,2,0,0,0,0,0,0,0,0,0
21329651,4331,0,2,0,0,0,0,0,0,0,0,0
21333294,4332,0,2,0,0,0,0,0,0,0,0,0
21336938,4333,0,2,0,0,0,0,0,0,0,0,0
21340582,4334,0,2,0,0,0,0,0,0,0,0,0
21344226,4335,0,2,0,0,0,0,0,0,0,0,0
21347870,4336,0,2,0,0,0,0,0,0,0,0,0
21351514,4337,0,2,0,0,0,0,0,0,0,0,0
21355158,4338,0,2,0,0,0,0,0,0,0,0,0
21358802,4339,0,2,0,0,0,0,0,0,0,0,0
21362446,4340,0,2,0,0,0,0,0,0,0,0,0
21366091,4341,0,2,0,0,0,0,0,0,0,0,0
21369734,4342,0,2,0,0,0,0,0,0,0,0,0
21373378,4343,0,2,0,0,0,0,0,0,0,0,0
21377022,4344,0,2,0,0,0,0,0,0,0,0,0
21380666,4345,0,2,0,0,0,0,0,0,0,0,0
21384310,4346,0,2,0,0,0,0,0,0,0,0,0
21387954,4347,0,2,0,0,0,0,0,0,0,0,0
21391598,4348,0,2,0,0,0,0,0,0,0,0,0
21395242,4349,0,2,0,0,0,0,0,0,0,0,0
21398886,4350,0,2,0,0,0,0,0,0,0,0,0
21402531,4351,0,2,0,0,0,0,0,0,0,0,0
21406174,4352,0,2,0,0,0,0,0,0,0,0,0
21409818,4353,0,2,0,0,0,0,0,0,0,0,0
21413462,4354,0,2,0,0,0,0,0,0,0,0,0
21417106,4355,0,2,0,0,0,0,0,0,0,0,0
21420750,4356,0,2,0,0,0,0,0,0,0,0,0
21424394,4357,0,2,0,0,0,0,0,0,0,0,0
21428038,4358,0,2,0,0,0,0,0,0,0,0,0
21431682,4359,0,2,0,0,0,0,0,0,0,0,0
21435326,4360,0,2,0,0,0,0,0,0,0,0,0
21438971,4361,0,2,0,0,0,0,0,0,0,0,0
21442614,4362,0,2,0,0,0,0,0,0,0,0,0
21446258,4363,0,2,0,0,0,0,0,0,0,0,0
21449902,4364,0,2,0,0,0,0,0,0,0,0,0
21453546,4365,0,2,0,0,0,0,0,0,0,0,0
21457190,4366,0,2,0,0,0,0,0,0,0,0,0
21460834,4367,0,2,0,0,0,0,0,0,0,0,0
21464478,4368,0,2,0,0,0,0,0,0,0,0,0
21468122,4369,0,2,0,0,0,0,0,0,0,0,0
21471766,4370,0,2,0,0,0,0,0,0,0,0,0
21475411,4371,0,2,0,0,0,0,0,0,0,0,0
21479054,4372,0,2,0,0,0,0,0,0,0,0,0
21482698,4373,0,2,0,0,0,0,0,0,0,0,0
21486342,4374,0,2,0,0,0,0,0,0,0,0,0
21489986,4375,0,2,0,0,0,0,0,0,0,0,0
21493630,4376,0,2,0,0,0,0,0,0,0,0,0
21497274,4377,0,2,0,0,0,0,0,0,0,0,0
21500918,4378,0,2,0,0,0,0,0,0,0,0,0
21504562,4379,0,2,0,0,0,0,0,0,0,0,0
21508206,4380,0,2,0,0,0,0,0,0,0,0,0
21511851,4381,0,2,0,0,0,0,0,0,0,0,0
21515494,4382,0,2,0,0,0,0,0,0,0,0,0
21519138,4383,0,2,0,0,0,0,0,0,0,0,0
21522782,4384,0,2,0,0,0,0,0,0,0,0,0
21526426,4385,0,2,0,0,0,0,0,0,0,0,0
21530071,4386,0,2,0,0,0,0,0,0,0,0,0
21533714,4387,0,2,0,0,0,0,0,0,0,0,0
21537358,4388,0,2,0,0,0,0,0,0,0,0,0
21541002,4389,0,2,0,0,0,0,0,0,0,0,0
21544646,4390,0,2,0,0,0,0,0,0,0,0,0
21548291,4391,0,2,0,0,0,0,0,0,0,0,0
21551934,4392,0,2,0,0,0,0,0,0,0,0,0
21555578,4393,0,2,0,0,0,0,0,0,0,0,0
21559222,4394,0,2,0,0,0,0,0,0,0,0,0
21562866,4395,0,2,0,0,0,0,0,0,0,0,0
21566510,4396,0,2,0,0,0,0,0,0,0,0,0
21570154,4397,0,2,0,0,0,0,0,0,0,0,0
21573798,4398,0,2,0,0,0,0,0,0,0,0,0
21577442,4399,0,2,0,0,0,0,0,0,0,0,0
21581086,4400,0,2,0,0,0,0,0,0,0,0,0
21584731,4401,0,2,0,0,0,0,0,0,0,0,0
21588374,4402,0,2,0,0,0,0,0,0,0,0,0
21592018,4403,0,2,0,0,0,0,0,0,0,0,0
21595662,4404,0,2,0,0,0,0,0,0,0,0,0
21599306,4405,0,2,0,0,0,0,0,0,0,0,0
21602950,4406,0,2,0,0,0,0,0,0,0,0,0
21606594,4407,0,2,0,0,0,0,0,0,0,0,0
21610238,4408,0,2,0,0,0,0,0,0,0,0,0
21613882,4409,0,2,0,0,0,0,0,0,0,0,0
21617526,4410,0,2,0,0,0,0,0,0,0,0,0
21621171,4411,0,2,0,0,0,0,0,0,0,0,0
21624814,4412,0,2,0,0,0,0,0,0,0,0,0
21628458,4413,0,2,0,0,0,0,0,0,0,0,0
21632102,4414,0,2,0,0,0,0,0,0,0,0,0
21635746,4415,0,2,0,0,0,0,0,0,0,0,0
21639390,4416,0,2,0,0,0,0,0,0,0,0,0
21643034,4417,0,2,0,0,0,0,0,0,0,0,0
21646678,4418,0,2,0,0,0,0,0,0,0,0,0
21650322,4419,0,2,0,0,0,0,0,0,0,0,0
21653966,4420,0,2,0,0,0,0,0,0,0,0,0
21657611,4421,0,2,0,0,0,0,0,0,0,0,0
21661254,4422,0,2,0,0,0,0,0,0,0,0,0
21664898,4423,0,2,0,0,0,0,0,0,0,0,0
21668542,4424,0,2,0,0,0,0,0,0,0,0,0
21672186,4425,0,2,0,0,0,0,0,0,0,0,0
21675830,4426,0,2,0,0,0,0,0,0,0,0,0
21679474,4427,0,2,0,0,0,0,0,0,0,0,0
21683118,4428,0,2,0,0,0,0,0,0,0,0,0
21686762,4429,0,2,0,0,0,0,0,0,0,0,0
21690406,4430,0,2,0,0,0,0,0,0,0,0,0
21694051,4431,0,2,0,0,0,0,0,0,0,0,0
21697694,4432,0,2,0,0,0,0,0,0,0,0,0
21701338,4433,0,2,0,0,0,0,0,0,0,0,0
21704982,4434,0,2,0,0,0,0,0,0,0,0,0
21708626,4435,0,2,0,0,0,0,0,0,0,0,0
21712270,4436,0,2,0,0,0,0,0,0,0,0,0
21715914,4437,0,2,0,0,0,0,0,0,0,0,0
21719558,4438,0,2,0,0,0,0,0,0,0,0,0
21723202,4439,0,2,0,0,0,0,0,0,0,0,0
21726846,4440,0,2,0,0,0,0,0,0,0,0,0
21730491,4441,0,2,0,0,0,0,0,0,0,0,0
21734134,4442,0,2,0,0,0,0,0,0,0,0,0
21737778,4443,0,2,0,0,0,0,0,0,0,0,0
21741422,4444,0,2,0,0,0,0,0,0,0,0,0
21745066,4445,0,2,0,0,0,0,0,0,0,0,0
21748710,4446,0,2,0,0,0,0,0,0,0,0,0
21752354,4447,0,2,0,0,0,0,0,0,0,0,0
21755998,4448,0,2,0,0,0,0,0,0,0,0,0
21759642,4449,0,2,0,0,0,0,0,0,0,0,0
21763286,4450,0,2,0,0,0,0,0,0,0,0,0
21766931,4451,0,2,0,0,0,0,0,0,0,0,0
21770574,4452,0,2,0,0,0,0,0,0,0,0,0
21774218,4453,0,2,0,0,0,0,0,0,0,0,0
21777862,4454,0,2,0,0,0,0,0,0,0,0,0
21781506,4455,0,2,0,0,0,0,0,0,0,0,0
21785150,4456,0,2,0,0,0,0,0,0,0,0,0
21788794,4457,0,2,0,0,0,0,0,0,0,0,0
21792438,4458,0,2,0,0,0,0,0,0,0,0,0
21796082,4459,0,2,0,0,0,0,0,0,0,0,0
21799726,4460,0,2,0,0,0,0,0,0,0,0,0
21803371,4461,0,2,0,0,0,0,0,0,0,0,0
21807014,4462,0,2,0,0,0,0,0,0,0,0,0
21810658,4463,0,2,0,0,0,0,0,0,0,0,0
21814302,4464,0,2,0,0,0,0,0,0,0,0,0
21817946,4465,0,2,0,0,0,0,0,0,0,0,0
21821590,4466,0,2,0,0,0,0,0,0,0,0,0
21825234,4467,0,2,0,0,0,0,0,0,0,0,0
21828878,4468,0,2,0,0,0,0,0,0,0,0,0
21832522,4469,0,2,0,0,0,0,0,0,0,0,0
21836166,4470,0,2,0,0,0,0,0,0,0,0,0
21839811,4471,0,2,0,0,0,0,0,0,0,0,0
21843454,4472,0,2,0,0,0,0,0,0,0,0,0
21847098,4473,0,2,0,0,0,0,0,0,0,0,0
21850742,4474,0,2,0,0,0,0,0,0,0,0,0
21854386,4475,0,2,0,0,0,0,0,0,0,0,0
21858030,4476,0,2,0,0,0,0,0,0,0,0,0
21861674,4477,0,2,0,0,0,0,0,0,0,0,0
21865318,4478,0,2,0,0,0,0,0,0,0,0,0
21868962,4479,0,2,0,0,0,0,0,0,0,0,0
21872606,4480,0,2,0,0,0,0,0,0,0,0,0
21876251,4481,0,2,0,0,0,0,0,0,0,0,0
21879894,4482,0,2,0,0,0,0,0,0,0,0,0
21883538,4483,0,2,0,0,0,0,0,0,0,0,0
21887182,4484,0,2,0,0,0,0,0,0,0,0,0
21890826,4485,0,2,0,0,0,0,0,0,0,0,0
21894470,4486,0,2,0,0,0,0,0,0,0,0,0
21898114,4487,0,2,0,0,0,0,0,0,0,0,0
21901758,4488,0,2,0,0,0,0,0,0,0,0,0
21905402,4489,0,2,0,0,0,0,0,0,0,0,0
21909046,4490,0,2,0,0,0,0,0,0,0,0,0
21912691,4491,0,2,0,0,0,0,0,0,0,0,0
21916334,4492,0,2,0,0,0,0,0,0,0,0,0
21919978,4493,0,2,0,0,0,0,0,0,0,0,0
21923622,4494,0,2,0,0,0,0,0,0,0,0,0
21927266,4495,0,2,0,0,0,0,0,0,0,0,0
21930910,4496,0,2,0,0,0,0,0,0,0,0,0
21934554,4497,0,2,0,0,0,0,0,0,0,0,0
21938198,4498,0,2,0,0,0,0,0,0,0,0,0
21941842,4499,0,2,0,0,0,0,0,0,0,0,0
21945486,4500,0,2,0,0,0,0,0,0,0,0,0
21949131,4501,0,2,0,0,0,0,0,0,0,0,0
21952774,4502,0,2,0,0,0,0,0,0,0,0,0
21956418,4503,0,2,0,0,0,0,0,0,0,0,0
21960062,4504,0,2,0,0,0,0,0,0,0,0,0
21963706,4505,0,2,0,0,0,0,0,0,0,0,0
21967350,4506,0,2,0,0,0,0,0,0,0,0,0
21970994,4507,0,2,0,0,0,0,0,0,0,0,0
21974638,4508,0,2,0,0,0,0,0,0,0,0,0
21978282,4509,0,2,0,0,0,0,0,0,0,0,0
21981926,4510,0,2,0,0,0,0,0,0,0,0,0
21985571,4511,0,2,0,0,0,0,0,0,0,0,0
21989214,4512,0,2,0,0,0,0,0,0,0,0,0
21992858,4513,0,2,0,0,0,0,0,0,0,0,0
21996502,4514,0,2,0,0,0,0,0,0,0,0,0
22000146,4515,0,2,0,0,0,0,0,0,0,0,0
22003790,4516,0,2,0,0,0,0,0,0,0,0,0
22007434,4517,0,2,0,0,0,0,0,0,0,0,0
22011078,4518,0,2,0,0,0,0,0,0,0,0,0
22014722,4519,0,2,0,0,0,0,0,0,0,0,0
22018366,4520,0,2,0,0,0,0,0,0,0,0,0
22022011,4521,0,2,0,0,0,0,0,0,0,0,0
22025654,4522,0,2,0,0,0,0,0,0,0,0,0
22029298,4523,0,2,0,0,0,0,0,0,0,0,0
22032942,4524,0,2,0,0,0,0,0,0,0,0,0
22036586,4525,0,2,0,0,0,0,0,0,0,0,0
22040230,4526,0,2,0,0,0,0,0,0,0,0,0
22043874,4527,0,2,0,0,0,0,0,0,0,0,0
22047518,4528,0,2,0,0,0,0,0,0,0,0,0
22051162,4529,0,2,0,0,0,0,0,0,0,0,0
22054806,4530,0,2,0,0,0,0,0,0,0,0,0
22058451,4531,0,2,0,0,0,0,0,0,0,0,0
22062094,4532,0,2,0,0,0,0,0,0,0,0,0
22065738,4533,0,2,0,0,0,0,0,0,0,0,0
22069382,4534,0,2,0,0,0,0,0,0,0,0,0
22073026,4535,0,2,0,0,0,0,0,0,0,0,0
22076670,4536,0,2,0,0,0,0,0,0,0,0,0
22080314,4537,0,2,0,0,0,0,0,0,0,0,0
22083958,4538,0,2,0,0,0,0,0,0,0,0,0
22087602,4539,0,2,0,0,0,0,0,0,0,0,0
22091246,4540,0,2,0,0,0,0,0,0,0,0,0
22099788,4541,0,2,0,0,0,0,0,0,0,0,0
22103420,4542,0,2,0,0,0,0,0,0,0,0,0
22107064,4543,0,2,0,0,0,0,0,0,0,0,0
22110708,4544,0,2,0,0,0,0,0,0,0,0,0
22114352,4545,0,2,0,0,0,0,0,0,0,0,0
22117996,4546,0,2,0,0,0,0,0,0,0,0,0
22121640,4547,0,2,0,0,0,0,0,0,0,0,0
22125284,4548,0,2,0,0,0,0,0,0,0,0,0
22128928,4549,0,2,0,0,0,0,0,0,0,0,0
22132572,4550,0,2,0,0,0,0,0,0,0,0,0
22136217,4551,0,2,0,0,0,0,0,0,0,0,0
22139860,4552,0,2,0,0,0,0,0,0,0,0,0
22143504,4553,0,2,0,0,0,0,0,0,0,0,0
22147148,4554,0,2,0,0,0,0,0,0,0,0,0
22150792,4555,0,2,0,0,0,0,0,0,0,0,0
22154436,4556,0,2,0,0,0,0,0,0,0,0,0
22158080,4557,0,2,0,0,0,0,0,0,0,0,0
22161724,4558,0,2,0,0,0,0,0,0,0,0,0
22165368,4559,0,2,0,0,0,0,0,0,0,0,0
22169013,4560,0,2,0,0,0,0,0,0,0,0,0
22172657,4561,0,2,0,0,0,0,0,0,0,0,0
22176300,4562,0,2,0,0,0,0,0,0,0,0,0
22179944,4563,0,2,0,0,0,0,0,0,0,0,0
22183588,4564,0,2,0,0,0,0,0,0,0,0,0
22187232,4565,0,2,0,0,0,0,0,0,0,0,0
22190876,4566,0,2,0,0,0,0,0,0,0,0,0
22194520,4567,0,2,0,0,0,0,0,0,0,0,0
22198164,4568,0,2,0,0,0,0,0,0,0,0,0
22201808,4569,0,2,0,0,0,0,0,0,0,0,0
22205452,4570,0,2,0,0,0,0,0,0,0,0,0
22209097,4571,0,2,0,0,0,0,0,0,0,0,0
22212740,4572,0,2,0,0,0,0,0,0,0,0,0
22216384,4573,0,2,0,0,0,0,0,0,0,0,0
22220029,4574,0,2,0,0,0,0,0,0,0,0,0
22223672,4575,0,2,0,0,0,0,0,0,0,0,0
22227316,4576,0,2,0,0,0,0,0,0,0,0,0
22230960,4577,0,2,0,0,0,0,0,0,0,0,0
22234604,4578,0,2,0,0,0,0,0,0,0,0,0
22238248,4579,0,2,0,0,0,0,0,0,0,0,0
22241892,4580,0,2,0,0,0,0,0,0,0,0,0
22245537,4581,0,2,0,0,0,0,0,0,0,0,0
22249180,4582,0,2,0,0,0,0,0,0,0,0,0
22252824,4583,0,2,0,0,0,0,0,0,0,0,0
22256468,4584,0,2,0,0,0,0,0,0,0,0,0
22260112,4585,0,2,0,0,0,0,0,0,0,0,0
22263756,4586,0,2,0,0,0,0,0,0,0,0,0
22267400,4587,0,2,0,0,0,0,0,0,0,0,0
22271044,4588,0,2,0,0,0,0,0,0,0,0,0
22274688,4589,0,2,0,0,0,0,0,0,0,0,0
22278332,4590,0,2,0,0,0,0,0,0,0,0,0
22281977,4591,0,2,0,0,0,0,0,0,0,0,0
22285620,4592,0,2,0,0,0,0,0,0,0,0,0
22289264,4593,0,2,0,0,0,0,0,0,0,0,0
22292908,4594,0,2,0,0,0,0,0,0,0,0,0
22296552,4595,0,2,0,0,0,0,0,0,0,0,0
22300196,4596,0,2,0,0,0,0,0,0,0,0,0
22303840,4597,0,2,0,0,0,0,0,0,0,0,0
22307484,4598,0,2,0,0,0,0,0,0,0,0,0
22311128,4599,0,2,0,0,0,0,0,0,0,0,0
22314772,4600,0,2,0,0,0,0,0,0,0,0,0
22318417,4601,0,2,0,0,0,0,0,0,0,0,0
22322060,4602,0,2,0,0,0,0,0,0,0,0,0
22325704,4603,0,2,0,0,0,0,0,0,0,0,0
22329348,4604,0,2,0,0,0,0,0,0,0,0,0
22332992,4605,0,2,0,0,0,0,0,0,0,0,0
22336636,4606,0,2,0,0,0,0,0,0,0,0,0
22340280,4607,0,2,0,0,0,0,0,0,0,0,0
22343924,4608,0,2,0,0,0,0,0,0,0,0,0
22347568,4609,0,2,0,0,0,0,0,0,0,0,0
22351212,4610,0,2,0,0,0,0,0,0,0,0,0
22354857,4611,0,2,0,0,0,0,0,0,0,0,0
22358500,4612,0,2,0,0,0,0,0,0,0,0,0
22362144,4613,0,2,0,0,0,0,0,0,0,0,0
22365788,4614,0,2,0,0,0,0,0,0,0,0,0
22369432,4615,0,2,0,0,0,0,0,0,0,0,0
22373076,4616,0,2,0,0,0,0,0,0,0,0,0
22376720,4617,0,2,0,0,0,0,0,0,0,0,0
22380364,4618,0,2,0,0,0,0,0,0,0,0,0
22384009,4619,0,2,0,0,0,0,0,0,0,0,0
22387652,4620,0,2,0,0,0,0,0,0,0,0,0
22391297,4621,0,2,0,0,0,0,0,0,0,0,0
22394940,4622,0,2,0,0,0,0,0,0,0,0,0
22398584,4623,0,2,0,0,0,0,0,0,0,0,0
22402228,4624,0,2,0,0,0,0,0,0,0,0,0
22405872,4625,0,2,0,0,0,0,0,0,0,0,0
22409516,4626,0,2,0,0,0,0,0,0,0,0,0
22413160,4627,0,2,0,0,0,0,0,0,0,0,0
22416804,4628,0,2,0,0,0,0,0,0,0,0,0
22420448,4629,0,2,0,0,0,0,0,0,0,0,0
22424092,4630,0,2,0,0,0,0,0,0,0,0,0
22427737,4631,0,2,0,0,0,0,0,0,0,0,0
22431380,4632,0,2,0,0,0,0,0,0,0,0,0
22435024,4633,0,2,0,0,0,0,0,0,0,0,0
22438668,4634,0,2,0,0,0,0,0,0,0,0,0
22442312,4635,0,2,0,0,0,0,0,0,0,0,0
22445956,4636,0,2,0,0,0,0,0,0,0,0,0
22449600,4637,0,2,0,0,0,0,0,0,0,0,0
22453244,4638,0,2,0,0,0,0,0,0,0,0,0
22456888,4639,0,2,0,0,0,0,0,0,0,0,0
22460532,4640,0,2,0,0,0,0,0,0,0,0,0
22464177,4641,0,2,0,0,0,0,0,0,0,0,0
22467820,4642,0,2,0,0,0,0,0,0,0,0,0
22471464,4643,0,2,0,0,0,0,0,0,0,0,0
22475108,4644,0,2,0,0,0,0,0,0,0,0,0
22478752,4645,0,2,0,0,0,0,0,0,0,0,0
22482396,4646,0,2,0,0,0,0,0,0,0,0,0
22486041,4647,0,2,0,0,0,0,0,0,0,0,0
22489684,4648,0,2,0,0,0,0,0,0,0,0,0
22493328,4649,0,2,0,0,0,0,0,0,0,0,0
22496972,4650,0,2,0,0,0,0,0,0,0,0,0
22500617,4651,0,2,0,0,0,0,0,0,0,0,0
22504260,4652,0,2,0,0,0,0,0,0,0,0,0
22507904,4653,0,2,0,0,0,0,0,0,0,0,0
22511548,4654,0,2,0,0,0,0,0,0,0,0,0
22515192,4655,0,2,0,0,0,0,0,0,0,0,0
22518836,4656,0,2,0,0,0,0,0,0,0,0,0
22522480,4657,0,2,0,0,0,0,0,0,0,0,0
22526124,4658,0,2,0,0,0,0,0,0,0,0,0
22529768,4659,0,2,0,0,0,0,0,0,0,0,0
22533412,4660,0,2,0,0,0,0,0,0,0,0,0
22537057,4661,0,2,0,0,0,0,0,0,0,0,0
22540700,4662,0,2,0,0,0,0,0,0,0,0,0
22544344,4663,0,2,0,0,0,0,0,0,0,0,0
22547988,4664,0,2,0,0,0,0,0,0,0,0,0
22551632,4665,0,2,0,0,0,0,0,0,0,0,0
22555276,4666,0,2,0,0,0,0,0,0,0,0,0
22558920,4667,0,2,0,0,0,0,0,0,0,0,0
22562564,4668,0,2,0,0,0,0,0,0,0,0,0
22566208,4669,0,2,0,0,0,0,0,0,0,0,0
22569852,4670,0,2,0,0,0,0,0,0,0,0,0
22573497,4671,0,2,0,0,0,0,0,0,0,0,0
22577140,4672,0,2,0,0,0,0,0,0,0,0,0
22580784,4673,0,2,0,0,0,0,0,0,0,0,0
22584428,4674,0,2,0,0,0,0,0,0,0,0,0
22588072,4675,0,2,0,0,0,0,0,0,0,0,0
22591716,4676,0,2,0,0,0,0,0,0,0,0,0
22595360,4677,0,2,0,0,0,0,0,0,0,0,0
22599004,4678,0,2,0,0,0,0,0,0,0,0,0
22602648,4679,0,2,0,0,0,0,0,0,0,0,0
22606292,4680,0,2,0,0,0,0,0,0,0,0,0
22609937,4681,0,2,0,0,0,0,0,0,0,0,0
22613580,4682,0,2,0,0,0,0,0,0,0,0,0
22617224,4683,0,2,0,0,0,0,0,0,0,0,0
22620868,4684,0,2,0,0,0,0,0,0,0,0,0
22624512,4685,0,2,0,0,0,0,0,0,0,0,0
22628156,4686,0,2,0,0,0,0,0,0,0,0,0
22631800,4687,0,2,0,0,0,0,0,0,0,0,0
22635444,4688,0,2,0,0,0,0,0,0,0,0,0
22639088,4689,0,2,0,0,0,0,0,0,0,0,0
22642732,4690,0,2,0,0,0,0,0,0,0,0,0
22646377,4691,0,2,0,0,0,0,0,0,0,0,0
22650020,4692,0,2,0,0,0,0,0,0,0,0,0
22653664,4693,0,2,0,0,0,0,0,0,0,0,0
22657308,4694,0,2,0,0,0,0,0,0,0,0,0
22660952,4695,0,2,0,0,0,0,0,0,0,0,0
22664596,4696,0,2,0,0,0,0,0,0,0,0,0
22668240,4697,0,2,0,0,0,0,0,0,0,0,0
22671884,4698,0,2,0,0,0,0,0,0,0,0,0
22675528,4699,0,2,0,0,0,0,0,0,0,0,0
22679172,4700,0,2,0,0,0,0,0,0,0,0,0
22682817,4701,0,2,0,0,0,0,0,0,0,0,0
22686460,4702,0,2,0,0,0,0,0,0,0,0,0
22690104,4703,0,2,0,0,0,0,0,0,0,0,0
22693748,4704,0,2,0,0,0,0,0,0,0,0,0
22697392,4705,0,2,0,0,0,0,0,0,0,0,0
22701037,4706,0,2,0,0,0,0,0,0,0,0,0
22704680,4707,0,2,0,0,0,0,0,0,0,0,0
22708324,4708,0,2,0,0,0,0,0,0,0,0,0
22711968,4709,0,2,0,0,0,0,0,0,0,0,0
22715612,4710,0,2,0,0,0,0,0,0,0,0,0
22719257,4711,0,2,0,0,0,0,0,0,0,0,0
22722900,4712,0,2,0,0,0,0,0,0,0,0,0
22726544,4713,0,2,0,0,0,0,0,0,0,0,0
22730188,4714,0,2,0,0,0,0,0,0,0,0,0
22733832,4715,0,2,0,0,0,0,0,0,0,0,0
22737476,4716,0,2,0,0,0,0,0,0,0,0,0
22741120,4717,0,2,0,0,0,0,0,0,0,0,0
22744764,4718,0,2,0,0,0,0,0,0,0,0,0
22748408,4719,0,2,0,0,0,0,0,0,0,0,0
22752052,4720,0,2,0,0,0,0,0,0,0,0,0
22755697,4721,0,2,0,0,0,0,0,0,0,0,0
22759340,4722,0,2,0,0,0,0,0,0,0,0,0
22762984,4723,0,2,0,0,0,0,0,0,0,0,0
22766628,4724,0,2,0,0,0,0,0,0,0,0,0
22770272,4725,0,2,0,0,0,0,0,0,0,0,0
22773916,4726,0,2,0,0,0,0,0,0,0,0,0
22777560,4727,0,2,0,0,0,0,0,0,0,0,0
22781204,4728,0,2,0,0,0,0,0,0,0,0,0
22784848,4729,0,2,0,0,0,0,0,0,0,0,0
22788492,4730,0,2,0,0,0,0,0,0,0,0,0
22792137,4731,0,2,0,0,0,0,0,0,0,0,0
22795780,4732,0,2,0,0,0,0,0,0,0,0,0
22799424,4733,0,2,0,0,0,0,0,0,0,0,0
22803068,4734,0,2,0,0,0,0,0,0,0,0,0
22806712,4735,0,2,0,0,0,0,0,0,0,0,0
22810356,4736,0,2,0,0,0,0,0,0,0,0,0
22814000,4737,0,2,0,0,0,0,0,0,0,0,0
22817644,4738,0,2,0,0,0,0,0,0,0,0,0
22821288,4739,0,2,0,0,0,0,0,0,0,0,0
22824932,4740,0,2,0,0,0,0,0,0,0,0,0
22828577,4741,0,2,0,0,0,0,0,0,0,0,0
22832220,4742,0,2,0,0,0,0,0,0,0,0,0
22835864,4743,0,2,0,0,0,0,0,0,0,0,0
22839508,4744,0,2,0,0,0,0,0,0,0,0,0
22843152,4745,0,2,0,0,0,0,0,0,0,0,0
22846796,4746,0,2,0,0,0,0,0,0,0,0,0
22850440,4747,0,2,0,0,0,0,0,0,0,0,0
22854084,4748,0,2,0,0,0,0,0,0,0,0,0
22857728,4749,0,2,0,0,0,0,0,0,0,0,0
22861372,4750,0,2,0,0,0,0,0,0,0,0,0
22865017,4751,0,2,0,0,0,0,0,0,0,0,0
22868660,4752,0,2,0,0,0,0,0,0,0,0,0
22872304,4753,0,2,0,0,0,0,0,0,0,0,0
22875948,4754,0,2,0,0,0,0,0,0,0,0,0
22879592,4755,0,2,0,0,0,0,0,0,0,0,0
22883236,4756,0,2,0,0,0,0,0,0,0,0,0
22886880,4757,0,2,0,0,0,0,0,0,0,0,0
22890524,4758,0,2,0,0,0,0,0,0,0,0,0
22894168,4759,0,2,0,0,0,0,0,0,0,0,0
22897812,4760,0,2,0,0,0,0,0,0,0,0,0
22901457,4761,0,2,0,0,0,0,0,0,0,0,0
22905100,4762,0,2,0,0,0,0,0,0,0,0,0
22908744,4763,0,2,0,0,0,0,0,0,0,0,0
22912388,4764,0,2,0,0,0,0,0,0,0,0,0
22916032,4765,0,2,0,0,0,0,0,0,0,0,0
22919676,4766,0,2,0,0,0,0,0,0,0,0,0
22923320,4767,0,2,0,0,0,0,0,0,0,0,0
22933678,4768,0,2,0,0,0,0,0,0,0,0,0
22937310,4769,0,2,0,0,0,0,0,0,0,0,0
22940954,4770,0,2,0,0,0,0,0,0,0,0,0
22944599,4771,0,2,0,0,0,0,0,0,0,0,0
22948242,4772,0,2,0,0,0,0,0,0,0,0,0
22951886,4773,0,2,0,0,0,0,0,0,0,0,0
22955530,4774,0,2,0,0,0,0,0,0,0,0,0
22959174,4775,0,2,0,0,0,0,0,0,0,0,0
22962818,4776,0,2,0,0,0,0,0,0,0,0,0
22966462,4777,0,2,0,0,0,0,0,0,0,0,0
22970106,4778,0,2,0,0,0,0,0,0,0,0,0
22973750,4779,0,2,0,0,0,0,0,0,0,0,0
22977394,4780,0,2,0,0,0,0,0,0,0,0,0
22981039,4781,0,2,0,0,0,0,0,0,0,0,0
22984682,4782,0,2,0,0,0,0,0,0,0,0,0
22988326,4783,0,2,0,0,0,0,0,0,0,0,0
22991970,4784,0,2,0,0,0,0,0,0,0,0,0
22995614,4785,0,2,0,0,0,0,0,0,0,0,0
22999258,4786,0,2,0,0,0,0,0,0,0,0,0
23002902,4787,0,2,0,0,0,0,0,0,0,0,0
23006546,4788,0,2,0,0,0,0,0,0,0,0,0
23010190,4789,0,2,0,0,0,0,0,0,0,0,0
23013834,4790,0,2,0,0,0,0,0,0,0,0,0
23017479,4791,0,2,0,0,0,0,0,0,0,0,0
23021122,4792,0,2,0,0,0,0,0,0,0,0,0
23024766,4793,0,2,0,0,0,0,0,0,0,0,0
23028410,4794,0,2,0,0,0,0,0,0,0,0,0
23032054,4795,0,2,0,0,0,0,0,0,0,0,0
23035698,4796,0,2,0,0,0,0,0,0,0,0,0
23039342,4797,0,2,0,0,0,0,0,0,0,0,0
23042986,4798,0,2,0,0,0,0,0,0,0,0,0
23046630,4799,0,2,0,0,0,0,0,0,0,0,0
23050274,4800,0,2,0,0,0,0,0,0,0,0,0
23053919,4801,0,2,0,0,0,0,0,0,0,0,0
23057562,4802,0,2,0,0,0,0,0,0,0,0,0
23061206,4803,0,2,0,0,0,0,0,0,0,0,0
23064850,4804,0,2,0,0,0,0,0,0,0,0,0
23068494,4805,0,2,0,0,0,0,0,0,0,0,0
23072138,4806,0,2,0,0,0,0,0,0,0,0,0
23075782,4807,0,2,0,0,0,0,0,0,0,0,0
23079426,4808,0,2,0,0,0,0,0,0,0,0,0
23083071,4809,0,2,0,0,0,0,0,0,0,0,0
23086714,4810,0,2,0,0,0,0,0,0,0,0,0
23090359,4811,0,2,0,0,0,0,0,0,0,0,0
23094002,4812,0,2,0,0,0,0,0,0,0,0,0
23097646,4813,0,2,0,0,0,0,0,0,0,0,0
23101290,4814,0,2,0,0,0,0,0,0,0,0,0
23104934,4815,0,2,0,0,0,0,0,0,0,0,0
23108578,4816,0,2,0,0,0,0,0,0,0,0,0
23112222,4817,0,2,0,0,0,0,0,0,0,0,0
23115866,4818,0,2,0,0,0,0,0,0,0,0,0
23119510,4819,0,2,0,0,0,0,0,0,0,0,0
23123154,4820,0,2,0,0,0,0,0,0,0,0,0
23126799,4821,0,2,0,0,0,0,0,0,0,0,0
23130442,4822,0,2,0,0,0,0,0,0,0,0,0
23134086,4823,0,2,0,0,0,0,0,0,0,0,0
23137730,4824,0,2,0,0,0,0,0,0,0,0,0
23141374,4825,0,2,0,0,0,0,0,0,0,0,0
23145018,4826,0,2,0,0,0,0,0,0,0,0,0
23148662,4827,0,2,0,0,0,0,0,0,0,0,0
23152306,4828,0,2,0,0,0,0,0,0,0,0,0
23155950,4829,0,2,0,0,0,0,0,0,0,0,0
23159594,4830,0,2,0,0,0,0,0,0,0,0,0
23163239,4831,0,2,0,0,0,0,0,0,0,0,0
23166882,4832,0,2,0,0,0,0,0,0,0,0,0
23170526,4833,0,2,0,0,0,0,0,0,0,0,0
23174170,4834,0,2,0,0,0,0,0,0,0,0,0
23177814,4835,0,2,0,0,0,0,0,0,0,0,0
23181458,4836,0,2,0,0,0,0,0,0,0,0,0
23185102,4837,0,2,0,0,0,0,0,0,0,0,0
23188746,4838,0,2,0,0,0,0,0,0,0,0,0
23192390,4839,0,2,0,0,0,0,0,0,0,0,0
23196034,4840,0,2,0,0,0,0,0,0,0,0,0
23199679,4841,0,2,0,0,0,0,0,0,0,0,0
23203322,4842,0,2,0,0,0,0,0,0,0,0,0
23206966,4843,0,2,0,0,0,0,0,0,0,0,0
23210610,4844,0,2,0,0,0,0,0,0,0,0,0
23214254,4845,0,2,0,0,0,0,0,0,0,0,0
23217898,4846,0,2,0,0,0,0,0,0,0,0,0
23221542,4847,0,2,0,0,0,0,0,0,0,0,0
23225186,4848,0,2,0,0,0,0,0,0,0,0,0
23228830,4849,0,2,0,0,0,0,0,0,0,0,0
23232474,4850,0,2,0,0,0,0,0,0,0,0,0
23236119,4851,0,2,0,0,0,0,0,0,0,0,0
23239762,4852,0,2,0,0,0,0,0,0,0,0,0
23243406,4853,0,2,0,0,0,0,0,0,0,0,0
23247051,4854,0,2,0,0,0,0,0,0,0,0,0
23250694,4855,0,2,0,0,0,0,0,0,0,0,0
23254338,4856,0,2,0,0,0,0,0,0,0,0,0
23257982,4857,0,2,0,0,0,0,0,0,0,0,0
23261626,4858,0,2,0,0,0,0,0,0,0,0,0
23265270,4859,0,2,0,0,0,0,0,0,0,0,0
23268914,4860,0,2,0,0,0,0,0,0,0,0,0
23272559,4861,0,2,0,0,0,0,0,0,0,0,0
23276202,4862,0,2,0,0,0,0,0,0,0,0,0
23279846,4863,0,2,0,0,0,0,0,0,0,0,0
23283490,4864,0,2,0,0,0,0,0,0,0,0,0
23287134,4865,0,2,0,0,0,0,0,0,0,0,0
23290778,4866,0,2,0,0,0,0,0,0,0,0,0
23294422,4867,0,2,0,0,0,0,0,0,0,0,0
23298066,4868,0,2,0,0,0,0,0,0,0,0,0
23301710,4869,0,2,0,0,0,0,0,0,0,0,0
23305354,4870,0,2,0,0,0,0,0,0,0,0,0
23308999,4871,0,2,0,0,0,0,0,0,0,0,0
23312642,4872,0,2,0,0,0,0,0,0,0,0,0
23316286,4873,0,2,0,0,0,0,0,0,0,0,0
23319930,4874,0,2,0,0,0,0,0,0,0,0,0
23323574,4875,0,2,0,0,0,0,0,0,0,0,0
23327218,4876,0,2,0,0,0,0,0,0,0,0,0
23330862,4877,0,2,0,0,0,0,0,0,0,0,0
23334506,4878,0,2,0,0,0,0,0,0,0,0,0
23338150,4879,0,2,0,0,0,0,0,0,0,0,0
23341794,4880,0,2,0,0,0,0,0,0,0,0,0
23345439,4881,0,2,0,0,0,0,0,0,0,0,0
23349082,4882,0,2,0,0,0,0,0,0,0,0,0
23352726,4883,0,2,0,0,0,0,0,0,0,0,0
23356370,4884,0,2,0,0,0,0,0,0,0,0,0
23360014,4885,0,2,0,0,0,0,0,0,0,0,0
23363658,4886,0,2,0,0,0,0,0,0,0,0,0
23367302,4887,0,2,0,0,0,0,0,0,0,0,0
23370946,4888,0,2,0,0,0,0,0,0,0,0,0
23374590,4889,0,2,0,0,0,0,0,0,0,0,0
23378234,4890,0,2,0,0,0,0,0,0,0,0,0
23381879,4891,0,2,0,0,0,0,0,0,0,0,0
23385522,4892,0,2,0,0,0,0,0,0,0,0,0
23389166,4893,0,2,0,0,0,0,0,0,0,0,0
23392810,4894,0,2,0,0,0,0,0,0,0,0,0
23396454,4895,0,2,0,0,0,0,0,0,0,0,0
23400098,4896,0,2,0,0,0,0,0,0,0,0,0
23403742,4897,0,2,0,0,0,0,0,0,0,0,0
23407386,4898,0,2,0,0,0,0,0,0,0,0,0
23411030,4899,0,2,0,0,0,0,0,0,0,0,0
23414674,4900,0,2,0,0,0,0,0,0,0,0,0
23418319,4901,0,2,0,0,0,0,0,0,0,0,0
23421962,4902,0,2,0,0,0,0,0,0,0,0,0
23425606,4903,0,2,0,0,0,0,0,0,0,0,0
23429250,4904,0,2,0,0,0,0,0,0,0,0,0
23432894,4905,0,2,0,0,0,0,0,0,0,0,0
23436538,4906,0,2,0,0,0,0,0,0,0,0,0
23440182,4907,0,2,0,0,0,0,0,0,0,0,0
23443826,4908,0,2,0,0,0,0,0,0,0,0,0
23447470,4909,0,2,0,0,0,0,0,0,0,0,0
23451114,4910,0,2,0,0,0,0,0,0,0,0,0
23454759,4911,0,2,0,0,0,0,0,0,0,0,0
23458402,4912,0,2,0,0,0,0,0,0,0,0,0
23462046,4913,0,2,0,0,0,0,0,0,0,0,0
23465690,4914,0,2,0,0,0,0,0,0,0,0,0
23469334,4915,0,2,0,0,0,0,0,0,0,0,0
23472978,4916,0,2,0,0,0,0,0,0,0,0,0
23476622,4917,0,2,0,0,0,0,0,0,0,0,0
23480266,4918,0,2,0,0,0,0,0,0,0,0,0
23483910,4919,0,2,0,0,0,0,0,0,0,0,0
23487554,4920,0,2,0,0,0,0,0,0,0,0,0
23491199,4921,0,2,0,0,0,0,0,0,0,0,0
23494842,4922,0,2,0,0,0,0,0,0,0,0,0
23498486,4923,0,2,0,0,0,0,0,0,0,0,0
23502130,4924,0,2,0,0,0,0,0,0,0,0,0
23505774,4925,0,2,0,0,0,0,0,0,0,0,0
23509418,4926,0,2,0,0,0,0,0,0,0,0,0
23513062,4927,0,2,0,0,0,0,0,0,0,0,0
23516706,4928,0,2,0,0,0,0,0,0,0,0,0
23520350,4929,0,2,0,0,0,0,0,0,0,0,0
23523994,4930,0,2,0,0,0,0,0,0,0,0,0
23527639,4931,0,2,0,0,0,0,0,0,0,0,0
23531282,4932,0,2,0,0,0,0,0,0,0,0,0
23534926,4933,0,2,0,0,0,0,0,0,0,0,0
23538570,4934,0,2,0,0,0,0,0,0,0,0,0
23542214,4935,0,2,0,0,0,0,0,0,0,0,0
23545858,4936,0,2,0,0,0,0,0,0,0,0,0
23549502,4937,0,2,0,0,0,0,0,0,0,0,0
23553146,4938,0,2,0,0,0,0,0,0,0,0,0
23556790,4939,0,2,0,0,0,0,0,0,0,0,0
23560434,4940,0,2,0,0,0,0,0,0,0,0,0
23564079,4941,0,2,0,0,0,0,0,0,0,0,0
23567722,4942,0,2,0,0,0,0,0,0,0,0,0
23571366,4943,0,2,0,0,0,0,0,0,0,0,0
23575011,4944,0,2,0,0,0,0,0,0,0,0,0
23578654,4945,0,2,0,0,0,0,0,0,0,0,0
23582298,4946,0,2,0,0,0,0,0,0,0,0,0
23585942,4947,0,2,0,0,0,0,0,0,0,0,0
23589586,4948,0,2,0,0,0,0,0,0,0,0,0
23593230,4949,0,2,0,0,0,0,0,0,0,0,0
23596874,4950,0,2,0,0,0,0,0,0,0,0,0
23600519,4951,0,2,0,0,0,0,0,0,0,0,0
23604162,4952,0,2,0,0,0,0,0,0,0,0,0
23607806,4953,0,2,0,0,0,0,0,0,0,0,0
23611450,4954,0,2,0,0,0,0,0,0,0,0,0
23615094,4955,0,2,0,0,0,0,0,0,0,0,0
23618738,4956,0,2,0,0,0,0,0,0,0,0,0
23622382,4957,0,2,0,0,0,0,0,0,0,0,0
23626026,4958,0,2,0,0,0,0,0,0,0,0,0
23629670,4959,0,2,0,0,0,0,0,0,0,0,0
23633314,4960,0,2,0,0,0,0,0,0,0,0,0
23636959,4961,0,2,0,0,0,0,0,0,0,0,0
23640602,4962,0,2,0,0,0,0,0,0,0,0,0
23644246,4963,0,2,0,0,0,0,0,0,0,0,0
23647890,4964,0,2,0,0,0,0,0,0,0,0,0
23651534,4965,0,2,0,0,0,0,0,0,0,0,0
23655178,4966,0,2,0,0,0,0,0,0,0,0,0
23658822,4967,0,2,0,0,0,0,0,0,0,0,0
23662466,4968,0,2,0,0,0,0,0,0,0,0,0
23666110,4969,0,2,0,0,0,0,0,0,0,0,0
23669754,4970,0,2,0,0,0,0,0,0,0,0,0
23673399,4971,0,2,0,0,0,0,0,0,0,0,0
23677042,4972,0,2,0,0,0,0,0,0,0,0,0
23680686,4973,0,2,0,0,0,0,0,0,0,0,0
23684330,4974,0,2,0,0,0,0,0,0,0,0,0
23687974,4975,0,2,0,0,0,0,0,0,0,0,0
23691618,4976,0,2,0,0,0,0,0,0,0,0,0
23695262,4977,0,2,0,0,0,0,0,0,0,0,0
23698906,4978,0,2,0,0,0,0,0,0,0,0,0
23702550,4979,0,2,0,0,0,0,0,0,0,0,0
23706194,4980,0,2,0,0,0,0,0,0,0,0,0
23709839,4981,0,2,0,0,0,0,0,0,0,0,0
23713482,4982,0,2,0,0,0,0,0,0,0,0,0
23717126,4983,0,2,0,0,0,0,0,0,0,0,0
23720770,4984,0,2,0,0,0,0,0,0,0,0,0
23724414,4985,0,2,0,0,0,0,0,0,0,0,0
23728058,4986,0,2,0,0,0,0,0,0,0,0,0
23731702,4987,0,2,0,0,0,0,0,0,0,0,0
23735346,4988,0,2,0,0,0,0,0,0,0,0,0
23738990,4989,0,2,0,0,0,0,0,0,0,0,0
23742634,4990,0,2,0,0,0,0,0,0,0,0,0
23746279,4991,0,2,0,0,0,0,0,0,0,0,0
23749922,4992,0,2,0,0,0,0,0,0,0,0,0
23753566,4993,0,2,0,0,0,0,0,0,0,0,0
23757210,4994,0,2,0,0,0,0,0,0,0,0,0
23766059,4995,0,2,0,0,0,0,0,0,0,0,0
23769691,4996,0,2,0,0,0,0,0,0,0,0,0
23773335,4997,0,2,0,0,0,0,0,0,0,0,0
23776979,4998,0,2,0,0,0,0,0,0,0,0,0
23780623,4999,0,2,0,0,0,0,0,0,0,0,0
23784267,5000,0,2,0,0,0,0,0,0,0,0,0
23787912,5001,0,2,0,0,0,0,0,0,0,0,0
23791555,5002,0,2,0,0,0,0,0,0,0,0,0
23795199,5003,0,2,0,0,0,0,0,0,0,0,0
23798843,5004,0,2,0,0,0,0,0,0,0,0,0
23802487,5005,0,2,0,0,0,0,0,0,0,0,0
23806131,5006,0,2,0,0,0,0,0,0,0,0,0
23809775,5007,0,2,0,0,0,0,0,0,0,0,0
23813419,5008,0,2,0,0,0,0,0,0,0,0,0
23817063,5009,0,2,0,0,0,0,0,0,0,0,0
23820707,5010,0,2,0,0,0,0,0,0,0,0,0
23824352,5011,0,2,0,0,0,0,0,0,0,0,0
23827995,5012,0,2,0,0,0,0,0,0,0,0,0
23831639,5013,0,2,0,0,0,0,0,0,0,0,0
23835283,5014,0,2,0,0,0,0,0,0,0,0,0
23838927,5015,0,2,0,0,0,0,0,0,0,0,0
23842571,5016,0,2,0,0,0,0,0,0,0,0,0
23846216,5017,0,2,0,0,0,0,0,0,0,0,0
23849859,5018,0,2,0,0,0,0,0,0,0,0,0
23853503,5019,0,2,0,0,0,0,0,0,0,0,0
23857147,5020,0,2,0,0,0,0,0,0,0,0,0
23860792,5021,0,2,0,0,0,0,0,0,0,0,0
23864435,5022,0,2,0,0,0,0,0,0,0,0,0
23868080,5023,0,2,0,0,0,0,0,0,0,0,0
23871723,5024,0,2,0,0,0,0,0,0,0,0,0
23875367,5025,0,2,0,0,0,0,0,0,0,0,0
23879011,5026,0,2,0,0,0,0,0,0,0,0,0
23882655,5027,0,2,0,0,0,0,0,0,0,0,0
23886299,5028,0,2,0,0,0,0,0,0,0,0,0
23889943,5029,0,2,0,0,0,0,0,0,0,0,0
23893587,5030,0,2,0,0,0,0,0,0,0,0,0
23897232,5031,0,2,0,0,0,0,0,0,0,0,0
23900875,5032,0,2,0,0,0,0,0,0,0,0,0
23904519,5033,0,2,0,0,0,0,0,0,0,0,0
23908163,5034,0,2,0,0,0,0,0,0,0,0,0
23911807,5035,0,2,0,0,0,0,0,0,0,0,0
23915451,5036,0,2,0,0,0,0,0,0,0,0,0
23919095,5037,0,2,0,0,0,0,0,0,0,0,0
23922739,5038,0,2,0,0,0,0,0,0,0,0,0
23926383,5039,0,2,0,0,0,0,0,0,0,0,0
23930027,5040,0,2,0,0,0,0,0,0,0,0,0
23933672,5041,0,2,0,0,0,0,0,0,0,0,0
23937315,5042,0,2,0,0,0,0,0,0,0,0,0
23940959,5043,0,2,0,0,0,0,0,0,0,0,0
23944603,5044,0,2,0,0,0,0,0,0,0,0,0
23948247,5045,0,2,0,0,0,0,0,0,0,0,0
23951891,5046,0,2,0,0,0,0,0,0,0,0,0
23955535,5047,0,2,0,0,0,0,0,0,0,0,0
23959179,5048,0,2,0,0,0,0,0,0,0,0,0
23962823,5049,0,2,0,0,0,0,0,0,0,0,0
23966467,5050,0,2,0,0,0,0,0,0,0,0,0
23970112,5051,0,2,0,0,0,0,0,0,0,0,0
23973755,5052,0,2,0,0,0,0,0,0,0,0,0
23977399,5053,0,2,0,0,0,0,0,0,0,0,0
23981043,5054,0,2,0,0,0,0,0,0,0,0,0
23984687,5055,0,2,0,0,0,0,0,0,0,0,0
23988331,5056,0,2,0,0,0,0,0,0,0,0,0
23991975,5057,0,2,0,0,0,0,0,0,0,0,0
23995619,5058,0,2,0,0,0,0,0,0,0,0,0
23999263,5059,0,2,0,0,0,0,0,0,0,0,0
24002907,5060,0,2,0,0,0,0,0,0,0,0,0
24006552,5061,0,2,0,0,0,0,0,0,0,0,0
24010195,5062,0,2,0,0,0,0,0,0,0,0,0
24013839,5063,0,2,0,0,0,0,0,0,0,0,0
24017483,5064,0,2,0,0,0,0,0,0,0,0,0
24021127,5065,0,2,0,0,0,0,0,0,0,0,0
24024771,5066,0,2,0,0,0,0,0,0,0,0,0
24028415,5067,0,2,0,0,0,0,0,0,0,0,0
24032059,5068,0,2,0,0,0,0,0,0,0,0,0
24035703,5069,0,2,0,0,0,0,0,0,0,0,0
24039347,5070,0,2,0,0,0,0,0,0,0,0,0
24042992,5071,0,2,0,0,0,0,0,0,0,0,0
24046635,5072,0,2,0,0,0,0,0,0,0,0,0
24050279,5073,0,2,0,0,0,0,0,0,0,0,0
24053923,5074,0,2,0,0,0,0,0,0,0,0,0
24057567,5075,0,2,0,0,0,0,0,0,0,0,0
24061211,5076,0,2,0,0,0,0,0,0,0,0,0
24064855,5077,0,2,0,0,0,0,0,0,0,0,0
24068499,5078,0,2,0,0,0,0,0,0,0,0,0
24072143,5079,0,2,0,0,0,0,0,0,0,0,0
24075787,5080,0,2,0,0,0,0,0,0,0,0,0
24079432,5081,0,2,0,0,0,0,0,0,0,0,0
24083075,5082,0,2,0,0,0,0,0,0,0,0,0
24086719,5083,0,2,0,0,0,0,0,0,0,0,0
24090363,5084,0,2,0,0,0,0,0,0,0,0,0
24094008,5085,0,2,0,0,0,0,0,0,0,0,0
24097651,5086,0,2,0,0,0,0,0,0,0,0,0
24101295,5087,0,2,0,0,0,0,0,0,0,0,0
24104939,5088,0,2,0,0,0,0,0,0,0,0,0
24108583,5089,0,2,0,0,0,0,0,0,0,0,0
24112227,5090,0,2,0,0,0,0,0,0,0,0,0
24115872,5091,0,2,0,0,0,0,0,0,0,0,0
24119515,5092,0,2,0,0,0,0,0,0,0,0,0
24123159,5093,0,2,0,0,0,0,0,0,0,0,0
24126803,5094,0,2,0,0,0,0,0,0,0,0,0
24130447,5095,0,2,0,0,0,0,0,0,0,0,0
24134091,5096,0,2,0,0,0,0,0,0,0,0,0
24137735,5097,0,2,0,0,0,0,0,0,0,0,0
24141379,5098,0,2,0,0,0,0,0,0,0,0,0
24145023,5099,0,2,0,0,0,0,0,0,0,0,0
24148667,5100,0,2,0,0,0,0,0,0,0,0,0
24152312,5101,0,2,0,0,0,0,0,0,0,0,0
24155955,5102,0,2,0,0,0,0,0,0,0,0,0
24159599,5103,0,2,0,0,0,0,0,0,0,0,0
24163243,5104,0,2,0,0,0,0,0,0,0,0,0
24166887,5105,0,2,0,0,0,0,0,0,0,0,0
24170531,5106,0,2,0,0,0,0,0,0,0,0,0
24174175,5107,0,2,0,0,0,0,0,0,0,0,0
24177819,5108,0,2,0,0,0,0,0,0,0,0,0
24181463,5109,0,2,0,0,0,0,0,0,0,0,0
24185107,5110,0,2,0,0,0,0,0,0,0,0,0
24188752,5111,0,2,0,0,0,0,0,0,0,0,0
24192395,5112,0,2,0,0,0,0,0,0,0,0,0
24196039,5113,0,2,0,0,0,0,0,0,0,0,0
24199683,5114,0,2,0,0,0,0,0,0,0,0,0
24203327,5115,0,2,0,0,0,0,0,0,0,0,0
24206971,5116,0,2,0,0,0,0,0,0,0,0,0
24210615,5117,0,2,0,0,0,0,0,0,0,0,0
24214259,5118,0,2,0,0,0,0,0,0,0,0,0
24217903,5119,0,2,0,0,0,0,0,0,0,0,0
24221547,5120,0,2,0,0,0,0,0,0,0,0,0
24225192,5121,0,2,0,0,0,0,0,0,0,0,0
24228835,5122,0,2,0,0,0,0,0,0,0,0,0
24232479,5123,0,2,0,0,0,0,0,0,0,0,0
24236123,5124,0,2,0,0,0,0,0,0,0,0,0
24239767,5125,0,2,0,0,0,0,0,0,0,0,0
24243411,5126,0,2,0,0,0,0,0,0,0,0,0
24247055,5127,0,2,0,0,0,0,0,0,0,0,0
24250699,5128,0,2,0,0,0,0,0,0,0,0,0
24254343,5129,0,2,0,0,0,0,0,0,0,0,0
24257987,5130,0,2,0,0,0,0,0,0,0,0,0
24261632,5131,0,2,0,0,0,0,0,0,0,0,0
24265275,5132,0,2,0,0,0,0,0,0,0,0,0
24268919,5133,0,2,0,0,0,0,0,0,0,0,0
24272563,5134,0,2,0,0,0,0,0,0,0,0,0
24276207,5135,0,2,0,0,0,0,0,0,0,0,0
24279851,5136,0,2,0,0,0,0,0,0,0,0,0
24283495,5137,0,2,0,0,0,0,0,0,0,0,0
24287139,5138,0,2,0,0,0,0,0,0,0,0,0
24290783,5139,0,2,0,0,0,0,0,0,0,0,0
24294427,5140,0,2,0,0,0,0,0,0,0,0,0
24298072,5141,0,2,0,0,0,0,0,0,0,0,0
24301715,5142,0,2,0,0,0,0,0,0,0,0,0
24305359,5143,0,2,0,0,0,0,0,0,0,0,0
24309003,5144,0,2,0,0,0,0,0,0,0,0,0
24312647,5145,0,2,0,0,0,0,0,0,0,0,0
24316291,5146,0,2,0,0,0,0,0,0,0,0,0
24319935,5147,0,2,0,0,0,0,0,0,0,0,0
24323579,5148,0,2,0,0,0,0,0,0,0,0,0
24327223,5149,0,2,0,0,0,0,0,0,0,0,0
24330867,5150,0,2,0,0,0,0,0,0,0,0,0
24334512,5151,0,2,0,0,0,0,0,0,0,0,0
24338155,5152,0,2,0,0,0,0,0,0,0,0,0
24341799,5153,0,2,0,0,0,0,0,0,0,0,0
24345443,5154,0,2,0,0,0,0,0,0,0,0,0
24349087,5155,0,2,0,0,0,0,0,0,0,0,0
24352731,5156,0,2,0,0,0,0,0,0,0,0,0
24356375,5157,0,2,0,0,0,0,0,0,0,0,0
24360019,5158,0,2,0,0,0,0,0,0,0,0,0
24363663,5159,0,2,0,0,0,0,0,0,0,0,0
24367307,5160,0,2,0,0,0,0,0,0,0,0,0
24370952,5161,0,2,0,0,0,0,0,0,0,0,0
24374595,5162,0,2,0,0,0,0,0,0,0,0,0
24378239,5163,0,2,0,0,0,0,0,0,0,0,0
24381883,5164,0,2,0,0,0,0,0,0,0,0,0
24385527,5165,0,2,0,0,0,0,0,0,0,0,0
24389171,5166,0,2,0,0,0,0,0,0,0,0,0
24392815,5167,0,2,0,0,0,0,0,0,0,0,0
24396459,5168,0,2,0,0,0,0,0,0,0,0,0
24400103,5169,0,2,0,0,0,0,0,0,0,0,0
24403747,5170,0,2,0,0,0,0,0,0,0,0,0
24407392,5171,0,2,0,0,0,0,0,0,0,0,0
24411035,5172,0,2,0,0,0,0,0,0,0,0,0
24414679,5173,0,2,0,0,0,0,0,0,0,0,0
24418323,5174,0,2,0,0,0,0,0,0,0,0,0
24421967,5175,0,2,0,0,0,0,0,0,0,0,0
24425611,5176,0,2,0,0,0,0,0,0,0,0,0
24429255,5177,0,2,0,0,0,0,0,0,0,0,0
24432899,5178,0,2,0,0,0,0,0,0,0,0,0
24436543,5179,0,2,0,0,0,0,0,0,0,0,0
24440187,5180,0,2,0,0,0,0,0,0,0,0,0
24443832,5181,0,2,0,0,0,0,0,0,0,0,0
24447475,5182,0,2,0,0,0,0,0,0,0,0,0
24451119,5183,0,2,0,0,0,0,0,0,0,0,0
24454763,5184,0,2,0,0,0,0,0,0,0,0,0
24458407,5185,0,2,0,0,0,0,0,0,0,0,0
24462051,5186,0,2,0,0,0,0,0,0,0,0,0
24465695,5187,0,2,0,0,0,0,0,0,0,0,0
24469339,5188,0,2,0,0,0,0,0,0,0,0,0
24472983,5189,0,2,0,0,0,0,0,0,0,0,0
24476627,5190,0,2,0,0,0,0,0,0,0,0,0
24480272,5191,0,2,0,0,0,0,0,0,0,0,0
24483915,5192,0,2,0,0,0,0,0,0,0,0,0
24487559,5193,0,2,0,0,0,0,0,0,0,0,0
24491203,5194,0,2,0,0,0,0,0,0,0,0,0
24494847,5195,0,2,0,0,0,0,0,0,0,0,0
24498491,5196,0,2,0,0,0,0,0,0,0,0,0
24502135,5197,0,2,0,0,0,0,0,0,0,0,0
24505779,5198,0,2,0,0,0,0,0,0,0,0,0
24509423,5199,0,2,0,0,0,0,0,0,0,0,0
24513067,5200,0,2,0,0,0,0,0,0,0,0,0
24516712,5201,0,2,0,0,0,0,0,0,0,0,0
24520355,5202,0,2,0,0,0,0,0,0,0,0,0
24523999,5203,0,2,0,0,0,0,0,0,0,0,0
24527643,5204,0,2,0,0,0,0,0,0,0,0,0
24531287,5205,0,2,0,0,0,0,0,0,0,0,0
24534931,5206,0,2,0,0,0,0,0,0,0,0,0
24538575,5207,0,2,0,0,0,0,0,0,0,0,0
24542219,5208,0,2,0,0,0,0,0,0,0,0,0
24545863,5209,0,2,0,0,0,0,0,0,0,0,0
24549507,5210,0,2,0,0,0,0,0,0,0,0,0
24553152,5211,0,2,0,0,0,0,0,0,0,0,0
24556795,5212,0,2,0,0,0,0,0,0,0,0,0
24560439,5213,0,2,0,0,0,0,0,0,0,0,0
24564083,5214,0,2,0,0,0,0,0,0,0,0,0
24567727,5215,0,2,0,0,0,0,0,0,0,0,0
24571371,5216,0,2,0,0,0,0,0,0,0,0,0
24575015,5217,0,2,0,0,0,0,0,0,0,0,0
24578659,5218,0,2,0,0,0,0,0,0,0,0,0
24582303,5219,0,2,0,0,0,0,0,0,0,0,0
24585947,5220,0,2,0,0,0,0,0,0,0,0,0
24589592,5221,0,2,0,0,0,0,0,0,0,0,0
24600451,5222,0,2,0,0,0,0,0,0,0,0,0
24604082,5223,0,2,0,0,0,0,0,0,0,0,0
24607726,5224,0,2,0,0,0,0,0,0,0,0,0
24611370,5225,0,2,0,0,0,0,0,0,0,0,0
24615014,5226,0,2,0,0,0,0,0,0,0,0,0
24618658,5227,0,2,0,0,0,0,0,0,0,0,0
24622302,5228,0,2,0,0,0,0,0,0,0,0,0
24625946,5229,0,2,0,0,0,0,0,0,0,0,0
24629590,5230,0,2,0,0,0,0,0,0,0,0,0
24633235,5231,0,2,0,0,0,0,0,0,0,0,0
24636878,5232,0,2,0,0,0,0,0,0,0,0,0
24640522,5233,0,2,0,0,0,0,0,0,0,0,0
24644166,5234,0,2,0,0,0,0,0,0,0,0,0
24647810,5235,0,2,0,0,0,0,0,0,0,0,0
24651454,5236,0,2,0,0,0,0,0,0,0,0,0
24655098,5237,0,2,0,0,0,0,0,0,0,0,0
24658742,5238,0,2,0,0,0,0,0,0,0,0,0
24662386,5239,0,2,0,0,0,0,0,0,0,0,0
24666030,5240,0,2,0,0,0,0,0,0,0,0,0
24669675,5241,0,2,0,0,0,0,0,0,0,0,0
24673318,5242,0,2,0,0,0,0,0,0,0,0,0
24676962,5243,0,2,0,0,0,0,0,0,0,0,0
24680606,5244,0,2,0,0,0,0,0,0,0,0,0
24684250,5245,0,2,0,0,0,0,0,0,0,0,0
24687894,5246,0,2,0,0,0,0,0,0,0,0,0
24691538,5247,0,2,0,0,0,0,0,0,0,0,0
24695182,5248,0,2,0,0,0,0,0,0,0,0,0
24698826,5249,0,2,0,0,0,0,0,0,0,0,0
24702470,5250,0,2,0,0,0,0,0,0,0,0,0
24706115,5251,0,2,0,0,0,0,0,0,0,0,0
24709758,5252,0,2,0,0,0,0,0,0,0,0,0
24713402,5253,0,2,0,0,0,0,0,0,0,0,0
24717046,5254,0,2,0,0,0,0,0,0,0,0,0
24720690,5255,0,2,0,0,0,0,0,0,0,0,0
24724334,5256,0,2,0,0,0,0,0,0,0,0,0
24727978,5257,0,2,0,0,0,0,0,0,0,0,0
24731622,5258,0,2,0,0,0,0,0,0,0,0,0
24735266,5259,0,2,0,0,0,0,0,0,0,0,0
24738910,5260,0,2,0,0,0,0,0,0,0,0,0
24742555,5261,0,2,0,0,0,0,0,0,0,0,0
24746198,5262,0,2,0,0,0,0,0,0,0,0,0
24749842,5263,0,2,0,0,0,0,0,0,0,0,0
24753486,5264,0,2,0,0,0,0,0,0,0,0,0
24757130,5265,0,2,0,0,0,0,0,0,0,0,0
24760774,5266,0,2,0,0,0,0,0,0,0,0,0
24764418,5267,0,2,0,0,0,0,0,0,0,0,0
24768062,5268,0,2,0,0,0,0,0,0,0,0,0
24771706,5269,0,2,0,0,0,0,0,0,0,0,0
24775350,5270,0,2,0,0,0,0,0,0,0,0,0
24778995,5271,0,2,0,0,0,0,0,0,0,0,0
24782638,5272,0,2,0,0,0,0,0,0,0,0,0
24786282,5273,0,2,0,0,0,0,0,0,0,0,0
24789926,5274,0,2,0,0,0,0,0,0,0,0,0
24793570,5275,0,2,0,0,0,0,0,0,0,0,0
24797214,5276,0,2,0,0,0,0,0,0,0,0,0
24800858,5277,0,2,0,0,0,0,0,0,0,0,0
24804502,5278,0,2,0,0,0,0,0,0,0,0,0
24808146,5279,0,2,0,0,0,0,0,0,0,0,0
24811790,5280,0,2,0,0,0,0,0,0,0,0,0
24815435,5281,0,2,0,0,0,0,0,0,0,0,0
24819079,5282,0,2,0,0,0,0,0,0,0,0,0
24822722,5283,0,2,0,0,0,0,0,0,0,0,0
24826366,5284,0,2,0,0,0,0,0,0,0,0,0
24830011,5285,0,2,0,0,0,0,0,0,0,0,0
24833654,5286,0,2,0,0,0,0,0,0,0,0,0
24837298,5287,0,2,0,0,0,0,0,0,0,0,0
24840942,5288,0,2,0,0,0,0,0,0,0,0,0
24844586,5289,0,2,0,0,0,0,0,0,0,0,0
24848230,5290,0,2,0,0,0,0,0,0,0,0,0
24851875,5291,0,2,0,0,0,0,0,0,0,0,0
24855518,5292,0,2,0,0,0,0,0,0,0,0,0
24859162,5293,0,2,0,0,0,0,0,0,0,0,0
24862806,5294,0,2,0,0,0,0,0,0,0,0,0
24866450,5295,0,2,0,0,0,0,0,0,0,0,0
24870095,5296,0,2,0,0,0,0,0,0,0,0,0
24873738,5297,0,2,0,0,0,0,0,0,0,0,0
24877382,5298,0,2,0,0,0,0,0,0,0,0,0
24881026,5299,0,2,0,0,0,0,0,0,0,0,0
24884670,5300,0,2,0,0,0,0,0,0,0,0,0
24888315,5301,0,2,0,0,0,0,0,0,0,0,0
24891958,5302,0,2,0,0,0,0,0,0,0,0,0
24895602,5303,0,2,0,0,0,0,0,0,0,0,0
24899246,5304,0,2,0,0,0,0,0,0,0,0,0
24902890,5305,0,2,0,0,0,0,0,0,0,0,0
24906534,5306,0,2,0,0,0,0,0,0,0,0,0
24910178,5307,0,2,0,0,0,0,0,0,0,0,0
24913822,5308,0,2,0,0,0,0,0,0,0,0,0
24917466,5309,0,2,0,0,0,0,0,0,0,0,0
24921110,5310,0,2,0,0,0,0,0,0,0,0,0
24924755,5311,0,2,0,0,0,0,0,0,0,0,0
24928398,5312,0,2,0,0,0,0,0,0,0,0,0
24932042,5313,0,2,0,0,0,0,0,0,0,0,0
24935686,5314,0,2,0,0,0,0,0,0,0,0,0
24939330,5315,0,2,0,0,0,0,0,0,0,0,0
24942974,5316,0,2,0,0,0,0,0,0,0,0,0
24946618,5317,0,2,0,0,0,0,0,0,0,0,0
24950262,5318,0,2,0,0,0,0,0,0,0,0,0
24953906,5319,0,2,0,0,0,0,0,0,0,0,0
24957550,5320,0,2,0,0,0,0,0,0,0,0,0
24961195,5321,0,2,0,0,0,0,0,0,0,0,0
24964838,5322,0,2,0,0,0,0,0,0,0,0,0
24968482,5323,0,2,0,0,0,0,0,0,0,0,0
24972126,5324,0,2,0,0,0,0,0,0,0,0,0
24975770,5325,0,2,0,0,0,0,0,0,0,0,0
24979414,5326,0,2,0,0,0,0,0,0,0,0,0
24983058,5327,0,2,0,0,0,0,0,0,0,0,0
24986702,5328,0,2,0,0,0,0,0,0,0,0,0
24990346,5329,0,2,0,0,0,0,0,0,0,0,0
24993990,5330,0,2,0,0,0,0,0,0,0,0,0
24997635,5331,0,2,0,0,0,0,0,0,0,0,0
25001278,5332,0,2,0,0,0,0,0,0,0,0,0
25004922,5333,0,2,0,0,0,0,0,0,0,0,0
25008566,5334,0,2,0,0,0,0,0,0,0,0,0
25012210,5335,0,2,0,0,0,0,0,0,0,0,0
25015854,5336,0,2,0,0,0,0,0,0,0,0,0
25019498,5337,0,2,0,0,0,0,0,0,0,0,0
25023142,5338,0,2,0,0,0,0,0,0,0,0,0
25026786,5339,0,2,0,0,0,0,0,0,0,0,0
25030430,5340,0,2,0,0,0,0,0,0,0,0,0
25034075,5341,0,2,0,0,0,0,0,0,0,0,0
25037718,5342,0,2,0,0,0,0,0,0,0,0,0
25041362,5343,0,2,0,0,0,0,0,0,0,0,0
25045006,5344,0,2,0,0,0,0,0,0,0,0,0
25048650,5345,0,2,0,0,0,0,0,0,0,0,0
25052294,5346,0,2,0,0,0,0,0,0,0,0,0
25055938,5347,0,2,0,0,0,0,0,0,0,0,0
25059582,5348,0,2,0,0,0,0,0,0,0,0,0
25063226,5349,0,2,0,0,0,0,0,0,0,0,0
25066870,5350,0,2,0,0,0,0,0,0,0,0,0
25070515,5351,0,2,0,0,0,0,0,0,0,0,0
25074158,5352,0,2,0,0,0,0,0,0,0,0,0
25077802,5353,0,2,0,0,0,0,0,0,0,0,0
25081446,5354,0,2,0,0,0,0,0,0,0,0,0
25085090,5355,0,2,0,0,0,0,0,0,0,0,0
25088734,5356,0,2,0,0,0,0,0,0,0,0,0
25092378,5357,0,2,0,0,0,0,0,0,0,0,0
25096023,5358,0,2,0,0,0,0,0,0,0,0,0
25099666,5359,0,2,0,0,0,0,0,0,0,0,0
25103310,5360,0,2,0,0,0,0,0,0,0,0,0
25106955,5361,0,2,0,0,0,0,0,0,0,0,0
25110598,5362,0,2,0,0,0,0,0,0,0,0,0
25114242,5363,0,2,0,0,0,0,0,0,0,0,0
25117886,5364,0,2,0,0,0,0,0,0,0,0,0
25121530,5365,0,2,0,0,0,0,0,0,0,0,0
25125174,5366,0,2,0,0,0,0,0,0,0,0,0
25128818,5367,0,2,0,0,0,0,0,0,0,0,0
25132462,5368,0,2,0,0,0,0,0,0,0,0,0
25136106,5369,0,2,0,0,0,0,0,0,0,0,0
25139750,5370,0,2,0,0,0,0,0,0,0,0,0
25143395,5371,0,2,0,0,0,0,0,0,0,0,0
25147038,5372,0,2,0,0,0,0,0,0,0,0,0
25150682,5373,0,2,0,0,0,0,0,0,0,0,0
25154326,5374,0,2,0,0,0,0,0,0,0,0,0
25157970,5375,0,2,0,0,0,0,0,0,0,0,0
25161614,5376,0,2,0,0,0,0,0,0,0,0,0
25165258,5377,0,2,0,0,0,0,0,0,0,0,0
25168902,5378,0,2,0,0,0,0,0,0,0,0,0
25172546,5379,0,2,0,0,0,0,0,0,0,0,0
25176190,5380,0,2,0,0,0,0,0,0,0,0,0
25179835,5381,0,2,0,0,0,0,0,0,0,0,0
25183478,5382,0,2,0,0,0,0,0,0,0,0,0
25187122,5383,0,2,0,0,0,0,0,0,0,0,0
25190766,5384,0,2,0,0,0,0,0,0,0,0,0
25194410,5385,0,2,0,0,0,0,0,0,0,0,0
25198054,5386,0,2,0,0,0,0,0,0,0,0,0
25201698,5387,0,2,0,0,0,0,0,0,0,0,0
25205342,5388,0,2,0,0,0,0,0,0,0,0,0
25208986,5389,0,2,0,0,0,0,0,0,0,0,0
25212630,5390,0,2,0,0,0,0,0,0,0,0,0
25216275,5391,0,2,0,0,0,0,0,0,0,0,0
25219918,5392,0,2,0,0,0,0,0,0,0,0,0
25223562,5393,0,2,0,0,0,0,0,0,0,0,0
25227206,5394,0,2,0,0,0,0,0,0,0,0,0
25230850,5395,0,2,0,0,0,0,0,0,0,0,0
25234494,5396,0,2,0,0,0,0,0,0,0,0,0
25238138,5397,0,2,0,0,0,0,0,0,0,0,0
25241782,5398,0,2,0,0,0,0,0,0,0,0,0
25245426,5399,0,2,0,0,0,0,0,0,0,0,0
25249071,5400,0,2,0,0,0,0,0,0,0,0,0
25252715,5401,0,2,0,0,0,0,0,0,0,0,0
25256358,5402,0,2,0,0,0,0,0,0,0,0,0
25260002,5403,0,2,0,0,0,0,0,0,0,0,0
25263646,5404,0,2,0,0,0,0,0,0,0,0,0
25267290,5405,0,2,0,0,0,0,0,0,0,0,0
25270934,5406,0,2,0,0,0,0,0,0,0,0,0
25274578,5407,0,2,0,0,0,0,0,0,0,0,0
25278222,5408,0,2,0,0,0,0,0,0,0,0,0
25281866,5409,0,2,0,0,0,0,0,0,0,0,0
25285510,5410,0,2,0,0,0,0,0,0,0,0,0
25289155,5411,0,2,0,0,0,0,0,0,0,0,0
25292798,5412,0,2,0,0,0,0,0,0,0,0,0
25296442,5413,0,2,0,0,0,0,0,0,0,0,0
25300086,5414,0,2,0,0,0,0,0,0,0,0,0
25303730,5415,0,2,0,0,0,0,0,0,0,0,0
25307374,5416,0,2,0,0,0,0,0,0,0,0,0
25311018,5417,0,2,0,0,0,0,0,0,0,0,0
25314662,5418,0,2,0,0,0,0,0,0,0,0,0
25318306,5419,0,2,0,0,0,0,0,0,0,0,0
25321950,5420,0,2,0,0,0,0,0,0,0,0,0
25325595,5421,0,2,0,0,0,0,0,0,0,0,0
25329238,5422,0,2,0,0,0,0,0,0,0,0,0
25332882,5423,0,2,0,0,0,0,0,0,0,0,0
25336526,5424,0,2,0,0,0,0,0,0,0,0,0
25340170,5425,0,2,0,0,0,0,0,0,0,0,0
25343814,5426,0,2,0,0,0,0,0,0,0,0,0
25347458,5427,0,2,0,0,0,0,0,0,0,0,0
25351102,5428,0,2,0,0,0,0,0,0,0,0,0
25354746,5429,0,2,0,0,0,0,0,0,0,0,0
25358390,5430,0,2,0,0,0,0,0,0,0,0,0
25362035,5431,0,2,0,0,0,0,0,0,0,0,0
25365678,5432,0,2,0,0,0,0,0,0,0,0,0
25369322,5433,0,2,0,0,0,0,0,0,0,0,0
25372966,5434,0,2,0,0,0,0,0,0,0,0,0
25376610,5435,0,2,0,0,0,0,0,0,0,0,0
25380254,5436,0,2,0,0,0,0,0,0,0,0,0
25383898,5437,0,2,0,0,0,0,0,0,0,0,0
25387542,5438,0,2,0,0,0,0,0,0,0,0,0
25391186,5439,0,2,0,0,0,0,0,0,0,0,0
25394830,5440,0,2,0,0,0,0,0,0,0,0,0
25398475,5441,0,2,0,0,0,0,0,0,0,0,0
25402118,5442,0,2,0,0,0,0,0,0,0,0,0
25405762,5443,0,2,0,0,0,0,0,0,0,0,0
25409406,5444,0,2,0,0,0,0,0,0,0,0,0
25413050,5445,0,2,0,0,0,0,0,0,0,0,0
25416694,5446,0,2,0,0,0,0,0,0,0,0,0
25420338,5447,0,2,0,0,0,0,0,0,0,0,0
25423982,5448,0,2,0,0,0,0,0,0,0,0,0
25432526,5449,0,2,0,0,0,0,0,0,0,0,0
25436157,5450,0,2,0,0,0,0,0,0,0,0,0
25439802,5451,0,2,0,0,0,0,0,0,0,0,0
25443445,5452,0,2,0,0,0,0,0,0,0,0,0
25447089,5453,0,2,0,0,0,0,0,0,0,0,0
25450733,5454,0,2,0,0,0,0,0,0,0,0,0
25454377,5455,0,2,0,0,0,0,0,0,0,0,0
25458021,5456,0,2,0,0,0,0,0,0,0,0,0
25461665,5457,0,2,0,0,0,0,0,0,0,0,0
25465309,5458,0,2,0,0,0,0,0,0,0,0,0
25468953,5459,0,2,0,0,0,0,0,0,0,0,0
25472597,5460,0,2,0,0,0,0,0,0,0,0,0
25476242,5461,0,2,0,0,0,0,0,0,0,0,0
25479885,5462,0,2,0,0,0,0,0,0,0,0,0
25483529,5463,0,2,0,0,0,0,0,0,0,0,0
25487173,5464,0,2,0,0,0,0,0,0,0,0,0
25490817,5465,0,2,0,0,0,0,0,0,0,0,0
25494461,5466,0,2,0,0,0,0,0,0,0,0,0
25498106,5467,0,2,0,0,0,0,0,0,0,0,0
25501749,5468,0,2,0,0,0,0,0,0,0,0,0
25505393,5469,0,2,0,0,0,0,0,0,0,0,0
25509037,5470,0,2,0,0,0,0,0,0,0,0,0
25512682,5471,0,2,0,0,0,0,0,0,0,0,0
25516325,5472,0,2,0,0,0,0,0,0,0,0,0
25519969,5473,0,2,0,0,0,0,0,0,0,0,0
25523613,5474,0,2,0,0,0,0,0,0,0,0,0
25527257,5475,0,2,0,0,0,0,0,0,0,0,0
25530901,5476,0,2,0,0,0,0,0,0,0,0,0
25534545,5477,0,2,0,0,0,0,0,0,0,0,0
25538189,5478,0,2,0,0,0,0,0,0,0,0,0
25541833,5479,0,2,0,0,0,0,0,0,0,0,0
25545477,5480,0,2,0,0,0,0,0,0,0,0,0
25549122,5481,0,2,0,0,0,0,0,0,0,0,0
25552765,5482,0,2,0,0,0,0,0,0,0,0,0
25556409,5483,0,2,0,0,0,0,0,0,0,0,0
25560054,5484,0,2,0,0,0,0,0,0,0,0,0
25563697,5485,0,2,0,0,0,0,0,0,0,0,0
25567341,5486,0,2,0,0,0,0,0,0,0,0,0
25570985,5487,0,2,0,0,0,0,0,0,0,0,0
25574629,5488,0,2,0,0,0,0,0,0,0,0,0
25578273,5489,0,2,0,0,0,0,0,0,0,0,0
25581917,5490,0,2,0,0,0,0,0,0,0,0,0
25585562,5491,0,2,0,0,0,0,0,0,0,0,0
25589205,5492,0,2,0,0,0,0,0,0,0,0,0
25592849,5493,0,2,0,0,0,0,0,0,0,0,0
25596493,5494,0,2,0,0,0,0,0,0,0,0,0
25600137,5495,0,2,0,0,0,0,0,0,0,0,0
25603781,5496,0,2,0,0,0,0,0,0,0,0,0
25607425,5497,0,2,0,0,0,0,0,0,0,0,0
25611069,5498,0,2,0,0,0,0,0,0,0,0,0
25614713,5499,0,2,0,0,0,0,0,0,0,0,0
25618357,5500,0,2,0,0,0,0,0,0,0,0,0
25622002,5501,0,2,0,0,0,0,0,0,0,0,0
25625645,5502,0,2,0,0,0,0,0,0,0,0,0
25629289,5503,0,2,0,0,0,0,0,0,0,0,0
25632933,5504,0,2,0,0,0,0,0,0,0,0,0
25636577,5505,0,2,0,0,0,0,0,0,0,0,0
25640221,5506,0,2,0,0,0,0,0,0,0,0,0
25643865,5507,0,2,0,0,0,0,0,0,0,0,0
25647509,5508,0,2,0,0,0,0,0,0,0,0,0
25651153,5509,0,2,0,0,0,0,0,0,0,0,0
25654797,5510,0,2,0,0,0,0,0,0,0,0,0
25658442,5511,0,2,0,0,0,0,0,0,0,0,0
25662085,5512,0,2,0,0,0,0,0,0,0,0,0
25665729,5513,0,2,0,0,0,0,0,0,0,0,0
25669373,5514,0,2,0,0,0,0,0,0,0,0,0
25673017,5515,0,2,0,0,0,0,0,0,0,0,0
25676661,5516,0,2,0,0,0,0,0,0,0,0,0
25680305,5517,0,2,0,0,0,0,0,0,0,0,0
25683949,5518,0,2,0,0,0,0,0,0,0,0,0
25687593,5519,0,2,0,0,0,0,0,0,0,0,0
25691237,5520,0,2,0,0,0,0,0,0,0,0,0
25694882,5521,0,2,0,0,0,0,0,0,0,0,0
25698525,5522,0,2,0,0,0,0,0,0,0,0,0
25702169,5523,0,2,0,0,0,0,0,0,0,0,0
25705813,5524,0,2,0,0,0,0,0,0,0,0,0
25709457,5525,0,2,0,0,0,0,0,0,0,0,0
25713101,5526,0,2,0,0,0,0,0,0,0,0,0
25716745,5527,0,2,0,0,0,0,0,0,0,0,0
25720389,5528,0,2,0,0,0,0,0,0,0,0,0
25724033,5529,0,2,0,0,0,0,0,0,0,0,0
25727677,5530,0,2,0,0,0,0,0,0,0,0,0
25731322,5531,0,2,0,0,0,0,0,0,0,0,0
25734965,5532,0,2,0,0,0,0,0,0,0,0,0
25738609,5533,0,2,0,0,0,0,0,0,0,0,0
25742253,5534,0,2,0,0,0,0,0,0,0,0,0
25745897,5535,0,2,0,0,0,0,0,0,0,0,0
25749541,5536,0,2,0,0,0,0,0,0,0,0,0
25753185,5537,0,2,0,0,0,0,0,0,0,0,0
25756829,5538,0,2,0,0,0,0,0,0,0,0,0
25760473,5539,0,2,0,0,0,0,0,0,0,0,0
25764118,5540,0,2,0,0,0,0,0,0,0,0,0
25767762,5541,0,2,0,0,0,0,0,0,0,0,0
25771405,5542,0,2,0,0,0,0,0,0,0,0,0
25775049,5543,0,2,0,0,0,0,0,0,0,0,0
25778693,5544,0,2,0,0,0,0,0,0,0,0,0
25782337,5545,0,2,0,0,0,0,0,0,0,0,0
25785981,5546,0,2,0,0,0,0,0,0,0,0,0
25789625,5547,0,2,0,0,0,0,0,0,0,0,0
25793269,5548,0,2,0,0,0,0,0,0,0,0,0
25796913,5549,0,2,0,0,0,0,0,0,0,0,0
25800557,5550,0,2,0,0,0,0,0,0,0,0,0
25804202,5551,0,2,0,0,0,0,0,0,0,0,0
25807845,5552,0,2,0,0,0,0,0,0,0,0,0
25811489,5553,0,2,0,0,0,0,0,0,0,0,0
25815133,5554,0,2,0,0,0,0,0,0,0,0,0
25818777,5555,0,2,0,0,0,0,0,0,0,0,0
25822421,5556,0,2,0,0,0,0,0,0,0,0,0
25826065,5557,0,2,0,0,0,0,0,0,0,0,0
25829709,5558,0,2,0,0,0,0,0,0,0,0,0
25833353,5559,0,2,0,0,0,0,0,0,0,0,0
25836997,5560,0,2,0,0,0,0,0,0,0,0,0
25840642,5561,0,2,0,0,0,0,0,0,0,0,0
25844285,5562,0,2,0,0,0,0,0,0,0,0,0
25847929,5563,0,2,0,0,0,0,0,0,0,0,0
25851573,5564,0,2,0,0,0,0,0,0,0,0,0
25855217,5565,0,2,0,0,0,0,0,0,0,0,0
25858861,5566,0,2,0,0,0,0,0,0,0,0,0
25862505,5567,0,2,0,0,0,0,0,0,0,0,0
25866149,5568,0,2,0,0,0,0,0,0,0,0,0
25869793,5569,0,2,0,0,0,0,0,0,0,0,0
25873437,5570,0,2,0,0,0,0,0,0,0,0,0
25877082,5571,0,2,0,0,0,0,0,0,0,0,0
25880725,5572,0,2,0,0,0,0,0,0,0,0,0
25884369,5573,0,2,0,0,0,0,0,0,0,0,0
25888014,5574,0,2,0,0,0,0,0,0,0,0,0
25891657,5575,0,2,0,0,0,0,0,0,0,0,0
25895301,5576,0,2,0,0,0,0,0,0,0,0,0
25898945,5577,0,2,0,0,0,0,0,0,0,0,0
25902589,5578,0,2,0,0,0,0,0,0,0,0,0
25906233,5579,0,2,0,0,0,0,0,0,0,0,0
25909877,5580,0,2,0,0,0,0,0,0,0,0,0
25913522,5581,0,2,0,0,0,0,0,0,0,0,0
25917165,5582,0,2,0,0,0,0,0,0,0,0,0
25920809,5583,0,2,0,0,0,0,0,0,0,0,0
25924453,5584,0,2,0,0,0,0,0,0,0,0,0
25928097,5585,0,2,0,0,0,0,0,0,0,0,0
25931741,5586,0,2,0,0,0,0,0,0,0,0,0
25935385,5587,0,2,0,0,0,0,0,0,0,0,0
25939029,5588,0,2,0,0,0,0,0,0,0,0,0
25942673,5589,0,2,0,0,0,0,0,0,0,0,0
25946317,5590,0,2,0,0,0,0,0,0,0,0,0
25949962,5591,0,2,0,0,0,0,0,0,0,0,0
25953605,5592,0,2,0,0,0,0,0,0,0,0,0
25957249,5593,0,2,0,0,0,0,0,0,0,0,0
25960893,5594,0,2,0,0,0,0,0,0,0,0,0
25964537,5595,0,2,0,0,0,0,0,0,0,0,0
25968181,5596,0,2,0,0,0,0,0,0,0,0,0
25971825,5597,0,2,0,0,0,0,0,0,0,0,0
25975469,5598,0,2,0,0,0,0,0,0,0,0,0
25979113,5599,0,2,0,0,0,0,0,0,0,0,0
25982757,5600,0,2,0,0,0,0,0,0,0,0,0
25986402,5601,0,2,0,0,0,0,0,0,0,0,0
25990045,5602,0,2,0,0,0,0,0,0,0,0,0
25993689,5603,0,2,0,0,0,0,0,0,0,0,0
25997333,5604,0,2,0,0,0,0,0,0,0,0,0
26000977,5605,0,2,0,0,0,0,0,0,0,0,0
26004621,5606,0,2,0,0,0,0,0,0,0,0,0
26008265,5607,0,2,0,0,0,0,0,0,0,0,0
26011909,5608,0,2,0,0,0,0,0,0,0,0,0
26015553,5609,0,2,0,0,0,0,0,0,0,0,0
26019197,5610,0,2,0,0,0,0,0,0,0,0,0
26022842,5611,0,2,0,0,0,0,0,0,0,0,0
26026485,5612,0,2,0,0,0,0,0,0,0,0,0
26030129,5613,0,2,0,0,0,0,0,0,0,0,0
26033773,5614,0,2,0,0,0,0,0,0,0,0,0
26037417,5615,0,2,0,0,0,0,0,0,0,0,0
26041061,5616,0,2,0,0,0,0,0,0,0,0,0
26044705,5617,0,2,0,0,0,0,0,0,0,0,0
26048349,5618,0,2,0,0,0,0,0,0,0,0,0
26051993,5619,0,2,0,0,0,0,0,0,0,0,0
26055637,5620,0,2,0,0,0,0,0,0,0,0,0
26059282,5621,0,2,0,0,0,0,0,0,0,0,0
26062925,5622,0,2,0,0,0,0,0,0,0,0,0
26066569,5623,0,2,0,0,0,0,0,0,0,0,0
26070213,5624,0,2,0,0,0,0,0,0,0,0,0
26073857,5625,0,2,0,0,0,0,0,0,0,0,0
26077501,5626,0,2,0,0,0,0,0,0,0,0,0
26081145,5627,0,2,0,0,0,0,0,0,0,0,0
26084789,5628,0,2,0,0,0,0,0,0,0,0,0
26088433,5629,0,2,0,0,0,0,0,0,0,0,0
26092078,5630,0,2,0,0,0,0,0,0,0,0,0
26095722,5631,0,2,0,0,0,0,0,0,0,0,0
26099365,5632,0,2,0,0,0,0,0,0,0,0,0
26103010,5633,0,2,0,0,0,0,0,0,0,0,0
26106653,5634,0,2,0,0,0,0,0,0,0,0,0
26110297,5635,0,2,0,0,0,0,0,0,0,0,0
26113941,5636,0,2,0,0,0,0,0,0,0,0,0
26117585,5637,0,2,0,0,0,0,0,0,0,0,0
26121229,5638,0,2,0,0,0,0,0,0,0,0,0
26124873,5639,0,2,0,0,0,0,0,0,0,0,0
26128517,5640,0,2,0,0,0,0,0,0,0,0,0
26132162,5641,0,2,0,0,0,0,0,0,0,0,0
26135805,5642,0,2,0,0,0,0,0,0,0,0,0
26139449,5643,0,2,0,0,0,0,0,0,0,0,0
26143093,5644,0,2,0,0,0,0,0,0,0,0,0
26146737,5645,0,2,0,0,0,0,0,0,0,0,0
26150381,5646,0,2,0,0,0,0,0,0,0,0,0
26154026,5647,0,2,0,0,0,0,0,0,0,0,0
26157669,5648,0,2,0,0,0,0,0,0,0,0,0
26161313,5649,0,2,0,0,0,0,0,0,0,0,0
26164957,5650,0,2,0,0,0,0,0,0,0,0,0
26168602,5651,0,2,0,0,0,0,0,0,0,0,0
26172245,5652,0,2,0,0,0,0,0,0,0,0,0
26175889,5653,0,2,0,0,0,0,0,0,0,0,0
26179533,5654,0,2,0,0,0,0,0,0,0,0,0
26183177,5655,0,2,0,0,0,0,0,0,0,0,0
26186821,5656,0,2,0,0,0,0,0,0,0,0,0
26190465,5657,0,2,0,0,0,0,0,0,0,0,0
26194109,5658,0,2,0,0,0,0,0,0,0,0,0
26197753,5659,0,2,0,0,0,0,0,0,0,0,0
26201397,5660,0,2,0,0,0,0,0,0,0,0,0
26205042,5661,0,2,0,0,0,0,0,0,0,0,0
26208685,5662,0,2,0,0,0,0,0,0,0,0,0
26212329,5663,0,2,0,0,0,0,0,0,0,0,0
26215973,5664,0,2,0,0,0,0,0,0,0,0,0
26219617,5665,0,2,0,0,0,0,0,0,0,0,0
26223261,5666,0,2,0,0,0,0,0,0,0,0,0
26226905,5667,0,2,0,0,0,0,0,0,0,0,0
26230549,5668,0,2,0,0,0,0,0,0,0,0,0
26234193,5669,0,2,0,0,0,0,0,0,0,0,0
26237837,5670,0,2,0,0,0,0,0,0,0,0,0
26241482,5671,0,2,0,0,0,0,0,0,0,0,0
26245125,5672,0,2,0,0,0,0,0,0,0,0,0
26248769,5673,0,2,0,0,0,0,0,0,0,0,0
26252413,5674,0,2,0,0,0,0,0,0,0,0,0
26256057,5675,0,2,0,0,0,0,0,0,0,0,0
26266418,5676,0,2,0,0,0,0,0,0,0,0,0
26270050,5677,0,2,0,0,0,0,0,0,0,0,0
26273694,5678,0,2,0,0,0,0,0,0,0,0,0
26277338,5679,0,2,0,0,0,0,0,0,0,0,0
26280982,5680,0,2,0,0,0,0,0,0,0,0,0
26284627,5681,0,2,0,0,0,0,0,0,0,0,0
26288270,5682,0,2,0,0,0,0,0,0,0,0,0
26291914,5683,0,2,0,0,0,0,0,0,0,0,0
26295558,5684,0,2,0,0,0,0,0,0,0,0,0
26299202,5685,0,2,0,0,0,0,0,0,0,0,0
26302846,5686,0,2,0,0,0,0,0,0,0,0,0
26306490,5687,0,2,0,0,0,0,0,0,0,0,0
26310134,5688,0,2,0,0,0,0,0,0,0,0,0
26313778,5689,0,2,0,0,0,0,0,0,0,0,0
26317422,5690,0,2,0,0,0,0,0,0,0,0,0
26321067,5691,0,2,0,0,0,0,0,0,0,0,0
26324710,5692,0,2,0,0,0,0,0,0,0,0,0
26328354,5693,0,2,0,0,0,0,0,0,0,0,0
26331998,5694,0,2,0,0,0,0,0,0,0,0,0
26335642,5695,0,2,0,0,0,0,0,0,0,0,0
26339286,5696,0,2,0,0,0,0,0,0,0,0,0
26342930,5697,0,2,0,0,0,0,0,0,0,0,0
26346574,5698,0,2,0,0,0,0,0,0,0,0,0
26350218,5699,0,2,0,0,0,0,0,0,0,0,0
26353862,5700,0,2,0,0,0,0,0,0,0,0,0
26357507,5701,0,2,0,0,0,0,0,0,0,0,0
26361150,5702,0,2,0,0,0,0,0,0,0,0,0
26364794,5703,0,2,0,0,0,0,0,0,0,0,0
26368438,5704,0,2,0,0,0,0,0,0,0,0,0
26372082,5705,0,2,0,0,0,0,0,0,0,0,0
26375726,5706,0,2,0,0,0,0,0,0,0,0,0
26379370,5707,0,2,0,0,0,0,0,0,0,0,0
26383014,5708,0,2,0,0,0,0,0,0,0,0,0
26386658,5709,0,2,0,0,0,0,0,0,0,0,0
26390302,5710,0,2,0,0,0,0,0,0,0,0,0
26393947,5711,0,2,0,0,0,0,0,0,0,0,0
26397590,5712,0,2,0,0,0,0,0,0,0,0,0
26401234,5713,0,2,0,0,0,0,0,0,0,0,0
26404878,5714,0,2,0,0,0,0,0,0,0,0,0
26408522,5715,0,2,0,0,0,0,0,0,0,0,0
26412166,5716,0,2,0,0,0,0,0,0,0,0,0
26415810,5717,0,2,0,0,0,0,0,0,0,0,0
26419454,5718,0,2,0,0,0,0,0,0,0,0,0
26423098,5719,0,2,0,0,0,0,0,0,0,0,0
26426742,5720,0,2,0,0,0,0,0,0,0,0,0
26430387,5721,0,2,0,0,0,0,0,0,0,0,0
26434030,5722,0,2,0,0,0,0,0,0,0,0,0
26437674,5723,0,2,0,0,0,0,0,0,0,0,0
26441318,5724,0,2,0,0,0,0,0,0,0,0,0
26444962,5725,0,2,0,0,0,0,0,0,0,0,0
26448606,5726,0,2,0,0,0,0,0,0,0,0,0
26452250,5727,0,2,0,0,0,0,0,0,0,0,0
26455894,5728,0,2,0,0,0,0,0,0,0,0,0
26459538,5729,0,2,0,0,0,0,0,0,0,0,0
26463182,5730,0,2,0,0,0,0,0,0,0,0,0
26466827,5731,0,2,0,0,0,0,0,0,0,0,0
26470470,5732,0,2,0,0,0,0,0,0,0,0,0
26474114,5733,0,2,0,0,0,0,0,0,0,0,0
26477758,5734,0,2,0,0,0,0,0,0,0,0,0
26481402,5735,0,2,0,0,0,0,0,0,0,0,0
26485046,5736,0,2,0,0,0,0,0,0,0,0,0
26488690,5737,0,2,0,0,0,0,0,0,0,0,0
26492334,5738,0,2,0,0,0,0,0,0,0,0,0
26495978,5739,0,2,0,0,0,0,0,0,0,0,0
26499622,5740,0,2,0,0,0,0,0,0,0,0,0
26503267,5741,0,2,0,0,0,0,0,0,0,0,0
26506910,5742,0,2,0,0,0,0,0,0,0,0,0
26510554,5743,0,2,0,0,0,0,0,0,0,0,0
26514198,5744,0,2,0,0,0,0,0,0,0,0,0
26517842,5745,0,2,0,0,0,0,0,0,0,0,0
26521486,5746,0,2,0,0,0,0,0,0,0,0,0
26525130,5747,0,2,0,0,0,0,0,0,0,0,0
26528774,5748,0,2,0,0,0,0,0,0,0,0,0
26532418,5749,0,2,0,0,0,0,0,0,0,0,0
26536062,5750,0,2,0,0,0,0,0,0,0,0,0
26539707,5751,0,2,0,0,0,0,0,0,0,0,0
26543350,5752,0,2,0,0,0,0,0,0,0,0,0
26546994,5753,0,2,0,0,0,0,0,0,0,0,0
26550638,5754,0,2,0,0,0,0,0,0,0,0,0
26554282,5755,0,2,0,0,0,0,0,0,0,0,0
26557926,5756,0,2,0,0,0,0,0,0,0,0,0
26561570,5757,0,2,0,0,0,0,0,0,0,0,0
26565214,5758,0,2,0,0,0,0,0,0,0,0,0
26568858,5759,0,2,0,0,0,0,0,0,0,0,0
26572502,5760,0,2,0,0,0,0,0,0,0,0,0
26576147,5761,0,2,0,0,0,0,0,0,0,0,0
26579790,5762,0,2,0,0,0,0,0,0,0,0,0
26583434,5763,0,2,0,0,0,0,0,0,0,0,0
26587079,5764,0,2,0,0,0,0,0,0,0,0,0
26590722,5765,0,2,0,0,0,0,0,0,0,0,0
26594366,5766,0,2,0,0,0,0,0,0,0,0,0
26598011,5767,0,2,0,0,0,0,0,0,0,0,0
26601654,5768,0,2,0,0,0,0,0,0,0,0,0
26605298,5769,0,2,0,0,0,0,0,0,0,0,0
26608942,5770,0,2,0,0,0,0,0,0,0,0,0
26612587,5771,0,2,0,0,0,0,0,0,0,0,0
26616230,5772,0,2,0,0,0,0,0,0,0,0,0
26619874,5773,0,2,0,0,0,0,0,0,0,0,0
26623518,5774,0,2,0,0,0,0,0,0,0,0,0
26627162,5775,0,2,0,0,0,0,0,0,0,0,0
26630806,5776,0,2,0,0,0,0,0,0,0,0,0
26634450,5777,0,2,0,0,0,0,0,0,0,0,0
26638094,5778,0,2,0,0,0,0,0,0,0,0,0
26641738,5779,0,2,0,0,0,0,0,0,0,0,0
26645382,5780,0,2,0,0,0,0,0,0,0,0,0
26649027,5781,0,2,0,0,0,0,0,0,0,0,0
26652670,5782,0,2,0,0,0,0,0,0,0,0,0
26656314,5783,0,2,0,0,0,0,0,0,0,0,0
26659958,5784,0,2,0,0,0,0,0,0,0,0,0
26663602,5785,0,2,0,0,0,0,0,0,0,0,0
26667246,5786,0,2,0,0,0,0,0,0,0,0,0
26670890,5787,0,2,0,0,0,0,0,0,0,0,0
26674534,5788,0,2,0,0,0,0,0,0,0,0,0
26678178,5789,0,2,0,0,0,0,0,0,0,0,0
26681822,5790,0,2,0,0,0,0,0,0,0,0,0
26685467,5791,0,2,0,0,0,0,0,0,0,0,0
26689110,5792,0,2,0,0,0,0,0,0,0,0,0
26692754,5793,0,2,0,0,0,0,0,0,0,0,0
26696398,5794,0,2,0,0,0,0,0,0,0,0,0
26700042,5795,0,2,0,0,0,0,0,0,0,0,0
26703686,5796,0,2,0,0,0,0,0,0,0,0,0
26707330,5797,0,2,0,0,0,0,0,0,0,0,0
26710974,5798,0,2,0,0,0,0,0,0,0,0,0
26714618,5799,0,2,0,0,0,0,0,0,0,0,0
26718262,5800,0,2,0,0,0,0,0,0,0,0,0
26721907,5801,0,2,0,0,0,0,0,0,0,0,0
26725550,5802,0,2,0,0,0,0,0,0,0,0,0
26729194,5803,0,2,0,0,0,0,0,0,0,0,0
26732838,5804,0,2,0,0,0,0,0,0,0,0,0
26736482,5805,0,2,0,0,0,0,0,0,0,0,0
26740126,5806,0,2,0,0,0,0,0,0,0,0,0
26743770,5807,0,2,0,0,0,0,0,0,0,0,0
26747414,5808,0,2,0,0,0,0,0,0,0,0,0
26751058,5809,0,2,0,0,0,0,0,0,0,0,0
26754702,5810,0,2,0,0,0,0,0,0,0,0,0
26758347,5811,0,2,0,0,0,0,0,0,0,0,0
26761990,5812,0,2,0,0,0,0,0,0,0,0,0
26765634,5813,0,2,0,0,0,0,0,0,0,0,0
26769278,5814,0,2,0,0,0,0,0,0,0,0,0
26772922,5815,0,2,0,0,0,0,0,0,0,0,0
26776566,5816,0,2,0,0,0,0,0,0,0,0,0
26780210,5817,0,2,0,0,0,0,0,0,0,0,0
26783854,5818,0,2,0,0,0,0,0,0,0,0,0
26787498,5819,0,2,0,0,0,0,0,0,0,0,0
26791142,5820,0,2,0,0,0,0,0,0,0,0,0
26794787,5821,0,2,0,0,0,0,0,0,0,0,0
26798430,5822,0,2,0,0,0,0,0,0,0,0,0
26802074,5823,0,2,0,0,0,0,0,0,0,0,0
26805718,5824,0,2,0,0,0,0,0,0,0,0,0
26809362,5825,0,2,0,0,0,0,0,0,0,0,0
26813006,5826,0,2,0,0,0,0,0,0,0,0,0
26816650,5827,0,2,0,0,0,0,0,0,0,0,0
26820294,5828,0,2,0,0,0,0,0,0,0,0,0
26823938,5829,0,2,0,0,0,0,0,0,0,0,0
26827582,5830,0,2,0,0,0,0,0,0,0,0,0
26831227,5831,0,2,0,0,0,0,0,0,0,0,0
26834870,5832,0,2,0,0,0,0,0,0,0,0,0
26838514,5833,0,2,0,0,0,0,0,0,0,0,0
26842158,5834,0,2,0,0,0,0,0,0,0,0,0
26845802,5835,0,2,0,0,0,0,0,0,0,0,0
26849446,5836,0,2,0,0,0,0,0,0,0,0,0
26853090,5837,0,2,0,0,0,0,0,0,0,0,0
26856734,5838,0,2,0,0,0,0,0,0,0,0,0
26860378,5839,0,2,0,0,0,0,0,0,0,0,0
26864023,5840,0,2,0,0,0,0,0,0,0,0,0
26867667,5841,0,2,0,0,0,0,0,0,0,0,0
26871310,5842,0,2,0,0,0,0,0,0,0,0,0
26874954,5843,0,2,0,0,0,0,0,0,0,0,0
26878598,5844,0,2,0,0,0,0,0,0,0,0,0
26882242,5845,0,2,0,0,0,0,0,0,0,0,0
26885886,5846,0,2,0,0,0,0,0,0,0,0,0
26889530,5847,0,2,0,0,0,0,0,0,0,0,0
26893174,5848,0,2,0,0,0,0,0,0,0,0,0
26896818,5849,0,2,0,0,0,0,0,0,0,0,0
26900462,5850,0,2,0,0,0,0,0,0,0,0,0
26904107,5851,0,2,0,0,0,0,0,0,0,0,0
26907750,5852,0,2,0,0,0,0,0,0,0,0,0
26911394,5853,0,2,0,0,0,0,0,0,0,0,0
26915038,5854,0,2,0,0,0,0,0,0,0,0,0
26918682,5855,0,2,0,0,0,0,0,0,0,0,0
26922326,5856,0,2,0,0,0,0,0,0,0,0,0
26925970,5857,0,2,0,0,0,0,0,0,0,0,0
26929614,5858,0,2,0,0,0,0,0,0,0,0,0
26933258,5859,0,2,0,0,0,0,0,0,0,0,0
26936902,5860,0,2,0,0,0,0,0,0,0,0,0
26940547,5861,0,2,0,0,0,0,0,0,0,0,0
26944190,5862,0,2,0,0,0,0,0,0,0,0,0
26947834,5863,0,2,0,0,0,0,0,0,0,0,0
26951478,5864,0,2,0,0,0,0,0,0,0,0,0
26955122,5865,0,2,0,0,0,0,0,0,0,0,0
26958766,5866,0,2,0,0,0,0,0,0,0,0,0
26962410,5867,0,2,0,0,0,0,0,0,0,0,0
26966054,5868,0,2,0,0,0,0,0,0,0,0,0
26969698,5869,0,2,0,0,0,0,0,0,0,0,0
26973342,5870,0,2,0,0,0,0,0,0,0,0,0
26976987,5871,0,2,0,0,0,0,0,0,0,0,0
26980630,5872,0,2,0,0,0,0,0,0,0,0,0
26984274,5873,0,2,0,0,0,0,0,0,0,0,0
26987918,5874,0,2,0,0,0,0,0,0,0,0,0
26991562,5875,0,2,0,0,0,0,0,0,0,0,0
26995206,5876,0,2,0,0,0,0,0,0,0,0,0
26998850,5877,0,2,0,0,0,0,0,0,0,0,0
27002494,5878,0,2,0,0,0,0,0,0,0,0,0
27006138,5879,0,2,0,0,0,0,0,0,0,0,0
27009782,5880,0,2,0,0,0,0,0,0,0,0,0
27013427,5881,0,2,0,0,0,0,0,0,0,0,0
27017070,5882,0,2,0,0,0,0,0,0,0,0,0
27020714,5883,0,2,0,0,0,0,0,0,0,0,0
27024358,5884,0,2,0,0,0,0,0,0,0,0,0
27028003,5885,0,2,0,0,0,0,0,0,0,0,0
27031646,5886,0,2,0,0,0,0,0,0,0,0,0
27035290,5887,0,2,0,0,0,0,0,0,0,0,0
27038934,5888,0,2,0,0,0,0,0,0,0,0,0
27042578,5889,0,2,0,0,0,0,0,0,0,0,0
27046222,5890,0,2,0,0,0,0,0,0,0,0,0
27049867,5891,0,2,0,0,0,0,0,0,0,0,0
27053510,5892,0,2,0,0,0,0,0,0,0,0,0
27057154,5893,0,2,0,0,0,0,0,0,0,0,0
27060798,5894,0,2,0,0,0,0,0,0,0,0,0
27064442,5895,0,2,0,0,0,0,0,0,0,0,0
27068086,5896,0,2,0,0,0,0,0,0,0,0,0
27071730,5897,0,2,0,0,0,0,0,0,0,0,0
27075374,5898,0,2,0,0,0,0,0,0,0,0,0
27079018,5899,0,2,0,0,0,0,0,0,0,0,0
27082662,5900,0,2,0,0,0,0,0,0,0,0,0
27086307,5901,0,2,0,0,0,0,0,0,0,0,0
27089950,5902,0,2,0,0,0,0,0,0,0,0,0
27098801,5903,0,2,0,0,0,0,0,0,0,0,0
27102433,5904,0,2,0,0,0,0,0,0,0,0,0
27106078,5905,0,2,0,0,0,0,0,0,0,0,0
27109721,5906,0,2,0,0,0,0,0,0,0,0,0
27113365,5907,0,2,0,0,0,0,0,0,0,0,0
27117009,5908,0,2,0,0,0,0,0,0,0,0,0
27120653,5909,0,2,0,0,0,0,0,0,0,0,0
27124297,5910,0,2,0,0,0,0,0,0,0,0,0
27127942,5911,0,2,0,0,0,0,0,0,0,0,0
27131585,5912,0,2,0,0,0,0,0,0,0,0,0
27135229,5913,0,2,0,0,0,0,0,0,0,0,0
27138873,5914,0,2,0,0,0,0,0,0,0,0,0
27142517,5915,0,2,0,0,0,0,0,0,0,0,0
27146161,5916,0,2,0,0,0,0,0,0,0,0,0
27149805,5917,0,2,0,0,0,0,0,0,0,0,0
27153449,5918,0,2,0,0,0,0,0,0,0,0,0
27157093,5919,0,2,0,0,0,0,0,0,0,0,0
27160737,5920,0,2,0,0,0,0,0,0,0,0,0
27164382,5921,0,2,0,0,0,0,0,0,0,0,0
27168026,5922,0,2,0,0,0,0,0,0,0,0,0
27171669,5923,0,2,0,0,0,0,0,0,0,0,0
27175313,5924,0,2,0,0,0,0,0,0,0,0,0
27178957,5925,0,2,0,0,0,0,0,0,0,0,0
27182601,5926,0,2,0,0,0,0,0,0,0,0,0
27186245,5927,0,2,0,0,0,0,0,0,0,0,0
27189889,5928,0,2,0,0,0,0,0,0,0,0,0
27193533,5929,0,2,0,0,0,0,0,0,0,0,0
27197177,5930,0,2,0,0,0,0,0,0,0,0,0
27200822,5931,0,2,0,0,0,0,0,0,0,0,0
27204465,5932,0,2,0,0,0,0,0,0,0,0,0
27208109,5933,0,2,0,0,0,0,0,0,0,0,0
27211753,5934,0,2,0,0,0,0,0,0,0,0,0
27215397,5935,0,2,0,0,0,0,0,0,0,0,0
27219041,5936,0,2,0,0,0,0,0,0,0,0,0
27222685,5937,0,2,0,0,0,0,0,0,0,0,0
27226329,5938,0,2,0,0,0,0,0,0,0,0,0
27229973,5939,0,2,0,0,0,0,0,0,0,0,0
27233617,5940,0,2,0,0,0,0,0,0,0,0,0
27237262,5941,0,2,0,0,0,0,0,0,0,0,0
27240905,5942,0,2,0,0,0,0,0,0,0,0,0
27244549,5943,0,2,0,0,0,0,0,0,0,0,0
27248193,5944,0,2,0,0,0,0,0,0,0,0,0
27251837,5945,0,2,0,0,0,0,0,0,0,0,0
27255481,5946,0,2,0,0,0,0,0,0,0,0,0
27259125,5947,0,2,0,0,0,0,0,0,0,0,0
27262769,5948,0,2,0,0,0,0,0,0,0,0,0
27266413,5949,0,2,0,0,0,0,0,0,0,0,0
27270057,5950,0,2,0,0,0,0,0,0,0,0,0
27273702,5951,0,2,0,0,0,0,0,0,0,0,0
27277345,5952,0,2,0,0,0,0,0,0,0,0,0
27280989,5953,0,2,0,0,0,0,0,0,0,0,0
27284633,5954,0,2,0,0,0,0,0,0,0,0,0
27288277,5955,0,2,0,0,0,0,0,0,0,0,0
27291921,5956,0,2,0,0,0,0,0,0,0,0,0
27295565,5957,0,2,0,0,0,0,0,0,0,0,0
27299209,5958,0,2,0,0,0,0,0,0,0,0,0
27302853,5959,0,2,0,0,0,0,0,0,0,0,0
27306497,5960,0,2,0,0,0,0,0,0,0,0,0
27310142,5961,0,2,0,0,0,0,0,0,0,0,0
27313785,5962,0,2,0,0,0,0,0,0,0,0,0
27317429,5963,0,2,0,0,0,0,0,0,0,0,0
27321073,5964,0,2,0,0,0,0,0,0,0,0,0
27324717,5965,0,2,0,0,0,0,0,0,0,0,0
27328361,5966,0,2,0,0,0,0,0,0,0,0,0
27332005,5967,0,2,0,0,0,0,0,0,0,0,0
27335649,5968,0,2,0,0,0,0,0,0,0,0,0
27339293,5969,0,2,0,0,0,0,0,0,0,0,0
27342937,5970,0,2,0,0,0,0,0,0,0,0,0
27346582,5971,0,2,0,0,0,0,0,0,0,0,0
27350226,5972,0,2,0,0,0,0,0,0,0,0,0
27353869,5973,0,2,0,0,0,0,0,0,0,0,0
27357513,5974,0,2,0,0,0,0,0,0,0,0,0
27361157,5975,0,2,0,0,0,0,0,0,0,0,0
27364801,5976,0,2,0,0,0,0,0,0,0,0,0
27368445,5977,0,2,0,0,0,0,0,0,0,0,0
27372089,5978,0,2,0,0,0,0,0,0,0,0,0
27375733,5979,0,2,0,0,0,0,0,0,0,0,0
27379377,5980,0,2,0,0,0,0,0,0,0,0,0
27383022,5981,0,2,0,0,0,0,0,0,0,0,0
27386665,5982,0,2,0,0,0,0,0,0,0,0,0
27390309,5983,0,2,0,0,0,0,0,0,0,0,0
27393953,5984,0,2,0,0,0,0,0,0,0,0,0
27397597,5985,0,2,0,0,0,0,0,0,0,0,0
27401241,5986,0,2,0,0,0,0,0,0,0,0,0
27404885,5987,0,2,0,0,0,0,0,0,0,0,0
27408529,5988,0,2,0,0,0,0,0,0,0,0,0
27412173,5989,0,2,0,0,0,0,0,0,0,0,0
27415817,5990,0,2,0,0,0,0,0,0,0,0,0
27419462,5991,0,2,0,0,0,0,0,0,0,0,0
27423105,5992,0,2,0,0,0,0,0,0,0,0,0
27426749,5993,0,2,0,0,0,0,0,0,0,0,0
27430393,5994,0,2,0,0,0,0,0,0,0,0,0
27434038,5995,0,2,0,0,0,0,0,0,0,0,0
27437681,5996,0,2,0,0,0,0,0,0,0,0,0
27441325,5997,0,2,0,0,0,0,0,0,0,0,0
27444969,5998,0,2,0,0,0,0,0,0,0,0,0
27448613,5999,0,2,0,0,0,0,0,0,0,0,0
27452257,6000,0,2,0,0,0,0,0,0,0,0,0
27455902,6001,0,2,0,0,0,0,0,0,0,0,0
27459545,6002,0,2,0,0,0,0,0,0,0,0,0
27463189,6003,0,2,0,0,0,0,0,0,0,0,0
27466833,6004,0,2,0,0,0,0,0,0,0,0,0
27470477,6005,0,2,0,0,0,0,0,0,0,0,0
27474121,6006,0,2,0,0,0,0,0,0,0,0,0
27477765,6007,0,2,0,0,0,0,0,0,0,0,0
27481409,6008,0,2,0,0,0,0,0,0,0,0,0
27485053,6009,0,2,0,0,0,0,0,0,0,0,0
27488697,6010,0,2,0,0,0,0,0,0,0,0,0
27492342,6011,0,2,0,0,0,0,0,0,0,0,0
27495985,6012,0,2,0,0,0,0,0,0,0,0,0
27499629,6013,0,2,0,0,0,0,0,0,0,0,0
27503273,6014,0,2,0,0,0,0,0,0,0,0,0
27506917,6015,0,2,0,0,0,0,0,0,0,0,0
27510561,6016,0,2,0,0,0,0,0,0,0,0,0
27514205,6017,0,2,0,0,0,0,0,0,0,0,0
27517849,6018,0,2,0,0,0,0,0,0,0,0,0
27521493,6019,0,2,0,0,0,0,0,0,0,0,0
27525137,6020,0,2,0,0,0,0,0,0,0,0,0
27528782,6021,0,2,0,0,0,0,0,0,0,0,0
27532425,6022,0,2,0,0,0,0,0,0,0,0,0
27536069,6023,0,2,0,0,0,0,0,0,0,0,0
27539713,6024,0,2,0,0,0,0,0,0,0,0,0
27543357,6025,0,2,0,0,0,0,0,0,0,0,0
27547001,6026,0,2,0,0,0,0,0,0,0,0,0
27550645,6027,0,2,0,0,0,0,0,0,0,0,0
27554289,6028,0,2,0,0,0,0,0,0,0,0,0
27557933,6029,0,2,0,0,0,0,0,0,0,0,0
27561577,6030,0,2,0,0,0,0,0,0,0,0,0
27565222,6031,0,2,0,0,0,0,0,0,0,0,0
27568865,6032,0,2,0,0,0,0,0,0,0,0,0
27572509,6033,0,2,0,0,0,0,0,0,0,0,0
27576153,6034,0,2,0,0,0,0,0,0,0,0,0
27579797,6035,0,2,0,0,0,0,0,0,0,0,0
27583441,6036,0,2,0,0,0,0,0,0,0,0,0
27587085,6037,0,2,0,0,0,0,0,0,0,0,0
27590729,6038,0,2,0,0,0,0,0,0,0,0,0
27594373,6039,0,2,0,0,0,0,0,0,0,0,0
27598017,6040,0,2,0,0,0,0,0,0,0,0,0
27601662,6041,0,2,0,0,0,0,0,0,0,0,0
27605305,6042,0,2,0,0,0,0,0,0,0,0,0
27608949,6043,0,2,0,0,0,0,0,0,0,0,0
27612593,6044,0,2,0,0,0,0,0,0,0,0,0
27616237,6045,0,2,0,0,0,0,0,0,0,0,0
27619881,6046,0,2,0,0,0,0,0,0,0,0,0
27623525,6047,0,2,0,0,0,0,0,0,0,0,0
27627169,6048,0,2,0,0,0,0,0,0,0,0,0
27630813,6049,0,2,0,0,0,0,0,0,0,0,0
27634457,6050,0,2,0,0,0,0,0,0,0,0,0
27638102,6051,0,2,0,0,0,0,0,0,0,0,0
27641745,6052,0,2,0,0,0,0,0,0,0,0,0
27645389,6053,0,2,0,0,0,0,0,0,0,0,0
27649033,6054,0,2,0,0,0,0,0,0,0,0,0
27652677,6055,0,2,0,0,0,0,0,0,0,0,0
27656321,6056,0,2,0,0,0,0,0,0,0,0,0
27659965,6057,0,2,0,0,0,0,0,0,0,0,0
27663609,6058,0,2,0,0,0,0,0,0,0,0,0
27667253,6059,0,2,0,0,0,0,0,0,0,0,0
27670897,6060,0,2,0,0,0,0,0,0,0,0,0
27674542,6061,0,2,0,0,0,0,0,0,0,0,0
27678185,6062,0,2,0,0,0,0,0,0,0,0,0
27681829,6063,0,2,0,0,0,0,0,0,0,0,0
27685473,6064,0,2,0,0,0,0,0,0,0,0,0
27689118,6065,0,2,0,0,0,0,0,0,0,0,0
27692761,6066,0,2,0,0,0,0,0,0,0,0,0
27696405,6067,0,2,0,0,0,0,0,0,0,0,0
27700049,6068,0,2,0,0,0,0,0,0,0,0,0
27703693,6069,0,2,0,0,0,0,0,0,0,0,0
27707337,6070,0,2,0,0,0,0,0,0,0,0,0
27710982,6071,0,2,0,0,0,0,0,0,0,0,0
27714625,6072,0,2,0,0,0,0,0,0,0,0,0
27718269,6073,0,2,0,0,0,0,0,0,0,0,0
27721913,6074,0,2,0,0,0,0,0,0,0,0,0
27725557,6075,0,2,0,0,0,0,0,0,0,0,0
27729201,6076,0,2,0,0,0,0,0,0,0,0,0
27732845,6077,0,2,0,0,0,0,0,0,0,0,0
27736489,6078,0,2,0,0,0,0,0,0,0,0,0
27740133,6079,0,2,0,0,0,0,0,0,0,0,0
27743777,6080,0,2,0,0,0,0,0,0,0,0,0
27747422,6081,0,2,0,0,0,0,0,0,0,0,0
27751065,6082,0,2,0,0,0,0,0,0,0,0,0
27754709,6083,0,2,0,0,0,0,0,0,0,0,0
27758353,6084,0,2,0,0,0,0,0,0,0,0,0
27761997,6085,0,2,0,0,0,0,0,0,0,0,0
27765641,6086,0,2,0,0,0,0,0,0,0,0,0
27769285,6087,0,2,0,0,0,0,0,0,0,0,0
27772929,6088,0,2,0,0,0,0,0,0,0,0,0
27776573,6089,0,2,0,0,0,0,0,0,0,0,0
27780217,6090,0,2,0,0,0,0,0,0,0,0,0
27783862,6091,0,2,0,0,0,0,0,0,0,0,0
27787505,6092,0,2,0,0,0,0,0,0,0,0,0
27791149,6093,0,2,0,0,0,0,0,0,0,0,0
27794793,6094,0,2,0,0,0,0,0,0,0,0,0
27798437,6095,0,2,0,0,0,0,0,0,0,0,0
27802081,6096,0,2,0,0,0,0,0,0,0,0,0
27805725,6097,0,2,0,0,0,0,0,0,0,0,0
27809369,6098,0,2,0,0,0,0,0,0,0,0,0
27813013,6099,0,2,0,0,0,0,0,0,0,0,0
27816657,6100,0,2,0,0,0,0,0,0,0,0,0
27820302,6101,0,2,0,0,0,0,0,0,0,0,0
27823945,6102,0,2,0,0,0,0,0,0,0,0,0
27827589,6103,0,2,0,0,0,0,0,0,0,0,0
27831233,6104,0,2,0,0,0,0,0,0,0,0,0
27834877,6105,0,2,0,0,0,0,0,0,0,0,0
27838521,6106,0,2,0,0,0,0,0,0,0,0,0
27842165,6107,0,2,0,0,0,0,0,0,0,0,0
27845809,6108,0,2,0,0,0,0,0,0,0,0,0
27849453,6109,0,2,0,0,0,0,0,0,0,0,0
27853097,6110,0,2,0,0,0,0,0,0,0,0,0
27856742,6111,0,2,0,0,0,0,0,0,0,0,0
27860385,6112,0,2,0,0,0,0,0,0,0,0,0
27864029,6113,0,2,0,0,0,0,0,0,0,0,0
27867673,6114,0,2,0,0,0,0,0,0,0,0,0
27871317,6115,0,2,0,0,0,0,0,0,0,0,0
27874961,6116,0,2,0,0,0,0,0,0,0,0,0
27878605,6117,0,2,0,0,0,0,0,0,0,0,0
27882249,6118,0,2,0,0,0,0,0,0,0,0,0
27885893,6119,0,2,0,0,0,0,0,0,0,0,0
27889537,6120,0,2,0,0,0,0,0,0,0,0,0
27893182,6121,0,2,0,0,0,0,0,0,0,0,0
27896825,6122,0,2,0,0,0,0,0,0,0,0,0
27900469,6123,0,2,0,0,0,0,0,0,0,0,0
27904113,6124,0,2,0,0,0,0,0,0,0,0,0
27907757,6125,0,2,0,0,0,0,0,0,0,0,0
27911401,6126,0,2,0,0,0,0,0,0,0,0,0
27915045,6127,0,2,0,0,0,0,0,0,0,0,0
27918689,6128,0,2,0,0,0,0,0,0,0,0,0
27922333,6129,0,2,0,0,0,0,0,0,0,0,0
27937392,6130,0,2,0,0,0,0,0,0,0,0,0
27941025,6131,0,2,0,0,0,0,0,0,0,0,0
27944668,6132,0,2,0,0,0,0,0,0,0,0,0
27948312,6133,0,2,0,0,0,0,0,0,0,0,0
27951956,6134,0,2,0,0,0,0,0,0,0,0,0
27955600,6135,0,2,0,0,0,0,0,0,0,0,0
27959244,6136,0,2,0,0,0,0,0,0,0,0,0
27962888,6137,0,2,0,0,0,0,0,0,0,0,0
27966532,6138,0,2,0,0,0,0,0,0,0,0,0
27970176,6139,0,2,0,0,0,0,0,0,0,0,0
27973820,6140,0,2,0,0,0,0,0,0,0,0,0
27977465,6141,0,2,0,0,0,0,0,0,0,0,0
27981108,6142,0,2,0,0,0,0,0,0,0,0,0
27984752,6143,0,2,0,0,0,0,0,0,0,0,0
27988396,6144,0,2,0,0,0,0,0,0,0,0,0
27992041,6145,0,2,0,0,0,0,0,0,0,0,0
27995684,6146,0,2,0,0,0,0,0,0,0,0,0
27999328,6147,0,2,0,0,0,0,0,0,0,0,0
28002972,6148,0,2,0,0,0,0,0,0,0,0,0
28006616,6149,0,2,0,0,0,0,0,0,0,0,0
28010260,6150,0,2,0,0,0,0,0,0,0,0,0
28013905,6151,0,2,0,0,0,0,0,0,0,0,0
28017548,6152,0,2,0,0,0,0,0,0,0,0,0
28021192,6153,0,2,0,0,0,0,0,0,0,0,0
28024836,6154,0,2,0,0,0,0,0,0,0,0,0
28028480,6155,0,2,0,0,0,0,0,0,0,0,0
28032124,6156,0,2,0,0,0,0,0,0,0,0,0
28035768,6157,0,2,0,0,0,0,0,0,0,0,0
28039412,6158,0,2,0,0,0,0,0,0,0,0,0
28043056,6159,0,2,0,0,0,0,0,0,0,0,0
28046700,6160,0,2,0,0,0,0,0,0,0,0,0
28050345,6161,0,2,0,0,0,0,0,0,0,0,0
28053988,6162,0,2,0,0,0,0,0,0,0,0,0
28057632,6163,0,2,0,0,0,0,0,0,0,0,0
28061276,6164,0,2,0,0,0,0,0,0,0,0,0
28064920,6165,0,2,0,0,0,0,0,0,0,0,0
28068564,6166,0,2,0,0,0,0,0,0,0,0,0
28072208,6167,0,2,0,0,0,0,0,0,0,0,0
28075852,6168,0,2,0,0,0,0,0,0,0,0,0
28079496,6169,0,2,0,0,0,0,0,0,0,0,0
28083140,6170,0,2,0,0,0,0,0,0,0,0,0
28086785,6171,0,2,0,0,0,0,0,0,0,0,0
28090428,6172,0,2,0,0,0,0,0,0,0,0,0
28094073,6173,0,2,0,0,0,0,0,0,0,0,0
28097716,6174,0,2,0,0,0,0,0,0,0,0,0
28101360,6175,0,2,0,0,0,0,0,0,0,0,0
28105004,6176,0,2,0,0,0,0,0,0,0,0,0
28108648,6177,0,2,0,0,0,0,0,0,0,0,0
28112292,6178,0,2,0,0,0,0,0,0,0,0,0
28115936,6179,0,2,0,0,0,0,0,0,0,0,0
28119580,6180,0,2,0,0,0,0,0,0,0,0,0
28123225,6181,0,2,0,0,0,0,0,0,0,0,0
28126868,6182,0,2,0,0,0,0,0,0,0,0,0
28130512,6183,0,2,0,0,0,0,0,0,0,0,0
28134156,6184,0,2,0,0,0,0,0,0,0,0,0
28137800,6185,0,2,0,0,0,0,0,0,0,0,0
28141444,6186,0,2,0,0,0,0,0,0,0,0,0
28145088,6187,0,2,0,0,0,0,0,0,0,0,0
28148732,6188,0,2,0,0,0,0,0,0,0,0,0
28152376,6189,0,2,0,0,0,0,0,0,0,0,0
28156020,6190,0,2,0,0,0,0,0,0,0,0,0
28159665,6191,0,2,0,0,0,0,0,0,0,0,0
28163308,6192,0,2,0,0,0,0,0,0,0,0,0
28166952,6193,0,2,0,0,0,0,0,0,0,0,0
28170596,6194,0,2,0,0,0,0,0,0,0,0,0
28174240,6195,0,2,0,0,0,0,0,0,0,0,0
28177884,6196,0,2,0,0,0,0,0,0,0,0,0
28181528,6197,0,2,0,0,0,0,0,0,0,0,0
28185172,6198,0,2,0,0,0,0,0,0,0,0,0
28188816,6199,0,2,0,0,0,0,0,0,0,0,0
28192460,6200,0,2,0,0,0,0,0,0,0,0,0
28196105,6201,0,2,0,0,0,0,0,0,0,0,0
28199748,6202,0,2,0,0,0,0,0,0,0,0,0
28203392,6203,0,2,0,0,0,0,0,0,0,0,0
28207036,6204,0,2,0,0,0,0,0,0,0,0,0
28210680,6205,0,2,0,0,0,0,0,0,0,0,0
28214324,6206,0,2,0,0,0,0,0,0,0,0,0
28217968,6207,0,2,0,0,0,0,0,0,0,0,0
28221612,6208,0,2,0,0,0,0,0,0,0,0,0
28225256,6209,0,2,0,0,0,0,0,0,0,0,0
28228900,6210,0,2,0,0,0,0,0,0,0,0,0
28232545,6211,0,2,0,0,0,0,0,0,0,0,0
28236188,6212,0,2,0,0,0,0,0,0,0,0,0
28239832,6213,0,2,0,0,0,0,0,0,0,0,0
28243476,6214,0,2,0,0,0,0,0,0,0,0,0
28247120,6215,0,2,0,0,0,0,0,0,0,0,0
28250764,6216,0,2,0,0,0,0,0,0,0,0,0
28254408,6217,0,2,0,0,0,0,0,0,0,0,0
28258053,6218,0,2,0,0,0,0,0,0,0,0,0
28261696,6219,0,2,0,0,0,0,0,0,0,0,0
28265340,6220,0,2,0,0,0,0,0,0,0,0,0
28268985,6221,0,2,0,0,0,0,0,0,0,0,0
28272628,6222,0,2,0,0,0,0,0,0,0,0,0
28276272,6223,0,2,0,0,0,0,0,0,0,0,0
28279916,6224,0,2,0,0,0,0,0,0,0,0,0
28283560,6225,0,2,0,0,0,0,0,0,0,0,0
28287204,6226,0,2,0,0,0,0,0,0,0,0,0
28290848,6227,0,2,0,0,0,0,0,0,0,0,0
28294492,6228,0,2,0,0,0,0,0,0,0,0,0
28298136,6229,0,2,0,0,0,0,0,0,0,0,0
28301780,6230,0,2,0,0,0,0,0,0,0,0,0
28305425,6231,0,2,0,0,0,0,0,0,0,0,0
28309068,6232,0,2,0,0,0,0,0,0,0,0,0
28312712,6233,0,2,0,0,0,0,0,0,0,0,0
28316356,6234,0,2,0,0,0,0,0,0,0,0,0
28320000,6235,0,2,0,0,0,0,0,0,0,0,0
28323644,6236,0,2,0,0,0,0,0,0,0,0,0
28327288,6237,0,2,0,0,0,0,0,0,0,0,0
28330932,6238,0,2,0,0,0,0,0,0,0,0,0
28334576,6239,0,2,0,0,0,0,0,0,0,0,0
28338220,6240,0,2,0,0,0,0,0,0,0,0,0
28341865,6241,0,2,0,0,0,0,0,0,0,0,0
28345508,6242,0,2,0,0,0,0,0,0,0,0,0
28349152,6243,0,2,0,0,0,0,0,0,0,0,0
28352796,6244,0,2,0,0,0,0,0,0,0,0,0
28356440,6245,0,2,0,0,0,0,0,0,0,0,0
28360084,6246,0,2,0,0,0,0,0,0,0,0,0
28363728,6247,0,2,0,0,0,0,0,0,0,0,0
28367372,6248,0,2,0,0,0,0,0,0,0,0,0
28371016,6249,0,2,0,0,0,0,0,0,0,0,0
28374660,6250,0,2,0,0,0,0,0,0,0,0,0
28378305,6251,0,2,0,0,0,0,0,0,0,0,0
28381948,6252,0,2,0,0,0,0,0,0,0,0,0
28385592,6253,0,2,0,0,0,0,0,0,0,0,0
28389236,6254,0,2,0,0,0,0,0,0,0,0,0
28392880,6255,0,2,0,0,0,0,0,0,0,0,0
28396524,6256,0,2,0,0,0,0,0,0,0,0,0
28400168,6257,0,2,0,0,0,0,0,0,0,0,0
28403812,6258,0,2,0,0,0,0,0,0,0,0,0
28407456,6259,0,2,0,0,0,0,0,0,0,0,0
28411100,6260,0,2,0,0,0,0,0,0,0,0,0
28414745,6261,0,2,0,0,0,0,0,0,0,0,0
28418388,6262,0,2,0,0,0,0,0,0,0,0,0
28422032,6263,0,2,0,0,0,0,0,0,0,0,0
28425676,6264,0,2,0,0,0,0,0,0,0,0,0
28429320,6265,0,2,0,0,0,0,0,0,0,0,0
28432964,6266,0,2,0,0,0,0,0,0,0,0,0
28436608,6267,0,2,0,0,0,0,0,0,0,0,0
28440252,6268,0,2,0,0,0,0,0,0,0,0,0
28443896,6269,0,2,0,0,0,0,0,0,0,0,0
28447540,6270,0,2,0,0,0,0,0,0,0,0,0
28451185,6271,0,2,0,0,0,0,0,0,0,0,0
28454828,6272,0,2,0,0,0,0,0,0,0,0,0
28458472,6273,0,2,0,0,0,0,0,0,0,0,0
28462116,6274,0,2,0,0,0,0,0,0,0,0,0
28465760,6275,0,2,0,0,0,0,0,0,0,0,0
28469404,6276,0,2,0,0,0,0,0,0,0,0,0
28473048,6277,0,2,0,0,0,0,0,0,0,0,0
28476692,6278,0,2,0,0,0,0,0,0,0,0,0
28480336,6279,0,2,0,0,0,0,0,0,0,0,0
28483980,6280,0,2,0,0,0,0,0,0,0,0,0
28487625,6281,0,2,0,0,0,0,0,0,0,0,0
28491268,6282,0,2,0,0,0,0,0,0,0,0,0
28494912,6283,0,2,0,0,0,0,0,0,0,0,0
28498556,6284,0,2,0,0,0,0,0,0,0,0,0
28502200,6285,0,2,0,0,0,0,0,0,0,0,0
28505844,6286,0,2,0,0,0,0,0,0,0,0,0
28509488,6287,0,2,0,0,0,0,0,0,0,0,0
28513132,6288,0,2,0,0,0,0,0,0,0,0,0
28516776,6289,0,2,0,0,0,0,0,0,0,0,0
28520420,6290,0,2,0,0,0,0,0,0,0,0,0
28524065,6291,0,2,0,0,0,0,0,0,0,0,0
28527708,6292,0,2,0,0,0,0,0,0,0,0,0
28531352,6293,0,2,0,0,0,0,0,0,0,0,0
28534996,6294,0,2,0,0,0,0,0,0,0,0,0
28538640,6295,0,2,0,0,0,0,0,0,0,0,0
28542284,6296,0,2,0,0,0,0,0,0,0,0,0
28545928,6297,0,2,0,0,0,0,0,0,0,0,0
28549572,6298,0,2,0,0,0,0,0,0,0,0,0
28553216,6299,0,2,0,0,0,0,0,0,0,0,0
28556860,6300,0,2,0,0,0,0,0,0,0,0,0
28560505,6301,0,2,0,0,0,0,0,0,0,0,0
28564148,6302,0,2,0,0,0,0,0,0,0,0,0
28567792,6303,0,2,0,0,0,0,0,0,0,0,0
28571436,6304,0,2,0,0,0,0,0,0,0,0,0
28575080,6305,0,2,0,0,0,0,0,0,0,0,0
28578724,6306,0,2,0,0,0,0,0,0,0,0,0
28582368,6307,0,2,0,0,0,0,0,0,0,0,0
28586013,6308,0,2,0,0,0,0,0,0,0,0,0
28589656,6309,0,2,0,0,0,0,0,0,0,0,0
28593300,6310,0,2,0,0,0,0,0,0,0,0,0
28596945,6311,0,2,0,0,0,0,0,0,0,0,0
28600588,6312,0,2,0,0,0,0,0,0,0,0,0
28604232,6313,0,2,0,0,0,0,0,0,0,0,0
28607876,6314,0,2,0,0,0,0,0,0,0,0,0
28611520,6315,0,2,0,0,0,0,0,0,0,0,0
28615164,6316,0,2,0,0,0,0,0,0,0,0,0
28618808,6317,0,2,0,0,0,0,0,0,0,0,0
28622452,6318,0,2,0,0,0,0,0,0,0,0,0
28626096,6319,0,2,0,0,0,0,0,0,0,0,0
28629740,6320,0,2,0,0,0,0,0,0,0,0,0
28633385,6321,0,2,0,0,0,0,0,0,0,0,0
28637028,6322,0,2,0,0,0,0,0,0,0,0,0
28640672,6323,0,2,0,0,0,0,0,0,0,0,0
28644316,6324,0,2,0,0,0,0,0,0,0,0,0
28647960,6325,0,2,0,0,0,0,0,0,0,0,0
28651604,6326,0,2,0,0,0,0,0,0,0,0,0
28655248,6327,0,2,0,0,0,0,0,0,0,0,0
28658892,6328,0,2,0,0,0,0,0,0,0,0,0
28662536,6329,0,2,0,0,0,0,0,0,0,0,0
28666180,6330,0,2,0,0,0,0,0,0,0,0,0
28669825,6331,0,2,0,0,0,0,0,0,0,0,0
28673468,6332,0,2,0,0,0,0,0,0,0,0,0
28677112,6333,0,2,0,0,0,0,0,0,0,0,0
28680756,6334,0,2,0,0,0,0,0,0,0,0,0
28684400,6335,0,2,0,0,0,0,0,0,0,0,0
28688044,6336,0,2,0,0,0,0,0,0,0,0,0
28691688,6337,0,2,0,0,0,0,0,0,0,0,0
28695332,6338,0,2,0,0,0,0,0,0,0,0,0
28698976,6339,0,2,0,0,0,0,0,0,0,0,0
28702620,6340,0,2,0,0,0,0,0,0,0,0,0
28706265,6341,0,2,0,0,0,0,0,0,0,0,0
28709908,6342,0,2,0,0,0,0,0,0,0,0,0
28713552,6343,0,2,0,0,0,0,0,0,0,0,0
28717196,6344,0,2,0,0,0,0,0,0,0,0,0
28720840,6345,0,2,0,0,0,0,0,0,0,0,0
28724484,6346,0,2,0,0,0,0,0,0,0,0,0
28728128,6347,0,2,0,0,0,0,0,0,0,0,0
28731772,6348,0,2,0,0,0,0,0,0,0,0,0
28735416,6349,0,2,0,0,0,0,0,0,0,0,0
28739060,6350,0,2,0,0,0,0,0,0,0,0,0
28742705,6351,0,2,0,0,0,0,0,0,0,0,0
28746348,6352,0,2,0,0,0,0,0,0,0,0,0
28749992,6353,0,2,0,0,0,0,0,0,0,0,0
28753636,6354,0,2,0,0,0,0,0,0,0,0,0
28757280,6355,0,2,0,0,0,0,0,0,0,0,0
28760924,6356,0,2,0,0,0,0,0,0,0,0,0
28769690,6357,0,2,0,0,0,0,0,0,0,0,0
28773321,6358,0,2,0,0,0,0,0,0,0,0,0
28776965,6359,0,2,0,0,0,0,0,0,0,0,0
28780609,6360,0,2,0,0,0,0,0,0,0,0,0
28784254,6361,0,2,0,0,0,0,0,0,0,0,0
28787897,6362,0,2,0,0,0,0,0,0,0,0,0
28791541,6363,0,2,0,0,0,0,0,0,0,0,0
28795185,6364,0,2,0,0,0,0,0,0,0,0,0
28798829,6365,0,2,0,0,0,0,0,0,0,0,0
28802473,6366,0,2,0,0,0,0,0,0,0,0,0
28806117,6367,0,2,0,0,0,0,0,0,0,0,0
28809761,6368,0,2,0,0,0,0,0,0,0,0,0
28813405,6369,0,2,0,0,0,0,0,0,0,0,0
28817049,6370,0,2,0,0,0,0,0,0,0,0,0
28820694,6371,0,2,0,0,0,0,0,0,0,0,0
28824337,6372,0,2,0,0,0,0,0,0,0,0,0
28827981,6373,0,2,0,0,0,0,0,0,0,0,0
28831625,6374,0,2,0,0,0,0,0,0,0,0,0
28835269,6375,0,2,0,0,0,0,0,0,0,0,0
28838913,6376,0,2,0,0,0,0,0,0,0,0,0
28842557,6377,0,2,0,0,0,0,0,0,0,0,0
28846201,6378,0,2,0,0,0,0,0,0,0,0,0
28849845,6379,0,2,0,0,0,0,0,0,0,0,0
28853489,6380,0,2,0,0,0,0,0,0,0,0,0
28857134,6381,0,2,0,0,0,0,0,0,0,0,0
28860777,6382,0,2,0,0,0,0,0,0,0,0,0
28864421,6383,0,2,0,0,0,0,0,0,0,0,0
28868065,6384,0,2,0,0,0,0,0,0,0,0,0
28871709,6385,0,2,0,0,0,0,0,0,0,0,0
28875353,6386,0,2,0,0,0,0,0,0,0,0,0
28878997,6387,0,2,0,0,0,0,0,0,0,0,0
28882641,6388,0,2,0,0,0,0,0,0,0,0,0
28886285,6389,0,2,0,0,0,0,0,0,0,0,0
28889929,6390,0,2,0,0,0,0,0,0,0,0,0
28893574,6391,0,2,0,0,0,0,0,0,0,0,0
28897217,6392,0,2,0,0,0,0,0,0,0,0,0
28900861,6393,0,2,0,0,0,0,0,0,0,0,0
28904505,6394,0,2,0,0,0,0,0,0,0,0,0
28908149,6395,0,2,0,0,0,0,0,0,0,0,0
28911793,6396,0,2,0,0,0,0,0,0,0,0,0
28915437,6397,0,2,0,0,0,0,0,0,0,0,0
28919081,6398,0,2,0,0,0,0,0,0,0,0,0
28922725,6399,0,2,0,0,0,0,0,0,0,0,0
28926369,6400,0,2,0,0,0,0,0,0,0,0,0
28930014,6401,0,2,0,0,0,0,0,0,0,0,0
28933657,6402,0,2,0,0,0,0,0,0,0,0,0
28937301,6403,0,2,0,0,0,0,0,0,0,0,0
28940945,6404,0,2,0,0,0,0,0,0,0,0,0
28944589,6405,0,2,0,0,0,0,0,0,0,0,0
28948233,6406,0,2,0,0,0,0,0,0,0,0,0
28951877,6407,0,2,0,0,0,0,0,0,0,0,0
28955521,6408,0,2,0,0,0,0,0,0,0,0,0
28959165,6409,0,2,0,0,0,0,0,0,0,0,0
28962809,6410,0,2,0,0,0,0,0,0,0,0,0
28966454,6411,0,2,0,0,0,0,0,0,0,0,0
28970097,6412,0,2,0,0,0,0,0,0,0,0,0
28973741,6413,0,2,0,0,0,0,0,0,0,0,0
28977385,6414,0,2,0,0,0,0,0,0,0,0,0
28981029,6415,0,2,0,0,0,0,0,0,0,0,0
28984673,6416,0,2,0,0,0,0,0,0,0,0,0
28988317,6417,0,2,0,0,0,0,0,0,0,0,0
28991961,6418,0,2,0,0,0,0,0,0,0,0,0
28995605,6419,0,2,0,0,0,0,0,0,0,0,0
28999249,6420,0,2,0,0,0,0,0,0,0,0,0
29002894,6421,0,2,0,0,0,0,0,0,0,0,0
29006537,6422,0,2,0,0,0,0,0,0,0,0,0
29010181,6423,0,2,0,0,0,0,0,0,0,0,0
29013825,6424,0,2,0,0,0,0,0,0,0,0,0
29017469,6425,0,2,0,0,0,0,0,0,0,0,0
29021113,6426,0,2,0,0,0,0,0,0,0,0,0
29024757,6427,0,2,0,0,0,0,0,0,0,0,0
29028401,6428,0,2,0,0,0,0,0,0,0,0,0
29032045,6429,0,2,0,0,0,0,0,0,0,0,0
29035689,6430,0,2,0,0,0,0,0,0,0,0,0
29039334,6431,0,2,0,0,0,0,0,0,0,0,0
29042977,6432,0,2,0,0,0,0,0,0,0,0,0
29046621,6433,0,2,0,0,0,0,0,0,0,0,0
29050265,6434,0,2,0,0,0,0,0,0,0,0,0
29053909,6435,0,2,0,0,0,0,0,0,0,0,0
29057553,6436,0,2,0,0,0,0,0,0,0,0,0
29061197,6437,0,2,0,0,0,0,0,0,0,0,0
29064841,6438,0,2,0,0,0,0,0,0,0,0,0
29068485,6439,0,2,0,0,0,0,0,0,0,0,0
29072129,6440,0,2,0,0,0,0,0,0,0,0,0
29075774,6441,0,2,0,0,0,0,0,0,0,0,0
29079417,6442,0,2,0,0,0,0,0,0,0,0,0
29083061,6443,0,2,0,0,0,0,0,0,0,0,0
29086705,6444,0,2,0,0,0,0,0,0,0,0,0
29090349,6445,0,2,0,0,0,0,0,0,0,0,0
29093993,6446,0,2,0,0,0,0,0,0,0,0,0
29097637,6447,0,2,0,0,0,0,0,0,0,0,0
29101281,6448,0,2,0,0,0,0,0,0,0,0,0
29104925,6449,0,2,0,0,0,0,0,0,0,0,0
29108569,6450,0,2,0,0,0,0,0,0,0,0,0
29112214,6451,0,2,0,0,0,0,0,0,0,0,0
29115857,6452,0,2,0,0,0,0,0,0,0,0,0
29119501,6453,0,2,0,0,0,0,0,0,0,0,0
29123145,6454,0,2,0,0,0,0,0,0,0,0,0
29126789,6455,0,2,0,0,0,0,0,0,0,0,0
29130433,6456,0,2,0,0,0,0,0,0,0,0,0
29134078,6457,0,2,0,0,0,0,0,0,0,0,0
29137721,6458,0,2,0,0,0,0,0,0,0,0,0
29141365,6459,0,2,0,0,0,0,0,0,0,0,0
29145009,6460,0,2,0,0,0,0,0,0,0,0,0
29148654,6461,0,2,0,0,0,0,0,0,0,0,0
29152297,6462,0,2,0,0,0,0,0,0,0,0,0
29155941,6463,0,2,0,0,0,0,0,0,0,0,0
29159585,6464,0,2,0,0,0,0,0,0,0,0,0
29163229,6465,0,2,0,0,0,0,0,0,0,0,0
29166873,6466,0,2,0,0,0,0,0,0,0,0,0
29170517,6467,0,2,0,0,0,0,0,0,0,0,0
29174161,6468,0,2,0,0,0,0,0,0,0,0,0
29177805,6469,0,2,0,0,0,0,0,0,0,0,0
29181449,6470,0,2,0,0,0,0,0,0,0,0,0
29185094,6471,0,2,0,0,0,0,0,0,0,0,0
29188737,6472,0,2,0,0,0,0,0,0,0,0,0
29192381,6473,0,2,0,0,0,0,0,0,0,0,0
29196026,6474,0,2,0,0,0,0,0,0,0,0,0
29199669,6475,0,2,0,0,0,0,0,0,0,0,0
29203313,6476,0,2,0,0,0,0,0,0,0,0,0
29206957,6477,0,2,0,0,0,0,0,0,0,0,0
29210601,6478,0,2,0,0,0,0,0,0,0,0,0
29214245,6479,0,2,0,0,0,0,0,0,0,0,0
29217889,6480,0,2,0,0,0,0,0,0,0,0,0
29221534,6481,0,2,0,0,0,0,0,0,0,0,0
29225177,6482,0,2,0,0,0,0,0,0,0,0,0
29228821,6483,0,2,0,0,0,0,0,0,0,0,0
29232465,6484,0,2,0,0,0,0,0,0,0,0,0
29236109,6485,0,2,0,0,0,0,0,0,0,0,0
29239753,6486,0,2,0,0,0,0,0,0,0,0,0
29243397,6487,0,2,0,0,0,0,0,0,0,0,0
29247041,6488,0,2,0,0,0,0,0,0,0,0,0
29250685,6489,0,2,0,0,0,0,0,0,0,0,0
29254329,6490,0,2,0,0,0,0,0,0,0,0,0
29257974,6491,0,2,0,0,0,0,0,0,0,0,0
29261617,6492,0,2,0,0,0,0,0,0,0,0,0
29265261,6493,0,2,0,0,0,0,0,0,0,0,0
29268905,6494,0,2,0,0,0,0,0,0,0,0,0
29272549,6495,0,2,0,0,0,0,0,0,0,0,0
29276193,6496,0,2,0,0,0,0,0,0,0,0,0
29279837,6497,0,2,0,0,0,0,0,0,0,0,0
29283481,6498,0,2,0,0,0,0,0,0,0,0,0
29287125,6499,0,2,0,0,0,0,0,0,0,0,0
29290769,6500,0,2,0,0,0,0,0,0,0,0,0
29294414,6501,0,2,0,0,0,0,0,0,0,0,0
29298057,6502,0,2,0,0,0,0,0,0,0,0,0
29301701,6503,0,2,0,0,0,0,0,0,0,0,0
29305345,6504,0,2,0,0,0,0,0,0,0,0,0
29308989,6505,0,2,0,0,0,0,0,0,0,0,0
29312633,6506,0,2,0,0,0,0,0,0,0,0,0
29316277,6507,0,2,0,0,0,0,0,0,0,0,0
29319921,6508,0,2,0,0,0,0,0,0,0,0,0
29323565,6509,0,2,0,0,0,0,0,0,0,0,0
29327209,6510,0,2,0,0,0,0,0,0,0,0,0
29330854,6511,0,2,0,0,0,0,0,0,0,0,0
29334497,6512,0,2,0,0,0,0,0,0,0,0,0
29338141,6513,0,2,0,0,0,0,0,0,0,0,0
29341785,6514,0,2,0,0,0,0,0,0,0,0,0
29345429,6515,0,2,0,0,0,0,0,0,0,0,0
29349073,6516,0,2,0,0,0,0,0,0,0,0,0
29352717,6517,0,2,0,0,0,0,0,0,0,0,0
29356361,6518,0,2,0,0,0,0,0,0,0,0,0
29360005,6519,0,2,0,0,0,0,0,0,0,0,0
29363649,6520,0,2,0,0,0,0,0,0,0,0,0
29367294,6521,0,2,0,0,0,0,0,0,0,0,0
29370937,6522,0,2,0,0,0,0,0,0,0,0,0
29374581,6523,0,2,0,0,0,0,0,0,0,0,0
29378225,6524,0,2,0,0,0,0,0,0,0,0,0
29381869,6525,0,2,0,0,0,0,0,0,0,0,0
29385513,6526,0,2,0,0,0,0,0,0,0,0,0
29389157,6527,0,2,0,0,0,0,0,0,0,0,0
29392801,6528,0,2,0,0,0,0,0,0,0,0,0
29396445,6529,0,2,0,0,0,0,0,0,0,0,0
29400089,6530,0,2,0,0,0,0,0,0,0,0,0
29403734,6531,0,2,0,0,0,0,0,0,0,0,0
29407377,6532,0,2,0,0,0,0,0,0,0,0,0
29411021,6533,0,2,0,0,0,0,0,0,0,0,0
29414665,6534,0,2,0,0,0,0,0,0,0,0,0
29418309,6535,0,2,0,0,0,0,0,0,0,0,0
29421953,6536,0,2,0,0,0,0,0,0,0,0,0
29425597,6537,0,2,0,0,0,0,0,0,0,0,0
29429241,6538,0,2,0,0,0,0,0,0,0,0,0
29432885,6539,0,2,0,0,0,0,0,0,0,0,0
29436529,6540,0,2,0,0,0,0,0,0,0,0,0
29440174,6541,0,2,0,0,0,0,0,0,0,0,0
29443817,6542,0,2,0,0,0,0,0,0,0,0,0
29447461,6543,0,2,0,0,0,0,0,0,0,0,0
29451105,6544,0,2,0,0,0,0,0,0,0,0,0
29454749,6545,0,2,0,0,0,0,0,0,0,0,0
29458393,6546,0,2,0,0,0,0,0,0,0,0,0
29462038,6547,0,2,0,0,0,0,0,0,0,0,0
29465681,6548,0,2,0,0,0,0,0,0,0,0,0
29469325,6549,0,2,0,0,0,0,0,0,0,0,0
29472969,6550,0,2,0,0,0,0,0,0,0,0,0
29476614,6551,0,2,0,0,0,0,0,0,0,0,0
29480257,6552,0,2,0,0,0,0,0,0,0,0,0
29483901,6553,0,2,0,0,0,0,0,0,0,0,0
29487545,6554,0,2,0,0,0,0,0,0,0,0,0
29491189,6555,0,2,0,0,0,0,0,0,0,0,0
29494833,6556,0,2,0,0,0,0,0,0,0,0,0
29498477,6557,0,2,0,0,0,0,0,0,0,0,0
29502121,6558,0,2,0,0,0,0,0,0,0,0,0
29505765,6559,0,2,0,0,0,0,0,0,0,0,0
29509409,6560,0,2,0,0,0,0,0,0,0,0,0
29513054,6561,0,2,0,0,0,0,0,0,0,0,0
29516697,6562,0,2,0,0,0,0,0,0,0,0,0
29520341,6563,0,2,0,0,0,0,0,0,0,0,0
29523985,6564,0,2,0,0,0,0,0,0,0,0,0
29527629,6565,0,2,0,0,0,0,0,0,0,0,0
29531273,6566,0,2,0,0,0,0,0,0,0,0,0
29534917,6567,0,2,0,0,0,0,0,0,0,0,0
29538561,6568,0,2,0,0,0,0,0,0,0,0,0
29542205,6569,0,2,0,0,0,0,0,0,0,0,0
29545849,6570,0,2,0,0,0,0,0,0,0,0,0
29549494,6571,0,2,0,0,0,0,0,0,0,0,0
29553137,6572,0,2,0,0,0,0,0,0,0,0,0
29556781,6573,0,2,0,0,0,0,0,0,0,0,0
29560425,6574,0,2,0,0,0,0,0,0,0,0,0
29564069,6575,0,2,0,0,0,0,0,0,0,0,0
29567713,6576,0,2,0,0,0,0,0,0,0,0,0
29571357,6577,0,2,0,0,0,0,0,0,0,0,0
29575001,6578,0,2,0,0,0,0,0,0,0,0,0
29578645,6579,0,2,0,0,0,0,0,0,0,0,0
29582289,6580,0,2,0,0,0,0,0,0,0,0,0
29585934,6581,0,2,0,0,0,0,0,0,0,0,0
29589577,6582,0,2,0,0,0,0,0,0,0,0,0
29593221,6583,0,2,0,0,0,0,0,0,0,0,0
29606025,6584,0,2,0,0,0,0,0,0,0,0,0
29609657,6585,0,2,0,0,0,0,0,0,0,0,0
29613301,6586,0,2,0,0,0,0,0,0,0,0,0
29616945,6587,0,2,0,0,0,0,0,0,0,0,0
29620589,6588,0,2,0,0,0,0,0,0,0,0,0
29624233,6589,0,2,0,0,0,0,0,0,0,0,0
29627877,6590,0,2,0,0,0,0,0,0,0,0,0
29631522,6591,0,2,0,0,0,0,0,0,0,0,0
29635165,6592,0,2,0,0,0,0,0,0,0,0,0
29638809,6593,0,2,0,0,0,0,0,0,0,0,0
29642453,6594,0,2,0,0,0,0,0,0,0,0,0
29646097,6595,0,2,0,0,0,0,0,0,0,0,0
29649741,6596,0,2,0,0,0,0,0,0,0,0,0
29653385,6597,0,2,0,0,0,0,0,0,0,0,0
29657029,6598,0,2,0,0,0,0,0,0,0,0,0
29660673,6599,0,2,0,0,0,0,0,0,0,0,0
29664317,6600,0,2,0,0,0,0,0,0,0,0,0
29667962,6601,0,2,0,0,0,0,0,0,0,0,0
29671605,6602,0,2,0,0,0,0,0,0,0,0,0
29675249,6603,0,2,0,0,0,0,0,0,0,0,0
29678893,6604,0,2,0,0,0,0,0,0,0,0,0
29682537,6605,0,2,0,0,0,0,0,0,0,0,0
29686181,6606,0,2,0,0,0,0,0,0,0,0,0
29689825,6607,0,2,0,0,0,0,0,0,0,0,0
29693469,6608,0,2,0,0,0,0,0,0,0,0,0
29697113,6609,0,2,0,0,0,0,0,0,0,0,0
29700757,6610,0,2,0,0,0,0,0,0,0,0,0
29704402,6611,0,2,0,0,0,0,0,0,0,0,0
29708045,6612,0,2,0,0,0,0,0,0,0,0,0
29711689,6613,0,2,0,0,0,0,0,0,0,0,0
29715333,6614,0,2,0,0,0,0,0,0,0,0,0
29718977,6615,0,2,0,0,0,0,0,0,0,0,0
29722621,6616,0,2,0,0,0,0,0,0,0,0,0
29726265,6617,0,2,0,0,0,0,0,0,0,0,0
29729909,6618,0,2,0,0,0,0,0,0,0,0,0
29733553,6619,0,2,0,0,0,0,0,0,0,0,0
29737197,6620,0,2,0,0,0,0,0,0,0,0,0
29740842,6621,0,2,0,0,0,0,0,0,0,0,0
29744485,6622,0,2,0,0,0,0,0,0,0,0,0
29748129,6623,0,2,0,0,0,0,0,0,0,0,0
29751773,6624,0,2,0,0,0,0,0,0,0,0,0
29755417,6625,0,2,0,0,0,0,0,0,0,0,0
29759061,6626,0,2,0,0,0,0,0,0,0,0,0
29762705,6627,0,2,0,0,0,0,0,0,0,0,0
29766349,6628,0,2,0,0,0,0,0,0,0,0,0
29769993,6629,0,2,0,0,0,0,0,0,0,0,0
29773637,6630,0,2,0,0,0,0,0,0,0,0,0
29777282,6631,0,2,0,0,0,0,0,0,0,0,0
29780925,6632,0,2,0,0,0,0,0,0,0,0,0
29784569,6633,0,2,0,0,0,0,0,0,0,0,0
29788213,6634,0,2,0,0,0,0,0,0,0,0,0
29791857,6635,0,2,0,0,0,0,0,0,0,0,0
29795501,6636,0,2,0,0,0,0,0,0,0,0,0
29799145,6637,0,2,0,0,0,0,0,0,0,0,0
29802789,6638,0,2,0,0,0,0,0,0,0,0,0
29806433,6639,0,2,0,0,0,0,0,0,0,0,0
29810078,6640,0,2,0,0,0,0,0,0,0,0,0
29813722,6641,0,2,0,0,0,0,0,0,0,0,0
29817365,6642,0,2,0,0,0,0,0,0,0,0,0
29821010,6643,0,2,0,0,0,0,0,0,0,0,0
29824653,6644,0,2,0,0,0,0,0,0,0,0,0
29828297,6645,0,2,0,0,0,0,0,0,0,0,0
29831941,6646,0,2,0,0,0,0,0,0,0,0,0
29835585,6647,0,2,0,0,0,0,0,0,0,0,0
29839229,6648,0,2,0,0,0,0,0,0,0,0,0
29842873,6649,0,2,0,0,0,0,0,0,0,0,0
29846517,6650,0,2,0,0,0,0,0,0,0,0,0
29850162,6651,0,2,0,0,0,0,0,0,0,0,0
29853805,6652,0,2,0,0,0,0,0,0,0,0,0
29857449,6653,0,2,0,0,0,0,0,0,0,0,0
29861093,6654,0,2,0,0,0,0,0,0,0,0,0
29864737,6655,0,2,0,0,0,0,0,0,0,0,0
29868381,6656,0,2,0,0,0,0,0,0,0,0,0
29872026,6657,0,2,0,0,0,0,0,0,0,0,0
29875669,6658,0,2,0,0,0,0,0,0,0,0,0
29879313,6659,0,2,0,0,0,0,0,0,0,0,0
29882957,6660,0,2,0,0,0,0,0,0,0,0,0
29886602,6661,0,2,0,0,0,0,0,0,0,0,0
29890245,6662,0,2,0,0,0,0,0,0,0,0,0
29893889,6663,0,2,0,0,0,0,0,0,0,0,0
29897533,6664,0,2,0,0,0,0,0,0,0,0,0
29901177,6665,0,2,0,0,0,0,0,0,0,0,0
29904821,6666,0,2,0,0,0,0,0,0,0,0,0
29908465,6667,0,2,0,0,0,0,0,0,0,0,0
29912109,6668,0,2,0,0,0,0,0,0,0,0,0
29915753,6669,0,2,0,0,0,0,0,0,0,0,0
29919397,6670,0,2,0,0,0,0,0,0,0,0,0
29923042,6671,0,2,0,0,0,0,0,0,0,0,0
29926685,6672,0,2,0,0,0,0,0,0,0,0,0
29930329,6673,0,2,0,0,0,0,0,0,0,0,0
29933973,6674,0,2,0,0,0,0,0,0,0,0,0
29937617,6675,0,2,0,0,0,0,0,0,0,0,0
29941261,6676,0,2,0,0,0,0,0,0,0,0,0
29944905,6677,0,2,0,0,0,0,0,0,0,0,0
29948549,6678,0,2,0,0,0,0,0,0,0,0,0
29952193,6679,0,2,0,0,0,0,0,0,0,0,0
29955837,6680,0,2,0,0,0,0,0,0,0,0,0
29959482,6681,0,2,0,0,0,0,0,0,0,0,0
29963125,6682,0,2,0,0,0,0,0,0,0,0,0
29966769,6683,0,2,0,0,0,0,0,0,0,0,0
29970413,6684,0,2,0,0,0,0,0,0,0,0,0
29974057,6685,0,2,0,0,0,0,0,0,0,0,0
29977701,6686,0,2,0,0,0,0,0,0,0,0,0
29981345,6687,0,2,0,0,0,0,0,0,0,0,0
29984989,6688,0,2,0,0,0,0,0,0,0,0,0
29988633,6689,0,2,0,0,0,0,0,0,0,0,0
29992277,6690,0,2,0,0,0,0,0,0,0,0,0
29995922,6691,0,2,0,0,0,0,0,0,0,0,0
29999565,6692,0,2,0,0,0,0,0,0,0,0,0
30003209,6693,0,2,0,0,0,0,0,0,0,0,0
30006853,6694,0,2,0,0,0,0,0,0,0,0,0
30010497,6695,0,2,0,0,0,0,0,0,0,0,0
30014141,6696,0,2,0,0,0,0,0,0,0,0,0
30017785,6697,0,2,0,0,0,0,0,0,0,0,0
30021429,6698,0,2,0,0,0,0,0,0,0,0,0
30025073,6699,0,2,0,0,0,0,0,0,0,0,0
30028717,6700,0,2,0,0,0,0,0,0,0,0,0
30032362,6701,0,2,0,0,0,0,0,0,0,0,0
30036005,6702,0,2,0,0,0,0,0,0,0,0,0
30039649,6703,0,2,0,0,0,0,0,0,0,0,0
30043293,6704,0,2,0,0,0,0,0,0,0,0,0
30046937,6705,0,2,0,0,0,0,0,0,0,0,0
30050581,6706,0,2,0,0,0,0,0,0,0,0,0
30054225,6707,0,2,0,0,0,0,0,0,0,0,0
30057869,6708,0,2,0,0,0,0,0,0,0,0,0
30061513,6709,0,2,0,0,0,0,0,0,0,0,0
30065157,6710,0,2,0,0,0,0,0,0,0,0,0
30068802,6711,0,2,0,0,0,0,0,0,0,0,0
30072445,6712,0,2,0,0,0,0,0,0,0,0,0
30076089,6713,0,2,0,0,0,0,0,0,0,0,0
30079733,6714,0,2,0,0,0,0,0,0,0,0,0
30083377,6715,0,2,0,0,0,0,0,0,0,0,0
30087021,6716,0,2,0,0,0,0,0,0,0,0,0
30090665,6717,0,2,0,0,0,0,0,0,0,0,0
30094309,6718,0,2,0,0,0,0,0,0,0,0,0
30097953,6719,0,2,0,0,0,0,0,0,0,0,0
30101597,6720,0,2,0,0,0,0,0,0,0,0,0
30105242,6721,0,2,0,0,0,0,0,0,0,0,0
30108885,6722,0,2,0,0,0,0,0,0,0,0,0
30112529,6723,0,2,0,0,0,0,0,0,0,0,0
30116173,6724,0,2,0,0,0,0,0,0,0,0,0
30119817,6725,0,2,0,0,0,0,0,0,0,0,0
30123461,6726,0,2,0,0,0,0,0,0,0,0,0
30127106,6727,0,2,0,0,0,0,0,0,0,0,0
30130749,6728,0,2,0,0,0,0,0,0,0,0,0
30134393,6729,0,2,0,0,0,0,0,0,0,0,0
30138037,6730,0,2,0,0,0,0,0,0,0,0,0
30141682,6731,0,2,0,0,0,0,0,0,0,0,0
30145325,6732,0,2,0,0,0,0,0,0,0,0,0
30148969,6733,0,2,0,0,0,0,0,0,0,0,0
30152613,6734,0,2,0,0,0,0,0,0,0,0,0
30156257,6735,0,2,0,0,0,0,0,0,0,0,0
30159901,6736,0,2,0,0,0,0,0,0,0,0,0
30163545,6737,0,2,0,0,0,0,0,0,0,0,0
30167189,6738,0,2,0,0,0,0,0,0,0,0,0
30170833,6739,0,2,0,0,0,0,0,0,0,0,0
30174477,6740,0,2,0,0,0,0,0,0,0,0,0
30178122,6741,0,2,0,0,0,0,0,0,0,0,0
30181765,6742,0,2,0,0,0,0,0,0,0,0,0
30185409,6743,0,2,0,0,0,0,0,0,0,0,0
30189054,6744,0,2,0,0,0,0,0,0,0,0,0
30192697,6745,0,2,0,0,0,0,0,0,0,0,0
30196341,6746,0,2,0,0,0,0,0,0,0,0,0
30199985,6747,0,2,0,0,0,0,0,0,0,0,0
30203629,6748,0,2,0,0,0,0,0,0,0,0,0
30207273,6749,0,2,0,0,0,0,0,0,0,0,0
30210917,6750,0,2,0,0,0,0,0,0,0,0,0
30214562,6751,0,2,0,0,0,0,0,0,0,0,0
30218205,6752,0,2,0,0,0,0,0,0,0,0,0
30221849,6753,0,2,0,0,0,0,0,0,0,0,0
30225493,6754,0,2,0,0,0,0,0,0,0,0,0
30229137,6755,0,2,0,0,0,0,0,0,0,0,0
30232781,6756,0,2,0,0,0,0,0,0,0,0,0
30236425,6757,0,2,0,0,0,0,0,0,0,0,0
30240069,6758,0,2,0,0,0,0,0,0,0,0,0
30243713,6759,0,2,0,0,0,0,0,0,0,0,0
30247357,6760,0,2,0,0,0,0,0,0,0,0,0
30251002,6761,0,2,0,0,0,0,0,0,0,0,0
30254645,6762,0,2,0,0,0,0,0,0,0,0,0
30258289,6763,0,2,0,0,0,0,0,0,0,0,0
30261933,6764,0,2,0,0,0,0,0,0,0,0,0
30265577,6765,0,2,0,0,0,0,0,0,0,0,0
30269221,6766,0,2,0,0,0,0,0,0,0,0,0
30272865,6767,0,2,0,0,0,0,0,0,0,0,0
30276509,6768,0,2,0,0,0,0,0,0,0,0,0
30280153,6769,0,2,0,0,0,0,0,0,0,0,0
30283797,6770,0,2,0,0,0,0,0,0,0,0,0
30287442,6771,0,2,0,0,0,0,0,0,0,0,0
30291085,6772,0,2,0,0,0,0,0,0,0,0,0
30294729,6773,0,2,0,0,0,0,0,0,0,0,0
30298373,6774,0,2,0,0,0,0,0,0,0,0,0
30302017,6775,0,2,0,0,0,0,0,0,0,0,0
30305661,6776,0,2,0,0,0,0,0,0,0,0,0
30309305,6777,0,2,0,0,0,0,0,0,0,0,0
30312949,6778,0,2,0,0,0,0,0,0,0,0,0
30316593,6779,0,2,0,0,0,0,0,0,0,0,0
30320237,6780,0,2,0,0,0,0,0,0,0,0,0
30323882,6781,0,2,0,0,0,0,0,0,0,0,0
30327525,6782,0,2,0,0,0,0,0,0,0,0,0
30331169,6783,0,2,0,0,0,0,0,0,0,0,0
30334813,6784,0,2,0,0,0,0,0,0,0,0,0
30338457,6785,0,2,0,0,0,0,0,0,0,0,0
30342101,6786,0,2,0,0,0,0,0,0,0,0,0
30345745,6787,0,2,0,0,0,0,0,0,0,0,0
30349389,6788,0,2,0,0,0,0,0,0,0,0,0
30353033,6789,0,2,0,0,0,0,0,0,0,0,0
30356677,6790,0,2,0,0,0,0,0,0,0,0,0
30360322,6791,0,2,0,0,0,0,0,0,0,0,0
30363965,6792,0,2,0,0,0,0,0,0,0,0,0
30367609,6793,0,2,0,0,0,0,0,0,0,0,0
30371253,6794,0,2,0,0,0,0,0,0,0,0,0
30374897,6795,0,2,0,0,0,0,0,0,0,0,0
30378541,6796,0,2,0,0,0,0,0,0,0,0,0
30382185,6797,0,2,0,0,0,0,0,0,0,0,0
30385829,6798,0,2,0,0,0,0,0,0,0,0,0
30389473,6799,0,2,0,0,0,0,0,0,0,0,0
30393118,6800,0,2,0,0,0,0,0,0,0,0,0
30396762,6801,0,2,0,0,0,0,0,0,0,0,0
30400405,6802,0,2,0,0,0,0,0,0,0,0,0
30404049,6803,0,2,0,0,0,0,0,0,0,0,0
30407693,6804,0,2,0,0,0,0,0,0,0,0,0
30411337,6805,0,2,0,0,0,0,0,0,0,0,0
30414981,6806,0,2,0,0,0,0,0,0,0,0,0
30418625,6807,0,2,0,0,0,0,0,0,0,0,0
30422269,6808,0,2,0,0,0,0,0,0,0,0,0
30425913,6809,0,2,0,0,0,0,0,0,0,0,0
30429557,6810,0,2,0,0,0,0,0,0,0,0,0
30438019,6811,0,2,0,0,0,0,0,0,0,0,0
30441651,6812,0,2,0,0,0,0,0,0,0,0,0
30445295,6813,0,2,0,0,0,0,0,0,0,0,0
30448939,6814,0,2,0,0,0,0,0,0,0,0,0
30452583,6815,0,2,0,0,0,0,0,0,0,0,0
30456227,6816,0,2,0,0,0,0,0,0,0,0,0
30459871,6817,0,2,0,0,0,0,0,0,0,0,0
30463515,6818,0,2,0,0,0,0,0,0,0,0,0
30467159,6819,0,2,0,0,0,0,0,0,0,0,0
30470803,6820,0,2,0,0,0,0,0,0,0,0,0
30474448,6821,0,2,0,0,0,0,0,0,0,0,0
30478092,6822,0,2,0,0,0,0,0,0,0,0,0
30481735,6823,0,2,0,0,0,0,0,0,0,0,0
30485379,6824,0,2,0,0,0,0,0,0,0,0,0
30489023,6825,0,2,0,0,0,0,0,0,0,0,0
30492667,6826,0,2,0,0,0,0,0,0,0,0,0
30496311,6827,0,2,0,0,0,0,0,0,0,0,0
30499955,6828,0,2,0,0,0,0,0,0,0,0,0
30503599,6829,0,2,0,0,0,0,0,0,0,0,0
30507243,6830,0,2,0,0,0,0,0,0,0,0,0
30510888,6831,0,2,0,0,0,0,0,0,0,0,0
30514531,6832,0,2,0,0,0,0,0,0,0,0,0
30518175,6833,0,2,0,0,0,0,0,0,0,0,0
30521819,6834,0,2,0,0,0,0,0,0,0,0,0
30525463,6835,0,2,0,0,0,0,0,0,0,0,0
30529107,6836,0,2,0,0,0,0,0,0,0,0,0
30532751,6837,0,2,0,0,0,0,0,0,0,0,0
30536395,6838,0,2,0,0,0,0,0,0,0,0,0
30540039,6839,0,2,0,0,0,0,0,0,0,0,0
30543683,6840,0,2,0,0,0,0,0,0,0,0,0
30547328,6841,0,2,0,0,0,0,0,0,0,0,0
30550971,6842,0,2,0,0,0,0,0,0,0,0,0
30554615,6843,0,2,0,0,0,0,0,0,0,0,0
30558259,6844,0,2,0,0,0,0,0,0,0,0,0
30561903,6845,0,2,0,0,0,0,0,0,0,0,0
30565547,6846,0,2,0,0,0,0,0,0,0,0,0
30569191,6847,0,2,0,0,0,0,0,0,0,0,0
30572835,6848,0,2,0,0,0,0,0,0,0,0,0
30576479,6849,0,2,0,0,0,0,0,0,0,0,0
30580123,6850,0,2,0,0,0,0,0,0,0,0,0
30583768,6851,0,2,0,0,0,0,0,0,0,0,0
30587411,6852,0,2,0,0,0,0,0,0,0,0,0
30591055,6853,0,2,0,0,0,0,0,0,0,0,0
30594699,6854,0,2,0,0,0,0,0,0,0,0,0
30598343,6855,0,2,0,0,0,0,0,0,0,0,0
30601987,6856,0,2,0,0,0,0,0,0,0,0,0
30605631,6857,0,2,0,0,0,0,0,0,0,0,0
30609275,6858,0,2,0,0,0,0,0,0,0,0,0
30612919,6859,0,2,0,0,0,0,0,0,0,0,0
30616563,6860,0,2,0,0,0,0,0,0,0,0,0
30620208,6861,0,2,0,0,0,0,0,0,0,0,0
30623851,6862,0,2,0,0,0,0,0,0,0,0,0
30627495,6863,0,2,0,0,0,0,0,0,0,0,0
30631139,6864,0,2,0,0,0,0,0,0,0,0,0
30634783,6865,0,2,0,0,0,0,0,0,0,0,0
30638427,6866,0,2,0,0,0,0,0,0,0,0,0
30642071,6867,0,2,0,0,0,0,0,0,0,0,0
30645715,6868,0,2,0,0,0,0,0,0,0,0,0
30649359,6869,0,2,0,0,0,0,0,0,0,0,0
30653003,6870,0,2,0,0,0,0,0,0,0,0,0
30656648,6871,0,2,0,0,0,0,0,0,0,0,0
30660291,6872,0,2,0,0,0,0,0,0,0,0,0
30663935,6873,0,2,0,0,0,0,0,0,0,0,0
30667579,6874,0,2,0,0,0,0,0,0,0,0,0
30671223,6875,0,2,0,0,0,0,0,0,0,0,0
30674867,6876,0,2,0,0,0,0,0,0,0,0,0
30678511,6877,0,2,0,0,0,0,0,0,0,0,0
30682155,6878,0,2,0,0,0,0,0,0,0,0,0
30685799,6879,0,2,0,0,0,0,0,0,0,0,0
30689443,6880,0,2,0,0,0,0,0,0,0,0,0
30693088,6881,0,2,0,0,0,0,0,0,0,0,0
30696731,6882,0,2,0,0,0,0,0,0,0,0,0
30700375,6883,0,2,0,0,0,0,0,0,0,0,0
30704019,6884,0,2,0,0,0,0,0,0,0,0,0
30707663,6885,0,2,0,0,0,0,0,0,0,0,0
30711307,6886,0,2,0,0,0,0,0,0,0,0,0
30714951,6887,0,2,0,0,0,0,0,0,0,0,0
30718595,6888,0,2,0,0,0,0,0,0,0,0,0
30722239,6889,0,2,0,0,0,0,0,0,0,0,0
30725883,6890,0,2,0,0,0,0,0,0,0,0,0
30729528,6891,0,2,0,0,0,0,0,0,0,0,0
30733171,6892,0,2,0,0,0,0,0,0,0,0,0
30736815,6893,0,2,0,0,0,0,0,0,0,0,0
30740459,6894,0,2,0,0,0,0,0,0,0,0,0
30744103,6895,0,2,0,0,0,0,0,0,0,0,0
30747747,6896,0,2,0,0,0,0,0,0,0,0,0
30751391,6897,0,2,0,0,0,0,0,0,0,0,0
30755035,6898,0,2,0,0,0,0,0,0,0,0,0
30758679,6899,0,2,0,0,0,0,0,0,0,0,0
30762323,6900,0,2,0,0,0,0,0,0,0,0,0
30765968,6901,0,2,0,0,0,0,0,0,0,0,0
30769611,6902,0,2,0,0,0,0,0,0,0,0,0
30773255,6903,0,2,0,0,0,0,0,0,0,0,0
30776899,6904,0,2,0,0,0,0,0,0,0,0,0
30780543,6905,0,2,0,0,0,0,0,0,0,0,0
30784187,6906,0,2,0,0,0,0,0,0,0,0,0
30787831,6907,0,2,0,0,0,0,0,0,0,0,0
30791475,6908,0,2,0,0,0,0,0,0,0,0,0
30795119,6909,0,2,0,0,0,0,0,0,0,0,0
30798763,6910,0,2,0,0,0,0,0,0,0,0,0
30802408,6911,0,2,0,0,0,0,0,0,0,0,0
30806052,6912,0,2,0,0,0,0,0,0,0,0,0
30809695,6913,0,2,0,0,0,0,0,0,0,0,0
30813339,6914,0,2,0,0,0,0,0,0,0,0,0
30816983,6915,0,2,0,0,0,0,0,0,0,0,0
30820627,6916,0,2,0,0,0,0,0,0,0,0,0
30824271,6917,0,2,0,0,0,0,0,0,0,0,0
30827915,6918,0,2,0,0,0,0,0,0,0,0,0
30831559,6919,0,2,0,0,0,0,0,0,0,0,0
30835203,6920,0,2,0,0,0,0,0,0,0,0,0
30838848,6921,0,2,0,0,0,0,0,0,0,0,0
30842491,6922,0,2,0,0,0,0,0,0,0,0,0
30846135,6923,0,2,0,0,0,0,0,0,0,0,0
30849779,6924,0,2,0,0,0,0,0,0,0,0,0
30853423,6925,0,2,0,0,0,0,0,0,0,0,0
30857067,6926,0,2,0,0,0,0,0,0,0,0,0
30860711,6927,0,2,0,0,0,0,0,0,0,0,0
30864355,6928,0,2,0,0,0,0,0,0,0,0,0
30868000,6929,0,2,0,0,0,0,0,0,0,0,0
30871643,6930,0,2,0,0,0,0,0,0,0,0,0
30875288,6931,0,2,0,0,0,0,0,0,0,0,0
30878931,6932,0,2,0,0,0,0,0,0,0,0,0
30882575,6933,0,2,0,0,0,0,0,0,0,0,0
30886219,6934,0,2,0,0,0,0,0,0,0,0,0
30889863,6935,0,2,0,0,0,0,0,0,0,0,0
30893507,6936,0,2,0,0,0,0,0,0,0,0,0
30897151,6937,0,2,0,0,0,0,0,0,0,0,0
30900795,6938,0,2,0,0,0,0,0,0,0,0,0
30904439,6939,0,2,0,0,0,0,0,0,0,0,0
30908083,6940,0,2,0,0,0,0,0,0,0,0,0
30911728,6941,0,2,0,0,0,0,0,0,0,0,0
30915371,6942,0,2,0,0,0,0,0,0,0,0,0
30919015,6943,0,2,0,0,0,0,0,0,0,0,0
30922659,6944,0,2,0,0,0,0,0,0,0,0,0
30926303,6945,0,2,0,0,0,0,0,0,0,0,0
30929947,6946,0,2,0,0,0,0,0,0,0,0,0
30933591,6947,0,2,0,0,0,0,0,0,0,0,0
30937235,6948,0,2,0,0,0,0,0,0,0,0,0
30940879,6949,0,2,0,0,0,0,0,0,0,0,0
30944523,6950,0,2,0,0,0,0,0,0,0,0,0
30948167,6951,0,2,0,0,0,0,0,0,0,0,0
30951811,6952,0,2,0,0,0,0,0,0,0,0,0
30955455,6953,0,2,0,0,0,0,0,0,0,0,0
30959099,6954,0,2,0,0,0,0,0,0,0,0,0
30962743,6955,0,2,0,0,0,0,0,0,0,0,0
30966387,6956,0,2,0,0,0,0,0,0,0,0,0
30970031,6957,0,2,0,0,0,0,0,0,0,0,0
30973675,6958,0,2,0,0,0,0,0,0,0,0,0
30977319,6959,0,2,0,0,0,0,0,0,0,0,0
30980963,6960,0,2,0,0,0,0,0,0,0,0,0
30984608,6961,0,2,0,0,0,0,0,0,0,0,0
30988251,6962,0,2,0,0,0,0,0,0,0,0,0
30991895,6963,0,2,0,0,0,0,0,0,0,0,0
30995539,6964,0,2,0,0,0,0,0,0,0,0,0
30999183,6965,0,2,0,0,0,0,0,0,0,0,0
31002827,6966,0,2,0,0,0,0,0,0,0,0,0
31006471,6967,0,2,0,0,0,0,0,0,0,0,0
31010115,6968,0,2,0,0,0,0,0,0,0,0,0
31013759,6969,0,2,0,0,0,0,0,0,0,0,0
31017403,6970,0,2,0,0,0,0,0,0,0,0,0
31021048,6971,0,2,0,0,0,0,0,0,0,0,0
31024691,6972,0,2,0,0,0,0,0,0,0,0,0
31028335,6973,0,2,0,0,0,0,0,0,0,0,0
31031979,6974,0,2,0,0,0,0,0,0,0,0,0
31035623,6975,0,2,0,0,0,0,0,0,0,0,0
31039267,6976,0,2,0,0,0,0,0,0,0,0,0
31042911,6977,0,2,0,0,0,0,0,0,0,0,0
31046555,6978,0,2,0,0,0,0,0,0,0,0,0
31050199,6979,0,2,0,0,0,0,0,0,0,0,0
31053843,6980,0,2,0,0,0,0,0,0,0,0,0
31057488,6981,0,2,0,0,0,0,0,0,0,0,0
31061131,6982,0,2,0,0,0,0,0,0,0,0,0
31064775,6983,0,2,0,0,0,0,0,0,0,0,0
31068419,6984,0,2,0,0,0,0,0,0,0,0,0
31072063,6985,0,2,0,0,0,0,0,0,0,0,0
31075707,6986,0,2,0,0,0,0,0,0,0,0,0
31079351,6987,0,2,0,0,0,0,0,0,0,0,0
31082995,6988,0,2,0,0,0,0,0,0,0,0,0
31086639,6989,0,2,0,0,0,0,0,0,0,0,0
31090283,6990,0,2,0,0,0,0,0,0,0,0,0
31093928,6991,0,2,0,0,0,0,0,0,0,0,0
31097571,6992,0,2,0,0,0,0,0,0,0,0,0
31101215,6993,0,2,0,0,0,0,0,0,0,0,0
31104859,6994,0,2,0,0,0,0,0,0,0,0,0
31108503,6995,0,2,0,0,0,0,0,0,0,0,0
31112147,6996,0,2,0,0,0,0,0,0,0,0,0
31115791,6997,0,2,0,0,0,0,0,0,0,0,0
31119435,6998,0,2,0,0,0,0,0,0,0,0,0
31123079,6999,0,2,0,0,0,0,0,0,0,0,0
31126723,7000,0,2,0,0,0,0,0,0,0,0,0
31130368,7001,0,2,0,0,0,0,0,0,0,0,0
31134011,7002,0,2,0,0,0,0,0,0,0,0,0
31137655,7003,0,2,0,0,0,0,0,0,0,0,0
31141299,7004,0,2,0,0,0,0,0,0,0,0,0
31144943,7005,0,2,0,0,0,0,0,0,0,0,0
31148587,7006,0,2,0,0,0,0,0,0,0,0,0
31152231,7007,0,2,0,0,0,0,0,0,0,0,0
31155875,7008,0,2,0,0,0,0,0,0,0,0,0
31159519,7009,0,2,0,0,0,0,0,0,0,0,0
31163163,7010,0,2,0,0,0,0,0,0,0,0,0
31166808,7011,0,2,0,0,0,0,0,0,0,0,0
31170451,7012,0,2,0,0,0,0,0,0,0,0,0
31174095,7013,0,2,0,0,0,0,0,0,0,0,0
31177739,7014,0,2,0,0,0,0,0,0,0,0,0
31181383,7015,0,2,0,0,0,0,0,0,0,0,0
31185027,7016,0,2,0,0,0,0,0,0,0,0,0
31188671,7017,0,2,0,0,0,0,0,0,0,0,0
31192315,7018,0,2,0,0,0,0,0,0,0,0,0
31195959,7019,0,2,0,0,0,0,0,0,0,0,0
31199603,7020,0,2,0,0,0,0,0,0,0,0,0
31203248,7021,0,2,0,0,0,0,0,0,0,0,0
31206891,7022,0,2,0,0,0,0,0,0,0,0,0
31210535,7023,0,2,0,0,0,0,0,0,0,0,0
31214179,7024,0,2,0,0,0,0,0,0,0,0,0
31217823,7025,0,2,0,0,0,0,0,0,0,0,0
31221467,7026,0,2,0,0,0,0,0,0,0,0,0
31225112,7027,0,2,0,0,0,0,0,0,0,0,0
31228755,7028,0,2,0,0,0,0,0,0,0,0,0
31232399,7029,0,2,0,0,0,0,0,0,0,0,0
31236044,7030,0,2,0,0,0,0,0,0,0,0,0
31239688,7031,0,2,0,0,0,0,0,0,0,0,0
31243331,7032,0,2,0,0,0,0,0,0,0,0,0
31246975,7033,0,2,0,0,0,0,0,0,0,0,0
31250619,7034,0,2,0,0,0,0,0,0,0,0,0
31254263,7035,0,2,0,0,0,0,0,0,0,0,0
31257907,7036,0,2,0,0,0,0,0,0,0,0,0
31261551,7037,0,2,0,0,0,0,0,0,0,0,0
31302902,7038,0,2,0,0,0,0,0,0,0,0,0
31306534,7039,0,2,0,0,0,0,0,0,0,0,0
31310178,7040,0,2,0,0,0,0,0,0,0,0,0
31313823,7041,0,2,0,0,0,0,0,0,0,0,0
31317466,7042,0,2,0,0,0,0,0,0,0,0,0
31321110,7043,0,2,0,0,0,0,0,0,0,0,0
31324754,7044,0,2,0,0,0,0,0,0,0,0,0
31328398,7045,0,2,0,0,0,0,0,0,0,0,0
31332042,7046,0,2,0,0,0,0,0,0,0,0,0
31335686,7047,0,2,0,0,0,0,0,0,0,0,0
31339330,7048,0,2,0,0,0,0,0,0,0,0,0
31342974,7049,0,2,0,0,0,0,0,0,0,0,0
31346618,7050,0,2,0,0,0,0,0,0,0,0,0
31350263,7051,0,2,0,0,0,0,0,0,0,0,0
31353906,7052,0,2,0,0,0,0,0,0,0,0,0
31357550,7053,0,2,0,0,0,0,0,0,0,0,0
31361194,7054,0,2,0,0,0,0,0,0,0,0,0
31364838,7055,0,2,0,0,0,0,0,0,0,0,0
31368482,7056,0,2,0,0,0,0,0,0,0,0,0
31372126,7057,0,2,0,0,0,0,0,0,0,0,0
31375770,7058,0,2,0,0,0,0,0,0,0,0,0
31379414,7059,0,2,0,0,0,0,0,0,0,0,0
31383058,7060,0,2,0,0,0,0,0,0,0,0,0
31386703,7061,0,2,0,0,0,0,0,0,0,0,0
31390346,7062,0,2,0,0,0,0,0,0,0,0,0
31393990,7063,0,2,0,0,0,0,0,0,0,0,0
31397634,7064,0,2,0,0,0,0,0,0,0,0,0
31401278,7065,0,2,0,0,0,0,0,0,0,0,0
31404922,7066,0,2,0,0,0,0,0,0,0,0,0
31408566,7067,0,2,0,0,0,0,0,0,0,0,0
31412210,7068,0,2,0,0,0,0,0,0,0,0,0
31415854,7069,0,2,0,0,0,0,0,0,0,0,0
31419498,7070,0,2,0,0,0,0,0,0,0,0,0
31423143,7071,0,2,0,0,0,0,0,0,0,0,0
31426786,7072,0,2,0,0,0,0,0,0,0,0,0
31430430,7073,0,2,0,0,0,0,0,0,0,0,0
31434074,7074,0,2,0,0,0,0,0,0,0,0,0
31437718,7075,0,2,0,0,0,0,0,0,0,0,0
31441362,7076,0,2,0,0,0,0,0,0,0,0,0
31445006,7077,0,2,0,0,0,0,0,0,0,0,0
31448650,7078,0,2,0,0,0,0,0,0,0,0,0
31452294,7079,0,2,0,0,0,0,0,0,0,0,0
31455938,7080,0,2,0,0,0,0,0,0,0,0,0
31459583,7081,0,2,0,0,0,0,0,0,0,0,0
31463226,7082,0,2,0,0,0,0,0,0,0,0,0
31466870,7083,0,2,0,0,0,0,0,0,0,0,0
31470514,7084,0,2,0,0,0,0,0,0,0,0,0
31474158,7085,0,2,0,0,0,0,0,0,0,0,0
31477802,7086,0,2,0,0,0,0,0,0,0,0,0
31481446,7087,0,2,0,0,0,0,0,0,0,0,0
31485090,7088,0,2,0,0,0,0,0,0,0,0,0
31488734,7089,0,2,0,0,0,0,0,0,0,0,0
31492378,7090,0,2,0,0,0,0,0,0,0,0,0
31496023,7091,0,2,0,0,0,0,0,0,0,0,0
31499666,7092,0,2,0,0,0,0,0,0,0,0,0
31503310,7093,0,2,0,0,0,0,0,0,0,0,0
31506954,7094,0,2,0,0,0,0,0,0,0,0,0
31510598,7095,0,2,0,0,0,0,0,0,0,0,0
31514242,7096,0,2,0,0,0,0,0,0,0,0,0
31517886,7097,0,2,0,0,0,0,0,0,0,0,0
31521530,7098,0,2,0,0,0,0,0,0,0,0,0
31525174,7099,0,2,0,0,0,0,0,0,0,0,0
31528818,7100,0,2,0,0,0,0,0,0,0,0,0
31532463,7101,0,2,0,0,0,0,0,0,0,0,0
31536106,7102,0,2,0,0,0,0,0,0,0,0,0
31539750,7103,0,2,0,0,0,0,0,0,0,0,0
31543394,7104,0,2,0,0,0,0,0,0,0,0,0
31547038,7105,0,2,0,0,0,0,0,0,0,0,0
31550682,7106,0,2,0,0,0,0,0,0,0,0,0
31554326,7107,0,2,0,0,0,0,0,0,0,0,0
31557970,7108,0,2,0,0,0,0,0,0,0,0,0
31561614,7109,0,2,0,0,0,0,0,0,0,0,0
31565258,7110,0,2,0,0,0,0,0,0,0,0,0
31568903,7111,0,2,0,0,0,0,0,0,0,0,0
31572546,7112,0,2,0,0,0,0,0,0,0,0,0
31576190,7113,0,2,0,0,0,0,0,0,0,0,0
31579834,7114,0,2,0,0,0,0,0,0,0,0,0
31583478,7115,0,2,0,0,0,0,0,0,0,0,0
31587122,7116,0,2,0,0,0,0,0,0,0,0,0
31590766,7117,0,2,0,0,0,0,0,0,0,0,0
31594410,7118,0,2,0,0,0,0,0,0,0,0,0
31598054,7119,0,2,0,0,0,0,0,0,0,0,0
31601698,7120,0,2,0,0,0,0,0,0,0,0,0
31605343,7121,0,2,0,0,0,0,0,0,0,0,0
31608986,7122,0,2,0,0,0,0,0,0,0,0,0
31612630,7123,0,2,0,0,0,0,0,0,0,0,0
31616274,7124,0,2,0,0,0,0,0,0,0,0,0
31619918,7125,0,2,0,0,0,0,0,0,0,0,0
31623562,7126,0,2,0,0,0,0,0,0,0,0,0
31627206,7127,0,2,0,0,0,0,0,0,0,0,0
31630850,7128,0,2,0,0,0,0,0,0,0,0,0
31634494,7129,0,2,0,0,0,0,0,0,0,0,0
31638138,7130,0,2,0,0,0,0,0,0,0,0,0
31641783,7131,0,2,0,0,0,0,0,0,0,0,0
31645426,7132,0,2,0,0,0,0,0,0,0,0,0
31649070,7133,0,2,0,0,0,0,0,0,0,0,0
31652714,7134,0,2,0,0,0,0,0,0,0,0,0
31656358,7135,0,2,0,0,0,0,0,0,0,0,0
31660003,7136,0,2,0,0,0,0,0,0,0,0,0
31663646,7137,0,2,0,0,0,0,0,0,0,0,0
31667290,7138,0,2,0,0,0,0,0,0,0,0,0
31670934,7139,0,2,0,0,0,0,0,0,0,0,0
31674578,7140,0,2,0,0,0,0,0,0,0,0,0
31678223,7141,0,2,0,0,0,0,0,0,0,0,0
31681866,7142,0,2,0,0,0,0,0,0,0,0,0
31685510,7143,0,2,0,0,0,0,0,0,0,0,0
31689154,7144,0,2,0,0,0,0,0,0,0,0,0
31692798,7145,0,2,0,0,0,0,0,0,0,0,0
31696442,7146,0,2,0,0,0,0,0,0,0,0,0
31700086,7147,0,2,0,0,0,0,0,0,0,0,0
31703730,7148,0,2,0,0,0,0,0,0,0,0,0
31707374,7149,0,2,0,0,0,0,0,0,0,0,0
31711018,7150,0,2,0,0,0,0,0,0,0,0,0
31714663,7151,0,2,0,0,0,0,0,0,0,0,0
31718306,7152,0,2,0,0,0,0,0,0,0,0,0
31721950,7153,0,2,0,0,0,0,0,0,0,0,0
31725594,7154,0,2,0,0,0,0,0,0,0,0,0
31729238,7155,0,2,0,0,0,0,0,0,0,0,0
31732882,7156,0,2,0,0,0,0,0,0,0,0,0
31736526,7157,0,2,0,0,0,0,0,0,0,0,0
31740170,7158,0,2,0,0,0,0,0,0,0,0,0
31743814,7159,0,2,0,0,0,0,0,0,0,0,0
31747458,7160,0,2,0,0,0,0,0,0,0,0,0
31751103,7161,0,2,0,0,0,0,0,0,0,0,0
31754746,7162,0,2,0,0,0,0,0,0,0,0,0
31758390,7163,0,2,0,0,0,0,0,0,0,0,0
31762034,7164,0,2,0,0,0,0,0,0,0,0,0
31765678,7165,0,2,0,0,0,0,0,0,0,0,0
31769322,7166,0,2,0,0,0,0,0,0,0,0,0
31772966,7167,0,2,0,0,0,0,0,0,0,0,0
31776610,7168,0,2,0,0,0,0,0,0,0,0,0
31780254,7169,0,2,0,0,0,0,0,0,0,0,0
31783898,7170,0,2,0,0,0,0,0,0,0,0,0
31787543,7171,0,2,0,0,0,0,0,0,0,0,0
31791186,7172,0,2,0,0,0,0,0,0,0,0,0
31794830,7173,0,2,0,0,0,0,0,0,0,0,0
31798474,7174,0,2,0,0,0,0,0,0,0,0,0
31802118,7175,0,2,0,0,0,0,0,0,0,0,0
31805762,7176,0,2,0,0,0,0,0,0,0,0,0
31809406,7177,0,2,0,0,0,0,0,0,0,0,0
31813050,7178,0,2,0,0,0,0,0,0,0,0,0
31816694,7179,0,2,0,0,0,0,0,0,0,0,0
31820338,7180,0,2,0,0,0,0,0,0,0,0,0
31823983,7181,0,2,0,0,0,0,0,0,0,0,0
31827626,7182,0,2,0,0,0,0,0,0,0,0,0
31831270,7183,0,2,0,0,0,0,0,0,0,0,0
31834914,7184,0,2,0,0,0,0,0,0,0,0,0
31838558,7185,0,2,0,0,0,0,0,0,0,0,0
31842202,7186,0,2,0,0,0,0,0,0,0,0,0
31845846,7187,0,2,0,0,0,0,0,0,0,0,0
31849490,7188,0,2,0,0,0,0,0,0,0,0,0
31853134,7189,0,2,0,0,0,0,0,0,0,0,0
31856778,7190,0,2,0,0,0,0,0,0,0,0,0
31860423,7191,0,2,0,0,0,0,0,0,0,0,0
31864066,7192,0,2,0,0,0,0,0,0,0,0,0
31867710,7193,0,2,0,0,0,0,0,0,0,0,0
31871354,7194,0,2,0,0,0,0,0,0,0,0,0
31874998,7195,0,2,0,0,0,0,0,0,0,0,0
31878642,7196,0,2,0,0,0,0,0,0,0,0,0
31882286,7197,0,2,0,0,0,0,0,0,0,0,0
31885930,7198,0,2,0,0,0,0,0,0,0,0,0
31889574,7199,0,2,0,0,0,0,0,0,0,0,0
31893218,7200,0,2,0,0,0,0,0,0,0,0,0
31896863,7201,0,2,0,0,0,0,0,0,0,0,0
31900506,7202,0,2,0,0,0,0,0,0,0,0,0
31904150,7203,0,2,0,0,0,0,0,0,0,0,0
31907794,7204,0,2,0,0,0,0,0,0,0,0,0
31911438,7205,0,2,0,0,0,0,0,0,0,0,0
31915082,7206,0,2,0,0,0,0,0,0,0,0,0
31918726,7207,0,2,0,0,0,0,0,0,0,0,0
31922370,7208,0,2,0,0,0,0,0,0,0,0,0
31926014,7209,0,2,0,0,0,0,0,0,0,0,0
31929658,7210,0,2,0,0,0,0,0,0,0,0,0
31933303,7211,0,2,0,0,0,0,0,0,0,0,0
31936946,7212,0,2,0,0,0,0,0,0,0,0,0
31940590,7213,0,2,0,0,0,0,0,0,0,0,0
31944234,7214,0,2,0,0,0,0,0,0,0,0,0
31947878,7215,0,2,0,0,0,0,0,0,0,0,0
31951522,7216,0,2,0,0,0,0,0,0,0,0,0
31955166,7217,0,2,0,0,0,0,0,0,0,0,0
31958810,7218,0,2,0,0,0,0,0,0,0,0,0
31962454,7219,0,2,0,0,0,0,0,0,0,0,0
31966098,7220,0,2,0,0,0,0,0,0,0,0,0
31969743,7221,0,2,0,0,0,0,0,0,0,0,0
31973386,7222,0,2,0,0,0,0,0,0,0,0,0
31977030,7223,0,2,0,0,0,0,0,0,0,0,0
31980674,7224,0,2,0,0,0,0,0,0,0,0,0
31984318,7225,0,2,0,0,0,0,0,0,0,0,0
31987962,7226,0,2,0,0,0,0,0,0,0,0,0
31991606,7227,0,2,0,0,0,0,0,0,0,0,0
31995250,7228,0,2,0,0,0,0,0,0,0,0,0
31998894,7229,0,2,0,0,0,0,0,0,0,0,0
32002538,7230,0,2,0,0,0,0,0,0,0,0,0
32006183,7231,0,2,0,0,0,0,0,0,0,0,0
32009826,7232,0,2,0,0,0,0,0,0,0,0,0
32013470,7233,0,2,0,0,0,0,0,0,0,0,0
32017114,7234,0,2,0,0,0,0,0,0,0,0,0
32020758,7235,0,2,0,0,0,0,0,0,0,0,0
32024402,7236,0,2,0,0,0,0,0,0,0,0,0
32028046,7237,0,2,0,0,0,0,0,0,0,0,0
32031690,7238,0,2,0,0,0,0,0,0,0,0,0
32035334,7239,0,2,0,0,0,0,0,0,0,0,0
32038978,7240,0,2,0,0,0,0,0,0,0,0,0
32042623,7241,0,2,0,0,0,0,0,0,0,0,0
32046266,7242,0,2,0,0,0,0,0,0,0,0,0
32049910,7243,0,2,0,0,0,0,0,0,0,0,0
32053554,7244,0,2,0,0,0,0,0,0,0,0,0
32057198,7245,0,2,0,0,0,0,0,0,0,0,0
32060842,7246,0,2,0,0,0,0,0,0,0,0,0
32064486,7247,0,2,0,0,0,0,0,0,0,0,0
32068130,7248,0,2,0,0,0,0,0,0,0,0,0
32071774,7249,0,2,0,0,0,0,0,0,0,0,0
32075418,7250,0,2,0,0,0,0,0,0,0,0,0
32079063,7251,0,2,0,0,0,0,0,0,0,0,0
32082706,7252,0,2,0,0,0,0,0,0,0,0,0
32086350,7253,0,2,0,0,0,0,0,0,0,0,0
32089994,7254,0,2,0,0,0,0,0,0,0,0,0
32093638,7255,0,2,0,0,0,0,0,0,0,0,0
32097282,7256,0,2,0,0,0,0,0,0,0,0,0
32100926,7257,0,2,0,0,0,0,0,0,0,0,0
32104570,7258,0,2,0,0,0,0,0,0,0,0,0
32108214,7259,0,2,0,0,0,0,0,0,0,0,0
32111858,7260,0,2,0,0,0,0,0,0,0,0,0
32115503,7261,0,2,0,0,0,0,0,0,0,0,0
32119146,7262,0,2,0,0,0,0,0,0,0,0,0
32122790,7263,0,2,0,0,0,0,0,0,0,0,0
32126434,7264,0,2,0,0,0,0,0,0,0,0,0
32135202,7265,0,2,0,0,0,0,0,0,0,0,0
32138834,7266,0,2,0,0,0,0,0,0,0,0,0
32142478,7267,0,2,0,0,0,0,0,0,0,0,0
32146122,7268,0,2,0,0,0,0,0,0,0,0,0
32149766,7269,0,2,0,0,0,0,0,0,0,0,0
32153410,7270,0,2,0,0,0,0,0,0,0,0,0
32157055,7271,0,2,0,0,0,0,0,0,0,0,0
32160698,7272,0,2,0,0,0,0,0,0,0,0,0
32164342,7273,0,2,0,0,0,0,0,0,0,0,0
32167986,7274,0,2,0,0,0,0,0,0,0,0,0
32171630,7275,0,2,0,0,0,0,0,0,0,0,0
32175274,7276,0,2,0,0,0,0,0,0,0,0,0
32178918,7277,0,2,0,0,0,0,0,0,0,0,0
32182562,7278,0,2,0,0,0,0,0,0,0,0,0
32186206,7279,0,2,0,0,0,0,0,0,0,0,0
32189850,7280,0,2,0,0,0,0,0,0,0,0,0
32193494,7281,0,2,0,0,0,0,0,0,0,0,0
32197138,7282,0,2,0,0,0,0,0,0,0,0,0
32200782,7283,0,2,0,0,0,0,0,0,0,0,0
32204426,7284,0,2,0,0,0,0,0,0,0,0,0
32208070,7285,0,2,0,0,0,0,0,0,0,0,0
32211714,7286,0,2,0,0,0,0,0,0,0,0,0
32215358,7287,0,2,0,0,0,0,0,0,0,0,0
32219003,7288,0,2,0,0,0,0,0,0,0,0,0
32222646,7289,0,2,0,0,0,0,0,0,0,0,0
32226290,7290,0,2,0,0,0,0,0,0,0,0,0
32229935,7291,0,2,0,0,0,0,0,0,0,0,0
32233578,7292,0,2,0,0,0,0,0,0,0,0,0
32237222,7293,0,2,0,0,0,0,0,0,0,0,0
32240866,7294,0,2,0,0,0,0,0,0,0,0,0
32244510,7295,0,2,0,0,0,0,0,0,0,0,0
32248154,7296,0,2,0,0,0,0,0,0,0,0,0
32251798,7297,0,2,0,0,0,0,0,0,0,0,0
32255442,7298,0,2,0,0,0,0,0,0,0,0,0
32259086,7299,0,2,0,0,0,0,0,0,0,0,0
32262730,7300,0,2,0,0,0,0,0,0,0,0,0
32266375,7301,0,2,0,0,0,0,0,0,0,0,0
32270019,7302,0,2,0,0,0,0,0,0,0,0,0
32273662,7303,0,2,0,0,0,0,0,0,0,0,0
32277306,7304,0,2,0,0,0,0,0,0,0,0,0
32280950,7305,0,2,0,0,0,0,0,0,0,0,0
32284594,7306,0,2,0,0,0,0,0,0,0,0,0
32288238,7307,0,2,0,0,0,0,0,0,0,0,0
32291882,7308,0,2,0,0,0,0,0,0,0,0,0
32295526,7309,0,2,0,0,0,0,0,0,0,0,0
32299170,7310,0,2,0,0,0,0,0,0,0,0,0
32302815,7311,0,2,0,0,0,0,0,0,0,0,0
32306458,7312,0,2,0,0,0,0,0,0,0,0,0
32310102,7313,0,2,0,0,0,0,0,0,0,0,0
32313746,7314,0,2,0,0,0,0,0,0,0,0,0
32317390,7315,0,2,0,0,0,0,0,0,0,0,0
32321034,7316,0,2,0,0,0,0,0,0,0,0,0
32324678,7317,0,2,0,0,0,0,0,0,0,0,0
32328322,7318,0,2,0,0,0,0,0,0,0,0,0
32331966,7319,0,2,0,0,0,0,0,0,0,0,0
32335610,7320,0,2,0,0,0,0,0,0,0,0,0
32339255,7321,0,2,0,0,0,0,0,0,0,0,0
32342898,7322,0,2,0,0,0,0,0,0,0,0,0
32346542,7323,0,2,0,0,0,0,0,0,0,0,0
32350186,7324,0,2,0,0,0,0,0,0,0,0,0
32353830,7325,0,2,0,0,0,0,0,0,0,0,0
32357474,7326,0,2,0,0,0,0,0,0,0,0,0
32361118,7327,0,2,0,0,0,0,0,0,0,0,0
32364762,7328,0,2,0,0,0,0,0,0,0,0,0
32368406,7329,0,2,0,0,0,0,0,0,0,0,0
32372050,7330,0,2,0,0,0,0,0,0,0,0,0
32375695,7331,0,2,0,0,0,0,0,0,0,0,0
32379338,7332,0,2,0,0,0,0,0,0,0,0,0
32382982,7333,0,2,0,0,0,0,0,0,0,0,0
32386626,7334,0,2,0,0,0,0,0,0,0,0,0
32390270,7335,0,2,0,0,0,0,0,0,0,0,0
32393914,7336,0,2,0,0,0,0,0,0,0,0,0
32397558,7337,0,2,0,0,0,0,0,0,0,0,0
32401202,7338,0,2,0,0,0,0,0,0,0,0,0
32404846,7339,0,2,0,0,0,0,0,0,0,0,0
32408490,7340,0,2,0,0,0,0,0,0,0,0,0
32412135,7341,0,2,0,0,0,0,0,0,0,0,0
32415778,7342,0,2,0,0,0,0,0,0,0,0,0
32419422,7343,0,2,0,0,0,0,0,0,0,0,0
32423066,7344,0,2,0,0,0,0,0,0,0,0,0
32426710,7345,0,2,0,0,0,0,0,0,0,0,0
32430354,7346,0,2,0,0,0,0,0,0,0,0,0
32433998,7347,0,2,0,0,0,0,0,0,0,0,0
32437642,7348,0,2,0,0,0,0,0,0,0,0,0
32441286,7349,0,2,0,0,0,0,0,0,0,0,0
32444930,7350,0,2,0,0,0,0,0,0,0,0,0
32448575,7351,0,2,0,0,0,0,0,0,0,0,0
32452218,7352,0,2,0,0,0,0,0,0,0,0,0
32455862,7353,0,2,0,0,0,0,0,0,0,0,0
32459506,7354,0,2,0,0,0,0,0,0,0,0,0
32463150,7355,0,2,0,0,0,0,0,0,0,0,0
32466794,7356,0,2,0,0,0,0,0,0,0,0,0
32470438,7357,0,2,0,0,0,0,0,0,0,0,0
32474082,7358,0,2,0,0,0,0,0,0,0,0,0
32477726,7359,0,2,0,0,0,0,0,0,0,0,0
32481370,7360,0,2,0,0,0,0,0,0,0,0,0
32485015,7361,0,2,0,0,0,0,0,0,0,0,0
32488658,7362,0,2,0,0,0,0,0,0,0,0,0
32492302,7363,0,2,0,0,0,0,0,0,0,0,0
32495946,7364,0,2,0,0,0,0,0,0,0,0,0
32499590,7365,0,2,0,0,0,0,0,0,0,0,0
32503234,7366,0,2,0,0,0,0,0,0,0,0,0
32506878,7367,0,2,0,0,0,0,0,0,0,0,0
32510522,7368,0,2,0,0,0,0,0,0,0,0,0
32514166,7369,0,2,0,0,0,0,0,0,0,0,0
32517810,7370,0,2,0,0,0,0,0,0,0,0,0
32521455,7371,0,2,0,0,0,0,0,0,0,0,0
32525098,7372,0,2,0,0,0,0,0,0,0,0,0
32528742,7373,0,2,0,0,0,0,0,0,0,0,0
32532386,7374,0,2,0,0,0,0,0,0,0,0,0
32536030,7375,0,2,0,0,0,0,0,0,0,0,0
32539674,7376,0,2,0,0,0,0,0,0,0,0,0
32543318,7377,0,2,0,0,0,0,0,0,0,0,0
32546962,7378,0,2,0,0,0,0,0,0,0,0,0
32550606,7379,0,2,0,0,0,0,0,0,0,0,0
32554250,7380,0,2,0,0,0,0,0,0,0,0,0
32557895,7381,0,2,0,0,0,0,0,0,0,0,0
32561538,7382,0,2,0,0,0,0,0,0,0,0,0
32565182,7383,0,2,0,0,0,0,0,0,0,0,0
32568826,7384,0,2,0,0,0,0,0,0,0,0,0
32572470,7385,0,2,0,0,0,0,0,0,0,0,0
32576114,7386,0,2,0,0,0,0,0,0,0,0,0
32579758,7387,0,2,0,0,0,0,0,0,0,0,0
32583402,7388,0,2,0,0,0,0,0,0,0,0,0
32587046,7389,0,2,0,0,0,0,0,0,0,0,0
32590690,7390,0,2,0,0,0,0,0,0,0,0,0
32594335,7391,0,2,0,0,0,0,0,0,0,0,0
32597978,7392,0,2,0,0,0,0,0,0,0,0,0
32601622,7393,0,2,0,0,0,0,0,0,0,0,0
32605266,7394,0,2,0,0,0,0,0,0,0,0,0
32608910,7395,0,2,0,0,0,0,0,0,0,0,0
32612554,7396,0,2,0,0,0,0,0,0,0,0,0
32616198,7397,0,2,0,0,0,0,0,0,0,0,0
32619842,7398,0,2,0,0,0,0,0,0,0,0,0
32623486,7399,0,2,0,0,0,0,0,0,0,0,0
32627130,7400,0,2,0,0,0,0,0,0,0,0,0
32630775,7401,0,2,0,0,0,0,0,0,0,0,0
32634418,7402,0,2,0,0,0,0,0,0,0,0,0
32638062,7403,0,2,0,0,0,0,0,0,0,0,0
32641706,7404,0,2,0,0,0,0,0,0,0,0,0
32645350,7405,0,2,0,0,0,0,0,0,0,0,0
32648994,7406,0,2,0,0,0,0,0,0,0,0,0
32652638,7407,0,2,0,0,0,0,0,0,0,0,0
32656282,7408,0,2,0,0,0,0,0,0,0,0,0
32659926,7409,0,2,0,0,0,0,0,0,0,0,0
32663570,7410,0,2,0,0,0,0,0,0,0,0,0
32667215,7411,0,2,0,0,0,0,0,0,0,0,0
32670858,7412,0,2,0,0,0,0,0,0,0,0,0
32674502,7413,0,2,0,0,0,0,0,0,0,0,0
32678146,7414,0,2,0,0,0,0,0,0,0,0,0
32681790,7415,0,2,0,0,0,0,0,0,0,0,0
32685434,7416,0,2,0,0,0,0,0,0,0,0,0
32689079,7417,0,2,0,0,0,0,0,0,0,0,0
32692722,7418,0,2,0,0,0,0,0,0,0,0,0
32696366,7419,0,2,0,0,0,0,0,0,0,0,0
32700011,7420,0,2,0,0,0,0,0,0,0,0,0
32703655,7421,0,2,0,0,0,0,0,0,0,0,0
32707298,7422,0,2,0,0,0,0,0,0,0,0,0
32710942,7423,0,2,0,0,0,0,0,0,0,0,0
32714586,7424,0,2,0,0,0,0,0,0,0,0,0
32718230,7425,0,2,0,0,0,0,0,0,0,0,0
32721874,7426,0,2,0,0,0,0,0,0,0,0,0
32725518,7427,0,2,0,0,0,0,0,0,0,0,0
32729162,7428,0,2,0,0,0,0,0,0,0,0,0
32732806,7429,0,2,0,0,0,0,0,0,0,0,0
32736450,7430,0,2,0,0,0,0,0,0,0,0,0
32740095,7431,0,2,0,0,0,0,0,0,0,0,0
32743738,7432,0,2,0,0,0,0,0,0,0,0,0
32747382,7433,0,2,0,0,0,0,0,0,0,0,0
32751026,7434,0,2,0,0,0,0,0,0,0,0,0
32754670,7435,0,2,0,0,0,0,0,0,0,0,0
32758314,7436,0,2,0,0,0,0,0,0,0,0,0
32761958,7437,0,2,0,0,0,0,0,0,0,0,0
32765602,7438,0,2,0,0,0,0,0,0,0,0,0
32769246,7439,0,2,0,0,0,0,0,0,0,0,0
32772890,7440,0,2,0,0,0,0,0,0,0,0,0
32776535,7441,0,2,0,0,0,0,0,0,0,0,0
32780178,7442,0,2,0,0,0,0,0,0,0,0,0
32783822,7443,0,2,0,0,0,0,0,0,0,0,0
32787466,7444,0,2,0,0,0,0,0,0,0,0,0
32791110,7445,0,2,0,0,0,0,0,0,0,0,0
32794754,7446,0,2,0,0,0,0,0,0,0,0,0
32798398,7447,0,2,0,0,0,0,0,0,0,0,0
32802042,7448,0,2,0,0,0,0,0,0,0,0,0
32805686,7449,0,2,0,0,0,0,0,0,0,0,0
32809330,7450,0,2,0,0,0,0,0,0,0,0,0
32812975,7451,0,2,0,0,0,0,0,0,0,0,0
32816618,7452,0,2,0,0,0,0,0,0,0,0,0
32820262,7453,0,2,0,0,0,0,0,0,0,0,0
32823906,7454,0,2,0,0,0,0,0,0,0,0,0
32827550,7455,0,2,0,0,0,0,0,0,0,0,0
32831194,7456,0,2,0,0,0,0,0,0,0,0,0
32834838,7457,0,2,0,0,0,0,0,0,0,0,0
32838482,7458,0,2,0,0,0,0,0,0,0,0,0
32842126,7459,0,2,0,0,0,0,0,0,0,0,0
32845770,7460,0,2,0,0,0,0,0,0,0,0,0
32849415,7461,0,2,0,0,0,0,0,0,0,0,0
32853058,7462,0,2,0,0,0,0,0,0,0,0,0
32856702,7463,0,2,0,0,0,0,0,0,0,0,0
32860346,7464,0,2,0,0,0,0,0,0,0,0,0
32863990,7465,0,2,0,0,0,0,0,0,0,0,0
32867634,7466,0,2,0,0,0,0,0,0,0,0,0
32871278,7467,0,2,0,0,0,0,0,0,0,0,0
32874922,7468,0,2,0,0,0,0,0,0,0,0,0
32878566,7469,0,2,0,0,0,0,0,0,0,0,0
32882210,7470,0,2,0,0,0,0,0,0,0,0,0
32885855,7471,0,2,0,0,0,0,0,0,0,0,0
32889498,7472,0,2,0,0,0,0,0,0,0,0,0
32893142,7473,0,2,0,0,0,0,0,0,0,0,0
32896786,7474,0,2,0,0,0,0,0,0,0,0,0
32900430,7475,0,2,0,0,0,0,0,0,0,0,0
32904074,7476,0,2,0,0,0,0,0,0,0,0,0
32907718,7477,0,2,0,0,0,0,0,0,0,0,0
32911362,7478,0,2,0,0,0,0,0,0,0,0,0
32915006,7479,0,2,0,0,0,0,0,0,0,0,0
32918650,7480,0,2,0,0,0,0,0,0,0,0,0
32922295,7481,0,2,0,0,0,0,0,0,0,0,0
32925938,7482,0,2,0,0,0,0,0,0,0,0,0
32929582,7483,0,2,0,0,0,0,0,0,0,0,0
32933226,7484,0,2,0,0,0,0,0,0,0,0,0
32936870,7485,0,2,0,0,0,0,0,0,0,0,0
32940514,7486,0,2,0,0,0,0,0,0,0,0,0
32944158,7487,0,2,0,0,0,0,0,0,0,0,0
32947802,7488,0,2,0,0,0,0,0,0,0,0,0
32951446,7489,0,2,0,0,0,0,0,0,0,0,0
32955090,7490,0,2,0,0,0,0,0,0,0,0,0
32958735,7491,0,2,0,0,0,0,0,0,0,0,0
32969408,7492,0,2,0,0,0,0,0,0,0,0,0
32973040,7493,0,2,0,0,0,0,0,0,0,0,0
32976684,7494,0,2,0,0,0,0,0,0,0,0,0
32980328,7495,0,2,0,0,0,0,0,0,0,0,0
32983972,7496,0,2,0,0,0,0,0,0,0,0,0
32987616,7497,0,2,0,0,0,0,0,0,0,0,0
32991260,7498,0,2,0,0,0,0,0,0,0,0,0
32994904,7499,0,2,0,0,0,0,0,0,0,0,0
32998548,7500,0,2,0,0,0,0,0,0,0,0,0
33002193,7501,0,2,0,0,0,0,0,0,0,0,0
33005836,7502,0,2,0,0,0,0,0,0,0,0,0
33009480,7503,0,2,0,0,0,0,0,0,0,0,0
33013124,7504,0,2,0,0,0,0,0,0,0,0,0
33016768,7505,0,2,0,0,0,0,0,0,0,0,0
33020412,7506,0,2,0,0,0,0,0,0,0,0,0
33024056,7507,0,2,0,0,0,0,0,0,0,0,0
33027700,7508,0,2,0,0,0,0,0,0,0,0,0
33031344,7509,0,2,0,0,0,0,0,0,0,0,0
33034988,7510,0,2,0,0,0,0,0,0,0,0,0
33038633,7511,0,2,0,0,0,0,0,0,0,0,0
33042276,7512,0,2,0,0,0,0,0,0,0,0,0
33045920,7513,0,2,0,0,0,0,0,0,0,0,0
33049564,7514,0,2,0,0,0,0,0,0,0,0,0
33053208,7515,0,2,0,0,0,0,0,0,0,0,0
33056852,7516,0,2,0,0,0,0,0,0,0,0,0
33060496,7517,0,2,0,0,0,0,0,0,0,0,0
33064140,7518,0,2,0,0,0,0,0,0,0,0,0
33067784,7519,0,2,0,0,0,0,0,0,0,0,0
33071428,7520,0,2,0,0,0,0,0,0,0,0,0
33075073,7521,0,2,0,0,0,0,0,0,0,0,0
33078716,7522,0,2,0,0,0,0,0,0,0,0,0
33082360,7523,0,2,0,0,0,0,0,0,0,0,0
33086005,7524,0,2,0,0,0,0,0,0,0,0,0
33089648,7525,0,2,0,0,0,0,0,0,0,0,0
33093292,7526,0,2,0,0,0,0,0,0,0,0,0
33096936,7527,0,2,0,0,0,0,0,0,0,0,0
33100580,7528,0,2,0,0,0,0,0,0,0,0,0
33104224,7529,0,2,0,0,0,0,0,0,0,0,0
33107868,7530,0,2,0,0,0,0,0,0,0,0,0
33111513,7531,0,2,0,0,0,0,0,0,0,0,0
33115157,7532,0,2,0,0,0,0,0,0,0,0,0
33118800,7533,0,2,0,0,0,0,0,0,0,0,0
33122444,7534,0,2,0,0,0,0,0,0,0,0,0
33126088,7535,0,2,0,0,0,0,0,0,0,0,0
33129732,7536,0,2,0,0,0,0,0,0,0,0,0
33133376,7537,0,2,0,0,0,0,0,0,0,0,0
33137020,7538,0,2,0,0,0,0,0,0,0,0,0
33140664,7539,0,2,0,0,0,0,0,0,0,0,0
33144308,7540,0,2,0,0,0,0,0,0,0,0,0
33147953,7541,0,2,0,0,0,0,0,0,0,0,0
33151596,7542,0,2,0,0,0,0,0,0,0,0,0
33155240,7543,0,2,0,0,0,0,0,0,0,0,0
33158884,7544,0,2,0,0,0,0,0,0,0,0,0
33162528,7545,0,2,0,0,0,0,0,0,0,0,0
33166172,7546,0,2,0,0,0,0,0,0,0,0,0
33169816,7547,0,2,0,0,0,0,0,0,0,0,0
33173460,7548,0,2,0,0,0,0,0,0,0,0,0
33177104,7549,0,2,0,0,0,0,0,0,0,0,0
33180748,7550,0,2,0,0,0,0,0,0,0,0,0
33184393,7551,0,2,0,0,0,0,0,0,0,0,0
33188036,7552,0,2,0,0,0,0,0,0,0,0,0
33191680,7553,0,2,0,0,0,0,0,0,0,0,0
33195324,7554,0,2,0,0,0,0,0,0,0,0,0
33198968,7555,0,2,0,0,0,0,0,0,0,0,0
33202612,7556,0,2,0,0,0,0,0,0,0,0,0
33206256,7557,0,2,0,0,0,0,0,0,0,0,0
33209900,7558,0,2,0,0,0,0,0,0,0,0,0
33213544,7559,0,2,0,0,0,0,0,0,0,0,0
33217188,7560,0,2,0,0,0,0,0,0,0,0,0
33220833,7561,0,2,0,0,0,0,0,0,0,0,0
33224476,7562,0,2,0,0,0,0,0,0,0,0,0
33228120,7563,0,2,0,0,0,0,0,0,0,0,0
33231764,7564,0,2,0,0,0,0,0,0,0,0,0
33235408,7565,0,2,0,0,0,0,0,0,0,0,0
33239053,7566,0,2,0,0,0,0,0,0,0,0,0
33242696,7567,0,2,0,0,0,0,0,0,0,0,0
33246340,7568,0,2,0,0,0,0,0,0,0,0,0
33249984,7569,0,2,0,0,0,0,0,0,0,0,0
33253628,7570,0,2,0,0,0,0,0,0,0,0,0
33257273,7571,0,2,0,0,0,0,0,0,0,0,0
33260916,7572,0,2,0,0,0,0,0,0,0,0,0
33264560,7573,0,2,0,0,0,0,0,0,0,0,0
33268204,7574,0,2,0,0,0,0,0,0,0,0,0
33271848,7575,0,2,0,0,0,0,0,0,0,0,0
33275492,7576,0,2,0,0,0,0,0,0,0,0,0
33279136,7577,0,2,0,0,0,0,0,0,0,0,0
33282780,7578,0,2,0,0,0,0,0,0,0,0,0
33286424,7579,0,2,0,0,0,0,0,0,0,0,0
33290068,7580,0,2,0,0,0,0,0,0,0,0,0
33293713,7581,0,2,0,0,0,0,0,0,0,0,0
33297356,7582,0,2,0,0,0,0,0,0,0,0,0
33301000,7583,0,2,0,0,0,0,0,0,0,0,0
33304644,7584,0,2,0,0,0,0,0,0,0,0,0
33308288,7585,0,2,0,0,0,0,0,0,0,0,0
33311932,7586,0,2,0,0,0,0,0,0,0,0,0
33315576,7587,0,2,0,0,0,0,0,0,0,0,0
33319220,7588,0,2,0,0,0,0,0,0,0,0,0
33322864,7589,0,2,0,0,0,0,0,0,0,0,0
33326508,7590,0,2,0,0,0,0,0,0,0,0,0
33330153,7591,0,2,0,0,0,0,0,0,0,0,0
33333796,7592,0,2,0,0,0,0,0,0,0,0,0
33337440,7593,0,2,0,0,0,0,0,0,0,0,0
33341084,7594,0,2,0,0,0,0,0,0,0,0,0
33344728,7595,0,2,0,0,0,0,0,0,0,0,0
33348372,7596,0,2,0,0,0,0,0,0,0,0,0
33352016,7597,0,2,0,0,0,0,0,0,0,0,0
33355660,7598,0,2,0,0,0,0,0,0,0,0,0
33359304,7599,0,2,0,0,0,0,0,0,0,0,0
33362948,7600,0,2,0,0,0,0,0,0,0,0,0
33366593,7601,0,2,0,0,0,0,0,0,0,0,0
33370236,7602,0,2,0,0,0,0,0,0,0,0,0
33373880,7603,0,2,0,0,0,0,0,0,0,0,0
33377524,7604,0,2,0,0,0,0,0,0,0,0,0
33381168,7605,0,2,0,0,0,0,0,0,0,0,0
33384812,7606,0,2,0,0,0,0,0,0,0,0,0
33388456,7607,0,2,0,0,0,0,0,0,0,0,0
33392100,7608,0,2,0,0,0,0,0,0,0,0,0
33395744,7609,0,2,0,0,0,0,0,0,0,0,0
33399388,7610,0,2,0,0,0,0,0,0,0,0,0
33403033,7611,0,2,0,0,0,0,0,0,0,0,0
33406676,7612,0,2,0,0,0,0,0,0,0,0,0
33410320,7613,0,2,0,0,0,0,0,0,0,0,0
33413964,7614,0,2,0,0,0,0,0,0,0,0,0
33417608,7615,0,2,0,0,0,0,0,0,0,0,0
33421252,7616,0,2,0,0,0,0,0,0,0,0,0
33424896,7617,0,2,0,0,0,0,0,0,0,0,0
33428540,7618,0,2,0,0,0,0,0,0,0,0,0
33432184,7619,0,2,0,0,0,0,0,0,0,0,0
33435828,7620,0,2,0,0,0,0,0,0,0,0,0
33439473,7621,0,2,0,0,0,0,0,0,0,0,0
33443116,7622,0,2,0,0,0,0,0,0,0,0,0
33446760,7623,0,2,0,0,0,0,0,0,0,0,0
33450404,7624,0,2,0,0,0,0,0,0,0,0,0
33454048,7625,0,2,0,0,0,0,0,0,0,0,0
33457692,7626,0,2,0,0,0,0,0,0,0,0,0
33461336,7627,0,2,0,0,0,0,0,0,0,0,0
33464980,7628,0,2,0,0,0,0,0,0,0,0,0
33468624,7629,0,2,0,0,0,0,0,0,0,0,0
33472268,7630,0,2,0,0,0,0,0,0,0,0,0
33475913,7631,0,2,0,0,0,0,0,0,0,0,0
33479556,7632,0,2,0,0,0,0,0,0,0,0,0
33483200,7633,0,2,0,0,0,0,0,0,0,0,0
33486844,7634,0,2,0,0,0,0,0,0,0,0,0
33490488,7635,0,2,0,0,0,0,0,0,0,0,0
33494132,7636,0,2,0,0,0,0,0,0,0,0,0
33497776,7637,0,2,0,0,0,0,0,0,0,0,0
33501420,7638,0,2,0,0,0,0,0,0,0,0,0
33505064,7639,0,2,0,0,0,0,0,0,0,0,0
33508708,7640,0,2,0,0,0,0,0,0,0,0,0
33512353,7641,0,2,0,0,0,0,0,0,0,0,0
33515996,7642,0,2,0,0,0,0,0,0,0,0,0
33519640,7643,0,2,0,0,0,0,0,0,0,0,0
33523284,7644,0,2,0,0,0,0,0,0,0,0,0
33526928,7645,0,2,0,0,0,0,0,0,0,0,0
33530572,7646,0,2,0,0,0,0,0,0,0,0,0
33534216,7647,0,2,0,0,0,0,0,0,0,0,0
33537860,7648,0,2,0,0,0,0,0,0,0,0,0
33541504,7649,0,2,0,0,0,0,0,0,0,0,0
33545148,7650,0,2,0,0,0,0,0,0,0,0,0
33548793,7651,0,2,0,0,0,0,0,0,0,0,0
33552436,7652,0,2,0,0,0,0,0,0,0,0,0
33556080,7653,0,2,0,0,0,0,0,0,0,0,0
33559724,7654,0,2,0,0,0,0,0,0,0,0,0
33563368,7655,0,2,0,0,0,0,0,0,0,0,0
33567013,7656,0,2,0,0,0,0,0,0,0,0,0
33570656,7657,0,2,0,0,0,0,0,0,0,0,0
33574300,7658,0,2,0,0,0,0,0,0,0,0,0
33577944,7659,0,2,0,0,0,0,0,0,0,0,0
33581588,7660,0,2,0,0,0,0,0,0,0,0,0
33585233,7661,0,2,0,0,0,0,0,0,0,0,0
33588876,7662,0,2,0,0,0,0,0,0,0,0,0
33592520,7663,0,2,0,0,0,0,0,0,0,0,0
33596164,7664,0,2,0,0,0,0,0,0,0,0,0
33599808,7665,0,2,0,0,0,0,0,0,0,0,0
33603452,7666,0,2,0,0,0,0,0,0,0,0,0
33607096,7667,0,2,0,0,0,0,0,0,0,0,0
33610740,7668,0,2,0,0,0,0,0,0,0,0,0
33614384,7669,0,2,0,0,0,0,0,0,0,0,0
33618028,7670,0,2,0,0,0,0,0,0,0,0,0
33621673,7671,0,2,0,0,0,0,0,0,0,0,0
33625316,7672,0,2,0,0,0,0,0,0,0,0,0
33628960,7673,0,2,0,0,0,0,0,0,0,0,0
33632604,7674,0,2,0,0,0,0,0,0,0,0,0
33636248,7675,0,2,0,0,0,0,0,0,0,0,0
33639892,7676,0,2,0,0,0,0,0,0,0,0,0
33643536,7677,0,2,0,0,0,0,0,0,0,0,0
33647180,7678,0,2,0,0,0,0,0,0,0,0,0
33650824,7679,0,2,0,0,0,0,0,0,0,0,0
33654468,7680,0,2,0,0,0,0,0,0,0,0,0
33658113,7681,0,2,0,0,0,0,0,0,0,0,0
33661756,7682,0,2,0,0,0,0,0,0,0,0,0
33665400,7683,0,2,0,0,0,0,0,0,0,0,0
33669044,7684,0,2,0,0,0,0,0,0,0,0,0
33672688,7685,0,2,0,0,0,0,0,0,0,0,0
33676332,7686,0,2,0,0,0,0,0,0,0,0,0
33679976,7687,0,2,0,0,0,0,0,0,0,0,0
33683620,7688,0,2,0,0,0,0,0,0,0,0,0
33687264,7689,0,2,0,0,0,0,0,0,0,0,0
33690908,7690,0,2,0,0,0,0,0,0,0,0,0
33694553,7691,0,2,0,0,0,0,0,0,0,0,0
33698196,7692,0,2,0,0,0,0,0,0,0,0,0
33701840,7693,0,2,0,0,0,0,0,0,0,0,0
33705484,7694,0,2,0,0,0,0,0,0,0,0,0
33709128,7695,0,2,0,0,0,0,0,0,0,0,0
33712772,7696,0,2,0,0,0,0,0,0,0,0,0
33716416,7697,0,2,0,0,0,0,0,0,0,0,0
33720060,7698,0,2,0,0,0,0,0,0,0,0,0
33723704,7699,0,2,0,0,0,0,0,0,0,0,0
33727348,7700,0,2,0,0,0,0,0,0,0,0,0
33730993,7701,0,2,0,0,0,0,0,0,0,0,0
33734636,7702,0,2,0,0,0,0,0,0,0,0,0
33738280,7703,0,2,0,0,0,0,0,0,0,0,0
33741924,7704,0,2,0,0,0,0,0,0,0,0,0
33745568,7705,0,2,0,0,0,0,0,0,0,0,0
33749212,7706,0,2,0,0,0,0,0,0,0,0,0
33752856,7707,0,2,0,0,0,0,0,0,0,0,0
33756500,7708,0,2,0,0,0,0,0,0,0,0,0
33760144,7709,0,2,0,0,0,0,0,0,0,0,0
33763788,7710,0,2,0,0,0,0,0,0,0,0,0
33767433,7711,0,2,0,0,0,0,0,0,0,0,0
33771076,7712,0,2,0,0,0,0,0,0,0,0,0
33774720,7713,0,2,0,0,0,0,0,0,0,0,0
33778364,7714,0,2,0,0,0,0,0,0,0,0,0
33782009,7715,0,2,0,0,0,0,0,0,0,0,0
33785652,7716,0,2,0,0,0,0,0,0,0,0,0
33789296,7717,0,2,0,0,0,0,0,0,0,0,0
33792940,7718,0,2,0,0,0,0,0,0,0,0,0
33801404,7719,0,2,0,0,0,0,0,0,0,0,0
33805036,7720,0,2,0,0,0,0,0,0,0,0,0
33808681,7721,0,2,0,0,0,0,0,0,0,0,0
33812324,7722,0,2,0,0,0,0,0,0,0,0,0
33815968,7723,0,2,0,0,0,0,0,0,0,0,0
33819612,7724,0,2,0,0,0,0,0,0,0,0,0
33823256,7725,0,2,0,0,0,0,0,0,0,0,0
33826900,7726,0,2,0,0,0,0,0,0,0,0,0
33830544,7727,0,2,0,0,0,0,0,0,0,0,0
33834188,7728,0,2,0,0,0,0,0,0,0,0,0
33837832,7729,0,2,0,0,0,0,0,0,0,0,0
33841476,7730,0,2,0,0,0,0,0,0,0,0,0
33845121,7731,0,2,0,0,0,0,0,0,0,0,0
33848764,7732,0,2,0,0,0,0,0,0,0,0,0
33852408,7733,0,2,0,0,0,0,0,0,0,0,0
33856053,7734,0,2,0,0,0,0,0,0,0,0,0
33859696,7735,0,2,0,0,0,0,0,0,0,0,0
33863340,7736,0,2,0,0,0,0,0,0,0,0,0
33866984,7737,0,2,0,0,0,0,0,0,0,0,0
33870628,7738,0,2,0,0,0,0,0,0,0,0,0
33874272,7739,0,2,0,0,0,0,0,0,0,0,0
33877916,7740,0,2,0,0,0,0,0,0,0,0,0
33881561,7741,0,2,0,0,0,0,0,0,0,0,0
33885204,7742,0,2,0,0,0,0,0,0,0,0,0
33888848,7743,0,2,0,0,0,0,0,0,0,0,0
33892492,7744,0,2,0,0,0,0,0,0,0,0,0
33896136,7745,0,2,0,0,0,0,0,0,0,0,0
33899780,7746,0,2,0,0,0,0,0,0,0,0,0
33903424,7747,0,2,0,0,0,0,0,0,0,0,0
33907068,7748,0,2,0,0,0,0,0,0,0,0,0
33910712,7749,0,2,0,0,0,0,0,0,0,0,0
33914356,7750,0,2,0,0,0,0,0,0,0,0,0
33918001,7751,0,2,0,0,0,0,0,0,0,0,0
33921644,7752,0,2,0,0,0,0,0,0,0,0,0
33925288,7753,0,2,0,0,0,0,0,0,0,0,0
33928932,7754,0,2,0,0,0,0,0,0,0,0,0
33932576,7755,0,2,0,0,0,0,0,0,0,0,0
33936220,7756,0,2,0,0,0,0,0,0,0,0,0
33939864,7757,0,2,0,0,0,0,0,0,0,0,0
33943508,7758,0,2,0,0,0,0,0,0,0,0,0
33947152,7759,0,2,0,0,0,0,0,0,0,0,0
33950796,7760,0,2,0,0,0,0,0,0,0,0,0
33954441,7761,0,2,0,0,0,0,0,0,0,0,0
33958084,7762,0,2,0,0,0,0,0,0,0,0,0
33961728,7763,0,2,0,0,0,0,0,0,0,0,0
33965372,7764,0,2,0,0,0,0,0,0,0,0,0
33969016,7765,0,2,0,0,0,0,0,0,0,0,0
33972660,7766,0,2,0,0,0,0,0,0,0,0,0
33976304,7767,0,2,0,0,0,0,0,0,0,0,0
33979948,7768,0,2,0,0,0,0,0,0,0,0,0
33983592,7769,0,2,0,0,0,0,0,0,0,0,0
33987236,7770,0,2,0,0,0,0,0,0,0,0,0
33990881,7771,0,2,0,0,0,0,0,0,0,0,0
33994524,7772,0,2,0,0,0,0,0,0,0,0,0
33998168,7773,0,2,0,0,0,0,0,0,0,0,0
34001812,7774,0,2,0,0,0,0,0,0,0,0,0
34005456,7775,0,2,0,0,0,0,0,0,0,0,0
34009100,7776,0,2,0,0,0,0,0,0,0,0,0
34012744,7777,0,2,0,0,0,0,0,0,0,0,0
34016388,7778,0,2,0,0,0,0,0,0,0,0,0
34020032,7779,0,2,0,0,0,0,0,0,0,0,0
34023676,7780,0,2,0,0,0,0,0,0,0,0,0
34027321,7781,0,2,0,0,0,0,0,0,0,0,0
34030964,7782,0,2,0,0,0,0,0,0,0,0,0
34034608,7783,0,2,0,0,0,0,0,0,0,0,0
34038252,7784,0,2,0,0,0,0,0,0,0,0,0
34041896,7785,0,2,0,0,0,0,0,0,0,0,0
34045540,7786,0,2,0,0,0,0,0,0,0,0,0
34049184,7787,0,2,0,0,0,0,0,0,0,0,0
34052828,7788,0,2,0,0,0,0,0,0,0,0,0
34056472,7789,0,2,0,0,0,0,0,0,0,0,0
34060116,7790,0,2,0,0,0,0,0,0,0,0,0
34063761,7791,0,2,0,0,0,0,0,0,0,0,0
34067404,7792,0,2,0,0,0,0,0,0,0,0,0
34071048,7793,0,2,0,0,0,0,0,0,0,0,0
34074692,7794,0,2,0,0,0,0,0,0,0,0,0
34078336,7795,0,2,0,0,0,0,0,0,0,0,0
34081980,7796,0,2,0,0,0,0,0,0,0,0,0
34085624,7797,0,2,0,0,0,0,0,0,0,0,0
34089268,7798,0,2,0,0,0,0,0,0,0,0,0
34092912,7799,0,2,0,0,0,0,0,0,0,0,0
34096556,7800,0,2,0,0,0,0,0,0,0,0,0
34100201,7801,0,2,0,0,0,0,0,0,0,0,0
34103844,7802,0,2,0,0,0,0,0,0,0,0,0
34107488,7803,0,2,0,0,0,0,0,0,0,0,0
34111132,7804,0,2,0,0,0,0,0,0,0,0,0
34114776,7805,0,2,0,0,0,0,0,0,0,0,0
34118420,7806,0,2,0,0,0,0,0,0,0,0,0
34122064,7807,0,2,0,0,0,0,0,0,0,0,0
34125708,7808,0,2,0,0,0,0,0,0,0,0,0
34129352,7809,0,2,0,0,0,0,0,0,0,0,0
34132996,7810,0,2,0,0,0,0,0,0,0,0,0
34136641,7811,0,2,0,0,0,0,0,0,0,0,0
34140284,7812,0,2,0,0,0,0,0,0,0,0,0
34143928,7813,0,2,0,0,0,0,0,0,0,0,0
34147572,7814,0,2,0,0,0,0,0,0,0,0,0
34151216,7815,0,2,0,0,0,0,0,0,0,0,0
34154860,7816,0,2,0,0,0,0,0,0,0,0,0
34158504,7817,0,2,0,0,0,0,0,0,0,0,0
34162148,7818,0,2,0,0,0,0,0,0,0,0,0
34165792,7819,0,2,0,0,0,0,0,0,0,0,0
34169436,7820,0,2,0,0,0,0,0,0,0,0,0
34173081,7821,0,2,0,0,0,0,0,0,0,0,0
34176724,7822,0,2,0,0,0,0,0,0,0,0,0
34180368,7823,0,2,0,0,0,0,0,0,0,0,0
34184013,7824,0,2,0,0,0,0,0,0,0,0,0
34187656,7825,0,2,0,0,0,0,0,0,0,0,0
34191300,7826,0,2,0,0,0,0,0,0,0,0,0
34194944,7827,0,2,0,0,0,0,0,0,0,0,0
34198588,7828,0,2,0,0,0,0,0,0,0,0,0
34202232,7829,0,2,0,0,0,0,0,0,0,0,0
34205876,7830,0,2,0,0,0,0,0,0,0,0,0
34209521,7831,0,2,0,0,0,0,0,0,0,0,0
34213164,7832,0,2,0,0,0,0,0,0,0,0,0
34216808,7833,0,2,0,0,0,0,0,0,0,0,0
34220452,7834,0,2,0,0,0,0,0,0,0,0,0
34224096,7835,0,2,0,0,0,0,0,0,0,0,0
34227740,7836,0,2,0,0,0,0,0,0,0,0,0
34231384,7837,0,2,0,0,0,0,0,0,0,0,0
34235028,7838,0,2,0,0,0,0,0,0,0,0,0
34238672,7839,0,2,0,0,0,0,0,0,0,0,0
34242316,7840,0,2,0,0,0,0,0,0,0,0,0
34245961,7841,0,2,0,0,0,0,0,0,0,0,0
34249604,7842,0,2,0,0,0,0,0,0,0,0,0
34253248,7843,0,2,0,0,0,0,0,0,0,0,0
34256892,7844,0,2,0,0,0,0,0,0,0,0,0
34260536,7845,0,2,0,0,0,0,0,0,0,0,0
34264180,7846,0,2,0,0,0,0,0,0,0,0,0
34267824,7847,0,2,0,0,0,0,0,0,0,0,0
34271468,7848,0,2,0,0,0,0,0,0,0,0,0
34275112,7849,0,2,0,0,0,0,0,0,0,0,0
34278756,7850,0,2,0,0,0,0,0,0,0,0,0
34282401,7851,0,2,0,0,0,0,0,0,0,0,0
34286044,7852,0,2,0,0,0,0,0,0,0,0,0
34289688,7853,0,2,0,0,0,0,0,0,0,0,0
34293332,7854,0,2,0,0,0,0,0,0,0,0,0
34296976,7855,0,2,0,0,0,0,0,0,0,0,0
34300620,7856,0,2,0,0,0,0,0,0,0,0,0
34304264,7857,0,2,0,0,0,0,0,0,0,0,0
34307908,7858,0,2,0,0,0,0,0,0,0,0,0
34311552,7859,0,2,0,0,0,0,0,0,0,0,0
34315196,7860,0,2,0,0,0,0,0,0,0,0,0
34318841,7861,0,2,0,0,0,0,0,0,0,0,0
34322484,7862,0,2,0,0,0,0,0,0,0,0,0
34326128,7863,0,2,0,0,0,0,0,0,0,0,0
34329772,7864,0,2,0,0,0,0,0,0,0,0,0
34333416,7865,0,2,0,0,0,0,0,0,0,0,0
34337060,7866,0,2,0,0,0,0,0,0,0,0,0
34340704,7867,0,2,0,0,0,0,0,0,0,0,0
34344348,7868,0,2,0,0,0,0,0,0,0,0,0
34347992,7869,0,2,0,0,0,0,0,0,0,0,0
34351636,7870,0,2,0,0,0,0,0,0,0,0,0
34355281,7871,0,2,0,0,0,0,0,0,0,0,0
34358924,7872,0,2,0,0,0,0,0,0,0,0,0
34362568,7873,0,2,0,0,0,0,0,0,0,0,0
34366212,7874,0,2,0,0,0,0,0,0,0,0,0
34369856,7875,0,2,0,0,0,0,0,0,0,0,0
34373500,7876,0,2,0,0,0,0,0,0,0,0,0
34377144,7877,0,2,0,0,0,0,0,0,0,0,0
34380788,7878,0,2,0,0,0,0,0,0,0,0,0
34384432,7879,0,2,0,0,0,0,0,0,0,0,0
34388076,7880,0,2,0,0,0,0,0,0,0,0,0
34391721,7881,0,2,0,0,0,0,0,0,0,0,0
34395364,7882,0,2,0,0,0,0,0,0,0,0,0
34399008,7883,0,2,0,0,0,0,0,0,0,0,0
34402652,7884,0,2,0,0,0,0,0,0,0,0,0
34406296,7885,0,2,0,0,0,0,0,0,0,0,0
34409940,7886,0,2,0,0,0,0,0,0,0,0,0
34413584,7887,0,2,0,0,0,0,0,0,0,0,0
34417228,7888,0,2,0,0,0,0,0,0,0,0,0
34420872,7889,0,2,0,0,0,0,0,0,0,0,0
34424516,7890,0,2,0,0,0,0,0,0,0,0,0
34428161,7891,0,2,0,0,0,0,0,0,0,0,0
34431804,7892,0,2,0,0,0,0,0,0,0,0,0
34435448,7893,0,2,0,0,0,0,0,0,0,0,0
34439092,7894,0,2,0,0,0,0,0,0,0,0,0
34442736,7895,0,2,0,0,0,0,0,0,0,0,0
34446380,7896,0,2,0,0,0,0,0,0,0,0,0
34450024,7897,0,2,0,0,0,0,0,0,0,0,0
34453668,7898,0,2,0,0,0,0,0,0,0,0,0
34457312,7899,0,2,0,0,0,0,0,0,0,0,0
34460956,7900,0,2,0,0,0,0,0,0,0,0,0
34464601,7901,0,2,0,0,0,0,0,0,0,0,0
34468244,7902,0,2,0,0,0,0,0,0,0,0,0
34471888,7903,0,2,0,0,0,0,0,0,0,0,0
34475532,7904,0,2,0,0,0,0,0,0,0,0,0
34479176,7905,0,2,0,0,0,0,0,0,0,0,0
34482820,7906,0,2,0,0,0,0,0,0,0,0,0
34486464,7907,0,2,0,0,0,0,0,0,0,0,0
34490108,7908,0,2,0,0,0,0,0,0,0,0,0
34493752,7909,0,2,0,0,0,0,0,0,0,0,0
34497396,7910,0,2,0,0,0,0,0,0,0,0,0
34501041,7911,0,2,0,0,0,0,0,0,0,0,0
34504684,7912,0,2,0,0,0,0,0,0,0,0,0
34508328,7913,0,2,0,0,0,0,0,0,0,0,0
34511972,7914,0,2,0,0,0,0,0,0,0,0,0
34515616,7915,0,2,0,0,0,0,0,0,0,0,0
34519260,7916,0,2,0,0,0,0,0,0,0,0,0
34522904,7917,0,2,0,0,0,0,0,0,0,0,0
34526548,7918,0,2,0,0,0,0,0,0,0,0,0
34530192,7919,0,2,0,0,0,0,0,0,0,0,0
34533836,7920,0,2,0,0,0,0,0,0,0,0,0
34537481,7921,0,2,0,0,0,0,0,0,0,0,0
34541124,7922,0,2,0,0,0,0,0,0,0,0,0
34544768,7923,0,2,0,0,0,0,0,0,0,0,0
34548412,7924,0,2,0,0,0,0,0,0,0,0,0
34552056,7925,0,2,0,0,0,0,0,0,0,0,0
34555700,7926,0,2,0,0,0,0,0,0,0,0,0
34559344,7927,0,2,0,0,0,0,0,0,0,0,0
34562988,7928,0,2,0,0,0,0,0,0,0,0,0
34566632,7929,0,2,0,0,0,0,0,0,0,0,0
34570276,7930,0,2,0,0,0,0,0,0,0,0,0
34573921,7931,0,2,0,0,0,0,0,0,0,0,0
34577564,7932,0,2,0,0,0,0,0,0,0,0,0
34581208,7933,0,2,0,0,0,0,0,0,0,0,0
34584852,7934,0,2,0,0,0,0,0,0,0,0,0
34588496,7935,0,2,0,0,0,0,0,0,0,0,0
34592140,7936,0,2,0,0,0,0,0,0,0,0,0
34595784,7937,0,2,0,0,0,0,0,0,0,0,0
34599428,7938,0,2,0,0,0,0,0,0,0,0,0
34603072,7939,0,2,0,0,0,0,0,0,0,0,0
34606716,7940,0,2,0,0,0,0,0,0,0,0,0
34610361,7941,0,2,0,0,0,0,0,0,0,0,0
34614004,7942,0,2,0,0,0,0,0,0,0,0,0
34617648,7943,0,2,0,0,0,0,0,0,0,0,0
34621292,7944,0,2,0,0,0,0,0,0,0,0,0
34624936,7945,0,2,0,0,0,0,0,0,0,0,0
34635386,7946,0,2,0,0,0,0,0,0,0,0,0
34639018,7947,0,2,0,0,0,0,0,0,0,0,0
34642662,7948,0,2,0,0,0,0,0,0,0,0,0
34646306,7949,0,2,0,0,0,0,0,0,0,0,0
34649950,7950,0,2,0,0,0,0,0,0,0,0,0
34653595,7951,0,2,0,0,0,0,0,0,0,0,0
34657238,7952,0,2,0,0,0,0,0,0,0,0,0
34660882,7953,0,2,0,0,0,0,0,0,0,0,0
34664526,7954,0,2,0,0,0,0,0,0,0,0,0
34668170,7955,0,2,0,0,0,0,0,0,0,0,0
34671814,7956,0,2,0,0,0,0,0,0,0,0,0
34675458,7957,0,2,0,0,0,0,0,0,0,0,0
34679102,7958,0,2,0,0,0,0,0,0,0,0,0
34682746,7959,0,2,0,0,0,0,0,0,0,0,0
34686390,7960,0,2,0,0,0,0,0,0,0,0,0
34690035,7961,0,2,0,0,0,0,0,0,0,0,0
34693678,7962,0,2,0,0,0,0,0,0,0,0,0
34697322,7963,0,2,0,0,0,0,0,0,0,0,0
34700966,7964,0,2,0,0,0,0,0,0,0,0,0
34704610,7965,0,2,0,0,0,0,0,0,0,0,0
34708254,7966,0,2,0,0,0,0,0,0,0,0,0
34711898,7967,0,2,0,0,0,0,0,0,0,0,0
34715542,7968,0,2,0,0,0,0,0,0,0,0,0
34719186,7969,0,2,0,0,0,0,0,0,0,0,0
34722830,7970,0,2,0,0,0,0,0,0,0,0,0
34726475,7971,0,2,0,0,0,0,0,0,0,0,0
34730118,7972,0,2,0,0,0,0,0,0,0,0,0
34733762,7973,0,2,0,0,0,0,0,0,0,0,0
34737406,7974,0,2,0,0,0,0,0,0,0,0,0
34741050,7975,0,2,0,0,0,0,0,0,0,0,0
34744694,7976,0,2,0,0,0,0,0,0,0,0,0
34748338,7977,0,2,0,0,0,0,0,0,0,0,0
34751982,7978,0,2,0,0,0,0,0,0,0,0,0
34755626,7979,0,2,0,0,0,0,0,0,0,0,0
34759270,7980,0,2,0,0,0,0,0,0,0,0,0
34762915,7981,0,2,0,0,0,0,0,0,0,0,0
34766558,7982,0,2,0,0,0,0,0,0,0,0,0
34770202,7983,0,2,0,0,0,0,0,0,0,0,0
34773846,7984,0,2,0,0,0,0,0,0,0,0,0
34777490,7985,0,2,0,0,0,0,0,0,0,0,0
34781134,7986,0,2,0,0,0,0,0,0,0,0,0
34784778,7987,0,2,0,0,0,0,0,0,0,0,0
34788422,7988,0,2,0,0,0,0,0,0,0,0,0
34792066,7989,0,2,0,0,0,0,0,0,0,0,0
34795710,7990,0,2,0,0,0,0,0,0,0,0,0
34799355,7991,0,2,0,0,0,0,0,0,0,0,0
34802998,7992,0,2,0,0,0,0,0,0,0,0,0
34806642,7993,0,2,0,0,0,0,0,0,0,0,0
34810286,7994,0,2,0,0,0,0,0,0,0,0,0
34813930,7995,0,2,0,0,0,0,0,0,0,0,0
34817574,7996,0,2,0,0,0,0,0,0,0,0,0
34821218,7997,0,2,0,0,0,0,0,0,0,0,0
34824862,7998,0,2,0,0,0,0,0,0,0,0,0
34828506,7999,0,2,0,0,0,0,0,0,0,0,0
34832150,8000,0,2,0,0,0,0,0,0,0,0,0
34835795,8001,0,2,0,0,0,0,0,0,0,0,0
34839438,8002,0,2,0,0,0,0,0,0,0,0,0
34843082,8003,0,2,0,0,0,0,0,0,0,0,0
34846726,8004,0,2,0,0,0,0,0,0,0,0,0
34850370,8005,0,2,0,0,0,0,0,0,0,0,0
34854014,8006,0,2,0,0,0,0,0,0,0,0,0
34857658,8007,0,2,0,0,0,0,0,0,0,0,0
34861302,8008,0,2,0,0,0,0,0,0,0,0,0
34864946,8009,0,2,0,0,0,0,0,0,0,0,0
34868590,8010,0,2,0,0,0,0,0,0,0,0,0
34872235,8011,0,2,0,0,0,0,0,0,0,0,0
34875878,8012,0,2,0,0,0,0,0,0,0,0,0
34879522,8013,0,2,0,0,0,0,0,0,0,0,0
34883166,8014,0,2,0,0,0,0,0,0,0,0,0
34886810,8015,0,2,0,0,0,0,0,0,0,0,0
34890454,8016,0,2,0,0,0,0,0,0,0,0,0
34894098,8017,0,2,0,0,0,0,0,0,0,0,0
34897742,8018,0,2,0,0,0,0,0,0,0,0,0
34901386,8019,0,2,0,0,0,0,0,0,0,0,0
34905030,8020,0,2,0,0,0,0,0,0,0,0,0
34908675,8021,0,2,0,0,0,0,0,0,0,0,0
34912318,8022,0,2,0,0,0,0,0,0,0,0,0
34915962,8023,0,2,0,0,0,0,0,0,0,0,0
34919606,8024,0,2,0,0,0,0,0,0,0,0,0
34923250,8025,0,2,0,0,0,0,0,0,0,0,0
34926894,8026,0,2,0,0,0,0,0,0,0,0,0
34930538,8027,0,2,0,0,0,0,0,0,0,0,0
34934182,8028,0,2,0,0,0,0,0,0,0,0,0
34937826,8029,0,2,0,0,0,0,0,0,0,0,0
34941470,8030,0,2,0,0,0,0,0,0,0,0,0
34945115,8031,0,2,0,0,0,0,0,0,0,0,0
34948758,8032,0,2,0,0,0,0,0,0,0,0,0
34952402,8033,0,2,0,0,0,0,0,0,0,0,0
34956046,8034,0,2,0,0,0,0,0,0,0,0,0
34959690,8035,0,2,0,0,0,0,0,0,0,0,0
34963334,8036,0,2,0,0,0,0,0,0,0,0,0
34966978,8037,0,2,0,0,0,0,0,0,0,0,0
34970622,8038,0,2,0,0,0,0,0,0,0,0,0
34974266,8039,0,2,0,0,0,0,0,0,0,0,0
34977910,8040,0,2,0,0,0,0,0,0,0,0,0
34981555,8041,0,2,0,0,0,0,0,0,0,0,0
34985198,8042,0,2,0,0,0,0,0,0,0,0,0
34988842,8043,0,2,0,0,0,0,0,0,0,0,0
34992486,8044,0,2,0,0,0,0,0,0,0,0,0
34996130,8045,0,2,0,0,0,0,0,0,0,0,0
34999774,8046,0,2,0,0,0,0,0,0,0,0,0
35003418,8047,0,2,0,0,0,0,0,0,0,0,0
35007062,8048,0,2,0,0,0,0,0,0,0,0,0
35010706,8049,0,2,0,0,0,0,0,0,0,0,0
35014350,8050,0,2,0,0,0,0,0,0,0,0,0
35017995,8051,0,2,0,0,0,0,0,0,0,0,0
35021638,8052,0,2,0,0,0,0,0,0,0,0,0
35025282,8053,0,2,0,0,0,0,0,0,0,0,0
35028926,8054,0,2,0,0,0,0,0,0,0,0,0
35032570,8055,0,2,0,0,0,0,0,0,0,0,0
35036214,8056,0,2,0,0,0,0,0,0,0,0,0
35039858,8057,0,2,0,0,0,0,0,0,0,0,0
35043502,8058,0,2,0,0,0,0,0,0,0,0,0
35047146,8059,0,2,0,0,0,0,0,0,0,0,0
35050790,8060,0,2,0,0,0,0,0,0,0,0,0
35054435,8061,0,2,0,0,0,0,0,0,0,0,0
35058079,8062,0,2,0,0,0,0,0,0,0,0,0
35061722,8063,0,2,0,0,0,0,0,0,0,0,0
35065366,8064,0,2,0,0,0,0,0,0,0,0,0
35069011,8065,0,2,0,0,0,0,0,0,0,0,0
35072654,8066,0,2,0,0,0,0,0,0,0,0,0
35076298,8067,0,2,0,0,0,0,0,0,0,0,0
35079942,8068,0,2,0,0,0,0,0,0,0,0,0
35083586,8069,0,2,0,0,0,0,0,0,0,0,0
35087230,8070,0,2,0,0,0,0,0,0,0,0,0
35090875,8071,0,2,0,0,0,0,0,0,0,0,0
35094518,8072,0,2,0,0,0,0,0,0,0,0,0
35098162,8073,0,2,0,0,0,0,0,0,0,0,0
35101806,8074,0,2,0,0,0,0,0,0,0,0,0
35105450,8075,0,2,0,0,0,0,0,0,0,0,0
35109095,8076,0,2,0,0,0,0,0,0,0,0,0
35112738,8077,0,2,0,0,0,0,0,0,0,0,0
35116382,8078,0,2,0,0,0,0,0,0,0,0,0
35120026,8079,0,2,0,0,0,0,0,0,0,0,0
35123670,8080,0,2,0,0,0,0,0,0,0,0,0
35127315,8081,0,2,0,0,0,0,0,0,0,0,0
35130958,8082,0,2,0,0,0,0,0,0,0,0,0
35134602,8083,0,2,0,0,0,0,0,0,0,0,0
35138246,8084,0,2,0,0,0,0,0,0,0,0,0
35141890,8085,0,2,0,0,0,0,0,0,0,0,0
35145534,8086,0,2,0,0,0,0,0,0,0,0,0
35149178,8087,0,2,0,0,0,0,0,0,0,0,0
35152822,8088,0,2,0,0,0,0,0,0,0,0,0
35156466,8089,0,2,0,0,0,0,0,0,0,0,0
35160110,8090,0,2,0,0,0,0,0,0,0,0,0
35163755,8091,0,2,0,0,0,0,0,0,0,0,0
35167398,8092,0,2,0,0,0,0,0,0,0,0,0
35171042,8093,0,2,0,0,0,0,0,0,0,0,0
35174686,8094,0,2,0,0,0,0,0,0,0,0,0
35178330,8095,0,2,0,0,0,0,0,0,0,0,0
35181974,8096,0,2,0,0,0,0,0,0,0,0,0
35185618,8097,0,2,0,0,0,0,0,0,0,0,0
35189262,8098,0,2,0,0,0,0,0,0,0,0,0
35192906,8099,0,2,0,0,0,0,0,0,0,0,0
35196550,8100,0,2,0,0,0,0,0,0,0,0,0
35200195,8101,0,2,0,0,0,0,0,0,0,0,0
35203838,8102,0,2,0,0,0,0,0,0,0,0,0
35207482,8103,0,2,0,0,0,0,0,0,0,0,0
35211126,8104,0,2,0,0,0,0,0,0,0,0,0
35214770,8105,0,2,0,0,0,0,0,0,0,0,0
35218414,8106,0,2,0,0,0,0,0,0,0,0,0
35222058,8107,0,2,0,0,0,0,0,0,0,0,0
35225702,8108,0,2,0,0,0,0,0,0,0,0,0
35229346,8109,0,2,0,0,0,0,0,0,0,0,0
35232990,8110,0,2,0,0,0,0,0,0,0,0,0
35236635,8111,0,2,0,0,0,0,0,0,0,0,0
35240278,8112,0,2,0,0,0,0,0,0,0,0,0
35243922,8113,0,2,0,0,0,0,0,0,0,0,0
35247566,8114,0,2,0,0,0,0,0,0,0,0,0
35251210,8115,0,2,0,0,0,0,0,0,0,0,0
35254854,8116,0,2,0,0,0,0,0,0,0,0,0
35258498,8117,0,2,0,0,0,0,0,0,0,0,0
35262142,8118,0,2,0,0,0,0,0,0,0,0,0
35265786,8119,0,2,0,0,0,0,0,0,0,0,0
35269430,8120,0,2,0,0,0,0,0,0,0,0,0
35273075,8121,0,2,0,0,0,0,0,0,0,0,0
35276718,8122,0,2,0,0,0,0,0,0,0,0,0
35280362,8123,0,2,0,0,0,0,0,0,0,0,0
35284006,8124,0,2,0,0,0,0,0,0,0,0,0
35287650,8125,0,2,0,0,0,0,0,0,0,0,0
35291294,8126,0,2,0,0,0,0,0,0,0,0,0
35294938,8127,0,2,0,0,0,0,0,0,0,0,0
35298582,8128,0,2,0,0,0,0,0,0,0,0,0
35302226,8129,0,2,0,0,0,0,0,0,0,0,0
35305870,8130,0,2,0,0,0,0,0,0,0,0,0
35309515,8131,0,2,0,0,0,0,0,0,0,0,0
35313158,8132,0,2,0,0,0,0,0,0,0,0,0
35316802,8133,0,2,0,0,0,0,0,0,0,0,0
35320446,8134,0,2,0,0,0,0,0,0,0,0,0
35324090,8135,0,2,0,0,0,0,0,0,0,0,0
35327734,8136,0,2,0,0,0,0,0,0,0,0,0
35331378,8137,0,2,0,0,0,0,0,0,0,0,0
35335023,8138,0,2,0,0,0,0,0,0,0,0,0
35338666,8139,0,2,0,0,0,0,0,0,0,0,0
35342310,8140,0,2,0,0,0,0,0,0,0,0,0
35345955,8141,0,2,0,0,0,0,0,0,0,0,0
35349598,8142,0,2,0,0,0,0,0,0,0,0,0
35353242,8143,0,2,0,0,0,0,0,0,0,0,0
35356886,8144,0,2,0,0,0,0,0,0,0,0,0
35360530,8145,0,2,0,0,0,0,0,0,0,0,0
35364174,8146,0,2,0,0,0,0,0,0,0,0,0
35367818,8147,0,2,0,0,0,0,0,0,0,0,0
35371462,8148,0,2,0,0,0,0,0,0,0,0,0
35375106,8149,0,2,0,0,0,0,0,0,0,0,0
35378750,8150,0,2,0,0,0,0,0,0,0,0,0
35382395,8151,0,2,0,0,0,0,0,0,0,0,0
35386038,8152,0,2,0,0,0,0,0,0,0,0,0
35389682,8153,0,2,0,0,0,0,0,0,0,0,0
35393326,8154,0,2,0,0,0,0,0,0,0,0,0
35396970,8155,0,2,0,0,0,0,0,0,0,0,0
35400614,8156,0,2,0,0,0,0,0,0,0,0,0
35404258,8157,0,2,0,0,0,0,0,0,0,0,0
35407902,8158,0,2,0,0,0,0,0,0,0,0,0
35411546,8159,0,2,0,0,0,0,0,0,0,0,0
35415190,8160,0,2,0,0,0,0,0,0,0,0,0
35418835,8161,0,2,0,0,0,0,0,0,0,0,0
35422478,8162,0,2,0,0,0,0,0,0,0,0,0
35426122,8163,0,2,0,0,0,0,0,0,0,0,0
35429766,8164,0,2,0,0,0,0,0,0,0,0,0
35433410,8165,0,2,0,0,0,0,0,0,0,0,0
35437054,8166,0,2,0,0,0,0,0,0,0,0,0
35440698,8167,0,2,0,0,0,0,0,0,0,0,0
35444342,8168,0,2,0,0,0,0,0,0,0,0,0
35447986,8169,0,2,0,0,0,0,0,0,0,0,0
35451630,8170,0,2,0,0,0,0,0,0,0,0,0
35455275,8171,0,2,0,0,0,0,0,0,0,0,0
35458918,8172,0,2,0,0,0,0,0,0,0,0,0
35467688,8173,0,2,0,0,0,0,0,0,0,0,0
35471320,8174,0,2,0,0,0,0,0,0,0,0,0
35474964,8175,0,2,0,0,0,0,0,0,0,0,0
35478608,8176,0,2,0,0,0,0,0,0,0,0,0
35482252,8177,0,2,0,0,0,0,0,0,0,0,0
35485896,8178,0,2,0,0,0,0,0,0,0,0,0
35489540,8179,0,2,0,0,0,0,0,0,0,0,0
35493184,8180,0,2,0,0,0,0,0,0,0,0,0
35496829,8181,0,2,0,0,0,0,0,0,0,0,0
35500472,8182,0,2,0,0,0,0,0,0,0,0,0
35504116,8183,0,2,0,0,0,0,0,0,0,0,0
35507760,8184,0,2,0,0,0,0,0,0,0,0,0
35511404,8185,0,2,0,0,0,0,0,0,0,0,0
35515048,8186,0,2,0,0,0,0,0,0,0,0,0
35518692,8187,0,2,0,0,0,0,0,0,0,0,0
35522336,8188,0,2,0,0,0,0,0,0,0,0,0
35525980,8189,0,2,0,0,0,0,0,0,0,0,0
35529624,8190,0,2,0,0,0,0,0,0,0,0,0
35533269,8191,0,2,0,0,0,0,0,0,0,0,0
35536912,8192,0,2,0,0,0,0,0,0,0,0,0
35540556,8193,0,2,0,0,0,0,0,0,0,0,0
35544200,8194,0,2,0,0,0,0,0,0,0,0,0
35547844,8195,0,2,0,0,0,0,0,0,0,0,0
35551488,8196,0,2,0,0,0,0,0,0,0,0,0
35555132,8197,0,2,0,0,0,0,0,0,0,0,0
35558776,8198,0,2,0,0,0,0,0,0,0,0,0
35562420,8199,0,2,0,0,0,0,0,0,0,0,0
35566064,8200,0,2,0,0,0,0,0,0,0,0,0
35569709,8201,0,2,0,0,0,0,0,0,0,0,0
35573352,8202,0,2,0,0,0,0,0,0,0,0,0
35576996,8203,0,2,0,0,0,0,0,0,0,0,0
35580640,8204,0,2,0,0,0,0,0,0,0,0,0
35584284,8205,0,2,0,0,0,0,0,0,0,0,0
35587928,8206,0,2,0,0,0,0,0,0,0,0,0
35591572,8207,0,2,0,0,0,0,0,0,0,0,0
35595216,8208,0,2,0,0,0,0,0,0,0,0,0
35598860,8209,0,2,0,0,0,0,0,0,0,0,0
35602504,8210,0,2,0,0,0,0,0,0,0,0,0
35606149,8211,0,2,0,0,0,0,0,0,0,0,0
35609792,8212,0,2,0,0,0,0,0,0,0,0,0
35613436,8213,0,2,0,0,0,0,0,0,0,0,0
35617080,8214,0,2,0,0,0,0,0,0,0,0,0
35620724,8215,0,2,0,0,0,0,0,0,0,0,0
35624368,8216,0,2,0,0,0,0,0,0,0,0,0
35628013,8217,0,2,0,0,0,0,0,0,0,0,0
35631656,8218,0,2,0,0,0,0,0,0,0,0,0
35635300,8219,0,2,0,0,0,0,0,0,0,0,0
35638944,8220,0,2,0,0,0,0,0,0,0,0,0
35642589,8221,0,2,0,0,0,0,0,0,0,0,0
35646232,8222,0,2,0,0,0,0,0,0,0,0,0
35649876,8223,0,2,0,0,0,0,0,0,0,0,0
35653520,8224,0,2,0,0,0,0,0,0,0,0,0
35657164,8225,0,2,0,0,0,0,0,0,0,0,0
35660808,8226,0,2,0,0,0,0,0,0,0,0,0
35664452,8227,0,2,0,0,0,0,0,0,0,0,0
35668096,8228,0,2,0,0,0,0,0,0,0,0,0
35671740,8229,0,2,0,0,0,0,0,0,0,0,0
35675384,8230,0,2,0,0,0,0,0,0,0,0,0
35679029,8231,0,2,0,0,0,0,0,0,0,0,0
35682672,8232,0,2,0,0,0,0,0,0,0,0,0
35686316,8233,0,2,0,0,0,0,0,0,0,0,0
35689960,8234,0,2,0,0,0,0,0,0,0,0,0
35693604,8235,0,2,0,0,0,0,0,0,0,0,0
35697248,8236,0,2,0,0,0,0,0,0,0,0,0
35700892,8237,0,2,0,0,0,0,0,0,0,0,0
35704536,8238,0,2,0,0,0,0,0,0,0,0,0
35708180,8239,0,2,0,0,0,0,0,0,0,0,0
35711824,8240,0,2,0,0,0,0,0,0,0,0,0
35715469,8241,0,2,0,0,0,0,0,0,0,0,0
35719112,8242,0,2,0,0,0,0,0,0,0,0,0
35722756,8243,0,2,0,0,0,0,0,0,0,0,0
35726400,8244,0,2,0,0,0,0,0,0,0,0,0
35730044,8245,0,2,0,0,0,0,0,0,0,0,0
35733688,8246,0,2,0,0,0,0,0,0,0,0,0
35737332,8247,0,2,0,0,0,0,0,0,0,0,0
35740976,8248,0,2,0,0,0,0,0,0,0,0,0
35744620,8249,0,2,0,0,0,0,0,0,0,0,0
35748264,8250,0,2,0,0,0,0,0,0,0,0,0
35751909,8251,0,2,0,0,0,0,0,0,0,0,0
35755552,8252,0,2,0,0,0,0,0,0,0,0,0
35759196,8253,0,2,0,0,0,0,0,0,0,0,0
35762840,8254,0,2,0,0,0,0,0,0,0,0,0
35766484,8255,0,2,0,0,0,0,0,0,0,0,0
35770128,8256,0,2,0,0,0,0,0,0,0,0,0
35773772,8257,0,2,0,0,0,0,0,0,0,0,0
35777416,8258,0,2,0,0,0,0,0,0,0,0,0
35781060,8259,0,2,0,0,0,0,0,0,0,0,0
35784704,8260,0,2,0,0,0,0,0,0,0,0,0
35788349,8261,0,2,0,0,0,0,0,0,0,0,0
35791992,8262,0,2,0,0,0,0,0,0,0,0,0
35795636,8263,0,2,0,0,0,0,0,0,0,0,0
35799280,8264,0,2,0,0,0,0,0,0,0,0,0
35802924,8265,0,2,0,0,0,0,0,0,0,0,0
35806568,8266,0,2,0,0,0,0,0,0,0,0,0
35810212,8267,0,2,0,0,0,0,0,0,0,0,0
35813856,8268,0,2,0,0,0,0,0,0,0,0,0
35817500,8269,0,2,0,0,0,0,0,0,0,0,0
35821144,8270,0,2,0,0,0,0,0,0,0,0,0
35824789,8271,0,2,0,0,0,0,0,0,0,0,0
35828432,8272,0,2,0,0,0,0,0,0,0,0,0
35832076,8273,0,2,0,0,0,0,0,0,0,0,0
35835720,8274,0,2,0,0,0,0,0,0,0,0,0
35839364,8275,0,2,0,0,0,0,0,0,0,0,0
35843009,8276,0,2,0,0,0,0,0,0,0,0,0
35846652,8277,0,2,0,0,0,0,0,0,0,0,0
35850296,8278,0,2,0,0,0,0,0,0,0,0,0
35853940,8279,0,2,0,0,0,0,0,0,0,0,0
35857584,8280,0,2,0,0,0,0,0,0,0,0,0
35861229,8281,0,2,0,0,0,0,0,0,0,0,0
35864872,8282,0,2,0,0,0,0,0,0,0,0,0
35868516,8283,0,2,0,0,0,0,0,0,0,0,0
35872160,8284,0,2,0,0,0,0,0,0,0,0,0
35875804,8285,0,2,0,0,0,0,0,0,0,0,0
35879448,8286,0,2,0,0,0,0,0,0,0,0,0
35883092,8287,0,2,0,0,0,0,0,0,0,0,0
35886736,8288,0,2,0,0,0,0,0,0,0,0,0
35890380,8289,0,2,0,0,0,0,0,0,0,0,0
35894024,8290,0,2,0,0,0,0,0,0,0,0,0
35897669,8291,0,2,0,0,0,0,0,0,0,0,0
35901312,8292,0,2,0,0,0,0,0,0,0,0,0
35904956,8293,0,2,0,0,0,0,0,0,0,0,0
35908600,8294,0,2,0,0,0,0,0,0,0,0,0
35912244,8295,0,2,0,0,0,0,0,0,0,0,0
35915888,8296,0,2,0,0,0,0,0,0,0,0,0
35919532,8297,0,2,0,0,0,0,0,0,0,0,0
35923176,8298,0,2,0,0,0,0,0,0,0,0,0
35926820,8299,0,2,0,0,0,0,0,0,0,0,0
35930464,8300,0,2,0,0,0,0,0,0,0,0,0
35934109,8301,0,2,0,0,0,0,0,0,0,0,0
35937752,8302,0,2,0,0,0,0,0,0,0,0,0
35941396,8303,0,2,0,0,0,0,0,0,0,0,0
35945041,8304,0,2,0,0,0,0,0,0,0,0,0
35948684,8305,0,2,0,0,0,0,0,0,0,0,0
35952328,8306,0,2,0,0,0,0,0,0,0,0,0
35955972,8307,0,2,0,0,0,0,0,0,0,0,0
35959616,8308,0,2,0,0,0,0,0,0,0,0,0
35963260,8309,0,2,0,0,0,0,0,0,0,0,0
35966904,8310,0,2,0,0,0,0,0,0,0,0,0
35970549,8311,0,2,0,0,0,0,0,0,0,0,0
35974192,8312,0,2,0,0,0,0,0,0,0,0,0
35977836,8313,0,2,0,0,0,0,0,0,0,0,0
35981480,8314,0,2,0,0,0,0,0,0,0,0,0
35985124,8315,0,2,0,0,0,0,0,0,0,0,0
35988768,8316,0,2,0,0,0,0,0,0,0,0,0
35992412,8317,0,2,0,0,0,0,0,0,0,0,0
35996056,8318,0,2,0,0,0,0,0,0,0,0,0
35999700,8319,0,2,0,0,0,0,0,0,0,0,0
36003344,8320,0,2,0,0,0,0,0,0,0,0,0
36006989,8321,0,2,0,0,0,0,0,0,0,0,0
36010632,8322,0,2,0,0,0,0,0,0,0,0,0
36014276,8323,0,2,0,0,0,0,0,0,0,0,0
36017920,8324,0,2,0,0,0,0,0,0,0,0,0
36021564,8325,0,2,0,0,0,0,0,0,0,0,0
36025208,8326,0,2,0,0,0,0,0,0,0,0,0
36028852,8327,0,2,0,0,0,0,0,0,0,0,0
36032496,8328,0,2,0,0,0,0,0,0,0,0,0
36036140,8329,0,2,0,0,0,0,0,0,0,0,0
36039784,8330,0,2,0,0,0,0,0,0,0,0,0
36043429,8331,0,2,0,0,0,0,0,0,0,0,0
36047072,8332,0,2,0,0,0,0,0,0,0,0,0
36050716,8333,0,2,0,0,0,0,0,0,0,0,0
36054360,8334,0,2,0,0,0,0,0,0,0,0,0
36058004,8335,0,2,0,0,0,0,0,0,0,0,0
36061648,8336,0,2,0,0,0,0,0,0,0,0,0
36065292,8337,0,2,0,0,0,0,0,0,0,0,0
36068936,8338,0,2,0,0,0,0,0,0,0,0,0
36072580,8339,0,2,0,0,0,0,0,0,0,0,0
36076224,8340,0,2,0,0,0,0,0,0,0,0,0
36079869,8341,0,2,0,0,0,0,0,0,0,0,0
36083513,8342,0,2,0,0,0,0,0,0,0,0,0
36087156,8343,0,2,0,0,0,0,0,0,0,0,0
36090800,8344,0,2,0,0,0,0,0,0,0,0,0
36094444,8345,0,2,0,0,0,0,0,0,0,0,0
36098089,8346,0,2,0,0,0,0,0,0,0,0,0
36101732,8347,0,2,0,0,0,0,0,0,0,0,0
36105376,8348,0,2,0,0,0,0,0,0,0,0,0
36109020,8349,0,2,0,0,0,0,0,0,0,0,0
36112664,8350,0,2,0,0,0,0,0,0,0,0,0
36116309,8351,0,2,0,0,0,0,0,0,0,0,0
36119952,8352,0,2,0,0,0,0,0,0,0,0,0
36123596,8353,0,2,0,0,0,0,0,0,0,0,0
36127240,8354,0,2,0,0,0,0,0,0,0,0,0
36130884,8355,0,2,0,0,0,0,0,0,0,0,0
36134528,8356,0,2,0,0,0,0,0,0,0,0,0
36138172,8357,0,2,0,0,0,0,0,0,0,0,0
36141816,8358,0,2,0,0,0,0,0,0,0,0,0
36145460,8359,0,2,0,0,0,0,0,0,0,0,0
36149104,8360,0,2,0,0,0,0,0,0,0,0,0
36152749,8361,0,2,0,0,0,0,0,0,0,0,0
36156392,8362,0,2,0,0,0,0,0,0,0,0,0
36160036,8363,0,2,0,0,0,0,0,0,0,0,0
36163680,8364,0,2,0,0,0,0,0,0,0,0,0
36167324,8365,0,2,0,0,0,0,0,0,0,0,0
36170968,8366,0,2,0,0,0,0,0,0,0,0,0
36174612,8367,0,2,0,0,0,0,0,0,0,0,0
36178256,8368,0,2,0,0,0,0,0,0,0,0,0
36181900,8369,0,2,0,0,0,0,0,0,0,0,0
36185544,8370,0,2,0,0,0,0,0,0,0,0,0
36189189,8371,0,2,0,0,0,0,0,0,0,0,0
36192832,8372,0,2,0,0,0,0,0,0,0,0,0
36196476,8373,0,2,0,0,0,0,0,0,0,0,0
36200120,8374,0,2,0,0,0,0,0,0,0,0,0
36203764,8375,0,2,0,0,0,0,0,0,0,0,0
36207408,8376,0,2,0,0,0,0,0,0,0,0,0
36211053,8377,0,2,0,0,0,0,0,0,0,0,0
36214696,8378,0,2,0,0,0,0,0,0,0,0,0
36218340,8379,0,2,0,0,0,0,0,0,0,0,0
36221984,8380,0,2,0,0,0,0,0,0,0,0,0
36225629,8381,0,2,0,0,0,0,0,0,0,0,0
36229272,8382,0,2,0,0,0,0,0,0,0,0,0
36232916,8383,0,2,0,0,0,0,0,0,0,0,0
36236560,8384,0,2,0,0,0,0,0,0,0,0,0
36240204,8385,0,2,0,0,0,0,0,0,0,0,0
36243848,8386,0,2,0,0,0,0,0,0,0,0,0
36247492,8387,0,2,0,0,0,0,0,0,0,0,0
36251136,8388,0,2,0,0,0,0,0,0,0,0,0
36254780,8389,0,2,0,0,0,0,0,0,0,0,0
36258424,8390,0,2,0,0,0,0,0,0,0,0,0
36262069,8391,0,2,0,0,0,0,0,0,0,0,0
36265712,8392,0,2,0,0,0,0,0,0,0,0,0
36269356,8393,0,2,0,0,0,0,0,0,0,0,0
36273000,8394,0,2,0,0,0,0,0,0,0,0,0
36276644,8395,0,2,0,0,0,0,0,0,0,0,0
36280288,8396,0,2,0,0,0,0,0,0,0,0,0
36283932,8397,0,2,0,0,0,0,0,0,0,0,0
36287576,8398,0,2,0,0,0,0,0,0,0,0,0
36291220,8399,0,2,0,0,0,0,0,0,0,0,0
36301905,8400,0,2,0,0,0,0,0,0,0,0,0
36305538,8401,0,2,0,0,0,0,0,0,0,0,0
36309181,8402,0,2,0,0,0,0,0,0,0,0,0
36312825,8403,0,2,0,0,0,0,0,0,0,0,0
36316469,8404,0,2,0,0,0,0,0,0,0,0,0
36320113,8405,0,2,0,0,0,0,0,0,0,0,0
36323757,8406,0,2,0,0,0,0,0,0,0,0,0
36327401,8407,0,2,0,0,0,0,0,0,0,0,0
36331045,8408,0,2,0,0,0,0,0,0,0,0,0
36334689,8409,0,2,0,0,0,0,0,0,0,0,0
36338333,8410,0,2,0,0,0,0,0,0,0,0,0
36341978,8411,0,2,0,0,0,0,0,0,0,0,0
36345621,8412,0,2,0,0,0,0,0,0,0,0,0
36349265,8413,0,2,0,0,0,0,0,0,0,0,0
36352909,8414,0,2,0,0,0,0,0,0,0,0,0
36356553,8415,0,2,0,0,0,0,0,0,0,0,0
36360197,8416,0,2,0,0,0,0,0,0,0,0,0
36363841,8417,0,2,0,0,0,0,0,0,0,0,0
36367485,8418,0,2,0,0,0,0,0,0,0,0,0
36371129,8419,0,2,0,0,0,0,0,0,0,0,0
36374773,8420,0,2,0,0,0,0,0,0,0,0,0
36378418,8421,0,2,0,0,0,0,0,0,0,0,0
36382061,8422,0,2,0,0,0,0,0,0,0,0,0
36385705,8423,0,2,0,0,0,0,0,0,0,0,0
36389349,8424,0,2,0,0,0,0,0,0,0,0,0
36392993,8425,0,2,0,0,0,0,0,0,0,0,0
36396637,8426,0,2,0,0,0,0,0,0,0,0,0
36400281,8427,0,2,0,0,0,0,0,0,0,0,0
36403925,8428,0,2,0,0,0,0,0,0,0,0,0
36407569,8429,0,2,0,0,0,0,0,0,0,0,0
36411213,8430,0,2,0,0,0,0,0,0,0,0,0
36414858,8431,0,2,0,0,0,0,0,0,0,0,0
36418501,8432,0,2,0,0,0,0,0,0,0,0,0
36422145,8433,0,2,0,0,0,0,0,0,0,0,0
36425789,8434,0,2,0,0,0,0,0,0,0,0,0
36429433,8435,0,2,0,0,0,0,0,0,0,0,0
36433078,8436,0,2,0,0,0,0,0,0,0,0,0
36436721,8437,0,2,0,0,0,0,0,0,0,0,0
36440365,8438,0,2,0,0,0,0,0,0,0,0,0
36444009,8439,0,2,0,0,0,0,0,0,0,0,0
36447653,8440,0,2,0,0,0,0,0,0,0,0,0
36451298,8441,0,2,0,0,0,0,0,0,0,0,0
36454941,8442,0,2,0,0,0,0,0,0,0,0,0
36458585,8443,0,2,0,0,0,0,0,0,0,0,0
36462229,8444,0,2,0,0,0,0,0,0,0,0,0
36465873,8445,0,2,0,0,0,0,0,0,0,0,0
36469517,8446,0,2,0,0,0,0,0,0,0,0,0
36473161,8447,0,2,0,0,0,0,0,0,0,0,0
36476805,8448,0,2,0,0,0,0,0,0,0,0,0
36480449,8449,0,2,0,0,0,0,0,0,0,0,0
36484093,8450,0,2,0,0,0,0,0,0,0,0,0
36487738,8451,0,2,0,0,0,0,0,0,0,0,0
36491381,8452,0,2,0,0,0,0,0,0,0,0,0
36495025,8453,0,2,0,0,0,0,0,0,0,0,0
36498669,8454,0,2,0,0,0,0,0,0,0,0,0
36502313,8455,0,2,0,0,0,0,0,0,0,0,0
36505957,8456,0,2,0,0,0,0,0,0,0,0,0
36509601,8457,0,2,0,0,0,0,0,0,0,0,0
36513245,8458,0,2,0,0,0,0,0,0,0,0,0
36516889,8459,0,2,0,0,0,0,0,0,0,0,0
36520533,8460,0,2,0,0,0,0,0,0,0,0,0
36524178,8461,0,2,0,0,0,0,0,0,0,0,0
36527821,8462,0,2,0,0,0,0,0,0,0,0,0
36531465,8463,0,2,0,0,0,0,0,0,0,0,0
36535109,8464,0,2,0,0,0,0,0,0,0,0,0
36538753,8465,0,2,0,0,0,0,0,0,0,0,0
36542397,8466,0,2,0,0,0,0,0,0,0,0,0
36546041,8467,0,2,0,0,0,0,0,0,0,0,0
36549685,8468,0,2,0,0,0,0,0,0,0,0,0
36553329,8469,0,2,0,0,0,0,0,0,0,0,0
36556973,8470,0,2,0,0,0,0,0,0,0,0,0
36560618,8471,0,2,0,0,0,0,0,0,0,0,0
36564261,8472,0,2,0,0,0,0,0,0,0,0,0
36567905,8473,0,2,0,0,0,0,0,0,0,0,0
36571549,8474,0,2,0,0,0,0,0,0,0,0,0
36575193,8475,0,2,0,0,0,0,0,0,0,0,0
36578837,8476,0,2,0,0,0,0,0,0,0,0,0
36582481,8477,0,2,0,0,0,0,0,0,0,0,0
36586125,8478,0,2,0,0,0,0,0,0,0,0,0
36589769,8479,0,2,0,0,0,0,0,0,0,0,0
36593413,8480,0,2,0,0,0,0,0,0,0,0,0
36597058,8481,0,2,0,0,0,0,0,0,0,0,0
36600701,8482,0,2,0,0,0,0,0,0,0,0,0
36604345,8483,0,2,0,0,0,0,0,0,0,0,0
36607989,8484,0,2,0,0,0,0,0,0,0,0,0
36611633,8485,0,2,0,0,0,0,0,0,0,0,0
36615277,8486,0,2,0,0,0,0,0,0,0,0,0
36618921,8487,0,2,0,0,0,0,0,0,0,0,0
36622565,8488,0,2,0,0,0,0,0,0,0,0,0
36626209,8489,0,2,0,0,0,0,0,0,0,0,0
36629853,8490,0,2,0,0,0,0,0,0,0,0,0
36633497,8491,0,2,0,0,0,0,0,0,0,0,0
36637141,8492,0,2,0,0,0,0,0,0,0,0,0
36640785,8493,0,2,0,0,0,0,0,0,0,0,0
36644429,8494,0,2,0,0,0,0,0,0,0,0,0
36648073,8495,0,2,0,0,0,0,0,0,0,0,0
36651717,8496,0,2,0,0,0,0,0,0,0,0,0
36655361,8497,0,2,0,0,0,0,0,0,0,0,0
36659005,8498,0,2,0,0,0,0,0,0,0,0,0
36662649,8499,0,2,0,0,0,0,0,0,0,0,0
36666293,8500,0,2,0,0,0,0,0,0,0,0,0
36669938,8501,0,2,0,0,0,0,0,0,0,0,0
36673581,8502,0,2,0,0,0,0,0,0,0,0,0
36677225,8503,0,2,0,0,0,0,0,0,0,0,0
36680869,8504,0,2,0,0,0,0,0,0,0,0,0
36684513,8505,0,2,0,0,0,0,0,0,0,0,0
36688157,8506,0,2,0,0,0,0,0,0,0,0,0
36691801,8507,0,2,0,0,0,0,0,0,0,0,0
36695445,8508,0,2,0,0,0,0,0,0,0,0,0
36699089,8509,0,2,0,0,0,0,0,0,0,0,0
36702733,8510,0,2,0,0,0,0,0,0,0,0,0
36706378,8511,0,2,0,0,0,0,0,0,0,0,0
36710021,8512,0,2,0,0,0,0,0,0,0,0,0
36713665,8513,0,2,0,0,0,0,0,0,0,0,0
36717309,8514,0,2,0,0,0,0,0,0,0,0,0
36720953,8515,0,2,0,0,0,0,0,0,0,0,0
36724597,8516,0,2,0,0,0,0,0,0,0,0,0
36728241,8517,0,2,0,0,0,0,0,0,0,0,0
36731885,8518,0,2,0,0,0,0,0,0,0,0,0
36735529,8519,0,2,0,0,0,0,0,0,0,0,0
36739173,8520,0,2,0,0,0,0,0,0,0,0,0
36742818,8521,0,2,0,0,0,0,0,0,0,0,0
36746461,8522,0,2,0,0,0,0,0,0,0,0,0
36750105,8523,0,2,0,0,0,0,0,0,0,0,0
36753749,8524,0,2,0,0,0,0,0,0,0,0,0
36757393,8525,0,2,0,0,0,0,0,0,0,0,0
36761038,8526,0,2,0,0,0,0,0,0,0,0,0
36764681,8527,0,2,0,0,0,0,0,0,0,0,0
36768325,8528,0,2,0,0,0,0,0,0,0,0,0
36771969,8529,0,2,0,0,0,0,0,0,0,0,0
36775613,8530,0,2,0,0,0,0,0,0,0,0,0
36779258,8531,0,2,0,0,0,0,0,0,0,0,0
36782901,8532,0,2,0,0,0,0,0,0,0,0,0
36786545,8533,0,2,0,0,0,0,0,0,0,0,0
36790189,8534,0,2,0,0,0,0,0,0,0,0,0
36793833,8535,0,2,0,0,0,0,0,0,0,0,0
36797477,8536,0,2,0,0,0,0,0,0,0,0,0
36801121,8537,0,2,0,0,0,0,0,0,0,0,0
36804765,8538,0,2,0,0,0,0,0,0,0,0,0
36808409,8539,0,2,0,0,0,0,0,0,0,0,0
36812053,8540,0,2,0,0,0,0,0,0,0,0,0
36815698,8541,0,2,0,0,0,0,0,0,0,0,0
36819341,8542,0,2,0,0,0,0,0,0,0,0,0
36822985,8543,0,2,0,0,0,0,0,0,0,0,0
36826629,8544,0,2,0,0,0,0,0,0,0,0,0
36830273,8545,0,2,0,0,0,0,0,0,0,0,0
36833917,8546,0,2,0,0,0,0,0,0,0,0,0
36837561,8547,0,2,0,0,0,0,0,0,0,0,0
36841205,8548,0,2,0,0,0,0,0,0,0,0,0
36844849,8549,0,2,0,0,0,0,0,0,0,0,0
36848493,8550,0,2,0,0,0,0,0,0,0,0,0
36852138,8551,0,2,0,0,0,0,0,0,0,0,0
36855781,8552,0,2,0,0,0,0,0,0,0,0,0
36859425,8553,0,2,0,0,0,0,0,0,0,0,0
36863070,8554,0,2,0,0,0,0,0,0,0,0,0
36866713,8555,0,2,0,0,0,0,0,0,0,0,0
36870357,8556,0,2,0,0,0,0,0,0,0,0,0
36874001,8557,0,2,0,0,0,0,0,0,0,0,0
36877645,8558,0,2,0,0,0,0,0,0,0,0,0
36881289,8559,0,2,0,0,0,0,0,0,0,0,0
36884933,8560,0,2,0,0,0,0,0,0,0,0,0
36888578,8561,0,2,0,0,0,0,0,0,0,0,0
36892221,8562,0,2,0,0,0,0,0,0,0,0,0
36895865,8563,0,2,0,0,0,0,0,0,0,0,0
36899509,8564,0,2,0,0,0,0,0,0,0,0,0
36903153,8565,0,2,0,0,0,0,0,0,0,0,0
36906797,8566,0,2,0,0,0,0,0,0,0,0,0
36910441,8567,0,2,0,0,0,0,0,0,0,0,0
36914085,8568,0,2,0,0,0,0,0,0,0,0,0
36917729,8569,0,2,0,0,0,0,0,0,0,0,0
36921373,8570,0,2,0,0,0,0,0,0,0,0,0
36925018,8571,0,2,0,0,0,0,0,0,0,0,0
36928661,8572,0,2,0,0,0,0,0,0,0,0,0
36932305,8573,0,2,0,0,0,0,0,0,0,0,0
36935949,8574,0,2,0,0,0,0,0,0,0,0,0
36939593,8575,0,2,0,0,0,0,0,0,0,0,0
36943237,8576,0,2,0,0,0,0,0,0,0,0,0
36946881,8577,0,2,0,0,0,0,0,0,0,0,0
36950525,8578,0,2,0,0,0,0,0,0,0,0,0
36954169,8579,0,2,0,0,0,0,0,0,0,0,0
36957813,8580,0,2,0,0,0,0,0,0,0,0,0
36961458,8581,0,2,0,0,0,0,0,0,0,0,0
36965101,8582,0,2,0,0,0,0,0,0,0,0,0
36968745,8583,0,2,0,0,0,0,0,0,0,0,0
36972389,8584,0,2,0,0,0,0,0,0,0,0,0
36976033,8585,0,2,0,0,0,0,0,0,0,0,0
36979677,8586,0,2,0,0,0,0,0,0,0,0,0
36983321,8587,0,2,0,0,0,0,0,0,0,0,0
36986965,8588,0,2,0,0,0,0,0,0,0,0,0
36990609,8589,0,2,0,0,0,0,0,0,0,0,0
36994253,8590,0,2,0,0,0,0,0,0,0,0,0
36997898,8591,0,2,0,0,0,0,0,0,0,0,0
37001541,8592,0,2,0,0,0,0,0,0,0,0,0
37005185,8593,0,2,0,0,0,0,0,0,0,0,0
37008829,8594,0,2,0,0,0,0,0,0,0,0,0
37012473,8595,0,2,0,0,0,0,0,0,0,0,0
37016117,8596,0,2,0,0,0,0,0,0,0,0,0
37019761,8597,0,2,0,0,0,0,0,0,0,0,0
37023405,8598,0,2,0,0,0,0,0,0,0,0,0
37027049,8599,0,2,0,0,0,0,0,0,0,0,0
37030693,8600,0,2,0,0,0,0,0,0,0,0,0
37034338,8601,0,2,0,0,0,0,0,0,0,0,0
37037981,8602,0,2,0,0,0,0,0,0,0,0,0
37041625,8603,0,2,0,0,0,0,0,0,0,0,0
37045269,8604,0,2,0,0,0,0,0,0,0,0,0
37048913,8605,0,2,0,0,0,0,0,0,0,0,0
37052557,8606,0,2,0,0,0,0,0,0,0,0,0
37056201,8607,0,2,0,0,0,0,0,0,0,0,0
37059845,8608,0,2,0,0,0,0,0,0,0,0,0
37063489,8609,0,2,0,0,0,0,0,0,0,0,0
37067133,8610,0,2,0,0,0,0,0,0,0,0,0
37070778,8611,0,2,0,0,0,0,0,0,0,0,0
37074421,8612,0,2,0,0,0,0,0,0,0,0,0
37078065,8613,0,2,0,0,0,0,0,0,0,0,0
37081709,8614,0,2,0,0,0,0,0,0,0,0,0
37085353,8615,0,2,0,0,0,0,0,0,0,0,0
37088997,8616,0,2,0,0,0,0,0,0,0,0,0
37092641,8617,0,2,0,0,0,0,0,0,0,0,0
37096285,8618,0,2,0,0,0,0,0,0,0,0,0
37099929,8619,0,2,0,0,0,0,0,0,0,0,0
37103573,8620,0,2,0,0,0,0,0,0,0,0,0
37107218,8621,0,2,0,0,0,0,0,0,0,0,0
37110861,8622,0,2,0,0,0,0,0,0,0,0,0
37114505,8623,0,2,0,0,0,0,0,0,0,0,0
37118149,8624,0,2,0,0,0,0,0,0,0,0,0
37121793,8625,0,2,0,0,0,0,0,0,0,0,0
37125437,8626,0,2,0,0,0,0,0,0,0,0,0
37133931,8627,0,2,0,0,0,0,0,0,0,0,0
37137563,8628,0,2,0,0,0,0,0,0,0,0,0
37141207,8629,0,2,0,0,0,0,0,0,0,0,0
37144851,8630,0,2,0,0,0,0,0,0,0,0,0
37148496,8631,0,2,0,0,0,0,0,0,0,0,0
37152139,8632,0,2,0,0,0,0,0,0,0,0,0
37155783,8633,0,2,0,0,0,0,0,0,0,0,0
37159427,8634,0,2,0,0,0,0,0,0,0,0,0
37163071,8635,0,2,0,0,0,0,0,0,0,0,0
37166715,8636,0,2,0,0,0,0,0,0,0,0,0
37170359,8637,0,2,0,0,0,0,0,0,0,0,0
37174003,8638,0,2,0,0,0,0,0,0,0,0,0
37177647,8639,0,2,0,0,0,0,0,0,0,0,0
37181291,8640,0,2,0,0,0,0,0,0,0,0,0
37184936,8641,0,2,0,0,0,0,0,0,0,0,0
37188579,8642,0,2,0,0,0,0,0,0,0,0,0
37192223,8643,0,2,0,0,0,0,0,0,0,0,0
37195867,8644,0,2,0,0,0,0,0,0,0,0,0
37199511,8645,0,2,0,0,0,0,0,0,0,0,0
37203155,8646,0,2,0,0,0,0,0,0,0,0,0
37206799,8647,0,2,0,0,0,0,0,0,0,0,0
37210443,8648,0,2,0,0,0,0,0,0,0,0,0
37214087,8649,0,2,0,0,0,0,0,0,0,0,0
37217731,8650,0,2,0,0,0,0,0,0,0,0,0
37221376,8651,0,2,0,0,0,0,0,0,0,0,0
37225019,8652,0,2,0,0,0,0,0,0,0,0,0
37228663,8653,0,2,0,0,0,0,0,0,0,0,0
37232307,8654,0,2,0,0,0,0,0,0,0,0,0
37235951,8655,0,2,0,0,0,0,0,0,0,0,0
37239595,8656,0,2,0,0,0,0,0,0,0,0,0
37243239,8657,0,2,0,0,0,0,0,0,0,0,0
37246883,8658,0,2,0,0,0,0,0,0,0,0,0
37250527,8659,0,2,0,0,0,0,0,0,0,0,0
37254171,8660,0,2,0,0,0,0,0,0,0,0,0
37257816,8661,0,2,0,0,0,0,0,0,0,0,0
37261459,8662,0,2,0,0,0,0,0,0,0,0,0
37265103,8663,0,2,0,0,0,0,0,0,0,0,0
37268747,8664,0,2,0,0,0,0,0,0,0,0,0
37272391,8665,0,2,0,0,0,0,0,0,0,0,0
37276035,8666,0,2,0,0,0,0,0,0,0,0,0
37279679,8667,0,2,0,0,0,0,0,0,0,0,0
37283323,8668,0,2,0,0,0,0,0,0,0,0,0
37286967,8669,0,2,0,0,0,0,0,0,0,0,0
37290611,8670,0,2,0,0,0,0,0,0,0,0,0
37294256,8671,0,2,0,0,0,0,0,0,0,0,0
37297899,8672,0,2,0,0,0,0,0,0,0,0,0
37301543,8673,0,2,0,0,0,0,0,0,0,0,0
37305187,8674,0,2,0,0,0,0,0,0,0,0,0
37308831,8675,0,2,0,0,0,0,0,0,0,0,0
37312475,8676,0,2,0,0,0,0,0,0,0,0,0
37316119,8677,0,2,0,0,0,0,0,0,0,0,0
37319763,8678,0,2,0,0,0,0,0,0,0,0,0
37323407,8679,0,2,0,0,0,0,0,0,0,0,0
37327051,8680,0,2,0,0,0,0,0,0,0,0,0
37330696,8681,0,2,0,0,0,0,0,0,0,0,0
37334339,8682,0,2,0,0,0,0,0,0,0,0,0
37337983,8683,0,2,0,0,0,0,0,0,0,0,0
37341627,8684,0,2,0,0,0,0,0,0,0,0,0
37345271,8685,0,2,0,0,0,0,0,0,0,0,0
37348915,8686,0,2,0,0,0,0,0,0,0,0,0
37352559,8687,0,2,0,0,0,0,0,0,0,0,0
37356203,8688,0,2,0,0,0,0,0,0,0,0,0
37359847,8689,0,2,0,0,0,0,0,0,0,0,0
37363491,8690,0,2,0,0,0,0,0,0,0,0,0
37367136,8691,0,2,0,0,0,0,0,0,0,0,0
37370779,8692,0,2,0,0,0,0,0,0,0,0,0
37374423,8693,0,2,0,0,0,0,0,0,0,0,0
37378067,8694,0,2,0,0,0,0,0,0,0,0,0
37381711,8695,0,2,0,0,0,0,0,0,0,0,0
37385355,8696,0,2,0,0,0,0,0,0,0,0,0
37389000,8697,0,2,0,0,0,0,0,0,0,0,0
37392643,8698,0,2,0,0,0,0,0,0,0,0,0
37396287,8699,0,2,0,0,0,0,0,0,0,0,0
37399931,8700,0,2,0,0,0,0,0,0,0,0,0
37403576,8701,0,2,0,0,0,0,0,0,0,0,0
37407219,8702,0,2,0,0,0,0,0,0,0,0,0
37410863,8703,0,2,0,0,0,0,0,0,0,0,0
37414507,8704,0,2,0,0,0,0,0,0,0,0,0
37418151,8705,0,2,0,0,0,0,0,0,0,0,0
37421795,8706,0,2,0,0,0,0,0,0,0,0,0
37425439,8707,0,2,0,0,0,0,0,0,0,0,0
37429083,8708,0,2,0,0,0,0,0,0,0,0,0
37432727,8709,0,2,0,0,0,0,0,0,0,0,0
37436371,8710,0,2,0,0,0,0,0,0,0,0,0
37440016,8711,0,2,0,0,0,0,0,0,0,0,0
37443659,8712,0,2,0,0,0,0,0,0,0,0,0
37447303,8713,0,2,0,0,0,0,0,0,0,0,0
37450947,8714,0,2,0,0,0,0,0,0,0,0,0
37454591,8715,0,2,0,0,0,0,0,0,0,0,0
37458235,8716,0,2,0,0,0,0,0,0,0,0,0
37461879,8717,0,2,0,0,0,0,0,0,0,0,0
37465523,8718,0,2,0,0,0,0,0,0,0,0,0
37469167,8719,0,2,0,0,0,0,0,0,0,0,0
37472811,8720,0,2,0,0,0,0,0,0,0,0,0
37476456,8721,0,2,0,0,0,0,0,0,0,0,0
37480099,8722,0,2,0,0,0,0,0,0,0,0,0
37483743,8723,0,2,0,0,0,0,0,0,0,0,0
37487387,8724,0,2,0,0,0,0,0,0,0,0,0
37491031,8725,0,2,0,0,0,0,0,0,0,0,0
37494675,8726,0,2,0,0,0,0,0,0,0,0,0
37498319,8727,0,2,0,0,0,0,0,0,0,0,0
37501963,8728,0,2,0,0,0,0,0,0,0,0,0
37505607,8729,0,2,0,0,0,0,0,0,0,0,0
37509251,8730,0,2,0,0,0,0,0,0,0,0,0
37512896,8731,0,2,0,0,0,0,0,0,0,0,0
37516539,8732,0,2,0,0,0,0,0,0,0,0,0
37520183,8733,0,2,0,0,0,0,0,0,0,0,0
37523827,8734,0,2,0,0,0,0,0,0,0,0,0
37527471,8735,0,2,0,0,0,0,0,0,0,0,0
37531115,8736,0,2,0,0,0,0,0,0,0,0,0
37534759,8737,0,2,0,0,0,0,0,0,0,0,0
37538403,8738,0,2,0,0,0,0,0,0,0,0,0
37542047,8739,0,2,0,0,0,0,0,0,0,0,0
37545691,8740,0,2,0,0,0,0,0,0,0,0,0
37549336,8741,0,2,0,0,0,0,0,0,0,0,0
37552979,8742,0,2,0,0,0,0,0,0,0,0,0
37556623,8743,0,2,0,0,0,0,0,0,0,0,0
37560267,8744,0,2,0,0,0,0,0,0,0,0,0
37563911,8745,0,2,0,0,0,0,0,0,0,0,0
37567555,8746,0,2,0,0,0,0,0,0,0,0,0
37571199,8747,0,2,0,0,0,0,0,0,0,0,0
37574843,8748,0,2,0,0,0,0,0,0,0,0,0
37578487,8749,0,2,0,0,0,0,0,0,0,0,0
37582131,8750,0,2,0,0,0,0,0,0,0,0,0
37585776,8751,0,2,0,0,0,0,0,0,0,0,0
37589419,8752,0,2,0,0,0,0,0,0,0,0,0
37593063,8753,0,2,0,0,0,0,0,0,0,0,0
37596707,8754,0,2,0,0,0,0,0,0,0,0,0
37600351,8755,0,2,0,0,0,0,0,0,0,0,0
37603995,8756,0,2,0,0,0,0,0,0,0,0,0
37607639,8757,0,2,0,0,0,0,0,0,0,0,0
37611283,8758,0,2,0,0,0,0,0,0,0,0,0
37614927,8759,0,2,0,0,0,0,0,0,0,0,0
37618571,8760,0,2,0,0,0,0,0,0,0,0,0
37622216,8761,0,2,0,0,0,0,0,0,0,0,0
37625859,8762,0,2,0,0,0,0,0,0,0,0,0
37629503,8763,0,2,0,0,0,0,0,0,0,0,0
37633147,8764,0,2,0,0,0,0,0,0,0,0,0
37636791,8765,0,2,0,0,0,0,0,0,0,0,0
37640435,8766,0,2,0,0,0,0,0,0,0,0,0
37644079,8767,0,2,0,0,0,0,0,0,0,0,0
37647723,8768,0,2,0,0,0,0,0,0,0,0,0
37651367,8769,0,2,0,0,0,0,0,0,0,0,0
37655011,8770,0,2,0,0,0,0,0,0,0,0,0
37658656,8771,0,2,0,0,0,0,0,0,0,0,0
37662299,8772,0,2,0,0,0,0,0,0,0,0,0
37665943,8773,0,2,0,0,0,0,0,0,0,0,0
37669587,8774,0,2,0,0,0,0,0,0,0,0,0
37673231,8775,0,2,0,0,0,0,0,0,0,0,0
37676875,8776,0,2,0,0,0,0,0,0,0,0,0
37680519,8777,0,2,0,0,0,0,0,0,0,0,0
37684163,8778,0,2,0,0,0,0,0,0,0,0,0
37687807,8779,0,2,0,0,0,0,0,0,0,0,0
37691451,8780,0,2,0,0,0,0,0,0,0,0,0
37695096,8781,0,2,0,0,0,0,0,0,0,0,0
37698739,8782,0,2,0,0,0,0,0,0,0,0,0
37702383,8783,0,2,0,0,0,0,0,0,0,0,0
37706027,8784,0,2,0,0,0,0,0,0,0,0,0
37709671,8785,0,2,0,0,0,0,0,0,0,0,0
37713315,8786,0,2,0,0,0,0,0,0,0,0,0
37716959,8787,0,2,0,0,0,0,0,0,0,0,0
37720603,8788,0,2,0,0,0,0,0,0,0,0,0
37724247,8789,0,2,0,0,0,0,0,0,0,0,0
37727891,8790,0,2,0,0,0,0,0,0,0,0,0
37731536,8791,0,2,0,0,0,0,0,0,0,0,0
37735179,8792,0,2,0,0,0,0,0,0,0,0,0
37738823,8793,0,2,0,0,0,0,0,0,0,0,0
37742467,8794,0,2,0,0,0,0,0,0,0,0,0
37746111,8795,0,2,0,0,0,0,0,0,0,0,0
37749755,8796,0,2,0,0,0,0,0,0,0,0,0
37753399,8797,0,2,0,0,0,0,0,0,0,0,0
37757043,8798,0,2,0,0,0,0,0,0,0,0,0
37760687,8799,0,2,0,0,0,0,0,0,0,0,0
37764331,8800,0,2,0,0,0,0,0,0,0,0,0
37767976,8801,0,2,0,0,0,0,0,0,0,0,0
37771619,8802,0,2,0,0,0,0,0,0,0,0,0
37775263,8803,0,2,0,0,0,0,0,0,0,0,0
37778907,8804,0,2,0,0,0,0,0,0,0,0,0
37782551,8805,0,2,0,0,0,0,0,0,0,0,0
37786195,8806,0,2,0,0,0,0,0,0,0,0,0
37789839,8807,0,2,0,0,0,0,0,0,0,0,0
37793483,8808,0,2,0,0,0,0,0,0,0,0,0
37797127,8809,0,2,0,0,0,0,0,0,0,0,0
37800771,8810,0,2,0,0,0,0,0,0,0,0,0
37804416,8811,0,2,0,0,0,0,0,0,0,0,0
37808059,8812,0,2,0,0,0,0,0,0,0,0,0
37811703,8813,0,2,0,0,0,0,0,0,0,0,0
37815347,8814,0,2,0,0,0,0,0,0,0,0,0
37818991,8815,0,2,0,0,0,0,0,0,0,0,0
37822635,8816,0,2,0,0,0,0,0,0,0,0,0
37826279,8817,0,2,0,0,0,0,0,0,0,0,0
37829923,8818,0,2,0,0,0,0,0,0,0,0,0
37833567,8819,0,2,0,0,0,0,0,0,0,0,0
37837211,8820,0,2,0,0,0,0,0,0,0,0,0
37840856,8821,0,2,0,0,0,0,0,0,0,0,0
37844499,8822,0,2,0,0,0,0,0,0,0,0,0
37848143,8823,0,2,0,0,0,0,0,0,0,0,0
37851787,8824,0,2,0,0,0,0,0,0,0,0,0
37855431,8825,0,2,0,0,0,0,0,0,0,0,0
37859075,8826,0,2,0,0,0,0,0,0,0,0,0
37862719,8827,0,2,0,0,0,0,0,0,0,0,0
37866363,8828,0,2,0,0,0,0,0,0,0,0,0
37870007,8829,0,2,0,0,0,0,0,0,0,0,0
37873651,8830,0,2,0,0,0,0,0,0,0,0,0
37877296,8831,0,2,0,0,0,0,0,0,0,0,0
37880939,8832,0,2,0,0,0,0,0,0,0,0,0
37884583,8833,0,2,0,0,0,0,0,0,0,0,0
37888227,8834,0,2,0,0,0,0,0,0,0,0,0
37891871,8835,0,2,0,0,0,0,0,0,0,0,0
37895515,8836,0,2,0,0,0,0,0,0,0,0,0
37899159,8837,0,2,0,0,0,0,0,0,0,0,0
37902803,8838,0,2,0,0,0,0,0,0,0,0,0
37906447,8839,0,2,0,0,0,0,0,0,0,0,0
37910091,8840,0,2,0,0,0,0,0,0,0,0,0
37913736,8841,0,2,0,0,0,0,0,0,0,0,0
37917379,8842,0,2,0,0,0,0,0,0,0,0,0
37921023,8843,0,2,0,0,0,0,0,0,0,0,0
37924667,8844,0,2,0,0,0,0,0,0,0,0,0
37928311,8845,0,2,0,0,0,0,0,0,0,0,0
37931955,8846,0,2,0,0,0,0,0,0,0,0,0
37935599,8847,0,2,0,0,0,0,0,0,0,0,0
37939243,8848,0,2,0,0,0,0,0,0,0,0,0
37942887,8849,0,2,0,0,0,0,0,0,0,0,0
37946531,8850,0,2,0,0,0,0,0,0,0,0,0
37950176,8851,0,2,0,0,0,0,0,0,0,0,0
37953819,8852,0,2,0,0,0,0,0,0,0,0,0
37957463,8853,0,2,0,0,0,0,0,0,0,0,0
37967914,8854,0,2,0,0,0,0,0,0,0,0,0
37971546,8855,0,2,0,0,0,0,0,0,0,0,0
37975190,8856,0,2,0,0,0,0,0,0,0,0,0
37978834,8857,0,2,0,0,0,0,0,0,0,0,0
37982478,8858,0,2,0,0,0,0,0,0,0,0,0
37986122,8859,0,2,0,0,0,0,0,0,0,0,0
37989766,8860,0,2,0,0,0,0,0,0,0,0,0
37993411,8861,0,2,0,0,0,0,0,0,0,0,0
37997054,8862,0,2,0,0,0,0,0,0,0,0,0
38000698,8863,0,2,0,0,0,0,0,0,0,0,0
38004342,8864,0,2,0,0,0,0,0,0,0,0,0
38007986,8865,0,2,0,0,0,0,0,0,0,0,0
38011630,8866,0,2,0,0,0,0,0,0,0,0,0
38015274,8867,0,2,0,0,0,0,0,0,0,0,0
38018918,8868,0,2,0,0,0,0,0,0,0,0,0
38022562,8869,0,2,0,0,0,0,0,0,0,0,0
38026206,8870,0,2,0,0,0,0,0,0,0,0,0
38029851,8871,0,2,0,0,0,0,0,0,0,0,0
38033494,8872,0,2,0,0,0,0,0,0,0,0,0
38037138,8873,0,2,0,0,0,0,0,0,0,0,0
38040782,8874,0,2,0,0,0,0,0,0,0,0,0
38044426,8875,0,2,0,0,0,0,0,0,0,0,0
38048071,8876,0,2,0,0,0,0,0,0,0,0,0
38051714,8877,0,2,0,0,0,0,0,0,0,0,0
38055358,8878,0,2,0,0,0,0,0,0,0,0,0
38059002,8879,0,2,0,0,0,0,0,0,0,0,0
38062646,8880,0,2,0,0,0,0,0,0,0,0,0
38066291,8881,0,2,0,0,0,0,0,0,0,0,0
38069934,8882,0,2,0,0,0,0,0,0,0,0,0
38073578,8883,0,2,0,0,0,0,0,0,0,0,0
38077222,8884,0,2,0,0,0,0,0,0,0,0,0
38080866,8885,0,2,0,0,0,0,0,0,0,0,0
38084510,8886,0,2,0,0,0,0,0,0,0,0,0
38088154,8887,0,2,0,0,0,0,0,0,0,0,0
38091798,8888,0,2,0,0,0,0,0,0,0,0,0
38095442,8889,0,2,0,0,0,0,0,0,0,0,0
38099086,8890,0,2,0,0,0,0,0,0,0,0,0
38102731,8891,0,2,0,0,0,0,0,0,0,0,0
38106374,8892,0,2,0,0,0,0,0,0,0,0,0
38110018,8893,0,2,0,0,0,0,0,0,0,0,0
38113662,8894,0,2,0,0,0,0,0,0,0,0,0
38117306,8895,0,2,0,0,0,0,0,0,0,0,0
38120950,8896,0,2,0,0,0,0,0,0,0,0,0
38124594,8897,0,2,0,0,0,0,0,0,0,0,0
38128238,8898,0,2,0,0,0,0,0,0,0,0,0
38131882,8899,0,2,0,0,0,0,0,0,0,0,0
38135526,8900,0,2,0,0,0,0,0,0,0,0,0
38139171,8901,0,2,0,0,0,0,0,0,0,0,0
38142814,8902,0,2,0,0,0,0,0,0,0,0,0
38146458,8903,0,2,0,0,0,0,0,0,0,0,0
38150102,8904,0,2,0,0,0,0,0,0,0,0,0
38153746,8905,0,2,0,0,0,0,0,0,0,0,0
38157390,8906,0,2,0,0,0,0,0,0,0,0,0
38161034,8907,0,2,0,0,0,0,0,0,0,0,0
38164678,8908,0,2,0,0,0,0,0,0,0,0,0
38168322,8909,0,2,0,0,0,0,0,0,0,0,0
38171966,8910,0,2,0,0,0,0,0,0,0,0,0
38175611,8911,0,2,0,0,0,0,0,0,0,0,0
38179254,8912,0,2,0,0,0,0,0,0,0,0,0
38182898,8913,0,2,0,0,0,0,0,0,0,0,0
38186542,8914,0,2,0,0,0,0,0,0,0,0,0
38190186,8915,0,2,0,0,0,0,0,0,0,0,0
38193830,8916,0,2,0,0,0,0,0,0,0,0,0
38197474,8917,0,2,0,0,0,0,0,0,0,0,0
38201118,8918,0,2,0,0,0,0,0,0,0,0,0
38204762,8919,0,2,0,0,0,0,0,0,0,0,0
38208406,8920,0,2,0,0,0,0,0,0,0,0,0
38212051,8921,0,2,0,0,0,0,0,0,0,0,0
38215694,8922,0,2,0,0,0,0,0,0,0,0,0
38219338,8923,0,2,0,0,0,0,0,0,0,0,0
38222982,8924,0,2,0,0,0,0,0,0,0,0,0
38226626,8925,0,2,0,0,0,0,0,0,0,0,0
38230270,8926,0,2,0,0,0,0,0,0,0,0,0
38233914,8927,0,2,0,0,0,0,0,0,0,0,0
38237558,8928,0,2,0,0,0,0,0,0,0,0,0
38241202,8929,0,2,0,0,0,0,0,0,0,0,0
38244846,8930,0,2,0,0,0,0,0,0,0,0,0
38248491,8931,0,2,0,0,0,0,0,0,0,0,0
38252134,8932,0,2,0,0,0,0,0,0,0,0,0
38255778,8933,0,2,0,0,0,0,0,0,0,0,0
38259422,8934,0,2,0,0,0,0,0,0,0,0,0
38263066,8935,0,2,0,0,0,0,0,0,0,0,0
38266710,8936,0,2,0,0,0,0,0,0,0,0,0
38270354,8937,0,2,0,0,0,0,0,0,0,0,0
38273998,8938,0,2,0,0,0,0,0,0,0,0,0
38277642,8939,0,2,0,0,0,0,0,0,0,0,0
38281286,8940,0,2,0,0,0,0,0,0,0,0,0
38284931,8941,0,2,0,0,0,0,0,0,0,0,0
38288574,8942,0,2,0,0,0,0,0,0,0,0,0
38292218,8943,0,2,0,0,0,0,0,0,0,0,0
38295862,8944,0,2,0,0,0,0,0,0,0,0,0
38299506,8945,0,2,0,0,0,0,0,0,0,0,0
38303150,8946,0,2,0,0,0,0,0,0,0,0,0
38306794,8947,0,2,0,0,0,0,0,0,0,0,0
38310438,8948,0,2,0,0,0,0,0,0,0,0,0
38314082,8949,0,2,0,0,0,0,0,0,0,0,0
38317726,8950,0,2,0,0,0,0,0,0,0,0,0
38321371,8951,0,2,0,0,0,0,0,0,0,0,0
38325014,8952,0,2,0,0,0,0,0,0,0,0,0
38328658,8953,0,2,0,0,0,0,0,0,0,0,0
38332302,8954,0,2,0,0,0,0,0,0,0,0,0
38335946,8955,0,2,0,0,0,0,0,0,0,0,0
38339590,8956,0,2,0,0,0,0,0,0,0,0,0
38343234,8957,0,2,0,0,0,0,0,0,0,0,0
38346878,8958,0,2,0,0,0,0,0,0,0,0,0
38350522,8959,0,2,0,0,0,0,0,0,0,0,0
38354166,8960,0,2,0,0,0,0,0,0,0,0,0
38357811,8961,0,2,0,0,0,0,0,0,0,0,0
38361454,8962,0,2,0,0,0,0,0,0,0,0,0
38365098,8963,0,2,0,0,0,0,0,0,0,0,0
38368742,8964,0,2,0,0,0,0,0,0,0,0,0
38372386,8965,0,2,0,0,0,0,0,0,0,0,0
38376030,8966,0,2,0,0,0,0,0,0,0,0,0
38379674,8967,0,2,0,0,0,0,0,0,0,0,0
38383318,8968,0,2,0,0,0,0,0,0,0,0,0
38386962,8969,0,2,0,0,0,0,0,0,0,0,0
38390606,8970,0,2,0,0,0,0,0,0,0,0,0
38394251,8971,0,2,0,0,0,0,0,0,0,0,0
38397894,8972,0,2,0,0,0,0,0,0,0,0,0
38401538,8973,0,2,0,0,0,0,0,0,0,0,0
38405182,8974,0,2,0,0,0,0,0,0,0,0,0
38408826,8975,0,2,0,0,0,0,0,0,0,0,0
38412470,8976,0,2,0,0,0,0,0,0,0,0,0
38416114,8977,0,2,0,0,0,0,0,0,0,0,0
38419758,8978,0,2,0,0,0,0,0,0,0,0,0
38423402,8979,0,2,0,0,0,0,0,0,0,0,0
38427046,8980,0,2,0,0,0,0,0,0,0,0,0
38430691,8981,0,2,0,0,0,0,0,0,0,0,0
38434334,8982,0,2,0,0,0,0,0,0,0,0,0
38437978,8983,0,2,0,0,0,0,0,0,0,0,0
38441622,8984,0,2,0,0,0,0,0,0,0,0,0
38445266,8985,0,2,0,0,0,0,0,0,0,0,0
38448910,8986,0,2,0,0,0,0,0,0,0,0,0
38452554,8987,0,2,0,0,0,0,0,0,0,0,0
38456198,8988,0,2,0,0,0,0,0,0,0,0,0
38459842,8989,0,2,0,0,0,0,0,0,0,0,0
38463486,8990,0,2,0,0,0,0,0,0,0,0,0
38467131,8991,0,2,0,0,0,0,0,0,0,0,0
38470774,8992,0,2,0,0,0,0,0,0,0,0,0
38474418,8993,0,2,0,0,0,0,0,0,0,0,0
38478062,8994,0,2,0,0,0,0,0,0,0,0,0
38481706,8995,0,2,0,0,0,0,0,0,0,0,0
38485350,8996,0,2,0,0,0,0,0,0,0,0,0
38488994,8997,0,2,0,0,0,0,0,0,0,0,0
38492638,8998,0,2,0,0,0,0,0,0,0,0,0
38496282,8999,0,2,0,0,0,0,0,0,0,0,0
38499926,9000,0,2,0,0,0,0,0,0,0,0,0
38503571,9001,0,2,0,0,0,0,0,0,0,0,0
38507214,9002,0,2,0,0,0,0,0,0,0,0,0
38510858,9003,0,2,0,0,0,0,0,0,0,0,0
38514502,9004,0,2,0,0,0,0,0,0,0,0,0
38518146,9005,0,2,0,0,0,0,0,0,0,0,0
38521790,9006,0,2,0,0,0,0,0,0,0,0,0
38525434,9007,0,2,0,0,0,0,0,0,0,0,0
38529078,9008,0,2,0,0,0,0,0,0,0,0,0
38532722,9009,0,2,0,0,0,0,0,0,0,0,0
38536366,9010,0,2,0,0,0,0,0,0,0,0,0
38540011,9011,0,2,0,0,0,0,0,0,0,0,0
38543654,9012,0,2,0,0,0,0,0,0,0,0,0
38547298,9013,0,2,0,0,0,0,0,0,0,0,0
38550942,9014,0,2,0,0,0,0,0,0,0,0,0
38554586,9015,0,2,0,0,0,0,0,0,0,0,0
38558230,9016,0,2,0,0,0,0,0,0,0,0,0
38561874,9017,0,2,0,0,0,0,0,0,0,0,0
38565518,9018,0,2,0,0,0,0,0,0,0,0,0
38569162,9019,0,2,0,0,0,0,0,0,0,0,0
38572806,9020,0,2,0,0,0,0,0,0,0,0,0
38576451,9021,0,2,0,0,0,0,0,0,0,0,0
38580094,9022,0,2,0,0,0,0,0,0,0,0,0
38583738,9023,0,2,0,0,0,0,0,0,0,0,0
38587382,9024,0,2,0,0,0,0,0,0,0,0,0
38591026,9025,0,2,0,0,0,0,0,0,0,0,0
38594670,9026,0,2,0,0,0,0,0,0,0,0,0
38598314,9027,0,2,0,0,0,0,0,0,0,0,0
38601958,9028,0,2,0,0,0,0,0,0,0,0,0
38605602,9029,0,2,0,0,0,0,0,0,0,0,0
38609246,9030,0,2,0,0,0,0,0,0,0,0,0
38612891,9031,0,2,0,0,0,0,0,0,0,0,0
38616534,9032,0,2,0,0,0,0,0,0,0,0,0
38620178,9033,0,2,0,0,0,0,0,0,0,0,0
38623822,9034,0,2,0,0,0,0,0,0,0,0,0
38627466,9035,0,2,0,0,0,0,0,0,0,0,0
38631110,9036,0,2,0,0,0,0,0,0,0,0,0
38634754,9037,0,2,0,0,0,0,0,0,0,0,0
38638398,9038,0,2,0,0,0,0,0,0,0,0,0
38642042,9039,0,2,0,0,0,0,0,0,0,0,0
38645686,9040,0,2,0,0,0,0,0,0,0,0,0
38649331,9041,0,2,0,0,0,0,0,0,0,0,0
38652974,9042,0,2,0,0,0,0,0,0,0,0,0
38656618,9043,0,2,0,0,0,0,0,0,0,0,0
38660262,9044,0,2,0,0,0,0,0,0,0,0,0
38663906,9045,0,2,0,0,0,0,0,0,0,0,0
38667550,9046,0,2,0,0,0,0,0,0,0,0,0
38671194,9047,0,2,0,0,0,0,0,0,0,0,0
38674838,9048,0,2,0,0,0,0,0,0,0,0,0
38678482,9049,0,2,0,0,0,0,0,0,0,0,0
38682126,9050,0,2,0,0,0,0,0,0,0,0,0
38685771,9051,0,2,0,0,0,0,0,0,0,0,0
38689414,9052,0,2,0,0,0,0,0,0,0,0,0
38693058,9053,0,2,0,0,0,0,0,0,0,0,0
38696702,9054,0,2,0,0,0,0,0,0,0,0,0
38700346,9055,0,2,0,0,0,0,0,0,0,0,0
38703990,9056,0,2,0,0,0,0,0,0,0,0,0
38707634,9057,0,2,0,0,0,0,0,0,0,0,0
38711278,9058,0,2,0,0,0,0,0,0,0,0,0
38714922,9059,0,2,0,0,0,0,0,0,0,0,0
38718566,9060,0,2,0,0,0,0,0,0,0,0,0
38722211,9061,0,2,0,0,0,0,0,0,0,0,0
38725854,9062,0,2,0,0,0,0,0,0,0,0,0
38729498,9063,0,2,0,0,0,0,0,0,0,0,0
38733142,9064,0,2,0,0,0,0,0,0,0,0,0
38736786,9065,0,2,0,0,0,0,0,0,0,0,0
38740430,9066,0,2,0,0,0,0,0,0,0,0,0
38744074,9067,0,2,0,0,0,0,0,0,0,0,0
38747718,9068,0,2,0,0,0,0,0,0,0,0,0
38751362,9069,0,2,0,0,0,0,0,0,0,0,0
38755006,9070,0,2,0,0,0,0,0,0,0,0,0
38758651,9071,0,2,0,0,0,0,0,0,0,0,0
38762294,9072,0,2,0,0,0,0,0,0,0,0,0
38765938,9073,0,2,0,0,0,0,0,0,0,0,0
38769582,9074,0,2,0,0,0,0,0,0,0,0,0
38773226,9075,0,2,0,0,0,0,0,0,0,0,0
38776870,9076,0,2,0,0,0,0,0,0,0,0,0
38780514,9077,0,2,0,0,0,0,0,0,0,0,0
38784158,9078,0,2,0,0,0,0,0,0,0,0,0
38787802,9079,0,2,0,0,0,0,0,0,0,0,0
38791446,9080,0,2,0,0,0,0,0,0,0,0,0
38800217,9081,0,2,0,0,0,0,0,0,0,0,0
38803849,9082,0,2,0,0,0,0,0,0,0,0,0
38807493,9083,0,2,0,0,0,0,0,0,0,0,0
38811137,9084,0,2,0,0,0,0,0,0,0,0,0
38814781,9085,0,2,0,0,0,0,0,0,0,0,0
38818425,9086,0,2,0,0,0,0,0,0,0,0,0
38822069,9087,0,2,0,0,0,0,0,0,0,0,0
38825713,9088,0,2,0,0,0,0,0,0,0,0,0
38829357,9089,0,2,0,0,0,0,0,0,0,0,0
38833001,9090,0,2,0,0,0,0,0,0,0,0,0
38836646,9091,0,2,0,0,0,0,0,0,0,0,0
38840289,9092,0,2,0,0,0,0,0,0,0,0,0
38843933,9093,0,2,0,0,0,0,0,0,0,0,0
38847577,9094,0,2,0,0,0,0,0,0,0,0,0
38851221,9095,0,2,0,0,0,0,0,0,0,0,0
38854865,9096,0,2,0,0,0,0,0,0,0,0,0
38858509,9097,0,2,0,0,0,0,0,0,0,0,0
38862153,9098,0,2,0,0,0,0,0,0,0,0,0
38865797,9099,0,2,0,0,0,0,0,0,0,0,0
38869441,9100,0,2,0,0,0,0,0,0,0,0,0
38873086,9101,0,2,0,0,0,0,0,0,0,0,0
38876729,9102,0,2,0,0,0,0,0,0,0,0,0
38880373,9103,0,2,0,0,0,0,0,0,0,0,0
38884017,9104,0,2,0,0,0,0,0,0,0,0,0
38887661,9105,0,2,0,0,0,0,0,0,0,0,0
38891305,9106,0,2,0,0,0,0,0,0,0,0,0
38894949,9107,0,2,0,0,0,0,0,0,0,0,0
38898593,9108,0,2,0,0,0,0,0,0,0,0,0
38902237,9109,0,2,0,0,0,0,0,0,0,0,0
38905881,9110,0,2,0,0,0,0,0,0,0,0,0
38909526,9111,0,2,0,0,0,0,0,0,0,0,0
38913169,9112,0,2,0,0,0,0,0,0,0,0,0
38916813,9113,0,2,0,0,0,0,0,0,0,0,0
38920457,9114,0,2,0,0,0,0,0,0,0,0,0
38924101,9115,0,2,0,0,0,0,0,0,0,0,0
38927745,9116,0,2,0,0,0,0,0,0,0,0,0
38931389,9117,0,2,0,0,0,0,0,0,0,0,0
38935033,9118,0,2,0,0,0,0,0,0,0,0,0
38938677,9119,0,2,0,0,0,0,0,0,0,0,0
38942321,9120,0,2,0,0,0,0,0,0,0,0,0
38945966,9121,0,2,0,0,0,0,0,0,0,0,0
38949609,9122,0,2,0,0,0,0,0,0,0,0,0
38953253,9123,0,2,0,0,0,0,0,0,0,0,0
38956897,9124,0,2,0,0,0,0,0,0,0,0,0
38960541,9125,0,2,0,0,0,0,0,0,0,0,0
38964185,9126,0,2,0,0,0,0,0,0,0,0,0
38967829,9127,0,2,0,0,0,0,0,0,0,0,0
38971473,9128,0,2,0,0,0,0,0,0,0,0,0
38975117,9129,0,2,0,0,0,0,0,0,0,0,0
38978761,9130,0,2,0,0,0,0,0,0,0,0,0
38982406,9131,0,2,0,0,0,0,0,0,0,0,0
38986050,9132,0,2,0,0,0,0,0,0,0,0,0
38989693,9133,0,2,0,0,0,0,0,0,0,0,0
38993337,9134,0,2,0,0,0,0,0,0,0,0,0
38996981,9135,0,2,0,0,0,0,0,0,0,0,0
39000625,9136,0,2,0,0,0,0,0,0,0,0,0
39004269,9137,0,2,0,0,0,0,0,0,0,0,0
39007913,9138,0,2,0,0,0,0,0,0,0,0,0
39011557,9139,0,2,0,0,0,0,0,0,0,0,0
39015201,9140,0,2,0,0,0,0,0,0,0,0,0
39018846,9141,0,2,0,0,0,0,0,0,0,0,0
39022489,9142,0,2,0,0,0,0,0,0,0,0,0
39026133,9143,0,2,0,0,0,0,0,0,0,0,0
39029777,9144,0,2,0,0,0,0,0,0,0,0,0
39033421,9145,0,2,0,0,0,0,0,0,0,0,0
39037065,9146,0,2,0,0,0,0,0,0,0,0,0
39040709,9147,0,2,0,0,0,0,0,0,0,0,0
39044353,9148,0,2,0,0,0,0,0,0,0,0,0
39047997,9149,0,2,0,0,0,0,0,0,0,0,0
39051641,9150,0,2,0,0,0,0,0,0,0,0,0
39055286,9151,0,2,0,0,0,0,0,0,0,0,0
39058929,9152,0,2,0,0,0,0,0,0,0,0,0
39062573,9153,0,2,0,0,0,0,0,0,0,0,0
39066217,9154,0,2,0,0,0,0,0,0,0,0,0
39069861,9155,0,2,0,0,0,0,0,0,0,0,0
39073505,9156,0,2,0,0,0,0,0,0,0,0,0
39077149,9157,0,2,0,0,0,0,0,0,0,0,0
39080793,9158,0,2,0,0,0,0,0,0,0,0,0
39084437,9159,0,2,0,0,0,0,0,0,0,0,0
39088081,9160,0,2,0,0,0,0,0,0,0,0,0
39091726,9161,0,2,0,0,0,0,0,0,0,0,0
39095369,9162,0,2,0,0,0,0,0,0,0,0,0
39099014,9163,0,2,0,0,0,0,0,0,0,0,0
39102657,9164,0,2,0,0,0,0,0,0,0,0,0
39106301,9165,0,2,0,0,0,0,0,0,0,0,0
39109945,9166,0,2,0,0,0,0,0,0,0,0,0
39113589,9167,0,2,0,0,0,0,0,0,0,0,0
39117233,9168,0,2,0,0,0,0,0,0,0,0,0
39120877,9169,0,2,0,0,0,0,0,0,0,0,0
39124521,9170,0,2,0,0,0,0,0,0,0,0,0
39128166,9171,0,2,0,0,0,0,0,0,0,0,0
39131809,9172,0,2,0,0,0,0,0,0,0,0,0
39135453,9173,0,2,0,0,0,0,0,0,0,0,0
39139097,9174,0,2,0,0,0,0,0,0,0,0,0
39142741,9175,0,2,0,0,0,0,0,0,0,0,0
39146385,9176,0,2,0,0,0,0,0,0,0,0,0
39150029,9177,0,2,0,0,0,0,0,0,0,0,0
39153673,9178,0,2,0,0,0,0,0,0,0,0,0
39157317,9179,0,2,0,0,0,0,0,0,0,0,0
39160961,9180,0,2,0,0,0,0,0,0,0,0,0
39164606,9181,0,2,0,0,0,0,0,0,0,0,0
39168249,9182,0,2,0,0,0,0,0,0,0,0,0
39171893,9183,0,2,0,0,0,0,0,0,0,0,0
39175537,9184,0,2,0,0,0,0,0,0,0,0,0
39179181,9185,0,2,0,0,0,0,0,0,0,0,0
39182825,9186,0,2,0,0,0,0,0,0,0,0,0
39186469,9187,0,2,0,0,0,0,0,0,0,0,0
39190113,9188,0,2,0,0,0,0,0,0,0,0,0
39193757,9189,0,2,0,0,0,0,0,0,0,0,0
39197401,9190,0,2,0,0,0,0,0,0,0,0,0
39201046,9191,0,2,0,0,0,0,0,0,0,0,0
39204689,9192,0,2,0,0,0,0,0,0,0,0,0
39208333,9193,0,2,0,0,0,0,0,0,0,0,0
39211977,9194,0,2,0,0,0,0,0,0,0,0,0
39215621,9195,0,2,0,0,0,0,0,0,0,0,0
39219265,9196,0,2,0,0,0,0,0,0,0,0,0
39222909,9197,0,2,0,0,0,0,0,0,0,0,0
39226553,9198,0,2,0,0,0,0,0,0,0,0,0
39230197,9199,0,2,0,0,0,0,0,0,0,0,0
39233841,9200,0,2,0,0,0,0,0,0,0,0,0
39237486,9201,0,2,0,0,0,0,0,0,0,0,0
39241129,9202,0,2,0,0,0,0,0,0,0,0,0
39244773,9203,0,2,0,0,0,0,0,0,0,0,0
39248417,9204,0,2,0,0,0,0,0,0,0,0,0
39252061,9205,0,2,0,0,0,0,0,0,0,0,0
39255705,9206,0,2,0,0,0,0,0,0,0,0,0
39259349,9207,0,2,0,0,0,0,0,0,0,0,0
39262993,9208,0,2,0,0,0,0,0,0,0,0,0
39266637,9209,0,2,0,0,0,0,0,0,0,0,0
39270281,9210,0,2,0,0,0,0,0,0,0,0,0
39273926,9211,0,2,0,0,0,0,0,0,0,0,0
39277569,9212,0,2,0,0,0,0,0,0,0,0,0
39281213,9213,0,2,0,0,0,0,0,0,0,0,0
39284857,9214,0,2,0,0,0,0,0,0,0,0,0
39288501,9215,0,2,0,0,0,0,0,0,0,0,0
39292145,9216,0,2,0,0,0,0,0,0,0,0,0
39295789,9217,0,2,0,0,0,0,0,0,0,0,0
39299433,9218,0,2,0,0,0,0,0,0,0,0,0
39303078,9219,0,2,0,0,0,0,0,0,0,0,0
39306721,9220,0,2,0,0,0,0,0,0,0,0,0
39310366,9221,0,2,0,0,0,0,0,0,0,0,0
39314009,9222,0,2,0,0,0,0,0,0,0,0,0
39317653,9223,0,2,0,0,0,0,0,0,0,0,0
39321297,9224,0,2,0,0,0,0,0,0,0,0,0
39324941,9225,0,2,0,0,0,0,0,0,0,0,0
39328585,9226,0,2,0,0,0,0,0,0,0,0,0
39332229,9227,0,2,0,0,0,0,0,0,0,0,0
39335873,9228,0,2,0,0,0,0,0,0,0,0,0
39339517,9229,0,2,0,0,0,0,0,0,0,0,0
39343161,9230,0,2,0,0,0,0,0,0,0,0,0
39346806,9231,0,2,0,0,0,0,0,0,0,0,0
39350449,9232,0,2,0,0,0,0,0,0,0,0,0
39354094,9233,0,2,0,0,0,0,0,0,0,0,0
39357737,9234,0,2,0,0,0,0,0,0,0,0,0
39361381,9235,0,2,0,0,0,0,0,0,0,0,0
39365025,9236,0,2,0,0,0,0,0,0,0,0,0
39368669,9237,0,2,0,0,0,0,0,0,0,0,0
39372313,9238,0,2,0,0,0,0,0,0,0,0,0
39375957,9239,0,2,0,0,0,0,0,0,0,0,0
39379601,9240,0,2,0,0,0,0,0,0,0,0,0
39383246,9241,0,2,0,0,0,0,0,0,0,0,0
39386889,9242,0,2,0,0,0,0,0,0,0,0,0
39390533,9243,0,2,0,0,0,0,0,0,0,0,0
39394177,9244,0,2,0,0,0,0,0,0,0,0,0
39397821,9245,0,2,0,0,0,0,0,0,0,0,0
39401465,9246,0,2,0,0,0,0,0,0,0,0,0
39405109,9247,0,2,0,0,0,0,0,0,0,0,0
39408753,9248,0,2,0,0,0,0,0,0,0,0,0
39412397,9249,0,2,0,0,0,0,0,0,0,0,0
39416042,9250,0,2,0,0,0,0,0,0,0,0,0
39419686,9251,0,2,0,0,0,0,0,0,0,0,0
39423329,9252,0,2,0,0,0,0,0,0,0,0,0
39426973,9253,0,2,0,0,0,0,0,0,0,0,0
39430617,9254,0,2,0,0,0,0,0,0,0,0,0
39434261,9255,0,2,0,0,0,0,0,0,0,0,0
39437905,9256,0,2,0,0,0,0,0,0,0,0,0
39441549,9257,0,2,0,0,0,0,0,0,0,0,0
39445193,9258,0,2,0,0,0,0,0,0,0,0,0
39448837,9259,0,2,0,0,0,0,0,0,0,0,0
39452481,9260,0,2,0,0,0,0,0,0,0,0,0
39456126,9261,0,2,0,0,0,0,0,0,0,0,0
39459769,9262,0,2,0,0,0,0,0,0,0,0,0
39463413,9263,0,2,0,0,0,0,0,0,0,0,0
39467057,9264,0,2,0,0,0,0,0,0,0,0,0
39470701,9265,0,2,0,0,0,0,0,0,0,0,0
39474345,9266,0,2,0,0,0,0,0,0,0,0,0
39477989,9267,0,2,0,0,0,0,0,0,0,0,0
39481633,9268,0,2,0,0,0,0,0,0,0,0,0
39485277,9269,0,2,0,0,0,0,0,0,0,0,0
39488921,9270,0,2,0,0,0,0,0,0,0,0,0
39492566,9271,0,2,0,0,0,0,0,0,0,0,0
39496209,9272,0,2,0,0,0,0,0,0,0,0,0
39499853,9273,0,2,0,0,0,0,0,0,0,0,0
39503497,9274,0,2,0,0,0,0,0,0,0,0,0
39507141,9275,0,2,0,0,0,0,0,0,0,0,0
39510785,9276,0,2,0,0,0,0,0,0,0,0,0
39514429,9277,0,2,0,0,0,0,0,0,0,0,0
39518073,9278,0,2,0,0,0,0,0,0,0,0,0
39521717,9279,0,2,0,0,0,0,0,0,0,0,0
39525361,9280,0,2,0,0,0,0,0,0,0,0,0
39529006,9281,0,2,0,0,0,0,0,0,0,0,0
39532649,9282,0,2,0,0,0,0,0,0,0,0,0
39536293,9283,0,2,0,0,0,0,0,0,0,0,0
39539937,9284,0,2,0,0,0,0,0,0,0,0,0
39543581,9285,0,2,0,0,0,0,0,0,0,0,0
39547225,9286,0,2,0,0,0,0,0,0,0,0,0
39550869,9287,0,2,0,0,0,0,0,0,0,0,0
39554513,9288,0,2,0,0,0,0,0,0,0,0,0
39558157,9289,0,2,0,0,0,0,0,0,0,0,0
39561801,9290,0,2,0,0,0,0,0,0,0,0,0
39565446,9291,0,2,0,0,0,0,0,0,0,0,0
39569090,9292,0,2,0,0,0,0,0,0,0,0,0
39572733,9293,0,2,0,0,0,0,0,0,0,0,0
39576377,9294,0,2,0,0,0,0,0,0,0,0,0
39580021,9295,0,2,0,0,0,0,0,0,0,0,0
39583665,9296,0,2,0,0,0,0,0,0,0,0,0
39587309,9297,0,2,0,0,0,0,0,0,0,0,0
39590953,9298,0,2,0,0,0,0,0,0,0,0,0
39594597,9299,0,2,0,0,0,0,0,0,0,0,0
39598241,9300,0,2,0,0,0,0,0,0,0,0,0
39601886,9301,0,2,0,0,0,0,0,0,0,0,0
39605529,9302,0,2,0,0,0,0,0,0,0,0,0
39609173,9303,0,2,0,0,0,0,0,0,0,0,0
39612817,9304,0,2,0,0,0,0,0,0,0,0,0
39616461,9305,0,2,0,0,0,0,0,0,0,0,0
39620106,9306,0,2,0,0,0,0,0,0,0,0,0
39623749,9307,0,2,0,0,0,0,0,0,0,0,0
39634451,9308,0,2,0,0,0,0,0,0,0,0,0
39638083,9309,0,2,0,0,0,0,0,0,0,0,0
39641727,9310,0,2,0,0,0,0,0,0,0,0,0
39645372,9311,0,2,0,0,0,0,0,0,0,0,0
39649016,9312,0,2,0,0,0,0,0,0,0,0,0
39652659,9313,0,2,0,0,0,0,0,0,0,0,0
39656303,9314,0,2,0,0,0,0,0,0,0,0,0
39659947,9315,0,2,0,0,0,0,0,0,0,0,0
39663591,9316,0,2,0,0,0,0,0,0,0,0,0
39667235,9317,0,2,0,0,0,0,0,0,0,0,0
39670879,9318,0,2,0,0,0,0,0,0,0,0,0
39674523,9319,0,2,0,0,0,0,0,0,0,0,0
39678167,9320,0,2,0,0,0,0,0,0,0,0,0
39681812,9321,0,2,0,0,0,0,0,0,0,0,0
39685455,9322,0,2,0,0,0,0,0,0,0,0,0
39689100,9323,0,2,0,0,0,0,0,0,0,0,0
39692743,9324,0,2,0,0,0,0,0,0,0,0,0
39696387,9325,0,2,0,0,0,0,0,0,0,0,0
39700032,9326,0,2,0,0,0,0,0,0,0,0,0
39703675,9327,0,2,0,0,0,0,0,0,0,0,0
39707319,9328,0,2,0,0,0,0,0,0,0,0,0
39710963,9329,0,2,0,0,0,0,0,0,0,0,0
39714607,9330,0,2,0,0,0,0,0,0,0,0,0
39718252,9331,0,2,0,0,0,0,0,0,0,0,0
39721895,9332,0,2,0,0,0,0,0,0,0,0,0
39725539,9333,0,2,0,0,0,0,0,0,0,0,0
39729183,9334,0,2,0,0,0,0,0,0,0,0,0
39732827,9335,0,2,0,0,0,0,0,0,0,0,0
39736471,9336,0,2,0,0,0,0,0,0,0,0,0
39740115,9337,0,2,0,0,0,0,0,0,0,0,0
39743759,9338,0,2,0,0,0,0,0,0,0,0,0
39747403,9339,0,2,0,0,0,0,0,0,0,0,0
39751047,9340,0,2,0,0,0,0,0,0,0,0,0
39754692,9341,0,2,0,0,0,0,0,0,0,0,0
39758335,9342,0,2,0,0,0,0,0,0,0,0,0
39761979,9343,0,2,0,0,0,0,0,0,0,0,0
39765623,9344,0,2,0,0,0,0,0,0,0,0,0
39769267,9345,0,2,0,0,0,0,0,0,0,0,0
39772911,9346,0,2,0,0,0,0,0,0,0,0,0
39776555,9347,0,2,0,0,0,0,0,0,0,0,0
39780199,9348,0,2,0,0,0,0,0,0,0,0,0
39783843,9349,0,2,0,0,0,0,0,0,0,0,0
39787487,9350,0,2,0,0,0,0,0,0,0,0,0
39791132,9351,0,2,0,0,0,0,0,0,0,0,0
39794775,9352,0,2,0,0,0,0,0,0,0,0,0
39798419,9353,0,2,0,0,0,0,0,0,0,0,0
39802063,9354,0,2,0,0,0,0,0,0,0,0,0
39805707,9355,0,2,0,0,0,0,0,0,0,0,0
39809351,9356,0,2,0,0,0,0,0,0,0,0,0
39812995,9357,0,2,0,0,0,0,0,0,0,0,0
39816639,9358,0,2,0,0,0,0,0,0,0,0,0
39820283,9359,0,2,0,0,0,0,0,0,0,0,0
39823927,9360,0,2,0,0,0,0,0,0,0,0,0
39827572,9361,0,2,0,0,0,0,0,0,0,0,0
39831215,9362,0,2,0,0,0,0,0,0,0,0,0
39834859,9363,0,2,0,0,0,0,0,0,0,0,0
39838503,9364,0,2,0,0,0,0,0,0,0,0,0
39842147,9365,0,2,0,0,0,0,0,0,0,0,0
39845791,9366,0,2,0,0,0,0,0,0,0,0,0
39849435,9367,0,2,0,0,0,0,0,0,0,0,0
39853079,9368,0,2,0,0,0,0,0,0,0,0,0
39856723,9369,0,2,0,0,0,0,0,0,0,0,0
39860367,9370,0,2,0,0,0,0,0,0,0,0,0
39864012,9371,0,2,0,0,0,0,0,0,0,0,0
39867655,9372,0,2,0,0,0,0,0,0,0,0,0
39871299,9373,0,2,0,0,0,0,0,0,0,0,0
39874943,9374,0,2,0,0,0,0,0,0,0,0,0
39878587,9375,0,2,0,0,0,0,0,0,0,0,0
39882231,9376,0,2,0,0,0,0,0,0,0,0,0
39885875,9377,0,2,0,0,0,0,0,0,0,0,0
39889519,9378,0,2,0,0,0,0,0,0,0,0,0
39893163,9379,0,2,0,0,0,0,0,0,0,0,0
39896807,9380,0,2,0,0,0,0,0,0,0,0,0
39900452,9381,0,2,0,0,0,0,0,0,0,0,0
39904095,9382,0,2,0,0,0,0,0,0,0,0,0
39907739,9383,0,2,0,0,0,0,0,0,0,0,0
39911383,9384,0,2,0,0,0,0,0,0,0,0,0
39915027,9385,0,2,0,0,0,0,0,0,0,0,0
39918671,9386,0,2,0,0,0,0,0,0,0,0,0
39922315,9387,0,2,0,0,0,0,0,0,0,0,0
39925959,9388,0,2,0,0,0,0,0,0,0,0,0
39929603,9389,0,2,0,0,0,0,0,0,0,0,0
39933247,9390,0,2,0,0,0,0,0,0,0,0,0
39936892,9391,0,2,0,0,0,0,0,0,0,0,0
39940535,9392,0,2,0,0,0,0,0,0,0,0,0
39944179,9393,0,2,0,0,0,0,0,0,0,0,0
39947823,9394,0,2,0,0,0,0,0,0,0,0,0
39951467,9395,0,2,0,0,0,0,0,0,0,0,0
39955112,9396,0,2,0,0,0,0,0,0,0,0,0
39958755,9397,0,2,0,0,0,0,0,0,0,0,0
39962399,9398,0,2,0,0,0,0,0,0,0,0,0
39966044,9399,0,2,0,0,0,0,0,0,0,0,0
39969687,9400,0,2,0,0,0,0,0,0,0,0,0
39973332,9401,0,2,0,0,0,0,0,0,0,0,0
39976975,9402,0,2,0,0,0,0,0,0,0,0,0
39980619,9403,0,2,0,0,0,0,0,0,0,0,0
39984263,9404,0,2,0,0,0,0,0,0,0,0,0
39987907,9405,0,2,0,0,0,0,0,0,0,0,0
39991551,9406,0,2,0,0,0,0,0,0,0,0,0
39995195,9407,0,2,0,0,0,0,0,0,0,0,0
39998839,9408,0,2,0,0,0,0,0,0,0,0,0
40002483,9409,0,2,0,0,0,0,0,0,0,0,0
40006127,9410,0,2,0,0,0,0,0,0,0,0,0
40009772,9411,0,2,0,0,0,0,0,0,0,0,0
40013415,9412,0,2,0,0,0,0,0,0,0,0,0
40017059,9413,0,2,0,0,0,0,0,0,0,0,0
40020703,9414,0,2,0,0,0,0,0,0,0,0,0
40024347,9415,0,2,0,0,0,0,0,0,0,0,0
40027991,9416,0,2,0,0,0,0,0,0,0,0,0
40031635,9417,0,2,0,0,0,0,0,0,0,0,0
40035279,9418,0,2,0,0,0,0,0,0,0,0,0
40038923,9419,0,2,0,0,0,0,0,0,0,0,0
40042567,9420,0,2,0,0,0,0,0,0,0,0,0
40046212,9421,0,2,0,0,0,0,0,0,0,0,0
40049855,9422,0,2,0,0,0,0,0,0,0,0,0
40053499,9423,0,2,0,0,0,0,0,0,0,0,0
40057143,9424,0,2,0,0,0,0,0,0,0,0,0
40060787,9425,0,2,0,0,0,0,0,0,0,0,0
40064431,9426,0,2,0,0,0,0,0,0,0,0,0
40068075,9427,0,2,0,0,0,0,0,0,0,0,0
40071719,9428,0,2,0,0,0,0,0,0,0,0,0
40075363,9429,0,2,0,0,0,0,0,0,0,0,0
40079007,9430,0,2,0,0,0,0,0,0,0,0,0
40082652,9431,0,2,0,0,0,0,0,0,0,0,0
40086295,9432,0,2,0,0,0,0,0,0,0,0,0
40089939,9433,0,2,0,0,0,0,0,0,0,0,0
40093583,9434,0,2,0,0,0,0,0,0,0,0,0
40097227,9435,0,2,0,0,0,0,0,0,0,0,0
40100871,9436,0,2,0,0,0,0,0,0,0,0,0
40104515,9437,0,2,0,0,0,0,0,0,0,0,0
40108159,9438,0,2,0,0,0,0,0,0,0,0,0
40111803,9439,0,2,0,0,0,0,0,0,0,0,0
40115447,9440,0,2,0,0,0,0,0,0,0,0,0
40119092,9441,0,2,0,0,0,0,0,0,0,0,0
40122735,9442,0,2,0,0,0,0,0,0,0,0,0
40126379,9443,0,2,0,0,0,0,0,0,0,0,0
40130023,9444,0,2,0,0,0,0,0,0,0,0,0
40133667,9445,0,2,0,0,0,0,0,0,0,0,0
40137311,9446,0,2,0,0,0,0,0,0,0,0,0
40140955,9447,0,2,0,0,0,0,0,0,0,0,0
40144599,9448,0,2,0,0,0,0,0,0,0,0,0
40148243,9449,0,2,0,0,0,0,0,0,0,0,0
40151887,9450,0,2,0,0,0,0,0,0,0,0,0
40155532,9451,0,2,0,0,0,0,0,0,0,0,0
40159175,9452,0,2,0,0,0,0,0,0,0,0,0
40162819,9453,0,2,0,0,0,0,0,0,0,0,0
40166463,9454,0,2,0,0,0,0,0,0,0,0,0
40170107,9455,0,2,0,0,0,0,0,0,0,0,0
40173751,9456,0,2,0,0,0,0,0,0,0,0,0
40177395,9457,0,2,0,0,0,0,0,0,0,0,0
40181039,9458,0,2,0,0,0,0,0,0,0,0,0
40184683,9459,0,2,0,0,0,0,0,0,0,0,0
40188327,9460,0,2,0,0,0,0,0,0,0,0,0
40191972,9461,0,2,0,0,0,0,0,0,0,0,0
40195615,9462,0,2,0,0,0,0,0,0,0,0,0
40199259,9463,0,2,0,0,0,0,0,0,0,0,0
40202903,9464,0,2,0,0,0,0,0,0,0,0,0
40206547,9465,0,2,0,0,0,0,0,0,0,0,0
40210191,9466,0,2,0,0,0,0,0,0,0,0,0
40213835,9467,0,2,0,0,0,0,0,0,0,0,0
40217479,9468,0,2,0,0,0,0,0,0,0,0,0
40221123,9469,0,2,0,0,0,0,0,0,0,0,0
40224767,9470,0,2,0,0,0,0,0,0,0,0,0
40228412,9471,0,2,0,0,0,0,0,0,0,0,0
40232055,9472,0,2,0,0,0,0,0,0,0,0,0
40235699,9473,0,2,0,0,0,0,0,0,0,0,0
40239343,9474,0,2,0,0,0,0,0,0,0,0,0
40242987,9475,0,2,0,0,0,0,0,0,0,0,0
40246631,9476,0,2,0,0,0,0,0,0,0,0,0
40250275,9477,0,2,0,0,0,0,0,0,0,0,0
40253919,9478,0,2,0,0,0,0,0,0,0,0,0
40257563,9479,0,2,0,0,0,0,0,0,0,0,0
40261207,9480,0,2,0,0,0,0,0,0,0,0,0
40264852,9481,0,2,0,0,0,0,0,0,0,0,0
40268495,9482,0,2,0,0,0,0,0,0,0,0,0
40272139,9483,0,2,0,0,0,0,0,0,0,0,0
40275783,9484,0,2,0,0,0,0,0,0,0,0,0
40279427,9485,0,2,0,0,0,0,0,0,0,0,0
40283071,9486,0,2,0,0,0,0,0,0,0,0,0
40286715,9487,0,2,0,0,0,0,0,0,0,0,0
40290359,9488,0,2,0,0,0,0,0,0,0,0,0
40294003,9489,0,2,0,0,0,0,0,0,0,0,0
40297647,9490,0,2,0,0,0,0,0,0,0,0,0
40301292,9491,0,2,0,0,0,0,0,0,0,0,0
40304935,9492,0,2,0,0,0,0,0,0,0,0,0
40308579,9493,0,2,0,0,0,0,0,0,0,0,0
40312223,9494,0,2,0,0,0,0,0,0,0,0,0
40315867,9495,0,2,0,0,0,0,0,0,0,0,0
40319511,9496,0,2,0,0,0,0,0,0,0,0,0
40323155,9497,0,2,0,0,0,0,0,0,0,0,0
40326799,9498,0,2,0,0,0,0,0,0,0,0,0
40330443,9499,0,2,0,0,0,0,0,0,0,0,0
40334087,9500,0,2,0,0,0,0,0,0,0,0,0
40337732,9501,0,2,0,0,0,0,0,0,0,0,0
40341375,9502,0,2,0,0,0,0,0,0,0,0,0
40345019,9503,0,2,0,0,0,0,0,0,0,0,0
40348663,9504,0,2,0,0,0,0,0,0,0,0,0
40352307,9505,0,2,0,0,0,0,0,0,0,0,0
40355951,9506,0,2,0,0,0,0,0,0,0,0,0
40359595,9507,0,2,0,0,0,0,0,0,0,0,0
40363239,9508,0,2,0,0,0,0,0,0,0,0,0
40366883,9509,0,2,0,0,0,0,0,0,0,0,0
40370527,9510,0,2,0,0,0,0,0,0,0,0,0
40374172,9511,0,2,0,0,0,0,0,0,0,0,0
40377815,9512,0,2,0,0,0,0,0,0,0,0,0
40381459,9513,0,2,0,0,0,0,0,0,0,0,0
40385103,9514,0,2,0,0,0,0,0,0,0,0,0
40388747,9515,0,2,0,0,0,0,0,0,0,0,0
40392391,9516,0,2,0,0,0,0,0,0,0,0,0
40396035,9517,0,2,0,0,0,0,0,0,0,0,0
40399679,9518,0,2,0,0,0,0,0,0,0,0,0
40403323,9519,0,2,0,0,0,0,0,0,0,0,0
40406967,9520,0,2,0,0,0,0,0,0,0,0,0
40410612,9521,0,2,0,0,0,0,0,0,0,0,0
40414255,9522,0,2,0,0,0,0,0,0,0,0,0
40417899,9523,0,2,0,0,0,0,0,0,0,0,0
40421543,9524,0,2,0,0,0,0,0,0,0,0,0
40425188,9525,0,2,0,0,0,0,0,0,0,0,0
40428831,9526,0,2,0,0,0,0,0,0,0,0,0
40432475,9527,0,2,0,0,0,0,0,0,0,0,0
40436119,9528,0,2,0,0,0,0,0,0,0,0,0
40439763,9529,0,2,0,0,0,0,0,0,0,0,0
40443407,9530,0,2,0,0,0,0,0,0,0,0,0
40447052,9531,0,2,0,0,0,0,0,0,0,0,0
40450695,9532,0,2,0,0,0,0,0,0,0,0,0
40454339,9533,0,2,0,0,0,0,0,0,0,0,0
