timestamp_us,seq,valid_mask,status_bits,solenoid_state,payload0_centi_psi,payload1_centi_psi,payload2_centi_psi,payload3_centi_psi,raw_adc0,raw_adc1,raw_adc2,raw_adc3
4644003,0,0,2,0,0,0,0,0,0,0,0,0
4651996,1,0,2,0,0,0,0,0,0,0,0,0
4655640,2,0,2,0,0,0,0,0,0,0,0,0
4659285,3,0,2,0,0,0,0,0,0,0,0,0
4662928,4,0,2,0,0,0,0,0,0,0,0,0
4666572,5,0,2,0,0,0,0,0,0,0,0,0
4670217,6,0,2,0,0,0,0,0,0,0,0,0
4673860,7,0,2,0,0,0,0,0,0,0,0,0
4677505,8,0,2,0,0,0,0,0,0,0,0,0
4681149,9,0,2,0,0,0,0,0,0,0,0,0
4684792,10,0,2,0,0,0,0,0,0,0,0,0
4688436,11,0,2,0,0,0,0,0,0,0,0,0
4692080,12,0,2,0,0,0,0,0,0,0,0,0
4695724,13,0,2,0,0,0,0,0,0,0,0,0
4699368,14,0,2,0,0,0,0,0,0,0,0,0
4703012,15,0,2,0,0,0,0,0,0,0,0,0
4706656,16,0,2,0,0,0,0,0,0,0,0,0
4710300,17,0,2,0,0,0,0,0,0,0,0,0
4713944,18,0,2,0,0,0,0,0,0,0,0,0
4717588,19,0,2,0,0,0,0,0,0,0,0,0
4721233,20,0,2,0,0,0,0,0,0,0,0,0
4724877,21,0,2,0,0,0,0,0,0,0,0,0
4728520,22,0,2,0,0,0,0,0,0,0,0,0
4732164,23,0,2,0,0,0,0,0,0,0,0,0
4735808,24,0,2,0,0,0,0,0,0,0,0,0
4739452,25,0,2,0,0,0,0,0,0,0,0,0
4743096,26,0,2,0,0,0,0,0,0,0,0,0
4746740,27,0,2,0,0,0,0,0,0,0,0,0
4750384,28,0,2,0,0,0,0,0,0,0,0,0
4754029,29,0,2,0,0,0,0,0,0,0,0,0
4757672,30,0,2,0,0,0,0,0,0,0,0,0
4761317,31,0,2,0,0,0,0,0,0,0,0,0
4764960,32,0,2,0,0,0,0,0,0,0,0,0
4768604,33,0,2,0,0,0,0,0,0,0,0,0
4772248,34,0,2,0,0,0,0,0,0,0,0,0
4775892,35,0,2,0,0,0,0,0,0,0,0,0
4779536,36,0,2,0,0,0,0,0,0,0,0,0
4783180,37,0,2,0,0,0,0,0,0,0,0,0
4786824,38,0,2,0,0,0,0,0,0,0,0,0
4790468,39,0,2,0,0,0,0,0,0,0,0,0
4794113,40,0,2,0,0,0,0,0,0,0,0,0
4797756,41,0,2,0,0,0,0,0,0,0,0,0
4801400,42,0,2,0,0,0,0,0,0,0,0,0
4805045,43,0,2,0,0,0,0,0,0,0,0,0
4808688,44,0,2,0,0,0,0,0,0,0,0,0
4812332,45,0,2,0,0,0,0,0,0,0,0,0
4815976,46,0,2,0,0,0,0,0,0,0,0,0
4819620,47,0,2,0,0,0,0,0,0,0,0,0
4823264,48,0,2,0,0,0,0,0,0,0,0,0
4826908,49,0,2,0,0,0,0,0,0,0,0,0
4830552,50,0,2,0,0,0,0,0,0,0,0,0
4834197,51,0,2,0,0,0,0,0,0,0,0,0
4837840,52,0,2,0,0,0,0,0,0,0,0,0
4841484,53,0,2,0,0,0,0,0,0,0,0,0
4845128,54,0,2,0,0,0,0,0,0,0,0,0
4848772,55,0,2,0,0,0,0,0,0,0,0,0
4852416,56,0,2,0,0,0,0,0,0,0,0,0
4856060,57,0,2,0,0,0,0,0,0,0,0,0
4859704,58,0,2,0,0,0,0,0,0,0,0,0
4863348,59,0,2,0,0,0,0,0,0,0,0,0
4866992,60,0,2,0,0,0,0,0,0,0,0,0
4870637,61,0,2,0,0,0,0,0,0,0,0,0
4874280,62,0,2,0,0,0,0,0,0,0,0,0
4877924,63,0,2,0,0,0,0,0,0,0,0,0
4881568,64,0,2,0,0,0,0,0,0,0,0,0
4885213,65,0,2,0,0,0,0,0,0,0,0,0
4888856,66,0,2,0,0,0,0,0,0,0,0,0
4892500,67,0,2,0,0,0,0,0,0,0,0,0
4896144,68,0,2,0,0,0,0,0,0,0,0,0
4899788,69,0,2,0,0,0,0,0,0,0,0,0
4903433,70,0,2,0,0,0,0,0,0,0,0,0
4907077,71,0,2,0,0,0,0,0,0,0,0,0
4910720,72,0,2,0,0,0,0,0,0,0,0,0
4914364,73,0,2,0,0,0,0,0,0,0,0,0
4918008,74,0,2,0,0,0,0,0,0,0,0,0
4921652,75,0,2,0,0,0,0,0,0,0,0,0
4925296,76,0,2,0,0,0,0,0,0,0,0,0
4928940,77,0,2,0,0,0,0,0,0,0,0,0
4932584,78,0,2,0,0,0,0,0,0,0,0,0
4936229,79,0,2,0,0,0,0,0,0,0,0,0
4939872,80,0,2,0,0,0,0,0,0,0,0,0
4943517,81,0,2,0,0,0,0,0,0,0,0,0
4947161,82,0,2,0,0,0,0,0,0,0,0,0
4950804,83,0,2,0,0,0,0,0,0,0,0,0
4954448,84,0,2,0,0,0,0,0,0,0,0,0
4958092,85,0,2,0,0,0,0,0,0,0,0,0
4961736,86,0,2,0,0,0,0,0,0,0,0,0
4965380,87,0,2,0,0,0,0,0,0,0,0,0
4969024,88,0,2,0,0,0,0,0,0,0,0,0
4972668,89,0,2,0,0,0,0,0,0,0,0,0
4976312,90,0,2,0,0,0,0,0,0,0,0,0
4979957,91,0,2,0,0,0,0,0,0,0,0,0
4983600,92,0,2,0,0,0,0,0,0,0,0,0
4987244,93,0,2,0,0,0,0,0,0,0,0,0
4990888,94,0,2,0,0,0,0,0,0,0,0,0
4994532,95,0,2,0,0,0,0,0,0,0,0,0
4998177,96,0,2,0,0,0,0,0,0,0,0,0
5001820,97,0,2,0,0,0,0,0,0,0,0,0
5005464,98,0,2,0,0,0,0,0,0,0,0,0
5009109,99,0,2,0,0,0,0,0,0,0,0,0
5012752,100,0,2,0,0,0,0,0,0,0,0,0
5016397,101,0,2,0,0,0,0,0,0,0,0,0
5020040,102,0,2,0,0,0,0,0,0,0,0,0
5023684,103,0,2,0,0,0,0,0,0,0,0,0
5027328,104,0,2,0,0,0,0,0,0,0,0,0
5030972,105,0,2,0,0,0,0,0,0,0,0,0
5034616,106,0,2,0,0,0,0,0,0,0,0,0
5038260,107,0,2,0,0,0,0,0,0,0,0,0
5041904,108,0,2,0,0,0,0,0,0,0,0,0
5045548,109,0,2,0,0,0,0,0,0,0,0,0
5049192,110,0,2,0,0,0,0,0,0,0,0,0
5052837,111,0,2,0,0,0,0,0,0,0,0,0
5056481,112,0,2,0,0,0,0,0,0,0,0,0
5060124,113,0,2,0,0,0,0,0,0,0,0,0
5063768,114,0,2,0,0,0,0,0,0,0,0,0
5067412,115,0,2,0,0,0,0,0,0,0,0,0
5071057,116,0,2,0,0,0,0,0,0,0,0,0
5074700,117,0,2,0,0,0,0,0,0,0,0,0
5078345,118,0,2,0,0,0,0,0,0,0,0,0
5081988,119,0,2,0,0,0,0,0,0,0,0,0
5085632,120,0,2,0,0,0,0,0,0,0,0,0
5089276,121,0,2,0,0,0,0,0,0,0,0,0
5092920,122,0,2,0,0,0,0,0,0,0,0,0
5096564,123,0,2,0,0,0,0,0,0,0,0,0
5100208,124,0,2,0,0,0,0,0,0,0,0,0
5103852,125,0,2,0,0,0,0,0,0,0,0,0
5107496,126,0,2,0,0,0,0,0,0,0,0,0
5111141,127,0,2,0,0,0,0,0,0,0,0,0
5114784,128,0,2,0,0,0,0,0,0,0,0,0
5118428,129,0,2,0,0,0,0,0,0,0,0,0
5122073,130,0,2,0,0,0,0,0,0,0,0,0
5125716,131,0,2,0,0,0,0,0,0,0,0,0
5129360,132,0,2,0,0,0,0,0,0,0,0,0
5133004,133,0,2,0,0,0,0,0,0,0,0,0
5136648,134,0,2,0,0,0,0,0,0,0,0,0
5140292,135,0,2,0,0,0,0,0,0,0,0,0
5143936,136,0,2,0,0,0,0,0,0,0,0,0
5147580,137,0,2,0,0,0,0,0,0,0,0,0
5151225,138,0,2,0,0,0,0,0,0,0,0,0
5154868,139,0,2,0,0,0,0,0,0,0,0,0
5158512,140,0,2,0,0,0,0,0,0,0,0,0
5162157,141,0,2,0,0,0,0,0,0,0,0,0
5165800,142,0,2,0,0,0,0,0,0,0,0,0
5169444,143,0,2,0,0,0,0,0,0,0,0,0
5173088,144,0,2,0,0,0,0,0,0,0,0,0
5176732,145,0,2,0,0,0,0,0,0,0,0,0
5180376,146,0,2,0,0,0,0,0,0,0,0,0
5184020,147,0,2,0,0,0,0,0,0,0,0,0
5187664,148,0,2,0,0,0,0,0,0,0,0,0
5191309,149,0,2,0,0,0,0,0,0,0,0,0
5194952,150,0,2,0,0,0,0,0,0,0,0,0
5198597,151,0,2,0,0,0,0,0,0,0,0,0
5202241,152,0,2,0,0,0,0,0,0,0,0,0
5205884,153,0,2,0,0,0,0,0,0,0,0,0
5209528,154,0,2,0,0,0,0,0,0,0,0,0
5213172,155,0,2,0,0,0,0,0,0,0,0,0
5216816,156,0,2,0,0,0,0,0,0,0,0,0
5220460,157,0,2,0,0,0,0,0,0,0,0,0
5224105,158,0,2,0,0,0,0,0,0,0,0,0
5227748,159,0,2,0,0,0,0,0,0,0,0,0
5231392,160,0,2,0,0,0,0,0,0,0,0,0
5235037,161,0,2,0,0,0,0,0,0,0,0,0
5238680,162,0,2,0,0,0,0,0,0,0,0,0
5242324,163,0,2,0,0,0,0,0,0,0,0,0
5245968,164,0,2,0,0,0,0,0,0,0,0,0
5249612,165,0,2,0,0,0,0,0,0,0,0,0
5253256,166,0,2,0,0,0,0,0,0,0,0,0
5256900,167,0,2,0,0,0,0,0,0,0,0,0
5260544,168,0,2,0,0,0,0,0,0,0,0,0
5264188,169,0,2,0,0,0,0,0,0,0,0,0
5267832,170,0,2,0,0,0,0,0,0,0,0,0
5271476,171,0,2,0,0,0,0,0,0,0,0,0
5275121,172,0,2,0,0,0,0,0,0,0,0,0
5278764,173,0,2,0,0,0,0,0,0,0,0,0
5282408,174,0,2,0,0,0,0,0,0,0,0,0
5286052,175,0,2,0,0,0,0,0,0,0,0,0
5289696,176,0,2,0,0,0,0,0,0,0,0,0
5293340,177,0,2,0,0,0,0,0,0,0,0,0
5296984,178,0,2,0,0,0,0,0,0,0,0,0
5300628,179,0,2,0,0,0,0,0,0,0,0,0
5304272,180,0,2,0,0,0,0,0,0,0,0,0
5307916,181,0,2,0,0,0,0,0,0,0,0,0
5311560,182,0,2,0,0,0,0,0,0,0,0,0
5315205,183,0,2,0,0,0,0,0,0,0,0,0
5318848,184,0,2,0,0,0,0,0,0,0,0,0
5322492,185,0,2,0,0,0,0,0,0,0,0,0
5326137,186,0,2,0,0,0,0,0,0,0,0,0
5329780,187,0,2,0,0,0,0,0,0,0,0,0
5333424,188,0,2,0,0,0,0,0,0,0,0,0
5337068,189,0,2,0,0,0,0,0,0,0,0,0
5340712,190,0,2,0,0,0,0,0,0,0,0,0
5344357,191,0,2,0,0,0,0,0,0,0,0,0
5348000,192,0,2,0,0,0,0,0,0,0,0,0
5351644,193,0,2,0,0,0,0,0,0,0,0,0
5355288,194,0,2,0,0,0,0,0,0,0,0,0
5358932,195,0,2,0,0,0,0,0,0,0,0,0
5362576,196,0,2,0,0,0,0,0,0,0,0,0
5366220,197,0,2,0,0,0,0,0,0,0,0,0
5369864,198,0,2,0,0,0,0,0,0,0,0,0
5373508,199,0,2,0,0,0,0,0,0,0,0,0
5377153,200,0,2,0,0,0,0,0,0,0,0,0
5380796,201,0,2,0,0,0,0,0,0,0,0,0
5384440,202,0,2,0,0,0,0,0,0,0,0,0
5388084,203,0,2,0,0,0,0,0,0,0,0,0
5391728,204,0,2,0,0,0,0,0,0,0,0,0
5395372,205,0,2,0,0,0,0,0,0,0,0,0
5399017,206,0,2,0,0,0,0,0,0,0,0,0
5402660,207,0,2,0,0,0,0,0,0,0,0,0
5406304,208,0,2,0,0,0,0,0,0,0,0,0
5409948,209,0,2,0,0,0,0,0,0,0,0,0
5413592,210,0,2,0,0,0,0,0,0,0,0,0
5417237,211,0,2,0,0,0,0,0,0,0,0,0
5420880,212,0,2,0,0,0,0,0,0,0,0,0
5424524,213,0,2,0,0,0,0,0,0,0,0,0
5428169,214,0,2,0,0,0,0,0,0,0,0,0
5431812,215,0,2,0,0,0,0,0,0,0,0,0
5435456,216,0,2,0,0,0,0,0,0,0,0,0
5439100,217,0,2,0,0,0,0,0,0,0,0,0
5442744,218,0,2,0,0,0,0,0,0,0,0,0
5446388,219,0,2,0,0,0,0,0,0,0,0,0
5450032,220,0,2,0,0,0,0,0,0,0,0,0
5453676,221,0,2,0,0,0,0,0,0,0,0,0
5457320,222,0,2,0,0,0,0,0,0,0,0,0
5460964,223,0,2,0,0,0,0,0,0,0,0,0
5464608,224,0,2,0,0,0,0,0,0,0,0,0
5468253,225,0,2,0,0,0,0,0,0,0,0,0
5471896,226,0,2,0,0,0,0,0,0,0,0,0
5475540,227,0,2,0,0,0,0,0,0,0,0,0
5484002,228,0,2,0,0,0,0,0,0,0,0,0
5487634,229,0,2,0,0,0,0,0,0,0,0,0
5491279,230,0,2,0,0,0,0,0,0,0,0,0
5494922,231,0,2,0,0,0,0,0,0,0,0,0
5498566,232,0,2,0,0,0,0,0,0,0,0,0
5502211,233,0,2,0,0,0,0,0,0,0,0,0
5505854,234,0,2,0,0,0,0,0,0,0,0,0
5509498,235,0,2,0,0,0,0,0,0,0,0,0
5513142,236,0,2,0,0,0,0,0,0,0,0,0
5516786,237,0,2,0,0,0,0,0,0,0,0,0
5520430,238,0,2,0,0,0,0,0,0,0,0,0
5524074,239,0,2,0,0,0,0,0,0,0,0,0
5527718,240,0,2,0,0,0,0,0,0,0,0,0
5531362,241,0,2,0,0,0,0,0,0,0,0,0
5535006,242,0,2,0,0,0,0,0,0,0,0,0
5538650,243,0,2,0,0,0,0,0,0,0,0,0
5542295,244,0,2,0,0,0,0,0,0,0,0,0
5545938,245,0,2,0,0,0,0,0,0,0,0,0
5549582,246,0,2,0,0,0,0,0,0,0,0,0
5553227,247,0,2,0,0,0,0,0,0,0,0,0
5556870,248,0,2,0,0,0,0,0,0,0,0,0
5560514,249,0,2,0,0,0,0,0,0,0,0,0
5564158,250,0,2,0,0,0,0,0,0,0,0,0
5567802,251,0,2,0,0,0,0,0,0,0,0,0
5571446,252,0,2,0,0,0,0,0,0,0,0,0
5575091,253,0,2,0,0,0,0,0,0,0,0,0
5578734,254,0,2,0,0,0,0,0,0,0,0,0
5582378,255,0,2,0,0,0,0,0,0,0,0,0
5586023,256,0,2,0,0,0,0,0,0,0,0,0
5589666,257,0,2,0,0,0,0,0,0,0,0,0
5593310,258,0,2,0,0,0,0,0,0,0,0,0
5596954,259,0,2,0,0,0,0,0,0,0,0,0
5600598,260,0,2,0,0,0,0,0,0,0,0,0
5604243,261,0,2,0,0,0,0,0,0,0,0,0
5607886,262,0,2,0,0,0,0,0,0,0,0,0
5611530,263,0,2,0,0,0,0,0,0,0,0,0
5615174,264,0,2,0,0,0,0,0,0,0,0,0
5618818,265,0,2,0,0,0,0,0,0,0,0,0
5622462,266,0,2,0,0,0,0,0,0,0,0,0
5626107,267,0,2,0,0,0,0,0,0,0,0,0
5629750,268,0,2,0,0,0,0,0,0,0,0,0
5633395,269,0,2,0,0,0,0,0,0,0,0,0
5637038,270,0,2,0,0,0,0,0,0,0,0,0
5640682,271,0,2,0,0,0,0,0,0,0,0,0
5644327,272,0,2,0,0,0,0,0,0,0,0,0
5647970,273,0,2,0,0,0,0,0,0,0,0,0
5651614,274,0,2,0,0,0,0,0,0,0,0,0
5655258,275,0,2,0,0,0,0,0,0,0,0,0
5658902,276,0,2,0,0,0,0,0,0,0,0,0
5662546,277,0,2,0,0,0,0,0,0,0,0,0
5666190,278,0,2,0,0,0,0,0,0,0,0,0
5669834,279,0,2,0,0,0,0,0,0,0,0,0
5673478,280,0,2,0,0,0,0,0,0,0,0,0
5677123,281,0,2,0,0,0,0,0,0,0,0,0
5680766,282,0,2,0,0,0,0,0,0,0,0,0
5684411,283,0,2,0,0,0,0,0,0,0,0,0
5688054,284,0,2,0,0,0,0,0,0,0,0,0
5691698,285,0,2,0,0,0,0,0,0,0,0,0
5695342,286,0,2,0,0,0,0,0,0,0,0,0
5698986,287,0,2,0,0,0,0,0,0,0,0,0
5702630,288,0,2,0,0,0,0,0,0,0,0,0
5706275,289,0,2,0,0,0,0,0,0,0,0,0
5709918,290,0,2,0,0,0,0,0,0,0,0,0
5713562,291,0,2,0,0,0,0,0,0,0,0,0
5717207,292,0,2,0,0,0,0,0,0,0,0,0
5720850,293,0,2,0,0,0,0,0,0,0,0,0
5724494,294,0,2,0,0,0,0,0,0,0,0,0
5728138,295,0,2,0,0,0,0,0,0,0,0,0
5731782,296,0,2,0,0,0,0,0,0,0,0,0
5735427,297,0,2,0,0,0,0,0,0,0,0,0
5739070,298,0,2,0,0,0,0,0,0,0,0,0
5742714,299,0,2,0,0,0,0,0,0,0,0,0
5746358,300,0,2,0,0,0,0,0,0,0,0,0
5750003,301,0,2,0,0,0,0,0,0,0,0,0
5753646,302,0,2,0,0,0,0,0,0,0,0,0
5757290,303,0,2,0,0,0,0,0,0,0,0,0
5760934,304,0,2,0,0,0,0,0,0,0,0,0
5764578,305,0,2,0,0,0,0,0,0,0,0,0
5768222,306,0,2,0,0,0,0,0,0,0,0,0
5771866,307,0,2,0,0,0,0,0,0,0,0,0
5775510,308,0,2,0,0,0,0,0,0,0,0,0
5779155,309,0,2,0,0,0,0,0,0,0,0,0
5782798,310,0,2,0,0,0,0,0,0,0,0,0
5786443,311,0,2,0,0,0,0,0,0,0,0,0
5790086,312,0,2,0,0,0,0,0,0,0,0,0
5793730,313,0,2,0,0,0,0,0,0,0,0,0
5797374,314,0,2,0,0,0,0,0,0,0,0,0
5801019,315,0,2,0,0,0,0,0,0,0,0,0
5804662,316,0,2,0,0,0,0,0,0,0,0,0
5808307,317,0,2,0,0,0,0,0,0,0,0,0
5811950,318,0,2,0,0,0,0,0,0,0,0,0
5815594,319,0,2,0,0,0,0,0,0,0,0,0
5819239,320,0,2,0,0,0,0,0,0,0,0,0
5822882,321,0,2,0,0,0,0,0,0,0,0,0
5826526,322,0,2,0,0,0,0,0,0,0,0,0
5830171,323,0,2,0,0,0,0,0,0,0,0,0
5833814,324,0,2,0,0,0,0,0,0,0,0,0
5837458,325,0,2,0,0,0,0,0,0,0,0,0
5841102,326,0,2,0,0,0,0,0,0,0,0,0
5844746,327,0,2,0,0,0,0,0,0,0,0,0
5848390,328,0,2,0,0,0,0,0,0,0,0,0
5852034,329,0,2,0,0,0,0,0,0,0,0,0
5855678,330,0,2,0,0,0,0,0,0,0,0,0
5859323,331,0,2,0,0,0,0,0,0,0,0,0
5862966,332,0,2,0,0,0,0,0,0,0,0,0
5866610,333,0,2,0,0,0,0,0,0,0,0,0
5870255,334,0,2,0,0,0,0,0,0,0,0,0
5873898,335,0,2,0,0,0,0,0,0,0,0,0
5877542,336,0,2,0,0,0,0,0,0,0,0,0
5881186,337,0,2,0,0,0,0,0,0,0,0,0
5884830,338,0,2,0,0,0,0,0,0,0,0,0
5888474,339,0,2,0,0,0,0,0,0,0,0,0
5892118,340,0,2,0,0,0,0,0,0,0,0,0
5895763,341,0,2,0,0,0,0,0,0,0,0,0
5899406,342,0,2,0,0,0,0,0,0,0,0,0
5903051,343,0,2,0,0,0,0,0,0,0,0,0
5906694,344,0,2,0,0,0,0,0,0,0,0,0
5910338,345,0,2,0,0,0,0,0,0,0,0,0
5913982,346,0,2,0,0,0,0,0,0,0,0,0
5917626,347,0,2,0,0,0,0,0,0,0,0,0
5921270,348,0,2,0,0,0,0,0,0,0,0,0
5924914,349,0,2,0,0,0,0,0,0,0,0,0
5928558,350,0,2,0,0,0,0,0,0,0,0,0
5932203,351,0,2,0,0,0,0,0,0,0,0,0
5935846,352,0,2,0,0,0,0,0,0,0,0,0
5939490,353,0,2,0,0,0,0,0,0,0,0,0
5943135,354,0,2,0,0,0,0,0,0,0,0,0
5946778,355,0,2,0,0,0,0,0,0,0,0,0
5950422,356,0,2,0,0,0,0,0,0,0,0,0
5954066,357,0,2,0,0,0,0,0,0,0,0,0
5957710,358,0,2,0,0,0,0,0,0,0,0,0
5961354,359,0,2,0,0,0,0,0,0,0,0,0
5964998,360,0,2,0,0,0,0,0,0,0,0,0
5968643,361,0,2,0,0,0,0,0,0,0,0,0
5972287,362,0,2,0,0,0,0,0,0,0,0,0
5975930,363,0,2,0,0,0,0,0,0,0,0,0
5979574,364,0,2,0,0,0,0,0,0,0,0,0
5983218,365,0,2,0,0,0,0,0,0,0,0,0
5986862,366,0,2,0,0,0,0,0,0,0,0,0
5990506,367,0,2,0,0,0,0,0,0,0,0,0
5994150,368,0,2,0,0,0,0,0,0,0,0,0
5997794,369,0,2,0,0,0,0,0,0,0,0,0
6001439,370,0,2,0,0,0,0,0,0,0,0,0
6005083,371,0,2,0,0,0,0,0,0,0,0,0
6008726,372,0,2,0,0,0,0,0,0,0,0,0
6012370,373,0,2,0,0,0,0,0,0,0,0,0
6016014,374,0,2,0,0,0,0,0,0,0,0,0
6019658,375,0,2,0,0,0,0,0,0,0,0,0
6023302,376,0,2,0,0,0,0,0,0,0,0,0
6026946,377,0,2,0,0,0,0,0,0,0,0,0
6030590,378,0,2,0,0,0,0,0,0,0,0,0
6034234,379,0,2,0,0,0,0,0,0,0,0,0
6037878,380,0,2,0,0,0,0,0,0,0,0,0
6041523,381,0,2,0,0,0,0,0,0,0,0,0
6045166,382,0,2,0,0,0,0,0,0,0,0,0
6048810,383,0,2,0,0,0,0,0,0,0,0,0
6052454,384,0,2,0,0,0,0,0,0,0,0,0
6056098,385,0,2,0,0,0,0,0,0,0,0,0
6059742,386,0,2,0,0,0,0,0,0,0,0,0
6063386,387,0,2,0,0,0,0,0,0,0,0,0
6067030,388,0,2,0,0,0,0,0,0,0,0,0
6070674,389,0,2,0,0,0,0,0,0,0,0,0
6074318,390,0,2,0,0,0,0,0,0,0,0,0
6077962,391,0,2,0,0,0,0,0,0,0,0,0
6081606,392,0,2,0,0,0,0,0,0,0,0,0
6085250,393,0,2,0,0,0,0,0,0,0,0,0
6088894,394,0,2,0,0,0,0,0,0,0,0,0
6092538,395,0,2,0,0,0,0,0,0,0,0,0
6096183,396,0,2,0,0,0,0,0,0,0,0,0
6099826,397,0,2,0,0,0,0,0,0,0,0,0
6103470,398,0,2,0,0,0,0,0,0,0,0,0
6107114,399,0,2,0,0,0,0,0,0,0,0,0
6110758,400,0,2,0,0,0,0,0,0,0,0,0
6114402,401,0,2,0,0,0,0,0,0,0,0,0
6118046,402,0,2,0,0,0,0,0,0,0,0,0
6121690,403,0,2,0,0,0,0,0,0,0,0,0
6125334,404,0,2,0,0,0,0,0,0,0,0,0
6128978,405,0,2,0,0,0,0,0,0,0,0,0
6132622,406,0,2,0,0,0,0,0,0,0,0,0
6136266,407,0,2,0,0,0,0,0,0,0,0,0
6139910,408,0,2,0,0,0,0,0,0,0,0,0
6143554,409,0,2,0,0,0,0,0,0,0,0,0
6147199,410,0,2,0,0,0,0,0,0,0,0,0
6150843,411,0,2,0,0,0,0,0,0,0,0,0
6154487,412,0,2,0,0,0,0,0,0,0,0,0
6158130,413,0,2,0,0,0,0,0,0,0,0,0
6161774,414,0,2,0,0,0,0,0,0,0,0,0
6165418,415,0,2,0,0,0,0,0,0,0,0,0
6169062,416,0,2,0,0,0,0,0,0,0,0,0
6172706,417,0,2,0,0,0,0,0,0,0,0,0
6176350,418,0,2,0,0,0,0,0,0,0,0,0
6179994,419,0,2,0,0,0,0,0,0,0,0,0
6183638,420,0,2,0,0,0,0,0,0,0,0,0
6187283,421,0,2,0,0,0,0,0,0,0,0,0
6190926,422,0,2,0,0,0,0,0,0,0,0,0
6194570,423,0,2,0,0,0,0,0,0,0,0,0
6198215,424,0,2,0,0,0,0,0,0,0,0,0
6201858,425,0,2,0,0,0,0,0,0,0,0,0
6205502,426,0,2,0,0,0,0,0,0,0,0,0
6209146,427,0,2,0,0,0,0,0,0,0,0,0
6212790,428,0,2,0,0,0,0,0,0,0,0,0
6216434,429,0,2,0,0,0,0,0,0,0,0,0
6220078,430,0,2,0,0,0,0,0,0,0,0,0
6223722,431,0,2,0,0,0,0,0,0,0,0,0
6227366,432,0,2,0,0,0,0,0,0,0,0,0
6231010,433,0,2,0,0,0,0,0,0,0,0,0
6234654,434,0,2,0,0,0,0,0,0,0,0,0
6238299,435,0,2,0,0,0,0,0,0,0,0,0
6241942,436,0,2,0,0,0,0,0,0,0,0,0
6245586,437,0,2,0,0,0,0,0,0,0,0,0
6249230,438,0,2,0,0,0,0,0,0,0,0,0
6252874,439,0,2,0,0,0,0,0,0,0,0,0
6256518,440,0,2,0,0,0,0,0,0,0,0,0
6260163,441,0,2,0,0,0,0,0,0,0,0,0
6263806,442,0,2,0,0,0,0,0,0,0,0,0
6267450,443,0,2,0,0,0,0,0,0,0,0,0
6271095,444,0,2,0,0,0,0,0,0,0,0,0
6274738,445,0,2,0,0,0,0,0,0,0,0,0
6278382,446,0,2,0,0,0,0,0,0,0,0,0
6282026,447,0,2,0,0,0,0,0,0,0,0,0
6285670,448,0,2,0,0,0,0,0,0,0,0,0
6289314,449,0,2,0,0,0,0,0,0,0,0,0
6292958,450,0,2,0,0,0,0,0,0,0,0,0
6296603,451,0,2,0,0,0,0,0,0,0,0,0
6300247,452,0,2,0,0,0,0,0,0,0,0,0
6303890,453,0,2,0,0,0,0,0,0,0,0,0
6307534,454,0,2,0,0,0,0,0,0,0,0,0
6317868,455,0,2,0,0,0,0,0,0,0,0,0
6321500,456,0,2,0,0,0,0,0,0,0,0,0
6325144,457,0,2,0,0,0,0,0,0,0,0,0
6328788,458,0,2,0,0,0,0,0,0,0,0,0
6332433,459,0,2,0,0,0,0,0,0,0,0,0
6336076,460,0,2,0,0,0,0,0,0,0,0,0
6339721,461,0,2,0,0,0,0,0,0,0,0,0
6343364,462,0,2,0,0,0,0,0,0,0,0,0
6347008,463,0,2,0,0,0,0,0,0,0,0,0
6350652,464,0,2,0,0,0,0,0,0,0,0,0
6354297,465,0,2,0,0,0,0,0,0,0,0,0
6357940,466,0,2,0,0,0,0,0,0,0,0,0
6361584,467,0,2,0,0,0,0,0,0,0,0,0
6365228,468,0,2,0,0,0,0,0,0,0,0,0
6368872,469,0,2,0,0,0,0,0,0,0,0,0
6372516,470,0,2,0,0,0,0,0,0,0,0,0
6376161,471,0,2,0,0,0,0,0,0,0,0,0
6379804,472,0,2,0,0,0,0,0,0,0,0,0
6383448,473,0,2,0,0,0,0,0,0,0,0,0
6387092,474,0,2,0,0,0,0,0,0,0,0,0
6390736,475,0,2,0,0,0,0,0,0,0,0,0
6394381,476,0,2,0,0,0,0,0,0,0,0,0
6398024,477,0,2,0,0,0,0,0,0,0,0,0
6401668,478,0,2,0,0,0,0,0,0,0,0,0
6405313,479,0,2,0,0,0,0,0,0,0,0,0
6408956,480,0,2,0,0,0,0,0,0,0,0,0
6412601,481,0,2,0,0,0,0,0,0,0,0,0
6416245,482,0,2,0,0,0,0,0,0,0,0,0
6419888,483,0,2,0,0,0,0,0,0,0,0,0
6423532,484,0,2,0,0,0,0,0,0,0,0,0
6427177,485,0,2,0,0,0,0,0,0,0,0,0
6430820,486,0,2,0,0,0,0,0,0,0,0,0
6434464,487,0,2,0,0,0,0,0,0,0,0,0
6438108,488,0,2,0,0,0,0,0,0,0,0,0
6441752,489,0,2,0,0,0,0,0,0,0,0,0
6445396,490,0,2,0,0,0,0,0,0,0,0,0
6449040,491,0,2,0,0,0,0,0,0,0,0,0
6452684,492,0,2,0,0,0,0,0,0,0,0,0
6456328,493,0,2,0,0,0,0,0,0,0,0,0
6459972,494,0,2,0,0,0,0,0,0,0,0,0
6463616,495,0,2,0,0,0,0,0,0,0,0,0
6467261,496,0,2,0,0,0,0,0,0,0,0,0
6470904,497,0,2,0,0,0,0,0,0,0,0,0
6474548,498,0,2,0,0,0,0,0,0,0,0,0
6478192,499,0,2,0,0,0,0,0,0,0,0,0
6481836,500,0,2,0,0,0,0,0,0,0,0,0
6485480,501,0,2,0,0,0,0,0,0,0,0,0
6489124,502,0,2,0,0,0,0,0,0,0,0,0
6492768,503,0,2,0,0,0,0,0,0,0,0,0
6496412,504,0,2,0,0,0,0,0,0,0,0,0
6500056,505,0,2,0,0,0,0,0,0,0,0,0
6503700,506,0,2,0,0,0,0,0,0,0,0,0
6507345,507,0,2,0,0,0,0,0,0,0,0,0
6510988,508,0,2,0,0,0,0,0,0,0,0,0
6514632,509,0,2,0,0,0,0,0,0,0,0,0
6518276,510,0,2,0,0,0,0,0,0,0,0,0
6521920,511,0,2,0,0,0,0,0,0,0,0,0
6525564,512,0,2,0,0,0,0,0,0,0,0,0
6529209,513,0,2,0,0,0,0,0,0,0,0,0
6532852,514,0,2,0,0,0,0,0,0,0,0,0
6536496,515,0,2,0,0,0,0,0,0,0,0,0
6540141,516,0,2,0,0,0,0,0,0,0,0,0
6543784,517,0,2,0,0,0,0,0,0,0,0,0
6547428,518,0,2,0,0,0,0,0,0,0,0,0
6551072,519,0,2,0,0,0,0,0,0,0,0,0
6554716,520,0,2,0,0,0,0,0,0,0,0,0
6558361,521,0,2,0,0,0,0,0,0,0,0,0
6562004,522,0,2,0,0,0,0,0,0,0,0,0
6565648,523,0,2,0,0,0,0,0,0,0,0,0
6569292,524,0,2,0,0,0,0,0,0,0,0,0
6572936,525,0,2,0,0,0,0,0,0,0,0,0
6576580,526,0,2,0,0,0,0,0,0,0,0,0
6580225,527,0,2,0,0,0,0,0,0,0,0,0
6583868,528,0,2,0,0,0,0,0,0,0,0,0
6587512,529,0,2,0,0,0,0,0,0,0,0,0
6591156,530,0,2,0,0,0,0,0,0,0,0,0
6594801,531,0,2,0,0,0,0,0,0,0,0,0
6598444,532,0,2,0,0,0,0,0,0,0,0,0
6602089,533,0,2,0,0,0,0,0,0,0,0,0
6605732,534,0,2,0,0,0,0,0,0,0,0,0
6609377,535,0,2,0,0,0,0,0,0,0,0,0
6613020,536,0,2,0,0,0,0,0,0,0,0,0
6616664,537,0,2,0,0,0,0,0,0,0,0,0
6620309,538,0,2,0,0,0,0,0,0,0,0,0
6623952,539,0,2,0,0,0,0,0,0,0,0,0
6627596,540,0,2,0,0,0,0,0,0,0,0,0
6631240,541,0,2,0,0,0,0,0,0,0,0,0
6634884,542,0,2,0,0,0,0,0,0,0,0,0
6638528,543,0,2,0,0,0,0,0,0,0,0,0
6642172,544,0,2,0,0,0,0,0,0,0,0,0
6645816,545,0,2,0,0,0,0,0,0,0,0,0
6649460,546,0,2,0,0,0,0,0,0,0,0,0
6653105,547,0,2,0,0,0,0,0,0,0,0,0
6656748,548,0,2,0,0,0,0,0,0,0,0,0
6660392,549,0,2,0,0,0,0,0,0,0,0,0
6664036,550,0,2,0,0,0,0,0,0,0,0,0
6667681,551,0,2,0,0,0,0,0,0,0,0,0
6671324,552,0,2,0,0,0,0,0,0,0,0,0
6674968,553,0,2,0,0,0,0,0,0,0,0,0
6678612,554,0,2,0,0,0,0,0,0,0,0,0
6682256,555,0,2,0,0,0,0,0,0,0,0,0
6685900,556,0,2,0,0,0,0,0,0,0,0,0
6689544,557,0,2,0,0,0,0,0,0,0,0,0
6693189,558,0,2,0,0,0,0,0,0,0,0,0
6696832,559,0,2,0,0,0,0,0,0,0,0,0
6700476,560,0,2,0,0,0,0,0,0,0,0,0
6704121,561,0,2,0,0,0,0,0,0,0,0,0
6707764,562,0,2,0,0,0,0,0,0,0,0,0
6711408,563,0,2,0,0,0,0,0,0,0,0,0
6715053,564,0,2,0,0,0,0,0,0,0,0,0
6718696,565,0,2,0,0,0,0,0,0,0,0,0
6722340,566,0,2,0,0,0,0,0,0,0,0,0
6725984,567,0,2,0,0,0,0,0,0,0,0,0
6729628,568,0,2,0,0,0,0,0,0,0,0,0
6733272,569,0,2,0,0,0,0,0,0,0,0,0
6736916,570,0,2,0,0,0,0,0,0,0,0,0
6740561,571,0,2,0,0,0,0,0,0,0,0,0
6744205,572,0,2,0,0,0,0,0,0,0,0,0
6747848,573,0,2,0,0,0,0,0,0,0,0,0
6751492,574,0,2,0,0,0,0,0,0,0,0,0
6755136,575,0,2,0,0,0,0,0,0,0,0,0
6758780,576,0,2,0,0,0,0,0,0,0,0,0
6762424,577,0,2,0,0,0,0,0,0,0,0,0
6766068,578,0,2,0,0,0,0,0,0,0,0,0
6769712,579,0,2,0,0,0,0,0,0,0,0,0
6773356,580,0,2,0,0,0,0,0,0,0,0,0
6777001,581,0,2,0,0,0,0,0,0,0,0,0
6780644,582,0,2,0,0,0,0,0,0,0,0,0
6784288,583,0,2,0,0,0,0,0,0,0,0,0
6787932,584,0,2,0,0,0,0,0,0,0,0,0
6791576,585,0,2,0,0,0,0,0,0,0,0,0
6795220,586,0,2,0,0,0,0,0,0,0,0,0
6798864,587,0,2,0,0,0,0,0,0,0,0,0
6802508,588,0,2,0,0,0,0,0,0,0,0,0
6806153,589,0,2,0,0,0,0,0,0,0,0,0
6809796,590,0,2,0,0,0,0,0,0,0,0,0
6813441,591,0,2,0,0,0,0,0,0,0,0,0
6817084,592,0,2,0,0,0,0,0,0,0,0,0
6820728,593,0,2,0,0,0,0,0,0,0,0,0
6824373,594,0,2,0,0,0,0,0,0,0,0,0
6828016,595,0,2,0,0,0,0,0,0,0,0,0
6831660,596,0,2,0,0,0,0,0,0,0,0,0
6835304,597,0,2,0,0,0,0,0,0,0,0,0
6838948,598,0,2,0,0,0,0,0,0,0,0,0
6842592,599,0,2,0,0,0,0,0,0,0,0,0
6846237,600,0,2,0,0,0,0,0,0,0,0,0
6849881,601,0,2,0,0,0,0,0,0,0,0,0
6853524,602,0,2,0,0,0,0,0,0,0,0,0
6857169,603,0,2,0,0,0,0,0,0,0,0,0
6860812,604,0,2,0,0,0,0,0,0,0,0,0
6864456,605,0,2,0,0,0,0,0,0,0,0,0
6868100,606,0,2,0,0,0,0,0,0,0,0,0
6871744,607,0,2,0,0,0,0,0,0,0,0,0
6875388,608,0,2,0,0,0,0,0,0,0,0,0
6879032,609,0,2,0,0,0,0,0,0,0,0,0
6882676,610,0,2,0,0,0,0,0,0,0,0,0
6886321,611,0,2,0,0,0,0,0,0,0,0,0
6889964,612,0,2,0,0,0,0,0,0,0,0,0
6893608,613,0,2,0,0,0,0,0,0,0,0,0
6897253,614,0,2,0,0,0,0,0,0,0,0,0
6900896,615,0,2,0,0,0,0,0,0,0,0,0
6904540,616,0,2,0,0,0,0,0,0,0,0,0
6908184,617,0,2,0,0,0,0,0,0,0,0,0
6911828,618,0,2,0,0,0,0,0,0,0,0,0
6915472,619,0,2,0,0,0,0,0,0,0,0,0
6919116,620,0,2,0,0,0,0,0,0,0,0,0
6922760,621,0,2,0,0,0,0,0,0,0,0,0
6926404,622,0,2,0,0,0,0,0,0,0,0,0
6930048,623,0,2,0,0,0,0,0,0,0,0,0
6933692,624,0,2,0,0,0,0,0,0,0,0,0
6937336,625,0,2,0,0,0,0,0,0,0,0,0
6940980,626,0,2,0,0,0,0,0,0,0,0,0
6944624,627,0,2,0,0,0,0,0,0,0,0,0
6948269,628,0,2,0,0,0,0,0,0,0,0,0
6951912,629,0,2,0,0,0,0,0,0,0,0,0
6955556,630,0,2,0,0,0,0,0,0,0,0,0
6959201,631,0,2,0,0,0,0,0,0,0,0,0
6962844,632,0,2,0,0,0,0,0,0,0,0,0
6966488,633,0,2,0,0,0,0,0,0,0,0,0
6970133,634,0,2,0,0,0,0,0,0,0,0,0
6973776,635,0,2,0,0,0,0,0,0,0,0,0
6977421,636,0,2,0,0,0,0,0,0,0,0,0
6981065,637,0,2,0,0,0,0,0,0,0,0,0
6984708,638,0,2,0,0,0,0,0,0,0,0,0
6988353,639,0,2,0,0,0,0,0,0,0,0,0
6991996,640,0,2,0,0,0,0,0,0,0,0,0
6995641,641,0,2,0,0,0,0,0,0,0,0,0
6999285,642,0,2,0,0,0,0,0,0,0,0,0
7002928,643,0,2,0,0,0,0,0,0,0,0,0
7006572,644,0,2,0,0,0,0,0,0,0,0,0
7010216,645,0,2,0,0,0,0,0,0,0,0,0
7013860,646,0,2,0,0,0,0,0,0,0,0,0
7017504,647,0,2,0,0,0,0,0,0,0,0,0
7021148,648,0,2,0,0,0,0,0,0,0,0,0
7024792,649,0,2,0,0,0,0,0,0,0,0,0
7028436,650,0,2,0,0,0,0,0,0,0,0,0
7032081,651,0,2,0,0,0,0,0,0,0,0,0
7035724,652,0,2,0,0,0,0,0,0,0,0,0
7039368,653,0,2,0,0,0,0,0,0,0,0,0
7043013,654,0,2,0,0,0,0,0,0,0,0,0
7046656,655,0,2,0,0,0,0,0,0,0,0,0
7050301,656,0,2,0,0,0,0,0,0,0,0,0
7053944,657,0,2,0,0,0,0,0,0,0,0,0
7057588,658,0,2,0,0,0,0,0,0,0,0,0
7061233,659,0,2,0,0,0,0,0,0,0,0,0
7064876,660,0,2,0,0,0,0,0,0,0,0,0
7068521,661,0,2,0,0,0,0,0,0,0,0,0
7072164,662,0,2,0,0,0,0,0,0,0,0,0
7075808,663,0,2,0,0,0,0,0,0,0,0,0
7079452,664,0,2,0,0,0,0,0,0,0,0,0
7083097,665,0,2,0,0,0,0,0,0,0,0,0
7086740,666,0,2,0,0,0,0,0,0,0,0,0
7090384,667,0,2,0,0,0,0,0,0,0,0,0
7094028,668,0,2,0,0,0,0,0,0,0,0,0
7097672,669,0,2,0,0,0,0,0,0,0,0,0
7101316,670,0,2,0,0,0,0,0,0,0,0,0
7104960,671,0,2,0,0,0,0,0,0,0,0,0
7108604,672,0,2,0,0,0,0,0,0,0,0,0
7112248,673,0,2,0,0,0,0,0,0,0,0,0
7115892,674,0,2,0,0,0,0,0,0,0,0,0
7119536,675,0,2,0,0,0,0,0,0,0,0,0
7123180,676,0,2,0,0,0,0,0,0,0,0,0
7126824,677,0,2,0,0,0,0,0,0,0,0,0
7130468,678,0,2,0,0,0,0,0,0,0,0,0
7134112,679,0,2,0,0,0,0,0,0,0,0,0
7137756,680,0,2,0,0,0,0,0,0,0,0,0
7141401,681,0,2,0,0,0,0,0,0,0,0,0
7156078,682,0,2,0,0,0,0,0,0,0,0,0
7159710,683,0,2,0,0,0,0,0,0,0,0,0
7163354,684,0,2,0,0,0,0,0,0,0,0,0
7166998,685,0,2,0,0,0,0,0,0,0,0,0
7170642,686,0,2,0,0,0,0,0,0,0,0,0
7174286,687,0,2,0,0,0,0,0,0,0,0,0
7177930,688,0,2,0,0,0,0,0,0,0,0,0
7181574,689,0,2,0,0,0,0,0,0,0,0,0
7185218,690,0,2,0,0,0,0,0,0,0,0,0
7188863,691,0,2,0,0,0,0,0,0,0,0,0
7192506,692,0,2,0,0,0,0,0,0,0,0,0
7196151,693,0,2,0,0,0,0,0,0,0,0,0
7199794,694,0,2,0,0,0,0,0,0,0,0,0
7203439,695,0,2,0,0,0,0,0,0,0,0,0
7207082,696,0,2,0,0,0,0,0,0,0,0,0
7210726,697,0,2,0,0,0,0,0,0,0,0,0
7214370,698,0,2,0,0,0,0,0,0,0,0,0
7218014,699,0,2,0,0,0,0,0,0,0,0,0
7221658,700,0,2,0,0,0,0,0,0,0,0,0
7225303,701,0,2,0,0,0,0,0,0,0,0,0
7228946,702,0,2,0,0,0,0,0,0,0,0,0
7232590,703,0,2,0,0,0,0,0,0,0,0,0
7236234,704,0,2,0,0,0,0,0,0,0,0,0
7239878,705,0,2,0,0,0,0,0,0,0,0,0
7243522,706,0,2,0,0,0,0,0,0,0,0,0
7247167,707,0,2,0,0,0,0,0,0,0,0,0
7250810,708,0,2,0,0,0,0,0,0,0,0,0
7254454,709,0,2,0,0,0,0,0,0,0,0,0
7258098,710,0,2,0,0,0,0,0,0,0,0,0
7261743,711,0,2,0,0,0,0,0,0,0,0,0
7265386,712,0,2,0,0,0,0,0,0,0,0,0
7269030,713,0,2,0,0,0,0,0,0,0,0,0
7272674,714,0,2,0,0,0,0,0,0,0,0,0
7276319,715,0,2,0,0,0,0,0,0,0,0,0
7279962,716,0,2,0,0,0,0,0,0,0,0,0
7283606,717,0,2,0,0,0,0,0,0,0,0,0
7287251,718,0,2,0,0,0,0,0,0,0,0,0
7290894,719,0,2,0,0,0,0,0,0,0,0,0
7294538,720,0,2,0,0,0,0,0,0,0,0,0
7298183,721,0,2,0,0,0,0,0,0,0,0,0
7301826,722,0,2,0,0,0,0,0,0,0,0,0
7305470,723,0,2,0,0,0,0,0,0,0,0,0
7309115,724,0,2,0,0,0,0,0,0,0,0,0
7312758,725,0,2,0,0,0,0,0,0,0,0,0
7316402,726,0,2,0,0,0,0,0,0,0,0,0
7320046,727,0,2,0,0,0,0,0,0,0,0,0
7323690,728,0,2,0,0,0,0,0,0,0,0,0
7327334,729,0,2,0,0,0,0,0,0,0,0,0
7330978,730,0,2,0,0,0,0,0,0,0,0,0
7334622,731,0,2,0,0,0,0,0,0,0,0,0
7338267,732,0,2,0,0,0,0,0,0,0,0,0
7341910,733,0,2,0,0,0,0,0,0,0,0,0
7345554,734,0,2,0,0,0,0,0,0,0,0,0
7349199,735,0,2,0,0,0,0,0,0,0,0,0
7352842,736,0,2,0,0,0,0,0,0,0,0,0
7356486,737,0,2,0,0,0,0,0,0,0,0,0
7360131,738,0,2,0,0,0,0,0,0,0,0,0
7363774,739,0,2,0,0,0,0,0,0,0,0,0
7367418,740,0,2,0,0,0,0,0,0,0,0,0
7371062,741,0,2,0,0,0,0,0,0,0,0,0
7374706,742,0,2,0,0,0,0,0,0,0,0,0
7378350,743,0,2,0,0,0,0,0,0,0,0,0
7381994,744,0,2,0,0,0,0,0,0,0,0,0
7385638,745,0,2,0,0,0,0,0,0,0,0,0
7389283,746,0,2,0,0,0,0,0,0,0,0,0
7392926,747,0,2,0,0,0,0,0,0,0,0,0
7396570,748,0,2,0,0,0,0,0,0,0,0,0
7400215,749,0,2,0,0,0,0,0,0,0,0,0
7403858,750,0,2,0,0,0,0,0,0,0,0,0
7407502,751,0,2,0,0,0,0,0,0,0,0,0
7411147,752,0,2,0,0,0,0,0,0,0,0,0
7414790,753,0,2,0,0,0,0,0,0,0,0,0
7418434,754,0,2,0,0,0,0,0,0,0,0,0
7422078,755,0,2,0,0,0,0,0,0,0,0,0
7425722,756,0,2,0,0,0,0,0,0,0,0,0
7429366,757,0,2,0,0,0,0,0,0,0,0,0
7433010,758,0,2,0,0,0,0,0,0,0,0,0
7436654,759,0,2,0,0,0,0,0,0,0,0,0
7440298,760,0,2,0,0,0,0,0,0,0,0,0
7443943,761,0,2,0,0,0,0,0,0,0,0,0
7447586,762,0,2,0,0,0,0,0,0,0,0,0
7451230,763,0,2,0,0,0,0,0,0,0,0,0
7454874,764,0,2,0,0,0,0,0,0,0,0,0
7458518,765,0,2,0,0,0,0,0,0,0,0,0
7462163,766,0,2,0,0,0,0,0,0,0,0,0
7465806,767,0,2,0,0,0,0,0,0,0,0,0
7469451,768,0,2,0,0,0,0,0,0,0,0,0
7473094,769,0,2,0,0,0,0,0,0,0,0,0
7476738,770,0,2,0,0,0,0,0,0,0,0,0
7480383,771,0,2,0,0,0,0,0,0,0,0,0
7484026,772,0,2,0,0,0,0,0,0,0,0,0
7487670,773,0,2,0,0,0,0,0,0,0,0,0
7491314,774,0,2,0,0,0,0,0,0,0,0,0
7494958,775,0,2,0,0,0,0,0,0,0,0,0
7498602,776,0,2,0,0,0,0,0,0,0,0,0
7502246,777,0,2,0,0,0,0,0,0,0,0,0
7505890,778,0,2,0,0,0,0,0,0,0,0,0
7509534,779,0,2,0,0,0,0,0,0,0,0,0
7513179,780,0,2,0,0,0,0,0,0,0,0,0
7516823,781,0,2,0,0,0,0,0,0,0,0,0
7520466,782,0,2,0,0,0,0,0,0,0,0,0
7524110,783,0,2,0,0,0,0,0,0,0,0,0
7527754,784,0,2,0,0,0,0,0,0,0,0,0
7531398,785,0,2,0,0,0,0,0,0,0,0,0
7535042,786,0,2,0,0,0,0,0,0,0,0,0
7538686,787,0,2,0,0,0,0,0,0,0,0,0
7542330,788,0,2,0,0,0,0,0,0,0,0,0
7545974,789,0,2,0,0,0,0,0,0,0,0,0
7549618,790,0,2,0,0,0,0,0,0,0,0,0
7553263,791,0,2,0,0,0,0,0,0,0,0,0
7556906,792,0,2,0,0,0,0,0,0,0,0,0
7560550,793,0,2,0,0,0,0,0,0,0,0,0
7564194,794,0,2,0,0,0,0,0,0,0,0,0
7567838,795,0,2,0,0,0,0,0,0,0,0,0
7571482,796,0,2,0,0,0,0,0,0,0,0,0
7575126,797,0,2,0,0,0,0,0,0,0,0,0
7578770,798,0,2,0,0,0,0,0,0,0,0,0
7582414,799,0,2,0,0,0,0,0,0,0,0,0
7586058,800,0,2,0,0,0,0,0,0,0,0,0
7589702,801,0,2,0,0,0,0,0,0,0,0,0
7593346,802,0,2,0,0,0,0,0,0,0,0,0
7596990,803,0,2,0,0,0,0,0,0,0,0,0
7600634,804,0,2,0,0,0,0,0,0,0,0,0
7604278,805,0,2,0,0,0,0,0,0,0,0,0
7607922,806,0,2,0,0,0,0,0,0,0,0,0
7611566,807,0,2,0,0,0,0,0,0,0,0,0
7615211,808,0,2,0,0,0,0,0,0,0,0,0
7618854,809,0,2,0,0,0,0,0,0,0,0,0
7622498,810,0,2,0,0,0,0,0,0,0,0,0
7626142,811,0,2,0,0,0,0,0,0,0,0,0
7629786,812,0,2,0,0,0,0,0,0,0,0,0
7633430,813,0,2,0,0,0,0,0,0,0,0,0
7637074,814,0,2,0,0,0,0,0,0,0,0,0
7640718,815,0,2,0,0,0,0,0,0,0,0,0
7644362,816,0,2,0,0,0,0,0,0,0,0,0
7648006,817,0,2,0,0,0,0,0,0,0,0,0
7651650,818,0,2,0,0,0,0,0,0,0,0,0
7655294,819,0,2,0,0,0,0,0,0,0,0,0
7658938,820,0,2,0,0,0,0,0,0,0,0,0
7662583,821,0,2,0,0,0,0,0,0,0,0,0
7666226,822,0,2,0,0,0,0,0,0,0,0,0
7669870,823,0,2,0,0,0,0,0,0,0,0,0
7673514,824,0,2,0,0,0,0,0,0,0,0,0
7677158,825,0,2,0,0,0,0,0,0,0,0,0
7680802,826,0,2,0,0,0,0,0,0,0,0,0
7684446,827,0,2,0,0,0,0,0,0,0,0,0
7688090,828,0,2,0,0,0,0,0,0,0,0,0
7691734,829,0,2,0,0,0,0,0,0,0,0,0
7695379,830,0,2,0,0,0,0,0,0,0,0,0
7699023,831,0,2,0,0,0,0,0,0,0,0,0
7702666,832,0,2,0,0,0,0,0,0,0,0,0
7706310,833,0,2,0,0,0,0,0,0,0,0,0
7709954,834,0,2,0,0,0,0,0,0,0,0,0
7713598,835,0,2,0,0,0,0,0,0,0,0,0
7717243,836,0,2,0,0,0,0,0,0,0,0,0
7720886,837,0,2,0,0,0,0,0,0,0,0,0
7724530,838,0,2,0,0,0,0,0,0,0,0,0
7728174,839,0,2,0,0,0,0,0,0,0,0,0
7731818,840,0,2,0,0,0,0,0,0,0,0,0
7735462,841,0,2,0,0,0,0,0,0,0,0,0
7739107,842,0,2,0,0,0,0,0,0,0,0,0
7742750,843,0,2,0,0,0,0,0,0,0,0,0
7746395,844,0,2,0,0,0,0,0,0,0,0,0
7750038,845,0,2,0,0,0,0,0,0,0,0,0
7753682,846,0,2,0,0,0,0,0,0,0,0,0
7757326,847,0,2,0,0,0,0,0,0,0,0,0
7760970,848,0,2,0,0,0,0,0,0,0,0,0
7764614,849,0,2,0,0,0,0,0,0,0,0,0
7768258,850,0,2,0,0,0,0,0,0,0,0,0
7771903,851,0,2,0,0,0,0,0,0,0,0,0
7775546,852,0,2,0,0,0,0,0,0,0,0,0
7779190,853,0,2,0,0,0,0,0,0,0,0,0
7782834,854,0,2,0,0,0,0,0,0,0,0,0
7786478,855,0,2,0,0,0,0,0,0,0,0,0
7790123,856,0,2,0,0,0,0,0,0,0,0,0
7793766,857,0,2,0,0,0,0,0,0,0,0,0
7797411,858,0,2,0,0,0,0,0,0,0,0,0
7801054,859,0,2,0,0,0,0,0,0,0,0,0
7804698,860,0,2,0,0,0,0,0,0,0,0,0
7808343,861,0,2,0,0,0,0,0,0,0,0,0
7811986,862,0,2,0,0,0,0,0,0,0,0,0
7815630,863,0,2,0,0,0,0,0,0,0,0,0
7819275,864,0,2,0,0,0,0,0,0,0,0,0
7822918,865,0,2,0,0,0,0,0,0,0,0,0
7826562,866,0,2,0,0,0,0,0,0,0,0,0
7830206,867,0,2,0,0,0,0,0,0,0,0,0
7833850,868,0,2,0,0,0,0,0,0,0,0,0
7837494,869,0,2,0,0,0,0,0,0,0,0,0
7841138,870,0,2,0,0,0,0,0,0,0,0,0
7844783,871,0,2,0,0,0,0,0,0,0,0,0
7848426,872,0,2,0,0,0,0,0,0,0,0,0
7852071,873,0,2,0,0,0,0,0,0,0,0,0
7855714,874,0,2,0,0,0,0,0,0,0,0,0
7859358,875,0,2,0,0,0,0,0,0,0,0,0
7863003,876,0,2,0,0,0,0,0,0,0,0,0
7866646,877,0,2,0,0,0,0,0,0,0,0,0
7870291,878,0,2,0,0,0,0,0,0,0,0,0
7873934,879,0,2,0,0,0,0,0,0,0,0,0
7877578,880,0,2,0,0,0,0,0,0,0,0,0
7881222,881,0,2,0,0,0,0,0,0,0,0,0
7884866,882,0,2,0,0,0,0,0,0,0,0,0
7888510,883,0,2,0,0,0,0,0,0,0,0,0
7892154,884,0,2,0,0,0,0,0,0,0,0,0
7895798,885,0,2,0,0,0,0,0,0,0,0,0
7899442,886,0,2,0,0,0,0,0,0,0,0,0
7903087,887,0,2,0,0,0,0,0,0,0,0,0
7906730,888,0,2,0,0,0,0,0,0,0,0,0
7910374,889,0,2,0,0,0,0,0,0,0,0,0
7914019,890,0,2,0,0,0,0,0,0,0,0,0
7917663,891,0,2,0,0,0,0,0,0,0,0,0
7921306,892,0,2,0,0,0,0,0,0,0,0,0
7924950,893,0,2,0,0,0,0,0,0,0,0,0
7928594,894,0,2,0,0,0,0,0,0,0,0,0
7932239,895,0,2,0,0,0,0,0,0,0,0,0
7935882,896,0,2,0,0,0,0,0,0,0,0,0
7939526,897,0,2,0,0,0,0,0,0,0,0,0
7943171,898,0,2,0,0,0,0,0,0,0,0,0
7946814,899,0,2,0,0,0,0,0,0,0,0,0
7950458,900,0,2,0,0,0,0,0,0,0,0,0
7954102,901,0,2,0,0,0,0,0,0,0,0,0
7957746,902,0,2,0,0,0,0,0,0,0,0,0
7961390,903,0,2,0,0,0,0,0,0,0,0,0
7965035,904,0,2,0,0,0,0,0,0,0,0,0
7968678,905,0,2,0,0,0,0,0,0,0,0,0
7972322,906,0,2,0,0,0,0,0,0,0,0,0
7975966,907,0,2,0,0,0,0,0,0,0,0,0
7979610,908,0,2,0,0,0,0,0,0,0,0,0
7989653,909,0,2,0,0,0,0,0,0,0,0,0
7993285,910,0,2,0,0,0,0,0,0,0,0,0
7996929,911,0,2,0,0,0,0,0,0,0,0,0
8000573,912,0,2,0,0,0,0,0,0,0,0,0
8004218,913,0,2,0,0,0,0,0,0,0,0,0
8007861,914,0,2,0,0,0,0,0,0,0,0,0
8011505,915,0,2,0,0,0,0,0,0,0,0,0
8015149,916,0,2,0,0,0,0,0,0,0,0,0
8018793,917,0,2,0,0,0,0,0,0,0,0,0
8022437,918,0,2,0,0,0,0,0,0,0,0,0
8026082,919,0,2,0,0,0,0,0,0,0,0,0
8029725,920,0,2,0,0,0,0,0,0,0,0,0
8033370,921,0,2,0,0,0,0,0,0,0,0,0
8037013,922,0,2,0,0,0,0,0,0,0,0,0
8040657,923,0,2,0,0,0,0,0,0,0,0,0
8044301,924,0,2,0,0,0,0,0,0,0,0,0
8047945,925,0,2,0,0,0,0,0,0,0,0,0
8051589,926,0,2,0,0,0,0,0,0,0,0,0
8055234,927,0,2,0,0,0,0,0,0,0,0,0
8058877,928,0,2,0,0,0,0,0,0,0,0,0
8062521,929,0,2,0,0,0,0,0,0,0,0,0
8066165,930,0,2,0,0,0,0,0,0,0,0,0
8069810,931,0,2,0,0,0,0,0,0,0,0,0
8073453,932,0,2,0,0,0,0,0,0,0,0,0
8077097,933,0,2,0,0,0,0,0,0,0,0,0
8080741,934,0,2,0,0,0,0,0,0,0,0,0
8084386,935,0,2,0,0,0,0,0,0,0,0,0
8088029,936,0,2,0,0,0,0,0,0,0,0,0
8091673,937,0,2,0,0,0,0,0,0,0,0,0
8095317,938,0,2,0,0,0,0,0,0,0,0,0
8098961,939,0,2,0,0,0,0,0,0,0,0,0
8102605,940,0,2,0,0,0,0,0,0,0,0,0
8106249,941,0,2,0,0,0,0,0,0,0,0,0
8109893,942,0,2,0,0,0,0,0,0,0,0,0
8113537,943,0,2,0,0,0,0,0,0,0,0,0
8117181,944,0,2,0,0,0,0,0,0,0,0,0
8120825,945,0,2,0,0,0,0,0,0,0,0,0
8124469,946,0,2,0,0,0,0,0,0,0,0,0
8128113,947,0,2,0,0,0,0,0,0,0,0,0
8131757,948,0,2,0,0,0,0,0,0,0,0,0
8135401,949,0,2,0,0,0,0,0,0,0,0,0
8139045,950,0,2,0,0,0,0,0,0,0,0,0
8142689,951,0,2,0,0,0,0,0,0,0,0,0
8146333,952,0,2,0,0,0,0,0,0,0,0,0
8149977,953,0,2,0,0,0,0,0,0,0,0,0
8153621,954,0,2,0,0,0,0,0,0,0,0,0
8157265,955,0,2,0,0,0,0,0,0,0,0,0
8160909,956,0,2,0,0,0,0,0,0,0,0,0
8164553,957,0,2,0,0,0,0,0,0,0,0,0
8168197,958,0,2,0,0,0,0,0,0,0,0,0
8171841,959,0,2,0,0,0,0,0,0,0,0,0
8175485,960,0,2,0,0,0,0,0,0,0,0,0
8179129,961,0,2,0,0,0,0,0,0,0,0,0
8182773,962,0,2,0,0,0,0,0,0,0,0,0
8186417,963,0,2,0,0,0,0,0,0,0,0,0
8190061,964,0,2,0,0,0,0,0,0,0,0,0
8193705,965,0,2,0,0,0,0,0,0,0,0,0
8197349,966,0,2,0,0,0,0,0,0,0,0,0
8200993,967,0,2,0,0,0,0,0,0,0,0,0
8204637,968,0,2,0,0,0,0,0,0,0,0,0
8208282,969,0,2,0,0,0,0,0,0,0,0,0
8211925,970,0,2,0,0,0,0,0,0,0,0,0
8215570,971,0,2,0,0,0,0,0,0,0,0,0
8219214,972,0,2,0,0,0,0,0,0,0,0,0
8222857,973,0,2,0,0,0,0,0,0,0,0,0
8226501,974,0,2,0,0,0,0,0,0,0,0,0
8230146,975,0,2,0,0,0,0,0,0,0,0,0
8233789,976,0,2,0,0,0,0,0,0,0,0,0
8237433,977,0,2,0,0,0,0,0,0,0,0,0
8241077,978,0,2,0,0,0,0,0,0,0,0,0
8244721,979,0,2,0,0,0,0,0,0,0,0,0
8248365,980,0,2,0,0,0,0,0,0,0,0,0
8252010,981,0,2,0,0,0,0,0,0,0,0,0
8255653,982,0,2,0,0,0,0,0,0,0,0,0
8259298,983,0,2,0,0,0,0,0,0,0,0,0
8262941,984,0,2,0,0,0,0,0,0,0,0,0
8266585,985,0,2,0,0,0,0,0,0,0,0,0
8270230,986,0,2,0,0,0,0,0,0,0,0,0
8273873,987,0,2,0,0,0,0,0,0,0,0,0
8277517,988,0,2,0,0,0,0,0,0,0,0,0
8281161,989,0,2,0,0,0,0,0,0,0,0,0
8284805,990,0,2,0,0,0,0,0,0,0,0,0
8288450,991,0,2,0,0,0,0,0,0,0,0,0
8292094,992,0,2,0,0,0,0,0,0,0,0,0
8295737,993,0,2,0,0,0,0,0,0,0,0,0
8299381,994,0,2,0,0,0,0,0,0,0,0,0
8303025,995,0,2,0,0,0,0,0,0,0,0,0
8306669,996,0,2,0,0,0,0,0,0,0,0,0
8310314,997,0,2,0,0,0,0,0,0,0,0,0
8313957,998,0,2,0,0,0,0,0,0,0,0,0
8317601,999,0,2,0,0,0,0,0,0,0,0,0
8321246,1000,0,2,0,0,0,0,0,0,0,0,0
8324890,1001,0,2,0,0,0,0,0,0,0,0,0
8328533,1002,0,2,0,0,0,0,0,0,0,0,0
8332177,1003,0,2,0,0,0,0,0,0,0,0,0
8335821,1004,0,2,0,0,0,0,0,0,0,0,0
8339465,1005,0,2,0,0,0,0,0,0,0,0,0
8343110,1006,0,2,0,0,0,0,0,0,0,0,0
8346753,1007,0,2,0,0,0,0,0,0,0,0,0
8350398,1008,0,2,0,0,0,0,0,0,0,0,0
8354041,1009,0,2,0,0,0,0,0,0,0,0,0
8357685,1010,0,2,0,0,0,0,0,0,0,0,0
8361330,1011,0,2,0,0,0,0,0,0,0,0,0
8364973,1012,0,2,0,0,0,0,0,0,0,0,0
8368617,1013,0,2,0,0,0,0,0,0,0,0,0
8372262,1014,0,2,0,0,0,0,0,0,0,0,0
8375905,1015,0,2,0,0,0,0,0,0,0,0,0
8379549,1016,0,2,0,0,0,0,0,0,0,0,0
8383193,1017,0,2,0,0,0,0,0,0,0,0,0
8386837,1018,0,2,0,0,0,0,0,0,0,0,0
8390481,1019,0,2,0,0,0,0,0,0,0,0,0
8394126,1020,0,2,0,0,0,0,0,0,0,0,0
8397770,1021,0,2,0,0,0,0,0,0,0,0,0
8401413,1022,0,2,0,0,0,0,0,0,0,0,0
8405057,1023,0,2,0,0,0,0,0,0,0,0,0
8408701,1024,0,2,0,0,0,0,0,0,0,0,0
8412346,1025,0,2,0,0,0,0,0,0,0,0,0
8415989,1026,0,2,0,0,0,0,0,0,0,0,0
8419633,1027,0,2,0,0,0,0,0,0,0,0,0
8423278,1028,0,2,0,0,0,0,0,0,0,0,0
8426921,1029,0,2,0,0,0,0,0,0,0,0,0
8430565,1030,0,2,0,0,0,0,0,0,0,0,0
8434209,1031,0,2,0,0,0,0,0,0,0,0,0
8437853,1032,0,2,0,0,0,0,0,0,0,0,0
8441497,1033,0,2,0,0,0,0,0,0,0,0,0
8445141,1034,0,2,0,0,0,0,0,0,0,0,0
8448785,1035,0,2,0,0,0,0,0,0,0,0,0
8452429,1036,0,2,0,0,0,0,0,0,0,0,0
8456074,1037,0,2,0,0,0,0,0,0,0,0,0
8459717,1038,0,2,0,0,0,0,0,0,0,0,0
8463361,1039,0,2,0,0,0,0,0,0,0,0,0
8467005,1040,0,2,0,0,0,0,0,0,0,0,0
8470650,1041,0,2,0,0,0,0,0,0,0,0,0
8474294,1042,0,2,0,0,0,0,0,0,0,0,0
8477937,1043,0,2,0,0,0,0,0,0,0,0,0
8481581,1044,0,2,0,0,0,0,0,0,0,0,0
8485225,1045,0,2,0,0,0,0,0,0,0,0,0
8488869,1046,0,2,0,0,0,0,0,0,0,0,0
8492513,1047,0,2,0,0,0,0,0,0,0,0,0
8496157,1048,0,2,0,0,0,0,0,0,0,0,0
8499801,1049,0,2,0,0,0,0,0,0,0,0,0
8503445,1050,0,2,0,0,0,0,0,0,0,0,0
8507090,1051,0,2,0,0,0,0,0,0,0,0,0
8510733,1052,0,2,0,0,0,0,0,0,0,0,0
8514377,1053,0,2,0,0,0,0,0,0,0,0,0
8518022,1054,0,2,0,0,0,0,0,0,0,0,0
8521665,1055,0,2,0,0,0,0,0,0,0,0,0
8525309,1056,0,2,0,0,0,0,0,0,0,0,0
8528953,1057,0,2,0,0,0,0,0,0,0,0,0
8532597,1058,0,2,0,0,0,0,0,0,0,0,0
8536241,1059,0,2,0,0,0,0,0,0,0,0,0
8539885,1060,0,2,0,0,0,0,0,0,0,0,0
8543530,1061,0,2,0,0,0,0,0,0,0,0,0
8547173,1062,0,2,0,0,0,0,0,0,0,0,0
8550817,1063,0,2,0,0,0,0,0,0,0,0,0
8554461,1064,0,2,0,0,0,0,0,0,0,0,0
8558105,1065,0,2,0,0,0,0,0,0,0,0,0
8561749,1066,0,2,0,0,0,0,0,0,0,0,0
8565393,1067,0,2,0,0,0,0,0,0,0,0,0
8569037,1068,0,2,0,0,0,0,0,0,0,0,0
8572681,1069,0,2,0,0,0,0,0,0,0,0,0
8576325,1070,0,2,0,0,0,0,0,0,0,0,0
8579969,1071,0,2,0,0,0,0,0,0,0,0,0
8583613,1072,0,2,0,0,0,0,0,0,0,0,0
8587258,1073,0,2,0,0,0,0,0,0,0,0,0
8590901,1074,0,2,0,0,0,0,0,0,0,0,0
8594545,1075,0,2,0,0,0,0,0,0,0,0,0
8598190,1076,0,2,0,0,0,0,0,0,0,0,0
8601833,1077,0,2,0,0,0,0,0,0,0,0,0
8605477,1078,0,2,0,0,0,0,0,0,0,0,0
8609121,1079,0,2,0,0,0,0,0,0,0,0,0
8612765,1080,0,2,0,0,0,0,0,0,0,0,0
8616409,1081,0,2,0,0,0,0,0,0,0,0,0
8620053,1082,0,2,0,0,0,0,0,0,0,0,0
8623697,1083,0,2,0,0,0,0,0,0,0,0,0
8627342,1084,0,2,0,0,0,0,0,0,0,0,0
8630985,1085,0,2,0,0,0,0,0,0,0,0,0
8634629,1086,0,2,0,0,0,0,0,0,0,0,0
8638273,1087,0,2,0,0,0,0,0,0,0,0,0
8641917,1088,0,2,0,0,0,0,0,0,0,0,0
8645561,1089,0,2,0,0,0,0,0,0,0,0,0
8649206,1090,0,2,0,0,0,0,0,0,0,0,0
8652849,1091,0,2,0,0,0,0,0,0,0,0,0
8656493,1092,0,2,0,0,0,0,0,0,0,0,0
8660138,1093,0,2,0,0,0,0,0,0,0,0,0
8663781,1094,0,2,0,0,0,0,0,0,0,0,0
8667425,1095,0,2,0,0,0,0,0,0,0,0,0
8671070,1096,0,2,0,0,0,0,0,0,0,0,0
8674713,1097,0,2,0,0,0,0,0,0,0,0,0
8678357,1098,0,2,0,0,0,0,0,0,0,0,0
8682001,1099,0,2,0,0,0,0,0,0,0,0,0
8685645,1100,0,2,0,0,0,0,0,0,0,0,0
8689289,1101,0,2,0,0,0,0,0,0,0,0,0
8692933,1102,0,2,0,0,0,0,0,0,0,0,0
8696577,1103,0,2,0,0,0,0,0,0,0,0,0
8700221,1104,0,2,0,0,0,0,0,0,0,0,0
8703865,1105,0,2,0,0,0,0,0,0,0,0,0
8707509,1106,0,2,0,0,0,0,0,0,0,0,0
8711153,1107,0,2,0,0,0,0,0,0,0,0,0
8714797,1108,0,2,0,0,0,0,0,0,0,0,0
8718441,1109,0,2,0,0,0,0,0,0,0,0,0
8722086,1110,0,2,0,0,0,0,0,0,0,0,0
8725729,1111,0,2,0,0,0,0,0,0,0,0,0
8729373,1112,0,2,0,0,0,0,0,0,0,0,0
8733017,1113,0,2,0,0,0,0,0,0,0,0,0
8736661,1114,0,2,0,0,0,0,0,0,0,0,0
8740305,1115,0,2,0,0,0,0,0,0,0,0,0
8743949,1116,0,2,0,0,0,0,0,0,0,0,0
8747593,1117,0,2,0,0,0,0,0,0,0,0,0
8751237,1118,0,2,0,0,0,0,0,0,0,0,0
8754881,1119,0,2,0,0,0,0,0,0,0,0,0
8758525,1120,0,2,0,0,0,0,0,0,0,0,0
8762169,1121,0,2,0,0,0,0,0,0,0,0,0
8765813,1122,0,2,0,0,0,0,0,0,0,0,0
8769457,1123,0,2,0,0,0,0,0,0,0,0,0
8773102,1124,0,2,0,0,0,0,0,0,0,0,0
8776745,1125,0,2,0,0,0,0,0,0,0,0,0
8780390,1126,0,2,0,0,0,0,0,0,0,0,0
8784033,1127,0,2,0,0,0,0,0,0,0,0,0
8787677,1128,0,2,0,0,0,0,0,0,0,0,0
8791322,1129,0,2,0,0,0,0,0,0,0,0,0
8794965,1130,0,2,0,0,0,0,0,0,0,0,0
8798610,1131,0,2,0,0,0,0,0,0,0,0,0
8802253,1132,0,2,0,0,0,0,0,0,0,0,0
8805897,1133,0,2,0,0,0,0,0,0,0,0,0
8809541,1134,0,2,0,0,0,0,0,0,0,0,0
8813185,1135,0,2,0,0,0,0,0,0,0,0,0
8821641,1136,0,2,0,0,0,0,0,0,0,0,0
8825273,1137,0,2,0,0,0,0,0,0,0,0,0
8828916,1138,0,2,0,0,0,0,0,0,0,0,0
8832560,1139,0,2,0,0,0,0,0,0,0,0,0
8836204,1140,0,2,0,0,0,0,0,0,0,0,0
8839849,1141,0,2,0,0,0,0,0,0,0,0,0
8843492,1142,0,2,0,0,0,0,0,0,0,0,0
8847137,1143,0,2,0,0,0,0,0,0,0,0,0
8850780,1144,0,2,0,0,0,0,0,0,0,0,0
8854424,1145,0,2,0,0,0,0,0,0,0,0,0
8858068,1146,0,2,0,0,0,0,0,0,0,0,0
8861712,1147,0,2,0,0,0,0,0,0,0,0,0
8865356,1148,0,2,0,0,0,0,0,0,0,0,0
8869000,1149,0,2,0,0,0,0,0,0,0,0,0
8872644,1150,0,2,0,0,0,0,0,0,0,0,0
8876288,1151,0,2,0,0,0,0,0,0,0,0,0
8879932,1152,0,2,0,0,0,0,0,0,0,0,0
8883576,1153,0,2,0,0,0,0,0,0,0,0,0
8887220,1154,0,2,0,0,0,0,0,0,0,0,0
8890864,1155,0,2,0,0,0,0,0,0,0,0,0
8894508,1156,0,2,0,0,0,0,0,0,0,0,0
8898153,1157,0,2,0,0,0,0,0,0,0,0,0
8901796,1158,0,2,0,0,0,0,0,0,0,0,0
8905440,1159,0,2,0,0,0,0,0,0,0,0,0
8909084,1160,0,2,0,0,0,0,0,0,0,0,0
8912728,1161,0,2,0,0,0,0,0,0,0,0,0
8916372,1162,0,2,0,0,0,0,0,0,0,0,0
8920016,1163,0,2,0,0,0,0,0,0,0,0,0
8923660,1164,0,2,0,0,0,0,0,0,0,0,0
8927304,1165,0,2,0,0,0,0,0,0,0,0,0
8930948,1166,0,2,0,0,0,0,0,0,0,0,0
8934592,1167,0,2,0,0,0,0,0,0,0,0,0
8938236,1168,0,2,0,0,0,0,0,0,0,0,0
8941880,1169,0,2,0,0,0,0,0,0,0,0,0
8945524,1170,0,2,0,0,0,0,0,0,0,0,0
8949169,1171,0,2,0,0,0,0,0,0,0,0,0
8952812,1172,0,2,0,0,0,0,0,0,0,0,0
8956456,1173,0,2,0,0,0,0,0,0,0,0,0
8960100,1174,0,2,0,0,0,0,0,0,0,0,0
8963744,1175,0,2,0,0,0,0,0,0,0,0,0
8967389,1176,0,2,0,0,0,0,0,0,0,0,0
8971032,1177,0,2,0,0,0,0,0,0,0,0,0
8974676,1178,0,2,0,0,0,0,0,0,0,0,0
8978320,1179,0,2,0,0,0,0,0,0,0,0,0
8981964,1180,0,2,0,0,0,0,0,0,0,0,0
8985609,1181,0,2,0,0,0,0,0,0,0,0,0
8989253,1182,0,2,0,0,0,0,0,0,0,0,0
8992896,1183,0,2,0,0,0,0,0,0,0,0,0
8996540,1184,0,2,0,0,0,0,0,0,0,0,0
9000184,1185,0,2,0,0,0,0,0,0,0,0,0
9003828,1186,0,2,0,0,0,0,0,0,0,0,0
9007472,1187,0,2,0,0,0,0,0,0,0,0,0
9011116,1188,0,2,0,0,0,0,0,0,0,0,0
9014760,1189,0,2,0,0,0,0,0,0,0,0,0
9018404,1190,0,2,0,0,0,0,0,0,0,0,0
9022049,1191,0,2,0,0,0,0,0,0,0,0,0
9025692,1192,0,2,0,0,0,0,0,0,0,0,0
9029336,1193,0,2,0,0,0,0,0,0,0,0,0
9032980,1194,0,2,0,0,0,0,0,0,0,0,0
9036624,1195,0,2,0,0,0,0,0,0,0,0,0
9040268,1196,0,2,0,0,0,0,0,0,0,0,0
9043912,1197,0,2,0,0,0,0,0,0,0,0,0
9047556,1198,0,2,0,0,0,0,0,0,0,0,0
9051200,1199,0,2,0,0,0,0,0,0,0,0,0
9054844,1200,0,2,0,0,0,0,0,0,0,0,0
9058489,1201,0,2,0,0,0,0,0,0,0,0,0
9062132,1202,0,2,0,0,0,0,0,0,0,0,0
9065776,1203,0,2,0,0,0,0,0,0,0,0,0
9069420,1204,0,2,0,0,0,0,0,0,0,0,0
9073065,1205,0,2,0,0,0,0,0,0,0,0,0
9076708,1206,0,2,0,0,0,0,0,0,0,0,0
9080352,1207,0,2,0,0,0,0,0,0,0,0,0
9083996,1208,0,2,0,0,0,0,0,0,0,0,0
9087640,1209,0,2,0,0,0,0,0,0,0,0,0
9091284,1210,0,2,0,0,0,0,0,0,0,0,0
9094929,1211,0,2,0,0,0,0,0,0,0,0,0
9098572,1212,0,2,0,0,0,0,0,0,0,0,0
9102216,1213,0,2,0,0,0,0,0,0,0,0,0
9105860,1214,0,2,0,0,0,0,0,0,0,0,0
9109504,1215,0,2,0,0,0,0,0,0,0,0,0
9113149,1216,0,2,0,0,0,0,0,0,0,0,0
9116792,1217,0,2,0,0,0,0,0,0,0,0,0
9120436,1218,0,2,0,0,0,0,0,0,0,0,0
9124080,1219,0,2,0,0,0,0,0,0,0,0,0
9127724,1220,0,2,0,0,0,0,0,0,0,0,0
9131369,1221,0,2,0,0,0,0,0,0,0,0,0
9135012,1222,0,2,0,0,0,0,0,0,0,0,0
9138656,1223,0,2,0,0,0,0,0,0,0,0,0
9142301,1224,0,2,0,0,0,0,0,0,0,0,0
9145944,1225,0,2,0,0,0,0,0,0,0,0,0
9149588,1226,0,2,0,0,0,0,0,0,0,0,0
9153232,1227,0,2,0,0,0,0,0,0,0,0,0
9156876,1228,0,2,0,0,0,0,0,0,0,0,0
9160520,1229,0,2,0,0,0,0,0,0,0,0,0
9164164,1230,0,2,0,0,0,0,0,0,0,0,0
9167808,1231,0,2,0,0,0,0,0,0,0,0,0
9171452,1232,0,2,0,0,0,0,0,0,0,0,0
9175097,1233,0,2,0,0,0,0,0,0,0,0,0
9178740,1234,0,2,0,0,0,0,0,0,0,0,0
9182384,1235,0,2,0,0,0,0,0,0,0,0,0
9186029,1236,0,2,0,0,0,0,0,0,0,0,0
9189672,1237,0,2,0,0,0,0,0,0,0,0,0
9193317,1238,0,2,0,0,0,0,0,0,0,0,0
9196960,1239,0,2,0,0,0,0,0,0,0,0,0
9200604,1240,0,2,0,0,0,0,0,0,0,0,0
9204249,1241,0,2,0,0,0,0,0,0,0,0,0
9207892,1242,0,2,0,0,0,0,0,0,0,0,0
9211536,1243,0,2,0,0,0,0,0,0,0,0,0
9215180,1244,0,2,0,0,0,0,0,0,0,0,0
9218824,1245,0,2,0,0,0,0,0,0,0,0,0
9222468,1246,0,2,0,0,0,0,0,0,0,0,0
9226113,1247,0,2,0,0,0,0,0,0,0,0,0
9229756,1248,0,2,0,0,0,0,0,0,0,0,0
9233401,1249,0,2,0,0,0,0,0,0,0,0,0
9237044,1250,0,2,0,0,0,0,0,0,0,0,0
9240688,1251,0,2,0,0,0,0,0,0,0,0,0
9244333,1252,0,2,0,0,0,0,0,0,0,0,0
9247976,1253,0,2,0,0,0,0,0,0,0,0,0
9251620,1254,0,2,0,0,0,0,0,0,0,0,0
9255264,1255,0,2,0,0,0,0,0,0,0,0,0
9258908,1256,0,2,0,0,0,0,0,0,0,0,0
9262552,1257,0,2,0,0,0,0,0,0,0,0,0
9266196,1258,0,2,0,0,0,0,0,0,0,0,0
9269840,1259,0,2,0,0,0,0,0,0,0,0,0
9273484,1260,0,2,0,0,0,0,0,0,0,0,0
9277128,1261,0,2,0,0,0,0,0,0,0,0,0
9280772,1262,0,2,0,0,0,0,0,0,0,0,0
9284416,1263,0,2,0,0,0,0,0,0,0,0,0
9288061,1264,0,2,0,0,0,0,0,0,0,0,0
9291704,1265,0,2,0,0,0,0,0,0,0,0,0
9295348,1266,0,2,0,0,0,0,0,0,0,0,0
9298992,1267,0,2,0,0,0,0,0,0,0,0,0
9302636,1268,0,2,0,0,0,0,0,0,0,0,0
9306280,1269,0,2,0,0,0,0,0,0,0,0,0
9309924,1270,0,2,0,0,0,0,0,0,0,0,0
9313569,1271,0,2,0,0,0,0,0,0,0,0,0
9317213,1272,0,2,0,0,0,0,0,0,0,0,0
9320856,1273,0,2,0,0,0,0,0,0,0,0,0
9324500,1274,0,2,0,0,0,0,0,0,0,0,0
9328144,1275,0,2,0,0,0,0,0,0,0,0,0
9331788,1276,0,2,0,0,0,0,0,0,0,0,0
9335432,1277,0,2,0,0,0,0,0,0,0,0,0
9339077,1278,0,2,0,0,0,0,0,0,0,0,0
9342720,1279,0,2,0,0,0,0,0,0,0,0,0
9346365,1280,0,2,0,0,0,0,0,0,0,0,0
9350009,1281,0,2,0,0,0,0,0,0,0,0,0
9353652,1282,0,2,0,0,0,0,0,0,0,0,0
9357297,1283,0,2,0,0,0,0,0,0,0,0,0
9360940,1284,0,2,0,0,0,0,0,0,0,0,0
9364584,1285,0,2,0,0,0,0,0,0,0,0,0
9368228,1286,0,2,0,0,0,0,0,0,0,0,0
9371872,1287,0,2,0,0,0,0,0,0,0,0,0
9375516,1288,0,2,0,0,0,0,0,0,0,0,0
9379160,1289,0,2,0,0,0,0,0,0,0,0,0
9382804,1290,0,2,0,0,0,0,0,0,0,0,0
9386448,1291,0,2,0,0,0,0,0,0,0,0,0
9390092,1292,0,2,0,0,0,0,0,0,0,0,0
9393736,1293,0,2,0,0,0,0,0,0,0,0,0
9397381,1294,0,2,0,0,0,0,0,0,0,0,0
9401024,1295,0,2,0,0,0,0,0,0,0,0,0
9404668,1296,0,2,0,0,0,0,0,0,0,0,0
9408312,1297,0,2,0,0,0,0,0,0,0,0,0
9411956,1298,0,2,0,0,0,0,0,0,0,0,0
9415600,1299,0,2,0,0,0,0,0,0,0,0,0
9419244,1300,0,2,0,0,0,0,0,0,0,0,0
9422888,1301,0,2,0,0,0,0,0,0,0,0,0
9426532,1302,0,2,0,0,0,0,0,0,0,0,0
9430176,1303,0,2,0,0,0,0,0,0,0,0,0
9433820,1304,0,2,0,0,0,0,0,0,0,0,0
9437464,1305,0,2,0,0,0,0,0,0,0,0,0
9441108,1306,0,2,0,0,0,0,0,0,0,0,0
9444752,1307,0,2,0,0,0,0,0,0,0,0,0
9448396,1308,0,2,0,0,0,0,0,0,0,0,0
9452041,1309,0,2,0,0,0,0,0,0,0,0,0
9455684,1310,0,2,0,0,0,0,0,0,0,0,0
9459329,1311,0,2,0,0,0,0,0,0,0,0,0
9462972,1312,0,2,0,0,0,0,0,0,0,0,0
9466616,1313,0,2,0,0,0,0,0,0,0,0,0
9470261,1314,0,2,0,0,0,0,0,0,0,0,0
9473904,1315,0,2,0,0,0,0,0,0,0,0,0
9477548,1316,0,2,0,0,0,0,0,0,0,0,0
9481192,1317,0,2,0,0,0,0,0,0,0,0,0
9484836,1318,0,2,0,0,0,0,0,0,0,0,0
9488480,1319,0,2,0,0,0,0,0,0,0,0,0
9492124,1320,0,2,0,0,0,0,0,0,0,0,0
9495769,1321,0,2,0,0,0,0,0,0,0,0,0
9499412,1322,0,2,0,0,0,0,0,0,0,0,0
9503057,1323,0,2,0,0,0,0,0,0,0,0,0
9506700,1324,0,2,0,0,0,0,0,0,0,0,0
9510345,1325,0,2,0,0,0,0,0,0,0,0,0
9513988,1326,0,2,0,0,0,0,0,0,0,0,0
9517632,1327,0,2,0,0,0,0,0,0,0,0,0
9521276,1328,0,2,0,0,0,0,0,0,0,0,0
9524920,1329,0,2,0,0,0,0,0,0,0,0,0
9528564,1330,0,2,0,0,0,0,0,0,0,0,0
9532209,1331,0,2,0,0,0,0,0,0,0,0,0
9535852,1332,0,2,0,0,0,0,0,0,0,0,0
9539496,1333,0,2,0,0,0,0,0,0,0,0,0
9543141,1334,0,2,0,0,0,0,0,0,0,0,0
9546784,1335,0,2,0,0,0,0,0,0,0,0,0
9550428,1336,0,2,0,0,0,0,0,0,0,0,0
9554073,1337,0,2,0,0,0,0,0,0,0,0,0
9557716,1338,0,2,0,0,0,0,0,0,0,0,0
9561360,1339,0,2,0,0,0,0,0,0,0,0,0
9565004,1340,0,2,0,0,0,0,0,0,0,0,0
9568649,1341,0,2,0,0,0,0,0,0,0,0,0
9572293,1342,0,2,0,0,0,0,0,0,0,0,0
9575936,1343,0,2,0,0,0,0,0,0,0,0,0
9579580,1344,0,2,0,0,0,0,0,0,0,0,0
9583224,1345,0,2,0,0,0,0,0,0,0,0,0
9586868,1346,0,2,0,0,0,0,0,0,0,0,0
9590512,1347,0,2,0,0,0,0,0,0,0,0,0
9594156,1348,0,2,0,0,0,0,0,0,0,0,0
9597800,1349,0,2,0,0,0,0,0,0,0,0,0
9601444,1350,0,2,0,0,0,0,0,0,0,0,0
9605089,1351,0,2,0,0,0,0,0,0,0,0,0
9608732,1352,0,2,0,0,0,0,0,0,0,0,0
9612376,1353,0,2,0,0,0,0,0,0,0,0,0
9616020,1354,0,2,0,0,0,0,0,0,0,0,0
9619664,1355,0,2,0,0,0,0,0,0,0,0,0
9623309,1356,0,2,0,0,0,0,0,0,0,0,0
9626952,1357,0,2,0,0,0,0,0,0,0,0,0
9630596,1358,0,2,0,0,0,0,0,0,0,0,0
9634241,1359,0,2,0,0,0,0,0,0,0,0,0
9637884,1360,0,2,0,0,0,0,0,0,0,0,0
9641529,1361,0,2,0,0,0,0,0,0,0,0,0
9645172,1362,0,2,0,0,0,0,0,0,0,0,0
9655409,1363,0,2,0,0,0,0,0,0,0,0,0
9659041,1364,0,2,0,0,0,0,0,0,0,0,0
9662685,1365,0,2,0,0,0,0,0,0,0,0,0
9666329,1366,0,2,0,0,0,0,0,0,0,0,0
9669973,1367,0,2,0,0,0,0,0,0,0,0,0
9673617,1368,0,2,0,0,0,0,0,0,0,0,0
9677261,1369,0,2,0,0,0,0,0,0,0,0,0
9680905,1370,0,2,0,0,0,0,0,0,0,0,0
9684550,1371,0,2,0,0,0,0,0,0,0,0,0
9688194,1372,0,2,0,0,0,0,0,0,0,0,0
9691837,1373,0,2,0,0,0,0,0,0,0,0,0
9695481,1374,0,2,0,0,0,0,0,0,0,0,0
9699125,1375,0,2,0,0,0,0,0,0,0,0,0
9702769,1376,0,2,0,0,0,0,0,0,0,0,0
9706414,1377,0,2,0,0,0,0,0,0,0,0,0
9710057,1378,0,2,0,0,0,0,0,0,0,0,0
9713701,1379,0,2,0,0,0,0,0,0,0,0,0
9717345,1380,0,2,0,0,0,0,0,0,0,0,0
9720989,1381,0,2,0,0,0,0,0,0,0,0,0
9724633,1382,0,2,0,0,0,0,0,0,0,0,0
9728277,1383,0,2,0,0,0,0,0,0,0,0,0
9731921,1384,0,2,0,0,0,0,0,0,0,0,0
9735565,1385,0,2,0,0,0,0,0,0,0,0,0
9739209,1386,0,2,0,0,0,0,0,0,0,0,0
9742853,1387,0,2,0,0,0,0,0,0,0,0,0
9746497,1388,0,2,0,0,0,0,0,0,0,0,0
9750142,1389,0,2,0,0,0,0,0,0,0,0,0
9753785,1390,0,2,0,0,0,0,0,0,0,0,0
9757429,1391,0,2,0,0,0,0,0,0,0,0,0
9761073,1392,0,2,0,0,0,0,0,0,0,0,0
9764717,1393,0,2,0,0,0,0,0,0,0,0,0
9768361,1394,0,2,0,0,0,0,0,0,0,0,0
9772005,1395,0,2,0,0,0,0,0,0,0,0,0
9775649,1396,0,2,0,0,0,0,0,0,0,0,0
9779294,1397,0,2,0,0,0,0,0,0,0,0,0
9782937,1398,0,2,0,0,0,0,0,0,0,0,0
9786581,1399,0,2,0,0,0,0,0,0,0,0,0
9790226,1400,0,2,0,0,0,0,0,0,0,0,0
9793870,1401,0,2,0,0,0,0,0,0,0,0,0
9797513,1402,0,2,0,0,0,0,0,0,0,0,0
9801158,1403,0,2,0,0,0,0,0,0,0,0,0
9804801,1404,0,2,0,0,0,0,0,0,0,0,0
9808445,1405,0,2,0,0,0,0,0,0,0,0,0
9812090,1406,0,2,0,0,0,0,0,0,0,0,0
9815733,1407,0,2,0,0,0,0,0,0,0,0,0
9819377,1408,0,2,0,0,0,0,0,0,0,0,0
9823022,1409,0,2,0,0,0,0,0,0,0,0,0
9826665,1410,0,2,0,0,0,0,0,0,0,0,0
9830309,1411,0,2,0,0,0,0,0,0,0,0,0
9833953,1412,0,2,0,0,0,0,0,0,0,0,0
9837597,1413,0,2,0,0,0,0,0,0,0,0,0
9841241,1414,0,2,0,0,0,0,0,0,0,0,0
9844885,1415,0,2,0,0,0,0,0,0,0,0,0
9848529,1416,0,2,0,0,0,0,0,0,0,0,0
9852173,1417,0,2,0,0,0,0,0,0,0,0,0
9855817,1418,0,2,0,0,0,0,0,0,0,0,0
9859461,1419,0,2,0,0,0,0,0,0,0,0,0
9863106,1420,0,2,0,0,0,0,0,0,0,0,0
9866749,1421,0,2,0,0,0,0,0,0,0,0,0
9870393,1422,0,2,0,0,0,0,0,0,0,0,0
9874037,1423,0,2,0,0,0,0,0,0,0,0,0
9877681,1424,0,2,0,0,0,0,0,0,0,0,0
9881325,1425,0,2,0,0,0,0,0,0,0,0,0
9884969,1426,0,2,0,0,0,0,0,0,0,0,0
9888613,1427,0,2,0,0,0,0,0,0,0,0,0
9892257,1428,0,2,0,0,0,0,0,0,0,0,0
9895901,1429,0,2,0,0,0,0,0,0,0,0,0
9899545,1430,0,2,0,0,0,0,0,0,0,0,0
9903190,1431,0,2,0,0,0,0,0,0,0,0,0
9906833,1432,0,2,0,0,0,0,0,0,0,0,0
9910477,1433,0,2,0,0,0,0,0,0,0,0,0
9914122,1434,0,2,0,0,0,0,0,0,0,0,0
9917765,1435,0,2,0,0,0,0,0,0,0,0,0
9921410,1436,0,2,0,0,0,0,0,0,0,0,0
9925053,1437,0,2,0,0,0,0,0,0,0,0,0
9928697,1438,0,2,0,0,0,0,0,0,0,0,0
9932341,1439,0,2,0,0,0,0,0,0,0,0,0
9935985,1440,0,2,0,0,0,0,0,0,0,0,0
9939630,1441,0,2,0,0,0,0,0,0,0,0,0
9943274,1442,0,2,0,0,0,0,0,0,0,0,0
9946917,1443,0,2,0,0,0,0,0,0,0,0,0
9950561,1444,0,2,0,0,0,0,0,0,0,0,0
9954206,1445,0,2,0,0,0,0,0,0,0,0,0
9957849,1446,0,2,0,0,0,0,0,0,0,0,0
9961493,1447,0,2,0,0,0,0,0,0,0,0,0
9965138,1448,0,2,0,0,0,0,0,0,0,0,0
9968781,1449,0,2,0,0,0,0,0,0,0,0,0
9972425,1450,0,2,0,0,0,0,0,0,0,0,0
9976070,1451,0,2,0,0,0,0,0,0,0,0,0
9979713,1452,0,2,0,0,0,0,0,0,0,0,0
9983357,1453,0,2,0,0,0,0,0,0,0,0,0
9987001,1454,0,2,0,0,0,0,0,0,0,0,0
9990645,1455,0,2,0,0,0,0,0,0,0,0,0
9994289,1456,0,2,0,0,0,0,0,0,0,0,0
9997933,1457,0,2,0,0,0,0,0,0,0,0,0
10001577,1458,0,2,0,0,0,0,0,0,0,0,0
10005221,1459,0,2,0,0,0,0,0,0,0,0,0
10008865,1460,0,2,0,0,0,0,0,0,0,0,0
10012510,1461,0,2,0,0,0,0,0,0,0,0,0
10016154,1462,0,2,0,0,0,0,0,0,0,0,0
10019797,1463,0,2,0,0,0,0,0,0,0,0,0
10023441,1464,0,2,0,0,0,0,0,0,0,0,0
10027086,1465,0,2,0,0,0,0,0,0,0,0,0
10030729,1466,0,2,0,0,0,0,0,0,0,0,0
10034374,1467,0,2,0,0,0,0,0,0,0,0,0
10038017,1468,0,2,0,0,0,0,0,0,0,0,0
10041661,1469,0,2,0,0,0,0,0,0,0,0,0
10045306,1470,0,2,0,0,0,0,0,0,0,0,0
10048950,1471,0,2,0,0,0,0,0,0,0,0,0
10052593,1472,0,2,0,0,0,0,0,0,0,0,0
10056237,1473,0,2,0,0,0,0,0,0,0,0,0
10059881,1474,0,2,0,0,0,0,0,0,0,0,0
10063525,1475,0,2,0,0,0,0,0,0,0,0,0
10067169,1476,0,2,0,0,0,0,0,0,0,0,0
10070813,1477,0,2,0,0,0,0,0,0,0,0,0
10074457,1478,0,2,0,0,0,0,0,0,0,0,0
10078102,1479,0,2,0,0,0,0,0,0,0,0,0
10081745,1480,0,2,0,0,0,0,0,0,0,0,0
10085390,1481,0,2,0,0,0,0,0,0,0,0,0
10089033,1482,0,2,0,0,0,0,0,0,0,0,0
10092677,1483,0,2,0,0,0,0,0,0,0,0,0
10096322,1484,0,2,0,0,0,0,0,0,0,0,0
10099965,1485,0,2,0,0,0,0,0,0,0,0,0
10103609,1486,0,2,0,0,0,0,0,0,0,0,0
10107253,1487,0,2,0,0,0,0,0,0,0,0,0
10110897,1488,0,2,0,0,0,0,0,0,0,0,0
10114541,1489,0,2,0,0,0,0,0,0,0,0,0
10118185,1490,0,2,0,0,0,0,0,0,0,0,0
10121830,1491,0,2,0,0,0,0,0,0,0,0,0
10125473,1492,0,2,0,0,0,0,0,0,0,0,0
10129117,1493,0,2,0,0,0,0,0,0,0,0,0
10132761,1494,0,2,0,0,0,0,0,0,0,0,0
10136405,1495,0,2,0,0,0,0,0,0,0,0,0
10140049,1496,0,2,0,0,0,0,0,0,0,0,0
10143693,1497,0,2,0,0,0,0,0,0,0,0,0
10147338,1498,0,2,0,0,0,0,0,0,0,0,0
10150981,1499,0,2,0,0,0,0,0,0,0,0,0
10154625,1500,0,2,0,0,0,0,0,0,0,0,0
10158270,1501,0,2,0,0,0,0,0,0,0,0,0
10161913,1502,0,2,0,0,0,0,0,0,0,0,0
10165557,1503,0,2,0,0,0,0,0,0,0,0,0
10169201,1504,0,2,0,0,0,0,0,0,0,0,0
10172845,1505,0,2,0,0,0,0,0,0,0,0,0
10176489,1506,0,2,0,0,0,0,0,0,0,0,0
10180133,1507,0,2,0,0,0,0,0,0,0,0,0
10183777,1508,0,2,0,0,0,0,0,0,0,0,0
10187421,1509,0,2,0,0,0,0,0,0,0,0,0
10191065,1510,0,2,0,0,0,0,0,0,0,0,0
10194709,1511,0,2,0,0,0,0,0,0,0,0,0
10198353,1512,0,2,0,0,0,0,0,0,0,0,0
10201997,1513,0,2,0,0,0,0,0,0,0,0,0
10205641,1514,0,2,0,0,0,0,0,0,0,0,0
10209285,1515,0,2,0,0,0,0,0,0,0,0,0
10212929,1516,0,2,0,0,0,0,0,0,0,0,0
10216573,1517,0,2,0,0,0,0,0,0,0,0,0
10220218,1518,0,2,0,0,0,0,0,0,0,0,0
10223861,1519,0,2,0,0,0,0,0,0,0,0,0
10227505,1520,0,2,0,0,0,0,0,0,0,0,0
10231150,1521,0,2,0,0,0,0,0,0,0,0,0
10234793,1522,0,2,0,0,0,0,0,0,0,0,0
10238437,1523,0,2,0,0,0,0,0,0,0,0,0
10242081,1524,0,2,0,0,0,0,0,0,0,0,0
10245725,1525,0,2,0,0,0,0,0,0,0,0,0
10249370,1526,0,2,0,0,0,0,0,0,0,0,0
10253013,1527,0,2,0,0,0,0,0,0,0,0,0
10256657,1528,0,2,0,0,0,0,0,0,0,0,0
10260302,1529,0,2,0,0,0,0,0,0,0,0,0
10263945,1530,0,2,0,0,0,0,0,0,0,0,0
10267589,1531,0,2,0,0,0,0,0,0,0,0,0
10271234,1532,0,2,0,0,0,0,0,0,0,0,0
10274877,1533,0,2,0,0,0,0,0,0,0,0,0
10278521,1534,0,2,0,0,0,0,0,0,0,0,0
10282166,1535,0,2,0,0,0,0,0,0,0,0,0
10285809,1536,0,2,0,0,0,0,0,0,0,0,0
10289453,1537,0,2,0,0,0,0,0,0,0,0,0
10293098,1538,0,2,0,0,0,0,0,0,0,0,0
10296741,1539,0,2,0,0,0,0,0,0,0,0,0
10300386,1540,0,2,0,0,0,0,0,0,0,0,0
10304030,1541,0,2,0,0,0,0,0,0,0,0,0
10307673,1542,0,2,0,0,0,0,0,0,0,0,0
10311317,1543,0,2,0,0,0,0,0,0,0,0,0
10314961,1544,0,2,0,0,0,0,0,0,0,0,0
10318605,1545,0,2,0,0,0,0,0,0,0,0,0
10322249,1546,0,2,0,0,0,0,0,0,0,0,0
10325893,1547,0,2,0,0,0,0,0,0,0,0,0
10329537,1548,0,2,0,0,0,0,0,0,0,0,0
10333181,1549,0,2,0,0,0,0,0,0,0,0,0
10336825,1550,0,2,0,0,0,0,0,0,0,0,0
10340470,1551,0,2,0,0,0,0,0,0,0,0,0
10344113,1552,0,2,0,0,0,0,0,0,0,0,0
10347757,1553,0,2,0,0,0,0,0,0,0,0,0
10351401,1554,0,2,0,0,0,0,0,0,0,0,0
10355045,1555,0,2,0,0,0,0,0,0,0,0,0
10358689,1556,0,2,0,0,0,0,0,0,0,0,0
10362334,1557,0,2,0,0,0,0,0,0,0,0,0
10365977,1558,0,2,0,0,0,0,0,0,0,0,0
10369621,1559,0,2,0,0,0,0,0,0,0,0,0
10373265,1560,0,2,0,0,0,0,0,0,0,0,0
10376909,1561,0,2,0,0,0,0,0,0,0,0,0
10380553,1562,0,2,0,0,0,0,0,0,0,0,0
10384197,1563,0,2,0,0,0,0,0,0,0,0,0
10387841,1564,0,2,0,0,0,0,0,0,0,0,0
10391485,1565,0,2,0,0,0,0,0,0,0,0,0
10395130,1566,0,2,0,0,0,0,0,0,0,0,0
10398773,1567,0,2,0,0,0,0,0,0,0,0,0
10402417,1568,0,2,0,0,0,0,0,0,0,0,0
10406061,1569,0,2,0,0,0,0,0,0,0,0,0
10409705,1570,0,2,0,0,0,0,0,0,0,0,0
10413350,1571,0,2,0,0,0,0,0,0,0,0,0
10416993,1572,0,2,0,0,0,0,0,0,0,0,0
10420637,1573,0,2,0,0,0,0,0,0,0,0,0
10424281,1574,0,2,0,0,0,0,0,0,0,0,0
10427925,1575,0,2,0,0,0,0,0,0,0,0,0
10431569,1576,0,2,0,0,0,0,0,0,0,0,0
10435213,1577,0,2,0,0,0,0,0,0,0,0,0
10438857,1578,0,2,0,0,0,0,0,0,0,0,0
10442501,1579,0,2,0,0,0,0,0,0,0,0,0
10446146,1580,0,2,0,0,0,0,0,0,0,0,0
10449790,1581,0,2,0,0,0,0,0,0,0,0,0
10453433,1582,0,2,0,0,0,0,0,0,0,0,0
10457077,1583,0,2,0,0,0,0,0,0,0,0,0
10460721,1584,0,2,0,0,0,0,0,0,0,0,0
10464365,1585,0,2,0,0,0,0,0,0,0,0,0
10468009,1586,0,2,0,0,0,0,0,0,0,0,0
10471653,1587,0,2,0,0,0,0,0,0,0,0,0
10475298,1588,0,2,0,0,0,0,0,0,0,0,0
10478941,1589,0,2,0,0,0,0,0,0,0,0,0
10487039,1590,0,2,0,0,0,0,0,0,0,0,0
10490671,1591,0,2,0,0,0,0,0,0,0,0,0
10494315,1592,0,2,0,0,0,0,0,0,0,0,0
10497959,1593,0,2,0,0,0,0,0,0,0,0,0
10501603,1594,0,2,0,0,0,0,0,0,0,0,0
10505248,1595,0,2,0,0,0,0,0,0,0,0,0
10508891,1596,0,2,0,0,0,0,0,0,0,0,0
10512535,1597,0,2,0,0,0,0,0,0,0,0,0
10516180,1598,0,2,0,0,0,0,0,0,0,0,0
10519823,1599,0,2,0,0,0,0,0,0,0,0,0
10523467,1600,0,2,0,0,0,0,0,0,0,0,0
10527111,1601,0,2,0,0,0,0,0,0,0,0,0
10530755,1602,0,2,0,0,0,0,0,0,0,0,0
10534399,1603,0,2,0,0,0,0,0,0,0,0,0
10538043,1604,0,2,0,0,0,0,0,0,0,0,0
10541687,1605,0,2,0,0,0,0,0,0,0,0,0
10545331,1606,0,2,0,0,0,0,0,0,0,0,0
10548975,1607,0,2,0,0,0,0,0,0,0,0,0
10552619,1608,0,2,0,0,0,0,0,0,0,0,0
10556263,1609,0,2,0,0,0,0,0,0,0,0,0
10559907,1610,0,2,0,0,0,0,0,0,0,0,0
10563552,1611,0,2,0,0,0,0,0,0,0,0,0
10567196,1612,0,2,0,0,0,0,0,0,0,0,0
10570839,1613,0,2,0,0,0,0,0,0,0,0,0
10574483,1614,0,2,0,0,0,0,0,0,0,0,0
10578127,1615,0,2,0,0,0,0,0,0,0,0,0
10581771,1616,0,2,0,0,0,0,0,0,0,0,0
10585415,1617,0,2,0,0,0,0,0,0,0,0,0
10589060,1618,0,2,0,0,0,0,0,0,0,0,0
10592703,1619,0,2,0,0,0,0,0,0,0,0,0
10596347,1620,0,2,0,0,0,0,0,0,0,0,0
10599991,1621,0,2,0,0,0,0,0,0,0,0,0
10603635,1622,0,2,0,0,0,0,0,0,0,0,0
10607279,1623,0,2,0,0,0,0,0,0,0,0,0
10610923,1624,0,2,0,0,0,0,0,0,0,0,0
10614567,1625,0,2,0,0,0,0,0,0,0,0,0
10618211,1626,0,2,0,0,0,0,0,0,0,0,0
10621855,1627,0,2,0,0,0,0,0,0,0,0,0
10625499,1628,0,2,0,0,0,0,0,0,0,0,0
10629144,1629,0,2,0,0,0,0,0,0,0,0,0
10632787,1630,0,2,0,0,0,0,0,0,0,0,0
10636432,1631,0,2,0,0,0,0,0,0,0,0,0
10640075,1632,0,2,0,0,0,0,0,0,0,0,0
10643719,1633,0,2,0,0,0,0,0,0,0,0,0
10647363,1634,0,2,0,0,0,0,0,0,0,0,0
10651008,1635,0,2,0,0,0,0,0,0,0,0,0
10654651,1636,0,2,0,0,0,0,0,0,0,0,0
10658295,1637,0,2,0,0,0,0,0,0,0,0,0
10661939,1638,0,2,0,0,0,0,0,0,0,0,0
10665583,1639,0,2,0,0,0,0,0,0,0,0,0
10669227,1640,0,2,0,0,0,0,0,0,0,0,0
10672872,1641,0,2,0,0,0,0,0,0,0,0,0
10676515,1642,0,2,0,0,0,0,0,0,0,0,0
10680159,1643,0,2,0,0,0,0,0,0,0,0,0
10683803,1644,0,2,0,0,0,0,0,0,0,0,0
10687447,1645,0,2,0,0,0,0,0,0,0,0,0
10691092,1646,0,2,0,0,0,0,0,0,0,0,0
10694735,1647,0,2,0,0,0,0,0,0,0,0,0
10698380,1648,0,2,0,0,0,0,0,0,0,0,0
10702023,1649,0,2,0,0,0,0,0,0,0,0,0
10705667,1650,0,2,0,0,0,0,0,0,0,0,0
10709312,1651,0,2,0,0,0,0,0,0,0,0,0
10712955,1652,0,2,0,0,0,0,0,0,0,0,0
10716599,1653,0,2,0,0,0,0,0,0,0,0,0
10720243,1654,0,2,0,0,0,0,0,0,0,0,0
10723887,1655,0,2,0,0,0,0,0,0,0,0,0
10727531,1656,0,2,0,0,0,0,0,0,0,0,0
10731175,1657,0,2,0,0,0,0,0,0,0,0,0
10734819,1658,0,2,0,0,0,0,0,0,0,0,0
10738463,1659,0,2,0,0,0,0,0,0,0,0,0
10742107,1660,0,2,0,0,0,0,0,0,0,0,0
10745752,1661,0,2,0,0,0,0,0,0,0,0,0
10749395,1662,0,2,0,0,0,0,0,0,0,0,0
10753039,1663,0,2,0,0,0,0,0,0,0,0,0
10756683,1664,0,2,0,0,0,0,0,0,0,0,0
10760327,1665,0,2,0,0,0,0,0,0,0,0,0
10763971,1666,0,2,0,0,0,0,0,0,0,0,0
10767615,1667,0,2,0,0,0,0,0,0,0,0,0
10771259,1668,0,2,0,0,0,0,0,0,0,0,0
10774903,1669,0,2,0,0,0,0,0,0,0,0,0
10778547,1670,0,2,0,0,0,0,0,0,0,0,0
10782192,1671,0,2,0,0,0,0,0,0,0,0,0
10785835,1672,0,2,0,0,0,0,0,0,0,0,0
10789479,1673,0,2,0,0,0,0,0,0,0,0,0
10793123,1674,0,2,0,0,0,0,0,0,0,0,0
10796767,1675,0,2,0,0,0,0,0,0,0,0,0
10800411,1676,0,2,0,0,0,0,0,0,0,0,0
10804056,1677,0,2,0,0,0,0,0,0,0,0,0
10807699,1678,0,2,0,0,0,0,0,0,0,0,0
10811344,1679,0,2,0,0,0,0,0,0,0,0,0
10814987,1680,0,2,0,0,0,0,0,0,0,0,0
10818631,1681,0,2,0,0,0,0,0,0,0,0,0
10822276,1682,0,2,0,0,0,0,0,0,0,0,0
10825919,1683,0,2,0,0,0,0,0,0,0,0,0
10829563,1684,0,2,0,0,0,0,0,0,0,0,0
10833208,1685,0,2,0,0,0,0,0,0,0,0,0
10836851,1686,0,2,0,0,0,0,0,0,0,0,0
10840495,1687,0,2,0,0,0,0,0,0,0,0,0
10844140,1688,0,2,0,0,0,0,0,0,0,0,0
10847783,1689,0,2,0,0,0,0,0,0,0,0,0
10851427,1690,0,2,0,0,0,0,0,0,0,0,0
10855072,1691,0,2,0,0,0,0,0,0,0,0,0
10858715,1692,0,2,0,0,0,0,0,0,0,0,0
10862359,1693,0,2,0,0,0,0,0,0,0,0,0
10866004,1694,0,2,0,0,0,0,0,0,0,0,0
10869647,1695,0,2,0,0,0,0,0,0,0,0,0
10873291,1696,0,2,0,0,0,0,0,0,0,0,0
10876935,1697,0,2,0,0,0,0,0,0,0,0,0
10880579,1698,0,2,0,0,0,0,0,0,0,0,0
10884223,1699,0,2,0,0,0,0,0,0,0,0,0
10887867,1700,0,2,0,0,0,0,0,0,0,0,0
10891511,1701,0,2,0,0,0,0,0,0,0,0,0
10895155,1702,0,2,0,0,0,0,0,0,0,0,0
10898799,1703,0,2,0,0,0,0,0,0,0,0,0
10902443,1704,0,2,0,0,0,0,0,0,0,0,0
10906087,1705,0,2,0,0,0,0,0,0,0,0,0
10909731,1706,0,2,0,0,0,0,0,0,0,0,0
10913376,1707,0,2,0,0,0,0,0,0,0,0,0
10917019,1708,0,2,0,0,0,0,0,0,0,0,0
10920663,1709,0,2,0,0,0,0,0,0,0,0,0
10924307,1710,0,2,0,0,0,0,0,0,0,0,0
10927951,1711,0,2,0,0,0,0,0,0,0,0,0
10931595,1712,0,2,0,0,0,0,0,0,0,0,0
10935239,1713,0,2,0,0,0,0,0,0,0,0,0
10938883,1714,0,2,0,0,0,0,0,0,0,0,0
10942527,1715,0,2,0,0,0,0,0,0,0,0,0
10946171,1716,0,2,0,0,0,0,0,0,0,0,0
10949815,1717,0,2,0,0,0,0,0,0,0,0,0
10953459,1718,0,2,0,0,0,0,0,0,0,0,0
10957103,1719,0,2,0,0,0,0,0,0,0,0,0
10960747,1720,0,2,0,0,0,0,0,0,0,0,0
10964392,1721,0,2,0,0,0,0,0,0,0,0,0
10968035,1722,0,2,0,0,0,0,0,0,0,0,0
10971679,1723,0,2,0,0,0,0,0,0,0,0,0
10975324,1724,0,2,0,0,0,0,0,0,0,0,0
10978967,1725,0,2,0,0,0,0,0,0,0,0,0
10982611,1726,0,2,0,0,0,0,0,0,0,0,0
10986255,1727,0,2,0,0,0,0,0,0,0,0,0
10989899,1728,0,2,0,0,0,0,0,0,0,0,0
10993543,1729,0,2,0,0,0,0,0,0,0,0,0
10997187,1730,0,2,0,0,0,0,0,0,0,0,0
11000831,1731,0,2,0,0,0,0,0,0,0,0,0
11004475,1732,0,2,0,0,0,0,0,0,0,0,0
11008120,1733,0,2,0,0,0,0,0,0,0,0,0
11011763,1734,0,2,0,0,0,0,0,0,0,0,0
11015407,1735,0,2,0,0,0,0,0,0,0,0,0
11019052,1736,0,2,0,0,0,0,0,0,0,0,0
11022695,1737,0,2,0,0,0,0,0,0,0,0,0
11026339,1738,0,2,0,0,0,0,0,0,0,0,0
11029983,1739,0,2,0,0,0,0,0,0,0,0,0
11033627,1740,0,2,0,0,0,0,0,0,0,0,0
11037271,1741,0,2,0,0,0,0,0,0,0,0,0
11040915,1742,0,2,0,0,0,0,0,0,0,0,0
11044559,1743,0,2,0,0,0,0,0,0,0,0,0
11048204,1744,0,2,0,0,0,0,0,0,0,0,0
11051847,1745,0,2,0,0,0,0,0,0,0,0,0
11055491,1746,0,2,0,0,0,0,0,0,0,0,0
11059135,1747,0,2,0,0,0,0,0,0,0,0,0
11062779,1748,0,2,0,0,0,0,0,0,0,0,0
11066423,1749,0,2,0,0,0,0,0,0,0,0,0
11070068,1750,0,2,0,0,0,0,0,0,0,0,0
11073712,1751,0,2,0,0,0,0,0,0,0,0,0
11077355,1752,0,2,0,0,0,0,0,0,0,0,0
11080999,1753,0,2,0,0,0,0,0,0,0,0,0
11084643,1754,0,2,0,0,0,0,0,0,0,0,0
11088287,1755,0,2,0,0,0,0,0,0,0,0,0
11091931,1756,0,2,0,0,0,0,0,0,0,0,0
11095575,1757,0,2,0,0,0,0,0,0,0,0,0
11099219,1758,0,2,0,0,0,0,0,0,0,0,0
11102863,1759,0,2,0,0,0,0,0,0,0,0,0
11106507,1760,0,2,0,0,0,0,0,0,0,0,0
11110152,1761,0,2,0,0,0,0,0,0,0,0,0
11113795,1762,0,2,0,0,0,0,0,0,0,0,0
11117439,1763,0,2,0,0,0,0,0,0,0,0,0
11121083,1764,0,2,0,0,0,0,0,0,0,0,0
11124727,1765,0,2,0,0,0,0,0,0,0,0,0
11128372,1766,0,2,0,0,0,0,0,0,0,0,0
11132015,1767,0,2,0,0,0,0,0,0,0,0,0
11135659,1768,0,2,0,0,0,0,0,0,0,0,0
11139304,1769,0,2,0,0,0,0,0,0,0,0,0
11142947,1770,0,2,0,0,0,0,0,0,0,0,0
11146592,1771,0,2,0,0,0,0,0,0,0,0,0
11150236,1772,0,2,0,0,0,0,0,0,0,0,0
11153879,1773,0,2,0,0,0,0,0,0,0,0,0
11157523,1774,0,2,0,0,0,0,0,0,0,0,0
11161167,1775,0,2,0,0,0,0,0,0,0,0,0
11164811,1776,0,2,0,0,0,0,0,0,0,0,0
11168455,1777,0,2,0,0,0,0,0,0,0,0,0
11172099,1778,0,2,0,0,0,0,0,0,0,0,0
11175743,1779,0,2,0,0,0,0,0,0,0,0,0
11179387,1780,0,2,0,0,0,0,0,0,0,0,0
11183032,1781,0,2,0,0,0,0,0,0,0,0,0
11186675,1782,0,2,0,0,0,0,0,0,0,0,0
11190319,1783,0,2,0,0,0,0,0,0,0,0,0
11193963,1784,0,2,0,0,0,0,0,0,0,0,0
11197607,1785,0,2,0,0,0,0,0,0,0,0,0
11201251,1786,0,2,0,0,0,0,0,0,0,0,0
11204895,1787,0,2,0,0,0,0,0,0,0,0,0
11208539,1788,0,2,0,0,0,0,0,0,0,0,0
11212183,1789,0,2,0,0,0,0,0,0,0,0,0
11215827,1790,0,2,0,0,0,0,0,0,0,0,0
11219471,1791,0,2,0,0,0,0,0,0,0,0,0
11223115,1792,0,2,0,0,0,0,0,0,0,0,0
11226759,1793,0,2,0,0,0,0,0,0,0,0,0
11230403,1794,0,2,0,0,0,0,0,0,0,0,0
11234048,1795,0,2,0,0,0,0,0,0,0,0,0
11237691,1796,0,2,0,0,0,0,0,0,0,0,0
11241336,1797,0,2,0,0,0,0,0,0,0,0,0
11244979,1798,0,2,0,0,0,0,0,0,0,0,0
11248623,1799,0,2,0,0,0,0,0,0,0,0,0
11252267,1800,0,2,0,0,0,0,0,0,0,0,0
11255912,1801,0,2,0,0,0,0,0,0,0,0,0
11259555,1802,0,2,0,0,0,0,0,0,0,0,0
11263199,1803,0,2,0,0,0,0,0,0,0,0,0
11266843,1804,0,2,0,0,0,0,0,0,0,0,0
11270487,1805,0,2,0,0,0,0,0,0,0,0,0
11274132,1806,0,2,0,0,0,0,0,0,0,0,0
11277775,1807,0,2,0,0,0,0,0,0,0,0,0
11281419,1808,0,2,0,0,0,0,0,0,0,0,0
11285063,1809,0,2,0,0,0,0,0,0,0,0,0
11288707,1810,0,2,0,0,0,0,0,0,0,0,0
11292352,1811,0,2,0,0,0,0,0,0,0,0,0
11295995,1812,0,2,0,0,0,0,0,0,0,0,0
11299639,1813,0,2,0,0,0,0,0,0,0,0,0
11303283,1814,0,2,0,0,0,0,0,0,0,0,0
11306927,1815,0,2,0,0,0,0,0,0,0,0,0
11310571,1816,0,2,0,0,0,0,0,0,0,0,0
11320612,1817,0,2,0,0,0,0,0,0,0,0,0
11324244,1818,0,2,0,0,0,0,0,0,0,0,0
11327888,1819,0,2,0,0,0,0,0,0,0,0,0
11331532,1820,0,2,0,0,0,0,0,0,0,0,0
11335176,1821,0,2,0,0,0,0,0,0,0,0,0
11338820,1822,0,2,0,0,0,0,0,0,0,0,0
11342464,1823,0,2,0,0,0,0,0,0,0,0,0
11346108,1824,0,2,0,0,0,0,0,0,0,0,0
11349752,1825,0,2,0,0,0,0,0,0,0,0,0
11353396,1826,0,2,0,0,0,0,0,0,0,0,0
11357040,1827,0,2,0,0,0,0,0,0,0,0,0
11360684,1828,0,2,0,0,0,0,0,0,0,0,0
11364329,1829,0,2,0,0,0,0,0,0,0,0,0
11367972,1830,0,2,0,0,0,0,0,0,0,0,0
11371616,1831,0,2,0,0,0,0,0,0,0,0,0
11375260,1832,0,2,0,0,0,0,0,0,0,0,0
11378904,1833,0,2,0,0,0,0,0,0,0,0,0
11382548,1834,0,2,0,0,0,0,0,0,0,0,0
11386192,1835,0,2,0,0,0,0,0,0,0,0,0
11389836,1836,0,2,0,0,0,0,0,0,0,0,0
11393480,1837,0,2,0,0,0,0,0,0,0,0,0
11397124,1838,0,2,0,0,0,0,0,0,0,0,0
11400768,1839,0,2,0,0,0,0,0,0,0,0,0
11404412,1840,0,2,0,0,0,0,0,0,0,0,0
11408057,1841,0,2,0,0,0,0,0,0,0,0,0
11411700,1842,0,2,0,0,0,0,0,0,0,0,0
11415345,1843,0,2,0,0,0,0,0,0,0,0,0
11418988,1844,0,2,0,0,0,0,0,0,0,0,0
11422632,1845,0,2,0,0,0,0,0,0,0,0,0
11426276,1846,0,2,0,0,0,0,0,0,0,0,0
11429920,1847,0,2,0,0,0,0,0,0,0,0,0
11433564,1848,0,2,0,0,0,0,0,0,0,0,0
11437208,1849,0,2,0,0,0,0,0,0,0,0,0
11440852,1850,0,2,0,0,0,0,0,0,0,0,0
11444496,1851,0,2,0,0,0,0,0,0,0,0,0
11448140,1852,0,2,0,0,0,0,0,0,0,0,0
11451784,1853,0,2,0,0,0,0,0,0,0,0,0
11455428,1854,0,2,0,0,0,0,0,0,0,0,0
11459073,1855,0,2,0,0,0,0,0,0,0,0,0
11462716,1856,0,2,0,0,0,0,0,0,0,0,0
11466360,1857,0,2,0,0,0,0,0,0,0,0,0
11470004,1858,0,2,0,0,0,0,0,0,0,0,0
11473648,1859,0,2,0,0,0,0,0,0,0,0,0
11477292,1860,0,2,0,0,0,0,0,0,0,0,0
11480936,1861,0,2,0,0,0,0,0,0,0,0,0
11484580,1862,0,2,0,0,0,0,0,0,0,0,0
11488225,1863,0,2,0,0,0,0,0,0,0,0,0
11491868,1864,0,2,0,0,0,0,0,0,0,0,0
11495512,1865,0,2,0,0,0,0,0,0,0,0,0
11499156,1866,0,2,0,0,0,0,0,0,0,0,0
11502800,1867,0,2,0,0,0,0,0,0,0,0,0
11506444,1868,0,2,0,0,0,0,0,0,0,0,0
11510089,1869,0,2,0,0,0,0,0,0,0,0,0
11513732,1870,0,2,0,0,0,0,0,0,0,0,0
11517377,1871,0,2,0,0,0,0,0,0,0,0,0
11521020,1872,0,2,0,0,0,0,0,0,0,0,0
11524664,1873,0,2,0,0,0,0,0,0,0,0,0
11528309,1874,0,2,0,0,0,0,0,0,0,0,0
11531952,1875,0,2,0,0,0,0,0,0,0,0,0
11535596,1876,0,2,0,0,0,0,0,0,0,0,0
11539241,1877,0,2,0,0,0,0,0,0,0,0,0
11542884,1878,0,2,0,0,0,0,0,0,0,0,0
11546528,1879,0,2,0,0,0,0,0,0,0,0,0
11550172,1880,0,2,0,0,0,0,0,0,0,0,0
11553816,1881,0,2,0,0,0,0,0,0,0,0,0
11557460,1882,0,2,0,0,0,0,0,0,0,0,0
11561105,1883,0,2,0,0,0,0,0,0,0,0,0
11564748,1884,0,2,0,0,0,0,0,0,0,0,0
11568392,1885,0,2,0,0,0,0,0,0,0,0,0
11572036,1886,0,2,0,0,0,0,0,0,0,0,0
11575680,1887,0,2,0,0,0,0,0,0,0,0,0
11579324,1888,0,2,0,0,0,0,0,0,0,0,0
11582968,1889,0,2,0,0,0,0,0,0,0,0,0
11586612,1890,0,2,0,0,0,0,0,0,0,0,0
11590257,1891,0,2,0,0,0,0,0,0,0,0,0
11593900,1892,0,2,0,0,0,0,0,0,0,0,0
11597544,1893,0,2,0,0,0,0,0,0,0,0,0
11601189,1894,0,2,0,0,0,0,0,0,0,0,0
11604832,1895,0,2,0,0,0,0,0,0,0,0,0
11608476,1896,0,2,0,0,0,0,0,0,0,0,0
11612120,1897,0,2,0,0,0,0,0,0,0,0,0
11615764,1898,0,2,0,0,0,0,0,0,0,0,0
11619408,1899,0,2,0,0,0,0,0,0,0,0,0
11623052,1900,0,2,0,0,0,0,0,0,0,0,0
11626697,1901,0,2,0,0,0,0,0,0,0,0,0
11630340,1902,0,2,0,0,0,0,0,0,0,0,0
11633984,1903,0,2,0,0,0,0,0,0,0,0,0
11637628,1904,0,2,0,0,0,0,0,0,0,0,0
11641272,1905,0,2,0,0,0,0,0,0,0,0,0
11644916,1906,0,2,0,0,0,0,0,0,0,0,0
11648560,1907,0,2,0,0,0,0,0,0,0,0,0
11652204,1908,0,2,0,0,0,0,0,0,0,0,0
11655848,1909,0,2,0,0,0,0,0,0,0,0,0
11659492,1910,0,2,0,0,0,0,0,0,0,0,0
11663137,1911,0,2,0,0,0,0,0,0,0,0,0
11666780,1912,0,2,0,0,0,0,0,0,0,0,0
11670424,1913,0,2,0,0,0,0,0,0,0,0,0
11674068,1914,0,2,0,0,0,0,0,0,0,0,0
11677712,1915,0,2,0,0,0,0,0,0,0,0,0
11681356,1916,0,2,0,0,0,0,0,0,0,0,0
11685000,1917,0,2,0,0,0,0,0,0,0,0,0
11688644,1918,0,2,0,0,0,0,0,0,0,0,0
11692288,1919,0,2,0,0,0,0,0,0,0,0,0
11695932,1920,0,2,0,0,0,0,0,0,0,0,0
11699576,1921,0,2,0,0,0,0,0,0,0,0,0
11703220,1922,0,2,0,0,0,0,0,0,0,0,0
11706864,1923,0,2,0,0,0,0,0,0,0,0,0
11710508,1924,0,2,0,0,0,0,0,0,0,0,0
11714153,1925,0,2,0,0,0,0,0,0,0,0,0
11717796,1926,0,2,0,0,0,0,0,0,0,0,0
11721440,1927,0,2,0,0,0,0,0,0,0,0,0
11725084,1928,0,2,0,0,0,0,0,0,0,0,0
11728728,1929,0,2,0,0,0,0,0,0,0,0,0
11732373,1930,0,2,0,0,0,0,0,0,0,0,0
11736016,1931,0,2,0,0,0,0,0,0,0,0,0
11739660,1932,0,2,0,0,0,0,0,0,0,0,0
11743305,1933,0,2,0,0,0,0,0,0,0,0,0
11746948,1934,0,2,0,0,0,0,0,0,0,0,0
11750592,1935,0,2,0,0,0,0,0,0,0,0,0
11754236,1936,0,2,0,0,0,0,0,0,0,0,0
11757880,1937,0,2,0,0,0,0,0,0,0,0,0
11761524,1938,0,2,0,0,0,0,0,0,0,0,0
11765169,1939,0,2,0,0,0,0,0,0,0,0,0
11768812,1940,0,2,0,0,0,0,0,0,0,0,0
11772456,1941,0,2,0,0,0,0,0,0,0,0,0
11776100,1942,0,2,0,0,0,0,0,0,0,0,0
11779744,1943,0,2,0,0,0,0,0,0,0,0,0
11783388,1944,0,2,0,0,0,0,0,0,0,0,0
11787033,1945,0,2,0,0,0,0,0,0,0,0,0
11790676,1946,0,2,0,0,0,0,0,0,0,0,0
11794320,1947,0,2,0,0,0,0,0,0,0,0,0
11797964,1948,0,2,0,0,0,0,0,0,0,0,0
11801608,1949,0,2,0,0,0,0,0,0,0,0,0
11805252,1950,0,2,0,0,0,0,0,0,0,0,0
11808896,1951,0,2,0,0,0,0,0,0,0,0,0
11812540,1952,0,2,0,0,0,0,0,0,0,0,0
11816184,1953,0,2,0,0,0,0,0,0,0,0,0
11819828,1954,0,2,0,0,0,0,0,0,0,0,0
11823472,1955,0,2,0,0,0,0,0,0,0,0,0
11827116,1956,0,2,0,0,0,0,0,0,0,0,0
11830760,1957,0,2,0,0,0,0,0,0,0,0,0
11834404,1958,0,2,0,0,0,0,0,0,0,0,0
11838048,1959,0,2,0,0,0,0,0,0,0,0,0
11841692,1960,0,2,0,0,0,0,0,0,0,0,0
11845337,1961,0,2,0,0,0,0,0,0,0,0,0
11848980,1962,0,2,0,0,0,0,0,0,0,0,0
11852624,1963,0,2,0,0,0,0,0,0,0,0,0
11856268,1964,0,2,0,0,0,0,0,0,0,0,0
11859912,1965,0,2,0,0,0,0,0,0,0,0,0
11863556,1966,0,2,0,0,0,0,0,0,0,0,0
11867200,1967,0,2,0,0,0,0,0,0,0,0,0
11870844,1968,0,2,0,0,0,0,0,0,0,0,0
11874488,1969,0,2,0,0,0,0,0,0,0,0,0
11878133,1970,0,2,0,0,0,0,0,0,0,0,0
11881777,1971,0,2,0,0,0,0,0,0,0,0,0
11885420,1972,0,2,0,0,0,0,0,0,0,0,0
11889064,1973,0,2,0,0,0,0,0,0,0,0,0
11892708,1974,0,2,0,0,0,0,0,0,0,0,0
11896353,1975,0,2,0,0,0,0,0,0,0,0,0
11899996,1976,0,2,0,0,0,0,0,0,0,0,0
11903640,1977,0,2,0,0,0,0,0,0,0,0,0
11907284,1978,0,2,0,0,0,0,0,0,0,0,0
11910928,1979,0,2,0,0,0,0,0,0,0,0,0
11914572,1980,0,2,0,0,0,0,0,0,0,0,0
11918216,1981,0,2,0,0,0,0,0,0,0,0,0
11921860,1982,0,2,0,0,0,0,0,0,0,0,0
11925504,1983,0,2,0,0,0,0,0,0,0,0,0
11929148,1984,0,2,0,0,0,0,0,0,0,0,0
11932792,1985,0,2,0,0,0,0,0,0,0,0,0
11936436,1986,0,2,0,0,0,0,0,0,0,0,0
11940080,1987,0,2,0,0,0,0,0,0,0,0,0
11943724,1988,0,2,0,0,0,0,0,0,0,0,0
11947368,1989,0,2,0,0,0,0,0,0,0,0,0
11951012,1990,0,2,0,0,0,0,0,0,0,0,0
11954657,1991,0,2,0,0,0,0,0,0,0,0,0
11958301,1992,0,2,0,0,0,0,0,0,0,0,0
11961944,1993,0,2,0,0,0,0,0,0,0,0,0
11965588,1994,0,2,0,0,0,0,0,0,0,0,0
11969233,1995,0,2,0,0,0,0,0,0,0,0,0
11972876,1996,0,2,0,0,0,0,0,0,0,0,0
11976520,1997,0,2,0,0,0,0,0,0,0,0,0
11980164,1998,0,2,0,0,0,0,0,0,0,0,0
11983808,1999,0,2,0,0,0,0,0,0,0,0,0
11987452,2000,0,2,0,0,0,0,0,0,0,0,0
11991096,2001,0,2,0,0,0,0,0,0,0,0,0
11994740,2002,0,2,0,0,0,0,0,0,0,0,0
11998384,2003,0,2,0,0,0,0,0,0,0,0,0
12002029,2004,0,2,0,0,0,0,0,0,0,0,0
12005672,2005,0,2,0,0,0,0,0,0,0,0,0
12009317,2006,0,2,0,0,0,0,0,0,0,0,0
12012960,2007,0,2,0,0,0,0,0,0,0,0,0
12016604,2008,0,2,0,0,0,0,0,0,0,0,0
12020248,2009,0,2,0,0,0,0,0,0,0,0,0
12023892,2010,0,2,0,0,0,0,0,0,0,0,0
12027536,2011,0,2,0,0,0,0,0,0,0,0,0
12031181,2012,0,2,0,0,0,0,0,0,0,0,0
12034824,2013,0,2,0,0,0,0,0,0,0,0,0
12038469,2014,0,2,0,0,0,0,0,0,0,0,0
12042113,2015,0,2,0,0,0,0,0,0,0,0,0
12045756,2016,0,2,0,0,0,0,0,0,0,0,0
12049401,2017,0,2,0,0,0,0,0,0,0,0,0
12053044,2018,0,2,0,0,0,0,0,0,0,0,0
12056688,2019,0,2,0,0,0,0,0,0,0,0,0
12060333,2020,0,2,0,0,0,0,0,0,0,0,0
12063976,2021,0,2,0,0,0,0,0,0,0,0,0
12067620,2022,0,2,0,0,0,0,0,0,0,0,0
12071264,2023,0,2,0,0,0,0,0,0,0,0,0
12074908,2024,0,2,0,0,0,0,0,0,0,0,0
12078552,2025,0,2,0,0,0,0,0,0,0,0,0
12082196,2026,0,2,0,0,0,0,0,0,0,0,0
12085840,2027,0,2,0,0,0,0,0,0,0,0,0
12089484,2028,0,2,0,0,0,0,0,0,0,0,0
12093128,2029,0,2,0,0,0,0,0,0,0,0,0
12096772,2030,0,2,0,0,0,0,0,0,0,0,0
12100417,2031,0,2,0,0,0,0,0,0,0,0,0
12104060,2032,0,2,0,0,0,0,0,0,0,0,0
12107704,2033,0,2,0,0,0,0,0,0,0,0,0
12111348,2034,0,2,0,0,0,0,0,0,0,0,0
12114992,2035,0,2,0,0,0,0,0,0,0,0,0
12118636,2036,0,2,0,0,0,0,0,0,0,0,0
12122280,2037,0,2,0,0,0,0,0,0,0,0,0
12125924,2038,0,2,0,0,0,0,0,0,0,0,0
12129568,2039,0,2,0,0,0,0,0,0,0,0,0
12133212,2040,0,2,0,0,0,0,0,0,0,0,0
12136856,2041,0,2,0,0,0,0,0,0,0,0,0
12140500,2042,0,2,0,0,0,0,0,0,0,0,0
12144144,2043,0,2,0,0,0,0,0,0,0,0,0
12152600,2044,0,2,0,0,0,0,0,0,0,0,0
12156232,2045,0,2,0,0,0,0,0,0,0,0,0
12159876,2046,0,2,0,0,0,0,0,0,0,0,0
12163520,2047,0,2,0,0,0,0,0,0,0,0,0
12167164,2048,0,2,0,0,0,0,0,0,0,0,0
12170808,2049,0,2,0,0,0,0,0,0,0,0,0
12174452,2050,0,2,0,0,0,0,0,0,0,0,0
12178096,2051,0,2,0,0,0,0,0,0,0,0,0
12181740,2052,0,2,0,0,0,0,0,0,0,0,0
12185384,2053,0,2,0,0,0,0,0,0,0,0,0
12189029,2054,0,2,0,0,0,0,0,0,0,0,0
12192672,2055,0,2,0,0,0,0,0,0,0,0,0
12196317,2056,0,2,0,0,0,0,0,0,0,0,0
12199960,2057,0,2,0,0,0,0,0,0,0,0,0
12203604,2058,0,2,0,0,0,0,0,0,0,0,0
12207248,2059,0,2,0,0,0,0,0,0,0,0,0
12210892,2060,0,2,0,0,0,0,0,0,0,0,0
12214536,2061,0,2,0,0,0,0,0,0,0,0,0
12218180,2062,0,2,0,0,0,0,0,0,0,0,0
12221824,2063,0,2,0,0,0,0,0,0,0,0,0
12225468,2064,0,2,0,0,0,0,0,0,0,0,0
12229113,2065,0,2,0,0,0,0,0,0,0,0,0
12232756,2066,0,2,0,0,0,0,0,0,0,0,0
12236401,2067,0,2,0,0,0,0,0,0,0,0,0
12240044,2068,0,2,0,0,0,0,0,0,0,0,0
12243688,2069,0,2,0,0,0,0,0,0,0,0,0
12247333,2070,0,2,0,0,0,0,0,0,0,0,0
12250976,2071,0,2,0,0,0,0,0,0,0,0,0
12254620,2072,0,2,0,0,0,0,0,0,0,0,0
12258264,2073,0,2,0,0,0,0,0,0,0,0,0
12261908,2074,0,2,0,0,0,0,0,0,0,0,0
12265552,2075,0,2,0,0,0,0,0,0,0,0,0
12269196,2076,0,2,0,0,0,0,0,0,0,0,0
12272840,2077,0,2,0,0,0,0,0,0,0,0,0
12276484,2078,0,2,0,0,0,0,0,0,0,0,0
12280128,2079,0,2,0,0,0,0,0,0,0,0,0
12283772,2080,0,2,0,0,0,0,0,0,0,0,0
12287417,2081,0,2,0,0,0,0,0,0,0,0,0
12291060,2082,0,2,0,0,0,0,0,0,0,0,0
12294704,2083,0,2,0,0,0,0,0,0,0,0,0
12298348,2084,0,2,0,0,0,0,0,0,0,0,0
12301992,2085,0,2,0,0,0,0,0,0,0,0,0
12305636,2086,0,2,0,0,0,0,0,0,0,0,0
12309280,2087,0,2,0,0,0,0,0,0,0,0,0
12312924,2088,0,2,0,0,0,0,0,0,0,0,0
12316568,2089,0,2,0,0,0,0,0,0,0,0,0
12320213,2090,0,2,0,0,0,0,0,0,0,0,0
12323857,2091,0,2,0,0,0,0,0,0,0,0,0
12327500,2092,0,2,0,0,0,0,0,0,0,0,0
12331144,2093,0,2,0,0,0,0,0,0,0,0,0
12334788,2094,0,2,0,0,0,0,0,0,0,0,0
12338433,2095,0,2,0,0,0,0,0,0,0,0,0
12342076,2096,0,2,0,0,0,0,0,0,0,0,0
12345720,2097,0,2,0,0,0,0,0,0,0,0,0
12349364,2098,0,2,0,0,0,0,0,0,0,0,0
12353008,2099,0,2,0,0,0,0,0,0,0,0,0
12356652,2100,0,2,0,0,0,0,0,0,0,0,0
12360296,2101,0,2,0,0,0,0,0,0,0,0,0
12363940,2102,0,2,0,0,0,0,0,0,0,0,0
12367584,2103,0,2,0,0,0,0,0,0,0,0,0
12371228,2104,0,2,0,0,0,0,0,0,0,0,0
12374872,2105,0,2,0,0,0,0,0,0,0,0,0
12378516,2106,0,2,0,0,0,0,0,0,0,0,0
12382160,2107,0,2,0,0,0,0,0,0,0,0,0
12385804,2108,0,2,0,0,0,0,0,0,0,0,0
12389448,2109,0,2,0,0,0,0,0,0,0,0,0
12393093,2110,0,2,0,0,0,0,0,0,0,0,0
12396736,2111,0,2,0,0,0,0,0,0,0,0,0
12400380,2112,0,2,0,0,0,0,0,0,0,0,0
12404025,2113,0,2,0,0,0,0,0,0,0,0,0
12407668,2114,0,2,0,0,0,0,0,0,0,0,0
12411313,2115,0,2,0,0,0,0,0,0,0,0,0
12414956,2116,0,2,0,0,0,0,0,0,0,0,0
12418600,2117,0,2,0,0,0,0,0,0,0,0,0
12422244,2118,0,2,0,0,0,0,0,0,0,0,0
12425888,2119,0,2,0,0,0,0,0,0,0,0,0
12429532,2120,0,2,0,0,0,0,0,0,0,0,0
12433176,2121,0,2,0,0,0,0,0,0,0,0,0
12436820,2122,0,2,0,0,0,0,0,0,0,0,0
12440464,2123,0,2,0,0,0,0,0,0,0,0,0
12444108,2124,0,2,0,0,0,0,0,0,0,0,0
12447752,2125,0,2,0,0,0,0,0,0,0,0,0
12451396,2126,0,2,0,0,0,0,0,0,0,0,0
12455041,2127,0,2,0,0,0,0,0,0,0,0,0
12458684,2128,0,2,0,0,0,0,0,0,0,0,0
12462328,2129,0,2,0,0,0,0,0,0,0,0,0
12465972,2130,0,2,0,0,0,0,0,0,0,0,0
12469617,2131,0,2,0,0,0,0,0,0,0,0,0
12473261,2132,0,2,0,0,0,0,0,0,0,0,0
12476904,2133,0,2,0,0,0,0,0,0,0,0,0
12480548,2134,0,2,0,0,0,0,0,0,0,0,0
12484192,2135,0,2,0,0,0,0,0,0,0,0,0
12487836,2136,0,2,0,0,0,0,0,0,0,0,0
12491480,2137,0,2,0,0,0,0,0,0,0,0,0
12495124,2138,0,2,0,0,0,0,0,0,0,0,0
12498768,2139,0,2,0,0,0,0,0,0,0,0,0
12502412,2140,0,2,0,0,0,0,0,0,0,0,0
12506057,2141,0,2,0,0,0,0,0,0,0,0,0
12509700,2142,0,2,0,0,0,0,0,0,0,0,0
12513345,2143,0,2,0,0,0,0,0,0,0,0,0
12516988,2144,0,2,0,0,0,0,0,0,0,0,0
12520632,2145,0,2,0,0,0,0,0,0,0,0,0
12524276,2146,0,2,0,0,0,0,0,0,0,0,0
12527920,2147,0,2,0,0,0,0,0,0,0,0,0
12531564,2148,0,2,0,0,0,0,0,0,0,0,0
12535208,2149,0,2,0,0,0,0,0,0,0,0,0
12538852,2150,0,2,0,0,0,0,0,0,0,0,0
12542496,2151,0,2,0,0,0,0,0,0,0,0,0
12546140,2152,0,2,0,0,0,0,0,0,0,0,0
12549784,2153,0,2,0,0,0,0,0,0,0,0,0
12553428,2154,0,2,0,0,0,0,0,0,0,0,0
12557073,2155,0,2,0,0,0,0,0,0,0,0,0
12560716,2156,0,2,0,0,0,0,0,0,0,0,0
12564360,2157,0,2,0,0,0,0,0,0,0,0,0
12568004,2158,0,2,0,0,0,0,0,0,0,0,0
12571648,2159,0,2,0,0,0,0,0,0,0,0,0
12575292,2160,0,2,0,0,0,0,0,0,0,0,0
12578936,2161,0,2,0,0,0,0,0,0,0,0,0
12582580,2162,0,2,0,0,0,0,0,0,0,0,0
12586225,2163,0,2,0,0,0,0,0,0,0,0,0
12589868,2164,0,2,0,0,0,0,0,0,0,0,0
12593512,2165,0,2,0,0,0,0,0,0,0,0,0
12597156,2166,0,2,0,0,0,0,0,0,0,0,0
12600800,2167,0,2,0,0,0,0,0,0,0,0,0
12604444,2168,0,2,0,0,0,0,0,0,0,0,0
12608089,2169,0,2,0,0,0,0,0,0,0,0,0
12611732,2170,0,2,0,0,0,0,0,0,0,0,0
12615377,2171,0,2,0,0,0,0,0,0,0,0,0
12619020,2172,0,2,0,0,0,0,0,0,0,0,0
12622664,2173,0,2,0,0,0,0,0,0,0,0,0
12626309,2174,0,2,0,0,0,0,0,0,0,0,0
12629952,2175,0,2,0,0,0,0,0,0,0,0,0
12633596,2176,0,2,0,0,0,0,0,0,0,0,0
12637241,2177,0,2,0,0,0,0,0,0,0,0,0
12640884,2178,0,2,0,0,0,0,0,0,0,0,0
12644528,2179,0,2,0,0,0,0,0,0,0,0,0
12648172,2180,0,2,0,0,0,0,0,0,0,0,0
12651816,2181,0,2,0,0,0,0,0,0,0,0,0
12655460,2182,0,2,0,0,0,0,0,0,0,0,0
12659105,2183,0,2,0,0,0,0,0,0,0,0,0
12662748,2184,0,2,0,0,0,0,0,0,0,0,0
12666392,2185,0,2,0,0,0,0,0,0,0,0,0
12670036,2186,0,2,0,0,0,0,0,0,0,0,0
12673680,2187,0,2,0,0,0,0,0,0,0,0,0
12677324,2188,0,2,0,0,0,0,0,0,0,0,0
12680968,2189,0,2,0,0,0,0,0,0,0,0,0
12684612,2190,0,2,0,0,0,0,0,0,0,0,0
12688257,2191,0,2,0,0,0,0,0,0,0,0,0
12691900,2192,0,2,0,0,0,0,0,0,0,0,0
12695544,2193,0,2,0,0,0,0,0,0,0,0,0
12699189,2194,0,2,0,0,0,0,0,0,0,0,0
12702832,2195,0,2,0,0,0,0,0,0,0,0,0
12706476,2196,0,2,0,0,0,0,0,0,0,0,0
12710120,2197,0,2,0,0,0,0,0,0,0,0,0
12713764,2198,0,2,0,0,0,0,0,0,0,0,0
12717408,2199,0,2,0,0,0,0,0,0,0,0,0
12721052,2200,0,2,0,0,0,0,0,0,0,0,0
12724697,2201,0,2,0,0,0,0,0,0,0,0,0
12728340,2202,0,2,0,0,0,0,0,0,0,0,0
12731984,2203,0,2,0,0,0,0,0,0,0,0,0
12735628,2204,0,2,0,0,0,0,0,0,0,0,0
12739272,2205,0,2,0,0,0,0,0,0,0,0,0
12742916,2206,0,2,0,0,0,0,0,0,0,0,0
12746560,2207,0,2,0,0,0,0,0,0,0,0,0
12750204,2208,0,2,0,0,0,0,0,0,0,0,0
12753848,2209,0,2,0,0,0,0,0,0,0,0,0
12757492,2210,0,2,0,0,0,0,0,0,0,0,0
12761137,2211,0,2,0,0,0,0,0,0,0,0,0
12764780,2212,0,2,0,0,0,0,0,0,0,0,0
12768424,2213,0,2,0,0,0,0,0,0,0,0,0
12772068,2214,0,2,0,0,0,0,0,0,0,0,0
12775712,2215,0,2,0,0,0,0,0,0,0,0,0
12779356,2216,0,2,0,0,0,0,0,0,0,0,0
12783000,2217,0,2,0,0,0,0,0,0,0,0,0
12786644,2218,0,2,0,0,0,0,0,0,0,0,0
12790288,2219,0,2,0,0,0,0,0,0,0,0,0
12793932,2220,0,2,0,0,0,0,0,0,0,0,0
12797576,2221,0,2,0,0,0,0,0,0,0,0,0
12801220,2222,0,2,0,0,0,0,0,0,0,0,0
12804864,2223,0,2,0,0,0,0,0,0,0,0,0
12808508,2224,0,2,0,0,0,0,0,0,0,0,0
12812153,2225,0,2,0,0,0,0,0,0,0,0,0
12815796,2226,0,2,0,0,0,0,0,0,0,0,0
12819440,2227,0,2,0,0,0,0,0,0,0,0,0
12823084,2228,0,2,0,0,0,0,0,0,0,0,0
12826728,2229,0,2,0,0,0,0,0,0,0,0,0
12830373,2230,0,2,0,0,0,0,0,0,0,0,0
12834016,2231,0,2,0,0,0,0,0,0,0,0,0
12837660,2232,0,2,0,0,0,0,0,0,0,0,0
12841305,2233,0,2,0,0,0,0,0,0,0,0,0
12844948,2234,0,2,0,0,0,0,0,0,0,0,0
12848592,2235,0,2,0,0,0,0,0,0,0,0,0
12852236,2236,0,2,0,0,0,0,0,0,0,0,0
12855880,2237,0,2,0,0,0,0,0,0,0,0,0
12859524,2238,0,2,0,0,0,0,0,0,0,0,0
12863169,2239,0,2,0,0,0,0,0,0,0,0,0
12866812,2240,0,2,0,0,0,0,0,0,0,0,0
12870456,2241,0,2,0,0,0,0,0,0,0,0,0
12874100,2242,0,2,0,0,0,0,0,0,0,0,0
12877744,2243,0,2,0,0,0,0,0,0,0,0,0
12881388,2244,0,2,0,0,0,0,0,0,0,0,0
12885033,2245,0,2,0,0,0,0,0,0,0,0,0
12888676,2246,0,2,0,0,0,0,0,0,0,0,0
12892320,2247,0,2,0,0,0,0,0,0,0,0,0
12895964,2248,0,2,0,0,0,0,0,0,0,0,0
12899608,2249,0,2,0,0,0,0,0,0,0,0,0
12903252,2250,0,2,0,0,0,0,0,0,0,0,0
12906896,2251,0,2,0,0,0,0,0,0,0,0,0
12910540,2252,0,2,0,0,0,0,0,0,0,0,0
12914184,2253,0,2,0,0,0,0,0,0,0,0,0
12917828,2254,0,2,0,0,0,0,0,0,0,0,0
12921472,2255,0,2,0,0,0,0,0,0,0,0,0
12925116,2256,0,2,0,0,0,0,0,0,0,0,0
12928760,2257,0,2,0,0,0,0,0,0,0,0,0
12932404,2258,0,2,0,0,0,0,0,0,0,0,0
12936048,2259,0,2,0,0,0,0,0,0,0,0,0
12939692,2260,0,2,0,0,0,0,0,0,0,0,0
12943337,2261,0,2,0,0,0,0,0,0,0,0,0
12946980,2262,0,2,0,0,0,0,0,0,0,0,0
12950624,2263,0,2,0,0,0,0,0,0,0,0,0
12954268,2264,0,2,0,0,0,0,0,0,0,0,0
12957912,2265,0,2,0,0,0,0,0,0,0,0,0
12961556,2266,0,2,0,0,0,0,0,0,0,0,0
12965200,2267,0,2,0,0,0,0,0,0,0,0,0
12968844,2268,0,2,0,0,0,0,0,0,0,0,0
12972488,2269,0,2,0,0,0,0,0,0,0,0,0
12976133,2270,0,2,0,0,0,0,0,0,0,0,0
12986384,2271,0,2,0,0,0,0,0,0,0,0,0
12990017,2272,0,2,0,0,0,0,0,0,0,0,0
12993660,2273,0,2,0,0,0,0,0,0,0,0,0
12997305,2274,0,2,0,0,0,0,0,0,0,0,0
13000948,2275,0,2,0,0,0,0,0,0,0,0,0
13004592,2276,0,2,0,0,0,0,0,0,0,0,0
13008236,2277,0,2,0,0,0,0,0,0,0,0,0
13011880,2278,0,2,0,0,0,0,0,0,0,0,0
13015524,2279,0,2,0,0,0,0,0,0,0,0,0
13019169,2280,0,2,0,0,0,0,0,0,0,0,0
13022813,2281,0,2,0,0,0,0,0,0,0,0,0
13026456,2282,0,2,0,0,0,0,0,0,0,0,0
13030100,2283,0,2,0,0,0,0,0,0,0,0,0
13033744,2284,0,2,0,0,0,0,0,0,0,0,0
13037388,2285,0,2,0,0,0,0,0,0,0,0,0
13041033,2286,0,2,0,0,0,0,0,0,0,0,0
13044676,2287,0,2,0,0,0,0,0,0,0,0,0
13048320,2288,0,2,0,0,0,0,0,0,0,0,0
13051964,2289,0,2,0,0,0,0,0,0,0,0,0
13055608,2290,0,2,0,0,0,0,0,0,0,0,0
13059252,2291,0,2,0,0,0,0,0,0,0,0,0
13062896,2292,0,2,0,0,0,0,0,0,0,0,0
13066540,2293,0,2,0,0,0,0,0,0,0,0,0
13070184,2294,0,2,0,0,0,0,0,0,0,0,0
13073828,2295,0,2,0,0,0,0,0,0,0,0,0
13077472,2296,0,2,0,0,0,0,0,0,0,0,0
13081117,2297,0,2,0,0,0,0,0,0,0,0,0
13084760,2298,0,2,0,0,0,0,0,0,0,0,0
13088404,2299,0,2,0,0,0,0,0,0,0,0,0
13092048,2300,0,2,0,0,0,0,0,0,0,0,0
13095692,2301,0,2,0,0,0,0,0,0,0,0,0
13099336,2302,0,2,0,0,0,0,0,0,0,0,0
13102980,2303,0,2,0,0,0,0,0,0,0,0,0
13106624,2304,0,2,0,0,0,0,0,0,0,0,0
13110268,2305,0,2,0,0,0,0,0,0,0,0,0
13113912,2306,0,2,0,0,0,0,0,0,0,0,0
13117556,2307,0,2,0,0,0,0,0,0,0,0,0
13121200,2308,0,2,0,0,0,0,0,0,0,0,0
13124844,2309,0,2,0,0,0,0,0,0,0,0,0
13128488,2310,0,2,0,0,0,0,0,0,0,0,0
13132133,2311,0,2,0,0,0,0,0,0,0,0,0
13135776,2312,0,2,0,0,0,0,0,0,0,0,0
13139420,2313,0,2,0,0,0,0,0,0,0,0,0
13143065,2314,0,2,0,0,0,0,0,0,0,0,0
13146708,2315,0,2,0,0,0,0,0,0,0,0,0
13150352,2316,0,2,0,0,0,0,0,0,0,0,0
13153996,2317,0,2,0,0,0,0,0,0,0,0,0
13157640,2318,0,2,0,0,0,0,0,0,0,0,0
13161284,2319,0,2,0,0,0,0,0,0,0,0,0
13164928,2320,0,2,0,0,0,0,0,0,0,0,0
13168573,2321,0,2,0,0,0,0,0,0,0,0,0
13172216,2322,0,2,0,0,0,0,0,0,0,0,0
13175860,2323,0,2,0,0,0,0,0,0,0,0,0
13179504,2324,0,2,0,0,0,0,0,0,0,0,0
13183149,2325,0,2,0,0,0,0,0,0,0,0,0
13186792,2326,0,2,0,0,0,0,0,0,0,0,0
13190436,2327,0,2,0,0,0,0,0,0,0,0,0
13194080,2328,0,2,0,0,0,0,0,0,0,0,0
13197724,2329,0,2,0,0,0,0,0,0,0,0,0
13201368,2330,0,2,0,0,0,0,0,0,0,0,0
13205013,2331,0,2,0,0,0,0,0,0,0,0,0
13208656,2332,0,2,0,0,0,0,0,0,0,0,0
13212301,2333,0,2,0,0,0,0,0,0,0,0,0
13215944,2334,0,2,0,0,0,0,0,0,0,0,0
13219588,2335,0,2,0,0,0,0,0,0,0,0,0
13223232,2336,0,2,0,0,0,0,0,0,0,0,0
13226876,2337,0,2,0,0,0,0,0,0,0,0,0
13230520,2338,0,2,0,0,0,0,0,0,0,0,0
13234164,2339,0,2,0,0,0,0,0,0,0,0,0
13237808,2340,0,2,0,0,0,0,0,0,0,0,0
13241453,2341,0,2,0,0,0,0,0,0,0,0,0
13245096,2342,0,2,0,0,0,0,0,0,0,0,0
13248740,2343,0,2,0,0,0,0,0,0,0,0,0
13252384,2344,0,2,0,0,0,0,0,0,0,0,0
13256029,2345,0,2,0,0,0,0,0,0,0,0,0
13259672,2346,0,2,0,0,0,0,0,0,0,0,0
13263317,2347,0,2,0,0,0,0,0,0,0,0,0
13266960,2348,0,2,0,0,0,0,0,0,0,0,0
13270604,2349,0,2,0,0,0,0,0,0,0,0,0
13274248,2350,0,2,0,0,0,0,0,0,0,0,0
13277893,2351,0,2,0,0,0,0,0,0,0,0,0
13281536,2352,0,2,0,0,0,0,0,0,0,0,0
13285181,2353,0,2,0,0,0,0,0,0,0,0,0
13288824,2354,0,2,0,0,0,0,0,0,0,0,0
13292469,2355,0,2,0,0,0,0,0,0,0,0,0
13296113,2356,0,2,0,0,0,0,0,0,0,0,0
13299756,2357,0,2,0,0,0,0,0,0,0,0,0
13303401,2358,0,2,0,0,0,0,0,0,0,0,0
13307044,2359,0,2,0,0,0,0,0,0,0,0,0
13310688,2360,0,2,0,0,0,0,0,0,0,0,0
13314333,2361,0,2,0,0,0,0,0,0,0,0,0
13317976,2362,0,2,0,0,0,0,0,0,0,0,0
13321620,2363,0,2,0,0,0,0,0,0,0,0,0
13325264,2364,0,2,0,0,0,0,0,0,0,0,0
13328908,2365,0,2,0,0,0,0,0,0,0,0,0
13332552,2366,0,2,0,0,0,0,0,0,0,0,0
13336196,2367,0,2,0,0,0,0,0,0,0,0,0
13339840,2368,0,2,0,0,0,0,0,0,0,0,0
13343484,2369,0,2,0,0,0,0,0,0,0,0,0
13347128,2370,0,2,0,0,0,0,0,0,0,0,0
13350773,2371,0,2,0,0,0,0,0,0,0,0,0
13354416,2372,0,2,0,0,0,0,0,0,0,0,0
13358061,2373,0,2,0,0,0,0,0,0,0,0,0
13361704,2374,0,2,0,0,0,0,0,0,0,0,0
13365348,2375,0,2,0,0,0,0,0,0,0,0,0
13368992,2376,0,2,0,0,0,0,0,0,0,0,0
13372636,2377,0,2,0,0,0,0,0,0,0,0,0
13376280,2378,0,2,0,0,0,0,0,0,0,0,0
13379924,2379,0,2,0,0,0,0,0,0,0,0,0
13383568,2380,0,2,0,0,0,0,0,0,0,0,0
13387212,2381,0,2,0,0,0,0,0,0,0,0,0
13390856,2382,0,2,0,0,0,0,0,0,0,0,0
13394500,2383,0,2,0,0,0,0,0,0,0,0,0
13398144,2384,0,2,0,0,0,0,0,0,0,0,0
13401788,2385,0,2,0,0,0,0,0,0,0,0,0
13405433,2386,0,2,0,0,0,0,0,0,0,0,0
13409076,2387,0,2,0,0,0,0,0,0,0,0,0
13412720,2388,0,2,0,0,0,0,0,0,0,0,0
13416364,2389,0,2,0,0,0,0,0,0,0,0,0
13420008,2390,0,2,0,0,0,0,0,0,0,0,0
13423653,2391,0,2,0,0,0,0,0,0,0,0,0
13427296,2392,0,2,0,0,0,0,0,0,0,0,0
13430940,2393,0,2,0,0,0,0,0,0,0,0,0
13434584,2394,0,2,0,0,0,0,0,0,0,0,0
13438228,2395,0,2,0,0,0,0,0,0,0,0,0
13441872,2396,0,2,0,0,0,0,0,0,0,0,0
13445516,2397,0,2,0,0,0,0,0,0,0,0,0
13449160,2398,0,2,0,0,0,0,0,0,0,0,0
13452804,2399,0,2,0,0,0,0,0,0,0,0,0
13456448,2400,0,2,0,0,0,0,0,0,0,0,0
13460093,2401,0,2,0,0,0,0,0,0,0,0,0
13463736,2402,0,2,0,0,0,0,0,0,0,0,0
13467380,2403,0,2,0,0,0,0,0,0,0,0,0
13471025,2404,0,2,0,0,0,0,0,0,0,0,0
13474668,2405,0,2,0,0,0,0,0,0,0,0,0
13478312,2406,0,2,0,0,0,0,0,0,0,0,0
13481956,2407,0,2,0,0,0,0,0,0,0,0,0
13485600,2408,0,2,0,0,0,0,0,0,0,0,0
13489244,2409,0,2,0,0,0,0,0,0,0,0,0
13492888,2410,0,2,0,0,0,0,0,0,0,0,0
13496533,2411,0,2,0,0,0,0,0,0,0,0,0
13500177,2412,0,2,0,0,0,0,0,0,0,0,0
13503820,2413,0,2,0,0,0,0,0,0,0,0,0
13507464,2414,0,2,0,0,0,0,0,0,0,0,0
13511108,2415,0,2,0,0,0,0,0,0,0,0,0
13514752,2416,0,2,0,0,0,0,0,0,0,0,0
13518396,2417,0,2,0,0,0,0,0,0,0,0,0
13522041,2418,0,2,0,0,0,0,0,0,0,0,0
13525684,2419,0,2,0,0,0,0,0,0,0,0,0
13529328,2420,0,2,0,0,0,0,0,0,0,0,0
13532972,2421,0,2,0,0,0,0,0,0,0,0,0
13536616,2422,0,2,0,0,0,0,0,0,0,0,0
13540260,2423,0,2,0,0,0,0,0,0,0,0,0
13543904,2424,0,2,0,0,0,0,0,0,0,0,0
13547548,2425,0,2,0,0,0,0,0,0,0,0,0
13551192,2426,0,2,0,0,0,0,0,0,0,0,0
13554836,2427,0,2,0,0,0,0,0,0,0,0,0
13558480,2428,0,2,0,0,0,0,0,0,0,0,0
13562124,2429,0,2,0,0,0,0,0,0,0,0,0
13565768,2430,0,2,0,0,0,0,0,0,0,0,0
13569413,2431,0,2,0,0,0,0,0,0,0,0,0
13573056,2432,0,2,0,0,0,0,0,0,0,0,0
13576700,2433,0,2,0,0,0,0,0,0,0,0,0
13580345,2434,0,2,0,0,0,0,0,0,0,0,0
13583988,2435,0,2,0,0,0,0,0,0,0,0,0
13587632,2436,0,2,0,0,0,0,0,0,0,0,0
13591276,2437,0,2,0,0,0,0,0,0,0,0,0
13594920,2438,0,2,0,0,0,0,0,0,0,0,0
13598564,2439,0,2,0,0,0,0,0,0,0,0,0
13602208,2440,0,2,0,0,0,0,0,0,0,0,0
13605853,2441,0,2,0,0,0,0,0,0,0,0,0
13609496,2442,0,2,0,0,0,0,0,0,0,0,0
13613141,2443,0,2,0,0,0,0,0,0,0,0,0
13616784,2444,0,2,0,0,0,0,0,0,0,0,0
13620428,2445,0,2,0,0,0,0,0,0,0,0,0
13624073,2446,0,2,0,0,0,0,0,0,0,0,0
13627716,2447,0,2,0,0,0,0,0,0,0,0,0
13631360,2448,0,2,0,0,0,0,0,0,0,0,0
13635004,2449,0,2,0,0,0,0,0,0,0,0,0
13638648,2450,0,2,0,0,0,0,0,0,0,0,0
13642293,2451,0,2,0,0,0,0,0,0,0,0,0
13645936,2452,0,2,0,0,0,0,0,0,0,0,0
13649580,2453,0,2,0,0,0,0,0,0,0,0,0
13653224,2454,0,2,0,0,0,0,0,0,0,0,0
13656868,2455,0,2,0,0,0,0,0,0,0,0,0
13660512,2456,0,2,0,0,0,0,0,0,0,0,0
13664156,2457,0,2,0,0,0,0,0,0,0,0,0
13667800,2458,0,2,0,0,0,0,0,0,0,0,0
13671444,2459,0,2,0,0,0,0,0,0,0,0,0
13675089,2460,0,2,0,0,0,0,0,0,0,0,0
13678732,2461,0,2,0,0,0,0,0,0,0,0,0
13682376,2462,0,2,0,0,0,0,0,0,0,0,0
13686020,2463,0,2,0,0,0,0,0,0,0,0,0
13689664,2464,0,2,0,0,0,0,0,0,0,0,0
13693309,2465,0,2,0,0,0,0,0,0,0,0,0
13696952,2466,0,2,0,0,0,0,0,0,0,0,0
13700596,2467,0,2,0,0,0,0,0,0,0,0,0
13704241,2468,0,2,0,0,0,0,0,0,0,0,0
13707884,2469,0,2,0,0,0,0,0,0,0,0,0
13711528,2470,0,2,0,0,0,0,0,0,0,0,0
13715172,2471,0,2,0,0,0,0,0,0,0,0,0
13718816,2472,0,2,0,0,0,0,0,0,0,0,0
13722460,2473,0,2,0,0,0,0,0,0,0,0,0
13726105,2474,0,2,0,0,0,0,0,0,0,0,0
13729748,2475,0,2,0,0,0,0,0,0,0,0,0
13733392,2476,0,2,0,0,0,0,0,0,0,0,0
13737036,2477,0,2,0,0,0,0,0,0,0,0,0
13740680,2478,0,2,0,0,0,0,0,0,0,0,0
13744324,2479,0,2,0,0,0,0,0,0,0,0,0
13747968,2480,0,2,0,0,0,0,0,0,0,0,0
13751613,2481,0,2,0,0,0,0,0,0,0,0,0
13755257,2482,0,2,0,0,0,0,0,0,0,0,0
13758900,2483,0,2,0,0,0,0,0,0,0,0,0
13762544,2484,0,2,0,0,0,0,0,0,0,0,0
13766189,2485,0,2,0,0,0,0,0,0,0,0,0
13769832,2486,0,2,0,0,0,0,0,0,0,0,0
13773476,2487,0,2,0,0,0,0,0,0,0,0,0
13777120,2488,0,2,0,0,0,0,0,0,0,0,0
13780764,2489,0,2,0,0,0,0,0,0,0,0,0
13784408,2490,0,2,0,0,0,0,0,0,0,0,0
13788052,2491,0,2,0,0,0,0,0,0,0,0,0
13791696,2492,0,2,0,0,0,0,0,0,0,0,0
13795340,2493,0,2,0,0,0,0,0,0,0,0,0
13798984,2494,0,2,0,0,0,0,0,0,0,0,0
13802628,2495,0,2,0,0,0,0,0,0,0,0,0
13806272,2496,0,2,0,0,0,0,0,0,0,0,0
13809916,2497,0,2,0,0,0,0,0,0,0,0,0
13818030,2498,0,2,0,0,0,0,0,0,0,0,0
13821662,2499,0,2,0,0,0,0,0,0,0,0,0
13825307,2500,0,2,0,0,0,0,0,0,0,0,0
13828950,2501,0,2,0,0,0,0,0,0,0,0,0
13832594,2502,0,2,0,0,0,0,0,0,0,0,0
13836239,2503,0,2,0,0,0,0,0,0,0,0,0
13839882,2504,0,2,0,0,0,0,0,0,0,0,0
13843526,2505,0,2,0,0,0,0,0,0,0,0,0
13847171,2506,0,2,0,0,0,0,0,0,0,0,0
13850814,2507,0,2,0,0,0,0,0,0,0,0,0
13854458,2508,0,2,0,0,0,0,0,0,0,0,0
13858103,2509,0,2,0,0,0,0,0,0,0,0,0
13861746,2510,0,2,0,0,0,0,0,0,0,0,0
13865391,2511,0,2,0,0,0,0,0,0,0,0,0
13869034,2512,0,2,0,0,0,0,0,0,0,0,0
13872678,2513,0,2,0,0,0,0,0,0,0,0,0
13876323,2514,0,2,0,0,0,0,0,0,0,0,0
13879966,2515,0,2,0,0,0,0,0,0,0,0,0
13883610,2516,0,2,0,0,0,0,0,0,0,0,0
13887254,2517,0,2,0,0,0,0,0,0,0,0,0
13890898,2518,0,2,0,0,0,0,0,0,0,0,0
13894542,2519,0,2,0,0,0,0,0,0,0,0,0
13898186,2520,0,2,0,0,0,0,0,0,0,0,0
13901831,2521,0,2,0,0,0,0,0,0,0,0,0
13905474,2522,0,2,0,0,0,0,0,0,0,0,0
13909118,2523,0,2,0,0,0,0,0,0,0,0,0
13912762,2524,0,2,0,0,0,0,0,0,0,0,0
13916406,2525,0,2,0,0,0,0,0,0,0,0,0
13920051,2526,0,2,0,0,0,0,0,0,0,0,0
13923694,2527,0,2,0,0,0,0,0,0,0,0,0
13927339,2528,0,2,0,0,0,0,0,0,0,0,0
13930982,2529,0,2,0,0,0,0,0,0,0,0,0
13934626,2530,0,2,0,0,0,0,0,0,0,0,0
13938270,2531,0,2,0,0,0,0,0,0,0,0,0
13941914,2532,0,2,0,0,0,0,0,0,0,0,0
13945558,2533,0,2,0,0,0,0,0,0,0,0,0
13949202,2534,0,2,0,0,0,0,0,0,0,0,0
13952846,2535,0,2,0,0,0,0,0,0,0,0,0
13956490,2536,0,2,0,0,0,0,0,0,0,0,0
13960135,2537,0,2,0,0,0,0,0,0,0,0,0
13963778,2538,0,2,0,0,0,0,0,0,0,0,0
13967422,2539,0,2,0,0,0,0,0,0,0,0,0
13971067,2540,0,2,0,0,0,0,0,0,0,0,0
13974711,2541,0,2,0,0,0,0,0,0,0,0,0
13978354,2542,0,2,0,0,0,0,0,0,0,0,0
13981998,2543,0,2,0,0,0,0,0,0,0,0,0
13985642,2544,0,2,0,0,0,0,0,0,0,0,0
13989286,2545,0,2,0,0,0,0,0,0,0,0,0
13992930,2546,0,2,0,0,0,0,0,0,0,0,0
13996574,2547,0,2,0,0,0,0,0,0,0,0,0
14000218,2548,0,2,0,0,0,0,0,0,0,0,0
14003862,2549,0,2,0,0,0,0,0,0,0,0,0
14007506,2550,0,2,0,0,0,0,0,0,0,0,0
14011151,2551,0,2,0,0,0,0,0,0,0,0,0
14014794,2552,0,2,0,0,0,0,0,0,0,0,0
14018438,2553,0,2,0,0,0,0,0,0,0,0,0
14022083,2554,0,2,0,0,0,0,0,0,0,0,0
14025726,2555,0,2,0,0,0,0,0,0,0,0,0
14029370,2556,0,2,0,0,0,0,0,0,0,0,0
14033014,2557,0,2,0,0,0,0,0,0,0,0,0
14036658,2558,0,2,0,0,0,0,0,0,0,0,0
14040303,2559,0,2,0,0,0,0,0,0,0,0,0
14043946,2560,0,2,0,0,0,0,0,0,0,0,0
14047591,2561,0,2,0,0,0,0,0,0,0,0,0
14051235,2562,0,2,0,0,0,0,0,0,0,0,0
14054878,2563,0,2,0,0,0,0,0,0,0,0,0
14058522,2564,0,2,0,0,0,0,0,0,0,0,0
14062166,2565,0,2,0,0,0,0,0,0,0,0,0
14065810,2566,0,2,0,0,0,0,0,0,0,0,0
14069454,2567,0,2,0,0,0,0,0,0,0,0,0
14073099,2568,0,2,0,0,0,0,0,0,0,0,0
14076742,2569,0,2,0,0,0,0,0,0,0,0,0
14080386,2570,0,2,0,0,0,0,0,0,0,0,0
14084031,2571,0,2,0,0,0,0,0,0,0,0,0
14087674,2572,0,2,0,0,0,0,0,0,0,0,0
14091319,2573,0,2,0,0,0,0,0,0,0,0,0
14094962,2574,0,2,0,0,0,0,0,0,0,0,0
14098606,2575,0,2,0,0,0,0,0,0,0,0,0
14102250,2576,0,2,0,0,0,0,0,0,0,0,0
14105894,2577,0,2,0,0,0,0,0,0,0,0,0
14109538,2578,0,2,0,0,0,0,0,0,0,0,0
14113182,2579,0,2,0,0,0,0,0,0,0,0,0
14116826,2580,0,2,0,0,0,0,0,0,0,0,0
14120471,2581,0,2,0,0,0,0,0,0,0,0,0
14124114,2582,0,2,0,0,0,0,0,0,0,0,0
14127758,2583,0,2,0,0,0,0,0,0,0,0,0
14131402,2584,0,2,0,0,0,0,0,0,0,0,0
14135046,2585,0,2,0,0,0,0,0,0,0,0,0
14138690,2586,0,2,0,0,0,0,0,0,0,0,0
14142334,2587,0,2,0,0,0,0,0,0,0,0,0
14145978,2588,0,2,0,0,0,0,0,0,0,0,0
14149622,2589,0,2,0,0,0,0,0,0,0,0,0
14153266,2590,0,2,0,0,0,0,0,0,0,0,0
14156911,2591,0,2,0,0,0,0,0,0,0,0,0
14160554,2592,0,2,0,0,0,0,0,0,0,0,0
14164199,2593,0,2,0,0,0,0,0,0,0,0,0
14167842,2594,0,2,0,0,0,0,0,0,0,0,0
14171486,2595,0,2,0,0,0,0,0,0,0,0,0
14175130,2596,0,2,0,0,0,0,0,0,0,0,0
14178774,2597,0,2,0,0,0,0,0,0,0,0,0
14182418,2598,0,2,0,0,0,0,0,0,0,0,0
14186063,2599,0,2,0,0,0,0,0,0,0,0,0
14189706,2600,0,2,0,0,0,0,0,0,0,0,0
14193351,2601,0,2,0,0,0,0,0,0,0,0,0
14196994,2602,0,2,0,0,0,0,0,0,0,0,0
14200638,2603,0,2,0,0,0,0,0,0,0,0,0
14204282,2604,0,2,0,0,0,0,0,0,0,0,0
14207926,2605,0,2,0,0,0,0,0,0,0,0,0
14211570,2606,0,2,0,0,0,0,0,0,0,0,0
14215214,2607,0,2,0,0,0,0,0,0,0,0,0
14218858,2608,0,2,0,0,0,0,0,0,0,0,0
14222502,2609,0,2,0,0,0,0,0,0,0,0,0
14226147,2610,0,2,0,0,0,0,0,0,0,0,0
14229791,2611,0,2,0,0,0,0,0,0,0,0,0
14233434,2612,0,2,0,0,0,0,0,0,0,0,0
14237079,2613,0,2,0,0,0,0,0,0,0,0,0
14240722,2614,0,2,0,0,0,0,0,0,0,0,0
14244367,2615,0,2,0,0,0,0,0,0,0,0,0
14248010,2616,0,2,0,0,0,0,0,0,0,0,0
14251654,2617,0,2,0,0,0,0,0,0,0,0,0
14255299,2618,0,2,0,0,0,0,0,0,0,0,0
14258942,2619,0,2,0,0,0,0,0,0,0,0,0
14262586,2620,0,2,0,0,0,0,0,0,0,0,0
14266231,2621,0,2,0,0,0,0,0,0,0,0,0
14269874,2622,0,2,0,0,0,0,0,0,0,0,0
14273518,2623,0,2,0,0,0,0,0,0,0,0,0
14277162,2624,0,2,0,0,0,0,0,0,0,0,0
14280806,2625,0,2,0,0,0,0,0,0,0,0,0
14284450,2626,0,2,0,0,0,0,0,0,0,0,0
14288095,2627,0,2,0,0,0,0,0,0,0,0,0
14291738,2628,0,2,0,0,0,0,0,0,0,0,0
14295382,2629,0,2,0,0,0,0,0,0,0,0,0
14299026,2630,0,2,0,0,0,0,0,0,0,0,0
14302671,2631,0,2,0,0,0,0,0,0,0,0,0
14306315,2632,0,2,0,0,0,0,0,0,0,0,0
14309958,2633,0,2,0,0,0,0,0,0,0,0,0
14313602,2634,0,2,0,0,0,0,0,0,0,0,0
14317247,2635,0,2,0,0,0,0,0,0,0,0,0
14320890,2636,0,2,0,0,0,0,0,0,0,0,0
14324534,2637,0,2,0,0,0,0,0,0,0,0,0
14328178,2638,0,2,0,0,0,0,0,0,0,0,0
14331822,2639,0,2,0,0,0,0,0,0,0,0,0
14335466,2640,0,2,0,0,0,0,0,0,0,0,0
14339111,2641,0,2,0,0,0,0,0,0,0,0,0
14342754,2642,0,2,0,0,0,0,0,0,0,0,0
14346398,2643,0,2,0,0,0,0,0,0,0,0,0
14350042,2644,0,2,0,0,0,0,0,0,0,0,0
14353686,2645,0,2,0,0,0,0,0,0,0,0,0
14357330,2646,0,2,0,0,0,0,0,0,0,0,0
14360974,2647,0,2,0,0,0,0,0,0,0,0,0
14364618,2648,0,2,0,0,0,0,0,0,0,0,0
14368262,2649,0,2,0,0,0,0,0,0,0,0,0
14371906,2650,0,2,0,0,0,0,0,0,0,0,0
14375551,2651,0,2,0,0,0,0,0,0,0,0,0
14379194,2652,0,2,0,0,0,0,0,0,0,0,0
14382838,2653,0,2,0,0,0,0,0,0,0,0,0
14386482,2654,0,2,0,0,0,0,0,0,0,0,0
14390127,2655,0,2,0,0,0,0,0,0,0,0,0
14393770,2656,0,2,0,0,0,0,0,0,0,0,0
14397414,2657,0,2,0,0,0,0,0,0,0,0,0
14401058,2658,0,2,0,0,0,0,0,0,0,0,0
14404702,2659,0,2,0,0,0,0,0,0,0,0,0
14408346,2660,0,2,0,0,0,0,0,0,0,0,0
14411991,2661,0,2,0,0,0,0,0,0,0,0,0
14415634,2662,0,2,0,0,0,0,0,0,0,0,0
14419278,2663,0,2,0,0,0,0,0,0,0,0,0
14422922,2664,0,2,0,0,0,0,0,0,0,0,0
14426566,2665,0,2,0,0,0,0,0,0,0,0,0
14430211,2666,0,2,0,0,0,0,0,0,0,0,0
14433854,2667,0,2,0,0,0,0,0,0,0,0,0
14437498,2668,0,2,0,0,0,0,0,0,0,0,0
14441142,2669,0,2,0,0,0,0,0,0,0,0,0
14444786,2670,0,2,0,0,0,0,0,0,0,0,0
14448431,2671,0,2,0,0,0,0,0,0,0,0,0
14452074,2672,0,2,0,0,0,0,0,0,0,0,0
14455718,2673,0,2,0,0,0,0,0,0,0,0,0
14459362,2674,0,2,0,0,0,0,0,0,0,0,0
14463006,2675,0,2,0,0,0,0,0,0,0,0,0
14466650,2676,0,2,0,0,0,0,0,0,0,0,0
14470295,2677,0,2,0,0,0,0,0,0,0,0,0
14473938,2678,0,2,0,0,0,0,0,0,0,0,0
14477582,2679,0,2,0,0,0,0,0,0,0,0,0
14481227,2680,0,2,0,0,0,0,0,0,0,0,0
14484871,2681,0,2,0,0,0,0,0,0,0,0,0
14488514,2682,0,2,0,0,0,0,0,0,0,0,0
14492158,2683,0,2,0,0,0,0,0,0,0,0,0
14495802,2684,0,2,0,0,0,0,0,0,0,0,0
14499446,2685,0,2,0,0,0,0,0,0,0,0,0
14503090,2686,0,2,0,0,0,0,0,0,0,0,0
14506734,2687,0,2,0,0,0,0,0,0,0,0,0
14510378,2688,0,2,0,0,0,0,0,0,0,0,0
14514023,2689,0,2,0,0,0,0,0,0,0,0,0
14517666,2690,0,2,0,0,0,0,0,0,0,0,0
14521311,2691,0,2,0,0,0,0,0,0,0,0,0
14524954,2692,0,2,0,0,0,0,0,0,0,0,0
14528598,2693,0,2,0,0,0,0,0,0,0,0,0
14532243,2694,0,2,0,0,0,0,0,0,0,0,0
14535886,2695,0,2,0,0,0,0,0,0,0,0,0
14539530,2696,0,2,0,0,0,0,0,0,0,0,0
14543174,2697,0,2,0,0,0,0,0,0,0,0,0
14546818,2698,0,2,0,0,0,0,0,0,0,0,0
14550462,2699,0,2,0,0,0,0,0,0,0,0,0
14554107,2700,0,2,0,0,0,0,0,0,0,0,0
14557751,2701,0,2,0,0,0,0,0,0,0,0,0
14561394,2702,0,2,0,0,0,0,0,0,0,0,0
14565038,2703,0,2,0,0,0,0,0,0,0,0,0
14568682,2704,0,2,0,0,0,0,0,0,0,0,0
14572327,2705,0,2,0,0,0,0,0,0,0,0,0
14575970,2706,0,2,0,0,0,0,0,0,0,0,0
14579614,2707,0,2,0,0,0,0,0,0,0,0,0
14583258,2708,0,2,0,0,0,0,0,0,0,0,0
14586902,2709,0,2,0,0,0,0,0,0,0,0,0
14590546,2710,0,2,0,0,0,0,0,0,0,0,0
14594191,2711,0,2,0,0,0,0,0,0,0,0,0
14597834,2712,0,2,0,0,0,0,0,0,0,0,0
14601478,2713,0,2,0,0,0,0,0,0,0,0,0
14605123,2714,0,2,0,0,0,0,0,0,0,0,0
14608766,2715,0,2,0,0,0,0,0,0,0,0,0
14612410,2716,0,2,0,0,0,0,0,0,0,0,0
14616055,2717,0,2,0,0,0,0,0,0,0,0,0
14619698,2718,0,2,0,0,0,0,0,0,0,0,0
14623343,2719,0,2,0,0,0,0,0,0,0,0,0
14626986,2720,0,2,0,0,0,0,0,0,0,0,0
14630631,2721,0,2,0,0,0,0,0,0,0,0,0
14634274,2722,0,2,0,0,0,0,0,0,0,0,0
14637918,2723,0,2,0,0,0,0,0,0,0,0,0
14641562,2724,0,2,0,0,0,0,0,0,0,0,0
14651644,2725,0,2,0,0,0,0,0,0,0,0,0
14655277,2726,0,2,0,0,0,0,0,0,0,0,0
14658920,2727,0,2,0,0,0,0,0,0,0,0,0
14662564,2728,0,2,0,0,0,0,0,0,0,0,0
14666208,2729,0,2,0,0,0,0,0,0,0,0,0
14669852,2730,0,2,0,0,0,0,0,0,0,0,0
14673497,2731,0,2,0,0,0,0,0,0,0,0,0
14677141,2732,0,2,0,0,0,0,0,0,0,0,0
14680784,2733,0,2,0,0,0,0,0,0,0,0,0
14684428,2734,0,2,0,0,0,0,0,0,0,0,0
14688072,2735,0,2,0,0,0,0,0,0,0,0,0
14691716,2736,0,2,0,0,0,0,0,0,0,0,0
14695360,2737,0,2,0,0,0,0,0,0,0,0,0
14699004,2738,0,2,0,0,0,0,0,0,0,0,0
14702648,2739,0,2,0,0,0,0,0,0,0,0,0
14706292,2740,0,2,0,0,0,0,0,0,0,0,0
14709937,2741,0,2,0,0,0,0,0,0,0,0,0
14713580,2742,0,2,0,0,0,0,0,0,0,0,0
14717225,2743,0,2,0,0,0,0,0,0,0,0,0
14720868,2744,0,2,0,0,0,0,0,0,0,0,0
14724512,2745,0,2,0,0,0,0,0,0,0,0,0
14728156,2746,0,2,0,0,0,0,0,0,0,0,0
14731800,2747,0,2,0,0,0,0,0,0,0,0,0
14735444,2748,0,2,0,0,0,0,0,0,0,0,0
14739089,2749,0,2,0,0,0,0,0,0,0,0,0
14742732,2750,0,2,0,0,0,0,0,0,0,0,0
14746377,2751,0,2,0,0,0,0,0,0,0,0,0
14750020,2752,0,2,0,0,0,0,0,0,0,0,0
14753664,2753,0,2,0,0,0,0,0,0,0,0,0
14757309,2754,0,2,0,0,0,0,0,0,0,0,0
14760952,2755,0,2,0,0,0,0,0,0,0,0,0
14764596,2756,0,2,0,0,0,0,0,0,0,0,0
14768241,2757,0,2,0,0,0,0,0,0,0,0,0
14771884,2758,0,2,0,0,0,0,0,0,0,0,0
14775528,2759,0,2,0,0,0,0,0,0,0,0,0
14779172,2760,0,2,0,0,0,0,0,0,0,0,0
14782817,2761,0,2,0,0,0,0,0,0,0,0,0
14786460,2762,0,2,0,0,0,0,0,0,0,0,0
14790104,2763,0,2,0,0,0,0,0,0,0,0,0
14793748,2764,0,2,0,0,0,0,0,0,0,0,0
14797392,2765,0,2,0,0,0,0,0,0,0,0,0
14801036,2766,0,2,0,0,0,0,0,0,0,0,0
14804680,2767,0,2,0,0,0,0,0,0,0,0,0
14808324,2768,0,2,0,0,0,0,0,0,0,0,0
14811968,2769,0,2,0,0,0,0,0,0,0,0,0
14815612,2770,0,2,0,0,0,0,0,0,0,0,0
14819257,2771,0,2,0,0,0,0,0,0,0,0,0
14822900,2772,0,2,0,0,0,0,0,0,0,0,0
14826544,2773,0,2,0,0,0,0,0,0,0,0,0
14830188,2774,0,2,0,0,0,0,0,0,0,0,0
14833832,2775,0,2,0,0,0,0,0,0,0,0,0
14837476,2776,0,2,0,0,0,0,0,0,0,0,0
14841120,2777,0,2,0,0,0,0,0,0,0,0,0
14844764,2778,0,2,0,0,0,0,0,0,0,0,0
14848408,2779,0,2,0,0,0,0,0,0,0,0,0
14852052,2780,0,2,0,0,0,0,0,0,0,0,0
14855697,2781,0,2,0,0,0,0,0,0,0,0,0
14859340,2782,0,2,0,0,0,0,0,0,0,0,0
14862984,2783,0,2,0,0,0,0,0,0,0,0,0
14866628,2784,0,2,0,0,0,0,0,0,0,0,0
14870272,2785,0,2,0,0,0,0,0,0,0,0,0
14873916,2786,0,2,0,0,0,0,0,0,0,0,0
14877560,2787,0,2,0,0,0,0,0,0,0,0,0
14881204,2788,0,2,0,0,0,0,0,0,0,0,0
14884848,2789,0,2,0,0,0,0,0,0,0,0,0
14888492,2790,0,2,0,0,0,0,0,0,0,0,0
14892137,2791,0,2,0,0,0,0,0,0,0,0,0
14895780,2792,0,2,0,0,0,0,0,0,0,0,0
14899424,2793,0,2,0,0,0,0,0,0,0,0,0
14903068,2794,0,2,0,0,0,0,0,0,0,0,0
14906712,2795,0,2,0,0,0,0,0,0,0,0,0
14910356,2796,0,2,0,0,0,0,0,0,0,0,0
14914000,2797,0,2,0,0,0,0,0,0,0,0,0
14917644,2798,0,2,0,0,0,0,0,0,0,0,0
14921288,2799,0,2,0,0,0,0,0,0,0,0,0
14924932,2800,0,2,0,0,0,0,0,0,0,0,0
14928577,2801,0,2,0,0,0,0,0,0,0,0,0
14932220,2802,0,2,0,0,0,0,0,0,0,0,0
14935864,2803,0,2,0,0,0,0,0,0,0,0,0
14939508,2804,0,2,0,0,0,0,0,0,0,0,0
14943153,2805,0,2,0,0,0,0,0,0,0,0,0
14946796,2806,0,2,0,0,0,0,0,0,0,0,0
14950440,2807,0,2,0,0,0,0,0,0,0,0,0
14954084,2808,0,2,0,0,0,0,0,0,0,0,0
14957728,2809,0,2,0,0,0,0,0,0,0,0,0
14961373,2810,0,2,0,0,0,0,0,0,0,0,0
14965017,2811,0,2,0,0,0,0,0,0,0,0,0
14968660,2812,0,2,0,0,0,0,0,0,0,0,0
14972304,2813,0,2,0,0,0,0,0,0,0,0,0
14975948,2814,0,2,0,0,0,0,0,0,0,0,0
14979592,2815,0,2,0,0,0,0,0,0,0,0,0
14983236,2816,0,2,0,0,0,0,0,0,0,0,0
14986880,2817,0,2,0,0,0,0,0,0,0,0,0
14990524,2818,0,2,0,0,0,0,0,0,0,0,0
14994169,2819,0,2,0,0,0,0,0,0,0,0,0
14997812,2820,0,2,0,0,0,0,0,0,0,0,0
15001457,2821,0,2,0,0,0,0,0,0,0,0,0
15005100,2822,0,2,0,0,0,0,0,0,0,0,0
15008744,2823,0,2,0,0,0,0,0,0,0,0,0
15012388,2824,0,2,0,0,0,0,0,0,0,0,0
15016033,2825,0,2,0,0,0,0,0,0,0,0,0
15019676,2826,0,2,0,0,0,0,0,0,0,0,0
15023320,2827,0,2,0,0,0,0,0,0,0,0,0
15026964,2828,0,2,0,0,0,0,0,0,0,0,0
15030608,2829,0,2,0,0,0,0,0,0,0,0,0
15034252,2830,0,2,0,0,0,0,0,0,0,0,0
15037897,2831,0,2,0,0,0,0,0,0,0,0,0
15041540,2832,0,2,0,0,0,0,0,0,0,0,0
15045184,2833,0,2,0,0,0,0,0,0,0,0,0
15048828,2834,0,2,0,0,0,0,0,0,0,0,0
15052472,2835,0,2,0,0,0,0,0,0,0,0,0
15056117,2836,0,2,0,0,0,0,0,0,0,0,0
15059760,2837,0,2,0,0,0,0,0,0,0,0,0
15063404,2838,0,2,0,0,0,0,0,0,0,0,0
15067048,2839,0,2,0,0,0,0,0,0,0,0,0
15070692,2840,0,2,0,0,0,0,0,0,0,0,0
15074337,2841,0,2,0,0,0,0,0,0,0,0,0
15077980,2842,0,2,0,0,0,0,0,0,0,0,0
15081624,2843,0,2,0,0,0,0,0,0,0,0,0
15085268,2844,0,2,0,0,0,0,0,0,0,0,0
15088912,2845,0,2,0,0,0,0,0,0,0,0,0
15092556,2846,0,2,0,0,0,0,0,0,0,0,0
15096200,2847,0,2,0,0,0,0,0,0,0,0,0
15099844,2848,0,2,0,0,0,0,0,0,0,0,0
15103488,2849,0,2,0,0,0,0,0,0,0,0,0
15107133,2850,0,2,0,0,0,0,0,0,0,0,0
15110777,2851,0,2,0,0,0,0,0,0,0,0,0
15114421,2852,0,2,0,0,0,0,0,0,0,0,0
15118064,2853,0,2,0,0,0,0,0,0,0,0,0
15121708,2854,0,2,0,0,0,0,0,0,0,0,0
15125352,2855,0,2,0,0,0,0,0,0,0,0,0
15128996,2856,0,2,0,0,0,0,0,0,0,0,0
15132640,2857,0,2,0,0,0,0,0,0,0,0,0
15136284,2858,0,2,0,0,0,0,0,0,0,0,0
15139928,2859,0,2,0,0,0,0,0,0,0,0,0
15143572,2860,0,2,0,0,0,0,0,0,0,0,0
15147217,2861,0,2,0,0,0,0,0,0,0,0,0
15150860,2862,0,2,0,0,0,0,0,0,0,0,0
15154504,2863,0,2,0,0,0,0,0,0,0,0,0
15158149,2864,0,2,0,0,0,0,0,0,0,0,0
15161792,2865,0,2,0,0,0,0,0,0,0,0,0
15165436,2866,0,2,0,0,0,0,0,0,0,0,0
15169080,2867,0,2,0,0,0,0,0,0,0,0,0
15172724,2868,0,2,0,0,0,0,0,0,0,0,0
15176368,2869,0,2,0,0,0,0,0,0,0,0,0
15180012,2870,0,2,0,0,0,0,0,0,0,0,0
15183657,2871,0,2,0,0,0,0,0,0,0,0,0
15187300,2872,0,2,0,0,0,0,0,0,0,0,0
15190944,2873,0,2,0,0,0,0,0,0,0,0,0
15194588,2874,0,2,0,0,0,0,0,0,0,0,0
15198233,2875,0,2,0,0,0,0,0,0,0,0,0
15201876,2876,0,2,0,0,0,0,0,0,0,0,0
15205520,2877,0,2,0,0,0,0,0,0,0,0,0
15209164,2878,0,2,0,0,0,0,0,0,0,0,0
15212808,2879,0,2,0,0,0,0,0,0,0,0,0
15216452,2880,0,2,0,0,0,0,0,0,0,0,0
15220097,2881,0,2,0,0,0,0,0,0,0,0,0
15223740,2882,0,2,0,0,0,0,0,0,0,0,0
15227384,2883,0,2,0,0,0,0,0,0,0,0,0
15231029,2884,0,2,0,0,0,0,0,0,0,0,0
15234672,2885,0,2,0,0,0,0,0,0,0,0,0
15238317,2886,0,2,0,0,0,0,0,0,0,0,0
15241960,2887,0,2,0,0,0,0,0,0,0,0,0
15245604,2888,0,2,0,0,0,0,0,0,0,0,0
15249248,2889,0,2,0,0,0,0,0,0,0,0,0
15252892,2890,0,2,0,0,0,0,0,0,0,0,0
15256537,2891,0,2,0,0,0,0,0,0,0,0,0
15260180,2892,0,2,0,0,0,0,0,0,0,0,0
15263824,2893,0,2,0,0,0,0,0,0,0,0,0
15267469,2894,0,2,0,0,0,0,0,0,0,0,0
15271113,2895,0,2,0,0,0,0,0,0,0,0,0
15274756,2896,0,2,0,0,0,0,0,0,0,0,0
15278401,2897,0,2,0,0,0,0,0,0,0,0,0
15282044,2898,0,2,0,0,0,0,0,0,0,0,0
15285688,2899,0,2,0,0,0,0,0,0,0,0,0
15289333,2900,0,2,0,0,0,0,0,0,0,0,0
15292977,2901,0,2,0,0,0,0,0,0,0,0,0
15296620,2902,0,2,0,0,0,0,0,0,0,0,0
15300264,2903,0,2,0,0,0,0,0,0,0,0,0
15303908,2904,0,2,0,0,0,0,0,0,0,0,0
15307552,2905,0,2,0,0,0,0,0,0,0,0,0
15311196,2906,0,2,0,0,0,0,0,0,0,0,0
15314840,2907,0,2,0,0,0,0,0,0,0,0,0
15318484,2908,0,2,0,0,0,0,0,0,0,0,0
15322128,2909,0,2,0,0,0,0,0,0,0,0,0
15325772,2910,0,2,0,0,0,0,0,0,0,0,0
15329417,2911,0,2,0,0,0,0,0,0,0,0,0
15333061,2912,0,2,0,0,0,0,0,0,0,0,0
15336704,2913,0,2,0,0,0,0,0,0,0,0,0
15340348,2914,0,2,0,0,0,0,0,0,0,0,0
15343992,2915,0,2,0,0,0,0,0,0,0,0,0
15347636,2916,0,2,0,0,0,0,0,0,0,0,0
15351280,2917,0,2,0,0,0,0,0,0,0,0,0
15354924,2918,0,2,0,0,0,0,0,0,0,0,0
15358568,2919,0,2,0,0,0,0,0,0,0,0,0
15362213,2920,0,2,0,0,0,0,0,0,0,0,0
15365857,2921,0,2,0,0,0,0,0,0,0,0,0
15369500,2922,0,2,0,0,0,0,0,0,0,0,0
15373145,2923,0,2,0,0,0,0,0,0,0,0,0
15376788,2924,0,2,0,0,0,0,0,0,0,0,0
15380432,2925,0,2,0,0,0,0,0,0,0,0,0
15384076,2926,0,2,0,0,0,0,0,0,0,0,0
15387720,2927,0,2,0,0,0,0,0,0,0,0,0
15391364,2928,0,2,0,0,0,0,0,0,0,0,0
15395008,2929,0,2,0,0,0,0,0,0,0,0,0
15398652,2930,0,2,0,0,0,0,0,0,0,0,0
15402297,2931,0,2,0,0,0,0,0,0,0,0,0
15405940,2932,0,2,0,0,0,0,0,0,0,0,0
15409584,2933,0,2,0,0,0,0,0,0,0,0,0
15413228,2934,0,2,0,0,0,0,0,0,0,0,0
15416872,2935,0,2,0,0,0,0,0,0,0,0,0
15420516,2936,0,2,0,0,0,0,0,0,0,0,0
15424160,2937,0,2,0,0,0,0,0,0,0,0,0
15427804,2938,0,2,0,0,0,0,0,0,0,0,0
15431448,2939,0,2,0,0,0,0,0,0,0,0,0
15435093,2940,0,2,0,0,0,0,0,0,0,0,0
15438737,2941,0,2,0,0,0,0,0,0,0,0,0
15442380,2942,0,2,0,0,0,0,0,0,0,0,0
15446025,2943,0,2,0,0,0,0,0,0,0,0,0
15449668,2944,0,2,0,0,0,0,0,0,0,0,0
15453313,2945,0,2,0,0,0,0,0,0,0,0,0
15456956,2946,0,2,0,0,0,0,0,0,0,0,0
15460600,2947,0,2,0,0,0,0,0,0,0,0,0
15464244,2948,0,2,0,0,0,0,0,0,0,0,0
15467888,2949,0,2,0,0,0,0,0,0,0,0,0
15471532,2950,0,2,0,0,0,0,0,0,0,0,0
15475177,2951,0,2,0,0,0,0,0,0,0,0,0
15483665,2952,0,2,0,0,0,0,0,0,0,0,0
15487297,2953,0,2,0,0,0,0,0,0,0,0,0
15490941,2954,0,2,0,0,0,0,0,0,0,0,0
15494585,2955,0,2,0,0,0,0,0,0,0,0,0
15498229,2956,0,2,0,0,0,0,0,0,0,0,0
15501873,2957,0,2,0,0,0,0,0,0,0,0,0
15505517,2958,0,2,0,0,0,0,0,0,0,0,0
15509161,2959,0,2,0,0,0,0,0,0,0,0,0
15512805,2960,0,2,0,0,0,0,0,0,0,0,0
15516450,2961,0,2,0,0,0,0,0,0,0,0,0
15520093,2962,0,2,0,0,0,0,0,0,0,0,0
15523737,2963,0,2,0,0,0,0,0,0,0,0,0
15527381,2964,0,2,0,0,0,0,0,0,0,0,0
15531026,2965,0,2,0,0,0,0,0,0,0,0,0
15534669,2966,0,2,0,0,0,0,0,0,0,0,0
15538313,2967,0,2,0,0,0,0,0,0,0,0,0
15541957,2968,0,2,0,0,0,0,0,0,0,0,0
15545601,2969,0,2,0,0,0,0,0,0,0,0,0
15549245,2970,0,2,0,0,0,0,0,0,0,0,0
15552890,2971,0,2,0,0,0,0,0,0,0,0,0
15556533,2972,0,2,0,0,0,0,0,0,0,0,0
15560177,2973,0,2,0,0,0,0,0,0,0,0,0
15563821,2974,0,2,0,0,0,0,0,0,0,0,0
15567465,2975,0,2,0,0,0,0,0,0,0,0,0
15571109,2976,0,2,0,0,0,0,0,0,0,0,0
15574753,2977,0,2,0,0,0,0,0,0,0,0,0
15578397,2978,0,2,0,0,0,0,0,0,0,0,0
15582041,2979,0,2,0,0,0,0,0,0,0,0,0
15585685,2980,0,2,0,0,0,0,0,0,0,0,0
15589330,2981,0,2,0,0,0,0,0,0,0,0,0
15592973,2982,0,2,0,0,0,0,0,0,0,0,0
15596617,2983,0,2,0,0,0,0,0,0,0,0,0
15600261,2984,0,2,0,0,0,0,0,0,0,0,0
15603905,2985,0,2,0,0,0,0,0,0,0,0,0
15607549,2986,0,2,0,0,0,0,0,0,0,0,0
15611193,2987,0,2,0,0,0,0,0,0,0,0,0
15614837,2988,0,2,0,0,0,0,0,0,0,0,0
15618481,2989,0,2,0,0,0,0,0,0,0,0,0
15622125,2990,0,2,0,0,0,0,0,0,0,0,0
15625770,2991,0,2,0,0,0,0,0,0,0,0,0
15629414,2992,0,2,0,0,0,0,0,0,0,0,0
15633057,2993,0,2,0,0,0,0,0,0,0,0,0
15636701,2994,0,2,0,0,0,0,0,0,0,0,0
15640346,2995,0,2,0,0,0,0,0,0,0,0,0
15643989,2996,0,2,0,0,0,0,0,0,0,0,0
15647633,2997,0,2,0,0,0,0,0,0,0,0,0
15651278,2998,0,2,0,0,0,0,0,0,0,0,0
15654921,2999,0,2,0,0,0,0,0,0,0,0,0
15658565,3000,0,2,0,0,0,0,0,0,0,0,0
15662210,3001,0,2,0,0,0,0,0,0,0,0,0
15665853,3002,0,2,0,0,0,0,0,0,0,0,0
15669497,3003,0,2,0,0,0,0,0,0,0,0,0
15673142,3004,0,2,0,0,0,0,0,0,0,0,0
15676785,3005,0,2,0,0,0,0,0,0,0,0,0
15680429,3006,0,2,0,0,0,0,0,0,0,0,0
15684074,3007,0,2,0,0,0,0,0,0,0,0,0
15687717,3008,0,2,0,0,0,0,0,0,0,0,0
15691361,3009,0,2,0,0,0,0,0,0,0,0,0
15695005,3010,0,2,0,0,0,0,0,0,0,0,0
15698650,3011,0,2,0,0,0,0,0,0,0,0,0
15702293,3012,0,2,0,0,0,0,0,0,0,0,0
15705937,3013,0,2,0,0,0,0,0,0,0,0,0
15709581,3014,0,2,0,0,0,0,0,0,0,0,0
15713226,3015,0,2,0,0,0,0,0,0,0,0,0
15716869,3016,0,2,0,0,0,0,0,0,0,0,0
15720513,3017,0,2,0,0,0,0,0,0,0,0,0
15724157,3018,0,2,0,0,0,0,0,0,0,0,0
15727801,3019,0,2,0,0,0,0,0,0,0,0,0
15731445,3020,0,2,0,0,0,0,0,0,0,0,0
15735090,3021,0,2,0,0,0,0,0,0,0,0,0
15738733,3022,0,2,0,0,0,0,0,0,0,0,0
15742377,3023,0,2,0,0,0,0,0,0,0,0,0
15746021,3024,0,2,0,0,0,0,0,0,0,0,0
15749665,3025,0,2,0,0,0,0,0,0,0,0,0
15753309,3026,0,2,0,0,0,0,0,0,0,0,0
15756953,3027,0,2,0,0,0,0,0,0,0,0,0
15760597,3028,0,2,0,0,0,0,0,0,0,0,0
15764241,3029,0,2,0,0,0,0,0,0,0,0,0
15767885,3030,0,2,0,0,0,0,0,0,0,0,0
15771530,3031,0,2,0,0,0,0,0,0,0,0,0
15775173,3032,0,2,0,0,0,0,0,0,0,0,0
15778817,3033,0,2,0,0,0,0,0,0,0,0,0
15782461,3034,0,2,0,0,0,0,0,0,0,0,0
15786106,3035,0,2,0,0,0,0,0,0,0,0,0
15789749,3036,0,2,0,0,0,0,0,0,0,0,0
15793393,3037,0,2,0,0,0,0,0,0,0,0,0
15797037,3038,0,2,0,0,0,0,0,0,0,0,0
15800681,3039,0,2,0,0,0,0,0,0,0,0,0
15804326,3040,0,2,0,0,0,0,0,0,0,0,0
15807970,3041,0,2,0,0,0,0,0,0,0,0,0
15811613,3042,0,2,0,0,0,0,0,0,0,0,0
15815257,3043,0,2,0,0,0,0,0,0,0,0,0
15818901,3044,0,2,0,0,0,0,0,0,0,0,0
15822545,3045,0,2,0,0,0,0,0,0,0,0,0
15826189,3046,0,2,0,0,0,0,0,0,0,0,0
15829833,3047,0,2,0,0,0,0,0,0,0,0,0
15833477,3048,0,2,0,0,0,0,0,0,0,0,0
15837122,3049,0,2,0,0,0,0,0,0,0,0,0
15840765,3050,0,2,0,0,0,0,0,0,0,0,0
15844410,3051,0,2,0,0,0,0,0,0,0,0,0
15848053,3052,0,2,0,0,0,0,0,0,0,0,0
15851697,3053,0,2,0,0,0,0,0,0,0,0,0
15855342,3054,0,2,0,0,0,0,0,0,0,0,0
15858985,3055,0,2,0,0,0,0,0,0,0,0,0
15862629,3056,0,2,0,0,0,0,0,0,0,0,0
15866273,3057,0,2,0,0,0,0,0,0,0,0,0
15869917,3058,0,2,0,0,0,0,0,0,0,0,0
15873561,3059,0,2,0,0,0,0,0,0,0,0,0
15877206,3060,0,2,0,0,0,0,0,0,0,0,0
15880850,3061,0,2,0,0,0,0,0,0,0,0,0
15884493,3062,0,2,0,0,0,0,0,0,0,0,0
15888138,3063,0,2,0,0,0,0,0,0,0,0,0
15891781,3064,0,2,0,0,0,0,0,0,0,0,0
15895425,3065,0,2,0,0,0,0,0,0,0,0,0
15899070,3066,0,2,0,0,0,0,0,0,0,0,0
15902713,3067,0,2,0,0,0,0,0,0,0,0,0
15906357,3068,0,2,0,0,0,0,0,0,0,0,0
15910001,3069,0,2,0,0,0,0,0,0,0,0,0
15913645,3070,0,2,0,0,0,0,0,0,0,0,0
15917290,3071,0,2,0,0,0,0,0,0,0,0,0
15920933,3072,0,2,0,0,0,0,0,0,0,0,0
15924577,3073,0,2,0,0,0,0,0,0,0,0,0
15928221,3074,0,2,0,0,0,0,0,0,0,0,0
15931865,3075,0,2,0,0,0,0,0,0,0,0,0
15935509,3076,0,2,0,0,0,0,0,0,0,0,0
15939153,3077,0,2,0,0,0,0,0,0,0,0,0
15942797,3078,0,2,0,0,0,0,0,0,0,0,0
15946441,3079,0,2,0,0,0,0,0,0,0,0,0
15950086,3080,0,2,0,0,0,0,0,0,0,0,0
15953730,3081,0,2,0,0,0,0,0,0,0,0,0
15957374,3082,0,2,0,0,0,0,0,0,0,0,0
15961017,3083,0,2,0,0,0,0,0,0,0,0,0
15964661,3084,0,2,0,0,0,0,0,0,0,0,0
15968306,3085,0,2,0,0,0,0,0,0,0,0,0
15971949,3086,0,2,0,0,0,0,0,0,0,0,0
15975593,3087,0,2,0,0,0,0,0,0,0,0,0
15979237,3088,0,2,0,0,0,0,0,0,0,0,0
15982881,3089,0,2,0,0,0,0,0,0,0,0,0
15986525,3090,0,2,0,0,0,0,0,0,0,0,0
15990170,3091,0,2,0,0,0,0,0,0,0,0,0
15993813,3092,0,2,0,0,0,0,0,0,0,0,0
15997457,3093,0,2,0,0,0,0,0,0,0,0,0
16001101,3094,0,2,0,0,0,0,0,0,0,0,0
16004745,3095,0,2,0,0,0,0,0,0,0,0,0
16008389,3096,0,2,0,0,0,0,0,0,0,0,0
16012033,3097,0,2,0,0,0,0,0,0,0,0,0
16015677,3098,0,2,0,0,0,0,0,0,0,0,0
16019322,3099,0,2,0,0,0,0,0,0,0,0,0
16022965,3100,0,2,0,0,0,0,0,0,0,0,0
16026610,3101,0,2,0,0,0,0,0,0,0,0,0
16030253,3102,0,2,0,0,0,0,0,0,0,0,0
16033897,3103,0,2,0,0,0,0,0,0,0,0,0
16037541,3104,0,2,0,0,0,0,0,0,0,0,0
16041185,3105,0,2,0,0,0,0,0,0,0,0,0
16044829,3106,0,2,0,0,0,0,0,0,0,0,0
16048473,3107,0,2,0,0,0,0,0,0,0,0,0
16052117,3108,0,2,0,0,0,0,0,0,0,0,0
16055761,3109,0,2,0,0,0,0,0,0,0,0,0
16059405,3110,0,2,0,0,0,0,0,0,0,0,0
16063050,3111,0,2,0,0,0,0,0,0,0,0,0
16066693,3112,0,2,0,0,0,0,0,0,0,0,0
16070337,3113,0,2,0,0,0,0,0,0,0,0,0
16073981,3114,0,2,0,0,0,0,0,0,0,0,0
16077625,3115,0,2,0,0,0,0,0,0,0,0,0
16081269,3116,0,2,0,0,0,0,0,0,0,0,0
16084913,3117,0,2,0,0,0,0,0,0,0,0,0
16088557,3118,0,2,0,0,0,0,0,0,0,0,0
16092201,3119,0,2,0,0,0,0,0,0,0,0,0
16095845,3120,0,2,0,0,0,0,0,0,0,0,0
16099490,3121,0,2,0,0,0,0,0,0,0,0,0
16103134,3122,0,2,0,0,0,0,0,0,0,0,0
16106777,3123,0,2,0,0,0,0,0,0,0,0,0
16110421,3124,0,2,0,0,0,0,0,0,0,0,0
16114065,3125,0,2,0,0,0,0,0,0,0,0,0
16117709,3126,0,2,0,0,0,0,0,0,0,0,0
16121353,3127,0,2,0,0,0,0,0,0,0,0,0
16124997,3128,0,2,0,0,0,0,0,0,0,0,0
16128641,3129,0,2,0,0,0,0,0,0,0,0,0
16132285,3130,0,2,0,0,0,0,0,0,0,0,0
16135930,3131,0,2,0,0,0,0,0,0,0,0,0
16139573,3132,0,2,0,0,0,0,0,0,0,0,0
16143218,3133,0,2,0,0,0,0,0,0,0,0,0
16146861,3134,0,2,0,0,0,0,0,0,0,0,0
16150505,3135,0,2,0,0,0,0,0,0,0,0,0
16154149,3136,0,2,0,0,0,0,0,0,0,0,0
16157793,3137,0,2,0,0,0,0,0,0,0,0,0
16161437,3138,0,2,0,0,0,0,0,0,0,0,0
16165081,3139,0,2,0,0,0,0,0,0,0,0,0
16168725,3140,0,2,0,0,0,0,0,0,0,0,0
16172370,3141,0,2,0,0,0,0,0,0,0,0,0
16176013,3142,0,2,0,0,0,0,0,0,0,0,0
16179657,3143,0,2,0,0,0,0,0,0,0,0,0
16183302,3144,0,2,0,0,0,0,0,0,0,0,0
16186945,3145,0,2,0,0,0,0,0,0,0,0,0
16190589,3146,0,2,0,0,0,0,0,0,0,0,0
16194233,3147,0,2,0,0,0,0,0,0,0,0,0
16197877,3148,0,2,0,0,0,0,0,0,0,0,0
16201521,3149,0,2,0,0,0,0,0,0,0,0,0
16205165,3150,0,2,0,0,0,0,0,0,0,0,0
16208810,3151,0,2,0,0,0,0,0,0,0,0,0
16212453,3152,0,2,0,0,0,0,0,0,0,0,0
16216098,3153,0,2,0,0,0,0,0,0,0,0,0
16219741,3154,0,2,0,0,0,0,0,0,0,0,0
16223386,3155,0,2,0,0,0,0,0,0,0,0,0
16227029,3156,0,2,0,0,0,0,0,0,0,0,0
16230673,3157,0,2,0,0,0,0,0,0,0,0,0
16234317,3158,0,2,0,0,0,0,0,0,0,0,0
16237961,3159,0,2,0,0,0,0,0,0,0,0,0
16241605,3160,0,2,0,0,0,0,0,0,0,0,0
16245250,3161,0,2,0,0,0,0,0,0,0,0,0
16248893,3162,0,2,0,0,0,0,0,0,0,0,0
16252537,3163,0,2,0,0,0,0,0,0,0,0,0
16256181,3164,0,2,0,0,0,0,0,0,0,0,0
16259825,3165,0,2,0,0,0,0,0,0,0,0,0
16263469,3166,0,2,0,0,0,0,0,0,0,0,0
16267114,3167,0,2,0,0,0,0,0,0,0,0,0
16270757,3168,0,2,0,0,0,0,0,0,0,0,0
16274402,3169,0,2,0,0,0,0,0,0,0,0,0
16278045,3170,0,2,0,0,0,0,0,0,0,0,0
16281690,3171,0,2,0,0,0,0,0,0,0,0,0
16285334,3172,0,2,0,0,0,0,0,0,0,0,0
16288977,3173,0,2,0,0,0,0,0,0,0,0,0
16292621,3174,0,2,0,0,0,0,0,0,0,0,0
16296265,3175,0,2,0,0,0,0,0,0,0,0,0
16299909,3176,0,2,0,0,0,0,0,0,0,0,0
16303553,3177,0,2,0,0,0,0,0,0,0,0,0
16307197,3178,0,2,0,0,0,0,0,0,0,0,0
16317477,3179,0,2,0,0,0,0,0,0,0,0,0
16321109,3180,0,2,0,0,0,0,0,0,0,0,0
16324754,3181,0,2,0,0,0,0,0,0,0,0,0
16328397,3182,0,2,0,0,0,0,0,0,0,0,0
16332041,3183,0,2,0,0,0,0,0,0,0,0,0
16335685,3184,0,2,0,0,0,0,0,0,0,0,0
16339329,3185,0,2,0,0,0,0,0,0,0,0,0
16342973,3186,0,2,0,0,0,0,0,0,0,0,0
16346617,3187,0,2,0,0,0,0,0,0,0,0,0
16350261,3188,0,2,0,0,0,0,0,0,0,0,0
16353905,3189,0,2,0,0,0,0,0,0,0,0,0
16357549,3190,0,2,0,0,0,0,0,0,0,0,0
16361194,3191,0,2,0,0,0,0,0,0,0,0,0
16364837,3192,0,2,0,0,0,0,0,0,0,0,0
16368481,3193,0,2,0,0,0,0,0,0,0,0,0
16372125,3194,0,2,0,0,0,0,0,0,0,0,0
16375769,3195,0,2,0,0,0,0,0,0,0,0,0
16379414,3196,0,2,0,0,0,0,0,0,0,0,0
16383057,3197,0,2,0,0,0,0,0,0,0,0,0
16386701,3198,0,2,0,0,0,0,0,0,0,0,0
16390345,3199,0,2,0,0,0,0,0,0,0,0,0
16393989,3200,0,2,0,0,0,0,0,0,0,0,0
16397634,3201,0,2,0,0,0,0,0,0,0,0,0
16401277,3202,0,2,0,0,0,0,0,0,0,0,0
16404921,3203,0,2,0,0,0,0,0,0,0,0,0
16408565,3204,0,2,0,0,0,0,0,0,0,0,0
16412209,3205,0,2,0,0,0,0,0,0,0,0,0
16415853,3206,0,2,0,0,0,0,0,0,0,0,0
16419497,3207,0,2,0,0,0,0,0,0,0,0,0
16423142,3208,0,2,0,0,0,0,0,0,0,0,0
16426785,3209,0,2,0,0,0,0,0,0,0,0,0
16430429,3210,0,2,0,0,0,0,0,0,0,0,0
16434074,3211,0,2,0,0,0,0,0,0,0,0,0
16437717,3212,0,2,0,0,0,0,0,0,0,0,0
16441362,3213,0,2,0,0,0,0,0,0,0,0,0
16445005,3214,0,2,0,0,0,0,0,0,0,0,0
16448649,3215,0,2,0,0,0,0,0,0,0,0,0
16452293,3216,0,2,0,0,0,0,0,0,0,0,0
16455937,3217,0,2,0,0,0,0,0,0,0,0,0
16459581,3218,0,2,0,0,0,0,0,0,0,0,0
16463226,3219,0,2,0,0,0,0,0,0,0,0,0
16466869,3220,0,2,0,0,0,0,0,0,0,0,0
16470514,3221,0,2,0,0,0,0,0,0,0,0,0
16474158,3222,0,2,0,0,0,0,0,0,0,0,0
16477801,3223,0,2,0,0,0,0,0,0,0,0,0
16481445,3224,0,2,0,0,0,0,0,0,0,0,0
16485090,3225,0,2,0,0,0,0,0,0,0,0,0
16488733,3226,0,2,0,0,0,0,0,0,0,0,0
16492377,3227,0,2,0,0,0,0,0,0,0,0,0
16496022,3228,0,2,0,0,0,0,0,0,0,0,0
16499665,3229,0,2,0,0,0,0,0,0,0,0,0
16503309,3230,0,2,0,0,0,0,0,0,0,0,0
16506954,3231,0,2,0,0,0,0,0,0,0,0,0
16510597,3232,0,2,0,0,0,0,0,0,0,0,0
16514241,3233,0,2,0,0,0,0,0,0,0,0,0
16517885,3234,0,2,0,0,0,0,0,0,0,0,0
16521529,3235,0,2,0,0,0,0,0,0,0,0,0
16525173,3236,0,2,0,0,0,0,0,0,0,0,0
16528817,3237,0,2,0,0,0,0,0,0,0,0,0
16532461,3238,0,2,0,0,0,0,0,0,0,0,0
16536106,3239,0,2,0,0,0,0,0,0,0,0,0
16539749,3240,0,2,0,0,0,0,0,0,0,0,0
16543394,3241,0,2,0,0,0,0,0,0,0,0,0
16547037,3242,0,2,0,0,0,0,0,0,0,0,0
16550681,3243,0,2,0,0,0,0,0,0,0,0,0
16554326,3244,0,2,0,0,0,0,0,0,0,0,0
16557969,3245,0,2,0,0,0,0,0,0,0,0,0
16561613,3246,0,2,0,0,0,0,0,0,0,0,0
16565257,3247,0,2,0,0,0,0,0,0,0,0,0
16568901,3248,0,2,0,0,0,0,0,0,0,0,0
16572545,3249,0,2,0,0,0,0,0,0,0,0,0
16576189,3250,0,2,0,0,0,0,0,0,0,0,0
16579834,3251,0,2,0,0,0,0,0,0,0,0,0
16583477,3252,0,2,0,0,0,0,0,0,0,0,0
16587121,3253,0,2,0,0,0,0,0,0,0,0,0
16590765,3254,0,2,0,0,0,0,0,0,0,0,0
16594409,3255,0,2,0,0,0,0,0,0,0,0,0
16598054,3256,0,2,0,0,0,0,0,0,0,0,0
16601697,3257,0,2,0,0,0,0,0,0,0,0,0
16605342,3258,0,2,0,0,0,0,0,0,0,0,0
16608985,3259,0,2,0,0,0,0,0,0,0,0,0
16612629,3260,0,2,0,0,0,0,0,0,0,0,0
16616274,3261,0,2,0,0,0,0,0,0,0,0,0
16619917,3262,0,2,0,0,0,0,0,0,0,0,0
16623561,3263,0,2,0,0,0,0,0,0,0,0,0
16627206,3264,0,2,0,0,0,0,0,0,0,0,0
16630849,3265,0,2,0,0,0,0,0,0,0,0,0
16634493,3266,0,2,0,0,0,0,0,0,0,0,0
16638138,3267,0,2,0,0,0,0,0,0,0,0,0
16641781,3268,0,2,0,0,0,0,0,0,0,0,0
16645425,3269,0,2,0,0,0,0,0,0,0,0,0
16649070,3270,0,2,0,0,0,0,0,0,0,0,0
16652714,3271,0,2,0,0,0,0,0,0,0,0,0
16656358,3272,0,2,0,0,0,0,0,0,0,0,0
16660001,3273,0,2,0,0,0,0,0,0,0,0,0
16663645,3274,0,2,0,0,0,0,0,0,0,0,0
16667290,3275,0,2,0,0,0,0,0,0,0,0,0
16670933,3276,0,2,0,0,0,0,0,0,0,0,0
16674577,3277,0,2,0,0,0,0,0,0,0,0,0
16678221,3278,0,2,0,0,0,0,0,0,0,0,0
16681865,3279,0,2,0,0,0,0,0,0,0,0,0
16685509,3280,0,2,0,0,0,0,0,0,0,0,0
16689154,3281,0,2,0,0,0,0,0,0,0,0,0
16692797,3282,0,2,0,0,0,0,0,0,0,0,0
16696441,3283,0,2,0,0,0,0,0,0,0,0,0
16700086,3284,0,2,0,0,0,0,0,0,0,0,0
16703729,3285,0,2,0,0,0,0,0,0,0,0,0
16707374,3286,0,2,0,0,0,0,0,0,0,0,0
16711017,3287,0,2,0,0,0,0,0,0,0,0,0
16714661,3288,0,2,0,0,0,0,0,0,0,0,0
16718306,3289,0,2,0,0,0,0,0,0,0,0,0
16721949,3290,0,2,0,0,0,0,0,0,0,0,0
16725594,3291,0,2,0,0,0,0,0,0,0,0,0
16729238,3292,0,2,0,0,0,0,0,0,0,0,0
16732881,3293,0,2,0,0,0,0,0,0,0,0,0
16736525,3294,0,2,0,0,0,0,0,0,0,0,0
16740170,3295,0,2,0,0,0,0,0,0,0,0,0
16743813,3296,0,2,0,0,0,0,0,0,0,0,0
16747457,3297,0,2,0,0,0,0,0,0,0,0,0
16751101,3298,0,2,0,0,0,0,0,0,0,0,0
16754745,3299,0,2,0,0,0,0,0,0,0,0,0
16758389,3300,0,2,0,0,0,0,0,0,0,0,0
16762034,3301,0,2,0,0,0,0,0,0,0,0,0
16765677,3302,0,2,0,0,0,0,0,0,0,0,0
16769322,3303,0,2,0,0,0,0,0,0,0,0,0
16772965,3304,0,2,0,0,0,0,0,0,0,0,0
16776609,3305,0,2,0,0,0,0,0,0,0,0,0
16780253,3306,0,2,0,0,0,0,0,0,0,0,0
16783897,3307,0,2,0,0,0,0,0,0,0,0,0
16787541,3308,0,2,0,0,0,0,0,0,0,0,0
16791185,3309,0,2,0,0,0,0,0,0,0,0,0
16794829,3310,0,2,0,0,0,0,0,0,0,0,0
16798474,3311,0,2,0,0,0,0,0,0,0,0,0
16802117,3312,0,2,0,0,0,0,0,0,0,0,0
16805761,3313,0,2,0,0,0,0,0,0,0,0,0
16809405,3314,0,2,0,0,0,0,0,0,0,0,0
16813049,3315,0,2,0,0,0,0,0,0,0,0,0
16816693,3316,0,2,0,0,0,0,0,0,0,0,0
16820338,3317,0,2,0,0,0,0,0,0,0,0,0
16823981,3318,0,2,0,0,0,0,0,0,0,0,0
16827625,3319,0,2,0,0,0,0,0,0,0,0,0
16831269,3320,0,2,0,0,0,0,0,0,0,0,0
16834914,3321,0,2,0,0,0,0,0,0,0,0,0
16838557,3322,0,2,0,0,0,0,0,0,0,0,0
16842202,3323,0,2,0,0,0,0,0,0,0,0,0
16845845,3324,0,2,0,0,0,0,0,0,0,0,0
16849489,3325,0,2,0,0,0,0,0,0,0,0,0
16853133,3326,0,2,0,0,0,0,0,0,0,0,0
16856777,3327,0,2,0,0,0,0,0,0,0,0,0
16860421,3328,0,2,0,0,0,0,0,0,0,0,0
16864065,3329,0,2,0,0,0,0,0,0,0,0,0
16867709,3330,0,2,0,0,0,0,0,0,0,0,0
16871354,3331,0,2,0,0,0,0,0,0,0,0,0
16874997,3332,0,2,0,0,0,0,0,0,0,0,0
16878641,3333,0,2,0,0,0,0,0,0,0,0,0
16882285,3334,0,2,0,0,0,0,0,0,0,0,0
16885929,3335,0,2,0,0,0,0,0,0,0,0,0
16889573,3336,0,2,0,0,0,0,0,0,0,0,0
16893217,3337,0,2,0,0,0,0,0,0,0,0,0
16896861,3338,0,2,0,0,0,0,0,0,0,0,0
16900505,3339,0,2,0,0,0,0,0,0,0,0,0
16904149,3340,0,2,0,0,0,0,0,0,0,0,0
16907794,3341,0,2,0,0,0,0,0,0,0,0,0
16911437,3342,0,2,0,0,0,0,0,0,0,0,0
16915081,3343,0,2,0,0,0,0,0,0,0,0,0
16918725,3344,0,2,0,0,0,0,0,0,0,0,0
16922369,3345,0,2,0,0,0,0,0,0,0,0,0
16926013,3346,0,2,0,0,0,0,0,0,0,0,0
16929657,3347,0,2,0,0,0,0,0,0,0,0,0
16933301,3348,0,2,0,0,0,0,0,0,0,0,0
16936945,3349,0,2,0,0,0,0,0,0,0,0,0
16940589,3350,0,2,0,0,0,0,0,0,0,0,0
16944234,3351,0,2,0,0,0,0,0,0,0,0,0
16947877,3352,0,2,0,0,0,0,0,0,0,0,0
16951521,3353,0,2,0,0,0,0,0,0,0,0,0
16955165,3354,0,2,0,0,0,0,0,0,0,0,0
16958809,3355,0,2,0,0,0,0,0,0,0,0,0
16962453,3356,0,2,0,0,0,0,0,0,0,0,0
16966098,3357,0,2,0,0,0,0,0,0,0,0,0
16969741,3358,0,2,0,0,0,0,0,0,0,0,0
16973386,3359,0,2,0,0,0,0,0,0,0,0,0
16977029,3360,0,2,0,0,0,0,0,0,0,0,0
16980674,3361,0,2,0,0,0,0,0,0,0,0,0
16984317,3362,0,2,0,0,0,0,0,0,0,0,0
16987961,3363,0,2,0,0,0,0,0,0,0,0,0
16991605,3364,0,2,0,0,0,0,0,0,0,0,0
16995249,3365,0,2,0,0,0,0,0,0,0,0,0
16998893,3366,0,2,0,0,0,0,0,0,0,0,0
17002537,3367,0,2,0,0,0,0,0,0,0,0,0
17006182,3368,0,2,0,0,0,0,0,0,0,0,0
17009825,3369,0,2,0,0,0,0,0,0,0,0,0
17013469,3370,0,2,0,0,0,0,0,0,0,0,0
17017114,3371,0,2,0,0,0,0,0,0,0,0,0
17020757,3372,0,2,0,0,0,0,0,0,0,0,0
17024401,3373,0,2,0,0,0,0,0,0,0,0,0
17028045,3374,0,2,0,0,0,0,0,0,0,0,0
17031689,3375,0,2,0,0,0,0,0,0,0,0,0
17035334,3376,0,2,0,0,0,0,0,0,0,0,0
17038977,3377,0,2,0,0,0,0,0,0,0,0,0
17042621,3378,0,2,0,0,0,0,0,0,0,0,0
17046265,3379,0,2,0,0,0,0,0,0,0,0,0
17049909,3380,0,2,0,0,0,0,0,0,0,0,0
17053554,3381,0,2,0,0,0,0,0,0,0,0,0
17057197,3382,0,2,0,0,0,0,0,0,0,0,0
17060841,3383,0,2,0,0,0,0,0,0,0,0,0
17064485,3384,0,2,0,0,0,0,0,0,0,0,0
17068130,3385,0,2,0,0,0,0,0,0,0,0,0
17071773,3386,0,2,0,0,0,0,0,0,0,0,0
17075417,3387,0,2,0,0,0,0,0,0,0,0,0
17079061,3388,0,2,0,0,0,0,0,0,0,0,0
17082705,3389,0,2,0,0,0,0,0,0,0,0,0
17086349,3390,0,2,0,0,0,0,0,0,0,0,0
17089994,3391,0,2,0,0,0,0,0,0,0,0,0
17093637,3392,0,2,0,0,0,0,0,0,0,0,0
17097282,3393,0,2,0,0,0,0,0,0,0,0,0
17100925,3394,0,2,0,0,0,0,0,0,0,0,0
17104569,3395,0,2,0,0,0,0,0,0,0,0,0
17108213,3396,0,2,0,0,0,0,0,0,0,0,0
17111857,3397,0,2,0,0,0,0,0,0,0,0,0
17115501,3398,0,2,0,0,0,0,0,0,0,0,0
17119146,3399,0,2,0,0,0,0,0,0,0,0,0
17122789,3400,0,2,0,0,0,0,0,0,0,0,0
17126434,3401,0,2,0,0,0,0,0,0,0,0,0
17130077,3402,0,2,0,0,0,0,0,0,0,0,0
17133721,3403,0,2,0,0,0,0,0,0,0,0,0
17137365,3404,0,2,0,0,0,0,0,0,0,0,0
17141009,3405,0,2,0,0,0,0,0,0,0,0,0
17149142,3406,0,2,0,0,0,0,0,0,0,0,0
17152774,3407,0,2,0,0,0,0,0,0,0,0,0
17156418,3408,0,2,0,0,0,0,0,0,0,0,0
17160063,3409,0,2,0,0,0,0,0,0,0,0,0
17163706,3410,0,2,0,0,0,0,0,0,0,0,0
17167351,3411,0,2,0,0,0,0,0,0,0,0,0
17170994,3412,0,2,0,0,0,0,0,0,0,0,0
17174638,3413,0,2,0,0,0,0,0,0,0,0,0
17178282,3414,0,2,0,0,0,0,0,0,0,0,0
17181926,3415,0,2,0,0,0,0,0,0,0,0,0
17185570,3416,0,2,0,0,0,0,0,0,0,0,0
17189214,3417,0,2,0,0,0,0,0,0,0,0,0
17192858,3418,0,2,0,0,0,0,0,0,0,0,0
17196502,3419,0,2,0,0,0,0,0,0,0,0,0
17200147,3420,0,2,0,0,0,0,0,0,0,0,0
17203791,3421,0,2,0,0,0,0,0,0,0,0,0
17207434,3422,0,2,0,0,0,0,0,0,0,0,0
17211079,3423,0,2,0,0,0,0,0,0,0,0,0
17214722,3424,0,2,0,0,0,0,0,0,0,0,0
17218367,3425,0,2,0,0,0,0,0,0,0,0,0
17222010,3426,0,2,0,0,0,0,0,0,0,0,0
17225654,3427,0,2,0,0,0,0,0,0,0,0,0
17229299,3428,0,2,0,0,0,0,0,0,0,0,0
17232942,3429,0,2,0,0,0,0,0,0,0,0,0
17236586,3430,0,2,0,0,0,0,0,0,0,0,0
17240231,3431,0,2,0,0,0,0,0,0,0,0,0
17243874,3432,0,2,0,0,0,0,0,0,0,0,0
17247518,3433,0,2,0,0,0,0,0,0,0,0,0
17251162,3434,0,2,0,0,0,0,0,0,0,0,0
17254806,3435,0,2,0,0,0,0,0,0,0,0,0
17258450,3436,0,2,0,0,0,0,0,0,0,0,0
17262095,3437,0,2,0,0,0,0,0,0,0,0,0
17265738,3438,0,2,0,0,0,0,0,0,0,0,0
17269382,3439,0,2,0,0,0,0,0,0,0,0,0
17273026,3440,0,2,0,0,0,0,0,0,0,0,0
17276671,3441,0,2,0,0,0,0,0,0,0,0,0
17280315,3442,0,2,0,0,0,0,0,0,0,0,0
17283958,3443,0,2,0,0,0,0,0,0,0,0,0
17287602,3444,0,2,0,0,0,0,0,0,0,0,0
17291247,3445,0,2,0,0,0,0,0,0,0,0,0
17294890,3446,0,2,0,0,0,0,0,0,0,0,0
17298534,3447,0,2,0,0,0,0,0,0,0,0,0
17302178,3448,0,2,0,0,0,0,0,0,0,0,0
17305822,3449,0,2,0,0,0,0,0,0,0,0,0
17309466,3450,0,2,0,0,0,0,0,0,0,0,0
17313111,3451,0,2,0,0,0,0,0,0,0,0,0
17316754,3452,0,2,0,0,0,0,0,0,0,0,0
17320398,3453,0,2,0,0,0,0,0,0,0,0,0
17324042,3454,0,2,0,0,0,0,0,0,0,0,0
17327686,3455,0,2,0,0,0,0,0,0,0,0,0
17331330,3456,0,2,0,0,0,0,0,0,0,0,0
17334974,3457,0,2,0,0,0,0,0,0,0,0,0
17338618,3458,0,2,0,0,0,0,0,0,0,0,0
17342262,3459,0,2,0,0,0,0,0,0,0,0,0
17345906,3460,0,2,0,0,0,0,0,0,0,0,0
17349551,3461,0,2,0,0,0,0,0,0,0,0,0
17353194,3462,0,2,0,0,0,0,0,0,0,0,0
17356838,3463,0,2,0,0,0,0,0,0,0,0,0
17360482,3464,0,2,0,0,0,0,0,0,0,0,0
17364127,3465,0,2,0,0,0,0,0,0,0,0,0
17367770,3466,0,2,0,0,0,0,0,0,0,0,0
17371414,3467,0,2,0,0,0,0,0,0,0,0,0
17375058,3468,0,2,0,0,0,0,0,0,0,0,0
17378702,3469,0,2,0,0,0,0,0,0,0,0,0
17382346,3470,0,2,0,0,0,0,0,0,0,0,0
17385991,3471,0,2,0,0,0,0,0,0,0,0,0
17389634,3472,0,2,0,0,0,0,0,0,0,0,0
17393278,3473,0,2,0,0,0,0,0,0,0,0,0
17396922,3474,0,2,0,0,0,0,0,0,0,0,0
17400566,3475,0,2,0,0,0,0,0,0,0,0,0
17404211,3476,0,2,0,0,0,0,0,0,0,0,0
17407854,3477,0,2,0,0,0,0,0,0,0,0,0
17411498,3478,0,2,0,0,0,0,0,0,0,0,0
17415142,3479,0,2,0,0,0,0,0,0,0,0,0
17418786,3480,0,2,0,0,0,0,0,0,0,0,0
17422431,3481,0,2,0,0,0,0,0,0,0,0,0
17426074,3482,0,2,0,0,0,0,0,0,0,0,0
17429718,3483,0,2,0,0,0,0,0,0,0,0,0
17433362,3484,0,2,0,0,0,0,0,0,0,0,0
17437006,3485,0,2,0,0,0,0,0,0,0,0,0
17440650,3486,0,2,0,0,0,0,0,0,0,0,0
17444295,3487,0,2,0,0,0,0,0,0,0,0,0
17447938,3488,0,2,0,0,0,0,0,0,0,0,0
17451582,3489,0,2,0,0,0,0,0,0,0,0,0
17455227,3490,0,2,0,0,0,0,0,0,0,0,0
17458871,3491,0,2,0,0,0,0,0,0,0,0,0
17462514,3492,0,2,0,0,0,0,0,0,0,0,0
17466158,3493,0,2,0,0,0,0,0,0,0,0,0
17469802,3494,0,2,0,0,0,0,0,0,0,0,0
17473446,3495,0,2,0,0,0,0,0,0,0,0,0
17477090,3496,0,2,0,0,0,0,0,0,0,0,0
17480734,3497,0,2,0,0,0,0,0,0,0,0,0
17484378,3498,0,2,0,0,0,0,0,0,0,0,0
17488023,3499,0,2,0,0,0,0,0,0,0,0,0
17491666,3500,0,2,0,0,0,0,0,0,0,0,0
17495311,3501,0,2,0,0,0,0,0,0,0,0,0
17498954,3502,0,2,0,0,0,0,0,0,0,0,0
17502598,3503,0,2,0,0,0,0,0,0,0,0,0
17506243,3504,0,2,0,0,0,0,0,0,0,0,0
17509886,3505,0,2,0,0,0,0,0,0,0,0,0
17513530,3506,0,2,0,0,0,0,0,0,0,0,0
17517174,3507,0,2,0,0,0,0,0,0,0,0,0
17520818,3508,0,2,0,0,0,0,0,0,0,0,0
17524462,3509,0,2,0,0,0,0,0,0,0,0,0
17528107,3510,0,2,0,0,0,0,0,0,0,0,0
17531751,3511,0,2,0,0,0,0,0,0,0,0,0
17535394,3512,0,2,0,0,0,0,0,0,0,0,0
17539038,3513,0,2,0,0,0,0,0,0,0,0,0
17542682,3514,0,2,0,0,0,0,0,0,0,0,0
17546327,3515,0,2,0,0,0,0,0,0,0,0,0
17549970,3516,0,2,0,0,0,0,0,0,0,0,0
17553614,3517,0,2,0,0,0,0,0,0,0,0,0
17557258,3518,0,2,0,0,0,0,0,0,0,0,0
17560902,3519,0,2,0,0,0,0,0,0,0,0,0
17564546,3520,0,2,0,0,0,0,0,0,0,0,0
17568191,3521,0,2,0,0,0,0,0,0,0,0,0
17571834,3522,0,2,0,0,0,0,0,0,0,0,0
17575478,3523,0,2,0,0,0,0,0,0,0,0,0
17579123,3524,0,2,0,0,0,0,0,0,0,0,0
17582766,3525,0,2,0,0,0,0,0,0,0,0,0
17586410,3526,0,2,0,0,0,0,0,0,0,0,0
17590055,3527,0,2,0,0,0,0,0,0,0,0,0
17593698,3528,0,2,0,0,0,0,0,0,0,0,0
17597343,3529,0,2,0,0,0,0,0,0,0,0,0
17600986,3530,0,2,0,0,0,0,0,0,0,0,0
17604631,3531,0,2,0,0,0,0,0,0,0,0,0
17608274,3532,0,2,0,0,0,0,0,0,0,0,0
17611918,3533,0,2,0,0,0,0,0,0,0,0,0
17615562,3534,0,2,0,0,0,0,0,0,0,0,0
17619206,3535,0,2,0,0,0,0,0,0,0,0,0
17622850,3536,0,2,0,0,0,0,0,0,0,0,0
17626494,3537,0,2,0,0,0,0,0,0,0,0,0
17630139,3538,0,2,0,0,0,0,0,0,0,0,0
17633782,3539,0,2,0,0,0,0,0,0,0,0,0
17637426,3540,0,2,0,0,0,0,0,0,0,0,0
17641071,3541,0,2,0,0,0,0,0,0,0,0,0
17644714,3542,0,2,0,0,0,0,0,0,0,0,0
17648358,3543,0,2,0,0,0,0,0,0,0,0,0
17652002,3544,0,2,0,0,0,0,0,0,0,0,0
17655646,3545,0,2,0,0,0,0,0,0,0,0,0
17659290,3546,0,2,0,0,0,0,0,0,0,0,0
17662934,3547,0,2,0,0,0,0,0,0,0,0,0
17666578,3548,0,2,0,0,0,0,0,0,0,0,0
17670222,3549,0,2,0,0,0,0,0,0,0,0,0
17673866,3550,0,2,0,0,0,0,0,0,0,0,0
17677511,3551,0,2,0,0,0,0,0,0,0,0,0
17681154,3552,0,2,0,0,0,0,0,0,0,0,0
17684798,3553,0,2,0,0,0,0,0,0,0,0,0
17688442,3554,0,2,0,0,0,0,0,0,0,0,0
17692086,3555,0,2,0,0,0,0,0,0,0,0,0
17695730,3556,0,2,0,0,0,0,0,0,0,0,0
17699374,3557,0,2,0,0,0,0,0,0,0,0,0
17703018,3558,0,2,0,0,0,0,0,0,0,0,0
17706662,3559,0,2,0,0,0,0,0,0,0,0,0
17710307,3560,0,2,0,0,0,0,0,0,0,0,0
17713951,3561,0,2,0,0,0,0,0,0,0,0,0
17717594,3562,0,2,0,0,0,0,0,0,0,0,0
17721238,3563,0,2,0,0,0,0,0,0,0,0,0
17724882,3564,0,2,0,0,0,0,0,0,0,0,0
17728526,3565,0,2,0,0,0,0,0,0,0,0,0
17732171,3566,0,2,0,0,0,0,0,0,0,0,0
17735814,3567,0,2,0,0,0,0,0,0,0,0,0
17739458,3568,0,2,0,0,0,0,0,0,0,0,0
17743103,3569,0,2,0,0,0,0,0,0,0,0,0
17746746,3570,0,2,0,0,0,0,0,0,0,0,0
17750391,3571,0,2,0,0,0,0,0,0,0,0,0
17754034,3572,0,2,0,0,0,0,0,0,0,0,0
17757678,3573,0,2,0,0,0,0,0,0,0,0,0
17761322,3574,0,2,0,0,0,0,0,0,0,0,0
17764966,3575,0,2,0,0,0,0,0,0,0,0,0
17768610,3576,0,2,0,0,0,0,0,0,0,0,0
17772255,3577,0,2,0,0,0,0,0,0,0,0,0
17775898,3578,0,2,0,0,0,0,0,0,0,0,0
17779542,3579,0,2,0,0,0,0,0,0,0,0,0
17783187,3580,0,2,0,0,0,0,0,0,0,0,0
17786831,3581,0,2,0,0,0,0,0,0,0,0,0
17790474,3582,0,2,0,0,0,0,0,0,0,0,0
17794118,3583,0,2,0,0,0,0,0,0,0,0,0
17797762,3584,0,2,0,0,0,0,0,0,0,0,0
17801406,3585,0,2,0,0,0,0,0,0,0,0,0
17805050,3586,0,2,0,0,0,0,0,0,0,0,0
17808694,3587,0,2,0,0,0,0,0,0,0,0,0
17812339,3588,0,2,0,0,0,0,0,0,0,0,0
17815982,3589,0,2,0,0,0,0,0,0,0,0,0
17819626,3590,0,2,0,0,0,0,0,0,0,0,0
17823271,3591,0,2,0,0,0,0,0,0,0,0,0
17826914,3592,0,2,0,0,0,0,0,0,0,0,0
17830558,3593,0,2,0,0,0,0,0,0,0,0,0
17834202,3594,0,2,0,0,0,0,0,0,0,0,0
17837846,3595,0,2,0,0,0,0,0,0,0,0,0
17841490,3596,0,2,0,0,0,0,0,0,0,0,0
17845135,3597,0,2,0,0,0,0,0,0,0,0,0
17848778,3598,0,2,0,0,0,0,0,0,0,0,0
17852422,3599,0,2,0,0,0,0,0,0,0,0,0
17856067,3600,0,2,0,0,0,0,0,0,0,0,0
17859711,3601,0,2,0,0,0,0,0,0,0,0,0
17863355,3602,0,2,0,0,0,0,0,0,0,0,0
17866998,3603,0,2,0,0,0,0,0,0,0,0,0
17870642,3604,0,2,0,0,0,0,0,0,0,0,0
17874286,3605,0,2,0,0,0,0,0,0,0,0,0
17877930,3606,0,2,0,0,0,0,0,0,0,0,0
17881574,3607,0,2,0,0,0,0,0,0,0,0,0
17885218,3608,0,2,0,0,0,0,0,0,0,0,0
17888862,3609,0,2,0,0,0,0,0,0,0,0,0
17892506,3610,0,2,0,0,0,0,0,0,0,0,0
17896151,3611,0,2,0,0,0,0,0,0,0,0,0
17899794,3612,0,2,0,0,0,0,0,0,0,0,0
17903438,3613,0,2,0,0,0,0,0,0,0,0,0
17907083,3614,0,2,0,0,0,0,0,0,0,0,0
17910726,3615,0,2,0,0,0,0,0,0,0,0,0
17914370,3616,0,2,0,0,0,0,0,0,0,0,0
17918014,3617,0,2,0,0,0,0,0,0,0,0,0
17921658,3618,0,2,0,0,0,0,0,0,0,0,0
17925303,3619,0,2,0,0,0,0,0,0,0,0,0
17928946,3620,0,2,0,0,0,0,0,0,0,0,0
17932591,3621,0,2,0,0,0,0,0,0,0,0,0
17936235,3622,0,2,0,0,0,0,0,0,0,0,0
17939878,3623,0,2,0,0,0,0,0,0,0,0,0
17943522,3624,0,2,0,0,0,0,0,0,0,0,0
17947166,3625,0,2,0,0,0,0,0,0,0,0,0
17950810,3626,0,2,0,0,0,0,0,0,0,0,0
17954454,3627,0,2,0,0,0,0,0,0,0,0,0
17958099,3628,0,2,0,0,0,0,0,0,0,0,0
17961742,3629,0,2,0,0,0,0,0,0,0,0,0
17965386,3630,0,2,0,0,0,0,0,0,0,0,0
17969031,3631,0,2,0,0,0,0,0,0,0,0,0
17972674,3632,0,2,0,0,0,0,0,0,0,0,0
17982771,3633,0,2,0,0,0,0,0,0,0,0,0
17986402,3634,0,2,0,0,0,0,0,0,0,0,0
17990046,3635,0,2,0,0,0,0,0,0,0,0,0
17993690,3636,0,2,0,0,0,0,0,0,0,0,0
17997334,3637,0,2,0,0,0,0,0,0,0,0,0
18000978,3638,0,2,0,0,0,0,0,0,0,0,0
18004622,3639,0,2,0,0,0,0,0,0,0,0,0
18008266,3640,0,2,0,0,0,0,0,0,0,0,0
18011911,3641,0,2,0,0,0,0,0,0,0,0,0
18015554,3642,0,2,0,0,0,0,0,0,0,0,0
18019199,3643,0,2,0,0,0,0,0,0,0,0,0
18022842,3644,0,2,0,0,0,0,0,0,0,0,0
18026486,3645,0,2,0,0,0,0,0,0,0,0,0
18030131,3646,0,2,0,0,0,0,0,0,0,0,0
18033774,3647,0,2,0,0,0,0,0,0,0,0,0
18037418,3648,0,2,0,0,0,0,0,0,0,0,0
18041062,3649,0,2,0,0,0,0,0,0,0,0,0
18044706,3650,0,2,0,0,0,0,0,0,0,0,0
18048351,3651,0,2,0,0,0,0,0,0,0,0,0
18051994,3652,0,2,0,0,0,0,0,0,0,0,0
18055638,3653,0,2,0,0,0,0,0,0,0,0,0
18059282,3654,0,2,0,0,0,0,0,0,0,0,0
18062926,3655,0,2,0,0,0,0,0,0,0,0,0
18066570,3656,0,2,0,0,0,0,0,0,0,0,0
18070214,3657,0,2,0,0,0,0,0,0,0,0,0
18073858,3658,0,2,0,0,0,0,0,0,0,0,0
18077502,3659,0,2,0,0,0,0,0,0,0,0,0
18081147,3660,0,2,0,0,0,0,0,0,0,0,0
18084791,3661,0,2,0,0,0,0,0,0,0,0,0
18088434,3662,0,2,0,0,0,0,0,0,0,0,0
18092079,3663,0,2,0,0,0,0,0,0,0,0,0
18095722,3664,0,2,0,0,0,0,0,0,0,0,0
18099367,3665,0,2,0,0,0,0,0,0,0,0,0
18103010,3666,0,2,0,0,0,0,0,0,0,0,0
18106654,3667,0,2,0,0,0,0,0,0,0,0,0
18110299,3668,0,2,0,0,0,0,0,0,0,0,0
18113942,3669,0,2,0,0,0,0,0,0,0,0,0
18117586,3670,0,2,0,0,0,0,0,0,0,0,0
18121231,3671,0,2,0,0,0,0,0,0,0,0,0
18124874,3672,0,2,0,0,0,0,0,0,0,0,0
18128518,3673,0,2,0,0,0,0,0,0,0,0,0
18132162,3674,0,2,0,0,0,0,0,0,0,0,0
18135806,3675,0,2,0,0,0,0,0,0,0,0,0
18139450,3676,0,2,0,0,0,0,0,0,0,0,0
18143095,3677,0,2,0,0,0,0,0,0,0,0,0
18146738,3678,0,2,0,0,0,0,0,0,0,0,0
18150382,3679,0,2,0,0,0,0,0,0,0,0,0
18154026,3680,0,2,0,0,0,0,0,0,0,0,0
18157671,3681,0,2,0,0,0,0,0,0,0,0,0
18161315,3682,0,2,0,0,0,0,0,0,0,0,0
18164958,3683,0,2,0,0,0,0,0,0,0,0,0
18168602,3684,0,2,0,0,0,0,0,0,0,0,0
18172247,3685,0,2,0,0,0,0,0,0,0,0,0
18175890,3686,0,2,0,0,0,0,0,0,0,0,0
18179534,3687,0,2,0,0,0,0,0,0,0,0,0
18183178,3688,0,2,0,0,0,0,0,0,0,0,0
18186822,3689,0,2,0,0,0,0,0,0,0,0,0
18190466,3690,0,2,0,0,0,0,0,0,0,0,0
18194111,3691,0,2,0,0,0,0,0,0,0,0,0
18197754,3692,0,2,0,0,0,0,0,0,0,0,0
18201398,3693,0,2,0,0,0,0,0,0,0,0,0
18205042,3694,0,2,0,0,0,0,0,0,0,0,0
18208686,3695,0,2,0,0,0,0,0,0,0,0,0
18212330,3696,0,2,0,0,0,0,0,0,0,0,0
18215974,3697,0,2,0,0,0,0,0,0,0,0,0
18219618,3698,0,2,0,0,0,0,0,0,0,0,0
18223262,3699,0,2,0,0,0,0,0,0,0,0,0
18226906,3700,0,2,0,0,0,0,0,0,0,0,0
18230551,3701,0,2,0,0,0,0,0,0,0,0,0
18234194,3702,0,2,0,0,0,0,0,0,0,0,0
18237838,3703,0,2,0,0,0,0,0,0,0,0,0
18241482,3704,0,2,0,0,0,0,0,0,0,0,0
18245127,3705,0,2,0,0,0,0,0,0,0,0,0
18248770,3706,0,2,0,0,0,0,0,0,0,0,0
18252414,3707,0,2,0,0,0,0,0,0,0,0,0
18256058,3708,0,2,0,0,0,0,0,0,0,0,0
18259702,3709,0,2,0,0,0,0,0,0,0,0,0
18263346,3710,0,2,0,0,0,0,0,0,0,0,0
18266991,3711,0,2,0,0,0,0,0,0,0,0,0
18270634,3712,0,2,0,0,0,0,0,0,0,0,0
18274278,3713,0,2,0,0,0,0,0,0,0,0,0
18277922,3714,0,2,0,0,0,0,0,0,0,0,0
18281566,3715,0,2,0,0,0,0,0,0,0,0,0
18285211,3716,0,2,0,0,0,0,0,0,0,0,0
18288854,3717,0,2,0,0,0,0,0,0,0,0,0
18292498,3718,0,2,0,0,0,0,0,0,0,0,0
18296142,3719,0,2,0,0,0,0,0,0,0,0,0
18299786,3720,0,2,0,0,0,0,0,0,0,0,0
18303431,3721,0,2,0,0,0,0,0,0,0,0,0
18307074,3722,0,2,0,0,0,0,0,0,0,0,0
18310718,3723,0,2,0,0,0,0,0,0,0,0,0
18314362,3724,0,2,0,0,0,0,0,0,0,0,0
18318006,3725,0,2,0,0,0,0,0,0,0,0,0
18321650,3726,0,2,0,0,0,0,0,0,0,0,0
18325295,3727,0,2,0,0,0,0,0,0,0,0,0
18328938,3728,0,2,0,0,0,0,0,0,0,0,0
18332582,3729,0,2,0,0,0,0,0,0,0,0,0
18336227,3730,0,2,0,0,0,0,0,0,0,0,0
18339871,3731,0,2,0,0,0,0,0,0,0,0,0
18343514,3732,0,2,0,0,0,0,0,0,0,0,0
18347158,3733,0,2,0,0,0,0,0,0,0,0,0
18350802,3734,0,2,0,0,0,0,0,0,0,0,0
18354446,3735,0,2,0,0,0,0,0,0,0,0,0
18358090,3736,0,2,0,0,0,0,0,0,0,0,0
18361734,3737,0,2,0,0,0,0,0,0,0,0,0
18365378,3738,0,2,0,0,0,0,0,0,0,0,0
18369023,3739,0,2,0,0,0,0,0,0,0,0,0
18372666,3740,0,2,0,0,0,0,0,0,0,0,0
18376311,3741,0,2,0,0,0,0,0,0,0,0,0
18379954,3742,0,2,0,0,0,0,0,0,0,0,0
18383598,3743,0,2,0,0,0,0,0,0,0,0,0
18387243,3744,0,2,0,0,0,0,0,0,0,0,0
18390886,3745,0,2,0,0,0,0,0,0,0,0,0
18394530,3746,0,2,0,0,0,0,0,0,0,0,0
18398174,3747,0,2,0,0,0,0,0,0,0,0,0
18401818,3748,0,2,0,0,0,0,0,0,0,0,0
18405462,3749,0,2,0,0,0,0,0,0,0,0,0
18409107,3750,0,2,0,0,0,0,0,0,0,0,0
18412751,3751,0,2,0,0,0,0,0,0,0,0,0
18416394,3752,0,2,0,0,0,0,0,0,0,0,0
18420038,3753,0,2,0,0,0,0,0,0,0,0,0
18423682,3754,0,2,0,0,0,0,0,0,0,0,0
18427327,3755,0,2,0,0,0,0,0,0,0,0,0
18430970,3756,0,2,0,0,0,0,0,0,0,0,0
18434614,3757,0,2,0,0,0,0,0,0,0,0,0
18438258,3758,0,2,0,0,0,0,0,0,0,0,0
18441902,3759,0,2,0,0,0,0,0,0,0,0,0
18445546,3760,0,2,0,0,0,0,0,0,0,0,0
18449191,3761,0,2,0,0,0,0,0,0,0,0,0
18452834,3762,0,2,0,0,0,0,0,0,0,0,0
18456478,3763,0,2,0,0,0,0,0,0,0,0,0
18460123,3764,0,2,0,0,0,0,0,0,0,0,0
18463766,3765,0,2,0,0,0,0,0,0,0,0,0
18467410,3766,0,2,0,0,0,0,0,0,0,0,0
18471055,3767,0,2,0,0,0,0,0,0,0,0,0
18474698,3768,0,2,0,0,0,0,0,0,0,0,0
18478343,3769,0,2,0,0,0,0,0,0,0,0,0
18481986,3770,0,2,0,0,0,0,0,0,0,0,0
18485631,3771,0,2,0,0,0,0,0,0,0,0,0
18489274,3772,0,2,0,0,0,0,0,0,0,0,0
18492918,3773,0,2,0,0,0,0,0,0,0,0,0
18496562,3774,0,2,0,0,0,0,0,0,0,0,0
18500206,3775,0,2,0,0,0,0,0,0,0,0,0
18503850,3776,0,2,0,0,0,0,0,0,0,0,0
18507494,3777,0,2,0,0,0,0,0,0,0,0,0
18511139,3778,0,2,0,0,0,0,0,0,0,0,0
18514782,3779,0,2,0,0,0,0,0,0,0,0,0
18518426,3780,0,2,0,0,0,0,0,0,0,0,0
18522071,3781,0,2,0,0,0,0,0,0,0,0,0
18525714,3782,0,2,0,0,0,0,0,0,0,0,0
18529358,3783,0,2,0,0,0,0,0,0,0,0,0
18533002,3784,0,2,0,0,0,0,0,0,0,0,0
18536646,3785,0,2,0,0,0,0,0,0,0,0,0
18540290,3786,0,2,0,0,0,0,0,0,0,0,0
18543934,3787,0,2,0,0,0,0,0,0,0,0,0
18547578,3788,0,2,0,0,0,0,0,0,0,0,0
18551222,3789,0,2,0,0,0,0,0,0,0,0,0
18554866,3790,0,2,0,0,0,0,0,0,0,0,0
18558511,3791,0,2,0,0,0,0,0,0,0,0,0
18562154,3792,0,2,0,0,0,0,0,0,0,0,0
18565798,3793,0,2,0,0,0,0,0,0,0,0,0
18569442,3794,0,2,0,0,0,0,0,0,0,0,0
18573086,3795,0,2,0,0,0,0,0,0,0,0,0
18576730,3796,0,2,0,0,0,0,0,0,0,0,0
18580374,3797,0,2,0,0,0,0,0,0,0,0,0
18584018,3798,0,2,0,0,0,0,0,0,0,0,0
18587662,3799,0,2,0,0,0,0,0,0,0,0,0
18591307,3800,0,2,0,0,0,0,0,0,0,0,0
18594951,3801,0,2,0,0,0,0,0,0,0,0,0
18598594,3802,0,2,0,0,0,0,0,0,0,0,0
18602238,3803,0,2,0,0,0,0,0,0,0,0,0
18605882,3804,0,2,0,0,0,0,0,0,0,0,0
18609526,3805,0,2,0,0,0,0,0,0,0,0,0
18613171,3806,0,2,0,0,0,0,0,0,0,0,0
18616814,3807,0,2,0,0,0,0,0,0,0,0,0
18620458,3808,0,2,0,0,0,0,0,0,0,0,0
18624103,3809,0,2,0,0,0,0,0,0,0,0,0
18627746,3810,0,2,0,0,0,0,0,0,0,0,0
18631391,3811,0,2,0,0,0,0,0,0,0,0,0
18635034,3812,0,2,0,0,0,0,0,0,0,0,0
18638678,3813,0,2,0,0,0,0,0,0,0,0,0
18642322,3814,0,2,0,0,0,0,0,0,0,0,0
18645966,3815,0,2,0,0,0,0,0,0,0,0,0
18649610,3816,0,2,0,0,0,0,0,0,0,0,0
18653255,3817,0,2,0,0,0,0,0,0,0,0,0
18656898,3818,0,2,0,0,0,0,0,0,0,0,0
18660542,3819,0,2,0,0,0,0,0,0,0,0,0
18664187,3820,0,2,0,0,0,0,0,0,0,0,0
18667831,3821,0,2,0,0,0,0,0,0,0,0,0
18671474,3822,0,2,0,0,0,0,0,0,0,0,0
18675118,3823,0,2,0,0,0,0,0,0,0,0,0
18678762,3824,0,2,0,0,0,0,0,0,0,0,0
18682406,3825,0,2,0,0,0,0,0,0,0,0,0
18686050,3826,0,2,0,0,0,0,0,0,0,0,0
18689694,3827,0,2,0,0,0,0,0,0,0,0,0
18693339,3828,0,2,0,0,0,0,0,0,0,0,0
18696982,3829,0,2,0,0,0,0,0,0,0,0,0
18700626,3830,0,2,0,0,0,0,0,0,0,0,0
18704271,3831,0,2,0,0,0,0,0,0,0,0,0
18707914,3832,0,2,0,0,0,0,0,0,0,0,0
18711558,3833,0,2,0,0,0,0,0,0,0,0,0
18715202,3834,0,2,0,0,0,0,0,0,0,0,0
18718846,3835,0,2,0,0,0,0,0,0,0,0,0
18722490,3836,0,2,0,0,0,0,0,0,0,0,0
18726135,3837,0,2,0,0,0,0,0,0,0,0,0
18729778,3838,0,2,0,0,0,0,0,0,0,0,0
18733422,3839,0,2,0,0,0,0,0,0,0,0,0
18737067,3840,0,2,0,0,0,0,0,0,0,0,0
18740711,3841,0,2,0,0,0,0,0,0,0,0,0
18744355,3842,0,2,0,0,0,0,0,0,0,0,0
18747998,3843,0,2,0,0,0,0,0,0,0,0,0
18751642,3844,0,2,0,0,0,0,0,0,0,0,0
18755286,3845,0,2,0,0,0,0,0,0,0,0,0
18758930,3846,0,2,0,0,0,0,0,0,0,0,0
18762574,3847,0,2,0,0,0,0,0,0,0,0,0
18766218,3848,0,2,0,0,0,0,0,0,0,0,0
18769862,3849,0,2,0,0,0,0,0,0,0,0,0
18773506,3850,0,2,0,0,0,0,0,0,0,0,0
18777151,3851,0,2,0,0,0,0,0,0,0,0,0
18780794,3852,0,2,0,0,0,0,0,0,0,0,0
18784438,3853,0,2,0,0,0,0,0,0,0,0,0
18788083,3854,0,2,0,0,0,0,0,0,0,0,0
18791726,3855,0,2,0,0,0,0,0,0,0,0,0
18795370,3856,0,2,0,0,0,0,0,0,0,0,0
18799014,3857,0,2,0,0,0,0,0,0,0,0,0
18802658,3858,0,2,0,0,0,0,0,0,0,0,0
18806303,3859,0,2,0,0,0,0,0,0,0,0,0
18814818,3860,0,2,0,0,0,0,0,0,0,0,0
18818451,3861,0,2,0,0,0,0,0,0,0,0,0
18822094,3862,0,2,0,0,0,0,0,0,0,0,0
18825738,3863,0,2,0,0,0,0,0,0,0,0,0
18829383,3864,0,2,0,0,0,0,0,0,0,0,0
18833026,3865,0,2,0,0,0,0,0,0,0,0,0
18836670,3866,0,2,0,0,0,0,0,0,0,0,0
18840315,3867,0,2,0,0,0,0,0,0,0,0,0
18843958,3868,0,2,0,0,0,0,0,0,0,0,0
18847602,3869,0,2,0,0,0,0,0,0,0,0,0
18851246,3870,0,2,0,0,0,0,0,0,0,0,0
18854891,3871,0,2,0,0,0,0,0,0,0,0,0
18858534,3872,0,2,0,0,0,0,0,0,0,0,0
18862178,3873,0,2,0,0,0,0,0,0,0,0,0
18865822,3874,0,2,0,0,0,0,0,0,0,0,0
18869466,3875,0,2,0,0,0,0,0,0,0,0,0
18873111,3876,0,2,0,0,0,0,0,0,0,0,0
18876754,3877,0,2,0,0,0,0,0,0,0,0,0
18880398,3878,0,2,0,0,0,0,0,0,0,0,0
18884043,3879,0,2,0,0,0,0,0,0,0,0,0
18887686,3880,0,2,0,0,0,0,0,0,0,0,0
18891331,3881,0,2,0,0,0,0,0,0,0,0,0
18894974,3882,0,2,0,0,0,0,0,0,0,0,0
18898618,3883,0,2,0,0,0,0,0,0,0,0,0
18902262,3884,0,2,0,0,0,0,0,0,0,0,0
18905906,3885,0,2,0,0,0,0,0,0,0,0,0
18909550,3886,0,2,0,0,0,0,0,0,0,0,0
18913194,3887,0,2,0,0,0,0,0,0,0,0,0
18916838,3888,0,2,0,0,0,0,0,0,0,0,0
18920482,3889,0,2,0,0,0,0,0,0,0,0,0
18924127,3890,0,2,0,0,0,0,0,0,0,0,0
18927771,3891,0,2,0,0,0,0,0,0,0,0,0
18931415,3892,0,2,0,0,0,0,0,0,0,0,0
18935058,3893,0,2,0,0,0,0,0,0,0,0,0
18938702,3894,0,2,0,0,0,0,0,0,0,0,0
18942346,3895,0,2,0,0,0,0,0,0,0,0,0
18945990,3896,0,2,0,0,0,0,0,0,0,0,0
18949634,3897,0,2,0,0,0,0,0,0,0,0,0
18953278,3898,0,2,0,0,0,0,0,0,0,0,0
18956922,3899,0,2,0,0,0,0,0,0,0,0,0
18960566,3900,0,2,0,0,0,0,0,0,0,0,0
18964211,3901,0,2,0,0,0,0,0,0,0,0,0
18967854,3902,0,2,0,0,0,0,0,0,0,0,0
18971498,3903,0,2,0,0,0,0,0,0,0,0,0
18975143,3904,0,2,0,0,0,0,0,0,0,0,0
18978786,3905,0,2,0,0,0,0,0,0,0,0,0
18982430,3906,0,2,0,0,0,0,0,0,0,0,0
18986074,3907,0,2,0,0,0,0,0,0,0,0,0
18989718,3908,0,2,0,0,0,0,0,0,0,0,0
18993362,3909,0,2,0,0,0,0,0,0,0,0,0
18997006,3910,0,2,0,0,0,0,0,0,0,0,0
19000651,3911,0,2,0,0,0,0,0,0,0,0,0
19004294,3912,0,2,0,0,0,0,0,0,0,0,0
19007938,3913,0,2,0,0,0,0,0,0,0,0,0
19011582,3914,0,2,0,0,0,0,0,0,0,0,0
19015226,3915,0,2,0,0,0,0,0,0,0,0,0
19018870,3916,0,2,0,0,0,0,0,0,0,0,0
19022514,3917,0,2,0,0,0,0,0,0,0,0,0
19026159,3918,0,2,0,0,0,0,0,0,0,0,0
19029802,3919,0,2,0,0,0,0,0,0,0,0,0
19033446,3920,0,2,0,0,0,0,0,0,0,0,0
19037091,3921,0,2,0,0,0,0,0,0,0,0,0
19040734,3922,0,2,0,0,0,0,0,0,0,0,0
19044378,3923,0,2,0,0,0,0,0,0,0,0,0
19048022,3924,0,2,0,0,0,0,0,0,0,0,0
19051666,3925,0,2,0,0,0,0,0,0,0,0,0
19055310,3926,0,2,0,0,0,0,0,0,0,0,0
19058954,3927,0,2,0,0,0,0,0,0,0,0,0
19062598,3928,0,2,0,0,0,0,0,0,0,0,0
19066243,3929,0,2,0,0,0,0,0,0,0,0,0
19069886,3930,0,2,0,0,0,0,0,0,0,0,0
19073531,3931,0,2,0,0,0,0,0,0,0,0,0
19077174,3932,0,2,0,0,0,0,0,0,0,0,0
19080818,3933,0,2,0,0,0,0,0,0,0,0,0
19084462,3934,0,2,0,0,0,0,0,0,0,0,0
19088106,3935,0,2,0,0,0,0,0,0,0,0,0
19091750,3936,0,2,0,0,0,0,0,0,0,0,0
19095394,3937,0,2,0,0,0,0,0,0,0,0,0
19099038,3938,0,2,0,0,0,0,0,0,0,0,0
19102682,3939,0,2,0,0,0,0,0,0,0,0,0
19106327,3940,0,2,0,0,0,0,0,0,0,0,0
19109971,3941,0,2,0,0,0,0,0,0,0,0,0
19113614,3942,0,2,0,0,0,0,0,0,0,0,0
19117259,3943,0,2,0,0,0,0,0,0,0,0,0
19120902,3944,0,2,0,0,0,0,0,0,0,0,0
19124546,3945,0,2,0,0,0,0,0,0,0,0,0
19128190,3946,0,2,0,0,0,0,0,0,0,0,0
19131834,3947,0,2,0,0,0,0,0,0,0,0,0
19135478,3948,0,2,0,0,0,0,0,0,0,0,0
19139122,3949,0,2,0,0,0,0,0,0,0,0,0
19142766,3950,0,2,0,0,0,0,0,0,0,0,0
19146411,3951,0,2,0,0,0,0,0,0,0,0,0
19150054,3952,0,2,0,0,0,0,0,0,0,0,0
19153698,3953,0,2,0,0,0,0,0,0,0,0,0
19157343,3954,0,2,0,0,0,0,0,0,0,0,0
19160986,3955,0,2,0,0,0,0,0,0,0,0,0
19164630,3956,0,2,0,0,0,0,0,0,0,0,0
19168274,3957,0,2,0,0,0,0,0,0,0,0,0
19171918,3958,0,2,0,0,0,0,0,0,0,0,0
19175562,3959,0,2,0,0,0,0,0,0,0,0,0
19179206,3960,0,2,0,0,0,0,0,0,0,0,0
19182851,3961,0,2,0,0,0,0,0,0,0,0,0
19186494,3962,0,2,0,0,0,0,0,0,0,0,0
19190139,3963,0,2,0,0,0,0,0,0,0,0,0
19193782,3964,0,2,0,0,0,0,0,0,0,0,0
19197426,3965,0,2,0,0,0,0,0,0,0,0,0
19201071,3966,0,2,0,0,0,0,0,0,0,0,0
19204714,3967,0,2,0,0,0,0,0,0,0,0,0
19208358,3968,0,2,0,0,0,0,0,0,0,0,0
19212002,3969,0,2,0,0,0,0,0,0,0,0,0
19215646,3970,0,2,0,0,0,0,0,0,0,0,0
19219291,3971,0,2,0,0,0,0,0,0,0,0,0
19222934,3972,0,2,0,0,0,0,0,0,0,0,0
19226578,3973,0,2,0,0,0,0,0,0,0,0,0
19230222,3974,0,2,0,0,0,0,0,0,0,0,0
19233866,3975,0,2,0,0,0,0,0,0,0,0,0
19237510,3976,0,2,0,0,0,0,0,0,0,0,0
19241154,3977,0,2,0,0,0,0,0,0,0,0,0
19244798,3978,0,2,0,0,0,0,0,0,0,0,0
19248442,3979,0,2,0,0,0,0,0,0,0,0,0
19252086,3980,0,2,0,0,0,0,0,0,0,0,0
19255731,3981,0,2,0,0,0,0,0,0,0,0,0
19259374,3982,0,2,0,0,0,0,0,0,0,0,0
19263019,3983,0,2,0,0,0,0,0,0,0,0,0
19266662,3984,0,2,0,0,0,0,0,0,0,0,0
19270307,3985,0,2,0,0,0,0,0,0,0,0,0
19273950,3986,0,2,0,0,0,0,0,0,0,0,0
19277594,3987,0,2,0,0,0,0,0,0,0,0,0
19281238,3988,0,2,0,0,0,0,0,0,0,0,0
19284882,3989,0,2,0,0,0,0,0,0,0,0,0
19288526,3990,0,2,0,0,0,0,0,0,0,0,0
19292171,3991,0,2,0,0,0,0,0,0,0,0,0
19295814,3992,0,2,0,0,0,0,0,0,0,0,0
19299458,3993,0,2,0,0,0,0,0,0,0,0,0
19303103,3994,0,2,0,0,0,0,0,0,0,0,0
19306746,3995,0,2,0,0,0,0,0,0,0,0,0
19310391,3996,0,2,0,0,0,0,0,0,0,0,0
19314034,3997,0,2,0,0,0,0,0,0,0,0,0
19317678,3998,0,2,0,0,0,0,0,0,0,0,0
19321323,3999,0,2,0,0,0,0,0,0,0,0,0
19324966,4000,0,2,0,0,0,0,0,0,0,0,0
19328611,4001,0,2,0,0,0,0,0,0,0,0,0
19332254,4002,0,2,0,0,0,0,0,0,0,0,0
19335898,4003,0,2,0,0,0,0,0,0,0,0,0
19339542,4004,0,2,0,0,0,0,0,0,0,0,0
19343187,4005,0,2,0,0,0,0,0,0,0,0,0
19346830,4006,0,2,0,0,0,0,0,0,0,0,0
19350474,4007,0,2,0,0,0,0,0,0,0,0,0
19354118,4008,0,2,0,0,0,0,0,0,0,0,0
19357762,4009,0,2,0,0,0,0,0,0,0,0,0
19361406,4010,0,2,0,0,0,0,0,0,0,0,0
19365051,4011,0,2,0,0,0,0,0,0,0,0,0
19368694,4012,0,2,0,0,0,0,0,0,0,0,0
19372339,4013,0,2,0,0,0,0,0,0,0,0,0
19375982,4014,0,2,0,0,0,0,0,0,0,0,0
19379626,4015,0,2,0,0,0,0,0,0,0,0,0
19383270,4016,0,2,0,0,0,0,0,0,0,0,0
19386914,4017,0,2,0,0,0,0,0,0,0,0,0
19390558,4018,0,2,0,0,0,0,0,0,0,0,0
19394202,4019,0,2,0,0,0,0,0,0,0,0,0
19397846,4020,0,2,0,0,0,0,0,0,0,0,0
19401491,4021,0,2,0,0,0,0,0,0,0,0,0
19405134,4022,0,2,0,0,0,0,0,0,0,0,0
19408778,4023,0,2,0,0,0,0,0,0,0,0,0
19412422,4024,0,2,0,0,0,0,0,0,0,0,0
19416067,4025,0,2,0,0,0,0,0,0,0,0,0
19419710,4026,0,2,0,0,0,0,0,0,0,0,0
19423354,4027,0,2,0,0,0,0,0,0,0,0,0
19426998,4028,0,2,0,0,0,0,0,0,0,0,0
19430642,4029,0,2,0,0,0,0,0,0,0,0,0
19434286,4030,0,2,0,0,0,0,0,0,0,0,0
19437931,4031,0,2,0,0,0,0,0,0,0,0,0
19441574,4032,0,2,0,0,0,0,0,0,0,0,0
19445218,4033,0,2,0,0,0,0,0,0,0,0,0
19448862,4034,0,2,0,0,0,0,0,0,0,0,0
19452506,4035,0,2,0,0,0,0,0,0,0,0,0
19456151,4036,0,2,0,0,0,0,0,0,0,0,0
19459794,4037,0,2,0,0,0,0,0,0,0,0,0
19463438,4038,0,2,0,0,0,0,0,0,0,0,0
19467083,4039,0,2,0,0,0,0,0,0,0,0,0
19470726,4040,0,2,0,0,0,0,0,0,0,0,0
19474371,4041,0,2,0,0,0,0,0,0,0,0,0
19478014,4042,0,2,0,0,0,0,0,0,0,0,0
19481658,4043,0,2,0,0,0,0,0,0,0,0,0
19485303,4044,0,2,0,0,0,0,0,0,0,0,0
19488946,4045,0,2,0,0,0,0,0,0,0,0,0
19492590,4046,0,2,0,0,0,0,0,0,0,0,0
19496234,4047,0,2,0,0,0,0,0,0,0,0,0
19499878,4048,0,2,0,0,0,0,0,0,0,0,0
19503522,4049,0,2,0,0,0,0,0,0,0,0,0
19507166,4050,0,2,0,0,0,0,0,0,0,0,0
19510811,4051,0,2,0,0,0,0,0,0,0,0,0
19514454,4052,0,2,0,0,0,0,0,0,0,0,0
19518098,4053,0,2,0,0,0,0,0,0,0,0,0
19521742,4054,0,2,0,0,0,0,0,0,0,0,0
19525386,4055,0,2,0,0,0,0,0,0,0,0,0
19529030,4056,0,2,0,0,0,0,0,0,0,0,0
19532674,4057,0,2,0,0,0,0,0,0,0,0,0
19536319,4058,0,2,0,0,0,0,0,0,0,0,0
19539962,4059,0,2,0,0,0,0,0,0,0,0,0
19543606,4060,0,2,0,0,0,0,0,0,0,0,0
19547251,4061,0,2,0,0,0,0,0,0,0,0,0
19550894,4062,0,2,0,0,0,0,0,0,0,0,0
19554538,4063,0,2,0,0,0,0,0,0,0,0,0
19558182,4064,0,2,0,0,0,0,0,0,0,0,0
19561826,4065,0,2,0,0,0,0,0,0,0,0,0
19565470,4066,0,2,0,0,0,0,0,0,0,0,0
19569114,4067,0,2,0,0,0,0,0,0,0,0,0
19572758,4068,0,2,0,0,0,0,0,0,0,0,0
19576402,4069,0,2,0,0,0,0,0,0,0,0,0
19580046,4070,0,2,0,0,0,0,0,0,0,0,0
19583691,4071,0,2,0,0,0,0,0,0,0,0,0
19587334,4072,0,2,0,0,0,0,0,0,0,0,0
19590978,4073,0,2,0,0,0,0,0,0,0,0,0
19594622,4074,0,2,0,0,0,0,0,0,0,0,0
19598266,4075,0,2,0,0,0,0,0,0,0,0,0
19601910,4076,0,2,0,0,0,0,0,0,0,0,0
19605554,4077,0,2,0,0,0,0,0,0,0,0,0
19609198,4078,0,2,0,0,0,0,0,0,0,0,0
19612842,4079,0,2,0,0,0,0,0,0,0,0,0
19616486,4080,0,2,0,0,0,0,0,0,0,0,0
19620131,4081,0,2,0,0,0,0,0,0,0,0,0
19623774,4082,0,2,0,0,0,0,0,0,0,0,0
19627418,4083,0,2,0,0,0,0,0,0,0,0,0
19631062,4084,0,2,0,0,0,0,0,0,0,0,0
19634706,4085,0,2,0,0,0,0,0,0,0,0,0
19638350,4086,0,2,0,0,0,0,0,0,0,0,0
19648631,4087,0,2,0,0,0,0,0,0,0,0,0
19652263,4088,0,2,0,0,0,0,0,0,0,0,0
19655907,4089,0,2,0,0,0,0,0,0,0,0,0
19659551,4090,0,2,0,0,0,0,0,0,0,0,0
19663196,4091,0,2,0,0,0,0,0,0,0,0,0
19666839,4092,0,2,0,0,0,0,0,0,0,0,0
19670483,4093,0,2,0,0,0,0,0,0,0,0,0
19674127,4094,0,2,0,0,0,0,0,0,0,0,0
19677771,4095,0,2,0,0,0,0,0,0,0,0,0
19681415,4096,0,2,0,0,0,0,0,0,0,0,0
19685060,4097,0,2,0,0,0,0,0,0,0,0,0
19688703,4098,0,2,0,0,0,0,0,0,0,0,0
19692348,4099,0,2,0,0,0,0,0,0,0,0,0
19695991,4100,0,2,0,0,0,0,0,0,0,0,0
19699636,4101,0,2,0,0,0,0,0,0,0,0,0
19703279,4102,0,2,0,0,0,0,0,0,0,0,0
19706923,4103,0,2,0,0,0,0,0,0,0,0,0
19710567,4104,0,2,0,0,0,0,0,0,0,0,0
19714211,4105,0,2,0,0,0,0,0,0,0,0,0
19717855,4106,0,2,0,0,0,0,0,0,0,0,0
19721499,4107,0,2,0,0,0,0,0,0,0,0,0
19725143,4108,0,2,0,0,0,0,0,0,0,0,0
19728787,4109,0,2,0,0,0,0,0,0,0,0,0
19732431,4110,0,2,0,0,0,0,0,0,0,0,0
19736076,4111,0,2,0,0,0,0,0,0,0,0,0
19739719,4112,0,2,0,0,0,0,0,0,0,0,0
19743363,4113,0,2,0,0,0,0,0,0,0,0,0
19747008,4114,0,2,0,0,0,0,0,0,0,0,0
19750651,4115,0,2,0,0,0,0,0,0,0,0,0
19754296,4116,0,2,0,0,0,0,0,0,0,0,0
19757939,4117,0,2,0,0,0,0,0,0,0,0,0
19761583,4118,0,2,0,0,0,0,0,0,0,0,0
19765227,4119,0,2,0,0,0,0,0,0,0,0,0
19768871,4120,0,2,0,0,0,0,0,0,0,0,0
19772516,4121,0,2,0,0,0,0,0,0,0,0,0
19776159,4122,0,2,0,0,0,0,0,0,0,0,0
19779803,4123,0,2,0,0,0,0,0,0,0,0,0
19783447,4124,0,2,0,0,0,0,0,0,0,0,0
19787091,4125,0,2,0,0,0,0,0,0,0,0,0
19790735,4126,0,2,0,0,0,0,0,0,0,0,0
19794379,4127,0,2,0,0,0,0,0,0,0,0,0
19798024,4128,0,2,0,0,0,0,0,0,0,0,0
19801667,4129,0,2,0,0,0,0,0,0,0,0,0
19805311,4130,0,2,0,0,0,0,0,0,0,0,0
19808956,4131,0,2,0,0,0,0,0,0,0,0,0
19812599,4132,0,2,0,0,0,0,0,0,0,0,0
19816243,4133,0,2,0,0,0,0,0,0,0,0,0
19819887,4134,0,2,0,0,0,0,0,0,0,0,0
19823531,4135,0,2,0,0,0,0,0,0,0,0,0
19827175,4136,0,2,0,0,0,0,0,0,0,0,0
19830819,4137,0,2,0,0,0,0,0,0,0,0,0
19834463,4138,0,2,0,0,0,0,0,0,0,0,0
19838108,4139,0,2,0,0,0,0,0,0,0,0,0
19841751,4140,0,2,0,0,0,0,0,0,0,0,0
19845396,4141,0,2,0,0,0,0,0,0,0,0,0
19849039,4142,0,2,0,0,0,0,0,0,0,0,0
19852683,4143,0,2,0,0,0,0,0,0,0,0,0
19856327,4144,0,2,0,0,0,0,0,0,0,0,0
19859971,4145,0,2,0,0,0,0,0,0,0,0,0
19863615,4146,0,2,0,0,0,0,0,0,0,0,0
19867259,4147,0,2,0,0,0,0,0,0,0,0,0
19870903,4148,0,2,0,0,0,0,0,0,0,0,0
19874547,4149,0,2,0,0,0,0,0,0,0,0,0
19878191,4150,0,2,0,0,0,0,0,0,0,0,0
19881836,4151,0,2,0,0,0,0,0,0,0,0,0
19885479,4152,0,2,0,0,0,0,0,0,0,0,0
19889124,4153,0,2,0,0,0,0,0,0,0,0,0
19892767,4154,0,2,0,0,0,0,0,0,0,0,0
19896411,4155,0,2,0,0,0,0,0,0,0,0,0
19900055,4156,0,2,0,0,0,0,0,0,0,0,0
19903699,4157,0,2,0,0,0,0,0,0,0,0,0
19907343,4158,0,2,0,0,0,0,0,0,0,0,0
19910987,4159,0,2,0,0,0,0,0,0,0,0,0
19914631,4160,0,2,0,0,0,0,0,0,0,0,0
19918276,4161,0,2,0,0,0,0,0,0,0,0,0
19921919,4162,0,2,0,0,0,0,0,0,0,0,0
19925563,4163,0,2,0,0,0,0,0,0,0,0,0
19929207,4164,0,2,0,0,0,0,0,0,0,0,0
19932851,4165,0,2,0,0,0,0,0,0,0,0,0
19936495,4166,0,2,0,0,0,0,0,0,0,0,0
19940139,4167,0,2,0,0,0,0,0,0,0,0,0
19943783,4168,0,2,0,0,0,0,0,0,0,0,0
19947427,4169,0,2,0,0,0,0,0,0,0,0,0
19951072,4170,0,2,0,0,0,0,0,0,0,0,0
19954716,4171,0,2,0,0,0,0,0,0,0,0,0
19958359,4172,0,2,0,0,0,0,0,0,0,0,0
19962004,4173,0,2,0,0,0,0,0,0,0,0,0
19965647,4174,0,2,0,0,0,0,0,0,0,0,0
19969291,4175,0,2,0,0,0,0,0,0,0,0,0
19972935,4176,0,2,0,0,0,0,0,0,0,0,0
19976579,4177,0,2,0,0,0,0,0,0,0,0,0
19980224,4178,0,2,0,0,0,0,0,0,0,0,0
19983867,4179,0,2,0,0,0,0,0,0,0,0,0
19987511,4180,0,2,0,0,0,0,0,0,0,0,0
19991156,4181,0,2,0,0,0,0,0,0,0,0,0
19994799,4182,0,2,0,0,0,0,0,0,0,0,0
19998443,4183,0,2,0,0,0,0,0,0,0,0,0
20002087,4184,0,2,0,0,0,0,0,0,0,0,0
20005731,4185,0,2,0,0,0,0,0,0,0,0,0
20009375,4186,0,2,0,0,0,0,0,0,0,0,0
20013019,4187,0,2,0,0,0,0,0,0,0,0,0
20016663,4188,0,2,0,0,0,0,0,0,0,0,0
20020307,4189,0,2,0,0,0,0,0,0,0,0,0
20023951,4190,0,2,0,0,0,0,0,0,0,0,0
20027596,4191,0,2,0,0,0,0,0,0,0,0,0
20031239,4192,0,2,0,0,0,0,0,0,0,0,0
20034883,4193,0,2,0,0,0,0,0,0,0,0,0
20038527,4194,0,2,0,0,0,0,0,0,0,0,0
20042171,4195,0,2,0,0,0,0,0,0,0,0,0
20045815,4196,0,2,0,0,0,0,0,0,0,0,0
20049459,4197,0,2,0,0,0,0,0,0,0,0,0
20053104,4198,0,2,0,0,0,0,0,0,0,0,0
20056747,4199,0,2,0,0,0,0,0,0,0,0,0
20060391,4200,0,2,0,0,0,0,0,0,0,0,0
20064036,4201,0,2,0,0,0,0,0,0,0,0,0
20067679,4202,0,2,0,0,0,0,0,0,0,0,0
20071324,4203,0,2,0,0,0,0,0,0,0,0,0
20074967,4204,0,2,0,0,0,0,0,0,0,0,0
20078611,4205,0,2,0,0,0,0,0,0,0,0,0
20082255,4206,0,2,0,0,0,0,0,0,0,0,0
20085899,4207,0,2,0,0,0,0,0,0,0,0,0
20089543,4208,0,2,0,0,0,0,0,0,0,0,0
20093187,4209,0,2,0,0,0,0,0,0,0,0,0
20096831,4210,0,2,0,0,0,0,0,0,0,0,0
20100476,4211,0,2,0,0,0,0,0,0,0,0,0
20104120,4212,0,2,0,0,0,0,0,0,0,0,0
20107763,4213,0,2,0,0,0,0,0,0,0,0,0
20111407,4214,0,2,0,0,0,0,0,0,0,0,0
20115052,4215,0,2,0,0,0,0,0,0,0,0,0
20118695,4216,0,2,0,0,0,0,0,0,0,0,0
20122339,4217,0,2,0,0,0,0,0,0,0,0,0
20125983,4218,0,2,0,0,0,0,0,0,0,0,0
20129627,4219,0,2,0,0,0,0,0,0,0,0,0
20133272,4220,0,2,0,0,0,0,0,0,0,0,0
20136916,4221,0,2,0,0,0,0,0,0,0,0,0
20140559,4222,0,2,0,0,0,0,0,0,0,0,0
20144203,4223,0,2,0,0,0,0,0,0,0,0,0
20147847,4224,0,2,0,0,0,0,0,0,0,0,0
20151491,4225,0,2,0,0,0,0,0,0,0,0,0
20155135,4226,0,2,0,0,0,0,0,0,0,0,0
20158779,4227,0,2,0,0,0,0,0,0,0,0,0
20162423,4228,0,2,0,0,0,0,0,0,0,0,0
20166068,4229,0,2,0,0,0,0,0,0,0,0,0
20169711,4230,0,2,0,0,0,0,0,0,0,0,0
20173356,4231,0,2,0,0,0,0,0,0,0,0,0
20176999,4232,0,2,0,0,0,0,0,0,0,0,0
20180643,4233,0,2,0,0,0,0,0,0,0,0,0
20184288,4234,0,2,0,0,0,0,0,0,0,0,0
20187931,4235,0,2,0,0,0,0,0,0,0,0,0
20191575,4236,0,2,0,0,0,0,0,0,0,0,0
20195219,4237,0,2,0,0,0,0,0,0,0,0,0
20198863,4238,0,2,0,0,0,0,0,0,0,0,0
20202507,4239,0,2,0,0,0,0,0,0,0,0,0
20206151,4240,0,2,0,0,0,0,0,0,0,0,0
20209796,4241,0,2,0,0,0,0,0,0,0,0,0
20213439,4242,0,2,0,0,0,0,0,0,0,0,0
20217084,4243,0,2,0,0,0,0,0,0,0,0,0
20220727,4244,0,2,0,0,0,0,0,0,0,0,0
20224371,4245,0,2,0,0,0,0,0,0,0,0,0
20228016,4246,0,2,0,0,0,0,0,0,0,0,0
20231659,4247,0,2,0,0,0,0,0,0,0,0,0
20235303,4248,0,2,0,0,0,0,0,0,0,0,0
20238947,4249,0,2,0,0,0,0,0,0,0,0,0
20242591,4250,0,2,0,0,0,0,0,0,0,0,0
20246236,4251,0,2,0,0,0,0,0,0,0,0,0
20249879,4252,0,2,0,0,0,0,0,0,0,0,0
20253523,4253,0,2,0,0,0,0,0,0,0,0,0
20257167,4254,0,2,0,0,0,0,0,0,0,0,0
20260811,4255,0,2,0,0,0,0,0,0,0,0,0
20264455,4256,0,2,0,0,0,0,0,0,0,0,0
20268099,4257,0,2,0,0,0,0,0,0,0,0,0
20271743,4258,0,2,0,0,0,0,0,0,0,0,0
20275387,4259,0,2,0,0,0,0,0,0,0,0,0
20279032,4260,0,2,0,0,0,0,0,0,0,0,0
20282676,4261,0,2,0,0,0,0,0,0,0,0,0
20286320,4262,0,2,0,0,0,0,0,0,0,0,0
20289963,4263,0,2,0,0,0,0,0,0,0,0,0
20293607,4264,0,2,0,0,0,0,0,0,0,0,0
20297251,4265,0,2,0,0,0,0,0,0,0,0,0
20300895,4266,0,2,0,0,0,0,0,0,0,0,0
20304539,4267,0,2,0,0,0,0,0,0,0,0,0
20308183,4268,0,2,0,0,0,0,0,0,0,0,0
20311827,4269,0,2,0,0,0,0,0,0,0,0,0
20315471,4270,0,2,0,0,0,0,0,0,0,0,0
20319116,4271,0,2,0,0,0,0,0,0,0,0,0
20322759,4272,0,2,0,0,0,0,0,0,0,0,0
20326403,4273,0,2,0,0,0,0,0,0,0,0,0
20330048,4274,0,2,0,0,0,0,0,0,0,0,0
20333691,4275,0,2,0,0,0,0,0,0,0,0,0
20337335,4276,0,2,0,0,0,0,0,0,0,0,0
20340979,4277,0,2,0,0,0,0,0,0,0,0,0
20344623,4278,0,2,0,0,0,0,0,0,0,0,0
20348267,4279,0,2,0,0,0,0,0,0,0,0,0
20351911,4280,0,2,0,0,0,0,0,0,0,0,0
20355556,4281,0,2,0,0,0,0,0,0,0,0,0
20359200,4282,0,2,0,0,0,0,0,0,0,0,0
20362843,4283,0,2,0,0,0,0,0,0,0,0,0
20366487,4284,0,2,0,0,0,0,0,0,0,0,0
20370132,4285,0,2,0,0,0,0,0,0,0,0,0
20373775,4286,0,2,0,0,0,0,0,0,0,0,0
20377419,4287,0,2,0,0,0,0,0,0,0,0,0
20381064,4288,0,2,0,0,0,0,0,0,0,0,0
20384707,4289,0,2,0,0,0,0,0,0,0,0,0
20388351,4290,0,2,0,0,0,0,0,0,0,0,0
20391996,4291,0,2,0,0,0,0,0,0,0,0,0
20395639,4292,0,2,0,0,0,0,0,0,0,0,0
20399283,4293,0,2,0,0,0,0,0,0,0,0,0
20402927,4294,0,2,0,0,0,0,0,0,0,0,0
20406571,4295,0,2,0,0,0,0,0,0,0,0,0
20410215,4296,0,2,0,0,0,0,0,0,0,0,0
20413859,4297,0,2,0,0,0,0,0,0,0,0,0
20417503,4298,0,2,0,0,0,0,0,0,0,0,0
20421148,4299,0,2,0,0,0,0,0,0,0,0,0
20424791,4300,0,2,0,0,0,0,0,0,0,0,0
20428436,4301,0,2,0,0,0,0,0,0,0,0,0
20432079,4302,0,2,0,0,0,0,0,0,0,0,0
20435723,4303,0,2,0,0,0,0,0,0,0,0,0
20439367,4304,0,2,0,0,0,0,0,0,0,0,0
20443011,4305,0,2,0,0,0,0,0,0,0,0,0
20446655,4306,0,2,0,0,0,0,0,0,0,0,0
20450300,4307,0,2,0,0,0,0,0,0,0,0,0
20453943,4308,0,2,0,0,0,0,0,0,0,0,0
20457587,4309,0,2,0,0,0,0,0,0,0,0,0
20461231,4310,0,2,0,0,0,0,0,0,0,0,0
20464876,4311,0,2,0,0,0,0,0,0,0,0,0
20468519,4312,0,2,0,0,0,0,0,0,0,0,0
20472164,4313,0,2,0,0,0,0,0,0,0,0,0
20480280,4314,0,2,0,0,0,0,0,0,0,0,0
20483912,4315,0,2,0,0,0,0,0,0,0,0,0
20487556,4316,0,2,0,0,0,0,0,0,0,0,0
20491200,4317,0,2,0,0,0,0,0,0,0,0,0
20494844,4318,0,2,0,0,0,0,0,0,0,0,0
20498488,4319,0,2,0,0,0,0,0,0,0,0,0
20502132,4320,0,2,0,0,0,0,0,0,0,0,0
20505777,4321,0,2,0,0,0,0,0,0,0,0,0
20509420,4322,0,2,0,0,0,0,0,0,0,0,0
20513065,4323,0,2,0,0,0,0,0,0,0,0,0
20516708,4324,0,2,0,0,0,0,0,0,0,0,0
20520353,4325,0,2,0,0,0,0,0,0,0,0,0
20523996,4326,0,2,0,0,0,0,0,0,0,0,0
20527640,4327,0,2,0,0,0,0,0,0,0,0,0
20531284,4328,0,2,0,0,0,0,0,0,0,0,0
20534928,4329,0,2,0,0,0,0,0,0,0,0,0
20538572,4330,0,2,0,0,0,0,0,0,0,0,0
20542217,4331,0,2,0,0,0,0,0,0,0,0,0
20545860,4332,0,2,0,0,0,0,0,0,0,0,0
20549504,4333,0,2,0,0,0,0,0,0,0,0,0
20553149,4334,0,2,0,0,0,0,0,0,0,0,0
20556792,4335,0,2,0,0,0,0,0,0,0,0,0
20560436,4336,0,2,0,0,0,0,0,0,0,0,0
20564081,4337,0,2,0,0,0,0,0,0,0,0,0
20567724,4338,0,2,0,0,0,0,0,0,0,0,0
20571368,4339,0,2,0,0,0,0,0,0,0,0,0
20575013,4340,0,2,0,0,0,0,0,0,0,0,0
20578657,4341,0,2,0,0,0,0,0,0,0,0,0
20582301,4342,0,2,0,0,0,0,0,0,0,0,0
20585944,4343,0,2,0,0,0,0,0,0,0,0,0
20589588,4344,0,2,0,0,0,0,0,0,0,0,0
20593232,4345,0,2,0,0,0,0,0,0,0,0,0
20596876,4346,0,2,0,0,0,0,0,0,0,0,0
20600520,4347,0,2,0,0,0,0,0,0,0,0,0
20604164,4348,0,2,0,0,0,0,0,0,0,0,0
20607808,4349,0,2,0,0,0,0,0,0,0,0,0
20611452,4350,0,2,0,0,0,0,0,0,0,0,0
20615097,4351,0,2,0,0,0,0,0,0,0,0,0
20618740,4352,0,2,0,0,0,0,0,0,0,0,0
20622384,4353,0,2,0,0,0,0,0,0,0,0,0
20626029,4354,0,2,0,0,0,0,0,0,0,0,0
20629672,4355,0,2,0,0,0,0,0,0,0,0,0
20633316,4356,0,2,0,0,0,0,0,0,0,0,0
20636960,4357,0,2,0,0,0,0,0,0,0,0,0
20640604,4358,0,2,0,0,0,0,0,0,0,0,0
20644248,4359,0,2,0,0,0,0,0,0,0,0,0
20647892,4360,0,2,0,0,0,0,0,0,0,0,0
20651537,4361,0,2,0,0,0,0,0,0,0,0,0
20655180,4362,0,2,0,0,0,0,0,0,0,0,0
20658824,4363,0,2,0,0,0,0,0,0,0,0,0
20662468,4364,0,2,0,0,0,0,0,0,0,0,0
20666112,4365,0,2,0,0,0,0,0,0,0,0,0
20669756,4366,0,2,0,0,0,0,0,0,0,0,0
20673400,4367,0,2,0,0,0,0,0,0,0,0,0
20677045,4368,0,2,0,0,0,0,0,0,0,0,0
20680688,4369,0,2,0,0,0,0,0,0,0,0,0
20684332,4370,0,2,0,0,0,0,0,0,0,0,0
20687977,4371,0,2,0,0,0,0,0,0,0,0,0
20691620,4372,0,2,0,0,0,0,0,0,0,0,0
20695264,4373,0,2,0,0,0,0,0,0,0,0,0
20698908,4374,0,2,0,0,0,0,0,0,0,0,0
20702552,4375,0,2,0,0,0,0,0,0,0,0,0
20706196,4376,0,2,0,0,0,0,0,0,0,0,0
20709840,4377,0,2,0,0,0,0,0,0,0,0,0
20713484,4378,0,2,0,0,0,0,0,0,0,0,0
20717128,4379,0,2,0,0,0,0,0,0,0,0,0
20720772,4380,0,2,0,0,0,0,0,0,0,0,0
20724417,4381,0,2,0,0,0,0,0,0,0,0,0
20728061,4382,0,2,0,0,0,0,0,0,0,0,0
20731704,4383,0,2,0,0,0,0,0,0,0,0,0
20735348,4384,0,2,0,0,0,0,0,0,0,0,0
20738992,4385,0,2,0,0,0,0,0,0,0,0,0
20742636,4386,0,2,0,0,0,0,0,0,0,0,0
20746280,4387,0,2,0,0,0,0,0,0,0,0,0
20749924,4388,0,2,0,0,0,0,0,0,0,0,0
20753568,4389,0,2,0,0,0,0,0,0,0,0,0
20757213,4390,0,2,0,0,0,0,0,0,0,0,0
20760857,4391,0,2,0,0,0,0,0,0,0,0,0
20764500,4392,0,2,0,0,0,0,0,0,0,0,0
20768145,4393,0,2,0,0,0,0,0,0,0,0,0
20771788,4394,0,2,0,0,0,0,0,0,0,0,0
20775432,4395,0,2,0,0,0,0,0,0,0,0,0
20779076,4396,0,2,0,0,0,0,0,0,0,0,0
20782720,4397,0,2,0,0,0,0,0,0,0,0,0
20786365,4398,0,2,0,0,0,0,0,0,0,0,0
20790008,4399,0,2,0,0,0,0,0,0,0,0,0
20793652,4400,0,2,0,0,0,0,0,0,0,0,0
20797297,4401,0,2,0,0,0,0,0,0,0,0,0
20800940,4402,0,2,0,0,0,0,0,0,0,0,0
20804584,4403,0,2,0,0,0,0,0,0,0,0,0
20808228,4404,0,2,0,0,0,0,0,0,0,0,0
20811872,4405,0,2,0,0,0,0,0,0,0,0,0
20815516,4406,0,2,0,0,0,0,0,0,0,0,0
20819161,4407,0,2,0,0,0,0,0,0,0,0,0
20822804,4408,0,2,0,0,0,0,0,0,0,0,0
20826448,4409,0,2,0,0,0,0,0,0,0,0,0
20830093,4410,0,2,0,0,0,0,0,0,0,0,0
20833737,4411,0,2,0,0,0,0,0,0,0,0,0
20837380,4412,0,2,0,0,0,0,0,0,0,0,0
20841025,4413,0,2,0,0,0,0,0,0,0,0,0
20844668,4414,0,2,0,0,0,0,0,0,0,0,0
20848313,4415,0,2,0,0,0,0,0,0,0,0,0
20851956,4416,0,2,0,0,0,0,0,0,0,0,0
20855600,4417,0,2,0,0,0,0,0,0,0,0,0
20859244,4418,0,2,0,0,0,0,0,0,0,0,0
20862888,4419,0,2,0,0,0,0,0,0,0,0,0
20866532,4420,0,2,0,0,0,0,0,0,0,0,0
20870177,4421,0,2,0,0,0,0,0,0,0,0,0
20873820,4422,0,2,0,0,0,0,0,0,0,0,0
20877464,4423,0,2,0,0,0,0,0,0,0,0,0
20881108,4424,0,2,0,0,0,0,0,0,0,0,0
20884752,4425,0,2,0,0,0,0,0,0,0,0,0
20888396,4426,0,2,0,0,0,0,0,0,0,0,0
20892040,4427,0,2,0,0,0,0,0,0,0,0,0
20895684,4428,0,2,0,0,0,0,0,0,0,0,0
20899329,4429,0,2,0,0,0,0,0,0,0,0,0
20902972,4430,0,2,0,0,0,0,0,0,0,0,0
20906617,4431,0,2,0,0,0,0,0,0,0,0,0
20910261,4432,0,2,0,0,0,0,0,0,0,0,0
20913904,4433,0,2,0,0,0,0,0,0,0,0,0
20917548,4434,0,2,0,0,0,0,0,0,0,0,0
20921192,4435,0,2,0,0,0,0,0,0,0,0,0
20924836,4436,0,2,0,0,0,0,0,0,0,0,0
20928480,4437,0,2,0,0,0,0,0,0,0,0,0
20932125,4438,0,2,0,0,0,0,0,0,0,0,0
20935768,4439,0,2,0,0,0,0,0,0,0,0,0
20939412,4440,0,2,0,0,0,0,0,0,0,0,0
20943057,4441,0,2,0,0,0,0,0,0,0,0,0
20946700,4442,0,2,0,0,0,0,0,0,0,0,0
20950345,4443,0,2,0,0,0,0,0,0,0,0,0
20953988,4444,0,2,0,0,0,0,0,0,0,0,0
20957632,4445,0,2,0,0,0,0,0,0,0,0,0
20961276,4446,0,2,0,0,0,0,0,0,0,0,0
20964920,4447,0,2,0,0,0,0,0,0,0,0,0
20968564,4448,0,2,0,0,0,0,0,0,0,0,0
20972209,4449,0,2,0,0,0,0,0,0,0,0,0
20975852,4450,0,2,0,0,0,0,0,0,0,0,0
20979497,4451,0,2,0,0,0,0,0,0,0,0,0
20983140,4452,0,2,0,0,0,0,0,0,0,0,0
20986784,4453,0,2,0,0,0,0,0,0,0,0,0
20990428,4454,0,2,0,0,0,0,0,0,0,0,0
20994073,4455,0,2,0,0,0,0,0,0,0,0,0
20997716,4456,0,2,0,0,0,0,0,0,0,0,0
21001361,4457,0,2,0,0,0,0,0,0,0,0,0
21005004,4458,0,2,0,0,0,0,0,0,0,0,0
21008648,4459,0,2,0,0,0,0,0,0,0,0,0
21012292,4460,0,2,0,0,0,0,0,0,0,0,0
21015937,4461,0,2,0,0,0,0,0,0,0,0,0
21019580,4462,0,2,0,0,0,0,0,0,0,0,0
21023224,4463,0,2,0,0,0,0,0,0,0,0,0
21026868,4464,0,2,0,0,0,0,0,0,0,0,0
21030512,4465,0,2,0,0,0,0,0,0,0,0,0
21034156,4466,0,2,0,0,0,0,0,0,0,0,0
21037800,4467,0,2,0,0,0,0,0,0,0,0,0
21041444,4468,0,2,0,0,0,0,0,0,0,0,0
21045089,4469,0,2,0,0,0,0,0,0,0,0,0
21048732,4470,0,2,0,0,0,0,0,0,0,0,0
21052377,4471,0,2,0,0,0,0,0,0,0,0,0
21056020,4472,0,2,0,0,0,0,0,0,0,0,0
21059664,4473,0,2,0,0,0,0,0,0,0,0,0
21063308,4474,0,2,0,0,0,0,0,0,0,0,0
21066952,4475,0,2,0,0,0,0,0,0,0,0,0
21070596,4476,0,2,0,0,0,0,0,0,0,0,0
21074240,4477,0,2,0,0,0,0,0,0,0,0,0
21077884,4478,0,2,0,0,0,0,0,0,0,0,0
21081528,4479,0,2,0,0,0,0,0,0,0,0,0
21085172,4480,0,2,0,0,0,0,0,0,0,0,0
21088817,4481,0,2,0,0,0,0,0,0,0,0,0
21092460,4482,0,2,0,0,0,0,0,0,0,0,0
21096105,4483,0,2,0,0,0,0,0,0,0,0,0
21099748,4484,0,2,0,0,0,0,0,0,0,0,0
21103392,4485,0,2,0,0,0,0,0,0,0,0,0
21107036,4486,0,2,0,0,0,0,0,0,0,0,0
21110680,4487,0,2,0,0,0,0,0,0,0,0,0
21114325,4488,0,2,0,0,0,0,0,0,0,0,0
21117968,4489,0,2,0,0,0,0,0,0,0,0,0
21121612,4490,0,2,0,0,0,0,0,0,0,0,0
21125257,4491,0,2,0,0,0,0,0,0,0,0,0
21128900,4492,0,2,0,0,0,0,0,0,0,0,0
21132544,4493,0,2,0,0,0,0,0,0,0,0,0
21136188,4494,0,2,0,0,0,0,0,0,0,0,0
21139832,4495,0,2,0,0,0,0,0,0,0,0,0
21143476,4496,0,2,0,0,0,0,0,0,0,0,0
21147120,4497,0,2,0,0,0,0,0,0,0,0,0
21150764,4498,0,2,0,0,0,0,0,0,0,0,0
21154408,4499,0,2,0,0,0,0,0,0,0,0,0
21158052,4500,0,2,0,0,0,0,0,0,0,0,0
21161697,4501,0,2,0,0,0,0,0,0,0,0,0
21165340,4502,0,2,0,0,0,0,0,0,0,0,0
21168984,4503,0,2,0,0,0,0,0,0,0,0,0
21172628,4504,0,2,0,0,0,0,0,0,0,0,0
21176272,4505,0,2,0,0,0,0,0,0,0,0,0
21179916,4506,0,2,0,0,0,0,0,0,0,0,0
21183560,4507,0,2,0,0,0,0,0,0,0,0,0
21187204,4508,0,2,0,0,0,0,0,0,0,0,0
21190848,4509,0,2,0,0,0,0,0,0,0,0,0
21194492,4510,0,2,0,0,0,0,0,0,0,0,0
21198137,4511,0,2,0,0,0,0,0,0,0,0,0
21201780,4512,0,2,0,0,0,0,0,0,0,0,0
21205424,4513,0,2,0,0,0,0,0,0,0,0,0
21209068,4514,0,2,0,0,0,0,0,0,0,0,0
21212712,4515,0,2,0,0,0,0,0,0,0,0,0
21216356,4516,0,2,0,0,0,0,0,0,0,0,0
21220000,4517,0,2,0,0,0,0,0,0,0,0,0
21223644,4518,0,2,0,0,0,0,0,0,0,0,0
21227288,4519,0,2,0,0,0,0,0,0,0,0,0
21230932,4520,0,2,0,0,0,0,0,0,0,0,0
21234577,4521,0,2,0,0,0,0,0,0,0,0,0
21238221,4522,0,2,0,0,0,0,0,0,0,0,0
21241864,4523,0,2,0,0,0,0,0,0,0,0,0
21245508,4524,0,2,0,0,0,0,0,0,0,0,0
21249153,4525,0,2,0,0,0,0,0,0,0,0,0
21252796,4526,0,2,0,0,0,0,0,0,0,0,0
21256440,4527,0,2,0,0,0,0,0,0,0,0,0
21260084,4528,0,2,0,0,0,0,0,0,0,0,0
21263728,4529,0,2,0,0,0,0,0,0,0,0,0
21267372,4530,0,2,0,0,0,0,0,0,0,0,0
21271017,4531,0,2,0,0,0,0,0,0,0,0,0
21274660,4532,0,2,0,0,0,0,0,0,0,0,0
21278304,4533,0,2,0,0,0,0,0,0,0,0,0
21281948,4534,0,2,0,0,0,0,0,0,0,0,0
21285592,4535,0,2,0,0,0,0,0,0,0,0,0
21289237,4536,0,2,0,0,0,0,0,0,0,0,0
21292880,4537,0,2,0,0,0,0,0,0,0,0,0
21296524,4538,0,2,0,0,0,0,0,0,0,0,0
21300168,4539,0,2,0,0,0,0,0,0,0,0,0
21303812,4540,0,2,0,0,0,0,0,0,0,0,0
21313875,4541,0,2,0,0,0,0,0,0,0,0,0
21317507,4542,0,2,0,0,0,0,0,0,0,0,0
21321151,4543,0,2,0,0,0,0,0,0,0,0,0
21324795,4544,0,2,0,0,0,0,0,0,0,0,0
21328439,4545,0,2,0,0,0,0,0,0,0,0,0
21332084,4546,0,2,0,0,0,0,0,0,0,0,0
21335727,4547,0,2,0,0,0,0,0,0,0,0,0
21339371,4548,0,2,0,0,0,0,0,0,0,0,0
21343016,4549,0,2,0,0,0,0,0,0,0,0,0
21346659,4550,0,2,0,0,0,0,0,0,0,0,0
21350304,4551,0,2,0,0,0,0,0,0,0,0,0
21353947,4552,0,2,0,0,0,0,0,0,0,0,0
21357591,4553,0,2,0,0,0,0,0,0,0,0,0
21361236,4554,0,2,0,0,0,0,0,0,0,0,0
21364879,4555,0,2,0,0,0,0,0,0,0,0,0
21368523,4556,0,2,0,0,0,0,0,0,0,0,0
21372167,4557,0,2,0,0,0,0,0,0,0,0,0
21375811,4558,0,2,0,0,0,0,0,0,0,0,0
21379455,4559,0,2,0,0,0,0,0,0,0,0,0
21383099,4560,0,2,0,0,0,0,0,0,0,0,0
21386744,4561,0,2,0,0,0,0,0,0,0,0,0
21390387,4562,0,2,0,0,0,0,0,0,0,0,0
21394032,4563,0,2,0,0,0,0,0,0,0,0,0
21397675,4564,0,2,0,0,0,0,0,0,0,0,0
21401319,4565,0,2,0,0,0,0,0,0,0,0,0
21404963,4566,0,2,0,0,0,0,0,0,0,0,0
21408607,4567,0,2,0,0,0,0,0,0,0,0,0
21412251,4568,0,2,0,0,0,0,0,0,0,0,0
21415895,4569,0,2,0,0,0,0,0,0,0,0,0
21419539,4570,0,2,0,0,0,0,0,0,0,0,0
21423184,4571,0,2,0,0,0,0,0,0,0,0,0
21426827,4572,0,2,0,0,0,0,0,0,0,0,0
21430471,4573,0,2,0,0,0,0,0,0,0,0,0
21434115,4574,0,2,0,0,0,0,0,0,0,0,0
21437759,4575,0,2,0,0,0,0,0,0,0,0,0
21441403,4576,0,2,0,0,0,0,0,0,0,0,0
21445048,4577,0,2,0,0,0,0,0,0,0,0,0
21448691,4578,0,2,0,0,0,0,0,0,0,0,0
21452336,4579,0,2,0,0,0,0,0,0,0,0,0
21455979,4580,0,2,0,0,0,0,0,0,0,0,0
21459624,4581,0,2,0,0,0,0,0,0,0,0,0
21463267,4582,0,2,0,0,0,0,0,0,0,0,0
21466911,4583,0,2,0,0,0,0,0,0,0,0,0
21470555,4584,0,2,0,0,0,0,0,0,0,0,0
21474199,4585,0,2,0,0,0,0,0,0,0,0,0
21477843,4586,0,2,0,0,0,0,0,0,0,0,0
21481487,4587,0,2,0,0,0,0,0,0,0,0,0
21485131,4588,0,2,0,0,0,0,0,0,0,0,0
21488775,4589,0,2,0,0,0,0,0,0,0,0,0
21492419,4590,0,2,0,0,0,0,0,0,0,0,0
21496064,4591,0,2,0,0,0,0,0,0,0,0,0
21499707,4592,0,2,0,0,0,0,0,0,0,0,0
21503351,4593,0,2,0,0,0,0,0,0,0,0,0
21506995,4594,0,2,0,0,0,0,0,0,0,0,0
21510639,4595,0,2,0,0,0,0,0,0,0,0,0
21514283,4596,0,2,0,0,0,0,0,0,0,0,0
21517927,4597,0,2,0,0,0,0,0,0,0,0,0
21521571,4598,0,2,0,0,0,0,0,0,0,0,0
21525215,4599,0,2,0,0,0,0,0,0,0,0,0
21528859,4600,0,2,0,0,0,0,0,0,0,0,0
21532504,4601,0,2,0,0,0,0,0,0,0,0,0
21536148,4602,0,2,0,0,0,0,0,0,0,0,0
21539791,4603,0,2,0,0,0,0,0,0,0,0,0
21543435,4604,0,2,0,0,0,0,0,0,0,0,0
21547080,4605,0,2,0,0,0,0,0,0,0,0,0
21550723,4606,0,2,0,0,0,0,0,0,0,0,0
21554367,4607,0,2,0,0,0,0,0,0,0,0,0
21558011,4608,0,2,0,0,0,0,0,0,0,0,0
21561655,4609,0,2,0,0,0,0,0,0,0,0,0
21565300,4610,0,2,0,0,0,0,0,0,0,0,0
21568944,4611,0,2,0,0,0,0,0,0,0,0,0
21572587,4612,0,2,0,0,0,0,0,0,0,0,0
21576231,4613,0,2,0,0,0,0,0,0,0,0,0
21579875,4614,0,2,0,0,0,0,0,0,0,0,0
21583519,4615,0,2,0,0,0,0,0,0,0,0,0
21587164,4616,0,2,0,0,0,0,0,0,0,0,0
21590807,4617,0,2,0,0,0,0,0,0,0,0,0
21594451,4618,0,2,0,0,0,0,0,0,0,0,0
21598096,4619,0,2,0,0,0,0,0,0,0,0,0
21601739,4620,0,2,0,0,0,0,0,0,0,0,0
21605384,4621,0,2,0,0,0,0,0,0,0,0,0
21609027,4622,0,2,0,0,0,0,0,0,0,0,0
21612671,4623,0,2,0,0,0,0,0,0,0,0,0
21616315,4624,0,2,0,0,0,0,0,0,0,0,0
21619959,4625,0,2,0,0,0,0,0,0,0,0,0
21623603,4626,0,2,0,0,0,0,0,0,0,0,0
21627247,4627,0,2,0,0,0,0,0,0,0,0,0
21630891,4628,0,2,0,0,0,0,0,0,0,0,0
21634535,4629,0,2,0,0,0,0,0,0,0,0,0
21638180,4630,0,2,0,0,0,0,0,0,0,0,0
21641824,4631,0,2,0,0,0,0,0,0,0,0,0
21645467,4632,0,2,0,0,0,0,0,0,0,0,0
21649111,4633,0,2,0,0,0,0,0,0,0,0,0
21652755,4634,0,2,0,0,0,0,0,0,0,0,0
21656399,4635,0,2,0,0,0,0,0,0,0,0,0
21660043,4636,0,2,0,0,0,0,0,0,0,0,0
21663687,4637,0,2,0,0,0,0,0,0,0,0,0
21667331,4638,0,2,0,0,0,0,0,0,0,0,0
21670975,4639,0,2,0,0,0,0,0,0,0,0,0
21674619,4640,0,2,0,0,0,0,0,0,0,0,0
21678264,4641,0,2,0,0,0,0,0,0,0,0,0
21681907,4642,0,2,0,0,0,0,0,0,0,0,0
21685551,4643,0,2,0,0,0,0,0,0,0,0,0
21689195,4644,0,2,0,0,0,0,0,0,0,0,0
21692839,4645,0,2,0,0,0,0,0,0,0,0,0
21696483,4646,0,2,0,0,0,0,0,0,0,0,0
21700127,4647,0,2,0,0,0,0,0,0,0,0,0
21703771,4648,0,2,0,0,0,0,0,0,0,0,0
21707415,4649,0,2,0,0,0,0,0,0,0,0,0
21711060,4650,0,2,0,0,0,0,0,0,0,0,0
21714704,4651,0,2,0,0,0,0,0,0,0,0,0
21718348,4652,0,2,0,0,0,0,0,0,0,0,0
21721991,4653,0,2,0,0,0,0,0,0,0,0,0
21725635,4654,0,2,0,0,0,0,0,0,0,0,0
21729279,4655,0,2,0,0,0,0,0,0,0,0,0
21732923,4656,0,2,0,0,0,0,0,0,0,0,0
21736567,4657,0,2,0,0,0,0,0,0,0,0,0
21740211,4658,0,2,0,0,0,0,0,0,0,0,0
21743855,4659,0,2,0,0,0,0,0,0,0,0,0
21747499,4660,0,2,0,0,0,0,0,0,0,0,0
21751144,4661,0,2,0,0,0,0,0,0,0,0,0
21754787,4662,0,2,0,0,0,0,0,0,0,0,0
21758431,4663,0,2,0,0,0,0,0,0,0,0,0
21762075,4664,0,2,0,0,0,0,0,0,0,0,0
21765719,4665,0,2,0,0,0,0,0,0,0,0,0
21769363,4666,0,2,0,0,0,0,0,0,0,0,0
21773008,4667,0,2,0,0,0,0,0,0,0,0,0
21776651,4668,0,2,0,0,0,0,0,0,0,0,0
21780296,4669,0,2,0,0,0,0,0,0,0,0,0
21783939,4670,0,2,0,0,0,0,0,0,0,0,0
21787584,4671,0,2,0,0,0,0,0,0,0,0,0
21791228,4672,0,2,0,0,0,0,0,0,0,0,0
21794871,4673,0,2,0,0,0,0,0,0,0,0,0
21798515,4674,0,2,0,0,0,0,0,0,0,0,0
21802159,4675,0,2,0,0,0,0,0,0,0,0,0
21805803,4676,0,2,0,0,0,0,0,0,0,0,0
21809447,4677,0,2,0,0,0,0,0,0,0,0,0
21813092,4678,0,2,0,0,0,0,0,0,0,0,0
21816735,4679,0,2,0,0,0,0,0,0,0,0,0
21820380,4680,0,2,0,0,0,0,0,0,0,0,0
21824024,4681,0,2,0,0,0,0,0,0,0,0,0
21827667,4682,0,2,0,0,0,0,0,0,0,0,0
21831311,4683,0,2,0,0,0,0,0,0,0,0,0
21834955,4684,0,2,0,0,0,0,0,0,0,0,0
21838599,4685,0,2,0,0,0,0,0,0,0,0,0
21842243,4686,0,2,0,0,0,0,0,0,0,0,0
21845887,4687,0,2,0,0,0,0,0,0,0,0,0
21849531,4688,0,2,0,0,0,0,0,0,0,0,0
21853175,4689,0,2,0,0,0,0,0,0,0,0,0
21856819,4690,0,2,0,0,0,0,0,0,0,0,0
21860464,4691,0,2,0,0,0,0,0,0,0,0,0
21864108,4692,0,2,0,0,0,0,0,0,0,0,0
21867751,4693,0,2,0,0,0,0,0,0,0,0,0
21871395,4694,0,2,0,0,0,0,0,0,0,0,0
21875039,4695,0,2,0,0,0,0,0,0,0,0,0
21878683,4696,0,2,0,0,0,0,0,0,0,0,0
21882327,4697,0,2,0,0,0,0,0,0,0,0,0
21885971,4698,0,2,0,0,0,0,0,0,0,0,0
21889615,4699,0,2,0,0,0,0,0,0,0,0,0
21893259,4700,0,2,0,0,0,0,0,0,0,0,0
21896904,4701,0,2,0,0,0,0,0,0,0,0,0
21900547,4702,0,2,0,0,0,0,0,0,0,0,0
21904191,4703,0,2,0,0,0,0,0,0,0,0,0
21907835,4704,0,2,0,0,0,0,0,0,0,0,0
21911479,4705,0,2,0,0,0,0,0,0,0,0,0
21915124,4706,0,2,0,0,0,0,0,0,0,0,0
21918767,4707,0,2,0,0,0,0,0,0,0,0,0
21922411,4708,0,2,0,0,0,0,0,0,0,0,0
21926055,4709,0,2,0,0,0,0,0,0,0,0,0
21929699,4710,0,2,0,0,0,0,0,0,0,0,0
21933344,4711,0,2,0,0,0,0,0,0,0,0,0
21936987,4712,0,2,0,0,0,0,0,0,0,0,0
21940631,4713,0,2,0,0,0,0,0,0,0,0,0
21944275,4714,0,2,0,0,0,0,0,0,0,0,0
21947919,4715,0,2,0,0,0,0,0,0,0,0,0
21951563,4716,0,2,0,0,0,0,0,0,0,0,0
21955208,4717,0,2,0,0,0,0,0,0,0,0,0
21958851,4718,0,2,0,0,0,0,0,0,0,0,0
21962495,4719,0,2,0,0,0,0,0,0,0,0,0
21966139,4720,0,2,0,0,0,0,0,0,0,0,0
21969784,4721,0,2,0,0,0,0,0,0,0,0,0
21973427,4722,0,2,0,0,0,0,0,0,0,0,0
21977072,4723,0,2,0,0,0,0,0,0,0,0,0
21980715,4724,0,2,0,0,0,0,0,0,0,0,0
21984359,4725,0,2,0,0,0,0,0,0,0,0,0
21988004,4726,0,2,0,0,0,0,0,0,0,0,0
21991647,4727,0,2,0,0,0,0,0,0,0,0,0
21995291,4728,0,2,0,0,0,0,0,0,0,0,0
21998935,4729,0,2,0,0,0,0,0,0,0,0,0
22002579,4730,0,2,0,0,0,0,0,0,0,0,0
22006224,4731,0,2,0,0,0,0,0,0,0,0,0
22009867,4732,0,2,0,0,0,0,0,0,0,0,0
22013511,4733,0,2,0,0,0,0,0,0,0,0,0
22017156,4734,0,2,0,0,0,0,0,0,0,0,0
22020799,4735,0,2,0,0,0,0,0,0,0,0,0
22024443,4736,0,2,0,0,0,0,0,0,0,0,0
22028087,4737,0,2,0,0,0,0,0,0,0,0,0
22031731,4738,0,2,0,0,0,0,0,0,0,0,0
22035375,4739,0,2,0,0,0,0,0,0,0,0,0
22039020,4740,0,2,0,0,0,0,0,0,0,0,0
22042664,4741,0,2,0,0,0,0,0,0,0,0,0
22046307,4742,0,2,0,0,0,0,0,0,0,0,0
22049951,4743,0,2,0,0,0,0,0,0,0,0,0
22053595,4744,0,2,0,0,0,0,0,0,0,0,0
22057239,4745,0,2,0,0,0,0,0,0,0,0,0
22060883,4746,0,2,0,0,0,0,0,0,0,0,0
22064527,4747,0,2,0,0,0,0,0,0,0,0,0
22068171,4748,0,2,0,0,0,0,0,0,0,0,0
22071815,4749,0,2,0,0,0,0,0,0,0,0,0
22075459,4750,0,2,0,0,0,0,0,0,0,0,0
22079104,4751,0,2,0,0,0,0,0,0,0,0,0
22082747,4752,0,2,0,0,0,0,0,0,0,0,0
22086391,4753,0,2,0,0,0,0,0,0,0,0,0
22090036,4754,0,2,0,0,0,0,0,0,0,0,0
22093679,4755,0,2,0,0,0,0,0,0,0,0,0
22097323,4756,0,2,0,0,0,0,0,0,0,0,0
22100967,4757,0,2,0,0,0,0,0,0,0,0,0
22104611,4758,0,2,0,0,0,0,0,0,0,0,0
22108255,4759,0,2,0,0,0,0,0,0,0,0,0
22111899,4760,0,2,0,0,0,0,0,0,0,0,0
22115544,4761,0,2,0,0,0,0,0,0,0,0,0
22119188,4762,0,2,0,0,0,0,0,0,0,0,0
22122831,4763,0,2,0,0,0,0,0,0,0,0,0
22126475,4764,0,2,0,0,0,0,0,0,0,0,0
22130119,4765,0,2,0,0,0,0,0,0,0,0,0
22133763,4766,0,2,0,0,0,0,0,0,0,0,0
22137407,4767,0,2,0,0,0,0,0,0,0,0,0
22145901,4768,0,2,0,0,0,0,0,0,0,0,0
22149533,4769,0,2,0,0,0,0,0,0,0,0,0
22153177,4770,0,2,0,0,0,0,0,0,0,0,0
22156822,4771,0,2,0,0,0,0,0,0,0,0,0
22160465,4772,0,2,0,0,0,0,0,0,0,0,0
22164110,4773,0,2,0,0,0,0,0,0,0,0,0
22167753,4774,0,2,0,0,0,0,0,0,0,0,0
22171397,4775,0,2,0,0,0,0,0,0,0,0,0
22175042,4776,0,2,0,0,0,0,0,0,0,0,0
22178685,4777,0,2,0,0,0,0,0,0,0,0,0
22182329,4778,0,2,0,0,0,0,0,0,0,0,0
22185973,4779,0,2,0,0,0,0,0,0,0,0,0
22189617,4780,0,2,0,0,0,0,0,0,0,0,0
22193262,4781,0,2,0,0,0,0,0,0,0,0,0
22196905,4782,0,2,0,0,0,0,0,0,0,0,0
22200549,4783,0,2,0,0,0,0,0,0,0,0,0
22204193,4784,0,2,0,0,0,0,0,0,0,0,0
22207837,4785,0,2,0,0,0,0,0,0,0,0,0
22211481,4786,0,2,0,0,0,0,0,0,0,0,0
22215125,4787,0,2,0,0,0,0,0,0,0,0,0
22218769,4788,0,2,0,0,0,0,0,0,0,0,0
22222413,4789,0,2,0,0,0,0,0,0,0,0,0
22226058,4790,0,2,0,0,0,0,0,0,0,0,0
22229702,4791,0,2,0,0,0,0,0,0,0,0,0
22233346,4792,0,2,0,0,0,0,0,0,0,0,0
22236989,4793,0,2,0,0,0,0,0,0,0,0,0
22240633,4794,0,2,0,0,0,0,0,0,0,0,0
22244277,4795,0,2,0,0,0,0,0,0,0,0,0
22247921,4796,0,2,0,0,0,0,0,0,0,0,0
22251565,4797,0,2,0,0,0,0,0,0,0,0,0
22255209,4798,0,2,0,0,0,0,0,0,0,0,0
22258853,4799,0,2,0,0,0,0,0,0,0,0,0
22262497,4800,0,2,0,0,0,0,0,0,0,0,0
22266142,4801,0,2,0,0,0,0,0,0,0,0,0
22269785,4802,0,2,0,0,0,0,0,0,0,0,0
22273429,4803,0,2,0,0,0,0,0,0,0,0,0
22277074,4804,0,2,0,0,0,0,0,0,0,0,0
22280717,4805,0,2,0,0,0,0,0,0,0,0,0
22284362,4806,0,2,0,0,0,0,0,0,0,0,0
22288006,4807,0,2,0,0,0,0,0,0,0,0,0
22291649,4808,0,2,0,0,0,0,0,0,0,0,0
22295293,4809,0,2,0,0,0,0,0,0,0,0,0
22298937,4810,0,2,0,0,0,0,0,0,0,0,0
22302582,4811,0,2,0,0,0,0,0,0,0,0,0
22306225,4812,0,2,0,0,0,0,0,0,0,0,0
22309869,4813,0,2,0,0,0,0,0,0,0,0,0
22313513,4814,0,2,0,0,0,0,0,0,0,0,0
22317158,4815,0,2,0,0,0,0,0,0,0,0,0
22320801,4816,0,2,0,0,0,0,0,0,0,0,0
22324445,4817,0,2,0,0,0,0,0,0,0,0,0
22328090,4818,0,2,0,0,0,0,0,0,0,0,0
22331733,4819,0,2,0,0,0,0,0,0,0,0,0
22335377,4820,0,2,0,0,0,0,0,0,0,0,0
22339022,4821,0,2,0,0,0,0,0,0,0,0,0
22342665,4822,0,2,0,0,0,0,0,0,0,0,0
22346309,4823,0,2,0,0,0,0,0,0,0,0,0
22349953,4824,0,2,0,0,0,0,0,0,0,0,0
22353597,4825,0,2,0,0,0,0,0,0,0,0,0
22357242,4826,0,2,0,0,0,0,0,0,0,0,0
22360885,4827,0,2,0,0,0,0,0,0,0,0,0
22364529,4828,0,2,0,0,0,0,0,0,0,0,0
22368173,4829,0,2,0,0,0,0,0,0,0,0,0
22371817,4830,0,2,0,0,0,0,0,0,0,0,0
22375462,4831,0,2,0,0,0,0,0,0,0,0,0
22379105,4832,0,2,0,0,0,0,0,0,0,0,0
22382749,4833,0,2,0,0,0,0,0,0,0,0,0
22386393,4834,0,2,0,0,0,0,0,0,0,0,0
22390037,4835,0,2,0,0,0,0,0,0,0,0,0
22393681,4836,0,2,0,0,0,0,0,0,0,0,0
22397325,4837,0,2,0,0,0,0,0,0,0,0,0
22400969,4838,0,2,0,0,0,0,0,0,0,0,0
22404613,4839,0,2,0,0,0,0,0,0,0,0,0
22408257,4840,0,2,0,0,0,0,0,0,0,0,0
22411902,4841,0,2,0,0,0,0,0,0,0,0,0
22415545,4842,0,2,0,0,0,0,0,0,0,0,0
22419190,4843,0,2,0,0,0,0,0,0,0,0,0
22422833,4844,0,2,0,0,0,0,0,0,0,0,0
22426477,4845,0,2,0,0,0,0,0,0,0,0,0
22430122,4846,0,2,0,0,0,0,0,0,0,0,0
22433765,4847,0,2,0,0,0,0,0,0,0,0,0
22437409,4848,0,2,0,0,0,0,0,0,0,0,0
22441054,4849,0,2,0,0,0,0,0,0,0,0,0
22444697,4850,0,2,0,0,0,0,0,0,0,0,0
22448342,4851,0,2,0,0,0,0,0,0,0,0,0
22451985,4852,0,2,0,0,0,0,0,0,0,0,0
22455629,4853,0,2,0,0,0,0,0,0,0,0,0
22459273,4854,0,2,0,0,0,0,0,0,0,0,0
22462917,4855,0,2,0,0,0,0,0,0,0,0,0
22466561,4856,0,2,0,0,0,0,0,0,0,0,0
22470205,4857,0,2,0,0,0,0,0,0,0,0,0
22473849,4858,0,2,0,0,0,0,0,0,0,0,0
22477493,4859,0,2,0,0,0,0,0,0,0,0,0
22481137,4860,0,2,0,0,0,0,0,0,0,0,0
22484782,4861,0,2,0,0,0,0,0,0,0,0,0
22488425,4862,0,2,0,0,0,0,0,0,0,0,0
22492070,4863,0,2,0,0,0,0,0,0,0,0,0
22495713,4864,0,2,0,0,0,0,0,0,0,0,0
22499357,4865,0,2,0,0,0,0,0,0,0,0,0
22503001,4866,0,2,0,0,0,0,0,0,0,0,0
22506645,4867,0,2,0,0,0,0,0,0,0,0,0
22510289,4868,0,2,0,0,0,0,0,0,0,0,0
22513933,4869,0,2,0,0,0,0,0,0,0,0,0
22517577,4870,0,2,0,0,0,0,0,0,0,0,0
22521222,4871,0,2,0,0,0,0,0,0,0,0,0
22524865,4872,0,2,0,0,0,0,0,0,0,0,0
22528509,4873,0,2,0,0,0,0,0,0,0,0,0
22532153,4874,0,2,0,0,0,0,0,0,0,0,0
22535797,4875,0,2,0,0,0,0,0,0,0,0,0
22539441,4876,0,2,0,0,0,0,0,0,0,0,0
22543085,4877,0,2,0,0,0,0,0,0,0,0,0
22546729,4878,0,2,0,0,0,0,0,0,0,0,0
22550373,4879,0,2,0,0,0,0,0,0,0,0,0
22554018,4880,0,2,0,0,0,0,0,0,0,0,0
22557662,4881,0,2,0,0,0,0,0,0,0,0,0
22561306,4882,0,2,0,0,0,0,0,0,0,0,0
22564949,4883,0,2,0,0,0,0,0,0,0,0,0
22568593,4884,0,2,0,0,0,0,0,0,0,0,0
22572237,4885,0,2,0,0,0,0,0,0,0,0,0
22575881,4886,0,2,0,0,0,0,0,0,0,0,0
22579525,4887,0,2,0,0,0,0,0,0,0,0,0
22583170,4888,0,2,0,0,0,0,0,0,0,0,0
22586813,4889,0,2,0,0,0,0,0,0,0,0,0
22590457,4890,0,2,0,0,0,0,0,0,0,0,0
22594102,4891,0,2,0,0,0,0,0,0,0,0,0
22597745,4892,0,2,0,0,0,0,0,0,0,0,0
22601389,4893,0,2,0,0,0,0,0,0,0,0,0
22605033,4894,0,2,0,0,0,0,0,0,0,0,0
22608677,4895,0,2,0,0,0,0,0,0,0,0,0
22612321,4896,0,2,0,0,0,0,0,0,0,0,0
22615965,4897,0,2,0,0,0,0,0,0,0,0,0
22619609,4898,0,2,0,0,0,0,0,0,0,0,0
22623253,4899,0,2,0,0,0,0,0,0,0,0,0
22626897,4900,0,2,0,0,0,0,0,0,0,0,0
22630542,4901,0,2,0,0,0,0,0,0,0,0,0
22634186,4902,0,2,0,0,0,0,0,0,0,0,0
22637829,4903,0,2,0,0,0,0,0,0,0,0,0
22641473,4904,0,2,0,0,0,0,0,0,0,0,0
22645118,4905,0,2,0,0,0,0,0,0,0,0,0
22648761,4906,0,2,0,0,0,0,0,0,0,0,0
22652405,4907,0,2,0,0,0,0,0,0,0,0,0
22656049,4908,0,2,0,0,0,0,0,0,0,0,0
22659693,4909,0,2,0,0,0,0,0,0,0,0,0
22663338,4910,0,2,0,0,0,0,0,0,0,0,0
22666982,4911,0,2,0,0,0,0,0,0,0,0,0
22670625,4912,0,2,0,0,0,0,0,0,0,0,0
22674269,4913,0,2,0,0,0,0,0,0,0,0,0
22677913,4914,0,2,0,0,0,0,0,0,0,0,0
22681557,4915,0,2,0,0,0,0,0,0,0,0,0
22685202,4916,0,2,0,0,0,0,0,0,0,0,0
22688845,4917,0,2,0,0,0,0,0,0,0,0,0
22692489,4918,0,2,0,0,0,0,0,0,0,0,0
22696133,4919,0,2,0,0,0,0,0,0,0,0,0
22699777,4920,0,2,0,0,0,0,0,0,0,0,0
22703422,4921,0,2,0,0,0,0,0,0,0,0,0
22707065,4922,0,2,0,0,0,0,0,0,0,0,0
22710709,4923,0,2,0,0,0,0,0,0,0,0,0
22714353,4924,0,2,0,0,0,0,0,0,0,0,0
22717997,4925,0,2,0,0,0,0,0,0,0,0,0
22721641,4926,0,2,0,0,0,0,0,0,0,0,0
22725285,4927,0,2,0,0,0,0,0,0,0,0,0
22728929,4928,0,2,0,0,0,0,0,0,0,0,0
22732573,4929,0,2,0,0,0,0,0,0,0,0,0
22736218,4930,0,2,0,0,0,0,0,0,0,0,0
22739862,4931,0,2,0,0,0,0,0,0,0,0,0
22743505,4932,0,2,0,0,0,0,0,0,0,0,0
22747150,4933,0,2,0,0,0,0,0,0,0,0,0
22750793,4934,0,2,0,0,0,0,0,0,0,0,0
22754437,4935,0,2,0,0,0,0,0,0,0,0,0
22758082,4936,0,2,0,0,0,0,0,0,0,0,0
22761725,4937,0,2,0,0,0,0,0,0,0,0,0
22765369,4938,0,2,0,0,0,0,0,0,0,0,0
22769014,4939,0,2,0,0,0,0,0,0,0,0,0
22772657,4940,0,2,0,0,0,0,0,0,0,0,0
22776302,4941,0,2,0,0,0,0,0,0,0,0,0
22779945,4942,0,2,0,0,0,0,0,0,0,0,0
22783589,4943,0,2,0,0,0,0,0,0,0,0,0
22787234,4944,0,2,0,0,0,0,0,0,0,0,0
22790877,4945,0,2,0,0,0,0,0,0,0,0,0
22794521,4946,0,2,0,0,0,0,0,0,0,0,0
22798165,4947,0,2,0,0,0,0,0,0,0,0,0
22801809,4948,0,2,0,0,0,0,0,0,0,0,0
22805453,4949,0,2,0,0,0,0,0,0,0,0,0
22809098,4950,0,2,0,0,0,0,0,0,0,0,0
22812742,4951,0,2,0,0,0,0,0,0,0,0,0
22816385,4952,0,2,0,0,0,0,0,0,0,0,0
22820029,4953,0,2,0,0,0,0,0,0,0,0,0
22823673,4954,0,2,0,0,0,0,0,0,0,0,0
22827317,4955,0,2,0,0,0,0,0,0,0,0,0
22830961,4956,0,2,0,0,0,0,0,0,0,0,0
22834605,4957,0,2,0,0,0,0,0,0,0,0,0
22838249,4958,0,2,0,0,0,0,0,0,0,0,0
22841893,4959,0,2,0,0,0,0,0,0,0,0,0
22845537,4960,0,2,0,0,0,0,0,0,0,0,0
22849182,4961,0,2,0,0,0,0,0,0,0,0,0
22852825,4962,0,2,0,0,0,0,0,0,0,0,0
22856469,4963,0,2,0,0,0,0,0,0,0,0,0
22860113,4964,0,2,0,0,0,0,0,0,0,0,0
22863757,4965,0,2,0,0,0,0,0,0,0,0,0
22867401,4966,0,2,0,0,0,0,0,0,0,0,0
22871046,4967,0,2,0,0,0,0,0,0,0,0,0
22874689,4968,0,2,0,0,0,0,0,0,0,0,0
22878333,4969,0,2,0,0,0,0,0,0,0,0,0
22881977,4970,0,2,0,0,0,0,0,0,0,0,0
22885622,4971,0,2,0,0,0,0,0,0,0,0,0
22889265,4972,0,2,0,0,0,0,0,0,0,0,0
22892909,4973,0,2,0,0,0,0,0,0,0,0,0
22896553,4974,0,2,0,0,0,0,0,0,0,0,0
22900197,4975,0,2,0,0,0,0,0,0,0,0,0
22903841,4976,0,2,0,0,0,0,0,0,0,0,0
22907485,4977,0,2,0,0,0,0,0,0,0,0,0
22911129,4978,0,2,0,0,0,0,0,0,0,0,0
22914773,4979,0,2,0,0,0,0,0,0,0,0,0
22918417,4980,0,2,0,0,0,0,0,0,0,0,0
22922062,4981,0,2,0,0,0,0,0,0,0,0,0
22925705,4982,0,2,0,0,0,0,0,0,0,0,0
22929349,4983,0,2,0,0,0,0,0,0,0,0,0
22932993,4984,0,2,0,0,0,0,0,0,0,0,0
22936637,4985,0,2,0,0,0,0,0,0,0,0,0
22940281,4986,0,2,0,0,0,0,0,0,0,0,0
22943925,4987,0,2,0,0,0,0,0,0,0,0,0
22947569,4988,0,2,0,0,0,0,0,0,0,0,0
22951213,4989,0,2,0,0,0,0,0,0,0,0,0
22954857,4990,0,2,0,0,0,0,0,0,0,0,0
22958502,4991,0,2,0,0,0,0,0,0,0,0,0
22962145,4992,0,2,0,0,0,0,0,0,0,0,0
22965789,4993,0,2,0,0,0,0,0,0,0,0,0
22969433,4994,0,2,0,0,0,0,0,0,0,0,0
22979718,4995,0,2,0,0,0,0,0,0,0,0,0
22983350,4996,0,2,0,0,0,0,0,0,0,0,0
22986994,4997,0,2,0,0,0,0,0,0,0,0,0
22990638,4998,0,2,0,0,0,0,0,0,0,0,0
22994282,4999,0,2,0,0,0,0,0,0,0,0,0
22997926,5000,0,2,0,0,0,0,0,0,0,0,0
23001571,5001,0,2,0,0,0,0,0,0,0,0,0
23005215,5002,0,2,0,0,0,0,0,0,0,0,0
23008858,5003,0,2,0,0,0,0,0,0,0,0,0
23012502,5004,0,2,0,0,0,0,0,0,0,0,0
23016146,5005,0,2,0,0,0,0,0,0,0,0,0
23019790,5006,0,2,0,0,0,0,0,0,0,0,0
23023434,5007,0,2,0,0,0,0,0,0,0,0,0
23027078,5008,0,2,0,0,0,0,0,0,0,0,0
23030722,5009,0,2,0,0,0,0,0,0,0,0,0
23034366,5010,0,2,0,0,0,0,0,0,0,0,0
23038011,5011,0,2,0,0,0,0,0,0,0,0,0
23041654,5012,0,2,0,0,0,0,0,0,0,0,0
23045299,5013,0,2,0,0,0,0,0,0,0,0,0
23048942,5014,0,2,0,0,0,0,0,0,0,0,0
23052586,5015,0,2,0,0,0,0,0,0,0,0,0
23056230,5016,0,2,0,0,0,0,0,0,0,0,0
23059874,5017,0,2,0,0,0,0,0,0,0,0,0
23063518,5018,0,2,0,0,0,0,0,0,0,0,0
23067162,5019,0,2,0,0,0,0,0,0,0,0,0
23070806,5020,0,2,0,0,0,0,0,0,0,0,0
23074451,5021,0,2,0,0,0,0,0,0,0,0,0
23078095,5022,0,2,0,0,0,0,0,0,0,0,0
23081738,5023,0,2,0,0,0,0,0,0,0,0,0
23085383,5024,0,2,0,0,0,0,0,0,0,0,0
23089027,5025,0,2,0,0,0,0,0,0,0,0,0
23092670,5026,0,2,0,0,0,0,0,0,0,0,0
23096315,5027,0,2,0,0,0,0,0,0,0,0,0
23099958,5028,0,2,0,0,0,0,0,0,0,0,0
23103602,5029,0,2,0,0,0,0,0,0,0,0,0
23107247,5030,0,2,0,0,0,0,0,0,0,0,0
23110891,5031,0,2,0,0,0,0,0,0,0,0,0
23114534,5032,0,2,0,0,0,0,0,0,0,0,0
23118179,5033,0,2,0,0,0,0,0,0,0,0,0
23121822,5034,0,2,0,0,0,0,0,0,0,0,0
23125466,5035,0,2,0,0,0,0,0,0,0,0,0
23129110,5036,0,2,0,0,0,0,0,0,0,0,0
23132754,5037,0,2,0,0,0,0,0,0,0,0,0
23136398,5038,0,2,0,0,0,0,0,0,0,0,0
23140043,5039,0,2,0,0,0,0,0,0,0,0,0
23143686,5040,0,2,0,0,0,0,0,0,0,0,0
23147331,5041,0,2,0,0,0,0,0,0,0,0,0
23150974,5042,0,2,0,0,0,0,0,0,0,0,0
23154618,5043,0,2,0,0,0,0,0,0,0,0,0
23158262,5044,0,2,0,0,0,0,0,0,0,0,0
23161906,5045,0,2,0,0,0,0,0,0,0,0,0
23165550,5046,0,2,0,0,0,0,0,0,0,0,0
23169195,5047,0,2,0,0,0,0,0,0,0,0,0
23172838,5048,0,2,0,0,0,0,0,0,0,0,0
23176482,5049,0,2,0,0,0,0,0,0,0,0,0
23180126,5050,0,2,0,0,0,0,0,0,0,0,0
23183771,5051,0,2,0,0,0,0,0,0,0,0,0
23187414,5052,0,2,0,0,0,0,0,0,0,0,0
23191058,5053,0,2,0,0,0,0,0,0,0,0,0
23194702,5054,0,2,0,0,0,0,0,0,0,0,0
23198346,5055,0,2,0,0,0,0,0,0,0,0,0
23201990,5056,0,2,0,0,0,0,0,0,0,0,0
23205634,5057,0,2,0,0,0,0,0,0,0,0,0
23209279,5058,0,2,0,0,0,0,0,0,0,0,0
23212922,5059,0,2,0,0,0,0,0,0,0,0,0
23216566,5060,0,2,0,0,0,0,0,0,0,0,0
23220211,5061,0,2,0,0,0,0,0,0,0,0,0
23223854,5062,0,2,0,0,0,0,0,0,0,0,0
23227498,5063,0,2,0,0,0,0,0,0,0,0,0
23231143,5064,0,2,0,0,0,0,0,0,0,0,0
23234786,5065,0,2,0,0,0,0,0,0,0,0,0
23238430,5066,0,2,0,0,0,0,0,0,0,0,0
23242075,5067,0,2,0,0,0,0,0,0,0,0,0
23245718,5068,0,2,0,0,0,0,0,0,0,0,0
23249362,5069,0,2,0,0,0,0,0,0,0,0,0
23253007,5070,0,2,0,0,0,0,0,0,0,0,0
23256651,5071,0,2,0,0,0,0,0,0,0,0,0
23260295,5072,0,2,0,0,0,0,0,0,0,0,0
23263938,5073,0,2,0,0,0,0,0,0,0,0,0
23267582,5074,0,2,0,0,0,0,0,0,0,0,0
23271227,5075,0,2,0,0,0,0,0,0,0,0,0
23274870,5076,0,2,0,0,0,0,0,0,0,0,0
23278514,5077,0,2,0,0,0,0,0,0,0,0,0
23282158,5078,0,2,0,0,0,0,0,0,0,0,0
23285802,5079,0,2,0,0,0,0,0,0,0,0,0
23289446,5080,0,2,0,0,0,0,0,0,0,0,0
23293091,5081,0,2,0,0,0,0,0,0,0,0,0
23296734,5082,0,2,0,0,0,0,0,0,0,0,0
23300378,5083,0,2,0,0,0,0,0,0,0,0,0
23304023,5084,0,2,0,0,0,0,0,0,0,0,0
23307666,5085,0,2,0,0,0,0,0,0,0,0,0
23311311,5086,0,2,0,0,0,0,0,0,0,0,0
23314954,5087,0,2,0,0,0,0,0,0,0,0,0
23318598,5088,0,2,0,0,0,0,0,0,0,0,0
23322243,5089,0,2,0,0,0,0,0,0,0,0,0
23325886,5090,0,2,0,0,0,0,0,0,0,0,0
23329531,5091,0,2,0,0,0,0,0,0,0,0,0
23333174,5092,0,2,0,0,0,0,0,0,0,0,0
23336818,5093,0,2,0,0,0,0,0,0,0,0,0
23340462,5094,0,2,0,0,0,0,0,0,0,0,0
23344107,5095,0,2,0,0,0,0,0,0,0,0,0
23347750,5096,0,2,0,0,0,0,0,0,0,0,0
23351394,5097,0,2,0,0,0,0,0,0,0,0,0
23355038,5098,0,2,0,0,0,0,0,0,0,0,0
23358682,5099,0,2,0,0,0,0,0,0,0,0,0
23362326,5100,0,2,0,0,0,0,0,0,0,0,0
23365971,5101,0,2,0,0,0,0,0,0,0,0,0
23369614,5102,0,2,0,0,0,0,0,0,0,0,0
23373258,5103,0,2,0,0,0,0,0,0,0,0,0
23376902,5104,0,2,0,0,0,0,0,0,0,0,0
23380546,5105,0,2,0,0,0,0,0,0,0,0,0
23384191,5106,0,2,0,0,0,0,0,0,0,0,0
23387834,5107,0,2,0,0,0,0,0,0,0,0,0
23391478,5108,0,2,0,0,0,0,0,0,0,0,0
23395123,5109,0,2,0,0,0,0,0,0,0,0,0
23398766,5110,0,2,0,0,0,0,0,0,0,0,0
23402411,5111,0,2,0,0,0,0,0,0,0,0,0
23406055,5112,0,2,0,0,0,0,0,0,0,0,0
23409698,5113,0,2,0,0,0,0,0,0,0,0,0
23413342,5114,0,2,0,0,0,0,0,0,0,0,0
23416986,5115,0,2,0,0,0,0,0,0,0,0,0
23420630,5116,0,2,0,0,0,0,0,0,0,0,0
23424274,5117,0,2,0,0,0,0,0,0,0,0,0
23427918,5118,0,2,0,0,0,0,0,0,0,0,0
23431562,5119,0,2,0,0,0,0,0,0,0,0,0
23435206,5120,0,2,0,0,0,0,0,0,0,0,0
23438851,5121,0,2,0,0,0,0,0,0,0,0,0
23442494,5122,0,2,0,0,0,0,0,0,0,0,0
23446139,5123,0,2,0,0,0,0,0,0,0,0,0
23449782,5124,0,2,0,0,0,0,0,0,0,0,0
23453426,5125,0,2,0,0,0,0,0,0,0,0,0
23457071,5126,0,2,0,0,0,0,0,0,0,0,0
23460714,5127,0,2,0,0,0,0,0,0,0,0,0
23464358,5128,0,2,0,0,0,0,0,0,0,0,0
23468003,5129,0,2,0,0,0,0,0,0,0,0,0
23471646,5130,0,2,0,0,0,0,0,0,0,0,0
23475291,5131,0,2,0,0,0,0,0,0,0,0,0
23478934,5132,0,2,0,0,0,0,0,0,0,0,0
23482578,5133,0,2,0,0,0,0,0,0,0,0,0
23486223,5134,0,2,0,0,0,0,0,0,0,0,0
23489866,5135,0,2,0,0,0,0,0,0,0,0,0
23493510,5136,0,2,0,0,0,0,0,0,0,0,0
23497154,5137,0,2,0,0,0,0,0,0,0,0,0
23500798,5138,0,2,0,0,0,0,0,0,0,0,0
23504442,5139,0,2,0,0,0,0,0,0,0,0,0
23508087,5140,0,2,0,0,0,0,0,0,0,0,0
23511731,5141,0,2,0,0,0,0,0,0,0,0,0
23515374,5142,0,2,0,0,0,0,0,0,0,0,0
23519019,5143,0,2,0,0,0,0,0,0,0,0,0
23522662,5144,0,2,0,0,0,0,0,0,0,0,0
23526307,5145,0,2,0,0,0,0,0,0,0,0,0
23529950,5146,0,2,0,0,0,0,0,0,0,0,0
23533594,5147,0,2,0,0,0,0,0,0,0,0,0
23537238,5148,0,2,0,0,0,0,0,0,0,0,0
23540882,5149,0,2,0,0,0,0,0,0,0,0,0
23544526,5150,0,2,0,0,0,0,0,0,0,0,0
23548171,5151,0,2,0,0,0,0,0,0,0,0,0
23551814,5152,0,2,0,0,0,0,0,0,0,0,0
23555458,5153,0,2,0,0,0,0,0,0,0,0,0
23559103,5154,0,2,0,0,0,0,0,0,0,0,0
23562746,5155,0,2,0,0,0,0,0,0,0,0,0
23566390,5156,0,2,0,0,0,0,0,0,0,0,0
23570035,5157,0,2,0,0,0,0,0,0,0,0,0
23573678,5158,0,2,0,0,0,0,0,0,0,0,0
23577322,5159,0,2,0,0,0,0,0,0,0,0,0
23580966,5160,0,2,0,0,0,0,0,0,0,0,0
23584611,5161,0,2,0,0,0,0,0,0,0,0,0
23588254,5162,0,2,0,0,0,0,0,0,0,0,0
23591898,5163,0,2,0,0,0,0,0,0,0,0,0
23595542,5164,0,2,0,0,0,0,0,0,0,0,0
23599187,5165,0,2,0,0,0,0,0,0,0,0,0
23602830,5166,0,2,0,0,0,0,0,0,0,0,0
23606474,5167,0,2,0,0,0,0,0,0,0,0,0
23610118,5168,0,2,0,0,0,0,0,0,0,0,0
23613762,5169,0,2,0,0,0,0,0,0,0,0,0
23617406,5170,0,2,0,0,0,0,0,0,0,0,0
23621051,5171,0,2,0,0,0,0,0,0,0,0,0
23624694,5172,0,2,0,0,0,0,0,0,0,0,0
23628338,5173,0,2,0,0,0,0,0,0,0,0,0
23631982,5174,0,2,0,0,0,0,0,0,0,0,0
23635626,5175,0,2,0,0,0,0,0,0,0,0,0
23639270,5176,0,2,0,0,0,0,0,0,0,0,0
23642914,5177,0,2,0,0,0,0,0,0,0,0,0
23646558,5178,0,2,0,0,0,0,0,0,0,0,0
23650202,5179,0,2,0,0,0,0,0,0,0,0,0
23653846,5180,0,2,0,0,0,0,0,0,0,0,0
23657491,5181,0,2,0,0,0,0,0,0,0,0,0
23661135,5182,0,2,0,0,0,0,0,0,0,0,0
23664778,5183,0,2,0,0,0,0,0,0,0,0,0
23668422,5184,0,2,0,0,0,0,0,0,0,0,0
23672067,5185,0,2,0,0,0,0,0,0,0,0,0
23675710,5186,0,2,0,0,0,0,0,0,0,0,0
23679354,5187,0,2,0,0,0,0,0,0,0,0,0
23682998,5188,0,2,0,0,0,0,0,0,0,0,0
23686642,5189,0,2,0,0,0,0,0,0,0,0,0
23690286,5190,0,2,0,0,0,0,0,0,0,0,0
23693931,5191,0,2,0,0,0,0,0,0,0,0,0
23697574,5192,0,2,0,0,0,0,0,0,0,0,0
23701218,5193,0,2,0,0,0,0,0,0,0,0,0
23704862,5194,0,2,0,0,0,0,0,0,0,0,0
23708506,5195,0,2,0,0,0,0,0,0,0,0,0
23712151,5196,0,2,0,0,0,0,0,0,0,0,0
23715794,5197,0,2,0,0,0,0,0,0,0,0,0
23719438,5198,0,2,0,0,0,0,0,0,0,0,0
23723083,5199,0,2,0,0,0,0,0,0,0,0,0
23726726,5200,0,2,0,0,0,0,0,0,0,0,0
23730371,5201,0,2,0,0,0,0,0,0,0,0,0
23734015,5202,0,2,0,0,0,0,0,0,0,0,0
23737658,5203,0,2,0,0,0,0,0,0,0,0,0
23741303,5204,0,2,0,0,0,0,0,0,0,0,0
23744946,5205,0,2,0,0,0,0,0,0,0,0,0
23748590,5206,0,2,0,0,0,0,0,0,0,0,0
23752234,5207,0,2,0,0,0,0,0,0,0,0,0
23755878,5208,0,2,0,0,0,0,0,0,0,0,0
23759522,5209,0,2,0,0,0,0,0,0,0,0,0
23763167,5210,0,2,0,0,0,0,0,0,0,0,0
23766811,5211,0,2,0,0,0,0,0,0,0,0,0
23770454,5212,0,2,0,0,0,0,0,0,0,0,0
23774098,5213,0,2,0,0,0,0,0,0,0,0,0
23777742,5214,0,2,0,0,0,0,0,0,0,0,0
23781386,5215,0,2,0,0,0,0,0,0,0,0,0
23785030,5216,0,2,0,0,0,0,0,0,0,0,0
23788674,5217,0,2,0,0,0,0,0,0,0,0,0
23792319,5218,0,2,0,0,0,0,0,0,0,0,0
23795962,5219,0,2,0,0,0,0,0,0,0,0,0
23799606,5220,0,2,0,0,0,0,0,0,0,0,0
23803251,5221,0,2,0,0,0,0,0,0,0,0,0
23811371,5222,0,2,0,0,0,0,0,0,0,0,0
23815002,5223,0,2,0,0,0,0,0,0,0,0,0
23818646,5224,0,2,0,0,0,0,0,0,0,0,0
23822290,5225,0,2,0,0,0,0,0,0,0,0,0
23825934,5226,0,2,0,0,0,0,0,0,0,0,0
23829578,5227,0,2,0,0,0,0,0,0,0,0,0
23833222,5228,0,2,0,0,0,0,0,0,0,0,0
23836866,5229,0,2,0,0,0,0,0,0,0,0,0
23840510,5230,0,2,0,0,0,0,0,0,0,0,0
23844155,5231,0,2,0,0,0,0,0,0,0,0,0
23847798,5232,0,2,0,0,0,0,0,0,0,0,0
23851442,5233,0,2,0,0,0,0,0,0,0,0,0
23855087,5234,0,2,0,0,0,0,0,0,0,0,0
23858730,5235,0,2,0,0,0,0,0,0,0,0,0
23862374,5236,0,2,0,0,0,0,0,0,0,0,0
23866018,5237,0,2,0,0,0,0,0,0,0,0,0
23869662,5238,0,2,0,0,0,0,0,0,0,0,0
23873307,5239,0,2,0,0,0,0,0,0,0,0,0
23876950,5240,0,2,0,0,0,0,0,0,0,0,0
23880595,5241,0,2,0,0,0,0,0,0,0,0,0
23884239,5242,0,2,0,0,0,0,0,0,0,0,0
23887882,5243,0,2,0,0,0,0,0,0,0,0,0
23891526,5244,0,2,0,0,0,0,0,0,0,0,0
23895171,5245,0,2,0,0,0,0,0,0,0,0,0
23898814,5246,0,2,0,0,0,0,0,0,0,0,0
23902458,5247,0,2,0,0,0,0,0,0,0,0,0
23906103,5248,0,2,0,0,0,0,0,0,0,0,0
23909746,5249,0,2,0,0,0,0,0,0,0,0,0
23913390,5250,0,2,0,0,0,0,0,0,0,0,0
23917035,5251,0,2,0,0,0,0,0,0,0,0,0
23920678,5252,0,2,0,0,0,0,0,0,0,0,0
23924322,5253,0,2,0,0,0,0,0,0,0,0,0
23927966,5254,0,2,0,0,0,0,0,0,0,0,0
23931610,5255,0,2,0,0,0,0,0,0,0,0,0
23935254,5256,0,2,0,0,0,0,0,0,0,0,0
23938898,5257,0,2,0,0,0,0,0,0,0,0,0
23942542,5258,0,2,0,0,0,0,0,0,0,0,0
23946187,5259,0,2,0,0,0,0,0,0,0,0,0
23949830,5260,0,2,0,0,0,0,0,0,0,0,0
23953475,5261,0,2,0,0,0,0,0,0,0,0,0
23957119,5262,0,2,0,0,0,0,0,0,0,0,0
23960762,5263,0,2,0,0,0,0,0,0,0,0,0
23964406,5264,0,2,0,0,0,0,0,0,0,0,0
23968051,5265,0,2,0,0,0,0,0,0,0,0,0
23971694,5266,0,2,0,0,0,0,0,0,0,0,0
23975338,5267,0,2,0,0,0,0,0,0,0,0,0
23978982,5268,0,2,0,0,0,0,0,0,0,0,0
23982626,5269,0,2,0,0,0,0,0,0,0,0,0
23986270,5270,0,2,0,0,0,0,0,0,0,0,0
23989915,5271,0,2,0,0,0,0,0,0,0,0,0
23993558,5272,0,2,0,0,0,0,0,0,0,0,0
23997202,5273,0,2,0,0,0,0,0,0,0,0,0
24000846,5274,0,2,0,0,0,0,0,0,0,0,0
24004490,5275,0,2,0,0,0,0,0,0,0,0,0
24008135,5276,0,2,0,0,0,0,0,0,0,0,0
24011778,5277,0,2,0,0,0,0,0,0,0,0,0
24015422,5278,0,2,0,0,0,0,0,0,0,0,0
24019067,5279,0,2,0,0,0,0,0,0,0,0,0
24022710,5280,0,2,0,0,0,0,0,0,0,0,0
24026355,5281,0,2,0,0,0,0,0,0,0,0,0
24029998,5282,0,2,0,0,0,0,0,0,0,0,0
24033642,5283,0,2,0,0,0,0,0,0,0,0,0
24037287,5284,0,2,0,0,0,0,0,0,0,0,0
24040930,5285,0,2,0,0,0,0,0,0,0,0,0
24044574,5286,0,2,0,0,0,0,0,0,0,0,0
24048218,5287,0,2,0,0,0,0,0,0,0,0,0
24051862,5288,0,2,0,0,0,0,0,0,0,0,0
24055506,5289,0,2,0,0,0,0,0,0,0,0,0
24059151,5290,0,2,0,0,0,0,0,0,0,0,0
24062795,5291,0,2,0,0,0,0,0,0,0,0,0
24066438,5292,0,2,0,0,0,0,0,0,0,0,0
24070083,5293,0,2,0,0,0,0,0,0,0,0,0
24073726,5294,0,2,0,0,0,0,0,0,0,0,0
24077371,5295,0,2,0,0,0,0,0,0,0,0,0
24081014,5296,0,2,0,0,0,0,0,0,0,0,0
24084658,5297,0,2,0,0,0,0,0,0,0,0,0
24088302,5298,0,2,0,0,0,0,0,0,0,0,0
24091946,5299,0,2,0,0,0,0,0,0,0,0,0
24095590,5300,0,2,0,0,0,0,0,0,0,0,0
24099235,5301,0,2,0,0,0,0,0,0,0,0,0
24102878,5302,0,2,0,0,0,0,0,0,0,0,0
24106522,5303,0,2,0,0,0,0,0,0,0,0,0
24110167,5304,0,2,0,0,0,0,0,0,0,0,0
24113810,5305,0,2,0,0,0,0,0,0,0,0,0
24117454,5306,0,2,0,0,0,0,0,0,0,0,0
24121099,5307,0,2,0,0,0,0,0,0,0,0,0
24124742,5308,0,2,0,0,0,0,0,0,0,0,0
24128386,5309,0,2,0,0,0,0,0,0,0,0,0
24132030,5310,0,2,0,0,0,0,0,0,0,0,0
24135675,5311,0,2,0,0,0,0,0,0,0,0,0
24139319,5312,0,2,0,0,0,0,0,0,0,0,0
24142962,5313,0,2,0,0,0,0,0,0,0,0,0
24146606,5314,0,2,0,0,0,0,0,0,0,0,0
24150250,5315,0,2,0,0,0,0,0,0,0,0,0
24153894,5316,0,2,0,0,0,0,0,0,0,0,0
24157538,5317,0,2,0,0,0,0,0,0,0,0,0
24161183,5318,0,2,0,0,0,0,0,0,0,0,0
24164826,5319,0,2,0,0,0,0,0,0,0,0,0
24168470,5320,0,2,0,0,0,0,0,0,0,0,0
24172115,5321,0,2,0,0,0,0,0,0,0,0,0
24175758,5322,0,2,0,0,0,0,0,0,0,0,0
24179402,5323,0,2,0,0,0,0,0,0,0,0,0
24183046,5324,0,2,0,0,0,0,0,0,0,0,0
24186690,5325,0,2,0,0,0,0,0,0,0,0,0
24190334,5326,0,2,0,0,0,0,0,0,0,0,0
24193978,5327,0,2,0,0,0,0,0,0,0,0,0
24197622,5328,0,2,0,0,0,0,0,0,0,0,0
24201266,5329,0,2,0,0,0,0,0,0,0,0,0
24204910,5330,0,2,0,0,0,0,0,0,0,0,0
24208555,5331,0,2,0,0,0,0,0,0,0,0,0
24212198,5332,0,2,0,0,0,0,0,0,0,0,0
24215842,5333,0,2,0,0,0,0,0,0,0,0,0
24219486,5334,0,2,0,0,0,0,0,0,0,0,0
24223130,5335,0,2,0,0,0,0,0,0,0,0,0
24226774,5336,0,2,0,0,0,0,0,0,0,0,0
24230418,5337,0,2,0,0,0,0,0,0,0,0,0
24234063,5338,0,2,0,0,0,0,0,0,0,0,0
24237706,5339,0,2,0,0,0,0,0,0,0,0,0
24241351,5340,0,2,0,0,0,0,0,0,0,0,0
24244995,5341,0,2,0,0,0,0,0,0,0,0,0
24248638,5342,0,2,0,0,0,0,0,0,0,0,0
24252282,5343,0,2,0,0,0,0,0,0,0,0,0
24255926,5344,0,2,0,0,0,0,0,0,0,0,0
24259570,5345,0,2,0,0,0,0,0,0,0,0,0
24263215,5346,0,2,0,0,0,0,0,0,0,0,0
24266858,5347,0,2,0,0,0,0,0,0,0,0,0
24270502,5348,0,2,0,0,0,0,0,0,0,0,0
24274146,5349,0,2,0,0,0,0,0,0,0,0,0
24277790,5350,0,2,0,0,0,0,0,0,0,0,0
24281435,5351,0,2,0,0,0,0,0,0,0,0,0
24285079,5352,0,2,0,0,0,0,0,0,0,0,0
24288722,5353,0,2,0,0,0,0,0,0,0,0,0
24292366,5354,0,2,0,0,0,0,0,0,0,0,0
24296011,5355,0,2,0,0,0,0,0,0,0,0,0
24299654,5356,0,2,0,0,0,0,0,0,0,0,0
24303299,5357,0,2,0,0,0,0,0,0,0,0,0
24306942,5358,0,2,0,0,0,0,0,0,0,0,0
24310586,5359,0,2,0,0,0,0,0,0,0,0,0
24314230,5360,0,2,0,0,0,0,0,0,0,0,0
24317875,5361,0,2,0,0,0,0,0,0,0,0,0
24321518,5362,0,2,0,0,0,0,0,0,0,0,0
24325162,5363,0,2,0,0,0,0,0,0,0,0,0
24328806,5364,0,2,0,0,0,0,0,0,0,0,0
24332450,5365,0,2,0,0,0,0,0,0,0,0,0
24336095,5366,0,2,0,0,0,0,0,0,0,0,0
24339738,5367,0,2,0,0,0,0,0,0,0,0,0
24343383,5368,0,2,0,0,0,0,0,0,0,0,0
24347027,5369,0,2,0,0,0,0,0,0,0,0,0
24350670,5370,0,2,0,0,0,0,0,0,0,0,0
24354315,5371,0,2,0,0,0,0,0,0,0,0,0
24357958,5372,0,2,0,0,0,0,0,0,0,0,0
24361602,5373,0,2,0,0,0,0,0,0,0,0,0
24365247,5374,0,2,0,0,0,0,0,0,0,0,0
24368890,5375,0,2,0,0,0,0,0,0,0,0,0
24372534,5376,0,2,0,0,0,0,0,0,0,0,0
24376179,5377,0,2,0,0,0,0,0,0,0,0,0
24379822,5378,0,2,0,0,0,0,0,0,0,0,0
24383466,5379,0,2,0,0,0,0,0,0,0,0,0
24387110,5380,0,2,0,0,0,0,0,0,0,0,0
24390755,5381,0,2,0,0,0,0,0,0,0,0,0
24394398,5382,0,2,0,0,0,0,0,0,0,0,0
24398043,5383,0,2,0,0,0,0,0,0,0,0,0
24401686,5384,0,2,0,0,0,0,0,0,0,0,0
24405330,5385,0,2,0,0,0,0,0,0,0,0,0
24408974,5386,0,2,0,0,0,0,0,0,0,0,0
24412618,5387,0,2,0,0,0,0,0,0,0,0,0
24416262,5388,0,2,0,0,0,0,0,0,0,0,0
24419906,5389,0,2,0,0,0,0,0,0,0,0,0
24423550,5390,0,2,0,0,0,0,0,0,0,0,0
24427195,5391,0,2,0,0,0,0,0,0,0,0,0
24430838,5392,0,2,0,0,0,0,0,0,0,0,0
24434482,5393,0,2,0,0,0,0,0,0,0,0,0
24438126,5394,0,2,0,0,0,0,0,0,0,0,0
24441770,5395,0,2,0,0,0,0,0,0,0,0,0
24445414,5396,0,2,0,0,0,0,0,0,0,0,0
24449058,5397,0,2,0,0,0,0,0,0,0,0,0
24452702,5398,0,2,0,0,0,0,0,0,0,0,0
24456346,5399,0,2,0,0,0,0,0,0,0,0,0
24459990,5400,0,2,0,0,0,0,0,0,0,0,0
24463635,5401,0,2,0,0,0,0,0,0,0,0,0
24467279,5402,0,2,0,0,0,0,0,0,0,0,0
24470922,5403,0,2,0,0,0,0,0,0,0,0,0
24474566,5404,0,2,0,0,0,0,0,0,0,0,0
24478210,5405,0,2,0,0,0,0,0,0,0,0,0
24481854,5406,0,2,0,0,0,0,0,0,0,0,0
24485498,5407,0,2,0,0,0,0,0,0,0,0,0
24489143,5408,0,2,0,0,0,0,0,0,0,0,0
24492786,5409,0,2,0,0,0,0,0,0,0,0,0
24496430,5410,0,2,0,0,0,0,0,0,0,0,0
24500075,5411,0,2,0,0,0,0,0,0,0,0,0
24503718,5412,0,2,0,0,0,0,0,0,0,0,0
24507362,5413,0,2,0,0,0,0,0,0,0,0,0
24511007,5414,0,2,0,0,0,0,0,0,0,0,0
24514650,5415,0,2,0,0,0,0,0,0,0,0,0
24518295,5416,0,2,0,0,0,0,0,0,0,0,0
24521938,5417,0,2,0,0,0,0,0,0,0,0,0
24525582,5418,0,2,0,0,0,0,0,0,0,0,0
24529227,5419,0,2,0,0,0,0,0,0,0,0,0
24532870,5420,0,2,0,0,0,0,0,0,0,0,0
24536515,5421,0,2,0,0,0,0,0,0,0,0,0
24540158,5422,0,2,0,0,0,0,0,0,0,0,0
24543802,5423,0,2,0,0,0,0,0,0,0,0,0
24547446,5424,0,2,0,0,0,0,0,0,0,0,0
24551090,5425,0,2,0,0,0,0,0,0,0,0,0
24554734,5426,0,2,0,0,0,0,0,0,0,0,0
24558378,5427,0,2,0,0,0,0,0,0,0,0,0
24562023,5428,0,2,0,0,0,0,0,0,0,0,0
24565666,5429,0,2,0,0,0,0,0,0,0,0,0
24569311,5430,0,2,0,0,0,0,0,0,0,0,0
24572955,5431,0,2,0,0,0,0,0,0,0,0,0
24576598,5432,0,2,0,0,0,0,0,0,0,0,0
24580243,5433,0,2,0,0,0,0,0,0,0,0,0
24583886,5434,0,2,0,0,0,0,0,0,0,0,0
24587530,5435,0,2,0,0,0,0,0,0,0,0,0
24591174,5436,0,2,0,0,0,0,0,0,0,0,0
24594818,5437,0,2,0,0,0,0,0,0,0,0,0
24598462,5438,0,2,0,0,0,0,0,0,0,0,0
24602107,5439,0,2,0,0,0,0,0,0,0,0,0
24605750,5440,0,2,0,0,0,0,0,0,0,0,0
24609395,5441,0,2,0,0,0,0,0,0,0,0,0
24613039,5442,0,2,0,0,0,0,0,0,0,0,0
24616682,5443,0,2,0,0,0,0,0,0,0,0,0
24620326,5444,0,2,0,0,0,0,0,0,0,0,0
24623970,5445,0,2,0,0,0,0,0,0,0,0,0
24627614,5446,0,2,0,0,0,0,0,0,0,0,0
24631258,5447,0,2,0,0,0,0,0,0,0,0,0
24634902,5448,0,2,0,0,0,0,0,0,0,0,0
24644994,5449,0,2,0,0,0,0,0,0,0,0,0
24648626,5450,0,2,0,0,0,0,0,0,0,0,0
24652271,5451,0,2,0,0,0,0,0,0,0,0,0
24655914,5452,0,2,0,0,0,0,0,0,0,0,0
24659558,5453,0,2,0,0,0,0,0,0,0,0,0
24663202,5454,0,2,0,0,0,0,0,0,0,0,0
24666846,5455,0,2,0,0,0,0,0,0,0,0,0
24670490,5456,0,2,0,0,0,0,0,0,0,0,0
24674135,5457,0,2,0,0,0,0,0,0,0,0,0
24677778,5458,0,2,0,0,0,0,0,0,0,0,0
24681422,5459,0,2,0,0,0,0,0,0,0,0,0
24685067,5460,0,2,0,0,0,0,0,0,0,0,0
24688711,5461,0,2,0,0,0,0,0,0,0,0,0
24692354,5462,0,2,0,0,0,0,0,0,0,0,0
24695998,5463,0,2,0,0,0,0,0,0,0,0,0
24699642,5464,0,2,0,0,0,0,0,0,0,0,0
24703287,5465,0,2,0,0,0,0,0,0,0,0,0
24706930,5466,0,2,0,0,0,0,0,0,0,0,0
24710574,5467,0,2,0,0,0,0,0,0,0,0,0
24714218,5468,0,2,0,0,0,0,0,0,0,0,0
24717862,5469,0,2,0,0,0,0,0,0,0,0,0
24721506,5470,0,2,0,0,0,0,0,0,0,0,0
24725151,5471,0,2,0,0,0,0,0,0,0,0,0
24728794,5472,0,2,0,0,0,0,0,0,0,0,0
24732438,5473,0,2,0,0,0,0,0,0,0,0,0
24736083,5474,0,2,0,0,0,0,0,0,0,0,0
24739726,5475,0,2,0,0,0,0,0,0,0,0,0
24743371,5476,0,2,0,0,0,0,0,0,0,0,0
24747014,5477,0,2,0,0,0,0,0,0,0,0,0
24750658,5478,0,2,0,0,0,0,0,0,0,0,0
24754302,5479,0,2,0,0,0,0,0,0,0,0,0
24757946,5480,0,2,0,0,0,0,0,0,0,0,0
24761591,5481,0,2,0,0,0,0,0,0,0,0,0
24765234,5482,0,2,0,0,0,0,0,0,0,0,0
24768878,5483,0,2,0,0,0,0,0,0,0,0,0
24772522,5484,0,2,0,0,0,0,0,0,0,0,0
24776166,5485,0,2,0,0,0,0,0,0,0,0,0
24779810,5486,0,2,0,0,0,0,0,0,0,0,0
24783454,5487,0,2,0,0,0,0,0,0,0,0,0
24787099,5488,0,2,0,0,0,0,0,0,0,0,0
24790742,5489,0,2,0,0,0,0,0,0,0,0,0
24794386,5490,0,2,0,0,0,0,0,0,0,0,0
24798031,5491,0,2,0,0,0,0,0,0,0,0,0
24801674,5492,0,2,0,0,0,0,0,0,0,0,0
24805318,5493,0,2,0,0,0,0,0,0,0,0,0
24808962,5494,0,2,0,0,0,0,0,0,0,0,0
24812606,5495,0,2,0,0,0,0,0,0,0,0,0
24816250,5496,0,2,0,0,0,0,0,0,0,0,0
24819894,5497,0,2,0,0,0,0,0,0,0,0,0
24823538,5498,0,2,0,0,0,0,0,0,0,0,0
24827183,5499,0,2,0,0,0,0,0,0,0,0,0
24830826,5500,0,2,0,0,0,0,0,0,0,0,0
24834471,5501,0,2,0,0,0,0,0,0,0,0,0
24838114,5502,0,2,0,0,0,0,0,0,0,0,0
24841758,5503,0,2,0,0,0,0,0,0,0,0,0
24845402,5504,0,2,0,0,0,0,0,0,0,0,0
24849046,5505,0,2,0,0,0,0,0,0,0,0,0
24852690,5506,0,2,0,0,0,0,0,0,0,0,0
24856334,5507,0,2,0,0,0,0,0,0,0,0,0
24859978,5508,0,2,0,0,0,0,0,0,0,0,0
24863622,5509,0,2,0,0,0,0,0,0,0,0,0
24867266,5510,0,2,0,0,0,0,0,0,0,0,0
24870911,5511,0,2,0,0,0,0,0,0,0,0,0
24874554,5512,0,2,0,0,0,0,0,0,0,0,0
24878199,5513,0,2,0,0,0,0,0,0,0,0,0
24881842,5514,0,2,0,0,0,0,0,0,0,0,0
24885486,5515,0,2,0,0,0,0,0,0,0,0,0
24889131,5516,0,2,0,0,0,0,0,0,0,0,0
24892774,5517,0,2,0,0,0,0,0,0,0,0,0
24896418,5518,0,2,0,0,0,0,0,0,0,0,0
24900063,5519,0,2,0,0,0,0,0,0,0,0,0
24903706,5520,0,2,0,0,0,0,0,0,0,0,0
24907351,5521,0,2,0,0,0,0,0,0,0,0,0
24910994,5522,0,2,0,0,0,0,0,0,0,0,0
24914638,5523,0,2,0,0,0,0,0,0,0,0,0
24918282,5524,0,2,0,0,0,0,0,0,0,0,0
24921926,5525,0,2,0,0,0,0,0,0,0,0,0
24925570,5526,0,2,0,0,0,0,0,0,0,0,0
24929215,5527,0,2,0,0,0,0,0,0,0,0,0
24932858,5528,0,2,0,0,0,0,0,0,0,0,0
24936502,5529,0,2,0,0,0,0,0,0,0,0,0
24940146,5530,0,2,0,0,0,0,0,0,0,0,0
24943791,5531,0,2,0,0,0,0,0,0,0,0,0
24947434,5532,0,2,0,0,0,0,0,0,0,0,0
24951079,5533,0,2,0,0,0,0,0,0,0,0,0
24954722,5534,0,2,0,0,0,0,0,0,0,0,0
24958366,5535,0,2,0,0,0,0,0,0,0,0,0
24962011,5536,0,2,0,0,0,0,0,0,0,0,0
24965654,5537,0,2,0,0,0,0,0,0,0,0,0
24969299,5538,0,2,0,0,0,0,0,0,0,0,0
24972942,5539,0,2,0,0,0,0,0,0,0,0,0
24976586,5540,0,2,0,0,0,0,0,0,0,0,0
24980231,5541,0,2,0,0,0,0,0,0,0,0,0
24983874,5542,0,2,0,0,0,0,0,0,0,0,0
24987518,5543,0,2,0,0,0,0,0,0,0,0,0
24991162,5544,0,2,0,0,0,0,0,0,0,0,0
24994806,5545,0,2,0,0,0,0,0,0,0,0,0
24998450,5546,0,2,0,0,0,0,0,0,0,0,0
25002095,5547,0,2,0,0,0,0,0,0,0,0,0
25005738,5548,0,2,0,0,0,0,0,0,0,0,0
25009383,5549,0,2,0,0,0,0,0,0,0,0,0
25013027,5550,0,2,0,0,0,0,0,0,0,0,0
25016671,5551,0,2,0,0,0,0,0,0,0,0,0
25020314,5552,0,2,0,0,0,0,0,0,0,0,0
25023958,5553,0,2,0,0,0,0,0,0,0,0,0
25027602,5554,0,2,0,0,0,0,0,0,0,0,0
25031247,5555,0,2,0,0,0,0,0,0,0,0,0
25034890,5556,0,2,0,0,0,0,0,0,0,0,0
25038534,5557,0,2,0,0,0,0,0,0,0,0,0
25042179,5558,0,2,0,0,0,0,0,0,0,0,0
25045822,5559,0,2,0,0,0,0,0,0,0,0,0
25049466,5560,0,2,0,0,0,0,0,0,0,0,0
25053111,5561,0,2,0,0,0,0,0,0,0,0,0
25056754,5562,0,2,0,0,0,0,0,0,0,0,0
25060398,5563,0,2,0,0,0,0,0,0,0,0,0
25064043,5564,0,2,0,0,0,0,0,0,0,0,0
25067686,5565,0,2,0,0,0,0,0,0,0,0,0
25071330,5566,0,2,0,0,0,0,0,0,0,0,0
25074974,5567,0,2,0,0,0,0,0,0,0,0,0
25078618,5568,0,2,0,0,0,0,0,0,0,0,0
25082262,5569,0,2,0,0,0,0,0,0,0,0,0
25085906,5570,0,2,0,0,0,0,0,0,0,0,0
25089551,5571,0,2,0,0,0,0,0,0,0,0,0
25093195,5572,0,2,0,0,0,0,0,0,0,0,0
25096838,5573,0,2,0,0,0,0,0,0,0,0,0
25100482,5574,0,2,0,0,0,0,0,0,0,0,0
25104126,5575,0,2,0,0,0,0,0,0,0,0,0
25107770,5576,0,2,0,0,0,0,0,0,0,0,0
25111414,5577,0,2,0,0,0,0,0,0,0,0,0
25115058,5578,0,2,0,0,0,0,0,0,0,0,0
25118702,5579,0,2,0,0,0,0,0,0,0,0,0
25122346,5580,0,2,0,0,0,0,0,0,0,0,0
25125991,5581,0,2,0,0,0,0,0,0,0,0,0
25129634,5582,0,2,0,0,0,0,0,0,0,0,0
25133278,5583,0,2,0,0,0,0,0,0,0,0,0
25136922,5584,0,2,0,0,0,0,0,0,0,0,0
25140566,5585,0,2,0,0,0,0,0,0,0,0,0
25144210,5586,0,2,0,0,0,0,0,0,0,0,0
25147854,5587,0,2,0,0,0,0,0,0,0,0,0
25151498,5588,0,2,0,0,0,0,0,0,0,0,0
25155143,5589,0,2,0,0,0,0,0,0,0,0,0
25158786,5590,0,2,0,0,0,0,0,0,0,0,0
25162431,5591,0,2,0,0,0,0,0,0,0,0,0
25166074,5592,0,2,0,0,0,0,0,0,0,0,0
25169718,5593,0,2,0,0,0,0,0,0,0,0,0
25173362,5594,0,2,0,0,0,0,0,0,0,0,0
25177007,5595,0,2,0,0,0,0,0,0,0,0,0
25180650,5596,0,2,0,0,0,0,0,0,0,0,0
25184295,5597,0,2,0,0,0,0,0,0,0,0,0
25187938,5598,0,2,0,0,0,0,0,0,0,0,0
25191582,5599,0,2,0,0,0,0,0,0,0,0,0
25195227,5600,0,2,0,0,0,0,0,0,0,0,0
25198871,5601,0,2,0,0,0,0,0,0,0,0,0
25202514,5602,0,2,0,0,0,0,0,0,0,0,0
25206158,5603,0,2,0,0,0,0,0,0,0,0,0
25209802,5604,0,2,0,0,0,0,0,0,0,0,0
25213446,5605,0,2,0,0,0,0,0,0,0,0,0
25217090,5606,0,2,0,0,0,0,0,0,0,0,0
25220734,5607,0,2,0,0,0,0,0,0,0,0,0
25224378,5608,0,2,0,0,0,0,0,0,0,0,0
25228023,5609,0,2,0,0,0,0,0,0,0,0,0
25231666,5610,0,2,0,0,0,0,0,0,0,0,0
25235311,5611,0,2,0,0,0,0,0,0,0,0,0
25238954,5612,0,2,0,0,0,0,0,0,0,0,0
25242598,5613,0,2,0,0,0,0,0,0,0,0,0
25246243,5614,0,2,0,0,0,0,0,0,0,0,0
25249886,5615,0,2,0,0,0,0,0,0,0,0,0
25253530,5616,0,2,0,0,0,0,0,0,0,0,0
25257174,5617,0,2,0,0,0,0,0,0,0,0,0
25260818,5618,0,2,0,0,0,0,0,0,0,0,0
25264462,5619,0,2,0,0,0,0,0,0,0,0,0
25268107,5620,0,2,0,0,0,0,0,0,0,0,0
25271751,5621,0,2,0,0,0,0,0,0,0,0,0
25275394,5622,0,2,0,0,0,0,0,0,0,0,0
25279039,5623,0,2,0,0,0,0,0,0,0,0,0
25282682,5624,0,2,0,0,0,0,0,0,0,0,0
25286326,5625,0,2,0,0,0,0,0,0,0,0,0
25289970,5626,0,2,0,0,0,0,0,0,0,0,0
25293614,5627,0,2,0,0,0,0,0,0,0,0,0
25297258,5628,0,2,0,0,0,0,0,0,0,0,0
25300902,5629,0,2,0,0,0,0,0,0,0,0,0
25304546,5630,0,2,0,0,0,0,0,0,0,0,0
25308191,5631,0,2,0,0,0,0,0,0,0,0,0
25311834,5632,0,2,0,0,0,0,0,0,0,0,0
25315478,5633,0,2,0,0,0,0,0,0,0,0,0
25319123,5634,0,2,0,0,0,0,0,0,0,0,0
25322766,5635,0,2,0,0,0,0,0,0,0,0,0
25326410,5636,0,2,0,0,0,0,0,0,0,0,0
25330055,5637,0,2,0,0,0,0,0,0,0,0,0
25333698,5638,0,2,0,0,0,0,0,0,0,0,0
25337342,5639,0,2,0,0,0,0,0,0,0,0,0
25340986,5640,0,2,0,0,0,0,0,0,0,0,0
25344631,5641,0,2,0,0,0,0,0,0,0,0,0
25348274,5642,0,2,0,0,0,0,0,0,0,0,0
25351918,5643,0,2,0,0,0,0,0,0,0,0,0
25355562,5644,0,2,0,0,0,0,0,0,0,0,0
25359206,5645,0,2,0,0,0,0,0,0,0,0,0
25362850,5646,0,2,0,0,0,0,0,0,0,0,0
25366494,5647,0,2,0,0,0,0,0,0,0,0,0
25370138,5648,0,2,0,0,0,0,0,0,0,0,0
25373782,5649,0,2,0,0,0,0,0,0,0,0,0
25377426,5650,0,2,0,0,0,0,0,0,0,0,0
25381071,5651,0,2,0,0,0,0,0,0,0,0,0
25384714,5652,0,2,0,0,0,0,0,0,0,0,0
25388358,5653,0,2,0,0,0,0,0,0,0,0,0
25392003,5654,0,2,0,0,0,0,0,0,0,0,0
25395646,5655,0,2,0,0,0,0,0,0,0,0,0
25399290,5656,0,2,0,0,0,0,0,0,0,0,0
25402934,5657,0,2,0,0,0,0,0,0,0,0,0
25406578,5658,0,2,0,0,0,0,0,0,0,0,0
25410222,5659,0,2,0,0,0,0,0,0,0,0,0
25413866,5660,0,2,0,0,0,0,0,0,0,0,0
25417511,5661,0,2,0,0,0,0,0,0,0,0,0
25421154,5662,0,2,0,0,0,0,0,0,0,0,0
25424798,5663,0,2,0,0,0,0,0,0,0,0,0
25428442,5664,0,2,0,0,0,0,0,0,0,0,0
25432087,5665,0,2,0,0,0,0,0,0,0,0,0
25435730,5666,0,2,0,0,0,0,0,0,0,0,0
25439374,5667,0,2,0,0,0,0,0,0,0,0,0
25443018,5668,0,2,0,0,0,0,0,0,0,0,0
25446662,5669,0,2,0,0,0,0,0,0,0,0,0
25450307,5670,0,2,0,0,0,0,0,0,0,0,0
25453951,5671,0,2,0,0,0,0,0,0,0,0,0
25457594,5672,0,2,0,0,0,0,0,0,0,0,0
25461238,5673,0,2,0,0,0,0,0,0,0,0,0
25464882,5674,0,2,0,0,0,0,0,0,0,0,0
25468526,5675,0,2,0,0,0,0,0,0,0,0,0
25477049,5676,0,2,0,0,0,0,0,0,0,0,0
25480681,5677,0,2,0,0,0,0,0,0,0,0,0
25484325,5678,0,2,0,0,0,0,0,0,0,0,0
25487969,5679,0,2,0,0,0,0,0,0,0,0,0
25491613,5680,0,2,0,0,0,0,0,0,0,0,0
25495258,5681,0,2,0,0,0,0,0,0,0,0,0
25498901,5682,0,2,0,0,0,0,0,0,0,0,0
25502545,5683,0,2,0,0,0,0,0,0,0,0,0
25506190,5684,0,2,0,0,0,0,0,0,0,0,0
25509833,5685,0,2,0,0,0,0,0,0,0,0,0
25513477,5686,0,2,0,0,0,0,0,0,0,0,0
25517122,5687,0,2,0,0,0,0,0,0,0,0,0
25520765,5688,0,2,0,0,0,0,0,0,0,0,0
25524409,5689,0,2,0,0,0,0,0,0,0,0,0
25528054,5690,0,2,0,0,0,0,0,0,0,0,0
25531698,5691,0,2,0,0,0,0,0,0,0,0,0
25535341,5692,0,2,0,0,0,0,0,0,0,0,0
25538985,5693,0,2,0,0,0,0,0,0,0,0,0
25542629,5694,0,2,0,0,0,0,0,0,0,0,0
25546274,5695,0,2,0,0,0,0,0,0,0,0,0
25549917,5696,0,2,0,0,0,0,0,0,0,0,0
25553561,5697,0,2,0,0,0,0,0,0,0,0,0
25557205,5698,0,2,0,0,0,0,0,0,0,0,0
25560849,5699,0,2,0,0,0,0,0,0,0,0,0
25564493,5700,0,2,0,0,0,0,0,0,0,0,0
25568138,5701,0,2,0,0,0,0,0,0,0,0,0
25571781,5702,0,2,0,0,0,0,0,0,0,0,0
25575425,5703,0,2,0,0,0,0,0,0,0,0,0
25579070,5704,0,2,0,0,0,0,0,0,0,0,0
25582713,5705,0,2,0,0,0,0,0,0,0,0,0
25586357,5706,0,2,0,0,0,0,0,0,0,0,0
25590001,5707,0,2,0,0,0,0,0,0,0,0,0
25593645,5708,0,2,0,0,0,0,0,0,0,0,0
25597289,5709,0,2,0,0,0,0,0,0,0,0,0
25600933,5710,0,2,0,0,0,0,0,0,0,0,0
25604578,5711,0,2,0,0,0,0,0,0,0,0,0
25608221,5712,0,2,0,0,0,0,0,0,0,0,0
25611865,5713,0,2,0,0,0,0,0,0,0,0,0
25615509,5714,0,2,0,0,0,0,0,0,0,0,0
25619154,5715,0,2,0,0,0,0,0,0,0,0,0
25622797,5716,0,2,0,0,0,0,0,0,0,0,0
25626441,5717,0,2,0,0,0,0,0,0,0,0,0
25630085,5718,0,2,0,0,0,0,0,0,0,0,0
25633729,5719,0,2,0,0,0,0,0,0,0,0,0
25637373,5720,0,2,0,0,0,0,0,0,0,0,0
25641018,5721,0,2,0,0,0,0,0,0,0,0,0
25644661,5722,0,2,0,0,0,0,0,0,0,0,0
25648305,5723,0,2,0,0,0,0,0,0,0,0,0
25651949,5724,0,2,0,0,0,0,0,0,0,0,0
25655593,5725,0,2,0,0,0,0,0,0,0,0,0
25659237,5726,0,2,0,0,0,0,0,0,0,0,0
25662881,5727,0,2,0,0,0,0,0,0,0,0,0
25666525,5728,0,2,0,0,0,0,0,0,0,0,0
25670170,5729,0,2,0,0,0,0,0,0,0,0,0
25673813,5730,0,2,0,0,0,0,0,0,0,0,0
25677458,5731,0,2,0,0,0,0,0,0,0,0,0
25681102,5732,0,2,0,0,0,0,0,0,0,0,0
25684745,5733,0,2,0,0,0,0,0,0,0,0,0
25688389,5734,0,2,0,0,0,0,0,0,0,0,0
25692033,5735,0,2,0,0,0,0,0,0,0,0,0
25695677,5736,0,2,0,0,0,0,0,0,0,0,0
25699321,5737,0,2,0,0,0,0,0,0,0,0,0
25702965,5738,0,2,0,0,0,0,0,0,0,0,0
25706609,5739,0,2,0,0,0,0,0,0,0,0,0
25710253,5740,0,2,0,0,0,0,0,0,0,0,0
25713898,5741,0,2,0,0,0,0,0,0,0,0,0
25717541,5742,0,2,0,0,0,0,0,0,0,0,0
25721185,5743,0,2,0,0,0,0,0,0,0,0,0
25724829,5744,0,2,0,0,0,0,0,0,0,0,0
25728473,5745,0,2,0,0,0,0,0,0,0,0,0
25732118,5746,0,2,0,0,0,0,0,0,0,0,0
25735761,5747,0,2,0,0,0,0,0,0,0,0,0
25739405,5748,0,2,0,0,0,0,0,0,0,0,0
25743049,5749,0,2,0,0,0,0,0,0,0,0,0
25746693,5750,0,2,0,0,0,0,0,0,0,0,0
25750338,5751,0,2,0,0,0,0,0,0,0,0,0
25753981,5752,0,2,0,0,0,0,0,0,0,0,0
25757625,5753,0,2,0,0,0,0,0,0,0,0,0
25761269,5754,0,2,0,0,0,0,0,0,0,0,0
25764913,5755,0,2,0,0,0,0,0,0,0,0,0
25768557,5756,0,2,0,0,0,0,0,0,0,0,0
25772202,5757,0,2,0,0,0,0,0,0,0,0,0
25775845,5758,0,2,0,0,0,0,0,0,0,0,0
25779489,5759,0,2,0,0,0,0,0,0,0,0,0
25783133,5760,0,2,0,0,0,0,0,0,0,0,0
25786778,5761,0,2,0,0,0,0,0,0,0,0,0
25790421,5762,0,2,0,0,0,0,0,0,0,0,0
25794065,5763,0,2,0,0,0,0,0,0,0,0,0
25797709,5764,0,2,0,0,0,0,0,0,0,0,0
25801353,5765,0,2,0,0,0,0,0,0,0,0,0
25804997,5766,0,2,0,0,0,0,0,0,0,0,0
25808641,5767,0,2,0,0,0,0,0,0,0,0,0
25812285,5768,0,2,0,0,0,0,0,0,0,0,0
25815929,5769,0,2,0,0,0,0,0,0,0,0,0
25819573,5770,0,2,0,0,0,0,0,0,0,0,0
25823218,5771,0,2,0,0,0,0,0,0,0,0,0
25826861,5772,0,2,0,0,0,0,0,0,0,0,0
25830505,5773,0,2,0,0,0,0,0,0,0,0,0
25834150,5774,0,2,0,0,0,0,0,0,0,0,0
25837793,5775,0,2,0,0,0,0,0,0,0,0,0
25841437,5776,0,2,0,0,0,0,0,0,0,0,0
25845082,5777,0,2,0,0,0,0,0,0,0,0,0
25848725,5778,0,2,0,0,0,0,0,0,0,0,0
25852369,5779,0,2,0,0,0,0,0,0,0,0,0
25856014,5780,0,2,0,0,0,0,0,0,0,0,0
25859658,5781,0,2,0,0,0,0,0,0,0,0,0
25863301,5782,0,2,0,0,0,0,0,0,0,0,0
25866945,5783,0,2,0,0,0,0,0,0,0,0,0
25870589,5784,0,2,0,0,0,0,0,0,0,0,0
25874233,5785,0,2,0,0,0,0,0,0,0,0,0
25877877,5786,0,2,0,0,0,0,0,0,0,0,0
25881521,5787,0,2,0,0,0,0,0,0,0,0,0
25885165,5788,0,2,0,0,0,0,0,0,0,0,0
25888809,5789,0,2,0,0,0,0,0,0,0,0,0
25892453,5790,0,2,0,0,0,0,0,0,0,0,0
25896098,5791,0,2,0,0,0,0,0,0,0,0,0
25899741,5792,0,2,0,0,0,0,0,0,0,0,0
25903385,5793,0,2,0,0,0,0,0,0,0,0,0
25907029,5794,0,2,0,0,0,0,0,0,0,0,0
25910673,5795,0,2,0,0,0,0,0,0,0,0,0
25914317,5796,0,2,0,0,0,0,0,0,0,0,0
25917961,5797,0,2,0,0,0,0,0,0,0,0,0
25921605,5798,0,2,0,0,0,0,0,0,0,0,0
25925249,5799,0,2,0,0,0,0,0,0,0,0,0
25928893,5800,0,2,0,0,0,0,0,0,0,0,0
25932538,5801,0,2,0,0,0,0,0,0,0,0,0
25936182,5802,0,2,0,0,0,0,0,0,0,0,0
25939825,5803,0,2,0,0,0,0,0,0,0,0,0
25943469,5804,0,2,0,0,0,0,0,0,0,0,0
25947113,5805,0,2,0,0,0,0,0,0,0,0,0
25950757,5806,0,2,0,0,0,0,0,0,0,0,0
25954401,5807,0,2,0,0,0,0,0,0,0,0,0
25958046,5808,0,2,0,0,0,0,0,0,0,0,0
25961689,5809,0,2,0,0,0,0,0,0,0,0,0
25965333,5810,0,2,0,0,0,0,0,0,0,0,0
25968978,5811,0,2,0,0,0,0,0,0,0,0,0
25972621,5812,0,2,0,0,0,0,0,0,0,0,0
25976266,5813,0,2,0,0,0,0,0,0,0,0,0
25979909,5814,0,2,0,0,0,0,0,0,0,0,0
25983553,5815,0,2,0,0,0,0,0,0,0,0,0
25987197,5816,0,2,0,0,0,0,0,0,0,0,0
25990841,5817,0,2,0,0,0,0,0,0,0,0,0
25994485,5818,0,2,0,0,0,0,0,0,0,0,0
25998129,5819,0,2,0,0,0,0,0,0,0,0,0
26001773,5820,0,2,0,0,0,0,0,0,0,0,0
26005418,5821,0,2,0,0,0,0,0,0,0,0,0
26009062,5822,0,2,0,0,0,0,0,0,0,0,0
26012705,5823,0,2,0,0,0,0,0,0,0,0,0
26016349,5824,0,2,0,0,0,0,0,0,0,0,0
26019993,5825,0,2,0,0,0,0,0,0,0,0,0
26023637,5826,0,2,0,0,0,0,0,0,0,0,0
26027281,5827,0,2,0,0,0,0,0,0,0,0,0
26030925,5828,0,2,0,0,0,0,0,0,0,0,0
26034569,5829,0,2,0,0,0,0,0,0,0,0,0
26038213,5830,0,2,0,0,0,0,0,0,0,0,0
26041858,5831,0,2,0,0,0,0,0,0,0,0,0
26045501,5832,0,2,0,0,0,0,0,0,0,0,0
26049146,5833,0,2,0,0,0,0,0,0,0,0,0
26052789,5834,0,2,0,0,0,0,0,0,0,0,0
26056433,5835,0,2,0,0,0,0,0,0,0,0,0
26060077,5836,0,2,0,0,0,0,0,0,0,0,0
26063721,5837,0,2,0,0,0,0,0,0,0,0,0
26067365,5838,0,2,0,0,0,0,0,0,0,0,0
26071010,5839,0,2,0,0,0,0,0,0,0,0,0
26074653,5840,0,2,0,0,0,0,0,0,0,0,0
26078298,5841,0,2,0,0,0,0,0,0,0,0,0
26081941,5842,0,2,0,0,0,0,0,0,0,0,0
26085585,5843,0,2,0,0,0,0,0,0,0,0,0
26089229,5844,0,2,0,0,0,0,0,0,0,0,0
26092873,5845,0,2,0,0,0,0,0,0,0,0,0
26096517,5846,0,2,0,0,0,0,0,0,0,0,0
26100161,5847,0,2,0,0,0,0,0,0,0,0,0
26103805,5848,0,2,0,0,0,0,0,0,0,0,0
26107449,5849,0,2,0,0,0,0,0,0,0,0,0
26111093,5850,0,2,0,0,0,0,0,0,0,0,0
26114738,5851,0,2,0,0,0,0,0,0,0,0,0
26118381,5852,0,2,0,0,0,0,0,0,0,0,0
26122026,5853,0,2,0,0,0,0,0,0,0,0,0
26125669,5854,0,2,0,0,0,0,0,0,0,0,0
26129313,5855,0,2,0,0,0,0,0,0,0,0,0
26132957,5856,0,2,0,0,0,0,0,0,0,0,0
26136601,5857,0,2,0,0,0,0,0,0,0,0,0
26140245,5858,0,2,0,0,0,0,0,0,0,0,0
26143889,5859,0,2,0,0,0,0,0,0,0,0,0
26147533,5860,0,2,0,0,0,0,0,0,0,0,0
26151178,5861,0,2,0,0,0,0,0,0,0,0,0
26154821,5862,0,2,0,0,0,0,0,0,0,0,0
26158465,5863,0,2,0,0,0,0,0,0,0,0,0
26162109,5864,0,2,0,0,0,0,0,0,0,0,0
26165753,5865,0,2,0,0,0,0,0,0,0,0,0
26169397,5866,0,2,0,0,0,0,0,0,0,0,0
26173042,5867,0,2,0,0,0,0,0,0,0,0,0
26176685,5868,0,2,0,0,0,0,0,0,0,0,0
26180329,5869,0,2,0,0,0,0,0,0,0,0,0
26183973,5870,0,2,0,0,0,0,0,0,0,0,0
26187618,5871,0,2,0,0,0,0,0,0,0,0,0
26191261,5872,0,2,0,0,0,0,0,0,0,0,0
26194905,5873,0,2,0,0,0,0,0,0,0,0,0
26198549,5874,0,2,0,0,0,0,0,0,0,0,0
26202194,5875,0,2,0,0,0,0,0,0,0,0,0
26205837,5876,0,2,0,0,0,0,0,0,0,0,0
26209481,5877,0,2,0,0,0,0,0,0,0,0,0
26213126,5878,0,2,0,0,0,0,0,0,0,0,0
26216769,5879,0,2,0,0,0,0,0,0,0,0,0
26220413,5880,0,2,0,0,0,0,0,0,0,0,0
26224058,5881,0,2,0,0,0,0,0,0,0,0,0
26227701,5882,0,2,0,0,0,0,0,0,0,0,0
26231345,5883,0,2,0,0,0,0,0,0,0,0,0
26234989,5884,0,2,0,0,0,0,0,0,0,0,0
26238633,5885,0,2,0,0,0,0,0,0,0,0,0
26242277,5886,0,2,0,0,0,0,0,0,0,0,0
26245921,5887,0,2,0,0,0,0,0,0,0,0,0
26249565,5888,0,2,0,0,0,0,0,0,0,0,0
26253209,5889,0,2,0,0,0,0,0,0,0,0,0
26256853,5890,0,2,0,0,0,0,0,0,0,0,0
26260498,5891,0,2,0,0,0,0,0,0,0,0,0
26264142,5892,0,2,0,0,0,0,0,0,0,0,0
26267785,5893,0,2,0,0,0,0,0,0,0,0,0
26271429,5894,0,2,0,0,0,0,0,0,0,0,0
26275074,5895,0,2,0,0,0,0,0,0,0,0,0
26278717,5896,0,2,0,0,0,0,0,0,0,0,0
26282362,5897,0,2,0,0,0,0,0,0,0,0,0
26286006,5898,0,2,0,0,0,0,0,0,0,0,0
26289649,5899,0,2,0,0,0,0,0,0,0,0,0
26293293,5900,0,2,0,0,0,0,0,0,0,0,0
26296938,5901,0,2,0,0,0,0,0,0,0,0,0
26300581,5902,0,2,0,0,0,0,0,0,0,0,0
26310888,5903,0,2,0,0,0,0,0,0,0,0,0
26314519,5904,0,2,0,0,0,0,0,0,0,0,0
26318163,5905,0,2,0,0,0,0,0,0,0,0,0
26321807,5906,0,2,0,0,0,0,0,0,0,0,0
26325451,5907,0,2,0,0,0,0,0,0,0,0,0
26329096,5908,0,2,0,0,0,0,0,0,0,0,0
26332739,5909,0,2,0,0,0,0,0,0,0,0,0
26336383,5910,0,2,0,0,0,0,0,0,0,0,0
26340028,5911,0,2,0,0,0,0,0,0,0,0,0
26343671,5912,0,2,0,0,0,0,0,0,0,0,0
26347315,5913,0,2,0,0,0,0,0,0,0,0,0
26350959,5914,0,2,0,0,0,0,0,0,0,0,0
26354603,5915,0,2,0,0,0,0,0,0,0,0,0
26358247,5916,0,2,0,0,0,0,0,0,0,0,0
26361891,5917,0,2,0,0,0,0,0,0,0,0,0
26365535,5918,0,2,0,0,0,0,0,0,0,0,0
26369180,5919,0,2,0,0,0,0,0,0,0,0,0
26372823,5920,0,2,0,0,0,0,0,0,0,0,0
26376468,5921,0,2,0,0,0,0,0,0,0,0,0
26380112,5922,0,2,0,0,0,0,0,0,0,0,0
26383755,5923,0,2,0,0,0,0,0,0,0,0,0
26387399,5924,0,2,0,0,0,0,0,0,0,0,0
26391043,5925,0,2,0,0,0,0,0,0,0,0,0
26394687,5926,0,2,0,0,0,0,0,0,0,0,0
26398331,5927,0,2,0,0,0,0,0,0,0,0,0
26401975,5928,0,2,0,0,0,0,0,0,0,0,0
26405619,5929,0,2,0,0,0,0,0,0,0,0,0
26409263,5930,0,2,0,0,0,0,0,0,0,0,0
26412908,5931,0,2,0,0,0,0,0,0,0,0,0
26416551,5932,0,2,0,0,0,0,0,0,0,0,0
26420195,5933,0,2,0,0,0,0,0,0,0,0,0
26423839,5934,0,2,0,0,0,0,0,0,0,0,0
26427483,5935,0,2,0,0,0,0,0,0,0,0,0
26431127,5936,0,2,0,0,0,0,0,0,0,0,0
26434771,5937,0,2,0,0,0,0,0,0,0,0,0
26438415,5938,0,2,0,0,0,0,0,0,0,0,0
26442060,5939,0,2,0,0,0,0,0,0,0,0,0
26445703,5940,0,2,0,0,0,0,0,0,0,0,0
26449348,5941,0,2,0,0,0,0,0,0,0,0,0
26452991,5942,0,2,0,0,0,0,0,0,0,0,0
26456635,5943,0,2,0,0,0,0,0,0,0,0,0
26460279,5944,0,2,0,0,0,0,0,0,0,0,0
26463923,5945,0,2,0,0,0,0,0,0,0,0,0
26467567,5946,0,2,0,0,0,0,0,0,0,0,0
26471211,5947,0,2,0,0,0,0,0,0,0,0,0
26474855,5948,0,2,0,0,0,0,0,0,0,0,0
26478499,5949,0,2,0,0,0,0,0,0,0,0,0
26482143,5950,0,2,0,0,0,0,0,0,0,0,0
26485788,5951,0,2,0,0,0,0,0,0,0,0,0
26489431,5952,0,2,0,0,0,0,0,0,0,0,0
26493075,5953,0,2,0,0,0,0,0,0,0,0,0
26496719,5954,0,2,0,0,0,0,0,0,0,0,0
26500363,5955,0,2,0,0,0,0,0,0,0,0,0
26504008,5956,0,2,0,0,0,0,0,0,0,0,0
26507651,5957,0,2,0,0,0,0,0,0,0,0,0
26511296,5958,0,2,0,0,0,0,0,0,0,0,0
26514939,5959,0,2,0,0,0,0,0,0,0,0,0
26518583,5960,0,2,0,0,0,0,0,0,0,0,0
26522228,5961,0,2,0,0,0,0,0,0,0,0,0
26525871,5962,0,2,0,0,0,0,0,0,0,0,0
26529515,5963,0,2,0,0,0,0,0,0,0,0,0
26533159,5964,0,2,0,0,0,0,0,0,0,0,0
26536803,5965,0,2,0,0,0,0,0,0,0,0,0
26540447,5966,0,2,0,0,0,0,0,0,0,0,0
26544092,5967,0,2,0,0,0,0,0,0,0,0,0
26547735,5968,0,2,0,0,0,0,0,0,0,0,0
26551380,5969,0,2,0,0,0,0,0,0,0,0,0
26555023,5970,0,2,0,0,0,0,0,0,0,0,0
26558668,5971,0,2,0,0,0,0,0,0,0,0,0
26562311,5972,0,2,0,0,0,0,0,0,0,0,0
26565955,5973,0,2,0,0,0,0,0,0,0,0,0
26569599,5974,0,2,0,0,0,0,0,0,0,0,0
26573243,5975,0,2,0,0,0,0,0,0,0,0,0
26576887,5976,0,2,0,0,0,0,0,0,0,0,0
26580531,5977,0,2,0,0,0,0,0,0,0,0,0
26584175,5978,0,2,0,0,0,0,0,0,0,0,0
26587819,5979,0,2,0,0,0,0,0,0,0,0,0
26591463,5980,0,2,0,0,0,0,0,0,0,0,0
26595108,5981,0,2,0,0,0,0,0,0,0,0,0
26598751,5982,0,2,0,0,0,0,0,0,0,0,0
26602395,5983,0,2,0,0,0,0,0,0,0,0,0
26606039,5984,0,2,0,0,0,0,0,0,0,0,0
26609683,5985,0,2,0,0,0,0,0,0,0,0,0
26613327,5986,0,2,0,0,0,0,0,0,0,0,0
26616971,5987,0,2,0,0,0,0,0,0,0,0,0
26620615,5988,0,2,0,0,0,0,0,0,0,0,0
26624259,5989,0,2,0,0,0,0,0,0,0,0,0
26627903,5990,0,2,0,0,0,0,0,0,0,0,0
26631548,5991,0,2,0,0,0,0,0,0,0,0,0
26635191,5992,0,2,0,0,0,0,0,0,0,0,0
26638835,5993,0,2,0,0,0,0,0,0,0,0,0
26642479,5994,0,2,0,0,0,0,0,0,0,0,0
26646124,5995,0,2,0,0,0,0,0,0,0,0,0
26649767,5996,0,2,0,0,0,0,0,0,0,0,0
26653411,5997,0,2,0,0,0,0,0,0,0,0,0
26657055,5998,0,2,0,0,0,0,0,0,0,0,0
26660699,5999,0,2,0,0,0,0,0,0,0,0,0
26664343,6000,0,2,0,0,0,0,0,0,0,0,0
26667988,6001,0,2,0,0,0,0,0,0,0,0,0
26671631,6002,0,2,0,0,0,0,0,0,0,0,0
26675275,6003,0,2,0,0,0,0,0,0,0,0,0
26678919,6004,0,2,0,0,0,0,0,0,0,0,0
26682563,6005,0,2,0,0,0,0,0,0,0,0,0
26686208,6006,0,2,0,0,0,0,0,0,0,0,0
26689851,6007,0,2,0,0,0,0,0,0,0,0,0
26693495,6008,0,2,0,0,0,0,0,0,0,0,0
26697139,6009,0,2,0,0,0,0,0,0,0,0,0
26700783,6010,0,2,0,0,0,0,0,0,0,0,0
26704428,6011,0,2,0,0,0,0,0,0,0,0,0
26708072,6012,0,2,0,0,0,0,0,0,0,0,0
26711715,6013,0,2,0,0,0,0,0,0,0,0,0
26715359,6014,0,2,0,0,0,0,0,0,0,0,0
26719004,6015,0,2,0,0,0,0,0,0,0,0,0
26722647,6016,0,2,0,0,0,0,0,0,0,0,0
26726291,6017,0,2,0,0,0,0,0,0,0,0,0
26729935,6018,0,2,0,0,0,0,0,0,0,0,0
26733579,6019,0,2,0,0,0,0,0,0,0,0,0
26737224,6020,0,2,0,0,0,0,0,0,0,0,0
26740868,6021,0,2,0,0,0,0,0,0,0,0,0
26744511,6022,0,2,0,0,0,0,0,0,0,0,0
26748155,6023,0,2,0,0,0,0,0,0,0,0,0
26751799,6024,0,2,0,0,0,0,0,0,0,0,0
26755443,6025,0,2,0,0,0,0,0,0,0,0,0
26759087,6026,0,2,0,0,0,0,0,0,0,0,0
26762731,6027,0,2,0,0,0,0,0,0,0,0,0
26766375,6028,0,2,0,0,0,0,0,0,0,0,0
26770019,6029,0,2,0,0,0,0,0,0,0,0,0
26773663,6030,0,2,0,0,0,0,0,0,0,0,0
26777308,6031,0,2,0,0,0,0,0,0,0,0,0
26780951,6032,0,2,0,0,0,0,0,0,0,0,0
26784595,6033,0,2,0,0,0,0,0,0,0,0,0
26788239,6034,0,2,0,0,0,0,0,0,0,0,0
26791883,6035,0,2,0,0,0,0,0,0,0,0,0
26795527,6036,0,2,0,0,0,0,0,0,0,0,0
26799171,6037,0,2,0,0,0,0,0,0,0,0,0
26802815,6038,0,2,0,0,0,0,0,0,0,0,0
26806459,6039,0,2,0,0,0,0,0,0,0,0,0
26810104,6040,0,2,0,0,0,0,0,0,0,0,0
26813748,6041,0,2,0,0,0,0,0,0,0,0,0
26817391,6042,0,2,0,0,0,0,0,0,0,0,0
26821036,6043,0,2,0,0,0,0,0,0,0,0,0
26824679,6044,0,2,0,0,0,0,0,0,0,0,0
26828323,6045,0,2,0,0,0,0,0,0,0,0,0
26831967,6046,0,2,0,0,0,0,0,0,0,0,0
26835611,6047,0,2,0,0,0,0,0,0,0,0,0
26839255,6048,0,2,0,0,0,0,0,0,0,0,0
26842899,6049,0,2,0,0,0,0,0,0,0,0,0
26846543,6050,0,2,0,0,0,0,0,0,0,0,0
26850188,6051,0,2,0,0,0,0,0,0,0,0,0
26853831,6052,0,2,0,0,0,0,0,0,0,0,0
26857475,6053,0,2,0,0,0,0,0,0,0,0,0
26861119,6054,0,2,0,0,0,0,0,0,0,0,0
26864763,6055,0,2,0,0,0,0,0,0,0,0,0
26868407,6056,0,2,0,0,0,0,0,0,0,0,0
26872052,6057,0,2,0,0,0,0,0,0,0,0,0
26875695,6058,0,2,0,0,0,0,0,0,0,0,0
26879339,6059,0,2,0,0,0,0,0,0,0,0,0
26882983,6060,0,2,0,0,0,0,0,0,0,0,0
26886628,6061,0,2,0,0,0,0,0,0,0,0,0
26890272,6062,0,2,0,0,0,0,0,0,0,0,0
26893915,6063,0,2,0,0,0,0,0,0,0,0,0
26897559,6064,0,2,0,0,0,0,0,0,0,0,0
26901204,6065,0,2,0,0,0,0,0,0,0,0,0
26904847,6066,0,2,0,0,0,0,0,0,0,0,0
26908491,6067,0,2,0,0,0,0,0,0,0,0,0
26912135,6068,0,2,0,0,0,0,0,0,0,0,0
26915779,6069,0,2,0,0,0,0,0,0,0,0,0
26919423,6070,0,2,0,0,0,0,0,0,0,0,0
26923068,6071,0,2,0,0,0,0,0,0,0,0,0
26926711,6072,0,2,0,0,0,0,0,0,0,0,0
26930355,6073,0,2,0,0,0,0,0,0,0,0,0
26933999,6074,0,2,0,0,0,0,0,0,0,0,0
26937643,6075,0,2,0,0,0,0,0,0,0,0,0
26941288,6076,0,2,0,0,0,0,0,0,0,0,0
26944931,6077,0,2,0,0,0,0,0,0,0,0,0
26948575,6078,0,2,0,0,0,0,0,0,0,0,0
26952219,6079,0,2,0,0,0,0,0,0,0,0,0
26955863,6080,0,2,0,0,0,0,0,0,0,0,0
26959508,6081,0,2,0,0,0,0,0,0,0,0,0
26963151,6082,0,2,0,0,0,0,0,0,0,0,0
26966795,6083,0,2,0,0,0,0,0,0,0,0,0
26970439,6084,0,2,0,0,0,0,0,0,0,0,0
26974084,6085,0,2,0,0,0,0,0,0,0,0,0
26977727,6086,0,2,0,0,0,0,0,0,0,0,0
26981371,6087,0,2,0,0,0,0,0,0,0,0,0
26985016,6088,0,2,0,0,0,0,0,0,0,0,0
26988659,6089,0,2,0,0,0,0,0,0,0,0,0
26992303,6090,0,2,0,0,0,0,0,0,0,0,0
26995948,6091,0,2,0,0,0,0,0,0,0,0,0
26999591,6092,0,2,0,0,0,0,0,0,0,0,0
27003236,6093,0,2,0,0,0,0,0,0,0,0,0
27006879,6094,0,2,0,0,0,0,0,0,0,0,0
27010523,6095,0,2,0,0,0,0,0,0,0,0,0
27014167,6096,0,2,0,0,0,0,0,0,0,0,0
27017811,6097,0,2,0,0,0,0,0,0,0,0,0
27021455,6098,0,2,0,0,0,0,0,0,0,0,0
27025099,6099,0,2,0,0,0,0,0,0,0,0,0
27028743,6100,0,2,0,0,0,0,0,0,0,0,0
27032388,6101,0,2,0,0,0,0,0,0,0,0,0
27036032,6102,0,2,0,0,0,0,0,0,0,0,0
27039675,6103,0,2,0,0,0,0,0,0,0,0,0
27043319,6104,0,2,0,0,0,0,0,0,0,0,0
27046963,6105,0,2,0,0,0,0,0,0,0,0,0
27050607,6106,0,2,0,0,0,0,0,0,0,0,0
27054251,6107,0,2,0,0,0,0,0,0,0,0,0
27057895,6108,0,2,0,0,0,0,0,0,0,0,0
27061539,6109,0,2,0,0,0,0,0,0,0,0,0
27065183,6110,0,2,0,0,0,0,0,0,0,0,0
27068828,6111,0,2,0,0,0,0,0,0,0,0,0
27072471,6112,0,2,0,0,0,0,0,0,0,0,0
27076116,6113,0,2,0,0,0,0,0,0,0,0,0
27079759,6114,0,2,0,0,0,0,0,0,0,0,0
27083403,6115,0,2,0,0,0,0,0,0,0,0,0
27087048,6116,0,2,0,0,0,0,0,0,0,0,0
27090691,6117,0,2,0,0,0,0,0,0,0,0,0
27094336,6118,0,2,0,0,0,0,0,0,0,0,0
27097979,6119,0,2,0,0,0,0,0,0,0,0,0
27101623,6120,0,2,0,0,0,0,0,0,0,0,0
27105268,6121,0,2,0,0,0,0,0,0,0,0,0
27108911,6122,0,2,0,0,0,0,0,0,0,0,0
27112555,6123,0,2,0,0,0,0,0,0,0,0,0
27116199,6124,0,2,0,0,0,0,0,0,0,0,0
27119843,6125,0,2,0,0,0,0,0,0,0,0,0
27123487,6126,0,2,0,0,0,0,0,0,0,0,0
27127131,6127,0,2,0,0,0,0,0,0,0,0,0
27130775,6128,0,2,0,0,0,0,0,0,0,0,0
27134419,6129,0,2,0,0,0,0,0,0,0,0,0
27142542,6130,0,2,0,0,0,0,0,0,0,0,0
27146175,6131,0,2,0,0,0,0,0,0,0,0,0
27149818,6132,0,2,0,0,0,0,0,0,0,0,0
27153462,6133,0,2,0,0,0,0,0,0,0,0,0
27157106,6134,0,2,0,0,0,0,0,0,0,0,0
27160750,6135,0,2,0,0,0,0,0,0,0,0,0
27164394,6136,0,2,0,0,0,0,0,0,0,0,0
27168039,6137,0,2,0,0,0,0,0,0,0,0,0
27171682,6138,0,2,0,0,0,0,0,0,0,0,0
27175326,6139,0,2,0,0,0,0,0,0,0,0,0
27178970,6140,0,2,0,0,0,0,0,0,0,0,0
27182615,6141,0,2,0,0,0,0,0,0,0,0,0
27186258,6142,0,2,0,0,0,0,0,0,0,0,0
27189902,6143,0,2,0,0,0,0,0,0,0,0,0
27193546,6144,0,2,0,0,0,0,0,0,0,0,0
27197191,6145,0,2,0,0,0,0,0,0,0,0,0
27200834,6146,0,2,0,0,0,0,0,0,0,0,0
27204478,6147,0,2,0,0,0,0,0,0,0,0,0
27208122,6148,0,2,0,0,0,0,0,0,0,0,0
27211766,6149,0,2,0,0,0,0,0,0,0,0,0
27215410,6150,0,2,0,0,0,0,0,0,0,0,0
27219055,6151,0,2,0,0,0,0,0,0,0,0,0
27222698,6152,0,2,0,0,0,0,0,0,0,0,0
27226343,6153,0,2,0,0,0,0,0,0,0,0,0
27229986,6154,0,2,0,0,0,0,0,0,0,0,0
27233630,6155,0,2,0,0,0,0,0,0,0,0,0
27237274,6156,0,2,0,0,0,0,0,0,0,0,0
27240918,6157,0,2,0,0,0,0,0,0,0,0,0
27244562,6158,0,2,0,0,0,0,0,0,0,0,0
27248206,6159,0,2,0,0,0,0,0,0,0,0,0
27251850,6160,0,2,0,0,0,0,0,0,0,0,0
27255495,6161,0,2,0,0,0,0,0,0,0,0,0
27259139,6162,0,2,0,0,0,0,0,0,0,0,0
27262782,6163,0,2,0,0,0,0,0,0,0,0,0
27266426,6164,0,2,0,0,0,0,0,0,0,0,0
27270071,6165,0,2,0,0,0,0,0,0,0,0,0
27273714,6166,0,2,0,0,0,0,0,0,0,0,0
27277358,6167,0,2,0,0,0,0,0,0,0,0,0
27281003,6168,0,2,0,0,0,0,0,0,0,0,0
27284646,6169,0,2,0,0,0,0,0,0,0,0,0
27288290,6170,0,2,0,0,0,0,0,0,0,0,0
27291935,6171,0,2,0,0,0,0,0,0,0,0,0
27295578,6172,0,2,0,0,0,0,0,0,0,0,0
27299222,6173,0,2,0,0,0,0,0,0,0,0,0
27302866,6174,0,2,0,0,0,0,0,0,0,0,0
27306510,6175,0,2,0,0,0,0,0,0,0,0,0
27310154,6176,0,2,0,0,0,0,0,0,0,0,0
27313798,6177,0,2,0,0,0,0,0,0,0,0,0
27317442,6178,0,2,0,0,0,0,0,0,0,0,0
27321087,6179,0,2,0,0,0,0,0,0,0,0,0
27324730,6180,0,2,0,0,0,0,0,0,0,0,0
27328375,6181,0,2,0,0,0,0,0,0,0,0,0
27332019,6182,0,2,0,0,0,0,0,0,0,0,0
27335662,6183,0,2,0,0,0,0,0,0,0,0,0
27339306,6184,0,2,0,0,0,0,0,0,0,0,0
27342950,6185,0,2,0,0,0,0,0,0,0,0,0
27346594,6186,0,2,0,0,0,0,0,0,0,0,0
27350238,6187,0,2,0,0,0,0,0,0,0,0,0
27353882,6188,0,2,0,0,0,0,0,0,0,0,0
27357526,6189,0,2,0,0,0,0,0,0,0,0,0
27361171,6190,0,2,0,0,0,0,0,0,0,0,0
27364815,6191,0,2,0,0,0,0,0,0,0,0,0
27368458,6192,0,2,0,0,0,0,0,0,0,0,0
27372103,6193,0,2,0,0,0,0,0,0,0,0,0
27375746,6194,0,2,0,0,0,0,0,0,0,0,0
27379390,6195,0,2,0,0,0,0,0,0,0,0,0
27383035,6196,0,2,0,0,0,0,0,0,0,0,0
27386678,6197,0,2,0,0,0,0,0,0,0,0,0
27390322,6198,0,2,0,0,0,0,0,0,0,0,0
27393966,6199,0,2,0,0,0,0,0,0,0,0,0
27397610,6200,0,2,0,0,0,0,0,0,0,0,0
27401255,6201,0,2,0,0,0,0,0,0,0,0,0
27404898,6202,0,2,0,0,0,0,0,0,0,0,0
27408542,6203,0,2,0,0,0,0,0,0,0,0,0
27412187,6204,0,2,0,0,0,0,0,0,0,0,0
27415830,6205,0,2,0,0,0,0,0,0,0,0,0
27419474,6206,0,2,0,0,0,0,0,0,0,0,0
27423118,6207,0,2,0,0,0,0,0,0,0,0,0
27426762,6208,0,2,0,0,0,0,0,0,0,0,0
27430406,6209,0,2,0,0,0,0,0,0,0,0,0
27434051,6210,0,2,0,0,0,0,0,0,0,0,0
27437695,6211,0,2,0,0,0,0,0,0,0,0,0
27441338,6212,0,2,0,0,0,0,0,0,0,0,0
27444982,6213,0,2,0,0,0,0,0,0,0,0,0
27448626,6214,0,2,0,0,0,0,0,0,0,0,0
27452270,6215,0,2,0,0,0,0,0,0,0,0,0
27455914,6216,0,2,0,0,0,0,0,0,0,0,0
27459558,6217,0,2,0,0,0,0,0,0,0,0,0
27463202,6218,0,2,0,0,0,0,0,0,0,0,0
27466846,6219,0,2,0,0,0,0,0,0,0,0,0
27470490,6220,0,2,0,0,0,0,0,0,0,0,0
27474135,6221,0,2,0,0,0,0,0,0,0,0,0
27477778,6222,0,2,0,0,0,0,0,0,0,0,0
27481422,6223,0,2,0,0,0,0,0,0,0,0,0
27485067,6224,0,2,0,0,0,0,0,0,0,0,0
27488710,6225,0,2,0,0,0,0,0,0,0,0,0
27492354,6226,0,2,0,0,0,0,0,0,0,0,0
27495998,6227,0,2,0,0,0,0,0,0,0,0,0
27499642,6228,0,2,0,0,0,0,0,0,0,0,0
27503286,6229,0,2,0,0,0,0,0,0,0,0,0
27506930,6230,0,2,0,0,0,0,0,0,0,0,0
27510575,6231,0,2,0,0,0,0,0,0,0,0,0
27514218,6232,0,2,0,0,0,0,0,0,0,0,0
27517862,6233,0,2,0,0,0,0,0,0,0,0,0
27521506,6234,0,2,0,0,0,0,0,0,0,0,0
27525151,6235,0,2,0,0,0,0,0,0,0,0,0
27528794,6236,0,2,0,0,0,0,0,0,0,0,0
27532438,6237,0,2,0,0,0,0,0,0,0,0,0
27536083,6238,0,2,0,0,0,0,0,0,0,0,0
27539726,6239,0,2,0,0,0,0,0,0,0,0,0
27543371,6240,0,2,0,0,0,0,0,0,0,0,0
27547015,6241,0,2,0,0,0,0,0,0,0,0,0
27550658,6242,0,2,0,0,0,0,0,0,0,0,0
27554303,6243,0,2,0,0,0,0,0,0,0,0,0
27557946,6244,0,2,0,0,0,0,0,0,0,0,0
27561590,6245,0,2,0,0,0,0,0,0,0,0,0
27565234,6246,0,2,0,0,0,0,0,0,0,0,0
27568878,6247,0,2,0,0,0,0,0,0,0,0,0
27572522,6248,0,2,0,0,0,0,0,0,0,0,0
27576167,6249,0,2,0,0,0,0,0,0,0,0,0
27579810,6250,0,2,0,0,0,0,0,0,0,0,0
27583455,6251,0,2,0,0,0,0,0,0,0,0,0
27587099,6252,0,2,0,0,0,0,0,0,0,0,0
27590742,6253,0,2,0,0,0,0,0,0,0,0,0
27594386,6254,0,2,0,0,0,0,0,0,0,0,0
27598030,6255,0,2,0,0,0,0,0,0,0,0,0
27601674,6256,0,2,0,0,0,0,0,0,0,0,0
27605319,6257,0,2,0,0,0,0,0,0,0,0,0
27608962,6258,0,2,0,0,0,0,0,0,0,0,0
27612606,6259,0,2,0,0,0,0,0,0,0,0,0
27616250,6260,0,2,0,0,0,0,0,0,0,0,0
27619895,6261,0,2,0,0,0,0,0,0,0,0,0
27623538,6262,0,2,0,0,0,0,0,0,0,0,0
27627182,6263,0,2,0,0,0,0,0,0,0,0,0
27630826,6264,0,2,0,0,0,0,0,0,0,0,0
27634470,6265,0,2,0,0,0,0,0,0,0,0,0
27638114,6266,0,2,0,0,0,0,0,0,0,0,0
27641758,6267,0,2,0,0,0,0,0,0,0,0,0
27645402,6268,0,2,0,0,0,0,0,0,0,0,0
27649046,6269,0,2,0,0,0,0,0,0,0,0,0
27652690,6270,0,2,0,0,0,0,0,0,0,0,0
27656335,6271,0,2,0,0,0,0,0,0,0,0,0
27659978,6272,0,2,0,0,0,0,0,0,0,0,0
27663622,6273,0,2,0,0,0,0,0,0,0,0,0
27667266,6274,0,2,0,0,0,0,0,0,0,0,0
27670910,6275,0,2,0,0,0,0,0,0,0,0,0
27674554,6276,0,2,0,0,0,0,0,0,0,0,0
27678199,6277,0,2,0,0,0,0,0,0,0,0,0
27681842,6278,0,2,0,0,0,0,0,0,0,0,0
27685486,6279,0,2,0,0,0,0,0,0,0,0,0
27689130,6280,0,2,0,0,0,0,0,0,0,0,0
27692775,6281,0,2,0,0,0,0,0,0,0,0,0
27696418,6282,0,2,0,0,0,0,0,0,0,0,0
27700063,6283,0,2,0,0,0,0,0,0,0,0,0
27703706,6284,0,2,0,0,0,0,0,0,0,0,0
27707351,6285,0,2,0,0,0,0,0,0,0,0,0
27710994,6286,0,2,0,0,0,0,0,0,0,0,0
27714638,6287,0,2,0,0,0,0,0,0,0,0,0
27718282,6288,0,2,0,0,0,0,0,0,0,0,0
27721926,6289,0,2,0,0,0,0,0,0,0,0,0
27725570,6290,0,2,0,0,0,0,0,0,0,0,0
27729215,6291,0,2,0,0,0,0,0,0,0,0,0
27732858,6292,0,2,0,0,0,0,0,0,0,0,0
27736502,6293,0,2,0,0,0,0,0,0,0,0,0
27740146,6294,0,2,0,0,0,0,0,0,0,0,0
27743790,6295,0,2,0,0,0,0,0,0,0,0,0
27747434,6296,0,2,0,0,0,0,0,0,0,0,0
27751078,6297,0,2,0,0,0,0,0,0,0,0,0
27754722,6298,0,2,0,0,0,0,0,0,0,0,0
27758366,6299,0,2,0,0,0,0,0,0,0,0,0
27762011,6300,0,2,0,0,0,0,0,0,0,0,0
27765655,6301,0,2,0,0,0,0,0,0,0,0,0
27769299,6302,0,2,0,0,0,0,0,0,0,0,0
27772942,6303,0,2,0,0,0,0,0,0,0,0,0
27776586,6304,0,2,0,0,0,0,0,0,0,0,0
27780230,6305,0,2,0,0,0,0,0,0,0,0,0
27783874,6306,0,2,0,0,0,0,0,0,0,0,0
27787518,6307,0,2,0,0,0,0,0,0,0,0,0
27791162,6308,0,2,0,0,0,0,0,0,0,0,0
27794806,6309,0,2,0,0,0,0,0,0,0,0,0
27798450,6310,0,2,0,0,0,0,0,0,0,0,0
27802095,6311,0,2,0,0,0,0,0,0,0,0,0
27805738,6312,0,2,0,0,0,0,0,0,0,0,0
27809383,6313,0,2,0,0,0,0,0,0,0,0,0
27813027,6314,0,2,0,0,0,0,0,0,0,0,0
27816670,6315,0,2,0,0,0,0,0,0,0,0,0
27820315,6316,0,2,0,0,0,0,0,0,0,0,0
27823958,6317,0,2,0,0,0,0,0,0,0,0,0
27827602,6318,0,2,0,0,0,0,0,0,0,0,0
27831247,6319,0,2,0,0,0,0,0,0,0,0,0
27834890,6320,0,2,0,0,0,0,0,0,0,0,0
27838535,6321,0,2,0,0,0,0,0,0,0,0,0
27842178,6322,0,2,0,0,0,0,0,0,0,0,0
27845822,6323,0,2,0,0,0,0,0,0,0,0,0
27849466,6324,0,2,0,0,0,0,0,0,0,0,0
27853111,6325,0,2,0,0,0,0,0,0,0,0,0
27856754,6326,0,2,0,0,0,0,0,0,0,0,0
27860398,6327,0,2,0,0,0,0,0,0,0,0,0
27864043,6328,0,2,0,0,0,0,0,0,0,0,0
27867686,6329,0,2,0,0,0,0,0,0,0,0,0
27871330,6330,0,2,0,0,0,0,0,0,0,0,0
27874975,6331,0,2,0,0,0,0,0,0,0,0,0
27878618,6332,0,2,0,0,0,0,0,0,0,0,0
27882262,6333,0,2,0,0,0,0,0,0,0,0,0
27885906,6334,0,2,0,0,0,0,0,0,0,0,0
27889550,6335,0,2,0,0,0,0,0,0,0,0,0
27893195,6336,0,2,0,0,0,0,0,0,0,0,0
27896838,6337,0,2,0,0,0,0,0,0,0,0,0
27900482,6338,0,2,0,0,0,0,0,0,0,0,0
27904126,6339,0,2,0,0,0,0,0,0,0,0,0
27907770,6340,0,2,0,0,0,0,0,0,0,0,0
27911415,6341,0,2,0,0,0,0,0,0,0,0,0
27915058,6342,0,2,0,0,0,0,0,0,0,0,0
27918702,6343,0,2,0,0,0,0,0,0,0,0,0
27922346,6344,0,2,0,0,0,0,0,0,0,0,0
27925990,6345,0,2,0,0,0,0,0,0,0,0,0
27929634,6346,0,2,0,0,0,0,0,0,0,0,0
27933278,6347,0,2,0,0,0,0,0,0,0,0,0
27936922,6348,0,2,0,0,0,0,0,0,0,0,0
27940566,6349,0,2,0,0,0,0,0,0,0,0,0
27944210,6350,0,2,0,0,0,0,0,0,0,0,0
27947855,6351,0,2,0,0,0,0,0,0,0,0,0
27951498,6352,0,2,0,0,0,0,0,0,0,0,0
27955143,6353,0,2,0,0,0,0,0,0,0,0,0
27958786,6354,0,2,0,0,0,0,0,0,0,0,0
27962430,6355,0,2,0,0,0,0,0,0,0,0,0
27966075,6356,0,2,0,0,0,0,0,0,0,0,0
27976173,6357,0,2,0,0,0,0,0,0,0,0,0
27979805,6358,0,2,0,0,0,0,0,0,0,0,0
27983449,6359,0,2,0,0,0,0,0,0,0,0,0
27987093,6360,0,2,0,0,0,0,0,0,0,0,0
27990738,6361,0,2,0,0,0,0,0,0,0,0,0
27994382,6362,0,2,0,0,0,0,0,0,0,0,0
27998025,6363,0,2,0,0,0,0,0,0,0,0,0
28001669,6364,0,2,0,0,0,0,0,0,0,0,0
28005313,6365,0,2,0,0,0,0,0,0,0,0,0
28008957,6366,0,2,0,0,0,0,0,0,0,0,0
28012601,6367,0,2,0,0,0,0,0,0,0,0,0
28016245,6368,0,2,0,0,0,0,0,0,0,0,0
28019889,6369,0,2,0,0,0,0,0,0,0,0,0
28023533,6370,0,2,0,0,0,0,0,0,0,0,0
28027178,6371,0,2,0,0,0,0,0,0,0,0,0
28030821,6372,0,2,0,0,0,0,0,0,0,0,0
28034465,6373,0,2,0,0,0,0,0,0,0,0,0
28038109,6374,0,2,0,0,0,0,0,0,0,0,0
28041753,6375,0,2,0,0,0,0,0,0,0,0,0
28045397,6376,0,2,0,0,0,0,0,0,0,0,0
28049042,6377,0,2,0,0,0,0,0,0,0,0,0
28052685,6378,0,2,0,0,0,0,0,0,0,0,0
28056329,6379,0,2,0,0,0,0,0,0,0,0,0
28059973,6380,0,2,0,0,0,0,0,0,0,0,0
28063618,6381,0,2,0,0,0,0,0,0,0,0,0
28067261,6382,0,2,0,0,0,0,0,0,0,0,0
28070905,6383,0,2,0,0,0,0,0,0,0,0,0
28074549,6384,0,2,0,0,0,0,0,0,0,0,0
28078194,6385,0,2,0,0,0,0,0,0,0,0,0
28081837,6386,0,2,0,0,0,0,0,0,0,0,0
28085481,6387,0,2,0,0,0,0,0,0,0,0,0
28089126,6388,0,2,0,0,0,0,0,0,0,0,0
28092769,6389,0,2,0,0,0,0,0,0,0,0,0
28096413,6390,0,2,0,0,0,0,0,0,0,0,0
28100058,6391,0,2,0,0,0,0,0,0,0,0,0
28103701,6392,0,2,0,0,0,0,0,0,0,0,0
28107345,6393,0,2,0,0,0,0,0,0,0,0,0
28110989,6394,0,2,0,0,0,0,0,0,0,0,0
28114633,6395,0,2,0,0,0,0,0,0,0,0,0
28118277,6396,0,2,0,0,0,0,0,0,0,0,0
28121921,6397,0,2,0,0,0,0,0,0,0,0,0
28125565,6398,0,2,0,0,0,0,0,0,0,0,0
28129209,6399,0,2,0,0,0,0,0,0,0,0,0
28132853,6400,0,2,0,0,0,0,0,0,0,0,0
28136498,6401,0,2,0,0,0,0,0,0,0,0,0
28140142,6402,0,2,0,0,0,0,0,0,0,0,0
28143785,6403,0,2,0,0,0,0,0,0,0,0,0
28147429,6404,0,2,0,0,0,0,0,0,0,0,0
28151074,6405,0,2,0,0,0,0,0,0,0,0,0
28154717,6406,0,2,0,0,0,0,0,0,0,0,0
28158362,6407,0,2,0,0,0,0,0,0,0,0,0
28162006,6408,0,2,0,0,0,0,0,0,0,0,0
28165649,6409,0,2,0,0,0,0,0,0,0,0,0
28169293,6410,0,2,0,0,0,0,0,0,0,0,0
28172938,6411,0,2,0,0,0,0,0,0,0,0,0
28176581,6412,0,2,0,0,0,0,0,0,0,0,0
28180225,6413,0,2,0,0,0,0,0,0,0,0,0
28183869,6414,0,2,0,0,0,0,0,0,0,0,0
28187513,6415,0,2,0,0,0,0,0,0,0,0,0
28191158,6416,0,2,0,0,0,0,0,0,0,0,0
28194801,6417,0,2,0,0,0,0,0,0,0,0,0
28198445,6418,0,2,0,0,0,0,0,0,0,0,0
28202090,6419,0,2,0,0,0,0,0,0,0,0,0
28205733,6420,0,2,0,0,0,0,0,0,0,0,0
28209378,6421,0,2,0,0,0,0,0,0,0,0,0
28213022,6422,0,2,0,0,0,0,0,0,0,0,0
28216665,6423,0,2,0,0,0,0,0,0,0,0,0
28220309,6424,0,2,0,0,0,0,0,0,0,0,0
28223953,6425,0,2,0,0,0,0,0,0,0,0,0
28227597,6426,0,2,0,0,0,0,0,0,0,0,0
28231242,6427,0,2,0,0,0,0,0,0,0,0,0
28234885,6428,0,2,0,0,0,0,0,0,0,0,0
28238529,6429,0,2,0,0,0,0,0,0,0,0,0
28242173,6430,0,2,0,0,0,0,0,0,0,0,0
28245818,6431,0,2,0,0,0,0,0,0,0,0,0
28249461,6432,0,2,0,0,0,0,0,0,0,0,0
28253105,6433,0,2,0,0,0,0,0,0,0,0,0
28256749,6434,0,2,0,0,0,0,0,0,0,0,0
28260393,6435,0,2,0,0,0,0,0,0,0,0,0
28264038,6436,0,2,0,0,0,0,0,0,0,0,0
28267681,6437,0,2,0,0,0,0,0,0,0,0,0
28271325,6438,0,2,0,0,0,0,0,0,0,0,0
28274969,6439,0,2,0,0,0,0,0,0,0,0,0
28278613,6440,0,2,0,0,0,0,0,0,0,0,0
28282258,6441,0,2,0,0,0,0,0,0,0,0,0
28285901,6442,0,2,0,0,0,0,0,0,0,0,0
28289545,6443,0,2,0,0,0,0,0,0,0,0,0
28293190,6444,0,2,0,0,0,0,0,0,0,0,0
28296833,6445,0,2,0,0,0,0,0,0,0,0,0
28300477,6446,0,2,0,0,0,0,0,0,0,0,0
28304121,6447,0,2,0,0,0,0,0,0,0,0,0
28307765,6448,0,2,0,0,0,0,0,0,0,0,0
28311409,6449,0,2,0,0,0,0,0,0,0,0,0
28315054,6450,0,2,0,0,0,0,0,0,0,0,0
28318698,6451,0,2,0,0,0,0,0,0,0,0,0
28322342,6452,0,2,0,0,0,0,0,0,0,0,0
28325985,6453,0,2,0,0,0,0,0,0,0,0,0
28329629,6454,0,2,0,0,0,0,0,0,0,0,0
28333274,6455,0,2,0,0,0,0,0,0,0,0,0
28336917,6456,0,2,0,0,0,0,0,0,0,0,0
28340561,6457,0,2,0,0,0,0,0,0,0,0,0
28344205,6458,0,2,0,0,0,0,0,0,0,0,0
28347849,6459,0,2,0,0,0,0,0,0,0,0,0
28351493,6460,0,2,0,0,0,0,0,0,0,0,0
28355138,6461,0,2,0,0,0,0,0,0,0,0,0
28358781,6462,0,2,0,0,0,0,0,0,0,0,0
28362425,6463,0,2,0,0,0,0,0,0,0,0,0
28366070,6464,0,2,0,0,0,0,0,0,0,0,0
28369713,6465,0,2,0,0,0,0,0,0,0,0,0
28373357,6466,0,2,0,0,0,0,0,0,0,0,0
28377001,6467,0,2,0,0,0,0,0,0,0,0,0
28380645,6468,0,2,0,0,0,0,0,0,0,0,0
28384289,6469,0,2,0,0,0,0,0,0,0,0,0
28387933,6470,0,2,0,0,0,0,0,0,0,0,0
28391578,6471,0,2,0,0,0,0,0,0,0,0,0
28395221,6472,0,2,0,0,0,0,0,0,0,0,0
28398865,6473,0,2,0,0,0,0,0,0,0,0,0
28402509,6474,0,2,0,0,0,0,0,0,0,0,0
28406154,6475,0,2,0,0,0,0,0,0,0,0,0
28409797,6476,0,2,0,0,0,0,0,0,0,0,0
28413441,6477,0,2,0,0,0,0,0,0,0,0,0
28417085,6478,0,2,0,0,0,0,0,0,0,0,0
28420729,6479,0,2,0,0,0,0,0,0,0,0,0
28424373,6480,0,2,0,0,0,0,0,0,0,0,0
28428018,6481,0,2,0,0,0,0,0,0,0,0,0
28431661,6482,0,2,0,0,0,0,0,0,0,0,0
28435305,6483,0,2,0,0,0,0,0,0,0,0,0
28438949,6484,0,2,0,0,0,0,0,0,0,0,0
28442593,6485,0,2,0,0,0,0,0,0,0,0,0
28446237,6486,0,2,0,0,0,0,0,0,0,0,0
28449881,6487,0,2,0,0,0,0,0,0,0,0,0
28453525,6488,0,2,0,0,0,0,0,0,0,0,0
28457170,6489,0,2,0,0,0,0,0,0,0,0,0
28460813,6490,0,2,0,0,0,0,0,0,0,0,0
28464458,6491,0,2,0,0,0,0,0,0,0,0,0
28468102,6492,0,2,0,0,0,0,0,0,0,0,0
28471745,6493,0,2,0,0,0,0,0,0,0,0,0
28475389,6494,0,2,0,0,0,0,0,0,0,0,0
28479033,6495,0,2,0,0,0,0,0,0,0,0,0
28482677,6496,0,2,0,0,0,0,0,0,0,0,0
28486321,6497,0,2,0,0,0,0,0,0,0,0,0
28489965,6498,0,2,0,0,0,0,0,0,0,0,0
28493609,6499,0,2,0,0,0,0,0,0,0,0,0
28497253,6500,0,2,0,0,0,0,0,0,0,0,0
28500898,6501,0,2,0,0,0,0,0,0,0,0,0
28504541,6502,0,2,0,0,0,0,0,0,0,0,0
28508185,6503,0,2,0,0,0,0,0,0,0,0,0
28511829,6504,0,2,0,0,0,0,0,0,0,0,0
28515473,6505,0,2,0,0,0,0,0,0,0,0,0
28519118,6506,0,2,0,0,0,0,0,0,0,0,0
28522761,6507,0,2,0,0,0,0,0,0,0,0,0
28526405,6508,0,2,0,0,0,0,0,0,0,0,0
28530049,6509,0,2,0,0,0,0,0,0,0,0,0
28533693,6510,0,2,0,0,0,0,0,0,0,0,0
28537338,6511,0,2,0,0,0,0,0,0,0,0,0
28540981,6512,0,2,0,0,0,0,0,0,0,0,0
28544625,6513,0,2,0,0,0,0,0,0,0,0,0
28548269,6514,0,2,0,0,0,0,0,0,0,0,0
28551913,6515,0,2,0,0,0,0,0,0,0,0,0
28555557,6516,0,2,0,0,0,0,0,0,0,0,0
28559202,6517,0,2,0,0,0,0,0,0,0,0,0
28562845,6518,0,2,0,0,0,0,0,0,0,0,0
28566489,6519,0,2,0,0,0,0,0,0,0,0,0
28570133,6520,0,2,0,0,0,0,0,0,0,0,0
28573778,6521,0,2,0,0,0,0,0,0,0,0,0
28577421,6522,0,2,0,0,0,0,0,0,0,0,0
28581065,6523,0,2,0,0,0,0,0,0,0,0,0
28584709,6524,0,2,0,0,0,0,0,0,0,0,0
28588353,6525,0,2,0,0,0,0,0,0,0,0,0
28591997,6526,0,2,0,0,0,0,0,0,0,0,0
28595641,6527,0,2,0,0,0,0,0,0,0,0,0
28599285,6528,0,2,0,0,0,0,0,0,0,0,0
28602929,6529,0,2,0,0,0,0,0,0,0,0,0
28606573,6530,0,2,0,0,0,0,0,0,0,0,0
28610218,6531,0,2,0,0,0,0,0,0,0,0,0
28613861,6532,0,2,0,0,0,0,0,0,0,0,0
28617505,6533,0,2,0,0,0,0,0,0,0,0,0
28621150,6534,0,2,0,0,0,0,0,0,0,0,0
28624793,6535,0,2,0,0,0,0,0,0,0,0,0
28628437,6536,0,2,0,0,0,0,0,0,0,0,0
28632082,6537,0,2,0,0,0,0,0,0,0,0,0
28635725,6538,0,2,0,0,0,0,0,0,0,0,0
28639369,6539,0,2,0,0,0,0,0,0,0,0,0
28643014,6540,0,2,0,0,0,0,0,0,0,0,0
28646658,6541,0,2,0,0,0,0,0,0,0,0,0
28650301,6542,0,2,0,0,0,0,0,0,0,0,0
28653945,6543,0,2,0,0,0,0,0,0,0,0,0
28657589,6544,0,2,0,0,0,0,0,0,0,0,0
28661233,6545,0,2,0,0,0,0,0,0,0,0,0
28664877,6546,0,2,0,0,0,0,0,0,0,0,0
28668521,6547,0,2,0,0,0,0,0,0,0,0,0
28672165,6548,0,2,0,0,0,0,0,0,0,0,0
28675809,6549,0,2,0,0,0,0,0,0,0,0,0
28679453,6550,0,2,0,0,0,0,0,0,0,0,0
28683098,6551,0,2,0,0,0,0,0,0,0,0,0
28686741,6552,0,2,0,0,0,0,0,0,0,0,0
28690385,6553,0,2,0,0,0,0,0,0,0,0,0
28694029,6554,0,2,0,0,0,0,0,0,0,0,0
28697673,6555,0,2,0,0,0,0,0,0,0,0,0
28701317,6556,0,2,0,0,0,0,0,0,0,0,0
28704961,6557,0,2,0,0,0,0,0,0,0,0,0
28708605,6558,0,2,0,0,0,0,0,0,0,0,0
28712249,6559,0,2,0,0,0,0,0,0,0,0,0
28715893,6560,0,2,0,0,0,0,0,0,0,0,0
28719538,6561,0,2,0,0,0,0,0,0,0,0,0
28723182,6562,0,2,0,0,0,0,0,0,0,0,0
28726825,6563,0,2,0,0,0,0,0,0,0,0,0
28730469,6564,0,2,0,0,0,0,0,0,0,0,0
28734113,6565,0,2,0,0,0,0,0,0,0,0,0
28737757,6566,0,2,0,0,0,0,0,0,0,0,0
28741401,6567,0,2,0,0,0,0,0,0,0,0,0
28745046,6568,0,2,0,0,0,0,0,0,0,0,0
28748689,6569,0,2,0,0,0,0,0,0,0,0,0
28752333,6570,0,2,0,0,0,0,0,0,0,0,0
28755978,6571,0,2,0,0,0,0,0,0,0,0,0
28759621,6572,0,2,0,0,0,0,0,0,0,0,0
28763266,6573,0,2,0,0,0,0,0,0,0,0,0
28766909,6574,0,2,0,0,0,0,0,0,0,0,0
28770553,6575,0,2,0,0,0,0,0,0,0,0,0
28774197,6576,0,2,0,0,0,0,0,0,0,0,0
28777841,6577,0,2,0,0,0,0,0,0,0,0,0
28781485,6578,0,2,0,0,0,0,0,0,0,0,0
28785129,6579,0,2,0,0,0,0,0,0,0,0,0
28788773,6580,0,2,0,0,0,0,0,0,0,0,0
28792418,6581,0,2,0,0,0,0,0,0,0,0,0
28796062,6582,0,2,0,0,0,0,0,0,0,0,0
28799705,6583,0,2,0,0,0,0,0,0,0,0,0
28808244,6584,0,2,0,0,0,0,0,0,0,0,0
28811876,6585,0,2,0,0,0,0,0,0,0,0,0
28815520,6586,0,2,0,0,0,0,0,0,0,0,0
28819164,6587,0,2,0,0,0,0,0,0,0,0,0
28822808,6588,0,2,0,0,0,0,0,0,0,0,0
28826452,6589,0,2,0,0,0,0,0,0,0,0,0
28830097,6590,0,2,0,0,0,0,0,0,0,0,0
28833741,6591,0,2,0,0,0,0,0,0,0,0,0
28837384,6592,0,2,0,0,0,0,0,0,0,0,0
28841029,6593,0,2,0,0,0,0,0,0,0,0,0
28844672,6594,0,2,0,0,0,0,0,0,0,0,0
28848316,6595,0,2,0,0,0,0,0,0,0,0,0
28851960,6596,0,2,0,0,0,0,0,0,0,0,0
28855604,6597,0,2,0,0,0,0,0,0,0,0,0
28859248,6598,0,2,0,0,0,0,0,0,0,0,0
28862892,6599,0,2,0,0,0,0,0,0,0,0,0
28866536,6600,0,2,0,0,0,0,0,0,0,0,0
28870181,6601,0,2,0,0,0,0,0,0,0,0,0
28873824,6602,0,2,0,0,0,0,0,0,0,0,0
28877468,6603,0,2,0,0,0,0,0,0,0,0,0
28881112,6604,0,2,0,0,0,0,0,0,0,0,0
28884756,6605,0,2,0,0,0,0,0,0,0,0,0
28888400,6606,0,2,0,0,0,0,0,0,0,0,0
28892045,6607,0,2,0,0,0,0,0,0,0,0,0
28895688,6608,0,2,0,0,0,0,0,0,0,0,0
28899332,6609,0,2,0,0,0,0,0,0,0,0,0
28902976,6610,0,2,0,0,0,0,0,0,0,0,0
28906621,6611,0,2,0,0,0,0,0,0,0,0,0
28910264,6612,0,2,0,0,0,0,0,0,0,0,0
28913908,6613,0,2,0,0,0,0,0,0,0,0,0
28917552,6614,0,2,0,0,0,0,0,0,0,0,0
28921196,6615,0,2,0,0,0,0,0,0,0,0,0
28924840,6616,0,2,0,0,0,0,0,0,0,0,0
28928484,6617,0,2,0,0,0,0,0,0,0,0,0
28932128,6618,0,2,0,0,0,0,0,0,0,0,0
28935772,6619,0,2,0,0,0,0,0,0,0,0,0
28939416,6620,0,2,0,0,0,0,0,0,0,0,0
28943061,6621,0,2,0,0,0,0,0,0,0,0,0
28946704,6622,0,2,0,0,0,0,0,0,0,0,0
28950348,6623,0,2,0,0,0,0,0,0,0,0,0
28953992,6624,0,2,0,0,0,0,0,0,0,0,0
28957636,6625,0,2,0,0,0,0,0,0,0,0,0
28961280,6626,0,2,0,0,0,0,0,0,0,0,0
28964924,6627,0,2,0,0,0,0,0,0,0,0,0
28968568,6628,0,2,0,0,0,0,0,0,0,0,0
28972212,6629,0,2,0,0,0,0,0,0,0,0,0
28975856,6630,0,2,0,0,0,0,0,0,0,0,0
28979501,6631,0,2,0,0,0,0,0,0,0,0,0
28983144,6632,0,2,0,0,0,0,0,0,0,0,0
28986788,6633,0,2,0,0,0,0,0,0,0,0,0
28990432,6634,0,2,0,0,0,0,0,0,0,0,0
28994076,6635,0,2,0,0,0,0,0,0,0,0,0
28997720,6636,0,2,0,0,0,0,0,0,0,0,0
29001364,6637,0,2,0,0,0,0,0,0,0,0,0
29005008,6638,0,2,0,0,0,0,0,0,0,0,0
29008652,6639,0,2,0,0,0,0,0,0,0,0,0
29012296,6640,0,2,0,0,0,0,0,0,0,0,0
29015941,6641,0,2,0,0,0,0,0,0,0,0,0
29019584,6642,0,2,0,0,0,0,0,0,0,0,0
29023228,6643,0,2,0,0,0,0,0,0,0,0,0
29026872,6644,0,2,0,0,0,0,0,0,0,0,0
29030516,6645,0,2,0,0,0,0,0,0,0,0,0
29034161,6646,0,2,0,0,0,0,0,0,0,0,0
29037804,6647,0,2,0,0,0,0,0,0,0,0,0
29041448,6648,0,2,0,0,0,0,0,0,0,0,0
29045093,6649,0,2,0,0,0,0,0,0,0,0,0
29048736,6650,0,2,0,0,0,0,0,0,0,0,0
29052381,6651,0,2,0,0,0,0,0,0,0,0,0
29056025,6652,0,2,0,0,0,0,0,0,0,0,0
29059668,6653,0,2,0,0,0,0,0,0,0,0,0
29063313,6654,0,2,0,0,0,0,0,0,0,0,0
29066956,6655,0,2,0,0,0,0,0,0,0,0,0
29070600,6656,0,2,0,0,0,0,0,0,0,0,0
29074245,6657,0,2,0,0,0,0,0,0,0,0,0
29077888,6658,0,2,0,0,0,0,0,0,0,0,0
29081532,6659,0,2,0,0,0,0,0,0,0,0,0
29085176,6660,0,2,0,0,0,0,0,0,0,0,0
29088821,6661,0,2,0,0,0,0,0,0,0,0,0
29092464,6662,0,2,0,0,0,0,0,0,0,0,0
29096108,6663,0,2,0,0,0,0,0,0,0,0,0
29099752,6664,0,2,0,0,0,0,0,0,0,0,0
29103396,6665,0,2,0,0,0,0,0,0,0,0,0
29107040,6666,0,2,0,0,0,0,0,0,0,0,0
29110684,6667,0,2,0,0,0,0,0,0,0,0,0
29114328,6668,0,2,0,0,0,0,0,0,0,0,0
29117972,6669,0,2,0,0,0,0,0,0,0,0,0
29121616,6670,0,2,0,0,0,0,0,0,0,0,0
29125261,6671,0,2,0,0,0,0,0,0,0,0,0
29128904,6672,0,2,0,0,0,0,0,0,0,0,0
29132548,6673,0,2,0,0,0,0,0,0,0,0,0
29136192,6674,0,2,0,0,0,0,0,0,0,0,0
29139836,6675,0,2,0,0,0,0,0,0,0,0,0
29143480,6676,0,2,0,0,0,0,0,0,0,0,0
29147125,6677,0,2,0,0,0,0,0,0,0,0,0
29150768,6678,0,2,0,0,0,0,0,0,0,0,0
29154412,6679,0,2,0,0,0,0,0,0,0,0,0
29158057,6680,0,2,0,0,0,0,0,0,0,0,0
29161701,6681,0,2,0,0,0,0,0,0,0,0,0
29165345,6682,0,2,0,0,0,0,0,0,0,0,0
29168988,6683,0,2,0,0,0,0,0,0,0,0,0
29172632,6684,0,2,0,0,0,0,0,0,0,0,0
29176276,6685,0,2,0,0,0,0,0,0,0,0,0
29179920,6686,0,2,0,0,0,0,0,0,0,0,0
29183564,6687,0,2,0,0,0,0,0,0,0,0,0
29187209,6688,0,2,0,0,0,0,0,0,0,0,0
29190852,6689,0,2,0,0,0,0,0,0,0,0,0
29194496,6690,0,2,0,0,0,0,0,0,0,0,0
29198141,6691,0,2,0,0,0,0,0,0,0,0,0
29201784,6692,0,2,0,0,0,0,0,0,0,0,0
29205428,6693,0,2,0,0,0,0,0,0,0,0,0
29209073,6694,0,2,0,0,0,0,0,0,0,0,0
29212716,6695,0,2,0,0,0,0,0,0,0,0,0
29216361,6696,0,2,0,0,0,0,0,0,0,0,0
29220004,6697,0,2,0,0,0,0,0,0,0,0,0
29223648,6698,0,2,0,0,0,0,0,0,0,0,0
29227292,6699,0,2,0,0,0,0,0,0,0,0,0
29230936,6700,0,2,0,0,0,0,0,0,0,0,0
29234581,6701,0,2,0,0,0,0,0,0,0,0,0
29238225,6702,0,2,0,0,0,0,0,0,0,0,0
29241868,6703,0,2,0,0,0,0,0,0,0,0,0
29245512,6704,0,2,0,0,0,0,0,0,0,0,0
29249156,6705,0,2,0,0,0,0,0,0,0,0,0
29252800,6706,0,2,0,0,0,0,0,0,0,0,0
29256444,6707,0,2,0,0,0,0,0,0,0,0,0
29260089,6708,0,2,0,0,0,0,0,0,0,0,0
29263732,6709,0,2,0,0,0,0,0,0,0,0,0
29267376,6710,0,2,0,0,0,0,0,0,0,0,0
29271021,6711,0,2,0,0,0,0,0,0,0,0,0
29274664,6712,0,2,0,0,0,0,0,0,0,0,0
29278308,6713,0,2,0,0,0,0,0,0,0,0,0
29281952,6714,0,2,0,0,0,0,0,0,0,0,0
29285596,6715,0,2,0,0,0,0,0,0,0,0,0
29289240,6716,0,2,0,0,0,0,0,0,0,0,0
29292884,6717,0,2,0,0,0,0,0,0,0,0,0
29296528,6718,0,2,0,0,0,0,0,0,0,0,0
29300172,6719,0,2,0,0,0,0,0,0,0,0,0
29303816,6720,0,2,0,0,0,0,0,0,0,0,0
29307461,6721,0,2,0,0,0,0,0,0,0,0,0
29311105,6722,0,2,0,0,0,0,0,0,0,0,0
29314748,6723,0,2,0,0,0,0,0,0,0,0,0
29318392,6724,0,2,0,0,0,0,0,0,0,0,0
29322036,6725,0,2,0,0,0,0,0,0,0,0,0
29325680,6726,0,2,0,0,0,0,0,0,0,0,0
29329324,6727,0,2,0,0,0,0,0,0,0,0,0
29332968,6728,0,2,0,0,0,0,0,0,0,0,0
29336612,6729,0,2,0,0,0,0,0,0,0,0,0
29340256,6730,0,2,0,0,0,0,0,0,0,0,0
29343901,6731,0,2,0,0,0,0,0,0,0,0,0
29347544,6732,0,2,0,0,0,0,0,0,0,0,0
29351188,6733,0,2,0,0,0,0,0,0,0,0,0
29354832,6734,0,2,0,0,0,0,0,0,0,0,0
29358476,6735,0,2,0,0,0,0,0,0,0,0,0
29362120,6736,0,2,0,0,0,0,0,0,0,0,0
29365764,6737,0,2,0,0,0,0,0,0,0,0,0
29369408,6738,0,2,0,0,0,0,0,0,0,0,0
29373052,6739,0,2,0,0,0,0,0,0,0,0,0
29376696,6740,0,2,0,0,0,0,0,0,0,0,0
29380341,6741,0,2,0,0,0,0,0,0,0,0,0
29383984,6742,0,2,0,0,0,0,0,0,0,0,0
29387628,6743,0,2,0,0,0,0,0,0,0,0,0
29391272,6744,0,2,0,0,0,0,0,0,0,0,0
29394916,6745,0,2,0,0,0,0,0,0,0,0,0
29398560,6746,0,2,0,0,0,0,0,0,0,0,0
29402204,6747,0,2,0,0,0,0,0,0,0,0,0
29405848,6748,0,2,0,0,0,0,0,0,0,0,0
29409492,6749,0,2,0,0,0,0,0,0,0,0,0
29413137,6750,0,2,0,0,0,0,0,0,0,0,0
29416781,6751,0,2,0,0,0,0,0,0,0,0,0
29420424,6752,0,2,0,0,0,0,0,0,0,0,0
29424068,6753,0,2,0,0,0,0,0,0,0,0,0
29427712,6754,0,2,0,0,0,0,0,0,0,0,0
29431356,6755,0,2,0,0,0,0,0,0,0,0,0
29435000,6756,0,2,0,0,0,0,0,0,0,0,0
29438644,6757,0,2,0,0,0,0,0,0,0,0,0
29442288,6758,0,2,0,0,0,0,0,0,0,0,0
29445932,6759,0,2,0,0,0,0,0,0,0,0,0
29449576,6760,0,2,0,0,0,0,0,0,0,0,0
29453221,6761,0,2,0,0,0,0,0,0,0,0,0
29456864,6762,0,2,0,0,0,0,0,0,0,0,0
29460508,6763,0,2,0,0,0,0,0,0,0,0,0
29464153,6764,0,2,0,0,0,0,0,0,0,0,0
29467796,6765,0,2,0,0,0,0,0,0,0,0,0
29471440,6766,0,2,0,0,0,0,0,0,0,0,0
29475084,6767,0,2,0,0,0,0,0,0,0,0,0
29478728,6768,0,2,0,0,0,0,0,0,0,0,0
29482372,6769,0,2,0,0,0,0,0,0,0,0,0
29486017,6770,0,2,0,0,0,0,0,0,0,0,0
29489661,6771,0,2,0,0,0,0,0,0,0,0,0
29493304,6772,0,2,0,0,0,0,0,0,0,0,0
29496948,6773,0,2,0,0,0,0,0,0,0,0,0
29500592,6774,0,2,0,0,0,0,0,0,0,0,0
29504237,6775,0,2,0,0,0,0,0,0,0,0,0
29507880,6776,0,2,0,0,0,0,0,0,0,0,0
29511524,6777,0,2,0,0,0,0,0,0,0,0,0
29515168,6778,0,2,0,0,0,0,0,0,0,0,0
29518812,6779,0,2,0,0,0,0,0,0,0,0,0
29522456,6780,0,2,0,0,0,0,0,0,0,0,0
29526101,6781,0,2,0,0,0,0,0,0,0,0,0
29529744,6782,0,2,0,0,0,0,0,0,0,0,0
29533388,6783,0,2,0,0,0,0,0,0,0,0,0
29537033,6784,0,2,0,0,0,0,0,0,0,0,0
29540676,6785,0,2,0,0,0,0,0,0,0,0,0
29544320,6786,0,2,0,0,0,0,0,0,0,0,0
29547964,6787,0,2,0,0,0,0,0,0,0,0,0
29551608,6788,0,2,0,0,0,0,0,0,0,0,0
29555253,6789,0,2,0,0,0,0,0,0,0,0,0
29558896,6790,0,2,0,0,0,0,0,0,0,0,0
29562541,6791,0,2,0,0,0,0,0,0,0,0,0
29566184,6792,0,2,0,0,0,0,0,0,0,0,0
29569828,6793,0,2,0,0,0,0,0,0,0,0,0
29573472,6794,0,2,0,0,0,0,0,0,0,0,0
29577116,6795,0,2,0,0,0,0,0,0,0,0,0
29580760,6796,0,2,0,0,0,0,0,0,0,0,0
29584404,6797,0,2,0,0,0,0,0,0,0,0,0
29588048,6798,0,2,0,0,0,0,0,0,0,0,0
29591692,6799,0,2,0,0,0,0,0,0,0,0,0
29595336,6800,0,2,0,0,0,0,0,0,0,0,0
29598981,6801,0,2,0,0,0,0,0,0,0,0,0
29602624,6802,0,2,0,0,0,0,0,0,0,0,0
29606268,6803,0,2,0,0,0,0,0,0,0,0,0
29609912,6804,0,2,0,0,0,0,0,0,0,0,0
29613556,6805,0,2,0,0,0,0,0,0,0,0,0
29617201,6806,0,2,0,0,0,0,0,0,0,0,0
29620844,6807,0,2,0,0,0,0,0,0,0,0,0
29624488,6808,0,2,0,0,0,0,0,0,0,0,0
29628132,6809,0,2,0,0,0,0,0,0,0,0,0
29631776,6810,0,2,0,0,0,0,0,0,0,0,0
29642089,6811,0,2,0,0,0,0,0,0,0,0,0
29645721,6812,0,2,0,0,0,0,0,0,0,0,0
29649365,6813,0,2,0,0,0,0,0,0,0,0,0
29653010,6814,0,2,0,0,0,0,0,0,0,0,0
29656653,6815,0,2,0,0,0,0,0,0,0,0,0
29660298,6816,0,2,0,0,0,0,0,0,0,0,0
29663941,6817,0,2,0,0,0,0,0,0,0,0,0
29667585,6818,0,2,0,0,0,0,0,0,0,0,0
29671229,6819,0,2,0,0,0,0,0,0,0,0,0
29674873,6820,0,2,0,0,0,0,0,0,0,0,0
29678518,6821,0,2,0,0,0,0,0,0,0,0,0
29682161,6822,0,2,0,0,0,0,0,0,0,0,0
29685805,6823,0,2,0,0,0,0,0,0,0,0,0
29689449,6824,0,2,0,0,0,0,0,0,0,0,0
29693093,6825,0,2,0,0,0,0,0,0,0,0,0
29696737,6826,0,2,0,0,0,0,0,0,0,0,0
29700381,6827,0,2,0,0,0,0,0,0,0,0,0
29704026,6828,0,2,0,0,0,0,0,0,0,0,0
29707669,6829,0,2,0,0,0,0,0,0,0,0,0
29711313,6830,0,2,0,0,0,0,0,0,0,0,0
29714958,6831,0,2,0,0,0,0,0,0,0,0,0
29718601,6832,0,2,0,0,0,0,0,0,0,0,0
29722245,6833,0,2,0,0,0,0,0,0,0,0,0
29725889,6834,0,2,0,0,0,0,0,0,0,0,0
29729533,6835,0,2,0,0,0,0,0,0,0,0,0
29733177,6836,0,2,0,0,0,0,0,0,0,0,0
29736821,6837,0,2,0,0,0,0,0,0,0,0,0
29740465,6838,0,2,0,0,0,0,0,0,0,0,0
29744110,6839,0,2,0,0,0,0,0,0,0,0,0
29747753,6840,0,2,0,0,0,0,0,0,0,0,0
29751398,6841,0,2,0,0,0,0,0,0,0,0,0
29755042,6842,0,2,0,0,0,0,0,0,0,0,0
29758685,6843,0,2,0,0,0,0,0,0,0,0,0
29762329,6844,0,2,0,0,0,0,0,0,0,0,0
29765973,6845,0,2,0,0,0,0,0,0,0,0,0
29769617,6846,0,2,0,0,0,0,0,0,0,0,0
29773261,6847,0,2,0,0,0,0,0,0,0,0,0
29776905,6848,0,2,0,0,0,0,0,0,0,0,0
29780549,6849,0,2,0,0,0,0,0,0,0,0,0
29784194,6850,0,2,0,0,0,0,0,0,0,0,0
29787838,6851,0,2,0,0,0,0,0,0,0,0,0
29791481,6852,0,2,0,0,0,0,0,0,0,0,0
29795125,6853,0,2,0,0,0,0,0,0,0,0,0
29798769,6854,0,2,0,0,0,0,0,0,0,0,0
29802413,6855,0,2,0,0,0,0,0,0,0,0,0
29806058,6856,0,2,0,0,0,0,0,0,0,0,0
29809701,6857,0,2,0,0,0,0,0,0,0,0,0
29813345,6858,0,2,0,0,0,0,0,0,0,0,0
29816989,6859,0,2,0,0,0,0,0,0,0,0,0
29820633,6860,0,2,0,0,0,0,0,0,0,0,0
29824278,6861,0,2,0,0,0,0,0,0,0,0,0
29827921,6862,0,2,0,0,0,0,0,0,0,0,0
29831565,6863,0,2,0,0,0,0,0,0,0,0,0
29835209,6864,0,2,0,0,0,0,0,0,0,0,0
29838853,6865,0,2,0,0,0,0,0,0,0,0,0
29842497,6866,0,2,0,0,0,0,0,0,0,0,0
29846142,6867,0,2,0,0,0,0,0,0,0,0,0
29849785,6868,0,2,0,0,0,0,0,0,0,0,0
29853429,6869,0,2,0,0,0,0,0,0,0,0,0
29857074,6870,0,2,0,0,0,0,0,0,0,0,0
29860718,6871,0,2,0,0,0,0,0,0,0,0,0
29864362,6872,0,2,0,0,0,0,0,0,0,0,0
29868006,6873,0,2,0,0,0,0,0,0,0,0,0
29871649,6874,0,2,0,0,0,0,0,0,0,0,0
29875293,6875,0,2,0,0,0,0,0,0,0,0,0
29878937,6876,0,2,0,0,0,0,0,0,0,0,0
29882581,6877,0,2,0,0,0,0,0,0,0,0,0
29886225,6878,0,2,0,0,0,0,0,0,0,0,0
29889869,6879,0,2,0,0,0,0,0,0,0,0,0
29893513,6880,0,2,0,0,0,0,0,0,0,0,0
29897158,6881,0,2,0,0,0,0,0,0,0,0,0
29900801,6882,0,2,0,0,0,0,0,0,0,0,0
29904445,6883,0,2,0,0,0,0,0,0,0,0,0
29908090,6884,0,2,0,0,0,0,0,0,0,0,0
29911733,6885,0,2,0,0,0,0,0,0,0,0,0
29915377,6886,0,2,0,0,0,0,0,0,0,0,0
29919022,6887,0,2,0,0,0,0,0,0,0,0,0
29922665,6888,0,2,0,0,0,0,0,0,0,0,0
29926310,6889,0,2,0,0,0,0,0,0,0,0,0
29929953,6890,0,2,0,0,0,0,0,0,0,0,0
29933598,6891,0,2,0,0,0,0,0,0,0,0,0
29937241,6892,0,2,0,0,0,0,0,0,0,0,0
29940885,6893,0,2,0,0,0,0,0,0,0,0,0
29944529,6894,0,2,0,0,0,0,0,0,0,0,0
29948173,6895,0,2,0,0,0,0,0,0,0,0,0
29951817,6896,0,2,0,0,0,0,0,0,0,0,0
29955461,6897,0,2,0,0,0,0,0,0,0,0,0
29959105,6898,0,2,0,0,0,0,0,0,0,0,0
29962749,6899,0,2,0,0,0,0,0,0,0,0,0
29966393,6900,0,2,0,0,0,0,0,0,0,0,0
29970038,6901,0,2,0,0,0,0,0,0,0,0,0
29973681,6902,0,2,0,0,0,0,0,0,0,0,0
29977326,6903,0,2,0,0,0,0,0,0,0,0,0
29980969,6904,0,2,0,0,0,0,0,0,0,0,0
29984613,6905,0,2,0,0,0,0,0,0,0,0,0
29988257,6906,0,2,0,0,0,0,0,0,0,0,0
29991901,6907,0,2,0,0,0,0,0,0,0,0,0
29995545,6908,0,2,0,0,0,0,0,0,0,0,0
29999190,6909,0,2,0,0,0,0,0,0,0,0,0
30002833,6910,0,2,0,0,0,0,0,0,0,0,0
30006478,6911,0,2,0,0,0,0,0,0,0,0,0
30010121,6912,0,2,0,0,0,0,0,0,0,0,0
30013765,6913,0,2,0,0,0,0,0,0,0,0,0
30017409,6914,0,2,0,0,0,0,0,0,0,0,0
30021054,6915,0,2,0,0,0,0,0,0,0,0,0
30024697,6916,0,2,0,0,0,0,0,0,0,0,0
30028342,6917,0,2,0,0,0,0,0,0,0,0,0
30031985,6918,0,2,0,0,0,0,0,0,0,0,0
30035629,6919,0,2,0,0,0,0,0,0,0,0,0
30039274,6920,0,2,0,0,0,0,0,0,0,0,0
30042918,6921,0,2,0,0,0,0,0,0,0,0,0
30046561,6922,0,2,0,0,0,0,0,0,0,0,0
30050205,6923,0,2,0,0,0,0,0,0,0,0,0
30053849,6924,0,2,0,0,0,0,0,0,0,0,0
30057493,6925,0,2,0,0,0,0,0,0,0,0,0
30061138,6926,0,2,0,0,0,0,0,0,0,0,0
30064781,6927,0,2,0,0,0,0,0,0,0,0,0
30068425,6928,0,2,0,0,0,0,0,0,0,0,0
30072070,6929,0,2,0,0,0,0,0,0,0,0,0
30075713,6930,0,2,0,0,0,0,0,0,0,0,0
30079358,6931,0,2,0,0,0,0,0,0,0,0,0
30083001,6932,0,2,0,0,0,0,0,0,0,0,0
30086645,6933,0,2,0,0,0,0,0,0,0,0,0
30090289,6934,0,2,0,0,0,0,0,0,0,0,0
30093933,6935,0,2,0,0,0,0,0,0,0,0,0
30097577,6936,0,2,0,0,0,0,0,0,0,0,0
30101221,6937,0,2,0,0,0,0,0,0,0,0,0
30104865,6938,0,2,0,0,0,0,0,0,0,0,0
30108509,6939,0,2,0,0,0,0,0,0,0,0,0
30112153,6940,0,2,0,0,0,0,0,0,0,0,0
30115798,6941,0,2,0,0,0,0,0,0,0,0,0
30119441,6942,0,2,0,0,0,0,0,0,0,0,0
30123086,6943,0,2,0,0,0,0,0,0,0,0,0
30126729,6944,0,2,0,0,0,0,0,0,0,0,0
30130373,6945,0,2,0,0,0,0,0,0,0,0,0
30134017,6946,0,2,0,0,0,0,0,0,0,0,0
30137661,6947,0,2,0,0,0,0,0,0,0,0,0
30141305,6948,0,2,0,0,0,0,0,0,0,0,0
30144949,6949,0,2,0,0,0,0,0,0,0,0,0
30148593,6950,0,2,0,0,0,0,0,0,0,0,0
30152238,6951,0,2,0,0,0,0,0,0,0,0,0
30155881,6952,0,2,0,0,0,0,0,0,0,0,0
30159525,6953,0,2,0,0,0,0,0,0,0,0,0
30163169,6954,0,2,0,0,0,0,0,0,0,0,0
30166813,6955,0,2,0,0,0,0,0,0,0,0,0
30170457,6956,0,2,0,0,0,0,0,0,0,0,0
30174101,6957,0,2,0,0,0,0,0,0,0,0,0
30177745,6958,0,2,0,0,0,0,0,0,0,0,0
30181389,6959,0,2,0,0,0,0,0,0,0,0,0
30185033,6960,0,2,0,0,0,0,0,0,0,0,0
30188678,6961,0,2,0,0,0,0,0,0,0,0,0
30192322,6962,0,2,0,0,0,0,0,0,0,0,0
30195965,6963,0,2,0,0,0,0,0,0,0,0,0
30199609,6964,0,2,0,0,0,0,0,0,0,0,0
30203253,6965,0,2,0,0,0,0,0,0,0,0,0
30206897,6966,0,2,0,0,0,0,0,0,0,0,0
30210541,6967,0,2,0,0,0,0,0,0,0,0,0
30214185,6968,0,2,0,0,0,0,0,0,0,0,0
30217829,6969,0,2,0,0,0,0,0,0,0,0,0
30221473,6970,0,2,0,0,0,0,0,0,0,0,0
30225118,6971,0,2,0,0,0,0,0,0,0,0,0
30228761,6972,0,2,0,0,0,0,0,0,0,0,0
30232405,6973,0,2,0,0,0,0,0,0,0,0,0
30236049,6974,0,2,0,0,0,0,0,0,0,0,0
30239693,6975,0,2,0,0,0,0,0,0,0,0,0
30243338,6976,0,2,0,0,0,0,0,0,0,0,0
30246981,6977,0,2,0,0,0,0,0,0,0,0,0
30250625,6978,0,2,0,0,0,0,0,0,0,0,0
30254269,6979,0,2,0,0,0,0,0,0,0,0,0
30257913,6980,0,2,0,0,0,0,0,0,0,0,0
30261558,6981,0,2,0,0,0,0,0,0,0,0,0
30265201,6982,0,2,0,0,0,0,0,0,0,0,0
30268845,6983,0,2,0,0,0,0,0,0,0,0,0
30272489,6984,0,2,0,0,0,0,0,0,0,0,0
30276133,6985,0,2,0,0,0,0,0,0,0,0,0
30279777,6986,0,2,0,0,0,0,0,0,0,0,0
30283421,6987,0,2,0,0,0,0,0,0,0,0,0
30287065,6988,0,2,0,0,0,0,0,0,0,0,0
30290709,6989,0,2,0,0,0,0,0,0,0,0,0
30294353,6990,0,2,0,0,0,0,0,0,0,0,0
30297998,6991,0,2,0,0,0,0,0,0,0,0,0
30301641,6992,0,2,0,0,0,0,0,0,0,0,0
30305285,6993,0,2,0,0,0,0,0,0,0,0,0
30308929,6994,0,2,0,0,0,0,0,0,0,0,0
30312573,6995,0,2,0,0,0,0,0,0,0,0,0
30316218,6996,0,2,0,0,0,0,0,0,0,0,0
30319861,6997,0,2,0,0,0,0,0,0,0,0,0
30323505,6998,0,2,0,0,0,0,0,0,0,0,0
30327150,6999,0,2,0,0,0,0,0,0,0,0,0
30330793,7000,0,2,0,0,0,0,0,0,0,0,0
30334438,7001,0,2,0,0,0,0,0,0,0,0,0
30338081,7002,0,2,0,0,0,0,0,0,0,0,0
30341725,7003,0,2,0,0,0,0,0,0,0,0,0
30345369,7004,0,2,0,0,0,0,0,0,0,0,0
30349014,7005,0,2,0,0,0,0,0,0,0,0,0
30352657,7006,0,2,0,0,0,0,0,0,0,0,0
30356302,7007,0,2,0,0,0,0,0,0,0,0,0
30359945,7008,0,2,0,0,0,0,0,0,0,0,0
30363589,7009,0,2,0,0,0,0,0,0,0,0,0
30367234,7010,0,2,0,0,0,0,0,0,0,0,0
30370878,7011,0,2,0,0,0,0,0,0,0,0,0
30374521,7012,0,2,0,0,0,0,0,0,0,0,0
30378165,7013,0,2,0,0,0,0,0,0,0,0,0
30381809,7014,0,2,0,0,0,0,0,0,0,0,0
30385453,7015,0,2,0,0,0,0,0,0,0,0,0
30389098,7016,0,2,0,0,0,0,0,0,0,0,0
30392741,7017,0,2,0,0,0,0,0,0,0,0,0
30396385,7018,0,2,0,0,0,0,0,0,0,0,0
30400030,7019,0,2,0,0,0,0,0,0,0,0,0
30403673,7020,0,2,0,0,0,0,0,0,0,0,0
30407318,7021,0,2,0,0,0,0,0,0,0,0,0
30410961,7022,0,2,0,0,0,0,0,0,0,0,0
30414605,7023,0,2,0,0,0,0,0,0,0,0,0
30418249,7024,0,2,0,0,0,0,0,0,0,0,0
30421893,7025,0,2,0,0,0,0,0,0,0,0,0
30425537,7026,0,2,0,0,0,0,0,0,0,0,0
30429181,7027,0,2,0,0,0,0,0,0,0,0,0
30432825,7028,0,2,0,0,0,0,0,0,0,0,0
30436469,7029,0,2,0,0,0,0,0,0,0,0,0
30440114,7030,0,2,0,0,0,0,0,0,0,0,0
30443758,7031,0,2,0,0,0,0,0,0,0,0,0
30447401,7032,0,2,0,0,0,0,0,0,0,0,0
30451046,7033,0,2,0,0,0,0,0,0,0,0,0
30454689,7034,0,2,0,0,0,0,0,0,0,0,0
30458333,7035,0,2,0,0,0,0,0,0,0,0,0
30461977,7036,0,2,0,0,0,0,0,0,0,0,0
30465621,7037,0,2,0,0,0,0,0,0,0,0,0
30473747,7038,0,2,0,0,0,0,0,0,0,0,0
30477378,7039,0,2,0,0,0,0,0,0,0,0,0
30481023,7040,0,2,0,0,0,0,0,0,0,0,0
30484667,7041,0,2,0,0,0,0,0,0,0,0,0
30488310,7042,0,2,0,0,0,0,0,0,0,0,0
30491954,7043,0,2,0,0,0,0,0,0,0,0,0
30495598,7044,0,2,0,0,0,0,0,0,0,0,0
30499242,7045,0,2,0,0,0,0,0,0,0,0,0
30502886,7046,0,2,0,0,0,0,0,0,0,0,0
30506530,7047,0,2,0,0,0,0,0,0,0,0,0
30510174,7048,0,2,0,0,0,0,0,0,0,0,0
30513818,7049,0,2,0,0,0,0,0,0,0,0,0
30517462,7050,0,2,0,0,0,0,0,0,0,0,0
30521107,7051,0,2,0,0,0,0,0,0,0,0,0
30524750,7052,0,2,0,0,0,0,0,0,0,0,0
30528394,7053,0,2,0,0,0,0,0,0,0,0,0
30532039,7054,0,2,0,0,0,0,0,0,0,0,0
30535682,7055,0,2,0,0,0,0,0,0,0,0,0
30539326,7056,0,2,0,0,0,0,0,0,0,0,0
30542970,7057,0,2,0,0,0,0,0,0,0,0,0
30546614,7058,0,2,0,0,0,0,0,0,0,0,0
30550258,7059,0,2,0,0,0,0,0,0,0,0,0
30553902,7060,0,2,0,0,0,0,0,0,0,0,0
30557547,7061,0,2,0,0,0,0,0,0,0,0,0
30561191,7062,0,2,0,0,0,0,0,0,0,0,0
30564834,7063,0,2,0,0,0,0,0,0,0,0,0
30568478,7064,0,2,0,0,0,0,0,0,0,0,0
30572122,7065,0,2,0,0,0,0,0,0,0,0,0
30575766,7066,0,2,0,0,0,0,0,0,0,0,0
30579410,7067,0,2,0,0,0,0,0,0,0,0,0
30583055,7068,0,2,0,0,0,0,0,0,0,0,0
30586698,7069,0,2,0,0,0,0,0,0,0,0,0
30590342,7070,0,2,0,0,0,0,0,0,0,0,0
30593987,7071,0,2,0,0,0,0,0,0,0,0,0
30597630,7072,0,2,0,0,0,0,0,0,0,0,0
30601274,7073,0,2,0,0,0,0,0,0,0,0,0
30604918,7074,0,2,0,0,0,0,0,0,0,0,0
30608562,7075,0,2,0,0,0,0,0,0,0,0,0
30612206,7076,0,2,0,0,0,0,0,0,0,0,0
30615850,7077,0,2,0,0,0,0,0,0,0,0,0
30619494,7078,0,2,0,0,0,0,0,0,0,0,0
30623139,7079,0,2,0,0,0,0,0,0,0,0,0
30626782,7080,0,2,0,0,0,0,0,0,0,0,0
30630427,7081,0,2,0,0,0,0,0,0,0,0,0
30634071,7082,0,2,0,0,0,0,0,0,0,0,0
30637714,7083,0,2,0,0,0,0,0,0,0,0,0
30641358,7084,0,2,0,0,0,0,0,0,0,0,0
30645003,7085,0,2,0,0,0,0,0,0,0,0,0
30648646,7086,0,2,0,0,0,0,0,0,0,0,0
30652290,7087,0,2,0,0,0,0,0,0,0,0,0
30655934,7088,0,2,0,0,0,0,0,0,0,0,0
30659578,7089,0,2,0,0,0,0,0,0,0,0,0
30663222,7090,0,2,0,0,0,0,0,0,0,0,0
30666867,7091,0,2,0,0,0,0,0,0,0,0,0
30670510,7092,0,2,0,0,0,0,0,0,0,0,0
30674155,7093,0,2,0,0,0,0,0,0,0,0,0
30677798,7094,0,2,0,0,0,0,0,0,0,0,0
30681442,7095,0,2,0,0,0,0,0,0,0,0,0
30685087,7096,0,2,0,0,0,0,0,0,0,0,0
30688730,7097,0,2,0,0,0,0,0,0,0,0,0
30692374,7098,0,2,0,0,0,0,0,0,0,0,0
30696018,7099,0,2,0,0,0,0,0,0,0,0,0
30699662,7100,0,2,0,0,0,0,0,0,0,0,0
30703307,7101,0,2,0,0,0,0,0,0,0,0,0
30706950,7102,0,2,0,0,0,0,0,0,0,0,0
30710594,7103,0,2,0,0,0,0,0,0,0,0,0
30714239,7104,0,2,0,0,0,0,0,0,0,0,0
30717882,7105,0,2,0,0,0,0,0,0,0,0,0
30721526,7106,0,2,0,0,0,0,0,0,0,0,0
30725171,7107,0,2,0,0,0,0,0,0,0,0,0
30728814,7108,0,2,0,0,0,0,0,0,0,0,0
30732458,7109,0,2,0,0,0,0,0,0,0,0,0
30736103,7110,0,2,0,0,0,0,0,0,0,0,0
30739747,7111,0,2,0,0,0,0,0,0,0,0,0
30743390,7112,0,2,0,0,0,0,0,0,0,0,0
30747035,7113,0,2,0,0,0,0,0,0,0,0,0
30750678,7114,0,2,0,0,0,0,0,0,0,0,0
30754322,7115,0,2,0,0,0,0,0,0,0,0,0
30757966,7116,0,2,0,0,0,0,0,0,0,0,0
30761610,7117,0,2,0,0,0,0,0,0,0,0,0
30765254,7118,0,2,0,0,0,0,0,0,0,0,0
30768898,7119,0,2,0,0,0,0,0,0,0,0,0
30772542,7120,0,2,0,0,0,0,0,0,0,0,0
30776187,7121,0,2,0,0,0,0,0,0,0,0,0
30779830,7122,0,2,0,0,0,0,0,0,0,0,0
30783474,7123,0,2,0,0,0,0,0,0,0,0,0
30787118,7124,0,2,0,0,0,0,0,0,0,0,0
30790762,7125,0,2,0,0,0,0,0,0,0,0,0
30794406,7126,0,2,0,0,0,0,0,0,0,0,0
30798051,7127,0,2,0,0,0,0,0,0,0,0,0
30801694,7128,0,2,0,0,0,0,0,0,0,0,0
30805338,7129,0,2,0,0,0,0,0,0,0,0,0
30808982,7130,0,2,0,0,0,0,0,0,0,0,0
30812627,7131,0,2,0,0,0,0,0,0,0,0,0
30816270,7132,0,2,0,0,0,0,0,0,0,0,0
30819914,7133,0,2,0,0,0,0,0,0,0,0,0
30823558,7134,0,2,0,0,0,0,0,0,0,0,0
30827202,7135,0,2,0,0,0,0,0,0,0,0,0
30830846,7136,0,2,0,0,0,0,0,0,0,0,0
30834490,7137,0,2,0,0,0,0,0,0,0,0,0
30838135,7138,0,2,0,0,0,0,0,0,0,0,0
30841778,7139,0,2,0,0,0,0,0,0,0,0,0
30845422,7140,0,2,0,0,0,0,0,0,0,0,0
30849067,7141,0,2,0,0,0,0,0,0,0,0,0
30852710,7142,0,2,0,0,0,0,0,0,0,0,0
30856354,7143,0,2,0,0,0,0,0,0,0,0,0
30859998,7144,0,2,0,0,0,0,0,0,0,0,0
30863642,7145,0,2,0,0,0,0,0,0,0,0,0
30867286,7146,0,2,0,0,0,0,0,0,0,0,0
30870930,7147,0,2,0,0,0,0,0,0,0,0,0
30874574,7148,0,2,0,0,0,0,0,0,0,0,0
30878218,7149,0,2,0,0,0,0,0,0,0,0,0
30881862,7150,0,2,0,0,0,0,0,0,0,0,0
30885507,7151,0,2,0,0,0,0,0,0,0,0,0
30889151,7152,0,2,0,0,0,0,0,0,0,0,0
30892794,7153,0,2,0,0,0,0,0,0,0,0,0
30896438,7154,0,2,0,0,0,0,0,0,0,0,0
30900083,7155,0,2,0,0,0,0,0,0,0,0,0
30903726,7156,0,2,0,0,0,0,0,0,0,0,0
30907371,7157,0,2,0,0,0,0,0,0,0,0,0
30911014,7158,0,2,0,0,0,0,0,0,0,0,0
30914658,7159,0,2,0,0,0,0,0,0,0,0,0
30918302,7160,0,2,0,0,0,0,0,0,0,0,0
30921947,7161,0,2,0,0,0,0,0,0,0,0,0
30925590,7162,0,2,0,0,0,0,0,0,0,0,0
30929234,7163,0,2,0,0,0,0,0,0,0,0,0
30932878,7164,0,2,0,0,0,0,0,0,0,0,0
30936522,7165,0,2,0,0,0,0,0,0,0,0,0
30940167,7166,0,2,0,0,0,0,0,0,0,0,0
30943810,7167,0,2,0,0,0,0,0,0,0,0,0
30947454,7168,0,2,0,0,0,0,0,0,0,0,0
30951099,7169,0,2,0,0,0,0,0,0,0,0,0
30954742,7170,0,2,0,0,0,0,0,0,0,0,0
30958387,7171,0,2,0,0,0,0,0,0,0,0,0
30962030,7172,0,2,0,0,0,0,0,0,0,0,0
30965674,7173,0,2,0,0,0,0,0,0,0,0,0
30969318,7174,0,2,0,0,0,0,0,0,0,0,0
30972962,7175,0,2,0,0,0,0,0,0,0,0,0
30976606,7176,0,2,0,0,0,0,0,0,0,0,0
30980250,7177,0,2,0,0,0,0,0,0,0,0,0
30983894,7178,0,2,0,0,0,0,0,0,0,0,0
30987538,7179,0,2,0,0,0,0,0,0,0,0,0
30991183,7180,0,2,0,0,0,0,0,0,0,0,0
30994827,7181,0,2,0,0,0,0,0,0,0,0,0
30998470,7182,0,2,0,0,0,0,0,0,0,0,0
31002114,7183,0,2,0,0,0,0,0,0,0,0,0
31005758,7184,0,2,0,0,0,0,0,0,0,0,0
31009402,7185,0,2,0,0,0,0,0,0,0,0,0
31013046,7186,0,2,0,0,0,0,0,0,0,0,0
31016690,7187,0,2,0,0,0,0,0,0,0,0,0
31020334,7188,0,2,0,0,0,0,0,0,0,0,0
31023978,7189,0,2,0,0,0,0,0,0,0,0,0
31027622,7190,0,2,0,0,0,0,0,0,0,0,0
31031267,7191,0,2,0,0,0,0,0,0,0,0,0
31034910,7192,0,2,0,0,0,0,0,0,0,0,0
31038554,7193,0,2,0,0,0,0,0,0,0,0,0
31042198,7194,0,2,0,0,0,0,0,0,0,0,0
31045842,7195,0,2,0,0,0,0,0,0,0,0,0
31049486,7196,0,2,0,0,0,0,0,0,0,0,0
31053131,7197,0,2,0,0,0,0,0,0,0,0,0
31056774,7198,0,2,0,0,0,0,0,0,0,0,0
31060418,7199,0,2,0,0,0,0,0,0,0,0,0
31064063,7200,0,2,0,0,0,0,0,0,0,0,0
31067707,7201,0,2,0,0,0,0,0,0,0,0,0
31071351,7202,0,2,0,0,0,0,0,0,0,0,0
31074994,7203,0,2,0,0,0,0,0,0,0,0,0
31078638,7204,0,2,0,0,0,0,0,0,0,0,0
31082282,7205,0,2,0,0,0,0,0,0,0,0,0
31085926,7206,0,2,0,0,0,0,0,0,0,0,0
31089570,7207,0,2,0,0,0,0,0,0,0,0,0
31093215,7208,0,2,0,0,0,0,0,0,0,0,0
31096858,7209,0,2,0,0,0,0,0,0,0,0,0
31100502,7210,0,2,0,0,0,0,0,0,0,0,0
31104147,7211,0,2,0,0,0,0,0,0,0,0,0
31107790,7212,0,2,0,0,0,0,0,0,0,0,0
31111434,7213,0,2,0,0,0,0,0,0,0,0,0
31115078,7214,0,2,0,0,0,0,0,0,0,0,0
31118722,7215,0,2,0,0,0,0,0,0,0,0,0
31122366,7216,0,2,0,0,0,0,0,0,0,0,0
31126011,7217,0,2,0,0,0,0,0,0,0,0,0
31129654,7218,0,2,0,0,0,0,0,0,0,0,0
31133299,7219,0,2,0,0,0,0,0,0,0,0,0
31136942,7220,0,2,0,0,0,0,0,0,0,0,0
31140587,7221,0,2,0,0,0,0,0,0,0,0,0
31144230,7222,0,2,0,0,0,0,0,0,0,0,0
31147874,7223,0,2,0,0,0,0,0,0,0,0,0
31151518,7224,0,2,0,0,0,0,0,0,0,0,0
31155162,7225,0,2,0,0,0,0,0,0,0,0,0
31158806,7226,0,2,0,0,0,0,0,0,0,0,0
31162450,7227,0,2,0,0,0,0,0,0,0,0,0
31166095,7228,0,2,0,0,0,0,0,0,0,0,0
31169738,7229,0,2,0,0,0,0,0,0,0,0,0
31173383,7230,0,2,0,0,0,0,0,0,0,0,0
31177027,7231,0,2,0,0,0,0,0,0,0,0,0
31180670,7232,0,2,0,0,0,0,0,0,0,0,0
31184314,7233,0,2,0,0,0,0,0,0,0,0,0
31187958,7234,0,2,0,0,0,0,0,0,0,0,0
31191602,7235,0,2,0,0,0,0,0,0,0,0,0
31195247,7236,0,2,0,0,0,0,0,0,0,0,0
31198890,7237,0,2,0,0,0,0,0,0,0,0,0
31202534,7238,0,2,0,0,0,0,0,0,0,0,0
31206179,7239,0,2,0,0,0,0,0,0,0,0,0
31209822,7240,0,2,0,0,0,0,0,0,0,0,0
31213467,7241,0,2,0,0,0,0,0,0,0,0,0
31217111,7242,0,2,0,0,0,0,0,0,0,0,0
31220754,7243,0,2,0,0,0,0,0,0,0,0,0
31224398,7244,0,2,0,0,0,0,0,0,0,0,0
31228043,7245,0,2,0,0,0,0,0,0,0,0,0
31231686,7246,0,2,0,0,0,0,0,0,0,0,0
31235330,7247,0,2,0,0,0,0,0,0,0,0,0
31238974,7248,0,2,0,0,0,0,0,0,0,0,0
31242618,7249,0,2,0,0,0,0,0,0,0,0,0
31246262,7250,0,2,0,0,0,0,0,0,0,0,0
31249907,7251,0,2,0,0,0,0,0,0,0,0,0
31253550,7252,0,2,0,0,0,0,0,0,0,0,0
31257194,7253,0,2,0,0,0,0,0,0,0,0,0
31260838,7254,0,2,0,0,0,0,0,0,0,0,0
31264482,7255,0,2,0,0,0,0,0,0,0,0,0
31268127,7256,0,2,0,0,0,0,0,0,0,0,0
31271770,7257,0,2,0,0,0,0,0,0,0,0,0
31275414,7258,0,2,0,0,0,0,0,0,0,0,0
31279058,7259,0,2,0,0,0,0,0,0,0,0,0
31282702,7260,0,2,0,0,0,0,0,0,0,0,0
31286347,7261,0,2,0,0,0,0,0,0,0,0,0
31289990,7262,0,2,0,0,0,0,0,0,0,0,0
31293634,7263,0,2,0,0,0,0,0,0,0,0,0
31297278,7264,0,2,0,0,0,0,0,0,0,0,0
31307368,7265,0,2,0,0,0,0,0,0,0,0,0
31310999,7266,0,2,0,0,0,0,0,0,0,0,0
31314643,7267,0,2,0,0,0,0,0,0,0,0,0
31318287,7268,0,2,0,0,0,0,0,0,0,0,0
31321931,7269,0,2,0,0,0,0,0,0,0,0,0
31325575,7270,0,2,0,0,0,0,0,0,0,0,0
31329220,7271,0,2,0,0,0,0,0,0,0,0,0
31332863,7272,0,2,0,0,0,0,0,0,0,0,0
31336507,7273,0,2,0,0,0,0,0,0,0,0,0
31340151,7274,0,2,0,0,0,0,0,0,0,0,0
31343795,7275,0,2,0,0,0,0,0,0,0,0,0
31347439,7276,0,2,0,0,0,0,0,0,0,0,0
31351083,7277,0,2,0,0,0,0,0,0,0,0,0
31354727,7278,0,2,0,0,0,0,0,0,0,0,0
31358371,7279,0,2,0,0,0,0,0,0,0,0,0
31362016,7280,0,2,0,0,0,0,0,0,0,0,0
31365660,7281,0,2,0,0,0,0,0,0,0,0,0
31369303,7282,0,2,0,0,0,0,0,0,0,0,0
31372947,7283,0,2,0,0,0,0,0,0,0,0,0
31376591,7284,0,2,0,0,0,0,0,0,0,0,0
31380236,7285,0,2,0,0,0,0,0,0,0,0,0
31383879,7286,0,2,0,0,0,0,0,0,0,0,0
31387523,7287,0,2,0,0,0,0,0,0,0,0,0
31391167,7288,0,2,0,0,0,0,0,0,0,0,0
31394811,7289,0,2,0,0,0,0,0,0,0,0,0
31398455,7290,0,2,0,0,0,0,0,0,0,0,0
31402100,7291,0,2,0,0,0,0,0,0,0,0,0
31405743,7292,0,2,0,0,0,0,0,0,0,0,0
31409387,7293,0,2,0,0,0,0,0,0,0,0,0
31413032,7294,0,2,0,0,0,0,0,0,0,0,0
31416675,7295,0,2,0,0,0,0,0,0,0,0,0
31420319,7296,0,2,0,0,0,0,0,0,0,0,0
31423963,7297,0,2,0,0,0,0,0,0,0,0,0
31427607,7298,0,2,0,0,0,0,0,0,0,0,0
31431251,7299,0,2,0,0,0,0,0,0,0,0,0
31434895,7300,0,2,0,0,0,0,0,0,0,0,0
31438540,7301,0,2,0,0,0,0,0,0,0,0,0
31442184,7302,0,2,0,0,0,0,0,0,0,0,0
31445827,7303,0,2,0,0,0,0,0,0,0,0,0
31449471,7304,0,2,0,0,0,0,0,0,0,0,0
31453115,7305,0,2,0,0,0,0,0,0,0,0,0
31456759,7306,0,2,0,0,0,0,0,0,0,0,0
31460403,7307,0,2,0,0,0,0,0,0,0,0,0
31464048,7308,0,2,0,0,0,0,0,0,0,0,0
31467691,7309,0,2,0,0,0,0,0,0,0,0,0
31471336,7310,0,2,0,0,0,0,0,0,0,0,0
31474980,7311,0,2,0,0,0,0,0,0,0,0,0
31478623,7312,0,2,0,0,0,0,0,0,0,0,0
31482267,7313,0,2,0,0,0,0,0,0,0,0,0
31485911,7314,0,2,0,0,0,0,0,0,0,0,0
31489555,7315,0,2,0,0,0,0,0,0,0,0,0
31493199,7316,0,2,0,0,0,0,0,0,0,0,0
31496843,7317,0,2,0,0,0,0,0,0,0,0,0
31500487,7318,0,2,0,0,0,0,0,0,0,0,0
31504132,7319,0,2,0,0,0,0,0,0,0,0,0
31507775,7320,0,2,0,0,0,0,0,0,0,0,0
31511420,7321,0,2,0,0,0,0,0,0,0,0,0
31515064,7322,0,2,0,0,0,0,0,0,0,0,0
31518707,7323,0,2,0,0,0,0,0,0,0,0,0
31522351,7324,0,2,0,0,0,0,0,0,0,0,0
31525995,7325,0,2,0,0,0,0,0,0,0,0,0
31529639,7326,0,2,0,0,0,0,0,0,0,0,0
31533283,7327,0,2,0,0,0,0,0,0,0,0,0
31536927,7328,0,2,0,0,0,0,0,0,0,0,0
31540571,7329,0,2,0,0,0,0,0,0,0,0,0
31544215,7330,0,2,0,0,0,0,0,0,0,0,0
31547860,7331,0,2,0,0,0,0,0,0,0,0,0
31551503,7332,0,2,0,0,0,0,0,0,0,0,0
31555148,7333,0,2,0,0,0,0,0,0,0,0,0
31558791,7334,0,2,0,0,0,0,0,0,0,0,0
31562435,7335,0,2,0,0,0,0,0,0,0,0,0
31566080,7336,0,2,0,0,0,0,0,0,0,0,0
31569723,7337,0,2,0,0,0,0,0,0,0,0,0
31573367,7338,0,2,0,0,0,0,0,0,0,0,0
31577011,7339,0,2,0,0,0,0,0,0,0,0,0
31580655,7340,0,2,0,0,0,0,0,0,0,0,0
31584300,7341,0,2,0,0,0,0,0,0,0,0,0
31587943,7342,0,2,0,0,0,0,0,0,0,0,0
31591587,7343,0,2,0,0,0,0,0,0,0,0,0
31595231,7344,0,2,0,0,0,0,0,0,0,0,0
31598875,7345,0,2,0,0,0,0,0,0,0,0,0
31602519,7346,0,2,0,0,0,0,0,0,0,0,0
31606164,7347,0,2,0,0,0,0,0,0,0,0,0
31609807,7348,0,2,0,0,0,0,0,0,0,0,0
31613451,7349,0,2,0,0,0,0,0,0,0,0,0
31617096,7350,0,2,0,0,0,0,0,0,0,0,0
31620740,7351,0,2,0,0,0,0,0,0,0,0,0
31624383,7352,0,2,0,0,0,0,0,0,0,0,0
31628027,7353,0,2,0,0,0,0,0,0,0,0,0
31631671,7354,0,2,0,0,0,0,0,0,0,0,0
31635315,7355,0,2,0,0,0,0,0,0,0,0,0
31638959,7356,0,2,0,0,0,0,0,0,0,0,0
31642603,7357,0,2,0,0,0,0,0,0,0,0,0
31646247,7358,0,2,0,0,0,0,0,0,0,0,0
31649891,7359,0,2,0,0,0,0,0,0,0,0,0
31653535,7360,0,2,0,0,0,0,0,0,0,0,0
31657180,7361,0,2,0,0,0,0,0,0,0,0,0
31660823,7362,0,2,0,0,0,0,0,0,0,0,0
31664467,7363,0,2,0,0,0,0,0,0,0,0,0
31668112,7364,0,2,0,0,0,0,0,0,0,0,0
31671755,7365,0,2,0,0,0,0,0,0,0,0,0
31675399,7366,0,2,0,0,0,0,0,0,0,0,0
31679044,7367,0,2,0,0,0,0,0,0,0,0,0
31682687,7368,0,2,0,0,0,0,0,0,0,0,0
31686331,7369,0,2,0,0,0,0,0,0,0,0,0
31689975,7370,0,2,0,0,0,0,0,0,0,0,0
31693620,7371,0,2,0,0,0,0,0,0,0,0,0
31697263,7372,0,2,0,0,0,0,0,0,0,0,0
31700907,7373,0,2,0,0,0,0,0,0,0,0,0
31704551,7374,0,2,0,0,0,0,0,0,0,0,0
31708195,7375,0,2,0,0,0,0,0,0,0,0,0
31711839,7376,0,2,0,0,0,0,0,0,0,0,0
31715483,7377,0,2,0,0,0,0,0,0,0,0,0
31719127,7378,0,2,0,0,0,0,0,0,0,0,0
31722771,7379,0,2,0,0,0,0,0,0,0,0,0
31726415,7380,0,2,0,0,0,0,0,0,0,0,0
31730060,7381,0,2,0,0,0,0,0,0,0,0,0
31733703,7382,0,2,0,0,0,0,0,0,0,0,0
31737348,7383,0,2,0,0,0,0,0,0,0,0,0
31740991,7384,0,2,0,0,0,0,0,0,0,0,0
31744635,7385,0,2,0,0,0,0,0,0,0,0,0
31748279,7386,0,2,0,0,0,0,0,0,0,0,0
31751923,7387,0,2,0,0,0,0,0,0,0,0,0
31755567,7388,0,2,0,0,0,0,0,0,0,0,0
31759211,7389,0,2,0,0,0,0,0,0,0,0,0
31762855,7390,0,2,0,0,0,0,0,0,0,0,0
31766500,7391,0,2,0,0,0,0,0,0,0,0,0
31770143,7392,0,2,0,0,0,0,0,0,0,0,0
31773787,7393,0,2,0,0,0,0,0,0,0,0,0
31777431,7394,0,2,0,0,0,0,0,0,0,0,0
31781076,7395,0,2,0,0,0,0,0,0,0,0,0
31784719,7396,0,2,0,0,0,0,0,0,0,0,0
31788363,7397,0,2,0,0,0,0,0,0,0,0,0
31792008,7398,0,2,0,0,0,0,0,0,0,0,0
31795651,7399,0,2,0,0,0,0,0,0,0,0,0
31799296,7400,0,2,0,0,0,0,0,0,0,0,0
31802940,7401,0,2,0,0,0,0,0,0,0,0,0
31806583,7402,0,2,0,0,0,0,0,0,0,0,0
31810227,7403,0,2,0,0,0,0,0,0,0,0,0
31813871,7404,0,2,0,0,0,0,0,0,0,0,0
31817515,7405,0,2,0,0,0,0,0,0,0,0,0
31821160,7406,0,2,0,0,0,0,0,0,0,0,0
31824803,7407,0,2,0,0,0,0,0,0,0,0,0
31828447,7408,0,2,0,0,0,0,0,0,0,0,0
31832091,7409,0,2,0,0,0,0,0,0,0,0,0
31835735,7410,0,2,0,0,0,0,0,0,0,0,0
31839380,7411,0,2,0,0,0,0,0,0,0,0,0
31843024,7412,0,2,0,0,0,0,0,0,0,0,0
31846667,7413,0,2,0,0,0,0,0,0,0,0,0
31850311,7414,0,2,0,0,0,0,0,0,0,0,0
31853955,7415,0,2,0,0,0,0,0,0,0,0,0
31857599,7416,0,2,0,0,0,0,0,0,0,0,0
31861243,7417,0,2,0,0,0,0,0,0,0,0,0
31864887,7418,0,2,0,0,0,0,0,0,0,0,0
31868531,7419,0,2,0,0,0,0,0,0,0,0,0
31872175,7420,0,2,0,0,0,0,0,0,0,0,0
31875820,7421,0,2,0,0,0,0,0,0,0,0,0
31879463,7422,0,2,0,0,0,0,0,0,0,0,0
31883107,7423,0,2,0,0,0,0,0,0,0,0,0
31886751,7424,0,2,0,0,0,0,0,0,0,0,0
31890395,7425,0,2,0,0,0,0,0,0,0,0,0
31894039,7426,0,2,0,0,0,0,0,0,0,0,0
31897683,7427,0,2,0,0,0,0,0,0,0,0,0
31901327,7428,0,2,0,0,0,0,0,0,0,0,0
31904971,7429,0,2,0,0,0,0,0,0,0,0,0
31908615,7430,0,2,0,0,0,0,0,0,0,0,0
31912260,7431,0,2,0,0,0,0,0,0,0,0,0
31915903,7432,0,2,0,0,0,0,0,0,0,0,0
31919547,7433,0,2,0,0,0,0,0,0,0,0,0
31923191,7434,0,2,0,0,0,0,0,0,0,0,0
31926835,7435,0,2,0,0,0,0,0,0,0,0,0
31930479,7436,0,2,0,0,0,0,0,0,0,0,0
31934124,7437,0,2,0,0,0,0,0,0,0,0,0
31937767,7438,0,2,0,0,0,0,0,0,0,0,0
31941411,7439,0,2,0,0,0,0,0,0,0,0,0
31945055,7440,0,2,0,0,0,0,0,0,0,0,0
31948700,7441,0,2,0,0,0,0,0,0,0,0,0
31952343,7442,0,2,0,0,0,0,0,0,0,0,0
31955987,7443,0,2,0,0,0,0,0,0,0,0,0
31959631,7444,0,2,0,0,0,0,0,0,0,0,0
31963275,7445,0,2,0,0,0,0,0,0,0,0,0
31966919,7446,0,2,0,0,0,0,0,0,0,0,0
31970563,7447,0,2,0,0,0,0,0,0,0,0,0
31974208,7448,0,2,0,0,0,0,0,0,0,0,0
31977851,7449,0,2,0,0,0,0,0,0,0,0,0
31981495,7450,0,2,0,0,0,0,0,0,0,0,0
31985140,7451,0,2,0,0,0,0,0,0,0,0,0
31988783,7452,0,2,0,0,0,0,0,0,0,0,0
31992427,7453,0,2,0,0,0,0,0,0,0,0,0
31996072,7454,0,2,0,0,0,0,0,0,0,0,0
31999715,7455,0,2,0,0,0,0,0,0,0,0,0
32003359,7456,0,2,0,0,0,0,0,0,0,0,0
32007004,7457,0,2,0,0,0,0,0,0,0,0,0
32010647,7458,0,2,0,0,0,0,0,0,0,0,0
32014291,7459,0,2,0,0,0,0,0,0,0,0,0
32017935,7460,0,2,0,0,0,0,0,0,0,0,0
32021580,7461,0,2,0,0,0,0,0,0,0,0,0
32025223,7462,0,2,0,0,0,0,0,0,0,0,0
32028867,7463,0,2,0,0,0,0,0,0,0,0,0
32032511,7464,0,2,0,0,0,0,0,0,0,0,0
32036156,7465,0,2,0,0,0,0,0,0,0,0,0
32039799,7466,0,2,0,0,0,0,0,0,0,0,0
32043443,7467,0,2,0,0,0,0,0,0,0,0,0
32047087,7468,0,2,0,0,0,0,0,0,0,0,0
32050731,7469,0,2,0,0,0,0,0,0,0,0,0
32054375,7470,0,2,0,0,0,0,0,0,0,0,0
32058020,7471,0,2,0,0,0,0,0,0,0,0,0
32061663,7472,0,2,0,0,0,0,0,0,0,0,0
32065308,7473,0,2,0,0,0,0,0,0,0,0,0
32068951,7474,0,2,0,0,0,0,0,0,0,0,0
32072595,7475,0,2,0,0,0,0,0,0,0,0,0
32076239,7476,0,2,0,0,0,0,0,0,0,0,0
32079883,7477,0,2,0,0,0,0,0,0,0,0,0
32083527,7478,0,2,0,0,0,0,0,0,0,0,0
32087171,7479,0,2,0,0,0,0,0,0,0,0,0
32090815,7480,0,2,0,0,0,0,0,0,0,0,0
32094460,7481,0,2,0,0,0,0,0,0,0,0,0
32098104,7482,0,2,0,0,0,0,0,0,0,0,0
32101747,7483,0,2,0,0,0,0,0,0,0,0,0
32105391,7484,0,2,0,0,0,0,0,0,0,0,0
32109036,7485,0,2,0,0,0,0,0,0,0,0,0
32112679,7486,0,2,0,0,0,0,0,0,0,0,0
32116323,7487,0,2,0,0,0,0,0,0,0,0,0
32119967,7488,0,2,0,0,0,0,0,0,0,0,0
32123611,7489,0,2,0,0,0,0,0,0,0,0,0
32127255,7490,0,2,0,0,0,0,0,0,0,0,0
32130900,7491,0,2,0,0,0,0,0,0,0,0,0
32139420,7492,0,2,0,0,0,0,0,0,0,0,0
32143052,7493,0,2,0,0,0,0,0,0,0,0,0
32146696,7494,0,2,0,0,0,0,0,0,0,0,0
32150341,7495,0,2,0,0,0,0,0,0,0,0,0
32153984,7496,0,2,0,0,0,0,0,0,0,0,0
32157628,7497,0,2,0,0,0,0,0,0,0,0,0
32161272,7498,0,2,0,0,0,0,0,0,0,0,0
32164916,7499,0,2,0,0,0,0,0,0,0,0,0
32168560,7500,0,2,0,0,0,0,0,0,0,0,0
32172205,7501,0,2,0,0,0,0,0,0,0,0,0
32175848,7502,0,2,0,0,0,0,0,0,0,0,0
32179492,7503,0,2,0,0,0,0,0,0,0,0,0
32183137,7504,0,2,0,0,0,0,0,0,0,0,0
32186780,7505,0,2,0,0,0,0,0,0,0,0,0
32190424,7506,0,2,0,0,0,0,0,0,0,0,0
32194068,7507,0,2,0,0,0,0,0,0,0,0,0
32197712,7508,0,2,0,0,0,0,0,0,0,0,0
32201357,7509,0,2,0,0,0,0,0,0,0,0,0
32205000,7510,0,2,0,0,0,0,0,0,0,0,0
32208645,7511,0,2,0,0,0,0,0,0,0,0,0
32212288,7512,0,2,0,0,0,0,0,0,0,0,0
32215932,7513,0,2,0,0,0,0,0,0,0,0,0
32219576,7514,0,2,0,0,0,0,0,0,0,0,0
32223220,7515,0,2,0,0,0,0,0,0,0,0,0
32226864,7516,0,2,0,0,0,0,0,0,0,0,0
32230508,7517,0,2,0,0,0,0,0,0,0,0,0
32234153,7518,0,2,0,0,0,0,0,0,0,0,0
32237796,7519,0,2,0,0,0,0,0,0,0,0,0
32241440,7520,0,2,0,0,0,0,0,0,0,0,0
32245085,7521,0,2,0,0,0,0,0,0,0,0,0
32248728,7522,0,2,0,0,0,0,0,0,0,0,0
32252372,7523,0,2,0,0,0,0,0,0,0,0,0
32256017,7524,0,2,0,0,0,0,0,0,0,0,0
32259660,7525,0,2,0,0,0,0,0,0,0,0,0
32263305,7526,0,2,0,0,0,0,0,0,0,0,0
32266948,7527,0,2,0,0,0,0,0,0,0,0,0
32270592,7528,0,2,0,0,0,0,0,0,0,0,0
32274237,7529,0,2,0,0,0,0,0,0,0,0,0
32277880,7530,0,2,0,0,0,0,0,0,0,0,0
32281525,7531,0,2,0,0,0,0,0,0,0,0,0
32285168,7532,0,2,0,0,0,0,0,0,0,0,0
32288812,7533,0,2,0,0,0,0,0,0,0,0,0
32292456,7534,0,2,0,0,0,0,0,0,0,0,0
32296100,7535,0,2,0,0,0,0,0,0,0,0,0
32299744,7536,0,2,0,0,0,0,0,0,0,0,0
32303388,7537,0,2,0,0,0,0,0,0,0,0,0
32307033,7538,0,2,0,0,0,0,0,0,0,0,0
32310676,7539,0,2,0,0,0,0,0,0,0,0,0
32314320,7540,0,2,0,0,0,0,0,0,0,0,0
32317965,7541,0,2,0,0,0,0,0,0,0,0,0
32321608,7542,0,2,0,0,0,0,0,0,0,0,0
32325253,7543,0,2,0,0,0,0,0,0,0,0,0
32328896,7544,0,2,0,0,0,0,0,0,0,0,0
32332540,7545,0,2,0,0,0,0,0,0,0,0,0
32336184,7546,0,2,0,0,0,0,0,0,0,0,0
32339828,7547,0,2,0,0,0,0,0,0,0,0,0
32343472,7548,0,2,0,0,0,0,0,0,0,0,0
32347116,7549,0,2,0,0,0,0,0,0,0,0,0
32350760,7550,0,2,0,0,0,0,0,0,0,0,0
32354405,7551,0,2,0,0,0,0,0,0,0,0,0
32358049,7552,0,2,0,0,0,0,0,0,0,0,0
32361692,7553,0,2,0,0,0,0,0,0,0,0,0
32365336,7554,0,2,0,0,0,0,0,0,0,0,0
32368980,7555,0,2,0,0,0,0,0,0,0,0,0
32372624,7556,0,2,0,0,0,0,0,0,0,0,0
32376268,7557,0,2,0,0,0,0,0,0,0,0,0
32379912,7558,0,2,0,0,0,0,0,0,0,0,0
32383556,7559,0,2,0,0,0,0,0,0,0,0,0
32387201,7560,0,2,0,0,0,0,0,0,0,0,0
32390845,7561,0,2,0,0,0,0,0,0,0,0,0
32394488,7562,0,2,0,0,0,0,0,0,0,0,0
32398132,7563,0,2,0,0,0,0,0,0,0,0,0
32401776,7564,0,2,0,0,0,0,0,0,0,0,0
32405420,7565,0,2,0,0,0,0,0,0,0,0,0
32409064,7566,0,2,0,0,0,0,0,0,0,0,0
32412708,7567,0,2,0,0,0,0,0,0,0,0,0
32416352,7568,0,2,0,0,0,0,0,0,0,0,0
32419996,7569,0,2,0,0,0,0,0,0,0,0,0
32423640,7570,0,2,0,0,0,0,0,0,0,0,0
32427285,7571,0,2,0,0,0,0,0,0,0,0,0
32430928,7572,0,2,0,0,0,0,0,0,0,0,0
32434572,7573,0,2,0,0,0,0,0,0,0,0,0
32438216,7574,0,2,0,0,0,0,0,0,0,0,0
32441860,7575,0,2,0,0,0,0,0,0,0,0,0
32445504,7576,0,2,0,0,0,0,0,0,0,0,0
32449149,7577,0,2,0,0,0,0,0,0,0,0,0
32452792,7578,0,2,0,0,0,0,0,0,0,0,0
32456436,7579,0,2,0,0,0,0,0,0,0,0,0
32460081,7580,0,2,0,0,0,0,0,0,0,0,0
32463725,7581,0,2,0,0,0,0,0,0,0,0,0
32467368,7582,0,2,0,0,0,0,0,0,0,0,0
32471013,7583,0,2,0,0,0,0,0,0,0,0,0
32474656,7584,0,2,0,0,0,0,0,0,0,0,0
32478301,7585,0,2,0,0,0,0,0,0,0,0,0
32481944,7586,0,2,0,0,0,0,0,0,0,0,0
32485588,7587,0,2,0,0,0,0,0,0,0,0,0
32489232,7588,0,2,0,0,0,0,0,0,0,0,0
32492876,7589,0,2,0,0,0,0,0,0,0,0,0
32496520,7590,0,2,0,0,0,0,0,0,0,0,0
32500165,7591,0,2,0,0,0,0,0,0,0,0,0
32503808,7592,0,2,0,0,0,0,0,0,0,0,0
32507452,7593,0,2,0,0,0,0,0,0,0,0,0
32511097,7594,0,2,0,0,0,0,0,0,0,0,0
32514740,7595,0,2,0,0,0,0,0,0,0,0,0
32518384,7596,0,2,0,0,0,0,0,0,0,0,0
32522029,7597,0,2,0,0,0,0,0,0,0,0,0
32525672,7598,0,2,0,0,0,0,0,0,0,0,0
32529316,7599,0,2,0,0,0,0,0,0,0,0,0
32532960,7600,0,2,0,0,0,0,0,0,0,0,0
32536605,7601,0,2,0,0,0,0,0,0,0,0,0
32540248,7602,0,2,0,0,0,0,0,0,0,0,0
32543892,7603,0,2,0,0,0,0,0,0,0,0,0
32547536,7604,0,2,0,0,0,0,0,0,0,0,0
32551181,7605,0,2,0,0,0,0,0,0,0,0,0
32554824,7606,0,2,0,0,0,0,0,0,0,0,0
32558468,7607,0,2,0,0,0,0,0,0,0,0,0
32562112,7608,0,2,0,0,0,0,0,0,0,0,0
32565756,7609,0,2,0,0,0,0,0,0,0,0,0
32569400,7610,0,2,0,0,0,0,0,0,0,0,0
32573045,7611,0,2,0,0,0,0,0,0,0,0,0
32576688,7612,0,2,0,0,0,0,0,0,0,0,0
32580333,7613,0,2,0,0,0,0,0,0,0,0,0
32583976,7614,0,2,0,0,0,0,0,0,0,0,0
32587620,7615,0,2,0,0,0,0,0,0,0,0,0
32591264,7616,0,2,0,0,0,0,0,0,0,0,0
32594908,7617,0,2,0,0,0,0,0,0,0,0,0
32598552,7618,0,2,0,0,0,0,0,0,0,0,0
32602196,7619,0,2,0,0,0,0,0,0,0,0,0
32605840,7620,0,2,0,0,0,0,0,0,0,0,0
32609485,7621,0,2,0,0,0,0,0,0,0,0,0
32613128,7622,0,2,0,0,0,0,0,0,0,0,0
32616772,7623,0,2,0,0,0,0,0,0,0,0,0
32620416,7624,0,2,0,0,0,0,0,0,0,0,0
32624061,7625,0,2,0,0,0,0,0,0,0,0,0
32627704,7626,0,2,0,0,0,0,0,0,0,0,0
32631348,7627,0,2,0,0,0,0,0,0,0,0,0
32634992,7628,0,2,0,0,0,0,0,0,0,0,0
32638636,7629,0,2,0,0,0,0,0,0,0,0,0
32642280,7630,0,2,0,0,0,0,0,0,0,0,0
32645925,7631,0,2,0,0,0,0,0,0,0,0,0
32649568,7632,0,2,0,0,0,0,0,0,0,0,0
32653212,7633,0,2,0,0,0,0,0,0,0,0,0
32656856,7634,0,2,0,0,0,0,0,0,0,0,0
32660500,7635,0,2,0,0,0,0,0,0,0,0,0
32664144,7636,0,2,0,0,0,0,0,0,0,0,0
32667788,7637,0,2,0,0,0,0,0,0,0,0,0
32671432,7638,0,2,0,0,0,0,0,0,0,0,0
32675076,7639,0,2,0,0,0,0,0,0,0,0,0
32678720,7640,0,2,0,0,0,0,0,0,0,0,0
32682365,7641,0,2,0,0,0,0,0,0,0,0,0
32686008,7642,0,2,0,0,0,0,0,0,0,0,0
32689652,7643,0,2,0,0,0,0,0,0,0,0,0
32693296,7644,0,2,0,0,0,0,0,0,0,0,0
32696940,7645,0,2,0,0,0,0,0,0,0,0,0
32700584,7646,0,2,0,0,0,0,0,0,0,0,0
32704228,7647,0,2,0,0,0,0,0,0,0,0,0
32707872,7648,0,2,0,0,0,0,0,0,0,0,0
32711516,7649,0,2,0,0,0,0,0,0,0,0,0
32715161,7650,0,2,0,0,0,0,0,0,0,0,0
32718805,7651,0,2,0,0,0,0,0,0,0,0,0
32722448,7652,0,2,0,0,0,0,0,0,0,0,0
32726092,7653,0,2,0,0,0,0,0,0,0,0,0
32729736,7654,0,2,0,0,0,0,0,0,0,0,0
32733380,7655,0,2,0,0,0,0,0,0,0,0,0
32737025,7656,0,2,0,0,0,0,0,0,0,0,0
32740668,7657,0,2,0,0,0,0,0,0,0,0,0
32744313,7658,0,2,0,0,0,0,0,0,0,0,0
32747956,7659,0,2,0,0,0,0,0,0,0,0,0
32751600,7660,0,2,0,0,0,0,0,0,0,0,0
32755245,7661,0,2,0,0,0,0,0,0,0,0,0
32758888,7662,0,2,0,0,0,0,0,0,0,0,0
32762532,7663,0,2,0,0,0,0,0,0,0,0,0
32766176,7664,0,2,0,0,0,0,0,0,0,0,0
32769820,7665,0,2,0,0,0,0,0,0,0,0,0
32773464,7666,0,2,0,0,0,0,0,0,0,0,0
32777109,7667,0,2,0,0,0,0,0,0,0,0,0
32780752,7668,0,2,0,0,0,0,0,0,0,0,0
32784396,7669,0,2,0,0,0,0,0,0,0,0,0
32788040,7670,0,2,0,0,0,0,0,0,0,0,0
32791685,7671,0,2,0,0,0,0,0,0,0,0,0
32795328,7672,0,2,0,0,0,0,0,0,0,0,0
32798972,7673,0,2,0,0,0,0,0,0,0,0,0
32802616,7674,0,2,0,0,0,0,0,0,0,0,0
32806260,7675,0,2,0,0,0,0,0,0,0,0,0
32809904,7676,0,2,0,0,0,0,0,0,0,0,0
32813548,7677,0,2,0,0,0,0,0,0,0,0,0
32817192,7678,0,2,0,0,0,0,0,0,0,0,0
32820836,7679,0,2,0,0,0,0,0,0,0,0,0
32824480,7680,0,2,0,0,0,0,0,0,0,0,0
32828125,7681,0,2,0,0,0,0,0,0,0,0,0
32831768,7682,0,2,0,0,0,0,0,0,0,0,0
32835412,7683,0,2,0,0,0,0,0,0,0,0,0
32839057,7684,0,2,0,0,0,0,0,0,0,0,0
32842700,7685,0,2,0,0,0,0,0,0,0,0,0
32846345,7686,0,2,0,0,0,0,0,0,0,0,0
32849988,7687,0,2,0,0,0,0,0,0,0,0,0
32853632,7688,0,2,0,0,0,0,0,0,0,0,0
32857276,7689,0,2,0,0,0,0,0,0,0,0,0
32860920,7690,0,2,0,0,0,0,0,0,0,0,0
32864565,7691,0,2,0,0,0,0,0,0,0,0,0
32868208,7692,0,2,0,0,0,0,0,0,0,0,0
32871852,7693,0,2,0,0,0,0,0,0,0,0,0
32875496,7694,0,2,0,0,0,0,0,0,0,0,0
32879141,7695,0,2,0,0,0,0,0,0,0,0,0
32882784,7696,0,2,0,0,0,0,0,0,0,0,0
32886428,7697,0,2,0,0,0,0,0,0,0,0,0
32890073,7698,0,2,0,0,0,0,0,0,0,0,0
32893716,7699,0,2,0,0,0,0,0,0,0,0,0
32897360,7700,0,2,0,0,0,0,0,0,0,0,0
32901005,7701,0,2,0,0,0,0,0,0,0,0,0
32904648,7702,0,2,0,0,0,0,0,0,0,0,0
32908292,7703,0,2,0,0,0,0,0,0,0,0,0
32911936,7704,0,2,0,0,0,0,0,0,0,0,0
32915580,7705,0,2,0,0,0,0,0,0,0,0,0
32919224,7706,0,2,0,0,0,0,0,0,0,0,0
32922868,7707,0,2,0,0,0,0,0,0,0,0,0
32926512,7708,0,2,0,0,0,0,0,0,0,0,0
32930156,7709,0,2,0,0,0,0,0,0,0,0,0
32933800,7710,0,2,0,0,0,0,0,0,0,0,0
32937445,7711,0,2,0,0,0,0,0,0,0,0,0
32941088,7712,0,2,0,0,0,0,0,0,0,0,0
32944732,7713,0,2,0,0,0,0,0,0,0,0,0
32948376,7714,0,2,0,0,0,0,0,0,0,0,0
32952020,7715,0,2,0,0,0,0,0,0,0,0,0
32955664,7716,0,2,0,0,0,0,0,0,0,0,0
32959309,7717,0,2,0,0,0,0,0,0,0,0,0
32962952,7718,0,2,0,0,0,0,0,0,0,0,0
32973266,7719,0,2,0,0,0,0,0,0,0,0,0
32976897,7720,0,2,0,0,0,0,0,0,0,0,0
32980542,7721,0,2,0,0,0,0,0,0,0,0,0
32984186,7722,0,2,0,0,0,0,0,0,0,0,0
32987829,7723,0,2,0,0,0,0,0,0,0,0,0
32991473,7724,0,2,0,0,0,0,0,0,0,0,0
32995118,7725,0,2,0,0,0,0,0,0,0,0,0
32998761,7726,0,2,0,0,0,0,0,0,0,0,0
33002405,7727,0,2,0,0,0,0,0,0,0,0,0
33006049,7728,0,2,0,0,0,0,0,0,0,0,0
33009693,7729,0,2,0,0,0,0,0,0,0,0,0
33013338,7730,0,2,0,0,0,0,0,0,0,0,0
33016982,7731,0,2,0,0,0,0,0,0,0,0,0
33020625,7732,0,2,0,0,0,0,0,0,0,0,0
33024269,7733,0,2,0,0,0,0,0,0,0,0,0
33027913,7734,0,2,0,0,0,0,0,0,0,0,0
33031557,7735,0,2,0,0,0,0,0,0,0,0,0
33035202,7736,0,2,0,0,0,0,0,0,0,0,0
33038845,7737,0,2,0,0,0,0,0,0,0,0,0
33042489,7738,0,2,0,0,0,0,0,0,0,0,0
33046133,7739,0,2,0,0,0,0,0,0,0,0,0
33049777,7740,0,2,0,0,0,0,0,0,0,0,0
33053422,7741,0,2,0,0,0,0,0,0,0,0,0
33057065,7742,0,2,0,0,0,0,0,0,0,0,0
33060709,7743,0,2,0,0,0,0,0,0,0,0,0
33064353,7744,0,2,0,0,0,0,0,0,0,0,0
33067997,7745,0,2,0,0,0,0,0,0,0,0,0
33071641,7746,0,2,0,0,0,0,0,0,0,0,0
33075285,7747,0,2,0,0,0,0,0,0,0,0,0
33078929,7748,0,2,0,0,0,0,0,0,0,0,0
33082573,7749,0,2,0,0,0,0,0,0,0,0,0
33086218,7750,0,2,0,0,0,0,0,0,0,0,0
33089862,7751,0,2,0,0,0,0,0,0,0,0,0
33093505,7752,0,2,0,0,0,0,0,0,0,0,0
33097150,7753,0,2,0,0,0,0,0,0,0,0,0
33100793,7754,0,2,0,0,0,0,0,0,0,0,0
33104437,7755,0,2,0,0,0,0,0,0,0,0,0
33108082,7756,0,2,0,0,0,0,0,0,0,0,0
33111725,7757,0,2,0,0,0,0,0,0,0,0,0
33115369,7758,0,2,0,0,0,0,0,0,0,0,0
33119014,7759,0,2,0,0,0,0,0,0,0,0,0
33122657,7760,0,2,0,0,0,0,0,0,0,0,0
33126302,7761,0,2,0,0,0,0,0,0,0,0,0
33129945,7762,0,2,0,0,0,0,0,0,0,0,0
33133589,7763,0,2,0,0,0,0,0,0,0,0,0
33137234,7764,0,2,0,0,0,0,0,0,0,0,0
33140877,7765,0,2,0,0,0,0,0,0,0,0,0
33144521,7766,0,2,0,0,0,0,0,0,0,0,0
33148165,7767,0,2,0,0,0,0,0,0,0,0,0
33151809,7768,0,2,0,0,0,0,0,0,0,0,0
33155453,7769,0,2,0,0,0,0,0,0,0,0,0
33159098,7770,0,2,0,0,0,0,0,0,0,0,0
33162742,7771,0,2,0,0,0,0,0,0,0,0,0
33166385,7772,0,2,0,0,0,0,0,0,0,0,0
33170029,7773,0,2,0,0,0,0,0,0,0,0,0
33173673,7774,0,2,0,0,0,0,0,0,0,0,0
33177317,7775,0,2,0,0,0,0,0,0,0,0,0
33180961,7776,0,2,0,0,0,0,0,0,0,0,0
33184605,7777,0,2,0,0,0,0,0,0,0,0,0
33188249,7778,0,2,0,0,0,0,0,0,0,0,0
33191893,7779,0,2,0,0,0,0,0,0,0,0,0
33195537,7780,0,2,0,0,0,0,0,0,0,0,0
33199182,7781,0,2,0,0,0,0,0,0,0,0,0
33202825,7782,0,2,0,0,0,0,0,0,0,0,0
33206469,7783,0,2,0,0,0,0,0,0,0,0,0
33210113,7784,0,2,0,0,0,0,0,0,0,0,0
33213757,7785,0,2,0,0,0,0,0,0,0,0,0
33217401,7786,0,2,0,0,0,0,0,0,0,0,0
33221046,7787,0,2,0,0,0,0,0,0,0,0,0
33224689,7788,0,2,0,0,0,0,0,0,0,0,0
33228333,7789,0,2,0,0,0,0,0,0,0,0,0
33231977,7790,0,2,0,0,0,0,0,0,0,0,0
33235622,7791,0,2,0,0,0,0,0,0,0,0,0
33239265,7792,0,2,0,0,0,0,0,0,0,0,0
33242909,7793,0,2,0,0,0,0,0,0,0,0,0
33246553,7794,0,2,0,0,0,0,0,0,0,0,0
33250197,7795,0,2,0,0,0,0,0,0,0,0,0
33253841,7796,0,2,0,0,0,0,0,0,0,0,0
33257485,7797,0,2,0,0,0,0,0,0,0,0,0
33261129,7798,0,2,0,0,0,0,0,0,0,0,0
33264773,7799,0,2,0,0,0,0,0,0,0,0,0
33268417,7800,0,2,0,0,0,0,0,0,0,0,0
33272062,7801,0,2,0,0,0,0,0,0,0,0,0
33275705,7802,0,2,0,0,0,0,0,0,0,0,0
33279349,7803,0,2,0,0,0,0,0,0,0,0,0
33282993,7804,0,2,0,0,0,0,0,0,0,0,0
33286637,7805,0,2,0,0,0,0,0,0,0,0,0
33290281,7806,0,2,0,0,0,0,0,0,0,0,0
33293925,7807,0,2,0,0,0,0,0,0,0,0,0
33297569,7808,0,2,0,0,0,0,0,0,0,0,0
33301213,7809,0,2,0,0,0,0,0,0,0,0,0
33304857,7810,0,2,0,0,0,0,0,0,0,0,0
33308502,7811,0,2,0,0,0,0,0,0,0,0,0
33312145,7812,0,2,0,0,0,0,0,0,0,0,0
33315789,7813,0,2,0,0,0,0,0,0,0,0,0
33319433,7814,0,2,0,0,0,0,0,0,0,0,0
33323077,7815,0,2,0,0,0,0,0,0,0,0,0
33326721,7816,0,2,0,0,0,0,0,0,0,0,0
33330365,7817,0,2,0,0,0,0,0,0,0,0,0
33334010,7818,0,2,0,0,0,0,0,0,0,0,0
33337653,7819,0,2,0,0,0,0,0,0,0,0,0
33341298,7820,0,2,0,0,0,0,0,0,0,0,0
33344942,7821,0,2,0,0,0,0,0,0,0,0,0
33348585,7822,0,2,0,0,0,0,0,0,0,0,0
33352229,7823,0,2,0,0,0,0,0,0,0,0,0
33355873,7824,0,2,0,0,0,0,0,0,0,0,0
33359517,7825,0,2,0,0,0,0,0,0,0,0,0
33363161,7826,0,2,0,0,0,0,0,0,0,0,0
33366805,7827,0,2,0,0,0,0,0,0,0,0,0
33370449,7828,0,2,0,0,0,0,0,0,0,0,0
33374093,7829,0,2,0,0,0,0,0,0,0,0,0
33377737,7830,0,2,0,0,0,0,0,0,0,0,0
33381382,7831,0,2,0,0,0,0,0,0,0,0,0
33385026,7832,0,2,0,0,0,0,0,0,0,0,0
33388669,7833,0,2,0,0,0,0,0,0,0,0,0
33392313,7834,0,2,0,0,0,0,0,0,0,0,0
33395957,7835,0,2,0,0,0,0,0,0,0,0,0
33399601,7836,0,2,0,0,0,0,0,0,0,0,0
33403246,7837,0,2,0,0,0,0,0,0,0,0,0
33406889,7838,0,2,0,0,0,0,0,0,0,0,0
33410533,7839,0,2,0,0,0,0,0,0,0,0,0
33414177,7840,0,2,0,0,0,0,0,0,0,0,0
33417822,7841,0,2,0,0,0,0,0,0,0,0,0
33421465,7842,0,2,0,0,0,0,0,0,0,0,0
33425110,7843,0,2,0,0,0,0,0,0,0,0,0
33428753,7844,0,2,0,0,0,0,0,0,0,0,0
33432397,7845,0,2,0,0,0,0,0,0,0,0,0
33436042,7846,0,2,0,0,0,0,0,0,0,0,0
33439685,7847,0,2,0,0,0,0,0,0,0,0,0
33443329,7848,0,2,0,0,0,0,0,0,0,0,0
33446973,7849,0,2,0,0,0,0,0,0,0,0,0
33450617,7850,0,2,0,0,0,0,0,0,0,0,0
33454262,7851,0,2,0,0,0,0,0,0,0,0,0
33457905,7852,0,2,0,0,0,0,0,0,0,0,0
33461549,7853,0,2,0,0,0,0,0,0,0,0,0
33465193,7854,0,2,0,0,0,0,0,0,0,0,0
33468837,7855,0,2,0,0,0,0,0,0,0,0,0
33472481,7856,0,2,0,0,0,0,0,0,0,0,0
33476125,7857,0,2,0,0,0,0,0,0,0,0,0
33479769,7858,0,2,0,0,0,0,0,0,0,0,0
33483413,7859,0,2,0,0,0,0,0,0,0,0,0
33487058,7860,0,2,0,0,0,0,0,0,0,0,0
33490702,7861,0,2,0,0,0,0,0,0,0,0,0
33494346,7862,0,2,0,0,0,0,0,0,0,0,0
33497989,7863,0,2,0,0,0,0,0,0,0,0,0
33501633,7864,0,2,0,0,0,0,0,0,0,0,0
33505277,7865,0,2,0,0,0,0,0,0,0,0,0
33508921,7866,0,2,0,0,0,0,0,0,0,0,0
33512565,7867,0,2,0,0,0,0,0,0,0,0,0
33516209,7868,0,2,0,0,0,0,0,0,0,0,0
33519853,7869,0,2,0,0,0,0,0,0,0,0,0
33523497,7870,0,2,0,0,0,0,0,0,0,0,0
33527142,7871,0,2,0,0,0,0,0,0,0,0,0
33530785,7872,0,2,0,0,0,0,0,0,0,0,0
33534429,7873,0,2,0,0,0,0,0,0,0,0,0
33538074,7874,0,2,0,0,0,0,0,0,0,0,0
33541717,7875,0,2,0,0,0,0,0,0,0,0,0
33545362,7876,0,2,0,0,0,0,0,0,0,0,0
33549006,7877,0,2,0,0,0,0,0,0,0,0,0
33552649,7878,0,2,0,0,0,0,0,0,0,0,0
33556293,7879,0,2,0,0,0,0,0,0,0,0,0
33559937,7880,0,2,0,0,0,0,0,0,0,0,0
33563582,7881,0,2,0,0,0,0,0,0,0,0,0
33567225,7882,0,2,0,0,0,0,0,0,0,0,0
33570869,7883,0,2,0,0,0,0,0,0,0,0,0
33574513,7884,0,2,0,0,0,0,0,0,0,0,0
33578158,7885,0,2,0,0,0,0,0,0,0,0,0
33581801,7886,0,2,0,0,0,0,0,0,0,0,0
33585445,7887,0,2,0,0,0,0,0,0,0,0,0
33589090,7888,0,2,0,0,0,0,0,0,0,0,0
33592733,7889,0,2,0,0,0,0,0,0,0,0,0
33596377,7890,0,2,0,0,0,0,0,0,0,0,0
33600022,7891,0,2,0,0,0,0,0,0,0,0,0
33603665,7892,0,2,0,0,0,0,0,0,0,0,0
33607309,7893,0,2,0,0,0,0,0,0,0,0,0
33610953,7894,0,2,0,0,0,0,0,0,0,0,0
33614597,7895,0,2,0,0,0,0,0,0,0,0,0
33618242,7896,0,2,0,0,0,0,0,0,0,0,0
33621885,7897,0,2,0,0,0,0,0,0,0,0,0
33625529,7898,0,2,0,0,0,0,0,0,0,0,0
33629173,7899,0,2,0,0,0,0,0,0,0,0,0
33632817,7900,0,2,0,0,0,0,0,0,0,0,0
33636462,7901,0,2,0,0,0,0,0,0,0,0,0
33640105,7902,0,2,0,0,0,0,0,0,0,0,0
33643749,7903,0,2,0,0,0,0,0,0,0,0,0
33647393,7904,0,2,0,0,0,0,0,0,0,0,0
33651037,7905,0,2,0,0,0,0,0,0,0,0,0
33654681,7906,0,2,0,0,0,0,0,0,0,0,0
33658325,7907,0,2,0,0,0,0,0,0,0,0,0
33661969,7908,0,2,0,0,0,0,0,0,0,0,0
33665613,7909,0,2,0,0,0,0,0,0,0,0,0
33669257,7910,0,2,0,0,0,0,0,0,0,0,0
33672902,7911,0,2,0,0,0,0,0,0,0,0,0
33676545,7912,0,2,0,0,0,0,0,0,0,0,0
33680190,7913,0,2,0,0,0,0,0,0,0,0,0
33683833,7914,0,2,0,0,0,0,0,0,0,0,0
33687477,7915,0,2,0,0,0,0,0,0,0,0,0
33691122,7916,0,2,0,0,0,0,0,0,0,0,0
33694765,7917,0,2,0,0,0,0,0,0,0,0,0
33698409,7918,0,2,0,0,0,0,0,0,0,0,0
33702054,7919,0,2,0,0,0,0,0,0,0,0,0
33705697,7920,0,2,0,0,0,0,0,0,0,0,0
33709342,7921,0,2,0,0,0,0,0,0,0,0,0
33712985,7922,0,2,0,0,0,0,0,0,0,0,0
33716629,7923,0,2,0,0,0,0,0,0,0,0,0
33720273,7924,0,2,0,0,0,0,0,0,0,0,0
33723917,7925,0,2,0,0,0,0,0,0,0,0,0
33727561,7926,0,2,0,0,0,0,0,0,0,0,0
33731205,7927,0,2,0,0,0,0,0,0,0,0,0
33734849,7928,0,2,0,0,0,0,0,0,0,0,0
33738493,7929,0,2,0,0,0,0,0,0,0,0,0
33742137,7930,0,2,0,0,0,0,0,0,0,0,0
33745782,7931,0,2,0,0,0,0,0,0,0,0,0
33749425,7932,0,2,0,0,0,0,0,0,0,0,0
33753070,7933,0,2,0,0,0,0,0,0,0,0,0
33756713,7934,0,2,0,0,0,0,0,0,0,0,0
33760357,7935,0,2,0,0,0,0,0,0,0,0,0
33764001,7936,0,2,0,0,0,0,0,0,0,0,0
33767645,7937,0,2,0,0,0,0,0,0,0,0,0
33771289,7938,0,2,0,0,0,0,0,0,0,0,0
33774933,7939,0,2,0,0,0,0,0,0,0,0,0
33778577,7940,0,2,0,0,0,0,0,0,0,0,0
33782222,7941,0,2,0,0,0,0,0,0,0,0,0
33785865,7942,0,2,0,0,0,0,0,0,0,0,0
33789509,7943,0,2,0,0,0,0,0,0,0,0,0
33793153,7944,0,2,0,0,0,0,0,0,0,0,0
33796797,7945,0,2,0,0,0,0,0,0,0,0,0
33804922,7946,0,2,0,0,0,0,0,0,0,0,0
33808554,7947,0,2,0,0,0,0,0,0,0,0,0
33812199,7948,0,2,0,0,0,0,0,0,0,0,0
33815842,7949,0,2,0,0,0,0,0,0,0,0,0
33819486,7950,0,2,0,0,0,0,0,0,0,0,0
33823131,7951,0,2,0,0,0,0,0,0,0,0,0
33826774,7952,0,2,0,0,0,0,0,0,0,0,0
33830418,7953,0,2,0,0,0,0,0,0,0,0,0
33834063,7954,0,2,0,0,0,0,0,0,0,0,0
33837706,7955,0,2,0,0,0,0,0,0,0,0,0
33841350,7956,0,2,0,0,0,0,0,0,0,0,0
33844994,7957,0,2,0,0,0,0,0,0,0,0,0
33848638,7958,0,2,0,0,0,0,0,0,0,0,0
33852283,7959,0,2,0,0,0,0,0,0,0,0,0
33855926,7960,0,2,0,0,0,0,0,0,0,0,0
33859571,7961,0,2,0,0,0,0,0,0,0,0,0
33863215,7962,0,2,0,0,0,0,0,0,0,0,0
33866858,7963,0,2,0,0,0,0,0,0,0,0,0
33870502,7964,0,2,0,0,0,0,0,0,0,0,0
33874146,7965,0,2,0,0,0,0,0,0,0,0,0
33877790,7966,0,2,0,0,0,0,0,0,0,0,0
33881434,7967,0,2,0,0,0,0,0,0,0,0,0
33885078,7968,0,2,0,0,0,0,0,0,0,0,0
33888722,7969,0,2,0,0,0,0,0,0,0,0,0
33892366,7970,0,2,0,0,0,0,0,0,0,0,0
33896011,7971,0,2,0,0,0,0,0,0,0,0,0
33899654,7972,0,2,0,0,0,0,0,0,0,0,0
33903299,7973,0,2,0,0,0,0,0,0,0,0,0
33906942,7974,0,2,0,0,0,0,0,0,0,0,0
33910586,7975,0,2,0,0,0,0,0,0,0,0,0
33914230,7976,0,2,0,0,0,0,0,0,0,0,0
33917874,7977,0,2,0,0,0,0,0,0,0,0,0
33921518,7978,0,2,0,0,0,0,0,0,0,0,0
33925162,7979,0,2,0,0,0,0,0,0,0,0,0
33928806,7980,0,2,0,0,0,0,0,0,0,0,0
33932451,7981,0,2,0,0,0,0,0,0,0,0,0
33936095,7982,0,2,0,0,0,0,0,0,0,0,0
33939738,7983,0,2,0,0,0,0,0,0,0,0,0
33943383,7984,0,2,0,0,0,0,0,0,0,0,0
33947027,7985,0,2,0,0,0,0,0,0,0,0,0
33950670,7986,0,2,0,0,0,0,0,0,0,0,0
33954315,7987,0,2,0,0,0,0,0,0,0,0,0
33957958,7988,0,2,0,0,0,0,0,0,0,0,0
33961602,7989,0,2,0,0,0,0,0,0,0,0,0
33965247,7990,0,2,0,0,0,0,0,0,0,0,0
33968891,7991,0,2,0,0,0,0,0,0,0,0,0
33972534,7992,0,2,0,0,0,0,0,0,0,0,0
33976179,7993,0,2,0,0,0,0,0,0,0,0,0
33979822,7994,0,2,0,0,0,0,0,0,0,0,0
33983466,7995,0,2,0,0,0,0,0,0,0,0,0
33987110,7996,0,2,0,0,0,0,0,0,0,0,0
33990754,7997,0,2,0,0,0,0,0,0,0,0,0
33994398,7998,0,2,0,0,0,0,0,0,0,0,0
33998043,7999,0,2,0,0,0,0,0,0,0,0,0
34001686,8000,0,2,0,0,0,0,0,0,0,0,0
34005331,8001,0,2,0,0,0,0,0,0,0,0,0
34008974,8002,0,2,0,0,0,0,0,0,0,0,0
34012618,8003,0,2,0,0,0,0,0,0,0,0,0
34016262,8004,0,2,0,0,0,0,0,0,0,0,0
34019906,8005,0,2,0,0,0,0,0,0,0,0,0
34023550,8006,0,2,0,0,0,0,0,0,0,0,0
34027195,8007,0,2,0,0,0,0,0,0,0,0,0
34030838,8008,0,2,0,0,0,0,0,0,0,0,0
34034482,8009,0,2,0,0,0,0,0,0,0,0,0
34038126,8010,0,2,0,0,0,0,0,0,0,0,0
34041771,8011,0,2,0,0,0,0,0,0,0,0,0
34045414,8012,0,2,0,0,0,0,0,0,0,0,0
34049058,8013,0,2,0,0,0,0,0,0,0,0,0
34052702,8014,0,2,0,0,0,0,0,0,0,0,0
34056346,8015,0,2,0,0,0,0,0,0,0,0,0
34059990,8016,0,2,0,0,0,0,0,0,0,0,0
34063634,8017,0,2,0,0,0,0,0,0,0,0,0
34067279,8018,0,2,0,0,0,0,0,0,0,0,0
34070922,8019,0,2,0,0,0,0,0,0,0,0,0
34074566,8020,0,2,0,0,0,0,0,0,0,0,0
34078211,8021,0,2,0,0,0,0,0,0,0,0,0
34081854,8022,0,2,0,0,0,0,0,0,0,0,0
34085498,8023,0,2,0,0,0,0,0,0,0,0,0
34089143,8024,0,2,0,0,0,0,0,0,0,0,0
34092786,8025,0,2,0,0,0,0,0,0,0,0,0
34096430,8026,0,2,0,0,0,0,0,0,0,0,0
34100075,8027,0,2,0,0,0,0,0,0,0,0,0
34103718,8028,0,2,0,0,0,0,0,0,0,0,0
34107362,8029,0,2,0,0,0,0,0,0,0,0,0
34111007,8030,0,2,0,0,0,0,0,0,0,0,0
34114651,8031,0,2,0,0,0,0,0,0,0,0,0
34118295,8032,0,2,0,0,0,0,0,0,0,0,0
34121938,8033,0,2,0,0,0,0,0,0,0,0,0
34125582,8034,0,2,0,0,0,0,0,0,0,0,0
34129227,8035,0,2,0,0,0,0,0,0,0,0,0
34132870,8036,0,2,0,0,0,0,0,0,0,0,0
34136514,8037,0,2,0,0,0,0,0,0,0,0,0
34140158,8038,0,2,0,0,0,0,0,0,0,0,0
34143802,8039,0,2,0,0,0,0,0,0,0,0,0
34147446,8040,0,2,0,0,0,0,0,0,0,0,0
34151091,8041,0,2,0,0,0,0,0,0,0,0,0
34154734,8042,0,2,0,0,0,0,0,0,0,0,0
34158378,8043,0,2,0,0,0,0,0,0,0,0,0
34162023,8044,0,2,0,0,0,0,0,0,0,0,0
34165666,8045,0,2,0,0,0,0,0,0,0,0,0
34169311,8046,0,2,0,0,0,0,0,0,0,0,0
34172954,8047,0,2,0,0,0,0,0,0,0,0,0
34176598,8048,0,2,0,0,0,0,0,0,0,0,0
34180243,8049,0,2,0,0,0,0,0,0,0,0,0
34183886,8050,0,2,0,0,0,0,0,0,0,0,0
34187531,8051,0,2,0,0,0,0,0,0,0,0,0
34191174,8052,0,2,0,0,0,0,0,0,0,0,0
34194818,8053,0,2,0,0,0,0,0,0,0,0,0
34198462,8054,0,2,0,0,0,0,0,0,0,0,0
34202107,8055,0,2,0,0,0,0,0,0,0,0,0
34205750,8056,0,2,0,0,0,0,0,0,0,0,0
34209394,8057,0,2,0,0,0,0,0,0,0,0,0
34213038,8058,0,2,0,0,0,0,0,0,0,0,0
34216682,8059,0,2,0,0,0,0,0,0,0,0,0
34220326,8060,0,2,0,0,0,0,0,0,0,0,0
34223971,8061,0,2,0,0,0,0,0,0,0,0,0
34227614,8062,0,2,0,0,0,0,0,0,0,0,0
34231258,8063,0,2,0,0,0,0,0,0,0,0,0
34234902,8064,0,2,0,0,0,0,0,0,0,0,0
34238546,8065,0,2,0,0,0,0,0,0,0,0,0
34242191,8066,0,2,0,0,0,0,0,0,0,0,0
34245834,8067,0,2,0,0,0,0,0,0,0,0,0
34249478,8068,0,2,0,0,0,0,0,0,0,0,0
34253123,8069,0,2,0,0,0,0,0,0,0,0,0
34256766,8070,0,2,0,0,0,0,0,0,0,0,0
34260411,8071,0,2,0,0,0,0,0,0,0,0,0
34264055,8072,0,2,0,0,0,0,0,0,0,0,0
34267698,8073,0,2,0,0,0,0,0,0,0,0,0
34271342,8074,0,2,0,0,0,0,0,0,0,0,0
34274986,8075,0,2,0,0,0,0,0,0,0,0,0
34278630,8076,0,2,0,0,0,0,0,0,0,0,0
34282274,8077,0,2,0,0,0,0,0,0,0,0,0
34285918,8078,0,2,0,0,0,0,0,0,0,0,0
34289562,8079,0,2,0,0,0,0,0,0,0,0,0
34293206,8080,0,2,0,0,0,0,0,0,0,0,0
34296851,8081,0,2,0,0,0,0,0,0,0,0,0
34300494,8082,0,2,0,0,0,0,0,0,0,0,0
34304139,8083,0,2,0,0,0,0,0,0,0,0,0
34307782,8084,0,2,0,0,0,0,0,0,0,0,0
34311426,8085,0,2,0,0,0,0,0,0,0,0,0
34315071,8086,0,2,0,0,0,0,0,0,0,0,0
34318714,8087,0,2,0,0,0,0,0,0,0,0,0
34322358,8088,0,2,0,0,0,0,0,0,0,0,0
34326003,8089,0,2,0,0,0,0,0,0,0,0,0
34329646,8090,0,2,0,0,0,0,0,0,0,0,0
34333291,8091,0,2,0,0,0,0,0,0,0,0,0
34336934,8092,0,2,0,0,0,0,0,0,0,0,0
34340578,8093,0,2,0,0,0,0,0,0,0,0,0
34344223,8094,0,2,0,0,0,0,0,0,0,0,0
34347866,8095,0,2,0,0,0,0,0,0,0,0,0
34351510,8096,0,2,0,0,0,0,0,0,0,0,0
34355154,8097,0,2,0,0,0,0,0,0,0,0,0
34358798,8098,0,2,0,0,0,0,0,0,0,0,0
34362442,8099,0,2,0,0,0,0,0,0,0,0,0
34366087,8100,0,2,0,0,0,0,0,0,0,0,0
34369731,8101,0,2,0,0,0,0,0,0,0,0,0
34373374,8102,0,2,0,0,0,0,0,0,0,0,0
34377018,8103,0,2,0,0,0,0,0,0,0,0,0
34380662,8104,0,2,0,0,0,0,0,0,0,0,0
34384307,8105,0,2,0,0,0,0,0,0,0,0,0
34387950,8106,0,2,0,0,0,0,0,0,0,0,0
34391594,8107,0,2,0,0,0,0,0,0,0,0,0
34395238,8108,0,2,0,0,0,0,0,0,0,0,0
34398882,8109,0,2,0,0,0,0,0,0,0,0,0
34402526,8110,0,2,0,0,0,0,0,0,0,0,0
34406171,8111,0,2,0,0,0,0,0,0,0,0,0
34409814,8112,0,2,0,0,0,0,0,0,0,0,0
34413458,8113,0,2,0,0,0,0,0,0,0,0,0
34417103,8114,0,2,0,0,0,0,0,0,0,0,0
34420746,8115,0,2,0,0,0,0,0,0,0,0,0
34424390,8116,0,2,0,0,0,0,0,0,0,0,0
34428035,8117,0,2,0,0,0,0,0,0,0,0,0
34431678,8118,0,2,0,0,0,0,0,0,0,0,0
34435322,8119,0,2,0,0,0,0,0,0,0,0,0
34438966,8120,0,2,0,0,0,0,0,0,0,0,0
34442611,8121,0,2,0,0,0,0,0,0,0,0,0
34446254,8122,0,2,0,0,0,0,0,0,0,0,0
34449898,8123,0,2,0,0,0,0,0,0,0,0,0
34453542,8124,0,2,0,0,0,0,0,0,0,0,0
34457187,8125,0,2,0,0,0,0,0,0,0,0,0
34460830,8126,0,2,0,0,0,0,0,0,0,0,0
34464474,8127,0,2,0,0,0,0,0,0,0,0,0
34468118,8128,0,2,0,0,0,0,0,0,0,0,0
34471762,8129,0,2,0,0,0,0,0,0,0,0,0
34475406,8130,0,2,0,0,0,0,0,0,0,0,0
34479051,8131,0,2,0,0,0,0,0,0,0,0,0
34482694,8132,0,2,0,0,0,0,0,0,0,0,0
34486338,8133,0,2,0,0,0,0,0,0,0,0,0
34489982,8134,0,2,0,0,0,0,0,0,0,0,0
34493626,8135,0,2,0,0,0,0,0,0,0,0,0
34497270,8136,0,2,0,0,0,0,0,0,0,0,0
34500914,8137,0,2,0,0,0,0,0,0,0,0,0
34504558,8138,0,2,0,0,0,0,0,0,0,0,0
34508202,8139,0,2,0,0,0,0,0,0,0,0,0
34511846,8140,0,2,0,0,0,0,0,0,0,0,0
34515491,8141,0,2,0,0,0,0,0,0,0,0,0
34519135,8142,0,2,0,0,0,0,0,0,0,0,0
34522778,8143,0,2,0,0,0,0,0,0,0,0,0
34526422,8144,0,2,0,0,0,0,0,0,0,0,0
34530067,8145,0,2,0,0,0,0,0,0,0,0,0
34533710,8146,0,2,0,0,0,0,0,0,0,0,0
34537354,8147,0,2,0,0,0,0,0,0,0,0,0
34540998,8148,0,2,0,0,0,0,0,0,0,0,0
34544642,8149,0,2,0,0,0,0,0,0,0,0,0
34548286,8150,0,2,0,0,0,0,0,0,0,0,0
34551931,8151,0,2,0,0,0,0,0,0,0,0,0
34555574,8152,0,2,0,0,0,0,0,0,0,0,0
34559218,8153,0,2,0,0,0,0,0,0,0,0,0
34562862,8154,0,2,0,0,0,0,0,0,0,0,0
34566506,8155,0,2,0,0,0,0,0,0,0,0,0
34570151,8156,0,2,0,0,0,0,0,0,0,0,0
34573794,8157,0,2,0,0,0,0,0,0,0,0,0
34577438,8158,0,2,0,0,0,0,0,0,0,0,0
34581083,8159,0,2,0,0,0,0,0,0,0,0,0
34584726,8160,0,2,0,0,0,0,0,0,0,0,0
34588371,8161,0,2,0,0,0,0,0,0,0,0,0
34592015,8162,0,2,0,0,0,0,0,0,0,0,0
34595658,8163,0,2,0,0,0,0,0,0,0,0,0
34599303,8164,0,2,0,0,0,0,0,0,0,0,0
34602946,8165,0,2,0,0,0,0,0,0,0,0,0
34606590,8166,0,2,0,0,0,0,0,0,0,0,0
34610234,8167,0,2,0,0,0,0,0,0,0,0,0
34613878,8168,0,2,0,0,0,0,0,0,0,0,0
34617522,8169,0,2,0,0,0,0,0,0,0,0,0
34621167,8170,0,2,0,0,0,0,0,0,0,0,0
34624811,8171,0,2,0,0,0,0,0,0,0,0,0
34628454,8172,0,2,0,0,0,0,0,0,0,0,0
34638546,8173,0,2,0,0,0,0,0,0,0,0,0
34642177,8174,0,2,0,0,0,0,0,0,0,0,0
34645821,8175,0,2,0,0,0,0,0,0,0,0,0
34649465,8176,0,2,0,0,0,0,0,0,0,0,0
34653110,8177,0,2,0,0,0,0,0,0,0,0,0
34656753,8178,0,2,0,0,0,0,0,0,0,0,0
34660397,8179,0,2,0,0,0,0,0,0,0,0,0
34664042,8180,0,2,0,0,0,0,0,0,0,0,0
34667686,8181,0,2,0,0,0,0,0,0,0,0,0
34671329,8182,0,2,0,0,0,0,0,0,0,0,0
34674973,8183,0,2,0,0,0,0,0,0,0,0,0
34678617,8184,0,2,0,0,0,0,0,0,0,0,0
34682261,8185,0,2,0,0,0,0,0,0,0,0,0
34685905,8186,0,2,0,0,0,0,0,0,0,0,0
34689549,8187,0,2,0,0,0,0,0,0,0,0,0
34693194,8188,0,2,0,0,0,0,0,0,0,0,0
34696837,8189,0,2,0,0,0,0,0,0,0,0,0
34700481,8190,0,2,0,0,0,0,0,0,0,0,0
34704126,8191,0,2,0,0,0,0,0,0,0,0,0
34707769,8192,0,2,0,0,0,0,0,0,0,0,0
34711413,8193,0,2,0,0,0,0,0,0,0,0,0
34715058,8194,0,2,0,0,0,0,0,0,0,0,0
34718701,8195,0,2,0,0,0,0,0,0,0,0,0
34722345,8196,0,2,0,0,0,0,0,0,0,0,0
34725989,8197,0,2,0,0,0,0,0,0,0,0,0
34729633,8198,0,2,0,0,0,0,0,0,0,0,0
34733277,8199,0,2,0,0,0,0,0,0,0,0,0
34736921,8200,0,2,0,0,0,0,0,0,0,0,0
34740566,8201,0,2,0,0,0,0,0,0,0,0,0
34744209,8202,0,2,0,0,0,0,0,0,0,0,0
34747853,8203,0,2,0,0,0,0,0,0,0,0,0
34751497,8204,0,2,0,0,0,0,0,0,0,0,0
34755142,8205,0,2,0,0,0,0,0,0,0,0,0
34758785,8206,0,2,0,0,0,0,0,0,0,0,0
34762429,8207,0,2,0,0,0,0,0,0,0,0,0
34766074,8208,0,2,0,0,0,0,0,0,0,0,0
34769717,8209,0,2,0,0,0,0,0,0,0,0,0
34773362,8210,0,2,0,0,0,0,0,0,0,0,0
34777006,8211,0,2,0,0,0,0,0,0,0,0,0
34780649,8212,0,2,0,0,0,0,0,0,0,0,0
34784293,8213,0,2,0,0,0,0,0,0,0,0,0
34787937,8214,0,2,0,0,0,0,0,0,0,0,0
34791581,8215,0,2,0,0,0,0,0,0,0,0,0
34795225,8216,0,2,0,0,0,0,0,0,0,0,0
34798869,8217,0,2,0,0,0,0,0,0,0,0,0
34802513,8218,0,2,0,0,0,0,0,0,0,0,0
34806158,8219,0,2,0,0,0,0,0,0,0,0,0
34809801,8220,0,2,0,0,0,0,0,0,0,0,0
34813446,8221,0,2,0,0,0,0,0,0,0,0,0
34817090,8222,0,2,0,0,0,0,0,0,0,0,0
34820733,8223,0,2,0,0,0,0,0,0,0,0,0
34824377,8224,0,2,0,0,0,0,0,0,0,0,0
34828022,8225,0,2,0,0,0,0,0,0,0,0,0
34831665,8226,0,2,0,0,0,0,0,0,0,0,0
34835310,8227,0,2,0,0,0,0,0,0,0,0,0
34838953,8228,0,2,0,0,0,0,0,0,0,0,0
34842597,8229,0,2,0,0,0,0,0,0,0,0,0
34846242,8230,0,2,0,0,0,0,0,0,0,0,0
34849886,8231,0,2,0,0,0,0,0,0,0,0,0
34853529,8232,0,2,0,0,0,0,0,0,0,0,0
34857173,8233,0,2,0,0,0,0,0,0,0,0,0
34860817,8234,0,2,0,0,0,0,0,0,0,0,0
34864461,8235,0,2,0,0,0,0,0,0,0,0,0
34868105,8236,0,2,0,0,0,0,0,0,0,0,0
34871749,8237,0,2,0,0,0,0,0,0,0,0,0
34875393,8238,0,2,0,0,0,0,0,0,0,0,0
34879037,8239,0,2,0,0,0,0,0,0,0,0,0
34882681,8240,0,2,0,0,0,0,0,0,0,0,0
34886326,8241,0,2,0,0,0,0,0,0,0,0,0
34889969,8242,0,2,0,0,0,0,0,0,0,0,0
34893613,8243,0,2,0,0,0,0,0,0,0,0,0
34897258,8244,0,2,0,0,0,0,0,0,0,0,0
34900901,8245,0,2,0,0,0,0,0,0,0,0,0
34904545,8246,0,2,0,0,0,0,0,0,0,0,0
34908190,8247,0,2,0,0,0,0,0,0,0,0,0
34911833,8248,0,2,0,0,0,0,0,0,0,0,0
34915477,8249,0,2,0,0,0,0,0,0,0,0,0
34919122,8250,0,2,0,0,0,0,0,0,0,0,0
34922766,8251,0,2,0,0,0,0,0,0,0,0,0
34926409,8252,0,2,0,0,0,0,0,0,0,0,0
34930054,8253,0,2,0,0,0,0,0,0,0,0,0
34933697,8254,0,2,0,0,0,0,0,0,0,0,0
34937342,8255,0,2,0,0,0,0,0,0,0,0,0
34940985,8256,0,2,0,0,0,0,0,0,0,0,0
34944629,8257,0,2,0,0,0,0,0,0,0,0,0
34948274,8258,0,2,0,0,0,0,0,0,0,0,0
34951917,8259,0,2,0,0,0,0,0,0,0,0,0
34955561,8260,0,2,0,0,0,0,0,0,0,0,0
34959206,8261,0,2,0,0,0,0,0,0,0,0,0
34962849,8262,0,2,0,0,0,0,0,0,0,0,0
34966493,8263,0,2,0,0,0,0,0,0,0,0,0
34970137,8264,0,2,0,0,0,0,0,0,0,0,0
34973781,8265,0,2,0,0,0,0,0,0,0,0,0
34977425,8266,0,2,0,0,0,0,0,0,0,0,0
34981070,8267,0,2,0,0,0,0,0,0,0,0,0
34984713,8268,0,2,0,0,0,0,0,0,0,0,0
34988357,8269,0,2,0,0,0,0,0,0,0,0,0
34992001,8270,0,2,0,0,0,0,0,0,0,0,0
34995646,8271,0,2,0,0,0,0,0,0,0,0,0
34999289,8272,0,2,0,0,0,0,0,0,0,0,0
35002933,8273,0,2,0,0,0,0,0,0,0,0,0
35006577,8274,0,2,0,0,0,0,0,0,0,0,0
35010221,8275,0,2,0,0,0,0,0,0,0,0,0
35013865,8276,0,2,0,0,0,0,0,0,0,0,0
35017509,8277,0,2,0,0,0,0,0,0,0,0,0
35021153,8278,0,2,0,0,0,0,0,0,0,0,0
35024797,8279,0,2,0,0,0,0,0,0,0,0,0
35028441,8280,0,2,0,0,0,0,0,0,0,0,0
35032086,8281,0,2,0,0,0,0,0,0,0,0,0
35035729,8282,0,2,0,0,0,0,0,0,0,0,0
35039373,8283,0,2,0,0,0,0,0,0,0,0,0
35043017,8284,0,2,0,0,0,0,0,0,0,0,0
35046661,8285,0,2,0,0,0,0,0,0,0,0,0
35050305,8286,0,2,0,0,0,0,0,0,0,0,0
35053949,8287,0,2,0,0,0,0,0,0,0,0,0
35057593,8288,0,2,0,0,0,0,0,0,0,0,0
35061237,8289,0,2,0,0,0,0,0,0,0,0,0
35064881,8290,0,2,0,0,0,0,0,0,0,0,0
35068526,8291,0,2,0,0,0,0,0,0,0,0,0
35072169,8292,0,2,0,0,0,0,0,0,0,0,0
35075813,8293,0,2,0,0,0,0,0,0,0,0,0
35079457,8294,0,2,0,0,0,0,0,0,0,0,0
35083101,8295,0,2,0,0,0,0,0,0,0,0,0
35086745,8296,0,2,0,0,0,0,0,0,0,0,0
35090389,8297,0,2,0,0,0,0,0,0,0,0,0
35094033,8298,0,2,0,0,0,0,0,0,0,0,0
35097677,8299,0,2,0,0,0,0,0,0,0,0,0
35101321,8300,0,2,0,0,0,0,0,0,0,0,0
35104966,8301,0,2,0,0,0,0,0,0,0,0,0
35108609,8302,0,2,0,0,0,0,0,0,0,0,0
35112253,8303,0,2,0,0,0,0,0,0,0,0,0
35115897,8304,0,2,0,0,0,0,0,0,0,0,0
35119541,8305,0,2,0,0,0,0,0,0,0,0,0
35123186,8306,0,2,0,0,0,0,0,0,0,0,0
35126829,8307,0,2,0,0,0,0,0,0,0,0,0
35130473,8308,0,2,0,0,0,0,0,0,0,0,0
35134118,8309,0,2,0,0,0,0,0,0,0,0,0
35137761,8310,0,2,0,0,0,0,0,0,0,0,0
35141406,8311,0,2,0,0,0,0,0,0,0,0,0
35145049,8312,0,2,0,0,0,0,0,0,0,0,0
35148693,8313,0,2,0,0,0,0,0,0,0,0,0
35152338,8314,0,2,0,0,0,0,0,0,0,0,0
35155981,8315,0,2,0,0,0,0,0,0,0,0,0
35159625,8316,0,2,0,0,0,0,0,0,0,0,0
35163269,8317,0,2,0,0,0,0,0,0,0,0,0
35166913,8318,0,2,0,0,0,0,0,0,0,0,0
35170557,8319,0,2,0,0,0,0,0,0,0,0,0
35174202,8320,0,2,0,0,0,0,0,0,0,0,0
35177846,8321,0,2,0,0,0,0,0,0,0,0,0
35181489,8322,0,2,0,0,0,0,0,0,0,0,0
35185134,8323,0,2,0,0,0,0,0,0,0,0,0
35188777,8324,0,2,0,0,0,0,0,0,0,0,0
35192421,8325,0,2,0,0,0,0,0,0,0,0,0
35196065,8326,0,2,0,0,0,0,0,0,0,0,0
35199709,8327,0,2,0,0,0,0,0,0,0,0,0
35203353,8328,0,2,0,0,0,0,0,0,0,0,0
35206997,8329,0,2,0,0,0,0,0,0,0,0,0
35210641,8330,0,2,0,0,0,0,0,0,0,0,0
35214286,8331,0,2,0,0,0,0,0,0,0,0,0
35217929,8332,0,2,0,0,0,0,0,0,0,0,0
35221573,8333,0,2,0,0,0,0,0,0,0,0,0
35225218,8334,0,2,0,0,0,0,0,0,0,0,0
35228861,8335,0,2,0,0,0,0,0,0,0,0,0
35232505,8336,0,2,0,0,0,0,0,0,0,0,0
35236150,8337,0,2,0,0,0,0,0,0,0,0,0
35239793,8338,0,2,0,0,0,0,0,0,0,0,0
35243437,8339,0,2,0,0,0,0,0,0,0,0,0
35247082,8340,0,2,0,0,0,0,0,0,0,0,0
35250726,8341,0,2,0,0,0,0,0,0,0,0,0
35254369,8342,0,2,0,0,0,0,0,0,0,0,0
35258014,8343,0,2,0,0,0,0,0,0,0,0,0
35261657,8344,0,2,0,0,0,0,0,0,0,0,0
35265302,8345,0,2,0,0,0,0,0,0,0,0,0
35268945,8346,0,2,0,0,0,0,0,0,0,0,0
35272589,8347,0,2,0,0,0,0,0,0,0,0,0
35276234,8348,0,2,0,0,0,0,0,0,0,0,0
35279877,8349,0,2,0,0,0,0,0,0,0,0,0
35283521,8350,0,2,0,0,0,0,0,0,0,0,0
35287166,8351,0,2,0,0,0,0,0,0,0,0,0
35290809,8352,0,2,0,0,0,0,0,0,0,0,0
35294453,8353,0,2,0,0,0,0,0,0,0,0,0
35298098,8354,0,2,0,0,0,0,0,0,0,0,0
35301741,8355,0,2,0,0,0,0,0,0,0,0,0
35305385,8356,0,2,0,0,0,0,0,0,0,0,0
35309030,8357,0,2,0,0,0,0,0,0,0,0,0
35312673,8358,0,2,0,0,0,0,0,0,0,0,0
35316317,8359,0,2,0,0,0,0,0,0,0,0,0
35319961,8360,0,2,0,0,0,0,0,0,0,0,0
35323606,8361,0,2,0,0,0,0,0,0,0,0,0
35327249,8362,0,2,0,0,0,0,0,0,0,0,0
35330893,8363,0,2,0,0,0,0,0,0,0,0,0
35334537,8364,0,2,0,0,0,0,0,0,0,0,0
35338181,8365,0,2,0,0,0,0,0,0,0,0,0
35341825,8366,0,2,0,0,0,0,0,0,0,0,0
35345469,8367,0,2,0,0,0,0,0,0,0,0,0
35349114,8368,0,2,0,0,0,0,0,0,0,0,0
35352757,8369,0,2,0,0,0,0,0,0,0,0,0
35356401,8370,0,2,0,0,0,0,0,0,0,0,0
35360046,8371,0,2,0,0,0,0,0,0,0,0,0
35363689,8372,0,2,0,0,0,0,0,0,0,0,0
35367334,8373,0,2,0,0,0,0,0,0,0,0,0
35370977,8374,0,2,0,0,0,0,0,0,0,0,0
35374621,8375,0,2,0,0,0,0,0,0,0,0,0
35378265,8376,0,2,0,0,0,0,0,0,0,0,0
35381909,8377,0,2,0,0,0,0,0,0,0,0,0
35385553,8378,0,2,0,0,0,0,0,0,0,0,0
35389198,8379,0,2,0,0,0,0,0,0,0,0,0
35392841,8380,0,2,0,0,0,0,0,0,0,0,0
35396486,8381,0,2,0,0,0,0,0,0,0,0,0
35400129,8382,0,2,0,0,0,0,0,0,0,0,0
35403773,8383,0,2,0,0,0,0,0,0,0,0,0
35407417,8384,0,2,0,0,0,0,0,0,0,0,0
35411061,8385,0,2,0,0,0,0,0,0,0,0,0
35414705,8386,0,2,0,0,0,0,0,0,0,0,0
35418349,8387,0,2,0,0,0,0,0,0,0,0,0
35421993,8388,0,2,0,0,0,0,0,0,0,0,0
35425637,8389,0,2,0,0,0,0,0,0,0,0,0
35429281,8390,0,2,0,0,0,0,0,0,0,0,0
35432926,8391,0,2,0,0,0,0,0,0,0,0,0
35436570,8392,0,2,0,0,0,0,0,0,0,0,0
35440214,8393,0,2,0,0,0,0,0,0,0,0,0
35443858,8394,0,2,0,0,0,0,0,0,0,0,0
35447502,8395,0,2,0,0,0,0,0,0,0,0,0
35451146,8396,0,2,0,0,0,0,0,0,0,0,0
35454790,8397,0,2,0,0,0,0,0,0,0,0,0
35458434,8398,0,2,0,0,0,0,0,0,0,0,0
35462078,8399,0,2,0,0,0,0,0,0,0,0,0
35470619,8400,0,2,0,0,0,0,0,0,0,0,0
35474252,8401,0,2,0,0,0,0,0,0,0,0,0
35477895,8402,0,2,0,0,0,0,0,0,0,0,0
35481539,8403,0,2,0,0,0,0,0,0,0,0,0
35485184,8404,0,2,0,0,0,0,0,0,0,0,0
35488827,8405,0,2,0,0,0,0,0,0,0,0,0
35492471,8406,0,2,0,0,0,0,0,0,0,0,0
35496115,8407,0,2,0,0,0,0,0,0,0,0,0
35499759,8408,0,2,0,0,0,0,0,0,0,0,0
35503403,8409,0,2,0,0,0,0,0,0,0,0,0
35507048,8410,0,2,0,0,0,0,0,0,0,0,0
35510692,8411,0,2,0,0,0,0,0,0,0,0,0
35514335,8412,0,2,0,0,0,0,0,0,0,0,0
35517979,8413,0,2,0,0,0,0,0,0,0,0,0
35521623,8414,0,2,0,0,0,0,0,0,0,0,0
35525267,8415,0,2,0,0,0,0,0,0,0,0,0
35528911,8416,0,2,0,0,0,0,0,0,0,0,0
35532555,8417,0,2,0,0,0,0,0,0,0,0,0
35536199,8418,0,2,0,0,0,0,0,0,0,0,0
35539843,8419,0,2,0,0,0,0,0,0,0,0,0
35543487,8420,0,2,0,0,0,0,0,0,0,0,0
35547132,8421,0,2,0,0,0,0,0,0,0,0,0
35550775,8422,0,2,0,0,0,0,0,0,0,0,0
35554419,8423,0,2,0,0,0,0,0,0,0,0,0
35558064,8424,0,2,0,0,0,0,0,0,0,0,0
35561707,8425,0,2,0,0,0,0,0,0,0,0,0
35565351,8426,0,2,0,0,0,0,0,0,0,0,0
35568995,8427,0,2,0,0,0,0,0,0,0,0,0
35572639,8428,0,2,0,0,0,0,0,0,0,0,0
35576283,8429,0,2,0,0,0,0,0,0,0,0,0
35579927,8430,0,2,0,0,0,0,0,0,0,0,0
35583572,8431,0,2,0,0,0,0,0,0,0,0,0
35587215,8432,0,2,0,0,0,0,0,0,0,0,0
35590859,8433,0,2,0,0,0,0,0,0,0,0,0
35594503,8434,0,2,0,0,0,0,0,0,0,0,0
35598148,8435,0,2,0,0,0,0,0,0,0,0,0
35601791,8436,0,2,0,0,0,0,0,0,0,0,0
35605435,8437,0,2,0,0,0,0,0,0,0,0,0
35609080,8438,0,2,0,0,0,0,0,0,0,0,0
35612723,8439,0,2,0,0,0,0,0,0,0,0,0
35616367,8440,0,2,0,0,0,0,0,0,0,0,0
35620012,8441,0,2,0,0,0,0,0,0,0,0,0
35623655,8442,0,2,0,0,0,0,0,0,0,0,0
35627299,8443,0,2,0,0,0,0,0,0,0,0,0
35630943,8444,0,2,0,0,0,0,0,0,0,0,0
35634587,8445,0,2,0,0,0,0,0,0,0,0,0
35638231,8446,0,2,0,0,0,0,0,0,0,0,0
35641875,8447,0,2,0,0,0,0,0,0,0,0,0
35645519,8448,0,2,0,0,0,0,0,0,0,0,0
35649164,8449,0,2,0,0,0,0,0,0,0,0,0
35652807,8450,0,2,0,0,0,0,0,0,0,0,0
35656452,8451,0,2,0,0,0,0,0,0,0,0,0
35660096,8452,0,2,0,0,0,0,0,0,0,0,0
35663739,8453,0,2,0,0,0,0,0,0,0,0,0
35667383,8454,0,2,0,0,0,0,0,0,0,0,0
35671027,8455,0,2,0,0,0,0,0,0,0,0,0
35674671,8456,0,2,0,0,0,0,0,0,0,0,0
35678316,8457,0,2,0,0,0,0,0,0,0,0,0
35681959,8458,0,2,0,0,0,0,0,0,0,0,0
35685603,8459,0,2,0,0,0,0,0,0,0,0,0
35689247,8460,0,2,0,0,0,0,0,0,0,0,0
35692892,8461,0,2,0,0,0,0,0,0,0,0,0
35696535,8462,0,2,0,0,0,0,0,0,0,0,0
35700180,8463,0,2,0,0,0,0,0,0,0,0,0
35703823,8464,0,2,0,0,0,0,0,0,0,0,0
35707467,8465,0,2,0,0,0,0,0,0,0,0,0
35711111,8466,0,2,0,0,0,0,0,0,0,0,0
35714755,8467,0,2,0,0,0,0,0,0,0,0,0
35718399,8468,0,2,0,0,0,0,0,0,0,0,0
35722043,8469,0,2,0,0,0,0,0,0,0,0,0
35725687,8470,0,2,0,0,0,0,0,0,0,0,0
35729332,8471,0,2,0,0,0,0,0,0,0,0,0
35732975,8472,0,2,0,0,0,0,0,0,0,0,0
35736619,8473,0,2,0,0,0,0,0,0,0,0,0
35740263,8474,0,2,0,0,0,0,0,0,0,0,0
35743907,8475,0,2,0,0,0,0,0,0,0,0,0
35747551,8476,0,2,0,0,0,0,0,0,0,0,0
35751195,8477,0,2,0,0,0,0,0,0,0,0,0
35754839,8478,0,2,0,0,0,0,0,0,0,0,0
35758483,8479,0,2,0,0,0,0,0,0,0,0,0
35762127,8480,0,2,0,0,0,0,0,0,0,0,0
35765772,8481,0,2,0,0,0,0,0,0,0,0,0
35769415,8482,0,2,0,0,0,0,0,0,0,0,0
35773060,8483,0,2,0,0,0,0,0,0,0,0,0
35776703,8484,0,2,0,0,0,0,0,0,0,0,0
35780348,8485,0,2,0,0,0,0,0,0,0,0,0
35783991,8486,0,2,0,0,0,0,0,0,0,0,0
35787635,8487,0,2,0,0,0,0,0,0,0,0,0
35791279,8488,0,2,0,0,0,0,0,0,0,0,0
35794923,8489,0,2,0,0,0,0,0,0,0,0,0
35798567,8490,0,2,0,0,0,0,0,0,0,0,0
35802212,8491,0,2,0,0,0,0,0,0,0,0,0
35805855,8492,0,2,0,0,0,0,0,0,0,0,0
35809499,8493,0,2,0,0,0,0,0,0,0,0,0
35813143,8494,0,2,0,0,0,0,0,0,0,0,0
35816787,8495,0,2,0,0,0,0,0,0,0,0,0
35820431,8496,0,2,0,0,0,0,0,0,0,0,0
35824075,8497,0,2,0,0,0,0,0,0,0,0,0
35827719,8498,0,2,0,0,0,0,0,0,0,0,0
35831363,8499,0,2,0,0,0,0,0,0,0,0,0
35835008,8500,0,2,0,0,0,0,0,0,0,0,0
35838652,8501,0,2,0,0,0,0,0,0,0,0,0
35842295,8502,0,2,0,0,0,0,0,0,0,0,0
35845939,8503,0,2,0,0,0,0,0,0,0,0,0
35849583,8504,0,2,0,0,0,0,0,0,0,0,0
35853228,8505,0,2,0,0,0,0,0,0,0,0,0
35856871,8506,0,2,0,0,0,0,0,0,0,0,0
35860515,8507,0,2,0,0,0,0,0,0,0,0,0
35864159,8508,0,2,0,0,0,0,0,0,0,0,0
35867803,8509,0,2,0,0,0,0,0,0,0,0,0
35871447,8510,0,2,0,0,0,0,0,0,0,0,0
35875092,8511,0,2,0,0,0,0,0,0,0,0,0
35878735,8512,0,2,0,0,0,0,0,0,0,0,0
35882379,8513,0,2,0,0,0,0,0,0,0,0,0
35886023,8514,0,2,0,0,0,0,0,0,0,0,0
35889667,8515,0,2,0,0,0,0,0,0,0,0,0
35893311,8516,0,2,0,0,0,0,0,0,0,0,0
35896955,8517,0,2,0,0,0,0,0,0,0,0,0
35900599,8518,0,2,0,0,0,0,0,0,0,0,0
35904243,8519,0,2,0,0,0,0,0,0,0,0,0
35907887,8520,0,2,0,0,0,0,0,0,0,0,0
35911532,8521,0,2,0,0,0,0,0,0,0,0,0
35915176,8522,0,2,0,0,0,0,0,0,0,0,0
35918819,8523,0,2,0,0,0,0,0,0,0,0,0
35922463,8524,0,2,0,0,0,0,0,0,0,0,0
35926107,8525,0,2,0,0,0,0,0,0,0,0,0
35929751,8526,0,2,0,0,0,0,0,0,0,0,0
35933395,8527,0,2,0,0,0,0,0,0,0,0,0
35937039,8528,0,2,0,0,0,0,0,0,0,0,0
35940683,8529,0,2,0,0,0,0,0,0,0,0,0
35944327,8530,0,2,0,0,0,0,0,0,0,0,0
35947972,8531,0,2,0,0,0,0,0,0,0,0,0
35951615,8532,0,2,0,0,0,0,0,0,0,0,0
35955259,8533,0,2,0,0,0,0,0,0,0,0,0
35958903,8534,0,2,0,0,0,0,0,0,0,0,0
35962547,8535,0,2,0,0,0,0,0,0,0,0,0
35966191,8536,0,2,0,0,0,0,0,0,0,0,0
35969835,8537,0,2,0,0,0,0,0,0,0,0,0
35973479,8538,0,2,0,0,0,0,0,0,0,0,0
35977124,8539,0,2,0,0,0,0,0,0,0,0,0
35980767,8540,0,2,0,0,0,0,0,0,0,0,0
35984412,8541,0,2,0,0,0,0,0,0,0,0,0
35988055,8542,0,2,0,0,0,0,0,0,0,0,0
35991699,8543,0,2,0,0,0,0,0,0,0,0,0
35995343,8544,0,2,0,0,0,0,0,0,0,0,0
35998987,8545,0,2,0,0,0,0,0,0,0,0,0
36002631,8546,0,2,0,0,0,0,0,0,0,0,0
36006275,8547,0,2,0,0,0,0,0,0,0,0,0
36009919,8548,0,2,0,0,0,0,0,0,0,0,0
36013563,8549,0,2,0,0,0,0,0,0,0,0,0
36017208,8550,0,2,0,0,0,0,0,0,0,0,0
36020852,8551,0,2,0,0,0,0,0,0,0,0,0
36024495,8552,0,2,0,0,0,0,0,0,0,0,0
36028140,8553,0,2,0,0,0,0,0,0,0,0,0
36031783,8554,0,2,0,0,0,0,0,0,0,0,0
36035427,8555,0,2,0,0,0,0,0,0,0,0,0
36039072,8556,0,2,0,0,0,0,0,0,0,0,0
36042715,8557,0,2,0,0,0,0,0,0,0,0,0
36046359,8558,0,2,0,0,0,0,0,0,0,0,0
36050004,8559,0,2,0,0,0,0,0,0,0,0,0
36053647,8560,0,2,0,0,0,0,0,0,0,0,0
36057292,8561,0,2,0,0,0,0,0,0,0,0,0
36060935,8562,0,2,0,0,0,0,0,0,0,0,0
36064579,8563,0,2,0,0,0,0,0,0,0,0,0
36068224,8564,0,2,0,0,0,0,0,0,0,0,0
36071867,8565,0,2,0,0,0,0,0,0,0,0,0
36075511,8566,0,2,0,0,0,0,0,0,0,0,0
36079156,8567,0,2,0,0,0,0,0,0,0,0,0
36082799,8568,0,2,0,0,0,0,0,0,0,0,0
36086443,8569,0,2,0,0,0,0,0,0,0,0,0
36090087,8570,0,2,0,0,0,0,0,0,0,0,0
36093732,8571,0,2,0,0,0,0,0,0,0,0,0
36097375,8572,0,2,0,0,0,0,0,0,0,0,0
36101020,8573,0,2,0,0,0,0,0,0,0,0,0
36104663,8574,0,2,0,0,0,0,0,0,0,0,0
36108308,8575,0,2,0,0,0,0,0,0,0,0,0
36111951,8576,0,2,0,0,0,0,0,0,0,0,0
36115595,8577,0,2,0,0,0,0,0,0,0,0,0
36119239,8578,0,2,0,0,0,0,0,0,0,0,0
36122883,8579,0,2,0,0,0,0,0,0,0,0,0
36126527,8580,0,2,0,0,0,0,0,0,0,0,0
36130172,8581,0,2,0,0,0,0,0,0,0,0,0
36133815,8582,0,2,0,0,0,0,0,0,0,0,0
36137459,8583,0,2,0,0,0,0,0,0,0,0,0
36141103,8584,0,2,0,0,0,0,0,0,0,0,0
36144747,8585,0,2,0,0,0,0,0,0,0,0,0
36148391,8586,0,2,0,0,0,0,0,0,0,0,0
36152036,8587,0,2,0,0,0,0,0,0,0,0,0
36155679,8588,0,2,0,0,0,0,0,0,0,0,0
36159323,8589,0,2,0,0,0,0,0,0,0,0,0
36162967,8590,0,2,0,0,0,0,0,0,0,0,0
36166612,8591,0,2,0,0,0,0,0,0,0,0,0
36170255,8592,0,2,0,0,0,0,0,0,0,0,0
36173899,8593,0,2,0,0,0,0,0,0,0,0,0
36177543,8594,0,2,0,0,0,0,0,0,0,0,0
36181188,8595,0,2,0,0,0,0,0,0,0,0,0
36184831,8596,0,2,0,0,0,0,0,0,0,0,0
36188475,8597,0,2,0,0,0,0,0,0,0,0,0
36192119,8598,0,2,0,0,0,0,0,0,0,0,0
36195763,8599,0,2,0,0,0,0,0,0,0,0,0
36199407,8600,0,2,0,0,0,0,0,0,0,0,0
36203052,8601,0,2,0,0,0,0,0,0,0,0,0
36206695,8602,0,2,0,0,0,0,0,0,0,0,0
36210339,8603,0,2,0,0,0,0,0,0,0,0,0
36213983,8604,0,2,0,0,0,0,0,0,0,0,0
36217627,8605,0,2,0,0,0,0,0,0,0,0,0
36221271,8606,0,2,0,0,0,0,0,0,0,0,0
36224915,8607,0,2,0,0,0,0,0,0,0,0,0
36228559,8608,0,2,0,0,0,0,0,0,0,0,0
36232203,8609,0,2,0,0,0,0,0,0,0,0,0
36235847,8610,0,2,0,0,0,0,0,0,0,0,0
36239492,8611,0,2,0,0,0,0,0,0,0,0,0
36243136,8612,0,2,0,0,0,0,0,0,0,0,0
36246779,8613,0,2,0,0,0,0,0,0,0,0,0
36250423,8614,0,2,0,0,0,0,0,0,0,0,0
36254068,8615,0,2,0,0,0,0,0,0,0,0,0
36257711,8616,0,2,0,0,0,0,0,0,0,0,0
36261355,8617,0,2,0,0,0,0,0,0,0,0,0
36264999,8618,0,2,0,0,0,0,0,0,0,0,0
36268643,8619,0,2,0,0,0,0,0,0,0,0,0
36272287,8620,0,2,0,0,0,0,0,0,0,0,0
36275932,8621,0,2,0,0,0,0,0,0,0,0,0
36279575,8622,0,2,0,0,0,0,0,0,0,0,0
36283219,8623,0,2,0,0,0,0,0,0,0,0,0
36286863,8624,0,2,0,0,0,0,0,0,0,0,0
36290507,8625,0,2,0,0,0,0,0,0,0,0,0
36294151,8626,0,2,0,0,0,0,0,0,0,0,0
36304470,8627,0,2,0,0,0,0,0,0,0,0,0
36308102,8628,0,2,0,0,0,0,0,0,0,0,0
36311746,8629,0,2,0,0,0,0,0,0,0,0,0
36315390,8630,0,2,0,0,0,0,0,0,0,0,0
36319035,8631,0,2,0,0,0,0,0,0,0,0,0
36322678,8632,0,2,0,0,0,0,0,0,0,0,0
36326322,8633,0,2,0,0,0,0,0,0,0,0,0
36329966,8634,0,2,0,0,0,0,0,0,0,0,0
36333610,8635,0,2,0,0,0,0,0,0,0,0,0
36337254,8636,0,2,0,0,0,0,0,0,0,0,0
36340898,8637,0,2,0,0,0,0,0,0,0,0,0
36344542,8638,0,2,0,0,0,0,0,0,0,0,0
36348187,8639,0,2,0,0,0,0,0,0,0,0,0
36351830,8640,0,2,0,0,0,0,0,0,0,0,0
36355475,8641,0,2,0,0,0,0,0,0,0,0,0
36359119,8642,0,2,0,0,0,0,0,0,0,0,0
36362762,8643,0,2,0,0,0,0,0,0,0,0,0
36366406,8644,0,2,0,0,0,0,0,0,0,0,0
36370051,8645,0,2,0,0,0,0,0,0,0,0,0
36373694,8646,0,2,0,0,0,0,0,0,0,0,0
36377338,8647,0,2,0,0,0,0,0,0,0,0,0
36380982,8648,0,2,0,0,0,0,0,0,0,0,0
36384626,8649,0,2,0,0,0,0,0,0,0,0,0
36388270,8650,0,2,0,0,0,0,0,0,0,0,0
36391915,8651,0,2,0,0,0,0,0,0,0,0,0
36395558,8652,0,2,0,0,0,0,0,0,0,0,0
36399202,8653,0,2,0,0,0,0,0,0,0,0,0
36402846,8654,0,2,0,0,0,0,0,0,0,0,0
36406490,8655,0,2,0,0,0,0,0,0,0,0,0
36410135,8656,0,2,0,0,0,0,0,0,0,0,0
36413778,8657,0,2,0,0,0,0,0,0,0,0,0
36417422,8658,0,2,0,0,0,0,0,0,0,0,0
36421067,8659,0,2,0,0,0,0,0,0,0,0,0
36424710,8660,0,2,0,0,0,0,0,0,0,0,0
36428355,8661,0,2,0,0,0,0,0,0,0,0,0
36431998,8662,0,2,0,0,0,0,0,0,0,0,0
36435642,8663,0,2,0,0,0,0,0,0,0,0,0
36439287,8664,0,2,0,0,0,0,0,0,0,0,0
36442930,8665,0,2,0,0,0,0,0,0,0,0,0
36446574,8666,0,2,0,0,0,0,0,0,0,0,0
36450218,8667,0,2,0,0,0,0,0,0,0,0,0
36453862,8668,0,2,0,0,0,0,0,0,0,0,0
36457506,8669,0,2,0,0,0,0,0,0,0,0,0
36461151,8670,0,2,0,0,0,0,0,0,0,0,0
36464795,8671,0,2,0,0,0,0,0,0,0,0,0
36468438,8672,0,2,0,0,0,0,0,0,0,0,0
36472083,8673,0,2,0,0,0,0,0,0,0,0,0
36475726,8674,0,2,0,0,0,0,0,0,0,0,0
36479371,8675,0,2,0,0,0,0,0,0,0,0,0
36483014,8676,0,2,0,0,0,0,0,0,0,0,0
36486658,8677,0,2,0,0,0,0,0,0,0,0,0
36490302,8678,0,2,0,0,0,0,0,0,0,0,0
36493946,8679,0,2,0,0,0,0,0,0,0,0,0
36497590,8680,0,2,0,0,0,0,0,0,0,0,0
36501235,8681,0,2,0,0,0,0,0,0,0,0,0
36504878,8682,0,2,0,0,0,0,0,0,0,0,0
36508522,8683,0,2,0,0,0,0,0,0,0,0,0
36512167,8684,0,2,0,0,0,0,0,0,0,0,0
36515810,8685,0,2,0,0,0,0,0,0,0,0,0
36519454,8686,0,2,0,0,0,0,0,0,0,0,0
36523099,8687,0,2,0,0,0,0,0,0,0,0,0
36526742,8688,0,2,0,0,0,0,0,0,0,0,0
36530386,8689,0,2,0,0,0,0,0,0,0,0,0
36534030,8690,0,2,0,0,0,0,0,0,0,0,0
36537675,8691,0,2,0,0,0,0,0,0,0,0,0
36541319,8692,0,2,0,0,0,0,0,0,0,0,0
36544962,8693,0,2,0,0,0,0,0,0,0,0,0
36548606,8694,0,2,0,0,0,0,0,0,0,0,0
36552250,8695,0,2,0,0,0,0,0,0,0,0,0
36555894,8696,0,2,0,0,0,0,0,0,0,0,0
36559538,8697,0,2,0,0,0,0,0,0,0,0,0
36563183,8698,0,2,0,0,0,0,0,0,0,0,0
36566826,8699,0,2,0,0,0,0,0,0,0,0,0
36570470,8700,0,2,0,0,0,0,0,0,0,0,0
36574115,8701,0,2,0,0,0,0,0,0,0,0,0
36577758,8702,0,2,0,0,0,0,0,0,0,0,0
36581402,8703,0,2,0,0,0,0,0,0,0,0,0
36585046,8704,0,2,0,0,0,0,0,0,0,0,0
36588690,8705,0,2,0,0,0,0,0,0,0,0,0
36592334,8706,0,2,0,0,0,0,0,0,0,0,0
36595978,8707,0,2,0,0,0,0,0,0,0,0,0
36599622,8708,0,2,0,0,0,0,0,0,0,0,0
36603266,8709,0,2,0,0,0,0,0,0,0,0,0
36606910,8710,0,2,0,0,0,0,0,0,0,0,0
36610555,8711,0,2,0,0,0,0,0,0,0,0,0
36614198,8712,0,2,0,0,0,0,0,0,0,0,0
36617842,8713,0,2,0,0,0,0,0,0,0,0,0
36621486,8714,0,2,0,0,0,0,0,0,0,0,0
36625130,8715,0,2,0,0,0,0,0,0,0,0,0
36628774,8716,0,2,0,0,0,0,0,0,0,0,0
36632418,8717,0,2,0,0,0,0,0,0,0,0,0
36636063,8718,0,2,0,0,0,0,0,0,0,0,0
36639706,8719,0,2,0,0,0,0,0,0,0,0,0
36643351,8720,0,2,0,0,0,0,0,0,0,0,0
36646995,8721,0,2,0,0,0,0,0,0,0,0,0
36650638,8722,0,2,0,0,0,0,0,0,0,0,0
36654282,8723,0,2,0,0,0,0,0,0,0,0,0
36657926,8724,0,2,0,0,0,0,0,0,0,0,0
36661570,8725,0,2,0,0,0,0,0,0,0,0,0
36665215,8726,0,2,0,0,0,0,0,0,0,0,0
36668858,8727,0,2,0,0,0,0,0,0,0,0,0
36672502,8728,0,2,0,0,0,0,0,0,0,0,0
36676146,8729,0,2,0,0,0,0,0,0,0,0,0
36679790,8730,0,2,0,0,0,0,0,0,0,0,0
36683435,8731,0,2,0,0,0,0,0,0,0,0,0
36687079,8732,0,2,0,0,0,0,0,0,0,0,0
36690722,8733,0,2,0,0,0,0,0,0,0,0,0
36694366,8734,0,2,0,0,0,0,0,0,0,0,0
36698011,8735,0,2,0,0,0,0,0,0,0,0,0
36701654,8736,0,2,0,0,0,0,0,0,0,0,0
36705299,8737,0,2,0,0,0,0,0,0,0,0,0
36708942,8738,0,2,0,0,0,0,0,0,0,0,0
36712586,8739,0,2,0,0,0,0,0,0,0,0,0
36716230,8740,0,2,0,0,0,0,0,0,0,0,0
36719875,8741,0,2,0,0,0,0,0,0,0,0,0
36723518,8742,0,2,0,0,0,0,0,0,0,0,0
36727162,8743,0,2,0,0,0,0,0,0,0,0,0
36730806,8744,0,2,0,0,0,0,0,0,0,0,0
36734450,8745,0,2,0,0,0,0,0,0,0,0,0
36738095,8746,0,2,0,0,0,0,0,0,0,0,0
36741738,8747,0,2,0,0,0,0,0,0,0,0,0
36745383,8748,0,2,0,0,0,0,0,0,0,0,0
36749027,8749,0,2,0,0,0,0,0,0,0,0,0
36752670,8750,0,2,0,0,0,0,0,0,0,0,0
36756315,8751,0,2,0,0,0,0,0,0,0,0,0
36759958,8752,0,2,0,0,0,0,0,0,0,0,0
36763602,8753,0,2,0,0,0,0,0,0,0,0,0
36767247,8754,0,2,0,0,0,0,0,0,0,0,0
36770890,8755,0,2,0,0,0,0,0,0,0,0,0
36774534,8756,0,2,0,0,0,0,0,0,0,0,0
36778179,8757,0,2,0,0,0,0,0,0,0,0,0
36781822,8758,0,2,0,0,0,0,0,0,0,0,0
36785466,8759,0,2,0,0,0,0,0,0,0,0,0
36789110,8760,0,2,0,0,0,0,0,0,0,0,0
36792755,8761,0,2,0,0,0,0,0,0,0,0,0
36796398,8762,0,2,0,0,0,0,0,0,0,0,0
36800043,8763,0,2,0,0,0,0,0,0,0,0,0
36803686,8764,0,2,0,0,0,0,0,0,0,0,0
36807330,8765,0,2,0,0,0,0,0,0,0,0,0
36810974,8766,0,2,0,0,0,0,0,0,0,0,0
36814618,8767,0,2,0,0,0,0,0,0,0,0,0
36818262,8768,0,2,0,0,0,0,0,0,0,0,0
36821906,8769,0,2,0,0,0,0,0,0,0,0,0
36825550,8770,0,2,0,0,0,0,0,0,0,0,0
36829195,8771,0,2,0,0,0,0,0,0,0,0,0
36832838,8772,0,2,0,0,0,0,0,0,0,0,0
36836482,8773,0,2,0,0,0,0,0,0,0,0,0
36840126,8774,0,2,0,0,0,0,0,0,0,0,0
36843770,8775,0,2,0,0,0,0,0,0,0,0,0
36847414,8776,0,2,0,0,0,0,0,0,0,0,0
36851058,8777,0,2,0,0,0,0,0,0,0,0,0
36854702,8778,0,2,0,0,0,0,0,0,0,0,0
36858346,8779,0,2,0,0,0,0,0,0,0,0,0
36861990,8780,0,2,0,0,0,0,0,0,0,0,0
36865635,8781,0,2,0,0,0,0,0,0,0,0,0
36869279,8782,0,2,0,0,0,0,0,0,0,0,0
36872922,8783,0,2,0,0,0,0,0,0,0,0,0
36876566,8784,0,2,0,0,0,0,0,0,0,0,0
36880210,8785,0,2,0,0,0,0,0,0,0,0,0
36883854,8786,0,2,0,0,0,0,0,0,0,0,0
36887498,8787,0,2,0,0,0,0,0,0,0,0,0
36891143,8788,0,2,0,0,0,0,0,0,0,0,0
36894786,8789,0,2,0,0,0,0,0,0,0,0,0
36898430,8790,0,2,0,0,0,0,0,0,0,0,0
36902075,8791,0,2,0,0,0,0,0,0,0,0,0
36905718,8792,0,2,0,0,0,0,0,0,0,0,0
36909362,8793,0,2,0,0,0,0,0,0,0,0,0
36913007,8794,0,2,0,0,0,0,0,0,0,0,0
36916650,8795,0,2,0,0,0,0,0,0,0,0,0
36920295,8796,0,2,0,0,0,0,0,0,0,0,0
36923938,8797,0,2,0,0,0,0,0,0,0,0,0
36927582,8798,0,2,0,0,0,0,0,0,0,0,0
36931227,8799,0,2,0,0,0,0,0,0,0,0,0
36934870,8800,0,2,0,0,0,0,0,0,0,0,0
36938515,8801,0,2,0,0,0,0,0,0,0,0,0
36942158,8802,0,2,0,0,0,0,0,0,0,0,0
36945802,8803,0,2,0,0,0,0,0,0,0,0,0
36949446,8804,0,2,0,0,0,0,0,0,0,0,0
36953090,8805,0,2,0,0,0,0,0,0,0,0,0
36956734,8806,0,2,0,0,0,0,0,0,0,0,0
36960378,8807,0,2,0,0,0,0,0,0,0,0,0
36964023,8808,0,2,0,0,0,0,0,0,0,0,0
36967666,8809,0,2,0,0,0,0,0,0,0,0,0
36971311,8810,0,2,0,0,0,0,0,0,0,0,0
36974955,8811,0,2,0,0,0,0,0,0,0,0,0
36978598,8812,0,2,0,0,0,0,0,0,0,0,0
36982243,8813,0,2,0,0,0,0,0,0,0,0,0
36985886,8814,0,2,0,0,0,0,0,0,0,0,0
36989530,8815,0,2,0,0,0,0,0,0,0,0,0
36993174,8816,0,2,0,0,0,0,0,0,0,0,0
36996818,8817,0,2,0,0,0,0,0,0,0,0,0
37000462,8818,0,2,0,0,0,0,0,0,0,0,0
37004107,8819,0,2,0,0,0,0,0,0,0,0,0
37007750,8820,0,2,0,0,0,0,0,0,0,0,0
37011395,8821,0,2,0,0,0,0,0,0,0,0,0
37015039,8822,0,2,0,0,0,0,0,0,0,0,0
37018682,8823,0,2,0,0,0,0,0,0,0,0,0
37022326,8824,0,2,0,0,0,0,0,0,0,0,0
37025970,8825,0,2,0,0,0,0,0,0,0,0,0
37029614,8826,0,2,0,0,0,0,0,0,0,0,0
37033258,8827,0,2,0,0,0,0,0,0,0,0,0
37036902,8828,0,2,0,0,0,0,0,0,0,0,0
37040546,8829,0,2,0,0,0,0,0,0,0,0,0
37044191,8830,0,2,0,0,0,0,0,0,0,0,0
37047835,8831,0,2,0,0,0,0,0,0,0,0,0
37051478,8832,0,2,0,0,0,0,0,0,0,0,0
37055122,8833,0,2,0,0,0,0,0,0,0,0,0
37058766,8834,0,2,0,0,0,0,0,0,0,0,0
37062410,8835,0,2,0,0,0,0,0,0,0,0,0
37066055,8836,0,2,0,0,0,0,0,0,0,0,0
37069698,8837,0,2,0,0,0,0,0,0,0,0,0
37073342,8838,0,2,0,0,0,0,0,0,0,0,0
37076986,8839,0,2,0,0,0,0,0,0,0,0,0
37080630,8840,0,2,0,0,0,0,0,0,0,0,0
37084275,8841,0,2,0,0,0,0,0,0,0,0,0
37087918,8842,0,2,0,0,0,0,0,0,0,0,0
37091562,8843,0,2,0,0,0,0,0,0,0,0,0
37095206,8844,0,2,0,0,0,0,0,0,0,0,0
37098850,8845,0,2,0,0,0,0,0,0,0,0,0
37102494,8846,0,2,0,0,0,0,0,0,0,0,0
37106138,8847,0,2,0,0,0,0,0,0,0,0,0
37109782,8848,0,2,0,0,0,0,0,0,0,0,0
37113426,8849,0,2,0,0,0,0,0,0,0,0,0
37117071,8850,0,2,0,0,0,0,0,0,0,0,0
37120715,8851,0,2,0,0,0,0,0,0,0,0,0
37124358,8852,0,2,0,0,0,0,0,0,0,0,0
37128002,8853,0,2,0,0,0,0,0,0,0,0,0
37136132,8854,0,2,0,0,0,0,0,0,0,0,0
37139764,8855,0,2,0,0,0,0,0,0,0,0,0
37143409,8856,0,2,0,0,0,0,0,0,0,0,0
37147052,8857,0,2,0,0,0,0,0,0,0,0,0
37150696,8858,0,2,0,0,0,0,0,0,0,0,0
37154341,8859,0,2,0,0,0,0,0,0,0,0,0
37157984,8860,0,2,0,0,0,0,0,0,0,0,0
37161629,8861,0,2,0,0,0,0,0,0,0,0,0
37165272,8862,0,2,0,0,0,0,0,0,0,0,0
37168916,8863,0,2,0,0,0,0,0,0,0,0,0
37172560,8864,0,2,0,0,0,0,0,0,0,0,0
37176204,8865,0,2,0,0,0,0,0,0,0,0,0
37179848,8866,0,2,0,0,0,0,0,0,0,0,0
37183492,8867,0,2,0,0,0,0,0,0,0,0,0
37187137,8868,0,2,0,0,0,0,0,0,0,0,0
37190780,8869,0,2,0,0,0,0,0,0,0,0,0
37194424,8870,0,2,0,0,0,0,0,0,0,0,0
37198069,8871,0,2,0,0,0,0,0,0,0,0,0
37201712,8872,0,2,0,0,0,0,0,0,0,0,0
37205357,8873,0,2,0,0,0,0,0,0,0,0,0
37209000,8874,0,2,0,0,0,0,0,0,0,0,0
37212644,8875,0,2,0,0,0,0,0,0,0,0,0
37216288,8876,0,2,0,0,0,0,0,0,0,0,0
37219932,8877,0,2,0,0,0,0,0,0,0,0,0
37223576,8878,0,2,0,0,0,0,0,0,0,0,0
37227220,8879,0,2,0,0,0,0,0,0,0,0,0
37230864,8880,0,2,0,0,0,0,0,0,0,0,0
37234509,8881,0,2,0,0,0,0,0,0,0,0,0
37238153,8882,0,2,0,0,0,0,0,0,0,0,0
37241796,8883,0,2,0,0,0,0,0,0,0,0,0
37245440,8884,0,2,0,0,0,0,0,0,0,0,0
37249084,8885,0,2,0,0,0,0,0,0,0,0,0
37252728,8886,0,2,0,0,0,0,0,0,0,0,0
37256372,8887,0,2,0,0,0,0,0,0,0,0,0
37260017,8888,0,2,0,0,0,0,0,0,0,0,0
37263660,8889,0,2,0,0,0,0,0,0,0,0,0
37267304,8890,0,2,0,0,0,0,0,0,0,0,0
37270949,8891,0,2,0,0,0,0,0,0,0,0,0
37274592,8892,0,2,0,0,0,0,0,0,0,0,0
37278237,8893,0,2,0,0,0,0,0,0,0,0,0
37281880,8894,0,2,0,0,0,0,0,0,0,0,0
37285524,8895,0,2,0,0,0,0,0,0,0,0,0
37289168,8896,0,2,0,0,0,0,0,0,0,0,0
37292812,8897,0,2,0,0,0,0,0,0,0,0,0
37296456,8898,0,2,0,0,0,0,0,0,0,0,0
37300100,8899,0,2,0,0,0,0,0,0,0,0,0
37303744,8900,0,2,0,0,0,0,0,0,0,0,0
37307389,8901,0,2,0,0,0,0,0,0,0,0,0
37311033,8902,0,2,0,0,0,0,0,0,0,0,0
37314676,8903,0,2,0,0,0,0,0,0,0,0,0
37318320,8904,0,2,0,0,0,0,0,0,0,0,0
37321964,8905,0,2,0,0,0,0,0,0,0,0,0
37325608,8906,0,2,0,0,0,0,0,0,0,0,0
37329253,8907,0,2,0,0,0,0,0,0,0,0,0
37332896,8908,0,2,0,0,0,0,0,0,0,0,0
37336540,8909,0,2,0,0,0,0,0,0,0,0,0
37340184,8910,0,2,0,0,0,0,0,0,0,0,0
37343829,8911,0,2,0,0,0,0,0,0,0,0,0
37347472,8912,0,2,0,0,0,0,0,0,0,0,0
37351116,8913,0,2,0,0,0,0,0,0,0,0,0
37354760,8914,0,2,0,0,0,0,0,0,0,0,0
37358404,8915,0,2,0,0,0,0,0,0,0,0,0
37362048,8916,0,2,0,0,0,0,0,0,0,0,0
37365692,8917,0,2,0,0,0,0,0,0,0,0,0
37369336,8918,0,2,0,0,0,0,0,0,0,0,0
37372980,8919,0,2,0,0,0,0,0,0,0,0,0
37376624,8920,0,2,0,0,0,0,0,0,0,0,0
37380269,8921,0,2,0,0,0,0,0,0,0,0,0
37383912,8922,0,2,0,0,0,0,0,0,0,0,0
37387556,8923,0,2,0,0,0,0,0,0,0,0,0
37391201,8924,0,2,0,0,0,0,0,0,0,0,0
37394844,8925,0,2,0,0,0,0,0,0,0,0,0
37398488,8926,0,2,0,0,0,0,0,0,0,0,0
37402132,8927,0,2,0,0,0,0,0,0,0,0,0
37405776,8928,0,2,0,0,0,0,0,0,0,0,0
37409420,8929,0,2,0,0,0,0,0,0,0,0,0
37413064,8930,0,2,0,0,0,0,0,0,0,0,0
37416709,8931,0,2,0,0,0,0,0,0,0,0,0
37420352,8932,0,2,0,0,0,0,0,0,0,0,0
37423996,8933,0,2,0,0,0,0,0,0,0,0,0
37427640,8934,0,2,0,0,0,0,0,0,0,0,0
37431284,8935,0,2,0,0,0,0,0,0,0,0,0
37434928,8936,0,2,0,0,0,0,0,0,0,0,0
37438572,8937,0,2,0,0,0,0,0,0,0,0,0
37442216,8938,0,2,0,0,0,0,0,0,0,0,0
37445860,8939,0,2,0,0,0,0,0,0,0,0,0
37449504,8940,0,2,0,0,0,0,0,0,0,0,0
37453149,8941,0,2,0,0,0,0,0,0,0,0,0
37456792,8942,0,2,0,0,0,0,0,0,0,0,0
37460436,8943,0,2,0,0,0,0,0,0,0,0,0
37464081,8944,0,2,0,0,0,0,0,0,0,0,0
37467724,8945,0,2,0,0,0,0,0,0,0,0,0
37471368,8946,0,2,0,0,0,0,0,0,0,0,0
37475013,8947,0,2,0,0,0,0,0,0,0,0,0
37478656,8948,0,2,0,0,0,0,0,0,0,0,0
37482301,8949,0,2,0,0,0,0,0,0,0,0,0
37485944,8950,0,2,0,0,0,0,0,0,0,0,0
37489589,8951,0,2,0,0,0,0,0,0,0,0,0
37493232,8952,0,2,0,0,0,0,0,0,0,0,0
37496876,8953,0,2,0,0,0,0,0,0,0,0,0
37500520,8954,0,2,0,0,0,0,0,0,0,0,0
37504164,8955,0,2,0,0,0,0,0,0,0,0,0
37507808,8956,0,2,0,0,0,0,0,0,0,0,0
37511452,8957,0,2,0,0,0,0,0,0,0,0,0
37515097,8958,0,2,0,0,0,0,0,0,0,0,0
37518740,8959,0,2,0,0,0,0,0,0,0,0,0
37522384,8960,0,2,0,0,0,0,0,0,0,0,0
37526029,8961,0,2,0,0,0,0,0,0,0,0,0
37529672,8962,0,2,0,0,0,0,0,0,0,0,0
37533316,8963,0,2,0,0,0,0,0,0,0,0,0
37536960,8964,0,2,0,0,0,0,0,0,0,0,0
37540604,8965,0,2,0,0,0,0,0,0,0,0,0
37544248,8966,0,2,0,0,0,0,0,0,0,0,0
37547892,8967,0,2,0,0,0,0,0,0,0,0,0
37551536,8968,0,2,0,0,0,0,0,0,0,0,0
37555181,8969,0,2,0,0,0,0,0,0,0,0,0
37558824,8970,0,2,0,0,0,0,0,0,0,0,0
37562469,8971,0,2,0,0,0,0,0,0,0,0,0
37566113,8972,0,2,0,0,0,0,0,0,0,0,0
37569756,8973,0,2,0,0,0,0,0,0,0,0,0
37573400,8974,0,2,0,0,0,0,0,0,0,0,0
37577045,8975,0,2,0,0,0,0,0,0,0,0,0
37580688,8976,0,2,0,0,0,0,0,0,0,0,0
37584332,8977,0,2,0,0,0,0,0,0,0,0,0
37587976,8978,0,2,0,0,0,0,0,0,0,0,0
37591620,8979,0,2,0,0,0,0,0,0,0,0,0
37595264,8980,0,2,0,0,0,0,0,0,0,0,0
37598909,8981,0,2,0,0,0,0,0,0,0,0,0
37602552,8982,0,2,0,0,0,0,0,0,0,0,0
37606196,8983,0,2,0,0,0,0,0,0,0,0,0
37609840,8984,0,2,0,0,0,0,0,0,0,0,0
37613484,8985,0,2,0,0,0,0,0,0,0,0,0
37617128,8986,0,2,0,0,0,0,0,0,0,0,0
37620772,8987,0,2,0,0,0,0,0,0,0,0,0
37624416,8988,0,2,0,0,0,0,0,0,0,0,0
37628061,8989,0,2,0,0,0,0,0,0,0,0,0
37631704,8990,0,2,0,0,0,0,0,0,0,0,0
37635349,8991,0,2,0,0,0,0,0,0,0,0,0
37638992,8992,0,2,0,0,0,0,0,0,0,0,0
37642636,8993,0,2,0,0,0,0,0,0,0,0,0
37646280,8994,0,2,0,0,0,0,0,0,0,0,0
37649924,8995,0,2,0,0,0,0,0,0,0,0,0
37653568,8996,0,2,0,0,0,0,0,0,0,0,0
37657213,8997,0,2,0,0,0,0,0,0,0,0,0
37660856,8998,0,2,0,0,0,0,0,0,0,0,0
37664500,8999,0,2,0,0,0,0,0,0,0,0,0
37668144,9000,0,2,0,0,0,0,0,0,0,0,0
37671789,9001,0,2,0,0,0,0,0,0,0,0,0
37675432,9002,0,2,0,0,0,0,0,0,0,0,0
37679077,9003,0,2,0,0,0,0,0,0,0,0,0
37682720,9004,0,2,0,0,0,0,0,0,0,0,0
37686365,9005,0,2,0,0,0,0,0,0,0,0,0
37690008,9006,0,2,0,0,0,0,0,0,0,0,0
37693652,9007,0,2,0,0,0,0,0,0,0,0,0
37697296,9008,0,2,0,0,0,0,0,0,0,0,0
37700940,9009,0,2,0,0,0,0,0,0,0,0,0
37704584,9010,0,2,0,0,0,0,0,0,0,0,0
37708229,9011,0,2,0,0,0,0,0,0,0,0,0
37711872,9012,0,2,0,0,0,0,0,0,0,0,0
37715516,9013,0,2,0,0,0,0,0,0,0,0,0
37719161,9014,0,2,0,0,0,0,0,0,0,0,0
37722804,9015,0,2,0,0,0,0,0,0,0,0,0
37726448,9016,0,2,0,0,0,0,0,0,0,0,0
37730093,9017,0,2,0,0,0,0,0,0,0,0,0
37733736,9018,0,2,0,0,0,0,0,0,0,0,0
37737380,9019,0,2,0,0,0,0,0,0,0,0,0
37741025,9020,0,2,0,0,0,0,0,0,0,0,0
37744669,9021,0,2,0,0,0,0,0,0,0,0,0
37748312,9022,0,2,0,0,0,0,0,0,0,0,0
37751956,9023,0,2,0,0,0,0,0,0,0,0,0
37755600,9024,0,2,0,0,0,0,0,0,0,0,0
37759244,9025,0,2,0,0,0,0,0,0,0,0,0
37762888,9026,0,2,0,0,0,0,0,0,0,0,0
37766532,9027,0,2,0,0,0,0,0,0,0,0,0
37770176,9028,0,2,0,0,0,0,0,0,0,0,0
37773820,9029,0,2,0,0,0,0,0,0,0,0,0
37777464,9030,0,2,0,0,0,0,0,0,0,0,0
37781109,9031,0,2,0,0,0,0,0,0,0,0,0
37784752,9032,0,2,0,0,0,0,0,0,0,0,0
37788396,9033,0,2,0,0,0,0,0,0,0,0,0
37792040,9034,0,2,0,0,0,0,0,0,0,0,0
37795684,9035,0,2,0,0,0,0,0,0,0,0,0
37799329,9036,0,2,0,0,0,0,0,0,0,0,0
37802972,9037,0,2,0,0,0,0,0,0,0,0,0
37806616,9038,0,2,0,0,0,0,0,0,0,0,0
37810260,9039,0,2,0,0,0,0,0,0,0,0,0
37813904,9040,0,2,0,0,0,0,0,0,0,0,0
37817549,9041,0,2,0,0,0,0,0,0,0,0,0
37821192,9042,0,2,0,0,0,0,0,0,0,0,0
37824836,9043,0,2,0,0,0,0,0,0,0,0,0
37828480,9044,0,2,0,0,0,0,0,0,0,0,0
37832125,9045,0,2,0,0,0,0,0,0,0,0,0
37835768,9046,0,2,0,0,0,0,0,0,0,0,0
37839412,9047,0,2,0,0,0,0,0,0,0,0,0
37843057,9048,0,2,0,0,0,0,0,0,0,0,0
37846700,9049,0,2,0,0,0,0,0,0,0,0,0
37850345,9050,0,2,0,0,0,0,0,0,0,0,0
37853989,9051,0,2,0,0,0,0,0,0,0,0,0
37857632,9052,0,2,0,0,0,0,0,0,0,0,0
37861276,9053,0,2,0,0,0,0,0,0,0,0,0
37864920,9054,0,2,0,0,0,0,0,0,0,0,0
37868564,9055,0,2,0,0,0,0,0,0,0,0,0
37872209,9056,0,2,0,0,0,0,0,0,0,0,0
37875852,9057,0,2,0,0,0,0,0,0,0,0,0
37879496,9058,0,2,0,0,0,0,0,0,0,0,0
37883140,9059,0,2,0,0,0,0,0,0,0,0,0
37886784,9060,0,2,0,0,0,0,0,0,0,0,0
37890429,9061,0,2,0,0,0,0,0,0,0,0,0
37894072,9062,0,2,0,0,0,0,0,0,0,0,0
37897716,9063,0,2,0,0,0,0,0,0,0,0,0
37901360,9064,0,2,0,0,0,0,0,0,0,0,0
37905005,9065,0,2,0,0,0,0,0,0,0,0,0
37908648,9066,0,2,0,0,0,0,0,0,0,0,0
37912292,9067,0,2,0,0,0,0,0,0,0,0,0
37915936,9068,0,2,0,0,0,0,0,0,0,0,0
37919580,9069,0,2,0,0,0,0,0,0,0,0,0
37923224,9070,0,2,0,0,0,0,0,0,0,0,0
37926869,9071,0,2,0,0,0,0,0,0,0,0,0
37930512,9072,0,2,0,0,0,0,0,0,0,0,0
37934156,9073,0,2,0,0,0,0,0,0,0,0,0
37937800,9074,0,2,0,0,0,0,0,0,0,0,0
37941444,9075,0,2,0,0,0,0,0,0,0,0,0
37945089,9076,0,2,0,0,0,0,0,0,0,0,0
37948732,9077,0,2,0,0,0,0,0,0,0,0,0
37952376,9078,0,2,0,0,0,0,0,0,0,0,0
37956020,9079,0,2,0,0,0,0,0,0,0,0,0
37959664,9080,0,2,0,0,0,0,0,0,0,0,0
37969753,9081,0,2,0,0,0,0,0,0,0,0,0
37973385,9082,0,2,0,0,0,0,0,0,0,0,0
37977029,9083,0,2,0,0,0,0,0,0,0,0,0
37980673,9084,0,2,0,0,0,0,0,0,0,0,0
37984317,9085,0,2,0,0,0,0,0,0,0,0,0
37987961,9086,0,2,0,0,0,0,0,0,0,0,0
37991605,9087,0,2,0,0,0,0,0,0,0,0,0
37995249,9088,0,2,0,0,0,0,0,0,0,0,0
37998893,9089,0,2,0,0,0,0,0,0,0,0,0
38002537,9090,0,2,0,0,0,0,0,0,0,0,0
38006182,9091,0,2,0,0,0,0,0,0,0,0,0
38009825,9092,0,2,0,0,0,0,0,0,0,0,0
38013469,9093,0,2,0,0,0,0,0,0,0,0,0
38017113,9094,0,2,0,0,0,0,0,0,0,0,0
38020757,9095,0,2,0,0,0,0,0,0,0,0,0
38024401,9096,0,2,0,0,0,0,0,0,0,0,0
38028046,9097,0,2,0,0,0,0,0,0,0,0,0
38031689,9098,0,2,0,0,0,0,0,0,0,0,0
38035333,9099,0,2,0,0,0,0,0,0,0,0,0
38038977,9100,0,2,0,0,0,0,0,0,0,0,0
38042622,9101,0,2,0,0,0,0,0,0,0,0,0
38046265,9102,0,2,0,0,0,0,0,0,0,0,0
38049909,9103,0,2,0,0,0,0,0,0,0,0,0
38053553,9104,0,2,0,0,0,0,0,0,0,0,0
38057197,9105,0,2,0,0,0,0,0,0,0,0,0
38060841,9106,0,2,0,0,0,0,0,0,0,0,0
38064485,9107,0,2,0,0,0,0,0,0,0,0,0
38068129,9108,0,2,0,0,0,0,0,0,0,0,0
38071773,9109,0,2,0,0,0,0,0,0,0,0,0
38075417,9110,0,2,0,0,0,0,0,0,0,0,0
38079062,9111,0,2,0,0,0,0,0,0,0,0,0
38082705,9112,0,2,0,0,0,0,0,0,0,0,0
38086349,9113,0,2,0,0,0,0,0,0,0,0,0
38089993,9114,0,2,0,0,0,0,0,0,0,0,0
38093637,9115,0,2,0,0,0,0,0,0,0,0,0
38097281,9116,0,2,0,0,0,0,0,0,0,0,0
38100925,9117,0,2,0,0,0,0,0,0,0,0,0
38104569,9118,0,2,0,0,0,0,0,0,0,0,0
38108213,9119,0,2,0,0,0,0,0,0,0,0,0
38111857,9120,0,2,0,0,0,0,0,0,0,0,0
38115502,9121,0,2,0,0,0,0,0,0,0,0,0
38119145,9122,0,2,0,0,0,0,0,0,0,0,0
38122789,9123,0,2,0,0,0,0,0,0,0,0,0
38126433,9124,0,2,0,0,0,0,0,0,0,0,0
38130077,9125,0,2,0,0,0,0,0,0,0,0,0
38133721,9126,0,2,0,0,0,0,0,0,0,0,0
38137365,9127,0,2,0,0,0,0,0,0,0,0,0
38141010,9128,0,2,0,0,0,0,0,0,0,0,0
38144653,9129,0,2,0,0,0,0,0,0,0,0,0
38148298,9130,0,2,0,0,0,0,0,0,0,0,0
38151942,9131,0,2,0,0,0,0,0,0,0,0,0
38155585,9132,0,2,0,0,0,0,0,0,0,0,0
38159229,9133,0,2,0,0,0,0,0,0,0,0,0
38162873,9134,0,2,0,0,0,0,0,0,0,0,0
38166517,9135,0,2,0,0,0,0,0,0,0,0,0
38170161,9136,0,2,0,0,0,0,0,0,0,0,0
38173805,9137,0,2,0,0,0,0,0,0,0,0,0
38177449,9138,0,2,0,0,0,0,0,0,0,0,0
38181093,9139,0,2,0,0,0,0,0,0,0,0,0
38184737,9140,0,2,0,0,0,0,0,0,0,0,0
38188382,9141,0,2,0,0,0,0,0,0,0,0,0
38192026,9142,0,2,0,0,0,0,0,0,0,0,0
38195669,9143,0,2,0,0,0,0,0,0,0,0,0
38199313,9144,0,2,0,0,0,0,0,0,0,0,0
38202957,9145,0,2,0,0,0,0,0,0,0,0,0
38206601,9146,0,2,0,0,0,0,0,0,0,0,0
38210246,9147,0,2,0,0,0,0,0,0,0,0,0
38213889,9148,0,2,0,0,0,0,0,0,0,0,0
38217533,9149,0,2,0,0,0,0,0,0,0,0,0
38221177,9150,0,2,0,0,0,0,0,0,0,0,0
38224822,9151,0,2,0,0,0,0,0,0,0,0,0
38228465,9152,0,2,0,0,0,0,0,0,0,0,0
38232110,9153,0,2,0,0,0,0,0,0,0,0,0
38235753,9154,0,2,0,0,0,0,0,0,0,0,0
38239397,9155,0,2,0,0,0,0,0,0,0,0,0
38243042,9156,0,2,0,0,0,0,0,0,0,0,0
38246685,9157,0,2,0,0,0,0,0,0,0,0,0
38250329,9158,0,2,0,0,0,0,0,0,0,0,0
38253973,9159,0,2,0,0,0,0,0,0,0,0,0
38257617,9160,0,2,0,0,0,0,0,0,0,0,0
38261262,9161,0,2,0,0,0,0,0,0,0,0,0
38264905,9162,0,2,0,0,0,0,0,0,0,0,0
38268549,9163,0,2,0,0,0,0,0,0,0,0,0
38272193,9164,0,2,0,0,0,0,0,0,0,0,0
38275837,9165,0,2,0,0,0,0,0,0,0,0,0
38279481,9166,0,2,0,0,0,0,0,0,0,0,0
38283125,9167,0,2,0,0,0,0,0,0,0,0,0
38286769,9168,0,2,0,0,0,0,0,0,0,0,0
38290413,9169,0,2,0,0,0,0,0,0,0,0,0
38294058,9170,0,2,0,0,0,0,0,0,0,0,0
38297702,9171,0,2,0,0,0,0,0,0,0,0,0
38301346,9172,0,2,0,0,0,0,0,0,0,0,0
38304989,9173,0,2,0,0,0,0,0,0,0,0,0
38308633,9174,0,2,0,0,0,0,0,0,0,0,0
38312277,9175,0,2,0,0,0,0,0,0,0,0,0
38315921,9176,0,2,0,0,0,0,0,0,0,0,0
38319565,9177,0,2,0,0,0,0,0,0,0,0,0
38323209,9178,0,2,0,0,0,0,0,0,0,0,0
38326853,9179,0,2,0,0,0,0,0,0,0,0,0
38330497,9180,0,2,0,0,0,0,0,0,0,0,0
38334142,9181,0,2,0,0,0,0,0,0,0,0,0
38337785,9182,0,2,0,0,0,0,0,0,0,0,0
38341429,9183,0,2,0,0,0,0,0,0,0,0,0
38345074,9184,0,2,0,0,0,0,0,0,0,0,0
38348717,9185,0,2,0,0,0,0,0,0,0,0,0
38352362,9186,0,2,0,0,0,0,0,0,0,0,0
38356006,9187,0,2,0,0,0,0,0,0,0,0,0
38359649,9188,0,2,0,0,0,0,0,0,0,0,0
38363293,9189,0,2,0,0,0,0,0,0,0,0,0
38366937,9190,0,2,0,0,0,0,0,0,0,0,0
38370582,9191,0,2,0,0,0,0,0,0,0,0,0
38374225,9192,0,2,0,0,0,0,0,0,0,0,0
38377869,9193,0,2,0,0,0,0,0,0,0,0,0
38381513,9194,0,2,0,0,0,0,0,0,0,0,0
38385158,9195,0,2,0,0,0,0,0,0,0,0,0
38388801,9196,0,2,0,0,0,0,0,0,0,0,0
38392445,9197,0,2,0,0,0,0,0,0,0,0,0
38396090,9198,0,2,0,0,0,0,0,0,0,0,0
38399733,9199,0,2,0,0,0,0,0,0,0,0,0
38403377,9200,0,2,0,0,0,0,0,0,0,0,0
38407022,9201,0,2,0,0,0,0,0,0,0,0,0
38410665,9202,0,2,0,0,0,0,0,0,0,0,0
38414309,9203,0,2,0,0,0,0,0,0,0,0,0
38417953,9204,0,2,0,0,0,0,0,0,0,0,0
38421597,9205,0,2,0,0,0,0,0,0,0,0,0
38425242,9206,0,2,0,0,0,0,0,0,0,0,0
38428885,9207,0,2,0,0,0,0,0,0,0,0,0
38432529,9208,0,2,0,0,0,0,0,0,0,0,0
38436173,9209,0,2,0,0,0,0,0,0,0,0,0
38439817,9210,0,2,0,0,0,0,0,0,0,0,0
38443462,9211,0,2,0,0,0,0,0,0,0,0,0
38447105,9212,0,2,0,0,0,0,0,0,0,0,0
38450749,9213,0,2,0,0,0,0,0,0,0,0,0
38454393,9214,0,2,0,0,0,0,0,0,0,0,0
38458037,9215,0,2,0,0,0,0,0,0,0,0,0
38461681,9216,0,2,0,0,0,0,0,0,0,0,0
38465325,9217,0,2,0,0,0,0,0,0,0,0,0
38468969,9218,0,2,0,0,0,0,0,0,0,0,0
38472613,9219,0,2,0,0,0,0,0,0,0,0,0
38476257,9220,0,2,0,0,0,0,0,0,0,0,0
38479902,9221,0,2,0,0,0,0,0,0,0,0,0
38483545,9222,0,2,0,0,0,0,0,0,0,0,0
38487190,9223,0,2,0,0,0,0,0,0,0,0,0
38490833,9224,0,2,0,0,0,0,0,0,0,0,0
38494477,9225,0,2,0,0,0,0,0,0,0,0,0
38498122,9226,0,2,0,0,0,0,0,0,0,0,0
38501765,9227,0,2,0,0,0,0,0,0,0,0,0
38505409,9228,0,2,0,0,0,0,0,0,0,0,0
38509054,9229,0,2,0,0,0,0,0,0,0,0,0
38512697,9230,0,2,0,0,0,0,0,0,0,0,0
38516342,9231,0,2,0,0,0,0,0,0,0,0,0
38519985,9232,0,2,0,0,0,0,0,0,0,0,0
38523629,9233,0,2,0,0,0,0,0,0,0,0,0
38527273,9234,0,2,0,0,0,0,0,0,0,0,0
38530917,9235,0,2,0,0,0,0,0,0,0,0,0
38534561,9236,0,2,0,0,0,0,0,0,0,0,0
38538205,9237,0,2,0,0,0,0,0,0,0,0,0
38541849,9238,0,2,0,0,0,0,0,0,0,0,0
38545493,9239,0,2,0,0,0,0,0,0,0,0,0
38549137,9240,0,2,0,0,0,0,0,0,0,0,0
38552782,9241,0,2,0,0,0,0,0,0,0,0,0
38556425,9242,0,2,0,0,0,0,0,0,0,0,0
38560070,9243,0,2,0,0,0,0,0,0,0,0,0
38563713,9244,0,2,0,0,0,0,0,0,0,0,0
38567357,9245,0,2,0,0,0,0,0,0,0,0,0
38571001,9246,0,2,0,0,0,0,0,0,0,0,0
38574645,9247,0,2,0,0,0,0,0,0,0,0,0
38578289,9248,0,2,0,0,0,0,0,0,0,0,0
38581933,9249,0,2,0,0,0,0,0,0,0,0,0
38585577,9250,0,2,0,0,0,0,0,0,0,0,0
38589222,9251,0,2,0,0,0,0,0,0,0,0,0
38592865,9252,0,2,0,0,0,0,0,0,0,0,0
38596509,9253,0,2,0,0,0,0,0,0,0,0,0
38600153,9254,0,2,0,0,0,0,0,0,0,0,0
38603797,9255,0,2,0,0,0,0,0,0,0,0,0
38607441,9256,0,2,0,0,0,0,0,0,0,0,0
38611085,9257,0,2,0,0,0,0,0,0,0,0,0
38614729,9258,0,2,0,0,0,0,0,0,0,0,0
38618373,9259,0,2,0,0,0,0,0,0,0,0,0
38622018,9260,0,2,0,0,0,0,0,0,0,0,0
38625662,9261,0,2,0,0,0,0,0,0,0,0,0
38629306,9262,0,2,0,0,0,0,0,0,0,0,0
38632949,9263,0,2,0,0,0,0,0,0,0,0,0
38636593,9264,0,2,0,0,0,0,0,0,0,0,0
38640237,9265,0,2,0,0,0,0,0,0,0,0,0
38643881,9266,0,2,0,0,0,0,0,0,0,0,0
38647525,9267,0,2,0,0,0,0,0,0,0,0,0
38651170,9268,0,2,0,0,0,0,0,0,0,0,0
38654813,9269,0,2,0,0,0,0,0,0,0,0,0
38658457,9270,0,2,0,0,0,0,0,0,0,0,0
38662102,9271,0,2,0,0,0,0,0,0,0,0,0
38665745,9272,0,2,0,0,0,0,0,0,0,0,0
38669389,9273,0,2,0,0,0,0,0,0,0,0,0
38673033,9274,0,2,0,0,0,0,0,0,0,0,0
38676677,9275,0,2,0,0,0,0,0,0,0,0,0
38680321,9276,0,2,0,0,0,0,0,0,0,0,0
38683965,9277,0,2,0,0,0,0,0,0,0,0,0
38687609,9278,0,2,0,0,0,0,0,0,0,0,0
38691253,9279,0,2,0,0,0,0,0,0,0,0,0
38694897,9280,0,2,0,0,0,0,0,0,0,0,0
38698542,9281,0,2,0,0,0,0,0,0,0,0,0
38702186,9282,0,2,0,0,0,0,0,0,0,0,0
38705829,9283,0,2,0,0,0,0,0,0,0,0,0
38709473,9284,0,2,0,0,0,0,0,0,0,0,0
38713118,9285,0,2,0,0,0,0,0,0,0,0,0
38716761,9286,0,2,0,0,0,0,0,0,0,0,0
38720405,9287,0,2,0,0,0,0,0,0,0,0,0
38724049,9288,0,2,0,0,0,0,0,0,0,0,0
38727693,9289,0,2,0,0,0,0,0,0,0,0,0
38731338,9290,0,2,0,0,0,0,0,0,0,0,0
38734982,9291,0,2,0,0,0,0,0,0,0,0,0
38738625,9292,0,2,0,0,0,0,0,0,0,0,0
38742269,9293,0,2,0,0,0,0,0,0,0,0,0
38745913,9294,0,2,0,0,0,0,0,0,0,0,0
38749557,9295,0,2,0,0,0,0,0,0,0,0,0
38753202,9296,0,2,0,0,0,0,0,0,0,0,0
38756845,9297,0,2,0,0,0,0,0,0,0,0,0
38760489,9298,0,2,0,0,0,0,0,0,0,0,0
38764133,9299,0,2,0,0,0,0,0,0,0,0,0
38767777,9300,0,2,0,0,0,0,0,0,0,0,0
38771422,9301,0,2,0,0,0,0,0,0,0,0,0
38775065,9302,0,2,0,0,0,0,0,0,0,0,0
38778709,9303,0,2,0,0,0,0,0,0,0,0,0
38782353,9304,0,2,0,0,0,0,0,0,0,0,0
38785997,9305,0,2,0,0,0,0,0,0,0,0,0
38789641,9306,0,2,0,0,0,0,0,0,0,0,0
38793285,9307,0,2,0,0,0,0,0,0,0,0,0
38801811,9308,0,2,0,0,0,0,0,0,0,0,0
38805443,9309,0,2,0,0,0,0,0,0,0,0,0
38809087,9310,0,2,0,0,0,0,0,0,0,0,0
38812732,9311,0,2,0,0,0,0,0,0,0,0,0
38816376,9312,0,2,0,0,0,0,0,0,0,0,0
38820020,9313,0,2,0,0,0,0,0,0,0,0,0
38823663,9314,0,2,0,0,0,0,0,0,0,0,0
38827308,9315,0,2,0,0,0,0,0,0,0,0,0
38830951,9316,0,2,0,0,0,0,0,0,0,0,0
38834595,9317,0,2,0,0,0,0,0,0,0,0,0
38838239,9318,0,2,0,0,0,0,0,0,0,0,0
38841883,9319,0,2,0,0,0,0,0,0,0,0,0
38845527,9320,0,2,0,0,0,0,0,0,0,0,0
38849172,9321,0,2,0,0,0,0,0,0,0,0,0
38852815,9322,0,2,0,0,0,0,0,0,0,0,0
38856459,9323,0,2,0,0,0,0,0,0,0,0,0
38860103,9324,0,2,0,0,0,0,0,0,0,0,0
38863747,9325,0,2,0,0,0,0,0,0,0,0,0
38867391,9326,0,2,0,0,0,0,0,0,0,0,0
38871036,9327,0,2,0,0,0,0,0,0,0,0,0
38874679,9328,0,2,0,0,0,0,0,0,0,0,0
38878323,9329,0,2,0,0,0,0,0,0,0,0,0
38881967,9330,0,2,0,0,0,0,0,0,0,0,0
38885612,9331,0,2,0,0,0,0,0,0,0,0,0
38889255,9332,0,2,0,0,0,0,0,0,0,0,0
38892899,9333,0,2,0,0,0,0,0,0,0,0,0
38896543,9334,0,2,0,0,0,0,0,0,0,0,0
38900188,9335,0,2,0,0,0,0,0,0,0,0,0
38903831,9336,0,2,0,0,0,0,0,0,0,0,0
38907475,9337,0,2,0,0,0,0,0,0,0,0,0
38911119,9338,0,2,0,0,0,0,0,0,0,0,0
38914763,9339,0,2,0,0,0,0,0,0,0,0,0
38918407,9340,0,2,0,0,0,0,0,0,0,0,0
38922052,9341,0,2,0,0,0,0,0,0,0,0,0
38925695,9342,0,2,0,0,0,0,0,0,0,0,0
38929339,9343,0,2,0,0,0,0,0,0,0,0,0
38932983,9344,0,2,0,0,0,0,0,0,0,0,0
38936627,9345,0,2,0,0,0,0,0,0,0,0,0
38940271,9346,0,2,0,0,0,0,0,0,0,0,0
38943915,9347,0,2,0,0,0,0,0,0,0,0,0
38947559,9348,0,2,0,0,0,0,0,0,0,0,0
38951203,9349,0,2,0,0,0,0,0,0,0,0,0
38954847,9350,0,2,0,0,0,0,0,0,0,0,0
38958492,9351,0,2,0,0,0,0,0,0,0,0,0
38962136,9352,0,2,0,0,0,0,0,0,0,0,0
38965779,9353,0,2,0,0,0,0,0,0,0,0,0
38969423,9354,0,2,0,0,0,0,0,0,0,0,0
38973068,9355,0,2,0,0,0,0,0,0,0,0,0
38976711,9356,0,2,0,0,0,0,0,0,0,0,0
38980355,9357,0,2,0,0,0,0,0,0,0,0,0
38983999,9358,0,2,0,0,0,0,0,0,0,0,0
38987643,9359,0,2,0,0,0,0,0,0,0,0,0
38991287,9360,0,2,0,0,0,0,0,0,0,0,0
38994932,9361,0,2,0,0,0,0,0,0,0,0,0
38998575,9362,0,2,0,0,0,0,0,0,0,0,0
39002219,9363,0,2,0,0,0,0,0,0,0,0,0
39005863,9364,0,2,0,0,0,0,0,0,0,0,0
39009507,9365,0,2,0,0,0,0,0,0,0,0,0
39013151,9366,0,2,0,0,0,0,0,0,0,0,0
39016795,9367,0,2,0,0,0,0,0,0,0,0,0
39020439,9368,0,2,0,0,0,0,0,0,0,0,0
39024083,9369,0,2,0,0,0,0,0,0,0,0,0
39027727,9370,0,2,0,0,0,0,0,0,0,0,0
39031372,9371,0,2,0,0,0,0,0,0,0,0,0
39035015,9372,0,2,0,0,0,0,0,0,0,0,0
39038659,9373,0,2,0,0,0,0,0,0,0,0,0
39042303,9374,0,2,0,0,0,0,0,0,0,0,0
39045947,9375,0,2,0,0,0,0,0,0,0,0,0
39049591,9376,0,2,0,0,0,0,0,0,0,0,0
39053236,9377,0,2,0,0,0,0,0,0,0,0,0
39056879,9378,0,2,0,0,0,0,0,0,0,0,0
39060523,9379,0,2,0,0,0,0,0,0,0,0,0
39064167,9380,0,2,0,0,0,0,0,0,0,0,0
39067812,9381,0,2,0,0,0,0,0,0,0,0,0
39071455,9382,0,2,0,0,0,0,0,0,0,0,0
39075100,9383,0,2,0,0,0,0,0,0,0,0,0
39078743,9384,0,2,0,0,0,0,0,0,0,0,0
39082387,9385,0,2,0,0,0,0,0,0,0,0,0
39086032,9386,0,2,0,0,0,0,0,0,0,0,0
39089675,9387,0,2,0,0,0,0,0,0,0,0,0
39093319,9388,0,2,0,0,0,0,0,0,0,0,0
39096963,9389,0,2,0,0,0,0,0,0,0,0,0
39100607,9390,0,2,0,0,0,0,0,0,0,0,0
39104252,9391,0,2,0,0,0,0,0,0,0,0,0
39107895,9392,0,2,0,0,0,0,0,0,0,0,0
39111539,9393,0,2,0,0,0,0,0,0,0,0,0
39115184,9394,0,2,0,0,0,0,0,0,0,0,0
39118827,9395,0,2,0,0,0,0,0,0,0,0,0
39122471,9396,0,2,0,0,0,0,0,0,0,0,0
39126115,9397,0,2,0,0,0,0,0,0,0,0,0
39129759,9398,0,2,0,0,0,0,0,0,0,0,0
39133403,9399,0,2,0,0,0,0,0,0,0,0,0
39137048,9400,0,2,0,0,0,0,0,0,0,0,0
39140692,9401,0,2,0,0,0,0,0,0,0,0,0
39144335,9402,0,2,0,0,0,0,0,0,0,0,0
39147979,9403,0,2,0,0,0,0,0,0,0,0,0
39151623,9404,0,2,0,0,0,0,0,0,0,0,0
39155267,9405,0,2,0,0,0,0,0,0,0,0,0
39158911,9406,0,2,0,0,0,0,0,0,0,0,0
39162555,9407,0,2,0,0,0,0,0,0,0,0,0
39166199,9408,0,2,0,0,0,0,0,0,0,0,0
39169843,9409,0,2,0,0,0,0,0,0,0,0,0
39173487,9410,0,2,0,0,0,0,0,0,0,0,0
39177132,9411,0,2,0,0,0,0,0,0,0,0,0
39180775,9412,0,2,0,0,0,0,0,0,0,0,0
39184419,9413,0,2,0,0,0,0,0,0,0,0,0
39188064,9414,0,2,0,0,0,0,0,0,0,0,0
39191707,9415,0,2,0,0,0,0,0,0,0,0,0
39195351,9416,0,2,0,0,0,0,0,0,0,0,0
39198995,9417,0,2,0,0,0,0,0,0,0,0,0
39202639,9418,0,2,0,0,0,0,0,0,0,0,0
39206283,9419,0,2,0,0,0,0,0,0,0,0,0
39209927,9420,0,2,0,0,0,0,0,0,0,0,0
39213572,9421,0,2,0,0,0,0,0,0,0,0,0
39217215,9422,0,2,0,0,0,0,0,0,0,0,0
39220859,9423,0,2,0,0,0,0,0,0,0,0,0
39224503,9424,0,2,0,0,0,0,0,0,0,0,0
39228148,9425,0,2,0,0,0,0,0,0,0,0,0
39231791,9426,0,2,0,0,0,0,0,0,0,0,0
39235435,9427,0,2,0,0,0,0,0,0,0,0,0
39239080,9428,0,2,0,0,0,0,0,0,0,0,0
39242723,9429,0,2,0,0,0,0,0,0,0,0,0
39246367,9430,0,2,0,0,0,0,0,0,0,0,0
39250012,9431,0,2,0,0,0,0,0,0,0,0,0
39253655,9432,0,2,0,0,0,0,0,0,0,0,0
39257299,9433,0,2,0,0,0,0,0,0,0,0,0
39260943,9434,0,2,0,0,0,0,0,0,0,0,0
39264587,9435,0,2,0,0,0,0,0,0,0,0,0
39268231,9436,0,2,0,0,0,0,0,0,0,0,0
39271875,9437,0,2,0,0,0,0,0,0,0,0,0
39275519,9438,0,2,0,0,0,0,0,0,0,0,0
39279164,9439,0,2,0,0,0,0,0,0,0,0,0
39282807,9440,0,2,0,0,0,0,0,0,0,0,0
39286452,9441,0,2,0,0,0,0,0,0,0,0,0
39290096,9442,0,2,0,0,0,0,0,0,0,0,0
39293739,9443,0,2,0,0,0,0,0,0,0,0,0
39297383,9444,0,2,0,0,0,0,0,0,0,0,0
39301027,9445,0,2,0,0,0,0,0,0,0,0,0
39304671,9446,0,2,0,0,0,0,0,0,0,0,0
39308316,9447,0,2,0,0,0,0,0,0,0,0,0
39311959,9448,0,2,0,0,0,0,0,0,0,0,0
39315603,9449,0,2,0,0,0,0,0,0,0,0,0
39319247,9450,0,2,0,0,0,0,0,0,0,0,0
39322892,9451,0,2,0,0,0,0,0,0,0,0,0
39326535,9452,0,2,0,0,0,0,0,0,0,0,0
39330180,9453,0,2,0,0,0,0,0,0,0,0,0
39333823,9454,0,2,0,0,0,0,0,0,0,0,0
39337467,9455,0,2,0,0,0,0,0,0,0,0,0
39341111,9456,0,2,0,0,0,0,0,0,0,0,0
39344755,9457,0,2,0,0,0,0,0,0,0,0,0
39348399,9458,0,2,0,0,0,0,0,0,0,0,0
39352043,9459,0,2,0,0,0,0,0,0,0,0,0
39355687,9460,0,2,0,0,0,0,0,0,0,0,0
39359332,9461,0,2,0,0,0,0,0,0,0,0,0
39362975,9462,0,2,0,0,0,0,0,0,0,0,0
39366619,9463,0,2,0,0,0,0,0,0,0,0,0
39370263,9464,0,2,0,0,0,0,0,0,0,0,0
39373907,9465,0,2,0,0,0,0,0,0,0,0,0
39377551,9466,0,2,0,0,0,0,0,0,0,0,0
39381195,9467,0,2,0,0,0,0,0,0,0,0,0
39384839,9468,0,2,0,0,0,0,0,0,0,0,0
39388483,9469,0,2,0,0,0,0,0,0,0,0,0
39392127,9470,0,2,0,0,0,0,0,0,0,0,0
39395772,9471,0,2,0,0,0,0,0,0,0,0,0
39399415,9472,0,2,0,0,0,0,0,0,0,0,0
39403060,9473,0,2,0,0,0,0,0,0,0,0,0
39406703,9474,0,2,0,0,0,0,0,0,0,0,0
39410348,9475,0,2,0,0,0,0,0,0,0,0,0
39413991,9476,0,2,0,0,0,0,0,0,0,0,0
39417635,9477,0,2,0,0,0,0,0,0,0,0,0
39421279,9478,0,2,0,0,0,0,0,0,0,0,0
39424923,9479,0,2,0,0,0,0,0,0,0,0,0
39428567,9480,0,2,0,0,0,0,0,0,0,0,0
39432212,9481,0,2,0,0,0,0,0,0,0,0,0
39435855,9482,0,2,0,0,0,0,0,0,0,0,0
39439499,9483,0,2,0,0,0,0,0,0,0,0,0
39443143,9484,0,2,0,0,0,0,0,0,0,0,0
39446787,9485,0,2,0,0,0,0,0,0,0,0,0
39450431,9486,0,2,0,0,0,0,0,0,0,0,0
39454075,9487,0,2,0,0,0,0,0,0,0,0,0
39457719,9488,0,2,0,0,0,0,0,0,0,0,0
39461363,9489,0,2,0,0,0,0,0,0,0,0,0
39465008,9490,0,2,0,0,0,0,0,0,0,0,0
39468652,9491,0,2,0,0,0,0,0,0,0,0,0
39472295,9492,0,2,0,0,0,0,0,0,0,0,0
39475939,9493,0,2,0,0,0,0,0,0,0,0,0
39479583,9494,0,2,0,0,0,0,0,0,0,0,0
39483228,9495,0,2,0,0,0,0,0,0,0,0,0
39486871,9496,0,2,0,0,0,0,0,0,0,0,0
39490515,9497,0,2,0,0,0,0,0,0,0,0,0
39494159,9498,0,2,0,0,0,0,0,0,0,0,0
39497803,9499,0,2,0,0,0,0,0,0,0,0,0
39501447,9500,0,2,0,0,0,0,0,0,0,0,0
39505092,9501,0,2,0,0,0,0,0,0,0,0,0
39508735,9502,0,2,0,0,0,0,0,0,0,0,0
39512379,9503,0,2,0,0,0,0,0,0,0,0,0
39516023,9504,0,2,0,0,0,0,0,0,0,0,0
39519667,9505,0,2,0,0,0,0,0,0,0,0,0
39523311,9506,0,2,0,0,0,0,0,0,0,0,0
39526955,9507,0,2,0,0,0,0,0,0,0,0,0
39530599,9508,0,2,0,0,0,0,0,0,0,0,0
39534243,9509,0,2,0,0,0,0,0,0,0,0,0
39537887,9510,0,2,0,0,0,0,0,0,0,0,0
39541532,9511,0,2,0,0,0,0,0,0,0,0,0
39545176,9512,0,2,0,0,0,0,0,0,0,0,0
39548819,9513,0,2,0,0,0,0,0,0,0,0,0
39552463,9514,0,2,0,0,0,0,0,0,0,0,0
39556107,9515,0,2,0,0,0,0,0,0,0,0,0
39559751,9516,0,2,0,0,0,0,0,0,0,0,0
39563395,9517,0,2,0,0,0,0,0,0,0,0,0
39567039,9518,0,2,0,0,0,0,0,0,0,0,0
39570683,9519,0,2,0,0,0,0,0,0,0,0,0
39574327,9520,0,2,0,0,0,0,0,0,0,0,0
39577972,9521,0,2,0,0,0,0,0,0,0,0,0
39581615,9522,0,2,0,0,0,0,0,0,0,0,0
39585259,9523,0,2,0,0,0,0,0,0,0,0,0
39588903,9524,0,2,0,0,0,0,0,0,0,0,0
39592547,9525,0,2,0,0,0,0,0,0,0,0,0
39596191,9526,0,2,0,0,0,0,0,0,0,0,0
39599835,9527,0,2,0,0,0,0,0,0,0,0,0
39603479,9528,0,2,0,0,0,0,0,0,0,0,0
39607124,9529,0,2,0,0,0,0,0,0,0,0,0
39610767,9530,0,2,0,0,0,0,0,0,0,0,0
39614412,9531,0,2,0,0,0,0,0,0,0,0,0
39618055,9532,0,2,0,0,0,0,0,0,0,0,0
39621699,9533,0,2,0,0,0,0,0,0,0,0,0
39625343,9534,0,2,0,0,0,0,0,0,0,0,0
39635664,9535,0,2,0,0,0,0,0,0,0,0,0
39639296,9536,0,2,0,0,0,0,0,0,0,0,0
39642940,9537,0,2,0,0,0,0,0,0,0,0,0
39646584,9538,0,2,0,0,0,0,0,0,0,0,0
39650228,9539,0,2,0,0,0,0,0,0,0,0,0
39653872,9540,0,2,0,0,0,0,0,0,0,0,0
39657517,9541,0,2,0,0,0,0,0,0,0,0,0
39661161,9542,0,2,0,0,0,0,0,0,0,0,0
39664804,9543,0,2,0,0,0,0,0,0,0,0,0
39668448,9544,0,2,0,0,0,0,0,0,0,0,0
39672093,9545,0,2,0,0,0,0,0,0,0,0,0
39675736,9546,0,2,0,0,0,0,0,0,0,0,0
39679380,9547,0,2,0,0,0,0,0,0,0,0,0
39683025,9548,0,2,0,0,0,0,0,0,0,0,0
39686668,9549,0,2,0,0,0,0,0,0,0,0,0
39690313,9550,0,2,0,0,0,0,0,0,0,0,0
39693957,9551,0,2,0,0,0,0,0,0,0,0,0
39697600,9552,0,2,0,0,0,0,0,0,0,0,0
39701244,9553,0,2,0,0,0,0,0,0,0,0,0
39704888,9554,0,2,0,0,0,0,0,0,0,0,0
39708532,9555,0,2,0,0,0,0,0,0,0,0,0
39712176,9556,0,2,0,0,0,0,0,0,0,0,0
39715820,9557,0,2,0,0,0,0,0,0,0,0,0
39719464,9558,0,2,0,0,0,0,0,0,0,0,0
39723109,9559,0,2,0,0,0,0,0,0,0,0,0
39726752,9560,0,2,0,0,0,0,0,0,0,0,0
39730397,9561,0,2,0,0,0,0,0,0,0,0,0
39734041,9562,0,2,0,0,0,0,0,0,0,0,0
39737684,9563,0,2,0,0,0,0,0,0,0,0,0
39741328,9564,0,2,0,0,0,0,0,0,0,0,0
39744972,9565,0,2,0,0,0,0,0,0,0,0,0
39748616,9566,0,2,0,0,0,0,0,0,0,0,0
39752260,9567,0,2,0,0,0,0,0,0,0,0,0
39755904,9568,0,2,0,0,0,0,0,0,0,0,0
39759548,9569,0,2,0,0,0,0,0,0,0,0,0
39763192,9570,0,2,0,0,0,0,0,0,0,0,0
39766837,9571,0,2,0,0,0,0,0,0,0,0,0
39770480,9572,0,2,0,0,0,0,0,0,0,0,0
39774124,9573,0,2,0,0,0,0,0,0,0,0,0
39777768,9574,0,2,0,0,0,0,0,0,0,0,0
39781412,9575,0,2,0,0,0,0,0,0,0,0,0
39785057,9576,0,2,0,0,0,0,0,0,0,0,0
39788700,9577,0,2,0,0,0,0,0,0,0,0,0
39792345,9578,0,2,0,0,0,0,0,0,0,0,0
39795988,9579,0,2,0,0,0,0,0,0,0,0,0
39799632,9580,0,2,0,0,0,0,0,0,0,0,0
39803277,9581,0,2,0,0,0,0,0,0,0,0,0
39806920,9582,0,2,0,0,0,0,0,0,0,0,0
39810564,9583,0,2,0,0,0,0,0,0,0,0,0
39814209,9584,0,2,0,0,0,0,0,0,0,0,0
39817852,9585,0,2,0,0,0,0,0,0,0,0,0
39821496,9586,0,2,0,0,0,0,0,0,0,0,0
39825141,9587,0,2,0,0,0,0,0,0,0,0,0
39828784,9588,0,2,0,0,0,0,0,0,0,0,0
39832428,9589,0,2,0,0,0,0,0,0,0,0,0
39836073,9590,0,2,0,0,0,0,0,0,0,0,0
39839717,9591,0,2,0,0,0,0,0,0,0,0,0
39843361,9592,0,2,0,0,0,0,0,0,0,0,0
39847004,9593,0,2,0,0,0,0,0,0,0,0,0
39850648,9594,0,2,0,0,0,0,0,0,0,0,0
39854292,9595,0,2,0,0,0,0,0,0,0,0,0
39857936,9596,0,2,0,0,0,0,0,0,0,0,0
39861580,9597,0,2,0,0,0,0,0,0,0,0,0
39865224,9598,0,2,0,0,0,0,0,0,0,0,0
39868868,9599,0,2,0,0,0,0,0,0,0,0,0
39872512,9600,0,2,0,0,0,0,0,0,0,0,0
39876157,9601,0,2,0,0,0,0,0,0,0,0,0
39879800,9602,0,2,0,0,0,0,0,0,0,0,0
39883444,9603,0,2,0,0,0,0,0,0,0,0,0
39887089,9604,0,2,0,0,0,0,0,0,0,0,0
39890732,9605,0,2,0,0,0,0,0,0,0,0,0
39894376,9606,0,2,0,0,0,0,0,0,0,0,0
39898020,9607,0,2,0,0,0,0,0,0,0,0,0
39901664,9608,0,2,0,0,0,0,0,0,0,0,0
39905309,9609,0,2,0,0,0,0,0,0,0,0,0
39908952,9610,0,2,0,0,0,0,0,0,0,0,0
39912597,9611,0,2,0,0,0,0,0,0,0,0,0
39916240,9612,0,2,0,0,0,0,0,0,0,0,0
39919884,9613,0,2,0,0,0,0,0,0,0,0,0
39923528,9614,0,2,0,0,0,0,0,0,0,0,0
39927172,9615,0,2,0,0,0,0,0,0,0,0,0
39930816,9616,0,2,0,0,0,0,0,0,0,0,0
39934460,9617,0,2,0,0,0,0,0,0,0,0,0
39938105,9618,0,2,0,0,0,0,0,0,0,0,0
39941748,9619,0,2,0,0,0,0,0,0,0,0,0
39945392,9620,0,2,0,0,0,0,0,0,0,0,0
39949037,9621,0,2,0,0,0,0,0,0,0,0,0
39952680,9622,0,2,0,0,0,0,0,0,0,0,0
39956324,9623,0,2,0,0,0,0,0,0,0,0,0
39959968,9624,0,2,0,0,0,0,0,0,0,0,0
39963612,9625,0,2,0,0,0,0,0,0,0,0,0
39967256,9626,0,2,0,0,0,0,0,0,0,0,0
39970900,9627,0,2,0,0,0,0,0,0,0,0,0
39974544,9628,0,2,0,0,0,0,0,0,0,0,0
39978189,9629,0,2,0,0,0,0,0,0,0,0,0
39981832,9630,0,2,0,0,0,0,0,0,0,0,0
39985477,9631,0,2,0,0,0,0,0,0,0,0,0
39989121,9632,0,2,0,0,0,0,0,0,0,0,0
39992764,9633,0,2,0,0,0,0,0,0,0,0,0
39996408,9634,0,2,0,0,0,0,0,0,0,0,0
40000052,9635,0,2,0,0,0,0,0,0,0,0,0
40003696,9636,0,2,0,0,0,0,0,0,0,0,0
40007341,9637,0,2,0,0,0,0,0,0,0,0,0
40010984,9638,0,2,0,0,0,0,0,0,0,0,0
40014628,9639,0,2,0,0,0,0,0,0,0,0,0
40018272,9640,0,2,0,0,0,0,0,0,0,0,0
40021917,9641,0,2,0,0,0,0,0,0,0,0,0
40025560,9642,0,2,0,0,0,0,0,0,0,0,0
40029204,9643,0,2,0,0,0,0,0,0,0,0,0
40032848,9644,0,2,0,0,0,0,0,0,0,0,0
40036492,9645,0,2,0,0,0,0,0,0,0,0,0
40040137,9646,0,2,0,0,0,0,0,0,0,0,0
40043780,9647,0,2,0,0,0,0,0,0,0,0,0
40047424,9648,0,2,0,0,0,0,0,0,0,0,0
40051068,9649,0,2,0,0,0,0,0,0,0,0,0
40054712,9650,0,2,0,0,0,0,0,0,0,0,0
40058357,9651,0,2,0,0,0,0,0,0,0,0,0
40062000,9652,0,2,0,0,0,0,0,0,0,0,0
40065644,9653,0,2,0,0,0,0,0,0,0,0,0
40069288,9654,0,2,0,0,0,0,0,0,0,0,0
40072932,9655,0,2,0,0,0,0,0,0,0,0,0
40076576,9656,0,2,0,0,0,0,0,0,0,0,0
40080220,9657,0,2,0,0,0,0,0,0,0,0,0
40083864,9658,0,2,0,0,0,0,0,0,0,0,0
40087508,9659,0,2,0,0,0,0,0,0,0,0,0
40091153,9660,0,2,0,0,0,0,0,0,0,0,0
40094797,9661,0,2,0,0,0,0,0,0,0,0,0
40098440,9662,0,2,0,0,0,0,0,0,0,0,0
40102084,9663,0,2,0,0,0,0,0,0,0,0,0
40105728,9664,0,2,0,0,0,0,0,0,0,0,0
40109372,9665,0,2,0,0,0,0,0,0,0,0,0
40113017,9666,0,2,0,0,0,0,0,0,0,0,0
40116660,9667,0,2,0,0,0,0,0,0,0,0,0
40120304,9668,0,2,0,0,0,0,0,0,0,0,0
40123948,9669,0,2,0,0,0,0,0,0,0,0,0
40127592,9670,0,2,0,0,0,0,0,0,0,0,0
40131237,9671,0,2,0,0,0,0,0,0,0,0,0
40134880,9672,0,2,0,0,0,0,0,0,0,0,0
40138524,9673,0,2,0,0,0,0,0,0,0,0,0
40142169,9674,0,2,0,0,0,0,0,0,0,0,0
40145812,9675,0,2,0,0,0,0,0,0,0,0,0
40149456,9676,0,2,0,0,0,0,0,0,0,0,0
40153100,9677,0,2,0,0,0,0,0,0,0,0,0
40156744,9678,0,2,0,0,0,0,0,0,0,0,0
40160388,9679,0,2,0,0,0,0,0,0,0,0,0
40164033,9680,0,2,0,0,0,0,0,0,0,0,0
40167677,9681,0,2,0,0,0,0,0,0,0,0,0
40171320,9682,0,2,0,0,0,0,0,0,0,0,0
40174964,9683,0,2,0,0,0,0,0,0,0,0,0
40178608,9684,0,2,0,0,0,0,0,0,0,0,0
40182253,9685,0,2,0,0,0,0,0,0,0,0,0
40185896,9686,0,2,0,0,0,0,0,0,0,0,0
40189540,9687,0,2,0,0,0,0,0,0,0,0,0
40193184,9688,0,2,0,0,0,0,0,0,0,0,0
40196828,9689,0,2,0,0,0,0,0,0,0,0,0
40200472,9690,0,2,0,0,0,0,0,0,0,0,0
40204117,9691,0,2,0,0,0,0,0,0,0,0,0
40207760,9692,0,2,0,0,0,0,0,0,0,0,0
40211404,9693,0,2,0,0,0,0,0,0,0,0,0
40215048,9694,0,2,0,0,0,0,0,0,0,0,0
40218692,9695,0,2,0,0,0,0,0,0,0,0,0
40222336,9696,0,2,0,0,0,0,0,0,0,0,0
40225980,9697,0,2,0,0,0,0,0,0,0,0,0
40229624,9698,0,2,0,0,0,0,0,0,0,0,0
40233268,9699,0,2,0,0,0,0,0,0,0,0,0
40236912,9700,0,2,0,0,0,0,0,0,0,0,0
40240557,9701,0,2,0,0,0,0,0,0,0,0,0
40244201,9702,0,2,0,0,0,0,0,0,0,0,0
40247844,9703,0,2,0,0,0,0,0,0,0,0,0
40251488,9704,0,2,0,0,0,0,0,0,0,0,0
40255133,9705,0,2,0,0,0,0,0,0,0,0,0
40258776,9706,0,2,0,0,0,0,0,0,0,0,0
40262420,9707,0,2,0,0,0,0,0,0,0,0,0
40266064,9708,0,2,0,0,0,0,0,0,0,0,0
40269708,9709,0,2,0,0,0,0,0,0,0,0,0
40273352,9710,0,2,0,0,0,0,0,0,0,0,0
40276997,9711,0,2,0,0,0,0,0,0,0,0,0
40280640,9712,0,2,0,0,0,0,0,0,0,0,0
40284284,9713,0,2,0,0,0,0,0,0,0,0,0
40287928,9714,0,2,0,0,0,0,0,0,0,0,0
40291572,9715,0,2,0,0,0,0,0,0,0,0,0
40295216,9716,0,2,0,0,0,0,0,0,0,0,0
40298860,9717,0,2,0,0,0,0,0,0,0,0,0
40302504,9718,0,2,0,0,0,0,0,0,0,0,0
40306149,9719,0,2,0,0,0,0,0,0,0,0,0
40309792,9720,0,2,0,0,0,0,0,0,0,0,0
40313437,9721,0,2,0,0,0,0,0,0,0,0,0
40317081,9722,0,2,0,0,0,0,0,0,0,0,0
40320724,9723,0,2,0,0,0,0,0,0,0,0,0
40324368,9724,0,2,0,0,0,0,0,0,0,0,0
40328013,9725,0,2,0,0,0,0,0,0,0,0,0
40331656,9726,0,2,0,0,0,0,0,0,0,0,0
40335301,9727,0,2,0,0,0,0,0,0,0,0,0
40338944,9728,0,2,0,0,0,0,0,0,0,0,0
40342588,9729,0,2,0,0,0,0,0,0,0,0,0
40346232,9730,0,2,0,0,0,0,0,0,0,0,0
40349877,9731,0,2,0,0,0,0,0,0,0,0,0
40353520,9732,0,2,0,0,0,0,0,0,0,0,0
40357164,9733,0,2,0,0,0,0,0,0,0,0,0
40360808,9734,0,2,0,0,0,0,0,0,0,0,0
40364452,9735,0,2,0,0,0,0,0,0,0,0,0
40368097,9736,0,2,0,0,0,0,0,0,0,0,0
40371740,9737,0,2,0,0,0,0,0,0,0,0,0
40375384,9738,0,2,0,0,0,0,0,0,0,0,0
40379029,9739,0,2,0,0,0,0,0,0,0,0,0
40382672,9740,0,2,0,0,0,0,0,0,0,0,0
40386317,9741,0,2,0,0,0,0,0,0,0,0,0
40389960,9742,0,2,0,0,0,0,0,0,0,0,0
40393604,9743,0,2,0,0,0,0,0,0,0,0,0
40397248,9744,0,2,0,0,0,0,0,0,0,0,0
40400892,9745,0,2,0,0,0,0,0,0,0,0,0
40404536,9746,0,2,0,0,0,0,0,0,0,0,0
40408181,9747,0,2,0,0,0,0,0,0,0,0,0
40411824,9748,0,2,0,0,0,0,0,0,0,0,0
40415468,9749,0,2,0,0,0,0,0,0,0,0,0
40419112,9750,0,2,0,0,0,0,0,0,0,0,0
40422757,9751,0,2,0,0,0,0,0,0,0,0,0
40426400,9752,0,2,0,0,0,0,0,0,0,0,0
40430045,9753,0,2,0,0,0,0,0,0,0,0,0
40433688,9754,0,2,0,0,0,0,0,0,0,0,0
40437332,9755,0,2,0,0,0,0,0,0,0,0,0
40440976,9756,0,2,0,0,0,0,0,0,0,0,0
40444620,9757,0,2,0,0,0,0,0,0,0,0,0
40448264,9758,0,2,0,0,0,0,0,0,0,0,0
40451908,9759,0,2,0,0,0,0,0,0,0,0,0
40455552,9760,0,2,0,0,0,0,0,0,0,0,0
40459197,9761,0,2,0,0,0,0,0,0,0,0,0
40467325,9762,0,2,0,0,0,0,0,0,0,0,0
40470956,9763,0,2,0,0,0,0,0,0,0,0,0
40474600,9764,0,2,0,0,0,0,0,0,0,0,0
40478245,9765,0,2,0,0,0,0,0,0,0,0,0
40481888,9766,0,2,0,0,0,0,0,0,0,0,0
40485532,9767,0,2,0,0,0,0,0,0,0,0,0
40489176,9768,0,2,0,0,0,0,0,0,0,0,0
40492820,9769,0,2,0,0,0,0,0,0,0,0,0
40496464,9770,0,2,0,0,0,0,0,0,0,0,0
40500109,9771,0,2,0,0,0,0,0,0,0,0,0
40503752,9772,0,2,0,0,0,0,0,0,0,0,0
40507396,9773,0,2,0,0,0,0,0,0,0,0,0
40511040,9774,0,2,0,0,0,0,0,0,0,0,0
40514684,9775,0,2,0,0,0,0,0,0,0,0,0
40518329,9776,0,2,0,0,0,0,0,0,0,0,0
40521972,9777,0,2,0,0,0,0,0,0,0,0,0
40525616,9778,0,2,0,0,0,0,0,0,0,0,0
40529260,9779,0,2,0,0,0,0,0,0,0,0,0
40532904,9780,0,2,0,0,0,0,0,0,0,0,0
40536549,9781,0,2,0,0,0,0,0,0,0,0,0
40540192,9782,0,2,0,0,0,0,0,0,0,0,0
40543836,9783,0,2,0,0,0,0,0,0,0,0,0
40547480,9784,0,2,0,0,0,0,0,0,0,0,0
40551125,9785,0,2,0,0,0,0,0,0,0,0,0
40554768,9786,0,2,0,0,0,0,0,0,0,0,0
40558412,9787,0,2,0,0,0,0,0,0,0,0,0
40562057,9788,0,2,0,0,0,0,0,0,0,0,0
40565700,9789,0,2,0,0,0,0,0,0,0,0,0
40569345,9790,0,2,0,0,0,0,0,0,0,0,0
40572989,9791,0,2,0,0,0,0,0,0,0,0,0
40576632,9792,0,2,0,0,0,0,0,0,0,0,0
40580276,9793,0,2,0,0,0,0,0,0,0,0,0
40583920,9794,0,2,0,0,0,0,0,0,0,0,0
40587564,9795,0,2,0,0,0,0,0,0,0,0,0
40591209,9796,0,2,0,0,0,0,0,0,0,0,0
40594852,9797,0,2,0,0,0,0,0,0,0,0,0
40598496,9798,0,2,0,0,0,0,0,0,0,0,0
40602140,9799,0,2,0,0,0,0,0,0,0,0,0
40605784,9800,0,2,0,0,0,0,0,0,0,0,0
40609429,9801,0,2,0,0,0,0,0,0,0,0,0
40613072,9802,0,2,0,0,0,0,0,0,0,0,0
40616716,9803,0,2,0,0,0,0,0,0,0,0,0
40620360,9804,0,2,0,0,0,0,0,0,0,0,0
40624005,9805,0,2,0,0,0,0,0,0,0,0,0
40627648,9806,0,2,0,0,0,0,0,0,0,0,0
40631292,9807,0,2,0,0,0,0,0,0,0,0,0
40634936,9808,0,2,0,0,0,0,0,0,0,0,0
40638580,9809,0,2,0,0,0,0,0,0,0,0,0
40642224,9810,0,2,0,0,0,0,0,0,0,0,0
40645869,9811,0,2,0,0,0,0,0,0,0,0,0
40649512,9812,0,2,0,0,0,0,0,0,0,0,0
40653156,9813,0,2,0,0,0,0,0,0,0,0,0
40656800,9814,0,2,0,0,0,0,0,0,0,0,0
40660444,9815,0,2,0,0,0,0,0,0,0,0,0
40664089,9816,0,2,0,0,0,0,0,0,0,0,0
40667732,9817,0,2,0,0,0,0,0,0,0,0,0
40671376,9818,0,2,0,0,0,0,0,0,0,0,0
40675020,9819,0,2,0,0,0,0,0,0,0,0,0
40678664,9820,0,2,0,0,0,0,0,0,0,0,0
40682309,9821,0,2,0,0,0,0,0,0,0,0,0
40685952,9822,0,2,0,0,0,0,0,0,0,0,0
40689596,9823,0,2,0,0,0,0,0,0,0,0,0
40693241,9824,0,2,0,0,0,0,0,0,0,0,0
40696884,9825,0,2,0,0,0,0,0,0,0,0,0
40700528,9826,0,2,0,0,0,0,0,0,0,0,0
40704172,9827,0,2,0,0,0,0,0,0,0,0,0
40707816,9828,0,2,0,0,0,0,0,0,0,0,0
40711460,9829,0,2,0,0,0,0,0,0,0,0,0
40715105,9830,0,2,0,0,0,0,0,0,0,0,0
40718749,9831,0,2,0,0,0,0,0,0,0,0,0
40722392,9832,0,2,0,0,0,0,0,0,0,0,0
40726036,9833,0,2,0,0,0,0,0,0,0,0,0
40729680,9834,0,2,0,0,0,0,0,0,0,0,0
40733324,9835,0,2,0,0,0,0,0,0,0,0,0
40736968,9836,0,2,0,0,0,0,0,0,0,0,0
40740612,9837,0,2,0,0,0,0,0,0,0,0,0
40744256,9838,0,2,0,0,0,0,0,0,0,0,0
40747900,9839,0,2,0,0,0,0,0,0,0,0,0
40751544,9840,0,2,0,0,0,0,0,0,0,0,0
40755189,9841,0,2,0,0,0,0,0,0,0,0,0
40758832,9842,0,2,0,0,0,0,0,0,0,0,0
40762476,9843,0,2,0,0,0,0,0,0,0,0,0
40766120,9844,0,2,0,0,0,0,0,0,0,0,0
40769764,9845,0,2,0,0,0,0,0,0,0,0,0
40773408,9846,0,2,0,0,0,0,0,0,0,0,0
40777052,9847,0,2,0,0,0,0,0,0,0,0,0
40780696,9848,0,2,0,0,0,0,0,0,0,0,0
40784341,9849,0,2,0,0,0,0,0,0,0,0,0
40787984,9850,0,2,0,0,0,0,0,0,0,0,0
40791629,9851,0,2,0,0,0,0,0,0,0,0,0
40795272,9852,0,2,0,0,0,0,0,0,0,0,0
40798916,9853,0,2,0,0,0,0,0,0,0,0,0
40802560,9854,0,2,0,0,0,0,0,0,0,0,0
40806204,9855,0,2,0,0,0,0,0,0,0,0,0
40809848,9856,0,2,0,0,0,0,0,0,0,0,0
40813492,9857,0,2,0,0,0,0,0,0,0,0,0
40817137,9858,0,2,0,0,0,0,0,0,0,0,0
40820780,9859,0,2,0,0,0,0,0,0,0,0,0
40824424,9860,0,2,0,0,0,0,0,0,0,0,0
40828069,9861,0,2,0,0,0,0,0,0,0,0,0
40831712,9862,0,2,0,0,0,0,0,0,0,0,0
40835357,9863,0,2,0,0,0,0,0,0,0,0,0
40839000,9864,0,2,0,0,0,0,0,0,0,0,0
40842644,9865,0,2,0,0,0,0,0,0,0,0,0
40846288,9866,0,2,0,0,0,0,0,0,0,0,0
40849932,9867,0,2,0,0,0,0,0,0,0,0,0
40853576,9868,0,2,0,0,0,0,0,0,0,0,0
40857220,9869,0,2,0,0,0,0,0,0,0,0,0
40860864,9870,0,2,0,0,0,0,0,0,0,0,0
40864509,9871,0,2,0,0,0,0,0,0,0,0,0
40868153,9872,0,2,0,0,0,0,0,0,0,0,0
40871796,9873,0,2,0,0,0,0,0,0,0,0,0
40875440,9874,0,2,0,0,0,0,0,0,0,0,0
40879084,9875,0,2,0,0,0,0,0,0,0,0,0
40882728,9876,0,2,0,0,0,0,0,0,0,0,0
40886372,9877,0,2,0,0,0,0,0,0,0,0,0
40890017,9878,0,2,0,0,0,0,0,0,0,0,0
40893660,9879,0,2,0,0,0,0,0,0,0,0,0
40897304,9880,0,2,0,0,0,0,0,0,0,0,0
40900949,9881,0,2,0,0,0,0,0,0,0,0,0
40904592,9882,0,2,0,0,0,0,0,0,0,0,0
40908237,9883,0,2,0,0,0,0,0,0,0,0,0
40911880,9884,0,2,0,0,0,0,0,0,0,0,0
40915524,9885,0,2,0,0,0,0,0,0,0,0,0
40919168,9886,0,2,0,0,0,0,0,0,0,0,0
40922812,9887,0,2,0,0,0,0,0,0,0,0,0
40926456,9888,0,2,0,0,0,0,0,0,0,0,0
40930100,9889,0,2,0,0,0,0,0,0,0,0,0
40933744,9890,0,2,0,0,0,0,0,0,0,0,0
40937389,9891,0,2,0,0,0,0,0,0,0,0,0
40941033,9892,0,2,0,0,0,0,0,0,0,0,0
40944676,9893,0,2,0,0,0,0,0,0,0,0,0
40948320,9894,0,2,0,0,0,0,0,0,0,0,0
40951964,9895,0,2,0,0,0,0,0,0,0,0,0
40955608,9896,0,2,0,0,0,0,0,0,0,0,0
40959253,9897,0,2,0,0,0,0,0,0,0,0,0
40962896,9898,0,2,0,0,0,0,0,0,0,0,0
40966540,9899,0,2,0,0,0,0,0,0,0,0,0
40970184,9900,0,2,0,0,0,0,0,0,0,0,0
40973829,9901,0,2,0,0,0,0,0,0,0,0,0
40977472,9902,0,2,0,0,0,0,0,0,0,0,0
40981116,9903,0,2,0,0,0,0,0,0,0,0,0
40984760,9904,0,2,0,0,0,0,0,0,0,0,0
40988404,9905,0,2,0,0,0,0,0,0,0,0,0
40992048,9906,0,2,0,0,0,0,0,0,0,0,0
40995692,9907,0,2,0,0,0,0,0,0,0,0,0
40999336,9908,0,2,0,0,0,0,0,0,0,0,0
41002980,9909,0,2,0,0,0,0,0,0,0,0,0
41006624,9910,0,2,0,0,0,0,0,0,0,0,0
41010269,9911,0,2,0,0,0,0,0,0,0,0,0
41013912,9912,0,2,0,0,0,0,0,0,0,0,0
41017556,9913,0,2,0,0,0,0,0,0,0,0,0
41021201,9914,0,2,0,0,0,0,0,0,0,0,0
41024844,9915,0,2,0,0,0,0,0,0,0,0,0
41028488,9916,0,2,0,0,0,0,0,0,0,0,0
41032132,9917,0,2,0,0,0,0,0,0,0,0,0
41035776,9918,0,2,0,0,0,0,0,0,0,0,0
41039420,9919,0,2,0,0,0,0,0,0,0,0,0
41043064,9920,0,2,0,0,0,0,0,0,0,0,0
41046709,9921,0,2,0,0,0,0,0,0,0,0,0
41050352,9922,0,2,0,0,0,0,0,0,0,0,0
41053996,9923,0,2,0,0,0,0,0,0,0,0,0
41057640,9924,0,2,0,0,0,0,0,0,0,0,0
41061284,9925,0,2,0,0,0,0,0,0,0,0,0
41064928,9926,0,2,0,0,0,0,0,0,0,0,0
41068572,9927,0,2,0,0,0,0,0,0,0,0,0
41072216,9928,0,2,0,0,0,0,0,0,0,0,0
41075860,9929,0,2,0,0,0,0,0,0,0,0,0
41079504,9930,0,2,0,0,0,0,0,0,0,0,0
41083149,9931,0,2,0,0,0,0,0,0,0,0,0
41086792,9932,0,2,0,0,0,0,0,0,0,0,0
41090436,9933,0,2,0,0,0,0,0,0,0,0,0
41094081,9934,0,2,0,0,0,0,0,0,0,0,0
41097724,9935,0,2,0,0,0,0,0,0,0,0,0
41101368,9936,0,2,0,0,0,0,0,0,0,0,0
41105013,9937,0,2,0,0,0,0,0,0,0,0,0
41108656,9938,0,2,0,0,0,0,0,0,0,0,0
41112301,9939,0,2,0,0,0,0,0,0,0,0,0
41115944,9940,0,2,0,0,0,0,0,0,0,0,0
41119589,9941,0,2,0,0,0,0,0,0,0,0,0
41123232,9942,0,2,0,0,0,0,0,0,0,0,0
41126876,9943,0,2,0,0,0,0,0,0,0,0,0
41130520,9944,0,2,0,0,0,0,0,0,0,0,0
41134164,9945,0,2,0,0,0,0,0,0,0,0,0
41137808,9946,0,2,0,0,0,0,0,0,0,0,0
41141452,9947,0,2,0,0,0,0,0,0,0,0,0
41145097,9948,0,2,0,0,0,0,0,0,0,0,0
41148740,9949,0,2,0,0,0,0,0,0,0,0,0
41152384,9950,0,2,0,0,0,0,0,0,0,0,0
41156029,9951,0,2,0,0,0,0,0,0,0,0,0
41159672,9952,0,2,0,0,0,0,0,0,0,0,0
41163316,9953,0,2,0,0,0,0,0,0,0,0,0
41166960,9954,0,2,0,0,0,0,0,0,0,0,0
41170604,9955,0,2,0,0,0,0,0,0,0,0,0
41174248,9956,0,2,0,0,0,0,0,0,0,0,0
41177892,9957,0,2,0,0,0,0,0,0,0,0,0
41181536,9958,0,2,0,0,0,0,0,0,0,0,0
41185181,9959,0,2,0,0,0,0,0,0,0,0,0
41188824,9960,0,2,0,0,0,0,0,0,0,0,0
41192469,9961,0,2,0,0,0,0,0,0,0,0,0
41196113,9962,0,2,0,0,0,0,0,0,0,0,0
41199756,9963,0,2,0,0,0,0,0,0,0,0,0
41203400,9964,0,2,0,0,0,0,0,0,0,0,0
41207045,9965,0,2,0,0,0,0,0,0,0,0,0
41210688,9966,0,2,0,0,0,0,0,0,0,0,0
41214332,9967,0,2,0,0,0,0,0,0,0,0,0
41217976,9968,0,2,0,0,0,0,0,0,0,0,0
41221620,9969,0,2,0,0,0,0,0,0,0,0,0
41225264,9970,0,2,0,0,0,0,0,0,0,0,0
41228909,9971,0,2,0,0,0,0,0,0,0,0,0
41232552,9972,0,2,0,0,0,0,0,0,0,0,0
41236196,9973,0,2,0,0,0,0,0,0,0,0,0
41239840,9974,0,2,0,0,0,0,0,0,0,0,0
41243484,9975,0,2,0,0,0,0,0,0,0,0,0
41247128,9976,0,2,0,0,0,0,0,0,0,0,0
41250772,9977,0,2,0,0,0,0,0,0,0,0,0
41254416,9978,0,2,0,0,0,0,0,0,0,0,0
41258061,9979,0,2,0,0,0,0,0,0,0,0,0
41261704,9980,0,2,0,0,0,0,0,0,0,0,0
41265349,9981,0,2,0,0,0,0,0,0,0,0,0
41268992,9982,0,2,0,0,0,0,0,0,0,0,0
41272636,9983,0,2,0,0,0,0,0,0,0,0,0
41276280,9984,0,2,0,0,0,0,0,0,0,0,0
41279924,9985,0,2,0,0,0,0,0,0,0,0,0
41283568,9986,0,2,0,0,0,0,0,0,0,0,0
41287213,9987,0,2,0,0,0,0,0,0,0,0,0
41290856,9988,0,2,0,0,0,0,0,0,0,0,0
41300936,9989,0,2,0,0,0,0,0,0,0,0,0
41304568,9990,0,2,0,0,0,0,0,0,0,0,0
41308213,9991,0,2,0,0,0,0,0,0,0,0,0
41311856,9992,0,2,0,0,0,0,0,0,0,0,0
41315500,9993,0,2,0,0,0,0,0,0,0,0,0
41319144,9994,0,2,0,0,0,0,0,0,0,0,0
41322788,9995,0,2,0,0,0,0,0,0,0,0,0
41326432,9996,0,2,0,0,0,0,0,0,0,0,0
41330077,9997,0,2,0,0,0,0,0,0,0,0,0
41333720,9998,0,2,0,0,0,0,0,0,0,0,0
41337365,9999,0,2,0,0,0,0,0,0,0,0,0
41341008,10000,0,2,0,0,0,0,0,0,0,0,0
41344653,10001,0,2,0,0,0,0,0,0,0,0,0
41348296,10002,0,2,0,0,0,0,0,0,0,0,0
41351940,10003,0,2,0,0,0,0,0,0,0,0,0
41355584,10004,0,2,0,0,0,0,0,0,0,0,0
41359228,10005,0,2,0,0,0,0,0,0,0,0,0
41362872,10006,0,2,0,0,0,0,0,0,0,0,0
41366516,10007,0,2,0,0,0,0,0,0,0,0,0
41370161,10008,0,2,0,0,0,0,0,0,0,0,0
41373804,10009,0,2,0,0,0,0,0,0,0,0,0
41377448,10010,0,2,0,0,0,0,0,0,0,0,0
41381093,10011,0,2,0,0,0,0,0,0,0,0,0
41384736,10012,0,2,0,0,0,0,0,0,0,0,0
41388381,10013,0,2,0,0,0,0,0,0,0,0,0
41392024,10014,0,2,0,0,0,0,0,0,0,0,0
41395668,10015,0,2,0,0,0,0,0,0,0,0,0
41399312,10016,0,2,0,0,0,0,0,0,0,0,0
41402956,10017,0,2,0,0,0,0,0,0,0,0,0
41406600,10018,0,2,0,0,0,0,0,0,0,0,0
41410244,10019,0,2,0,0,0,0,0,0,0,0,0
41413888,10020,0,2,0,0,0,0,0,0,0,0,0
41417533,10021,0,2,0,0,0,0,0,0,0,0,0
41421177,10022,0,2,0,0,0,0,0,0,0,0,0
41424820,10023,0,2,0,0,0,0,0,0,0,0,0
41428464,10024,0,2,0,0,0,0,0,0,0,0,0
41432108,10025,0,2,0,0,0,0,0,0,0,0,0
41435752,10026,0,2,0,0,0,0,0,0,0,0,0
41439396,10027,0,2,0,0,0,0,0,0,0,0,0
41443040,10028,0,2,0,0,0,0,0,0,0,0,0
41446684,10029,0,2,0,0,0,0,0,0,0,0,0
41450329,10030,0,2,0,0,0,0,0,0,0,0,0
41453973,10031,0,2,0,0,0,0,0,0,0,0,0
41457616,10032,0,2,0,0,0,0,0,0,0,0,0
41461260,10033,0,2,0,0,0,0,0,0,0,0,0
41464904,10034,0,2,0,0,0,0,0,0,0,0,0
41468548,10035,0,2,0,0,0,0,0,0,0,0,0
41472192,10036,0,2,0,0,0,0,0,0,0,0,0
41475836,10037,0,2,0,0,0,0,0,0,0,0,0
41479480,10038,0,2,0,0,0,0,0,0,0,0,0
41483125,10039,0,2,0,0,0,0,0,0,0,0,0
41486768,10040,0,2,0,0,0,0,0,0,0,0,0
41490413,10041,0,2,0,0,0,0,0,0,0,0,0
41494057,10042,0,2,0,0,0,0,0,0,0,0,0
41497700,10043,0,2,0,0,0,0,0,0,0,0,0
41501345,10044,0,2,0,0,0,0,0,0,0,0,0
41504988,10045,0,2,0,0,0,0,0,0,0,0,0
41508632,10046,0,2,0,0,0,0,0,0,0,0,0
41512276,10047,0,2,0,0,0,0,0,0,0,0,0
41515920,10048,0,2,0,0,0,0,0,0,0,0,0
41519564,10049,0,2,0,0,0,0,0,0,0,0,0
41523209,10050,0,2,0,0,0,0,0,0,0,0,0
41526853,10051,0,2,0,0,0,0,0,0,0,0,0
41530496,10052,0,2,0,0,0,0,0,0,0,0,0
41534140,10053,0,2,0,0,0,0,0,0,0,0,0
41537784,10054,0,2,0,0,0,0,0,0,0,0,0
41541428,10055,0,2,0,0,0,0,0,0,0,0,0
41545072,10056,0,2,0,0,0,0,0,0,0,0,0
41548716,10057,0,2,0,0,0,0,0,0,0,0,0
41552360,10058,0,2,0,0,0,0,0,0,0,0,0
41556005,10059,0,2,0,0,0,0,0,0,0,0,0
41559648,10060,0,2,0,0,0,0,0,0,0,0,0
41563293,10061,0,2,0,0,0,0,0,0,0,0,0
41566936,10062,0,2,0,0,0,0,0,0,0,0,0
41570580,10063,0,2,0,0,0,0,0,0,0,0,0
41574224,10064,0,2,0,0,0,0,0,0,0,0,0
41577868,10065,0,2,0,0,0,0,0,0,0,0,0
41581512,10066,0,2,0,0,0,0,0,0,0,0,0
41585156,10067,0,2,0,0,0,0,0,0,0,0,0
41588800,10068,0,2,0,0,0,0,0,0,0,0,0
41592444,10069,0,2,0,0,0,0,0,0,0,0,0
41596089,10070,0,2,0,0,0,0,0,0,0,0,0
41599733,10071,0,2,0,0,0,0,0,0,0,0,0
41603376,10072,0,2,0,0,0,0,0,0,0,0,0
41607020,10073,0,2,0,0,0,0,0,0,0,0,0
41610664,10074,0,2,0,0,0,0,0,0,0,0,0
41614309,10075,0,2,0,0,0,0,0,0,0,0,0
41617952,10076,0,2,0,0,0,0,0,0,0,0,0
41621596,10077,0,2,0,0,0,0,0,0,0,0,0
41625240,10078,0,2,0,0,0,0,0,0,0,0,0
41628884,10079,0,2,0,0,0,0,0,0,0,0,0
41632528,10080,0,2,0,0,0,0,0,0,0,0,0
41636173,10081,0,2,0,0,0,0,0,0,0,0,0
41639816,10082,0,2,0,0,0,0,0,0,0,0,0
41643460,10083,0,2,0,0,0,0,0,0,0,0,0
41647105,10084,0,2,0,0,0,0,0,0,0,0,0
41650748,10085,0,2,0,0,0,0,0,0,0,0,0
41654392,10086,0,2,0,0,0,0,0,0,0,0,0
41658036,10087,0,2,0,0,0,0,0,0,0,0,0
41661680,10088,0,2,0,0,0,0,0,0,0,0,0
41665324,10089,0,2,0,0,0,0,0,0,0,0,0
41668968,10090,0,2,0,0,0,0,0,0,0,0,0
41672613,10091,0,2,0,0,0,0,0,0,0,0,0
41676256,10092,0,2,0,0,0,0,0,0,0,0,0
41679900,10093,0,2,0,0,0,0,0,0,0,0,0
41683544,10094,0,2,0,0,0,0,0,0,0,0,0
41687189,10095,0,2,0,0,0,0,0,0,0,0,0
41690832,10096,0,2,0,0,0,0,0,0,0,0,0
41694476,10097,0,2,0,0,0,0,0,0,0,0,0
41698121,10098,0,2,0,0,0,0,0,0,0,0,0
41701764,10099,0,2,0,0,0,0,0,0,0,0,0
41705408,10100,0,2,0,0,0,0,0,0,0,0,0
41709053,10101,0,2,0,0,0,0,0,0,0,0,0
41712696,10102,0,2,0,0,0,0,0,0,0,0,0
41716340,10103,0,2,0,0,0,0,0,0,0,0,0
41719984,10104,0,2,0,0,0,0,0,0,0,0,0
41723628,10105,0,2,0,0,0,0,0,0,0,0,0
41727272,10106,0,2,0,0,0,0,0,0,0,0,0
41730916,10107,0,2,0,0,0,0,0,0,0,0,0
41734560,10108,0,2,0,0,0,0,0,0,0,0,0
41738204,10109,0,2,0,0,0,0,0,0,0,0,0
41741848,10110,0,2,0,0,0,0,0,0,0,0,0
41745493,10111,0,2,0,0,0,0,0,0,0,0,0
41749137,10112,0,2,0,0,0,0,0,0,0,0,0
41752780,10113,0,2,0,0,0,0,0,0,0,0,0
41756424,10114,0,2,0,0,0,0,0,0,0,0,0
41760068,10115,0,2,0,0,0,0,0,0,0,0,0
41763712,10116,0,2,0,0,0,0,0,0,0,0,0
41767356,10117,0,2,0,0,0,0,0,0,0,0,0
41771000,10118,0,2,0,0,0,0,0,0,0,0,0
41774644,10119,0,2,0,0,0,0,0,0,0,0,0
41778288,10120,0,2,0,0,0,0,0,0,0,0,0
41781933,10121,0,2,0,0,0,0,0,0,0,0,0
41785576,10122,0,2,0,0,0,0,0,0,0,0,0
41789220,10123,0,2,0,0,0,0,0,0,0,0,0
41792864,10124,0,2,0,0,0,0,0,0,0,0,0
41796508,10125,0,2,0,0,0,0,0,0,0,0,0
41800153,10126,0,2,0,0,0,0,0,0,0,0,0
41803796,10127,0,2,0,0,0,0,0,0,0,0,0
41807440,10128,0,2,0,0,0,0,0,0,0,0,0
41811084,10129,0,2,0,0,0,0,0,0,0,0,0
41814728,10130,0,2,0,0,0,0,0,0,0,0,0
41818373,10131,0,2,0,0,0,0,0,0,0,0,0
41822016,10132,0,2,0,0,0,0,0,0,0,0,0
41825660,10133,0,2,0,0,0,0,0,0,0,0,0
41829304,10134,0,2,0,0,0,0,0,0,0,0,0
41832948,10135,0,2,0,0,0,0,0,0,0,0,0
41836592,10136,0,2,0,0,0,0,0,0,0,0,0
41840237,10137,0,2,0,0,0,0,0,0,0,0,0
41843880,10138,0,2,0,0,0,0,0,0,0,0,0
41847524,10139,0,2,0,0,0,0,0,0,0,0,0
41851168,10140,0,2,0,0,0,0,0,0,0,0,0
41854813,10141,0,2,0,0,0,0,0,0,0,0,0
41858456,10142,0,2,0,0,0,0,0,0,0,0,0
41862100,10143,0,2,0,0,0,0,0,0,0,0,0
41865744,10144,0,2,0,0,0,0,0,0,0,0,0
41869388,10145,0,2,0,0,0,0,0,0,0,0,0
41873033,10146,0,2,0,0,0,0,0,0,0,0,0
41876676,10147,0,2,0,0,0,0,0,0,0,0,0
41880320,10148,0,2,0,0,0,0,0,0,0,0,0
41883964,10149,0,2,0,0,0,0,0,0,0,0,0
41887608,10150,0,2,0,0,0,0,0,0,0,0,0
41891253,10151,0,2,0,0,0,0,0,0,0,0,0
41894896,10152,0,2,0,0,0,0,0,0,0,0,0
41898540,10153,0,2,0,0,0,0,0,0,0,0,0
41902184,10154,0,2,0,0,0,0,0,0,0,0,0
41905828,10155,0,2,0,0,0,0,0,0,0,0,0
41909472,10156,0,2,0,0,0,0,0,0,0,0,0
41913116,10157,0,2,0,0,0,0,0,0,0,0,0
41916760,10158,0,2,0,0,0,0,0,0,0,0,0
41920404,10159,0,2,0,0,0,0,0,0,0,0,0
41924048,10160,0,2,0,0,0,0,0,0,0,0,0
41927693,10161,0,2,0,0,0,0,0,0,0,0,0
41931336,10162,0,2,0,0,0,0,0,0,0,0,0
41934980,10163,0,2,0,0,0,0,0,0,0,0,0
41938624,10164,0,2,0,0,0,0,0,0,0,0,0
41942268,10165,0,2,0,0,0,0,0,0,0,0,0
41945912,10166,0,2,0,0,0,0,0,0,0,0,0
41949556,10167,0,2,0,0,0,0,0,0,0,0,0
41953201,10168,0,2,0,0,0,0,0,0,0,0,0
41956844,10169,0,2,0,0,0,0,0,0,0,0,0
41960488,10170,0,2,0,0,0,0,0,0,0,0,0
41964133,10171,0,2,0,0,0,0,0,0,0,0,0
41967776,10172,0,2,0,0,0,0,0,0,0,0,0
41971420,10173,0,2,0,0,0,0,0,0,0,0,0
41975065,10174,0,2,0,0,0,0,0,0,0,0,0
41978708,10175,0,2,0,0,0,0,0,0,0,0,0
41982353,10176,0,2,0,0,0,0,0,0,0,0,0
41985996,10177,0,2,0,0,0,0,0,0,0,0,0
41989640,10178,0,2,0,0,0,0,0,0,0,0,0
41993284,10179,0,2,0,0,0,0,0,0,0,0,0
41996928,10180,0,2,0,0,0,0,0,0,0,0,0
42000573,10181,0,2,0,0,0,0,0,0,0,0,0
42004216,10182,0,2,0,0,0,0,0,0,0,0,0
42007860,10183,0,2,0,0,0,0,0,0,0,0,0
42011504,10184,0,2,0,0,0,0,0,0,0,0,0
42015149,10185,0,2,0,0,0,0,0,0,0,0,0
42018792,10186,0,2,0,0,0,0,0,0,0,0,0
42022436,10187,0,2,0,0,0,0,0,0,0,0,0
42026081,10188,0,2,0,0,0,0,0,0,0,0,0
42029724,10189,0,2,0,0,0,0,0,0,0,0,0
42033368,10190,0,2,0,0,0,0,0,0,0,0,0
42037013,10191,0,2,0,0,0,0,0,0,0,0,0
42040656,10192,0,2,0,0,0,0,0,0,0,0,0
42044300,10193,0,2,0,0,0,0,0,0,0,0,0
42047944,10194,0,2,0,0,0,0,0,0,0,0,0
42051588,10195,0,2,0,0,0,0,0,0,0,0,0
42055232,10196,0,2,0,0,0,0,0,0,0,0,0
42058876,10197,0,2,0,0,0,0,0,0,0,0,0
42062520,10198,0,2,0,0,0,0,0,0,0,0,0
42066164,10199,0,2,0,0,0,0,0,0,0,0,0
42069808,10200,0,2,0,0,0,0,0,0,0,0,0
42073453,10201,0,2,0,0,0,0,0,0,0,0,0
42077096,10202,0,2,0,0,0,0,0,0,0,0,0
42080740,10203,0,2,0,0,0,0,0,0,0,0,0
42084384,10204,0,2,0,0,0,0,0,0,0,0,0
42088029,10205,0,2,0,0,0,0,0,0,0,0,0
42091672,10206,0,2,0,0,0,0,0,0,0,0,0
42095316,10207,0,2,0,0,0,0,0,0,0,0,0
42098960,10208,0,2,0,0,0,0,0,0,0,0,0
42102604,10209,0,2,0,0,0,0,0,0,0,0,0
42106248,10210,0,2,0,0,0,0,0,0,0,0,0
42109893,10211,0,2,0,0,0,0,0,0,0,0,0
42113536,10212,0,2,0,0,0,0,0,0,0,0,0
42117180,10213,0,2,0,0,0,0,0,0,0,0,0
42120824,10214,0,2,0,0,0,0,0,0,0,0,0
42124468,10215,0,2,0,0,0,0,0,0,0,0,0
42133015,10216,0,2,0,0,0,0,0,0,0,0,0
42136646,10217,0,2,0,0,0,0,0,0,0,0,0
42140290,10218,0,2,0,0,0,0,0,0,0,0,0
42143934,10219,0,2,0,0,0,0,0,0,0,0,0
42147578,10220,0,2,0,0,0,0,0,0,0,0,0
42151223,10221,0,2,0,0,0,0,0,0,0,0,0
42154866,10222,0,2,0,0,0,0,0,0,0,0,0
42158510,10223,0,2,0,0,0,0,0,0,0,0,0
42162154,10224,0,2,0,0,0,0,0,0,0,0,0
42165798,10225,0,2,0,0,0,0,0,0,0,0,0
42169442,10226,0,2,0,0,0,0,0,0,0,0,0
42173087,10227,0,2,0,0,0,0,0,0,0,0,0
42176730,10228,0,2,0,0,0,0,0,0,0,0,0
42180374,10229,0,2,0,0,0,0,0,0,0,0,0
42184018,10230,0,2,0,0,0,0,0,0,0,0,0
42187663,10231,0,2,0,0,0,0,0,0,0,0,0
42191306,10232,0,2,0,0,0,0,0,0,0,0,0
42194950,10233,0,2,0,0,0,0,0,0,0,0,0
42198594,10234,0,2,0,0,0,0,0,0,0,0,0
42202238,10235,0,2,0,0,0,0,0,0,0,0,0
42205882,10236,0,2,0,0,0,0,0,0,0,0,0
42209526,10237,0,2,0,0,0,0,0,0,0,0,0
42213171,10238,0,2,0,0,0,0,0,0,0,0,0
42216814,10239,0,2,0,0,0,0,0,0,0,0,0
42220458,10240,0,2,0,0,0,0,0,0,0,0,0
42224103,10241,0,2,0,0,0,0,0,0,0,0,0
42227746,10242,0,2,0,0,0,0,0,0,0,0,0
42231390,10243,0,2,0,0,0,0,0,0,0,0,0
42235035,10244,0,2,0,0,0,0,0,0,0,0,0
42238678,10245,0,2,0,0,0,0,0,0,0,0,0
42242322,10246,0,2,0,0,0,0,0,0,0,0,0
42245966,10247,0,2,0,0,0,0,0,0,0,0,0
42249610,10248,0,2,0,0,0,0,0,0,0,0,0
42253254,10249,0,2,0,0,0,0,0,0,0,0,0
42256898,10250,0,2,0,0,0,0,0,0,0,0,0
42260543,10251,0,2,0,0,0,0,0,0,0,0,0
42264187,10252,0,2,0,0,0,0,0,0,0,0,0
42267830,10253,0,2,0,0,0,0,0,0,0,0,0
42271474,10254,0,2,0,0,0,0,0,0,0,0,0
42275118,10255,0,2,0,0,0,0,0,0,0,0,0
42278762,10256,0,2,0,0,0,0,0,0,0,0,0
42282406,10257,0,2,0,0,0,0,0,0,0,0,0
42286051,10258,0,2,0,0,0,0,0,0,0,0,0
42289694,10259,0,2,0,0,0,0,0,0,0,0,0
42293338,10260,0,2,0,0,0,0,0,0,0,0,0
42296983,10261,0,2,0,0,0,0,0,0,0,0,0
42300626,10262,0,2,0,0,0,0,0,0,0,0,0
42304271,10263,0,2,0,0,0,0,0,0,0,0,0
42307914,10264,0,2,0,0,0,0,0,0,0,0,0
42311558,10265,0,2,0,0,0,0,0,0,0,0,0
42315202,10266,0,2,0,0,0,0,0,0,0,0,0
42318846,10267,0,2,0,0,0,0,0,0,0,0,0
42322490,10268,0,2,0,0,0,0,0,0,0,0,0
42326135,10269,0,2,0,0,0,0,0,0,0,0,0
42329778,10270,0,2,0,0,0,0,0,0,0,0,0
42333423,10271,0,2,0,0,0,0,0,0,0,0,0
42337067,10272,0,2,0,0,0,0,0,0,0,0,0
42340710,10273,0,2,0,0,0,0,0,0,0,0,0
42344354,10274,0,2,0,0,0,0,0,0,0,0,0
42347998,10275,0,2,0,0,0,0,0,0,0,0,0
42351642,10276,0,2,0,0,0,0,0,0,0,0,0
42355286,10277,0,2,0,0,0,0,0,0,0,0,0
42358930,10278,0,2,0,0,0,0,0,0,0,0,0
42362574,10279,0,2,0,0,0,0,0,0,0,0,0
42366218,10280,0,2,0,0,0,0,0,0,0,0,0
42369863,10281,0,2,0,0,0,0,0,0,0,0,0
42373506,10282,0,2,0,0,0,0,0,0,0,0,0
42377151,10283,0,2,0,0,0,0,0,0,0,0,0
42380794,10284,0,2,0,0,0,0,0,0,0,0,0
42384438,10285,0,2,0,0,0,0,0,0,0,0,0
42388083,10286,0,2,0,0,0,0,0,0,0,0,0
42391726,10287,0,2,0,0,0,0,0,0,0,0,0
42395371,10288,0,2,0,0,0,0,0,0,0,0,0
42399014,10289,0,2,0,0,0,0,0,0,0,0,0
42402658,10290,0,2,0,0,0,0,0,0,0,0,0
42406303,10291,0,2,0,0,0,0,0,0,0,0,0
42409946,10292,0,2,0,0,0,0,0,0,0,0,0
42413590,10293,0,2,0,0,0,0,0,0,0,0,0
42417234,10294,0,2,0,0,0,0,0,0,0,0,0
42420878,10295,0,2,0,0,0,0,0,0,0,0,0
42424522,10296,0,2,0,0,0,0,0,0,0,0,0
42428166,10297,0,2,0,0,0,0,0,0,0,0,0
42431810,10298,0,2,0,0,0,0,0,0,0,0,0
42435454,10299,0,2,0,0,0,0,0,0,0,0,0
42439099,10300,0,2,0,0,0,0,0,0,0,0,0
42442743,10301,0,2,0,0,0,0,0,0,0,0,0
42446386,10302,0,2,0,0,0,0,0,0,0,0,0
42450030,10303,0,2,0,0,0,0,0,0,0,0,0
42453674,10304,0,2,0,0,0,0,0,0,0,0,0
42457319,10305,0,2,0,0,0,0,0,0,0,0,0
42460962,10306,0,2,0,0,0,0,0,0,0,0,0
42464606,10307,0,2,0,0,0,0,0,0,0,0,0
42468250,10308,0,2,0,0,0,0,0,0,0,0,0
42471894,10309,0,2,0,0,0,0,0,0,0,0,0
42475538,10310,0,2,0,0,0,0,0,0,0,0,0
42479183,10311,0,2,0,0,0,0,0,0,0,0,0
42482826,10312,0,2,0,0,0,0,0,0,0,0,0
42486470,10313,0,2,0,0,0,0,0,0,0,0,0
42490114,10314,0,2,0,0,0,0,0,0,0,0,0
42493758,10315,0,2,0,0,0,0,0,0,0,0,0
42497402,10316,0,2,0,0,0,0,0,0,0,0,0
42501046,10317,0,2,0,0,0,0,0,0,0,0,0
42504690,10318,0,2,0,0,0,0,0,0,0,0,0
42508334,10319,0,2,0,0,0,0,0,0,0,0,0
42511978,10320,0,2,0,0,0,0,0,0,0,0,0
42515623,10321,0,2,0,0,0,0,0,0,0,0,0
42519266,10322,0,2,0,0,0,0,0,0,0,0,0
42522910,10323,0,2,0,0,0,0,0,0,0,0,0
42526554,10324,0,2,0,0,0,0,0,0,0,0,0
42530199,10325,0,2,0,0,0,0,0,0,0,0,0
42533842,10326,0,2,0,0,0,0,0,0,0,0,0
42537486,10327,0,2,0,0,0,0,0,0,0,0,0
42541131,10328,0,2,0,0,0,0,0,0,0,0,0
42544774,10329,0,2,0,0,0,0,0,0,0,0,0
42548418,10330,0,2,0,0,0,0,0,0,0,0,0
42552063,10331,0,2,0,0,0,0,0,0,0,0,0
42555706,10332,0,2,0,0,0,0,0,0,0,0,0
42559350,10333,0,2,0,0,0,0,0,0,0,0,0
42562994,10334,0,2,0,0,0,0,0,0,0,0,0
42566638,10335,0,2,0,0,0,0,0,0,0,0,0
42570283,10336,0,2,0,0,0,0,0,0,0,0,0
42573926,10337,0,2,0,0,0,0,0,0,0,0,0
42577570,10338,0,2,0,0,0,0,0,0,0,0,0
42581214,10339,0,2,0,0,0,0,0,0,0,0,0
42584858,10340,0,2,0,0,0,0,0,0,0,0,0
42588503,10341,0,2,0,0,0,0,0,0,0,0,0
42592146,10342,0,2,0,0,0,0,0,0,0,0,0
42595790,10343,0,2,0,0,0,0,0,0,0,0,0
42599434,10344,0,2,0,0,0,0,0,0,0,0,0
42603078,10345,0,2,0,0,0,0,0,0,0,0,0
42606722,10346,0,2,0,0,0,0,0,0,0,0,0
42610366,10347,0,2,0,0,0,0,0,0,0,0,0
42614011,10348,0,2,0,0,0,0,0,0,0,0,0
42617654,10349,0,2,0,0,0,0,0,0,0,0,0
42621299,10350,0,2,0,0,0,0,0,0,0,0,0
42624943,10351,0,2,0,0,0,0,0,0,0,0,0
42628586,10352,0,2,0,0,0,0,0,0,0,0,0
42632230,10353,0,2,0,0,0,0,0,0,0,0,0
42635874,10354,0,2,0,0,0,0,0,0,0,0,0
42639518,10355,0,2,0,0,0,0,0,0,0,0,0
42643162,10356,0,2,0,0,0,0,0,0,0,0,0
42646806,10357,0,2,0,0,0,0,0,0,0,0,0
42650450,10358,0,2,0,0,0,0,0,0,0,0,0
42654095,10359,0,2,0,0,0,0,0,0,0,0,0
42657738,10360,0,2,0,0,0,0,0,0,0,0,0
42661383,10361,0,2,0,0,0,0,0,0,0,0,0
42665026,10362,0,2,0,0,0,0,0,0,0,0,0
42668670,10363,0,2,0,0,0,0,0,0,0,0,0
42672314,10364,0,2,0,0,0,0,0,0,0,0,0
42675958,10365,0,2,0,0,0,0,0,0,0,0,0
42679602,10366,0,2,0,0,0,0,0,0,0,0,0
42683247,10367,0,2,0,0,0,0,0,0,0,0,0
42686890,10368,0,2,0,0,0,0,0,0,0,0,0
42690534,10369,0,2,0,0,0,0,0,0,0,0,0
42694179,10370,0,2,0,0,0,0,0,0,0,0,0
42697823,10371,0,2,0,0,0,0,0,0,0,0,0
42701466,10372,0,2,0,0,0,0,0,0,0,0,0
42705111,10373,0,2,0,0,0,0,0,0,0,0,0
42708754,10374,0,2,0,0,0,0,0,0,0,0,0
42712398,10375,0,2,0,0,0,0,0,0,0,0,0
42716043,10376,0,2,0,0,0,0,0,0,0,0,0
42719686,10377,0,2,0,0,0,0,0,0,0,0,0
42723330,10378,0,2,0,0,0,0,0,0,0,0,0
42726974,10379,0,2,0,0,0,0,0,0,0,0,0
42730618,10380,0,2,0,0,0,0,0,0,0,0,0
42734263,10381,0,2,0,0,0,0,0,0,0,0,0
42737906,10382,0,2,0,0,0,0,0,0,0,0,0
42741550,10383,0,2,0,0,0,0,0,0,0,0,0
42745195,10384,0,2,0,0,0,0,0,0,0,0,0
42748838,10385,0,2,0,0,0,0,0,0,0,0,0
42752482,10386,0,2,0,0,0,0,0,0,0,0,0
42756126,10387,0,2,0,0,0,0,0,0,0,0,0
42759770,10388,0,2,0,0,0,0,0,0,0,0,0
42763414,10389,0,2,0,0,0,0,0,0,0,0,0
42767058,10390,0,2,0,0,0,0,0,0,0,0,0
42770703,10391,0,2,0,0,0,0,0,0,0,0,0
42774346,10392,0,2,0,0,0,0,0,0,0,0,0
42777990,10393,0,2,0,0,0,0,0,0,0,0,0
42781634,10394,0,2,0,0,0,0,0,0,0,0,0
42785279,10395,0,2,0,0,0,0,0,0,0,0,0
42788922,10396,0,2,0,0,0,0,0,0,0,0,0
42792566,10397,0,2,0,0,0,0,0,0,0,0,0
42796210,10398,0,2,0,0,0,0,0,0,0,0,0
42799854,10399,0,2,0,0,0,0,0,0,0,0,0
42803498,10400,0,2,0,0,0,0,0,0,0,0,0
42807143,10401,0,2,0,0,0,0,0,0,0,0,0
42810786,10402,0,2,0,0,0,0,0,0,0,0,0
42814430,10403,0,2,0,0,0,0,0,0,0,0,0
42818075,10404,0,2,0,0,0,0,0,0,0,0,0
42821718,10405,0,2,0,0,0,0,0,0,0,0,0
42825362,10406,0,2,0,0,0,0,0,0,0,0,0
42829007,10407,0,2,0,0,0,0,0,0,0,0,0
42832650,10408,0,2,0,0,0,0,0,0,0,0,0
42836295,10409,0,2,0,0,0,0,0,0,0,0,0
42839938,10410,0,2,0,0,0,0,0,0,0,0,0
42843583,10411,0,2,0,0,0,0,0,0,0,0,0
42847227,10412,0,2,0,0,0,0,0,0,0,0,0
42850870,10413,0,2,0,0,0,0,0,0,0,0,0
42854514,10414,0,2,0,0,0,0,0,0,0,0,0
42858158,10415,0,2,0,0,0,0,0,0,0,0,0
42861802,10416,0,2,0,0,0,0,0,0,0,0,0
42865446,10417,0,2,0,0,0,0,0,0,0,0,0
42869090,10418,0,2,0,0,0,0,0,0,0,0,0
42872734,10419,0,2,0,0,0,0,0,0,0,0,0
42876378,10420,0,2,0,0,0,0,0,0,0,0,0
42880023,10421,0,2,0,0,0,0,0,0,0,0,0
42883666,10422,0,2,0,0,0,0,0,0,0,0,0
42887310,10423,0,2,0,0,0,0,0,0,0,0,0
42890954,10424,0,2,0,0,0,0,0,0,0,0,0
42894598,10425,0,2,0,0,0,0,0,0,0,0,0
42898242,10426,0,2,0,0,0,0,0,0,0,0,0
42901886,10427,0,2,0,0,0,0,0,0,0,0,0
42905530,10428,0,2,0,0,0,0,0,0,0,0,0
42909174,10429,0,2,0,0,0,0,0,0,0,0,0
42912818,10430,0,2,0,0,0,0,0,0,0,0,0
42916463,10431,0,2,0,0,0,0,0,0,0,0,0
42920106,10432,0,2,0,0,0,0,0,0,0,0,0
42923750,10433,0,2,0,0,0,0,0,0,0,0,0
42927394,10434,0,2,0,0,0,0,0,0,0,0,0
42931038,10435,0,2,0,0,0,0,0,0,0,0,0
42934682,10436,0,2,0,0,0,0,0,0,0,0,0
42938326,10437,0,2,0,0,0,0,0,0,0,0,0
42941970,10438,0,2,0,0,0,0,0,0,0,0,0
42945614,10439,0,2,0,0,0,0,0,0,0,0,0
42949258,10440,0,2,0,0,0,0,0,0,0,0,0
42952903,10441,0,2,0,0,0,0,0,0,0,0,0
42956546,10442,0,2,0,0,0,0,0,0,0,0,0
42966868,10443,0,2,0,0,0,0,0,0,0,0,0
42970500,10444,0,2,0,0,0,0,0,0,0,0,0
42974144,10445,0,2,0,0,0,0,0,0,0,0,0
42977788,10446,0,2,0,0,0,0,0,0,0,0,0
42981432,10447,0,2,0,0,0,0,0,0,0,0,0
42985076,10448,0,2,0,0,0,0,0,0,0,0,0
42988720,10449,0,2,0,0,0,0,0,0,0,0,0
42992365,10450,0,2,0,0,0,0,0,0,0,0,0
42996009,10451,0,2,0,0,0,0,0,0,0,0,0
42999652,10452,0,2,0,0,0,0,0,0,0,0,0
43003296,10453,0,2,0,0,0,0,0,0,0,0,0
43006940,10454,0,2,0,0,0,0,0,0,0,0,0
43010584,10455,0,2,0,0,0,0,0,0,0,0,0
43014228,10456,0,2,0,0,0,0,0,0,0,0,0
43017872,10457,0,2,0,0,0,0,0,0,0,0,0
43021516,10458,0,2,0,0,0,0,0,0,0,0,0
43025161,10459,0,2,0,0,0,0,0,0,0,0,0
43028804,10460,0,2,0,0,0,0,0,0,0,0,0
43032449,10461,0,2,0,0,0,0,0,0,0,0,0
43036092,10462,0,2,0,0,0,0,0,0,0,0,0
43039736,10463,0,2,0,0,0,0,0,0,0,0,0
43043380,10464,0,2,0,0,0,0,0,0,0,0,0
43047025,10465,0,2,0,0,0,0,0,0,0,0,0
43050668,10466,0,2,0,0,0,0,0,0,0,0,0
43054313,10467,0,2,0,0,0,0,0,0,0,0,0
43057956,10468,0,2,0,0,0,0,0,0,0,0,0
43061600,10469,0,2,0,0,0,0,0,0,0,0,0
43065244,10470,0,2,0,0,0,0,0,0,0,0,0
43068889,10471,0,2,0,0,0,0,0,0,0,0,0
43072532,10472,0,2,0,0,0,0,0,0,0,0,0
43076177,10473,0,2,0,0,0,0,0,0,0,0,0
43079820,10474,0,2,0,0,0,0,0,0,0,0,0
43083464,10475,0,2,0,0,0,0,0,0,0,0,0
43087109,10476,0,2,0,0,0,0,0,0,0,0,0
43090752,10477,0,2,0,0,0,0,0,0,0,0,0
43094396,10478,0,2,0,0,0,0,0,0,0,0,0
43098040,10479,0,2,0,0,0,0,0,0,0,0,0
43101684,10480,0,2,0,0,0,0,0,0,0,0,0
43105329,10481,0,2,0,0,0,0,0,0,0,0,0
43108972,10482,0,2,0,0,0,0,0,0,0,0,0
43112616,10483,0,2,0,0,0,0,0,0,0,0,0
43116260,10484,0,2,0,0,0,0,0,0,0,0,0
43119904,10485,0,2,0,0,0,0,0,0,0,0,0
43123548,10486,0,2,0,0,0,0,0,0,0,0,0
43127192,10487,0,2,0,0,0,0,0,0,0,0,0
43130836,10488,0,2,0,0,0,0,0,0,0,0,0
43134480,10489,0,2,0,0,0,0,0,0,0,0,0
43138125,10490,0,2,0,0,0,0,0,0,0,0,0
43141769,10491,0,2,0,0,0,0,0,0,0,0,0
43145412,10492,0,2,0,0,0,0,0,0,0,0,0
43149057,10493,0,2,0,0,0,0,0,0,0,0,0
43152700,10494,0,2,0,0,0,0,0,0,0,0,0
43156345,10495,0,2,0,0,0,0,0,0,0,0,0
43159988,10496,0,2,0,0,0,0,0,0,0,0,0
43163632,10497,0,2,0,0,0,0,0,0,0,0,0
43167276,10498,0,2,0,0,0,0,0,0,0,0,0
43170920,10499,0,2,0,0,0,0,0,0,0,0,0
43174564,10500,0,2,0,0,0,0,0,0,0,0,0
43178209,10501,0,2,0,0,0,0,0,0,0,0,0
43181852,10502,0,2,0,0,0,0,0,0,0,0,0
43185496,10503,0,2,0,0,0,0,0,0,0,0,0
43189140,10504,0,2,0,0,0,0,0,0,0,0,0
43192784,10505,0,2,0,0,0,0,0,0,0,0,0
43196428,10506,0,2,0,0,0,0,0,0,0,0,0
43200072,10507,0,2,0,0,0,0,0,0,0,0,0
43203716,10508,0,2,0,0,0,0,0,0,0,0,0
43207360,10509,0,2,0,0,0,0,0,0,0,0,0
43211005,10510,0,2,0,0,0,0,0,0,0,0,0
43214649,10511,0,2,0,0,0,0,0,0,0,0,0
43218292,10512,0,2,0,0,0,0,0,0,0,0,0
43221936,10513,0,2,0,0,0,0,0,0,0,0,0
43225580,10514,0,2,0,0,0,0,0,0,0,0,0
43229224,10515,0,2,0,0,0,0,0,0,0,0,0
43232868,10516,0,2,0,0,0,0,0,0,0,0,0
43236512,10517,0,2,0,0,0,0,0,0,0,0,0
43240156,10518,0,2,0,0,0,0,0,0,0,0,0
43243800,10519,0,2,0,0,0,0,0,0,0,0,0
43247444,10520,0,2,0,0,0,0,0,0,0,0,0
43251089,10521,0,2,0,0,0,0,0,0,0,0,0
43254732,10522,0,2,0,0,0,0,0,0,0,0,0
43258376,10523,0,2,0,0,0,0,0,0,0,0,0
43262020,10524,0,2,0,0,0,0,0,0,0,0,0
43265664,10525,0,2,0,0,0,0,0,0,0,0,0
43269309,10526,0,2,0,0,0,0,0,0,0,0,0
43272952,10527,0,2,0,0,0,0,0,0,0,0,0
43276596,10528,0,2,0,0,0,0,0,0,0,0,0
43280240,10529,0,2,0,0,0,0,0,0,0,0,0
43283884,10530,0,2,0,0,0,0,0,0,0,0,0
43287529,10531,0,2,0,0,0,0,0,0,0,0,0
43291173,10532,0,2,0,0,0,0,0,0,0,0,0
43294816,10533,0,2,0,0,0,0,0,0,0,0,0
43298460,10534,0,2,0,0,0,0,0,0,0,0,0
43302105,10535,0,2,0,0,0,0,0,0,0,0,0
43305748,10536,0,2,0,0,0,0,0,0,0,0,0
43309392,10537,0,2,0,0,0,0,0,0,0,0,0
43313036,10538,0,2,0,0,0,0,0,0,0,0,0
43316680,10539,0,2,0,0,0,0,0,0,0,0,0
43320324,10540,0,2,0,0,0,0,0,0,0,0,0
43323969,10541,0,2,0,0,0,0,0,0,0,0,0
43327612,10542,0,2,0,0,0,0,0,0,0,0,0
43331256,10543,0,2,0,0,0,0,0,0,0,0,0
43334900,10544,0,2,0,0,0,0,0,0,0,0,0
43338544,10545,0,2,0,0,0,0,0,0,0,0,0
43342189,10546,0,2,0,0,0,0,0,0,0,0,0
43345832,10547,0,2,0,0,0,0,0,0,0,0,0
43349476,10548,0,2,0,0,0,0,0,0,0,0,0
43353121,10549,0,2,0,0,0,0,0,0,0,0,0
43356764,10550,0,2,0,0,0,0,0,0,0,0,0
43360409,10551,0,2,0,0,0,0,0,0,0,0,0
43364053,10552,0,2,0,0,0,0,0,0,0,0,0
43367696,10553,0,2,0,0,0,0,0,0,0,0,0
43371340,10554,0,2,0,0,0,0,0,0,0,0,0
43374984,10555,0,2,0,0,0,0,0,0,0,0,0
43378628,10556,0,2,0,0,0,0,0,0,0,0,0
43382273,10557,0,2,0,0,0,0,0,0,0,0,0
43385916,10558,0,2,0,0,0,0,0,0,0,0,0
43389560,10559,0,2,0,0,0,0,0,0,0,0,0
43393204,10560,0,2,0,0,0,0,0,0,0,0,0
43396849,10561,0,2,0,0,0,0,0,0,0,0,0
43400492,10562,0,2,0,0,0,0,0,0,0,0,0
43404137,10563,0,2,0,0,0,0,0,0,0,0,0
43407780,10564,0,2,0,0,0,0,0,0,0,0,0
43411424,10565,0,2,0,0,0,0,0,0,0,0,0
43415068,10566,0,2,0,0,0,0,0,0,0,0,0
43418712,10567,0,2,0,0,0,0,0,0,0,0,0
43422357,10568,0,2,0,0,0,0,0,0,0,0,0
43426000,10569,0,2,0,0,0,0,0,0,0,0,0
43429644,10570,0,2,0,0,0,0,0,0,0,0,0
43433289,10571,0,2,0,0,0,0,0,0,0,0,0
43436932,10572,0,2,0,0,0,0,0,0,0,0,0
43440576,10573,0,2,0,0,0,0,0,0,0,0,0
43444221,10574,0,2,0,0,0,0,0,0,0,0,0
43447864,10575,0,2,0,0,0,0,0,0,0,0,0
43451508,10576,0,2,0,0,0,0,0,0,0,0,0
43455152,10577,0,2,0,0,0,0,0,0,0,0,0
43458796,10578,0,2,0,0,0,0,0,0,0,0,0
43462440,10579,0,2,0,0,0,0,0,0,0,0,0
43466084,10580,0,2,0,0,0,0,0,0,0,0,0
43469729,10581,0,2,0,0,0,0,0,0,0,0,0
43473373,10582,0,2,0,0,0,0,0,0,0,0,0
43477016,10583,0,2,0,0,0,0,0,0,0,0,0
43480660,10584,0,2,0,0,0,0,0,0,0,0,0
43484304,10585,0,2,0,0,0,0,0,0,0,0,0
43487948,10586,0,2,0,0,0,0,0,0,0,0,0
43491592,10587,0,2,0,0,0,0,0,0,0,0,0
43495237,10588,0,2,0,0,0,0,0,0,0,0,0
43498880,10589,0,2,0,0,0,0,0,0,0,0,0
43502524,10590,0,2,0,0,0,0,0,0,0,0,0
43506169,10591,0,2,0,0,0,0,0,0,0,0,0
43509812,10592,0,2,0,0,0,0,0,0,0,0,0
43513456,10593,0,2,0,0,0,0,0,0,0,0,0
43517100,10594,0,2,0,0,0,0,0,0,0,0,0
43520744,10595,0,2,0,0,0,0,0,0,0,0,0
43524388,10596,0,2,0,0,0,0,0,0,0,0,0
43528033,10597,0,2,0,0,0,0,0,0,0,0,0
43531676,10598,0,2,0,0,0,0,0,0,0,0,0
43535320,10599,0,2,0,0,0,0,0,0,0,0,0
43538964,10600,0,2,0,0,0,0,0,0,0,0,0
43542609,10601,0,2,0,0,0,0,0,0,0,0,0
43546252,10602,0,2,0,0,0,0,0,0,0,0,0
43549896,10603,0,2,0,0,0,0,0,0,0,0,0
43553540,10604,0,2,0,0,0,0,0,0,0,0,0
43557184,10605,0,2,0,0,0,0,0,0,0,0,0
43560828,10606,0,2,0,0,0,0,0,0,0,0,0
43564472,10607,0,2,0,0,0,0,0,0,0,0,0
43568116,10608,0,2,0,0,0,0,0,0,0,0,0
43571760,10609,0,2,0,0,0,0,0,0,0,0,0
43575404,10610,0,2,0,0,0,0,0,0,0,0,0
43579049,10611,0,2,0,0,0,0,0,0,0,0,0
43582692,10612,0,2,0,0,0,0,0,0,0,0,0
43586336,10613,0,2,0,0,0,0,0,0,0,0,0
43589980,10614,0,2,0,0,0,0,0,0,0,0,0
43593624,10615,0,2,0,0,0,0,0,0,0,0,0
43597268,10616,0,2,0,0,0,0,0,0,0,0,0
43600912,10617,0,2,0,0,0,0,0,0,0,0,0
43604556,10618,0,2,0,0,0,0,0,0,0,0,0
43608201,10619,0,2,0,0,0,0,0,0,0,0,0
43611844,10620,0,2,0,0,0,0,0,0,0,0,0
43615489,10621,0,2,0,0,0,0,0,0,0,0,0
43619133,10622,0,2,0,0,0,0,0,0,0,0,0
43622776,10623,0,2,0,0,0,0,0,0,0,0,0
43626420,10624,0,2,0,0,0,0,0,0,0,0,0
43630064,10625,0,2,0,0,0,0,0,0,0,0,0
43633708,10626,0,2,0,0,0,0,0,0,0,0,0
43637352,10627,0,2,0,0,0,0,0,0,0,0,0
43640996,10628,0,2,0,0,0,0,0,0,0,0,0
43644640,10629,0,2,0,0,0,0,0,0,0,0,0
43648284,10630,0,2,0,0,0,0,0,0,0,0,0
43651929,10631,0,2,0,0,0,0,0,0,0,0,0
43655572,10632,0,2,0,0,0,0,0,0,0,0,0
43659216,10633,0,2,0,0,0,0,0,0,0,0,0
43662860,10634,0,2,0,0,0,0,0,0,0,0,0
43666504,10635,0,2,0,0,0,0,0,0,0,0,0
43670149,10636,0,2,0,0,0,0,0,0,0,0,0
43673792,10637,0,2,0,0,0,0,0,0,0,0,0
43677436,10638,0,2,0,0,0,0,0,0,0,0,0
43681081,10639,0,2,0,0,0,0,0,0,0,0,0
43684724,10640,0,2,0,0,0,0,0,0,0,0,0
43688369,10641,0,2,0,0,0,0,0,0,0,0,0
43692013,10642,0,2,0,0,0,0,0,0,0,0,0
43695656,10643,0,2,0,0,0,0,0,0,0,0,0
43699301,10644,0,2,0,0,0,0,0,0,0,0,0
43702944,10645,0,2,0,0,0,0,0,0,0,0,0
43706588,10646,0,2,0,0,0,0,0,0,0,0,0
43710232,10647,0,2,0,0,0,0,0,0,0,0,0
43713876,10648,0,2,0,0,0,0,0,0,0,0,0
43717520,10649,0,2,0,0,0,0,0,0,0,0,0
43721164,10650,0,2,0,0,0,0,0,0,0,0,0
43724809,10651,0,2,0,0,0,0,0,0,0,0,0
43728452,10652,0,2,0,0,0,0,0,0,0,0,0
43732096,10653,0,2,0,0,0,0,0,0,0,0,0
43735740,10654,0,2,0,0,0,0,0,0,0,0,0
43739384,10655,0,2,0,0,0,0,0,0,0,0,0
43743029,10656,0,2,0,0,0,0,0,0,0,0,0
43746672,10657,0,2,0,0,0,0,0,0,0,0,0
43750316,10658,0,2,0,0,0,0,0,0,0,0,0
43753960,10659,0,2,0,0,0,0,0,0,0,0,0
43757604,10660,0,2,0,0,0,0,0,0,0,0,0
43761249,10661,0,2,0,0,0,0,0,0,0,0,0
43764892,10662,0,2,0,0,0,0,0,0,0,0,0
43768536,10663,0,2,0,0,0,0,0,0,0,0,0
43772181,10664,0,2,0,0,0,0,0,0,0,0,0
43775824,10665,0,2,0,0,0,0,0,0,0,0,0
43779468,10666,0,2,0,0,0,0,0,0,0,0,0
43783112,10667,0,2,0,0,0,0,0,0,0,0,0
43786756,10668,0,2,0,0,0,0,0,0,0,0,0
43790400,10669,0,2,0,0,0,0,0,0,0,0,0
43798545,10670,0,2,0,0,0,0,0,0,0,0,0
43802177,10671,0,2,0,0,0,0,0,0,0,0,0
43805820,10672,0,2,0,0,0,0,0,0,0,0,0
43809464,10673,0,2,0,0,0,0,0,0,0,0,0
43813108,10674,0,2,0,0,0,0,0,0,0,0,0
43816752,10675,0,2,0,0,0,0,0,0,0,0,0
43820396,10676,0,2,0,0,0,0,0,0,0,0,0
43824040,10677,0,2,0,0,0,0,0,0,0,0,0
43827684,10678,0,2,0,0,0,0,0,0,0,0,0
43831329,10679,0,2,0,0,0,0,0,0,0,0,0
43834972,10680,0,2,0,0,0,0,0,0,0,0,0
43838617,10681,0,2,0,0,0,0,0,0,0,0,0
43842261,10682,0,2,0,0,0,0,0,0,0,0,0
43845904,10683,0,2,0,0,0,0,0,0,0,0,0
43849548,10684,0,2,0,0,0,0,0,0,0,0,0
43853192,10685,0,2,0,0,0,0,0,0,0,0,0
43856836,10686,0,2,0,0,0,0,0,0,0,0,0
43860480,10687,0,2,0,0,0,0,0,0,0,0,0
43864125,10688,0,2,0,0,0,0,0,0,0,0,0
43867768,10689,0,2,0,0,0,0,0,0,0,0,0
43871412,10690,0,2,0,0,0,0,0,0,0,0,0
43875057,10691,0,2,0,0,0,0,0,0,0,0,0
43878700,10692,0,2,0,0,0,0,0,0,0,0,0
43882345,10693,0,2,0,0,0,0,0,0,0,0,0
43885988,10694,0,2,0,0,0,0,0,0,0,0,0
43889632,10695,0,2,0,0,0,0,0,0,0,0,0
43893276,10696,0,2,0,0,0,0,0,0,0,0,0
43896920,10697,0,2,0,0,0,0,0,0,0,0,0
43900564,10698,0,2,0,0,0,0,0,0,0,0,0
43904209,10699,0,2,0,0,0,0,0,0,0,0,0
43907852,10700,0,2,0,0,0,0,0,0,0,0,0
43911497,10701,0,2,0,0,0,0,0,0,0,0,0
43915140,10702,0,2,0,0,0,0,0,0,0,0,0
43918784,10703,0,2,0,0,0,0,0,0,0,0,0
43922428,10704,0,2,0,0,0,0,0,0,0,0,0
43926073,10705,0,2,0,0,0,0,0,0,0,0,0
43929716,10706,0,2,0,0,0,0,0,0,0,0,0
43933361,10707,0,2,0,0,0,0,0,0,0,0,0
43937004,10708,0,2,0,0,0,0,0,0,0,0,0
43940648,10709,0,2,0,0,0,0,0,0,0,0,0
43944292,10710,0,2,0,0,0,0,0,0,0,0,0
43947937,10711,0,2,0,0,0,0,0,0,0,0,0
43951580,10712,0,2,0,0,0,0,0,0,0,0,0
43955224,10713,0,2,0,0,0,0,0,0,0,0,0
43958868,10714,0,2,0,0,0,0,0,0,0,0,0
43962512,10715,0,2,0,0,0,0,0,0,0,0,0
43966156,10716,0,2,0,0,0,0,0,0,0,0,0
43969800,10717,0,2,0,0,0,0,0,0,0,0,0
43973444,10718,0,2,0,0,0,0,0,0,0,0,0
43977089,10719,0,2,0,0,0,0,0,0,0,0,0
43980732,10720,0,2,0,0,0,0,0,0,0,0,0
43984377,10721,0,2,0,0,0,0,0,0,0,0,0
43988020,10722,0,2,0,0,0,0,0,0,0,0,0
43991664,10723,0,2,0,0,0,0,0,0,0,0,0
43995308,10724,0,2,0,0,0,0,0,0,0,0,0
43998952,10725,0,2,0,0,0,0,0,0,0,0,0
44002596,10726,0,2,0,0,0,0,0,0,0,0,0
44006240,10727,0,2,0,0,0,0,0,0,0,0,0
44009884,10728,0,2,0,0,0,0,0,0,0,0,0
44013528,10729,0,2,0,0,0,0,0,0,0,0,0
44017172,10730,0,2,0,0,0,0,0,0,0,0,0
44020817,10731,0,2,0,0,0,0,0,0,0,0,0
44024460,10732,0,2,0,0,0,0,0,0,0,0,0
44028105,10733,0,2,0,0,0,0,0,0,0,0,0
44031748,10734,0,2,0,0,0,0,0,0,0,0,0
44035392,10735,0,2,0,0,0,0,0,0,0,0,0
44039036,10736,0,2,0,0,0,0,0,0,0,0,0
44042680,10737,0,2,0,0,0,0,0,0,0,0,0
44046325,10738,0,2,0,0,0,0,0,0,0,0,0
44049968,10739,0,2,0,0,0,0,0,0,0,0,0
44053612,10740,0,2,0,0,0,0,0,0,0,0,0
44057257,10741,0,2,0,0,0,0,0,0,0,0,0
44060900,10742,0,2,0,0,0,0,0,0,0,0,0
44064544,10743,0,2,0,0,0,0,0,0,0,0,0
44068188,10744,0,2,0,0,0,0,0,0,0,0,0
44071832,10745,0,2,0,0,0,0,0,0,0,0,0
44075476,10746,0,2,0,0,0,0,0,0,0,0,0
44079120,10747,0,2,0,0,0,0,0,0,0,0,0
44082764,10748,0,2,0,0,0,0,0,0,0,0,0
44086408,10749,0,2,0,0,0,0,0,0,0,0,0
44090052,10750,0,2,0,0,0,0,0,0,0,0,0
44093697,10751,0,2,0,0,0,0,0,0,0,0,0
44097340,10752,0,2,0,0,0,0,0,0,0,0,0
44100984,10753,0,2,0,0,0,0,0,0,0,0,0
44104628,10754,0,2,0,0,0,0,0,0,0,0,0
44108272,10755,0,2,0,0,0,0,0,0,0,0,0
44111916,10756,0,2,0,0,0,0,0,0,0,0,0
44115560,10757,0,2,0,0,0,0,0,0,0,0,0
44119204,10758,0,2,0,0,0,0,0,0,0,0,0
44122848,10759,0,2,0,0,0,0,0,0,0,0,0
44126492,10760,0,2,0,0,0,0,0,0,0,0,0
44130137,10761,0,2,0,0,0,0,0,0,0,0,0
44133780,10762,0,2,0,0,0,0,0,0,0,0,0
44137424,10763,0,2,0,0,0,0,0,0,0,0,0
44141068,10764,0,2,0,0,0,0,0,0,0,0,0
44144712,10765,0,2,0,0,0,0,0,0,0,0,0
44148356,10766,0,2,0,0,0,0,0,0,0,0,0
44152000,10767,0,2,0,0,0,0,0,0,0,0,0
44155644,10768,0,2,0,0,0,0,0,0,0,0,0
44159288,10769,0,2,0,0,0,0,0,0,0,0,0
44162932,10770,0,2,0,0,0,0,0,0,0,0,0
44166577,10771,0,2,0,0,0,0,0,0,0,0,0
44170220,10772,0,2,0,0,0,0,0,0,0,0,0
44173864,10773,0,2,0,0,0,0,0,0,0,0,0
44177508,10774,0,2,0,0,0,0,0,0,0,0,0
44181152,10775,0,2,0,0,0,0,0,0,0,0,0
44184796,10776,0,2,0,0,0,0,0,0,0,0,0
44188440,10777,0,2,0,0,0,0,0,0,0,0,0
44192084,10778,0,2,0,0,0,0,0,0,0,0,0
44195728,10779,0,2,0,0,0,0,0,0,0,0,0
44199372,10780,0,2,0,0,0,0,0,0,0,0,0
44203017,10781,0,2,0,0,0,0,0,0,0,0,0
44206660,10782,0,2,0,0,0,0,0,0,0,0,0
44210304,10783,0,2,0,0,0,0,0,0,0,0,0
44213948,10784,0,2,0,0,0,0,0,0,0,0,0
44217592,10785,0,2,0,0,0,0,0,0,0,0,0
44221237,10786,0,2,0,0,0,0,0,0,0,0,0
44224880,10787,0,2,0,0,0,0,0,0,0,0,0
44228524,10788,0,2,0,0,0,0,0,0,0,0,0
44232168,10789,0,2,0,0,0,0,0,0,0,0,0
44235812,10790,0,2,0,0,0,0,0,0,0,0,0
44239457,10791,0,2,0,0,0,0,0,0,0,0,0
44243101,10792,0,2,0,0,0,0,0,0,0,0,0
44246744,10793,0,2,0,0,0,0,0,0,0,0,0
44250388,10794,0,2,0,0,0,0,0,0,0,0,0
44254033,10795,0,2,0,0,0,0,0,0,0,0,0
44257676,10796,0,2,0,0,0,0,0,0,0,0,0
44261320,10797,0,2,0,0,0,0,0,0,0,0,0
44264964,10798,0,2,0,0,0,0,0,0,0,0,0
44268608,10799,0,2,0,0,0,0,0,0,0,0,0
44272253,10800,0,2,0,0,0,0,0,0,0,0,0
44275897,10801,0,2,0,0,0,0,0,0,0,0,0
44279540,10802,0,2,0,0,0,0,0,0,0,0,0
44283184,10803,0,2,0,0,0,0,0,0,0,0,0
44286828,10804,0,2,0,0,0,0,0,0,0,0,0
44290472,10805,0,2,0,0,0,0,0,0,0,0,0
44294116,10806,0,2,0,0,0,0,0,0,0,0,0
44297760,10807,0,2,0,0,0,0,0,0,0,0,0
44301404,10808,0,2,0,0,0,0,0,0,0,0,0
44305048,10809,0,2,0,0,0,0,0,0,0,0,0
44308692,10810,0,2,0,0,0,0,0,0,0,0,0
44312337,10811,0,2,0,0,0,0,0,0,0,0,0
44315980,10812,0,2,0,0,0,0,0,0,0,0,0
44319624,10813,0,2,0,0,0,0,0,0,0,0,0
44323268,10814,0,2,0,0,0,0,0,0,0,0,0
44326912,10815,0,2,0,0,0,0,0,0,0,0,0
44330556,10816,0,2,0,0,0,0,0,0,0,0,0
44334201,10817,0,2,0,0,0,0,0,0,0,0,0
44337844,10818,0,2,0,0,0,0,0,0,0,0,0
44341488,10819,0,2,0,0,0,0,0,0,0,0,0
44345132,10820,0,2,0,0,0,0,0,0,0,0,0
44348777,10821,0,2,0,0,0,0,0,0,0,0,0
44352420,10822,0,2,0,0,0,0,0,0,0,0,0
44356065,10823,0,2,0,0,0,0,0,0,0,0,0
44359708,10824,0,2,0,0,0,0,0,0,0,0,0
44363353,10825,0,2,0,0,0,0,0,0,0,0,0
44366996,10826,0,2,0,0,0,0,0,0,0,0,0
44370640,10827,0,2,0,0,0,0,0,0,0,0,0
44374284,10828,0,2,0,0,0,0,0,0,0,0,0
44377928,10829,0,2,0,0,0,0,0,0,0,0,0
44381572,10830,0,2,0,0,0,0,0,0,0,0,0
44385217,10831,0,2,0,0,0,0,0,0,0,0,0
44388860,10832,0,2,0,0,0,0,0,0,0,0,0
44392504,10833,0,2,0,0,0,0,0,0,0,0,0
44396149,10834,0,2,0,0,0,0,0,0,0,0,0
44399792,10835,0,2,0,0,0,0,0,0,0,0,0
44403436,10836,0,2,0,0,0,0,0,0,0,0,0
44407081,10837,0,2,0,0,0,0,0,0,0,0,0
44410724,10838,0,2,0,0,0,0,0,0,0,0,0
44414368,10839,0,2,0,0,0,0,0,0,0,0,0
44418013,10840,0,2,0,0,0,0,0,0,0,0,0
44421657,10841,0,2,0,0,0,0,0,0,0,0,0
44425301,10842,0,2,0,0,0,0,0,0,0,0,0
44428944,10843,0,2,0,0,0,0,0,0,0,0,0
44432588,10844,0,2,0,0,0,0,0,0,0,0,0
44436232,10845,0,2,0,0,0,0,0,0,0,0,0
44439876,10846,0,2,0,0,0,0,0,0,0,0,0
44443520,10847,0,2,0,0,0,0,0,0,0,0,0
44447164,10848,0,2,0,0,0,0,0,0,0,0,0
44450808,10849,0,2,0,0,0,0,0,0,0,0,0
44454452,10850,0,2,0,0,0,0,0,0,0,0,0
44458097,10851,0,2,0,0,0,0,0,0,0,0,0
44461740,10852,0,2,0,0,0,0,0,0,0,0,0
44465384,10853,0,2,0,0,0,0,0,0,0,0,0
44469029,10854,0,2,0,0,0,0,0,0,0,0,0
44472672,10855,0,2,0,0,0,0,0,0,0,0,0
44476316,10856,0,2,0,0,0,0,0,0,0,0,0
44479960,10857,0,2,0,0,0,0,0,0,0,0,0
44483604,10858,0,2,0,0,0,0,0,0,0,0,0
44487248,10859,0,2,0,0,0,0,0,0,0,0,0
44490892,10860,0,2,0,0,0,0,0,0,0,0,0
44494537,10861,0,2,0,0,0,0,0,0,0,0,0
44498180,10862,0,2,0,0,0,0,0,0,0,0,0
44501824,10863,0,2,0,0,0,0,0,0,0,0,0
44505468,10864,0,2,0,0,0,0,0,0,0,0,0
44509112,10865,0,2,0,0,0,0,0,0,0,0,0
44512756,10866,0,2,0,0,0,0,0,0,0,0,0
44516400,10867,0,2,0,0,0,0,0,0,0,0,0
44520045,10868,0,2,0,0,0,0,0,0,0,0,0
44523688,10869,0,2,0,0,0,0,0,0,0,0,0
44527332,10870,0,2,0,0,0,0,0,0,0,0,0
44530977,10871,0,2,0,0,0,0,0,0,0,0,0
44534620,10872,0,2,0,0,0,0,0,0,0,0,0
44538264,10873,0,2,0,0,0,0,0,0,0,0,0
44541908,10874,0,2,0,0,0,0,0,0,0,0,0
44545552,10875,0,2,0,0,0,0,0,0,0,0,0
44549196,10876,0,2,0,0,0,0,0,0,0,0,0
44552840,10877,0,2,0,0,0,0,0,0,0,0,0
44556484,10878,0,2,0,0,0,0,0,0,0,0,0
44560128,10879,0,2,0,0,0,0,0,0,0,0,0
44563772,10880,0,2,0,0,0,0,0,0,0,0,0
44567417,10881,0,2,0,0,0,0,0,0,0,0,0
44571061,10882,0,2,0,0,0,0,0,0,0,0,0
44574704,10883,0,2,0,0,0,0,0,0,0,0,0
44578348,10884,0,2,0,0,0,0,0,0,0,0,0
44581992,10885,0,2,0,0,0,0,0,0,0,0,0
44585636,10886,0,2,0,0,0,0,0,0,0,0,0
44589280,10887,0,2,0,0,0,0,0,0,0,0,0
44592924,10888,0,2,0,0,0,0,0,0,0,0,0
44596568,10889,0,2,0,0,0,0,0,0,0,0,0
44600213,10890,0,2,0,0,0,0,0,0,0,0,0
44603857,10891,0,2,0,0,0,0,0,0,0,0,0
44607500,10892,0,2,0,0,0,0,0,0,0,0,0
44611145,10893,0,2,0,0,0,0,0,0,0,0,0
44614788,10894,0,2,0,0,0,0,0,0,0,0,0
44618432,10895,0,2,0,0,0,0,0,0,0,0,0
44622076,10896,0,2,0,0,0,0,0,0,0,0,0
44632178,10897,0,2,0,0,0,0,0,0,0,0,0
44635810,10898,0,2,0,0,0,0,0,0,0,0,0
44639454,10899,0,2,0,0,0,0,0,0,0,0,0
44643099,10900,0,2,0,0,0,0,0,0,0,0,0
44646743,10901,0,2,0,0,0,0,0,0,0,0,0
44650386,10902,0,2,0,0,0,0,0,0,0,0,0
44654030,10903,0,2,0,0,0,0,0,0,0,0,0
44657674,10904,0,2,0,0,0,0,0,0,0,0,0
44661319,10905,0,2,0,0,0,0,0,0,0,0,0
44664962,10906,0,2,0,0,0,0,0,0,0,0,0
44668606,10907,0,2,0,0,0,0,0,0,0,0,0
44672250,10908,0,2,0,0,0,0,0,0,0,0,0
44675894,10909,0,2,0,0,0,0,0,0,0,0,0
44679538,10910,0,2,0,0,0,0,0,0,0,0,0
44683183,10911,0,2,0,0,0,0,0,0,0,0,0
44686826,10912,0,2,0,0,0,0,0,0,0,0,0
44690470,10913,0,2,0,0,0,0,0,0,0,0,0
44694114,10914,0,2,0,0,0,0,0,0,0,0,0
44697758,10915,0,2,0,0,0,0,0,0,0,0,0
44701402,10916,0,2,0,0,0,0,0,0,0,0,0
44705046,10917,0,2,0,0,0,0,0,0,0,0,0
44708690,10918,0,2,0,0,0,0,0,0,0,0,0
44712334,10919,0,2,0,0,0,0,0,0,0,0,0
44715978,10920,0,2,0,0,0,0,0,0,0,0,0
44719623,10921,0,2,0,0,0,0,0,0,0,0,0
44723266,10922,0,2,0,0,0,0,0,0,0,0,0
44726910,10923,0,2,0,0,0,0,0,0,0,0,0
44730554,10924,0,2,0,0,0,0,0,0,0,0,0
44734199,10925,0,2,0,0,0,0,0,0,0,0,0
44737842,10926,0,2,0,0,0,0,0,0,0,0,0
44741486,10927,0,2,0,0,0,0,0,0,0,0,0
44745131,10928,0,2,0,0,0,0,0,0,0,0,0
44748774,10929,0,2,0,0,0,0,0,0,0,0,0
44752418,10930,0,2,0,0,0,0,0,0,0,0,0
44756063,10931,0,2,0,0,0,0,0,0,0,0,0
44759706,10932,0,2,0,0,0,0,0,0,0,0,0
44763350,10933,0,2,0,0,0,0,0,0,0,0,0
44766994,10934,0,2,0,0,0,0,0,0,0,0,0
44770638,10935,0,2,0,0,0,0,0,0,0,0,0
44774283,10936,0,2,0,0,0,0,0,0,0,0,0
44777926,10937,0,2,0,0,0,0,0,0,0,0,0
44781570,10938,0,2,0,0,0,0,0,0,0,0,0
44785214,10939,0,2,0,0,0,0,0,0,0,0,0
44788858,10940,0,2,0,0,0,0,0,0,0,0,0
44792503,10941,0,2,0,0,0,0,0,0,0,0,0
44796146,10942,0,2,0,0,0,0,0,0,0,0,0
44799790,10943,0,2,0,0,0,0,0,0,0,0,0
44803434,10944,0,2,0,0,0,0,0,0,0,0,0
44807078,10945,0,2,0,0,0,0,0,0,0,0,0
44810722,10946,0,2,0,0,0,0,0,0,0,0,0
44814366,10947,0,2,0,0,0,0,0,0,0,0,0
44818011,10948,0,2,0,0,0,0,0,0,0,0,0
44821654,10949,0,2,0,0,0,0,0,0,0,0,0
44825299,10950,0,2,0,0,0,0,0,0,0,0,0
44828943,10951,0,2,0,0,0,0,0,0,0,0,0
44832586,10952,0,2,0,0,0,0,0,0,0,0,0
44836230,10953,0,2,0,0,0,0,0,0,0,0,0
44839874,10954,0,2,0,0,0,0,0,0,0,0,0
44843518,10955,0,2,0,0,0,0,0,0,0,0,0
44847162,10956,0,2,0,0,0,0,0,0,0,0,0
44850806,10957,0,2,0,0,0,0,0,0,0,0,0
44854450,10958,0,2,0,0,0,0,0,0,0,0,0
44858095,10959,0,2,0,0,0,0,0,0,0,0,0
44861738,10960,0,2,0,0,0,0,0,0,0,0,0
44865383,10961,0,2,0,0,0,0,0,0,0,0,0
44869026,10962,0,2,0,0,0,0,0,0,0,0,0
44872670,10963,0,2,0,0,0,0,0,0,0,0,0
44876314,10964,0,2,0,0,0,0,0,0,0,0,0
44879958,10965,0,2,0,0,0,0,0,0,0,0,0
44883602,10966,0,2,0,0,0,0,0,0,0,0,0
44887247,10967,0,2,0,0,0,0,0,0,0,0,0
44890890,10968,0,2,0,0,0,0,0,0,0,0,0
44894534,10969,0,2,0,0,0,0,0,0,0,0,0
44898179,10970,0,2,0,0,0,0,0,0,0,0,0
44901823,10971,0,2,0,0,0,0,0,0,0,0,0
44905466,10972,0,2,0,0,0,0,0,0,0,0,0
44909111,10973,0,2,0,0,0,0,0,0,0,0,0
44912754,10974,0,2,0,0,0,0,0,0,0,0,0
44916398,10975,0,2,0,0,0,0,0,0,0,0,0
44920043,10976,0,2,0,0,0,0,0,0,0,0,0
44923686,10977,0,2,0,0,0,0,0,0,0,0,0
44927330,10978,0,2,0,0,0,0,0,0,0,0,0
44930974,10979,0,2,0,0,0,0,0,0,0,0,0
44934618,10980,0,2,0,0,0,0,0,0,0,0,0
44938263,10981,0,2,0,0,0,0,0,0,0,0,0
44941906,10982,0,2,0,0,0,0,0,0,0,0,0
44945550,10983,0,2,0,0,0,0,0,0,0,0,0
44949195,10984,0,2,0,0,0,0,0,0,0,0,0
44952838,10985,0,2,0,0,0,0,0,0,0,0,0
44956482,10986,0,2,0,0,0,0,0,0,0,0,0
44960126,10987,0,2,0,0,0,0,0,0,0,0,0
44963770,10988,0,2,0,0,0,0,0,0,0,0,0
44967414,10989,0,2,0,0,0,0,0,0,0,0,0
44971058,10990,0,2,0,0,0,0,0,0,0,0,0
44974703,10991,0,2,0,0,0,0,0,0,0,0,0
44978346,10992,0,2,0,0,0,0,0,0,0,0,0
44981990,10993,0,2,0,0,0,0,0,0,0,0,0
44985634,10994,0,2,0,0,0,0,0,0,0,0,0
44989279,10995,0,2,0,0,0,0,0,0,0,0,0
44992922,10996,0,2,0,0,0,0,0,0,0,0,0
44996566,10997,0,2,0,0,0,0,0,0,0,0,0
45000210,10998,0,2,0,0,0,0,0,0,0,0,0
45003854,10999,0,2,0,0,0,0,0,0,0,0,0
45007498,11000,0,2,0,0,0,0,0,0,0,0,0
45011143,11001,0,2,0,0,0,0,0,0,0,0,0
45014786,11002,0,2,0,0,0,0,0,0,0,0,0
45018430,11003,0,2,0,0,0,0,0,0,0,0,0
45022075,11004,0,2,0,0,0,0,0,0,0,0,0
45025718,11005,0,2,0,0,0,0,0,0,0,0,0
45029362,11006,0,2,0,0,0,0,0,0,0,0,0
45033007,11007,0,2,0,0,0,0,0,0,0,0,0
45036650,11008,0,2,0,0,0,0,0,0,0,0,0
45040295,11009,0,2,0,0,0,0,0,0,0,0,0
45043938,11010,0,2,0,0,0,0,0,0,0,0,0
45047583,11011,0,2,0,0,0,0,0,0,0,0,0
45051227,11012,0,2,0,0,0,0,0,0,0,0,0
45054870,11013,0,2,0,0,0,0,0,0,0,0,0
45058514,11014,0,2,0,0,0,0,0,0,0,0,0
45062158,11015,0,2,0,0,0,0,0,0,0,0,0
45065802,11016,0,2,0,0,0,0,0,0,0,0,0
45069446,11017,0,2,0,0,0,0,0,0,0,0,0
45073090,11018,0,2,0,0,0,0,0,0,0,0,0
45076734,11019,0,2,0,0,0,0,0,0,0,0,0
45080378,11020,0,2,0,0,0,0,0,0,0,0,0
45084023,11021,0,2,0,0,0,0,0,0,0,0,0
45087666,11022,0,2,0,0,0,0,0,0,0,0,0
45091310,11023,0,2,0,0,0,0,0,0,0,0,0
45094954,11024,0,2,0,0,0,0,0,0,0,0,0
45098598,11025,0,2,0,0,0,0,0,0,0,0,0
45102242,11026,0,2,0,0,0,0,0,0,0,0,0
45105886,11027,0,2,0,0,0,0,0,0,0,0,0
45109530,11028,0,2,0,0,0,0,0,0,0,0,0
45113174,11029,0,2,0,0,0,0,0,0,0,0,0
45116818,11030,0,2,0,0,0,0,0,0,0,0,0
45120463,11031,0,2,0,0,0,0,0,0,0,0,0
45124106,11032,0,2,0,0,0,0,0,0,0,0,0
45127750,11033,0,2,0,0,0,0,0,0,0,0,0
45131394,11034,0,2,0,0,0,0,0,0,0,0,0
45135038,11035,0,2,0,0,0,0,0,0,0,0,0
45138682,11036,0,2,0,0,0,0,0,0,0,0,0
45142326,11037,0,2,0,0,0,0,0,0,0,0,0
45145970,11038,0,2,0,0,0,0,0,0,0,0,0
45149614,11039,0,2,0,0,0,0,0,0,0,0,0
45153258,11040,0,2,0,0,0,0,0,0,0,0,0
45156903,11041,0,2,0,0,0,0,0,0,0,0,0
45160546,11042,0,2,0,0,0,0,0,0,0,0,0
45164190,11043,0,2,0,0,0,0,0,0,0,0,0
45167834,11044,0,2,0,0,0,0,0,0,0,0,0
45171478,11045,0,2,0,0,0,0,0,0,0,0,0
45175123,11046,0,2,0,0,0,0,0,0,0,0,0
45178766,11047,0,2,0,0,0,0,0,0,0,0,0
45182410,11048,0,2,0,0,0,0,0,0,0,0,0
45186055,11049,0,2,0,0,0,0,0,0,0,0,0
45189698,11050,0,2,0,0,0,0,0,0,0,0,0
45193343,11051,0,2,0,0,0,0,0,0,0,0,0
45196986,11052,0,2,0,0,0,0,0,0,0,0,0
45200630,11053,0,2,0,0,0,0,0,0,0,0,0
45204274,11054,0,2,0,0,0,0,0,0,0,0,0
45207918,11055,0,2,0,0,0,0,0,0,0,0,0
45211562,11056,0,2,0,0,0,0,0,0,0,0,0
45215206,11057,0,2,0,0,0,0,0,0,0,0,0
45218850,11058,0,2,0,0,0,0,0,0,0,0,0
45222494,11059,0,2,0,0,0,0,0,0,0,0,0
45226139,11060,0,2,0,0,0,0,0,0,0,0,0
45229783,11061,0,2,0,0,0,0,0,0,0,0,0
45233426,11062,0,2,0,0,0,0,0,0,0,0,0
45237071,11063,0,2,0,0,0,0,0,0,0,0,0
45240714,11064,0,2,0,0,0,0,0,0,0,0,0
45244358,11065,0,2,0,0,0,0,0,0,0,0,0
45248003,11066,0,2,0,0,0,0,0,0,0,0,0
45251646,11067,0,2,0,0,0,0,0,0,0,0,0
45255290,11068,0,2,0,0,0,0,0,0,0,0,0
45258934,11069,0,2,0,0,0,0,0,0,0,0,0
45262578,11070,0,2,0,0,0,0,0,0,0,0,0
45266223,11071,0,2,0,0,0,0,0,0,0,0,0
45269866,11072,0,2,0,0,0,0,0,0,0,0,0
45273510,11073,0,2,0,0,0,0,0,0,0,0,0
45277154,11074,0,2,0,0,0,0,0,0,0,0,0
45280798,11075,0,2,0,0,0,0,0,0,0,0,0
45284442,11076,0,2,0,0,0,0,0,0,0,0,0
45288087,11077,0,2,0,0,0,0,0,0,0,0,0
45291730,11078,0,2,0,0,0,0,0,0,0,0,0
45295374,11079,0,2,0,0,0,0,0,0,0,0,0
45299018,11080,0,2,0,0,0,0,0,0,0,0,0
45302663,11081,0,2,0,0,0,0,0,0,0,0,0
45306306,11082,0,2,0,0,0,0,0,0,0,0,0
45309950,11083,0,2,0,0,0,0,0,0,0,0,0
45313594,11084,0,2,0,0,0,0,0,0,0,0,0
45317238,11085,0,2,0,0,0,0,0,0,0,0,0
45320882,11086,0,2,0,0,0,0,0,0,0,0,0
45324526,11087,0,2,0,0,0,0,0,0,0,0,0
45328171,11088,0,2,0,0,0,0,0,0,0,0,0
45331814,11089,0,2,0,0,0,0,0,0,0,0,0
45335458,11090,0,2,0,0,0,0,0,0,0,0,0
45339103,11091,0,2,0,0,0,0,0,0,0,0,0
45342746,11092,0,2,0,0,0,0,0,0,0,0,0
45346390,11093,0,2,0,0,0,0,0,0,0,0,0
45350035,11094,0,2,0,0,0,0,0,0,0,0,0
45353678,11095,0,2,0,0,0,0,0,0,0,0,0
45357322,11096,0,2,0,0,0,0,0,0,0,0,0
45360966,11097,0,2,0,0,0,0,0,0,0,0,0
45364610,11098,0,2,0,0,0,0,0,0,0,0,0
45368254,11099,0,2,0,0,0,0,0,0,0,0,0
45371898,11100,0,2,0,0,0,0,0,0,0,0,0
45375543,11101,0,2,0,0,0,0,0,0,0,0,0
45379187,11102,0,2,0,0,0,0,0,0,0,0,0
45382830,11103,0,2,0,0,0,0,0,0,0,0,0
45386474,11104,0,2,0,0,0,0,0,0,0,0,0
45390118,11105,0,2,0,0,0,0,0,0,0,0,0
45393762,11106,0,2,0,0,0,0,0,0,0,0,0
45397406,11107,0,2,0,0,0,0,0,0,0,0,0
45401051,11108,0,2,0,0,0,0,0,0,0,0,0
45404694,11109,0,2,0,0,0,0,0,0,0,0,0
45408338,11110,0,2,0,0,0,0,0,0,0,0,0
45411983,11111,0,2,0,0,0,0,0,0,0,0,0
45415626,11112,0,2,0,0,0,0,0,0,0,0,0
45419271,11113,0,2,0,0,0,0,0,0,0,0,0
45422914,11114,0,2,0,0,0,0,0,0,0,0,0
45426558,11115,0,2,0,0,0,0,0,0,0,0,0
45430202,11116,0,2,0,0,0,0,0,0,0,0,0
45433846,11117,0,2,0,0,0,0,0,0,0,0,0
45437490,11118,0,2,0,0,0,0,0,0,0,0,0
45441135,11119,0,2,0,0,0,0,0,0,0,0,0
45444778,11120,0,2,0,0,0,0,0,0,0,0,0
45448423,11121,0,2,0,0,0,0,0,0,0,0,0
45452067,11122,0,2,0,0,0,0,0,0,0,0,0
45455710,11123,0,2,0,0,0,0,0,0,0,0,0
45464259,11124,0,2,0,0,0,0,0,0,0,0,0
45467891,11125,0,2,0,0,0,0,0,0,0,0,0
45471535,11126,0,2,0,0,0,0,0,0,0,0,0
45475180,11127,0,2,0,0,0,0,0,0,0,0,0
45478823,11128,0,2,0,0,0,0,0,0,0,0,0
45482467,11129,0,2,0,0,0,0,0,0,0,0,0
45486111,11130,0,2,0,0,0,0,0,0,0,0,0
45489756,11131,0,2,0,0,0,0,0,0,0,0,0
45493399,11132,0,2,0,0,0,0,0,0,0,0,0
45497044,11133,0,2,0,0,0,0,0,0,0,0,0
45500687,11134,0,2,0,0,0,0,0,0,0,0,0
45504331,11135,0,2,0,0,0,0,0,0,0,0,0
45507975,11136,0,2,0,0,0,0,0,0,0,0,0
45511619,11137,0,2,0,0,0,0,0,0,0,0,0
45515263,11138,0,2,0,0,0,0,0,0,0,0,0
45518907,11139,0,2,0,0,0,0,0,0,0,0,0
45522551,11140,0,2,0,0,0,0,0,0,0,0,0
45526196,11141,0,2,0,0,0,0,0,0,0,0,0
45529839,11142,0,2,0,0,0,0,0,0,0,0,0
45533483,11143,0,2,0,0,0,0,0,0,0,0,0
45537128,11144,0,2,0,0,0,0,0,0,0,0,0
45540771,11145,0,2,0,0,0,0,0,0,0,0,0
45544415,11146,0,2,0,0,0,0,0,0,0,0,0
45548060,11147,0,2,0,0,0,0,0,0,0,0,0
45551703,11148,0,2,0,0,0,0,0,0,0,0,0
45555348,11149,0,2,0,0,0,0,0,0,0,0,0
45558991,11150,0,2,0,0,0,0,0,0,0,0,0
45562636,11151,0,2,0,0,0,0,0,0,0,0,0
45566279,11152,0,2,0,0,0,0,0,0,0,0,0
45569923,11153,0,2,0,0,0,0,0,0,0,0,0
45573567,11154,0,2,0,0,0,0,0,0,0,0,0
45577211,11155,0,2,0,0,0,0,0,0,0,0,0
45580855,11156,0,2,0,0,0,0,0,0,0,0,0
45584499,11157,0,2,0,0,0,0,0,0,0,0,0
45588143,11158,0,2,0,0,0,0,0,0,0,0,0
45591787,11159,0,2,0,0,0,0,0,0,0,0,0
45595431,11160,0,2,0,0,0,0,0,0,0,0,0
45599076,11161,0,2,0,0,0,0,0,0,0,0,0
45602719,11162,0,2,0,0,0,0,0,0,0,0,0
45606363,11163,0,2,0,0,0,0,0,0,0,0,0
45610008,11164,0,2,0,0,0,0,0,0,0,0,0
45613651,11165,0,2,0,0,0,0,0,0,0,0,0
45617296,11166,0,2,0,0,0,0,0,0,0,0,0
45620939,11167,0,2,0,0,0,0,0,0,0,0,0
45624583,11168,0,2,0,0,0,0,0,0,0,0,0
45628227,11169,0,2,0,0,0,0,0,0,0,0,0
45631871,11170,0,2,0,0,0,0,0,0,0,0,0
45635516,11171,0,2,0,0,0,0,0,0,0,0,0
45639159,11172,0,2,0,0,0,0,0,0,0,0,0
45642803,11173,0,2,0,0,0,0,0,0,0,0,0
45646447,11174,0,2,0,0,0,0,0,0,0,0,0
45650091,11175,0,2,0,0,0,0,0,0,0,0,0
45653735,11176,0,2,0,0,0,0,0,0,0,0,0
45657379,11177,0,2,0,0,0,0,0,0,0,0,0
45661024,11178,0,2,0,0,0,0,0,0,0,0,0
45664667,11179,0,2,0,0,0,0,0,0,0,0,0
45668311,11180,0,2,0,0,0,0,0,0,0,0,0
45671956,11181,0,2,0,0,0,0,0,0,0,0,0
45675599,11182,0,2,0,0,0,0,0,0,0,0,0
45679243,11183,0,2,0,0,0,0,0,0,0,0,0
45682887,11184,0,2,0,0,0,0,0,0,0,0,0
45686531,11185,0,2,0,0,0,0,0,0,0,0,0
45690175,11186,0,2,0,0,0,0,0,0,0,0,0
45693819,11187,0,2,0,0,0,0,0,0,0,0,0
45697463,11188,0,2,0,0,0,0,0,0,0,0,0
45701108,11189,0,2,0,0,0,0,0,0,0,0,0
45704751,11190,0,2,0,0,0,0,0,0,0,0,0
45708396,11191,0,2,0,0,0,0,0,0,0,0,0
45712039,11192,0,2,0,0,0,0,0,0,0,0,0
45715683,11193,0,2,0,0,0,0,0,0,0,0,0
45719327,11194,0,2,0,0,0,0,0,0,0,0,0
45722971,11195,0,2,0,0,0,0,0,0,0,0,0
45726615,11196,0,2,0,0,0,0,0,0,0,0,0
45730259,11197,0,2,0,0,0,0,0,0,0,0,0
45733903,11198,0,2,0,0,0,0,0,0,0,0,0
45737547,11199,0,2,0,0,0,0,0,0,0,0,0
45741191,11200,0,2,0,0,0,0,0,0,0,0,0
45744836,11201,0,2,0,0,0,0,0,0,0,0,0
45748479,11202,0,2,0,0,0,0,0,0,0,0,0
45752124,11203,0,2,0,0,0,0,0,0,0,0,0
45755767,11204,0,2,0,0,0,0,0,0,0,0,0
45759411,11205,0,2,0,0,0,0,0,0,0,0,0
45763055,11206,0,2,0,0,0,0,0,0,0,0,0
45766699,11207,0,2,0,0,0,0,0,0,0,0,0
45770343,11208,0,2,0,0,0,0,0,0,0,0,0
45773987,11209,0,2,0,0,0,0,0,0,0,0,0
45777631,11210,0,2,0,0,0,0,0,0,0,0,0
45781276,11211,0,2,0,0,0,0,0,0,0,0,0
45784919,11212,0,2,0,0,0,0,0,0,0,0,0
45788563,11213,0,2,0,0,0,0,0,0,0,0,0
45792207,11214,0,2,0,0,0,0,0,0,0,0,0
45795851,11215,0,2,0,0,0,0,0,0,0,0,0
45799495,11216,0,2,0,0,0,0,0,0,0,0,0
45803139,11217,0,2,0,0,0,0,0,0,0,0,0
45806783,11218,0,2,0,0,0,0,0,0,0,0,0
45810427,11219,0,2,0,0,0,0,0,0,0,0,0
45814072,11220,0,2,0,0,0,0,0,0,0,0,0
45817716,11221,0,2,0,0,0,0,0,0,0,0,0
45821359,11222,0,2,0,0,0,0,0,0,0,0,0
45825004,11223,0,2,0,0,0,0,0,0,0,0,0
45828647,11224,0,2,0,0,0,0,0,0,0,0,0
45832291,11225,0,2,0,0,0,0,0,0,0,0,0
45835935,11226,0,2,0,0,0,0,0,0,0,0,0
45839579,11227,0,2,0,0,0,0,0,0,0,0,0
45843224,11228,0,2,0,0,0,0,0,0,0,0,0
45846867,11229,0,2,0,0,0,0,0,0,0,0,0
45850511,11230,0,2,0,0,0,0,0,0,0,0,0
45854156,11231,0,2,0,0,0,0,0,0,0,0,0
45857799,11232,0,2,0,0,0,0,0,0,0,0,0
45861443,11233,0,2,0,0,0,0,0,0,0,0,0
45865087,11234,0,2,0,0,0,0,0,0,0,0,0
45868731,11235,0,2,0,0,0,0,0,0,0,0,0
45872375,11236,0,2,0,0,0,0,0,0,0,0,0
45876019,11237,0,2,0,0,0,0,0,0,0,0,0
45879663,11238,0,2,0,0,0,0,0,0,0,0,0
45883307,11239,0,2,0,0,0,0,0,0,0,0,0
45886951,11240,0,2,0,0,0,0,0,0,0,0,0
45890596,11241,0,2,0,0,0,0,0,0,0,0,0
45894239,11242,0,2,0,0,0,0,0,0,0,0,0
45897883,11243,0,2,0,0,0,0,0,0,0,0,0
45901527,11244,0,2,0,0,0,0,0,0,0,0,0
45905171,11245,0,2,0,0,0,0,0,0,0,0,0
45908815,11246,0,2,0,0,0,0,0,0,0,0,0
45912459,11247,0,2,0,0,0,0,0,0,0,0,0
45916104,11248,0,2,0,0,0,0,0,0,0,0,0
45919747,11249,0,2,0,0,0,0,0,0,0,0,0
45923391,11250,0,2,0,0,0,0,0,0,0,0,0
45927036,11251,0,2,0,0,0,0,0,0,0,0,0
45930679,11252,0,2,0,0,0,0,0,0,0,0,0
45934324,11253,0,2,0,0,0,0,0,0,0,0,0
45937967,11254,0,2,0,0,0,0,0,0,0,0,0
45941611,11255,0,2,0,0,0,0,0,0,0,0,0
45945255,11256,0,2,0,0,0,0,0,0,0,0,0
45948899,11257,0,2,0,0,0,0,0,0,0,0,0
45952543,11258,0,2,0,0,0,0,0,0,0,0,0
45956187,11259,0,2,0,0,0,0,0,0,0,0,0
45959831,11260,0,2,0,0,0,0,0,0,0,0,0
45963476,11261,0,2,0,0,0,0,0,0,0,0,0
45967120,11262,0,2,0,0,0,0,0,0,0,0,0
45970763,11263,0,2,0,0,0,0,0,0,0,0,0
45974407,11264,0,2,0,0,0,0,0,0,0,0,0
45978052,11265,0,2,0,0,0,0,0,0,0,0,0
45981695,11266,0,2,0,0,0,0,0,0,0,0,0
45985339,11267,0,2,0,0,0,0,0,0,0,0,0
45988983,11268,0,2,0,0,0,0,0,0,0,0,0
45992627,11269,0,2,0,0,0,0,0,0,0,0,0
45996272,11270,0,2,0,0,0,0,0,0,0,0,0
45999916,11271,0,2,0,0,0,0,0,0,0,0,0
46003559,11272,0,2,0,0,0,0,0,0,0,0,0
46007203,11273,0,2,0,0,0,0,0,0,0,0,0
46010847,11274,0,2,0,0,0,0,0,0,0,0,0
46014491,11275,0,2,0,0,0,0,0,0,0,0,0
46018135,11276,0,2,0,0,0,0,0,0,0,0,0
46021779,11277,0,2,0,0,0,0,0,0,0,0,0
46025423,11278,0,2,0,0,0,0,0,0,0,0,0
46029068,11279,0,2,0,0,0,0,0,0,0,0,0
46032711,11280,0,2,0,0,0,0,0,0,0,0,0
46036356,11281,0,2,0,0,0,0,0,0,0,0,0
46039999,11282,0,2,0,0,0,0,0,0,0,0,0
46043643,11283,0,2,0,0,0,0,0,0,0,0,0
46047288,11284,0,2,0,0,0,0,0,0,0,0,0
46050931,11285,0,2,0,0,0,0,0,0,0,0,0
46054575,11286,0,2,0,0,0,0,0,0,0,0,0
46058219,11287,0,2,0,0,0,0,0,0,0,0,0
46061863,11288,0,2,0,0,0,0,0,0,0,0,0
46065507,11289,0,2,0,0,0,0,0,0,0,0,0
46069151,11290,0,2,0,0,0,0,0,0,0,0,0
46072796,11291,0,2,0,0,0,0,0,0,0,0,0
46076439,11292,0,2,0,0,0,0,0,0,0,0,0
46080084,11293,0,2,0,0,0,0,0,0,0,0,0
46083727,11294,0,2,0,0,0,0,0,0,0,0,0
46087371,11295,0,2,0,0,0,0,0,0,0,0,0
46091016,11296,0,2,0,0,0,0,0,0,0,0,0
46094659,11297,0,2,0,0,0,0,0,0,0,0,0
46098303,11298,0,2,0,0,0,0,0,0,0,0,0
46101947,11299,0,2,0,0,0,0,0,0,0,0,0
46105591,11300,0,2,0,0,0,0,0,0,0,0,0
46109236,11301,0,2,0,0,0,0,0,0,0,0,0
46112879,11302,0,2,0,0,0,0,0,0,0,0,0
46116523,11303,0,2,0,0,0,0,0,0,0,0,0
46120167,11304,0,2,0,0,0,0,0,0,0,0,0
46123811,11305,0,2,0,0,0,0,0,0,0,0,0
46127455,11306,0,2,0,0,0,0,0,0,0,0,0
46131099,11307,0,2,0,0,0,0,0,0,0,0,0
46134743,11308,0,2,0,0,0,0,0,0,0,0,0
46138387,11309,0,2,0,0,0,0,0,0,0,0,0
46142032,11310,0,2,0,0,0,0,0,0,0,0,0
46145676,11311,0,2,0,0,0,0,0,0,0,0,0
46149320,11312,0,2,0,0,0,0,0,0,0,0,0
46152963,11313,0,2,0,0,0,0,0,0,0,0,0
46156607,11314,0,2,0,0,0,0,0,0,0,0,0
46160251,11315,0,2,0,0,0,0,0,0,0,0,0
46163895,11316,0,2,0,0,0,0,0,0,0,0,0
46167539,11317,0,2,0,0,0,0,0,0,0,0,0
46171183,11318,0,2,0,0,0,0,0,0,0,0,0
46174827,11319,0,2,0,0,0,0,0,0,0,0,0
46178471,11320,0,2,0,0,0,0,0,0,0,0,0
46182116,11321,0,2,0,0,0,0,0,0,0,0,0
46185759,11322,0,2,0,0,0,0,0,0,0,0,0
46189403,11323,0,2,0,0,0,0,0,0,0,0,0
46193048,11324,0,2,0,0,0,0,0,0,0,0,0
46196691,11325,0,2,0,0,0,0,0,0,0,0,0
46200335,11326,0,2,0,0,0,0,0,0,0,0,0
46203979,11327,0,2,0,0,0,0,0,0,0,0,0
46207623,11328,0,2,0,0,0,0,0,0,0,0,0
46211267,11329,0,2,0,0,0,0,0,0,0,0,0
46214911,11330,0,2,0,0,0,0,0,0,0,0,0
46218556,11331,0,2,0,0,0,0,0,0,0,0,0
46222200,11332,0,2,0,0,0,0,0,0,0,0,0
46225843,11333,0,2,0,0,0,0,0,0,0,0,0
46229487,11334,0,2,0,0,0,0,0,0,0,0,0
46233132,11335,0,2,0,0,0,0,0,0,0,0,0
46236775,11336,0,2,0,0,0,0,0,0,0,0,0
46240419,11337,0,2,0,0,0,0,0,0,0,0,0
46244064,11338,0,2,0,0,0,0,0,0,0,0,0
46247707,11339,0,2,0,0,0,0,0,0,0,0,0
46251351,11340,0,2,0,0,0,0,0,0,0,0,0
46254996,11341,0,2,0,0,0,0,0,0,0,0,0
46258639,11342,0,2,0,0,0,0,0,0,0,0,0
46262283,11343,0,2,0,0,0,0,0,0,0,0,0
46265927,11344,0,2,0,0,0,0,0,0,0,0,0
46269571,11345,0,2,0,0,0,0,0,0,0,0,0
46273215,11346,0,2,0,0,0,0,0,0,0,0,0
46276859,11347,0,2,0,0,0,0,0,0,0,0,0
46280503,11348,0,2,0,0,0,0,0,0,0,0,0
46284148,11349,0,2,0,0,0,0,0,0,0,0,0
46287791,11350,0,2,0,0,0,0,0,0,0,0,0
46298128,11351,0,2,0,0,0,0,0,0,0,0,0
46301760,11352,0,2,0,0,0,0,0,0,0,0,0
46305404,11353,0,2,0,0,0,0,0,0,0,0,0
46309048,11354,0,2,0,0,0,0,0,0,0,0,0
46312692,11355,0,2,0,0,0,0,0,0,0,0,0
46316336,11356,0,2,0,0,0,0,0,0,0,0,0
46319980,11357,0,2,0,0,0,0,0,0,0,0,0
46323624,11358,0,2,0,0,0,0,0,0,0,0,0
46327268,11359,0,2,0,0,0,0,0,0,0,0,0
46330912,11360,0,2,0,0,0,0,0,0,0,0,0
46334557,11361,0,2,0,0,0,0,0,0,0,0,0
46338201,11362,0,2,0,0,0,0,0,0,0,0,0
46341844,11363,0,2,0,0,0,0,0,0,0,0,0
46345488,11364,0,2,0,0,0,0,0,0,0,0,0
46349133,11365,0,2,0,0,0,0,0,0,0,0,0
46352776,11366,0,2,0,0,0,0,0,0,0,0,0
46356420,11367,0,2,0,0,0,0,0,0,0,0,0
46360064,11368,0,2,0,0,0,0,0,0,0,0,0
46363708,11369,0,2,0,0,0,0,0,0,0,0,0
46367352,11370,0,2,0,0,0,0,0,0,0,0,0
46370997,11371,0,2,0,0,0,0,0,0,0,0,0
46374640,11372,0,2,0,0,0,0,0,0,0,0,0
46378284,11373,0,2,0,0,0,0,0,0,0,0,0
46381928,11374,0,2,0,0,0,0,0,0,0,0,0
46385572,11375,0,2,0,0,0,0,0,0,0,0,0
46389216,11376,0,2,0,0,0,0,0,0,0,0,0
46392860,11377,0,2,0,0,0,0,0,0,0,0,0
46396504,11378,0,2,0,0,0,0,0,0,0,0,0
46400149,11379,0,2,0,0,0,0,0,0,0,0,0
46403792,11380,0,2,0,0,0,0,0,0,0,0,0
46407437,11381,0,2,0,0,0,0,0,0,0,0,0
46411081,11382,0,2,0,0,0,0,0,0,0,0,0
46414724,11383,0,2,0,0,0,0,0,0,0,0,0
46418368,11384,0,2,0,0,0,0,0,0,0,0,0
46422013,11385,0,2,0,0,0,0,0,0,0,0,0
46425656,11386,0,2,0,0,0,0,0,0,0,0,0
46429301,11387,0,2,0,0,0,0,0,0,0,0,0
46432944,11388,0,2,0,0,0,0,0,0,0,0,0
46436588,11389,0,2,0,0,0,0,0,0,0,0,0
46440232,11390,0,2,0,0,0,0,0,0,0,0,0
46443877,11391,0,2,0,0,0,0,0,0,0,0,0
46447520,11392,0,2,0,0,0,0,0,0,0,0,0
46451164,11393,0,2,0,0,0,0,0,0,0,0,0
46454808,11394,0,2,0,0,0,0,0,0,0,0,0
46458452,11395,0,2,0,0,0,0,0,0,0,0,0
46462097,11396,0,2,0,0,0,0,0,0,0,0,0
46465740,11397,0,2,0,0,0,0,0,0,0,0,0
46469384,11398,0,2,0,0,0,0,0,0,0,0,0
46473029,11399,0,2,0,0,0,0,0,0,0,0,0
46476672,11400,0,2,0,0,0,0,0,0,0,0,0
46480317,11401,0,2,0,0,0,0,0,0,0,0,0
46483960,11402,0,2,0,0,0,0,0,0,0,0,0
46487604,11403,0,2,0,0,0,0,0,0,0,0,0
46491248,11404,0,2,0,0,0,0,0,0,0,0,0
46494892,11405,0,2,0,0,0,0,0,0,0,0,0
46498536,11406,0,2,0,0,0,0,0,0,0,0,0
46502181,11407,0,2,0,0,0,0,0,0,0,0,0
46505824,11408,0,2,0,0,0,0,0,0,0,0,0
46509468,11409,0,2,0,0,0,0,0,0,0,0,0
46513112,11410,0,2,0,0,0,0,0,0,0,0,0
46516757,11411,0,2,0,0,0,0,0,0,0,0,0
46520400,11412,0,2,0,0,0,0,0,0,0,0,0
46524045,11413,0,2,0,0,0,0,0,0,0,0,0
46527688,11414,0,2,0,0,0,0,0,0,0,0,0
46531332,11415,0,2,0,0,0,0,0,0,0,0,0
46534976,11416,0,2,0,0,0,0,0,0,0,0,0
46538620,11417,0,2,0,0,0,0,0,0,0,0,0
46542264,11418,0,2,0,0,0,0,0,0,0,0,0
46545908,11419,0,2,0,0,0,0,0,0,0,0,0
46549552,11420,0,2,0,0,0,0,0,0,0,0,0
46553197,11421,0,2,0,0,0,0,0,0,0,0,0
46556840,11422,0,2,0,0,0,0,0,0,0,0,0
46560484,11423,0,2,0,0,0,0,0,0,0,0,0
46564128,11424,0,2,0,0,0,0,0,0,0,0,0
46567772,11425,0,2,0,0,0,0,0,0,0,0,0
46571416,11426,0,2,0,0,0,0,0,0,0,0,0
46575061,11427,0,2,0,0,0,0,0,0,0,0,0
46578704,11428,0,2,0,0,0,0,0,0,0,0,0
46582348,11429,0,2,0,0,0,0,0,0,0,0,0
46585992,11430,0,2,0,0,0,0,0,0,0,0,0
46589637,11431,0,2,0,0,0,0,0,0,0,0,0
46593280,11432,0,2,0,0,0,0,0,0,0,0,0
46596924,11433,0,2,0,0,0,0,0,0,0,0,0
46600568,11434,0,2,0,0,0,0,0,0,0,0,0
46604213,11435,0,2,0,0,0,0,0,0,0,0,0
46607856,11436,0,2,0,0,0,0,0,0,0,0,0
46611500,11437,0,2,0,0,0,0,0,0,0,0,0
46615144,11438,0,2,0,0,0,0,0,0,0,0,0
46618788,11439,0,2,0,0,0,0,0,0,0,0,0
46622432,11440,0,2,0,0,0,0,0,0,0,0,0
46626077,11441,0,2,0,0,0,0,0,0,0,0,0
46629720,11442,0,2,0,0,0,0,0,0,0,0,0
46633364,11443,0,2,0,0,0,0,0,0,0,0,0
46637008,11444,0,2,0,0,0,0,0,0,0,0,0
46640652,11445,0,2,0,0,0,0,0,0,0,0,0
46644296,11446,0,2,0,0,0,0,0,0,0,0,0
46647940,11447,0,2,0,0,0,0,0,0,0,0,0
46651584,11448,0,2,0,0,0,0,0,0,0,0,0
46655228,11449,0,2,0,0,0,0,0,0,0,0,0
46658872,11450,0,2,0,0,0,0,0,0,0,0,0
46662517,11451,0,2,0,0,0,0,0,0,0,0,0
46666161,11452,0,2,0,0,0,0,0,0,0,0,0
46669804,11453,0,2,0,0,0,0,0,0,0,0,0
46673448,11454,0,2,0,0,0,0,0,0,0,0,0
46677093,11455,0,2,0,0,0,0,0,0,0,0,0
46680736,11456,0,2,0,0,0,0,0,0,0,0,0
46684380,11457,0,2,0,0,0,0,0,0,0,0,0
46688025,11458,0,2,0,0,0,0,0,0,0,0,0
46691668,11459,0,2,0,0,0,0,0,0,0,0,0
46695313,11460,0,2,0,0,0,0,0,0,0,0,0
46698957,11461,0,2,0,0,0,0,0,0,0,0,0
46702600,11462,0,2,0,0,0,0,0,0,0,0,0
46706244,11463,0,2,0,0,0,0,0,0,0,0,0
46709888,11464,0,2,0,0,0,0,0,0,0,0,0
46713532,11465,0,2,0,0,0,0,0,0,0,0,0
46717176,11466,0,2,0,0,0,0,0,0,0,0,0
46720820,11467,0,2,0,0,0,0,0,0,0,0,0
46724464,11468,0,2,0,0,0,0,0,0,0,0,0
46728109,11469,0,2,0,0,0,0,0,0,0,0,0
46731752,11470,0,2,0,0,0,0,0,0,0,0,0
46735397,11471,0,2,0,0,0,0,0,0,0,0,0
46739041,11472,0,2,0,0,0,0,0,0,0,0,0
46742684,11473,0,2,0,0,0,0,0,0,0,0,0
46746328,11474,0,2,0,0,0,0,0,0,0,0,0
46749972,11475,0,2,0,0,0,0,0,0,0,0,0
46753616,11476,0,2,0,0,0,0,0,0,0,0,0
46757260,11477,0,2,0,0,0,0,0,0,0,0,0
46760904,11478,0,2,0,0,0,0,0,0,0,0,0
46764548,11479,0,2,0,0,0,0,0,0,0,0,0
46768192,11480,0,2,0,0,0,0,0,0,0,0,0
46771837,11481,0,2,0,0,0,0,0,0,0,0,0
46775480,11482,0,2,0,0,0,0,0,0,0,0,0
46779124,11483,0,2,0,0,0,0,0,0,0,0,0
46782768,11484,0,2,0,0,0,0,0,0,0,0,0
46786412,11485,0,2,0,0,0,0,0,0,0,0,0
46790057,11486,0,2,0,0,0,0,0,0,0,0,0
46793700,11487,0,2,0,0,0,0,0,0,0,0,0
46797345,11488,0,2,0,0,0,0,0,0,0,0,0
46800988,11489,0,2,0,0,0,0,0,0,0,0,0
46804632,11490,0,2,0,0,0,0,0,0,0,0,0
46808277,11491,0,2,0,0,0,0,0,0,0,0,0
46811920,11492,0,2,0,0,0,0,0,0,0,0,0
46815564,11493,0,2,0,0,0,0,0,0,0,0,0
46819209,11494,0,2,0,0,0,0,0,0,0,0,0
46822852,11495,0,2,0,0,0,0,0,0,0,0,0
46826496,11496,0,2,0,0,0,0,0,0,0,0,0
46830141,11497,0,2,0,0,0,0,0,0,0,0,0
46833784,11498,0,2,0,0,0,0,0,0,0,0,0
46837428,11499,0,2,0,0,0,0,0,0,0,0,0
46841073,11500,0,2,0,0,0,0,0,0,0,0,0
46844717,11501,0,2,0,0,0,0,0,0,0,0,0
46848361,11502,0,2,0,0,0,0,0,0,0,0,0
46852004,11503,0,2,0,0,0,0,0,0,0,0,0
46855648,11504,0,2,0,0,0,0,0,0,0,0,0
46859292,11505,0,2,0,0,0,0,0,0,0,0,0
46862936,11506,0,2,0,0,0,0,0,0,0,0,0
46866580,11507,0,2,0,0,0,0,0,0,0,0,0
46870224,11508,0,2,0,0,0,0,0,0,0,0,0
46873868,11509,0,2,0,0,0,0,0,0,0,0,0
46877512,11510,0,2,0,0,0,0,0,0,0,0,0
46881157,11511,0,2,0,0,0,0,0,0,0,0,0
46884800,11512,0,2,0,0,0,0,0,0,0,0,0
46888444,11513,0,2,0,0,0,0,0,0,0,0,0
46892089,11514,0,2,0,0,0,0,0,0,0,0,0
46895732,11515,0,2,0,0,0,0,0,0,0,0,0
46899376,11516,0,2,0,0,0,0,0,0,0,0,0
46903020,11517,0,2,0,0,0,0,0,0,0,0,0
46906664,11518,0,2,0,0,0,0,0,0,0,0,0
46910309,11519,0,2,0,0,0,0,0,0,0,0,0
46913952,11520,0,2,0,0,0,0,0,0,0,0,0
46917597,11521,0,2,0,0,0,0,0,0,0,0,0
46921240,11522,0,2,0,0,0,0,0,0,0,0,0
46924884,11523,0,2,0,0,0,0,0,0,0,0,0
46928528,11524,0,2,0,0,0,0,0,0,0,0,0
46932172,11525,0,2,0,0,0,0,0,0,0,0,0
46935816,11526,0,2,0,0,0,0,0,0,0,0,0
46939460,11527,0,2,0,0,0,0,0,0,0,0,0
46943105,11528,0,2,0,0,0,0,0,0,0,0,0
46946748,11529,0,2,0,0,0,0,0,0,0,0,0
46950392,11530,0,2,0,0,0,0,0,0,0,0,0
46954037,11531,0,2,0,0,0,0,0,0,0,0,0
46957680,11532,0,2,0,0,0,0,0,0,0,0,0
46961324,11533,0,2,0,0,0,0,0,0,0,0,0
46964968,11534,0,2,0,0,0,0,0,0,0,0,0
46968612,11535,0,2,0,0,0,0,0,0,0,0,0
46972256,11536,0,2,0,0,0,0,0,0,0,0,0
46975900,11537,0,2,0,0,0,0,0,0,0,0,0
46979544,11538,0,2,0,0,0,0,0,0,0,0,0
46983189,11539,0,2,0,0,0,0,0,0,0,0,0
46986832,11540,0,2,0,0,0,0,0,0,0,0,0
46990477,11541,0,2,0,0,0,0,0,0,0,0,0
46994121,11542,0,2,0,0,0,0,0,0,0,0,0
46997764,11543,0,2,0,0,0,0,0,0,0,0,0
47001408,11544,0,2,0,0,0,0,0,0,0,0,0
47005052,11545,0,2,0,0,0,0,0,0,0,0,0
47008696,11546,0,2,0,0,0,0,0,0,0,0,0
47012341,11547,0,2,0,0,0,0,0,0,0,0,0
47015984,11548,0,2,0,0,0,0,0,0,0,0,0
47019628,11549,0,2,0,0,0,0,0,0,0,0,0
47023272,11550,0,2,0,0,0,0,0,0,0,0,0
47026917,11551,0,2,0,0,0,0,0,0,0,0,0
47030560,11552,0,2,0,0,0,0,0,0,0,0,0
47034204,11553,0,2,0,0,0,0,0,0,0,0,0
47037848,11554,0,2,0,0,0,0,0,0,0,0,0
47041492,11555,0,2,0,0,0,0,0,0,0,0,0
47045137,11556,0,2,0,0,0,0,0,0,0,0,0
47048780,11557,0,2,0,0,0,0,0,0,0,0,0
47052424,11558,0,2,0,0,0,0,0,0,0,0,0
47056068,11559,0,2,0,0,0,0,0,0,0,0,0
47059712,11560,0,2,0,0,0,0,0,0,0,0,0
47063357,11561,0,2,0,0,0,0,0,0,0,0,0
47067000,11562,0,2,0,0,0,0,0,0,0,0,0
47070644,11563,0,2,0,0,0,0,0,0,0,0,0
47074288,11564,0,2,0,0,0,0,0,0,0,0,0
47077932,11565,0,2,0,0,0,0,0,0,0,0,0
47081576,11566,0,2,0,0,0,0,0,0,0,0,0
47085220,11567,0,2,0,0,0,0,0,0,0,0,0
47088864,11568,0,2,0,0,0,0,0,0,0,0,0
47092508,11569,0,2,0,0,0,0,0,0,0,0,0
47096153,11570,0,2,0,0,0,0,0,0,0,0,0
47099797,11571,0,2,0,0,0,0,0,0,0,0,0
47103440,11572,0,2,0,0,0,0,0,0,0,0,0
47107084,11573,0,2,0,0,0,0,0,0,0,0,0
47110728,11574,0,2,0,0,0,0,0,0,0,0,0
47114372,11575,0,2,0,0,0,0,0,0,0,0,0
47118017,11576,0,2,0,0,0,0,0,0,0,0,0
47121660,11577,0,2,0,0,0,0,0,0,0,0,0
47129794,11578,0,2,0,0,0,0,0,0,0,0,0
47133426,11579,0,2,0,0,0,0,0,0,0,0,0
47137071,11580,0,2,0,0,0,0,0,0,0,0,0
47140715,11581,0,2,0,0,0,0,0,0,0,0,0
47144358,11582,0,2,0,0,0,0,0,0,0,0,0
47148002,11583,0,2,0,0,0,0,0,0,0,0,0
47151646,11584,0,2,0,0,0,0,0,0,0,0,0
47155291,11585,0,2,0,0,0,0,0,0,0,0,0
47158934,11586,0,2,0,0,0,0,0,0,0,0,0
47162578,11587,0,2,0,0,0,0,0,0,0,0,0
47166222,11588,0,2,0,0,0,0,0,0,0,0,0
47169866,11589,0,2,0,0,0,0,0,0,0,0,0
47173510,11590,0,2,0,0,0,0,0,0,0,0,0
47177155,11591,0,2,0,0,0,0,0,0,0,0,0
47180798,11592,0,2,0,0,0,0,0,0,0,0,0
47184442,11593,0,2,0,0,0,0,0,0,0,0,0
47188087,11594,0,2,0,0,0,0,0,0,0,0,0
47191730,11595,0,2,0,0,0,0,0,0,0,0,0
47195374,11596,0,2,0,0,0,0,0,0,0,0,0
47199018,11597,0,2,0,0,0,0,0,0,0,0,0
47202662,11598,0,2,0,0,0,0,0,0,0,0,0
47206307,11599,0,2,0,0,0,0,0,0,0,0,0
47209950,11600,0,2,0,0,0,0,0,0,0,0,0
47213595,11601,0,2,0,0,0,0,0,0,0,0,0
47217239,11602,0,2,0,0,0,0,0,0,0,0,0
47220882,11603,0,2,0,0,0,0,0,0,0,0,0
47224526,11604,0,2,0,0,0,0,0,0,0,0,0
47228171,11605,0,2,0,0,0,0,0,0,0,0,0
47231814,11606,0,2,0,0,0,0,0,0,0,0,0
47235458,11607,0,2,0,0,0,0,0,0,0,0,0
47239103,11608,0,2,0,0,0,0,0,0,0,0,0
47242746,11609,0,2,0,0,0,0,0,0,0,0,0
47246390,11610,0,2,0,0,0,0,0,0,0,0,0
47250035,11611,0,2,0,0,0,0,0,0,0,0,0
47253678,11612,0,2,0,0,0,0,0,0,0,0,0
47257322,11613,0,2,0,0,0,0,0,0,0,0,0
47260966,11614,0,2,0,0,0,0,0,0,0,0,0
47264610,11615,0,2,0,0,0,0,0,0,0,0,0
47268254,11616,0,2,0,0,0,0,0,0,0,0,0
47271898,11617,0,2,0,0,0,0,0,0,0,0,0
47275542,11618,0,2,0,0,0,0,0,0,0,0,0
47279187,11619,0,2,0,0,0,0,0,0,0,0,0
47282830,11620,0,2,0,0,0,0,0,0,0,0,0
47286475,11621,0,2,0,0,0,0,0,0,0,0,0
47290119,11622,0,2,0,0,0,0,0,0,0,0,0
47293762,11623,0,2,0,0,0,0,0,0,0,0,0
47297406,11624,0,2,0,0,0,0,0,0,0,0,0
47301051,11625,0,2,0,0,0,0,0,0,0,0,0
47304694,11626,0,2,0,0,0,0,0,0,0,0,0
47308338,11627,0,2,0,0,0,0,0,0,0,0,0
47311982,11628,0,2,0,0,0,0,0,0,0,0,0
47315626,11629,0,2,0,0,0,0,0,0,0,0,0
47319270,11630,0,2,0,0,0,0,0,0,0,0,0
47322915,11631,0,2,0,0,0,0,0,0,0,0,0
47326558,11632,0,2,0,0,0,0,0,0,0,0,0
47330202,11633,0,2,0,0,0,0,0,0,0,0,0
47333846,11634,0,2,0,0,0,0,0,0,0,0,0
47337490,11635,0,2,0,0,0,0,0,0,0,0,0
47341135,11636,0,2,0,0,0,0,0,0,0,0,0
47344778,11637,0,2,0,0,0,0,0,0,0,0,0
47348422,11638,0,2,0,0,0,0,0,0,0,0,0
47352067,11639,0,2,0,0,0,0,0,0,0,0,0
47355710,11640,0,2,0,0,0,0,0,0,0,0,0
47359355,11641,0,2,0,0,0,0,0,0,0,0,0
47362998,11642,0,2,0,0,0,0,0,0,0,0,0
47366642,11643,0,2,0,0,0,0,0,0,0,0,0
47370287,11644,0,2,0,0,0,0,0,0,0,0,0
47373930,11645,0,2,0,0,0,0,0,0,0,0,0
47377574,11646,0,2,0,0,0,0,0,0,0,0,0
47381218,11647,0,2,0,0,0,0,0,0,0,0,0
47384862,11648,0,2,0,0,0,0,0,0,0,0,0
47388506,11649,0,2,0,0,0,0,0,0,0,0,0
47392151,11650,0,2,0,0,0,0,0,0,0,0,0
47395795,11651,0,2,0,0,0,0,0,0,0,0,0
47399438,11652,0,2,0,0,0,0,0,0,0,0,0
47403083,11653,0,2,0,0,0,0,0,0,0,0,0
47406726,11654,0,2,0,0,0,0,0,0,0,0,0
47410371,11655,0,2,0,0,0,0,0,0,0,0,0
47414014,11656,0,2,0,0,0,0,0,0,0,0,0
47417658,11657,0,2,0,0,0,0,0,0,0,0,0
47421302,11658,0,2,0,0,0,0,0,0,0,0,0
47424946,11659,0,2,0,0,0,0,0,0,0,0,0
47428590,11660,0,2,0,0,0,0,0,0,0,0,0
47432235,11661,0,2,0,0,0,0,0,0,0,0,0
47435878,11662,0,2,0,0,0,0,0,0,0,0,0
47439522,11663,0,2,0,0,0,0,0,0,0,0,0
47443167,11664,0,2,0,0,0,0,0,0,0,0,0
47446810,11665,0,2,0,0,0,0,0,0,0,0,0
47450454,11666,0,2,0,0,0,0,0,0,0,0,0
47454099,11667,0,2,0,0,0,0,0,0,0,0,0
47457742,11668,0,2,0,0,0,0,0,0,0,0,0
47461386,11669,0,2,0,0,0,0,0,0,0,0,0
47465030,11670,0,2,0,0,0,0,0,0,0,0,0
47468675,11671,0,2,0,0,0,0,0,0,0,0,0
47472319,11672,0,2,0,0,0,0,0,0,0,0,0
47475962,11673,0,2,0,0,0,0,0,0,0,0,0
47479606,11674,0,2,0,0,0,0,0,0,0,0,0
47483250,11675,0,2,0,0,0,0,0,0,0,0,0
47486894,11676,0,2,0,0,0,0,0,0,0,0,0
47490538,11677,0,2,0,0,0,0,0,0,0,0,0
47494183,11678,0,2,0,0,0,0,0,0,0,0,0
47497826,11679,0,2,0,0,0,0,0,0,0,0,0
47501470,11680,0,2,0,0,0,0,0,0,0,0,0
47505115,11681,0,2,0,0,0,0,0,0,0,0,0
47508758,11682,0,2,0,0,0,0,0,0,0,0,0
47512402,11683,0,2,0,0,0,0,0,0,0,0,0
47516046,11684,0,2,0,0,0,0,0,0,0,0,0
47519690,11685,0,2,0,0,0,0,0,0,0,0,0
47523334,11686,0,2,0,0,0,0,0,0,0,0,0
47526978,11687,0,2,0,0,0,0,0,0,0,0,0
47530622,11688,0,2,0,0,0,0,0,0,0,0,0
47534266,11689,0,2,0,0,0,0,0,0,0,0,0
47537910,11690,0,2,0,0,0,0,0,0,0,0,0
47541555,11691,0,2,0,0,0,0,0,0,0,0,0
47545198,11692,0,2,0,0,0,0,0,0,0,0,0
47548842,11693,0,2,0,0,0,0,0,0,0,0,0
47552486,11694,0,2,0,0,0,0,0,0,0,0,0
47556130,11695,0,2,0,0,0,0,0,0,0,0,0
47559774,11696,0,2,0,0,0,0,0,0,0,0,0
47563418,11697,0,2,0,0,0,0,0,0,0,0,0
47567063,11698,0,2,0,0,0,0,0,0,0,0,0
47570706,11699,0,2,0,0,0,0,0,0,0,0,0
47574351,11700,0,2,0,0,0,0,0,0,0,0,0
47577995,11701,0,2,0,0,0,0,0,0,0,0,0
47581638,11702,0,2,0,0,0,0,0,0,0,0,0
47585282,11703,0,2,0,0,0,0,0,0,0,0,0
47588926,11704,0,2,0,0,0,0,0,0,0,0,0
47592570,11705,0,2,0,0,0,0,0,0,0,0,0
47596215,11706,0,2,0,0,0,0,0,0,0,0,0
47599858,11707,0,2,0,0,0,0,0,0,0,0,0
47603502,11708,0,2,0,0,0,0,0,0,0,0,0
47607146,11709,0,2,0,0,0,0,0,0,0,0,0
47610790,11710,0,2,0,0,0,0,0,0,0,0,0
47614435,11711,0,2,0,0,0,0,0,0,0,0,0
47618079,11712,0,2,0,0,0,0,0,0,0,0,0
47621722,11713,0,2,0,0,0,0,0,0,0,0,0
47625366,11714,0,2,0,0,0,0,0,0,0,0,0
47629011,11715,0,2,0,0,0,0,0,0,0,0,0
47632654,11716,0,2,0,0,0,0,0,0,0,0,0
47636299,11717,0,2,0,0,0,0,0,0,0,0,0
47639942,11718,0,2,0,0,0,0,0,0,0,0,0
47643586,11719,0,2,0,0,0,0,0,0,0,0,0
47647230,11720,0,2,0,0,0,0,0,0,0,0,0
47650875,11721,0,2,0,0,0,0,0,0,0,0,0
47654518,11722,0,2,0,0,0,0,0,0,0,0,0
47658162,11723,0,2,0,0,0,0,0,0,0,0,0
47661806,11724,0,2,0,0,0,0,0,0,0,0,0
47665450,11725,0,2,0,0,0,0,0,0,0,0,0
47669095,11726,0,2,0,0,0,0,0,0,0,0,0
47672738,11727,0,2,0,0,0,0,0,0,0,0,0
47676383,11728,0,2,0,0,0,0,0,0,0,0,0
47680027,11729,0,2,0,0,0,0,0,0,0,0,0
47683670,11730,0,2,0,0,0,0,0,0,0,0,0
47687315,11731,0,2,0,0,0,0,0,0,0,0,0
47690958,11732,0,2,0,0,0,0,0,0,0,0,0
47694602,11733,0,2,0,0,0,0,0,0,0,0,0
47698247,11734,0,2,0,0,0,0,0,0,0,0,0
47701890,11735,0,2,0,0,0,0,0,0,0,0,0
47705534,11736,0,2,0,0,0,0,0,0,0,0,0
47709179,11737,0,2,0,0,0,0,0,0,0,0,0
47712822,11738,0,2,0,0,0,0,0,0,0,0,0
47716466,11739,0,2,0,0,0,0,0,0,0,0,0
47720110,11740,0,2,0,0,0,0,0,0,0,0,0
47723755,11741,0,2,0,0,0,0,0,0,0,0,0
47727398,11742,0,2,0,0,0,0,0,0,0,0,0
47731043,11743,0,2,0,0,0,0,0,0,0,0,0
47734686,11744,0,2,0,0,0,0,0,0,0,0,0
47738330,11745,0,2,0,0,0,0,0,0,0,0,0
47741974,11746,0,2,0,0,0,0,0,0,0,0,0
47745618,11747,0,2,0,0,0,0,0,0,0,0,0
47749262,11748,0,2,0,0,0,0,0,0,0,0,0
47752906,11749,0,2,0,0,0,0,0,0,0,0,0
47756550,11750,0,2,0,0,0,0,0,0,0,0,0
47760195,11751,0,2,0,0,0,0,0,0,0,0,0
47763838,11752,0,2,0,0,0,0,0,0,0,0,0
47767482,11753,0,2,0,0,0,0,0,0,0,0,0
47771126,11754,0,2,0,0,0,0,0,0,0,0,0
47774770,11755,0,2,0,0,0,0,0,0,0,0,0
47778414,11756,0,2,0,0,0,0,0,0,0,0,0
47782058,11757,0,2,0,0,0,0,0,0,0,0,0
47785702,11758,0,2,0,0,0,0,0,0,0,0,0
47789346,11759,0,2,0,0,0,0,0,0,0,0,0
47792990,11760,0,2,0,0,0,0,0,0,0,0,0
47796635,11761,0,2,0,0,0,0,0,0,0,0,0
47800279,11762,0,2,0,0,0,0,0,0,0,0,0
47803922,11763,0,2,0,0,0,0,0,0,0,0,0
47807566,11764,0,2,0,0,0,0,0,0,0,0,0
47811210,11765,0,2,0,0,0,0,0,0,0,0,0
47814854,11766,0,2,0,0,0,0,0,0,0,0,0
47818498,11767,0,2,0,0,0,0,0,0,0,0,0
47822143,11768,0,2,0,0,0,0,0,0,0,0,0
47825786,11769,0,2,0,0,0,0,0,0,0,0,0
47829430,11770,0,2,0,0,0,0,0,0,0,0,0
47833075,11771,0,2,0,0,0,0,0,0,0,0,0
47836718,11772,0,2,0,0,0,0,0,0,0,0,0
47840362,11773,0,2,0,0,0,0,0,0,0,0,0
47844007,11774,0,2,0,0,0,0,0,0,0,0,0
47847650,11775,0,2,0,0,0,0,0,0,0,0,0
47851295,11776,0,2,0,0,0,0,0,0,0,0,0
47854938,11777,0,2,0,0,0,0,0,0,0,0,0
47858582,11778,0,2,0,0,0,0,0,0,0,0,0
47862227,11779,0,2,0,0,0,0,0,0,0,0,0
47865870,11780,0,2,0,0,0,0,0,0,0,0,0
47869515,11781,0,2,0,0,0,0,0,0,0,0,0
47873158,11782,0,2,0,0,0,0,0,0,0,0,0
47876802,11783,0,2,0,0,0,0,0,0,0,0,0
47880446,11784,0,2,0,0,0,0,0,0,0,0,0
47884090,11785,0,2,0,0,0,0,0,0,0,0,0
47887734,11786,0,2,0,0,0,0,0,0,0,0,0
47891378,11787,0,2,0,0,0,0,0,0,0,0,0
47895023,11788,0,2,0,0,0,0,0,0,0,0,0
47898666,11789,0,2,0,0,0,0,0,0,0,0,0
47902311,11790,0,2,0,0,0,0,0,0,0,0,0
47905955,11791,0,2,0,0,0,0,0,0,0,0,0
47909598,11792,0,2,0,0,0,0,0,0,0,0,0
47913243,11793,0,2,0,0,0,0,0,0,0,0,0
47916886,11794,0,2,0,0,0,0,0,0,0,0,0
47920530,11795,0,2,0,0,0,0,0,0,0,0,0
47924174,11796,0,2,0,0,0,0,0,0,0,0,0
47927818,11797,0,2,0,0,0,0,0,0,0,0,0
47931462,11798,0,2,0,0,0,0,0,0,0,0,0
47935107,11799,0,2,0,0,0,0,0,0,0,0,0
47938750,11800,0,2,0,0,0,0,0,0,0,0,0
47942395,11801,0,2,0,0,0,0,0,0,0,0,0
47946039,11802,0,2,0,0,0,0,0,0,0,0,0
47949682,11803,0,2,0,0,0,0,0,0,0,0,0
47953326,11804,0,2,0,0,0,0,0,0,0,0,0
47961433,11805,0,2,0,0,0,0,0,0,0,0,0
47965065,11806,0,2,0,0,0,0,0,0,0,0,0
47968709,11807,0,2,0,0,0,0,0,0,0,0,0
47972353,11808,0,2,0,0,0,0,0,0,0,0,0
47975997,11809,0,2,0,0,0,0,0,0,0,0,0
47979641,11810,0,2,0,0,0,0,0,0,0,0,0
47983286,11811,0,2,0,0,0,0,0,0,0,0,0
47986929,11812,0,2,0,0,0,0,0,0,0,0,0
47990573,11813,0,2,0,0,0,0,0,0,0,0,0
47994218,11814,0,2,0,0,0,0,0,0,0,0,0
47997861,11815,0,2,0,0,0,0,0,0,0,0,0
48001505,11816,0,2,0,0,0,0,0,0,0,0,0
48005150,11817,0,2,0,0,0,0,0,0,0,0,0
48008793,11818,0,2,0,0,0,0,0,0,0,0,0
48012437,11819,0,2,0,0,0,0,0,0,0,0,0
48016082,11820,0,2,0,0,0,0,0,0,0,0,0
48019726,11821,0,2,0,0,0,0,0,0,0,0,0
48023369,11822,0,2,0,0,0,0,0,0,0,0,0
48027014,11823,0,2,0,0,0,0,0,0,0,0,0
48030657,11824,0,2,0,0,0,0,0,0,0,0,0
48034302,11825,0,2,0,0,0,0,0,0,0,0,0
48037945,11826,0,2,0,0,0,0,0,0,0,0,0
48041589,11827,0,2,0,0,0,0,0,0,0,0,0
48045234,11828,0,2,0,0,0,0,0,0,0,0,0
48048877,11829,0,2,0,0,0,0,0,0,0,0,0
48052521,11830,0,2,0,0,0,0,0,0,0,0,0
48056166,11831,0,2,0,0,0,0,0,0,0,0,0
48059809,11832,0,2,0,0,0,0,0,0,0,0,0
48063453,11833,0,2,0,0,0,0,0,0,0,0,0
48067098,11834,0,2,0,0,0,0,0,0,0,0,0
48070741,11835,0,2,0,0,0,0,0,0,0,0,0
48074385,11836,0,2,0,0,0,0,0,0,0,0,0
48078030,11837,0,2,0,0,0,0,0,0,0,0,0
48081673,11838,0,2,0,0,0,0,0,0,0,0,0
48085317,11839,0,2,0,0,0,0,0,0,0,0,0
48088961,11840,0,2,0,0,0,0,0,0,0,0,0
48092606,11841,0,2,0,0,0,0,0,0,0,0,0
48096249,11842,0,2,0,0,0,0,0,0,0,0,0
48099893,11843,0,2,0,0,0,0,0,0,0,0,0
48103537,11844,0,2,0,0,0,0,0,0,0,0,0
48107181,11845,0,2,0,0,0,0,0,0,0,0,0
48110825,11846,0,2,0,0,0,0,0,0,0,0,0
48114469,11847,0,2,0,0,0,0,0,0,0,0,0
48118114,11848,0,2,0,0,0,0,0,0,0,0,0
48121757,11849,0,2,0,0,0,0,0,0,0,0,0
48125401,11850,0,2,0,0,0,0,0,0,0,0,0
48129046,11851,0,2,0,0,0,0,0,0,0,0,0
48132689,11852,0,2,0,0,0,0,0,0,0,0,0
48136334,11853,0,2,0,0,0,0,0,0,0,0,0
48139977,11854,0,2,0,0,0,0,0,0,0,0,0
48143621,11855,0,2,0,0,0,0,0,0,0,0,0
48147265,11856,0,2,0,0,0,0,0,0,0,0,0
48150909,11857,0,2,0,0,0,0,0,0,0,0,0
48154553,11858,0,2,0,0,0,0,0,0,0,0,0
48158198,11859,0,2,0,0,0,0,0,0,0,0,0
48161841,11860,0,2,0,0,0,0,0,0,0,0,0
48165486,11861,0,2,0,0,0,0,0,0,0,0,0
48169129,11862,0,2,0,0,0,0,0,0,0,0,0
48172773,11863,0,2,0,0,0,0,0,0,0,0,0
48176417,11864,0,2,0,0,0,0,0,0,0,0,0
48180061,11865,0,2,0,0,0,0,0,0,0,0,0
48183705,11866,0,2,0,0,0,0,0,0,0,0,0
48187349,11867,0,2,0,0,0,0,0,0,0,0,0
48190993,11868,0,2,0,0,0,0,0,0,0,0,0
48194637,11869,0,2,0,0,0,0,0,0,0,0,0
48198281,11870,0,2,0,0,0,0,0,0,0,0,0
48201926,11871,0,2,0,0,0,0,0,0,0,0,0
48205570,11872,0,2,0,0,0,0,0,0,0,0,0
48209214,11873,0,2,0,0,0,0,0,0,0,0,0
48212858,11874,0,2,0,0,0,0,0,0,0,0,0
48216502,11875,0,2,0,0,0,0,0,0,0,0,0
48220146,11876,0,2,0,0,0,0,0,0,0,0,0
48223790,11877,0,2,0,0,0,0,0,0,0,0,0
48227434,11878,0,2,0,0,0,0,0,0,0,0,0
48231078,11879,0,2,0,0,0,0,0,0,0,0,0
48234722,11880,0,2,0,0,0,0,0,0,0,0,0
48238367,11881,0,2,0,0,0,0,0,0,0,0,0
48242011,11882,0,2,0,0,0,0,0,0,0,0,0
48245654,11883,0,2,0,0,0,0,0,0,0,0,0
48249299,11884,0,2,0,0,0,0,0,0,0,0,0
48252942,11885,0,2,0,0,0,0,0,0,0,0,0
48256586,11886,0,2,0,0,0,0,0,0,0,0,0
48260230,11887,0,2,0,0,0,0,0,0,0,0,0
48263874,11888,0,2,0,0,0,0,0,0,0,0,0
48267518,11889,0,2,0,0,0,0,0,0,0,0,0
48271162,11890,0,2,0,0,0,0,0,0,0,0,0
48274807,11891,0,2,0,0,0,0,0,0,0,0,0
48278450,11892,0,2,0,0,0,0,0,0,0,0,0
48282095,11893,0,2,0,0,0,0,0,0,0,0,0
48285738,11894,0,2,0,0,0,0,0,0,0,0,0
48289383,11895,0,2,0,0,0,0,0,0,0,0,0
48293027,11896,0,2,0,0,0,0,0,0,0,0,0
48296670,11897,0,2,0,0,0,0,0,0,0,0,0
48300315,11898,0,2,0,0,0,0,0,0,0,0,0
48303958,11899,0,2,0,0,0,0,0,0,0,0,0
48307602,11900,0,2,0,0,0,0,0,0,0,0,0
48311247,11901,0,2,0,0,0,0,0,0,0,0,0
48314890,11902,0,2,0,0,0,0,0,0,0,0,0
48318534,11903,0,2,0,0,0,0,0,0,0,0,0
48322178,11904,0,2,0,0,0,0,0,0,0,0,0
48325822,11905,0,2,0,0,0,0,0,0,0,0,0
48329466,11906,0,2,0,0,0,0,0,0,0,0,0
48333110,11907,0,2,0,0,0,0,0,0,0,0,0
48336754,11908,0,2,0,0,0,0,0,0,0,0,0
48340398,11909,0,2,0,0,0,0,0,0,0,0,0
48344043,11910,0,2,0,0,0,0,0,0,0,0,0
48347687,11911,0,2,0,0,0,0,0,0,0,0,0
48351330,11912,0,2,0,0,0,0,0,0,0,0,0
48354974,11913,0,2,0,0,0,0,0,0,0,0,0
48358618,11914,0,2,0,0,0,0,0,0,0,0,0
48362263,11915,0,2,0,0,0,0,0,0,0,0,0
48365906,11916,0,2,0,0,0,0,0,0,0,0,0
48369550,11917,0,2,0,0,0,0,0,0,0,0,0
48373194,11918,0,2,0,0,0,0,0,0,0,0,0
48376838,11919,0,2,0,0,0,0,0,0,0,0,0
48380482,11920,0,2,0,0,0,0,0,0,0,0,0
48384127,11921,0,2,0,0,0,0,0,0,0,0,0
48387770,11922,0,2,0,0,0,0,0,0,0,0,0
48391414,11923,0,2,0,0,0,0,0,0,0,0,0
48395058,11924,0,2,0,0,0,0,0,0,0,0,0
48398702,11925,0,2,0,0,0,0,0,0,0,0,0
48402346,11926,0,2,0,0,0,0,0,0,0,0,0
48405990,11927,0,2,0,0,0,0,0,0,0,0,0
48409634,11928,0,2,0,0,0,0,0,0,0,0,0
48413279,11929,0,2,0,0,0,0,0,0,0,0,0
48416922,11930,0,2,0,0,0,0,0,0,0,0,0
48420567,11931,0,2,0,0,0,0,0,0,0,0,0
48424210,11932,0,2,0,0,0,0,0,0,0,0,0
48427854,11933,0,2,0,0,0,0,0,0,0,0,0
48431498,11934,0,2,0,0,0,0,0,0,0,0,0
48435143,11935,0,2,0,0,0,0,0,0,0,0,0
48438786,11936,0,2,0,0,0,0,0,0,0,0,0
48442430,11937,0,2,0,0,0,0,0,0,0,0,0
48446075,11938,0,2,0,0,0,0,0,0,0,0,0
48449718,11939,0,2,0,0,0,0,0,0,0,0,0
48453362,11940,0,2,0,0,0,0,0,0,0,0,0
48457007,11941,0,2,0,0,0,0,0,0,0,0,0
48460650,11942,0,2,0,0,0,0,0,0,0,0,0
48464294,11943,0,2,0,0,0,0,0,0,0,0,0
48467938,11944,0,2,0,0,0,0,0,0,0,0,0
48471582,11945,0,2,0,0,0,0,0,0,0,0,0
48475227,11946,0,2,0,0,0,0,0,0,0,0,0
48478870,11947,0,2,0,0,0,0,0,0,0,0,0
48482514,11948,0,2,0,0,0,0,0,0,0,0,0
48486158,11949,0,2,0,0,0,0,0,0,0,0,0
48489802,11950,0,2,0,0,0,0,0,0,0,0,0
48493447,11951,0,2,0,0,0,0,0,0,0,0,0
48497091,11952,0,2,0,0,0,0,0,0,0,0,0
48500734,11953,0,2,0,0,0,0,0,0,0,0,0
48504378,11954,0,2,0,0,0,0,0,0,0,0,0
48508023,11955,0,2,0,0,0,0,0,0,0,0,0
48511666,11956,0,2,0,0,0,0,0,0,0,0,0
48515311,11957,0,2,0,0,0,0,0,0,0,0,0
48518954,11958,0,2,0,0,0,0,0,0,0,0,0
48522598,11959,0,2,0,0,0,0,0,0,0,0,0
48526243,11960,0,2,0,0,0,0,0,0,0,0,0
48529887,11961,0,2,0,0,0,0,0,0,0,0,0
48533530,11962,0,2,0,0,0,0,0,0,0,0,0
48537174,11963,0,2,0,0,0,0,0,0,0,0,0
48540818,11964,0,2,0,0,0,0,0,0,0,0,0
48544462,11965,0,2,0,0,0,0,0,0,0,0,0
48548107,11966,0,2,0,0,0,0,0,0,0,0,0
48551750,11967,0,2,0,0,0,0,0,0,0,0,0
48555394,11968,0,2,0,0,0,0,0,0,0,0,0
48559038,11969,0,2,0,0,0,0,0,0,0,0,0
48562682,11970,0,2,0,0,0,0,0,0,0,0,0
48566327,11971,0,2,0,0,0,0,0,0,0,0,0
48569970,11972,0,2,0,0,0,0,0,0,0,0,0
48573614,11973,0,2,0,0,0,0,0,0,0,0,0
48577258,11974,0,2,0,0,0,0,0,0,0,0,0
48580902,11975,0,2,0,0,0,0,0,0,0,0,0
48584546,11976,0,2,0,0,0,0,0,0,0,0,0
48588191,11977,0,2,0,0,0,0,0,0,0,0,0
48591834,11978,0,2,0,0,0,0,0,0,0,0,0
48595478,11979,0,2,0,0,0,0,0,0,0,0,0
48599123,11980,0,2,0,0,0,0,0,0,0,0,0
48602767,11981,0,2,0,0,0,0,0,0,0,0,0
48606410,11982,0,2,0,0,0,0,0,0,0,0,0
48610055,11983,0,2,0,0,0,0,0,0,0,0,0
48613698,11984,0,2,0,0,0,0,0,0,0,0,0
48617342,11985,0,2,0,0,0,0,0,0,0,0,0
48620986,11986,0,2,0,0,0,0,0,0,0,0,0
48624630,11987,0,2,0,0,0,0,0,0,0,0,0
48628274,11988,0,2,0,0,0,0,0,0,0,0,0
48631918,11989,0,2,0,0,0,0,0,0,0,0,0
48635562,11990,0,2,0,0,0,0,0,0,0,0,0
48639207,11991,0,2,0,0,0,0,0,0,0,0,0
48642850,11992,0,2,0,0,0,0,0,0,0,0,0
48646494,11993,0,2,0,0,0,0,0,0,0,0,0
48650138,11994,0,2,0,0,0,0,0,0,0,0,0
48653782,11995,0,2,0,0,0,0,0,0,0,0,0
48657426,11996,0,2,0,0,0,0,0,0,0,0,0
48661070,11997,0,2,0,0,0,0,0,0,0,0,0
48664714,11998,0,2,0,0,0,0,0,0,0,0,0
48668358,11999,0,2,0,0,0,0,0,0,0,0,0
48672003,12000,0,2,0,0,0,0,0,0,0,0,0
48675647,12001,0,2,0,0,0,0,0,0,0,0,0
48679290,12002,0,2,0,0,0,0,0,0,0,0,0
48682934,12003,0,2,0,0,0,0,0,0,0,0,0
48686578,12004,0,2,0,0,0,0,0,0,0,0,0
48690222,12005,0,2,0,0,0,0,0,0,0,0,0
48693866,12006,0,2,0,0,0,0,0,0,0,0,0
48697510,12007,0,2,0,0,0,0,0,0,0,0,0
48701154,12008,0,2,0,0,0,0,0,0,0,0,0
48704798,12009,0,2,0,0,0,0,0,0,0,0,0
48708442,12010,0,2,0,0,0,0,0,0,0,0,0
48712087,12011,0,2,0,0,0,0,0,0,0,0,0
48715730,12012,0,2,0,0,0,0,0,0,0,0,0
48719374,12013,0,2,0,0,0,0,0,0,0,0,0
48723019,12014,0,2,0,0,0,0,0,0,0,0,0
48726662,12015,0,2,0,0,0,0,0,0,0,0,0
48730307,12016,0,2,0,0,0,0,0,0,0,0,0
48733950,12017,0,2,0,0,0,0,0,0,0,0,0
48737594,12018,0,2,0,0,0,0,0,0,0,0,0
48741238,12019,0,2,0,0,0,0,0,0,0,0,0
48744882,12020,0,2,0,0,0,0,0,0,0,0,0
48748527,12021,0,2,0,0,0,0,0,0,0,0,0
48752171,12022,0,2,0,0,0,0,0,0,0,0,0
48755814,12023,0,2,0,0,0,0,0,0,0,0,0
48759458,12024,0,2,0,0,0,0,0,0,0,0,0
48763102,12025,0,2,0,0,0,0,0,0,0,0,0
48766746,12026,0,2,0,0,0,0,0,0,0,0,0
48770390,12027,0,2,0,0,0,0,0,0,0,0,0
48774035,12028,0,2,0,0,0,0,0,0,0,0,0
48777678,12029,0,2,0,0,0,0,0,0,0,0,0
48781322,12030,0,2,0,0,0,0,0,0,0,0,0
48784967,12031,0,2,0,0,0,0,0,0,0,0,0
48795047,12032,0,2,0,0,0,0,0,0,0,0,0
48798679,12033,0,2,0,0,0,0,0,0,0,0,0
48802324,12034,0,2,0,0,0,0,0,0,0,0,0
48805967,12035,0,2,0,0,0,0,0,0,0,0,0
48809611,12036,0,2,0,0,0,0,0,0,0,0,0
48813255,12037,0,2,0,0,0,0,0,0,0,0,0
48816899,12038,0,2,0,0,0,0,0,0,0,0,0
48820543,12039,0,2,0,0,0,0,0,0,0,0,0
48824187,12040,0,2,0,0,0,0,0,0,0,0,0
48827832,12041,0,2,0,0,0,0,0,0,0,0,0
48831475,12042,0,2,0,0,0,0,0,0,0,0,0
48835119,12043,0,2,0,0,0,0,0,0,0,0,0
48838763,12044,0,2,0,0,0,0,0,0,0,0,0
48842407,12045,0,2,0,0,0,0,0,0,0,0,0
48846052,12046,0,2,0,0,0,0,0,0,0,0,0
48849695,12047,0,2,0,0,0,0,0,0,0,0,0
48853339,12048,0,2,0,0,0,0,0,0,0,0,0
48856983,12049,0,2,0,0,0,0,0,0,0,0,0
48860627,12050,0,2,0,0,0,0,0,0,0,0,0
48864272,12051,0,2,0,0,0,0,0,0,0,0,0
48867915,12052,0,2,0,0,0,0,0,0,0,0,0
48871559,12053,0,2,0,0,0,0,0,0,0,0,0
48875204,12054,0,2,0,0,0,0,0,0,0,0,0
48878847,12055,0,2,0,0,0,0,0,0,0,0,0
48882491,12056,0,2,0,0,0,0,0,0,0,0,0
48886135,12057,0,2,0,0,0,0,0,0,0,0,0
48889779,12058,0,2,0,0,0,0,0,0,0,0,0
48893423,12059,0,2,0,0,0,0,0,0,0,0,0
48897067,12060,0,2,0,0,0,0,0,0,0,0,0
48900712,12061,0,2,0,0,0,0,0,0,0,0,0
48904355,12062,0,2,0,0,0,0,0,0,0,0,0
48907999,12063,0,2,0,0,0,0,0,0,0,0,0
48911643,12064,0,2,0,0,0,0,0,0,0,0,0
48915288,12065,0,2,0,0,0,0,0,0,0,0,0
48918931,12066,0,2,0,0,0,0,0,0,0,0,0
48922575,12067,0,2,0,0,0,0,0,0,0,0,0
48926219,12068,0,2,0,0,0,0,0,0,0,0,0
48929863,12069,0,2,0,0,0,0,0,0,0,0,0
48933507,12070,0,2,0,0,0,0,0,0,0,0,0
48937152,12071,0,2,0,0,0,0,0,0,0,0,0
48940795,12072,0,2,0,0,0,0,0,0,0,0,0
48944439,12073,0,2,0,0,0,0,0,0,0,0,0
48948084,12074,0,2,0,0,0,0,0,0,0,0,0
48951727,12075,0,2,0,0,0,0,0,0,0,0,0
48955371,12076,0,2,0,0,0,0,0,0,0,0,0
48959016,12077,0,2,0,0,0,0,0,0,0,0,0
48962659,12078,0,2,0,0,0,0,0,0,0,0,0
48966303,12079,0,2,0,0,0,0,0,0,0,0,0
48969947,12080,0,2,0,0,0,0,0,0,0,0,0
48973592,12081,0,2,0,0,0,0,0,0,0,0,0
48977236,12082,0,2,0,0,0,0,0,0,0,0,0
48980879,12083,0,2,0,0,0,0,0,0,0,0,0
48984523,12084,0,2,0,0,0,0,0,0,0,0,0
48988167,12085,0,2,0,0,0,0,0,0,0,0,0
48991811,12086,0,2,0,0,0,0,0,0,0,0,0
48995455,12087,0,2,0,0,0,0,0,0,0,0,0
48999099,12088,0,2,0,0,0,0,0,0,0,0,0
49002743,12089,0,2,0,0,0,0,0,0,0,0,0
49006387,12090,0,2,0,0,0,0,0,0,0,0,0
49010032,12091,0,2,0,0,0,0,0,0,0,0,0
49013675,12092,0,2,0,0,0,0,0,0,0,0,0
49017320,12093,0,2,0,0,0,0,0,0,0,0,0
49020963,12094,0,2,0,0,0,0,0,0,0,0,0
49024607,12095,0,2,0,0,0,0,0,0,0,0,0
49028251,12096,0,2,0,0,0,0,0,0,0,0,0
49031895,12097,0,2,0,0,0,0,0,0,0,0,0
49035539,12098,0,2,0,0,0,0,0,0,0,0,0
49039183,12099,0,2,0,0,0,0,0,0,0,0,0
49042827,12100,0,2,0,0,0,0,0,0,0,0,0
49046472,12101,0,2,0,0,0,0,0,0,0,0,0
49050116,12102,0,2,0,0,0,0,0,0,0,0,0
49053759,12103,0,2,0,0,0,0,0,0,0,0,0
49057403,12104,0,2,0,0,0,0,0,0,0,0,0
49061048,12105,0,2,0,0,0,0,0,0,0,0,0
49064691,12106,0,2,0,0,0,0,0,0,0,0,0
49068336,12107,0,2,0,0,0,0,0,0,0,0,0
49071979,12108,0,2,0,0,0,0,0,0,0,0,0
49075623,12109,0,2,0,0,0,0,0,0,0,0,0
49079267,12110,0,2,0,0,0,0,0,0,0,0,0
49082912,12111,0,2,0,0,0,0,0,0,0,0,0
49086555,12112,0,2,0,0,0,0,0,0,0,0,0
49090199,12113,0,2,0,0,0,0,0,0,0,0,0
49093843,12114,0,2,0,0,0,0,0,0,0,0,0
49097487,12115,0,2,0,0,0,0,0,0,0,0,0
49101132,12116,0,2,0,0,0,0,0,0,0,0,0
49104775,12117,0,2,0,0,0,0,0,0,0,0,0
49108419,12118,0,2,0,0,0,0,0,0,0,0,0
49112064,12119,0,2,0,0,0,0,0,0,0,0,0
49115707,12120,0,2,0,0,0,0,0,0,0,0,0
49119352,12121,0,2,0,0,0,0,0,0,0,0,0
49122995,12122,0,2,0,0,0,0,0,0,0,0,0
49126639,12123,0,2,0,0,0,0,0,0,0,0,0
49130283,12124,0,2,0,0,0,0,0,0,0,0,0
49133927,12125,0,2,0,0,0,0,0,0,0,0,0
49137571,12126,0,2,0,0,0,0,0,0,0,0,0
49141215,12127,0,2,0,0,0,0,0,0,0,0,0
49144859,12128,0,2,0,0,0,0,0,0,0,0,0
49148503,12129,0,2,0,0,0,0,0,0,0,0,0
49152148,12130,0,2,0,0,0,0,0,0,0,0,0
49155792,12131,0,2,0,0,0,0,0,0,0,0,0
49159435,12132,0,2,0,0,0,0,0,0,0,0,0
49163080,12133,0,2,0,0,0,0,0,0,0,0,0
49166723,12134,0,2,0,0,0,0,0,0,0,0,0
49170367,12135,0,2,0,0,0,0,0,0,0,0,0
49174011,12136,0,2,0,0,0,0,0,0,0,0,0
49177655,12137,0,2,0,0,0,0,0,0,0,0,0
49181300,12138,0,2,0,0,0,0,0,0,0,0,0
49184943,12139,0,2,0,0,0,0,0,0,0,0,0
49188587,12140,0,2,0,0,0,0,0,0,0,0,0
49192232,12141,0,2,0,0,0,0,0,0,0,0,0
49195875,12142,0,2,0,0,0,0,0,0,0,0,0
49199519,12143,0,2,0,0,0,0,0,0,0,0,0
49203163,12144,0,2,0,0,0,0,0,0,0,0,0
49206807,12145,0,2,0,0,0,0,0,0,0,0,0
49210451,12146,0,2,0,0,0,0,0,0,0,0,0
49214096,12147,0,2,0,0,0,0,0,0,0,0,0
49217739,12148,0,2,0,0,0,0,0,0,0,0,0
49221383,12149,0,2,0,0,0,0,0,0,0,0,0
49225027,12150,0,2,0,0,0,0,0,0,0,0,0
49228672,12151,0,2,0,0,0,0,0,0,0,0,0
49232315,12152,0,2,0,0,0,0,0,0,0,0,0
49235959,12153,0,2,0,0,0,0,0,0,0,0,0
49239603,12154,0,2,0,0,0,0,0,0,0,0,0
49243247,12155,0,2,0,0,0,0,0,0,0,0,0
49246891,12156,0,2,0,0,0,0,0,0,0,0,0
49250535,12157,0,2,0,0,0,0,0,0,0,0,0
49254180,12158,0,2,0,0,0,0,0,0,0,0,0
49257823,12159,0,2,0,0,0,0,0,0,0,0,0
49261467,12160,0,2,0,0,0,0,0,0,0,0,0
49265112,12161,0,2,0,0,0,0,0,0,0,0,0
49268755,12162,0,2,0,0,0,0,0,0,0,0,0
49272399,12163,0,2,0,0,0,0,0,0,0,0,0
49276044,12164,0,2,0,0,0,0,0,0,0,0,0
49279687,12165,0,2,0,0,0,0,0,0,0,0,0
49283331,12166,0,2,0,0,0,0,0,0,0,0,0
49286975,12167,0,2,0,0,0,0,0,0,0,0,0
49290619,12168,0,2,0,0,0,0,0,0,0,0,0
49294263,12169,0,2,0,0,0,0,0,0,0,0,0
49297907,12170,0,2,0,0,0,0,0,0,0,0,0
49301552,12171,0,2,0,0,0,0,0,0,0,0,0
49305196,12172,0,2,0,0,0,0,0,0,0,0,0
49308839,12173,0,2,0,0,0,0,0,0,0,0,0
49312483,12174,0,2,0,0,0,0,0,0,0,0,0
49316128,12175,0,2,0,0,0,0,0,0,0,0,0
49319771,12176,0,2,0,0,0,0,0,0,0,0,0
49323415,12177,0,2,0,0,0,0,0,0,0,0,0
49327060,12178,0,2,0,0,0,0,0,0,0,0,0
49330703,12179,0,2,0,0,0,0,0,0,0,0,0
49334348,12180,0,2,0,0,0,0,0,0,0,0,0
49337992,12181,0,2,0,0,0,0,0,0,0,0,0
49341635,12182,0,2,0,0,0,0,0,0,0,0,0
49345279,12183,0,2,0,0,0,0,0,0,0,0,0
49348923,12184,0,2,0,0,0,0,0,0,0,0,0
49352567,12185,0,2,0,0,0,0,0,0,0,0,0
49356211,12186,0,2,0,0,0,0,0,0,0,0,0
49359855,12187,0,2,0,0,0,0,0,0,0,0,0
49363499,12188,0,2,0,0,0,0,0,0,0,0,0
49367143,12189,0,2,0,0,0,0,0,0,0,0,0
49370787,12190,0,2,0,0,0,0,0,0,0,0,0
49374432,12191,0,2,0,0,0,0,0,0,0,0,0
49378075,12192,0,2,0,0,0,0,0,0,0,0,0
49381719,12193,0,2,0,0,0,0,0,0,0,0,0
49385363,12194,0,2,0,0,0,0,0,0,0,0,0
49389008,12195,0,2,0,0,0,0,0,0,0,0,0
49392651,12196,0,2,0,0,0,0,0,0,0,0,0
49396296,12197,0,2,0,0,0,0,0,0,0,0,0
49399939,12198,0,2,0,0,0,0,0,0,0,0,0
49403583,12199,0,2,0,0,0,0,0,0,0,0,0
49407227,12200,0,2,0,0,0,0,0,0,0,0,0
49410872,12201,0,2,0,0,0,0,0,0,0,0,0
49414515,12202,0,2,0,0,0,0,0,0,0,0,0
49418159,12203,0,2,0,0,0,0,0,0,0,0,0
49421803,12204,0,2,0,0,0,0,0,0,0,0,0
49425447,12205,0,2,0,0,0,0,0,0,0,0,0
49429092,12206,0,2,0,0,0,0,0,0,0,0,0
49432735,12207,0,2,0,0,0,0,0,0,0,0,0
49436380,12208,0,2,0,0,0,0,0,0,0,0,0
49440023,12209,0,2,0,0,0,0,0,0,0,0,0
49443667,12210,0,2,0,0,0,0,0,0,0,0,0
49447312,12211,0,2,0,0,0,0,0,0,0,0,0
49450955,12212,0,2,0,0,0,0,0,0,0,0,0
49454599,12213,0,2,0,0,0,0,0,0,0,0,0
49458244,12214,0,2,0,0,0,0,0,0,0,0,0
49461887,12215,0,2,0,0,0,0,0,0,0,0,0
49465531,12216,0,2,0,0,0,0,0,0,0,0,0
49469175,12217,0,2,0,0,0,0,0,0,0,0,0
49472819,12218,0,2,0,0,0,0,0,0,0,0,0
49476463,12219,0,2,0,0,0,0,0,0,0,0,0
49480108,12220,0,2,0,0,0,0,0,0,0,0,0
49483752,12221,0,2,0,0,0,0,0,0,0,0,0
49487395,12222,0,2,0,0,0,0,0,0,0,0,0
49491039,12223,0,2,0,0,0,0,0,0,0,0,0
49494683,12224,0,2,0,0,0,0,0,0,0,0,0
49498327,12225,0,2,0,0,0,0,0,0,0,0,0
49501971,12226,0,2,0,0,0,0,0,0,0,0,0
49505615,12227,0,2,0,0,0,0,0,0,0,0,0
49509259,12228,0,2,0,0,0,0,0,0,0,0,0
49512903,12229,0,2,0,0,0,0,0,0,0,0,0
49516547,12230,0,2,0,0,0,0,0,0,0,0,0
49520192,12231,0,2,0,0,0,0,0,0,0,0,0
49523835,12232,0,2,0,0,0,0,0,0,0,0,0
49527479,12233,0,2,0,0,0,0,0,0,0,0,0
49531124,12234,0,2,0,0,0,0,0,0,0,0,0
49534767,12235,0,2,0,0,0,0,0,0,0,0,0
49538411,12236,0,2,0,0,0,0,0,0,0,0,0
49542055,12237,0,2,0,0,0,0,0,0,0,0,0
49545699,12238,0,2,0,0,0,0,0,0,0,0,0
49549343,12239,0,2,0,0,0,0,0,0,0,0,0
49552987,12240,0,2,0,0,0,0,0,0,0,0,0
49556632,12241,0,2,0,0,0,0,0,0,0,0,0
49560276,12242,0,2,0,0,0,0,0,0,0,0,0
49563919,12243,0,2,0,0,0,0,0,0,0,0,0
49567563,12244,0,2,0,0,0,0,0,0,0,0,0
49571207,12245,0,2,0,0,0,0,0,0,0,0,0
49574851,12246,0,2,0,0,0,0,0,0,0,0,0
49578495,12247,0,2,0,0,0,0,0,0,0,0,0
49582140,12248,0,2,0,0,0,0,0,0,0,0,0
49585783,12249,0,2,0,0,0,0,0,0,0,0,0
49589427,12250,0,2,0,0,0,0,0,0,0,0,0
49593072,12251,0,2,0,0,0,0,0,0,0,0,0
49596715,12252,0,2,0,0,0,0,0,0,0,0,0
49600360,12253,0,2,0,0,0,0,0,0,0,0,0
49604003,12254,0,2,0,0,0,0,0,0,0,0,0
49607647,12255,0,2,0,0,0,0,0,0,0,0,0
49611291,12256,0,2,0,0,0,0,0,0,0,0,0
49614935,12257,0,2,0,0,0,0,0,0,0,0,0
49618579,12258,0,2,0,0,0,0,0,0,0,0,0
49627130,12259,0,2,0,0,0,0,0,0,0,0,0
49630762,12260,0,2,0,0,0,0,0,0,0,0,0
49634407,12261,0,2,0,0,0,0,0,0,0,0,0
49638051,12262,0,2,0,0,0,0,0,0,0,0,0
49641694,12263,0,2,0,0,0,0,0,0,0,0,0
49645338,12264,0,2,0,0,0,0,0,0,0,0,0
49648982,12265,0,2,0,0,0,0,0,0,0,0,0
49652626,12266,0,2,0,0,0,0,0,0,0,0,0
49656270,12267,0,2,0,0,0,0,0,0,0,0,0
49659914,12268,0,2,0,0,0,0,0,0,0,0,0
49663558,12269,0,2,0,0,0,0,0,0,0,0,0
49667202,12270,0,2,0,0,0,0,0,0,0,0,0
49670847,12271,0,2,0,0,0,0,0,0,0,0,0
49674490,12272,0,2,0,0,0,0,0,0,0,0,0
49678135,12273,0,2,0,0,0,0,0,0,0,0,0
49681778,12274,0,2,0,0,0,0,0,0,0,0,0
49685422,12275,0,2,0,0,0,0,0,0,0,0,0
49689067,12276,0,2,0,0,0,0,0,0,0,0,0
49692710,12277,0,2,0,0,0,0,0,0,0,0,0
49696354,12278,0,2,0,0,0,0,0,0,0,0,0
49699998,12279,0,2,0,0,0,0,0,0,0,0,0
49703642,12280,0,2,0,0,0,0,0,0,0,0,0
49707287,12281,0,2,0,0,0,0,0,0,0,0,0
49710930,12282,0,2,0,0,0,0,0,0,0,0,0
49714574,12283,0,2,0,0,0,0,0,0,0,0,0
49718218,12284,0,2,0,0,0,0,0,0,0,0,0
49721862,12285,0,2,0,0,0,0,0,0,0,0,0
49725506,12286,0,2,0,0,0,0,0,0,0,0,0
49729151,12287,0,2,0,0,0,0,0,0,0,0,0
49732794,12288,0,2,0,0,0,0,0,0,0,0,0
49736438,12289,0,2,0,0,0,0,0,0,0,0,0
49740083,12290,0,2,0,0,0,0,0,0,0,0,0
49743727,12291,0,2,0,0,0,0,0,0,0,0,0
49747370,12292,0,2,0,0,0,0,0,0,0,0,0
49751014,12293,0,2,0,0,0,0,0,0,0,0,0
49754658,12294,0,2,0,0,0,0,0,0,0,0,0
49758302,12295,0,2,0,0,0,0,0,0,0,0,0
49761946,12296,0,2,0,0,0,0,0,0,0,0,0
49765590,12297,0,2,0,0,0,0,0,0,0,0,0
49769234,12298,0,2,0,0,0,0,0,0,0,0,0
49772878,12299,0,2,0,0,0,0,0,0,0,0,0
49776522,12300,0,2,0,0,0,0,0,0,0,0,0
49780167,12301,0,2,0,0,0,0,0,0,0,0,0
49783810,12302,0,2,0,0,0,0,0,0,0,0,0
49787454,12303,0,2,0,0,0,0,0,0,0,0,0
49791098,12304,0,2,0,0,0,0,0,0,0,0,0
49794742,12305,0,2,0,0,0,0,0,0,0,0,0
49798386,12306,0,2,0,0,0,0,0,0,0,0,0
49802030,12307,0,2,0,0,0,0,0,0,0,0,0
49805674,12308,0,2,0,0,0,0,0,0,0,0,0
49809319,12309,0,2,0,0,0,0,0,0,0,0,0
49812962,12310,0,2,0,0,0,0,0,0,0,0,0
49816607,12311,0,2,0,0,0,0,0,0,0,0,0
49820250,12312,0,2,0,0,0,0,0,0,0,0,0
49823894,12313,0,2,0,0,0,0,0,0,0,0,0
49827538,12314,0,2,0,0,0,0,0,0,0,0,0
49831183,12315,0,2,0,0,0,0,0,0,0,0,0
49834826,12316,0,2,0,0,0,0,0,0,0,0,0
49838470,12317,0,2,0,0,0,0,0,0,0,0,0
49842114,12318,0,2,0,0,0,0,0,0,0,0,0
49845758,12319,0,2,0,0,0,0,0,0,0,0,0
49849402,12320,0,2,0,0,0,0,0,0,0,0,0
49853047,12321,0,2,0,0,0,0,0,0,0,0,0
49856690,12322,0,2,0,0,0,0,0,0,0,0,0
49860334,12323,0,2,0,0,0,0,0,0,0,0,0
49863978,12324,0,2,0,0,0,0,0,0,0,0,0
49867622,12325,0,2,0,0,0,0,0,0,0,0,0
49871266,12326,0,2,0,0,0,0,0,0,0,0,0
49874910,12327,0,2,0,0,0,0,0,0,0,0,0
49878554,12328,0,2,0,0,0,0,0,0,0,0,0
49882199,12329,0,2,0,0,0,0,0,0,0,0,0
49885842,12330,0,2,0,0,0,0,0,0,0,0,0
49889487,12331,0,2,0,0,0,0,0,0,0,0,0
49893131,12332,0,2,0,0,0,0,0,0,0,0,0
49896774,12333,0,2,0,0,0,0,0,0,0,0,0
49900418,12334,0,2,0,0,0,0,0,0,0,0,0
49904063,12335,0,2,0,0,0,0,0,0,0,0,0
49907706,12336,0,2,0,0,0,0,0,0,0,0,0
49911350,12337,0,2,0,0,0,0,0,0,0,0,0
49914994,12338,0,2,0,0,0,0,0,0,0,0,0
49918638,12339,0,2,0,0,0,0,0,0,0,0,0
49922283,12340,0,2,0,0,0,0,0,0,0,0,0
49925927,12341,0,2,0,0,0,0,0,0,0,0,0
49929570,12342,0,2,0,0,0,0,0,0,0,0,0
49933214,12343,0,2,0,0,0,0,0,0,0,0,0
49936858,12344,0,2,0,0,0,0,0,0,0,0,0
49940502,12345,0,2,0,0,0,0,0,0,0,0,0
49944146,12346,0,2,0,0,0,0,0,0,0,0,0
49947790,12347,0,2,0,0,0,0,0,0,0,0,0
49951434,12348,0,2,0,0,0,0,0,0,0,0,0
49955078,12349,0,2,0,0,0,0,0,0,0,0,0
49958722,12350,0,2,0,0,0,0,0,0,0,0,0
49962367,12351,0,2,0,0,0,0,0,0,0,0,0
49966011,12352,0,2,0,0,0,0,0,0,0,0,0
49969654,12353,0,2,0,0,0,0,0,0,0,0,0
49973299,12354,0,2,0,0,0,0,0,0,0,0,0
49976942,12355,0,2,0,0,0,0,0,0,0,0,0
49980586,12356,0,2,0,0,0,0,0,0,0,0,0
49984230,12357,0,2,0,0,0,0,0,0,0,0,0
49987874,12358,0,2,0,0,0,0,0,0,0,0,0
49991518,12359,0,2,0,0,0,0,0,0,0,0,0
49995162,12360,0,2,0,0,0,0,0,0,0,0,0
49998807,12361,0,2,0,0,0,0,0,0,0,0,0
50002450,12362,0,2,0,0,0,0,0,0,0,0,0
50006095,12363,0,2,0,0,0,0,0,0,0,0,0
50009738,12364,0,2,0,0,0,0,0,0,0,0,0
50013383,12365,0,2,0,0,0,0,0,0,0,0,0
50017027,12366,0,2,0,0,0,0,0,0,0,0,0
50020670,12367,0,2,0,0,0,0,0,0,0,0,0
50024315,12368,0,2,0,0,0,0,0,0,0,0,0
50027958,12369,0,2,0,0,0,0,0,0,0,0,0
50031602,12370,0,2,0,0,0,0,0,0,0,0,0
50035247,12371,0,2,0,0,0,0,0,0,0,0,0
50038890,12372,0,2,0,0,0,0,0,0,0,0,0
50042534,12373,0,2,0,0,0,0,0,0,0,0,0
50046178,12374,0,2,0,0,0,0,0,0,0,0,0
50049822,12375,0,2,0,0,0,0,0,0,0,0,0
50053466,12376,0,2,0,0,0,0,0,0,0,0,0
50057110,12377,0,2,0,0,0,0,0,0,0,0,0
50060754,12378,0,2,0,0,0,0,0,0,0,0,0
50064398,12379,0,2,0,0,0,0,0,0,0,0,0
50068043,12380,0,2,0,0,0,0,0,0,0,0,0
50071687,12381,0,2,0,0,0,0,0,0,0,0,0
50075330,12382,0,2,0,0,0,0,0,0,0,0,0
50078974,12383,0,2,0,0,0,0,0,0,0,0,0
50082618,12384,0,2,0,0,0,0,0,0,0,0,0
50086263,12385,0,2,0,0,0,0,0,0,0,0,0
50089906,12386,0,2,0,0,0,0,0,0,0,0,0
50093550,12387,0,2,0,0,0,0,0,0,0,0,0
50097194,12388,0,2,0,0,0,0,0,0,0,0,0
50100838,12389,0,2,0,0,0,0,0,0,0,0,0
50104482,12390,0,2,0,0,0,0,0,0,0,0,0
50108127,12391,0,2,0,0,0,0,0,0,0,0,0
50111770,12392,0,2,0,0,0,0,0,0,0,0,0
50115414,12393,0,2,0,0,0,0,0,0,0,0,0
50119058,12394,0,2,0,0,0,0,0,0,0,0,0
50122702,12395,0,2,0,0,0,0,0,0,0,0,0
50126346,12396,0,2,0,0,0,0,0,0,0,0,0
50129990,12397,0,2,0,0,0,0,0,0,0,0,0
50133634,12398,0,2,0,0,0,0,0,0,0,0,0
50137279,12399,0,2,0,0,0,0,0,0,0,0,0
50140922,12400,0,2,0,0,0,0,0,0,0,0,0
50144567,12401,0,2,0,0,0,0,0,0,0,0,0
50148210,12402,0,2,0,0,0,0,0,0,0,0,0
50151854,12403,0,2,0,0,0,0,0,0,0,0,0
50155498,12404,0,2,0,0,0,0,0,0,0,0,0
50159143,12405,0,2,0,0,0,0,0,0,0,0,0
50162786,12406,0,2,0,0,0,0,0,0,0,0,0
50166430,12407,0,2,0,0,0,0,0,0,0,0,0
50170075,12408,0,2,0,0,0,0,0,0,0,0,0
50173718,12409,0,2,0,0,0,0,0,0,0,0,0
50177362,12410,0,2,0,0,0,0,0,0,0,0,0
50181007,12411,0,2,0,0,0,0,0,0,0,0,0
50184650,12412,0,2,0,0,0,0,0,0,0,0,0
50188294,12413,0,2,0,0,0,0,0,0,0,0,0
50191938,12414,0,2,0,0,0,0,0,0,0,0,0
50195582,12415,0,2,0,0,0,0,0,0,0,0,0
50199227,12416,0,2,0,0,0,0,0,0,0,0,0
50202870,12417,0,2,0,0,0,0,0,0,0,0,0
50206514,12418,0,2,0,0,0,0,0,0,0,0,0
50210158,12419,0,2,0,0,0,0,0,0,0,0,0
50213802,12420,0,2,0,0,0,0,0,0,0,0,0
50217447,12421,0,2,0,0,0,0,0,0,0,0,0
50221091,12422,0,2,0,0,0,0,0,0,0,0,0
50224734,12423,0,2,0,0,0,0,0,0,0,0,0
50228378,12424,0,2,0,0,0,0,0,0,0,0,0
50232023,12425,0,2,0,0,0,0,0,0,0,0,0
50235666,12426,0,2,0,0,0,0,0,0,0,0,0
50239311,12427,0,2,0,0,0,0,0,0,0,0,0
50242954,12428,0,2,0,0,0,0,0,0,0,0,0
50246598,12429,0,2,0,0,0,0,0,0,0,0,0
50250243,12430,0,2,0,0,0,0,0,0,0,0,0
50253887,12431,0,2,0,0,0,0,0,0,0,0,0
50257530,12432,0,2,0,0,0,0,0,0,0,0,0
50261174,12433,0,2,0,0,0,0,0,0,0,0,0
50264818,12434,0,2,0,0,0,0,0,0,0,0,0
50268462,12435,0,2,0,0,0,0,0,0,0,0,0
50272107,12436,0,2,0,0,0,0,0,0,0,0,0
50275750,12437,0,2,0,0,0,0,0,0,0,0,0
50279394,12438,0,2,0,0,0,0,0,0,0,0,0
50283038,12439,0,2,0,0,0,0,0,0,0,0,0
50286682,12440,0,2,0,0,0,0,0,0,0,0,0
50290327,12441,0,2,0,0,0,0,0,0,0,0,0
50293970,12442,0,2,0,0,0,0,0,0,0,0,0
50297614,12443,0,2,0,0,0,0,0,0,0,0,0
50301258,12444,0,2,0,0,0,0,0,0,0,0,0
50304902,12445,0,2,0,0,0,0,0,0,0,0,0
50308546,12446,0,2,0,0,0,0,0,0,0,0,0
50312191,12447,0,2,0,0,0,0,0,0,0,0,0
50315834,12448,0,2,0,0,0,0,0,0,0,0,0
50319478,12449,0,2,0,0,0,0,0,0,0,0,0
50323123,12450,0,2,0,0,0,0,0,0,0,0,0
50326767,12451,0,2,0,0,0,0,0,0,0,0,0
50330410,12452,0,2,0,0,0,0,0,0,0,0,0
50334055,12453,0,2,0,0,0,0,0,0,0,0,0
50337698,12454,0,2,0,0,0,0,0,0,0,0,0
50341342,12455,0,2,0,0,0,0,0,0,0,0,0
50344986,12456,0,2,0,0,0,0,0,0,0,0,0
50348630,12457,0,2,0,0,0,0,0,0,0,0,0
50352274,12458,0,2,0,0,0,0,0,0,0,0,0
50355918,12459,0,2,0,0,0,0,0,0,0,0,0
50359562,12460,0,2,0,0,0,0,0,0,0,0,0
50363207,12461,0,2,0,0,0,0,0,0,0,0,0
50366850,12462,0,2,0,0,0,0,0,0,0,0,0
50370494,12463,0,2,0,0,0,0,0,0,0,0,0
50374138,12464,0,2,0,0,0,0,0,0,0,0,0
50377782,12465,0,2,0,0,0,0,0,0,0,0,0
50381426,12466,0,2,0,0,0,0,0,0,0,0,0
50385070,12467,0,2,0,0,0,0,0,0,0,0,0
50388714,12468,0,2,0,0,0,0,0,0,0,0,0
50392358,12469,0,2,0,0,0,0,0,0,0,0,0
50396003,12470,0,2,0,0,0,0,0,0,0,0,0
50399647,12471,0,2,0,0,0,0,0,0,0,0,0
50403290,12472,0,2,0,0,0,0,0,0,0,0,0
50406934,12473,0,2,0,0,0,0,0,0,0,0,0
50410578,12474,0,2,0,0,0,0,0,0,0,0,0
50414222,12475,0,2,0,0,0,0,0,0,0,0,0
50417866,12476,0,2,0,0,0,0,0,0,0,0,0
50421510,12477,0,2,0,0,0,0,0,0,0,0,0
50425154,12478,0,2,0,0,0,0,0,0,0,0,0
50428798,12479,0,2,0,0,0,0,0,0,0,0,0
50432442,12480,0,2,0,0,0,0,0,0,0,0,0
50436087,12481,0,2,0,0,0,0,0,0,0,0,0
50439730,12482,0,2,0,0,0,0,0,0,0,0,0
50443374,12483,0,2,0,0,0,0,0,0,0,0,0
50447019,12484,0,2,0,0,0,0,0,0,0,0,0
50450662,12485,0,2,0,0,0,0,0,0,0,0,0
50461012,12486,0,2,0,0,0,0,0,0,0,0,0
50464644,12487,0,2,0,0,0,0,0,0,0,0,0
50468288,12488,0,2,0,0,0,0,0,0,0,0,0
50471932,12489,0,2,0,0,0,0,0,0,0,0,0
50475576,12490,0,2,0,0,0,0,0,0,0,0,0
50479221,12491,0,2,0,0,0,0,0,0,0,0,0
50482864,12492,0,2,0,0,0,0,0,0,0,0,0
50486508,12493,0,2,0,0,0,0,0,0,0,0,0
50490152,12494,0,2,0,0,0,0,0,0,0,0,0
50493796,12495,0,2,0,0,0,0,0,0,0,0,0
50497440,12496,0,2,0,0,0,0,0,0,0,0,0
50501084,12497,0,2,0,0,0,0,0,0,0,0,0
50504728,12498,0,2,0,0,0,0,0,0,0,0,0
50508372,12499,0,2,0,0,0,0,0,0,0,0,0
50512017,12500,0,2,0,0,0,0,0,0,0,0,0
50515661,12501,0,2,0,0,0,0,0,0,0,0,0
50519304,12502,0,2,0,0,0,0,0,0,0,0,0
50522948,12503,0,2,0,0,0,0,0,0,0,0,0
50526592,12504,0,2,0,0,0,0,0,0,0,0,0
50530237,12505,0,2,0,0,0,0,0,0,0,0,0
50533880,12506,0,2,0,0,0,0,0,0,0,0,0
50537524,12507,0,2,0,0,0,0,0,0,0,0,0
50541168,12508,0,2,0,0,0,0,0,0,0,0,0
50544812,12509,0,2,0,0,0,0,0,0,0,0,0
50548456,12510,0,2,0,0,0,0,0,0,0,0,0
50552101,12511,0,2,0,0,0,0,0,0,0,0,0
50555744,12512,0,2,0,0,0,0,0,0,0,0,0
50559388,12513,0,2,0,0,0,0,0,0,0,0,0
50563033,12514,0,2,0,0,0,0,0,0,0,0,0
50566676,12515,0,2,0,0,0,0,0,0,0,0,0
50570320,12516,0,2,0,0,0,0,0,0,0,0,0
50573964,12517,0,2,0,0,0,0,0,0,0,0,0
50577608,12518,0,2,0,0,0,0,0,0,0,0,0
50581253,12519,0,2,0,0,0,0,0,0,0,0,0
50584896,12520,0,2,0,0,0,0,0,0,0,0,0
50588541,12521,0,2,0,0,0,0,0,0,0,0,0
50592184,12522,0,2,0,0,0,0,0,0,0,0,0
50595828,12523,0,2,0,0,0,0,0,0,0,0,0
50599472,12524,0,2,0,0,0,0,0,0,0,0,0
50603116,12525,0,2,0,0,0,0,0,0,0,0,0
50606760,12526,0,2,0,0,0,0,0,0,0,0,0
50610404,12527,0,2,0,0,0,0,0,0,0,0,0
50614048,12528,0,2,0,0,0,0,0,0,0,0,0
50617692,12529,0,2,0,0,0,0,0,0,0,0,0
50621336,12530,0,2,0,0,0,0,0,0,0,0,0
50624981,12531,0,2,0,0,0,0,0,0,0,0,0
50628624,12532,0,2,0,0,0,0,0,0,0,0,0
50632268,12533,0,2,0,0,0,0,0,0,0,0,0
50635912,12534,0,2,0,0,0,0,0,0,0,0,0
50639556,12535,0,2,0,0,0,0,0,0,0,0,0
50643201,12536,0,2,0,0,0,0,0,0,0,0,0
50646844,12537,0,2,0,0,0,0,0,0,0,0,0
50650488,12538,0,2,0,0,0,0,0,0,0,0,0
50654132,12539,0,2,0,0,0,0,0,0,0,0,0
50657776,12540,0,2,0,0,0,0,0,0,0,0,0
50661421,12541,0,2,0,0,0,0,0,0,0,0,0
50665064,12542,0,2,0,0,0,0,0,0,0,0,0
50668708,12543,0,2,0,0,0,0,0,0,0,0,0
50672352,12544,0,2,0,0,0,0,0,0,0,0,0
50675996,12545,0,2,0,0,0,0,0,0,0,0,0
50679640,12546,0,2,0,0,0,0,0,0,0,0,0
50683284,12547,0,2,0,0,0,0,0,0,0,0,0
50686928,12548,0,2,0,0,0,0,0,0,0,0,0
50690572,12549,0,2,0,0,0,0,0,0,0,0,0
50694216,12550,0,2,0,0,0,0,0,0,0,0,0
50697861,12551,0,2,0,0,0,0,0,0,0,0,0
50701504,12552,0,2,0,0,0,0,0,0,0,0,0
50705149,12553,0,2,0,0,0,0,0,0,0,0,0
50708792,12554,0,2,0,0,0,0,0,0,0,0,0
50712436,12555,0,2,0,0,0,0,0,0,0,0,0
50716081,12556,0,2,0,0,0,0,0,0,0,0,0
50719724,12557,0,2,0,0,0,0,0,0,0,0,0
50723368,12558,0,2,0,0,0,0,0,0,0,0,0
50727013,12559,0,2,0,0,0,0,0,0,0,0,0
50730656,12560,0,2,0,0,0,0,0,0,0,0,0
50734301,12561,0,2,0,0,0,0,0,0,0,0,0
50737944,12562,0,2,0,0,0,0,0,0,0,0,0
50741588,12563,0,2,0,0,0,0,0,0,0,0,0
50745232,12564,0,2,0,0,0,0,0,0,0,0,0
50748876,12565,0,2,0,0,0,0,0,0,0,0,0
50752520,12566,0,2,0,0,0,0,0,0,0,0,0
50756164,12567,0,2,0,0,0,0,0,0,0,0,0
50759808,12568,0,2,0,0,0,0,0,0,0,0,0
50763452,12569,0,2,0,0,0,0,0,0,0,0,0
50767097,12570,0,2,0,0,0,0,0,0,0,0,0
50770741,12571,0,2,0,0,0,0,0,0,0,0,0
50774384,12572,0,2,0,0,0,0,0,0,0,0,0
50778029,12573,0,2,0,0,0,0,0,0,0,0,0
50781672,12574,0,2,0,0,0,0,0,0,0,0,0
50785316,12575,0,2,0,0,0,0,0,0,0,0,0
50788960,12576,0,2,0,0,0,0,0,0,0,0,0
50792604,12577,0,2,0,0,0,0,0,0,0,0,0
50796248,12578,0,2,0,0,0,0,0,0,0,0,0
50799892,12579,0,2,0,0,0,0,0,0,0,0,0
50803536,12580,0,2,0,0,0,0,0,0,0,0,0
50807181,12581,0,2,0,0,0,0,0,0,0,0,0
50810824,12582,0,2,0,0,0,0,0,0,0,0,0
50814468,12583,0,2,0,0,0,0,0,0,0,0,0
50818112,12584,0,2,0,0,0,0,0,0,0,0,0
50821756,12585,0,2,0,0,0,0,0,0,0,0,0
50825400,12586,0,2,0,0,0,0,0,0,0,0,0
50829045,12587,0,2,0,0,0,0,0,0,0,0,0
50832688,12588,0,2,0,0,0,0,0,0,0,0,0
50836332,12589,0,2,0,0,0,0,0,0,0,0,0
50839976,12590,0,2,0,0,0,0,0,0,0,0,0
50843621,12591,0,2,0,0,0,0,0,0,0,0,0
50847264,12592,0,2,0,0,0,0,0,0,0,0,0
50850908,12593,0,2,0,0,0,0,0,0,0,0,0
50854552,12594,0,2,0,0,0,0,0,0,0,0,0
50858196,12595,0,2,0,0,0,0,0,0,0,0,0
50861840,12596,0,2,0,0,0,0,0,0,0,0,0
50865484,12597,0,2,0,0,0,0,0,0,0,0,0
50869128,12598,0,2,0,0,0,0,0,0,0,0,0
50872772,12599,0,2,0,0,0,0,0,0,0,0,0
50876416,12600,0,2,0,0,0,0,0,0,0,0,0
50880061,12601,0,2,0,0,0,0,0,0,0,0,0
50883704,12602,0,2,0,0,0,0,0,0,0,0,0
50887348,12603,0,2,0,0,0,0,0,0,0,0,0
50890992,12604,0,2,0,0,0,0,0,0,0,0,0
50894636,12605,0,2,0,0,0,0,0,0,0,0,0
50898280,12606,0,2,0,0,0,0,0,0,0,0,0
50901924,12607,0,2,0,0,0,0,0,0,0,0,0
50905568,12608,0,2,0,0,0,0,0,0,0,0,0
50909212,12609,0,2,0,0,0,0,0,0,0,0,0
50912856,12610,0,2,0,0,0,0,0,0,0,0,0
50916501,12611,0,2,0,0,0,0,0,0,0,0,0
50920144,12612,0,2,0,0,0,0,0,0,0,0,0
50923788,12613,0,2,0,0,0,0,0,0,0,0,0
50927432,12614,0,2,0,0,0,0,0,0,0,0,0
50931076,12615,0,2,0,0,0,0,0,0,0,0,0
50934720,12616,0,2,0,0,0,0,0,0,0,0,0
50938364,12617,0,2,0,0,0,0,0,0,0,0,0
50942008,12618,0,2,0,0,0,0,0,0,0,0,0
50945652,12619,0,2,0,0,0,0,0,0,0,0,0
50949296,12620,0,2,0,0,0,0,0,0,0,0,0
50952941,12621,0,2,0,0,0,0,0,0,0,0,0
50956584,12622,0,2,0,0,0,0,0,0,0,0,0
50960228,12623,0,2,0,0,0,0,0,0,0,0,0
50963872,12624,0,2,0,0,0,0,0,0,0,0,0
50967516,12625,0,2,0,0,0,0,0,0,0,0,0
50971161,12626,0,2,0,0,0,0,0,0,0,0,0
50974804,12627,0,2,0,0,0,0,0,0,0,0,0
50978448,12628,0,2,0,0,0,0,0,0,0,0,0
50982093,12629,0,2,0,0,0,0,0,0,0,0,0
50985736,12630,0,2,0,0,0,0,0,0,0,0,0
50989381,12631,0,2,0,0,0,0,0,0,0,0,0
50993025,12632,0,2,0,0,0,0,0,0,0,0,0
50996668,12633,0,2,0,0,0,0,0,0,0,0,0
51000313,12634,0,2,0,0,0,0,0,0,0,0,0
51003956,12635,0,2,0,0,0,0,0,0,0,0,0
51007600,12636,0,2,0,0,0,0,0,0,0,0,0
51011245,12637,0,2,0,0,0,0,0,0,0,0,0
51014888,12638,0,2,0,0,0,0,0,0,0,0,0
51018532,12639,0,2,0,0,0,0,0,0,0,0,0
51022176,12640,0,2,0,0,0,0,0,0,0,0,0
51025821,12641,0,2,0,0,0,0,0,0,0,0,0
51029464,12642,0,2,0,0,0,0,0,0,0,0,0
51033108,12643,0,2,0,0,0,0,0,0,0,0,0
51036752,12644,0,2,0,0,0,0,0,0,0,0,0
51040396,12645,0,2,0,0,0,0,0,0,0,0,0
51044040,12646,0,2,0,0,0,0,0,0,0,0,0
51047684,12647,0,2,0,0,0,0,0,0,0,0,0
51051328,12648,0,2,0,0,0,0,0,0,0,0,0
51054972,12649,0,2,0,0,0,0,0,0,0,0,0
51058616,12650,0,2,0,0,0,0,0,0,0,0,0
51062261,12651,0,2,0,0,0,0,0,0,0,0,0
51065904,12652,0,2,0,0,0,0,0,0,0,0,0
51069548,12653,0,2,0,0,0,0,0,0,0,0,0
51073192,12654,0,2,0,0,0,0,0,0,0,0,0
51076836,12655,0,2,0,0,0,0,0,0,0,0,0
51080480,12656,0,2,0,0,0,0,0,0,0,0,0
51084125,12657,0,2,0,0,0,0,0,0,0,0,0
51087768,12658,0,2,0,0,0,0,0,0,0,0,0
51091412,12659,0,2,0,0,0,0,0,0,0,0,0
51095057,12660,0,2,0,0,0,0,0,0,0,0,0
51098701,12661,0,2,0,0,0,0,0,0,0,0,0
51102345,12662,0,2,0,0,0,0,0,0,0,0,0
51105988,12663,0,2,0,0,0,0,0,0,0,0,0
51109632,12664,0,2,0,0,0,0,0,0,0,0,0
51113276,12665,0,2,0,0,0,0,0,0,0,0,0
51116920,12666,0,2,0,0,0,0,0,0,0,0,0
51120564,12667,0,2,0,0,0,0,0,0,0,0,0
51124209,12668,0,2,0,0,0,0,0,0,0,0,0
51127852,12669,0,2,0,0,0,0,0,0,0,0,0
51131496,12670,0,2,0,0,0,0,0,0,0,0,0
51135141,12671,0,2,0,0,0,0,0,0,0,0,0
51138784,12672,0,2,0,0,0,0,0,0,0,0,0
51142428,12673,0,2,0,0,0,0,0,0,0,0,0
51146073,12674,0,2,0,0,0,0,0,0,0,0,0
51149716,12675,0,2,0,0,0,0,0,0,0,0,0
51153361,12676,0,2,0,0,0,0,0,0,0,0,0
51157004,12677,0,2,0,0,0,0,0,0,0,0,0
51160648,12678,0,2,0,0,0,0,0,0,0,0,0
51164292,12679,0,2,0,0,0,0,0,0,0,0,0
51167936,12680,0,2,0,0,0,0,0,0,0,0,0
51171581,12681,0,2,0,0,0,0,0,0,0,0,0
51175225,12682,0,2,0,0,0,0,0,0,0,0,0
51178868,12683,0,2,0,0,0,0,0,0,0,0,0
51182512,12684,0,2,0,0,0,0,0,0,0,0,0
51186156,12685,0,2,0,0,0,0,0,0,0,0,0
51189800,12686,0,2,0,0,0,0,0,0,0,0,0
51193444,12687,0,2,0,0,0,0,0,0,0,0,0
51197089,12688,0,2,0,0,0,0,0,0,0,0,0
51200732,12689,0,2,0,0,0,0,0,0,0,0,0
51204376,12690,0,2,0,0,0,0,0,0,0,0,0
51208021,12691,0,2,0,0,0,0,0,0,0,0,0
51211664,12692,0,2,0,0,0,0,0,0,0,0,0
51215308,12693,0,2,0,0,0,0,0,0,0,0,0
51218952,12694,0,2,0,0,0,0,0,0,0,0,0
51222596,12695,0,2,0,0,0,0,0,0,0,0,0
51226240,12696,0,2,0,0,0,0,0,0,0,0,0
51229884,12697,0,2,0,0,0,0,0,0,0,0,0
51233528,12698,0,2,0,0,0,0,0,0,0,0,0
51237172,12699,0,2,0,0,0,0,0,0,0,0,0
51240816,12700,0,2,0,0,0,0,0,0,0,0,0
51244461,12701,0,2,0,0,0,0,0,0,0,0,0
51248105,12702,0,2,0,0,0,0,0,0,0,0,0
51251748,12703,0,2,0,0,0,0,0,0,0,0,0
51255392,12704,0,2,0,0,0,0,0,0,0,0,0
51259036,12705,0,2,0,0,0,0,0,0,0,0,0
51262680,12706,0,2,0,0,0,0,0,0,0,0,0
51266324,12707,0,2,0,0,0,0,0,0,0,0,0
51269968,12708,0,2,0,0,0,0,0,0,0,0,0
51273612,12709,0,2,0,0,0,0,0,0,0,0,0
51277256,12710,0,2,0,0,0,0,0,0,0,0,0
51280901,12711,0,2,0,0,0,0,0,0,0,0,0
51284544,12712,0,2,0,0,0,0,0,0,0,0,0
51292678,12713,0,2,0,0,0,0,0,0,0,0,0
51296310,12714,0,2,0,0,0,0,0,0,0,0,0
51299954,12715,0,2,0,0,0,0,0,0,0,0,0
51303598,12716,0,2,0,0,0,0,0,0,0,0,0
51307242,12717,0,2,0,0,0,0,0,0,0,0,0
51310886,12718,0,2,0,0,0,0,0,0,0,0,0
51314530,12719,0,2,0,0,0,0,0,0,0,0,0
51318174,12720,0,2,0,0,0,0,0,0,0,0,0
51321819,12721,0,2,0,0,0,0,0,0,0,0,0
51325462,12722,0,2,0,0,0,0,0,0,0,0,0
51329106,12723,0,2,0,0,0,0,0,0,0,0,0
51332750,12724,0,2,0,0,0,0,0,0,0,0,0
51336394,12725,0,2,0,0,0,0,0,0,0,0,0
51340038,12726,0,2,0,0,0,0,0,0,0,0,0
51343682,12727,0,2,0,0,0,0,0,0,0,0,0
51347326,12728,0,2,0,0,0,0,0,0,0,0,0
51350970,12729,0,2,0,0,0,0,0,0,0,0,0
51354614,12730,0,2,0,0,0,0,0,0,0,0,0
51358259,12731,0,2,0,0,0,0,0,0,0,0,0
51361902,12732,0,2,0,0,0,0,0,0,0,0,0
51365546,12733,0,2,0,0,0,0,0,0,0,0,0
51369191,12734,0,2,0,0,0,0,0,0,0,0,0
51372834,12735,0,2,0,0,0,0,0,0,0,0,0
51376478,12736,0,2,0,0,0,0,0,0,0,0,0
51380122,12737,0,2,0,0,0,0,0,0,0,0,0
51383766,12738,0,2,0,0,0,0,0,0,0,0,0
51387410,12739,0,2,0,0,0,0,0,0,0,0,0
51391055,12740,0,2,0,0,0,0,0,0,0,0,0
51394699,12741,0,2,0,0,0,0,0,0,0,0,0
51398343,12742,0,2,0,0,0,0,0,0,0,0,0
51401986,12743,0,2,0,0,0,0,0,0,0,0,0
51405630,12744,0,2,0,0,0,0,0,0,0,0,0
51409274,12745,0,2,0,0,0,0,0,0,0,0,0
51412918,12746,0,2,0,0,0,0,0,0,0,0,0
51416562,12747,0,2,0,0,0,0,0,0,0,0,0
51420206,12748,0,2,0,0,0,0,0,0,0,0,0
51423850,12749,0,2,0,0,0,0,0,0,0,0,0
51427494,12750,0,2,0,0,0,0,0,0,0,0,0
51431139,12751,0,2,0,0,0,0,0,0,0,0,0
51434782,12752,0,2,0,0,0,0,0,0,0,0,0
51438426,12753,0,2,0,0,0,0,0,0,0,0,0
51442071,12754,0,2,0,0,0,0,0,0,0,0,0
51445714,12755,0,2,0,0,0,0,0,0,0,0,0
51449358,12756,0,2,0,0,0,0,0,0,0,0,0
51453003,12757,0,2,0,0,0,0,0,0,0,0,0
51456646,12758,0,2,0,0,0,0,0,0,0,0,0
51460290,12759,0,2,0,0,0,0,0,0,0,0,0
51463934,12760,0,2,0,0,0,0,0,0,0,0,0
51467579,12761,0,2,0,0,0,0,0,0,0,0,0
51471222,12762,0,2,0,0,0,0,0,0,0,0,0
51474866,12763,0,2,0,0,0,0,0,0,0,0,0
51478510,12764,0,2,0,0,0,0,0,0,0,0,0
51482154,12765,0,2,0,0,0,0,0,0,0,0,0
51485798,12766,0,2,0,0,0,0,0,0,0,0,0
51489442,12767,0,2,0,0,0,0,0,0,0,0,0
51493087,12768,0,2,0,0,0,0,0,0,0,0,0
51496730,12769,0,2,0,0,0,0,0,0,0,0,0
51500374,12770,0,2,0,0,0,0,0,0,0,0,0
51504019,12771,0,2,0,0,0,0,0,0,0,0,0
51507662,12772,0,2,0,0,0,0,0,0,0,0,0
51511307,12773,0,2,0,0,0,0,0,0,0,0,0
51514950,12774,0,2,0,0,0,0,0,0,0,0,0
51518594,12775,0,2,0,0,0,0,0,0,0,0,0
51522238,12776,0,2,0,0,0,0,0,0,0,0,0
51525882,12777,0,2,0,0,0,0,0,0,0,0,0
51529526,12778,0,2,0,0,0,0,0,0,0,0,0
51533171,12779,0,2,0,0,0,0,0,0,0,0,0
51536814,12780,0,2,0,0,0,0,0,0,0,0,0
51540459,12781,0,2,0,0,0,0,0,0,0,0,0
51544103,12782,0,2,0,0,0,0,0,0,0,0,0
51547746,12783,0,2,0,0,0,0,0,0,0,0,0
51551390,12784,0,2,0,0,0,0,0,0,0,0,0
51555035,12785,0,2,0,0,0,0,0,0,0,0,0
51558678,12786,0,2,0,0,0,0,0,0,0,0,0
51562322,12787,0,2,0,0,0,0,0,0,0,0,0
51565966,12788,0,2,0,0,0,0,0,0,0,0,0
51569610,12789,0,2,0,0,0,0,0,0,0,0,0
51573254,12790,0,2,0,0,0,0,0,0,0,0,0
51576899,12791,0,2,0,0,0,0,0,0,0,0,0
51580542,12792,0,2,0,0,0,0,0,0,0,0,0
51584186,12793,0,2,0,0,0,0,0,0,0,0,0
51587830,12794,0,2,0,0,0,0,0,0,0,0,0
51591474,12795,0,2,0,0,0,0,0,0,0,0,0
51595118,12796,0,2,0,0,0,0,0,0,0,0,0
51598762,12797,0,2,0,0,0,0,0,0,0,0,0
51602406,12798,0,2,0,0,0,0,0,0,0,0,0
51606051,12799,0,2,0,0,0,0,0,0,0,0,0
51609694,12800,0,2,0,0,0,0,0,0,0,0,0
51613339,12801,0,2,0,0,0,0,0,0,0,0,0
51616982,12802,0,2,0,0,0,0,0,0,0,0,0
51620626,12803,0,2,0,0,0,0,0,0,0,0,0
51624270,12804,0,2,0,0,0,0,0,0,0,0,0
51627914,12805,0,2,0,0,0,0,0,0,0,0,0
51631558,12806,0,2,0,0,0,0,0,0,0,0,0
51635202,12807,0,2,0,0,0,0,0,0,0,0,0
51638846,12808,0,2,0,0,0,0,0,0,0,0,0
51642490,12809,0,2,0,0,0,0,0,0,0,0,0
51646135,12810,0,2,0,0,0,0,0,0,0,0,0
51649779,12811,0,2,0,0,0,0,0,0,0,0,0
51653422,12812,0,2,0,0,0,0,0,0,0,0,0
51657067,12813,0,2,0,0,0,0,0,0,0,0,0
51660710,12814,0,2,0,0,0,0,0,0,0,0,0
51664354,12815,0,2,0,0,0,0,0,0,0,0,0
51667998,12816,0,2,0,0,0,0,0,0,0,0,0
51671642,12817,0,2,0,0,0,0,0,0,0,0,0
51675286,12818,0,2,0,0,0,0,0,0,0,0,0
51678930,12819,0,2,0,0,0,0,0,0,0,0,0
51682574,12820,0,2,0,0,0,0,0,0,0,0,0
51686219,12821,0,2,0,0,0,0,0,0,0,0,0
51689862,12822,0,2,0,0,0,0,0,0,0,0,0
51693506,12823,0,2,0,0,0,0,0,0,0,0,0
51697151,12824,0,2,0,0,0,0,0,0,0,0,0
51700794,12825,0,2,0,0,0,0,0,0,0,0,0
51704438,12826,0,2,0,0,0,0,0,0,0,0,0
51708083,12827,0,2,0,0,0,0,0,0,0,0,0
51711726,12828,0,2,0,0,0,0,0,0,0,0,0
51715371,12829,0,2,0,0,0,0,0,0,0,0,0
51719014,12830,0,2,0,0,0,0,0,0,0,0,0
51722659,12831,0,2,0,0,0,0,0,0,0,0,0
51726303,12832,0,2,0,0,0,0,0,0,0,0,0
51729946,12833,0,2,0,0,0,0,0,0,0,0,0
51733590,12834,0,2,0,0,0,0,0,0,0,0,0
51737234,12835,0,2,0,0,0,0,0,0,0,0,0
51740878,12836,0,2,0,0,0,0,0,0,0,0,0
51744522,12837,0,2,0,0,0,0,0,0,0,0,0
51748167,12838,0,2,0,0,0,0,0,0,0,0,0
51751810,12839,0,2,0,0,0,0,0,0,0,0,0
51755454,12840,0,2,0,0,0,0,0,0,0,0,0
51759099,12841,0,2,0,0,0,0,0,0,0,0,0
51762742,12842,0,2,0,0,0,0,0,0,0,0,0
51766386,12843,0,2,0,0,0,0,0,0,0,0,0
51770030,12844,0,2,0,0,0,0,0,0,0,0,0
51773674,12845,0,2,0,0,0,0,0,0,0,0,0
51777319,12846,0,2,0,0,0,0,0,0,0,0,0
51780962,12847,0,2,0,0,0,0,0,0,0,0,0
51784606,12848,0,2,0,0,0,0,0,0,0,0,0
51788250,12849,0,2,0,0,0,0,0,0,0,0,0
51791894,12850,0,2,0,0,0,0,0,0,0,0,0
51795539,12851,0,2,0,0,0,0,0,0,0,0,0
51799183,12852,0,2,0,0,0,0,0,0,0,0,0
51802826,12853,0,2,0,0,0,0,0,0,0,0,0
51806470,12854,0,2,0,0,0,0,0,0,0,0,0
51810114,12855,0,2,0,0,0,0,0,0,0,0,0
51813758,12856,0,2,0,0,0,0,0,0,0,0,0
51817402,12857,0,2,0,0,0,0,0,0,0,0,0
51821046,12858,0,2,0,0,0,0,0,0,0,0,0
51824690,12859,0,2,0,0,0,0,0,0,0,0,0
51828334,12860,0,2,0,0,0,0,0,0,0,0,0
51831979,12861,0,2,0,0,0,0,0,0,0,0,0
51835622,12862,0,2,0,0,0,0,0,0,0,0,0
51839266,12863,0,2,0,0,0,0,0,0,0,0,0
51842910,12864,0,2,0,0,0,0,0,0,0,0,0
51846554,12865,0,2,0,0,0,0,0,0,0,0,0
51850199,12866,0,2,0,0,0,0,0,0,0,0,0
51853842,12867,0,2,0,0,0,0,0,0,0,0,0
51857486,12868,0,2,0,0,0,0,0,0,0,0,0
51861131,12869,0,2,0,0,0,0,0,0,0,0,0
51864774,12870,0,2,0,0,0,0,0,0,0,0,0
51868419,12871,0,2,0,0,0,0,0,0,0,0,0
51872063,12872,0,2,0,0,0,0,0,0,0,0,0
51875706,12873,0,2,0,0,0,0,0,0,0,0,0
51879350,12874,0,2,0,0,0,0,0,0,0,0,0
51882994,12875,0,2,0,0,0,0,0,0,0,0,0
51886638,12876,0,2,0,0,0,0,0,0,0,0,0
51890283,12877,0,2,0,0,0,0,0,0,0,0,0
51893926,12878,0,2,0,0,0,0,0,0,0,0,0
51897570,12879,0,2,0,0,0,0,0,0,0,0,0
51901214,12880,0,2,0,0,0,0,0,0,0,0,0
51904859,12881,0,2,0,0,0,0,0,0,0,0,0
51908502,12882,0,2,0,0,0,0,0,0,0,0,0
51912147,12883,0,2,0,0,0,0,0,0,0,0,0
51915790,12884,0,2,0,0,0,0,0,0,0,0,0
51919434,12885,0,2,0,0,0,0,0,0,0,0,0
51923079,12886,0,2,0,0,0,0,0,0,0,0,0
51926722,12887,0,2,0,0,0,0,0,0,0,0,0
51930366,12888,0,2,0,0,0,0,0,0,0,0,0
51934011,12889,0,2,0,0,0,0,0,0,0,0,0
51937654,12890,0,2,0,0,0,0,0,0,0,0,0
51941299,12891,0,2,0,0,0,0,0,0,0,0,0
51944942,12892,0,2,0,0,0,0,0,0,0,0,0
51948586,12893,0,2,0,0,0,0,0,0,0,0,0
51952230,12894,0,2,0,0,0,0,0,0,0,0,0
51955874,12895,0,2,0,0,0,0,0,0,0,0,0
51959518,12896,0,2,0,0,0,0,0,0,0,0,0
51963162,12897,0,2,0,0,0,0,0,0,0,0,0
51966806,12898,0,2,0,0,0,0,0,0,0,0,0
51970450,12899,0,2,0,0,0,0,0,0,0,0,0
51974095,12900,0,2,0,0,0,0,0,0,0,0,0
51977739,12901,0,2,0,0,0,0,0,0,0,0,0
51981383,12902,0,2,0,0,0,0,0,0,0,0,0
51985026,12903,0,2,0,0,0,0,0,0,0,0,0
51988670,12904,0,2,0,0,0,0,0,0,0,0,0
51992314,12905,0,2,0,0,0,0,0,0,0,0,0
51995958,12906,0,2,0,0,0,0,0,0,0,0,0
51999602,12907,0,2,0,0,0,0,0,0,0,0,0
52003247,12908,0,2,0,0,0,0,0,0,0,0,0
52006890,12909,0,2,0,0,0,0,0,0,0,0,0
52010534,12910,0,2,0,0,0,0,0,0,0,0,0
52014179,12911,0,2,0,0,0,0,0,0,0,0,0
52017822,12912,0,2,0,0,0,0,0,0,0,0,0
52021466,12913,0,2,0,0,0,0,0,0,0,0,0
52025110,12914,0,2,0,0,0,0,0,0,0,0,0
52028754,12915,0,2,0,0,0,0,0,0,0,0,0
52032398,12916,0,2,0,0,0,0,0,0,0,0,0
52036043,12917,0,2,0,0,0,0,0,0,0,0,0
52039686,12918,0,2,0,0,0,0,0,0,0,0,0
52043330,12919,0,2,0,0,0,0,0,0,0,0,0
52046974,12920,0,2,0,0,0,0,0,0,0,0,0
52050619,12921,0,2,0,0,0,0,0,0,0,0,0
52054262,12922,0,2,0,0,0,0,0,0,0,0,0
52057906,12923,0,2,0,0,0,0,0,0,0,0,0
52061550,12924,0,2,0,0,0,0,0,0,0,0,0
52065195,12925,0,2,0,0,0,0,0,0,0,0,0
52068838,12926,0,2,0,0,0,0,0,0,0,0,0
52072482,12927,0,2,0,0,0,0,0,0,0,0,0
52076126,12928,0,2,0,0,0,0,0,0,0,0,0
52079770,12929,0,2,0,0,0,0,0,0,0,0,0
52083414,12930,0,2,0,0,0,0,0,0,0,0,0
52087059,12931,0,2,0,0,0,0,0,0,0,0,0
52090702,12932,0,2,0,0,0,0,0,0,0,0,0
52094346,12933,0,2,0,0,0,0,0,0,0,0,0
52097990,12934,0,2,0,0,0,0,0,0,0,0,0
52101634,12935,0,2,0,0,0,0,0,0,0,0,0
52105278,12936,0,2,0,0,0,0,0,0,0,0,0
52108922,12937,0,2,0,0,0,0,0,0,0,0,0
52112566,12938,0,2,0,0,0,0,0,0,0,0,0
52116210,12939,0,2,0,0,0,0,0,0,0,0,0
52126317,12940,0,2,0,0,0,0,0,0,0,0,0
52129950,12941,0,2,0,0,0,0,0,0,0,0,0
52133593,12942,0,2,0,0,0,0,0,0,0,0,0
52137237,12943,0,2,0,0,0,0,0,0,0,0,0
52140881,12944,0,2,0,0,0,0,0,0,0,0,0
52144525,12945,0,2,0,0,0,0,0,0,0,0,0
52148170,12946,0,2,0,0,0,0,0,0,0,0,0
52151813,12947,0,2,0,0,0,0,0,0,0,0,0
52155457,12948,0,2,0,0,0,0,0,0,0,0,0
52159101,12949,0,2,0,0,0,0,0,0,0,0,0
52162745,12950,0,2,0,0,0,0,0,0,0,0,0
52166390,12951,0,2,0,0,0,0,0,0,0,0,0
52170033,12952,0,2,0,0,0,0,0,0,0,0,0
52173677,12953,0,2,0,0,0,0,0,0,0,0,0
52177322,12954,0,2,0,0,0,0,0,0,0,0,0
52180965,12955,0,2,0,0,0,0,0,0,0,0,0
52184609,12956,0,2,0,0,0,0,0,0,0,0,0
52188253,12957,0,2,0,0,0,0,0,0,0,0,0
52191897,12958,0,2,0,0,0,0,0,0,0,0,0
52195541,12959,0,2,0,0,0,0,0,0,0,0,0
52199185,12960,0,2,0,0,0,0,0,0,0,0,0
52202830,12961,0,2,0,0,0,0,0,0,0,0,0
52206473,12962,0,2,0,0,0,0,0,0,0,0,0
52210118,12963,0,2,0,0,0,0,0,0,0,0,0
52213761,12964,0,2,0,0,0,0,0,0,0,0,0
52217405,12965,0,2,0,0,0,0,0,0,0,0,0
52221049,12966,0,2,0,0,0,0,0,0,0,0,0
52224693,12967,0,2,0,0,0,0,0,0,0,0,0
52228338,12968,0,2,0,0,0,0,0,0,0,0,0
52231981,12969,0,2,0,0,0,0,0,0,0,0,0
52235625,12970,0,2,0,0,0,0,0,0,0,0,0
52239270,12971,0,2,0,0,0,0,0,0,0,0,0
52242913,12972,0,2,0,0,0,0,0,0,0,0,0
52246557,12973,0,2,0,0,0,0,0,0,0,0,0
52250201,12974,0,2,0,0,0,0,0,0,0,0,0
52253845,12975,0,2,0,0,0,0,0,0,0,0,0
52257489,12976,0,2,0,0,0,0,0,0,0,0,0
52261133,12977,0,2,0,0,0,0,0,0,0,0,0
52264777,12978,0,2,0,0,0,0,0,0,0,0,0
52268421,12979,0,2,0,0,0,0,0,0,0,0,0
52272065,12980,0,2,0,0,0,0,0,0,0,0,0
52275710,12981,0,2,0,0,0,0,0,0,0,0,0
52279354,12982,0,2,0,0,0,0,0,0,0,0,0
52282997,12983,0,2,0,0,0,0,0,0,0,0,0
52286641,12984,0,2,0,0,0,0,0,0,0,0,0
52290286,12985,0,2,0,0,0,0,0,0,0,0,0
52293929,12986,0,2,0,0,0,0,0,0,0,0,0
52297573,12987,0,2,0,0,0,0,0,0,0,0,0
52301218,12988,0,2,0,0,0,0,0,0,0,0,0
52304861,12989,0,2,0,0,0,0,0,0,0,0,0
52308505,12990,0,2,0,0,0,0,0,0,0,0,0
52312150,12991,0,2,0,0,0,0,0,0,0,0,0
52315793,12992,0,2,0,0,0,0,0,0,0,0,0
52319437,12993,0,2,0,0,0,0,0,0,0,0,0
52323082,12994,0,2,0,0,0,0,0,0,0,0,0
52326725,12995,0,2,0,0,0,0,0,0,0,0,0
52330369,12996,0,2,0,0,0,0,0,0,0,0,0
52334014,12997,0,2,0,0,0,0,0,0,0,0,0
52337657,12998,0,2,0,0,0,0,0,0,0,0,0
52341302,12999,0,2,0,0,0,0,0,0,0,0,0
52344945,13000,0,2,0,0,0,0,0,0,0,0,0
52348590,13001,0,2,0,0,0,0,0,0,0,0,0
52352234,13002,0,2,0,0,0,0,0,0,0,0,0
52355877,13003,0,2,0,0,0,0,0,0,0,0,0
52359521,13004,0,2,0,0,0,0,0,0,0,0,0
52363165,13005,0,2,0,0,0,0,0,0,0,0,0
52366809,13006,0,2,0,0,0,0,0,0,0,0,0
52370453,13007,0,2,0,0,0,0,0,0,0,0,0
52374098,13008,0,2,0,0,0,0,0,0,0,0,0
52377741,13009,0,2,0,0,0,0,0,0,0,0,0
52381385,13010,0,2,0,0,0,0,0,0,0,0,0
52385030,13011,0,2,0,0,0,0,0,0,0,0,0
52388673,13012,0,2,0,0,0,0,0,0,0,0,0
52392317,13013,0,2,0,0,0,0,0,0,0,0,0
52395961,13014,0,2,0,0,0,0,0,0,0,0,0
52399605,13015,0,2,0,0,0,0,0,0,0,0,0
52403249,13016,0,2,0,0,0,0,0,0,0,0,0
52406893,13017,0,2,0,0,0,0,0,0,0,0,0
52410537,13018,0,2,0,0,0,0,0,0,0,0,0
52414181,13019,0,2,0,0,0,0,0,0,0,0,0
52417825,13020,0,2,0,0,0,0,0,0,0,0,0
52421470,13021,0,2,0,0,0,0,0,0,0,0,0
52425114,13022,0,2,0,0,0,0,0,0,0,0,0
52428757,13023,0,2,0,0,0,0,0,0,0,0,0
52432401,13024,0,2,0,0,0,0,0,0,0,0,0
52436046,13025,0,2,0,0,0,0,0,0,0,0,0
52439689,13026,0,2,0,0,0,0,0,0,0,0,0
52443333,13027,0,2,0,0,0,0,0,0,0,0,0
52446977,13028,0,2,0,0,0,0,0,0,0,0,0
52450621,13029,0,2,0,0,0,0,0,0,0,0,0
52454266,13030,0,2,0,0,0,0,0,0,0,0,0
52457910,13031,0,2,0,0,0,0,0,0,0,0,0
52461553,13032,0,2,0,0,0,0,0,0,0,0,0
52465197,13033,0,2,0,0,0,0,0,0,0,0,0
52468841,13034,0,2,0,0,0,0,0,0,0,0,0
52472485,13035,0,2,0,0,0,0,0,0,0,0,0
52476129,13036,0,2,0,0,0,0,0,0,0,0,0
52479773,13037,0,2,0,0,0,0,0,0,0,0,0
52483417,13038,0,2,0,0,0,0,0,0,0,0,0
52487061,13039,0,2,0,0,0,0,0,0,0,0,0
52490705,13040,0,2,0,0,0,0,0,0,0,0,0
52494350,13041,0,2,0,0,0,0,0,0,0,0,0
52497993,13042,0,2,0,0,0,0,0,0,0,0,0
52501637,13043,0,2,0,0,0,0,0,0,0,0,0
52505281,13044,0,2,0,0,0,0,0,0,0,0,0
52508925,13045,0,2,0,0,0,0,0,0,0,0,0
52512569,13046,0,2,0,0,0,0,0,0,0,0,0
52516213,13047,0,2,0,0,0,0,0,0,0,0,0
52519857,13048,0,2,0,0,0,0,0,0,0,0,0
52523501,13049,0,2,0,0,0,0,0,0,0,0,0
52527146,13050,0,2,0,0,0,0,0,0,0,0,0
52530790,13051,0,2,0,0,0,0,0,0,0,0,0
52534433,13052,0,2,0,0,0,0,0,0,0,0,0
52538077,13053,0,2,0,0,0,0,0,0,0,0,0
52541721,13054,0,2,0,0,0,0,0,0,0,0,0
52545365,13055,0,2,0,0,0,0,0,0,0,0,0
52549010,13056,0,2,0,0,0,0,0,0,0,0,0
52552653,13057,0,2,0,0,0,0,0,0,0,0,0
52556298,13058,0,2,0,0,0,0,0,0,0,0,0
52559941,13059,0,2,0,0,0,0,0,0,0,0,0
52563585,13060,0,2,0,0,0,0,0,0,0,0,0
52567230,13061,0,2,0,0,0,0,0,0,0,0,0
52570873,13062,0,2,0,0,0,0,0,0,0,0,0
52574517,13063,0,2,0,0,0,0,0,0,0,0,0
52578161,13064,0,2,0,0,0,0,0,0,0,0,0
52581805,13065,0,2,0,0,0,0,0,0,0,0,0
52585449,13066,0,2,0,0,0,0,0,0,0,0,0
52589093,13067,0,2,0,0,0,0,0,0,0,0,0
52592737,13068,0,2,0,0,0,0,0,0,0,0,0
52596381,13069,0,2,0,0,0,0,0,0,0,0,0
52600026,13070,0,2,0,0,0,0,0,0,0,0,0
52603670,13071,0,2,0,0,0,0,0,0,0,0,0
52607314,13072,0,2,0,0,0,0,0,0,0,0,0
52610957,13073,0,2,0,0,0,0,0,0,0,0,0
52614601,13074,0,2,0,0,0,0,0,0,0,0,0
52618246,13075,0,2,0,0,0,0,0,0,0,0,0
52621889,13076,0,2,0,0,0,0,0,0,0,0,0
52625533,13077,0,2,0,0,0,0,0,0,0,0,0
52629177,13078,0,2,0,0,0,0,0,0,0,0,0
52632821,13079,0,2,0,0,0,0,0,0,0,0,0
52636465,13080,0,2,0,0,0,0,0,0,0,0,0
52640110,13081,0,2,0,0,0,0,0,0,0,0,0
52643753,13082,0,2,0,0,0,0,0,0,0,0,0
52647397,13083,0,2,0,0,0,0,0,0,0,0,0
52651042,13084,0,2,0,0,0,0,0,0,0,0,0
52654685,13085,0,2,0,0,0,0,0,0,0,0,0
52658329,13086,0,2,0,0,0,0,0,0,0,0,0
52661973,13087,0,2,0,0,0,0,0,0,0,0,0
52665617,13088,0,2,0,0,0,0,0,0,0,0,0
52669261,13089,0,2,0,0,0,0,0,0,0,0,0
52672905,13090,0,2,0,0,0,0,0,0,0,0,0
52676550,13091,0,2,0,0,0,0,0,0,0,0,0
52680194,13092,0,2,0,0,0,0,0,0,0,0,0
52683837,13093,0,2,0,0,0,0,0,0,0,0,0
52687481,13094,0,2,0,0,0,0,0,0,0,0,0
52691125,13095,0,2,0,0,0,0,0,0,0,0,0
52694769,13096,0,2,0,0,0,0,0,0,0,0,0
52698413,13097,0,2,0,0,0,0,0,0,0,0,0
52702058,13098,0,2,0,0,0,0,0,0,0,0,0
52705701,13099,0,2,0,0,0,0,0,0,0,0,0
52709345,13100,0,2,0,0,0,0,0,0,0,0,0
52712990,13101,0,2,0,0,0,0,0,0,0,0,0
52716633,13102,0,2,0,0,0,0,0,0,0,0,0
52720277,13103,0,2,0,0,0,0,0,0,0,0,0
52723921,13104,0,2,0,0,0,0,0,0,0,0,0
52727565,13105,0,2,0,0,0,0,0,0,0,0,0
52731209,13106,0,2,0,0,0,0,0,0,0,0,0
52734853,13107,0,2,0,0,0,0,0,0,0,0,0
52738497,13108,0,2,0,0,0,0,0,0,0,0,0
52742142,13109,0,2,0,0,0,0,0,0,0,0,0
52745785,13110,0,2,0,0,0,0,0,0,0,0,0
52749430,13111,0,2,0,0,0,0,0,0,0,0,0
52753074,13112,0,2,0,0,0,0,0,0,0,0,0
52756717,13113,0,2,0,0,0,0,0,0,0,0,0
52760362,13114,0,2,0,0,0,0,0,0,0,0,0
52764006,13115,0,2,0,0,0,0,0,0,0,0,0
52767649,13116,0,2,0,0,0,0,0,0,0,0,0
52771293,13117,0,2,0,0,0,0,0,0,0,0,0
52774937,13118,0,2,0,0,0,0,0,0,0,0,0
52778581,13119,0,2,0,0,0,0,0,0,0,0,0
52782225,13120,0,2,0,0,0,0,0,0,0,0,0
52785870,13121,0,2,0,0,0,0,0,0,0,0,0
52789513,13122,0,2,0,0,0,0,0,0,0,0,0
52793158,13123,0,2,0,0,0,0,0,0,0,0,0
52796801,13124,0,2,0,0,0,0,0,0,0,0,0
52800445,13125,0,2,0,0,0,0,0,0,0,0,0
52804090,13126,0,2,0,0,0,0,0,0,0,0,0
52807733,13127,0,2,0,0,0,0,0,0,0,0,0
52811377,13128,0,2,0,0,0,0,0,0,0,0,0
52815022,13129,0,2,0,0,0,0,0,0,0,0,0
52818665,13130,0,2,0,0,0,0,0,0,0,0,0
52822310,13131,0,2,0,0,0,0,0,0,0,0,0
52825953,13132,0,2,0,0,0,0,0,0,0,0,0
52829597,13133,0,2,0,0,0,0,0,0,0,0,0
52833241,13134,0,2,0,0,0,0,0,0,0,0,0
52836885,13135,0,2,0,0,0,0,0,0,0,0,0
52840529,13136,0,2,0,0,0,0,0,0,0,0,0
52844173,13137,0,2,0,0,0,0,0,0,0,0,0
52847817,13138,0,2,0,0,0,0,0,0,0,0,0
52851461,13139,0,2,0,0,0,0,0,0,0,0,0
52855105,13140,0,2,0,0,0,0,0,0,0,0,0
52858750,13141,0,2,0,0,0,0,0,0,0,0,0
52862393,13142,0,2,0,0,0,0,0,0,0,0,0
52866037,13143,0,2,0,0,0,0,0,0,0,0,0
52869681,13144,0,2,0,0,0,0,0,0,0,0,0
52873326,13145,0,2,0,0,0,0,0,0,0,0,0
52876969,13146,0,2,0,0,0,0,0,0,0,0,0
52880613,13147,0,2,0,0,0,0,0,0,0,0,0
52884257,13148,0,2,0,0,0,0,0,0,0,0,0
52887901,13149,0,2,0,0,0,0,0,0,0,0,0
52891545,13150,0,2,0,0,0,0,0,0,0,0,0
52895190,13151,0,2,0,0,0,0,0,0,0,0,0
52898833,13152,0,2,0,0,0,0,0,0,0,0,0
52902477,13153,0,2,0,0,0,0,0,0,0,0,0
52906121,13154,0,2,0,0,0,0,0,0,0,0,0
52909765,13155,0,2,0,0,0,0,0,0,0,0,0
52913409,13156,0,2,0,0,0,0,0,0,0,0,0
52917054,13157,0,2,0,0,0,0,0,0,0,0,0
52920697,13158,0,2,0,0,0,0,0,0,0,0,0
52924342,13159,0,2,0,0,0,0,0,0,0,0,0
52927985,13160,0,2,0,0,0,0,0,0,0,0,0
52931630,13161,0,2,0,0,0,0,0,0,0,0,0
52935273,13162,0,2,0,0,0,0,0,0,0,0,0
52938917,13163,0,2,0,0,0,0,0,0,0,0,0
52942561,13164,0,2,0,0,0,0,0,0,0,0,0
52946206,13165,0,2,0,0,0,0,0,0,0,0,0
52949849,13166,0,2,0,0,0,0,0,0,0,0,0
52958409,13167,0,2,0,0,0,0,0,0,0,0,0
52962041,13168,0,2,0,0,0,0,0,0,0,0,0
52965685,13169,0,2,0,0,0,0,0,0,0,0,0
52969329,13170,0,2,0,0,0,0,0,0,0,0,0
52972974,13171,0,2,0,0,0,0,0,0,0,0,0
52976617,13172,0,2,0,0,0,0,0,0,0,0,0
52980261,13173,0,2,0,0,0,0,0,0,0,0,0
52983905,13174,0,2,0,0,0,0,0,0,0,0,0
52987549,13175,0,2,0,0,0,0,0,0,0,0,0
52991194,13176,0,2,0,0,0,0,0,0,0,0,0
52994837,13177,0,2,0,0,0,0,0,0,0,0,0
52998481,13178,0,2,0,0,0,0,0,0,0,0,0
53002126,13179,0,2,0,0,0,0,0,0,0,0,0
53005769,13180,0,2,0,0,0,0,0,0,0,0,0
53009414,13181,0,2,0,0,0,0,0,0,0,0,0
53013057,13182,0,2,0,0,0,0,0,0,0,0,0
53016701,13183,0,2,0,0,0,0,0,0,0,0,0
53020345,13184,0,2,0,0,0,0,0,0,0,0,0
53023989,13185,0,2,0,0,0,0,0,0,0,0,0
53027633,13186,0,2,0,0,0,0,0,0,0,0,0
53031277,13187,0,2,0,0,0,0,0,0,0,0,0
53034921,13188,0,2,0,0,0,0,0,0,0,0,0
53038565,13189,0,2,0,0,0,0,0,0,0,0,0
53042209,13190,0,2,0,0,0,0,0,0,0,0,0
53045854,13191,0,2,0,0,0,0,0,0,0,0,0
53049497,13192,0,2,0,0,0,0,0,0,0,0,0
53053142,13193,0,2,0,0,0,0,0,0,0,0,0
53056785,13194,0,2,0,0,0,0,0,0,0,0,0
53060429,13195,0,2,0,0,0,0,0,0,0,0,0
53064074,13196,0,2,0,0,0,0,0,0,0,0,0
53067717,13197,0,2,0,0,0,0,0,0,0,0,0
53071362,13198,0,2,0,0,0,0,0,0,0,0,0
53075006,13199,0,2,0,0,0,0,0,0,0,0,0
53078649,13200,0,2,0,0,0,0,0,0,0,0,0
53082294,13201,0,2,0,0,0,0,0,0,0,0,0
53085937,13202,0,2,0,0,0,0,0,0,0,0,0
53089581,13203,0,2,0,0,0,0,0,0,0,0,0
53093225,13204,0,2,0,0,0,0,0,0,0,0,0
53096869,13205,0,2,0,0,0,0,0,0,0,0,0
53100513,13206,0,2,0,0,0,0,0,0,0,0,0
53104158,13207,0,2,0,0,0,0,0,0,0,0,0
53107801,13208,0,2,0,0,0,0,0,0,0,0,0
53111445,13209,0,2,0,0,0,0,0,0,0,0,0
53115090,13210,0,2,0,0,0,0,0,0,0,0,0
53118734,13211,0,2,0,0,0,0,0,0,0,0,0
53122377,13212,0,2,0,0,0,0,0,0,0,0,0
53126022,13213,0,2,0,0,0,0,0,0,0,0,0
53129665,13214,0,2,0,0,0,0,0,0,0,0,0
53133310,13215,0,2,0,0,0,0,0,0,0,0,0
53136953,13216,0,2,0,0,0,0,0,0,0,0,0
53140597,13217,0,2,0,0,0,0,0,0,0,0,0
53144242,13218,0,2,0,0,0,0,0,0,0,0,0
53147885,13219,0,2,0,0,0,0,0,0,0,0,0
53151529,13220,0,2,0,0,0,0,0,0,0,0,0
53155174,13221,0,2,0,0,0,0,0,0,0,0,0
53158817,13222,0,2,0,0,0,0,0,0,0,0,0
53162461,13223,0,2,0,0,0,0,0,0,0,0,0
53166105,13224,0,2,0,0,0,0,0,0,0,0,0
53169749,13225,0,2,0,0,0,0,0,0,0,0,0
53173393,13226,0,2,0,0,0,0,0,0,0,0,0
53177037,13227,0,2,0,0,0,0,0,0,0,0,0
53180681,13228,0,2,0,0,0,0,0,0,0,0,0
53184325,13229,0,2,0,0,0,0,0,0,0,0,0
53187969,13230,0,2,0,0,0,0,0,0,0,0,0
53191614,13231,0,2,0,0,0,0,0,0,0,0,0
53195258,13232,0,2,0,0,0,0,0,0,0,0,0
53198901,13233,0,2,0,0,0,0,0,0,0,0,0
53202545,13234,0,2,0,0,0,0,0,0,0,0,0
53206190,13235,0,2,0,0,0,0,0,0,0,0,0
53209833,13236,0,2,0,0,0,0,0,0,0,0,0
53213477,13237,0,2,0,0,0,0,0,0,0,0,0
53217121,13238,0,2,0,0,0,0,0,0,0,0,0
53220765,13239,0,2,0,0,0,0,0,0,0,0,0
53224409,13240,0,2,0,0,0,0,0,0,0,0,0
53228054,13241,0,2,0,0,0,0,0,0,0,0,0
53231697,13242,0,2,0,0,0,0,0,0,0,0,0
53235342,13243,0,2,0,0,0,0,0,0,0,0,0
53238985,13244,0,2,0,0,0,0,0,0,0,0,0
53242629,13245,0,2,0,0,0,0,0,0,0,0,0
53246274,13246,0,2,0,0,0,0,0,0,0,0,0
53249917,13247,0,2,0,0,0,0,0,0,0,0,0
53253561,13248,0,2,0,0,0,0,0,0,0,0,0
53257205,13249,0,2,0,0,0,0,0,0,0,0,0
53260849,13250,0,2,0,0,0,0,0,0,0,0,0
53264494,13251,0,2,0,0,0,0,0,0,0,0,0
53268138,13252,0,2,0,0,0,0,0,0,0,0,0
53271781,13253,0,2,0,0,0,0,0,0,0,0,0
53275425,13254,0,2,0,0,0,0,0,0,0,0,0
53279070,13255,0,2,0,0,0,0,0,0,0,0,0
53282713,13256,0,2,0,0,0,0,0,0,0,0,0
53286357,13257,0,2,0,0,0,0,0,0,0,0,0
53290001,13258,0,2,0,0,0,0,0,0,0,0,0
53293645,13259,0,2,0,0,0,0,0,0,0,0,0
53297289,13260,0,2,0,0,0,0,0,0,0,0,0
53300934,13261,0,2,0,0,0,0,0,0,0,0,0
53304577,13262,0,2,0,0,0,0,0,0,0,0,0
53308221,13263,0,2,0,0,0,0,0,0,0,0,0
53311865,13264,0,2,0,0,0,0,0,0,0,0,0
53315509,13265,0,2,0,0,0,0,0,0,0,0,0
53319153,13266,0,2,0,0,0,0,0,0,0,0,0
53322797,13267,0,2,0,0,0,0,0,0,0,0,0
53326441,13268,0,2,0,0,0,0,0,0,0,0,0
53330085,13269,0,2,0,0,0,0,0,0,0,0,0
53333729,13270,0,2,0,0,0,0,0,0,0,0,0
53337374,13271,0,2,0,0,0,0,0,0,0,0,0
53341018,13272,0,2,0,0,0,0,0,0,0,0,0
53344661,13273,0,2,0,0,0,0,0,0,0,0,0
53348306,13274,0,2,0,0,0,0,0,0,0,0,0
53351949,13275,0,2,0,0,0,0,0,0,0,0,0
53355593,13276,0,2,0,0,0,0,0,0,0,0,0
53359237,13277,0,2,0,0,0,0,0,0,0,0,0
53362881,13278,0,2,0,0,0,0,0,0,0,0,0
53366525,13279,0,2,0,0,0,0,0,0,0,0,0
53370170,13280,0,2,0,0,0,0,0,0,0,0,0
53373814,13281,0,2,0,0,0,0,0,0,0,0,0
53377457,13282,0,2,0,0,0,0,0,0,0,0,0
53381101,13283,0,2,0,0,0,0,0,0,0,0,0
53384745,13284,0,2,0,0,0,0,0,0,0,0,0
53388389,13285,0,2,0,0,0,0,0,0,0,0,0
53392033,13286,0,2,0,0,0,0,0,0,0,0,0
53395677,13287,0,2,0,0,0,0,0,0,0,0,0
53399321,13288,0,2,0,0,0,0,0,0,0,0,0
53402965,13289,0,2,0,0,0,0,0,0,0,0,0
53406609,13290,0,2,0,0,0,0,0,0,0,0,0
53410254,13291,0,2,0,0,0,0,0,0,0,0,0
53413897,13292,0,2,0,0,0,0,0,0,0,0,0
53417541,13293,0,2,0,0,0,0,0,0,0,0,0
53421185,13294,0,2,0,0,0,0,0,0,0,0,0
53424829,13295,0,2,0,0,0,0,0,0,0,0,0
53428473,13296,0,2,0,0,0,0,0,0,0,0,0
53432118,13297,0,2,0,0,0,0,0,0,0,0,0
53435761,13298,0,2,0,0,0,0,0,0,0,0,0
53439405,13299,0,2,0,0,0,0,0,0,0,0,0
53443049,13300,0,2,0,0,0,0,0,0,0,0,0
53446694,13301,0,2,0,0,0,0,0,0,0,0,0
53450337,13302,0,2,0,0,0,0,0,0,0,0,0
53453981,13303,0,2,0,0,0,0,0,0,0,0,0
53457625,13304,0,2,0,0,0,0,0,0,0,0,0
53461269,13305,0,2,0,0,0,0,0,0,0,0,0
53464913,13306,0,2,0,0,0,0,0,0,0,0,0
53468557,13307,0,2,0,0,0,0,0,0,0,0,0
53472202,13308,0,2,0,0,0,0,0,0,0,0,0
53475845,13309,0,2,0,0,0,0,0,0,0,0,0
53479489,13310,0,2,0,0,0,0,0,0,0,0,0
53483134,13311,0,2,0,0,0,0,0,0,0,0,0
53486777,13312,0,2,0,0,0,0,0,0,0,0,0
53490421,13313,0,2,0,0,0,0,0,0,0,0,0
53494065,13314,0,2,0,0,0,0,0,0,0,0,0
53497709,13315,0,2,0,0,0,0,0,0,0,0,0
53501353,13316,0,2,0,0,0,0,0,0,0,0,0
53504997,13317,0,2,0,0,0,0,0,0,0,0,0
53508641,13318,0,2,0,0,0,0,0,0,0,0,0
53512285,13319,0,2,0,0,0,0,0,0,0,0,0
53515929,13320,0,2,0,0,0,0,0,0,0,0,0
53519574,13321,0,2,0,0,0,0,0,0,0,0,0
53523218,13322,0,2,0,0,0,0,0,0,0,0,0
53526861,13323,0,2,0,0,0,0,0,0,0,0,0
53530505,13324,0,2,0,0,0,0,0,0,0,0,0
53534150,13325,0,2,0,0,0,0,0,0,0,0,0
53537793,13326,0,2,0,0,0,0,0,0,0,0,0
53541437,13327,0,2,0,0,0,0,0,0,0,0,0
53545082,13328,0,2,0,0,0,0,0,0,0,0,0
53548725,13329,0,2,0,0,0,0,0,0,0,0,0
53552369,13330,0,2,0,0,0,0,0,0,0,0,0
53556014,13331,0,2,0,0,0,0,0,0,0,0,0
53559657,13332,0,2,0,0,0,0,0,0,0,0,0
53563302,13333,0,2,0,0,0,0,0,0,0,0,0
53566945,13334,0,2,0,0,0,0,0,0,0,0,0
53570589,13335,0,2,0,0,0,0,0,0,0,0,0
53574234,13336,0,2,0,0,0,0,0,0,0,0,0
53577877,13337,0,2,0,0,0,0,0,0,0,0,0
53581521,13338,0,2,0,0,0,0,0,0,0,0,0
53585165,13339,0,2,0,0,0,0,0,0,0,0,0
53588809,13340,0,2,0,0,0,0,0,0,0,0,0
53592454,13341,0,2,0,0,0,0,0,0,0,0,0
53596098,13342,0,2,0,0,0,0,0,0,0,0,0
53599741,13343,0,2,0,0,0,0,0,0,0,0,0
53603385,13344,0,2,0,0,0,0,0,0,0,0,0
53607030,13345,0,2,0,0,0,0,0,0,0,0,0
53610673,13346,0,2,0,0,0,0,0,0,0,0,0
53614317,13347,0,2,0,0,0,0,0,0,0,0,0
53617961,13348,0,2,0,0,0,0,0,0,0,0,0
53621605,13349,0,2,0,0,0,0,0,0,0,0,0
53625249,13350,0,2,0,0,0,0,0,0,0,0,0
53628894,13351,0,2,0,0,0,0,0,0,0,0,0
53632537,13352,0,2,0,0,0,0,0,0,0,0,0
53636181,13353,0,2,0,0,0,0,0,0,0,0,0
53639825,13354,0,2,0,0,0,0,0,0,0,0,0
53643469,13355,0,2,0,0,0,0,0,0,0,0,0
53647114,13356,0,2,0,0,0,0,0,0,0,0,0
53650757,13357,0,2,0,0,0,0,0,0,0,0,0
53654401,13358,0,2,0,0,0,0,0,0,0,0,0
53658046,13359,0,2,0,0,0,0,0,0,0,0,0
53661689,13360,0,2,0,0,0,0,0,0,0,0,0
53665334,13361,0,2,0,0,0,0,0,0,0,0,0
53668977,13362,0,2,0,0,0,0,0,0,0,0,0
53672621,13363,0,2,0,0,0,0,0,0,0,0,0
53676265,13364,0,2,0,0,0,0,0,0,0,0,0
53679909,13365,0,2,0,0,0,0,0,0,0,0,0
53683553,13366,0,2,0,0,0,0,0,0,0,0,0
53687198,13367,0,2,0,0,0,0,0,0,0,0,0
53690841,13368,0,2,0,0,0,0,0,0,0,0,0
53694485,13369,0,2,0,0,0,0,0,0,0,0,0
53698129,13370,0,2,0,0,0,0,0,0,0,0,0
53701774,13371,0,2,0,0,0,0,0,0,0,0,0
53705417,13372,0,2,0,0,0,0,0,0,0,0,0
53709061,13373,0,2,0,0,0,0,0,0,0,0,0
53712705,13374,0,2,0,0,0,0,0,0,0,0,0
53716349,13375,0,2,0,0,0,0,0,0,0,0,0
53719993,13376,0,2,0,0,0,0,0,0,0,0,0
53723637,13377,0,2,0,0,0,0,0,0,0,0,0
53727281,13378,0,2,0,0,0,0,0,0,0,0,0
53730925,13379,0,2,0,0,0,0,0,0,0,0,0
53734569,13380,0,2,0,0,0,0,0,0,0,0,0
53738214,13381,0,2,0,0,0,0,0,0,0,0,0
53741857,13382,0,2,0,0,0,0,0,0,0,0,0
53745501,13383,0,2,0,0,0,0,0,0,0,0,0
53749146,13384,0,2,0,0,0,0,0,0,0,0,0
53752789,13385,0,2,0,0,0,0,0,0,0,0,0
53756433,13386,0,2,0,0,0,0,0,0,0,0,0
53760077,13387,0,2,0,0,0,0,0,0,0,0,0
53763721,13388,0,2,0,0,0,0,0,0,0,0,0
53767365,13389,0,2,0,0,0,0,0,0,0,0,0
53771010,13390,0,2,0,0,0,0,0,0,0,0,0
53774654,13391,0,2,0,0,0,0,0,0,0,0,0
53778298,13392,0,2,0,0,0,0,0,0,0,0,0
53781941,13393,0,2,0,0,0,0,0,0,0,0,0
53792304,13394,0,2,0,0,0,0,0,0,0,0,0
53795936,13395,0,2,0,0,0,0,0,0,0,0,0
53799580,13396,0,2,0,0,0,0,0,0,0,0,0
53803225,13397,0,2,0,0,0,0,0,0,0,0,0
53806868,13398,0,2,0,0,0,0,0,0,0,0,0
53810512,13399,0,2,0,0,0,0,0,0,0,0,0
53814156,13400,0,2,0,0,0,0,0,0,0,0,0
53817801,13401,0,2,0,0,0,0,0,0,0,0,0
53821444,13402,0,2,0,0,0,0,0,0,0,0,0
53825088,13403,0,2,0,0,0,0,0,0,0,0,0
53828732,13404,0,2,0,0,0,0,0,0,0,0,0
53832376,13405,0,2,0,0,0,0,0,0,0,0,0
53836020,13406,0,2,0,0,0,0,0,0,0,0,0
53839664,13407,0,2,0,0,0,0,0,0,0,0,0
53843309,13408,0,2,0,0,0,0,0,0,0,0,0
53846952,13409,0,2,0,0,0,0,0,0,0,0,0
53850596,13410,0,2,0,0,0,0,0,0,0,0,0
53854241,13411,0,2,0,0,0,0,0,0,0,0,0
53857884,13412,0,2,0,0,0,0,0,0,0,0,0
53861528,13413,0,2,0,0,0,0,0,0,0,0,0
53865172,13414,0,2,0,0,0,0,0,0,0,0,0
53868816,13415,0,2,0,0,0,0,0,0,0,0,0
53872460,13416,0,2,0,0,0,0,0,0,0,0,0
53876105,13417,0,2,0,0,0,0,0,0,0,0,0
53879748,13418,0,2,0,0,0,0,0,0,0,0,0
53883392,13419,0,2,0,0,0,0,0,0,0,0,0
53887036,13420,0,2,0,0,0,0,0,0,0,0,0
53890681,13421,0,2,0,0,0,0,0,0,0,0,0
53894325,13422,0,2,0,0,0,0,0,0,0,0,0
53897968,13423,0,2,0,0,0,0,0,0,0,0,0
53901612,13424,0,2,0,0,0,0,0,0,0,0,0
53905257,13425,0,2,0,0,0,0,0,0,0,0,0
53908900,13426,0,2,0,0,0,0,0,0,0,0,0
53912544,13427,0,2,0,0,0,0,0,0,0,0,0
53916189,13428,0,2,0,0,0,0,0,0,0,0,0
53919832,13429,0,2,0,0,0,0,0,0,0,0,0
53923476,13430,0,2,0,0,0,0,0,0,0,0,0
53927121,13431,0,2,0,0,0,0,0,0,0,0,0
53930764,13432,0,2,0,0,0,0,0,0,0,0,0
53934408,13433,0,2,0,0,0,0,0,0,0,0,0
53938052,13434,0,2,0,0,0,0,0,0,0,0,0
53941696,13435,0,2,0,0,0,0,0,0,0,0,0
53945341,13436,0,2,0,0,0,0,0,0,0,0,0
53948984,13437,0,2,0,0,0,0,0,0,0,0,0
53952628,13438,0,2,0,0,0,0,0,0,0,0,0
53956272,13439,0,2,0,0,0,0,0,0,0,0,0
53959916,13440,0,2,0,0,0,0,0,0,0,0,0
53963561,13441,0,2,0,0,0,0,0,0,0,0,0
53967204,13442,0,2,0,0,0,0,0,0,0,0,0
53970848,13443,0,2,0,0,0,0,0,0,0,0,0
53974492,13444,0,2,0,0,0,0,0,0,0,0,0
53978136,13445,0,2,0,0,0,0,0,0,0,0,0
53981780,13446,0,2,0,0,0,0,0,0,0,0,0
53985424,13447,0,2,0,0,0,0,0,0,0,0,0
53989068,13448,0,2,0,0,0,0,0,0,0,0,0
53992712,13449,0,2,0,0,0,0,0,0,0,0,0
53996357,13450,0,2,0,0,0,0,0,0,0,0,0
54000001,13451,0,2,0,0,0,0,0,0,0,0,0
54003644,13452,0,2,0,0,0,0,0,0,0,0,0
54007288,13453,0,2,0,0,0,0,0,0,0,0,0
54010932,13454,0,2,0,0,0,0,0,0,0,0,0
54014576,13455,0,2,0,0,0,0,0,0,0,0,0
54018220,13456,0,2,0,0,0,0,0,0,0,0,0
54021864,13457,0,2,0,0,0,0,0,0,0,0,0
54025508,13458,0,2,0,0,0,0,0,0,0,0,0
54029153,13459,0,2,0,0,0,0,0,0,0,0,0
54032796,13460,0,2,0,0,0,0,0,0,0,0,0
54036441,13461,0,2,0,0,0,0,0,0,0,0,0
54040084,13462,0,2,0,0,0,0,0,0,0,0,0
54043728,13463,0,2,0,0,0,0,0,0,0,0,0
54047372,13464,0,2,0,0,0,0,0,0,0,0,0
54051017,13465,0,2,0,0,0,0,0,0,0,0,0
54054660,13466,0,2,0,0,0,0,0,0,0,0,0
54058304,13467,0,2,0,0,0,0,0,0,0,0,0
54061948,13468,0,2,0,0,0,0,0,0,0,0,0
54065592,13469,0,2,0,0,0,0,0,0,0,0,0
54069237,13470,0,2,0,0,0,0,0,0,0,0,0
54072881,13471,0,2,0,0,0,0,0,0,0,0,0
54076524,13472,0,2,0,0,0,0,0,0,0,0,0
54080168,13473,0,2,0,0,0,0,0,0,0,0,0
54083812,13474,0,2,0,0,0,0,0,0,0,0,0
54087456,13475,0,2,0,0,0,0,0,0,0,0,0
54091100,13476,0,2,0,0,0,0,0,0,0,0,0
54094744,13477,0,2,0,0,0,0,0,0,0,0,0
54098388,13478,0,2,0,0,0,0,0,0,0,0,0
54102033,13479,0,2,0,0,0,0,0,0,0,0,0
54105676,13480,0,2,0,0,0,0,0,0,0,0,0
54109321,13481,0,2,0,0,0,0,0,0,0,0,0
54112964,13482,0,2,0,0,0,0,0,0,0,0,0
54116608,13483,0,2,0,0,0,0,0,0,0,0,0
54120253,13484,0,2,0,0,0,0,0,0,0,0,0
54123896,13485,0,2,0,0,0,0,0,0,0,0,0
54127540,13486,0,2,0,0,0,0,0,0,0,0,0
54131184,13487,0,2,0,0,0,0,0,0,0,0,0
54134828,13488,0,2,0,0,0,0,0,0,0,0,0
54138472,13489,0,2,0,0,0,0,0,0,0,0,0
54142116,13490,0,2,0,0,0,0,0,0,0,0,0
54145761,13491,0,2,0,0,0,0,0,0,0,0,0
54149404,13492,0,2,0,0,0,0,0,0,0,0,0
54153048,13493,0,2,0,0,0,0,0,0,0,0,0
54156692,13494,0,2,0,0,0,0,0,0,0,0,0
54160336,13495,0,2,0,0,0,0,0,0,0,0,0
54163980,13496,0,2,0,0,0,0,0,0,0,0,0
54167624,13497,0,2,0,0,0,0,0,0,0,0,0
54171268,13498,0,2,0,0,0,0,0,0,0,0,0
54174912,13499,0,2,0,0,0,0,0,0,0,0,0
54178556,13500,0,2,0,0,0,0,0,0,0,0,0
54182201,13501,0,2,0,0,0,0,0,0,0,0,0
54185844,13502,0,2,0,0,0,0,0,0,0,0,0
54189488,13503,0,2,0,0,0,0,0,0,0,0,0
54193132,13504,0,2,0,0,0,0,0,0,0,0,0
54196776,13505,0,2,0,0,0,0,0,0,0,0,0
54200420,13506,0,2,0,0,0,0,0,0,0,0,0
54204064,13507,0,2,0,0,0,0,0,0,0,0,0
54207708,13508,0,2,0,0,0,0,0,0,0,0,0
54211352,13509,0,2,0,0,0,0,0,0,0,0,0
54214996,13510,0,2,0,0,0,0,0,0,0,0,0
54218641,13511,0,2,0,0,0,0,0,0,0,0,0
54222285,13512,0,2,0,0,0,0,0,0,0,0,0
54225928,13513,0,2,0,0,0,0,0,0,0,0,0
54229572,13514,0,2,0,0,0,0,0,0,0,0,0
54233216,13515,0,2,0,0,0,0,0,0,0,0,0
54236860,13516,0,2,0,0,0,0,0,0,0,0,0
54240504,13517,0,2,0,0,0,0,0,0,0,0,0
54244149,13518,0,2,0,0,0,0,0,0,0,0,0
54247792,13519,0,2,0,0,0,0,0,0,0,0,0
54251436,13520,0,2,0,0,0,0,0,0,0,0,0
54255081,13521,0,2,0,0,0,0,0,0,0,0,0
54258724,13522,0,2,0,0,0,0,0,0,0,0,0
54262368,13523,0,2,0,0,0,0,0,0,0,0,0
54266013,13524,0,2,0,0,0,0,0,0,0,0,0
54269656,13525,0,2,0,0,0,0,0,0,0,0,0
54273301,13526,0,2,0,0,0,0,0,0,0,0,0
54276944,13527,0,2,0,0,0,0,0,0,0,0,0
54280588,13528,0,2,0,0,0,0,0,0,0,0,0
54284232,13529,0,2,0,0,0,0,0,0,0,0,0
54287876,13530,0,2,0,0,0,0,0,0,0,0,0
54291521,13531,0,2,0,0,0,0,0,0,0,0,0
54295165,13532,0,2,0,0,0,0,0,0,0,0,0
54298808,13533,0,2,0,0,0,0,0,0,0,0,0
54302452,13534,0,2,0,0,0,0,0,0,0,0,0
54306096,13535,0,2,0,0,0,0,0,0,0,0,0
54309740,13536,0,2,0,0,0,0,0,0,0,0,0
54313384,13537,0,2,0,0,0,0,0,0,0,0,0
54317029,13538,0,2,0,0,0,0,0,0,0,0,0
54320672,13539,0,2,0,0,0,0,0,0,0,0,0
54324316,13540,0,2,0,0,0,0,0,0,0,0,0
54327961,13541,0,2,0,0,0,0,0,0,0,0,0
54331604,13542,0,2,0,0,0,0,0,0,0,0,0
54335248,13543,0,2,0,0,0,0,0,0,0,0,0
54338892,13544,0,2,0,0,0,0,0,0,0,0,0
54342536,13545,0,2,0,0,0,0,0,0,0,0,0
54346181,13546,0,2,0,0,0,0,0,0,0,0,0
54349824,13547,0,2,0,0,0,0,0,0,0,0,0
54353468,13548,0,2,0,0,0,0,0,0,0,0,0
54357112,13549,0,2,0,0,0,0,0,0,0,0,0
54360756,13550,0,2,0,0,0,0,0,0,0,0,0
54364401,13551,0,2,0,0,0,0,0,0,0,0,0
54368045,13552,0,2,0,0,0,0,0,0,0,0,0
54371688,13553,0,2,0,0,0,0,0,0,0,0,0
54375332,13554,0,2,0,0,0,0,0,0,0,0,0
54378976,13555,0,2,0,0,0,0,0,0,0,0,0
54382620,13556,0,2,0,0,0,0,0,0,0,0,0
54386264,13557,0,2,0,0,0,0,0,0,0,0,0
54389908,13558,0,2,0,0,0,0,0,0,0,0,0
54393552,13559,0,2,0,0,0,0,0,0,0,0,0
54397196,13560,0,2,0,0,0,0,0,0,0,0,0
54400841,13561,0,2,0,0,0,0,0,0,0,0,0
54404484,13562,0,2,0,0,0,0,0,0,0,0,0
54408128,13563,0,2,0,0,0,0,0,0,0,0,0
54411772,13564,0,2,0,0,0,0,0,0,0,0,0
54415416,13565,0,2,0,0,0,0,0,0,0,0,0
54419061,13566,0,2,0,0,0,0,0,0,0,0,0
54422704,13567,0,2,0,0,0,0,0,0,0,0,0
54426348,13568,0,2,0,0,0,0,0,0,0,0,0
54429992,13569,0,2,0,0,0,0,0,0,0,0,0
54433636,13570,0,2,0,0,0,0,0,0,0,0,0
54437281,13571,0,2,0,0,0,0,0,0,0,0,0
54440924,13572,0,2,0,0,0,0,0,0,0,0,0
54444568,13573,0,2,0,0,0,0,0,0,0,0,0
54448213,13574,0,2,0,0,0,0,0,0,0,0,0
54451856,13575,0,2,0,0,0,0,0,0,0,0,0
54455500,13576,0,2,0,0,0,0,0,0,0,0,0
54459144,13577,0,2,0,0,0,0,0,0,0,0,0
54462788,13578,0,2,0,0,0,0,0,0,0,0,0
54466432,13579,0,2,0,0,0,0,0,0,0,0,0
54470077,13580,0,2,0,0,0,0,0,0,0,0,0
54473721,13581,0,2,0,0,0,0,0,0,0,0,0
54477364,13582,0,2,0,0,0,0,0,0,0,0,0
54481008,13583,0,2,0,0,0,0,0,0,0,0,0
54484652,13584,0,2,0,0,0,0,0,0,0,0,0
54488296,13585,0,2,0,0,0,0,0,0,0,0,0
54491940,13586,0,2,0,0,0,0,0,0,0,0,0
54495584,13587,0,2,0,0,0,0,0,0,0,0,0
54499228,13588,0,2,0,0,0,0,0,0,0,0,0
54502872,13589,0,2,0,0,0,0,0,0,0,0,0
54506516,13590,0,2,0,0,0,0,0,0,0,0,0
54510161,13591,0,2,0,0,0,0,0,0,0,0,0
54513804,13592,0,2,0,0,0,0,0,0,0,0,0
54517448,13593,0,2,0,0,0,0,0,0,0,0,0
54521092,13594,0,2,0,0,0,0,0,0,0,0,0
54524736,13595,0,2,0,0,0,0,0,0,0,0,0
54528380,13596,0,2,0,0,0,0,0,0,0,0,0
54532025,13597,0,2,0,0,0,0,0,0,0,0,0
54535668,13598,0,2,0,0,0,0,0,0,0,0,0
54539313,13599,0,2,0,0,0,0,0,0,0,0,0
54542956,13600,0,2,0,0,0,0,0,0,0,0,0
54546601,13601,0,2,0,0,0,0,0,0,0,0,0
54550244,13602,0,2,0,0,0,0,0,0,0,0,0
54553888,13603,0,2,0,0,0,0,0,0,0,0,0
54557532,13604,0,2,0,0,0,0,0,0,0,0,0
54561176,13605,0,2,0,0,0,0,0,0,0,0,0
54564820,13606,0,2,0,0,0,0,0,0,0,0,0
54568464,13607,0,2,0,0,0,0,0,0,0,0,0
54572109,13608,0,2,0,0,0,0,0,0,0,0,0
54575752,13609,0,2,0,0,0,0,0,0,0,0,0
54579396,13610,0,2,0,0,0,0,0,0,0,0,0
54583041,13611,0,2,0,0,0,0,0,0,0,0,0
54586684,13612,0,2,0,0,0,0,0,0,0,0,0
54590328,13613,0,2,0,0,0,0,0,0,0,0,0
54593972,13614,0,2,0,0,0,0,0,0,0,0,0
54597616,13615,0,2,0,0,0,0,0,0,0,0,0
54601260,13616,0,2,0,0,0,0,0,0,0,0,0
54604904,13617,0,2,0,0,0,0,0,0,0,0,0
54608548,13618,0,2,0,0,0,0,0,0,0,0,0
54612192,13619,0,2,0,0,0,0,0,0,0,0,0
54615836,13620,0,2,0,0,0,0,0,0,0,0,0
54623970,13621,0,2,0,0,0,0,0,0,0,0,0
54627601,13622,0,2,0,0,0,0,0,0,0,0,0
54631245,13623,0,2,0,0,0,0,0,0,0,0,0
54634889,13624,0,2,0,0,0,0,0,0,0,0,0
54638533,13625,0,2,0,0,0,0,0,0,0,0,0
54642177,13626,0,2,0,0,0,0,0,0,0,0,0
54645821,13627,0,2,0,0,0,0,0,0,0,0,0
54649465,13628,0,2,0,0,0,0,0,0,0,0,0
54653110,13629,0,2,0,0,0,0,0,0,0,0,0
54656753,13630,0,2,0,0,0,0,0,0,0,0,0
54660398,13631,0,2,0,0,0,0,0,0,0,0,0
54664042,13632,0,2,0,0,0,0,0,0,0,0,0
54667685,13633,0,2,0,0,0,0,0,0,0,0,0
54671329,13634,0,2,0,0,0,0,0,0,0,0,0
54674973,13635,0,2,0,0,0,0,0,0,0,0,0
54678617,13636,0,2,0,0,0,0,0,0,0,0,0
54682261,13637,0,2,0,0,0,0,0,0,0,0,0
54685905,13638,0,2,0,0,0,0,0,0,0,0,0
54689549,13639,0,2,0,0,0,0,0,0,0,0,0
54693194,13640,0,2,0,0,0,0,0,0,0,0,0
54696838,13641,0,2,0,0,0,0,0,0,0,0,0
54700481,13642,0,2,0,0,0,0,0,0,0,0,0
54704125,13643,0,2,0,0,0,0,0,0,0,0,0
54707769,13644,0,2,0,0,0,0,0,0,0,0,0
54711413,13645,0,2,0,0,0,0,0,0,0,0,0
54715058,13646,0,2,0,0,0,0,0,0,0,0,0
54718701,13647,0,2,0,0,0,0,0,0,0,0,0
54722345,13648,0,2,0,0,0,0,0,0,0,0,0
54725989,13649,0,2,0,0,0,0,0,0,0,0,0
54729633,13650,0,2,0,0,0,0,0,0,0,0,0
54733278,13651,0,2,0,0,0,0,0,0,0,0,0
54736921,13652,0,2,0,0,0,0,0,0,0,0,0
54740565,13653,0,2,0,0,0,0,0,0,0,0,0
54744209,13654,0,2,0,0,0,0,0,0,0,0,0
54747853,13655,0,2,0,0,0,0,0,0,0,0,0
54751497,13656,0,2,0,0,0,0,0,0,0,0,0
54755142,13657,0,2,0,0,0,0,0,0,0,0,0
54758785,13658,0,2,0,0,0,0,0,0,0,0,0
54762429,13659,0,2,0,0,0,0,0,0,0,0,0
54766074,13660,0,2,0,0,0,0,0,0,0,0,0
54769718,13661,0,2,0,0,0,0,0,0,0,0,0
54773362,13662,0,2,0,0,0,0,0,0,0,0,0
54777006,13663,0,2,0,0,0,0,0,0,0,0,0
54780649,13664,0,2,0,0,0,0,0,0,0,0,0
54784293,13665,0,2,0,0,0,0,0,0,0,0,0
54787937,13666,0,2,0,0,0,0,0,0,0,0,0
54791581,13667,0,2,0,0,0,0,0,0,0,0,0
54795225,13668,0,2,0,0,0,0,0,0,0,0,0
54798869,13669,0,2,0,0,0,0,0,0,0,0,0
54802513,13670,0,2,0,0,0,0,0,0,0,0,0
54806158,13671,0,2,0,0,0,0,0,0,0,0,0
54809801,13672,0,2,0,0,0,0,0,0,0,0,0
54813445,13673,0,2,0,0,0,0,0,0,0,0,0
54817090,13674,0,2,0,0,0,0,0,0,0,0,0
54820733,13675,0,2,0,0,0,0,0,0,0,0,0
54824377,13676,0,2,0,0,0,0,0,0,0,0,0
54828022,13677,0,2,0,0,0,0,0,0,0,0,0
54831665,13678,0,2,0,0,0,0,0,0,0,0,0
54835310,13679,0,2,0,0,0,0,0,0,0,0,0
54838953,13680,0,2,0,0,0,0,0,0,0,0,0
54842598,13681,0,2,0,0,0,0,0,0,0,0,0
54846241,13682,0,2,0,0,0,0,0,0,0,0,0
54849885,13683,0,2,0,0,0,0,0,0,0,0,0
54853529,13684,0,2,0,0,0,0,0,0,0,0,0
54857173,13685,0,2,0,0,0,0,0,0,0,0,0
54860817,13686,0,2,0,0,0,0,0,0,0,0,0
54864461,13687,0,2,0,0,0,0,0,0,0,0,0
54868105,13688,0,2,0,0,0,0,0,0,0,0,0
54871749,13689,0,2,0,0,0,0,0,0,0,0,0
54875393,13690,0,2,0,0,0,0,0,0,0,0,0
54879038,13691,0,2,0,0,0,0,0,0,0,0,0
54882681,13692,0,2,0,0,0,0,0,0,0,0,0
54886326,13693,0,2,0,0,0,0,0,0,0,0,0
54889969,13694,0,2,0,0,0,0,0,0,0,0,0
54893613,13695,0,2,0,0,0,0,0,0,0,0,0
54897257,13696,0,2,0,0,0,0,0,0,0,0,0
54900901,13697,0,2,0,0,0,0,0,0,0,0,0
54904545,13698,0,2,0,0,0,0,0,0,0,0,0
54908190,13699,0,2,0,0,0,0,0,0,0,0,0
54911833,13700,0,2,0,0,0,0,0,0,0,0,0
54915478,13701,0,2,0,0,0,0,0,0,0,0,0
54919121,13702,0,2,0,0,0,0,0,0,0,0,0
54922765,13703,0,2,0,0,0,0,0,0,0,0,0
54926409,13704,0,2,0,0,0,0,0,0,0,0,0
54930054,13705,0,2,0,0,0,0,0,0,0,0,0
54933697,13706,0,2,0,0,0,0,0,0,0,0,0
54937342,13707,0,2,0,0,0,0,0,0,0,0,0
54940985,13708,0,2,0,0,0,0,0,0,0,0,0
54944629,13709,0,2,0,0,0,0,0,0,0,0,0
54948274,13710,0,2,0,0,0,0,0,0,0,0,0
54951918,13711,0,2,0,0,0,0,0,0,0,0,0
54955561,13712,0,2,0,0,0,0,0,0,0,0,0
54959205,13713,0,2,0,0,0,0,0,0,0,0,0
54962849,13714,0,2,0,0,0,0,0,0,0,0,0
54966493,13715,0,2,0,0,0,0,0,0,0,0,0
54970138,13716,0,2,0,0,0,0,0,0,0,0,0
54973781,13717,0,2,0,0,0,0,0,0,0,0,0
54977425,13718,0,2,0,0,0,0,0,0,0,0,0
54981070,13719,0,2,0,0,0,0,0,0,0,0,0
54984713,13720,0,2,0,0,0,0,0,0,0,0,0
54988358,13721,0,2,0,0,0,0,0,0,0,0,0
54992001,13722,0,2,0,0,0,0,0,0,0,0,0
54995645,13723,0,2,0,0,0,0,0,0,0,0,0
54999289,13724,0,2,0,0,0,0,0,0,0,0,0
55002933,13725,0,2,0,0,0,0,0,0,0,0,0
55006577,13726,0,2,0,0,0,0,0,0,0,0,0
55010221,13727,0,2,0,0,0,0,0,0,0,0,0
55013865,13728,0,2,0,0,0,0,0,0,0,0,0
55017509,13729,0,2,0,0,0,0,0,0,0,0,0
55021153,13730,0,2,0,0,0,0,0,0,0,0,0
55024798,13731,0,2,0,0,0,0,0,0,0,0,0
55028441,13732,0,2,0,0,0,0,0,0,0,0,0
55032086,13733,0,2,0,0,0,0,0,0,0,0,0
55035729,13734,0,2,0,0,0,0,0,0,0,0,0
55039373,13735,0,2,0,0,0,0,0,0,0,0,0
55043017,13736,0,2,0,0,0,0,0,0,0,0,0
55046661,13737,0,2,0,0,0,0,0,0,0,0,0
55050305,13738,0,2,0,0,0,0,0,0,0,0,0
55053949,13739,0,2,0,0,0,0,0,0,0,0,0
55057593,13740,0,2,0,0,0,0,0,0,0,0,0
55061238,13741,0,2,0,0,0,0,0,0,0,0,0
55064881,13742,0,2,0,0,0,0,0,0,0,0,0
55068525,13743,0,2,0,0,0,0,0,0,0,0,0
55072169,13744,0,2,0,0,0,0,0,0,0,0,0
55075813,13745,0,2,0,0,0,0,0,0,0,0,0
55079457,13746,0,2,0,0,0,0,0,0,0,0,0
55083101,13747,0,2,0,0,0,0,0,0,0,0,0
55086745,13748,0,2,0,0,0,0,0,0,0,0,0
55090389,13749,0,2,0,0,0,0,0,0,0,0,0
55094033,13750,0,2,0,0,0,0,0,0,0,0,0
55097678,13751,0,2,0,0,0,0,0,0,0,0,0
55101322,13752,0,2,0,0,0,0,0,0,0,0,0
55104965,13753,0,2,0,0,0,0,0,0,0,0,0
55108609,13754,0,2,0,0,0,0,0,0,0,0,0
55112253,13755,0,2,0,0,0,0,0,0,0,0,0
55115897,13756,0,2,0,0,0,0,0,0,0,0,0
55119541,13757,0,2,0,0,0,0,0,0,0,0,0
55123185,13758,0,2,0,0,0,0,0,0,0,0,0
55126829,13759,0,2,0,0,0,0,0,0,0,0,0
55130473,13760,0,2,0,0,0,0,0,0,0,0,0
55134118,13761,0,2,0,0,0,0,0,0,0,0,0
55137761,13762,0,2,0,0,0,0,0,0,0,0,0
55141405,13763,0,2,0,0,0,0,0,0,0,0,0
55145049,13764,0,2,0,0,0,0,0,0,0,0,0
55148693,13765,0,2,0,0,0,0,0,0,0,0,0
55152338,13766,0,2,0,0,0,0,0,0,0,0,0
55155981,13767,0,2,0,0,0,0,0,0,0,0,0
55159625,13768,0,2,0,0,0,0,0,0,0,0,0
55163269,13769,0,2,0,0,0,0,0,0,0,0,0
55166913,13770,0,2,0,0,0,0,0,0,0,0,0
55170558,13771,0,2,0,0,0,0,0,0,0,0,0
55174201,13772,0,2,0,0,0,0,0,0,0,0,0
55177845,13773,0,2,0,0,0,0,0,0,0,0,0
55181489,13774,0,2,0,0,0,0,0,0,0,0,0
55185133,13775,0,2,0,0,0,0,0,0,0,0,0
55188777,13776,0,2,0,0,0,0,0,0,0,0,0
55192421,13777,0,2,0,0,0,0,0,0,0,0,0
55196065,13778,0,2,0,0,0,0,0,0,0,0,0
55199709,13779,0,2,0,0,0,0,0,0,0,0,0
55203353,13780,0,2,0,0,0,0,0,0,0,0,0
55206998,13781,0,2,0,0,0,0,0,0,0,0,0
55210641,13782,0,2,0,0,0,0,0,0,0,0,0
55214285,13783,0,2,0,0,0,0,0,0,0,0,0
55217929,13784,0,2,0,0,0,0,0,0,0,0,0
55221573,13785,0,2,0,0,0,0,0,0,0,0,0
55225218,13786,0,2,0,0,0,0,0,0,0,0,0
55228861,13787,0,2,0,0,0,0,0,0,0,0,0
55232505,13788,0,2,0,0,0,0,0,0,0,0,0
55236150,13789,0,2,0,0,0,0,0,0,0,0,0
55239793,13790,0,2,0,0,0,0,0,0,0,0,0
55243438,13791,0,2,0,0,0,0,0,0,0,0,0
55247081,13792,0,2,0,0,0,0,0,0,0,0,0
55250725,13793,0,2,0,0,0,0,0,0,0,0,0
55254369,13794,0,2,0,0,0,0,0,0,0,0,0
55258014,13795,0,2,0,0,0,0,0,0,0,0,0
55261657,13796,0,2,0,0,0,0,0,0,0,0,0
55265302,13797,0,2,0,0,0,0,0,0,0,0,0
55268945,13798,0,2,0,0,0,0,0,0,0,0,0
55272589,13799,0,2,0,0,0,0,0,0,0,0,0
55276234,13800,0,2,0,0,0,0,0,0,0,0,0
55279878,13801,0,2,0,0,0,0,0,0,0,0,0
55283521,13802,0,2,0,0,0,0,0,0,0,0,0
55287165,13803,0,2,0,0,0,0,0,0,0,0,0
55290809,13804,0,2,0,0,0,0,0,0,0,0,0
55294453,13805,0,2,0,0,0,0,0,0,0,0,0
55298098,13806,0,2,0,0,0,0,0,0,0,0,0
55301741,13807,0,2,0,0,0,0,0,0,0,0,0
55305385,13808,0,2,0,0,0,0,0,0,0,0,0
55309030,13809,0,2,0,0,0,0,0,0,0,0,0
55312673,13810,0,2,0,0,0,0,0,0,0,0,0
55316318,13811,0,2,0,0,0,0,0,0,0,0,0
55319961,13812,0,2,0,0,0,0,0,0,0,0,0
55323605,13813,0,2,0,0,0,0,0,0,0,0,0
55327249,13814,0,2,0,0,0,0,0,0,0,0,0
55330893,13815,0,2,0,0,0,0,0,0,0,0,0
55334537,13816,0,2,0,0,0,0,0,0,0,0,0
55338181,13817,0,2,0,0,0,0,0,0,0,0,0
55341825,13818,0,2,0,0,0,0,0,0,0,0,0
55345469,13819,0,2,0,0,0,0,0,0,0,0,0
55349114,13820,0,2,0,0,0,0,0,0,0,0,0
55352758,13821,0,2,0,0,0,0,0,0,0,0,0
55356401,13822,0,2,0,0,0,0,0,0,0,0,0
55360046,13823,0,2,0,0,0,0,0,0,0,0,0
55363689,13824,0,2,0,0,0,0,0,0,0,0,0
55367333,13825,0,2,0,0,0,0,0,0,0,0,0
55370977,13826,0,2,0,0,0,0,0,0,0,0,0
55374621,13827,0,2,0,0,0,0,0,0,0,0,0
55378266,13828,0,2,0,0,0,0,0,0,0,0,0
55381909,13829,0,2,0,0,0,0,0,0,0,0,0
55385553,13830,0,2,0,0,0,0,0,0,0,0,0
55389198,13831,0,2,0,0,0,0,0,0,0,0,0
55392841,13832,0,2,0,0,0,0,0,0,0,0,0
55396485,13833,0,2,0,0,0,0,0,0,0,0,0
55400129,13834,0,2,0,0,0,0,0,0,0,0,0
55403773,13835,0,2,0,0,0,0,0,0,0,0,0
55407417,13836,0,2,0,0,0,0,0,0,0,0,0
55411061,13837,0,2,0,0,0,0,0,0,0,0,0
55414705,13838,0,2,0,0,0,0,0,0,0,0,0
55418349,13839,0,2,0,0,0,0,0,0,0,0,0
55421993,13840,0,2,0,0,0,0,0,0,0,0,0
55425638,13841,0,2,0,0,0,0,0,0,0,0,0
55429282,13842,0,2,0,0,0,0,0,0,0,0,0
55432925,13843,0,2,0,0,0,0,0,0,0,0,0
55436569,13844,0,2,0,0,0,0,0,0,0,0,0
55440213,13845,0,2,0,0,0,0,0,0,0,0,0
55443857,13846,0,2,0,0,0,0,0,0,0,0,0
55447501,13847,0,2,0,0,0,0,0,0,0,0,0
55457586,13848,0,2,0,0,0,0,0,0,0,0,0
55461219,13849,0,2,0,0,0,0,0,0,0,0,0
55464862,13850,0,2,0,0,0,0,0,0,0,0,0
55468507,13851,0,2,0,0,0,0,0,0,0,0,0
55472151,13852,0,2,0,0,0,0,0,0,0,0,0
55475794,13853,0,2,0,0,0,0,0,0,0,0,0
55479438,13854,0,2,0,0,0,0,0,0,0,0,0
55483083,13855,0,2,0,0,0,0,0,0,0,0,0
55486726,13856,0,2,0,0,0,0,0,0,0,0,0
55490371,13857,0,2,0,0,0,0,0,0,0,0,0
55494014,13858,0,2,0,0,0,0,0,0,0,0,0
55497658,13859,0,2,0,0,0,0,0,0,0,0,0
55501302,13860,0,2,0,0,0,0,0,0,0,0,0
55504947,13861,0,2,0,0,0,0,0,0,0,0,0
55508590,13862,0,2,0,0,0,0,0,0,0,0,0
55512234,13863,0,2,0,0,0,0,0,0,0,0,0
55515878,13864,0,2,0,0,0,0,0,0,0,0,0
55519522,13865,0,2,0,0,0,0,0,0,0,0,0
55523167,13866,0,2,0,0,0,0,0,0,0,0,0
55526810,13867,0,2,0,0,0,0,0,0,0,0,0
55530454,13868,0,2,0,0,0,0,0,0,0,0,0
55534099,13869,0,2,0,0,0,0,0,0,0,0,0
55537742,13870,0,2,0,0,0,0,0,0,0,0,0
55541387,13871,0,2,0,0,0,0,0,0,0,0,0
55545030,13872,0,2,0,0,0,0,0,0,0,0,0
55548674,13873,0,2,0,0,0,0,0,0,0,0,0
55552318,13874,0,2,0,0,0,0,0,0,0,0,0
55555962,13875,0,2,0,0,0,0,0,0,0,0,0
55559606,13876,0,2,0,0,0,0,0,0,0,0,0
55563250,13877,0,2,0,0,0,0,0,0,0,0,0
55566894,13878,0,2,0,0,0,0,0,0,0,0,0
55570538,13879,0,2,0,0,0,0,0,0,0,0,0
55574183,13880,0,2,0,0,0,0,0,0,0,0,0
55577827,13881,0,2,0,0,0,0,0,0,0,0,0
55581470,13882,0,2,0,0,0,0,0,0,0,0,0
55585114,13883,0,2,0,0,0,0,0,0,0,0,0
55588758,13884,0,2,0,0,0,0,0,0,0,0,0
55592402,13885,0,2,0,0,0,0,0,0,0,0,0
55596046,13886,0,2,0,0,0,0,0,0,0,0,0
55599690,13887,0,2,0,0,0,0,0,0,0,0,0
55603334,13888,0,2,0,0,0,0,0,0,0,0,0
55606978,13889,0,2,0,0,0,0,0,0,0,0,0
55610622,13890,0,2,0,0,0,0,0,0,0,0,0
55614267,13891,0,2,0,0,0,0,0,0,0,0,0
55617910,13892,0,2,0,0,0,0,0,0,0,0,0
55621554,13893,0,2,0,0,0,0,0,0,0,0,0
55625198,13894,0,2,0,0,0,0,0,0,0,0,0
55628842,13895,0,2,0,0,0,0,0,0,0,0,0
55632486,13896,0,2,0,0,0,0,0,0,0,0,0
55636131,13897,0,2,0,0,0,0,0,0,0,0,0
55639774,13898,0,2,0,0,0,0,0,0,0,0,0
55643418,13899,0,2,0,0,0,0,0,0,0,0,0
55647063,13900,0,2,0,0,0,0,0,0,0,0,0
55650707,13901,0,2,0,0,0,0,0,0,0,0,0
55654351,13902,0,2,0,0,0,0,0,0,0,0,0
55657994,13903,0,2,0,0,0,0,0,0,0,0,0
55661638,13904,0,2,0,0,0,0,0,0,0,0,0
55665282,13905,0,2,0,0,0,0,0,0,0,0,0
55668926,13906,0,2,0,0,0,0,0,0,0,0,0
55672570,13907,0,2,0,0,0,0,0,0,0,0,0
55676215,13908,0,2,0,0,0,0,0,0,0,0,0
55679858,13909,0,2,0,0,0,0,0,0,0,0,0
55683502,13910,0,2,0,0,0,0,0,0,0,0,0
55687147,13911,0,2,0,0,0,0,0,0,0,0,0
55690790,13912,0,2,0,0,0,0,0,0,0,0,0
55694434,13913,0,2,0,0,0,0,0,0,0,0,0
55698078,13914,0,2,0,0,0,0,0,0,0,0,0
55701722,13915,0,2,0,0,0,0,0,0,0,0,0
55705366,13916,0,2,0,0,0,0,0,0,0,0,0
55709011,13917,0,2,0,0,0,0,0,0,0,0,0
55712654,13918,0,2,0,0,0,0,0,0,0,0,0
55716299,13919,0,2,0,0,0,0,0,0,0,0,0
55719942,13920,0,2,0,0,0,0,0,0,0,0,0
55723587,13921,0,2,0,0,0,0,0,0,0,0,0
55727230,13922,0,2,0,0,0,0,0,0,0,0,0
55730874,13923,0,2,0,0,0,0,0,0,0,0,0
55734518,13924,0,2,0,0,0,0,0,0,0,0,0
55738162,13925,0,2,0,0,0,0,0,0,0,0,0
55741806,13926,0,2,0,0,0,0,0,0,0,0,0
55745450,13927,0,2,0,0,0,0,0,0,0,0,0
55749095,13928,0,2,0,0,0,0,0,0,0,0,0
55752738,13929,0,2,0,0,0,0,0,0,0,0,0
55756383,13930,0,2,0,0,0,0,0,0,0,0,0
55760027,13931,0,2,0,0,0,0,0,0,0,0,0
55763670,13932,0,2,0,0,0,0,0,0,0,0,0
55767314,13933,0,2,0,0,0,0,0,0,0,0,0
55770958,13934,0,2,0,0,0,0,0,0,0,0,0
55774602,13935,0,2,0,0,0,0,0,0,0,0,0
55778247,13936,0,2,0,0,0,0,0,0,0,0,0
55781890,13937,0,2,0,0,0,0,0,0,0,0,0
55785534,13938,0,2,0,0,0,0,0,0,0,0,0
55789179,13939,0,2,0,0,0,0,0,0,0,0,0
55792822,13940,0,2,0,0,0,0,0,0,0,0,0
55796467,13941,0,2,0,0,0,0,0,0,0,0,0
55800111,13942,0,2,0,0,0,0,0,0,0,0,0
55803754,13943,0,2,0,0,0,0,0,0,0,0,0
55807398,13944,0,2,0,0,0,0,0,0,0,0,0
55811043,13945,0,2,0,0,0,0,0,0,0,0,0
55814686,13946,0,2,0,0,0,0,0,0,0,0,0
55818330,13947,0,2,0,0,0,0,0,0,0,0,0
55821974,13948,0,2,0,0,0,0,0,0,0,0,0
55825618,13949,0,2,0,0,0,0,0,0,0,0,0
55829262,13950,0,2,0,0,0,0,0,0,0,0,0
55832907,13951,0,2,0,0,0,0,0,0,0,0,0
55836550,13952,0,2,0,0,0,0,0,0,0,0,0
55840194,13953,0,2,0,0,0,0,0,0,0,0,0
55843838,13954,0,2,0,0,0,0,0,0,0,0,0
55847482,13955,0,2,0,0,0,0,0,0,0,0,0
55851127,13956,0,2,0,0,0,0,0,0,0,0,0
55854770,13957,0,2,0,0,0,0,0,0,0,0,0
55858414,13958,0,2,0,0,0,0,0,0,0,0,0
55862058,13959,0,2,0,0,0,0,0,0,0,0,0
55865702,13960,0,2,0,0,0,0,0,0,0,0,0
55869347,13961,0,2,0,0,0,0,0,0,0,0,0
55872990,13962,0,2,0,0,0,0,0,0,0,0,0
55876634,13963,0,2,0,0,0,0,0,0,0,0,0
55880278,13964,0,2,0,0,0,0,0,0,0,0,0
55883922,13965,0,2,0,0,0,0,0,0,0,0,0
55887566,13966,0,2,0,0,0,0,0,0,0,0,0
55891210,13967,0,2,0,0,0,0,0,0,0,0,0
55894854,13968,0,2,0,0,0,0,0,0,0,0,0
55898498,13969,0,2,0,0,0,0,0,0,0,0,0
55902143,13970,0,2,0,0,0,0,0,0,0,0,0
55905787,13971,0,2,0,0,0,0,0,0,0,0,0
55909430,13972,0,2,0,0,0,0,0,0,0,0,0
55913074,13973,0,2,0,0,0,0,0,0,0,0,0
55916718,13974,0,2,0,0,0,0,0,0,0,0,0
55920362,13975,0,2,0,0,0,0,0,0,0,0,0
55924007,13976,0,2,0,0,0,0,0,0,0,0,0
55927650,13977,0,2,0,0,0,0,0,0,0,0,0
55931295,13978,0,2,0,0,0,0,0,0,0,0,0
55934938,13979,0,2,0,0,0,0,0,0,0,0,0
55938582,13980,0,2,0,0,0,0,0,0,0,0,0
55942227,13981,0,2,0,0,0,0,0,0,0,0,0
55945870,13982,0,2,0,0,0,0,0,0,0,0,0
55949514,13983,0,2,0,0,0,0,0,0,0,0,0
55953158,13984,0,2,0,0,0,0,0,0,0,0,0
55956802,13985,0,2,0,0,0,0,0,0,0,0,0
55960446,13986,0,2,0,0,0,0,0,0,0,0,0
55964090,13987,0,2,0,0,0,0,0,0,0,0,0
55967734,13988,0,2,0,0,0,0,0,0,0,0,0
55971378,13989,0,2,0,0,0,0,0,0,0,0,0
55975023,13990,0,2,0,0,0,0,0,0,0,0,0
55978667,13991,0,2,0,0,0,0,0,0,0,0,0
55982310,13992,0,2,0,0,0,0,0,0,0,0,0
55985954,13993,0,2,0,0,0,0,0,0,0,0,0
55989598,13994,0,2,0,0,0,0,0,0,0,0,0
55993242,13995,0,2,0,0,0,0,0,0,0,0,0
55996886,13996,0,2,0,0,0,0,0,0,0,0,0
56000530,13997,0,2,0,0,0,0,0,0,0,0,0
56004174,13998,0,2,0,0,0,0,0,0,0,0,0
56007818,13999,0,2,0,0,0,0,0,0,0,0,0
56011462,14000,0,2,0,0,0,0,0,0,0,0,0
56015107,14001,0,2,0,0,0,0,0,0,0,0,0
56018750,14002,0,2,0,0,0,0,0,0,0,0,0
56022394,14003,0,2,0,0,0,0,0,0,0,0,0
56026039,14004,0,2,0,0,0,0,0,0,0,0,0
56029682,14005,0,2,0,0,0,0,0,0,0,0,0
56033326,14006,0,2,0,0,0,0,0,0,0,0,0
56036970,14007,0,2,0,0,0,0,0,0,0,0,0
56040614,14008,0,2,0,0,0,0,0,0,0,0,0
56044258,14009,0,2,0,0,0,0,0,0,0,0,0
56047902,14010,0,2,0,0,0,0,0,0,0,0,0
56051547,14011,0,2,0,0,0,0,0,0,0,0,0
56055191,14012,0,2,0,0,0,0,0,0,0,0,0
56058834,14013,0,2,0,0,0,0,0,0,0,0,0
56062478,14014,0,2,0,0,0,0,0,0,0,0,0
56066122,14015,0,2,0,0,0,0,0,0,0,0,0
56069766,14016,0,2,0,0,0,0,0,0,0,0,0
56073410,14017,0,2,0,0,0,0,0,0,0,0,0
56077055,14018,0,2,0,0,0,0,0,0,0,0,0
56080698,14019,0,2,0,0,0,0,0,0,0,0,0
56084342,14020,0,2,0,0,0,0,0,0,0,0,0
56087987,14021,0,2,0,0,0,0,0,0,0,0,0
56091630,14022,0,2,0,0,0,0,0,0,0,0,0
56095274,14023,0,2,0,0,0,0,0,0,0,0,0
56098918,14024,0,2,0,0,0,0,0,0,0,0,0
56102562,14025,0,2,0,0,0,0,0,0,0,0,0
56106206,14026,0,2,0,0,0,0,0,0,0,0,0
56109850,14027,0,2,0,0,0,0,0,0,0,0,0
56113494,14028,0,2,0,0,0,0,0,0,0,0,0
56117139,14029,0,2,0,0,0,0,0,0,0,0,0
56120782,14030,0,2,0,0,0,0,0,0,0,0,0
56124427,14031,0,2,0,0,0,0,0,0,0,0,0
56128071,14032,0,2,0,0,0,0,0,0,0,0,0
56131714,14033,0,2,0,0,0,0,0,0,0,0,0
56135358,14034,0,2,0,0,0,0,0,0,0,0,0
56139003,14035,0,2,0,0,0,0,0,0,0,0,0
56142646,14036,0,2,0,0,0,0,0,0,0,0,0
56146290,14037,0,2,0,0,0,0,0,0,0,0,0
56149934,14038,0,2,0,0,0,0,0,0,0,0,0
56153578,14039,0,2,0,0,0,0,0,0,0,0,0
56157222,14040,0,2,0,0,0,0,0,0,0,0,0
56160867,14041,0,2,0,0,0,0,0,0,0,0,0
56164510,14042,0,2,0,0,0,0,0,0,0,0,0
56168155,14043,0,2,0,0,0,0,0,0,0,0,0
56171798,14044,0,2,0,0,0,0,0,0,0,0,0
56175442,14045,0,2,0,0,0,0,0,0,0,0,0
56179087,14046,0,2,0,0,0,0,0,0,0,0,0
56182730,14047,0,2,0,0,0,0,0,0,0,0,0
56186374,14048,0,2,0,0,0,0,0,0,0,0,0
56190018,14049,0,2,0,0,0,0,0,0,0,0,0
56193662,14050,0,2,0,0,0,0,0,0,0,0,0
56197307,14051,0,2,0,0,0,0,0,0,0,0,0
56200950,14052,0,2,0,0,0,0,0,0,0,0,0
56204594,14053,0,2,0,0,0,0,0,0,0,0,0
56208239,14054,0,2,0,0,0,0,0,0,0,0,0
56211882,14055,0,2,0,0,0,0,0,0,0,0,0
56215526,14056,0,2,0,0,0,0,0,0,0,0,0
56219171,14057,0,2,0,0,0,0,0,0,0,0,0
56222814,14058,0,2,0,0,0,0,0,0,0,0,0
56226458,14059,0,2,0,0,0,0,0,0,0,0,0
56230103,14060,0,2,0,0,0,0,0,0,0,0,0
56233747,14061,0,2,0,0,0,0,0,0,0,0,0
56237390,14062,0,2,0,0,0,0,0,0,0,0,0
56241035,14063,0,2,0,0,0,0,0,0,0,0,0
56244678,14064,0,2,0,0,0,0,0,0,0,0,0
56248322,14065,0,2,0,0,0,0,0,0,0,0,0
56251966,14066,0,2,0,0,0,0,0,0,0,0,0
56255610,14067,0,2,0,0,0,0,0,0,0,0,0
56259254,14068,0,2,0,0,0,0,0,0,0,0,0
56262898,14069,0,2,0,0,0,0,0,0,0,0,0
56266542,14070,0,2,0,0,0,0,0,0,0,0,0
56270187,14071,0,2,0,0,0,0,0,0,0,0,0
56273830,14072,0,2,0,0,0,0,0,0,0,0,0
56277474,14073,0,2,0,0,0,0,0,0,0,0,0
56281118,14074,0,2,0,0,0,0,0,0,0,0,0
56289672,14075,0,2,0,0,0,0,0,0,0,0,0
56293304,14076,0,2,0,0,0,0,0,0,0,0,0
56296948,14077,0,2,0,0,0,0,0,0,0,0,0
56300592,14078,0,2,0,0,0,0,0,0,0,0,0
56304237,14079,0,2,0,0,0,0,0,0,0,0,0
56307880,14080,0,2,0,0,0,0,0,0,0,0,0
56311525,14081,0,2,0,0,0,0,0,0,0,0,0
56315168,14082,0,2,0,0,0,0,0,0,0,0,0
56318812,14083,0,2,0,0,0,0,0,0,0,0,0
56322456,14084,0,2,0,0,0,0,0,0,0,0,0
56326100,14085,0,2,0,0,0,0,0,0,0,0,0
56329744,14086,0,2,0,0,0,0,0,0,0,0,0
56333388,14087,0,2,0,0,0,0,0,0,0,0,0
56337033,14088,0,2,0,0,0,0,0,0,0,0,0
56340676,14089,0,2,0,0,0,0,0,0,0,0,0
56344320,14090,0,2,0,0,0,0,0,0,0,0,0
56347965,14091,0,2,0,0,0,0,0,0,0,0,0
56351608,14092,0,2,0,0,0,0,0,0,0,0,0
56355253,14093,0,2,0,0,0,0,0,0,0,0,0
56358896,14094,0,2,0,0,0,0,0,0,0,0,0
56362540,14095,0,2,0,0,0,0,0,0,0,0,0
56366184,14096,0,2,0,0,0,0,0,0,0,0,0
56369828,14097,0,2,0,0,0,0,0,0,0,0,0
56373472,14098,0,2,0,0,0,0,0,0,0,0,0
56377116,14099,0,2,0,0,0,0,0,0,0,0,0
56380760,14100,0,2,0,0,0,0,0,0,0,0,0
56384405,14101,0,2,0,0,0,0,0,0,0,0,0
56388049,14102,0,2,0,0,0,0,0,0,0,0,0
56391692,14103,0,2,0,0,0,0,0,0,0,0,0
56395336,14104,0,2,0,0,0,0,0,0,0,0,0
56398980,14105,0,2,0,0,0,0,0,0,0,0,0
56402624,14106,0,2,0,0,0,0,0,0,0,0,0
56406268,14107,0,2,0,0,0,0,0,0,0,0,0
56409912,14108,0,2,0,0,0,0,0,0,0,0,0
56413556,14109,0,2,0,0,0,0,0,0,0,0,0
56417201,14110,0,2,0,0,0,0,0,0,0,0,0
56420845,14111,0,2,0,0,0,0,0,0,0,0,0
56424488,14112,0,2,0,0,0,0,0,0,0,0,0
56428132,14113,0,2,0,0,0,0,0,0,0,0,0
56431776,14114,0,2,0,0,0,0,0,0,0,0,0
56435420,14115,0,2,0,0,0,0,0,0,0,0,0
56439064,14116,0,2,0,0,0,0,0,0,0,0,0
56442708,14117,0,2,0,0,0,0,0,0,0,0,0
56446352,14118,0,2,0,0,0,0,0,0,0,0,0
56449996,14119,0,2,0,0,0,0,0,0,0,0,0
56453640,14120,0,2,0,0,0,0,0,0,0,0,0
56457285,14121,0,2,0,0,0,0,0,0,0,0,0
56460928,14122,0,2,0,0,0,0,0,0,0,0,0
56464572,14123,0,2,0,0,0,0,0,0,0,0,0
56468216,14124,0,2,0,0,0,0,0,0,0,0,0
56471860,14125,0,2,0,0,0,0,0,0,0,0,0
56475504,14126,0,2,0,0,0,0,0,0,0,0,0
56479149,14127,0,2,0,0,0,0,0,0,0,0,0
56482792,14128,0,2,0,0,0,0,0,0,0,0,0
56486436,14129,0,2,0,0,0,0,0,0,0,0,0
56490081,14130,0,2,0,0,0,0,0,0,0,0,0
56493725,14131,0,2,0,0,0,0,0,0,0,0,0
56497368,14132,0,2,0,0,0,0,0,0,0,0,0
56501013,14133,0,2,0,0,0,0,0,0,0,0,0
56504656,14134,0,2,0,0,0,0,0,0,0,0,0
56508301,14135,0,2,0,0,0,0,0,0,0,0,0
56511944,14136,0,2,0,0,0,0,0,0,0,0,0
56515588,14137,0,2,0,0,0,0,0,0,0,0,0
56519232,14138,0,2,0,0,0,0,0,0,0,0,0
56522876,14139,0,2,0,0,0,0,0,0,0,0,0
56526520,14140,0,2,0,0,0,0,0,0,0,0,0
56530165,14141,0,2,0,0,0,0,0,0,0,0,0
56533808,14142,0,2,0,0,0,0,0,0,0,0,0
56537452,14143,0,2,0,0,0,0,0,0,0,0,0
56541097,14144,0,2,0,0,0,0,0,0,0,0,0
56544740,14145,0,2,0,0,0,0,0,0,0,0,0
56548384,14146,0,2,0,0,0,0,0,0,0,0,0
56552029,14147,0,2,0,0,0,0,0,0,0,0,0
56555672,14148,0,2,0,0,0,0,0,0,0,0,0
56559316,14149,0,2,0,0,0,0,0,0,0,0,0
56562960,14150,0,2,0,0,0,0,0,0,0,0,0
56566605,14151,0,2,0,0,0,0,0,0,0,0,0
56570248,14152,0,2,0,0,0,0,0,0,0,0,0
56573892,14153,0,2,0,0,0,0,0,0,0,0,0
56577536,14154,0,2,0,0,0,0,0,0,0,0,0
56581181,14155,0,2,0,0,0,0,0,0,0,0,0
56584824,14156,0,2,0,0,0,0,0,0,0,0,0
56588468,14157,0,2,0,0,0,0,0,0,0,0,0
56592112,14158,0,2,0,0,0,0,0,0,0,0,0
56595756,14159,0,2,0,0,0,0,0,0,0,0,0
56599400,14160,0,2,0,0,0,0,0,0,0,0,0
56603045,14161,0,2,0,0,0,0,0,0,0,0,0
56606688,14162,0,2,0,0,0,0,0,0,0,0,0
56610333,14163,0,2,0,0,0,0,0,0,0,0,0
56613976,14164,0,2,0,0,0,0,0,0,0,0,0
56617620,14165,0,2,0,0,0,0,0,0,0,0,0
56621264,14166,0,2,0,0,0,0,0,0,0,0,0
56624908,14167,0,2,0,0,0,0,0,0,0,0,0
56628552,14168,0,2,0,0,0,0,0,0,0,0,0
56632196,14169,0,2,0,0,0,0,0,0,0,0,0
56635840,14170,0,2,0,0,0,0,0,0,0,0,0
56639485,14171,0,2,0,0,0,0,0,0,0,0,0
56643128,14172,0,2,0,0,0,0,0,0,0,0,0
56646772,14173,0,2,0,0,0,0,0,0,0,0,0
56650416,14174,0,2,0,0,0,0,0,0,0,0,0
56654061,14175,0,2,0,0,0,0,0,0,0,0,0
56657704,14176,0,2,0,0,0,0,0,0,0,0,0
56661348,14177,0,2,0,0,0,0,0,0,0,0,0
56664992,14178,0,2,0,0,0,0,0,0,0,0,0
56668636,14179,0,2,0,0,0,0,0,0,0,0,0
56672280,14180,0,2,0,0,0,0,0,0,0,0,0
56675925,14181,0,2,0,0,0,0,0,0,0,0,0
56679568,14182,0,2,0,0,0,0,0,0,0,0,0
56683212,14183,0,2,0,0,0,0,0,0,0,0,0
56686856,14184,0,2,0,0,0,0,0,0,0,0,0
56690500,14185,0,2,0,0,0,0,0,0,0,0,0
56694144,14186,0,2,0,0,0,0,0,0,0,0,0
56697788,14187,0,2,0,0,0,0,0,0,0,0,0
56701432,14188,0,2,0,0,0,0,0,0,0,0,0
56705076,14189,0,2,0,0,0,0,0,0,0,0,0
56708720,14190,0,2,0,0,0,0,0,0,0,0,0
56712365,14191,0,2,0,0,0,0,0,0,0,0,0
56716008,14192,0,2,0,0,0,0,0,0,0,0,0
56719652,14193,0,2,0,0,0,0,0,0,0,0,0
56723296,14194,0,2,0,0,0,0,0,0,0,0,0
56726940,14195,0,2,0,0,0,0,0,0,0,0,0
56730584,14196,0,2,0,0,0,0,0,0,0,0,0
56734228,14197,0,2,0,0,0,0,0,0,0,0,0
56737872,14198,0,2,0,0,0,0,0,0,0,0,0
56741516,14199,0,2,0,0,0,0,0,0,0,0,0
56745161,14200,0,2,0,0,0,0,0,0,0,0,0
56748805,14201,0,2,0,0,0,0,0,0,0,0,0
56752448,14202,0,2,0,0,0,0,0,0,0,0,0
56756092,14203,0,2,0,0,0,0,0,0,0,0,0
56759736,14204,0,2,0,0,0,0,0,0,0,0,0
56763380,14205,0,2,0,0,0,0,0,0,0,0,0
56767025,14206,0,2,0,0,0,0,0,0,0,0,0
56770668,14207,0,2,0,0,0,0,0,0,0,0,0
56774313,14208,0,2,0,0,0,0,0,0,0,0,0
56777956,14209,0,2,0,0,0,0,0,0,0,0,0
56781600,14210,0,2,0,0,0,0,0,0,0,0,0
56785245,14211,0,2,0,0,0,0,0,0,0,0,0
56788888,14212,0,2,0,0,0,0,0,0,0,0,0
56792532,14213,0,2,0,0,0,0,0,0,0,0,0
56796176,14214,0,2,0,0,0,0,0,0,0,0,0
56799820,14215,0,2,0,0,0,0,0,0,0,0,0
56803464,14216,0,2,0,0,0,0,0,0,0,0,0
56807109,14217,0,2,0,0,0,0,0,0,0,0,0
56810752,14218,0,2,0,0,0,0,0,0,0,0,0
56814396,14219,0,2,0,0,0,0,0,0,0,0,0
56818040,14220,0,2,0,0,0,0,0,0,0,0,0
56821685,14221,0,2,0,0,0,0,0,0,0,0,0
56825328,14222,0,2,0,0,0,0,0,0,0,0,0
56828972,14223,0,2,0,0,0,0,0,0,0,0,0
56832616,14224,0,2,0,0,0,0,0,0,0,0,0
56836260,14225,0,2,0,0,0,0,0,0,0,0,0
56839904,14226,0,2,0,0,0,0,0,0,0,0,0
56843548,14227,0,2,0,0,0,0,0,0,0,0,0
56847192,14228,0,2,0,0,0,0,0,0,0,0,0
56850836,14229,0,2,0,0,0,0,0,0,0,0,0
56854480,14230,0,2,0,0,0,0,0,0,0,0,0
56858125,14231,0,2,0,0,0,0,0,0,0,0,0
56861768,14232,0,2,0,0,0,0,0,0,0,0,0
56865412,14233,0,2,0,0,0,0,0,0,0,0,0
56869057,14234,0,2,0,0,0,0,0,0,0,0,0
56872700,14235,0,2,0,0,0,0,0,0,0,0,0
56876345,14236,0,2,0,0,0,0,0,0,0,0,0
56879988,14237,0,2,0,0,0,0,0,0,0,0,0
56883632,14238,0,2,0,0,0,0,0,0,0,0,0
56887276,14239,0,2,0,0,0,0,0,0,0,0,0
56890920,14240,0,2,0,0,0,0,0,0,0,0,0
56894565,14241,0,2,0,0,0,0,0,0,0,0,0
56898208,14242,0,2,0,0,0,0,0,0,0,0,0
56901852,14243,0,2,0,0,0,0,0,0,0,0,0
56905496,14244,0,2,0,0,0,0,0,0,0,0,0
56909141,14245,0,2,0,0,0,0,0,0,0,0,0
56912784,14246,0,2,0,0,0,0,0,0,0,0,0
56916428,14247,0,2,0,0,0,0,0,0,0,0,0
56920073,14248,0,2,0,0,0,0,0,0,0,0,0
56923716,14249,0,2,0,0,0,0,0,0,0,0,0
56927360,14250,0,2,0,0,0,0,0,0,0,0,0
56931005,14251,0,2,0,0,0,0,0,0,0,0,0
56934648,14252,0,2,0,0,0,0,0,0,0,0,0
56938292,14253,0,2,0,0,0,0,0,0,0,0,0
56941936,14254,0,2,0,0,0,0,0,0,0,0,0
56945580,14255,0,2,0,0,0,0,0,0,0,0,0
56949224,14256,0,2,0,0,0,0,0,0,0,0,0
56952868,14257,0,2,0,0,0,0,0,0,0,0,0
56956512,14258,0,2,0,0,0,0,0,0,0,0,0
56960156,14259,0,2,0,0,0,0,0,0,0,0,0
56963800,14260,0,2,0,0,0,0,0,0,0,0,0
56967445,14261,0,2,0,0,0,0,0,0,0,0,0
56971088,14262,0,2,0,0,0,0,0,0,0,0,0
56974732,14263,0,2,0,0,0,0,0,0,0,0,0
56978376,14264,0,2,0,0,0,0,0,0,0,0,0
56982020,14265,0,2,0,0,0,0,0,0,0,0,0
56985664,14266,0,2,0,0,0,0,0,0,0,0,0
56989309,14267,0,2,0,0,0,0,0,0,0,0,0
56992952,14268,0,2,0,0,0,0,0,0,0,0,0
56996596,14269,0,2,0,0,0,0,0,0,0,0,0
57000240,14270,0,2,0,0,0,0,0,0,0,0,0
57003885,14271,0,2,0,0,0,0,0,0,0,0,0
57007528,14272,0,2,0,0,0,0,0,0,0,0,0
57011172,14273,0,2,0,0,0,0,0,0,0,0,0
57014816,14274,0,2,0,0,0,0,0,0,0,0,0
57018460,14275,0,2,0,0,0,0,0,0,0,0,0
57022105,14276,0,2,0,0,0,0,0,0,0,0,0
57025748,14277,0,2,0,0,0,0,0,0,0,0,0
57029392,14278,0,2,0,0,0,0,0,0,0,0,0
57033036,14279,0,2,0,0,0,0,0,0,0,0,0
57036680,14280,0,2,0,0,0,0,0,0,0,0,0
57040325,14281,0,2,0,0,0,0,0,0,0,0,0
57043968,14282,0,2,0,0,0,0,0,0,0,0,0
57047612,14283,0,2,0,0,0,0,0,0,0,0,0
57051256,14284,0,2,0,0,0,0,0,0,0,0,0
57054900,14285,0,2,0,0,0,0,0,0,0,0,0
57058544,14286,0,2,0,0,0,0,0,0,0,0,0
57062189,14287,0,2,0,0,0,0,0,0,0,0,0
57065832,14288,0,2,0,0,0,0,0,0,0,0,0
57069476,14289,0,2,0,0,0,0,0,0,0,0,0
57073121,14290,0,2,0,0,0,0,0,0,0,0,0
57076765,14291,0,2,0,0,0,0,0,0,0,0,0
57080408,14292,0,2,0,0,0,0,0,0,0,0,0
57084052,14293,0,2,0,0,0,0,0,0,0,0,0
57087696,14294,0,2,0,0,0,0,0,0,0,0,0
57091341,14295,0,2,0,0,0,0,0,0,0,0,0
57094984,14296,0,2,0,0,0,0,0,0,0,0,0
57098628,14297,0,2,0,0,0,0,0,0,0,0,0
57102272,14298,0,2,0,0,0,0,0,0,0,0,0
57105916,14299,0,2,0,0,0,0,0,0,0,0,0
57109560,14300,0,2,0,0,0,0,0,0,0,0,0
57113205,14301,0,2,0,0,0,0,0,0,0,0,0
57123572,14302,0,2,0,0,0,0,0,0,0,0,0
57127203,14303,0,2,0,0,0,0,0,0,0,0,0
57130847,14304,0,2,0,0,0,0,0,0,0,0,0
57134491,14305,0,2,0,0,0,0,0,0,0,0,0
57138135,14306,0,2,0,0,0,0,0,0,0,0,0
57141779,14307,0,2,0,0,0,0,0,0,0,0,0
57145423,14308,0,2,0,0,0,0,0,0,0,0,0
57149067,14309,0,2,0,0,0,0,0,0,0,0,0
57152711,14310,0,2,0,0,0,0,0,0,0,0,0
57156356,14311,0,2,0,0,0,0,0,0,0,0,0
57159999,14312,0,2,0,0,0,0,0,0,0,0,0
57163643,14313,0,2,0,0,0,0,0,0,0,0,0
57167287,14314,0,2,0,0,0,0,0,0,0,0,0
57170931,14315,0,2,0,0,0,0,0,0,0,0,0
57174575,14316,0,2,0,0,0,0,0,0,0,0,0
57178219,14317,0,2,0,0,0,0,0,0,0,0,0
57181863,14318,0,2,0,0,0,0,0,0,0,0,0
57185507,14319,0,2,0,0,0,0,0,0,0,0,0
57189151,14320,0,2,0,0,0,0,0,0,0,0,0
57192796,14321,0,2,0,0,0,0,0,0,0,0,0
57196439,14322,0,2,0,0,0,0,0,0,0,0,0
57200084,14323,0,2,0,0,0,0,0,0,0,0,0
57203727,14324,0,2,0,0,0,0,0,0,0,0,0
57207371,14325,0,2,0,0,0,0,0,0,0,0,0
57211016,14326,0,2,0,0,0,0,0,0,0,0,0
57214659,14327,0,2,0,0,0,0,0,0,0,0,0
57218303,14328,0,2,0,0,0,0,0,0,0,0,0
57221947,14329,0,2,0,0,0,0,0,0,0,0,0
57225591,14330,0,2,0,0,0,0,0,0,0,0,0
57229236,14331,0,2,0,0,0,0,0,0,0,0,0
57232879,14332,0,2,0,0,0,0,0,0,0,0,0
57236523,14333,0,2,0,0,0,0,0,0,0,0,0
57240167,14334,0,2,0,0,0,0,0,0,0,0,0
57243811,14335,0,2,0,0,0,0,0,0,0,0,0
57247455,14336,0,2,0,0,0,0,0,0,0,0,0
57251099,14337,0,2,0,0,0,0,0,0,0,0,0
57254743,14338,0,2,0,0,0,0,0,0,0,0,0
57258387,14339,0,2,0,0,0,0,0,0,0,0,0
57262032,14340,0,2,0,0,0,0,0,0,0,0,0
57265676,14341,0,2,0,0,0,0,0,0,0,0,0
57269320,14342,0,2,0,0,0,0,0,0,0,0,0
57272963,14343,0,2,0,0,0,0,0,0,0,0,0
57276607,14344,0,2,0,0,0,0,0,0,0,0,0
57280251,14345,0,2,0,0,0,0,0,0,0,0,0
57283895,14346,0,2,0,0,0,0,0,0,0,0,0
57287539,14347,0,2,0,0,0,0,0,0,0,0,0
57291183,14348,0,2,0,0,0,0,0,0,0,0,0
57294827,14349,0,2,0,0,0,0,0,0,0,0,0
57298471,14350,0,2,0,0,0,0,0,0,0,0,0
57302116,14351,0,2,0,0,0,0,0,0,0,0,0
57305759,14352,0,2,0,0,0,0,0,0,0,0,0
57309403,14353,0,2,0,0,0,0,0,0,0,0,0
57313048,14354,0,2,0,0,0,0,0,0,0,0,0
57316691,14355,0,2,0,0,0,0,0,0,0,0,0
57320335,14356,0,2,0,0,0,0,0,0,0,0,0
57323979,14357,0,2,0,0,0,0,0,0,0,0,0
57327623,14358,0,2,0,0,0,0,0,0,0,0,0
57331267,14359,0,2,0,0,0,0,0,0,0,0,0
57334911,14360,0,2,0,0,0,0,0,0,0,0,0
57338556,14361,0,2,0,0,0,0,0,0,0,0,0
57342200,14362,0,2,0,0,0,0,0,0,0,0,0
57345843,14363,0,2,0,0,0,0,0,0,0,0,0
57349487,14364,0,2,0,0,0,0,0,0,0,0,0
57353132,14365,0,2,0,0,0,0,0,0,0,0,0
57356775,14366,0,2,0,0,0,0,0,0,0,0,0
57360419,14367,0,2,0,0,0,0,0,0,0,0,0
57364064,14368,0,2,0,0,0,0,0,0,0,0,0
57367707,14369,0,2,0,0,0,0,0,0,0,0,0
57371351,14370,0,2,0,0,0,0,0,0,0,0,0
57374996,14371,0,2,0,0,0,0,0,0,0,0,0
57378639,14372,0,2,0,0,0,0,0,0,0,0,0
57382283,14373,0,2,0,0,0,0,0,0,0,0,0
57385927,14374,0,2,0,0,0,0,0,0,0,0,0
57389571,14375,0,2,0,0,0,0,0,0,0,0,0
57393215,14376,0,2,0,0,0,0,0,0,0,0,0
57396859,14377,0,2,0,0,0,0,0,0,0,0,0
57400503,14378,0,2,0,0,0,0,0,0,0,0,0
57404148,14379,0,2,0,0,0,0,0,0,0,0,0
57407791,14380,0,2,0,0,0,0,0,0,0,0,0
57411436,14381,0,2,0,0,0,0,0,0,0,0,0
57415079,14382,0,2,0,0,0,0,0,0,0,0,0
57418723,14383,0,2,0,0,0,0,0,0,0,0,0
57422367,14384,0,2,0,0,0,0,0,0,0,0,0
57426011,14385,0,2,0,0,0,0,0,0,0,0,0
57429655,14386,0,2,0,0,0,0,0,0,0,0,0
57433300,14387,0,2,0,0,0,0,0,0,0,0,0
57436943,14388,0,2,0,0,0,0,0,0,0,0,0
57440587,14389,0,2,0,0,0,0,0,0,0,0,0
57444231,14390,0,2,0,0,0,0,0,0,0,0,0
57447876,14391,0,2,0,0,0,0,0,0,0,0,0
57451519,14392,0,2,0,0,0,0,0,0,0,0,0
57455164,14393,0,2,0,0,0,0,0,0,0,0,0
57458807,14394,0,2,0,0,0,0,0,0,0,0,0
57462451,14395,0,2,0,0,0,0,0,0,0,0,0
57466096,14396,0,2,0,0,0,0,0,0,0,0,0
57469739,14397,0,2,0,0,0,0,0,0,0,0,0
57473383,14398,0,2,0,0,0,0,0,0,0,0,0
57477027,14399,0,2,0,0,0,0,0,0,0,0,0
57480671,14400,0,2,0,0,0,0,0,0,0,0,0
57484316,14401,0,2,0,0,0,0,0,0,0,0,0
57487959,14402,0,2,0,0,0,0,0,0,0,0,0
57491603,14403,0,2,0,0,0,0,0,0,0,0,0
57495247,14404,0,2,0,0,0,0,0,0,0,0,0
57498891,14405,0,2,0,0,0,0,0,0,0,0,0
57502535,14406,0,2,0,0,0,0,0,0,0,0,0
57506180,14407,0,2,0,0,0,0,0,0,0,0,0
57509823,14408,0,2,0,0,0,0,0,0,0,0,0
57513467,14409,0,2,0,0,0,0,0,0,0,0,0
57517111,14410,0,2,0,0,0,0,0,0,0,0,0
57520756,14411,0,2,0,0,0,0,0,0,0,0,0
57524399,14412,0,2,0,0,0,0,0,0,0,0,0
57528044,14413,0,2,0,0,0,0,0,0,0,0,0
57531687,14414,0,2,0,0,0,0,0,0,0,0,0
57535331,14415,0,2,0,0,0,0,0,0,0,0,0
57538975,14416,0,2,0,0,0,0,0,0,0,0,0
57542619,14417,0,2,0,0,0,0,0,0,0,0,0
57546263,14418,0,2,0,0,0,0,0,0,0,0,0
57549907,14419,0,2,0,0,0,0,0,0,0,0,0
57553551,14420,0,2,0,0,0,0,0,0,0,0,0
57557196,14421,0,2,0,0,0,0,0,0,0,0,0
57560839,14422,0,2,0,0,0,0,0,0,0,0,0
57564483,14423,0,2,0,0,0,0,0,0,0,0,0
57568128,14424,0,2,0,0,0,0,0,0,0,0,0
57571771,14425,0,2,0,0,0,0,0,0,0,0,0
57575415,14426,0,2,0,0,0,0,0,0,0,0,0
57579060,14427,0,2,0,0,0,0,0,0,0,0,0
57582703,14428,0,2,0,0,0,0,0,0,0,0,0
57586348,14429,0,2,0,0,0,0,0,0,0,0,0
57589991,14430,0,2,0,0,0,0,0,0,0,0,0
57593636,14431,0,2,0,0,0,0,0,0,0,0,0
57597279,14432,0,2,0,0,0,0,0,0,0,0,0
57600923,14433,0,2,0,0,0,0,0,0,0,0,0
57604567,14434,0,2,0,0,0,0,0,0,0,0,0
57608211,14435,0,2,0,0,0,0,0,0,0,0,0
57611855,14436,0,2,0,0,0,0,0,0,0,0,0
57615499,14437,0,2,0,0,0,0,0,0,0,0,0
57619143,14438,0,2,0,0,0,0,0,0,0,0,0
57622787,14439,0,2,0,0,0,0,0,0,0,0,0
57626431,14440,0,2,0,0,0,0,0,0,0,0,0
57630076,14441,0,2,0,0,0,0,0,0,0,0,0
57633719,14442,0,2,0,0,0,0,0,0,0,0,0
57637363,14443,0,2,0,0,0,0,0,0,0,0,0
57641008,14444,0,2,0,0,0,0,0,0,0,0,0
57644651,14445,0,2,0,0,0,0,0,0,0,0,0
57648296,14446,0,2,0,0,0,0,0,0,0,0,0
57651939,14447,0,2,0,0,0,0,0,0,0,0,0
57655583,14448,0,2,0,0,0,0,0,0,0,0,0
57659227,14449,0,2,0,0,0,0,0,0,0,0,0
57662871,14450,0,2,0,0,0,0,0,0,0,0,0
57666516,14451,0,2,0,0,0,0,0,0,0,0,0
57670159,14452,0,2,0,0,0,0,0,0,0,0,0
57673803,14453,0,2,0,0,0,0,0,0,0,0,0
57677447,14454,0,2,0,0,0,0,0,0,0,0,0
57681091,14455,0,2,0,0,0,0,0,0,0,0,0
57684735,14456,0,2,0,0,0,0,0,0,0,0,0
57688379,14457,0,2,0,0,0,0,0,0,0,0,0
57692024,14458,0,2,0,0,0,0,0,0,0,0,0
57695667,14459,0,2,0,0,0,0,0,0,0,0,0
57699311,14460,0,2,0,0,0,0,0,0,0,0,0
57702956,14461,0,2,0,0,0,0,0,0,0,0,0
57706599,14462,0,2,0,0,0,0,0,0,0,0,0
57710243,14463,0,2,0,0,0,0,0,0,0,0,0
57713887,14464,0,2,0,0,0,0,0,0,0,0,0
57717531,14465,0,2,0,0,0,0,0,0,0,0,0
57721175,14466,0,2,0,0,0,0,0,0,0,0,0
57724819,14467,0,2,0,0,0,0,0,0,0,0,0
57728463,14468,0,2,0,0,0,0,0,0,0,0,0
57732108,14469,0,2,0,0,0,0,0,0,0,0,0
57735751,14470,0,2,0,0,0,0,0,0,0,0,0
57739396,14471,0,2,0,0,0,0,0,0,0,0,0
57743039,14472,0,2,0,0,0,0,0,0,0,0,0
57746683,14473,0,2,0,0,0,0,0,0,0,0,0
57750327,14474,0,2,0,0,0,0,0,0,0,0,0
57753971,14475,0,2,0,0,0,0,0,0,0,0,0
57757615,14476,0,2,0,0,0,0,0,0,0,0,0
57761259,14477,0,2,0,0,0,0,0,0,0,0,0
57764903,14478,0,2,0,0,0,0,0,0,0,0,0
57768547,14479,0,2,0,0,0,0,0,0,0,0,0
57772191,14480,0,2,0,0,0,0,0,0,0,0,0
57775836,14481,0,2,0,0,0,0,0,0,0,0,0
57779479,14482,0,2,0,0,0,0,0,0,0,0,0
57783124,14483,0,2,0,0,0,0,0,0,0,0,0
57786767,14484,0,2,0,0,0,0,0,0,0,0,0
57790411,14485,0,2,0,0,0,0,0,0,0,0,0
57794055,14486,0,2,0,0,0,0,0,0,0,0,0
57797699,14487,0,2,0,0,0,0,0,0,0,0,0
57801343,14488,0,2,0,0,0,0,0,0,0,0,0
57804987,14489,0,2,0,0,0,0,0,0,0,0,0
57808631,14490,0,2,0,0,0,0,0,0,0,0,0
57812276,14491,0,2,0,0,0,0,0,0,0,0,0
57815919,14492,0,2,0,0,0,0,0,0,0,0,0
57819563,14493,0,2,0,0,0,0,0,0,0,0,0
57823207,14494,0,2,0,0,0,0,0,0,0,0,0
57826851,14495,0,2,0,0,0,0,0,0,0,0,0
57830495,14496,0,2,0,0,0,0,0,0,0,0,0
57834139,14497,0,2,0,0,0,0,0,0,0,0,0
57837783,14498,0,2,0,0,0,0,0,0,0,0,0
57841427,14499,0,2,0,0,0,0,0,0,0,0,0
57845072,14500,0,2,0,0,0,0,0,0,0,0,0
57848716,14501,0,2,0,0,0,0,0,0,0,0,0
57852359,14502,0,2,0,0,0,0,0,0,0,0,0
57856004,14503,0,2,0,0,0,0,0,0,0,0,0
57859647,14504,0,2,0,0,0,0,0,0,0,0,0
57863291,14505,0,2,0,0,0,0,0,0,0,0,0
57866935,14506,0,2,0,0,0,0,0,0,0,0,0
57870579,14507,0,2,0,0,0,0,0,0,0,0,0
57874224,14508,0,2,0,0,0,0,0,0,0,0,0
57877867,14509,0,2,0,0,0,0,0,0,0,0,0
57881511,14510,0,2,0,0,0,0,0,0,0,0,0
57885156,14511,0,2,0,0,0,0,0,0,0,0,0
57888799,14512,0,2,0,0,0,0,0,0,0,0,0
57892443,14513,0,2,0,0,0,0,0,0,0,0,0
57896087,14514,0,2,0,0,0,0,0,0,0,0,0
57899731,14515,0,2,0,0,0,0,0,0,0,0,0
57903375,14516,0,2,0,0,0,0,0,0,0,0,0
57907019,14517,0,2,0,0,0,0,0,0,0,0,0
57910663,14518,0,2,0,0,0,0,0,0,0,0,0
57914307,14519,0,2,0,0,0,0,0,0,0,0,0
57917951,14520,0,2,0,0,0,0,0,0,0,0,0
57921596,14521,0,2,0,0,0,0,0,0,0,0,0
57925239,14522,0,2,0,0,0,0,0,0,0,0,0
57928883,14523,0,2,0,0,0,0,0,0,0,0,0
57932527,14524,0,2,0,0,0,0,0,0,0,0,0
57936171,14525,0,2,0,0,0,0,0,0,0,0,0
57939815,14526,0,2,0,0,0,0,0,0,0,0,0
57943459,14527,0,2,0,0,0,0,0,0,0,0,0
57947104,14528,0,2,0,0,0,0,0,0,0,0,0
57955243,14529,0,2,0,0,0,0,0,0,0,0,0
57958874,14530,0,2,0,0,0,0,0,0,0,0,0
57962519,14531,0,2,0,0,0,0,0,0,0,0,0
57966163,14532,0,2,0,0,0,0,0,0,0,0,0
57969806,14533,0,2,0,0,0,0,0,0,0,0,0
57973450,14534,0,2,0,0,0,0,0,0,0,0,0
57977095,14535,0,2,0,0,0,0,0,0,0,0,0
57980738,14536,0,2,0,0,0,0,0,0,0,0,0
57984383,14537,0,2,0,0,0,0,0,0,0,0,0
57988027,14538,0,2,0,0,0,0,0,0,0,0,0
57991670,14539,0,2,0,0,0,0,0,0,0,0,0
57995315,14540,0,2,0,0,0,0,0,0,0,0,0
57998959,14541,0,2,0,0,0,0,0,0,0,0,0
58002602,14542,0,2,0,0,0,0,0,0,0,0,0
58006247,14543,0,2,0,0,0,0,0,0,0,0,0
58009890,14544,0,2,0,0,0,0,0,0,0,0,0
58013534,14545,0,2,0,0,0,0,0,0,0,0,0
58017179,14546,0,2,0,0,0,0,0,0,0,0,0
58020822,14547,0,2,0,0,0,0,0,0,0,0,0
58024466,14548,0,2,0,0,0,0,0,0,0,0,0
58028110,14549,0,2,0,0,0,0,0,0,0,0,0
58031754,14550,0,2,0,0,0,0,0,0,0,0,0
58035399,14551,0,2,0,0,0,0,0,0,0,0,0
58039043,14552,0,2,0,0,0,0,0,0,0,0,0
58042686,14553,0,2,0,0,0,0,0,0,0,0,0
58046330,14554,0,2,0,0,0,0,0,0,0,0,0
58049974,14555,0,2,0,0,0,0,0,0,0,0,0
58053618,14556,0,2,0,0,0,0,0,0,0,0,0
58057262,14557,0,2,0,0,0,0,0,0,0,0,0
58060906,14558,0,2,0,0,0,0,0,0,0,0,0
58064550,14559,0,2,0,0,0,0,0,0,0,0,0
58068195,14560,0,2,0,0,0,0,0,0,0,0,0
58071839,14561,0,2,0,0,0,0,0,0,0,0,0
58075482,14562,0,2,0,0,0,0,0,0,0,0,0
58079126,14563,0,2,0,0,0,0,0,0,0,0,0
58082770,14564,0,2,0,0,0,0,0,0,0,0,0
58086414,14565,0,2,0,0,0,0,0,0,0,0,0
58090058,14566,0,2,0,0,0,0,0,0,0,0,0
58093702,14567,0,2,0,0,0,0,0,0,0,0,0
58097346,14568,0,2,0,0,0,0,0,0,0,0,0
58100990,14569,0,2,0,0,0,0,0,0,0,0,0
58104634,14570,0,2,0,0,0,0,0,0,0,0,0
58108279,14571,0,2,0,0,0,0,0,0,0,0,0
58111922,14572,0,2,0,0,0,0,0,0,0,0,0
58115566,14573,0,2,0,0,0,0,0,0,0,0,0
58119210,14574,0,2,0,0,0,0,0,0,0,0,0
58122854,14575,0,2,0,0,0,0,0,0,0,0,0
58126498,14576,0,2,0,0,0,0,0,0,0,0,0
58130143,14577,0,2,0,0,0,0,0,0,0,0,0
58133786,14578,0,2,0,0,0,0,0,0,0,0,0
58137430,14579,0,2,0,0,0,0,0,0,0,0,0
58141075,14580,0,2,0,0,0,0,0,0,0,0,0
58144719,14581,0,2,0,0,0,0,0,0,0,0,0
58148362,14582,0,2,0,0,0,0,0,0,0,0,0
58152007,14583,0,2,0,0,0,0,0,0,0,0,0
58155650,14584,0,2,0,0,0,0,0,0,0,0,0
58159295,14585,0,2,0,0,0,0,0,0,0,0,0
58162938,14586,0,2,0,0,0,0,0,0,0,0,0
58166582,14587,0,2,0,0,0,0,0,0,0,0,0
58170227,14588,0,2,0,0,0,0,0,0,0,0,0
58173870,14589,0,2,0,0,0,0,0,0,0,0,0
58177514,14590,0,2,0,0,0,0,0,0,0,0,0
58181159,14591,0,2,0,0,0,0,0,0,0,0,0
58184802,14592,0,2,0,0,0,0,0,0,0,0,0
58188446,14593,0,2,0,0,0,0,0,0,0,0,0
58192090,14594,0,2,0,0,0,0,0,0,0,0,0
58195734,14595,0,2,0,0,0,0,0,0,0,0,0
58199378,14596,0,2,0,0,0,0,0,0,0,0,0
58203023,14597,0,2,0,0,0,0,0,0,0,0,0
58206666,14598,0,2,0,0,0,0,0,0,0,0,0
58210311,14599,0,2,0,0,0,0,0,0,0,0,0
58213954,14600,0,2,0,0,0,0,0,0,0,0,0
58217599,14601,0,2,0,0,0,0,0,0,0,0,0
58221243,14602,0,2,0,0,0,0,0,0,0,0,0
58224886,14603,0,2,0,0,0,0,0,0,0,0,0
58228530,14604,0,2,0,0,0,0,0,0,0,0,0
58232174,14605,0,2,0,0,0,0,0,0,0,0,0
58235818,14606,0,2,0,0,0,0,0,0,0,0,0
58239462,14607,0,2,0,0,0,0,0,0,0,0,0
58243107,14608,0,2,0,0,0,0,0,0,0,0,0
58246750,14609,0,2,0,0,0,0,0,0,0,0,0
58250394,14610,0,2,0,0,0,0,0,0,0,0,0
58254039,14611,0,2,0,0,0,0,0,0,0,0,0
58257682,14612,0,2,0,0,0,0,0,0,0,0,0
58261326,14613,0,2,0,0,0,0,0,0,0,0,0
58264970,14614,0,2,0,0,0,0,0,0,0,0,0
58268614,14615,0,2,0,0,0,0,0,0,0,0,0
58272258,14616,0,2,0,0,0,0,0,0,0,0,0
58275902,14617,0,2,0,0,0,0,0,0,0,0,0
58279546,14618,0,2,0,0,0,0,0,0,0,0,0
58283191,14619,0,2,0,0,0,0,0,0,0,0,0
58286834,14620,0,2,0,0,0,0,0,0,0,0,0
58290479,14621,0,2,0,0,0,0,0,0,0,0,0
58294123,14622,0,2,0,0,0,0,0,0,0,0,0
58297766,14623,0,2,0,0,0,0,0,0,0,0,0
58301410,14624,0,2,0,0,0,0,0,0,0,0,0
58305055,14625,0,2,0,0,0,0,0,0,0,0,0
58308698,14626,0,2,0,0,0,0,0,0,0,0,0
58312342,14627,0,2,0,0,0,0,0,0,0,0,0
58315986,14628,0,2,0,0,0,0,0,0,0,0,0
58319630,14629,0,2,0,0,0,0,0,0,0,0,0
58323274,14630,0,2,0,0,0,0,0,0,0,0,0
58326919,14631,0,2,0,0,0,0,0,0,0,0,0
58330562,14632,0,2,0,0,0,0,0,0,0,0,0
58334206,14633,0,2,0,0,0,0,0,0,0,0,0
58337850,14634,0,2,0,0,0,0,0,0,0,0,0
58341494,14635,0,2,0,0,0,0,0,0,0,0,0
58345138,14636,0,2,0,0,0,0,0,0,0,0,0
58348782,14637,0,2,0,0,0,0,0,0,0,0,0
58352426,14638,0,2,0,0,0,0,0,0,0,0,0
58356071,14639,0,2,0,0,0,0,0,0,0,0,0
58359714,14640,0,2,0,0,0,0,0,0,0,0,0
58363359,14641,0,2,0,0,0,0,0,0,0,0,0
58367002,14642,0,2,0,0,0,0,0,0,0,0,0
58370646,14643,0,2,0,0,0,0,0,0,0,0,0
58374290,14644,0,2,0,0,0,0,0,0,0,0,0
58377934,14645,0,2,0,0,0,0,0,0,0,0,0
58381578,14646,0,2,0,0,0,0,0,0,0,0,0
58385222,14647,0,2,0,0,0,0,0,0,0,0,0
58388866,14648,0,2,0,0,0,0,0,0,0,0,0
58392510,14649,0,2,0,0,0,0,0,0,0,0,0
58396154,14650,0,2,0,0,0,0,0,0,0,0,0
58399799,14651,0,2,0,0,0,0,0,0,0,0,0
58403442,14652,0,2,0,0,0,0,0,0,0,0,0
58407087,14653,0,2,0,0,0,0,0,0,0,0,0
58410730,14654,0,2,0,0,0,0,0,0,0,0,0
58414374,14655,0,2,0,0,0,0,0,0,0,0,0
58418018,14656,0,2,0,0,0,0,0,0,0,0,0
58421662,14657,0,2,0,0,0,0,0,0,0,0,0
58425307,14658,0,2,0,0,0,0,0,0,0,0,0
58428950,14659,0,2,0,0,0,0,0,0,0,0,0
58432594,14660,0,2,0,0,0,0,0,0,0,0,0
58436239,14661,0,2,0,0,0,0,0,0,0,0,0
58439882,14662,0,2,0,0,0,0,0,0,0,0,0
58443526,14663,0,2,0,0,0,0,0,0,0,0,0
58447171,14664,0,2,0,0,0,0,0,0,0,0,0
58450814,14665,0,2,0,0,0,0,0,0,0,0,0
58454458,14666,0,2,0,0,0,0,0,0,0,0,0
58458103,14667,0,2,0,0,0,0,0,0,0,0,0
58461746,14668,0,2,0,0,0,0,0,0,0,0,0
58465390,14669,0,2,0,0,0,0,0,0,0,0,0
58469035,14670,0,2,0,0,0,0,0,0,0,0,0
58472679,14671,0,2,0,0,0,0,0,0,0,0,0
58476322,14672,0,2,0,0,0,0,0,0,0,0,0
58479966,14673,0,2,0,0,0,0,0,0,0,0,0
58483610,14674,0,2,0,0,0,0,0,0,0,0,0
58487254,14675,0,2,0,0,0,0,0,0,0,0,0
58490898,14676,0,2,0,0,0,0,0,0,0,0,0
58494542,14677,0,2,0,0,0,0,0,0,0,0,0
58498187,14678,0,2,0,0,0,0,0,0,0,0,0
58501830,14679,0,2,0,0,0,0,0,0,0,0,0
58505474,14680,0,2,0,0,0,0,0,0,0,0,0
58509119,14681,0,2,0,0,0,0,0,0,0,0,0
58512762,14682,0,2,0,0,0,0,0,0,0,0,0
58516406,14683,0,2,0,0,0,0,0,0,0,0,0
58520051,14684,0,2,0,0,0,0,0,0,0,0,0
58523694,14685,0,2,0,0,0,0,0,0,0,0,0
58527338,14686,0,2,0,0,0,0,0,0,0,0,0
58530982,14687,0,2,0,0,0,0,0,0,0,0,0
58534626,14688,0,2,0,0,0,0,0,0,0,0,0
58538270,14689,0,2,0,0,0,0,0,0,0,0,0
58541914,14690,0,2,0,0,0,0,0,0,0,0,0
58545559,14691,0,2,0,0,0,0,0,0,0,0,0
58549202,14692,0,2,0,0,0,0,0,0,0,0,0
58552846,14693,0,2,0,0,0,0,0,0,0,0,0
58556490,14694,0,2,0,0,0,0,0,0,0,0,0
58560135,14695,0,2,0,0,0,0,0,0,0,0,0
58563778,14696,0,2,0,0,0,0,0,0,0,0,0
58567422,14697,0,2,0,0,0,0,0,0,0,0,0
58571067,14698,0,2,0,0,0,0,0,0,0,0,0
58574710,14699,0,2,0,0,0,0,0,0,0,0,0
58578354,14700,0,2,0,0,0,0,0,0,0,0,0
58581999,14701,0,2,0,0,0,0,0,0,0,0,0
58585642,14702,0,2,0,0,0,0,0,0,0,0,0
58589286,14703,0,2,0,0,0,0,0,0,0,0,0
58592930,14704,0,2,0,0,0,0,0,0,0,0,0
58596574,14705,0,2,0,0,0,0,0,0,0,0,0
58600218,14706,0,2,0,0,0,0,0,0,0,0,0
58603862,14707,0,2,0,0,0,0,0,0,0,0,0
58607506,14708,0,2,0,0,0,0,0,0,0,0,0
58611151,14709,0,2,0,0,0,0,0,0,0,0,0
58614794,14710,0,2,0,0,0,0,0,0,0,0,0
58618439,14711,0,2,0,0,0,0,0,0,0,0,0
58622083,14712,0,2,0,0,0,0,0,0,0,0,0
58625726,14713,0,2,0,0,0,0,0,0,0,0,0
58629371,14714,0,2,0,0,0,0,0,0,0,0,0
58633014,14715,0,2,0,0,0,0,0,0,0,0,0
58636658,14716,0,2,0,0,0,0,0,0,0,0,0
58640302,14717,0,2,0,0,0,0,0,0,0,0,0
58643946,14718,0,2,0,0,0,0,0,0,0,0,0
58647590,14719,0,2,0,0,0,0,0,0,0,0,0
58651234,14720,0,2,0,0,0,0,0,0,0,0,0
58654879,14721,0,2,0,0,0,0,0,0,0,0,0
58658522,14722,0,2,0,0,0,0,0,0,0,0,0
58662166,14723,0,2,0,0,0,0,0,0,0,0,0
58665810,14724,0,2,0,0,0,0,0,0,0,0,0
58669454,14725,0,2,0,0,0,0,0,0,0,0,0
58673099,14726,0,2,0,0,0,0,0,0,0,0,0
58676742,14727,0,2,0,0,0,0,0,0,0,0,0
58680386,14728,0,2,0,0,0,0,0,0,0,0,0
58684030,14729,0,2,0,0,0,0,0,0,0,0,0
58687674,14730,0,2,0,0,0,0,0,0,0,0,0
58691319,14731,0,2,0,0,0,0,0,0,0,0,0
58694962,14732,0,2,0,0,0,0,0,0,0,0,0
58698606,14733,0,2,0,0,0,0,0,0,0,0,0
58702250,14734,0,2,0,0,0,0,0,0,0,0,0
58705894,14735,0,2,0,0,0,0,0,0,0,0,0
58709538,14736,0,2,0,0,0,0,0,0,0,0,0
58713183,14737,0,2,0,0,0,0,0,0,0,0,0
58716826,14738,0,2,0,0,0,0,0,0,0,0,0
58720470,14739,0,2,0,0,0,0,0,0,0,0,0
58724114,14740,0,2,0,0,0,0,0,0,0,0,0
58727759,14741,0,2,0,0,0,0,0,0,0,0,0
58731402,14742,0,2,0,0,0,0,0,0,0,0,0
58735046,14743,0,2,0,0,0,0,0,0,0,0,0
58738690,14744,0,2,0,0,0,0,0,0,0,0,0
58742334,14745,0,2,0,0,0,0,0,0,0,0,0
58745978,14746,0,2,0,0,0,0,0,0,0,0,0
58749622,14747,0,2,0,0,0,0,0,0,0,0,0
58753266,14748,0,2,0,0,0,0,0,0,0,0,0
58756910,14749,0,2,0,0,0,0,0,0,0,0,0
58760554,14750,0,2,0,0,0,0,0,0,0,0,0
58764199,14751,0,2,0,0,0,0,0,0,0,0,0
58767842,14752,0,2,0,0,0,0,0,0,0,0,0
58771486,14753,0,2,0,0,0,0,0,0,0,0,0
58775130,14754,0,2,0,0,0,0,0,0,0,0,0
58778774,14755,0,2,0,0,0,0,0,0,0,0,0
58788877,14756,0,2,0,0,0,0,0,0,0,0,0
58792508,14757,0,2,0,0,0,0,0,0,0,0,0
58796152,14758,0,2,0,0,0,0,0,0,0,0,0
58799796,14759,0,2,0,0,0,0,0,0,0,0,0
58803440,14760,0,2,0,0,0,0,0,0,0,0,0
58807085,14761,0,2,0,0,0,0,0,0,0,0,0
58810728,14762,0,2,0,0,0,0,0,0,0,0,0
58814372,14763,0,2,0,0,0,0,0,0,0,0,0
58818017,14764,0,2,0,0,0,0,0,0,0,0,0
58821660,14765,0,2,0,0,0,0,0,0,0,0,0
58825304,14766,0,2,0,0,0,0,0,0,0,0,0
58828948,14767,0,2,0,0,0,0,0,0,0,0,0
58832592,14768,0,2,0,0,0,0,0,0,0,0,0
58836237,14769,0,2,0,0,0,0,0,0,0,0,0
58839880,14770,0,2,0,0,0,0,0,0,0,0,0
58843525,14771,0,2,0,0,0,0,0,0,0,0,0
58847168,14772,0,2,0,0,0,0,0,0,0,0,0
58850812,14773,0,2,0,0,0,0,0,0,0,0,0
58854456,14774,0,2,0,0,0,0,0,0,0,0,0
58858100,14775,0,2,0,0,0,0,0,0,0,0,0
58861744,14776,0,2,0,0,0,0,0,0,0,0,0
58865388,14777,0,2,0,0,0,0,0,0,0,0,0
58869033,14778,0,2,0,0,0,0,0,0,0,0,0
58872676,14779,0,2,0,0,0,0,0,0,0,0,0
58876320,14780,0,2,0,0,0,0,0,0,0,0,0
58879965,14781,0,2,0,0,0,0,0,0,0,0,0
58883608,14782,0,2,0,0,0,0,0,0,0,0,0
58887253,14783,0,2,0,0,0,0,0,0,0,0,0
58890896,14784,0,2,0,0,0,0,0,0,0,0,0
58894540,14785,0,2,0,0,0,0,0,0,0,0,0
58898184,14786,0,2,0,0,0,0,0,0,0,0,0
58901828,14787,0,2,0,0,0,0,0,0,0,0,0
58905472,14788,0,2,0,0,0,0,0,0,0,0,0
58909116,14789,0,2,0,0,0,0,0,0,0,0,0
58912760,14790,0,2,0,0,0,0,0,0,0,0,0
58916405,14791,0,2,0,0,0,0,0,0,0,0,0
58920049,14792,0,2,0,0,0,0,0,0,0,0,0
58923692,14793,0,2,0,0,0,0,0,0,0,0,0
58927336,14794,0,2,0,0,0,0,0,0,0,0,0
58930980,14795,0,2,0,0,0,0,0,0,0,0,0
58934624,14796,0,2,0,0,0,0,0,0,0,0,0
58938268,14797,0,2,0,0,0,0,0,0,0,0,0
58941912,14798,0,2,0,0,0,0,0,0,0,0,0
58945556,14799,0,2,0,0,0,0,0,0,0,0,0
58949201,14800,0,2,0,0,0,0,0,0,0,0,0
58952845,14801,0,2,0,0,0,0,0,0,0,0,0
58956488,14802,0,2,0,0,0,0,0,0,0,0,0
58960132,14803,0,2,0,0,0,0,0,0,0,0,0
58963776,14804,0,2,0,0,0,0,0,0,0,0,0
58967420,14805,0,2,0,0,0,0,0,0,0,0,0
58971064,14806,0,2,0,0,0,0,0,0,0,0,0
58974708,14807,0,2,0,0,0,0,0,0,0,0,0
58978352,14808,0,2,0,0,0,0,0,0,0,0,0
58981996,14809,0,2,0,0,0,0,0,0,0,0,0
58985640,14810,0,2,0,0,0,0,0,0,0,0,0
58989285,14811,0,2,0,0,0,0,0,0,0,0,0
58992928,14812,0,2,0,0,0,0,0,0,0,0,0
58996572,14813,0,2,0,0,0,0,0,0,0,0,0
59000216,14814,0,2,0,0,0,0,0,0,0,0,0
59003860,14815,0,2,0,0,0,0,0,0,0,0,0
59007504,14816,0,2,0,0,0,0,0,0,0,0,0
59011149,14817,0,2,0,0,0,0,0,0,0,0,0
59014792,14818,0,2,0,0,0,0,0,0,0,0,0
59018436,14819,0,2,0,0,0,0,0,0,0,0,0
59022081,14820,0,2,0,0,0,0,0,0,0,0,0
59025725,14821,0,2,0,0,0,0,0,0,0,0,0
59029368,14822,0,2,0,0,0,0,0,0,0,0,0
59033013,14823,0,2,0,0,0,0,0,0,0,0,0
59036656,14824,0,2,0,0,0,0,0,0,0,0,0
59040301,14825,0,2,0,0,0,0,0,0,0,0,0
59043944,14826,0,2,0,0,0,0,0,0,0,0,0
59047588,14827,0,2,0,0,0,0,0,0,0,0,0
59051232,14828,0,2,0,0,0,0,0,0,0,0,0
59054876,14829,0,2,0,0,0,0,0,0,0,0,0
59058520,14830,0,2,0,0,0,0,0,0,0,0,0
59062165,14831,0,2,0,0,0,0,0,0,0,0,0
59065808,14832,0,2,0,0,0,0,0,0,0,0,0
59069452,14833,0,2,0,0,0,0,0,0,0,0,0
59073097,14834,0,2,0,0,0,0,0,0,0,0,0
59076740,14835,0,2,0,0,0,0,0,0,0,0,0
59080384,14836,0,2,0,0,0,0,0,0,0,0,0
59084029,14837,0,2,0,0,0,0,0,0,0,0,0
59087672,14838,0,2,0,0,0,0,0,0,0,0,0
59091316,14839,0,2,0,0,0,0,0,0,0,0,0
59094960,14840,0,2,0,0,0,0,0,0,0,0,0
59098605,14841,0,2,0,0,0,0,0,0,0,0,0
59102248,14842,0,2,0,0,0,0,0,0,0,0,0
59105892,14843,0,2,0,0,0,0,0,0,0,0,0
59109536,14844,0,2,0,0,0,0,0,0,0,0,0
59113181,14845,0,2,0,0,0,0,0,0,0,0,0
59116824,14846,0,2,0,0,0,0,0,0,0,0,0
59120468,14847,0,2,0,0,0,0,0,0,0,0,0
59124112,14848,0,2,0,0,0,0,0,0,0,0,0
59127756,14849,0,2,0,0,0,0,0,0,0,0,0
59131400,14850,0,2,0,0,0,0,0,0,0,0,0
59135045,14851,0,2,0,0,0,0,0,0,0,0,0
59138688,14852,0,2,0,0,0,0,0,0,0,0,0
59142333,14853,0,2,0,0,0,0,0,0,0,0,0
59145976,14854,0,2,0,0,0,0,0,0,0,0,0
59149620,14855,0,2,0,0,0,0,0,0,0,0,0
59153264,14856,0,2,0,0,0,0,0,0,0,0,0
59156908,14857,0,2,0,0,0,0,0,0,0,0,0
59160552,14858,0,2,0,0,0,0,0,0,0,0,0
59164196,14859,0,2,0,0,0,0,0,0,0,0,0
59167840,14860,0,2,0,0,0,0,0,0,0,0,0
59171485,14861,0,2,0,0,0,0,0,0,0,0,0
59175128,14862,0,2,0,0,0,0,0,0,0,0,0
59178772,14863,0,2,0,0,0,0,0,0,0,0,0
59182416,14864,0,2,0,0,0,0,0,0,0,0,0
59186061,14865,0,2,0,0,0,0,0,0,0,0,0
59189704,14866,0,2,0,0,0,0,0,0,0,0,0
59193348,14867,0,2,0,0,0,0,0,0,0,0,0
59196992,14868,0,2,0,0,0,0,0,0,0,0,0
59200636,14869,0,2,0,0,0,0,0,0,0,0,0
59204280,14870,0,2,0,0,0,0,0,0,0,0,0
59207925,14871,0,2,0,0,0,0,0,0,0,0,0
59211568,14872,0,2,0,0,0,0,0,0,0,0,0
59215212,14873,0,2,0,0,0,0,0,0,0,0,0
59218856,14874,0,2,0,0,0,0,0,0,0,0,0
59222500,14875,0,2,0,0,0,0,0,0,0,0,0
59226144,14876,0,2,0,0,0,0,0,0,0,0,0
59229788,14877,0,2,0,0,0,0,0,0,0,0,0
59233432,14878,0,2,0,0,0,0,0,0,0,0,0
59237076,14879,0,2,0,0,0,0,0,0,0,0,0
59240720,14880,0,2,0,0,0,0,0,0,0,0,0
59244365,14881,0,2,0,0,0,0,0,0,0,0,0
59248008,14882,0,2,0,0,0,0,0,0,0,0,0
59251652,14883,0,2,0,0,0,0,0,0,0,0,0
59255296,14884,0,2,0,0,0,0,0,0,0,0,0
59258940,14885,0,2,0,0,0,0,0,0,0,0,0
59262584,14886,0,2,0,0,0,0,0,0,0,0,0
59266228,14887,0,2,0,0,0,0,0,0,0,0,0
59269872,14888,0,2,0,0,0,0,0,0,0,0,0
59273516,14889,0,2,0,0,0,0,0,0,0,0,0
59277161,14890,0,2,0,0,0,0,0,0,0,0,0
59280805,14891,0,2,0,0,0,0,0,0,0,0,0
59284448,14892,0,2,0,0,0,0,0,0,0,0,0
59288092,14893,0,2,0,0,0,0,0,0,0,0,0
59291736,14894,0,2,0,0,0,0,0,0,0,0,0
59295380,14895,0,2,0,0,0,0,0,0,0,0,0
59299025,14896,0,2,0,0,0,0,0,0,0,0,0
59302668,14897,0,2,0,0,0,0,0,0,0,0,0
59306313,14898,0,2,0,0,0,0,0,0,0,0,0
59309956,14899,0,2,0,0,0,0,0,0,0,0,0
59313600,14900,0,2,0,0,0,0,0,0,0,0,0
59317245,14901,0,2,0,0,0,0,0,0,0,0,0
59320888,14902,0,2,0,0,0,0,0,0,0,0,0
59324532,14903,0,2,0,0,0,0,0,0,0,0,0
59328176,14904,0,2,0,0,0,0,0,0,0,0,0
59331820,14905,0,2,0,0,0,0,0,0,0,0,0
59335464,14906,0,2,0,0,0,0,0,0,0,0,0
59339109,14907,0,2,0,0,0,0,0,0,0,0,0
59342752,14908,0,2,0,0,0,0,0,0,0,0,0
59346396,14909,0,2,0,0,0,0,0,0,0,0,0
59350040,14910,0,2,0,0,0,0,0,0,0,0,0
59353685,14911,0,2,0,0,0,0,0,0,0,0,0
59357328,14912,0,2,0,0,0,0,0,0,0,0,0
59360972,14913,0,2,0,0,0,0,0,0,0,0,0
59364616,14914,0,2,0,0,0,0,0,0,0,0,0
59368260,14915,0,2,0,0,0,0,0,0,0,0,0
59371904,14916,0,2,0,0,0,0,0,0,0,0,0
59375548,14917,0,2,0,0,0,0,0,0,0,0,0
59379192,14918,0,2,0,0,0,0,0,0,0,0,0
59382836,14919,0,2,0,0,0,0,0,0,0,0,0
59386480,14920,0,2,0,0,0,0,0,0,0,0,0
59390125,14921,0,2,0,0,0,0,0,0,0,0,0
59393768,14922,0,2,0,0,0,0,0,0,0,0,0
59397412,14923,0,2,0,0,0,0,0,0,0,0,0
59401057,14924,0,2,0,0,0,0,0,0,0,0,0
59404700,14925,0,2,0,0,0,0,0,0,0,0,0
59408345,14926,0,2,0,0,0,0,0,0,0,0,0
59411988,14927,0,2,0,0,0,0,0,0,0,0,0
59415632,14928,0,2,0,0,0,0,0,0,0,0,0
59419276,14929,0,2,0,0,0,0,0,0,0,0,0
59422920,14930,0,2,0,0,0,0,0,0,0,0,0
59426565,14931,0,2,0,0,0,0,0,0,0,0,0
59430208,14932,0,2,0,0,0,0,0,0,0,0,0
59433852,14933,0,2,0,0,0,0,0,0,0,0,0
59437496,14934,0,2,0,0,0,0,0,0,0,0,0
59441141,14935,0,2,0,0,0,0,0,0,0,0,0
59444784,14936,0,2,0,0,0,0,0,0,0,0,0
59448428,14937,0,2,0,0,0,0,0,0,0,0,0
59452073,14938,0,2,0,0,0,0,0,0,0,0,0
59455716,14939,0,2,0,0,0,0,0,0,0,0,0
59459360,14940,0,2,0,0,0,0,0,0,0,0,0
59463005,14941,0,2,0,0,0,0,0,0,0,0,0
59466648,14942,0,2,0,0,0,0,0,0,0,0,0
59470292,14943,0,2,0,0,0,0,0,0,0,0,0
59473936,14944,0,2,0,0,0,0,0,0,0,0,0
59477580,14945,0,2,0,0,0,0,0,0,0,0,0
59481224,14946,0,2,0,0,0,0,0,0,0,0,0
59484868,14947,0,2,0,0,0,0,0,0,0,0,0
59488512,14948,0,2,0,0,0,0,0,0,0,0,0
59492156,14949,0,2,0,0,0,0,0,0,0,0,0
59495800,14950,0,2,0,0,0,0,0,0,0,0,0
59499445,14951,0,2,0,0,0,0,0,0,0,0,0
59503088,14952,0,2,0,0,0,0,0,0,0,0,0
59506732,14953,0,2,0,0,0,0,0,0,0,0,0
59510376,14954,0,2,0,0,0,0,0,0,0,0,0
59514020,14955,0,2,0,0,0,0,0,0,0,0,0
59517664,14956,0,2,0,0,0,0,0,0,0,0,0
59521309,14957,0,2,0,0,0,0,0,0,0,0,0
59524952,14958,0,2,0,0,0,0,0,0,0,0,0
59528596,14959,0,2,0,0,0,0,0,0,0,0,0
59532240,14960,0,2,0,0,0,0,0,0,0,0,0
59535885,14961,0,2,0,0,0,0,0,0,0,0,0
59539528,14962,0,2,0,0,0,0,0,0,0,0,0
59543172,14963,0,2,0,0,0,0,0,0,0,0,0
59546816,14964,0,2,0,0,0,0,0,0,0,0,0
59550460,14965,0,2,0,0,0,0,0,0,0,0,0
59554105,14966,0,2,0,0,0,0,0,0,0,0,0
59557748,14967,0,2,0,0,0,0,0,0,0,0,0
59561392,14968,0,2,0,0,0,0,0,0,0,0,0
59565036,14969,0,2,0,0,0,0,0,0,0,0,0
59568680,14970,0,2,0,0,0,0,0,0,0,0,0
59572325,14971,0,2,0,0,0,0,0,0,0,0,0
59575968,14972,0,2,0,0,0,0,0,0,0,0,0
59579612,14973,0,2,0,0,0,0,0,0,0,0,0
59583256,14974,0,2,0,0,0,0,0,0,0,0,0
59586900,14975,0,2,0,0,0,0,0,0,0,0,0
59590544,14976,0,2,0,0,0,0,0,0,0,0,0
59594189,14977,0,2,0,0,0,0,0,0,0,0,0
59597832,14978,0,2,0,0,0,0,0,0,0,0,0
59601476,14979,0,2,0,0,0,0,0,0,0,0,0
59605121,14980,0,2,0,0,0,0,0,0,0,0,0
59608765,14981,0,2,0,0,0,0,0,0,0,0,0
