timestamp_us,seq,valid_mask,status_bits,solenoid_state,payload0_centi_psi,payload1_centi_psi,payload2_centi_psi,payload3_centi_psi,payload4_centi_psi,payload5_centi_psi,raw_adc0,raw_adc1,raw_adc2,raw_adc3,raw_adc4,raw_adc5
10946002,0,48,2,0,0,0,0,0,0,0,0,0,0,0,1,7
10963228,1,32,2,0,0,0,0,0,0,0,0,0,0,0,1,0
10972168,2,32,2,0,0,0,0,0,0,0,0,0,0,0,1,0
10981121,3,32,2,0,0,0,0,0,0,0,0,0,0,0,1,0
10990074,4,32,2,0,0,0,0,0,0,0,0,0,0,0,1,0
10999027,5,48,2,0,0,0,0,0,0,0,0,0,0,0,0,0
11009709,6,32,2,0,0,0,0,0,0,0,0,0,0,0,0,0
11018662,7,32,2,0,0,0,0,0,0,0,0,0,0,0,0,0
11027615,8,32,2,0,0,0,0,0,0,0,0,0,0,0,0,0
11036568,9,32,2,0,0,0,0,0,0,0,0,0,0,0,0,0
11045521,10,48,2,0,0,0,0,0,0,0,0,0,0,0,0,0
11056204,11,32,2,0,0,0,0,0,0,0,0,0,0,0,0,0
11065156,12,32,2,0,0,0,0,0,0,0,0,0,0,0,0,0
11074109,13,32,2,0,0,0,0,0,0,0,0,0,0,0,0,0
11083062,14,32,2,0,0,0,0,0,0,0,0,0,0,0,0,0
11092015,15,48,2,0,0,0,0,0,0,0,0,0,0,0,0,0
11102697,16,32,2,0,0,0,0,0,0,0,0,0,0,0,0,0
11111650,17,32,2,0,0,0,0,0,0,0,0,0,0,0,0,0
11120603,18,32,2,0,0,0,0,0,0,0,0,0,0,0,0,0
11129556,19,32,2,0,0,0,0,0,0,0,0,0,0,0,0,0
11138510,20,48,2,0,0,0,0,0,0,0,0,0,0,0,0,0
11149191,21,32,2,0,0,0,0,0,0,0,0,0,0,0,0,0
11158144,22,32,2,0,0,0,0,0,0,0,0,0,0,0,0,0
11167097,23,32,2,0,0,0,0,0,0,0,0,0,0,0,0,0
11176050,24,32,2,0,0,0,0,0,0,0,0,0,0,0,0,0
11185003,25,48,2,0,0,0,0,0,0,0,0,0,0,0,0,0
11195685,26,32,2,0,0,0,0,0,0,0,0,0,0,0,0,0
11204638,27,32,2,0,0,0,0,0,0,0,0,0,0,0,0,0
11213591,28,32,2,0,0,0,0,0,0,0,0,0,0,0,0,0
11222544,29,32,2,0,0,0,0,0,0,0,0,0,0,0,0,0
11231497,30,48,2,0,0,0,0,0,0,0,0,0,0,0,0,0
11242180,31,32,2,0,0,0,0,0,0,0,0,0,0,0,0,0
11251132,32,32,2,0,0,0,0,0,0,0,0,0,0,0,0,0
11260085,33,32,2,0,0,0,0,0,0,0,0,0,0,0,0,0
11269038,34,32,2,0,0,0,0,0,0,0,0,0,0,0,0,0
11277991,35,48,2,0,0,0,0,0,0,0,0,0,0,0,0,0
11288673,36,32,2,0,0,0,0,0,0,0,0,0,0,0,0,0
11297626,37,32,2,0,0,0,0,0,0,0,0,0,0,0,0,0
11306579,38,32,2,0,0,0,0,0,0,0,0,0,0,0,0,0
11315532,39,32,2,0,0,0,0,0,0,0,0,0,0,0,0,0
11324485,40,48,2,0,0,0,0,0,0,0,0,0,0,0,0,0
11335168,41,32,2,0,0,0,0,0,0,0,0,0,0,0,0,0
11344120,42,32,2,0,0,0,0,0,0,0,0,0,0,0,0,0
11353073,43,32,2,0,0,0,0,0,0,0,0,0,0,0,0,0
11362027,44,32,2,0,0,0,0,0,0,0,0,0,0,0,0,0
11370979,45,48,2,0,0,0,0,0,0,0,0,0,0,0,0,0
11381661,46,32,2,0,0,0,0,0,0,0,0,0,0,0,0,0
11390614,47,32,2,0,0,0,0,0,0,0,0,0,0,0,0,0
11399567,48,32,2,0,0,0,0,0,0,0,0,0,0,0,0,0
11408520,49,32,2,0,0,0,0,0,0,0,0,0,0,0,0,0
11417473,50,48,2,0,0,0,0,0,0,0,0,0,0,0,0,0
11428156,51,32,2,0,0,0,0,0,0,0,0,0,0,0,0,0
11437108,52,32,2,0,0,0,0,0,0,0,0,0,0,0,0,0
11446061,53,32,2,0,0,0,0,0,0,0,0,0,0,0,0,0
11455014,54,32,2,0,0,0,0,0,0,0,0,0,0,0,0,0
11463967,55,48,2,0,0,0,0,0,0,0,0,0,0,0,0,0
11474649,56,32,2,0,0,0,0,0,0,0,0,0,0,0,0,0
11483602,57,32,2,0,0,0,0,0,0,0,0,0,0,0,0,0
11492556,58,32,2,0,0,0,0,0,0,0,0,0,0,0,0,0
11501508,59,32,2,0,0,0,0,0,0,0,0,0,0,0,0,0
11510461,60,48,2,0,0,0,0,0,0,0,0,0,0,0,0,0
11521143,61,32,2,0,0,0,0,0,0,0,0,0,0,0,0,0
11530096,62,32,2,0,0,0,0,0,0,0,0,0,0,0,0,0
11539049,63,32,2,0,0,0,0,0,0,0,0,0,0,0,0,0
11548002,64,32,2,0,0,0,0,0,0,0,0,0,0,0,0,0
11556955,65,48,2,0,0,0,0,0,0,0,0,0,0,0,0,0
11567637,66,32,2,0,0,0,0,0,0,0,0,0,0,0,0,0
11576590,67,32,2,0,0,0,0,0,0,0,0,0,0,0,0,0
11585543,68,32,2,0,0,0,0,0,0,0,0,0,0,0,0,0
11594496,69,32,2,0,0,0,0,0,0,0,0,0,0,0,0,0
11603449,70,48,2,0,0,0,0,0,0,0,0,0,0,0,0,0
11614132,71,32,2,0,0,0,0,0,0,0,0,0,0,0,0,0
11623084,72,32,2,0,0,0,0,0,0,0,0,0,0,0,0,0
11632037,73,32,2,0,0,0,0,0,0,0,0,0,0,0,0,0
11640990,74,32,2,0,0,0,0,0,0,0,0,0,0,0,0,0
11649943,75,48,2,0,0,0,0,0,0,0,0,0,0,0,0,0
11660625,76,32,2,0,0,0,0,0,0,0,0,0,0,0,0,0
11669578,77,32,2,0,0,0,0,0,0,0,0,0,0,0,0,0
11678531,78,32,2,0,0,0,0,0,0,0,0,0,0,0,0,0
11687484,79,32,2,0,0,0,0,0,0,0,0,0,0,0,0,0
11696437,80,48,2,0,0,0,0,0,0,0,0,0,0,0,0,0
11707120,81,32,2,0,0,0,0,0,0,0,0,0,0,0,0,0
11716072,82,32,2,0,0,0,0,0,0,0,0,0,0,0,0,0
11725025,83,32,2,0,0,0,0,0,0,0,0,0,0,0,0,0
11733978,84,32,2,0,0,0,0,0,0,0,0,0,0,0,0,0
11742931,85,48,2,0,0,0,0,0,0,0,0,0,0,0,0,0
11753613,86,32,2,0,0,0,0,0,0,0,0,0,0,0,0,0
11762567,87,32,2,0,0,0,0,0,0,0,0,0,0,0,0,0
11771519,88,32,2,0,0,0,0,0,0,0,0,0,0,0,0,0
11780472,89,32,2,0,0,0,0,0,0,0,0,0,0,0,0,0
11789425,90,48,2,0,0,0,0,0,0,0,0,0,0,0,0,0
11800108,91,32,2,0,0,0,0,0,0,0,0,0,0,0,0,0
11809060,92,32,2,0,0,0,0,0,0,0,0,0,0,0,0,0
11818013,93,32,2,0,0,0,0,0,0,0,0,0,0,0,0,0
11826966,94,32,2,0,0,0,0,0,0,0,0,0,0,0,0,0
11835919,95,48,2,0,0,0,0,0,0,0,0,0,0,0,0,0
11846601,96,32,2,0,0,0,0,0,0,0,0,0,0,0,0,0
11855554,97,32,2,0,0,0,0,0,0,0,0,0,0,0,0,0
11864507,98,32,2,0,0,0,0,0,0,0,0,0,0,0,0,0
11873460,99,32,2,0,0,0,0,0,0,0,0,0,0,0,0,0
11882413,100,48,2,0,0,0,0,0,0,0,0,0,0,0,0,0
11893096,101,32,2,0,0,0,0,0,0,0,0,0,0,0,0,0
11902048,102,32,2,0,0,0,0,0,0,0,0,0,0,0,0,0
11911001,103,32,2,0,0,0,0,0,0,0,0,0,0,0,0,0
11919954,104,32,2,0,0,0,0,0,0,0,0,0,0,0,0,0
11928907,105,48,2,0,0,0,0,0,0,0,0,0,0,0,0,0
11939589,106,32,2,0,0,0,0,0,0,0,0,0,0,0,0,0
11948542,107,32,2,0,0,0,0,0,0,0,0,0,0,0,0,0
11957495,108,32,2,0,0,0,0,0,0,0,0,0,0,0,0,0
11966448,109,32,2,0,0,0,0,0,0,0,0,0,0,0,0,0
11975401,110,48,2,0,0,0,0,0,0,0,0,0,0,0,0,0
11986083,111,32,2,0,0,0,0,0,0,0,0,0,0,0,0,0
11995037,112,32,2,0,0,0,0,0,0,0,0,0,0,0,0,0
12003990,113,32,2,0,0,0,0,0,0,0,0,0,0,0,0,0
12012942,114,32,2,0,0,0,0,0,0,0,0,0,0,0,0,0
12021895,115,48,2,0,0,0,0,0,0,0,0,0,0,0,0,0
12032577,116,32,2,0,0,0,0,0,0,0,0,0,0,0,0,0
12041530,117,32,2,0,0,0,0,0,0,0,0,0,0,0,0,0
12050483,118,32,2,0,0,0,0,0,0,0,0,0,0,0,0,0
12059436,119,32,2,0,0,0,0,0,0,0,0,0,0,0,0,0
12068389,120,48,2,0,0,0,0,0,0,0,0,0,0,0,0,0
12079072,121,32,2,0,0,0,0,0,0,0,0,0,0,0,0,0
12088024,122,32,2,0,0,0,0,0,0,0,0,0,0,0,0,0
12096977,123,32,2,0,0,0,0,0,0,0,0,0,0,0,0,0
12105930,124,32,2,0,0,0,0,0,0,0,0,0,0,0,0,0
12114883,125,48,2,0,0,0,0,0,0,0,0,0,0,0,0,0
12125565,126,32,2,0,0,0,0,0,0,0,0,0,0,0,0,0
12134518,127,32,2,0,0,0,0,0,0,0,0,0,0,0,0,0
12143471,128,32,2,0,0,0,0,0,0,0,0,0,0,0,0,0
12152424,129,32,2,0,0,0,0,0,0,0,0,0,0,0,0,0
12161377,130,48,2,0,0,0,0,0,0,0,0,0,0,0,0,0
12172060,131,32,2,0,0,0,0,0,0,0,0,0,0,0,0,0
12181012,132,32,2,0,0,0,0,0,0,0,0,0,0,0,0,0
12189965,133,32,2,0,0,0,0,0,0,0,0,0,0,0,0,0
12198918,134,32,2,0,0,0,0,0,0,0,0,0,0,0,0,0
12207871,135,48,2,0,0,0,0,0,0,0,0,0,0,0,0,0
12218553,136,32,2,0,0,0,0,0,0,0,0,0,0,0,0,0
12227506,137,32,2,0,0,0,0,0,0,0,0,0,0,0,0,0
12236459,138,32,2,0,0,0,0,0,0,0,0,0,0,0,0,0
12245412,139,32,2,0,0,0,0,0,0,0,0,0,0,0,0,0
12254366,140,48,2,0,0,0,0,0,0,0,0,0,0,0,0,0
12265047,141,32,2,0,0,0,0,0,0,0,0,0,0,0,0,0
12274000,142,32,2,0,0,0,0,0,0,0,0,0,0,0,0,0
12282954,143,32,2,0,0,0,0,0,0,0,0,0,0,0,0,0
12291906,144,32,2,0,0,0,0,0,0,0,0,0,0,0,0,0
12300859,145,48,2,0,0,0,0,0,0,0,0,0,0,0,0,0
12311541,146,32,2,0,0,0,0,0,0,0,0,0,0,0,0,0
12320494,147,32,2,0,0,0,0,0,0,0,0,0,0,0,0,0
12329447,148,32,2,0,0,0,0,0,0,0,0,0,0,0,0,0
12338400,149,32,2,0,0,0,0,0,0,0,0,0,0,0,0,0
12347353,150,48,2,0,0,0,0,0,0,0,0,0,0,0,0,0
12358036,151,32,2,0,0,0,0,0,0,0,0,0,0,0,0,0
12366988,152,32,2,0,0,0,0,0,0,0,0,0,0,0,0,0
12375941,153,32,2,0,0,0,0,0,0,0,0,0,0,0,0,0
12384895,154,32,2,0,0,0,0,0,0,0,0,0,0,0,0,0
12393847,155,48,2,0,0,0,0,0,0,0,0,0,0,0,0,0
12404529,156,32,2,0,0,0,0,0,0,0,0,0,0,0,0,0
12413483,157,32,2,0,0,0,0,0,0,0,0,0,0,0,0,0
12422435,158,32,2,0,0,0,0,0,0,0,0,0,0,0,0,0
12431388,159,32,2,0,0,0,0,0,0,0,0,0,0,0,0,0
12440342,160,48,2,0,0,0,0,0,0,0,0,0,0,0,0,0
12451024,161,32,2,0,0,0,0,0,0,0,0,0,0,0,0,0
12459976,162,32,2,0,0,0,0,0,0,0,0,0,0,0,0,0
12468930,163,32,2,0,0,0,0,0,0,0,0,0,0,0,0,0
12477882,164,32,2,0,0,0,0,0,0,0,0,0,0,0,0,0
12486835,165,48,2,0,0,0,0,0,0,0,0,0,0,0,0,0
12497517,166,32,2,0,0,0,0,0,0,0,0,0,0,0,0,0
12506470,167,32,2,0,0,0,0,0,0,0,0,0,0,0,0,0
12515423,168,32,2,0,0,0,0,0,0,0,0,0,0,0,0,0
12524376,169,32,2,0,0,0,0,0,0,0,0,0,0,0,0,0
12533329,170,48,2,0,0,0,0,0,0,0,0,0,0,0,0,0
12552489,171,32,2,0,0,0,0,0,0,0,0,0,0,0,0,0
12561430,172,32,2,0,0,0,0,0,0,0,0,0,0,0,0,0
12570383,173,32,2,0,0,0,0,0,0,0,0,0,0,0,0,0
12579336,174,32,2,0,0,0,0,0,0,0,0,0,0,0,0,0
12588289,175,48,2,0,0,0,0,0,0,0,0,0,0,0,0,0
12598971,176,32,2,0,0,0,0,0,0,0,0,0,0,0,0,0
12607924,177,32,2,0,0,0,0,0,0,0,0,0,0,0,0,0
12616877,178,32,2,0,0,0,0,0,0,0,0,0,0,0,0,0
12625830,179,32,2,0,0,0,0,0,0,0,0,0,0,0,0,0
12634783,180,48,2,0,0,0,0,0,0,0,0,0,0,0,0,0
12645466,181,32,2,0,0,0,0,0,0,0,0,0,0,0,0,0
12654418,182,32,2,0,0,0,0,0,0,0,0,0,0,0,0,0
12663371,183,32,2,0,0,0,0,0,0,0,0,0,0,0,0,0
12672324,184,32,2,0,0,0,0,0,0,0,0,0,0,0,0,0
12681277,185,48,2,0,0,0,0,0,0,0,0,0,0,0,0,0
12691959,186,32,2,0,0,0,0,0,0,0,0,0,0,0,0,0
12700912,187,32,2,0,0,0,0,0,0,0,0,0,0,0,0,0
12709865,188,32,2,0,0,0,0,0,0,0,0,0,0,0,0,0
12718819,189,32,2,0,0,0,0,0,0,0,0,0,0,0,0,0
12727771,190,48,2,0,0,0,0,0,0,0,0,0,0,0,0,0
12738454,191,32,2,0,0,0,0,0,0,0,0,0,0,0,0,0
12747407,192,32,2,0,0,0,0,0,0,0,0,0,0,0,0,0
12756359,193,32,2,0,0,0,0,0,0,0,0,0,0,0,0,0
12765313,194,32,2,0,0,0,0,0,0,0,0,0,0,0,0,0
12774265,195,48,2,0,0,0,0,0,0,0,0,0,0,0,0,0
12784947,196,32,2,0,0,0,0,0,0,0,0,0,0,0,0,0
12793901,197,32,2,0,0,0,0,0,0,0,0,0,0,0,0,0
12802853,198,32,2,0,0,0,0,0,0,0,0,0,0,0,0,0
12811806,199,32,2,0,0,0,0,0,0,0,0,0,0,0,0,0
12820760,200,48,2,0,0,0,0,0,0,0,0,0,0,0,0,0
12831441,201,32,2,0,0,0,0,0,0,0,0,0,0,0,0,0
12840394,202,32,2,0,0,0,0,0,0,0,0,0,0,0,0,0
12849348,203,32,2,0,0,0,0,0,0,0,0,0,0,0,0,0
12858300,204,32,2,0,0,0,0,0,0,0,0,0,0,0,0,0
12867253,205,48,2,0,0,0,0,0,0,0,0,0,0,0,0,0
12877935,206,32,2,0,0,0,0,0,0,0,0,0,0,0,0,0
12886888,207,32,2,0,0,0,0,0,0,0,0,0,0,0,0,0
12895841,208,32,2,0,0,0,0,0,0,0,0,0,0,0,0,0
12904794,209,32,2,0,0,0,0,0,0,0,0,0,0,0,0,0
12913747,210,48,2,0,0,0,0,0,0,0,0,0,0,0,0,0
12924430,211,32,2,0,0,0,0,0,0,0,0,0,0,0,0,0
12933382,212,32,2,0,0,0,0,0,0,0,0,0,0,0,0,0
12942336,213,32,2,0,0,0,0,0,0,0,0,0,0,0,0,0
12951288,214,32,2,0,0,0,0,0,0,0,0,0,0,0,0,0
12960242,215,48,2,0,0,0,0,0,0,0,0,0,0,0,0,0
12970923,216,32,2,0,0,0,0,0,0,0,0,0,0,0,0,0
12979876,217,32,2,0,0,0,0,0,0,0,0,0,0,0,0,0
12988829,218,32,2,0,0,0,0,0,0,0,0,0,0,0,0,0
12997782,219,32,2,0,0,0,0,0,0,0,0,0,0,0,0,0
13006735,220,48,2,0,0,0,0,0,0,0,0,0,0,0,0,0
13017417,221,32,2,0,0,0,0,0,0,0,0,0,0,0,0,0
13026370,222,32,2,0,0,0,0,0,0,0,0,0,0,0,0,0
13035323,223,32,2,0,0,0,0,0,0,0,0,0,0,0,0,0
13044276,224,32,2,0,0,0,0,0,0,0,0,0,0,0,0,0
13053229,225,48,2,0,0,0,0,0,0,0,0,0,0,0,0,0
13063911,226,32,2,0,0,0,0,0,0,0,0,0,0,0,0,0
13072864,227,32,2,0,0,0,0,0,0,0,0,0,0,0,0,0
13081817,228,32,2,0,0,0,0,0,0,0,0,0,0,0,0,0
13090770,229,32,2,0,0,0,0,0,0,0,0,0,0,0,0,0
13099723,230,48,2,0,0,0,0,0,0,0,0,0,0,0,0,0
13110406,231,32,2,0,0,0,0,0,0,0,0,0,0,0,0,0
13119358,232,32,2,0,0,0,0,0,0,0,0,0,0,0,0,0
13128311,233,32,2,0,0,0,0,0,0,0,0,0,0,0,0,0
13137264,234,32,2,0,0,0,0,0,0,0,0,0,0,0,0,0
13146217,235,48,2,0,0,0,0,0,0,0,0,0,0,0,0,0
13156899,236,32,2,0,0,0,0,0,0,0,0,0,0,0,0,0
13165853,237,32,2,0,0,0,0,0,0,0,0,0,0,0,0,0
13174805,238,32,2,0,0,0,0,0,0,0,0,0,0,0,0,0
13183758,239,32,2,0,0,0,0,0,0,0,0,0,0,0,0,0
13192711,240,48,2,0,0,0,0,0,0,0,0,0,0,0,0,0
13203393,241,32,2,0,0,0,0,0,0,0,0,0,0,0,0,0
13212346,242,32,2,0,0,0,0,0,0,0,0,0,0,0,0,0
13221299,243,32,2,0,0,0,0,0,0,0,0,0,0,0,0,0
13230252,244,32,2,0,0,0,0,0,0,0,0,0,0,0,0,0
13239205,245,48,2,0,0,0,0,0,0,0,0,0,0,0,0,0
13249887,246,32,2,0,0,0,0,0,0,0,0,0,0,0,0,0
13258840,247,32,2,0,0,0,0,0,0,0,0,0,0,0,0,0
13267794,248,32,2,0,0,0,0,0,0,0,0,0,0,0,0,0
13276746,249,32,2,0,0,0,0,0,0,0,0,0,0,0,0,0
13285699,250,48,2,0,0,0,0,0,0,0,0,0,0,0,0,0
13296381,251,32,2,0,0,0,0,0,0,0,0,0,0,0,0,0
13305334,252,32,2,0,0,0,0,0,0,0,0,0,0,0,0,0
13314287,253,32,2,0,0,0,0,0,0,0,0,0,0,0,0,0
13323240,254,32,2,0,0,0,0,0,0,0,0,0,0,0,0,0
13332193,255,48,2,0,0,0,0,0,0,0,0,0,0,0,0,0
13342875,256,32,2,0,0,0,0,0,0,0,0,0,0,0,0,0
13351828,257,32,2,0,0,0,0,0,0,0,0,0,0,0,0,0
13360781,258,32,2,0,0,0,0,0,0,0,0,0,0,0,0,0
13369734,259,32,2,0,0,0,0,0,0,0,0,0,0,0,0,0
13378687,260,48,2,0,0,0,0,0,0,0,0,0,0,0,0,0
13389370,261,32,2,0,0,0,0,0,0,0,0,0,0,0,0,0
13398322,262,32,2,0,0,0,0,0,0,0,0,0,0,0,0,0
13407275,263,32,2,0,0,0,0,0,0,0,0,0,0,0,0,0
13416228,264,32,2,0,0,0,0,0,0,0,0,0,0,0,0,0
13425181,265,48,2,0,0,0,0,0,0,0,0,0,0,0,0,0
13435863,266,32,2,0,0,0,0,0,0,0,0,0,0,0,0,0
13444816,267,32,2,0,0,0,0,0,0,0,0,0,0,0,0,0
13453769,268,32,2,0,0,0,0,0,0,0,0,0,0,0,0,0
13462722,269,32,2,0,0,0,0,0,0,0,0,0,0,0,0,0
13471675,270,48,2,0,0,0,0,0,0,0,0,0,0,0,0,0
13482358,271,32,2,0,0,0,0,0,0,0,0,0,0,0,0,0
13491311,272,32,2,0,0,0,0,0,0,0,0,0,0,0,0,0
13500263,273,32,2,0,0,0,0,0,0,0,0,0,0,0,0,0
13509216,274,32,2,0,0,0,0,0,0,0,0,0,0,0,0,0
13518169,275,48,2,0,0,0,0,0,0,0,0,0,0,0,0,0
13528851,276,32,2,0,0,0,0,0,0,0,0,0,0,0,0,0
13537804,277,32,2,0,0,0,0,0,0,0,0,0,0,0,0,0
13546757,278,32,2,0,0,0,0,0,0,0,0,0,0,0,0,0
13555710,279,32,2,0,0,0,0,0,0,0,0,0,0,0,0,0
13564663,280,48,2,0,0,0,0,0,0,0,0,0,0,0,0,0
13575346,281,32,2,0,0,0,0,0,0,0,0,0,0,0,0,0
13584298,282,32,2,0,0,0,0,0,0,0,0,0,0,0,0,0
13593251,283,32,2,0,0,0,0,0,0,0,0,0,0,0,0,0
13602204,284,32,2,0,0,0,0,0,0,0,0,0,0,0,0,0
13611157,285,48,2,0,0,0,0,0,0,0,0,0,0,0,0,0
13621839,286,32,2,0,0,0,0,0,0,0,0,0,0,0,0,0
13630792,287,32,2,0,0,0,0,0,0,0,0,0,0,0,0,0
13639745,288,32,2,0,0,0,0,0,0,0,0,0,0,0,0,0
13648699,289,32,2,0,0,0,0,0,0,0,0,0,0,0,0,0
13657651,290,48,2,0,0,0,0,0,0,0,0,0,0,0,0,0
13668334,291,32,2,0,0,0,0,0,0,0,0,0,0,0,0,0
13677286,292,32,2,0,0,0,0,0,0,0,0,0,0,0,0,0
13686239,293,32,2,0,0,0,0,0,0,0,0,0,0,0,0,0
13695192,294,32,2,0,0,0,0,0,0,0,0,0,0,0,0,0
13704145,295,48,2,0,0,0,0,0,0,0,0,0,0,0,0,0
13714827,296,32,2,0,0,0,0,0,0,0,0,0,0,0,0,0
13723781,297,32,2,0,0,0,0,0,0,0,0,0,0,0,0,0
13732734,298,32,2,0,0,0,0,0,0,0,0,0,0,0,0,0
13741686,299,32,2,0,0,0,0,0,0,0,0,0,0,0,0,0
13750640,300,48,2,0,0,0,0,0,0,0,0,0,0,0,0,0
13761322,301,32,2,0,0,0,0,0,0,0,0,0,0,0,0,0
13770274,302,32,2,0,0,0,0,0,0,0,0,0,0,0,0,0
13779227,303,32,2,0,0,0,0,0,0,0,0,0,0,0,0,0
13788180,304,32,2,0,0,0,0,0,0,0,0,0,0,0,0,0
13797133,305,48,2,0,0,0,0,0,0,0,0,0,0,0,0,0
13807815,306,32,2,0,0,0,0,0,0,0,0,0,0,0,0,0
13816768,307,32,2,0,0,0,0,0,0,0,0,0,0,0,0,0
13825721,308,32,2,0,0,0,0,0,0,0,0,0,0,0,0,0
13834675,309,32,2,0,0,0,0,0,0,0,0,0,0,0,0,0
13843628,310,48,2,0,0,0,0,0,0,0,0,0,0,0,0,0
13854310,311,32,2,0,0,0,0,0,0,0,0,0,0,0,0,0
13863263,312,32,2,0,0,0,0,0,0,0,0,0,0,0,0,0
13872215,313,32,2,0,0,0,0,0,0,0,0,0,0,0,0,0
13881168,314,32,2,0,0,0,0,0,0,0,0,0,0,0,0,0
13890121,315,48,2,0,0,0,0,0,0,0,0,0,0,0,0,0
13900803,316,32,2,0,0,0,0,0,0,0,0,0,0,0,0,0
13909756,317,32,2,0,0,0,0,0,0,0,0,0,0,0,0,0
13918709,318,32,2,0,0,0,0,0,0,0,0,0,0,0,0,0
13927662,319,32,2,0,0,0,0,0,0,0,0,0,0,0,0,0
13936615,320,48,2,0,0,0,0,0,0,0,0,0,0,0,0,0
13947298,321,32,2,0,0,0,0,0,0,0,0,0,0,0,0,0
13956250,322,32,2,0,0,0,0,0,0,0,0,0,0,0,0,0
13965203,323,32,2,0,0,0,0,0,0,0,0,0,0,0,0,0
13974156,324,32,2,0,0,0,0,0,0,0,0,0,0,0,0,0
13983109,325,48,2,0,0,0,0,0,0,0,0,0,0,0,0,0
13993791,326,32,2,0,0,0,0,0,0,0,0,0,0,0,0,0
14002744,327,32,2,0,0,0,0,0,0,0,0,0,0,0,0,0
14011697,328,32,2,0,0,0,0,0,0,0,0,0,0,0,0,0
14020651,329,32,2,0,0,0,0,0,0,0,0,0,0,0,0,0
14029603,330,48,2,0,0,0,0,0,0,0,0,0,0,0,0,0
14040285,331,32,2,0,0,0,0,0,0,0,0,0,0,0,0,0
14049238,332,32,2,0,0,0,0,0,0,0,0,0,0,0,0,0
14058191,333,32,2,0,0,0,0,0,0,0,0,0,0,0,0,0
14067144,334,32,2,0,0,0,0,0,0,0,0,0,0,0,0,0
14076097,335,48,2,0,0,0,0,0,0,0,0,0,0,0,0,0
14086779,336,32,2,0,0,0,0,0,0,0,0,0,0,0,0,0
14095732,337,32,2,0,0,0,0,0,0,0,0,0,0,0,0,0
14104685,338,32,2,0,0,0,0,0,0,0,0,0,0,0,0,0
14113638,339,32,2,0,0,0,0,0,0,0,0,0,0,0,0,0
14122591,340,48,2,0,0,0,0,0,0,0,0,0,0,0,0,0
14141883,341,32,2,0,0,0,0,0,0,0,0,0,0,0,0,0
14150824,342,32,2,0,0,0,0,0,0,0,0,0,0,0,0,0
14159777,343,32,2,0,0,0,0,0,0,0,0,0,0,0,0,0
14168730,344,32,2,0,0,0,0,0,0,0,0,0,0,0,0,0
14177683,345,48,2,0,0,0,0,0,0,0,0,0,0,0,0,0
14188365,346,32,2,0,0,0,0,0,0,0,0,0,0,0,0,0
14197318,347,32,2,0,0,0,0,0,0,0,0,0,0,0,0,0
14206271,348,32,2,0,0,0,0,0,0,0,0,0,0,0,0,0
14215224,349,32,2,0,0,0,0,0,0,0,0,0,0,0,0,0
14224177,350,48,2,0,0,0,0,0,0,0,0,0,0,0,0,0
14234860,351,32,2,0,0,0,0,0,0,0,0,0,0,0,0,0
14243812,352,32,2,0,0,0,0,0,0,0,0,0,0,0,0,0
14252765,353,32,2,0,0,0,0,0,0,0,0,0,0,0,0,0
14261719,354,32,2,0,0,0,0,0,0,0,0,0,0,0,0,0
14270671,355,48,2,0,0,0,0,0,0,0,0,0,0,0,0,0
14281353,356,32,2,0,0,0,0,0,0,0,0,0,0,0,0,0
14290306,357,32,2,0,0,0,0,0,0,0,0,0,0,0,0,0
14299259,358,32,2,0,0,0,0,0,0,0,0,0,0,0,0,0
14308212,359,32,2,0,0,0,0,0,0,0,0,0,0,0,0,0
14317165,360,48,2,0,0,0,0,0,0,0,0,0,0,0,0,0
14327848,361,32,2,0,0,0,0,0,0,0,0,0,0,0,0,0
14336800,362,32,2,0,0,0,0,0,0,0,0,0,0,0,0,0
14345754,363,32,2,0,0,0,0,0,0,0,0,0,0,0,0,0
14354706,364,32,2,0,0,0,0,0,0,0,0,0,0,0,0,0
14363660,365,48,2,0,0,0,0,0,0,0,0,0,0,0,0,0
14374341,366,32,2,0,0,0,0,0,0,0,0,0,0,0,0,0
14383294,367,32,2,0,0,0,0,0,0,0,0,0,0,0,0,0
14392247,368,32,2,0,0,0,0,0,0,0,0,0,0,0,0,0
14401200,369,32,2,0,0,0,0,0,0,0,0,0,0,0,0,0
14410153,370,48,2,0,0,0,0,0,0,0,0,0,0,0,0,0
14420836,371,32,2,0,0,0,0,0,0,0,0,0,0,0,0,0
14429788,372,32,2,0,0,0,0,0,0,0,0,0,0,0,0,0
14438741,373,32,2,0,0,0,0,0,0,0,0,0,0,0,0,0
14447694,374,32,2,0,0,0,0,0,0,0,0,0,0,0,0,0
14456647,375,48,2,0,0,0,0,0,0,0,0,0,0,0,0,0
14467329,376,32,2,0,0,0,0,0,0,0,0,0,0,0,0,0
14476282,377,32,2,0,0,0,0,0,0,0,0,0,0,0,0,0
14485235,378,32,2,0,0,0,0,0,0,0,0,0,0,0,0,0
14494188,379,32,2,0,0,0,0,0,0,0,0,0,0,0,0,0
14503141,380,48,2,0,0,0,0,0,0,0,0,0,0,0,0,0
14513824,381,32,2,0,0,0,0,0,0,0,0,0,0,0,0,0
14522776,382,32,2,0,0,0,0,0,0,0,0,0,0,0,0,0
14531730,383,32,2,0,0,0,0,0,0,0,0,0,0,0,0,0
14540682,384,32,2,0,0,0,0,0,0,0,0,0,0,0,0,0
14549635,385,48,2,0,0,0,0,0,0,0,0,0,0,0,0,0
14560317,386,32,2,0,0,0,0,0,0,0,0,0,0,0,0,0
14569270,387,32,2,0,0,0,0,0,0,0,0,0,0,0,0,0
14578223,388,32,2,0,0,0,0,0,0,0,0,0,0,0,0,0
14587176,389,32,2,0,0,0,0,0,0,0,0,0,0,0,0,0
14596129,390,48,2,0,0,0,0,0,0,0,0,0,0,0,0,0
14606812,391,32,2,0,0,0,0,0,0,0,0,0,0,0,0,0
14615764,392,32,2,0,0,0,0,0,0,0,0,0,0,0,0,0
14624717,393,32,2,0,0,0,0,0,0,0,0,0,0,0,0,0
14633670,394,32,2,0,0,0,0,0,0,0,0,0,0,0,0,0
14642624,395,48,2,0,0,0,0,0,0,0,0,0,0,0,0,0
14653305,396,32,2,0,0,0,0,0,0,0,0,0,0,0,0,0
14662258,397,32,2,0,0,0,0,0,0,0,0,0,0,0,0,0
14671211,398,32,2,0,0,0,0,0,0,0,0,0,0,0,0,0
14680164,399,32,2,0,0,0,0,0,0,0,0,0,0,0,0,0
14689117,400,48,2,0,0,0,0,0,0,0,0,0,0,0,0,0
14699800,401,32,2,0,0,0,0,0,0,0,0,0,0,0,0,0
14708752,402,32,2,0,0,0,0,0,0,0,0,0,0,0,0,0
14717705,403,32,2,0,0,0,0,0,0,0,0,0,0,0,0,0
14726658,404,32,2,0,0,0,0,0,0,0,0,0,0,0,0,0
14735611,405,48,2,0,0,0,0,0,0,0,0,0,0,0,0,0
14746293,406,32,2,0,0,0,0,0,0,0,0,0,0,0,0,0
14755247,407,32,2,0,0,0,0,0,0,0,0,0,0,0,0,0
14764199,408,32,2,0,0,0,0,0,0,0,0,0,0,0,0,0
14773152,409,32,2,0,0,0,0,0,0,0,0,0,0,0,0,0
14782105,410,48,2,0,0,0,0,0,0,0,0,0,0,0,0,0
14792788,411,32,2,0,0,0,0,0,0,0,0,0,0,0,0,0
14801740,412,32,2,0,0,0,0,0,0,0,0,0,0,0,0,0
14810693,413,32,2,0,0,0,0,0,0,0,0,0,0,0,0,0
14819646,414,32,2,0,0,0,0,0,0,0,0,0,0,0,0,0
14828599,415,48,2,0,0,0,0,0,0,0,0,0,0,0,0,0
14839281,416,32,2,0,0,0,0,0,0,0,0,0,0,0,0,0
14848234,417,32,2,0,0,0,0,0,0,0,0,0,0,0,0,0
14857187,418,32,2,0,0,0,0,0,0,0,0,0,0,0,0,0
14866140,419,32,2,0,0,0,0,0,0,0,0,0,0,0,0,0
14875093,420,48,2,0,0,0,0,0,0,0,0,0,0,0,0,0
14885776,421,32,2,0,0,0,0,0,0,0,0,0,0,0,0,0
14894728,422,32,2,0,0,0,0,0,0,0,0,0,0,0,0,0
14903681,423,32,2,0,0,0,0,0,0,0,0,0,0,0,0,0
14912634,424,32,2,0,0,0,0,0,0,0,0,0,0,0,0,0
14921587,425,48,2,0,0,0,0,0,0,0,0,0,0,0,0,0
14932269,426,32,2,0,0,0,0,0,0,0,0,0,0,0,0,0
14941222,427,32,2,0,0,0,0,0,0,0,0,0,0,0,0,0
14950175,428,32,2,0,0,0,0,0,0,0,0,0,0,0,0,0
14959128,429,32,2,0,0,0,0,0,0,0,0,0,0,0,0,0
14968081,430,48,2,0,0,0,0,0,0,0,0,0,0,0,0,0
14978763,431,32,2,0,0,0,0,0,0,0,0,0,0,0,0,0
14987716,432,32,2,0,0,0,0,0,0,0,0,0,0,0,0,0
14996669,433,32,2,0,0,0,0,0,0,0,0,0,0,0,0,0
15005622,434,32,2,0,0,0,0,0,0,0,0,0,0,0,0,0
15014575,435,48,2,0,0,0,0,0,0,0,0,0,0,0,0,0
15025257,436,32,2,0,0,0,0,0,0,0,0,0,0,0,0,0
15034210,437,32,2,0,0,0,0,0,0,0,0,0,0,0,0,0
15043163,438,32,2,0,0,0,0,0,0,0,0,0,0,0,0,0
15052116,439,32,2,0,0,0,0,0,0,0,0,0,0,0,0,0
15061069,440,48,2,0,0,0,0,0,0,0,0,0,0,0,0,0
15071752,441,32,2,0,0,0,0,0,0,0,0,0,0,0,0,0
15080704,442,32,2,0,0,0,0,0,0,0,0,0,0,0,0,0
15089657,443,32,2,0,0,0,0,0,0,0,0,0,0,0,0,0
15098610,444,32,2,0,0,0,0,0,0,0,0,0,0,0,0,0
15107563,445,48,2,0,0,0,0,0,0,0,0,0,0,0,0,0
15118245,446,32,2,0,0,0,0,0,0,0,0,0,0,0,0,0
15127198,447,32,2,0,0,0,0,0,0,0,0,0,0,0,0,0
15136151,448,32,2,0,0,0,0,0,0,0,0,0,0,0,0,0
15145104,449,32,2,0,0,0,0,0,0,0,0,0,0,0,0,0
15154057,450,48,2,0,0,0,0,0,0,0,0,0,0,0,0,0
15164739,451,32,2,0,0,0,0,0,0,0,0,0,0,0,0,0
15173692,452,32,2,0,0,0,0,0,0,0,0,0,0,0,0,0
15182645,453,32,2,0,0,0,0,0,0,0,0,0,0,0,0,0
15191598,454,32,2,0,0,0,0,0,0,0,0,0,0,0,0,0
15200552,455,48,2,0,0,0,0,0,0,0,0,0,0,0,0,0
15211233,456,32,2,0,0,0,0,0,0,0,0,0,0,0,0,0
15220186,457,32,2,0,0,0,0,0,0,0,0,0,0,0,0,0
15229139,458,32,2,0,0,0,0,0,0,0,0,0,0,0,0,0
15238092,459,32,2,0,0,0,0,0,0,0,0,0,0,0,0,0
15247045,460,48,2,0,0,0,0,0,0,0,0,0,0,0,0,0
15257727,461,32,2,0,0,0,0,0,0,0,0,0,0,0,0,0
15266680,462,32,2,0,0,0,0,0,0,0,0,0,0,0,0,0
15275633,463,32,2,0,0,0,0,0,0,0,0,0,0,0,0,0
15284586,464,32,2,0,0,0,0,0,0,0,0,0,0,0,0,0
15293539,465,48,2,0,0,0,0,0,0,0,0,0,0,0,0,0
15304221,466,32,2,0,0,0,0,0,0,0,0,0,0,0,0,0
15313174,467,32,2,0,0,0,0,0,0,0,0,0,0,0,0,0
15322127,468,32,2,0,0,0,0,0,0,0,0,0,0,0,0,0
15331080,469,32,2,0,0,0,0,0,0,0,0,0,0,0,0,0
15340033,470,48,2,0,0,0,0,0,0,0,0,0,0,0,0,0
15350716,471,32,2,0,0,0,0,0,0,0,0,0,0,0,0,0
15359668,472,32,2,0,0,0,0,0,0,0,0,0,0,0,0,0
15368621,473,32,2,0,0,0,0,0,0,0,0,0,0,0,0,0
15377574,474,32,2,0,0,0,0,0,0,0,0,0,0,0,0,0
15386527,475,48,2,0,0,0,0,0,0,0,0,0,0,0,0,0
15397209,476,32,2,0,0,0,0,0,0,0,0,0,0,0,0,0
15406162,477,32,2,0,0,0,0,0,0,0,0,0,0,0,0,0
15415115,478,32,2,0,0,0,0,0,0,0,0,0,0,0,0,0
15424068,479,32,2,0,0,0,0,0,0,0,0,0,0,0,0,0
15433021,480,48,2,0,0,0,0,0,0,0,0,0,0,0,0,0
15443703,481,32,2,0,0,0,0,0,0,0,0,0,0,0,0,0
15452656,482,32,2,0,0,0,0,0,0,0,0,0,0,0,0,0
15461609,483,32,2,0,0,0,0,0,0,0,0,0,0,0,0,0
15470562,484,32,2,0,0,0,0,0,0,0,0,0,0,0,0,0
15479515,485,48,2,0,0,0,0,0,0,0,0,0,0,0,0,0
15490197,486,32,2,0,0,0,0,0,0,0,0,0,0,0,0,0
15499150,487,32,2,0,0,0,0,0,0,0,0,0,0,0,0,0
15508103,488,32,2,0,0,0,0,0,0,0,0,0,0,0,0,0
15517056,489,32,2,0,0,0,0,0,0,0,0,0,0,0,0,0
15526009,490,48,2,0,0,0,0,0,0,0,0,0,0,0,0,0
15536691,491,32,2,0,0,0,0,0,0,0,0,0,0,0,0,0
15545644,492,32,2,0,0,0,0,0,0,0,0,0,0,0,0,0
15554597,493,32,2,0,0,0,0,0,0,0,0,0,0,0,0,0
15563550,494,32,2,0,0,0,0,0,0,0,0,0,0,0,0,0
15572503,495,48,2,0,0,0,0,0,0,0,0,0,0,0,0,0
15583185,496,32,2,0,0,0,0,0,0,0,0,0,0,0,0,0
15592138,497,32,2,0,0,0,0,0,0,0,0,0,0,0,0,0
15601091,498,32,2,0,0,0,0,0,0,0,0,0,0,0,0,0
15610044,499,32,2,0,0,0,0,0,0,0,0,0,0,0,0,0
15618997,500,48,2,0,0,0,0,0,0,0,0,0,0,0,0,0
15629680,501,32,2,0,0,0,0,0,0,0,0,0,0,0,0,0
15638633,502,32,2,0,0,0,0,0,0,0,0,0,0,0,0,0
15647585,503,32,2,0,0,0,0,0,0,0,0,0,0,0,0,0
15656538,504,32,2,0,0,0,0,0,0,0,0,0,0,0,0,0
15665491,505,48,2,0,0,0,0,0,0,0,0,0,0,0,0,0
15676173,506,32,2,0,0,0,0,0,0,0,0,0,0,0,0,0
15685126,507,32,2,0,0,0,0,0,0,0,0,0,0,0,0,0
15694079,508,32,2,0,0,0,0,0,0,0,0,0,0,0,0,0
15703032,509,32,2,0,0,0,0,0,0,0,0,0,0,0,0,0
15711985,510,48,2,0,0,0,0,0,0,0,0,0,0,0,0,0
15737027,511,32,2,0,0,0,0,0,0,0,0,0,0,0,0,0
15745968,512,32,2,0,0,0,0,0,0,0,0,0,0,0,0,0
15754921,513,32,2,0,0,0,0,0,0,0,0,0,0,0,0,0
15763874,514,32,2,0,0,0,0,0,0,0,0,0,0,0,0,0
15772827,515,48,2,0,0,0,0,0,0,0,0,0,0,0,0,0
15783509,516,32,2,0,0,0,0,0,0,0,0,0,0,0,0,0
15792462,517,32,2,0,0,0,0,0,0,0,0,0,0,0,0,0
15801415,518,32,2,0,0,0,0,0,0,0,0,0,0,0,0,0
15810369,519,32,2,0,0,0,0,0,0,0,0,0,0,0,0,0
15819321,520,48,2,0,0,0,0,0,0,0,0,0,0,0,0,0
15830004,521,32,2,0,0,0,0,0,0,0,0,0,0,0,0,0
15838956,522,32,2,0,0,0,0,0,0,0,0,0,0,0,0,0
15847910,523,32,2,0,0,0,0,0,0,0,0,0,0,0,0,0
15856862,524,32,2,0,0,0,0,0,0,0,0,0,0,0,0,0
15865815,525,48,2,0,0,0,0,0,0,0,0,0,0,0,0,0
15876497,526,32,2,0,0,0,0,0,0,0,0,0,0,0,0,0
15885450,527,32,2,0,0,0,0,0,0,0,0,0,0,0,0,0
15894404,528,32,2,0,0,0,0,0,0,0,0,0,0,0,0,0
15903356,529,32,2,0,0,0,0,0,0,0,0,0,0,0,0,0
15912309,530,48,2,0,0,0,0,0,0,0,0,0,0,0,0,0
15922991,531,32,2,0,0,0,0,0,0,0,0,0,0,0,0,0
15931944,532,32,2,0,0,0,0,0,0,0,0,0,0,0,0,0
15940897,533,32,2,0,0,0,0,0,0,0,0,0,0,0,0,0
15949850,534,32,2,0,0,0,0,0,0,0,0,0,0,0,0,0
15958803,535,48,2,0,0,0,0,0,0,0,0,0,0,0,0,0
15969499,536,32,2,0,0,0,0,0,0,0,0,0,0,0,0,0
15978440,537,32,2,0,0,0,0,0,0,0,0,0,0,0,0,0
15987393,538,32,2,0,0,0,0,0,0,0,0,0,0,0,0,0
15996347,539,32,2,0,0,0,0,0,0,0,0,0,0,0,0,0
16005299,540,48,2,0,0,0,0,0,0,0,0,0,0,0,0,0
16015981,541,32,2,0,0,0,0,0,0,0,0,0,0,0,0,0
16024934,542,32,2,0,0,0,0,0,0,0,0,0,0,0,0,0
16033888,543,32,2,0,0,0,0,0,0,0,0,0,0,0,0,0
16042840,544,32,2,0,0,0,0,0,0,0,0,0,0,0,0,0
16051793,545,48,2,0,0,0,0,0,0,0,0,0,0,0,0,0
16062475,546,32,2,0,0,0,0,0,0,0,0,0,0,0,0,0
16071428,547,32,2,0,0,0,0,0,0,0,0,0,0,0,0,0
16080381,548,32,2,0,0,0,0,0,0,0,0,0,0,0,0,0
16089334,549,32,2,0,0,0,0,0,0,0,0,0,0,0,0,0
16098288,550,48,2,0,0,0,0,0,0,0,0,0,0,0,0,0
16108970,551,32,2,0,0,0,0,0,0,0,0,0,0,0,0,0
16117922,552,32,2,0,0,0,0,0,0,0,0,0,0,0,0,0
16126875,553,32,2,0,0,0,0,0,0,0,0,0,0,0,0,0
16135829,554,32,2,0,0,0,0,0,0,0,0,0,0,0,0,0
16144781,555,48,2,0,0,0,0,0,0,0,0,0,0,0,0,0
16155463,556,32,2,0,0,0,0,0,0,0,0,0,0,0,0,0
16164416,557,32,2,0,0,0,0,0,0,0,0,0,0,0,0,0
16173369,558,32,2,0,0,0,0,0,0,0,0,0,0,0,0,0
16182323,559,32,2,0,0,0,0,0,0,0,0,0,0,0,0,0
16191275,560,48,2,0,0,0,0,0,0,0,0,0,0,0,0,0
16201957,561,32,2,0,0,0,0,0,0,0,0,0,0,0,0,0
16210910,562,32,2,0,0,0,0,0,0,0,0,0,0,0,0,0
16219863,563,32,2,0,0,0,0,0,0,0,0,0,0,0,0,0
16228816,564,32,2,0,0,0,0,0,0,0,0,0,0,0,0,0
16237769,565,48,2,0,0,0,0,0,0,0,0,0,0,0,0,0
16248451,566,32,2,0,0,0,0,0,0,0,0,0,0,0,0,0
16257404,567,32,2,0,0,0,0,0,0,0,0,0,0,0,0,0
16266357,568,32,2,0,0,0,0,0,0,0,0,0,0,0,0,0
16275310,569,32,2,0,0,0,0,0,0,0,0,0,0,0,0,0
16284263,570,48,2,0,0,0,0,0,0,0,0,0,0,0,0,0
16294945,571,32,2,0,0,0,0,0,0,0,0,0,0,0,0,0
16303898,572,32,2,0,0,0,0,0,0,0,0,0,0,0,0,0
16312851,573,32,2,0,0,0,0,0,0,0,0,0,0,0,0,0
16321804,574,32,2,0,0,0,0,0,0,0,0,0,0,0,0,0
16330757,575,48,2,0,0,0,0,0,0,0,0,0,0,0,0,0
16341439,576,32,2,0,0,0,0,0,0,0,0,0,0,0,0,0
16350392,577,32,2,0,0,0,0,0,0,0,0,0,0,0,0,0
16359345,578,32,2,0,0,0,0,0,0,0,0,0,0,0,0,0
16368298,579,32,2,0,0,0,0,0,0,0,0,0,0,0,0,0
16377252,580,48,2,0,0,0,0,0,0,0,0,0,0,0,0,0
16387933,581,32,2,0,0,0,0,0,0,0,0,0,0,0,0,0
16396886,582,32,2,0,0,0,0,0,0,0,0,0,0,0,0,0
16405840,583,32,2,0,0,0,0,0,0,0,0,0,0,0,0,0
16414793,584,32,2,0,0,0,0,0,0,0,0,0,0,0,0,0
16423745,585,48,2,0,0,0,0,0,0,0,0,0,0,0,0,0
16434427,586,32,2,0,0,0,0,0,0,0,0,0,0,0,0,0
16443380,587,32,2,0,0,0,0,0,0,0,0,0,0,0,0,0
16452334,588,32,2,0,0,0,0,0,0,0,0,0,0,0,0,0
16461286,589,32,2,0,0,0,0,0,0,0,0,0,0,0,0,0
16470239,590,48,2,0,0,0,0,0,0,0,0,0,0,0,0,0
16480921,591,32,2,0,0,0,0,0,0,0,0,0,0,0,0,0
16489874,592,32,2,0,0,0,0,0,0,0,0,0,0,0,0,0
16498827,593,32,2,0,0,0,0,0,0,0,0,0,0,0,0,0
16507780,594,32,2,0,0,0,0,0,0,0,0,0,0,0,0,0
16516733,595,48,2,0,0,0,0,0,0,0,0,0,0,0,0,0
16527415,596,32,2,0,0,0,0,0,0,0,0,0,0,0,0,0
16536369,597,32,2,0,0,0,0,0,0,0,0,0,0,0,0,0
16545321,598,32,2,0,0,0,0,0,0,0,0,0,0,0,0,0
16554274,599,32,2,0,0,0,0,0,0,0,0,0,0,0,0,0
16563227,600,48,2,0,0,0,0,0,0,0,0,0,0,0,0,0
16573910,601,32,2,0,0,0,0,0,0,0,0,0,0,0,0,0
16582862,602,32,2,0,0,0,0,0,0,0,0,0,0,0,0,0
16591816,603,32,2,0,0,0,0,0,0,0,0,0,0,0,0,0
16600768,604,32,2,0,0,0,0,0,0,0,0,0,0,0,0,0
16609721,605,48,2,0,0,0,0,0,0,0,0,0,0,0,0,0
16620403,606,32,2,0,0,0,0,0,0,0,0,0,0,0,0,0
16629357,607,32,2,0,0,0,0,0,0,0,0,0,0,0,0,0
16638309,608,32,2,0,0,0,0,0,0,0,0,0,0,0,0,0
16647262,609,32,2,0,0,0,0,0,0,0,0,0,0,0,0,0
16656215,610,48,2,0,0,0,0,0,0,0,0,0,0,0,0,0
16666897,611,32,2,0,0,0,0,0,0,0,0,0,0,0,0,0
16675850,612,32,2,0,0,0,0,0,0,0,0,0,0,0,0,0
16684803,613,32,2,0,0,0,0,0,0,0,0,0,0,0,0,0
16693756,614,32,2,0,0,0,0,0,0,0,0,0,0,0,0,0
16702710,615,48,2,0,0,0,0,0,0,0,0,0,0,0,0,0
16713391,616,32,2,0,0,0,0,0,0,0,0,0,0,0,0,0
16722344,617,32,2,0,0,0,0,0,0,0,0,0,0,0,0,0
16731297,618,32,2,0,0,0,0,0,0,0,0,0,0,0,0,0
16740251,619,32,2,0,0,0,0,0,0,0,0,0,0,0,0,0
16749203,620,48,2,0,0,0,0,0,0,0,0,0,0,0,0,0
16759885,621,32,2,0,0,0,0,0,0,0,0,0,0,0,0,0
16768838,622,32,2,0,0,0,0,0,0,0,0,0,0,0,0,0
16777792,623,32,2,0,0,0,0,0,0,0,0,0,0,0,0,0
16786744,624,32,2,0,0,0,0,0,0,0,0,0,0,0,0,0
16795697,625,48,2,0,0,0,0,0,0,0,0,0,0,0,0,0
16806379,626,32,2,0,0,0,0,0,0,0,0,0,0,0,0,0
16815332,627,32,2,0,0,0,0,0,0,0,0,0,0,0,0,0
16824286,628,32,2,0,0,0,0,0,0,0,0,0,0,0,0,0
16833238,629,32,2,0,0,0,0,0,0,0,0,0,0,0,0,0
16842191,630,48,2,0,0,0,0,0,0,0,0,0,0,0,0,0
16852873,631,32,2,0,0,0,0,0,0,0,0,0,0,0,0,0
16861826,632,32,2,0,0,0,0,0,0,0,0,0,0,0,0,0
16870779,633,32,2,0,0,0,0,0,0,0,0,0,0,0,0,0
16879732,634,32,2,0,0,0,0,0,0,0,0,0,0,0,0,0
16888685,635,48,2,0,0,0,0,0,0,0,0,0,0,0,0,0
16899367,636,32,2,0,0,0,0,0,0,0,0,0,0,0,0,0
16908320,637,32,2,0,0,0,0,0,0,0,0,0,0,0,0,0
16917273,638,32,2,0,0,0,0,0,0,0,0,0,0,0,0,0
16926226,639,32,2,0,0,0,0,0,0,0,0,0,0,0,0,0
16935179,640,48,2,0,0,0,0,0,0,0,0,0,0,0,0,0
16945861,641,32,2,0,0,0,0,0,0,0,0,0,0,0,0,0
16954814,642,32,2,0,0,0,0,0,0,0,0,0,0,0,0,0
16963767,643,32,2,0,0,0,0,0,0,0,0,0,0,0,0,0
16972721,644,32,2,0,0,0,0,0,0,0,0,0,0,0,0,0
16981673,645,48,2,0,0,0,0,0,0,0,0,0,0,0,0,0
16992355,646,32,2,0,0,0,0,0,0,0,0,0,0,0,0,0
17001308,647,32,2,0,0,0,0,0,0,0,0,0,0,0,0,0
17010261,648,32,2,0,0,0,0,0,0,0,0,0,0,0,0,0
17019215,649,32,2,0,0,0,0,0,0,0,0,0,0,0,0,0
17028167,650,48,2,0,0,0,0,0,0,0,0,0,0,0,0,0
17038850,651,32,2,0,0,0,0,0,0,0,0,0,0,0,0,0
17047803,652,32,2,0,0,0,0,0,0,0,0,0,0,0,0,0
17056755,653,32,2,0,0,0,0,0,0,0,0,0,0,0,0,0
17065708,654,32,2,0,0,0,0,0,0,0,0,0,0,0,0,0
17074661,655,48,2,0,0,0,0,0,0,0,0,0,0,0,0,0
17085343,656,32,2,0,0,0,0,0,0,0,0,0,0,0,0,0
17094296,657,32,2,0,0,0,0,0,0,0,0,0,0,0,0,0
17103249,658,32,2,0,0,0,0,0,0,0,0,0,0,0,0,0
17112202,659,32,2,0,0,0,0,0,0,0,0,0,0,0,0,0
17121155,660,48,2,0,0,0,0,0,0,0,0,0,0,0,0,0
17131837,661,32,2,0,0,0,0,0,0,0,0,0,0,0,0,0
17140790,662,32,2,0,0,0,0,0,0,0,0,0,0,0,0,0
17149743,663,32,2,0,0,0,0,0,0,0,0,0,0,0,0,0
17158696,664,32,2,0,0,0,0,0,0,0,0,0,0,0,0,0
17167649,665,48,2,0,0,0,0,0,0,0,0,0,0,0,0,0
17178331,666,32,2,0,0,0,0,0,0,0,0,0,0,0,0,0
17187284,667,32,2,0,0,0,0,0,0,0,0,0,0,0,0,0
17196237,668,32,2,0,0,0,0,0,0,0,0,0,0,0,0,0
17205190,669,32,2,0,0,0,0,0,0,0,0,0,0,0,0,0
17214143,670,48,2,0,0,0,0,0,0,0,0,0,0,0,0,0
17224825,671,32,2,0,0,0,0,0,0,0,0,0,0,0,0,0
17233778,672,32,2,0,0,0,0,0,0,0,0,0,0,0,0,0
17242731,673,32,2,0,0,0,0,0,0,0,0,0,0,0,0,0
17251684,674,32,2,0,0,0,0,0,0,0,0,0,0,0,0,0
17260637,675,48,2,0,0,0,0,0,0,0,0,0,0,0,0,0
17271319,676,32,2,0,0,0,0,0,0,0,0,0,0,0,0,0
17280273,677,32,2,0,0,0,0,0,0,0,0,0,0,0,0,0
17289225,678,32,2,0,0,0,0,0,0,0,0,0,0,0,0,0
17298178,679,32,2,0,0,0,0,0,0,0,0,0,0,0,0,0
17307131,680,48,2,0,0,0,0,0,0,0,0,0,0,0,0,0
17325812,681,32,2,0,0,0,0,0,0,0,0,0,0,0,0,0
17334752,682,32,2,0,0,0,0,0,0,0,0,0,0,0,0,0
17343705,683,32,2,0,0,0,0,0,0,0,0,0,0,0,0,0
17352658,684,32,2,0,0,0,0,0,0,0,0,0,0,0,0,0
17361611,685,48,2,0,0,0,0,0,0,0,0,0,0,0,0,0
17372293,686,32,2,0,0,0,0,0,0,0,0,0,0,0,0,0
17381247,687,32,2,0,0,0,0,0,0,0,0,0,0,0,0,0
17390199,688,32,2,0,0,0,0,0,0,0,0,0,0,0,0,0
17399152,689,32,2,0,0,0,0,0,0,0,0,0,0,0,0,0
17408105,690,48,2,0,0,0,0,0,0,0,0,0,0,0,0,0
17418788,691,32,2,0,0,0,0,0,0,0,0,0,0,0,0,0
17427740,692,32,2,0,0,0,0,0,0,0,0,0,0,0,0,0
17436693,693,32,2,0,0,0,0,0,0,0,0,0,0,0,0,0
17445646,694,32,2,0,0,0,0,0,0,0,0,0,0,0,0,0
17454599,695,48,2,0,0,0,0,0,0,0,0,0,0,0,0,0
17465281,696,32,2,0,0,0,0,0,0,0,0,0,0,0,0,0
17474234,697,32,2,0,0,0,0,0,0,0,0,0,0,0,0,0
17483187,698,32,2,0,0,0,0,0,0,0,0,0,0,0,0,0
17492140,699,32,2,0,0,0,0,0,0,0,0,0,0,0,0,0
17501093,700,48,2,0,0,0,0,0,0,0,0,0,0,0,0,0
17511776,701,32,2,0,0,0,0,0,0,0,0,0,0,0,0,0
17520728,702,32,2,0,0,0,0,0,0,0,0,0,0,0,0,0
17529681,703,32,2,0,0,0,0,0,0,0,0,0,0,0,0,0
17538634,704,32,2,0,0,0,0,0,0,0,0,0,0,0,0,0
17547587,705,48,2,0,0,0,0,0,0,0,0,0,0,0,0,0
17558269,706,32,2,0,0,0,0,0,0,0,0,0,0,0,0,0
17567222,707,32,2,0,0,0,0,0,0,0,0,0,0,0,0,0
17576175,708,32,2,0,0,0,0,0,0,0,0,0,0,0,0,0
17585128,709,32,2,0,0,0,0,0,0,0,0,0,0,0,0,0
17594081,710,48,2,0,0,0,0,0,0,0,0,0,0,0,0,0
17604763,711,32,2,0,0,0,0,0,0,0,0,0,0,0,0,0
17613716,712,32,2,0,0,0,0,0,0,0,0,0,0,0,0,0
17622669,713,32,2,0,0,0,0,0,0,0,0,0,0,0,0,0
17631622,714,32,2,0,0,0,0,0,0,0,0,0,0,0,0,0
17640575,715,48,2,0,0,0,0,0,0,0,0,0,0,0,0,0
17651257,716,32,2,0,0,0,0,0,0,0,0,0,0,0,0,0
17660210,717,32,2,0,0,0,0,0,0,0,0,0,0,0,0,0
17669163,718,32,2,0,0,0,0,0,0,0,0,0,0,0,0,0
17678116,719,32,2,0,0,0,0,0,0,0,0,0,0,0,0,0
17687069,720,48,2,0,0,0,0,0,0,0,0,0,0,0,0,0
17697752,721,32,2,0,0,0,0,0,0,0,0,0,0,0,0,0
17706704,722,32,2,0,0,0,0,0,0,0,0,0,0,0,0,0
17715657,723,32,2,0,0,0,0,0,0,0,0,0,0,0,0,0
17724610,724,32,2,0,0,0,0,0,0,0,0,0,0,0,0,0
17733563,725,48,2,0,0,0,0,0,0,0,0,0,0,0,0,0
17744245,726,32,2,0,0,0,0,0,0,0,0,0,0,0,0,0
17753198,727,32,2,0,0,0,0,0,0,0,0,0,0,0,0,0
17762151,728,32,2,0,0,0,0,0,0,0,0,0,0,0,0,0
17771104,729,32,2,0,0,0,0,0,0,0,0,0,0,0,0,0
17780057,730,48,2,0,0,0,0,0,0,0,0,0,0,0,0,0
17790739,731,32,2,0,0,0,0,0,0,0,0,0,0,0,0,0
17799692,732,32,2,0,0,0,0,0,0,0,0,0,0,0,0,0
17808645,733,32,2,0,0,0,0,0,0,0,0,0,0,0,0,0
17817598,734,32,2,0,0,0,0,0,0,0,0,0,0,0,0,0
17826552,735,48,2,0,0,0,0,0,0,0,0,0,0,0,0,0
17837233,736,32,2,0,0,0,0,0,0,0,0,0,0,0,0,0
17846186,737,32,2,0,0,0,0,0,0,0,0,0,0,0,0,0
17855139,738,32,2,0,0,0,0,0,0,0,0,0,0,0,0,0
17864092,739,32,2,0,0,0,0,0,0,0,0,0,0,0,0,0
17873045,740,48,2,0,0,0,0,0,0,0,0,0,0,0,0,0
17883727,741,32,2,0,0,0,0,0,0,0,0,0,0,0,0,0
17892680,742,32,2,0,0,0,0,0,0,0,0,0,0,0,0,0
17901633,743,32,2,0,0,0,0,0,0,0,0,0,0,0,0,0
17910586,744,32,2,0,0,0,0,0,0,0,0,0,0,0,0,0
17919539,745,48,2,0,0,0,0,0,0,0,0,0,0,0,0,0
17930221,746,32,2,0,0,0,0,0,0,0,0,0,0,0,0,0
17939174,747,32,2,0,0,0,0,0,0,0,0,0,0,0,0,0
17948127,748,32,2,0,0,0,0,0,0,0,0,0,0,0,0,0
17957080,749,32,2,0,0,0,0,0,0,0,0,0,0,0,0,0
17966033,750,48,2,0,0,0,0,0,0,0,0,0,0,0,0,0
17976716,751,32,2,0,0,0,0,0,0,0,0,0,0,0,0,0
17985668,752,32,2,0,0,0,0,0,0,0,0,0,0,0,0,0
17994621,753,32,2,0,0,0,0,0,0,0,0,0,0,0,0,0
18003574,754,32,2,0,0,0,0,0,0,0,0,0,0,0,0,0
18012527,755,48,2,0,0,0,0,0,0,0,0,0,0,0,0,0
18023209,756,32,2,0,0,0,0,0,0,0,0,0,0,0,0,0
18032162,757,32,2,0,0,0,0,0,0,0,0,0,0,0,0,0
18041115,758,32,2,0,0,0,0,0,0,0,0,0,0,0,0,0
18050068,759,32,2,0,0,0,0,0,0,0,0,0,0,0,0,0
18059021,760,48,2,0,0,0,0,0,0,0,0,0,0,0,0,0
18069703,761,32,2,0,0,0,0,0,0,0,0,0,0,0,0,0
18078656,762,32,2,0,0,0,0,0,0,0,0,0,0,0,0,0
18087609,763,32,2,0,0,0,0,0,0,0,0,0,0,0,0,0
18096562,764,32,2,0,0,0,0,0,0,0,0,0,0,0,0,0
18105515,765,48,2,0,0,0,0,0,0,0,0,0,0,0,0,0
18116197,766,32,2,0,0,0,0,0,0,0,0,0,0,0,0,0
18125150,767,32,2,0,0,0,0,0,0,0,0,0,0,0,0,0
18134103,768,32,2,0,0,0,0,0,0,0,0,0,0,0,0,0
18143056,769,32,2,0,0,0,0,0,0,0,0,0,0,0,0,0
18152009,770,48,2,0,0,0,0,0,0,0,0,0,0,0,0,0
18162691,771,32,2,0,0,0,0,0,0,0,0,0,0,0,0,0
18171644,772,32,2,0,0,0,0,0,0,0,0,0,0,0,0,0
18180597,773,32,2,0,0,0,0,0,0,0,0,0,0,0,0,0
18189550,774,32,2,0,0,0,0,0,0,0,0,0,0,0,0,0
18198503,775,48,2,0,0,0,0,0,0,0,0,0,0,0,0,0
18209185,776,32,2,0,0,0,0,0,0,0,0,0,0,0,0,0
18218138,777,32,2,0,0,0,0,0,0,0,0,0,0,0,0,0
18227091,778,32,2,0,0,0,0,0,0,0,0,0,0,0,0,0
18236044,779,32,2,0,0,0,0,0,0,0,0,0,0,0,0,0
18244997,780,48,2,0,0,0,0,0,0,0,0,0,0,0,0,0
18255680,781,32,2,0,0,0,0,0,0,0,0,0,0,0,0,0
18264633,782,32,2,0,0,0,0,0,0,0,0,0,0,0,0,0
18273585,783,32,2,0,0,0,0,0,0,0,0,0,0,0,0,0
18282538,784,32,2,0,0,0,0,0,0,0,0,0,0,0,0,0
18291491,785,48,2,0,0,0,0,0,0,0,0,0,0,0,0,0
18302173,786,32,2,0,0,0,0,0,0,0,0,0,0,0,0,0
18311126,787,32,2,0,0,0,0,0,0,0,0,0,0,0,0,0
18320079,788,32,2,0,0,0,0,0,0,0,0,0,0,0,0,0
18329032,789,32,2,0,0,0,0,0,0,0,0,0,0,0,0,0
18337985,790,48,2,0,0,0,0,0,0,0,0,0,0,0,0,0
18348668,791,32,2,0,0,0,0,0,0,0,0,0,0,0,0,0
18357620,792,32,2,0,0,0,0,0,0,0,0,0,0,0,0,0
18366573,793,32,2,0,0,0,0,0,0,0,0,0,0,0,0,0
18375526,794,32,2,0,0,0,0,0,0,0,0,0,0,0,0,0
18384479,795,48,2,0,0,0,0,0,0,0,0,0,0,0,0,0
18395161,796,32,2,0,0,0,0,0,0,0,0,0,0,0,0,0
18404114,797,32,2,0,0,0,0,0,0,0,0,0,0,0,0,0
18413067,798,32,2,0,0,0,0,0,0,0,0,0,0,0,0,0
18422020,799,32,2,0,0,0,0,0,0,0,0,0,0,0,0,0
18430974,800,48,2,0,0,0,0,0,0,0,0,0,0,0,0,0
18441656,801,32,2,0,0,0,0,0,0,0,0,0,0,0,0,0
18450608,802,32,2,0,0,0,0,0,0,0,0,0,0,0,0,0
18459561,803,32,2,0,0,0,0,0,0,0,0,0,0,0,0,0
18468515,804,32,2,0,0,0,0,0,0,0,0,0,0,0,0,0
18477467,805,48,2,0,0,0,0,0,0,0,0,0,0,0,0,0
18488149,806,32,2,0,0,0,0,0,0,0,0,0,0,0,0,0
18497102,807,32,2,0,0,0,0,0,0,0,0,0,0,0,0,0
18506055,808,32,2,0,0,0,0,0,0,0,0,0,0,0,0,0
18515008,809,32,2,0,0,0,0,0,0,0,0,0,0,0,0,0
18523961,810,48,2,0,0,0,0,0,0,0,0,0,0,0,0,0
18534644,811,32,2,0,0,0,0,0,0,0,0,0,0,0,0,0
18543596,812,32,2,0,0,0,0,0,0,0,0,0,0,0,0,0
18552549,813,32,2,0,0,0,0,0,0,0,0,0,0,0,0,0
18561502,814,32,2,0,0,0,0,0,0,0,0,0,0,0,0,0
18570455,815,48,2,0,0,0,0,0,0,0,0,0,0,0,0,0
18581137,816,32,2,0,0,0,0,0,0,0,0,0,0,0,0,0
18590090,817,32,2,0,0,0,0,0,0,0,0,0,0,0,0,0
18599043,818,32,2,0,0,0,0,0,0,0,0,0,0,0,0,0
18607996,819,32,2,0,0,0,0,0,0,0,0,0,0,0,0,0
18616949,820,48,2,0,0,0,0,0,0,0,0,0,0,0,0,0
18627632,821,32,2,0,0,0,0,0,0,0,0,0,0,0,0,0
18636584,822,32,2,0,0,0,0,0,0,0,0,0,0,0,0,0
18645537,823,32,2,0,0,0,0,0,0,0,0,0,0,0,0,0
18654490,824,32,2,0,0,0,0,0,0,0,0,0,0,0,0,0
18663444,825,48,2,0,0,0,0,0,0,0,0,0,0,0,0,0
18674125,826,32,2,0,0,0,0,0,0,0,0,0,0,0,0,0
18683078,827,32,2,0,0,0,0,0,0,0,0,0,0,0,0,0
18692031,828,32,2,0,0,0,0,0,0,0,0,0,0,0,0,0
18700984,829,32,2,0,0,0,0,0,0,0,0,0,0,0,0,0
18709937,830,48,2,0,0,0,0,0,0,0,0,0,0,0,0,0
18720620,831,32,2,0,0,0,0,0,0,0,0,0,0,0,0,0
18729572,832,32,2,0,0,0,0,0,0,0,0,0,0,0,0,0
18738525,833,32,2,0,0,0,0,0,0,0,0,0,0,0,0,0
18747478,834,32,2,0,0,0,0,0,0,0,0,0,0,0,0,0
18756431,835,48,2,0,0,0,0,0,0,0,0,0,0,0,0,0
18767113,836,32,2,0,0,0,0,0,0,0,0,0,0,0,0,0
18776066,837,32,2,0,0,0,0,0,0,0,0,0,0,0,0,0
18785019,838,32,2,0,0,0,0,0,0,0,0,0,0,0,0,0
18793972,839,32,2,0,0,0,0,0,0,0,0,0,0,0,0,0
18802925,840,48,2,0,0,0,0,0,0,0,0,0,0,0,0,0
18813608,841,32,2,0,0,0,0,0,0,0,0,0,0,0,0,0
18822561,842,32,2,0,0,0,0,0,0,0,0,0,0,0,0,0
18831513,843,32,2,0,0,0,0,0,0,0,0,0,0,0,0,0
18840466,844,32,2,0,0,0,0,0,0,0,0,0,0,0,0,0
18849419,845,48,2,0,0,0,0,0,0,0,0,0,0,0,0,0
18860101,846,32,2,0,0,0,0,0,0,0,0,0,0,0,0,0
18869054,847,32,2,0,0,0,0,0,0,0,0,0,0,0,0,0
18878007,848,32,2,0,0,0,0,0,0,0,0,0,0,0,0,0
18886960,849,32,2,0,0,0,0,0,0,0,0,0,0,0,0,0
18895913,850,48,2,0,0,0,0,0,0,0,0,0,0,0,0,0
18920337,851,32,2,0,0,0,0,0,0,0,0,0,0,0,0,0
18929279,852,32,2,0,0,0,0,0,0,0,0,0,0,0,0,0
18938231,853,32,2,0,0,0,0,0,0,0,0,0,0,0,0,0
18947184,854,32,2,0,0,0,0,0,0,0,0,0,0,0,0,0
18956137,855,48,2,0,0,0,0,0,0,0,0,0,0,0,0,0
18966819,856,32,2,0,0,0,0,0,0,0,0,0,0,0,0,0
18975772,857,32,2,0,0,0,0,0,0,0,0,0,0,0,0,0
18984725,858,32,2,0,0,0,0,0,0,0,0,0,0,0,0,0
18993678,859,32,2,0,0,0,0,0,0,0,0,0,0,0,0,0
19002631,860,48,2,0,0,0,0,0,0,0,0,0,0,0,0,0
19013313,861,32,2,0,0,0,0,0,0,0,0,0,0,0,0,0
19022267,862,32,2,0,0,0,0,0,0,0,0,0,0,0,0,0
19031219,863,32,2,0,0,0,0,0,0,0,0,0,0,0,0,0
19040172,864,32,2,0,0,0,0,0,0,0,0,0,0,0,0,0
19049125,865,48,2,0,0,0,0,0,0,0,0,0,0,0,0,0
19059807,866,32,2,0,0,0,0,0,0,0,0,0,0,0,0,0
19068760,867,32,2,0,0,0,0,0,0,0,0,0,0,0,0,0
19077713,868,32,2,0,0,0,0,0,0,0,0,0,0,0,0,0
19086666,869,32,2,0,0,0,0,0,0,0,0,0,0,0,0,0
19095619,870,48,2,0,0,0,0,0,0,0,0,0,0,0,0,0
19106302,871,32,2,0,0,0,0,0,0,0,0,0,0,0,0,0
19115254,872,32,2,0,0,0,0,0,0,0,0,0,0,0,0,0
19124207,873,32,2,0,0,0,0,0,0,0,0,0,0,0,0,0
19133160,874,32,2,0,0,0,0,0,0,0,0,0,0,0,0,0
19142113,875,48,2,0,0,0,0,0,0,0,0,0,0,0,0,0
19152795,876,32,2,0,0,0,0,0,0,0,0,0,0,0,0,0
19161748,877,32,2,0,0,0,0,0,0,0,0,0,0,0,0,0
19170701,878,32,2,0,0,0,0,0,0,0,0,0,0,0,0,0
19179654,879,32,2,0,0,0,0,0,0,0,0,0,0,0,0,0
19188607,880,48,2,0,0,0,0,0,0,0,0,0,0,0,0,0
19199290,881,32,2,0,0,0,0,0,0,0,0,0,0,0,0,0
19208242,882,32,2,0,0,0,0,0,0,0,0,0,0,0,0,0
19217195,883,32,2,0,0,0,0,0,0,0,0,0,0,0,0,0
19226148,884,32,2,0,0,0,0,0,0,0,0,0,0,0,0,0
19235101,885,48,2,0,0,0,0,0,0,0,0,0,0,0,0,0
19245783,886,32,2,0,0,0,0,0,0,0,0,0,0,0,0,0
19254737,887,32,2,0,0,0,0,0,0,0,0,0,0,0,0,0
19263689,888,32,2,0,0,0,0,0,0,0,0,0,0,0,0,0
19272642,889,32,2,0,0,0,0,0,0,0,0,0,0,0,0,0
19281595,890,48,2,0,0,0,0,0,0,0,0,0,0,0,0,0
19292278,891,32,2,0,0,0,0,0,0,0,0,0,0,0,0,0
19301230,892,32,2,0,0,0,0,0,0,0,0,0,0,0,0,0
19310183,893,32,2,0,0,0,0,0,0,0,0,0,0,0,0,0
19319136,894,32,2,0,0,0,0,0,0,0,0,0,0,0,0,0
19328089,895,48,2,0,0,0,0,0,0,0,0,0,0,0,0,0
19338771,896,32,2,0,0,0,0,0,0,0,0,0,0,0,0,0
19347724,897,32,2,0,0,0,0,0,0,0,0,0,0,0,0,0
19356677,898,32,2,0,0,0,0,0,0,0,0,0,0,0,0,0
19365630,899,32,2,0,0,0,0,0,0,0,0,0,0,0,0,0
19374583,900,48,2,0,0,0,0,0,0,0,0,0,0,0,0,0
19385266,901,32,2,0,0,0,0,0,0,0,0,0,0,0,0,0
19394218,902,32,2,0,0,0,0,0,0,0,0,0,0,0,0,0
19403171,903,32,2,0,0,0,0,0,0,0,0,0,0,0,0,0
19412124,904,32,2,0,0,0,0,0,0,0,0,0,0,0,0,0
19421077,905,48,2,0,0,0,0,0,0,0,0,0,0,0,0,0
19431759,906,32,2,0,0,0,0,0,0,0,0,0,0,0,0,0
19440712,907,32,2,0,0,0,0,0,0,0,0,0,0,0,0,0
19449665,908,32,2,0,0,0,0,0,0,0,0,0,0,0,0,0
19458618,909,32,2,0,0,0,0,0,0,0,0,0,0,0,0,0
19467572,910,48,2,0,0,0,0,0,0,0,0,0,0,0,0,0
19478254,911,32,2,0,0,0,0,0,0,0,0,0,0,0,0,0
19487206,912,32,2,0,0,0,0,0,0,0,0,0,0,0,0,0
19496159,913,32,2,0,0,0,0,0,0,0,0,0,0,0,0,0
19505112,914,32,2,0,0,0,0,0,0,0,0,0,0,0,0,0
19514065,915,48,2,0,0,0,0,0,0,0,0,0,0,0,0,0
19524747,916,32,2,0,0,0,0,0,0,0,0,0,0,0,0,0
19533700,917,32,2,0,0,0,0,0,0,0,0,0,0,0,0,0
19542653,918,32,2,0,0,0,0,0,0,0,0,0,0,0,0,0
19551606,919,32,2,0,0,0,0,0,0,0,0,0,0,0,0,0
19560559,920,48,2,0,0,0,0,0,0,0,0,0,0,0,0,0
19571241,921,32,2,0,0,0,0,0,0,0,0,0,0,0,0,0
19580194,922,32,2,0,0,0,0,0,0,0,0,0,0,0,0,0
19589147,923,32,2,0,0,0,0,0,0,0,0,0,0,0,0,0
19598100,924,32,2,0,0,0,0,0,0,0,0,0,0,0,0,0
19607053,925,48,2,0,0,0,0,0,0,0,0,0,0,0,0,0
19617735,926,32,2,0,0,0,0,0,0,0,0,0,0,0,0,0
19626688,927,32,2,0,0,0,0,0,0,0,0,0,0,0,0,0
19635641,928,32,2,0,0,0,0,0,0,0,0,0,0,0,0,0
19644594,929,32,2,0,0,0,0,0,0,0,0,0,0,0,0,0
19653547,930,48,2,0,0,0,0,0,0,0,0,0,0,0,0,0
19664230,931,32,2,0,0,0,0,0,0,0,0,0,0,0,0,0
19673182,932,32,2,0,0,0,0,0,0,0,0,0,0,0,0,0
19682135,933,32,2,0,0,0,0,0,0,0,0,0,0,0,0,0
19691088,934,32,2,0,0,0,0,0,0,0,0,0,0,0,0,0
19700041,935,48,2,0,0,0,0,0,0,0,0,0,0,0,0,0
19710723,936,32,2,0,0,0,0,0,0,0,0,0,0,0,0,0
19719676,937,32,2,0,0,0,0,0,0,0,0,0,0,0,0,0
19728629,938,32,2,0,0,0,0,0,0,0,0,0,0,0,0,0
19737582,939,32,2,0,0,0,0,0,0,0,0,0,0,0,0,0
19746536,940,48,2,0,0,0,0,0,0,0,0,0,0,0,0,0
19757218,941,32,2,0,0,0,0,0,0,0,0,0,0,0,0,0
19766170,942,32,2,0,0,0,0,0,0,0,0,0,0,0,0,0
19775123,943,32,2,0,0,0,0,0,0,0,0,0,0,0,0,0
19784076,944,32,2,0,0,0,0,0,0,0,0,0,0,0,0,0
19793029,945,48,2,0,0,0,0,0,0,0,0,0,0,0,0,0
19803711,946,32,2,0,0,0,0,0,0,0,0,0,0,0,0,0
19812664,947,32,2,0,0,0,0,0,0,0,0,0,0,0,0,0
19821618,948,32,2,0,0,0,0,0,0,0,0,0,0,0,0,0
19830570,949,32,2,0,0,0,0,0,0,0,0,0,0,0,0,0
19839523,950,48,2,0,0,0,0,0,0,0,0,0,0,0,0,0
19850205,951,32,2,0,0,0,0,0,0,0,0,0,0,0,0,0
19859158,952,32,2,0,0,0,0,0,0,0,0,0,0,0,0,0
19868111,953,32,2,0,0,0,0,0,0,0,0,0,0,0,0,0
19877064,954,32,2,0,0,0,0,0,0,0,0,0,0,0,0,0
19886017,955,48,2,0,0,0,0,0,0,0,0,0,0,0,0,0
19896699,956,32,2,0,0,0,0,0,0,0,0,0,0,0,0,0
19905652,957,32,2,0,0,0,0,0,0,0,0,0,0,0,0,0
19914605,958,32,2,0,0,0,0,0,0,0,0,0,0,0,0,0
19923558,959,32,2,0,0,0,0,0,0,0,0,0,0,0,0,0
19932511,960,48,2,0,0,0,0,0,0,0,0,0,0,0,0,0
19943194,961,32,2,0,0,0,0,0,0,0,0,0,0,0,0,0
19952146,962,32,2,0,0,0,0,0,0,0,0,0,0,0,0,0
19961099,963,32,2,0,0,0,0,0,0,0,0,0,0,0,0,0
19970052,964,32,2,0,0,0,0,0,0,0,0,0,0,0,0,0
19979005,965,48,2,0,0,0,0,0,0,0,0,0,0,0,0,0
19989687,966,32,2,0,0,0,0,0,0,0,0,0,0,0,0,0
19998640,967,32,2,0,0,0,0,0,0,0,0,0,0,0,0,0
20007593,968,32,2,0,0,0,0,0,0,0,0,0,0,0,0,0
20016546,969,32,2,0,0,0,0,0,0,0,0,0,0,0,0,0
20025499,970,48,2,0,0,0,0,0,0,0,0,0,0,0,0,0
20036182,971,32,2,0,0,0,0,0,0,0,0,0,0,0,0,0
20045134,972,32,2,0,0,0,0,0,0,0,0,0,0,0,0,0
20054087,973,32,2,0,0,0,0,0,0,0,0,0,0,0,0,0
20063040,974,32,2,0,0,0,0,0,0,0,0,0,0,0,0,0
20071993,975,48,2,0,0,0,0,0,0,0,0,0,0,0,0,0
20082675,976,32,2,0,0,0,0,0,0,0,0,0,0,0,0,0
20091628,977,32,2,0,0,0,0,0,0,0,0,0,0,0,0,0
20100581,978,32,2,0,0,0,0,0,0,0,0,0,0,0,0,0
20109534,979,32,2,0,0,0,0,0,0,0,0,0,0,0,0,0
20118487,980,48,2,0,0,0,0,0,0,0,0,0,0,0,0,0
20129170,981,32,2,0,0,0,0,0,0,0,0,0,0,0,0,0
20138122,982,32,2,0,0,0,0,0,0,0,0,0,0,0,0,0
20147075,983,32,2,0,0,0,0,0,0,0,0,0,0,0,0,0
20156028,984,32,2,0,0,0,0,0,0,0,0,0,0,0,0,0
20164981,985,48,2,0,0,0,0,0,0,0,0,0,0,0,0,0
20175663,986,32,2,0,0,0,0,0,0,0,0,0,0,0,0,0
20184616,987,32,2,0,0,0,0,0,0,0,0,0,0,0,0,0
20193569,988,32,2,0,0,0,0,0,0,0,0,0,0,0,0,0
20202522,989,32,2,0,0,0,0,0,0,0,0,0,0,0,0,0
20211475,990,48,2,0,0,0,0,0,0,0,0,0,0,0,0,0
20222158,991,32,2,0,0,0,0,0,0,0,0,0,0,0,0,0
20231110,992,32,2,0,0,0,0,0,0,0,0,0,0,0,0,0
20240063,993,32,2,0,0,0,0,0,0,0,0,0,0,0,0,0
20249016,994,32,2,0,0,0,0,0,0,0,0,0,0,0,0,0
20257970,995,48,2,0,0,0,0,0,0,0,0,0,0,0,0,0
20268651,996,32,2,0,0,0,0,0,0,0,0,0,0,0,0,0
20277604,997,32,2,0,0,0,0,0,0,0,0,0,0,0,0,0
20286557,998,32,2,0,0,0,0,0,0,0,0,0,0,0,0,0
20295510,999,32,2,0,0,0,0,0,0,0,0,0,0,0,0,0
20304463,1000,48,2,0,0,0,0,0,0,0,0,0,0,0,0,0
20315145,1001,32,2,0,0,0,0,0,0,0,0,0,0,0,0,0
20324098,1002,32,2,0,0,0,0,0,0,0,0,0,0,0,0,0
20333051,1003,32,2,0,0,0,0,0,0,0,0,0,0,0,0,0
20342004,1004,32,2,0,0,0,0,0,0,0,0,0,0,0,0,0
20350957,1005,48,2,0,0,0,0,0,0,0,0,0,0,0,0,0
20361639,1006,32,2,0,0,0,0,0,0,0,0,0,0,0,0,0
20370592,1007,32,2,0,0,0,0,0,0,0,0,0,0,0,0,0
20379545,1008,32,2,0,0,0,0,0,0,0,0,0,0,0,0,0
20388498,1009,32,2,0,0,0,0,0,0,0,0,0,0,0,0,0
20397451,1010,48,2,0,0,0,0,0,0,0,0,0,0,0,0,0
20408133,1011,32,2,0,0,0,0,0,0,0,0,0,0,0,0,0
20417086,1012,32,2,0,0,0,0,0,0,0,0,0,0,0,0,0
20426039,1013,32,2,0,0,0,0,0,0,0,0,0,0,0,0,0
20434992,1014,32,2,0,0,0,0,0,0,0,0,0,0,0,0,0
20443945,1015,48,2,0,0,0,0,0,0,0,0,0,0,0,0,0
20454627,1016,32,2,0,0,0,0,0,0,0,0,0,0,0,0,0
20463580,1017,32,2,0,0,0,0,0,0,0,0,0,0,0,0,0
20472534,1018,32,2,0,0,0,0,0,0,0,0,0,0,0,0,0
20481486,1019,32,2,0,0,0,0,0,0,0,0,0,0,0,0,0
20490439,1020,48,2,0,0,0,0,0,0,0,0,0,0,0,0,0
20509591,1021,32,2,0,0,0,0,0,0,0,0,0,0,0,0,0
20518533,1022,32,2,0,0,0,0,0,0,0,0,0,0,0,0,0
20527485,1023,32,2,0,0,0,0,0,0,0,0,0,0,0,0,0
20536438,1024,32,2,0,0,0,0,0,0,0,0,0,0,0,0,0
20545391,1025,48,2,0,0,0,0,0,0,0,0,0,0,0,0,0
20556073,1026,32,2,0,0,0,0,0,0,0,0,0,0,0,0,0
20565026,1027,32,2,0,0,0,0,0,0,0,0,0,0,0,0,0
20573979,1028,32,2,0,0,0,0,0,0,0,0,0,0,0,0,0
20582932,1029,32,2,0,0,0,0,0,0,0,0,0,0,0,0,0
20591885,1030,48,2,0,0,0,0,0,0,0,0,0,0,0,0,0
20602567,1031,32,2,0,0,0,0,0,0,0,0,0,0,0,0,0
20611520,1032,32,2,0,0,0,0,0,0,0,0,0,0,0,0,0
20620473,1033,32,2,0,0,0,0,0,0,0,0,0,0,0,0,0
20629426,1034,32,2,0,0,0,0,0,0,0,0,0,0,0,0,0
20638379,1035,48,2,0,0,0,0,0,0,0,0,0,0,0,0,0
20649061,1036,32,2,0,0,0,0,0,0,0,0,0,0,0,0,0
20658014,1037,32,2,0,0,0,0,0,0,0,0,0,0,0,0,0
20666967,1038,32,2,0,0,0,0,0,0,0,0,0,0,0,0,0
20675920,1039,32,2,0,0,0,0,0,0,0,0,0,0,0,0,0
20684873,1040,48,2,0,0,0,0,0,0,0,0,0,0,0,0,0
20695555,1041,32,2,0,0,0,0,0,0,0,0,0,0,0,0,0
20704508,1042,32,2,0,0,0,0,0,0,0,0,0,0,0,0,0
20713461,1043,32,2,0,0,0,0,0,0,0,0,0,0,0,0,0
20722415,1044,32,2,0,0,0,0,0,0,0,0,0,0,0,0,0
20731368,1045,48,2,0,0,0,0,0,0,0,0,0,0,0,0,0
20742049,1046,32,2,0,0,0,0,0,0,0,0,0,0,0,0,0
20751002,1047,32,2,0,0,0,0,0,0,0,0,0,0,0,0,0
20759955,1048,32,2,0,0,0,0,0,0,0,0,0,0,0,0,0
20768908,1049,32,2,0,0,0,0,0,0,0,0,0,0,0,0,0
20777862,1050,48,2,0,0,0,0,0,0,0,0,0,0,0,0,0
20788544,1051,32,2,0,0,0,0,0,0,0,0,0,0,0,0,0
20797496,1052,32,2,0,0,0,0,0,0,0,0,0,0,0,0,0
20806449,1053,32,2,0,0,0,0,0,0,0,0,0,0,0,0,0
20815403,1054,32,2,0,0,0,0,0,0,0,0,0,0,0,0,0
20824355,1055,48,2,0,0,0,0,0,0,0,0,0,0,0,0,0
20835037,1056,32,2,0,0,0,0,0,0,0,0,0,0,0,0,0
20843990,1057,32,2,0,0,0,0,0,0,0,0,0,0,0,0,0
20852943,1058,32,2,0,0,0,0,0,0,0,0,0,0,0,0,0
20861897,1059,32,2,0,0,0,0,0,0,0,0,0,0,0,0,0
20870849,1060,48,2,0,0,0,0,0,0,0,0,0,0,0,0,0
20881531,1061,32,2,0,0,0,0,0,0,0,0,0,0,0,0,0
20890484,1062,32,2,0,0,0,0,0,0,0,0,0,0,0,0,0
20899437,1063,32,2,0,0,0,0,0,0,0,0,0,0,0,0,0
20908390,1064,32,2,0,0,0,0,0,0,0,0,0,0,0,0,0
20917343,1065,48,2,0,0,0,0,0,0,0,0,0,0,0,0,0
20928025,1066,32,2,0,0,0,0,0,0,0,0,0,0,0,0,0
20936978,1067,32,2,0,0,0,0,0,0,0,0,0,0,0,0,0
20945931,1068,32,2,0,0,0,0,0,0,0,0,0,0,0,0,0
20954884,1069,32,2,0,0,0,0,0,0,0,0,0,0,0,0,0
20963837,1070,48,2,0,0,0,0,0,0,0,0,0,0,0,0,0
20974533,1071,32,2,0,0,0,0,0,0,0,0,0,0,0,0,0
20983474,1072,32,2,0,0,0,0,0,0,0,0,0,0,0,0,0
20992427,1073,32,2,0,0,0,0,0,0,0,0,0,0,0,0,0
21001380,1074,32,2,0,0,0,0,0,0,0,0,0,0,0,0,0
21010333,1075,48,2,0,0,0,0,0,0,0,0,0,0,0,0,0
21021015,1076,32,2,0,0,0,0,0,0,0,0,0,0,0,0,0
21029968,1077,32,2,0,0,0,0,0,0,0,0,0,0,0,0,0
21038921,1078,32,2,0,0,0,0,0,0,0,0,0,0,0,0,0
21047874,1079,32,2,0,0,0,0,0,0,0,0,0,0,0,0,0
21056827,1080,48,2,0,0,0,0,0,0,0,0,0,0,0,0,0
21067509,1081,32,2,0,0,0,0,0,0,0,0,0,0,0,0,0
21076462,1082,32,2,0,0,0,0,0,0,0,0,0,0,0,0,0
21085415,1083,32,2,0,0,0,0,0,0,0,0,0,0,0,0,0
21094368,1084,32,2,0,0,0,0,0,0,0,0,0,0,0,0,0
21103321,1085,48,2,0,0,0,0,0,0,0,0,0,0,0,0,0
21114003,1086,32,2,0,0,0,0,0,0,0,0,0,0,0,0,0
21122956,1087,32,2,0,0,0,0,0,0,0,0,0,0,0,0,0
21131909,1088,32,2,0,0,0,0,0,0,0,0,0,0,0,0,0
21140862,1089,32,2,0,0,0,0,0,0,0,0,0,0,0,0,0
21149815,1090,48,2,0,0,0,0,0,0,0,0,0,0,0,0,0
21160498,1091,32,2,0,0,0,0,0,0,0,0,0,0,0,0,0
21169450,1092,32,2,0,0,0,0,0,0,0,0,0,0,0,0,0
21178403,1093,32,2,0,0,0,0,0,0,0,0,0,0,0,0,0
21187356,1094,32,2,0,0,0,0,0,0,0,0,0,0,0,0,0
21196309,1095,48,2,0,0,0,0,0,0,0,0,0,0,0,0,0
21206991,1096,32,2,0,0,0,0,0,0,0,0,0,0,0,0,0
21215944,1097,32,2,0,0,0,0,0,0,0,0,0,0,0,0,0
21224897,1098,32,2,0,0,0,0,0,0,0,0,0,0,0,0,0
21233850,1099,32,2,0,0,0,0,0,0,0,0,0,0,0,0,0
21242803,1100,48,2,0,0,0,0,0,0,0,0,0,0,0,0,0
21253485,1101,32,2,0,0,0,0,0,0,0,0,0,0,0,0,0
21262438,1102,32,2,0,0,0,0,0,0,0,0,0,0,0,0,0
21271391,1103,32,2,0,0,0,0,0,0,0,0,0,0,0,0,0
21280344,1104,32,2,0,0,0,0,0,0,0,0,0,0,0,0,0
21289297,1105,48,2,0,0,0,0,0,0,0,0,0,0,0,0,0
21299979,1106,32,2,0,0,0,0,0,0,0,0,0,0,0,0,0
21308932,1107,32,2,0,0,0,0,0,0,0,0,0,0,0,0,0
21317885,1108,32,2,0,0,0,0,0,0,0,0,0,0,0,0,0
21326838,1109,32,2,0,0,0,0,0,0,0,0,0,0,0,0,0
21335792,1110,48,2,0,0,0,0,0,0,0,0,0,0,0,0,0
21346474,1111,32,2,0,0,0,0,0,0,0,0,0,0,0,0,0
21355426,1112,32,2,0,0,0,0,0,0,0,0,0,0,0,0,0
21364379,1113,32,2,0,0,0,0,0,0,0,0,0,0,0,0,0
21373332,1114,32,2,0,0,0,0,0,0,0,0,0,0,0,0,0
21382285,1115,48,2,0,0,0,0,0,0,0,0,0,0,0,0,0
21392967,1116,32,2,0,0,0,0,0,0,0,0,0,0,0,0,0
21401921,1117,32,2,0,0,0,0,0,0,0,0,0,0,0,0,0
21410873,1118,32,2,0,0,0,0,0,0,0,0,0,0,0,0,0
21419826,1119,32,2,0,0,0,0,0,0,0,0,0,0,0,0,0
21428780,1120,48,2,0,0,0,0,0,0,0,0,0,0,0,0,0
21439461,1121,32,2,0,0,0,0,0,0,0,0,0,0,0,0,0
21448414,1122,32,2,0,0,0,0,0,0,0,0,0,0,0,0,0
21457367,1123,32,2,0,0,0,0,0,0,0,0,0,0,0,0,0
21466320,1124,32,2,0,0,0,0,0,0,0,0,0,0,0,0,0
21475273,1125,48,2,0,0,0,0,0,0,0,0,0,0,0,0,0
21485955,1126,32,2,0,0,0,0,0,0,0,0,0,0,0,0,0
21494908,1127,32,2,0,0,0,0,0,0,0,0,0,0,0,0,0
21503862,1128,32,2,0,0,0,0,0,0,0,0,0,0,0,0,0
21512814,1129,32,2,0,0,0,0,0,0,0,0,0,0,0,0,0
21521767,1130,48,2,0,0,0,0,0,0,0,0,0,0,0,0,0
21532449,1131,32,2,0,0,0,0,0,0,0,0,0,0,0,0,0
21541403,1132,32,2,0,0,0,0,0,0,0,0,0,0,0,0,0
21550355,1133,32,2,0,0,0,0,0,0,0,0,0,0,0,0,0
21559308,1134,32,2,0,0,0,0,0,0,0,0,0,0,0,0,0
21568261,1135,48,2,0,0,0,0,0,0,0,0,0,0,0,0,0
21578943,1136,32,2,0,0,0,0,0,0,0,0,0,0,0,0,0
21587897,1137,32,2,0,0,0,0,0,0,0,0,0,0,0,0,0
21596849,1138,32,2,0,0,0,0,0,0,0,0,0,0,0,0,0
21605802,1139,32,2,0,0,0,0,0,0,0,0,0,0,0,0,0
21614756,1140,48,2,0,0,0,0,0,0,0,0,0,0,0,0,0
21625438,1141,32,2,0,0,0,0,0,0,0,0,0,0,0,0,0
21634390,1142,32,2,0,0,0,0,0,0,0,0,0,0,0,0,0
21643343,1143,32,2,0,0,0,0,0,0,0,0,0,0,0,0,0
21652296,1144,32,2,0,0,0,0,0,0,0,0,0,0,0,0,0
21661249,1145,48,2,0,0,0,0,0,0,0,0,0,0,0,0,0
21671931,1146,32,2,0,0,0,0,0,0,0,0,0,0,0,0,0
21680885,1147,32,2,0,0,0,0,0,0,0,0,0,0,0,0,0
21689837,1148,32,2,0,0,0,0,0,0,0,0,0,0,0,0,0
21698790,1149,32,2,0,0,0,0,0,0,0,0,0,0,0,0,0
21707743,1150,48,2,0,0,0,0,0,0,0,0,0,0,0,0,0
21718425,1151,32,2,0,0,0,0,0,0,0,0,0,0,0,0,0
21727378,1152,32,2,0,0,0,0,0,0,0,0,0,0,0,0,0
21736332,1153,32,2,0,0,0,0,0,0,0,0,0,0,0,0,0
21745284,1154,32,2,0,0,0,0,0,0,0,0,0,0,0,0,0
21754237,1155,48,2,0,0,0,0,0,0,0,0,0,0,0,0,0
21764919,1156,32,2,0,0,0,0,0,0,0,0,0,0,0,0,0
21773873,1157,32,2,0,0,0,0,0,0,0,0,0,0,0,0,0
21782826,1158,32,2,0,0,0,0,0,0,0,0,0,0,0,0,0
21791778,1159,32,2,0,0,0,0,0,0,0,0,0,0,0,0,0
21800731,1160,48,2,0,0,0,0,0,0,0,0,0,0,0,0,0
21811413,1161,32,2,0,0,0,0,0,0,0,0,0,0,0,0,0
21820366,1162,32,2,0,0,0,0,0,0,0,0,0,0,0,0,0
21829319,1163,32,2,0,0,0,0,0,0,0,0,0,0,0,0,0
21838272,1164,32,2,0,0,0,0,0,0,0,0,0,0,0,0,0
21847225,1165,48,2,0,0,0,0,0,0,0,0,0,0,0,0,0
21857907,1166,32,2,0,0,0,0,0,0,0,0,0,0,0,0,0
21866860,1167,32,2,0,0,0,0,0,0,0,0,0,0,0,0,0
21875813,1168,32,2,0,0,0,0,0,0,0,0,0,0,0,0,0
21884766,1169,32,2,0,0,0,0,0,0,0,0,0,0,0,0,0
21893720,1170,48,2,0,0,0,0,0,0,0,0,0,0,0,0,0
21904402,1171,32,2,0,0,0,0,0,0,0,0,0,0,0,0,0
21913354,1172,32,2,0,0,0,0,0,0,0,0,0,0,0,0,0
21922307,1173,32,2,0,0,0,0,0,0,0,0,0,0,0,0,0
21931260,1174,32,2,0,0,0,0,0,0,0,0,0,0,0,0,0
21940213,1175,48,2,0,0,0,0,0,0,0,0,0,0,0,0,0
21950895,1176,32,2,0,0,0,0,0,0,0,0,0,0,0,0,0
21959848,1177,32,2,0,0,0,0,0,0,0,0,0,0,0,0,0
21968801,1178,32,2,0,0,0,0,0,0,0,0,0,0,0,0,0
21977754,1179,32,2,0,0,0,0,0,0,0,0,0,0,0,0,0
21986707,1180,48,2,0,0,0,0,0,0,0,0,0,0,0,0,0
21997389,1181,32,2,0,0,0,0,0,0,0,0,0,0,0,0,0
22006342,1182,32,2,0,0,0,0,0,0,0,0,0,0,0,0,0
22015295,1183,32,2,0,0,0,0,0,0,0,0,0,0,0,0,0
22024248,1184,32,2,0,0,0,0,0,0,0,0,0,0,0,0,0
22033201,1185,48,2,0,0,0,0,0,0,0,0,0,0,0,0,0
22043883,1186,32,2,0,0,0,0,0,0,0,0,0,0,0,0,0
22052836,1187,32,2,0,0,0,0,0,0,0,0,0,0,0,0,0
22061789,1188,32,2,0,0,0,0,0,0,0,0,0,0,0,0,0
22070742,1189,32,2,0,0,0,0,0,0,0,0,0,0,0,0,0
22079695,1190,48,2,0,0,0,0,0,0,0,0,0,0,0,0,0
22104715,1191,32,2,0,0,0,0,0,0,0,0,0,0,0,0,0
22113656,1192,32,2,0,0,0,0,0,0,0,0,0,0,0,0,0
22122610,1193,32,2,0,0,0,0,0,0,0,0,0,0,0,0,0
22131563,1194,32,2,0,0,0,0,0,0,0,0,0,0,0,0,0
22140516,1195,48,2,0,0,0,0,0,0,0,0,0,0,0,0,0
22151197,1196,32,2,0,0,0,0,0,0,0,0,0,0,0,0,0
22160150,1197,32,2,0,0,0,0,0,0,0,0,0,0,0,0,0
22169103,1198,32,2,0,0,0,0,0,0,0,0,0,0,0,0,0
22178056,1199,32,2,0,0,0,0,0,0,0,0,0,0,0,0,0
22187009,1200,48,2,0,0,0,0,0,0,0,0,0,0,0,0,0
22197691,1201,32,2,0,0,0,0,0,0,0,0,0,0,0,0,0
22206644,1202,32,2,0,0,0,0,0,0,0,0,0,0,0,0,0
22215597,1203,32,2,0,0,0,0,0,0,0,0,0,0,0,0,0
22224550,1204,32,2,0,0,0,0,0,0,0,0,0,0,0,0,0
22233503,1205,48,2,0,0,0,0,0,0,0,0,0,0,0,0,0
22244185,1206,32,2,0,0,0,0,0,0,0,0,0,0,0,0,0
22253138,1207,32,2,0,0,0,0,0,0,0,0,0,0,0,0,0
22262091,1208,32,2,0,0,0,0,0,0,0,0,0,0,0,0,0
22271044,1209,32,2,0,0,0,0,0,0,0,0,0,0,0,0,0
22279997,1210,48,2,0,0,0,0,0,0,0,0,0,0,0,0,0
22290680,1211,32,2,0,0,0,0,0,0,0,0,0,0,0,0,0
22299632,1212,32,2,0,0,0,0,0,0,0,0,0,0,0,0,0
22308585,1213,32,2,0,0,0,0,0,0,0,0,0,0,0,0,0
22317539,1214,32,2,0,0,0,0,0,0,0,0,0,0,0,0,0
22326491,1215,48,2,0,0,0,0,0,0,0,0,0,0,0,0,0
22337173,1216,32,2,0,0,0,0,0,0,0,0,0,0,0,0,0
22346126,1217,32,2,0,0,0,0,0,0,0,0,0,0,0,0,0
22355079,1218,32,2,0,0,0,0,0,0,0,0,0,0,0,0,0
22364032,1219,32,2,0,0,0,0,0,0,0,0,0,0,0,0,0
22372985,1220,48,2,0,0,0,0,0,0,0,0,0,0,0,0,0
22383667,1221,32,2,0,0,0,0,0,0,0,0,0,0,0,0,0
22392621,1222,32,2,0,0,0,0,0,0,0,0,0,0,0,0,0
22401574,1223,32,2,0,0,0,0,0,0,0,0,0,0,0,0,0
22410526,1224,32,2,0,0,0,0,0,0,0,0,0,0,0,0,0
22419479,1225,48,2,0,0,0,0,0,0,0,0,0,0,0,0,0
22430161,1226,32,2,0,0,0,0,0,0,0,0,0,0,0,0,0
22439114,1227,32,2,0,0,0,0,0,0,0,0,0,0,0,0,0
22448067,1228,32,2,0,0,0,0,0,0,0,0,0,0,0,0,0
22457020,1229,32,2,0,0,0,0,0,0,0,0,0,0,0,0,0
22465973,1230,48,2,0,0,0,0,0,0,0,0,0,0,0,0,0
22476656,1231,32,2,0,0,0,0,0,0,0,0,0,0,0,0,0
22485608,1232,32,2,0,0,0,0,0,0,0,0,0,0,0,0,0
22494561,1233,32,2,0,0,0,0,0,0,0,0,0,0,0,0,0
22503514,1234,32,2,0,0,0,0,0,0,0,0,0,0,0,0,0
22512467,1235,48,2,0,0,0,0,0,0,0,0,0,0,0,0,0
22523149,1236,32,2,0,0,0,0,0,0,0,0,0,0,0,0,0
22532102,1237,32,2,0,0,0,0,0,0,0,0,0,0,0,0,0
22541055,1238,32,2,0,0,0,0,0,0,0,0,0,0,0,0,0
22550008,1239,32,2,0,0,0,0,0,0,0,0,0,0,0,0,0
22558961,1240,48,2,0,0,0,0,0,0,0,0,0,0,0,0,0
22569644,1241,32,2,0,0,0,0,0,0,0,0,0,0,0,0,0
22578597,1242,32,2,0,0,0,0,0,0,0,0,0,0,0,0,0
22587549,1243,32,2,0,0,0,0,0,0,0,0,0,0,0,0,0
22596502,1244,32,2,0,0,0,0,0,0,0,0,0,0,0,0,0
22605455,1245,48,2,0,0,0,0,0,0,0,0,0,0,0,0,0
22616137,1246,32,2,0,0,0,0,0,0,0,0,0,0,0,0,0
22625090,1247,32,2,0,0,0,0,0,0,0,0,0,0,0,0,0
22634043,1248,32,2,0,0,0,0,0,0,0,0,0,0,0,0,0
22642996,1249,32,2,0,0,0,0,0,0,0,0,0,0,0,0,0
22651949,1250,48,2,0,0,0,0,0,0,0,0,0,0,0,0,0
22662631,1251,32,2,0,0,0,0,0,0,0,0,0,0,0,0,0
22671585,1252,32,2,0,0,0,0,0,0,0,0,0,0,0,0,0
22680538,1253,32,2,0,0,0,0,0,0,0,0,0,0,0,0,0
22689490,1254,32,2,0,0,0,0,0,0,0,0,0,0,0,0,0
22698443,1255,48,2,0,0,0,0,0,0,0,0,0,0,0,0,0
22709125,1256,32,2,0,0,0,0,0,0,0,0,0,0,0,0,0
22718078,1257,32,2,0,0,0,0,0,0,0,0,0,0,0,0,0
22727031,1258,32,2,0,0,0,0,0,0,0,0,0,0,0,0,0
22735984,1259,32,2,0,0,0,0,0,0,0,0,0,0,0,0,0
22744937,1260,48,2,0,0,0,0,0,0,0,0,0,0,0,0,0
22755619,1261,32,2,0,0,0,0,0,0,0,0,0,0,0,0,0
22764572,1262,32,2,0,0,0,0,0,0,0,0,0,0,0,0,0
22773525,1263,32,2,0,0,0,0,0,0,0,0,0,0,0,0,0
22782478,1264,32,2,0,0,0,0,0,0,0,0,0,0,0,0,0
22791431,1265,48,2,0,0,0,0,0,0,0,0,0,0,0,0,0
22802113,1266,32,2,0,0,0,0,0,0,0,0,0,0,0,0,0
22811066,1267,32,2,0,0,0,0,0,0,0,0,0,0,0,0,0
22820019,1268,32,2,0,0,0,0,0,0,0,0,0,0,0,0,0
22828972,1269,32,2,0,0,0,0,0,0,0,0,0,0,0,0,0
22837925,1270,48,2,0,0,0,0,0,0,0,0,0,0,0,0,0
22848608,1271,32,2,0,0,0,0,0,0,0,0,0,0,0,0,0
22857560,1272,32,2,0,0,0,0,0,0,0,0,0,0,0,0,0
22866513,1273,32,2,0,0,0,0,0,0,0,0,0,0,0,0,0
22875466,1274,32,2,0,0,0,0,0,0,0,0,0,0,0,0,0
22884419,1275,48,2,0,0,0,0,0,0,0,0,0,0,0,0,0
22895101,1276,32,2,0,0,0,0,0,0,0,0,0,0,0,0,0
22904054,1277,32,2,0,0,0,0,0,0,0,0,0,0,0,0,0
22913007,1278,32,2,0,0,0,0,0,0,0,0,0,0,0,0,0
22921961,1279,32,2,0,0,0,0,0,0,0,0,0,0,0,0,0
22930913,1280,48,2,0,0,0,0,0,0,0,0,0,0,0,0,0
22941596,1281,32,2,0,0,0,0,0,0,0,0,0,0,0,0,0
22950548,1282,32,2,0,0,0,0,0,0,0,0,0,0,0,0,0
22959501,1283,32,2,0,0,0,0,0,0,0,0,0,0,0,0,0
22968454,1284,32,2,0,0,0,0,0,0,0,0,0,0,0,0,0
22977407,1285,48,2,0,0,0,0,0,0,0,0,0,0,0,0,0
22988089,1286,32,2,0,0,0,0,0,0,0,0,0,0,0,0,0
22997042,1287,32,2,0,0,0,0,0,0,0,0,0,0,0,0,0
23005995,1288,32,2,0,0,0,0,0,0,0,0,0,0,0,0,0
23014948,1289,32,2,0,0,0,0,0,0,0,0,0,0,0,0,0
23023901,1290,48,2,0,0,0,0,0,0,0,0,0,0,0,0,0
23034584,1291,32,2,0,0,0,0,0,0,0,0,0,0,0,0,0
23043536,1292,32,2,0,0,0,0,0,0,0,0,0,0,0,0,0
23052489,1293,32,2,0,0,0,0,0,0,0,0,0,0,0,0,0
23061442,1294,32,2,0,0,0,0,0,0,0,0,0,0,0,0,0
23070395,1295,48,2,0,0,0,0,0,0,0,0,0,0,0,0,0
23081077,1296,32,2,0,0,0,0,0,0,0,0,0,0,0,0,0
23090030,1297,32,2,0,0,0,0,0,0,0,0,0,0,0,0,0
23098983,1298,32,2,0,0,0,0,0,0,0,0,0,0,0,0,0
23107936,1299,32,2,0,0,0,0,0,0,0,0,0,0,0,0,0
23116889,1300,48,2,0,0,0,0,0,0,0,0,0,0,0,0,0
23127572,1301,32,2,0,0,0,0,0,0,0,0,0,0,0,0,0
23136525,1302,32,2,0,0,0,0,0,0,0,0,0,0,0,0,0
23145477,1303,32,2,0,0,0,0,0,0,0,0,0,0,0,0,0
23154430,1304,32,2,0,0,0,0,0,0,0,0,0,0,0,0,0
23163384,1305,48,2,0,0,0,0,0,0,0,0,0,0,0,0,0
23174065,1306,32,2,0,0,0,0,0,0,0,0,0,0,0,0,0
23183018,1307,32,2,0,0,0,0,0,0,0,0,0,0,0,0,0
23191971,1308,32,2,0,0,0,0,0,0,0,0,0,0,0,0,0
23200924,1309,32,2,0,0,0,0,0,0,0,0,0,0,0,0,0
23209877,1310,48,2,0,0,0,0,0,0,0,0,0,0,0,0,0
23220559,1311,32,2,0,0,0,0,0,0,0,0,0,0,0,0,0
23229512,1312,32,2,0,0,0,0,0,0,0,0,0,0,0,0,0
23238465,1313,32,2,0,0,0,0,0,0,0,0,0,0,0,0,0
23247418,1314,32,2,0,0,0,0,0,0,0,0,0,0,0,0,0
23256371,1315,48,2,0,0,0,0,0,0,0,0,0,0,0,0,0
23267053,1316,32,2,0,0,0,0,0,0,0,0,0,0,0,0,0
23276006,1317,32,2,0,0,0,0,0,0,0,0,0,0,0,0,0
23284960,1318,32,2,0,0,0,0,0,0,0,0,0,0,0,0,0
23293912,1319,32,2,0,0,0,0,0,0,0,0,0,0,0,0,0
23302865,1320,48,2,0,0,0,0,0,0,0,0,0,0,0,0,0
23313548,1321,32,2,0,0,0,0,0,0,0,0,0,0,0,0,0
23322500,1322,32,2,0,0,0,0,0,0,0,0,0,0,0,0,0
23331453,1323,32,2,0,0,0,0,0,0,0,0,0,0,0,0,0
23340406,1324,32,2,0,0,0,0,0,0,0,0,0,0,0,0,0
23349359,1325,48,2,0,0,0,0,0,0,0,0,0,0,0,0,0
23360041,1326,32,2,0,0,0,0,0,0,0,0,0,0,0,0,0
23368994,1327,32,2,0,0,0,0,0,0,0,0,0,0,0,0,0
23377947,1328,32,2,0,0,0,0,0,0,0,0,0,0,0,0,0
23386900,1329,32,2,0,0,0,0,0,0,0,0,0,0,0,0,0
23395853,1330,48,2,0,0,0,0,0,0,0,0,0,0,0,0,0
23406536,1331,32,2,0,0,0,0,0,0,0,0,0,0,0,0,0
23415488,1332,32,2,0,0,0,0,0,0,0,0,0,0,0,0,0
23424441,1333,32,2,0,0,0,0,0,0,0,0,0,0,0,0,0
23433394,1334,32,2,0,0,0,0,0,0,0,0,0,0,0,0,0
23442347,1335,48,2,0,0,0,0,0,0,0,0,0,0,0,0,0
23453029,1336,32,2,0,0,0,0,0,0,0,0,0,0,0,0,0
23461982,1337,32,2,0,0,0,0,0,0,0,0,0,0,0,0,0
23470935,1338,32,2,0,0,0,0,0,0,0,0,0,0,0,0,0
23479888,1339,32,2,0,0,0,0,0,0,0,0,0,0,0,0,0
23488841,1340,48,2,0,0,0,0,0,0,0,0,0,0,0,0,0
23499524,1341,32,2,0,0,0,0,0,0,0,0,0,0,0,0,0
23508476,1342,32,2,0,0,0,0,0,0,0,0,0,0,0,0,0
23517430,1343,32,2,0,0,0,0,0,0,0,0,0,0,0,0,0
23526382,1344,32,2,0,0,0,0,0,0,0,0,0,0,0,0,0
23535336,1345,48,2,0,0,0,0,0,0,0,0,0,0,0,0,0
23546017,1346,32,2,0,0,0,0,0,0,0,0,0,0,0,0,0
23554970,1347,32,2,0,0,0,0,0,0,0,0,0,0,0,0,0
23563924,1348,32,2,0,0,0,0,0,0,0,0,0,0,0,0,0
23572876,1349,32,2,0,0,0,0,0,0,0,0,0,0,0,0,0
23581829,1350,48,2,0,0,0,0,0,0,0,0,0,0,0,0,0
23592511,1351,32,2,0,0,0,0,0,0,0,0,0,0,0,0,0
23601464,1352,32,2,0,0,0,0,0,0,0,0,0,0,0,0,0
23610417,1353,32,2,0,0,0,0,0,0,0,0,0,0,0,0,0
23619370,1354,32,2,0,0,0,0,0,0,0,0,0,0,0,0,0
23628323,1355,48,2,0,0,0,0,0,0,0,0,0,0,0,0,0
23639005,1356,32,2,0,0,0,0,0,0,0,0,0,0,0,0,0
23647958,1357,32,2,0,0,0,0,0,0,0,0,0,0,0,0,0
23656911,1358,32,2,0,0,0,0,0,0,0,0,0,0,0,0,0
23665864,1359,32,2,0,0,0,0,0,0,0,0,0,0,0,0,0
23674817,1360,48,2,0,0,0,0,0,0,0,0,0,0,0,0,0
23693509,1361,32,2,0,0,0,0,0,0,0,0,0,0,0,0,0
23702451,1362,32,2,0,0,0,0,0,0,0,0,0,0,0,0,0
23711403,1363,32,2,0,0,0,0,0,0,0,0,0,0,0,0,0
23720357,1364,32,2,0,0,0,0,0,0,0,0,0,0,0,0,0
23729309,1365,48,2,0,0,0,0,0,0,0,0,0,0,0,0,0
23739991,1366,32,2,0,0,0,0,0,0,0,0,0,0,0,0,0
23748944,1367,32,2,0,0,0,0,0,0,0,0,0,0,0,0,0
23757897,1368,32,2,0,0,0,0,0,0,0,0,0,0,0,0,0
23766850,1369,32,2,0,0,0,0,0,0,0,0,0,0,0,0,0
23775803,1370,48,2,0,0,0,0,0,0,0,0,0,0,0,0,0
23786485,1371,32,2,0,0,0,0,0,0,0,0,0,0,0,0,0
23795438,1372,32,2,0,0,0,0,0,0,0,0,0,0,0,0,0
23804391,1373,32,2,0,0,0,0,0,0,0,0,0,0,0,0,0
23813344,1374,32,2,0,0,0,0,0,0,0,0,0,0,0,0,0
23822297,1375,48,2,0,0,0,0,0,0,0,0,0,0,0,0,0
23832979,1376,32,2,0,0,0,0,0,0,0,0,0,0,0,0,0
23841932,1377,32,2,0,0,0,0,0,0,0,0,0,0,0,0,0
23850885,1378,32,2,0,0,0,0,0,0,0,0,0,0,0,0,0
23859838,1379,32,2,0,0,0,0,0,0,0,0,0,0,0,0,0
23868792,1380,48,2,0,0,0,0,0,0,0,0,0,0,0,0,0
23879474,1381,32,2,0,0,0,0,0,0,0,0,0,0,0,0,0
23888426,1382,32,2,0,0,0,0,0,0,0,0,0,0,0,0,0
23897379,1383,32,2,0,0,0,0,0,0,0,0,0,0,0,0,0
23906332,1384,32,2,0,0,0,0,0,0,0,0,0,0,0,0,0
23915285,1385,48,2,0,0,0,0,0,0,0,0,0,0,0,0,0
23925967,1386,32,2,0,0,0,0,0,0,0,0,0,0,0,0,0
23934921,1387,32,2,0,0,0,0,0,0,0,0,0,0,0,0,0
23943873,1388,32,2,0,0,0,0,0,0,0,0,0,0,0,0,0
23952826,1389,32,2,0,0,0,0,0,0,0,0,0,0,0,0,0
23961780,1390,48,2,0,0,0,0,0,0,0,0,0,0,0,0,0
23972461,1391,32,2,0,0,0,0,0,0,0,0,0,0,0,0,0
23981414,1392,32,2,0,0,0,0,0,0,0,0,0,0,0,0,0
23990367,1393,32,2,0,0,0,0,0,0,0,0,0,0,0,0,0
23999320,1394,32,2,0,0,0,0,0,0,0,0,0,0,0,0,0
24008273,1395,48,2,0,0,0,0,0,0,0,0,0,0,0,0,0
24018955,1396,32,2,0,0,0,0,0,0,0,0,0,0,0,0,0
24027908,1397,32,2,0,0,0,0,0,0,0,0,0,0,0,0,0
24036862,1398,32,2,0,0,0,0,0,0,0,0,0,0,0,0,0
24045814,1399,32,2,0,0,0,0,0,0,0,0,0,0,0,0,0
24054767,1400,48,2,0,0,0,0,0,0,0,0,0,0,0,0,0
24065449,1401,32,2,0,0,0,0,0,0,0,0,0,0,0,0,0
24074403,1402,32,2,0,0,0,0,0,0,0,0,0,0,0,0,0
24083355,1403,32,2,0,0,0,0,0,0,0,0,0,0,0,0,0
24092308,1404,32,2,0,0,0,0,0,0,0,0,0,0,0,0,0
24101261,1405,48,2,0,0,0,0,0,0,0,0,0,0,0,0,0
24111943,1406,32,2,0,0,0,0,0,0,0,0,0,0,0,0,0
24120897,1407,32,2,0,0,0,0,0,0,0,0,0,0,0,0,0
24129849,1408,32,2,0,0,0,0,0,0,0,0,0,0,0,0,0
24138802,1409,32,2,0,0,0,0,0,0,0,0,0,0,0,0,0
24147756,1410,48,2,0,0,0,0,0,0,0,0,0,0,0,0,0
24158438,1411,32,2,0,0,0,0,0,0,0,0,0,0,0,0,0
24167390,1412,32,2,0,0,0,0,0,0,0,0,0,0,0,0,0
24176343,1413,32,2,0,0,0,0,0,0,0,0,0,0,0,0,0
24185296,1414,32,2,0,0,0,0,0,0,0,0,0,0,0,0,0
24194249,1415,48,2,0,0,0,0,0,0,0,0,0,0,0,0,0
24204931,1416,32,2,0,0,0,0,0,0,0,0,0,0,0,0,0
24213885,1417,32,2,0,0,0,0,0,0,0,0,0,0,0,0,0
24222837,1418,32,2,0,0,0,0,0,0,0,0,0,0,0,0,0
24231790,1419,32,2,0,0,0,0,0,0,0,0,0,0,0,0,0
24240743,1420,48,2,0,0,0,0,0,0,0,0,0,0,0,0,0
24251425,1421,32,2,0,0,0,0,0,0,0,0,0,0,0,0,0
24260378,1422,32,2,0,0,0,0,0,0,0,0,0,0,0,0,0
24269332,1423,32,2,0,0,0,0,0,0,0,0,0,0,0,0,0
24278284,1424,32,2,0,0,0,0,0,0,0,0,0,0,0,0,0
24287237,1425,48,2,0,0,0,0,0,0,0,0,0,0,0,0,0
24297919,1426,32,2,0,0,0,0,0,0,0,0,0,0,0,0,0
24306873,1427,32,2,0,0,0,0,0,0,0,0,0,0,0,0,0
24315826,1428,32,2,0,0,0,0,0,0,0,0,0,0,0,0,0
24324778,1429,32,2,0,0,0,0,0,0,0,0,0,0,0,0,0
24333731,1430,48,2,0,0,0,0,0,0,0,0,0,0,0,0,0
24344413,1431,32,2,0,0,0,0,0,0,0,0,0,0,0,0,0
24353366,1432,32,2,0,0,0,0,0,0,0,0,0,0,0,0,0
24362319,1433,32,2,0,0,0,0,0,0,0,0,0,0,0,0,0
24371272,1434,32,2,0,0,0,0,0,0,0,0,0,0,0,0,0
24380225,1435,48,2,0,0,0,0,0,0,0,0,0,0,0,0,0
24390907,1436,32,2,0,0,0,0,0,0,0,0,0,0,0,0,0
24399860,1437,32,2,0,0,0,0,0,0,0,0,0,0,0,0,0
24408813,1438,32,2,0,0,0,0,0,0,0,0,0,0,0,0,0
24417766,1439,32,2,0,0,0,0,0,0,0,0,0,0,0,0,0
24426720,1440,48,2,0,0,0,0,0,0,0,0,0,0,0,0,0
24437402,1441,32,2,0,0,0,0,0,0,0,0,0,0,0,0,0
24446354,1442,32,2,0,0,0,0,0,0,0,0,0,0,0,0,0
24455307,1443,32,2,0,0,0,0,0,0,0,0,0,0,0,0,0
24464260,1444,32,2,0,0,0,0,0,0,0,0,0,0,0,0,0
24473213,1445,48,2,0,0,0,0,0,0,0,0,0,0,0,0,0
24483895,1446,32,2,0,0,0,0,0,0,0,0,0,0,0,0,0
24492848,1447,32,2,0,0,0,0,0,0,0,0,0,0,0,0,0
24501801,1448,32,2,0,0,0,0,0,0,0,0,0,0,0,0,0
24510754,1449,32,2,0,0,0,0,0,0,0,0,0,0,0,0,0
24519707,1450,48,2,0,0,0,0,0,0,0,0,0,0,0,0,0
24530389,1451,32,2,0,0,0,0,0,0,0,0,0,0,0,0,0
24539342,1452,32,2,0,0,0,0,0,0,0,0,0,0,0,0,0
24548295,1453,32,2,0,0,0,0,0,0,0,0,0,0,0,0,0
24557248,1454,32,2,0,0,0,0,0,0,0,0,0,0,0,0,0
24566201,1455,48,2,0,0,0,0,0,0,0,0,0,0,0,0,0
24576883,1456,32,2,0,0,0,0,0,0,0,0,0,0,0,0,0
24585836,1457,32,2,0,0,0,0,0,0,0,0,0,0,0,0,0
24594789,1458,32,2,0,0,0,0,0,0,0,0,0,0,0,0,0
24603742,1459,32,2,0,0,0,0,0,0,0,0,0,0,0,0,0
24612695,1460,48,2,0,0,0,0,0,0,0,0,0,0,0,0,0
24623378,1461,32,2,0,0,0,0,0,0,0,0,0,0,0,0,0
24632330,1462,32,2,0,0,0,0,0,0,0,0,0,0,0,0,0
24641283,1463,32,2,0,0,0,0,0,0,0,0,0,0,0,0,0
24650236,1464,32,2,0,0,0,0,0,0,0,0,0,0,0,0,0
24659189,1465,48,2,0,0,0,0,0,0,0,0,0,0,0,0,0
24669871,1466,32,2,0,0,0,0,0,0,0,0,0,0,0,0,0
24678825,1467,32,2,0,0,0,0,0,0,0,0,0,0,0,0,0
24687777,1468,32,2,0,0,0,0,0,0,0,0,0,0,0,0,0
24696730,1469,32,2,0,0,0,0,0,0,0,0,0,0,0,0,0
24705684,1470,48,2,0,0,0,0,0,0,0,0,0,0,0,0,0
24716366,1471,32,2,0,0,0,0,0,0,0,0,0,0,0,0,0
24725318,1472,32,2,0,0,0,0,0,0,0,0,0,0,0,0,0
24734271,1473,32,2,0,0,0,0,0,0,0,0,0,0,0,0,0
24743224,1474,32,2,0,0,0,0,0,0,0,0,0,0,0,0,0
24752177,1475,48,2,0,0,0,0,0,0,0,0,0,0,0,0,0
24762859,1476,32,2,0,0,0,0,0,0,0,0,0,0,0,0,0
24771813,1477,32,2,0,0,0,0,0,0,0,0,0,0,0,0,0
24780765,1478,32,2,0,0,0,0,0,0,0,0,0,0,0,0,0
24789718,1479,32,2,0,0,0,0,0,0,0,0,0,0,0,0,0
24798671,1480,48,2,0,0,0,0,0,0,0,0,0,0,0,0,0
24809353,1481,32,2,0,0,0,0,0,0,0,0,0,0,0,0,0
24818306,1482,32,2,0,0,0,0,0,0,0,0,0,0,0,0,0
24827259,1483,32,2,0,0,0,0,0,0,0,0,0,0,0,0,0
24836212,1484,32,2,0,0,0,0,0,0,0,0,0,0,0,0,0
24845165,1485,48,2,0,0,0,0,0,0,0,0,0,0,0,0,0
24855847,1486,32,2,0,0,0,0,0,0,0,0,0,0,0,0,0
24864800,1487,32,2,0,0,0,0,0,0,0,0,0,0,0,0,0
24873753,1488,32,2,0,0,0,0,0,0,0,0,0,0,0,0,0
24882706,1489,32,2,0,0,0,0,0,0,0,0,0,0,0,0,0
24891659,1490,48,2,0,0,0,0,0,0,0,0,0,0,0,0,0
24902342,1491,32,2,0,0,0,0,0,0,0,0,0,0,0,0,0
24911294,1492,32,2,0,0,0,0,0,0,0,0,0,0,0,0,0
24920247,1493,32,2,0,0,0,0,0,0,0,0,0,0,0,0,0
24929200,1494,32,2,0,0,0,0,0,0,0,0,0,0,0,0,0
24938153,1495,48,2,0,0,0,0,0,0,0,0,0,0,0,0,0
24948835,1496,32,2,0,0,0,0,0,0,0,0,0,0,0,0,0
24957788,1497,32,2,0,0,0,0,0,0,0,0,0,0,0,0,0
24966741,1498,32,2,0,0,0,0,0,0,0,0,0,0,0,0,0
24975694,1499,32,2,0,0,0,0,0,0,0,0,0,0,0,0,0
24984647,1500,48,2,0,0,0,0,0,0,0,0,0,0,0,0,0
24995330,1501,32,2,0,0,0,0,0,0,0,0,0,0,0,0,0
25004282,1502,32,2,0,0,0,0,0,0,0,0,0,0,0,0,0
25013235,1503,32,2,0,0,0,0,0,0,0,0,0,0,0,0,0
25022188,1504,32,2,0,0,0,0,0,0,0,0,0,0,0,0,0
25031141,1505,48,2,0,0,0,0,0,0,0,0,0,0,0,0,0
25041823,1506,32,2,0,0,0,0,0,0,0,0,0,0,0,0,0
25050776,1507,32,2,0,0,0,0,0,0,0,0,0,0,0,0,0
25059729,1508,32,2,0,0,0,0,0,0,0,0,0,0,0,0,0
25068682,1509,32,2,0,0,0,0,0,0,0,0,0,0,0,0,0
25077635,1510,48,2,0,0,0,0,0,0,0,0,0,0,0,0,0
25088317,1511,32,2,0,0,0,0,0,0,0,0,0,0,0,0,0
25097270,1512,32,2,0,0,0,0,0,0,0,0,0,0,0,0,0
25106223,1513,32,2,0,0,0,0,0,0,0,0,0,0,0,0,0
25115176,1514,32,2,0,0,0,0,0,0,0,0,0,0,0,0,0
25124129,1515,48,2,0,0,0,0,0,0,0,0,0,0,0,0,0
25134811,1516,32,2,0,0,0,0,0,0,0,0,0,0,0,0,0
25143765,1517,32,2,0,0,0,0,0,0,0,0,0,0,0,0,0
25152717,1518,32,2,0,0,0,0,0,0,0,0,0,0,0,0,0
25161670,1519,32,2,0,0,0,0,0,0,0,0,0,0,0,0,0
25170623,1520,48,2,0,0,0,0,0,0,0,0,0,0,0,0,0
25181306,1521,32,2,0,0,0,0,0,0,0,0,0,0,0,0,0
25190258,1522,32,2,0,0,0,0,0,0,0,0,0,0,0,0,0
25199211,1523,32,2,0,0,0,0,0,0,0,0,0,0,0,0,0
25208164,1524,32,2,0,0,0,0,0,0,0,0,0,0,0,0,0
25217117,1525,48,2,0,0,0,0,0,0,0,0,0,0,0,0,0
25227799,1526,32,2,0,0,0,0,0,0,0,0,0,0,0,0,0
25236752,1527,32,2,0,0,0,0,0,0,0,0,0,0,0,0,0
25245705,1528,32,2,0,0,0,0,0,0,0,0,0,0,0,0,0
25254658,1529,32,2,0,0,0,0,0,0,0,0,0,0,0,0,0
25263611,1530,48,2,0,0,0,0,0,0,0,0,0,0,0,0,0
25287976,1531,32,2,0,0,0,0,0,0,0,0,0,0,0,0,0
25296917,1532,32,2,0,0,0,0,0,0,0,0,0,0,0,0,0
25305871,1533,32,2,0,0,0,0,0,0,0,0,0,0,0,0,0
25314823,1534,32,2,0,0,0,0,0,0,0,0,0,0,0,0,0
25323776,1535,48,2,0,0,0,0,0,0,0,0,0,0,0,0,0
25334458,1536,32,2,0,0,0,0,0,0,0,0,0,0,0,0,0
25343411,1537,32,2,0,0,0,0,0,0,0,0,0,0,0,0,0
25352364,1538,32,2,0,0,0,0,0,0,0,0,0,0,0,0,0
25361317,1539,32,2,0,0,0,0,0,0,0,0,0,0,0,0,0
25370270,1540,48,2,0,0,0,0,0,0,0,0,0,0,0,0,0
25380953,1541,32,2,0,0,0,0,0,0,0,0,0,0,0,0,0
25389905,1542,32,2,0,0,0,0,0,0,0,0,0,0,0,0,0
25398858,1543,32,2,0,0,0,0,0,0,0,0,0,0,0,0,0
25407811,1544,32,2,0,0,0,0,0,0,0,0,0,0,0,0,0
25416765,1545,48,2,0,0,0,0,0,0,0,0,0,0,0,0,0
25427446,1546,32,2,0,0,0,0,0,0,0,0,0,0,0,0,0
25436399,1547,32,2,0,0,0,0,0,0,0,0,0,0,0,0,0
25445352,1548,32,2,0,0,0,0,0,0,0,0,0,0,0,0,0
25454305,1549,32,2,0,0,0,0,0,0,0,0,0,0,0,0,0
25463258,1550,48,2,0,0,0,0,0,0,0,0,0,0,0,0,0
25473941,1551,32,2,0,0,0,0,0,0,0,0,0,0,0,0,0
25482893,1552,32,2,0,0,0,0,0,0,0,0,0,0,0,0,0
25491846,1553,32,2,0,0,0,0,0,0,0,0,0,0,0,0,0
25500799,1554,32,2,0,0,0,0,0,0,0,0,0,0,0,0,0
25509752,1555,48,2,0,0,0,0,0,0,0,0,0,0,0,0,0
25520434,1556,32,2,0,0,0,0,0,0,0,0,0,0,0,0,0
25529388,1557,32,2,0,0,0,0,0,0,0,0,0,0,0,0,0
25538340,1558,32,2,0,0,0,0,0,0,0,0,0,0,0,0,0
25547293,1559,32,2,0,0,0,0,0,0,0,0,0,0,0,0,0
25556246,1560,48,2,0,0,0,0,0,0,0,0,0,0,0,0,0
25566929,1561,32,2,0,0,0,0,0,0,0,0,0,0,0,0,0
25575881,1562,32,2,0,0,0,0,0,0,0,0,0,0,0,0,0
25584834,1563,32,2,0,0,0,0,0,0,0,0,0,0,0,0,0
25593787,1564,32,2,0,0,0,0,0,0,0,0,0,0,0,0,0
25602741,1565,48,2,0,0,0,0,0,0,0,0,0,0,0,0,0
25613422,1566,32,2,0,0,0,0,0,0,0,0,0,0,0,0,0
25622375,1567,32,2,0,0,0,0,0,0,0,0,0,0,0,0,0
25631328,1568,32,2,0,0,0,0,0,0,0,0,0,0,0,0,0
25640281,1569,32,2,0,0,0,0,0,0,0,0,0,0,0,0,0
25649234,1570,48,2,0,0,0,0,0,0,0,0,0,0,0,0,0
25659917,1571,32,2,0,0,0,0,0,0,0,0,0,0,0,0,0
25668869,1572,32,2,0,0,0,0,0,0,0,0,0,0,0,0,0
25677822,1573,32,2,0,0,0,0,0,0,0,0,0,0,0,0,0
25686775,1574,32,2,0,0,0,0,0,0,0,0,0,0,0,0,0
25695728,1575,48,2,0,0,0,0,0,0,0,0,0,0,0,0,0
25706410,1576,32,2,0,0,0,0,0,0,0,0,0,0,0,0,0
25715363,1577,32,2,0,0,0,0,0,0,0,0,0,0,0,0,0
25724316,1578,32,2,0,0,0,0,0,0,0,0,0,0,0,0,0
25733269,1579,32,2,0,0,0,0,0,0,0,0,0,0,0,0,0
25742222,1580,48,2,0,0,0,0,0,0,0,0,0,0,0,0,0
25752905,1581,32,2,0,0,0,0,0,0,0,0,0,0,0,0,0
25761858,1582,32,2,0,0,0,0,0,0,0,0,0,0,0,0,0
25770810,1583,32,2,0,0,0,0,0,0,0,0,0,0,0,0,0
25779763,1584,32,2,0,0,0,0,0,0,0,0,0,0,0,0,0
25788716,1585,48,2,0,0,0,0,0,0,0,0,0,0,0,0,0
25799398,1586,32,2,0,0,0,0,0,0,0,0,0,0,0,0,0
25808351,1587,32,2,0,0,0,0,0,0,0,0,0,0,0,0,0
25817304,1588,32,2,0,0,0,0,0,0,0,0,0,0,0,0,0
25826257,1589,32,2,0,0,0,0,0,0,0,0,0,0,0,0,0
25835210,1590,48,2,0,0,0,0,0,0,0,0,0,0,0,0,0
25845893,1591,32,2,0,0,0,0,0,0,0,0,0,0,0,0,0
25854845,1592,32,2,0,0,0,0,0,0,0,0,0,0,0,0,0
25863798,1593,32,2,0,0,0,0,0,0,0,0,0,0,0,0,0
25872751,1594,32,2,0,0,0,0,0,0,0,0,0,0,0,0,0
25881705,1595,48,2,0,0,0,0,0,0,0,0,0,0,0,0,0
25892386,1596,32,2,0,0,0,0,0,0,0,0,0,0,0,0,0
25901340,1597,32,2,0,0,0,0,0,0,0,0,0,0,0,0,0
25910292,1598,32,2,0,0,0,0,0,0,0,0,0,0,0,0,0
25919245,1599,32,2,0,0,0,0,0,0,0,0,0,0,0,0,0
25928198,1600,48,2,0,0,0,0,0,0,0,0,0,0,0,0,0
25938881,1601,32,2,0,0,0,0,0,0,0,0,0,0,0,0,0
25947834,1602,32,2,0,0,0,0,0,0,0,0,0,0,0,0,0
25956786,1603,32,2,0,0,0,0,0,0,0,0,0,0,0,0,0
25965739,1604,32,2,0,0,0,0,0,0,0,0,0,0,0,0,0
25974706,1605,48,2,0,0,0,0,0,0,0,0,0,0,0,0,0
25985376,1606,32,2,0,0,0,0,0,0,0,0,0,0,0,0,0
25994329,1607,32,2,0,0,0,0,0,0,0,0,0,0,0,0,0
26003282,1608,32,2,0,0,0,0,0,0,0,0,0,0,0,0,0
26012235,1609,32,2,0,0,0,0,0,0,0,0,0,0,0,0,0
26021188,1610,48,2,0,0,0,0,0,0,0,0,0,0,0,0,0
26031870,1611,32,2,0,0,0,0,0,0,0,0,0,0,0,0,0
26040823,1612,32,2,0,0,0,0,0,0,0,0,0,0,0,0,0
26049776,1613,32,2,0,0,0,0,0,0,0,0,0,0,0,0,0
26058729,1614,32,2,0,0,0,0,0,0,0,0,0,0,0,0,0
26067682,1615,48,2,0,0,0,0,0,0,0,0,0,0,0,0,0
26078364,1616,32,2,0,0,0,0,0,0,0,0,0,0,0,0,0
26087318,1617,32,2,0,0,0,0,0,0,0,0,0,0,0,0,0
26096270,1618,32,2,0,0,0,0,0,0,0,0,0,0,0,0,0
26105223,1619,32,2,0,0,0,0,0,0,0,0,0,0,0,0,0
26114176,1620,48,2,0,0,0,0,0,0,0,0,0,0,0,0,0
26124859,1621,32,2,0,0,0,0,0,0,0,0,0,0,0,0,0
26133811,1622,32,2,0,0,0,0,0,0,0,0,0,0,0,0,0
26142764,1623,32,2,0,0,0,0,0,0,0,0,0,0,0,0,0
26151717,1624,32,2,0,0,0,0,0,0,0,0,0,0,0,0,0
26160671,1625,48,2,0,0,0,0,0,0,0,0,0,0,0,0,0
26171352,1626,32,2,0,0,0,0,0,0,0,0,0,0,0,0,0
26180305,1627,32,2,0,0,0,0,0,0,0,0,0,0,0,0,0
26189258,1628,32,2,0,0,0,0,0,0,0,0,0,0,0,0,0
26198211,1629,32,2,0,0,0,0,0,0,0,0,0,0,0,0,0
26207164,1630,48,2,0,0,0,0,0,0,0,0,0,0,0,0,0
26217847,1631,32,2,0,0,0,0,0,0,0,0,0,0,0,0,0
26226799,1632,32,2,0,0,0,0,0,0,0,0,0,0,0,0,0
26235752,1633,32,2,0,0,0,0,0,0,0,0,0,0,0,0,0
26244705,1634,32,2,0,0,0,0,0,0,0,0,0,0,0,0,0
26253658,1635,48,2,0,0,0,0,0,0,0,0,0,0,0,0,0
26264340,1636,32,2,0,0,0,0,0,0,0,0,0,0,0,0,0
26273293,1637,32,2,0,0,0,0,0,0,0,0,0,0,0,0,0
26282246,1638,32,2,0,0,0,0,0,0,0,0,0,0,0,0,0
26291199,1639,32,2,0,0,0,0,0,0,0,0,0,0,0,0,0
26300152,1640,48,2,0,0,0,0,0,0,0,0,0,0,0,0,0
26310834,1641,32,2,0,0,0,0,0,0,0,0,0,0,0,0,0
26319787,1642,32,2,0,0,0,0,0,0,0,0,0,0,0,0,0
26328740,1643,32,2,0,0,0,0,0,0,0,0,0,0,0,0,0
26337693,1644,32,2,0,0,0,0,0,0,0,0,0,0,0,0,0
26346646,1645,48,2,0,0,0,0,0,0,0,0,0,0,0,0,0
26357328,1646,32,2,0,0,0,0,0,0,0,0,0,0,0,0,0
26366281,1647,32,2,0,0,0,0,0,0,0,0,0,0,0,0,0
26375234,1648,32,2,0,0,0,0,0,0,0,0,0,0,0,0,0
26384187,1649,32,2,0,0,0,0,0,0,0,0,0,0,0,0,0
26393140,1650,48,2,0,0,0,0,0,0,0,0,0,0,0,0,0
26403822,1651,32,2,0,0,0,0,0,0,0,0,0,0,0,0,0
26412776,1652,32,2,0,0,0,0,0,0,0,0,0,0,0,0,0
26421728,1653,32,2,0,0,0,0,0,0,0,0,0,0,0,0,0
26430682,1654,32,2,0,0,0,0,0,0,0,0,0,0,0,0,0
26439635,1655,48,2,0,0,0,0,0,0,0,0,0,0,0,0,0
26450316,1656,32,2,0,0,0,0,0,0,0,0,0,0,0,0,0
26459269,1657,32,2,0,0,0,0,0,0,0,0,0,0,0,0,0
26468222,1658,32,2,0,0,0,0,0,0,0,0,0,0,0,0,0
26477175,1659,32,2,0,0,0,0,0,0,0,0,0,0,0,0,0
26486128,1660,48,2,0,0,0,0,0,0,0,0,0,0,0,0,0
26496811,1661,32,2,0,0,0,0,0,0,0,0,0,0,0,0,0
26505764,1662,32,2,0,0,0,0,0,0,0,0,0,0,0,0,0
26514716,1663,32,2,0,0,0,0,0,0,0,0,0,0,0,0,0
26523669,1664,32,2,0,0,0,0,0,0,0,0,0,0,0,0,0
26532622,1665,48,2,0,0,0,0,0,0,0,0,0,0,0,0,0
26543304,1666,32,2,0,0,0,0,0,0,0,0,0,0,0,0,0
26552257,1667,32,2,0,0,0,0,0,0,0,0,0,0,0,0,0
26561210,1668,32,2,0,0,0,0,0,0,0,0,0,0,0,0,0
26570163,1669,32,2,0,0,0,0,0,0,0,0,0,0,0,0,0
26579116,1670,48,2,0,0,0,0,0,0,0,0,0,0,0,0,0
26589799,1671,32,2,0,0,0,0,0,0,0,0,0,0,0,0,0
26598751,1672,32,2,0,0,0,0,0,0,0,0,0,0,0,0,0
26607705,1673,32,2,0,0,0,0,0,0,0,0,0,0,0,0,0
26616657,1674,32,2,0,0,0,0,0,0,0,0,0,0,0,0,0
26625610,1675,48,2,0,0,0,0,0,0,0,0,0,0,0,0,0
26636292,1676,32,2,0,0,0,0,0,0,0,0,0,0,0,0,0
26645245,1677,32,2,0,0,0,0,0,0,0,0,0,0,0,0,0
26654198,1678,32,2,0,0,0,0,0,0,0,0,0,0,0,0,0
26663151,1679,32,2,0,0,0,0,0,0,0,0,0,0,0,0,0
26672104,1680,48,2,0,0,0,0,0,0,0,0,0,0,0,0,0
26682787,1681,32,2,0,0,0,0,0,0,0,0,0,0,0,0,0
26691739,1682,32,2,0,0,0,0,0,0,0,0,0,0,0,0,0
26700692,1683,32,2,0,0,0,0,0,0,0,0,0,0,0,0,0
26709645,1684,32,2,0,0,0,0,0,0,0,0,0,0,0,0,0
26718598,1685,48,2,0,0,0,0,0,0,0,0,0,0,0,0,0
26729280,1686,32,2,0,0,0,0,0,0,0,0,0,0,0,0,0
26738233,1687,32,2,0,0,0,0,0,0,0,0,0,0,0,0,0
26747186,1688,32,2,0,0,0,0,0,0,0,0,0,0,0,0,0
26756139,1689,32,2,0,0,0,0,0,0,0,0,0,0,0,0,0
26765092,1690,48,2,0,0,0,0,0,0,0,0,0,0,0,0,0
26775774,1691,32,2,0,0,0,0,0,0,0,0,0,0,0,0,0
26784727,1692,32,2,0,0,0,0,0,0,0,0,0,0,0,0,0
26793680,1693,32,2,0,0,0,0,0,0,0,0,0,0,0,0,0
26802633,1694,32,2,0,0,0,0,0,0,0,0,0,0,0,0,0
26811586,1695,48,2,0,0,0,0,0,0,0,0,0,0,0,0,0
26822268,1696,32,2,0,0,0,0,0,0,0,0,0,0,0,0,0
26831221,1697,32,2,0,0,0,0,0,0,0,0,0,0,0,0,0
26840174,1698,32,2,0,0,0,0,0,0,0,0,0,0,0,0,0
26849127,1699,32,2,0,0,0,0,0,0,0,0,0,0,0,0,0
26858080,1700,48,2,0,0,0,0,0,0,0,0,0,0,0,0,0
26877249,1701,32,2,0,0,0,0,0,0,0,0,0,0,0,0,0
26886189,1702,32,2,0,0,0,0,0,0,0,0,0,0,0,0,0
26895142,1703,32,2,0,0,0,0,0,0,0,0,0,0,0,0,0
26904095,1704,32,2,0,0,0,0,0,0,0,0,0,0,0,0,0
26913048,1705,48,2,0,0,0,0,0,0,0,0,0,0,0,0,0
26923730,1706,32,2,0,0,0,0,0,0,0,0,0,0,0,0,0
26932683,1707,32,2,0,0,0,0,0,0,0,0,0,0,0,0,0
26941636,1708,32,2,0,0,0,0,0,0,0,0,0,0,0,0,0
26950589,1709,32,2,0,0,0,0,0,0,0,0,0,0,0,0,0
26959542,1710,48,2,0,0,0,0,0,0,0,0,0,0,0,0,0
26970225,1711,32,2,0,0,0,0,0,0,0,0,0,0,0,0,0
26979177,1712,32,2,0,0,0,0,0,0,0,0,0,0,0,0,0
26988130,1713,32,2,0,0,0,0,0,0,0,0,0,0,0,0,0
26997083,1714,32,2,0,0,0,0,0,0,0,0,0,0,0,0,0
27006036,1715,48,2,0,0,0,0,0,0,0,0,0,0,0,0,0
27016718,1716,32,2,0,0,0,0,0,0,0,0,0,0,0,0,0
27025671,1717,32,2,0,0,0,0,0,0,0,0,0,0,0,0,0
27034624,1718,32,2,0,0,0,0,0,0,0,0,0,0,0,0,0
27043577,1719,32,2,0,0,0,0,0,0,0,0,0,0,0,0,0
27052530,1720,48,2,0,0,0,0,0,0,0,0,0,0,0,0,0
27063213,1721,32,2,0,0,0,0,0,0,0,0,0,0,0,0,0
27072165,1722,32,2,0,0,0,0,0,0,0,0,0,0,0,0,0
27081118,1723,32,2,0,0,0,0,0,0,0,0,0,0,0,0,0
27090072,1724,32,2,0,0,0,0,0,0,0,0,0,0,0,0,0
27099024,1725,48,2,0,0,0,0,0,0,0,0,0,0,0,0,0
27109706,1726,32,2,0,0,0,0,0,0,0,0,0,0,0,0,0
27118660,1727,32,2,0,0,0,0,0,0,0,0,0,0,0,0,0
27127612,1728,32,2,0,0,0,0,0,0,0,0,0,0,0,0,0
27136565,1729,32,2,0,0,0,0,0,0,0,0,0,0,0,0,0
27145519,1730,48,2,0,0,0,0,0,0,0,0,0,0,0,0,0
27156201,1731,32,2,0,0,0,0,0,0,0,0,0,0,0,0,0
27165153,1732,32,2,0,0,0,0,0,0,0,0,0,0,0,0,0
27174106,1733,32,2,0,0,0,0,0,0,0,0,0,0,0,0,0
27183059,1734,32,2,0,0,0,0,0,0,0,0,0,0,0,0,0
27192012,1735,48,2,0,0,0,0,0,0,0,0,0,0,0,0,0
27202694,1736,32,2,0,0,0,0,0,0,0,0,0,0,0,0,0
27211648,1737,32,2,0,0,0,0,0,0,0,0,0,0,0,0,0
27220600,1738,32,2,0,0,0,0,0,0,0,0,0,0,0,0,0
27229553,1739,32,2,0,0,0,0,0,0,0,0,0,0,0,0,0
27238506,1740,48,2,0,0,0,0,0,0,0,0,0,0,0,0,0
27249189,1741,32,2,0,0,0,0,0,0,0,0,0,0,0,0,0
27258141,1742,32,2,0,0,0,0,0,0,0,0,0,0,0,0,0
27267094,1743,32,2,0,0,0,0,0,0,0,0,0,0,0,0,0
27276047,1744,32,2,0,0,0,0,0,0,0,0,0,0,0,0,0
27285000,1745,48,2,0,0,0,0,0,0,0,0,0,0,0,0,0
27295682,1746,32,2,0,0,0,0,0,0,0,0,0,0,0,0,0
27304635,1747,32,2,0,0,0,0,0,0,0,0,0,0,0,0,0
27313588,1748,32,2,0,0,0,0,0,0,0,0,0,0,0,0,0
27322541,1749,32,2,0,0,0,0,0,0,0,0,0,0,0,0,0
27331494,1750,48,2,0,0,0,0,0,0,0,0,0,0,0,0,0
27342177,1751,32,2,0,0,0,0,0,0,0,0,0,0,0,0,0
27351129,1752,32,2,0,0,0,0,0,0,0,0,0,0,0,0,0
27360082,1753,32,2,0,0,0,0,0,0,0,0,0,0,0,0,0
27369035,1754,32,2,0,0,0,0,0,0,0,0,0,0,0,0,0
27377988,1755,48,2,0,0,0,0,0,0,0,0,0,0,0,0,0
27388670,1756,32,2,0,0,0,0,0,0,0,0,0,0,0,0,0
27397623,1757,32,2,0,0,0,0,0,0,0,0,0,0,0,0,0
27406576,1758,32,2,0,0,0,0,0,0,0,0,0,0,0,0,0
27415529,1759,32,2,0,0,0,0,0,0,0,0,0,0,0,0,0
27424483,1760,48,2,0,0,0,0,0,0,0,0,0,0,0,0,0
27435164,1761,32,2,0,0,0,0,0,0,0,0,0,0,0,0,0
27444117,1762,32,2,0,0,0,0,0,0,0,0,0,0,0,0,0
27453070,1763,32,2,0,0,0,0,0,0,0,0,0,0,0,0,0
27462023,1764,32,2,0,0,0,0,0,0,0,0,0,0,0,0,0
27470976,1765,48,2,0,0,0,0,0,0,0,0,0,0,0,0,0
27481658,1766,32,2,0,0,0,0,0,0,0,0,0,0,0,0,0
27490611,1767,32,2,0,0,0,0,0,0,0,0,0,0,0,0,0
27499564,1768,32,2,0,0,0,0,0,0,0,0,0,0,0,0,0
27508517,1769,32,2,0,0,0,0,0,0,0,0,0,0,0,0,0
27517470,1770,48,2,0,0,0,0,0,0,0,0,0,0,0,0,0
27528153,1771,32,2,0,0,0,0,0,0,0,0,0,0,0,0,0
27537105,1772,32,2,0,0,0,0,0,0,0,0,0,0,0,0,0
27546058,1773,32,2,0,0,0,0,0,0,0,0,0,0,0,0,0
27555011,1774,32,2,0,0,0,0,0,0,0,0,0,0,0,0,0
27563964,1775,48,2,0,0,0,0,0,0,0,0,0,0,0,0,0
27574646,1776,32,2,0,0,0,0,0,0,0,0,0,0,0,0,0
27583599,1777,32,2,0,0,0,0,0,0,0,0,0,0,0,0,0
27592552,1778,32,2,0,0,0,0,0,0,0,0,0,0,0,0,0
27601505,1779,32,2,0,0,0,0,0,0,0,0,0,0,0,0,0
27610458,1780,48,2,0,0,0,0,0,0,0,0,0,0,0,0,0
27621141,1781,32,2,0,0,0,0,0,0,0,0,0,0,0,0,0
27630093,1782,32,2,0,0,0,0,0,0,0,0,0,0,0,0,0
27639046,1783,32,2,0,0,0,0,0,0,0,0,0,0,0,0,0
27647999,1784,32,2,0,0,0,0,0,0,0,0,0,0,0,0,0
27656952,1785,48,2,0,0,0,0,0,0,0,0,0,0,0,0,0
27667634,1786,32,2,0,0,0,0,0,0,0,0,0,0,0,0,0
27676588,1787,32,2,0,0,0,0,0,0,0,0,0,0,0,0,0
27685540,1788,32,2,0,0,0,0,0,0,0,0,0,0,0,0,0
27694493,1789,32,2,0,0,0,0,0,0,0,0,0,0,0,0,0
27703446,1790,48,2,0,0,0,0,0,0,0,0,0,0,0,0,0
27714128,1791,32,2,0,0,0,0,0,0,0,0,0,0,0,0,0
27723081,1792,32,2,0,0,0,0,0,0,0,0,0,0,0,0,0
27732034,1793,32,2,0,0,0,0,0,0,0,0,0,0,0,0,0
27740987,1794,32,2,0,0,0,0,0,0,0,0,0,0,0,0,0
27749940,1795,48,2,0,0,0,0,0,0,0,0,0,0,0,0,0
27760622,1796,32,2,0,0,0,0,0,0,0,0,0,0,0,0,0
27769575,1797,32,2,0,0,0,0,0,0,0,0,0,0,0,0,0
27778529,1798,32,2,0,0,0,0,0,0,0,0,0,0,0,0,0
27787481,1799,32,2,0,0,0,0,0,0,0,0,0,0,0,0,0
27796434,1800,48,2,0,0,0,0,0,0,0,0,0,0,0,0,0
27807117,1801,32,2,0,0,0,0,0,0,0,0,0,0,0,0,0
27816069,1802,32,2,0,0,0,0,0,0,0,0,0,0,0,0,0
27825022,1803,32,2,0,0,0,0,0,0,0,0,0,0,0,0,0
27833975,1804,32,2,0,0,0,0,0,0,0,0,0,0,0,0,0
27842928,1805,48,2,0,0,0,0,0,0,0,0,0,0,0,0,0
27853610,1806,32,2,0,0,0,0,0,0,0,0,0,0,0,0,0
27862563,1807,32,2,0,0,0,0,0,0,0,0,0,0,0,0,0
27871516,1808,32,2,0,0,0,0,0,0,0,0,0,0,0,0,0
27880469,1809,32,2,0,0,0,0,0,0,0,0,0,0,0,0,0
27889422,1810,48,2,0,0,0,0,0,0,0,0,0,0,0,0,0
27900105,1811,32,2,0,0,0,0,0,0,0,0,0,0,0,0,0
27909057,1812,32,2,0,0,0,0,0,0,0,0,0,0,0,0,0
27918010,1813,32,2,0,0,0,0,0,0,0,0,0,0,0,0,0
27926963,1814,32,2,0,0,0,0,0,0,0,0,0,0,0,0,0
27935916,1815,48,2,0,0,0,0,0,0,0,0,0,0,0,0,0
27946598,1816,32,2,0,0,0,0,0,0,0,0,0,0,0,0,0
27955552,1817,32,2,0,0,0,0,0,0,0,0,0,0,0,0,0
27964505,1818,32,2,0,0,0,0,0,0,0,0,0,0,0,0,0
27973457,1819,32,2,0,0,0,0,0,0,0,0,0,0,0,0,0
27982410,1820,48,2,0,0,0,0,0,0,0,0,0,0,0,0,0
27993093,1821,32,2,0,0,0,0,0,0,0,0,0,0,0,0,0
28002045,1822,32,2,0,0,0,0,0,0,0,0,0,0,0,0,0
28010998,1823,32,2,0,0,0,0,0,0,0,0,0,0,0,0,0
28019951,1824,32,2,0,0,0,0,0,0,0,0,0,0,0,0,0
28028904,1825,48,2,0,0,0,0,0,0,0,0,0,0,0,0,0
28039586,1826,32,2,0,0,0,0,0,0,0,0,0,0,0,0,0
28048539,1827,32,2,0,0,0,0,0,0,0,0,0,0,0,0,0
28057492,1828,32,2,0,0,0,0,0,0,0,0,0,0,0,0,0
28066445,1829,32,2,0,0,0,0,0,0,0,0,0,0,0,0,0
28075398,1830,48,2,0,0,0,0,0,0,0,0,0,0,0,0,0
28086081,1831,32,2,0,0,0,0,0,0,0,0,0,0,0,0,0
28095033,1832,32,2,0,0,0,0,0,0,0,0,0,0,0,0,0
28103986,1833,32,2,0,0,0,0,0,0,0,0,0,0,0,0,0
28112939,1834,32,2,0,0,0,0,0,0,0,0,0,0,0,0,0
28121892,1835,48,2,0,0,0,0,0,0,0,0,0,0,0,0,0
28132574,1836,32,2,0,0,0,0,0,0,0,0,0,0,0,0,0
28141528,1837,32,2,0,0,0,0,0,0,0,0,0,0,0,0,0
28150480,1838,32,2,0,0,0,0,0,0,0,0,0,0,0,0,0
28159433,1839,32,2,0,0,0,0,0,0,0,0,0,0,0,0,0
28168386,1840,48,2,0,0,0,0,0,0,0,0,0,0,0,0,0
28179069,1841,32,2,0,0,0,0,0,0,0,0,0,0,0,0,0
28188021,1842,32,2,0,0,0,0,0,0,0,0,0,0,0,0,0
28196974,1843,32,2,0,0,0,0,0,0,0,0,0,0,0,0,0
28205927,1844,32,2,0,0,0,0,0,0,0,0,0,0,0,0,0
28214880,1845,48,2,0,0,0,0,0,0,0,0,0,0,0,0,0
28225562,1846,32,2,0,0,0,0,0,0,0,0,0,0,0,0,0
28234516,1847,32,2,0,0,0,0,0,0,0,0,0,0,0,0,0
28243468,1848,32,2,0,0,0,0,0,0,0,0,0,0,0,0,0
28252421,1849,32,2,0,0,0,0,0,0,0,0,0,0,0,0,0
28261374,1850,48,2,0,0,0,0,0,0,0,0,0,0,0,0,0
28272057,1851,32,2,0,0,0,0,0,0,0,0,0,0,0,0,0
28281009,1852,32,2,0,0,0,0,0,0,0,0,0,0,0,0,0
28289962,1853,32,2,0,0,0,0,0,0,0,0,0,0,0,0,0
28298915,1854,32,2,0,0,0,0,0,0,0,0,0,0,0,0,0
28307868,1855,48,2,0,0,0,0,0,0,0,0,0,0,0,0,0
28318550,1856,32,2,0,0,0,0,0,0,0,0,0,0,0,0,0
28327503,1857,32,2,0,0,0,0,0,0,0,0,0,0,0,0,0
28336457,1858,32,2,0,0,0,0,0,0,0,0,0,0,0,0,0
28345409,1859,32,2,0,0,0,0,0,0,0,0,0,0,0,0,0
28354362,1860,48,2,0,0,0,0,0,0,0,0,0,0,0,0,0
28365045,1861,32,2,0,0,0,0,0,0,0,0,0,0,0,0,0
28373997,1862,32,2,0,0,0,0,0,0,0,0,0,0,0,0,0
28382950,1863,32,2,0,0,0,0,0,0,0,0,0,0,0,0,0
28391904,1864,32,2,0,0,0,0,0,0,0,0,0,0,0,0,0
28400856,1865,48,2,0,0,0,0,0,0,0,0,0,0,0,0,0
28411538,1866,32,2,0,0,0,0,0,0,0,0,0,0,0,0,0
28420491,1867,32,2,0,0,0,0,0,0,0,0,0,0,0,0,0
28429444,1868,32,2,0,0,0,0,0,0,0,0,0,0,0,0,0
28438397,1869,32,2,0,0,0,0,0,0,0,0,0,0,0,0,0
28447351,1870,48,2,0,0,0,0,0,0,0,0,0,0,0,0,0
28471422,1871,32,2,0,0,0,0,0,0,0,0,0,0,0,0,0
28480363,1872,32,2,0,0,0,0,0,0,0,0,0,0,0,0,0
28489316,1873,32,2,0,0,0,0,0,0,0,0,0,0,0,0,0
28498269,1874,32,2,0,0,0,0,0,0,0,0,0,0,0,0,0
28507222,1875,48,2,0,0,0,0,0,0,0,0,0,0,0,0,0
28517904,1876,32,2,0,0,0,0,0,0,0,0,0,0,0,0,0
28526857,1877,32,2,0,0,0,0,0,0,0,0,0,0,0,0,0
28535810,1878,32,2,0,0,0,0,0,0,0,0,0,0,0,0,0
28544763,1879,32,2,0,0,0,0,0,0,0,0,0,0,0,0,0
28553716,1880,48,2,0,0,0,0,0,0,0,0,0,0,0,0,0
28564398,1881,32,2,0,0,0,0,0,0,0,0,0,0,0,0,0
28573351,1882,32,2,0,0,0,0,0,0,0,0,0,0,0,0,0
28582304,1883,32,2,0,0,0,0,0,0,0,0,0,0,0,0,0
28591257,1884,32,2,0,0,0,0,0,0,0,0,0,0,0,0,0
28600210,1885,48,2,0,0,0,0,0,0,0,0,0,0,0,0,0
28610892,1886,32,2,0,0,0,0,0,0,0,0,0,0,0,0,0
28619845,1887,32,2,0,0,0,0,0,0,0,0,0,0,0,0,0
28628798,1888,32,2,0,0,0,0,0,0,0,0,0,0,0,0,0
28637751,1889,32,2,0,0,0,0,0,0,0,0,0,0,0,0,0
28646705,1890,48,2,0,0,0,0,0,0,0,0,0,0,0,0,0
28657387,1891,32,2,0,0,0,0,0,0,0,0,0,0,0,0,0
28666339,1892,32,2,0,0,0,0,0,0,0,0,0,0,0,0,0
28675292,1893,32,2,0,0,0,0,0,0,0,0,0,0,0,0,0
28684245,1894,32,2,0,0,0,0,0,0,0,0,0,0,0,0,0
28693198,1895,48,2,0,0,0,0,0,0,0,0,0,0,0,0,0
28703880,1896,32,2,0,0,0,0,0,0,0,0,0,0,0,0,0
28712834,1897,32,2,0,0,0,0,0,0,0,0,0,0,0,0,0
28721786,1898,32,2,0,0,0,0,0,0,0,0,0,0,0,0,0
28730739,1899,32,2,0,0,0,0,0,0,0,0,0,0,0,0,0
28739692,1900,48,2,0,0,0,0,0,0,0,0,0,0,0,0,0
28750375,1901,32,2,0,0,0,0,0,0,0,0,0,0,0,0,0
28759327,1902,32,2,0,0,0,0,0,0,0,0,0,0,0,0,0
28768280,1903,32,2,0,0,0,0,0,0,0,0,0,0,0,0,0
28777233,1904,32,2,0,0,0,0,0,0,0,0,0,0,0,0,0
28786186,1905,48,2,0,0,0,0,0,0,0,0,0,0,0,0,0
28796868,1906,32,2,0,0,0,0,0,0,0,0,0,0,0,0,0
28805822,1907,32,2,0,0,0,0,0,0,0,0,0,0,0,0,0
28814774,1908,32,2,0,0,0,0,0,0,0,0,0,0,0,0,0
28823727,1909,32,2,0,0,0,0,0,0,0,0,0,0,0,0,0
28832680,1910,48,2,0,0,0,0,0,0,0,0,0,0,0,0,0
28843363,1911,32,2,0,0,0,0,0,0,0,0,0,0,0,0,0
28852315,1912,32,2,0,0,0,0,0,0,0,0,0,0,0,0,0
28861268,1913,32,2,0,0,0,0,0,0,0,0,0,0,0,0,0
28870221,1914,32,2,0,0,0,0,0,0,0,0,0,0,0,0,0
28879174,1915,48,2,0,0,0,0,0,0,0,0,0,0,0,0,0
28889856,1916,32,2,0,0,0,0,0,0,0,0,0,0,0,0,0
28898809,1917,32,2,0,0,0,0,0,0,0,0,0,0,0,0,0
28907762,1918,32,2,0,0,0,0,0,0,0,0,0,0,0,0,0
28916715,1919,32,2,0,0,0,0,0,0,0,0,0,0,0,0,0
28925668,1920,48,2,0,0,0,0,0,0,0,0,0,0,0,0,0
28936351,1921,32,2,0,0,0,0,0,0,0,0,0,0,0,0,0
28945303,1922,32,2,0,0,0,0,0,0,0,0,0,0,0,0,0
28954257,1923,32,2,0,0,0,0,0,0,0,0,0,0,0,0,0
28963209,1924,32,2,0,0,0,0,0,0,0,0,0,0,0,0,0
28972162,1925,48,2,0,0,0,0,0,0,0,0,0,0,0,0,0
28982844,1926,32,2,0,0,0,0,0,0,0,0,0,0,0,0,0
28991797,1927,32,2,0,0,0,0,0,0,0,0,0,0,0,0,0
29000750,1928,32,2,0,0,0,0,0,0,0,0,0,0,0,0,0
29009703,1929,32,2,0,0,0,0,0,0,0,0,0,0,0,0,0
29018656,1930,48,2,0,0,0,0,0,0,0,0,0,0,0,0,0
29029339,1931,32,2,0,0,0,0,0,0,0,0,0,0,0,0,0
29038291,1932,32,2,0,0,0,0,0,0,0,0,0,0,0,0,0
29047244,1933,32,2,0,0,0,0,0,0,0,0,0,0,0,0,0
29056197,1934,32,2,0,0,0,0,0,0,0,0,0,0,0,0,0
29065150,1935,48,2,0,0,0,0,0,0,0,0,0,0,0,0,0
29075832,1936,32,2,0,0,0,0,0,0,0,0,0,0,0,0,0
29084786,1937,32,2,0,0,0,0,0,0,0,0,0,0,0,0,0
29093738,1938,32,2,0,0,0,0,0,0,0,0,0,0,0,0,0
29102691,1939,32,2,0,0,0,0,0,0,0,0,0,0,0,0,0
29111644,1940,48,2,0,0,0,0,0,0,0,0,0,0,0,0,0
29122326,1941,32,2,0,0,0,0,0,0,0,0,0,0,0,0,0
29131279,1942,32,2,0,0,0,0,0,0,0,0,0,0,0,0,0
29140232,1943,32,2,0,0,0,0,0,0,0,0,0,0,0,0,0
29149185,1944,32,2,0,0,0,0,0,0,0,0,0,0,0,0,0
29158138,1945,48,2,0,0,0,0,0,0,0,0,0,0,0,0,0
29168820,1946,32,2,0,0,0,0,0,0,0,0,0,0,0,0,0
29177773,1947,32,2,0,0,0,0,0,0,0,0,0,0,0,0,0
29186726,1948,32,2,0,0,0,0,0,0,0,0,0,0,0,0,0
29195679,1949,32,2,0,0,0,0,0,0,0,0,0,0,0,0,0
29204632,1950,48,2,0,0,0,0,0,0,0,0,0,0,0,0,0
29215314,1951,32,2,0,0,0,0,0,0,0,0,0,0,0,0,0
29224267,1952,32,2,0,0,0,0,0,0,0,0,0,0,0,0,0
29233220,1953,32,2,0,0,0,0,0,0,0,0,0,0,0,0,0
29242173,1954,32,2,0,0,0,0,0,0,0,0,0,0,0,0,0
29251126,1955,48,2,0,0,0,0,0,0,0,0,0,0,0,0,0
29261808,1956,32,2,0,0,0,0,0,0,0,0,0,0,0,0,0
29270761,1957,32,2,0,0,0,0,0,0,0,0,0,0,0,0,0
29279714,1958,32,2,0,0,0,0,0,0,0,0,0,0,0,0,0
29288667,1959,32,2,0,0,0,0,0,0,0,0,0,0,0,0,0
29297621,1960,48,2,0,0,0,0,0,0,0,0,0,0,0,0,0
29308303,1961,32,2,0,0,0,0,0,0,0,0,0,0,0,0,0
29317255,1962,32,2,0,0,0,0,0,0,0,0,0,0,0,0,0
29326208,1963,32,2,0,0,0,0,0,0,0,0,0,0,0,0,0
29335161,1964,32,2,0,0,0,0,0,0,0,0,0,0,0,0,0
29344114,1965,48,2,0,0,0,0,0,0,0,0,0,0,0,0,0
29354796,1966,32,2,0,0,0,0,0,0,0,0,0,0,0,0,0
29363749,1967,32,2,0,0,0,0,0,0,0,0,0,0,0,0,0
29372702,1968,32,2,0,0,0,0,0,0,0,0,0,0,0,0,0
29381655,1969,32,2,0,0,0,0,0,0,0,0,0,0,0,0,0
29390608,1970,48,2,0,0,0,0,0,0,0,0,0,0,0,0,0
29401291,1971,32,2,0,0,0,0,0,0,0,0,0,0,0,0,0
29410243,1972,32,2,0,0,0,0,0,0,0,0,0,0,0,0,0
29419196,1973,32,2,0,0,0,0,0,0,0,0,0,0,0,0,0
29428149,1974,32,2,0,0,0,0,0,0,0,0,0,0,0,0,0
29437102,1975,48,2,0,0,0,0,0,0,0,0,0,0,0,0,0
29447784,1976,32,2,0,0,0,0,0,0,0,0,0,0,0,0,0
29456738,1977,32,2,0,0,0,0,0,0,0,0,0,0,0,0,0
29465690,1978,32,2,0,0,0,0,0,0,0,0,0,0,0,0,0
29474644,1979,32,2,0,0,0,0,0,0,0,0,0,0,0,0,0
29483596,1980,48,2,0,0,0,0,0,0,0,0,0,0,0,0,0
29494278,1981,32,2,0,0,0,0,0,0,0,0,0,0,0,0,0
29503231,1982,32,2,0,0,0,0,0,0,0,0,0,0,0,0,0
29512184,1983,32,2,0,0,0,0,0,0,0,0,0,0,0,0,0
29521137,1984,32,2,0,0,0,0,0,0,0,0,0,0,0,0,0
29530090,1985,48,2,0,0,0,0,0,0,0,0,0,0,0,0,0
29540772,1986,32,2,0,0,0,0,0,0,0,0,0,0,0,0,0
29549725,1987,32,2,0,0,0,0,0,0,0,0,0,0,0,0,0
29558678,1988,32,2,0,0,0,0,0,0,0,0,0,0,0,0,0
29567631,1989,32,2,0,0,0,0,0,0,0,0,0,0,0,0,0
29576584,1990,48,2,0,0,0,0,0,0,0,0,0,0,0,0,0
29587267,1991,32,2,0,0,0,0,0,0,0,0,0,0,0,0,0
29596219,1992,32,2,0,0,0,0,0,0,0,0,0,0,0,0,0
29605172,1993,32,2,0,0,0,0,0,0,0,0,0,0,0,0,0
29614125,1994,32,2,0,0,0,0,0,0,0,0,0,0,0,0,0
29623078,1995,48,2,0,0,0,0,0,0,0,0,0,0,0,0,0
29633760,1996,32,2,0,0,0,0,0,0,0,0,0,0,0,0,0
29642713,1997,32,2,0,0,0,0,0,0,0,0,0,0,0,0,0
29651666,1998,32,2,0,0,0,0,0,0,0,0,0,0,0,0,0
29660619,1999,32,2,0,0,0,0,0,0,0,0,0,0,0,0,0
29669572,2000,48,2,0,0,0,0,0,0,0,0,0,0,0,0,0
29680254,2001,32,2,0,0,0,0,0,0,0,0,0,0,0,0,0
29689207,2002,32,2,0,0,0,0,0,0,0,0,0,0,0,0,0
29698160,2003,32,2,0,0,0,0,0,0,0,0,0,0,0,0,0
29707113,2004,32,2,0,0,0,0,0,0,0,0,0,0,0,0,0
29716066,2005,48,2,0,0,0,0,0,0,0,0,0,0,0,0,0
29726748,2006,32,2,0,0,0,0,0,0,0,0,0,0,0,0,0
29735702,2007,32,2,0,0,0,0,0,0,0,0,0,0,0,0,0
29744655,2008,32,2,0,0,0,0,0,0,0,0,0,0,0,0,0
29753607,2009,32,2,0,0,0,0,0,0,0,0,0,0,0,0,0
29762561,2010,48,2,0,0,0,0,0,0,0,0,0,0,0,0,0
29773243,2011,32,2,0,0,0,0,0,0,0,0,0,0,0,0,0
29782195,2012,32,2,0,0,0,0,0,0,0,0,0,0,0,0,0
29791148,2013,32,2,0,0,0,0,0,0,0,0,0,0,0,0,0
29800101,2014,32,2,0,0,0,0,0,0,0,0,0,0,0,0,0
29809054,2015,48,2,0,0,0,0,0,0,0,0,0,0,0,0,0
29819736,2016,32,2,0,0,0,0,0,0,0,0,0,0,0,0,0
29828689,2017,32,2,0,0,0,0,0,0,0,0,0,0,0,0,0
29837642,2018,32,2,0,0,0,0,0,0,0,0,0,0,0,0,0
29846596,2019,32,2,0,0,0,0,0,0,0,0,0,0,0,0,0
29855549,2020,48,2,0,0,0,0,0,0,0,0,0,0,0,0,0
29866231,2021,32,2,0,0,0,0,0,0,0,0,0,0,0,0,0
29875183,2022,32,2,0,0,0,0,0,0,0,0,0,0,0,0,0
29884136,2023,32,2,0,0,0,0,0,0,0,0,0,0,0,0,0
29893090,2024,32,2,0,0,0,0,0,0,0,0,0,0,0,0,0
29902042,2025,48,2,0,0,0,0,0,0,0,0,0,0,0,0,0
29912724,2026,32,2,0,0,0,0,0,0,0,0,0,0,0,0,0
29921677,2027,32,2,0,0,0,0,0,0,0,0,0,0,0,0,0
29930630,2028,32,2,0,0,0,0,0,0,0,0,0,0,0,0,0
29939583,2029,32,2,0,0,0,0,0,0,0,0,0,0,0,0,0
29948536,2030,48,2,0,0,0,0,0,0,0,0,0,0,0,0,0
29959218,2031,32,2,0,0,0,0,0,0,0,0,0,0,0,0,0
29968171,2032,32,2,0,0,0,0,0,0,0,0,0,0,0,0,0
29977124,2033,32,2,0,0,0,0,0,0,0,0,0,0,0,0,0
29986077,2034,32,2,0,0,0,0,0,0,0,0,0,0,0,0,0
29995030,2035,48,2,0,0,0,0,0,0,0,0,0,0,0,0,0
30005712,2036,32,2,0,0,0,0,0,0,0,0,0,0,0,0,0
30014665,2037,32,2,0,0,0,0,0,0,0,0,0,0,0,0,0
30023619,2038,32,2,0,0,0,0,0,0,0,0,0,0,0,0,0
30032572,2039,32,2,0,0,0,0,0,0,0,0,0,0,0,0,0
30041525,2040,48,2,0,0,0,0,0,0,0,0,0,0,0,0,0
30056450,2041,32,2,0,0,0,0,0,0,0,0,0,0,0,0,0
30065391,2042,32,2,0,0,0,0,0,0,0,0,0,0,0,0,0
30074344,2043,32,2,0,0,0,0,0,0,0,0,0,0,0,0,0
30083297,2044,32,2,0,0,0,0,0,0,0,0,0,0,0,0,0
30092250,2045,48,2,0,0,0,0,0,0,0,0,0,0,0,0,0
30102932,2046,32,2,0,0,0,0,0,0,0,0,0,0,0,0,0
30111885,2047,32,2,0,0,0,0,0,0,0,0,0,0,0,0,0
30120838,2048,32,2,0,0,0,0,0,0,0,0,0,0,0,0,0
30129792,2049,32,2,0,0,0,0,0,0,0,0,0,0,0,0,0
30138744,2050,48,2,0,0,0,0,0,0,0,0,0,0,0,0,0
30149426,2051,32,2,0,0,0,0,0,0,0,0,0,0,0,0,0
30158379,2052,32,2,0,0,0,0,0,0,0,0,0,0,0,0,0
30167332,2053,32,2,0,0,0,0,0,0,0,0,0,0,0,0,0
30176285,2054,32,2,0,0,0,0,0,0,0,0,0,0,0,0,0
30185238,2055,48,2,0,0,0,0,0,0,0,0,0,0,0,0,0
30195920,2056,32,2,0,0,0,0,0,0,0,0,0,0,0,0,0
30204873,2057,32,2,0,0,0,0,0,0,0,0,0,0,0,0,0
30213826,2058,32,2,0,0,0,0,0,0,0,0,0,0,0,0,0
30222780,2059,32,2,0,0,0,0,0,0,0,0,0,0,0,0,0
30231732,2060,48,2,0,0,0,0,0,0,0,0,0,0,0,0,0
30242415,2061,32,2,0,0,0,0,0,0,0,0,0,0,0,0,0
30251368,2062,32,2,0,0,0,0,0,0,0,0,0,0,0,0,0
30260321,2063,32,2,0,0,0,0,0,0,0,0,0,0,0,0,0
30269273,2064,32,2,0,0,0,0,0,0,0,0,0,0,0,0,0
30278226,2065,48,2,0,0,0,0,0,0,0,0,0,0,0,0,0
30288908,2066,32,2,0,0,0,0,0,0,0,0,0,0,0,0,0
30297861,2067,32,2,0,0,0,0,0,0,0,0,0,0,0,0,0
30306814,2068,32,2,0,0,0,0,0,0,0,0,0,0,0,0,0
30315767,2069,32,2,0,0,0,0,0,0,0,0,0,0,0,0,0
30324720,2070,48,2,0,0,0,0,0,0,0,0,0,0,0,0,0
30335403,2071,32,2,0,0,0,0,0,0,0,0,0,0,0,0,0
30344355,2072,32,2,0,0,0,0,0,0,0,0,0,0,0,0,0
30353308,2073,32,2,0,0,0,0,0,0,0,0,0,0,0,0,0
30362261,2074,32,2,0,0,0,0,0,0,0,0,0,0,0,0,0
30371214,2075,48,2,0,0,0,0,0,0,0,0,0,0,0,0,0
30381896,2076,32,2,0,0,0,0,0,0,0,0,0,0,0,0,0
30390849,2077,32,2,0,0,0,0,0,0,0,0,0,0,0,0,0
30399802,2078,32,2,0,0,0,0,0,0,0,0,0,0,0,0,0
30408755,2079,32,2,0,0,0,0,0,0,0,0,0,0,0,0,0
30417708,2080,48,2,0,0,0,0,0,0,0,0,0,0,0,0,0
30428391,2081,32,2,0,0,0,0,0,0,0,0,0,0,0,0,0
30437343,2082,32,2,0,0,0,0,0,0,0,0,0,0,0,0,0
30446296,2083,32,2,0,0,0,0,0,0,0,0,0,0,0,0,0
30455249,2084,32,2,0,0,0,0,0,0,0,0,0,0,0,0,0
30464202,2085,48,2,0,0,0,0,0,0,0,0,0,0,0,0,0
30474884,2086,32,2,0,0,0,0,0,0,0,0,0,0,0,0,0
30483837,2087,32,2,0,0,0,0,0,0,0,0,0,0,0,0,0
30492791,2088,32,2,0,0,0,0,0,0,0,0,0,0,0,0,0
30501743,2089,32,2,0,0,0,0,0,0,0,0,0,0,0,0,0
30510696,2090,48,2,0,0,0,0,0,0,0,0,0,0,0,0,0
30521379,2091,32,2,0,0,0,0,0,0,0,0,0,0,0,0,0
30530332,2092,32,2,0,0,0,0,0,0,0,0,0,0,0,0,0
30539284,2093,32,2,0,0,0,0,0,0,0,0,0,0,0,0,0
30548237,2094,32,2,0,0,0,0,0,0,0,0,0,0,0,0,0
30557190,2095,48,2,0,0,0,0,0,0,0,0,0,0,0,0,0
30567872,2096,32,2,0,0,0,0,0,0,0,0,0,0,0,0,0
30576825,2097,32,2,0,0,0,0,0,0,0,0,0,0,0,0,0
30585778,2098,32,2,0,0,0,0,0,0,0,0,0,0,0,0,0
30594731,2099,32,2,0,0,0,0,0,0,0,0,0,0,0,0,0
30603684,2100,48,2,0,0,0,0,0,0,0,0,0,0,0,0,0
30614367,2101,32,2,0,0,0,0,0,0,0,0,0,0,0,0,0
30623319,2102,32,2,0,0,0,0,0,0,0,0,0,0,0,0,0
30632272,2103,32,2,0,0,0,0,0,0,0,0,0,0,0,0,0
30641225,2104,32,2,0,0,0,0,0,0,0,0,0,0,0,0,0
30650178,2105,48,2,0,0,0,0,0,0,0,0,0,0,0,0,0
30660860,2106,32,2,0,0,0,0,0,0,0,0,0,0,0,0,0
30669813,2107,32,2,0,0,0,0,0,0,0,0,0,0,0,0,0
30678766,2108,32,2,0,0,0,0,0,0,0,0,0,0,0,0,0
30687720,2109,32,2,0,0,0,0,0,0,0,0,0,0,0,0,0
30696673,2110,48,2,0,0,0,0,0,0,0,0,0,0,0,0,0
30707355,2111,32,2,0,0,0,0,0,0,0,0,0,0,0,0,0
30716307,2112,32,2,0,0,0,0,0,0,0,0,0,0,0,0,0
30725260,2113,32,2,0,0,0,0,0,0,0,0,0,0,0,0,0
30734213,2114,32,2,0,0,0,0,0,0,0,0,0,0,0,0,0
30743166,2115,48,2,0,0,0,0,0,0,0,0,0,0,0,0,0
30753848,2116,32,2,0,0,0,0,0,0,0,0,0,0,0,0,0
30762801,2117,32,2,0,0,0,0,0,0,0,0,0,0,0,0,0
30771754,2118,32,2,0,0,0,0,0,0,0,0,0,0,0,0,0
30780707,2119,32,2,0,0,0,0,0,0,0,0,0,0,0,0,0
30789660,2120,48,2,0,0,0,0,0,0,0,0,0,0,0,0,0
30800343,2121,32,2,0,0,0,0,0,0,0,0,0,0,0,0,0
30809295,2122,32,2,0,0,0,0,0,0,0,0,0,0,0,0,0
30818248,2123,32,2,0,0,0,0,0,0,0,0,0,0,0,0,0
30827201,2124,32,2,0,0,0,0,0,0,0,0,0,0,0,0,0
30836154,2125,48,2,0,0,0,0,0,0,0,0,0,0,0,0,0
30846836,2126,32,2,0,0,0,0,0,0,0,0,0,0,0,0,0
30855789,2127,32,2,0,0,0,0,0,0,0,0,0,0,0,0,0
30864742,2128,32,2,0,0,0,0,0,0,0,0,0,0,0,0,0
30873696,2129,32,2,0,0,0,0,0,0,0,0,0,0,0,0,0
30882648,2130,48,2,0,0,0,0,0,0,0,0,0,0,0,0,0
30893331,2131,32,2,0,0,0,0,0,0,0,0,0,0,0,0,0
30902283,2132,32,2,0,0,0,0,0,0,0,0,0,0,0,0,0
30911236,2133,32,2,0,0,0,0,0,0,0,0,0,0,0,0,0
30920189,2134,32,2,0,0,0,0,0,0,0,0,0,0,0,0,0
30929142,2135,48,2,0,0,0,0,0,0,0,0,0,0,0,0,0
30939824,2136,32,2,0,0,0,0,0,0,0,0,0,0,0,0,0
30948778,2137,32,2,0,0,0,0,0,0,0,0,0,0,0,0,0
30957730,2138,32,2,0,0,0,0,0,0,0,0,0,0,0,0,0
30966683,2139,32,2,0,0,0,0,0,0,0,0,0,0,0,0,0
30975650,2140,48,2,0,0,0,0,0,0,0,0,0,0,0,0,0
30986321,2141,32,2,0,0,0,0,0,0,0,0,0,0,0,0,0
30995273,2142,32,2,0,0,0,0,0,0,0,0,0,0,0,0,0
31004226,2143,32,2,0,0,0,0,0,0,0,0,0,0,0,0,0
31013179,2144,32,2,0,0,0,0,0,0,0,0,0,0,0,0,0
31022132,2145,48,2,0,0,0,0,0,0,0,0,0,0,0,0,0
31032814,2146,32,2,0,0,0,0,0,0,0,0,0,0,0,0,0
31041767,2147,32,2,0,0,0,0,0,0,0,0,0,0,0,0,0
31050720,2148,32,2,0,0,0,0,0,0,0,0,0,0,0,0,0
31059673,2149,32,2,0,0,0,0,0,0,0,0,0,0,0,0,0
31068626,2150,48,2,0,0,0,0,0,0,0,0,0,0,0,0,0
31079308,2151,32,2,0,0,0,0,0,0,0,0,0,0,0,0,0
31088261,2152,32,2,0,0,0,0,0,0,0,0,0,0,0,0,0
31097214,2153,32,2,0,0,0,0,0,0,0,0,0,0,0,0,0
31106167,2154,32,2,0,0,0,0,0,0,0,0,0,0,0,0,0
31115120,2155,48,2,0,0,0,0,0,0,0,0,0,0,0,0,0
31125802,2156,32,2,0,0,0,0,0,0,0,0,0,0,0,0,0
31134755,2157,32,2,0,0,0,0,0,0,0,0,0,0,0,0,0
31143708,2158,32,2,0,0,0,0,0,0,0,0,0,0,0,0,0
31152661,2159,32,2,0,0,0,0,0,0,0,0,0,0,0,0,0
31161614,2160,48,2,0,0,0,0,0,0,0,0,0,0,0,0,0
31172296,2161,32,2,0,0,0,0,0,0,0,0,0,0,0,0,0
31181249,2162,32,2,0,0,0,0,0,0,0,0,0,0,0,0,0
31190202,2163,32,2,0,0,0,0,0,0,0,0,0,0,0,0,0
31199155,2164,32,2,0,0,0,0,0,0,0,0,0,0,0,0,0
31208108,2165,48,2,0,0,0,0,0,0,0,0,0,0,0,0,0
31218790,2166,32,2,0,0,0,0,0,0,0,0,0,0,0,0,0
31227743,2167,32,2,0,0,0,0,0,0,0,0,0,0,0,0,0
31236696,2168,32,2,0,0,0,0,0,0,0,0,0,0,0,0,0
31245649,2169,32,2,0,0,0,0,0,0,0,0,0,0,0,0,0
31254602,2170,48,2,0,0,0,0,0,0,0,0,0,0,0,0,0
31265284,2171,32,2,0,0,0,0,0,0,0,0,0,0,0,0,0
31274237,2172,32,2,0,0,0,0,0,0,0,0,0,0,0,0,0
31283190,2173,32,2,0,0,0,0,0,0,0,0,0,0,0,0,0
31292143,2174,32,2,0,0,0,0,0,0,0,0,0,0,0,0,0
31301096,2175,48,2,0,0,0,0,0,0,0,0,0,0,0,0,0
31311778,2176,32,2,0,0,0,0,0,0,0,0,0,0,0,0,0
31320732,2177,32,2,0,0,0,0,0,0,0,0,0,0,0,0,0
31329684,2178,32,2,0,0,0,0,0,0,0,0,0,0,0,0,0
31338637,2179,32,2,0,0,0,0,0,0,0,0,0,0,0,0,0
31347590,2180,48,2,0,0,0,0,0,0,0,0,0,0,0,0,0
31358273,2181,32,2,0,0,0,0,0,0,0,0,0,0,0,0,0
31367225,2182,32,2,0,0,0,0,0,0,0,0,0,0,0,0,0
31376178,2183,32,2,0,0,0,0,0,0,0,0,0,0,0,0,0
31385131,2184,32,2,0,0,0,0,0,0,0,0,0,0,0,0,0
31394084,2185,48,2,0,0,0,0,0,0,0,0,0,0,0,0,0
31404766,2186,32,2,0,0,0,0,0,0,0,0,0,0,0,0,0
31413720,2187,32,2,0,0,0,0,0,0,0,0,0,0,0,0,0
31422673,2188,32,2,0,0,0,0,0,0,0,0,0,0,0,0,0
31431625,2189,32,2,0,0,0,0,0,0,0,0,0,0,0,0,0
31440578,2190,48,2,0,0,0,0,0,0,0,0,0,0,0,0,0
31451260,2191,32,2,0,0,0,0,0,0,0,0,0,0,0,0,0
31460213,2192,32,2,0,0,0,0,0,0,0,0,0,0,0,0,0
31469166,2193,32,2,0,0,0,0,0,0,0,0,0,0,0,0,0
31478119,2194,32,2,0,0,0,0,0,0,0,0,0,0,0,0,0
31487072,2195,48,2,0,0,0,0,0,0,0,0,0,0,0,0,0
31497754,2196,32,2,0,0,0,0,0,0,0,0,0,0,0,0,0
31506707,2197,32,2,0,0,0,0,0,0,0,0,0,0,0,0,0
31515660,2198,32,2,0,0,0,0,0,0,0,0,0,0,0,0,0
31524613,2199,32,2,0,0,0,0,0,0,0,0,0,0,0,0,0
31533566,2200,48,2,0,0,0,0,0,0,0,0,0,0,0,0,0
31544248,2201,32,2,0,0,0,0,0,0,0,0,0,0,0,0,0
31553201,2202,32,2,0,0,0,0,0,0,0,0,0,0,0,0,0
31562154,2203,32,2,0,0,0,0,0,0,0,0,0,0,0,0,0
31571107,2204,32,2,0,0,0,0,0,0,0,0,0,0,0,0,0
31580060,2205,48,2,0,0,0,0,0,0,0,0,0,0,0,0,0
31590742,2206,32,2,0,0,0,0,0,0,0,0,0,0,0,0,0
31599696,2207,32,2,0,0,0,0,0,0,0,0,0,0,0,0,0
31608648,2208,32,2,0,0,0,0,0,0,0,0,0,0,0,0,0
31617602,2209,32,2,0,0,0,0,0,0,0,0,0,0,0,0,0
31626554,2210,48,2,0,0,0,0,0,0,0,0,0,0,0,0,0
31643369,2211,32,2,0,0,0,0,0,0,0,0,0,0,0,0,0
31652310,2212,32,2,0,0,0,0,0,0,0,0,0,0,0,0,0
31661263,2213,32,2,0,0,0,0,0,0,0,0,0,0,0,0,0
31670216,2214,32,2,0,0,0,0,0,0,0,0,0,0,0,0,0
31679169,2215,48,2,0,0,0,0,0,0,0,0,0,0,0,0,0
31689851,2216,32,2,0,0,0,0,0,0,0,0,0,0,0,0,0
31698804,2217,32,2,0,0,0,0,0,0,0,0,0,0,0,0,0
31707757,2218,32,2,0,0,0,0,0,0,0,0,0,0,0,0,0
31716710,2219,32,2,0,0,0,0,0,0,0,0,0,0,0,0,0
31725663,2220,48,2,0,0,0,0,0,0,0,0,0,0,0,0,0
31736346,2221,32,2,0,0,0,0,0,0,0,0,0,0,0,0,0
31745298,2222,32,2,0,0,0,0,0,0,0,0,0,0,0,0,0
31754251,2223,32,2,0,0,0,0,0,0,0,0,0,0,0,0,0
31763204,2224,32,2,0,0,0,0,0,0,0,0,0,0,0,0,0
31772157,2225,48,2,0,0,0,0,0,0,0,0,0,0,0,0,0
31782839,2226,32,2,0,0,0,0,0,0,0,0,0,0,0,0,0
31791793,2227,32,2,0,0,0,0,0,0,0,0,0,0,0,0,0
31800745,2228,32,2,0,0,0,0,0,0,0,0,0,0,0,0,0
31809698,2229,32,2,0,0,0,0,0,0,0,0,0,0,0,0,0
31818651,2230,48,2,0,0,0,0,0,0,0,0,0,0,0,0,0
31829334,2231,32,2,0,0,0,0,0,0,0,0,0,0,0,0,0
31838286,2232,32,2,0,0,0,0,0,0,0,0,0,0,0,0,0
31847239,2233,32,2,0,0,0,0,0,0,0,0,0,0,0,0,0
31856192,2234,32,2,0,0,0,0,0,0,0,0,0,0,0,0,0
31865145,2235,48,2,0,0,0,0,0,0,0,0,0,0,0,0,0
31875827,2236,32,2,0,0,0,0,0,0,0,0,0,0,0,0,0
31884780,2237,32,2,0,0,0,0,0,0,0,0,0,0,0,0,0
31893733,2238,32,2,0,0,0,0,0,0,0,0,0,0,0,0,0
31902686,2239,32,2,0,0,0,0,0,0,0,0,0,0,0,0,0
31911639,2240,48,2,0,0,0,0,0,0,0,0,0,0,0,0,0
31922322,2241,32,2,0,0,0,0,0,0,0,0,0,0,0,0,0
31931274,2242,32,2,0,0,0,0,0,0,0,0,0,0,0,0,0
31940227,2243,32,2,0,0,0,0,0,0,0,0,0,0,0,0,0
31949180,2244,32,2,0,0,0,0,0,0,0,0,0,0,0,0,0
31958133,2245,48,2,0,0,0,0,0,0,0,0,0,0,0,0,0
31968815,2246,32,2,0,0,0,0,0,0,0,0,0,0,0,0,0
31977768,2247,32,2,0,0,0,0,0,0,0,0,0,0,0,0,0
31986721,2248,32,2,0,0,0,0,0,0,0,0,0,0,0,0,0
31995674,2249,32,2,0,0,0,0,0,0,0,0,0,0,0,0,0
32004628,2250,48,2,0,0,0,0,0,0,0,0,0,0,0,0,0
32015310,2251,32,2,0,0,0,0,0,0,0,0,0,0,0,0,0
32024263,2252,32,2,0,0,0,0,0,0,0,0,0,0,0,0,0
32033215,2253,32,2,0,0,0,0,0,0,0,0,0,0,0,0,0
32042168,2254,32,2,0,0,0,0,0,0,0,0,0,0,0,0,0
32051121,2255,48,2,0,0,0,0,0,0,0,0,0,0,0,0,0
32061803,2256,32,2,0,0,0,0,0,0,0,0,0,0,0,0,0
32070756,2257,32,2,0,0,0,0,0,0,0,0,0,0,0,0,0
32079709,2258,32,2,0,0,0,0,0,0,0,0,0,0,0,0,0
32088662,2259,32,2,0,0,0,0,0,0,0,0,0,0,0,0,0
32097615,2260,48,2,0,0,0,0,0,0,0,0,0,0,0,0,0
32108298,2261,32,2,0,0,0,0,0,0,0,0,0,0,0,0,0
32117250,2262,32,2,0,0,0,0,0,0,0,0,0,0,0,0,0
32126203,2263,32,2,0,0,0,0,0,0,0,0,0,0,0,0,0
32135156,2264,32,2,0,0,0,0,0,0,0,0,0,0,0,0,0
32144109,2265,48,2,0,0,0,0,0,0,0,0,0,0,0,0,0
32154791,2266,32,2,0,0,0,0,0,0,0,0,0,0,0,0,0
32163744,2267,32,2,0,0,0,0,0,0,0,0,0,0,0,0,0
32172697,2268,32,2,0,0,0,0,0,0,0,0,0,0,0,0,0
32181650,2269,32,2,0,0,0,0,0,0,0,0,0,0,0,0,0
32190603,2270,48,2,0,0,0,0,0,0,0,0,0,0,0,0,0
32201286,2271,32,2,0,0,0,0,0,0,0,0,0,0,0,0,0
32210238,2272,32,2,0,0,0,0,0,0,0,0,0,0,0,0,0
32219191,2273,32,2,0,0,0,0,0,0,0,0,0,0,0,0,0
32228144,2274,32,2,0,0,0,0,0,0,0,0,0,0,0,0,0
32237097,2275,48,2,0,0,0,0,0,0,0,0,0,0,0,0,0
32247779,2276,32,2,0,0,0,0,0,0,0,0,0,0,0,0,0
32256732,2277,32,2,0,0,0,0,0,0,0,0,0,0,0,0,0
32265685,2278,32,2,0,0,0,0,0,0,0,0,0,0,0,0,0
32274639,2279,32,2,0,0,0,0,0,0,0,0,0,0,0,0,0
32283592,2280,48,2,0,0,0,0,0,0,0,0,0,0,0,0,0
32294274,2281,32,2,0,0,0,0,0,0,0,0,0,0,0,0,0
32303226,2282,32,2,0,0,0,0,0,0,0,0,0,0,0,0,0
32312179,2283,32,2,0,0,0,0,0,0,0,0,0,0,0,0,0
32321132,2284,32,2,0,0,0,0,0,0,0,0,0,0,0,0,0
32330085,2285,48,2,0,0,0,0,0,0,0,0,0,0,0,0,0
32340767,2286,32,2,0,0,0,0,0,0,0,0,0,0,0,0,0
32349720,2287,32,2,0,0,0,0,0,0,0,0,0,0,0,0,0
32358673,2288,32,2,0,0,0,0,0,0,0,0,0,0,0,0,0
32367627,2289,32,2,0,0,0,0,0,0,0,0,0,0,0,0,0
32376579,2290,48,2,0,0,0,0,0,0,0,0,0,0,0,0,0
32387262,2291,32,2,0,0,0,0,0,0,0,0,0,0,0,0,0
32396214,2292,32,2,0,0,0,0,0,0,0,0,0,0,0,0,0
32405167,2293,32,2,0,0,0,0,0,0,0,0,0,0,0,0,0
32414120,2294,32,2,0,0,0,0,0,0,0,0,0,0,0,0,0
32423073,2295,48,2,0,0,0,0,0,0,0,0,0,0,0,0,0
32433755,2296,32,2,0,0,0,0,0,0,0,0,0,0,0,0,0
32442708,2297,32,2,0,0,0,0,0,0,0,0,0,0,0,0,0
32451661,2298,32,2,0,0,0,0,0,0,0,0,0,0,0,0,0
32460614,2299,32,2,0,0,0,0,0,0,0,0,0,0,0,0,0
32469567,2300,48,2,0,0,0,0,0,0,0,0,0,0,0,0,0
32480250,2301,32,2,0,0,0,0,0,0,0,0,0,0,0,0,0
32489202,2302,32,2,0,0,0,0,0,0,0,0,0,0,0,0,0
32498155,2303,32,2,0,0,0,0,0,0,0,0,0,0,0,0,0
32507108,2304,32,2,0,0,0,0,0,0,0,0,0,0,0,0,0
32516061,2305,48,2,0,0,0,0,0,0,0,0,0,0,0,0,0
32526743,2306,32,2,0,0,0,0,0,0,0,0,0,0,0,0,0
32535696,2307,32,2,0,0,0,0,0,0,0,0,0,0,0,0,0
32544649,2308,32,2,0,0,0,0,0,0,0,0,0,0,0,0,0
32553602,2309,32,2,0,0,0,0,0,0,0,0,0,0,0,0,0
32562555,2310,48,2,0,0,0,0,0,0,0,0,0,0,0,0,0
32573237,2311,32,2,0,0,0,0,0,0,0,0,0,0,0,0,0
32582190,2312,32,2,0,0,0,0,0,0,0,0,0,0,0,0,0
32591143,2313,32,2,0,0,0,0,0,0,0,0,0,0,0,0,0
32600096,2314,32,2,0,0,0,0,0,0,0,0,0,0,0,0,0
32609049,2315,48,2,0,0,0,0,0,0,0,0,0,0,0,0,0
32619731,2316,32,2,0,0,0,0,0,0,0,0,0,0,0,0,0
32628684,2317,32,2,0,0,0,0,0,0,0,0,0,0,0,0,0
32637638,2318,32,2,0,0,0,0,0,0,0,0,0,0,0,0,0
32646590,2319,32,2,0,0,0,0,0,0,0,0,0,0,0,0,0
32655543,2320,48,2,0,0,0,0,0,0,0,0,0,0,0,0,0
32666226,2321,32,2,0,0,0,0,0,0,0,0,0,0,0,0,0
32675178,2322,32,2,0,0,0,0,0,0,0,0,0,0,0,0,0
32684131,2323,32,2,0,0,0,0,0,0,0,0,0,0,0,0,0
32693084,2324,32,2,0,0,0,0,0,0,0,0,0,0,0,0,0
32702037,2325,48,2,0,0,0,0,0,0,0,0,0,0,0,0,0
32712719,2326,32,2,0,0,0,0,0,0,0,0,0,0,0,0,0
32721673,2327,32,2,0,0,0,0,0,0,0,0,0,0,0,0,0
32730625,2328,32,2,0,0,0,0,0,0,0,0,0,0,0,0,0
32739578,2329,32,2,0,0,0,0,0,0,0,0,0,0,0,0,0
32748531,2330,48,2,0,0,0,0,0,0,0,0,0,0,0,0,0
32759214,2331,32,2,0,0,0,0,0,0,0,0,0,0,0,0,0
32768166,2332,32,2,0,0,0,0,0,0,0,0,0,0,0,0,0
32777119,2333,32,2,0,0,0,0,0,0,0,0,0,0,0,0,0
32786072,2334,32,2,0,0,0,0,0,0,0,0,0,0,0,0,0
32795025,2335,48,2,0,0,0,0,0,0,0,0,0,0,0,0,0
32805707,2336,32,2,0,0,0,0,0,0,0,0,0,0,0,0,0
32814660,2337,32,2,0,0,0,0,0,0,0,0,0,0,0,0,0
32823613,2338,32,2,0,0,0,0,0,0,0,0,0,0,0,0,0
32832566,2339,32,2,0,0,0,0,0,0,0,0,0,0,0,0,0
32841519,2340,48,2,0,0,0,0,0,0,0,0,0,0,0,0,0
32852202,2341,32,2,0,0,0,0,0,0,0,0,0,0,0,0,0
32861154,2342,32,2,0,0,0,0,0,0,0,0,0,0,0,0,0
32870107,2343,32,2,0,0,0,0,0,0,0,0,0,0,0,0,0
32879060,2344,32,2,0,0,0,0,0,0,0,0,0,0,0,0,0
32888013,2345,48,2,0,0,0,0,0,0,0,0,0,0,0,0,0
32898695,2346,32,2,0,0,0,0,0,0,0,0,0,0,0,0,0
32907648,2347,32,2,0,0,0,0,0,0,0,0,0,0,0,0,0
32916601,2348,32,2,0,0,0,0,0,0,0,0,0,0,0,0,0
32925555,2349,32,2,0,0,0,0,0,0,0,0,0,0,0,0,0
32934507,2350,48,2,0,0,0,0,0,0,0,0,0,0,0,0,0
32945190,2351,32,2,0,0,0,0,0,0,0,0,0,0,0,0,0
32954142,2352,32,2,0,0,0,0,0,0,0,0,0,0,0,0,0
32963095,2353,32,2,0,0,0,0,0,0,0,0,0,0,0,0,0
32972048,2354,32,2,0,0,0,0,0,0,0,0,0,0,0,0,0
32981001,2355,48,2,0,0,0,0,0,0,0,0,0,0,0,0,0
32991683,2356,32,2,0,0,0,0,0,0,0,0,0,0,0,0,0
33000636,2357,32,2,0,0,0,0,0,0,0,0,0,0,0,0,0
33009589,2358,32,2,0,0,0,0,0,0,0,0,0,0,0,0,0
33018542,2359,32,2,0,0,0,0,0,0,0,0,0,0,0,0,0
33027495,2360,48,2,0,0,0,0,0,0,0,0,0,0,0,0,0
33038178,2361,32,2,0,0,0,0,0,0,0,0,0,0,0,0,0
33047130,2362,32,2,0,0,0,0,0,0,0,0,0,0,0,0,0
33056083,2363,32,2,0,0,0,0,0,0,0,0,0,0,0,0,0
33065036,2364,32,2,0,0,0,0,0,0,0,0,0,0,0,0,0
33073989,2365,48,2,0,0,0,0,0,0,0,0,0,0,0,0,0
33084671,2366,32,2,0,0,0,0,0,0,0,0,0,0,0,0,0
33093624,2367,32,2,0,0,0,0,0,0,0,0,0,0,0,0,0
33102577,2368,32,2,0,0,0,0,0,0,0,0,0,0,0,0,0
33111530,2369,32,2,0,0,0,0,0,0,0,0,0,0,0,0,0
33120483,2370,48,2,0,0,0,0,0,0,0,0,0,0,0,0,0
33131166,2371,32,2,0,0,0,0,0,0,0,0,0,0,0,0,0
33140118,2372,32,2,0,0,0,0,0,0,0,0,0,0,0,0,0
33149071,2373,32,2,0,0,0,0,0,0,0,0,0,0,0,0,0
33158024,2374,32,2,0,0,0,0,0,0,0,0,0,0,0,0,0
33166978,2375,48,2,0,0,0,0,0,0,0,0,0,0,0,0,0
33177659,2376,32,2,0,0,0,0,0,0,0,0,0,0,0,0,0
33186612,2377,32,2,0,0,0,0,0,0,0,0,0,0,0,0,0
33195565,2378,32,2,0,0,0,0,0,0,0,0,0,0,0,0,0
33204519,2379,32,2,0,0,0,0,0,0,0,0,0,0,0,0,0
33213471,2380,48,2,0,0,0,0,0,0,0,0,0,0,0,0,0
33228835,2381,32,2,0,0,0,0,0,0,0,0,0,0,0,0,0
33237776,2382,32,2,0,0,0,0,0,0,0,0,0,0,0,0,0
33246728,2383,32,2,0,0,0,0,0,0,0,0,0,0,0,0,0
33255682,2384,32,2,0,0,0,0,0,0,0,0,0,0,0,0,0
33264635,2385,48,2,0,0,0,0,0,0,0,0,0,0,0,0,0
33275316,2386,32,2,0,0,0,0,0,0,0,0,0,0,0,0,0
33284269,2387,32,2,0,0,0,0,0,0,0,0,0,0,0,0,0
33293222,2388,32,2,0,0,0,0,0,0,0,0,0,0,0,0,0
33302175,2389,32,2,0,0,0,0,0,0,0,0,0,0,0,0,0
33311128,2390,48,2,0,0,0,0,0,0,0,0,0,0,0,0,0
33321811,2391,32,2,0,0,0,0,0,0,0,0,0,0,0,0,0
33330764,2392,32,2,0,0,0,0,0,0,0,0,0,0,0,0,0
33339716,2393,32,2,0,0,0,0,0,0,0,0,0,0,0,0,0
33348669,2394,32,2,0,0,0,0,0,0,0,0,0,0,0,0,0
33357622,2395,48,2,0,0,0,0,0,0,0,0,0,0,0,0,0
33368304,2396,32,2,0,0,0,0,0,0,0,0,0,0,0,0,0
33377257,2397,32,2,0,0,0,0,0,0,0,0,0,0,0,0,0
33386210,2398,32,2,0,0,0,0,0,0,0,0,0,0,0,0,0
33395163,2399,32,2,0,0,0,0,0,0,0,0,0,0,0,0,0
33404116,2400,48,2,0,0,0,0,0,0,0,0,0,0,0,0,0
33414799,2401,32,2,0,0,0,0,0,0,0,0,0,0,0,0,0
33423751,2402,32,2,0,0,0,0,0,0,0,0,0,0,0,0,0
33432705,2403,32,2,0,0,0,0,0,0,0,0,0,0,0,0,0
33441657,2404,32,2,0,0,0,0,0,0,0,0,0,0,0,0,0
33450610,2405,48,2,0,0,0,0,0,0,0,0,0,0,0,0,0
33461292,2406,32,2,0,0,0,0,0,0,0,0,0,0,0,0,0
33470245,2407,32,2,0,0,0,0,0,0,0,0,0,0,0,0,0
33479198,2408,32,2,0,0,0,0,0,0,0,0,0,0,0,0,0
33488151,2409,32,2,0,0,0,0,0,0,0,0,0,0,0,0,0
33497104,2410,48,2,0,0,0,0,0,0,0,0,0,0,0,0,0
33507787,2411,32,2,0,0,0,0,0,0,0,0,0,0,0,0,0
33516739,2412,32,2,0,0,0,0,0,0,0,0,0,0,0,0,0
33525692,2413,32,2,0,0,0,0,0,0,0,0,0,0,0,0,0
33534645,2414,32,2,0,0,0,0,0,0,0,0,0,0,0,0,0
33543598,2415,48,2,0,0,0,0,0,0,0,0,0,0,0,0,0
33554280,2416,32,2,0,0,0,0,0,0,0,0,0,0,0,0,0
33563233,2417,32,2,0,0,0,0,0,0,0,0,0,0,0,0,0
33572186,2418,32,2,0,0,0,0,0,0,0,0,0,0,0,0,0
33581139,2419,32,2,0,0,0,0,0,0,0,0,0,0,0,0,0
33590092,2420,48,2,0,0,0,0,0,0,0,0,0,0,0,0,0
33600774,2421,32,2,0,0,0,0,0,0,0,0,0,0,0,0,0
33609727,2422,32,2,0,0,0,0,0,0,0,0,0,0,0,0,0
33618680,2423,32,2,0,0,0,0,0,0,0,0,0,0,0,0,0
33627633,2424,32,2,0,0,0,0,0,0,0,0,0,0,0,0,0
33636586,2425,48,2,0,0,0,0,0,0,0,0,0,0,0,0,0
33647268,2426,32,2,0,0,0,0,0,0,0,0,0,0,0,0,0
33656221,2427,32,2,0,0,0,0,0,0,0,0,0,0,0,0,0
33665174,2428,32,2,0,0,0,0,0,0,0,0,0,0,0,0,0
33674127,2429,32,2,0,0,0,0,0,0,0,0,0,0,0,0,0
33683080,2430,48,2,0,0,0,0,0,0,0,0,0,0,0,0,0
33693763,2431,32,2,0,0,0,0,0,0,0,0,0,0,0,0,0
33702716,2432,32,2,0,0,0,0,0,0,0,0,0,0,0,0,0
33711668,2433,32,2,0,0,0,0,0,0,0,0,0,0,0,0,0
33720621,2434,32,2,0,0,0,0,0,0,0,0,0,0,0,0,0
33729574,2435,48,2,0,0,0,0,0,0,0,0,0,0,0,0,0
33740256,2436,32,2,0,0,0,0,0,0,0,0,0,0,0,0,0
33749209,2437,32,2,0,0,0,0,0,0,0,0,0,0,0,0,0
33758162,2438,32,2,0,0,0,0,0,0,0,0,0,0,0,0,0
33767115,2439,32,2,0,0,0,0,0,0,0,0,0,0,0,0,0
33776068,2440,48,2,0,0,0,0,0,0,0,0,0,0,0,0,0
33786750,2441,32,2,0,0,0,0,0,0,0,0,0,0,0,0,0
33795704,2442,32,2,0,0,0,0,0,0,0,0,0,0,0,0,0
33804657,2443,32,2,0,0,0,0,0,0,0,0,0,0,0,0,0
33813610,2444,32,2,0,0,0,0,0,0,0,0,0,0,0,0,0
33822563,2445,48,2,0,0,0,0,0,0,0,0,0,0,0,0,0
33833244,2446,32,2,0,0,0,0,0,0,0,0,0,0,0,0,0
33842197,2447,32,2,0,0,0,0,0,0,0,0,0,0,0,0,0
33851150,2448,32,2,0,0,0,0,0,0,0,0,0,0,0,0,0
33860103,2449,32,2,0,0,0,0,0,0,0,0,0,0,0,0,0
33869056,2450,48,2,0,0,0,0,0,0,0,0,0,0,0,0,0
33879739,2451,32,2,0,0,0,0,0,0,0,0,0,0,0,0,0
33888691,2452,32,2,0,0,0,0,0,0,0,0,0,0,0,0,0
33897644,2453,32,2,0,0,0,0,0,0,0,0,0,0,0,0,0
33906597,2454,32,2,0,0,0,0,0,0,0,0,0,0,0,0,0
33915550,2455,48,2,0,0,0,0,0,0,0,0,0,0,0,0,0
33926232,2456,32,2,0,0,0,0,0,0,0,0,0,0,0,0,0
33935185,2457,32,2,0,0,0,0,0,0,0,0,0,0,0,0,0
33944138,2458,32,2,0,0,0,0,0,0,0,0,0,0,0,0,0
33953091,2459,32,2,0,0,0,0,0,0,0,0,0,0,0,0,0
33962044,2460,48,2,0,0,0,0,0,0,0,0,0,0,0,0,0
33972726,2461,32,2,0,0,0,0,0,0,0,0,0,0,0,0,0
33981679,2462,32,2,0,0,0,0,0,0,0,0,0,0,0,0,0
33990632,2463,32,2,0,0,0,0,0,0,0,0,0,0,0,0,0
33999585,2464,32,2,0,0,0,0,0,0,0,0,0,0,0,0,0
34008538,2465,48,2,0,0,0,0,0,0,0,0,0,0,0,0,0
34019220,2466,32,2,0,0,0,0,0,0,0,0,0,0,0,0,0
34028173,2467,32,2,0,0,0,0,0,0,0,0,0,0,0,0,0
34037126,2468,32,2,0,0,0,0,0,0,0,0,0,0,0,0,0
34046079,2469,32,2,0,0,0,0,0,0,0,0,0,0,0,0,0
34055032,2470,48,2,0,0,0,0,0,0,0,0,0,0,0,0,0
34065715,2471,32,2,0,0,0,0,0,0,0,0,0,0,0,0,0
34074668,2472,32,2,0,0,0,0,0,0,0,0,0,0,0,0,0
34083621,2473,32,2,0,0,0,0,0,0,0,0,0,0,0,0,0
34092574,2474,32,2,0,0,0,0,0,0,0,0,0,0,0,0,0
34101526,2475,48,2,0,0,0,0,0,0,0,0,0,0,0,0,0
34112208,2476,32,2,0,0,0,0,0,0,0,0,0,0,0,0,0
34121161,2477,32,2,0,0,0,0,0,0,0,0,0,0,0,0,0
34130114,2478,32,2,0,0,0,0,0,0,0,0,0,0,0,0,0
34139067,2479,32,2,0,0,0,0,0,0,0,0,0,0,0,0,0
34148020,2480,48,2,0,0,0,0,0,0,0,0,0,0,0,0,0
34158702,2481,32,2,0,0,0,0,0,0,0,0,0,0,0,0,0
34167655,2482,32,2,0,0,0,0,0,0,0,0,0,0,0,0,0
34176608,2483,32,2,0,0,0,0,0,0,0,0,0,0,0,0,0
34185561,2484,32,2,0,0,0,0,0,0,0,0,0,0,0,0,0
34194514,2485,48,2,0,0,0,0,0,0,0,0,0,0,0,0,0
34205196,2486,32,2,0,0,0,0,0,0,0,0,0,0,0,0,0
34214149,2487,32,2,0,0,0,0,0,0,0,0,0,0,0,0,0
34223102,2488,32,2,0,0,0,0,0,0,0,0,0,0,0,0,0
34232055,2489,32,2,0,0,0,0,0,0,0,0,0,0,0,0,0
34241008,2490,48,2,0,0,0,0,0,0,0,0,0,0,0,0,0
34251691,2491,32,2,0,0,0,0,0,0,0,0,0,0,0,0,0
34260643,2492,32,2,0,0,0,0,0,0,0,0,0,0,0,0,0
34269597,2493,32,2,0,0,0,0,0,0,0,0,0,0,0,0,0
34278549,2494,32,2,0,0,0,0,0,0,0,0,0,0,0,0,0
34287502,2495,48,2,0,0,0,0,0,0,0,0,0,0,0,0,0
34298184,2496,32,2,0,0,0,0,0,0,0,0,0,0,0,0,0
34307137,2497,32,2,0,0,0,0,0,0,0,0,0,0,0,0,0
34316090,2498,32,2,0,0,0,0,0,0,0,0,0,0,0,0,0
34325043,2499,32,2,0,0,0,0,0,0,0,0,0,0,0,0,0
34333996,2500,48,2,0,0,0,0,0,0,0,0,0,0,0,0,0
34344678,2501,32,2,0,0,0,0,0,0,0,0,0,0,0,0,0
34353631,2502,32,2,0,0,0,0,0,0,0,0,0,0,0,0,0
34362584,2503,32,2,0,0,0,0,0,0,0,0,0,0,0,0,0
34371537,2504,32,2,0,0,0,0,0,0,0,0,0,0,0,0,0
34380490,2505,48,2,0,0,0,0,0,0,0,0,0,0,0,0,0
34391172,2506,32,2,0,0,0,0,0,0,0,0,0,0,0,0,0
34400125,2507,32,2,0,0,0,0,0,0,0,0,0,0,0,0,0
34409078,2508,32,2,0,0,0,0,0,0,0,0,0,0,0,0,0
34418031,2509,32,2,0,0,0,0,0,0,0,0,0,0,0,0,0
34426984,2510,48,2,0,0,0,0,0,0,0,0,0,0,0,0,0
34437666,2511,32,2,0,0,0,0,0,0,0,0,0,0,0,0,0
34446619,2512,32,2,0,0,0,0,0,0,0,0,0,0,0,0,0
34455572,2513,32,2,0,0,0,0,0,0,0,0,0,0,0,0,0
34464525,2514,32,2,0,0,0,0,0,0,0,0,0,0,0,0,0
34473478,2515,48,2,0,0,0,0,0,0,0,0,0,0,0,0,0
34484160,2516,32,2,0,0,0,0,0,0,0,0,0,0,0,0,0
34493113,2517,32,2,0,0,0,0,0,0,0,0,0,0,0,0,0
34502066,2518,32,2,0,0,0,0,0,0,0,0,0,0,0,0,0
34511019,2519,32,2,0,0,0,0,0,0,0,0,0,0,0,0,0
34519972,2520,48,2,0,0,0,0,0,0,0,0,0,0,0,0,0
34530655,2521,32,2,0,0,0,0,0,0,0,0,0,0,0,0,0
34539607,2522,32,2,0,0,0,0,0,0,0,0,0,0,0,0,0
34548560,2523,32,2,0,0,0,0,0,0,0,0,0,0,0,0,0
34557513,2524,32,2,0,0,0,0,0,0,0,0,0,0,0,0,0
34566466,2525,48,2,0,0,0,0,0,0,0,0,0,0,0,0,0
34577148,2526,32,2,0,0,0,0,0,0,0,0,0,0,0,0,0
34586101,2527,32,2,0,0,0,0,0,0,0,0,0,0,0,0,0
34595054,2528,32,2,0,0,0,0,0,0,0,0,0,0,0,0,0
34604007,2529,32,2,0,0,0,0,0,0,0,0,0,0,0,0,0
34612961,2530,48,2,0,0,0,0,0,0,0,0,0,0,0,0,0
34623642,2531,32,2,0,0,0,0,0,0,0,0,0,0,0,0,0
34632595,2532,32,2,0,0,0,0,0,0,0,0,0,0,0,0,0
34641549,2533,32,2,0,0,0,0,0,0,0,0,0,0,0,0,0
34650502,2534,32,2,0,0,0,0,0,0,0,0,0,0,0,0,0
34659454,2535,48,2,0,0,0,0,0,0,0,0,0,0,0,0,0
34670136,2536,32,2,0,0,0,0,0,0,0,0,0,0,0,0,0
34679089,2537,32,2,0,0,0,0,0,0,0,0,0,0,0,0,0
34688042,2538,32,2,0,0,0,0,0,0,0,0,0,0,0,0,0
34696996,2539,32,2,0,0,0,0,0,0,0,0,0,0,0,0,0
34705948,2540,48,2,0,0,0,0,0,0,0,0,0,0,0,0,0
34716631,2541,32,2,0,0,0,0,0,0,0,0,0,0,0,0,0
34725583,2542,32,2,0,0,0,0,0,0,0,0,0,0,0,0,0
34734536,2543,32,2,0,0,0,0,0,0,0,0,0,0,0,0,0
34743489,2544,32,2,0,0,0,0,0,0,0,0,0,0,0,0,0
34752442,2545,48,2,0,0,0,0,0,0,0,0,0,0,0,0,0
34763124,2546,32,2,0,0,0,0,0,0,0,0,0,0,0,0,0
34772077,2547,32,2,0,0,0,0,0,0,0,0,0,0,0,0,0
34781030,2548,32,2,0,0,0,0,0,0,0,0,0,0,0,0,0
34789983,2549,32,2,0,0,0,0,0,0,0,0,0,0,0,0,0
34798936,2550,48,2,0,0,0,0,0,0,0,0,0,0,0,0,0
34816414,2551,32,2,0,0,0,0,0,0,0,0,0,0,0,0,0
34825355,2552,32,2,0,0,0,0,0,0,0,0,0,0,0,0,0
34834308,2553,32,2,0,0,0,0,0,0,0,0,0,0,0,0,0
34843261,2554,32,2,0,0,0,0,0,0,0,0,0,0,0,0,0
34852214,2555,48,2,0,0,0,0,0,0,0,0,0,0,0,0,0
34862896,2556,32,2,0,0,0,0,0,0,0,0,0,0,0,0,0
34871849,2557,32,2,0,0,0,0,0,0,0,0,0,0,0,0,0
34880802,2558,32,2,0,0,0,0,0,0,0,0,0,0,0,0,0
34889755,2559,32,2,0,0,0,0,0,0,0,0,0,0,0,0,0
34898708,2560,48,2,0,0,0,0,0,0,0,0,0,0,0,0,0
35030000,2561,32,2,0,0,0,0,0,0,0,0,0,0,0,0,0
35038941,2562,32,2,0,0,0,0,0,0,0,0,0,0,0,0,0
35047894,2563,32,2,0,0,0,0,0,0,0,0,0,0,0,0,0
35056847,2564,32,2,0,0,0,0,0,0,0,0,0,0,0,0,0
35065800,2565,48,2,0,0,0,0,0,0,0,0,0,0,0,0,0
35076482,2566,32,2,0,0,0,0,0,0,0,0,0,0,0,0,0
35085435,2567,32,2,0,0,0,0,0,0,0,0,0,0,0,0,0
35094389,2568,32,2,0,0,0,0,0,0,0,0,0,0,0,0,0
35103342,2569,32,2,0,0,0,0,0,0,0,0,0,0,0,0,0
35112294,2570,48,2,0,0,0,0,0,0,0,0,0,0,0,0,0
35122977,2571,32,2,0,0,0,0,0,0,0,0,0,0,0,0,0
35131929,2572,32,2,0,0,0,0,0,0,0,0,0,0,0,0,0
35140882,2573,32,2,0,0,0,0,0,0,0,0,0,0,0,0,0
35149835,2574,32,2,0,0,0,0,0,0,0,0,0,0,0,0,0
35158788,2575,48,2,0,0,0,0,0,0,0,0,0,0,0,0,0
35169470,2576,32,2,0,0,0,0,0,0,0,0,0,0,0,0,0
35178423,2577,32,2,0,0,0,0,0,0,0,0,0,0,0,0,0
35187376,2578,32,2,0,0,0,0,0,0,0,0,0,0,0,0,0
35196330,2579,32,2,0,0,0,0,0,0,0,0,0,0,0,0,0
35205282,2580,48,2,0,0,0,0,0,0,0,0,0,0,0,0,0
35215965,2581,32,2,0,0,0,0,0,0,0,0,0,0,0,0,0
35224917,2582,32,2,0,0,0,0,0,0,0,0,0,0,0,0,0
35233870,2583,32,2,0,0,0,0,0,0,0,0,0,0,0,0,0
35242823,2584,32,2,0,0,0,0,0,0,0,0,0,0,0,0,0
35251776,2585,48,2,0,0,0,0,0,0,0,0,0,0,0,0,0
35262458,2586,32,2,0,0,0,0,0,0,0,0,0,0,0,0,0
35271411,2587,32,2,0,0,0,0,0,0,0,0,0,0,0,0,0
35280364,2588,32,2,0,0,0,0,0,0,0,0,0,0,0,0,0
35289317,2589,32,2,0,0,0,0,0,0,0,0,0,0,0,0,0
35298270,2590,48,2,0,0,0,0,0,0,0,0,0,0,0,0,0
35308953,2591,32,2,0,0,0,0,0,0,0,0,0,0,0,0,0
35317905,2592,32,2,0,0,0,0,0,0,0,0,0,0,0,0,0
35326858,2593,32,2,0,0,0,0,0,0,0,0,0,0,0,0,0
35335811,2594,32,2,0,0,0,0,0,0,0,0,0,0,0,0,0
35344765,2595,48,2,0,0,0,0,0,0,0,0,0,0,0,0,0
35355446,2596,32,2,0,0,0,0,0,0,0,0,0,0,0,0,0
35364399,2597,32,2,0,0,0,0,0,0,0,0,0,0,0,0,0
35373352,2598,32,2,0,0,0,0,0,0,0,0,0,0,0,0,0
35382305,2599,32,2,0,0,0,0,0,0,0,0,0,0,0,0,0
35391258,2600,48,2,0,0,0,0,0,0,0,0,0,0,0,0,0
35401941,2601,32,2,0,0,0,0,0,0,0,0,0,0,0,0,0
35410893,2602,32,2,0,0,0,0,0,0,0,0,0,0,0,0,0
35419846,2603,32,2,0,0,0,0,0,0,0,0,0,0,0,0,0
35428799,2604,32,2,0,0,0,0,0,0,0,0,0,0,0,0,0
35437752,2605,48,2,0,0,0,0,0,0,0,0,0,0,0,0,0
35448434,2606,32,2,0,0,0,0,0,0,0,0,0,0,0,0,0
35457388,2607,32,2,0,0,0,0,0,0,0,0,0,0,0,0,0
35466340,2608,32,2,0,0,0,0,0,0,0,0,0,0,0,0,0
35475293,2609,32,2,0,0,0,0,0,0,0,0,0,0,0,0,0
35484246,2610,48,2,0,0,0,0,0,0,0,0,0,0,0,0,0
35494929,2611,32,2,0,0,0,0,0,0,0,0,0,0,0,0,0
35503881,2612,32,2,0,0,0,0,0,0,0,0,0,0,0,0,0
35512834,2613,32,2,0,0,0,0,0,0,0,0,0,0,0,0,0
35521787,2614,32,2,0,0,0,0,0,0,0,0,0,0,0,0,0
35530741,2615,48,2,0,0,0,0,0,0,0,0,0,0,0,0,0
35541422,2616,32,2,0,0,0,0,0,0,0,0,0,0,0,0,0
35550375,2617,32,2,0,0,0,0,0,0,0,0,0,0,0,0,0
35559328,2618,32,2,0,0,0,0,0,0,0,0,0,0,0,0,0
35568281,2619,32,2,0,0,0,0,0,0,0,0,0,0,0,0,0
35577234,2620,48,2,0,0,0,0,0,0,0,0,0,0,0,0,0
35587917,2621,32,2,0,0,0,0,0,0,0,0,0,0,0,0,0
35596869,2622,32,2,0,0,0,0,0,0,0,0,0,0,0,0,0
35605822,2623,32,2,0,0,0,0,0,0,0,0,0,0,0,0,0
35614775,2624,32,2,0,0,0,0,0,0,0,0,0,0,0,0,0
35623728,2625,48,2,0,0,0,0,0,0,0,0,0,0,0,0,0
35634410,2626,32,2,0,0,0,0,0,0,0,0,0,0,0,0,0
35643363,2627,32,2,0,0,0,0,0,0,0,0,0,0,0,0,0
35652316,2628,32,2,0,0,0,0,0,0,0,0,0,0,0,0,0
35661269,2629,32,2,0,0,0,0,0,0,0,0,0,0,0,0,0
35670222,2630,48,2,0,0,0,0,0,0,0,0,0,0,0,0,0
35680905,2631,32,2,0,0,0,0,0,0,0,0,0,0,0,0,0
35689857,2632,32,2,0,0,0,0,0,0,0,0,0,0,0,0,0
35698810,2633,32,2,0,0,0,0,0,0,0,0,0,0,0,0,0
35707763,2634,32,2,0,0,0,0,0,0,0,0,0,0,0,0,0
35716716,2635,48,2,0,0,0,0,0,0,0,0,0,0,0,0,0
35727398,2636,32,2,0,0,0,0,0,0,0,0,0,0,0,0,0
35736351,2637,32,2,0,0,0,0,0,0,0,0,0,0,0,0,0
35745304,2638,32,2,0,0,0,0,0,0,0,0,0,0,0,0,0
35754257,2639,32,2,0,0,0,0,0,0,0,0,0,0,0,0,0
35763210,2640,48,2,0,0,0,0,0,0,0,0,0,0,0,0,0
35773893,2641,32,2,0,0,0,0,0,0,0,0,0,0,0,0,0
35782845,2642,32,2,0,0,0,0,0,0,0,0,0,0,0,0,0
35791798,2643,32,2,0,0,0,0,0,0,0,0,0,0,0,0,0
35800751,2644,32,2,0,0,0,0,0,0,0,0,0,0,0,0,0
35809705,2645,48,2,0,0,0,0,0,0,0,0,0,0,0,0,0
35820386,2646,32,2,0,0,0,0,0,0,0,0,0,0,0,0,0
35829340,2647,32,2,0,0,0,0,0,0,0,0,0,0,0,0,0
35838292,2648,32,2,0,0,0,0,0,0,0,0,0,0,0,0,0
35847245,2649,32,2,0,0,0,0,0,0,0,0,0,0,0,0,0
35856198,2650,48,2,0,0,0,0,0,0,0,0,0,0,0,0,0
35866881,2651,32,2,0,0,0,0,0,0,0,0,0,0,0,0,0
35875833,2652,32,2,0,0,0,0,0,0,0,0,0,0,0,0,0
35884786,2653,32,2,0,0,0,0,0,0,0,0,0,0,0,0,0
35893739,2654,32,2,0,0,0,0,0,0,0,0,0,0,0,0,0
35902692,2655,48,2,0,0,0,0,0,0,0,0,0,0,0,0,0
35913374,2656,32,2,0,0,0,0,0,0,0,0,0,0,0,0,0
35922327,2657,32,2,0,0,0,0,0,0,0,0,0,0,0,0,0
35931281,2658,32,2,0,0,0,0,0,0,0,0,0,0,0,0,0
35940233,2659,32,2,0,0,0,0,0,0,0,0,0,0,0,0,0
35949186,2660,48,2,0,0,0,0,0,0,0,0,0,0,0,0,0
35959869,2661,32,2,0,0,0,0,0,0,0,0,0,0,0,0,0
35968821,2662,32,2,0,0,0,0,0,0,0,0,0,0,0,0,0
35977782,2663,32,2,0,0,0,0,0,0,0,0,0,0,0,0,0
35986727,2664,32,2,0,0,0,0,0,0,0,0,0,0,0,0,0
35995680,2665,48,2,0,0,0,0,0,0,0,0,0,0,0,0,0
36006362,2666,32,2,0,0,0,0,0,0,0,0,0,0,0,0,0
36015315,2667,32,2,0,0,0,0,0,0,0,0,0,0,0,0,0
36024268,2668,32,2,0,0,0,0,0,0,0,0,0,0,0,0,0
36033221,2669,32,2,0,0,0,0,0,0,0,0,0,0,0,0,0
36042174,2670,48,2,0,0,0,0,0,0,0,0,0,0,0,0,0
36052857,2671,32,2,0,0,0,0,0,0,0,0,0,0,0,0,0
36061809,2672,32,2,0,0,0,0,0,0,0,0,0,0,0,0,0
36070762,2673,32,2,0,0,0,0,0,0,0,0,0,0,0,0,0
36079715,2674,32,2,0,0,0,0,0,0,0,0,0,0,0,0,0
36088668,2675,48,2,0,0,0,0,0,0,0,0,0,0,0,0,0
36099350,2676,32,2,0,0,0,0,0,0,0,0,0,0,0,0,0
36108303,2677,32,2,0,0,0,0,0,0,0,0,0,0,0,0,0
36117257,2678,32,2,0,0,0,0,0,0,0,0,0,0,0,0,0
36126209,2679,32,2,0,0,0,0,0,0,0,0,0,0,0,0,0
36135162,2680,48,2,0,0,0,0,0,0,0,0,0,0,0,0,0
36145845,2681,32,2,0,0,0,0,0,0,0,0,0,0,0,0,0
36154797,2682,32,2,0,0,0,0,0,0,0,0,0,0,0,0,0
36163750,2683,32,2,0,0,0,0,0,0,0,0,0,0,0,0,0
36172703,2684,32,2,0,0,0,0,0,0,0,0,0,0,0,0,0
36181656,2685,48,2,0,0,0,0,0,0,0,0,0,0,0,0,0
36192338,2686,32,2,0,0,0,0,0,0,0,0,0,0,0,0,0
36201291,2687,32,2,0,0,0,0,0,0,0,0,0,0,0,0,0
36210244,2688,32,2,0,0,0,0,0,0,0,0,0,0,0,0,0
36219197,2689,32,2,0,0,0,0,0,0,0,0,0,0,0,0,0
36228150,2690,48,2,0,0,0,0,0,0,0,0,0,0,0,0,0
36238833,2691,32,2,0,0,0,0,0,0,0,0,0,0,0,0,0
36247785,2692,32,2,0,0,0,0,0,0,0,0,0,0,0,0,0
36256738,2693,32,2,0,0,0,0,0,0,0,0,0,0,0,0,0
36265691,2694,32,2,0,0,0,0,0,0,0,0,0,0,0,0,0
36274644,2695,48,2,0,0,0,0,0,0,0,0,0,0,0,0,0
36285326,2696,32,2,0,0,0,0,0,0,0,0,0,0,0,0,0
36294279,2697,32,2,0,0,0,0,0,0,0,0,0,0,0,0,0
36303232,2698,32,2,0,0,0,0,0,0,0,0,0,0,0,0,0
36312185,2699,32,2,0,0,0,0,0,0,0,0,0,0,0,0,0
36321138,2700,48,2,0,0,0,0,0,0,0,0,0,0,0,0,0
36331821,2701,32,2,0,0,0,0,0,0,0,0,0,0,0,0,0
36340773,2702,32,2,0,0,0,0,0,0,0,0,0,0,0,0,0
36349726,2703,32,2,0,0,0,0,0,0,0,0,0,0,0,0,0
36358679,2704,32,2,0,0,0,0,0,0,0,0,0,0,0,0,0
36367632,2705,48,2,0,0,0,0,0,0,0,0,0,0,0,0,0
36378314,2706,32,2,0,0,0,0,0,0,0,0,0,0,0,0,0
36387268,2707,32,2,0,0,0,0,0,0,0,0,0,0,0,0,0
36396220,2708,32,2,0,0,0,0,0,0,0,0,0,0,0,0,0
36405173,2709,32,2,0,0,0,0,0,0,0,0,0,0,0,0,0
36414126,2710,48,2,0,0,0,0,0,0,0,0,0,0,0,0,0
36424809,2711,32,2,0,0,0,0,0,0,0,0,0,0,0,0,0
36433761,2712,32,2,0,0,0,0,0,0,0,0,0,0,0,0,0
36442714,2713,32,2,0,0,0,0,0,0,0,0,0,0,0,0,0
36451667,2714,32,2,0,0,0,0,0,0,0,0,0,0,0,0,0
36460621,2715,48,2,0,0,0,0,0,0,0,0,0,0,0,0,0
36471302,2716,32,2,0,0,0,0,0,0,0,0,0,0,0,0,0
36480255,2717,32,2,0,0,0,0,0,0,0,0,0,0,0,0,0
36489208,2718,32,2,0,0,0,0,0,0,0,0,0,0,0,0,0
36498161,2719,32,2,0,0,0,0,0,0,0,0,0,0,0,0,0
36507114,2720,48,2,0,0,0,0,0,0,0,0,0,0,0,0,0
36522049,2721,32,2,0,0,0,0,0,0,0,0,0,0,0,0,0
36530990,2722,32,2,0,0,0,0,0,0,0,0,0,0,0,0,0
36539943,2723,32,2,0,0,0,0,0,0,0,0,0,0,0,0,0
36548896,2724,32,2,0,0,0,0,0,0,0,0,0,0,0,0,0
36557849,2725,48,2,0,0,0,0,0,0,0,0,0,0,0,0,0
36568531,2726,32,2,0,0,0,0,0,0,0,0,0,0,0,0,0
36577484,2727,32,2,0,0,0,0,0,0,0,0,0,0,0,0,0
36586437,2728,32,2,0,0,0,0,0,0,0,0,0,0,0,0,0
36595390,2729,32,2,0,0,0,0,0,0,0,0,0,0,0,0,0
36604343,2730,48,2,0,0,0,0,0,0,0,0,0,0,0,0,0
36615026,2731,32,2,0,0,0,0,0,0,0,0,0,0,0,0,0
36623978,2732,32,2,0,0,0,0,0,0,0,0,0,0,0,0,0
36632931,2733,32,2,0,0,0,0,0,0,0,0,0,0,0,0,0
36641884,2734,32,2,0,0,0,0,0,0,0,0,0,0,0,0,0
36650837,2735,48,2,0,0,0,0,0,0,0,0,0,0,0,0,0
36661519,2736,32,2,0,0,0,0,0,0,0,0,0,0,0,0,0
36670472,2737,32,2,0,0,0,0,0,0,0,0,0,0,0,0,0
36679425,2738,32,2,0,0,0,0,0,0,0,0,0,0,0,0,0
36688378,2739,32,2,0,0,0,0,0,0,0,0,0,0,0,0,0
36697331,2740,48,2,0,0,0,0,0,0,0,0,0,0,0,0,0
36708014,2741,32,2,0,0,0,0,0,0,0,0,0,0,0,0,0
36716966,2742,32,2,0,0,0,0,0,0,0,0,0,0,0,0,0
36725919,2743,32,2,0,0,0,0,0,0,0,0,0,0,0,0,0
36734872,2744,32,2,0,0,0,0,0,0,0,0,0,0,0,0,0
36743825,2745,48,2,0,0,0,0,0,0,0,0,0,0,0,0,0
36754507,2746,32,2,0,0,0,0,0,0,0,0,0,0,0,0,0
36763460,2747,32,2,0,0,0,0,0,0,0,0,0,0,0,0,0
36772413,2748,32,2,0,0,0,0,0,0,0,0,0,0,0,0,0
36781366,2749,32,2,0,0,0,0,0,0,0,0,0,0,0,0,0
36790319,2750,48,2,0,0,0,0,0,0,0,0,0,0,0,0,0
36801002,2751,32,2,0,0,0,0,0,0,0,0,0,0,0,0,0
36809954,2752,32,2,0,0,0,0,0,0,0,0,0,0,0,0,0
36818907,2753,32,2,0,0,0,0,0,0,0,0,0,0,0,0,0
36827860,2754,32,2,0,0,0,0,0,0,0,0,0,0,0,0,0
36836814,2755,48,2,0,0,0,0,0,0,0,0,0,0,0,0,0
36847495,2756,32,2,0,0,0,0,0,0,0,0,0,0,0,0,0
36856448,2757,32,2,0,0,0,0,0,0,0,0,0,0,0,0,0
36865401,2758,32,2,0,0,0,0,0,0,0,0,0,0,0,0,0
36874355,2759,32,2,0,0,0,0,0,0,0,0,0,0,0,0,0
36883307,2760,48,2,0,0,0,0,0,0,0,0,0,0,0,0,0
36893990,2761,32,2,0,0,0,0,0,0,0,0,0,0,0,0,0
36902943,2762,32,2,0,0,0,0,0,0,0,0,0,0,0,0,0
36911895,2763,32,2,0,0,0,0,0,0,0,0,0,0,0,0,0
36920848,2764,32,2,0,0,0,0,0,0,0,0,0,0,0,0,0
36929801,2765,48,2,0,0,0,0,0,0,0,0,0,0,0,0,0
36940483,2766,32,2,0,0,0,0,0,0,0,0,0,0,0,0,0
36949436,2767,32,2,0,0,0,0,0,0,0,0,0,0,0,0,0
36958389,2768,32,2,0,0,0,0,0,0,0,0,0,0,0,0,0
36967342,2769,32,2,0,0,0,0,0,0,0,0,0,0,0,0,0
36976295,2770,48,2,0,0,0,0,0,0,0,0,0,0,0,0,0
36986978,2771,32,2,0,0,0,0,0,0,0,0,0,0,0,0,0
36995930,2772,32,2,0,0,0,0,0,0,0,0,0,0,0,0,0
37004883,2773,32,2,0,0,0,0,0,0,0,0,0,0,0,0,0
37013837,2774,32,2,0,0,0,0,0,0,0,0,0,0,0,0,0
37022789,2775,48,2,0,0,0,0,0,0,0,0,0,0,0,0,0
37033471,2776,32,2,0,0,0,0,0,0,0,0,0,0,0,0,0
37042424,2777,32,2,0,0,0,0,0,0,0,0,0,0,0,0,0
37051377,2778,32,2,0,0,0,0,0,0,0,0,0,0,0,0,0
37060331,2779,32,2,0,0,0,0,0,0,0,0,0,0,0,0,0
37069283,2780,48,2,0,0,0,0,0,0,0,0,0,0,0,0,0
37079966,2781,32,2,0,0,0,0,0,0,0,0,0,0,0,0,0
37088918,2782,32,2,0,0,0,0,0,0,0,0,0,0,0,0,0
37097871,2783,32,2,0,0,0,0,0,0,0,0,0,0,0,0,0
37106825,2784,32,2,0,0,0,0,0,0,0,0,0,0,0,0,0
37115777,2785,48,2,0,0,0,0,0,0,0,0,0,0,0,0,0
37126459,2786,32,2,0,0,0,0,0,0,0,0,0,0,0,0,0
37135412,2787,32,2,0,0,0,0,0,0,0,0,0,0,0,0,0
37144365,2788,32,2,0,0,0,0,0,0,0,0,0,0,0,0,0
37153319,2789,32,2,0,0,0,0,0,0,0,0,0,0,0,0,0
37162271,2790,48,2,0,0,0,0,0,0,0,0,0,0,0,0,0
37172954,2791,32,2,0,0,0,0,0,0,0,0,0,0,0,0,0
37181906,2792,32,2,0,0,0,0,0,0,0,0,0,0,0,0,0
37190859,2793,32,2,0,0,0,0,0,0,0,0,0,0,0,0,0
37199813,2794,32,2,0,0,0,0,0,0,0,0,0,0,0,0,0
37208765,2795,48,2,0,0,0,0,0,0,0,0,0,0,0,0,0
37219447,2796,32,2,0,0,0,0,0,0,0,0,0,0,0,0,0
37228400,2797,32,2,0,0,0,0,0,0,0,0,0,0,0,0,0
37237353,2798,32,2,0,0,0,0,0,0,0,0,0,0,0,0,0
37246306,2799,32,2,0,0,0,0,0,0,0,0,0,0,0,0,0
37255259,2800,48,2,0,0,0,0,0,0,0,0,0,0,0,0,0
37265942,2801,32,2,0,0,0,0,0,0,0,0,0,0,0,0,0
37274894,2802,32,2,0,0,0,0,0,0,0,0,0,0,0,0,0
37283847,2803,32,2,0,0,0,0,0,0,0,0,0,0,0,0,0
37292800,2804,32,2,0,0,0,0,0,0,0,0,0,0,0,0,0
37301753,2805,48,2,0,0,0,0,0,0,0,0,0,0,0,0,0
37312435,2806,32,2,0,0,0,0,0,0,0,0,0,0,0,0,0
37321388,2807,32,2,0,0,0,0,0,0,0,0,0,0,0,0,0
37330342,2808,32,2,0,0,0,0,0,0,0,0,0,0,0,0,0
37339294,2809,32,2,0,0,0,0,0,0,0,0,0,0,0,0,0
37348247,2810,48,2,0,0,0,0,0,0,0,0,0,0,0,0,0
37358930,2811,32,2,0,0,0,0,0,0,0,0,0,0,0,0,0
37367882,2812,32,2,0,0,0,0,0,0,0,0,0,0,0,0,0
37376835,2813,32,2,0,0,0,0,0,0,0,0,0,0,0,0,0
37385788,2814,32,2,0,0,0,0,0,0,0,0,0,0,0,0,0
37394742,2815,48,2,0,0,0,0,0,0,0,0,0,0,0,0,0
37405423,2816,32,2,0,0,0,0,0,0,0,0,0,0,0,0,0
37414376,2817,32,2,0,0,0,0,0,0,0,0,0,0,0,0,0
37423330,2818,32,2,0,0,0,0,0,0,0,0,0,0,0,0,0
37432282,2819,32,2,0,0,0,0,0,0,0,0,0,0,0,0,0
37441235,2820,48,2,0,0,0,0,0,0,0,0,0,0,0,0,0
37451918,2821,32,2,0,0,0,0,0,0,0,0,0,0,0,0,0
37460870,2822,32,2,0,0,0,0,0,0,0,0,0,0,0,0,0
37469823,2823,32,2,0,0,0,0,0,0,0,0,0,0,0,0,0
37478776,2824,32,2,0,0,0,0,0,0,0,0,0,0,0,0,0
37487729,2825,48,2,0,0,0,0,0,0,0,0,0,0,0,0,0
37498411,2826,32,2,0,0,0,0,0,0,0,0,0,0,0,0,0
37507364,2827,32,2,0,0,0,0,0,0,0,0,0,0,0,0,0
37516317,2828,32,2,0,0,0,0,0,0,0,0,0,0,0,0,0
37525270,2829,32,2,0,0,0,0,0,0,0,0,0,0,0,0,0
37534223,2830,48,2,0,0,0,0,0,0,0,0,0,0,0,0,0
37544906,2831,32,2,0,0,0,0,0,0,0,0,0,0,0,0,0
37553858,2832,32,2,0,0,0,0,0,0,0,0,0,0,0,0,0
37562811,2833,32,2,0,0,0,0,0,0,0,0,0,0,0,0,0
37571764,2834,32,2,0,0,0,0,0,0,0,0,0,0,0,0,0
37580717,2835,48,2,0,0,0,0,0,0,0,0,0,0,0,0,0
37591399,2836,32,2,0,0,0,0,0,0,0,0,0,0,0,0,0
37600352,2837,32,2,0,0,0,0,0,0,0,0,0,0,0,0,0
37609305,2838,32,2,0,0,0,0,0,0,0,0,0,0,0,0,0
37618258,2839,32,2,0,0,0,0,0,0,0,0,0,0,0,0,0
37627211,2840,48,2,0,0,0,0,0,0,0,0,0,0,0,0,0
37637894,2841,32,2,0,0,0,0,0,0,0,0,0,0,0,0,0
37646846,2842,32,2,0,0,0,0,0,0,0,0,0,0,0,0,0
37655799,2843,32,2,0,0,0,0,0,0,0,0,0,0,0,0,0
37664752,2844,32,2,0,0,0,0,0,0,0,0,0,0,0,0,0
37673705,2845,48,2,0,0,0,0,0,0,0,0,0,0,0,0,0
37684387,2846,32,2,0,0,0,0,0,0,0,0,0,0,0,0,0
37693340,2847,32,2,0,0,0,0,0,0,0,0,0,0,0,0,0
37702293,2848,32,2,0,0,0,0,0,0,0,0,0,0,0,0,0
37711246,2849,32,2,0,0,0,0,0,0,0,0,0,0,0,0,0
37720199,2850,48,2,0,0,0,0,0,0,0,0,0,0,0,0,0
37730882,2851,32,2,0,0,0,0,0,0,0,0,0,0,0,0,0
37739834,2852,32,2,0,0,0,0,0,0,0,0,0,0,0,0,0
37748787,2853,32,2,0,0,0,0,0,0,0,0,0,0,0,0,0
37757741,2854,32,2,0,0,0,0,0,0,0,0,0,0,0,0,0
37766693,2855,48,2,0,0,0,0,0,0,0,0,0,0,0,0,0
37777375,2856,32,2,0,0,0,0,0,0,0,0,0,0,0,0,0
37786328,2857,32,2,0,0,0,0,0,0,0,0,0,0,0,0,0
37795281,2858,32,2,0,0,0,0,0,0,0,0,0,0,0,0,0
37804234,2859,32,2,0,0,0,0,0,0,0,0,0,0,0,0,0
37813187,2860,48,2,0,0,0,0,0,0,0,0,0,0,0,0,0
37823870,2861,32,2,0,0,0,0,0,0,0,0,0,0,0,0,0
37832822,2862,32,2,0,0,0,0,0,0,0,0,0,0,0,0,0
37841775,2863,32,2,0,0,0,0,0,0,0,0,0,0,0,0,0
37850728,2864,32,2,0,0,0,0,0,0,0,0,0,0,0,0,0
37859682,2865,48,2,0,0,0,0,0,0,0,0,0,0,0,0,0
37870363,2866,32,2,0,0,0,0,0,0,0,0,0,0,0,0,0
37879316,2867,32,2,0,0,0,0,0,0,0,0,0,0,0,0,0
37888269,2868,32,2,0,0,0,0,0,0,0,0,0,0,0,0,0
37897222,2869,32,2,0,0,0,0,0,0,0,0,0,0,0,0,0
37906175,2870,48,2,0,0,0,0,0,0,0,0,0,0,0,0,0
37916858,2871,32,2,0,0,0,0,0,0,0,0,0,0,0,0,0
37925810,2872,32,2,0,0,0,0,0,0,0,0,0,0,0,0,0
37934763,2873,32,2,0,0,0,0,0,0,0,0,0,0,0,0,0
37943716,2874,32,2,0,0,0,0,0,0,0,0,0,0,0,0,0
37952669,2875,48,2,0,0,0,0,0,0,0,0,0,0,0,0,0
37963351,2876,32,2,0,0,0,0,0,0,0,0,0,0,0,0,0
37972304,2877,32,2,0,0,0,0,0,0,0,0,0,0,0,0,0
37981257,2878,32,2,0,0,0,0,0,0,0,0,0,0,0,0,0
37990210,2879,32,2,0,0,0,0,0,0,0,0,0,0,0,0,0
37999163,2880,48,2,0,0,0,0,0,0,0,0,0,0,0,0,0
38009846,2881,32,2,0,0,0,0,0,0,0,0,0,0,0,0,0
38018798,2882,32,2,0,0,0,0,0,0,0,0,0,0,0,0,0
38027751,2883,32,2,0,0,0,0,0,0,0,0,0,0,0,0,0
38036705,2884,32,2,0,0,0,0,0,0,0,0,0,0,0,0,0
38045657,2885,48,2,0,0,0,0,0,0,0,0,0,0,0,0,0
38056339,2886,32,2,0,0,0,0,0,0,0,0,0,0,0,0,0
38065292,2887,32,2,0,0,0,0,0,0,0,0,0,0,0,0,0
38074245,2888,32,2,0,0,0,0,0,0,0,0,0,0,0,0,0
38083198,2889,32,2,0,0,0,0,0,0,0,0,0,0,0,0,0
38092151,2890,48,2,0,0,0,0,0,0,0,0,0,0,0,0,0
38108985,2891,32,2,0,0,0,0,0,0,0,0,0,0,0,0,0
38117926,2892,32,2,0,0,0,0,0,0,0,0,0,0,0,0,0
38126880,2893,32,2,0,0,0,0,0,0,0,0,0,0,0,0,0
38135832,2894,32,2,0,0,0,0,0,0,0,0,0,0,0,0,0
38144785,2895,48,2,0,0,0,0,0,0,0,0,0,0,0,0,0
38155467,2896,32,2,0,0,0,0,0,0,0,0,0,0,0,0,0
38164420,2897,32,2,0,0,0,0,0,0,0,0,0,0,0,0,0
38173373,2898,32,2,0,0,0,0,0,0,0,0,0,0,0,0,0
38182327,2899,32,2,0,0,0,0,0,0,0,0,0,0,0,0,0
38191279,2900,48,2,0,0,0,0,0,0,0,0,0,0,0,0,0
38201962,2901,32,2,0,0,0,0,0,0,0,0,0,0,0,0,0
38210914,2902,32,2,0,0,0,0,0,0,0,0,0,0,0,0,0
38219867,2903,32,2,0,0,0,0,0,0,0,0,0,0,0,0,0
38228820,2904,32,2,0,0,0,0,0,0,0,0,0,0,0,0,0
38237773,2905,48,2,0,0,0,0,0,0,0,0,0,0,0,0,0
38248455,2906,32,2,0,0,0,0,0,0,0,0,0,0,0,0,0
38257408,2907,32,2,0,0,0,0,0,0,0,0,0,0,0,0,0
38266361,2908,32,2,0,0,0,0,0,0,0,0,0,0,0,0,0
38275314,2909,32,2,0,0,0,0,0,0,0,0,0,0,0,0,0
38284268,2910,48,2,0,0,0,0,0,0,0,0,0,0,0,0,0
38294950,2911,32,2,0,0,0,0,0,0,0,0,0,0,0,0,0
38303903,2912,32,2,0,0,0,0,0,0,0,0,0,0,0,0,0
38312855,2913,32,2,0,0,0,0,0,0,0,0,0,0,0,0,0
38321808,2914,32,2,0,0,0,0,0,0,0,0,0,0,0,0,0
38330761,2915,48,2,0,0,0,0,0,0,0,0,0,0,0,0,0
38341443,2916,32,2,0,0,0,0,0,0,0,0,0,0,0,0,0
38350396,2917,32,2,0,0,0,0,0,0,0,0,0,0,0,0,0
38359349,2918,32,2,0,0,0,0,0,0,0,0,0,0,0,0,0
38368302,2919,32,2,0,0,0,0,0,0,0,0,0,0,0,0,0
38377255,2920,48,2,0,0,0,0,0,0,0,0,0,0,0,0,0
38387938,2921,32,2,0,0,0,0,0,0,0,0,0,0,0,0,0
38396890,2922,32,2,0,0,0,0,0,0,0,0,0,0,0,0,0
38405843,2923,32,2,0,0,0,0,0,0,0,0,0,0,0,0,0
38414796,2924,32,2,0,0,0,0,0,0,0,0,0,0,0,0,0
38423749,2925,48,2,0,0,0,0,0,0,0,0,0,0,0,0,0
38434431,2926,32,2,0,0,0,0,0,0,0,0,0,0,0,0,0
38443384,2927,32,2,0,0,0,0,0,0,0,0,0,0,0,0,0
38452337,2928,32,2,0,0,0,0,0,0,0,0,0,0,0,0,0
38461290,2929,32,2,0,0,0,0,0,0,0,0,0,0,0,0,0
38470243,2930,48,2,0,0,0,0,0,0,0,0,0,0,0,0,0
38480926,2931,32,2,0,0,0,0,0,0,0,0,0,0,0,0,0
38489878,2932,32,2,0,0,0,0,0,0,0,0,0,0,0,0,0
38498831,2933,32,2,0,0,0,0,0,0,0,0,0,0,0,0,0
38507784,2934,32,2,0,0,0,0,0,0,0,0,0,0,0,0,0
38516738,2935,48,2,0,0,0,0,0,0,0,0,0,0,0,0,0
38527419,2936,32,2,0,0,0,0,0,0,0,0,0,0,0,0,0
38536372,2937,32,2,0,0,0,0,0,0,0,0,0,0,0,0,0
38545325,2938,32,2,0,0,0,0,0,0,0,0,0,0,0,0,0
38554278,2939,32,2,0,0,0,0,0,0,0,0,0,0,0,0,0
38563231,2940,48,2,0,0,0,0,0,0,0,0,0,0,0,0,0
38573914,2941,32,2,0,0,0,0,0,0,0,0,0,0,0,0,0
38582866,2942,32,2,0,0,0,0,0,0,0,0,0,0,0,0,0
38591819,2943,32,2,0,0,0,0,0,0,0,0,0,0,0,0,0
38600772,2944,32,2,0,0,0,0,0,0,0,0,0,0,0,0,0
38609725,2945,48,2,0,0,0,0,0,0,0,0,0,0,0,0,0
38620407,2946,32,2,0,0,0,0,0,0,0,0,0,0,0,0,0
38629360,2947,32,2,0,0,0,0,0,0,0,0,0,0,0,0,0
38638313,2948,32,2,0,0,0,0,0,0,0,0,0,0,0,0,0
38647266,2949,32,2,0,0,0,0,0,0,0,0,0,0,0,0,0
38656219,2950,48,2,0,0,0,0,0,0,0,0,0,0,0,0,0
38666902,2951,32,2,0,0,0,0,0,0,0,0,0,0,0,0,0
38675854,2952,32,2,0,0,0,0,0,0,0,0,0,0,0,0,0
38684807,2953,32,2,0,0,0,0,0,0,0,0,0,0,0,0,0
38693760,2954,32,2,0,0,0,0,0,0,0,0,0,0,0,0,0
38702714,2955,48,2,0,0,0,0,0,0,0,0,0,0,0,0,0
38713395,2956,32,2,0,0,0,0,0,0,0,0,0,0,0,0,0
38722348,2957,32,2,0,0,0,0,0,0,0,0,0,0,0,0,0
38731301,2958,32,2,0,0,0,0,0,0,0,0,0,0,0,0,0
38740254,2959,32,2,0,0,0,0,0,0,0,0,0,0,0,0,0
38749207,2960,48,2,0,0,0,0,0,0,0,0,0,0,0,0,0
38759890,2961,32,2,0,0,0,0,0,0,0,0,0,0,0,0,0
38768842,2962,32,2,0,0,0,0,0,0,0,0,0,0,0,0,0
38777795,2963,32,2,0,0,0,0,0,0,0,0,0,0,0,0,0
38786748,2964,32,2,0,0,0,0,0,0,0,0,0,0,0,0,0
38795702,2965,48,2,0,0,0,0,0,0,0,0,0,0,0,0,0
38806383,2966,32,2,0,0,0,0,0,0,0,0,0,0,0,0,0
38815336,2967,32,2,0,0,0,0,0,0,0,0,0,0,0,0,0
38824290,2968,32,2,0,0,0,0,0,0,0,0,0,0,0,0,0
38833242,2969,32,2,0,0,0,0,0,0,0,0,0,0,0,0,0
38842195,2970,48,2,0,0,0,0,0,0,0,0,0,0,0,0,0
38852878,2971,32,2,0,0,0,0,0,0,0,0,0,0,0,0,0
38861830,2972,32,2,0,0,0,0,0,0,0,0,0,0,0,0,0
38870783,2973,32,2,0,0,0,0,0,0,0,0,0,0,0,0,0
38879736,2974,32,2,0,0,0,0,0,0,0,0,0,0,0,0,0
38888689,2975,48,2,0,0,0,0,0,0,0,0,0,0,0,0,0
38899371,2976,32,2,0,0,0,0,0,0,0,0,0,0,0,0,0
38908324,2977,32,2,0,0,0,0,0,0,0,0,0,0,0,0,0
38917277,2978,32,2,0,0,0,0,0,0,0,0,0,0,0,0,0
38926230,2979,32,2,0,0,0,0,0,0,0,0,0,0,0,0,0
38935183,2980,48,2,0,0,0,0,0,0,0,0,0,0,0,0,0
38945866,2981,32,2,0,0,0,0,0,0,0,0,0,0,0,0,0
38954818,2982,32,2,0,0,0,0,0,0,0,0,0,0,0,0,0
38963771,2983,32,2,0,0,0,0,0,0,0,0,0,0,0,0,0
38972724,2984,32,2,0,0,0,0,0,0,0,0,0,0,0,0,0
38981677,2985,48,2,0,0,0,0,0,0,0,0,0,0,0,0,0
38992359,2986,32,2,0,0,0,0,0,0,0,0,0,0,0,0,0
39001313,2987,32,2,0,0,0,0,0,0,0,0,0,0,0,0,0
39010265,2988,32,2,0,0,0,0,0,0,0,0,0,0,0,0,0
39019218,2989,32,2,0,0,0,0,0,0,0,0,0,0,0,0,0
39028171,2990,48,2,0,0,0,0,0,0,0,0,0,0,0,0,0
39038854,2991,32,2,0,0,0,0,0,0,0,0,0,0,0,0,0
39047806,2992,32,2,0,0,0,0,0,0,0,0,0,0,0,0,0
39056759,2993,32,2,0,0,0,0,0,0,0,0,0,0,0,0,0
39065712,2994,32,2,0,0,0,0,0,0,0,0,0,0,0,0,0
39074665,2995,48,2,0,0,0,0,0,0,0,0,0,0,0,0,0
39085347,2996,32,2,0,0,0,0,0,0,0,0,0,0,0,0,0
39094300,2997,32,2,0,0,0,0,0,0,0,0,0,0,0,0,0
39103253,2998,32,2,0,0,0,0,0,0,0,0,0,0,0,0,0
39112206,2999,32,2,0,0,0,0,0,0,0,0,0,0,0,0,0
39121160,3000,48,2,0,0,0,0,0,0,0,0,0,0,0,0,0
39131842,3001,32,2,0,0,0,0,0,0,0,0,0,0,0,0,0
39140794,3002,32,2,0,0,0,0,0,0,0,0,0,0,0,0,0
39149747,3003,32,2,0,0,0,0,0,0,0,0,0,0,0,0,0
39158700,3004,32,2,0,0,0,0,0,0,0,0,0,0,0,0,0
39167653,3005,48,2,0,0,0,0,0,0,0,0,0,0,0,0,0
39178335,3006,32,2,0,0,0,0,0,0,0,0,0,0,0,0,0
39187288,3007,32,2,0,0,0,0,0,0,0,0,0,0,0,0,0
39196241,3008,32,2,0,0,0,0,0,0,0,0,0,0,0,0,0
39205194,3009,32,2,0,0,0,0,0,0,0,0,0,0,0,0,0
39214147,3010,48,2,0,0,0,0,0,0,0,0,0,0,0,0,0
39224830,3011,32,2,0,0,0,0,0,0,0,0,0,0,0,0,0
39233782,3012,32,2,0,0,0,0,0,0,0,0,0,0,0,0,0
39242735,3013,32,2,0,0,0,0,0,0,0,0,0,0,0,0,0
39251688,3014,32,2,0,0,0,0,0,0,0,0,0,0,0,0,0
39260641,3015,48,2,0,0,0,0,0,0,0,0,0,0,0,0,0
39271323,3016,32,2,0,0,0,0,0,0,0,0,0,0,0,0,0
39280276,3017,32,2,0,0,0,0,0,0,0,0,0,0,0,0,0
39289229,3018,32,2,0,0,0,0,0,0,0,0,0,0,0,0,0
39298182,3019,32,2,0,0,0,0,0,0,0,0,0,0,0,0,0
39307135,3020,48,2,0,0,0,0,0,0,0,0,0,0,0,0,0
39317818,3021,32,2,0,0,0,0,0,0,0,0,0,0,0,0,0
39326770,3022,32,2,0,0,0,0,0,0,0,0,0,0,0,0,0
39335723,3023,32,2,0,0,0,0,0,0,0,0,0,0,0,0,0
39344676,3024,32,2,0,0,0,0,0,0,0,0,0,0,0,0,0
39353629,3025,48,2,0,0,0,0,0,0,0,0,0,0,0,0,0
39364311,3026,32,2,0,0,0,0,0,0,0,0,0,0,0,0,0
39373264,3027,32,2,0,0,0,0,0,0,0,0,0,0,0,0,0
39382217,3028,32,2,0,0,0,0,0,0,0,0,0,0,0,0,0
39391170,3029,32,2,0,0,0,0,0,0,0,0,0,0,0,0,0
39400123,3030,48,2,0,0,0,0,0,0,0,0,0,0,0,0,0
39410806,3031,32,2,0,0,0,0,0,0,0,0,0,0,0,0,0
39419758,3032,32,2,0,0,0,0,0,0,0,0,0,0,0,0,0
39428711,3033,32,2,0,0,0,0,0,0,0,0,0,0,0,0,0
39437664,3034,32,2,0,0,0,0,0,0,0,0,0,0,0,0,0
39446618,3035,48,2,0,0,0,0,0,0,0,0,0,0,0,0,0
39457299,3036,32,2,0,0,0,0,0,0,0,0,0,0,0,0,0
39466252,3037,32,2,0,0,0,0,0,0,0,0,0,0,0,0,0
39475205,3038,32,2,0,0,0,0,0,0,0,0,0,0,0,0,0
39484158,3039,32,2,0,0,0,0,0,0,0,0,0,0,0,0,0
39493111,3040,48,2,0,0,0,0,0,0,0,0,0,0,0,0,0
39503794,3041,32,2,0,0,0,0,0,0,0,0,0,0,0,0,0
39512746,3042,32,2,0,0,0,0,0,0,0,0,0,0,0,0,0
39521699,3043,32,2,0,0,0,0,0,0,0,0,0,0,0,0,0
39530652,3044,32,2,0,0,0,0,0,0,0,0,0,0,0,0,0
39539606,3045,48,2,0,0,0,0,0,0,0,0,0,0,0,0,0
39550287,3046,32,2,0,0,0,0,0,0,0,0,0,0,0,0,0
39559240,3047,32,2,0,0,0,0,0,0,0,0,0,0,0,0,0
39568193,3048,32,2,0,0,0,0,0,0,0,0,0,0,0,0,0
39577146,3049,32,2,0,0,0,0,0,0,0,0,0,0,0,0,0
39586099,3050,48,2,0,0,0,0,0,0,0,0,0,0,0,0,0
39596782,3051,32,2,0,0,0,0,0,0,0,0,0,0,0,0,0
39605734,3052,32,2,0,0,0,0,0,0,0,0,0,0,0,0,0
39614687,3053,32,2,0,0,0,0,0,0,0,0,0,0,0,0,0
39623640,3054,32,2,0,0,0,0,0,0,0,0,0,0,0,0,0
39632593,3055,48,2,0,0,0,0,0,0,0,0,0,0,0,0,0
39643275,3056,32,2,0,0,0,0,0,0,0,0,0,0,0,0,0
39652228,3057,32,2,0,0,0,0,0,0,0,0,0,0,0,0,0
39661181,3058,32,2,0,0,0,0,0,0,0,0,0,0,0,0,0
39670134,3059,32,2,0,0,0,0,0,0,0,0,0,0,0,0,0
39679087,3060,48,2,0,0,0,0,0,0,0,0,0,0,0,0,0
39694410,3061,32,2,0,0,0,0,0,0,0,0,0,0,0,0,0
39703351,3062,32,2,0,0,0,0,0,0,0,0,0,0,0,0,0
39712303,3063,32,2,0,0,0,0,0,0,0,0,0,0,0,0,0
39721257,3064,32,2,0,0,0,0,0,0,0,0,0,0,0,0,0
39730209,3065,48,2,0,0,0,0,0,0,0,0,0,0,0,0,0
39740891,3066,32,2,0,0,0,0,0,0,0,0,0,0,0,0,0
39749844,3067,32,2,0,0,0,0,0,0,0,0,0,0,0,0,0
39758797,3068,32,2,0,0,0,0,0,0,0,0,0,0,0,0,0
39767751,3069,32,2,0,0,0,0,0,0,0,0,0,0,0,0,0
39776703,3070,48,2,0,0,0,0,0,0,0,0,0,0,0,0,0
39787386,3071,32,2,0,0,0,0,0,0,0,0,0,0,0,0,0
39796338,3072,32,2,0,0,0,0,0,0,0,0,0,0,0,0,0
39805291,3073,32,2,0,0,0,0,0,0,0,0,0,0,0,0,0
39814244,3074,32,2,0,0,0,0,0,0,0,0,0,0,0,0,0
39823197,3075,48,2,0,0,0,0,0,0,0,0,0,0,0,0,0
39833879,3076,32,2,0,0,0,0,0,0,0,0,0,0,0,0,0
39842832,3077,32,2,0,0,0,0,0,0,0,0,0,0,0,0,0
39851785,3078,32,2,0,0,0,0,0,0,0,0,0,0,0,0,0
39860738,3079,32,2,0,0,0,0,0,0,0,0,0,0,0,0,0
39869691,3080,48,2,0,0,0,0,0,0,0,0,0,0,0,0,0
39880374,3081,32,2,0,0,0,0,0,0,0,0,0,0,0,0,0
39889326,3082,32,2,0,0,0,0,0,0,0,0,0,0,0,0,0
39898279,3083,32,2,0,0,0,0,0,0,0,0,0,0,0,0,0
39907232,3084,32,2,0,0,0,0,0,0,0,0,0,0,0,0,0
39916185,3085,48,2,0,0,0,0,0,0,0,0,0,0,0,0,0
39926867,3086,32,2,0,0,0,0,0,0,0,0,0,0,0,0,0
39935820,3087,32,2,0,0,0,0,0,0,0,0,0,0,0,0,0
39944774,3088,32,2,0,0,0,0,0,0,0,0,0,0,0,0,0
39953727,3089,32,2,0,0,0,0,0,0,0,0,0,0,0,0,0
39962679,3090,48,2,0,0,0,0,0,0,0,0,0,0,0,0,0
39973362,3091,32,2,0,0,0,0,0,0,0,0,0,0,0,0,0
39982314,3092,32,2,0,0,0,0,0,0,0,0,0,0,0,0,0
39991268,3093,32,2,0,0,0,0,0,0,0,0,0,0,0,0,0
40000220,3094,32,2,0,0,0,0,0,0,0,0,0,0,0,0,0
40009173,3095,48,2,0,0,0,0,0,0,0,0,0,0,0,0,0
40019855,3096,32,2,0,0,0,0,0,0,0,0,0,0,0,0,0
40028808,3097,32,2,0,0,0,0,0,0,0,0,0,0,0,0,0
40037761,3098,32,2,0,0,0,0,0,0,0,0,0,0,0,0,0
40046714,3099,32,2,0,0,0,0,0,0,0,0,0,0,0,0,0
40055667,3100,48,2,0,0,0,0,0,0,0,0,0,0,0,0,0
40066350,3101,32,2,0,0,0,0,0,0,0,0,0,0,0,0,0
40075302,3102,32,2,0,0,0,0,0,0,0,0,0,0,0,0,0
40084255,3103,32,2,0,0,0,0,0,0,0,0,0,0,0,0,0
40093208,3104,32,2,0,0,0,0,0,0,0,0,0,0,0,0,0
40102161,3105,48,2,0,0,0,0,0,0,0,0,0,0,0,0,0
40112843,3106,32,2,0,0,0,0,0,0,0,0,0,0,0,0,0
40121796,3107,32,2,0,0,0,0,0,0,0,0,0,0,0,0,0
40130749,3108,32,2,0,0,0,0,0,0,0,0,0,0,0,0,0
40139702,3109,32,2,0,0,0,0,0,0,0,0,0,0,0,0,0
40148655,3110,48,2,0,0,0,0,0,0,0,0,0,0,0,0,0
40159338,3111,32,2,0,0,0,0,0,0,0,0,0,0,0,0,0
40168290,3112,32,2,0,0,0,0,0,0,0,0,0,0,0,0,0
40177243,3113,32,2,0,0,0,0,0,0,0,0,0,0,0,0,0
40186196,3114,32,2,0,0,0,0,0,0,0,0,0,0,0,0,0
40195149,3115,48,2,0,0,0,0,0,0,0,0,0,0,0,0,0
40205831,3116,32,2,0,0,0,0,0,0,0,0,0,0,0,0,0
40214784,3117,32,2,0,0,0,0,0,0,0,0,0,0,0,0,0
40223738,3118,32,2,0,0,0,0,0,0,0,0,0,0,0,0,0
40232690,3119,32,2,0,0,0,0,0,0,0,0,0,0,0,0,0
40241644,3120,48,2,0,0,0,0,0,0,0,0,0,0,0,0,0
40252326,3121,32,2,0,0,0,0,0,0,0,0,0,0,0,0,0
40261278,3122,32,2,0,0,0,0,0,0,0,0,0,0,0,0,0
40270231,3123,32,2,0,0,0,0,0,0,0,0,0,0,0,0,0
40279184,3124,32,2,0,0,0,0,0,0,0,0,0,0,0,0,0
40288137,3125,48,2,0,0,0,0,0,0,0,0,0,0,0,0,0
40298819,3126,32,2,0,0,0,0,0,0,0,0,0,0,0,0,0
40307772,3127,32,2,0,0,0,0,0,0,0,0,0,0,0,0,0
40316725,3128,32,2,0,0,0,0,0,0,0,0,0,0,0,0,0
40325678,3129,32,2,0,0,0,0,0,0,0,0,0,0,0,0,0
40334631,3130,48,2,0,0,0,0,0,0,0,0,0,0,0,0,0
40345314,3131,32,2,0,0,0,0,0,0,0,0,0,0,0,0,0
40354266,3132,32,2,0,0,0,0,0,0,0,0,0,0,0,0,0
40363219,3133,32,2,0,0,0,0,0,0,0,0,0,0,0,0,0
40372172,3134,32,2,0,0,0,0,0,0,0,0,0,0,0,0,0
40381125,3135,48,2,0,0,0,0,0,0,0,0,0,0,0,0,0
40391807,3136,32,2,0,0,0,0,0,0,0,0,0,0,0,0,0
40400760,3137,32,2,0,0,0,0,0,0,0,0,0,0,0,0,0
40409714,3138,32,2,0,0,0,0,0,0,0,0,0,0,0,0,0
40418666,3139,32,2,0,0,0,0,0,0,0,0,0,0,0,0,0
40427619,3140,48,2,0,0,0,0,0,0,0,0,0,0,0,0,0
40438302,3141,32,2,0,0,0,0,0,0,0,0,0,0,0,0,0
40447254,3142,32,2,0,0,0,0,0,0,0,0,0,0,0,0,0
40456207,3143,32,2,0,0,0,0,0,0,0,0,0,0,0,0,0
40465160,3144,32,2,0,0,0,0,0,0,0,0,0,0,0,0,0
40474113,3145,48,2,0,0,0,0,0,0,0,0,0,0,0,0,0
40484795,3146,32,2,0,0,0,0,0,0,0,0,0,0,0,0,0
40493748,3147,32,2,0,0,0,0,0,0,0,0,0,0,0,0,0
40502702,3148,32,2,0,0,0,0,0,0,0,0,0,0,0,0,0
40511655,3149,32,2,0,0,0,0,0,0,0,0,0,0,0,0,0
40520607,3150,48,2,0,0,0,0,0,0,0,0,0,0,0,0,0
40531290,3151,32,2,0,0,0,0,0,0,0,0,0,0,0,0,0
40540242,3152,32,2,0,0,0,0,0,0,0,0,0,0,0,0,0
40549195,3153,32,2,0,0,0,0,0,0,0,0,0,0,0,0,0
40558148,3154,32,2,0,0,0,0,0,0,0,0,0,0,0,0,0
40567101,3155,48,2,0,0,0,0,0,0,0,0,0,0,0,0,0
40577783,3156,32,2,0,0,0,0,0,0,0,0,0,0,0,0,0
40586736,3157,32,2,0,0,0,0,0,0,0,0,0,0,0,0,0
40595689,3158,32,2,0,0,0,0,0,0,0,0,0,0,0,0,0
40604642,3159,32,2,0,0,0,0,0,0,0,0,0,0,0,0,0
40613595,3160,48,2,0,0,0,0,0,0,0,0,0,0,0,0,0
40624278,3161,32,2,0,0,0,0,0,0,0,0,0,0,0,0,0
40633230,3162,32,2,0,0,0,0,0,0,0,0,0,0,0,0,0
40642183,3163,32,2,0,0,0,0,0,0,0,0,0,0,0,0,0
40651136,3164,32,2,0,0,0,0,0,0,0,0,0,0,0,0,0
40660089,3165,48,2,0,0,0,0,0,0,0,0,0,0,0,0,0
40670771,3166,32,2,0,0,0,0,0,0,0,0,0,0,0,0,0
40679724,3167,32,2,0,0,0,0,0,0,0,0,0,0,0,0,0
40688677,3168,32,2,0,0,0,0,0,0,0,0,0,0,0,0,0
40697630,3169,32,2,0,0,0,0,0,0,0,0,0,0,0,0,0
40706583,3170,48,2,0,0,0,0,0,0,0,0,0,0,0,0,0
40717266,3171,32,2,0,0,0,0,0,0,0,0,0,0,0,0,0
40726218,3172,32,2,0,0,0,0,0,0,0,0,0,0,0,0,0
40735171,3173,32,2,0,0,0,0,0,0,0,0,0,0,0,0,0
40744124,3174,32,2,0,0,0,0,0,0,0,0,0,0,0,0,0
40753077,3175,48,2,0,0,0,0,0,0,0,0,0,0,0,0,0
40763759,3176,32,2,0,0,0,0,0,0,0,0,0,0,0,0,0
40772712,3177,32,2,0,0,0,0,0,0,0,0,0,0,0,0,0
40781665,3178,32,2,0,0,0,0,0,0,0,0,0,0,0,0,0
40790619,3179,32,2,0,0,0,0,0,0,0,0,0,0,0,0,0
40799572,3180,48,2,0,0,0,0,0,0,0,0,0,0,0,0,0
40810254,3181,32,2,0,0,0,0,0,0,0,0,0,0,0,0,0
40819206,3182,32,2,0,0,0,0,0,0,0,0,0,0,0,0,0
40828160,3183,32,2,0,0,0,0,0,0,0,0,0,0,0,0,0
40837112,3184,32,2,0,0,0,0,0,0,0,0,0,0,0,0,0
40846065,3185,48,2,0,0,0,0,0,0,0,0,0,0,0,0,0
40856747,3186,32,2,0,0,0,0,0,0,0,0,0,0,0,0,0
40865700,3187,32,2,0,0,0,0,0,0,0,0,0,0,0,0,0
40874653,3188,32,2,0,0,0,0,0,0,0,0,0,0,0,0,0
40883606,3189,32,2,0,0,0,0,0,0,0,0,0,0,0,0,0
40892559,3190,48,2,0,0,0,0,0,0,0,0,0,0,0,0,0
40903242,3191,32,2,0,0,0,0,0,0,0,0,0,0,0,0,0
40912194,3192,32,2,0,0,0,0,0,0,0,0,0,0,0,0,0
40921147,3193,32,2,0,0,0,0,0,0,0,0,0,0,0,0,0
40930100,3194,32,2,0,0,0,0,0,0,0,0,0,0,0,0,0
40939053,3195,48,2,0,0,0,0,0,0,0,0,0,0,0,0,0
40949735,3196,32,2,0,0,0,0,0,0,0,0,0,0,0,0,0
40958688,3197,32,2,0,0,0,0,0,0,0,0,0,0,0,0,0
40967641,3198,32,2,0,0,0,0,0,0,0,0,0,0,0,0,0
40976594,3199,32,2,0,0,0,0,0,0,0,0,0,0,0,0,0
40985555,3200,48,2,0,0,0,0,0,0,0,0,0,0,0,0,0
40996230,3201,32,2,0,0,0,0,0,0,0,0,0,0,0,0,0
41005182,3202,32,2,0,0,0,0,0,0,0,0,0,0,0,0,0
41014135,3203,32,2,0,0,0,0,0,0,0,0,0,0,0,0,0
41023088,3204,32,2,0,0,0,0,0,0,0,0,0,0,0,0,0
41032041,3205,48,2,0,0,0,0,0,0,0,0,0,0,0,0,0
41042723,3206,32,2,0,0,0,0,0,0,0,0,0,0,0,0,0
41051677,3207,32,2,0,0,0,0,0,0,0,0,0,0,0,0,0
41060630,3208,32,2,0,0,0,0,0,0,0,0,0,0,0,0,0
41069583,3209,32,2,0,0,0,0,0,0,0,0,0,0,0,0,0
41078536,3210,48,2,0,0,0,0,0,0,0,0,0,0,0,0,0
41089218,3211,32,2,0,0,0,0,0,0,0,0,0,0,0,0,0
41098170,3212,32,2,0,0,0,0,0,0,0,0,0,0,0,0,0
41107123,3213,32,2,0,0,0,0,0,0,0,0,0,0,0,0,0
41116076,3214,32,2,0,0,0,0,0,0,0,0,0,0,0,0,0
41125029,3215,48,2,0,0,0,0,0,0,0,0,0,0,0,0,0
41135711,3216,32,2,0,0,0,0,0,0,0,0,0,0,0,0,0
41144664,3217,32,2,0,0,0,0,0,0,0,0,0,0,0,0,0
41153618,3218,32,2,0,0,0,0,0,0,0,0,0,0,0,0,0
41162570,3219,32,2,0,0,0,0,0,0,0,0,0,0,0,0,0
41171523,3220,48,2,0,0,0,0,0,0,0,0,0,0,0,0,0
41182206,3221,32,2,0,0,0,0,0,0,0,0,0,0,0,0,0
41191158,3222,32,2,0,0,0,0,0,0,0,0,0,0,0,0,0
41200111,3223,32,2,0,0,0,0,0,0,0,0,0,0,0,0,0
41209064,3224,32,2,0,0,0,0,0,0,0,0,0,0,0,0,0
41218017,3225,48,2,0,0,0,0,0,0,0,0,0,0,0,0,0
41228699,3226,32,2,0,0,0,0,0,0,0,0,0,0,0,0,0
41237652,3227,32,2,0,0,0,0,0,0,0,0,0,0,0,0,0
41246606,3228,32,2,0,0,0,0,0,0,0,0,0,0,0,0,0
41255558,3229,32,2,0,0,0,0,0,0,0,0,0,0,0,0,0
