timestamp_us,seq,valid_mask,status_bits,solenoid_state,payload0_centi_psi,payload1_centi_psi,payload2_centi_psi,payload3_centi_psi,payload4_centi_psi,payload5_centi_psi,raw_adc0,raw_adc1,raw_adc2,raw_adc3,raw_adc4,raw_adc5
8934002,0,48,2,0,0,0,0,0,0,0,0,0,0,0,13,1
8951227,1,32,2,0,0,0,0,0,0,0,0,0,0,0,13,0
8960167,2,32,2,0,0,0,0,0,0,0,0,0,0,0,13,0
8969120,3,32,2,0,0,0,0,0,0,0,0,0,0,0,13,0
8978073,4,32,2,0,0,0,0,0,0,0,0,0,0,0,13,0
8987026,5,48,2,0,0,0,0,0,0,0,0,0,0,0,0,0
8997708,6,32,2,0,0,0,0,0,0,0,0,0,0,0,0,0
9006662,7,32,2,0,0,0,0,0,0,0,0,0,0,0,0,0
9015614,8,32,2,0,0,0,0,0,0,0,0,0,0,0,0,0
9024567,9,32,2,0,0,0,0,0,0,0,0,0,0,0,0,0
9033520,10,48,2,0,0,0,0,0,0,0,0,0,0,0,0,0
9044203,11,32,2,0,0,0,0,0,0,0,0,0,0,0,0,0
9053155,12,32,2,0,0,0,0,0,0,0,0,0,0,0,0,0
9062108,13,32,2,0,0,0,0,0,0,0,0,0,0,0,0,0
9071061,14,32,2,0,0,0,0,0,0,0,0,0,0,0,0,0
9080014,15,48,2,0,0,0,0,0,0,0,0,0,0,0,0,0
9090696,16,32,2,0,0,0,0,0,0,0,0,0,0,0,0,0
9099649,17,32,2,0,0,0,0,0,0,0,0,0,0,0,0,0
9108602,18,32,2,0,0,0,0,0,0,0,0,0,0,0,0,0
9117555,19,32,2,0,0,0,0,0,0,0,0,0,0,0,0,0
9126508,20,48,2,0,0,0,0,0,0,0,0,0,0,0,0,0
9137191,21,32,2,0,0,0,0,0,0,0,0,0,0,0,0,0
9146143,22,32,2,0,0,0,0,0,0,0,0,0,0,0,0,0
9155096,23,32,2,0,0,0,0,0,0,0,0,0,0,0,0,0
9164049,24,32,2,0,0,0,0,0,0,0,0,0,0,0,0,0
9173002,25,48,2,0,0,0,0,0,0,0,0,0,0,0,0,0
9183684,26,32,2,0,0,0,0,0,0,0,0,0,0,0,0,0
9192637,27,32,2,0,0,0,0,0,0,0,0,0,0,0,0,0
9201590,28,32,2,0,0,0,0,0,0,0,0,0,0,0,0,0
9210543,29,32,2,0,0,0,0,0,0,0,0,0,0,0,0,0
9219496,30,48,2,0,0,0,0,0,0,0,0,0,0,0,0,0
9230179,31,32,2,0,0,0,0,0,0,0,0,0,0,0,0,0
9239131,32,32,2,0,0,0,0,0,0,0,0,0,0,0,0,0
9248084,33,32,2,0,0,0,0,0,0,0,0,0,0,0,0,0
9257037,34,32,2,0,0,0,0,0,0,0,0,0,0,0,0,0
9265990,35,48,2,0,0,0,0,0,0,0,0,0,0,0,0,0
9276672,36,32,2,0,0,0,0,0,0,0,0,0,0,0,0,0
9285625,37,32,2,0,0,0,0,0,0,0,0,0,0,0,0,0
9294578,38,32,2,0,0,0,0,0,0,0,0,0,0,0,0,0
9303531,39,32,2,0,0,0,0,0,0,0,0,0,0,0,0,0
9312484,40,48,2,0,0,0,0,0,0,0,0,0,0,0,0,0
9323166,41,32,2,0,0,0,0,0,0,0,0,0,0,0,0,0
9332119,42,32,2,0,0,0,0,0,0,0,0,0,0,0,0,0
9341072,43,32,2,0,0,0,0,0,0,0,0,0,0,0,0,0
9350025,44,32,2,0,0,0,0,0,0,0,0,0,0,0,0,0
9358978,45,48,2,0,0,0,0,0,0,0,0,0,0,0,0,0
9369660,46,32,2,0,0,0,0,0,0,0,0,0,0,0,0,0
9378613,47,32,2,0,0,0,0,0,0,0,0,0,0,0,0,0
9387567,48,32,2,0,0,0,0,0,0,0,0,0,0,0,0,0
9396519,49,32,2,0,0,0,0,0,0,0,0,0,0,0,0,0
9405473,50,48,2,0,0,0,0,0,0,0,0,0,0,0,0,0
9416155,51,32,2,0,0,0,0,0,0,0,0,0,0,0,0,0
9425107,52,32,2,0,0,0,0,0,0,0,0,0,0,0,0,0
9434060,53,32,2,0,0,0,0,0,0,0,0,0,0,0,0,0
9443013,54,32,2,0,0,0,0,0,0,0,0,0,0,0,0,0
9451966,55,48,2,0,0,0,0,0,0,0,0,0,0,0,0,0
9462648,56,32,2,0,0,0,0,0,0,0,0,0,0,0,0,0
9471601,57,32,2,0,0,0,0,0,0,0,0,0,0,0,0,0
9480554,58,32,2,0,0,0,0,0,0,0,0,0,0,0,0,0
9489507,59,32,2,0,0,0,0,0,0,0,0,0,0,0,0,0
9498460,60,48,2,0,0,0,0,0,0,0,0,0,0,0,0,0
9509142,61,32,2,0,0,0,0,0,0,0,0,0,0,0,0,0
9518095,62,32,2,0,0,0,0,0,0,0,0,0,0,0,0,0
9527048,63,32,2,0,0,0,0,0,0,0,0,0,0,0,0,0
9536001,64,32,2,0,0,0,0,0,0,0,0,0,0,0,0,0
9544954,65,48,2,0,0,0,0,0,0,0,0,0,0,0,0,0
9555636,66,32,2,0,0,0,0,0,0,0,0,0,0,0,0,0
9564589,67,32,2,0,0,0,0,0,0,0,0,0,0,0,0,0
9573542,68,32,2,0,0,0,0,0,0,0,0,0,0,0,0,0
9582495,69,32,2,0,0,0,0,0,0,0,0,0,0,0,0,0
9591448,70,48,2,0,0,0,0,0,0,0,0,0,0,0,0,0
9602130,71,32,2,0,0,0,0,0,0,0,0,0,0,0,0,0
9611083,72,32,2,0,0,0,0,0,0,0,0,0,0,0,0,0
9620036,73,32,2,0,0,0,0,0,0,0,0,0,0,0,0,0
9628990,74,32,2,0,0,0,0,0,0,0,0,0,0,0,0,0
9637942,75,48,2,0,0,0,0,0,0,0,0,0,0,0,0,0
9648624,76,32,2,0,0,0,0,0,0,0,0,0,0,0,0,0
9657577,77,32,2,0,0,0,0,0,0,0,0,0,0,0,0,0
9666530,78,32,2,0,0,0,0,0,0,0,0,0,0,0,0,0
9675483,79,32,2,0,0,0,0,0,0,0,0,0,0,0,0,0
9684436,80,48,2,0,0,0,0,0,0,0,0,0,0,0,0,0
9695119,81,32,2,0,0,0,0,0,0,0,0,0,0,0,0,0
9704071,82,32,2,0,0,0,0,0,0,0,0,0,0,0,0,0
9713024,83,32,2,0,0,0,0,0,0,0,0,0,0,0,0,0
9721977,84,32,2,0,0,0,0,0,0,0,0,0,0,0,0,0
9730930,85,48,2,0,0,0,0,0,0,0,0,0,0,0,0,0
9741612,86,32,2,0,0,0,0,0,0,0,0,0,0,0,0,0
9750565,87,32,2,0,0,0,0,0,0,0,0,0,0,0,0,0
9759518,88,32,2,0,0,0,0,0,0,0,0,0,0,0,0,0
9768471,89,32,2,0,0,0,0,0,0,0,0,0,0,0,0,0
9777424,90,48,2,0,0,0,0,0,0,0,0,0,0,0,0,0
9788107,91,32,2,0,0,0,0,0,0,0,0,0,0,0,0,0
9797059,92,32,2,0,0,0,0,0,0,0,0,0,0,0,0,0
9806012,93,32,2,0,0,0,0,0,0,0,0,0,0,0,0,0
9814965,94,32,2,0,0,0,0,0,0,0,0,0,0,0,0,0
9823919,95,48,2,0,0,0,0,0,0,0,0,0,0,0,0,0
9834600,96,32,2,0,0,0,0,0,0,0,0,0,0,0,0,0
9843553,97,32,2,0,0,0,0,0,0,0,0,0,0,0,0,0
9852506,98,32,2,0,0,0,0,0,0,0,0,0,0,0,0,0
9861459,99,32,2,0,0,0,0,0,0,0,0,0,0,0,0,0
9870412,100,48,2,0,0,0,0,0,0,0,0,0,0,0,0,0
9881095,101,32,2,0,0,0,0,0,0,0,0,0,0,0,0,0
9890047,102,32,2,0,0,0,0,0,0,0,0,0,0,0,0,0
9899000,103,32,2,0,0,0,0,0,0,0,0,0,0,0,0,0
9907953,104,32,2,0,0,0,0,0,0,0,0,0,0,0,0,0
9916906,105,48,2,0,0,0,0,0,0,0,0,0,0,0,0,0
9927588,106,32,2,0,0,0,0,0,0,0,0,0,0,0,0,0
9936541,107,32,2,0,0,0,0,0,0,0,0,0,0,0,0,0
9945494,108,32,2,0,0,0,0,0,0,0,0,0,0,0,0,0
9954447,109,32,2,0,0,0,0,0,0,0,0,0,0,0,0,0
9963400,110,48,2,0,0,0,0,0,0,0,0,0,0,0,0,0
9974083,111,32,2,0,0,0,0,0,0,0,0,0,0,0,0,0
9983035,112,32,2,0,0,0,0,0,0,0,0,0,0,0,0,0
9991988,113,32,2,0,0,0,0,0,0,0,0,0,0,0,0,0
10000942,114,32,2,0,0,0,0,0,0,0,0,0,0,0,0,0
10009894,115,48,2,0,0,0,0,0,0,0,0,0,0,0,0,0
10020576,116,32,2,0,0,0,0,0,0,0,0,0,0,0,0,0
10029529,117,32,2,0,0,0,0,0,0,0,0,0,0,0,0,0
10038482,118,32,2,0,0,0,0,0,0,0,0,0,0,0,0,0
10047435,119,32,2,0,0,0,0,0,0,0,0,0,0,0,0,0
10056388,120,48,2,0,0,0,0,0,0,0,0,0,0,0,0,0
10067071,121,32,2,0,0,0,0,0,0,0,0,0,0,0,0,0
10076023,122,32,2,0,0,0,0,0,0,0,0,0,0,0,0,0
10084976,123,32,2,0,0,0,0,0,0,0,0,0,0,0,0,0
10093929,124,32,2,0,0,0,0,0,0,0,0,0,0,0,0,0
10102882,125,48,2,0,0,0,0,0,0,0,0,0,0,0,0,0
10113564,126,32,2,0,0,0,0,0,0,0,0,0,0,0,0,0
10122517,127,32,2,0,0,0,0,0,0,0,0,0,0,0,0,0
10131470,128,32,2,0,0,0,0,0,0,0,0,0,0,0,0,0
10140424,129,32,2,0,0,0,0,0,0,0,0,0,0,0,0,0
10149376,130,48,2,0,0,0,0,0,0,0,0,0,0,0,0,0
10160059,131,32,2,0,0,0,0,0,0,0,0,0,0,0,0,0
10169011,132,32,2,0,0,0,0,0,0,0,0,0,0,0,0,0
10177964,133,32,2,0,0,0,0,0,0,0,0,0,0,0,0,0
10186917,134,32,2,0,0,0,0,0,0,0,0,0,0,0,0,0
10195871,135,48,2,0,0,0,0,0,0,0,0,0,0,0,0,0
10206552,136,32,2,0,0,0,0,0,0,0,0,0,0,0,0,0
10215505,137,32,2,0,0,0,0,0,0,0,0,0,0,0,0,0
10224458,138,32,2,0,0,0,0,0,0,0,0,0,0,0,0,0
10233411,139,32,2,0,0,0,0,0,0,0,0,0,0,0,0,0
10242364,140,48,2,0,0,0,0,0,0,0,0,0,0,0,0,0
10253047,141,32,2,0,0,0,0,0,0,0,0,0,0,0,0,0
10261999,142,32,2,0,0,0,0,0,0,0,0,0,0,0,0,0
10270952,143,32,2,0,0,0,0,0,0,0,0,0,0,0,0,0
10279905,144,32,2,0,0,0,0,0,0,0,0,0,0,0,0,0
10288858,145,48,2,0,0,0,0,0,0,0,0,0,0,0,0,0
10299540,146,32,2,0,0,0,0,0,0,0,0,0,0,0,0,0
10308493,147,32,2,0,0,0,0,0,0,0,0,0,0,0,0,0
10317446,148,32,2,0,0,0,0,0,0,0,0,0,0,0,0,0
10326399,149,32,2,0,0,0,0,0,0,0,0,0,0,0,0,0
10335352,150,48,2,0,0,0,0,0,0,0,0,0,0,0,0,0
10346035,151,32,2,0,0,0,0,0,0,0,0,0,0,0,0,0
10354987,152,32,2,0,0,0,0,0,0,0,0,0,0,0,0,0
10363940,153,32,2,0,0,0,0,0,0,0,0,0,0,0,0,0
10372893,154,32,2,0,0,0,0,0,0,0,0,0,0,0,0,0
10381846,155,48,2,0,0,0,0,0,0,0,0,0,0,0,0,0
10392528,156,32,2,0,0,0,0,0,0,0,0,0,0,0,0,0
10401481,157,32,2,0,0,0,0,0,0,0,0,0,0,0,0,0
10410434,158,32,2,0,0,0,0,0,0,0,0,0,0,0,0,0
10419387,159,32,2,0,0,0,0,0,0,0,0,0,0,0,0,0
10428340,160,48,2,0,0,0,0,0,0,0,0,0,0,0,0,0
10439023,161,32,2,0,0,0,0,0,0,0,0,0,0,0,0,0
10447975,162,32,2,0,0,0,0,0,0,0,0,0,0,0,0,0
10456928,163,32,2,0,0,0,0,0,0,0,0,0,0,0,0,0
10465881,164,32,2,0,0,0,0,0,0,0,0,0,0,0,0,0
10474834,165,48,2,0,0,0,0,0,0,0,0,0,0,0,0,0
10485516,166,32,2,0,0,0,0,0,0,0,0,0,0,0,0,0
10494469,167,32,2,0,0,0,0,0,0,0,0,0,0,0,0,0
10503422,168,32,2,0,0,0,0,0,0,0,0,0,0,0,0,0
10512376,169,32,2,0,0,0,0,0,0,0,0,0,0,0,0,0
10521329,170,48,2,0,0,0,0,0,0,0,0,0,0,0,0,0
10536593,171,32,2,0,0,0,0,0,0,0,0,0,0,0,0,0
10545533,172,32,2,0,0,0,0,0,0,0,0,0,0,0,0,0
10554486,173,32,2,0,0,0,0,0,0,0,0,0,0,0,0,0
10563440,174,32,2,0,0,0,0,0,0,0,0,0,0,0,0,0
10572392,175,48,2,0,0,0,0,0,0,0,0,0,0,0,0,0
10583074,176,32,2,0,0,0,0,0,0,0,0,0,0,0,0,0
10592027,177,32,2,0,0,0,0,0,0,0,0,0,0,0,0,0
10600981,178,32,2,0,0,0,0,0,0,0,0,0,0,0,0,0
10609933,179,32,2,0,0,0,0,0,0,0,0,0,0,0,0,0
10618886,180,48,2,0,0,0,0,0,0,0,0,0,0,0,0,0
10629568,181,32,2,0,0,0,0,0,0,0,0,0,0,0,0,0
10638521,182,32,2,0,0,0,0,0,0,0,0,0,0,0,0,0
10647475,183,32,2,0,0,0,0,0,0,0,0,0,0,0,0,0
10656428,184,32,2,0,0,0,0,0,0,0,0,0,0,0,0,0
10665380,185,48,2,0,0,0,0,0,0,0,0,0,0,0,0,0
10676062,186,32,2,0,0,0,0,0,0,0,0,0,0,0,0,0
10685015,187,32,2,0,0,0,0,0,0,0,0,0,0,0,0,0
10693968,188,32,2,0,0,0,0,0,0,0,0,0,0,0,0,0
10702921,189,32,2,0,0,0,0,0,0,0,0,0,0,0,0,0
10711875,190,48,2,0,0,0,0,0,0,0,0,0,0,0,0,0
10722557,191,32,2,0,0,0,0,0,0,0,0,0,0,0,0,0
10731509,192,32,2,0,0,0,0,0,0,0,0,0,0,0,0,0
10740462,193,32,2,0,0,0,0,0,0,0,0,0,0,0,0,0
10749415,194,32,2,0,0,0,0,0,0,0,0,0,0,0,0,0
10758369,195,48,2,0,0,0,0,0,0,0,0,0,0,0,0,0
10769051,196,32,2,0,0,0,0,0,0,0,0,0,0,0,0,0
10778003,197,32,2,0,0,0,0,0,0,0,0,0,0,0,0,0
10786956,198,32,2,0,0,0,0,0,0,0,0,0,0,0,0,0
10795909,199,32,2,0,0,0,0,0,0,0,0,0,0,0,0,0
10804862,200,48,2,0,0,0,0,0,0,0,0,0,0,0,0,0
10815545,201,32,2,0,0,0,0,0,0,0,0,0,0,0,0,0
10824497,202,32,2,0,0,0,0,0,0,0,0,0,0,0,0,0
10833450,203,32,2,0,0,0,0,0,0,0,0,0,0,0,0,0
10842403,204,32,2,0,0,0,0,0,0,0,0,0,0,0,0,0
10851356,205,48,2,0,0,0,0,0,0,0,0,0,0,0,0,0
10862038,206,32,2,0,0,0,0,0,0,0,0,0,0,0,0,0
10870991,207,32,2,0,0,0,0,0,0,0,0,0,0,0,0,0
10879944,208,32,2,0,0,0,0,0,0,0,0,0,0,0,0,0
10888898,209,32,2,0,0,0,0,0,0,0,0,0,0,0,0,0
10897850,210,48,2,0,0,0,0,0,0,0,0,0,0,0,0,0
10908532,211,32,2,0,0,0,0,0,0,0,0,0,0,0,0,0
10917485,212,32,2,0,0,0,0,0,0,0,0,0,0,0,0,0
10926438,213,32,2,0,0,0,0,0,0,0,0,0,0,0,0,0
10935392,214,32,2,0,0,0,0,0,0,0,0,0,0,0,0,0
10944344,215,48,2,0,0,0,0,0,0,0,0,0,0,0,0,0
10955026,216,32,2,0,0,0,0,0,0,0,0,0,0,0,0,0
10963979,217,32,2,0,0,0,0,0,0,0,0,0,0,0,0,0
10972932,218,32,2,0,0,0,0,0,0,0,0,0,0,0,0,0
10981885,219,32,2,0,0,0,0,0,0,0,0,0,0,0,0,0
10990838,220,48,2,0,0,0,0,0,0,0,0,0,0,0,0,0
11001520,221,32,2,0,0,0,0,0,0,0,0,0,0,0,0,0
11010473,222,32,2,0,0,0,0,0,0,0,0,0,0,0,0,0
11019426,223,32,2,0,0,0,0,0,0,0,0,0,0,0,0,0
11028379,224,32,2,0,0,0,0,0,0,0,0,0,0,0,0,0
11037333,225,48,2,0,0,0,0,0,0,0,0,0,0,0,0,0
11048014,226,32,2,0,0,0,0,0,0,0,0,0,0,0,0,0
11056967,227,32,2,0,0,0,0,0,0,0,0,0,0,0,0,0
11065920,228,32,2,0,0,0,0,0,0,0,0,0,0,0,0,0
11074873,229,32,2,0,0,0,0,0,0,0,0,0,0,0,0,0
11083827,230,48,2,0,0,0,0,0,0,0,0,0,0,0,0,0
11094508,231,32,2,0,0,0,0,0,0,0,0,0,0,0,0,0
11103461,232,32,2,0,0,0,0,0,0,0,0,0,0,0,0,0
11112415,233,32,2,0,0,0,0,0,0,0,0,0,0,0,0,0
11121368,234,32,2,0,0,0,0,0,0,0,0,0,0,0,0,0
11130320,235,48,2,0,0,0,0,0,0,0,0,0,0,0,0,0
11141002,236,32,2,0,0,0,0,0,0,0,0,0,0,0,0,0
11149955,237,32,2,0,0,0,0,0,0,0,0,0,0,0,0,0
11158908,238,32,2,0,0,0,0,0,0,0,0,0,0,0,0,0
11167862,239,32,2,0,0,0,0,0,0,0,0,0,0,0,0,0
11176814,240,48,2,0,0,0,0,0,0,0,0,0,0,0,0,0
11187497,241,32,2,0,0,0,0,0,0,0,0,0,0,0,0,0
11196449,242,32,2,0,0,0,0,0,0,0,0,0,0,0,0,0
11205402,243,32,2,0,0,0,0,0,0,0,0,0,0,0,0,0
11214355,244,32,2,0,0,0,0,0,0,0,0,0,0,0,0,0
11223308,245,48,2,0,0,0,0,0,0,0,0,0,0,0,0,0
11233990,246,32,2,0,0,0,0,0,0,0,0,0,0,0,0,0
11242943,247,32,2,0,0,0,0,0,0,0,0,0,0,0,0,0
11251896,248,32,2,0,0,0,0,0,0,0,0,0,0,0,0,0
11260849,249,32,2,0,0,0,0,0,0,0,0,0,0,0,0,0
11269802,250,48,2,0,0,0,0,0,0,0,0,0,0,0,0,0
11280485,251,32,2,0,0,0,0,0,0,0,0,0,0,0,0,0
11289437,252,32,2,0,0,0,0,0,0,0,0,0,0,0,0,0
11298390,253,32,2,0,0,0,0,0,0,0,0,0,0,0,0,0
11307343,254,32,2,0,0,0,0,0,0,0,0,0,0,0,0,0
11316297,255,48,2,0,0,0,0,0,0,0,0,0,0,0,0,0
11326978,256,32,2,0,0,0,0,0,0,0,0,0,0,0,0,0
11335931,257,32,2,0,0,0,0,0,0,0,0,0,0,0,0,0
11344884,258,32,2,0,0,0,0,0,0,0,0,0,0,0,0,0
11353837,259,32,2,0,0,0,0,0,0,0,0,0,0,0,0,0
11362790,260,48,2,0,0,0,0,0,0,0,0,0,0,0,0,0
11373472,261,32,2,0,0,0,0,0,0,0,0,0,0,0,0,0
11382425,262,32,2,0,0,0,0,0,0,0,0,0,0,0,0,0
11391378,263,32,2,0,0,0,0,0,0,0,0,0,0,0,0,0
11400331,264,32,2,0,0,0,0,0,0,0,0,0,0,0,0,0
11409285,265,48,2,0,0,0,0,0,0,0,0,0,0,0,0,0
11419966,266,32,2,0,0,0,0,0,0,0,0,0,0,0,0,0
11428919,267,32,2,0,0,0,0,0,0,0,0,0,0,0,0,0
11437872,268,32,2,0,0,0,0,0,0,0,0,0,0,0,0,0
11446825,269,32,2,0,0,0,0,0,0,0,0,0,0,0,0,0
11455778,270,48,2,0,0,0,0,0,0,0,0,0,0,0,0,0
11466461,271,32,2,0,0,0,0,0,0,0,0,0,0,0,0,0
11475413,272,32,2,0,0,0,0,0,0,0,0,0,0,0,0,0
11484367,273,32,2,0,0,0,0,0,0,0,0,0,0,0,0,0
11493319,274,32,2,0,0,0,0,0,0,0,0,0,0,0,0,0
11502273,275,48,2,0,0,0,0,0,0,0,0,0,0,0,0,0
11512954,276,32,2,0,0,0,0,0,0,0,0,0,0,0,0,0
11521907,277,32,2,0,0,0,0,0,0,0,0,0,0,0,0,0
11530860,278,32,2,0,0,0,0,0,0,0,0,0,0,0,0,0
11539813,279,32,2,0,0,0,0,0,0,0,0,0,0,0,0,0
11548766,280,48,2,0,0,0,0,0,0,0,0,0,0,0,0,0
11559449,281,32,2,0,0,0,0,0,0,0,0,0,0,0,0,0
11568401,282,32,2,0,0,0,0,0,0,0,0,0,0,0,0,0
11577354,283,32,2,0,0,0,0,0,0,0,0,0,0,0,0,0
11586308,284,32,2,0,0,0,0,0,0,0,0,0,0,0,0,0
11595260,285,48,2,0,0,0,0,0,0,0,0,0,0,0,0,0
11605942,286,32,2,0,0,0,0,0,0,0,0,0,0,0,0,0
11614895,287,32,2,0,0,0,0,0,0,0,0,0,0,0,0,0
11623848,288,32,2,0,0,0,0,0,0,0,0,0,0,0,0,0
11632801,289,32,2,0,0,0,0,0,0,0,0,0,0,0,0,0
11641754,290,48,2,0,0,0,0,0,0,0,0,0,0,0,0,0
11652436,291,32,2,0,0,0,0,0,0,0,0,0,0,0,0,0
11661389,292,32,2,0,0,0,0,0,0,0,0,0,0,0,0,0
11670343,293,32,2,0,0,0,0,0,0,0,0,0,0,0,0,0
11679296,294,32,2,0,0,0,0,0,0,0,0,0,0,0,0,0
11688249,295,48,2,0,0,0,0,0,0,0,0,0,0,0,0,0
11698930,296,32,2,0,0,0,0,0,0,0,0,0,0,0,0,0
11707884,297,32,2,0,0,0,0,0,0,0,0,0,0,0,0,0
11716836,298,32,2,0,0,0,0,0,0,0,0,0,0,0,0,0
11725789,299,32,2,0,0,0,0,0,0,0,0,0,0,0,0,0
11734742,300,48,2,0,0,0,0,0,0,0,0,0,0,0,0,0
11745424,301,32,2,0,0,0,0,0,0,0,0,0,0,0,0,0
11754377,302,32,2,0,0,0,0,0,0,0,0,0,0,0,0,0
11763331,303,32,2,0,0,0,0,0,0,0,0,0,0,0,0,0
11772283,304,32,2,0,0,0,0,0,0,0,0,0,0,0,0,0
11781236,305,48,2,0,0,0,0,0,0,0,0,0,0,0,0,0
11791918,306,32,2,0,0,0,0,0,0,0,0,0,0,0,0,0
11800871,307,32,2,0,0,0,0,0,0,0,0,0,0,0,0,0
11809824,308,32,2,0,0,0,0,0,0,0,0,0,0,0,0,0
11818777,309,32,2,0,0,0,0,0,0,0,0,0,0,0,0,0
11827730,310,48,2,0,0,0,0,0,0,0,0,0,0,0,0,0
11838413,311,32,2,0,0,0,0,0,0,0,0,0,0,0,0,0
11847365,312,32,2,0,0,0,0,0,0,0,0,0,0,0,0,0
11856319,313,32,2,0,0,0,0,0,0,0,0,0,0,0,0,0
11865271,314,32,2,0,0,0,0,0,0,0,0,0,0,0,0,0
11874224,315,48,2,0,0,0,0,0,0,0,0,0,0,0,0,0
11884906,316,32,2,0,0,0,0,0,0,0,0,0,0,0,0,0
11893859,317,32,2,0,0,0,0,0,0,0,0,0,0,0,0,0
11902813,318,32,2,0,0,0,0,0,0,0,0,0,0,0,0,0
11911765,319,32,2,0,0,0,0,0,0,0,0,0,0,0,0,0
11920718,320,48,2,0,0,0,0,0,0,0,0,0,0,0,0,0
11931401,321,32,2,0,0,0,0,0,0,0,0,0,0,0,0,0
11940353,322,32,2,0,0,0,0,0,0,0,0,0,0,0,0,0
11949306,323,32,2,0,0,0,0,0,0,0,0,0,0,0,0,0
11958259,324,32,2,0,0,0,0,0,0,0,0,0,0,0,0,0
11967212,325,48,2,0,0,0,0,0,0,0,0,0,0,0,0,0
11977894,326,32,2,0,0,0,0,0,0,0,0,0,0,0,0,0
11986847,327,32,2,0,0,0,0,0,0,0,0,0,0,0,0,0
11995800,328,32,2,0,0,0,0,0,0,0,0,0,0,0,0,0
12004753,329,32,2,0,0,0,0,0,0,0,0,0,0,0,0,0
12013706,330,48,2,0,0,0,0,0,0,0,0,0,0,0,0,0
12024388,331,32,2,0,0,0,0,0,0,0,0,0,0,0,0,0
12033341,332,32,2,0,0,0,0,0,0,0,0,0,0,0,0,0
12042295,333,32,2,0,0,0,0,0,0,0,0,0,0,0,0,0
12051247,334,32,2,0,0,0,0,0,0,0,0,0,0,0,0,0
12060200,335,48,2,0,0,0,0,0,0,0,0,0,0,0,0,0
12070882,336,32,2,0,0,0,0,0,0,0,0,0,0,0,0,0
12079835,337,32,2,0,0,0,0,0,0,0,0,0,0,0,0,0
12088788,338,32,2,0,0,0,0,0,0,0,0,0,0,0,0,0
12097741,339,32,2,0,0,0,0,0,0,0,0,0,0,0,0,0
12106694,340,48,2,0,0,0,0,0,0,0,0,0,0,0,0,0
12124228,341,32,2,0,0,0,0,0,0,0,0,0,0,0,0,0
12133169,342,32,2,0,0,0,0,0,0,0,0,0,0,0,0,0
12142122,343,32,2,0,0,0,0,0,0,0,0,0,0,0,0,0
12151075,344,32,2,0,0,0,0,0,0,0,0,0,0,0,0,0
12160028,345,48,2,0,0,0,0,0,0,0,0,0,0,0,0,0
12170710,346,32,2,0,0,0,0,0,0,0,0,0,0,0,0,0
12179663,347,32,2,0,0,0,0,0,0,0,0,0,0,0,0,0
12188616,348,32,2,0,0,0,0,0,0,0,0,0,0,0,0,0
12197569,349,32,2,0,0,0,0,0,0,0,0,0,0,0,0,0
12206522,350,48,2,0,0,0,0,0,0,0,0,0,0,0,0,0
12217205,351,32,2,0,0,0,0,0,0,0,0,0,0,0,0,0
12226157,352,32,2,0,0,0,0,0,0,0,0,0,0,0,0,0
12235110,353,32,2,0,0,0,0,0,0,0,0,0,0,0,0,0
12244063,354,32,2,0,0,0,0,0,0,0,0,0,0,0,0,0
12253016,355,48,2,0,0,0,0,0,0,0,0,0,0,0,0,0
12263698,356,32,2,0,0,0,0,0,0,0,0,0,0,0,0,0
12272651,357,32,2,0,0,0,0,0,0,0,0,0,0,0,0,0
12281604,358,32,2,0,0,0,0,0,0,0,0,0,0,0,0,0
12290557,359,32,2,0,0,0,0,0,0,0,0,0,0,0,0,0
12299510,360,48,2,0,0,0,0,0,0,0,0,0,0,0,0,0
12310192,361,32,2,0,0,0,0,0,0,0,0,0,0,0,0,0
12319145,362,32,2,0,0,0,0,0,0,0,0,0,0,0,0,0
12328098,363,32,2,0,0,0,0,0,0,0,0,0,0,0,0,0
12337051,364,32,2,0,0,0,0,0,0,0,0,0,0,0,0,0
12346004,365,48,2,0,0,0,0,0,0,0,0,0,0,0,0,0
12356686,366,32,2,0,0,0,0,0,0,0,0,0,0,0,0,0
12365639,367,32,2,0,0,0,0,0,0,0,0,0,0,0,0,0
12374592,368,32,2,0,0,0,0,0,0,0,0,0,0,0,0,0
12383545,369,32,2,0,0,0,0,0,0,0,0,0,0,0,0,0
12392498,370,48,2,0,0,0,0,0,0,0,0,0,0,0,0,0
12403181,371,32,2,0,0,0,0,0,0,0,0,0,0,0,0,0
12412133,372,32,2,0,0,0,0,0,0,0,0,0,0,0,0,0
12421086,373,32,2,0,0,0,0,0,0,0,0,0,0,0,0,0
12430039,374,32,2,0,0,0,0,0,0,0,0,0,0,0,0,0
12438992,375,48,2,0,0,0,0,0,0,0,0,0,0,0,0,0
12449674,376,32,2,0,0,0,0,0,0,0,0,0,0,0,0,0
12458627,377,32,2,0,0,0,0,0,0,0,0,0,0,0,0,0
12467580,378,32,2,0,0,0,0,0,0,0,0,0,0,0,0,0
12476533,379,32,2,0,0,0,0,0,0,0,0,0,0,0,0,0
12485486,380,48,2,0,0,0,0,0,0,0,0,0,0,0,0,0
12496169,381,32,2,0,0,0,0,0,0,0,0,0,0,0,0,0
12505121,382,32,2,0,0,0,0,0,0,0,0,0,0,0,0,0
12514074,383,32,2,0,0,0,0,0,0,0,0,0,0,0,0,0
12523027,384,32,2,0,0,0,0,0,0,0,0,0,0,0,0,0
12531980,385,48,2,0,0,0,0,0,0,0,0,0,0,0,0,0
12542662,386,32,2,0,0,0,0,0,0,0,0,0,0,0,0,0
12551615,387,32,2,0,0,0,0,0,0,0,0,0,0,0,0,0
12560568,388,32,2,0,0,0,0,0,0,0,0,0,0,0,0,0
12569521,389,32,2,0,0,0,0,0,0,0,0,0,0,0,0,0
12578474,390,48,2,0,0,0,0,0,0,0,0,0,0,0,0,0
12589157,391,32,2,0,0,0,0,0,0,0,0,0,0,0,0,0
12598109,392,32,2,0,0,0,0,0,0,0,0,0,0,0,0,0
12607062,393,32,2,0,0,0,0,0,0,0,0,0,0,0,0,0
12616015,394,32,2,0,0,0,0,0,0,0,0,0,0,0,0,0
12624968,395,48,2,0,0,0,0,0,0,0,0,0,0,0,0,0
12635650,396,32,2,0,0,0,0,0,0,0,0,0,0,0,0,0
12644603,397,32,2,0,0,0,0,0,0,0,0,0,0,0,0,0
12653556,398,32,2,0,0,0,0,0,0,0,0,0,0,0,0,0
12662509,399,32,2,0,0,0,0,0,0,0,0,0,0,0,0,0
12671463,400,48,2,0,0,0,0,0,0,0,0,0,0,0,0,0
12682144,401,32,2,0,0,0,0,0,0,0,0,0,0,0,0,0
12691098,402,32,2,0,0,0,0,0,0,0,0,0,0,0,0,0
12700050,403,32,2,0,0,0,0,0,0,0,0,0,0,0,0,0
12709003,404,32,2,0,0,0,0,0,0,0,0,0,0,0,0,0
12717956,405,48,2,0,0,0,0,0,0,0,0,0,0,0,0,0
12728638,406,32,2,0,0,0,0,0,0,0,0,0,0,0,0,0
12737591,407,32,2,0,0,0,0,0,0,0,0,0,0,0,0,0
12746545,408,32,2,0,0,0,0,0,0,0,0,0,0,0,0,0
12755497,409,32,2,0,0,0,0,0,0,0,0,0,0,0,0,0
12764450,410,48,2,0,0,0,0,0,0,0,0,0,0,0,0,0
12775133,411,32,2,0,0,0,0,0,0,0,0,0,0,0,0,0
12784085,412,32,2,0,0,0,0,0,0,0,0,0,0,0,0,0
12793038,413,32,2,0,0,0,0,0,0,0,0,0,0,0,0,0
12801991,414,32,2,0,0,0,0,0,0,0,0,0,0,0,0,0
12810944,415,48,2,0,0,0,0,0,0,0,0,0,0,0,0,0
12821626,416,32,2,0,0,0,0,0,0,0,0,0,0,0,0,0
12830579,417,32,2,0,0,0,0,0,0,0,0,0,0,0,0,0
12839532,418,32,2,0,0,0,0,0,0,0,0,0,0,0,0,0
12848485,419,32,2,0,0,0,0,0,0,0,0,0,0,0,0,0
12857438,420,48,2,0,0,0,0,0,0,0,0,0,0,0,0,0
12868121,421,32,2,0,0,0,0,0,0,0,0,0,0,0,0,0
12877073,422,32,2,0,0,0,0,0,0,0,0,0,0,0,0,0
12886026,423,32,2,0,0,0,0,0,0,0,0,0,0,0,0,0
12894979,424,32,2,0,0,0,0,0,0,0,0,0,0,0,0,0
12903932,425,48,2,0,0,0,0,0,0,0,0,0,0,0,0,0
12914614,426,32,2,0,0,0,0,0,0,0,0,0,0,0,0,0
12923567,427,32,2,0,0,0,0,0,0,0,0,0,0,0,0,0
12932520,428,32,2,0,0,0,0,0,0,0,0,0,0,0,0,0
12941473,429,32,2,0,0,0,0,0,0,0,0,0,0,0,0,0
12950426,430,48,2,0,0,0,0,0,0,0,0,0,0,0,0,0
12961109,431,32,2,0,0,0,0,0,0,0,0,0,0,0,0,0
12970061,432,32,2,0,0,0,0,0,0,0,0,0,0,0,0,0
12979014,433,32,2,0,0,0,0,0,0,0,0,0,0,0,0,0
12987967,434,32,2,0,0,0,0,0,0,0,0,0,0,0,0,0
12996920,435,48,2,0,0,0,0,0,0,0,0,0,0,0,0,0
13007602,436,32,2,0,0,0,0,0,0,0,0,0,0,0,0,0
13016555,437,32,2,0,0,0,0,0,0,0,0,0,0,0,0,0
13025509,438,32,2,0,0,0,0,0,0,0,0,0,0,0,0,0
13034461,439,32,2,0,0,0,0,0,0,0,0,0,0,0,0,0
13043414,440,48,2,0,0,0,0,0,0,0,0,0,0,0,0,0
13054097,441,32,2,0,0,0,0,0,0,0,0,0,0,0,0,0
13063049,442,32,2,0,0,0,0,0,0,0,0,0,0,0,0,0
13072002,443,32,2,0,0,0,0,0,0,0,0,0,0,0,0,0
13080956,444,32,2,0,0,0,0,0,0,0,0,0,0,0,0,0
13089908,445,48,2,0,0,0,0,0,0,0,0,0,0,0,0,0
13100590,446,32,2,0,0,0,0,0,0,0,0,0,0,0,0,0
13109543,447,32,2,0,0,0,0,0,0,0,0,0,0,0,0,0
13118496,448,32,2,0,0,0,0,0,0,0,0,0,0,0,0,0
13127449,449,32,2,0,0,0,0,0,0,0,0,0,0,0,0,0
13136402,450,48,2,0,0,0,0,0,0,0,0,0,0,0,0,0
13147085,451,32,2,0,0,0,0,0,0,0,0,0,0,0,0,0
13156037,452,32,2,0,0,0,0,0,0,0,0,0,0,0,0,0
13164990,453,32,2,0,0,0,0,0,0,0,0,0,0,0,0,0
13173943,454,32,2,0,0,0,0,0,0,0,0,0,0,0,0,0
13182896,455,48,2,0,0,0,0,0,0,0,0,0,0,0,0,0
13193578,456,32,2,0,0,0,0,0,0,0,0,0,0,0,0,0
13202531,457,32,2,0,0,0,0,0,0,0,0,0,0,0,0,0
13211485,458,32,2,0,0,0,0,0,0,0,0,0,0,0,0,0
13220438,459,32,2,0,0,0,0,0,0,0,0,0,0,0,0,0
13229390,460,48,2,0,0,0,0,0,0,0,0,0,0,0,0,0
13240073,461,32,2,0,0,0,0,0,0,0,0,0,0,0,0,0
13249025,462,32,2,0,0,0,0,0,0,0,0,0,0,0,0,0
13257978,463,32,2,0,0,0,0,0,0,0,0,0,0,0,0,0
13266931,464,32,2,0,0,0,0,0,0,0,0,0,0,0,0,0
13275884,465,48,2,0,0,0,0,0,0,0,0,0,0,0,0,0
13286566,466,32,2,0,0,0,0,0,0,0,0,0,0,0,0,0
13295519,467,32,2,0,0,0,0,0,0,0,0,0,0,0,0,0
13304473,468,32,2,0,0,0,0,0,0,0,0,0,0,0,0,0
13313425,469,32,2,0,0,0,0,0,0,0,0,0,0,0,0,0
13322378,470,48,2,0,0,0,0,0,0,0,0,0,0,0,0,0
13333060,471,32,2,0,0,0,0,0,0,0,0,0,0,0,0,0
13342013,472,32,2,0,0,0,0,0,0,0,0,0,0,0,0,0
13350966,473,32,2,0,0,0,0,0,0,0,0,0,0,0,0,0
13359919,474,32,2,0,0,0,0,0,0,0,0,0,0,0,0,0
13368872,475,48,2,0,0,0,0,0,0,0,0,0,0,0,0,0
13379554,476,32,2,0,0,0,0,0,0,0,0,0,0,0,0,0
13388507,477,32,2,0,0,0,0,0,0,0,0,0,0,0,0,0
13397460,478,32,2,0,0,0,0,0,0,0,0,0,0,0,0,0
13406413,479,32,2,0,0,0,0,0,0,0,0,0,0,0,0,0
13415367,480,48,2,0,0,0,0,0,0,0,0,0,0,0,0,0
13426048,481,32,2,0,0,0,0,0,0,0,0,0,0,0,0,0
13435001,482,32,2,0,0,0,0,0,0,0,0,0,0,0,0,0
13443954,483,32,2,0,0,0,0,0,0,0,0,0,0,0,0,0
13452908,484,32,2,0,0,0,0,0,0,0,0,0,0,0,0,0
13461860,485,48,2,0,0,0,0,0,0,0,0,0,0,0,0,0
13472542,486,32,2,0,0,0,0,0,0,0,0,0,0,0,0,0
13481495,487,32,2,0,0,0,0,0,0,0,0,0,0,0,0,0
13490449,488,32,2,0,0,0,0,0,0,0,0,0,0,0,0,0
13499401,489,32,2,0,0,0,0,0,0,0,0,0,0,0,0,0
13508354,490,48,2,0,0,0,0,0,0,0,0,0,0,0,0,0
13519037,491,32,2,0,0,0,0,0,0,0,0,0,0,0,0,0
13527989,492,32,2,0,0,0,0,0,0,0,0,0,0,0,0,0
13536942,493,32,2,0,0,0,0,0,0,0,0,0,0,0,0,0
13545895,494,32,2,0,0,0,0,0,0,0,0,0,0,0,0,0
13554848,495,48,2,0,0,0,0,0,0,0,0,0,0,0,0,0
13565530,496,32,2,0,0,0,0,0,0,0,0,0,0,0,0,0
13574483,497,32,2,0,0,0,0,0,0,0,0,0,0,0,0,0
13583436,498,32,2,0,0,0,0,0,0,0,0,0,0,0,0,0
13592389,499,32,2,0,0,0,0,0,0,0,0,0,0,0,0,0
13601342,500,48,2,0,0,0,0,0,0,0,0,0,0,0,0,0
13612025,501,32,2,0,0,0,0,0,0,0,0,0,0,0,0,0
13620977,502,32,2,0,0,0,0,0,0,0,0,0,0,0,0,0
13629930,503,32,2,0,0,0,0,0,0,0,0,0,0,0,0,0
13638883,504,32,2,0,0,0,0,0,0,0,0,0,0,0,0,0
13647836,505,48,2,0,0,0,0,0,0,0,0,0,0,0,0,0
13658518,506,32,2,0,0,0,0,0,0,0,0,0,0,0,0,0
13667471,507,32,2,0,0,0,0,0,0,0,0,0,0,0,0,0
13676424,508,32,2,0,0,0,0,0,0,0,0,0,0,0,0,0
13685377,509,32,2,0,0,0,0,0,0,0,0,0,0,0,0,0
13694331,510,48,2,0,0,0,0,0,0,0,0,0,0,0,0,0
13709164,511,32,2,0,0,0,0,0,0,0,0,0,0,0,0,0
13718105,512,32,2,0,0,0,0,0,0,0,0,0,0,0,0,0
13727058,513,32,2,0,0,0,0,0,0,0,0,0,0,0,0,0
13736011,514,32,2,0,0,0,0,0,0,0,0,0,0,0,0,0
13744964,515,48,2,0,0,0,0,0,0,0,0,0,0,0,0,0
13755646,516,32,2,0,0,0,0,0,0,0,0,0,0,0,0,0
13764599,517,32,2,0,0,0,0,0,0,0,0,0,0,0,0,0
13773552,518,32,2,0,0,0,0,0,0,0,0,0,0,0,0,0
13782505,519,32,2,0,0,0,0,0,0,0,0,0,0,0,0,0
13791458,520,48,2,0,0,0,0,0,0,0,0,0,0,0,0,0
13802141,521,32,2,0,0,0,0,0,0,0,0,0,0,0,0,0
13811093,522,32,2,0,0,0,0,0,0,0,0,0,0,0,0,0
13820046,523,32,2,0,0,0,0,0,0,0,0,0,0,0,0,0
13828999,524,32,2,0,0,0,0,0,0,0,0,0,0,0,0,0
13837952,525,48,2,0,0,0,0,0,0,0,0,0,0,0,0,0
13848634,526,32,2,0,0,0,0,0,0,0,0,0,0,0,0,0
13857587,527,32,2,0,0,0,0,0,0,0,0,0,0,0,0,0
13866540,528,32,2,0,0,0,0,0,0,0,0,0,0,0,0,0
13875493,529,32,2,0,0,0,0,0,0,0,0,0,0,0,0,0
13884446,530,48,2,0,0,0,0,0,0,0,0,0,0,0,0,0
13895128,531,32,2,0,0,0,0,0,0,0,0,0,0,0,0,0
13904081,532,32,2,0,0,0,0,0,0,0,0,0,0,0,0,0
13913034,533,32,2,0,0,0,0,0,0,0,0,0,0,0,0,0
13921987,534,32,2,0,0,0,0,0,0,0,0,0,0,0,0,0
13930941,535,48,2,0,0,0,0,0,0,0,0,0,0,0,0,0
13941622,536,32,2,0,0,0,0,0,0,0,0,0,0,0,0,0
13950575,537,32,2,0,0,0,0,0,0,0,0,0,0,0,0,0
13959542,538,32,2,0,0,0,0,0,0,0,0,0,0,0,0,0
13968483,539,32,2,0,0,0,0,0,0,0,0,0,0,0,0,0
13977437,540,48,2,0,0,0,0,0,0,0,0,0,0,0,0,0
13988119,541,32,2,0,0,0,0,0,0,0,0,0,0,0,0,0
13997071,542,32,2,0,0,0,0,0,0,0,0,0,0,0,0,0
14006024,543,32,2,0,0,0,0,0,0,0,0,0,0,0,0,0
14014977,544,32,2,0,0,0,0,0,0,0,0,0,0,0,0,0
14023930,545,48,2,0,0,0,0,0,0,0,0,0,0,0,0,0
14034612,546,32,2,0,0,0,0,0,0,0,0,0,0,0,0,0
14043565,547,32,2,0,0,0,0,0,0,0,0,0,0,0,0,0
14052518,548,32,2,0,0,0,0,0,0,0,0,0,0,0,0,0
14061472,549,32,2,0,0,0,0,0,0,0,0,0,0,0,0,0
14070424,550,48,2,0,0,0,0,0,0,0,0,0,0,0,0,0
14081106,551,32,2,0,0,0,0,0,0,0,0,0,0,0,0,0
14090059,552,32,2,0,0,0,0,0,0,0,0,0,0,0,0,0
14099012,553,32,2,0,0,0,0,0,0,0,0,0,0,0,0,0
14107965,554,32,2,0,0,0,0,0,0,0,0,0,0,0,0,0
14116918,555,48,2,0,0,0,0,0,0,0,0,0,0,0,0,0
14127600,556,32,2,0,0,0,0,0,0,0,0,0,0,0,0,0
14136553,557,32,2,0,0,0,0,0,0,0,0,0,0,0,0,0
14145506,558,32,2,0,0,0,0,0,0,0,0,0,0,0,0,0
14154459,559,32,2,0,0,0,0,0,0,0,0,0,0,0,0,0
14163412,560,48,2,0,0,0,0,0,0,0,0,0,0,0,0,0
14174095,561,32,2,0,0,0,0,0,0,0,0,0,0,0,0,0
14183047,562,32,2,0,0,0,0,0,0,0,0,0,0,0,0,0
14192000,563,32,2,0,0,0,0,0,0,0,0,0,0,0,0,0
14200953,564,32,2,0,0,0,0,0,0,0,0,0,0,0,0,0
14209906,565,48,2,0,0,0,0,0,0,0,0,0,0,0,0,0
14220588,566,32,2,0,0,0,0,0,0,0,0,0,0,0,0,0
14229541,567,32,2,0,0,0,0,0,0,0,0,0,0,0,0,0
14238494,568,32,2,0,0,0,0,0,0,0,0,0,0,0,0,0
14247447,569,32,2,0,0,0,0,0,0,0,0,0,0,0,0,0
14256400,570,48,2,0,0,0,0,0,0,0,0,0,0,0,0,0
14267083,571,32,2,0,0,0,0,0,0,0,0,0,0,0,0,0
14276035,572,32,2,0,0,0,0,0,0,0,0,0,0,0,0,0
14284988,573,32,2,0,0,0,0,0,0,0,0,0,0,0,0,0
14293941,574,32,2,0,0,0,0,0,0,0,0,0,0,0,0,0
14302894,575,48,2,0,0,0,0,0,0,0,0,0,0,0,0,0
14313576,576,32,2,0,0,0,0,0,0,0,0,0,0,0,0,0
14322529,577,32,2,0,0,0,0,0,0,0,0,0,0,0,0,0
14331482,578,32,2,0,0,0,0,0,0,0,0,0,0,0,0,0
14340435,579,32,2,0,0,0,0,0,0,0,0,0,0,0,0,0
14349388,580,48,2,0,0,0,0,0,0,0,0,0,0,0,0,0
14360070,581,32,2,0,0,0,0,0,0,0,0,0,0,0,0,0
14369023,582,32,2,0,0,0,0,0,0,0,0,0,0,0,0,0
14377976,583,32,2,0,0,0,0,0,0,0,0,0,0,0,0,0
14386929,584,32,2,0,0,0,0,0,0,0,0,0,0,0,0,0
14395882,585,48,2,0,0,0,0,0,0,0,0,0,0,0,0,0
14406564,586,32,2,0,0,0,0,0,0,0,0,0,0,0,0,0
14415517,587,32,2,0,0,0,0,0,0,0,0,0,0,0,0,0
14424470,588,32,2,0,0,0,0,0,0,0,0,0,0,0,0,0
14433423,589,32,2,0,0,0,0,0,0,0,0,0,0,0,0,0
14442376,590,48,2,0,0,0,0,0,0,0,0,0,0,0,0,0
14453058,591,32,2,0,0,0,0,0,0,0,0,0,0,0,0,0
14462011,592,32,2,0,0,0,0,0,0,0,0,0,0,0,0,0
14470964,593,32,2,0,0,0,0,0,0,0,0,0,0,0,0,0
14479917,594,32,2,0,0,0,0,0,0,0,0,0,0,0,0,0
14488870,595,48,2,0,0,0,0,0,0,0,0,0,0,0,0,0
14499552,596,32,2,0,0,0,0,0,0,0,0,0,0,0,0,0
14508505,597,32,2,0,0,0,0,0,0,0,0,0,0,0,0,0
14517458,598,32,2,0,0,0,0,0,0,0,0,0,0,0,0,0
14526411,599,32,2,0,0,0,0,0,0,0,0,0,0,0,0,0
14535364,600,48,2,0,0,0,0,0,0,0,0,0,0,0,0,0
14546047,601,32,2,0,0,0,0,0,0,0,0,0,0,0,0,0
14554999,602,32,2,0,0,0,0,0,0,0,0,0,0,0,0,0
14563952,603,32,2,0,0,0,0,0,0,0,0,0,0,0,0,0
14572905,604,32,2,0,0,0,0,0,0,0,0,0,0,0,0,0
14581859,605,48,2,0,0,0,0,0,0,0,0,0,0,0,0,0
14592540,606,32,2,0,0,0,0,0,0,0,0,0,0,0,0,0
14601493,607,32,2,0,0,0,0,0,0,0,0,0,0,0,0,0
14610446,608,32,2,0,0,0,0,0,0,0,0,0,0,0,0,0
14619400,609,32,2,0,0,0,0,0,0,0,0,0,0,0,0,0
14628352,610,48,2,0,0,0,0,0,0,0,0,0,0,0,0,0
14639035,611,32,2,0,0,0,0,0,0,0,0,0,0,0,0,0
14647987,612,32,2,0,0,0,0,0,0,0,0,0,0,0,0,0
14656940,613,32,2,0,0,0,0,0,0,0,0,0,0,0,0,0
14665893,614,32,2,0,0,0,0,0,0,0,0,0,0,0,0,0
14674846,615,48,2,0,0,0,0,0,0,0,0,0,0,0,0,0
14685528,616,32,2,0,0,0,0,0,0,0,0,0,0,0,0,0
14694482,617,32,2,0,0,0,0,0,0,0,0,0,0,0,0,0
14703434,618,32,2,0,0,0,0,0,0,0,0,0,0,0,0,0
14712387,619,32,2,0,0,0,0,0,0,0,0,0,0,0,0,0
14721340,620,48,2,0,0,0,0,0,0,0,0,0,0,0,0,0
14732022,621,32,2,0,0,0,0,0,0,0,0,0,0,0,0,0
14740975,622,32,2,0,0,0,0,0,0,0,0,0,0,0,0,0
14749928,623,32,2,0,0,0,0,0,0,0,0,0,0,0,0,0
14758881,624,32,2,0,0,0,0,0,0,0,0,0,0,0,0,0
14767834,625,48,2,0,0,0,0,0,0,0,0,0,0,0,0,0
14778516,626,32,2,0,0,0,0,0,0,0,0,0,0,0,0,0
14787469,627,32,2,0,0,0,0,0,0,0,0,0,0,0,0,0
14796422,628,32,2,0,0,0,0,0,0,0,0,0,0,0,0,0
14805375,629,32,2,0,0,0,0,0,0,0,0,0,0,0,0,0
14814328,630,48,2,0,0,0,0,0,0,0,0,0,0,0,0,0
14825010,631,32,2,0,0,0,0,0,0,0,0,0,0,0,0,0
14833963,632,32,2,0,0,0,0,0,0,0,0,0,0,0,0,0
14842917,633,32,2,0,0,0,0,0,0,0,0,0,0,0,0,0
14851869,634,32,2,0,0,0,0,0,0,0,0,0,0,0,0,0
14860822,635,48,2,0,0,0,0,0,0,0,0,0,0,0,0,0
14871504,636,32,2,0,0,0,0,0,0,0,0,0,0,0,0,0
14880457,637,32,2,0,0,0,0,0,0,0,0,0,0,0,0,0
14889410,638,32,2,0,0,0,0,0,0,0,0,0,0,0,0,0
14898363,639,32,2,0,0,0,0,0,0,0,0,0,0,0,0,0
14907317,640,48,2,0,0,0,0,0,0,0,0,0,0,0,0,0
14917998,641,32,2,0,0,0,0,0,0,0,0,0,0,0,0,0
14926951,642,32,2,0,0,0,0,0,0,0,0,0,0,0,0,0
14935904,643,32,2,0,0,0,0,0,0,0,0,0,0,0,0,0
14944857,644,32,2,0,0,0,0,0,0,0,0,0,0,0,0,0
14953810,645,48,2,0,0,0,0,0,0,0,0,0,0,0,0,0
14964492,646,32,2,0,0,0,0,0,0,0,0,0,0,0,0,0
14973445,647,32,2,0,0,0,0,0,0,0,0,0,0,0,0,0
14982398,648,32,2,0,0,0,0,0,0,0,0,0,0,0,0,0
14991352,649,32,2,0,0,0,0,0,0,0,0,0,0,0,0,0
15000305,650,48,2,0,0,0,0,0,0,0,0,0,0,0,0,0
15010987,651,32,2,0,0,0,0,0,0,0,0,0,0,0,0,0
15019939,652,32,2,0,0,0,0,0,0,0,0,0,0,0,0,0
15028892,653,32,2,0,0,0,0,0,0,0,0,0,0,0,0,0
15037845,654,32,2,0,0,0,0,0,0,0,0,0,0,0,0,0
15046798,655,48,2,0,0,0,0,0,0,0,0,0,0,0,0,0
15057480,656,32,2,0,0,0,0,0,0,0,0,0,0,0,0,0
15066433,657,32,2,0,0,0,0,0,0,0,0,0,0,0,0,0
15075386,658,32,2,0,0,0,0,0,0,0,0,0,0,0,0,0
15084339,659,32,2,0,0,0,0,0,0,0,0,0,0,0,0,0
15093292,660,48,2,0,0,0,0,0,0,0,0,0,0,0,0,0
15103974,661,32,2,0,0,0,0,0,0,0,0,0,0,0,0,0
15112927,662,32,2,0,0,0,0,0,0,0,0,0,0,0,0,0
15121880,663,32,2,0,0,0,0,0,0,0,0,0,0,0,0,0
15130833,664,32,2,0,0,0,0,0,0,0,0,0,0,0,0,0
15139786,665,48,2,0,0,0,0,0,0,0,0,0,0,0,0,0
15150468,666,32,2,0,0,0,0,0,0,0,0,0,0,0,0,0
15159421,667,32,2,0,0,0,0,0,0,0,0,0,0,0,0,0
15168374,668,32,2,0,0,0,0,0,0,0,0,0,0,0,0,0
15177327,669,32,2,0,0,0,0,0,0,0,0,0,0,0,0,0
15186281,670,48,2,0,0,0,0,0,0,0,0,0,0,0,0,0
15196962,671,32,2,0,0,0,0,0,0,0,0,0,0,0,0,0
15205915,672,32,2,0,0,0,0,0,0,0,0,0,0,0,0,0
15214868,673,32,2,0,0,0,0,0,0,0,0,0,0,0,0,0
15223821,674,32,2,0,0,0,0,0,0,0,0,0,0,0,0,0
15232774,675,48,2,0,0,0,0,0,0,0,0,0,0,0,0,0
15243456,676,32,2,0,0,0,0,0,0,0,0,0,0,0,0,0
15252409,677,32,2,0,0,0,0,0,0,0,0,0,0,0,0,0
15261362,678,32,2,0,0,0,0,0,0,0,0,0,0,0,0,0
15270315,679,32,2,0,0,0,0,0,0,0,0,0,0,0,0,0
15279268,680,48,2,0,0,0,0,0,0,0,0,0,0,0,0,0
15296022,681,32,2,0,0,0,0,0,0,0,0,0,0,0,0,0
15304963,682,32,2,0,0,0,0,0,0,0,0,0,0,0,0,0
15313917,683,32,2,0,0,0,0,0,0,0,0,0,0,0,0,0
15322869,684,32,2,0,0,0,0,0,0,0,0,0,0,0,0,0
15331822,685,48,2,0,0,0,0,0,0,0,0,0,0,0,0,0
15342504,686,32,2,0,0,0,0,0,0,0,0,0,0,0,0,0
15351457,687,32,2,0,0,0,0,0,0,0,0,0,0,0,0,0
15360410,688,32,2,0,0,0,0,0,0,0,0,0,0,0,0,0
15369363,689,32,2,0,0,0,0,0,0,0,0,0,0,0,0,0
15378317,690,48,2,0,0,0,0,0,0,0,0,0,0,0,0,0
15388998,691,32,2,0,0,0,0,0,0,0,0,0,0,0,0,0
15397951,692,32,2,0,0,0,0,0,0,0,0,0,0,0,0,0
15406904,693,32,2,0,0,0,0,0,0,0,0,0,0,0,0,0
15415857,694,32,2,0,0,0,0,0,0,0,0,0,0,0,0,0
15424810,695,48,2,0,0,0,0,0,0,0,0,0,0,0,0,0
15435492,696,32,2,0,0,0,0,0,0,0,0,0,0,0,0,0
15444445,697,32,2,0,0,0,0,0,0,0,0,0,0,0,0,0
15453398,698,32,2,0,0,0,0,0,0,0,0,0,0,0,0,0
15462352,699,32,2,0,0,0,0,0,0,0,0,0,0,0,0,0
15471305,700,48,2,0,0,0,0,0,0,0,0,0,0,0,0,0
15481987,701,32,2,0,0,0,0,0,0,0,0,0,0,0,0,0
15490939,702,32,2,0,0,0,0,0,0,0,0,0,0,0,0,0
15499892,703,32,2,0,0,0,0,0,0,0,0,0,0,0,0,0
15508845,704,32,2,0,0,0,0,0,0,0,0,0,0,0,0,0
15517798,705,48,2,0,0,0,0,0,0,0,0,0,0,0,0,0
15528480,706,32,2,0,0,0,0,0,0,0,0,0,0,0,0,0
15537433,707,32,2,0,0,0,0,0,0,0,0,0,0,0,0,0
15546386,708,32,2,0,0,0,0,0,0,0,0,0,0,0,0,0
15555339,709,32,2,0,0,0,0,0,0,0,0,0,0,0,0,0
15564292,710,48,2,0,0,0,0,0,0,0,0,0,0,0,0,0
15574974,711,32,2,0,0,0,0,0,0,0,0,0,0,0,0,0
15583927,712,32,2,0,0,0,0,0,0,0,0,0,0,0,0,0
15592880,713,32,2,0,0,0,0,0,0,0,0,0,0,0,0,0
15601833,714,32,2,0,0,0,0,0,0,0,0,0,0,0,0,0
15610786,715,48,2,0,0,0,0,0,0,0,0,0,0,0,0,0
15621468,716,32,2,0,0,0,0,0,0,0,0,0,0,0,0,0
15630421,717,32,2,0,0,0,0,0,0,0,0,0,0,0,0,0
15639374,718,32,2,0,0,0,0,0,0,0,0,0,0,0,0,0
15648327,719,32,2,0,0,0,0,0,0,0,0,0,0,0,0,0
15657281,720,48,2,0,0,0,0,0,0,0,0,0,0,0,0,0
15667962,721,32,2,0,0,0,0,0,0,0,0,0,0,0,0,0
15676915,722,32,2,0,0,0,0,0,0,0,0,0,0,0,0,0
15685868,723,32,2,0,0,0,0,0,0,0,0,0,0,0,0,0
15694821,724,32,2,0,0,0,0,0,0,0,0,0,0,0,0,0
15703774,725,48,2,0,0,0,0,0,0,0,0,0,0,0,0,0
15714456,726,32,2,0,0,0,0,0,0,0,0,0,0,0,0,0
15723409,727,32,2,0,0,0,0,0,0,0,0,0,0,0,0,0
15732362,728,32,2,0,0,0,0,0,0,0,0,0,0,0,0,0
15741315,729,32,2,0,0,0,0,0,0,0,0,0,0,0,0,0
15750268,730,48,2,0,0,0,0,0,0,0,0,0,0,0,0,0
15760950,731,32,2,0,0,0,0,0,0,0,0,0,0,0,0,0
15769903,732,32,2,0,0,0,0,0,0,0,0,0,0,0,0,0
15778856,733,32,2,0,0,0,0,0,0,0,0,0,0,0,0,0
15787809,734,32,2,0,0,0,0,0,0,0,0,0,0,0,0,0
15796762,735,48,2,0,0,0,0,0,0,0,0,0,0,0,0,0
15807444,736,32,2,0,0,0,0,0,0,0,0,0,0,0,0,0
15816397,737,32,2,0,0,0,0,0,0,0,0,0,0,0,0,0
15825350,738,32,2,0,0,0,0,0,0,0,0,0,0,0,0,0
15834304,739,32,2,0,0,0,0,0,0,0,0,0,0,0,0,0
15843256,740,48,2,0,0,0,0,0,0,0,0,0,0,0,0,0
15853938,741,32,2,0,0,0,0,0,0,0,0,0,0,0,0,0
15862891,742,32,2,0,0,0,0,0,0,0,0,0,0,0,0,0
15871844,743,32,2,0,0,0,0,0,0,0,0,0,0,0,0,0
15880798,744,32,2,0,0,0,0,0,0,0,0,0,0,0,0,0
15889750,745,48,2,0,0,0,0,0,0,0,0,0,0,0,0,0
15900432,746,32,2,0,0,0,0,0,0,0,0,0,0,0,0,0
15909385,747,32,2,0,0,0,0,0,0,0,0,0,0,0,0,0
15918339,748,32,2,0,0,0,0,0,0,0,0,0,0,0,0,0
15927291,749,32,2,0,0,0,0,0,0,0,0,0,0,0,0,0
15936244,750,48,2,0,0,0,0,0,0,0,0,0,0,0,0,0
15946926,751,32,2,0,0,0,0,0,0,0,0,0,0,0,0,0
15955879,752,32,2,0,0,0,0,0,0,0,0,0,0,0,0,0
15964832,753,32,2,0,0,0,0,0,0,0,0,0,0,0,0,0
15973785,754,32,2,0,0,0,0,0,0,0,0,0,0,0,0,0
15982738,755,48,2,0,0,0,0,0,0,0,0,0,0,0,0,0
15993420,756,32,2,0,0,0,0,0,0,0,0,0,0,0,0,0
16002374,757,32,2,0,0,0,0,0,0,0,0,0,0,0,0,0
16011326,758,32,2,0,0,0,0,0,0,0,0,0,0,0,0,0
16020279,759,32,2,0,0,0,0,0,0,0,0,0,0,0,0,0
16029232,760,48,2,0,0,0,0,0,0,0,0,0,0,0,0,0
16039914,761,32,2,0,0,0,0,0,0,0,0,0,0,0,0,0
16048867,762,32,2,0,0,0,0,0,0,0,0,0,0,0,0,0
16057820,763,32,2,0,0,0,0,0,0,0,0,0,0,0,0,0
16066774,764,32,2,0,0,0,0,0,0,0,0,0,0,0,0,0
16075726,765,48,2,0,0,0,0,0,0,0,0,0,0,0,0,0
16086408,766,32,2,0,0,0,0,0,0,0,0,0,0,0,0,0
16095361,767,32,2,0,0,0,0,0,0,0,0,0,0,0,0,0
16104314,768,32,2,0,0,0,0,0,0,0,0,0,0,0,0,0
16113267,769,32,2,0,0,0,0,0,0,0,0,0,0,0,0,0
16122220,770,48,2,0,0,0,0,0,0,0,0,0,0,0,0,0
16132902,771,32,2,0,0,0,0,0,0,0,0,0,0,0,0,0
16141855,772,32,2,0,0,0,0,0,0,0,0,0,0,0,0,0
16150808,773,32,2,0,0,0,0,0,0,0,0,0,0,0,0,0
16159761,774,32,2,0,0,0,0,0,0,0,0,0,0,0,0,0
16168714,775,48,2,0,0,0,0,0,0,0,0,0,0,0,0,0
16179396,776,32,2,0,0,0,0,0,0,0,0,0,0,0,0,0
16188349,777,32,2,0,0,0,0,0,0,0,0,0,0,0,0,0
16197303,778,32,2,0,0,0,0,0,0,0,0,0,0,0,0,0
16206255,779,32,2,0,0,0,0,0,0,0,0,0,0,0,0,0
16215208,780,48,2,0,0,0,0,0,0,0,0,0,0,0,0,0
16225890,781,32,2,0,0,0,0,0,0,0,0,0,0,0,0,0
16234843,782,32,2,0,0,0,0,0,0,0,0,0,0,0,0,0
16243796,783,32,2,0,0,0,0,0,0,0,0,0,0,0,0,0
16252750,784,32,2,0,0,0,0,0,0,0,0,0,0,0,0,0
16261702,785,48,2,0,0,0,0,0,0,0,0,0,0,0,0,0
16272384,786,32,2,0,0,0,0,0,0,0,0,0,0,0,0,0
16281337,787,32,2,0,0,0,0,0,0,0,0,0,0,0,0,0
16290291,788,32,2,0,0,0,0,0,0,0,0,0,0,0,0,0
16299243,789,32,2,0,0,0,0,0,0,0,0,0,0,0,0,0
16308197,790,48,2,0,0,0,0,0,0,0,0,0,0,0,0,0
16318878,791,32,2,0,0,0,0,0,0,0,0,0,0,0,0,0
16327831,792,32,2,0,0,0,0,0,0,0,0,0,0,0,0,0
16336784,793,32,2,0,0,0,0,0,0,0,0,0,0,0,0,0
16345737,794,32,2,0,0,0,0,0,0,0,0,0,0,0,0,0
16354690,795,48,2,0,0,0,0,0,0,0,0,0,0,0,0,0
16365372,796,32,2,0,0,0,0,0,0,0,0,0,0,0,0,0
16374325,797,32,2,0,0,0,0,0,0,0,0,0,0,0,0,0
16383278,798,32,2,0,0,0,0,0,0,0,0,0,0,0,0,0
16392231,799,32,2,0,0,0,0,0,0,0,0,0,0,0,0,0
16401184,800,48,2,0,0,0,0,0,0,0,0,0,0,0,0,0
16411866,801,32,2,0,0,0,0,0,0,0,0,0,0,0,0,0
16420819,802,32,2,0,0,0,0,0,0,0,0,0,0,0,0,0
16429772,803,32,2,0,0,0,0,0,0,0,0,0,0,0,0,0
16438725,804,32,2,0,0,0,0,0,0,0,0,0,0,0,0,0
16447678,805,48,2,0,0,0,0,0,0,0,0,0,0,0,0,0
16458360,806,32,2,0,0,0,0,0,0,0,0,0,0,0,0,0
16467313,807,32,2,0,0,0,0,0,0,0,0,0,0,0,0,0
16476266,808,32,2,0,0,0,0,0,0,0,0,0,0,0,0,0
16485219,809,32,2,0,0,0,0,0,0,0,0,0,0,0,0,0
16494172,810,48,2,0,0,0,0,0,0,0,0,0,0,0,0,0
16504854,811,32,2,0,0,0,0,0,0,0,0,0,0,0,0,0
16513807,812,32,2,0,0,0,0,0,0,0,0,0,0,0,0,0
16522760,813,32,2,0,0,0,0,0,0,0,0,0,0,0,0,0
16531713,814,32,2,0,0,0,0,0,0,0,0,0,0,0,0,0
16540666,815,48,2,0,0,0,0,0,0,0,0,0,0,0,0,0
16551348,816,32,2,0,0,0,0,0,0,0,0,0,0,0,0,0
16560302,817,32,2,0,0,0,0,0,0,0,0,0,0,0,0,0
16569255,818,32,2,0,0,0,0,0,0,0,0,0,0,0,0,0
16578207,819,32,2,0,0,0,0,0,0,0,0,0,0,0,0,0
16587160,820,48,2,0,0,0,0,0,0,0,0,0,0,0,0,0
16597843,821,32,2,0,0,0,0,0,0,0,0,0,0,0,0,0
16606795,822,32,2,0,0,0,0,0,0,0,0,0,0,0,0,0
16615748,823,32,2,0,0,0,0,0,0,0,0,0,0,0,0,0
16624701,824,32,2,0,0,0,0,0,0,0,0,0,0,0,0,0
16633654,825,48,2,0,0,0,0,0,0,0,0,0,0,0,0,0
16644336,826,32,2,0,0,0,0,0,0,0,0,0,0,0,0,0
16653290,827,32,2,0,0,0,0,0,0,0,0,0,0,0,0,0
16662243,828,32,2,0,0,0,0,0,0,0,0,0,0,0,0,0
16671195,829,32,2,0,0,0,0,0,0,0,0,0,0,0,0,0
16680148,830,48,2,0,0,0,0,0,0,0,0,0,0,0,0,0
16690830,831,32,2,0,0,0,0,0,0,0,0,0,0,0,0,0
16699783,832,32,2,0,0,0,0,0,0,0,0,0,0,0,0,0
16708736,833,32,2,0,0,0,0,0,0,0,0,0,0,0,0,0
16717689,834,32,2,0,0,0,0,0,0,0,0,0,0,0,0,0
16726642,835,48,2,0,0,0,0,0,0,0,0,0,0,0,0,0
16737324,836,32,2,0,0,0,0,0,0,0,0,0,0,0,0,0
16746277,837,32,2,0,0,0,0,0,0,0,0,0,0,0,0,0
16755230,838,32,2,0,0,0,0,0,0,0,0,0,0,0,0,0
16764183,839,32,2,0,0,0,0,0,0,0,0,0,0,0,0,0
16773136,840,48,2,0,0,0,0,0,0,0,0,0,0,0,0,0
16783818,841,32,2,0,0,0,0,0,0,0,0,0,0,0,0,0
16792771,842,32,2,0,0,0,0,0,0,0,0,0,0,0,0,0
16801724,843,32,2,0,0,0,0,0,0,0,0,0,0,0,0,0
16810677,844,32,2,0,0,0,0,0,0,0,0,0,0,0,0,0
16819630,845,48,2,0,0,0,0,0,0,0,0,0,0,0,0,0
16830312,846,32,2,0,0,0,0,0,0,0,0,0,0,0,0,0
16839265,847,32,2,0,0,0,0,0,0,0,0,0,0,0,0,0
16848218,848,32,2,0,0,0,0,0,0,0,0,0,0,0,0,0
16857171,849,32,2,0,0,0,0,0,0,0,0,0,0,0,0,0
16866124,850,48,2,0,0,0,0,0,0,0,0,0,0,0,0,0
16881428,851,32,2,0,0,0,0,0,0,0,0,0,0,0,0,0
16890369,852,32,2,0,0,0,0,0,0,0,0,0,0,0,0,0
16899322,853,32,2,0,0,0,0,0,0,0,0,0,0,0,0,0
16908275,854,32,2,0,0,0,0,0,0,0,0,0,0,0,0,0
16917228,855,48,2,0,0,0,0,0,0,0,0,0,0,0,0,0
16927910,856,32,2,0,0,0,0,0,0,0,0,0,0,0,0,0
16936863,857,32,2,0,0,0,0,0,0,0,0,0,0,0,0,0
16945816,858,32,2,0,0,0,0,0,0,0,0,0,0,0,0,0
16954769,859,32,2,0,0,0,0,0,0,0,0,0,0,0,0,0
16963722,860,48,2,0,0,0,0,0,0,0,0,0,0,0,0,0
16974405,861,32,2,0,0,0,0,0,0,0,0,0,0,0,0,0
16983357,862,32,2,0,0,0,0,0,0,0,0,0,0,0,0,0
16992310,863,32,2,0,0,0,0,0,0,0,0,0,0,0,0,0
17001264,864,32,2,0,0,0,0,0,0,0,0,0,0,0,0,0
17010216,865,48,2,0,0,0,0,0,0,0,0,0,0,0,0,0
17020898,866,32,2,0,0,0,0,0,0,0,0,0,0,0,0,0
17029851,867,32,2,0,0,0,0,0,0,0,0,0,0,0,0,0
17038804,868,32,2,0,0,0,0,0,0,0,0,0,0,0,0,0
17047757,869,32,2,0,0,0,0,0,0,0,0,0,0,0,0,0
17056710,870,48,2,0,0,0,0,0,0,0,0,0,0,0,0,0
17067392,871,32,2,0,0,0,0,0,0,0,0,0,0,0,0,0
17076346,872,32,2,0,0,0,0,0,0,0,0,0,0,0,0,0
17085299,873,32,2,0,0,0,0,0,0,0,0,0,0,0,0,0
17094252,874,32,2,0,0,0,0,0,0,0,0,0,0,0,0,0
17103204,875,48,2,0,0,0,0,0,0,0,0,0,0,0,0,0
17113886,876,32,2,0,0,0,0,0,0,0,0,0,0,0,0,0
17122839,877,32,2,0,0,0,0,0,0,0,0,0,0,0,0,0
17131792,878,32,2,0,0,0,0,0,0,0,0,0,0,0,0,0
17140745,879,32,2,0,0,0,0,0,0,0,0,0,0,0,0,0
17149698,880,48,2,0,0,0,0,0,0,0,0,0,0,0,0,0
17160381,881,32,2,0,0,0,0,0,0,0,0,0,0,0,0,0
17169333,882,32,2,0,0,0,0,0,0,0,0,0,0,0,0,0
17178286,883,32,2,0,0,0,0,0,0,0,0,0,0,0,0,0
17187239,884,32,2,0,0,0,0,0,0,0,0,0,0,0,0,0
17196192,885,48,2,0,0,0,0,0,0,0,0,0,0,0,0,0
17206874,886,32,2,0,0,0,0,0,0,0,0,0,0,0,0,0
17215827,887,32,2,0,0,0,0,0,0,0,0,0,0,0,0,0
17224780,888,32,2,0,0,0,0,0,0,0,0,0,0,0,0,0
17233733,889,32,2,0,0,0,0,0,0,0,0,0,0,0,0,0
17242686,890,48,2,0,0,0,0,0,0,0,0,0,0,0,0,0
17253368,891,32,2,0,0,0,0,0,0,0,0,0,0,0,0,0
17262321,892,32,2,0,0,0,0,0,0,0,0,0,0,0,0,0
17271274,893,32,2,0,0,0,0,0,0,0,0,0,0,0,0,0
17280227,894,32,2,0,0,0,0,0,0,0,0,0,0,0,0,0
17289180,895,48,2,0,0,0,0,0,0,0,0,0,0,0,0,0
17299862,896,32,2,0,0,0,0,0,0,0,0,0,0,0,0,0
17308816,897,32,2,0,0,0,0,0,0,0,0,0,0,0,0,0
17317768,898,32,2,0,0,0,0,0,0,0,0,0,0,0,0,0
17326721,899,32,2,0,0,0,0,0,0,0,0,0,0,0,0,0
17335674,900,48,2,0,0,0,0,0,0,0,0,0,0,0,0,0
17346357,901,32,2,0,0,0,0,0,0,0,0,0,0,0,0,0
17355309,902,32,2,0,0,0,0,0,0,0,0,0,0,0,0,0
17364263,903,32,2,0,0,0,0,0,0,0,0,0,0,0,0,0
17373215,904,32,2,0,0,0,0,0,0,0,0,0,0,0,0,0
17382168,905,48,2,0,0,0,0,0,0,0,0,0,0,0,0,0
17392850,906,32,2,0,0,0,0,0,0,0,0,0,0,0,0,0
17401804,907,32,2,0,0,0,0,0,0,0,0,0,0,0,0,0
17410756,908,32,2,0,0,0,0,0,0,0,0,0,0,0,0,0
17419709,909,32,2,0,0,0,0,0,0,0,0,0,0,0,0,0
17428662,910,48,2,0,0,0,0,0,0,0,0,0,0,0,0,0
17439345,911,32,2,0,0,0,0,0,0,0,0,0,0,0,0,0
17448297,912,32,2,0,0,0,0,0,0,0,0,0,0,0,0,0
17457250,913,32,2,0,0,0,0,0,0,0,0,0,0,0,0,0
17466203,914,32,2,0,0,0,0,0,0,0,0,0,0,0,0,0
17475156,915,48,2,0,0,0,0,0,0,0,0,0,0,0,0,0
17485838,916,32,2,0,0,0,0,0,0,0,0,0,0,0,0,0
17494791,917,32,2,0,0,0,0,0,0,0,0,0,0,0,0,0
17503744,918,32,2,0,0,0,0,0,0,0,0,0,0,0,0,0
17512697,919,32,2,0,0,0,0,0,0,0,0,0,0,0,0,0
17521650,920,48,2,0,0,0,0,0,0,0,0,0,0,0,0,0
17532333,921,32,2,0,0,0,0,0,0,0,0,0,0,0,0,0
17541285,922,32,2,0,0,0,0,0,0,0,0,0,0,0,0,0
17550238,923,32,2,0,0,0,0,0,0,0,0,0,0,0,0,0
17559191,924,32,2,0,0,0,0,0,0,0,0,0,0,0,0,0
17568144,925,48,2,0,0,0,0,0,0,0,0,0,0,0,0,0
17578826,926,32,2,0,0,0,0,0,0,0,0,0,0,0,0,0
17587779,927,32,2,0,0,0,0,0,0,0,0,0,0,0,0,0
17596732,928,32,2,0,0,0,0,0,0,0,0,0,0,0,0,0
17605685,929,32,2,0,0,0,0,0,0,0,0,0,0,0,0,0
17614638,930,48,2,0,0,0,0,0,0,0,0,0,0,0,0,0
17625321,931,32,2,0,0,0,0,0,0,0,0,0,0,0,0,0
17634273,932,32,2,0,0,0,0,0,0,0,0,0,0,0,0,0
17643226,933,32,2,0,0,0,0,0,0,0,0,0,0,0,0,0
17652179,934,32,2,0,0,0,0,0,0,0,0,0,0,0,0,0
17661132,935,48,2,0,0,0,0,0,0,0,0,0,0,0,0,0
17671814,936,32,2,0,0,0,0,0,0,0,0,0,0,0,0,0
17680767,937,32,2,0,0,0,0,0,0,0,0,0,0,0,0,0
17689720,938,32,2,0,0,0,0,0,0,0,0,0,0,0,0,0
17698673,939,32,2,0,0,0,0,0,0,0,0,0,0,0,0,0
17707626,940,48,2,0,0,0,0,0,0,0,0,0,0,0,0,0
17718309,941,32,2,0,0,0,0,0,0,0,0,0,0,0,0,0
17727261,942,32,2,0,0,0,0,0,0,0,0,0,0,0,0,0
17736214,943,32,2,0,0,0,0,0,0,0,0,0,0,0,0,0
17745167,944,32,2,0,0,0,0,0,0,0,0,0,0,0,0,0
17754120,945,48,2,0,0,0,0,0,0,0,0,0,0,0,0,0
17764802,946,32,2,0,0,0,0,0,0,0,0,0,0,0,0,0
17773755,947,32,2,0,0,0,0,0,0,0,0,0,0,0,0,0
17782708,948,32,2,0,0,0,0,0,0,0,0,0,0,0,0,0
17791662,949,32,2,0,0,0,0,0,0,0,0,0,0,0,0,0
17800615,950,48,2,0,0,0,0,0,0,0,0,0,0,0,0,0
17811297,951,32,2,0,0,0,0,0,0,0,0,0,0,0,0,0
17820249,952,32,2,0,0,0,0,0,0,0,0,0,0,0,0,0
17829202,953,32,2,0,0,0,0,0,0,0,0,0,0,0,0,0
17838155,954,32,2,0,0,0,0,0,0,0,0,0,0,0,0,0
17847108,955,48,2,0,0,0,0,0,0,0,0,0,0,0,0,0
17857790,956,32,2,0,0,0,0,0,0,0,0,0,0,0,0,0
17866744,957,32,2,0,0,0,0,0,0,0,0,0,0,0,0,0
17875696,958,32,2,0,0,0,0,0,0,0,0,0,0,0,0,0
17884649,959,32,2,0,0,0,0,0,0,0,0,0,0,0,0,0
17893602,960,48,2,0,0,0,0,0,0,0,0,0,0,0,0,0
17904285,961,32,2,0,0,0,0,0,0,0,0,0,0,0,0,0
17913237,962,32,2,0,0,0,0,0,0,0,0,0,0,0,0,0
17922190,963,32,2,0,0,0,0,0,0,0,0,0,0,0,0,0
17931143,964,32,2,0,0,0,0,0,0,0,0,0,0,0,0,0
17940096,965,48,2,0,0,0,0,0,0,0,0,0,0,0,0,0
17950778,966,32,2,0,0,0,0,0,0,0,0,0,0,0,0,0
17959732,967,32,2,0,0,0,0,0,0,0,0,0,0,0,0,0
17968684,968,32,2,0,0,0,0,0,0,0,0,0,0,0,0,0
17977637,969,32,2,0,0,0,0,0,0,0,0,0,0,0,0,0
17986590,970,48,2,0,0,0,0,0,0,0,0,0,0,0,0,0
17997273,971,32,2,0,0,0,0,0,0,0,0,0,0,0,0,0
18006225,972,32,2,0,0,0,0,0,0,0,0,0,0,0,0,0
18015178,973,32,2,0,0,0,0,0,0,0,0,0,0,0,0,0
18024131,974,32,2,0,0,0,0,0,0,0,0,0,0,0,0,0
18033084,975,48,2,0,0,0,0,0,0,0,0,0,0,0,0,0
18043766,976,32,2,0,0,0,0,0,0,0,0,0,0,0,0,0
18052719,977,32,2,0,0,0,0,0,0,0,0,0,0,0,0,0
18061672,978,32,2,0,0,0,0,0,0,0,0,0,0,0,0,0
18070625,979,32,2,0,0,0,0,0,0,0,0,0,0,0,0,0
18079578,980,48,2,0,0,0,0,0,0,0,0,0,0,0,0,0
18090260,981,32,2,0,0,0,0,0,0,0,0,0,0,0,0,0
18099213,982,32,2,0,0,0,0,0,0,0,0,0,0,0,0,0
18108166,983,32,2,0,0,0,0,0,0,0,0,0,0,0,0,0
18117119,984,32,2,0,0,0,0,0,0,0,0,0,0,0,0,0
18126072,985,48,2,0,0,0,0,0,0,0,0,0,0,0,0,0
18136754,986,32,2,0,0,0,0,0,0,0,0,0,0,0,0,0
18145707,987,32,2,0,0,0,0,0,0,0,0,0,0,0,0,0
18154660,988,32,2,0,0,0,0,0,0,0,0,0,0,0,0,0
18163613,989,32,2,0,0,0,0,0,0,0,0,0,0,0,0,0
18172566,990,48,2,0,0,0,0,0,0,0,0,0,0,0,0,0
18183248,991,32,2,0,0,0,0,0,0,0,0,0,0,0,0,0
18192201,992,32,2,0,0,0,0,0,0,0,0,0,0,0,0,0
18201154,993,32,2,0,0,0,0,0,0,0,0,0,0,0,0,0
18210107,994,32,2,0,0,0,0,0,0,0,0,0,0,0,0,0
18219060,995,48,2,0,0,0,0,0,0,0,0,0,0,0,0,0
18229742,996,32,2,0,0,0,0,0,0,0,0,0,0,0,0,0
18238696,997,32,2,0,0,0,0,0,0,0,0,0,0,0,0,0
18247648,998,32,2,0,0,0,0,0,0,0,0,0,0,0,0,0
18256601,999,32,2,0,0,0,0,0,0,0,0,0,0,0,0,0
18265554,1000,48,2,0,0,0,0,0,0,0,0,0,0,0,0,0
18276237,1001,32,2,0,0,0,0,0,0,0,0,0,0,0,0,0
18285189,1002,32,2,0,0,0,0,0,0,0,0,0,0,0,0,0
18294142,1003,32,2,0,0,0,0,0,0,0,0,0,0,0,0,0
18303095,1004,32,2,0,0,0,0,0,0,0,0,0,0,0,0,0
18312048,1005,48,2,0,0,0,0,0,0,0,0,0,0,0,0,0
18322730,1006,32,2,0,0,0,0,0,0,0,0,0,0,0,0,0
18331683,1007,32,2,0,0,0,0,0,0,0,0,0,0,0,0,0
18340636,1008,32,2,0,0,0,0,0,0,0,0,0,0,0,0,0
18349589,1009,32,2,0,0,0,0,0,0,0,0,0,0,0,0,0
18358542,1010,48,2,0,0,0,0,0,0,0,0,0,0,0,0,0
18369224,1011,32,2,0,0,0,0,0,0,0,0,0,0,0,0,0
18378177,1012,32,2,0,0,0,0,0,0,0,0,0,0,0,0,0
18387130,1013,32,2,0,0,0,0,0,0,0,0,0,0,0,0,0
18396083,1014,32,2,0,0,0,0,0,0,0,0,0,0,0,0,0
18405036,1015,48,2,0,0,0,0,0,0,0,0,0,0,0,0,0
18415718,1016,32,2,0,0,0,0,0,0,0,0,0,0,0,0,0
18424671,1017,32,2,0,0,0,0,0,0,0,0,0,0,0,0,0
18433624,1018,32,2,0,0,0,0,0,0,0,0,0,0,0,0,0
18442577,1019,32,2,0,0,0,0,0,0,0,0,0,0,0,0,0
18451530,1020,48,2,0,0,0,0,0,0,0,0,0,0,0,0,0
18468979,1021,32,2,0,0,0,0,0,0,0,0,0,0,0,0,0
18477920,1022,32,2,0,0,0,0,0,0,0,0,0,0,0,0,0
18486873,1023,32,2,0,0,0,0,0,0,0,0,0,0,0,0,0
18495827,1024,32,2,0,0,0,0,0,0,0,0,0,0,0,0,0
18504779,1025,48,2,0,0,0,0,0,0,0,0,0,0,0,0,0
18515462,1026,32,2,0,0,0,0,0,0,0,0,0,0,0,0,0
18524414,1027,32,2,0,0,0,0,0,0,0,0,0,0,0,0,0
18533367,1028,32,2,0,0,0,0,0,0,0,0,0,0,0,0,0
18542321,1029,32,2,0,0,0,0,0,0,0,0,0,0,0,0,0
18551273,1030,48,2,0,0,0,0,0,0,0,0,0,0,0,0,0
18561956,1031,32,2,0,0,0,0,0,0,0,0,0,0,0,0,0
18570908,1032,32,2,0,0,0,0,0,0,0,0,0,0,0,0,0
18579861,1033,32,2,0,0,0,0,0,0,0,0,0,0,0,0,0
18588814,1034,32,2,0,0,0,0,0,0,0,0,0,0,0,0,0
18597767,1035,48,2,0,0,0,0,0,0,0,0,0,0,0,0,0
18608450,1036,32,2,0,0,0,0,0,0,0,0,0,0,0,0,0
18617403,1037,32,2,0,0,0,0,0,0,0,0,0,0,0,0,0
18626355,1038,32,2,0,0,0,0,0,0,0,0,0,0,0,0,0
18635308,1039,32,2,0,0,0,0,0,0,0,0,0,0,0,0,0
18644261,1040,48,2,0,0,0,0,0,0,0,0,0,0,0,0,0
18654943,1041,32,2,0,0,0,0,0,0,0,0,0,0,0,0,0
18663897,1042,32,2,0,0,0,0,0,0,0,0,0,0,0,0,0
18672849,1043,32,2,0,0,0,0,0,0,0,0,0,0,0,0,0
18681803,1044,32,2,0,0,0,0,0,0,0,0,0,0,0,0,0
18690755,1045,48,2,0,0,0,0,0,0,0,0,0,0,0,0,0
18701437,1046,32,2,0,0,0,0,0,0,0,0,0,0,0,0,0
18710390,1047,32,2,0,0,0,0,0,0,0,0,0,0,0,0,0
18719344,1048,32,2,0,0,0,0,0,0,0,0,0,0,0,0,0
18728297,1049,32,2,0,0,0,0,0,0,0,0,0,0,0,0,0
18737249,1050,48,2,0,0,0,0,0,0,0,0,0,0,0,0,0
18747932,1051,32,2,0,0,0,0,0,0,0,0,0,0,0,0,0
18756884,1052,32,2,0,0,0,0,0,0,0,0,0,0,0,0,0
18765837,1053,32,2,0,0,0,0,0,0,0,0,0,0,0,0,0
18774791,1054,32,2,0,0,0,0,0,0,0,0,0,0,0,0,0
18783743,1055,48,2,0,0,0,0,0,0,0,0,0,0,0,0,0
18794425,1056,32,2,0,0,0,0,0,0,0,0,0,0,0,0,0
18803378,1057,32,2,0,0,0,0,0,0,0,0,0,0,0,0,0
18812331,1058,32,2,0,0,0,0,0,0,0,0,0,0,0,0,0
18821285,1059,32,2,0,0,0,0,0,0,0,0,0,0,0,0,0
18830237,1060,48,2,0,0,0,0,0,0,0,0,0,0,0,0,0
18840919,1061,32,2,0,0,0,0,0,0,0,0,0,0,0,0,0
18849873,1062,32,2,0,0,0,0,0,0,0,0,0,0,0,0,0
18858825,1063,32,2,0,0,0,0,0,0,0,0,0,0,0,0,0
18867778,1064,32,2,0,0,0,0,0,0,0,0,0,0,0,0,0
18876731,1065,48,2,0,0,0,0,0,0,0,0,0,0,0,0,0
18887413,1066,32,2,0,0,0,0,0,0,0,0,0,0,0,0,0
18896367,1067,32,2,0,0,0,0,0,0,0,0,0,0,0,0,0
18905320,1068,32,2,0,0,0,0,0,0,0,0,0,0,0,0,0
18914272,1069,32,2,0,0,0,0,0,0,0,0,0,0,0,0,0
18923225,1070,48,2,0,0,0,0,0,0,0,0,0,0,0,0,0
18933907,1071,32,2,0,0,0,0,0,0,0,0,0,0,0,0,0
18942860,1072,32,2,0,0,0,0,0,0,0,0,0,0,0,0,0
18951813,1073,32,2,0,0,0,0,0,0,0,0,0,0,0,0,0
18960780,1074,32,2,0,0,0,0,0,0,0,0,0,0,0,0,0
18969721,1075,48,2,0,0,0,0,0,0,0,0,0,0,0,0,0
18980403,1076,32,2,0,0,0,0,0,0,0,0,0,0,0,0,0
18989356,1077,32,2,0,0,0,0,0,0,0,0,0,0,0,0,0
18998309,1078,32,2,0,0,0,0,0,0,0,0,0,0,0,0,0
19007263,1079,32,2,0,0,0,0,0,0,0,0,0,0,0,0,0
19016215,1080,48,2,0,0,0,0,0,0,0,0,0,0,0,0,0
19026897,1081,32,2,0,0,0,0,0,0,0,0,0,0,0,0,0
19035851,1082,32,2,0,0,0,0,0,0,0,0,0,0,0,0,0
19044803,1083,32,2,0,0,0,0,0,0,0,0,0,0,0,0,0
19053756,1084,32,2,0,0,0,0,0,0,0,0,0,0,0,0,0
19062710,1085,48,2,0,0,0,0,0,0,0,0,0,0,0,0,0
19073391,1086,32,2,0,0,0,0,0,0,0,0,0,0,0,0,0
19082344,1087,32,2,0,0,0,0,0,0,0,0,0,0,0,0,0
19091297,1088,32,2,0,0,0,0,0,0,0,0,0,0,0,0,0
19100250,1089,32,2,0,0,0,0,0,0,0,0,0,0,0,0,0
19109203,1090,48,2,0,0,0,0,0,0,0,0,0,0,0,0,0
19119885,1091,32,2,0,0,0,0,0,0,0,0,0,0,0,0,0
19128838,1092,32,2,0,0,0,0,0,0,0,0,0,0,0,0,0
19137791,1093,32,2,0,0,0,0,0,0,0,0,0,0,0,0,0
19146744,1094,32,2,0,0,0,0,0,0,0,0,0,0,0,0,0
19155697,1095,48,2,0,0,0,0,0,0,0,0,0,0,0,0,0
19166379,1096,32,2,0,0,0,0,0,0,0,0,0,0,0,0,0
19175332,1097,32,2,0,0,0,0,0,0,0,0,0,0,0,0,0
19184285,1098,32,2,0,0,0,0,0,0,0,0,0,0,0,0,0
19193238,1099,32,2,0,0,0,0,0,0,0,0,0,0,0,0,0
19202191,1100,48,2,0,0,0,0,0,0,0,0,0,0,0,0,0
19212873,1101,32,2,0,0,0,0,0,0,0,0,0,0,0,0,0
19221827,1102,32,2,0,0,0,0,0,0,0,0,0,0,0,0,0
19230779,1103,32,2,0,0,0,0,0,0,0,0,0,0,0,0,0
19239732,1104,32,2,0,0,0,0,0,0,0,0,0,0,0,0,0
19248685,1105,48,2,0,0,0,0,0,0,0,0,0,0,0,0,0
19259367,1106,32,2,0,0,0,0,0,0,0,0,0,0,0,0,0
19268321,1107,32,2,0,0,0,0,0,0,0,0,0,0,0,0,0
19277273,1108,32,2,0,0,0,0,0,0,0,0,0,0,0,0,0
19286226,1109,32,2,0,0,0,0,0,0,0,0,0,0,0,0,0
19295179,1110,48,2,0,0,0,0,0,0,0,0,0,0,0,0,0
19305861,1111,32,2,0,0,0,0,0,0,0,0,0,0,0,0,0
19314814,1112,32,2,0,0,0,0,0,0,0,0,0,0,0,0,0
19323767,1113,32,2,0,0,0,0,0,0,0,0,0,0,0,0,0
19332720,1114,32,2,0,0,0,0,0,0,0,0,0,0,0,0,0
19341674,1115,48,2,0,0,0,0,0,0,0,0,0,0,0,0,0
19352355,1116,32,2,0,0,0,0,0,0,0,0,0,0,0,0,0
19361308,1117,32,2,0,0,0,0,0,0,0,0,0,0,0,0,0
19370261,1118,32,2,0,0,0,0,0,0,0,0,0,0,0,0,0
19379214,1119,32,2,0,0,0,0,0,0,0,0,0,0,0,0,0
19388167,1120,48,2,0,0,0,0,0,0,0,0,0,0,0,0,0
19398849,1121,32,2,0,0,0,0,0,0,0,0,0,0,0,0,0
19407802,1122,32,2,0,0,0,0,0,0,0,0,0,0,0,0,0
19416755,1123,32,2,0,0,0,0,0,0,0,0,0,0,0,0,0
19425708,1124,32,2,0,0,0,0,0,0,0,0,0,0,0,0,0
19434661,1125,48,2,0,0,0,0,0,0,0,0,0,0,0,0,0
19445343,1126,32,2,0,0,0,0,0,0,0,0,0,0,0,0,0
19454296,1127,32,2,0,0,0,0,0,0,0,0,0,0,0,0,0
19463249,1128,32,2,0,0,0,0,0,0,0,0,0,0,0,0,0
19472202,1129,32,2,0,0,0,0,0,0,0,0,0,0,0,0,0
19481155,1130,48,2,0,0,0,0,0,0,0,0,0,0,0,0,0
19491837,1131,32,2,0,0,0,0,0,0,0,0,0,0,0,0,0
19500790,1132,32,2,0,0,0,0,0,0,0,0,0,0,0,0,0
19509743,1133,32,2,0,0,0,0,0,0,0,0,0,0,0,0,0
19518696,1134,32,2,0,0,0,0,0,0,0,0,0,0,0,0,0
19527649,1135,48,2,0,0,0,0,0,0,0,0,0,0,0,0,0
19538331,1136,32,2,0,0,0,0,0,0,0,0,0,0,0,0,0
19547284,1137,32,2,0,0,0,0,0,0,0,0,0,0,0,0,0
19556237,1138,32,2,0,0,0,0,0,0,0,0,0,0,0,0,0
19565190,1139,32,2,0,0,0,0,0,0,0,0,0,0,0,0,0
19574143,1140,48,2,0,0,0,0,0,0,0,0,0,0,0,0,0
19584825,1141,32,2,0,0,0,0,0,0,0,0,0,0,0,0,0
19593778,1142,32,2,0,0,0,0,0,0,0,0,0,0,0,0,0
19602731,1143,32,2,0,0,0,0,0,0,0,0,0,0,0,0,0
19611684,1144,32,2,0,0,0,0,0,0,0,0,0,0,0,0,0
19620637,1145,48,2,0,0,0,0,0,0,0,0,0,0,0,0,0
19631319,1146,32,2,0,0,0,0,0,0,0,0,0,0,0,0,0
19640272,1147,32,2,0,0,0,0,0,0,0,0,0,0,0,0,0
19649225,1148,32,2,0,0,0,0,0,0,0,0,0,0,0,0,0
19658178,1149,32,2,0,0,0,0,0,0,0,0,0,0,0,0,0
19667131,1150,48,2,0,0,0,0,0,0,0,0,0,0,0,0,0
19677813,1151,32,2,0,0,0,0,0,0,0,0,0,0,0,0,0
19686766,1152,32,2,0,0,0,0,0,0,0,0,0,0,0,0,0
19695719,1153,32,2,0,0,0,0,0,0,0,0,0,0,0,0,0
19704672,1154,32,2,0,0,0,0,0,0,0,0,0,0,0,0,0
19713625,1155,48,2,0,0,0,0,0,0,0,0,0,0,0,0,0
19724307,1156,32,2,0,0,0,0,0,0,0,0,0,0,0,0,0
19733260,1157,32,2,0,0,0,0,0,0,0,0,0,0,0,0,0
19742213,1158,32,2,0,0,0,0,0,0,0,0,0,0,0,0,0
19751166,1159,32,2,0,0,0,0,0,0,0,0,0,0,0,0,0
19760119,1160,48,2,0,0,0,0,0,0,0,0,0,0,0,0,0
19770801,1161,32,2,0,0,0,0,0,0,0,0,0,0,0,0,0
19779754,1162,32,2,0,0,0,0,0,0,0,0,0,0,0,0,0
19788707,1163,32,2,0,0,0,0,0,0,0,0,0,0,0,0,0
19797660,1164,32,2,0,0,0,0,0,0,0,0,0,0,0,0,0
19806613,1165,48,2,0,0,0,0,0,0,0,0,0,0,0,0,0
19817295,1166,32,2,0,0,0,0,0,0,0,0,0,0,0,0,0
19826248,1167,32,2,0,0,0,0,0,0,0,0,0,0,0,0,0
19835201,1168,32,2,0,0,0,0,0,0,0,0,0,0,0,0,0
19844154,1169,32,2,0,0,0,0,0,0,0,0,0,0,0,0,0
19853107,1170,48,2,0,0,0,0,0,0,0,0,0,0,0,0,0
19863789,1171,32,2,0,0,0,0,0,0,0,0,0,0,0,0,0
19872743,1172,32,2,0,0,0,0,0,0,0,0,0,0,0,0,0
19881695,1173,32,2,0,0,0,0,0,0,0,0,0,0,0,0,0
19890648,1174,32,2,0,0,0,0,0,0,0,0,0,0,0,0,0
19899602,1175,48,2,0,0,0,0,0,0,0,0,0,0,0,0,0
19910283,1176,32,2,0,0,0,0,0,0,0,0,0,0,0,0,0
19919236,1177,32,2,0,0,0,0,0,0,0,0,0,0,0,0,0
19928189,1178,32,2,0,0,0,0,0,0,0,0,0,0,0,0,0
19937142,1179,32,2,0,0,0,0,0,0,0,0,0,0,0,0,0
19946095,1180,48,2,0,0,0,0,0,0,0,0,0,0,0,0,0
19956778,1181,32,2,0,0,0,0,0,0,0,0,0,0,0,0,0
19965730,1182,32,2,0,0,0,0,0,0,0,0,0,0,0,0,0
19974683,1183,32,2,0,0,0,0,0,0,0,0,0,0,0,0,0
19983637,1184,32,2,0,0,0,0,0,0,0,0,0,0,0,0,0
19992589,1185,48,2,0,0,0,0,0,0,0,0,0,0,0,0,0
20003271,1186,32,2,0,0,0,0,0,0,0,0,0,0,0,0,0
20012224,1187,32,2,0,0,0,0,0,0,0,0,0,0,0,0,0
20021177,1188,32,2,0,0,0,0,0,0,0,0,0,0,0,0,0
20030130,1189,32,2,0,0,0,0,0,0,0,0,0,0,0,0,0
20039083,1190,48,2,0,0,0,0,0,0,0,0,0,0,0,0,0
20053919,1191,32,2,0,0,0,0,0,0,0,0,0,0,0,0,0
20062860,1192,32,2,0,0,0,0,0,0,0,0,0,0,0,0,0
20071813,1193,32,2,0,0,0,0,0,0,0,0,0,0,0,0,0
20080766,1194,32,2,0,0,0,0,0,0,0,0,0,0,0,0,0
20089719,1195,48,2,0,0,0,0,0,0,0,0,0,0,0,0,0
20100401,1196,32,2,0,0,0,0,0,0,0,0,0,0,0,0,0
20109354,1197,32,2,0,0,0,0,0,0,0,0,0,0,0,0,0
20118307,1198,32,2,0,0,0,0,0,0,0,0,0,0,0,0,0
20127260,1199,32,2,0,0,0,0,0,0,0,0,0,0,0,0,0
20136213,1200,48,2,0,0,0,0,0,0,0,0,0,0,0,0,0
20146895,1201,32,2,0,0,0,0,0,0,0,0,0,0,0,0,0
20155848,1202,32,2,0,0,0,0,0,0,0,0,0,0,0,0,0
20164802,1203,32,2,0,0,0,0,0,0,0,0,0,0,0,0,0
20173754,1204,32,2,0,0,0,0,0,0,0,0,0,0,0,0,0
20182707,1205,48,2,0,0,0,0,0,0,0,0,0,0,0,0,0
20193389,1206,32,2,0,0,0,0,0,0,0,0,0,0,0,0,0
20202342,1207,32,2,0,0,0,0,0,0,0,0,0,0,0,0,0
20211295,1208,32,2,0,0,0,0,0,0,0,0,0,0,0,0,0
20220248,1209,32,2,0,0,0,0,0,0,0,0,0,0,0,0,0
20229201,1210,48,2,0,0,0,0,0,0,0,0,0,0,0,0,0
20239883,1211,32,2,0,0,0,0,0,0,0,0,0,0,0,0,0
20248836,1212,32,2,0,0,0,0,0,0,0,0,0,0,0,0,0
20257789,1213,32,2,0,0,0,0,0,0,0,0,0,0,0,0,0
20266743,1214,32,2,0,0,0,0,0,0,0,0,0,0,0,0,0
20275695,1215,48,2,0,0,0,0,0,0,0,0,0,0,0,0,0
20286377,1216,32,2,0,0,0,0,0,0,0,0,0,0,0,0,0
20295330,1217,32,2,0,0,0,0,0,0,0,0,0,0,0,0,0
20304283,1218,32,2,0,0,0,0,0,0,0,0,0,0,0,0,0
20313236,1219,32,2,0,0,0,0,0,0,0,0,0,0,0,0,0
20322189,1220,48,2,0,0,0,0,0,0,0,0,0,0,0,0,0
20332872,1221,32,2,0,0,0,0,0,0,0,0,0,0,0,0,0
20341824,1222,32,2,0,0,0,0,0,0,0,0,0,0,0,0,0
20350777,1223,32,2,0,0,0,0,0,0,0,0,0,0,0,0,0
20359730,1224,32,2,0,0,0,0,0,0,0,0,0,0,0,0,0
20368683,1225,48,2,0,0,0,0,0,0,0,0,0,0,0,0,0
20379365,1226,32,2,0,0,0,0,0,0,0,0,0,0,0,0,0
20388318,1227,32,2,0,0,0,0,0,0,0,0,0,0,0,0,0
20397272,1228,32,2,0,0,0,0,0,0,0,0,0,0,0,0,0
20406224,1229,32,2,0,0,0,0,0,0,0,0,0,0,0,0,0
20415177,1230,48,2,0,0,0,0,0,0,0,0,0,0,0,0,0
20425859,1231,32,2,0,0,0,0,0,0,0,0,0,0,0,0,0
20434813,1232,32,2,0,0,0,0,0,0,0,0,0,0,0,0,0
20443765,1233,32,2,0,0,0,0,0,0,0,0,0,0,0,0,0
20452718,1234,32,2,0,0,0,0,0,0,0,0,0,0,0,0,0
20461671,1235,48,2,0,0,0,0,0,0,0,0,0,0,0,0,0
20472353,1236,32,2,0,0,0,0,0,0,0,0,0,0,0,0,0
20481306,1237,32,2,0,0,0,0,0,0,0,0,0,0,0,0,0
20490259,1238,32,2,0,0,0,0,0,0,0,0,0,0,0,0,0
20499212,1239,32,2,0,0,0,0,0,0,0,0,0,0,0,0,0
20508165,1240,48,2,0,0,0,0,0,0,0,0,0,0,0,0,0
20518847,1241,32,2,0,0,0,0,0,0,0,0,0,0,0,0,0
20527800,1242,32,2,0,0,0,0,0,0,0,0,0,0,0,0,0
20536753,1243,32,2,0,0,0,0,0,0,0,0,0,0,0,0,0
20545706,1244,32,2,0,0,0,0,0,0,0,0,0,0,0,0,0
20554659,1245,48,2,0,0,0,0,0,0,0,0,0,0,0,0,0
20565341,1246,32,2,0,0,0,0,0,0,0,0,0,0,0,0,0
20574294,1247,32,2,0,0,0,0,0,0,0,0,0,0,0,0,0
20583247,1248,32,2,0,0,0,0,0,0,0,0,0,0,0,0,0
20592200,1249,32,2,0,0,0,0,0,0,0,0,0,0,0,0,0
20601153,1250,48,2,0,0,0,0,0,0,0,0,0,0,0,0,0
20611835,1251,32,2,0,0,0,0,0,0,0,0,0,0,0,0,0
20620788,1252,32,2,0,0,0,0,0,0,0,0,0,0,0,0,0
20629741,1253,32,2,0,0,0,0,0,0,0,0,0,0,0,0,0
20638694,1254,32,2,0,0,0,0,0,0,0,0,0,0,0,0,0
20647647,1255,48,2,0,0,0,0,0,0,0,0,0,0,0,0,0
20658330,1256,32,2,0,0,0,0,0,0,0,0,0,0,0,0,0
20667282,1257,32,2,0,0,0,0,0,0,0,0,0,0,0,0,0
20676235,1258,32,2,0,0,0,0,0,0,0,0,0,0,0,0,0
20685188,1259,32,2,0,0,0,0,0,0,0,0,0,0,0,0,0
20694141,1260,48,2,0,0,0,0,0,0,0,0,0,0,0,0,0
20704823,1261,32,2,0,0,0,0,0,0,0,0,0,0,0,0,0
20713776,1262,32,2,0,0,0,0,0,0,0,0,0,0,0,0,0
20722730,1263,32,2,0,0,0,0,0,0,0,0,0,0,0,0,0
20731683,1264,32,2,0,0,0,0,0,0,0,0,0,0,0,0,0
20740635,1265,48,2,0,0,0,0,0,0,0,0,0,0,0,0,0
20751317,1266,32,2,0,0,0,0,0,0,0,0,0,0,0,0,0
20760270,1267,32,2,0,0,0,0,0,0,0,0,0,0,0,0,0
20769223,1268,32,2,0,0,0,0,0,0,0,0,0,0,0,0,0
20778176,1269,32,2,0,0,0,0,0,0,0,0,0,0,0,0,0
20787129,1270,48,2,0,0,0,0,0,0,0,0,0,0,0,0,0
20797812,1271,32,2,0,0,0,0,0,0,0,0,0,0,0,0,0
20806765,1272,32,2,0,0,0,0,0,0,0,0,0,0,0,0,0
20815717,1273,32,2,0,0,0,0,0,0,0,0,0,0,0,0,0
20824670,1274,32,2,0,0,0,0,0,0,0,0,0,0,0,0,0
20833623,1275,48,2,0,0,0,0,0,0,0,0,0,0,0,0,0
20844305,1276,32,2,0,0,0,0,0,0,0,0,0,0,0,0,0
20853258,1277,32,2,0,0,0,0,0,0,0,0,0,0,0,0,0
20862211,1278,32,2,0,0,0,0,0,0,0,0,0,0,0,0,0
20871165,1279,32,2,0,0,0,0,0,0,0,0,0,0,0,0,0
20880117,1280,48,2,0,0,0,0,0,0,0,0,0,0,0,0,0
20890800,1281,32,2,0,0,0,0,0,0,0,0,0,0,0,0,0
20899752,1282,32,2,0,0,0,0,0,0,0,0,0,0,0,0,0
20908706,1283,32,2,0,0,0,0,0,0,0,0,0,0,0,0,0
20917658,1284,32,2,0,0,0,0,0,0,0,0,0,0,0,0,0
20926611,1285,48,2,0,0,0,0,0,0,0,0,0,0,0,0,0
20937293,1286,32,2,0,0,0,0,0,0,0,0,0,0,0,0,0
20946246,1287,32,2,0,0,0,0,0,0,0,0,0,0,0,0,0
20955199,1288,32,2,0,0,0,0,0,0,0,0,0,0,0,0,0
20964152,1289,32,2,0,0,0,0,0,0,0,0,0,0,0,0,0
20973105,1290,48,2,0,0,0,0,0,0,0,0,0,0,0,0,0
20983787,1291,32,2,0,0,0,0,0,0,0,0,0,0,0,0,0
20992741,1292,32,2,0,0,0,0,0,0,0,0,0,0,0,0,0
21001693,1293,32,2,0,0,0,0,0,0,0,0,0,0,0,0,0
21010646,1294,32,2,0,0,0,0,0,0,0,0,0,0,0,0,0
21019599,1295,48,2,0,0,0,0,0,0,0,0,0,0,0,0,0
21030281,1296,32,2,0,0,0,0,0,0,0,0,0,0,0,0,0
21039234,1297,32,2,0,0,0,0,0,0,0,0,0,0,0,0,0
21048187,1298,32,2,0,0,0,0,0,0,0,0,0,0,0,0,0
21057140,1299,32,2,0,0,0,0,0,0,0,0,0,0,0,0,0
21066093,1300,48,2,0,0,0,0,0,0,0,0,0,0,0,0,0
21076776,1301,32,2,0,0,0,0,0,0,0,0,0,0,0,0,0
21085728,1302,32,2,0,0,0,0,0,0,0,0,0,0,0,0,0
21094681,1303,32,2,0,0,0,0,0,0,0,0,0,0,0,0,0
21103635,1304,32,2,0,0,0,0,0,0,0,0,0,0,0,0,0
21112587,1305,48,2,0,0,0,0,0,0,0,0,0,0,0,0,0
21123269,1306,32,2,0,0,0,0,0,0,0,0,0,0,0,0,0
21132222,1307,32,2,0,0,0,0,0,0,0,0,0,0,0,0,0
21141175,1308,32,2,0,0,0,0,0,0,0,0,0,0,0,0,0
21150128,1309,32,2,0,0,0,0,0,0,0,0,0,0,0,0,0
21159081,1310,48,2,0,0,0,0,0,0,0,0,0,0,0,0,0
21169763,1311,32,2,0,0,0,0,0,0,0,0,0,0,0,0,0
21178717,1312,32,2,0,0,0,0,0,0,0,0,0,0,0,0,0
21187669,1313,32,2,0,0,0,0,0,0,0,0,0,0,0,0,0
21196622,1314,32,2,0,0,0,0,0,0,0,0,0,0,0,0,0
21205575,1315,48,2,0,0,0,0,0,0,0,0,0,0,0,0,0
21216257,1316,32,2,0,0,0,0,0,0,0,0,0,0,0,0,0
21225210,1317,32,2,0,0,0,0,0,0,0,0,0,0,0,0,0
21234164,1318,32,2,0,0,0,0,0,0,0,0,0,0,0,0,0
21243116,1319,32,2,0,0,0,0,0,0,0,0,0,0,0,0,0
21252069,1320,48,2,0,0,0,0,0,0,0,0,0,0,0,0,0
21262751,1321,32,2,0,0,0,0,0,0,0,0,0,0,0,0,0
21271704,1322,32,2,0,0,0,0,0,0,0,0,0,0,0,0,0
21280657,1323,32,2,0,0,0,0,0,0,0,0,0,0,0,0,0
21289610,1324,32,2,0,0,0,0,0,0,0,0,0,0,0,0,0
21298563,1325,48,2,0,0,0,0,0,0,0,0,0,0,0,0,0
21309245,1326,32,2,0,0,0,0,0,0,0,0,0,0,0,0,0
21318198,1327,32,2,0,0,0,0,0,0,0,0,0,0,0,0,0
21327151,1328,32,2,0,0,0,0,0,0,0,0,0,0,0,0,0
21336104,1329,32,2,0,0,0,0,0,0,0,0,0,0,0,0,0
21345057,1330,48,2,0,0,0,0,0,0,0,0,0,0,0,0,0
21355739,1331,32,2,0,0,0,0,0,0,0,0,0,0,0,0,0
21364692,1332,32,2,0,0,0,0,0,0,0,0,0,0,0,0,0
21373646,1333,32,2,0,0,0,0,0,0,0,0,0,0,0,0,0
21382598,1334,32,2,0,0,0,0,0,0,0,0,0,0,0,0,0
21391551,1335,48,2,0,0,0,0,0,0,0,0,0,0,0,0,0
21402233,1336,32,2,0,0,0,0,0,0,0,0,0,0,0,0,0
21411186,1337,32,2,0,0,0,0,0,0,0,0,0,0,0,0,0
21420139,1338,32,2,0,0,0,0,0,0,0,0,0,0,0,0,0
21429092,1339,32,2,0,0,0,0,0,0,0,0,0,0,0,0,0
21438045,1340,48,2,0,0,0,0,0,0,0,0,0,0,0,0,0
21448727,1341,32,2,0,0,0,0,0,0,0,0,0,0,0,0,0
21457681,1342,32,2,0,0,0,0,0,0,0,0,0,0,0,0,0
21466633,1343,32,2,0,0,0,0,0,0,0,0,0,0,0,0,0
21475586,1344,32,2,0,0,0,0,0,0,0,0,0,0,0,0,0
21484540,1345,48,2,0,0,0,0,0,0,0,0,0,0,0,0,0
21495221,1346,32,2,0,0,0,0,0,0,0,0,0,0,0,0,0
21504174,1347,32,2,0,0,0,0,0,0,0,0,0,0,0,0,0
21513127,1348,32,2,0,0,0,0,0,0,0,0,0,0,0,0,0
21522080,1349,32,2,0,0,0,0,0,0,0,0,0,0,0,0,0
21531033,1350,48,2,0,0,0,0,0,0,0,0,0,0,0,0,0
21541716,1351,32,2,0,0,0,0,0,0,0,0,0,0,0,0,0
21550668,1352,32,2,0,0,0,0,0,0,0,0,0,0,0,0,0
21559621,1353,32,2,0,0,0,0,0,0,0,0,0,0,0,0,0
21568575,1354,32,2,0,0,0,0,0,0,0,0,0,0,0,0,0
21577527,1355,48,2,0,0,0,0,0,0,0,0,0,0,0,0,0
21588209,1356,32,2,0,0,0,0,0,0,0,0,0,0,0,0,0
21597162,1357,32,2,0,0,0,0,0,0,0,0,0,0,0,0,0
21606115,1358,32,2,0,0,0,0,0,0,0,0,0,0,0,0,0
21615068,1359,32,2,0,0,0,0,0,0,0,0,0,0,0,0,0
21624021,1360,48,2,0,0,0,0,0,0,0,0,0,0,0,0,0
21640806,1361,32,2,0,0,0,0,0,0,0,0,0,0,0,0,0
21649748,1362,32,2,0,0,0,0,0,0,0,0,0,0,0,0,0
21658701,1363,32,2,0,0,0,0,0,0,0,0,0,0,0,0,0
21667653,1364,32,2,0,0,0,0,0,0,0,0,0,0,0,0,0
21676606,1365,48,2,0,0,0,0,0,0,0,0,0,0,0,0,0
21687289,1366,32,2,0,0,0,0,0,0,0,0,0,0,0,0,0
21696241,1367,32,2,0,0,0,0,0,0,0,0,0,0,0,0,0
21705194,1368,32,2,0,0,0,0,0,0,0,0,0,0,0,0,0
21714147,1369,32,2,0,0,0,0,0,0,0,0,0,0,0,0,0
21723100,1370,48,2,0,0,0,0,0,0,0,0,0,0,0,0,0
21733782,1371,32,2,0,0,0,0,0,0,0,0,0,0,0,0,0
21742735,1372,32,2,0,0,0,0,0,0,0,0,0,0,0,0,0
21751688,1373,32,2,0,0,0,0,0,0,0,0,0,0,0,0,0
21760641,1374,32,2,0,0,0,0,0,0,0,0,0,0,0,0,0
21769594,1375,48,2,0,0,0,0,0,0,0,0,0,0,0,0,0
21780276,1376,32,2,0,0,0,0,0,0,0,0,0,0,0,0,0
21789229,1377,32,2,0,0,0,0,0,0,0,0,0,0,0,0,0
21798182,1378,32,2,0,0,0,0,0,0,0,0,0,0,0,0,0
21807135,1379,32,2,0,0,0,0,0,0,0,0,0,0,0,0,0
21816088,1380,48,2,0,0,0,0,0,0,0,0,0,0,0,0,0
21826770,1381,32,2,0,0,0,0,0,0,0,0,0,0,0,0,0
21835723,1382,32,2,0,0,0,0,0,0,0,0,0,0,0,0,0
21844676,1383,32,2,0,0,0,0,0,0,0,0,0,0,0,0,0
21853629,1384,32,2,0,0,0,0,0,0,0,0,0,0,0,0,0
21862582,1385,48,2,0,0,0,0,0,0,0,0,0,0,0,0,0
21873264,1386,32,2,0,0,0,0,0,0,0,0,0,0,0,0,0
21882217,1387,32,2,0,0,0,0,0,0,0,0,0,0,0,0,0
21891170,1388,32,2,0,0,0,0,0,0,0,0,0,0,0,0,0
21900123,1389,32,2,0,0,0,0,0,0,0,0,0,0,0,0,0
21909076,1390,48,2,0,0,0,0,0,0,0,0,0,0,0,0,0
21919758,1391,32,2,0,0,0,0,0,0,0,0,0,0,0,0,0
21928711,1392,32,2,0,0,0,0,0,0,0,0,0,0,0,0,0
21937664,1393,32,2,0,0,0,0,0,0,0,0,0,0,0,0,0
21946617,1394,32,2,0,0,0,0,0,0,0,0,0,0,0,0,0
21955570,1395,48,2,0,0,0,0,0,0,0,0,0,0,0,0,0
21966252,1396,32,2,0,0,0,0,0,0,0,0,0,0,0,0,0
21975205,1397,32,2,0,0,0,0,0,0,0,0,0,0,0,0,0
21984158,1398,32,2,0,0,0,0,0,0,0,0,0,0,0,0,0
21993111,1399,32,2,0,0,0,0,0,0,0,0,0,0,0,0,0
22002064,1400,48,2,0,0,0,0,0,0,0,0,0,0,0,0,0
22012746,1401,32,2,0,0,0,0,0,0,0,0,0,0,0,0,0
22021699,1402,32,2,0,0,0,0,0,0,0,0,0,0,0,0,0
22030652,1403,32,2,0,0,0,0,0,0,0,0,0,0,0,0,0
22039605,1404,32,2,0,0,0,0,0,0,0,0,0,0,0,0,0
22048558,1405,48,2,0,0,0,0,0,0,0,0,0,0,0,0,0
22059241,1406,32,2,0,0,0,0,0,0,0,0,0,0,0,0,0
22068193,1407,32,2,0,0,0,0,0,0,0,0,0,0,0,0,0
22077146,1408,32,2,0,0,0,0,0,0,0,0,0,0,0,0,0
22086099,1409,32,2,0,0,0,0,0,0,0,0,0,0,0,0,0
22095052,1410,48,2,0,0,0,0,0,0,0,0,0,0,0,0,0
22105734,1411,32,2,0,0,0,0,0,0,0,0,0,0,0,0,0
22114687,1412,32,2,0,0,0,0,0,0,0,0,0,0,0,0,0
22123640,1413,32,2,0,0,0,0,0,0,0,0,0,0,0,0,0
22132593,1414,32,2,0,0,0,0,0,0,0,0,0,0,0,0,0
22141546,1415,48,2,0,0,0,0,0,0,0,0,0,0,0,0,0
22152228,1416,32,2,0,0,0,0,0,0,0,0,0,0,0,0,0
22161181,1417,32,2,0,0,0,0,0,0,0,0,0,0,0,0,0
22170134,1418,32,2,0,0,0,0,0,0,0,0,0,0,0,0,0
22179087,1419,32,2,0,0,0,0,0,0,0,0,0,0,0,0,0
22188040,1420,48,2,0,0,0,0,0,0,0,0,0,0,0,0,0
22198723,1421,32,2,0,0,0,0,0,0,0,0,0,0,0,0,0
22207675,1422,32,2,0,0,0,0,0,0,0,0,0,0,0,0,0
22216628,1423,32,2,0,0,0,0,0,0,0,0,0,0,0,0,0
22225581,1424,32,2,0,0,0,0,0,0,0,0,0,0,0,0,0
22234534,1425,48,2,0,0,0,0,0,0,0,0,0,0,0,0,0
22245217,1426,32,2,0,0,0,0,0,0,0,0,0,0,0,0,0
22254169,1427,32,2,0,0,0,0,0,0,0,0,0,0,0,0,0
22263122,1428,32,2,0,0,0,0,0,0,0,0,0,0,0,0,0
22272075,1429,32,2,0,0,0,0,0,0,0,0,0,0,0,0,0
22281028,1430,48,2,0,0,0,0,0,0,0,0,0,0,0,0,0
22291710,1431,32,2,0,0,0,0,0,0,0,0,0,0,0,0,0
22300664,1432,32,2,0,0,0,0,0,0,0,0,0,0,0,0,0
22309617,1433,32,2,0,0,0,0,0,0,0,0,0,0,0,0,0
22318569,1434,32,2,0,0,0,0,0,0,0,0,0,0,0,0,0
22327522,1435,48,2,0,0,0,0,0,0,0,0,0,0,0,0,0
22338204,1436,32,2,0,0,0,0,0,0,0,0,0,0,0,0,0
22347157,1437,32,2,0,0,0,0,0,0,0,0,0,0,0,0,0
22356110,1438,32,2,0,0,0,0,0,0,0,0,0,0,0,0,0
22365063,1439,32,2,0,0,0,0,0,0,0,0,0,0,0,0,0
22374016,1440,48,2,0,0,0,0,0,0,0,0,0,0,0,0,0
22384698,1441,32,2,0,0,0,0,0,0,0,0,0,0,0,0,0
22393651,1442,32,2,0,0,0,0,0,0,0,0,0,0,0,0,0
22402604,1443,32,2,0,0,0,0,0,0,0,0,0,0,0,0,0
22411557,1444,32,2,0,0,0,0,0,0,0,0,0,0,0,0,0
22420510,1445,48,2,0,0,0,0,0,0,0,0,0,0,0,0,0
22431193,1446,32,2,0,0,0,0,0,0,0,0,0,0,0,0,0
22440146,1447,32,2,0,0,0,0,0,0,0,0,0,0,0,0,0
22449098,1448,32,2,0,0,0,0,0,0,0,0,0,0,0,0,0
22458051,1449,32,2,0,0,0,0,0,0,0,0,0,0,0,0,0
22467004,1450,48,2,0,0,0,0,0,0,0,0,0,0,0,0,0
22477686,1451,32,2,0,0,0,0,0,0,0,0,0,0,0,0,0
22486639,1452,32,2,0,0,0,0,0,0,0,0,0,0,0,0,0
22495593,1453,32,2,0,0,0,0,0,0,0,0,0,0,0,0,0
22504545,1454,32,2,0,0,0,0,0,0,0,0,0,0,0,0,0
22513498,1455,48,2,0,0,0,0,0,0,0,0,0,0,0,0,0
22524181,1456,32,2,0,0,0,0,0,0,0,0,0,0,0,0,0
22533133,1457,32,2,0,0,0,0,0,0,0,0,0,0,0,0,0
22542086,1458,32,2,0,0,0,0,0,0,0,0,0,0,0,0,0
22551039,1459,32,2,0,0,0,0,0,0,0,0,0,0,0,0,0
22559992,1460,48,2,0,0,0,0,0,0,0,0,0,0,0,0,0
22570674,1461,32,2,0,0,0,0,0,0,0,0,0,0,0,0,0
22579627,1462,32,2,0,0,0,0,0,0,0,0,0,0,0,0,0
22588580,1463,32,2,0,0,0,0,0,0,0,0,0,0,0,0,0
22597533,1464,32,2,0,0,0,0,0,0,0,0,0,0,0,0,0
22606486,1465,48,2,0,0,0,0,0,0,0,0,0,0,0,0,0
22617168,1466,32,2,0,0,0,0,0,0,0,0,0,0,0,0,0
22626121,1467,32,2,0,0,0,0,0,0,0,0,0,0,0,0,0
22635074,1468,32,2,0,0,0,0,0,0,0,0,0,0,0,0,0
22644027,1469,32,2,0,0,0,0,0,0,0,0,0,0,0,0,0
22652980,1470,48,2,0,0,0,0,0,0,0,0,0,0,0,0,0
22663662,1471,32,2,0,0,0,0,0,0,0,0,0,0,0,0,0
22672615,1472,32,2,0,0,0,0,0,0,0,0,0,0,0,0,0
22681568,1473,32,2,0,0,0,0,0,0,0,0,0,0,0,0,0
22690521,1474,32,2,0,0,0,0,0,0,0,0,0,0,0,0,0
22699474,1475,48,2,0,0,0,0,0,0,0,0,0,0,0,0,0
22710156,1476,32,2,0,0,0,0,0,0,0,0,0,0,0,0,0
22719109,1477,32,2,0,0,0,0,0,0,0,0,0,0,0,0,0
22728062,1478,32,2,0,0,0,0,0,0,0,0,0,0,0,0,0
22737015,1479,32,2,0,0,0,0,0,0,0,0,0,0,0,0,0
22745968,1480,48,2,0,0,0,0,0,0,0,0,0,0,0,0,0
22756650,1481,32,2,0,0,0,0,0,0,0,0,0,0,0,0,0
22765603,1482,32,2,0,0,0,0,0,0,0,0,0,0,0,0,0
22774556,1483,32,2,0,0,0,0,0,0,0,0,0,0,0,0,0
22783509,1484,32,2,0,0,0,0,0,0,0,0,0,0,0,0,0
22792462,1485,48,2,0,0,0,0,0,0,0,0,0,0,0,0,0
22803144,1486,32,2,0,0,0,0,0,0,0,0,0,0,0,0,0
22812097,1487,32,2,0,0,0,0,0,0,0,0,0,0,0,0,0
22821050,1488,32,2,0,0,0,0,0,0,0,0,0,0,0,0,0
22830003,1489,32,2,0,0,0,0,0,0,0,0,0,0,0,0,0
22838957,1490,48,2,0,0,0,0,0,0,0,0,0,0,0,0,0
22849638,1491,32,2,0,0,0,0,0,0,0,0,0,0,0,0,0
22858591,1492,32,2,0,0,0,0,0,0,0,0,0,0,0,0,0
22867545,1493,32,2,0,0,0,0,0,0,0,0,0,0,0,0,0
22876497,1494,32,2,0,0,0,0,0,0,0,0,0,0,0,0,0
22885450,1495,48,2,0,0,0,0,0,0,0,0,0,0,0,0,0
22896132,1496,32,2,0,0,0,0,0,0,0,0,0,0,0,0,0
22905085,1497,32,2,0,0,0,0,0,0,0,0,0,0,0,0,0
22914038,1498,32,2,0,0,0,0,0,0,0,0,0,0,0,0,0
22922992,1499,32,2,0,0,0,0,0,0,0,0,0,0,0,0,0
22931944,1500,48,2,0,0,0,0,0,0,0,0,0,0,0,0,0
22942626,1501,32,2,0,0,0,0,0,0,0,0,0,0,0,0,0
22951579,1502,32,2,0,0,0,0,0,0,0,0,0,0,0,0,0
22960532,1503,32,2,0,0,0,0,0,0,0,0,0,0,0,0,0
22969485,1504,32,2,0,0,0,0,0,0,0,0,0,0,0,0,0
22978438,1505,48,2,0,0,0,0,0,0,0,0,0,0,0,0,0
22989120,1506,32,2,0,0,0,0,0,0,0,0,0,0,0,0,0
22998073,1507,32,2,0,0,0,0,0,0,0,0,0,0,0,0,0
23007026,1508,32,2,0,0,0,0,0,0,0,0,0,0,0,0,0
23015979,1509,32,2,0,0,0,0,0,0,0,0,0,0,0,0,0
23024932,1510,48,2,0,0,0,0,0,0,0,0,0,0,0,0,0
23035614,1511,32,2,0,0,0,0,0,0,0,0,0,0,0,0,0
23044567,1512,32,2,0,0,0,0,0,0,0,0,0,0,0,0,0
23053520,1513,32,2,0,0,0,0,0,0,0,0,0,0,0,0,0
23062473,1514,32,2,0,0,0,0,0,0,0,0,0,0,0,0,0
23071426,1515,48,2,0,0,0,0,0,0,0,0,0,0,0,0,0
23082108,1516,32,2,0,0,0,0,0,0,0,0,0,0,0,0,0
23091061,1517,32,2,0,0,0,0,0,0,0,0,0,0,0,0,0
23100014,1518,32,2,0,0,0,0,0,0,0,0,0,0,0,0,0
23108967,1519,32,2,0,0,0,0,0,0,0,0,0,0,0,0,0
23117920,1520,48,2,0,0,0,0,0,0,0,0,0,0,0,0,0
23128602,1521,32,2,0,0,0,0,0,0,0,0,0,0,0,0,0
23137555,1522,32,2,0,0,0,0,0,0,0,0,0,0,0,0,0
23146508,1523,32,2,0,0,0,0,0,0,0,0,0,0,0,0,0
23155461,1524,32,2,0,0,0,0,0,0,0,0,0,0,0,0,0
23164414,1525,48,2,0,0,0,0,0,0,0,0,0,0,0,0,0
23175096,1526,32,2,0,0,0,0,0,0,0,0,0,0,0,0,0
23184049,1527,32,2,0,0,0,0,0,0,0,0,0,0,0,0,0
23193002,1528,32,2,0,0,0,0,0,0,0,0,0,0,0,0,0
23201956,1529,32,2,0,0,0,0,0,0,0,0,0,0,0,0,0
23210908,1530,48,2,0,0,0,0,0,0,0,0,0,0,0,0,0
23226213,1531,32,2,0,0,0,0,0,0,0,0,0,0,0,0,0
23235154,1532,32,2,0,0,0,0,0,0,0,0,0,0,0,0,0
23244107,1533,32,2,0,0,0,0,0,0,0,0,0,0,0,0,0
23253060,1534,32,2,0,0,0,0,0,0,0,0,0,0,0,0,0
23262013,1535,48,2,0,0,0,0,0,0,0,0,0,0,0,0,0
23272695,1536,32,2,0,0,0,0,0,0,0,0,0,0,0,0,0
23281648,1537,32,2,0,0,0,0,0,0,0,0,0,0,0,0,0
23290602,1538,32,2,0,0,0,0,0,0,0,0,0,0,0,0,0
23299554,1539,32,2,0,0,0,0,0,0,0,0,0,0,0,0,0
23308507,1540,48,2,0,0,0,0,0,0,0,0,0,0,0,0,0
23319190,1541,32,2,0,0,0,0,0,0,0,0,0,0,0,0,0
23328142,1542,32,2,0,0,0,0,0,0,0,0,0,0,0,0,0
23337095,1543,32,2,0,0,0,0,0,0,0,0,0,0,0,0,0
23346048,1544,32,2,0,0,0,0,0,0,0,0,0,0,0,0,0
23355001,1545,48,2,0,0,0,0,0,0,0,0,0,0,0,0,0
23365683,1546,32,2,0,0,0,0,0,0,0,0,0,0,0,0,0
23374636,1547,32,2,0,0,0,0,0,0,0,0,0,0,0,0,0
23383589,1548,32,2,0,0,0,0,0,0,0,0,0,0,0,0,0
23392542,1549,32,2,0,0,0,0,0,0,0,0,0,0,0,0,0
23401495,1550,48,2,0,0,0,0,0,0,0,0,0,0,0,0,0
23412177,1551,32,2,0,0,0,0,0,0,0,0,0,0,0,0,0
23421130,1552,32,2,0,0,0,0,0,0,0,0,0,0,0,0,0
23430083,1553,32,2,0,0,0,0,0,0,0,0,0,0,0,0,0
23439036,1554,32,2,0,0,0,0,0,0,0,0,0,0,0,0,0
23447990,1555,48,2,0,0,0,0,0,0,0,0,0,0,0,0,0
23458671,1556,32,2,0,0,0,0,0,0,0,0,0,0,0,0,0
23467624,1557,32,2,0,0,0,0,0,0,0,0,0,0,0,0,0
23476578,1558,32,2,0,0,0,0,0,0,0,0,0,0,0,0,0
23485530,1559,32,2,0,0,0,0,0,0,0,0,0,0,0,0,0
23494483,1560,48,2,0,0,0,0,0,0,0,0,0,0,0,0,0
23505165,1561,32,2,0,0,0,0,0,0,0,0,0,0,0,0,0
23514118,1562,32,2,0,0,0,0,0,0,0,0,0,0,0,0,0
23523071,1563,32,2,0,0,0,0,0,0,0,0,0,0,0,0,0
23532024,1564,32,2,0,0,0,0,0,0,0,0,0,0,0,0,0
23540978,1565,48,2,0,0,0,0,0,0,0,0,0,0,0,0,0
23551659,1566,32,2,0,0,0,0,0,0,0,0,0,0,0,0,0
23560612,1567,32,2,0,0,0,0,0,0,0,0,0,0,0,0,0
23569565,1568,32,2,0,0,0,0,0,0,0,0,0,0,0,0,0
23578518,1569,32,2,0,0,0,0,0,0,0,0,0,0,0,0,0
23587471,1570,48,2,0,0,0,0,0,0,0,0,0,0,0,0,0
23598153,1571,32,2,0,0,0,0,0,0,0,0,0,0,0,0,0
23607106,1572,32,2,0,0,0,0,0,0,0,0,0,0,0,0,0
23616059,1573,32,2,0,0,0,0,0,0,0,0,0,0,0,0,0
23625012,1574,32,2,0,0,0,0,0,0,0,0,0,0,0,0,0
23633965,1575,48,2,0,0,0,0,0,0,0,0,0,0,0,0,0
23644647,1576,32,2,0,0,0,0,0,0,0,0,0,0,0,0,0
23653600,1577,32,2,0,0,0,0,0,0,0,0,0,0,0,0,0
23662553,1578,32,2,0,0,0,0,0,0,0,0,0,0,0,0,0
23671506,1579,32,2,0,0,0,0,0,0,0,0,0,0,0,0,0
23680459,1580,48,2,0,0,0,0,0,0,0,0,0,0,0,0,0
23691142,1581,32,2,0,0,0,0,0,0,0,0,0,0,0,0,0
23700094,1582,32,2,0,0,0,0,0,0,0,0,0,0,0,0,0
23709047,1583,32,2,0,0,0,0,0,0,0,0,0,0,0,0,0
23718000,1584,32,2,0,0,0,0,0,0,0,0,0,0,0,0,0
23726953,1585,48,2,0,0,0,0,0,0,0,0,0,0,0,0,0
23737635,1586,32,2,0,0,0,0,0,0,0,0,0,0,0,0,0
23746588,1587,32,2,0,0,0,0,0,0,0,0,0,0,0,0,0
23755541,1588,32,2,0,0,0,0,0,0,0,0,0,0,0,0,0
23764495,1589,32,2,0,0,0,0,0,0,0,0,0,0,0,0,0
23773447,1590,48,2,0,0,0,0,0,0,0,0,0,0,0,0,0
23784130,1591,32,2,0,0,0,0,0,0,0,0,0,0,0,0,0
23793082,1592,32,2,0,0,0,0,0,0,0,0,0,0,0,0,0
23802035,1593,32,2,0,0,0,0,0,0,0,0,0,0,0,0,0
23810988,1594,32,2,0,0,0,0,0,0,0,0,0,0,0,0,0
23819941,1595,48,2,0,0,0,0,0,0,0,0,0,0,0,0,0
23830623,1596,32,2,0,0,0,0,0,0,0,0,0,0,0,0,0
23839576,1597,32,2,0,0,0,0,0,0,0,0,0,0,0,0,0
23848529,1598,32,2,0,0,0,0,0,0,0,0,0,0,0,0,0
23857482,1599,32,2,0,0,0,0,0,0,0,0,0,0,0,0,0
23866435,1600,48,2,0,0,0,0,0,0,0,0,0,0,0,0,0
23877118,1601,32,2,0,0,0,0,0,0,0,0,0,0,0,0,0
23886070,1602,32,2,0,0,0,0,0,0,0,0,0,0,0,0,0
23895023,1603,32,2,0,0,0,0,0,0,0,0,0,0,0,0,0
23903976,1604,32,2,0,0,0,0,0,0,0,0,0,0,0,0,0
23912929,1605,48,2,0,0,0,0,0,0,0,0,0,0,0,0,0
23923611,1606,32,2,0,0,0,0,0,0,0,0,0,0,0,0,0
23932564,1607,32,2,0,0,0,0,0,0,0,0,0,0,0,0,0
23941518,1608,32,2,0,0,0,0,0,0,0,0,0,0,0,0,0
23950470,1609,32,2,0,0,0,0,0,0,0,0,0,0,0,0,0
23959423,1610,48,2,0,0,0,0,0,0,0,0,0,0,0,0,0
23970119,1611,32,2,0,0,0,0,0,0,0,0,0,0,0,0,0
23979060,1612,32,2,0,0,0,0,0,0,0,0,0,0,0,0,0
23988013,1613,32,2,0,0,0,0,0,0,0,0,0,0,0,0,0
23996966,1614,32,2,0,0,0,0,0,0,0,0,0,0,0,0,0
24005919,1615,48,2,0,0,0,0,0,0,0,0,0,0,0,0,0
24016601,1616,32,2,0,0,0,0,0,0,0,0,0,0,0,0,0
24025554,1617,32,2,0,0,0,0,0,0,0,0,0,0,0,0,0
24034507,1618,32,2,0,0,0,0,0,0,0,0,0,0,0,0,0
24043460,1619,32,2,0,0,0,0,0,0,0,0,0,0,0,0,0
24052413,1620,48,2,0,0,0,0,0,0,0,0,0,0,0,0,0
24063096,1621,32,2,0,0,0,0,0,0,0,0,0,0,0,0,0
24072048,1622,32,2,0,0,0,0,0,0,0,0,0,0,0,0,0
24081001,1623,32,2,0,0,0,0,0,0,0,0,0,0,0,0,0
24089954,1624,32,2,0,0,0,0,0,0,0,0,0,0,0,0,0
24098907,1625,48,2,0,0,0,0,0,0,0,0,0,0,0,0,0
24109589,1626,32,2,0,0,0,0,0,0,0,0,0,0,0,0,0
24118542,1627,32,2,0,0,0,0,0,0,0,0,0,0,0,0,0
24127495,1628,32,2,0,0,0,0,0,0,0,0,0,0,0,0,0
24136449,1629,32,2,0,0,0,0,0,0,0,0,0,0,0,0,0
24145401,1630,48,2,0,0,0,0,0,0,0,0,0,0,0,0,0
24156084,1631,32,2,0,0,0,0,0,0,0,0,0,0,0,0,0
24165036,1632,32,2,0,0,0,0,0,0,0,0,0,0,0,0,0
24173990,1633,32,2,0,0,0,0,0,0,0,0,0,0,0,0,0
24182942,1634,32,2,0,0,0,0,0,0,0,0,0,0,0,0,0
24191895,1635,48,2,0,0,0,0,0,0,0,0,0,0,0,0,0
24202577,1636,32,2,0,0,0,0,0,0,0,0,0,0,0,0,0
24211530,1637,32,2,0,0,0,0,0,0,0,0,0,0,0,0,0
24220483,1638,32,2,0,0,0,0,0,0,0,0,0,0,0,0,0
24229436,1639,32,2,0,0,0,0,0,0,0,0,0,0,0,0,0
24238389,1640,48,2,0,0,0,0,0,0,0,0,0,0,0,0,0
24249072,1641,32,2,0,0,0,0,0,0,0,0,0,0,0,0,0
24258024,1642,32,2,0,0,0,0,0,0,0,0,0,0,0,0,0
24266978,1643,32,2,0,0,0,0,0,0,0,0,0,0,0,0,0
24275930,1644,32,2,0,0,0,0,0,0,0,0,0,0,0,0,0
24284883,1645,48,2,0,0,0,0,0,0,0,0,0,0,0,0,0
24295565,1646,32,2,0,0,0,0,0,0,0,0,0,0,0,0,0
24304518,1647,32,2,0,0,0,0,0,0,0,0,0,0,0,0,0
24313471,1648,32,2,0,0,0,0,0,0,0,0,0,0,0,0,0
24322424,1649,32,2,0,0,0,0,0,0,0,0,0,0,0,0,0
24331377,1650,48,2,0,0,0,0,0,0,0,0,0,0,0,0,0
24342060,1651,32,2,0,0,0,0,0,0,0,0,0,0,0,0,0
24351012,1652,32,2,0,0,0,0,0,0,0,0,0,0,0,0,0
24359965,1653,32,2,0,0,0,0,0,0,0,0,0,0,0,0,0
24368918,1654,32,2,0,0,0,0,0,0,0,0,0,0,0,0,0
24377871,1655,48,2,0,0,0,0,0,0,0,0,0,0,0,0,0
24388553,1656,32,2,0,0,0,0,0,0,0,0,0,0,0,0,0
24397506,1657,32,2,0,0,0,0,0,0,0,0,0,0,0,0,0
24406459,1658,32,2,0,0,0,0,0,0,0,0,0,0,0,0,0
24415412,1659,32,2,0,0,0,0,0,0,0,0,0,0,0,0,0
24424365,1660,48,2,0,0,0,0,0,0,0,0,0,0,0,0,0
24435048,1661,32,2,0,0,0,0,0,0,0,0,0,0,0,0,0
24444001,1662,32,2,0,0,0,0,0,0,0,0,0,0,0,0,0
24452953,1663,32,2,0,0,0,0,0,0,0,0,0,0,0,0,0
24461906,1664,32,2,0,0,0,0,0,0,0,0,0,0,0,0,0
24470859,1665,48,2,0,0,0,0,0,0,0,0,0,0,0,0,0
24481541,1666,32,2,0,0,0,0,0,0,0,0,0,0,0,0,0
24490494,1667,32,2,0,0,0,0,0,0,0,0,0,0,0,0,0
24499448,1668,32,2,0,0,0,0,0,0,0,0,0,0,0,0,0
24508400,1669,32,2,0,0,0,0,0,0,0,0,0,0,0,0,0
24517353,1670,48,2,0,0,0,0,0,0,0,0,0,0,0,0,0
24528036,1671,32,2,0,0,0,0,0,0,0,0,0,0,0,0,0
24536988,1672,32,2,0,0,0,0,0,0,0,0,0,0,0,0,0
24545941,1673,32,2,0,0,0,0,0,0,0,0,0,0,0,0,0
24554894,1674,32,2,0,0,0,0,0,0,0,0,0,0,0,0,0
24563847,1675,48,2,0,0,0,0,0,0,0,0,0,0,0,0,0
24574529,1676,32,2,0,0,0,0,0,0,0,0,0,0,0,0,0
24583482,1677,32,2,0,0,0,0,0,0,0,0,0,0,0,0,0
24592435,1678,32,2,0,0,0,0,0,0,0,0,0,0,0,0,0
24601388,1679,32,2,0,0,0,0,0,0,0,0,0,0,0,0,0
24610341,1680,48,2,0,0,0,0,0,0,0,0,0,0,0,0,0
24621024,1681,32,2,0,0,0,0,0,0,0,0,0,0,0,0,0
24629976,1682,32,2,0,0,0,0,0,0,0,0,0,0,0,0,0
24638929,1683,32,2,0,0,0,0,0,0,0,0,0,0,0,0,0
24647882,1684,32,2,0,0,0,0,0,0,0,0,0,0,0,0,0
24656836,1685,48,2,0,0,0,0,0,0,0,0,0,0,0,0,0
24667517,1686,32,2,0,0,0,0,0,0,0,0,0,0,0,0,0
24676471,1687,32,2,0,0,0,0,0,0,0,0,0,0,0,0,0
24685423,1688,32,2,0,0,0,0,0,0,0,0,0,0,0,0,0
24694376,1689,32,2,0,0,0,0,0,0,0,0,0,0,0,0,0
24703330,1690,48,2,0,0,0,0,0,0,0,0,0,0,0,0,0
24714012,1691,32,2,0,0,0,0,0,0,0,0,0,0,0,0,0
24722964,1692,32,2,0,0,0,0,0,0,0,0,0,0,0,0,0
24731917,1693,32,2,0,0,0,0,0,0,0,0,0,0,0,0,0
24740870,1694,32,2,0,0,0,0,0,0,0,0,0,0,0,0,0
24749823,1695,48,2,0,0,0,0,0,0,0,0,0,0,0,0,0
24760505,1696,32,2,0,0,0,0,0,0,0,0,0,0,0,0,0
24769458,1697,32,2,0,0,0,0,0,0,0,0,0,0,0,0,0
24778411,1698,32,2,0,0,0,0,0,0,0,0,0,0,0,0,0
24787364,1699,32,2,0,0,0,0,0,0,0,0,0,0,0,0,0
24796317,1700,48,2,0,0,0,0,0,0,0,0,0,0,0,0,0
24813775,1701,32,2,0,0,0,0,0,0,0,0,0,0,0,0,0
24822716,1702,32,2,0,0,0,0,0,0,0,0,0,0,0,0,0
24831669,1703,32,2,0,0,0,0,0,0,0,0,0,0,0,0,0
24840622,1704,32,2,0,0,0,0,0,0,0,0,0,0,0,0,0
24849575,1705,48,2,0,0,0,0,0,0,0,0,0,0,0,0,0
24860257,1706,32,2,0,0,0,0,0,0,0,0,0,0,0,0,0
24869210,1707,32,2,0,0,0,0,0,0,0,0,0,0,0,0,0
24878164,1708,32,2,0,0,0,0,0,0,0,0,0,0,0,0,0
24887116,1709,32,2,0,0,0,0,0,0,0,0,0,0,0,0,0
24896069,1710,48,2,0,0,0,0,0,0,0,0,0,0,0,0,0
24906751,1711,32,2,0,0,0,0,0,0,0,0,0,0,0,0,0
24915704,1712,32,2,0,0,0,0,0,0,0,0,0,0,0,0,0
24924657,1713,32,2,0,0,0,0,0,0,0,0,0,0,0,0,0
24933610,1714,32,2,0,0,0,0,0,0,0,0,0,0,0,0,0
24942563,1715,48,2,0,0,0,0,0,0,0,0,0,0,0,0,0
24953245,1716,32,2,0,0,0,0,0,0,0,0,0,0,0,0,0
24962198,1717,32,2,0,0,0,0,0,0,0,0,0,0,0,0,0
24971151,1718,32,2,0,0,0,0,0,0,0,0,0,0,0,0,0
24980104,1719,32,2,0,0,0,0,0,0,0,0,0,0,0,0,0
24989057,1720,48,2,0,0,0,0,0,0,0,0,0,0,0,0,0
24999739,1721,32,2,0,0,0,0,0,0,0,0,0,0,0,0,0
25008692,1722,32,2,0,0,0,0,0,0,0,0,0,0,0,0,0
25017646,1723,32,2,0,0,0,0,0,0,0,0,0,0,0,0,0
25026598,1724,32,2,0,0,0,0,0,0,0,0,0,0,0,0,0
25035551,1725,48,2,0,0,0,0,0,0,0,0,0,0,0,0,0
25046233,1726,32,2,0,0,0,0,0,0,0,0,0,0,0,0,0
25055186,1727,32,2,0,0,0,0,0,0,0,0,0,0,0,0,0
25064139,1728,32,2,0,0,0,0,0,0,0,0,0,0,0,0,0
25073092,1729,32,2,0,0,0,0,0,0,0,0,0,0,0,0,0
25082045,1730,48,2,0,0,0,0,0,0,0,0,0,0,0,0,0
25092727,1731,32,2,0,0,0,0,0,0,0,0,0,0,0,0,0
25101681,1732,32,2,0,0,0,0,0,0,0,0,0,0,0,0,0
25110633,1733,32,2,0,0,0,0,0,0,0,0,0,0,0,0,0
25119586,1734,32,2,0,0,0,0,0,0,0,0,0,0,0,0,0
25128540,1735,48,2,0,0,0,0,0,0,0,0,0,0,0,0,0
25139221,1736,32,2,0,0,0,0,0,0,0,0,0,0,0,0,0
25148174,1737,32,2,0,0,0,0,0,0,0,0,0,0,0,0,0
25157127,1738,32,2,0,0,0,0,0,0,0,0,0,0,0,0,0
25166080,1739,32,2,0,0,0,0,0,0,0,0,0,0,0,0,0
25175033,1740,48,2,0,0,0,0,0,0,0,0,0,0,0,0,0
25185716,1741,32,2,0,0,0,0,0,0,0,0,0,0,0,0,0
25194668,1742,32,2,0,0,0,0,0,0,0,0,0,0,0,0,0
25203621,1743,32,2,0,0,0,0,0,0,0,0,0,0,0,0,0
25212575,1744,32,2,0,0,0,0,0,0,0,0,0,0,0,0,0
25221527,1745,48,2,0,0,0,0,0,0,0,0,0,0,0,0,0
25232209,1746,32,2,0,0,0,0,0,0,0,0,0,0,0,0,0
25241162,1747,32,2,0,0,0,0,0,0,0,0,0,0,0,0,0
25250115,1748,32,2,0,0,0,0,0,0,0,0,0,0,0,0,0
25259068,1749,32,2,0,0,0,0,0,0,0,0,0,0,0,0,0
25268021,1750,48,2,0,0,0,0,0,0,0,0,0,0,0,0,0
25278703,1751,32,2,0,0,0,0,0,0,0,0,0,0,0,0,0
25287656,1752,32,2,0,0,0,0,0,0,0,0,0,0,0,0,0
25296609,1753,32,2,0,0,0,0,0,0,0,0,0,0,0,0,0
25305562,1754,32,2,0,0,0,0,0,0,0,0,0,0,0,0,0
25314515,1755,48,2,0,0,0,0,0,0,0,0,0,0,0,0,0
25325197,1756,32,2,0,0,0,0,0,0,0,0,0,0,0,0,0
25334150,1757,32,2,0,0,0,0,0,0,0,0,0,0,0,0,0
25343103,1758,32,2,0,0,0,0,0,0,0,0,0,0,0,0,0
25352056,1759,32,2,0,0,0,0,0,0,0,0,0,0,0,0,0
25361009,1760,48,2,0,0,0,0,0,0,0,0,0,0,0,0,0
25371691,1761,32,2,0,0,0,0,0,0,0,0,0,0,0,0,0
25380644,1762,32,2,0,0,0,0,0,0,0,0,0,0,0,0,0
25389597,1763,32,2,0,0,0,0,0,0,0,0,0,0,0,0,0
25398550,1764,32,2,0,0,0,0,0,0,0,0,0,0,0,0,0
25407503,1765,48,2,0,0,0,0,0,0,0,0,0,0,0,0,0
25418186,1766,32,2,0,0,0,0,0,0,0,0,0,0,0,0,0
25427138,1767,32,2,0,0,0,0,0,0,0,0,0,0,0,0,0
25436091,1768,32,2,0,0,0,0,0,0,0,0,0,0,0,0,0
25445044,1769,32,2,0,0,0,0,0,0,0,0,0,0,0,0,0
25453997,1770,48,2,0,0,0,0,0,0,0,0,0,0,0,0,0
25464679,1771,32,2,0,0,0,0,0,0,0,0,0,0,0,0,0
25473633,1772,32,2,0,0,0,0,0,0,0,0,0,0,0,0,0
25482585,1773,32,2,0,0,0,0,0,0,0,0,0,0,0,0,0
25491538,1774,32,2,0,0,0,0,0,0,0,0,0,0,0,0,0
25500491,1775,48,2,0,0,0,0,0,0,0,0,0,0,0,0,0
25511173,1776,32,2,0,0,0,0,0,0,0,0,0,0,0,0,0
25520126,1777,32,2,0,0,0,0,0,0,0,0,0,0,0,0,0
25529079,1778,32,2,0,0,0,0,0,0,0,0,0,0,0,0,0
25538032,1779,32,2,0,0,0,0,0,0,0,0,0,0,0,0,0
25546985,1780,48,2,0,0,0,0,0,0,0,0,0,0,0,0,0
25557667,1781,32,2,0,0,0,0,0,0,0,0,0,0,0,0,0
25566620,1782,32,2,0,0,0,0,0,0,0,0,0,0,0,0,0
25575574,1783,32,2,0,0,0,0,0,0,0,0,0,0,0,0,0
25584527,1784,32,2,0,0,0,0,0,0,0,0,0,0,0,0,0
25593479,1785,48,2,0,0,0,0,0,0,0,0,0,0,0,0,0
25604161,1786,32,2,0,0,0,0,0,0,0,0,0,0,0,0,0
25613114,1787,32,2,0,0,0,0,0,0,0,0,0,0,0,0,0
25622067,1788,32,2,0,0,0,0,0,0,0,0,0,0,0,0,0
25631020,1789,32,2,0,0,0,0,0,0,0,0,0,0,0,0,0
25639973,1790,48,2,0,0,0,0,0,0,0,0,0,0,0,0,0
25650655,1791,32,2,0,0,0,0,0,0,0,0,0,0,0,0,0
25659608,1792,32,2,0,0,0,0,0,0,0,0,0,0,0,0,0
25668561,1793,32,2,0,0,0,0,0,0,0,0,0,0,0,0,0
25677514,1794,32,2,0,0,0,0,0,0,0,0,0,0,0,0,0
25686467,1795,48,2,0,0,0,0,0,0,0,0,0,0,0,0,0
25697149,1796,32,2,0,0,0,0,0,0,0,0,0,0,0,0,0
25706102,1797,32,2,0,0,0,0,0,0,0,0,0,0,0,0,0
25715055,1798,32,2,0,0,0,0,0,0,0,0,0,0,0,0,0
25724008,1799,32,2,0,0,0,0,0,0,0,0,0,0,0,0,0
25732961,1800,48,2,0,0,0,0,0,0,0,0,0,0,0,0,0
25743643,1801,32,2,0,0,0,0,0,0,0,0,0,0,0,0,0
25752597,1802,32,2,0,0,0,0,0,0,0,0,0,0,0,0,0
25761549,1803,32,2,0,0,0,0,0,0,0,0,0,0,0,0,0
25770502,1804,32,2,0,0,0,0,0,0,0,0,0,0,0,0,0
25779455,1805,48,2,0,0,0,0,0,0,0,0,0,0,0,0,0
25790137,1806,32,2,0,0,0,0,0,0,0,0,0,0,0,0,0
25799090,1807,32,2,0,0,0,0,0,0,0,0,0,0,0,0,0
25808043,1808,32,2,0,0,0,0,0,0,0,0,0,0,0,0,0
25816996,1809,32,2,0,0,0,0,0,0,0,0,0,0,0,0,0
25825949,1810,48,2,0,0,0,0,0,0,0,0,0,0,0,0,0
25836631,1811,32,2,0,0,0,0,0,0,0,0,0,0,0,0,0
25845585,1812,32,2,0,0,0,0,0,0,0,0,0,0,0,0,0
25854538,1813,32,2,0,0,0,0,0,0,0,0,0,0,0,0,0
25863490,1814,32,2,0,0,0,0,0,0,0,0,0,0,0,0,0
25872443,1815,48,2,0,0,0,0,0,0,0,0,0,0,0,0,0
25883125,1816,32,2,0,0,0,0,0,0,0,0,0,0,0,0,0
25892078,1817,32,2,0,0,0,0,0,0,0,0,0,0,0,0,0
25901031,1818,32,2,0,0,0,0,0,0,0,0,0,0,0,0,0
25909984,1819,32,2,0,0,0,0,0,0,0,0,0,0,0,0,0
25918937,1820,48,2,0,0,0,0,0,0,0,0,0,0,0,0,0
25929619,1821,32,2,0,0,0,0,0,0,0,0,0,0,0,0,0
25938572,1822,32,2,0,0,0,0,0,0,0,0,0,0,0,0,0
25947525,1823,32,2,0,0,0,0,0,0,0,0,0,0,0,0,0
25956478,1824,32,2,0,0,0,0,0,0,0,0,0,0,0,0,0
25965431,1825,48,2,0,0,0,0,0,0,0,0,0,0,0,0,0
25976113,1826,32,2,0,0,0,0,0,0,0,0,0,0,0,0,0
25985066,1827,32,2,0,0,0,0,0,0,0,0,0,0,0,0,0
25994019,1828,32,2,0,0,0,0,0,0,0,0,0,0,0,0,0
26002972,1829,32,2,0,0,0,0,0,0,0,0,0,0,0,0,0
26011926,1830,48,2,0,0,0,0,0,0,0,0,0,0,0,0,0
26022607,1831,32,2,0,0,0,0,0,0,0,0,0,0,0,0,0
26031560,1832,32,2,0,0,0,0,0,0,0,0,0,0,0,0,0
26040513,1833,32,2,0,0,0,0,0,0,0,0,0,0,0,0,0
26049466,1834,32,2,0,0,0,0,0,0,0,0,0,0,0,0,0
26058419,1835,48,2,0,0,0,0,0,0,0,0,0,0,0,0,0
26069101,1836,32,2,0,0,0,0,0,0,0,0,0,0,0,0,0
26078054,1837,32,2,0,0,0,0,0,0,0,0,0,0,0,0,0
26087007,1838,32,2,0,0,0,0,0,0,0,0,0,0,0,0,0
26095960,1839,32,2,0,0,0,0,0,0,0,0,0,0,0,0,0
26104913,1840,48,2,0,0,0,0,0,0,0,0,0,0,0,0,0
26115595,1841,32,2,0,0,0,0,0,0,0,0,0,0,0,0,0
26124549,1842,32,2,0,0,0,0,0,0,0,0,0,0,0,0,0
26133501,1843,32,2,0,0,0,0,0,0,0,0,0,0,0,0,0
26142455,1844,32,2,0,0,0,0,0,0,0,0,0,0,0,0,0
26151407,1845,48,2,0,0,0,0,0,0,0,0,0,0,0,0,0
26162089,1846,32,2,0,0,0,0,0,0,0,0,0,0,0,0,0
26171042,1847,32,2,0,0,0,0,0,0,0,0,0,0,0,0,0
26179995,1848,32,2,0,0,0,0,0,0,0,0,0,0,0,0,0
26188948,1849,32,2,0,0,0,0,0,0,0,0,0,0,0,0,0
26197902,1850,48,2,0,0,0,0,0,0,0,0,0,0,0,0,0
26208583,1851,32,2,0,0,0,0,0,0,0,0,0,0,0,0,0
26217536,1852,32,2,0,0,0,0,0,0,0,0,0,0,0,0,0
26226489,1853,32,2,0,0,0,0,0,0,0,0,0,0,0,0,0
26235443,1854,32,2,0,0,0,0,0,0,0,0,0,0,0,0,0
26244395,1855,48,2,0,0,0,0,0,0,0,0,0,0,0,0,0
26255077,1856,32,2,0,0,0,0,0,0,0,0,0,0,0,0,0
26264030,1857,32,2,0,0,0,0,0,0,0,0,0,0,0,0,0
26272984,1858,32,2,0,0,0,0,0,0,0,0,0,0,0,0,0
26281936,1859,32,2,0,0,0,0,0,0,0,0,0,0,0,0,0
26290890,1860,48,2,0,0,0,0,0,0,0,0,0,0,0,0,0
26301572,1861,32,2,0,0,0,0,0,0,0,0,0,0,0,0,0
26310524,1862,32,2,0,0,0,0,0,0,0,0,0,0,0,0,0
26319477,1863,32,2,0,0,0,0,0,0,0,0,0,0,0,0,0
26328430,1864,32,2,0,0,0,0,0,0,0,0,0,0,0,0,0
26337383,1865,48,2,0,0,0,0,0,0,0,0,0,0,0,0,0
26348066,1866,32,2,0,0,0,0,0,0,0,0,0,0,0,0,0
26357018,1867,32,2,0,0,0,0,0,0,0,0,0,0,0,0,0
26365971,1868,32,2,0,0,0,0,0,0,0,0,0,0,0,0,0
26374924,1869,32,2,0,0,0,0,0,0,0,0,0,0,0,0,0
26383877,1870,48,2,0,0,0,0,0,0,0,0,0,0,0,0,0
26398726,1871,32,2,0,0,0,0,0,0,0,0,0,0,0,0,0
26407667,1872,32,2,0,0,0,0,0,0,0,0,0,0,0,0,0
26416620,1873,32,2,0,0,0,0,0,0,0,0,0,0,0,0,0
26425573,1874,32,2,0,0,0,0,0,0,0,0,0,0,0,0,0
26434527,1875,48,2,0,0,0,0,0,0,0,0,0,0,0,0,0
26445209,1876,32,2,0,0,0,0,0,0,0,0,0,0,0,0,0
26454161,1877,32,2,0,0,0,0,0,0,0,0,0,0,0,0,0
26463114,1878,32,2,0,0,0,0,0,0,0,0,0,0,0,0,0
26472067,1879,32,2,0,0,0,0,0,0,0,0,0,0,0,0,0
26481020,1880,48,2,0,0,0,0,0,0,0,0,0,0,0,0,0
26491702,1881,32,2,0,0,0,0,0,0,0,0,0,0,0,0,0
26500655,1882,32,2,0,0,0,0,0,0,0,0,0,0,0,0,0
26509608,1883,32,2,0,0,0,0,0,0,0,0,0,0,0,0,0
26518561,1884,32,2,0,0,0,0,0,0,0,0,0,0,0,0,0
26527514,1885,48,2,0,0,0,0,0,0,0,0,0,0,0,0,0
26538196,1886,32,2,0,0,0,0,0,0,0,0,0,0,0,0,0
26547149,1887,32,2,0,0,0,0,0,0,0,0,0,0,0,0,0
26556102,1888,32,2,0,0,0,0,0,0,0,0,0,0,0,0,0
26565055,1889,32,2,0,0,0,0,0,0,0,0,0,0,0,0,0
26574008,1890,48,2,0,0,0,0,0,0,0,0,0,0,0,0,0
26584690,1891,32,2,0,0,0,0,0,0,0,0,0,0,0,0,0
26593643,1892,32,2,0,0,0,0,0,0,0,0,0,0,0,0,0
26602596,1893,32,2,0,0,0,0,0,0,0,0,0,0,0,0,0
26611549,1894,32,2,0,0,0,0,0,0,0,0,0,0,0,0,0
26620502,1895,48,2,0,0,0,0,0,0,0,0,0,0,0,0,0
26631184,1896,32,2,0,0,0,0,0,0,0,0,0,0,0,0,0
26640137,1897,32,2,0,0,0,0,0,0,0,0,0,0,0,0,0
26649090,1898,32,2,0,0,0,0,0,0,0,0,0,0,0,0,0
26658043,1899,32,2,0,0,0,0,0,0,0,0,0,0,0,0,0
26666997,1900,48,2,0,0,0,0,0,0,0,0,0,0,0,0,0
26677678,1901,32,2,0,0,0,0,0,0,0,0,0,0,0,0,0
26686631,1902,32,2,0,0,0,0,0,0,0,0,0,0,0,0,0
26695584,1903,32,2,0,0,0,0,0,0,0,0,0,0,0,0,0
26704537,1904,32,2,0,0,0,0,0,0,0,0,0,0,0,0,0
26713490,1905,48,2,0,0,0,0,0,0,0,0,0,0,0,0,0
26724172,1906,32,2,0,0,0,0,0,0,0,0,0,0,0,0,0
26733125,1907,32,2,0,0,0,0,0,0,0,0,0,0,0,0,0
26742078,1908,32,2,0,0,0,0,0,0,0,0,0,0,0,0,0
26751031,1909,32,2,0,0,0,0,0,0,0,0,0,0,0,0,0
26759984,1910,48,2,0,0,0,0,0,0,0,0,0,0,0,0,0
26770666,1911,32,2,0,0,0,0,0,0,0,0,0,0,0,0,0
26779619,1912,32,2,0,0,0,0,0,0,0,0,0,0,0,0,0
26788572,1913,32,2,0,0,0,0,0,0,0,0,0,0,0,0,0
26797525,1914,32,2,0,0,0,0,0,0,0,0,0,0,0,0,0
26806478,1915,48,2,0,0,0,0,0,0,0,0,0,0,0,0,0
26817160,1916,32,2,0,0,0,0,0,0,0,0,0,0,0,0,0
26826113,1917,32,2,0,0,0,0,0,0,0,0,0,0,0,0,0
26835066,1918,32,2,0,0,0,0,0,0,0,0,0,0,0,0,0
26844019,1919,32,2,0,0,0,0,0,0,0,0,0,0,0,0,0
26852972,1920,48,2,0,0,0,0,0,0,0,0,0,0,0,0,0
26863654,1921,32,2,0,0,0,0,0,0,0,0,0,0,0,0,0
26872607,1922,32,2,0,0,0,0,0,0,0,0,0,0,0,0,0
26881560,1923,32,2,0,0,0,0,0,0,0,0,0,0,0,0,0
26890513,1924,32,2,0,0,0,0,0,0,0,0,0,0,0,0,0
26899466,1925,48,2,0,0,0,0,0,0,0,0,0,0,0,0,0
26910148,1926,32,2,0,0,0,0,0,0,0,0,0,0,0,0,0
26919101,1927,32,2,0,0,0,0,0,0,0,0,0,0,0,0,0
26928054,1928,32,2,0,0,0,0,0,0,0,0,0,0,0,0,0
26937007,1929,32,2,0,0,0,0,0,0,0,0,0,0,0,0,0
26945961,1930,48,2,0,0,0,0,0,0,0,0,0,0,0,0,0
26956642,1931,32,2,0,0,0,0,0,0,0,0,0,0,0,0,0
26965595,1932,32,2,0,0,0,0,0,0,0,0,0,0,0,0,0
26974549,1933,32,2,0,0,0,0,0,0,0,0,0,0,0,0,0
26983501,1934,32,2,0,0,0,0,0,0,0,0,0,0,0,0,0
26992455,1935,48,2,0,0,0,0,0,0,0,0,0,0,0,0,0
27003137,1936,32,2,0,0,0,0,0,0,0,0,0,0,0,0,0
27012089,1937,32,2,0,0,0,0,0,0,0,0,0,0,0,0,0
27021042,1938,32,2,0,0,0,0,0,0,0,0,0,0,0,0,0
27029995,1939,32,2,0,0,0,0,0,0,0,0,0,0,0,0,0
27038948,1940,48,2,0,0,0,0,0,0,0,0,0,0,0,0,0
27049630,1941,32,2,0,0,0,0,0,0,0,0,0,0,0,0,0
27058584,1942,32,2,0,0,0,0,0,0,0,0,0,0,0,0,0
27067536,1943,32,2,0,0,0,0,0,0,0,0,0,0,0,0,0
27076489,1944,32,2,0,0,0,0,0,0,0,0,0,0,0,0,0
27085443,1945,48,2,0,0,0,0,0,0,0,0,0,0,0,0,0
27096124,1946,32,2,0,0,0,0,0,0,0,0,0,0,0,0,0
27105077,1947,32,2,0,0,0,0,0,0,0,0,0,0,0,0,0
27114030,1948,32,2,0,0,0,0,0,0,0,0,0,0,0,0,0
27122984,1949,32,2,0,0,0,0,0,0,0,0,0,0,0,0,0
27131936,1950,48,2,0,0,0,0,0,0,0,0,0,0,0,0,0
27142618,1951,32,2,0,0,0,0,0,0,0,0,0,0,0,0,0
27151571,1952,32,2,0,0,0,0,0,0,0,0,0,0,0,0,0
27160524,1953,32,2,0,0,0,0,0,0,0,0,0,0,0,0,0
27169477,1954,32,2,0,0,0,0,0,0,0,0,0,0,0,0,0
27178430,1955,48,2,0,0,0,0,0,0,0,0,0,0,0,0,0
27189112,1956,32,2,0,0,0,0,0,0,0,0,0,0,0,0,0
27198065,1957,32,2,0,0,0,0,0,0,0,0,0,0,0,0,0
27207018,1958,32,2,0,0,0,0,0,0,0,0,0,0,0,0,0
27215971,1959,32,2,0,0,0,0,0,0,0,0,0,0,0,0,0
27224924,1960,48,2,0,0,0,0,0,0,0,0,0,0,0,0,0
27235606,1961,32,2,0,0,0,0,0,0,0,0,0,0,0,0,0
27244559,1962,32,2,0,0,0,0,0,0,0,0,0,0,0,0,0
27253512,1963,32,2,0,0,0,0,0,0,0,0,0,0,0,0,0
27262465,1964,32,2,0,0,0,0,0,0,0,0,0,0,0,0,0
27271418,1965,48,2,0,0,0,0,0,0,0,0,0,0,0,0,0
27282100,1966,32,2,0,0,0,0,0,0,0,0,0,0,0,0,0
27291053,1967,32,2,0,0,0,0,0,0,0,0,0,0,0,0,0
27300006,1968,32,2,0,0,0,0,0,0,0,0,0,0,0,0,0
27308959,1969,32,2,0,0,0,0,0,0,0,0,0,0,0,0,0
27317912,1970,48,2,0,0,0,0,0,0,0,0,0,0,0,0,0
27328594,1971,32,2,0,0,0,0,0,0,0,0,0,0,0,0,0
27337547,1972,32,2,0,0,0,0,0,0,0,0,0,0,0,0,0
27346500,1973,32,2,0,0,0,0,0,0,0,0,0,0,0,0,0
27355453,1974,32,2,0,0,0,0,0,0,0,0,0,0,0,0,0
27364406,1975,48,2,0,0,0,0,0,0,0,0,0,0,0,0,0
27375088,1976,32,2,0,0,0,0,0,0,0,0,0,0,0,0,0
27384041,1977,32,2,0,0,0,0,0,0,0,0,0,0,0,0,0
27392994,1978,32,2,0,0,0,0,0,0,0,0,0,0,0,0,0
27401947,1979,32,2,0,0,0,0,0,0,0,0,0,0,0,0,0
27410900,1980,48,2,0,0,0,0,0,0,0,0,0,0,0,0,0
27421582,1981,32,2,0,0,0,0,0,0,0,0,0,0,0,0,0
27430535,1982,32,2,0,0,0,0,0,0,0,0,0,0,0,0,0
27439488,1983,32,2,0,0,0,0,0,0,0,0,0,0,0,0,0
27448441,1984,32,2,0,0,0,0,0,0,0,0,0,0,0,0,0
27457394,1985,48,2,0,0,0,0,0,0,0,0,0,0,0,0,0
27468076,1986,32,2,0,0,0,0,0,0,0,0,0,0,0,0,0
27477029,1987,32,2,0,0,0,0,0,0,0,0,0,0,0,0,0
27485982,1988,32,2,0,0,0,0,0,0,0,0,0,0,0,0,0
27494935,1989,32,2,0,0,0,0,0,0,0,0,0,0,0,0,0
27503888,1990,48,2,0,0,0,0,0,0,0,0,0,0,0,0,0
27514570,1991,32,2,0,0,0,0,0,0,0,0,0,0,0,0,0
27523523,1992,32,2,0,0,0,0,0,0,0,0,0,0,0,0,0
27532476,1993,32,2,0,0,0,0,0,0,0,0,0,0,0,0,0
27541429,1994,32,2,0,0,0,0,0,0,0,0,0,0,0,0,0
27550382,1995,48,2,0,0,0,0,0,0,0,0,0,0,0,0,0
27561065,1996,32,2,0,0,0,0,0,0,0,0,0,0,0,0,0
27570017,1997,32,2,0,0,0,0,0,0,0,0,0,0,0,0,0
27578970,1998,32,2,0,0,0,0,0,0,0,0,0,0,0,0,0
27587923,1999,32,2,0,0,0,0,0,0,0,0,0,0,0,0,0
27596876,2000,48,2,0,0,0,0,0,0,0,0,0,0,0,0,0
27607558,2001,32,2,0,0,0,0,0,0,0,0,0,0,0,0,0
27616511,2002,32,2,0,0,0,0,0,0,0,0,0,0,0,0,0
27625464,2003,32,2,0,0,0,0,0,0,0,0,0,0,0,0,0
27634417,2004,32,2,0,0,0,0,0,0,0,0,0,0,0,0,0
27643370,2005,48,2,0,0,0,0,0,0,0,0,0,0,0,0,0
27654053,2006,32,2,0,0,0,0,0,0,0,0,0,0,0,0,0
27663005,2007,32,2,0,0,0,0,0,0,0,0,0,0,0,0,0
27671958,2008,32,2,0,0,0,0,0,0,0,0,0,0,0,0,0
27680911,2009,32,2,0,0,0,0,0,0,0,0,0,0,0,0,0
27689864,2010,48,2,0,0,0,0,0,0,0,0,0,0,0,0,0
27700546,2011,32,2,0,0,0,0,0,0,0,0,0,0,0,0,0
27709500,2012,32,2,0,0,0,0,0,0,0,0,0,0,0,0,0
27718452,2013,32,2,0,0,0,0,0,0,0,0,0,0,0,0,0
27727405,2014,32,2,0,0,0,0,0,0,0,0,0,0,0,0,0
27736358,2015,48,2,0,0,0,0,0,0,0,0,0,0,0,0,0
27747040,2016,32,2,0,0,0,0,0,0,0,0,0,0,0,0,0
27755993,2017,32,2,0,0,0,0,0,0,0,0,0,0,0,0,0
27764947,2018,32,2,0,0,0,0,0,0,0,0,0,0,0,0,0
27773899,2019,32,2,0,0,0,0,0,0,0,0,0,0,0,0,0
27782852,2020,48,2,0,0,0,0,0,0,0,0,0,0,0,0,0
27793534,2021,32,2,0,0,0,0,0,0,0,0,0,0,0,0,0
27802487,2022,32,2,0,0,0,0,0,0,0,0,0,0,0,0,0
27811440,2023,32,2,0,0,0,0,0,0,0,0,0,0,0,0,0
27820393,2024,32,2,0,0,0,0,0,0,0,0,0,0,0,0,0
27829346,2025,48,2,0,0,0,0,0,0,0,0,0,0,0,0,0
27840028,2026,32,2,0,0,0,0,0,0,0,0,0,0,0,0,0
27848981,2027,32,2,0,0,0,0,0,0,0,0,0,0,0,0,0
27857935,2028,32,2,0,0,0,0,0,0,0,0,0,0,0,0,0
27866887,2029,32,2,0,0,0,0,0,0,0,0,0,0,0,0,0
27875840,2030,48,2,0,0,0,0,0,0,0,0,0,0,0,0,0
27886522,2031,32,2,0,0,0,0,0,0,0,0,0,0,0,0,0
27895475,2032,32,2,0,0,0,0,0,0,0,0,0,0,0,0,0
27904429,2033,32,2,0,0,0,0,0,0,0,0,0,0,0,0,0
27913382,2034,32,2,0,0,0,0,0,0,0,0,0,0,0,0,0
27922334,2035,48,2,0,0,0,0,0,0,0,0,0,0,0,0,0
27933016,2036,32,2,0,0,0,0,0,0,0,0,0,0,0,0,0
27941969,2037,32,2,0,0,0,0,0,0,0,0,0,0,0,0,0
27950923,2038,32,2,0,0,0,0,0,0,0,0,0,0,0,0,0
27959875,2039,32,2,0,0,0,0,0,0,0,0,0,0,0,0,0
27968828,2040,48,2,0,0,0,0,0,0,0,0,0,0,0,0,0
27985578,2041,32,2,0,0,0,0,0,0,0,0,0,0,0,0,0
27994519,2042,32,2,0,0,0,0,0,0,0,0,0,0,0,0,0
28003472,2043,32,2,0,0,0,0,0,0,0,0,0,0,0,0,0
28012425,2044,32,2,0,0,0,0,0,0,0,0,0,0,0,0,0
28021378,2045,48,2,0,0,0,0,0,0,0,0,0,0,0,0,0
28032060,2046,32,2,0,0,0,0,0,0,0,0,0,0,0,0,0
28041013,2047,32,2,0,0,0,0,0,0,0,0,0,0,0,0,0
28049966,2048,32,2,0,0,0,0,0,0,0,0,0,0,0,0,0
28058919,2049,32,2,0,0,0,0,0,0,0,0,0,0,0,0,0
28067872,2050,48,2,0,0,0,0,0,0,0,0,0,0,0,0,0
28078554,2051,32,2,0,0,0,0,0,0,0,0,0,0,0,0,0
28087508,2052,32,2,0,0,0,0,0,0,0,0,0,0,0,0,0
28096460,2053,32,2,0,0,0,0,0,0,0,0,0,0,0,0,0
28105413,2054,32,2,0,0,0,0,0,0,0,0,0,0,0,0,0
28114366,2055,48,2,0,0,0,0,0,0,0,0,0,0,0,0,0
28125048,2056,32,2,0,0,0,0,0,0,0,0,0,0,0,0,0
28134001,2057,32,2,0,0,0,0,0,0,0,0,0,0,0,0,0
28142954,2058,32,2,0,0,0,0,0,0,0,0,0,0,0,0,0
28151907,2059,32,2,0,0,0,0,0,0,0,0,0,0,0,0,0
28160860,2060,48,2,0,0,0,0,0,0,0,0,0,0,0,0,0
28171542,2061,32,2,0,0,0,0,0,0,0,0,0,0,0,0,0
28180496,2062,32,2,0,0,0,0,0,0,0,0,0,0,0,0,0
28189449,2063,32,2,0,0,0,0,0,0,0,0,0,0,0,0,0
28198401,2064,32,2,0,0,0,0,0,0,0,0,0,0,0,0,0
28207354,2065,48,2,0,0,0,0,0,0,0,0,0,0,0,0,0
28218036,2066,32,2,0,0,0,0,0,0,0,0,0,0,0,0,0
28226989,2067,32,2,0,0,0,0,0,0,0,0,0,0,0,0,0
28235942,2068,32,2,0,0,0,0,0,0,0,0,0,0,0,0,0
28244895,2069,32,2,0,0,0,0,0,0,0,0,0,0,0,0,0
28253848,2070,48,2,0,0,0,0,0,0,0,0,0,0,0,0,0
28264530,2071,32,2,0,0,0,0,0,0,0,0,0,0,0,0,0
28273483,2072,32,2,0,0,0,0,0,0,0,0,0,0,0,0,0
28282436,2073,32,2,0,0,0,0,0,0,0,0,0,0,0,0,0
28291389,2074,32,2,0,0,0,0,0,0,0,0,0,0,0,0,0
28300342,2075,48,2,0,0,0,0,0,0,0,0,0,0,0,0,0
28311024,2076,32,2,0,0,0,0,0,0,0,0,0,0,0,0,0
28319977,2077,32,2,0,0,0,0,0,0,0,0,0,0,0,0,0
28328930,2078,32,2,0,0,0,0,0,0,0,0,0,0,0,0,0
28337883,2079,32,2,0,0,0,0,0,0,0,0,0,0,0,0,0
28346836,2080,48,2,0,0,0,0,0,0,0,0,0,0,0,0,0
28357518,2081,32,2,0,0,0,0,0,0,0,0,0,0,0,0,0
28366472,2082,32,2,0,0,0,0,0,0,0,0,0,0,0,0,0
28375425,2083,32,2,0,0,0,0,0,0,0,0,0,0,0,0,0
28384377,2084,32,2,0,0,0,0,0,0,0,0,0,0,0,0,0
28393330,2085,48,2,0,0,0,0,0,0,0,0,0,0,0,0,0
28404012,2086,32,2,0,0,0,0,0,0,0,0,0,0,0,0,0
28412965,2087,32,2,0,0,0,0,0,0,0,0,0,0,0,0,0
28421918,2088,32,2,0,0,0,0,0,0,0,0,0,0,0,0,0
28430871,2089,32,2,0,0,0,0,0,0,0,0,0,0,0,0,0
28439825,2090,48,2,0,0,0,0,0,0,0,0,0,0,0,0,0
28450507,2091,32,2,0,0,0,0,0,0,0,0,0,0,0,0,0
28459459,2092,32,2,0,0,0,0,0,0,0,0,0,0,0,0,0
28468412,2093,32,2,0,0,0,0,0,0,0,0,0,0,0,0,0
28477365,2094,32,2,0,0,0,0,0,0,0,0,0,0,0,0,0
28486318,2095,48,2,0,0,0,0,0,0,0,0,0,0,0,0,0
28497000,2096,32,2,0,0,0,0,0,0,0,0,0,0,0,0,0
28505953,2097,32,2,0,0,0,0,0,0,0,0,0,0,0,0,0
28514906,2098,32,2,0,0,0,0,0,0,0,0,0,0,0,0,0
28523859,2099,32,2,0,0,0,0,0,0,0,0,0,0,0,0,0
28532813,2100,48,2,0,0,0,0,0,0,0,0,0,0,0,0,0
28543495,2101,32,2,0,0,0,0,0,0,0,0,0,0,0,0,0
28552447,2102,32,2,0,0,0,0,0,0,0,0,0,0,0,0,0
28561400,2103,32,2,0,0,0,0,0,0,0,0,0,0,0,0,0
28570353,2104,32,2,0,0,0,0,0,0,0,0,0,0,0,0,0
28579306,2105,48,2,0,0,0,0,0,0,0,0,0,0,0,0,0
28589988,2106,32,2,0,0,0,0,0,0,0,0,0,0,0,0,0
28598941,2107,32,2,0,0,0,0,0,0,0,0,0,0,0,0,0
28607894,2108,32,2,0,0,0,0,0,0,0,0,0,0,0,0,0
28616847,2109,32,2,0,0,0,0,0,0,0,0,0,0,0,0,0
28625800,2110,48,2,0,0,0,0,0,0,0,0,0,0,0,0,0
28636482,2111,32,2,0,0,0,0,0,0,0,0,0,0,0,0,0
28645435,2112,32,2,0,0,0,0,0,0,0,0,0,0,0,0,0
28654388,2113,32,2,0,0,0,0,0,0,0,0,0,0,0,0,0
28663341,2114,32,2,0,0,0,0,0,0,0,0,0,0,0,0,0
28672294,2115,48,2,0,0,0,0,0,0,0,0,0,0,0,0,0
28682976,2116,32,2,0,0,0,0,0,0,0,0,0,0,0,0,0
28691930,2117,32,2,0,0,0,0,0,0,0,0,0,0,0,0,0
28700882,2118,32,2,0,0,0,0,0,0,0,0,0,0,0,0,0
28709836,2119,32,2,0,0,0,0,0,0,0,0,0,0,0,0,0
28718788,2120,48,2,0,0,0,0,0,0,0,0,0,0,0,0,0
28729471,2121,32,2,0,0,0,0,0,0,0,0,0,0,0,0,0
28738423,2122,32,2,0,0,0,0,0,0,0,0,0,0,0,0,0
28747376,2123,32,2,0,0,0,0,0,0,0,0,0,0,0,0,0
28756330,2124,32,2,0,0,0,0,0,0,0,0,0,0,0,0,0
28765282,2125,48,2,0,0,0,0,0,0,0,0,0,0,0,0,0
28775964,2126,32,2,0,0,0,0,0,0,0,0,0,0,0,0,0
28784917,2127,32,2,0,0,0,0,0,0,0,0,0,0,0,0,0
28793870,2128,32,2,0,0,0,0,0,0,0,0,0,0,0,0,0
28802823,2129,32,2,0,0,0,0,0,0,0,0,0,0,0,0,0
28811777,2130,48,2,0,0,0,0,0,0,0,0,0,0,0,0,0
28822459,2131,32,2,0,0,0,0,0,0,0,0,0,0,0,0,0
28831411,2132,32,2,0,0,0,0,0,0,0,0,0,0,0,0,0
28840364,2133,32,2,0,0,0,0,0,0,0,0,0,0,0,0,0
28849317,2134,32,2,0,0,0,0,0,0,0,0,0,0,0,0,0
28858270,2135,48,2,0,0,0,0,0,0,0,0,0,0,0,0,0
28868952,2136,32,2,0,0,0,0,0,0,0,0,0,0,0,0,0
28877905,2137,32,2,0,0,0,0,0,0,0,0,0,0,0,0,0
28886858,2138,32,2,0,0,0,0,0,0,0,0,0,0,0,0,0
28895811,2139,32,2,0,0,0,0,0,0,0,0,0,0,0,0,0
28904764,2140,48,2,0,0,0,0,0,0,0,0,0,0,0,0,0
28915446,2141,32,2,0,0,0,0,0,0,0,0,0,0,0,0,0
28924399,2142,32,2,0,0,0,0,0,0,0,0,0,0,0,0,0
28933352,2143,32,2,0,0,0,0,0,0,0,0,0,0,0,0,0
28942305,2144,32,2,0,0,0,0,0,0,0,0,0,0,0,0,0
28951258,2145,48,2,0,0,0,0,0,0,0,0,0,0,0,0,0
28961940,2146,32,2,0,0,0,0,0,0,0,0,0,0,0,0,0
28970907,2147,32,2,0,0,0,0,0,0,0,0,0,0,0,0,0
28979848,2148,32,2,0,0,0,0,0,0,0,0,0,0,0,0,0
28988801,2149,32,2,0,0,0,0,0,0,0,0,0,0,0,0,0
28997754,2150,48,2,0,0,0,0,0,0,0,0,0,0,0,0,0
29008436,2151,32,2,0,0,0,0,0,0,0,0,0,0,0,0,0
29017389,2152,32,2,0,0,0,0,0,0,0,0,0,0,0,0,0
29026342,2153,32,2,0,0,0,0,0,0,0,0,0,0,0,0,0
29035295,2154,32,2,0,0,0,0,0,0,0,0,0,0,0,0,0
29044248,2155,48,2,0,0,0,0,0,0,0,0,0,0,0,0,0
29054930,2156,32,2,0,0,0,0,0,0,0,0,0,0,0,0,0
29063883,2157,32,2,0,0,0,0,0,0,0,0,0,0,0,0,0
29072836,2158,32,2,0,0,0,0,0,0,0,0,0,0,0,0,0
29081789,2159,32,2,0,0,0,0,0,0,0,0,0,0,0,0,0
29090743,2160,48,2,0,0,0,0,0,0,0,0,0,0,0,0,0
29101425,2161,32,2,0,0,0,0,0,0,0,0,0,0,0,0,0
29110377,2162,32,2,0,0,0,0,0,0,0,0,0,0,0,0,0
29119330,2163,32,2,0,0,0,0,0,0,0,0,0,0,0,0,0
29128283,2164,32,2,0,0,0,0,0,0,0,0,0,0,0,0,0
29137236,2165,48,2,0,0,0,0,0,0,0,0,0,0,0,0,0
29147918,2166,32,2,0,0,0,0,0,0,0,0,0,0,0,0,0
29156871,2167,32,2,0,0,0,0,0,0,0,0,0,0,0,0,0
29165825,2168,32,2,0,0,0,0,0,0,0,0,0,0,0,0,0
29174777,2169,32,2,0,0,0,0,0,0,0,0,0,0,0,0,0
29183730,2170,48,2,0,0,0,0,0,0,0,0,0,0,0,0,0
29194413,2171,32,2,0,0,0,0,0,0,0,0,0,0,0,0,0
29203365,2172,32,2,0,0,0,0,0,0,0,0,0,0,0,0,0
29212318,2173,32,2,0,0,0,0,0,0,0,0,0,0,0,0,0
29221271,2174,32,2,0,0,0,0,0,0,0,0,0,0,0,0,0
29230224,2175,48,2,0,0,0,0,0,0,0,0,0,0,0,0,0
29240906,2176,32,2,0,0,0,0,0,0,0,0,0,0,0,0,0
29249859,2177,32,2,0,0,0,0,0,0,0,0,0,0,0,0,0
29258813,2178,32,2,0,0,0,0,0,0,0,0,0,0,0,0,0
29267765,2179,32,2,0,0,0,0,0,0,0,0,0,0,0,0,0
29276718,2180,48,2,0,0,0,0,0,0,0,0,0,0,0,0,0
29287401,2181,32,2,0,0,0,0,0,0,0,0,0,0,0,0,0
29296353,2182,32,2,0,0,0,0,0,0,0,0,0,0,0,0,0
29305306,2183,32,2,0,0,0,0,0,0,0,0,0,0,0,0,0
29314259,2184,32,2,0,0,0,0,0,0,0,0,0,0,0,0,0
29323212,2185,48,2,0,0,0,0,0,0,0,0,0,0,0,0,0
29333894,2186,32,2,0,0,0,0,0,0,0,0,0,0,0,0,0
29342847,2187,32,2,0,0,0,0,0,0,0,0,0,0,0,0,0
29351800,2188,32,2,0,0,0,0,0,0,0,0,0,0,0,0,0
29360753,2189,32,2,0,0,0,0,0,0,0,0,0,0,0,0,0
29369706,2190,48,2,0,0,0,0,0,0,0,0,0,0,0,0,0
29380389,2191,32,2,0,0,0,0,0,0,0,0,0,0,0,0,0
29389341,2192,32,2,0,0,0,0,0,0,0,0,0,0,0,0,0
29398294,2193,32,2,0,0,0,0,0,0,0,0,0,0,0,0,0
29407247,2194,32,2,0,0,0,0,0,0,0,0,0,0,0,0,0
29416200,2195,48,2,0,0,0,0,0,0,0,0,0,0,0,0,0
29426882,2196,32,2,0,0,0,0,0,0,0,0,0,0,0,0,0
29435836,2197,32,2,0,0,0,0,0,0,0,0,0,0,0,0,0
29444788,2198,32,2,0,0,0,0,0,0,0,0,0,0,0,0,0
29453741,2199,32,2,0,0,0,0,0,0,0,0,0,0,0,0,0
29462694,2200,48,2,0,0,0,0,0,0,0,0,0,0,0,0,0
29473377,2201,32,2,0,0,0,0,0,0,0,0,0,0,0,0,0
29482330,2202,32,2,0,0,0,0,0,0,0,0,0,0,0,0,0
29491282,2203,32,2,0,0,0,0,0,0,0,0,0,0,0,0,0
29500235,2204,32,2,0,0,0,0,0,0,0,0,0,0,0,0,0
29509188,2205,48,2,0,0,0,0,0,0,0,0,0,0,0,0,0
29519870,2206,32,2,0,0,0,0,0,0,0,0,0,0,0,0,0
29528823,2207,32,2,0,0,0,0,0,0,0,0,0,0,0,0,0
29537777,2208,32,2,0,0,0,0,0,0,0,0,0,0,0,0,0
29546730,2209,32,2,0,0,0,0,0,0,0,0,0,0,0,0,0
29555683,2210,48,2,0,0,0,0,0,0,0,0,0,0,0,0,0
29571025,2211,32,2,0,0,0,0,0,0,0,0,0,0,0,0,0
29579966,2212,32,2,0,0,0,0,0,0,0,0,0,0,0,0,0
29588919,2213,32,2,0,0,0,0,0,0,0,0,0,0,0,0,0
29597872,2214,32,2,0,0,0,0,0,0,0,0,0,0,0,0,0
29606826,2215,48,2,0,0,0,0,0,0,0,0,0,0,0,0,0
29617507,2216,32,2,0,0,0,0,0,0,0,0,0,0,0,0,0
29626460,2217,32,2,0,0,0,0,0,0,0,0,0,0,0,0,0
29635413,2218,32,2,0,0,0,0,0,0,0,0,0,0,0,0,0
29644366,2219,32,2,0,0,0,0,0,0,0,0,0,0,0,0,0
29653319,2220,48,2,0,0,0,0,0,0,0,0,0,0,0,0,0
29664002,2221,32,2,0,0,0,0,0,0,0,0,0,0,0,0,0
29672954,2222,32,2,0,0,0,0,0,0,0,0,0,0,0,0,0
29681907,2223,32,2,0,0,0,0,0,0,0,0,0,0,0,0,0
29690860,2224,32,2,0,0,0,0,0,0,0,0,0,0,0,0,0
29699813,2225,48,2,0,0,0,0,0,0,0,0,0,0,0,0,0
29710495,2226,32,2,0,0,0,0,0,0,0,0,0,0,0,0,0
29719448,2227,32,2,0,0,0,0,0,0,0,0,0,0,0,0,0
29728401,2228,32,2,0,0,0,0,0,0,0,0,0,0,0,0,0
29737354,2229,32,2,0,0,0,0,0,0,0,0,0,0,0,0,0
29746307,2230,48,2,0,0,0,0,0,0,0,0,0,0,0,0,0
29756989,2231,32,2,0,0,0,0,0,0,0,0,0,0,0,0,0
29765942,2232,32,2,0,0,0,0,0,0,0,0,0,0,0,0,0
29774895,2233,32,2,0,0,0,0,0,0,0,0,0,0,0,0,0
29783848,2234,32,2,0,0,0,0,0,0,0,0,0,0,0,0,0
29792801,2235,48,2,0,0,0,0,0,0,0,0,0,0,0,0,0
29803483,2236,32,2,0,0,0,0,0,0,0,0,0,0,0,0,0
29812436,2237,32,2,0,0,0,0,0,0,0,0,0,0,0,0,0
29821389,2238,32,2,0,0,0,0,0,0,0,0,0,0,0,0,0
29830342,2239,32,2,0,0,0,0,0,0,0,0,0,0,0,0,0
29839295,2240,48,2,0,0,0,0,0,0,0,0,0,0,0,0,0
29849978,2241,32,2,0,0,0,0,0,0,0,0,0,0,0,0,0
29858930,2242,32,2,0,0,0,0,0,0,0,0,0,0,0,0,0
29867884,2243,32,2,0,0,0,0,0,0,0,0,0,0,0,0,0
29876836,2244,32,2,0,0,0,0,0,0,0,0,0,0,0,0,0
29885789,2245,48,2,0,0,0,0,0,0,0,0,0,0,0,0,0
29896471,2246,32,2,0,0,0,0,0,0,0,0,0,0,0,0,0
29905424,2247,32,2,0,0,0,0,0,0,0,0,0,0,0,0,0
29914377,2248,32,2,0,0,0,0,0,0,0,0,0,0,0,0,0
29923330,2249,32,2,0,0,0,0,0,0,0,0,0,0,0,0,0
29932283,2250,48,2,0,0,0,0,0,0,0,0,0,0,0,0,0
29942966,2251,32,2,0,0,0,0,0,0,0,0,0,0,0,0,0
29951918,2252,32,2,0,0,0,0,0,0,0,0,0,0,0,0,0
29960871,2253,32,2,0,0,0,0,0,0,0,0,0,0,0,0,0
29969825,2254,32,2,0,0,0,0,0,0,0,0,0,0,0,0,0
29978777,2255,48,2,0,0,0,0,0,0,0,0,0,0,0,0,0
29989459,2256,32,2,0,0,0,0,0,0,0,0,0,0,0,0,0
29998412,2257,32,2,0,0,0,0,0,0,0,0,0,0,0,0,0
30007365,2258,32,2,0,0,0,0,0,0,0,0,0,0,0,0,0
30016318,2259,32,2,0,0,0,0,0,0,0,0,0,0,0,0,0
30025271,2260,48,2,0,0,0,0,0,0,0,0,0,0,0,0,0
30035954,2261,32,2,0,0,0,0,0,0,0,0,0,0,0,0,0
30044906,2262,32,2,0,0,0,0,0,0,0,0,0,0,0,0,0
30053859,2263,32,2,0,0,0,0,0,0,0,0,0,0,0,0,0
30062813,2264,32,2,0,0,0,0,0,0,0,0,0,0,0,0,0
30071765,2265,48,2,0,0,0,0,0,0,0,0,0,0,0,0,0
30082447,2266,32,2,0,0,0,0,0,0,0,0,0,0,0,0,0
30091400,2267,32,2,0,0,0,0,0,0,0,0,0,0,0,0,0
30100353,2268,32,2,0,0,0,0,0,0,0,0,0,0,0,0,0
30109306,2269,32,2,0,0,0,0,0,0,0,0,0,0,0,0,0
30118259,2270,48,2,0,0,0,0,0,0,0,0,0,0,0,0,0
30128942,2271,32,2,0,0,0,0,0,0,0,0,0,0,0,0,0
30137894,2272,32,2,0,0,0,0,0,0,0,0,0,0,0,0,0
30146848,2273,32,2,0,0,0,0,0,0,0,0,0,0,0,0,0
30155800,2274,32,2,0,0,0,0,0,0,0,0,0,0,0,0,0
30164753,2275,48,2,0,0,0,0,0,0,0,0,0,0,0,0,0
30175435,2276,32,2,0,0,0,0,0,0,0,0,0,0,0,0,0
30184388,2277,32,2,0,0,0,0,0,0,0,0,0,0,0,0,0
30193341,2278,32,2,0,0,0,0,0,0,0,0,0,0,0,0,0
30202294,2279,32,2,0,0,0,0,0,0,0,0,0,0,0,0,0
30211247,2280,48,2,0,0,0,0,0,0,0,0,0,0,0,0,0
30221929,2281,32,2,0,0,0,0,0,0,0,0,0,0,0,0,0
30230882,2282,32,2,0,0,0,0,0,0,0,0,0,0,0,0,0
30239836,2283,32,2,0,0,0,0,0,0,0,0,0,0,0,0,0
30248788,2284,32,2,0,0,0,0,0,0,0,0,0,0,0,0,0
30257741,2285,48,2,0,0,0,0,0,0,0,0,0,0,0,0,0
30268423,2286,32,2,0,0,0,0,0,0,0,0,0,0,0,0,0
30277376,2287,32,2,0,0,0,0,0,0,0,0,0,0,0,0,0
30286330,2288,32,2,0,0,0,0,0,0,0,0,0,0,0,0,0
30295282,2289,32,2,0,0,0,0,0,0,0,0,0,0,0,0,0
30304235,2290,48,2,0,0,0,0,0,0,0,0,0,0,0,0,0
30314918,2291,32,2,0,0,0,0,0,0,0,0,0,0,0,0,0
30323870,2292,32,2,0,0,0,0,0,0,0,0,0,0,0,0,0
30332823,2293,32,2,0,0,0,0,0,0,0,0,0,0,0,0,0
30341777,2294,32,2,0,0,0,0,0,0,0,0,0,0,0,0,0
30350730,2295,48,2,0,0,0,0,0,0,0,0,0,0,0,0,0
30361411,2296,32,2,0,0,0,0,0,0,0,0,0,0,0,0,0
30370364,2297,32,2,0,0,0,0,0,0,0,0,0,0,0,0,0
30379317,2298,32,2,0,0,0,0,0,0,0,0,0,0,0,0,0
30388270,2299,32,2,0,0,0,0,0,0,0,0,0,0,0,0,0
30397223,2300,48,2,0,0,0,0,0,0,0,0,0,0,0,0,0
30407905,2301,32,2,0,0,0,0,0,0,0,0,0,0,0,0,0
30416858,2302,32,2,0,0,0,0,0,0,0,0,0,0,0,0,0
30425811,2303,32,2,0,0,0,0,0,0,0,0,0,0,0,0,0
30434764,2304,32,2,0,0,0,0,0,0,0,0,0,0,0,0,0
30443717,2305,48,2,0,0,0,0,0,0,0,0,0,0,0,0,0
30454399,2306,32,2,0,0,0,0,0,0,0,0,0,0,0,0,0
30463353,2307,32,2,0,0,0,0,0,0,0,0,0,0,0,0,0
30472305,2308,32,2,0,0,0,0,0,0,0,0,0,0,0,0,0
30481258,2309,32,2,0,0,0,0,0,0,0,0,0,0,0,0,0
30490211,2310,48,2,0,0,0,0,0,0,0,0,0,0,0,0,0
30500893,2311,32,2,0,0,0,0,0,0,0,0,0,0,0,0,0
30509846,2312,32,2,0,0,0,0,0,0,0,0,0,0,0,0,0
30518799,2313,32,2,0,0,0,0,0,0,0,0,0,0,0,0,0
30527752,2314,32,2,0,0,0,0,0,0,0,0,0,0,0,0,0
30536705,2315,48,2,0,0,0,0,0,0,0,0,0,0,0,0,0
30547387,2316,32,2,0,0,0,0,0,0,0,0,0,0,0,0,0
30556340,2317,32,2,0,0,0,0,0,0,0,0,0,0,0,0,0
30565294,2318,32,2,0,0,0,0,0,0,0,0,0,0,0,0,0
30574246,2319,32,2,0,0,0,0,0,0,0,0,0,0,0,0,0
30583199,2320,48,2,0,0,0,0,0,0,0,0,0,0,0,0,0
30593882,2321,32,2,0,0,0,0,0,0,0,0,0,0,0,0,0
30602834,2322,32,2,0,0,0,0,0,0,0,0,0,0,0,0,0
30611787,2323,32,2,0,0,0,0,0,0,0,0,0,0,0,0,0
30620741,2324,32,2,0,0,0,0,0,0,0,0,0,0,0,0,0
30629693,2325,48,2,0,0,0,0,0,0,0,0,0,0,0,0,0
30640375,2326,32,2,0,0,0,0,0,0,0,0,0,0,0,0,0
30649328,2327,32,2,0,0,0,0,0,0,0,0,0,0,0,0,0
30658281,2328,32,2,0,0,0,0,0,0,0,0,0,0,0,0,0
30667234,2329,32,2,0,0,0,0,0,0,0,0,0,0,0,0,0
30676187,2330,48,2,0,0,0,0,0,0,0,0,0,0,0,0,0
30686869,2331,32,2,0,0,0,0,0,0,0,0,0,0,0,0,0
30695822,2332,32,2,0,0,0,0,0,0,0,0,0,0,0,0,0
30704775,2333,32,2,0,0,0,0,0,0,0,0,0,0,0,0,0
30713728,2334,32,2,0,0,0,0,0,0,0,0,0,0,0,0,0
30722681,2335,48,2,0,0,0,0,0,0,0,0,0,0,0,0,0
30733363,2336,32,2,0,0,0,0,0,0,0,0,0,0,0,0,0
30742316,2337,32,2,0,0,0,0,0,0,0,0,0,0,0,0,0
30751269,2338,32,2,0,0,0,0,0,0,0,0,0,0,0,0,0
30760222,2339,32,2,0,0,0,0,0,0,0,0,0,0,0,0,0
30769175,2340,48,2,0,0,0,0,0,0,0,0,0,0,0,0,0
30779857,2341,32,2,0,0,0,0,0,0,0,0,0,0,0,0,0
30788810,2342,32,2,0,0,0,0,0,0,0,0,0,0,0,0,0
30797763,2343,32,2,0,0,0,0,0,0,0,0,0,0,0,0,0
30806716,2344,32,2,0,0,0,0,0,0,0,0,0,0,0,0,0
30815669,2345,48,2,0,0,0,0,0,0,0,0,0,0,0,0,0
30826351,2346,32,2,0,0,0,0,0,0,0,0,0,0,0,0,0
30835304,2347,32,2,0,0,0,0,0,0,0,0,0,0,0,0,0
30844257,2348,32,2,0,0,0,0,0,0,0,0,0,0,0,0,0
30853210,2349,32,2,0,0,0,0,0,0,0,0,0,0,0,0,0
30862163,2350,48,2,0,0,0,0,0,0,0,0,0,0,0,0,0
30872846,2351,32,2,0,0,0,0,0,0,0,0,0,0,0,0,0
30881798,2352,32,2,0,0,0,0,0,0,0,0,0,0,0,0,0
30890751,2353,32,2,0,0,0,0,0,0,0,0,0,0,0,0,0
30899704,2354,32,2,0,0,0,0,0,0,0,0,0,0,0,0,0
30908657,2355,48,2,0,0,0,0,0,0,0,0,0,0,0,0,0
30919339,2356,32,2,0,0,0,0,0,0,0,0,0,0,0,0,0
30928292,2357,32,2,0,0,0,0,0,0,0,0,0,0,0,0,0
30937245,2358,32,2,0,0,0,0,0,0,0,0,0,0,0,0,0
30946198,2359,32,2,0,0,0,0,0,0,0,0,0,0,0,0,0
30955151,2360,48,2,0,0,0,0,0,0,0,0,0,0,0,0,0
30965834,2361,32,2,0,0,0,0,0,0,0,0,0,0,0,0,0
30974786,2362,32,2,0,0,0,0,0,0,0,0,0,0,0,0,0
30983739,2363,32,2,0,0,0,0,0,0,0,0,0,0,0,0,0
30992692,2364,32,2,0,0,0,0,0,0,0,0,0,0,0,0,0
31001646,2365,48,2,0,0,0,0,0,0,0,0,0,0,0,0,0
31012327,2366,32,2,0,0,0,0,0,0,0,0,0,0,0,0,0
31021280,2367,32,2,0,0,0,0,0,0,0,0,0,0,0,0,0
31030233,2368,32,2,0,0,0,0,0,0,0,0,0,0,0,0,0
31039186,2369,32,2,0,0,0,0,0,0,0,0,0,0,0,0,0
31048139,2370,48,2,0,0,0,0,0,0,0,0,0,0,0,0,0
31058822,2371,32,2,0,0,0,0,0,0,0,0,0,0,0,0,0
31067774,2372,32,2,0,0,0,0,0,0,0,0,0,0,0,0,0
31076727,2373,32,2,0,0,0,0,0,0,0,0,0,0,0,0,0
31085680,2374,32,2,0,0,0,0,0,0,0,0,0,0,0,0,0
31094633,2375,48,2,0,0,0,0,0,0,0,0,0,0,0,0,0
31105315,2376,32,2,0,0,0,0,0,0,0,0,0,0,0,0,0
31114268,2377,32,2,0,0,0,0,0,0,0,0,0,0,0,0,0
31123221,2378,32,2,0,0,0,0,0,0,0,0,0,0,0,0,0
31132175,2379,32,2,0,0,0,0,0,0,0,0,0,0,0,0,0
31141127,2380,48,2,0,0,0,0,0,0,0,0,0,0,0,0,0
31157755,2381,32,2,0,0,0,0,0,0,0,0,0,0,0,0,0
31166696,2382,32,2,0,0,0,0,0,0,0,0,0,0,0,0,0
31175649,2383,32,2,0,0,0,0,0,0,0,0,0,0,0,0,0
31184602,2384,32,2,0,0,0,0,0,0,0,0,0,0,0,0,0
31193555,2385,48,2,0,0,0,0,0,0,0,0,0,0,0,0,0
31204237,2386,32,2,0,0,0,0,0,0,0,0,0,0,0,0,0
31213190,2387,32,2,0,0,0,0,0,0,0,0,0,0,0,0,0
31222143,2388,32,2,0,0,0,0,0,0,0,0,0,0,0,0,0
31231096,2389,32,2,0,0,0,0,0,0,0,0,0,0,0,0,0
31240049,2390,48,2,0,0,0,0,0,0,0,0,0,0,0,0,0
31250732,2391,32,2,0,0,0,0,0,0,0,0,0,0,0,0,0
31259684,2392,32,2,0,0,0,0,0,0,0,0,0,0,0,0,0
31268637,2393,32,2,0,0,0,0,0,0,0,0,0,0,0,0,0
31277590,2394,32,2,0,0,0,0,0,0,0,0,0,0,0,0,0
31286543,2395,48,2,0,0,0,0,0,0,0,0,0,0,0,0,0
31297226,2396,32,2,0,0,0,0,0,0,0,0,0,0,0,0,0
31306178,2397,32,2,0,0,0,0,0,0,0,0,0,0,0,0,0
31315131,2398,32,2,0,0,0,0,0,0,0,0,0,0,0,0,0
31324084,2399,32,2,0,0,0,0,0,0,0,0,0,0,0,0,0
31333037,2400,48,2,0,0,0,0,0,0,0,0,0,0,0,0,0
31343720,2401,32,2,0,0,0,0,0,0,0,0,0,0,0,0,0
31352672,2402,32,2,0,0,0,0,0,0,0,0,0,0,0,0,0
31361625,2403,32,2,0,0,0,0,0,0,0,0,0,0,0,0,0
31370578,2404,32,2,0,0,0,0,0,0,0,0,0,0,0,0,0
31379531,2405,48,2,0,0,0,0,0,0,0,0,0,0,0,0,0
31390214,2406,32,2,0,0,0,0,0,0,0,0,0,0,0,0,0
31399166,2407,32,2,0,0,0,0,0,0,0,0,0,0,0,0,0
31408119,2408,32,2,0,0,0,0,0,0,0,0,0,0,0,0,0
31417072,2409,32,2,0,0,0,0,0,0,0,0,0,0,0,0,0
31426025,2410,48,2,0,0,0,0,0,0,0,0,0,0,0,0,0
31436707,2411,32,2,0,0,0,0,0,0,0,0,0,0,0,0,0
31445660,2412,32,2,0,0,0,0,0,0,0,0,0,0,0,0,0
31454613,2413,32,2,0,0,0,0,0,0,0,0,0,0,0,0,0
31463566,2414,32,2,0,0,0,0,0,0,0,0,0,0,0,0,0
31472519,2415,48,2,0,0,0,0,0,0,0,0,0,0,0,0,0
31483202,2416,32,2,0,0,0,0,0,0,0,0,0,0,0,0,0
31492154,2417,32,2,0,0,0,0,0,0,0,0,0,0,0,0,0
31501107,2418,32,2,0,0,0,0,0,0,0,0,0,0,0,0,0
31510060,2419,32,2,0,0,0,0,0,0,0,0,0,0,0,0,0
31519013,2420,48,2,0,0,0,0,0,0,0,0,0,0,0,0,0
31529695,2421,32,2,0,0,0,0,0,0,0,0,0,0,0,0,0
31538648,2422,32,2,0,0,0,0,0,0,0,0,0,0,0,0,0
31547602,2423,32,2,0,0,0,0,0,0,0,0,0,0,0,0,0
31556554,2424,32,2,0,0,0,0,0,0,0,0,0,0,0,0,0
31565507,2425,48,2,0,0,0,0,0,0,0,0,0,0,0,0,0
31576190,2426,32,2,0,0,0,0,0,0,0,0,0,0,0,0,0
31585142,2427,32,2,0,0,0,0,0,0,0,0,0,0,0,0,0
31594095,2428,32,2,0,0,0,0,0,0,0,0,0,0,0,0,0
31603048,2429,32,2,0,0,0,0,0,0,0,0,0,0,0,0,0
31612001,2430,48,2,0,0,0,0,0,0,0,0,0,0,0,0,0
31622683,2431,32,2,0,0,0,0,0,0,0,0,0,0,0,0,0
31631636,2432,32,2,0,0,0,0,0,0,0,0,0,0,0,0,0
31640589,2433,32,2,0,0,0,0,0,0,0,0,0,0,0,0,0
31649542,2434,32,2,0,0,0,0,0,0,0,0,0,0,0,0,0
31658495,2435,48,2,0,0,0,0,0,0,0,0,0,0,0,0,0
31669177,2436,32,2,0,0,0,0,0,0,0,0,0,0,0,0,0
31678130,2437,32,2,0,0,0,0,0,0,0,0,0,0,0,0,0
31687083,2438,32,2,0,0,0,0,0,0,0,0,0,0,0,0,0
31696036,2439,32,2,0,0,0,0,0,0,0,0,0,0,0,0,0
31704990,2440,48,2,0,0,0,0,0,0,0,0,0,0,0,0,0
31715671,2441,32,2,0,0,0,0,0,0,0,0,0,0,0,0,0
31724624,2442,32,2,0,0,0,0,0,0,0,0,0,0,0,0,0
31733577,2443,32,2,0,0,0,0,0,0,0,0,0,0,0,0,0
31742531,2444,32,2,0,0,0,0,0,0,0,0,0,0,0,0,0
31751483,2445,48,2,0,0,0,0,0,0,0,0,0,0,0,0,0
31762165,2446,32,2,0,0,0,0,0,0,0,0,0,0,0,0,0
31771118,2447,32,2,0,0,0,0,0,0,0,0,0,0,0,0,0
31780071,2448,32,2,0,0,0,0,0,0,0,0,0,0,0,0,0
31789024,2449,32,2,0,0,0,0,0,0,0,0,0,0,0,0,0
31797978,2450,48,2,0,0,0,0,0,0,0,0,0,0,0,0,0
31808659,2451,32,2,0,0,0,0,0,0,0,0,0,0,0,0,0
31817612,2452,32,2,0,0,0,0,0,0,0,0,0,0,0,0,0
31826565,2453,32,2,0,0,0,0,0,0,0,0,0,0,0,0,0
31835518,2454,32,2,0,0,0,0,0,0,0,0,0,0,0,0,0
31844471,2455,48,2,0,0,0,0,0,0,0,0,0,0,0,0,0
31855153,2456,32,2,0,0,0,0,0,0,0,0,0,0,0,0,0
31864106,2457,32,2,0,0,0,0,0,0,0,0,0,0,0,0,0
31873059,2458,32,2,0,0,0,0,0,0,0,0,0,0,0,0,0
31882012,2459,32,2,0,0,0,0,0,0,0,0,0,0,0,0,0
31890965,2460,48,2,0,0,0,0,0,0,0,0,0,0,0,0,0
31901647,2461,32,2,0,0,0,0,0,0,0,0,0,0,0,0,0
31910600,2462,32,2,0,0,0,0,0,0,0,0,0,0,0,0,0
31919553,2463,32,2,0,0,0,0,0,0,0,0,0,0,0,0,0
31928506,2464,32,2,0,0,0,0,0,0,0,0,0,0,0,0,0
31937459,2465,48,2,0,0,0,0,0,0,0,0,0,0,0,0,0
31948141,2466,32,2,0,0,0,0,0,0,0,0,0,0,0,0,0
31957094,2467,32,2,0,0,0,0,0,0,0,0,0,0,0,0,0
31966047,2468,32,2,0,0,0,0,0,0,0,0,0,0,0,0,0
31975001,2469,32,2,0,0,0,0,0,0,0,0,0,0,0,0,0
31983953,2470,48,2,0,0,0,0,0,0,0,0,0,0,0,0,0
31994635,2471,32,2,0,0,0,0,0,0,0,0,0,0,0,0,0
32003588,2472,32,2,0,0,0,0,0,0,0,0,0,0,0,0,0
32012541,2473,32,2,0,0,0,0,0,0,0,0,0,0,0,0,0
32021495,2474,32,2,0,0,0,0,0,0,0,0,0,0,0,0,0
32030447,2475,48,2,0,0,0,0,0,0,0,0,0,0,0,0,0
32041130,2476,32,2,0,0,0,0,0,0,0,0,0,0,0,0,0
32050082,2477,32,2,0,0,0,0,0,0,0,0,0,0,0,0,0
32059035,2478,32,2,0,0,0,0,0,0,0,0,0,0,0,0,0
32067988,2479,32,2,0,0,0,0,0,0,0,0,0,0,0,0,0
32076941,2480,48,2,0,0,0,0,0,0,0,0,0,0,0,0,0
32087623,2481,32,2,0,0,0,0,0,0,0,0,0,0,0,0,0
32096576,2482,32,2,0,0,0,0,0,0,0,0,0,0,0,0,0
32105529,2483,32,2,0,0,0,0,0,0,0,0,0,0,0,0,0
32114482,2484,32,2,0,0,0,0,0,0,0,0,0,0,0,0,0
32123435,2485,48,2,0,0,0,0,0,0,0,0,0,0,0,0,0
32134117,2486,32,2,0,0,0,0,0,0,0,0,0,0,0,0,0
32143070,2487,32,2,0,0,0,0,0,0,0,0,0,0,0,0,0
32152023,2488,32,2,0,0,0,0,0,0,0,0,0,0,0,0,0
32160976,2489,32,2,0,0,0,0,0,0,0,0,0,0,0,0,0
32169929,2490,48,2,0,0,0,0,0,0,0,0,0,0,0,0,0
32180611,2491,32,2,0,0,0,0,0,0,0,0,0,0,0,0,0
32189564,2492,32,2,0,0,0,0,0,0,0,0,0,0,0,0,0
32198517,2493,32,2,0,0,0,0,0,0,0,0,0,0,0,0,0
32207471,2494,32,2,0,0,0,0,0,0,0,0,0,0,0,0,0
32216423,2495,48,2,0,0,0,0,0,0,0,0,0,0,0,0,0
32227105,2496,32,2,0,0,0,0,0,0,0,0,0,0,0,0,0
32236058,2497,32,2,0,0,0,0,0,0,0,0,0,0,0,0,0
32245011,2498,32,2,0,0,0,0,0,0,0,0,0,0,0,0,0
32253964,2499,32,2,0,0,0,0,0,0,0,0,0,0,0,0,0
32262918,2500,48,2,0,0,0,0,0,0,0,0,0,0,0,0,0
32273599,2501,32,2,0,0,0,0,0,0,0,0,0,0,0,0,0
32282552,2502,32,2,0,0,0,0,0,0,0,0,0,0,0,0,0
32291505,2503,32,2,0,0,0,0,0,0,0,0,0,0,0,0,0
32300458,2504,32,2,0,0,0,0,0,0,0,0,0,0,0,0,0
32309411,2505,48,2,0,0,0,0,0,0,0,0,0,0,0,0,0
32320093,2506,32,2,0,0,0,0,0,0,0,0,0,0,0,0,0
32329046,2507,32,2,0,0,0,0,0,0,0,0,0,0,0,0,0
32337999,2508,32,2,0,0,0,0,0,0,0,0,0,0,0,0,0
32346952,2509,32,2,0,0,0,0,0,0,0,0,0,0,0,0,0
32355905,2510,48,2,0,0,0,0,0,0,0,0,0,0,0,0,0
32366587,2511,32,2,0,0,0,0,0,0,0,0,0,0,0,0,0
32375540,2512,32,2,0,0,0,0,0,0,0,0,0,0,0,0,0
32384493,2513,32,2,0,0,0,0,0,0,0,0,0,0,0,0,0
32393446,2514,32,2,0,0,0,0,0,0,0,0,0,0,0,0,0
32402399,2515,48,2,0,0,0,0,0,0,0,0,0,0,0,0,0
32413081,2516,32,2,0,0,0,0,0,0,0,0,0,0,0,0,0
32422034,2517,32,2,0,0,0,0,0,0,0,0,0,0,0,0,0
32430987,2518,32,2,0,0,0,0,0,0,0,0,0,0,0,0,0
32439941,2519,32,2,0,0,0,0,0,0,0,0,0,0,0,0,0
32448893,2520,48,2,0,0,0,0,0,0,0,0,0,0,0,0,0
32459575,2521,32,2,0,0,0,0,0,0,0,0,0,0,0,0,0
32468528,2522,32,2,0,0,0,0,0,0,0,0,0,0,0,0,0
32477482,2523,32,2,0,0,0,0,0,0,0,0,0,0,0,0,0
32486434,2524,32,2,0,0,0,0,0,0,0,0,0,0,0,0,0
32495387,2525,48,2,0,0,0,0,0,0,0,0,0,0,0,0,0
32506069,2526,32,2,0,0,0,0,0,0,0,0,0,0,0,0,0
32515022,2527,32,2,0,0,0,0,0,0,0,0,0,0,0,0,0
32523975,2528,32,2,0,0,0,0,0,0,0,0,0,0,0,0,0
32532928,2529,32,2,0,0,0,0,0,0,0,0,0,0,0,0,0
32541881,2530,48,2,0,0,0,0,0,0,0,0,0,0,0,0,0
32552563,2531,32,2,0,0,0,0,0,0,0,0,0,0,0,0,0
32561516,2532,32,2,0,0,0,0,0,0,0,0,0,0,0,0,0
32570469,2533,32,2,0,0,0,0,0,0,0,0,0,0,0,0,0
32579422,2534,32,2,0,0,0,0,0,0,0,0,0,0,0,0,0
32588375,2535,48,2,0,0,0,0,0,0,0,0,0,0,0,0,0
32599057,2536,32,2,0,0,0,0,0,0,0,0,0,0,0,0,0
32608010,2537,32,2,0,0,0,0,0,0,0,0,0,0,0,0,0
32616963,2538,32,2,0,0,0,0,0,0,0,0,0,0,0,0,0
32625917,2539,32,2,0,0,0,0,0,0,0,0,0,0,0,0,0
32634869,2540,48,2,0,0,0,0,0,0,0,0,0,0,0,0,0
32645551,2541,32,2,0,0,0,0,0,0,0,0,0,0,0,0,0
32654505,2542,32,2,0,0,0,0,0,0,0,0,0,0,0,0,0
32663458,2543,32,2,0,0,0,0,0,0,0,0,0,0,0,0,0
32672410,2544,32,2,0,0,0,0,0,0,0,0,0,0,0,0,0
32681363,2545,48,2,0,0,0,0,0,0,0,0,0,0,0,0,0
32692045,2546,32,2,0,0,0,0,0,0,0,0,0,0,0,0,0
32700998,2547,32,2,0,0,0,0,0,0,0,0,0,0,0,0,0
32709951,2548,32,2,0,0,0,0,0,0,0,0,0,0,0,0,0
32718904,2549,32,2,0,0,0,0,0,0,0,0,0,0,0,0,0
32727857,2550,48,2,0,0,0,0,0,0,0,0,0,0,0,0,0
32742948,2551,32,2,0,0,0,0,0,0,0,0,0,0,0,0,0
32751888,2552,32,2,0,0,0,0,0,0,0,0,0,0,0,0,0
32760841,2553,32,2,0,0,0,0,0,0,0,0,0,0,0,0,0
32769794,2554,32,2,0,0,0,0,0,0,0,0,0,0,0,0,0
32778747,2555,48,2,0,0,0,0,0,0,0,0,0,0,0,0,0
32789429,2556,32,2,0,0,0,0,0,0,0,0,0,0,0,0,0
32798383,2557,32,2,0,0,0,0,0,0,0,0,0,0,0,0,0
32807335,2558,32,2,0,0,0,0,0,0,0,0,0,0,0,0,0
32816288,2559,32,2,0,0,0,0,0,0,0,0,0,0,0,0,0
32825241,2560,48,2,0,0,0,0,0,0,0,0,0,0,0,0,0
32835924,2561,32,2,0,0,0,0,0,0,0,0,0,0,0,0,0
32844876,2562,32,2,0,0,0,0,0,0,0,0,0,0,0,0,0
32853829,2563,32,2,0,0,0,0,0,0,0,0,0,0,0,0,0
32862782,2564,32,2,0,0,0,0,0,0,0,0,0,0,0,0,0
32871735,2565,48,2,0,0,0,0,0,0,0,0,0,0,0,0,0
32882417,2566,32,2,0,0,0,0,0,0,0,0,0,0,0,0,0
32891370,2567,32,2,0,0,0,0,0,0,0,0,0,0,0,0,0
32900323,2568,32,2,0,0,0,0,0,0,0,0,0,0,0,0,0
32909276,2569,32,2,0,0,0,0,0,0,0,0,0,0,0,0,0
32918229,2570,48,2,0,0,0,0,0,0,0,0,0,0,0,0,0
32928912,2571,32,2,0,0,0,0,0,0,0,0,0,0,0,0,0
32937864,2572,32,2,0,0,0,0,0,0,0,0,0,0,0,0,0
32946817,2573,32,2,0,0,0,0,0,0,0,0,0,0,0,0,0
32955771,2574,32,2,0,0,0,0,0,0,0,0,0,0,0,0,0
32964723,2575,48,2,0,0,0,0,0,0,0,0,0,0,0,0,0
32975405,2576,32,2,0,0,0,0,0,0,0,0,0,0,0,0,0
32984358,2577,32,2,0,0,0,0,0,0,0,0,0,0,0,0,0
32993312,2578,32,2,0,0,0,0,0,0,0,0,0,0,0,0,0
33002264,2579,32,2,0,0,0,0,0,0,0,0,0,0,0,0,0
33011217,2580,48,2,0,0,0,0,0,0,0,0,0,0,0,0,0
33021900,2581,32,2,0,0,0,0,0,0,0,0,0,0,0,0,0
33030852,2582,32,2,0,0,0,0,0,0,0,0,0,0,0,0,0
33039805,2583,32,2,0,0,0,0,0,0,0,0,0,0,0,0,0
33048759,2584,32,2,0,0,0,0,0,0,0,0,0,0,0,0,0
33057711,2585,48,2,0,0,0,0,0,0,0,0,0,0,0,0,0
33068393,2586,32,2,0,0,0,0,0,0,0,0,0,0,0,0,0
33077346,2587,32,2,0,0,0,0,0,0,0,0,0,0,0,0,0
33086299,2588,32,2,0,0,0,0,0,0,0,0,0,0,0,0,0
33095252,2589,32,2,0,0,0,0,0,0,0,0,0,0,0,0,0
33104205,2590,48,2,0,0,0,0,0,0,0,0,0,0,0,0,0
33114888,2591,32,2,0,0,0,0,0,0,0,0,0,0,0,0,0
33123840,2592,32,2,0,0,0,0,0,0,0,0,0,0,0,0,0
33132793,2593,32,2,0,0,0,0,0,0,0,0,0,0,0,0,0
33141746,2594,32,2,0,0,0,0,0,0,0,0,0,0,0,0,0
33150699,2595,48,2,0,0,0,0,0,0,0,0,0,0,0,0,0
33161381,2596,32,2,0,0,0,0,0,0,0,0,0,0,0,0,0
33170334,2597,32,2,0,0,0,0,0,0,0,0,0,0,0,0,0
33179287,2598,32,2,0,0,0,0,0,0,0,0,0,0,0,0,0
33188240,2599,32,2,0,0,0,0,0,0,0,0,0,0,0,0,0
33197193,2600,48,2,0,0,0,0,0,0,0,0,0,0,0,0,0
33207876,2601,32,2,0,0,0,0,0,0,0,0,0,0,0,0,0
33216828,2602,32,2,0,0,0,0,0,0,0,0,0,0,0,0,0
33225782,2603,32,2,0,0,0,0,0,0,0,0,0,0,0,0,0
33234734,2604,32,2,0,0,0,0,0,0,0,0,0,0,0,0,0
33243687,2605,48,2,0,0,0,0,0,0,0,0,0,0,0,0,0
33254369,2606,32,2,0,0,0,0,0,0,0,0,0,0,0,0,0
33263322,2607,32,2,0,0,0,0,0,0,0,0,0,0,0,0,0
33272276,2608,32,2,0,0,0,0,0,0,0,0,0,0,0,0,0
33281228,2609,32,2,0,0,0,0,0,0,0,0,0,0,0,0,0
33290181,2610,48,2,0,0,0,0,0,0,0,0,0,0,0,0,0
33300864,2611,32,2,0,0,0,0,0,0,0,0,0,0,0,0,0
33309816,2612,32,2,0,0,0,0,0,0,0,0,0,0,0,0,0
33318769,2613,32,2,0,0,0,0,0,0,0,0,0,0,0,0,0
33327722,2614,32,2,0,0,0,0,0,0,0,0,0,0,0,0,0
33336675,2615,48,2,0,0,0,0,0,0,0,0,0,0,0,0,0
33347357,2616,32,2,0,0,0,0,0,0,0,0,0,0,0,0,0
33356310,2617,32,2,0,0,0,0,0,0,0,0,0,0,0,0,0
33365263,2618,32,2,0,0,0,0,0,0,0,0,0,0,0,0,0
33374216,2619,32,2,0,0,0,0,0,0,0,0,0,0,0,0,0
33383169,2620,48,2,0,0,0,0,0,0,0,0,0,0,0,0,0
33393852,2621,32,2,0,0,0,0,0,0,0,0,0,0,0,0,0
33402804,2622,32,2,0,0,0,0,0,0,0,0,0,0,0,0,0
33411757,2623,32,2,0,0,0,0,0,0,0,0,0,0,0,0,0
33420710,2624,32,2,0,0,0,0,0,0,0,0,0,0,0,0,0
33429663,2625,48,2,0,0,0,0,0,0,0,0,0,0,0,0,0
33440345,2626,32,2,0,0,0,0,0,0,0,0,0,0,0,0,0
33449298,2627,32,2,0,0,0,0,0,0,0,0,0,0,0,0,0
33458251,2628,32,2,0,0,0,0,0,0,0,0,0,0,0,0,0
33467204,2629,32,2,0,0,0,0,0,0,0,0,0,0,0,0,0
33476157,2630,48,2,0,0,0,0,0,0,0,0,0,0,0,0,0
33486840,2631,32,2,0,0,0,0,0,0,0,0,0,0,0,0,0
33495792,2632,32,2,0,0,0,0,0,0,0,0,0,0,0,0,0
33504745,2633,32,2,0,0,0,0,0,0,0,0,0,0,0,0,0
33513699,2634,32,2,0,0,0,0,0,0,0,0,0,0,0,0,0
33522651,2635,48,2,0,0,0,0,0,0,0,0,0,0,0,0,0
33533333,2636,32,2,0,0,0,0,0,0,0,0,0,0,0,0,0
33542286,2637,32,2,0,0,0,0,0,0,0,0,0,0,0,0,0
33551239,2638,32,2,0,0,0,0,0,0,0,0,0,0,0,0,0
33560192,2639,32,2,0,0,0,0,0,0,0,0,0,0,0,0,0
33569146,2640,48,2,0,0,0,0,0,0,0,0,0,0,0,0,0
33579828,2641,32,2,0,0,0,0,0,0,0,0,0,0,0,0,0
33588780,2642,32,2,0,0,0,0,0,0,0,0,0,0,0,0,0
33597733,2643,32,2,0,0,0,0,0,0,0,0,0,0,0,0,0
33606686,2644,32,2,0,0,0,0,0,0,0,0,0,0,0,0,0
33615639,2645,48,2,0,0,0,0,0,0,0,0,0,0,0,0,0
33626321,2646,32,2,0,0,0,0,0,0,0,0,0,0,0,0,0
33635274,2647,32,2,0,0,0,0,0,0,0,0,0,0,0,0,0
33644227,2648,32,2,0,0,0,0,0,0,0,0,0,0,0,0,0
33653180,2649,32,2,0,0,0,0,0,0,0,0,0,0,0,0,0
33662133,2650,48,2,0,0,0,0,0,0,0,0,0,0,0,0,0
33672816,2651,32,2,0,0,0,0,0,0,0,0,0,0,0,0,0
33681768,2652,32,2,0,0,0,0,0,0,0,0,0,0,0,0,0
33690721,2653,32,2,0,0,0,0,0,0,0,0,0,0,0,0,0
33699674,2654,32,2,0,0,0,0,0,0,0,0,0,0,0,0,0
33708628,2655,48,2,0,0,0,0,0,0,0,0,0,0,0,0,0
33719309,2656,32,2,0,0,0,0,0,0,0,0,0,0,0,0,0
33728263,2657,32,2,0,0,0,0,0,0,0,0,0,0,0,0,0
33737215,2658,32,2,0,0,0,0,0,0,0,0,0,0,0,0,0
33746168,2659,32,2,0,0,0,0,0,0,0,0,0,0,0,0,0
33755121,2660,48,2,0,0,0,0,0,0,0,0,0,0,0,0,0
33765804,2661,32,2,0,0,0,0,0,0,0,0,0,0,0,0,0
33774756,2662,32,2,0,0,0,0,0,0,0,0,0,0,0,0,0
33783709,2663,32,2,0,0,0,0,0,0,0,0,0,0,0,0,0
33792662,2664,32,2,0,0,0,0,0,0,0,0,0,0,0,0,0
33801615,2665,48,2,0,0,0,0,0,0,0,0,0,0,0,0,0
33812298,2666,32,2,0,0,0,0,0,0,0,0,0,0,0,0,0
33821250,2667,32,2,0,0,0,0,0,0,0,0,0,0,0,0,0
33830203,2668,32,2,0,0,0,0,0,0,0,0,0,0,0,0,0
33839156,2669,32,2,0,0,0,0,0,0,0,0,0,0,0,0,0
33848110,2670,48,2,0,0,0,0,0,0,0,0,0,0,0,0,0
33858792,2671,32,2,0,0,0,0,0,0,0,0,0,0,0,0,0
33867744,2672,32,2,0,0,0,0,0,0,0,0,0,0,0,0,0
33876697,2673,32,2,0,0,0,0,0,0,0,0,0,0,0,0,0
33885650,2674,32,2,0,0,0,0,0,0,0,0,0,0,0,0,0
33894603,2675,48,2,0,0,0,0,0,0,0,0,0,0,0,0,0
33905285,2676,32,2,0,0,0,0,0,0,0,0,0,0,0,0,0
33914238,2677,32,2,0,0,0,0,0,0,0,0,0,0,0,0,0
33923191,2678,32,2,0,0,0,0,0,0,0,0,0,0,0,0,0
33932144,2679,32,2,0,0,0,0,0,0,0,0,0,0,0,0,0
33941097,2680,48,2,0,0,0,0,0,0,0,0,0,0,0,0,0
33951780,2681,32,2,0,0,0,0,0,0,0,0,0,0,0,0,0
33960732,2682,32,2,0,0,0,0,0,0,0,0,0,0,0,0,0
33969685,2683,32,2,0,0,0,0,0,0,0,0,0,0,0,0,0
33978652,2684,32,2,0,0,0,0,0,0,0,0,0,0,0,0,0
33987593,2685,48,2,0,0,0,0,0,0,0,0,0,0,0,0,0
33998275,2686,32,2,0,0,0,0,0,0,0,0,0,0,0,0,0
34007228,2687,32,2,0,0,0,0,0,0,0,0,0,0,0,0,0
34016181,2688,32,2,0,0,0,0,0,0,0,0,0,0,0,0,0
34025134,2689,32,2,0,0,0,0,0,0,0,0,0,0,0,0,0
34034087,2690,48,2,0,0,0,0,0,0,0,0,0,0,0,0,0
34044770,2691,32,2,0,0,0,0,0,0,0,0,0,0,0,0,0
34053722,2692,32,2,0,0,0,0,0,0,0,0,0,0,0,0,0
34062675,2693,32,2,0,0,0,0,0,0,0,0,0,0,0,0,0
34071628,2694,32,2,0,0,0,0,0,0,0,0,0,0,0,0,0
34080581,2695,48,2,0,0,0,0,0,0,0,0,0,0,0,0,0
34091263,2696,32,2,0,0,0,0,0,0,0,0,0,0,0,0,0
34100216,2697,32,2,0,0,0,0,0,0,0,0,0,0,0,0,0
34109169,2698,32,2,0,0,0,0,0,0,0,0,0,0,0,0,0
34118122,2699,32,2,0,0,0,0,0,0,0,0,0,0,0,0,0
34127075,2700,48,2,0,0,0,0,0,0,0,0,0,0,0,0,0
34137758,2701,32,2,0,0,0,0,0,0,0,0,0,0,0,0,0
34146710,2702,32,2,0,0,0,0,0,0,0,0,0,0,0,0,0
34155663,2703,32,2,0,0,0,0,0,0,0,0,0,0,0,0,0
34164617,2704,32,2,0,0,0,0,0,0,0,0,0,0,0,0,0
34173569,2705,48,2,0,0,0,0,0,0,0,0,0,0,0,0,0
34184251,2706,32,2,0,0,0,0,0,0,0,0,0,0,0,0,0
34193204,2707,32,2,0,0,0,0,0,0,0,0,0,0,0,0,0
34202157,2708,32,2,0,0,0,0,0,0,0,0,0,0,0,0,0
34211110,2709,32,2,0,0,0,0,0,0,0,0,0,0,0,0,0
34220063,2710,48,2,0,0,0,0,0,0,0,0,0,0,0,0,0
34230746,2711,32,2,0,0,0,0,0,0,0,0,0,0,0,0,0
34239698,2712,32,2,0,0,0,0,0,0,0,0,0,0,0,0,0
34248651,2713,32,2,0,0,0,0,0,0,0,0,0,0,0,0,0
34257604,2714,32,2,0,0,0,0,0,0,0,0,0,0,0,0,0
34266557,2715,48,2,0,0,0,0,0,0,0,0,0,0,0,0,0
34277239,2716,32,2,0,0,0,0,0,0,0,0,0,0,0,0,0
34286192,2717,32,2,0,0,0,0,0,0,0,0,0,0,0,0,0
34295146,2718,32,2,0,0,0,0,0,0,0,0,0,0,0,0,0
34304098,2719,32,2,0,0,0,0,0,0,0,0,0,0,0,0,0
34313051,2720,48,2,0,0,0,0,0,0,0,0,0,0,0,0,0
34330092,2721,32,2,0,0,0,0,0,0,0,0,0,0,0,0,0
34339033,2722,32,2,0,0,0,0,0,0,0,0,0,0,0,0,0
34347986,2723,32,2,0,0,0,0,0,0,0,0,0,0,0,0,0
34356939,2724,32,2,0,0,0,0,0,0,0,0,0,0,0,0,0
34365893,2725,48,2,0,0,0,0,0,0,0,0,0,0,0,0,0
34376574,2726,32,2,0,0,0,0,0,0,0,0,0,0,0,0,0
34385527,2727,32,2,0,0,0,0,0,0,0,0,0,0,0,0,0
34394480,2728,32,2,0,0,0,0,0,0,0,0,0,0,0,0,0
34403433,2729,32,2,0,0,0,0,0,0,0,0,0,0,0,0,0
34412386,2730,48,2,0,0,0,0,0,0,0,0,0,0,0,0,0
34423069,2731,32,2,0,0,0,0,0,0,0,0,0,0,0,0,0
34432021,2732,32,2,0,0,0,0,0,0,0,0,0,0,0,0,0
34440974,2733,32,2,0,0,0,0,0,0,0,0,0,0,0,0,0
34449927,2734,32,2,0,0,0,0,0,0,0,0,0,0,0,0,0
34458881,2735,48,2,0,0,0,0,0,0,0,0,0,0,0,0,0
34469562,2736,32,2,0,0,0,0,0,0,0,0,0,0,0,0,0
34478515,2737,32,2,0,0,0,0,0,0,0,0,0,0,0,0,0
34487468,2738,32,2,0,0,0,0,0,0,0,0,0,0,0,0,0
34496421,2739,32,2,0,0,0,0,0,0,0,0,0,0,0,0,0
34505374,2740,48,2,0,0,0,0,0,0,0,0,0,0,0,0,0
34516057,2741,32,2,0,0,0,0,0,0,0,0,0,0,0,0,0
34525009,2742,32,2,0,0,0,0,0,0,0,0,0,0,0,0,0
34533963,2743,32,2,0,0,0,0,0,0,0,0,0,0,0,0,0
34542915,2744,32,2,0,0,0,0,0,0,0,0,0,0,0,0,0
34551868,2745,48,2,0,0,0,0,0,0,0,0,0,0,0,0,0
34562550,2746,32,2,0,0,0,0,0,0,0,0,0,0,0,0,0
34571503,2747,32,2,0,0,0,0,0,0,0,0,0,0,0,0,0
34580456,2748,32,2,0,0,0,0,0,0,0,0,0,0,0,0,0
34589409,2749,32,2,0,0,0,0,0,0,0,0,0,0,0,0,0
34598362,2750,48,2,0,0,0,0,0,0,0,0,0,0,0,0,0
34609045,2751,32,2,0,0,0,0,0,0,0,0,0,0,0,0,0
34617997,2752,32,2,0,0,0,0,0,0,0,0,0,0,0,0,0
34626950,2753,32,2,0,0,0,0,0,0,0,0,0,0,0,0,0
34635903,2754,32,2,0,0,0,0,0,0,0,0,0,0,0,0,0
34644856,2755,48,2,0,0,0,0,0,0,0,0,0,0,0,0,0
34655538,2756,32,2,0,0,0,0,0,0,0,0,0,0,0,0,0
34664491,2757,32,2,0,0,0,0,0,0,0,0,0,0,0,0,0
34673444,2758,32,2,0,0,0,0,0,0,0,0,0,0,0,0,0
34682397,2759,32,2,0,0,0,0,0,0,0,0,0,0,0,0,0
34691350,2760,48,2,0,0,0,0,0,0,0,0,0,0,0,0,0
34702033,2761,32,2,0,0,0,0,0,0,0,0,0,0,0,0,0
34710985,2762,32,2,0,0,0,0,0,0,0,0,0,0,0,0,0
34719938,2763,32,2,0,0,0,0,0,0,0,0,0,0,0,0,0
34728891,2764,32,2,0,0,0,0,0,0,0,0,0,0,0,0,0
34737844,2765,48,2,0,0,0,0,0,0,0,0,0,0,0,0,0
34748526,2766,32,2,0,0,0,0,0,0,0,0,0,0,0,0,0
34757479,2767,32,2,0,0,0,0,0,0,0,0,0,0,0,0,0
34766432,2768,32,2,0,0,0,0,0,0,0,0,0,0,0,0,0
34775385,2769,32,2,0,0,0,0,0,0,0,0,0,0,0,0,0
34784338,2770,48,2,0,0,0,0,0,0,0,0,0,0,0,0,0
34795021,2771,32,2,0,0,0,0,0,0,0,0,0,0,0,0,0
34803973,2772,32,2,0,0,0,0,0,0,0,0,0,0,0,0,0
34812926,2773,32,2,0,0,0,0,0,0,0,0,0,0,0,0,0
34821879,2774,32,2,0,0,0,0,0,0,0,0,0,0,0,0,0
34830832,2775,48,2,0,0,0,0,0,0,0,0,0,0,0,0,0
34841514,2776,32,2,0,0,0,0,0,0,0,0,0,0,0,0,0
34850467,2777,32,2,0,0,0,0,0,0,0,0,0,0,0,0,0
34859420,2778,32,2,0,0,0,0,0,0,0,0,0,0,0,0,0
34868374,2779,32,2,0,0,0,0,0,0,0,0,0,0,0,0,0
34877326,2780,48,2,0,0,0,0,0,0,0,0,0,0,0,0,0
34888009,2781,32,2,0,0,0,0,0,0,0,0,0,0,0,0,0
34896961,2782,32,2,0,0,0,0,0,0,0,0,0,0,0,0,0
34905914,2783,32,2,0,0,0,0,0,0,0,0,0,0,0,0,0
34914867,2784,32,2,0,0,0,0,0,0,0,0,0,0,0,0,0
34923820,2785,48,2,0,0,0,0,0,0,0,0,0,0,0,0,0
34934503,2786,32,2,0,0,0,0,0,0,0,0,0,0,0,0,0
34943455,2787,32,2,0,0,0,0,0,0,0,0,0,0,0,0,0
34952408,2788,32,2,0,0,0,0,0,0,0,0,0,0,0,0,0
34961361,2789,32,2,0,0,0,0,0,0,0,0,0,0,0,0,0
34970314,2790,48,2,0,0,0,0,0,0,0,0,0,0,0,0,0
34980997,2791,32,2,0,0,0,0,0,0,0,0,0,0,0,0,0
34989949,2792,32,2,0,0,0,0,0,0,0,0,0,0,0,0,0
34998902,2793,32,2,0,0,0,0,0,0,0,0,0,0,0,0,0
35007855,2794,32,2,0,0,0,0,0,0,0,0,0,0,0,0,0
35016808,2795,48,2,0,0,0,0,0,0,0,0,0,0,0,0,0
35027490,2796,32,2,0,0,0,0,0,0,0,0,0,0,0,0,0
35036443,2797,32,2,0,0,0,0,0,0,0,0,0,0,0,0,0
35045396,2798,32,2,0,0,0,0,0,0,0,0,0,0,0,0,0
35054349,2799,32,2,0,0,0,0,0,0,0,0,0,0,0,0,0
35063303,2800,48,2,0,0,0,0,0,0,0,0,0,0,0,0,0
35073985,2801,32,2,0,0,0,0,0,0,0,0,0,0,0,0,0
35082937,2802,32,2,0,0,0,0,0,0,0,0,0,0,0,0,0
35091890,2803,32,2,0,0,0,0,0,0,0,0,0,0,0,0,0
35100843,2804,32,2,0,0,0,0,0,0,0,0,0,0,0,0,0
35109796,2805,48,2,0,0,0,0,0,0,0,0,0,0,0,0,0
35120479,2806,32,2,0,0,0,0,0,0,0,0,0,0,0,0,0
35129431,2807,32,2,0,0,0,0,0,0,0,0,0,0,0,0,0
35138384,2808,32,2,0,0,0,0,0,0,0,0,0,0,0,0,0
35147337,2809,32,2,0,0,0,0,0,0,0,0,0,0,0,0,0
35156290,2810,48,2,0,0,0,0,0,0,0,0,0,0,0,0,0
35166973,2811,32,2,0,0,0,0,0,0,0,0,0,0,0,0,0
35175925,2812,32,2,0,0,0,0,0,0,0,0,0,0,0,0,0
35184879,2813,32,2,0,0,0,0,0,0,0,0,0,0,0,0,0
35193831,2814,32,2,0,0,0,0,0,0,0,0,0,0,0,0,0
35202784,2815,48,2,0,0,0,0,0,0,0,0,0,0,0,0,0
35213466,2816,32,2,0,0,0,0,0,0,0,0,0,0,0,0,0
35222419,2817,32,2,0,0,0,0,0,0,0,0,0,0,0,0,0
35231372,2818,32,2,0,0,0,0,0,0,0,0,0,0,0,0,0
35240325,2819,32,2,0,0,0,0,0,0,0,0,0,0,0,0,0
35249278,2820,48,2,0,0,0,0,0,0,0,0,0,0,0,0,0
35259961,2821,32,2,0,0,0,0,0,0,0,0,0,0,0,0,0
35268913,2822,32,2,0,0,0,0,0,0,0,0,0,0,0,0,0
35277866,2823,32,2,0,0,0,0,0,0,0,0,0,0,0,0,0
35286819,2824,32,2,0,0,0,0,0,0,0,0,0,0,0,0,0
35295772,2825,48,2,0,0,0,0,0,0,0,0,0,0,0,0,0
35306454,2826,32,2,0,0,0,0,0,0,0,0,0,0,0,0,0
35315407,2827,32,2,0,0,0,0,0,0,0,0,0,0,0,0,0
35324360,2828,32,2,0,0,0,0,0,0,0,0,0,0,0,0,0
35333313,2829,32,2,0,0,0,0,0,0,0,0,0,0,0,0,0
35342266,2830,48,2,0,0,0,0,0,0,0,0,0,0,0,0,0
35352949,2831,32,2,0,0,0,0,0,0,0,0,0,0,0,0,0
35361901,2832,32,2,0,0,0,0,0,0,0,0,0,0,0,0,0
35370854,2833,32,2,0,0,0,0,0,0,0,0,0,0,0,0,0
35379807,2834,32,2,0,0,0,0,0,0,0,0,0,0,0,0,0
35388760,2835,48,2,0,0,0,0,0,0,0,0,0,0,0,0,0
35399442,2836,32,2,0,0,0,0,0,0,0,0,0,0,0,0,0
35408396,2837,32,2,0,0,0,0,0,0,0,0,0,0,0,0,0
35417348,2838,32,2,0,0,0,0,0,0,0,0,0,0,0,0,0
35426301,2839,32,2,0,0,0,0,0,0,0,0,0,0,0,0,0
35435254,2840,48,2,0,0,0,0,0,0,0,0,0,0,0,0,0
35445937,2841,32,2,0,0,0,0,0,0,0,0,0,0,0,0,0
35454889,2842,32,2,0,0,0,0,0,0,0,0,0,0,0,0,0
35463842,2843,32,2,0,0,0,0,0,0,0,0,0,0,0,0,0
35472795,2844,32,2,0,0,0,0,0,0,0,0,0,0,0,0,0
35481748,2845,48,2,0,0,0,0,0,0,0,0,0,0,0,0,0
35492431,2846,32,2,0,0,0,0,0,0,0,0,0,0,0,0,0
35501383,2847,32,2,0,0,0,0,0,0,0,0,0,0,0,0,0
35510337,2848,32,2,0,0,0,0,0,0,0,0,0,0,0,0,0
35519290,2849,32,2,0,0,0,0,0,0,0,0,0,0,0,0,0
35528242,2850,48,2,0,0,0,0,0,0,0,0,0,0,0,0,0
35538925,2851,32,2,0,0,0,0,0,0,0,0,0,0,0,0,0
35547877,2852,32,2,0,0,0,0,0,0,0,0,0,0,0,0,0
35556831,2853,32,2,0,0,0,0,0,0,0,0,0,0,0,0,0
35565783,2854,32,2,0,0,0,0,0,0,0,0,0,0,0,0,0
35574736,2855,48,2,0,0,0,0,0,0,0,0,0,0,0,0,0
35585418,2856,32,2,0,0,0,0,0,0,0,0,0,0,0,0,0
35594371,2857,32,2,0,0,0,0,0,0,0,0,0,0,0,0,0
35603324,2858,32,2,0,0,0,0,0,0,0,0,0,0,0,0,0
35612277,2859,32,2,0,0,0,0,0,0,0,0,0,0,0,0,0
35621230,2860,48,2,0,0,0,0,0,0,0,0,0,0,0,0,0
35631913,2861,32,2,0,0,0,0,0,0,0,0,0,0,0,0,0
35640865,2862,32,2,0,0,0,0,0,0,0,0,0,0,0,0,0
35649819,2863,32,2,0,0,0,0,0,0,0,0,0,0,0,0,0
35658771,2864,32,2,0,0,0,0,0,0,0,0,0,0,0,0,0
35667724,2865,48,2,0,0,0,0,0,0,0,0,0,0,0,0,0
35678406,2866,32,2,0,0,0,0,0,0,0,0,0,0,0,0,0
35687359,2867,32,2,0,0,0,0,0,0,0,0,0,0,0,0,0
35696312,2868,32,2,0,0,0,0,0,0,0,0,0,0,0,0,0
35705265,2869,32,2,0,0,0,0,0,0,0,0,0,0,0,0,0
35714219,2870,48,2,0,0,0,0,0,0,0,0,0,0,0,0,0
35724901,2871,32,2,0,0,0,0,0,0,0,0,0,0,0,0,0
35733853,2872,32,2,0,0,0,0,0,0,0,0,0,0,0,0,0
35742806,2873,32,2,0,0,0,0,0,0,0,0,0,0,0,0,0
35751759,2874,32,2,0,0,0,0,0,0,0,0,0,0,0,0,0
35760712,2875,48,2,0,0,0,0,0,0,0,0,0,0,0,0,0
35771394,2876,32,2,0,0,0,0,0,0,0,0,0,0,0,0,0
35780348,2877,32,2,0,0,0,0,0,0,0,0,0,0,0,0,0
35789300,2878,32,2,0,0,0,0,0,0,0,0,0,0,0,0,0
35798253,2879,32,2,0,0,0,0,0,0,0,0,0,0,0,0,0
35807206,2880,48,2,0,0,0,0,0,0,0,0,0,0,0,0,0
35817889,2881,32,2,0,0,0,0,0,0,0,0,0,0,0,0,0
35826841,2882,32,2,0,0,0,0,0,0,0,0,0,0,0,0,0
35835794,2883,32,2,0,0,0,0,0,0,0,0,0,0,0,0,0
35844747,2884,32,2,0,0,0,0,0,0,0,0,0,0,0,0,0
35853701,2885,48,2,0,0,0,0,0,0,0,0,0,0,0,0,0
35864382,2886,32,2,0,0,0,0,0,0,0,0,0,0,0,0,0
35873335,2887,32,2,0,0,0,0,0,0,0,0,0,0,0,0,0
35882288,2888,32,2,0,0,0,0,0,0,0,0,0,0,0,0,0
35891241,2889,32,2,0,0,0,0,0,0,0,0,0,0,0,0,0
35900194,2890,48,2,0,0,0,0,0,0,0,0,0,0,0,0,0
35914893,2891,32,2,0,0,0,0,0,0,0,0,0,0,0,0,0
35923834,2892,32,2,0,0,0,0,0,0,0,0,0,0,0,0,0
35932787,2893,32,2,0,0,0,0,0,0,0,0,0,0,0,0,0
35941740,2894,32,2,0,0,0,0,0,0,0,0,0,0,0,0,0
35950693,2895,48,2,0,0,0,0,0,0,0,0,0,0,0,0,0
35961375,2896,32,2,0,0,0,0,0,0,0,0,0,0,0,0,0
35970328,2897,32,2,0,0,0,0,0,0,0,0,0,0,0,0,0
35979281,2898,32,2,0,0,0,0,0,0,0,0,0,0,0,0,0
35988234,2899,32,2,0,0,0,0,0,0,0,0,0,0,0,0,0
35997187,2900,48,2,0,0,0,0,0,0,0,0,0,0,0,0,0
36007870,2901,32,2,0,0,0,0,0,0,0,0,0,0,0,0,0
36016822,2902,32,2,0,0,0,0,0,0,0,0,0,0,0,0,0
36025775,2903,32,2,0,0,0,0,0,0,0,0,0,0,0,0,0
36034728,2904,32,2,0,0,0,0,0,0,0,0,0,0,0,0,0
36043681,2905,48,2,0,0,0,0,0,0,0,0,0,0,0,0,0
36054363,2906,32,2,0,0,0,0,0,0,0,0,0,0,0,0,0
36063316,2907,32,2,0,0,0,0,0,0,0,0,0,0,0,0,0
36072269,2908,32,2,0,0,0,0,0,0,0,0,0,0,0,0,0
36081222,2909,32,2,0,0,0,0,0,0,0,0,0,0,0,0,0
36090175,2910,48,2,0,0,0,0,0,0,0,0,0,0,0,0,0
36100858,2911,32,2,0,0,0,0,0,0,0,0,0,0,0,0,0
36109810,2912,32,2,0,0,0,0,0,0,0,0,0,0,0,0,0
36118763,2913,32,2,0,0,0,0,0,0,0,0,0,0,0,0,0
36127717,2914,32,2,0,0,0,0,0,0,0,0,0,0,0,0,0
36136669,2915,48,2,0,0,0,0,0,0,0,0,0,0,0,0,0
36147351,2916,32,2,0,0,0,0,0,0,0,0,0,0,0,0,0
36156304,2917,32,2,0,0,0,0,0,0,0,0,0,0,0,0,0
36165257,2918,32,2,0,0,0,0,0,0,0,0,0,0,0,0,0
36174210,2919,32,2,0,0,0,0,0,0,0,0,0,0,0,0,0
36183163,2920,48,2,0,0,0,0,0,0,0,0,0,0,0,0,0
36193846,2921,32,2,0,0,0,0,0,0,0,0,0,0,0,0,0
36202798,2922,32,2,0,0,0,0,0,0,0,0,0,0,0,0,0
36211751,2923,32,2,0,0,0,0,0,0,0,0,0,0,0,0,0
36220704,2924,32,2,0,0,0,0,0,0,0,0,0,0,0,0,0
36229657,2925,48,2,0,0,0,0,0,0,0,0,0,0,0,0,0
36240339,2926,32,2,0,0,0,0,0,0,0,0,0,0,0,0,0
36249292,2927,32,2,0,0,0,0,0,0,0,0,0,0,0,0,0
36258245,2928,32,2,0,0,0,0,0,0,0,0,0,0,0,0,0
36267198,2929,32,2,0,0,0,0,0,0,0,0,0,0,0,0,0
36276151,2930,48,2,0,0,0,0,0,0,0,0,0,0,0,0,0
36286834,2931,32,2,0,0,0,0,0,0,0,0,0,0,0,0,0
36295786,2932,32,2,0,0,0,0,0,0,0,0,0,0,0,0,0
36304739,2933,32,2,0,0,0,0,0,0,0,0,0,0,0,0,0
36313692,2934,32,2,0,0,0,0,0,0,0,0,0,0,0,0,0
36322646,2935,48,2,0,0,0,0,0,0,0,0,0,0,0,0,0
36333327,2936,32,2,0,0,0,0,0,0,0,0,0,0,0,0,0
36342280,2937,32,2,0,0,0,0,0,0,0,0,0,0,0,0,0
36351233,2938,32,2,0,0,0,0,0,0,0,0,0,0,0,0,0
36360186,2939,32,2,0,0,0,0,0,0,0,0,0,0,0,0,0
36369139,2940,48,2,0,0,0,0,0,0,0,0,0,0,0,0,0
36379822,2941,32,2,0,0,0,0,0,0,0,0,0,0,0,0,0
36388774,2942,32,2,0,0,0,0,0,0,0,0,0,0,0,0,0
36397727,2943,32,2,0,0,0,0,0,0,0,0,0,0,0,0,0
36406680,2944,32,2,0,0,0,0,0,0,0,0,0,0,0,0,0
36415633,2945,48,2,0,0,0,0,0,0,0,0,0,0,0,0,0
36426315,2946,32,2,0,0,0,0,0,0,0,0,0,0,0,0,0
36435268,2947,32,2,0,0,0,0,0,0,0,0,0,0,0,0,0
36444221,2948,32,2,0,0,0,0,0,0,0,0,0,0,0,0,0
36453175,2949,32,2,0,0,0,0,0,0,0,0,0,0,0,0,0
36462127,2950,48,2,0,0,0,0,0,0,0,0,0,0,0,0,0
36472810,2951,32,2,0,0,0,0,0,0,0,0,0,0,0,0,0
36481762,2952,32,2,0,0,0,0,0,0,0,0,0,0,0,0,0
36490715,2953,32,2,0,0,0,0,0,0,0,0,0,0,0,0,0
36499668,2954,32,2,0,0,0,0,0,0,0,0,0,0,0,0,0
36508621,2955,48,2,0,0,0,0,0,0,0,0,0,0,0,0,0
36519303,2956,32,2,0,0,0,0,0,0,0,0,0,0,0,0,0
36528256,2957,32,2,0,0,0,0,0,0,0,0,0,0,0,0,0
36537209,2958,32,2,0,0,0,0,0,0,0,0,0,0,0,0,0
36546162,2959,32,2,0,0,0,0,0,0,0,0,0,0,0,0,0
36555115,2960,48,2,0,0,0,0,0,0,0,0,0,0,0,0,0
36565798,2961,32,2,0,0,0,0,0,0,0,0,0,0,0,0,0
36574750,2962,32,2,0,0,0,0,0,0,0,0,0,0,0,0,0
36583703,2963,32,2,0,0,0,0,0,0,0,0,0,0,0,0,0
36592656,2964,32,2,0,0,0,0,0,0,0,0,0,0,0,0,0
36601609,2965,48,2,0,0,0,0,0,0,0,0,0,0,0,0,0
36612291,2966,32,2,0,0,0,0,0,0,0,0,0,0,0,0,0
36621244,2967,32,2,0,0,0,0,0,0,0,0,0,0,0,0,0
36630197,2968,32,2,0,0,0,0,0,0,0,0,0,0,0,0,0
36639150,2969,32,2,0,0,0,0,0,0,0,0,0,0,0,0,0
36648103,2970,48,2,0,0,0,0,0,0,0,0,0,0,0,0,0
36658786,2971,32,2,0,0,0,0,0,0,0,0,0,0,0,0,0
36667738,2972,32,2,0,0,0,0,0,0,0,0,0,0,0,0,0
36676692,2973,32,2,0,0,0,0,0,0,0,0,0,0,0,0,0
36685644,2974,32,2,0,0,0,0,0,0,0,0,0,0,0,0,0
36694597,2975,48,2,0,0,0,0,0,0,0,0,0,0,0,0,0
36705279,2976,32,2,0,0,0,0,0,0,0,0,0,0,0,0,0
36714232,2977,32,2,0,0,0,0,0,0,0,0,0,0,0,0,0
36723186,2978,32,2,0,0,0,0,0,0,0,0,0,0,0,0,0
36732138,2979,32,2,0,0,0,0,0,0,0,0,0,0,0,0,0
36741091,2980,48,2,0,0,0,0,0,0,0,0,0,0,0,0,0
36751774,2981,32,2,0,0,0,0,0,0,0,0,0,0,0,0,0
36760726,2982,32,2,0,0,0,0,0,0,0,0,0,0,0,0,0
36769679,2983,32,2,0,0,0,0,0,0,0,0,0,0,0,0,0
36778633,2984,32,2,0,0,0,0,0,0,0,0,0,0,0,0,0
36787585,2985,48,2,0,0,0,0,0,0,0,0,0,0,0,0,0
36798267,2986,32,2,0,0,0,0,0,0,0,0,0,0,0,0,0
36807220,2987,32,2,0,0,0,0,0,0,0,0,0,0,0,0,0
36816173,2988,32,2,0,0,0,0,0,0,0,0,0,0,0,0,0
36825126,2989,32,2,0,0,0,0,0,0,0,0,0,0,0,0,0
36834079,2990,48,2,0,0,0,0,0,0,0,0,0,0,0,0,0
36844762,2991,32,2,0,0,0,0,0,0,0,0,0,0,0,0,0
36853714,2992,32,2,0,0,0,0,0,0,0,0,0,0,0,0,0
36862667,2993,32,2,0,0,0,0,0,0,0,0,0,0,0,0,0
36871620,2994,32,2,0,0,0,0,0,0,0,0,0,0,0,0,0
36880574,2995,48,2,0,0,0,0,0,0,0,0,0,0,0,0,0
36891255,2996,32,2,0,0,0,0,0,0,0,0,0,0,0,0,0
36900208,2997,32,2,0,0,0,0,0,0,0,0,0,0,0,0,0
36909161,2998,32,2,0,0,0,0,0,0,0,0,0,0,0,0,0
36918114,2999,32,2,0,0,0,0,0,0,0,0,0,0,0,0,0
36927067,3000,48,2,0,0,0,0,0,0,0,0,0,0,0,0,0
36937750,3001,32,2,0,0,0,0,0,0,0,0,0,0,0,0,0
36946702,3002,32,2,0,0,0,0,0,0,0,0,0,0,0,0,0
36955655,3003,32,2,0,0,0,0,0,0,0,0,0,0,0,0,0
36964609,3004,32,2,0,0,0,0,0,0,0,0,0,0,0,0,0
36973561,3005,48,2,0,0,0,0,0,0,0,0,0,0,0,0,0
36984243,3006,32,2,0,0,0,0,0,0,0,0,0,0,0,0,0
36993196,3007,32,2,0,0,0,0,0,0,0,0,0,0,0,0,0
37002149,3008,32,2,0,0,0,0,0,0,0,0,0,0,0,0,0
37011102,3009,32,2,0,0,0,0,0,0,0,0,0,0,0,0,0
37020055,3010,48,2,0,0,0,0,0,0,0,0,0,0,0,0,0
37030738,3011,32,2,0,0,0,0,0,0,0,0,0,0,0,0,0
37039690,3012,32,2,0,0,0,0,0,0,0,0,0,0,0,0,0
37048644,3013,32,2,0,0,0,0,0,0,0,0,0,0,0,0,0
37057597,3014,32,2,0,0,0,0,0,0,0,0,0,0,0,0,0
37066549,3015,48,2,0,0,0,0,0,0,0,0,0,0,0,0,0
37077231,3016,32,2,0,0,0,0,0,0,0,0,0,0,0,0,0
37086184,3017,32,2,0,0,0,0,0,0,0,0,0,0,0,0,0
37095137,3018,32,2,0,0,0,0,0,0,0,0,0,0,0,0,0
37104090,3019,32,2,0,0,0,0,0,0,0,0,0,0,0,0,0
37113043,3020,48,2,0,0,0,0,0,0,0,0,0,0,0,0,0
37123726,3021,32,2,0,0,0,0,0,0,0,0,0,0,0,0,0
37132678,3022,32,2,0,0,0,0,0,0,0,0,0,0,0,0,0
37141631,3023,32,2,0,0,0,0,0,0,0,0,0,0,0,0,0
37150585,3024,32,2,0,0,0,0,0,0,0,0,0,0,0,0,0
37159538,3025,48,2,0,0,0,0,0,0,0,0,0,0,0,0,0
37170219,3026,32,2,0,0,0,0,0,0,0,0,0,0,0,0,0
37179172,3027,32,2,0,0,0,0,0,0,0,0,0,0,0,0,0
37188125,3028,32,2,0,0,0,0,0,0,0,0,0,0,0,0,0
37197078,3029,32,2,0,0,0,0,0,0,0,0,0,0,0,0,0
37206031,3030,48,2,0,0,0,0,0,0,0,0,0,0,0,0,0
37216714,3031,32,2,0,0,0,0,0,0,0,0,0,0,0,0,0
37225666,3032,32,2,0,0,0,0,0,0,0,0,0,0,0,0,0
37234619,3033,32,2,0,0,0,0,0,0,0,0,0,0,0,0,0
37243572,3034,32,2,0,0,0,0,0,0,0,0,0,0,0,0,0
37252525,3035,48,2,0,0,0,0,0,0,0,0,0,0,0,0,0
37263207,3036,32,2,0,0,0,0,0,0,0,0,0,0,0,0,0
37272160,3037,32,2,0,0,0,0,0,0,0,0,0,0,0,0,0
37281113,3038,32,2,0,0,0,0,0,0,0,0,0,0,0,0,0
37290066,3039,32,2,0,0,0,0,0,0,0,0,0,0,0,0,0
37299019,3040,48,2,0,0,0,0,0,0,0,0,0,0,0,0,0
37309702,3041,32,2,0,0,0,0,0,0,0,0,0,0,0,0,0
37318654,3042,32,2,0,0,0,0,0,0,0,0,0,0,0,0,0
37327607,3043,32,2,0,0,0,0,0,0,0,0,0,0,0,0,0
37336560,3044,32,2,0,0,0,0,0,0,0,0,0,0,0,0,0
37345513,3045,48,2,0,0,0,0,0,0,0,0,0,0,0,0,0
37356196,3046,32,2,0,0,0,0,0,0,0,0,0,0,0,0,0
37365148,3047,32,2,0,0,0,0,0,0,0,0,0,0,0,0,0
37374101,3048,32,2,0,0,0,0,0,0,0,0,0,0,0,0,0
37383054,3049,32,2,0,0,0,0,0,0,0,0,0,0,0,0,0
37392007,3050,48,2,0,0,0,0,0,0,0,0,0,0,0,0,0
37402690,3051,32,2,0,0,0,0,0,0,0,0,0,0,0,0,0
37411642,3052,32,2,0,0,0,0,0,0,0,0,0,0,0,0,0
37420596,3053,32,2,0,0,0,0,0,0,0,0,0,0,0,0,0
37429549,3054,32,2,0,0,0,0,0,0,0,0,0,0,0,0,0
37438501,3055,48,2,0,0,0,0,0,0,0,0,0,0,0,0,0
37449184,3056,32,2,0,0,0,0,0,0,0,0,0,0,0,0,0
37458136,3057,32,2,0,0,0,0,0,0,0,0,0,0,0,0,0
37467089,3058,32,2,0,0,0,0,0,0,0,0,0,0,0,0,0
37476042,3059,32,2,0,0,0,0,0,0,0,0,0,0,0,0,0
37484995,3060,48,2,0,0,0,0,0,0,0,0,0,0,0,0,0
37501775,3061,32,2,0,0,0,0,0,0,0,0,0,0,0,0,0
37510717,3062,32,2,0,0,0,0,0,0,0,0,0,0,0,0,0
37519669,3063,32,2,0,0,0,0,0,0,0,0,0,0,0,0,0
37528622,3064,32,2,0,0,0,0,0,0,0,0,0,0,0,0,0
37537575,3065,48,2,0,0,0,0,0,0,0,0,0,0,0,0,0
37548257,3066,32,2,0,0,0,0,0,0,0,0,0,0,0,0,0
37557210,3067,32,2,0,0,0,0,0,0,0,0,0,0,0,0,0
37566164,3068,32,2,0,0,0,0,0,0,0,0,0,0,0,0,0
37575116,3069,32,2,0,0,0,0,0,0,0,0,0,0,0,0,0
37584069,3070,48,2,0,0,0,0,0,0,0,0,0,0,0,0,0
37594752,3071,32,2,0,0,0,0,0,0,0,0,0,0,0,0,0
37603704,3072,32,2,0,0,0,0,0,0,0,0,0,0,0,0,0
37612657,3073,32,2,0,0,0,0,0,0,0,0,0,0,0,0,0
37621610,3074,32,2,0,0,0,0,0,0,0,0,0,0,0,0,0
37630563,3075,48,2,0,0,0,0,0,0,0,0,0,0,0,0,0
37641245,3076,32,2,0,0,0,0,0,0,0,0,0,0,0,0,0
37650198,3077,32,2,0,0,0,0,0,0,0,0,0,0,0,0,0
37659151,3078,32,2,0,0,0,0,0,0,0,0,0,0,0,0,0
37668104,3079,32,2,0,0,0,0,0,0,0,0,0,0,0,0,0
37677057,3080,48,2,0,0,0,0,0,0,0,0,0,0,0,0,0
37687740,3081,32,2,0,0,0,0,0,0,0,0,0,0,0,0,0
37696692,3082,32,2,0,0,0,0,0,0,0,0,0,0,0,0,0
37705645,3083,32,2,0,0,0,0,0,0,0,0,0,0,0,0,0
37714598,3084,32,2,0,0,0,0,0,0,0,0,0,0,0,0,0
37723551,3085,48,2,0,0,0,0,0,0,0,0,0,0,0,0,0
37734233,3086,32,2,0,0,0,0,0,0,0,0,0,0,0,0,0
37743186,3087,32,2,0,0,0,0,0,0,0,0,0,0,0,0,0
37752139,3088,32,2,0,0,0,0,0,0,0,0,0,0,0,0,0
37761092,3089,32,2,0,0,0,0,0,0,0,0,0,0,0,0,0
37770045,3090,48,2,0,0,0,0,0,0,0,0,0,0,0,0,0
37780728,3091,32,2,0,0,0,0,0,0,0,0,0,0,0,0,0
37789680,3092,32,2,0,0,0,0,0,0,0,0,0,0,0,0,0
37798633,3093,32,2,0,0,0,0,0,0,0,0,0,0,0,0,0
37807586,3094,32,2,0,0,0,0,0,0,0,0,0,0,0,0,0
37816539,3095,48,2,0,0,0,0,0,0,0,0,0,0,0,0,0
37827221,3096,32,2,0,0,0,0,0,0,0,0,0,0,0,0,0
37836175,3097,32,2,0,0,0,0,0,0,0,0,0,0,0,0,0
37845127,3098,32,2,0,0,0,0,0,0,0,0,0,0,0,0,0
37854080,3099,32,2,0,0,0,0,0,0,0,0,0,0,0,0,0
37863033,3100,48,2,0,0,0,0,0,0,0,0,0,0,0,0,0
37873716,3101,32,2,0,0,0,0,0,0,0,0,0,0,0,0,0
37882668,3102,32,2,0,0,0,0,0,0,0,0,0,0,0,0,0
37891621,3103,32,2,0,0,0,0,0,0,0,0,0,0,0,0,0
37900575,3104,32,2,0,0,0,0,0,0,0,0,0,0,0,0,0
37909527,3105,48,2,0,0,0,0,0,0,0,0,0,0,0,0,0
37920209,3106,32,2,0,0,0,0,0,0,0,0,0,0,0,0,0
37929162,3107,32,2,0,0,0,0,0,0,0,0,0,0,0,0,0
37938115,3108,32,2,0,0,0,0,0,0,0,0,0,0,0,0,0
37947068,3109,32,2,0,0,0,0,0,0,0,0,0,0,0,0,0
37956021,3110,48,2,0,0,0,0,0,0,0,0,0,0,0,0,0
37966704,3111,32,2,0,0,0,0,0,0,0,0,0,0,0,0,0
37975656,3112,32,2,0,0,0,0,0,0,0,0,0,0,0,0,0
37984609,3113,32,2,0,0,0,0,0,0,0,0,0,0,0,0,0
37993562,3114,32,2,0,0,0,0,0,0,0,0,0,0,0,0,0
38002515,3115,48,2,0,0,0,0,0,0,0,0,0,0,0,0,0
38013197,3116,32,2,0,0,0,0,0,0,0,0,0,0,0,0,0
38022150,3117,32,2,0,0,0,0,0,0,0,0,0,0,0,0,0
38031103,3118,32,2,0,0,0,0,0,0,0,0,0,0,0,0,0
38040056,3119,32,2,0,0,0,0,0,0,0,0,0,0,0,0,0
38049009,3120,48,2,0,0,0,0,0,0,0,0,0,0,0,0,0
38059692,3121,32,2,0,0,0,0,0,0,0,0,0,0,0,0,0
38068644,3122,32,2,0,0,0,0,0,0,0,0,0,0,0,0,0
38077597,3123,32,2,0,0,0,0,0,0,0,0,0,0,0,0,0
38086550,3124,32,2,0,0,0,0,0,0,0,0,0,0,0,0,0
38095503,3125,48,2,0,0,0,0,0,0,0,0,0,0,0,0,0
38106185,3126,32,2,0,0,0,0,0,0,0,0,0,0,0,0,0
38115138,3127,32,2,0,0,0,0,0,0,0,0,0,0,0,0,0
38124091,3128,32,2,0,0,0,0,0,0,0,0,0,0,0,0,0
38133044,3129,32,2,0,0,0,0,0,0,0,0,0,0,0,0,0
38141997,3130,48,2,0,0,0,0,0,0,0,0,0,0,0,0,0
38152680,3131,32,2,0,0,0,0,0,0,0,0,0,0,0,0,0
38161632,3132,32,2,0,0,0,0,0,0,0,0,0,0,0,0,0
38170585,3133,32,2,0,0,0,0,0,0,0,0,0,0,0,0,0
38179538,3134,32,2,0,0,0,0,0,0,0,0,0,0,0,0,0
38188491,3135,48,2,0,0,0,0,0,0,0,0,0,0,0,0,0
38199173,3136,32,2,0,0,0,0,0,0,0,0,0,0,0,0,0
38208126,3137,32,2,0,0,0,0,0,0,0,0,0,0,0,0,0
38217079,3138,32,2,0,0,0,0,0,0,0,0,0,0,0,0,0
38226032,3139,32,2,0,0,0,0,0,0,0,0,0,0,0,0,0
38234985,3140,48,2,0,0,0,0,0,0,0,0,0,0,0,0,0
38245668,3141,32,2,0,0,0,0,0,0,0,0,0,0,0,0,0
38254620,3142,32,2,0,0,0,0,0,0,0,0,0,0,0,0,0
38263574,3143,32,2,0,0,0,0,0,0,0,0,0,0,0,0,0
38272527,3144,32,2,0,0,0,0,0,0,0,0,0,0,0,0,0
38281479,3145,48,2,0,0,0,0,0,0,0,0,0,0,0,0,0
38292161,3146,32,2,0,0,0,0,0,0,0,0,0,0,0,0,0
38301114,3147,32,2,0,0,0,0,0,0,0,0,0,0,0,0,0
38310067,3148,32,2,0,0,0,0,0,0,0,0,0,0,0,0,0
38319020,3149,32,2,0,0,0,0,0,0,0,0,0,0,0,0,0
38327973,3150,48,2,0,0,0,0,0,0,0,0,0,0,0,0,0
38338656,3151,32,2,0,0,0,0,0,0,0,0,0,0,0,0,0
38347608,3152,32,2,0,0,0,0,0,0,0,0,0,0,0,0,0
38356561,3153,32,2,0,0,0,0,0,0,0,0,0,0,0,0,0
38365514,3154,32,2,0,0,0,0,0,0,0,0,0,0,0,0,0
38374467,3155,48,2,0,0,0,0,0,0,0,0,0,0,0,0,0
38385149,3156,32,2,0,0,0,0,0,0,0,0,0,0,0,0,0
38394102,3157,32,2,0,0,0,0,0,0,0,0,0,0,0,0,0
38403055,3158,32,2,0,0,0,0,0,0,0,0,0,0,0,0,0
38412008,3159,32,2,0,0,0,0,0,0,0,0,0,0,0,0,0
38420961,3160,48,2,0,0,0,0,0,0,0,0,0,0,0,0,0
38431644,3161,32,2,0,0,0,0,0,0,0,0,0,0,0,0,0
38440596,3162,32,2,0,0,0,0,0,0,0,0,0,0,0,0,0
38449549,3163,32,2,0,0,0,0,0,0,0,0,0,0,0,0,0
38458502,3164,32,2,0,0,0,0,0,0,0,0,0,0,0,0,0
38467455,3165,48,2,0,0,0,0,0,0,0,0,0,0,0,0,0
38478137,3166,32,2,0,0,0,0,0,0,0,0,0,0,0,0,0
38487090,3167,32,2,0,0,0,0,0,0,0,0,0,0,0,0,0
38496043,3168,32,2,0,0,0,0,0,0,0,0,0,0,0,0,0
38504996,3169,32,2,0,0,0,0,0,0,0,0,0,0,0,0,0
38513949,3170,48,2,0,0,0,0,0,0,0,0,0,0,0,0,0
38524632,3171,32,2,0,0,0,0,0,0,0,0,0,0,0,0,0
38533584,3172,32,2,0,0,0,0,0,0,0,0,0,0,0,0,0
38542537,3173,32,2,0,0,0,0,0,0,0,0,0,0,0,0,0
38551491,3174,32,2,0,0,0,0,0,0,0,0,0,0,0,0,0
38560443,3175,48,2,0,0,0,0,0,0,0,0,0,0,0,0,0
38571125,3176,32,2,0,0,0,0,0,0,0,0,0,0,0,0,0
38580078,3177,32,2,0,0,0,0,0,0,0,0,0,0,0,0,0
38589031,3178,32,2,0,0,0,0,0,0,0,0,0,0,0,0,0
38597984,3179,32,2,0,0,0,0,0,0,0,0,0,0,0,0,0
38606937,3180,48,2,0,0,0,0,0,0,0,0,0,0,0,0,0
38617620,3181,32,2,0,0,0,0,0,0,0,0,0,0,0,0,0
38626572,3182,32,2,0,0,0,0,0,0,0,0,0,0,0,0,0
38635525,3183,32,2,0,0,0,0,0,0,0,0,0,0,0,0,0
38644478,3184,32,2,0,0,0,0,0,0,0,0,0,0,0,0,0
38653431,3185,48,2,0,0,0,0,0,0,0,0,0,0,0,0,0
38664113,3186,32,2,0,0,0,0,0,0,0,0,0,0,0,0,0
38673066,3187,32,2,0,0,0,0,0,0,0,0,0,0,0,0,0
38682019,3188,32,2,0,0,0,0,0,0,0,0,0,0,0,0,0
38690972,3189,32,2,0,0,0,0,0,0,0,0,0,0,0,0,0
38699926,3190,48,2,0,0,0,0,0,0,0,0,0,0,0,0,0
38710608,3191,32,2,0,0,0,0,0,0,0,0,0,0,0,0,0
38719560,3192,32,2,0,0,0,0,0,0,0,0,0,0,0,0,0
38728513,3193,32,2,0,0,0,0,0,0,0,0,0,0,0,0,0
38737466,3194,32,2,0,0,0,0,0,0,0,0,0,0,0,0,0
38746419,3195,48,2,0,0,0,0,0,0,0,0,0,0,0,0,0
38757101,3196,32,2,0,0,0,0,0,0,0,0,0,0,0,0,0
38766054,3197,32,2,0,0,0,0,0,0,0,0,0,0,0,0,0
38775007,3198,32,2,0,0,0,0,0,0,0,0,0,0,0,0,0
38783960,3199,32,2,0,0,0,0,0,0,0,0,0,0,0,0,0
38792913,3200,48,2,0,0,0,0,0,0,0,0,0,0,0,0,0
38803596,3201,32,2,0,0,0,0,0,0,0,0,0,0,0,0,0
38812548,3202,32,2,0,0,0,0,0,0,0,0,0,0,0,0,0
38821501,3203,32,2,0,0,0,0,0,0,0,0,0,0,0,0,0
38830454,3204,32,2,0,0,0,0,0,0,0,0,0,0,0,0,0
38839407,3205,48,2,0,0,0,0,0,0,0,0,0,0,0,0,0
38850089,3206,32,2,0,0,0,0,0,0,0,0,0,0,0,0,0
38859042,3207,32,2,0,0,0,0,0,0,0,0,0,0,0,0,0
38867995,3208,32,2,0,0,0,0,0,0,0,0,0,0,0,0,0
38876948,3209,32,2,0,0,0,0,0,0,0,0,0,0,0,0,0
38885901,3210,48,2,0,0,0,0,0,0,0,0,0,0,0,0,0
38896584,3211,32,2,0,0,0,0,0,0,0,0,0,0,0,0,0
38905536,3212,32,2,0,0,0,0,0,0,0,0,0,0,0,0,0
38914489,3213,32,2,0,0,0,0,0,0,0,0,0,0,0,0,0
38923443,3214,32,2,0,0,0,0,0,0,0,0,0,0,0,0,0
38932395,3215,48,2,0,0,0,0,0,0,0,0,0,0,0,0,0
38943077,3216,32,2,0,0,0,0,0,0,0,0,0,0,0,0,0
38952030,3217,32,2,0,0,0,0,0,0,0,0,0,0,0,0,0
38960984,3218,32,2,0,0,0,0,0,0,0,0,0,0,0,0,0
38969936,3219,32,2,0,0,0,0,0,0,0,0,0,0,0,0,0
38978903,3220,48,2,0,0,0,0,0,0,0,0,0,0,0,0,0
38989574,3221,32,2,0,0,0,0,0,0,0,0,0,0,0,0,0
38998526,3222,32,2,0,0,0,0,0,0,0,0,0,0,0,0,0
39007479,3223,32,2,0,0,0,0,0,0,0,0,0,0,0,0,0
39016432,3224,32,2,0,0,0,0,0,0,0,0,0,0,0,0,0
39025385,3225,48,2,0,0,0,0,0,0,0,0,0,0,0,0,0
39036067,3226,32,2,0,0,0,0,0,0,0,0,0,0,0,0,0
39045020,3227,32,2,0,0,0,0,0,0,0,0,0,0,0,0,0
39053974,3228,32,2,0,0,0,0,0,0,0,0,0,0,0,0,0
39062926,3229,32,2,0,0,0,0,0,0,0,0,0,0,0,0,0
39071879,3230,48,2,0,0,0,0,0,0,0,0,0,0,0,0,0
39086984,3231,32,2,0,0,0,0,0,0,0,0,0,0,0,0,0
39095926,3232,32,2,0,0,0,0,0,0,0,0,0,0,0,0,0
39104879,3233,32,2,0,0,0,0,0,0,0,0,0,0,0,0,0
39113831,3234,32,2,0,0,0,0,0,0,0,0,0,0,0,0,0
39122784,3235,48,2,0,0,0,0,0,0,0,0,0,0,0,0,0
39133466,3236,32,2,0,0,0,0,0,0,0,0,0,0,0,0,0
39142419,3237,32,2,0,0,0,0,0,0,0,0,0,0,0,0,0
39151372,3238,32,2,0,0,0,0,0,0,0,0,0,0,0,0,0
39160325,3239,32,2,0,0,0,0,0,0,0,0,0,0,0,0,0
39169278,3240,48,2,0,0,0,0,0,0,0,0,0,0,0,0,0
39179961,3241,32,2,0,0,0,0,0,0,0,0,0,0,0,0,0
39188913,3242,32,2,0,0,0,0,0,0,0,0,0,0,0,0,0
39197866,3243,32,2,0,0,0,0,0,0,0,0,0,0,0,0,0
39206819,3244,32,2,0,0,0,0,0,0,0,0,0,0,0,0,0
39215772,3245,48,2,0,0,0,0,0,0,0,0,0,0,0,0,0
39226454,3246,32,2,0,0,0,0,0,0,0,0,0,0,0,0,0
39235407,3247,32,2,0,0,0,0,0,0,0,0,0,0,0,0,0
39244360,3248,32,2,0,0,0,0,0,0,0,0,0,0,0,0,0
39253313,3249,32,2,0,0,0,0,0,0,0,0,0,0,0,0,0
39262266,3250,48,2,0,0,0,0,0,0,0,0,0,0,0,0,0
39272949,3251,32,2,0,0,0,0,0,0,0,0,0,0,0,0,0
39281901,3252,32,2,0,0,0,0,0,0,0,0,0,0,0,0,0
39290854,3253,32,2,0,0,0,0,0,0,0,0,0,0,0,0,0
39299807,3254,32,2,0,0,0,0,0,0,0,0,0,0,0,0,0
39308760,3255,48,2,0,0,0,0,0,0,0,0,0,0,0,0,0
39319442,3256,32,2,0,0,0,0,0,0,0,0,0,0,0,0,0
39328396,3257,32,2,0,0,0,0,0,0,0,0,0,0,0,0,0
39337348,3258,32,2,0,0,0,0,0,0,0,0,0,0,0,0,0
39346301,3259,32,2,0,0,0,0,0,0,0,0,0,0,0,0,0
39355254,3260,48,2,0,0,0,0,0,0,0,0,0,0,0,0,0
39365937,3261,32,2,0,0,0,0,0,0,0,0,0,0,0,0,0
39374889,3262,32,2,0,0,0,0,0,0,0,0,0,0,0,0,0
39383842,3263,32,2,0,0,0,0,0,0,0,0,0,0,0,0,0
39392795,3264,32,2,0,0,0,0,0,0,0,0,0,0,0,0,0
39401748,3265,48,2,0,0,0,0,0,0,0,0,0,0,0,0,0
39412431,3266,32,2,0,0,0,0,0,0,0,0,0,0,0,0,0
39421383,3267,32,2,0,0,0,0,0,0,0,0,0,0,0,0,0
39430337,3268,32,2,0,0,0,0,0,0,0,0,0,0,0,0,0
39439290,3269,32,2,0,0,0,0,0,0,0,0,0,0,0,0,0
39448242,3270,48,2,0,0,0,0,0,0,0,0,0,0,0,0,0
39458925,3271,32,2,0,0,0,0,0,0,0,0,0,0,0,0,0
39467877,3272,32,2,0,0,0,0,0,0,0,0,0,0,0,0,0
39476831,3273,32,2,0,0,0,0,0,0,0,0,0,0,0,0,0
39485783,3274,32,2,0,0,0,0,0,0,0,0,0,0,0,0,0
39494736,3275,48,2,0,0,0,0,0,0,0,0,0,0,0,0,0
39505418,3276,32,2,0,0,0,0,0,0,0,0,0,0,0,0,0
39514371,3277,32,2,0,0,0,0,0,0,0,0,0,0,0,0,0
39523324,3278,32,2,0,0,0,0,0,0,0,0,0,0,0,0,0
39532277,3279,32,2,0,0,0,0,0,0,0,0,0,0,0,0,0
39541230,3280,48,2,0,0,0,0,0,0,0,0,0,0,0,0,0
39551913,3281,32,2,0,0,0,0,0,0,0,0,0,0,0,0,0
39560865,3282,32,2,0,0,0,0,0,0,0,0,0,0,0,0,0
39569819,3283,32,2,0,0,0,0,0,0,0,0,0,0,0,0,0
39578771,3284,32,2,0,0,0,0,0,0,0,0,0,0,0,0,0
39587724,3285,48,2,0,0,0,0,0,0,0,0,0,0,0,0,0
39598406,3286,32,2,0,0,0,0,0,0,0,0,0,0,0,0,0
39607359,3287,32,2,0,0,0,0,0,0,0,0,0,0,0,0,0
39616312,3288,32,2,0,0,0,0,0,0,0,0,0,0,0,0,0
39625265,3289,32,2,0,0,0,0,0,0,0,0,0,0,0,0,0
39634219,3290,48,2,0,0,0,0,0,0,0,0,0,0,0,0,0
39644901,3291,32,2,0,0,0,0,0,0,0,0,0,0,0,0,0
39653853,3292,32,2,0,0,0,0,0,0,0,0,0,0,0,0,0
39662806,3293,32,2,0,0,0,0,0,0,0,0,0,0,0,0,0
39671759,3294,32,2,0,0,0,0,0,0,0,0,0,0,0,0,0
39680712,3295,48,2,0,0,0,0,0,0,0,0,0,0,0,0,0
39691394,3296,32,2,0,0,0,0,0,0,0,0,0,0,0,0,0
39700348,3297,32,2,0,0,0,0,0,0,0,0,0,0,0,0,0
39709300,3298,32,2,0,0,0,0,0,0,0,0,0,0,0,0,0
39718253,3299,32,2,0,0,0,0,0,0,0,0,0,0,0,0,0
39727206,3300,48,2,0,0,0,0,0,0,0,0,0,0,0,0,0
39737889,3301,32,2,0,0,0,0,0,0,0,0,0,0,0,0,0
39746841,3302,32,2,0,0,0,0,0,0,0,0,0,0,0,0,0
39755794,3303,32,2,0,0,0,0,0,0,0,0,0,0,0,0,0
39764747,3304,32,2,0,0,0,0,0,0,0,0,0,0,0,0,0
39773701,3305,48,2,0,0,0,0,0,0,0,0,0,0,0,0,0
39784382,3306,32,2,0,0,0,0,0,0,0,0,0,0,0,0,0
39793335,3307,32,2,0,0,0,0,0,0,0,0,0,0,0,0,0
39802288,3308,32,2,0,0,0,0,0,0,0,0,0,0,0,0,0
39811241,3309,32,2,0,0,0,0,0,0,0,0,0,0,0,0,0
39820194,3310,48,2,0,0,0,0,0,0,0,0,0,0,0,0,0
39830877,3311,32,2,0,0,0,0,0,0,0,0,0,0,0,0,0
39839829,3312,32,2,0,0,0,0,0,0,0,0,0,0,0,0,0
39848782,3313,32,2,0,0,0,0,0,0,0,0,0,0,0,0,0
39857735,3314,32,2,0,0,0,0,0,0,0,0,0,0,0,0,0
39866688,3315,48,2,0,0,0,0,0,0,0,0,0,0,0,0,0
39877370,3316,32,2,0,0,0,0,0,0,0,0,0,0,0,0,0
39886323,3317,32,2,0,0,0,0,0,0,0,0,0,0,0,0,0
39895276,3318,32,2,0,0,0,0,0,0,0,0,0,0,0,0,0
39904229,3319,32,2,0,0,0,0,0,0,0,0,0,0,0,0,0
39913182,3320,48,2,0,0,0,0,0,0,0,0,0,0,0,0,0
39923865,3321,32,2,0,0,0,0,0,0,0,0,0,0,0,0,0
39932817,3322,32,2,0,0,0,0,0,0,0,0,0,0,0,0,0
39941770,3323,32,2,0,0,0,0,0,0,0,0,0,0,0,0,0
39950723,3324,32,2,0,0,0,0,0,0,0,0,0,0,0,0,0
39959676,3325,48,2,0,0,0,0,0,0,0,0,0,0,0,0,0
39970358,3326,32,2,0,0,0,0,0,0,0,0,0,0,0,0,0
39979312,3327,32,2,0,0,0,0,0,0,0,0,0,0,0,0,0
39988264,3328,32,2,0,0,0,0,0,0,0,0,0,0,0,0,0
39997217,3329,32,2,0,0,0,0,0,0,0,0,0,0,0,0,0
40006170,3330,48,2,0,0,0,0,0,0,0,0,0,0,0,0,0
40016853,3331,32,2,0,0,0,0,0,0,0,0,0,0,0,0,0
40025805,3332,32,2,0,0,0,0,0,0,0,0,0,0,0,0,0
40034758,3333,32,2,0,0,0,0,0,0,0,0,0,0,0,0,0
40043711,3334,32,2,0,0,0,0,0,0,0,0,0,0,0,0,0
40052664,3335,48,2,0,0,0,0,0,0,0,0,0,0,0,0,0
40063346,3336,32,2,0,0,0,0,0,0,0,0,0,0,0,0,0
40072299,3337,32,2,0,0,0,0,0,0,0,0,0,0,0,0,0
40081252,3338,32,2,0,0,0,0,0,0,0,0,0,0,0,0,0
40090205,3339,32,2,0,0,0,0,0,0,0,0,0,0,0,0,0
40099158,3340,48,2,0,0,0,0,0,0,0,0,0,0,0,0,0
40109841,3341,32,2,0,0,0,0,0,0,0,0,0,0,0,0,0
40118793,3342,32,2,0,0,0,0,0,0,0,0,0,0,0,0,0
40127746,3343,32,2,0,0,0,0,0,0,0,0,0,0,0,0,0
40136699,3344,32,2,0,0,0,0,0,0,0,0,0,0,0,0,0
40145652,3345,48,2,0,0,0,0,0,0,0,0,0,0,0,0,0
40156335,3346,32,2,0,0,0,0,0,0,0,0,0,0,0,0,0
40165287,3347,32,2,0,0,0,0,0,0,0,0,0,0,0,0,0
40174240,3348,32,2,0,0,0,0,0,0,0,0,0,0,0,0,0
40183193,3349,32,2,0,0,0,0,0,0,0,0,0,0,0,0,0
40192146,3350,48,2,0,0,0,0,0,0,0,0,0,0,0,0,0
40202829,3351,32,2,0,0,0,0,0,0,0,0,0,0,0,0,0
40211781,3352,32,2,0,0,0,0,0,0,0,0,0,0,0,0,0
40220734,3353,32,2,0,0,0,0,0,0,0,0,0,0,0,0,0
40229687,3354,32,2,0,0,0,0,0,0,0,0,0,0,0,0,0
40238641,3355,48,2,0,0,0,0,0,0,0,0,0,0,0,0,0
40249322,3356,32,2,0,0,0,0,0,0,0,0,0,0,0,0,0
40258275,3357,32,2,0,0,0,0,0,0,0,0,0,0,0,0,0
40267228,3358,32,2,0,0,0,0,0,0,0,0,0,0,0,0,0
40276181,3359,32,2,0,0,0,0,0,0,0,0,0,0,0,0,0
40285134,3360,48,2,0,0,0,0,0,0,0,0,0,0,0,0,0
40295817,3361,32,2,0,0,0,0,0,0,0,0,0,0,0,0,0
40304769,3362,32,2,0,0,0,0,0,0,0,0,0,0,0,0,0
40313722,3363,32,2,0,0,0,0,0,0,0,0,0,0,0,0,0
40322675,3364,32,2,0,0,0,0,0,0,0,0,0,0,0,0,0
40331628,3365,48,2,0,0,0,0,0,0,0,0,0,0,0,0,0
40342310,3366,32,2,0,0,0,0,0,0,0,0,0,0,0,0,0
40351263,3367,32,2,0,0,0,0,0,0,0,0,0,0,0,0,0
40360216,3368,32,2,0,0,0,0,0,0,0,0,0,0,0,0,0
40369169,3369,32,2,0,0,0,0,0,0,0,0,0,0,0,0,0
40378122,3370,48,2,0,0,0,0,0,0,0,0,0,0,0,0,0
40388805,3371,32,2,0,0,0,0,0,0,0,0,0,0,0,0,0
40397757,3372,32,2,0,0,0,0,0,0,0,0,0,0,0,0,0
40406710,3373,32,2,0,0,0,0,0,0,0,0,0,0,0,0,0
40415663,3374,32,2,0,0,0,0,0,0,0,0,0,0,0,0,0
40424616,3375,48,2,0,0,0,0,0,0,0,0,0,0,0,0,0
40435298,3376,32,2,0,0,0,0,0,0,0,0,0,0,0,0,0
40444251,3377,32,2,0,0,0,0,0,0,0,0,0,0,0,0,0
40453204,3378,32,2,0,0,0,0,0,0,0,0,0,0,0,0,0
40462157,3379,32,2,0,0,0,0,0,0,0,0,0,0,0,0,0
40471110,3380,48,2,0,0,0,0,0,0,0,0,0,0,0,0,0
40481793,3381,32,2,0,0,0,0,0,0,0,0,0,0,0,0,0
40490745,3382,32,2,0,0,0,0,0,0,0,0,0,0,0,0,0
40499698,3383,32,2,0,0,0,0,0,0,0,0,0,0,0,0,0
40508651,3384,32,2,0,0,0,0,0,0,0,0,0,0,0,0,0
40517604,3385,48,2,0,0,0,0,0,0,0,0,0,0,0,0,0
40528286,3386,32,2,0,0,0,0,0,0,0,0,0,0,0,0,0
40537239,3387,32,2,0,0,0,0,0,0,0,0,0,0,0,0,0
40546192,3388,32,2,0,0,0,0,0,0,0,0,0,0,0,0,0
40555146,3389,32,2,0,0,0,0,0,0,0,0,0,0,0,0,0
40564098,3390,48,2,0,0,0,0,0,0,0,0,0,0,0,0,0
40574781,3391,32,2,0,0,0,0,0,0,0,0,0,0,0,0,0
40583733,3392,32,2,0,0,0,0,0,0,0,0,0,0,0,0,0
40592686,3393,32,2,0,0,0,0,0,0,0,0,0,0,0,0,0
40601639,3394,32,2,0,0,0,0,0,0,0,0,0,0,0,0,0
40610593,3395,48,2,0,0,0,0,0,0,0,0,0,0,0,0,0
40621274,3396,32,2,0,0,0,0,0,0,0,0,0,0,0,0,0
40630227,3397,32,2,0,0,0,0,0,0,0,0,0,0,0,0,0
40639180,3398,32,2,0,0,0,0,0,0,0,0,0,0,0,0,0
40648133,3399,32,2,0,0,0,0,0,0,0,0,0,0,0,0,0
40657086,3400,48,2,0,0,0,0,0,0,0,0,0,0,0,0,0
40674129,3401,32,2,0,0,0,0,0,0,0,0,0,0,0,0,0
40683070,3402,32,2,0,0,0,0,0,0,0,0,0,0,0,0,0
40692023,3403,32,2,0,0,0,0,0,0,0,0,0,0,0,0,0
40700976,3404,32,2,0,0,0,0,0,0,0,0,0,0,0,0,0
40709929,3405,48,2,0,0,0,0,0,0,0,0,0,0,0,0,0
40720611,3406,32,2,0,0,0,0,0,0,0,0,0,0,0,0,0
40729564,3407,32,2,0,0,0,0,0,0,0,0,0,0,0,0,0
40738518,3408,32,2,0,0,0,0,0,0,0,0,0,0,0,0,0
40747470,3409,32,2,0,0,0,0,0,0,0,0,0,0,0,0,0
40756423,3410,48,2,0,0,0,0,0,0,0,0,0,0,0,0,0
40767106,3411,32,2,0,0,0,0,0,0,0,0,0,0,0,0,0
40776058,3412,32,2,0,0,0,0,0,0,0,0,0,0,0,0,0
40785011,3413,32,2,0,0,0,0,0,0,0,0,0,0,0,0,0
40793964,3414,32,2,0,0,0,0,0,0,0,0,0,0,0,0,0
40802918,3415,48,2,0,0,0,0,0,0,0,0,0,0,0,0,0
40813599,3416,32,2,0,0,0,0,0,0,0,0,0,0,0,0,0
40822552,3417,32,2,0,0,0,0,0,0,0,0,0,0,0,0,0
40831505,3418,32,2,0,0,0,0,0,0,0,0,0,0,0,0,0
40840458,3419,32,2,0,0,0,0,0,0,0,0,0,0,0,0,0
40849411,3420,48,2,0,0,0,0,0,0,0,0,0,0,0,0,0
40860094,3421,32,2,0,0,0,0,0,0,0,0,0,0,0,0,0
40869046,3422,32,2,0,0,0,0,0,0,0,0,0,0,0,0,0
40877999,3423,32,2,0,0,0,0,0,0,0,0,0,0,0,0,0
40886952,3424,32,2,0,0,0,0,0,0,0,0,0,0,0,0,0
40895905,3425,48,2,0,0,0,0,0,0,0,0,0,0,0,0,0
40906587,3426,32,2,0,0,0,0,0,0,0,0,0,0,0,0,0
40915540,3427,32,2,0,0,0,0,0,0,0,0,0,0,0,0,0
40924493,3428,32,2,0,0,0,0,0,0,0,0,0,0,0,0,0
40933446,3429,32,2,0,0,0,0,0,0,0,0,0,0,0,0,0
40942399,3430,48,2,0,0,0,0,0,0,0,0,0,0,0,0,0
40953082,3431,32,2,0,0,0,0,0,0,0,0,0,0,0,0,0
40962034,3432,32,2,0,0,0,0,0,0,0,0,0,0,0,0,0
40970987,3433,32,2,0,0,0,0,0,0,0,0,0,0,0,0,0
40979941,3434,32,2,0,0,0,0,0,0,0,0,0,0,0,0,0
40988893,3435,48,2,0,0,0,0,0,0,0,0,0,0,0,0,0
40999575,3436,32,2,0,0,0,0,0,0,0,0,0,0,0,0,0
41008528,3437,32,2,0,0,0,0,0,0,0,0,0,0,0,0,0
41017481,3438,32,2,0,0,0,0,0,0,0,0,0,0,0,0,0
41026434,3439,32,2,0,0,0,0,0,0,0,0,0,0,0,0,0
41035387,3440,48,2,0,0,0,0,0,0,0,0,0,0,0,0,0
41046070,3441,32,2,0,0,0,0,0,0,0,0,0,0,0,0,0
41055022,3442,32,2,0,0,0,0,0,0,0,0,0,0,0,0,0
41063975,3443,32,2,0,0,0,0,0,0,0,0,0,0,0,0,0
41072928,3444,32,2,0,0,0,0,0,0,0,0,0,0,0,0,0
41081881,3445,48,2,0,0,0,0,0,0,0,0,0,0,0,0,0
41092563,3446,32,2,0,0,0,0,0,0,0,0,0,0,0,0,0
41101516,3447,32,2,0,0,0,0,0,0,0,0,0,0,0,0,0
41110469,3448,32,2,0,0,0,0,0,0,0,0,0,0,0,0,0
41119422,3449,32,2,0,0,0,0,0,0,0,0,0,0,0,0,0
41128375,3450,48,2,0,0,0,0,0,0,0,0,0,0,0,0,0
41139058,3451,32,2,0,0,0,0,0,0,0,0,0,0,0,0,0
41148011,3452,32,2,0,0,0,0,0,0,0,0,0,0,0,0,0
41156963,3453,32,2,0,0,0,0,0,0,0,0,0,0,0,0,0
41165917,3454,32,2,0,0,0,0,0,0,0,0,0,0,0,0,0
41174869,3455,48,2,0,0,0,0,0,0,0,0,0,0,0,0,0
41185551,3456,32,2,0,0,0,0,0,0,0,0,0,0,0,0,0
41194504,3457,32,2,0,0,0,0,0,0,0,0,0,0,0,0,0
41203458,3458,32,2,0,0,0,0,0,0,0,0,0,0,0,0,0
41212410,3459,32,2,0,0,0,0,0,0,0,0,0,0,0,0,0
41221363,3460,48,2,0,0,0,0,0,0,0,0,0,0,0,0,0
41232046,3461,32,2,0,0,0,0,0,0,0,0,0,0,0,0,0
41240998,3462,32,2,0,0,0,0,0,0,0,0,0,0,0,0,0
41249951,3463,32,2,0,0,0,0,0,0,0,0,0,0,0,0,0
41258904,3464,32,2,0,0,0,0,0,0,0,0,0,0,0,0,0
41267857,3465,48,2,0,0,0,0,0,0,0,0,0,0,0,0,0
41278539,3466,32,2,0,0,0,0,0,0,0,0,0,0,0,0,0
41287492,3467,32,2,0,0,0,0,0,0,0,0,0,0,0,0,0
41296446,3468,32,2,0,0,0,0,0,0,0,0,0,0,0,0,0
41305399,3469,32,2,0,0,0,0,0,0,0,0,0,0,0,0,0
41314351,3470,48,2,0,0,0,0,0,0,0,0,0,0,0,0,0
41325034,3471,32,2,0,0,0,0,0,0,0,0,0,0,0,0,0
41333986,3472,32,2,0,0,0,0,0,0,0,0,0,0,0,0,0
41342939,3473,32,2,0,0,0,0,0,0,0,0,0,0,0,0,0
41351892,3474,32,2,0,0,0,0,0,0,0,0,0,0,0,0,0
41360845,3475,48,2,0,0,0,0,0,0,0,0,0,0,0,0,0
41371527,3476,32,2,0,0,0,0,0,0,0,0,0,0,0,0,0
41380481,3477,32,2,0,0,0,0,0,0,0,0,0,0,0,0,0
41389433,3478,32,2,0,0,0,0,0,0,0,0,0,0,0,0,0
41398386,3479,32,2,0,0,0,0,0,0,0,0,0,0,0,0,0
41407339,3480,48,2,0,0,0,0,0,0,0,0,0,0,0,0,0
41418022,3481,32,2,0,0,0,0,0,0,0,0,0,0,0,0,0
41426974,3482,32,2,0,0,0,0,0,0,0,0,0,0,0,0,0
41435928,3483,32,2,0,0,0,0,0,0,0,0,0,0,0,0,0
41444880,3484,32,2,0,0,0,0,0,0,0,0,0,0,0,0,0
41453833,3485,48,2,0,0,0,0,0,0,0,0,0,0,0,0,0
41464515,3486,32,2,0,0,0,0,0,0,0,0,0,0,0,0,0
41473468,3487,32,2,0,0,0,0,0,0,0,0,0,0,0,0,0
41482421,3488,32,2,0,0,0,0,0,0,0,0,0,0,0,0,0
41491374,3489,32,2,0,0,0,0,0,0,0,0,0,0,0,0,0
41500328,3490,48,2,0,0,0,0,0,0,0,0,0,0,0,0,0
41511010,3491,32,2,0,0,0,0,0,0,0,0,0,0,0,0,0
41519962,3492,32,2,0,0,0,0,0,0,0,0,0,0,0,0,0
41528915,3493,32,2,0,0,0,0,0,0,0,0,0,0,0,0,0
41537868,3494,32,2,0,0,0,0,0,0,0,0,0,0,0,0,0
41546821,3495,48,2,0,0,0,0,0,0,0,0,0,0,0,0,0
41557503,3496,32,2,0,0,0,0,0,0,0,0,0,0,0,0,0
41566456,3497,32,2,0,0,0,0,0,0,0,0,0,0,0,0,0
41575409,3498,32,2,0,0,0,0,0,0,0,0,0,0,0,0,0
41584362,3499,32,2,0,0,0,0,0,0,0,0,0,0,0,0,0
41593315,3500,48,2,0,0,0,0,0,0,0,0,0,0,0,0,0
41603998,3501,32,2,0,0,0,0,0,0,0,0,0,0,0,0,0
41612950,3502,32,2,0,0,0,0,0,0,0,0,0,0,0,0,0
41621903,3503,32,2,0,0,0,0,0,0,0,0,0,0,0,0,0
41630856,3504,32,2,0,0,0,0,0,0,0,0,0,0,0,0,0
41639809,3505,48,2,0,0,0,0,0,0,0,0,0,0,0,0,0
41650491,3506,32,2,0,0,0,0,0,0,0,0,0,0,0,0,0
41659445,3507,32,2,0,0,0,0,0,0,0,0,0,0,0,0,0
41668398,3508,32,2,0,0,0,0,0,0,0,0,0,0,0,0,0
41677350,3509,32,2,0,0,0,0,0,0,0,0,0,0,0,0,0
41686303,3510,48,2,0,0,0,0,0,0,0,0,0,0,0,0,0
41696986,3511,32,2,0,0,0,0,0,0,0,0,0,0,0,0,0
41705938,3512,32,2,0,0,0,0,0,0,0,0,0,0,0,0,0
41714891,3513,32,2,0,0,0,0,0,0,0,0,0,0,0,0,0
41723844,3514,32,2,0,0,0,0,0,0,0,0,0,0,0,0,0
41732798,3515,48,2,0,0,0,0,0,0,0,0,0,0,0,0,0
41743480,3516,32,2,0,0,0,0,0,0,0,0,0,0,0,0,0
41752432,3517,32,2,0,0,0,0,0,0,0,0,0,0,0,0,0
41761385,3518,32,2,0,0,0,0,0,0,0,0,0,0,0,0,0
41770338,3519,32,2,0,0,0,0,0,0,0,0,0,0,0,0,0
41779291,3520,48,2,0,0,0,0,0,0,0,0,0,0,0,0,0
41789974,3521,32,2,0,0,0,0,0,0,0,0,0,0,0,0,0
41798926,3522,32,2,0,0,0,0,0,0,0,0,0,0,0,0,0
41807879,3523,32,2,0,0,0,0,0,0,0,0,0,0,0,0,0
41816832,3524,32,2,0,0,0,0,0,0,0,0,0,0,0,0,0
41825786,3525,48,2,0,0,0,0,0,0,0,0,0,0,0,0,0
41836468,3526,32,2,0,0,0,0,0,0,0,0,0,0,0,0,0
41845420,3527,32,2,0,0,0,0,0,0,0,0,0,0,0,0,0
41854374,3528,32,2,0,0,0,0,0,0,0,0,0,0,0,0,0
41863326,3529,32,2,0,0,0,0,0,0,0,0,0,0,0,0,0
41872279,3530,48,2,0,0,0,0,0,0,0,0,0,0,0,0,0
41882962,3531,32,2,0,0,0,0,0,0,0,0,0,0,0,0,0
41891914,3532,32,2,0,0,0,0,0,0,0,0,0,0,0,0,0
41900867,3533,32,2,0,0,0,0,0,0,0,0,0,0,0,0,0
41909820,3534,32,2,0,0,0,0,0,0,0,0,0,0,0,0,0
41918773,3535,48,2,0,0,0,0,0,0,0,0,0,0,0,0,0
41929455,3536,32,2,0,0,0,0,0,0,0,0,0,0,0,0,0
41938408,3537,32,2,0,0,0,0,0,0,0,0,0,0,0,0,0
41947361,3538,32,2,0,0,0,0,0,0,0,0,0,0,0,0,0
41956314,3539,32,2,0,0,0,0,0,0,0,0,0,0,0,0,0
41965267,3540,48,2,0,0,0,0,0,0,0,0,0,0,0,0,0
41975950,3541,32,2,0,0,0,0,0,0,0,0,0,0,0,0,0
41984902,3542,32,2,0,0,0,0,0,0,0,0,0,0,0,0,0
41993855,3543,32,2,0,0,0,0,0,0,0,0,0,0,0,0,0
42002808,3544,32,2,0,0,0,0,0,0,0,0,0,0,0,0,0
42011761,3545,48,2,0,0,0,0,0,0,0,0,0,0,0,0,0
42022444,3546,32,2,0,0,0,0,0,0,0,0,0,0,0,0,0
42031396,3547,32,2,0,0,0,0,0,0,0,0,0,0,0,0,0
42040349,3548,32,2,0,0,0,0,0,0,0,0,0,0,0,0,0
42049303,3549,32,2,0,0,0,0,0,0,0,0,0,0,0,0,0
42058255,3550,48,2,0,0,0,0,0,0,0,0,0,0,0,0,0
42068938,3551,32,2,0,0,0,0,0,0,0,0,0,0,0,0,0
42077890,3552,32,2,0,0,0,0,0,0,0,0,0,0,0,0,0
42086843,3553,32,2,0,0,0,0,0,0,0,0,0,0,0,0,0
42095796,3554,32,2,0,0,0,0,0,0,0,0,0,0,0,0,0
42104750,3555,48,2,0,0,0,0,0,0,0,0,0,0,0,0,0
42115431,3556,32,2,0,0,0,0,0,0,0,0,0,0,0,0,0
42124384,3557,32,2,0,0,0,0,0,0,0,0,0,0,0,0,0
42133337,3558,32,2,0,0,0,0,0,0,0,0,0,0,0,0,0
42142290,3559,32,2,0,0,0,0,0,0,0,0,0,0,0,0,0
42151243,3560,48,2,0,0,0,0,0,0,0,0,0,0,0,0,0
42161926,3561,32,2,0,0,0,0,0,0,0,0,0,0,0,0,0
42170878,3562,32,2,0,0,0,0,0,0,0,0,0,0,0,0,0
42179831,3563,32,2,0,0,0,0,0,0,0,0,0,0,0,0,0
42188784,3564,32,2,0,0,0,0,0,0,0,0,0,0,0,0,0
42197738,3565,48,2,0,0,0,0,0,0,0,0,0,0,0,0,0
42208419,3566,32,2,0,0,0,0,0,0,0,0,0,0,0,0,0
42217372,3567,32,2,0,0,0,0,0,0,0,0,0,0,0,0,0
42226325,3568,32,2,0,0,0,0,0,0,0,0,0,0,0,0,0
42235278,3569,32,2,0,0,0,0,0,0,0,0,0,0,0,0,0
42244231,3570,48,2,0,0,0,0,0,0,0,0,0,0,0,0,0
42258932,3571,32,2,0,0,0,0,0,0,0,0,0,0,0,0,0
42267872,3572,32,2,0,0,0,0,0,0,0,0,0,0,0,0,0
42276826,3573,32,2,0,0,0,0,0,0,0,0,0,0,0,0,0
42285778,3574,32,2,0,0,0,0,0,0,0,0,0,0,0,0,0
42294732,3575,48,2,0,0,0,0,0,0,0,0,0,0,0,0,0
42305413,3576,32,2,0,0,0,0,0,0,0,0,0,0,0,0,0
42314367,3577,32,2,0,0,0,0,0,0,0,0,0,0,0,0,0
42323320,3578,32,2,0,0,0,0,0,0,0,0,0,0,0,0,0
42332272,3579,32,2,0,0,0,0,0,0,0,0,0,0,0,0,0
42341225,3580,48,2,0,0,0,0,0,0,0,0,0,0,0,0,0
42351908,3581,32,2,0,0,0,0,0,0,0,0,0,0,0,0,0
42360860,3582,32,2,0,0,0,0,0,0,0,0,0,0,0,0,0
42369813,3583,32,2,0,0,0,0,0,0,0,0,0,0,0,0,0
42378766,3584,32,2,0,0,0,0,0,0,0,0,0,0,0,0,0
42387720,3585,48,2,0,0,0,0,0,0,0,0,0,0,0,0,0
42398401,3586,32,2,0,0,0,0,0,0,0,0,0,0,0,0,0
42407354,3587,32,2,0,0,0,0,0,0,0,0,0,0,0,0,0
42416307,3588,32,2,0,0,0,0,0,0,0,0,0,0,0,0,0
42425260,3589,32,2,0,0,0,0,0,0,0,0,0,0,0,0,0
42434213,3590,48,2,0,0,0,0,0,0,0,0,0,0,0,0,0
42444896,3591,32,2,0,0,0,0,0,0,0,0,0,0,0,0,0
42453848,3592,32,2,0,0,0,0,0,0,0,0,0,0,0,0,0
42462801,3593,32,2,0,0,0,0,0,0,0,0,0,0,0,0,0
42471754,3594,32,2,0,0,0,0,0,0,0,0,0,0,0,0,0
42480707,3595,48,2,0,0,0,0,0,0,0,0,0,0,0,0,0
42491389,3596,32,2,0,0,0,0,0,0,0,0,0,0,0,0,0
42500342,3597,32,2,0,0,0,0,0,0,0,0,0,0,0,0,0
42509295,3598,32,2,0,0,0,0,0,0,0,0,0,0,0,0,0
42518248,3599,32,2,0,0,0,0,0,0,0,0,0,0,0,0,0
42527201,3600,48,2,0,0,0,0,0,0,0,0,0,0,0,0,0
42537884,3601,32,2,0,0,0,0,0,0,0,0,0,0,0,0,0
42546836,3602,32,2,0,0,0,0,0,0,0,0,0,0,0,0,0
42555789,3603,32,2,0,0,0,0,0,0,0,0,0,0,0,0,0
42564743,3604,32,2,0,0,0,0,0,0,0,0,0,0,0,0,0
42573695,3605,48,2,0,0,0,0,0,0,0,0,0,0,0,0,0
42584377,3606,32,2,0,0,0,0,0,0,0,0,0,0,0,0,0
42593330,3607,32,2,0,0,0,0,0,0,0,0,0,0,0,0,0
42602283,3608,32,2,0,0,0,0,0,0,0,0,0,0,0,0,0
42611236,3609,32,2,0,0,0,0,0,0,0,0,0,0,0,0,0
42620189,3610,48,2,0,0,0,0,0,0,0,0,0,0,0,0,0
42630872,3611,32,2,0,0,0,0,0,0,0,0,0,0,0,0,0
42639824,3612,32,2,0,0,0,0,0,0,0,0,0,0,0,0,0
42648777,3613,32,2,0,0,0,0,0,0,0,0,0,0,0,0,0
42657730,3614,32,2,0,0,0,0,0,0,0,0,0,0,0,0,0
42666683,3615,48,2,0,0,0,0,0,0,0,0,0,0,0,0,0
42677365,3616,32,2,0,0,0,0,0,0,0,0,0,0,0,0,0
42686318,3617,32,2,0,0,0,0,0,0,0,0,0,0,0,0,0
42695272,3618,32,2,0,0,0,0,0,0,0,0,0,0,0,0,0
42704224,3619,32,2,0,0,0,0,0,0,0,0,0,0,0,0,0
42713177,3620,48,2,0,0,0,0,0,0,0,0,0,0,0,0,0
42723860,3621,32,2,0,0,0,0,0,0,0,0,0,0,0,0,0
42732812,3622,32,2,0,0,0,0,0,0,0,0,0,0,0,0,0
42741765,3623,32,2,0,0,0,0,0,0,0,0,0,0,0,0,0
42750718,3624,32,2,0,0,0,0,0,0,0,0,0,0,0,0,0
42759671,3625,48,2,0,0,0,0,0,0,0,0,0,0,0,0,0
42770353,3626,32,2,0,0,0,0,0,0,0,0,0,0,0,0,0
42779306,3627,32,2,0,0,0,0,0,0,0,0,0,0,0,0,0
42788259,3628,32,2,0,0,0,0,0,0,0,0,0,0,0,0,0
42797212,3629,32,2,0,0,0,0,0,0,0,0,0,0,0,0,0
42806165,3630,48,2,0,0,0,0,0,0,0,0,0,0,0,0,0
42816848,3631,32,2,0,0,0,0,0,0,0,0,0,0,0,0,0
42825800,3632,32,2,0,0,0,0,0,0,0,0,0,0,0,0,0
42834753,3633,32,2,0,0,0,0,0,0,0,0,0,0,0,0,0
42843706,3634,32,2,0,0,0,0,0,0,0,0,0,0,0,0,0
42852659,3635,48,2,0,0,0,0,0,0,0,0,0,0,0,0,0
42863341,3636,32,2,0,0,0,0,0,0,0,0,0,0,0,0,0
42872294,3637,32,2,0,0,0,0,0,0,0,0,0,0,0,0,0
42881247,3638,32,2,0,0,0,0,0,0,0,0,0,0,0,0,0
42890200,3639,32,2,0,0,0,0,0,0,0,0,0,0,0,0,0
42899153,3640,48,2,0,0,0,0,0,0,0,0,0,0,0,0,0
42909836,3641,32,2,0,0,0,0,0,0,0,0,0,0,0,0,0
42918788,3642,32,2,0,0,0,0,0,0,0,0,0,0,0,0,0
42927741,3643,32,2,0,0,0,0,0,0,0,0,0,0,0,0,0
42936694,3644,32,2,0,0,0,0,0,0,0,0,0,0,0,0,0
42945647,3645,48,2,0,0,0,0,0,0,0,0,0,0,0,0,0
42956330,3646,32,2,0,0,0,0,0,0,0,0,0,0,0,0,0
42965282,3647,32,2,0,0,0,0,0,0,0,0,0,0,0,0,0
42974235,3648,32,2,0,0,0,0,0,0,0,0,0,0,0,0,0
42983188,3649,32,2,0,0,0,0,0,0,0,0,0,0,0,0,0
42992141,3650,48,2,0,0,0,0,0,0,0,0,0,0,0,0,0
43002824,3651,32,2,0,0,0,0,0,0,0,0,0,0,0,0,0
43011776,3652,32,2,0,0,0,0,0,0,0,0,0,0,0,0,0
43020729,3653,32,2,0,0,0,0,0,0,0,0,0,0,0,0,0
43029682,3654,32,2,0,0,0,0,0,0,0,0,0,0,0,0,0
43038635,3655,48,2,0,0,0,0,0,0,0,0,0,0,0,0,0
43049317,3656,32,2,0,0,0,0,0,0,0,0,0,0,0,0,0
43058270,3657,32,2,0,0,0,0,0,0,0,0,0,0,0,0,0
43067223,3658,32,2,0,0,0,0,0,0,0,0,0,0,0,0,0
43076176,3659,32,2,0,0,0,0,0,0,0,0,0,0,0,0,0
43085129,3660,48,2,0,0,0,0,0,0,0,0,0,0,0,0,0
43095812,3661,32,2,0,0,0,0,0,0,0,0,0,0,0,0,0
43104764,3662,32,2,0,0,0,0,0,0,0,0,0,0,0,0,0
43113717,3663,32,2,0,0,0,0,0,0,0,0,0,0,0,0,0
43122670,3664,32,2,0,0,0,0,0,0,0,0,0,0,0,0,0
43131623,3665,48,2,0,0,0,0,0,0,0,0,0,0,0,0,0
43142305,3666,32,2,0,0,0,0,0,0,0,0,0,0,0,0,0
43151258,3667,32,2,0,0,0,0,0,0,0,0,0,0,0,0,0
43160211,3668,32,2,0,0,0,0,0,0,0,0,0,0,0,0,0
43169165,3669,32,2,0,0,0,0,0,0,0,0,0,0,0,0,0
43178117,3670,48,2,0,0,0,0,0,0,0,0,0,0,0,0,0
43188800,3671,32,2,0,0,0,0,0,0,0,0,0,0,0,0,0
43197752,3672,32,2,0,0,0,0,0,0,0,0,0,0,0,0,0
43206705,3673,32,2,0,0,0,0,0,0,0,0,0,0,0,0,0
43215658,3674,32,2,0,0,0,0,0,0,0,0,0,0,0,0,0
43224611,3675,48,2,0,0,0,0,0,0,0,0,0,0,0,0,0
43235294,3676,32,2,0,0,0,0,0,0,0,0,0,0,0,0,0
43244246,3677,32,2,0,0,0,0,0,0,0,0,0,0,0,0,0
43253199,3678,32,2,0,0,0,0,0,0,0,0,0,0,0,0,0
43262152,3679,32,2,0,0,0,0,0,0,0,0,0,0,0,0,0
43271105,3680,48,2,0,0,0,0,0,0,0,0,0,0,0,0,0
43281788,3681,32,2,0,0,0,0,0,0,0,0,0,0,0,0,0
43290740,3682,32,2,0,0,0,0,0,0,0,0,0,0,0,0,0
43299693,3683,32,2,0,0,0,0,0,0,0,0,0,0,0,0,0
43308646,3684,32,2,0,0,0,0,0,0,0,0,0,0,0,0,0
43317599,3685,48,2,0,0,0,0,0,0,0,0,0,0,0,0,0
43328281,3686,32,2,0,0,0,0,0,0,0,0,0,0,0,0,0
43337234,3687,32,2,0,0,0,0,0,0,0,0,0,0,0,0,0
43346187,3688,32,2,0,0,0,0,0,0,0,0,0,0,0,0,0
43355140,3689,32,2,0,0,0,0,0,0,0,0,0,0,0,0,0
43364093,3690,48,2,0,0,0,0,0,0,0,0,0,0,0,0,0
43374776,3691,32,2,0,0,0,0,0,0,0,0,0,0,0,0,0
43383728,3692,32,2,0,0,0,0,0,0,0,0,0,0,0,0,0
43392681,3693,32,2,0,0,0,0,0,0,0,0,0,0,0,0,0
43401635,3694,32,2,0,0,0,0,0,0,0,0,0,0,0,0,0
43410587,3695,48,2,0,0,0,0,0,0,0,0,0,0,0,0,0
43421269,3696,32,2,0,0,0,0,0,0,0,0,0,0,0,0,0
43430222,3697,32,2,0,0,0,0,0,0,0,0,0,0,0,0,0
43439175,3698,32,2,0,0,0,0,0,0,0,0,0,0,0,0,0
43448128,3699,32,2,0,0,0,0,0,0,0,0,0,0,0,0,0
43457081,3700,48,2,0,0,0,0,0,0,0,0,0,0,0,0,0
43467764,3701,32,2,0,0,0,0,0,0,0,0,0,0,0,0,0
43476716,3702,32,2,0,0,0,0,0,0,0,0,0,0,0,0,0
43485669,3703,32,2,0,0,0,0,0,0,0,0,0,0,0,0,0
43494622,3704,32,2,0,0,0,0,0,0,0,0,0,0,0,0,0
43503575,3705,48,2,0,0,0,0,0,0,0,0,0,0,0,0,0
43514257,3706,32,2,0,0,0,0,0,0,0,0,0,0,0,0,0
43523210,3707,32,2,0,0,0,0,0,0,0,0,0,0,0,0,0
43532164,3708,32,2,0,0,0,0,0,0,0,0,0,0,0,0,0
43541116,3709,32,2,0,0,0,0,0,0,0,0,0,0,0,0,0
43550069,3710,48,2,0,0,0,0,0,0,0,0,0,0,0,0,0
43560752,3711,32,2,0,0,0,0,0,0,0,0,0,0,0,0,0
43569704,3712,32,2,0,0,0,0,0,0,0,0,0,0,0,0,0
43578657,3713,32,2,0,0,0,0,0,0,0,0,0,0,0,0,0
43587610,3714,32,2,0,0,0,0,0,0,0,0,0,0,0,0,0
43596563,3715,48,2,0,0,0,0,0,0,0,0,0,0,0,0,0
43607245,3716,32,2,0,0,0,0,0,0,0,0,0,0,0,0,0
43616198,3717,32,2,0,0,0,0,0,0,0,0,0,0,0,0,0
43625151,3718,32,2,0,0,0,0,0,0,0,0,0,0,0,0,0
43634104,3719,32,2,0,0,0,0,0,0,0,0,0,0,0,0,0
43643057,3720,48,2,0,0,0,0,0,0,0,0,0,0,0,0,0
43653740,3721,32,2,0,0,0,0,0,0,0,0,0,0,0,0,0
43662692,3722,32,2,0,0,0,0,0,0,0,0,0,0,0,0,0
43671645,3723,32,2,0,0,0,0,0,0,0,0,0,0,0,0,0
43680598,3724,32,2,0,0,0,0,0,0,0,0,0,0,0,0,0
43689551,3725,48,2,0,0,0,0,0,0,0,0,0,0,0,0,0
43700233,3726,32,2,0,0,0,0,0,0,0,0,0,0,0,0,0
43709186,3727,32,2,0,0,0,0,0,0,0,0,0,0,0,0,0
43718139,3728,32,2,0,0,0,0,0,0,0,0,0,0,0,0,0
43727092,3729,32,2,0,0,0,0,0,0,0,0,0,0,0,0,0
43736045,3730,48,2,0,0,0,0,0,0,0,0,0,0,0,0,0
43746728,3731,32,2,0,0,0,0,0,0,0,0,0,0,0,0,0
43755680,3732,32,2,0,0,0,0,0,0,0,0,0,0,0,0,0
43764633,3733,32,2,0,0,0,0,0,0,0,0,0,0,0,0,0
43773586,3734,32,2,0,0,0,0,0,0,0,0,0,0,0,0,0
43782539,3735,48,2,0,0,0,0,0,0,0,0,0,0,0,0,0
43793221,3736,32,2,0,0,0,0,0,0,0,0,0,0,0,0,0
43802175,3737,32,2,0,0,0,0,0,0,0,0,0,0,0,0,0
43811127,3738,32,2,0,0,0,0,0,0,0,0,0,0,0,0,0
43820080,3739,32,2,0,0,0,0,0,0,0,0,0,0,0,0,0
43829033,3740,48,2,0,0,0,0,0,0,0,0,0,0,0,0,0
43845816,3741,32,2,0,0,0,0,0,0,0,0,0,0,0,0,0
43854756,3742,32,2,0,0,0,0,0,0,0,0,0,0,0,0,0
43863710,3743,32,2,0,0,0,0,0,0,0,0,0,0,0,0,0
43872662,3744,32,2,0,0,0,0,0,0,0,0,0,0,0,0,0
43881615,3745,48,2,0,0,0,0,0,0,0,0,0,0,0,0,0
43892298,3746,32,2,0,0,0,0,0,0,0,0,0,0,0,0,0
43901250,3747,32,2,0,0,0,0,0,0,0,0,0,0,0,0,0
43910203,3748,32,2,0,0,0,0,0,0,0,0,0,0,0,0,0
43919156,3749,32,2,0,0,0,0,0,0,0,0,0,0,0,0,0
43928110,3750,48,2,0,0,0,0,0,0,0,0,0,0,0,0,0
43938792,3751,32,2,0,0,0,0,0,0,0,0,0,0,0,0,0
43947744,3752,32,2,0,0,0,0,0,0,0,0,0,0,0,0,0
43956697,3753,32,2,0,0,0,0,0,0,0,0,0,0,0,0,0
43965650,3754,32,2,0,0,0,0,0,0,0,0,0,0,0,0,0
43974603,3755,48,2,0,0,0,0,0,0,0,0,0,0,0,0,0
43985299,3756,32,2,0,0,0,0,0,0,0,0,0,0,0,0,0
43994241,3757,32,2,0,0,0,0,0,0,0,0,0,0,0,0,0
44003193,3758,32,2,0,0,0,0,0,0,0,0,0,0,0,0,0
44012146,3759,32,2,0,0,0,0,0,0,0,0,0,0,0,0,0
44021099,3760,48,2,0,0,0,0,0,0,0,0,0,0,0,0,0
44031782,3761,32,2,0,0,0,0,0,0,0,0,0,0,0,0,0
44040734,3762,32,2,0,0,0,0,0,0,0,0,0,0,0,0,0
44049687,3763,32,2,0,0,0,0,0,0,0,0,0,0,0,0,0
44058640,3764,32,2,0,0,0,0,0,0,0,0,0,0,0,0,0
44067593,3765,48,2,0,0,0,0,0,0,0,0,0,0,0,0,0
44078275,3766,32,2,0,0,0,0,0,0,0,0,0,0,0,0,0
44087228,3767,32,2,0,0,0,0,0,0,0,0,0,0,0,0,0
44096181,3768,32,2,0,0,0,0,0,0,0,0,0,0,0,0,0
44105134,3769,32,2,0,0,0,0,0,0,0,0,0,0,0,0,0
44114087,3770,48,2,0,0,0,0,0,0,0,0,0,0,0,0,0
44124770,3771,32,2,0,0,0,0,0,0,0,0,0,0,0,0,0
44133722,3772,32,2,0,0,0,0,0,0,0,0,0,0,0,0,0
44142675,3773,32,2,0,0,0,0,0,0,0,0,0,0,0,0,0
44151628,3774,32,2,0,0,0,0,0,0,0,0,0,0,0,0,0
44160581,3775,48,2,0,0,0,0,0,0,0,0,0,0,0,0,0
44171263,3776,32,2,0,0,0,0,0,0,0,0,0,0,0,0,0
44180216,3777,32,2,0,0,0,0,0,0,0,0,0,0,0,0,0
44189169,3778,32,2,0,0,0,0,0,0,0,0,0,0,0,0,0
44198122,3779,32,2,0,0,0,0,0,0,0,0,0,0,0,0,0
44207075,3780,48,2,0,0,0,0,0,0,0,0,0,0,0,0,0
44217758,3781,32,2,0,0,0,0,0,0,0,0,0,0,0,0,0
44226710,3782,32,2,0,0,0,0,0,0,0,0,0,0,0,0,0
44235663,3783,32,2,0,0,0,0,0,0,0,0,0,0,0,0,0
44244617,3784,32,2,0,0,0,0,0,0,0,0,0,0,0,0,0
44253569,3785,48,2,0,0,0,0,0,0,0,0,0,0,0,0,0
44264251,3786,32,2,0,0,0,0,0,0,0,0,0,0,0,0,0
44273204,3787,32,2,0,0,0,0,0,0,0,0,0,0,0,0,0
44282157,3788,32,2,0,0,0,0,0,0,0,0,0,0,0,0,0
44291110,3789,32,2,0,0,0,0,0,0,0,0,0,0,0,0,0
44300063,3790,48,2,0,0,0,0,0,0,0,0,0,0,0,0,0
44310746,3791,32,2,0,0,0,0,0,0,0,0,0,0,0,0,0
44319698,3792,32,2,0,0,0,0,0,0,0,0,0,0,0,0,0
44328651,3793,32,2,0,0,0,0,0,0,0,0,0,0,0,0,0
44337604,3794,32,2,0,0,0,0,0,0,0,0,0,0,0,0,0
44346557,3795,48,2,0,0,0,0,0,0,0,0,0,0,0,0,0
44357239,3796,32,2,0,0,0,0,0,0,0,0,0,0,0,0,0
44366192,3797,32,2,0,0,0,0,0,0,0,0,0,0,0,0,0
44375146,3798,32,2,0,0,0,0,0,0,0,0,0,0,0,0,0
44384098,3799,32,2,0,0,0,0,0,0,0,0,0,0,0,0,0
44393051,3800,48,2,0,0,0,0,0,0,0,0,0,0,0,0,0
44403734,3801,32,2,0,0,0,0,0,0,0,0,0,0,0,0,0
44412686,3802,32,2,0,0,0,0,0,0,0,0,0,0,0,0,0
44421639,3803,32,2,0,0,0,0,0,0,0,0,0,0,0,0,0
44430592,3804,32,2,0,0,0,0,0,0,0,0,0,0,0,0,0
44439545,3805,48,2,0,0,0,0,0,0,0,0,0,0,0,0,0
44450227,3806,32,2,0,0,0,0,0,0,0,0,0,0,0,0,0
44459180,3807,32,2,0,0,0,0,0,0,0,0,0,0,0,0,0
44468133,3808,32,2,0,0,0,0,0,0,0,0,0,0,0,0,0
44477086,3809,32,2,0,0,0,0,0,0,0,0,0,0,0,0,0
44486039,3810,48,2,0,0,0,0,0,0,0,0,0,0,0,0,0
44496722,3811,32,2,0,0,0,0,0,0,0,0,0,0,0,0,0
44505674,3812,32,2,0,0,0,0,0,0,0,0,0,0,0,0,0
44514627,3813,32,2,0,0,0,0,0,0,0,0,0,0,0,0,0
44523580,3814,32,2,0,0,0,0,0,0,0,0,0,0,0,0,0
44532533,3815,48,2,0,0,0,0,0,0,0,0,0,0,0,0,0
44543215,3816,32,2,0,0,0,0,0,0,0,0,0,0,0,0,0
44552168,3817,32,2,0,0,0,0,0,0,0,0,0,0,0,0,0
44561121,3818,32,2,0,0,0,0,0,0,0,0,0,0,0,0,0
44570074,3819,32,2,0,0,0,0,0,0,0,0,0,0,0,0,0
44579027,3820,48,2,0,0,0,0,0,0,0,0,0,0,0,0,0
44589710,3821,32,2,0,0,0,0,0,0,0,0,0,0,0,0,0
44598662,3822,32,2,0,0,0,0,0,0,0,0,0,0,0,0,0
44607615,3823,32,2,0,0,0,0,0,0,0,0,0,0,0,0,0
44616569,3824,32,2,0,0,0,0,0,0,0,0,0,0,0,0,0
44625521,3825,48,2,0,0,0,0,0,0,0,0,0,0,0,0,0
44636203,3826,32,2,0,0,0,0,0,0,0,0,0,0,0,0,0
44645156,3827,32,2,0,0,0,0,0,0,0,0,0,0,0,0,0
44654109,3828,32,2,0,0,0,0,0,0,0,0,0,0,0,0,0
44663062,3829,32,2,0,0,0,0,0,0,0,0,0,0,0,0,0
44672015,3830,48,2,0,0,0,0,0,0,0,0,0,0,0,0,0
44682698,3831,32,2,0,0,0,0,0,0,0,0,0,0,0,0,0
44691650,3832,32,2,0,0,0,0,0,0,0,0,0,0,0,0,0
44700604,3833,32,2,0,0,0,0,0,0,0,0,0,0,0,0,0
44709556,3834,32,2,0,0,0,0,0,0,0,0,0,0,0,0,0
44718509,3835,48,2,0,0,0,0,0,0,0,0,0,0,0,0,0
44729191,3836,32,2,0,0,0,0,0,0,0,0,0,0,0,0,0
44738144,3837,32,2,0,0,0,0,0,0,0,0,0,0,0,0,0
44747098,3838,32,2,0,0,0,0,0,0,0,0,0,0,0,0,0
44756050,3839,32,2,0,0,0,0,0,0,0,0,0,0,0,0,0
44765003,3840,48,2,0,0,0,0,0,0,0,0,0,0,0,0,0
44775686,3841,32,2,0,0,0,0,0,0,0,0,0,0,0,0,0
44784638,3842,32,2,0,0,0,0,0,0,0,0,0,0,0,0,0
44793591,3843,32,2,0,0,0,0,0,0,0,0,0,0,0,0,0
44802544,3844,32,2,0,0,0,0,0,0,0,0,0,0,0,0,0
44811497,3845,48,2,0,0,0,0,0,0,0,0,0,0,0,0,0
44822179,3846,32,2,0,0,0,0,0,0,0,0,0,0,0,0,0
44831132,3847,32,2,0,0,0,0,0,0,0,0,0,0,0,0,0
44840085,3848,32,2,0,0,0,0,0,0,0,0,0,0,0,0,0
44849038,3849,32,2,0,0,0,0,0,0,0,0,0,0,0,0,0
44857992,3850,48,2,0,0,0,0,0,0,0,0,0,0,0,0,0
44868674,3851,32,2,0,0,0,0,0,0,0,0,0,0,0,0,0
44877626,3852,32,2,0,0,0,0,0,0,0,0,0,0,0,0,0
44886579,3853,32,2,0,0,0,0,0,0,0,0,0,0,0,0,0
44895532,3854,32,2,0,0,0,0,0,0,0,0,0,0,0,0,0
44904485,3855,48,2,0,0,0,0,0,0,0,0,0,0,0,0,0
44915167,3856,32,2,0,0,0,0,0,0,0,0,0,0,0,0,0
44924120,3857,32,2,0,0,0,0,0,0,0,0,0,0,0,0,0
44933073,3858,32,2,0,0,0,0,0,0,0,0,0,0,0,0,0
44942026,3859,32,2,0,0,0,0,0,0,0,0,0,0,0,0,0
44950979,3860,48,2,0,0,0,0,0,0,0,0,0,0,0,0,0
44961662,3861,32,2,0,0,0,0,0,0,0,0,0,0,0,0,0
44970614,3862,32,2,0,0,0,0,0,0,0,0,0,0,0,0,0
44979567,3863,32,2,0,0,0,0,0,0,0,0,0,0,0,0,0
44988520,3864,32,2,0,0,0,0,0,0,0,0,0,0,0,0,0
44997473,3865,48,2,0,0,0,0,0,0,0,0,0,0,0,0,0
45008155,3866,32,2,0,0,0,0,0,0,0,0,0,0,0,0,0
45017109,3867,32,2,0,0,0,0,0,0,0,0,0,0,0,0,0
45026061,3868,32,2,0,0,0,0,0,0,0,0,0,0,0,0,0
45035014,3869,32,2,0,0,0,0,0,0,0,0,0,0,0,0,0
45043967,3870,48,2,0,0,0,0,0,0,0,0,0,0,0,0,0
45054650,3871,32,2,0,0,0,0,0,0,0,0,0,0,0,0,0
45063602,3872,32,2,0,0,0,0,0,0,0,0,0,0,0,0,0
45072556,3873,32,2,0,0,0,0,0,0,0,0,0,0,0,0,0
45081509,3874,32,2,0,0,0,0,0,0,0,0,0,0,0,0,0
45090461,3875,48,2,0,0,0,0,0,0,0,0,0,0,0,0,0
45101143,3876,32,2,0,0,0,0,0,0,0,0,0,0,0,0,0
45110096,3877,32,2,0,0,0,0,0,0,0,0,0,0,0,0,0
45119049,3878,32,2,0,0,0,0,0,0,0,0,0,0,0,0,0
45128002,3879,32,2,0,0,0,0,0,0,0,0,0,0,0,0,0
45136956,3880,48,2,0,0,0,0,0,0,0,0,0,0,0,0,0
45147638,3881,32,2,0,0,0,0,0,0,0,0,0,0,0,0,0
45156590,3882,32,2,0,0,0,0,0,0,0,0,0,0,0,0,0
45165543,3883,32,2,0,0,0,0,0,0,0,0,0,0,0,0,0
45174496,3884,32,2,0,0,0,0,0,0,0,0,0,0,0,0,0
45183449,3885,48,2,0,0,0,0,0,0,0,0,0,0,0,0,0
45194131,3886,32,2,0,0,0,0,0,0,0,0,0,0,0,0,0
45203084,3887,32,2,0,0,0,0,0,0,0,0,0,0,0,0,0
45212037,3888,32,2,0,0,0,0,0,0,0,0,0,0,0,0,0
45220990,3889,32,2,0,0,0,0,0,0,0,0,0,0,0,0,0
45229943,3890,48,2,0,0,0,0,0,0,0,0,0,0,0,0,0
45240626,3891,32,2,0,0,0,0,0,0,0,0,0,0,0,0,0
45249578,3892,32,2,0,0,0,0,0,0,0,0,0,0,0,0,0
45258531,3893,32,2,0,0,0,0,0,0,0,0,0,0,0,0,0
45267485,3894,32,2,0,0,0,0,0,0,0,0,0,0,0,0,0
45276437,3895,48,2,0,0,0,0,0,0,0,0,0,0,0,0,0
45287119,3896,32,2,0,0,0,0,0,0,0,0,0,0,0,0,0
45296072,3897,32,2,0,0,0,0,0,0,0,0,0,0,0,0,0
45305025,3898,32,2,0,0,0,0,0,0,0,0,0,0,0,0,0
45313978,3899,32,2,0,0,0,0,0,0,0,0,0,0,0,0,0
45322931,3900,48,2,0,0,0,0,0,0,0,0,0,0,0,0,0
45333614,3901,32,2,0,0,0,0,0,0,0,0,0,0,0,0,0
45342566,3902,32,2,0,0,0,0,0,0,0,0,0,0,0,0,0
45351520,3903,32,2,0,0,0,0,0,0,0,0,0,0,0,0,0
45360473,3904,32,2,0,0,0,0,0,0,0,0,0,0,0,0,0
45369425,3905,48,2,0,0,0,0,0,0,0,0,0,0,0,0,0
45380107,3906,32,2,0,0,0,0,0,0,0,0,0,0,0,0,0
45389060,3907,32,2,0,0,0,0,0,0,0,0,0,0,0,0,0
45398013,3908,32,2,0,0,0,0,0,0,0,0,0,0,0,0,0
45406966,3909,32,2,0,0,0,0,0,0,0,0,0,0,0,0,0
45415919,3910,48,2,0,0,0,0,0,0,0,0,0,0,0,0,0
45431025,3911,32,2,0,0,0,0,0,0,0,0,0,0,0,0,0
45439966,3912,32,2,0,0,0,0,0,0,0,0,0,0,0,0,0
45448919,3913,32,2,0,0,0,0,0,0,0,0,0,0,0,0,0
45457872,3914,32,2,0,0,0,0,0,0,0,0,0,0,0,0,0
45466826,3915,48,2,0,0,0,0,0,0,0,0,0,0,0,0,0
45477507,3916,32,2,0,0,0,0,0,0,0,0,0,0,0,0,0
45486460,3917,32,2,0,0,0,0,0,0,0,0,0,0,0,0,0
45495413,3918,32,2,0,0,0,0,0,0,0,0,0,0,0,0,0
45504366,3919,32,2,0,0,0,0,0,0,0,0,0,0,0,0,0
45513319,3920,48,2,0,0,0,0,0,0,0,0,0,0,0,0,0
45524002,3921,32,2,0,0,0,0,0,0,0,0,0,0,0,0,0
45532954,3922,32,2,0,0,0,0,0,0,0,0,0,0,0,0,0
45541907,3923,32,2,0,0,0,0,0,0,0,0,0,0,0,0,0
45550860,3924,32,2,0,0,0,0,0,0,0,0,0,0,0,0,0
45559813,3925,48,2,0,0,0,0,0,0,0,0,0,0,0,0,0
45570495,3926,32,2,0,0,0,0,0,0,0,0,0,0,0,0,0
45579448,3927,32,2,0,0,0,0,0,0,0,0,0,0,0,0,0
45588401,3928,32,2,0,0,0,0,0,0,0,0,0,0,0,0,0
45597354,3929,32,2,0,0,0,0,0,0,0,0,0,0,0,0,0
45606307,3930,48,2,0,0,0,0,0,0,0,0,0,0,0,0,0
45616990,3931,32,2,0,0,0,0,0,0,0,0,0,0,0,0,0
45625942,3932,32,2,0,0,0,0,0,0,0,0,0,0,0,0,0
45634895,3933,32,2,0,0,0,0,0,0,0,0,0,0,0,0,0
45643848,3934,32,2,0,0,0,0,0,0,0,0,0,0,0,0,0
45652801,3935,48,2,0,0,0,0,0,0,0,0,0,0,0,0,0
45663483,3936,32,2,0,0,0,0,0,0,0,0,0,0,0,0,0
45672436,3937,32,2,0,0,0,0,0,0,0,0,0,0,0,0,0
45681389,3938,32,2,0,0,0,0,0,0,0,0,0,0,0,0,0
45690342,3939,32,2,0,0,0,0,0,0,0,0,0,0,0,0,0
45699295,3940,48,2,0,0,0,0,0,0,0,0,0,0,0,0,0
45709978,3941,32,2,0,0,0,0,0,0,0,0,0,0,0,0,0
45718930,3942,32,2,0,0,0,0,0,0,0,0,0,0,0,0,0
45727883,3943,32,2,0,0,0,0,0,0,0,0,0,0,0,0,0
45736836,3944,32,2,0,0,0,0,0,0,0,0,0,0,0,0,0
45745789,3945,48,2,0,0,0,0,0,0,0,0,0,0,0,0,0
45756471,3946,32,2,0,0,0,0,0,0,0,0,0,0,0,0,0
45765424,3947,32,2,0,0,0,0,0,0,0,0,0,0,0,0,0
45774377,3948,32,2,0,0,0,0,0,0,0,0,0,0,0,0,0
45783330,3949,32,2,0,0,0,0,0,0,0,0,0,0,0,0,0
45792283,3950,48,2,0,0,0,0,0,0,0,0,0,0,0,0,0
45802966,3951,32,2,0,0,0,0,0,0,0,0,0,0,0,0,0
45811918,3952,32,2,0,0,0,0,0,0,0,0,0,0,0,0,0
45820871,3953,32,2,0,0,0,0,0,0,0,0,0,0,0,0,0
45829825,3954,32,2,0,0,0,0,0,0,0,0,0,0,0,0,0
45838777,3955,48,2,0,0,0,0,0,0,0,0,0,0,0,0,0
45849459,3956,32,2,0,0,0,0,0,0,0,0,0,0,0,0,0
45858412,3957,32,2,0,0,0,0,0,0,0,0,0,0,0,0,0
45867365,3958,32,2,0,0,0,0,0,0,0,0,0,0,0,0,0
45876318,3959,32,2,0,0,0,0,0,0,0,0,0,0,0,0,0
45885271,3960,48,2,0,0,0,0,0,0,0,0,0,0,0,0,0
45895954,3961,32,2,0,0,0,0,0,0,0,0,0,0,0,0,0
45904906,3962,32,2,0,0,0,0,0,0,0,0,0,0,0,0,0
45913859,3963,32,2,0,0,0,0,0,0,0,0,0,0,0,0,0
45922813,3964,32,2,0,0,0,0,0,0,0,0,0,0,0,0,0
45931765,3965,48,2,0,0,0,0,0,0,0,0,0,0,0,0,0
45942447,3966,32,2,0,0,0,0,0,0,0,0,0,0,0,0,0
45951400,3967,32,2,0,0,0,0,0,0,0,0,0,0,0,0,0
45960353,3968,32,2,0,0,0,0,0,0,0,0,0,0,0,0,0
45969306,3969,32,2,0,0,0,0,0,0,0,0,0,0,0,0,0
45978259,3970,48,2,0,0,0,0,0,0,0,0,0,0,0,0,0
45988942,3971,32,2,0,0,0,0,0,0,0,0,0,0,0,0,0
45997894,3972,32,2,0,0,0,0,0,0,0,0,0,0,0,0,0
46006847,3973,32,2,0,0,0,0,0,0,0,0,0,0,0,0,0
46015800,3974,32,2,0,0,0,0,0,0,0,0,0,0,0,0,0
46024753,3975,48,2,0,0,0,0,0,0,0,0,0,0,0,0,0
46035435,3976,32,2,0,0,0,0,0,0,0,0,0,0,0,0,0
46044388,3977,32,2,0,0,0,0,0,0,0,0,0,0,0,0,0
46053341,3978,32,2,0,0,0,0,0,0,0,0,0,0,0,0,0
46062294,3979,32,2,0,0,0,0,0,0,0,0,0,0,0,0,0
46071247,3980,48,2,0,0,0,0,0,0,0,0,0,0,0,0,0
46081930,3981,32,2,0,0,0,0,0,0,0,0,0,0,0,0,0
46090882,3982,32,2,0,0,0,0,0,0,0,0,0,0,0,0,0
46099835,3983,32,2,0,0,0,0,0,0,0,0,0,0,0,0,0
46108788,3984,32,2,0,0,0,0,0,0,0,0,0,0,0,0,0
46117741,3985,48,2,0,0,0,0,0,0,0,0,0,0,0,0,0
46128423,3986,32,2,0,0,0,0,0,0,0,0,0,0,0,0,0
46137376,3987,32,2,0,0,0,0,0,0,0,0,0,0,0,0,0
46146330,3988,32,2,0,0,0,0,0,0,0,0,0,0,0,0,0
46155282,3989,32,2,0,0,0,0,0,0,0,0,0,0,0,0,0
46164235,3990,48,2,0,0,0,0,0,0,0,0,0,0,0,0,0
46174918,3991,32,2,0,0,0,0,0,0,0,0,0,0,0,0,0
46183870,3992,32,2,0,0,0,0,0,0,0,0,0,0,0,0,0
46192823,3993,32,2,0,0,0,0,0,0,0,0,0,0,0,0,0
46201776,3994,32,2,0,0,0,0,0,0,0,0,0,0,0,0,0
46210729,3995,48,2,0,0,0,0,0,0,0,0,0,0,0,0,0
46221411,3996,32,2,0,0,0,0,0,0,0,0,0,0,0,0,0
46230364,3997,32,2,0,0,0,0,0,0,0,0,0,0,0,0,0
46239317,3998,32,2,0,0,0,0,0,0,0,0,0,0,0,0,0
46248270,3999,32,2,0,0,0,0,0,0,0,0,0,0,0,0,0
46257223,4000,48,2,0,0,0,0,0,0,0,0,0,0,0,0,0
46267906,4001,32,2,0,0,0,0,0,0,0,0,0,0,0,0,0
46276858,4002,32,2,0,0,0,0,0,0,0,0,0,0,0,0,0
46285811,4003,32,2,0,0,0,0,0,0,0,0,0,0,0,0,0
46294765,4004,32,2,0,0,0,0,0,0,0,0,0,0,0,0,0
46303717,4005,48,2,0,0,0,0,0,0,0,0,0,0,0,0,0
46314399,4006,32,2,0,0,0,0,0,0,0,0,0,0,0,0,0
46323353,4007,32,2,0,0,0,0,0,0,0,0,0,0,0,0,0
46332305,4008,32,2,0,0,0,0,0,0,0,0,0,0,0,0,0
46341258,4009,32,2,0,0,0,0,0,0,0,0,0,0,0,0,0
46350211,4010,48,2,0,0,0,0,0,0,0,0,0,0,0,0,0
46360894,4011,32,2,0,0,0,0,0,0,0,0,0,0,0,0,0
46369846,4012,32,2,0,0,0,0,0,0,0,0,0,0,0,0,0
46378799,4013,32,2,0,0,0,0,0,0,0,0,0,0,0,0,0
46387752,4014,32,2,0,0,0,0,0,0,0,0,0,0,0,0,0
46396705,4015,48,2,0,0,0,0,0,0,0,0,0,0,0,0,0
46407387,4016,32,2,0,0,0,0,0,0,0,0,0,0,0,0,0
46416340,4017,32,2,0,0,0,0,0,0,0,0,0,0,0,0,0
46425294,4018,32,2,0,0,0,0,0,0,0,0,0,0,0,0,0
46434246,4019,32,2,0,0,0,0,0,0,0,0,0,0,0,0,0
46443199,4020,48,2,0,0,0,0,0,0,0,0,0,0,0,0,0
46453882,4021,32,2,0,0,0,0,0,0,0,0,0,0,0,0,0
46462834,4022,32,2,0,0,0,0,0,0,0,0,0,0,0,0,0
46471787,4023,32,2,0,0,0,0,0,0,0,0,0,0,0,0,0
46480741,4024,32,2,0,0,0,0,0,0,0,0,0,0,0,0,0
46489693,4025,48,2,0,0,0,0,0,0,0,0,0,0,0,0,0
46500375,4026,32,2,0,0,0,0,0,0,0,0,0,0,0,0,0
46509328,4027,32,2,0,0,0,0,0,0,0,0,0,0,0,0,0
46518281,4028,32,2,0,0,0,0,0,0,0,0,0,0,0,0,0
46527234,4029,32,2,0,0,0,0,0,0,0,0,0,0,0,0,0
46536187,4030,48,2,0,0,0,0,0,0,0,0,0,0,0,0,0
46546870,4031,32,2,0,0,0,0,0,0,0,0,0,0,0,0,0
46555822,4032,32,2,0,0,0,0,0,0,0,0,0,0,0,0,0
46564775,4033,32,2,0,0,0,0,0,0,0,0,0,0,0,0,0
46573728,4034,32,2,0,0,0,0,0,0,0,0,0,0,0,0,0
46582681,4035,48,2,0,0,0,0,0,0,0,0,0,0,0,0,0
46593363,4036,32,2,0,0,0,0,0,0,0,0,0,0,0,0,0
46602316,4037,32,2,0,0,0,0,0,0,0,0,0,0,0,0,0
46611269,4038,32,2,0,0,0,0,0,0,0,0,0,0,0,0,0
46620222,4039,32,2,0,0,0,0,0,0,0,0,0,0,0,0,0
46629175,4040,48,2,0,0,0,0,0,0,0,0,0,0,0,0,0
46639858,4041,32,2,0,0,0,0,0,0,0,0,0,0,0,0,0
46648810,4042,32,2,0,0,0,0,0,0,0,0,0,0,0,0,0
46657763,4043,32,2,0,0,0,0,0,0,0,0,0,0,0,0,0
46666717,4044,32,2,0,0,0,0,0,0,0,0,0,0,0,0,0
46675669,4045,48,2,0,0,0,0,0,0,0,0,0,0,0,0,0
46686351,4046,32,2,0,0,0,0,0,0,0,0,0,0,0,0,0
46695304,4047,32,2,0,0,0,0,0,0,0,0,0,0,0,0,0
46704257,4048,32,2,0,0,0,0,0,0,0,0,0,0,0,0,0
46713210,4049,32,2,0,0,0,0,0,0,0,0,0,0,0,0,0
46722163,4050,48,2,0,0,0,0,0,0,0,0,0,0,0,0,0
46732846,4051,32,2,0,0,0,0,0,0,0,0,0,0,0,0,0
46741798,4052,32,2,0,0,0,0,0,0,0,0,0,0,0,0,0
46750751,4053,32,2,0,0,0,0,0,0,0,0,0,0,0,0,0
46759704,4054,32,2,0,0,0,0,0,0,0,0,0,0,0,0,0
46768657,4055,48,2,0,0,0,0,0,0,0,0,0,0,0,0,0
46779339,4056,32,2,0,0,0,0,0,0,0,0,0,0,0,0,0
46788292,4057,32,2,0,0,0,0,0,0,0,0,0,0,0,0,0
46797245,4058,32,2,0,0,0,0,0,0,0,0,0,0,0,0,0
46806198,4059,32,2,0,0,0,0,0,0,0,0,0,0,0,0,0
46815151,4060,48,2,0,0,0,0,0,0,0,0,0,0,0,0,0
46825834,4061,32,2,0,0,0,0,0,0,0,0,0,0,0,0,0
46834786,4062,32,2,0,0,0,0,0,0,0,0,0,0,0,0,0
46843739,4063,32,2,0,0,0,0,0,0,0,0,0,0,0,0,0
46852692,4064,32,2,0,0,0,0,0,0,0,0,0,0,0,0,0
46861646,4065,48,2,0,0,0,0,0,0,0,0,0,0,0,0,0
46872327,4066,32,2,0,0,0,0,0,0,0,0,0,0,0,0,0
46881280,4067,32,2,0,0,0,0,0,0,0,0,0,0,0,0,0
46890233,4068,32,2,0,0,0,0,0,0,0,0,0,0,0,0,0
46899186,4069,32,2,0,0,0,0,0,0,0,0,0,0,0,0,0
46908139,4070,48,2,0,0,0,0,0,0,0,0,0,0,0,0,0
46918822,4071,32,2,0,0,0,0,0,0,0,0,0,0,0,0,0
46927774,4072,32,2,0,0,0,0,0,0,0,0,0,0,0,0,0
46936727,4073,32,2,0,0,0,0,0,0,0,0,0,0,0,0,0
46945680,4074,32,2,0,0,0,0,0,0,0,0,0,0,0,0,0
46954633,4075,48,2,0,0,0,0,0,0,0,0,0,0,0,0,0
46965315,4076,32,2,0,0,0,0,0,0,0,0,0,0,0,0,0
46974268,4077,32,2,0,0,0,0,0,0,0,0,0,0,0,0,0
46983221,4078,32,2,0,0,0,0,0,0,0,0,0,0,0,0,0
46992175,4079,32,2,0,0,0,0,0,0,0,0,0,0,0,0,0
47001127,4080,48,2,0,0,0,0,0,0,0,0,0,0,0,0,0
47018172,4081,32,2,0,0,0,0,0,0,0,0,0,0,0,0,0
47027113,4082,32,2,0,0,0,0,0,0,0,0,0,0,0,0,0
47036066,4083,32,2,0,0,0,0,0,0,0,0,0,0,0,0,0
47045019,4084,32,2,0,0,0,0,0,0,0,0,0,0,0,0,0
47053972,4085,48,2,0,0,0,0,0,0,0,0,0,0,0,0,0
47064654,4086,32,2,0,0,0,0,0,0,0,0,0,0,0,0,0
47073607,4087,32,2,0,0,0,0,0,0,0,0,0,0,0,0,0
47082560,4088,32,2,0,0,0,0,0,0,0,0,0,0,0,0,0
47091513,4089,32,2,0,0,0,0,0,0,0,0,0,0,0,0,0
47100466,4090,48,2,0,0,0,0,0,0,0,0,0,0,0,0,0
47111149,4091,32,2,0,0,0,0,0,0,0,0,0,0,0,0,0
47120101,4092,32,2,0,0,0,0,0,0,0,0,0,0,0,0,0
47129054,4093,32,2,0,0,0,0,0,0,0,0,0,0,0,0,0
47138007,4094,32,2,0,0,0,0,0,0,0,0,0,0,0,0,0
47146960,4095,48,2,0,0,0,0,0,0,0,0,0,0,0,0,0
47157642,4096,32,2,0,0,0,0,0,0,0,0,0,0,0,0,0
47166595,4097,32,2,0,0,0,0,0,0,0,0,0,0,0,0,0
47175549,4098,32,2,0,0,0,0,0,0,0,0,0,0,0,0,0
47184501,4099,32,2,0,0,0,0,0,0,0,0,0,0,0,0,0
47193454,4100,48,2,0,0,0,0,0,0,0,0,0,0,0,0,0
47204137,4101,32,2,0,0,0,0,0,0,0,0,0,0,0,0,0
47213089,4102,32,2,0,0,0,0,0,0,0,0,0,0,0,0,0
47222042,4103,32,2,0,0,0,0,0,0,0,0,0,0,0,0,0
47230996,4104,32,2,0,0,0,0,0,0,0,0,0,0,0,0,0
47239948,4105,48,2,0,0,0,0,0,0,0,0,0,0,0,0,0
47250630,4106,32,2,0,0,0,0,0,0,0,0,0,0,0,0,0
47259584,4107,32,2,0,0,0,0,0,0,0,0,0,0,0,0,0
47268536,4108,32,2,0,0,0,0,0,0,0,0,0,0,0,0,0
47277489,4109,32,2,0,0,0,0,0,0,0,0,0,0,0,0,0
47286443,4110,48,2,0,0,0,0,0,0,0,0,0,0,0,0,0
47297125,4111,32,2,0,0,0,0,0,0,0,0,0,0,0,0,0
47306077,4112,32,2,0,0,0,0,0,0,0,0,0,0,0,0,0
47315030,4113,32,2,0,0,0,0,0,0,0,0,0,0,0,0,0
47323983,4114,32,2,0,0,0,0,0,0,0,0,0,0,0,0,0
47332936,4115,48,2,0,0,0,0,0,0,0,0,0,0,0,0,0
47343618,4116,32,2,0,0,0,0,0,0,0,0,0,0,0,0,0
47352571,4117,32,2,0,0,0,0,0,0,0,0,0,0,0,0,0
47361524,4118,32,2,0,0,0,0,0,0,0,0,0,0,0,0,0
47370477,4119,32,2,0,0,0,0,0,0,0,0,0,0,0,0,0
47379430,4120,48,2,0,0,0,0,0,0,0,0,0,0,0,0,0
47390113,4121,32,2,0,0,0,0,0,0,0,0,0,0,0,0,0
47399065,4122,32,2,0,0,0,0,0,0,0,0,0,0,0,0,0
47408018,4123,32,2,0,0,0,0,0,0,0,0,0,0,0,0,0
47416971,4124,32,2,0,0,0,0,0,0,0,0,0,0,0,0,0
47425924,4125,48,2,0,0,0,0,0,0,0,0,0,0,0,0,0
47436606,4126,32,2,0,0,0,0,0,0,0,0,0,0,0,0,0
47445559,4127,32,2,0,0,0,0,0,0,0,0,0,0,0,0,0
47454512,4128,32,2,0,0,0,0,0,0,0,0,0,0,0,0,0
47463465,4129,32,2,0,0,0,0,0,0,0,0,0,0,0,0,0
47472418,4130,48,2,0,0,0,0,0,0,0,0,0,0,0,0,0
47483101,4131,32,2,0,0,0,0,0,0,0,0,0,0,0,0,0
47492053,4132,32,2,0,0,0,0,0,0,0,0,0,0,0,0,0
47501006,4133,32,2,0,0,0,0,0,0,0,0,0,0,0,0,0
47509959,4134,32,2,0,0,0,0,0,0,0,0,0,0,0,0,0
47518912,4135,48,2,0,0,0,0,0,0,0,0,0,0,0,0,0
47529594,4136,32,2,0,0,0,0,0,0,0,0,0,0,0,0,0
47538547,4137,32,2,0,0,0,0,0,0,0,0,0,0,0,0,0
47547500,4138,32,2,0,0,0,0,0,0,0,0,0,0,0,0,0
47556453,4139,32,2,0,0,0,0,0,0,0,0,0,0,0,0,0
47565406,4140,48,2,0,0,0,0,0,0,0,0,0,0,0,0,0
47576089,4141,32,2,0,0,0,0,0,0,0,0,0,0,0,0,0
47585041,4142,32,2,0,0,0,0,0,0,0,0,0,0,0,0,0
47593994,4143,32,2,0,0,0,0,0,0,0,0,0,0,0,0,0
47602947,4144,32,2,0,0,0,0,0,0,0,0,0,0,0,0,0
47611900,4145,48,2,0,0,0,0,0,0,0,0,0,0,0,0,0
47622582,4146,32,2,0,0,0,0,0,0,0,0,0,0,0,0,0
47631535,4147,32,2,0,0,0,0,0,0,0,0,0,0,0,0,0
47640488,4148,32,2,0,0,0,0,0,0,0,0,0,0,0,0,0
47649441,4149,32,2,0,0,0,0,0,0,0,0,0,0,0,0,0
47658394,4150,48,2,0,0,0,0,0,0,0,0,0,0,0,0,0
47669077,4151,32,2,0,0,0,0,0,0,0,0,0,0,0,0,0
47678029,4152,32,2,0,0,0,0,0,0,0,0,0,0,0,0,0
47686983,4153,32,2,0,0,0,0,0,0,0,0,0,0,0,0,0
47695935,4154,32,2,0,0,0,0,0,0,0,0,0,0,0,0,0
47704888,4155,48,2,0,0,0,0,0,0,0,0,0,0,0,0,0
47715570,4156,32,2,0,0,0,0,0,0,0,0,0,0,0,0,0
47724523,4157,32,2,0,0,0,0,0,0,0,0,0,0,0,0,0
47733476,4158,32,2,0,0,0,0,0,0,0,0,0,0,0,0,0
47742429,4159,32,2,0,0,0,0,0,0,0,0,0,0,0,0,0
47751382,4160,48,2,0,0,0,0,0,0,0,0,0,0,0,0,0
47762065,4161,32,2,0,0,0,0,0,0,0,0,0,0,0,0,0
47771017,4162,32,2,0,0,0,0,0,0,0,0,0,0,0,0,0
47779970,4163,32,2,0,0,0,0,0,0,0,0,0,0,0,0,0
47788924,4164,32,2,0,0,0,0,0,0,0,0,0,0,0,0,0
47797876,4165,48,2,0,0,0,0,0,0,0,0,0,0,0,0,0
47808558,4166,32,2,0,0,0,0,0,0,0,0,0,0,0,0,0
47817511,4167,32,2,0,0,0,0,0,0,0,0,0,0,0,0,0
47826464,4168,32,2,0,0,0,0,0,0,0,0,0,0,0,0,0
47835417,4169,32,2,0,0,0,0,0,0,0,0,0,0,0,0,0
47844370,4170,48,2,0,0,0,0,0,0,0,0,0,0,0,0,0
47855053,4171,32,2,0,0,0,0,0,0,0,0,0,0,0,0,0
47864005,4172,32,2,0,0,0,0,0,0,0,0,0,0,0,0,0
47872959,4173,32,2,0,0,0,0,0,0,0,0,0,0,0,0,0
47881911,4174,32,2,0,0,0,0,0,0,0,0,0,0,0,0,0
47890864,4175,48,2,0,0,0,0,0,0,0,0,0,0,0,0,0
47901546,4176,32,2,0,0,0,0,0,0,0,0,0,0,0,0,0
47910499,4177,32,2,0,0,0,0,0,0,0,0,0,0,0,0,0
47919452,4178,32,2,0,0,0,0,0,0,0,0,0,0,0,0,0
47928405,4179,32,2,0,0,0,0,0,0,0,0,0,0,0,0,0
47937358,4180,48,2,0,0,0,0,0,0,0,0,0,0,0,0,0
47948041,4181,32,2,0,0,0,0,0,0,0,0,0,0,0,0,0
47956993,4182,32,2,0,0,0,0,0,0,0,0,0,0,0,0,0
47965946,4183,32,2,0,0,0,0,0,0,0,0,0,0,0,0,0
47974899,4184,32,2,0,0,0,0,0,0,0,0,0,0,0,0,0
47983853,4185,48,2,0,0,0,0,0,0,0,0,0,0,0,0,0
47994534,4186,32,2,0,0,0,0,0,0,0,0,0,0,0,0,0
48003487,4187,32,2,0,0,0,0,0,0,0,0,0,0,0,0,0
48012440,4188,32,2,0,0,0,0,0,0,0,0,0,0,0,0,0
48021393,4189,32,2,0,0,0,0,0,0,0,0,0,0,0,0,0
48030346,4190,48,2,0,0,0,0,0,0,0,0,0,0,0,0,0
48041029,4191,32,2,0,0,0,0,0,0,0,0,0,0,0,0,0
48049981,4192,32,2,0,0,0,0,0,0,0,0,0,0,0,0,0
48058934,4193,32,2,0,0,0,0,0,0,0,0,0,0,0,0,0
48067887,4194,32,2,0,0,0,0,0,0,0,0,0,0,0,0,0
48076840,4195,48,2,0,0,0,0,0,0,0,0,0,0,0,0,0
48087522,4196,32,2,0,0,0,0,0,0,0,0,0,0,0,0,0
48096476,4197,32,2,0,0,0,0,0,0,0,0,0,0,0,0,0
48105428,4198,32,2,0,0,0,0,0,0,0,0,0,0,0,0,0
48114381,4199,32,2,0,0,0,0,0,0,0,0,0,0,0,0,0
48123334,4200,48,2,0,0,0,0,0,0,0,0,0,0,0,0,0
48134017,4201,32,2,0,0,0,0,0,0,0,0,0,0,0,0,0
48142969,4202,32,2,0,0,0,0,0,0,0,0,0,0,0,0,0
48151922,4203,32,2,0,0,0,0,0,0,0,0,0,0,0,0,0
48160875,4204,32,2,0,0,0,0,0,0,0,0,0,0,0,0,0
48169828,4205,48,2,0,0,0,0,0,0,0,0,0,0,0,0,0
48180510,4206,32,2,0,0,0,0,0,0,0,0,0,0,0,0,0
48189463,4207,32,2,0,0,0,0,0,0,0,0,0,0,0,0,0
48198416,4208,32,2,0,0,0,0,0,0,0,0,0,0,0,0,0
48207369,4209,32,2,0,0,0,0,0,0,0,0,0,0,0,0,0
48216322,4210,48,2,0,0,0,0,0,0,0,0,0,0,0,0,0
48227005,4211,32,2,0,0,0,0,0,0,0,0,0,0,0,0,0
48235957,4212,32,2,0,0,0,0,0,0,0,0,0,0,0,0,0
48244910,4213,32,2,0,0,0,0,0,0,0,0,0,0,0,0,0
48253863,4214,32,2,0,0,0,0,0,0,0,0,0,0,0,0,0
48262816,4215,48,2,0,0,0,0,0,0,0,0,0,0,0,0,0
48273498,4216,32,2,0,0,0,0,0,0,0,0,0,0,0,0,0
48282451,4217,32,2,0,0,0,0,0,0,0,0,0,0,0,0,0
48291404,4218,32,2,0,0,0,0,0,0,0,0,0,0,0,0,0
48300357,4219,32,2,0,0,0,0,0,0,0,0,0,0,0,0,0
48309310,4220,48,2,0,0,0,0,0,0,0,0,0,0,0,0,0
48319993,4221,32,2,0,0,0,0,0,0,0,0,0,0,0,0,0
48328945,4222,32,2,0,0,0,0,0,0,0,0,0,0,0,0,0
48337898,4223,32,2,0,0,0,0,0,0,0,0,0,0,0,0,0
48346851,4224,32,2,0,0,0,0,0,0,0,0,0,0,0,0,0
48355804,4225,48,2,0,0,0,0,0,0,0,0,0,0,0,0,0
48366486,4226,32,2,0,0,0,0,0,0,0,0,0,0,0,0,0
48375439,4227,32,2,0,0,0,0,0,0,0,0,0,0,0,0,0
48384392,4228,32,2,0,0,0,0,0,0,0,0,0,0,0,0,0
48393345,4229,32,2,0,0,0,0,0,0,0,0,0,0,0,0,0
48402298,4230,48,2,0,0,0,0,0,0,0,0,0,0,0,0,0
48412981,4231,32,2,0,0,0,0,0,0,0,0,0,0,0,0,0
48421933,4232,32,2,0,0,0,0,0,0,0,0,0,0,0,0,0
48430886,4233,32,2,0,0,0,0,0,0,0,0,0,0,0,0,0
48439839,4234,32,2,0,0,0,0,0,0,0,0,0,0,0,0,0
48448792,4235,48,2,0,0,0,0,0,0,0,0,0,0,0,0,0
48459474,4236,32,2,0,0,0,0,0,0,0,0,0,0,0,0,0
48468427,4237,32,2,0,0,0,0,0,0,0,0,0,0,0,0,0
48477380,4238,32,2,0,0,0,0,0,0,0,0,0,0,0,0,0
48486333,4239,32,2,0,0,0,0,0,0,0,0,0,0,0,0,0
48495286,4240,48,2,0,0,0,0,0,0,0,0,0,0,0,0,0
48505969,4241,32,2,0,0,0,0,0,0,0,0,0,0,0,0,0
48514921,4242,32,2,0,0,0,0,0,0,0,0,0,0,0,0,0
48523874,4243,32,2,0,0,0,0,0,0,0,0,0,0,0,0,0
48532827,4244,32,2,0,0,0,0,0,0,0,0,0,0,0,0,0
48541780,4245,48,2,0,0,0,0,0,0,0,0,0,0,0,0,0
48552462,4246,32,2,0,0,0,0,0,0,0,0,0,0,0,0,0
48561415,4247,32,2,0,0,0,0,0,0,0,0,0,0,0,0,0
48570368,4248,32,2,0,0,0,0,0,0,0,0,0,0,0,0,0
48579321,4249,32,2,0,0,0,0,0,0,0,0,0,0,0,0,0
48588274,4250,48,2,0,0,0,0,0,0,0,0,0,0,0,0,0
48602976,4251,32,2,0,0,0,0,0,0,0,0,0,0,0,0,0
48611917,4252,32,2,0,0,0,0,0,0,0,0,0,0,0,0,0
48620870,4253,32,2,0,0,0,0,0,0,0,0,0,0,0,0,0
48629823,4254,32,2,0,0,0,0,0,0,0,0,0,0,0,0,0
48638776,4255,48,2,0,0,0,0,0,0,0,0,0,0,0,0,0
48649458,4256,32,2,0,0,0,0,0,0,0,0,0,0,0,0,0
48658411,4257,32,2,0,0,0,0,0,0,0,0,0,0,0,0,0
48667364,4258,32,2,0,0,0,0,0,0,0,0,0,0,0,0,0
48676317,4259,32,2,0,0,0,0,0,0,0,0,0,0,0,0,0
48685270,4260,48,2,0,0,0,0,0,0,0,0,0,0,0,0,0
48695953,4261,32,2,0,0,0,0,0,0,0,0,0,0,0,0,0
48704905,4262,32,2,0,0,0,0,0,0,0,0,0,0,0,0,0
48713858,4263,32,2,0,0,0,0,0,0,0,0,0,0,0,0,0
48722811,4264,32,2,0,0,0,0,0,0,0,0,0,0,0,0,0
48731764,4265,48,2,0,0,0,0,0,0,0,0,0,0,0,0,0
48742446,4266,32,2,0,0,0,0,0,0,0,0,0,0,0,0,0
48751399,4267,32,2,0,0,0,0,0,0,0,0,0,0,0,0,0
48760352,4268,32,2,0,0,0,0,0,0,0,0,0,0,0,0,0
48769305,4269,32,2,0,0,0,0,0,0,0,0,0,0,0,0,0
48778258,4270,48,2,0,0,0,0,0,0,0,0,0,0,0,0,0
48788941,4271,32,2,0,0,0,0,0,0,0,0,0,0,0,0,0
48797893,4272,32,2,0,0,0,0,0,0,0,0,0,0,0,0,0
48806846,4273,32,2,0,0,0,0,0,0,0,0,0,0,0,0,0
48815799,4274,32,2,0,0,0,0,0,0,0,0,0,0,0,0,0
48824752,4275,48,2,0,0,0,0,0,0,0,0,0,0,0,0,0
48835434,4276,32,2,0,0,0,0,0,0,0,0,0,0,0,0,0
48844387,4277,32,2,0,0,0,0,0,0,0,0,0,0,0,0,0
48853340,4278,32,2,0,0,0,0,0,0,0,0,0,0,0,0,0
48862293,4279,32,2,0,0,0,0,0,0,0,0,0,0,0,0,0
48871246,4280,48,2,0,0,0,0,0,0,0,0,0,0,0,0,0
48881929,4281,32,2,0,0,0,0,0,0,0,0,0,0,0,0,0
48890881,4282,32,2,0,0,0,0,0,0,0,0,0,0,0,0,0
48899834,4283,32,2,0,0,0,0,0,0,0,0,0,0,0,0,0
48908787,4284,32,2,0,0,0,0,0,0,0,0,0,0,0,0,0
48917740,4285,48,2,0,0,0,0,0,0,0,0,0,0,0,0,0
48928422,4286,32,2,0,0,0,0,0,0,0,0,0,0,0,0,0
48937375,4287,32,2,0,0,0,0,0,0,0,0,0,0,0,0,0
48946328,4288,32,2,0,0,0,0,0,0,0,0,0,0,0,0,0
48955281,4289,32,2,0,0,0,0,0,0,0,0,0,0,0,0,0
48964234,4290,48,2,0,0,0,0,0,0,0,0,0,0,0,0,0
48974917,4291,32,2,0,0,0,0,0,0,0,0,0,0,0,0,0
48983869,4292,32,2,0,0,0,0,0,0,0,0,0,0,0,0,0
48992836,4293,32,2,0,0,0,0,0,0,0,0,0,0,0,0,0
49001777,4294,32,2,0,0,0,0,0,0,0,0,0,0,0,0,0
49010730,4295,48,2,0,0,0,0,0,0,0,0,0,0,0,0,0
49021412,4296,32,2,0,0,0,0,0,0,0,0,0,0,0,0,0
49030365,4297,32,2,0,0,0,0,0,0,0,0,0,0,0,0,0
49039318,4298,32,2,0,0,0,0,0,0,0,0,0,0,0,0,0
49048271,4299,32,2,0,0,0,0,0,0,0,0,0,0,0,0,0
49057224,4300,48,2,0,0,0,0,0,0,0,0,0,0,0,0,0
49067907,4301,32,2,0,0,0,0,0,0,0,0,0,0,0,0,0
49076859,4302,32,2,0,0,0,0,0,0,0,0,0,0,0,0,0
49085813,4303,32,2,0,0,0,0,0,0,0,0,0,0,0,0,0
49094765,4304,32,2,0,0,0,0,0,0,0,0,0,0,0,0,0
49103718,4305,48,2,0,0,0,0,0,0,0,0,0,0,0,0,0
49114400,4306,32,2,0,0,0,0,0,0,0,0,0,0,0,0,0
49123353,4307,32,2,0,0,0,0,0,0,0,0,0,0,0,0,0
49132306,4308,32,2,0,0,0,0,0,0,0,0,0,0,0,0,0
49141259,4309,32,2,0,0,0,0,0,0,0,0,0,0,0,0,0
49150212,4310,48,2,0,0,0,0,0,0,0,0,0,0,0,0,0
49160895,4311,32,2,0,0,0,0,0,0,0,0,0,0,0,0,0
49169847,4312,32,2,0,0,0,0,0,0,0,0,0,0,0,0,0
49178800,4313,32,2,0,0,0,0,0,0,0,0,0,0,0,0,0
49187754,4314,32,2,0,0,0,0,0,0,0,0,0,0,0,0,0
49196707,4315,48,2,0,0,0,0,0,0,0,0,0,0,0,0,0
49207388,4316,32,2,0,0,0,0,0,0,0,0,0,0,0,0,0
49216341,4317,32,2,0,0,0,0,0,0,0,0,0,0,0,0,0
49225294,4318,32,2,0,0,0,0,0,0,0,0,0,0,0,0,0
49234247,4319,32,2,0,0,0,0,0,0,0,0,0,0,0,0,0
49243200,4320,48,2,0,0,0,0,0,0,0,0,0,0,0,0,0
49253883,4321,32,2,0,0,0,0,0,0,0,0,0,0,0,0,0
49262835,4322,32,2,0,0,0,0,0,0,0,0,0,0,0,0,0
49271788,4323,32,2,0,0,0,0,0,0,0,0,0,0,0,0,0
49280741,4324,32,2,0,0,0,0,0,0,0,0,0,0,0,0,0
49289695,4325,48,2,0,0,0,0,0,0,0,0,0,0,0,0,0
49300376,4326,32,2,0,0,0,0,0,0,0,0,0,0,0,0,0
49309330,4327,32,2,0,0,0,0,0,0,0,0,0,0,0,0,0
49318282,4328,32,2,0,0,0,0,0,0,0,0,0,0,0,0,0
49327235,4329,32,2,0,0,0,0,0,0,0,0,0,0,0,0,0
49336188,4330,48,2,0,0,0,0,0,0,0,0,0,0,0,0,0
49346871,4331,32,2,0,0,0,0,0,0,0,0,0,0,0,0,0
49355823,4332,32,2,0,0,0,0,0,0,0,0,0,0,0,0,0
49364776,4333,32,2,0,0,0,0,0,0,0,0,0,0,0,0,0
49373729,4334,32,2,0,0,0,0,0,0,0,0,0,0,0,0,0
49382682,4335,48,2,0,0,0,0,0,0,0,0,0,0,0,0,0
49393364,4336,32,2,0,0,0,0,0,0,0,0,0,0,0,0,0
49402317,4337,32,2,0,0,0,0,0,0,0,0,0,0,0,0,0
49411270,4338,32,2,0,0,0,0,0,0,0,0,0,0,0,0,0
49420223,4339,32,2,0,0,0,0,0,0,0,0,0,0,0,0,0
49429176,4340,48,2,0,0,0,0,0,0,0,0,0,0,0,0,0
49439859,4341,32,2,0,0,0,0,0,0,0,0,0,0,0,0,0
49448811,4342,32,2,0,0,0,0,0,0,0,0,0,0,0,0,0
49457764,4343,32,2,0,0,0,0,0,0,0,0,0,0,0,0,0
49466717,4344,32,2,0,0,0,0,0,0,0,0,0,0,0,0,0
49475670,4345,48,2,0,0,0,0,0,0,0,0,0,0,0,0,0
49486352,4346,32,2,0,0,0,0,0,0,0,0,0,0,0,0,0
49495305,4347,32,2,0,0,0,0,0,0,0,0,0,0,0,0,0
49504258,4348,32,2,0,0,0,0,0,0,0,0,0,0,0,0,0
49513211,4349,32,2,0,0,0,0,0,0,0,0,0,0,0,0,0
49522165,4350,48,2,0,0,0,0,0,0,0,0,0,0,0,0,0
49532847,4351,32,2,0,0,0,0,0,0,0,0,0,0,0,0,0
49541799,4352,32,2,0,0,0,0,0,0,0,0,0,0,0,0,0
49550752,4353,32,2,0,0,0,0,0,0,0,0,0,0,0,0,0
49559705,4354,32,2,0,0,0,0,0,0,0,0,0,0,0,0,0
49568658,4355,48,2,0,0,0,0,0,0,0,0,0,0,0,0,0
49579340,4356,32,2,0,0,0,0,0,0,0,0,0,0,0,0,0
49588294,4357,32,2,0,0,0,0,0,0,0,0,0,0,0,0,0
49597246,4358,32,2,0,0,0,0,0,0,0,0,0,0,0,0,0
49606199,4359,32,2,0,0,0,0,0,0,0,0,0,0,0,0,0
49615153,4360,48,2,0,0,0,0,0,0,0,0,0,0,0,0,0
49625835,4361,32,2,0,0,0,0,0,0,0,0,0,0,0,0,0
49634787,4362,32,2,0,0,0,0,0,0,0,0,0,0,0,0,0
49643740,4363,32,2,0,0,0,0,0,0,0,0,0,0,0,0,0
49652693,4364,32,2,0,0,0,0,0,0,0,0,0,0,0,0,0
49661646,4365,48,2,0,0,0,0,0,0,0,0,0,0,0,0,0
49672328,4366,32,2,0,0,0,0,0,0,0,0,0,0,0,0,0
49681281,4367,32,2,0,0,0,0,0,0,0,0,0,0,0,0,0
49690234,4368,32,2,0,0,0,0,0,0,0,0,0,0,0,0,0
49699187,4369,32,2,0,0,0,0,0,0,0,0,0,0,0,0,0
49708140,4370,48,2,0,0,0,0,0,0,0,0,0,0,0,0,0
49718823,4371,32,2,0,0,0,0,0,0,0,0,0,0,0,0,0
49727775,4372,32,2,0,0,0,0,0,0,0,0,0,0,0,0,0
49736728,4373,32,2,0,0,0,0,0,0,0,0,0,0,0,0,0
49745681,4374,32,2,0,0,0,0,0,0,0,0,0,0,0,0,0
49754635,4375,48,2,0,0,0,0,0,0,0,0,0,0,0,0,0
49765316,4376,32,2,0,0,0,0,0,0,0,0,0,0,0,0,0
49774270,4377,32,2,0,0,0,0,0,0,0,0,0,0,0,0,0
49783222,4378,32,2,0,0,0,0,0,0,0,0,0,0,0,0,0
49792175,4379,32,2,0,0,0,0,0,0,0,0,0,0,0,0,0
49801128,4380,48,2,0,0,0,0,0,0,0,0,0,0,0,0,0
49811811,4381,32,2,0,0,0,0,0,0,0,0,0,0,0,0,0
49820763,4382,32,2,0,0,0,0,0,0,0,0,0,0,0,0,0
49829716,4383,32,2,0,0,0,0,0,0,0,0,0,0,0,0,0
49838669,4384,32,2,0,0,0,0,0,0,0,0,0,0,0,0,0
49847622,4385,48,2,0,0,0,0,0,0,0,0,0,0,0,0,0
49858304,4386,32,2,0,0,0,0,0,0,0,0,0,0,0,0,0
49867257,4387,32,2,0,0,0,0,0,0,0,0,0,0,0,0,0
49876210,4388,32,2,0,0,0,0,0,0,0,0,0,0,0,0,0
49885163,4389,32,2,0,0,0,0,0,0,0,0,0,0,0,0,0
49894116,4390,48,2,0,0,0,0,0,0,0,0,0,0,0,0,0
49904799,4391,32,2,0,0,0,0,0,0,0,0,0,0,0,0,0
49913751,4392,32,2,0,0,0,0,0,0,0,0,0,0,0,0,0
49922704,4393,32,2,0,0,0,0,0,0,0,0,0,0,0,0,0
49931657,4394,32,2,0,0,0,0,0,0,0,0,0,0,0,0,0
49940610,4395,48,2,0,0,0,0,0,0,0,0,0,0,0,0,0
49951292,4396,32,2,0,0,0,0,0,0,0,0,0,0,0,0,0
49960245,4397,32,2,0,0,0,0,0,0,0,0,0,0,0,0,0
49969198,4398,32,2,0,0,0,0,0,0,0,0,0,0,0,0,0
49978151,4399,32,2,0,0,0,0,0,0,0,0,0,0,0,0,0
49987104,4400,48,2,0,0,0,0,0,0,0,0,0,0,0,0,0
49997787,4401,32,2,0,0,0,0,0,0,0,0,0,0,0,0,0
50006739,4402,32,2,0,0,0,0,0,0,0,0,0,0,0,0,0
50015692,4403,32,2,0,0,0,0,0,0,0,0,0,0,0,0,0
50024645,4404,32,2,0,0,0,0,0,0,0,0,0,0,0,0,0
50033598,4405,48,2,0,0,0,0,0,0,0,0,0,0,0,0,0
50044280,4406,32,2,0,0,0,0,0,0,0,0,0,0,0,0,0
50053233,4407,32,2,0,0,0,0,0,0,0,0,0,0,0,0,0
50062186,4408,32,2,0,0,0,0,0,0,0,0,0,0,0,0,0
50071139,4409,32,2,0,0,0,0,0,0,0,0,0,0,0,0,0
50080092,4410,48,2,0,0,0,0,0,0,0,0,0,0,0,0,0
50090775,4411,32,2,0,0,0,0,0,0,0,0,0,0,0,0,0
50099727,4412,32,2,0,0,0,0,0,0,0,0,0,0,0,0,0
50108681,4413,32,2,0,0,0,0,0,0,0,0,0,0,0,0,0
50117633,4414,32,2,0,0,0,0,0,0,0,0,0,0,0,0,0
50126586,4415,48,2,0,0,0,0,0,0,0,0,0,0,0,0,0
50137268,4416,32,2,0,0,0,0,0,0,0,0,0,0,0,0,0
50146221,4417,32,2,0,0,0,0,0,0,0,0,0,0,0,0,0
50155174,4418,32,2,0,0,0,0,0,0,0,0,0,0,0,0,0
50164127,4419,32,2,0,0,0,0,0,0,0,0,0,0,0,0,0
50173080,4420,48,2,0,0,0,0,0,0,0,0,0,0,0,0,0
50189852,4421,32,2,0,0,0,0,0,0,0,0,0,0,0,0,0
50198793,4422,32,2,0,0,0,0,0,0,0,0,0,0,0,0,0
50207747,4423,32,2,0,0,0,0,0,0,0,0,0,0,0,0,0
50216699,4424,32,2,0,0,0,0,0,0,0,0,0,0,0,0,0
50225652,4425,48,2,0,0,0,0,0,0,0,0,0,0,0,0,0
50236335,4426,32,2,0,0,0,0,0,0,0,0,0,0,0,0,0
50245287,4427,32,2,0,0,0,0,0,0,0,0,0,0,0,0,0
50254240,4428,32,2,0,0,0,0,0,0,0,0,0,0,0,0,0
50263193,4429,32,2,0,0,0,0,0,0,0,0,0,0,0,0,0
50272146,4430,48,2,0,0,0,0,0,0,0,0,0,0,0,0,0
50282829,4431,32,2,0,0,0,0,0,0,0,0,0,0,0,0,0
50291781,4432,32,2,0,0,0,0,0,0,0,0,0,0,0,0,0
50300734,4433,32,2,0,0,0,0,0,0,0,0,0,0,0,0,0
50309688,4434,32,2,0,0,0,0,0,0,0,0,0,0,0,0,0
50318640,4435,48,2,0,0,0,0,0,0,0,0,0,0,0,0,0
50329322,4436,32,2,0,0,0,0,0,0,0,0,0,0,0,0,0
50338275,4437,32,2,0,0,0,0,0,0,0,0,0,0,0,0,0
50347228,4438,32,2,0,0,0,0,0,0,0,0,0,0,0,0,0
50356181,4439,32,2,0,0,0,0,0,0,0,0,0,0,0,0,0
50365134,4440,48,2,0,0,0,0,0,0,0,0,0,0,0,0,0
50375817,4441,32,2,0,0,0,0,0,0,0,0,0,0,0,0,0
50384769,4442,32,2,0,0,0,0,0,0,0,0,0,0,0,0,0
50393722,4443,32,2,0,0,0,0,0,0,0,0,0,0,0,0,0
50402675,4444,32,2,0,0,0,0,0,0,0,0,0,0,0,0,0
50411628,4445,48,2,0,0,0,0,0,0,0,0,0,0,0,0,0
50422310,4446,32,2,0,0,0,0,0,0,0,0,0,0,0,0,0
50431263,4447,32,2,0,0,0,0,0,0,0,0,0,0,0,0,0
50440216,4448,32,2,0,0,0,0,0,0,0,0,0,0,0,0,0
50449169,4449,32,2,0,0,0,0,0,0,0,0,0,0,0,0,0
50458122,4450,48,2,0,0,0,0,0,0,0,0,0,0,0,0,0
50468805,4451,32,2,0,0,0,0,0,0,0,0,0,0,0,0,0
50477757,4452,32,2,0,0,0,0,0,0,0,0,0,0,0,0,0
50486710,4453,32,2,0,0,0,0,0,0,0,0,0,0,0,0,0
50495663,4454,32,2,0,0,0,0,0,0,0,0,0,0,0,0,0
50504616,4455,48,2,0,0,0,0,0,0,0,0,0,0,0,0,0
50515298,4456,32,2,0,0,0,0,0,0,0,0,0,0,0,0,0
50524251,4457,32,2,0,0,0,0,0,0,0,0,0,0,0,0,0
50533204,4458,32,2,0,0,0,0,0,0,0,0,0,0,0,0,0
50542157,4459,32,2,0,0,0,0,0,0,0,0,0,0,0,0,0
50551110,4460,48,2,0,0,0,0,0,0,0,0,0,0,0,0,0
50561793,4461,32,2,0,0,0,0,0,0,0,0,0,0,0,0,0
50570745,4462,32,2,0,0,0,0,0,0,0,0,0,0,0,0,0
50579698,4463,32,2,0,0,0,0,0,0,0,0,0,0,0,0,0
50588651,4464,32,2,0,0,0,0,0,0,0,0,0,0,0,0,0
50597604,4465,48,2,0,0,0,0,0,0,0,0,0,0,0,0,0
50608286,4466,32,2,0,0,0,0,0,0,0,0,0,0,0,0,0
50617239,4467,32,2,0,0,0,0,0,0,0,0,0,0,0,0,0
50626192,4468,32,2,0,0,0,0,0,0,0,0,0,0,0,0,0
50635145,4469,32,2,0,0,0,0,0,0,0,0,0,0,0,0,0
50644099,4470,48,2,0,0,0,0,0,0,0,0,0,0,0,0,0
50654781,4471,32,2,0,0,0,0,0,0,0,0,0,0,0,0,0
50663733,4472,32,2,0,0,0,0,0,0,0,0,0,0,0,0,0
50672686,4473,32,2,0,0,0,0,0,0,0,0,0,0,0,0,0
50681640,4474,32,2,0,0,0,0,0,0,0,0,0,0,0,0,0
50690592,4475,48,2,0,0,0,0,0,0,0,0,0,0,0,0,0
50701274,4476,32,2,0,0,0,0,0,0,0,0,0,0,0,0,0
50710227,4477,32,2,0,0,0,0,0,0,0,0,0,0,0,0,0
50719180,4478,32,2,0,0,0,0,0,0,0,0,0,0,0,0,0
50728133,4479,32,2,0,0,0,0,0,0,0,0,0,0,0,0,0
50737086,4480,48,2,0,0,0,0,0,0,0,0,0,0,0,0,0
50747769,4481,32,2,0,0,0,0,0,0,0,0,0,0,0,0,0
50756721,4482,32,2,0,0,0,0,0,0,0,0,0,0,0,0,0
50765674,4483,32,2,0,0,0,0,0,0,0,0,0,0,0,0,0
50774627,4484,32,2,0,0,0,0,0,0,0,0,0,0,0,0,0
50783580,4485,48,2,0,0,0,0,0,0,0,0,0,0,0,0,0
50794262,4486,32,2,0,0,0,0,0,0,0,0,0,0,0,0,0
50803215,4487,32,2,0,0,0,0,0,0,0,0,0,0,0,0,0
50812168,4488,32,2,0,0,0,0,0,0,0,0,0,0,0,0,0
50821121,4489,32,2,0,0,0,0,0,0,0,0,0,0,0,0,0
50830074,4490,48,2,0,0,0,0,0,0,0,0,0,0,0,0,0
50840757,4491,32,2,0,0,0,0,0,0,0,0,0,0,0,0,0
50849709,4492,32,2,0,0,0,0,0,0,0,0,0,0,0,0,0
50858663,4493,32,2,0,0,0,0,0,0,0,0,0,0,0,0,0
50867615,4494,32,2,0,0,0,0,0,0,0,0,0,0,0,0,0
50876569,4495,48,2,0,0,0,0,0,0,0,0,0,0,0,0,0
50887250,4496,32,2,0,0,0,0,0,0,0,0,0,0,0,0,0
50896203,4497,32,2,0,0,0,0,0,0,0,0,0,0,0,0,0
50905156,4498,32,2,0,0,0,0,0,0,0,0,0,0,0,0,0
50914109,4499,32,2,0,0,0,0,0,0,0,0,0,0,0,0,0
50923062,4500,48,2,0,0,0,0,0,0,0,0,0,0,0,0,0
50933745,4501,32,2,0,0,0,0,0,0,0,0,0,0,0,0,0
50942697,4502,32,2,0,0,0,0,0,0,0,0,0,0,0,0,0
50951650,4503,32,2,0,0,0,0,0,0,0,0,0,0,0,0,0
50960603,4504,32,2,0,0,0,0,0,0,0,0,0,0,0,0,0
50969556,4505,48,2,0,0,0,0,0,0,0,0,0,0,0,0,0
50980238,4506,32,2,0,0,0,0,0,0,0,0,0,0,0,0,0
50989191,4507,32,2,0,0,0,0,0,0,0,0,0,0,0,0,0
50998144,4508,32,2,0,0,0,0,0,0,0,0,0,0,0,0,0
51007097,4509,32,2,0,0,0,0,0,0,0,0,0,0,0,0,0
51016050,4510,48,2,0,0,0,0,0,0,0,0,0,0,0,0,0
51026733,4511,32,2,0,0,0,0,0,0,0,0,0,0,0,0,0
51035685,4512,32,2,0,0,0,0,0,0,0,0,0,0,0,0,0
51044638,4513,32,2,0,0,0,0,0,0,0,0,0,0,0,0,0
51053591,4514,32,2,0,0,0,0,0,0,0,0,0,0,0,0,0
51062545,4515,48,2,0,0,0,0,0,0,0,0,0,0,0,0,0
51073226,4516,32,2,0,0,0,0,0,0,0,0,0,0,0,0,0
51082179,4517,32,2,0,0,0,0,0,0,0,0,0,0,0,0,0
51091132,4518,32,2,0,0,0,0,0,0,0,0,0,0,0,0,0
51100085,4519,32,2,0,0,0,0,0,0,0,0,0,0,0,0,0
51109038,4520,48,2,0,0,0,0,0,0,0,0,0,0,0,0,0
51119721,4521,32,2,0,0,0,0,0,0,0,0,0,0,0,0,0
51128673,4522,32,2,0,0,0,0,0,0,0,0,0,0,0,0,0
51137626,4523,32,2,0,0,0,0,0,0,0,0,0,0,0,0,0
51146579,4524,32,2,0,0,0,0,0,0,0,0,0,0,0,0,0
51155532,4525,48,2,0,0,0,0,0,0,0,0,0,0,0,0,0
51166214,4526,32,2,0,0,0,0,0,0,0,0,0,0,0,0,0
51175167,4527,32,2,0,0,0,0,0,0,0,0,0,0,0,0,0
51184120,4528,32,2,0,0,0,0,0,0,0,0,0,0,0,0,0
51193073,4529,32,2,0,0,0,0,0,0,0,0,0,0,0,0,0
51202026,4530,48,2,0,0,0,0,0,0,0,0,0,0,0,0,0
51212709,4531,32,2,0,0,0,0,0,0,0,0,0,0,0,0,0
51221661,4532,32,2,0,0,0,0,0,0,0,0,0,0,0,0,0
51230614,4533,32,2,0,0,0,0,0,0,0,0,0,0,0,0,0
51239567,4534,32,2,0,0,0,0,0,0,0,0,0,0,0,0,0
51248520,4535,48,2,0,0,0,0,0,0,0,0,0,0,0,0,0
51259202,4536,32,2,0,0,0,0,0,0,0,0,0,0,0,0,0
51268155,4537,32,2,0,0,0,0,0,0,0,0,0,0,0,0,0
51277109,4538,32,2,0,0,0,0,0,0,0,0,0,0,0,0,0
51286061,4539,32,2,0,0,0,0,0,0,0,0,0,0,0,0,0
51295014,4540,48,2,0,0,0,0,0,0,0,0,0,0,0,0,0
51305697,4541,32,2,0,0,0,0,0,0,0,0,0,0,0,0,0
51314649,4542,32,2,0,0,0,0,0,0,0,0,0,0,0,0,0
51323602,4543,32,2,0,0,0,0,0,0,0,0,0,0,0,0,0
51332555,4544,32,2,0,0,0,0,0,0,0,0,0,0,0,0,0
51341509,4545,48,2,0,0,0,0,0,0,0,0,0,0,0,0,0
51352191,4546,32,2,0,0,0,0,0,0,0,0,0,0,0,0,0
51361143,4547,32,2,0,0,0,0,0,0,0,0,0,0,0,0,0
51370096,4548,32,2,0,0,0,0,0,0,0,0,0,0,0,0,0
51379049,4549,32,2,0,0,0,0,0,0,0,0,0,0,0,0,0
51388002,4550,48,2,0,0,0,0,0,0,0,0,0,0,0,0,0
51398685,4551,32,2,0,0,0,0,0,0,0,0,0,0,0,0,0
51407637,4552,32,2,0,0,0,0,0,0,0,0,0,0,0,0,0
51416590,4553,32,2,0,0,0,0,0,0,0,0,0,0,0,0,0
51425543,4554,32,2,0,0,0,0,0,0,0,0,0,0,0,0,0
51434496,4555,48,2,0,0,0,0,0,0,0,0,0,0,0,0,0
51445178,4556,32,2,0,0,0,0,0,0,0,0,0,0,0,0,0
51454131,4557,32,2,0,0,0,0,0,0,0,0,0,0,0,0,0
51463084,4558,32,2,0,0,0,0,0,0,0,0,0,0,0,0,0
51472037,4559,32,2,0,0,0,0,0,0,0,0,0,0,0,0,0
51480990,4560,48,2,0,0,0,0,0,0,0,0,0,0,0,0,0
51491673,4561,32,2,0,0,0,0,0,0,0,0,0,0,0,0,0
51500625,4562,32,2,0,0,0,0,0,0,0,0,0,0,0,0,0
51509578,4563,32,2,0,0,0,0,0,0,0,0,0,0,0,0,0
51518532,4564,32,2,0,0,0,0,0,0,0,0,0,0,0,0,0
51527484,4565,48,2,0,0,0,0,0,0,0,0,0,0,0,0,0
51538166,4566,32,2,0,0,0,0,0,0,0,0,0,0,0,0,0
51547119,4567,32,2,0,0,0,0,0,0,0,0,0,0,0,0,0
51556072,4568,32,2,0,0,0,0,0,0,0,0,0,0,0,0,0
51565025,4569,32,2,0,0,0,0,0,0,0,0,0,0,0,0,0
51573978,4570,48,2,0,0,0,0,0,0,0,0,0,0,0,0,0
51584661,4571,32,2,0,0,0,0,0,0,0,0,0,0,0,0,0
51593613,4572,32,2,0,0,0,0,0,0,0,0,0,0,0,0,0
51602566,4573,32,2,0,0,0,0,0,0,0,0,0,0,0,0,0
51611519,4574,32,2,0,0,0,0,0,0,0,0,0,0,0,0,0
51620472,4575,48,2,0,0,0,0,0,0,0,0,0,0,0,0,0
51631154,4576,32,2,0,0,0,0,0,0,0,0,0,0,0,0,0
51640107,4577,32,2,0,0,0,0,0,0,0,0,0,0,0,0,0
51649060,4578,32,2,0,0,0,0,0,0,0,0,0,0,0,0,0
51658013,4579,32,2,0,0,0,0,0,0,0,0,0,0,0,0,0
51666966,4580,48,2,0,0,0,0,0,0,0,0,0,0,0,0,0
51677649,4581,32,2,0,0,0,0,0,0,0,0,0,0,0,0,0
51686601,4582,32,2,0,0,0,0,0,0,0,0,0,0,0,0,0
51695554,4583,32,2,0,0,0,0,0,0,0,0,0,0,0,0,0
51704508,4584,32,2,0,0,0,0,0,0,0,0,0,0,0,0,0
51713460,4585,48,2,0,0,0,0,0,0,0,0,0,0,0,0,0
51724142,4586,32,2,0,0,0,0,0,0,0,0,0,0,0,0,0
51733095,4587,32,2,0,0,0,0,0,0,0,0,0,0,0,0,0
51742048,4588,32,2,0,0,0,0,0,0,0,0,0,0,0,0,0
51751001,4589,32,2,0,0,0,0,0,0,0,0,0,0,0,0,0
51759954,4590,48,2,0,0,0,0,0,0,0,0,0,0,0,0,0
51775061,4591,32,2,0,0,0,0,0,0,0,0,0,0,0,0,0
51784002,4592,32,2,0,0,0,0,0,0,0,0,0,0,0,0,0
51792955,4593,32,2,0,0,0,0,0,0,0,0,0,0,0,0,0
51801908,4594,32,2,0,0,0,0,0,0,0,0,0,0,0,0,0
51810861,4595,48,2,0,0,0,0,0,0,0,0,0,0,0,0,0
51821543,4596,32,2,0,0,0,0,0,0,0,0,0,0,0,0,0
51830496,4597,32,2,0,0,0,0,0,0,0,0,0,0,0,0,0
51839449,4598,32,2,0,0,0,0,0,0,0,0,0,0,0,0,0
51848402,4599,32,2,0,0,0,0,0,0,0,0,0,0,0,0,0
51857355,4600,48,2,0,0,0,0,0,0,0,0,0,0,0,0,0
51868038,4601,32,2,0,0,0,0,0,0,0,0,0,0,0,0,0
51876990,4602,32,2,0,0,0,0,0,0,0,0,0,0,0,0,0
51885943,4603,32,2,0,0,0,0,0,0,0,0,0,0,0,0,0
51894896,4604,32,2,0,0,0,0,0,0,0,0,0,0,0,0,0
51903849,4605,48,2,0,0,0,0,0,0,0,0,0,0,0,0,0
51914531,4606,32,2,0,0,0,0,0,0,0,0,0,0,0,0,0
51923485,4607,32,2,0,0,0,0,0,0,0,0,0,0,0,0,0
51932437,4608,32,2,0,0,0,0,0,0,0,0,0,0,0,0,0
51941390,4609,32,2,0,0,0,0,0,0,0,0,0,0,0,0,0
51950343,4610,48,2,0,0,0,0,0,0,0,0,0,0,0,0,0
51961026,4611,32,2,0,0,0,0,0,0,0,0,0,0,0,0,0
51969978,4612,32,2,0,0,0,0,0,0,0,0,0,0,0,0,0
51978931,4613,32,2,0,0,0,0,0,0,0,0,0,0,0,0,0
51987884,4614,32,2,0,0,0,0,0,0,0,0,0,0,0,0,0
51996837,4615,48,2,0,0,0,0,0,0,0,0,0,0,0,0,0
52007519,4616,32,2,0,0,0,0,0,0,0,0,0,0,0,0,0
52016472,4617,32,2,0,0,0,0,0,0,0,0,0,0,0,0,0
52025425,4618,32,2,0,0,0,0,0,0,0,0,0,0,0,0,0
52034378,4619,32,2,0,0,0,0,0,0,0,0,0,0,0,0,0
52043331,4620,48,2,0,0,0,0,0,0,0,0,0,0,0,0,0
52054014,4621,32,2,0,0,0,0,0,0,0,0,0,0,0,0,0
52062966,4622,32,2,0,0,0,0,0,0,0,0,0,0,0,0,0
52071919,4623,32,2,0,0,0,0,0,0,0,0,0,0,0,0,0
52080872,4624,32,2,0,0,0,0,0,0,0,0,0,0,0,0,0
52089825,4625,48,2,0,0,0,0,0,0,0,0,0,0,0,0,0
52100507,4626,32,2,0,0,0,0,0,0,0,0,0,0,0,0,0
52109460,4627,32,2,0,0,0,0,0,0,0,0,0,0,0,0,0
52118413,4628,32,2,0,0,0,0,0,0,0,0,0,0,0,0,0
52127366,4629,32,2,0,0,0,0,0,0,0,0,0,0,0,0,0
52136319,4630,48,2,0,0,0,0,0,0,0,0,0,0,0,0,0
52147002,4631,32,2,0,0,0,0,0,0,0,0,0,0,0,0,0
52155954,4632,32,2,0,0,0,0,0,0,0,0,0,0,0,0,0
52164907,4633,32,2,0,0,0,0,0,0,0,0,0,0,0,0,0
52173860,4634,32,2,0,0,0,0,0,0,0,0,0,0,0,0,0
52182813,4635,48,2,0,0,0,0,0,0,0,0,0,0,0,0,0
52193495,4636,32,2,0,0,0,0,0,0,0,0,0,0,0,0,0
52202448,4637,32,2,0,0,0,0,0,0,0,0,0,0,0,0,0
52211401,4638,32,2,0,0,0,0,0,0,0,0,0,0,0,0,0
52220354,4639,32,2,0,0,0,0,0,0,0,0,0,0,0,0,0
52229307,4640,48,2,0,0,0,0,0,0,0,0,0,0,0,0,0
52239990,4641,32,2,0,0,0,0,0,0,0,0,0,0,0,0,0
52248942,4642,32,2,0,0,0,0,0,0,0,0,0,0,0,0,0
52257895,4643,32,2,0,0,0,0,0,0,0,0,0,0,0,0,0
52266848,4644,32,2,0,0,0,0,0,0,0,0,0,0,0,0,0
52275801,4645,48,2,0,0,0,0,0,0,0,0,0,0,0,0,0
52286483,4646,32,2,0,0,0,0,0,0,0,0,0,0,0,0,0
52295436,4647,32,2,0,0,0,0,0,0,0,0,0,0,0,0,0
52304389,4648,32,2,0,0,0,0,0,0,0,0,0,0,0,0,0
52313342,4649,32,2,0,0,0,0,0,0,0,0,0,0,0,0,0
52322295,4650,48,2,0,0,0,0,0,0,0,0,0,0,0,0,0
52332978,4651,32,2,0,0,0,0,0,0,0,0,0,0,0,0,0
52341930,4652,32,2,0,0,0,0,0,0,0,0,0,0,0,0,0
52350884,4653,32,2,0,0,0,0,0,0,0,0,0,0,0,0,0
52359836,4654,32,2,0,0,0,0,0,0,0,0,0,0,0,0,0
52368789,4655,48,2,0,0,0,0,0,0,0,0,0,0,0,0,0
52379471,4656,32,2,0,0,0,0,0,0,0,0,0,0,0,0,0
52388424,4657,32,2,0,0,0,0,0,0,0,0,0,0,0,0,0
52397377,4658,32,2,0,0,0,0,0,0,0,0,0,0,0,0,0
52406330,4659,32,2,0,0,0,0,0,0,0,0,0,0,0,0,0
52415283,4660,48,2,0,0,0,0,0,0,0,0,0,0,0,0,0
52425966,4661,32,2,0,0,0,0,0,0,0,0,0,0,0,0,0
52434918,4662,32,2,0,0,0,0,0,0,0,0,0,0,0,0,0
52443871,4663,32,2,0,0,0,0,0,0,0,0,0,0,0,0,0
52452824,4664,32,2,0,0,0,0,0,0,0,0,0,0,0,0,0
52461777,4665,48,2,0,0,0,0,0,0,0,0,0,0,0,0,0
52472459,4666,32,2,0,0,0,0,0,0,0,0,0,0,0,0,0
52481412,4667,32,2,0,0,0,0,0,0,0,0,0,0,0,0,0
52490365,4668,32,2,0,0,0,0,0,0,0,0,0,0,0,0,0
52499318,4669,32,2,0,0,0,0,0,0,0,0,0,0,0,0,0
52508271,4670,48,2,0,0,0,0,0,0,0,0,0,0,0,0,0
52518954,4671,32,2,0,0,0,0,0,0,0,0,0,0,0,0,0
52527906,4672,32,2,0,0,0,0,0,0,0,0,0,0,0,0,0
52536859,4673,32,2,0,0,0,0,0,0,0,0,0,0,0,0,0
52545812,4674,32,2,0,0,0,0,0,0,0,0,0,0,0,0,0
52554765,4675,48,2,0,0,0,0,0,0,0,0,0,0,0,0,0
52565447,4676,32,2,0,0,0,0,0,0,0,0,0,0,0,0,0
52574400,4677,32,2,0,0,0,0,0,0,0,0,0,0,0,0,0
52583353,4678,32,2,0,0,0,0,0,0,0,0,0,0,0,0,0
52592306,4679,32,2,0,0,0,0,0,0,0,0,0,0,0,0,0
52601259,4680,48,2,0,0,0,0,0,0,0,0,0,0,0,0,0
52611942,4681,32,2,0,0,0,0,0,0,0,0,0,0,0,0,0
52620894,4682,32,2,0,0,0,0,0,0,0,0,0,0,0,0,0
52629847,4683,32,2,0,0,0,0,0,0,0,0,0,0,0,0,0
52638800,4684,32,2,0,0,0,0,0,0,0,0,0,0,0,0,0
52647753,4685,48,2,0,0,0,0,0,0,0,0,0,0,0,0,0
52658435,4686,32,2,0,0,0,0,0,0,0,0,0,0,0,0,0
52667388,4687,32,2,0,0,0,0,0,0,0,0,0,0,0,0,0
52676342,4688,32,2,0,0,0,0,0,0,0,0,0,0,0,0,0
52685294,4689,32,2,0,0,0,0,0,0,0,0,0,0,0,0,0
52694247,4690,48,2,0,0,0,0,0,0,0,0,0,0,0,0,0
52704930,4691,32,2,0,0,0,0,0,0,0,0,0,0,0,0,0
52713882,4692,32,2,0,0,0,0,0,0,0,0,0,0,0,0,0
52722835,4693,32,2,0,0,0,0,0,0,0,0,0,0,0,0,0
52731788,4694,32,2,0,0,0,0,0,0,0,0,0,0,0,0,0
52740741,4695,48,2,0,0,0,0,0,0,0,0,0,0,0,0,0
52751423,4696,32,2,0,0,0,0,0,0,0,0,0,0,0,0,0
52760376,4697,32,2,0,0,0,0,0,0,0,0,0,0,0,0,0
52769330,4698,32,2,0,0,0,0,0,0,0,0,0,0,0,0,0
52778282,4699,32,2,0,0,0,0,0,0,0,0,0,0,0,0,0
52787235,4700,48,2,0,0,0,0,0,0,0,0,0,0,0,0,0
52797918,4701,32,2,0,0,0,0,0,0,0,0,0,0,0,0,0
52806870,4702,32,2,0,0,0,0,0,0,0,0,0,0,0,0,0
52815823,4703,32,2,0,0,0,0,0,0,0,0,0,0,0,0,0
52824776,4704,32,2,0,0,0,0,0,0,0,0,0,0,0,0,0
52833730,4705,48,2,0,0,0,0,0,0,0,0,0,0,0,0,0
52844411,4706,32,2,0,0,0,0,0,0,0,0,0,0,0,0,0
52853364,4707,32,2,0,0,0,0,0,0,0,0,0,0,0,0,0
52862317,4708,32,2,0,0,0,0,0,0,0,0,0,0,0,0,0
52871270,4709,32,2,0,0,0,0,0,0,0,0,0,0,0,0,0
52880223,4710,48,2,0,0,0,0,0,0,0,0,0,0,0,0,0
52890906,4711,32,2,0,0,0,0,0,0,0,0,0,0,0,0,0
52899858,4712,32,2,0,0,0,0,0,0,0,0,0,0,0,0,0
52908811,4713,32,2,0,0,0,0,0,0,0,0,0,0,0,0,0
52917765,4714,32,2,0,0,0,0,0,0,0,0,0,0,0,0,0
52926717,4715,48,2,0,0,0,0,0,0,0,0,0,0,0,0,0
52937399,4716,32,2,0,0,0,0,0,0,0,0,0,0,0,0,0
52946352,4717,32,2,0,0,0,0,0,0,0,0,0,0,0,0,0
52955305,4718,32,2,0,0,0,0,0,0,0,0,0,0,0,0,0
52964258,4719,32,2,0,0,0,0,0,0,0,0,0,0,0,0,0
52973211,4720,48,2,0,0,0,0,0,0,0,0,0,0,0,0,0
52983894,4721,32,2,0,0,0,0,0,0,0,0,0,0,0,0,0
52992846,4722,32,2,0,0,0,0,0,0,0,0,0,0,0,0,0
53001799,4723,32,2,0,0,0,0,0,0,0,0,0,0,0,0,0
53010752,4724,32,2,0,0,0,0,0,0,0,0,0,0,0,0,0
53019705,4725,48,2,0,0,0,0,0,0,0,0,0,0,0,0,0
53030387,4726,32,2,0,0,0,0,0,0,0,0,0,0,0,0,0
53039340,4727,32,2,0,0,0,0,0,0,0,0,0,0,0,0,0
53048293,4728,32,2,0,0,0,0,0,0,0,0,0,0,0,0,0
53057246,4729,32,2,0,0,0,0,0,0,0,0,0,0,0,0,0
53066199,4730,48,2,0,0,0,0,0,0,0,0,0,0,0,0,0
53076882,4731,32,2,0,0,0,0,0,0,0,0,0,0,0,0,0
53085834,4732,32,2,0,0,0,0,0,0,0,0,0,0,0,0,0
53094787,4733,32,2,0,0,0,0,0,0,0,0,0,0,0,0,0
53103741,4734,32,2,0,0,0,0,0,0,0,0,0,0,0,0,0
53112693,4735,48,2,0,0,0,0,0,0,0,0,0,0,0,0,0
53123375,4736,32,2,0,0,0,0,0,0,0,0,0,0,0,0,0
53132328,4737,32,2,0,0,0,0,0,0,0,0,0,0,0,0,0
53141281,4738,32,2,0,0,0,0,0,0,0,0,0,0,0,0,0
53150234,4739,32,2,0,0,0,0,0,0,0,0,0,0,0,0,0
53159187,4740,48,2,0,0,0,0,0,0,0,0,0,0,0,0,0
53169870,4741,32,2,0,0,0,0,0,0,0,0,0,0,0,0,0
53178822,4742,32,2,0,0,0,0,0,0,0,0,0,0,0,0,0
53187775,4743,32,2,0,0,0,0,0,0,0,0,0,0,0,0,0
53196728,4744,32,2,0,0,0,0,0,0,0,0,0,0,0,0,0
53205681,4745,48,2,0,0,0,0,0,0,0,0,0,0,0,0,0
53216363,4746,32,2,0,0,0,0,0,0,0,0,0,0,0,0,0
53225316,4747,32,2,0,0,0,0,0,0,0,0,0,0,0,0,0
53234269,4748,32,2,0,0,0,0,0,0,0,0,0,0,0,0,0
53243222,4749,32,2,0,0,0,0,0,0,0,0,0,0,0,0,0
53252175,4750,48,2,0,0,0,0,0,0,0,0,0,0,0,0,0
53262858,4751,32,2,0,0,0,0,0,0,0,0,0,0,0,0,0
53271810,4752,32,2,0,0,0,0,0,0,0,0,0,0,0,0,0
53280763,4753,32,2,0,0,0,0,0,0,0,0,0,0,0,0,0
53289716,4754,32,2,0,0,0,0,0,0,0,0,0,0,0,0,0
53298669,4755,48,2,0,0,0,0,0,0,0,0,0,0,0,0,0
53309351,4756,32,2,0,0,0,0,0,0,0,0,0,0,0,0,0
53318304,4757,32,2,0,0,0,0,0,0,0,0,0,0,0,0,0
53327257,4758,32,2,0,0,0,0,0,0,0,0,0,0,0,0,0
53336210,4759,32,2,0,0,0,0,0,0,0,0,0,0,0,0,0
53345163,4760,48,2,0,0,0,0,0,0,0,0,0,0,0,0,0
53362210,4761,32,2,0,0,0,0,0,0,0,0,0,0,0,0,0
53371150,4762,32,2,0,0,0,0,0,0,0,0,0,0,0,0,0
53380103,4763,32,2,0,0,0,0,0,0,0,0,0,0,0,0,0
53389056,4764,32,2,0,0,0,0,0,0,0,0,0,0,0,0,0
53398009,4765,48,2,0,0,0,0,0,0,0,0,0,0,0,0,0
53408691,4766,32,2,0,0,0,0,0,0,0,0,0,0,0,0,0
53417644,4767,32,2,0,0,0,0,0,0,0,0,0,0,0,0,0
53426597,4768,32,2,0,0,0,0,0,0,0,0,0,0,0,0,0
53435550,4769,32,2,0,0,0,0,0,0,0,0,0,0,0,0,0
53444503,4770,48,2,0,0,0,0,0,0,0,0,0,0,0,0,0
53455186,4771,32,2,0,0,0,0,0,0,0,0,0,0,0,0,0
53464138,4772,32,2,0,0,0,0,0,0,0,0,0,0,0,0,0
53473091,4773,32,2,0,0,0,0,0,0,0,0,0,0,0,0,0
53482044,4774,32,2,0,0,0,0,0,0,0,0,0,0,0,0,0
53490997,4775,48,2,0,0,0,0,0,0,0,0,0,0,0,0,0
53501679,4776,32,2,0,0,0,0,0,0,0,0,0,0,0,0,0
53510632,4777,32,2,0,0,0,0,0,0,0,0,0,0,0,0,0
53519585,4778,32,2,0,0,0,0,0,0,0,0,0,0,0,0,0
53528538,4779,32,2,0,0,0,0,0,0,0,0,0,0,0,0,0
53537491,4780,48,2,0,0,0,0,0,0,0,0,0,0,0,0,0
53548174,4781,32,2,0,0,0,0,0,0,0,0,0,0,0,0,0
53557126,4782,32,2,0,0,0,0,0,0,0,0,0,0,0,0,0
53566079,4783,32,2,0,0,0,0,0,0,0,0,0,0,0,0,0
53575032,4784,32,2,0,0,0,0,0,0,0,0,0,0,0,0,0
53583985,4785,48,2,0,0,0,0,0,0,0,0,0,0,0,0,0
53594667,4786,32,2,0,0,0,0,0,0,0,0,0,0,0,0,0
53603620,4787,32,2,0,0,0,0,0,0,0,0,0,0,0,0,0
53612573,4788,32,2,0,0,0,0,0,0,0,0,0,0,0,0,0
53621526,4789,32,2,0,0,0,0,0,0,0,0,0,0,0,0,0
53630479,4790,48,2,0,0,0,0,0,0,0,0,0,0,0,0,0
53641162,4791,32,2,0,0,0,0,0,0,0,0,0,0,0,0,0
53650114,4792,32,2,0,0,0,0,0,0,0,0,0,0,0,0,0
53659067,4793,32,2,0,0,0,0,0,0,0,0,0,0,0,0,0
53668020,4794,32,2,0,0,0,0,0,0,0,0,0,0,0,0,0
53676973,4795,48,2,0,0,0,0,0,0,0,0,0,0,0,0,0
53687655,4796,32,2,0,0,0,0,0,0,0,0,0,0,0,0,0
53696608,4797,32,2,0,0,0,0,0,0,0,0,0,0,0,0,0
53705561,4798,32,2,0,0,0,0,0,0,0,0,0,0,0,0,0
53714514,4799,32,2,0,0,0,0,0,0,0,0,0,0,0,0,0
53723467,4800,48,2,0,0,0,0,0,0,0,0,0,0,0,0,0
53734150,4801,32,2,0,0,0,0,0,0,0,0,0,0,0,0,0
53743102,4802,32,2,0,0,0,0,0,0,0,0,0,0,0,0,0
53752055,4803,32,2,0,0,0,0,0,0,0,0,0,0,0,0,0
53761008,4804,32,2,0,0,0,0,0,0,0,0,0,0,0,0,0
53769961,4805,48,2,0,0,0,0,0,0,0,0,0,0,0,0,0
53780643,4806,32,2,0,0,0,0,0,0,0,0,0,0,0,0,0
53789596,4807,32,2,0,0,0,0,0,0,0,0,0,0,0,0,0
53798549,4808,32,2,0,0,0,0,0,0,0,0,0,0,0,0,0
53807502,4809,32,2,0,0,0,0,0,0,0,0,0,0,0,0,0
53816455,4810,48,2,0,0,0,0,0,0,0,0,0,0,0,0,0
53827138,4811,32,2,0,0,0,0,0,0,0,0,0,0,0,0,0
53836090,4812,32,2,0,0,0,0,0,0,0,0,0,0,0,0,0
53845043,4813,32,2,0,0,0,0,0,0,0,0,0,0,0,0,0
53853997,4814,32,2,0,0,0,0,0,0,0,0,0,0,0,0,0
53862950,4815,48,2,0,0,0,0,0,0,0,0,0,0,0,0,0
53873631,4816,32,2,0,0,0,0,0,0,0,0,0,0,0,0,0
53882584,4817,32,2,0,0,0,0,0,0,0,0,0,0,0,0,0
53891538,4818,32,2,0,0,0,0,0,0,0,0,0,0,0,0,0
53900490,4819,32,2,0,0,0,0,0,0,0,0,0,0,0,0,0
53909443,4820,48,2,0,0,0,0,0,0,0,0,0,0,0,0,0
53920126,4821,32,2,0,0,0,0,0,0,0,0,0,0,0,0,0
53929078,4822,32,2,0,0,0,0,0,0,0,0,0,0,0,0,0
53938031,4823,32,2,0,0,0,0,0,0,0,0,0,0,0,0,0
53946984,4824,32,2,0,0,0,0,0,0,0,0,0,0,0,0,0
53955937,4825,48,2,0,0,0,0,0,0,0,0,0,0,0,0,0
53966619,4826,32,2,0,0,0,0,0,0,0,0,0,0,0,0,0
53975572,4827,32,2,0,0,0,0,0,0,0,0,0,0,0,0,0
53984525,4828,32,2,0,0,0,0,0,0,0,0,0,0,0,0,0
53993492,4829,32,2,0,0,0,0,0,0,0,0,0,0,0,0,0
54002433,4830,48,2,0,0,0,0,0,0,0,0,0,0,0,0,0
54013116,4831,32,2,0,0,0,0,0,0,0,0,0,0,0,0,0
54022068,4832,32,2,0,0,0,0,0,0,0,0,0,0,0,0,0
54031021,4833,32,2,0,0,0,0,0,0,0,0,0,0,0,0,0
54039974,4834,32,2,0,0,0,0,0,0,0,0,0,0,0,0,0
54048927,4835,48,2,0,0,0,0,0,0,0,0,0,0,0,0,0
54059609,4836,32,2,0,0,0,0,0,0,0,0,0,0,0,0,0
54068562,4837,32,2,0,0,0,0,0,0,0,0,0,0,0,0,0
54077515,4838,32,2,0,0,0,0,0,0,0,0,0,0,0,0,0
54086468,4839,32,2,0,0,0,0,0,0,0,0,0,0,0,0,0
54095421,4840,48,2,0,0,0,0,0,0,0,0,0,0,0,0,0
54106104,4841,32,2,0,0,0,0,0,0,0,0,0,0,0,0,0
54115056,4842,32,2,0,0,0,0,0,0,0,0,0,0,0,0,0
54124009,4843,32,2,0,0,0,0,0,0,0,0,0,0,0,0,0
54132962,4844,32,2,0,0,0,0,0,0,0,0,0,0,0,0,0
54141915,4845,48,2,0,0,0,0,0,0,0,0,0,0,0,0,0
54152597,4846,32,2,0,0,0,0,0,0,0,0,0,0,0,0,0
54161550,4847,32,2,0,0,0,0,0,0,0,0,0,0,0,0,0
54170503,4848,32,2,0,0,0,0,0,0,0,0,0,0,0,0,0
54179456,4849,32,2,0,0,0,0,0,0,0,0,0,0,0,0,0
54188409,4850,48,2,0,0,0,0,0,0,0,0,0,0,0,0,0
54199092,4851,32,2,0,0,0,0,0,0,0,0,0,0,0,0,0
54208044,4852,32,2,0,0,0,0,0,0,0,0,0,0,0,0,0
54216997,4853,32,2,0,0,0,0,0,0,0,0,0,0,0,0,0
54225951,4854,32,2,0,0,0,0,0,0,0,0,0,0,0,0,0
54234903,4855,48,2,0,0,0,0,0,0,0,0,0,0,0,0,0
54245585,4856,32,2,0,0,0,0,0,0,0,0,0,0,0,0,0
54254538,4857,32,2,0,0,0,0,0,0,0,0,0,0,0,0,0
54263491,4858,32,2,0,0,0,0,0,0,0,0,0,0,0,0,0
54272444,4859,32,2,0,0,0,0,0,0,0,0,0,0,0,0,0
54281397,4860,48,2,0,0,0,0,0,0,0,0,0,0,0,0,0
54292080,4861,32,2,0,0,0,0,0,0,0,0,0,0,0,0,0
54301032,4862,32,2,0,0,0,0,0,0,0,0,0,0,0,0,0
54309985,4863,32,2,0,0,0,0,0,0,0,0,0,0,0,0,0
54318938,4864,32,2,0,0,0,0,0,0,0,0,0,0,0,0,0
54327891,4865,48,2,0,0,0,0,0,0,0,0,0,0,0,0,0
54338573,4866,32,2,0,0,0,0,0,0,0,0,0,0,0,0,0
54347527,4867,32,2,0,0,0,0,0,0,0,0,0,0,0,0,0
54356479,4868,32,2,0,0,0,0,0,0,0,0,0,0,0,0,0
54365432,4869,32,2,0,0,0,0,0,0,0,0,0,0,0,0,0
54374385,4870,48,2,0,0,0,0,0,0,0,0,0,0,0,0,0
54385068,4871,32,2,0,0,0,0,0,0,0,0,0,0,0,0,0
54394020,4872,32,2,0,0,0,0,0,0,0,0,0,0,0,0,0
54402973,4873,32,2,0,0,0,0,0,0,0,0,0,0,0,0,0
54411926,4874,32,2,0,0,0,0,0,0,0,0,0,0,0,0,0
54420879,4875,48,2,0,0,0,0,0,0,0,0,0,0,0,0,0
54431561,4876,32,2,0,0,0,0,0,0,0,0,0,0,0,0,0
54440514,4877,32,2,0,0,0,0,0,0,0,0,0,0,0,0,0
54449467,4878,32,2,0,0,0,0,0,0,0,0,0,0,0,0,0
54458420,4879,32,2,0,0,0,0,0,0,0,0,0,0,0,0,0
54467374,4880,48,2,0,0,0,0,0,0,0,0,0,0,0,0,0
54478056,4881,32,2,0,0,0,0,0,0,0,0,0,0,0,0,0
54487008,4882,32,2,0,0,0,0,0,0,0,0,0,0,0,0,0
54495961,4883,32,2,0,0,0,0,0,0,0,0,0,0,0,0,0
54504915,4884,32,2,0,0,0,0,0,0,0,0,0,0,0,0,0
54513867,4885,48,2,0,0,0,0,0,0,0,0,0,0,0,0,0
54524549,4886,32,2,0,0,0,0,0,0,0,0,0,0,0,0,0
54533502,4887,32,2,0,0,0,0,0,0,0,0,0,0,0,0,0
54542455,4888,32,2,0,0,0,0,0,0,0,0,0,0,0,0,0
54551408,4889,32,2,0,0,0,0,0,0,0,0,0,0,0,0,0
54560361,4890,48,2,0,0,0,0,0,0,0,0,0,0,0,0,0
54571044,4891,32,2,0,0,0,0,0,0,0,0,0,0,0,0,0
54579996,4892,32,2,0,0,0,0,0,0,0,0,0,0,0,0,0
54588949,4893,32,2,0,0,0,0,0,0,0,0,0,0,0,0,0
54597902,4894,32,2,0,0,0,0,0,0,0,0,0,0,0,0,0
54606855,4895,48,2,0,0,0,0,0,0,0,0,0,0,0,0,0
54617537,4896,32,2,0,0,0,0,0,0,0,0,0,0,0,0,0
54626491,4897,32,2,0,0,0,0,0,0,0,0,0,0,0,0,0
54635443,4898,32,2,0,0,0,0,0,0,0,0,0,0,0,0,0
54644397,4899,32,2,0,0,0,0,0,0,0,0,0,0,0,0,0
54653349,4900,48,2,0,0,0,0,0,0,0,0,0,0,0,0,0
54664032,4901,32,2,0,0,0,0,0,0,0,0,0,0,0,0,0
54672984,4902,32,2,0,0,0,0,0,0,0,0,0,0,0,0,0
54681937,4903,32,2,0,0,0,0,0,0,0,0,0,0,0,0,0
54690890,4904,32,2,0,0,0,0,0,0,0,0,0,0,0,0,0
54699843,4905,48,2,0,0,0,0,0,0,0,0,0,0,0,0,0
54710525,4906,32,2,0,0,0,0,0,0,0,0,0,0,0,0,0
54719478,4907,32,2,0,0,0,0,0,0,0,0,0,0,0,0,0
54728431,4908,32,2,0,0,0,0,0,0,0,0,0,0,0,0,0
54737384,4909,32,2,0,0,0,0,0,0,0,0,0,0,0,0,0
54746337,4910,48,2,0,0,0,0,0,0,0,0,0,0,0,0,0
54757020,4911,32,2,0,0,0,0,0,0,0,0,0,0,0,0,0
54765972,4912,32,2,0,0,0,0,0,0,0,0,0,0,0,0,0
54774925,4913,32,2,0,0,0,0,0,0,0,0,0,0,0,0,0
54783878,4914,32,2,0,0,0,0,0,0,0,0,0,0,0,0,0
54792831,4915,48,2,0,0,0,0,0,0,0,0,0,0,0,0,0
54803513,4916,32,2,0,0,0,0,0,0,0,0,0,0,0,0,0
54812466,4917,32,2,0,0,0,0,0,0,0,0,0,0,0,0,0
54821419,4918,32,2,0,0,0,0,0,0,0,0,0,0,0,0,0
54830372,4919,32,2,0,0,0,0,0,0,0,0,0,0,0,0,0
54839325,4920,48,2,0,0,0,0,0,0,0,0,0,0,0,0,0
54850008,4921,32,2,0,0,0,0,0,0,0,0,0,0,0,0,0
54858960,4922,32,2,0,0,0,0,0,0,0,0,0,0,0,0,0
54867913,4923,32,2,0,0,0,0,0,0,0,0,0,0,0,0,0
54876866,4924,32,2,0,0,0,0,0,0,0,0,0,0,0,0,0
54885819,4925,48,2,0,0,0,0,0,0,0,0,0,0,0,0,0
54896501,4926,32,2,0,0,0,0,0,0,0,0,0,0,0,0,0
54905454,4927,32,2,0,0,0,0,0,0,0,0,0,0,0,0,0
54914407,4928,32,2,0,0,0,0,0,0,0,0,0,0,0,0,0
54923360,4929,32,2,0,0,0,0,0,0,0,0,0,0,0,0,0
54932313,4930,48,2,0,0,0,0,0,0,0,0,0,0,0,0,0
54947016,4931,32,2,0,0,0,0,0,0,0,0,0,0,0,0,0
54955957,4932,32,2,0,0,0,0,0,0,0,0,0,0,0,0,0
54964910,4933,32,2,0,0,0,0,0,0,0,0,0,0,0,0,0
54973863,4934,32,2,0,0,0,0,0,0,0,0,0,0,0,0,0
54982816,4935,48,2,0,0,0,0,0,0,0,0,0,0,0,0,0
54993498,4936,32,2,0,0,0,0,0,0,0,0,0,0,0,0,0
55002451,4937,32,2,0,0,0,0,0,0,0,0,0,0,0,0,0
55011404,4938,32,2,0,0,0,0,0,0,0,0,0,0,0,0,0
55020357,4939,32,2,0,0,0,0,0,0,0,0,0,0,0,0,0
55029310,4940,48,2,0,0,0,0,0,0,0,0,0,0,0,0,0
55039993,4941,32,2,0,0,0,0,0,0,0,0,0,0,0,0,0
55048945,4942,32,2,0,0,0,0,0,0,0,0,0,0,0,0,0
55057898,4943,32,2,0,0,0,0,0,0,0,0,0,0,0,0,0
55066851,4944,32,2,0,0,0,0,0,0,0,0,0,0,0,0,0
55075804,4945,48,2,0,0,0,0,0,0,0,0,0,0,0,0,0
55086486,4946,32,2,0,0,0,0,0,0,0,0,0,0,0,0,0
55095439,4947,32,2,0,0,0,0,0,0,0,0,0,0,0,0,0
55104392,4948,32,2,0,0,0,0,0,0,0,0,0,0,0,0,0
55113345,4949,32,2,0,0,0,0,0,0,0,0,0,0,0,0,0
55122298,4950,48,2,0,0,0,0,0,0,0,0,0,0,0,0,0
55132981,4951,32,2,0,0,0,0,0,0,0,0,0,0,0,0,0
55141933,4952,32,2,0,0,0,0,0,0,0,0,0,0,0,0,0
55150886,4953,32,2,0,0,0,0,0,0,0,0,0,0,0,0,0
55159839,4954,32,2,0,0,0,0,0,0,0,0,0,0,0,0,0
55168792,4955,48,2,0,0,0,0,0,0,0,0,0,0,0,0,0
55179474,4956,32,2,0,0,0,0,0,0,0,0,0,0,0,0,0
55188427,4957,32,2,0,0,0,0,0,0,0,0,0,0,0,0,0
55197380,4958,32,2,0,0,0,0,0,0,0,0,0,0,0,0,0
55206333,4959,32,2,0,0,0,0,0,0,0,0,0,0,0,0,0
55215286,4960,48,2,0,0,0,0,0,0,0,0,0,0,0,0,0
55225969,4961,32,2,0,0,0,0,0,0,0,0,0,0,0,0,0
55234921,4962,32,2,0,0,0,0,0,0,0,0,0,0,0,0,0
55243874,4963,32,2,0,0,0,0,0,0,0,0,0,0,0,0,0
55252827,4964,32,2,0,0,0,0,0,0,0,0,0,0,0,0,0
55261780,4965,48,2,0,0,0,0,0,0,0,0,0,0,0,0,0
55272462,4966,32,2,0,0,0,0,0,0,0,0,0,0,0,0,0
55281415,4967,32,2,0,0,0,0,0,0,0,0,0,0,0,0,0
55290368,4968,32,2,0,0,0,0,0,0,0,0,0,0,0,0,0
55299321,4969,32,2,0,0,0,0,0,0,0,0,0,0,0,0,0
55308274,4970,48,2,0,0,0,0,0,0,0,0,0,0,0,0,0
55318957,4971,32,2,0,0,0,0,0,0,0,0,0,0,0,0,0
55327909,4972,32,2,0,0,0,0,0,0,0,0,0,0,0,0,0
55336862,4973,32,2,0,0,0,0,0,0,0,0,0,0,0,0,0
55345816,4974,32,2,0,0,0,0,0,0,0,0,0,0,0,0,0
55354768,4975,48,2,0,0,0,0,0,0,0,0,0,0,0,0,0
55365450,4976,32,2,0,0,0,0,0,0,0,0,0,0,0,0,0
55374403,4977,32,2,0,0,0,0,0,0,0,0,0,0,0,0,0
55383356,4978,32,2,0,0,0,0,0,0,0,0,0,0,0,0,0
55392309,4979,32,2,0,0,0,0,0,0,0,0,0,0,0,0,0
55401262,4980,48,2,0,0,0,0,0,0,0,0,0,0,0,0,0
55411945,4981,32,2,0,0,0,0,0,0,0,0,0,0,0,0,0
55420897,4982,32,2,0,0,0,0,0,0,0,0,0,0,0,0,0
55429850,4983,32,2,0,0,0,0,0,0,0,0,0,0,0,0,0
55438803,4984,32,2,0,0,0,0,0,0,0,0,0,0,0,0,0
55447756,4985,48,2,0,0,0,0,0,0,0,0,0,0,0,0,0
55458438,4986,32,2,0,0,0,0,0,0,0,0,0,0,0,0,0
55467391,4987,32,2,0,0,0,0,0,0,0,0,0,0,0,0,0
55476344,4988,32,2,0,0,0,0,0,0,0,0,0,0,0,0,0
55485297,4989,32,2,0,0,0,0,0,0,0,0,0,0,0,0,0
55494250,4990,48,2,0,0,0,0,0,0,0,0,0,0,0,0,0
55504933,4991,32,2,0,0,0,0,0,0,0,0,0,0,0,0,0
55513885,4992,32,2,0,0,0,0,0,0,0,0,0,0,0,0,0
55522838,4993,32,2,0,0,0,0,0,0,0,0,0,0,0,0,0
55531792,4994,32,2,0,0,0,0,0,0,0,0,0,0,0,0,0
55540744,4995,48,2,0,0,0,0,0,0,0,0,0,0,0,0,0
55551426,4996,32,2,0,0,0,0,0,0,0,0,0,0,0,0,0
55560379,4997,32,2,0,0,0,0,0,0,0,0,0,0,0,0,0
55569332,4998,32,2,0,0,0,0,0,0,0,0,0,0,0,0,0
55578285,4999,32,2,0,0,0,0,0,0,0,0,0,0,0,0,0
55587238,5000,48,2,0,0,0,0,0,0,0,0,0,0,0,0,0
55597921,5001,32,2,0,0,0,0,0,0,0,0,0,0,0,0,0
55606873,5002,32,2,0,0,0,0,0,0,0,0,0,0,0,0,0
55615827,5003,32,2,0,0,0,0,0,0,0,0,0,0,0,0,0
55624779,5004,32,2,0,0,0,0,0,0,0,0,0,0,0,0,0
55633732,5005,48,2,0,0,0,0,0,0,0,0,0,0,0,0,0
55644414,5006,32,2,0,0,0,0,0,0,0,0,0,0,0,0,0
55653367,5007,32,2,0,0,0,0,0,0,0,0,0,0,0,0,0
55662321,5008,32,2,0,0,0,0,0,0,0,0,0,0,0,0,0
55671273,5009,32,2,0,0,0,0,0,0,0,0,0,0,0,0,0
55680226,5010,48,2,0,0,0,0,0,0,0,0,0,0,0,0,0
55690909,5011,32,2,0,0,0,0,0,0,0,0,0,0,0,0,0
55699861,5012,32,2,0,0,0,0,0,0,0,0,0,0,0,0,0
55708814,5013,32,2,0,0,0,0,0,0,0,0,0,0,0,0,0
55717767,5014,32,2,0,0,0,0,0,0,0,0,0,0,0,0,0
55726720,5015,48,2,0,0,0,0,0,0,0,0,0,0,0,0,0
55737403,5016,32,2,0,0,0,0,0,0,0,0,0,0,0,0,0
55746355,5017,32,2,0,0,0,0,0,0,0,0,0,0,0,0,0
55755308,5018,32,2,0,0,0,0,0,0,0,0,0,0,0,0,0
55764261,5019,32,2,0,0,0,0,0,0,0,0,0,0,0,0,0
55773214,5020,48,2,0,0,0,0,0,0,0,0,0,0,0,0,0
55783897,5021,32,2,0,0,0,0,0,0,0,0,0,0,0,0,0
55792849,5022,32,2,0,0,0,0,0,0,0,0,0,0,0,0,0
55801802,5023,32,2,0,0,0,0,0,0,0,0,0,0,0,0,0
55810755,5024,32,2,0,0,0,0,0,0,0,0,0,0,0,0,0
55819708,5025,48,2,0,0,0,0,0,0,0,0,0,0,0,0,0
55830390,5026,32,2,0,0,0,0,0,0,0,0,0,0,0,0,0
55839343,5027,32,2,0,0,0,0,0,0,0,0,0,0,0,0,0
55848297,5028,32,2,0,0,0,0,0,0,0,0,0,0,0,0,0
55857249,5029,32,2,0,0,0,0,0,0,0,0,0,0,0,0,0
55866202,5030,48,2,0,0,0,0,0,0,0,0,0,0,0,0,0
55876885,5031,32,2,0,0,0,0,0,0,0,0,0,0,0,0,0
55885837,5032,32,2,0,0,0,0,0,0,0,0,0,0,0,0,0
55894790,5033,32,2,0,0,0,0,0,0,0,0,0,0,0,0,0
55903743,5034,32,2,0,0,0,0,0,0,0,0,0,0,0,0,0
55912696,5035,48,2,0,0,0,0,0,0,0,0,0,0,0,0,0
55923378,5036,32,2,0,0,0,0,0,0,0,0,0,0,0,0,0
55932331,5037,32,2,0,0,0,0,0,0,0,0,0,0,0,0,0
55941284,5038,32,2,0,0,0,0,0,0,0,0,0,0,0,0,0
55950237,5039,32,2,0,0,0,0,0,0,0,0,0,0,0,0,0
55959190,5040,48,2,0,0,0,0,0,0,0,0,0,0,0,0,0
55969873,5041,32,2,0,0,0,0,0,0,0,0,0,0,0,0,0
55978825,5042,32,2,0,0,0,0,0,0,0,0,0,0,0,0,0
55987778,5043,32,2,0,0,0,0,0,0,0,0,0,0,0,0,0
55996731,5044,32,2,0,0,0,0,0,0,0,0,0,0,0,0,0
56005684,5045,48,2,0,0,0,0,0,0,0,0,0,0,0,0,0
56016366,5046,32,2,0,0,0,0,0,0,0,0,0,0,0,0,0
56025319,5047,32,2,0,0,0,0,0,0,0,0,0,0,0,0,0
56034272,5048,32,2,0,0,0,0,0,0,0,0,0,0,0,0,0
56043225,5049,32,2,0,0,0,0,0,0,0,0,0,0,0,0,0
56052178,5050,48,2,0,0,0,0,0,0,0,0,0,0,0,0,0
56062861,5051,32,2,0,0,0,0,0,0,0,0,0,0,0,0,0
56071813,5052,32,2,0,0,0,0,0,0,0,0,0,0,0,0,0
56080766,5053,32,2,0,0,0,0,0,0,0,0,0,0,0,0,0
56089719,5054,32,2,0,0,0,0,0,0,0,0,0,0,0,0,0
56098673,5055,48,2,0,0,0,0,0,0,0,0,0,0,0,0,0
56109354,5056,32,2,0,0,0,0,0,0,0,0,0,0,0,0,0
56118308,5057,32,2,0,0,0,0,0,0,0,0,0,0,0,0,0
56127261,5058,32,2,0,0,0,0,0,0,0,0,0,0,0,0,0
56136213,5059,32,2,0,0,0,0,0,0,0,0,0,0,0,0,0
56145166,5060,48,2,0,0,0,0,0,0,0,0,0,0,0,0,0
56155849,5061,32,2,0,0,0,0,0,0,0,0,0,0,0,0,0
56164801,5062,32,2,0,0,0,0,0,0,0,0,0,0,0,0,0
56173754,5063,32,2,0,0,0,0,0,0,0,0,0,0,0,0,0
56182707,5064,32,2,0,0,0,0,0,0,0,0,0,0,0,0,0
56191660,5065,48,2,0,0,0,0,0,0,0,0,0,0,0,0,0
56202342,5066,32,2,0,0,0,0,0,0,0,0,0,0,0,0,0
56211295,5067,32,2,0,0,0,0,0,0,0,0,0,0,0,0,0
56220248,5068,32,2,0,0,0,0,0,0,0,0,0,0,0,0,0
56229201,5069,32,2,0,0,0,0,0,0,0,0,0,0,0,0,0
56238154,5070,48,2,0,0,0,0,0,0,0,0,0,0,0,0,0
56248837,5071,32,2,0,0,0,0,0,0,0,0,0,0,0,0,0
56257789,5072,32,2,0,0,0,0,0,0,0,0,0,0,0,0,0
56266742,5073,32,2,0,0,0,0,0,0,0,0,0,0,0,0,0
56275695,5074,32,2,0,0,0,0,0,0,0,0,0,0,0,0,0
56284648,5075,48,2,0,0,0,0,0,0,0,0,0,0,0,0,0
56295330,5076,32,2,0,0,0,0,0,0,0,0,0,0,0,0,0
56304283,5077,32,2,0,0,0,0,0,0,0,0,0,0,0,0,0
56313236,5078,32,2,0,0,0,0,0,0,0,0,0,0,0,0,0
56322189,5079,32,2,0,0,0,0,0,0,0,0,0,0,0,0,0
56331142,5080,48,2,0,0,0,0,0,0,0,0,0,0,0,0,0
56341825,5081,32,2,0,0,0,0,0,0,0,0,0,0,0,0,0
56350777,5082,32,2,0,0,0,0,0,0,0,0,0,0,0,0,0
56359730,5083,32,2,0,0,0,0,0,0,0,0,0,0,0,0,0
56368683,5084,32,2,0,0,0,0,0,0,0,0,0,0,0,0,0
56377636,5085,48,2,0,0,0,0,0,0,0,0,0,0,0,0,0
56388318,5086,32,2,0,0,0,0,0,0,0,0,0,0,0,0,0
56397271,5087,32,2,0,0,0,0,0,0,0,0,0,0,0,0,0
56406224,5088,32,2,0,0,0,0,0,0,0,0,0,0,0,0,0
56415177,5089,32,2,0,0,0,0,0,0,0,0,0,0,0,0,0
56424130,5090,48,2,0,0,0,0,0,0,0,0,0,0,0,0,0
56434813,5091,32,2,0,0,0,0,0,0,0,0,0,0,0,0,0
56443765,5092,32,2,0,0,0,0,0,0,0,0,0,0,0,0,0
56452718,5093,32,2,0,0,0,0,0,0,0,0,0,0,0,0,0
56461671,5094,32,2,0,0,0,0,0,0,0,0,0,0,0,0,0
56470624,5095,48,2,0,0,0,0,0,0,0,0,0,0,0,0,0
56481307,5096,32,2,0,0,0,0,0,0,0,0,0,0,0,0,0
56490259,5097,32,2,0,0,0,0,0,0,0,0,0,0,0,0,0
56499212,5098,32,2,0,0,0,0,0,0,0,0,0,0,0,0,0
56508165,5099,32,2,0,0,0,0,0,0,0,0,0,0,0,0,0
56517118,5100,48,2,0,0,0,0,0,0,0,0,0,0,0,0,0
56534055,5101,32,2,0,0,0,0,0,0,0,0,0,0,0,0,0
56542996,5102,32,2,0,0,0,0,0,0,0,0,0,0,0,0,0
56551949,5103,32,2,0,0,0,0,0,0,0,0,0,0,0,0,0
56560902,5104,32,2,0,0,0,0,0,0,0,0,0,0,0,0,0
56569855,5105,48,2,0,0,0,0,0,0,0,0,0,0,0,0,0
56580537,5106,32,2,0,0,0,0,0,0,0,0,0,0,0,0,0
56589491,5107,32,2,0,0,0,0,0,0,0,0,0,0,0,0,0
56598443,5108,32,2,0,0,0,0,0,0,0,0,0,0,0,0,0
56607397,5109,32,2,0,0,0,0,0,0,0,0,0,0,0,0,0
56616349,5110,48,2,0,0,0,0,0,0,0,0,0,0,0,0,0
56627032,5111,32,2,0,0,0,0,0,0,0,0,0,0,0,0,0
56635984,5112,32,2,0,0,0,0,0,0,0,0,0,0,0,0,0
56644937,5113,32,2,0,0,0,0,0,0,0,0,0,0,0,0,0
56653890,5114,32,2,0,0,0,0,0,0,0,0,0,0,0,0,0
56662843,5115,48,2,0,0,0,0,0,0,0,0,0,0,0,0,0
56673525,5116,32,2,0,0,0,0,0,0,0,0,0,0,0,0,0
56682478,5117,32,2,0,0,0,0,0,0,0,0,0,0,0,0,0
56691431,5118,32,2,0,0,0,0,0,0,0,0,0,0,0,0,0
56700384,5119,32,2,0,0,0,0,0,0,0,0,0,0,0,0,0
56709337,5120,48,2,0,0,0,0,0,0,0,0,0,0,0,0,0
56720020,5121,32,2,0,0,0,0,0,0,0,0,0,0,0,0,0
56728972,5122,32,2,0,0,0,0,0,0,0,0,0,0,0,0,0
56737925,5123,32,2,0,0,0,0,0,0,0,0,0,0,0,0,0
56746878,5124,32,2,0,0,0,0,0,0,0,0,0,0,0,0,0
56755831,5125,48,2,0,0,0,0,0,0,0,0,0,0,0,0,0
56766513,5126,32,2,0,0,0,0,0,0,0,0,0,0,0,0,0
56775466,5127,32,2,0,0,0,0,0,0,0,0,0,0,0,0,0
56784419,5128,32,2,0,0,0,0,0,0,0,0,0,0,0,0,0
56793372,5129,32,2,0,0,0,0,0,0,0,0,0,0,0,0,0
56802325,5130,48,2,0,0,0,0,0,0,0,0,0,0,0,0,0
56813008,5131,32,2,0,0,0,0,0,0,0,0,0,0,0,0,0
56821960,5132,32,2,0,0,0,0,0,0,0,0,0,0,0,0,0
56830913,5133,32,2,0,0,0,0,0,0,0,0,0,0,0,0,0
56839866,5134,32,2,0,0,0,0,0,0,0,0,0,0,0,0,0
56848819,5135,48,2,0,0,0,0,0,0,0,0,0,0,0,0,0
56859501,5136,32,2,0,0,0,0,0,0,0,0,0,0,0,0,0
56868454,5137,32,2,0,0,0,0,0,0,0,0,0,0,0,0,0
56877407,5138,32,2,0,0,0,0,0,0,0,0,0,0,0,0,0
56886360,5139,32,2,0,0,0,0,0,0,0,0,0,0,0,0,0
56895313,5140,48,2,0,0,0,0,0,0,0,0,0,0,0,0,0
56905996,5141,32,2,0,0,0,0,0,0,0,0,0,0,0,0,0
56914948,5142,32,2,0,0,0,0,0,0,0,0,0,0,0,0,0
56923901,5143,32,2,0,0,0,0,0,0,0,0,0,0,0,0,0
56932854,5144,32,2,0,0,0,0,0,0,0,0,0,0,0,0,0
56941807,5145,48,2,0,0,0,0,0,0,0,0,0,0,0,0,0
56952489,5146,32,2,0,0,0,0,0,0,0,0,0,0,0,0,0
56961443,5147,32,2,0,0,0,0,0,0,0,0,0,0,0,0,0
56970395,5148,32,2,0,0,0,0,0,0,0,0,0,0,0,0,0
56979348,5149,32,2,0,0,0,0,0,0,0,0,0,0,0,0,0
56988301,5150,48,2,0,0,0,0,0,0,0,0,0,0,0,0,0
56998984,5151,32,2,0,0,0,0,0,0,0,0,0,0,0,0,0
57007936,5152,32,2,0,0,0,0,0,0,0,0,0,0,0,0,0
57016889,5153,32,2,0,0,0,0,0,0,0,0,0,0,0,0,0
57025842,5154,32,2,0,0,0,0,0,0,0,0,0,0,0,0,0
57034795,5155,48,2,0,0,0,0,0,0,0,0,0,0,0,0,0
57045477,5156,32,2,0,0,0,0,0,0,0,0,0,0,0,0,0
57054430,5157,32,2,0,0,0,0,0,0,0,0,0,0,0,0,0
57063383,5158,32,2,0,0,0,0,0,0,0,0,0,0,0,0,0
57072336,5159,32,2,0,0,0,0,0,0,0,0,0,0,0,0,0
57081289,5160,48,2,0,0,0,0,0,0,0,0,0,0,0,0,0
57091972,5161,32,2,0,0,0,0,0,0,0,0,0,0,0,0,0
57100924,5162,32,2,0,0,0,0,0,0,0,0,0,0,0,0,0
57109877,5163,32,2,0,0,0,0,0,0,0,0,0,0,0,0,0
57118830,5164,32,2,0,0,0,0,0,0,0,0,0,0,0,0,0
57127783,5165,48,2,0,0,0,0,0,0,0,0,0,0,0,0,0
57138465,5166,32,2,0,0,0,0,0,0,0,0,0,0,0,0,0
57147418,5167,32,2,0,0,0,0,0,0,0,0,0,0,0,0,0
57156372,5168,32,2,0,0,0,0,0,0,0,0,0,0,0,0,0
57165324,5169,32,2,0,0,0,0,0,0,0,0,0,0,0,0,0
57174277,5170,48,2,0,0,0,0,0,0,0,0,0,0,0,0,0
57184960,5171,32,2,0,0,0,0,0,0,0,0,0,0,0,0,0
57193912,5172,32,2,0,0,0,0,0,0,0,0,0,0,0,0,0
57202865,5173,32,2,0,0,0,0,0,0,0,0,0,0,0,0,0
57211818,5174,32,2,0,0,0,0,0,0,0,0,0,0,0,0,0
57220771,5175,48,2,0,0,0,0,0,0,0,0,0,0,0,0,0
57231453,5176,32,2,0,0,0,0,0,0,0,0,0,0,0,0,0
57240407,5177,32,2,0,0,0,0,0,0,0,0,0,0,0,0,0
57249360,5178,32,2,0,0,0,0,0,0,0,0,0,0,0,0,0
57258312,5179,32,2,0,0,0,0,0,0,0,0,0,0,0,0,0
57267265,5180,48,2,0,0,0,0,0,0,0,0,0,0,0,0,0
57277948,5181,32,2,0,0,0,0,0,0,0,0,0,0,0,0,0
57286900,5182,32,2,0,0,0,0,0,0,0,0,0,0,0,0,0
57295853,5183,32,2,0,0,0,0,0,0,0,0,0,0,0,0,0
57304806,5184,32,2,0,0,0,0,0,0,0,0,0,0,0,0,0
57313759,5185,48,2,0,0,0,0,0,0,0,0,0,0,0,0,0
57324441,5186,32,2,0,0,0,0,0,0,0,0,0,0,0,0,0
57333394,5187,32,2,0,0,0,0,0,0,0,0,0,0,0,0,0
57342347,5188,32,2,0,0,0,0,0,0,0,0,0,0,0,0,0
57351300,5189,32,2,0,0,0,0,0,0,0,0,0,0,0,0,0
57360253,5190,48,2,0,0,0,0,0,0,0,0,0,0,0,0,0
57370936,5191,32,2,0,0,0,0,0,0,0,0,0,0,0,0,0
57379888,5192,32,2,0,0,0,0,0,0,0,0,0,0,0,0,0
57388841,5193,32,2,0,0,0,0,0,0,0,0,0,0,0,0,0
57397794,5194,32,2,0,0,0,0,0,0,0,0,0,0,0,0,0
57406747,5195,48,2,0,0,0,0,0,0,0,0,0,0,0,0,0
57417429,5196,32,2,0,0,0,0,0,0,0,0,0,0,0,0,0
57426382,5197,32,2,0,0,0,0,0,0,0,0,0,0,0,0,0
57435335,5198,32,2,0,0,0,0,0,0,0,0,0,0,0,0,0
57444288,5199,32,2,0,0,0,0,0,0,0,0,0,0,0,0,0
57453241,5200,48,2,0,0,0,0,0,0,0,0,0,0,0,0,0
57463924,5201,32,2,0,0,0,0,0,0,0,0,0,0,0,0,0
57472876,5202,32,2,0,0,0,0,0,0,0,0,0,0,0,0,0
57481829,5203,32,2,0,0,0,0,0,0,0,0,0,0,0,0,0
57490783,5204,32,2,0,0,0,0,0,0,0,0,0,0,0,0,0
57499735,5205,48,2,0,0,0,0,0,0,0,0,0,0,0,0,0
57510417,5206,32,2,0,0,0,0,0,0,0,0,0,0,0,0,0
57519370,5207,32,2,0,0,0,0,0,0,0,0,0,0,0,0,0
57528323,5208,32,2,0,0,0,0,0,0,0,0,0,0,0,0,0
57537276,5209,32,2,0,0,0,0,0,0,0,0,0,0,0,0,0
57546229,5210,48,2,0,0,0,0,0,0,0,0,0,0,0,0,0
57556912,5211,32,2,0,0,0,0,0,0,0,0,0,0,0,0,0
57565864,5212,32,2,0,0,0,0,0,0,0,0,0,0,0,0,0
57574817,5213,32,2,0,0,0,0,0,0,0,0,0,0,0,0,0
57583770,5214,32,2,0,0,0,0,0,0,0,0,0,0,0,0,0
57592723,5215,48,2,0,0,0,0,0,0,0,0,0,0,0,0,0
57603405,5216,32,2,0,0,0,0,0,0,0,0,0,0,0,0,0
57612358,5217,32,2,0,0,0,0,0,0,0,0,0,0,0,0,0
57621311,5218,32,2,0,0,0,0,0,0,0,0,0,0,0,0,0
57630264,5219,32,2,0,0,0,0,0,0,0,0,0,0,0,0,0
57639217,5220,48,2,0,0,0,0,0,0,0,0,0,0,0,0,0
57649900,5221,32,2,0,0,0,0,0,0,0,0,0,0,0,0,0
57658852,5222,32,2,0,0,0,0,0,0,0,0,0,0,0,0,0
57667805,5223,32,2,0,0,0,0,0,0,0,0,0,0,0,0,0
57676758,5224,32,2,0,0,0,0,0,0,0,0,0,0,0,0,0
57685711,5225,48,2,0,0,0,0,0,0,0,0,0,0,0,0,0
57696393,5226,32,2,0,0,0,0,0,0,0,0,0,0,0,0,0
57705346,5227,32,2,0,0,0,0,0,0,0,0,0,0,0,0,0
57714299,5228,32,2,0,0,0,0,0,0,0,0,0,0,0,0,0
57723252,5229,32,2,0,0,0,0,0,0,0,0,0,0,0,0,0
57732205,5230,48,2,0,0,0,0,0,0,0,0,0,0,0,0,0
57742888,5231,32,2,0,0,0,0,0,0,0,0,0,0,0,0,0
57751840,5232,32,2,0,0,0,0,0,0,0,0,0,0,0,0,0
57760793,5233,32,2,0,0,0,0,0,0,0,0,0,0,0,0,0
57769747,5234,32,2,0,0,0,0,0,0,0,0,0,0,0,0,0
57778699,5235,48,2,0,0,0,0,0,0,0,0,0,0,0,0,0
57789381,5236,32,2,0,0,0,0,0,0,0,0,0,0,0,0,0
57798334,5237,32,2,0,0,0,0,0,0,0,0,0,0,0,0,0
57807287,5238,32,2,0,0,0,0,0,0,0,0,0,0,0,0,0
57816240,5239,32,2,0,0,0,0,0,0,0,0,0,0,0,0,0
57825193,5240,48,2,0,0,0,0,0,0,0,0,0,0,0,0,0
57835876,5241,32,2,0,0,0,0,0,0,0,0,0,0,0,0,0
57844828,5242,32,2,0,0,0,0,0,0,0,0,0,0,0,0,0
57853782,5243,32,2,0,0,0,0,0,0,0,0,0,0,0,0,0
57862734,5244,32,2,0,0,0,0,0,0,0,0,0,0,0,0,0
57871687,5245,48,2,0,0,0,0,0,0,0,0,0,0,0,0,0
57882369,5246,32,2,0,0,0,0,0,0,0,0,0,0,0,0,0
57891322,5247,32,2,0,0,0,0,0,0,0,0,0,0,0,0,0
57900275,5248,32,2,0,0,0,0,0,0,0,0,0,0,0,0,0
57909228,5249,32,2,0,0,0,0,0,0,0,0,0,0,0,0,0
57918181,5250,48,2,0,0,0,0,0,0,0,0,0,0,0,0,0
57928864,5251,32,2,0,0,0,0,0,0,0,0,0,0,0,0,0
57937816,5252,32,2,0,0,0,0,0,0,0,0,0,0,0,0,0
57946769,5253,32,2,0,0,0,0,0,0,0,0,0,0,0,0,0
57955722,5254,32,2,0,0,0,0,0,0,0,0,0,0,0,0,0
57964675,5255,48,2,0,0,0,0,0,0,0,0,0,0,0,0,0
57975357,5256,32,2,0,0,0,0,0,0,0,0,0,0,0,0,0
57984310,5257,32,2,0,0,0,0,0,0,0,0,0,0,0,0,0
57993263,5258,32,2,0,0,0,0,0,0,0,0,0,0,0,0,0
58002216,5259,32,2,0,0,0,0,0,0,0,0,0,0,0,0,0
58011169,5260,48,2,0,0,0,0,0,0,0,0,0,0,0,0,0
58021852,5261,32,2,0,0,0,0,0,0,0,0,0,0,0,0,0
58030804,5262,32,2,0,0,0,0,0,0,0,0,0,0,0,0,0
58039757,5263,32,2,0,0,0,0,0,0,0,0,0,0,0,0,0
58048710,5264,32,2,0,0,0,0,0,0,0,0,0,0,0,0,0
58057663,5265,48,2,0,0,0,0,0,0,0,0,0,0,0,0,0
58068345,5266,32,2,0,0,0,0,0,0,0,0,0,0,0,0,0
58077298,5267,32,2,0,0,0,0,0,0,0,0,0,0,0,0,0
58086252,5268,32,2,0,0,0,0,0,0,0,0,0,0,0,0,0
58095204,5269,32,2,0,0,0,0,0,0,0,0,0,0,0,0,0
58104157,5270,48,2,0,0,0,0,0,0,0,0,0,0,0,0,0
58119404,5271,32,2,0,0,0,0,0,0,0,0,0,0,0,0,0
58128345,5272,32,2,0,0,0,0,0,0,0,0,0,0,0,0,0
58137298,5273,32,2,0,0,0,0,0,0,0,0,0,0,0,0,0
58146252,5274,32,2,0,0,0,0,0,0,0,0,0,0,0,0,0
58155204,5275,48,2,0,0,0,0,0,0,0,0,0,0,0,0,0
58165886,5276,32,2,0,0,0,0,0,0,0,0,0,0,0,0,0
58174839,5277,32,2,0,0,0,0,0,0,0,0,0,0,0,0,0
58183792,5278,32,2,0,0,0,0,0,0,0,0,0,0,0,0,0
58192745,5279,32,2,0,0,0,0,0,0,0,0,0,0,0,0,0
58201698,5280,48,2,0,0,0,0,0,0,0,0,0,0,0,0,0
58212381,5281,32,2,0,0,0,0,0,0,0,0,0,0,0,0,0
58221333,5282,32,2,0,0,0,0,0,0,0,0,0,0,0,0,0
58230286,5283,32,2,0,0,0,0,0,0,0,0,0,0,0,0,0
58239239,5284,32,2,0,0,0,0,0,0,0,0,0,0,0,0,0
58248192,5285,48,2,0,0,0,0,0,0,0,0,0,0,0,0,0
58258874,5286,32,2,0,0,0,0,0,0,0,0,0,0,0,0,0
58267827,5287,32,2,0,0,0,0,0,0,0,0,0,0,0,0,0
58276780,5288,32,2,0,0,0,0,0,0,0,0,0,0,0,0,0
58285733,5289,32,2,0,0,0,0,0,0,0,0,0,0,0,0,0
58294686,5290,48,2,0,0,0,0,0,0,0,0,0,0,0,0,0
58305369,5291,32,2,0,0,0,0,0,0,0,0,0,0,0,0,0
58314321,5292,32,2,0,0,0,0,0,0,0,0,0,0,0,0,0
58323274,5293,32,2,0,0,0,0,0,0,0,0,0,0,0,0,0
58332227,5294,32,2,0,0,0,0,0,0,0,0,0,0,0,0,0
58341180,5295,48,2,0,0,0,0,0,0,0,0,0,0,0,0,0
58351862,5296,32,2,0,0,0,0,0,0,0,0,0,0,0,0,0
58360815,5297,32,2,0,0,0,0,0,0,0,0,0,0,0,0,0
58369768,5298,32,2,0,0,0,0,0,0,0,0,0,0,0,0,0
58378721,5299,32,2,0,0,0,0,0,0,0,0,0,0,0,0,0
58387674,5300,48,2,0,0,0,0,0,0,0,0,0,0,0,0,0
58398357,5301,32,2,0,0,0,0,0,0,0,0,0,0,0,0,0
58407309,5302,32,2,0,0,0,0,0,0,0,0,0,0,0,0,0
58416263,5303,32,2,0,0,0,0,0,0,0,0,0,0,0,0,0
58425215,5304,32,2,0,0,0,0,0,0,0,0,0,0,0,0,0
58434168,5305,48,2,0,0,0,0,0,0,0,0,0,0,0,0,0
58444850,5306,32,2,0,0,0,0,0,0,0,0,0,0,0,0,0
58453803,5307,32,2,0,0,0,0,0,0,0,0,0,0,0,0,0
58462756,5308,32,2,0,0,0,0,0,0,0,0,0,0,0,0,0
58471709,5309,32,2,0,0,0,0,0,0,0,0,0,0,0,0,0
58480662,5310,48,2,0,0,0,0,0,0,0,0,0,0,0,0,0
58491345,5311,32,2,0,0,0,0,0,0,0,0,0,0,0,0,0
58500297,5312,32,2,0,0,0,0,0,0,0,0,0,0,0,0,0
58509250,5313,32,2,0,0,0,0,0,0,0,0,0,0,0,0,0
58518203,5314,32,2,0,0,0,0,0,0,0,0,0,0,0,0,0
58527156,5315,48,2,0,0,0,0,0,0,0,0,0,0,0,0,0
58537838,5316,32,2,0,0,0,0,0,0,0,0,0,0,0,0,0
58546792,5317,32,2,0,0,0,0,0,0,0,0,0,0,0,0,0
58555744,5318,32,2,0,0,0,0,0,0,0,0,0,0,0,0,0
58564697,5319,32,2,0,0,0,0,0,0,0,0,0,0,0,0,0
58573650,5320,48,2,0,0,0,0,0,0,0,0,0,0,0,0,0
58584333,5321,32,2,0,0,0,0,0,0,0,0,0,0,0,0,0
58593285,5322,32,2,0,0,0,0,0,0,0,0,0,0,0,0,0
58602238,5323,32,2,0,0,0,0,0,0,0,0,0,0,0,0,0
58611191,5324,32,2,0,0,0,0,0,0,0,0,0,0,0,0,0
58620144,5325,48,2,0,0,0,0,0,0,0,0,0,0,0,0,0
58630826,5326,32,2,0,0,0,0,0,0,0,0,0,0,0,0,0
58639779,5327,32,2,0,0,0,0,0,0,0,0,0,0,0,0,0
58648732,5328,32,2,0,0,0,0,0,0,0,0,0,0,0,0,0
58657685,5329,32,2,0,0,0,0,0,0,0,0,0,0,0,0,0
58666638,5330,48,2,0,0,0,0,0,0,0,0,0,0,0,0,0
58677321,5331,32,2,0,0,0,0,0,0,0,0,0,0,0,0,0
58686273,5332,32,2,0,0,0,0,0,0,0,0,0,0,0,0,0
58695226,5333,32,2,0,0,0,0,0,0,0,0,0,0,0,0,0
58704179,5334,32,2,0,0,0,0,0,0,0,0,0,0,0,0,0
58713132,5335,48,2,0,0,0,0,0,0,0,0,0,0,0,0,0
58723814,5336,32,2,0,0,0,0,0,0,0,0,0,0,0,0,0
58732767,5337,32,2,0,0,0,0,0,0,0,0,0,0,0,0,0
58741720,5338,32,2,0,0,0,0,0,0,0,0,0,0,0,0,0
58750673,5339,32,2,0,0,0,0,0,0,0,0,0,0,0,0,0
58759626,5340,48,2,0,0,0,0,0,0,0,0,0,0,0,0,0
58770309,5341,32,2,0,0,0,0,0,0,0,0,0,0,0,0,0
58779262,5342,32,2,0,0,0,0,0,0,0,0,0,0,0,0,0
58788214,5343,32,2,0,0,0,0,0,0,0,0,0,0,0,0,0
58797167,5344,32,2,0,0,0,0,0,0,0,0,0,0,0,0,0
58806120,5345,48,2,0,0,0,0,0,0,0,0,0,0,0,0,0
58816802,5346,32,2,0,0,0,0,0,0,0,0,0,0,0,0,0
58825755,5347,32,2,0,0,0,0,0,0,0,0,0,0,0,0,0
58834708,5348,32,2,0,0,0,0,0,0,0,0,0,0,0,0,0
58843661,5349,32,2,0,0,0,0,0,0,0,0,0,0,0,0,0
58852615,5350,48,2,0,0,0,0,0,0,0,0,0,0,0,0,0
58863297,5351,32,2,0,0,0,0,0,0,0,0,0,0,0,0,0
58872249,5352,32,2,0,0,0,0,0,0,0,0,0,0,0,0,0
58881202,5353,32,2,0,0,0,0,0,0,0,0,0,0,0,0,0
58890155,5354,32,2,0,0,0,0,0,0,0,0,0,0,0,0,0
58899109,5355,48,2,0,0,0,0,0,0,0,0,0,0,0,0,0
58909790,5356,32,2,0,0,0,0,0,0,0,0,0,0,0,0,0
58918744,5357,32,2,0,0,0,0,0,0,0,0,0,0,0,0,0
58927696,5358,32,2,0,0,0,0,0,0,0,0,0,0,0,0,0
58936649,5359,32,2,0,0,0,0,0,0,0,0,0,0,0,0,0
58945602,5360,48,2,0,0,0,0,0,0,0,0,0,0,0,0,0
58956285,5361,32,2,0,0,0,0,0,0,0,0,0,0,0,0,0
58965237,5362,32,2,0,0,0,0,0,0,0,0,0,0,0,0,0
58974190,5363,32,2,0,0,0,0,0,0,0,0,0,0,0,0,0
58983143,5364,32,2,0,0,0,0,0,0,0,0,0,0,0,0,0
58992096,5365,48,2,0,0,0,0,0,0,0,0,0,0,0,0,0
59002792,5366,32,2,0,0,0,0,0,0,0,0,0,0,0,0,0
59011733,5367,32,2,0,0,0,0,0,0,0,0,0,0,0,0,0
59020686,5368,32,2,0,0,0,0,0,0,0,0,0,0,0,0,0
59029640,5369,32,2,0,0,0,0,0,0,0,0,0,0,0,0,0
59038592,5370,48,2,0,0,0,0,0,0,0,0,0,0,0,0,0
59049275,5371,32,2,0,0,0,0,0,0,0,0,0,0,0,0,0
59058227,5372,32,2,0,0,0,0,0,0,0,0,0,0,0,0,0
59067180,5373,32,2,0,0,0,0,0,0,0,0,0,0,0,0,0
59076133,5374,32,2,0,0,0,0,0,0,0,0,0,0,0,0,0
59085086,5375,48,2,0,0,0,0,0,0,0,0,0,0,0,0,0
59095768,5376,32,2,0,0,0,0,0,0,0,0,0,0,0,0,0
59104721,5377,32,2,0,0,0,0,0,0,0,0,0,0,0,0,0
59113674,5378,32,2,0,0,0,0,0,0,0,0,0,0,0,0,0
59122627,5379,32,2,0,0,0,0,0,0,0,0,0,0,0,0,0
59131580,5380,48,2,0,0,0,0,0,0,0,0,0,0,0,0,0
59142263,5381,32,2,0,0,0,0,0,0,0,0,0,0,0,0,0
59151215,5382,32,2,0,0,0,0,0,0,0,0,0,0,0,0,0
59160168,5383,32,2,0,0,0,0,0,0,0,0,0,0,0,0,0
59169121,5384,32,2,0,0,0,0,0,0,0,0,0,0,0,0,0
59178074,5385,48,2,0,0,0,0,0,0,0,0,0,0,0,0,0
59188756,5386,32,2,0,0,0,0,0,0,0,0,0,0,0,0,0
59197709,5387,32,2,0,0,0,0,0,0,0,0,0,0,0,0,0
59206662,5388,32,2,0,0,0,0,0,0,0,0,0,0,0,0,0
59215615,5389,32,2,0,0,0,0,0,0,0,0,0,0,0,0,0
59224569,5390,48,2,0,0,0,0,0,0,0,0,0,0,0,0,0
59235251,5391,32,2,0,0,0,0,0,0,0,0,0,0,0,0,0
59244203,5392,32,2,0,0,0,0,0,0,0,0,0,0,0,0,0
59253156,5393,32,2,0,0,0,0,0,0,0,0,0,0,0,0,0
59262109,5394,32,2,0,0,0,0,0,0,0,0,0,0,0,0,0
59271062,5395,48,2,0,0,0,0,0,0,0,0,0,0,0,0,0
59281744,5396,32,2,0,0,0,0,0,0,0,0,0,0,0,0,0
59290697,5397,32,2,0,0,0,0,0,0,0,0,0,0,0,0,0
59299650,5398,32,2,0,0,0,0,0,0,0,0,0,0,0,0,0
59308603,5399,32,2,0,0,0,0,0,0,0,0,0,0,0,0,0
59317556,5400,48,2,0,0,0,0,0,0,0,0,0,0,0,0,0
59328239,5401,32,2,0,0,0,0,0,0,0,0,0,0,0,0,0
59337191,5402,32,2,0,0,0,0,0,0,0,0,0,0,0,0,0
59346144,5403,32,2,0,0,0,0,0,0,0,0,0,0,0,0,0
59355097,5404,32,2,0,0,0,0,0,0,0,0,0,0,0,0,0
59364050,5405,48,2,0,0,0,0,0,0,0,0,0,0,0,0,0
59374732,5406,32,2,0,0,0,0,0,0,0,0,0,0,0,0,0
59383685,5407,32,2,0,0,0,0,0,0,0,0,0,0,0,0,0
59392638,5408,32,2,0,0,0,0,0,0,0,0,0,0,0,0,0
59401591,5409,32,2,0,0,0,0,0,0,0,0,0,0,0,0,0
59410544,5410,48,2,0,0,0,0,0,0,0,0,0,0,0,0,0
59421227,5411,32,2,0,0,0,0,0,0,0,0,0,0,0,0,0
59430179,5412,32,2,0,0,0,0,0,0,0,0,0,0,0,0,0
59439132,5413,32,2,0,0,0,0,0,0,0,0,0,0,0,0,0
59448085,5414,32,2,0,0,0,0,0,0,0,0,0,0,0,0,0
59457038,5415,48,2,0,0,0,0,0,0,0,0,0,0,0,0,0
59467720,5416,32,2,0,0,0,0,0,0,0,0,0,0,0,0,0
59476673,5417,32,2,0,0,0,0,0,0,0,0,0,0,0,0,0
59485626,5418,32,2,0,0,0,0,0,0,0,0,0,0,0,0,0
59494579,5419,32,2,0,0,0,0,0,0,0,0,0,0,0,0,0
59503532,5420,48,2,0,0,0,0,0,0,0,0,0,0,0,0,0
59514215,5421,32,2,0,0,0,0,0,0,0,0,0,0,0,0,0
59523167,5422,32,2,0,0,0,0,0,0,0,0,0,0,0,0,0
59532121,5423,32,2,0,0,0,0,0,0,0,0,0,0,0,0,0
59541073,5424,32,2,0,0,0,0,0,0,0,0,0,0,0,0,0
59550026,5425,48,2,0,0,0,0,0,0,0,0,0,0,0,0,0
59560708,5426,32,2,0,0,0,0,0,0,0,0,0,0,0,0,0
59569661,5427,32,2,0,0,0,0,0,0,0,0,0,0,0,0,0
59578615,5428,32,2,0,0,0,0,0,0,0,0,0,0,0,0,0
59587567,5429,32,2,0,0,0,0,0,0,0,0,0,0,0,0,0
59596520,5430,48,2,0,0,0,0,0,0,0,0,0,0,0,0,0
59607203,5431,32,2,0,0,0,0,0,0,0,0,0,0,0,0,0
59616155,5432,32,2,0,0,0,0,0,0,0,0,0,0,0,0,0
59625108,5433,32,2,0,0,0,0,0,0,0,0,0,0,0,0,0
59634061,5434,32,2,0,0,0,0,0,0,0,0,0,0,0,0,0
59643014,5435,48,2,0,0,0,0,0,0,0,0,0,0,0,0,0
59653696,5436,32,2,0,0,0,0,0,0,0,0,0,0,0,0,0
59662650,5437,32,2,0,0,0,0,0,0,0,0,0,0,0,0,0
59671602,5438,32,2,0,0,0,0,0,0,0,0,0,0,0,0,0
59680555,5439,32,2,0,0,0,0,0,0,0,0,0,0,0,0,0
59689509,5440,48,2,0,0,0,0,0,0,0,0,0,0,0,0,0
59706695,5441,32,2,0,0,0,0,0,0,0,0,0,0,0,0,0
59715636,5442,32,2,0,0,0,0,0,0,0,0,0,0,0,0,0
59724589,5443,32,2,0,0,0,0,0,0,0,0,0,0,0,0,0
59733542,5444,32,2,0,0,0,0,0,0,0,0,0,0,0,0,0
59742495,5445,48,2,0,0,0,0,0,0,0,0,0,0,0,0,0
59753177,5446,32,2,0,0,0,0,0,0,0,0,0,0,0,0,0
59762130,5447,32,2,0,0,0,0,0,0,0,0,0,0,0,0,0
59771083,5448,32,2,0,0,0,0,0,0,0,0,0,0,0,0,0
59780036,5449,32,2,0,0,0,0,0,0,0,0,0,0,0,0,0
59788990,5450,48,2,0,0,0,0,0,0,0,0,0,0,0,0,0
59799672,5451,32,2,0,0,0,0,0,0,0,0,0,0,0,0,0
59808624,5452,32,2,0,0,0,0,0,0,0,0,0,0,0,0,0
59817577,5453,32,2,0,0,0,0,0,0,0,0,0,0,0,0,0
59826530,5454,32,2,0,0,0,0,0,0,0,0,0,0,0,0,0
59835484,5455,48,2,0,0,0,0,0,0,0,0,0,0,0,0,0
59846165,5456,32,2,0,0,0,0,0,0,0,0,0,0,0,0,0
59855118,5457,32,2,0,0,0,0,0,0,0,0,0,0,0,0,0
59864071,5458,32,2,0,0,0,0,0,0,0,0,0,0,0,0,0
59873024,5459,32,2,0,0,0,0,0,0,0,0,0,0,0,0,0
59881978,5460,48,2,0,0,0,0,0,0,0,0,0,0,0,0,0
59892660,5461,32,2,0,0,0,0,0,0,0,0,0,0,0,0,0
59901612,5462,32,2,0,0,0,0,0,0,0,0,0,0,0,0,0
59910565,5463,32,2,0,0,0,0,0,0,0,0,0,0,0,0,0
59919518,5464,32,2,0,0,0,0,0,0,0,0,0,0,0,0,0
59928471,5465,48,2,0,0,0,0,0,0,0,0,0,0,0,0,0
59939153,5466,32,2,0,0,0,0,0,0,0,0,0,0,0,0,0
59948106,5467,32,2,0,0,0,0,0,0,0,0,0,0,0,0,0
59957059,5468,32,2,0,0,0,0,0,0,0,0,0,0,0,0,0
59966012,5469,32,2,0,0,0,0,0,0,0,0,0,0,0,0,0
59974965,5470,48,2,0,0,0,0,0,0,0,0,0,0,0,0,0
59985648,5471,32,2,0,0,0,0,0,0,0,0,0,0,0,0,0
59994600,5472,32,2,0,0,0,0,0,0,0,0,0,0,0,0,0
60003553,5473,32,2,0,0,0,0,0,0,0,0,0,0,0,0,0
60012506,5474,32,2,0,0,0,0,0,0,0,0,0,0,0,0,0
60021459,5475,48,2,0,0,0,0,0,0,0,0,0,0,0,0,0
60032141,5476,32,2,0,0,0,0,0,0,0,0,0,0,0,0,0
60041094,5477,32,2,0,0,0,0,0,0,0,0,0,0,0,0,0
60050047,5478,32,2,0,0,0,0,0,0,0,0,0,0,0,0,0
60059001,5479,32,2,0,0,0,0,0,0,0,0,0,0,0,0,0
60067953,5480,48,2,0,0,0,0,0,0,0,0,0,0,0,0,0
60078636,5481,32,2,0,0,0,0,0,0,0,0,0,0,0,0,0
60087588,5482,32,2,0,0,0,0,0,0,0,0,0,0,0,0,0
60096541,5483,32,2,0,0,0,0,0,0,0,0,0,0,0,0,0
60105494,5484,32,2,0,0,0,0,0,0,0,0,0,0,0,0,0
60114447,5485,48,2,0,0,0,0,0,0,0,0,0,0,0,0,0
60125129,5486,32,2,0,0,0,0,0,0,0,0,0,0,0,0,0
60134082,5487,32,2,0,0,0,0,0,0,0,0,0,0,0,0,0
60143035,5488,32,2,0,0,0,0,0,0,0,0,0,0,0,0,0
60151988,5489,32,2,0,0,0,0,0,0,0,0,0,0,0,0,0
60160942,5490,48,2,0,0,0,0,0,0,0,0,0,0,0,0,0
60171624,5491,32,2,0,0,0,0,0,0,0,0,0,0,0,0,0
60180576,5492,32,2,0,0,0,0,0,0,0,0,0,0,0,0,0
60189529,5493,32,2,0,0,0,0,0,0,0,0,0,0,0,0,0
60198482,5494,32,2,0,0,0,0,0,0,0,0,0,0,0,0,0
60207435,5495,48,2,0,0,0,0,0,0,0,0,0,0,0,0,0
60218117,5496,32,2,0,0,0,0,0,0,0,0,0,0,0,0,0
60227070,5497,32,2,0,0,0,0,0,0,0,0,0,0,0,0,0
60236023,5498,32,2,0,0,0,0,0,0,0,0,0,0,0,0,0
60244976,5499,32,2,0,0,0,0,0,0,0,0,0,0,0,0,0
60253929,5500,48,2,0,0,0,0,0,0,0,0,0,0,0,0,0
60264612,5501,32,2,0,0,0,0,0,0,0,0,0,0,0,0,0
60273564,5502,32,2,0,0,0,0,0,0,0,0,0,0,0,0,0
60282518,5503,32,2,0,0,0,0,0,0,0,0,0,0,0,0,0
60291471,5504,32,2,0,0,0,0,0,0,0,0,0,0,0,0,0
60300423,5505,48,2,0,0,0,0,0,0,0,0,0,0,0,0,0
60311105,5506,32,2,0,0,0,0,0,0,0,0,0,0,0,0,0
60320058,5507,32,2,0,0,0,0,0,0,0,0,0,0,0,0,0
60329011,5508,32,2,0,0,0,0,0,0,0,0,0,0,0,0,0
60337964,5509,32,2,0,0,0,0,0,0,0,0,0,0,0,0,0
60346918,5510,48,2,0,0,0,0,0,0,0,0,0,0,0,0,0
60357600,5511,32,2,0,0,0,0,0,0,0,0,0,0,0,0,0
60366552,5512,32,2,0,0,0,0,0,0,0,0,0,0,0,0,0
60375505,5513,32,2,0,0,0,0,0,0,0,0,0,0,0,0,0
60384458,5514,32,2,0,0,0,0,0,0,0,0,0,0,0,0,0
60393411,5515,48,2,0,0,0,0,0,0,0,0,0,0,0,0,0
60404093,5516,32,2,0,0,0,0,0,0,0,0,0,0,0,0,0
60413046,5517,32,2,0,0,0,0,0,0,0,0,0,0,0,0,0
60421999,5518,32,2,0,0,0,0,0,0,0,0,0,0,0,0,0
60430952,5519,32,2,0,0,0,0,0,0,0,0,0,0,0,0,0
60439905,5520,48,2,0,0,0,0,0,0,0,0,0,0,0,0,0
60450588,5521,32,2,0,0,0,0,0,0,0,0,0,0,0,0,0
60459540,5522,32,2,0,0,0,0,0,0,0,0,0,0,0,0,0
60468493,5523,32,2,0,0,0,0,0,0,0,0,0,0,0,0,0
60477446,5524,32,2,0,0,0,0,0,0,0,0,0,0,0,0,0
60486399,5525,48,2,0,0,0,0,0,0,0,0,0,0,0,0,0
60497081,5526,32,2,0,0,0,0,0,0,0,0,0,0,0,0,0
60506034,5527,32,2,0,0,0,0,0,0,0,0,0,0,0,0,0
60514987,5528,32,2,0,0,0,0,0,0,0,0,0,0,0,0,0
60523941,5529,32,2,0,0,0,0,0,0,0,0,0,0,0,0,0
60532893,5530,48,2,0,0,0,0,0,0,0,0,0,0,0,0,0
60543576,5531,32,2,0,0,0,0,0,0,0,0,0,0,0,0,0
60552528,5532,32,2,0,0,0,0,0,0,0,0,0,0,0,0,0
60561481,5533,32,2,0,0,0,0,0,0,0,0,0,0,0,0,0
60570434,5534,32,2,0,0,0,0,0,0,0,0,0,0,0,0,0
60579387,5535,48,2,0,0,0,0,0,0,0,0,0,0,0,0,0
60590069,5536,32,2,0,0,0,0,0,0,0,0,0,0,0,0,0
60599022,5537,32,2,0,0,0,0,0,0,0,0,0,0,0,0,0
60607975,5538,32,2,0,0,0,0,0,0,0,0,0,0,0,0,0
60616928,5539,32,2,0,0,0,0,0,0,0,0,0,0,0,0,0
60625881,5540,48,2,0,0,0,0,0,0,0,0,0,0,0,0,0
60636564,5541,32,2,0,0,0,0,0,0,0,0,0,0,0,0,0
60645516,5542,32,2,0,0,0,0,0,0,0,0,0,0,0,0,0
60654469,5543,32,2,0,0,0,0,0,0,0,0,0,0,0,0,0
60663422,5544,32,2,0,0,0,0,0,0,0,0,0,0,0,0,0
60672375,5545,48,2,0,0,0,0,0,0,0,0,0,0,0,0,0
60683057,5546,32,2,0,0,0,0,0,0,0,0,0,0,0,0,0
60692010,5547,32,2,0,0,0,0,0,0,0,0,0,0,0,0,0
60700963,5548,32,2,0,0,0,0,0,0,0,0,0,0,0,0,0
60709916,5549,32,2,0,0,0,0,0,0,0,0,0,0,0,0,0
60718869,5550,48,2,0,0,0,0,0,0,0,0,0,0,0,0,0
60729552,5551,32,2,0,0,0,0,0,0,0,0,0,0,0,0,0
60738504,5552,32,2,0,0,0,0,0,0,0,0,0,0,0,0,0
60747458,5553,32,2,0,0,0,0,0,0,0,0,0,0,0,0,0
60756410,5554,32,2,0,0,0,0,0,0,0,0,0,0,0,0,0
60765363,5555,48,2,0,0,0,0,0,0,0,0,0,0,0,0,0
60776045,5556,32,2,0,0,0,0,0,0,0,0,0,0,0,0,0
60784998,5557,32,2,0,0,0,0,0,0,0,0,0,0,0,0,0
60793951,5558,32,2,0,0,0,0,0,0,0,0,0,0,0,0,0
60802904,5559,32,2,0,0,0,0,0,0,0,0,0,0,0,0,0
60811857,5560,48,2,0,0,0,0,0,0,0,0,0,0,0,0,0
60822540,5561,32,2,0,0,0,0,0,0,0,0,0,0,0,0,0
60831492,5562,32,2,0,0,0,0,0,0,0,0,0,0,0,0,0
60840445,5563,32,2,0,0,0,0,0,0,0,0,0,0,0,0,0
60849398,5564,32,2,0,0,0,0,0,0,0,0,0,0,0,0,0
60858352,5565,48,2,0,0,0,0,0,0,0,0,0,0,0,0,0
60869034,5566,32,2,0,0,0,0,0,0,0,0,0,0,0,0,0
60877986,5567,32,2,0,0,0,0,0,0,0,0,0,0,0,0,0
60886939,5568,32,2,0,0,0,0,0,0,0,0,0,0,0,0,0
60895892,5569,32,2,0,0,0,0,0,0,0,0,0,0,0,0,0
60904845,5570,48,2,0,0,0,0,0,0,0,0,0,0,0,0,0
60915528,5571,32,2,0,0,0,0,0,0,0,0,0,0,0,0,0
60924480,5572,32,2,0,0,0,0,0,0,0,0,0,0,0,0,0
60933433,5573,32,2,0,0,0,0,0,0,0,0,0,0,0,0,0
60942386,5574,32,2,0,0,0,0,0,0,0,0,0,0,0,0,0
60951339,5575,48,2,0,0,0,0,0,0,0,0,0,0,0,0,0
60962021,5576,32,2,0,0,0,0,0,0,0,0,0,0,0,0,0
60970974,5577,32,2,0,0,0,0,0,0,0,0,0,0,0,0,0
60979927,5578,32,2,0,0,0,0,0,0,0,0,0,0,0,0,0
60988880,5579,32,2,0,0,0,0,0,0,0,0,0,0,0,0,0
60997833,5580,48,2,0,0,0,0,0,0,0,0,0,0,0,0,0
61008516,5581,32,2,0,0,0,0,0,0,0,0,0,0,0,0,0
61017468,5582,32,2,0,0,0,0,0,0,0,0,0,0,0,0,0
61026422,5583,32,2,0,0,0,0,0,0,0,0,0,0,0,0,0
61035374,5584,32,2,0,0,0,0,0,0,0,0,0,0,0,0,0
61044327,5585,48,2,0,0,0,0,0,0,0,0,0,0,0,0,0
61055009,5586,32,2,0,0,0,0,0,0,0,0,0,0,0,0,0
61063962,5587,32,2,0,0,0,0,0,0,0,0,0,0,0,0,0
61072915,5588,32,2,0,0,0,0,0,0,0,0,0,0,0,0,0
61081868,5589,32,2,0,0,0,0,0,0,0,0,0,0,0,0,0
61090821,5590,48,2,0,0,0,0,0,0,0,0,0,0,0,0,0
61101504,5591,32,2,0,0,0,0,0,0,0,0,0,0,0,0,0
61110456,5592,32,2,0,0,0,0,0,0,0,0,0,0,0,0,0
61119410,5593,32,2,0,0,0,0,0,0,0,0,0,0,0,0,0
61128362,5594,32,2,0,0,0,0,0,0,0,0,0,0,0,0,0
61137315,5595,48,2,0,0,0,0,0,0,0,0,0,0,0,0,0
61147997,5596,32,2,0,0,0,0,0,0,0,0,0,0,0,0,0
61156950,5597,32,2,0,0,0,0,0,0,0,0,0,0,0,0,0
61165903,5598,32,2,0,0,0,0,0,0,0,0,0,0,0,0,0
61174856,5599,32,2,0,0,0,0,0,0,0,0,0,0,0,0,0
61183809,5600,48,2,0,0,0,0,0,0,0,0,0,0,0,0,0
61194492,5601,32,2,0,0,0,0,0,0,0,0,0,0,0,0,0
61203444,5602,32,2,0,0,0,0,0,0,0,0,0,0,0,0,0
61212397,5603,32,2,0,0,0,0,0,0,0,0,0,0,0,0,0
61221350,5604,32,2,0,0,0,0,0,0,0,0,0,0,0,0,0
61230303,5605,48,2,0,0,0,0,0,0,0,0,0,0,0,0,0
61240985,5606,32,2,0,0,0,0,0,0,0,0,0,0,0,0,0
61249938,5607,32,2,0,0,0,0,0,0,0,0,0,0,0,0,0
61258891,5608,32,2,0,0,0,0,0,0,0,0,0,0,0,0,0
61267844,5609,32,2,0,0,0,0,0,0,0,0,0,0,0,0,0
61276797,5610,48,2,0,0,0,0,0,0,0,0,0,0,0,0,0
61291660,5611,32,2,0,0,0,0,0,0,0,0,0,0,0,0,0
61300602,5612,32,2,0,0,0,0,0,0,0,0,0,0,0,0,0
61309554,5613,32,2,0,0,0,0,0,0,0,0,0,0,0,0,0
61318507,5614,32,2,0,0,0,0,0,0,0,0,0,0,0,0,0
61327460,5615,48,2,0,0,0,0,0,0,0,0,0,0,0,0,0
61338142,5616,32,2,0,0,0,0,0,0,0,0,0,0,0,0,0
61347095,5617,32,2,0,0,0,0,0,0,0,0,0,0,0,0,0
61356048,5618,32,2,0,0,0,0,0,0,0,0,0,0,0,0,0
61365001,5619,32,2,0,0,0,0,0,0,0,0,0,0,0,0,0
61373954,5620,48,2,0,0,0,0,0,0,0,0,0,0,0,0,0
61384637,5621,32,2,0,0,0,0,0,0,0,0,0,0,0,0,0
61393589,5622,32,2,0,0,0,0,0,0,0,0,0,0,0,0,0
61402542,5623,32,2,0,0,0,0,0,0,0,0,0,0,0,0,0
61411495,5624,32,2,0,0,0,0,0,0,0,0,0,0,0,0,0
61420449,5625,48,2,0,0,0,0,0,0,0,0,0,0,0,0,0
61431130,5626,32,2,0,0,0,0,0,0,0,0,0,0,0,0,0
61440083,5627,32,2,0,0,0,0,0,0,0,0,0,0,0,0,0
61449036,5628,32,2,0,0,0,0,0,0,0,0,0,0,0,0,0
61457990,5629,32,2,0,0,0,0,0,0,0,0,0,0,0,0,0
61466942,5630,48,2,0,0,0,0,0,0,0,0,0,0,0,0,0
61477625,5631,32,2,0,0,0,0,0,0,0,0,0,0,0,0,0
61486577,5632,32,2,0,0,0,0,0,0,0,0,0,0,0,0,0
61495530,5633,32,2,0,0,0,0,0,0,0,0,0,0,0,0,0
61504484,5634,32,2,0,0,0,0,0,0,0,0,0,0,0,0,0
61513436,5635,48,2,0,0,0,0,0,0,0,0,0,0,0,0,0
61524118,5636,32,2,0,0,0,0,0,0,0,0,0,0,0,0,0
61533071,5637,32,2,0,0,0,0,0,0,0,0,0,0,0,0,0
61542024,5638,32,2,0,0,0,0,0,0,0,0,0,0,0,0,0
61550978,5639,32,2,0,0,0,0,0,0,0,0,0,0,0,0,0
61559930,5640,48,2,0,0,0,0,0,0,0,0,0,0,0,0,0
61570613,5641,32,2,0,0,0,0,0,0,0,0,0,0,0,0,0
61579565,5642,32,2,0,0,0,0,0,0,0,0,0,0,0,0,0
61588519,5643,32,2,0,0,0,0,0,0,0,0,0,0,0,0,0
61597472,5644,32,2,0,0,0,0,0,0,0,0,0,0,0,0,0
61606424,5645,48,2,0,0,0,0,0,0,0,0,0,0,0,0,0
61617106,5646,32,2,0,0,0,0,0,0,0,0,0,0,0,0,0
61626059,5647,32,2,0,0,0,0,0,0,0,0,0,0,0,0,0
61635012,5648,32,2,0,0,0,0,0,0,0,0,0,0,0,0,0
61643965,5649,32,2,0,0,0,0,0,0,0,0,0,0,0,0,0
61652918,5650,48,2,0,0,0,0,0,0,0,0,0,0,0,0,0
61663601,5651,32,2,0,0,0,0,0,0,0,0,0,0,0,0,0
61672553,5652,32,2,0,0,0,0,0,0,0,0,0,0,0,0,0
61681506,5653,32,2,0,0,0,0,0,0,0,0,0,0,0,0,0
61690459,5654,32,2,0,0,0,0,0,0,0,0,0,0,0,0,0
61699412,5655,48,2,0,0,0,0,0,0,0,0,0,0,0,0,0
61710095,5656,32,2,0,0,0,0,0,0,0,0,0,0,0,0,0
61719047,5657,32,2,0,0,0,0,0,0,0,0,0,0,0,0,0
61728000,5658,32,2,0,0,0,0,0,0,0,0,0,0,0,0,0
61736953,5659,32,2,0,0,0,0,0,0,0,0,0,0,0,0,0
61745906,5660,48,2,0,0,0,0,0,0,0,0,0,0,0,0,0
61756589,5661,32,2,0,0,0,0,0,0,0,0,0,0,0,0,0
61765541,5662,32,2,0,0,0,0,0,0,0,0,0,0,0,0,0
61774494,5663,32,2,0,0,0,0,0,0,0,0,0,0,0,0,0
61783447,5664,32,2,0,0,0,0,0,0,0,0,0,0,0,0,0
61792400,5665,48,2,0,0,0,0,0,0,0,0,0,0,0,0,0
61803082,5666,32,2,0,0,0,0,0,0,0,0,0,0,0,0,0
61812035,5667,32,2,0,0,0,0,0,0,0,0,0,0,0,0,0
61820988,5668,32,2,0,0,0,0,0,0,0,0,0,0,0,0,0
61829941,5669,32,2,0,0,0,0,0,0,0,0,0,0,0,0,0
61838894,5670,48,2,0,0,0,0,0,0,0,0,0,0,0,0,0
61849577,5671,32,2,0,0,0,0,0,0,0,0,0,0,0,0,0
61858529,5672,32,2,0,0,0,0,0,0,0,0,0,0,0,0,0
61867482,5673,32,2,0,0,0,0,0,0,0,0,0,0,0,0,0
61876435,5674,32,2,0,0,0,0,0,0,0,0,0,0,0,0,0
61885388,5675,48,2,0,0,0,0,0,0,0,0,0,0,0,0,0
61896070,5676,32,2,0,0,0,0,0,0,0,0,0,0,0,0,0
61905023,5677,32,2,0,0,0,0,0,0,0,0,0,0,0,0,0
61913976,5678,32,2,0,0,0,0,0,0,0,0,0,0,0,0,0
61922929,5679,32,2,0,0,0,0,0,0,0,0,0,0,0,0,0
61931882,5680,48,2,0,0,0,0,0,0,0,0,0,0,0,0,0
61942565,5681,32,2,0,0,0,0,0,0,0,0,0,0,0,0,0
61951517,5682,32,2,0,0,0,0,0,0,0,0,0,0,0,0,0
61960470,5683,32,2,0,0,0,0,0,0,0,0,0,0,0,0,0
61969423,5684,32,2,0,0,0,0,0,0,0,0,0,0,0,0,0
61978376,5685,48,2,0,0,0,0,0,0,0,0,0,0,0,0,0
61989058,5686,32,2,0,0,0,0,0,0,0,0,0,0,0,0,0
61998011,5687,32,2,0,0,0,0,0,0,0,0,0,0,0,0,0
62006964,5688,32,2,0,0,0,0,0,0,0,0,0,0,0,0,0
62015917,5689,32,2,0,0,0,0,0,0,0,0,0,0,0,0,0
62024870,5690,48,2,0,0,0,0,0,0,0,0,0,0,0,0,0
62035553,5691,32,2,0,0,0,0,0,0,0,0,0,0,0,0,0
62044505,5692,32,2,0,0,0,0,0,0,0,0,0,0,0,0,0
62053458,5693,32,2,0,0,0,0,0,0,0,0,0,0,0,0,0
62062411,5694,32,2,0,0,0,0,0,0,0,0,0,0,0,0,0
62071364,5695,48,2,0,0,0,0,0,0,0,0,0,0,0,0,0
62082046,5696,32,2,0,0,0,0,0,0,0,0,0,0,0,0,0
62090999,5697,32,2,0,0,0,0,0,0,0,0,0,0,0,0,0
62099952,5698,32,2,0,0,0,0,0,0,0,0,0,0,0,0,0
62108905,5699,32,2,0,0,0,0,0,0,0,0,0,0,0,0,0
62117858,5700,48,2,0,0,0,0,0,0,0,0,0,0,0,0,0
62128541,5701,32,2,0,0,0,0,0,0,0,0,0,0,0,0,0
62137494,5702,32,2,0,0,0,0,0,0,0,0,0,0,0,0,0
62146446,5703,32,2,0,0,0,0,0,0,0,0,0,0,0,0,0
62155399,5704,32,2,0,0,0,0,0,0,0,0,0,0,0,0,0
62164352,5705,48,2,0,0,0,0,0,0,0,0,0,0,0,0,0
62175034,5706,32,2,0,0,0,0,0,0,0,0,0,0,0,0,0
62183987,5707,32,2,0,0,0,0,0,0,0,0,0,0,0,0,0
62192940,5708,32,2,0,0,0,0,0,0,0,0,0,0,0,0,0
62201893,5709,32,2,0,0,0,0,0,0,0,0,0,0,0,0,0
62210846,5710,48,2,0,0,0,0,0,0,0,0,0,0,0,0,0
62221529,5711,32,2,0,0,0,0,0,0,0,0,0,0,0,0,0
62230481,5712,32,2,0,0,0,0,0,0,0,0,0,0,0,0,0
62239434,5713,32,2,0,0,0,0,0,0,0,0,0,0,0,0,0
62248387,5714,32,2,0,0,0,0,0,0,0,0,0,0,0,0,0
62257340,5715,48,2,0,0,0,0,0,0,0,0,0,0,0,0,0
62268022,5716,32,2,0,0,0,0,0,0,0,0,0,0,0,0,0
62276975,5717,32,2,0,0,0,0,0,0,0,0,0,0,0,0,0
62285928,5718,32,2,0,0,0,0,0,0,0,0,0,0,0,0,0
62294881,5719,32,2,0,0,0,0,0,0,0,0,0,0,0,0,0
62303834,5720,48,2,0,0,0,0,0,0,0,0,0,0,0,0,0
62314517,5721,32,2,0,0,0,0,0,0,0,0,0,0,0,0,0
62323469,5722,32,2,0,0,0,0,0,0,0,0,0,0,0,0,0
62332422,5723,32,2,0,0,0,0,0,0,0,0,0,0,0,0,0
62341375,5724,32,2,0,0,0,0,0,0,0,0,0,0,0,0,0
62350328,5725,48,2,0,0,0,0,0,0,0,0,0,0,0,0,0
62361011,5726,32,2,0,0,0,0,0,0,0,0,0,0,0,0,0
62369963,5727,32,2,0,0,0,0,0,0,0,0,0,0,0,0,0
62378916,5728,32,2,0,0,0,0,0,0,0,0,0,0,0,0,0
62387869,5729,32,2,0,0,0,0,0,0,0,0,0,0,0,0,0
62396822,5730,48,2,0,0,0,0,0,0,0,0,0,0,0,0,0
62407505,5731,32,2,0,0,0,0,0,0,0,0,0,0,0,0,0
62416457,5732,32,2,0,0,0,0,0,0,0,0,0,0,0,0,0
62425410,5733,32,2,0,0,0,0,0,0,0,0,0,0,0,0,0
62434363,5734,32,2,0,0,0,0,0,0,0,0,0,0,0,0,0
62443316,5735,48,2,0,0,0,0,0,0,0,0,0,0,0,0,0
62453998,5736,32,2,0,0,0,0,0,0,0,0,0,0,0,0,0
62462951,5737,32,2,0,0,0,0,0,0,0,0,0,0,0,0,0
62471904,5738,32,2,0,0,0,0,0,0,0,0,0,0,0,0,0
62480857,5739,32,2,0,0,0,0,0,0,0,0,0,0,0,0,0
62489810,5740,48,2,0,0,0,0,0,0,0,0,0,0,0,0,0
62500493,5741,32,2,0,0,0,0,0,0,0,0,0,0,0,0,0
62509445,5742,32,2,0,0,0,0,0,0,0,0,0,0,0,0,0
62518399,5743,32,2,0,0,0,0,0,0,0,0,0,0,0,0,0
62527351,5744,32,2,0,0,0,0,0,0,0,0,0,0,0,0,0
62536304,5745,48,2,0,0,0,0,0,0,0,0,0,0,0,0,0
62546986,5746,32,2,0,0,0,0,0,0,0,0,0,0,0,0,0
62555939,5747,32,2,0,0,0,0,0,0,0,0,0,0,0,0,0
62564892,5748,32,2,0,0,0,0,0,0,0,0,0,0,0,0,0
62573845,5749,32,2,0,0,0,0,0,0,0,0,0,0,0,0,0
62582798,5750,48,2,0,0,0,0,0,0,0,0,0,0,0,0,0
62593481,5751,32,2,0,0,0,0,0,0,0,0,0,0,0,0,0
62602433,5752,32,2,0,0,0,0,0,0,0,0,0,0,0,0,0
62611386,5753,32,2,0,0,0,0,0,0,0,0,0,0,0,0,0
62620339,5754,32,2,0,0,0,0,0,0,0,0,0,0,0,0,0
62629292,5755,48,2,0,0,0,0,0,0,0,0,0,0,0,0,0
62639974,5756,32,2,0,0,0,0,0,0,0,0,0,0,0,0,0
62648927,5757,32,2,0,0,0,0,0,0,0,0,0,0,0,0,0
62657880,5758,32,2,0,0,0,0,0,0,0,0,0,0,0,0,0
62666833,5759,32,2,0,0,0,0,0,0,0,0,0,0,0,0,0
62675786,5760,48,2,0,0,0,0,0,0,0,0,0,0,0,0,0
62686469,5761,32,2,0,0,0,0,0,0,0,0,0,0,0,0,0
62695421,5762,32,2,0,0,0,0,0,0,0,0,0,0,0,0,0
62704374,5763,32,2,0,0,0,0,0,0,0,0,0,0,0,0,0
62713327,5764,32,2,0,0,0,0,0,0,0,0,0,0,0,0,0
62722280,5765,48,2,0,0,0,0,0,0,0,0,0,0,0,0,0
62732962,5766,32,2,0,0,0,0,0,0,0,0,0,0,0,0,0
62741915,5767,32,2,0,0,0,0,0,0,0,0,0,0,0,0,0
62750868,5768,32,2,0,0,0,0,0,0,0,0,0,0,0,0,0
62759821,5769,32,2,0,0,0,0,0,0,0,0,0,0,0,0,0
62768774,5770,48,2,0,0,0,0,0,0,0,0,0,0,0,0,0
62779457,5771,32,2,0,0,0,0,0,0,0,0,0,0,0,0,0
62788409,5772,32,2,0,0,0,0,0,0,0,0,0,0,0,0,0
62797363,5773,32,2,0,0,0,0,0,0,0,0,0,0,0,0,0
62806315,5774,32,2,0,0,0,0,0,0,0,0,0,0,0,0,0
62815268,5775,48,2,0,0,0,0,0,0,0,0,0,0,0,0,0
62825950,5776,32,2,0,0,0,0,0,0,0,0,0,0,0,0,0
62834903,5777,32,2,0,0,0,0,0,0,0,0,0,0,0,0,0
62843856,5778,32,2,0,0,0,0,0,0,0,0,0,0,0,0,0
62852809,5779,32,2,0,0,0,0,0,0,0,0,0,0,0,0,0
62861762,5780,48,2,0,0,0,0,0,0,0,0,0,0,0,0,0
62878696,5781,32,2,0,0,0,0,0,0,0,0,0,0,0,0,0
62887637,5782,32,2,0,0,0,0,0,0,0,0,0,0,0,0,0
62896590,5783,32,2,0,0,0,0,0,0,0,0,0,0,0,0,0
62905543,5784,32,2,0,0,0,0,0,0,0,0,0,0,0,0,0
62914496,5785,48,2,0,0,0,0,0,0,0,0,0,0,0,0,0
62925178,5786,32,2,0,0,0,0,0,0,0,0,0,0,0,0,0
62934131,5787,32,2,0,0,0,0,0,0,0,0,0,0,0,0,0
62943084,5788,32,2,0,0,0,0,0,0,0,0,0,0,0,0,0
62952037,5789,32,2,0,0,0,0,0,0,0,0,0,0,0,0,0
62960990,5790,48,2,0,0,0,0,0,0,0,0,0,0,0,0,0
62971673,5791,32,2,0,0,0,0,0,0,0,0,0,0,0,0,0
62980625,5792,32,2,0,0,0,0,0,0,0,0,0,0,0,0,0
62989578,5793,32,2,0,0,0,0,0,0,0,0,0,0,0,0,0
62998532,5794,32,2,0,0,0,0,0,0,0,0,0,0,0,0,0
63007484,5795,48,2,0,0,0,0,0,0,0,0,0,0,0,0,0
63018166,5796,32,2,0,0,0,0,0,0,0,0,0,0,0,0,0
63027119,5797,32,2,0,0,0,0,0,0,0,0,0,0,0,0,0
63036072,5798,32,2,0,0,0,0,0,0,0,0,0,0,0,0,0
63045025,5799,32,2,0,0,0,0,0,0,0,0,0,0,0,0,0
63053978,5800,48,2,0,0,0,0,0,0,0,0,0,0,0,0,0
63064661,5801,32,2,0,0,0,0,0,0,0,0,0,0,0,0,0
63073613,5802,32,2,0,0,0,0,0,0,0,0,0,0,0,0,0
63082566,5803,32,2,0,0,0,0,0,0,0,0,0,0,0,0,0
63091519,5804,32,2,0,0,0,0,0,0,0,0,0,0,0,0,0
63100472,5805,48,2,0,0,0,0,0,0,0,0,0,0,0,0,0
63111154,5806,32,2,0,0,0,0,0,0,0,0,0,0,0,0,0
63120107,5807,32,2,0,0,0,0,0,0,0,0,0,0,0,0,0
63129060,5808,32,2,0,0,0,0,0,0,0,0,0,0,0,0,0
63138013,5809,32,2,0,0,0,0,0,0,0,0,0,0,0,0,0
63146966,5810,48,2,0,0,0,0,0,0,0,0,0,0,0,0,0
63157649,5811,32,2,0,0,0,0,0,0,0,0,0,0,0,0,0
63166601,5812,32,2,0,0,0,0,0,0,0,0,0,0,0,0,0
63175554,5813,32,2,0,0,0,0,0,0,0,0,0,0,0,0,0
63184508,5814,32,2,0,0,0,0,0,0,0,0,0,0,0,0,0
63193460,5815,48,2,0,0,0,0,0,0,0,0,0,0,0,0,0
63204142,5816,32,2,0,0,0,0,0,0,0,0,0,0,0,0,0
63213095,5817,32,2,0,0,0,0,0,0,0,0,0,0,0,0,0
63222048,5818,32,2,0,0,0,0,0,0,0,0,0,0,0,0,0
63231001,5819,32,2,0,0,0,0,0,0,0,0,0,0,0,0,0
63239954,5820,48,2,0,0,0,0,0,0,0,0,0,0,0,0,0
63250637,5821,32,2,0,0,0,0,0,0,0,0,0,0,0,0,0
63259589,5822,32,2,0,0,0,0,0,0,0,0,0,0,0,0,0
63268542,5823,32,2,0,0,0,0,0,0,0,0,0,0,0,0,0
63277495,5824,32,2,0,0,0,0,0,0,0,0,0,0,0,0,0
63286449,5825,48,2,0,0,0,0,0,0,0,0,0,0,0,0,0
63297130,5826,32,2,0,0,0,0,0,0,0,0,0,0,0,0,0
63306083,5827,32,2,0,0,0,0,0,0,0,0,0,0,0,0,0
63315036,5828,32,2,0,0,0,0,0,0,0,0,0,0,0,0,0
63323990,5829,32,2,0,0,0,0,0,0,0,0,0,0,0,0,0
63332942,5830,48,2,0,0,0,0,0,0,0,0,0,0,0,0,0
63343625,5831,32,2,0,0,0,0,0,0,0,0,0,0,0,0,0
63352577,5832,32,2,0,0,0,0,0,0,0,0,0,0,0,0,0
63361530,5833,32,2,0,0,0,0,0,0,0,0,0,0,0,0,0
63370484,5834,32,2,0,0,0,0,0,0,0,0,0,0,0,0,0
63379436,5835,48,2,0,0,0,0,0,0,0,0,0,0,0,0,0
63390118,5836,32,2,0,0,0,0,0,0,0,0,0,0,0,0,0
63399071,5837,32,2,0,0,0,0,0,0,0,0,0,0,0,0,0
63408024,5838,32,2,0,0,0,0,0,0,0,0,0,0,0,0,0
63416978,5839,32,2,0,0,0,0,0,0,0,0,0,0,0,0,0
63425930,5840,48,2,0,0,0,0,0,0,0,0,0,0,0,0,0
63436613,5841,32,2,0,0,0,0,0,0,0,0,0,0,0,0,0
63445565,5842,32,2,0,0,0,0,0,0,0,0,0,0,0,0,0
63454519,5843,32,2,0,0,0,0,0,0,0,0,0,0,0,0,0
63463472,5844,32,2,0,0,0,0,0,0,0,0,0,0,0,0,0
63472424,5845,48,2,0,0,0,0,0,0,0,0,0,0,0,0,0
63483106,5846,32,2,0,0,0,0,0,0,0,0,0,0,0,0,0
63492059,5847,32,2,0,0,0,0,0,0,0,0,0,0,0,0,0
63501012,5848,32,2,0,0,0,0,0,0,0,0,0,0,0,0,0
63509965,5849,32,2,0,0,0,0,0,0,0,0,0,0,0,0,0
63518918,5850,48,2,0,0,0,0,0,0,0,0,0,0,0,0,0
63529601,5851,32,2,0,0,0,0,0,0,0,0,0,0,0,0,0
63538553,5852,32,2,0,0,0,0,0,0,0,0,0,0,0,0,0
63547506,5853,32,2,0,0,0,0,0,0,0,0,0,0,0,0,0
63556459,5854,32,2,0,0,0,0,0,0,0,0,0,0,0,0,0
63565412,5855,48,2,0,0,0,0,0,0,0,0,0,0,0,0,0
63576094,5856,32,2,0,0,0,0,0,0,0,0,0,0,0,0,0
63585047,5857,32,2,0,0,0,0,0,0,0,0,0,0,0,0,0
63594000,5858,32,2,0,0,0,0,0,0,0,0,0,0,0,0,0
63602953,5859,32,2,0,0,0,0,0,0,0,0,0,0,0,0,0
63611906,5860,48,2,0,0,0,0,0,0,0,0,0,0,0,0,0
63622589,5861,32,2,0,0,0,0,0,0,0,0,0,0,0,0,0
63631541,5862,32,2,0,0,0,0,0,0,0,0,0,0,0,0,0
63640494,5863,32,2,0,0,0,0,0,0,0,0,0,0,0,0,0
63649447,5864,32,2,0,0,0,0,0,0,0,0,0,0,0,0,0
63658400,5865,48,2,0,0,0,0,0,0,0,0,0,0,0,0,0
63669082,5866,32,2,0,0,0,0,0,0,0,0,0,0,0,0,0
63678035,5867,32,2,0,0,0,0,0,0,0,0,0,0,0,0,0
63686988,5868,32,2,0,0,0,0,0,0,0,0,0,0,0,0,0
63695941,5869,32,2,0,0,0,0,0,0,0,0,0,0,0,0,0
63704894,5870,48,2,0,0,0,0,0,0,0,0,0,0,0,0,0
63715577,5871,32,2,0,0,0,0,0,0,0,0,0,0,0,0,0
63724529,5872,32,2,0,0,0,0,0,0,0,0,0,0,0,0,0
63733482,5873,32,2,0,0,0,0,0,0,0,0,0,0,0,0,0
63742435,5874,32,2,0,0,0,0,0,0,0,0,0,0,0,0,0
63751388,5875,48,2,0,0,0,0,0,0,0,0,0,0,0,0,0
63762070,5876,32,2,0,0,0,0,0,0,0,0,0,0,0,0,0
63771023,5877,32,2,0,0,0,0,0,0,0,0,0,0,0,0,0
63779976,5878,32,2,0,0,0,0,0,0,0,0,0,0,0,0,0
63788929,5879,32,2,0,0,0,0,0,0,0,0,0,0,0,0,0
63797882,5880,48,2,0,0,0,0,0,0,0,0,0,0,0,0,0
63808565,5881,32,2,0,0,0,0,0,0,0,0,0,0,0,0,0
63817517,5882,32,2,0,0,0,0,0,0,0,0,0,0,0,0,0
63826470,5883,32,2,0,0,0,0,0,0,0,0,0,0,0,0,0
63835423,5884,32,2,0,0,0,0,0,0,0,0,0,0,0,0,0
63844376,5885,48,2,0,0,0,0,0,0,0,0,0,0,0,0,0
63855058,5886,32,2,0,0,0,0,0,0,0,0,0,0,0,0,0
63864011,5887,32,2,0,0,0,0,0,0,0,0,0,0,0,0,0
63872964,5888,32,2,0,0,0,0,0,0,0,0,0,0,0,0,0
63881917,5889,32,2,0,0,0,0,0,0,0,0,0,0,0,0,0
63890870,5890,48,2,0,0,0,0,0,0,0,0,0,0,0,0,0
63901553,5891,32,2,0,0,0,0,0,0,0,0,0,0,0,0,0
63910505,5892,32,2,0,0,0,0,0,0,0,0,0,0,0,0,0
63919458,5893,32,2,0,0,0,0,0,0,0,0,0,0,0,0,0
63928411,5894,32,2,0,0,0,0,0,0,0,0,0,0,0,0,0
63937364,5895,48,2,0,0,0,0,0,0,0,0,0,0,0,0,0
63948046,5896,32,2,0,0,0,0,0,0,0,0,0,0,0,0,0
63956999,5897,32,2,0,0,0,0,0,0,0,0,0,0,0,0,0
63965952,5898,32,2,0,0,0,0,0,0,0,0,0,0,0,0,0
63974905,5899,32,2,0,0,0,0,0,0,0,0,0,0,0,0,0
63983858,5900,48,2,0,0,0,0,0,0,0,0,0,0,0,0,0
63994541,5901,32,2,0,0,0,0,0,0,0,0,0,0,0,0,0
64003507,5902,32,2,0,0,0,0,0,0,0,0,0,0,0,0,0
64012449,5903,32,2,0,0,0,0,0,0,0,0,0,0,0,0,0
64021401,5904,32,2,0,0,0,0,0,0,0,0,0,0,0,0,0
64030354,5905,48,2,0,0,0,0,0,0,0,0,0,0,0,0,0
64041037,5906,32,2,0,0,0,0,0,0,0,0,0,0,0,0,0
64049989,5907,32,2,0,0,0,0,0,0,0,0,0,0,0,0,0
64058942,5908,32,2,0,0,0,0,0,0,0,0,0,0,0,0,0
64067895,5909,32,2,0,0,0,0,0,0,0,0,0,0,0,0,0
64076848,5910,48,2,0,0,0,0,0,0,0,0,0,0,0,0,0
64087531,5911,32,2,0,0,0,0,0,0,0,0,0,0,0,0,0
64096483,5912,32,2,0,0,0,0,0,0,0,0,0,0,0,0,0
64105436,5913,32,2,0,0,0,0,0,0,0,0,0,0,0,0,0
64114389,5914,32,2,0,0,0,0,0,0,0,0,0,0,0,0,0
64123342,5915,48,2,0,0,0,0,0,0,0,0,0,0,0,0,0
64134024,5916,32,2,0,0,0,0,0,0,0,0,0,0,0,0,0
64142978,5917,32,2,0,0,0,0,0,0,0,0,0,0,0,0,0
64151930,5918,32,2,0,0,0,0,0,0,0,0,0,0,0,0,0
64160883,5919,32,2,0,0,0,0,0,0,0,0,0,0,0,0,0
64169836,5920,48,2,0,0,0,0,0,0,0,0,0,0,0,0,0
64180519,5921,32,2,0,0,0,0,0,0,0,0,0,0,0,0,0
64189471,5922,32,2,0,0,0,0,0,0,0,0,0,0,0,0,0
64198424,5923,32,2,0,0,0,0,0,0,0,0,0,0,0,0,0
64207377,5924,32,2,0,0,0,0,0,0,0,0,0,0,0,0,0
64216330,5925,48,2,0,0,0,0,0,0,0,0,0,0,0,0,0
64227012,5926,32,2,0,0,0,0,0,0,0,0,0,0,0,0,0
64235965,5927,32,2,0,0,0,0,0,0,0,0,0,0,0,0,0
64244918,5928,32,2,0,0,0,0,0,0,0,0,0,0,0,0,0
64253871,5929,32,2,0,0,0,0,0,0,0,0,0,0,0,0,0
64262824,5930,48,2,0,0,0,0,0,0,0,0,0,0,0,0,0
64273507,5931,32,2,0,0,0,0,0,0,0,0,0,0,0,0,0
64282459,5932,32,2,0,0,0,0,0,0,0,0,0,0,0,0,0
64291412,5933,32,2,0,0,0,0,0,0,0,0,0,0,0,0,0
64300365,5934,32,2,0,0,0,0,0,0,0,0,0,0,0,0,0
64309318,5935,48,2,0,0,0,0,0,0,0,0,0,0,0,0,0
64320000,5936,32,2,0,0,0,0,0,0,0,0,0,0,0,0,0
64328953,5937,32,2,0,0,0,0,0,0,0,0,0,0,0,0,0
64337906,5938,32,2,0,0,0,0,0,0,0,0,0,0,0,0,0
64346859,5939,32,2,0,0,0,0,0,0,0,0,0,0,0,0,0
64355812,5940,48,2,0,0,0,0,0,0,0,0,0,0,0,0,0
64366495,5941,32,2,0,0,0,0,0,0,0,0,0,0,0,0,0
64375447,5942,32,2,0,0,0,0,0,0,0,0,0,0,0,0,0
64384400,5943,32,2,0,0,0,0,0,0,0,0,0,0,0,0,0
64393353,5944,32,2,0,0,0,0,0,0,0,0,0,0,0,0,0
64402306,5945,48,2,0,0,0,0,0,0,0,0,0,0,0,0,0
64412988,5946,32,2,0,0,0,0,0,0,0,0,0,0,0,0,0
64421941,5947,32,2,0,0,0,0,0,0,0,0,0,0,0,0,0
64430894,5948,32,2,0,0,0,0,0,0,0,0,0,0,0,0,0
64439847,5949,32,2,0,0,0,0,0,0,0,0,0,0,0,0,0
64448800,5950,48,2,0,0,0,0,0,0,0,0,0,0,0,0,0
64464049,5951,32,2,0,0,0,0,0,0,0,0,0,0,0,0,0
64472990,5952,32,2,0,0,0,0,0,0,0,0,0,0,0,0,0
64481943,5953,32,2,0,0,0,0,0,0,0,0,0,0,0,0,0
64490896,5954,32,2,0,0,0,0,0,0,0,0,0,0,0,0,0
64499849,5955,48,2,0,0,0,0,0,0,0,0,0,0,0,0,0
64510531,5956,32,2,0,0,0,0,0,0,0,0,0,0,0,0,0
64519485,5957,32,2,0,0,0,0,0,0,0,0,0,0,0,0,0
64528437,5958,32,2,0,0,0,0,0,0,0,0,0,0,0,0,0
64537390,5959,32,2,0,0,0,0,0,0,0,0,0,0,0,0,0
64546343,5960,48,2,0,0,0,0,0,0,0,0,0,0,0,0,0
64557026,5961,32,2,0,0,0,0,0,0,0,0,0,0,0,0,0
64565978,5962,32,2,0,0,0,0,0,0,0,0,0,0,0,0,0
64574931,5963,32,2,0,0,0,0,0,0,0,0,0,0,0,0,0
64583884,5964,32,2,0,0,0,0,0,0,0,0,0,0,0,0,0
64592837,5965,48,2,0,0,0,0,0,0,0,0,0,0,0,0,0
64603519,5966,32,2,0,0,0,0,0,0,0,0,0,0,0,0,0
64612472,5967,32,2,0,0,0,0,0,0,0,0,0,0,0,0,0
64621425,5968,32,2,0,0,0,0,0,0,0,0,0,0,0,0,0
64630378,5969,32,2,0,0,0,0,0,0,0,0,0,0,0,0,0
64639331,5970,48,2,0,0,0,0,0,0,0,0,0,0,0,0,0
64650014,5971,32,2,0,0,0,0,0,0,0,0,0,0,0,0,0
64658966,5972,32,2,0,0,0,0,0,0,0,0,0,0,0,0,0
64667919,5973,32,2,0,0,0,0,0,0,0,0,0,0,0,0,0
64676872,5974,32,2,0,0,0,0,0,0,0,0,0,0,0,0,0
64685825,5975,48,2,0,0,0,0,0,0,0,0,0,0,0,0,0
64696507,5976,32,2,0,0,0,0,0,0,0,0,0,0,0,0,0
64705460,5977,32,2,0,0,0,0,0,0,0,0,0,0,0,0,0
64714413,5978,32,2,0,0,0,0,0,0,0,0,0,0,0,0,0
64723366,5979,32,2,0,0,0,0,0,0,0,0,0,0,0,0,0
64732319,5980,48,2,0,0,0,0,0,0,0,0,0,0,0,0,0
64743002,5981,32,2,0,0,0,0,0,0,0,0,0,0,0,0,0
64751954,5982,32,2,0,0,0,0,0,0,0,0,0,0,0,0,0
64760907,5983,32,2,0,0,0,0,0,0,0,0,0,0,0,0,0
64769860,5984,32,2,0,0,0,0,0,0,0,0,0,0,0,0,0
64778813,5985,48,2,0,0,0,0,0,0,0,0,0,0,0,0,0
64789495,5986,32,2,0,0,0,0,0,0,0,0,0,0,0,0,0
64798448,5987,32,2,0,0,0,0,0,0,0,0,0,0,0,0,0
64807401,5988,32,2,0,0,0,0,0,0,0,0,0,0,0,0,0
64816354,5989,32,2,0,0,0,0,0,0,0,0,0,0,0,0,0
64825307,5990,48,2,0,0,0,0,0,0,0,0,0,0,0,0,0
64835990,5991,32,2,0,0,0,0,0,0,0,0,0,0,0,0,0
64844942,5992,32,2,0,0,0,0,0,0,0,0,0,0,0,0,0
64853895,5993,32,2,0,0,0,0,0,0,0,0,0,0,0,0,0
64862848,5994,32,2,0,0,0,0,0,0,0,0,0,0,0,0,0
64871801,5995,48,2,0,0,0,0,0,0,0,0,0,0,0,0,0
64882483,5996,32,2,0,0,0,0,0,0,0,0,0,0,0,0,0
64891436,5997,32,2,0,0,0,0,0,0,0,0,0,0,0,0,0
64900389,5998,32,2,0,0,0,0,0,0,0,0,0,0,0,0,0
64909342,5999,32,2,0,0,0,0,0,0,0,0,0,0,0,0,0
64918295,6000,48,2,0,0,0,0,0,0,0,0,0,0,0,0,0
64928978,6001,32,2,0,0,0,0,0,0,0,0,0,0,0,0,0
64937930,6002,32,2,0,0,0,0,0,0,0,0,0,0,0,0,0
64946884,6003,32,2,0,0,0,0,0,0,0,0,0,0,0,0,0
64955836,6004,32,2,0,0,0,0,0,0,0,0,0,0,0,0,0
64964789,6005,48,2,0,0,0,0,0,0,0,0,0,0,0,0,0
64975471,6006,32,2,0,0,0,0,0,0,0,0,0,0,0,0,0
64984424,6007,32,2,0,0,0,0,0,0,0,0,0,0,0,0,0
64993377,6008,32,2,0,0,0,0,0,0,0,0,0,0,0,0,0
65002330,6009,32,2,0,0,0,0,0,0,0,0,0,0,0,0,0
65011283,6010,48,2,0,0,0,0,0,0,0,0,0,0,0,0,0
65021966,6011,32,2,0,0,0,0,0,0,0,0,0,0,0,0,0
65030918,6012,32,2,0,0,0,0,0,0,0,0,0,0,0,0,0
65039871,6013,32,2,0,0,0,0,0,0,0,0,0,0,0,0,0
65048824,6014,32,2,0,0,0,0,0,0,0,0,0,0,0,0,0
65057777,6015,48,2,0,0,0,0,0,0,0,0,0,0,0,0,0
65068459,6016,32,2,0,0,0,0,0,0,0,0,0,0,0,0,0
65077412,6017,32,2,0,0,0,0,0,0,0,0,0,0,0,0,0
65086365,6018,32,2,0,0,0,0,0,0,0,0,0,0,0,0,0
65095318,6019,32,2,0,0,0,0,0,0,0,0,0,0,0,0,0
65104271,6020,48,2,0,0,0,0,0,0,0,0,0,0,0,0,0
65114954,6021,32,2,0,0,0,0,0,0,0,0,0,0,0,0,0
65123906,6022,32,2,0,0,0,0,0,0,0,0,0,0,0,0,0
65132859,6023,32,2,0,0,0,0,0,0,0,0,0,0,0,0,0
65141812,6024,32,2,0,0,0,0,0,0,0,0,0,0,0,0,0
65150765,6025,48,2,0,0,0,0,0,0,0,0,0,0,0,0,0
65161447,6026,32,2,0,0,0,0,0,0,0,0,0,0,0,0,0
65170400,6027,32,2,0,0,0,0,0,0,0,0,0,0,0,0,0
65179353,6028,32,2,0,0,0,0,0,0,0,0,0,0,0,0,0
65188306,6029,32,2,0,0,0,0,0,0,0,0,0,0,0,0,0
65197259,6030,48,2,0,0,0,0,0,0,0,0,0,0,0,0,0
65207942,6031,32,2,0,0,0,0,0,0,0,0,0,0,0,0,0
65216894,6032,32,2,0,0,0,0,0,0,0,0,0,0,0,0,0
65225847,6033,32,2,0,0,0,0,0,0,0,0,0,0,0,0,0
65234800,6034,32,2,0,0,0,0,0,0,0,0,0,0,0,0,0
65243753,6035,48,2,0,0,0,0,0,0,0,0,0,0,0,0,0
65254435,6036,32,2,0,0,0,0,0,0,0,0,0,0,0,0,0
65263388,6037,32,2,0,0,0,0,0,0,0,0,0,0,0,0,0
65272342,6038,32,2,0,0,0,0,0,0,0,0,0,0,0,0,0
65281294,6039,32,2,0,0,0,0,0,0,0,0,0,0,0,0,0
65290247,6040,48,2,0,0,0,0,0,0,0,0,0,0,0,0,0
65300930,6041,32,2,0,0,0,0,0,0,0,0,0,0,0,0,0
65309882,6042,32,2,0,0,0,0,0,0,0,0,0,0,0,0,0
65318835,6043,32,2,0,0,0,0,0,0,0,0,0,0,0,0,0
65327788,6044,32,2,0,0,0,0,0,0,0,0,0,0,0,0,0
65336741,6045,48,2,0,0,0,0,0,0,0,0,0,0,0,0,0
65347423,6046,32,2,0,0,0,0,0,0,0,0,0,0,0,0,0
65356376,6047,32,2,0,0,0,0,0,0,0,0,0,0,0,0,0
65365330,6048,32,2,0,0,0,0,0,0,0,0,0,0,0,0,0
65374282,6049,32,2,0,0,0,0,0,0,0,0,0,0,0,0,0
65383235,6050,48,2,0,0,0,0,0,0,0,0,0,0,0,0,0
65393918,6051,32,2,0,0,0,0,0,0,0,0,0,0,0,0,0
65402870,6052,32,2,0,0,0,0,0,0,0,0,0,0,0,0,0
65411823,6053,32,2,0,0,0,0,0,0,0,0,0,0,0,0,0
65420776,6054,32,2,0,0,0,0,0,0,0,0,0,0,0,0,0
65429730,6055,48,2,0,0,0,0,0,0,0,0,0,0,0,0,0
65440411,6056,32,2,0,0,0,0,0,0,0,0,0,0,0,0,0
65449364,6057,32,2,0,0,0,0,0,0,0,0,0,0,0,0,0
65458317,6058,32,2,0,0,0,0,0,0,0,0,0,0,0,0,0
65467270,6059,32,2,0,0,0,0,0,0,0,0,0,0,0,0,0
65476223,6060,48,2,0,0,0,0,0,0,0,0,0,0,0,0,0
65486906,6061,32,2,0,0,0,0,0,0,0,0,0,0,0,0,0
65495858,6062,32,2,0,0,0,0,0,0,0,0,0,0,0,0,0
65504811,6063,32,2,0,0,0,0,0,0,0,0,0,0,0,0,0
65513765,6064,32,2,0,0,0,0,0,0,0,0,0,0,0,0,0
65522717,6065,48,2,0,0,0,0,0,0,0,0,0,0,0,0,0
65533399,6066,32,2,0,0,0,0,0,0,0,0,0,0,0,0,0
65542352,6067,32,2,0,0,0,0,0,0,0,0,0,0,0,0,0
65551305,6068,32,2,0,0,0,0,0,0,0,0,0,0,0,0,0
65560258,6069,32,2,0,0,0,0,0,0,0,0,0,0,0,0,0
65569211,6070,48,2,0,0,0,0,0,0,0,0,0,0,0,0,0
65579894,6071,32,2,0,0,0,0,0,0,0,0,0,0,0,0,0
65588846,6072,32,2,0,0,0,0,0,0,0,0,0,0,0,0,0
65597799,6073,32,2,0,0,0,0,0,0,0,0,0,0,0,0,0
65606752,6074,32,2,0,0,0,0,0,0,0,0,0,0,0,0,0
65615705,6075,48,2,0,0,0,0,0,0,0,0,0,0,0,0,0
65626387,6076,32,2,0,0,0,0,0,0,0,0,0,0,0,0,0
65635340,6077,32,2,0,0,0,0,0,0,0,0,0,0,0,0,0
65644293,6078,32,2,0,0,0,0,0,0,0,0,0,0,0,0,0
65653246,6079,32,2,0,0,0,0,0,0,0,0,0,0,0,0,0
65662199,6080,48,2,0,0,0,0,0,0,0,0,0,0,0,0,0
65672882,6081,32,2,0,0,0,0,0,0,0,0,0,0,0,0,0
65681834,6082,32,2,0,0,0,0,0,0,0,0,0,0,0,0,0
65690787,6083,32,2,0,0,0,0,0,0,0,0,0,0,0,0,0
65699741,6084,32,2,0,0,0,0,0,0,0,0,0,0,0,0,0
65708693,6085,48,2,0,0,0,0,0,0,0,0,0,0,0,0,0
65719375,6086,32,2,0,0,0,0,0,0,0,0,0,0,0,0,0
65728328,6087,32,2,0,0,0,0,0,0,0,0,0,0,0,0,0
65737281,6088,32,2,0,0,0,0,0,0,0,0,0,0,0,0,0
65746234,6089,32,2,0,0,0,0,0,0,0,0,0,0,0,0,0
65755187,6090,48,2,0,0,0,0,0,0,0,0,0,0,0,0,0
65765870,6091,32,2,0,0,0,0,0,0,0,0,0,0,0,0,0
65774822,6092,32,2,0,0,0,0,0,0,0,0,0,0,0,0,0
65783775,6093,32,2,0,0,0,0,0,0,0,0,0,0,0,0,0
65792728,6094,32,2,0,0,0,0,0,0,0,0,0,0,0,0,0
65801681,6095,48,2,0,0,0,0,0,0,0,0,0,0,0,0,0
65812363,6096,32,2,0,0,0,0,0,0,0,0,0,0,0,0,0
65821316,6097,32,2,0,0,0,0,0,0,0,0,0,0,0,0,0
65830269,6098,32,2,0,0,0,0,0,0,0,0,0,0,0,0,0
65839222,6099,32,2,0,0,0,0,0,0,0,0,0,0,0,0,0
65848175,6100,48,2,0,0,0,0,0,0,0,0,0,0,0,0,0
65858858,6101,32,2,0,0,0,0,0,0,0,0,0,0,0,0,0
65867810,6102,32,2,0,0,0,0,0,0,0,0,0,0,0,0,0
65876763,6103,32,2,0,0,0,0,0,0,0,0,0,0,0,0,0
65885716,6104,32,2,0,0,0,0,0,0,0,0,0,0,0,0,0
65894669,6105,48,2,0,0,0,0,0,0,0,0,0,0,0,0,0
65905351,6106,32,2,0,0,0,0,0,0,0,0,0,0,0,0,0
65914304,6107,32,2,0,0,0,0,0,0,0,0,0,0,0,0,0
65923257,6108,32,2,0,0,0,0,0,0,0,0,0,0,0,0,0
65932210,6109,32,2,0,0,0,0,0,0,0,0,0,0,0,0,0
65941163,6110,48,2,0,0,0,0,0,0,0,0,0,0,0,0,0
65951846,6111,32,2,0,0,0,0,0,0,0,0,0,0,0,0,0
65960798,6112,32,2,0,0,0,0,0,0,0,0,0,0,0,0,0
65969751,6113,32,2,0,0,0,0,0,0,0,0,0,0,0,0,0
65978704,6114,32,2,0,0,0,0,0,0,0,0,0,0,0,0,0
65987657,6115,48,2,0,0,0,0,0,0,0,0,0,0,0,0,0
65998340,6116,32,2,0,0,0,0,0,0,0,0,0,0,0,0,0
66007292,6117,32,2,0,0,0,0,0,0,0,0,0,0,0,0,0
66016245,6118,32,2,0,0,0,0,0,0,0,0,0,0,0,0,0
66025198,6119,32,2,0,0,0,0,0,0,0,0,0,0,0,0,0
66034151,6120,48,2,0,0,0,0,0,0,0,0,0,0,0,0,0
66051340,6121,32,2,0,0,0,0,0,0,0,0,0,0,0,0,0
66060280,6122,32,2,0,0,0,0,0,0,0,0,0,0,0,0,0
66069233,6123,32,2,0,0,0,0,0,0,0,0,0,0,0,0,0
66078186,6124,32,2,0,0,0,0,0,0,0,0,0,0,0,0,0
66087139,6125,48,2,0,0,0,0,0,0,0,0,0,0,0,0,0
66097821,6126,32,2,0,0,0,0,0,0,0,0,0,0,0,0,0
66106774,6127,32,2,0,0,0,0,0,0,0,0,0,0,0,0,0
66115727,6128,32,2,0,0,0,0,0,0,0,0,0,0,0,0,0
66124681,6129,32,2,0,0,0,0,0,0,0,0,0,0,0,0,0
66133633,6130,48,2,0,0,0,0,0,0,0,0,0,0,0,0,0
66144316,6131,32,2,0,0,0,0,0,0,0,0,0,0,0,0,0
66153268,6132,32,2,0,0,0,0,0,0,0,0,0,0,0,0,0
66162221,6133,32,2,0,0,0,0,0,0,0,0,0,0,0,0,0
66171174,6134,32,2,0,0,0,0,0,0,0,0,0,0,0,0,0
66180127,6135,48,2,0,0,0,0,0,0,0,0,0,0,0,0,0
66190809,6136,32,2,0,0,0,0,0,0,0,0,0,0,0,0,0
66199763,6137,32,2,0,0,0,0,0,0,0,0,0,0,0,0,0
66208715,6138,32,2,0,0,0,0,0,0,0,0,0,0,0,0,0
66217668,6139,32,2,0,0,0,0,0,0,0,0,0,0,0,0,0
66226621,6140,48,2,0,0,0,0,0,0,0,0,0,0,0,0,0
66237304,6141,32,2,0,0,0,0,0,0,0,0,0,0,0,0,0
66246256,6142,32,2,0,0,0,0,0,0,0,0,0,0,0,0,0
66255209,6143,32,2,0,0,0,0,0,0,0,0,0,0,0,0,0
66264162,6144,32,2,0,0,0,0,0,0,0,0,0,0,0,0,0
66273115,6145,48,2,0,0,0,0,0,0,0,0,0,0,0,0,0
66283797,6146,32,2,0,0,0,0,0,0,0,0,0,0,0,0,0
66292750,6147,32,2,0,0,0,0,0,0,0,0,0,0,0,0,0
66301703,6148,32,2,0,0,0,0,0,0,0,0,0,0,0,0,0
66310656,6149,32,2,0,0,0,0,0,0,0,0,0,0,0,0,0
66319609,6150,48,2,0,0,0,0,0,0,0,0,0,0,0,0,0
66330292,6151,32,2,0,0,0,0,0,0,0,0,0,0,0,0,0
66339244,6152,32,2,0,0,0,0,0,0,0,0,0,0,0,0,0
66348197,6153,32,2,0,0,0,0,0,0,0,0,0,0,0,0,0
66357150,6154,32,2,0,0,0,0,0,0,0,0,0,0,0,0,0
66366103,6155,48,2,0,0,0,0,0,0,0,0,0,0,0,0,0
66376785,6156,32,2,0,0,0,0,0,0,0,0,0,0,0,0,0
66385738,6157,32,2,0,0,0,0,0,0,0,0,0,0,0,0,0
66394691,6158,32,2,0,0,0,0,0,0,0,0,0,0,0,0,0
66403644,6159,32,2,0,0,0,0,0,0,0,0,0,0,0,0,0
66412597,6160,48,2,0,0,0,0,0,0,0,0,0,0,0,0,0
66423280,6161,32,2,0,0,0,0,0,0,0,0,0,0,0,0,0
66432232,6162,32,2,0,0,0,0,0,0,0,0,0,0,0,0,0
66441185,6163,32,2,0,0,0,0,0,0,0,0,0,0,0,0,0
66450138,6164,32,2,0,0,0,0,0,0,0,0,0,0,0,0,0
66459091,6165,48,2,0,0,0,0,0,0,0,0,0,0,0,0,0
66469773,6166,32,2,0,0,0,0,0,0,0,0,0,0,0,0,0
66478726,6167,32,2,0,0,0,0,0,0,0,0,0,0,0,0,0
66487679,6168,32,2,0,0,0,0,0,0,0,0,0,0,0,0,0
66496633,6169,32,2,0,0,0,0,0,0,0,0,0,0,0,0,0
66505585,6170,48,2,0,0,0,0,0,0,0,0,0,0,0,0,0
66516268,6171,32,2,0,0,0,0,0,0,0,0,0,0,0,0,0
66525220,6172,32,2,0,0,0,0,0,0,0,0,0,0,0,0,0
66534173,6173,32,2,0,0,0,0,0,0,0,0,0,0,0,0,0
66543126,6174,32,2,0,0,0,0,0,0,0,0,0,0,0,0,0
66552079,6175,48,2,0,0,0,0,0,0,0,0,0,0,0,0,0
66562761,6176,32,2,0,0,0,0,0,0,0,0,0,0,0,0,0
66571714,6177,32,2,0,0,0,0,0,0,0,0,0,0,0,0,0
66580667,6178,32,2,0,0,0,0,0,0,0,0,0,0,0,0,0
66589620,6179,32,2,0,0,0,0,0,0,0,0,0,0,0,0,0
66598573,6180,48,2,0,0,0,0,0,0,0,0,0,0,0,0,0
66609256,6181,32,2,0,0,0,0,0,0,0,0,0,0,0,0,0
66618208,6182,32,2,0,0,0,0,0,0,0,0,0,0,0,0,0
66627161,6183,32,2,0,0,0,0,0,0,0,0,0,0,0,0,0
66636114,6184,32,2,0,0,0,0,0,0,0,0,0,0,0,0,0
66645067,6185,48,2,0,0,0,0,0,0,0,0,0,0,0,0,0
66655749,6186,32,2,0,0,0,0,0,0,0,0,0,0,0,0,0
66664702,6187,32,2,0,0,0,0,0,0,0,0,0,0,0,0,0
66673655,6188,32,2,0,0,0,0,0,0,0,0,0,0,0,0,0
66682608,6189,32,2,0,0,0,0,0,0,0,0,0,0,0,0,0
66691561,6190,48,2,0,0,0,0,0,0,0,0,0,0,0,0,0
66702244,6191,32,2,0,0,0,0,0,0,0,0,0,0,0,0,0
66711196,6192,32,2,0,0,0,0,0,0,0,0,0,0,0,0,0
66720149,6193,32,2,0,0,0,0,0,0,0,0,0,0,0,0,0
66729102,6194,32,2,0,0,0,0,0,0,0,0,0,0,0,0,0
66738055,6195,48,2,0,0,0,0,0,0,0,0,0,0,0,0,0
66748737,6196,32,2,0,0,0,0,0,0,0,0,0,0,0,0,0
66757690,6197,32,2,0,0,0,0,0,0,0,0,0,0,0,0,0
66766643,6198,32,2,0,0,0,0,0,0,0,0,0,0,0,0,0
66775597,6199,32,2,0,0,0,0,0,0,0,0,0,0,0,0,0
66784549,6200,48,2,0,0,0,0,0,0,0,0,0,0,0,0,0
66795232,6201,32,2,0,0,0,0,0,0,0,0,0,0,0,0,0
66804184,6202,32,2,0,0,0,0,0,0,0,0,0,0,0,0,0
66813137,6203,32,2,0,0,0,0,0,0,0,0,0,0,0,0,0
66822090,6204,32,2,0,0,0,0,0,0,0,0,0,0,0,0,0
66831043,6205,48,2,0,0,0,0,0,0,0,0,0,0,0,0,0
66841725,6206,32,2,0,0,0,0,0,0,0,0,0,0,0,0,0
66850678,6207,32,2,0,0,0,0,0,0,0,0,0,0,0,0,0
66859631,6208,32,2,0,0,0,0,0,0,0,0,0,0,0,0,0
66868584,6209,32,2,0,0,0,0,0,0,0,0,0,0,0,0,0
66877537,6210,48,2,0,0,0,0,0,0,0,0,0,0,0,0,0
66888220,6211,32,2,0,0,0,0,0,0,0,0,0,0,0,0,0
66897172,6212,32,2,0,0,0,0,0,0,0,0,0,0,0,0,0
66906125,6213,32,2,0,0,0,0,0,0,0,0,0,0,0,0,0
66915078,6214,32,2,0,0,0,0,0,0,0,0,0,0,0,0,0
66924031,6215,48,2,0,0,0,0,0,0,0,0,0,0,0,0,0
66934713,6216,32,2,0,0,0,0,0,0,0,0,0,0,0,0,0
66943666,6217,32,2,0,0,0,0,0,0,0,0,0,0,0,0,0
66952619,6218,32,2,0,0,0,0,0,0,0,0,0,0,0,0,0
66961572,6219,32,2,0,0,0,0,0,0,0,0,0,0,0,0,0
66970525,6220,48,2,0,0,0,0,0,0,0,0,0,0,0,0,0
66981208,6221,32,2,0,0,0,0,0,0,0,0,0,0,0,0,0
66990160,6222,32,2,0,0,0,0,0,0,0,0,0,0,0,0,0
66999113,6223,32,2,0,0,0,0,0,0,0,0,0,0,0,0,0
67008066,6224,32,2,0,0,0,0,0,0,0,0,0,0,0,0,0
67017019,6225,48,2,0,0,0,0,0,0,0,0,0,0,0,0,0
67027701,6226,32,2,0,0,0,0,0,0,0,0,0,0,0,0,0
67036654,6227,32,2,0,0,0,0,0,0,0,0,0,0,0,0,0
67045607,6228,32,2,0,0,0,0,0,0,0,0,0,0,0,0,0
67054560,6229,32,2,0,0,0,0,0,0,0,0,0,0,0,0,0
67063513,6230,48,2,0,0,0,0,0,0,0,0,0,0,0,0,0
67074196,6231,32,2,0,0,0,0,0,0,0,0,0,0,0,0,0
67083148,6232,32,2,0,0,0,0,0,0,0,0,0,0,0,0,0
67092101,6233,32,2,0,0,0,0,0,0,0,0,0,0,0,0,0
67101054,6234,32,2,0,0,0,0,0,0,0,0,0,0,0,0,0
67110007,6235,48,2,0,0,0,0,0,0,0,0,0,0,0,0,0
67120689,6236,32,2,0,0,0,0,0,0,0,0,0,0,0,0,0
67129642,6237,32,2,0,0,0,0,0,0,0,0,0,0,0,0,0
67138595,6238,32,2,0,0,0,0,0,0,0,0,0,0,0,0,0
67147549,6239,32,2,0,0,0,0,0,0,0,0,0,0,0,0,0
67156501,6240,48,2,0,0,0,0,0,0,0,0,0,0,0,0,0
67167184,6241,32,2,0,0,0,0,0,0,0,0,0,0,0,0,0
67176136,6242,32,2,0,0,0,0,0,0,0,0,0,0,0,0,0
67185089,6243,32,2,0,0,0,0,0,0,0,0,0,0,0,0,0
67194042,6244,32,2,0,0,0,0,0,0,0,0,0,0,0,0,0
67202995,6245,48,2,0,0,0,0,0,0,0,0,0,0,0,0,0
67213677,6246,32,2,0,0,0,0,0,0,0,0,0,0,0,0,0
67222630,6247,32,2,0,0,0,0,0,0,0,0,0,0,0,0,0
67231583,6248,32,2,0,0,0,0,0,0,0,0,0,0,0,0,0
67240536,6249,32,2,0,0,0,0,0,0,0,0,0,0,0,0,0
67249490,6250,48,2,0,0,0,0,0,0,0,0,0,0,0,0,0
67260172,6251,32,2,0,0,0,0,0,0,0,0,0,0,0,0,0
67269124,6252,32,2,0,0,0,0,0,0,0,0,0,0,0,0,0
67278077,6253,32,2,0,0,0,0,0,0,0,0,0,0,0,0,0
67287030,6254,32,2,0,0,0,0,0,0,0,0,0,0,0,0,0
67295983,6255,48,2,0,0,0,0,0,0,0,0,0,0,0,0,0
67306665,6256,32,2,0,0,0,0,0,0,0,0,0,0,0,0,0
67315619,6257,32,2,0,0,0,0,0,0,0,0,0,0,0,0,0
67324571,6258,32,2,0,0,0,0,0,0,0,0,0,0,0,0,0
67333524,6259,32,2,0,0,0,0,0,0,0,0,0,0,0,0,0
67342477,6260,48,2,0,0,0,0,0,0,0,0,0,0,0,0,0
67353160,6261,32,2,0,0,0,0,0,0,0,0,0,0,0,0,0
67362112,6262,32,2,0,0,0,0,0,0,0,0,0,0,0,0,0
67371065,6263,32,2,0,0,0,0,0,0,0,0,0,0,0,0,0
67380018,6264,32,2,0,0,0,0,0,0,0,0,0,0,0,0,0
67388971,6265,48,2,0,0,0,0,0,0,0,0,0,0,0,0,0
67399653,6266,32,2,0,0,0,0,0,0,0,0,0,0,0,0,0
67408607,6267,32,2,0,0,0,0,0,0,0,0,0,0,0,0,0
67417560,6268,32,2,0,0,0,0,0,0,0,0,0,0,0,0,0
67426512,6269,32,2,0,0,0,0,0,0,0,0,0,0,0,0,0
67435465,6270,48,2,0,0,0,0,0,0,0,0,0,0,0,0,0
67446148,6271,32,2,0,0,0,0,0,0,0,0,0,0,0,0,0
67455100,6272,32,2,0,0,0,0,0,0,0,0,0,0,0,0,0
67464053,6273,32,2,0,0,0,0,0,0,0,0,0,0,0,0,0
67473006,6274,32,2,0,0,0,0,0,0,0,0,0,0,0,0,0
67481959,6275,48,2,0,0,0,0,0,0,0,0,0,0,0,0,0
67492641,6276,32,2,0,0,0,0,0,0,0,0,0,0,0,0,0
67501594,6277,32,2,0,0,0,0,0,0,0,0,0,0,0,0,0
67510547,6278,32,2,0,0,0,0,0,0,0,0,0,0,0,0,0
67519500,6279,32,2,0,0,0,0,0,0,0,0,0,0,0,0,0
67528453,6280,48,2,0,0,0,0,0,0,0,0,0,0,0,0,0
67539136,6281,32,2,0,0,0,0,0,0,0,0,0,0,0,0,0
67548088,6282,32,2,0,0,0,0,0,0,0,0,0,0,0,0,0
67557041,6283,32,2,0,0,0,0,0,0,0,0,0,0,0,0,0
67565994,6284,32,2,0,0,0,0,0,0,0,0,0,0,0,0,0
67574947,6285,48,2,0,0,0,0,0,0,0,0,0,0,0,0,0
67585629,6286,32,2,0,0,0,0,0,0,0,0,0,0,0,0,0
67594582,6287,32,2,0,0,0,0,0,0,0,0,0,0,0,0,0
67603535,6288,32,2,0,0,0,0,0,0,0,0,0,0,0,0,0
67612488,6289,32,2,0,0,0,0,0,0,0,0,0,0,0,0,0
67621441,6290,48,2,0,0,0,0,0,0,0,0,0,0,0,0,0
67636306,6291,32,2,0,0,0,0,0,0,0,0,0,0,0,0,0
67645247,6292,32,2,0,0,0,0,0,0,0,0,0,0,0,0,0
67654200,6293,32,2,0,0,0,0,0,0,0,0,0,0,0,0,0
67663153,6294,32,2,0,0,0,0,0,0,0,0,0,0,0,0,0
67672106,6295,48,2,0,0,0,0,0,0,0,0,0,0,0,0,0
67682788,6296,32,2,0,0,0,0,0,0,0,0,0,0,0,0,0
67691741,6297,32,2,0,0,0,0,0,0,0,0,0,0,0,0,0
67700694,6298,32,2,0,0,0,0,0,0,0,0,0,0,0,0,0
67709647,6299,32,2,0,0,0,0,0,0,0,0,0,0,0,0,0
67718600,6300,48,2,0,0,0,0,0,0,0,0,0,0,0,0,0
67729283,6301,32,2,0,0,0,0,0,0,0,0,0,0,0,0,0
67738235,6302,32,2,0,0,0,0,0,0,0,0,0,0,0,0,0
67747188,6303,32,2,0,0,0,0,0,0,0,0,0,0,0,0,0
67756141,6304,32,2,0,0,0,0,0,0,0,0,0,0,0,0,0
67765094,6305,48,2,0,0,0,0,0,0,0,0,0,0,0,0,0
67775776,6306,32,2,0,0,0,0,0,0,0,0,0,0,0,0,0
67784729,6307,32,2,0,0,0,0,0,0,0,0,0,0,0,0,0
67793682,6308,32,2,0,0,0,0,0,0,0,0,0,0,0,0,0
67802635,6309,32,2,0,0,0,0,0,0,0,0,0,0,0,0,0
67811588,6310,48,2,0,0,0,0,0,0,0,0,0,0,0,0,0
67822271,6311,32,2,0,0,0,0,0,0,0,0,0,0,0,0,0
67831223,6312,32,2,0,0,0,0,0,0,0,0,0,0,0,0,0
67840176,6313,32,2,0,0,0,0,0,0,0,0,0,0,0,0,0
67849129,6314,32,2,0,0,0,0,0,0,0,0,0,0,0,0,0
67858082,6315,48,2,0,0,0,0,0,0,0,0,0,0,0,0,0
67868764,6316,32,2,0,0,0,0,0,0,0,0,0,0,0,0,0
67877717,6317,32,2,0,0,0,0,0,0,0,0,0,0,0,0,0
67886670,6318,32,2,0,0,0,0,0,0,0,0,0,0,0,0,0
67895624,6319,32,2,0,0,0,0,0,0,0,0,0,0,0,0,0
67904576,6320,48,2,0,0,0,0,0,0,0,0,0,0,0,0,0
67915259,6321,32,2,0,0,0,0,0,0,0,0,0,0,0,0,0
67924211,6322,32,2,0,0,0,0,0,0,0,0,0,0,0,0,0
67933164,6323,32,2,0,0,0,0,0,0,0,0,0,0,0,0,0
67942117,6324,32,2,0,0,0,0,0,0,0,0,0,0,0,0,0
67951070,6325,48,2,0,0,0,0,0,0,0,0,0,0,0,0,0
67961752,6326,32,2,0,0,0,0,0,0,0,0,0,0,0,0,0
67970706,6327,32,2,0,0,0,0,0,0,0,0,0,0,0,0,0
67979658,6328,32,2,0,0,0,0,0,0,0,0,0,0,0,0,0
67988611,6329,32,2,0,0,0,0,0,0,0,0,0,0,0,0,0
67997564,6330,48,2,0,0,0,0,0,0,0,0,0,0,0,0,0
68008247,6331,32,2,0,0,0,0,0,0,0,0,0,0,0,0,0
68017199,6332,32,2,0,0,0,0,0,0,0,0,0,0,0,0,0
68026152,6333,32,2,0,0,0,0,0,0,0,0,0,0,0,0,0
68035105,6334,32,2,0,0,0,0,0,0,0,0,0,0,0,0,0
68044058,6335,48,2,0,0,0,0,0,0,0,0,0,0,0,0,0
68054740,6336,32,2,0,0,0,0,0,0,0,0,0,0,0,0,0
68063693,6337,32,2,0,0,0,0,0,0,0,0,0,0,0,0,0
68072646,6338,32,2,0,0,0,0,0,0,0,0,0,0,0,0,0
68081599,6339,32,2,0,0,0,0,0,0,0,0,0,0,0,0,0
68090552,6340,48,2,0,0,0,0,0,0,0,0,0,0,0,0,0
68101235,6341,32,2,0,0,0,0,0,0,0,0,0,0,0,0,0
68110187,6342,32,2,0,0,0,0,0,0,0,0,0,0,0,0,0
68119140,6343,32,2,0,0,0,0,0,0,0,0,0,0,0,0,0
68128093,6344,32,2,0,0,0,0,0,0,0,0,0,0,0,0,0
68137046,6345,48,2,0,0,0,0,0,0,0,0,0,0,0,0,0
68147728,6346,32,2,0,0,0,0,0,0,0,0,0,0,0,0,0
68156681,6347,32,2,0,0,0,0,0,0,0,0,0,0,0,0,0
68165635,6348,32,2,0,0,0,0,0,0,0,0,0,0,0,0,0
68174587,6349,32,2,0,0,0,0,0,0,0,0,0,0,0,0,0
68183540,6350,48,2,0,0,0,0,0,0,0,0,0,0,0,0,0
68194223,6351,32,2,0,0,0,0,0,0,0,0,0,0,0,0,0
68203175,6352,32,2,0,0,0,0,0,0,0,0,0,0,0,0,0
68212128,6353,32,2,0,0,0,0,0,0,0,0,0,0,0,0,0
68221081,6354,32,2,0,0,0,0,0,0,0,0,0,0,0,0,0
68230034,6355,48,2,0,0,0,0,0,0,0,0,0,0,0,0,0
68240716,6356,32,2,0,0,0,0,0,0,0,0,0,0,0,0,0
68249669,6357,32,2,0,0,0,0,0,0,0,0,0,0,0,0,0
68258622,6358,32,2,0,0,0,0,0,0,0,0,0,0,0,0,0
68267575,6359,32,2,0,0,0,0,0,0,0,0,0,0,0,0,0
68276528,6360,48,2,0,0,0,0,0,0,0,0,0,0,0,0,0
68287211,6361,32,2,0,0,0,0,0,0,0,0,0,0,0,0,0
68296163,6362,32,2,0,0,0,0,0,0,0,0,0,0,0,0,0
68305116,6363,32,2,0,0,0,0,0,0,0,0,0,0,0,0,0
68314069,6364,32,2,0,0,0,0,0,0,0,0,0,0,0,0,0
68323022,6365,48,2,0,0,0,0,0,0,0,0,0,0,0,0,0
68333704,6366,32,2,0,0,0,0,0,0,0,0,0,0,0,0,0
68342657,6367,32,2,0,0,0,0,0,0,0,0,0,0,0,0,0
68351610,6368,32,2,0,0,0,0,0,0,0,0,0,0,0,0,0
68360563,6369,32,2,0,0,0,0,0,0,0,0,0,0,0,0,0
68369516,6370,48,2,0,0,0,0,0,0,0,0,0,0,0,0,0
68380199,6371,32,2,0,0,0,0,0,0,0,0,0,0,0,0,0
68389151,6372,32,2,0,0,0,0,0,0,0,0,0,0,0,0,0
68398104,6373,32,2,0,0,0,0,0,0,0,0,0,0,0,0,0
68407057,6374,32,2,0,0,0,0,0,0,0,0,0,0,0,0,0
68416010,6375,48,2,0,0,0,0,0,0,0,0,0,0,0,0,0
68426692,6376,32,2,0,0,0,0,0,0,0,0,0,0,0,0,0
68435645,6377,32,2,0,0,0,0,0,0,0,0,0,0,0,0,0
68444598,6378,32,2,0,0,0,0,0,0,0,0,0,0,0,0,0
68453551,6379,32,2,0,0,0,0,0,0,0,0,0,0,0,0,0
68462504,6380,48,2,0,0,0,0,0,0,0,0,0,0,0,0,0
68473187,6381,32,2,0,0,0,0,0,0,0,0,0,0,0,0,0
68482139,6382,32,2,0,0,0,0,0,0,0,0,0,0,0,0,0
68491092,6383,32,2,0,0,0,0,0,0,0,0,0,0,0,0,0
68500045,6384,32,2,0,0,0,0,0,0,0,0,0,0,0,0,0
68508998,6385,48,2,0,0,0,0,0,0,0,0,0,0,0,0,0
68519680,6386,32,2,0,0,0,0,0,0,0,0,0,0,0,0,0
68528633,6387,32,2,0,0,0,0,0,0,0,0,0,0,0,0,0
68537586,6388,32,2,0,0,0,0,0,0,0,0,0,0,0,0,0
68546539,6389,32,2,0,0,0,0,0,0,0,0,0,0,0,0,0
68555492,6390,48,2,0,0,0,0,0,0,0,0,0,0,0,0,0
68566175,6391,32,2,0,0,0,0,0,0,0,0,0,0,0,0,0
68575127,6392,32,2,0,0,0,0,0,0,0,0,0,0,0,0,0
68584080,6393,32,2,0,0,0,0,0,0,0,0,0,0,0,0,0
68593033,6394,32,2,0,0,0,0,0,0,0,0,0,0,0,0,0
68601986,6395,48,2,0,0,0,0,0,0,0,0,0,0,0,0,0
68612668,6396,32,2,0,0,0,0,0,0,0,0,0,0,0,0,0
68621621,6397,32,2,0,0,0,0,0,0,0,0,0,0,0,0,0
68630575,6398,32,2,0,0,0,0,0,0,0,0,0,0,0,0,0
68639527,6399,32,2,0,0,0,0,0,0,0,0,0,0,0,0,0
68648480,6400,48,2,0,0,0,0,0,0,0,0,0,0,0,0,0
68659163,6401,32,2,0,0,0,0,0,0,0,0,0,0,0,0,0
68668115,6402,32,2,0,0,0,0,0,0,0,0,0,0,0,0,0
68677068,6403,32,2,0,0,0,0,0,0,0,0,0,0,0,0,0
68686021,6404,32,2,0,0,0,0,0,0,0,0,0,0,0,0,0
68694974,6405,48,2,0,0,0,0,0,0,0,0,0,0,0,0,0
68705656,6406,32,2,0,0,0,0,0,0,0,0,0,0,0,0,0
68714609,6407,32,2,0,0,0,0,0,0,0,0,0,0,0,0,0
68723562,6408,32,2,0,0,0,0,0,0,0,0,0,0,0,0,0
68732515,6409,32,2,0,0,0,0,0,0,0,0,0,0,0,0,0
68741468,6410,48,2,0,0,0,0,0,0,0,0,0,0,0,0,0
68752151,6411,32,2,0,0,0,0,0,0,0,0,0,0,0,0,0
68761103,6412,32,2,0,0,0,0,0,0,0,0,0,0,0,0,0
68770056,6413,32,2,0,0,0,0,0,0,0,0,0,0,0,0,0
68779009,6414,32,2,0,0,0,0,0,0,0,0,0,0,0,0,0
68787963,6415,48,2,0,0,0,0,0,0,0,0,0,0,0,0,0
68798644,6416,32,2,0,0,0,0,0,0,0,0,0,0,0,0,0
68807597,6417,32,2,0,0,0,0,0,0,0,0,0,0,0,0,0
68816550,6418,32,2,0,0,0,0,0,0,0,0,0,0,0,0,0
68825503,6419,32,2,0,0,0,0,0,0,0,0,0,0,0,0,0
68834456,6420,48,2,0,0,0,0,0,0,0,0,0,0,0,0,0
68845139,6421,32,2,0,0,0,0,0,0,0,0,0,0,0,0,0
68854091,6422,32,2,0,0,0,0,0,0,0,0,0,0,0,0,0
68863044,6423,32,2,0,0,0,0,0,0,0,0,0,0,0,0,0
68871997,6424,32,2,0,0,0,0,0,0,0,0,0,0,0,0,0
68880950,6425,48,2,0,0,0,0,0,0,0,0,0,0,0,0,0
68891632,6426,32,2,0,0,0,0,0,0,0,0,0,0,0,0,0
68900585,6427,32,2,0,0,0,0,0,0,0,0,0,0,0,0,0
68909538,6428,32,2,0,0,0,0,0,0,0,0,0,0,0,0,0
68918491,6429,32,2,0,0,0,0,0,0,0,0,0,0,0,0,0
68927444,6430,48,2,0,0,0,0,0,0,0,0,0,0,0,0,0
68938127,6431,32,2,0,0,0,0,0,0,0,0,0,0,0,0,0
68947079,6432,32,2,0,0,0,0,0,0,0,0,0,0,0,0,0
68956032,6433,32,2,0,0,0,0,0,0,0,0,0,0,0,0,0
68964985,6434,32,2,0,0,0,0,0,0,0,0,0,0,0,0,0
68973938,6435,48,2,0,0,0,0,0,0,0,0,0,0,0,0,0
68984620,6436,32,2,0,0,0,0,0,0,0,0,0,0,0,0,0
68993573,6437,32,2,0,0,0,0,0,0,0,0,0,0,0,0,0
69002526,6438,32,2,0,0,0,0,0,0,0,0,0,0,0,0,0
69011493,6439,32,2,0,0,0,0,0,0,0,0,0,0,0,0,0
69020434,6440,48,2,0,0,0,0,0,0,0,0,0,0,0,0,0
69031117,6441,32,2,0,0,0,0,0,0,0,0,0,0,0,0,0
69040069,6442,32,2,0,0,0,0,0,0,0,0,0,0,0,0,0
69049022,6443,32,2,0,0,0,0,0,0,0,0,0,0,0,0,0
69057975,6444,32,2,0,0,0,0,0,0,0,0,0,0,0,0,0
69066928,6445,48,2,0,0,0,0,0,0,0,0,0,0,0,0,0
69077610,6446,32,2,0,0,0,0,0,0,0,0,0,0,0,0,0
69086563,6447,32,2,0,0,0,0,0,0,0,0,0,0,0,0,0
69095516,6448,32,2,0,0,0,0,0,0,0,0,0,0,0,0,0
69104469,6449,32,2,0,0,0,0,0,0,0,0,0,0,0,0,0
69113422,6450,48,2,0,0,0,0,0,0,0,0,0,0,0,0,0
69124105,6451,32,2,0,0,0,0,0,0,0,0,0,0,0,0,0
69133057,6452,32,2,0,0,0,0,0,0,0,0,0,0,0,0,0
69142010,6453,32,2,0,0,0,0,0,0,0,0,0,0,0,0,0
69150963,6454,32,2,0,0,0,0,0,0,0,0,0,0,0,0,0
69159916,6455,48,2,0,0,0,0,0,0,0,0,0,0,0,0,0
69170598,6456,32,2,0,0,0,0,0,0,0,0,0,0,0,0,0
69179551,6457,32,2,0,0,0,0,0,0,0,0,0,0,0,0,0
69188504,6458,32,2,0,0,0,0,0,0,0,0,0,0,0,0,0
69197457,6459,32,2,0,0,0,0,0,0,0,0,0,0,0,0,0
69206410,6460,48,2,0,0,0,0,0,0,0,0,0,0,0,0,0
69223372,6461,32,2,0,0,0,0,0,0,0,0,0,0,0,0,0
69232313,6462,32,2,0,0,0,0,0,0,0,0,0,0,0,0,0
69241266,6463,32,2,0,0,0,0,0,0,0,0,0,0,0,0,0
69250219,6464,32,2,0,0,0,0,0,0,0,0,0,0,0,0,0
69259172,6465,48,2,0,0,0,0,0,0,0,0,0,0,0,0,0
69269854,6466,32,2,0,0,0,0,0,0,0,0,0,0,0,0,0
69278807,6467,32,2,0,0,0,0,0,0,0,0,0,0,0,0,0
69287760,6468,32,2,0,0,0,0,0,0,0,0,0,0,0,0,0
69296713,6469,32,2,0,0,0,0,0,0,0,0,0,0,0,0,0
69305666,6470,48,2,0,0,0,0,0,0,0,0,0,0,0,0,0
69316349,6471,32,2,0,0,0,0,0,0,0,0,0,0,0,0,0
69325301,6472,32,2,0,0,0,0,0,0,0,0,0,0,0,0,0
69334254,6473,32,2,0,0,0,0,0,0,0,0,0,0,0,0,0
69343207,6474,32,2,0,0,0,0,0,0,0,0,0,0,0,0,0
69352160,6475,48,2,0,0,0,0,0,0,0,0,0,0,0,0,0
69362842,6476,32,2,0,0,0,0,0,0,0,0,0,0,0,0,0
69371795,6477,32,2,0,0,0,0,0,0,0,0,0,0,0,0,0
69380748,6478,32,2,0,0,0,0,0,0,0,0,0,0,0,0,0
69389701,6479,32,2,0,0,0,0,0,0,0,0,0,0,0,0,0
69398654,6480,48,2,0,0,0,0,0,0,0,0,0,0,0,0,0
69409337,6481,32,2,0,0,0,0,0,0,0,0,0,0,0,0,0
69418289,6482,32,2,0,0,0,0,0,0,0,0,0,0,0,0,0
69427242,6483,32,2,0,0,0,0,0,0,0,0,0,0,0,0,0
69436195,6484,32,2,0,0,0,0,0,0,0,0,0,0,0,0,0
69445148,6485,48,2,0,0,0,0,0,0,0,0,0,0,0,0,0
69455830,6486,32,2,0,0,0,0,0,0,0,0,0,0,0,0,0
69464783,6487,32,2,0,0,0,0,0,0,0,0,0,0,0,0,0
69473736,6488,32,2,0,0,0,0,0,0,0,0,0,0,0,0,0
69482689,6489,32,2,0,0,0,0,0,0,0,0,0,0,0,0,0
69491642,6490,48,2,0,0,0,0,0,0,0,0,0,0,0,0,0
69502325,6491,32,2,0,0,0,0,0,0,0,0,0,0,0,0,0
69511277,6492,32,2,0,0,0,0,0,0,0,0,0,0,0,0,0
69520230,6493,32,2,0,0,0,0,0,0,0,0,0,0,0,0,0
69529183,6494,32,2,0,0,0,0,0,0,0,0,0,0,0,0,0
69538136,6495,48,2,0,0,0,0,0,0,0,0,0,0,0,0,0
69548818,6496,32,2,0,0,0,0,0,0,0,0,0,0,0,0,0
69557771,6497,32,2,0,0,0,0,0,0,0,0,0,0,0,0,0
69566724,6498,32,2,0,0,0,0,0,0,0,0,0,0,0,0,0
69575677,6499,32,2,0,0,0,0,0,0,0,0,0,0,0,0,0
69584630,6500,48,2,0,0,0,0,0,0,0,0,0,0,0,0,0
69595313,6501,32,2,0,0,0,0,0,0,0,0,0,0,0,0,0
69604265,6502,32,2,0,0,0,0,0,0,0,0,0,0,0,0,0
69613218,6503,32,2,0,0,0,0,0,0,0,0,0,0,0,0,0
69622171,6504,32,2,0,0,0,0,0,0,0,0,0,0,0,0,0
69631124,6505,48,2,0,0,0,0,0,0,0,0,0,0,0,0,0
69641806,6506,32,2,0,0,0,0,0,0,0,0,0,0,0,0,0
69650759,6507,32,2,0,0,0,0,0,0,0,0,0,0,0,0,0
69659712,6508,32,2,0,0,0,0,0,0,0,0,0,0,0,0,0
69668665,6509,32,2,0,0,0,0,0,0,0,0,0,0,0,0,0
69677618,6510,48,2,0,0,0,0,0,0,0,0,0,0,0,0,0
69688301,6511,32,2,0,0,0,0,0,0,0,0,0,0,0,0,0
69697253,6512,32,2,0,0,0,0,0,0,0,0,0,0,0,0,0
69706206,6513,32,2,0,0,0,0,0,0,0,0,0,0,0,0,0
69715159,6514,32,2,0,0,0,0,0,0,0,0,0,0,0,0,0
69724112,6515,48,2,0,0,0,0,0,0,0,0,0,0,0,0,0
69734794,6516,32,2,0,0,0,0,0,0,0,0,0,0,0,0,0
69743747,6517,32,2,0,0,0,0,0,0,0,0,0,0,0,0,0
69752700,6518,32,2,0,0,0,0,0,0,0,0,0,0,0,0,0
69761653,6519,32,2,0,0,0,0,0,0,0,0,0,0,0,0,0
69770606,6520,48,2,0,0,0,0,0,0,0,0,0,0,0,0,0
69781289,6521,32,2,0,0,0,0,0,0,0,0,0,0,0,0,0
69790242,6522,32,2,0,0,0,0,0,0,0,0,0,0,0,0,0
69799194,6523,32,2,0,0,0,0,0,0,0,0,0,0,0,0,0
69808147,6524,32,2,0,0,0,0,0,0,0,0,0,0,0,0,0
69817100,6525,48,2,0,0,0,0,0,0,0,0,0,0,0,0,0
69827782,6526,32,2,0,0,0,0,0,0,0,0,0,0,0,0,0
69836735,6527,32,2,0,0,0,0,0,0,0,0,0,0,0,0,0
69845688,6528,32,2,0,0,0,0,0,0,0,0,0,0,0,0,0
69854641,6529,32,2,0,0,0,0,0,0,0,0,0,0,0,0,0
69863594,6530,48,2,0,0,0,0,0,0,0,0,0,0,0,0,0
69874277,6531,32,2,0,0,0,0,0,0,0,0,0,0,0,0,0
69883229,6532,32,2,0,0,0,0,0,0,0,0,0,0,0,0,0
69892182,6533,32,2,0,0,0,0,0,0,0,0,0,0,0,0,0
69901135,6534,32,2,0,0,0,0,0,0,0,0,0,0,0,0,0
69910088,6535,48,2,0,0,0,0,0,0,0,0,0,0,0,0,0
69920770,6536,32,2,0,0,0,0,0,0,0,0,0,0,0,0,0
69929723,6537,32,2,0,0,0,0,0,0,0,0,0,0,0,0,0
69938676,6538,32,2,0,0,0,0,0,0,0,0,0,0,0,0,0
69947629,6539,32,2,0,0,0,0,0,0,0,0,0,0,0,0,0
69956582,6540,48,2,0,0,0,0,0,0,0,0,0,0,0,0,0
69967265,6541,32,2,0,0,0,0,0,0,0,0,0,0,0,0,0
69976217,6542,32,2,0,0,0,0,0,0,0,0,0,0,0,0,0
69985170,6543,32,2,0,0,0,0,0,0,0,0,0,0,0,0,0
69994123,6544,32,2,0,0,0,0,0,0,0,0,0,0,0,0,0
70003076,6545,48,2,0,0,0,0,0,0,0,0,0,0,0,0,0
70013758,6546,32,2,0,0,0,0,0,0,0,0,0,0,0,0,0
70022711,6547,32,2,0,0,0,0,0,0,0,0,0,0,0,0,0
70031664,6548,32,2,0,0,0,0,0,0,0,0,0,0,0,0,0
70040617,6549,32,2,0,0,0,0,0,0,0,0,0,0,0,0,0
70049570,6550,48,2,0,0,0,0,0,0,0,0,0,0,0,0,0
70060253,6551,32,2,0,0,0,0,0,0,0,0,0,0,0,0,0
70069205,6552,32,2,0,0,0,0,0,0,0,0,0,0,0,0,0
70078158,6553,32,2,0,0,0,0,0,0,0,0,0,0,0,0,0
70087111,6554,32,2,0,0,0,0,0,0,0,0,0,0,0,0,0
70096064,6555,48,2,0,0,0,0,0,0,0,0,0,0,0,0,0
70106746,6556,32,2,0,0,0,0,0,0,0,0,0,0,0,0,0
70115699,6557,32,2,0,0,0,0,0,0,0,0,0,0,0,0,0
70124652,6558,32,2,0,0,0,0,0,0,0,0,0,0,0,0,0
70133605,6559,32,2,0,0,0,0,0,0,0,0,0,0,0,0,0
70142558,6560,48,2,0,0,0,0,0,0,0,0,0,0,0,0,0
70153241,6561,32,2,0,0,0,0,0,0,0,0,0,0,0,0,0
70162193,6562,32,2,0,0,0,0,0,0,0,0,0,0,0,0,0
70171146,6563,32,2,0,0,0,0,0,0,0,0,0,0,0,0,0
70180099,6564,32,2,0,0,0,0,0,0,0,0,0,0,0,0,0
70189052,6565,48,2,0,0,0,0,0,0,0,0,0,0,0,0,0
70199734,6566,32,2,0,0,0,0,0,0,0,0,0,0,0,0,0
70208688,6567,32,2,0,0,0,0,0,0,0,0,0,0,0,0,0
70217640,6568,32,2,0,0,0,0,0,0,0,0,0,0,0,0,0
70226593,6569,32,2,0,0,0,0,0,0,0,0,0,0,0,0,0
70235546,6570,48,2,0,0,0,0,0,0,0,0,0,0,0,0,0
70246229,6571,32,2,0,0,0,0,0,0,0,0,0,0,0,0,0
70255181,6572,32,2,0,0,0,0,0,0,0,0,0,0,0,0,0
70264134,6573,32,2,0,0,0,0,0,0,0,0,0,0,0,0,0
70273087,6574,32,2,0,0,0,0,0,0,0,0,0,0,0,0,0
70282040,6575,48,2,0,0,0,0,0,0,0,0,0,0,0,0,0
70292722,6576,32,2,0,0,0,0,0,0,0,0,0,0,0,0,0
70301675,6577,32,2,0,0,0,0,0,0,0,0,0,0,0,0,0
70310628,6578,32,2,0,0,0,0,0,0,0,0,0,0,0,0,0
70319581,6579,32,2,0,0,0,0,0,0,0,0,0,0,0,0,0
70328534,6580,48,2,0,0,0,0,0,0,0,0,0,0,0,0,0
70339217,6581,32,2,0,0,0,0,0,0,0,0,0,0,0,0,0
70348169,6582,32,2,0,0,0,0,0,0,0,0,0,0,0,0,0
70357122,6583,32,2,0,0,0,0,0,0,0,0,0,0,0,0,0
70366075,6584,32,2,0,0,0,0,0,0,0,0,0,0,0,0,0
70375028,6585,48,2,0,0,0,0,0,0,0,0,0,0,0,0,0
70385710,6586,32,2,0,0,0,0,0,0,0,0,0,0,0,0,0
70394663,6587,32,2,0,0,0,0,0,0,0,0,0,0,0,0,0
70403617,6588,32,2,0,0,0,0,0,0,0,0,0,0,0,0,0
70412569,6589,32,2,0,0,0,0,0,0,0,0,0,0,0,0,0
70421522,6590,48,2,0,0,0,0,0,0,0,0,0,0,0,0,0
70432205,6591,32,2,0,0,0,0,0,0,0,0,0,0,0,0,0
70441157,6592,32,2,0,0,0,0,0,0,0,0,0,0,0,0,0
70450111,6593,32,2,0,0,0,0,0,0,0,0,0,0,0,0,0
70459063,6594,32,2,0,0,0,0,0,0,0,0,0,0,0,0,0
70468016,6595,48,2,0,0,0,0,0,0,0,0,0,0,0,0,0
70478698,6596,32,2,0,0,0,0,0,0,0,0,0,0,0,0,0
70487651,6597,32,2,0,0,0,0,0,0,0,0,0,0,0,0,0
70496604,6598,32,2,0,0,0,0,0,0,0,0,0,0,0,0,0
70505557,6599,32,2,0,0,0,0,0,0,0,0,0,0,0,0,0
70514510,6600,48,2,0,0,0,0,0,0,0,0,0,0,0,0,0
70525193,6601,32,2,0,0,0,0,0,0,0,0,0,0,0,0,0
70534145,6602,32,2,0,0,0,0,0,0,0,0,0,0,0,0,0
70543098,6603,32,2,0,0,0,0,0,0,0,0,0,0,0,0,0
70552051,6604,32,2,0,0,0,0,0,0,0,0,0,0,0,0,0
70561004,6605,48,2,0,0,0,0,0,0,0,0,0,0,0,0,0
70571686,6606,32,2,0,0,0,0,0,0,0,0,0,0,0,0,0
70580639,6607,32,2,0,0,0,0,0,0,0,0,0,0,0,0,0
70589593,6608,32,2,0,0,0,0,0,0,0,0,0,0,0,0,0
70598545,6609,32,2,0,0,0,0,0,0,0,0,0,0,0,0,0
70607498,6610,48,2,0,0,0,0,0,0,0,0,0,0,0,0,0
70618181,6611,32,2,0,0,0,0,0,0,0,0,0,0,0,0,0
70627133,6612,32,2,0,0,0,0,0,0,0,0,0,0,0,0,0
70636086,6613,32,2,0,0,0,0,0,0,0,0,0,0,0,0,0
70645039,6614,32,2,0,0,0,0,0,0,0,0,0,0,0,0,0
70653992,6615,48,2,0,0,0,0,0,0,0,0,0,0,0,0,0
70664674,6616,32,2,0,0,0,0,0,0,0,0,0,0,0,0,0
70673627,6617,32,2,0,0,0,0,0,0,0,0,0,0,0,0,0
70682580,6618,32,2,0,0,0,0,0,0,0,0,0,0,0,0,0
70691533,6619,32,2,0,0,0,0,0,0,0,0,0,0,0,0,0
70700486,6620,48,2,0,0,0,0,0,0,0,0,0,0,0,0,0
70711169,6621,32,2,0,0,0,0,0,0,0,0,0,0,0,0,0
70720121,6622,32,2,0,0,0,0,0,0,0,0,0,0,0,0,0
70729074,6623,32,2,0,0,0,0,0,0,0,0,0,0,0,0,0
70738027,6624,32,2,0,0,0,0,0,0,0,0,0,0,0,0,0
70746981,6625,48,2,0,0,0,0,0,0,0,0,0,0,0,0,0
70757662,6626,32,2,0,0,0,0,0,0,0,0,0,0,0,0,0
70766615,6627,32,2,0,0,0,0,0,0,0,0,0,0,0,0,0
70775568,6628,32,2,0,0,0,0,0,0,0,0,0,0,0,0,0
70784521,6629,32,2,0,0,0,0,0,0,0,0,0,0,0,0,0
70793474,6630,48,2,0,0,0,0,0,0,0,0,0,0,0,0,0
70808725,6631,32,2,0,0,0,0,0,0,0,0,0,0,0,0,0
70817666,6632,32,2,0,0,0,0,0,0,0,0,0,0,0,0,0
70826619,6633,32,2,0,0,0,0,0,0,0,0,0,0,0,0,0
70835572,6634,32,2,0,0,0,0,0,0,0,0,0,0,0,0,0
70844525,6635,48,2,0,0,0,0,0,0,0,0,0,0,0,0,0
70855208,6636,32,2,0,0,0,0,0,0,0,0,0,0,0,0,0
70864160,6637,32,2,0,0,0,0,0,0,0,0,0,0,0,0,0
70873113,6638,32,2,0,0,0,0,0,0,0,0,0,0,0,0,0
70882066,6639,32,2,0,0,0,0,0,0,0,0,0,0,0,0,0
70891019,6640,48,2,0,0,0,0,0,0,0,0,0,0,0,0,0
70901702,6641,32,2,0,0,0,0,0,0,0,0,0,0,0,0,0
70910654,6642,32,2,0,0,0,0,0,0,0,0,0,0,0,0,0
70919608,6643,32,2,0,0,0,0,0,0,0,0,0,0,0,0,0
70928560,6644,32,2,0,0,0,0,0,0,0,0,0,0,0,0,0
70937513,6645,48,2,0,0,0,0,0,0,0,0,0,0,0,0,0
70948195,6646,32,2,0,0,0,0,0,0,0,0,0,0,0,0,0
70957148,6647,32,2,0,0,0,0,0,0,0,0,0,0,0,0,0
70966101,6648,32,2,0,0,0,0,0,0,0,0,0,0,0,0,0
70975054,6649,32,2,0,0,0,0,0,0,0,0,0,0,0,0,0
70984007,6650,48,2,0,0,0,0,0,0,0,0,0,0,0,0,0
70994690,6651,32,2,0,0,0,0,0,0,0,0,0,0,0,0,0
71003642,6652,32,2,0,0,0,0,0,0,0,0,0,0,0,0,0
71012596,6653,32,2,0,0,0,0,0,0,0,0,0,0,0,0,0
71021549,6654,32,2,0,0,0,0,0,0,0,0,0,0,0,0,0
71030501,6655,48,2,0,0,0,0,0,0,0,0,0,0,0,0,0
71041183,6656,32,2,0,0,0,0,0,0,0,0,0,0,0,0,0
71050136,6657,32,2,0,0,0,0,0,0,0,0,0,0,0,0,0
71059089,6658,32,2,0,0,0,0,0,0,0,0,0,0,0,0,0
71068042,6659,32,2,0,0,0,0,0,0,0,0,0,0,0,0,0
71076996,6660,48,2,0,0,0,0,0,0,0,0,0,0,0,0,0
71087678,6661,32,2,0,0,0,0,0,0,0,0,0,0,0,0,0
71096630,6662,32,2,0,0,0,0,0,0,0,0,0,0,0,0,0
71105584,6663,32,2,0,0,0,0,0,0,0,0,0,0,0,0,0
71114536,6664,32,2,0,0,0,0,0,0,0,0,0,0,0,0,0
71123489,6665,48,2,0,0,0,0,0,0,0,0,0,0,0,0,0
71134171,6666,32,2,0,0,0,0,0,0,0,0,0,0,0,0,0
71143124,6667,32,2,0,0,0,0,0,0,0,0,0,0,0,0,0
71152077,6668,32,2,0,0,0,0,0,0,0,0,0,0,0,0,0
71161030,6669,32,2,0,0,0,0,0,0,0,0,0,0,0,0,0
71169983,6670,48,2,0,0,0,0,0,0,0,0,0,0,0,0,0
71180666,6671,32,2,0,0,0,0,0,0,0,0,0,0,0,0,0
71189618,6672,32,2,0,0,0,0,0,0,0,0,0,0,0,0,0
71198571,6673,32,2,0,0,0,0,0,0,0,0,0,0,0,0,0
71207524,6674,32,2,0,0,0,0,0,0,0,0,0,0,0,0,0
71216477,6675,48,2,0,0,0,0,0,0,0,0,0,0,0,0,0
71227159,6676,32,2,0,0,0,0,0,0,0,0,0,0,0,0,0
71236112,6677,32,2,0,0,0,0,0,0,0,0,0,0,0,0,0
71245065,6678,32,2,0,0,0,0,0,0,0,0,0,0,0,0,0
71254018,6679,32,2,0,0,0,0,0,0,0,0,0,0,0,0,0
71262972,6680,48,2,0,0,0,0,0,0,0,0,0,0,0,0,0
71273654,6681,32,2,0,0,0,0,0,0,0,0,0,0,0,0,0
71282606,6682,32,2,0,0,0,0,0,0,0,0,0,0,0,0,0
71291559,6683,32,2,0,0,0,0,0,0,0,0,0,0,0,0,0
71300512,6684,32,2,0,0,0,0,0,0,0,0,0,0,0,0,0
71309465,6685,48,2,0,0,0,0,0,0,0,0,0,0,0,0,0
71320147,6686,32,2,0,0,0,0,0,0,0,0,0,0,0,0,0
71329100,6687,32,2,0,0,0,0,0,0,0,0,0,0,0,0,0
71338053,6688,32,2,0,0,0,0,0,0,0,0,0,0,0,0,0
71347006,6689,32,2,0,0,0,0,0,0,0,0,0,0,0,0,0
71355959,6690,48,2,0,0,0,0,0,0,0,0,0,0,0,0,0
71366642,6691,32,2,0,0,0,0,0,0,0,0,0,0,0,0,0
71375594,6692,32,2,0,0,0,0,0,0,0,0,0,0,0,0,0
71384547,6693,32,2,0,0,0,0,0,0,0,0,0,0,0,0,0
71393500,6694,32,2,0,0,0,0,0,0,0,0,0,0,0,0,0
71402453,6695,48,2,0,0,0,0,0,0,0,0,0,0,0,0,0
71413135,6696,32,2,0,0,0,0,0,0,0,0,0,0,0,0,0
71422088,6697,32,2,0,0,0,0,0,0,0,0,0,0,0,0,0
71431041,6698,32,2,0,0,0,0,0,0,0,0,0,0,0,0,0
71439994,6699,32,2,0,0,0,0,0,0,0,0,0,0,0,0,0
71448947,6700,48,2,0,0,0,0,0,0,0,0,0,0,0,0,0
71459630,6701,32,2,0,0,0,0,0,0,0,0,0,0,0,0,0
71468582,6702,32,2,0,0,0,0,0,0,0,0,0,0,0,0,0
71477535,6703,32,2,0,0,0,0,0,0,0,0,0,0,0,0,0
71486488,6704,32,2,0,0,0,0,0,0,0,0,0,0,0,0,0
71495441,6705,48,2,0,0,0,0,0,0,0,0,0,0,0,0,0
71506123,6706,32,2,0,0,0,0,0,0,0,0,0,0,0,0,0
71515076,6707,32,2,0,0,0,0,0,0,0,0,0,0,0,0,0
71524029,6708,32,2,0,0,0,0,0,0,0,0,0,0,0,0,0
71532982,6709,32,2,0,0,0,0,0,0,0,0,0,0,0,0,0
71541936,6710,48,2,0,0,0,0,0,0,0,0,0,0,0,0,0
71552618,6711,32,2,0,0,0,0,0,0,0,0,0,0,0,0,0
71561570,6712,32,2,0,0,0,0,0,0,0,0,0,0,0,0,0
71570523,6713,32,2,0,0,0,0,0,0,0,0,0,0,0,0,0
71579476,6714,32,2,0,0,0,0,0,0,0,0,0,0,0,0,0
71588429,6715,48,2,0,0,0,0,0,0,0,0,0,0,0,0,0
71599111,6716,32,2,0,0,0,0,0,0,0,0,0,0,0,0,0
71608064,6717,32,2,0,0,0,0,0,0,0,0,0,0,0,0,0
71617017,6718,32,2,0,0,0,0,0,0,0,0,0,0,0,0,0
71625970,6719,32,2,0,0,0,0,0,0,0,0,0,0,0,0,0
71634924,6720,48,2,0,0,0,0,0,0,0,0,0,0,0,0,0
71645606,6721,32,2,0,0,0,0,0,0,0,0,0,0,0,0,0
71654558,6722,32,2,0,0,0,0,0,0,0,0,0,0,0,0,0
71663511,6723,32,2,0,0,0,0,0,0,0,0,0,0,0,0,0
71672464,6724,32,2,0,0,0,0,0,0,0,0,0,0,0,0,0
71681417,6725,48,2,0,0,0,0,0,0,0,0,0,0,0,0,0
71692100,6726,32,2,0,0,0,0,0,0,0,0,0,0,0,0,0
71701053,6727,32,2,0,0,0,0,0,0,0,0,0,0,0,0,0
71710005,6728,32,2,0,0,0,0,0,0,0,0,0,0,0,0,0
71718959,6729,32,2,0,0,0,0,0,0,0,0,0,0,0,0,0
71727911,6730,48,2,0,0,0,0,0,0,0,0,0,0,0,0,0
71738594,6731,32,2,0,0,0,0,0,0,0,0,0,0,0,0,0
71747546,6732,32,2,0,0,0,0,0,0,0,0,0,0,0,0,0
71756499,6733,32,2,0,0,0,0,0,0,0,0,0,0,0,0,0
71765452,6734,32,2,0,0,0,0,0,0,0,0,0,0,0,0,0
71774405,6735,48,2,0,0,0,0,0,0,0,0,0,0,0,0,0
71785087,6736,32,2,0,0,0,0,0,0,0,0,0,0,0,0,0
71794040,6737,32,2,0,0,0,0,0,0,0,0,0,0,0,0,0
71802993,6738,32,2,0,0,0,0,0,0,0,0,0,0,0,0,0
71811947,6739,32,2,0,0,0,0,0,0,0,0,0,0,0,0,0
71820899,6740,48,2,0,0,0,0,0,0,0,0,0,0,0,0,0
71831582,6741,32,2,0,0,0,0,0,0,0,0,0,0,0,0,0
71840534,6742,32,2,0,0,0,0,0,0,0,0,0,0,0,0,0
71849488,6743,32,2,0,0,0,0,0,0,0,0,0,0,0,0,0
71858440,6744,32,2,0,0,0,0,0,0,0,0,0,0,0,0,0
71867393,6745,48,2,0,0,0,0,0,0,0,0,0,0,0,0,0
71878075,6746,32,2,0,0,0,0,0,0,0,0,0,0,0,0,0
71887028,6747,32,2,0,0,0,0,0,0,0,0,0,0,0,0,0
71895981,6748,32,2,0,0,0,0,0,0,0,0,0,0,0,0,0
71904934,6749,32,2,0,0,0,0,0,0,0,0,0,0,0,0,0
71913887,6750,48,2,0,0,0,0,0,0,0,0,0,0,0,0,0
71924570,6751,32,2,0,0,0,0,0,0,0,0,0,0,0,0,0
71933522,6752,32,2,0,0,0,0,0,0,0,0,0,0,0,0,0
71942476,6753,32,2,0,0,0,0,0,0,0,0,0,0,0,0,0
71951428,6754,32,2,0,0,0,0,0,0,0,0,0,0,0,0,0
71960381,6755,48,2,0,0,0,0,0,0,0,0,0,0,0,0,0
71971063,6756,32,2,0,0,0,0,0,0,0,0,0,0,0,0,0
71980016,6757,32,2,0,0,0,0,0,0,0,0,0,0,0,0,0
71988969,6758,32,2,0,0,0,0,0,0,0,0,0,0,0,0,0
71997923,6759,32,2,0,0,0,0,0,0,0,0,0,0,0,0,0
72006875,6760,48,2,0,0,0,0,0,0,0,0,0,0,0,0,0
72017558,6761,32,2,0,0,0,0,0,0,0,0,0,0,0,0,0
72026510,6762,32,2,0,0,0,0,0,0,0,0,0,0,0,0,0
72035463,6763,32,2,0,0,0,0,0,0,0,0,0,0,0,0,0
72044416,6764,32,2,0,0,0,0,0,0,0,0,0,0,0,0,0
72053369,6765,48,2,0,0,0,0,0,0,0,0,0,0,0,0,0
72064051,6766,32,2,0,0,0,0,0,0,0,0,0,0,0,0,0
72073004,6767,32,2,0,0,0,0,0,0,0,0,0,0,0,0,0
72081957,6768,32,2,0,0,0,0,0,0,0,0,0,0,0,0,0
72090910,6769,32,2,0,0,0,0,0,0,0,0,0,0,0,0,0
72099863,6770,48,2,0,0,0,0,0,0,0,0,0,0,0,0,0
72110546,6771,32,2,0,0,0,0,0,0,0,0,0,0,0,0,0
72119498,6772,32,2,0,0,0,0,0,0,0,0,0,0,0,0,0
72128452,6773,32,2,0,0,0,0,0,0,0,0,0,0,0,0,0
72137404,6774,32,2,0,0,0,0,0,0,0,0,0,0,0,0,0
72146357,6775,48,2,0,0,0,0,0,0,0,0,0,0,0,0,0
72157039,6776,32,2,0,0,0,0,0,0,0,0,0,0,0,0,0
72165992,6777,32,2,0,0,0,0,0,0,0,0,0,0,0,0,0
72174945,6778,32,2,0,0,0,0,0,0,0,0,0,0,0,0,0
72183898,6779,32,2,0,0,0,0,0,0,0,0,0,0,0,0,0
72192851,6780,48,2,0,0,0,0,0,0,0,0,0,0,0,0,0
72203534,6781,32,2,0,0,0,0,0,0,0,0,0,0,0,0,0
72212486,6782,32,2,0,0,0,0,0,0,0,0,0,0,0,0,0
72221439,6783,32,2,0,0,0,0,0,0,0,0,0,0,0,0,0
72230392,6784,32,2,0,0,0,0,0,0,0,0,0,0,0,0,0
72239345,6785,48,2,0,0,0,0,0,0,0,0,0,0,0,0,0
72250028,6786,32,2,0,0,0,0,0,0,0,0,0,0,0,0,0
72258980,6787,32,2,0,0,0,0,0,0,0,0,0,0,0,0,0
72267933,6788,32,2,0,0,0,0,0,0,0,0,0,0,0,0,0
72276886,6789,32,2,0,0,0,0,0,0,0,0,0,0,0,0,0
72285839,6790,48,2,0,0,0,0,0,0,0,0,0,0,0,0,0
72296522,6791,32,2,0,0,0,0,0,0,0,0,0,0,0,0,0
72305474,6792,32,2,0,0,0,0,0,0,0,0,0,0,0,0,0
72314427,6793,32,2,0,0,0,0,0,0,0,0,0,0,0,0,0
72323380,6794,32,2,0,0,0,0,0,0,0,0,0,0,0,0,0
72332333,6795,48,2,0,0,0,0,0,0,0,0,0,0,0,0,0
72343015,6796,32,2,0,0,0,0,0,0,0,0,0,0,0,0,0
72351968,6797,32,2,0,0,0,0,0,0,0,0,0,0,0,0,0
72360921,6798,32,2,0,0,0,0,0,0,0,0,0,0,0,0,0
72369874,6799,32,2,0,0,0,0,0,0,0,0,0,0,0,0,0
72378827,6800,48,2,0,0,0,0,0,0,0,0,0,0,0,0,0
72396018,6801,32,2,0,0,0,0,0,0,0,0,0,0,0,0,0
72404959,6802,32,2,0,0,0,0,0,0,0,0,0,0,0,0,0
72413912,6803,32,2,0,0,0,0,0,0,0,0,0,0,0,0,0
72422865,6804,32,2,0,0,0,0,0,0,0,0,0,0,0,0,0
72431818,6805,48,2,0,0,0,0,0,0,0,0,0,0,0,0,0
72442500,6806,32,2,0,0,0,0,0,0,0,0,0,0,0,0,0
72451453,6807,32,2,0,0,0,0,0,0,0,0,0,0,0,0,0
72460407,6808,32,2,0,0,0,0,0,0,0,0,0,0,0,0,0
72469360,6809,32,2,0,0,0,0,0,0,0,0,0,0,0,0,0
72478312,6810,48,2,0,0,0,0,0,0,0,0,0,0,0,0,0
72488995,6811,32,2,0,0,0,0,0,0,0,0,0,0,0,0,0
72497947,6812,32,2,0,0,0,0,0,0,0,0,0,0,0,0,0
72506901,6813,32,2,0,0,0,0,0,0,0,0,0,0,0,0,0
72515853,6814,32,2,0,0,0,0,0,0,0,0,0,0,0,0,0
72524806,6815,48,2,0,0,0,0,0,0,0,0,0,0,0,0,0
72535489,6816,32,2,0,0,0,0,0,0,0,0,0,0,0,0,0
72544442,6817,32,2,0,0,0,0,0,0,0,0,0,0,0,0,0
72553394,6818,32,2,0,0,0,0,0,0,0,0,0,0,0,0,0
72562347,6819,32,2,0,0,0,0,0,0,0,0,0,0,0,0,0
72571300,6820,48,2,0,0,0,0,0,0,0,0,0,0,0,0,0
72581983,6821,32,2,0,0,0,0,0,0,0,0,0,0,0,0,0
72590935,6822,32,2,0,0,0,0,0,0,0,0,0,0,0,0,0
72599888,6823,32,2,0,0,0,0,0,0,0,0,0,0,0,0,0
72608841,6824,32,2,0,0,0,0,0,0,0,0,0,0,0,0,0
72617794,6825,48,2,0,0,0,0,0,0,0,0,0,0,0,0,0
72628476,6826,32,2,0,0,0,0,0,0,0,0,0,0,0,0,0
72637429,6827,32,2,0,0,0,0,0,0,0,0,0,0,0,0,0
72646382,6828,32,2,0,0,0,0,0,0,0,0,0,0,0,0,0
72655335,6829,32,2,0,0,0,0,0,0,0,0,0,0,0,0,0
72664288,6830,48,2,0,0,0,0,0,0,0,0,0,0,0,0,0
72674971,6831,32,2,0,0,0,0,0,0,0,0,0,0,0,0,0
72683923,6832,32,2,0,0,0,0,0,0,0,0,0,0,0,0,0
72692876,6833,32,2,0,0,0,0,0,0,0,0,0,0,0,0,0
72701830,6834,32,2,0,0,0,0,0,0,0,0,0,0,0,0,0
72710783,6835,48,2,0,0,0,0,0,0,0,0,0,0,0,0,0
72721464,6836,32,2,0,0,0,0,0,0,0,0,0,0,0,0,0
72730417,6837,32,2,0,0,0,0,0,0,0,0,0,0,0,0,0
72739370,6838,32,2,0,0,0,0,0,0,0,0,0,0,0,0,0
72748323,6839,32,2,0,0,0,0,0,0,0,0,0,0,0,0,0
72757276,6840,48,2,0,0,0,0,0,0,0,0,0,0,0,0,0
72767959,6841,32,2,0,0,0,0,0,0,0,0,0,0,0,0,0
72776911,6842,32,2,0,0,0,0,0,0,0,0,0,0,0,0,0
72785864,6843,32,2,0,0,0,0,0,0,0,0,0,0,0,0,0
72794817,6844,32,2,0,0,0,0,0,0,0,0,0,0,0,0,0
72803770,6845,48,2,0,0,0,0,0,0,0,0,0,0,0,0,0
72814452,6846,32,2,0,0,0,0,0,0,0,0,0,0,0,0,0
72823405,6847,32,2,0,0,0,0,0,0,0,0,0,0,0,0,0
72832358,6848,32,2,0,0,0,0,0,0,0,0,0,0,0,0,0
72841312,6849,32,2,0,0,0,0,0,0,0,0,0,0,0,0,0
72850264,6850,48,2,0,0,0,0,0,0,0,0,0,0,0,0,0
72860947,6851,32,2,0,0,0,0,0,0,0,0,0,0,0,0,0
72869899,6852,32,2,0,0,0,0,0,0,0,0,0,0,0,0,0
72878853,6853,32,2,0,0,0,0,0,0,0,0,0,0,0,0,0
72887805,6854,32,2,0,0,0,0,0,0,0,0,0,0,0,0,0
72896758,6855,48,2,0,0,0,0,0,0,0,0,0,0,0,0,0
72907440,6856,32,2,0,0,0,0,0,0,0,0,0,0,0,0,0
72916393,6857,32,2,0,0,0,0,0,0,0,0,0,0,0,0,0
72925346,6858,32,2,0,0,0,0,0,0,0,0,0,0,0,0,0
72934299,6859,32,2,0,0,0,0,0,0,0,0,0,0,0,0,0
72943252,6860,48,2,0,0,0,0,0,0,0,0,0,0,0,0,0
72953935,6861,32,2,0,0,0,0,0,0,0,0,0,0,0,0,0
72962887,6862,32,2,0,0,0,0,0,0,0,0,0,0,0,0,0
72971840,6863,32,2,0,0,0,0,0,0,0,0,0,0,0,0,0
72980793,6864,32,2,0,0,0,0,0,0,0,0,0,0,0,0,0
72989747,6865,48,2,0,0,0,0,0,0,0,0,0,0,0,0,0
73000429,6866,32,2,0,0,0,0,0,0,0,0,0,0,0,0,0
73009381,6867,32,2,0,0,0,0,0,0,0,0,0,0,0,0,0
73018334,6868,32,2,0,0,0,0,0,0,0,0,0,0,0,0,0
73027287,6869,32,2,0,0,0,0,0,0,0,0,0,0,0,0,0
73036240,6870,48,2,0,0,0,0,0,0,0,0,0,0,0,0,0
73046923,6871,32,2,0,0,0,0,0,0,0,0,0,0,0,0,0
73055875,6872,32,2,0,0,0,0,0,0,0,0,0,0,0,0,0
73064828,6873,32,2,0,0,0,0,0,0,0,0,0,0,0,0,0
73073781,6874,32,2,0,0,0,0,0,0,0,0,0,0,0,0,0
73082734,6875,48,2,0,0,0,0,0,0,0,0,0,0,0,0,0
73093416,6876,32,2,0,0,0,0,0,0,0,0,0,0,0,0,0
73102369,6877,32,2,0,0,0,0,0,0,0,0,0,0,0,0,0
73111322,6878,32,2,0,0,0,0,0,0,0,0,0,0,0,0,0
73120275,6879,32,2,0,0,0,0,0,0,0,0,0,0,0,0,0
73129228,6880,48,2,0,0,0,0,0,0,0,0,0,0,0,0,0
73139911,6881,32,2,0,0,0,0,0,0,0,0,0,0,0,0,0
73148863,6882,32,2,0,0,0,0,0,0,0,0,0,0,0,0,0
73157816,6883,32,2,0,0,0,0,0,0,0,0,0,0,0,0,0
73166769,6884,32,2,0,0,0,0,0,0,0,0,0,0,0,0,0
73175722,6885,48,2,0,0,0,0,0,0,0,0,0,0,0,0,0
73186404,6886,32,2,0,0,0,0,0,0,0,0,0,0,0,0,0
73195357,6887,32,2,0,0,0,0,0,0,0,0,0,0,0,0,0
73204310,6888,32,2,0,0,0,0,0,0,0,0,0,0,0,0,0
73213263,6889,32,2,0,0,0,0,0,0,0,0,0,0,0,0,0
73222216,6890,48,2,0,0,0,0,0,0,0,0,0,0,0,0,0
73232899,6891,32,2,0,0,0,0,0,0,0,0,0,0,0,0,0
73241851,6892,32,2,0,0,0,0,0,0,0,0,0,0,0,0,0
73250804,6893,32,2,0,0,0,0,0,0,0,0,0,0,0,0,0
73259758,6894,32,2,0,0,0,0,0,0,0,0,0,0,0,0,0
73268710,6895,48,2,0,0,0,0,0,0,0,0,0,0,0,0,0
73279392,6896,32,2,0,0,0,0,0,0,0,0,0,0,0,0,0
73288345,6897,32,2,0,0,0,0,0,0,0,0,0,0,0,0,0
73297298,6898,32,2,0,0,0,0,0,0,0,0,0,0,0,0,0
73306251,6899,32,2,0,0,0,0,0,0,0,0,0,0,0,0,0
73315204,6900,48,2,0,0,0,0,0,0,0,0,0,0,0,0,0
73325887,6901,32,2,0,0,0,0,0,0,0,0,0,0,0,0,0
73334839,6902,32,2,0,0,0,0,0,0,0,0,0,0,0,0,0
73343792,6903,32,2,0,0,0,0,0,0,0,0,0,0,0,0,0
73352745,6904,32,2,0,0,0,0,0,0,0,0,0,0,0,0,0
73361698,6905,48,2,0,0,0,0,0,0,0,0,0,0,0,0,0
73372380,6906,32,2,0,0,0,0,0,0,0,0,0,0,0,0,0
73381333,6907,32,2,0,0,0,0,0,0,0,0,0,0,0,0,0
73390286,6908,32,2,0,0,0,0,0,0,0,0,0,0,0,0,0
73399239,6909,32,2,0,0,0,0,0,0,0,0,0,0,0,0,0
73408192,6910,48,2,0,0,0,0,0,0,0,0,0,0,0,0,0
73418875,6911,32,2,0,0,0,0,0,0,0,0,0,0,0,0,0
73427827,6912,32,2,0,0,0,0,0,0,0,0,0,0,0,0,0
73436780,6913,32,2,0,0,0,0,0,0,0,0,0,0,0,0,0
73445733,6914,32,2,0,0,0,0,0,0,0,0,0,0,0,0,0
73454686,6915,48,2,0,0,0,0,0,0,0,0,0,0,0,0,0
73465368,6916,32,2,0,0,0,0,0,0,0,0,0,0,0,0,0
73474321,6917,32,2,0,0,0,0,0,0,0,0,0,0,0,0,0
73483274,6918,32,2,0,0,0,0,0,0,0,0,0,0,0,0,0
73492227,6919,32,2,0,0,0,0,0,0,0,0,0,0,0,0,0
73501180,6920,48,2,0,0,0,0,0,0,0,0,0,0,0,0,0
73511863,6921,32,2,0,0,0,0,0,0,0,0,0,0,0,0,0
73520815,6922,32,2,0,0,0,0,0,0,0,0,0,0,0,0,0
73529768,6923,32,2,0,0,0,0,0,0,0,0,0,0,0,0,0
73538721,6924,32,2,0,0,0,0,0,0,0,0,0,0,0,0,0
73547674,6925,48,2,0,0,0,0,0,0,0,0,0,0,0,0,0
73558356,6926,32,2,0,0,0,0,0,0,0,0,0,0,0,0,0
73567309,6927,32,2,0,0,0,0,0,0,0,0,0,0,0,0,0
73576262,6928,32,2,0,0,0,0,0,0,0,0,0,0,0,0,0
73585215,6929,32,2,0,0,0,0,0,0,0,0,0,0,0,0,0
73594168,6930,48,2,0,0,0,0,0,0,0,0,0,0,0,0,0
73604851,6931,32,2,0,0,0,0,0,0,0,0,0,0,0,0,0
73613803,6932,32,2,0,0,0,0,0,0,0,0,0,0,0,0,0
73622756,6933,32,2,0,0,0,0,0,0,0,0,0,0,0,0,0
73631710,6934,32,2,0,0,0,0,0,0,0,0,0,0,0,0,0
73640662,6935,48,2,0,0,0,0,0,0,0,0,0,0,0,0,0
73651344,6936,32,2,0,0,0,0,0,0,0,0,0,0,0,0,0
73660297,6937,32,2,0,0,0,0,0,0,0,0,0,0,0,0,0
73669250,6938,32,2,0,0,0,0,0,0,0,0,0,0,0,0,0
73678203,6939,32,2,0,0,0,0,0,0,0,0,0,0,0,0,0
73687156,6940,48,2,0,0,0,0,0,0,0,0,0,0,0,0,0
73697839,6941,32,2,0,0,0,0,0,0,0,0,0,0,0,0,0
73706791,6942,32,2,0,0,0,0,0,0,0,0,0,0,0,0,0
73715744,6943,32,2,0,0,0,0,0,0,0,0,0,0,0,0,0
73724697,6944,32,2,0,0,0,0,0,0,0,0,0,0,0,0,0
73733650,6945,48,2,0,0,0,0,0,0,0,0,0,0,0,0,0
73744332,6946,32,2,0,0,0,0,0,0,0,0,0,0,0,0,0
73753285,6947,32,2,0,0,0,0,0,0,0,0,0,0,0,0,0
73762238,6948,32,2,0,0,0,0,0,0,0,0,0,0,0,0,0
73771191,6949,32,2,0,0,0,0,0,0,0,0,0,0,0,0,0
73780144,6950,48,2,0,0,0,0,0,0,0,0,0,0,0,0,0
73790827,6951,32,2,0,0,0,0,0,0,0,0,0,0,0,0,0
73799779,6952,32,2,0,0,0,0,0,0,0,0,0,0,0,0,0
73808732,6953,32,2,0,0,0,0,0,0,0,0,0,0,0,0,0
73817685,6954,32,2,0,0,0,0,0,0,0,0,0,0,0,0,0
73826638,6955,48,2,0,0,0,0,0,0,0,0,0,0,0,0,0
73837321,6956,32,2,0,0,0,0,0,0,0,0,0,0,0,0,0
73846273,6957,32,2,0,0,0,0,0,0,0,0,0,0,0,0,0
73855226,6958,32,2,0,0,0,0,0,0,0,0,0,0,0,0,0
73864179,6959,32,2,0,0,0,0,0,0,0,0,0,0,0,0,0
73873132,6960,48,2,0,0,0,0,0,0,0,0,0,0,0,0,0
73883815,6961,32,2,0,0,0,0,0,0,0,0,0,0,0,0,0
73892767,6962,32,2,0,0,0,0,0,0,0,0,0,0,0,0,0
73901720,6963,32,2,0,0,0,0,0,0,0,0,0,0,0,0,0
73910673,6964,32,2,0,0,0,0,0,0,0,0,0,0,0,0,0
73919626,6965,48,2,0,0,0,0,0,0,0,0,0,0,0,0,0
73930308,6966,32,2,0,0,0,0,0,0,0,0,0,0,0,0,0
73939261,6967,32,2,0,0,0,0,0,0,0,0,0,0,0,0,0
73948214,6968,32,2,0,0,0,0,0,0,0,0,0,0,0,0,0
73957167,6969,32,2,0,0,0,0,0,0,0,0,0,0,0,0,0
73966120,6970,48,2,0,0,0,0,0,0,0,0,0,0,0,0,0
73980988,6971,32,2,0,0,0,0,0,0,0,0,0,0,0,0,0
73989928,6972,32,2,0,0,0,0,0,0,0,0,0,0,0,0,0
73998881,6973,32,2,0,0,0,0,0,0,0,0,0,0,0,0,0
74007834,6974,32,2,0,0,0,0,0,0,0,0,0,0,0,0,0
74016801,6975,48,2,0,0,0,0,0,0,0,0,0,0,0,0,0
74027471,6976,32,2,0,0,0,0,0,0,0,0,0,0,0,0,0
74036424,6977,32,2,0,0,0,0,0,0,0,0,0,0,0,0,0
74045377,6978,32,2,0,0,0,0,0,0,0,0,0,0,0,0,0
74054330,6979,32,2,0,0,0,0,0,0,0,0,0,0,0,0,0
74063283,6980,48,2,0,0,0,0,0,0,0,0,0,0,0,0,0
74073966,6981,32,2,0,0,0,0,0,0,0,0,0,0,0,0,0
74082918,6982,32,2,0,0,0,0,0,0,0,0,0,0,0,0,0
74091871,6983,32,2,0,0,0,0,0,0,0,0,0,0,0,0,0
74100824,6984,32,2,0,0,0,0,0,0,0,0,0,0,0,0,0
74109777,6985,48,2,0,0,0,0,0,0,0,0,0,0,0,0,0
74120459,6986,32,2,0,0,0,0,0,0,0,0,0,0,0,0,0
74129412,6987,32,2,0,0,0,0,0,0,0,0,0,0,0,0,0
74138365,6988,32,2,0,0,0,0,0,0,0,0,0,0,0,0,0
74147318,6989,32,2,0,0,0,0,0,0,0,0,0,0,0,0,0
74156271,6990,48,2,0,0,0,0,0,0,0,0,0,0,0,0,0
74166954,6991,32,2,0,0,0,0,0,0,0,0,0,0,0,0,0
74175906,6992,32,2,0,0,0,0,0,0,0,0,0,0,0,0,0
74184859,6993,32,2,0,0,0,0,0,0,0,0,0,0,0,0,0
74193812,6994,32,2,0,0,0,0,0,0,0,0,0,0,0,0,0
74202765,6995,48,2,0,0,0,0,0,0,0,0,0,0,0,0,0
74213447,6996,32,2,0,0,0,0,0,0,0,0,0,0,0,0,0
74222400,6997,32,2,0,0,0,0,0,0,0,0,0,0,0,0,0
74231353,6998,32,2,0,0,0,0,0,0,0,0,0,0,0,0,0
74240306,6999,32,2,0,0,0,0,0,0,0,0,0,0,0,0,0
74249259,7000,48,2,0,0,0,0,0,0,0,0,0,0,0,0,0
74259942,7001,32,2,0,0,0,0,0,0,0,0,0,0,0,0,0
74268894,7002,32,2,0,0,0,0,0,0,0,0,0,0,0,0,0
74277847,7003,32,2,0,0,0,0,0,0,0,0,0,0,0,0,0
74286800,7004,32,2,0,0,0,0,0,0,0,0,0,0,0,0,0
74295753,7005,48,2,0,0,0,0,0,0,0,0,0,0,0,0,0
74306435,7006,32,2,0,0,0,0,0,0,0,0,0,0,0,0,0
74315388,7007,32,2,0,0,0,0,0,0,0,0,0,0,0,0,0
74324342,7008,32,2,0,0,0,0,0,0,0,0,0,0,0,0,0
74333294,7009,32,2,0,0,0,0,0,0,0,0,0,0,0,0,0
74342247,7010,48,2,0,0,0,0,0,0,0,0,0,0,0,0,0
74352930,7011,32,2,0,0,0,0,0,0,0,0,0,0,0,0,0
74361882,7012,32,2,0,0,0,0,0,0,0,0,0,0,0,0,0
74370835,7013,32,2,0,0,0,0,0,0,0,0,0,0,0,0,0
74379788,7014,32,2,0,0,0,0,0,0,0,0,0,0,0,0,0
74388741,7015,48,2,0,0,0,0,0,0,0,0,0,0,0,0,0
74399423,7016,32,2,0,0,0,0,0,0,0,0,0,0,0,0,0
74408376,7017,32,2,0,0,0,0,0,0,0,0,0,0,0,0,0
74417330,7018,32,2,0,0,0,0,0,0,0,0,0,0,0,0,0
74426282,7019,32,2,0,0,0,0,0,0,0,0,0,0,0,0,0
74435235,7020,48,2,0,0,0,0,0,0,0,0,0,0,0,0,0
74445918,7021,32,2,0,0,0,0,0,0,0,0,0,0,0,0,0
74454870,7022,32,2,0,0,0,0,0,0,0,0,0,0,0,0,0
74463823,7023,32,2,0,0,0,0,0,0,0,0,0,0,0,0,0
74472776,7024,32,2,0,0,0,0,0,0,0,0,0,0,0,0,0
74481730,7025,48,2,0,0,0,0,0,0,0,0,0,0,0,0,0
74492411,7026,32,2,0,0,0,0,0,0,0,0,0,0,0,0,0
74501364,7027,32,2,0,0,0,0,0,0,0,0,0,0,0,0,0
74510317,7028,32,2,0,0,0,0,0,0,0,0,0,0,0,0,0
74519270,7029,32,2,0,0,0,0,0,0,0,0,0,0,0,0,0
74528223,7030,48,2,0,0,0,0,0,0,0,0,0,0,0,0,0
74538906,7031,32,2,0,0,0,0,0,0,0,0,0,0,0,0,0
74547858,7032,32,2,0,0,0,0,0,0,0,0,0,0,0,0,0
74556811,7033,32,2,0,0,0,0,0,0,0,0,0,0,0,0,0
74565765,7034,32,2,0,0,0,0,0,0,0,0,0,0,0,0,0
74574717,7035,48,2,0,0,0,0,0,0,0,0,0,0,0,0,0
74585399,7036,32,2,0,0,0,0,0,0,0,0,0,0,0,0,0
74594352,7037,32,2,0,0,0,0,0,0,0,0,0,0,0,0,0
74603305,7038,32,2,0,0,0,0,0,0,0,0,0,0,0,0,0
74612258,7039,32,2,0,0,0,0,0,0,0,0,0,0,0,0,0
74621211,7040,48,2,0,0,0,0,0,0,0,0,0,0,0,0,0
74631894,7041,32,2,0,0,0,0,0,0,0,0,0,0,0,0,0
74640846,7042,32,2,0,0,0,0,0,0,0,0,0,0,0,0,0
74649799,7043,32,2,0,0,0,0,0,0,0,0,0,0,0,0,0
74658752,7044,32,2,0,0,0,0,0,0,0,0,0,0,0,0,0
74667705,7045,48,2,0,0,0,0,0,0,0,0,0,0,0,0,0
74678387,7046,32,2,0,0,0,0,0,0,0,0,0,0,0,0,0
74687340,7047,32,2,0,0,0,0,0,0,0,0,0,0,0,0,0
74696293,7048,32,2,0,0,0,0,0,0,0,0,0,0,0,0,0
74705246,7049,32,2,0,0,0,0,0,0,0,0,0,0,0,0,0
74714199,7050,48,2,0,0,0,0,0,0,0,0,0,0,0,0,0
74724882,7051,32,2,0,0,0,0,0,0,0,0,0,0,0,0,0
74733834,7052,32,2,0,0,0,0,0,0,0,0,0,0,0,0,0
74742787,7053,32,2,0,0,0,0,0,0,0,0,0,0,0,0,0
74751741,7054,32,2,0,0,0,0,0,0,0,0,0,0,0,0,0
74760693,7055,48,2,0,0,0,0,0,0,0,0,0,0,0,0,0
74771375,7056,32,2,0,0,0,0,0,0,0,0,0,0,0,0,0
74780328,7057,32,2,0,0,0,0,0,0,0,0,0,0,0,0,0
74789281,7058,32,2,0,0,0,0,0,0,0,0,0,0,0,0,0
74798234,7059,32,2,0,0,0,0,0,0,0,0,0,0,0,0,0
74807187,7060,48,2,0,0,0,0,0,0,0,0,0,0,0,0,0
74817870,7061,32,2,0,0,0,0,0,0,0,0,0,0,0,0,0
74826822,7062,32,2,0,0,0,0,0,0,0,0,0,0,0,0,0
74835776,7063,32,2,0,0,0,0,0,0,0,0,0,0,0,0,0
74844728,7064,32,2,0,0,0,0,0,0,0,0,0,0,0,0,0
74853681,7065,48,2,0,0,0,0,0,0,0,0,0,0,0,0,0
74864363,7066,32,2,0,0,0,0,0,0,0,0,0,0,0,0,0
74873316,7067,32,2,0,0,0,0,0,0,0,0,0,0,0,0,0
74882269,7068,32,2,0,0,0,0,0,0,0,0,0,0,0,0,0
74891222,7069,32,2,0,0,0,0,0,0,0,0,0,0,0,0,0
74900175,7070,48,2,0,0,0,0,0,0,0,0,0,0,0,0,0
74910858,7071,32,2,0,0,0,0,0,0,0,0,0,0,0,0,0
74919810,7072,32,2,0,0,0,0,0,0,0,0,0,0,0,0,0
74928763,7073,32,2,0,0,0,0,0,0,0,0,0,0,0,0,0
74937716,7074,32,2,0,0,0,0,0,0,0,0,0,0,0,0,0
74946669,7075,48,2,0,0,0,0,0,0,0,0,0,0,0,0,0
74957351,7076,32,2,0,0,0,0,0,0,0,0,0,0,0,0,0
74966304,7077,32,2,0,0,0,0,0,0,0,0,0,0,0,0,0
74975257,7078,32,2,0,0,0,0,0,0,0,0,0,0,0,0,0
74984210,7079,32,2,0,0,0,0,0,0,0,0,0,0,0,0,0
74993163,7080,48,2,0,0,0,0,0,0,0,0,0,0,0,0,0
75003846,7081,32,2,0,0,0,0,0,0,0,0,0,0,0,0,0
75012798,7082,32,2,0,0,0,0,0,0,0,0,0,0,0,0,0
75021751,7083,32,2,0,0,0,0,0,0,0,0,0,0,0,0,0
75030704,7084,32,2,0,0,0,0,0,0,0,0,0,0,0,0,0
75039657,7085,48,2,0,0,0,0,0,0,0,0,0,0,0,0,0
75050340,7086,32,2,0,0,0,0,0,0,0,0,0,0,0,0,0
75059292,7087,32,2,0,0,0,0,0,0,0,0,0,0,0,0,0
75068245,7088,32,2,0,0,0,0,0,0,0,0,0,0,0,0,0
75077198,7089,32,2,0,0,0,0,0,0,0,0,0,0,0,0,0
75086151,7090,48,2,0,0,0,0,0,0,0,0,0,0,0,0,0
75096834,7091,32,2,0,0,0,0,0,0,0,0,0,0,0,0,0
75105786,7092,32,2,0,0,0,0,0,0,0,0,0,0,0,0,0
75114739,7093,32,2,0,0,0,0,0,0,0,0,0,0,0,0,0
75123692,7094,32,2,0,0,0,0,0,0,0,0,0,0,0,0,0
75132645,7095,48,2,0,0,0,0,0,0,0,0,0,0,0,0,0
75143327,7096,32,2,0,0,0,0,0,0,0,0,0,0,0,0,0
75152280,7097,32,2,0,0,0,0,0,0,0,0,0,0,0,0,0
75161233,7098,32,2,0,0,0,0,0,0,0,0,0,0,0,0,0
75170186,7099,32,2,0,0,0,0,0,0,0,0,0,0,0,0,0
75179139,7100,48,2,0,0,0,0,0,0,0,0,0,0,0,0,0
75189822,7101,32,2,0,0,0,0,0,0,0,0,0,0,0,0,0
75198774,7102,32,2,0,0,0,0,0,0,0,0,0,0,0,0,0
75207727,7103,32,2,0,0,0,0,0,0,0,0,0,0,0,0,0
75216681,7104,32,2,0,0,0,0,0,0,0,0,0,0,0,0,0
75225633,7105,48,2,0,0,0,0,0,0,0,0,0,0,0,0,0
75236316,7106,32,2,0,0,0,0,0,0,0,0,0,0,0,0,0
75245268,7107,32,2,0,0,0,0,0,0,0,0,0,0,0,0,0
75254221,7108,32,2,0,0,0,0,0,0,0,0,0,0,0,0,0
75263174,7109,32,2,0,0,0,0,0,0,0,0,0,0,0,0,0
75272127,7110,48,2,0,0,0,0,0,0,0,0,0,0,0,0,0
75282810,7111,32,2,0,0,0,0,0,0,0,0,0,0,0,0,0
75291762,7112,32,2,0,0,0,0,0,0,0,0,0,0,0,0,0
75300715,7113,32,2,0,0,0,0,0,0,0,0,0,0,0,0,0
75309668,7114,32,2,0,0,0,0,0,0,0,0,0,0,0,0,0
75318621,7115,48,2,0,0,0,0,0,0,0,0,0,0,0,0,0
75329303,7116,32,2,0,0,0,0,0,0,0,0,0,0,0,0,0
75338256,7117,32,2,0,0,0,0,0,0,0,0,0,0,0,0,0
75347209,7118,32,2,0,0,0,0,0,0,0,0,0,0,0,0,0
75356162,7119,32,2,0,0,0,0,0,0,0,0,0,0,0,0,0
75365115,7120,48,2,0,0,0,0,0,0,0,0,0,0,0,0,0
75375798,7121,32,2,0,0,0,0,0,0,0,0,0,0,0,0,0
75384750,7122,32,2,0,0,0,0,0,0,0,0,0,0,0,0,0
75393703,7123,32,2,0,0,0,0,0,0,0,0,0,0,0,0,0
75402656,7124,32,2,0,0,0,0,0,0,0,0,0,0,0,0,0
75411609,7125,48,2,0,0,0,0,0,0,0,0,0,0,0,0,0
75422291,7126,32,2,0,0,0,0,0,0,0,0,0,0,0,0,0
75431244,7127,32,2,0,0,0,0,0,0,0,0,0,0,0,0,0
75440197,7128,32,2,0,0,0,0,0,0,0,0,0,0,0,0,0
75449150,7129,32,2,0,0,0,0,0,0,0,0,0,0,0,0,0
75458103,7130,48,2,0,0,0,0,0,0,0,0,0,0,0,0,0
75468786,7131,32,2,0,0,0,0,0,0,0,0,0,0,0,0,0
75477738,7132,32,2,0,0,0,0,0,0,0,0,0,0,0,0,0
75486691,7133,32,2,0,0,0,0,0,0,0,0,0,0,0,0,0
75495644,7134,32,2,0,0,0,0,0,0,0,0,0,0,0,0,0
75504597,7135,48,2,0,0,0,0,0,0,0,0,0,0,0,0,0
75515280,7136,32,2,0,0,0,0,0,0,0,0,0,0,0,0,0
75524232,7137,32,2,0,0,0,0,0,0,0,0,0,0,0,0,0
75533185,7138,32,2,0,0,0,0,0,0,0,0,0,0,0,0,0
75542138,7139,32,2,0,0,0,0,0,0,0,0,0,0,0,0,0
75551091,7140,48,2,0,0,0,0,0,0,0,0,0,0,0,0,0
75568043,7141,32,2,0,0,0,0,0,0,0,0,0,0,0,0,0
75576984,7142,32,2,0,0,0,0,0,0,0,0,0,0,0,0,0
75585937,7143,32,2,0,0,0,0,0,0,0,0,0,0,0,0,0
75594890,7144,32,2,0,0,0,0,0,0,0,0,0,0,0,0,0
75603843,7145,48,2,0,0,0,0,0,0,0,0,0,0,0,0,0
75614525,7146,32,2,0,0,0,0,0,0,0,0,0,0,0,0,0
75623478,7147,32,2,0,0,0,0,0,0,0,0,0,0,0,0,0
75632431,7148,32,2,0,0,0,0,0,0,0,0,0,0,0,0,0
75641384,7149,32,2,0,0,0,0,0,0,0,0,0,0,0,0,0
75650337,7150,48,2,0,0,0,0,0,0,0,0,0,0,0,0,0
75661020,7151,32,2,0,0,0,0,0,0,0,0,0,0,0,0,0
75669972,7152,32,2,0,0,0,0,0,0,0,0,0,0,0,0,0
75678925,7153,32,2,0,0,0,0,0,0,0,0,0,0,0,0,0
75687878,7154,32,2,0,0,0,0,0,0,0,0,0,0,0,0,0
75696831,7155,48,2,0,0,0,0,0,0,0,0,0,0,0,0,0
75707513,7156,32,2,0,0,0,0,0,0,0,0,0,0,0,0,0
75716466,7157,32,2,0,0,0,0,0,0,0,0,0,0,0,0,0
75725419,7158,32,2,0,0,0,0,0,0,0,0,0,0,0,0,0
75734372,7159,32,2,0,0,0,0,0,0,0,0,0,0,0,0,0
75743325,7160,48,2,0,0,0,0,0,0,0,0,0,0,0,0,0
75754008,7161,32,2,0,0,0,0,0,0,0,0,0,0,0,0,0
75762960,7162,32,2,0,0,0,0,0,0,0,0,0,0,0,0,0
75771913,7163,32,2,0,0,0,0,0,0,0,0,0,0,0,0,0
75780866,7164,32,2,0,0,0,0,0,0,0,0,0,0,0,0,0
75789819,7165,48,2,0,0,0,0,0,0,0,0,0,0,0,0,0
75800501,7166,32,2,0,0,0,0,0,0,0,0,0,0,0,0,0
75809454,7167,32,2,0,0,0,0,0,0,0,0,0,0,0,0,0
75818407,7168,32,2,0,0,0,0,0,0,0,0,0,0,0,0,0
75827360,7169,32,2,0,0,0,0,0,0,0,0,0,0,0,0,0
75836313,7170,48,2,0,0,0,0,0,0,0,0,0,0,0,0,0
75846996,7171,32,2,0,0,0,0,0,0,0,0,0,0,0,0,0
75855948,7172,32,2,0,0,0,0,0,0,0,0,0,0,0,0,0
75864901,7173,32,2,0,0,0,0,0,0,0,0,0,0,0,0,0
75873854,7174,32,2,0,0,0,0,0,0,0,0,0,0,0,0,0
75882807,7175,48,2,0,0,0,0,0,0,0,0,0,0,0,0,0
75893489,7176,32,2,0,0,0,0,0,0,0,0,0,0,0,0,0
75902443,7177,32,2,0,0,0,0,0,0,0,0,0,0,0,0,0
75911395,7178,32,2,0,0,0,0,0,0,0,0,0,0,0,0,0
75920348,7179,32,2,0,0,0,0,0,0,0,0,0,0,0,0,0
75929301,7180,48,2,0,0,0,0,0,0,0,0,0,0,0,0,0
75939984,7181,32,2,0,0,0,0,0,0,0,0,0,0,0,0,0
75948936,7182,32,2,0,0,0,0,0,0,0,0,0,0,0,0,0
75957889,7183,32,2,0,0,0,0,0,0,0,0,0,0,0,0,0
75966842,7184,32,2,0,0,0,0,0,0,0,0,0,0,0,0,0
75975795,7185,48,2,0,0,0,0,0,0,0,0,0,0,0,0,0
75986477,7186,32,2,0,0,0,0,0,0,0,0,0,0,0,0,0
75995430,7187,32,2,0,0,0,0,0,0,0,0,0,0,0,0,0
76004383,7188,32,2,0,0,0,0,0,0,0,0,0,0,0,0,0
76013336,7189,32,2,0,0,0,0,0,0,0,0,0,0,0,0,0
76022289,7190,48,2,0,0,0,0,0,0,0,0,0,0,0,0,0
76032972,7191,32,2,0,0,0,0,0,0,0,0,0,0,0,0,0
76041924,7192,32,2,0,0,0,0,0,0,0,0,0,0,0,0,0
76050877,7193,32,2,0,0,0,0,0,0,0,0,0,0,0,0,0
76059830,7194,32,2,0,0,0,0,0,0,0,0,0,0,0,0,0
76068783,7195,48,2,0,0,0,0,0,0,0,0,0,0,0,0,0
76079465,7196,32,2,0,0,0,0,0,0,0,0,0,0,0,0,0
76088418,7197,32,2,0,0,0,0,0,0,0,0,0,0,0,0,0
76097372,7198,32,2,0,0,0,0,0,0,0,0,0,0,0,0,0
76106324,7199,32,2,0,0,0,0,0,0,0,0,0,0,0,0,0
76115277,7200,48,2,0,0,0,0,0,0,0,0,0,0,0,0,0
76125960,7201,32,2,0,0,0,0,0,0,0,0,0,0,0,0,0
76134912,7202,32,2,0,0,0,0,0,0,0,0,0,0,0,0,0
76143865,7203,32,2,0,0,0,0,0,0,0,0,0,0,0,0,0
76152818,7204,32,2,0,0,0,0,0,0,0,0,0,0,0,0,0
76161771,7205,48,2,0,0,0,0,0,0,0,0,0,0,0,0,0
76172453,7206,32,2,0,0,0,0,0,0,0,0,0,0,0,0,0
76181407,7207,32,2,0,0,0,0,0,0,0,0,0,0,0,0,0
76190360,7208,32,2,0,0,0,0,0,0,0,0,0,0,0,0,0
76199312,7209,32,2,0,0,0,0,0,0,0,0,0,0,0,0,0
76208265,7210,48,2,0,0,0,0,0,0,0,0,0,0,0,0,0
76218948,7211,32,2,0,0,0,0,0,0,0,0,0,0,0,0,0
76227900,7212,32,2,0,0,0,0,0,0,0,0,0,0,0,0,0
76236853,7213,32,2,0,0,0,0,0,0,0,0,0,0,0,0,0
76245806,7214,32,2,0,0,0,0,0,0,0,0,0,0,0,0,0
76254759,7215,48,2,0,0,0,0,0,0,0,0,0,0,0,0,0
76265441,7216,32,2,0,0,0,0,0,0,0,0,0,0,0,0,0
76274394,7217,32,2,0,0,0,0,0,0,0,0,0,0,0,0,0
76283347,7218,32,2,0,0,0,0,0,0,0,0,0,0,0,0,0
76292300,7219,32,2,0,0,0,0,0,0,0,0,0,0,0,0,0
76301253,7220,48,2,0,0,0,0,0,0,0,0,0,0,0,0,0
76311936,7221,32,2,0,0,0,0,0,0,0,0,0,0,0,0,0
76320888,7222,32,2,0,0,0,0,0,0,0,0,0,0,0,0,0
76329841,7223,32,2,0,0,0,0,0,0,0,0,0,0,0,0,0
76338794,7224,32,2,0,0,0,0,0,0,0,0,0,0,0,0,0
76347747,7225,48,2,0,0,0,0,0,0,0,0,0,0,0,0,0
76358429,7226,32,2,0,0,0,0,0,0,0,0,0,0,0,0,0
76367382,7227,32,2,0,0,0,0,0,0,0,0,0,0,0,0,0
76376335,7228,32,2,0,0,0,0,0,0,0,0,0,0,0,0,0
76385288,7229,32,2,0,0,0,0,0,0,0,0,0,0,0,0,0
76394241,7230,48,2,0,0,0,0,0,0,0,0,0,0,0,0,0
76404924,7231,32,2,0,0,0,0,0,0,0,0,0,0,0,0,0
76413876,7232,32,2,0,0,0,0,0,0,0,0,0,0,0,0,0
76422829,7233,32,2,0,0,0,0,0,0,0,0,0,0,0,0,0
76431783,7234,32,2,0,0,0,0,0,0,0,0,0,0,0,0,0
76440735,7235,48,2,0,0,0,0,0,0,0,0,0,0,0,0,0
76451417,7236,32,2,0,0,0,0,0,0,0,0,0,0,0,0,0
76460370,7237,32,2,0,0,0,0,0,0,0,0,0,0,0,0,0
76469323,7238,32,2,0,0,0,0,0,0,0,0,0,0,0,0,0
76478276,7239,32,2,0,0,0,0,0,0,0,0,0,0,0,0,0
76487229,7240,48,2,0,0,0,0,0,0,0,0,0,0,0,0,0
76497912,7241,32,2,0,0,0,0,0,0,0,0,0,0,0,0,0
76506864,7242,32,2,0,0,0,0,0,0,0,0,0,0,0,0,0
76515817,7243,32,2,0,0,0,0,0,0,0,0,0,0,0,0,0
76524770,7244,32,2,0,0,0,0,0,0,0,0,0,0,0,0,0
76533723,7245,48,2,0,0,0,0,0,0,0,0,0,0,0,0,0
76544405,7246,32,2,0,0,0,0,0,0,0,0,0,0,0,0,0
76553358,7247,32,2,0,0,0,0,0,0,0,0,0,0,0,0,0
76562311,7248,32,2,0,0,0,0,0,0,0,0,0,0,0,0,0
76571264,7249,32,2,0,0,0,0,0,0,0,0,0,0,0,0,0
76580217,7250,48,2,0,0,0,0,0,0,0,0,0,0,0,0,0
76590900,7251,32,2,0,0,0,0,0,0,0,0,0,0,0,0,0
76599852,7252,32,2,0,0,0,0,0,0,0,0,0,0,0,0,0
76608805,7253,32,2,0,0,0,0,0,0,0,0,0,0,0,0,0
76617758,7254,32,2,0,0,0,0,0,0,0,0,0,0,0,0,0
76626711,7255,48,2,0,0,0,0,0,0,0,0,0,0,0,0,0
76637393,7256,32,2,0,0,0,0,0,0,0,0,0,0,0,0,0
76646346,7257,32,2,0,0,0,0,0,0,0,0,0,0,0,0,0
76655299,7258,32,2,0,0,0,0,0,0,0,0,0,0,0,0,0
76664252,7259,32,2,0,0,0,0,0,0,0,0,0,0,0,0,0
76673205,7260,48,2,0,0,0,0,0,0,0,0,0,0,0,0,0
76683888,7261,32,2,0,0,0,0,0,0,0,0,0,0,0,0,0
76692840,7262,32,2,0,0,0,0,0,0,0,0,0,0,0,0,0
76701793,7263,32,2,0,0,0,0,0,0,0,0,0,0,0,0,0
76710747,7264,32,2,0,0,0,0,0,0,0,0,0,0,0,0,0
76719699,7265,48,2,0,0,0,0,0,0,0,0,0,0,0,0,0
76730381,7266,32,2,0,0,0,0,0,0,0,0,0,0,0,0,0
76739334,7267,32,2,0,0,0,0,0,0,0,0,0,0,0,0,0
76748287,7268,32,2,0,0,0,0,0,0,0,0,0,0,0,0,0
76757240,7269,32,2,0,0,0,0,0,0,0,0,0,0,0,0,0
76766193,7270,48,2,0,0,0,0,0,0,0,0,0,0,0,0,0
76776876,7271,32,2,0,0,0,0,0,0,0,0,0,0,0,0,0
76785828,7272,32,2,0,0,0,0,0,0,0,0,0,0,0,0,0
76794782,7273,32,2,0,0,0,0,0,0,0,0,0,0,0,0,0
76803734,7274,32,2,0,0,0,0,0,0,0,0,0,0,0,0,0
76812687,7275,48,2,0,0,0,0,0,0,0,0,0,0,0,0,0
76823369,7276,32,2,0,0,0,0,0,0,0,0,0,0,0,0,0
76832322,7277,32,2,0,0,0,0,0,0,0,0,0,0,0,0,0
76841275,7278,32,2,0,0,0,0,0,0,0,0,0,0,0,0,0
76850228,7279,32,2,0,0,0,0,0,0,0,0,0,0,0,0,0
76859181,7280,48,2,0,0,0,0,0,0,0,0,0,0,0,0,0
76869864,7281,32,2,0,0,0,0,0,0,0,0,0,0,0,0,0
76878816,7282,32,2,0,0,0,0,0,0,0,0,0,0,0,0,0
76887769,7283,32,2,0,0,0,0,0,0,0,0,0,0,0,0,0
76896722,7284,32,2,0,0,0,0,0,0,0,0,0,0,0,0,0
76905675,7285,48,2,0,0,0,0,0,0,0,0,0,0,0,0,0
76916357,7286,32,2,0,0,0,0,0,0,0,0,0,0,0,0,0
76925310,7287,32,2,0,0,0,0,0,0,0,0,0,0,0,0,0
76934263,7288,32,2,0,0,0,0,0,0,0,0,0,0,0,0,0
76943216,7289,32,2,0,0,0,0,0,0,0,0,0,0,0,0,0
76952169,7290,48,2,0,0,0,0,0,0,0,0,0,0,0,0,0
76962852,7291,32,2,0,0,0,0,0,0,0,0,0,0,0,0,0
76971804,7292,32,2,0,0,0,0,0,0,0,0,0,0,0,0,0
76980757,7293,32,2,0,0,0,0,0,0,0,0,0,0,0,0,0
76989710,7294,32,2,0,0,0,0,0,0,0,0,0,0,0,0,0
76998663,7295,48,2,0,0,0,0,0,0,0,0,0,0,0,0,0
77009345,7296,32,2,0,0,0,0,0,0,0,0,0,0,0,0,0
77018298,7297,32,2,0,0,0,0,0,0,0,0,0,0,0,0,0
77027252,7298,32,2,0,0,0,0,0,0,0,0,0,0,0,0,0
77036204,7299,32,2,0,0,0,0,0,0,0,0,0,0,0,0,0
77045157,7300,48,2,0,0,0,0,0,0,0,0,0,0,0,0,0
77055840,7301,32,2,0,0,0,0,0,0,0,0,0,0,0,0,0
77064792,7302,32,2,0,0,0,0,0,0,0,0,0,0,0,0,0
77073745,7303,32,2,0,0,0,0,0,0,0,0,0,0,0,0,0
77082698,7304,32,2,0,0,0,0,0,0,0,0,0,0,0,0,0
77091651,7305,48,2,0,0,0,0,0,0,0,0,0,0,0,0,0
77102333,7306,32,2,0,0,0,0,0,0,0,0,0,0,0,0,0
77111286,7307,32,2,0,0,0,0,0,0,0,0,0,0,0,0,0
77120239,7308,32,2,0,0,0,0,0,0,0,0,0,0,0,0,0
77129192,7309,32,2,0,0,0,0,0,0,0,0,0,0,0,0,0
77138145,7310,48,2,0,0,0,0,0,0,0,0,0,0,0,0,0
77153398,7311,32,2,0,0,0,0,0,0,0,0,0,0,0,0,0
77162339,7312,32,2,0,0,0,0,0,0,0,0,0,0,0,0,0
77171292,7313,32,2,0,0,0,0,0,0,0,0,0,0,0,0,0
77180245,7314,32,2,0,0,0,0,0,0,0,0,0,0,0,0,0
77189198,7315,48,2,0,0,0,0,0,0,0,0,0,0,0,0,0
77199880,7316,32,2,0,0,0,0,0,0,0,0,0,0,0,0,0
77208833,7317,32,2,0,0,0,0,0,0,0,0,0,0,0,0,0
77217786,7318,32,2,0,0,0,0,0,0,0,0,0,0,0,0,0
77226739,7319,32,2,0,0,0,0,0,0,0,0,0,0,0,0,0
77235692,7320,48,2,0,0,0,0,0,0,0,0,0,0,0,0,0
77246375,7321,32,2,0,0,0,0,0,0,0,0,0,0,0,0,0
77255328,7322,32,2,0,0,0,0,0,0,0,0,0,0,0,0,0
77264280,7323,32,2,0,0,0,0,0,0,0,0,0,0,0,0,0
77273233,7324,32,2,0,0,0,0,0,0,0,0,0,0,0,0,0
77282186,7325,48,2,0,0,0,0,0,0,0,0,0,0,0,0,0
77292868,7326,32,2,0,0,0,0,0,0,0,0,0,0,0,0,0
77301821,7327,32,2,0,0,0,0,0,0,0,0,0,0,0,0,0
77310774,7328,32,2,0,0,0,0,0,0,0,0,0,0,0,0,0
77319727,7329,32,2,0,0,0,0,0,0,0,0,0,0,0,0,0
77328681,7330,48,2,0,0,0,0,0,0,0,0,0,0,0,0,0
77339363,7331,32,2,0,0,0,0,0,0,0,0,0,0,0,0,0
77348315,7332,32,2,0,0,0,0,0,0,0,0,0,0,0,0,0
77357268,7333,32,2,0,0,0,0,0,0,0,0,0,0,0,0,0
77366221,7334,32,2,0,0,0,0,0,0,0,0,0,0,0,0,0
77375174,7335,48,2,0,0,0,0,0,0,0,0,0,0,0,0,0
77385856,7336,32,2,0,0,0,0,0,0,0,0,0,0,0,0,0
77394809,7337,32,2,0,0,0,0,0,0,0,0,0,0,0,0,0
77403762,7338,32,2,0,0,0,0,0,0,0,0,0,0,0,0,0
77412715,7339,32,2,0,0,0,0,0,0,0,0,0,0,0,0,0
77421668,7340,48,2,0,0,0,0,0,0,0,0,0,0,0,0,0
77432351,7341,32,2,0,0,0,0,0,0,0,0,0,0,0,0,0
77441303,7342,32,2,0,0,0,0,0,0,0,0,0,0,0,0,0
77450256,7343,32,2,0,0,0,0,0,0,0,0,0,0,0,0,0
77459209,7344,32,2,0,0,0,0,0,0,0,0,0,0,0,0,0
77468162,7345,48,2,0,0,0,0,0,0,0,0,0,0,0,0,0
77478844,7346,32,2,0,0,0,0,0,0,0,0,0,0,0,0,0
77487797,7347,32,2,0,0,0,0,0,0,0,0,0,0,0,0,0
77496750,7348,32,2,0,0,0,0,0,0,0,0,0,0,0,0,0
77505703,7349,32,2,0,0,0,0,0,0,0,0,0,0,0,0,0
77514656,7350,48,2,0,0,0,0,0,0,0,0,0,0,0,0,0
77525339,7351,32,2,0,0,0,0,0,0,0,0,0,0,0,0,0
77534292,7352,32,2,0,0,0,0,0,0,0,0,0,0,0,0,0
77543244,7353,32,2,0,0,0,0,0,0,0,0,0,0,0,0,0
77552197,7354,32,2,0,0,0,0,0,0,0,0,0,0,0,0,0
77561150,7355,48,2,0,0,0,0,0,0,0,0,0,0,0,0,0
77571832,7356,32,2,0,0,0,0,0,0,0,0,0,0,0,0,0
77580785,7357,32,2,0,0,0,0,0,0,0,0,0,0,0,0,0
77589738,7358,32,2,0,0,0,0,0,0,0,0,0,0,0,0,0
77598691,7359,32,2,0,0,0,0,0,0,0,0,0,0,0,0,0
77607644,7360,48,2,0,0,0,0,0,0,0,0,0,0,0,0,0
77618327,7361,32,2,0,0,0,0,0,0,0,0,0,0,0,0,0
77627280,7362,32,2,0,0,0,0,0,0,0,0,0,0,0,0,0
77636232,7363,32,2,0,0,0,0,0,0,0,0,0,0,0,0,0
77645186,7364,32,2,0,0,0,0,0,0,0,0,0,0,0,0,0
77654138,7365,48,2,0,0,0,0,0,0,0,0,0,0,0,0,0
77664820,7366,32,2,0,0,0,0,0,0,0,0,0,0,0,0,0
77673773,7367,32,2,0,0,0,0,0,0,0,0,0,0,0,0,0
77682726,7368,32,2,0,0,0,0,0,0,0,0,0,0,0,0,0
77691679,7369,32,2,0,0,0,0,0,0,0,0,0,0,0,0,0
77700633,7370,48,2,0,0,0,0,0,0,0,0,0,0,0,0,0
77711315,7371,32,2,0,0,0,0,0,0,0,0,0,0,0,0,0
77720267,7372,32,2,0,0,0,0,0,0,0,0,0,0,0,0,0
77729220,7373,32,2,0,0,0,0,0,0,0,0,0,0,0,0,0
77738173,7374,32,2,0,0,0,0,0,0,0,0,0,0,0,0,0
77747126,7375,48,2,0,0,0,0,0,0,0,0,0,0,0,0,0
77757808,7376,32,2,0,0,0,0,0,0,0,0,0,0,0,0,0
77766761,7377,32,2,0,0,0,0,0,0,0,0,0,0,0,0,0
77775714,7378,32,2,0,0,0,0,0,0,0,0,0,0,0,0,0
77784667,7379,32,2,0,0,0,0,0,0,0,0,0,0,0,0,0
77793620,7380,48,2,0,0,0,0,0,0,0,0,0,0,0,0,0
77804303,7381,32,2,0,0,0,0,0,0,0,0,0,0,0,0,0
77813256,7382,32,2,0,0,0,0,0,0,0,0,0,0,0,0,0
77822208,7383,32,2,0,0,0,0,0,0,0,0,0,0,0,0,0
77831161,7384,32,2,0,0,0,0,0,0,0,0,0,0,0,0,0
77840114,7385,48,2,0,0,0,0,0,0,0,0,0,0,0,0,0
77850796,7386,32,2,0,0,0,0,0,0,0,0,0,0,0,0,0
77859749,7387,32,2,0,0,0,0,0,0,0,0,0,0,0,0,0
77868702,7388,32,2,0,0,0,0,0,0,0,0,0,0,0,0,0
77877655,7389,32,2,0,0,0,0,0,0,0,0,0,0,0,0,0
77886608,7390,48,2,0,0,0,0,0,0,0,0,0,0,0,0,0
77897291,7391,32,2,0,0,0,0,0,0,0,0,0,0,0,0,0
77906243,7392,32,2,0,0,0,0,0,0,0,0,0,0,0,0,0
77915196,7393,32,2,0,0,0,0,0,0,0,0,0,0,0,0,0
77924149,7394,32,2,0,0,0,0,0,0,0,0,0,0,0,0,0
77933102,7395,48,2,0,0,0,0,0,0,0,0,0,0,0,0,0
77943784,7396,32,2,0,0,0,0,0,0,0,0,0,0,0,0,0
77952738,7397,32,2,0,0,0,0,0,0,0,0,0,0,0,0,0
77961690,7398,32,2,0,0,0,0,0,0,0,0,0,0,0,0,0
77970644,7399,32,2,0,0,0,0,0,0,0,0,0,0,0,0,0
77979597,7400,48,2,0,0,0,0,0,0,0,0,0,0,0,0,0
77990279,7401,32,2,0,0,0,0,0,0,0,0,0,0,0,0,0
77999231,7402,32,2,0,0,0,0,0,0,0,0,0,0,0,0,0
78008184,7403,32,2,0,0,0,0,0,0,0,0,0,0,0,0,0
78017137,7404,32,2,0,0,0,0,0,0,0,0,0,0,0,0,0
78026090,7405,48,2,0,0,0,0,0,0,0,0,0,0,0,0,0
78036772,7406,32,2,0,0,0,0,0,0,0,0,0,0,0,0,0
78045725,7407,32,2,0,0,0,0,0,0,0,0,0,0,0,0,0
78054678,7408,32,2,0,0,0,0,0,0,0,0,0,0,0,0,0
78063631,7409,32,2,0,0,0,0,0,0,0,0,0,0,0,0,0
78072584,7410,48,2,0,0,0,0,0,0,0,0,0,0,0,0,0
78083267,7411,32,2,0,0,0,0,0,0,0,0,0,0,0,0,0
78092219,7412,32,2,0,0,0,0,0,0,0,0,0,0,0,0,0
78101172,7413,32,2,0,0,0,0,0,0,0,0,0,0,0,0,0
78110125,7414,32,2,0,0,0,0,0,0,0,0,0,0,0,0,0
78119078,7415,48,2,0,0,0,0,0,0,0,0,0,0,0,0,0
78129760,7416,32,2,0,0,0,0,0,0,0,0,0,0,0,0,0
78138713,7417,32,2,0,0,0,0,0,0,0,0,0,0,0,0,0
78147666,7418,32,2,0,0,0,0,0,0,0,0,0,0,0,0,0
78156619,7419,32,2,0,0,0,0,0,0,0,0,0,0,0,0,0
78165572,7420,48,2,0,0,0,0,0,0,0,0,0,0,0,0,0
78176255,7421,32,2,0,0,0,0,0,0,0,0,0,0,0,0,0
78185207,7422,32,2,0,0,0,0,0,0,0,0,0,0,0,0,0
78194160,7423,32,2,0,0,0,0,0,0,0,0,0,0,0,0,0
78203113,7424,32,2,0,0,0,0,0,0,0,0,0,0,0,0,0
78212066,7425,48,2,0,0,0,0,0,0,0,0,0,0,0,0,0
78222748,7426,32,2,0,0,0,0,0,0,0,0,0,0,0,0,0
78231701,7427,32,2,0,0,0,0,0,0,0,0,0,0,0,0,0
78240654,7428,32,2,0,0,0,0,0,0,0,0,0,0,0,0,0
78249607,7429,32,2,0,0,0,0,0,0,0,0,0,0,0,0,0
78258560,7430,48,2,0,0,0,0,0,0,0,0,0,0,0,0,0
78269243,7431,32,2,0,0,0,0,0,0,0,0,0,0,0,0,0
78278195,7432,32,2,0,0,0,0,0,0,0,0,0,0,0,0,0
78287148,7433,32,2,0,0,0,0,0,0,0,0,0,0,0,0,0
78296101,7434,32,2,0,0,0,0,0,0,0,0,0,0,0,0,0
78305054,7435,48,2,0,0,0,0,0,0,0,0,0,0,0,0,0
78315736,7436,32,2,0,0,0,0,0,0,0,0,0,0,0,0,0
78324689,7437,32,2,0,0,0,0,0,0,0,0,0,0,0,0,0
78333642,7438,32,2,0,0,0,0,0,0,0,0,0,0,0,0,0
78342596,7439,32,2,0,0,0,0,0,0,0,0,0,0,0,0,0
78351549,7440,48,2,0,0,0,0,0,0,0,0,0,0,0,0,0
78362231,7441,32,2,0,0,0,0,0,0,0,0,0,0,0,0,0
78371183,7442,32,2,0,0,0,0,0,0,0,0,0,0,0,0,0
78380136,7443,32,2,0,0,0,0,0,0,0,0,0,0,0,0,0
78389089,7444,32,2,0,0,0,0,0,0,0,0,0,0,0,0,0
78398042,7445,48,2,0,0,0,0,0,0,0,0,0,0,0,0,0
78408724,7446,32,2,0,0,0,0,0,0,0,0,0,0,0,0,0
78417677,7447,32,2,0,0,0,0,0,0,0,0,0,0,0,0,0
78426631,7448,32,2,0,0,0,0,0,0,0,0,0,0,0,0,0
78435583,7449,32,2,0,0,0,0,0,0,0,0,0,0,0,0,0
78444536,7450,48,2,0,0,0,0,0,0,0,0,0,0,0,0,0
78455219,7451,32,2,0,0,0,0,0,0,0,0,0,0,0,0,0
78464171,7452,32,2,0,0,0,0,0,0,0,0,0,0,0,0,0
78473124,7453,32,2,0,0,0,0,0,0,0,0,0,0,0,0,0
78482077,7454,32,2,0,0,0,0,0,0,0,0,0,0,0,0,0
78491030,7455,48,2,0,0,0,0,0,0,0,0,0,0,0,0,0
78501712,7456,32,2,0,0,0,0,0,0,0,0,0,0,0,0,0
78510665,7457,32,2,0,0,0,0,0,0,0,0,0,0,0,0,0
78519618,7458,32,2,0,0,0,0,0,0,0,0,0,0,0,0,0
78528571,7459,32,2,0,0,0,0,0,0,0,0,0,0,0,0,0
78537524,7460,48,2,0,0,0,0,0,0,0,0,0,0,0,0,0
78548207,7461,32,2,0,0,0,0,0,0,0,0,0,0,0,0,0
78557159,7462,32,2,0,0,0,0,0,0,0,0,0,0,0,0,0
78566112,7463,32,2,0,0,0,0,0,0,0,0,0,0,0,0,0
78575065,7464,32,2,0,0,0,0,0,0,0,0,0,0,0,0,0
78584018,7465,48,2,0,0,0,0,0,0,0,0,0,0,0,0,0
78594700,7466,32,2,0,0,0,0,0,0,0,0,0,0,0,0,0
78603653,7467,32,2,0,0,0,0,0,0,0,0,0,0,0,0,0
78612606,7468,32,2,0,0,0,0,0,0,0,0,0,0,0,0,0
78621559,7469,32,2,0,0,0,0,0,0,0,0,0,0,0,0,0
78630512,7470,48,2,0,0,0,0,0,0,0,0,0,0,0,0,0
78641195,7471,32,2,0,0,0,0,0,0,0,0,0,0,0,0,0
78650147,7472,32,2,0,0,0,0,0,0,0,0,0,0,0,0,0
78659100,7473,32,2,0,0,0,0,0,0,0,0,0,0,0,0,0
78668053,7474,32,2,0,0,0,0,0,0,0,0,0,0,0,0,0
78677006,7475,48,2,0,0,0,0,0,0,0,0,0,0,0,0,0
78687688,7476,32,2,0,0,0,0,0,0,0,0,0,0,0,0,0
78696641,7477,32,2,0,0,0,0,0,0,0,0,0,0,0,0,0
78705594,7478,32,2,0,0,0,0,0,0,0,0,0,0,0,0,0
78714547,7479,32,2,0,0,0,0,0,0,0,0,0,0,0,0,0
78723500,7480,48,2,0,0,0,0,0,0,0,0,0,0,0,0,0
78740690,7481,32,2,0,0,0,0,0,0,0,0,0,0,0,0,0
78749631,7482,32,2,0,0,0,0,0,0,0,0,0,0,0,0,0
78758585,7483,32,2,0,0,0,0,0,0,0,0,0,0,0,0,0
78767538,7484,32,2,0,0,0,0,0,0,0,0,0,0,0,0,0
78776490,7485,48,2,0,0,0,0,0,0,0,0,0,0,0,0,0
78787172,7486,32,2,0,0,0,0,0,0,0,0,0,0,0,0,0
78796125,7487,32,2,0,0,0,0,0,0,0,0,0,0,0,0,0
78805078,7488,32,2,0,0,0,0,0,0,0,0,0,0,0,0,0
78814031,7489,32,2,0,0,0,0,0,0,0,0,0,0,0,0,0
78822984,7490,48,2,0,0,0,0,0,0,0,0,0,0,0,0,0
78833667,7491,32,2,0,0,0,0,0,0,0,0,0,0,0,0,0
78842619,7492,32,2,0,0,0,0,0,0,0,0,0,0,0,0,0
78851572,7493,32,2,0,0,0,0,0,0,0,0,0,0,0,0,0
78860525,7494,32,2,0,0,0,0,0,0,0,0,0,0,0,0,0
78869478,7495,48,2,0,0,0,0,0,0,0,0,0,0,0,0,0
78880160,7496,32,2,0,0,0,0,0,0,0,0,0,0,0,0,0
78889113,7497,32,2,0,0,0,0,0,0,0,0,0,0,0,0,0
78898066,7498,32,2,0,0,0,0,0,0,0,0,0,0,0,0,0
78907019,7499,32,2,0,0,0,0,0,0,0,0,0,0,0,0,0
78915972,7500,48,2,0,0,0,0,0,0,0,0,0,0,0,0,0
78926655,7501,32,2,0,0,0,0,0,0,0,0,0,0,0,0,0
78935607,7502,32,2,0,0,0,0,0,0,0,0,0,0,0,0,0
78944560,7503,32,2,0,0,0,0,0,0,0,0,0,0,0,0,0
78953513,7504,32,2,0,0,0,0,0,0,0,0,0,0,0,0,0
78962466,7505,48,2,0,0,0,0,0,0,0,0,0,0,0,0,0
78973148,7506,32,2,0,0,0,0,0,0,0,0,0,0,0,0,0
78982101,7507,32,2,0,0,0,0,0,0,0,0,0,0,0,0,0
78991054,7508,32,2,0,0,0,0,0,0,0,0,0,0,0,0,0
79000007,7509,32,2,0,0,0,0,0,0,0,0,0,0,0,0,0
79008961,7510,48,2,0,0,0,0,0,0,0,0,0,0,0,0,0
79019657,7511,32,2,0,0,0,0,0,0,0,0,0,0,0,0,0
79028598,7512,32,2,0,0,0,0,0,0,0,0,0,0,0,0,0
79037551,7513,32,2,0,0,0,0,0,0,0,0,0,0,0,0,0
79046505,7514,32,2,0,0,0,0,0,0,0,0,0,0,0,0,0
79055457,7515,48,2,0,0,0,0,0,0,0,0,0,0,0,0,0
79066139,7516,32,2,0,0,0,0,0,0,0,0,0,0,0,0,0
79075092,7517,32,2,0,0,0,0,0,0,0,0,0,0,0,0,0
79084045,7518,32,2,0,0,0,0,0,0,0,0,0,0,0,0,0
79092998,7519,32,2,0,0,0,0,0,0,0,0,0,0,0,0,0
79101951,7520,48,2,0,0,0,0,0,0,0,0,0,0,0,0,0
79112634,7521,32,2,0,0,0,0,0,0,0,0,0,0,0,0,0
79121586,7522,32,2,0,0,0,0,0,0,0,0,0,0,0,0,0
79130539,7523,32,2,0,0,0,0,0,0,0,0,0,0,0,0,0
79139492,7524,32,2,0,0,0,0,0,0,0,0,0,0,0,0,0
79148445,7525,48,2,0,0,0,0,0,0,0,0,0,0,0,0,0
79159127,7526,32,2,0,0,0,0,0,0,0,0,0,0,0,0,0
79168080,7527,32,2,0,0,0,0,0,0,0,0,0,0,0,0,0
79177033,7528,32,2,0,0,0,0,0,0,0,0,0,0,0,0,0
79185986,7529,32,2,0,0,0,0,0,0,0,0,0,0,0,0,0
79194939,7530,48,2,0,0,0,0,0,0,0,0,0,0,0,0,0
79205622,7531,32,2,0,0,0,0,0,0,0,0,0,0,0,0,0
79214574,7532,32,2,0,0,0,0,0,0,0,0,0,0,0,0,0
79223527,7533,32,2,0,0,0,0,0,0,0,0,0,0,0,0,0
79232480,7534,32,2,0,0,0,0,0,0,0,0,0,0,0,0,0
79241433,7535,48,2,0,0,0,0,0,0,0,0,0,0,0,0,0
79252115,7536,32,2,0,0,0,0,0,0,0,0,0,0,0,0,0
79261068,7537,32,2,0,0,0,0,0,0,0,0,0,0,0,0,0
79270021,7538,32,2,0,0,0,0,0,0,0,0,0,0,0,0,0
79278974,7539,32,2,0,0,0,0,0,0,0,0,0,0,0,0,0
79287927,7540,48,2,0,0,0,0,0,0,0,0,0,0,0,0,0
79298610,7541,32,2,0,0,0,0,0,0,0,0,0,0,0,0,0
79307562,7542,32,2,0,0,0,0,0,0,0,0,0,0,0,0,0
79316516,7543,32,2,0,0,0,0,0,0,0,0,0,0,0,0,0
79325468,7544,32,2,0,0,0,0,0,0,0,0,0,0,0,0,0
79334421,7545,48,2,0,0,0,0,0,0,0,0,0,0,0,0,0
79345103,7546,32,2,0,0,0,0,0,0,0,0,0,0,0,0,0
79354056,7547,32,2,0,0,0,0,0,0,0,0,0,0,0,0,0
79363009,7548,32,2,0,0,0,0,0,0,0,0,0,0,0,0,0
79371963,7549,32,2,0,0,0,0,0,0,0,0,0,0,0,0,0
79380915,7550,48,2,0,0,0,0,0,0,0,0,0,0,0,0,0
79391598,7551,32,2,0,0,0,0,0,0,0,0,0,0,0,0,0
79400550,7552,32,2,0,0,0,0,0,0,0,0,0,0,0,0,0
79409503,7553,32,2,0,0,0,0,0,0,0,0,0,0,0,0,0
79418456,7554,32,2,0,0,0,0,0,0,0,0,0,0,0,0,0
79427409,7555,48,2,0,0,0,0,0,0,0,0,0,0,0,0,0
79438091,7556,32,2,0,0,0,0,0,0,0,0,0,0,0,0,0
79447044,7557,32,2,0,0,0,0,0,0,0,0,0,0,0,0,0
79455997,7558,32,2,0,0,0,0,0,0,0,0,0,0,0,0,0
79464951,7559,32,2,0,0,0,0,0,0,0,0,0,0,0,0,0
79473903,7560,48,2,0,0,0,0,0,0,0,0,0,0,0,0,0
79484586,7561,32,2,0,0,0,0,0,0,0,0,0,0,0,0,0
79493538,7562,32,2,0,0,0,0,0,0,0,0,0,0,0,0,0
79502491,7563,32,2,0,0,0,0,0,0,0,0,0,0,0,0,0
79511444,7564,32,2,0,0,0,0,0,0,0,0,0,0,0,0,0
79520397,7565,48,2,0,0,0,0,0,0,0,0,0,0,0,0,0
79531080,7566,32,2,0,0,0,0,0,0,0,0,0,0,0,0,0
79540032,7567,32,2,0,0,0,0,0,0,0,0,0,0,0,0,0
79548985,7568,32,2,0,0,0,0,0,0,0,0,0,0,0,0,0
79557939,7569,32,2,0,0,0,0,0,0,0,0,0,0,0,0,0
79566891,7570,48,2,0,0,0,0,0,0,0,0,0,0,0,0,0
79577574,7571,32,2,0,0,0,0,0,0,0,0,0,0,0,0,0
79586526,7572,32,2,0,0,0,0,0,0,0,0,0,0,0,0,0
79595479,7573,32,2,0,0,0,0,0,0,0,0,0,0,0,0,0
79604432,7574,32,2,0,0,0,0,0,0,0,0,0,0,0,0,0
79613385,7575,48,2,0,0,0,0,0,0,0,0,0,0,0,0,0
79624067,7576,32,2,0,0,0,0,0,0,0,0,0,0,0,0,0
79633020,7577,32,2,0,0,0,0,0,0,0,0,0,0,0,0,0
79641973,7578,32,2,0,0,0,0,0,0,0,0,0,0,0,0,0
79650926,7579,32,2,0,0,0,0,0,0,0,0,0,0,0,0,0
79659879,7580,48,2,0,0,0,0,0,0,0,0,0,0,0,0,0
79670562,7581,32,2,0,0,0,0,0,0,0,0,0,0,0,0,0
79679514,7582,32,2,0,0,0,0,0,0,0,0,0,0,0,0,0
79688467,7583,32,2,0,0,0,0,0,0,0,0,0,0,0,0,0
79697420,7584,32,2,0,0,0,0,0,0,0,0,0,0,0,0,0
79706374,7585,48,2,0,0,0,0,0,0,0,0,0,0,0,0,0
79717055,7586,32,2,0,0,0,0,0,0,0,0,0,0,0,0,0
79726008,7587,32,2,0,0,0,0,0,0,0,0,0,0,0,0,0
79734961,7588,32,2,0,0,0,0,0,0,0,0,0,0,0,0,0
79743914,7589,32,2,0,0,0,0,0,0,0,0,0,0,0,0,0
79752867,7590,48,2,0,0,0,0,0,0,0,0,0,0,0,0,0
79763550,7591,32,2,0,0,0,0,0,0,0,0,0,0,0,0,0
79772502,7592,32,2,0,0,0,0,0,0,0,0,0,0,0,0,0
79781455,7593,32,2,0,0,0,0,0,0,0,0,0,0,0,0,0
79790408,7594,32,2,0,0,0,0,0,0,0,0,0,0,0,0,0
79799361,7595,48,2,0,0,0,0,0,0,0,0,0,0,0,0,0
79810043,7596,32,2,0,0,0,0,0,0,0,0,0,0,0,0,0
79818997,7597,32,2,0,0,0,0,0,0,0,0,0,0,0,0,0
79827950,7598,32,2,0,0,0,0,0,0,0,0,0,0,0,0,0
79836902,7599,32,2,0,0,0,0,0,0,0,0,0,0,0,0,0
79845855,7600,48,2,0,0,0,0,0,0,0,0,0,0,0,0,0
79856538,7601,32,2,0,0,0,0,0,0,0,0,0,0,0,0,0
79865490,7602,32,2,0,0,0,0,0,0,0,0,0,0,0,0,0
79874443,7603,32,2,0,0,0,0,0,0,0,0,0,0,0,0,0
79883397,7604,32,2,0,0,0,0,0,0,0,0,0,0,0,0,0
79892349,7605,48,2,0,0,0,0,0,0,0,0,0,0,0,0,0
79903032,7606,32,2,0,0,0,0,0,0,0,0,0,0,0,0,0
79911984,7607,32,2,0,0,0,0,0,0,0,0,0,0,0,0,0
79920937,7608,32,2,0,0,0,0,0,0,0,0,0,0,0,0,0
79929890,7609,32,2,0,0,0,0,0,0,0,0,0,0,0,0,0
79938843,7610,48,2,0,0,0,0,0,0,0,0,0,0,0,0,0
79949526,7611,32,2,0,0,0,0,0,0,0,0,0,0,0,0,0
79958478,7612,32,2,0,0,0,0,0,0,0,0,0,0,0,0,0
79967431,7613,32,2,0,0,0,0,0,0,0,0,0,0,0,0,0
79976384,7614,32,2,0,0,0,0,0,0,0,0,0,0,0,0,0
79985337,7615,48,2,0,0,0,0,0,0,0,0,0,0,0,0,0
79996019,7616,32,2,0,0,0,0,0,0,0,0,0,0,0,0,0
80004972,7617,32,2,0,0,0,0,0,0,0,0,0,0,0,0,0
80013926,7618,32,2,0,0,0,0,0,0,0,0,0,0,0,0,0
80022878,7619,32,2,0,0,0,0,0,0,0,0,0,0,0,0,0
80031831,7620,48,2,0,0,0,0,0,0,0,0,0,0,0,0,0
80042514,7621,32,2,0,0,0,0,0,0,0,0,0,0,0,0,0
80051466,7622,32,2,0,0,0,0,0,0,0,0,0,0,0,0,0
80060419,7623,32,2,0,0,0,0,0,0,0,0,0,0,0,0,0
80069372,7624,32,2,0,0,0,0,0,0,0,0,0,0,0,0,0
80078325,7625,48,2,0,0,0,0,0,0,0,0,0,0,0,0,0
80089007,7626,32,2,0,0,0,0,0,0,0,0,0,0,0,0,0
80097960,7627,32,2,0,0,0,0,0,0,0,0,0,0,0,0,0
80106913,7628,32,2,0,0,0,0,0,0,0,0,0,0,0,0,0
80115866,7629,32,2,0,0,0,0,0,0,0,0,0,0,0,0,0
80124819,7630,48,2,0,0,0,0,0,0,0,0,0,0,0,0,0
80135502,7631,32,2,0,0,0,0,0,0,0,0,0,0,0,0,0
80144454,7632,32,2,0,0,0,0,0,0,0,0,0,0,0,0,0
80153407,7633,32,2,0,0,0,0,0,0,0,0,0,0,0,0,0
80162360,7634,32,2,0,0,0,0,0,0,0,0,0,0,0,0,0
80171313,7635,48,2,0,0,0,0,0,0,0,0,0,0,0,0,0
80181995,7636,32,2,0,0,0,0,0,0,0,0,0,0,0,0,0
80190948,7637,32,2,0,0,0,0,0,0,0,0,0,0,0,0,0
80199901,7638,32,2,0,0,0,0,0,0,0,0,0,0,0,0,0
80208854,7639,32,2,0,0,0,0,0,0,0,0,0,0,0,0,0
80217807,7640,48,2,0,0,0,0,0,0,0,0,0,0,0,0,0
80228490,7641,32,2,0,0,0,0,0,0,0,0,0,0,0,0,0
80237442,7642,32,2,0,0,0,0,0,0,0,0,0,0,0,0,0
80246395,7643,32,2,0,0,0,0,0,0,0,0,0,0,0,0,0
80255348,7644,32,2,0,0,0,0,0,0,0,0,0,0,0,0,0
80264301,7645,48,2,0,0,0,0,0,0,0,0,0,0,0,0,0
80274983,7646,32,2,0,0,0,0,0,0,0,0,0,0,0,0,0
80283936,7647,32,2,0,0,0,0,0,0,0,0,0,0,0,0,0
80292889,7648,32,2,0,0,0,0,0,0,0,0,0,0,0,0,0
80301842,7649,32,2,0,0,0,0,0,0,0,0,0,0,0,0,0
80310795,7650,48,2,0,0,0,0,0,0,0,0,0,0,0,0,0
80325661,7651,32,2,0,0,0,0,0,0,0,0,0,0,0,0,0
80334602,7652,32,2,0,0,0,0,0,0,0,0,0,0,0,0,0
80343555,7653,32,2,0,0,0,0,0,0,0,0,0,0,0,0,0
80352509,7654,32,2,0,0,0,0,0,0,0,0,0,0,0,0,0
80361461,7655,48,2,0,0,0,0,0,0,0,0,0,0,0,0,0
80372143,7656,32,2,0,0,0,0,0,0,0,0,0,0,0,0,0
80381096,7657,32,2,0,0,0,0,0,0,0,0,0,0,0,0,0
80390049,7658,32,2,0,0,0,0,0,0,0,0,0,0,0,0,0
80399002,7659,32,2,0,0,0,0,0,0,0,0,0,0,0,0,0
80407955,7660,48,2,0,0,0,0,0,0,0,0,0,0,0,0,0
80418638,7661,32,2,0,0,0,0,0,0,0,0,0,0,0,0,0
80427590,7662,32,2,0,0,0,0,0,0,0,0,0,0,0,0,0
80436543,7663,32,2,0,0,0,0,0,0,0,0,0,0,0,0,0
80445496,7664,32,2,0,0,0,0,0,0,0,0,0,0,0,0,0
80454449,7665,48,2,0,0,0,0,0,0,0,0,0,0,0,0,0
80465131,7666,32,2,0,0,0,0,0,0,0,0,0,0,0,0,0
80474084,7667,32,2,0,0,0,0,0,0,0,0,0,0,0,0,0
80483037,7668,32,2,0,0,0,0,0,0,0,0,0,0,0,0,0
80491990,7669,32,2,0,0,0,0,0,0,0,0,0,0,0,0,0
80500943,7670,48,2,0,0,0,0,0,0,0,0,0,0,0,0,0
80511626,7671,32,2,0,0,0,0,0,0,0,0,0,0,0,0,0
80520578,7672,32,2,0,0,0,0,0,0,0,0,0,0,0,0,0
80529532,7673,32,2,0,0,0,0,0,0,0,0,0,0,0,0,0
80538484,7674,32,2,0,0,0,0,0,0,0,0,0,0,0,0,0
80547437,7675,48,2,0,0,0,0,0,0,0,0,0,0,0,0,0
80558119,7676,32,2,0,0,0,0,0,0,0,0,0,0,0,0,0
80567072,7677,32,2,0,0,0,0,0,0,0,0,0,0,0,0,0
80576025,7678,32,2,0,0,0,0,0,0,0,0,0,0,0,0,0
80584978,7679,32,2,0,0,0,0,0,0,0,0,0,0,0,0,0
80593931,7680,48,2,0,0,0,0,0,0,0,0,0,0,0,0,0
80604614,7681,32,2,0,0,0,0,0,0,0,0,0,0,0,0,0
80613566,7682,32,2,0,0,0,0,0,0,0,0,0,0,0,0,0
80622519,7683,32,2,0,0,0,0,0,0,0,0,0,0,0,0,0
80631473,7684,32,2,0,0,0,0,0,0,0,0,0,0,0,0,0
80640425,7685,48,2,0,0,0,0,0,0,0,0,0,0,0,0,0
80651107,7686,32,2,0,0,0,0,0,0,0,0,0,0,0,0,0
80660060,7687,32,2,0,0,0,0,0,0,0,0,0,0,0,0,0
80669013,7688,32,2,0,0,0,0,0,0,0,0,0,0,0,0,0
80677966,7689,32,2,0,0,0,0,0,0,0,0,0,0,0,0,0
80686919,7690,48,2,0,0,0,0,0,0,0,0,0,0,0,0,0
80697602,7691,32,2,0,0,0,0,0,0,0,0,0,0,0,0,0
80706554,7692,32,2,0,0,0,0,0,0,0,0,0,0,0,0,0
80715507,7693,32,2,0,0,0,0,0,0,0,0,0,0,0,0,0
80724460,7694,32,2,0,0,0,0,0,0,0,0,0,0,0,0,0
80733413,7695,48,2,0,0,0,0,0,0,0,0,0,0,0,0,0
80744095,7696,32,2,0,0,0,0,0,0,0,0,0,0,0,0,0
80753048,7697,32,2,0,0,0,0,0,0,0,0,0,0,0,0,0
80762001,7698,32,2,0,0,0,0,0,0,0,0,0,0,0,0,0
80770954,7699,32,2,0,0,0,0,0,0,0,0,0,0,0,0,0
80779907,7700,48,2,0,0,0,0,0,0,0,0,0,0,0,0,0
80790590,7701,32,2,0,0,0,0,0,0,0,0,0,0,0,0,0
80799542,7702,32,2,0,0,0,0,0,0,0,0,0,0,0,0,0
80808495,7703,32,2,0,0,0,0,0,0,0,0,0,0,0,0,0
80817449,7704,32,2,0,0,0,0,0,0,0,0,0,0,0,0,0
80826401,7705,48,2,0,0,0,0,0,0,0,0,0,0,0,0,0
80837083,7706,32,2,0,0,0,0,0,0,0,0,0,0,0,0,0
80846036,7707,32,2,0,0,0,0,0,0,0,0,0,0,0,0,0
80854990,7708,32,2,0,0,0,0,0,0,0,0,0,0,0,0,0
80863942,7709,32,2,0,0,0,0,0,0,0,0,0,0,0,0,0
80872895,7710,48,2,0,0,0,0,0,0,0,0,0,0,0,0,0
80883578,7711,32,2,0,0,0,0,0,0,0,0,0,0,0,0,0
80892530,7712,32,2,0,0,0,0,0,0,0,0,0,0,0,0,0
80901483,7713,32,2,0,0,0,0,0,0,0,0,0,0,0,0,0
80910436,7714,32,2,0,0,0,0,0,0,0,0,0,0,0,0,0
80919389,7715,48,2,0,0,0,0,0,0,0,0,0,0,0,0,0
80930071,7716,32,2,0,0,0,0,0,0,0,0,0,0,0,0,0
80939024,7717,32,2,0,0,0,0,0,0,0,0,0,0,0,0,0
80947977,7718,32,2,0,0,0,0,0,0,0,0,0,0,0,0,0
80956930,7719,32,2,0,0,0,0,0,0,0,0,0,0,0,0,0
80965883,7720,48,2,0,0,0,0,0,0,0,0,0,0,0,0,0
80976566,7721,32,2,0,0,0,0,0,0,0,0,0,0,0,0,0
80985518,7722,32,2,0,0,0,0,0,0,0,0,0,0,0,0,0
80994471,7723,32,2,0,0,0,0,0,0,0,0,0,0,0,0,0
81003424,7724,32,2,0,0,0,0,0,0,0,0,0,0,0,0,0
81012377,7725,48,2,0,0,0,0,0,0,0,0,0,0,0,0,0
81023059,7726,32,2,0,0,0,0,0,0,0,0,0,0,0,0,0
81032012,7727,32,2,0,0,0,0,0,0,0,0,0,0,0,0,0
81040965,7728,32,2,0,0,0,0,0,0,0,0,0,0,0,0,0
81049918,7729,32,2,0,0,0,0,0,0,0,0,0,0,0,0,0
81058871,7730,48,2,0,0,0,0,0,0,0,0,0,0,0,0,0
81069554,7731,32,2,0,0,0,0,0,0,0,0,0,0,0,0,0
81078506,7732,32,2,0,0,0,0,0,0,0,0,0,0,0,0,0
81087459,7733,32,2,0,0,0,0,0,0,0,0,0,0,0,0,0
81096412,7734,32,2,0,0,0,0,0,0,0,0,0,0,0,0,0
81105365,7735,48,2,0,0,0,0,0,0,0,0,0,0,0,0,0
81116047,7736,32,2,0,0,0,0,0,0,0,0,0,0,0,0,0
81125000,7737,32,2,0,0,0,0,0,0,0,0,0,0,0,0,0
81133953,7738,32,2,0,0,0,0,0,0,0,0,0,0,0,0,0
81142906,7739,32,2,0,0,0,0,0,0,0,0,0,0,0,0,0
81151859,7740,48,2,0,0,0,0,0,0,0,0,0,0,0,0,0
81162542,7741,32,2,0,0,0,0,0,0,0,0,0,0,0,0,0
81171494,7742,32,2,0,0,0,0,0,0,0,0,0,0,0,0,0
81180447,7743,32,2,0,0,0,0,0,0,0,0,0,0,0,0,0
81189400,7744,32,2,0,0,0,0,0,0,0,0,0,0,0,0,0
81198353,7745,48,2,0,0,0,0,0,0,0,0,0,0,0,0,0
81209035,7746,32,2,0,0,0,0,0,0,0,0,0,0,0,0,0
81217988,7747,32,2,0,0,0,0,0,0,0,0,0,0,0,0,0
81226942,7748,32,2,0,0,0,0,0,0,0,0,0,0,0,0,0
81235894,7749,32,2,0,0,0,0,0,0,0,0,0,0,0,0,0
81244847,7750,48,2,0,0,0,0,0,0,0,0,0,0,0,0,0
81255530,7751,32,2,0,0,0,0,0,0,0,0,0,0,0,0,0
81264482,7752,32,2,0,0,0,0,0,0,0,0,0,0,0,0,0
81273435,7753,32,2,0,0,0,0,0,0,0,0,0,0,0,0,0
81282388,7754,32,2,0,0,0,0,0,0,0,0,0,0,0,0,0
81291341,7755,48,2,0,0,0,0,0,0,0,0,0,0,0,0,0
81302023,7756,32,2,0,0,0,0,0,0,0,0,0,0,0,0,0
81310976,7757,32,2,0,0,0,0,0,0,0,0,0,0,0,0,0
81319929,7758,32,2,0,0,0,0,0,0,0,0,0,0,0,0,0
81328882,7759,32,2,0,0,0,0,0,0,0,0,0,0,0,0,0
81337835,7760,48,2,0,0,0,0,0,0,0,0,0,0,0,0,0
81348518,7761,32,2,0,0,0,0,0,0,0,0,0,0,0,0,0
81357470,7762,32,2,0,0,0,0,0,0,0,0,0,0,0,0,0
81366423,7763,32,2,0,0,0,0,0,0,0,0,0,0,0,0,0
81375376,7764,32,2,0,0,0,0,0,0,0,0,0,0,0,0,0
81384330,7765,48,2,0,0,0,0,0,0,0,0,0,0,0,0,0
81395011,7766,32,2,0,0,0,0,0,0,0,0,0,0,0,0,0
81403964,7767,32,2,0,0,0,0,0,0,0,0,0,0,0,0,0
81412917,7768,32,2,0,0,0,0,0,0,0,0,0,0,0,0,0
81421870,7769,32,2,0,0,0,0,0,0,0,0,0,0,0,0,0
81430823,7770,48,2,0,0,0,0,0,0,0,0,0,0,0,0,0
81441506,7771,32,2,0,0,0,0,0,0,0,0,0,0,0,0,0
81450458,7772,32,2,0,0,0,0,0,0,0,0,0,0,0,0,0
81459411,7773,32,2,0,0,0,0,0,0,0,0,0,0,0,0,0
81468364,7774,32,2,0,0,0,0,0,0,0,0,0,0,0,0,0
81477317,7775,48,2,0,0,0,0,0,0,0,0,0,0,0,0,0
81487999,7776,32,2,0,0,0,0,0,0,0,0,0,0,0,0,0
81496952,7777,32,2,0,0,0,0,0,0,0,0,0,0,0,0,0
81505905,7778,32,2,0,0,0,0,0,0,0,0,0,0,0,0,0
81514858,7779,32,2,0,0,0,0,0,0,0,0,0,0,0,0,0
81523811,7780,48,2,0,0,0,0,0,0,0,0,0,0,0,0,0
81534494,7781,32,2,0,0,0,0,0,0,0,0,0,0,0,0,0
81543446,7782,32,2,0,0,0,0,0,0,0,0,0,0,0,0,0
81552399,7783,32,2,0,0,0,0,0,0,0,0,0,0,0,0,0
81561352,7784,32,2,0,0,0,0,0,0,0,0,0,0,0,0,0
81570305,7785,48,2,0,0,0,0,0,0,0,0,0,0,0,0,0
81580987,7786,32,2,0,0,0,0,0,0,0,0,0,0,0,0,0
81589941,7787,32,2,0,0,0,0,0,0,0,0,0,0,0,0,0
81598893,7788,32,2,0,0,0,0,0,0,0,0,0,0,0,0,0
81607846,7789,32,2,0,0,0,0,0,0,0,0,0,0,0,0,0
81616799,7790,48,2,0,0,0,0,0,0,0,0,0,0,0,0,0
81627482,7791,32,2,0,0,0,0,0,0,0,0,0,0,0,0,0
81636434,7792,32,2,0,0,0,0,0,0,0,0,0,0,0,0,0
81645387,7793,32,2,0,0,0,0,0,0,0,0,0,0,0,0,0
81654340,7794,32,2,0,0,0,0,0,0,0,0,0,0,0,0,0
81663293,7795,48,2,0,0,0,0,0,0,0,0,0,0,0,0,0
81673975,7796,32,2,0,0,0,0,0,0,0,0,0,0,0,0,0
81682928,7797,32,2,0,0,0,0,0,0,0,0,0,0,0,0,0
81691881,7798,32,2,0,0,0,0,0,0,0,0,0,0,0,0,0
81700834,7799,32,2,0,0,0,0,0,0,0,0,0,0,0,0,0
81709787,7800,48,2,0,0,0,0,0,0,0,0,0,0,0,0,0
81720470,7801,32,2,0,0,0,0,0,0,0,0,0,0,0,0,0
81729422,7802,32,2,0,0,0,0,0,0,0,0,0,0,0,0,0
81738375,7803,32,2,0,0,0,0,0,0,0,0,0,0,0,0,0
81747328,7804,32,2,0,0,0,0,0,0,0,0,0,0,0,0,0
81756281,7805,48,2,0,0,0,0,0,0,0,0,0,0,0,0,0
81766963,7806,32,2,0,0,0,0,0,0,0,0,0,0,0,0,0
81775916,7807,32,2,0,0,0,0,0,0,0,0,0,0,0,0,0
81784869,7808,32,2,0,0,0,0,0,0,0,0,0,0,0,0,0
81793822,7809,32,2,0,0,0,0,0,0,0,0,0,0,0,0,0
81802775,7810,48,2,0,0,0,0,0,0,0,0,0,0,0,0,0
81813458,7811,32,2,0,0,0,0,0,0,0,0,0,0,0,0,0
81822411,7812,32,2,0,0,0,0,0,0,0,0,0,0,0,0,0
81831363,7813,32,2,0,0,0,0,0,0,0,0,0,0,0,0,0
81840316,7814,32,2,0,0,0,0,0,0,0,0,0,0,0,0,0
81849270,7815,48,2,0,0,0,0,0,0,0,0,0,0,0,0,0
81859951,7816,32,2,0,0,0,0,0,0,0,0,0,0,0,0,0
81868904,7817,32,2,0,0,0,0,0,0,0,0,0,0,0,0,0
81877857,7818,32,2,0,0,0,0,0,0,0,0,0,0,0,0,0
81886810,7819,32,2,0,0,0,0,0,0,0,0,0,0,0,0,0
81895763,7820,48,2,0,0,0,0,0,0,0,0,0,0,0,0,0
81912679,7821,32,2,0,0,0,0,0,0,0,0,0,0,0,0,0
81921620,7822,32,2,0,0,0,0,0,0,0,0,0,0,0,0,0
81930573,7823,32,2,0,0,0,0,0,0,0,0,0,0,0,0,0
81939527,7824,32,2,0,0,0,0,0,0,0,0,0,0,0,0,0
81948479,7825,48,2,0,0,0,0,0,0,0,0,0,0,0,0,0
81959161,7826,32,2,0,0,0,0,0,0,0,0,0,0,0,0,0
81968114,7827,32,2,0,0,0,0,0,0,0,0,0,0,0,0,0
81977067,7828,32,2,0,0,0,0,0,0,0,0,0,0,0,0,0
81986020,7829,32,2,0,0,0,0,0,0,0,0,0,0,0,0,0
81994973,7830,48,2,0,0,0,0,0,0,0,0,0,0,0,0,0
82005656,7831,32,2,0,0,0,0,0,0,0,0,0,0,0,0,0
82014608,7832,32,2,0,0,0,0,0,0,0,0,0,0,0,0,0
82023561,7833,32,2,0,0,0,0,0,0,0,0,0,0,0,0,0
82032514,7834,32,2,0,0,0,0,0,0,0,0,0,0,0,0,0
82041467,7835,48,2,0,0,0,0,0,0,0,0,0,0,0,0,0
82052149,7836,32,2,0,0,0,0,0,0,0,0,0,0,0,0,0
82061102,7837,32,2,0,0,0,0,0,0,0,0,0,0,0,0,0
82070055,7838,32,2,0,0,0,0,0,0,0,0,0,0,0,0,0
82079008,7839,32,2,0,0,0,0,0,0,0,0,0,0,0,0,0
82087961,7840,48,2,0,0,0,0,0,0,0,0,0,0,0,0,0
82098644,7841,32,2,0,0,0,0,0,0,0,0,0,0,0,0,0
82107596,7842,32,2,0,0,0,0,0,0,0,0,0,0,0,0,0
82116549,7843,32,2,0,0,0,0,0,0,0,0,0,0,0,0,0
82125502,7844,32,2,0,0,0,0,0,0,0,0,0,0,0,0,0
82134455,7845,48,2,0,0,0,0,0,0,0,0,0,0,0,0,0
82145137,7846,32,2,0,0,0,0,0,0,0,0,0,0,0,0,0
82154090,7847,32,2,0,0,0,0,0,0,0,0,0,0,0,0,0
82163043,7848,32,2,0,0,0,0,0,0,0,0,0,0,0,0,0
82171997,7849,32,2,0,0,0,0,0,0,0,0,0,0,0,0,0
82180950,7850,48,2,0,0,0,0,0,0,0,0,0,0,0,0,0
82191632,7851,32,2,0,0,0,0,0,0,0,0,0,0,0,0,0
82200584,7852,32,2,0,0,0,0,0,0,0,0,0,0,0,0,0
82209537,7853,32,2,0,0,0,0,0,0,0,0,0,0,0,0,0
82218491,7854,32,2,0,0,0,0,0,0,0,0,0,0,0,0,0
82227443,7855,48,2,0,0,0,0,0,0,0,0,0,0,0,0,0
82238125,7856,32,2,0,0,0,0,0,0,0,0,0,0,0,0,0
82247078,7857,32,2,0,0,0,0,0,0,0,0,0,0,0,0,0
82256031,7858,32,2,0,0,0,0,0,0,0,0,0,0,0,0,0
82264984,7859,32,2,0,0,0,0,0,0,0,0,0,0,0,0,0
82273937,7860,48,2,0,0,0,0,0,0,0,0,0,0,0,0,0
82284620,7861,32,2,0,0,0,0,0,0,0,0,0,0,0,0,0
82293572,7862,32,2,0,0,0,0,0,0,0,0,0,0,0,0,0
82302525,7863,32,2,0,0,0,0,0,0,0,0,0,0,0,0,0
82311478,7864,32,2,0,0,0,0,0,0,0,0,0,0,0,0,0
82320431,7865,48,2,0,0,0,0,0,0,0,0,0,0,0,0,0
82331113,7866,32,2,0,0,0,0,0,0,0,0,0,0,0,0,0
82340066,7867,32,2,0,0,0,0,0,0,0,0,0,0,0,0,0
82349019,7868,32,2,0,0,0,0,0,0,0,0,0,0,0,0,0
82357972,7869,32,2,0,0,0,0,0,0,0,0,0,0,0,0,0
82366926,7870,48,2,0,0,0,0,0,0,0,0,0,0,0,0,0
82377608,7871,32,2,0,0,0,0,0,0,0,0,0,0,0,0,0
82386560,7872,32,2,0,0,0,0,0,0,0,0,0,0,0,0,0
82395513,7873,32,2,0,0,0,0,0,0,0,0,0,0,0,0,0
82404466,7874,32,2,0,0,0,0,0,0,0,0,0,0,0,0,0
82413419,7875,48,2,0,0,0,0,0,0,0,0,0,0,0,0,0
82424101,7876,32,2,0,0,0,0,0,0,0,0,0,0,0,0,0
82433054,7877,32,2,0,0,0,0,0,0,0,0,0,0,0,0,0
82442007,7878,32,2,0,0,0,0,0,0,0,0,0,0,0,0,0
82450960,7879,32,2,0,0,0,0,0,0,0,0,0,0,0,0,0
82459913,7880,48,2,0,0,0,0,0,0,0,0,0,0,0,0,0
82470596,7881,32,2,0,0,0,0,0,0,0,0,0,0,0,0,0
82479548,7882,32,2,0,0,0,0,0,0,0,0,0,0,0,0,0
82488501,7883,32,2,0,0,0,0,0,0,0,0,0,0,0,0,0
82497454,7884,32,2,0,0,0,0,0,0,0,0,0,0,0,0,0
82506407,7885,48,2,0,0,0,0,0,0,0,0,0,0,0,0,0
82517089,7886,32,2,0,0,0,0,0,0,0,0,0,0,0,0,0
82526042,7887,32,2,0,0,0,0,0,0,0,0,0,0,0,0,0
82534996,7888,32,2,0,0,0,0,0,0,0,0,0,0,0,0,0
82543948,7889,32,2,0,0,0,0,0,0,0,0,0,0,0,0,0
82552902,7890,48,2,0,0,0,0,0,0,0,0,0,0,0,0,0
82563584,7891,32,2,0,0,0,0,0,0,0,0,0,0,0,0,0
82572536,7892,32,2,0,0,0,0,0,0,0,0,0,0,0,0,0
82581489,7893,32,2,0,0,0,0,0,0,0,0,0,0,0,0,0
82590442,7894,32,2,0,0,0,0,0,0,0,0,0,0,0,0,0
82599396,7895,48,2,0,0,0,0,0,0,0,0,0,0,0,0,0
82610077,7896,32,2,0,0,0,0,0,0,0,0,0,0,0,0,0
82619030,7897,32,2,0,0,0,0,0,0,0,0,0,0,0,0,0
82627984,7898,32,2,0,0,0,0,0,0,0,0,0,0,0,0,0
82636936,7899,32,2,0,0,0,0,0,0,0,0,0,0,0,0,0
82645889,7900,48,2,0,0,0,0,0,0,0,0,0,0,0,0,0
82656572,7901,32,2,0,0,0,0,0,0,0,0,0,0,0,0,0
82665524,7902,32,2,0,0,0,0,0,0,0,0,0,0,0,0,0
82674477,7903,32,2,0,0,0,0,0,0,0,0,0,0,0,0,0
82683430,7904,32,2,0,0,0,0,0,0,0,0,0,0,0,0,0
82692383,7905,48,2,0,0,0,0,0,0,0,0,0,0,0,0,0
82703065,7906,32,2,0,0,0,0,0,0,0,0,0,0,0,0,0
82712018,7907,32,2,0,0,0,0,0,0,0,0,0,0,0,0,0
82720972,7908,32,2,0,0,0,0,0,0,0,0,0,0,0,0,0
82729924,7909,32,2,0,0,0,0,0,0,0,0,0,0,0,0,0
82738877,7910,48,2,0,0,0,0,0,0,0,0,0,0,0,0,0
82749560,7911,32,2,0,0,0,0,0,0,0,0,0,0,0,0,0
82758512,7912,32,2,0,0,0,0,0,0,0,0,0,0,0,0,0
82767466,7913,32,2,0,0,0,0,0,0,0,0,0,0,0,0,0
82776418,7914,32,2,0,0,0,0,0,0,0,0,0,0,0,0,0
82785371,7915,48,2,0,0,0,0,0,0,0,0,0,0,0,0,0
82796053,7916,32,2,0,0,0,0,0,0,0,0,0,0,0,0,0
82805006,7917,32,2,0,0,0,0,0,0,0,0,0,0,0,0,0
82813959,7918,32,2,0,0,0,0,0,0,0,0,0,0,0,0,0
82822912,7919,32,2,0,0,0,0,0,0,0,0,0,0,0,0,0
82831865,7920,48,2,0,0,0,0,0,0,0,0,0,0,0,0,0
82842548,7921,32,2,0,0,0,0,0,0,0,0,0,0,0,0,0
82851500,7922,32,2,0,0,0,0,0,0,0,0,0,0,0,0,0
82860453,7923,32,2,0,0,0,0,0,0,0,0,0,0,0,0,0
82869406,7924,32,2,0,0,0,0,0,0,0,0,0,0,0,0,0
82878359,7925,48,2,0,0,0,0,0,0,0,0,0,0,0,0,0
82889041,7926,32,2,0,0,0,0,0,0,0,0,0,0,0,0,0
82897994,7927,32,2,0,0,0,0,0,0,0,0,0,0,0,0,0
82906948,7928,32,2,0,0,0,0,0,0,0,0,0,0,0,0,0
82915900,7929,32,2,0,0,0,0,0,0,0,0,0,0,0,0,0
82924853,7930,48,2,0,0,0,0,0,0,0,0,0,0,0,0,0
82935536,7931,32,2,0,0,0,0,0,0,0,0,0,0,0,0,0
82944488,7932,32,2,0,0,0,0,0,0,0,0,0,0,0,0,0
82953441,7933,32,2,0,0,0,0,0,0,0,0,0,0,0,0,0
82962394,7934,32,2,0,0,0,0,0,0,0,0,0,0,0,0,0
82971348,7935,48,2,0,0,0,0,0,0,0,0,0,0,0,0,0
82982029,7936,32,2,0,0,0,0,0,0,0,0,0,0,0,0,0
82990982,7937,32,2,0,0,0,0,0,0,0,0,0,0,0,0,0
82999935,7938,32,2,0,0,0,0,0,0,0,0,0,0,0,0,0
83008888,7939,32,2,0,0,0,0,0,0,0,0,0,0,0,0,0
83017841,7940,48,2,0,0,0,0,0,0,0,0,0,0,0,0,0
83028524,7941,32,2,0,0,0,0,0,0,0,0,0,0,0,0,0
83037476,7942,32,2,0,0,0,0,0,0,0,0,0,0,0,0,0
83046429,7943,32,2,0,0,0,0,0,0,0,0,0,0,0,0,0
83055382,7944,32,2,0,0,0,0,0,0,0,0,0,0,0,0,0
83064335,7945,48,2,0,0,0,0,0,0,0,0,0,0,0,0,0
83075017,7946,32,2,0,0,0,0,0,0,0,0,0,0,0,0,0
83083970,7947,32,2,0,0,0,0,0,0,0,0,0,0,0,0,0
83092924,7948,32,2,0,0,0,0,0,0,0,0,0,0,0,0,0
83101876,7949,32,2,0,0,0,0,0,0,0,0,0,0,0,0,0
83110830,7950,48,2,0,0,0,0,0,0,0,0,0,0,0,0,0
83121512,7951,32,2,0,0,0,0,0,0,0,0,0,0,0,0,0
83130464,7952,32,2,0,0,0,0,0,0,0,0,0,0,0,0,0
83139417,7953,32,2,0,0,0,0,0,0,0,0,0,0,0,0,0
83148370,7954,32,2,0,0,0,0,0,0,0,0,0,0,0,0,0
83157323,7955,48,2,0,0,0,0,0,0,0,0,0,0,0,0,0
83168005,7956,32,2,0,0,0,0,0,0,0,0,0,0,0,0,0
83176959,7957,32,2,0,0,0,0,0,0,0,0,0,0,0,0,0
83185911,7958,32,2,0,0,0,0,0,0,0,0,0,0,0,0,0
83194864,7959,32,2,0,0,0,0,0,0,0,0,0,0,0,0,0
83203817,7960,48,2,0,0,0,0,0,0,0,0,0,0,0,0,0
83214500,7961,32,2,0,0,0,0,0,0,0,0,0,0,0,0,0
83223452,7962,32,2,0,0,0,0,0,0,0,0,0,0,0,0,0
83232405,7963,32,2,0,0,0,0,0,0,0,0,0,0,0,0,0
83241358,7964,32,2,0,0,0,0,0,0,0,0,0,0,0,0,0
83250311,7965,48,2,0,0,0,0,0,0,0,0,0,0,0,0,0
83260993,7966,32,2,0,0,0,0,0,0,0,0,0,0,0,0,0
83269946,7967,32,2,0,0,0,0,0,0,0,0,0,0,0,0,0
83278899,7968,32,2,0,0,0,0,0,0,0,0,0,0,0,0,0
83287853,7969,32,2,0,0,0,0,0,0,0,0,0,0,0,0,0
83296805,7970,48,2,0,0,0,0,0,0,0,0,0,0,0,0,0
83307488,7971,32,2,0,0,0,0,0,0,0,0,0,0,0,0,0
83316440,7972,32,2,0,0,0,0,0,0,0,0,0,0,0,0,0
83325393,7973,32,2,0,0,0,0,0,0,0,0,0,0,0,0,0
83334346,7974,32,2,0,0,0,0,0,0,0,0,0,0,0,0,0
83343299,7975,48,2,0,0,0,0,0,0,0,0,0,0,0,0,0
83353981,7976,32,2,0,0,0,0,0,0,0,0,0,0,0,0,0
83362934,7977,32,2,0,0,0,0,0,0,0,0,0,0,0,0,0
83371887,7978,32,2,0,0,0,0,0,0,0,0,0,0,0,0,0
83380840,7979,32,2,0,0,0,0,0,0,0,0,0,0,0,0,0
83389793,7980,48,2,0,0,0,0,0,0,0,0,0,0,0,0,0
83400476,7981,32,2,0,0,0,0,0,0,0,0,0,0,0,0,0
83409428,7982,32,2,0,0,0,0,0,0,0,0,0,0,0,0,0
83418381,7983,32,2,0,0,0,0,0,0,0,0,0,0,0,0,0
83427334,7984,32,2,0,0,0,0,0,0,0,0,0,0,0,0,0
83436287,7985,48,2,0,0,0,0,0,0,0,0,0,0,0,0,0
83446969,7986,32,2,0,0,0,0,0,0,0,0,0,0,0,0,0
83455923,7987,32,2,0,0,0,0,0,0,0,0,0,0,0,0,0
83464875,7988,32,2,0,0,0,0,0,0,0,0,0,0,0,0,0
83473828,7989,32,2,0,0,0,0,0,0,0,0,0,0,0,0,0
