timestamp_us,seq,valid_mask,status_bits,solenoid_state,payload0_centi_psi,payload1_centi_psi,payload2_centi_psi,payload3_centi_psi,raw_adc0,raw_adc1,raw_adc2,raw_adc3
6501002,0,0,2,0,0,0,0,0,0,0,0,0
6508993,1,0,2,0,0,0,0,0,0,0,0,0
6512637,2,0,2,0,0,0,0,0,0,0,0,0
6516281,3,0,2,0,0,0,0,0,0,0,0,0
6519925,4,0,2,0,0,0,0,0,0,0,0,0
6523569,5,0,2,0,0,0,0,0,0,0,0,0
6527213,6,0,2,0,0,0,0,0,0,0,0,0
6530857,7,0,2,0,0,0,0,0,0,0,0,0
6534501,8,0,2,0,0,0,0,0,0,0,0,0
6538145,9,0,2,0,0,0,0,0,0,0,0,0
6541789,10,0,2,0,0,0,0,0,0,0,0,0
6545433,11,0,2,0,0,0,0,0,0,0,0,0
6549077,12,0,2,0,0,0,0,0,0,0,0,0
6552721,13,0,2,0,0,0,0,0,0,0,0,0
6556365,14,0,2,0,0,0,0,0,0,0,0,0
6560009,15,0,2,0,0,0,0,0,0,0,0,0
6563653,16,0,2,0,0,0,0,0,0,0,0,0
6567297,17,0,2,0,0,0,0,0,0,0,0,0
6570941,18,0,2,0,0,0,0,0,0,0,0,0
6574585,19,0,2,0,0,0,0,0,0,0,0,0
6578229,20,0,2,0,0,0,0,0,0,0,0,0
6581873,21,0,2,0,0,0,0,0,0,0,0,0
6585517,22,0,2,0,0,0,0,0,0,0,0,0
6589161,23,0,2,0,0,0,0,0,0,0,0,0
6592805,24,0,2,0,0,0,0,0,0,0,0,0
6596449,25,0,2,0,0,0,0,0,0,0,0,0
6600093,26,0,2,0,0,0,0,0,0,0,0,0
6603737,27,0,2,0,0,0,0,0,0,0,0,0
6607381,28,0,2,0,0,0,0,0,0,0,0,0
6611025,29,0,2,0,0,0,0,0,0,0,0,0
6614669,30,0,2,0,0,0,0,0,0,0,0,0
6618314,31,0,2,0,0,0,0,0,0,0,0,0
6621957,32,0,2,0,0,0,0,0,0,0,0,0
6625601,33,0,2,0,0,0,0,0,0,0,0,0
6629245,34,0,2,0,0,0,0,0,0,0,0,0
6632889,35,0,2,0,0,0,0,0,0,0,0,0
6636533,36,0,2,0,0,0,0,0,0,0,0,0
6640177,37,0,2,0,0,0,0,0,0,0,0,0
6643821,38,0,2,0,0,0,0,0,0,0,0,0
6647465,39,0,2,0,0,0,0,0,0,0,0,0
6651109,40,0,2,0,0,0,0,0,0,0,0,0
6654754,41,0,2,0,0,0,0,0,0,0,0,0
6658397,42,0,2,0,0,0,0,0,0,0,0,0
6662041,43,0,2,0,0,0,0,0,0,0,0,0
6665685,44,0,2,0,0,0,0,0,0,0,0,0
6669329,45,0,2,0,0,0,0,0,0,0,0,0
6672973,46,0,2,0,0,0,0,0,0,0,0,0
6676617,47,0,2,0,0,0,0,0,0,0,0,0
6680261,48,0,2,0,0,0,0,0,0,0,0,0
6683905,49,0,2,0,0,0,0,0,0,0,0,0
6687549,50,0,2,0,0,0,0,0,0,0,0,0
6691194,51,0,2,0,0,0,0,0,0,0,0,0
6694837,52,0,2,0,0,0,0,0,0,0,0,0
6698481,53,0,2,0,0,0,0,0,0,0,0,0
6702125,54,0,2,0,0,0,0,0,0,0,0,0
6705769,55,0,2,0,0,0,0,0,0,0,0,0
6709413,56,0,2,0,0,0,0,0,0,0,0,0
6713057,57,0,2,0,0,0,0,0,0,0,0,0
6716701,58,0,2,0,0,0,0,0,0,0,0,0
6720345,59,0,2,0,0,0,0,0,0,0,0,0
6723989,60,0,2,0,0,0,0,0,0,0,0,0
6727634,61,0,2,0,0,0,0,0,0,0,0,0
6731277,62,0,2,0,0,0,0,0,0,0,0,0
6734921,63,0,2,0,0,0,0,0,0,0,0,0
6738565,64,0,2,0,0,0,0,0,0,0,0,0
6742209,65,0,2,0,0,0,0,0,0,0,0,0
6745853,66,0,2,0,0,0,0,0,0,0,0,0
6749497,67,0,2,0,0,0,0,0,0,0,0,0
6753141,68,0,2,0,0,0,0,0,0,0,0,0
6756785,69,0,2,0,0,0,0,0,0,0,0,0
6760429,70,0,2,0,0,0,0,0,0,0,0,0
6764073,71,0,2,0,0,0,0,0,0,0,0,0
6767717,72,0,2,0,0,0,0,0,0,0,0,0
6771361,73,0,2,0,0,0,0,0,0,0,0,0
6775005,74,0,2,0,0,0,0,0,0,0,0,0
6778649,75,0,2,0,0,0,0,0,0,0,0,0
6782293,76,0,2,0,0,0,0,0,0,0,0,0
6785937,77,0,2,0,0,0,0,0,0,0,0,0
6789581,78,0,2,0,0,0,0,0,0,0,0,0
6793225,79,0,2,0,0,0,0,0,0,0,0,0
6796869,80,0,2,0,0,0,0,0,0,0,0,0
6800513,81,0,2,0,0,0,0,0,0,0,0,0
6804157,82,0,2,0,0,0,0,0,0,0,0,0
6807801,83,0,2,0,0,0,0,0,0,0,0,0
6811445,84,0,2,0,0,0,0,0,0,0,0,0
6815089,85,0,2,0,0,0,0,0,0,0,0,0
6818733,86,0,2,0,0,0,0,0,0,0,0,0
6822377,87,0,2,0,0,0,0,0,0,0,0,0
6826021,88,0,2,0,0,0,0,0,0,0,0,0
6829665,89,0,2,0,0,0,0,0,0,0,0,0
6833309,90,0,2,0,0,0,0,0,0,0,0,0
6836954,91,0,2,0,0,0,0,0,0,0,0,0
6840597,92,0,2,0,0,0,0,0,0,0,0,0
6844241,93,0,2,0,0,0,0,0,0,0,0,0
6847885,94,0,2,0,0,0,0,0,0,0,0,0
6851529,95,0,2,0,0,0,0,0,0,0,0,0
6855173,96,0,2,0,0,0,0,0,0,0,0,0
6858817,97,0,2,0,0,0,0,0,0,0,0,0
6862461,98,0,2,0,0,0,0,0,0,0,0,0
6866106,99,0,2,0,0,0,0,0,0,0,0,0
6869749,100,0,2,0,0,0,0,0,0,0,0,0
6873394,101,0,2,0,0,0,0,0,0,0,0,0
6877037,102,0,2,0,0,0,0,0,0,0,0,0
6880681,103,0,2,0,0,0,0,0,0,0,0,0
6884325,104,0,2,0,0,0,0,0,0,0,0,0
6887969,105,0,2,0,0,0,0,0,0,0,0,0
6891613,106,0,2,0,0,0,0,0,0,0,0,0
6895257,107,0,2,0,0,0,0,0,0,0,0,0
6898901,108,0,2,0,0,0,0,0,0,0,0,0
6902545,109,0,2,0,0,0,0,0,0,0,0,0
6906189,110,0,2,0,0,0,0,0,0,0,0,0
6909834,111,0,2,0,0,0,0,0,0,0,0,0
6913477,112,0,2,0,0,0,0,0,0,0,0,0
6917121,113,0,2,0,0,0,0,0,0,0,0,0
6920765,114,0,2,0,0,0,0,0,0,0,0,0
6924409,115,0,2,0,0,0,0,0,0,0,0,0
6928053,116,0,2,0,0,0,0,0,0,0,0,0
6931697,117,0,2,0,0,0,0,0,0,0,0,0
6935341,118,0,2,0,0,0,0,0,0,0,0,0
6938985,119,0,2,0,0,0,0,0,0,0,0,0
6942629,120,0,2,0,0,0,0,0,0,0,0,0
6946274,121,0,2,0,0,0,0,0,0,0,0,0
6949917,122,0,2,0,0,0,0,0,0,0,0,0
6953561,123,0,2,0,0,0,0,0,0,0,0,0
6957205,124,0,2,0,0,0,0,0,0,0,0,0
6960849,125,0,2,0,0,0,0,0,0,0,0,0
6964493,126,0,2,0,0,0,0,0,0,0,0,0
6968137,127,0,2,0,0,0,0,0,0,0,0,0
6971781,128,0,2,0,0,0,0,0,0,0,0,0
6975425,129,0,2,0,0,0,0,0,0,0,0,0
6979070,130,0,2,0,0,0,0,0,0,0,0,0
6982713,131,0,2,0,0,0,0,0,0,0,0,0
6986357,132,0,2,0,0,0,0,0,0,0,0,0
6990001,133,0,2,0,0,0,0,0,0,0,0,0
6993645,134,0,2,0,0,0,0,0,0,0,0,0
6997289,135,0,2,0,0,0,0,0,0,0,0,0
7000933,136,0,2,0,0,0,0,0,0,0,0,0
7004577,137,0,2,0,0,0,0,0,0,0,0,0
7008221,138,0,2,0,0,0,0,0,0,0,0,0
7011865,139,0,2,0,0,0,0,0,0,0,0,0
7015509,140,0,2,0,0,0,0,0,0,0,0,0
7019153,141,0,2,0,0,0,0,0,0,0,0,0
7022797,142,0,2,0,0,0,0,0,0,0,0,0
7026441,143,0,2,0,0,0,0,0,0,0,0,0
7030085,144,0,2,0,0,0,0,0,0,0,0,0
7033729,145,0,2,0,0,0,0,0,0,0,0,0
7037373,146,0,2,0,0,0,0,0,0,0,0,0
7041017,147,0,2,0,0,0,0,0,0,0,0,0
7044661,148,0,2,0,0,0,0,0,0,0,0,0
7048305,149,0,2,0,0,0,0,0,0,0,0,0
7051949,150,0,2,0,0,0,0,0,0,0,0,0
7055593,151,0,2,0,0,0,0,0,0,0,0,0
7059237,152,0,2,0,0,0,0,0,0,0,0,0
7062881,153,0,2,0,0,0,0,0,0,0,0,0
7066525,154,0,2,0,0,0,0,0,0,0,0,0
7070169,155,0,2,0,0,0,0,0,0,0,0,0
7073813,156,0,2,0,0,0,0,0,0,0,0,0
7077457,157,0,2,0,0,0,0,0,0,0,0,0
7081101,158,0,2,0,0,0,0,0,0,0,0,0
7084745,159,0,2,0,0,0,0,0,0,0,0,0
7088389,160,0,2,0,0,0,0,0,0,0,0,0
7092034,161,0,2,0,0,0,0,0,0,0,0,0
7095677,162,0,2,0,0,0,0,0,0,0,0,0
7099321,163,0,2,0,0,0,0,0,0,0,0,0
7102965,164,0,2,0,0,0,0,0,0,0,0,0
7106609,165,0,2,0,0,0,0,0,0,0,0,0
7110253,166,0,2,0,0,0,0,0,0,0,0,0
7113897,167,0,2,0,0,0,0,0,0,0,0,0
7117541,168,0,2,0,0,0,0,0,0,0,0,0
7121185,169,0,2,0,0,0,0,0,0,0,0,0
7124829,170,0,2,0,0,0,0,0,0,0,0,0
7128474,171,0,2,0,0,0,0,0,0,0,0,0
7132117,172,0,2,0,0,0,0,0,0,0,0,0
7135761,173,0,2,0,0,0,0,0,0,0,0,0
7139405,174,0,2,0,0,0,0,0,0,0,0,0
7143049,175,0,2,0,0,0,0,0,0,0,0,0
7146693,176,0,2,0,0,0,0,0,0,0,0,0
7150337,177,0,2,0,0,0,0,0,0,0,0,0
7153981,178,0,2,0,0,0,0,0,0,0,0,0
7157625,179,0,2,0,0,0,0,0,0,0,0,0
7161269,180,0,2,0,0,0,0,0,0,0,0,0
7164914,181,0,2,0,0,0,0,0,0,0,0,0
7168557,182,0,2,0,0,0,0,0,0,0,0,0
7172201,183,0,2,0,0,0,0,0,0,0,0,0
7175845,184,0,2,0,0,0,0,0,0,0,0,0
7179489,185,0,2,0,0,0,0,0,0,0,0,0
7183133,186,0,2,0,0,0,0,0,0,0,0,0
7186777,187,0,2,0,0,0,0,0,0,0,0,0
7190421,188,0,2,0,0,0,0,0,0,0,0,0
7194065,189,0,2,0,0,0,0,0,0,0,0,0
7197709,190,0,2,0,0,0,0,0,0,0,0,0
7201354,191,0,2,0,0,0,0,0,0,0,0,0
7204997,192,0,2,0,0,0,0,0,0,0,0,0
7208641,193,0,2,0,0,0,0,0,0,0,0,0
7212285,194,0,2,0,0,0,0,0,0,0,0,0
7215929,195,0,2,0,0,0,0,0,0,0,0,0
7219573,196,0,2,0,0,0,0,0,0,0,0,0
7223217,197,0,2,0,0,0,0,0,0,0,0,0
7226861,198,0,2,0,0,0,0,0,0,0,0,0
7230505,199,0,2,0,0,0,0,0,0,0,0,0
7234149,200,0,2,0,0,0,0,0,0,0,0,0
7237793,201,0,2,0,0,0,0,0,0,0,0,0
7241437,202,0,2,0,0,0,0,0,0,0,0,0
7245081,203,0,2,0,0,0,0,0,0,0,0,0
7248725,204,0,2,0,0,0,0,0,0,0,0,0
7252369,205,0,2,0,0,0,0,0,0,0,0,0
7256014,206,0,2,0,0,0,0,0,0,0,0,0
7259657,207,0,2,0,0,0,0,0,0,0,0,0
7263301,208,0,2,0,0,0,0,0,0,0,0,0
7266945,209,0,2,0,0,0,0,0,0,0,0,0
7270589,210,0,2,0,0,0,0,0,0,0,0,0
7274234,211,0,2,0,0,0,0,0,0,0,0,0
7277877,212,0,2,0,0,0,0,0,0,0,0,0
7281521,213,0,2,0,0,0,0,0,0,0,0,0
7285165,214,0,2,0,0,0,0,0,0,0,0,0
7288809,215,0,2,0,0,0,0,0,0,0,0,0
7292453,216,0,2,0,0,0,0,0,0,0,0,0
7296097,217,0,2,0,0,0,0,0,0,0,0,0
7299741,218,0,2,0,0,0,0,0,0,0,0,0
7303385,219,0,2,0,0,0,0,0,0,0,0,0
7307029,220,0,2,0,0,0,0,0,0,0,0,0
7310674,221,0,2,0,0,0,0,0,0,0,0,0
7314317,222,0,2,0,0,0,0,0,0,0,0,0
7317961,223,0,2,0,0,0,0,0,0,0,0,0
7321605,224,0,2,0,0,0,0,0,0,0,0,0
7325249,225,0,2,0,0,0,0,0,0,0,0,0
7328893,226,0,2,0,0,0,0,0,0,0,0,0
7332537,227,0,2,0,0,0,0,0,0,0,0,0
7344847,228,0,2,0,0,0,0,0,0,0,0,0
7348479,229,0,2,0,0,0,0,0,0,0,0,0
7352123,230,0,2,0,0,0,0,0,0,0,0,0
7355767,231,0,2,0,0,0,0,0,0,0,0,0
7359411,232,0,2,0,0,0,0,0,0,0,0,0
7363055,233,0,2,0,0,0,0,0,0,0,0,0
7366699,234,0,2,0,0,0,0,0,0,0,0,0
7370343,235,0,2,0,0,0,0,0,0,0,0,0
7373987,236,0,2,0,0,0,0,0,0,0,0,0
7377631,237,0,2,0,0,0,0,0,0,0,0,0
7381275,238,0,2,0,0,0,0,0,0,0,0,0
7384919,239,0,2,0,0,0,0,0,0,0,0,0
7388563,240,0,2,0,0,0,0,0,0,0,0,0
7392208,241,0,2,0,0,0,0,0,0,0,0,0
7395851,242,0,2,0,0,0,0,0,0,0,0,0
7399495,243,0,2,0,0,0,0,0,0,0,0,0
7403139,244,0,2,0,0,0,0,0,0,0,0,0
7406783,245,0,2,0,0,0,0,0,0,0,0,0
7410427,246,0,2,0,0,0,0,0,0,0,0,0
7414071,247,0,2,0,0,0,0,0,0,0,0,0
7417715,248,0,2,0,0,0,0,0,0,0,0,0
7421359,249,0,2,0,0,0,0,0,0,0,0,0
7425003,250,0,2,0,0,0,0,0,0,0,0,0
7428648,251,0,2,0,0,0,0,0,0,0,0,0
7432291,252,0,2,0,0,0,0,0,0,0,0,0
7435935,253,0,2,0,0,0,0,0,0,0,0,0
7439579,254,0,2,0,0,0,0,0,0,0,0,0
7443223,255,0,2,0,0,0,0,0,0,0,0,0
7446867,256,0,2,0,0,0,0,0,0,0,0,0
7450511,257,0,2,0,0,0,0,0,0,0,0,0
7454155,258,0,2,0,0,0,0,0,0,0,0,0
7457799,259,0,2,0,0,0,0,0,0,0,0,0
7461443,260,0,2,0,0,0,0,0,0,0,0,0
7465088,261,0,2,0,0,0,0,0,0,0,0,0
7468731,262,0,2,0,0,0,0,0,0,0,0,0
7472375,263,0,2,0,0,0,0,0,0,0,0,0
7476019,264,0,2,0,0,0,0,0,0,0,0,0
7479663,265,0,2,0,0,0,0,0,0,0,0,0
7483307,266,0,2,0,0,0,0,0,0,0,0,0
7486951,267,0,2,0,0,0,0,0,0,0,0,0
7490595,268,0,2,0,0,0,0,0,0,0,0,0
7494239,269,0,2,0,0,0,0,0,0,0,0,0
7497883,270,0,2,0,0,0,0,0,0,0,0,0
7501528,271,0,2,0,0,0,0,0,0,0,0,0
7505171,272,0,2,0,0,0,0,0,0,0,0,0
7508815,273,0,2,0,0,0,0,0,0,0,0,0
7512459,274,0,2,0,0,0,0,0,0,0,0,0
7516103,275,0,2,0,0,0,0,0,0,0,0,0
7519747,276,0,2,0,0,0,0,0,0,0,0,0
7523391,277,0,2,0,0,0,0,0,0,0,0,0
7527035,278,0,2,0,0,0,0,0,0,0,0,0
7530679,279,0,2,0,0,0,0,0,0,0,0,0
7534323,280,0,2,0,0,0,0,0,0,0,0,0
7537968,281,0,2,0,0,0,0,0,0,0,0,0
7541611,282,0,2,0,0,0,0,0,0,0,0,0
7545255,283,0,2,0,0,0,0,0,0,0,0,0
7548899,284,0,2,0,0,0,0,0,0,0,0,0
7552543,285,0,2,0,0,0,0,0,0,0,0,0
7556187,286,0,2,0,0,0,0,0,0,0,0,0
7559831,287,0,2,0,0,0,0,0,0,0,0,0
7563475,288,0,2,0,0,0,0,0,0,0,0,0
7567119,289,0,2,0,0,0,0,0,0,0,0,0
7570763,290,0,2,0,0,0,0,0,0,0,0,0
7574408,291,0,2,0,0,0,0,0,0,0,0,0
7578051,292,0,2,0,0,0,0,0,0,0,0,0
7581695,293,0,2,0,0,0,0,0,0,0,0,0
7585339,294,0,2,0,0,0,0,0,0,0,0,0
7588983,295,0,2,0,0,0,0,0,0,0,0,0
7592627,296,0,2,0,0,0,0,0,0,0,0,0
7596271,297,0,2,0,0,0,0,0,0,0,0,0
7599915,298,0,2,0,0,0,0,0,0,0,0,0
7603559,299,0,2,0,0,0,0,0,0,0,0,0
7607203,300,0,2,0,0,0,0,0,0,0,0,0
7610848,301,0,2,0,0,0,0,0,0,0,0,0
7614491,302,0,2,0,0,0,0,0,0,0,0,0
7618135,303,0,2,0,0,0,0,0,0,0,0,0
7621779,304,0,2,0,0,0,0,0,0,0,0,0
7625423,305,0,2,0,0,0,0,0,0,0,0,0
7629067,306,0,2,0,0,0,0,0,0,0,0,0
7632711,307,0,2,0,0,0,0,0,0,0,0,0
7636355,308,0,2,0,0,0,0,0,0,0,0,0
7639999,309,0,2,0,0,0,0,0,0,0,0,0
7643643,310,0,2,0,0,0,0,0,0,0,0,0
7647287,311,0,2,0,0,0,0,0,0,0,0,0
7650931,312,0,2,0,0,0,0,0,0,0,0,0
7654575,313,0,2,0,0,0,0,0,0,0,0,0
7658219,314,0,2,0,0,0,0,0,0,0,0,0
7661863,315,0,2,0,0,0,0,0,0,0,0,0
7665507,316,0,2,0,0,0,0,0,0,0,0,0
7669151,317,0,2,0,0,0,0,0,0,0,0,0
7672795,318,0,2,0,0,0,0,0,0,0,0,0
7676439,319,0,2,0,0,0,0,0,0,0,0,0
7680083,320,0,2,0,0,0,0,0,0,0,0,0
7683728,321,0,2,0,0,0,0,0,0,0,0,0
7687371,322,0,2,0,0,0,0,0,0,0,0,0
7691015,323,0,2,0,0,0,0,0,0,0,0,0
7694659,324,0,2,0,0,0,0,0,0,0,0,0
7698303,325,0,2,0,0,0,0,0,0,0,0,0
7701947,326,0,2,0,0,0,0,0,0,0,0,0
7705591,327,0,2,0,0,0,0,0,0,0,0,0
7709235,328,0,2,0,0,0,0,0,0,0,0,0
7712879,329,0,2,0,0,0,0,0,0,0,0,0
7716523,330,0,2,0,0,0,0,0,0,0,0,0
7720168,331,0,2,0,0,0,0,0,0,0,0,0
7723811,332,0,2,0,0,0,0,0,0,0,0,0
7727455,333,0,2,0,0,0,0,0,0,0,0,0
7731099,334,0,2,0,0,0,0,0,0,0,0,0
7734743,335,0,2,0,0,0,0,0,0,0,0,0
7738387,336,0,2,0,0,0,0,0,0,0,0,0
7742031,337,0,2,0,0,0,0,0,0,0,0,0
7745675,338,0,2,0,0,0,0,0,0,0,0,0
7749319,339,0,2,0,0,0,0,0,0,0,0,0
7752963,340,0,2,0,0,0,0,0,0,0,0,0
7756607,341,0,2,0,0,0,0,0,0,0,0,0
7760251,342,0,2,0,0,0,0,0,0,0,0,0
7763895,343,0,2,0,0,0,0,0,0,0,0,0
7767539,344,0,2,0,0,0,0,0,0,0,0,0
7771183,345,0,2,0,0,0,0,0,0,0,0,0
7774827,346,0,2,0,0,0,0,0,0,0,0,0
7778471,347,0,2,0,0,0,0,0,0,0,0,0
7782115,348,0,2,0,0,0,0,0,0,0,0,0
7785759,349,0,2,0,0,0,0,0,0,0,0,0
7789403,350,0,2,0,0,0,0,0,0,0,0,0
7793048,351,0,2,0,0,0,0,0,0,0,0,0
7796691,352,0,2,0,0,0,0,0,0,0,0,0
7800335,353,0,2,0,0,0,0,0,0,0,0,0
7803979,354,0,2,0,0,0,0,0,0,0,0,0
7807623,355,0,2,0,0,0,0,0,0,0,0,0
7811267,356,0,2,0,0,0,0,0,0,0,0,0
7814911,357,0,2,0,0,0,0,0,0,0,0,0
7818555,358,0,2,0,0,0,0,0,0,0,0,0
7822199,359,0,2,0,0,0,0,0,0,0,0,0
7825843,360,0,2,0,0,0,0,0,0,0,0,0
7829488,361,0,2,0,0,0,0,0,0,0,0,0
7833131,362,0,2,0,0,0,0,0,0,0,0,0
7836775,363,0,2,0,0,0,0,0,0,0,0,0
7840419,364,0,2,0,0,0,0,0,0,0,0,0
7844064,365,0,2,0,0,0,0,0,0,0,0,0
7847707,366,0,2,0,0,0,0,0,0,0,0,0
7851351,367,0,2,0,0,0,0,0,0,0,0,0
7854995,368,0,2,0,0,0,0,0,0,0,0,0
7858639,369,0,2,0,0,0,0,0,0,0,0,0
7862283,370,0,2,0,0,0,0,0,0,0,0,0
7865928,371,0,2,0,0,0,0,0,0,0,0,0
7869571,372,0,2,0,0,0,0,0,0,0,0,0
7873215,373,0,2,0,0,0,0,0,0,0,0,0
7876859,374,0,2,0,0,0,0,0,0,0,0,0
7880503,375,0,2,0,0,0,0,0,0,0,0,0
7884147,376,0,2,0,0,0,0,0,0,0,0,0
7887791,377,0,2,0,0,0,0,0,0,0,0,0
7891435,378,0,2,0,0,0,0,0,0,0,0,0
7895079,379,0,2,0,0,0,0,0,0,0,0,0
7898723,380,0,2,0,0,0,0,0,0,0,0,0
7902368,381,0,2,0,0,0,0,0,0,0,0,0
7906011,382,0,2,0,0,0,0,0,0,0,0,0
7909655,383,0,2,0,0,0,0,0,0,0,0,0
7913299,384,0,2,0,0,0,0,0,0,0,0,0
7916943,385,0,2,0,0,0,0,0,0,0,0,0
7920587,386,0,2,0,0,0,0,0,0,0,0,0
7924231,387,0,2,0,0,0,0,0,0,0,0,0
7927875,388,0,2,0,0,0,0,0,0,0,0,0
7931519,389,0,2,0,0,0,0,0,0,0,0,0
7935163,390,0,2,0,0,0,0,0,0,0,0,0
7938808,391,0,2,0,0,0,0,0,0,0,0,0
7942451,392,0,2,0,0,0,0,0,0,0,0,0
7946096,393,0,2,0,0,0,0,0,0,0,0,0
7949739,394,0,2,0,0,0,0,0,0,0,0,0
7953383,395,0,2,0,0,0,0,0,0,0,0,0
7957027,396,0,2,0,0,0,0,0,0,0,0,0
7960671,397,0,2,0,0,0,0,0,0,0,0,0
7964315,398,0,2,0,0,0,0,0,0,0,0,0
7967959,399,0,2,0,0,0,0,0,0,0,0,0
7971603,400,0,2,0,0,0,0,0,0,0,0,0
7975248,401,0,2,0,0,0,0,0,0,0,0,0
7978891,402,0,2,0,0,0,0,0,0,0,0,0
7982535,403,0,2,0,0,0,0,0,0,0,0,0
7986179,404,0,2,0,0,0,0,0,0,0,0,0
7989823,405,0,2,0,0,0,0,0,0,0,0,0
7993467,406,0,2,0,0,0,0,0,0,0,0,0
7997111,407,0,2,0,0,0,0,0,0,0,0,0
8000755,408,0,2,0,0,0,0,0,0,0,0,0
8004399,409,0,2,0,0,0,0,0,0,0,0,0
8008043,410,0,2,0,0,0,0,0,0,0,0,0
8011687,411,0,2,0,0,0,0,0,0,0,0,0
8015331,412,0,2,0,0,0,0,0,0,0,0,0
8018975,413,0,2,0,0,0,0,0,0,0,0,0
8022619,414,0,2,0,0,0,0,0,0,0,0,0
8026263,415,0,2,0,0,0,0,0,0,0,0,0
8029907,416,0,2,0,0,0,0,0,0,0,0,0
8033551,417,0,2,0,0,0,0,0,0,0,0,0
8037195,418,0,2,0,0,0,0,0,0,0,0,0
8040839,419,0,2,0,0,0,0,0,0,0,0,0
8044483,420,0,2,0,0,0,0,0,0,0,0,0
8048127,421,0,2,0,0,0,0,0,0,0,0,0
8051771,422,0,2,0,0,0,0,0,0,0,0,0
8055415,423,0,2,0,0,0,0,0,0,0,0,0
8059059,424,0,2,0,0,0,0,0,0,0,0,0
8062703,425,0,2,0,0,0,0,0,0,0,0,0
8066347,426,0,2,0,0,0,0,0,0,0,0,0
8069991,427,0,2,0,0,0,0,0,0,0,0,0
8073635,428,0,2,0,0,0,0,0,0,0,0,0
8077279,429,0,2,0,0,0,0,0,0,0,0,0
8080923,430,0,2,0,0,0,0,0,0,0,0,0
8084568,431,0,2,0,0,0,0,0,0,0,0,0
8088211,432,0,2,0,0,0,0,0,0,0,0,0
8091855,433,0,2,0,0,0,0,0,0,0,0,0
8095499,434,0,2,0,0,0,0,0,0,0,0,0
8099143,435,0,2,0,0,0,0,0,0,0,0,0
8102787,436,0,2,0,0,0,0,0,0,0,0,0
8106431,437,0,2,0,0,0,0,0,0,0,0,0
8110075,438,0,2,0,0,0,0,0,0,0,0,0
8113719,439,0,2,0,0,0,0,0,0,0,0,0
8117363,440,0,2,0,0,0,0,0,0,0,0,0
8121008,441,0,2,0,0,0,0,0,0,0,0,0
8124651,442,0,2,0,0,0,0,0,0,0,0,0
8128295,443,0,2,0,0,0,0,0,0,0,0,0
8131939,444,0,2,0,0,0,0,0,0,0,0,0
8135583,445,0,2,0,0,0,0,0,0,0,0,0
8139227,446,0,2,0,0,0,0,0,0,0,0,0
8142871,447,0,2,0,0,0,0,0,0,0,0,0
8146515,448,0,2,0,0,0,0,0,0,0,0,0
8150159,449,0,2,0,0,0,0,0,0,0,0,0
8153803,450,0,2,0,0,0,0,0,0,0,0,0
8157448,451,0,2,0,0,0,0,0,0,0,0,0
8161091,452,0,2,0,0,0,0,0,0,0,0,0
8164735,453,0,2,0,0,0,0,0,0,0,0,0
8168379,454,0,2,0,0,0,0,0,0,0,0,0
8188796,455,0,2,0,0,0,0,0,0,0,0,0
8192428,456,0,2,0,0,0,0,0,0,0,0,0
8196072,457,0,2,0,0,0,0,0,0,0,0,0
8199716,458,0,2,0,0,0,0,0,0,0,0,0
8203360,459,0,2,0,0,0,0,0,0,0,0,0
8207004,460,0,2,0,0,0,0,0,0,0,0,0
8210648,461,0,2,0,0,0,0,0,0,0,0,0
8214292,462,0,2,0,0,0,0,0,0,0,0,0
8217936,463,0,2,0,0,0,0,0,0,0,0,0
8221580,464,0,2,0,0,0,0,0,0,0,0,0
8225224,465,0,2,0,0,0,0,0,0,0,0,0
8228868,466,0,2,0,0,0,0,0,0,0,0,0
8232513,467,0,2,0,0,0,0,0,0,0,0,0
8236156,468,0,2,0,0,0,0,0,0,0,0,0
8239800,469,0,2,0,0,0,0,0,0,0,0,0
8243444,470,0,2,0,0,0,0,0,0,0,0,0
8247089,471,0,2,0,0,0,0,0,0,0,0,0
8250732,472,0,2,0,0,0,0,0,0,0,0,0
8254376,473,0,2,0,0,0,0,0,0,0,0,0
8258020,474,0,2,0,0,0,0,0,0,0,0,0
8261664,475,0,2,0,0,0,0,0,0,0,0,0
8265308,476,0,2,0,0,0,0,0,0,0,0,0
8268952,477,0,2,0,0,0,0,0,0,0,0,0
8272596,478,0,2,0,0,0,0,0,0,0,0,0
8276240,479,0,2,0,0,0,0,0,0,0,0,0
8279884,480,0,2,0,0,0,0,0,0,0,0,0
8283528,481,0,2,0,0,0,0,0,0,0,0,0
8287172,482,0,2,0,0,0,0,0,0,0,0,0
8290816,483,0,2,0,0,0,0,0,0,0,0,0
8294460,484,0,2,0,0,0,0,0,0,0,0,0
8298104,485,0,2,0,0,0,0,0,0,0,0,0
8301748,486,0,2,0,0,0,0,0,0,0,0,0
8305392,487,0,2,0,0,0,0,0,0,0,0,0
8309036,488,0,2,0,0,0,0,0,0,0,0,0
8312680,489,0,2,0,0,0,0,0,0,0,0,0
8316324,490,0,2,0,0,0,0,0,0,0,0,0
8319969,491,0,2,0,0,0,0,0,0,0,0,0
8323612,492,0,2,0,0,0,0,0,0,0,0,0
8327256,493,0,2,0,0,0,0,0,0,0,0,0
8330900,494,0,2,0,0,0,0,0,0,0,0,0
8334544,495,0,2,0,0,0,0,0,0,0,0,0
8338188,496,0,2,0,0,0,0,0,0,0,0,0
8341832,497,0,2,0,0,0,0,0,0,0,0,0
8345476,498,0,2,0,0,0,0,0,0,0,0,0
8349120,499,0,2,0,0,0,0,0,0,0,0,0
8352764,500,0,2,0,0,0,0,0,0,0,0,0
8356408,501,0,2,0,0,0,0,0,0,0,0,0
8360052,502,0,2,0,0,0,0,0,0,0,0,0
8363696,503,0,2,0,0,0,0,0,0,0,0,0
8367340,504,0,2,0,0,0,0,0,0,0,0,0
8370984,505,0,2,0,0,0,0,0,0,0,0,0
8374628,506,0,2,0,0,0,0,0,0,0,0,0
8378272,507,0,2,0,0,0,0,0,0,0,0,0
8381916,508,0,2,0,0,0,0,0,0,0,0,0
8385560,509,0,2,0,0,0,0,0,0,0,0,0
8389204,510,0,2,0,0,0,0,0,0,0,0,0
8392849,511,0,2,0,0,0,0,0,0,0,0,0
8396492,512,0,2,0,0,0,0,0,0,0,0,0
8400136,513,0,2,0,0,0,0,0,0,0,0,0
8403780,514,0,2,0,0,0,0,0,0,0,0,0
8407424,515,0,2,0,0,0,0,0,0,0,0,0
8411068,516,0,2,0,0,0,0,0,0,0,0,0
8414712,517,0,2,0,0,0,0,0,0,0,0,0
8418356,518,0,2,0,0,0,0,0,0,0,0,0
8422000,519,0,2,0,0,0,0,0,0,0,0,0
8425644,520,0,2,0,0,0,0,0,0,0,0,0
8429289,521,0,2,0,0,0,0,0,0,0,0,0
8432932,522,0,2,0,0,0,0,0,0,0,0,0
8436576,523,0,2,0,0,0,0,0,0,0,0,0
8440220,524,0,2,0,0,0,0,0,0,0,0,0
8443864,525,0,2,0,0,0,0,0,0,0,0,0
8447508,526,0,2,0,0,0,0,0,0,0,0,0
8451152,527,0,2,0,0,0,0,0,0,0,0,0
8454796,528,0,2,0,0,0,0,0,0,0,0,0
8458440,529,0,2,0,0,0,0,0,0,0,0,0
8462084,530,0,2,0,0,0,0,0,0,0,0,0
8465729,531,0,2,0,0,0,0,0,0,0,0,0
8469372,532,0,2,0,0,0,0,0,0,0,0,0
8473016,533,0,2,0,0,0,0,0,0,0,0,0
8476660,534,0,2,0,0,0,0,0,0,0,0,0
8480304,535,0,2,0,0,0,0,0,0,0,0,0
8483948,536,0,2,0,0,0,0,0,0,0,0,0
8487592,537,0,2,0,0,0,0,0,0,0,0,0
8491236,538,0,2,0,0,0,0,0,0,0,0,0
8494880,539,0,2,0,0,0,0,0,0,0,0,0
8498524,540,0,2,0,0,0,0,0,0,0,0,0
8502168,541,0,2,0,0,0,0,0,0,0,0,0
8505812,542,0,2,0,0,0,0,0,0,0,0,0
8509456,543,0,2,0,0,0,0,0,0,0,0,0
8513100,544,0,2,0,0,0,0,0,0,0,0,0
8516744,545,0,2,0,0,0,0,0,0,0,0,0
8520388,546,0,2,0,0,0,0,0,0,0,0,0
8524032,547,0,2,0,0,0,0,0,0,0,0,0
8527676,548,0,2,0,0,0,0,0,0,0,0,0
8531320,549,0,2,0,0,0,0,0,0,0,0,0
8534964,550,0,2,0,0,0,0,0,0,0,0,0
8538608,551,0,2,0,0,0,0,0,0,0,0,0
8542252,552,0,2,0,0,0,0,0,0,0,0,0
8545896,553,0,2,0,0,0,0,0,0,0,0,0
8549540,554,0,2,0,0,0,0,0,0,0,0,0
8553184,555,0,2,0,0,0,0,0,0,0,0,0
8556828,556,0,2,0,0,0,0,0,0,0,0,0
8560472,557,0,2,0,0,0,0,0,0,0,0,0
8564116,558,0,2,0,0,0,0,0,0,0,0,0
8567760,559,0,2,0,0,0,0,0,0,0,0,0
8571404,560,0,2,0,0,0,0,0,0,0,0,0
8575049,561,0,2,0,0,0,0,0,0,0,0,0
8578692,562,0,2,0,0,0,0,0,0,0,0,0
8582336,563,0,2,0,0,0,0,0,0,0,0,0
8585980,564,0,2,0,0,0,0,0,0,0,0,0
8589624,565,0,2,0,0,0,0,0,0,0,0,0
8593268,566,0,2,0,0,0,0,0,0,0,0,0
8596912,567,0,2,0,0,0,0,0,0,0,0,0
8600556,568,0,2,0,0,0,0,0,0,0,0,0
8604200,569,0,2,0,0,0,0,0,0,0,0,0
8607844,570,0,2,0,0,0,0,0,0,0,0,0
8611489,571,0,2,0,0,0,0,0,0,0,0,0
8615132,572,0,2,0,0,0,0,0,0,0,0,0
8618776,573,0,2,0,0,0,0,0,0,0,0,0
8622420,574,0,2,0,0,0,0,0,0,0,0,0
8626064,575,0,2,0,0,0,0,0,0,0,0,0
8629708,576,0,2,0,0,0,0,0,0,0,0,0
8633352,577,0,2,0,0,0,0,0,0,0,0,0
8636996,578,0,2,0,0,0,0,0,0,0,0,0
8640640,579,0,2,0,0,0,0,0,0,0,0,0
8644284,580,0,2,0,0,0,0,0,0,0,0,0
8647929,581,0,2,0,0,0,0,0,0,0,0,0
8651572,582,0,2,0,0,0,0,0,0,0,0,0
8655216,583,0,2,0,0,0,0,0,0,0,0,0
8658860,584,0,2,0,0,0,0,0,0,0,0,0
8662504,585,0,2,0,0,0,0,0,0,0,0,0
8666148,586,0,2,0,0,0,0,0,0,0,0,0
8669792,587,0,2,0,0,0,0,0,0,0,0,0
8673436,588,0,2,0,0,0,0,0,0,0,0,0
8677080,589,0,2,0,0,0,0,0,0,0,0,0
8680724,590,0,2,0,0,0,0,0,0,0,0,0
8684369,591,0,2,0,0,0,0,0,0,0,0,0
8688012,592,0,2,0,0,0,0,0,0,0,0,0
8691656,593,0,2,0,0,0,0,0,0,0,0,0
8695300,594,0,2,0,0,0,0,0,0,0,0,0
8698944,595,0,2,0,0,0,0,0,0,0,0,0
8702588,596,0,2,0,0,0,0,0,0,0,0,0
8706232,597,0,2,0,0,0,0,0,0,0,0,0
8709876,598,0,2,0,0,0,0,0,0,0,0,0
8713520,599,0,2,0,0,0,0,0,0,0,0,0
8717164,600,0,2,0,0,0,0,0,0,0,0,0
8720808,601,0,2,0,0,0,0,0,0,0,0,0
8724452,602,0,2,0,0,0,0,0,0,0,0,0
8728096,603,0,2,0,0,0,0,0,0,0,0,0
8731740,604,0,2,0,0,0,0,0,0,0,0,0
8735384,605,0,2,0,0,0,0,0,0,0,0,0
8739028,606,0,2,0,0,0,0,0,0,0,0,0
8742672,607,0,2,0,0,0,0,0,0,0,0,0
8746316,608,0,2,0,0,0,0,0,0,0,0,0
8749960,609,0,2,0,0,0,0,0,0,0,0,0
8753604,610,0,2,0,0,0,0,0,0,0,0,0
8757249,611,0,2,0,0,0,0,0,0,0,0,0
8760892,612,0,2,0,0,0,0,0,0,0,0,0
8764536,613,0,2,0,0,0,0,0,0,0,0,0
8768180,614,0,2,0,0,0,0,0,0,0,0,0
8771824,615,0,2,0,0,0,0,0,0,0,0,0
8775468,616,0,2,0,0,0,0,0,0,0,0,0
8779112,617,0,2,0,0,0,0,0,0,0,0,0
8782756,618,0,2,0,0,0,0,0,0,0,0,0
8786400,619,0,2,0,0,0,0,0,0,0,0,0
8790044,620,0,2,0,0,0,0,0,0,0,0,0
8793688,621,0,2,0,0,0,0,0,0,0,0,0
8797332,622,0,2,0,0,0,0,0,0,0,0,0
8800976,623,0,2,0,0,0,0,0,0,0,0,0
8804620,624,0,2,0,0,0,0,0,0,0,0,0
8808264,625,0,2,0,0,0,0,0,0,0,0,0
8811908,626,0,2,0,0,0,0,0,0,0,0,0
8815552,627,0,2,0,0,0,0,0,0,0,0,0
8819196,628,0,2,0,0,0,0,0,0,0,0,0
8822840,629,0,2,0,0,0,0,0,0,0,0,0
8826484,630,0,2,0,0,0,0,0,0,0,0,0
8830129,631,0,2,0,0,0,0,0,0,0,0,0
8833772,632,0,2,0,0,0,0,0,0,0,0,0
8837416,633,0,2,0,0,0,0,0,0,0,0,0
8841060,634,0,2,0,0,0,0,0,0,0,0,0
8844704,635,0,2,0,0,0,0,0,0,0,0,0
8848348,636,0,2,0,0,0,0,0,0,0,0,0
8851992,637,0,2,0,0,0,0,0,0,0,0,0
8855636,638,0,2,0,0,0,0,0,0,0,0,0
8859280,639,0,2,0,0,0,0,0,0,0,0,0
8862924,640,0,2,0,0,0,0,0,0,0,0,0
8866568,641,0,2,0,0,0,0,0,0,0,0,0
8870212,642,0,2,0,0,0,0,0,0,0,0,0
8873856,643,0,2,0,0,0,0,0,0,0,0,0
8877500,644,0,2,0,0,0,0,0,0,0,0,0
8881144,645,0,2,0,0,0,0,0,0,0,0,0
8884788,646,0,2,0,0,0,0,0,0,0,0,0
8888432,647,0,2,0,0,0,0,0,0,0,0,0
8892076,648,0,2,0,0,0,0,0,0,0,0,0
8895720,649,0,2,0,0,0,0,0,0,0,0,0
8899364,650,0,2,0,0,0,0,0,0,0,0,0
8903009,651,0,2,0,0,0,0,0,0,0,0,0
8906652,652,0,2,0,0,0,0,0,0,0,0,0
8910296,653,0,2,0,0,0,0,0,0,0,0,0
8913940,654,0,2,0,0,0,0,0,0,0,0,0
8917584,655,0,2,0,0,0,0,0,0,0,0,0
8921228,656,0,2,0,0,0,0,0,0,0,0,0
8924872,657,0,2,0,0,0,0,0,0,0,0,0
8928516,658,0,2,0,0,0,0,0,0,0,0,0
8932160,659,0,2,0,0,0,0,0,0,0,0,0
8935804,660,0,2,0,0,0,0,0,0,0,0,0
8939448,661,0,2,0,0,0,0,0,0,0,0,0
8943093,662,0,2,0,0,0,0,0,0,0,0,0
8946736,663,0,2,0,0,0,0,0,0,0,0,0
8950380,664,0,2,0,0,0,0,0,0,0,0,0
8954024,665,0,2,0,0,0,0,0,0,0,0,0
8957668,666,0,2,0,0,0,0,0,0,0,0,0
8961312,667,0,2,0,0,0,0,0,0,0,0,0
8964956,668,0,2,0,0,0,0,0,0,0,0,0
8968600,669,0,2,0,0,0,0,0,0,0,0,0
8972244,670,0,2,0,0,0,0,0,0,0,0,0
8975888,671,0,2,0,0,0,0,0,0,0,0,0
8979532,672,0,2,0,0,0,0,0,0,0,0,0
8983176,673,0,2,0,0,0,0,0,0,0,0,0
8986820,674,0,2,0,0,0,0,0,0,0,0,0
8990464,675,0,2,0,0,0,0,0,0,0,0,0
8994108,676,0,2,0,0,0,0,0,0,0,0,0
8997752,677,0,2,0,0,0,0,0,0,0,0,0
9001396,678,0,2,0,0,0,0,0,0,0,0,0
9005040,679,0,2,0,0,0,0,0,0,0,0,0
9008684,680,0,2,0,0,0,0,0,0,0,0,0
9012328,681,0,2,0,0,0,0,0,0,0,0,0
9024835,682,0,2,0,0,0,0,0,0,0,0,0
9028467,683,0,2,0,0,0,0,0,0,0,0,0
9032111,684,0,2,0,0,0,0,0,0,0,0,0
9035755,685,0,2,0,0,0,0,0,0,0,0,0
9039399,686,0,2,0,0,0,0,0,0,0,0,0
9043043,687,0,2,0,0,0,0,0,0,0,0,0
9046687,688,0,2,0,0,0,0,0,0,0,0,0
9050331,689,0,2,0,0,0,0,0,0,0,0,0
9053975,690,0,2,0,0,0,0,0,0,0,0,0
9057620,691,0,2,0,0,0,0,0,0,0,0,0
9061263,692,0,2,0,0,0,0,0,0,0,0,0
9064907,693,0,2,0,0,0,0,0,0,0,0,0
9068551,694,0,2,0,0,0,0,0,0,0,0,0
9072195,695,0,2,0,0,0,0,0,0,0,0,0
9075839,696,0,2,0,0,0,0,0,0,0,0,0
9079483,697,0,2,0,0,0,0,0,0,0,0,0
9083127,698,0,2,0,0,0,0,0,0,0,0,0
9086771,699,0,2,0,0,0,0,0,0,0,0,0
9090415,700,0,2,0,0,0,0,0,0,0,0,0
9094060,701,0,2,0,0,0,0,0,0,0,0,0
9097703,702,0,2,0,0,0,0,0,0,0,0,0
9101347,703,0,2,0,0,0,0,0,0,0,0,0
9104991,704,0,2,0,0,0,0,0,0,0,0,0
9108635,705,0,2,0,0,0,0,0,0,0,0,0
9112279,706,0,2,0,0,0,0,0,0,0,0,0
9115923,707,0,2,0,0,0,0,0,0,0,0,0
9119567,708,0,2,0,0,0,0,0,0,0,0,0
9123211,709,0,2,0,0,0,0,0,0,0,0,0
9126855,710,0,2,0,0,0,0,0,0,0,0,0
9130499,711,0,2,0,0,0,0,0,0,0,0,0
9134143,712,0,2,0,0,0,0,0,0,0,0,0
9137787,713,0,2,0,0,0,0,0,0,0,0,0
9141431,714,0,2,0,0,0,0,0,0,0,0,0
9145075,715,0,2,0,0,0,0,0,0,0,0,0
9148719,716,0,2,0,0,0,0,0,0,0,0,0
9152363,717,0,2,0,0,0,0,0,0,0,0,0
9156007,718,0,2,0,0,0,0,0,0,0,0,0
9159651,719,0,2,0,0,0,0,0,0,0,0,0
9163295,720,0,2,0,0,0,0,0,0,0,0,0
9166940,721,0,2,0,0,0,0,0,0,0,0,0
9170583,722,0,2,0,0,0,0,0,0,0,0,0
9174227,723,0,2,0,0,0,0,0,0,0,0,0
9177871,724,0,2,0,0,0,0,0,0,0,0,0
9181515,725,0,2,0,0,0,0,0,0,0,0,0
9185159,726,0,2,0,0,0,0,0,0,0,0,0
9188803,727,0,2,0,0,0,0,0,0,0,0,0
9192447,728,0,2,0,0,0,0,0,0,0,0,0
9196091,729,0,2,0,0,0,0,0,0,0,0,0
9199735,730,0,2,0,0,0,0,0,0,0,0,0
9203380,731,0,2,0,0,0,0,0,0,0,0,0
9207023,732,0,2,0,0,0,0,0,0,0,0,0
9210667,733,0,2,0,0,0,0,0,0,0,0,0
9214311,734,0,2,0,0,0,0,0,0,0,0,0
9217955,735,0,2,0,0,0,0,0,0,0,0,0
9221599,736,0,2,0,0,0,0,0,0,0,0,0
9225243,737,0,2,0,0,0,0,0,0,0,0,0
9228887,738,0,2,0,0,0,0,0,0,0,0,0
9232531,739,0,2,0,0,0,0,0,0,0,0,0
9236175,740,0,2,0,0,0,0,0,0,0,0,0
9239819,741,0,2,0,0,0,0,0,0,0,0,0
9243463,742,0,2,0,0,0,0,0,0,0,0,0
9247107,743,0,2,0,0,0,0,0,0,0,0,0
9250751,744,0,2,0,0,0,0,0,0,0,0,0
9254395,745,0,2,0,0,0,0,0,0,0,0,0
9258039,746,0,2,0,0,0,0,0,0,0,0,0
9261683,747,0,2,0,0,0,0,0,0,0,0,0
9265327,748,0,2,0,0,0,0,0,0,0,0,0
9268971,749,0,2,0,0,0,0,0,0,0,0,0
9272615,750,0,2,0,0,0,0,0,0,0,0,0
9276260,751,0,2,0,0,0,0,0,0,0,0,0
9279903,752,0,2,0,0,0,0,0,0,0,0,0
9283547,753,0,2,0,0,0,0,0,0,0,0,0
9287191,754,0,2,0,0,0,0,0,0,0,0,0
9290835,755,0,2,0,0,0,0,0,0,0,0,0
9294479,756,0,2,0,0,0,0,0,0,0,0,0
9298123,757,0,2,0,0,0,0,0,0,0,0,0
9301767,758,0,2,0,0,0,0,0,0,0,0,0
9305411,759,0,2,0,0,0,0,0,0,0,0,0
9309055,760,0,2,0,0,0,0,0,0,0,0,0
9312700,761,0,2,0,0,0,0,0,0,0,0,0
9316343,762,0,2,0,0,0,0,0,0,0,0,0
9319987,763,0,2,0,0,0,0,0,0,0,0,0
9323631,764,0,2,0,0,0,0,0,0,0,0,0
9327275,765,0,2,0,0,0,0,0,0,0,0,0
9330919,766,0,2,0,0,0,0,0,0,0,0,0
9334563,767,0,2,0,0,0,0,0,0,0,0,0
9338207,768,0,2,0,0,0,0,0,0,0,0,0
9341851,769,0,2,0,0,0,0,0,0,0,0,0
9345495,770,0,2,0,0,0,0,0,0,0,0,0
9349140,771,0,2,0,0,0,0,0,0,0,0,0
9352783,772,0,2,0,0,0,0,0,0,0,0,0
9356427,773,0,2,0,0,0,0,0,0,0,0,0
9360071,774,0,2,0,0,0,0,0,0,0,0,0
9363715,775,0,2,0,0,0,0,0,0,0,0,0
9367359,776,0,2,0,0,0,0,0,0,0,0,0
9371003,777,0,2,0,0,0,0,0,0,0,0,0
9374647,778,0,2,0,0,0,0,0,0,0,0,0
9378291,779,0,2,0,0,0,0,0,0,0,0,0
9381935,780,0,2,0,0,0,0,0,0,0,0,0
9385580,781,0,2,0,0,0,0,0,0,0,0,0
9389223,782,0,2,0,0,0,0,0,0,0,0,0
9392867,783,0,2,0,0,0,0,0,0,0,0,0
9396511,784,0,2,0,0,0,0,0,0,0,0,0
9400155,785,0,2,0,0,0,0,0,0,0,0,0
9403799,786,0,2,0,0,0,0,0,0,0,0,0
9407443,787,0,2,0,0,0,0,0,0,0,0,0
9411087,788,0,2,0,0,0,0,0,0,0,0,0
9414731,789,0,2,0,0,0,0,0,0,0,0,0
9418375,790,0,2,0,0,0,0,0,0,0,0,0
9422020,791,0,2,0,0,0,0,0,0,0,0,0
9425663,792,0,2,0,0,0,0,0,0,0,0,0
9429307,793,0,2,0,0,0,0,0,0,0,0,0
9432951,794,0,2,0,0,0,0,0,0,0,0,0
9436595,795,0,2,0,0,0,0,0,0,0,0,0
9440239,796,0,2,0,0,0,0,0,0,0,0,0
9443883,797,0,2,0,0,0,0,0,0,0,0,0
9447527,798,0,2,0,0,0,0,0,0,0,0,0
9451171,799,0,2,0,0,0,0,0,0,0,0,0
9454815,800,0,2,0,0,0,0,0,0,0,0,0
9458460,801,0,2,0,0,0,0,0,0,0,0,0
9462103,802,0,2,0,0,0,0,0,0,0,0,0
9465747,803,0,2,0,0,0,0,0,0,0,0,0
9469391,804,0,2,0,0,0,0,0,0,0,0,0
9473035,805,0,2,0,0,0,0,0,0,0,0,0
9476679,806,0,2,0,0,0,0,0,0,0,0,0
9480323,807,0,2,0,0,0,0,0,0,0,0,0
9483967,808,0,2,0,0,0,0,0,0,0,0,0
9487611,809,0,2,0,0,0,0,0,0,0,0,0
9491255,810,0,2,0,0,0,0,0,0,0,0,0
9494900,811,0,2,0,0,0,0,0,0,0,0,0
9498543,812,0,2,0,0,0,0,0,0,0,0,0
9502187,813,0,2,0,0,0,0,0,0,0,0,0
9505831,814,0,2,0,0,0,0,0,0,0,0,0
9509475,815,0,2,0,0,0,0,0,0,0,0,0
9513119,816,0,2,0,0,0,0,0,0,0,0,0
9516763,817,0,2,0,0,0,0,0,0,0,0,0
9520407,818,0,2,0,0,0,0,0,0,0,0,0
9524051,819,0,2,0,0,0,0,0,0,0,0,0
9527695,820,0,2,0,0,0,0,0,0,0,0,0
9531339,821,0,2,0,0,0,0,0,0,0,0,0
9534983,822,0,2,0,0,0,0,0,0,0,0,0
9538627,823,0,2,0,0,0,0,0,0,0,0,0
9542271,824,0,2,0,0,0,0,0,0,0,0,0
9545915,825,0,2,0,0,0,0,0,0,0,0,0
9549559,826,0,2,0,0,0,0,0,0,0,0,0
9553203,827,0,2,0,0,0,0,0,0,0,0,0
9556847,828,0,2,0,0,0,0,0,0,0,0,0
9560491,829,0,2,0,0,0,0,0,0,0,0,0
9564135,830,0,2,0,0,0,0,0,0,0,0,0
9567780,831,0,2,0,0,0,0,0,0,0,0,0
9571423,832,0,2,0,0,0,0,0,0,0,0,0
9575067,833,0,2,0,0,0,0,0,0,0,0,0
9578711,834,0,2,0,0,0,0,0,0,0,0,0
9582355,835,0,2,0,0,0,0,0,0,0,0,0
9585999,836,0,2,0,0,0,0,0,0,0,0,0
9589643,837,0,2,0,0,0,0,0,0,0,0,0
9593287,838,0,2,0,0,0,0,0,0,0,0,0
9596931,839,0,2,0,0,0,0,0,0,0,0,0
9600575,840,0,2,0,0,0,0,0,0,0,0,0
9604219,841,0,2,0,0,0,0,0,0,0,0,0
9607863,842,0,2,0,0,0,0,0,0,0,0,0
9611507,843,0,2,0,0,0,0,0,0,0,0,0
9615151,844,0,2,0,0,0,0,0,0,0,0,0
9618795,845,0,2,0,0,0,0,0,0,0,0,0
9622439,846,0,2,0,0,0,0,0,0,0,0,0
9626083,847,0,2,0,0,0,0,0,0,0,0,0
9629727,848,0,2,0,0,0,0,0,0,0,0,0
9633371,849,0,2,0,0,0,0,0,0,0,0,0
9637015,850,0,2,0,0,0,0,0,0,0,0,0
9640659,851,0,2,0,0,0,0,0,0,0,0,0
9644303,852,0,2,0,0,0,0,0,0,0,0,0
9647947,853,0,2,0,0,0,0,0,0,0,0,0
9651591,854,0,2,0,0,0,0,0,0,0,0,0
9655235,855,0,2,0,0,0,0,0,0,0,0,0
9658879,856,0,2,0,0,0,0,0,0,0,0,0
9662523,857,0,2,0,0,0,0,0,0,0,0,0
9666167,858,0,2,0,0,0,0,0,0,0,0,0
9669811,859,0,2,0,0,0,0,0,0,0,0,0
9673455,860,0,2,0,0,0,0,0,0,0,0,0
9677100,861,0,2,0,0,0,0,0,0,0,0,0
9680743,862,0,2,0,0,0,0,0,0,0,0,0
9684387,863,0,2,0,0,0,0,0,0,0,0,0
9688032,864,0,2,0,0,0,0,0,0,0,0,0
9691675,865,0,2,0,0,0,0,0,0,0,0,0
9695319,866,0,2,0,0,0,0,0,0,0,0,0
9698963,867,0,2,0,0,0,0,0,0,0,0,0
9702607,868,0,2,0,0,0,0,0,0,0,0,0
9706251,869,0,2,0,0,0,0,0,0,0,0,0
9709895,870,0,2,0,0,0,0,0,0,0,0,0
9713540,871,0,2,0,0,0,0,0,0,0,0,0
9717183,872,0,2,0,0,0,0,0,0,0,0,0
9720827,873,0,2,0,0,0,0,0,0,0,0,0
9724471,874,0,2,0,0,0,0,0,0,0,0,0
9728115,875,0,2,0,0,0,0,0,0,0,0,0
9731759,876,0,2,0,0,0,0,0,0,0,0,0
9735403,877,0,2,0,0,0,0,0,0,0,0,0
9739047,878,0,2,0,0,0,0,0,0,0,0,0
9742691,879,0,2,0,0,0,0,0,0,0,0,0
9746335,880,0,2,0,0,0,0,0,0,0,0,0
9749979,881,0,2,0,0,0,0,0,0,0,0,0
9753623,882,0,2,0,0,0,0,0,0,0,0,0
9757267,883,0,2,0,0,0,0,0,0,0,0,0
9760911,884,0,2,0,0,0,0,0,0,0,0,0
9764555,885,0,2,0,0,0,0,0,0,0,0,0
9768199,886,0,2,0,0,0,0,0,0,0,0,0
9771843,887,0,2,0,0,0,0,0,0,0,0,0
9775487,888,0,2,0,0,0,0,0,0,0,0,0
9779131,889,0,2,0,0,0,0,0,0,0,0,0
9782775,890,0,2,0,0,0,0,0,0,0,0,0
9786420,891,0,2,0,0,0,0,0,0,0,0,0
9790063,892,0,2,0,0,0,0,0,0,0,0,0
9793707,893,0,2,0,0,0,0,0,0,0,0,0
9797351,894,0,2,0,0,0,0,0,0,0,0,0
9800995,895,0,2,0,0,0,0,0,0,0,0,0
9804639,896,0,2,0,0,0,0,0,0,0,0,0
9808283,897,0,2,0,0,0,0,0,0,0,0,0
9811927,898,0,2,0,0,0,0,0,0,0,0,0
9815571,899,0,2,0,0,0,0,0,0,0,0,0
9819215,900,0,2,0,0,0,0,0,0,0,0,0
9822859,901,0,2,0,0,0,0,0,0,0,0,0
9826503,902,0,2,0,0,0,0,0,0,0,0,0
9830147,903,0,2,0,0,0,0,0,0,0,0,0
9833791,904,0,2,0,0,0,0,0,0,0,0,0
9837435,905,0,2,0,0,0,0,0,0,0,0,0
9841079,906,0,2,0,0,0,0,0,0,0,0,0
9844723,907,0,2,0,0,0,0,0,0,0,0,0
9848367,908,0,2,0,0,0,0,0,0,0,0,0
9866600,909,0,2,0,0,0,0,0,0,0,0,0
9870232,910,0,2,0,0,0,0,0,0,0,0,0
9873876,911,0,2,0,0,0,0,0,0,0,0,0
9877520,912,0,2,0,0,0,0,0,0,0,0,0
9881164,913,0,2,0,0,0,0,0,0,0,0,0
9884808,914,0,2,0,0,0,0,0,0,0,0,0
9888452,915,0,2,0,0,0,0,0,0,0,0,0
9892096,916,0,2,0,0,0,0,0,0,0,0,0
9895740,917,0,2,0,0,0,0,0,0,0,0,0
9899384,918,0,2,0,0,0,0,0,0,0,0,0
9903028,919,0,2,0,0,0,0,0,0,0,0,0
9906672,920,0,2,0,0,0,0,0,0,0,0,0
9910317,921,0,2,0,0,0,0,0,0,0,0,0
9913960,922,0,2,0,0,0,0,0,0,0,0,0
9917604,923,0,2,0,0,0,0,0,0,0,0,0
9921248,924,0,2,0,0,0,0,0,0,0,0,0
9924892,925,0,2,0,0,0,0,0,0,0,0,0
9928536,926,0,2,0,0,0,0,0,0,0,0,0
9932180,927,0,2,0,0,0,0,0,0,0,0,0
9935824,928,0,2,0,0,0,0,0,0,0,0,0
9939468,929,0,2,0,0,0,0,0,0,0,0,0
9943112,930,0,2,0,0,0,0,0,0,0,0,0
9946756,931,0,2,0,0,0,0,0,0,0,0,0
9950400,932,0,2,0,0,0,0,0,0,0,0,0
9954044,933,0,2,0,0,0,0,0,0,0,0,0
9957688,934,0,2,0,0,0,0,0,0,0,0,0
9961332,935,0,2,0,0,0,0,0,0,0,0,0
9964976,936,0,2,0,0,0,0,0,0,0,0,0
9968620,937,0,2,0,0,0,0,0,0,0,0,0
9972264,938,0,2,0,0,0,0,0,0,0,0,0
9975908,939,0,2,0,0,0,0,0,0,0,0,0
9979552,940,0,2,0,0,0,0,0,0,0,0,0
9983197,941,0,2,0,0,0,0,0,0,0,0,0
9986840,942,0,2,0,0,0,0,0,0,0,0,0
9990484,943,0,2,0,0,0,0,0,0,0,0,0
9994128,944,0,2,0,0,0,0,0,0,0,0,0
9997772,945,0,2,0,0,0,0,0,0,0,0,0
10001416,946,0,2,0,0,0,0,0,0,0,0,0
10005060,947,0,2,0,0,0,0,0,0,0,0,0
10008704,948,0,2,0,0,0,0,0,0,0,0,0
10012348,949,0,2,0,0,0,0,0,0,0,0,0
10015992,950,0,2,0,0,0,0,0,0,0,0,0
10019636,951,0,2,0,0,0,0,0,0,0,0,0
10023280,952,0,2,0,0,0,0,0,0,0,0,0
10026924,953,0,2,0,0,0,0,0,0,0,0,0
10030568,954,0,2,0,0,0,0,0,0,0,0,0
10034212,955,0,2,0,0,0,0,0,0,0,0,0
10037856,956,0,2,0,0,0,0,0,0,0,0,0
10041500,957,0,2,0,0,0,0,0,0,0,0,0
10045144,958,0,2,0,0,0,0,0,0,0,0,0
10048788,959,0,2,0,0,0,0,0,0,0,0,0
10052432,960,0,2,0,0,0,0,0,0,0,0,0
10056077,961,0,2,0,0,0,0,0,0,0,0,0
10059720,962,0,2,0,0,0,0,0,0,0,0,0
10063364,963,0,2,0,0,0,0,0,0,0,0,0
10067008,964,0,2,0,0,0,0,0,0,0,0,0
10070652,965,0,2,0,0,0,0,0,0,0,0,0
10074296,966,0,2,0,0,0,0,0,0,0,0,0
10077940,967,0,2,0,0,0,0,0,0,0,0,0
10081584,968,0,2,0,0,0,0,0,0,0,0,0
10085228,969,0,2,0,0,0,0,0,0,0,0,0
10088872,970,0,2,0,0,0,0,0,0,0,0,0
10092516,971,0,2,0,0,0,0,0,0,0,0,0
10096160,972,0,2,0,0,0,0,0,0,0,0,0
10099804,973,0,2,0,0,0,0,0,0,0,0,0
10103448,974,0,2,0,0,0,0,0,0,0,0,0
10107092,975,0,2,0,0,0,0,0,0,0,0,0
10110736,976,0,2,0,0,0,0,0,0,0,0,0
10114380,977,0,2,0,0,0,0,0,0,0,0,0
10118024,978,0,2,0,0,0,0,0,0,0,0,0
10121668,979,0,2,0,0,0,0,0,0,0,0,0
10125312,980,0,2,0,0,0,0,0,0,0,0,0
10128957,981,0,2,0,0,0,0,0,0,0,0,0
10132600,982,0,2,0,0,0,0,0,0,0,0,0
10136244,983,0,2,0,0,0,0,0,0,0,0,0
10139888,984,0,2,0,0,0,0,0,0,0,0,0
10143532,985,0,2,0,0,0,0,0,0,0,0,0
10147176,986,0,2,0,0,0,0,0,0,0,0,0
10150820,987,0,2,0,0,0,0,0,0,0,0,0
10154464,988,0,2,0,0,0,0,0,0,0,0,0
10158108,989,0,2,0,0,0,0,0,0,0,0,0
10161752,990,0,2,0,0,0,0,0,0,0,0,0
10165396,991,0,2,0,0,0,0,0,0,0,0,0
10169040,992,0,2,0,0,0,0,0,0,0,0,0
10172684,993,0,2,0,0,0,0,0,0,0,0,0
10176328,994,0,2,0,0,0,0,0,0,0,0,0
10179972,995,0,2,0,0,0,0,0,0,0,0,0
10183616,996,0,2,0,0,0,0,0,0,0,0,0
10187260,997,0,2,0,0,0,0,0,0,0,0,0
10190904,998,0,2,0,0,0,0,0,0,0,0,0
10194548,999,0,2,0,0,0,0,0,0,0,0,0
10198192,1000,0,2,0,0,0,0,0,0,0,0,0
10201837,1001,0,2,0,0,0,0,0,0,0,0,0
10205480,1002,0,2,0,0,0,0,0,0,0,0,0
10209124,1003,0,2,0,0,0,0,0,0,0,0,0
10212768,1004,0,2,0,0,0,0,0,0,0,0,0
10216412,1005,0,2,0,0,0,0,0,0,0,0,0
10220056,1006,0,2,0,0,0,0,0,0,0,0,0
10223700,1007,0,2,0,0,0,0,0,0,0,0,0
10227344,1008,0,2,0,0,0,0,0,0,0,0,0
10230988,1009,0,2,0,0,0,0,0,0,0,0,0
10234632,1010,0,2,0,0,0,0,0,0,0,0,0
10238276,1011,0,2,0,0,0,0,0,0,0,0,0
10241920,1012,0,2,0,0,0,0,0,0,0,0,0
10245564,1013,0,2,0,0,0,0,0,0,0,0,0
10249208,1014,0,2,0,0,0,0,0,0,0,0,0
10252852,1015,0,2,0,0,0,0,0,0,0,0,0
10256496,1016,0,2,0,0,0,0,0,0,0,0,0
10260140,1017,0,2,0,0,0,0,0,0,0,0,0
10263784,1018,0,2,0,0,0,0,0,0,0,0,0
10267428,1019,0,2,0,0,0,0,0,0,0,0,0
10271072,1020,0,2,0,0,0,0,0,0,0,0,0
10274716,1021,0,2,0,0,0,0,0,0,0,0,0
10278360,1022,0,2,0,0,0,0,0,0,0,0,0
10282004,1023,0,2,0,0,0,0,0,0,0,0,0
10285648,1024,0,2,0,0,0,0,0,0,0,0,0
10289292,1025,0,2,0,0,0,0,0,0,0,0,0
10292936,1026,0,2,0,0,0,0,0,0,0,0,0
10296580,1027,0,2,0,0,0,0,0,0,0,0,0
10300224,1028,0,2,0,0,0,0,0,0,0,0,0
10303868,1029,0,2,0,0,0,0,0,0,0,0,0
10307512,1030,0,2,0,0,0,0,0,0,0,0,0
10311157,1031,0,2,0,0,0,0,0,0,0,0,0
10314800,1032,0,2,0,0,0,0,0,0,0,0,0
10318444,1033,0,2,0,0,0,0,0,0,0,0,0
10322088,1034,0,2,0,0,0,0,0,0,0,0,0
10325732,1035,0,2,0,0,0,0,0,0,0,0,0
10329376,1036,0,2,0,0,0,0,0,0,0,0,0
10333020,1037,0,2,0,0,0,0,0,0,0,0,0
10336664,1038,0,2,0,0,0,0,0,0,0,0,0
10340308,1039,0,2,0,0,0,0,0,0,0,0,0
10343952,1040,0,2,0,0,0,0,0,0,0,0,0
10347597,1041,0,2,0,0,0,0,0,0,0,0,0
10351240,1042,0,2,0,0,0,0,0,0,0,0,0
10354884,1043,0,2,0,0,0,0,0,0,0,0,0
10358528,1044,0,2,0,0,0,0,0,0,0,0,0
10362172,1045,0,2,0,0,0,0,0,0,0,0,0
10365816,1046,0,2,0,0,0,0,0,0,0,0,0
10369460,1047,0,2,0,0,0,0,0,0,0,0,0
10373104,1048,0,2,0,0,0,0,0,0,0,0,0
10376748,1049,0,2,0,0,0,0,0,0,0,0,0
10380392,1050,0,2,0,0,0,0,0,0,0,0,0
10384037,1051,0,2,0,0,0,0,0,0,0,0,0
10387680,1052,0,2,0,0,0,0,0,0,0,0,0
10391324,1053,0,2,0,0,0,0,0,0,0,0,0
10394968,1054,0,2,0,0,0,0,0,0,0,0,0
10398612,1055,0,2,0,0,0,0,0,0,0,0,0
10402256,1056,0,2,0,0,0,0,0,0,0,0,0
10405900,1057,0,2,0,0,0,0,0,0,0,0,0
10409544,1058,0,2,0,0,0,0,0,0,0,0,0
10413188,1059,0,2,0,0,0,0,0,0,0,0,0
10416832,1060,0,2,0,0,0,0,0,0,0,0,0
10420476,1061,0,2,0,0,0,0,0,0,0,0,0
10424120,1062,0,2,0,0,0,0,0,0,0,0,0
10427764,1063,0,2,0,0,0,0,0,0,0,0,0
10431408,1064,0,2,0,0,0,0,0,0,0,0,0
10435052,1065,0,2,0,0,0,0,0,0,0,0,0
10438696,1066,0,2,0,0,0,0,0,0,0,0,0
10442340,1067,0,2,0,0,0,0,0,0,0,0,0
10445984,1068,0,2,0,0,0,0,0,0,0,0,0
10449628,1069,0,2,0,0,0,0,0,0,0,0,0
10453272,1070,0,2,0,0,0,0,0,0,0,0,0
10456917,1071,0,2,0,0,0,0,0,0,0,0,0
10460560,1072,0,2,0,0,0,0,0,0,0,0,0
10464204,1073,0,2,0,0,0,0,0,0,0,0,0
10467848,1074,0,2,0,0,0,0,0,0,0,0,0
10471492,1075,0,2,0,0,0,0,0,0,0,0,0
10475136,1076,0,2,0,0,0,0,0,0,0,0,0
10478780,1077,0,2,0,0,0,0,0,0,0,0,0
10482424,1078,0,2,0,0,0,0,0,0,0,0,0
10486068,1079,0,2,0,0,0,0,0,0,0,0,0
10489712,1080,0,2,0,0,0,0,0,0,0,0,0
10493357,1081,0,2,0,0,0,0,0,0,0,0,0
10497000,1082,0,2,0,0,0,0,0,0,0,0,0
10500644,1083,0,2,0,0,0,0,0,0,0,0,0
10504288,1084,0,2,0,0,0,0,0,0,0,0,0
10507932,1085,0,2,0,0,0,0,0,0,0,0,0
10511576,1086,0,2,0,0,0,0,0,0,0,0,0
10515220,1087,0,2,0,0,0,0,0,0,0,0,0
10518864,1088,0,2,0,0,0,0,0,0,0,0,0
10522508,1089,0,2,0,0,0,0,0,0,0,0,0
10526152,1090,0,2,0,0,0,0,0,0,0,0,0
10529797,1091,0,2,0,0,0,0,0,0,0,0,0
10533440,1092,0,2,0,0,0,0,0,0,0,0,0
10537084,1093,0,2,0,0,0,0,0,0,0,0,0
10540728,1094,0,2,0,0,0,0,0,0,0,0,0
10544372,1095,0,2,0,0,0,0,0,0,0,0,0
10548016,1096,0,2,0,0,0,0,0,0,0,0,0
10551660,1097,0,2,0,0,0,0,0,0,0,0,0
10555304,1098,0,2,0,0,0,0,0,0,0,0,0
10558948,1099,0,2,0,0,0,0,0,0,0,0,0
10562592,1100,0,2,0,0,0,0,0,0,0,0,0
10566237,1101,0,2,0,0,0,0,0,0,0,0,0
10569880,1102,0,2,0,0,0,0,0,0,0,0,0
10573524,1103,0,2,0,0,0,0,0,0,0,0,0
10577168,1104,0,2,0,0,0,0,0,0,0,0,0
10580812,1105,0,2,0,0,0,0,0,0,0,0,0
10584456,1106,0,2,0,0,0,0,0,0,0,0,0
10588100,1107,0,2,0,0,0,0,0,0,0,0,0
10591744,1108,0,2,0,0,0,0,0,0,0,0,0
10595388,1109,0,2,0,0,0,0,0,0,0,0,0
10599033,1110,0,2,0,0,0,0,0,0,0,0,0
10602676,1111,0,2,0,0,0,0,0,0,0,0,0
10606320,1112,0,2,0,0,0,0,0,0,0,0,0
10609964,1113,0,2,0,0,0,0,0,0,0,0,0
10613608,1114,0,2,0,0,0,0,0,0,0,0,0
10617252,1115,0,2,0,0,0,0,0,0,0,0,0
10620896,1116,0,2,0,0,0,0,0,0,0,0,0
10624540,1117,0,2,0,0,0,0,0,0,0,0,0
10628184,1118,0,2,0,0,0,0,0,0,0,0,0
10631828,1119,0,2,0,0,0,0,0,0,0,0,0
10635472,1120,0,2,0,0,0,0,0,0,0,0,0
10639116,1121,0,2,0,0,0,0,0,0,0,0,0
10642760,1122,0,2,0,0,0,0,0,0,0,0,0
10646404,1123,0,2,0,0,0,0,0,0,0,0,0
10650049,1124,0,2,0,0,0,0,0,0,0,0,0
10653692,1125,0,2,0,0,0,0,0,0,0,0,0
10657336,1126,0,2,0,0,0,0,0,0,0,0,0
10660980,1127,0,2,0,0,0,0,0,0,0,0,0
10664624,1128,0,2,0,0,0,0,0,0,0,0,0
10668268,1129,0,2,0,0,0,0,0,0,0,0,0
10671912,1130,0,2,0,0,0,0,0,0,0,0,0
10675556,1131,0,2,0,0,0,0,0,0,0,0,0
10679200,1132,0,2,0,0,0,0,0,0,0,0,0
10682844,1133,0,2,0,0,0,0,0,0,0,0,0
10686488,1134,0,2,0,0,0,0,0,0,0,0,0
10690132,1135,0,2,0,0,0,0,0,0,0,0,0
10702182,1136,0,2,0,0,0,0,0,0,0,0,0
10705814,1137,0,2,0,0,0,0,0,0,0,0,0
10709458,1138,0,2,0,0,0,0,0,0,0,0,0
10713102,1139,0,2,0,0,0,0,0,0,0,0,0
10716746,1140,0,2,0,0,0,0,0,0,0,0,0
10720390,1141,0,2,0,0,0,0,0,0,0,0,0
10724034,1142,0,2,0,0,0,0,0,0,0,0,0
10727678,1143,0,2,0,0,0,0,0,0,0,0,0
10731322,1144,0,2,0,0,0,0,0,0,0,0,0
10734966,1145,0,2,0,0,0,0,0,0,0,0,0
10738610,1146,0,2,0,0,0,0,0,0,0,0,0
10742254,1147,0,2,0,0,0,0,0,0,0,0,0
10745898,1148,0,2,0,0,0,0,0,0,0,0,0
10749542,1149,0,2,0,0,0,0,0,0,0,0,0
10753186,1150,0,2,0,0,0,0,0,0,0,0,0
10756831,1151,0,2,0,0,0,0,0,0,0,0,0
10760474,1152,0,2,0,0,0,0,0,0,0,0,0
10764118,1153,0,2,0,0,0,0,0,0,0,0,0
10767762,1154,0,2,0,0,0,0,0,0,0,0,0
10771406,1155,0,2,0,0,0,0,0,0,0,0,0
10775050,1156,0,2,0,0,0,0,0,0,0,0,0
10778694,1157,0,2,0,0,0,0,0,0,0,0,0
10782338,1158,0,2,0,0,0,0,0,0,0,0,0
10785982,1159,0,2,0,0,0,0,0,0,0,0,0
10789626,1160,0,2,0,0,0,0,0,0,0,0,0
10793270,1161,0,2,0,0,0,0,0,0,0,0,0
10796914,1162,0,2,0,0,0,0,0,0,0,0,0
10800558,1163,0,2,0,0,0,0,0,0,0,0,0
10804202,1164,0,2,0,0,0,0,0,0,0,0,0
10807846,1165,0,2,0,0,0,0,0,0,0,0,0
10811490,1166,0,2,0,0,0,0,0,0,0,0,0
10815134,1167,0,2,0,0,0,0,0,0,0,0,0
10818778,1168,0,2,0,0,0,0,0,0,0,0,0
10822422,1169,0,2,0,0,0,0,0,0,0,0,0
10826066,1170,0,2,0,0,0,0,0,0,0,0,0
10829710,1171,0,2,0,0,0,0,0,0,0,0,0
10833354,1172,0,2,0,0,0,0,0,0,0,0,0
10836998,1173,0,2,0,0,0,0,0,0,0,0,0
10840642,1174,0,2,0,0,0,0,0,0,0,0,0
10844286,1175,0,2,0,0,0,0,0,0,0,0,0
10847930,1176,0,2,0,0,0,0,0,0,0,0,0
10851574,1177,0,2,0,0,0,0,0,0,0,0,0
10855218,1178,0,2,0,0,0,0,0,0,0,0,0
10858862,1179,0,2,0,0,0,0,0,0,0,0,0
10862506,1180,0,2,0,0,0,0,0,0,0,0,0
10866151,1181,0,2,0,0,0,0,0,0,0,0,0
10869794,1182,0,2,0,0,0,0,0,0,0,0,0
10873438,1183,0,2,0,0,0,0,0,0,0,0,0
10877082,1184,0,2,0,0,0,0,0,0,0,0,0
10880726,1185,0,2,0,0,0,0,0,0,0,0,0
10884370,1186,0,2,0,0,0,0,0,0,0,0,0
10888015,1187,0,2,0,0,0,0,0,0,0,0,0
10891658,1188,0,2,0,0,0,0,0,0,0,0,0
10895302,1189,0,2,0,0,0,0,0,0,0,0,0
10898946,1190,0,2,0,0,0,0,0,0,0,0,0
10902590,1191,0,2,0,0,0,0,0,0,0,0,0
10906234,1192,0,2,0,0,0,0,0,0,0,0,0
10909878,1193,0,2,0,0,0,0,0,0,0,0,0
10913522,1194,0,2,0,0,0,0,0,0,0,0,0
10917166,1195,0,2,0,0,0,0,0,0,0,0,0
10920810,1196,0,2,0,0,0,0,0,0,0,0,0
10924454,1197,0,2,0,0,0,0,0,0,0,0,0
10928098,1198,0,2,0,0,0,0,0,0,0,0,0
10931742,1199,0,2,0,0,0,0,0,0,0,0,0
10935386,1200,0,2,0,0,0,0,0,0,0,0,0
10939031,1201,0,2,0,0,0,0,0,0,0,0,0
10942674,1202,0,2,0,0,0,0,0,0,0,0,0
10946318,1203,0,2,0,0,0,0,0,0,0,0,0
10949962,1204,0,2,0,0,0,0,0,0,0,0,0
10953606,1205,0,2,0,0,0,0,0,0,0,0,0
10957250,1206,0,2,0,0,0,0,0,0,0,0,0
10960894,1207,0,2,0,0,0,0,0,0,0,0,0
10964538,1208,0,2,0,0,0,0,0,0,0,0,0
10968182,1209,0,2,0,0,0,0,0,0,0,0,0
10971826,1210,0,2,0,0,0,0,0,0,0,0,0
10975470,1211,0,2,0,0,0,0,0,0,0,0,0
10979114,1212,0,2,0,0,0,0,0,0,0,0,0
10982758,1213,0,2,0,0,0,0,0,0,0,0,0
10986402,1214,0,2,0,0,0,0,0,0,0,0,0
10990046,1215,0,2,0,0,0,0,0,0,0,0,0
10993690,1216,0,2,0,0,0,0,0,0,0,0,0
10997334,1217,0,2,0,0,0,0,0,0,0,0,0
11000978,1218,0,2,0,0,0,0,0,0,0,0,0
11004622,1219,0,2,0,0,0,0,0,0,0,0,0
11008266,1220,0,2,0,0,0,0,0,0,0,0,0
11011911,1221,0,2,0,0,0,0,0,0,0,0,0
11015554,1222,0,2,0,0,0,0,0,0,0,0,0
11019198,1223,0,2,0,0,0,0,0,0,0,0,0
11022842,1224,0,2,0,0,0,0,0,0,0,0,0
11026486,1225,0,2,0,0,0,0,0,0,0,0,0
11030130,1226,0,2,0,0,0,0,0,0,0,0,0
11033774,1227,0,2,0,0,0,0,0,0,0,0,0
11037418,1228,0,2,0,0,0,0,0,0,0,0,0
11041062,1229,0,2,0,0,0,0,0,0,0,0,0
11044706,1230,0,2,0,0,0,0,0,0,0,0,0
11048350,1231,0,2,0,0,0,0,0,0,0,0,0
11051994,1232,0,2,0,0,0,0,0,0,0,0,0
11055638,1233,0,2,0,0,0,0,0,0,0,0,0
11059282,1234,0,2,0,0,0,0,0,0,0,0,0
11062926,1235,0,2,0,0,0,0,0,0,0,0,0
11066570,1236,0,2,0,0,0,0,0,0,0,0,0
11070214,1237,0,2,0,0,0,0,0,0,0,0,0
11073858,1238,0,2,0,0,0,0,0,0,0,0,0
11077502,1239,0,2,0,0,0,0,0,0,0,0,0
11081146,1240,0,2,0,0,0,0,0,0,0,0,0
11084790,1241,0,2,0,0,0,0,0,0,0,0,0
11088434,1242,0,2,0,0,0,0,0,0,0,0,0
11092078,1243,0,2,0,0,0,0,0,0,0,0,0
11095722,1244,0,2,0,0,0,0,0,0,0,0,0
11099366,1245,0,2,0,0,0,0,0,0,0,0,0
11103010,1246,0,2,0,0,0,0,0,0,0,0,0
11106654,1247,0,2,0,0,0,0,0,0,0,0,0
11110298,1248,0,2,0,0,0,0,0,0,0,0,0
11113942,1249,0,2,0,0,0,0,0,0,0,0,0
11117586,1250,0,2,0,0,0,0,0,0,0,0,0
11121231,1251,0,2,0,0,0,0,0,0,0,0,0
11124874,1252,0,2,0,0,0,0,0,0,0,0,0
11128518,1253,0,2,0,0,0,0,0,0,0,0,0
11132162,1254,0,2,0,0,0,0,0,0,0,0,0
11135806,1255,0,2,0,0,0,0,0,0,0,0,0
11139450,1256,0,2,0,0,0,0,0,0,0,0,0
11143094,1257,0,2,0,0,0,0,0,0,0,0,0
11146738,1258,0,2,0,0,0,0,0,0,0,0,0
11150382,1259,0,2,0,0,0,0,0,0,0,0,0
11154026,1260,0,2,0,0,0,0,0,0,0,0,0
11157670,1261,0,2,0,0,0,0,0,0,0,0,0
11161314,1262,0,2,0,0,0,0,0,0,0,0,0
11164958,1263,0,2,0,0,0,0,0,0,0,0,0
11168602,1264,0,2,0,0,0,0,0,0,0,0,0
11172246,1265,0,2,0,0,0,0,0,0,0,0,0
11175890,1266,0,2,0,0,0,0,0,0,0,0,0
11179534,1267,0,2,0,0,0,0,0,0,0,0,0
11183178,1268,0,2,0,0,0,0,0,0,0,0,0
11186822,1269,0,2,0,0,0,0,0,0,0,0,0
11190466,1270,0,2,0,0,0,0,0,0,0,0,0
11194110,1271,0,2,0,0,0,0,0,0,0,0,0
11197754,1272,0,2,0,0,0,0,0,0,0,0,0
11201398,1273,0,2,0,0,0,0,0,0,0,0,0
11205043,1274,0,2,0,0,0,0,0,0,0,0,0
11208686,1275,0,2,0,0,0,0,0,0,0,0,0
11212330,1276,0,2,0,0,0,0,0,0,0,0,0
11215974,1277,0,2,0,0,0,0,0,0,0,0,0
11219618,1278,0,2,0,0,0,0,0,0,0,0,0
11223262,1279,0,2,0,0,0,0,0,0,0,0,0
11226906,1280,0,2,0,0,0,0,0,0,0,0,0
11230551,1281,0,2,0,0,0,0,0,0,0,0,0
11234194,1282,0,2,0,0,0,0,0,0,0,0,0
11237838,1283,0,2,0,0,0,0,0,0,0,0,0
11241482,1284,0,2,0,0,0,0,0,0,0,0,0
11245126,1285,0,2,0,0,0,0,0,0,0,0,0
11248770,1286,0,2,0,0,0,0,0,0,0,0,0
11252414,1287,0,2,0,0,0,0,0,0,0,0,0
11256058,1288,0,2,0,0,0,0,0,0,0,0,0
11259702,1289,0,2,0,0,0,0,0,0,0,0,0
11263346,1290,0,2,0,0,0,0,0,0,0,0,0
11266991,1291,0,2,0,0,0,0,0,0,0,0,0
11270634,1292,0,2,0,0,0,0,0,0,0,0,0
11274278,1293,0,2,0,0,0,0,0,0,0,0,0
11277922,1294,0,2,0,0,0,0,0,0,0,0,0
11281566,1295,0,2,0,0,0,0,0,0,0,0,0
11285210,1296,0,2,0,0,0,0,0,0,0,0,0
11288854,1297,0,2,0,0,0,0,0,0,0,0,0
11292498,1298,0,2,0,0,0,0,0,0,0,0,0
11296142,1299,0,2,0,0,0,0,0,0,0,0,0
11299786,1300,0,2,0,0,0,0,0,0,0,0,0
11303430,1301,0,2,0,0,0,0,0,0,0,0,0
11307074,1302,0,2,0,0,0,0,0,0,0,0,0
11310718,1303,0,2,0,0,0,0,0,0,0,0,0
11314362,1304,0,2,0,0,0,0,0,0,0,0,0
11318006,1305,0,2,0,0,0,0,0,0,0,0,0
11321650,1306,0,2,0,0,0,0,0,0,0,0,0
11325294,1307,0,2,0,0,0,0,0,0,0,0,0
11328938,1308,0,2,0,0,0,0,0,0,0,0,0
11332582,1309,0,2,0,0,0,0,0,0,0,0,0
11336226,1310,0,2,0,0,0,0,0,0,0,0,0
11339870,1311,0,2,0,0,0,0,0,0,0,0,0
11343514,1312,0,2,0,0,0,0,0,0,0,0,0
11347158,1313,0,2,0,0,0,0,0,0,0,0,0
11350802,1314,0,2,0,0,0,0,0,0,0,0,0
11354446,1315,0,2,0,0,0,0,0,0,0,0,0
11358090,1316,0,2,0,0,0,0,0,0,0,0,0
11361734,1317,0,2,0,0,0,0,0,0,0,0,0
11365378,1318,0,2,0,0,0,0,0,0,0,0,0
11369022,1319,0,2,0,0,0,0,0,0,0,0,0
11372666,1320,0,2,0,0,0,0,0,0,0,0,0
11376311,1321,0,2,0,0,0,0,0,0,0,0,0
11379954,1322,0,2,0,0,0,0,0,0,0,0,0
11383598,1323,0,2,0,0,0,0,0,0,0,0,0
11387242,1324,0,2,0,0,0,0,0,0,0,0,0
11390886,1325,0,2,0,0,0,0,0,0,0,0,0
11394530,1326,0,2,0,0,0,0,0,0,0,0,0
11398174,1327,0,2,0,0,0,0,0,0,0,0,0
11401818,1328,0,2,0,0,0,0,0,0,0,0,0
11405462,1329,0,2,0,0,0,0,0,0,0,0,0
11409106,1330,0,2,0,0,0,0,0,0,0,0,0
11412750,1331,0,2,0,0,0,0,0,0,0,0,0
11416394,1332,0,2,0,0,0,0,0,0,0,0,0
11420038,1333,0,2,0,0,0,0,0,0,0,0,0
11423682,1334,0,2,0,0,0,0,0,0,0,0,0
11427326,1335,0,2,0,0,0,0,0,0,0,0,0
11430970,1336,0,2,0,0,0,0,0,0,0,0,0
11434614,1337,0,2,0,0,0,0,0,0,0,0,0
11438258,1338,0,2,0,0,0,0,0,0,0,0,0
11441902,1339,0,2,0,0,0,0,0,0,0,0,0
11445546,1340,0,2,0,0,0,0,0,0,0,0,0
11449191,1341,0,2,0,0,0,0,0,0,0,0,0
11452834,1342,0,2,0,0,0,0,0,0,0,0,0
11456478,1343,0,2,0,0,0,0,0,0,0,0,0
11460122,1344,0,2,0,0,0,0,0,0,0,0,0
11463766,1345,0,2,0,0,0,0,0,0,0,0,0
11467410,1346,0,2,0,0,0,0,0,0,0,0,0
11471054,1347,0,2,0,0,0,0,0,0,0,0,0
11474698,1348,0,2,0,0,0,0,0,0,0,0,0
11478342,1349,0,2,0,0,0,0,0,0,0,0,0
11481986,1350,0,2,0,0,0,0,0,0,0,0,0
11485631,1351,0,2,0,0,0,0,0,0,0,0,0
11489274,1352,0,2,0,0,0,0,0,0,0,0,0
11492918,1353,0,2,0,0,0,0,0,0,0,0,0
11496562,1354,0,2,0,0,0,0,0,0,0,0,0
11500206,1355,0,2,0,0,0,0,0,0,0,0,0
11503850,1356,0,2,0,0,0,0,0,0,0,0,0
11507494,1357,0,2,0,0,0,0,0,0,0,0,0
11511138,1358,0,2,0,0,0,0,0,0,0,0,0
11514782,1359,0,2,0,0,0,0,0,0,0,0,0
11518426,1360,0,2,0,0,0,0,0,0,0,0,0
11522071,1361,0,2,0,0,0,0,0,0,0,0,0
11525714,1362,0,2,0,0,0,0,0,0,0,0,0
11543304,1363,0,2,0,0,0,0,0,0,0,0,0
11546935,1364,0,2,0,0,0,0,0,0,0,0,0
11550579,1365,0,2,0,0,0,0,0,0,0,0,0
11554223,1366,0,2,0,0,0,0,0,0,0,0,0
11557867,1367,0,2,0,0,0,0,0,0,0,0,0
11561511,1368,0,2,0,0,0,0,0,0,0,0,0
11565155,1369,0,2,0,0,0,0,0,0,0,0,0
11568799,1370,0,2,0,0,0,0,0,0,0,0,0
11572443,1371,0,2,0,0,0,0,0,0,0,0,0
11576087,1372,0,2,0,0,0,0,0,0,0,0,0
11579731,1373,0,2,0,0,0,0,0,0,0,0,0
11583375,1374,0,2,0,0,0,0,0,0,0,0,0
11587019,1375,0,2,0,0,0,0,0,0,0,0,0
11590663,1376,0,2,0,0,0,0,0,0,0,0,0
11594307,1377,0,2,0,0,0,0,0,0,0,0,0
11597951,1378,0,2,0,0,0,0,0,0,0,0,0
11601595,1379,0,2,0,0,0,0,0,0,0,0,0
11605239,1380,0,2,0,0,0,0,0,0,0,0,0
11608883,1381,0,2,0,0,0,0,0,0,0,0,0
11612527,1382,0,2,0,0,0,0,0,0,0,0,0
11616171,1383,0,2,0,0,0,0,0,0,0,0,0
11619815,1384,0,2,0,0,0,0,0,0,0,0,0
11623459,1385,0,2,0,0,0,0,0,0,0,0,0
11627103,1386,0,2,0,0,0,0,0,0,0,0,0
11630747,1387,0,2,0,0,0,0,0,0,0,0,0
11634391,1388,0,2,0,0,0,0,0,0,0,0,0
11638035,1389,0,2,0,0,0,0,0,0,0,0,0
11641679,1390,0,2,0,0,0,0,0,0,0,0,0
11645324,1391,0,2,0,0,0,0,0,0,0,0,0
11648967,1392,0,2,0,0,0,0,0,0,0,0,0
11652611,1393,0,2,0,0,0,0,0,0,0,0,0
11656255,1394,0,2,0,0,0,0,0,0,0,0,0
11659899,1395,0,2,0,0,0,0,0,0,0,0,0
11663543,1396,0,2,0,0,0,0,0,0,0,0,0
11667187,1397,0,2,0,0,0,0,0,0,0,0,0
11670831,1398,0,2,0,0,0,0,0,0,0,0,0
11674475,1399,0,2,0,0,0,0,0,0,0,0,0
11678119,1400,0,2,0,0,0,0,0,0,0,0,0
11681763,1401,0,2,0,0,0,0,0,0,0,0,0
11685407,1402,0,2,0,0,0,0,0,0,0,0,0
11689051,1403,0,2,0,0,0,0,0,0,0,0,0
11692695,1404,0,2,0,0,0,0,0,0,0,0,0
11696339,1405,0,2,0,0,0,0,0,0,0,0,0
11699983,1406,0,2,0,0,0,0,0,0,0,0,0
11703627,1407,0,2,0,0,0,0,0,0,0,0,0
11707271,1408,0,2,0,0,0,0,0,0,0,0,0
11710915,1409,0,2,0,0,0,0,0,0,0,0,0
11714559,1410,0,2,0,0,0,0,0,0,0,0,0
11718204,1411,0,2,0,0,0,0,0,0,0,0,0
11721847,1412,0,2,0,0,0,0,0,0,0,0,0
11725491,1413,0,2,0,0,0,0,0,0,0,0,0
11729135,1414,0,2,0,0,0,0,0,0,0,0,0
11732779,1415,0,2,0,0,0,0,0,0,0,0,0
11736423,1416,0,2,0,0,0,0,0,0,0,0,0
11740067,1417,0,2,0,0,0,0,0,0,0,0,0
11743711,1418,0,2,0,0,0,0,0,0,0,0,0
11747355,1419,0,2,0,0,0,0,0,0,0,0,0
11750999,1420,0,2,0,0,0,0,0,0,0,0,0
11754644,1421,0,2,0,0,0,0,0,0,0,0,0
11758287,1422,0,2,0,0,0,0,0,0,0,0,0
11761931,1423,0,2,0,0,0,0,0,0,0,0,0
11765575,1424,0,2,0,0,0,0,0,0,0,0,0
11769219,1425,0,2,0,0,0,0,0,0,0,0,0
11772863,1426,0,2,0,0,0,0,0,0,0,0,0
11776507,1427,0,2,0,0,0,0,0,0,0,0,0
11780151,1428,0,2,0,0,0,0,0,0,0,0,0
11783795,1429,0,2,0,0,0,0,0,0,0,0,0
11787439,1430,0,2,0,0,0,0,0,0,0,0,0
11791084,1431,0,2,0,0,0,0,0,0,0,0,0
11794727,1432,0,2,0,0,0,0,0,0,0,0,0
11798371,1433,0,2,0,0,0,0,0,0,0,0,0
11802015,1434,0,2,0,0,0,0,0,0,0,0,0
11805659,1435,0,2,0,0,0,0,0,0,0,0,0
11809303,1436,0,2,0,0,0,0,0,0,0,0,0
11812947,1437,0,2,0,0,0,0,0,0,0,0,0
11816591,1438,0,2,0,0,0,0,0,0,0,0,0
11820235,1439,0,2,0,0,0,0,0,0,0,0,0
11823879,1440,0,2,0,0,0,0,0,0,0,0,0
11827523,1441,0,2,0,0,0,0,0,0,0,0,0
11831167,1442,0,2,0,0,0,0,0,0,0,0,0
11834811,1443,0,2,0,0,0,0,0,0,0,0,0
11838455,1444,0,2,0,0,0,0,0,0,0,0,0
11842100,1445,0,2,0,0,0,0,0,0,0,0,0
11845743,1446,0,2,0,0,0,0,0,0,0,0,0
11849387,1447,0,2,0,0,0,0,0,0,0,0,0
11853031,1448,0,2,0,0,0,0,0,0,0,0,0
11856675,1449,0,2,0,0,0,0,0,0,0,0,0
11860319,1450,0,2,0,0,0,0,0,0,0,0,0
11863964,1451,0,2,0,0,0,0,0,0,0,0,0
11867607,1452,0,2,0,0,0,0,0,0,0,0,0
11871251,1453,0,2,0,0,0,0,0,0,0,0,0
11874895,1454,0,2,0,0,0,0,0,0,0,0,0
11878539,1455,0,2,0,0,0,0,0,0,0,0,0
11882183,1456,0,2,0,0,0,0,0,0,0,0,0
11885827,1457,0,2,0,0,0,0,0,0,0,0,0
11889471,1458,0,2,0,0,0,0,0,0,0,0,0
11893115,1459,0,2,0,0,0,0,0,0,0,0,0
11896759,1460,0,2,0,0,0,0,0,0,0,0,0
11900404,1461,0,2,0,0,0,0,0,0,0,0,0
11904048,1462,0,2,0,0,0,0,0,0,0,0,0
11907691,1463,0,2,0,0,0,0,0,0,0,0,0
11911335,1464,0,2,0,0,0,0,0,0,0,0,0
11914979,1465,0,2,0,0,0,0,0,0,0,0,0
11918623,1466,0,2,0,0,0,0,0,0,0,0,0
11922267,1467,0,2,0,0,0,0,0,0,0,0,0
11925911,1468,0,2,0,0,0,0,0,0,0,0,0
11929555,1469,0,2,0,0,0,0,0,0,0,0,0
11933199,1470,0,2,0,0,0,0,0,0,0,0,0
11936844,1471,0,2,0,0,0,0,0,0,0,0,0
11940487,1472,0,2,0,0,0,0,0,0,0,0,0
11944131,1473,0,2,0,0,0,0,0,0,0,0,0
11947775,1474,0,2,0,0,0,0,0,0,0,0,0
11951419,1475,0,2,0,0,0,0,0,0,0,0,0
11955063,1476,0,2,0,0,0,0,0,0,0,0,0
11958707,1477,0,2,0,0,0,0,0,0,0,0,0
11962351,1478,0,2,0,0,0,0,0,0,0,0,0
11965995,1479,0,2,0,0,0,0,0,0,0,0,0
11969639,1480,0,2,0,0,0,0,0,0,0,0,0
11973284,1481,0,2,0,0,0,0,0,0,0,0,0
11976927,1482,0,2,0,0,0,0,0,0,0,0,0
11980571,1483,0,2,0,0,0,0,0,0,0,0,0
11984215,1484,0,2,0,0,0,0,0,0,0,0,0
11987859,1485,0,2,0,0,0,0,0,0,0,0,0
11991503,1486,0,2,0,0,0,0,0,0,0,0,0
11995147,1487,0,2,0,0,0,0,0,0,0,0,0
11998791,1488,0,2,0,0,0,0,0,0,0,0,0
12002435,1489,0,2,0,0,0,0,0,0,0,0,0
12006079,1490,0,2,0,0,0,0,0,0,0,0,0
12009724,1491,0,2,0,0,0,0,0,0,0,0,0
12013367,1492,0,2,0,0,0,0,0,0,0,0,0
12017011,1493,0,2,0,0,0,0,0,0,0,0,0
12020655,1494,0,2,0,0,0,0,0,0,0,0,0
12024299,1495,0,2,0,0,0,0,0,0,0,0,0
12027943,1496,0,2,0,0,0,0,0,0,0,0,0
12031587,1497,0,2,0,0,0,0,0,0,0,0,0
12035231,1498,0,2,0,0,0,0,0,0,0,0,0
12038875,1499,0,2,0,0,0,0,0,0,0,0,0
12042519,1500,0,2,0,0,0,0,0,0,0,0,0
12046164,1501,0,2,0,0,0,0,0,0,0,0,0
12049807,1502,0,2,0,0,0,0,0,0,0,0,0
12053451,1503,0,2,0,0,0,0,0,0,0,0,0
12057095,1504,0,2,0,0,0,0,0,0,0,0,0
12060739,1505,0,2,0,0,0,0,0,0,0,0,0
12064383,1506,0,2,0,0,0,0,0,0,0,0,0
12068027,1507,0,2,0,0,0,0,0,0,0,0,0
12071671,1508,0,2,0,0,0,0,0,0,0,0,0
12075315,1509,0,2,0,0,0,0,0,0,0,0,0
12078959,1510,0,2,0,0,0,0,0,0,0,0,0
12082604,1511,0,2,0,0,0,0,0,0,0,0,0
12086247,1512,0,2,0,0,0,0,0,0,0,0,0
12089891,1513,0,2,0,0,0,0,0,0,0,0,0
12093535,1514,0,2,0,0,0,0,0,0,0,0,0
12097179,1515,0,2,0,0,0,0,0,0,0,0,0
12100823,1516,0,2,0,0,0,0,0,0,0,0,0
12104467,1517,0,2,0,0,0,0,0,0,0,0,0
12108111,1518,0,2,0,0,0,0,0,0,0,0,0
12111755,1519,0,2,0,0,0,0,0,0,0,0,0
12115399,1520,0,2,0,0,0,0,0,0,0,0,0
12119044,1521,0,2,0,0,0,0,0,0,0,0,0
12122687,1522,0,2,0,0,0,0,0,0,0,0,0
12126331,1523,0,2,0,0,0,0,0,0,0,0,0
12129975,1524,0,2,0,0,0,0,0,0,0,0,0
12133619,1525,0,2,0,0,0,0,0,0,0,0,0
12137263,1526,0,2,0,0,0,0,0,0,0,0,0
12140907,1527,0,2,0,0,0,0,0,0,0,0,0
12144551,1528,0,2,0,0,0,0,0,0,0,0,0
12148195,1529,0,2,0,0,0,0,0,0,0,0,0
12151839,1530,0,2,0,0,0,0,0,0,0,0,0
12155484,1531,0,2,0,0,0,0,0,0,0,0,0
12159127,1532,0,2,0,0,0,0,0,0,0,0,0
12162771,1533,0,2,0,0,0,0,0,0,0,0,0
12166415,1534,0,2,0,0,0,0,0,0,0,0,0
12170059,1535,0,2,0,0,0,0,0,0,0,0,0
12173703,1536,0,2,0,0,0,0,0,0,0,0,0
12177347,1537,0,2,0,0,0,0,0,0,0,0,0
12180991,1538,0,2,0,0,0,0,0,0,0,0,0
12184635,1539,0,2,0,0,0,0,0,0,0,0,0
12188279,1540,0,2,0,0,0,0,0,0,0,0,0
12191924,1541,0,2,0,0,0,0,0,0,0,0,0
12195567,1542,0,2,0,0,0,0,0,0,0,0,0
12199211,1543,0,2,0,0,0,0,0,0,0,0,0
12202855,1544,0,2,0,0,0,0,0,0,0,0,0
12206499,1545,0,2,0,0,0,0,0,0,0,0,0
12210143,1546,0,2,0,0,0,0,0,0,0,0,0
12213787,1547,0,2,0,0,0,0,0,0,0,0,0
12217431,1548,0,2,0,0,0,0,0,0,0,0,0
12221076,1549,0,2,0,0,0,0,0,0,0,0,0
12224719,1550,0,2,0,0,0,0,0,0,0,0,0
12228364,1551,0,2,0,0,0,0,0,0,0,0,0
12232007,1552,0,2,0,0,0,0,0,0,0,0,0
12235651,1553,0,2,0,0,0,0,0,0,0,0,0
12239295,1554,0,2,0,0,0,0,0,0,0,0,0
12242939,1555,0,2,0,0,0,0,0,0,0,0,0
12246583,1556,0,2,0,0,0,0,0,0,0,0,0
12250227,1557,0,2,0,0,0,0,0,0,0,0,0
12253871,1558,0,2,0,0,0,0,0,0,0,0,0
12257515,1559,0,2,0,0,0,0,0,0,0,0,0
12261159,1560,0,2,0,0,0,0,0,0,0,0,0
12264804,1561,0,2,0,0,0,0,0,0,0,0,0
12268447,1562,0,2,0,0,0,0,0,0,0,0,0
12272091,1563,0,2,0,0,0,0,0,0,0,0,0
12275735,1564,0,2,0,0,0,0,0,0,0,0,0
12279379,1565,0,2,0,0,0,0,0,0,0,0,0
12283023,1566,0,2,0,0,0,0,0,0,0,0,0
12286667,1567,0,2,0,0,0,0,0,0,0,0,0
12290311,1568,0,2,0,0,0,0,0,0,0,0,0
12293955,1569,0,2,0,0,0,0,0,0,0,0,0
12297599,1570,0,2,0,0,0,0,0,0,0,0,0
12301243,1571,0,2,0,0,0,0,0,0,0,0,0
12304887,1572,0,2,0,0,0,0,0,0,0,0,0
12308531,1573,0,2,0,0,0,0,0,0,0,0,0
12312175,1574,0,2,0,0,0,0,0,0,0,0,0
12315819,1575,0,2,0,0,0,0,0,0,0,0,0
12319463,1576,0,2,0,0,0,0,0,0,0,0,0
12323107,1577,0,2,0,0,0,0,0,0,0,0,0
12326751,1578,0,2,0,0,0,0,0,0,0,0,0
12330395,1579,0,2,0,0,0,0,0,0,0,0,0
12334039,1580,0,2,0,0,0,0,0,0,0,0,0
12337683,1581,0,2,0,0,0,0,0,0,0,0,0
12341327,1582,0,2,0,0,0,0,0,0,0,0,0
12344971,1583,0,2,0,0,0,0,0,0,0,0,0
12348615,1584,0,2,0,0,0,0,0,0,0,0,0
12352259,1585,0,2,0,0,0,0,0,0,0,0,0
12355903,1586,0,2,0,0,0,0,0,0,0,0,0
12359547,1587,0,2,0,0,0,0,0,0,0,0,0
12363191,1588,0,2,0,0,0,0,0,0,0,0,0
12366835,1589,0,2,0,0,0,0,0,0,0,0,0
12379378,1590,0,2,0,0,0,0,0,0,0,0,0
12383011,1591,0,2,0,0,0,0,0,0,0,0,0
12386654,1592,0,2,0,0,0,0,0,0,0,0,0
12390298,1593,0,2,0,0,0,0,0,0,0,0,0
12393942,1594,0,2,0,0,0,0,0,0,0,0,0
12397586,1595,0,2,0,0,0,0,0,0,0,0,0
12401230,1596,0,2,0,0,0,0,0,0,0,0,0
12404874,1597,0,2,0,0,0,0,0,0,0,0,0
12408518,1598,0,2,0,0,0,0,0,0,0,0,0
12412162,1599,0,2,0,0,0,0,0,0,0,0,0
12415806,1600,0,2,0,0,0,0,0,0,0,0,0
12419450,1601,0,2,0,0,0,0,0,0,0,0,0
12423095,1602,0,2,0,0,0,0,0,0,0,0,0
12426738,1603,0,2,0,0,0,0,0,0,0,0,0
12430382,1604,0,2,0,0,0,0,0,0,0,0,0
12434026,1605,0,2,0,0,0,0,0,0,0,0,0
12437670,1606,0,2,0,0,0,0,0,0,0,0,0
12441314,1607,0,2,0,0,0,0,0,0,0,0,0
12444958,1608,0,2,0,0,0,0,0,0,0,0,0
12448602,1609,0,2,0,0,0,0,0,0,0,0,0
12452246,1610,0,2,0,0,0,0,0,0,0,0,0
12455891,1611,0,2,0,0,0,0,0,0,0,0,0
12459534,1612,0,2,0,0,0,0,0,0,0,0,0
12463178,1613,0,2,0,0,0,0,0,0,0,0,0
12466822,1614,0,2,0,0,0,0,0,0,0,0,0
12470466,1615,0,2,0,0,0,0,0,0,0,0,0
12474110,1616,0,2,0,0,0,0,0,0,0,0,0
12477754,1617,0,2,0,0,0,0,0,0,0,0,0
12481398,1618,0,2,0,0,0,0,0,0,0,0,0
12485042,1619,0,2,0,0,0,0,0,0,0,0,0
12488686,1620,0,2,0,0,0,0,0,0,0,0,0
12492331,1621,0,2,0,0,0,0,0,0,0,0,0
12495974,1622,0,2,0,0,0,0,0,0,0,0,0
12499618,1623,0,2,0,0,0,0,0,0,0,0,0
12503262,1624,0,2,0,0,0,0,0,0,0,0,0
12506906,1625,0,2,0,0,0,0,0,0,0,0,0
12510550,1626,0,2,0,0,0,0,0,0,0,0,0
12514194,1627,0,2,0,0,0,0,0,0,0,0,0
12517838,1628,0,2,0,0,0,0,0,0,0,0,0
12521482,1629,0,2,0,0,0,0,0,0,0,0,0
12525126,1630,0,2,0,0,0,0,0,0,0,0,0
12528771,1631,0,2,0,0,0,0,0,0,0,0,0
12532414,1632,0,2,0,0,0,0,0,0,0,0,0
12536059,1633,0,2,0,0,0,0,0,0,0,0,0
12539702,1634,0,2,0,0,0,0,0,0,0,0,0
12543346,1635,0,2,0,0,0,0,0,0,0,0,0
12546990,1636,0,2,0,0,0,0,0,0,0,0,0
12550634,1637,0,2,0,0,0,0,0,0,0,0,0
12554278,1638,0,2,0,0,0,0,0,0,0,0,0
12557922,1639,0,2,0,0,0,0,0,0,0,0,0
12561566,1640,0,2,0,0,0,0,0,0,0,0,0
12565210,1641,0,2,0,0,0,0,0,0,0,0,0
12568854,1642,0,2,0,0,0,0,0,0,0,0,0
12572498,1643,0,2,0,0,0,0,0,0,0,0,0
12576142,1644,0,2,0,0,0,0,0,0,0,0,0
12579786,1645,0,2,0,0,0,0,0,0,0,0,0
12583430,1646,0,2,0,0,0,0,0,0,0,0,0
12587074,1647,0,2,0,0,0,0,0,0,0,0,0
12590718,1648,0,2,0,0,0,0,0,0,0,0,0
12594362,1649,0,2,0,0,0,0,0,0,0,0,0
12598006,1650,0,2,0,0,0,0,0,0,0,0,0
12601651,1651,0,2,0,0,0,0,0,0,0,0,0
12605294,1652,0,2,0,0,0,0,0,0,0,0,0
12608938,1653,0,2,0,0,0,0,0,0,0,0,0
12612582,1654,0,2,0,0,0,0,0,0,0,0,0
12616226,1655,0,2,0,0,0,0,0,0,0,0,0
12619870,1656,0,2,0,0,0,0,0,0,0,0,0
12623514,1657,0,2,0,0,0,0,0,0,0,0,0
12627158,1658,0,2,0,0,0,0,0,0,0,0,0
12630802,1659,0,2,0,0,0,0,0,0,0,0,0
12634446,1660,0,2,0,0,0,0,0,0,0,0,0
12638091,1661,0,2,0,0,0,0,0,0,0,0,0
12641734,1662,0,2,0,0,0,0,0,0,0,0,0
12645378,1663,0,2,0,0,0,0,0,0,0,0,0
12649022,1664,0,2,0,0,0,0,0,0,0,0,0
12652666,1665,0,2,0,0,0,0,0,0,0,0,0
12656310,1666,0,2,0,0,0,0,0,0,0,0,0
12659954,1667,0,2,0,0,0,0,0,0,0,0,0
12663598,1668,0,2,0,0,0,0,0,0,0,0,0
12667242,1669,0,2,0,0,0,0,0,0,0,0,0
12670886,1670,0,2,0,0,0,0,0,0,0,0,0
12674530,1671,0,2,0,0,0,0,0,0,0,0,0
12678174,1672,0,2,0,0,0,0,0,0,0,0,0
12681818,1673,0,2,0,0,0,0,0,0,0,0,0
12685462,1674,0,2,0,0,0,0,0,0,0,0,0
12689106,1675,0,2,0,0,0,0,0,0,0,0,0
12692750,1676,0,2,0,0,0,0,0,0,0,0,0
12696394,1677,0,2,0,0,0,0,0,0,0,0,0
12700038,1678,0,2,0,0,0,0,0,0,0,0,0
12703682,1679,0,2,0,0,0,0,0,0,0,0,0
12707326,1680,0,2,0,0,0,0,0,0,0,0,0
12710971,1681,0,2,0,0,0,0,0,0,0,0,0
12714614,1682,0,2,0,0,0,0,0,0,0,0,0
12718258,1683,0,2,0,0,0,0,0,0,0,0,0
12721902,1684,0,2,0,0,0,0,0,0,0,0,0
12725546,1685,0,2,0,0,0,0,0,0,0,0,0
12729190,1686,0,2,0,0,0,0,0,0,0,0,0
12732834,1687,0,2,0,0,0,0,0,0,0,0,0
12736478,1688,0,2,0,0,0,0,0,0,0,0,0
12740122,1689,0,2,0,0,0,0,0,0,0,0,0
12743766,1690,0,2,0,0,0,0,0,0,0,0,0
12747410,1691,0,2,0,0,0,0,0,0,0,0,0
12751054,1692,0,2,0,0,0,0,0,0,0,0,0
12754698,1693,0,2,0,0,0,0,0,0,0,0,0
12758342,1694,0,2,0,0,0,0,0,0,0,0,0
12761986,1695,0,2,0,0,0,0,0,0,0,0,0
12765630,1696,0,2,0,0,0,0,0,0,0,0,0
12769274,1697,0,2,0,0,0,0,0,0,0,0,0
12772918,1698,0,2,0,0,0,0,0,0,0,0,0
12776562,1699,0,2,0,0,0,0,0,0,0,0,0
12780206,1700,0,2,0,0,0,0,0,0,0,0,0
12783850,1701,0,2,0,0,0,0,0,0,0,0,0
12787494,1702,0,2,0,0,0,0,0,0,0,0,0
12791138,1703,0,2,0,0,0,0,0,0,0,0,0
12794782,1704,0,2,0,0,0,0,0,0,0,0,0
12798426,1705,0,2,0,0,0,0,0,0,0,0,0
12802070,1706,0,2,0,0,0,0,0,0,0,0,0
12805714,1707,0,2,0,0,0,0,0,0,0,0,0
12809358,1708,0,2,0,0,0,0,0,0,0,0,0
12813002,1709,0,2,0,0,0,0,0,0,0,0,0
12816646,1710,0,2,0,0,0,0,0,0,0,0,0
12820290,1711,0,2,0,0,0,0,0,0,0,0,0
12823934,1712,0,2,0,0,0,0,0,0,0,0,0
12827578,1713,0,2,0,0,0,0,0,0,0,0,0
12831222,1714,0,2,0,0,0,0,0,0,0,0,0
12834866,1715,0,2,0,0,0,0,0,0,0,0,0
12838510,1716,0,2,0,0,0,0,0,0,0,0,0
12842154,1717,0,2,0,0,0,0,0,0,0,0,0
12845798,1718,0,2,0,0,0,0,0,0,0,0,0
12849442,1719,0,2,0,0,0,0,0,0,0,0,0
12853087,1720,0,2,0,0,0,0,0,0,0,0,0
12856730,1721,0,2,0,0,0,0,0,0,0,0,0
12860374,1722,0,2,0,0,0,0,0,0,0,0,0
12864018,1723,0,2,0,0,0,0,0,0,0,0,0
12867662,1724,0,2,0,0,0,0,0,0,0,0,0
12871306,1725,0,2,0,0,0,0,0,0,0,0,0
12874950,1726,0,2,0,0,0,0,0,0,0,0,0
12878594,1727,0,2,0,0,0,0,0,0,0,0,0
12882238,1728,0,2,0,0,0,0,0,0,0,0,0
12885882,1729,0,2,0,0,0,0,0,0,0,0,0
12889526,1730,0,2,0,0,0,0,0,0,0,0,0
12893171,1731,0,2,0,0,0,0,0,0,0,0,0
12896814,1732,0,2,0,0,0,0,0,0,0,0,0
12900458,1733,0,2,0,0,0,0,0,0,0,0,0
12904102,1734,0,2,0,0,0,0,0,0,0,0,0
12907746,1735,0,2,0,0,0,0,0,0,0,0,0
12911390,1736,0,2,0,0,0,0,0,0,0,0,0
12915034,1737,0,2,0,0,0,0,0,0,0,0,0
12918678,1738,0,2,0,0,0,0,0,0,0,0,0
12922322,1739,0,2,0,0,0,0,0,0,0,0,0
12925966,1740,0,2,0,0,0,0,0,0,0,0,0
12929610,1741,0,2,0,0,0,0,0,0,0,0,0
12933254,1742,0,2,0,0,0,0,0,0,0,0,0
12936898,1743,0,2,0,0,0,0,0,0,0,0,0
12940542,1744,0,2,0,0,0,0,0,0,0,0,0
12944186,1745,0,2,0,0,0,0,0,0,0,0,0
12947830,1746,0,2,0,0,0,0,0,0,0,0,0
12951474,1747,0,2,0,0,0,0,0,0,0,0,0
12955118,1748,0,2,0,0,0,0,0,0,0,0,0
12958762,1749,0,2,0,0,0,0,0,0,0,0,0
12962406,1750,0,2,0,0,0,0,0,0,0,0,0
12966051,1751,0,2,0,0,0,0,0,0,0,0,0
12969694,1752,0,2,0,0,0,0,0,0,0,0,0
12973338,1753,0,2,0,0,0,0,0,0,0,0,0
12976982,1754,0,2,0,0,0,0,0,0,0,0,0
12980626,1755,0,2,0,0,0,0,0,0,0,0,0
12984270,1756,0,2,0,0,0,0,0,0,0,0,0
12987914,1757,0,2,0,0,0,0,0,0,0,0,0
12991558,1758,0,2,0,0,0,0,0,0,0,0,0
12995202,1759,0,2,0,0,0,0,0,0,0,0,0
12998846,1760,0,2,0,0,0,0,0,0,0,0,0
13002490,1761,0,2,0,0,0,0,0,0,0,0,0
13006134,1762,0,2,0,0,0,0,0,0,0,0,0
13009778,1763,0,2,0,0,0,0,0,0,0,0,0
13013422,1764,0,2,0,0,0,0,0,0,0,0,0
13017066,1765,0,2,0,0,0,0,0,0,0,0,0
13020710,1766,0,2,0,0,0,0,0,0,0,0,0
13024354,1767,0,2,0,0,0,0,0,0,0,0,0
13027998,1768,0,2,0,0,0,0,0,0,0,0,0
13031642,1769,0,2,0,0,0,0,0,0,0,0,0
13035286,1770,0,2,0,0,0,0,0,0,0,0,0
13038930,1771,0,2,0,0,0,0,0,0,0,0,0
13042574,1772,0,2,0,0,0,0,0,0,0,0,0
13046218,1773,0,2,0,0,0,0,0,0,0,0,0
13049862,1774,0,2,0,0,0,0,0,0,0,0,0
13053506,1775,0,2,0,0,0,0,0,0,0,0,0
13057150,1776,0,2,0,0,0,0,0,0,0,0,0
13060794,1777,0,2,0,0,0,0,0,0,0,0,0
13064438,1778,0,2,0,0,0,0,0,0,0,0,0
13068082,1779,0,2,0,0,0,0,0,0,0,0,0
13071726,1780,0,2,0,0,0,0,0,0,0,0,0
13075371,1781,0,2,0,0,0,0,0,0,0,0,0
13079014,1782,0,2,0,0,0,0,0,0,0,0,0
13082658,1783,0,2,0,0,0,0,0,0,0,0,0
13086302,1784,0,2,0,0,0,0,0,0,0,0,0
13089946,1785,0,2,0,0,0,0,0,0,0,0,0
13093590,1786,0,2,0,0,0,0,0,0,0,0,0
13097234,1787,0,2,0,0,0,0,0,0,0,0,0
13100878,1788,0,2,0,0,0,0,0,0,0,0,0
13104522,1789,0,2,0,0,0,0,0,0,0,0,0
13108166,1790,0,2,0,0,0,0,0,0,0,0,0
13111811,1791,0,2,0,0,0,0,0,0,0,0,0
13115454,1792,0,2,0,0,0,0,0,0,0,0,0
13119098,1793,0,2,0,0,0,0,0,0,0,0,0
13122742,1794,0,2,0,0,0,0,0,0,0,0,0
13126386,1795,0,2,0,0,0,0,0,0,0,0,0
13130031,1796,0,2,0,0,0,0,0,0,0,0,0
13133674,1797,0,2,0,0,0,0,0,0,0,0,0
13137318,1798,0,2,0,0,0,0,0,0,0,0,0
13140962,1799,0,2,0,0,0,0,0,0,0,0,0
13144606,1800,0,2,0,0,0,0,0,0,0,0,0
13148251,1801,0,2,0,0,0,0,0,0,0,0,0
13151894,1802,0,2,0,0,0,0,0,0,0,0,0
13155538,1803,0,2,0,0,0,0,0,0,0,0,0
13159182,1804,0,2,0,0,0,0,0,0,0,0,0
13162826,1805,0,2,0,0,0,0,0,0,0,0,0
13166470,1806,0,2,0,0,0,0,0,0,0,0,0
13170115,1807,0,2,0,0,0,0,0,0,0,0,0
13173758,1808,0,2,0,0,0,0,0,0,0,0,0
13177402,1809,0,2,0,0,0,0,0,0,0,0,0
13181046,1810,0,2,0,0,0,0,0,0,0,0,0
13184690,1811,0,2,0,0,0,0,0,0,0,0,0
13188334,1812,0,2,0,0,0,0,0,0,0,0,0
13191978,1813,0,2,0,0,0,0,0,0,0,0,0
13195622,1814,0,2,0,0,0,0,0,0,0,0,0
13199266,1815,0,2,0,0,0,0,0,0,0,0,0
13202910,1816,0,2,0,0,0,0,0,0,0,0,0
13221146,1817,0,2,0,0,0,0,0,0,0,0,0
13224778,1818,0,2,0,0,0,0,0,0,0,0,0
13228422,1819,0,2,0,0,0,0,0,0,0,0,0
13232066,1820,0,2,0,0,0,0,0,0,0,0,0
13235710,1821,0,2,0,0,0,0,0,0,0,0,0
13239354,1822,0,2,0,0,0,0,0,0,0,0,0
13242998,1823,0,2,0,0,0,0,0,0,0,0,0
13246642,1824,0,2,0,0,0,0,0,0,0,0,0
13250286,1825,0,2,0,0,0,0,0,0,0,0,0
13253930,1826,0,2,0,0,0,0,0,0,0,0,0
13257574,1827,0,2,0,0,0,0,0,0,0,0,0
13261218,1828,0,2,0,0,0,0,0,0,0,0,0
13264862,1829,0,2,0,0,0,0,0,0,0,0,0
13268506,1830,0,2,0,0,0,0,0,0,0,0,0
13272151,1831,0,2,0,0,0,0,0,0,0,0,0
13275794,1832,0,2,0,0,0,0,0,0,0,0,0
13279438,1833,0,2,0,0,0,0,0,0,0,0,0
13283082,1834,0,2,0,0,0,0,0,0,0,0,0
13286726,1835,0,2,0,0,0,0,0,0,0,0,0
13290370,1836,0,2,0,0,0,0,0,0,0,0,0
13294015,1837,0,2,0,0,0,0,0,0,0,0,0
13297658,1838,0,2,0,0,0,0,0,0,0,0,0
13301302,1839,0,2,0,0,0,0,0,0,0,0,0
13304946,1840,0,2,0,0,0,0,0,0,0,0,0
13308590,1841,0,2,0,0,0,0,0,0,0,0,0
13312234,1842,0,2,0,0,0,0,0,0,0,0,0
13315878,1843,0,2,0,0,0,0,0,0,0,0,0
13319522,1844,0,2,0,0,0,0,0,0,0,0,0
13323166,1845,0,2,0,0,0,0,0,0,0,0,0
13326810,1846,0,2,0,0,0,0,0,0,0,0,0
13330454,1847,0,2,0,0,0,0,0,0,0,0,0
13334098,1848,0,2,0,0,0,0,0,0,0,0,0
13337742,1849,0,2,0,0,0,0,0,0,0,0,0
13341386,1850,0,2,0,0,0,0,0,0,0,0,0
13345031,1851,0,2,0,0,0,0,0,0,0,0,0
13348674,1852,0,2,0,0,0,0,0,0,0,0,0
13352318,1853,0,2,0,0,0,0,0,0,0,0,0
13355962,1854,0,2,0,0,0,0,0,0,0,0,0
13359606,1855,0,2,0,0,0,0,0,0,0,0,0
13363250,1856,0,2,0,0,0,0,0,0,0,0,0
13366894,1857,0,2,0,0,0,0,0,0,0,0,0
13370538,1858,0,2,0,0,0,0,0,0,0,0,0
13374182,1859,0,2,0,0,0,0,0,0,0,0,0
13377826,1860,0,2,0,0,0,0,0,0,0,0,0
13381471,1861,0,2,0,0,0,0,0,0,0,0,0
13385114,1862,0,2,0,0,0,0,0,0,0,0,0
13388758,1863,0,2,0,0,0,0,0,0,0,0,0
13392402,1864,0,2,0,0,0,0,0,0,0,0,0
13396046,1865,0,2,0,0,0,0,0,0,0,0,0
13399690,1866,0,2,0,0,0,0,0,0,0,0,0
13403334,1867,0,2,0,0,0,0,0,0,0,0,0
13406978,1868,0,2,0,0,0,0,0,0,0,0,0
13410622,1869,0,2,0,0,0,0,0,0,0,0,0
13414266,1870,0,2,0,0,0,0,0,0,0,0,0
13417911,1871,0,2,0,0,0,0,0,0,0,0,0
13421554,1872,0,2,0,0,0,0,0,0,0,0,0
13425198,1873,0,2,0,0,0,0,0,0,0,0,0
13428842,1874,0,2,0,0,0,0,0,0,0,0,0
13432486,1875,0,2,0,0,0,0,0,0,0,0,0
13436130,1876,0,2,0,0,0,0,0,0,0,0,0
13439774,1877,0,2,0,0,0,0,0,0,0,0,0
13443418,1878,0,2,0,0,0,0,0,0,0,0,0
13447062,1879,0,2,0,0,0,0,0,0,0,0,0
13450706,1880,0,2,0,0,0,0,0,0,0,0,0
13454350,1881,0,2,0,0,0,0,0,0,0,0,0
13457994,1882,0,2,0,0,0,0,0,0,0,0,0
13461638,1883,0,2,0,0,0,0,0,0,0,0,0
13465282,1884,0,2,0,0,0,0,0,0,0,0,0
13468926,1885,0,2,0,0,0,0,0,0,0,0,0
13472570,1886,0,2,0,0,0,0,0,0,0,0,0
13476214,1887,0,2,0,0,0,0,0,0,0,0,0
13479858,1888,0,2,0,0,0,0,0,0,0,0,0
13483502,1889,0,2,0,0,0,0,0,0,0,0,0
13487146,1890,0,2,0,0,0,0,0,0,0,0,0
13490790,1891,0,2,0,0,0,0,0,0,0,0,0
13494434,1892,0,2,0,0,0,0,0,0,0,0,0
13498078,1893,0,2,0,0,0,0,0,0,0,0,0
13501722,1894,0,2,0,0,0,0,0,0,0,0,0
13505366,1895,0,2,0,0,0,0,0,0,0,0,0
13509010,1896,0,2,0,0,0,0,0,0,0,0,0
13512654,1897,0,2,0,0,0,0,0,0,0,0,0
13516298,1898,0,2,0,0,0,0,0,0,0,0,0
13519942,1899,0,2,0,0,0,0,0,0,0,0,0
13523586,1900,0,2,0,0,0,0,0,0,0,0,0
13527231,1901,0,2,0,0,0,0,0,0,0,0,0
13530874,1902,0,2,0,0,0,0,0,0,0,0,0
13534518,1903,0,2,0,0,0,0,0,0,0,0,0
13538162,1904,0,2,0,0,0,0,0,0,0,0,0
13541806,1905,0,2,0,0,0,0,0,0,0,0,0
13545450,1906,0,2,0,0,0,0,0,0,0,0,0
13549094,1907,0,2,0,0,0,0,0,0,0,0,0
13552738,1908,0,2,0,0,0,0,0,0,0,0,0
13556382,1909,0,2,0,0,0,0,0,0,0,0,0
13560026,1910,0,2,0,0,0,0,0,0,0,0,0
13563670,1911,0,2,0,0,0,0,0,0,0,0,0
13567314,1912,0,2,0,0,0,0,0,0,0,0,0
13570958,1913,0,2,0,0,0,0,0,0,0,0,0
13574602,1914,0,2,0,0,0,0,0,0,0,0,0
13578246,1915,0,2,0,0,0,0,0,0,0,0,0
13581890,1916,0,2,0,0,0,0,0,0,0,0,0
13585534,1917,0,2,0,0,0,0,0,0,0,0,0
13589178,1918,0,2,0,0,0,0,0,0,0,0,0
13592822,1919,0,2,0,0,0,0,0,0,0,0,0
13596466,1920,0,2,0,0,0,0,0,0,0,0,0
13600110,1921,0,2,0,0,0,0,0,0,0,0,0
13603754,1922,0,2,0,0,0,0,0,0,0,0,0
13607398,1923,0,2,0,0,0,0,0,0,0,0,0
13611043,1924,0,2,0,0,0,0,0,0,0,0,0
13614686,1925,0,2,0,0,0,0,0,0,0,0,0
13618330,1926,0,2,0,0,0,0,0,0,0,0,0
13621974,1927,0,2,0,0,0,0,0,0,0,0,0
13625618,1928,0,2,0,0,0,0,0,0,0,0,0
13629262,1929,0,2,0,0,0,0,0,0,0,0,0
13632906,1930,0,2,0,0,0,0,0,0,0,0,0
13636551,1931,0,2,0,0,0,0,0,0,0,0,0
13640194,1932,0,2,0,0,0,0,0,0,0,0,0
13643838,1933,0,2,0,0,0,0,0,0,0,0,0
13647482,1934,0,2,0,0,0,0,0,0,0,0,0
13651126,1935,0,2,0,0,0,0,0,0,0,0,0
13654770,1936,0,2,0,0,0,0,0,0,0,0,0
13658414,1937,0,2,0,0,0,0,0,0,0,0,0
13662058,1938,0,2,0,0,0,0,0,0,0,0,0
13665702,1939,0,2,0,0,0,0,0,0,0,0,0
13669346,1940,0,2,0,0,0,0,0,0,0,0,0
13672991,1941,0,2,0,0,0,0,0,0,0,0,0
13676634,1942,0,2,0,0,0,0,0,0,0,0,0
13680278,1943,0,2,0,0,0,0,0,0,0,0,0
13683922,1944,0,2,0,0,0,0,0,0,0,0,0
13687566,1945,0,2,0,0,0,0,0,0,0,0,0
13691210,1946,0,2,0,0,0,0,0,0,0,0,0
13694854,1947,0,2,0,0,0,0,0,0,0,0,0
13698498,1948,0,2,0,0,0,0,0,0,0,0,0
13702142,1949,0,2,0,0,0,0,0,0,0,0,0
13705786,1950,0,2,0,0,0,0,0,0,0,0,0
13709430,1951,0,2,0,0,0,0,0,0,0,0,0
13713074,1952,0,2,0,0,0,0,0,0,0,0,0
13716718,1953,0,2,0,0,0,0,0,0,0,0,0
13720362,1954,0,2,0,0,0,0,0,0,0,0,0
13724006,1955,0,2,0,0,0,0,0,0,0,0,0
13727650,1956,0,2,0,0,0,0,0,0,0,0,0
13731294,1957,0,2,0,0,0,0,0,0,0,0,0
13734938,1958,0,2,0,0,0,0,0,0,0,0,0
13738582,1959,0,2,0,0,0,0,0,0,0,0,0
13742226,1960,0,2,0,0,0,0,0,0,0,0,0
13745870,1961,0,2,0,0,0,0,0,0,0,0,0
13749514,1962,0,2,0,0,0,0,0,0,0,0,0
13753158,1963,0,2,0,0,0,0,0,0,0,0,0
13756802,1964,0,2,0,0,0,0,0,0,0,0,0
13760446,1965,0,2,0,0,0,0,0,0,0,0,0
13764090,1966,0,2,0,0,0,0,0,0,0,0,0
13767734,1967,0,2,0,0,0,0,0,0,0,0,0
13771378,1968,0,2,0,0,0,0,0,0,0,0,0
13775022,1969,0,2,0,0,0,0,0,0,0,0,0
13778666,1970,0,2,0,0,0,0,0,0,0,0,0
13782311,1971,0,2,0,0,0,0,0,0,0,0,0
13785954,1972,0,2,0,0,0,0,0,0,0,0,0
13789598,1973,0,2,0,0,0,0,0,0,0,0,0
13793242,1974,0,2,0,0,0,0,0,0,0,0,0
13796886,1975,0,2,0,0,0,0,0,0,0,0,0
13800530,1976,0,2,0,0,0,0,0,0,0,0,0
13804174,1977,0,2,0,0,0,0,0,0,0,0,0
13807818,1978,0,2,0,0,0,0,0,0,0,0,0
13811462,1979,0,2,0,0,0,0,0,0,0,0,0
13815106,1980,0,2,0,0,0,0,0,0,0,0,0
13818750,1981,0,2,0,0,0,0,0,0,0,0,0
13822394,1982,0,2,0,0,0,0,0,0,0,0,0
13826038,1983,0,2,0,0,0,0,0,0,0,0,0
13829682,1984,0,2,0,0,0,0,0,0,0,0,0
13833326,1985,0,2,0,0,0,0,0,0,0,0,0
13836970,1986,0,2,0,0,0,0,0,0,0,0,0
13840614,1987,0,2,0,0,0,0,0,0,0,0,0
13844258,1988,0,2,0,0,0,0,0,0,0,0,0
13847902,1989,0,2,0,0,0,0,0,0,0,0,0
13851546,1990,0,2,0,0,0,0,0,0,0,0,0
13855191,1991,0,2,0,0,0,0,0,0,0,0,0
13858834,1992,0,2,0,0,0,0,0,0,0,0,0
13862478,1993,0,2,0,0,0,0,0,0,0,0,0
13866122,1994,0,2,0,0,0,0,0,0,0,0,0
13869766,1995,0,2,0,0,0,0,0,0,0,0,0
13873410,1996,0,2,0,0,0,0,0,0,0,0,0
13877054,1997,0,2,0,0,0,0,0,0,0,0,0
13880698,1998,0,2,0,0,0,0,0,0,0,0,0
13884342,1999,0,2,0,0,0,0,0,0,0,0,0
13887986,2000,0,2,0,0,0,0,0,0,0,0,0
13891631,2001,0,2,0,0,0,0,0,0,0,0,0
13895274,2002,0,2,0,0,0,0,0,0,0,0,0
13898918,2003,0,2,0,0,0,0,0,0,0,0,0
13902562,2004,0,2,0,0,0,0,0,0,0,0,0
13906206,2005,0,2,0,0,0,0,0,0,0,0,0
13909850,2006,0,2,0,0,0,0,0,0,0,0,0
13913494,2007,0,2,0,0,0,0,0,0,0,0,0
13917138,2008,0,2,0,0,0,0,0,0,0,0,0
13920782,2009,0,2,0,0,0,0,0,0,0,0,0
13924426,2010,0,2,0,0,0,0,0,0,0,0,0
13928071,2011,0,2,0,0,0,0,0,0,0,0,0
13931714,2012,0,2,0,0,0,0,0,0,0,0,0
13935358,2013,0,2,0,0,0,0,0,0,0,0,0
13939002,2014,0,2,0,0,0,0,0,0,0,0,0
13942646,2015,0,2,0,0,0,0,0,0,0,0,0
13946290,2016,0,2,0,0,0,0,0,0,0,0,0
13949934,2017,0,2,0,0,0,0,0,0,0,0,0
13953578,2018,0,2,0,0,0,0,0,0,0,0,0
13957222,2019,0,2,0,0,0,0,0,0,0,0,0
13960866,2020,0,2,0,0,0,0,0,0,0,0,0
13964510,2021,0,2,0,0,0,0,0,0,0,0,0
13968154,2022,0,2,0,0,0,0,0,0,0,0,0
13971798,2023,0,2,0,0,0,0,0,0,0,0,0
13975442,2024,0,2,0,0,0,0,0,0,0,0,0
13979087,2025,0,2,0,0,0,0,0,0,0,0,0
13982730,2026,0,2,0,0,0,0,0,0,0,0,0
13986374,2027,0,2,0,0,0,0,0,0,0,0,0
13990018,2028,0,2,0,0,0,0,0,0,0,0,0
13993662,2029,0,2,0,0,0,0,0,0,0,0,0
13997306,2030,0,2,0,0,0,0,0,0,0,0,0
14000951,2031,0,2,0,0,0,0,0,0,0,0,0
14004594,2032,0,2,0,0,0,0,0,0,0,0,0
14008238,2033,0,2,0,0,0,0,0,0,0,0,0
14011882,2034,0,2,0,0,0,0,0,0,0,0,0
14015526,2035,0,2,0,0,0,0,0,0,0,0,0
14019170,2036,0,2,0,0,0,0,0,0,0,0,0
14022814,2037,0,2,0,0,0,0,0,0,0,0,0
14026458,2038,0,2,0,0,0,0,0,0,0,0,0
14030102,2039,0,2,0,0,0,0,0,0,0,0,0
14033746,2040,0,2,0,0,0,0,0,0,0,0,0
14037390,2041,0,2,0,0,0,0,0,0,0,0,0
14041034,2042,0,2,0,0,0,0,0,0,0,0,0
14044678,2043,0,2,0,0,0,0,0,0,0,0,0
14056740,2044,0,2,0,0,0,0,0,0,0,0,0
14060372,2045,0,2,0,0,0,0,0,0,0,0,0
14064016,2046,0,2,0,0,0,0,0,0,0,0,0
14067660,2047,0,2,0,0,0,0,0,0,0,0,0
14071304,2048,0,2,0,0,0,0,0,0,0,0,0
14074948,2049,0,2,0,0,0,0,0,0,0,0,0
14078592,2050,0,2,0,0,0,0,0,0,0,0,0
14082237,2051,0,2,0,0,0,0,0,0,0,0,0
14085880,2052,0,2,0,0,0,0,0,0,0,0,0
14089524,2053,0,2,0,0,0,0,0,0,0,0,0
14093168,2054,0,2,0,0,0,0,0,0,0,0,0
14096812,2055,0,2,0,0,0,0,0,0,0,0,0
14100456,2056,0,2,0,0,0,0,0,0,0,0,0
14104100,2057,0,2,0,0,0,0,0,0,0,0,0
14107744,2058,0,2,0,0,0,0,0,0,0,0,0
14111388,2059,0,2,0,0,0,0,0,0,0,0,0
14115033,2060,0,2,0,0,0,0,0,0,0,0,0
14118676,2061,0,2,0,0,0,0,0,0,0,0,0
14122320,2062,0,2,0,0,0,0,0,0,0,0,0
14125964,2063,0,2,0,0,0,0,0,0,0,0,0
14129608,2064,0,2,0,0,0,0,0,0,0,0,0
14133252,2065,0,2,0,0,0,0,0,0,0,0,0
14136896,2066,0,2,0,0,0,0,0,0,0,0,0
14140540,2067,0,2,0,0,0,0,0,0,0,0,0
14144184,2068,0,2,0,0,0,0,0,0,0,0,0
14147828,2069,0,2,0,0,0,0,0,0,0,0,0
14151472,2070,0,2,0,0,0,0,0,0,0,0,0
14155116,2071,0,2,0,0,0,0,0,0,0,0,0
14158760,2072,0,2,0,0,0,0,0,0,0,0,0
14162404,2073,0,2,0,0,0,0,0,0,0,0,0
14166049,2074,0,2,0,0,0,0,0,0,0,0,0
14169692,2075,0,2,0,0,0,0,0,0,0,0,0
14173336,2076,0,2,0,0,0,0,0,0,0,0,0
14176980,2077,0,2,0,0,0,0,0,0,0,0,0
14180624,2078,0,2,0,0,0,0,0,0,0,0,0
14184268,2079,0,2,0,0,0,0,0,0,0,0,0
14187912,2080,0,2,0,0,0,0,0,0,0,0,0
14191556,2081,0,2,0,0,0,0,0,0,0,0,0
14195200,2082,0,2,0,0,0,0,0,0,0,0,0
14198844,2083,0,2,0,0,0,0,0,0,0,0,0
14202488,2084,0,2,0,0,0,0,0,0,0,0,0
14206132,2085,0,2,0,0,0,0,0,0,0,0,0
14209776,2086,0,2,0,0,0,0,0,0,0,0,0
14213420,2087,0,2,0,0,0,0,0,0,0,0,0
14217064,2088,0,2,0,0,0,0,0,0,0,0,0
14220708,2089,0,2,0,0,0,0,0,0,0,0,0
14224352,2090,0,2,0,0,0,0,0,0,0,0,0
14227996,2091,0,2,0,0,0,0,0,0,0,0,0
14231640,2092,0,2,0,0,0,0,0,0,0,0,0
14235284,2093,0,2,0,0,0,0,0,0,0,0,0
14238928,2094,0,2,0,0,0,0,0,0,0,0,0
14242572,2095,0,2,0,0,0,0,0,0,0,0,0
14246216,2096,0,2,0,0,0,0,0,0,0,0,0
14249860,2097,0,2,0,0,0,0,0,0,0,0,0
14253504,2098,0,2,0,0,0,0,0,0,0,0,0
14257148,2099,0,2,0,0,0,0,0,0,0,0,0
14260792,2100,0,2,0,0,0,0,0,0,0,0,0
14264437,2101,0,2,0,0,0,0,0,0,0,0,0
14268080,2102,0,2,0,0,0,0,0,0,0,0,0
14271724,2103,0,2,0,0,0,0,0,0,0,0,0
14275368,2104,0,2,0,0,0,0,0,0,0,0,0
14279013,2105,0,2,0,0,0,0,0,0,0,0,0
14282656,2106,0,2,0,0,0,0,0,0,0,0,0
14286300,2107,0,2,0,0,0,0,0,0,0,0,0
14289944,2108,0,2,0,0,0,0,0,0,0,0,0
14293588,2109,0,2,0,0,0,0,0,0,0,0,0
14297232,2110,0,2,0,0,0,0,0,0,0,0,0
14300876,2111,0,2,0,0,0,0,0,0,0,0,0
14304520,2112,0,2,0,0,0,0,0,0,0,0,0
14308164,2113,0,2,0,0,0,0,0,0,0,0,0
14311808,2114,0,2,0,0,0,0,0,0,0,0,0
14315452,2115,0,2,0,0,0,0,0,0,0,0,0
14319096,2116,0,2,0,0,0,0,0,0,0,0,0
14322740,2117,0,2,0,0,0,0,0,0,0,0,0
14326384,2118,0,2,0,0,0,0,0,0,0,0,0
14330028,2119,0,2,0,0,0,0,0,0,0,0,0
14333672,2120,0,2,0,0,0,0,0,0,0,0,0
14337317,2121,0,2,0,0,0,0,0,0,0,0,0
14340960,2122,0,2,0,0,0,0,0,0,0,0,0
14344604,2123,0,2,0,0,0,0,0,0,0,0,0
14348248,2124,0,2,0,0,0,0,0,0,0,0,0
14351892,2125,0,2,0,0,0,0,0,0,0,0,0
14355536,2126,0,2,0,0,0,0,0,0,0,0,0
14359180,2127,0,2,0,0,0,0,0,0,0,0,0
14362824,2128,0,2,0,0,0,0,0,0,0,0,0
14366468,2129,0,2,0,0,0,0,0,0,0,0,0
14370112,2130,0,2,0,0,0,0,0,0,0,0,0
14373757,2131,0,2,0,0,0,0,0,0,0,0,0
14377400,2132,0,2,0,0,0,0,0,0,0,0,0
14381044,2133,0,2,0,0,0,0,0,0,0,0,0
14384688,2134,0,2,0,0,0,0,0,0,0,0,0
14388332,2135,0,2,0,0,0,0,0,0,0,0,0
14391976,2136,0,2,0,0,0,0,0,0,0,0,0
14395620,2137,0,2,0,0,0,0,0,0,0,0,0
14399264,2138,0,2,0,0,0,0,0,0,0,0,0
14402908,2139,0,2,0,0,0,0,0,0,0,0,0
14406552,2140,0,2,0,0,0,0,0,0,0,0,0
14410197,2141,0,2,0,0,0,0,0,0,0,0,0
14413840,2142,0,2,0,0,0,0,0,0,0,0,0
14417484,2143,0,2,0,0,0,0,0,0,0,0,0
14421128,2144,0,2,0,0,0,0,0,0,0,0,0
14424772,2145,0,2,0,0,0,0,0,0,0,0,0
14428416,2146,0,2,0,0,0,0,0,0,0,0,0
14432060,2147,0,2,0,0,0,0,0,0,0,0,0
14435704,2148,0,2,0,0,0,0,0,0,0,0,0
14439348,2149,0,2,0,0,0,0,0,0,0,0,0
14442992,2150,0,2,0,0,0,0,0,0,0,0,0
14446637,2151,0,2,0,0,0,0,0,0,0,0,0
14450280,2152,0,2,0,0,0,0,0,0,0,0,0
14453924,2153,0,2,0,0,0,0,0,0,0,0,0
14457568,2154,0,2,0,0,0,0,0,0,0,0,0
14461212,2155,0,2,0,0,0,0,0,0,0,0,0
14464856,2156,0,2,0,0,0,0,0,0,0,0,0
14468500,2157,0,2,0,0,0,0,0,0,0,0,0
14472144,2158,0,2,0,0,0,0,0,0,0,0,0
14475788,2159,0,2,0,0,0,0,0,0,0,0,0
14479432,2160,0,2,0,0,0,0,0,0,0,0,0
14483077,2161,0,2,0,0,0,0,0,0,0,0,0
14486720,2162,0,2,0,0,0,0,0,0,0,0,0
14490364,2163,0,2,0,0,0,0,0,0,0,0,0
14494008,2164,0,2,0,0,0,0,0,0,0,0,0
14497652,2165,0,2,0,0,0,0,0,0,0,0,0
14501296,2166,0,2,0,0,0,0,0,0,0,0,0
14504940,2167,0,2,0,0,0,0,0,0,0,0,0
14508584,2168,0,2,0,0,0,0,0,0,0,0,0
14512228,2169,0,2,0,0,0,0,0,0,0,0,0
14515872,2170,0,2,0,0,0,0,0,0,0,0,0
14519516,2171,0,2,0,0,0,0,0,0,0,0,0
14523160,2172,0,2,0,0,0,0,0,0,0,0,0
14526804,2173,0,2,0,0,0,0,0,0,0,0,0
14530448,2174,0,2,0,0,0,0,0,0,0,0,0
14534092,2175,0,2,0,0,0,0,0,0,0,0,0
14537736,2176,0,2,0,0,0,0,0,0,0,0,0
14541380,2177,0,2,0,0,0,0,0,0,0,0,0
14545024,2178,0,2,0,0,0,0,0,0,0,0,0
14548668,2179,0,2,0,0,0,0,0,0,0,0,0
14552312,2180,0,2,0,0,0,0,0,0,0,0,0
14555956,2181,0,2,0,0,0,0,0,0,0,0,0
14559600,2182,0,2,0,0,0,0,0,0,0,0,0
14563244,2183,0,2,0,0,0,0,0,0,0,0,0
14566888,2184,0,2,0,0,0,0,0,0,0,0,0
14570532,2185,0,2,0,0,0,0,0,0,0,0,0
14574176,2186,0,2,0,0,0,0,0,0,0,0,0
14577820,2187,0,2,0,0,0,0,0,0,0,0,0
14581464,2188,0,2,0,0,0,0,0,0,0,0,0
14585108,2189,0,2,0,0,0,0,0,0,0,0,0
14588752,2190,0,2,0,0,0,0,0,0,0,0,0
14592397,2191,0,2,0,0,0,0,0,0,0,0,0
14596040,2192,0,2,0,0,0,0,0,0,0,0,0
14599684,2193,0,2,0,0,0,0,0,0,0,0,0
14603328,2194,0,2,0,0,0,0,0,0,0,0,0
14606972,2195,0,2,0,0,0,0,0,0,0,0,0
14610616,2196,0,2,0,0,0,0,0,0,0,0,0
14614260,2197,0,2,0,0,0,0,0,0,0,0,0
14617904,2198,0,2,0,0,0,0,0,0,0,0,0
14621548,2199,0,2,0,0,0,0,0,0,0,0,0
14625192,2200,0,2,0,0,0,0,0,0,0,0,0
14628836,2201,0,2,0,0,0,0,0,0,0,0,0
14632480,2202,0,2,0,0,0,0,0,0,0,0,0
14636124,2203,0,2,0,0,0,0,0,0,0,0,0
14639768,2204,0,2,0,0,0,0,0,0,0,0,0
14643412,2205,0,2,0,0,0,0,0,0,0,0,0
14647056,2206,0,2,0,0,0,0,0,0,0,0,0
14650700,2207,0,2,0,0,0,0,0,0,0,0,0
14654344,2208,0,2,0,0,0,0,0,0,0,0,0
14657988,2209,0,2,0,0,0,0,0,0,0,0,0
14661632,2210,0,2,0,0,0,0,0,0,0,0,0
14665276,2211,0,2,0,0,0,0,0,0,0,0,0
14668920,2212,0,2,0,0,0,0,0,0,0,0,0
14672564,2213,0,2,0,0,0,0,0,0,0,0,0
14676208,2214,0,2,0,0,0,0,0,0,0,0,0
14679852,2215,0,2,0,0,0,0,0,0,0,0,0
14683496,2216,0,2,0,0,0,0,0,0,0,0,0
14687140,2217,0,2,0,0,0,0,0,0,0,0,0
14690784,2218,0,2,0,0,0,0,0,0,0,0,0
14694428,2219,0,2,0,0,0,0,0,0,0,0,0
14698072,2220,0,2,0,0,0,0,0,0,0,0,0
14701716,2221,0,2,0,0,0,0,0,0,0,0,0
14705360,2222,0,2,0,0,0,0,0,0,0,0,0
14709004,2223,0,2,0,0,0,0,0,0,0,0,0
14712648,2224,0,2,0,0,0,0,0,0,0,0,0
14716292,2225,0,2,0,0,0,0,0,0,0,0,0
14719936,2226,0,2,0,0,0,0,0,0,0,0,0
14723580,2227,0,2,0,0,0,0,0,0,0,0,0
14727224,2228,0,2,0,0,0,0,0,0,0,0,0
14730868,2229,0,2,0,0,0,0,0,0,0,0,0
14734512,2230,0,2,0,0,0,0,0,0,0,0,0
14738157,2231,0,2,0,0,0,0,0,0,0,0,0
14741800,2232,0,2,0,0,0,0,0,0,0,0,0
14745444,2233,0,2,0,0,0,0,0,0,0,0,0
14749088,2234,0,2,0,0,0,0,0,0,0,0,0
14752732,2235,0,2,0,0,0,0,0,0,0,0,0
14756376,2236,0,2,0,0,0,0,0,0,0,0,0
14760020,2237,0,2,0,0,0,0,0,0,0,0,0
14763664,2238,0,2,0,0,0,0,0,0,0,0,0
14767308,2239,0,2,0,0,0,0,0,0,0,0,0
14770952,2240,0,2,0,0,0,0,0,0,0,0,0
14774597,2241,0,2,0,0,0,0,0,0,0,0,0
14778240,2242,0,2,0,0,0,0,0,0,0,0,0
14781884,2243,0,2,0,0,0,0,0,0,0,0,0
14785528,2244,0,2,0,0,0,0,0,0,0,0,0
14789172,2245,0,2,0,0,0,0,0,0,0,0,0
14792816,2246,0,2,0,0,0,0,0,0,0,0,0
14796460,2247,0,2,0,0,0,0,0,0,0,0,0
14800104,2248,0,2,0,0,0,0,0,0,0,0,0
14803748,2249,0,2,0,0,0,0,0,0,0,0,0
14807392,2250,0,2,0,0,0,0,0,0,0,0,0
14811037,2251,0,2,0,0,0,0,0,0,0,0,0
14814680,2252,0,2,0,0,0,0,0,0,0,0,0
14818324,2253,0,2,0,0,0,0,0,0,0,0,0
14821968,2254,0,2,0,0,0,0,0,0,0,0,0
14825612,2255,0,2,0,0,0,0,0,0,0,0,0
14829256,2256,0,2,0,0,0,0,0,0,0,0,0
14832900,2257,0,2,0,0,0,0,0,0,0,0,0
14836544,2258,0,2,0,0,0,0,0,0,0,0,0
14840188,2259,0,2,0,0,0,0,0,0,0,0,0
14843832,2260,0,2,0,0,0,0,0,0,0,0,0
14847476,2261,0,2,0,0,0,0,0,0,0,0,0
14851120,2262,0,2,0,0,0,0,0,0,0,0,0
14854764,2263,0,2,0,0,0,0,0,0,0,0,0
14858408,2264,0,2,0,0,0,0,0,0,0,0,0
14862052,2265,0,2,0,0,0,0,0,0,0,0,0
14865696,2266,0,2,0,0,0,0,0,0,0,0,0
14869340,2267,0,2,0,0,0,0,0,0,0,0,0
14872984,2268,0,2,0,0,0,0,0,0,0,0,0
14876628,2269,0,2,0,0,0,0,0,0,0,0,0
14880272,2270,0,2,0,0,0,0,0,0,0,0,0
14897854,2271,0,2,0,0,0,0,0,0,0,0,0
14901486,2272,0,2,0,0,0,0,0,0,0,0,0
14905130,2273,0,2,0,0,0,0,0,0,0,0,0
14908774,2274,0,2,0,0,0,0,0,0,0,0,0
14912418,2275,0,2,0,0,0,0,0,0,0,0,0
14916062,2276,0,2,0,0,0,0,0,0,0,0,0
14919706,2277,0,2,0,0,0,0,0,0,0,0,0
14923350,2278,0,2,0,0,0,0,0,0,0,0,0
14926994,2279,0,2,0,0,0,0,0,0,0,0,0
14930638,2280,0,2,0,0,0,0,0,0,0,0,0
14934283,2281,0,2,0,0,0,0,0,0,0,0,0
14937926,2282,0,2,0,0,0,0,0,0,0,0,0
14941570,2283,0,2,0,0,0,0,0,0,0,0,0
14945214,2284,0,2,0,0,0,0,0,0,0,0,0
14948858,2285,0,2,0,0,0,0,0,0,0,0,0
14952502,2286,0,2,0,0,0,0,0,0,0,0,0
14956146,2287,0,2,0,0,0,0,0,0,0,0,0
14959790,2288,0,2,0,0,0,0,0,0,0,0,0
14963434,2289,0,2,0,0,0,0,0,0,0,0,0
14967078,2290,0,2,0,0,0,0,0,0,0,0,0
14970723,2291,0,2,0,0,0,0,0,0,0,0,0
14974366,2292,0,2,0,0,0,0,0,0,0,0,0
14978010,2293,0,2,0,0,0,0,0,0,0,0,0
14981654,2294,0,2,0,0,0,0,0,0,0,0,0
14985298,2295,0,2,0,0,0,0,0,0,0,0,0
14988942,2296,0,2,0,0,0,0,0,0,0,0,0
14992586,2297,0,2,0,0,0,0,0,0,0,0,0
14996230,2298,0,2,0,0,0,0,0,0,0,0,0
14999874,2299,0,2,0,0,0,0,0,0,0,0,0
15003518,2300,0,2,0,0,0,0,0,0,0,0,0
15007163,2301,0,2,0,0,0,0,0,0,0,0,0
15010806,2302,0,2,0,0,0,0,0,0,0,0,0
15014450,2303,0,2,0,0,0,0,0,0,0,0,0
15018094,2304,0,2,0,0,0,0,0,0,0,0,0
15021738,2305,0,2,0,0,0,0,0,0,0,0,0
15025382,2306,0,2,0,0,0,0,0,0,0,0,0
15029026,2307,0,2,0,0,0,0,0,0,0,0,0
15032670,2308,0,2,0,0,0,0,0,0,0,0,0
15036314,2309,0,2,0,0,0,0,0,0,0,0,0
15039958,2310,0,2,0,0,0,0,0,0,0,0,0
15043602,2311,0,2,0,0,0,0,0,0,0,0,0
15047246,2312,0,2,0,0,0,0,0,0,0,0,0
15050890,2313,0,2,0,0,0,0,0,0,0,0,0
15054534,2314,0,2,0,0,0,0,0,0,0,0,0
15058178,2315,0,2,0,0,0,0,0,0,0,0,0
15061822,2316,0,2,0,0,0,0,0,0,0,0,0
15065466,2317,0,2,0,0,0,0,0,0,0,0,0
15069110,2318,0,2,0,0,0,0,0,0,0,0,0
15072754,2319,0,2,0,0,0,0,0,0,0,0,0
15076398,2320,0,2,0,0,0,0,0,0,0,0,0
15080043,2321,0,2,0,0,0,0,0,0,0,0,0
15083686,2322,0,2,0,0,0,0,0,0,0,0,0
15087330,2323,0,2,0,0,0,0,0,0,0,0,0
15090974,2324,0,2,0,0,0,0,0,0,0,0,0
15094618,2325,0,2,0,0,0,0,0,0,0,0,0
15098262,2326,0,2,0,0,0,0,0,0,0,0,0
15101906,2327,0,2,0,0,0,0,0,0,0,0,0
15105550,2328,0,2,0,0,0,0,0,0,0,0,0
15109194,2329,0,2,0,0,0,0,0,0,0,0,0
15112838,2330,0,2,0,0,0,0,0,0,0,0,0
15116483,2331,0,2,0,0,0,0,0,0,0,0,0
15120126,2332,0,2,0,0,0,0,0,0,0,0,0
15123770,2333,0,2,0,0,0,0,0,0,0,0,0
15127414,2334,0,2,0,0,0,0,0,0,0,0,0
15131059,2335,0,2,0,0,0,0,0,0,0,0,0
15134702,2336,0,2,0,0,0,0,0,0,0,0,0
15138346,2337,0,2,0,0,0,0,0,0,0,0,0
15141990,2338,0,2,0,0,0,0,0,0,0,0,0
15145634,2339,0,2,0,0,0,0,0,0,0,0,0
15149278,2340,0,2,0,0,0,0,0,0,0,0,0
15152923,2341,0,2,0,0,0,0,0,0,0,0,0
15156566,2342,0,2,0,0,0,0,0,0,0,0,0
15160210,2343,0,2,0,0,0,0,0,0,0,0,0
15163854,2344,0,2,0,0,0,0,0,0,0,0,0
15167498,2345,0,2,0,0,0,0,0,0,0,0,0
15171142,2346,0,2,0,0,0,0,0,0,0,0,0
15174786,2347,0,2,0,0,0,0,0,0,0,0,0
15178430,2348,0,2,0,0,0,0,0,0,0,0,0
15182074,2349,0,2,0,0,0,0,0,0,0,0,0
15185718,2350,0,2,0,0,0,0,0,0,0,0,0
15189363,2351,0,2,0,0,0,0,0,0,0,0,0
15193006,2352,0,2,0,0,0,0,0,0,0,0,0
15196650,2353,0,2,0,0,0,0,0,0,0,0,0
15200294,2354,0,2,0,0,0,0,0,0,0,0,0
15203938,2355,0,2,0,0,0,0,0,0,0,0,0
15207582,2356,0,2,0,0,0,0,0,0,0,0,0
15211226,2357,0,2,0,0,0,0,0,0,0,0,0
15214870,2358,0,2,0,0,0,0,0,0,0,0,0
15218514,2359,0,2,0,0,0,0,0,0,0,0,0
15222158,2360,0,2,0,0,0,0,0,0,0,0,0
15225803,2361,0,2,0,0,0,0,0,0,0,0,0
15229446,2362,0,2,0,0,0,0,0,0,0,0,0
15233090,2363,0,2,0,0,0,0,0,0,0,0,0
15236734,2364,0,2,0,0,0,0,0,0,0,0,0
15240378,2365,0,2,0,0,0,0,0,0,0,0,0
15244022,2366,0,2,0,0,0,0,0,0,0,0,0
15247666,2367,0,2,0,0,0,0,0,0,0,0,0
15251310,2368,0,2,0,0,0,0,0,0,0,0,0
15254954,2369,0,2,0,0,0,0,0,0,0,0,0
15258598,2370,0,2,0,0,0,0,0,0,0,0,0
15262242,2371,0,2,0,0,0,0,0,0,0,0,0
15265886,2372,0,2,0,0,0,0,0,0,0,0,0
15269530,2373,0,2,0,0,0,0,0,0,0,0,0
15273174,2374,0,2,0,0,0,0,0,0,0,0,0
15276818,2375,0,2,0,0,0,0,0,0,0,0,0
15280462,2376,0,2,0,0,0,0,0,0,0,0,0
15284106,2377,0,2,0,0,0,0,0,0,0,0,0
15287750,2378,0,2,0,0,0,0,0,0,0,0,0
15291394,2379,0,2,0,0,0,0,0,0,0,0,0
15295038,2380,0,2,0,0,0,0,0,0,0,0,0
15298682,2381,0,2,0,0,0,0,0,0,0,0,0
15302326,2382,0,2,0,0,0,0,0,0,0,0,0
15305970,2383,0,2,0,0,0,0,0,0,0,0,0
15309614,2384,0,2,0,0,0,0,0,0,0,0,0
15313258,2385,0,2,0,0,0,0,0,0,0,0,0
15316902,2386,0,2,0,0,0,0,0,0,0,0,0
15320546,2387,0,2,0,0,0,0,0,0,0,0,0
15324190,2388,0,2,0,0,0,0,0,0,0,0,0
15327834,2389,0,2,0,0,0,0,0,0,0,0,0
15331478,2390,0,2,0,0,0,0,0,0,0,0,0
15335123,2391,0,2,0,0,0,0,0,0,0,0,0
15338766,2392,0,2,0,0,0,0,0,0,0,0,0
15342410,2393,0,2,0,0,0,0,0,0,0,0,0
15346054,2394,0,2,0,0,0,0,0,0,0,0,0
15349698,2395,0,2,0,0,0,0,0,0,0,0,0
15353342,2396,0,2,0,0,0,0,0,0,0,0,0
15356986,2397,0,2,0,0,0,0,0,0,0,0,0
15360630,2398,0,2,0,0,0,0,0,0,0,0,0
15364274,2399,0,2,0,0,0,0,0,0,0,0,0
15367918,2400,0,2,0,0,0,0,0,0,0,0,0
15371562,2401,0,2,0,0,0,0,0,0,0,0,0
15375207,2402,0,2,0,0,0,0,0,0,0,0,0
15378850,2403,0,2,0,0,0,0,0,0,0,0,0
15382494,2404,0,2,0,0,0,0,0,0,0,0,0
15386138,2405,0,2,0,0,0,0,0,0,0,0,0
15389782,2406,0,2,0,0,0,0,0,0,0,0,0
15393426,2407,0,2,0,0,0,0,0,0,0,0,0
15397070,2408,0,2,0,0,0,0,0,0,0,0,0
15400714,2409,0,2,0,0,0,0,0,0,0,0,0
15404358,2410,0,2,0,0,0,0,0,0,0,0,0
15408003,2411,0,2,0,0,0,0,0,0,0,0,0
15411646,2412,0,2,0,0,0,0,0,0,0,0,0
15415290,2413,0,2,0,0,0,0,0,0,0,0,0
15418934,2414,0,2,0,0,0,0,0,0,0,0,0
15422578,2415,0,2,0,0,0,0,0,0,0,0,0
15426222,2416,0,2,0,0,0,0,0,0,0,0,0
15429866,2417,0,2,0,0,0,0,0,0,0,0,0
15433510,2418,0,2,0,0,0,0,0,0,0,0,0
15437154,2419,0,2,0,0,0,0,0,0,0,0,0
15440798,2420,0,2,0,0,0,0,0,0,0,0,0
15444443,2421,0,2,0,0,0,0,0,0,0,0,0
15448086,2422,0,2,0,0,0,0,0,0,0,0,0
15451730,2423,0,2,0,0,0,0,0,0,0,0,0
15455374,2424,0,2,0,0,0,0,0,0,0,0,0
15459018,2425,0,2,0,0,0,0,0,0,0,0,0
15462662,2426,0,2,0,0,0,0,0,0,0,0,0
15466306,2427,0,2,0,0,0,0,0,0,0,0,0
15469950,2428,0,2,0,0,0,0,0,0,0,0,0
15473594,2429,0,2,0,0,0,0,0,0,0,0,0
15477238,2430,0,2,0,0,0,0,0,0,0,0,0
15480882,2431,0,2,0,0,0,0,0,0,0,0,0
15484526,2432,0,2,0,0,0,0,0,0,0,0,0
15488170,2433,0,2,0,0,0,0,0,0,0,0,0
15491814,2434,0,2,0,0,0,0,0,0,0,0,0
15495458,2435,0,2,0,0,0,0,0,0,0,0,0
15499102,2436,0,2,0,0,0,0,0,0,0,0,0
15502746,2437,0,2,0,0,0,0,0,0,0,0,0
15506390,2438,0,2,0,0,0,0,0,0,0,0,0
15510034,2439,0,2,0,0,0,0,0,0,0,0,0
15513678,2440,0,2,0,0,0,0,0,0,0,0,0
15517323,2441,0,2,0,0,0,0,0,0,0,0,0
15520966,2442,0,2,0,0,0,0,0,0,0,0,0
15524610,2443,0,2,0,0,0,0,0,0,0,0,0
15528254,2444,0,2,0,0,0,0,0,0,0,0,0
15531898,2445,0,2,0,0,0,0,0,0,0,0,0
15535542,2446,0,2,0,0,0,0,0,0,0,0,0
15539186,2447,0,2,0,0,0,0,0,0,0,0,0
15542830,2448,0,2,0,0,0,0,0,0,0,0,0
15546474,2449,0,2,0,0,0,0,0,0,0,0,0
15550118,2450,0,2,0,0,0,0,0,0,0,0,0
15553762,2451,0,2,0,0,0,0,0,0,0,0,0
15557406,2452,0,2,0,0,0,0,0,0,0,0,0
15561050,2453,0,2,0,0,0,0,0,0,0,0,0
15564694,2454,0,2,0,0,0,0,0,0,0,0,0
15568338,2455,0,2,0,0,0,0,0,0,0,0,0
15571982,2456,0,2,0,0,0,0,0,0,0,0,0
15575626,2457,0,2,0,0,0,0,0,0,0,0,0
15579270,2458,0,2,0,0,0,0,0,0,0,0,0
15582914,2459,0,2,0,0,0,0,0,0,0,0,0
15586558,2460,0,2,0,0,0,0,0,0,0,0,0
15590203,2461,0,2,0,0,0,0,0,0,0,0,0
15593846,2462,0,2,0,0,0,0,0,0,0,0,0
15597490,2463,0,2,0,0,0,0,0,0,0,0,0
15601134,2464,0,2,0,0,0,0,0,0,0,0,0
15604778,2465,0,2,0,0,0,0,0,0,0,0,0
15608422,2466,0,2,0,0,0,0,0,0,0,0,0
15612066,2467,0,2,0,0,0,0,0,0,0,0,0
15615710,2468,0,2,0,0,0,0,0,0,0,0,0
15619354,2469,0,2,0,0,0,0,0,0,0,0,0
15622998,2470,0,2,0,0,0,0,0,0,0,0,0
15626643,2471,0,2,0,0,0,0,0,0,0,0,0
15630286,2472,0,2,0,0,0,0,0,0,0,0,0
15633930,2473,0,2,0,0,0,0,0,0,0,0,0
15637574,2474,0,2,0,0,0,0,0,0,0,0,0
15641218,2475,0,2,0,0,0,0,0,0,0,0,0
15644862,2476,0,2,0,0,0,0,0,0,0,0,0
15648506,2477,0,2,0,0,0,0,0,0,0,0,0
15652150,2478,0,2,0,0,0,0,0,0,0,0,0
15655794,2479,0,2,0,0,0,0,0,0,0,0,0
15659438,2480,0,2,0,0,0,0,0,0,0,0,0
15663083,2481,0,2,0,0,0,0,0,0,0,0,0
15666726,2482,0,2,0,0,0,0,0,0,0,0,0
15670370,2483,0,2,0,0,0,0,0,0,0,0,0
15674015,2484,0,2,0,0,0,0,0,0,0,0,0
15677658,2485,0,2,0,0,0,0,0,0,0,0,0
15681302,2486,0,2,0,0,0,0,0,0,0,0,0
15684946,2487,0,2,0,0,0,0,0,0,0,0,0
15688590,2488,0,2,0,0,0,0,0,0,0,0,0
15692234,2489,0,2,0,0,0,0,0,0,0,0,0
15695878,2490,0,2,0,0,0,0,0,0,0,0,0
15699523,2491,0,2,0,0,0,0,0,0,0,0,0
15703166,2492,0,2,0,0,0,0,0,0,0,0,0
15706810,2493,0,2,0,0,0,0,0,0,0,0,0
15710454,2494,0,2,0,0,0,0,0,0,0,0,0
15714098,2495,0,2,0,0,0,0,0,0,0,0,0
15717742,2496,0,2,0,0,0,0,0,0,0,0,0
15721386,2497,0,2,0,0,0,0,0,0,0,0,0
15733909,2498,0,2,0,0,0,0,0,0,0,0,0
15737540,2499,0,2,0,0,0,0,0,0,0,0,0
15741184,2500,0,2,0,0,0,0,0,0,0,0,0
15744828,2501,0,2,0,0,0,0,0,0,0,0,0
15748472,2502,0,2,0,0,0,0,0,0,0,0,0
15752116,2503,0,2,0,0,0,0,0,0,0,0,0
15755760,2504,0,2,0,0,0,0,0,0,0,0,0
15759404,2505,0,2,0,0,0,0,0,0,0,0,0
15763048,2506,0,2,0,0,0,0,0,0,0,0,0
15766692,2507,0,2,0,0,0,0,0,0,0,0,0
15770336,2508,0,2,0,0,0,0,0,0,0,0,0
15773980,2509,0,2,0,0,0,0,0,0,0,0,0
15777624,2510,0,2,0,0,0,0,0,0,0,0,0
15781269,2511,0,2,0,0,0,0,0,0,0,0,0
15784912,2512,0,2,0,0,0,0,0,0,0,0,0
15788556,2513,0,2,0,0,0,0,0,0,0,0,0
15792200,2514,0,2,0,0,0,0,0,0,0,0,0
15795844,2515,0,2,0,0,0,0,0,0,0,0,0
15799488,2516,0,2,0,0,0,0,0,0,0,0,0
15803132,2517,0,2,0,0,0,0,0,0,0,0,0
15806776,2518,0,2,0,0,0,0,0,0,0,0,0
15810420,2519,0,2,0,0,0,0,0,0,0,0,0
15814064,2520,0,2,0,0,0,0,0,0,0,0,0
15817709,2521,0,2,0,0,0,0,0,0,0,0,0
15821352,2522,0,2,0,0,0,0,0,0,0,0,0
15824996,2523,0,2,0,0,0,0,0,0,0,0,0
15828640,2524,0,2,0,0,0,0,0,0,0,0,0
15832284,2525,0,2,0,0,0,0,0,0,0,0,0
15835928,2526,0,2,0,0,0,0,0,0,0,0,0
15839572,2527,0,2,0,0,0,0,0,0,0,0,0
15843216,2528,0,2,0,0,0,0,0,0,0,0,0
15846860,2529,0,2,0,0,0,0,0,0,0,0,0
15850504,2530,0,2,0,0,0,0,0,0,0,0,0
15854148,2531,0,2,0,0,0,0,0,0,0,0,0
15857792,2532,0,2,0,0,0,0,0,0,0,0,0
15861436,2533,0,2,0,0,0,0,0,0,0,0,0
15865080,2534,0,2,0,0,0,0,0,0,0,0,0
15868724,2535,0,2,0,0,0,0,0,0,0,0,0
15872368,2536,0,2,0,0,0,0,0,0,0,0,0
15876013,2537,0,2,0,0,0,0,0,0,0,0,0
15879656,2538,0,2,0,0,0,0,0,0,0,0,0
15883300,2539,0,2,0,0,0,0,0,0,0,0,0
15886944,2540,0,2,0,0,0,0,0,0,0,0,0
15890589,2541,0,2,0,0,0,0,0,0,0,0,0
15894232,2542,0,2,0,0,0,0,0,0,0,0,0
15897876,2543,0,2,0,0,0,0,0,0,0,0,0
15901520,2544,0,2,0,0,0,0,0,0,0,0,0
15905164,2545,0,2,0,0,0,0,0,0,0,0,0
15908808,2546,0,2,0,0,0,0,0,0,0,0,0
15912452,2547,0,2,0,0,0,0,0,0,0,0,0
15916096,2548,0,2,0,0,0,0,0,0,0,0,0
15919740,2549,0,2,0,0,0,0,0,0,0,0,0
15923384,2550,0,2,0,0,0,0,0,0,0,0,0
15927029,2551,0,2,0,0,0,0,0,0,0,0,0
15930672,2552,0,2,0,0,0,0,0,0,0,0,0
15934316,2553,0,2,0,0,0,0,0,0,0,0,0
15937960,2554,0,2,0,0,0,0,0,0,0,0,0
15941604,2555,0,2,0,0,0,0,0,0,0,0,0
15945248,2556,0,2,0,0,0,0,0,0,0,0,0
15948892,2557,0,2,0,0,0,0,0,0,0,0,0
15952536,2558,0,2,0,0,0,0,0,0,0,0,0
15956180,2559,0,2,0,0,0,0,0,0,0,0,0
15959824,2560,0,2,0,0,0,0,0,0,0,0,0
15963469,2561,0,2,0,0,0,0,0,0,0,0,0
15967112,2562,0,2,0,0,0,0,0,0,0,0,0
15970756,2563,0,2,0,0,0,0,0,0,0,0,0
15974400,2564,0,2,0,0,0,0,0,0,0,0,0
15978044,2565,0,2,0,0,0,0,0,0,0,0,0
15981688,2566,0,2,0,0,0,0,0,0,0,0,0
15985332,2567,0,2,0,0,0,0,0,0,0,0,0
15988976,2568,0,2,0,0,0,0,0,0,0,0,0
15992620,2569,0,2,0,0,0,0,0,0,0,0,0
15996264,2570,0,2,0,0,0,0,0,0,0,0,0
16120000,2571,0,2,0,0,0,0,0,0,0,0,0
16123632,2572,0,2,0,0,0,0,0,0,0,0,0
16127276,2573,0,2,0,0,0,0,0,0,0,0,0
16130920,2574,0,2,0,0,0,0,0,0,0,0,0
16134564,2575,0,2,0,0,0,0,0,0,0,0,0
16138208,2576,0,2,0,0,0,0,0,0,0,0,0
16141852,2577,0,2,0,0,0,0,0,0,0,0,0
16145496,2578,0,2,0,0,0,0,0,0,0,0,0
16149140,2579,0,2,0,0,0,0,0,0,0,0,0
16152784,2580,0,2,0,0,0,0,0,0,0,0,0
16156429,2581,0,2,0,0,0,0,0,0,0,0,0
16160072,2582,0,2,0,0,0,0,0,0,0,0,0
16163716,2583,0,2,0,0,0,0,0,0,0,0,0
16167360,2584,0,2,0,0,0,0,0,0,0,0,0
16171004,2585,0,2,0,0,0,0,0,0,0,0,0
16174648,2586,0,2,0,0,0,0,0,0,0,0,0
16178292,2587,0,2,0,0,0,0,0,0,0,0,0
16181936,2588,0,2,0,0,0,0,0,0,0,0,0
16185580,2589,0,2,0,0,0,0,0,0,0,0,0
16189224,2590,0,2,0,0,0,0,0,0,0,0,0
16192869,2591,0,2,0,0,0,0,0,0,0,0,0
16196512,2592,0,2,0,0,0,0,0,0,0,0,0
16200157,2593,0,2,0,0,0,0,0,0,0,0,0
16203800,2594,0,2,0,0,0,0,0,0,0,0,0
16207444,2595,0,2,0,0,0,0,0,0,0,0,0
16211088,2596,0,2,0,0,0,0,0,0,0,0,0
16214732,2597,0,2,0,0,0,0,0,0,0,0,0
16218376,2598,0,2,0,0,0,0,0,0,0,0,0
16222020,2599,0,2,0,0,0,0,0,0,0,0,0
16225664,2600,0,2,0,0,0,0,0,0,0,0,0
16229309,2601,0,2,0,0,0,0,0,0,0,0,0
16232952,2602,0,2,0,0,0,0,0,0,0,0,0
16236596,2603,0,2,0,0,0,0,0,0,0,0,0
16240240,2604,0,2,0,0,0,0,0,0,0,0,0
16243884,2605,0,2,0,0,0,0,0,0,0,0,0
16247528,2606,0,2,0,0,0,0,0,0,0,0,0
16251172,2607,0,2,0,0,0,0,0,0,0,0,0
16254816,2608,0,2,0,0,0,0,0,0,0,0,0
16258460,2609,0,2,0,0,0,0,0,0,0,0,0
16262104,2610,0,2,0,0,0,0,0,0,0,0,0
16265749,2611,0,2,0,0,0,0,0,0,0,0,0
16269392,2612,0,2,0,0,0,0,0,0,0,0,0
16273036,2613,0,2,0,0,0,0,0,0,0,0,0
16276680,2614,0,2,0,0,0,0,0,0,0,0,0
16280324,2615,0,2,0,0,0,0,0,0,0,0,0
16283968,2616,0,2,0,0,0,0,0,0,0,0,0
16287612,2617,0,2,0,0,0,0,0,0,0,0,0
16291256,2618,0,2,0,0,0,0,0,0,0,0,0
16294900,2619,0,2,0,0,0,0,0,0,0,0,0
16298544,2620,0,2,0,0,0,0,0,0,0,0,0
16302189,2621,0,2,0,0,0,0,0,0,0,0,0
16305832,2622,0,2,0,0,0,0,0,0,0,0,0
16309476,2623,0,2,0,0,0,0,0,0,0,0,0
16313120,2624,0,2,0,0,0,0,0,0,0,0,0
16316764,2625,0,2,0,0,0,0,0,0,0,0,0
16320408,2626,0,2,0,0,0,0,0,0,0,0,0
16324052,2627,0,2,0,0,0,0,0,0,0,0,0
16327696,2628,0,2,0,0,0,0,0,0,0,0,0
16331340,2629,0,2,0,0,0,0,0,0,0,0,0
16334984,2630,0,2,0,0,0,0,0,0,0,0,0
16338629,2631,0,2,0,0,0,0,0,0,0,0,0
16342272,2632,0,2,0,0,0,0,0,0,0,0,0
16345916,2633,0,2,0,0,0,0,0,0,0,0,0
16349560,2634,0,2,0,0,0,0,0,0,0,0,0
16353204,2635,0,2,0,0,0,0,0,0,0,0,0
16356848,2636,0,2,0,0,0,0,0,0,0,0,0
16360492,2637,0,2,0,0,0,0,0,0,0,0,0
16364136,2638,0,2,0,0,0,0,0,0,0,0,0
16367780,2639,0,2,0,0,0,0,0,0,0,0,0
16371424,2640,0,2,0,0,0,0,0,0,0,0,0
16375069,2641,0,2,0,0,0,0,0,0,0,0,0
16378712,2642,0,2,0,0,0,0,0,0,0,0,0
16382356,2643,0,2,0,0,0,0,0,0,0,0,0
16386000,2644,0,2,0,0,0,0,0,0,0,0,0
16389644,2645,0,2,0,0,0,0,0,0,0,0,0
16393288,2646,0,2,0,0,0,0,0,0,0,0,0
16396932,2647,0,2,0,0,0,0,0,0,0,0,0
16400576,2648,0,2,0,0,0,0,0,0,0,0,0
16404220,2649,0,2,0,0,0,0,0,0,0,0,0
16407864,2650,0,2,0,0,0,0,0,0,0,0,0
16411509,2651,0,2,0,0,0,0,0,0,0,0,0
16415152,2652,0,2,0,0,0,0,0,0,0,0,0
16418796,2653,0,2,0,0,0,0,0,0,0,0,0
16422440,2654,0,2,0,0,0,0,0,0,0,0,0
16426084,2655,0,2,0,0,0,0,0,0,0,0,0
16429728,2656,0,2,0,0,0,0,0,0,0,0,0
16433372,2657,0,2,0,0,0,0,0,0,0,0,0
16437016,2658,0,2,0,0,0,0,0,0,0,0,0
16440660,2659,0,2,0,0,0,0,0,0,0,0,0
16444304,2660,0,2,0,0,0,0,0,0,0,0,0
16447949,2661,0,2,0,0,0,0,0,0,0,0,0
16451592,2662,0,2,0,0,0,0,0,0,0,0,0
16455236,2663,0,2,0,0,0,0,0,0,0,0,0
16458880,2664,0,2,0,0,0,0,0,0,0,0,0
16462524,2665,0,2,0,0,0,0,0,0,0,0,0
16466168,2666,0,2,0,0,0,0,0,0,0,0,0
16469812,2667,0,2,0,0,0,0,0,0,0,0,0
16473456,2668,0,2,0,0,0,0,0,0,0,0,0
16477100,2669,0,2,0,0,0,0,0,0,0,0,0
16480744,2670,0,2,0,0,0,0,0,0,0,0,0
16484389,2671,0,2,0,0,0,0,0,0,0,0,0
16488032,2672,0,2,0,0,0,0,0,0,0,0,0
16491676,2673,0,2,0,0,0,0,0,0,0,0,0
16495320,2674,0,2,0,0,0,0,0,0,0,0,0
16498964,2675,0,2,0,0,0,0,0,0,0,0,0
16502608,2676,0,2,0,0,0,0,0,0,0,0,0
16506252,2677,0,2,0,0,0,0,0,0,0,0,0
16509896,2678,0,2,0,0,0,0,0,0,0,0,0
16513540,2679,0,2,0,0,0,0,0,0,0,0,0
16517184,2680,0,2,0,0,0,0,0,0,0,0,0
16520829,2681,0,2,0,0,0,0,0,0,0,0,0
16524472,2682,0,2,0,0,0,0,0,0,0,0,0
16528116,2683,0,2,0,0,0,0,0,0,0,0,0
16531760,2684,0,2,0,0,0,0,0,0,0,0,0
16535404,2685,0,2,0,0,0,0,0,0,0,0,0
16539048,2686,0,2,0,0,0,0,0,0,0,0,0
16542692,2687,0,2,0,0,0,0,0,0,0,0,0
16546336,2688,0,2,0,0,0,0,0,0,0,0,0
16549980,2689,0,2,0,0,0,0,0,0,0,0,0
16553624,2690,0,2,0,0,0,0,0,0,0,0,0
16557269,2691,0,2,0,0,0,0,0,0,0,0,0
16560912,2692,0,2,0,0,0,0,0,0,0,0,0
16564556,2693,0,2,0,0,0,0,0,0,0,0,0
16568200,2694,0,2,0,0,0,0,0,0,0,0,0
16571844,2695,0,2,0,0,0,0,0,0,0,0,0
16575488,2696,0,2,0,0,0,0,0,0,0,0,0
16579132,2697,0,2,0,0,0,0,0,0,0,0,0
16582776,2698,0,2,0,0,0,0,0,0,0,0,0
16586420,2699,0,2,0,0,0,0,0,0,0,0,0
16590064,2700,0,2,0,0,0,0,0,0,0,0,0
16593709,2701,0,2,0,0,0,0,0,0,0,0,0
16597352,2702,0,2,0,0,0,0,0,0,0,0,0
16600996,2703,0,2,0,0,0,0,0,0,0,0,0
16604640,2704,0,2,0,0,0,0,0,0,0,0,0
16608284,2705,0,2,0,0,0,0,0,0,0,0,0
16611928,2706,0,2,0,0,0,0,0,0,0,0,0
16615572,2707,0,2,0,0,0,0,0,0,0,0,0
16619216,2708,0,2,0,0,0,0,0,0,0,0,0
16622860,2709,0,2,0,0,0,0,0,0,0,0,0
16626504,2710,0,2,0,0,0,0,0,0,0,0,0
16630149,2711,0,2,0,0,0,0,0,0,0,0,0
16633792,2712,0,2,0,0,0,0,0,0,0,0,0
16637436,2713,0,2,0,0,0,0,0,0,0,0,0
16641080,2714,0,2,0,0,0,0,0,0,0,0,0
16644724,2715,0,2,0,0,0,0,0,0,0,0,0
16648368,2716,0,2,0,0,0,0,0,0,0,0,0
16652013,2717,0,2,0,0,0,0,0,0,0,0,0
16655656,2718,0,2,0,0,0,0,0,0,0,0,0
16659300,2719,0,2,0,0,0,0,0,0,0,0,0
16662944,2720,0,2,0,0,0,0,0,0,0,0,0
16666589,2721,0,2,0,0,0,0,0,0,0,0,0
16670232,2722,0,2,0,0,0,0,0,0,0,0,0
16673876,2723,0,2,0,0,0,0,0,0,0,0,0
16677520,2724,0,2,0,0,0,0,0,0,0,0,0
16691082,2725,0,2,0,0,0,0,0,0,0,0,0
16694713,2726,0,2,0,0,0,0,0,0,0,0,0
16698357,2727,0,2,0,0,0,0,0,0,0,0,0
16702001,2728,0,2,0,0,0,0,0,0,0,0,0
16705645,2729,0,2,0,0,0,0,0,0,0,0,0
16709289,2730,0,2,0,0,0,0,0,0,0,0,0
16712934,2731,0,2,0,0,0,0,0,0,0,0,0
16716577,2732,0,2,0,0,0,0,0,0,0,0,0
16720221,2733,0,2,0,0,0,0,0,0,0,0,0
16723865,2734,0,2,0,0,0,0,0,0,0,0,0
16727509,2735,0,2,0,0,0,0,0,0,0,0,0
16731153,2736,0,2,0,0,0,0,0,0,0,0,0
16734797,2737,0,2,0,0,0,0,0,0,0,0,0
16738441,2738,0,2,0,0,0,0,0,0,0,0,0
16742085,2739,0,2,0,0,0,0,0,0,0,0,0
16745729,2740,0,2,0,0,0,0,0,0,0,0,0
16749374,2741,0,2,0,0,0,0,0,0,0,0,0
16753017,2742,0,2,0,0,0,0,0,0,0,0,0
16756661,2743,0,2,0,0,0,0,0,0,0,0,0
16760305,2744,0,2,0,0,0,0,0,0,0,0,0
16763949,2745,0,2,0,0,0,0,0,0,0,0,0
16767593,2746,0,2,0,0,0,0,0,0,0,0,0
16771237,2747,0,2,0,0,0,0,0,0,0,0,0
16774881,2748,0,2,0,0,0,0,0,0,0,0,0
16778525,2749,0,2,0,0,0,0,0,0,0,0,0
16782169,2750,0,2,0,0,0,0,0,0,0,0,0
16785814,2751,0,2,0,0,0,0,0,0,0,0,0
16789457,2752,0,2,0,0,0,0,0,0,0,0,0
16793101,2753,0,2,0,0,0,0,0,0,0,0,0
16796745,2754,0,2,0,0,0,0,0,0,0,0,0
16800389,2755,0,2,0,0,0,0,0,0,0,0,0
16804034,2756,0,2,0,0,0,0,0,0,0,0,0
16807677,2757,0,2,0,0,0,0,0,0,0,0,0
16811321,2758,0,2,0,0,0,0,0,0,0,0,0
16814965,2759,0,2,0,0,0,0,0,0,0,0,0
16818609,2760,0,2,0,0,0,0,0,0,0,0,0
16822254,2761,0,2,0,0,0,0,0,0,0,0,0
16825897,2762,0,2,0,0,0,0,0,0,0,0,0
16829541,2763,0,2,0,0,0,0,0,0,0,0,0
16833185,2764,0,2,0,0,0,0,0,0,0,0,0
16836829,2765,0,2,0,0,0,0,0,0,0,0,0
16840473,2766,0,2,0,0,0,0,0,0,0,0,0
16844117,2767,0,2,0,0,0,0,0,0,0,0,0
16847761,2768,0,2,0,0,0,0,0,0,0,0,0
16851405,2769,0,2,0,0,0,0,0,0,0,0,0
16855049,2770,0,2,0,0,0,0,0,0,0,0,0
16858694,2771,0,2,0,0,0,0,0,0,0,0,0
16862337,2772,0,2,0,0,0,0,0,0,0,0,0
16865981,2773,0,2,0,0,0,0,0,0,0,0,0
16869625,2774,0,2,0,0,0,0,0,0,0,0,0
16873269,2775,0,2,0,0,0,0,0,0,0,0,0
16876913,2776,0,2,0,0,0,0,0,0,0,0,0
16880557,2777,0,2,0,0,0,0,0,0,0,0,0
16884201,2778,0,2,0,0,0,0,0,0,0,0,0
16887845,2779,0,2,0,0,0,0,0,0,0,0,0
16891489,2780,0,2,0,0,0,0,0,0,0,0,0
16895134,2781,0,2,0,0,0,0,0,0,0,0,0
16898777,2782,0,2,0,0,0,0,0,0,0,0,0
16902421,2783,0,2,0,0,0,0,0,0,0,0,0
16906065,2784,0,2,0,0,0,0,0,0,0,0,0
16909709,2785,0,2,0,0,0,0,0,0,0,0,0
16913353,2786,0,2,0,0,0,0,0,0,0,0,0
16916997,2787,0,2,0,0,0,0,0,0,0,0,0
16920641,2788,0,2,0,0,0,0,0,0,0,0,0
16924285,2789,0,2,0,0,0,0,0,0,0,0,0
16927929,2790,0,2,0,0,0,0,0,0,0,0,0
16931574,2791,0,2,0,0,0,0,0,0,0,0,0
16935217,2792,0,2,0,0,0,0,0,0,0,0,0
16938861,2793,0,2,0,0,0,0,0,0,0,0,0
16942505,2794,0,2,0,0,0,0,0,0,0,0,0
16946149,2795,0,2,0,0,0,0,0,0,0,0,0
16949793,2796,0,2,0,0,0,0,0,0,0,0,0
16953437,2797,0,2,0,0,0,0,0,0,0,0,0
16957081,2798,0,2,0,0,0,0,0,0,0,0,0
16960725,2799,0,2,0,0,0,0,0,0,0,0,0
16964369,2800,0,2,0,0,0,0,0,0,0,0,0
16968014,2801,0,2,0,0,0,0,0,0,0,0,0
16971657,2802,0,2,0,0,0,0,0,0,0,0,0
16975301,2803,0,2,0,0,0,0,0,0,0,0,0
16978945,2804,0,2,0,0,0,0,0,0,0,0,0
16982589,2805,0,2,0,0,0,0,0,0,0,0,0
16986233,2806,0,2,0,0,0,0,0,0,0,0,0
16989877,2807,0,2,0,0,0,0,0,0,0,0,0
16993521,2808,0,2,0,0,0,0,0,0,0,0,0
16997165,2809,0,2,0,0,0,0,0,0,0,0,0
17000809,2810,0,2,0,0,0,0,0,0,0,0,0
17004454,2811,0,2,0,0,0,0,0,0,0,0,0
17008097,2812,0,2,0,0,0,0,0,0,0,0,0
17011741,2813,0,2,0,0,0,0,0,0,0,0,0
17015385,2814,0,2,0,0,0,0,0,0,0,0,0
17019029,2815,0,2,0,0,0,0,0,0,0,0,0
17022673,2816,0,2,0,0,0,0,0,0,0,0,0
17026317,2817,0,2,0,0,0,0,0,0,0,0,0
17029961,2818,0,2,0,0,0,0,0,0,0,0,0
17033605,2819,0,2,0,0,0,0,0,0,0,0,0
17037249,2820,0,2,0,0,0,0,0,0,0,0,0
17040894,2821,0,2,0,0,0,0,0,0,0,0,0
17044537,2822,0,2,0,0,0,0,0,0,0,0,0
17048181,2823,0,2,0,0,0,0,0,0,0,0,0
17051825,2824,0,2,0,0,0,0,0,0,0,0,0
17055469,2825,0,2,0,0,0,0,0,0,0,0,0
17059113,2826,0,2,0,0,0,0,0,0,0,0,0
17062757,2827,0,2,0,0,0,0,0,0,0,0,0
17066401,2828,0,2,0,0,0,0,0,0,0,0,0
17070045,2829,0,2,0,0,0,0,0,0,0,0,0
17073689,2830,0,2,0,0,0,0,0,0,0,0,0
17077334,2831,0,2,0,0,0,0,0,0,0,0,0
17080977,2832,0,2,0,0,0,0,0,0,0,0,0
17084621,2833,0,2,0,0,0,0,0,0,0,0,0
17088265,2834,0,2,0,0,0,0,0,0,0,0,0
17091909,2835,0,2,0,0,0,0,0,0,0,0,0
17095553,2836,0,2,0,0,0,0,0,0,0,0,0
17099197,2837,0,2,0,0,0,0,0,0,0,0,0
17102841,2838,0,2,0,0,0,0,0,0,0,0,0
17106485,2839,0,2,0,0,0,0,0,0,0,0,0
17110129,2840,0,2,0,0,0,0,0,0,0,0,0
17113774,2841,0,2,0,0,0,0,0,0,0,0,0
17117417,2842,0,2,0,0,0,0,0,0,0,0,0
17121061,2843,0,2,0,0,0,0,0,0,0,0,0
17124705,2844,0,2,0,0,0,0,0,0,0,0,0
17128349,2845,0,2,0,0,0,0,0,0,0,0,0
17131993,2846,0,2,0,0,0,0,0,0,0,0,0
17135637,2847,0,2,0,0,0,0,0,0,0,0,0
17139281,2848,0,2,0,0,0,0,0,0,0,0,0
17142925,2849,0,2,0,0,0,0,0,0,0,0,0
17146569,2850,0,2,0,0,0,0,0,0,0,0,0
17150214,2851,0,2,0,0,0,0,0,0,0,0,0
17153857,2852,0,2,0,0,0,0,0,0,0,0,0
17157501,2853,0,2,0,0,0,0,0,0,0,0,0
17161145,2854,0,2,0,0,0,0,0,0,0,0,0
17164789,2855,0,2,0,0,0,0,0,0,0,0,0
17168433,2856,0,2,0,0,0,0,0,0,0,0,0
17172077,2857,0,2,0,0,0,0,0,0,0,0,0
17175721,2858,0,2,0,0,0,0,0,0,0,0,0
17179365,2859,0,2,0,0,0,0,0,0,0,0,0
17183010,2860,0,2,0,0,0,0,0,0,0,0,0
17186654,2861,0,2,0,0,0,0,0,0,0,0,0
17190297,2862,0,2,0,0,0,0,0,0,0,0,0
17193941,2863,0,2,0,0,0,0,0,0,0,0,0
17197585,2864,0,2,0,0,0,0,0,0,0,0,0
17201229,2865,0,2,0,0,0,0,0,0,0,0,0
17204873,2866,0,2,0,0,0,0,0,0,0,0,0
17208517,2867,0,2,0,0,0,0,0,0,0,0,0
17212161,2868,0,2,0,0,0,0,0,0,0,0,0
17215805,2869,0,2,0,0,0,0,0,0,0,0,0
17219449,2870,0,2,0,0,0,0,0,0,0,0,0
17223094,2871,0,2,0,0,0,0,0,0,0,0,0
17226737,2872,0,2,0,0,0,0,0,0,0,0,0
17230381,2873,0,2,0,0,0,0,0,0,0,0,0
17234026,2874,0,2,0,0,0,0,0,0,0,0,0
17237669,2875,0,2,0,0,0,0,0,0,0,0,0
17241313,2876,0,2,0,0,0,0,0,0,0,0,0
17244957,2877,0,2,0,0,0,0,0,0,0,0,0
17248601,2878,0,2,0,0,0,0,0,0,0,0,0
17252245,2879,0,2,0,0,0,0,0,0,0,0,0
17255889,2880,0,2,0,0,0,0,0,0,0,0,0
17259534,2881,0,2,0,0,0,0,0,0,0,0,0
17263177,2882,0,2,0,0,0,0,0,0,0,0,0
17266821,2883,0,2,0,0,0,0,0,0,0,0,0
17270465,2884,0,2,0,0,0,0,0,0,0,0,0
17274109,2885,0,2,0,0,0,0,0,0,0,0,0
17277753,2886,0,2,0,0,0,0,0,0,0,0,0
17281397,2887,0,2,0,0,0,0,0,0,0,0,0
17285041,2888,0,2,0,0,0,0,0,0,0,0,0
17288685,2889,0,2,0,0,0,0,0,0,0,0,0
17292329,2890,0,2,0,0,0,0,0,0,0,0,0
17295974,2891,0,2,0,0,0,0,0,0,0,0,0
17299617,2892,0,2,0,0,0,0,0,0,0,0,0
17303261,2893,0,2,0,0,0,0,0,0,0,0,0
17306905,2894,0,2,0,0,0,0,0,0,0,0,0
17310549,2895,0,2,0,0,0,0,0,0,0,0,0
17314193,2896,0,2,0,0,0,0,0,0,0,0,0
17317837,2897,0,2,0,0,0,0,0,0,0,0,0
17321481,2898,0,2,0,0,0,0,0,0,0,0,0
17325125,2899,0,2,0,0,0,0,0,0,0,0,0
17328769,2900,0,2,0,0,0,0,0,0,0,0,0
17332414,2901,0,2,0,0,0,0,0,0,0,0,0
17336057,2902,0,2,0,0,0,0,0,0,0,0,0
17339701,2903,0,2,0,0,0,0,0,0,0,0,0
17343345,2904,0,2,0,0,0,0,0,0,0,0,0
17346989,2905,0,2,0,0,0,0,0,0,0,0,0
17350633,2906,0,2,0,0,0,0,0,0,0,0,0
17354277,2907,0,2,0,0,0,0,0,0,0,0,0
17357921,2908,0,2,0,0,0,0,0,0,0,0,0
17361565,2909,0,2,0,0,0,0,0,0,0,0,0
17365209,2910,0,2,0,0,0,0,0,0,0,0,0
17368854,2911,0,2,0,0,0,0,0,0,0,0,0
17372497,2912,0,2,0,0,0,0,0,0,0,0,0
17376141,2913,0,2,0,0,0,0,0,0,0,0,0
17379785,2914,0,2,0,0,0,0,0,0,0,0,0
17383429,2915,0,2,0,0,0,0,0,0,0,0,0
17387073,2916,0,2,0,0,0,0,0,0,0,0,0
17390717,2917,0,2,0,0,0,0,0,0,0,0,0
17394361,2918,0,2,0,0,0,0,0,0,0,0,0
17398005,2919,0,2,0,0,0,0,0,0,0,0,0
17401649,2920,0,2,0,0,0,0,0,0,0,0,0
17405294,2921,0,2,0,0,0,0,0,0,0,0,0
17408937,2922,0,2,0,0,0,0,0,0,0,0,0
17412581,2923,0,2,0,0,0,0,0,0,0,0,0
17416225,2924,0,2,0,0,0,0,0,0,0,0,0
17419869,2925,0,2,0,0,0,0,0,0,0,0,0
17423513,2926,0,2,0,0,0,0,0,0,0,0,0
17427157,2927,0,2,0,0,0,0,0,0,0,0,0
17430801,2928,0,2,0,0,0,0,0,0,0,0,0
17434445,2929,0,2,0,0,0,0,0,0,0,0,0
17438089,2930,0,2,0,0,0,0,0,0,0,0,0
17441734,2931,0,2,0,0,0,0,0,0,0,0,0
17445377,2932,0,2,0,0,0,0,0,0,0,0,0
17449021,2933,0,2,0,0,0,0,0,0,0,0,0
17452665,2934,0,2,0,0,0,0,0,0,0,0,0
17456309,2935,0,2,0,0,0,0,0,0,0,0,0
17459953,2936,0,2,0,0,0,0,0,0,0,0,0
17463597,2937,0,2,0,0,0,0,0,0,0,0,0
17467242,2938,0,2,0,0,0,0,0,0,0,0,0
17470885,2939,0,2,0,0,0,0,0,0,0,0,0
17474529,2940,0,2,0,0,0,0,0,0,0,0,0
17478174,2941,0,2,0,0,0,0,0,0,0,0,0
17481817,2942,0,2,0,0,0,0,0,0,0,0,0
17485461,2943,0,2,0,0,0,0,0,0,0,0,0
17489105,2944,0,2,0,0,0,0,0,0,0,0,0
17492749,2945,0,2,0,0,0,0,0,0,0,0,0
17496393,2946,0,2,0,0,0,0,0,0,0,0,0
17500038,2947,0,2,0,0,0,0,0,0,0,0,0
17503681,2948,0,2,0,0,0,0,0,0,0,0,0
17507325,2949,0,2,0,0,0,0,0,0,0,0,0
17510969,2950,0,2,0,0,0,0,0,0,0,0,0
17514614,2951,0,2,0,0,0,0,0,0,0,0,0
17522904,2952,0,2,0,0,0,0,0,0,0,0,0
17526536,2953,0,2,0,0,0,0,0,0,0,0,0
17530180,2954,0,2,0,0,0,0,0,0,0,0,0
17533824,2955,0,2,0,0,0,0,0,0,0,0,0
17537468,2956,0,2,0,0,0,0,0,0,0,0,0
17541112,2957,0,2,0,0,0,0,0,0,0,0,0
17544756,2958,0,2,0,0,0,0,0,0,0,0,0
17548400,2959,0,2,0,0,0,0,0,0,0,0,0
17552044,2960,0,2,0,0,0,0,0,0,0,0,0
17555689,2961,0,2,0,0,0,0,0,0,0,0,0
17559332,2962,0,2,0,0,0,0,0,0,0,0,0
17562976,2963,0,2,0,0,0,0,0,0,0,0,0
17566620,2964,0,2,0,0,0,0,0,0,0,0,0
17570264,2965,0,2,0,0,0,0,0,0,0,0,0
17573908,2966,0,2,0,0,0,0,0,0,0,0,0
17577552,2967,0,2,0,0,0,0,0,0,0,0,0
17581196,2968,0,2,0,0,0,0,0,0,0,0,0
17584840,2969,0,2,0,0,0,0,0,0,0,0,0
17588484,2970,0,2,0,0,0,0,0,0,0,0,0
17592129,2971,0,2,0,0,0,0,0,0,0,0,0
17595772,2972,0,2,0,0,0,0,0,0,0,0,0
17599416,2973,0,2,0,0,0,0,0,0,0,0,0
17603060,2974,0,2,0,0,0,0,0,0,0,0,0
17606704,2975,0,2,0,0,0,0,0,0,0,0,0
17610348,2976,0,2,0,0,0,0,0,0,0,0,0
17613992,2977,0,2,0,0,0,0,0,0,0,0,0
17617636,2978,0,2,0,0,0,0,0,0,0,0,0
17621280,2979,0,2,0,0,0,0,0,0,0,0,0
17624924,2980,0,2,0,0,0,0,0,0,0,0,0
17628569,2981,0,2,0,0,0,0,0,0,0,0,0
17632212,2982,0,2,0,0,0,0,0,0,0,0,0
17635856,2983,0,2,0,0,0,0,0,0,0,0,0
17639500,2984,0,2,0,0,0,0,0,0,0,0,0
17643144,2985,0,2,0,0,0,0,0,0,0,0,0
17646788,2986,0,2,0,0,0,0,0,0,0,0,0
17650432,2987,0,2,0,0,0,0,0,0,0,0,0
17654077,2988,0,2,0,0,0,0,0,0,0,0,0
17657720,2989,0,2,0,0,0,0,0,0,0,0,0
17661364,2990,0,2,0,0,0,0,0,0,0,0,0
17665009,2991,0,2,0,0,0,0,0,0,0,0,0
17668652,2992,0,2,0,0,0,0,0,0,0,0,0
17672296,2993,0,2,0,0,0,0,0,0,0,0,0
17675940,2994,0,2,0,0,0,0,0,0,0,0,0
17679584,2995,0,2,0,0,0,0,0,0,0,0,0
17683228,2996,0,2,0,0,0,0,0,0,0,0,0
17686872,2997,0,2,0,0,0,0,0,0,0,0,0
17690516,2998,0,2,0,0,0,0,0,0,0,0,0
17694160,2999,0,2,0,0,0,0,0,0,0,0,0
17697804,3000,0,2,0,0,0,0,0,0,0,0,0
17701449,3001,0,2,0,0,0,0,0,0,0,0,0
17705092,3002,0,2,0,0,0,0,0,0,0,0,0
17708736,3003,0,2,0,0,0,0,0,0,0,0,0
17712380,3004,0,2,0,0,0,0,0,0,0,0,0
17716024,3005,0,2,0,0,0,0,0,0,0,0,0
17719668,3006,0,2,0,0,0,0,0,0,0,0,0
17723312,3007,0,2,0,0,0,0,0,0,0,0,0
17726956,3008,0,2,0,0,0,0,0,0,0,0,0
17730600,3009,0,2,0,0,0,0,0,0,0,0,0
17734244,3010,0,2,0,0,0,0,0,0,0,0,0
17737889,3011,0,2,0,0,0,0,0,0,0,0,0
17741532,3012,0,2,0,0,0,0,0,0,0,0,0
17745176,3013,0,2,0,0,0,0,0,0,0,0,0
17748820,3014,0,2,0,0,0,0,0,0,0,0,0
17752464,3015,0,2,0,0,0,0,0,0,0,0,0
17756108,3016,0,2,0,0,0,0,0,0,0,0,0
17759752,3017,0,2,0,0,0,0,0,0,0,0,0
17763396,3018,0,2,0,0,0,0,0,0,0,0,0
17767040,3019,0,2,0,0,0,0,0,0,0,0,0
17770684,3020,0,2,0,0,0,0,0,0,0,0,0
17774329,3021,0,2,0,0,0,0,0,0,0,0,0
17777972,3022,0,2,0,0,0,0,0,0,0,0,0
17781616,3023,0,2,0,0,0,0,0,0,0,0,0
17785260,3024,0,2,0,0,0,0,0,0,0,0,0
17788904,3025,0,2,0,0,0,0,0,0,0,0,0
17792548,3026,0,2,0,0,0,0,0,0,0,0,0
17796192,3027,0,2,0,0,0,0,0,0,0,0,0
17799836,3028,0,2,0,0,0,0,0,0,0,0,0
17803480,3029,0,2,0,0,0,0,0,0,0,0,0
17807124,3030,0,2,0,0,0,0,0,0,0,0,0
17810769,3031,0,2,0,0,0,0,0,0,0,0,0
17814412,3032,0,2,0,0,0,0,0,0,0,0,0
17818056,3033,0,2,0,0,0,0,0,0,0,0,0
17821700,3034,0,2,0,0,0,0,0,0,0,0,0
17825344,3035,0,2,0,0,0,0,0,0,0,0,0
17828988,3036,0,2,0,0,0,0,0,0,0,0,0
17832632,3037,0,2,0,0,0,0,0,0,0,0,0
17836276,3038,0,2,0,0,0,0,0,0,0,0,0
17839920,3039,0,2,0,0,0,0,0,0,0,0,0
17843564,3040,0,2,0,0,0,0,0,0,0,0,0
17847209,3041,0,2,0,0,0,0,0,0,0,0,0
17850852,3042,0,2,0,0,0,0,0,0,0,0,0
17854496,3043,0,2,0,0,0,0,0,0,0,0,0
17858140,3044,0,2,0,0,0,0,0,0,0,0,0
17861784,3045,0,2,0,0,0,0,0,0,0,0,0
17865428,3046,0,2,0,0,0,0,0,0,0,0,0
17869072,3047,0,2,0,0,0,0,0,0,0,0,0
17872716,3048,0,2,0,0,0,0,0,0,0,0,0
17876360,3049,0,2,0,0,0,0,0,0,0,0,0
17880004,3050,0,2,0,0,0,0,0,0,0,0,0
17883649,3051,0,2,0,0,0,0,0,0,0,0,0
17887292,3052,0,2,0,0,0,0,0,0,0,0,0
17890936,3053,0,2,0,0,0,0,0,0,0,0,0
17894580,3054,0,2,0,0,0,0,0,0,0,0,0
17898224,3055,0,2,0,0,0,0,0,0,0,0,0
17901868,3056,0,2,0,0,0,0,0,0,0,0,0
17905512,3057,0,2,0,0,0,0,0,0,0,0,0
17909156,3058,0,2,0,0,0,0,0,0,0,0,0
17912800,3059,0,2,0,0,0,0,0,0,0,0,0
17916444,3060,0,2,0,0,0,0,0,0,0,0,0
17920089,3061,0,2,0,0,0,0,0,0,0,0,0
17923732,3062,0,2,0,0,0,0,0,0,0,0,0
17927376,3063,0,2,0,0,0,0,0,0,0,0,0
17931020,3064,0,2,0,0,0,0,0,0,0,0,0
17934664,3065,0,2,0,0,0,0,0,0,0,0,0
17938308,3066,0,2,0,0,0,0,0,0,0,0,0
17941952,3067,0,2,0,0,0,0,0,0,0,0,0
17945596,3068,0,2,0,0,0,0,0,0,0,0,0
17949240,3069,0,2,0,0,0,0,0,0,0,0,0
17952884,3070,0,2,0,0,0,0,0,0,0,0,0
17956529,3071,0,2,0,0,0,0,0,0,0,0,0
17960172,3072,0,2,0,0,0,0,0,0,0,0,0
17963816,3073,0,2,0,0,0,0,0,0,0,0,0
17967460,3074,0,2,0,0,0,0,0,0,0,0,0
17971104,3075,0,2,0,0,0,0,0,0,0,0,0
17974748,3076,0,2,0,0,0,0,0,0,0,0,0
17978392,3077,0,2,0,0,0,0,0,0,0,0,0
17982036,3078,0,2,0,0,0,0,0,0,0,0,0
17985680,3079,0,2,0,0,0,0,0,0,0,0,0
17989324,3080,0,2,0,0,0,0,0,0,0,0,0
17992969,3081,0,2,0,0,0,0,0,0,0,0,0
17996612,3082,0,2,0,0,0,0,0,0,0,0,0
18000256,3083,0,2,0,0,0,0,0,0,0,0,0
18003900,3084,0,2,0,0,0,0,0,0,0,0,0
18007544,3085,0,2,0,0,0,0,0,0,0,0,0
18011188,3086,0,2,0,0,0,0,0,0,0,0,0
18014832,3087,0,2,0,0,0,0,0,0,0,0,0
18018476,3088,0,2,0,0,0,0,0,0,0,0,0
18022120,3089,0,2,0,0,0,0,0,0,0,0,0
18025764,3090,0,2,0,0,0,0,0,0,0,0,0
18029409,3091,0,2,0,0,0,0,0,0,0,0,0
18033052,3092,0,2,0,0,0,0,0,0,0,0,0
18036696,3093,0,2,0,0,0,0,0,0,0,0,0
18040340,3094,0,2,0,0,0,0,0,0,0,0,0
18043984,3095,0,2,0,0,0,0,0,0,0,0,0
18047628,3096,0,2,0,0,0,0,0,0,0,0,0
18051272,3097,0,2,0,0,0,0,0,0,0,0,0
18054916,3098,0,2,0,0,0,0,0,0,0,0,0
18058560,3099,0,2,0,0,0,0,0,0,0,0,0
18062204,3100,0,2,0,0,0,0,0,0,0,0,0
18065849,3101,0,2,0,0,0,0,0,0,0,0,0
18069492,3102,0,2,0,0,0,0,0,0,0,0,0
18073136,3103,0,2,0,0,0,0,0,0,0,0,0
18076780,3104,0,2,0,0,0,0,0,0,0,0,0
18080424,3105,0,2,0,0,0,0,0,0,0,0,0
18084068,3106,0,2,0,0,0,0,0,0,0,0,0
18087712,3107,0,2,0,0,0,0,0,0,0,0,0
18091356,3108,0,2,0,0,0,0,0,0,0,0,0
18095000,3109,0,2,0,0,0,0,0,0,0,0,0
18098644,3110,0,2,0,0,0,0,0,0,0,0,0
18102289,3111,0,2,0,0,0,0,0,0,0,0,0
18105932,3112,0,2,0,0,0,0,0,0,0,0,0
18109576,3113,0,2,0,0,0,0,0,0,0,0,0
18113220,3114,0,2,0,0,0,0,0,0,0,0,0
18116864,3115,0,2,0,0,0,0,0,0,0,0,0
18120508,3116,0,2,0,0,0,0,0,0,0,0,0
18124152,3117,0,2,0,0,0,0,0,0,0,0,0
18127796,3118,0,2,0,0,0,0,0,0,0,0,0
18131440,3119,0,2,0,0,0,0,0,0,0,0,0
18135084,3120,0,2,0,0,0,0,0,0,0,0,0
18138729,3121,0,2,0,0,0,0,0,0,0,0,0
18142372,3122,0,2,0,0,0,0,0,0,0,0,0
18146017,3123,0,2,0,0,0,0,0,0,0,0,0
18149660,3124,0,2,0,0,0,0,0,0,0,0,0
18153304,3125,0,2,0,0,0,0,0,0,0,0,0
18156948,3126,0,2,0,0,0,0,0,0,0,0,0
18160592,3127,0,2,0,0,0,0,0,0,0,0,0
18164236,3128,0,2,0,0,0,0,0,0,0,0,0
18167880,3129,0,2,0,0,0,0,0,0,0,0,0
18171524,3130,0,2,0,0,0,0,0,0,0,0,0
18175169,3131,0,2,0,0,0,0,0,0,0,0,0
18178812,3132,0,2,0,0,0,0,0,0,0,0,0
18182456,3133,0,2,0,0,0,0,0,0,0,0,0
18186100,3134,0,2,0,0,0,0,0,0,0,0,0
18189744,3135,0,2,0,0,0,0,0,0,0,0,0
18193388,3136,0,2,0,0,0,0,0,0,0,0,0
18197033,3137,0,2,0,0,0,0,0,0,0,0,0
18200676,3138,0,2,0,0,0,0,0,0,0,0,0
18204320,3139,0,2,0,0,0,0,0,0,0,0,0
18207964,3140,0,2,0,0,0,0,0,0,0,0,0
18211609,3141,0,2,0,0,0,0,0,0,0,0,0
18215252,3142,0,2,0,0,0,0,0,0,0,0,0
18218896,3143,0,2,0,0,0,0,0,0,0,0,0
18222540,3144,0,2,0,0,0,0,0,0,0,0,0
18226184,3145,0,2,0,0,0,0,0,0,0,0,0
18229828,3146,0,2,0,0,0,0,0,0,0,0,0
18233472,3147,0,2,0,0,0,0,0,0,0,0,0
18237116,3148,0,2,0,0,0,0,0,0,0,0,0
18240760,3149,0,2,0,0,0,0,0,0,0,0,0
18244404,3150,0,2,0,0,0,0,0,0,0,0,0
18248049,3151,0,2,0,0,0,0,0,0,0,0,0
18251692,3152,0,2,0,0,0,0,0,0,0,0,0
18255336,3153,0,2,0,0,0,0,0,0,0,0,0
18258980,3154,0,2,0,0,0,0,0,0,0,0,0
18262624,3155,0,2,0,0,0,0,0,0,0,0,0
18266268,3156,0,2,0,0,0,0,0,0,0,0,0
18269912,3157,0,2,0,0,0,0,0,0,0,0,0
18273556,3158,0,2,0,0,0,0,0,0,0,0,0
18277200,3159,0,2,0,0,0,0,0,0,0,0,0
18280844,3160,0,2,0,0,0,0,0,0,0,0,0
18284489,3161,0,2,0,0,0,0,0,0,0,0,0
18288132,3162,0,2,0,0,0,0,0,0,0,0,0
18291776,3163,0,2,0,0,0,0,0,0,0,0,0
18295420,3164,0,2,0,0,0,0,0,0,0,0,0
18299064,3165,0,2,0,0,0,0,0,0,0,0,0
18302708,3166,0,2,0,0,0,0,0,0,0,0,0
18306352,3167,0,2,0,0,0,0,0,0,0,0,0
18309996,3168,0,2,0,0,0,0,0,0,0,0,0
18313640,3169,0,2,0,0,0,0,0,0,0,0,0
18317284,3170,0,2,0,0,0,0,0,0,0,0,0
18320929,3171,0,2,0,0,0,0,0,0,0,0,0
18324572,3172,0,2,0,0,0,0,0,0,0,0,0
18328216,3173,0,2,0,0,0,0,0,0,0,0,0
18331860,3174,0,2,0,0,0,0,0,0,0,0,0
18335504,3175,0,2,0,0,0,0,0,0,0,0,0
18339148,3176,0,2,0,0,0,0,0,0,0,0,0
18342792,3177,0,2,0,0,0,0,0,0,0,0,0
18346436,3178,0,2,0,0,0,0,0,0,0,0,0
18356509,3179,0,2,0,0,0,0,0,0,0,0,0
18360141,3180,0,2,0,0,0,0,0,0,0,0,0
18363786,3181,0,2,0,0,0,0,0,0,0,0,0
18367429,3182,0,2,0,0,0,0,0,0,0,0,0
18371073,3183,0,2,0,0,0,0,0,0,0,0,0
18374717,3184,0,2,0,0,0,0,0,0,0,0,0
18378361,3185,0,2,0,0,0,0,0,0,0,0,0
18382005,3186,0,2,0,0,0,0,0,0,0,0,0
18385649,3187,0,2,0,0,0,0,0,0,0,0,0
18389293,3188,0,2,0,0,0,0,0,0,0,0,0
18392937,3189,0,2,0,0,0,0,0,0,0,0,0
18396581,3190,0,2,0,0,0,0,0,0,0,0,0
18400226,3191,0,2,0,0,0,0,0,0,0,0,0
18403869,3192,0,2,0,0,0,0,0,0,0,0,0
18407513,3193,0,2,0,0,0,0,0,0,0,0,0
18411157,3194,0,2,0,0,0,0,0,0,0,0,0
18414801,3195,0,2,0,0,0,0,0,0,0,0,0
18418445,3196,0,2,0,0,0,0,0,0,0,0,0
18422089,3197,0,2,0,0,0,0,0,0,0,0,0
18425733,3198,0,2,0,0,0,0,0,0,0,0,0
18429377,3199,0,2,0,0,0,0,0,0,0,0,0
18433022,3200,0,2,0,0,0,0,0,0,0,0,0
18436666,3201,0,2,0,0,0,0,0,0,0,0,0
18440309,3202,0,2,0,0,0,0,0,0,0,0,0
18443953,3203,0,2,0,0,0,0,0,0,0,0,0
18447597,3204,0,2,0,0,0,0,0,0,0,0,0
18451241,3205,0,2,0,0,0,0,0,0,0,0,0
18454885,3206,0,2,0,0,0,0,0,0,0,0,0
18458529,3207,0,2,0,0,0,0,0,0,0,0,0
18462173,3208,0,2,0,0,0,0,0,0,0,0,0
18465817,3209,0,2,0,0,0,0,0,0,0,0,0
18469461,3210,0,2,0,0,0,0,0,0,0,0,0
18473106,3211,0,2,0,0,0,0,0,0,0,0,0
18476749,3212,0,2,0,0,0,0,0,0,0,0,0
18480393,3213,0,2,0,0,0,0,0,0,0,0,0
18484038,3214,0,2,0,0,0,0,0,0,0,0,0
18487681,3215,0,2,0,0,0,0,0,0,0,0,0
18491325,3216,0,2,0,0,0,0,0,0,0,0,0
18494969,3217,0,2,0,0,0,0,0,0,0,0,0
18498613,3218,0,2,0,0,0,0,0,0,0,0,0
18502257,3219,0,2,0,0,0,0,0,0,0,0,0
18505901,3220,0,2,0,0,0,0,0,0,0,0,0
18509546,3221,0,2,0,0,0,0,0,0,0,0,0
18513189,3222,0,2,0,0,0,0,0,0,0,0,0
18516833,3223,0,2,0,0,0,0,0,0,0,0,0
18520477,3224,0,2,0,0,0,0,0,0,0,0,0
18524121,3225,0,2,0,0,0,0,0,0,0,0,0
18527765,3226,0,2,0,0,0,0,0,0,0,0,0
18531409,3227,0,2,0,0,0,0,0,0,0,0,0
18535053,3228,0,2,0,0,0,0,0,0,0,0,0
18538697,3229,0,2,0,0,0,0,0,0,0,0,0
18542341,3230,0,2,0,0,0,0,0,0,0,0,0
18545986,3231,0,2,0,0,0,0,0,0,0,0,0
18549629,3232,0,2,0,0,0,0,0,0,0,0,0
18553273,3233,0,2,0,0,0,0,0,0,0,0,0
18556917,3234,0,2,0,0,0,0,0,0,0,0,0
18560561,3235,0,2,0,0,0,0,0,0,0,0,0
18564205,3236,0,2,0,0,0,0,0,0,0,0,0
18567849,3237,0,2,0,0,0,0,0,0,0,0,0
18571493,3238,0,2,0,0,0,0,0,0,0,0,0
18575137,3239,0,2,0,0,0,0,0,0,0,0,0
18578781,3240,0,2,0,0,0,0,0,0,0,0,0
18582426,3241,0,2,0,0,0,0,0,0,0,0,0
18586070,3242,0,2,0,0,0,0,0,0,0,0,0
18589713,3243,0,2,0,0,0,0,0,0,0,0,0
18593357,3244,0,2,0,0,0,0,0,0,0,0,0
18597001,3245,0,2,0,0,0,0,0,0,0,0,0
18600645,3246,0,2,0,0,0,0,0,0,0,0,0
18604289,3247,0,2,0,0,0,0,0,0,0,0,0
18607933,3248,0,2,0,0,0,0,0,0,0,0,0
18611577,3249,0,2,0,0,0,0,0,0,0,0,0
18615221,3250,0,2,0,0,0,0,0,0,0,0,0
18618866,3251,0,2,0,0,0,0,0,0,0,0,0
18622509,3252,0,2,0,0,0,0,0,0,0,0,0
18626153,3253,0,2,0,0,0,0,0,0,0,0,0
18629797,3254,0,2,0,0,0,0,0,0,0,0,0
18633441,3255,0,2,0,0,0,0,0,0,0,0,0
18637085,3256,0,2,0,0,0,0,0,0,0,0,0
18640729,3257,0,2,0,0,0,0,0,0,0,0,0
18644373,3258,0,2,0,0,0,0,0,0,0,0,0
18648017,3259,0,2,0,0,0,0,0,0,0,0,0
18651661,3260,0,2,0,0,0,0,0,0,0,0,0
18655306,3261,0,2,0,0,0,0,0,0,0,0,0
18658949,3262,0,2,0,0,0,0,0,0,0,0,0
18662593,3263,0,2,0,0,0,0,0,0,0,0,0
18666237,3264,0,2,0,0,0,0,0,0,0,0,0
18669881,3265,0,2,0,0,0,0,0,0,0,0,0
18673525,3266,0,2,0,0,0,0,0,0,0,0,0
18677169,3267,0,2,0,0,0,0,0,0,0,0,0
18680813,3268,0,2,0,0,0,0,0,0,0,0,0
18684457,3269,0,2,0,0,0,0,0,0,0,0,0
18688101,3270,0,2,0,0,0,0,0,0,0,0,0
18691746,3271,0,2,0,0,0,0,0,0,0,0,0
18695389,3272,0,2,0,0,0,0,0,0,0,0,0
18699034,3273,0,2,0,0,0,0,0,0,0,0,0
18702677,3274,0,2,0,0,0,0,0,0,0,0,0
18706321,3275,0,2,0,0,0,0,0,0,0,0,0
18709965,3276,0,2,0,0,0,0,0,0,0,0,0
18713609,3277,0,2,0,0,0,0,0,0,0,0,0
18717253,3278,0,2,0,0,0,0,0,0,0,0,0
18720897,3279,0,2,0,0,0,0,0,0,0,0,0
18724541,3280,0,2,0,0,0,0,0,0,0,0,0
18728186,3281,0,2,0,0,0,0,0,0,0,0,0
18731829,3282,0,2,0,0,0,0,0,0,0,0,0
18735473,3283,0,2,0,0,0,0,0,0,0,0,0
18739117,3284,0,2,0,0,0,0,0,0,0,0,0
18742761,3285,0,2,0,0,0,0,0,0,0,0,0
18746405,3286,0,2,0,0,0,0,0,0,0,0,0
18750049,3287,0,2,0,0,0,0,0,0,0,0,0
18753693,3288,0,2,0,0,0,0,0,0,0,0,0
18757337,3289,0,2,0,0,0,0,0,0,0,0,0
18760981,3290,0,2,0,0,0,0,0,0,0,0,0
18764626,3291,0,2,0,0,0,0,0,0,0,0,0
18768269,3292,0,2,0,0,0,0,0,0,0,0,0
18771913,3293,0,2,0,0,0,0,0,0,0,0,0
18775557,3294,0,2,0,0,0,0,0,0,0,0,0
18779201,3295,0,2,0,0,0,0,0,0,0,0,0
18782845,3296,0,2,0,0,0,0,0,0,0,0,0
18786489,3297,0,2,0,0,0,0,0,0,0,0,0
18790133,3298,0,2,0,0,0,0,0,0,0,0,0
18793777,3299,0,2,0,0,0,0,0,0,0,0,0
18797421,3300,0,2,0,0,0,0,0,0,0,0,0
18801066,3301,0,2,0,0,0,0,0,0,0,0,0
18804709,3302,0,2,0,0,0,0,0,0,0,0,0
18808353,3303,0,2,0,0,0,0,0,0,0,0,0
18811997,3304,0,2,0,0,0,0,0,0,0,0,0
18815641,3305,0,2,0,0,0,0,0,0,0,0,0
18819285,3306,0,2,0,0,0,0,0,0,0,0,0
18822929,3307,0,2,0,0,0,0,0,0,0,0,0
18826573,3308,0,2,0,0,0,0,0,0,0,0,0
18830217,3309,0,2,0,0,0,0,0,0,0,0,0
18833861,3310,0,2,0,0,0,0,0,0,0,0,0
18837506,3311,0,2,0,0,0,0,0,0,0,0,0
18841149,3312,0,2,0,0,0,0,0,0,0,0,0
18844793,3313,0,2,0,0,0,0,0,0,0,0,0
18848437,3314,0,2,0,0,0,0,0,0,0,0,0
18852082,3315,0,2,0,0,0,0,0,0,0,0,0
18855725,3316,0,2,0,0,0,0,0,0,0,0,0
18859369,3317,0,2,0,0,0,0,0,0,0,0,0
18863014,3318,0,2,0,0,0,0,0,0,0,0,0
18866657,3319,0,2,0,0,0,0,0,0,0,0,0
18870301,3320,0,2,0,0,0,0,0,0,0,0,0
18873946,3321,0,2,0,0,0,0,0,0,0,0,0
18877589,3322,0,2,0,0,0,0,0,0,0,0,0
18881233,3323,0,2,0,0,0,0,0,0,0,0,0
18884877,3324,0,2,0,0,0,0,0,0,0,0,0
18888521,3325,0,2,0,0,0,0,0,0,0,0,0
18892165,3326,0,2,0,0,0,0,0,0,0,0,0
18895809,3327,0,2,0,0,0,0,0,0,0,0,0
18899453,3328,0,2,0,0,0,0,0,0,0,0,0
18903097,3329,0,2,0,0,0,0,0,0,0,0,0
18906741,3330,0,2,0,0,0,0,0,0,0,0,0
18910386,3331,0,2,0,0,0,0,0,0,0,0,0
18914029,3332,0,2,0,0,0,0,0,0,0,0,0
18917673,3333,0,2,0,0,0,0,0,0,0,0,0
18921317,3334,0,2,0,0,0,0,0,0,0,0,0
18924961,3335,0,2,0,0,0,0,0,0,0,0,0
18928605,3336,0,2,0,0,0,0,0,0,0,0,0
18932249,3337,0,2,0,0,0,0,0,0,0,0,0
18935893,3338,0,2,0,0,0,0,0,0,0,0,0
18939537,3339,0,2,0,0,0,0,0,0,0,0,0
18943181,3340,0,2,0,0,0,0,0,0,0,0,0
18946826,3341,0,2,0,0,0,0,0,0,0,0,0
18950469,3342,0,2,0,0,0,0,0,0,0,0,0
18954113,3343,0,2,0,0,0,0,0,0,0,0,0
18957757,3344,0,2,0,0,0,0,0,0,0,0,0
18961401,3345,0,2,0,0,0,0,0,0,0,0,0
18965045,3346,0,2,0,0,0,0,0,0,0,0,0
18968689,3347,0,2,0,0,0,0,0,0,0,0,0
18972333,3348,0,2,0,0,0,0,0,0,0,0,0
18975977,3349,0,2,0,0,0,0,0,0,0,0,0
18979621,3350,0,2,0,0,0,0,0,0,0,0,0
18983266,3351,0,2,0,0,0,0,0,0,0,0,0
18986909,3352,0,2,0,0,0,0,0,0,0,0,0
18990553,3353,0,2,0,0,0,0,0,0,0,0,0
18994197,3354,0,2,0,0,0,0,0,0,0,0,0
18997841,3355,0,2,0,0,0,0,0,0,0,0,0
19001485,3356,0,2,0,0,0,0,0,0,0,0,0
19005129,3357,0,2,0,0,0,0,0,0,0,0,0
19008773,3358,0,2,0,0,0,0,0,0,0,0,0
19012417,3359,0,2,0,0,0,0,0,0,0,0,0
19016061,3360,0,2,0,0,0,0,0,0,0,0,0
19019706,3361,0,2,0,0,0,0,0,0,0,0,0
19023349,3362,0,2,0,0,0,0,0,0,0,0,0
19026993,3363,0,2,0,0,0,0,0,0,0,0,0
19030637,3364,0,2,0,0,0,0,0,0,0,0,0
19034281,3365,0,2,0,0,0,0,0,0,0,0,0
19037925,3366,0,2,0,0,0,0,0,0,0,0,0
19041569,3367,0,2,0,0,0,0,0,0,0,0,0
19045213,3368,0,2,0,0,0,0,0,0,0,0,0
19048857,3369,0,2,0,0,0,0,0,0,0,0,0
19052501,3370,0,2,0,0,0,0,0,0,0,0,0
19056146,3371,0,2,0,0,0,0,0,0,0,0,0
19059789,3372,0,2,0,0,0,0,0,0,0,0,0
19063433,3373,0,2,0,0,0,0,0,0,0,0,0
19067077,3374,0,2,0,0,0,0,0,0,0,0,0
19070721,3375,0,2,0,0,0,0,0,0,0,0,0
19074365,3376,0,2,0,0,0,0,0,0,0,0,0
19078010,3377,0,2,0,0,0,0,0,0,0,0,0
19081653,3378,0,2,0,0,0,0,0,0,0,0,0
19085297,3379,0,2,0,0,0,0,0,0,0,0,0
19088941,3380,0,2,0,0,0,0,0,0,0,0,0
19092586,3381,0,2,0,0,0,0,0,0,0,0,0
19096229,3382,0,2,0,0,0,0,0,0,0,0,0
19099873,3383,0,2,0,0,0,0,0,0,0,0,0
19103517,3384,0,2,0,0,0,0,0,0,0,0,0
19107161,3385,0,2,0,0,0,0,0,0,0,0,0
19110805,3386,0,2,0,0,0,0,0,0,0,0,0
19114449,3387,0,2,0,0,0,0,0,0,0,0,0
19118094,3388,0,2,0,0,0,0,0,0,0,0,0
19121737,3389,0,2,0,0,0,0,0,0,0,0,0
19125381,3390,0,2,0,0,0,0,0,0,0,0,0
19129026,3391,0,2,0,0,0,0,0,0,0,0,0
19132669,3392,0,2,0,0,0,0,0,0,0,0,0
19136313,3393,0,2,0,0,0,0,0,0,0,0,0
19139957,3394,0,2,0,0,0,0,0,0,0,0,0
19143601,3395,0,2,0,0,0,0,0,0,0,0,0
19147245,3396,0,2,0,0,0,0,0,0,0,0,0
19150889,3397,0,2,0,0,0,0,0,0,0,0,0
19154533,3398,0,2,0,0,0,0,0,0,0,0,0
19158177,3399,0,2,0,0,0,0,0,0,0,0,0
19161821,3400,0,2,0,0,0,0,0,0,0,0,0
19165466,3401,0,2,0,0,0,0,0,0,0,0,0
19169109,3402,0,2,0,0,0,0,0,0,0,0,0
19172753,3403,0,2,0,0,0,0,0,0,0,0,0
19176397,3404,0,2,0,0,0,0,0,0,0,0,0
19180041,3405,0,2,0,0,0,0,0,0,0,0,0
19188787,3406,0,2,0,0,0,0,0,0,0,0,0
19192419,3407,0,2,0,0,0,0,0,0,0,0,0
19196063,3408,0,2,0,0,0,0,0,0,0,0,0
19199707,3409,0,2,0,0,0,0,0,0,0,0,0
19203351,3410,0,2,0,0,0,0,0,0,0,0,0
19206996,3411,0,2,0,0,0,0,0,0,0,0,0
19210639,3412,0,2,0,0,0,0,0,0,0,0,0
19214283,3413,0,2,0,0,0,0,0,0,0,0,0
19217927,3414,0,2,0,0,0,0,0,0,0,0,0
19221571,3415,0,2,0,0,0,0,0,0,0,0,0
19225215,3416,0,2,0,0,0,0,0,0,0,0,0
19228859,3417,0,2,0,0,0,0,0,0,0,0,0
19232503,3418,0,2,0,0,0,0,0,0,0,0,0
19236147,3419,0,2,0,0,0,0,0,0,0,0,0
19239791,3420,0,2,0,0,0,0,0,0,0,0,0
19243436,3421,0,2,0,0,0,0,0,0,0,0,0
19247079,3422,0,2,0,0,0,0,0,0,0,0,0
19250723,3423,0,2,0,0,0,0,0,0,0,0,0
19254367,3424,0,2,0,0,0,0,0,0,0,0,0
19258011,3425,0,2,0,0,0,0,0,0,0,0,0
19261655,3426,0,2,0,0,0,0,0,0,0,0,0
19265299,3427,0,2,0,0,0,0,0,0,0,0,0
19268943,3428,0,2,0,0,0,0,0,0,0,0,0
19272587,3429,0,2,0,0,0,0,0,0,0,0,0
19276231,3430,0,2,0,0,0,0,0,0,0,0,0
19279876,3431,0,2,0,0,0,0,0,0,0,0,0
19283519,3432,0,2,0,0,0,0,0,0,0,0,0
19287163,3433,0,2,0,0,0,0,0,0,0,0,0
19290807,3434,0,2,0,0,0,0,0,0,0,0,0
19294451,3435,0,2,0,0,0,0,0,0,0,0,0
19298095,3436,0,2,0,0,0,0,0,0,0,0,0
19301739,3437,0,2,0,0,0,0,0,0,0,0,0
19305383,3438,0,2,0,0,0,0,0,0,0,0,0
19309027,3439,0,2,0,0,0,0,0,0,0,0,0
19312671,3440,0,2,0,0,0,0,0,0,0,0,0
19316316,3441,0,2,0,0,0,0,0,0,0,0,0
19319959,3442,0,2,0,0,0,0,0,0,0,0,0
19323603,3443,0,2,0,0,0,0,0,0,0,0,0
19327247,3444,0,2,0,0,0,0,0,0,0,0,0
19330891,3445,0,2,0,0,0,0,0,0,0,0,0
19334535,3446,0,2,0,0,0,0,0,0,0,0,0
19338179,3447,0,2,0,0,0,0,0,0,0,0,0
19341823,3448,0,2,0,0,0,0,0,0,0,0,0
19345467,3449,0,2,0,0,0,0,0,0,0,0,0
19349111,3450,0,2,0,0,0,0,0,0,0,0,0
19352756,3451,0,2,0,0,0,0,0,0,0,0,0
19356399,3452,0,2,0,0,0,0,0,0,0,0,0
19360043,3453,0,2,0,0,0,0,0,0,0,0,0
19363687,3454,0,2,0,0,0,0,0,0,0,0,0
19367331,3455,0,2,0,0,0,0,0,0,0,0,0
19370975,3456,0,2,0,0,0,0,0,0,0,0,0
19374619,3457,0,2,0,0,0,0,0,0,0,0,0
19378263,3458,0,2,0,0,0,0,0,0,0,0,0
19381907,3459,0,2,0,0,0,0,0,0,0,0,0
19385551,3460,0,2,0,0,0,0,0,0,0,0,0
19389196,3461,0,2,0,0,0,0,0,0,0,0,0
19392839,3462,0,2,0,0,0,0,0,0,0,0,0
19396483,3463,0,2,0,0,0,0,0,0,0,0,0
19400127,3464,0,2,0,0,0,0,0,0,0,0,0
19403771,3465,0,2,0,0,0,0,0,0,0,0,0
19407415,3466,0,2,0,0,0,0,0,0,0,0,0
19411059,3467,0,2,0,0,0,0,0,0,0,0,0
19414703,3468,0,2,0,0,0,0,0,0,0,0,0
19418347,3469,0,2,0,0,0,0,0,0,0,0,0
19421991,3470,0,2,0,0,0,0,0,0,0,0,0
19425636,3471,0,2,0,0,0,0,0,0,0,0,0
19429279,3472,0,2,0,0,0,0,0,0,0,0,0
19432923,3473,0,2,0,0,0,0,0,0,0,0,0
19436567,3474,0,2,0,0,0,0,0,0,0,0,0
19440211,3475,0,2,0,0,0,0,0,0,0,0,0
19443855,3476,0,2,0,0,0,0,0,0,0,0,0
19447499,3477,0,2,0,0,0,0,0,0,0,0,0
19451143,3478,0,2,0,0,0,0,0,0,0,0,0
19454787,3479,0,2,0,0,0,0,0,0,0,0,0
19458431,3480,0,2,0,0,0,0,0,0,0,0,0
19462076,3481,0,2,0,0,0,0,0,0,0,0,0
19465719,3482,0,2,0,0,0,0,0,0,0,0,0
19469363,3483,0,2,0,0,0,0,0,0,0,0,0
19473007,3484,0,2,0,0,0,0,0,0,0,0,0
19476651,3485,0,2,0,0,0,0,0,0,0,0,0
19480295,3486,0,2,0,0,0,0,0,0,0,0,0
19483939,3487,0,2,0,0,0,0,0,0,0,0,0
19487583,3488,0,2,0,0,0,0,0,0,0,0,0
19491227,3489,0,2,0,0,0,0,0,0,0,0,0
19494871,3490,0,2,0,0,0,0,0,0,0,0,0
19498516,3491,0,2,0,0,0,0,0,0,0,0,0
19502159,3492,0,2,0,0,0,0,0,0,0,0,0
19505803,3493,0,2,0,0,0,0,0,0,0,0,0
19509447,3494,0,2,0,0,0,0,0,0,0,0,0
19513091,3495,0,2,0,0,0,0,0,0,0,0,0
19516735,3496,0,2,0,0,0,0,0,0,0,0,0
19520379,3497,0,2,0,0,0,0,0,0,0,0,0
19524023,3498,0,2,0,0,0,0,0,0,0,0,0
19527667,3499,0,2,0,0,0,0,0,0,0,0,0
19531311,3500,0,2,0,0,0,0,0,0,0,0,0
19534956,3501,0,2,0,0,0,0,0,0,0,0,0
19538599,3502,0,2,0,0,0,0,0,0,0,0,0
19542243,3503,0,2,0,0,0,0,0,0,0,0,0
19545887,3504,0,2,0,0,0,0,0,0,0,0,0
19549531,3505,0,2,0,0,0,0,0,0,0,0,0
19553175,3506,0,2,0,0,0,0,0,0,0,0,0
19556819,3507,0,2,0,0,0,0,0,0,0,0,0
19560463,3508,0,2,0,0,0,0,0,0,0,0,0
19564107,3509,0,2,0,0,0,0,0,0,0,0,0
19567751,3510,0,2,0,0,0,0,0,0,0,0,0
19571396,3511,0,2,0,0,0,0,0,0,0,0,0
19575039,3512,0,2,0,0,0,0,0,0,0,0,0
19578683,3513,0,2,0,0,0,0,0,0,0,0,0
19582327,3514,0,2,0,0,0,0,0,0,0,0,0
19585971,3515,0,2,0,0,0,0,0,0,0,0,0
19589615,3516,0,2,0,0,0,0,0,0,0,0,0
19593259,3517,0,2,0,0,0,0,0,0,0,0,0
19596903,3518,0,2,0,0,0,0,0,0,0,0,0
19600547,3519,0,2,0,0,0,0,0,0,0,0,0
19604191,3520,0,2,0,0,0,0,0,0,0,0,0
19607836,3521,0,2,0,0,0,0,0,0,0,0,0
19611479,3522,0,2,0,0,0,0,0,0,0,0,0
19615123,3523,0,2,0,0,0,0,0,0,0,0,0
19618767,3524,0,2,0,0,0,0,0,0,0,0,0
19622411,3525,0,2,0,0,0,0,0,0,0,0,0
19626055,3526,0,2,0,0,0,0,0,0,0,0,0
19629699,3527,0,2,0,0,0,0,0,0,0,0,0
19633343,3528,0,2,0,0,0,0,0,0,0,0,0
19636987,3529,0,2,0,0,0,0,0,0,0,0,0
19640631,3530,0,2,0,0,0,0,0,0,0,0,0
19644276,3531,0,2,0,0,0,0,0,0,0,0,0
19647919,3532,0,2,0,0,0,0,0,0,0,0,0
19651563,3533,0,2,0,0,0,0,0,0,0,0,0
19655207,3534,0,2,0,0,0,0,0,0,0,0,0
19658851,3535,0,2,0,0,0,0,0,0,0,0,0
19662495,3536,0,2,0,0,0,0,0,0,0,0,0
19666139,3537,0,2,0,0,0,0,0,0,0,0,0
19669783,3538,0,2,0,0,0,0,0,0,0,0,0
19673427,3539,0,2,0,0,0,0,0,0,0,0,0
19677071,3540,0,2,0,0,0,0,0,0,0,0,0
19680716,3541,0,2,0,0,0,0,0,0,0,0,0
19684359,3542,0,2,0,0,0,0,0,0,0,0,0
19688004,3543,0,2,0,0,0,0,0,0,0,0,0
19691647,3544,0,2,0,0,0,0,0,0,0,0,0
19695291,3545,0,2,0,0,0,0,0,0,0,0,0
19698935,3546,0,2,0,0,0,0,0,0,0,0,0
19702579,3547,0,2,0,0,0,0,0,0,0,0,0
19706223,3548,0,2,0,0,0,0,0,0,0,0,0
19709867,3549,0,2,0,0,0,0,0,0,0,0,0
19713511,3550,0,2,0,0,0,0,0,0,0,0,0
19717156,3551,0,2,0,0,0,0,0,0,0,0,0
19720799,3552,0,2,0,0,0,0,0,0,0,0,0
19724443,3553,0,2,0,0,0,0,0,0,0,0,0
19728087,3554,0,2,0,0,0,0,0,0,0,0,0
19731731,3555,0,2,0,0,0,0,0,0,0,0,0
19735375,3556,0,2,0,0,0,0,0,0,0,0,0
19739019,3557,0,2,0,0,0,0,0,0,0,0,0
19742663,3558,0,2,0,0,0,0,0,0,0,0,0
19746307,3559,0,2,0,0,0,0,0,0,0,0,0
19749951,3560,0,2,0,0,0,0,0,0,0,0,0
19753596,3561,0,2,0,0,0,0,0,0,0,0,0
19757239,3562,0,2,0,0,0,0,0,0,0,0,0
19760883,3563,0,2,0,0,0,0,0,0,0,0,0
19764527,3564,0,2,0,0,0,0,0,0,0,0,0
19768171,3565,0,2,0,0,0,0,0,0,0,0,0
19771815,3566,0,2,0,0,0,0,0,0,0,0,0
19775459,3567,0,2,0,0,0,0,0,0,0,0,0
19779103,3568,0,2,0,0,0,0,0,0,0,0,0
19782747,3569,0,2,0,0,0,0,0,0,0,0,0
19786391,3570,0,2,0,0,0,0,0,0,0,0,0
19790036,3571,0,2,0,0,0,0,0,0,0,0,0
19793679,3572,0,2,0,0,0,0,0,0,0,0,0
19797323,3573,0,2,0,0,0,0,0,0,0,0,0
19800967,3574,0,2,0,0,0,0,0,0,0,0,0
19804611,3575,0,2,0,0,0,0,0,0,0,0,0
19808255,3576,0,2,0,0,0,0,0,0,0,0,0
19811899,3577,0,2,0,0,0,0,0,0,0,0,0
19815543,3578,0,2,0,0,0,0,0,0,0,0,0
19819187,3579,0,2,0,0,0,0,0,0,0,0,0
19822831,3580,0,2,0,0,0,0,0,0,0,0,0
19826476,3581,0,2,0,0,0,0,0,0,0,0,0
19830119,3582,0,2,0,0,0,0,0,0,0,0,0
19833763,3583,0,2,0,0,0,0,0,0,0,0,0
19837407,3584,0,2,0,0,0,0,0,0,0,0,0
19841052,3585,0,2,0,0,0,0,0,0,0,0,0
19844695,3586,0,2,0,0,0,0,0,0,0,0,0
19848339,3587,0,2,0,0,0,0,0,0,0,0,0
19851983,3588,0,2,0,0,0,0,0,0,0,0,0
19855627,3589,0,2,0,0,0,0,0,0,0,0,0
19859271,3590,0,2,0,0,0,0,0,0,0,0,0
19862916,3591,0,2,0,0,0,0,0,0,0,0,0
19866559,3592,0,2,0,0,0,0,0,0,0,0,0
19870203,3593,0,2,0,0,0,0,0,0,0,0,0
19873847,3594,0,2,0,0,0,0,0,0,0,0,0
19877491,3595,0,2,0,0,0,0,0,0,0,0,0
19881135,3596,0,2,0,0,0,0,0,0,0,0,0
19884779,3597,0,2,0,0,0,0,0,0,0,0,0
19888423,3598,0,2,0,0,0,0,0,0,0,0,0
19892067,3599,0,2,0,0,0,0,0,0,0,0,0
19895711,3600,0,2,0,0,0,0,0,0,0,0,0
19899356,3601,0,2,0,0,0,0,0,0,0,0,0
19902999,3602,0,2,0,0,0,0,0,0,0,0,0
19906643,3603,0,2,0,0,0,0,0,0,0,0,0
19910287,3604,0,2,0,0,0,0,0,0,0,0,0
19913931,3605,0,2,0,0,0,0,0,0,0,0,0
19917575,3606,0,2,0,0,0,0,0,0,0,0,0
19921219,3607,0,2,0,0,0,0,0,0,0,0,0
19924863,3608,0,2,0,0,0,0,0,0,0,0,0
19928507,3609,0,2,0,0,0,0,0,0,0,0,0
19932151,3610,0,2,0,0,0,0,0,0,0,0,0
19935796,3611,0,2,0,0,0,0,0,0,0,0,0
19939439,3612,0,2,0,0,0,0,0,0,0,0,0
19943083,3613,0,2,0,0,0,0,0,0,0,0,0
19946727,3614,0,2,0,0,0,0,0,0,0,0,0
19950371,3615,0,2,0,0,0,0,0,0,0,0,0
19954015,3616,0,2,0,0,0,0,0,0,0,0,0
19957659,3617,0,2,0,0,0,0,0,0,0,0,0
19961303,3618,0,2,0,0,0,0,0,0,0,0,0
19964947,3619,0,2,0,0,0,0,0,0,0,0,0
19968591,3620,0,2,0,0,0,0,0,0,0,0,0
19972236,3621,0,2,0,0,0,0,0,0,0,0,0
19975879,3622,0,2,0,0,0,0,0,0,0,0,0
19979523,3623,0,2,0,0,0,0,0,0,0,0,0
19983167,3624,0,2,0,0,0,0,0,0,0,0,0
19986811,3625,0,2,0,0,0,0,0,0,0,0,0
19990455,3626,0,2,0,0,0,0,0,0,0,0,0
19994100,3627,0,2,0,0,0,0,0,0,0,0,0
19997743,3628,0,2,0,0,0,0,0,0,0,0,0
20001387,3629,0,2,0,0,0,0,0,0,0,0,0
20005031,3630,0,2,0,0,0,0,0,0,0,0,0
20008676,3631,0,2,0,0,0,0,0,0,0,0,0
20012319,3632,0,2,0,0,0,0,0,0,0,0,0
20055531,3633,0,2,0,0,0,0,0,0,0,0,0
20059163,3634,0,2,0,0,0,0,0,0,0,0,0
20062807,3635,0,2,0,0,0,0,0,0,0,0,0
20066451,3636,0,2,0,0,0,0,0,0,0,0,0
20070096,3637,0,2,0,0,0,0,0,0,0,0,0
20073739,3638,0,2,0,0,0,0,0,0,0,0,0
20077383,3639,0,2,0,0,0,0,0,0,0,0,0
20081027,3640,0,2,0,0,0,0,0,0,0,0,0
20084672,3641,0,2,0,0,0,0,0,0,0,0,0
20088315,3642,0,2,0,0,0,0,0,0,0,0,0
20091959,3643,0,2,0,0,0,0,0,0,0,0,0
20095603,3644,0,2,0,0,0,0,0,0,0,0,0
20099247,3645,0,2,0,0,0,0,0,0,0,0,0
20102891,3646,0,2,0,0,0,0,0,0,0,0,0
20106535,3647,0,2,0,0,0,0,0,0,0,0,0
20110179,3648,0,2,0,0,0,0,0,0,0,0,0
20113823,3649,0,2,0,0,0,0,0,0,0,0,0
20117467,3650,0,2,0,0,0,0,0,0,0,0,0
20121112,3651,0,2,0,0,0,0,0,0,0,0,0
20124755,3652,0,2,0,0,0,0,0,0,0,0,0
20128399,3653,0,2,0,0,0,0,0,0,0,0,0
20132043,3654,0,2,0,0,0,0,0,0,0,0,0
20135687,3655,0,2,0,0,0,0,0,0,0,0,0
20139331,3656,0,2,0,0,0,0,0,0,0,0,0
20142975,3657,0,2,0,0,0,0,0,0,0,0,0
20146619,3658,0,2,0,0,0,0,0,0,0,0,0
20150263,3659,0,2,0,0,0,0,0,0,0,0,0
20153907,3660,0,2,0,0,0,0,0,0,0,0,0
20157552,3661,0,2,0,0,0,0,0,0,0,0,0
20161195,3662,0,2,0,0,0,0,0,0,0,0,0
20164839,3663,0,2,0,0,0,0,0,0,0,0,0
20168483,3664,0,2,0,0,0,0,0,0,0,0,0
20172127,3665,0,2,0,0,0,0,0,0,0,0,0
20175771,3666,0,2,0,0,0,0,0,0,0,0,0
20179415,3667,0,2,0,0,0,0,0,0,0,0,0
20183059,3668,0,2,0,0,0,0,0,0,0,0,0
20186703,3669,0,2,0,0,0,0,0,0,0,0,0
20190347,3670,0,2,0,0,0,0,0,0,0,0,0
20193992,3671,0,2,0,0,0,0,0,0,0,0,0
20197635,3672,0,2,0,0,0,0,0,0,0,0,0
20201279,3673,0,2,0,0,0,0,0,0,0,0,0
20204923,3674,0,2,0,0,0,0,0,0,0,0,0
20208567,3675,0,2,0,0,0,0,0,0,0,0,0
20212211,3676,0,2,0,0,0,0,0,0,0,0,0
20215855,3677,0,2,0,0,0,0,0,0,0,0,0
20219499,3678,0,2,0,0,0,0,0,0,0,0,0
20223143,3679,0,2,0,0,0,0,0,0,0,0,0
20226787,3680,0,2,0,0,0,0,0,0,0,0,0
20230432,3681,0,2,0,0,0,0,0,0,0,0,0
20234075,3682,0,2,0,0,0,0,0,0,0,0,0
20237719,3683,0,2,0,0,0,0,0,0,0,0,0
20241363,3684,0,2,0,0,0,0,0,0,0,0,0
20245007,3685,0,2,0,0,0,0,0,0,0,0,0
20248651,3686,0,2,0,0,0,0,0,0,0,0,0
20252295,3687,0,2,0,0,0,0,0,0,0,0,0
20255939,3688,0,2,0,0,0,0,0,0,0,0,0
20259583,3689,0,2,0,0,0,0,0,0,0,0,0
20263227,3690,0,2,0,0,0,0,0,0,0,0,0
20266872,3691,0,2,0,0,0,0,0,0,0,0,0
20270515,3692,0,2,0,0,0,0,0,0,0,0,0
20274159,3693,0,2,0,0,0,0,0,0,0,0,0
20277803,3694,0,2,0,0,0,0,0,0,0,0,0
20281447,3695,0,2,0,0,0,0,0,0,0,0,0
20285091,3696,0,2,0,0,0,0,0,0,0,0,0
20288735,3697,0,2,0,0,0,0,0,0,0,0,0
20292379,3698,0,2,0,0,0,0,0,0,0,0,0
20296023,3699,0,2,0,0,0,0,0,0,0,0,0
20299667,3700,0,2,0,0,0,0,0,0,0,0,0
20303312,3701,0,2,0,0,0,0,0,0,0,0,0
20306955,3702,0,2,0,0,0,0,0,0,0,0,0
20310599,3703,0,2,0,0,0,0,0,0,0,0,0
20314243,3704,0,2,0,0,0,0,0,0,0,0,0
20317887,3705,0,2,0,0,0,0,0,0,0,0,0
20321531,3706,0,2,0,0,0,0,0,0,0,0,0
20325175,3707,0,2,0,0,0,0,0,0,0,0,0
20328819,3708,0,2,0,0,0,0,0,0,0,0,0
20332463,3709,0,2,0,0,0,0,0,0,0,0,0
20336107,3710,0,2,0,0,0,0,0,0,0,0,0
20339752,3711,0,2,0,0,0,0,0,0,0,0,0
20343395,3712,0,2,0,0,0,0,0,0,0,0,0
20347039,3713,0,2,0,0,0,0,0,0,0,0,0
20350683,3714,0,2,0,0,0,0,0,0,0,0,0
20354327,3715,0,2,0,0,0,0,0,0,0,0,0
20357971,3716,0,2,0,0,0,0,0,0,0,0,0
20361615,3717,0,2,0,0,0,0,0,0,0,0,0
20365259,3718,0,2,0,0,0,0,0,0,0,0,0
20368903,3719,0,2,0,0,0,0,0,0,0,0,0
20372547,3720,0,2,0,0,0,0,0,0,0,0,0
20376192,3721,0,2,0,0,0,0,0,0,0,0,0
20379835,3722,0,2,0,0,0,0,0,0,0,0,0
20383479,3723,0,2,0,0,0,0,0,0,0,0,0
20387123,3724,0,2,0,0,0,0,0,0,0,0,0
20390767,3725,0,2,0,0,0,0,0,0,0,0,0
20394411,3726,0,2,0,0,0,0,0,0,0,0,0
20398055,3727,0,2,0,0,0,0,0,0,0,0,0
20401699,3728,0,2,0,0,0,0,0,0,0,0,0
20405343,3729,0,2,0,0,0,0,0,0,0,0,0
20408987,3730,0,2,0,0,0,0,0,0,0,0,0
20412632,3731,0,2,0,0,0,0,0,0,0,0,0
20416275,3732,0,2,0,0,0,0,0,0,0,0,0
20419919,3733,0,2,0,0,0,0,0,0,0,0,0
20423563,3734,0,2,0,0,0,0,0,0,0,0,0
20427207,3735,0,2,0,0,0,0,0,0,0,0,0
20430851,3736,0,2,0,0,0,0,0,0,0,0,0
20434495,3737,0,2,0,0,0,0,0,0,0,0,0
20438139,3738,0,2,0,0,0,0,0,0,0,0,0
20441783,3739,0,2,0,0,0,0,0,0,0,0,0
20445427,3740,0,2,0,0,0,0,0,0,0,0,0
20449072,3741,0,2,0,0,0,0,0,0,0,0,0
20452715,3742,0,2,0,0,0,0,0,0,0,0,0
20456359,3743,0,2,0,0,0,0,0,0,0,0,0
20460003,3744,0,2,0,0,0,0,0,0,0,0,0
20463647,3745,0,2,0,0,0,0,0,0,0,0,0
20467291,3746,0,2,0,0,0,0,0,0,0,0,0
20470935,3747,0,2,0,0,0,0,0,0,0,0,0
20474579,3748,0,2,0,0,0,0,0,0,0,0,0
20478223,3749,0,2,0,0,0,0,0,0,0,0,0
20481867,3750,0,2,0,0,0,0,0,0,0,0,0
20485512,3751,0,2,0,0,0,0,0,0,0,0,0
20489155,3752,0,2,0,0,0,0,0,0,0,0,0
20492799,3753,0,2,0,0,0,0,0,0,0,0,0
20496443,3754,0,2,0,0,0,0,0,0,0,0,0
20500087,3755,0,2,0,0,0,0,0,0,0,0,0
20503731,3756,0,2,0,0,0,0,0,0,0,0,0
20507375,3757,0,2,0,0,0,0,0,0,0,0,0
20511019,3758,0,2,0,0,0,0,0,0,0,0,0
20514663,3759,0,2,0,0,0,0,0,0,0,0,0
20518307,3760,0,2,0,0,0,0,0,0,0,0,0
20521952,3761,0,2,0,0,0,0,0,0,0,0,0
20525595,3762,0,2,0,0,0,0,0,0,0,0,0
20529239,3763,0,2,0,0,0,0,0,0,0,0,0
20532883,3764,0,2,0,0,0,0,0,0,0,0,0
20536527,3765,0,2,0,0,0,0,0,0,0,0,0
20540171,3766,0,2,0,0,0,0,0,0,0,0,0
20543815,3767,0,2,0,0,0,0,0,0,0,0,0
20547459,3768,0,2,0,0,0,0,0,0,0,0,0
20551103,3769,0,2,0,0,0,0,0,0,0,0,0
20554747,3770,0,2,0,0,0,0,0,0,0,0,0
20558392,3771,0,2,0,0,0,0,0,0,0,0,0
20562035,3772,0,2,0,0,0,0,0,0,0,0,0
20565679,3773,0,2,0,0,0,0,0,0,0,0,0
20569323,3774,0,2,0,0,0,0,0,0,0,0,0
20572967,3775,0,2,0,0,0,0,0,0,0,0,0
20576611,3776,0,2,0,0,0,0,0,0,0,0,0
20580255,3777,0,2,0,0,0,0,0,0,0,0,0
20583899,3778,0,2,0,0,0,0,0,0,0,0,0
20587543,3779,0,2,0,0,0,0,0,0,0,0,0
20591187,3780,0,2,0,0,0,0,0,0,0,0,0
20594832,3781,0,2,0,0,0,0,0,0,0,0,0
20598475,3782,0,2,0,0,0,0,0,0,0,0,0
20602119,3783,0,2,0,0,0,0,0,0,0,0,0
20605763,3784,0,2,0,0,0,0,0,0,0,0,0
20609407,3785,0,2,0,0,0,0,0,0,0,0,0
20613052,3786,0,2,0,0,0,0,0,0,0,0,0
20616695,3787,0,2,0,0,0,0,0,0,0,0,0
20620339,3788,0,2,0,0,0,0,0,0,0,0,0
20623983,3789,0,2,0,0,0,0,0,0,0,0,0
20627627,3790,0,2,0,0,0,0,0,0,0,0,0
20631272,3791,0,2,0,0,0,0,0,0,0,0,0
20634915,3792,0,2,0,0,0,0,0,0,0,0,0
20638559,3793,0,2,0,0,0,0,0,0,0,0,0
20642203,3794,0,2,0,0,0,0,0,0,0,0,0
20645847,3795,0,2,0,0,0,0,0,0,0,0,0
20649491,3796,0,2,0,0,0,0,0,0,0,0,0
20653135,3797,0,2,0,0,0,0,0,0,0,0,0
20656779,3798,0,2,0,0,0,0,0,0,0,0,0
20660423,3799,0,2,0,0,0,0,0,0,0,0,0
20664067,3800,0,2,0,0,0,0,0,0,0,0,0
20667712,3801,0,2,0,0,0,0,0,0,0,0,0
20671355,3802,0,2,0,0,0,0,0,0,0,0,0
20674999,3803,0,2,0,0,0,0,0,0,0,0,0
20678643,3804,0,2,0,0,0,0,0,0,0,0,0
20682287,3805,0,2,0,0,0,0,0,0,0,0,0
20685931,3806,0,2,0,0,0,0,0,0,0,0,0
20689575,3807,0,2,0,0,0,0,0,0,0,0,0
20693219,3808,0,2,0,0,0,0,0,0,0,0,0
20696863,3809,0,2,0,0,0,0,0,0,0,0,0
20700507,3810,0,2,0,0,0,0,0,0,0,0,0
20704152,3811,0,2,0,0,0,0,0,0,0,0,0
20707795,3812,0,2,0,0,0,0,0,0,0,0,0
20711439,3813,0,2,0,0,0,0,0,0,0,0,0
20715083,3814,0,2,0,0,0,0,0,0,0,0,0
20718727,3815,0,2,0,0,0,0,0,0,0,0,0
20722371,3816,0,2,0,0,0,0,0,0,0,0,0
20726015,3817,0,2,0,0,0,0,0,0,0,0,0
20729659,3818,0,2,0,0,0,0,0,0,0,0,0
20733303,3819,0,2,0,0,0,0,0,0,0,0,0
20736947,3820,0,2,0,0,0,0,0,0,0,0,0
20740592,3821,0,2,0,0,0,0,0,0,0,0,0
20744235,3822,0,2,0,0,0,0,0,0,0,0,0
20747879,3823,0,2,0,0,0,0,0,0,0,0,0
20751523,3824,0,2,0,0,0,0,0,0,0,0,0
20755167,3825,0,2,0,0,0,0,0,0,0,0,0
20758811,3826,0,2,0,0,0,0,0,0,0,0,0
20762455,3827,0,2,0,0,0,0,0,0,0,0,0
20766100,3828,0,2,0,0,0,0,0,0,0,0,0
20769743,3829,0,2,0,0,0,0,0,0,0,0,0
20773387,3830,0,2,0,0,0,0,0,0,0,0,0
20777032,3831,0,2,0,0,0,0,0,0,0,0,0
20780675,3832,0,2,0,0,0,0,0,0,0,0,0
20784319,3833,0,2,0,0,0,0,0,0,0,0,0
20787963,3834,0,2,0,0,0,0,0,0,0,0,0
20791607,3835,0,2,0,0,0,0,0,0,0,0,0
20795251,3836,0,2,0,0,0,0,0,0,0,0,0
20798895,3837,0,2,0,0,0,0,0,0,0,0,0
20802539,3838,0,2,0,0,0,0,0,0,0,0,0
20806183,3839,0,2,0,0,0,0,0,0,0,0,0
20809827,3840,0,2,0,0,0,0,0,0,0,0,0
20813472,3841,0,2,0,0,0,0,0,0,0,0,0
20817115,3842,0,2,0,0,0,0,0,0,0,0,0
20820759,3843,0,2,0,0,0,0,0,0,0,0,0
20824403,3844,0,2,0,0,0,0,0,0,0,0,0
20828047,3845,0,2,0,0,0,0,0,0,0,0,0
20831691,3846,0,2,0,0,0,0,0,0,0,0,0
20835335,3847,0,2,0,0,0,0,0,0,0,0,0
20838979,3848,0,2,0,0,0,0,0,0,0,0,0
20842623,3849,0,2,0,0,0,0,0,0,0,0,0
20846267,3850,0,2,0,0,0,0,0,0,0,0,0
20849912,3851,0,2,0,0,0,0,0,0,0,0,0
20853555,3852,0,2,0,0,0,0,0,0,0,0,0
20857199,3853,0,2,0,0,0,0,0,0,0,0,0
20860843,3854,0,2,0,0,0,0,0,0,0,0,0
20864487,3855,0,2,0,0,0,0,0,0,0,0,0
20868131,3856,0,2,0,0,0,0,0,0,0,0,0
20871775,3857,0,2,0,0,0,0,0,0,0,0,0
20875419,3858,0,2,0,0,0,0,0,0,0,0,0
20879063,3859,0,2,0,0,0,0,0,0,0,0,0
20887353,3860,0,2,0,0,0,0,0,0,0,0,0
20890986,3861,0,2,0,0,0,0,0,0,0,0,0
20894629,3862,0,2,0,0,0,0,0,0,0,0,0
20898273,3863,0,2,0,0,0,0,0,0,0,0,0
20901917,3864,0,2,0,0,0,0,0,0,0,0,0
20905561,3865,0,2,0,0,0,0,0,0,0,0,0
20909205,3866,0,2,0,0,0,0,0,0,0,0,0
20912849,3867,0,2,0,0,0,0,0,0,0,0,0
20916493,3868,0,2,0,0,0,0,0,0,0,0,0
20920137,3869,0,2,0,0,0,0,0,0,0,0,0
20923781,3870,0,2,0,0,0,0,0,0,0,0,0
20927426,3871,0,2,0,0,0,0,0,0,0,0,0
20931070,3872,0,2,0,0,0,0,0,0,0,0,0
20934713,3873,0,2,0,0,0,0,0,0,0,0,0
20938357,3874,0,2,0,0,0,0,0,0,0,0,0
20942001,3875,0,2,0,0,0,0,0,0,0,0,0
20945645,3876,0,2,0,0,0,0,0,0,0,0,0
20949289,3877,0,2,0,0,0,0,0,0,0,0,0
20952933,3878,0,2,0,0,0,0,0,0,0,0,0
20956577,3879,0,2,0,0,0,0,0,0,0,0,0
20960221,3880,0,2,0,0,0,0,0,0,0,0,0
20963866,3881,0,2,0,0,0,0,0,0,0,0,0
20967509,3882,0,2,0,0,0,0,0,0,0,0,0
20971153,3883,0,2,0,0,0,0,0,0,0,0,0
20974797,3884,0,2,0,0,0,0,0,0,0,0,0
20978441,3885,0,2,0,0,0,0,0,0,0,0,0
20982085,3886,0,2,0,0,0,0,0,0,0,0,0
20985729,3887,0,2,0,0,0,0,0,0,0,0,0
20989373,3888,0,2,0,0,0,0,0,0,0,0,0
20993017,3889,0,2,0,0,0,0,0,0,0,0,0
20996661,3890,0,2,0,0,0,0,0,0,0,0,0
21000306,3891,0,2,0,0,0,0,0,0,0,0,0
21003949,3892,0,2,0,0,0,0,0,0,0,0,0
21007593,3893,0,2,0,0,0,0,0,0,0,0,0
21011237,3894,0,2,0,0,0,0,0,0,0,0,0
21014881,3895,0,2,0,0,0,0,0,0,0,0,0
21018525,3896,0,2,0,0,0,0,0,0,0,0,0
21022169,3897,0,2,0,0,0,0,0,0,0,0,0
21025813,3898,0,2,0,0,0,0,0,0,0,0,0
21029457,3899,0,2,0,0,0,0,0,0,0,0,0
21033101,3900,0,2,0,0,0,0,0,0,0,0,0
21036746,3901,0,2,0,0,0,0,0,0,0,0,0
21040389,3902,0,2,0,0,0,0,0,0,0,0,0
21044034,3903,0,2,0,0,0,0,0,0,0,0,0
21047677,3904,0,2,0,0,0,0,0,0,0,0,0
21051321,3905,0,2,0,0,0,0,0,0,0,0,0
21054965,3906,0,2,0,0,0,0,0,0,0,0,0
21058609,3907,0,2,0,0,0,0,0,0,0,0,0
21062253,3908,0,2,0,0,0,0,0,0,0,0,0
21065897,3909,0,2,0,0,0,0,0,0,0,0,0
21069541,3910,0,2,0,0,0,0,0,0,0,0,0
21073186,3911,0,2,0,0,0,0,0,0,0,0,0
21076829,3912,0,2,0,0,0,0,0,0,0,0,0
21080473,3913,0,2,0,0,0,0,0,0,0,0,0
21084117,3914,0,2,0,0,0,0,0,0,0,0,0
21087761,3915,0,2,0,0,0,0,0,0,0,0,0
21091405,3916,0,2,0,0,0,0,0,0,0,0,0
21095049,3917,0,2,0,0,0,0,0,0,0,0,0
21098693,3918,0,2,0,0,0,0,0,0,0,0,0
21102337,3919,0,2,0,0,0,0,0,0,0,0,0
21105981,3920,0,2,0,0,0,0,0,0,0,0,0
21109626,3921,0,2,0,0,0,0,0,0,0,0,0
21113269,3922,0,2,0,0,0,0,0,0,0,0,0
21116913,3923,0,2,0,0,0,0,0,0,0,0,0
21120557,3924,0,2,0,0,0,0,0,0,0,0,0
21124201,3925,0,2,0,0,0,0,0,0,0,0,0
21127845,3926,0,2,0,0,0,0,0,0,0,0,0
21131489,3927,0,2,0,0,0,0,0,0,0,0,0
21135133,3928,0,2,0,0,0,0,0,0,0,0,0
21138777,3929,0,2,0,0,0,0,0,0,0,0,0
21142421,3930,0,2,0,0,0,0,0,0,0,0,0
21146066,3931,0,2,0,0,0,0,0,0,0,0,0
21149709,3932,0,2,0,0,0,0,0,0,0,0,0
21153353,3933,0,2,0,0,0,0,0,0,0,0,0
21156997,3934,0,2,0,0,0,0,0,0,0,0,0
21160641,3935,0,2,0,0,0,0,0,0,0,0,0
21164285,3936,0,2,0,0,0,0,0,0,0,0,0
21167929,3937,0,2,0,0,0,0,0,0,0,0,0
21171573,3938,0,2,0,0,0,0,0,0,0,0,0
21175217,3939,0,2,0,0,0,0,0,0,0,0,0
21178861,3940,0,2,0,0,0,0,0,0,0,0,0
21182506,3941,0,2,0,0,0,0,0,0,0,0,0
21186149,3942,0,2,0,0,0,0,0,0,0,0,0
21189793,3943,0,2,0,0,0,0,0,0,0,0,0
21193437,3944,0,2,0,0,0,0,0,0,0,0,0
21197082,3945,0,2,0,0,0,0,0,0,0,0,0
21200725,3946,0,2,0,0,0,0,0,0,0,0,0
21204369,3947,0,2,0,0,0,0,0,0,0,0,0
21208014,3948,0,2,0,0,0,0,0,0,0,0,0
21211657,3949,0,2,0,0,0,0,0,0,0,0,0
21215301,3950,0,2,0,0,0,0,0,0,0,0,0
21218946,3951,0,2,0,0,0,0,0,0,0,0,0
21222589,3952,0,2,0,0,0,0,0,0,0,0,0
21226233,3953,0,2,0,0,0,0,0,0,0,0,0
21229877,3954,0,2,0,0,0,0,0,0,0,0,0
21233521,3955,0,2,0,0,0,0,0,0,0,0,0
21237165,3956,0,2,0,0,0,0,0,0,0,0,0
21240809,3957,0,2,0,0,0,0,0,0,0,0,0
21244453,3958,0,2,0,0,0,0,0,0,0,0,0
21248097,3959,0,2,0,0,0,0,0,0,0,0,0
21251741,3960,0,2,0,0,0,0,0,0,0,0,0
21255386,3961,0,2,0,0,0,0,0,0,0,0,0
21259029,3962,0,2,0,0,0,0,0,0,0,0,0
21262673,3963,0,2,0,0,0,0,0,0,0,0,0
21266317,3964,0,2,0,0,0,0,0,0,0,0,0
21269961,3965,0,2,0,0,0,0,0,0,0,0,0
21273605,3966,0,2,0,0,0,0,0,0,0,0,0
21277249,3967,0,2,0,0,0,0,0,0,0,0,0
21280893,3968,0,2,0,0,0,0,0,0,0,0,0
21284537,3969,0,2,0,0,0,0,0,0,0,0,0
21288181,3970,0,2,0,0,0,0,0,0,0,0,0
21291826,3971,0,2,0,0,0,0,0,0,0,0,0
21295469,3972,0,2,0,0,0,0,0,0,0,0,0
21299113,3973,0,2,0,0,0,0,0,0,0,0,0
21302757,3974,0,2,0,0,0,0,0,0,0,0,0
21306401,3975,0,2,0,0,0,0,0,0,0,0,0
21310045,3976,0,2,0,0,0,0,0,0,0,0,0
21313689,3977,0,2,0,0,0,0,0,0,0,0,0
21317333,3978,0,2,0,0,0,0,0,0,0,0,0
21320977,3979,0,2,0,0,0,0,0,0,0,0,0
21324621,3980,0,2,0,0,0,0,0,0,0,0,0
21328266,3981,0,2,0,0,0,0,0,0,0,0,0
21331909,3982,0,2,0,0,0,0,0,0,0,0,0
21335553,3983,0,2,0,0,0,0,0,0,0,0,0
21339197,3984,0,2,0,0,0,0,0,0,0,0,0
21342841,3985,0,2,0,0,0,0,0,0,0,0,0
21346485,3986,0,2,0,0,0,0,0,0,0,0,0
21350129,3987,0,2,0,0,0,0,0,0,0,0,0
21353773,3988,0,2,0,0,0,0,0,0,0,0,0
21357417,3989,0,2,0,0,0,0,0,0,0,0,0
21361061,3990,0,2,0,0,0,0,0,0,0,0,0
21364706,3991,0,2,0,0,0,0,0,0,0,0,0
21368349,3992,0,2,0,0,0,0,0,0,0,0,0
21371993,3993,0,2,0,0,0,0,0,0,0,0,0
21375637,3994,0,2,0,0,0,0,0,0,0,0,0
21379281,3995,0,2,0,0,0,0,0,0,0,0,0
21382925,3996,0,2,0,0,0,0,0,0,0,0,0
21386569,3997,0,2,0,0,0,0,0,0,0,0,0
21390213,3998,0,2,0,0,0,0,0,0,0,0,0
21393857,3999,0,2,0,0,0,0,0,0,0,0,0
21397501,4000,0,2,0,0,0,0,0,0,0,0,0
21401146,4001,0,2,0,0,0,0,0,0,0,0,0
21404789,4002,0,2,0,0,0,0,0,0,0,0,0
21408433,4003,0,2,0,0,0,0,0,0,0,0,0
21412077,4004,0,2,0,0,0,0,0,0,0,0,0
21415721,4005,0,2,0,0,0,0,0,0,0,0,0
21419365,4006,0,2,0,0,0,0,0,0,0,0,0
21423010,4007,0,2,0,0,0,0,0,0,0,0,0
21426653,4008,0,2,0,0,0,0,0,0,0,0,0
21430297,4009,0,2,0,0,0,0,0,0,0,0,0
21433941,4010,0,2,0,0,0,0,0,0,0,0,0
21437586,4011,0,2,0,0,0,0,0,0,0,0,0
21441229,4012,0,2,0,0,0,0,0,0,0,0,0
21444873,4013,0,2,0,0,0,0,0,0,0,0,0
21448517,4014,0,2,0,0,0,0,0,0,0,0,0
21452161,4015,0,2,0,0,0,0,0,0,0,0,0
21455805,4016,0,2,0,0,0,0,0,0,0,0,0
21459449,4017,0,2,0,0,0,0,0,0,0,0,0
21463094,4018,0,2,0,0,0,0,0,0,0,0,0
21466737,4019,0,2,0,0,0,0,0,0,0,0,0
21470381,4020,0,2,0,0,0,0,0,0,0,0,0
21474026,4021,0,2,0,0,0,0,0,0,0,0,0
21477669,4022,0,2,0,0,0,0,0,0,0,0,0
21481313,4023,0,2,0,0,0,0,0,0,0,0,0
21484957,4024,0,2,0,0,0,0,0,0,0,0,0
21488601,4025,0,2,0,0,0,0,0,0,0,0,0
21492245,4026,0,2,0,0,0,0,0,0,0,0,0
21495889,4027,0,2,0,0,0,0,0,0,0,0,0
21499533,4028,0,2,0,0,0,0,0,0,0,0,0
21503177,4029,0,2,0,0,0,0,0,0,0,0,0
21506821,4030,0,2,0,0,0,0,0,0,0,0,0
21510466,4031,0,2,0,0,0,0,0,0,0,0,0
21514109,4032,0,2,0,0,0,0,0,0,0,0,0
21517753,4033,0,2,0,0,0,0,0,0,0,0,0
21521397,4034,0,2,0,0,0,0,0,0,0,0,0
21525041,4035,0,2,0,0,0,0,0,0,0,0,0
21528685,4036,0,2,0,0,0,0,0,0,0,0,0
21532329,4037,0,2,0,0,0,0,0,0,0,0,0
21535973,4038,0,2,0,0,0,0,0,0,0,0,0
21539617,4039,0,2,0,0,0,0,0,0,0,0,0
21543261,4040,0,2,0,0,0,0,0,0,0,0,0
21546906,4041,0,2,0,0,0,0,0,0,0,0,0
21550549,4042,0,2,0,0,0,0,0,0,0,0,0
21554193,4043,0,2,0,0,0,0,0,0,0,0,0
21557837,4044,0,2,0,0,0,0,0,0,0,0,0
21561481,4045,0,2,0,0,0,0,0,0,0,0,0
21565125,4046,0,2,0,0,0,0,0,0,0,0,0
21568769,4047,0,2,0,0,0,0,0,0,0,0,0
21572413,4048,0,2,0,0,0,0,0,0,0,0,0
21576057,4049,0,2,0,0,0,0,0,0,0,0,0
21579701,4050,0,2,0,0,0,0,0,0,0,0,0
21583346,4051,0,2,0,0,0,0,0,0,0,0,0
21586989,4052,0,2,0,0,0,0,0,0,0,0,0
21590633,4053,0,2,0,0,0,0,0,0,0,0,0
21594277,4054,0,2,0,0,0,0,0,0,0,0,0
21597921,4055,0,2,0,0,0,0,0,0,0,0,0
21601565,4056,0,2,0,0,0,0,0,0,0,0,0
21605209,4057,0,2,0,0,0,0,0,0,0,0,0
21608853,4058,0,2,0,0,0,0,0,0,0,0,0
21612497,4059,0,2,0,0,0,0,0,0,0,0,0
21616141,4060,0,2,0,0,0,0,0,0,0,0,0
21619786,4061,0,2,0,0,0,0,0,0,0,0,0
21623429,4062,0,2,0,0,0,0,0,0,0,0,0
21627073,4063,0,2,0,0,0,0,0,0,0,0,0
21630717,4064,0,2,0,0,0,0,0,0,0,0,0
21634361,4065,0,2,0,0,0,0,0,0,0,0,0
21638005,4066,0,2,0,0,0,0,0,0,0,0,0
21641649,4067,0,2,0,0,0,0,0,0,0,0,0
21645293,4068,0,2,0,0,0,0,0,0,0,0,0
21648937,4069,0,2,0,0,0,0,0,0,0,0,0
21652581,4070,0,2,0,0,0,0,0,0,0,0,0
21656226,4071,0,2,0,0,0,0,0,0,0,0,0
21659869,4072,0,2,0,0,0,0,0,0,0,0,0
21663513,4073,0,2,0,0,0,0,0,0,0,0,0
21667157,4074,0,2,0,0,0,0,0,0,0,0,0
21670801,4075,0,2,0,0,0,0,0,0,0,0,0
21674445,4076,0,2,0,0,0,0,0,0,0,0,0
21678089,4077,0,2,0,0,0,0,0,0,0,0,0
21681733,4078,0,2,0,0,0,0,0,0,0,0,0
21685377,4079,0,2,0,0,0,0,0,0,0,0,0
21689022,4080,0,2,0,0,0,0,0,0,0,0,0
21692666,4081,0,2,0,0,0,0,0,0,0,0,0
21696309,4082,0,2,0,0,0,0,0,0,0,0,0
21699953,4083,0,2,0,0,0,0,0,0,0,0,0
21703597,4084,0,2,0,0,0,0,0,0,0,0,0
21707241,4085,0,2,0,0,0,0,0,0,0,0,0
21710885,4086,0,2,0,0,0,0,0,0,0,0,0
21720953,4087,0,2,0,0,0,0,0,0,0,0,0
21724585,4088,0,2,0,0,0,0,0,0,0,0,0
21728229,4089,0,2,0,0,0,0,0,0,0,0,0
21731873,4090,0,2,0,0,0,0,0,0,0,0,0
21735518,4091,0,2,0,0,0,0,0,0,0,0,0
21739161,4092,0,2,0,0,0,0,0,0,0,0,0
21742805,4093,0,2,0,0,0,0,0,0,0,0,0
21746449,4094,0,2,0,0,0,0,0,0,0,0,0
21750094,4095,0,2,0,0,0,0,0,0,0,0,0
21753737,4096,0,2,0,0,0,0,0,0,0,0,0
21757381,4097,0,2,0,0,0,0,0,0,0,0,0
21761025,4098,0,2,0,0,0,0,0,0,0,0,0
21764669,4099,0,2,0,0,0,0,0,0,0,0,0
21768313,4100,0,2,0,0,0,0,0,0,0,0,0
21771958,4101,0,2,0,0,0,0,0,0,0,0,0
21775601,4102,0,2,0,0,0,0,0,0,0,0,0
21779245,4103,0,2,0,0,0,0,0,0,0,0,0
21782889,4104,0,2,0,0,0,0,0,0,0,0,0
21786533,4105,0,2,0,0,0,0,0,0,0,0,0
21790177,4106,0,2,0,0,0,0,0,0,0,0,0
21793821,4107,0,2,0,0,0,0,0,0,0,0,0
21797465,4108,0,2,0,0,0,0,0,0,0,0,0
21801109,4109,0,2,0,0,0,0,0,0,0,0,0
21804753,4110,0,2,0,0,0,0,0,0,0,0,0
21808398,4111,0,2,0,0,0,0,0,0,0,0,0
21812041,4112,0,2,0,0,0,0,0,0,0,0,0
21815685,4113,0,2,0,0,0,0,0,0,0,0,0
21819329,4114,0,2,0,0,0,0,0,0,0,0,0
21822973,4115,0,2,0,0,0,0,0,0,0,0,0
21826617,4116,0,2,0,0,0,0,0,0,0,0,0
21830261,4117,0,2,0,0,0,0,0,0,0,0,0
21833905,4118,0,2,0,0,0,0,0,0,0,0,0
21837549,4119,0,2,0,0,0,0,0,0,0,0,0
21841193,4120,0,2,0,0,0,0,0,0,0,0,0
21844838,4121,0,2,0,0,0,0,0,0,0,0,0
21848481,4122,0,2,0,0,0,0,0,0,0,0,0
21852125,4123,0,2,0,0,0,0,0,0,0,0,0
21855769,4124,0,2,0,0,0,0,0,0,0,0,0
21859413,4125,0,2,0,0,0,0,0,0,0,0,0
21863057,4126,0,2,0,0,0,0,0,0,0,0,0
21866701,4127,0,2,0,0,0,0,0,0,0,0,0
21870345,4128,0,2,0,0,0,0,0,0,0,0,0
21873989,4129,0,2,0,0,0,0,0,0,0,0,0
21877633,4130,0,2,0,0,0,0,0,0,0,0,0
21881278,4131,0,2,0,0,0,0,0,0,0,0,0
21884921,4132,0,2,0,0,0,0,0,0,0,0,0
21888565,4133,0,2,0,0,0,0,0,0,0,0,0
21892209,4134,0,2,0,0,0,0,0,0,0,0,0
21895853,4135,0,2,0,0,0,0,0,0,0,0,0
21899497,4136,0,2,0,0,0,0,0,0,0,0,0
21903141,4137,0,2,0,0,0,0,0,0,0,0,0
21906785,4138,0,2,0,0,0,0,0,0,0,0,0
21910429,4139,0,2,0,0,0,0,0,0,0,0,0
21914073,4140,0,2,0,0,0,0,0,0,0,0,0
21917718,4141,0,2,0,0,0,0,0,0,0,0,0
21921361,4142,0,2,0,0,0,0,0,0,0,0,0
21925005,4143,0,2,0,0,0,0,0,0,0,0,0
21928649,4144,0,2,0,0,0,0,0,0,0,0,0
21932293,4145,0,2,0,0,0,0,0,0,0,0,0
21935937,4146,0,2,0,0,0,0,0,0,0,0,0
21939581,4147,0,2,0,0,0,0,0,0,0,0,0
21943225,4148,0,2,0,0,0,0,0,0,0,0,0
21946869,4149,0,2,0,0,0,0,0,0,0,0,0
21950513,4150,0,2,0,0,0,0,0,0,0,0,0
21954158,4151,0,2,0,0,0,0,0,0,0,0,0
21957801,4152,0,2,0,0,0,0,0,0,0,0,0
21961445,4153,0,2,0,0,0,0,0,0,0,0,0
21965090,4154,0,2,0,0,0,0,0,0,0,0,0
21968733,4155,0,2,0,0,0,0,0,0,0,0,0
21972377,4156,0,2,0,0,0,0,0,0,0,0,0
21976021,4157,0,2,0,0,0,0,0,0,0,0,0
21979665,4158,0,2,0,0,0,0,0,0,0,0,0
21983309,4159,0,2,0,0,0,0,0,0,0,0,0
21986953,4160,0,2,0,0,0,0,0,0,0,0,0
21990598,4161,0,2,0,0,0,0,0,0,0,0,0
21994241,4162,0,2,0,0,0,0,0,0,0,0,0
21997885,4163,0,2,0,0,0,0,0,0,0,0,0
22001529,4164,0,2,0,0,0,0,0,0,0,0,0
22005173,4165,0,2,0,0,0,0,0,0,0,0,0
22008817,4166,0,2,0,0,0,0,0,0,0,0,0
22012461,4167,0,2,0,0,0,0,0,0,0,0,0
22016105,4168,0,2,0,0,0,0,0,0,0,0,0
22019749,4169,0,2,0,0,0,0,0,0,0,0,0
22023393,4170,0,2,0,0,0,0,0,0,0,0,0
22027038,4171,0,2,0,0,0,0,0,0,0,0,0
22030681,4172,0,2,0,0,0,0,0,0,0,0,0
22034325,4173,0,2,0,0,0,0,0,0,0,0,0
22037969,4174,0,2,0,0,0,0,0,0,0,0,0
22041613,4175,0,2,0,0,0,0,0,0,0,0,0
22045257,4176,0,2,0,0,0,0,0,0,0,0,0
22048901,4177,0,2,0,0,0,0,0,0,0,0,0
22052545,4178,0,2,0,0,0,0,0,0,0,0,0
22056189,4179,0,2,0,0,0,0,0,0,0,0,0
22059833,4180,0,2,0,0,0,0,0,0,0,0,0
22063478,4181,0,2,0,0,0,0,0,0,0,0,0
22067121,4182,0,2,0,0,0,0,0,0,0,0,0
22070765,4183,0,2,0,0,0,0,0,0,0,0,0
22074409,4184,0,2,0,0,0,0,0,0,0,0,0
22078053,4185,0,2,0,0,0,0,0,0,0,0,0
22081697,4186,0,2,0,0,0,0,0,0,0,0,0
22085341,4187,0,2,0,0,0,0,0,0,0,0,0
22088985,4188,0,2,0,0,0,0,0,0,0,0,0
22092629,4189,0,2,0,0,0,0,0,0,0,0,0
22096273,4190,0,2,0,0,0,0,0,0,0,0,0
22099918,4191,0,2,0,0,0,0,0,0,0,0,0
22103561,4192,0,2,0,0,0,0,0,0,0,0,0
22107205,4193,0,2,0,0,0,0,0,0,0,0,0
22110849,4194,0,2,0,0,0,0,0,0,0,0,0
22114493,4195,0,2,0,0,0,0,0,0,0,0,0
22118137,4196,0,2,0,0,0,0,0,0,0,0,0
22121781,4197,0,2,0,0,0,0,0,0,0,0,0
22125425,4198,0,2,0,0,0,0,0,0,0,0,0
22129069,4199,0,2,0,0,0,0,0,0,0,0,0
22132713,4200,0,2,0,0,0,0,0,0,0,0,0
22136358,4201,0,2,0,0,0,0,0,0,0,0,0
22140001,4202,0,2,0,0,0,0,0,0,0,0,0
22143645,4203,0,2,0,0,0,0,0,0,0,0,0
22147289,4204,0,2,0,0,0,0,0,0,0,0,0
22150933,4205,0,2,0,0,0,0,0,0,0,0,0
22154577,4206,0,2,0,0,0,0,0,0,0,0,0
22158221,4207,0,2,0,0,0,0,0,0,0,0,0
22161865,4208,0,2,0,0,0,0,0,0,0,0,0
22165509,4209,0,2,0,0,0,0,0,0,0,0,0
22169153,4210,0,2,0,0,0,0,0,0,0,0,0
22172798,4211,0,2,0,0,0,0,0,0,0,0,0
22176441,4212,0,2,0,0,0,0,0,0,0,0,0
22180085,4213,0,2,0,0,0,0,0,0,0,0,0
22183729,4214,0,2,0,0,0,0,0,0,0,0,0
22187373,4215,0,2,0,0,0,0,0,0,0,0,0
22191017,4216,0,2,0,0,0,0,0,0,0,0,0
22194661,4217,0,2,0,0,0,0,0,0,0,0,0
22198305,4218,0,2,0,0,0,0,0,0,0,0,0
22201949,4219,0,2,0,0,0,0,0,0,0,0,0
22205593,4220,0,2,0,0,0,0,0,0,0,0,0
22209238,4221,0,2,0,0,0,0,0,0,0,0,0
22212881,4222,0,2,0,0,0,0,0,0,0,0,0
22216525,4223,0,2,0,0,0,0,0,0,0,0,0
22220169,4224,0,2,0,0,0,0,0,0,0,0,0
22223813,4225,0,2,0,0,0,0,0,0,0,0,0
22227457,4226,0,2,0,0,0,0,0,0,0,0,0
22231101,4227,0,2,0,0,0,0,0,0,0,0,0
22234745,4228,0,2,0,0,0,0,0,0,0,0,0
22238389,4229,0,2,0,0,0,0,0,0,0,0,0
22242033,4230,0,2,0,0,0,0,0,0,0,0,0
22245678,4231,0,2,0,0,0,0,0,0,0,0,0
22249321,4232,0,2,0,0,0,0,0,0,0,0,0
22252965,4233,0,2,0,0,0,0,0,0,0,0,0
22256609,4234,0,2,0,0,0,0,0,0,0,0,0
22260253,4235,0,2,0,0,0,0,0,0,0,0,0
22263897,4236,0,2,0,0,0,0,0,0,0,0,0
22267541,4237,0,2,0,0,0,0,0,0,0,0,0
22271185,4238,0,2,0,0,0,0,0,0,0,0,0
22274829,4239,0,2,0,0,0,0,0,0,0,0,0
22278473,4240,0,2,0,0,0,0,0,0,0,0,0
22282118,4241,0,2,0,0,0,0,0,0,0,0,0
22285761,4242,0,2,0,0,0,0,0,0,0,0,0
22289405,4243,0,2,0,0,0,0,0,0,0,0,0
22293049,4244,0,2,0,0,0,0,0,0,0,0,0
22296693,4245,0,2,0,0,0,0,0,0,0,0,0
22300337,4246,0,2,0,0,0,0,0,0,0,0,0
22303981,4247,0,2,0,0,0,0,0,0,0,0,0
22307625,4248,0,2,0,0,0,0,0,0,0,0,0
22311269,4249,0,2,0,0,0,0,0,0,0,0,0
22314913,4250,0,2,0,0,0,0,0,0,0,0,0
22318558,4251,0,2,0,0,0,0,0,0,0,0,0
22322201,4252,0,2,0,0,0,0,0,0,0,0,0
22325845,4253,0,2,0,0,0,0,0,0,0,0,0
22329489,4254,0,2,0,0,0,0,0,0,0,0,0
22333133,4255,0,2,0,0,0,0,0,0,0,0,0
22336777,4256,0,2,0,0,0,0,0,0,0,0,0
22340421,4257,0,2,0,0,0,0,0,0,0,0,0
22344065,4258,0,2,0,0,0,0,0,0,0,0,0
22347709,4259,0,2,0,0,0,0,0,0,0,0,0
22351353,4260,0,2,0,0,0,0,0,0,0,0,0
22354998,4261,0,2,0,0,0,0,0,0,0,0,0
22358641,4262,0,2,0,0,0,0,0,0,0,0,0
22362285,4263,0,2,0,0,0,0,0,0,0,0,0
22365929,4264,0,2,0,0,0,0,0,0,0,0,0
22369573,4265,0,2,0,0,0,0,0,0,0,0,0
22373217,4266,0,2,0,0,0,0,0,0,0,0,0
22376861,4267,0,2,0,0,0,0,0,0,0,0,0
22380505,4268,0,2,0,0,0,0,0,0,0,0,0
22384149,4269,0,2,0,0,0,0,0,0,0,0,0
22387793,4270,0,2,0,0,0,0,0,0,0,0,0
22391438,4271,0,2,0,0,0,0,0,0,0,0,0
22395082,4272,0,2,0,0,0,0,0,0,0,0,0
22398725,4273,0,2,0,0,0,0,0,0,0,0,0
22402369,4274,0,2,0,0,0,0,0,0,0,0,0
22406013,4275,0,2,0,0,0,0,0,0,0,0,0
22409657,4276,0,2,0,0,0,0,0,0,0,0,0
22413301,4277,0,2,0,0,0,0,0,0,0,0,0
22416945,4278,0,2,0,0,0,0,0,0,0,0,0
22420589,4279,0,2,0,0,0,0,0,0,0,0,0
22424233,4280,0,2,0,0,0,0,0,0,0,0,0
22427878,4281,0,2,0,0,0,0,0,0,0,0,0
22431521,4282,0,2,0,0,0,0,0,0,0,0,0
22435165,4283,0,2,0,0,0,0,0,0,0,0,0
22438809,4284,0,2,0,0,0,0,0,0,0,0,0
22442453,4285,0,2,0,0,0,0,0,0,0,0,0
22446097,4286,0,2,0,0,0,0,0,0,0,0,0
22449741,4287,0,2,0,0,0,0,0,0,0,0,0
22453385,4288,0,2,0,0,0,0,0,0,0,0,0
22457029,4289,0,2,0,0,0,0,0,0,0,0,0
22460673,4290,0,2,0,0,0,0,0,0,0,0,0
22464318,4291,0,2,0,0,0,0,0,0,0,0,0
22467961,4292,0,2,0,0,0,0,0,0,0,0,0
22471605,4293,0,2,0,0,0,0,0,0,0,0,0
22475249,4294,0,2,0,0,0,0,0,0,0,0,0
22478893,4295,0,2,0,0,0,0,0,0,0,0,0
22482537,4296,0,2,0,0,0,0,0,0,0,0,0
22486181,4297,0,2,0,0,0,0,0,0,0,0,0
22489825,4298,0,2,0,0,0,0,0,0,0,0,0
22493469,4299,0,2,0,0,0,0,0,0,0,0,0
22497113,4300,0,2,0,0,0,0,0,0,0,0,0
22500758,4301,0,2,0,0,0,0,0,0,0,0,0
22504401,4302,0,2,0,0,0,0,0,0,0,0,0
22508045,4303,0,2,0,0,0,0,0,0,0,0,0
22511689,4304,0,2,0,0,0,0,0,0,0,0,0
22515333,4305,0,2,0,0,0,0,0,0,0,0,0
22518977,4306,0,2,0,0,0,0,0,0,0,0,0
22522621,4307,0,2,0,0,0,0,0,0,0,0,0
22526265,4308,0,2,0,0,0,0,0,0,0,0,0
22529909,4309,0,2,0,0,0,0,0,0,0,0,0
22533553,4310,0,2,0,0,0,0,0,0,0,0,0
22537198,4311,0,2,0,0,0,0,0,0,0,0,0
22540841,4312,0,2,0,0,0,0,0,0,0,0,0
22544485,4313,0,2,0,0,0,0,0,0,0,0,0
22553246,4314,0,2,0,0,0,0,0,0,0,0,0
22556878,4315,0,2,0,0,0,0,0,0,0,0,0
22560522,4316,0,2,0,0,0,0,0,0,0,0,0
22564166,4317,0,2,0,0,0,0,0,0,0,0,0
22567810,4318,0,2,0,0,0,0,0,0,0,0,0
22571454,4319,0,2,0,0,0,0,0,0,0,0,0
22575098,4320,0,2,0,0,0,0,0,0,0,0,0
22578743,4321,0,2,0,0,0,0,0,0,0,0,0
22582386,4322,0,2,0,0,0,0,0,0,0,0,0
22586030,4323,0,2,0,0,0,0,0,0,0,0,0
22589674,4324,0,2,0,0,0,0,0,0,0,0,0
22593318,4325,0,2,0,0,0,0,0,0,0,0,0
22596962,4326,0,2,0,0,0,0,0,0,0,0,0
22600606,4327,0,2,0,0,0,0,0,0,0,0,0
22604250,4328,0,2,0,0,0,0,0,0,0,0,0
22607894,4329,0,2,0,0,0,0,0,0,0,0,0
22611538,4330,0,2,0,0,0,0,0,0,0,0,0
22615183,4331,0,2,0,0,0,0,0,0,0,0,0
22618826,4332,0,2,0,0,0,0,0,0,0,0,0
22622470,4333,0,2,0,0,0,0,0,0,0,0,0
22626114,4334,0,2,0,0,0,0,0,0,0,0,0
22629758,4335,0,2,0,0,0,0,0,0,0,0,0
22633402,4336,0,2,0,0,0,0,0,0,0,0,0
22637046,4337,0,2,0,0,0,0,0,0,0,0,0
22640690,4338,0,2,0,0,0,0,0,0,0,0,0
22644334,4339,0,2,0,0,0,0,0,0,0,0,0
22647978,4340,0,2,0,0,0,0,0,0,0,0,0
22651623,4341,0,2,0,0,0,0,0,0,0,0,0
22655266,4342,0,2,0,0,0,0,0,0,0,0,0
22658910,4343,0,2,0,0,0,0,0,0,0,0,0
22662554,4344,0,2,0,0,0,0,0,0,0,0,0
22666198,4345,0,2,0,0,0,0,0,0,0,0,0
22669842,4346,0,2,0,0,0,0,0,0,0,0,0
22673486,4347,0,2,0,0,0,0,0,0,0,0,0
22677130,4348,0,2,0,0,0,0,0,0,0,0,0
22680774,4349,0,2,0,0,0,0,0,0,0,0,0
22684418,4350,0,2,0,0,0,0,0,0,0,0,0
22688063,4351,0,2,0,0,0,0,0,0,0,0,0
22691706,4352,0,2,0,0,0,0,0,0,0,0,0
22695350,4353,0,2,0,0,0,0,0,0,0,0,0
22698994,4354,0,2,0,0,0,0,0,0,0,0,0
22702638,4355,0,2,0,0,0,0,0,0,0,0,0
22706282,4356,0,2,0,0,0,0,0,0,0,0,0
22709926,4357,0,2,0,0,0,0,0,0,0,0,0
22713570,4358,0,2,0,0,0,0,0,0,0,0,0
22717214,4359,0,2,0,0,0,0,0,0,0,0,0
22720858,4360,0,2,0,0,0,0,0,0,0,0,0
22724503,4361,0,2,0,0,0,0,0,0,0,0,0
22728146,4362,0,2,0,0,0,0,0,0,0,0,0
22731790,4363,0,2,0,0,0,0,0,0,0,0,0
22735434,4364,0,2,0,0,0,0,0,0,0,0,0
22739078,4365,0,2,0,0,0,0,0,0,0,0,0
22742722,4366,0,2,0,0,0,0,0,0,0,0,0
22746366,4367,0,2,0,0,0,0,0,0,0,0,0
22750010,4368,0,2,0,0,0,0,0,0,0,0,0
22753654,4369,0,2,0,0,0,0,0,0,0,0,0
22757298,4370,0,2,0,0,0,0,0,0,0,0,0
22760943,4371,0,2,0,0,0,0,0,0,0,0,0
22764586,4372,0,2,0,0,0,0,0,0,0,0,0
22768230,4373,0,2,0,0,0,0,0,0,0,0,0
22771874,4374,0,2,0,0,0,0,0,0,0,0,0
22775518,4375,0,2,0,0,0,0,0,0,0,0,0
22779162,4376,0,2,0,0,0,0,0,0,0,0,0
22782806,4377,0,2,0,0,0,0,0,0,0,0,0
22786450,4378,0,2,0,0,0,0,0,0,0,0,0
22790094,4379,0,2,0,0,0,0,0,0,0,0,0
22793738,4380,0,2,0,0,0,0,0,0,0,0,0
22797383,4381,0,2,0,0,0,0,0,0,0,0,0
22801026,4382,0,2,0,0,0,0,0,0,0,0,0
22804670,4383,0,2,0,0,0,0,0,0,0,0,0
22808314,4384,0,2,0,0,0,0,0,0,0,0,0
22811958,4385,0,2,0,0,0,0,0,0,0,0,0
22815602,4386,0,2,0,0,0,0,0,0,0,0,0
22819246,4387,0,2,0,0,0,0,0,0,0,0,0
22822890,4388,0,2,0,0,0,0,0,0,0,0,0
22826534,4389,0,2,0,0,0,0,0,0,0,0,0
22830178,4390,0,2,0,0,0,0,0,0,0,0,0
22833823,4391,0,2,0,0,0,0,0,0,0,0,0
22837466,4392,0,2,0,0,0,0,0,0,0,0,0
22841110,4393,0,2,0,0,0,0,0,0,0,0,0
22844754,4394,0,2,0,0,0,0,0,0,0,0,0
22848398,4395,0,2,0,0,0,0,0,0,0,0,0
22852042,4396,0,2,0,0,0,0,0,0,0,0,0
22855686,4397,0,2,0,0,0,0,0,0,0,0,0
22859330,4398,0,2,0,0,0,0,0,0,0,0,0
22862974,4399,0,2,0,0,0,0,0,0,0,0,0
22866618,4400,0,2,0,0,0,0,0,0,0,0,0
22870263,4401,0,2,0,0,0,0,0,0,0,0,0
22873906,4402,0,2,0,0,0,0,0,0,0,0,0
22877550,4403,0,2,0,0,0,0,0,0,0,0,0
22881194,4404,0,2,0,0,0,0,0,0,0,0,0
22884838,4405,0,2,0,0,0,0,0,0,0,0,0
22888482,4406,0,2,0,0,0,0,0,0,0,0,0
22892126,4407,0,2,0,0,0,0,0,0,0,0,0
22895770,4408,0,2,0,0,0,0,0,0,0,0,0
22899414,4409,0,2,0,0,0,0,0,0,0,0,0
22903058,4410,0,2,0,0,0,0,0,0,0,0,0
22906703,4411,0,2,0,0,0,0,0,0,0,0,0
22910346,4412,0,2,0,0,0,0,0,0,0,0,0
22913990,4413,0,2,0,0,0,0,0,0,0,0,0
22917634,4414,0,2,0,0,0,0,0,0,0,0,0
22921278,4415,0,2,0,0,0,0,0,0,0,0,0
22924922,4416,0,2,0,0,0,0,0,0,0,0,0
22928566,4417,0,2,0,0,0,0,0,0,0,0,0
22932210,4418,0,2,0,0,0,0,0,0,0,0,0
22935854,4419,0,2,0,0,0,0,0,0,0,0,0
22939498,4420,0,2,0,0,0,0,0,0,0,0,0
22943143,4421,0,2,0,0,0,0,0,0,0,0,0
22946786,4422,0,2,0,0,0,0,0,0,0,0,0
22950430,4423,0,2,0,0,0,0,0,0,0,0,0
22954074,4424,0,2,0,0,0,0,0,0,0,0,0
22957718,4425,0,2,0,0,0,0,0,0,0,0,0
22961362,4426,0,2,0,0,0,0,0,0,0,0,0
22965007,4427,0,2,0,0,0,0,0,0,0,0,0
22968650,4428,0,2,0,0,0,0,0,0,0,0,0
22972294,4429,0,2,0,0,0,0,0,0,0,0,0
22975938,4430,0,2,0,0,0,0,0,0,0,0,0
22979583,4431,0,2,0,0,0,0,0,0,0,0,0
22983226,4432,0,2,0,0,0,0,0,0,0,0,0
22986870,4433,0,2,0,0,0,0,0,0,0,0,0
22990514,4434,0,2,0,0,0,0,0,0,0,0,0
22994158,4435,0,2,0,0,0,0,0,0,0,0,0
22997802,4436,0,2,0,0,0,0,0,0,0,0,0
23001446,4437,0,2,0,0,0,0,0,0,0,0,0
23005090,4438,0,2,0,0,0,0,0,0,0,0,0
23008734,4439,0,2,0,0,0,0,0,0,0,0,0
23012378,4440,0,2,0,0,0,0,0,0,0,0,0
23016023,4441,0,2,0,0,0,0,0,0,0,0,0
23019666,4442,0,2,0,0,0,0,0,0,0,0,0
23023310,4443,0,2,0,0,0,0,0,0,0,0,0
23026954,4444,0,2,0,0,0,0,0,0,0,0,0
23030598,4445,0,2,0,0,0,0,0,0,0,0,0
23034242,4446,0,2,0,0,0,0,0,0,0,0,0
23037886,4447,0,2,0,0,0,0,0,0,0,0,0
23041530,4448,0,2,0,0,0,0,0,0,0,0,0
23045174,4449,0,2,0,0,0,0,0,0,0,0,0
23048818,4450,0,2,0,0,0,0,0,0,0,0,0
23052463,4451,0,2,0,0,0,0,0,0,0,0,0
23056106,4452,0,2,0,0,0,0,0,0,0,0,0
23059750,4453,0,2,0,0,0,0,0,0,0,0,0
23063394,4454,0,2,0,0,0,0,0,0,0,0,0
23067038,4455,0,2,0,0,0,0,0,0,0,0,0
23070682,4456,0,2,0,0,0,0,0,0,0,0,0
23074326,4457,0,2,0,0,0,0,0,0,0,0,0
23077970,4458,0,2,0,0,0,0,0,0,0,0,0
23081614,4459,0,2,0,0,0,0,0,0,0,0,0
23085258,4460,0,2,0,0,0,0,0,0,0,0,0
23088903,4461,0,2,0,0,0,0,0,0,0,0,0
23092546,4462,0,2,0,0,0,0,0,0,0,0,0
23096190,4463,0,2,0,0,0,0,0,0,0,0,0
23099834,4464,0,2,0,0,0,0,0,0,0,0,0
23103478,4465,0,2,0,0,0,0,0,0,0,0,0
23107122,4466,0,2,0,0,0,0,0,0,0,0,0
23110766,4467,0,2,0,0,0,0,0,0,0,0,0
23114410,4468,0,2,0,0,0,0,0,0,0,0,0
23118055,4469,0,2,0,0,0,0,0,0,0,0,0
23121698,4470,0,2,0,0,0,0,0,0,0,0,0
23125343,4471,0,2,0,0,0,0,0,0,0,0,0
23128986,4472,0,2,0,0,0,0,0,0,0,0,0
23132630,4473,0,2,0,0,0,0,0,0,0,0,0
23136274,4474,0,2,0,0,0,0,0,0,0,0,0
23139918,4475,0,2,0,0,0,0,0,0,0,0,0
23143562,4476,0,2,0,0,0,0,0,0,0,0,0
23147207,4477,0,2,0,0,0,0,0,0,0,0,0
23150850,4478,0,2,0,0,0,0,0,0,0,0,0
23154494,4479,0,2,0,0,0,0,0,0,0,0,0
23158138,4480,0,2,0,0,0,0,0,0,0,0,0
23161783,4481,0,2,0,0,0,0,0,0,0,0,0
23165426,4482,0,2,0,0,0,0,0,0,0,0,0
23169071,4483,0,2,0,0,0,0,0,0,0,0,0
23172714,4484,0,2,0,0,0,0,0,0,0,0,0
23176358,4485,0,2,0,0,0,0,0,0,0,0,0
23180003,4486,0,2,0,0,0,0,0,0,0,0,0
23183646,4487,0,2,0,0,0,0,0,0,0,0,0
23187290,4488,0,2,0,0,0,0,0,0,0,0,0
23190934,4489,0,2,0,0,0,0,0,0,0,0,0
23194578,4490,0,2,0,0,0,0,0,0,0,0,0
23198223,4491,0,2,0,0,0,0,0,0,0,0,0
23201866,4492,0,2,0,0,0,0,0,0,0,0,0
23205510,4493,0,2,0,0,0,0,0,0,0,0,0
23209154,4494,0,2,0,0,0,0,0,0,0,0,0
23212798,4495,0,2,0,0,0,0,0,0,0,0,0
23216442,4496,0,2,0,0,0,0,0,0,0,0,0
23220086,4497,0,2,0,0,0,0,0,0,0,0,0
23223730,4498,0,2,0,0,0,0,0,0,0,0,0
23227374,4499,0,2,0,0,0,0,0,0,0,0,0
23231019,4500,0,2,0,0,0,0,0,0,0,0,0
23234663,4501,0,2,0,0,0,0,0,0,0,0,0
23238306,4502,0,2,0,0,0,0,0,0,0,0,0
23241950,4503,0,2,0,0,0,0,0,0,0,0,0
23245594,4504,0,2,0,0,0,0,0,0,0,0,0
23249238,4505,0,2,0,0,0,0,0,0,0,0,0
23252882,4506,0,2,0,0,0,0,0,0,0,0,0
23256526,4507,0,2,0,0,0,0,0,0,0,0,0
23260170,4508,0,2,0,0,0,0,0,0,0,0,0
23263814,4509,0,2,0,0,0,0,0,0,0,0,0
23267458,4510,0,2,0,0,0,0,0,0,0,0,0
23271103,4511,0,2,0,0,0,0,0,0,0,0,0
23274746,4512,0,2,0,0,0,0,0,0,0,0,0
23278390,4513,0,2,0,0,0,0,0,0,0,0,0
23282034,4514,0,2,0,0,0,0,0,0,0,0,0
23285678,4515,0,2,0,0,0,0,0,0,0,0,0
23289322,4516,0,2,0,0,0,0,0,0,0,0,0
23292966,4517,0,2,0,0,0,0,0,0,0,0,0
23296610,4518,0,2,0,0,0,0,0,0,0,0,0
23300254,4519,0,2,0,0,0,0,0,0,0,0,0
23303898,4520,0,2,0,0,0,0,0,0,0,0,0
23307543,4521,0,2,0,0,0,0,0,0,0,0,0
23311186,4522,0,2,0,0,0,0,0,0,0,0,0
23314830,4523,0,2,0,0,0,0,0,0,0,0,0
23318474,4524,0,2,0,0,0,0,0,0,0,0,0
23322118,4525,0,2,0,0,0,0,0,0,0,0,0
23325762,4526,0,2,0,0,0,0,0,0,0,0,0
23329406,4527,0,2,0,0,0,0,0,0,0,0,0
23333050,4528,0,2,0,0,0,0,0,0,0,0,0
23336694,4529,0,2,0,0,0,0,0,0,0,0,0
23340338,4530,0,2,0,0,0,0,0,0,0,0,0
23343983,4531,0,2,0,0,0,0,0,0,0,0,0
23347626,4532,0,2,0,0,0,0,0,0,0,0,0
23351270,4533,0,2,0,0,0,0,0,0,0,0,0
23354914,4534,0,2,0,0,0,0,0,0,0,0,0
23358558,4535,0,2,0,0,0,0,0,0,0,0,0
23362202,4536,0,2,0,0,0,0,0,0,0,0,0
23365846,4537,0,2,0,0,0,0,0,0,0,0,0
23369490,4538,0,2,0,0,0,0,0,0,0,0,0
23373134,4539,0,2,0,0,0,0,0,0,0,0,0
23376778,4540,0,2,0,0,0,0,0,0,0,0,0
23387534,4541,0,2,0,0,0,0,0,0,0,0,0
23391166,4542,0,2,0,0,0,0,0,0,0,0,0
23394810,4543,0,2,0,0,0,0,0,0,0,0,0
23398454,4544,0,2,0,0,0,0,0,0,0,0,0
23402098,4545,0,2,0,0,0,0,0,0,0,0,0
23405742,4546,0,2,0,0,0,0,0,0,0,0,0
23409386,4547,0,2,0,0,0,0,0,0,0,0,0
23413030,4548,0,2,0,0,0,0,0,0,0,0,0
23416674,4549,0,2,0,0,0,0,0,0,0,0,0
23420318,4550,0,2,0,0,0,0,0,0,0,0,0
23423963,4551,0,2,0,0,0,0,0,0,0,0,0
23427606,4552,0,2,0,0,0,0,0,0,0,0,0
23431250,4553,0,2,0,0,0,0,0,0,0,0,0
23434894,4554,0,2,0,0,0,0,0,0,0,0,0
23438538,4555,0,2,0,0,0,0,0,0,0,0,0
23442182,4556,0,2,0,0,0,0,0,0,0,0,0
23445826,4557,0,2,0,0,0,0,0,0,0,0,0
23449470,4558,0,2,0,0,0,0,0,0,0,0,0
23453114,4559,0,2,0,0,0,0,0,0,0,0,0
23456758,4560,0,2,0,0,0,0,0,0,0,0,0
23460403,4561,0,2,0,0,0,0,0,0,0,0,0
23464046,4562,0,2,0,0,0,0,0,0,0,0,0
23467690,4563,0,2,0,0,0,0,0,0,0,0,0
23471334,4564,0,2,0,0,0,0,0,0,0,0,0
23474978,4565,0,2,0,0,0,0,0,0,0,0,0
23478622,4566,0,2,0,0,0,0,0,0,0,0,0
23482266,4567,0,2,0,0,0,0,0,0,0,0,0
23485910,4568,0,2,0,0,0,0,0,0,0,0,0
23489554,4569,0,2,0,0,0,0,0,0,0,0,0
23493198,4570,0,2,0,0,0,0,0,0,0,0,0
23496843,4571,0,2,0,0,0,0,0,0,0,0,0
23500486,4572,0,2,0,0,0,0,0,0,0,0,0
23504130,4573,0,2,0,0,0,0,0,0,0,0,0
23507774,4574,0,2,0,0,0,0,0,0,0,0,0
23511418,4575,0,2,0,0,0,0,0,0,0,0,0
23515062,4576,0,2,0,0,0,0,0,0,0,0,0
23518706,4577,0,2,0,0,0,0,0,0,0,0,0
23522350,4578,0,2,0,0,0,0,0,0,0,0,0
23525994,4579,0,2,0,0,0,0,0,0,0,0,0
23529638,4580,0,2,0,0,0,0,0,0,0,0,0
23533283,4581,0,2,0,0,0,0,0,0,0,0,0
23536926,4582,0,2,0,0,0,0,0,0,0,0,0
23540570,4583,0,2,0,0,0,0,0,0,0,0,0
23544214,4584,0,2,0,0,0,0,0,0,0,0,0
23547858,4585,0,2,0,0,0,0,0,0,0,0,0
23551502,4586,0,2,0,0,0,0,0,0,0,0,0
23555147,4587,0,2,0,0,0,0,0,0,0,0,0
23558790,4588,0,2,0,0,0,0,0,0,0,0,0
23562434,4589,0,2,0,0,0,0,0,0,0,0,0
23566078,4590,0,2,0,0,0,0,0,0,0,0,0
23569723,4591,0,2,0,0,0,0,0,0,0,0,0
23573366,4592,0,2,0,0,0,0,0,0,0,0,0
23577010,4593,0,2,0,0,0,0,0,0,0,0,0
23580654,4594,0,2,0,0,0,0,0,0,0,0,0
23584298,4595,0,2,0,0,0,0,0,0,0,0,0
23587942,4596,0,2,0,0,0,0,0,0,0,0,0
23591586,4597,0,2,0,0,0,0,0,0,0,0,0
23595230,4598,0,2,0,0,0,0,0,0,0,0,0
23598874,4599,0,2,0,0,0,0,0,0,0,0,0
23602518,4600,0,2,0,0,0,0,0,0,0,0,0
23606163,4601,0,2,0,0,0,0,0,0,0,0,0
23609806,4602,0,2,0,0,0,0,0,0,0,0,0
23613450,4603,0,2,0,0,0,0,0,0,0,0,0
23617095,4604,0,2,0,0,0,0,0,0,0,0,0
23620738,4605,0,2,0,0,0,0,0,0,0,0,0
23624382,4606,0,2,0,0,0,0,0,0,0,0,0
23628026,4607,0,2,0,0,0,0,0,0,0,0,0
23631670,4608,0,2,0,0,0,0,0,0,0,0,0
23635314,4609,0,2,0,0,0,0,0,0,0,0,0
23638958,4610,0,2,0,0,0,0,0,0,0,0,0
23642603,4611,0,2,0,0,0,0,0,0,0,0,0
23646246,4612,0,2,0,0,0,0,0,0,0,0,0
23649890,4613,0,2,0,0,0,0,0,0,0,0,0
23653534,4614,0,2,0,0,0,0,0,0,0,0,0
23657178,4615,0,2,0,0,0,0,0,0,0,0,0
23660822,4616,0,2,0,0,0,0,0,0,0,0,0
23664466,4617,0,2,0,0,0,0,0,0,0,0,0
23668110,4618,0,2,0,0,0,0,0,0,0,0,0
23671754,4619,0,2,0,0,0,0,0,0,0,0,0
23675398,4620,0,2,0,0,0,0,0,0,0,0,0
23679043,4621,0,2,0,0,0,0,0,0,0,0,0
23682686,4622,0,2,0,0,0,0,0,0,0,0,0
23686330,4623,0,2,0,0,0,0,0,0,0,0,0
23689974,4624,0,2,0,0,0,0,0,0,0,0,0
23693618,4625,0,2,0,0,0,0,0,0,0,0,0
23697262,4626,0,2,0,0,0,0,0,0,0,0,0
23700906,4627,0,2,0,0,0,0,0,0,0,0,0
23704550,4628,0,2,0,0,0,0,0,0,0,0,0
23708194,4629,0,2,0,0,0,0,0,0,0,0,0
23711838,4630,0,2,0,0,0,0,0,0,0,0,0
23715483,4631,0,2,0,0,0,0,0,0,0,0,0
23719126,4632,0,2,0,0,0,0,0,0,0,0,0
23722770,4633,0,2,0,0,0,0,0,0,0,0,0
23726414,4634,0,2,0,0,0,0,0,0,0,0,0
23730058,4635,0,2,0,0,0,0,0,0,0,0,0
23733702,4636,0,2,0,0,0,0,0,0,0,0,0
23737346,4637,0,2,0,0,0,0,0,0,0,0,0
23740990,4638,0,2,0,0,0,0,0,0,0,0,0
23744634,4639,0,2,0,0,0,0,0,0,0,0,0
23748278,4640,0,2,0,0,0,0,0,0,0,0,0
23751923,4641,0,2,0,0,0,0,0,0,0,0,0
23755566,4642,0,2,0,0,0,0,0,0,0,0,0
23759210,4643,0,2,0,0,0,0,0,0,0,0,0
23762854,4644,0,2,0,0,0,0,0,0,0,0,0
23766498,4645,0,2,0,0,0,0,0,0,0,0,0
23770142,4646,0,2,0,0,0,0,0,0,0,0,0
23773786,4647,0,2,0,0,0,0,0,0,0,0,0
23777430,4648,0,2,0,0,0,0,0,0,0,0,0
23781074,4649,0,2,0,0,0,0,0,0,0,0,0
23784718,4650,0,2,0,0,0,0,0,0,0,0,0
23788363,4651,0,2,0,0,0,0,0,0,0,0,0
23792006,4652,0,2,0,0,0,0,0,0,0,0,0
23795650,4653,0,2,0,0,0,0,0,0,0,0,0
23799294,4654,0,2,0,0,0,0,0,0,0,0,0
23802938,4655,0,2,0,0,0,0,0,0,0,0,0
23806582,4656,0,2,0,0,0,0,0,0,0,0,0
23810226,4657,0,2,0,0,0,0,0,0,0,0,0
23813870,4658,0,2,0,0,0,0,0,0,0,0,0
23817514,4659,0,2,0,0,0,0,0,0,0,0,0
23821158,4660,0,2,0,0,0,0,0,0,0,0,0
23824803,4661,0,2,0,0,0,0,0,0,0,0,0
23828446,4662,0,2,0,0,0,0,0,0,0,0,0
23832090,4663,0,2,0,0,0,0,0,0,0,0,0
23835734,4664,0,2,0,0,0,0,0,0,0,0,0
23839378,4665,0,2,0,0,0,0,0,0,0,0,0
23843022,4666,0,2,0,0,0,0,0,0,0,0,0
23846666,4667,0,2,0,0,0,0,0,0,0,0,0
23850310,4668,0,2,0,0,0,0,0,0,0,0,0
23853954,4669,0,2,0,0,0,0,0,0,0,0,0
23857598,4670,0,2,0,0,0,0,0,0,0,0,0
23861243,4671,0,2,0,0,0,0,0,0,0,0,0
23864886,4672,0,2,0,0,0,0,0,0,0,0,0
23868530,4673,0,2,0,0,0,0,0,0,0,0,0
23872174,4674,0,2,0,0,0,0,0,0,0,0,0
23875818,4675,0,2,0,0,0,0,0,0,0,0,0
23879462,4676,0,2,0,0,0,0,0,0,0,0,0
23883106,4677,0,2,0,0,0,0,0,0,0,0,0
23886750,4678,0,2,0,0,0,0,0,0,0,0,0
23890394,4679,0,2,0,0,0,0,0,0,0,0,0
23894038,4680,0,2,0,0,0,0,0,0,0,0,0
23897683,4681,0,2,0,0,0,0,0,0,0,0,0
23901326,4682,0,2,0,0,0,0,0,0,0,0,0
23904970,4683,0,2,0,0,0,0,0,0,0,0,0
23908614,4684,0,2,0,0,0,0,0,0,0,0,0
23912258,4685,0,2,0,0,0,0,0,0,0,0,0
23915902,4686,0,2,0,0,0,0,0,0,0,0,0
23919546,4687,0,2,0,0,0,0,0,0,0,0,0
23923190,4688,0,2,0,0,0,0,0,0,0,0,0
23926834,4689,0,2,0,0,0,0,0,0,0,0,0
23930478,4690,0,2,0,0,0,0,0,0,0,0,0
23934123,4691,0,2,0,0,0,0,0,0,0,0,0
23937766,4692,0,2,0,0,0,0,0,0,0,0,0
23941410,4693,0,2,0,0,0,0,0,0,0,0,0
23945054,4694,0,2,0,0,0,0,0,0,0,0,0
23948698,4695,0,2,0,0,0,0,0,0,0,0,0
23952342,4696,0,2,0,0,0,0,0,0,0,0,0
23955986,4697,0,2,0,0,0,0,0,0,0,0,0
23959630,4698,0,2,0,0,0,0,0,0,0,0,0
23963274,4699,0,2,0,0,0,0,0,0,0,0,0
23966918,4700,0,2,0,0,0,0,0,0,0,0,0
23970563,4701,0,2,0,0,0,0,0,0,0,0,0
23974207,4702,0,2,0,0,0,0,0,0,0,0,0
23977850,4703,0,2,0,0,0,0,0,0,0,0,0
23981494,4704,0,2,0,0,0,0,0,0,0,0,0
23985138,4705,0,2,0,0,0,0,0,0,0,0,0
23988782,4706,0,2,0,0,0,0,0,0,0,0,0
23992426,4707,0,2,0,0,0,0,0,0,0,0,0
23996071,4708,0,2,0,0,0,0,0,0,0,0,0
23999714,4709,0,2,0,0,0,0,0,0,0,0,0
24003358,4710,0,2,0,0,0,0,0,0,0,0,0
24007003,4711,0,2,0,0,0,0,0,0,0,0,0
24010646,4712,0,2,0,0,0,0,0,0,0,0,0
24014290,4713,0,2,0,0,0,0,0,0,0,0,0
24017934,4714,0,2,0,0,0,0,0,0,0,0,0
24021578,4715,0,2,0,0,0,0,0,0,0,0,0
24025222,4716,0,2,0,0,0,0,0,0,0,0,0
24028866,4717,0,2,0,0,0,0,0,0,0,0,0
24032510,4718,0,2,0,0,0,0,0,0,0,0,0
24036154,4719,0,2,0,0,0,0,0,0,0,0,0
24039798,4720,0,2,0,0,0,0,0,0,0,0,0
24043443,4721,0,2,0,0,0,0,0,0,0,0,0
24047086,4722,0,2,0,0,0,0,0,0,0,0,0
24050730,4723,0,2,0,0,0,0,0,0,0,0,0
24054374,4724,0,2,0,0,0,0,0,0,0,0,0
24058018,4725,0,2,0,0,0,0,0,0,0,0,0
24061662,4726,0,2,0,0,0,0,0,0,0,0,0
24065306,4727,0,2,0,0,0,0,0,0,0,0,0
24068950,4728,0,2,0,0,0,0,0,0,0,0,0
24072594,4729,0,2,0,0,0,0,0,0,0,0,0
24076238,4730,0,2,0,0,0,0,0,0,0,0,0
24079883,4731,0,2,0,0,0,0,0,0,0,0,0
24083526,4732,0,2,0,0,0,0,0,0,0,0,0
24087170,4733,0,2,0,0,0,0,0,0,0,0,0
24090814,4734,0,2,0,0,0,0,0,0,0,0,0
24094458,4735,0,2,0,0,0,0,0,0,0,0,0
24098102,4736,0,2,0,0,0,0,0,0,0,0,0
24101746,4737,0,2,0,0,0,0,0,0,0,0,0
24105390,4738,0,2,0,0,0,0,0,0,0,0,0
24109034,4739,0,2,0,0,0,0,0,0,0,0,0
24112678,4740,0,2,0,0,0,0,0,0,0,0,0
24116323,4741,0,2,0,0,0,0,0,0,0,0,0
24119966,4742,0,2,0,0,0,0,0,0,0,0,0
24123610,4743,0,2,0,0,0,0,0,0,0,0,0
24127254,4744,0,2,0,0,0,0,0,0,0,0,0
24130898,4745,0,2,0,0,0,0,0,0,0,0,0
24134542,4746,0,2,0,0,0,0,0,0,0,0,0
24138186,4747,0,2,0,0,0,0,0,0,0,0,0
24141830,4748,0,2,0,0,0,0,0,0,0,0,0
24145474,4749,0,2,0,0,0,0,0,0,0,0,0
24149118,4750,0,2,0,0,0,0,0,0,0,0,0
24152763,4751,0,2,0,0,0,0,0,0,0,0,0
24156406,4752,0,2,0,0,0,0,0,0,0,0,0
24160050,4753,0,2,0,0,0,0,0,0,0,0,0
24163694,4754,0,2,0,0,0,0,0,0,0,0,0
24167338,4755,0,2,0,0,0,0,0,0,0,0,0
24170982,4756,0,2,0,0,0,0,0,0,0,0,0
24174626,4757,0,2,0,0,0,0,0,0,0,0,0
24178270,4758,0,2,0,0,0,0,0,0,0,0,0
24181914,4759,0,2,0,0,0,0,0,0,0,0,0
24185558,4760,0,2,0,0,0,0,0,0,0,0,0
24189203,4761,0,2,0,0,0,0,0,0,0,0,0
24192846,4762,0,2,0,0,0,0,0,0,0,0,0
24196490,4763,0,2,0,0,0,0,0,0,0,0,0
24200134,4764,0,2,0,0,0,0,0,0,0,0,0
24203778,4765,0,2,0,0,0,0,0,0,0,0,0
24207422,4766,0,2,0,0,0,0,0,0,0,0,0
24211066,4767,0,2,0,0,0,0,0,0,0,0,0
24219358,4768,0,2,0,0,0,0,0,0,0,0,0
24222990,4769,0,2,0,0,0,0,0,0,0,0,0
24226634,4770,0,2,0,0,0,0,0,0,0,0,0
24230279,4771,0,2,0,0,0,0,0,0,0,0,0
24233922,4772,0,2,0,0,0,0,0,0,0,0,0
24237566,4773,0,2,0,0,0,0,0,0,0,0,0
24241210,4774,0,2,0,0,0,0,0,0,0,0,0
24244854,4775,0,2,0,0,0,0,0,0,0,0,0
24248498,4776,0,2,0,0,0,0,0,0,0,0,0
24252142,4777,0,2,0,0,0,0,0,0,0,0,0
24255786,4778,0,2,0,0,0,0,0,0,0,0,0
24259430,4779,0,2,0,0,0,0,0,0,0,0,0
24263074,4780,0,2,0,0,0,0,0,0,0,0,0
24266719,4781,0,2,0,0,0,0,0,0,0,0,0
24270362,4782,0,2,0,0,0,0,0,0,0,0,0
24274007,4783,0,2,0,0,0,0,0,0,0,0,0
24277650,4784,0,2,0,0,0,0,0,0,0,0,0
24281294,4785,0,2,0,0,0,0,0,0,0,0,0
24284938,4786,0,2,0,0,0,0,0,0,0,0,0
24288582,4787,0,2,0,0,0,0,0,0,0,0,0
24292226,4788,0,2,0,0,0,0,0,0,0,0,0
24295870,4789,0,2,0,0,0,0,0,0,0,0,0
24299514,4790,0,2,0,0,0,0,0,0,0,0,0
24303159,4791,0,2,0,0,0,0,0,0,0,0,0
24306802,4792,0,2,0,0,0,0,0,0,0,0,0
24310446,4793,0,2,0,0,0,0,0,0,0,0,0
24314091,4794,0,2,0,0,0,0,0,0,0,0,0
24317734,4795,0,2,0,0,0,0,0,0,0,0,0
24321378,4796,0,2,0,0,0,0,0,0,0,0,0
24325022,4797,0,2,0,0,0,0,0,0,0,0,0
24328666,4798,0,2,0,0,0,0,0,0,0,0,0
24332310,4799,0,2,0,0,0,0,0,0,0,0,0
24335954,4800,0,2,0,0,0,0,0,0,0,0,0
24339599,4801,0,2,0,0,0,0,0,0,0,0,0
24343242,4802,0,2,0,0,0,0,0,0,0,0,0
24346886,4803,0,2,0,0,0,0,0,0,0,0,0
24350530,4804,0,2,0,0,0,0,0,0,0,0,0
24354174,4805,0,2,0,0,0,0,0,0,0,0,0
24357818,4806,0,2,0,0,0,0,0,0,0,0,0
24361462,4807,0,2,0,0,0,0,0,0,0,0,0
24365106,4808,0,2,0,0,0,0,0,0,0,0,0
24368750,4809,0,2,0,0,0,0,0,0,0,0,0
24372394,4810,0,2,0,0,0,0,0,0,0,0,0
24376039,4811,0,2,0,0,0,0,0,0,0,0,0
24379682,4812,0,2,0,0,0,0,0,0,0,0,0
24383326,4813,0,2,0,0,0,0,0,0,0,0,0
24386970,4814,0,2,0,0,0,0,0,0,0,0,0
24390614,4815,0,2,0,0,0,0,0,0,0,0,0
24394258,4816,0,2,0,0,0,0,0,0,0,0,0
24397902,4817,0,2,0,0,0,0,0,0,0,0,0
24401546,4818,0,2,0,0,0,0,0,0,0,0,0
24405190,4819,0,2,0,0,0,0,0,0,0,0,0
24408834,4820,0,2,0,0,0,0,0,0,0,0,0
24412479,4821,0,2,0,0,0,0,0,0,0,0,0
24416122,4822,0,2,0,0,0,0,0,0,0,0,0
24419766,4823,0,2,0,0,0,0,0,0,0,0,0
24423410,4824,0,2,0,0,0,0,0,0,0,0,0
24427055,4825,0,2,0,0,0,0,0,0,0,0,0
24430698,4826,0,2,0,0,0,0,0,0,0,0,0
24434342,4827,0,2,0,0,0,0,0,0,0,0,0
24437986,4828,0,2,0,0,0,0,0,0,0,0,0
24441630,4829,0,2,0,0,0,0,0,0,0,0,0
24445274,4830,0,2,0,0,0,0,0,0,0,0,0
24448919,4831,0,2,0,0,0,0,0,0,0,0,0
24452562,4832,0,2,0,0,0,0,0,0,0,0,0
24456207,4833,0,2,0,0,0,0,0,0,0,0,0
24459850,4834,0,2,0,0,0,0,0,0,0,0,0
24463494,4835,0,2,0,0,0,0,0,0,0,0,0
24467138,4836,0,2,0,0,0,0,0,0,0,0,0
24470782,4837,0,2,0,0,0,0,0,0,0,0,0
24474426,4838,0,2,0,0,0,0,0,0,0,0,0
24478071,4839,0,2,0,0,0,0,0,0,0,0,0
24481714,4840,0,2,0,0,0,0,0,0,0,0,0
24485359,4841,0,2,0,0,0,0,0,0,0,0,0
24489002,4842,0,2,0,0,0,0,0,0,0,0,0
24492646,4843,0,2,0,0,0,0,0,0,0,0,0
24496290,4844,0,2,0,0,0,0,0,0,0,0,0
24499934,4845,0,2,0,0,0,0,0,0,0,0,0
24503578,4846,0,2,0,0,0,0,0,0,0,0,0
24507223,4847,0,2,0,0,0,0,0,0,0,0,0
24510866,4848,0,2,0,0,0,0,0,0,0,0,0
24514510,4849,0,2,0,0,0,0,0,0,0,0,0
24518154,4850,0,2,0,0,0,0,0,0,0,0,0
24521799,4851,0,2,0,0,0,0,0,0,0,0,0
24525442,4852,0,2,0,0,0,0,0,0,0,0,0
24529086,4853,0,2,0,0,0,0,0,0,0,0,0
24532730,4854,0,2,0,0,0,0,0,0,0,0,0
24536374,4855,0,2,0,0,0,0,0,0,0,0,0
24540019,4856,0,2,0,0,0,0,0,0,0,0,0
24543662,4857,0,2,0,0,0,0,0,0,0,0,0
24547306,4858,0,2,0,0,0,0,0,0,0,0,0
24550950,4859,0,2,0,0,0,0,0,0,0,0,0
24554594,4860,0,2,0,0,0,0,0,0,0,0,0
24558239,4861,0,2,0,0,0,0,0,0,0,0,0
24561882,4862,0,2,0,0,0,0,0,0,0,0,0
24565526,4863,0,2,0,0,0,0,0,0,0,0,0
24569170,4864,0,2,0,0,0,0,0,0,0,0,0
24572814,4865,0,2,0,0,0,0,0,0,0,0,0
24576458,4866,0,2,0,0,0,0,0,0,0,0,0
24580102,4867,0,2,0,0,0,0,0,0,0,0,0
24583746,4868,0,2,0,0,0,0,0,0,0,0,0
24587390,4869,0,2,0,0,0,0,0,0,0,0,0
24591034,4870,0,2,0,0,0,0,0,0,0,0,0
24594679,4871,0,2,0,0,0,0,0,0,0,0,0
24598322,4872,0,2,0,0,0,0,0,0,0,0,0
24601966,4873,0,2,0,0,0,0,0,0,0,0,0
24605610,4874,0,2,0,0,0,0,0,0,0,0,0
24609254,4875,0,2,0,0,0,0,0,0,0,0,0
24612898,4876,0,2,0,0,0,0,0,0,0,0,0
24616542,4877,0,2,0,0,0,0,0,0,0,0,0
24620186,4878,0,2,0,0,0,0,0,0,0,0,0
24623830,4879,0,2,0,0,0,0,0,0,0,0,0
24627474,4880,0,2,0,0,0,0,0,0,0,0,0
24631119,4881,0,2,0,0,0,0,0,0,0,0,0
24634762,4882,0,2,0,0,0,0,0,0,0,0,0
24638406,4883,0,2,0,0,0,0,0,0,0,0,0
24642050,4884,0,2,0,0,0,0,0,0,0,0,0
24645694,4885,0,2,0,0,0,0,0,0,0,0,0
24649338,4886,0,2,0,0,0,0,0,0,0,0,0
24652982,4887,0,2,0,0,0,0,0,0,0,0,0
24656626,4888,0,2,0,0,0,0,0,0,0,0,0
24660270,4889,0,2,0,0,0,0,0,0,0,0,0
24663914,4890,0,2,0,0,0,0,0,0,0,0,0
24667559,4891,0,2,0,0,0,0,0,0,0,0,0
24671202,4892,0,2,0,0,0,0,0,0,0,0,0
24674846,4893,0,2,0,0,0,0,0,0,0,0,0
24678490,4894,0,2,0,0,0,0,0,0,0,0,0
24682134,4895,0,2,0,0,0,0,0,0,0,0,0
24685778,4896,0,2,0,0,0,0,0,0,0,0,0
24689422,4897,0,2,0,0,0,0,0,0,0,0,0
24693066,4898,0,2,0,0,0,0,0,0,0,0,0
24696710,4899,0,2,0,0,0,0,0,0,0,0,0
24700354,4900,0,2,0,0,0,0,0,0,0,0,0
24703999,4901,0,2,0,0,0,0,0,0,0,0,0
24707642,4902,0,2,0,0,0,0,0,0,0,0,0
24711286,4903,0,2,0,0,0,0,0,0,0,0,0
24714930,4904,0,2,0,0,0,0,0,0,0,0,0
24718574,4905,0,2,0,0,0,0,0,0,0,0,0
24722218,4906,0,2,0,0,0,0,0,0,0,0,0
24725862,4907,0,2,0,0,0,0,0,0,0,0,0
24729506,4908,0,2,0,0,0,0,0,0,0,0,0
24733150,4909,0,2,0,0,0,0,0,0,0,0,0
24736794,4910,0,2,0,0,0,0,0,0,0,0,0
24740439,4911,0,2,0,0,0,0,0,0,0,0,0
24744082,4912,0,2,0,0,0,0,0,0,0,0,0
24747726,4913,0,2,0,0,0,0,0,0,0,0,0
24751370,4914,0,2,0,0,0,0,0,0,0,0,0
24755014,4915,0,2,0,0,0,0,0,0,0,0,0
24758658,4916,0,2,0,0,0,0,0,0,0,0,0
24762302,4917,0,2,0,0,0,0,0,0,0,0,0
24765946,4918,0,2,0,0,0,0,0,0,0,0,0
24769590,4919,0,2,0,0,0,0,0,0,0,0,0
24773234,4920,0,2,0,0,0,0,0,0,0,0,0
24776879,4921,0,2,0,0,0,0,0,0,0,0,0
24780522,4922,0,2,0,0,0,0,0,0,0,0,0
24784166,4923,0,2,0,0,0,0,0,0,0,0,0
24787810,4924,0,2,0,0,0,0,0,0,0,0,0
24791454,4925,0,2,0,0,0,0,0,0,0,0,0
24795098,4926,0,2,0,0,0,0,0,0,0,0,0
24798742,4927,0,2,0,0,0,0,0,0,0,0,0
24802386,4928,0,2,0,0,0,0,0,0,0,0,0
24806030,4929,0,2,0,0,0,0,0,0,0,0,0
24809674,4930,0,2,0,0,0,0,0,0,0,0,0
24813319,4931,0,2,0,0,0,0,0,0,0,0,0
24816962,4932,0,2,0,0,0,0,0,0,0,0,0
24820606,4933,0,2,0,0,0,0,0,0,0,0,0
24824250,4934,0,2,0,0,0,0,0,0,0,0,0
24827894,4935,0,2,0,0,0,0,0,0,0,0,0
24831538,4936,0,2,0,0,0,0,0,0,0,0,0
24835182,4937,0,2,0,0,0,0,0,0,0,0,0
24838826,4938,0,2,0,0,0,0,0,0,0,0,0
24842470,4939,0,2,0,0,0,0,0,0,0,0,0
24846114,4940,0,2,0,0,0,0,0,0,0,0,0
24849759,4941,0,2,0,0,0,0,0,0,0,0,0
24853402,4942,0,2,0,0,0,0,0,0,0,0,0
24857046,4943,0,2,0,0,0,0,0,0,0,0,0
24860690,4944,0,2,0,0,0,0,0,0,0,0,0
24864334,4945,0,2,0,0,0,0,0,0,0,0,0
24867978,4946,0,2,0,0,0,0,0,0,0,0,0
24871622,4947,0,2,0,0,0,0,0,0,0,0,0
24875266,4948,0,2,0,0,0,0,0,0,0,0,0
24878910,4949,0,2,0,0,0,0,0,0,0,0,0
24882554,4950,0,2,0,0,0,0,0,0,0,0,0
24886199,4951,0,2,0,0,0,0,0,0,0,0,0
24889842,4952,0,2,0,0,0,0,0,0,0,0,0
24893486,4953,0,2,0,0,0,0,0,0,0,0,0
24897130,4954,0,2,0,0,0,0,0,0,0,0,0
24900774,4955,0,2,0,0,0,0,0,0,0,0,0
24904418,4956,0,2,0,0,0,0,0,0,0,0,0
24908062,4957,0,2,0,0,0,0,0,0,0,0,0
24911706,4958,0,2,0,0,0,0,0,0,0,0,0
24915350,4959,0,2,0,0,0,0,0,0,0,0,0
24918994,4960,0,2,0,0,0,0,0,0,0,0,0
24922639,4961,0,2,0,0,0,0,0,0,0,0,0
24926282,4962,0,2,0,0,0,0,0,0,0,0,0
24929926,4963,0,2,0,0,0,0,0,0,0,0,0
24933570,4964,0,2,0,0,0,0,0,0,0,0,0
24937214,4965,0,2,0,0,0,0,0,0,0,0,0
24940858,4966,0,2,0,0,0,0,0,0,0,0,0
24944502,4967,0,2,0,0,0,0,0,0,0,0,0
24948146,4968,0,2,0,0,0,0,0,0,0,0,0
24951790,4969,0,2,0,0,0,0,0,0,0,0,0
24955434,4970,0,2,0,0,0,0,0,0,0,0,0
24959079,4971,0,2,0,0,0,0,0,0,0,0,0
24962722,4972,0,2,0,0,0,0,0,0,0,0,0
24966366,4973,0,2,0,0,0,0,0,0,0,0,0
24970010,4974,0,2,0,0,0,0,0,0,0,0,0
24973654,4975,0,2,0,0,0,0,0,0,0,0,0
24977298,4976,0,2,0,0,0,0,0,0,0,0,0
24980942,4977,0,2,0,0,0,0,0,0,0,0,0
24984586,4978,0,2,0,0,0,0,0,0,0,0,0
24988230,4979,0,2,0,0,0,0,0,0,0,0,0
24991874,4980,0,2,0,0,0,0,0,0,0,0,0
24995519,4981,0,2,0,0,0,0,0,0,0,0,0
24999162,4982,0,2,0,0,0,0,0,0,0,0,0
25002806,4983,0,2,0,0,0,0,0,0,0,0,0
25006450,4984,0,2,0,0,0,0,0,0,0,0,0
25010095,4985,0,2,0,0,0,0,0,0,0,0,0
25013738,4986,0,2,0,0,0,0,0,0,0,0,0
25017382,4987,0,2,0,0,0,0,0,0,0,0,0
25021026,4988,0,2,0,0,0,0,0,0,0,0,0
25024670,4989,0,2,0,0,0,0,0,0,0,0,0
25028314,4990,0,2,0,0,0,0,0,0,0,0,0
25031959,4991,0,2,0,0,0,0,0,0,0,0,0
25035602,4992,0,2,0,0,0,0,0,0,0,0,0
25039246,4993,0,2,0,0,0,0,0,0,0,0,0
25042890,4994,0,2,0,0,0,0,0,0,0,0,0
25052962,4995,0,2,0,0,0,0,0,0,0,0,0
25056594,4996,0,2,0,0,0,0,0,0,0,0,0
25060238,4997,0,2,0,0,0,0,0,0,0,0,0
25063882,4998,0,2,0,0,0,0,0,0,0,0,0
25067526,4999,0,2,0,0,0,0,0,0,0,0,0
25071170,5000,0,2,0,0,0,0,0,0,0,0,0
25074815,5001,0,2,0,0,0,0,0,0,0,0,0
25078458,5002,0,2,0,0,0,0,0,0,0,0,0
25082102,5003,0,2,0,0,0,0,0,0,0,0,0
25085746,5004,0,2,0,0,0,0,0,0,0,0,0
25089390,5005,0,2,0,0,0,0,0,0,0,0,0
25093034,5006,0,2,0,0,0,0,0,0,0,0,0
25096678,5007,0,2,0,0,0,0,0,0,0,0,0
25100322,5008,0,2,0,0,0,0,0,0,0,0,0
25103966,5009,0,2,0,0,0,0,0,0,0,0,0
25107610,5010,0,2,0,0,0,0,0,0,0,0,0
25111255,5011,0,2,0,0,0,0,0,0,0,0,0
25114898,5012,0,2,0,0,0,0,0,0,0,0,0
25118542,5013,0,2,0,0,0,0,0,0,0,0,0
25122186,5014,0,2,0,0,0,0,0,0,0,0,0
25125830,5015,0,2,0,0,0,0,0,0,0,0,0
25129474,5016,0,2,0,0,0,0,0,0,0,0,0
25133118,5017,0,2,0,0,0,0,0,0,0,0,0
25136762,5018,0,2,0,0,0,0,0,0,0,0,0
25140406,5019,0,2,0,0,0,0,0,0,0,0,0
25144050,5020,0,2,0,0,0,0,0,0,0,0,0
25147695,5021,0,2,0,0,0,0,0,0,0,0,0
25151338,5022,0,2,0,0,0,0,0,0,0,0,0
25154982,5023,0,2,0,0,0,0,0,0,0,0,0
25158626,5024,0,2,0,0,0,0,0,0,0,0,0
25162270,5025,0,2,0,0,0,0,0,0,0,0,0
25165914,5026,0,2,0,0,0,0,0,0,0,0,0
25169558,5027,0,2,0,0,0,0,0,0,0,0,0
25173202,5028,0,2,0,0,0,0,0,0,0,0,0
25176846,5029,0,2,0,0,0,0,0,0,0,0,0
25180490,5030,0,2,0,0,0,0,0,0,0,0,0
25184135,5031,0,2,0,0,0,0,0,0,0,0,0
25187778,5032,0,2,0,0,0,0,0,0,0,0,0
25191422,5033,0,2,0,0,0,0,0,0,0,0,0
25195066,5034,0,2,0,0,0,0,0,0,0,0,0
25198710,5035,0,2,0,0,0,0,0,0,0,0,0
25202354,5036,0,2,0,0,0,0,0,0,0,0,0
25205998,5037,0,2,0,0,0,0,0,0,0,0,0
25209642,5038,0,2,0,0,0,0,0,0,0,0,0
25213286,5039,0,2,0,0,0,0,0,0,0,0,0
25216930,5040,0,2,0,0,0,0,0,0,0,0,0
25220575,5041,0,2,0,0,0,0,0,0,0,0,0
25224218,5042,0,2,0,0,0,0,0,0,0,0,0
25227862,5043,0,2,0,0,0,0,0,0,0,0,0
25231506,5044,0,2,0,0,0,0,0,0,0,0,0
25235150,5045,0,2,0,0,0,0,0,0,0,0,0
25238794,5046,0,2,0,0,0,0,0,0,0,0,0
25242438,5047,0,2,0,0,0,0,0,0,0,0,0
25246082,5048,0,2,0,0,0,0,0,0,0,0,0
25249726,5049,0,2,0,0,0,0,0,0,0,0,0
25253370,5050,0,2,0,0,0,0,0,0,0,0,0
25257015,5051,0,2,0,0,0,0,0,0,0,0,0
25260658,5052,0,2,0,0,0,0,0,0,0,0,0
25264302,5053,0,2,0,0,0,0,0,0,0,0,0
25267946,5054,0,2,0,0,0,0,0,0,0,0,0
25271590,5055,0,2,0,0,0,0,0,0,0,0,0
25275234,5056,0,2,0,0,0,0,0,0,0,0,0
25278878,5057,0,2,0,0,0,0,0,0,0,0,0
25282522,5058,0,2,0,0,0,0,0,0,0,0,0
25286166,5059,0,2,0,0,0,0,0,0,0,0,0
25289810,5060,0,2,0,0,0,0,0,0,0,0,0
25293455,5061,0,2,0,0,0,0,0,0,0,0,0
25297098,5062,0,2,0,0,0,0,0,0,0,0,0
25300742,5063,0,2,0,0,0,0,0,0,0,0,0
25304386,5064,0,2,0,0,0,0,0,0,0,0,0
25308030,5065,0,2,0,0,0,0,0,0,0,0,0
25311674,5066,0,2,0,0,0,0,0,0,0,0,0
25315318,5067,0,2,0,0,0,0,0,0,0,0,0
25318962,5068,0,2,0,0,0,0,0,0,0,0,0
25322606,5069,0,2,0,0,0,0,0,0,0,0,0
25326250,5070,0,2,0,0,0,0,0,0,0,0,0
25329895,5071,0,2,0,0,0,0,0,0,0,0,0
25333538,5072,0,2,0,0,0,0,0,0,0,0,0
25337182,5073,0,2,0,0,0,0,0,0,0,0,0
25340826,5074,0,2,0,0,0,0,0,0,0,0,0
25344470,5075,0,2,0,0,0,0,0,0,0,0,0
25348114,5076,0,2,0,0,0,0,0,0,0,0,0
25351758,5077,0,2,0,0,0,0,0,0,0,0,0
25355402,5078,0,2,0,0,0,0,0,0,0,0,0
25359046,5079,0,2,0,0,0,0,0,0,0,0,0
25362690,5080,0,2,0,0,0,0,0,0,0,0,0
25366335,5081,0,2,0,0,0,0,0,0,0,0,0
25369978,5082,0,2,0,0,0,0,0,0,0,0,0
25373622,5083,0,2,0,0,0,0,0,0,0,0,0
25377266,5084,0,2,0,0,0,0,0,0,0,0,0
25380910,5085,0,2,0,0,0,0,0,0,0,0,0
25384554,5086,0,2,0,0,0,0,0,0,0,0,0
25388198,5087,0,2,0,0,0,0,0,0,0,0,0
25391842,5088,0,2,0,0,0,0,0,0,0,0,0
25395486,5089,0,2,0,0,0,0,0,0,0,0,0
25399130,5090,0,2,0,0,0,0,0,0,0,0,0
25402775,5091,0,2,0,0,0,0,0,0,0,0,0
25406418,5092,0,2,0,0,0,0,0,0,0,0,0
25410062,5093,0,2,0,0,0,0,0,0,0,0,0
25413706,5094,0,2,0,0,0,0,0,0,0,0,0
25417350,5095,0,2,0,0,0,0,0,0,0,0,0
25420994,5096,0,2,0,0,0,0,0,0,0,0,0
25424638,5097,0,2,0,0,0,0,0,0,0,0,0
25428282,5098,0,2,0,0,0,0,0,0,0,0,0
25431926,5099,0,2,0,0,0,0,0,0,0,0,0
25435570,5100,0,2,0,0,0,0,0,0,0,0,0
25439215,5101,0,2,0,0,0,0,0,0,0,0,0
25442858,5102,0,2,0,0,0,0,0,0,0,0,0
25446502,5103,0,2,0,0,0,0,0,0,0,0,0
25450146,5104,0,2,0,0,0,0,0,0,0,0,0
25453790,5105,0,2,0,0,0,0,0,0,0,0,0
25457434,5106,0,2,0,0,0,0,0,0,0,0,0
25461078,5107,0,2,0,0,0,0,0,0,0,0,0
25464722,5108,0,2,0,0,0,0,0,0,0,0,0
25468366,5109,0,2,0,0,0,0,0,0,0,0,0
25472010,5110,0,2,0,0,0,0,0,0,0,0,0
25475655,5111,0,2,0,0,0,0,0,0,0,0,0
25479298,5112,0,2,0,0,0,0,0,0,0,0,0
25482942,5113,0,2,0,0,0,0,0,0,0,0,0
25486586,5114,0,2,0,0,0,0,0,0,0,0,0
25490230,5115,0,2,0,0,0,0,0,0,0,0,0
25493874,5116,0,2,0,0,0,0,0,0,0,0,0
25497518,5117,0,2,0,0,0,0,0,0,0,0,0
25501162,5118,0,2,0,0,0,0,0,0,0,0,0
25504806,5119,0,2,0,0,0,0,0,0,0,0,0
25508450,5120,0,2,0,0,0,0,0,0,0,0,0
25512095,5121,0,2,0,0,0,0,0,0,0,0,0
25515738,5122,0,2,0,0,0,0,0,0,0,0,0
25519382,5123,0,2,0,0,0,0,0,0,0,0,0
25523026,5124,0,2,0,0,0,0,0,0,0,0,0
25526670,5125,0,2,0,0,0,0,0,0,0,0,0
25530314,5126,0,2,0,0,0,0,0,0,0,0,0
25533958,5127,0,2,0,0,0,0,0,0,0,0,0
25537602,5128,0,2,0,0,0,0,0,0,0,0,0
25541246,5129,0,2,0,0,0,0,0,0,0,0,0
25544890,5130,0,2,0,0,0,0,0,0,0,0,0
25548535,5131,0,2,0,0,0,0,0,0,0,0,0
25552178,5132,0,2,0,0,0,0,0,0,0,0,0
25555822,5133,0,2,0,0,0,0,0,0,0,0,0
25559466,5134,0,2,0,0,0,0,0,0,0,0,0
25563110,5135,0,2,0,0,0,0,0,0,0,0,0
25566754,5136,0,2,0,0,0,0,0,0,0,0,0
25570398,5137,0,2,0,0,0,0,0,0,0,0,0
25574042,5138,0,2,0,0,0,0,0,0,0,0,0
25577686,5139,0,2,0,0,0,0,0,0,0,0,0
25581330,5140,0,2,0,0,0,0,0,0,0,0,0
25584975,5141,0,2,0,0,0,0,0,0,0,0,0
25588618,5142,0,2,0,0,0,0,0,0,0,0,0
25592262,5143,0,2,0,0,0,0,0,0,0,0,0
25595906,5144,0,2,0,0,0,0,0,0,0,0,0
25599550,5145,0,2,0,0,0,0,0,0,0,0,0
25603194,5146,0,2,0,0,0,0,0,0,0,0,0
25606838,5147,0,2,0,0,0,0,0,0,0,0,0
25610482,5148,0,2,0,0,0,0,0,0,0,0,0
25614126,5149,0,2,0,0,0,0,0,0,0,0,0
25617770,5150,0,2,0,0,0,0,0,0,0,0,0
25621415,5151,0,2,0,0,0,0,0,0,0,0,0
25625058,5152,0,2,0,0,0,0,0,0,0,0,0
25628702,5153,0,2,0,0,0,0,0,0,0,0,0
25632346,5154,0,2,0,0,0,0,0,0,0,0,0
25635990,5155,0,2,0,0,0,0,0,0,0,0,0
25639634,5156,0,2,0,0,0,0,0,0,0,0,0
25643278,5157,0,2,0,0,0,0,0,0,0,0,0
25646922,5158,0,2,0,0,0,0,0,0,0,0,0
25650566,5159,0,2,0,0,0,0,0,0,0,0,0
25654210,5160,0,2,0,0,0,0,0,0,0,0,0
25657855,5161,0,2,0,0,0,0,0,0,0,0,0
25661498,5162,0,2,0,0,0,0,0,0,0,0,0
25665142,5163,0,2,0,0,0,0,0,0,0,0,0
25668786,5164,0,2,0,0,0,0,0,0,0,0,0
25672430,5165,0,2,0,0,0,0,0,0,0,0,0
25676074,5166,0,2,0,0,0,0,0,0,0,0,0
25679718,5167,0,2,0,0,0,0,0,0,0,0,0
25683362,5168,0,2,0,0,0,0,0,0,0,0,0
25687007,5169,0,2,0,0,0,0,0,0,0,0,0
25690650,5170,0,2,0,0,0,0,0,0,0,0,0
25694295,5171,0,2,0,0,0,0,0,0,0,0,0
25697938,5172,0,2,0,0,0,0,0,0,0,0,0
25701582,5173,0,2,0,0,0,0,0,0,0,0,0
25705226,5174,0,2,0,0,0,0,0,0,0,0,0
25708870,5175,0,2,0,0,0,0,0,0,0,0,0
25712514,5176,0,2,0,0,0,0,0,0,0,0,0
25716158,5177,0,2,0,0,0,0,0,0,0,0,0
25719802,5178,0,2,0,0,0,0,0,0,0,0,0
25723446,5179,0,2,0,0,0,0,0,0,0,0,0
25727090,5180,0,2,0,0,0,0,0,0,0,0,0
25730735,5181,0,2,0,0,0,0,0,0,0,0,0
25734378,5182,0,2,0,0,0,0,0,0,0,0,0
25738022,5183,0,2,0,0,0,0,0,0,0,0,0
25741666,5184,0,2,0,0,0,0,0,0,0,0,0
25745310,5185,0,2,0,0,0,0,0,0,0,0,0
25748954,5186,0,2,0,0,0,0,0,0,0,0,0
25752598,5187,0,2,0,0,0,0,0,0,0,0,0
25756242,5188,0,2,0,0,0,0,0,0,0,0,0
25759886,5189,0,2,0,0,0,0,0,0,0,0,0
25763530,5190,0,2,0,0,0,0,0,0,0,0,0
25767175,5191,0,2,0,0,0,0,0,0,0,0,0
25770818,5192,0,2,0,0,0,0,0,0,0,0,0
25774462,5193,0,2,0,0,0,0,0,0,0,0,0
25778106,5194,0,2,0,0,0,0,0,0,0,0,0
25781750,5195,0,2,0,0,0,0,0,0,0,0,0
25785394,5196,0,2,0,0,0,0,0,0,0,0,0
25789038,5197,0,2,0,0,0,0,0,0,0,0,0
25792682,5198,0,2,0,0,0,0,0,0,0,0,0
25796326,5199,0,2,0,0,0,0,0,0,0,0,0
25799970,5200,0,2,0,0,0,0,0,0,0,0,0
25803615,5201,0,2,0,0,0,0,0,0,0,0,0
25807258,5202,0,2,0,0,0,0,0,0,0,0,0
25810902,5203,0,2,0,0,0,0,0,0,0,0,0
25814546,5204,0,2,0,0,0,0,0,0,0,0,0
25818190,5205,0,2,0,0,0,0,0,0,0,0,0
25821834,5206,0,2,0,0,0,0,0,0,0,0,0
25825478,5207,0,2,0,0,0,0,0,0,0,0,0
25829122,5208,0,2,0,0,0,0,0,0,0,0,0
25832766,5209,0,2,0,0,0,0,0,0,0,0,0
25836410,5210,0,2,0,0,0,0,0,0,0,0,0
25840055,5211,0,2,0,0,0,0,0,0,0,0,0
25843698,5212,0,2,0,0,0,0,0,0,0,0,0
25847342,5213,0,2,0,0,0,0,0,0,0,0,0
25850986,5214,0,2,0,0,0,0,0,0,0,0,0
25854630,5215,0,2,0,0,0,0,0,0,0,0,0
25858274,5216,0,2,0,0,0,0,0,0,0,0,0
25861918,5217,0,2,0,0,0,0,0,0,0,0,0
25865562,5218,0,2,0,0,0,0,0,0,0,0,0
25869207,5219,0,2,0,0,0,0,0,0,0,0,0
25872850,5220,0,2,0,0,0,0,0,0,0,0,0
25876495,5221,0,2,0,0,0,0,0,0,0,0,0
25885262,5222,0,2,0,0,0,0,0,0,0,0,0
25888894,5223,0,2,0,0,0,0,0,0,0,0,0
25892538,5224,0,2,0,0,0,0,0,0,0,0,0
25896182,5225,0,2,0,0,0,0,0,0,0,0,0
25899826,5226,0,2,0,0,0,0,0,0,0,0,0
25903470,5227,0,2,0,0,0,0,0,0,0,0,0
25907114,5228,0,2,0,0,0,0,0,0,0,0,0
25910758,5229,0,2,0,0,0,0,0,0,0,0,0
25914402,5230,0,2,0,0,0,0,0,0,0,0,0
25918047,5231,0,2,0,0,0,0,0,0,0,0,0
25921690,5232,0,2,0,0,0,0,0,0,0,0,0
25925334,5233,0,2,0,0,0,0,0,0,0,0,0
25928978,5234,0,2,0,0,0,0,0,0,0,0,0
25932622,5235,0,2,0,0,0,0,0,0,0,0,0
25936266,5236,0,2,0,0,0,0,0,0,0,0,0
25939910,5237,0,2,0,0,0,0,0,0,0,0,0
25943554,5238,0,2,0,0,0,0,0,0,0,0,0
25947198,5239,0,2,0,0,0,0,0,0,0,0,0
25950842,5240,0,2,0,0,0,0,0,0,0,0,0
25954487,5241,0,2,0,0,0,0,0,0,0,0,0
25958130,5242,0,2,0,0,0,0,0,0,0,0,0
25961774,5243,0,2,0,0,0,0,0,0,0,0,0
25965418,5244,0,2,0,0,0,0,0,0,0,0,0
25969062,5245,0,2,0,0,0,0,0,0,0,0,0
25972706,5246,0,2,0,0,0,0,0,0,0,0,0
25976350,5247,0,2,0,0,0,0,0,0,0,0,0
25979994,5248,0,2,0,0,0,0,0,0,0,0,0
25983638,5249,0,2,0,0,0,0,0,0,0,0,0
25987282,5250,0,2,0,0,0,0,0,0,0,0,0
25990927,5251,0,2,0,0,0,0,0,0,0,0,0
25994570,5252,0,2,0,0,0,0,0,0,0,0,0
25998214,5253,0,2,0,0,0,0,0,0,0,0,0
26001858,5254,0,2,0,0,0,0,0,0,0,0,0
26005502,5255,0,2,0,0,0,0,0,0,0,0,0
26009147,5256,0,2,0,0,0,0,0,0,0,0,0
26012790,5257,0,2,0,0,0,0,0,0,0,0,0
26016434,5258,0,2,0,0,0,0,0,0,0,0,0
26020078,5259,0,2,0,0,0,0,0,0,0,0,0
26023722,5260,0,2,0,0,0,0,0,0,0,0,0
26027367,5261,0,2,0,0,0,0,0,0,0,0,0
26031010,5262,0,2,0,0,0,0,0,0,0,0,0
26034654,5263,0,2,0,0,0,0,0,0,0,0,0
26038298,5264,0,2,0,0,0,0,0,0,0,0,0
26041942,5265,0,2,0,0,0,0,0,0,0,0,0
26045586,5266,0,2,0,0,0,0,0,0,0,0,0
26049230,5267,0,2,0,0,0,0,0,0,0,0,0
26052874,5268,0,2,0,0,0,0,0,0,0,0,0
26056518,5269,0,2,0,0,0,0,0,0,0,0,0
26060162,5270,0,2,0,0,0,0,0,0,0,0,0
26063807,5271,0,2,0,0,0,0,0,0,0,0,0
26067450,5272,0,2,0,0,0,0,0,0,0,0,0
26071094,5273,0,2,0,0,0,0,0,0,0,0,0
26074738,5274,0,2,0,0,0,0,0,0,0,0,0
26078382,5275,0,2,0,0,0,0,0,0,0,0,0
26082026,5276,0,2,0,0,0,0,0,0,0,0,0
26085670,5277,0,2,0,0,0,0,0,0,0,0,0
26089314,5278,0,2,0,0,0,0,0,0,0,0,0
26092958,5279,0,2,0,0,0,0,0,0,0,0,0
26096602,5280,0,2,0,0,0,0,0,0,0,0,0
26100247,5281,0,2,0,0,0,0,0,0,0,0,0
26103890,5282,0,2,0,0,0,0,0,0,0,0,0
26107534,5283,0,2,0,0,0,0,0,0,0,0,0
26111178,5284,0,2,0,0,0,0,0,0,0,0,0
26114822,5285,0,2,0,0,0,0,0,0,0,0,0
26118466,5286,0,2,0,0,0,0,0,0,0,0,0
26122110,5287,0,2,0,0,0,0,0,0,0,0,0
26125754,5288,0,2,0,0,0,0,0,0,0,0,0
26129398,5289,0,2,0,0,0,0,0,0,0,0,0
26133042,5290,0,2,0,0,0,0,0,0,0,0,0
26136687,5291,0,2,0,0,0,0,0,0,0,0,0
26140330,5292,0,2,0,0,0,0,0,0,0,0,0
26143974,5293,0,2,0,0,0,0,0,0,0,0,0
26147618,5294,0,2,0,0,0,0,0,0,0,0,0
26151262,5295,0,2,0,0,0,0,0,0,0,0,0
26154906,5296,0,2,0,0,0,0,0,0,0,0,0
26158550,5297,0,2,0,0,0,0,0,0,0,0,0
26162194,5298,0,2,0,0,0,0,0,0,0,0,0
26165838,5299,0,2,0,0,0,0,0,0,0,0,0
26169482,5300,0,2,0,0,0,0,0,0,0,0,0
26173127,5301,0,2,0,0,0,0,0,0,0,0,0
26176770,5302,0,2,0,0,0,0,0,0,0,0,0
26180414,5303,0,2,0,0,0,0,0,0,0,0,0
26184058,5304,0,2,0,0,0,0,0,0,0,0,0
26187702,5305,0,2,0,0,0,0,0,0,0,0,0
26191346,5306,0,2,0,0,0,0,0,0,0,0,0
26194990,5307,0,2,0,0,0,0,0,0,0,0,0
26198634,5308,0,2,0,0,0,0,0,0,0,0,0
26202278,5309,0,2,0,0,0,0,0,0,0,0,0
26205922,5310,0,2,0,0,0,0,0,0,0,0,0
26209567,5311,0,2,0,0,0,0,0,0,0,0,0
26213210,5312,0,2,0,0,0,0,0,0,0,0,0
26216854,5313,0,2,0,0,0,0,0,0,0,0,0
26220498,5314,0,2,0,0,0,0,0,0,0,0,0
26224142,5315,0,2,0,0,0,0,0,0,0,0,0
26227786,5316,0,2,0,0,0,0,0,0,0,0,0
26231430,5317,0,2,0,0,0,0,0,0,0,0,0
26235074,5318,0,2,0,0,0,0,0,0,0,0,0
26238718,5319,0,2,0,0,0,0,0,0,0,0,0
26242362,5320,0,2,0,0,0,0,0,0,0,0,0
26246007,5321,0,2,0,0,0,0,0,0,0,0,0
26249650,5322,0,2,0,0,0,0,0,0,0,0,0
26253294,5323,0,2,0,0,0,0,0,0,0,0,0
26256938,5324,0,2,0,0,0,0,0,0,0,0,0
26260582,5325,0,2,0,0,0,0,0,0,0,0,0
26264226,5326,0,2,0,0,0,0,0,0,0,0,0
26267870,5327,0,2,0,0,0,0,0,0,0,0,0
26271514,5328,0,2,0,0,0,0,0,0,0,0,0
26275158,5329,0,2,0,0,0,0,0,0,0,0,0
26278802,5330,0,2,0,0,0,0,0,0,0,0,0
26282447,5331,0,2,0,0,0,0,0,0,0,0,0
26286090,5332,0,2,0,0,0,0,0,0,0,0,0
26289734,5333,0,2,0,0,0,0,0,0,0,0,0
26293378,5334,0,2,0,0,0,0,0,0,0,0,0
26297022,5335,0,2,0,0,0,0,0,0,0,0,0
26300666,5336,0,2,0,0,0,0,0,0,0,0,0
26304310,5337,0,2,0,0,0,0,0,0,0,0,0
26307954,5338,0,2,0,0,0,0,0,0,0,0,0
26311598,5339,0,2,0,0,0,0,0,0,0,0,0
26315242,5340,0,2,0,0,0,0,0,0,0,0,0
26318887,5341,0,2,0,0,0,0,0,0,0,0,0
26322530,5342,0,2,0,0,0,0,0,0,0,0,0
26326174,5343,0,2,0,0,0,0,0,0,0,0,0
26329818,5344,0,2,0,0,0,0,0,0,0,0,0
26333462,5345,0,2,0,0,0,0,0,0,0,0,0
26337106,5346,0,2,0,0,0,0,0,0,0,0,0
26340750,5347,0,2,0,0,0,0,0,0,0,0,0
26344394,5348,0,2,0,0,0,0,0,0,0,0,0
26348038,5349,0,2,0,0,0,0,0,0,0,0,0
26351682,5350,0,2,0,0,0,0,0,0,0,0,0
26355327,5351,0,2,0,0,0,0,0,0,0,0,0
26358970,5352,0,2,0,0,0,0,0,0,0,0,0
26362614,5353,0,2,0,0,0,0,0,0,0,0,0
26366258,5354,0,2,0,0,0,0,0,0,0,0,0
26369902,5355,0,2,0,0,0,0,0,0,0,0,0
26373546,5356,0,2,0,0,0,0,0,0,0,0,0
26377190,5357,0,2,0,0,0,0,0,0,0,0,0
26380834,5358,0,2,0,0,0,0,0,0,0,0,0
26384478,5359,0,2,0,0,0,0,0,0,0,0,0
26388122,5360,0,2,0,0,0,0,0,0,0,0,0
26391767,5361,0,2,0,0,0,0,0,0,0,0,0
26395410,5362,0,2,0,0,0,0,0,0,0,0,0
26399054,5363,0,2,0,0,0,0,0,0,0,0,0
26402698,5364,0,2,0,0,0,0,0,0,0,0,0
26406342,5365,0,2,0,0,0,0,0,0,0,0,0
26409986,5366,0,2,0,0,0,0,0,0,0,0,0
26413630,5367,0,2,0,0,0,0,0,0,0,0,0
26417274,5368,0,2,0,0,0,0,0,0,0,0,0
26420918,5369,0,2,0,0,0,0,0,0,0,0,0
26424562,5370,0,2,0,0,0,0,0,0,0,0,0
26428207,5371,0,2,0,0,0,0,0,0,0,0,0
26431850,5372,0,2,0,0,0,0,0,0,0,0,0
26435494,5373,0,2,0,0,0,0,0,0,0,0,0
26439138,5374,0,2,0,0,0,0,0,0,0,0,0
26442782,5375,0,2,0,0,0,0,0,0,0,0,0
26446426,5376,0,2,0,0,0,0,0,0,0,0,0
26450071,5377,0,2,0,0,0,0,0,0,0,0,0
26453714,5378,0,2,0,0,0,0,0,0,0,0,0
26457358,5379,0,2,0,0,0,0,0,0,0,0,0
26461003,5380,0,2,0,0,0,0,0,0,0,0,0
26464647,5381,0,2,0,0,0,0,0,0,0,0,0
26468290,5382,0,2,0,0,0,0,0,0,0,0,0
26471934,5383,0,2,0,0,0,0,0,0,0,0,0
26475578,5384,0,2,0,0,0,0,0,0,0,0,0
26479223,5385,0,2,0,0,0,0,0,0,0,0,0
26482866,5386,0,2,0,0,0,0,0,0,0,0,0
26486510,5387,0,2,0,0,0,0,0,0,0,0,0
26490154,5388,0,2,0,0,0,0,0,0,0,0,0
26493798,5389,0,2,0,0,0,0,0,0,0,0,0
26497442,5390,0,2,0,0,0,0,0,0,0,0,0
26501087,5391,0,2,0,0,0,0,0,0,0,0,0
26504730,5392,0,2,0,0,0,0,0,0,0,0,0
26508374,5393,0,2,0,0,0,0,0,0,0,0,0
26512019,5394,0,2,0,0,0,0,0,0,0,0,0
26515662,5395,0,2,0,0,0,0,0,0,0,0,0
26519306,5396,0,2,0,0,0,0,0,0,0,0,0
26522950,5397,0,2,0,0,0,0,0,0,0,0,0
26526594,5398,0,2,0,0,0,0,0,0,0,0,0
26530238,5399,0,2,0,0,0,0,0,0,0,0,0
26533882,5400,0,2,0,0,0,0,0,0,0,0,0
26537527,5401,0,2,0,0,0,0,0,0,0,0,0
26541170,5402,0,2,0,0,0,0,0,0,0,0,0
26544814,5403,0,2,0,0,0,0,0,0,0,0,0
26548458,5404,0,2,0,0,0,0,0,0,0,0,0
26552102,5405,0,2,0,0,0,0,0,0,0,0,0
26555746,5406,0,2,0,0,0,0,0,0,0,0,0
26559390,5407,0,2,0,0,0,0,0,0,0,0,0
26563034,5408,0,2,0,0,0,0,0,0,0,0,0
26566678,5409,0,2,0,0,0,0,0,0,0,0,0
26570322,5410,0,2,0,0,0,0,0,0,0,0,0
26573967,5411,0,2,0,0,0,0,0,0,0,0,0
26577610,5412,0,2,0,0,0,0,0,0,0,0,0
26581254,5413,0,2,0,0,0,0,0,0,0,0,0
26584898,5414,0,2,0,0,0,0,0,0,0,0,0
26588542,5415,0,2,0,0,0,0,0,0,0,0,0
26592186,5416,0,2,0,0,0,0,0,0,0,0,0
26595830,5417,0,2,0,0,0,0,0,0,0,0,0
26599474,5418,0,2,0,0,0,0,0,0,0,0,0
26603118,5419,0,2,0,0,0,0,0,0,0,0,0
26606762,5420,0,2,0,0,0,0,0,0,0,0,0
26610407,5421,0,2,0,0,0,0,0,0,0,0,0
26614050,5422,0,2,0,0,0,0,0,0,0,0,0
26617694,5423,0,2,0,0,0,0,0,0,0,0,0
26621338,5424,0,2,0,0,0,0,0,0,0,0,0
26624982,5425,0,2,0,0,0,0,0,0,0,0,0
26628626,5426,0,2,0,0,0,0,0,0,0,0,0
26632270,5427,0,2,0,0,0,0,0,0,0,0,0
26635914,5428,0,2,0,0,0,0,0,0,0,0,0
26639558,5429,0,2,0,0,0,0,0,0,0,0,0
26643202,5430,0,2,0,0,0,0,0,0,0,0,0
26646847,5431,0,2,0,0,0,0,0,0,0,0,0
26650490,5432,0,2,0,0,0,0,0,0,0,0,0
26654134,5433,0,2,0,0,0,0,0,0,0,0,0
26657778,5434,0,2,0,0,0,0,0,0,0,0,0
26661422,5435,0,2,0,0,0,0,0,0,0,0,0
26665066,5436,0,2,0,0,0,0,0,0,0,0,0
26668710,5437,0,2,0,0,0,0,0,0,0,0,0
26672354,5438,0,2,0,0,0,0,0,0,0,0,0
26675998,5439,0,2,0,0,0,0,0,0,0,0,0
26679642,5440,0,2,0,0,0,0,0,0,0,0,0
26683287,5441,0,2,0,0,0,0,0,0,0,0,0
26686930,5442,0,2,0,0,0,0,0,0,0,0,0
26690574,5443,0,2,0,0,0,0,0,0,0,0,0
26694218,5444,0,2,0,0,0,0,0,0,0,0,0
26697862,5445,0,2,0,0,0,0,0,0,0,0,0
26701506,5446,0,2,0,0,0,0,0,0,0,0,0
26705150,5447,0,2,0,0,0,0,0,0,0,0,0
26708794,5448,0,2,0,0,0,0,0,0,0,0,0
26718658,5449,0,2,0,0,0,0,0,0,0,0,0
26722290,5450,0,2,0,0,0,0,0,0,0,0,0
26725935,5451,0,2,0,0,0,0,0,0,0,0,0
26729578,5452,0,2,0,0,0,0,0,0,0,0,0
26733222,5453,0,2,0,0,0,0,0,0,0,0,0
26736866,5454,0,2,0,0,0,0,0,0,0,0,0
26740510,5455,0,2,0,0,0,0,0,0,0,0,0
26744154,5456,0,2,0,0,0,0,0,0,0,0,0
26747798,5457,0,2,0,0,0,0,0,0,0,0,0
26751442,5458,0,2,0,0,0,0,0,0,0,0,0
26755086,5459,0,2,0,0,0,0,0,0,0,0,0
26758730,5460,0,2,0,0,0,0,0,0,0,0,0
26762375,5461,0,2,0,0,0,0,0,0,0,0,0
26766018,5462,0,2,0,0,0,0,0,0,0,0,0
26769662,5463,0,2,0,0,0,0,0,0,0,0,0
26773306,5464,0,2,0,0,0,0,0,0,0,0,0
26776950,5465,0,2,0,0,0,0,0,0,0,0,0
26780594,5466,0,2,0,0,0,0,0,0,0,0,0
26784238,5467,0,2,0,0,0,0,0,0,0,0,0
26787882,5468,0,2,0,0,0,0,0,0,0,0,0
26791526,5469,0,2,0,0,0,0,0,0,0,0,0
26795170,5470,0,2,0,0,0,0,0,0,0,0,0
26798815,5471,0,2,0,0,0,0,0,0,0,0,0
26802458,5472,0,2,0,0,0,0,0,0,0,0,0
26806102,5473,0,2,0,0,0,0,0,0,0,0,0
26809746,5474,0,2,0,0,0,0,0,0,0,0,0
26813390,5475,0,2,0,0,0,0,0,0,0,0,0
26817034,5476,0,2,0,0,0,0,0,0,0,0,0
26820678,5477,0,2,0,0,0,0,0,0,0,0,0
26824322,5478,0,2,0,0,0,0,0,0,0,0,0
26827966,5479,0,2,0,0,0,0,0,0,0,0,0
26831610,5480,0,2,0,0,0,0,0,0,0,0,0
26835255,5481,0,2,0,0,0,0,0,0,0,0,0
26838898,5482,0,2,0,0,0,0,0,0,0,0,0
26842542,5483,0,2,0,0,0,0,0,0,0,0,0
26846186,5484,0,2,0,0,0,0,0,0,0,0,0
26849830,5485,0,2,0,0,0,0,0,0,0,0,0
26853474,5486,0,2,0,0,0,0,0,0,0,0,0
26857118,5487,0,2,0,0,0,0,0,0,0,0,0
26860762,5488,0,2,0,0,0,0,0,0,0,0,0
26864406,5489,0,2,0,0,0,0,0,0,0,0,0
26868050,5490,0,2,0,0,0,0,0,0,0,0,0
26871695,5491,0,2,0,0,0,0,0,0,0,0,0
26875338,5492,0,2,0,0,0,0,0,0,0,0,0
26878982,5493,0,2,0,0,0,0,0,0,0,0,0
26882626,5494,0,2,0,0,0,0,0,0,0,0,0
26886270,5495,0,2,0,0,0,0,0,0,0,0,0
26889914,5496,0,2,0,0,0,0,0,0,0,0,0
26893558,5497,0,2,0,0,0,0,0,0,0,0,0
26897202,5498,0,2,0,0,0,0,0,0,0,0,0
26900846,5499,0,2,0,0,0,0,0,0,0,0,0
26904490,5500,0,2,0,0,0,0,0,0,0,0,0
26908135,5501,0,2,0,0,0,0,0,0,0,0,0
26911778,5502,0,2,0,0,0,0,0,0,0,0,0
26915422,5503,0,2,0,0,0,0,0,0,0,0,0
26919066,5504,0,2,0,0,0,0,0,0,0,0,0
26922710,5505,0,2,0,0,0,0,0,0,0,0,0
26926354,5506,0,2,0,0,0,0,0,0,0,0,0
26929998,5507,0,2,0,0,0,0,0,0,0,0,0
26933642,5508,0,2,0,0,0,0,0,0,0,0,0
26937286,5509,0,2,0,0,0,0,0,0,0,0,0
26940930,5510,0,2,0,0,0,0,0,0,0,0,0
26944575,5511,0,2,0,0,0,0,0,0,0,0,0
26948218,5512,0,2,0,0,0,0,0,0,0,0,0
26951862,5513,0,2,0,0,0,0,0,0,0,0,0
26955506,5514,0,2,0,0,0,0,0,0,0,0,0
26959150,5515,0,2,0,0,0,0,0,0,0,0,0
26962794,5516,0,2,0,0,0,0,0,0,0,0,0
26966438,5517,0,2,0,0,0,0,0,0,0,0,0
26970082,5518,0,2,0,0,0,0,0,0,0,0,0
26973726,5519,0,2,0,0,0,0,0,0,0,0,0
26977370,5520,0,2,0,0,0,0,0,0,0,0,0
26981015,5521,0,2,0,0,0,0,0,0,0,0,0
26984658,5522,0,2,0,0,0,0,0,0,0,0,0
26988302,5523,0,2,0,0,0,0,0,0,0,0,0
26991946,5524,0,2,0,0,0,0,0,0,0,0,0
26995590,5525,0,2,0,0,0,0,0,0,0,0,0
26999234,5526,0,2,0,0,0,0,0,0,0,0,0
27002878,5527,0,2,0,0,0,0,0,0,0,0,0
27006522,5528,0,2,0,0,0,0,0,0,0,0,0
27010166,5529,0,2,0,0,0,0,0,0,0,0,0
27013810,5530,0,2,0,0,0,0,0,0,0,0,0
27017455,5531,0,2,0,0,0,0,0,0,0,0,0
27021098,5532,0,2,0,0,0,0,0,0,0,0,0
27024742,5533,0,2,0,0,0,0,0,0,0,0,0
27028386,5534,0,2,0,0,0,0,0,0,0,0,0
27032030,5535,0,2,0,0,0,0,0,0,0,0,0
27035674,5536,0,2,0,0,0,0,0,0,0,0,0
27039318,5537,0,2,0,0,0,0,0,0,0,0,0
27042962,5538,0,2,0,0,0,0,0,0,0,0,0
27046606,5539,0,2,0,0,0,0,0,0,0,0,0
27050250,5540,0,2,0,0,0,0,0,0,0,0,0
27053895,5541,0,2,0,0,0,0,0,0,0,0,0
27057538,5542,0,2,0,0,0,0,0,0,0,0,0
27061182,5543,0,2,0,0,0,0,0,0,0,0,0
27064826,5544,0,2,0,0,0,0,0,0,0,0,0
27068470,5545,0,2,0,0,0,0,0,0,0,0,0
27072114,5546,0,2,0,0,0,0,0,0,0,0,0
27075758,5547,0,2,0,0,0,0,0,0,0,0,0
27079402,5548,0,2,0,0,0,0,0,0,0,0,0
27083046,5549,0,2,0,0,0,0,0,0,0,0,0
27086690,5550,0,2,0,0,0,0,0,0,0,0,0
27090335,5551,0,2,0,0,0,0,0,0,0,0,0
27093978,5552,0,2,0,0,0,0,0,0,0,0,0
27097622,5553,0,2,0,0,0,0,0,0,0,0,0
27101266,5554,0,2,0,0,0,0,0,0,0,0,0
27104910,5555,0,2,0,0,0,0,0,0,0,0,0
27108554,5556,0,2,0,0,0,0,0,0,0,0,0
27112198,5557,0,2,0,0,0,0,0,0,0,0,0
27115842,5558,0,2,0,0,0,0,0,0,0,0,0
27119486,5559,0,2,0,0,0,0,0,0,0,0,0
27123130,5560,0,2,0,0,0,0,0,0,0,0,0
27126775,5561,0,2,0,0,0,0,0,0,0,0,0
27130418,5562,0,2,0,0,0,0,0,0,0,0,0
27134062,5563,0,2,0,0,0,0,0,0,0,0,0
27137706,5564,0,2,0,0,0,0,0,0,0,0,0
27141350,5565,0,2,0,0,0,0,0,0,0,0,0
27144994,5566,0,2,0,0,0,0,0,0,0,0,0
27148638,5567,0,2,0,0,0,0,0,0,0,0,0
27152282,5568,0,2,0,0,0,0,0,0,0,0,0
27155926,5569,0,2,0,0,0,0,0,0,0,0,0
27159570,5570,0,2,0,0,0,0,0,0,0,0,0
27163215,5571,0,2,0,0,0,0,0,0,0,0,0
27166858,5572,0,2,0,0,0,0,0,0,0,0,0
27170502,5573,0,2,0,0,0,0,0,0,0,0,0
27174146,5574,0,2,0,0,0,0,0,0,0,0,0
27177790,5575,0,2,0,0,0,0,0,0,0,0,0
27181434,5576,0,2,0,0,0,0,0,0,0,0,0
27185078,5577,0,2,0,0,0,0,0,0,0,0,0
27188722,5578,0,2,0,0,0,0,0,0,0,0,0
27192366,5579,0,2,0,0,0,0,0,0,0,0,0
27196010,5580,0,2,0,0,0,0,0,0,0,0,0
27199655,5581,0,2,0,0,0,0,0,0,0,0,0
27203298,5582,0,2,0,0,0,0,0,0,0,0,0
27206942,5583,0,2,0,0,0,0,0,0,0,0,0
27210586,5584,0,2,0,0,0,0,0,0,0,0,0
27214230,5585,0,2,0,0,0,0,0,0,0,0,0
27217874,5586,0,2,0,0,0,0,0,0,0,0,0
27221518,5587,0,2,0,0,0,0,0,0,0,0,0
27225162,5588,0,2,0,0,0,0,0,0,0,0,0
27228806,5589,0,2,0,0,0,0,0,0,0,0,0
27232450,5590,0,2,0,0,0,0,0,0,0,0,0
27236095,5591,0,2,0,0,0,0,0,0,0,0,0
27239738,5592,0,2,0,0,0,0,0,0,0,0,0
27243382,5593,0,2,0,0,0,0,0,0,0,0,0
27247026,5594,0,2,0,0,0,0,0,0,0,0,0
27250670,5595,0,2,0,0,0,0,0,0,0,0,0
27254314,5596,0,2,0,0,0,0,0,0,0,0,0
27257958,5597,0,2,0,0,0,0,0,0,0,0,0
27261602,5598,0,2,0,0,0,0,0,0,0,0,0
27265246,5599,0,2,0,0,0,0,0,0,0,0,0
27268890,5600,0,2,0,0,0,0,0,0,0,0,0
27272535,5601,0,2,0,0,0,0,0,0,0,0,0
27276178,5602,0,2,0,0,0,0,0,0,0,0,0
27279822,5603,0,2,0,0,0,0,0,0,0,0,0
27283466,5604,0,2,0,0,0,0,0,0,0,0,0
27287110,5605,0,2,0,0,0,0,0,0,0,0,0
27290754,5606,0,2,0,0,0,0,0,0,0,0,0
27294398,5607,0,2,0,0,0,0,0,0,0,0,0
27298042,5608,0,2,0,0,0,0,0,0,0,0,0
27301686,5609,0,2,0,0,0,0,0,0,0,0,0
27305330,5610,0,2,0,0,0,0,0,0,0,0,0
27308975,5611,0,2,0,0,0,0,0,0,0,0,0
27312618,5612,0,2,0,0,0,0,0,0,0,0,0
27316262,5613,0,2,0,0,0,0,0,0,0,0,0
27319906,5614,0,2,0,0,0,0,0,0,0,0,0
27323550,5615,0,2,0,0,0,0,0,0,0,0,0
27327194,5616,0,2,0,0,0,0,0,0,0,0,0
27330838,5617,0,2,0,0,0,0,0,0,0,0,0
27334482,5618,0,2,0,0,0,0,0,0,0,0,0
27338126,5619,0,2,0,0,0,0,0,0,0,0,0
27341770,5620,0,2,0,0,0,0,0,0,0,0,0
27345415,5621,0,2,0,0,0,0,0,0,0,0,0
27349058,5622,0,2,0,0,0,0,0,0,0,0,0
27352702,5623,0,2,0,0,0,0,0,0,0,0,0
27356346,5624,0,2,0,0,0,0,0,0,0,0,0
27359990,5625,0,2,0,0,0,0,0,0,0,0,0
27363634,5626,0,2,0,0,0,0,0,0,0,0,0
27367278,5627,0,2,0,0,0,0,0,0,0,0,0
27370922,5628,0,2,0,0,0,0,0,0,0,0,0
27374566,5629,0,2,0,0,0,0,0,0,0,0,0
27378210,5630,0,2,0,0,0,0,0,0,0,0,0
27381855,5631,0,2,0,0,0,0,0,0,0,0,0
27385498,5632,0,2,0,0,0,0,0,0,0,0,0
27389142,5633,0,2,0,0,0,0,0,0,0,0,0
27392786,5634,0,2,0,0,0,0,0,0,0,0,0
27396430,5635,0,2,0,0,0,0,0,0,0,0,0
27400074,5636,0,2,0,0,0,0,0,0,0,0,0
27403718,5637,0,2,0,0,0,0,0,0,0,0,0
27407362,5638,0,2,0,0,0,0,0,0,0,0,0
27411007,5639,0,2,0,0,0,0,0,0,0,0,0
27414650,5640,0,2,0,0,0,0,0,0,0,0,0
27418295,5641,0,2,0,0,0,0,0,0,0,0,0
27421938,5642,0,2,0,0,0,0,0,0,0,0,0
27425582,5643,0,2,0,0,0,0,0,0,0,0,0
27429226,5644,0,2,0,0,0,0,0,0,0,0,0
27432870,5645,0,2,0,0,0,0,0,0,0,0,0
27436514,5646,0,2,0,0,0,0,0,0,0,0,0
27440158,5647,0,2,0,0,0,0,0,0,0,0,0
27443802,5648,0,2,0,0,0,0,0,0,0,0,0
27447446,5649,0,2,0,0,0,0,0,0,0,0,0
27451090,5650,0,2,0,0,0,0,0,0,0,0,0
27454735,5651,0,2,0,0,0,0,0,0,0,0,0
27458378,5652,0,2,0,0,0,0,0,0,0,0,0
27462022,5653,0,2,0,0,0,0,0,0,0,0,0
27465666,5654,0,2,0,0,0,0,0,0,0,0,0
27469310,5655,0,2,0,0,0,0,0,0,0,0,0
27472954,5656,0,2,0,0,0,0,0,0,0,0,0
27476598,5657,0,2,0,0,0,0,0,0,0,0,0
27480242,5658,0,2,0,0,0,0,0,0,0,0,0
27483886,5659,0,2,0,0,0,0,0,0,0,0,0
27487530,5660,0,2,0,0,0,0,0,0,0,0,0
27491175,5661,0,2,0,0,0,0,0,0,0,0,0
27494818,5662,0,2,0,0,0,0,0,0,0,0,0
27498462,5663,0,2,0,0,0,0,0,0,0,0,0
27502106,5664,0,2,0,0,0,0,0,0,0,0,0
27505750,5665,0,2,0,0,0,0,0,0,0,0,0
27509394,5666,0,2,0,0,0,0,0,0,0,0,0
27513038,5667,0,2,0,0,0,0,0,0,0,0,0
27516682,5668,0,2,0,0,0,0,0,0,0,0,0
27520326,5669,0,2,0,0,0,0,0,0,0,0,0
27523970,5670,0,2,0,0,0,0,0,0,0,0,0
27527615,5671,0,2,0,0,0,0,0,0,0,0,0
27531258,5672,0,2,0,0,0,0,0,0,0,0,0
27534902,5673,0,2,0,0,0,0,0,0,0,0,0
27538546,5674,0,2,0,0,0,0,0,0,0,0,0
27542190,5675,0,2,0,0,0,0,0,0,0,0,0
27550643,5676,0,2,0,0,0,0,0,0,0,0,0
27554274,5677,0,2,0,0,0,0,0,0,0,0,0
27557918,5678,0,2,0,0,0,0,0,0,0,0,0
27561562,5679,0,2,0,0,0,0,0,0,0,0,0
27565206,5680,0,2,0,0,0,0,0,0,0,0,0
27568851,5681,0,2,0,0,0,0,0,0,0,0,0
27572494,5682,0,2,0,0,0,0,0,0,0,0,0
27576138,5683,0,2,0,0,0,0,0,0,0,0,0
27579782,5684,0,2,0,0,0,0,0,0,0,0,0
27583426,5685,0,2,0,0,0,0,0,0,0,0,0
27587071,5686,0,2,0,0,0,0,0,0,0,0,0
27590714,5687,0,2,0,0,0,0,0,0,0,0,0
27594358,5688,0,2,0,0,0,0,0,0,0,0,0
27598003,5689,0,2,0,0,0,0,0,0,0,0,0
27601646,5690,0,2,0,0,0,0,0,0,0,0,0
27605291,5691,0,2,0,0,0,0,0,0,0,0,0
27608934,5692,0,2,0,0,0,0,0,0,0,0,0
27612578,5693,0,2,0,0,0,0,0,0,0,0,0
27616222,5694,0,2,0,0,0,0,0,0,0,0,0
27619866,5695,0,2,0,0,0,0,0,0,0,0,0
27623510,5696,0,2,0,0,0,0,0,0,0,0,0
27627154,5697,0,2,0,0,0,0,0,0,0,0,0
27630798,5698,0,2,0,0,0,0,0,0,0,0,0
27634442,5699,0,2,0,0,0,0,0,0,0,0,0
27638086,5700,0,2,0,0,0,0,0,0,0,0,0
27641731,5701,0,2,0,0,0,0,0,0,0,0,0
27645374,5702,0,2,0,0,0,0,0,0,0,0,0
27649018,5703,0,2,0,0,0,0,0,0,0,0,0
27652662,5704,0,2,0,0,0,0,0,0,0,0,0
27656306,5705,0,2,0,0,0,0,0,0,0,0,0
27659950,5706,0,2,0,0,0,0,0,0,0,0,0
27663594,5707,0,2,0,0,0,0,0,0,0,0,0
27667238,5708,0,2,0,0,0,0,0,0,0,0,0
27670882,5709,0,2,0,0,0,0,0,0,0,0,0
27674526,5710,0,2,0,0,0,0,0,0,0,0,0
27678171,5711,0,2,0,0,0,0,0,0,0,0,0
27681814,5712,0,2,0,0,0,0,0,0,0,0,0
27685458,5713,0,2,0,0,0,0,0,0,0,0,0
27689102,5714,0,2,0,0,0,0,0,0,0,0,0
27692746,5715,0,2,0,0,0,0,0,0,0,0,0
27696390,5716,0,2,0,0,0,0,0,0,0,0,0
27700034,5717,0,2,0,0,0,0,0,0,0,0,0
27703678,5718,0,2,0,0,0,0,0,0,0,0,0
27707322,5719,0,2,0,0,0,0,0,0,0,0,0
27710966,5720,0,2,0,0,0,0,0,0,0,0,0
27714611,5721,0,2,0,0,0,0,0,0,0,0,0
27718254,5722,0,2,0,0,0,0,0,0,0,0,0
27721898,5723,0,2,0,0,0,0,0,0,0,0,0
27725542,5724,0,2,0,0,0,0,0,0,0,0,0
27729186,5725,0,2,0,0,0,0,0,0,0,0,0
27732830,5726,0,2,0,0,0,0,0,0,0,0,0
27736474,5727,0,2,0,0,0,0,0,0,0,0,0
27740118,5728,0,2,0,0,0,0,0,0,0,0,0
27743762,5729,0,2,0,0,0,0,0,0,0,0,0
27747406,5730,0,2,0,0,0,0,0,0,0,0,0
27751051,5731,0,2,0,0,0,0,0,0,0,0,0
27754694,5732,0,2,0,0,0,0,0,0,0,0,0
27758338,5733,0,2,0,0,0,0,0,0,0,0,0
27761982,5734,0,2,0,0,0,0,0,0,0,0,0
27765626,5735,0,2,0,0,0,0,0,0,0,0,0
27769270,5736,0,2,0,0,0,0,0,0,0,0,0
27772914,5737,0,2,0,0,0,0,0,0,0,0,0
27776558,5738,0,2,0,0,0,0,0,0,0,0,0
27780202,5739,0,2,0,0,0,0,0,0,0,0,0
27783846,5740,0,2,0,0,0,0,0,0,0,0,0
27787491,5741,0,2,0,0,0,0,0,0,0,0,0
27791134,5742,0,2,0,0,0,0,0,0,0,0,0
27794778,5743,0,2,0,0,0,0,0,0,0,0,0
27798422,5744,0,2,0,0,0,0,0,0,0,0,0
27802066,5745,0,2,0,0,0,0,0,0,0,0,0
27805710,5746,0,2,0,0,0,0,0,0,0,0,0
27809354,5747,0,2,0,0,0,0,0,0,0,0,0
27812998,5748,0,2,0,0,0,0,0,0,0,0,0
27816642,5749,0,2,0,0,0,0,0,0,0,0,0
27820286,5750,0,2,0,0,0,0,0,0,0,0,0
27823931,5751,0,2,0,0,0,0,0,0,0,0,0
27827574,5752,0,2,0,0,0,0,0,0,0,0,0
27831218,5753,0,2,0,0,0,0,0,0,0,0,0
27834862,5754,0,2,0,0,0,0,0,0,0,0,0
27838506,5755,0,2,0,0,0,0,0,0,0,0,0
27842150,5756,0,2,0,0,0,0,0,0,0,0,0
27845794,5757,0,2,0,0,0,0,0,0,0,0,0
27849438,5758,0,2,0,0,0,0,0,0,0,0,0
27853082,5759,0,2,0,0,0,0,0,0,0,0,0
27856726,5760,0,2,0,0,0,0,0,0,0,0,0
27860371,5761,0,2,0,0,0,0,0,0,0,0,0
27864015,5762,0,2,0,0,0,0,0,0,0,0,0
27867658,5763,0,2,0,0,0,0,0,0,0,0,0
27871302,5764,0,2,0,0,0,0,0,0,0,0,0
27874946,5765,0,2,0,0,0,0,0,0,0,0,0
27878590,5766,0,2,0,0,0,0,0,0,0,0,0
27882234,5767,0,2,0,0,0,0,0,0,0,0,0
27885878,5768,0,2,0,0,0,0,0,0,0,0,0
27889522,5769,0,2,0,0,0,0,0,0,0,0,0
27893166,5770,0,2,0,0,0,0,0,0,0,0,0
27896811,5771,0,2,0,0,0,0,0,0,0,0,0
27900454,5772,0,2,0,0,0,0,0,0,0,0,0
27904098,5773,0,2,0,0,0,0,0,0,0,0,0
27907742,5774,0,2,0,0,0,0,0,0,0,0,0
27911386,5775,0,2,0,0,0,0,0,0,0,0,0
27915030,5776,0,2,0,0,0,0,0,0,0,0,0
27918674,5777,0,2,0,0,0,0,0,0,0,0,0
27922318,5778,0,2,0,0,0,0,0,0,0,0,0
27925962,5779,0,2,0,0,0,0,0,0,0,0,0
27929606,5780,0,2,0,0,0,0,0,0,0,0,0
27933251,5781,0,2,0,0,0,0,0,0,0,0,0
27936894,5782,0,2,0,0,0,0,0,0,0,0,0
27940538,5783,0,2,0,0,0,0,0,0,0,0,0
27944182,5784,0,2,0,0,0,0,0,0,0,0,0
27947826,5785,0,2,0,0,0,0,0,0,0,0,0
27951470,5786,0,2,0,0,0,0,0,0,0,0,0
27955114,5787,0,2,0,0,0,0,0,0,0,0,0
27958758,5788,0,2,0,0,0,0,0,0,0,0,0
27962402,5789,0,2,0,0,0,0,0,0,0,0,0
27966046,5790,0,2,0,0,0,0,0,0,0,0,0
27969691,5791,0,2,0,0,0,0,0,0,0,0,0
27973334,5792,0,2,0,0,0,0,0,0,0,0,0
27976978,5793,0,2,0,0,0,0,0,0,0,0,0
27980622,5794,0,2,0,0,0,0,0,0,0,0,0
27984266,5795,0,2,0,0,0,0,0,0,0,0,0
27987910,5796,0,2,0,0,0,0,0,0,0,0,0
27991554,5797,0,2,0,0,0,0,0,0,0,0,0
27995198,5798,0,2,0,0,0,0,0,0,0,0,0
27998842,5799,0,2,0,0,0,0,0,0,0,0,0
28002486,5800,0,2,0,0,0,0,0,0,0,0,0
28006131,5801,0,2,0,0,0,0,0,0,0,0,0
28009774,5802,0,2,0,0,0,0,0,0,0,0,0
28013418,5803,0,2,0,0,0,0,0,0,0,0,0
28017062,5804,0,2,0,0,0,0,0,0,0,0,0
28020706,5805,0,2,0,0,0,0,0,0,0,0,0
28024350,5806,0,2,0,0,0,0,0,0,0,0,0
28027994,5807,0,2,0,0,0,0,0,0,0,0,0
28031638,5808,0,2,0,0,0,0,0,0,0,0,0
28035282,5809,0,2,0,0,0,0,0,0,0,0,0
28038926,5810,0,2,0,0,0,0,0,0,0,0,0
28042571,5811,0,2,0,0,0,0,0,0,0,0,0
28046214,5812,0,2,0,0,0,0,0,0,0,0,0
28049858,5813,0,2,0,0,0,0,0,0,0,0,0
28053502,5814,0,2,0,0,0,0,0,0,0,0,0
28057147,5815,0,2,0,0,0,0,0,0,0,0,0
28060790,5816,0,2,0,0,0,0,0,0,0,0,0
28064434,5817,0,2,0,0,0,0,0,0,0,0,0
28068078,5818,0,2,0,0,0,0,0,0,0,0,0
28071722,5819,0,2,0,0,0,0,0,0,0,0,0
28075366,5820,0,2,0,0,0,0,0,0,0,0,0
28079011,5821,0,2,0,0,0,0,0,0,0,0,0
28082654,5822,0,2,0,0,0,0,0,0,0,0,0
28086298,5823,0,2,0,0,0,0,0,0,0,0,0
28089942,5824,0,2,0,0,0,0,0,0,0,0,0
28093586,5825,0,2,0,0,0,0,0,0,0,0,0
28097230,5826,0,2,0,0,0,0,0,0,0,0,0
28100874,5827,0,2,0,0,0,0,0,0,0,0,0
28104518,5828,0,2,0,0,0,0,0,0,0,0,0
28108162,5829,0,2,0,0,0,0,0,0,0,0,0
28111806,5830,0,2,0,0,0,0,0,0,0,0,0
28115451,5831,0,2,0,0,0,0,0,0,0,0,0
28119094,5832,0,2,0,0,0,0,0,0,0,0,0
28122738,5833,0,2,0,0,0,0,0,0,0,0,0
28126382,5834,0,2,0,0,0,0,0,0,0,0,0
28130026,5835,0,2,0,0,0,0,0,0,0,0,0
28133670,5836,0,2,0,0,0,0,0,0,0,0,0
28137314,5837,0,2,0,0,0,0,0,0,0,0,0
28140958,5838,0,2,0,0,0,0,0,0,0,0,0
28144602,5839,0,2,0,0,0,0,0,0,0,0,0
28148246,5840,0,2,0,0,0,0,0,0,0,0,0
28151891,5841,0,2,0,0,0,0,0,0,0,0,0
28155534,5842,0,2,0,0,0,0,0,0,0,0,0
28159178,5843,0,2,0,0,0,0,0,0,0,0,0
28162822,5844,0,2,0,0,0,0,0,0,0,0,0
28166466,5845,0,2,0,0,0,0,0,0,0,0,0
28170110,5846,0,2,0,0,0,0,0,0,0,0,0
28173754,5847,0,2,0,0,0,0,0,0,0,0,0
28177398,5848,0,2,0,0,0,0,0,0,0,0,0
28181042,5849,0,2,0,0,0,0,0,0,0,0,0
28184686,5850,0,2,0,0,0,0,0,0,0,0,0
28188331,5851,0,2,0,0,0,0,0,0,0,0,0
28191974,5852,0,2,0,0,0,0,0,0,0,0,0
28195618,5853,0,2,0,0,0,0,0,0,0,0,0
28199262,5854,0,2,0,0,0,0,0,0,0,0,0
28202906,5855,0,2,0,0,0,0,0,0,0,0,0
28206550,5856,0,2,0,0,0,0,0,0,0,0,0
28210194,5857,0,2,0,0,0,0,0,0,0,0,0
28213838,5858,0,2,0,0,0,0,0,0,0,0,0
28217482,5859,0,2,0,0,0,0,0,0,0,0,0
28221126,5860,0,2,0,0,0,0,0,0,0,0,0
28224771,5861,0,2,0,0,0,0,0,0,0,0,0
28228414,5862,0,2,0,0,0,0,0,0,0,0,0
28232058,5863,0,2,0,0,0,0,0,0,0,0,0
28235702,5864,0,2,0,0,0,0,0,0,0,0,0
28239346,5865,0,2,0,0,0,0,0,0,0,0,0
28242990,5866,0,2,0,0,0,0,0,0,0,0,0
28246634,5867,0,2,0,0,0,0,0,0,0,0,0
28250278,5868,0,2,0,0,0,0,0,0,0,0,0
28253922,5869,0,2,0,0,0,0,0,0,0,0,0
28257566,5870,0,2,0,0,0,0,0,0,0,0,0
28261211,5871,0,2,0,0,0,0,0,0,0,0,0
28264854,5872,0,2,0,0,0,0,0,0,0,0,0
28268498,5873,0,2,0,0,0,0,0,0,0,0,0
28272142,5874,0,2,0,0,0,0,0,0,0,0,0
28275786,5875,0,2,0,0,0,0,0,0,0,0,0
28279430,5876,0,2,0,0,0,0,0,0,0,0,0
28283074,5877,0,2,0,0,0,0,0,0,0,0,0
28286718,5878,0,2,0,0,0,0,0,0,0,0,0
28290362,5879,0,2,0,0,0,0,0,0,0,0,0
28294007,5880,0,2,0,0,0,0,0,0,0,0,0
28297651,5881,0,2,0,0,0,0,0,0,0,0,0
28301294,5882,0,2,0,0,0,0,0,0,0,0,0
28304938,5883,0,2,0,0,0,0,0,0,0,0,0
28308582,5884,0,2,0,0,0,0,0,0,0,0,0
28312226,5885,0,2,0,0,0,0,0,0,0,0,0
28315870,5886,0,2,0,0,0,0,0,0,0,0,0
28319514,5887,0,2,0,0,0,0,0,0,0,0,0
28323158,5888,0,2,0,0,0,0,0,0,0,0,0
28326802,5889,0,2,0,0,0,0,0,0,0,0,0
28330446,5890,0,2,0,0,0,0,0,0,0,0,0
28334091,5891,0,2,0,0,0,0,0,0,0,0,0
28337734,5892,0,2,0,0,0,0,0,0,0,0,0
28341378,5893,0,2,0,0,0,0,0,0,0,0,0
28345022,5894,0,2,0,0,0,0,0,0,0,0,0
28348666,5895,0,2,0,0,0,0,0,0,0,0,0
28352310,5896,0,2,0,0,0,0,0,0,0,0,0
28355954,5897,0,2,0,0,0,0,0,0,0,0,0
28359598,5898,0,2,0,0,0,0,0,0,0,0,0
28363242,5899,0,2,0,0,0,0,0,0,0,0,0
28366886,5900,0,2,0,0,0,0,0,0,0,0,0
28370531,5901,0,2,0,0,0,0,0,0,0,0,0
28374174,5902,0,2,0,0,0,0,0,0,0,0,0
28384556,5903,0,2,0,0,0,0,0,0,0,0,0
28388188,5904,0,2,0,0,0,0,0,0,0,0,0
28391832,5905,0,2,0,0,0,0,0,0,0,0,0
28395476,5906,0,2,0,0,0,0,0,0,0,0,0
28399120,5907,0,2,0,0,0,0,0,0,0,0,0
28402764,5908,0,2,0,0,0,0,0,0,0,0,0
28406408,5909,0,2,0,0,0,0,0,0,0,0,0
28410052,5910,0,2,0,0,0,0,0,0,0,0,0
28413697,5911,0,2,0,0,0,0,0,0,0,0,0
28417340,5912,0,2,0,0,0,0,0,0,0,0,0
28420984,5913,0,2,0,0,0,0,0,0,0,0,0
28424628,5914,0,2,0,0,0,0,0,0,0,0,0
28428272,5915,0,2,0,0,0,0,0,0,0,0,0
28431916,5916,0,2,0,0,0,0,0,0,0,0,0
28435560,5917,0,2,0,0,0,0,0,0,0,0,0
28439204,5918,0,2,0,0,0,0,0,0,0,0,0
28442848,5919,0,2,0,0,0,0,0,0,0,0,0
28446492,5920,0,2,0,0,0,0,0,0,0,0,0
28450137,5921,0,2,0,0,0,0,0,0,0,0,0
28453780,5922,0,2,0,0,0,0,0,0,0,0,0
28457424,5923,0,2,0,0,0,0,0,0,0,0,0
28461068,5924,0,2,0,0,0,0,0,0,0,0,0
28464712,5925,0,2,0,0,0,0,0,0,0,0,0
28468356,5926,0,2,0,0,0,0,0,0,0,0,0
28472000,5927,0,2,0,0,0,0,0,0,0,0,0
28475644,5928,0,2,0,0,0,0,0,0,0,0,0
28479288,5929,0,2,0,0,0,0,0,0,0,0,0
28482932,5930,0,2,0,0,0,0,0,0,0,0,0
28486577,5931,0,2,0,0,0,0,0,0,0,0,0
28490220,5932,0,2,0,0,0,0,0,0,0,0,0
28493864,5933,0,2,0,0,0,0,0,0,0,0,0
28497508,5934,0,2,0,0,0,0,0,0,0,0,0
28501152,5935,0,2,0,0,0,0,0,0,0,0,0
28504796,5936,0,2,0,0,0,0,0,0,0,0,0
28508440,5937,0,2,0,0,0,0,0,0,0,0,0
28512084,5938,0,2,0,0,0,0,0,0,0,0,0
28515728,5939,0,2,0,0,0,0,0,0,0,0,0
28519372,5940,0,2,0,0,0,0,0,0,0,0,0
28523017,5941,0,2,0,0,0,0,0,0,0,0,0
28526660,5942,0,2,0,0,0,0,0,0,0,0,0
28530304,5943,0,2,0,0,0,0,0,0,0,0,0
28533948,5944,0,2,0,0,0,0,0,0,0,0,0
28537592,5945,0,2,0,0,0,0,0,0,0,0,0
28541236,5946,0,2,0,0,0,0,0,0,0,0,0
28544880,5947,0,2,0,0,0,0,0,0,0,0,0
28548524,5948,0,2,0,0,0,0,0,0,0,0,0
28552168,5949,0,2,0,0,0,0,0,0,0,0,0
28555812,5950,0,2,0,0,0,0,0,0,0,0,0
28559457,5951,0,2,0,0,0,0,0,0,0,0,0
28563100,5952,0,2,0,0,0,0,0,0,0,0,0
28566744,5953,0,2,0,0,0,0,0,0,0,0,0
28570388,5954,0,2,0,0,0,0,0,0,0,0,0
28574033,5955,0,2,0,0,0,0,0,0,0,0,0
28577676,5956,0,2,0,0,0,0,0,0,0,0,0
28581320,5957,0,2,0,0,0,0,0,0,0,0,0
28584964,5958,0,2,0,0,0,0,0,0,0,0,0
28588608,5959,0,2,0,0,0,0,0,0,0,0,0
28592252,5960,0,2,0,0,0,0,0,0,0,0,0
28595897,5961,0,2,0,0,0,0,0,0,0,0,0
28599540,5962,0,2,0,0,0,0,0,0,0,0,0
28603184,5963,0,2,0,0,0,0,0,0,0,0,0
28606828,5964,0,2,0,0,0,0,0,0,0,0,0
28610472,5965,0,2,0,0,0,0,0,0,0,0,0
28614116,5966,0,2,0,0,0,0,0,0,0,0,0
28617760,5967,0,2,0,0,0,0,0,0,0,0,0
28621404,5968,0,2,0,0,0,0,0,0,0,0,0
28625048,5969,0,2,0,0,0,0,0,0,0,0,0
28628692,5970,0,2,0,0,0,0,0,0,0,0,0
28632337,5971,0,2,0,0,0,0,0,0,0,0,0
28635980,5972,0,2,0,0,0,0,0,0,0,0,0
28639624,5973,0,2,0,0,0,0,0,0,0,0,0
28643268,5974,0,2,0,0,0,0,0,0,0,0,0
28646912,5975,0,2,0,0,0,0,0,0,0,0,0
28650556,5976,0,2,0,0,0,0,0,0,0,0,0
28654200,5977,0,2,0,0,0,0,0,0,0,0,0
28657844,5978,0,2,0,0,0,0,0,0,0,0,0
28661488,5979,0,2,0,0,0,0,0,0,0,0,0
28665132,5980,0,2,0,0,0,0,0,0,0,0,0
28668777,5981,0,2,0,0,0,0,0,0,0,0,0
28672420,5982,0,2,0,0,0,0,0,0,0,0,0
28676064,5983,0,2,0,0,0,0,0,0,0,0,0
28679708,5984,0,2,0,0,0,0,0,0,0,0,0
28683352,5985,0,2,0,0,0,0,0,0,0,0,0
28686996,5986,0,2,0,0,0,0,0,0,0,0,0
28690640,5987,0,2,0,0,0,0,0,0,0,0,0
28694284,5988,0,2,0,0,0,0,0,0,0,0,0
28697928,5989,0,2,0,0,0,0,0,0,0,0,0
28701572,5990,0,2,0,0,0,0,0,0,0,0,0
28705217,5991,0,2,0,0,0,0,0,0,0,0,0
28708860,5992,0,2,0,0,0,0,0,0,0,0,0
28712504,5993,0,2,0,0,0,0,0,0,0,0,0
28716148,5994,0,2,0,0,0,0,0,0,0,0,0
28719792,5995,0,2,0,0,0,0,0,0,0,0,0
28723436,5996,0,2,0,0,0,0,0,0,0,0,0
28727080,5997,0,2,0,0,0,0,0,0,0,0,0
28730724,5998,0,2,0,0,0,0,0,0,0,0,0
28734368,5999,0,2,0,0,0,0,0,0,0,0,0
28738013,6000,0,2,0,0,0,0,0,0,0,0,0
28741657,6001,0,2,0,0,0,0,0,0,0,0,0
28745300,6002,0,2,0,0,0,0,0,0,0,0,0
28748944,6003,0,2,0,0,0,0,0,0,0,0,0
28752588,6004,0,2,0,0,0,0,0,0,0,0,0
28756232,6005,0,2,0,0,0,0,0,0,0,0,0
28759876,6006,0,2,0,0,0,0,0,0,0,0,0
28763520,6007,0,2,0,0,0,0,0,0,0,0,0
28767164,6008,0,2,0,0,0,0,0,0,0,0,0
28770808,6009,0,2,0,0,0,0,0,0,0,0,0
28774452,6010,0,2,0,0,0,0,0,0,0,0,0
28778097,6011,0,2,0,0,0,0,0,0,0,0,0
28781740,6012,0,2,0,0,0,0,0,0,0,0,0
28785384,6013,0,2,0,0,0,0,0,0,0,0,0
28789028,6014,0,2,0,0,0,0,0,0,0,0,0
28792672,6015,0,2,0,0,0,0,0,0,0,0,0
28796316,6016,0,2,0,0,0,0,0,0,0,0,0
28799960,6017,0,2,0,0,0,0,0,0,0,0,0
28803604,6018,0,2,0,0,0,0,0,0,0,0,0
28807248,6019,0,2,0,0,0,0,0,0,0,0,0
28810892,6020,0,2,0,0,0,0,0,0,0,0,0
28814537,6021,0,2,0,0,0,0,0,0,0,0,0
28818180,6022,0,2,0,0,0,0,0,0,0,0,0
28821824,6023,0,2,0,0,0,0,0,0,0,0,0
28825468,6024,0,2,0,0,0,0,0,0,0,0,0
28829112,6025,0,2,0,0,0,0,0,0,0,0,0
28832756,6026,0,2,0,0,0,0,0,0,0,0,0
28836400,6027,0,2,0,0,0,0,0,0,0,0,0
28840044,6028,0,2,0,0,0,0,0,0,0,0,0
28843688,6029,0,2,0,0,0,0,0,0,0,0,0
28847332,6030,0,2,0,0,0,0,0,0,0,0,0
28850977,6031,0,2,0,0,0,0,0,0,0,0,0
28854620,6032,0,2,0,0,0,0,0,0,0,0,0
28858264,6033,0,2,0,0,0,0,0,0,0,0,0
28861908,6034,0,2,0,0,0,0,0,0,0,0,0
28865552,6035,0,2,0,0,0,0,0,0,0,0,0
28869196,6036,0,2,0,0,0,0,0,0,0,0,0
28872840,6037,0,2,0,0,0,0,0,0,0,0,0
28876484,6038,0,2,0,0,0,0,0,0,0,0,0
28880128,6039,0,2,0,0,0,0,0,0,0,0,0
28883772,6040,0,2,0,0,0,0,0,0,0,0,0
28887417,6041,0,2,0,0,0,0,0,0,0,0,0
28891060,6042,0,2,0,0,0,0,0,0,0,0,0
28894704,6043,0,2,0,0,0,0,0,0,0,0,0
28898348,6044,0,2,0,0,0,0,0,0,0,0,0
28901992,6045,0,2,0,0,0,0,0,0,0,0,0
28905636,6046,0,2,0,0,0,0,0,0,0,0,0
28909280,6047,0,2,0,0,0,0,0,0,0,0,0
28912924,6048,0,2,0,0,0,0,0,0,0,0,0
28916568,6049,0,2,0,0,0,0,0,0,0,0,0
28920212,6050,0,2,0,0,0,0,0,0,0,0,0
28923857,6051,0,2,0,0,0,0,0,0,0,0,0
28927500,6052,0,2,0,0,0,0,0,0,0,0,0
28931144,6053,0,2,0,0,0,0,0,0,0,0,0
28934788,6054,0,2,0,0,0,0,0,0,0,0,0
28938432,6055,0,2,0,0,0,0,0,0,0,0,0
28942076,6056,0,2,0,0,0,0,0,0,0,0,0
28945720,6057,0,2,0,0,0,0,0,0,0,0,0
28949364,6058,0,2,0,0,0,0,0,0,0,0,0
28953008,6059,0,2,0,0,0,0,0,0,0,0,0
28956652,6060,0,2,0,0,0,0,0,0,0,0,0
28960297,6061,0,2,0,0,0,0,0,0,0,0,0
28963940,6062,0,2,0,0,0,0,0,0,0,0,0
28967584,6063,0,2,0,0,0,0,0,0,0,0,0
28971228,6064,0,2,0,0,0,0,0,0,0,0,0
28974872,6065,0,2,0,0,0,0,0,0,0,0,0
28978516,6066,0,2,0,0,0,0,0,0,0,0,0
28982160,6067,0,2,0,0,0,0,0,0,0,0,0
28985804,6068,0,2,0,0,0,0,0,0,0,0,0
28989448,6069,0,2,0,0,0,0,0,0,0,0,0
28993092,6070,0,2,0,0,0,0,0,0,0,0,0
28996737,6071,0,2,0,0,0,0,0,0,0,0,0
29000380,6072,0,2,0,0,0,0,0,0,0,0,0
29004024,6073,0,2,0,0,0,0,0,0,0,0,0
29007668,6074,0,2,0,0,0,0,0,0,0,0,0
29011312,6075,0,2,0,0,0,0,0,0,0,0,0
29014956,6076,0,2,0,0,0,0,0,0,0,0,0
29018600,6077,0,2,0,0,0,0,0,0,0,0,0
29022244,6078,0,2,0,0,0,0,0,0,0,0,0
29025888,6079,0,2,0,0,0,0,0,0,0,0,0
29029532,6080,0,2,0,0,0,0,0,0,0,0,0
29033177,6081,0,2,0,0,0,0,0,0,0,0,0
29036820,6082,0,2,0,0,0,0,0,0,0,0,0
29040464,6083,0,2,0,0,0,0,0,0,0,0,0
29044108,6084,0,2,0,0,0,0,0,0,0,0,0
29047752,6085,0,2,0,0,0,0,0,0,0,0,0
29051396,6086,0,2,0,0,0,0,0,0,0,0,0
29055040,6087,0,2,0,0,0,0,0,0,0,0,0
29058684,6088,0,2,0,0,0,0,0,0,0,0,0
29062328,6089,0,2,0,0,0,0,0,0,0,0,0
29065972,6090,0,2,0,0,0,0,0,0,0,0,0
29069617,6091,0,2,0,0,0,0,0,0,0,0,0
29073260,6092,0,2,0,0,0,0,0,0,0,0,0
29076904,6093,0,2,0,0,0,0,0,0,0,0,0
29080548,6094,0,2,0,0,0,0,0,0,0,0,0
29084192,6095,0,2,0,0,0,0,0,0,0,0,0
29087836,6096,0,2,0,0,0,0,0,0,0,0,0
29091480,6097,0,2,0,0,0,0,0,0,0,0,0
29095124,6098,0,2,0,0,0,0,0,0,0,0,0
29098768,6099,0,2,0,0,0,0,0,0,0,0,0
29102412,6100,0,2,0,0,0,0,0,0,0,0,0
29106057,6101,0,2,0,0,0,0,0,0,0,0,0
29109700,6102,0,2,0,0,0,0,0,0,0,0,0
29113344,6103,0,2,0,0,0,0,0,0,0,0,0
29116988,6104,0,2,0,0,0,0,0,0,0,0,0
29120632,6105,0,2,0,0,0,0,0,0,0,0,0
29124276,6106,0,2,0,0,0,0,0,0,0,0,0
29127920,6107,0,2,0,0,0,0,0,0,0,0,0
29131564,6108,0,2,0,0,0,0,0,0,0,0,0
29135208,6109,0,2,0,0,0,0,0,0,0,0,0
29138852,6110,0,2,0,0,0,0,0,0,0,0,0
29142497,6111,0,2,0,0,0,0,0,0,0,0,0
29146140,6112,0,2,0,0,0,0,0,0,0,0,0
29149784,6113,0,2,0,0,0,0,0,0,0,0,0
29153428,6114,0,2,0,0,0,0,0,0,0,0,0
29157072,6115,0,2,0,0,0,0,0,0,0,0,0
29160716,6116,0,2,0,0,0,0,0,0,0,0,0
29164360,6117,0,2,0,0,0,0,0,0,0,0,0
29168004,6118,0,2,0,0,0,0,0,0,0,0,0
29171648,6119,0,2,0,0,0,0,0,0,0,0,0
29175292,6120,0,2,0,0,0,0,0,0,0,0,0
29178937,6121,0,2,0,0,0,0,0,0,0,0,0
29182580,6122,0,2,0,0,0,0,0,0,0,0,0
29186224,6123,0,2,0,0,0,0,0,0,0,0,0
29189868,6124,0,2,0,0,0,0,0,0,0,0,0
29193512,6125,0,2,0,0,0,0,0,0,0,0,0
29197156,6126,0,2,0,0,0,0,0,0,0,0,0
29200800,6127,0,2,0,0,0,0,0,0,0,0,0
29204444,6128,0,2,0,0,0,0,0,0,0,0,0
29208088,6129,0,2,0,0,0,0,0,0,0,0,0
29216229,6130,0,2,0,0,0,0,0,0,0,0,0
29219862,6131,0,2,0,0,0,0,0,0,0,0,0
29223505,6132,0,2,0,0,0,0,0,0,0,0,0
29227149,6133,0,2,0,0,0,0,0,0,0,0,0
29230793,6134,0,2,0,0,0,0,0,0,0,0,0
29234437,6135,0,2,0,0,0,0,0,0,0,0,0
29238081,6136,0,2,0,0,0,0,0,0,0,0,0
29241725,6137,0,2,0,0,0,0,0,0,0,0,0
29245369,6138,0,2,0,0,0,0,0,0,0,0,0
29249014,6139,0,2,0,0,0,0,0,0,0,0,0
29252657,6140,0,2,0,0,0,0,0,0,0,0,0
29256302,6141,0,2,0,0,0,0,0,0,0,0,0
29259945,6142,0,2,0,0,0,0,0,0,0,0,0
29263589,6143,0,2,0,0,0,0,0,0,0,0,0
29267233,6144,0,2,0,0,0,0,0,0,0,0,0
29270877,6145,0,2,0,0,0,0,0,0,0,0,0
29274521,6146,0,2,0,0,0,0,0,0,0,0,0
29278165,6147,0,2,0,0,0,0,0,0,0,0,0
29281809,6148,0,2,0,0,0,0,0,0,0,0,0
29285453,6149,0,2,0,0,0,0,0,0,0,0,0
29289097,6150,0,2,0,0,0,0,0,0,0,0,0
29292742,6151,0,2,0,0,0,0,0,0,0,0,0
29296385,6152,0,2,0,0,0,0,0,0,0,0,0
29300029,6153,0,2,0,0,0,0,0,0,0,0,0
29303673,6154,0,2,0,0,0,0,0,0,0,0,0
29307317,6155,0,2,0,0,0,0,0,0,0,0,0
29310961,6156,0,2,0,0,0,0,0,0,0,0,0
29314605,6157,0,2,0,0,0,0,0,0,0,0,0
29318249,6158,0,2,0,0,0,0,0,0,0,0,0
29321893,6159,0,2,0,0,0,0,0,0,0,0,0
29325537,6160,0,2,0,0,0,0,0,0,0,0,0
29329182,6161,0,2,0,0,0,0,0,0,0,0,0
29332825,6162,0,2,0,0,0,0,0,0,0,0,0
29336469,6163,0,2,0,0,0,0,0,0,0,0,0
29340113,6164,0,2,0,0,0,0,0,0,0,0,0
29343757,6165,0,2,0,0,0,0,0,0,0,0,0
29347401,6166,0,2,0,0,0,0,0,0,0,0,0
29351045,6167,0,2,0,0,0,0,0,0,0,0,0
29354689,6168,0,2,0,0,0,0,0,0,0,0,0
29358333,6169,0,2,0,0,0,0,0,0,0,0,0
29361977,6170,0,2,0,0,0,0,0,0,0,0,0
29365622,6171,0,2,0,0,0,0,0,0,0,0,0
29369265,6172,0,2,0,0,0,0,0,0,0,0,0
29372909,6173,0,2,0,0,0,0,0,0,0,0,0
29376553,6174,0,2,0,0,0,0,0,0,0,0,0
29380197,6175,0,2,0,0,0,0,0,0,0,0,0
29383841,6176,0,2,0,0,0,0,0,0,0,0,0
29387485,6177,0,2,0,0,0,0,0,0,0,0,0
29391129,6178,0,2,0,0,0,0,0,0,0,0,0
29394773,6179,0,2,0,0,0,0,0,0,0,0,0
29398417,6180,0,2,0,0,0,0,0,0,0,0,0
29402062,6181,0,2,0,0,0,0,0,0,0,0,0
29405705,6182,0,2,0,0,0,0,0,0,0,0,0
29409349,6183,0,2,0,0,0,0,0,0,0,0,0
29412993,6184,0,2,0,0,0,0,0,0,0,0,0
29416637,6185,0,2,0,0,0,0,0,0,0,0,0
29420281,6186,0,2,0,0,0,0,0,0,0,0,0
29423925,6187,0,2,0,0,0,0,0,0,0,0,0
29427569,6188,0,2,0,0,0,0,0,0,0,0,0
29431213,6189,0,2,0,0,0,0,0,0,0,0,0
29434857,6190,0,2,0,0,0,0,0,0,0,0,0
29438502,6191,0,2,0,0,0,0,0,0,0,0,0
29442145,6192,0,2,0,0,0,0,0,0,0,0,0
29445789,6193,0,2,0,0,0,0,0,0,0,0,0
29449433,6194,0,2,0,0,0,0,0,0,0,0,0
29453077,6195,0,2,0,0,0,0,0,0,0,0,0
29456721,6196,0,2,0,0,0,0,0,0,0,0,0
29460365,6197,0,2,0,0,0,0,0,0,0,0,0
29464009,6198,0,2,0,0,0,0,0,0,0,0,0
29467653,6199,0,2,0,0,0,0,0,0,0,0,0
29471297,6200,0,2,0,0,0,0,0,0,0,0,0
29474942,6201,0,2,0,0,0,0,0,0,0,0,0
29478585,6202,0,2,0,0,0,0,0,0,0,0,0
29482229,6203,0,2,0,0,0,0,0,0,0,0,0
29485873,6204,0,2,0,0,0,0,0,0,0,0,0
29489517,6205,0,2,0,0,0,0,0,0,0,0,0
29493161,6206,0,2,0,0,0,0,0,0,0,0,0
29496805,6207,0,2,0,0,0,0,0,0,0,0,0
29500449,6208,0,2,0,0,0,0,0,0,0,0,0
29504093,6209,0,2,0,0,0,0,0,0,0,0,0
29507737,6210,0,2,0,0,0,0,0,0,0,0,0
29511382,6211,0,2,0,0,0,0,0,0,0,0,0
29515026,6212,0,2,0,0,0,0,0,0,0,0,0
29518669,6213,0,2,0,0,0,0,0,0,0,0,0
29522313,6214,0,2,0,0,0,0,0,0,0,0,0
29525957,6215,0,2,0,0,0,0,0,0,0,0,0
29529601,6216,0,2,0,0,0,0,0,0,0,0,0
29533245,6217,0,2,0,0,0,0,0,0,0,0,0
29536889,6218,0,2,0,0,0,0,0,0,0,0,0
29540533,6219,0,2,0,0,0,0,0,0,0,0,0
29544177,6220,0,2,0,0,0,0,0,0,0,0,0
29547822,6221,0,2,0,0,0,0,0,0,0,0,0
29551465,6222,0,2,0,0,0,0,0,0,0,0,0
29555109,6223,0,2,0,0,0,0,0,0,0,0,0
29558753,6224,0,2,0,0,0,0,0,0,0,0,0
29562397,6225,0,2,0,0,0,0,0,0,0,0,0
29566041,6226,0,2,0,0,0,0,0,0,0,0,0
29569685,6227,0,2,0,0,0,0,0,0,0,0,0
29573329,6228,0,2,0,0,0,0,0,0,0,0,0
29576973,6229,0,2,0,0,0,0,0,0,0,0,0
29580617,6230,0,2,0,0,0,0,0,0,0,0,0
29584262,6231,0,2,0,0,0,0,0,0,0,0,0
29587905,6232,0,2,0,0,0,0,0,0,0,0,0
29591549,6233,0,2,0,0,0,0,0,0,0,0,0
29595193,6234,0,2,0,0,0,0,0,0,0,0,0
29598837,6235,0,2,0,0,0,0,0,0,0,0,0
29602481,6236,0,2,0,0,0,0,0,0,0,0,0
29606125,6237,0,2,0,0,0,0,0,0,0,0,0
29609769,6238,0,2,0,0,0,0,0,0,0,0,0
29613413,6239,0,2,0,0,0,0,0,0,0,0,0
29617057,6240,0,2,0,0,0,0,0,0,0,0,0
29620702,6241,0,2,0,0,0,0,0,0,0,0,0
29624345,6242,0,2,0,0,0,0,0,0,0,0,0
29627989,6243,0,2,0,0,0,0,0,0,0,0,0
29631633,6244,0,2,0,0,0,0,0,0,0,0,0
29635277,6245,0,2,0,0,0,0,0,0,0,0,0
29638921,6246,0,2,0,0,0,0,0,0,0,0,0
29642565,6247,0,2,0,0,0,0,0,0,0,0,0
29646209,6248,0,2,0,0,0,0,0,0,0,0,0
29649853,6249,0,2,0,0,0,0,0,0,0,0,0
29653497,6250,0,2,0,0,0,0,0,0,0,0,0
29657142,6251,0,2,0,0,0,0,0,0,0,0,0
29660785,6252,0,2,0,0,0,0,0,0,0,0,0
29664429,6253,0,2,0,0,0,0,0,0,0,0,0
29668073,6254,0,2,0,0,0,0,0,0,0,0,0
29671717,6255,0,2,0,0,0,0,0,0,0,0,0
29675361,6256,0,2,0,0,0,0,0,0,0,0,0
29679005,6257,0,2,0,0,0,0,0,0,0,0,0
29682649,6258,0,2,0,0,0,0,0,0,0,0,0
29686293,6259,0,2,0,0,0,0,0,0,0,0,0
29689937,6260,0,2,0,0,0,0,0,0,0,0,0
29693582,6261,0,2,0,0,0,0,0,0,0,0,0
29697225,6262,0,2,0,0,0,0,0,0,0,0,0
29700869,6263,0,2,0,0,0,0,0,0,0,0,0
29704513,6264,0,2,0,0,0,0,0,0,0,0,0
29708157,6265,0,2,0,0,0,0,0,0,0,0,0
29711801,6266,0,2,0,0,0,0,0,0,0,0,0
29715445,6267,0,2,0,0,0,0,0,0,0,0,0
29719089,6268,0,2,0,0,0,0,0,0,0,0,0
29722733,6269,0,2,0,0,0,0,0,0,0,0,0
29726377,6270,0,2,0,0,0,0,0,0,0,0,0
29730022,6271,0,2,0,0,0,0,0,0,0,0,0
29733665,6272,0,2,0,0,0,0,0,0,0,0,0
29737309,6273,0,2,0,0,0,0,0,0,0,0,0
29740953,6274,0,2,0,0,0,0,0,0,0,0,0
29744597,6275,0,2,0,0,0,0,0,0,0,0,0
29748241,6276,0,2,0,0,0,0,0,0,0,0,0
29751885,6277,0,2,0,0,0,0,0,0,0,0,0
29755529,6278,0,2,0,0,0,0,0,0,0,0,0
29759173,6279,0,2,0,0,0,0,0,0,0,0,0
29762817,6280,0,2,0,0,0,0,0,0,0,0,0
29766462,6281,0,2,0,0,0,0,0,0,0,0,0
29770105,6282,0,2,0,0,0,0,0,0,0,0,0
29773749,6283,0,2,0,0,0,0,0,0,0,0,0
29777393,6284,0,2,0,0,0,0,0,0,0,0,0
29781037,6285,0,2,0,0,0,0,0,0,0,0,0
29784681,6286,0,2,0,0,0,0,0,0,0,0,0
29788325,6287,0,2,0,0,0,0,0,0,0,0,0
29791969,6288,0,2,0,0,0,0,0,0,0,0,0
29795613,6289,0,2,0,0,0,0,0,0,0,0,0
29799257,6290,0,2,0,0,0,0,0,0,0,0,0
29802902,6291,0,2,0,0,0,0,0,0,0,0,0
29806545,6292,0,2,0,0,0,0,0,0,0,0,0
29810189,6293,0,2,0,0,0,0,0,0,0,0,0
29813833,6294,0,2,0,0,0,0,0,0,0,0,0
29817477,6295,0,2,0,0,0,0,0,0,0,0,0
29821121,6296,0,2,0,0,0,0,0,0,0,0,0
29824765,6297,0,2,0,0,0,0,0,0,0,0,0
29828409,6298,0,2,0,0,0,0,0,0,0,0,0
29832053,6299,0,2,0,0,0,0,0,0,0,0,0
29835697,6300,0,2,0,0,0,0,0,0,0,0,0
29839342,6301,0,2,0,0,0,0,0,0,0,0,0
29842985,6302,0,2,0,0,0,0,0,0,0,0,0
29846629,6303,0,2,0,0,0,0,0,0,0,0,0
29850273,6304,0,2,0,0,0,0,0,0,0,0,0
29853917,6305,0,2,0,0,0,0,0,0,0,0,0
29857561,6306,0,2,0,0,0,0,0,0,0,0,0
29861205,6307,0,2,0,0,0,0,0,0,0,0,0
29864849,6308,0,2,0,0,0,0,0,0,0,0,0
29868493,6309,0,2,0,0,0,0,0,0,0,0,0
29872137,6310,0,2,0,0,0,0,0,0,0,0,0
29875782,6311,0,2,0,0,0,0,0,0,0,0,0
29879425,6312,0,2,0,0,0,0,0,0,0,0,0
29883069,6313,0,2,0,0,0,0,0,0,0,0,0
29886713,6314,0,2,0,0,0,0,0,0,0,0,0
29890357,6315,0,2,0,0,0,0,0,0,0,0,0
29894001,6316,0,2,0,0,0,0,0,0,0,0,0
29897645,6317,0,2,0,0,0,0,0,0,0,0,0
29901289,6318,0,2,0,0,0,0,0,0,0,0,0
29904933,6319,0,2,0,0,0,0,0,0,0,0,0
29908577,6320,0,2,0,0,0,0,0,0,0,0,0
29912222,6321,0,2,0,0,0,0,0,0,0,0,0
29915865,6322,0,2,0,0,0,0,0,0,0,0,0
29919509,6323,0,2,0,0,0,0,0,0,0,0,0
29923153,6324,0,2,0,0,0,0,0,0,0,0,0
29926797,6325,0,2,0,0,0,0,0,0,0,0,0
29930441,6326,0,2,0,0,0,0,0,0,0,0,0
29934085,6327,0,2,0,0,0,0,0,0,0,0,0
29937729,6328,0,2,0,0,0,0,0,0,0,0,0
29941373,6329,0,2,0,0,0,0,0,0,0,0,0
29945017,6330,0,2,0,0,0,0,0,0,0,0,0
29948662,6331,0,2,0,0,0,0,0,0,0,0,0
29952305,6332,0,2,0,0,0,0,0,0,0,0,0
29955949,6333,0,2,0,0,0,0,0,0,0,0,0
29959593,6334,0,2,0,0,0,0,0,0,0,0,0
29963237,6335,0,2,0,0,0,0,0,0,0,0,0
29966881,6336,0,2,0,0,0,0,0,0,0,0,0
29970525,6337,0,2,0,0,0,0,0,0,0,0,0
29974169,6338,0,2,0,0,0,0,0,0,0,0,0
29977813,6339,0,2,0,0,0,0,0,0,0,0,0
29981457,6340,0,2,0,0,0,0,0,0,0,0,0
29985102,6341,0,2,0,0,0,0,0,0,0,0,0
29988745,6342,0,2,0,0,0,0,0,0,0,0,0
29992389,6343,0,2,0,0,0,0,0,0,0,0,0
29996034,6344,0,2,0,0,0,0,0,0,0,0,0
29999677,6345,0,2,0,0,0,0,0,0,0,0,0
30003321,6346,0,2,0,0,0,0,0,0,0,0,0
30006965,6347,0,2,0,0,0,0,0,0,0,0,0
30010609,6348,0,2,0,0,0,0,0,0,0,0,0
30014253,6349,0,2,0,0,0,0,0,0,0,0,0
30017897,6350,0,2,0,0,0,0,0,0,0,0,0
30021542,6351,0,2,0,0,0,0,0,0,0,0,0
30025185,6352,0,2,0,0,0,0,0,0,0,0,0
30028829,6353,0,2,0,0,0,0,0,0,0,0,0
30032473,6354,0,2,0,0,0,0,0,0,0,0,0
30036118,6355,0,2,0,0,0,0,0,0,0,0,0
30039761,6356,0,2,0,0,0,0,0,0,0,0,0
30049848,6357,0,2,0,0,0,0,0,0,0,0,0
30053480,6358,0,2,0,0,0,0,0,0,0,0,0
30057124,6359,0,2,0,0,0,0,0,0,0,0,0
30060768,6360,0,2,0,0,0,0,0,0,0,0,0
30064413,6361,0,2,0,0,0,0,0,0,0,0,0
30068056,6362,0,2,0,0,0,0,0,0,0,0,0
30071700,6363,0,2,0,0,0,0,0,0,0,0,0
30075344,6364,0,2,0,0,0,0,0,0,0,0,0
30078988,6365,0,2,0,0,0,0,0,0,0,0,0
30082632,6366,0,2,0,0,0,0,0,0,0,0,0
30086276,6367,0,2,0,0,0,0,0,0,0,0,0
30089920,6368,0,2,0,0,0,0,0,0,0,0,0
30093564,6369,0,2,0,0,0,0,0,0,0,0,0
30097208,6370,0,2,0,0,0,0,0,0,0,0,0
30100853,6371,0,2,0,0,0,0,0,0,0,0,0
30104496,6372,0,2,0,0,0,0,0,0,0,0,0
30108140,6373,0,2,0,0,0,0,0,0,0,0,0
30111784,6374,0,2,0,0,0,0,0,0,0,0,0
30115428,6375,0,2,0,0,0,0,0,0,0,0,0
30119072,6376,0,2,0,0,0,0,0,0,0,0,0
30122716,6377,0,2,0,0,0,0,0,0,0,0,0
30126360,6378,0,2,0,0,0,0,0,0,0,0,0
30130004,6379,0,2,0,0,0,0,0,0,0,0,0
30133648,6380,0,2,0,0,0,0,0,0,0,0,0
30137293,6381,0,2,0,0,0,0,0,0,0,0,0
30140936,6382,0,2,0,0,0,0,0,0,0,0,0
30144580,6383,0,2,0,0,0,0,0,0,0,0,0
30148224,6384,0,2,0,0,0,0,0,0,0,0,0
30151868,6385,0,2,0,0,0,0,0,0,0,0,0
30155512,6386,0,2,0,0,0,0,0,0,0,0,0
30159156,6387,0,2,0,0,0,0,0,0,0,0,0
30162800,6388,0,2,0,0,0,0,0,0,0,0,0
30166444,6389,0,2,0,0,0,0,0,0,0,0,0
30170088,6390,0,2,0,0,0,0,0,0,0,0,0
30173733,6391,0,2,0,0,0,0,0,0,0,0,0
30177376,6392,0,2,0,0,0,0,0,0,0,0,0
30181020,6393,0,2,0,0,0,0,0,0,0,0,0
30184664,6394,0,2,0,0,0,0,0,0,0,0,0
30188308,6395,0,2,0,0,0,0,0,0,0,0,0
30191952,6396,0,2,0,0,0,0,0,0,0,0,0
30195596,6397,0,2,0,0,0,0,0,0,0,0,0
30199240,6398,0,2,0,0,0,0,0,0,0,0,0
30202884,6399,0,2,0,0,0,0,0,0,0,0,0
30206528,6400,0,2,0,0,0,0,0,0,0,0,0
30210173,6401,0,2,0,0,0,0,0,0,0,0,0
30213816,6402,0,2,0,0,0,0,0,0,0,0,0
30217460,6403,0,2,0,0,0,0,0,0,0,0,0
30221104,6404,0,2,0,0,0,0,0,0,0,0,0
30224748,6405,0,2,0,0,0,0,0,0,0,0,0
30228392,6406,0,2,0,0,0,0,0,0,0,0,0
30232036,6407,0,2,0,0,0,0,0,0,0,0,0
30235680,6408,0,2,0,0,0,0,0,0,0,0,0
30239324,6409,0,2,0,0,0,0,0,0,0,0,0
30242968,6410,0,2,0,0,0,0,0,0,0,0,0
30246613,6411,0,2,0,0,0,0,0,0,0,0,0
30250256,6412,0,2,0,0,0,0,0,0,0,0,0
30253900,6413,0,2,0,0,0,0,0,0,0,0,0
30257544,6414,0,2,0,0,0,0,0,0,0,0,0
30261188,6415,0,2,0,0,0,0,0,0,0,0,0
30264832,6416,0,2,0,0,0,0,0,0,0,0,0
30268476,6417,0,2,0,0,0,0,0,0,0,0,0
30272120,6418,0,2,0,0,0,0,0,0,0,0,0
30275764,6419,0,2,0,0,0,0,0,0,0,0,0
30279408,6420,0,2,0,0,0,0,0,0,0,0,0
30283053,6421,0,2,0,0,0,0,0,0,0,0,0
30286696,6422,0,2,0,0,0,0,0,0,0,0,0
30290340,6423,0,2,0,0,0,0,0,0,0,0,0
30293984,6424,0,2,0,0,0,0,0,0,0,0,0
30297628,6425,0,2,0,0,0,0,0,0,0,0,0
30301272,6426,0,2,0,0,0,0,0,0,0,0,0
30304916,6427,0,2,0,0,0,0,0,0,0,0,0
30308560,6428,0,2,0,0,0,0,0,0,0,0,0
30312204,6429,0,2,0,0,0,0,0,0,0,0,0
30315848,6430,0,2,0,0,0,0,0,0,0,0,0
30319493,6431,0,2,0,0,0,0,0,0,0,0,0
30323136,6432,0,2,0,0,0,0,0,0,0,0,0
30326780,6433,0,2,0,0,0,0,0,0,0,0,0
30330424,6434,0,2,0,0,0,0,0,0,0,0,0
30334068,6435,0,2,0,0,0,0,0,0,0,0,0
30337712,6436,0,2,0,0,0,0,0,0,0,0,0
30341356,6437,0,2,0,0,0,0,0,0,0,0,0
30345000,6438,0,2,0,0,0,0,0,0,0,0,0
30348644,6439,0,2,0,0,0,0,0,0,0,0,0
30352288,6440,0,2,0,0,0,0,0,0,0,0,0
30355933,6441,0,2,0,0,0,0,0,0,0,0,0
30359576,6442,0,2,0,0,0,0,0,0,0,0,0
30363220,6443,0,2,0,0,0,0,0,0,0,0,0
30366864,6444,0,2,0,0,0,0,0,0,0,0,0
30370508,6445,0,2,0,0,0,0,0,0,0,0,0
30374152,6446,0,2,0,0,0,0,0,0,0,0,0
30377796,6447,0,2,0,0,0,0,0,0,0,0,0
30381440,6448,0,2,0,0,0,0,0,0,0,0,0
30385084,6449,0,2,0,0,0,0,0,0,0,0,0
30388728,6450,0,2,0,0,0,0,0,0,0,0,0
30392373,6451,0,2,0,0,0,0,0,0,0,0,0
30396016,6452,0,2,0,0,0,0,0,0,0,0,0
30399660,6453,0,2,0,0,0,0,0,0,0,0,0
30403304,6454,0,2,0,0,0,0,0,0,0,0,0
30406948,6455,0,2,0,0,0,0,0,0,0,0,0
30410592,6456,0,2,0,0,0,0,0,0,0,0,0
30414236,6457,0,2,0,0,0,0,0,0,0,0,0
30417880,6458,0,2,0,0,0,0,0,0,0,0,0
30421524,6459,0,2,0,0,0,0,0,0,0,0,0
30425168,6460,0,2,0,0,0,0,0,0,0,0,0
30428813,6461,0,2,0,0,0,0,0,0,0,0,0
30432456,6462,0,2,0,0,0,0,0,0,0,0,0
30436100,6463,0,2,0,0,0,0,0,0,0,0,0
30439744,6464,0,2,0,0,0,0,0,0,0,0,0
30443388,6465,0,2,0,0,0,0,0,0,0,0,0
30447032,6466,0,2,0,0,0,0,0,0,0,0,0
30450676,6467,0,2,0,0,0,0,0,0,0,0,0
30454320,6468,0,2,0,0,0,0,0,0,0,0,0
30457964,6469,0,2,0,0,0,0,0,0,0,0,0
30461608,6470,0,2,0,0,0,0,0,0,0,0,0
30465253,6471,0,2,0,0,0,0,0,0,0,0,0
30468896,6472,0,2,0,0,0,0,0,0,0,0,0
30472540,6473,0,2,0,0,0,0,0,0,0,0,0
30476184,6474,0,2,0,0,0,0,0,0,0,0,0
30479828,6475,0,2,0,0,0,0,0,0,0,0,0
30483472,6476,0,2,0,0,0,0,0,0,0,0,0
30487116,6477,0,2,0,0,0,0,0,0,0,0,0
30490760,6478,0,2,0,0,0,0,0,0,0,0,0
30494404,6479,0,2,0,0,0,0,0,0,0,0,0
30498048,6480,0,2,0,0,0,0,0,0,0,0,0
30501693,6481,0,2,0,0,0,0,0,0,0,0,0
30505336,6482,0,2,0,0,0,0,0,0,0,0,0
30508980,6483,0,2,0,0,0,0,0,0,0,0,0
30512624,6484,0,2,0,0,0,0,0,0,0,0,0
30516268,6485,0,2,0,0,0,0,0,0,0,0,0
30519912,6486,0,2,0,0,0,0,0,0,0,0,0
30523556,6487,0,2,0,0,0,0,0,0,0,0,0
30527200,6488,0,2,0,0,0,0,0,0,0,0,0
30530844,6489,0,2,0,0,0,0,0,0,0,0,0
30534488,6490,0,2,0,0,0,0,0,0,0,0,0
30538133,6491,0,2,0,0,0,0,0,0,0,0,0
30541776,6492,0,2,0,0,0,0,0,0,0,0,0
30545420,6493,0,2,0,0,0,0,0,0,0,0,0
30549064,6494,0,2,0,0,0,0,0,0,0,0,0
30552708,6495,0,2,0,0,0,0,0,0,0,0,0
30556352,6496,0,2,0,0,0,0,0,0,0,0,0
30559996,6497,0,2,0,0,0,0,0,0,0,0,0
30563640,6498,0,2,0,0,0,0,0,0,0,0,0
30567284,6499,0,2,0,0,0,0,0,0,0,0,0
30570928,6500,0,2,0,0,0,0,0,0,0,0,0
30574573,6501,0,2,0,0,0,0,0,0,0,0,0
30578216,6502,0,2,0,0,0,0,0,0,0,0,0
30581860,6503,0,2,0,0,0,0,0,0,0,0,0
30585504,6504,0,2,0,0,0,0,0,0,0,0,0
30589148,6505,0,2,0,0,0,0,0,0,0,0,0
30592792,6506,0,2,0,0,0,0,0,0,0,0,0
30596436,6507,0,2,0,0,0,0,0,0,0,0,0
30600080,6508,0,2,0,0,0,0,0,0,0,0,0
30603724,6509,0,2,0,0,0,0,0,0,0,0,0
30607368,6510,0,2,0,0,0,0,0,0,0,0,0
30611013,6511,0,2,0,0,0,0,0,0,0,0,0
30614656,6512,0,2,0,0,0,0,0,0,0,0,0
30618300,6513,0,2,0,0,0,0,0,0,0,0,0
30621944,6514,0,2,0,0,0,0,0,0,0,0,0
30625588,6515,0,2,0,0,0,0,0,0,0,0,0
30629232,6516,0,2,0,0,0,0,0,0,0,0,0
30632876,6517,0,2,0,0,0,0,0,0,0,0,0
30636520,6518,0,2,0,0,0,0,0,0,0,0,0
30640164,6519,0,2,0,0,0,0,0,0,0,0,0
30643808,6520,0,2,0,0,0,0,0,0,0,0,0
30647453,6521,0,2,0,0,0,0,0,0,0,0,0
30651096,6522,0,2,0,0,0,0,0,0,0,0,0
30654740,6523,0,2,0,0,0,0,0,0,0,0,0
30658384,6524,0,2,0,0,0,0,0,0,0,0,0
30662028,6525,0,2,0,0,0,0,0,0,0,0,0
30665672,6526,0,2,0,0,0,0,0,0,0,0,0
30669316,6527,0,2,0,0,0,0,0,0,0,0,0
30672960,6528,0,2,0,0,0,0,0,0,0,0,0
30676604,6529,0,2,0,0,0,0,0,0,0,0,0
30680248,6530,0,2,0,0,0,0,0,0,0,0,0
30683893,6531,0,2,0,0,0,0,0,0,0,0,0
30687536,6532,0,2,0,0,0,0,0,0,0,0,0
30691180,6533,0,2,0,0,0,0,0,0,0,0,0
30694824,6534,0,2,0,0,0,0,0,0,0,0,0
30698468,6535,0,2,0,0,0,0,0,0,0,0,0
30702112,6536,0,2,0,0,0,0,0,0,0,0,0
30705756,6537,0,2,0,0,0,0,0,0,0,0,0
30709400,6538,0,2,0,0,0,0,0,0,0,0,0
30713044,6539,0,2,0,0,0,0,0,0,0,0,0
30716688,6540,0,2,0,0,0,0,0,0,0,0,0
30720333,6541,0,2,0,0,0,0,0,0,0,0,0
30723976,6542,0,2,0,0,0,0,0,0,0,0,0
30727620,6543,0,2,0,0,0,0,0,0,0,0,0
30731264,6544,0,2,0,0,0,0,0,0,0,0,0
30734908,6545,0,2,0,0,0,0,0,0,0,0,0
30738552,6546,0,2,0,0,0,0,0,0,0,0,0
30742196,6547,0,2,0,0,0,0,0,0,0,0,0
30745840,6548,0,2,0,0,0,0,0,0,0,0,0
30749484,6549,0,2,0,0,0,0,0,0,0,0,0
30753128,6550,0,2,0,0,0,0,0,0,0,0,0
30756773,6551,0,2,0,0,0,0,0,0,0,0,0
30760416,6552,0,2,0,0,0,0,0,0,0,0,0
30764060,6553,0,2,0,0,0,0,0,0,0,0,0
30767704,6554,0,2,0,0,0,0,0,0,0,0,0
30771348,6555,0,2,0,0,0,0,0,0,0,0,0
30774992,6556,0,2,0,0,0,0,0,0,0,0,0
30778636,6557,0,2,0,0,0,0,0,0,0,0,0
30782280,6558,0,2,0,0,0,0,0,0,0,0,0
30785924,6559,0,2,0,0,0,0,0,0,0,0,0
30789568,6560,0,2,0,0,0,0,0,0,0,0,0
30793213,6561,0,2,0,0,0,0,0,0,0,0,0
30796856,6562,0,2,0,0,0,0,0,0,0,0,0
30800500,6563,0,2,0,0,0,0,0,0,0,0,0
30804144,6564,0,2,0,0,0,0,0,0,0,0,0
30807788,6565,0,2,0,0,0,0,0,0,0,0,0
30811432,6566,0,2,0,0,0,0,0,0,0,0,0
30815076,6567,0,2,0,0,0,0,0,0,0,0,0
30818720,6568,0,2,0,0,0,0,0,0,0,0,0
30822364,6569,0,2,0,0,0,0,0,0,0,0,0
30826008,6570,0,2,0,0,0,0,0,0,0,0,0
30829653,6571,0,2,0,0,0,0,0,0,0,0,0
30833296,6572,0,2,0,0,0,0,0,0,0,0,0
30836940,6573,0,2,0,0,0,0,0,0,0,0,0
30840584,6574,0,2,0,0,0,0,0,0,0,0,0
30844228,6575,0,2,0,0,0,0,0,0,0,0,0
30847872,6576,0,2,0,0,0,0,0,0,0,0,0
30851516,6577,0,2,0,0,0,0,0,0,0,0,0
30855160,6578,0,2,0,0,0,0,0,0,0,0,0
30858804,6579,0,2,0,0,0,0,0,0,0,0,0
30862448,6580,0,2,0,0,0,0,0,0,0,0,0
30866093,6581,0,2,0,0,0,0,0,0,0,0,0
30869736,6582,0,2,0,0,0,0,0,0,0,0,0
30873380,6583,0,2,0,0,0,0,0,0,0,0,0
30881900,6584,0,2,0,0,0,0,0,0,0,0,0
30885532,6585,0,2,0,0,0,0,0,0,0,0,0
30889176,6586,0,2,0,0,0,0,0,0,0,0,0
30892820,6587,0,2,0,0,0,0,0,0,0,0,0
30896464,6588,0,2,0,0,0,0,0,0,0,0,0
30900108,6589,0,2,0,0,0,0,0,0,0,0,0
30903752,6590,0,2,0,0,0,0,0,0,0,0,0
30907397,6591,0,2,0,0,0,0,0,0,0,0,0
30911040,6592,0,2,0,0,0,0,0,0,0,0,0
30914684,6593,0,2,0,0,0,0,0,0,0,0,0
30918328,6594,0,2,0,0,0,0,0,0,0,0,0
30921972,6595,0,2,0,0,0,0,0,0,0,0,0
30925616,6596,0,2,0,0,0,0,0,0,0,0,0
30929260,6597,0,2,0,0,0,0,0,0,0,0,0
30932904,6598,0,2,0,0,0,0,0,0,0,0,0
30936548,6599,0,2,0,0,0,0,0,0,0,0,0
30940192,6600,0,2,0,0,0,0,0,0,0,0,0
30943837,6601,0,2,0,0,0,0,0,0,0,0,0
30947480,6602,0,2,0,0,0,0,0,0,0,0,0
30951124,6603,0,2,0,0,0,0,0,0,0,0,0
30954768,6604,0,2,0,0,0,0,0,0,0,0,0
30958412,6605,0,2,0,0,0,0,0,0,0,0,0
30962057,6606,0,2,0,0,0,0,0,0,0,0,0
30965700,6607,0,2,0,0,0,0,0,0,0,0,0
30969344,6608,0,2,0,0,0,0,0,0,0,0,0
30972988,6609,0,2,0,0,0,0,0,0,0,0,0
30976632,6610,0,2,0,0,0,0,0,0,0,0,0
30980277,6611,0,2,0,0,0,0,0,0,0,0,0
30983920,6612,0,2,0,0,0,0,0,0,0,0,0
30987564,6613,0,2,0,0,0,0,0,0,0,0,0
30991208,6614,0,2,0,0,0,0,0,0,0,0,0
30994852,6615,0,2,0,0,0,0,0,0,0,0,0
30998496,6616,0,2,0,0,0,0,0,0,0,0,0
31002140,6617,0,2,0,0,0,0,0,0,0,0,0
31005784,6618,0,2,0,0,0,0,0,0,0,0,0
31009428,6619,0,2,0,0,0,0,0,0,0,0,0
31013072,6620,0,2,0,0,0,0,0,0,0,0,0
31016717,6621,0,2,0,0,0,0,0,0,0,0,0
31020360,6622,0,2,0,0,0,0,0,0,0,0,0
31024005,6623,0,2,0,0,0,0,0,0,0,0,0
31027648,6624,0,2,0,0,0,0,0,0,0,0,0
31031292,6625,0,2,0,0,0,0,0,0,0,0,0
31034936,6626,0,2,0,0,0,0,0,0,0,0,0
31038580,6627,0,2,0,0,0,0,0,0,0,0,0
31042224,6628,0,2,0,0,0,0,0,0,0,0,0
31045868,6629,0,2,0,0,0,0,0,0,0,0,0
31049512,6630,0,2,0,0,0,0,0,0,0,0,0
31053157,6631,0,2,0,0,0,0,0,0,0,0,0
31056800,6632,0,2,0,0,0,0,0,0,0,0,0
31060444,6633,0,2,0,0,0,0,0,0,0,0,0
31064088,6634,0,2,0,0,0,0,0,0,0,0,0
31067732,6635,0,2,0,0,0,0,0,0,0,0,0
31071376,6636,0,2,0,0,0,0,0,0,0,0,0
31075020,6637,0,2,0,0,0,0,0,0,0,0,0
31078664,6638,0,2,0,0,0,0,0,0,0,0,0
31082308,6639,0,2,0,0,0,0,0,0,0,0,0
31085952,6640,0,2,0,0,0,0,0,0,0,0,0
31089597,6641,0,2,0,0,0,0,0,0,0,0,0
31093240,6642,0,2,0,0,0,0,0,0,0,0,0
31096884,6643,0,2,0,0,0,0,0,0,0,0,0
31100528,6644,0,2,0,0,0,0,0,0,0,0,0
31104172,6645,0,2,0,0,0,0,0,0,0,0,0
31107816,6646,0,2,0,0,0,0,0,0,0,0,0
31111460,6647,0,2,0,0,0,0,0,0,0,0,0
31115104,6648,0,2,0,0,0,0,0,0,0,0,0
31118748,6649,0,2,0,0,0,0,0,0,0,0,0
31122392,6650,0,2,0,0,0,0,0,0,0,0,0
31126037,6651,0,2,0,0,0,0,0,0,0,0,0
31129680,6652,0,2,0,0,0,0,0,0,0,0,0
31133324,6653,0,2,0,0,0,0,0,0,0,0,0
31136968,6654,0,2,0,0,0,0,0,0,0,0,0
31140612,6655,0,2,0,0,0,0,0,0,0,0,0
31144256,6656,0,2,0,0,0,0,0,0,0,0,0
31147900,6657,0,2,0,0,0,0,0,0,0,0,0
31151544,6658,0,2,0,0,0,0,0,0,0,0,0
31155188,6659,0,2,0,0,0,0,0,0,0,0,0
31158832,6660,0,2,0,0,0,0,0,0,0,0,0
31162477,6661,0,2,0,0,0,0,0,0,0,0,0
31166120,6662,0,2,0,0,0,0,0,0,0,0,0
31169764,6663,0,2,0,0,0,0,0,0,0,0,0
31173408,6664,0,2,0,0,0,0,0,0,0,0,0
31177052,6665,0,2,0,0,0,0,0,0,0,0,0
31180696,6666,0,2,0,0,0,0,0,0,0,0,0
31184340,6667,0,2,0,0,0,0,0,0,0,0,0
31187984,6668,0,2,0,0,0,0,0,0,0,0,0
31191628,6669,0,2,0,0,0,0,0,0,0,0,0
31195272,6670,0,2,0,0,0,0,0,0,0,0,0
31198917,6671,0,2,0,0,0,0,0,0,0,0,0
31202560,6672,0,2,0,0,0,0,0,0,0,0,0
31206204,6673,0,2,0,0,0,0,0,0,0,0,0
31209848,6674,0,2,0,0,0,0,0,0,0,0,0
31213492,6675,0,2,0,0,0,0,0,0,0,0,0
31217136,6676,0,2,0,0,0,0,0,0,0,0,0
31220780,6677,0,2,0,0,0,0,0,0,0,0,0
31224424,6678,0,2,0,0,0,0,0,0,0,0,0
31228068,6679,0,2,0,0,0,0,0,0,0,0,0
31231712,6680,0,2,0,0,0,0,0,0,0,0,0
31235357,6681,0,2,0,0,0,0,0,0,0,0,0
31239000,6682,0,2,0,0,0,0,0,0,0,0,0
31242644,6683,0,2,0,0,0,0,0,0,0,0,0
31246288,6684,0,2,0,0,0,0,0,0,0,0,0
31249932,6685,0,2,0,0,0,0,0,0,0,0,0
31253576,6686,0,2,0,0,0,0,0,0,0,0,0
31257220,6687,0,2,0,0,0,0,0,0,0,0,0
31260864,6688,0,2,0,0,0,0,0,0,0,0,0
31264508,6689,0,2,0,0,0,0,0,0,0,0,0
31268152,6690,0,2,0,0,0,0,0,0,0,0,0
31271797,6691,0,2,0,0,0,0,0,0,0,0,0
31275440,6692,0,2,0,0,0,0,0,0,0,0,0
31279084,6693,0,2,0,0,0,0,0,0,0,0,0
31282728,6694,0,2,0,0,0,0,0,0,0,0,0
31286372,6695,0,2,0,0,0,0,0,0,0,0,0
31290016,6696,0,2,0,0,0,0,0,0,0,0,0
31293660,6697,0,2,0,0,0,0,0,0,0,0,0
31297304,6698,0,2,0,0,0,0,0,0,0,0,0
31300948,6699,0,2,0,0,0,0,0,0,0,0,0
31304592,6700,0,2,0,0,0,0,0,0,0,0,0
31308237,6701,0,2,0,0,0,0,0,0,0,0,0
31311880,6702,0,2,0,0,0,0,0,0,0,0,0
31315524,6703,0,2,0,0,0,0,0,0,0,0,0
31319168,6704,0,2,0,0,0,0,0,0,0,0,0
31322812,6705,0,2,0,0,0,0,0,0,0,0,0
31326456,6706,0,2,0,0,0,0,0,0,0,0,0
31330100,6707,0,2,0,0,0,0,0,0,0,0,0
31333744,6708,0,2,0,0,0,0,0,0,0,0,0
31337388,6709,0,2,0,0,0,0,0,0,0,0,0
31341033,6710,0,2,0,0,0,0,0,0,0,0,0
31344677,6711,0,2,0,0,0,0,0,0,0,0,0
31348320,6712,0,2,0,0,0,0,0,0,0,0,0
31351964,6713,0,2,0,0,0,0,0,0,0,0,0
31355608,6714,0,2,0,0,0,0,0,0,0,0,0
31359252,6715,0,2,0,0,0,0,0,0,0,0,0
31362896,6716,0,2,0,0,0,0,0,0,0,0,0
31366540,6717,0,2,0,0,0,0,0,0,0,0,0
31370184,6718,0,2,0,0,0,0,0,0,0,0,0
31373828,6719,0,2,0,0,0,0,0,0,0,0,0
31377472,6720,0,2,0,0,0,0,0,0,0,0,0
31381117,6721,0,2,0,0,0,0,0,0,0,0,0
31384760,6722,0,2,0,0,0,0,0,0,0,0,0
31388404,6723,0,2,0,0,0,0,0,0,0,0,0
31392048,6724,0,2,0,0,0,0,0,0,0,0,0
31395692,6725,0,2,0,0,0,0,0,0,0,0,0
31399336,6726,0,2,0,0,0,0,0,0,0,0,0
31402980,6727,0,2,0,0,0,0,0,0,0,0,0
31406624,6728,0,2,0,0,0,0,0,0,0,0,0
31410268,6729,0,2,0,0,0,0,0,0,0,0,0
31413912,6730,0,2,0,0,0,0,0,0,0,0,0
31417557,6731,0,2,0,0,0,0,0,0,0,0,0
31421200,6732,0,2,0,0,0,0,0,0,0,0,0
31424844,6733,0,2,0,0,0,0,0,0,0,0,0
31428488,6734,0,2,0,0,0,0,0,0,0,0,0
31432132,6735,0,2,0,0,0,0,0,0,0,0,0
31435776,6736,0,2,0,0,0,0,0,0,0,0,0
31439420,6737,0,2,0,0,0,0,0,0,0,0,0
31443064,6738,0,2,0,0,0,0,0,0,0,0,0
31446708,6739,0,2,0,0,0,0,0,0,0,0,0
31450352,6740,0,2,0,0,0,0,0,0,0,0,0
31453997,6741,0,2,0,0,0,0,0,0,0,0,0
31457640,6742,0,2,0,0,0,0,0,0,0,0,0
31461284,6743,0,2,0,0,0,0,0,0,0,0,0
31464928,6744,0,2,0,0,0,0,0,0,0,0,0
31468572,6745,0,2,0,0,0,0,0,0,0,0,0
31472216,6746,0,2,0,0,0,0,0,0,0,0,0
31475860,6747,0,2,0,0,0,0,0,0,0,0,0
31479504,6748,0,2,0,0,0,0,0,0,0,0,0
31483148,6749,0,2,0,0,0,0,0,0,0,0,0
31486792,6750,0,2,0,0,0,0,0,0,0,0,0
31490437,6751,0,2,0,0,0,0,0,0,0,0,0
31494080,6752,0,2,0,0,0,0,0,0,0,0,0
31497724,6753,0,2,0,0,0,0,0,0,0,0,0
31501368,6754,0,2,0,0,0,0,0,0,0,0,0
31505013,6755,0,2,0,0,0,0,0,0,0,0,0
31508656,6756,0,2,0,0,0,0,0,0,0,0,0
31512300,6757,0,2,0,0,0,0,0,0,0,0,0
31515944,6758,0,2,0,0,0,0,0,0,0,0,0
31519588,6759,0,2,0,0,0,0,0,0,0,0,0
31523232,6760,0,2,0,0,0,0,0,0,0,0,0
31526877,6761,0,2,0,0,0,0,0,0,0,0,0
31530520,6762,0,2,0,0,0,0,0,0,0,0,0
31534164,6763,0,2,0,0,0,0,0,0,0,0,0
31537808,6764,0,2,0,0,0,0,0,0,0,0,0
31541452,6765,0,2,0,0,0,0,0,0,0,0,0
31545097,6766,0,2,0,0,0,0,0,0,0,0,0
31548740,6767,0,2,0,0,0,0,0,0,0,0,0
31552384,6768,0,2,0,0,0,0,0,0,0,0,0
31556029,6769,0,2,0,0,0,0,0,0,0,0,0
31559672,6770,0,2,0,0,0,0,0,0,0,0,0
31563317,6771,0,2,0,0,0,0,0,0,0,0,0
31566960,6772,0,2,0,0,0,0,0,0,0,0,0
31570604,6773,0,2,0,0,0,0,0,0,0,0,0
31574248,6774,0,2,0,0,0,0,0,0,0,0,0
31577892,6775,0,2,0,0,0,0,0,0,0,0,0
31581536,6776,0,2,0,0,0,0,0,0,0,0,0
31585180,6777,0,2,0,0,0,0,0,0,0,0,0
31588824,6778,0,2,0,0,0,0,0,0,0,0,0
31592468,6779,0,2,0,0,0,0,0,0,0,0,0
31596112,6780,0,2,0,0,0,0,0,0,0,0,0
31599757,6781,0,2,0,0,0,0,0,0,0,0,0
31603400,6782,0,2,0,0,0,0,0,0,0,0,0
31607044,6783,0,2,0,0,0,0,0,0,0,0,0
31610688,6784,0,2,0,0,0,0,0,0,0,0,0
31614332,6785,0,2,0,0,0,0,0,0,0,0,0
31617976,6786,0,2,0,0,0,0,0,0,0,0,0
31621620,6787,0,2,0,0,0,0,0,0,0,0,0
31625264,6788,0,2,0,0,0,0,0,0,0,0,0
31628908,6789,0,2,0,0,0,0,0,0,0,0,0
31632552,6790,0,2,0,0,0,0,0,0,0,0,0
31636197,6791,0,2,0,0,0,0,0,0,0,0,0
31639840,6792,0,2,0,0,0,0,0,0,0,0,0
31643484,6793,0,2,0,0,0,0,0,0,0,0,0
31647128,6794,0,2,0,0,0,0,0,0,0,0,0
31650772,6795,0,2,0,0,0,0,0,0,0,0,0
31654416,6796,0,2,0,0,0,0,0,0,0,0,0
31658060,6797,0,2,0,0,0,0,0,0,0,0,0
31661704,6798,0,2,0,0,0,0,0,0,0,0,0
31665348,6799,0,2,0,0,0,0,0,0,0,0,0
31668992,6800,0,2,0,0,0,0,0,0,0,0,0
31672637,6801,0,2,0,0,0,0,0,0,0,0,0
31676280,6802,0,2,0,0,0,0,0,0,0,0,0
31679924,6803,0,2,0,0,0,0,0,0,0,0,0
31683568,6804,0,2,0,0,0,0,0,0,0,0,0
31687212,6805,0,2,0,0,0,0,0,0,0,0,0
31690856,6806,0,2,0,0,0,0,0,0,0,0,0
31694500,6807,0,2,0,0,0,0,0,0,0,0,0
31698144,6808,0,2,0,0,0,0,0,0,0,0,0
31701788,6809,0,2,0,0,0,0,0,0,0,0,0
31705432,6810,0,2,0,0,0,0,0,0,0,0,0
31715819,6811,0,2,0,0,0,0,0,0,0,0,0
31719451,6812,0,2,0,0,0,0,0,0,0,0,0
31723095,6813,0,2,0,0,0,0,0,0,0,0,0
31726739,6814,0,2,0,0,0,0,0,0,0,0,0
31730383,6815,0,2,0,0,0,0,0,0,0,0,0
31734027,6816,0,2,0,0,0,0,0,0,0,0,0
31737671,6817,0,2,0,0,0,0,0,0,0,0,0
31741315,6818,0,2,0,0,0,0,0,0,0,0,0
31744959,6819,0,2,0,0,0,0,0,0,0,0,0
31748603,6820,0,2,0,0,0,0,0,0,0,0,0
31752248,6821,0,2,0,0,0,0,0,0,0,0,0
31755891,6822,0,2,0,0,0,0,0,0,0,0,0
31759535,6823,0,2,0,0,0,0,0,0,0,0,0
31763179,6824,0,2,0,0,0,0,0,0,0,0,0
31766823,6825,0,2,0,0,0,0,0,0,0,0,0
31770467,6826,0,2,0,0,0,0,0,0,0,0,0
31774111,6827,0,2,0,0,0,0,0,0,0,0,0
31777755,6828,0,2,0,0,0,0,0,0,0,0,0
31781399,6829,0,2,0,0,0,0,0,0,0,0,0
31785043,6830,0,2,0,0,0,0,0,0,0,0,0
31788688,6831,0,2,0,0,0,0,0,0,0,0,0
31792331,6832,0,2,0,0,0,0,0,0,0,0,0
31795975,6833,0,2,0,0,0,0,0,0,0,0,0
31799619,6834,0,2,0,0,0,0,0,0,0,0,0
31803263,6835,0,2,0,0,0,0,0,0,0,0,0
31806907,6836,0,2,0,0,0,0,0,0,0,0,0
31810551,6837,0,2,0,0,0,0,0,0,0,0,0
31814195,6838,0,2,0,0,0,0,0,0,0,0,0
31817839,6839,0,2,0,0,0,0,0,0,0,0,0
31821483,6840,0,2,0,0,0,0,0,0,0,0,0
31825128,6841,0,2,0,0,0,0,0,0,0,0,0
31828771,6842,0,2,0,0,0,0,0,0,0,0,0
31832415,6843,0,2,0,0,0,0,0,0,0,0,0
31836059,6844,0,2,0,0,0,0,0,0,0,0,0
31839703,6845,0,2,0,0,0,0,0,0,0,0,0
31843347,6846,0,2,0,0,0,0,0,0,0,0,0
31846991,6847,0,2,0,0,0,0,0,0,0,0,0
31850635,6848,0,2,0,0,0,0,0,0,0,0,0
31854279,6849,0,2,0,0,0,0,0,0,0,0,0
31857923,6850,0,2,0,0,0,0,0,0,0,0,0
31861568,6851,0,2,0,0,0,0,0,0,0,0,0
31865211,6852,0,2,0,0,0,0,0,0,0,0,0
31868855,6853,0,2,0,0,0,0,0,0,0,0,0
31872499,6854,0,2,0,0,0,0,0,0,0,0,0
31876143,6855,0,2,0,0,0,0,0,0,0,0,0
31879787,6856,0,2,0,0,0,0,0,0,0,0,0
31883431,6857,0,2,0,0,0,0,0,0,0,0,0
31887076,6858,0,2,0,0,0,0,0,0,0,0,0
31890719,6859,0,2,0,0,0,0,0,0,0,0,0
31894363,6860,0,2,0,0,0,0,0,0,0,0,0
31898008,6861,0,2,0,0,0,0,0,0,0,0,0
31901651,6862,0,2,0,0,0,0,0,0,0,0,0
31905295,6863,0,2,0,0,0,0,0,0,0,0,0
31908939,6864,0,2,0,0,0,0,0,0,0,0,0
31912583,6865,0,2,0,0,0,0,0,0,0,0,0
31916227,6866,0,2,0,0,0,0,0,0,0,0,0
31919871,6867,0,2,0,0,0,0,0,0,0,0,0
31923515,6868,0,2,0,0,0,0,0,0,0,0,0
31927159,6869,0,2,0,0,0,0,0,0,0,0,0
31930803,6870,0,2,0,0,0,0,0,0,0,0,0
31934448,6871,0,2,0,0,0,0,0,0,0,0,0
31938091,6872,0,2,0,0,0,0,0,0,0,0,0
31941735,6873,0,2,0,0,0,0,0,0,0,0,0
31945379,6874,0,2,0,0,0,0,0,0,0,0,0
31949024,6875,0,2,0,0,0,0,0,0,0,0,0
31952667,6876,0,2,0,0,0,0,0,0,0,0,0
31956311,6877,0,2,0,0,0,0,0,0,0,0,0
31959955,6878,0,2,0,0,0,0,0,0,0,0,0
31963599,6879,0,2,0,0,0,0,0,0,0,0,0
31967243,6880,0,2,0,0,0,0,0,0,0,0,0
31970888,6881,0,2,0,0,0,0,0,0,0,0,0
31974531,6882,0,2,0,0,0,0,0,0,0,0,0
31978175,6883,0,2,0,0,0,0,0,0,0,0,0
31981819,6884,0,2,0,0,0,0,0,0,0,0,0
31985463,6885,0,2,0,0,0,0,0,0,0,0,0
31989107,6886,0,2,0,0,0,0,0,0,0,0,0
31992751,6887,0,2,0,0,0,0,0,0,0,0,0
31996395,6888,0,2,0,0,0,0,0,0,0,0,0
32000039,6889,0,2,0,0,0,0,0,0,0,0,0
32003683,6890,0,2,0,0,0,0,0,0,0,0,0
32007328,6891,0,2,0,0,0,0,0,0,0,0,0
32010971,6892,0,2,0,0,0,0,0,0,0,0,0
32014615,6893,0,2,0,0,0,0,0,0,0,0,0
32018259,6894,0,2,0,0,0,0,0,0,0,0,0
32021903,6895,0,2,0,0,0,0,0,0,0,0,0
32025547,6896,0,2,0,0,0,0,0,0,0,0,0
32029191,6897,0,2,0,0,0,0,0,0,0,0,0
32032835,6898,0,2,0,0,0,0,0,0,0,0,0
32036479,6899,0,2,0,0,0,0,0,0,0,0,0
32040123,6900,0,2,0,0,0,0,0,0,0,0,0
32043768,6901,0,2,0,0,0,0,0,0,0,0,0
32047411,6902,0,2,0,0,0,0,0,0,0,0,0
32051055,6903,0,2,0,0,0,0,0,0,0,0,0
32054699,6904,0,2,0,0,0,0,0,0,0,0,0
32058343,6905,0,2,0,0,0,0,0,0,0,0,0
32061987,6906,0,2,0,0,0,0,0,0,0,0,0
32065631,6907,0,2,0,0,0,0,0,0,0,0,0
32069275,6908,0,2,0,0,0,0,0,0,0,0,0
32072919,6909,0,2,0,0,0,0,0,0,0,0,0
32076563,6910,0,2,0,0,0,0,0,0,0,0,0
32080208,6911,0,2,0,0,0,0,0,0,0,0,0
32083851,6912,0,2,0,0,0,0,0,0,0,0,0
32087495,6913,0,2,0,0,0,0,0,0,0,0,0
32091139,6914,0,2,0,0,0,0,0,0,0,0,0
32094783,6915,0,2,0,0,0,0,0,0,0,0,0
32098427,6916,0,2,0,0,0,0,0,0,0,0,0
32102071,6917,0,2,0,0,0,0,0,0,0,0,0
32105715,6918,0,2,0,0,0,0,0,0,0,0,0
32109359,6919,0,2,0,0,0,0,0,0,0,0,0
32113003,6920,0,2,0,0,0,0,0,0,0,0,0
32116648,6921,0,2,0,0,0,0,0,0,0,0,0
32120291,6922,0,2,0,0,0,0,0,0,0,0,0
32123935,6923,0,2,0,0,0,0,0,0,0,0,0
32127579,6924,0,2,0,0,0,0,0,0,0,0,0
32131223,6925,0,2,0,0,0,0,0,0,0,0,0
32134867,6926,0,2,0,0,0,0,0,0,0,0,0
32138511,6927,0,2,0,0,0,0,0,0,0,0,0
32142155,6928,0,2,0,0,0,0,0,0,0,0,0
32145799,6929,0,2,0,0,0,0,0,0,0,0,0
32149443,6930,0,2,0,0,0,0,0,0,0,0,0
32153088,6931,0,2,0,0,0,0,0,0,0,0,0
32156731,6932,0,2,0,0,0,0,0,0,0,0,0
32160375,6933,0,2,0,0,0,0,0,0,0,0,0
32164019,6934,0,2,0,0,0,0,0,0,0,0,0
32167663,6935,0,2,0,0,0,0,0,0,0,0,0
32171307,6936,0,2,0,0,0,0,0,0,0,0,0
32174951,6937,0,2,0,0,0,0,0,0,0,0,0
32178595,6938,0,2,0,0,0,0,0,0,0,0,0
32182239,6939,0,2,0,0,0,0,0,0,0,0,0
32185883,6940,0,2,0,0,0,0,0,0,0,0,0
32189528,6941,0,2,0,0,0,0,0,0,0,0,0
32193171,6942,0,2,0,0,0,0,0,0,0,0,0
32196815,6943,0,2,0,0,0,0,0,0,0,0,0
32200459,6944,0,2,0,0,0,0,0,0,0,0,0
32204103,6945,0,2,0,0,0,0,0,0,0,0,0
32207747,6946,0,2,0,0,0,0,0,0,0,0,0
32211391,6947,0,2,0,0,0,0,0,0,0,0,0
32215035,6948,0,2,0,0,0,0,0,0,0,0,0
32218679,6949,0,2,0,0,0,0,0,0,0,0,0
32222323,6950,0,2,0,0,0,0,0,0,0,0,0
32225968,6951,0,2,0,0,0,0,0,0,0,0,0
32229611,6952,0,2,0,0,0,0,0,0,0,0,0
32233255,6953,0,2,0,0,0,0,0,0,0,0,0
32236899,6954,0,2,0,0,0,0,0,0,0,0,0
32240543,6955,0,2,0,0,0,0,0,0,0,0,0
32244187,6956,0,2,0,0,0,0,0,0,0,0,0
32247831,6957,0,2,0,0,0,0,0,0,0,0,0
32251475,6958,0,2,0,0,0,0,0,0,0,0,0
32255119,6959,0,2,0,0,0,0,0,0,0,0,0
32258763,6960,0,2,0,0,0,0,0,0,0,0,0
32262408,6961,0,2,0,0,0,0,0,0,0,0,0
32266052,6962,0,2,0,0,0,0,0,0,0,0,0
32269695,6963,0,2,0,0,0,0,0,0,0,0,0
32273339,6964,0,2,0,0,0,0,0,0,0,0,0
32276983,6965,0,2,0,0,0,0,0,0,0,0,0
32280627,6966,0,2,0,0,0,0,0,0,0,0,0
32284271,6967,0,2,0,0,0,0,0,0,0,0,0
32287915,6968,0,2,0,0,0,0,0,0,0,0,0
32291559,6969,0,2,0,0,0,0,0,0,0,0,0
32295203,6970,0,2,0,0,0,0,0,0,0,0,0
32298848,6971,0,2,0,0,0,0,0,0,0,0,0
32302491,6972,0,2,0,0,0,0,0,0,0,0,0
32306135,6973,0,2,0,0,0,0,0,0,0,0,0
32309779,6974,0,2,0,0,0,0,0,0,0,0,0
32313423,6975,0,2,0,0,0,0,0,0,0,0,0
32317067,6976,0,2,0,0,0,0,0,0,0,0,0
32320711,6977,0,2,0,0,0,0,0,0,0,0,0
32324355,6978,0,2,0,0,0,0,0,0,0,0,0
32327999,6979,0,2,0,0,0,0,0,0,0,0,0
32331643,6980,0,2,0,0,0,0,0,0,0,0,0
32335288,6981,0,2,0,0,0,0,0,0,0,0,0
32338931,6982,0,2,0,0,0,0,0,0,0,0,0
32342575,6983,0,2,0,0,0,0,0,0,0,0,0
32346219,6984,0,2,0,0,0,0,0,0,0,0,0
32349863,6985,0,2,0,0,0,0,0,0,0,0,0
32353507,6986,0,2,0,0,0,0,0,0,0,0,0
32357151,6987,0,2,0,0,0,0,0,0,0,0,0
32360795,6988,0,2,0,0,0,0,0,0,0,0,0
32364439,6989,0,2,0,0,0,0,0,0,0,0,0
32368083,6990,0,2,0,0,0,0,0,0,0,0,0
32371728,6991,0,2,0,0,0,0,0,0,0,0,0
32375371,6992,0,2,0,0,0,0,0,0,0,0,0
32379015,6993,0,2,0,0,0,0,0,0,0,0,0
32382659,6994,0,2,0,0,0,0,0,0,0,0,0
32386303,6995,0,2,0,0,0,0,0,0,0,0,0
32389947,6996,0,2,0,0,0,0,0,0,0,0,0
32393591,6997,0,2,0,0,0,0,0,0,0,0,0
32397235,6998,0,2,0,0,0,0,0,0,0,0,0
32400879,6999,0,2,0,0,0,0,0,0,0,0,0
32404523,7000,0,2,0,0,0,0,0,0,0,0,0
32408168,7001,0,2,0,0,0,0,0,0,0,0,0
32411811,7002,0,2,0,0,0,0,0,0,0,0,0
32415455,7003,0,2,0,0,0,0,0,0,0,0,0
32419099,7004,0,2,0,0,0,0,0,0,0,0,0
32422743,7005,0,2,0,0,0,0,0,0,0,0,0
32426387,7006,0,2,0,0,0,0,0,0,0,0,0
32430031,7007,0,2,0,0,0,0,0,0,0,0,0
32433675,7008,0,2,0,0,0,0,0,0,0,0,0
32437319,7009,0,2,0,0,0,0,0,0,0,0,0
32440963,7010,0,2,0,0,0,0,0,0,0,0,0
32444608,7011,0,2,0,0,0,0,0,0,0,0,0
32448251,7012,0,2,0,0,0,0,0,0,0,0,0
32451895,7013,0,2,0,0,0,0,0,0,0,0,0
32455539,7014,0,2,0,0,0,0,0,0,0,0,0
32459183,7015,0,2,0,0,0,0,0,0,0,0,0
32462827,7016,0,2,0,0,0,0,0,0,0,0,0
32466471,7017,0,2,0,0,0,0,0,0,0,0,0
32470115,7018,0,2,0,0,0,0,0,0,0,0,0
32473759,7019,0,2,0,0,0,0,0,0,0,0,0
32477403,7020,0,2,0,0,0,0,0,0,0,0,0
32481048,7021,0,2,0,0,0,0,0,0,0,0,0
32484691,7022,0,2,0,0,0,0,0,0,0,0,0
32488335,7023,0,2,0,0,0,0,0,0,0,0,0
32491979,7024,0,2,0,0,0,0,0,0,0,0,0
32495623,7025,0,2,0,0,0,0,0,0,0,0,0
32499267,7026,0,2,0,0,0,0,0,0,0,0,0
32502911,7027,0,2,0,0,0,0,0,0,0,0,0
32506555,7028,0,2,0,0,0,0,0,0,0,0,0
32510199,7029,0,2,0,0,0,0,0,0,0,0,0
32513843,7030,0,2,0,0,0,0,0,0,0,0,0
32517488,7031,0,2,0,0,0,0,0,0,0,0,0
32521131,7032,0,2,0,0,0,0,0,0,0,0,0
32524775,7033,0,2,0,0,0,0,0,0,0,0,0
32528419,7034,0,2,0,0,0,0,0,0,0,0,0
32532063,7035,0,2,0,0,0,0,0,0,0,0,0
32535707,7036,0,2,0,0,0,0,0,0,0,0,0
32539351,7037,0,2,0,0,0,0,0,0,0,0,0
32547494,7038,0,2,0,0,0,0,0,0,0,0,0
32551125,7039,0,2,0,0,0,0,0,0,0,0,0
32554769,7040,0,2,0,0,0,0,0,0,0,0,0
32558414,7041,0,2,0,0,0,0,0,0,0,0,0
32562057,7042,0,2,0,0,0,0,0,0,0,0,0
32565701,7043,0,2,0,0,0,0,0,0,0,0,0
32569345,7044,0,2,0,0,0,0,0,0,0,0,0
32572989,7045,0,2,0,0,0,0,0,0,0,0,0
32576633,7046,0,2,0,0,0,0,0,0,0,0,0
32580277,7047,0,2,0,0,0,0,0,0,0,0,0
32583921,7048,0,2,0,0,0,0,0,0,0,0,0
32587565,7049,0,2,0,0,0,0,0,0,0,0,0
32591209,7050,0,2,0,0,0,0,0,0,0,0,0
32594854,7051,0,2,0,0,0,0,0,0,0,0,0
32598497,7052,0,2,0,0,0,0,0,0,0,0,0
32602141,7053,0,2,0,0,0,0,0,0,0,0,0
32605785,7054,0,2,0,0,0,0,0,0,0,0,0
32609429,7055,0,2,0,0,0,0,0,0,0,0,0
32613073,7056,0,2,0,0,0,0,0,0,0,0,0
32616717,7057,0,2,0,0,0,0,0,0,0,0,0
32620361,7058,0,2,0,0,0,0,0,0,0,0,0
32624005,7059,0,2,0,0,0,0,0,0,0,0,0
32627649,7060,0,2,0,0,0,0,0,0,0,0,0
32631294,7061,0,2,0,0,0,0,0,0,0,0,0
32634937,7062,0,2,0,0,0,0,0,0,0,0,0
32638581,7063,0,2,0,0,0,0,0,0,0,0,0
32642225,7064,0,2,0,0,0,0,0,0,0,0,0
32645869,7065,0,2,0,0,0,0,0,0,0,0,0
32649513,7066,0,2,0,0,0,0,0,0,0,0,0
32653157,7067,0,2,0,0,0,0,0,0,0,0,0
32656801,7068,0,2,0,0,0,0,0,0,0,0,0
32660445,7069,0,2,0,0,0,0,0,0,0,0,0
32664089,7070,0,2,0,0,0,0,0,0,0,0,0
32667734,7071,0,2,0,0,0,0,0,0,0,0,0
32671377,7072,0,2,0,0,0,0,0,0,0,0,0
32675021,7073,0,2,0,0,0,0,0,0,0,0,0
32678665,7074,0,2,0,0,0,0,0,0,0,0,0
32682309,7075,0,2,0,0,0,0,0,0,0,0,0
32685953,7076,0,2,0,0,0,0,0,0,0,0,0
32689597,7077,0,2,0,0,0,0,0,0,0,0,0
32693241,7078,0,2,0,0,0,0,0,0,0,0,0
32696885,7079,0,2,0,0,0,0,0,0,0,0,0
32700529,7080,0,2,0,0,0,0,0,0,0,0,0
32704174,7081,0,2,0,0,0,0,0,0,0,0,0
32707817,7082,0,2,0,0,0,0,0,0,0,0,0
32711461,7083,0,2,0,0,0,0,0,0,0,0,0
32715105,7084,0,2,0,0,0,0,0,0,0,0,0
32718749,7085,0,2,0,0,0,0,0,0,0,0,0
32722393,7086,0,2,0,0,0,0,0,0,0,0,0
32726037,7087,0,2,0,0,0,0,0,0,0,0,0
32729681,7088,0,2,0,0,0,0,0,0,0,0,0
32733325,7089,0,2,0,0,0,0,0,0,0,0,0
32736969,7090,0,2,0,0,0,0,0,0,0,0,0
32740614,7091,0,2,0,0,0,0,0,0,0,0,0
32744257,7092,0,2,0,0,0,0,0,0,0,0,0
32747901,7093,0,2,0,0,0,0,0,0,0,0,0
32751545,7094,0,2,0,0,0,0,0,0,0,0,0
32755189,7095,0,2,0,0,0,0,0,0,0,0,0
32758833,7096,0,2,0,0,0,0,0,0,0,0,0
32762477,7097,0,2,0,0,0,0,0,0,0,0,0
32766121,7098,0,2,0,0,0,0,0,0,0,0,0
32769765,7099,0,2,0,0,0,0,0,0,0,0,0
32773409,7100,0,2,0,0,0,0,0,0,0,0,0
32777054,7101,0,2,0,0,0,0,0,0,0,0,0
32780697,7102,0,2,0,0,0,0,0,0,0,0,0
32784341,7103,0,2,0,0,0,0,0,0,0,0,0
32787985,7104,0,2,0,0,0,0,0,0,0,0,0
32791629,7105,0,2,0,0,0,0,0,0,0,0,0
32795273,7106,0,2,0,0,0,0,0,0,0,0,0
32798917,7107,0,2,0,0,0,0,0,0,0,0,0
32802561,7108,0,2,0,0,0,0,0,0,0,0,0
32806205,7109,0,2,0,0,0,0,0,0,0,0,0
32809849,7110,0,2,0,0,0,0,0,0,0,0,0
32813494,7111,0,2,0,0,0,0,0,0,0,0,0
32817137,7112,0,2,0,0,0,0,0,0,0,0,0
32820781,7113,0,2,0,0,0,0,0,0,0,0,0
32824425,7114,0,2,0,0,0,0,0,0,0,0,0
32828069,7115,0,2,0,0,0,0,0,0,0,0,0
32831713,7116,0,2,0,0,0,0,0,0,0,0,0
32835357,7117,0,2,0,0,0,0,0,0,0,0,0
32839001,7118,0,2,0,0,0,0,0,0,0,0,0
32842645,7119,0,2,0,0,0,0,0,0,0,0,0
32846289,7120,0,2,0,0,0,0,0,0,0,0,0
32849934,7121,0,2,0,0,0,0,0,0,0,0,0
32853577,7122,0,2,0,0,0,0,0,0,0,0,0
32857221,7123,0,2,0,0,0,0,0,0,0,0,0
32860865,7124,0,2,0,0,0,0,0,0,0,0,0
32864509,7125,0,2,0,0,0,0,0,0,0,0,0
32868153,7126,0,2,0,0,0,0,0,0,0,0,0
32871797,7127,0,2,0,0,0,0,0,0,0,0,0
32875441,7128,0,2,0,0,0,0,0,0,0,0,0
32879085,7129,0,2,0,0,0,0,0,0,0,0,0
32882729,7130,0,2,0,0,0,0,0,0,0,0,0
32886374,7131,0,2,0,0,0,0,0,0,0,0,0
32890017,7132,0,2,0,0,0,0,0,0,0,0,0
32893661,7133,0,2,0,0,0,0,0,0,0,0,0
32897305,7134,0,2,0,0,0,0,0,0,0,0,0
32900949,7135,0,2,0,0,0,0,0,0,0,0,0
32904593,7136,0,2,0,0,0,0,0,0,0,0,0
32908237,7137,0,2,0,0,0,0,0,0,0,0,0
32911881,7138,0,2,0,0,0,0,0,0,0,0,0
32915525,7139,0,2,0,0,0,0,0,0,0,0,0
32919169,7140,0,2,0,0,0,0,0,0,0,0,0
32922814,7141,0,2,0,0,0,0,0,0,0,0,0
32926457,7142,0,2,0,0,0,0,0,0,0,0,0
32930101,7143,0,2,0,0,0,0,0,0,0,0,0
32933745,7144,0,2,0,0,0,0,0,0,0,0,0
32937389,7145,0,2,0,0,0,0,0,0,0,0,0
32941033,7146,0,2,0,0,0,0,0,0,0,0,0
32944677,7147,0,2,0,0,0,0,0,0,0,0,0
32948321,7148,0,2,0,0,0,0,0,0,0,0,0
32951965,7149,0,2,0,0,0,0,0,0,0,0,0
32955609,7150,0,2,0,0,0,0,0,0,0,0,0
32959254,7151,0,2,0,0,0,0,0,0,0,0,0
32962897,7152,0,2,0,0,0,0,0,0,0,0,0
32966541,7153,0,2,0,0,0,0,0,0,0,0,0
32970185,7154,0,2,0,0,0,0,0,0,0,0,0
32973829,7155,0,2,0,0,0,0,0,0,0,0,0
32977473,7156,0,2,0,0,0,0,0,0,0,0,0
32981118,7157,0,2,0,0,0,0,0,0,0,0,0
32984761,7158,0,2,0,0,0,0,0,0,0,0,0
32988405,7159,0,2,0,0,0,0,0,0,0,0,0
32992049,7160,0,2,0,0,0,0,0,0,0,0,0
32995694,7161,0,2,0,0,0,0,0,0,0,0,0
32999337,7162,0,2,0,0,0,0,0,0,0,0,0
33002981,7163,0,2,0,0,0,0,0,0,0,0,0
33006625,7164,0,2,0,0,0,0,0,0,0,0,0
33010269,7165,0,2,0,0,0,0,0,0,0,0,0
33013913,7166,0,2,0,0,0,0,0,0,0,0,0
33017557,7167,0,2,0,0,0,0,0,0,0,0,0
33021201,7168,0,2,0,0,0,0,0,0,0,0,0
33024845,7169,0,2,0,0,0,0,0,0,0,0,0
33028489,7170,0,2,0,0,0,0,0,0,0,0,0
33032134,7171,0,2,0,0,0,0,0,0,0,0,0
33035777,7172,0,2,0,0,0,0,0,0,0,0,0
33039421,7173,0,2,0,0,0,0,0,0,0,0,0
33043065,7174,0,2,0,0,0,0,0,0,0,0,0
33046709,7175,0,2,0,0,0,0,0,0,0,0,0
33050353,7176,0,2,0,0,0,0,0,0,0,0,0
33053997,7177,0,2,0,0,0,0,0,0,0,0,0
33057641,7178,0,2,0,0,0,0,0,0,0,0,0
33061285,7179,0,2,0,0,0,0,0,0,0,0,0
33064929,7180,0,2,0,0,0,0,0,0,0,0,0
33068574,7181,0,2,0,0,0,0,0,0,0,0,0
33072217,7182,0,2,0,0,0,0,0,0,0,0,0
33075861,7183,0,2,0,0,0,0,0,0,0,0,0
33079505,7184,0,2,0,0,0,0,0,0,0,0,0
33083149,7185,0,2,0,0,0,0,0,0,0,0,0
33086793,7186,0,2,0,0,0,0,0,0,0,0,0
33090437,7187,0,2,0,0,0,0,0,0,0,0,0
33094081,7188,0,2,0,0,0,0,0,0,0,0,0
33097725,7189,0,2,0,0,0,0,0,0,0,0,0
33101369,7190,0,2,0,0,0,0,0,0,0,0,0
33105014,7191,0,2,0,0,0,0,0,0,0,0,0
33108657,7192,0,2,0,0,0,0,0,0,0,0,0
33112301,7193,0,2,0,0,0,0,0,0,0,0,0
33115945,7194,0,2,0,0,0,0,0,0,0,0,0
33119589,7195,0,2,0,0,0,0,0,0,0,0,0
33123233,7196,0,2,0,0,0,0,0,0,0,0,0
33126877,7197,0,2,0,0,0,0,0,0,0,0,0
33130521,7198,0,2,0,0,0,0,0,0,0,0,0
33134165,7199,0,2,0,0,0,0,0,0,0,0,0
33137809,7200,0,2,0,0,0,0,0,0,0,0,0
33141454,7201,0,2,0,0,0,0,0,0,0,0,0
33145097,7202,0,2,0,0,0,0,0,0,0,0,0
33148741,7203,0,2,0,0,0,0,0,0,0,0,0
33152385,7204,0,2,0,0,0,0,0,0,0,0,0
33156029,7205,0,2,0,0,0,0,0,0,0,0,0
33159673,7206,0,2,0,0,0,0,0,0,0,0,0
33163317,7207,0,2,0,0,0,0,0,0,0,0,0
33166961,7208,0,2,0,0,0,0,0,0,0,0,0
33170605,7209,0,2,0,0,0,0,0,0,0,0,0
33174249,7210,0,2,0,0,0,0,0,0,0,0,0
33177894,7211,0,2,0,0,0,0,0,0,0,0,0
33181537,7212,0,2,0,0,0,0,0,0,0,0,0
33185181,7213,0,2,0,0,0,0,0,0,0,0,0
33188825,7214,0,2,0,0,0,0,0,0,0,0,0
33192469,7215,0,2,0,0,0,0,0,0,0,0,0
33196113,7216,0,2,0,0,0,0,0,0,0,0,0
33199757,7217,0,2,0,0,0,0,0,0,0,0,0
33203401,7218,0,2,0,0,0,0,0,0,0,0,0
33207045,7219,0,2,0,0,0,0,0,0,0,0,0
33210689,7220,0,2,0,0,0,0,0,0,0,0,0
33214334,7221,0,2,0,0,0,0,0,0,0,0,0
33217977,7222,0,2,0,0,0,0,0,0,0,0,0
33221621,7223,0,2,0,0,0,0,0,0,0,0,0
33225265,7224,0,2,0,0,0,0,0,0,0,0,0
33228909,7225,0,2,0,0,0,0,0,0,0,0,0
33232553,7226,0,2,0,0,0,0,0,0,0,0,0
33236197,7227,0,2,0,0,0,0,0,0,0,0,0
33239841,7228,0,2,0,0,0,0,0,0,0,0,0
33243485,7229,0,2,0,0,0,0,0,0,0,0,0
33247129,7230,0,2,0,0,0,0,0,0,0,0,0
33250774,7231,0,2,0,0,0,0,0,0,0,0,0
33254417,7232,0,2,0,0,0,0,0,0,0,0,0
33258061,7233,0,2,0,0,0,0,0,0,0,0,0
33261705,7234,0,2,0,0,0,0,0,0,0,0,0
33265349,7235,0,2,0,0,0,0,0,0,0,0,0
33268993,7236,0,2,0,0,0,0,0,0,0,0,0
33272637,7237,0,2,0,0,0,0,0,0,0,0,0
33276281,7238,0,2,0,0,0,0,0,0,0,0,0
33279925,7239,0,2,0,0,0,0,0,0,0,0,0
33283569,7240,0,2,0,0,0,0,0,0,0,0,0
33287214,7241,0,2,0,0,0,0,0,0,0,0,0
33290857,7242,0,2,0,0,0,0,0,0,0,0,0
33294501,7243,0,2,0,0,0,0,0,0,0,0,0
33298145,7244,0,2,0,0,0,0,0,0,0,0,0
33301789,7245,0,2,0,0,0,0,0,0,0,0,0
33305433,7246,0,2,0,0,0,0,0,0,0,0,0
33309077,7247,0,2,0,0,0,0,0,0,0,0,0
33312721,7248,0,2,0,0,0,0,0,0,0,0,0
33316365,7249,0,2,0,0,0,0,0,0,0,0,0
33320009,7250,0,2,0,0,0,0,0,0,0,0,0
33323654,7251,0,2,0,0,0,0,0,0,0,0,0
33327297,7252,0,2,0,0,0,0,0,0,0,0,0
33330941,7253,0,2,0,0,0,0,0,0,0,0,0
33334585,7254,0,2,0,0,0,0,0,0,0,0,0
33338229,7255,0,2,0,0,0,0,0,0,0,0,0
33341873,7256,0,2,0,0,0,0,0,0,0,0,0
33345517,7257,0,2,0,0,0,0,0,0,0,0,0
33349161,7258,0,2,0,0,0,0,0,0,0,0,0
33352805,7259,0,2,0,0,0,0,0,0,0,0,0
33356449,7260,0,2,0,0,0,0,0,0,0,0,0
33360094,7261,0,2,0,0,0,0,0,0,0,0,0
33363737,7262,0,2,0,0,0,0,0,0,0,0,0
33367381,7263,0,2,0,0,0,0,0,0,0,0,0
33371025,7264,0,2,0,0,0,0,0,0,0,0,0
33414881,7265,0,2,0,0,0,0,0,0,0,0,0
33418513,7266,0,2,0,0,0,0,0,0,0,0,0
33422157,7267,0,2,0,0,0,0,0,0,0,0,0
33425801,7268,0,2,0,0,0,0,0,0,0,0,0
33429445,7269,0,2,0,0,0,0,0,0,0,0,0
33433089,7270,0,2,0,0,0,0,0,0,0,0,0
33436734,7271,0,2,0,0,0,0,0,0,0,0,0
33440377,7272,0,2,0,0,0,0,0,0,0,0,0
33444021,7273,0,2,0,0,0,0,0,0,0,0,0
33447665,7274,0,2,0,0,0,0,0,0,0,0,0
33451309,7275,0,2,0,0,0,0,0,0,0,0,0
33454953,7276,0,2,0,0,0,0,0,0,0,0,0
33458597,7277,0,2,0,0,0,0,0,0,0,0,0
33462241,7278,0,2,0,0,0,0,0,0,0,0,0
33465885,7279,0,2,0,0,0,0,0,0,0,0,0
33469529,7280,0,2,0,0,0,0,0,0,0,0,0
33473174,7281,0,2,0,0,0,0,0,0,0,0,0
33476817,7282,0,2,0,0,0,0,0,0,0,0,0
33480461,7283,0,2,0,0,0,0,0,0,0,0,0
33484105,7284,0,2,0,0,0,0,0,0,0,0,0
33487749,7285,0,2,0,0,0,0,0,0,0,0,0
33491393,7286,0,2,0,0,0,0,0,0,0,0,0
33495037,7287,0,2,0,0,0,0,0,0,0,0,0
33498681,7288,0,2,0,0,0,0,0,0,0,0,0
33502325,7289,0,2,0,0,0,0,0,0,0,0,0
33505969,7290,0,2,0,0,0,0,0,0,0,0,0
33509614,7291,0,2,0,0,0,0,0,0,0,0,0
33513257,7292,0,2,0,0,0,0,0,0,0,0,0
33516901,7293,0,2,0,0,0,0,0,0,0,0,0
33520545,7294,0,2,0,0,0,0,0,0,0,0,0
33524189,7295,0,2,0,0,0,0,0,0,0,0,0
33527833,7296,0,2,0,0,0,0,0,0,0,0,0
33531477,7297,0,2,0,0,0,0,0,0,0,0,0
33535121,7298,0,2,0,0,0,0,0,0,0,0,0
33538765,7299,0,2,0,0,0,0,0,0,0,0,0
33542409,7300,0,2,0,0,0,0,0,0,0,0,0
33546054,7301,0,2,0,0,0,0,0,0,0,0,0
33549697,7302,0,2,0,0,0,0,0,0,0,0,0
33553341,7303,0,2,0,0,0,0,0,0,0,0,0
33556985,7304,0,2,0,0,0,0,0,0,0,0,0
33560629,7305,0,2,0,0,0,0,0,0,0,0,0
33564273,7306,0,2,0,0,0,0,0,0,0,0,0
33567917,7307,0,2,0,0,0,0,0,0,0,0,0
33571561,7308,0,2,0,0,0,0,0,0,0,0,0
33575205,7309,0,2,0,0,0,0,0,0,0,0,0
33578849,7310,0,2,0,0,0,0,0,0,0,0,0
33582494,7311,0,2,0,0,0,0,0,0,0,0,0
33586137,7312,0,2,0,0,0,0,0,0,0,0,0
33589781,7313,0,2,0,0,0,0,0,0,0,0,0
33593425,7314,0,2,0,0,0,0,0,0,0,0,0
33597069,7315,0,2,0,0,0,0,0,0,0,0,0
33600713,7316,0,2,0,0,0,0,0,0,0,0,0
33604357,7317,0,2,0,0,0,0,0,0,0,0,0
33608001,7318,0,2,0,0,0,0,0,0,0,0,0
33611645,7319,0,2,0,0,0,0,0,0,0,0,0
33615289,7320,0,2,0,0,0,0,0,0,0,0,0
33618934,7321,0,2,0,0,0,0,0,0,0,0,0
33622577,7322,0,2,0,0,0,0,0,0,0,0,0
33626221,7323,0,2,0,0,0,0,0,0,0,0,0
33629865,7324,0,2,0,0,0,0,0,0,0,0,0
33633509,7325,0,2,0,0,0,0,0,0,0,0,0
33637153,7326,0,2,0,0,0,0,0,0,0,0,0
33640797,7327,0,2,0,0,0,0,0,0,0,0,0
33644441,7328,0,2,0,0,0,0,0,0,0,0,0
33648085,7329,0,2,0,0,0,0,0,0,0,0,0
33651729,7330,0,2,0,0,0,0,0,0,0,0,0
33655374,7331,0,2,0,0,0,0,0,0,0,0,0
33659017,7332,0,2,0,0,0,0,0,0,0,0,0
33662661,7333,0,2,0,0,0,0,0,0,0,0,0
33666305,7334,0,2,0,0,0,0,0,0,0,0,0
33669949,7335,0,2,0,0,0,0,0,0,0,0,0
33673593,7336,0,2,0,0,0,0,0,0,0,0,0
33677237,7337,0,2,0,0,0,0,0,0,0,0,0
33680881,7338,0,2,0,0,0,0,0,0,0,0,0
33684525,7339,0,2,0,0,0,0,0,0,0,0,0
33688169,7340,0,2,0,0,0,0,0,0,0,0,0
33691814,7341,0,2,0,0,0,0,0,0,0,0,0
33695457,7342,0,2,0,0,0,0,0,0,0,0,0
33699101,7343,0,2,0,0,0,0,0,0,0,0,0
33702745,7344,0,2,0,0,0,0,0,0,0,0,0
33706389,7345,0,2,0,0,0,0,0,0,0,0,0
33710033,7346,0,2,0,0,0,0,0,0,0,0,0
33713677,7347,0,2,0,0,0,0,0,0,0,0,0
33717321,7348,0,2,0,0,0,0,0,0,0,0,0
33720965,7349,0,2,0,0,0,0,0,0,0,0,0
33724609,7350,0,2,0,0,0,0,0,0,0,0,0
33728254,7351,0,2,0,0,0,0,0,0,0,0,0
33731897,7352,0,2,0,0,0,0,0,0,0,0,0
33735541,7353,0,2,0,0,0,0,0,0,0,0,0
33739185,7354,0,2,0,0,0,0,0,0,0,0,0
33742829,7355,0,2,0,0,0,0,0,0,0,0,0
33746473,7356,0,2,0,0,0,0,0,0,0,0,0
33750118,7357,0,2,0,0,0,0,0,0,0,0,0
33753761,7358,0,2,0,0,0,0,0,0,0,0,0
33757405,7359,0,2,0,0,0,0,0,0,0,0,0
33761049,7360,0,2,0,0,0,0,0,0,0,0,0
33764694,7361,0,2,0,0,0,0,0,0,0,0,0
33768337,7362,0,2,0,0,0,0,0,0,0,0,0
33771981,7363,0,2,0,0,0,0,0,0,0,0,0
33775625,7364,0,2,0,0,0,0,0,0,0,0,0
33779269,7365,0,2,0,0,0,0,0,0,0,0,0
33782913,7366,0,2,0,0,0,0,0,0,0,0,0
33786557,7367,0,2,0,0,0,0,0,0,0,0,0
33790201,7368,0,2,0,0,0,0,0,0,0,0,0
33793845,7369,0,2,0,0,0,0,0,0,0,0,0
33797489,7370,0,2,0,0,0,0,0,0,0,0,0
33801134,7371,0,2,0,0,0,0,0,0,0,0,0
33804777,7372,0,2,0,0,0,0,0,0,0,0,0
33808421,7373,0,2,0,0,0,0,0,0,0,0,0
33812065,7374,0,2,0,0,0,0,0,0,0,0,0
33815709,7375,0,2,0,0,0,0,0,0,0,0,0
33819353,7376,0,2,0,0,0,0,0,0,0,0,0
33822997,7377,0,2,0,0,0,0,0,0,0,0,0
33826641,7378,0,2,0,0,0,0,0,0,0,0,0
33830285,7379,0,2,0,0,0,0,0,0,0,0,0
33833929,7380,0,2,0,0,0,0,0,0,0,0,0
33837574,7381,0,2,0,0,0,0,0,0,0,0,0
33841217,7382,0,2,0,0,0,0,0,0,0,0,0
33844861,7383,0,2,0,0,0,0,0,0,0,0,0
33848505,7384,0,2,0,0,0,0,0,0,0,0,0
33852149,7385,0,2,0,0,0,0,0,0,0,0,0
33855793,7386,0,2,0,0,0,0,0,0,0,0,0
33859437,7387,0,2,0,0,0,0,0,0,0,0,0
33863081,7388,0,2,0,0,0,0,0,0,0,0,0
33866725,7389,0,2,0,0,0,0,0,0,0,0,0
33870369,7390,0,2,0,0,0,0,0,0,0,0,0
33874014,7391,0,2,0,0,0,0,0,0,0,0,0
33877657,7392,0,2,0,0,0,0,0,0,0,0,0
33881301,7393,0,2,0,0,0,0,0,0,0,0,0
33884945,7394,0,2,0,0,0,0,0,0,0,0,0
33888589,7395,0,2,0,0,0,0,0,0,0,0,0
33892233,7396,0,2,0,0,0,0,0,0,0,0,0
33895877,7397,0,2,0,0,0,0,0,0,0,0,0
33899521,7398,0,2,0,0,0,0,0,0,0,0,0
33903165,7399,0,2,0,0,0,0,0,0,0,0,0
33906809,7400,0,2,0,0,0,0,0,0,0,0,0
33910454,7401,0,2,0,0,0,0,0,0,0,0,0
33914097,7402,0,2,0,0,0,0,0,0,0,0,0
33917741,7403,0,2,0,0,0,0,0,0,0,0,0
33921385,7404,0,2,0,0,0,0,0,0,0,0,0
33925029,7405,0,2,0,0,0,0,0,0,0,0,0
33928673,7406,0,2,0,0,0,0,0,0,0,0,0
33932317,7407,0,2,0,0,0,0,0,0,0,0,0
33935961,7408,0,2,0,0,0,0,0,0,0,0,0
33939605,7409,0,2,0,0,0,0,0,0,0,0,0
33943249,7410,0,2,0,0,0,0,0,0,0,0,0
33946894,7411,0,2,0,0,0,0,0,0,0,0,0
33950537,7412,0,2,0,0,0,0,0,0,0,0,0
33954181,7413,0,2,0,0,0,0,0,0,0,0,0
33957825,7414,0,2,0,0,0,0,0,0,0,0,0
33961469,7415,0,2,0,0,0,0,0,0,0,0,0
33965113,7416,0,2,0,0,0,0,0,0,0,0,0
33968757,7417,0,2,0,0,0,0,0,0,0,0,0
33972401,7418,0,2,0,0,0,0,0,0,0,0,0
33976045,7419,0,2,0,0,0,0,0,0,0,0,0
33979689,7420,0,2,0,0,0,0,0,0,0,0,0
33983334,7421,0,2,0,0,0,0,0,0,0,0,0
33986977,7422,0,2,0,0,0,0,0,0,0,0,0
33990621,7423,0,2,0,0,0,0,0,0,0,0,0
33994265,7424,0,2,0,0,0,0,0,0,0,0,0
33997909,7425,0,2,0,0,0,0,0,0,0,0,0
34001553,7426,0,2,0,0,0,0,0,0,0,0,0
34005197,7427,0,2,0,0,0,0,0,0,0,0,0
34008841,7428,0,2,0,0,0,0,0,0,0,0,0
34012485,7429,0,2,0,0,0,0,0,0,0,0,0
34016129,7430,0,2,0,0,0,0,0,0,0,0,0
34019774,7431,0,2,0,0,0,0,0,0,0,0,0
34023417,7432,0,2,0,0,0,0,0,0,0,0,0
34027061,7433,0,2,0,0,0,0,0,0,0,0,0
34030705,7434,0,2,0,0,0,0,0,0,0,0,0
34034349,7435,0,2,0,0,0,0,0,0,0,0,0
34037993,7436,0,2,0,0,0,0,0,0,0,0,0
34041637,7437,0,2,0,0,0,0,0,0,0,0,0
34045281,7438,0,2,0,0,0,0,0,0,0,0,0
34048925,7439,0,2,0,0,0,0,0,0,0,0,0
34052569,7440,0,2,0,0,0,0,0,0,0,0,0
34056214,7441,0,2,0,0,0,0,0,0,0,0,0
34059857,7442,0,2,0,0,0,0,0,0,0,0,0
34063501,7443,0,2,0,0,0,0,0,0,0,0,0
34067145,7444,0,2,0,0,0,0,0,0,0,0,0
34070789,7445,0,2,0,0,0,0,0,0,0,0,0
34074433,7446,0,2,0,0,0,0,0,0,0,0,0
34078077,7447,0,2,0,0,0,0,0,0,0,0,0
34081721,7448,0,2,0,0,0,0,0,0,0,0,0
34085365,7449,0,2,0,0,0,0,0,0,0,0,0
34089009,7450,0,2,0,0,0,0,0,0,0,0,0
34092654,7451,0,2,0,0,0,0,0,0,0,0,0
34096297,7452,0,2,0,0,0,0,0,0,0,0,0
34099941,7453,0,2,0,0,0,0,0,0,0,0,0
34103585,7454,0,2,0,0,0,0,0,0,0,0,0
34107229,7455,0,2,0,0,0,0,0,0,0,0,0
34110873,7456,0,2,0,0,0,0,0,0,0,0,0
34114517,7457,0,2,0,0,0,0,0,0,0,0,0
34118161,7458,0,2,0,0,0,0,0,0,0,0,0
34121805,7459,0,2,0,0,0,0,0,0,0,0,0
34125449,7460,0,2,0,0,0,0,0,0,0,0,0
34129094,7461,0,2,0,0,0,0,0,0,0,0,0
34132737,7462,0,2,0,0,0,0,0,0,0,0,0
34136381,7463,0,2,0,0,0,0,0,0,0,0,0
34140025,7464,0,2,0,0,0,0,0,0,0,0,0
34143669,7465,0,2,0,0,0,0,0,0,0,0,0
34147313,7466,0,2,0,0,0,0,0,0,0,0,0
34150957,7467,0,2,0,0,0,0,0,0,0,0,0
34154601,7468,0,2,0,0,0,0,0,0,0,0,0
34158245,7469,0,2,0,0,0,0,0,0,0,0,0
34161889,7470,0,2,0,0,0,0,0,0,0,0,0
34165534,7471,0,2,0,0,0,0,0,0,0,0,0
34169177,7472,0,2,0,0,0,0,0,0,0,0,0
34172821,7473,0,2,0,0,0,0,0,0,0,0,0
34176465,7474,0,2,0,0,0,0,0,0,0,0,0
34180109,7475,0,2,0,0,0,0,0,0,0,0,0
34183753,7476,0,2,0,0,0,0,0,0,0,0,0
34187397,7477,0,2,0,0,0,0,0,0,0,0,0
34191041,7478,0,2,0,0,0,0,0,0,0,0,0
34194685,7479,0,2,0,0,0,0,0,0,0,0,0
34198329,7480,0,2,0,0,0,0,0,0,0,0,0
34201974,7481,0,2,0,0,0,0,0,0,0,0,0
34205617,7482,0,2,0,0,0,0,0,0,0,0,0
34209261,7483,0,2,0,0,0,0,0,0,0,0,0
34212905,7484,0,2,0,0,0,0,0,0,0,0,0
34216549,7485,0,2,0,0,0,0,0,0,0,0,0
34220193,7486,0,2,0,0,0,0,0,0,0,0,0
34223837,7487,0,2,0,0,0,0,0,0,0,0,0
34227481,7488,0,2,0,0,0,0,0,0,0,0,0
34231125,7489,0,2,0,0,0,0,0,0,0,0,0
34234769,7490,0,2,0,0,0,0,0,0,0,0,0
34238414,7491,0,2,0,0,0,0,0,0,0,0,0
34246935,7492,0,2,0,0,0,0,0,0,0,0,0
34250567,7493,0,2,0,0,0,0,0,0,0,0,0
34254211,7494,0,2,0,0,0,0,0,0,0,0,0
34257855,7495,0,2,0,0,0,0,0,0,0,0,0
34261499,7496,0,2,0,0,0,0,0,0,0,0,0
34265143,7497,0,2,0,0,0,0,0,0,0,0,0
34268787,7498,0,2,0,0,0,0,0,0,0,0,0
34272431,7499,0,2,0,0,0,0,0,0,0,0,0
34276076,7500,0,2,0,0,0,0,0,0,0,0,0
34279720,7501,0,2,0,0,0,0,0,0,0,0,0
34283363,7502,0,2,0,0,0,0,0,0,0,0,0
34287007,7503,0,2,0,0,0,0,0,0,0,0,0
34290651,7504,0,2,0,0,0,0,0,0,0,0,0
34294295,7505,0,2,0,0,0,0,0,0,0,0,0
34297939,7506,0,2,0,0,0,0,0,0,0,0,0
34301583,7507,0,2,0,0,0,0,0,0,0,0,0
34305227,7508,0,2,0,0,0,0,0,0,0,0,0
34308871,7509,0,2,0,0,0,0,0,0,0,0,0
34312515,7510,0,2,0,0,0,0,0,0,0,0,0
34316160,7511,0,2,0,0,0,0,0,0,0,0,0
34319803,7512,0,2,0,0,0,0,0,0,0,0,0
34323447,7513,0,2,0,0,0,0,0,0,0,0,0
34327091,7514,0,2,0,0,0,0,0,0,0,0,0
34330735,7515,0,2,0,0,0,0,0,0,0,0,0
34334379,7516,0,2,0,0,0,0,0,0,0,0,0
34338024,7517,0,2,0,0,0,0,0,0,0,0,0
34341667,7518,0,2,0,0,0,0,0,0,0,0,0
34345311,7519,0,2,0,0,0,0,0,0,0,0,0
34348955,7520,0,2,0,0,0,0,0,0,0,0,0
34352600,7521,0,2,0,0,0,0,0,0,0,0,0
34356243,7522,0,2,0,0,0,0,0,0,0,0,0
34359887,7523,0,2,0,0,0,0,0,0,0,0,0
34363531,7524,0,2,0,0,0,0,0,0,0,0,0
34367175,7525,0,2,0,0,0,0,0,0,0,0,0
34370819,7526,0,2,0,0,0,0,0,0,0,0,0
34374463,7527,0,2,0,0,0,0,0,0,0,0,0
34378107,7528,0,2,0,0,0,0,0,0,0,0,0
34381751,7529,0,2,0,0,0,0,0,0,0,0,0
34385395,7530,0,2,0,0,0,0,0,0,0,0,0
34389040,7531,0,2,0,0,0,0,0,0,0,0,0
34392683,7532,0,2,0,0,0,0,0,0,0,0,0
34396327,7533,0,2,0,0,0,0,0,0,0,0,0
34399971,7534,0,2,0,0,0,0,0,0,0,0,0
34403615,7535,0,2,0,0,0,0,0,0,0,0,0
34407259,7536,0,2,0,0,0,0,0,0,0,0,0
34410903,7537,0,2,0,0,0,0,0,0,0,0,0
34414547,7538,0,2,0,0,0,0,0,0,0,0,0
34418191,7539,0,2,0,0,0,0,0,0,0,0,0
34421835,7540,0,2,0,0,0,0,0,0,0,0,0
34425480,7541,0,2,0,0,0,0,0,0,0,0,0
34429123,7542,0,2,0,0,0,0,0,0,0,0,0
34432767,7543,0,2,0,0,0,0,0,0,0,0,0
34436411,7544,0,2,0,0,0,0,0,0,0,0,0
34440055,7545,0,2,0,0,0,0,0,0,0,0,0
34443699,7546,0,2,0,0,0,0,0,0,0,0,0
34447343,7547,0,2,0,0,0,0,0,0,0,0,0
34450987,7548,0,2,0,0,0,0,0,0,0,0,0
34454631,7549,0,2,0,0,0,0,0,0,0,0,0
34458275,7550,0,2,0,0,0,0,0,0,0,0,0
34461920,7551,0,2,0,0,0,0,0,0,0,0,0
34465563,7552,0,2,0,0,0,0,0,0,0,0,0
34469207,7553,0,2,0,0,0,0,0,0,0,0,0
34472851,7554,0,2,0,0,0,0,0,0,0,0,0
34476495,7555,0,2,0,0,0,0,0,0,0,0,0
34480139,7556,0,2,0,0,0,0,0,0,0,0,0
34483783,7557,0,2,0,0,0,0,0,0,0,0,0
34487427,7558,0,2,0,0,0,0,0,0,0,0,0
34491071,7559,0,2,0,0,0,0,0,0,0,0,0
34494715,7560,0,2,0,0,0,0,0,0,0,0,0
34498360,7561,0,2,0,0,0,0,0,0,0,0,0
34502003,7562,0,2,0,0,0,0,0,0,0,0,0
34505647,7563,0,2,0,0,0,0,0,0,0,0,0
34509291,7564,0,2,0,0,0,0,0,0,0,0,0
34512935,7565,0,2,0,0,0,0,0,0,0,0,0
34516579,7566,0,2,0,0,0,0,0,0,0,0,0
34520223,7567,0,2,0,0,0,0,0,0,0,0,0
34523867,7568,0,2,0,0,0,0,0,0,0,0,0
34527511,7569,0,2,0,0,0,0,0,0,0,0,0
34531155,7570,0,2,0,0,0,0,0,0,0,0,0
34534800,7571,0,2,0,0,0,0,0,0,0,0,0
34538443,7572,0,2,0,0,0,0,0,0,0,0,0
34542087,7573,0,2,0,0,0,0,0,0,0,0,0
34545731,7574,0,2,0,0,0,0,0,0,0,0,0
34549375,7575,0,2,0,0,0,0,0,0,0,0,0
34553019,7576,0,2,0,0,0,0,0,0,0,0,0
34556663,7577,0,2,0,0,0,0,0,0,0,0,0
34560307,7578,0,2,0,0,0,0,0,0,0,0,0
34563951,7579,0,2,0,0,0,0,0,0,0,0,0
34567595,7580,0,2,0,0,0,0,0,0,0,0,0
34571240,7581,0,2,0,0,0,0,0,0,0,0,0
34574883,7582,0,2,0,0,0,0,0,0,0,0,0
34578527,7583,0,2,0,0,0,0,0,0,0,0,0
34582171,7584,0,2,0,0,0,0,0,0,0,0,0
34585815,7585,0,2,0,0,0,0,0,0,0,0,0
34589459,7586,0,2,0,0,0,0,0,0,0,0,0
34593103,7587,0,2,0,0,0,0,0,0,0,0,0
34596747,7588,0,2,0,0,0,0,0,0,0,0,0
34600391,7589,0,2,0,0,0,0,0,0,0,0,0
34604035,7590,0,2,0,0,0,0,0,0,0,0,0
34607680,7591,0,2,0,0,0,0,0,0,0,0,0
34611323,7592,0,2,0,0,0,0,0,0,0,0,0
34614967,7593,0,2,0,0,0,0,0,0,0,0,0
34618611,7594,0,2,0,0,0,0,0,0,0,0,0
34622255,7595,0,2,0,0,0,0,0,0,0,0,0
34625899,7596,0,2,0,0,0,0,0,0,0,0,0
34629543,7597,0,2,0,0,0,0,0,0,0,0,0
34633187,7598,0,2,0,0,0,0,0,0,0,0,0
34636831,7599,0,2,0,0,0,0,0,0,0,0,0
34640475,7600,0,2,0,0,0,0,0,0,0,0,0
34644120,7601,0,2,0,0,0,0,0,0,0,0,0
34647763,7602,0,2,0,0,0,0,0,0,0,0,0
34651407,7603,0,2,0,0,0,0,0,0,0,0,0
34655051,7604,0,2,0,0,0,0,0,0,0,0,0
34658695,7605,0,2,0,0,0,0,0,0,0,0,0
34662339,7606,0,2,0,0,0,0,0,0,0,0,0
34665983,7607,0,2,0,0,0,0,0,0,0,0,0
34669627,7608,0,2,0,0,0,0,0,0,0,0,0
34673271,7609,0,2,0,0,0,0,0,0,0,0,0
34676915,7610,0,2,0,0,0,0,0,0,0,0,0
34680560,7611,0,2,0,0,0,0,0,0,0,0,0
34684203,7612,0,2,0,0,0,0,0,0,0,0,0
34687847,7613,0,2,0,0,0,0,0,0,0,0,0
34691491,7614,0,2,0,0,0,0,0,0,0,0,0
34695135,7615,0,2,0,0,0,0,0,0,0,0,0
34698779,7616,0,2,0,0,0,0,0,0,0,0,0
34702423,7617,0,2,0,0,0,0,0,0,0,0,0
34706067,7618,0,2,0,0,0,0,0,0,0,0,0
34709711,7619,0,2,0,0,0,0,0,0,0,0,0
34713355,7620,0,2,0,0,0,0,0,0,0,0,0
34717000,7621,0,2,0,0,0,0,0,0,0,0,0
34720643,7622,0,2,0,0,0,0,0,0,0,0,0
34724287,7623,0,2,0,0,0,0,0,0,0,0,0
34727931,7624,0,2,0,0,0,0,0,0,0,0,0
34731575,7625,0,2,0,0,0,0,0,0,0,0,0
34735219,7626,0,2,0,0,0,0,0,0,0,0,0
34738863,7627,0,2,0,0,0,0,0,0,0,0,0
34742507,7628,0,2,0,0,0,0,0,0,0,0,0
34746151,7629,0,2,0,0,0,0,0,0,0,0,0
34749795,7630,0,2,0,0,0,0,0,0,0,0,0
34753440,7631,0,2,0,0,0,0,0,0,0,0,0
34757083,7632,0,2,0,0,0,0,0,0,0,0,0
34760727,7633,0,2,0,0,0,0,0,0,0,0,0
34764371,7634,0,2,0,0,0,0,0,0,0,0,0
34768015,7635,0,2,0,0,0,0,0,0,0,0,0
34771659,7636,0,2,0,0,0,0,0,0,0,0,0
34775303,7637,0,2,0,0,0,0,0,0,0,0,0
34778947,7638,0,2,0,0,0,0,0,0,0,0,0
34782591,7639,0,2,0,0,0,0,0,0,0,0,0
34786235,7640,0,2,0,0,0,0,0,0,0,0,0
34789880,7641,0,2,0,0,0,0,0,0,0,0,0
34793523,7642,0,2,0,0,0,0,0,0,0,0,0
34797167,7643,0,2,0,0,0,0,0,0,0,0,0
34800811,7644,0,2,0,0,0,0,0,0,0,0,0
34804455,7645,0,2,0,0,0,0,0,0,0,0,0
34808099,7646,0,2,0,0,0,0,0,0,0,0,0
34811743,7647,0,2,0,0,0,0,0,0,0,0,0
34815387,7648,0,2,0,0,0,0,0,0,0,0,0
34819031,7649,0,2,0,0,0,0,0,0,0,0,0
34822675,7650,0,2,0,0,0,0,0,0,0,0,0
34826320,7651,0,2,0,0,0,0,0,0,0,0,0
34829963,7652,0,2,0,0,0,0,0,0,0,0,0
34833607,7653,0,2,0,0,0,0,0,0,0,0,0
34837251,7654,0,2,0,0,0,0,0,0,0,0,0
34840895,7655,0,2,0,0,0,0,0,0,0,0,0
34844539,7656,0,2,0,0,0,0,0,0,0,0,0
34848183,7657,0,2,0,0,0,0,0,0,0,0,0
34851827,7658,0,2,0,0,0,0,0,0,0,0,0
34855471,7659,0,2,0,0,0,0,0,0,0,0,0
34859115,7660,0,2,0,0,0,0,0,0,0,0,0
34862760,7661,0,2,0,0,0,0,0,0,0,0,0
34866403,7662,0,2,0,0,0,0,0,0,0,0,0
34870048,7663,0,2,0,0,0,0,0,0,0,0,0
34873691,7664,0,2,0,0,0,0,0,0,0,0,0
34877335,7665,0,2,0,0,0,0,0,0,0,0,0
34880979,7666,0,2,0,0,0,0,0,0,0,0,0
34884623,7667,0,2,0,0,0,0,0,0,0,0,0
34888267,7668,0,2,0,0,0,0,0,0,0,0,0
34891911,7669,0,2,0,0,0,0,0,0,0,0,0
34895555,7670,0,2,0,0,0,0,0,0,0,0,0
34899200,7671,0,2,0,0,0,0,0,0,0,0,0
34902843,7672,0,2,0,0,0,0,0,0,0,0,0
34906487,7673,0,2,0,0,0,0,0,0,0,0,0
34910131,7674,0,2,0,0,0,0,0,0,0,0,0
34913775,7675,0,2,0,0,0,0,0,0,0,0,0
34917419,7676,0,2,0,0,0,0,0,0,0,0,0
34921063,7677,0,2,0,0,0,0,0,0,0,0,0
34924707,7678,0,2,0,0,0,0,0,0,0,0,0
34928351,7679,0,2,0,0,0,0,0,0,0,0,0
34931995,7680,0,2,0,0,0,0,0,0,0,0,0
34935640,7681,0,2,0,0,0,0,0,0,0,0,0
34939283,7682,0,2,0,0,0,0,0,0,0,0,0
34942927,7683,0,2,0,0,0,0,0,0,0,0,0
34946571,7684,0,2,0,0,0,0,0,0,0,0,0
34950215,7685,0,2,0,0,0,0,0,0,0,0,0
34953859,7686,0,2,0,0,0,0,0,0,0,0,0
34957503,7687,0,2,0,0,0,0,0,0,0,0,0
34961147,7688,0,2,0,0,0,0,0,0,0,0,0
34964791,7689,0,2,0,0,0,0,0,0,0,0,0
34968435,7690,0,2,0,0,0,0,0,0,0,0,0
34972080,7691,0,2,0,0,0,0,0,0,0,0,0
34975723,7692,0,2,0,0,0,0,0,0,0,0,0
34979367,7693,0,2,0,0,0,0,0,0,0,0,0
34983011,7694,0,2,0,0,0,0,0,0,0,0,0
34986655,7695,0,2,0,0,0,0,0,0,0,0,0
34990299,7696,0,2,0,0,0,0,0,0,0,0,0
34993943,7697,0,2,0,0,0,0,0,0,0,0,0
34997587,7698,0,2,0,0,0,0,0,0,0,0,0
35001231,7699,0,2,0,0,0,0,0,0,0,0,0
35004875,7700,0,2,0,0,0,0,0,0,0,0,0
35008520,7701,0,2,0,0,0,0,0,0,0,0,0
35012163,7702,0,2,0,0,0,0,0,0,0,0,0
35015807,7703,0,2,0,0,0,0,0,0,0,0,0
35019451,7704,0,2,0,0,0,0,0,0,0,0,0
35023095,7705,0,2,0,0,0,0,0,0,0,0,0
35026739,7706,0,2,0,0,0,0,0,0,0,0,0
35030383,7707,0,2,0,0,0,0,0,0,0,0,0
35034027,7708,0,2,0,0,0,0,0,0,0,0,0
35037671,7709,0,2,0,0,0,0,0,0,0,0,0
35041315,7710,0,2,0,0,0,0,0,0,0,0,0
35044960,7711,0,2,0,0,0,0,0,0,0,0,0
35048603,7712,0,2,0,0,0,0,0,0,0,0,0
35052247,7713,0,2,0,0,0,0,0,0,0,0,0
35055891,7714,0,2,0,0,0,0,0,0,0,0,0
35059535,7715,0,2,0,0,0,0,0,0,0,0,0
35063179,7716,0,2,0,0,0,0,0,0,0,0,0
35066823,7717,0,2,0,0,0,0,0,0,0,0,0
35070467,7718,0,2,0,0,0,0,0,0,0,0,0
35080854,7719,0,2,0,0,0,0,0,0,0,0,0
35084486,7720,0,2,0,0,0,0,0,0,0,0,0
35088131,7721,0,2,0,0,0,0,0,0,0,0,0
35091774,7722,0,2,0,0,0,0,0,0,0,0,0
35095418,7723,0,2,0,0,0,0,0,0,0,0,0
35099062,7724,0,2,0,0,0,0,0,0,0,0,0
35102706,7725,0,2,0,0,0,0,0,0,0,0,0
35106350,7726,0,2,0,0,0,0,0,0,0,0,0
35109994,7727,0,2,0,0,0,0,0,0,0,0,0
35113638,7728,0,2,0,0,0,0,0,0,0,0,0
35117282,7729,0,2,0,0,0,0,0,0,0,0,0
35120926,7730,0,2,0,0,0,0,0,0,0,0,0
35124571,7731,0,2,0,0,0,0,0,0,0,0,0
35128214,7732,0,2,0,0,0,0,0,0,0,0,0
35131858,7733,0,2,0,0,0,0,0,0,0,0,0
35135502,7734,0,2,0,0,0,0,0,0,0,0,0
35139147,7735,0,2,0,0,0,0,0,0,0,0,0
35142790,7736,0,2,0,0,0,0,0,0,0,0,0
35146434,7737,0,2,0,0,0,0,0,0,0,0,0
35150078,7738,0,2,0,0,0,0,0,0,0,0,0
35153722,7739,0,2,0,0,0,0,0,0,0,0,0
35157366,7740,0,2,0,0,0,0,0,0,0,0,0
35161011,7741,0,2,0,0,0,0,0,0,0,0,0
35164654,7742,0,2,0,0,0,0,0,0,0,0,0
35168298,7743,0,2,0,0,0,0,0,0,0,0,0
35171942,7744,0,2,0,0,0,0,0,0,0,0,0
35175586,7745,0,2,0,0,0,0,0,0,0,0,0
35179230,7746,0,2,0,0,0,0,0,0,0,0,0
35182874,7747,0,2,0,0,0,0,0,0,0,0,0
35186518,7748,0,2,0,0,0,0,0,0,0,0,0
35190162,7749,0,2,0,0,0,0,0,0,0,0,0
35193806,7750,0,2,0,0,0,0,0,0,0,0,0
35197451,7751,0,2,0,0,0,0,0,0,0,0,0
35201094,7752,0,2,0,0,0,0,0,0,0,0,0
35204738,7753,0,2,0,0,0,0,0,0,0,0,0
35208382,7754,0,2,0,0,0,0,0,0,0,0,0
35212026,7755,0,2,0,0,0,0,0,0,0,0,0
35215670,7756,0,2,0,0,0,0,0,0,0,0,0
35219314,7757,0,2,0,0,0,0,0,0,0,0,0
35222958,7758,0,2,0,0,0,0,0,0,0,0,0
35226602,7759,0,2,0,0,0,0,0,0,0,0,0
35230246,7760,0,2,0,0,0,0,0,0,0,0,0
35233891,7761,0,2,0,0,0,0,0,0,0,0,0
35237534,7762,0,2,0,0,0,0,0,0,0,0,0
35241178,7763,0,2,0,0,0,0,0,0,0,0,0
35244822,7764,0,2,0,0,0,0,0,0,0,0,0
35248466,7765,0,2,0,0,0,0,0,0,0,0,0
35252110,7766,0,2,0,0,0,0,0,0,0,0,0
35255754,7767,0,2,0,0,0,0,0,0,0,0,0
35259398,7768,0,2,0,0,0,0,0,0,0,0,0
35263042,7769,0,2,0,0,0,0,0,0,0,0,0
35266686,7770,0,2,0,0,0,0,0,0,0,0,0
35270331,7771,0,2,0,0,0,0,0,0,0,0,0
35273974,7772,0,2,0,0,0,0,0,0,0,0,0
35277618,7773,0,2,0,0,0,0,0,0,0,0,0
35281262,7774,0,2,0,0,0,0,0,0,0,0,0
35284906,7775,0,2,0,0,0,0,0,0,0,0,0
35288550,7776,0,2,0,0,0,0,0,0,0,0,0
35292194,7777,0,2,0,0,0,0,0,0,0,0,0
35295838,7778,0,2,0,0,0,0,0,0,0,0,0
35299482,7779,0,2,0,0,0,0,0,0,0,0,0
35303126,7780,0,2,0,0,0,0,0,0,0,0,0
35306771,7781,0,2,0,0,0,0,0,0,0,0,0
35310414,7782,0,2,0,0,0,0,0,0,0,0,0
35314058,7783,0,2,0,0,0,0,0,0,0,0,0
35317702,7784,0,2,0,0,0,0,0,0,0,0,0
35321346,7785,0,2,0,0,0,0,0,0,0,0,0
35324990,7786,0,2,0,0,0,0,0,0,0,0,0
35328634,7787,0,2,0,0,0,0,0,0,0,0,0
35332278,7788,0,2,0,0,0,0,0,0,0,0,0
35335922,7789,0,2,0,0,0,0,0,0,0,0,0
35339566,7790,0,2,0,0,0,0,0,0,0,0,0
35343211,7791,0,2,0,0,0,0,0,0,0,0,0
35346854,7792,0,2,0,0,0,0,0,0,0,0,0
35350498,7793,0,2,0,0,0,0,0,0,0,0,0
35354142,7794,0,2,0,0,0,0,0,0,0,0,0
35357786,7795,0,2,0,0,0,0,0,0,0,0,0
35361430,7796,0,2,0,0,0,0,0,0,0,0,0
35365074,7797,0,2,0,0,0,0,0,0,0,0,0
35368718,7798,0,2,0,0,0,0,0,0,0,0,0
35372362,7799,0,2,0,0,0,0,0,0,0,0,0
35376007,7800,0,2,0,0,0,0,0,0,0,0,0
35379651,7801,0,2,0,0,0,0,0,0,0,0,0
35383294,7802,0,2,0,0,0,0,0,0,0,0,0
35386938,7803,0,2,0,0,0,0,0,0,0,0,0
35390582,7804,0,2,0,0,0,0,0,0,0,0,0
35394226,7805,0,2,0,0,0,0,0,0,0,0,0
35397870,7806,0,2,0,0,0,0,0,0,0,0,0
35401514,7807,0,2,0,0,0,0,0,0,0,0,0
35405158,7808,0,2,0,0,0,0,0,0,0,0,0
35408802,7809,0,2,0,0,0,0,0,0,0,0,0
35412446,7810,0,2,0,0,0,0,0,0,0,0,0
35416091,7811,0,2,0,0,0,0,0,0,0,0,0
35419734,7812,0,2,0,0,0,0,0,0,0,0,0
35423378,7813,0,2,0,0,0,0,0,0,0,0,0
35427022,7814,0,2,0,0,0,0,0,0,0,0,0
35430666,7815,0,2,0,0,0,0,0,0,0,0,0
35434310,7816,0,2,0,0,0,0,0,0,0,0,0
35437954,7817,0,2,0,0,0,0,0,0,0,0,0
35441598,7818,0,2,0,0,0,0,0,0,0,0,0
35445242,7819,0,2,0,0,0,0,0,0,0,0,0
35448886,7820,0,2,0,0,0,0,0,0,0,0,0
35452531,7821,0,2,0,0,0,0,0,0,0,0,0
35456174,7822,0,2,0,0,0,0,0,0,0,0,0
35459818,7823,0,2,0,0,0,0,0,0,0,0,0
35463462,7824,0,2,0,0,0,0,0,0,0,0,0
35467106,7825,0,2,0,0,0,0,0,0,0,0,0
35470750,7826,0,2,0,0,0,0,0,0,0,0,0
35474394,7827,0,2,0,0,0,0,0,0,0,0,0
35478038,7828,0,2,0,0,0,0,0,0,0,0,0
35481682,7829,0,2,0,0,0,0,0,0,0,0,0
35485326,7830,0,2,0,0,0,0,0,0,0,0,0
35488971,7831,0,2,0,0,0,0,0,0,0,0,0
35492614,7832,0,2,0,0,0,0,0,0,0,0,0
35496258,7833,0,2,0,0,0,0,0,0,0,0,0
35499902,7834,0,2,0,0,0,0,0,0,0,0,0
35503546,7835,0,2,0,0,0,0,0,0,0,0,0
35507190,7836,0,2,0,0,0,0,0,0,0,0,0
35510834,7837,0,2,0,0,0,0,0,0,0,0,0
35514478,7838,0,2,0,0,0,0,0,0,0,0,0
35518122,7839,0,2,0,0,0,0,0,0,0,0,0
35521766,7840,0,2,0,0,0,0,0,0,0,0,0
35525411,7841,0,2,0,0,0,0,0,0,0,0,0
35529055,7842,0,2,0,0,0,0,0,0,0,0,0
35532698,7843,0,2,0,0,0,0,0,0,0,0,0
35536342,7844,0,2,0,0,0,0,0,0,0,0,0
35539986,7845,0,2,0,0,0,0,0,0,0,0,0
35543630,7846,0,2,0,0,0,0,0,0,0,0,0
35547274,7847,0,2,0,0,0,0,0,0,0,0,0
35550918,7848,0,2,0,0,0,0,0,0,0,0,0
35554562,7849,0,2,0,0,0,0,0,0,0,0,0
35558207,7850,0,2,0,0,0,0,0,0,0,0,0
35561851,7851,0,2,0,0,0,0,0,0,0,0,0
35565494,7852,0,2,0,0,0,0,0,0,0,0,0
35569138,7853,0,2,0,0,0,0,0,0,0,0,0
35572782,7854,0,2,0,0,0,0,0,0,0,0,0
35576426,7855,0,2,0,0,0,0,0,0,0,0,0
35580071,7856,0,2,0,0,0,0,0,0,0,0,0
35583714,7857,0,2,0,0,0,0,0,0,0,0,0
35587358,7858,0,2,0,0,0,0,0,0,0,0,0
35591003,7859,0,2,0,0,0,0,0,0,0,0,0
35594646,7860,0,2,0,0,0,0,0,0,0,0,0
35598291,7861,0,2,0,0,0,0,0,0,0,0,0
35601934,7862,0,2,0,0,0,0,0,0,0,0,0
35605578,7863,0,2,0,0,0,0,0,0,0,0,0
35609222,7864,0,2,0,0,0,0,0,0,0,0,0
35612866,7865,0,2,0,0,0,0,0,0,0,0,0
35616510,7866,0,2,0,0,0,0,0,0,0,0,0
35620154,7867,0,2,0,0,0,0,0,0,0,0,0
35623798,7868,0,2,0,0,0,0,0,0,0,0,0
35627442,7869,0,2,0,0,0,0,0,0,0,0,0
35631086,7870,0,2,0,0,0,0,0,0,0,0,0
35634731,7871,0,2,0,0,0,0,0,0,0,0,0
35638374,7872,0,2,0,0,0,0,0,0,0,0,0
35642018,7873,0,2,0,0,0,0,0,0,0,0,0
35645662,7874,0,2,0,0,0,0,0,0,0,0,0
35649306,7875,0,2,0,0,0,0,0,0,0,0,0
35652950,7876,0,2,0,0,0,0,0,0,0,0,0
35656594,7877,0,2,0,0,0,0,0,0,0,0,0
35660238,7878,0,2,0,0,0,0,0,0,0,0,0
35663882,7879,0,2,0,0,0,0,0,0,0,0,0
35667526,7880,0,2,0,0,0,0,0,0,0,0,0
35671171,7881,0,2,0,0,0,0,0,0,0,0,0
35674814,7882,0,2,0,0,0,0,0,0,0,0,0
35678458,7883,0,2,0,0,0,0,0,0,0,0,0
35682102,7884,0,2,0,0,0,0,0,0,0,0,0
35685746,7885,0,2,0,0,0,0,0,0,0,0,0
35689390,7886,0,2,0,0,0,0,0,0,0,0,0
35693034,7887,0,2,0,0,0,0,0,0,0,0,0
35696678,7888,0,2,0,0,0,0,0,0,0,0,0
35700322,7889,0,2,0,0,0,0,0,0,0,0,0
35703966,7890,0,2,0,0,0,0,0,0,0,0,0
35707611,7891,0,2,0,0,0,0,0,0,0,0,0
35711254,7892,0,2,0,0,0,0,0,0,0,0,0
35714898,7893,0,2,0,0,0,0,0,0,0,0,0
35718542,7894,0,2,0,0,0,0,0,0,0,0,0
35722186,7895,0,2,0,0,0,0,0,0,0,0,0
35725830,7896,0,2,0,0,0,0,0,0,0,0,0
35729474,7897,0,2,0,0,0,0,0,0,0,0,0
35733118,7898,0,2,0,0,0,0,0,0,0,0,0
35736762,7899,0,2,0,0,0,0,0,0,0,0,0
35740406,7900,0,2,0,0,0,0,0,0,0,0,0
35744051,7901,0,2,0,0,0,0,0,0,0,0,0
35747694,7902,0,2,0,0,0,0,0,0,0,0,0
35751338,7903,0,2,0,0,0,0,0,0,0,0,0
35754982,7904,0,2,0,0,0,0,0,0,0,0,0
35758626,7905,0,2,0,0,0,0,0,0,0,0,0
35762270,7906,0,2,0,0,0,0,0,0,0,0,0
35765914,7907,0,2,0,0,0,0,0,0,0,0,0
35769558,7908,0,2,0,0,0,0,0,0,0,0,0
35773202,7909,0,2,0,0,0,0,0,0,0,0,0
35776846,7910,0,2,0,0,0,0,0,0,0,0,0
35780491,7911,0,2,0,0,0,0,0,0,0,0,0
35784134,7912,0,2,0,0,0,0,0,0,0,0,0
35787778,7913,0,2,0,0,0,0,0,0,0,0,0
35791422,7914,0,2,0,0,0,0,0,0,0,0,0
35795066,7915,0,2,0,0,0,0,0,0,0,0,0
35798710,7916,0,2,0,0,0,0,0,0,0,0,0
35802354,7917,0,2,0,0,0,0,0,0,0,0,0
35805998,7918,0,2,0,0,0,0,0,0,0,0,0
35809642,7919,0,2,0,0,0,0,0,0,0,0,0
35813286,7920,0,2,0,0,0,0,0,0,0,0,0
35816931,7921,0,2,0,0,0,0,0,0,0,0,0
35820574,7922,0,2,0,0,0,0,0,0,0,0,0
35824218,7923,0,2,0,0,0,0,0,0,0,0,0
35827862,7924,0,2,0,0,0,0,0,0,0,0,0
35831506,7925,0,2,0,0,0,0,0,0,0,0,0
35835150,7926,0,2,0,0,0,0,0,0,0,0,0
35838794,7927,0,2,0,0,0,0,0,0,0,0,0
35842438,7928,0,2,0,0,0,0,0,0,0,0,0
35846082,7929,0,2,0,0,0,0,0,0,0,0,0
35849726,7930,0,2,0,0,0,0,0,0,0,0,0
35853371,7931,0,2,0,0,0,0,0,0,0,0,0
35857015,7932,0,2,0,0,0,0,0,0,0,0,0
35860658,7933,0,2,0,0,0,0,0,0,0,0,0
35864302,7934,0,2,0,0,0,0,0,0,0,0,0
35867946,7935,0,2,0,0,0,0,0,0,0,0,0
35871590,7936,0,2,0,0,0,0,0,0,0,0,0
35875234,7937,0,2,0,0,0,0,0,0,0,0,0
35878878,7938,0,2,0,0,0,0,0,0,0,0,0
35882522,7939,0,2,0,0,0,0,0,0,0,0,0
35886166,7940,0,2,0,0,0,0,0,0,0,0,0
35889811,7941,0,2,0,0,0,0,0,0,0,0,0
35893454,7942,0,2,0,0,0,0,0,0,0,0,0
35897098,7943,0,2,0,0,0,0,0,0,0,0,0
35900742,7944,0,2,0,0,0,0,0,0,0,0,0
35904386,7945,0,2,0,0,0,0,0,0,0,0,0
35912529,7946,0,2,0,0,0,0,0,0,0,0,0
35916161,7947,0,2,0,0,0,0,0,0,0,0,0
35919805,7948,0,2,0,0,0,0,0,0,0,0,0
35923449,7949,0,2,0,0,0,0,0,0,0,0,0
35927093,7950,0,2,0,0,0,0,0,0,0,0,0
35930738,7951,0,2,0,0,0,0,0,0,0,0,0
35934381,7952,0,2,0,0,0,0,0,0,0,0,0
35938025,7953,0,2,0,0,0,0,0,0,0,0,0
35941669,7954,0,2,0,0,0,0,0,0,0,0,0
35945313,7955,0,2,0,0,0,0,0,0,0,0,0
35948957,7956,0,2,0,0,0,0,0,0,0,0,0
35952601,7957,0,2,0,0,0,0,0,0,0,0,0
35956245,7958,0,2,0,0,0,0,0,0,0,0,0
35959889,7959,0,2,0,0,0,0,0,0,0,0,0
35963533,7960,0,2,0,0,0,0,0,0,0,0,0
35967178,7961,0,2,0,0,0,0,0,0,0,0,0
35970821,7962,0,2,0,0,0,0,0,0,0,0,0
35974465,7963,0,2,0,0,0,0,0,0,0,0,0
35978109,7964,0,2,0,0,0,0,0,0,0,0,0
35981753,7965,0,2,0,0,0,0,0,0,0,0,0
35985397,7966,0,2,0,0,0,0,0,0,0,0,0
35989041,7967,0,2,0,0,0,0,0,0,0,0,0
35992685,7968,0,2,0,0,0,0,0,0,0,0,0
35996329,7969,0,2,0,0,0,0,0,0,0,0,0
35999973,7970,0,2,0,0,0,0,0,0,0,0,0
36003618,7971,0,2,0,0,0,0,0,0,0,0,0
36007261,7972,0,2,0,0,0,0,0,0,0,0,0
36010905,7973,0,2,0,0,0,0,0,0,0,0,0
36014549,7974,0,2,0,0,0,0,0,0,0,0,0
36018193,7975,0,2,0,0,0,0,0,0,0,0,0
36021837,7976,0,2,0,0,0,0,0,0,0,0,0
36025481,7977,0,2,0,0,0,0,0,0,0,0,0
36029125,7978,0,2,0,0,0,0,0,0,0,0,0
36032769,7979,0,2,0,0,0,0,0,0,0,0,0
36036413,7980,0,2,0,0,0,0,0,0,0,0,0
36040058,7981,0,2,0,0,0,0,0,0,0,0,0
36043701,7982,0,2,0,0,0,0,0,0,0,0,0
36047345,7983,0,2,0,0,0,0,0,0,0,0,0
36050989,7984,0,2,0,0,0,0,0,0,0,0,0
36054633,7985,0,2,0,0,0,0,0,0,0,0,0
36058277,7986,0,2,0,0,0,0,0,0,0,0,0
36061921,7987,0,2,0,0,0,0,0,0,0,0,0
36065565,7988,0,2,0,0,0,0,0,0,0,0,0
36069209,7989,0,2,0,0,0,0,0,0,0,0,0
36072853,7990,0,2,0,0,0,0,0,0,0,0,0
36076498,7991,0,2,0,0,0,0,0,0,0,0,0
36080141,7992,0,2,0,0,0,0,0,0,0,0,0
36083785,7993,0,2,0,0,0,0,0,0,0,0,0
36087429,7994,0,2,0,0,0,0,0,0,0,0,0
36091073,7995,0,2,0,0,0,0,0,0,0,0,0
36094717,7996,0,2,0,0,0,0,0,0,0,0,0
36098361,7997,0,2,0,0,0,0,0,0,0,0,0
36102005,7998,0,2,0,0,0,0,0,0,0,0,0
36105649,7999,0,2,0,0,0,0,0,0,0,0,0
36109293,8000,0,2,0,0,0,0,0,0,0,0,0
36112938,8001,0,2,0,0,0,0,0,0,0,0,0
36116581,8002,0,2,0,0,0,0,0,0,0,0,0
36120225,8003,0,2,0,0,0,0,0,0,0,0,0
36123869,8004,0,2,0,0,0,0,0,0,0,0,0
36127513,8005,0,2,0,0,0,0,0,0,0,0,0
36131157,8006,0,2,0,0,0,0,0,0,0,0,0
36134801,8007,0,2,0,0,0,0,0,0,0,0,0
36138445,8008,0,2,0,0,0,0,0,0,0,0,0
36142089,8009,0,2,0,0,0,0,0,0,0,0,0
36145733,8010,0,2,0,0,0,0,0,0,0,0,0
36149378,8011,0,2,0,0,0,0,0,0,0,0,0
36153021,8012,0,2,0,0,0,0,0,0,0,0,0
36156665,8013,0,2,0,0,0,0,0,0,0,0,0
36160309,8014,0,2,0,0,0,0,0,0,0,0,0
36163953,8015,0,2,0,0,0,0,0,0,0,0,0
36167597,8016,0,2,0,0,0,0,0,0,0,0,0
36171241,8017,0,2,0,0,0,0,0,0,0,0,0
36174885,8018,0,2,0,0,0,0,0,0,0,0,0
36178529,8019,0,2,0,0,0,0,0,0,0,0,0
36182173,8020,0,2,0,0,0,0,0,0,0,0,0
36185818,8021,0,2,0,0,0,0,0,0,0,0,0
36189461,8022,0,2,0,0,0,0,0,0,0,0,0
36193105,8023,0,2,0,0,0,0,0,0,0,0,0
36196749,8024,0,2,0,0,0,0,0,0,0,0,0
36200393,8025,0,2,0,0,0,0,0,0,0,0,0
36204037,8026,0,2,0,0,0,0,0,0,0,0,0
36207681,8027,0,2,0,0,0,0,0,0,0,0,0
36211325,8028,0,2,0,0,0,0,0,0,0,0,0
36214969,8029,0,2,0,0,0,0,0,0,0,0,0
36218613,8030,0,2,0,0,0,0,0,0,0,0,0
36222258,8031,0,2,0,0,0,0,0,0,0,0,0
36225901,8032,0,2,0,0,0,0,0,0,0,0,0
36229545,8033,0,2,0,0,0,0,0,0,0,0,0
36233189,8034,0,2,0,0,0,0,0,0,0,0,0
36236833,8035,0,2,0,0,0,0,0,0,0,0,0
36240477,8036,0,2,0,0,0,0,0,0,0,0,0
36244121,8037,0,2,0,0,0,0,0,0,0,0,0
36247765,8038,0,2,0,0,0,0,0,0,0,0,0
36251409,8039,0,2,0,0,0,0,0,0,0,0,0
36255053,8040,0,2,0,0,0,0,0,0,0,0,0
36258698,8041,0,2,0,0,0,0,0,0,0,0,0
36262341,8042,0,2,0,0,0,0,0,0,0,0,0
36265985,8043,0,2,0,0,0,0,0,0,0,0,0
36269629,8044,0,2,0,0,0,0,0,0,0,0,0
36273273,8045,0,2,0,0,0,0,0,0,0,0,0
36276917,8046,0,2,0,0,0,0,0,0,0,0,0
36280561,8047,0,2,0,0,0,0,0,0,0,0,0
36284205,8048,0,2,0,0,0,0,0,0,0,0,0
36287849,8049,0,2,0,0,0,0,0,0,0,0,0
36291493,8050,0,2,0,0,0,0,0,0,0,0,0
36295138,8051,0,2,0,0,0,0,0,0,0,0,0
36298781,8052,0,2,0,0,0,0,0,0,0,0,0
36302425,8053,0,2,0,0,0,0,0,0,0,0,0
36306069,8054,0,2,0,0,0,0,0,0,0,0,0
36309713,8055,0,2,0,0,0,0,0,0,0,0,0
36313357,8056,0,2,0,0,0,0,0,0,0,0,0
36317001,8057,0,2,0,0,0,0,0,0,0,0,0
36320645,8058,0,2,0,0,0,0,0,0,0,0,0
36324289,8059,0,2,0,0,0,0,0,0,0,0,0
36327933,8060,0,2,0,0,0,0,0,0,0,0,0
36331578,8061,0,2,0,0,0,0,0,0,0,0,0
36335221,8062,0,2,0,0,0,0,0,0,0,0,0
36338865,8063,0,2,0,0,0,0,0,0,0,0,0
36342509,8064,0,2,0,0,0,0,0,0,0,0,0
36346153,8065,0,2,0,0,0,0,0,0,0,0,0
36349797,8066,0,2,0,0,0,0,0,0,0,0,0
36353441,8067,0,2,0,0,0,0,0,0,0,0,0
36357085,8068,0,2,0,0,0,0,0,0,0,0,0
36360729,8069,0,2,0,0,0,0,0,0,0,0,0
36364373,8070,0,2,0,0,0,0,0,0,0,0,0
36368018,8071,0,2,0,0,0,0,0,0,0,0,0
36371661,8072,0,2,0,0,0,0,0,0,0,0,0
36375305,8073,0,2,0,0,0,0,0,0,0,0,0
36378949,8074,0,2,0,0,0,0,0,0,0,0,0
36382593,8075,0,2,0,0,0,0,0,0,0,0,0
36386237,8076,0,2,0,0,0,0,0,0,0,0,0
36389881,8077,0,2,0,0,0,0,0,0,0,0,0
36393525,8078,0,2,0,0,0,0,0,0,0,0,0
36397169,8079,0,2,0,0,0,0,0,0,0,0,0
36400813,8080,0,2,0,0,0,0,0,0,0,0,0
36404458,8081,0,2,0,0,0,0,0,0,0,0,0
36408101,8082,0,2,0,0,0,0,0,0,0,0,0
36411745,8083,0,2,0,0,0,0,0,0,0,0,0
36415389,8084,0,2,0,0,0,0,0,0,0,0,0
36419034,8085,0,2,0,0,0,0,0,0,0,0,0
36422677,8086,0,2,0,0,0,0,0,0,0,0,0
36426321,8087,0,2,0,0,0,0,0,0,0,0,0
36429965,8088,0,2,0,0,0,0,0,0,0,0,0
36433609,8089,0,2,0,0,0,0,0,0,0,0,0
36437253,8090,0,2,0,0,0,0,0,0,0,0,0
36440898,8091,0,2,0,0,0,0,0,0,0,0,0
36444541,8092,0,2,0,0,0,0,0,0,0,0,0
36448185,8093,0,2,0,0,0,0,0,0,0,0,0
36451829,8094,0,2,0,0,0,0,0,0,0,0,0
36455473,8095,0,2,0,0,0,0,0,0,0,0,0
36459118,8096,0,2,0,0,0,0,0,0,0,0,0
36462761,8097,0,2,0,0,0,0,0,0,0,0,0
36466405,8098,0,2,0,0,0,0,0,0,0,0,0
36470049,8099,0,2,0,0,0,0,0,0,0,0,0
36473693,8100,0,2,0,0,0,0,0,0,0,0,0
36477338,8101,0,2,0,0,0,0,0,0,0,0,0
36480981,8102,0,2,0,0,0,0,0,0,0,0,0
36484625,8103,0,2,0,0,0,0,0,0,0,0,0
36488269,8104,0,2,0,0,0,0,0,0,0,0,0
36491913,8105,0,2,0,0,0,0,0,0,0,0,0
36495557,8106,0,2,0,0,0,0,0,0,0,0,0
36499201,8107,0,2,0,0,0,0,0,0,0,0,0
36502845,8108,0,2,0,0,0,0,0,0,0,0,0
36506489,8109,0,2,0,0,0,0,0,0,0,0,0
36510133,8110,0,2,0,0,0,0,0,0,0,0,0
36513778,8111,0,2,0,0,0,0,0,0,0,0,0
36517421,8112,0,2,0,0,0,0,0,0,0,0,0
36521065,8113,0,2,0,0,0,0,0,0,0,0,0
36524709,8114,0,2,0,0,0,0,0,0,0,0,0
36528353,8115,0,2,0,0,0,0,0,0,0,0,0
36531997,8116,0,2,0,0,0,0,0,0,0,0,0
36535641,8117,0,2,0,0,0,0,0,0,0,0,0
36539285,8118,0,2,0,0,0,0,0,0,0,0,0
36542929,8119,0,2,0,0,0,0,0,0,0,0,0
36546573,8120,0,2,0,0,0,0,0,0,0,0,0
36550218,8121,0,2,0,0,0,0,0,0,0,0,0
36553861,8122,0,2,0,0,0,0,0,0,0,0,0
36557505,8123,0,2,0,0,0,0,0,0,0,0,0
36561149,8124,0,2,0,0,0,0,0,0,0,0,0
36564793,8125,0,2,0,0,0,0,0,0,0,0,0
36568437,8126,0,2,0,0,0,0,0,0,0,0,0
36572081,8127,0,2,0,0,0,0,0,0,0,0,0
36575725,8128,0,2,0,0,0,0,0,0,0,0,0
36579369,8129,0,2,0,0,0,0,0,0,0,0,0
36583014,8130,0,2,0,0,0,0,0,0,0,0,0
36586658,8131,0,2,0,0,0,0,0,0,0,0,0
36590301,8132,0,2,0,0,0,0,0,0,0,0,0
36593945,8133,0,2,0,0,0,0,0,0,0,0,0
36597589,8134,0,2,0,0,0,0,0,0,0,0,0
36601233,8135,0,2,0,0,0,0,0,0,0,0,0
36604877,8136,0,2,0,0,0,0,0,0,0,0,0
36608521,8137,0,2,0,0,0,0,0,0,0,0,0
36612165,8138,0,2,0,0,0,0,0,0,0,0,0
36615809,8139,0,2,0,0,0,0,0,0,0,0,0
36619453,8140,0,2,0,0,0,0,0,0,0,0,0
36623098,8141,0,2,0,0,0,0,0,0,0,0,0
36626741,8142,0,2,0,0,0,0,0,0,0,0,0
36630385,8143,0,2,0,0,0,0,0,0,0,0,0
36634029,8144,0,2,0,0,0,0,0,0,0,0,0
36637673,8145,0,2,0,0,0,0,0,0,0,0,0
36641317,8146,0,2,0,0,0,0,0,0,0,0,0
36644961,8147,0,2,0,0,0,0,0,0,0,0,0
36648605,8148,0,2,0,0,0,0,0,0,0,0,0
36652249,8149,0,2,0,0,0,0,0,0,0,0,0
36655893,8150,0,2,0,0,0,0,0,0,0,0,0
36659538,8151,0,2,0,0,0,0,0,0,0,0,0
36663181,8152,0,2,0,0,0,0,0,0,0,0,0
36666825,8153,0,2,0,0,0,0,0,0,0,0,0
36670469,8154,0,2,0,0,0,0,0,0,0,0,0
36674113,8155,0,2,0,0,0,0,0,0,0,0,0
36677757,8156,0,2,0,0,0,0,0,0,0,0,0
36681401,8157,0,2,0,0,0,0,0,0,0,0,0
36685045,8158,0,2,0,0,0,0,0,0,0,0,0
36688689,8159,0,2,0,0,0,0,0,0,0,0,0
36692333,8160,0,2,0,0,0,0,0,0,0,0,0
36695978,8161,0,2,0,0,0,0,0,0,0,0,0
36699621,8162,0,2,0,0,0,0,0,0,0,0,0
36703265,8163,0,2,0,0,0,0,0,0,0,0,0
36706909,8164,0,2,0,0,0,0,0,0,0,0,0
36710553,8165,0,2,0,0,0,0,0,0,0,0,0
36714197,8166,0,2,0,0,0,0,0,0,0,0,0
36717841,8167,0,2,0,0,0,0,0,0,0,0,0
36721485,8168,0,2,0,0,0,0,0,0,0,0,0
36725129,8169,0,2,0,0,0,0,0,0,0,0,0
36728773,8170,0,2,0,0,0,0,0,0,0,0,0
36732418,8171,0,2,0,0,0,0,0,0,0,0,0
36736061,8172,0,2,0,0,0,0,0,0,0,0,0
36746151,8173,0,2,0,0,0,0,0,0,0,0,0
36749783,8174,0,2,0,0,0,0,0,0,0,0,0
36753427,8175,0,2,0,0,0,0,0,0,0,0,0
36757071,8176,0,2,0,0,0,0,0,0,0,0,0
36760715,8177,0,2,0,0,0,0,0,0,0,0,0
36764359,8178,0,2,0,0,0,0,0,0,0,0,0
36768003,8179,0,2,0,0,0,0,0,0,0,0,0
36771647,8180,0,2,0,0,0,0,0,0,0,0,0
36775292,8181,0,2,0,0,0,0,0,0,0,0,0
36778935,8182,0,2,0,0,0,0,0,0,0,0,0
36782579,8183,0,2,0,0,0,0,0,0,0,0,0
36786223,8184,0,2,0,0,0,0,0,0,0,0,0
36789867,8185,0,2,0,0,0,0,0,0,0,0,0
36793511,8186,0,2,0,0,0,0,0,0,0,0,0
36797155,8187,0,2,0,0,0,0,0,0,0,0,0
36800799,8188,0,2,0,0,0,0,0,0,0,0,0
36804443,8189,0,2,0,0,0,0,0,0,0,0,0
36808087,8190,0,2,0,0,0,0,0,0,0,0,0
36811732,8191,0,2,0,0,0,0,0,0,0,0,0
36815375,8192,0,2,0,0,0,0,0,0,0,0,0
36819019,8193,0,2,0,0,0,0,0,0,0,0,0
36822663,8194,0,2,0,0,0,0,0,0,0,0,0
36826307,8195,0,2,0,0,0,0,0,0,0,0,0
36829951,8196,0,2,0,0,0,0,0,0,0,0,0
36833595,8197,0,2,0,0,0,0,0,0,0,0,0
36837239,8198,0,2,0,0,0,0,0,0,0,0,0
36840883,8199,0,2,0,0,0,0,0,0,0,0,0
36844527,8200,0,2,0,0,0,0,0,0,0,0,0
36848172,8201,0,2,0,0,0,0,0,0,0,0,0
36851815,8202,0,2,0,0,0,0,0,0,0,0,0
36855459,8203,0,2,0,0,0,0,0,0,0,0,0
36859103,8204,0,2,0,0,0,0,0,0,0,0,0
36862747,8205,0,2,0,0,0,0,0,0,0,0,0
36866391,8206,0,2,0,0,0,0,0,0,0,0,0
36870035,8207,0,2,0,0,0,0,0,0,0,0,0
36873679,8208,0,2,0,0,0,0,0,0,0,0,0
36877323,8209,0,2,0,0,0,0,0,0,0,0,0
36880967,8210,0,2,0,0,0,0,0,0,0,0,0
36884612,8211,0,2,0,0,0,0,0,0,0,0,0
36888255,8212,0,2,0,0,0,0,0,0,0,0,0
36891899,8213,0,2,0,0,0,0,0,0,0,0,0
36895543,8214,0,2,0,0,0,0,0,0,0,0,0
36899187,8215,0,2,0,0,0,0,0,0,0,0,0
36902831,8216,0,2,0,0,0,0,0,0,0,0,0
36906475,8217,0,2,0,0,0,0,0,0,0,0,0
36910119,8218,0,2,0,0,0,0,0,0,0,0,0
36913763,8219,0,2,0,0,0,0,0,0,0,0,0
36917407,8220,0,2,0,0,0,0,0,0,0,0,0
36921052,8221,0,2,0,0,0,0,0,0,0,0,0
36924695,8222,0,2,0,0,0,0,0,0,0,0,0
36928339,8223,0,2,0,0,0,0,0,0,0,0,0
36931983,8224,0,2,0,0,0,0,0,0,0,0,0
36935627,8225,0,2,0,0,0,0,0,0,0,0,0
36939271,8226,0,2,0,0,0,0,0,0,0,0,0
36942915,8227,0,2,0,0,0,0,0,0,0,0,0
36946559,8228,0,2,0,0,0,0,0,0,0,0,0
36950203,8229,0,2,0,0,0,0,0,0,0,0,0
36953847,8230,0,2,0,0,0,0,0,0,0,0,0
36957492,8231,0,2,0,0,0,0,0,0,0,0,0
36961135,8232,0,2,0,0,0,0,0,0,0,0,0
36964779,8233,0,2,0,0,0,0,0,0,0,0,0
36968423,8234,0,2,0,0,0,0,0,0,0,0,0
36972067,8235,0,2,0,0,0,0,0,0,0,0,0
36975711,8236,0,2,0,0,0,0,0,0,0,0,0
36979355,8237,0,2,0,0,0,0,0,0,0,0,0
36982999,8238,0,2,0,0,0,0,0,0,0,0,0
36986643,8239,0,2,0,0,0,0,0,0,0,0,0
36990287,8240,0,2,0,0,0,0,0,0,0,0,0
36993932,8241,0,2,0,0,0,0,0,0,0,0,0
36997575,8242,0,2,0,0,0,0,0,0,0,0,0
37001219,8243,0,2,0,0,0,0,0,0,0,0,0
37004863,8244,0,2,0,0,0,0,0,0,0,0,0
37008507,8245,0,2,0,0,0,0,0,0,0,0,0
37012151,8246,0,2,0,0,0,0,0,0,0,0,0
37015795,8247,0,2,0,0,0,0,0,0,0,0,0
37019439,8248,0,2,0,0,0,0,0,0,0,0,0
37023083,8249,0,2,0,0,0,0,0,0,0,0,0
37026727,8250,0,2,0,0,0,0,0,0,0,0,0
37030372,8251,0,2,0,0,0,0,0,0,0,0,0
37034015,8252,0,2,0,0,0,0,0,0,0,0,0
37037659,8253,0,2,0,0,0,0,0,0,0,0,0
37041303,8254,0,2,0,0,0,0,0,0,0,0,0
37044947,8255,0,2,0,0,0,0,0,0,0,0,0
37048591,8256,0,2,0,0,0,0,0,0,0,0,0
37052235,8257,0,2,0,0,0,0,0,0,0,0,0
37055879,8258,0,2,0,0,0,0,0,0,0,0,0
37059523,8259,0,2,0,0,0,0,0,0,0,0,0
37063167,8260,0,2,0,0,0,0,0,0,0,0,0
37066812,8261,0,2,0,0,0,0,0,0,0,0,0
37070455,8262,0,2,0,0,0,0,0,0,0,0,0
37074099,8263,0,2,0,0,0,0,0,0,0,0,0
37077743,8264,0,2,0,0,0,0,0,0,0,0,0
37081387,8265,0,2,0,0,0,0,0,0,0,0,0
37085031,8266,0,2,0,0,0,0,0,0,0,0,0
37088675,8267,0,2,0,0,0,0,0,0,0,0,0
37092319,8268,0,2,0,0,0,0,0,0,0,0,0
37095963,8269,0,2,0,0,0,0,0,0,0,0,0
37099607,8270,0,2,0,0,0,0,0,0,0,0,0
37103252,8271,0,2,0,0,0,0,0,0,0,0,0
37106895,8272,0,2,0,0,0,0,0,0,0,0,0
37110539,8273,0,2,0,0,0,0,0,0,0,0,0
37114183,8274,0,2,0,0,0,0,0,0,0,0,0
37117827,8275,0,2,0,0,0,0,0,0,0,0,0
37121471,8276,0,2,0,0,0,0,0,0,0,0,0
37125115,8277,0,2,0,0,0,0,0,0,0,0,0
37128759,8278,0,2,0,0,0,0,0,0,0,0,0
37132403,8279,0,2,0,0,0,0,0,0,0,0,0
37136047,8280,0,2,0,0,0,0,0,0,0,0,0
37139692,8281,0,2,0,0,0,0,0,0,0,0,0
37143335,8282,0,2,0,0,0,0,0,0,0,0,0
37146979,8283,0,2,0,0,0,0,0,0,0,0,0
37150623,8284,0,2,0,0,0,0,0,0,0,0,0
37154267,8285,0,2,0,0,0,0,0,0,0,0,0
37157911,8286,0,2,0,0,0,0,0,0,0,0,0
37161555,8287,0,2,0,0,0,0,0,0,0,0,0
37165199,8288,0,2,0,0,0,0,0,0,0,0,0
37168843,8289,0,2,0,0,0,0,0,0,0,0,0
37172487,8290,0,2,0,0,0,0,0,0,0,0,0
37176132,8291,0,2,0,0,0,0,0,0,0,0,0
37179775,8292,0,2,0,0,0,0,0,0,0,0,0
37183419,8293,0,2,0,0,0,0,0,0,0,0,0
37187063,8294,0,2,0,0,0,0,0,0,0,0,0
37190707,8295,0,2,0,0,0,0,0,0,0,0,0
37194351,8296,0,2,0,0,0,0,0,0,0,0,0
37197995,8297,0,2,0,0,0,0,0,0,0,0,0
37201639,8298,0,2,0,0,0,0,0,0,0,0,0
37205283,8299,0,2,0,0,0,0,0,0,0,0,0
37208927,8300,0,2,0,0,0,0,0,0,0,0,0
37212572,8301,0,2,0,0,0,0,0,0,0,0,0
37216215,8302,0,2,0,0,0,0,0,0,0,0,0
37219859,8303,0,2,0,0,0,0,0,0,0,0,0
37223503,8304,0,2,0,0,0,0,0,0,0,0,0
37227147,8305,0,2,0,0,0,0,0,0,0,0,0
37230791,8306,0,2,0,0,0,0,0,0,0,0,0
37234435,8307,0,2,0,0,0,0,0,0,0,0,0
37238079,8308,0,2,0,0,0,0,0,0,0,0,0
37241723,8309,0,2,0,0,0,0,0,0,0,0,0
37245367,8310,0,2,0,0,0,0,0,0,0,0,0
37249012,8311,0,2,0,0,0,0,0,0,0,0,0
37252655,8312,0,2,0,0,0,0,0,0,0,0,0
37256299,8313,0,2,0,0,0,0,0,0,0,0,0
37259943,8314,0,2,0,0,0,0,0,0,0,0,0
37263587,8315,0,2,0,0,0,0,0,0,0,0,0
37267231,8316,0,2,0,0,0,0,0,0,0,0,0
37270875,8317,0,2,0,0,0,0,0,0,0,0,0
37274519,8318,0,2,0,0,0,0,0,0,0,0,0
37278163,8319,0,2,0,0,0,0,0,0,0,0,0
37281807,8320,0,2,0,0,0,0,0,0,0,0,0
37285452,8321,0,2,0,0,0,0,0,0,0,0,0
37289096,8322,0,2,0,0,0,0,0,0,0,0,0
37292739,8323,0,2,0,0,0,0,0,0,0,0,0
37296383,8324,0,2,0,0,0,0,0,0,0,0,0
37300027,8325,0,2,0,0,0,0,0,0,0,0,0
37303671,8326,0,2,0,0,0,0,0,0,0,0,0
37307315,8327,0,2,0,0,0,0,0,0,0,0,0
37310959,8328,0,2,0,0,0,0,0,0,0,0,0
37314603,8329,0,2,0,0,0,0,0,0,0,0,0
37318247,8330,0,2,0,0,0,0,0,0,0,0,0
37321892,8331,0,2,0,0,0,0,0,0,0,0,0
37325535,8332,0,2,0,0,0,0,0,0,0,0,0
37329179,8333,0,2,0,0,0,0,0,0,0,0,0
37332823,8334,0,2,0,0,0,0,0,0,0,0,0
37336467,8335,0,2,0,0,0,0,0,0,0,0,0
37340111,8336,0,2,0,0,0,0,0,0,0,0,0
37343755,8337,0,2,0,0,0,0,0,0,0,0,0
37347399,8338,0,2,0,0,0,0,0,0,0,0,0
37351043,8339,0,2,0,0,0,0,0,0,0,0,0
37354687,8340,0,2,0,0,0,0,0,0,0,0,0
37358332,8341,0,2,0,0,0,0,0,0,0,0,0
37361975,8342,0,2,0,0,0,0,0,0,0,0,0
37365619,8343,0,2,0,0,0,0,0,0,0,0,0
37369263,8344,0,2,0,0,0,0,0,0,0,0,0
37372907,8345,0,2,0,0,0,0,0,0,0,0,0
37376551,8346,0,2,0,0,0,0,0,0,0,0,0
37380195,8347,0,2,0,0,0,0,0,0,0,0,0
37383839,8348,0,2,0,0,0,0,0,0,0,0,0
37387483,8349,0,2,0,0,0,0,0,0,0,0,0
37391127,8350,0,2,0,0,0,0,0,0,0,0,0
37394772,8351,0,2,0,0,0,0,0,0,0,0,0
37398415,8352,0,2,0,0,0,0,0,0,0,0,0
37402059,8353,0,2,0,0,0,0,0,0,0,0,0
37405703,8354,0,2,0,0,0,0,0,0,0,0,0
37409347,8355,0,2,0,0,0,0,0,0,0,0,0
37412991,8356,0,2,0,0,0,0,0,0,0,0,0
37416635,8357,0,2,0,0,0,0,0,0,0,0,0
37420279,8358,0,2,0,0,0,0,0,0,0,0,0
37423923,8359,0,2,0,0,0,0,0,0,0,0,0
37427567,8360,0,2,0,0,0,0,0,0,0,0,0
37431212,8361,0,2,0,0,0,0,0,0,0,0,0
37434855,8362,0,2,0,0,0,0,0,0,0,0,0
37438499,8363,0,2,0,0,0,0,0,0,0,0,0
37442143,8364,0,2,0,0,0,0,0,0,0,0,0
37445787,8365,0,2,0,0,0,0,0,0,0,0,0
37449431,8366,0,2,0,0,0,0,0,0,0,0,0
37453076,8367,0,2,0,0,0,0,0,0,0,0,0
37456719,8368,0,2,0,0,0,0,0,0,0,0,0
37460363,8369,0,2,0,0,0,0,0,0,0,0,0
37464007,8370,0,2,0,0,0,0,0,0,0,0,0
37467652,8371,0,2,0,0,0,0,0,0,0,0,0
37471295,8372,0,2,0,0,0,0,0,0,0,0,0
37474939,8373,0,2,0,0,0,0,0,0,0,0,0
37478583,8374,0,2,0,0,0,0,0,0,0,0,0
37482227,8375,0,2,0,0,0,0,0,0,0,0,0
37485871,8376,0,2,0,0,0,0,0,0,0,0,0
37489515,8377,0,2,0,0,0,0,0,0,0,0,0
37493159,8378,0,2,0,0,0,0,0,0,0,0,0
37496803,8379,0,2,0,0,0,0,0,0,0,0,0
37500447,8380,0,2,0,0,0,0,0,0,0,0,0
37504092,8381,0,2,0,0,0,0,0,0,0,0,0
37507735,8382,0,2,0,0,0,0,0,0,0,0,0
37511379,8383,0,2,0,0,0,0,0,0,0,0,0
37515024,8384,0,2,0,0,0,0,0,0,0,0,0
37518667,8385,0,2,0,0,0,0,0,0,0,0,0
37522311,8386,0,2,0,0,0,0,0,0,0,0,0
37525955,8387,0,2,0,0,0,0,0,0,0,0,0
37529599,8388,0,2,0,0,0,0,0,0,0,0,0
37533243,8389,0,2,0,0,0,0,0,0,0,0,0
37536887,8390,0,2,0,0,0,0,0,0,0,0,0
37540532,8391,0,2,0,0,0,0,0,0,0,0,0
37544175,8392,0,2,0,0,0,0,0,0,0,0,0
37547819,8393,0,2,0,0,0,0,0,0,0,0,0
37551463,8394,0,2,0,0,0,0,0,0,0,0,0
37555107,8395,0,2,0,0,0,0,0,0,0,0,0
37558751,8396,0,2,0,0,0,0,0,0,0,0,0
37562395,8397,0,2,0,0,0,0,0,0,0,0,0
37566039,8398,0,2,0,0,0,0,0,0,0,0,0
37569683,8399,0,2,0,0,0,0,0,0,0,0,0
37578207,8400,0,2,0,0,0,0,0,0,0,0,0
37581840,8401,0,2,0,0,0,0,0,0,0,0,0
37585483,8402,0,2,0,0,0,0,0,0,0,0,0
37589127,8403,0,2,0,0,0,0,0,0,0,0,0
37592771,8404,0,2,0,0,0,0,0,0,0,0,0
37596415,8405,0,2,0,0,0,0,0,0,0,0,0
37600059,8406,0,2,0,0,0,0,0,0,0,0,0
37603703,8407,0,2,0,0,0,0,0,0,0,0,0
37607347,8408,0,2,0,0,0,0,0,0,0,0,0
37610991,8409,0,2,0,0,0,0,0,0,0,0,0
37614635,8410,0,2,0,0,0,0,0,0,0,0,0
37618280,8411,0,2,0,0,0,0,0,0,0,0,0
37621923,8412,0,2,0,0,0,0,0,0,0,0,0
37625567,8413,0,2,0,0,0,0,0,0,0,0,0
37629211,8414,0,2,0,0,0,0,0,0,0,0,0
37632855,8415,0,2,0,0,0,0,0,0,0,0,0
37636499,8416,0,2,0,0,0,0,0,0,0,0,0
37640143,8417,0,2,0,0,0,0,0,0,0,0,0
37643787,8418,0,2,0,0,0,0,0,0,0,0,0
37647431,8419,0,2,0,0,0,0,0,0,0,0,0
37651076,8420,0,2,0,0,0,0,0,0,0,0,0
37654720,8421,0,2,0,0,0,0,0,0,0,0,0
37658363,8422,0,2,0,0,0,0,0,0,0,0,0
37662007,8423,0,2,0,0,0,0,0,0,0,0,0
37665651,8424,0,2,0,0,0,0,0,0,0,0,0
37669295,8425,0,2,0,0,0,0,0,0,0,0,0
37672939,8426,0,2,0,0,0,0,0,0,0,0,0
37676583,8427,0,2,0,0,0,0,0,0,0,0,0
37680227,8428,0,2,0,0,0,0,0,0,0,0,0
37683871,8429,0,2,0,0,0,0,0,0,0,0,0
37687515,8430,0,2,0,0,0,0,0,0,0,0,0
37691160,8431,0,2,0,0,0,0,0,0,0,0,0
37694803,8432,0,2,0,0,0,0,0,0,0,0,0
37698447,8433,0,2,0,0,0,0,0,0,0,0,0
37702091,8434,0,2,0,0,0,0,0,0,0,0,0
37705735,8435,0,2,0,0,0,0,0,0,0,0,0
37709379,8436,0,2,0,0,0,0,0,0,0,0,0
37713024,8437,0,2,0,0,0,0,0,0,0,0,0
37716667,8438,0,2,0,0,0,0,0,0,0,0,0
37720311,8439,0,2,0,0,0,0,0,0,0,0,0
37723955,8440,0,2,0,0,0,0,0,0,0,0,0
37727600,8441,0,2,0,0,0,0,0,0,0,0,0
37731243,8442,0,2,0,0,0,0,0,0,0,0,0
37734887,8443,0,2,0,0,0,0,0,0,0,0,0
37738531,8444,0,2,0,0,0,0,0,0,0,0,0
37742175,8445,0,2,0,0,0,0,0,0,0,0,0
37745819,8446,0,2,0,0,0,0,0,0,0,0,0
37749463,8447,0,2,0,0,0,0,0,0,0,0,0
37753107,8448,0,2,0,0,0,0,0,0,0,0,0
37756751,8449,0,2,0,0,0,0,0,0,0,0,0
37760395,8450,0,2,0,0,0,0,0,0,0,0,0
37764040,8451,0,2,0,0,0,0,0,0,0,0,0
37767683,8452,0,2,0,0,0,0,0,0,0,0,0
37771327,8453,0,2,0,0,0,0,0,0,0,0,0
37774971,8454,0,2,0,0,0,0,0,0,0,0,0
37778615,8455,0,2,0,0,0,0,0,0,0,0,0
37782259,8456,0,2,0,0,0,0,0,0,0,0,0
37785903,8457,0,2,0,0,0,0,0,0,0,0,0
37789547,8458,0,2,0,0,0,0,0,0,0,0,0
37793191,8459,0,2,0,0,0,0,0,0,0,0,0
37796835,8460,0,2,0,0,0,0,0,0,0,0,0
37800480,8461,0,2,0,0,0,0,0,0,0,0,0
37804123,8462,0,2,0,0,0,0,0,0,0,0,0
37807767,8463,0,2,0,0,0,0,0,0,0,0,0
37811411,8464,0,2,0,0,0,0,0,0,0,0,0
37815055,8465,0,2,0,0,0,0,0,0,0,0,0
37818699,8466,0,2,0,0,0,0,0,0,0,0,0
37822343,8467,0,2,0,0,0,0,0,0,0,0,0
37825987,8468,0,2,0,0,0,0,0,0,0,0,0
37829631,8469,0,2,0,0,0,0,0,0,0,0,0
37833275,8470,0,2,0,0,0,0,0,0,0,0,0
37836920,8471,0,2,0,0,0,0,0,0,0,0,0
37840563,8472,0,2,0,0,0,0,0,0,0,0,0
37844207,8473,0,2,0,0,0,0,0,0,0,0,0
37847851,8474,0,2,0,0,0,0,0,0,0,0,0
37851495,8475,0,2,0,0,0,0,0,0,0,0,0
37855139,8476,0,2,0,0,0,0,0,0,0,0,0
37858783,8477,0,2,0,0,0,0,0,0,0,0,0
37862427,8478,0,2,0,0,0,0,0,0,0,0,0
37866071,8479,0,2,0,0,0,0,0,0,0,0,0
37869715,8480,0,2,0,0,0,0,0,0,0,0,0
37873360,8481,0,2,0,0,0,0,0,0,0,0,0
37877003,8482,0,2,0,0,0,0,0,0,0,0,0
37880647,8483,0,2,0,0,0,0,0,0,0,0,0
37884291,8484,0,2,0,0,0,0,0,0,0,0,0
37887935,8485,0,2,0,0,0,0,0,0,0,0,0
37891579,8486,0,2,0,0,0,0,0,0,0,0,0
37895223,8487,0,2,0,0,0,0,0,0,0,0,0
37898867,8488,0,2,0,0,0,0,0,0,0,0,0
37902511,8489,0,2,0,0,0,0,0,0,0,0,0
37906155,8490,0,2,0,0,0,0,0,0,0,0,0
37909800,8491,0,2,0,0,0,0,0,0,0,0,0
37913443,8492,0,2,0,0,0,0,0,0,0,0,0
37917087,8493,0,2,0,0,0,0,0,0,0,0,0
37920731,8494,0,2,0,0,0,0,0,0,0,0,0
37924375,8495,0,2,0,0,0,0,0,0,0,0,0
37928019,8496,0,2,0,0,0,0,0,0,0,0,0
37931663,8497,0,2,0,0,0,0,0,0,0,0,0
37935307,8498,0,2,0,0,0,0,0,0,0,0,0
37938951,8499,0,2,0,0,0,0,0,0,0,0,0
37942595,8500,0,2,0,0,0,0,0,0,0,0,0
37946240,8501,0,2,0,0,0,0,0,0,0,0,0
37949883,8502,0,2,0,0,0,0,0,0,0,0,0
37953527,8503,0,2,0,0,0,0,0,0,0,0,0
37957171,8504,0,2,0,0,0,0,0,0,0,0,0
37960815,8505,0,2,0,0,0,0,0,0,0,0,0
37964459,8506,0,2,0,0,0,0,0,0,0,0,0
37968103,8507,0,2,0,0,0,0,0,0,0,0,0
37971747,8508,0,2,0,0,0,0,0,0,0,0,0
37975391,8509,0,2,0,0,0,0,0,0,0,0,0
37979035,8510,0,2,0,0,0,0,0,0,0,0,0
37982680,8511,0,2,0,0,0,0,0,0,0,0,0
37986323,8512,0,2,0,0,0,0,0,0,0,0,0
37989967,8513,0,2,0,0,0,0,0,0,0,0,0
37993611,8514,0,2,0,0,0,0,0,0,0,0,0
37997255,8515,0,2,0,0,0,0,0,0,0,0,0
38000899,8516,0,2,0,0,0,0,0,0,0,0,0
38004543,8517,0,2,0,0,0,0,0,0,0,0,0
38008187,8518,0,2,0,0,0,0,0,0,0,0,0
38011831,8519,0,2,0,0,0,0,0,0,0,0,0
38015475,8520,0,2,0,0,0,0,0,0,0,0,0
38019120,8521,0,2,0,0,0,0,0,0,0,0,0
38022763,8522,0,2,0,0,0,0,0,0,0,0,0
38026407,8523,0,2,0,0,0,0,0,0,0,0,0
38030051,8524,0,2,0,0,0,0,0,0,0,0,0
38033695,8525,0,2,0,0,0,0,0,0,0,0,0
38037339,8526,0,2,0,0,0,0,0,0,0,0,0
38040983,8527,0,2,0,0,0,0,0,0,0,0,0
38044627,8528,0,2,0,0,0,0,0,0,0,0,0
38048271,8529,0,2,0,0,0,0,0,0,0,0,0
38051915,8530,0,2,0,0,0,0,0,0,0,0,0
38055560,8531,0,2,0,0,0,0,0,0,0,0,0
38059203,8532,0,2,0,0,0,0,0,0,0,0,0
38062847,8533,0,2,0,0,0,0,0,0,0,0,0
38066491,8534,0,2,0,0,0,0,0,0,0,0,0
38070135,8535,0,2,0,0,0,0,0,0,0,0,0
38073779,8536,0,2,0,0,0,0,0,0,0,0,0
38077423,8537,0,2,0,0,0,0,0,0,0,0,0
38081067,8538,0,2,0,0,0,0,0,0,0,0,0
38084711,8539,0,2,0,0,0,0,0,0,0,0,0
38088355,8540,0,2,0,0,0,0,0,0,0,0,0
38092000,8541,0,2,0,0,0,0,0,0,0,0,0
38095643,8542,0,2,0,0,0,0,0,0,0,0,0
38099287,8543,0,2,0,0,0,0,0,0,0,0,0
38102931,8544,0,2,0,0,0,0,0,0,0,0,0
38106575,8545,0,2,0,0,0,0,0,0,0,0,0
38110219,8546,0,2,0,0,0,0,0,0,0,0,0
38113863,8547,0,2,0,0,0,0,0,0,0,0,0
38117507,8548,0,2,0,0,0,0,0,0,0,0,0
38121151,8549,0,2,0,0,0,0,0,0,0,0,0
38124795,8550,0,2,0,0,0,0,0,0,0,0,0
38128440,8551,0,2,0,0,0,0,0,0,0,0,0
38132083,8552,0,2,0,0,0,0,0,0,0,0,0
38135727,8553,0,2,0,0,0,0,0,0,0,0,0
38139371,8554,0,2,0,0,0,0,0,0,0,0,0
38143015,8555,0,2,0,0,0,0,0,0,0,0,0
38146659,8556,0,2,0,0,0,0,0,0,0,0,0
38150303,8557,0,2,0,0,0,0,0,0,0,0,0
38153947,8558,0,2,0,0,0,0,0,0,0,0,0
38157591,8559,0,2,0,0,0,0,0,0,0,0,0
38161235,8560,0,2,0,0,0,0,0,0,0,0,0
38164880,8561,0,2,0,0,0,0,0,0,0,0,0
38168523,8562,0,2,0,0,0,0,0,0,0,0,0
38172167,8563,0,2,0,0,0,0,0,0,0,0,0
38175811,8564,0,2,0,0,0,0,0,0,0,0,0
38179455,8565,0,2,0,0,0,0,0,0,0,0,0
38183099,8566,0,2,0,0,0,0,0,0,0,0,0
38186743,8567,0,2,0,0,0,0,0,0,0,0,0
38190387,8568,0,2,0,0,0,0,0,0,0,0,0
38194031,8569,0,2,0,0,0,0,0,0,0,0,0
38197675,8570,0,2,0,0,0,0,0,0,0,0,0
38201320,8571,0,2,0,0,0,0,0,0,0,0,0
38204963,8572,0,2,0,0,0,0,0,0,0,0,0
38208607,8573,0,2,0,0,0,0,0,0,0,0,0
38212251,8574,0,2,0,0,0,0,0,0,0,0,0
38215895,8575,0,2,0,0,0,0,0,0,0,0,0
38219539,8576,0,2,0,0,0,0,0,0,0,0,0
38223183,8577,0,2,0,0,0,0,0,0,0,0,0
38226827,8578,0,2,0,0,0,0,0,0,0,0,0
38230471,8579,0,2,0,0,0,0,0,0,0,0,0
38234115,8580,0,2,0,0,0,0,0,0,0,0,0
38237760,8581,0,2,0,0,0,0,0,0,0,0,0
38241403,8582,0,2,0,0,0,0,0,0,0,0,0
38245048,8583,0,2,0,0,0,0,0,0,0,0,0
38248691,8584,0,2,0,0,0,0,0,0,0,0,0
38252335,8585,0,2,0,0,0,0,0,0,0,0,0
38255979,8586,0,2,0,0,0,0,0,0,0,0,0
38259623,8587,0,2,0,0,0,0,0,0,0,0,0
38263267,8588,0,2,0,0,0,0,0,0,0,0,0
38266911,8589,0,2,0,0,0,0,0,0,0,0,0
38270555,8590,0,2,0,0,0,0,0,0,0,0,0
38274200,8591,0,2,0,0,0,0,0,0,0,0,0
38277843,8592,0,2,0,0,0,0,0,0,0,0,0
38281487,8593,0,2,0,0,0,0,0,0,0,0,0
38285131,8594,0,2,0,0,0,0,0,0,0,0,0
38288775,8595,0,2,0,0,0,0,0,0,0,0,0
38292419,8596,0,2,0,0,0,0,0,0,0,0,0
38296063,8597,0,2,0,0,0,0,0,0,0,0,0
38299707,8598,0,2,0,0,0,0,0,0,0,0,0
38303351,8599,0,2,0,0,0,0,0,0,0,0,0
38306995,8600,0,2,0,0,0,0,0,0,0,0,0
38310640,8601,0,2,0,0,0,0,0,0,0,0,0
38314283,8602,0,2,0,0,0,0,0,0,0,0,0
38317927,8603,0,2,0,0,0,0,0,0,0,0,0
38321571,8604,0,2,0,0,0,0,0,0,0,0,0
38325215,8605,0,2,0,0,0,0,0,0,0,0,0
38328859,8606,0,2,0,0,0,0,0,0,0,0,0
38332503,8607,0,2,0,0,0,0,0,0,0,0,0
38336147,8608,0,2,0,0,0,0,0,0,0,0,0
38339791,8609,0,2,0,0,0,0,0,0,0,0,0
38343435,8610,0,2,0,0,0,0,0,0,0,0,0
38347080,8611,0,2,0,0,0,0,0,0,0,0,0
38350723,8612,0,2,0,0,0,0,0,0,0,0,0
38354367,8613,0,2,0,0,0,0,0,0,0,0,0
38358011,8614,0,2,0,0,0,0,0,0,0,0,0
38361655,8615,0,2,0,0,0,0,0,0,0,0,0
38365299,8616,0,2,0,0,0,0,0,0,0,0,0
38368943,8617,0,2,0,0,0,0,0,0,0,0,0
38372587,8618,0,2,0,0,0,0,0,0,0,0,0
38376231,8619,0,2,0,0,0,0,0,0,0,0,0
38379875,8620,0,2,0,0,0,0,0,0,0,0,0
38383520,8621,0,2,0,0,0,0,0,0,0,0,0
38387163,8622,0,2,0,0,0,0,0,0,0,0,0
38390807,8623,0,2,0,0,0,0,0,0,0,0,0
38394451,8624,0,2,0,0,0,0,0,0,0,0,0
38398095,8625,0,2,0,0,0,0,0,0,0,0,0
38401739,8626,0,2,0,0,0,0,0,0,0,0,0
38412128,8627,0,2,0,0,0,0,0,0,0,0,0
38415760,8628,0,2,0,0,0,0,0,0,0,0,0
38419404,8629,0,2,0,0,0,0,0,0,0,0,0
38423048,8630,0,2,0,0,0,0,0,0,0,0,0
38426693,8631,0,2,0,0,0,0,0,0,0,0,0
38430336,8632,0,2,0,0,0,0,0,0,0,0,0
38433980,8633,0,2,0,0,0,0,0,0,0,0,0
38437624,8634,0,2,0,0,0,0,0,0,0,0,0
38441268,8635,0,2,0,0,0,0,0,0,0,0,0
38444912,8636,0,2,0,0,0,0,0,0,0,0,0
38448556,8637,0,2,0,0,0,0,0,0,0,0,0
38452200,8638,0,2,0,0,0,0,0,0,0,0,0
38455844,8639,0,2,0,0,0,0,0,0,0,0,0
38459488,8640,0,2,0,0,0,0,0,0,0,0,0
38463133,8641,0,2,0,0,0,0,0,0,0,0,0
38466776,8642,0,2,0,0,0,0,0,0,0,0,0
38470420,8643,0,2,0,0,0,0,0,0,0,0,0
38474064,8644,0,2,0,0,0,0,0,0,0,0,0
38477708,8645,0,2,0,0,0,0,0,0,0,0,0
38481352,8646,0,2,0,0,0,0,0,0,0,0,0
38484996,8647,0,2,0,0,0,0,0,0,0,0,0
38488640,8648,0,2,0,0,0,0,0,0,0,0,0
38492284,8649,0,2,0,0,0,0,0,0,0,0,0
38495928,8650,0,2,0,0,0,0,0,0,0,0,0
38499573,8651,0,2,0,0,0,0,0,0,0,0,0
38503216,8652,0,2,0,0,0,0,0,0,0,0,0
38506860,8653,0,2,0,0,0,0,0,0,0,0,0
38510504,8654,0,2,0,0,0,0,0,0,0,0,0
38514148,8655,0,2,0,0,0,0,0,0,0,0,0
38517792,8656,0,2,0,0,0,0,0,0,0,0,0
38521436,8657,0,2,0,0,0,0,0,0,0,0,0
38525080,8658,0,2,0,0,0,0,0,0,0,0,0
38528724,8659,0,2,0,0,0,0,0,0,0,0,0
38532368,8660,0,2,0,0,0,0,0,0,0,0,0
38536013,8661,0,2,0,0,0,0,0,0,0,0,0
38539656,8662,0,2,0,0,0,0,0,0,0,0,0
38543300,8663,0,2,0,0,0,0,0,0,0,0,0
38546944,8664,0,2,0,0,0,0,0,0,0,0,0
38550588,8665,0,2,0,0,0,0,0,0,0,0,0
38554232,8666,0,2,0,0,0,0,0,0,0,0,0
38557876,8667,0,2,0,0,0,0,0,0,0,0,0
38561520,8668,0,2,0,0,0,0,0,0,0,0,0
38565164,8669,0,2,0,0,0,0,0,0,0,0,0
38568808,8670,0,2,0,0,0,0,0,0,0,0,0
38572453,8671,0,2,0,0,0,0,0,0,0,0,0
38576096,8672,0,2,0,0,0,0,0,0,0,0,0
38579740,8673,0,2,0,0,0,0,0,0,0,0,0
38583384,8674,0,2,0,0,0,0,0,0,0,0,0
38587028,8675,0,2,0,0,0,0,0,0,0,0,0
38590672,8676,0,2,0,0,0,0,0,0,0,0,0
38594316,8677,0,2,0,0,0,0,0,0,0,0,0
38597960,8678,0,2,0,0,0,0,0,0,0,0,0
38601604,8679,0,2,0,0,0,0,0,0,0,0,0
38605248,8680,0,2,0,0,0,0,0,0,0,0,0
38608893,8681,0,2,0,0,0,0,0,0,0,0,0
38612536,8682,0,2,0,0,0,0,0,0,0,0,0
38616180,8683,0,2,0,0,0,0,0,0,0,0,0
38619824,8684,0,2,0,0,0,0,0,0,0,0,0
38623468,8685,0,2,0,0,0,0,0,0,0,0,0
38627112,8686,0,2,0,0,0,0,0,0,0,0,0
38630756,8687,0,2,0,0,0,0,0,0,0,0,0
38634400,8688,0,2,0,0,0,0,0,0,0,0,0
38638044,8689,0,2,0,0,0,0,0,0,0,0,0
38641688,8690,0,2,0,0,0,0,0,0,0,0,0
38645333,8691,0,2,0,0,0,0,0,0,0,0,0
38648976,8692,0,2,0,0,0,0,0,0,0,0,0
38652620,8693,0,2,0,0,0,0,0,0,0,0,0
38656264,8694,0,2,0,0,0,0,0,0,0,0,0
38659908,8695,0,2,0,0,0,0,0,0,0,0,0
38663552,8696,0,2,0,0,0,0,0,0,0,0,0
38667196,8697,0,2,0,0,0,0,0,0,0,0,0
38670840,8698,0,2,0,0,0,0,0,0,0,0,0
38674484,8699,0,2,0,0,0,0,0,0,0,0,0
38678128,8700,0,2,0,0,0,0,0,0,0,0,0
38681773,8701,0,2,0,0,0,0,0,0,0,0,0
38685416,8702,0,2,0,0,0,0,0,0,0,0,0
38689060,8703,0,2,0,0,0,0,0,0,0,0,0
38692704,8704,0,2,0,0,0,0,0,0,0,0,0
38696348,8705,0,2,0,0,0,0,0,0,0,0,0
38699992,8706,0,2,0,0,0,0,0,0,0,0,0
38703636,8707,0,2,0,0,0,0,0,0,0,0,0
38707280,8708,0,2,0,0,0,0,0,0,0,0,0
38710924,8709,0,2,0,0,0,0,0,0,0,0,0
38714568,8710,0,2,0,0,0,0,0,0,0,0,0
38718213,8711,0,2,0,0,0,0,0,0,0,0,0
38721856,8712,0,2,0,0,0,0,0,0,0,0,0
38725500,8713,0,2,0,0,0,0,0,0,0,0,0
38729144,8714,0,2,0,0,0,0,0,0,0,0,0
38732788,8715,0,2,0,0,0,0,0,0,0,0,0
38736432,8716,0,2,0,0,0,0,0,0,0,0,0
38740076,8717,0,2,0,0,0,0,0,0,0,0,0
38743720,8718,0,2,0,0,0,0,0,0,0,0,0
38747364,8719,0,2,0,0,0,0,0,0,0,0,0
38751008,8720,0,2,0,0,0,0,0,0,0,0,0
38754653,8721,0,2,0,0,0,0,0,0,0,0,0
38758296,8722,0,2,0,0,0,0,0,0,0,0,0
38761940,8723,0,2,0,0,0,0,0,0,0,0,0
38765584,8724,0,2,0,0,0,0,0,0,0,0,0
38769228,8725,0,2,0,0,0,0,0,0,0,0,0
38772872,8726,0,2,0,0,0,0,0,0,0,0,0
38776516,8727,0,2,0,0,0,0,0,0,0,0,0
38780160,8728,0,2,0,0,0,0,0,0,0,0,0
38783804,8729,0,2,0,0,0,0,0,0,0,0,0
38787448,8730,0,2,0,0,0,0,0,0,0,0,0
38791093,8731,0,2,0,0,0,0,0,0,0,0,0
38794736,8732,0,2,0,0,0,0,0,0,0,0,0
38798380,8733,0,2,0,0,0,0,0,0,0,0,0
38802024,8734,0,2,0,0,0,0,0,0,0,0,0
38805668,8735,0,2,0,0,0,0,0,0,0,0,0
38809312,8736,0,2,0,0,0,0,0,0,0,0,0
38812956,8737,0,2,0,0,0,0,0,0,0,0,0
38816600,8738,0,2,0,0,0,0,0,0,0,0,0
38820244,8739,0,2,0,0,0,0,0,0,0,0,0
38823888,8740,0,2,0,0,0,0,0,0,0,0,0
38827533,8741,0,2,0,0,0,0,0,0,0,0,0
38831176,8742,0,2,0,0,0,0,0,0,0,0,0
38834820,8743,0,2,0,0,0,0,0,0,0,0,0
38838464,8744,0,2,0,0,0,0,0,0,0,0,0
38842108,8745,0,2,0,0,0,0,0,0,0,0,0
38845752,8746,0,2,0,0,0,0,0,0,0,0,0
38849396,8747,0,2,0,0,0,0,0,0,0,0,0
38853040,8748,0,2,0,0,0,0,0,0,0,0,0
38856684,8749,0,2,0,0,0,0,0,0,0,0,0
38860328,8750,0,2,0,0,0,0,0,0,0,0,0
38863973,8751,0,2,0,0,0,0,0,0,0,0,0
38867616,8752,0,2,0,0,0,0,0,0,0,0,0
38871260,8753,0,2,0,0,0,0,0,0,0,0,0
38874904,8754,0,2,0,0,0,0,0,0,0,0,0
38878548,8755,0,2,0,0,0,0,0,0,0,0,0
38882192,8756,0,2,0,0,0,0,0,0,0,0,0
38885836,8757,0,2,0,0,0,0,0,0,0,0,0
38889480,8758,0,2,0,0,0,0,0,0,0,0,0
38893124,8759,0,2,0,0,0,0,0,0,0,0,0
38896768,8760,0,2,0,0,0,0,0,0,0,0,0
38900413,8761,0,2,0,0,0,0,0,0,0,0,0
38904056,8762,0,2,0,0,0,0,0,0,0,0,0
38907700,8763,0,2,0,0,0,0,0,0,0,0,0
38911344,8764,0,2,0,0,0,0,0,0,0,0,0
38914988,8765,0,2,0,0,0,0,0,0,0,0,0
38918632,8766,0,2,0,0,0,0,0,0,0,0,0
38922276,8767,0,2,0,0,0,0,0,0,0,0,0
38925920,8768,0,2,0,0,0,0,0,0,0,0,0
38929564,8769,0,2,0,0,0,0,0,0,0,0,0
38933208,8770,0,2,0,0,0,0,0,0,0,0,0
38936853,8771,0,2,0,0,0,0,0,0,0,0,0
38940496,8772,0,2,0,0,0,0,0,0,0,0,0
38944140,8773,0,2,0,0,0,0,0,0,0,0,0
38947784,8774,0,2,0,0,0,0,0,0,0,0,0
38951428,8775,0,2,0,0,0,0,0,0,0,0,0
38955072,8776,0,2,0,0,0,0,0,0,0,0,0
38958716,8777,0,2,0,0,0,0,0,0,0,0,0
38962360,8778,0,2,0,0,0,0,0,0,0,0,0
38966004,8779,0,2,0,0,0,0,0,0,0,0,0
38969648,8780,0,2,0,0,0,0,0,0,0,0,0
38973293,8781,0,2,0,0,0,0,0,0,0,0,0
38976936,8782,0,2,0,0,0,0,0,0,0,0,0
38980580,8783,0,2,0,0,0,0,0,0,0,0,0
38984224,8784,0,2,0,0,0,0,0,0,0,0,0
38987868,8785,0,2,0,0,0,0,0,0,0,0,0
38991512,8786,0,2,0,0,0,0,0,0,0,0,0
38995156,8787,0,2,0,0,0,0,0,0,0,0,0
38998800,8788,0,2,0,0,0,0,0,0,0,0,0
39002444,8789,0,2,0,0,0,0,0,0,0,0,0
39006088,8790,0,2,0,0,0,0,0,0,0,0,0
39009733,8791,0,2,0,0,0,0,0,0,0,0,0
39013376,8792,0,2,0,0,0,0,0,0,0,0,0
39017020,8793,0,2,0,0,0,0,0,0,0,0,0
39020664,8794,0,2,0,0,0,0,0,0,0,0,0
39024308,8795,0,2,0,0,0,0,0,0,0,0,0
39027952,8796,0,2,0,0,0,0,0,0,0,0,0
39031596,8797,0,2,0,0,0,0,0,0,0,0,0
39035240,8798,0,2,0,0,0,0,0,0,0,0,0
39038884,8799,0,2,0,0,0,0,0,0,0,0,0
39042528,8800,0,2,0,0,0,0,0,0,0,0,0
39046173,8801,0,2,0,0,0,0,0,0,0,0,0
39049816,8802,0,2,0,0,0,0,0,0,0,0,0
39053460,8803,0,2,0,0,0,0,0,0,0,0,0
39057104,8804,0,2,0,0,0,0,0,0,0,0,0
39060748,8805,0,2,0,0,0,0,0,0,0,0,0
39064392,8806,0,2,0,0,0,0,0,0,0,0,0
39068036,8807,0,2,0,0,0,0,0,0,0,0,0
39071680,8808,0,2,0,0,0,0,0,0,0,0,0
39075324,8809,0,2,0,0,0,0,0,0,0,0,0
39078968,8810,0,2,0,0,0,0,0,0,0,0,0
39082613,8811,0,2,0,0,0,0,0,0,0,0,0
39086256,8812,0,2,0,0,0,0,0,0,0,0,0
39089900,8813,0,2,0,0,0,0,0,0,0,0,0
39093544,8814,0,2,0,0,0,0,0,0,0,0,0
39097188,8815,0,2,0,0,0,0,0,0,0,0,0
39100832,8816,0,2,0,0,0,0,0,0,0,0,0
39104476,8817,0,2,0,0,0,0,0,0,0,0,0
39108120,8818,0,2,0,0,0,0,0,0,0,0,0
39111764,8819,0,2,0,0,0,0,0,0,0,0,0
39115408,8820,0,2,0,0,0,0,0,0,0,0,0
39240000,8821,0,2,0,0,0,0,0,0,0,0,0
39243632,8822,0,2,0,0,0,0,0,0,0,0,0
39247276,8823,0,2,0,0,0,0,0,0,0,0,0
39250920,8824,0,2,0,0,0,0,0,0,0,0,0
39254564,8825,0,2,0,0,0,0,0,0,0,0,0
39258208,8826,0,2,0,0,0,0,0,0,0,0,0
39261852,8827,0,2,0,0,0,0,0,0,0,0,0
39265496,8828,0,2,0,0,0,0,0,0,0,0,0
39269140,8829,0,2,0,0,0,0,0,0,0,0,0
39272784,8830,0,2,0,0,0,0,0,0,0,0,0
39276429,8831,0,2,0,0,0,0,0,0,0,0,0
39280072,8832,0,2,0,0,0,0,0,0,0,0,0
39283716,8833,0,2,0,0,0,0,0,0,0,0,0
39287360,8834,0,2,0,0,0,0,0,0,0,0,0
39291004,8835,0,2,0,0,0,0,0,0,0,0,0
39294648,8836,0,2,0,0,0,0,0,0,0,0,0
39298292,8837,0,2,0,0,0,0,0,0,0,0,0
39301936,8838,0,2,0,0,0,0,0,0,0,0,0
39305580,8839,0,2,0,0,0,0,0,0,0,0,0
39309224,8840,0,2,0,0,0,0,0,0,0,0,0
39312869,8841,0,2,0,0,0,0,0,0,0,0,0
39316512,8842,0,2,0,0,0,0,0,0,0,0,0
39320157,8843,0,2,0,0,0,0,0,0,0,0,0
39323800,8844,0,2,0,0,0,0,0,0,0,0,0
39327444,8845,0,2,0,0,0,0,0,0,0,0,0
39331088,8846,0,2,0,0,0,0,0,0,0,0,0
39334732,8847,0,2,0,0,0,0,0,0,0,0,0
39338376,8848,0,2,0,0,0,0,0,0,0,0,0
39342020,8849,0,2,0,0,0,0,0,0,0,0,0
39345664,8850,0,2,0,0,0,0,0,0,0,0,0
39349309,8851,0,2,0,0,0,0,0,0,0,0,0
39352952,8852,0,2,0,0,0,0,0,0,0,0,0
39356596,8853,0,2,0,0,0,0,0,0,0,0,0
39364740,8854,0,2,0,0,0,0,0,0,0,0,0
39368372,8855,0,2,0,0,0,0,0,0,0,0,0
39372016,8856,0,2,0,0,0,0,0,0,0,0,0
39375660,8857,0,2,0,0,0,0,0,0,0,0,0
39379304,8858,0,2,0,0,0,0,0,0,0,0,0
39382948,8859,0,2,0,0,0,0,0,0,0,0,0
39386592,8860,0,2,0,0,0,0,0,0,0,0,0
39390237,8861,0,2,0,0,0,0,0,0,0,0,0
39393880,8862,0,2,0,0,0,0,0,0,0,0,0
39397524,8863,0,2,0,0,0,0,0,0,0,0,0
39401168,8864,0,2,0,0,0,0,0,0,0,0,0
39404812,8865,0,2,0,0,0,0,0,0,0,0,0
39408456,8866,0,2,0,0,0,0,0,0,0,0,0
39412100,8867,0,2,0,0,0,0,0,0,0,0,0
39415744,8868,0,2,0,0,0,0,0,0,0,0,0
39419388,8869,0,2,0,0,0,0,0,0,0,0,0
39423033,8870,0,2,0,0,0,0,0,0,0,0,0
39426677,8871,0,2,0,0,0,0,0,0,0,0,0
39430320,8872,0,2,0,0,0,0,0,0,0,0,0
39433964,8873,0,2,0,0,0,0,0,0,0,0,0
39437608,8874,0,2,0,0,0,0,0,0,0,0,0
39441252,8875,0,2,0,0,0,0,0,0,0,0,0
39444896,8876,0,2,0,0,0,0,0,0,0,0,0
39448540,8877,0,2,0,0,0,0,0,0,0,0,0
39452184,8878,0,2,0,0,0,0,0,0,0,0,0
39455828,8879,0,2,0,0,0,0,0,0,0,0,0
39459472,8880,0,2,0,0,0,0,0,0,0,0,0
39463117,8881,0,2,0,0,0,0,0,0,0,0,0
39466760,8882,0,2,0,0,0,0,0,0,0,0,0
39470404,8883,0,2,0,0,0,0,0,0,0,0,0
39474048,8884,0,2,0,0,0,0,0,0,0,0,0
39477692,8885,0,2,0,0,0,0,0,0,0,0,0
39481336,8886,0,2,0,0,0,0,0,0,0,0,0
39484980,8887,0,2,0,0,0,0,0,0,0,0,0
39488624,8888,0,2,0,0,0,0,0,0,0,0,0
39492268,8889,0,2,0,0,0,0,0,0,0,0,0
39495912,8890,0,2,0,0,0,0,0,0,0,0,0
39499557,8891,0,2,0,0,0,0,0,0,0,0,0
39503200,8892,0,2,0,0,0,0,0,0,0,0,0
39506844,8893,0,2,0,0,0,0,0,0,0,0,0
39510488,8894,0,2,0,0,0,0,0,0,0,0,0
39514132,8895,0,2,0,0,0,0,0,0,0,0,0
39517776,8896,0,2,0,0,0,0,0,0,0,0,0
39521420,8897,0,2,0,0,0,0,0,0,0,0,0
39525064,8898,0,2,0,0,0,0,0,0,0,0,0
39528708,8899,0,2,0,0,0,0,0,0,0,0,0
39532352,8900,0,2,0,0,0,0,0,0,0,0,0
39535997,8901,0,2,0,0,0,0,0,0,0,0,0
39539640,8902,0,2,0,0,0,0,0,0,0,0,0
39543284,8903,0,2,0,0,0,0,0,0,0,0,0
39546928,8904,0,2,0,0,0,0,0,0,0,0,0
39550572,8905,0,2,0,0,0,0,0,0,0,0,0
39554216,8906,0,2,0,0,0,0,0,0,0,0,0
39557860,8907,0,2,0,0,0,0,0,0,0,0,0
39561504,8908,0,2,0,0,0,0,0,0,0,0,0
39565148,8909,0,2,0,0,0,0,0,0,0,0,0
39568792,8910,0,2,0,0,0,0,0,0,0,0,0
39572437,8911,0,2,0,0,0,0,0,0,0,0,0
39576080,8912,0,2,0,0,0,0,0,0,0,0,0
39579724,8913,0,2,0,0,0,0,0,0,0,0,0
39583368,8914,0,2,0,0,0,0,0,0,0,0,0
39587013,8915,0,2,0,0,0,0,0,0,0,0,0
39590656,8916,0,2,0,0,0,0,0,0,0,0,0
39594300,8917,0,2,0,0,0,0,0,0,0,0,0
39597944,8918,0,2,0,0,0,0,0,0,0,0,0
39601588,8919,0,2,0,0,0,0,0,0,0,0,0
39605232,8920,0,2,0,0,0,0,0,0,0,0,0
39608877,8921,0,2,0,0,0,0,0,0,0,0,0
39612520,8922,0,2,0,0,0,0,0,0,0,0,0
39616164,8923,0,2,0,0,0,0,0,0,0,0,0
39619808,8924,0,2,0,0,0,0,0,0,0,0,0
39623452,8925,0,2,0,0,0,0,0,0,0,0,0
39627097,8926,0,2,0,0,0,0,0,0,0,0,0
39630740,8927,0,2,0,0,0,0,0,0,0,0,0
39634384,8928,0,2,0,0,0,0,0,0,0,0,0
39638029,8929,0,2,0,0,0,0,0,0,0,0,0
39641672,8930,0,2,0,0,0,0,0,0,0,0,0
39645317,8931,0,2,0,0,0,0,0,0,0,0,0
39648960,8932,0,2,0,0,0,0,0,0,0,0,0
39652604,8933,0,2,0,0,0,0,0,0,0,0,0
39656248,8934,0,2,0,0,0,0,0,0,0,0,0
39659892,8935,0,2,0,0,0,0,0,0,0,0,0
39663536,8936,0,2,0,0,0,0,0,0,0,0,0
39667180,8937,0,2,0,0,0,0,0,0,0,0,0
39670824,8938,0,2,0,0,0,0,0,0,0,0,0
39674468,8939,0,2,0,0,0,0,0,0,0,0,0
39678112,8940,0,2,0,0,0,0,0,0,0,0,0
39681757,8941,0,2,0,0,0,0,0,0,0,0,0
39685400,8942,0,2,0,0,0,0,0,0,0,0,0
39689044,8943,0,2,0,0,0,0,0,0,0,0,0
39692688,8944,0,2,0,0,0,0,0,0,0,0,0
39696332,8945,0,2,0,0,0,0,0,0,0,0,0
39699976,8946,0,2,0,0,0,0,0,0,0,0,0
39703620,8947,0,2,0,0,0,0,0,0,0,0,0
39707264,8948,0,2,0,0,0,0,0,0,0,0,0
39710908,8949,0,2,0,0,0,0,0,0,0,0,0
39714552,8950,0,2,0,0,0,0,0,0,0,0,0
39718197,8951,0,2,0,0,0,0,0,0,0,0,0
39721840,8952,0,2,0,0,0,0,0,0,0,0,0
39725484,8953,0,2,0,0,0,0,0,0,0,0,0
39729128,8954,0,2,0,0,0,0,0,0,0,0,0
39732772,8955,0,2,0,0,0,0,0,0,0,0,0
39736416,8956,0,2,0,0,0,0,0,0,0,0,0
39740060,8957,0,2,0,0,0,0,0,0,0,0,0
39743704,8958,0,2,0,0,0,0,0,0,0,0,0
39747348,8959,0,2,0,0,0,0,0,0,0,0,0
39750992,8960,0,2,0,0,0,0,0,0,0,0,0
39754637,8961,0,2,0,0,0,0,0,0,0,0,0
39758280,8962,0,2,0,0,0,0,0,0,0,0,0
39761924,8963,0,2,0,0,0,0,0,0,0,0,0
39765568,8964,0,2,0,0,0,0,0,0,0,0,0
39769212,8965,0,2,0,0,0,0,0,0,0,0,0
39772856,8966,0,2,0,0,0,0,0,0,0,0,0
39776500,8967,0,2,0,0,0,0,0,0,0,0,0
39780144,8968,0,2,0,0,0,0,0,0,0,0,0
39783788,8969,0,2,0,0,0,0,0,0,0,0,0
39787432,8970,0,2,0,0,0,0,0,0,0,0,0
39791077,8971,0,2,0,0,0,0,0,0,0,0,0
39794720,8972,0,2,0,0,0,0,0,0,0,0,0
39798364,8973,0,2,0,0,0,0,0,0,0,0,0
39802008,8974,0,2,0,0,0,0,0,0,0,0,0
39805652,8975,0,2,0,0,0,0,0,0,0,0,0
39809296,8976,0,2,0,0,0,0,0,0,0,0,0
39812940,8977,0,2,0,0,0,0,0,0,0,0,0
39816584,8978,0,2,0,0,0,0,0,0,0,0,0
39820228,8979,0,2,0,0,0,0,0,0,0,0,0
39823872,8980,0,2,0,0,0,0,0,0,0,0,0
39827517,8981,0,2,0,0,0,0,0,0,0,0,0
39831160,8982,0,2,0,0,0,0,0,0,0,0,0
39834804,8983,0,2,0,0,0,0,0,0,0,0,0
39838448,8984,0,2,0,0,0,0,0,0,0,0,0
39842092,8985,0,2,0,0,0,0,0,0,0,0,0
39845736,8986,0,2,0,0,0,0,0,0,0,0,0
39849380,8987,0,2,0,0,0,0,0,0,0,0,0
39853024,8988,0,2,0,0,0,0,0,0,0,0,0
39856668,8989,0,2,0,0,0,0,0,0,0,0,0
39860312,8990,0,2,0,0,0,0,0,0,0,0,0
39863957,8991,0,2,0,0,0,0,0,0,0,0,0
39867600,8992,0,2,0,0,0,0,0,0,0,0,0
39871244,8993,0,2,0,0,0,0,0,0,0,0,0
39874888,8994,0,2,0,0,0,0,0,0,0,0,0
39878532,8995,0,2,0,0,0,0,0,0,0,0,0
39882176,8996,0,2,0,0,0,0,0,0,0,0,0
39885820,8997,0,2,0,0,0,0,0,0,0,0,0
39889464,8998,0,2,0,0,0,0,0,0,0,0,0
39893108,8999,0,2,0,0,0,0,0,0,0,0,0
39896752,9000,0,2,0,0,0,0,0,0,0,0,0
39900397,9001,0,2,0,0,0,0,0,0,0,0,0
39904040,9002,0,2,0,0,0,0,0,0,0,0,0
39907684,9003,0,2,0,0,0,0,0,0,0,0,0
39911328,9004,0,2,0,0,0,0,0,0,0,0,0
39914972,9005,0,2,0,0,0,0,0,0,0,0,0
39918616,9006,0,2,0,0,0,0,0,0,0,0,0
39922260,9007,0,2,0,0,0,0,0,0,0,0,0
39925904,9008,0,2,0,0,0,0,0,0,0,0,0
39929548,9009,0,2,0,0,0,0,0,0,0,0,0
39933192,9010,0,2,0,0,0,0,0,0,0,0,0
39936837,9011,0,2,0,0,0,0,0,0,0,0,0
39940480,9012,0,2,0,0,0,0,0,0,0,0,0
39944124,9013,0,2,0,0,0,0,0,0,0,0,0
39947768,9014,0,2,0,0,0,0,0,0,0,0,0
39951412,9015,0,2,0,0,0,0,0,0,0,0,0
39955057,9016,0,2,0,0,0,0,0,0,0,0,0
39958700,9017,0,2,0,0,0,0,0,0,0,0,0
39962344,9018,0,2,0,0,0,0,0,0,0,0,0
39965988,9019,0,2,0,0,0,0,0,0,0,0,0
39969632,9020,0,2,0,0,0,0,0,0,0,0,0
39973277,9021,0,2,0,0,0,0,0,0,0,0,0
39976920,9022,0,2,0,0,0,0,0,0,0,0,0
39980564,9023,0,2,0,0,0,0,0,0,0,0,0
39984208,9024,0,2,0,0,0,0,0,0,0,0,0
39987852,9025,0,2,0,0,0,0,0,0,0,0,0
39991496,9026,0,2,0,0,0,0,0,0,0,0,0
39995140,9027,0,2,0,0,0,0,0,0,0,0,0
39998784,9028,0,2,0,0,0,0,0,0,0,0,0
40002428,9029,0,2,0,0,0,0,0,0,0,0,0
40006072,9030,0,2,0,0,0,0,0,0,0,0,0
40009717,9031,0,2,0,0,0,0,0,0,0,0,0
40013360,9032,0,2,0,0,0,0,0,0,0,0,0
40017005,9033,0,2,0,0,0,0,0,0,0,0,0
40020648,9034,0,2,0,0,0,0,0,0,0,0,0
40024292,9035,0,2,0,0,0,0,0,0,0,0,0
40027936,9036,0,2,0,0,0,0,0,0,0,0,0
40031580,9037,0,2,0,0,0,0,0,0,0,0,0
40035224,9038,0,2,0,0,0,0,0,0,0,0,0
40038868,9039,0,2,0,0,0,0,0,0,0,0,0
40042512,9040,0,2,0,0,0,0,0,0,0,0,0
40046157,9041,0,2,0,0,0,0,0,0,0,0,0
40049800,9042,0,2,0,0,0,0,0,0,0,0,0
40053444,9043,0,2,0,0,0,0,0,0,0,0,0
40057088,9044,0,2,0,0,0,0,0,0,0,0,0
40060732,9045,0,2,0,0,0,0,0,0,0,0,0
40064376,9046,0,2,0,0,0,0,0,0,0,0,0
40068020,9047,0,2,0,0,0,0,0,0,0,0,0
40071664,9048,0,2,0,0,0,0,0,0,0,0,0
40075308,9049,0,2,0,0,0,0,0,0,0,0,0
40078952,9050,0,2,0,0,0,0,0,0,0,0,0
40082597,9051,0,2,0,0,0,0,0,0,0,0,0
40086240,9052,0,2,0,0,0,0,0,0,0,0,0
40089884,9053,0,2,0,0,0,0,0,0,0,0,0
40093528,9054,0,2,0,0,0,0,0,0,0,0,0
40097172,9055,0,2,0,0,0,0,0,0,0,0,0
40100816,9056,0,2,0,0,0,0,0,0,0,0,0
40104460,9057,0,2,0,0,0,0,0,0,0,0,0
40108104,9058,0,2,0,0,0,0,0,0,0,0,0
40111748,9059,0,2,0,0,0,0,0,0,0,0,0
40115392,9060,0,2,0,0,0,0,0,0,0,0,0
40119037,9061,0,2,0,0,0,0,0,0,0,0,0
40122680,9062,0,2,0,0,0,0,0,0,0,0,0
40126324,9063,0,2,0,0,0,0,0,0,0,0,0
40129968,9064,0,2,0,0,0,0,0,0,0,0,0
40133612,9065,0,2,0,0,0,0,0,0,0,0,0
40137256,9066,0,2,0,0,0,0,0,0,0,0,0
40140900,9067,0,2,0,0,0,0,0,0,0,0,0
40144544,9068,0,2,0,0,0,0,0,0,0,0,0
40148188,9069,0,2,0,0,0,0,0,0,0,0,0
40151832,9070,0,2,0,0,0,0,0,0,0,0,0
40155477,9071,0,2,0,0,0,0,0,0,0,0,0
40159120,9072,0,2,0,0,0,0,0,0,0,0,0
40162764,9073,0,2,0,0,0,0,0,0,0,0,0
40166408,9074,0,2,0,0,0,0,0,0,0,0,0
40170052,9075,0,2,0,0,0,0,0,0,0,0,0
40173696,9076,0,2,0,0,0,0,0,0,0,0,0
40177340,9077,0,2,0,0,0,0,0,0,0,0,0
40180984,9078,0,2,0,0,0,0,0,0,0,0,0
40184628,9079,0,2,0,0,0,0,0,0,0,0,0
40188272,9080,0,2,0,0,0,0,0,0,0,0,0
40198380,9081,0,2,0,0,0,0,0,0,0,0,0
40202013,9082,0,2,0,0,0,0,0,0,0,0,0
40205656,9083,0,2,0,0,0,0,0,0,0,0,0
40209300,9084,0,2,0,0,0,0,0,0,0,0,0
40212944,9085,0,2,0,0,0,0,0,0,0,0,0
40216588,9086,0,2,0,0,0,0,0,0,0,0,0
40220232,9087,0,2,0,0,0,0,0,0,0,0,0
40223876,9088,0,2,0,0,0,0,0,0,0,0,0
40227520,9089,0,2,0,0,0,0,0,0,0,0,0
40231164,9090,0,2,0,0,0,0,0,0,0,0,0
40234809,9091,0,2,0,0,0,0,0,0,0,0,0
40238452,9092,0,2,0,0,0,0,0,0,0,0,0
40242097,9093,0,2,0,0,0,0,0,0,0,0,0
40245740,9094,0,2,0,0,0,0,0,0,0,0,0
40249384,9095,0,2,0,0,0,0,0,0,0,0,0
40253029,9096,0,2,0,0,0,0,0,0,0,0,0
40256672,9097,0,2,0,0,0,0,0,0,0,0,0
40260316,9098,0,2,0,0,0,0,0,0,0,0,0
40263960,9099,0,2,0,0,0,0,0,0,0,0,0
40267604,9100,0,2,0,0,0,0,0,0,0,0,0
40271249,9101,0,2,0,0,0,0,0,0,0,0,0
40274892,9102,0,2,0,0,0,0,0,0,0,0,0
40278536,9103,0,2,0,0,0,0,0,0,0,0,0
40282180,9104,0,2,0,0,0,0,0,0,0,0,0
40285824,9105,0,2,0,0,0,0,0,0,0,0,0
40289468,9106,0,2,0,0,0,0,0,0,0,0,0
40293112,9107,0,2,0,0,0,0,0,0,0,0,0
40296756,9108,0,2,0,0,0,0,0,0,0,0,0
40300400,9109,0,2,0,0,0,0,0,0,0,0,0
40304044,9110,0,2,0,0,0,0,0,0,0,0,0
40307689,9111,0,2,0,0,0,0,0,0,0,0,0
40311332,9112,0,2,0,0,0,0,0,0,0,0,0
40314976,9113,0,2,0,0,0,0,0,0,0,0,0
40318620,9114,0,2,0,0,0,0,0,0,0,0,0
40322264,9115,0,2,0,0,0,0,0,0,0,0,0
40325908,9116,0,2,0,0,0,0,0,0,0,0,0
40329552,9117,0,2,0,0,0,0,0,0,0,0,0
40333196,9118,0,2,0,0,0,0,0,0,0,0,0
40336840,9119,0,2,0,0,0,0,0,0,0,0,0
40340484,9120,0,2,0,0,0,0,0,0,0,0,0
40344129,9121,0,2,0,0,0,0,0,0,0,0,0
40347772,9122,0,2,0,0,0,0,0,0,0,0,0
40351416,9123,0,2,0,0,0,0,0,0,0,0,0
40355060,9124,0,2,0,0,0,0,0,0,0,0,0
40358704,9125,0,2,0,0,0,0,0,0,0,0,0
40362348,9126,0,2,0,0,0,0,0,0,0,0,0
40365992,9127,0,2,0,0,0,0,0,0,0,0,0
40369636,9128,0,2,0,0,0,0,0,0,0,0,0
40373280,9129,0,2,0,0,0,0,0,0,0,0,0
40376924,9130,0,2,0,0,0,0,0,0,0,0,0
40380569,9131,0,2,0,0,0,0,0,0,0,0,0
40384212,9132,0,2,0,0,0,0,0,0,0,0,0
40387856,9133,0,2,0,0,0,0,0,0,0,0,0
40391500,9134,0,2,0,0,0,0,0,0,0,0,0
40395144,9135,0,2,0,0,0,0,0,0,0,0,0
40398788,9136,0,2,0,0,0,0,0,0,0,0,0
40402432,9137,0,2,0,0,0,0,0,0,0,0,0
40406076,9138,0,2,0,0,0,0,0,0,0,0,0
40409720,9139,0,2,0,0,0,0,0,0,0,0,0
40413364,9140,0,2,0,0,0,0,0,0,0,0,0
40417009,9141,0,2,0,0,0,0,0,0,0,0,0
40420652,9142,0,2,0,0,0,0,0,0,0,0,0
40424296,9143,0,2,0,0,0,0,0,0,0,0,0
40427940,9144,0,2,0,0,0,0,0,0,0,0,0
40431584,9145,0,2,0,0,0,0,0,0,0,0,0
40435228,9146,0,2,0,0,0,0,0,0,0,0,0
40438872,9147,0,2,0,0,0,0,0,0,0,0,0
40442516,9148,0,2,0,0,0,0,0,0,0,0,0
40446160,9149,0,2,0,0,0,0,0,0,0,0,0
40449804,9150,0,2,0,0,0,0,0,0,0,0,0
40453449,9151,0,2,0,0,0,0,0,0,0,0,0
40457092,9152,0,2,0,0,0,0,0,0,0,0,0
40460736,9153,0,2,0,0,0,0,0,0,0,0,0
40464380,9154,0,2,0,0,0,0,0,0,0,0,0
40468024,9155,0,2,0,0,0,0,0,0,0,0,0
40471668,9156,0,2,0,0,0,0,0,0,0,0,0
40475312,9157,0,2,0,0,0,0,0,0,0,0,0
40478956,9158,0,2,0,0,0,0,0,0,0,0,0
40482600,9159,0,2,0,0,0,0,0,0,0,0,0
40486244,9160,0,2,0,0,0,0,0,0,0,0,0
40489889,9161,0,2,0,0,0,0,0,0,0,0,0
40493532,9162,0,2,0,0,0,0,0,0,0,0,0
40497176,9163,0,2,0,0,0,0,0,0,0,0,0
40500820,9164,0,2,0,0,0,0,0,0,0,0,0
40504464,9165,0,2,0,0,0,0,0,0,0,0,0
40508108,9166,0,2,0,0,0,0,0,0,0,0,0
40511752,9167,0,2,0,0,0,0,0,0,0,0,0
40515396,9168,0,2,0,0,0,0,0,0,0,0,0
40519040,9169,0,2,0,0,0,0,0,0,0,0,0
40522684,9170,0,2,0,0,0,0,0,0,0,0,0
40526329,9171,0,2,0,0,0,0,0,0,0,0,0
40529972,9172,0,2,0,0,0,0,0,0,0,0,0
40533616,9173,0,2,0,0,0,0,0,0,0,0,0
40537260,9174,0,2,0,0,0,0,0,0,0,0,0
40540904,9175,0,2,0,0,0,0,0,0,0,0,0
40544548,9176,0,2,0,0,0,0,0,0,0,0,0
40548192,9177,0,2,0,0,0,0,0,0,0,0,0
40551836,9178,0,2,0,0,0,0,0,0,0,0,0
40555480,9179,0,2,0,0,0,0,0,0,0,0,0
40559124,9180,0,2,0,0,0,0,0,0,0,0,0
40562769,9181,0,2,0,0,0,0,0,0,0,0,0
40566412,9182,0,2,0,0,0,0,0,0,0,0,0
40570056,9183,0,2,0,0,0,0,0,0,0,0,0
40573700,9184,0,2,0,0,0,0,0,0,0,0,0
40577344,9185,0,2,0,0,0,0,0,0,0,0,0
40580988,9186,0,2,0,0,0,0,0,0,0,0,0
40584632,9187,0,2,0,0,0,0,0,0,0,0,0
40588276,9188,0,2,0,0,0,0,0,0,0,0,0
40591920,9189,0,2,0,0,0,0,0,0,0,0,0
40595564,9190,0,2,0,0,0,0,0,0,0,0,0
40599209,9191,0,2,0,0,0,0,0,0,0,0,0
40602852,9192,0,2,0,0,0,0,0,0,0,0,0
40606496,9193,0,2,0,0,0,0,0,0,0,0,0
40610140,9194,0,2,0,0,0,0,0,0,0,0,0
40613784,9195,0,2,0,0,0,0,0,0,0,0,0
40617428,9196,0,2,0,0,0,0,0,0,0,0,0
40621072,9197,0,2,0,0,0,0,0,0,0,0,0
40624716,9198,0,2,0,0,0,0,0,0,0,0,0
40628360,9199,0,2,0,0,0,0,0,0,0,0,0
40632004,9200,0,2,0,0,0,0,0,0,0,0,0
40635649,9201,0,2,0,0,0,0,0,0,0,0,0
40639292,9202,0,2,0,0,0,0,0,0,0,0,0
40642936,9203,0,2,0,0,0,0,0,0,0,0,0
40646580,9204,0,2,0,0,0,0,0,0,0,0,0
40650224,9205,0,2,0,0,0,0,0,0,0,0,0
40653868,9206,0,2,0,0,0,0,0,0,0,0,0
40657512,9207,0,2,0,0,0,0,0,0,0,0,0
40661156,9208,0,2,0,0,0,0,0,0,0,0,0
40664800,9209,0,2,0,0,0,0,0,0,0,0,0
40668444,9210,0,2,0,0,0,0,0,0,0,0,0
40672089,9211,0,2,0,0,0,0,0,0,0,0,0
40675732,9212,0,2,0,0,0,0,0,0,0,0,0
40679376,9213,0,2,0,0,0,0,0,0,0,0,0
40683020,9214,0,2,0,0,0,0,0,0,0,0,0
40686664,9215,0,2,0,0,0,0,0,0,0,0,0
40690308,9216,0,2,0,0,0,0,0,0,0,0,0
40693952,9217,0,2,0,0,0,0,0,0,0,0,0
40697596,9218,0,2,0,0,0,0,0,0,0,0,0
40701240,9219,0,2,0,0,0,0,0,0,0,0,0
40704884,9220,0,2,0,0,0,0,0,0,0,0,0
40708529,9221,0,2,0,0,0,0,0,0,0,0,0
40712172,9222,0,2,0,0,0,0,0,0,0,0,0
40715816,9223,0,2,0,0,0,0,0,0,0,0,0
40719460,9224,0,2,0,0,0,0,0,0,0,0,0
40723104,9225,0,2,0,0,0,0,0,0,0,0,0
40726748,9226,0,2,0,0,0,0,0,0,0,0,0
40730392,9227,0,2,0,0,0,0,0,0,0,0,0
40734036,9228,0,2,0,0,0,0,0,0,0,0,0
40737680,9229,0,2,0,0,0,0,0,0,0,0,0
40741324,9230,0,2,0,0,0,0,0,0,0,0,0
40744969,9231,0,2,0,0,0,0,0,0,0,0,0
40748612,9232,0,2,0,0,0,0,0,0,0,0,0
40752256,9233,0,2,0,0,0,0,0,0,0,0,0
40755900,9234,0,2,0,0,0,0,0,0,0,0,0
40759544,9235,0,2,0,0,0,0,0,0,0,0,0
40763188,9236,0,2,0,0,0,0,0,0,0,0,0
40766832,9237,0,2,0,0,0,0,0,0,0,0,0
40770476,9238,0,2,0,0,0,0,0,0,0,0,0
40774120,9239,0,2,0,0,0,0,0,0,0,0,0
40777764,9240,0,2,0,0,0,0,0,0,0,0,0
40781409,9241,0,2,0,0,0,0,0,0,0,0,0
40785052,9242,0,2,0,0,0,0,0,0,0,0,0
40788696,9243,0,2,0,0,0,0,0,0,0,0,0
40792340,9244,0,2,0,0,0,0,0,0,0,0,0
40795984,9245,0,2,0,0,0,0,0,0,0,0,0
40799628,9246,0,2,0,0,0,0,0,0,0,0,0
40803272,9247,0,2,0,0,0,0,0,0,0,0,0
40806916,9248,0,2,0,0,0,0,0,0,0,0,0
40810560,9249,0,2,0,0,0,0,0,0,0,0,0
40814204,9250,0,2,0,0,0,0,0,0,0,0,0
40817849,9251,0,2,0,0,0,0,0,0,0,0,0
40821492,9252,0,2,0,0,0,0,0,0,0,0,0
40825136,9253,0,2,0,0,0,0,0,0,0,0,0
40828780,9254,0,2,0,0,0,0,0,0,0,0,0
40832424,9255,0,2,0,0,0,0,0,0,0,0,0
40836068,9256,0,2,0,0,0,0,0,0,0,0,0
40839712,9257,0,2,0,0,0,0,0,0,0,0,0
40843356,9258,0,2,0,0,0,0,0,0,0,0,0
40847000,9259,0,2,0,0,0,0,0,0,0,0,0
40850644,9260,0,2,0,0,0,0,0,0,0,0,0
40854289,9261,0,2,0,0,0,0,0,0,0,0,0
40857932,9262,0,2,0,0,0,0,0,0,0,0,0
40861576,9263,0,2,0,0,0,0,0,0,0,0,0
40865220,9264,0,2,0,0,0,0,0,0,0,0,0
40868864,9265,0,2,0,0,0,0,0,0,0,0,0
40872508,9266,0,2,0,0,0,0,0,0,0,0,0
40876152,9267,0,2,0,0,0,0,0,0,0,0,0
40879796,9268,0,2,0,0,0,0,0,0,0,0,0
40883440,9269,0,2,0,0,0,0,0,0,0,0,0
40887084,9270,0,2,0,0,0,0,0,0,0,0,0
40890729,9271,0,2,0,0,0,0,0,0,0,0,0
40894372,9272,0,2,0,0,0,0,0,0,0,0,0
40898016,9273,0,2,0,0,0,0,0,0,0,0,0
40901660,9274,0,2,0,0,0,0,0,0,0,0,0
40905304,9275,0,2,0,0,0,0,0,0,0,0,0
40908948,9276,0,2,0,0,0,0,0,0,0,0,0
40912592,9277,0,2,0,0,0,0,0,0,0,0,0
40916236,9278,0,2,0,0,0,0,0,0,0,0,0
40919880,9279,0,2,0,0,0,0,0,0,0,0,0
40923524,9280,0,2,0,0,0,0,0,0,0,0,0
40927169,9281,0,2,0,0,0,0,0,0,0,0,0
40930812,9282,0,2,0,0,0,0,0,0,0,0,0
40934456,9283,0,2,0,0,0,0,0,0,0,0,0
40938100,9284,0,2,0,0,0,0,0,0,0,0,0
40941744,9285,0,2,0,0,0,0,0,0,0,0,0
40945388,9286,0,2,0,0,0,0,0,0,0,0,0
40949033,9287,0,2,0,0,0,0,0,0,0,0,0
40952676,9288,0,2,0,0,0,0,0,0,0,0,0
40956320,9289,0,2,0,0,0,0,0,0,0,0,0
40959964,9290,0,2,0,0,0,0,0,0,0,0,0
40963609,9291,0,2,0,0,0,0,0,0,0,0,0
40967252,9292,0,2,0,0,0,0,0,0,0,0,0
40970896,9293,0,2,0,0,0,0,0,0,0,0,0
40974540,9294,0,2,0,0,0,0,0,0,0,0,0
40978184,9295,0,2,0,0,0,0,0,0,0,0,0
40981828,9296,0,2,0,0,0,0,0,0,0,0,0
40985472,9297,0,2,0,0,0,0,0,0,0,0,0
40989116,9298,0,2,0,0,0,0,0,0,0,0,0
40992760,9299,0,2,0,0,0,0,0,0,0,0,0
40996404,9300,0,2,0,0,0,0,0,0,0,0,0
41000049,9301,0,2,0,0,0,0,0,0,0,0,0
41003692,9302,0,2,0,0,0,0,0,0,0,0,0
41007336,9303,0,2,0,0,0,0,0,0,0,0,0
41010980,9304,0,2,0,0,0,0,0,0,0,0,0
41014624,9305,0,2,0,0,0,0,0,0,0,0,0
41018268,9306,0,2,0,0,0,0,0,0,0,0,0
41021912,9307,0,2,0,0,0,0,0,0,0,0,0
41030435,9308,0,2,0,0,0,0,0,0,0,0,0
41034067,9309,0,2,0,0,0,0,0,0,0,0,0
41037711,9310,0,2,0,0,0,0,0,0,0,0,0
41041356,9311,0,2,0,0,0,0,0,0,0,0,0
41044999,9312,0,2,0,0,0,0,0,0,0,0,0
41048643,9313,0,2,0,0,0,0,0,0,0,0,0
41052287,9314,0,2,0,0,0,0,0,0,0,0,0
41055931,9315,0,2,0,0,0,0,0,0,0,0,0
41059575,9316,0,2,0,0,0,0,0,0,0,0,0
41063219,9317,0,2,0,0,0,0,0,0,0,0,0
41066863,9318,0,2,0,0,0,0,0,0,0,0,0
41070507,9319,0,2,0,0,0,0,0,0,0,0,0
41074151,9320,0,2,0,0,0,0,0,0,0,0,0
41077796,9321,0,2,0,0,0,0,0,0,0,0,0
41081439,9322,0,2,0,0,0,0,0,0,0,0,0
41085083,9323,0,2,0,0,0,0,0,0,0,0,0
41088727,9324,0,2,0,0,0,0,0,0,0,0,0
41092371,9325,0,2,0,0,0,0,0,0,0,0,0
41096015,9326,0,2,0,0,0,0,0,0,0,0,0
41099659,9327,0,2,0,0,0,0,0,0,0,0,0
41103303,9328,0,2,0,0,0,0,0,0,0,0,0
41106947,9329,0,2,0,0,0,0,0,0,0,0,0
41110591,9330,0,2,0,0,0,0,0,0,0,0,0
41114236,9331,0,2,0,0,0,0,0,0,0,0,0
41117879,9332,0,2,0,0,0,0,0,0,0,0,0
41121523,9333,0,2,0,0,0,0,0,0,0,0,0
41125167,9334,0,2,0,0,0,0,0,0,0,0,0
41128811,9335,0,2,0,0,0,0,0,0,0,0,0
41132455,9336,0,2,0,0,0,0,0,0,0,0,0
41136099,9337,0,2,0,0,0,0,0,0,0,0,0
41139743,9338,0,2,0,0,0,0,0,0,0,0,0
41143387,9339,0,2,0,0,0,0,0,0,0,0,0
41147031,9340,0,2,0,0,0,0,0,0,0,0,0
41150676,9341,0,2,0,0,0,0,0,0,0,0,0
41154319,9342,0,2,0,0,0,0,0,0,0,0,0
41157963,9343,0,2,0,0,0,0,0,0,0,0,0
41161607,9344,0,2,0,0,0,0,0,0,0,0,0
41165251,9345,0,2,0,0,0,0,0,0,0,0,0
41168895,9346,0,2,0,0,0,0,0,0,0,0,0
41172539,9347,0,2,0,0,0,0,0,0,0,0,0
41176183,9348,0,2,0,0,0,0,0,0,0,0,0
41179827,9349,0,2,0,0,0,0,0,0,0,0,0
41183471,9350,0,2,0,0,0,0,0,0,0,0,0
41187116,9351,0,2,0,0,0,0,0,0,0,0,0
41190759,9352,0,2,0,0,0,0,0,0,0,0,0
41194403,9353,0,2,0,0,0,0,0,0,0,0,0
41198047,9354,0,2,0,0,0,0,0,0,0,0,0
41201691,9355,0,2,0,0,0,0,0,0,0,0,0
41205335,9356,0,2,0,0,0,0,0,0,0,0,0
41208979,9357,0,2,0,0,0,0,0,0,0,0,0
41212623,9358,0,2,0,0,0,0,0,0,0,0,0
41216267,9359,0,2,0,0,0,0,0,0,0,0,0
41219911,9360,0,2,0,0,0,0,0,0,0,0,0
41223556,9361,0,2,0,0,0,0,0,0,0,0,0
41227199,9362,0,2,0,0,0,0,0,0,0,0,0
41230843,9363,0,2,0,0,0,0,0,0,0,0,0
41234487,9364,0,2,0,0,0,0,0,0,0,0,0
41238131,9365,0,2,0,0,0,0,0,0,0,0,0
41241775,9366,0,2,0,0,0,0,0,0,0,0,0
41245419,9367,0,2,0,0,0,0,0,0,0,0,0
41249063,9368,0,2,0,0,0,0,0,0,0,0,0
41252707,9369,0,2,0,0,0,0,0,0,0,0,0
41256351,9370,0,2,0,0,0,0,0,0,0,0,0
41259996,9371,0,2,0,0,0,0,0,0,0,0,0
41263639,9372,0,2,0,0,0,0,0,0,0,0,0
41267283,9373,0,2,0,0,0,0,0,0,0,0,0
41270927,9374,0,2,0,0,0,0,0,0,0,0,0
41274571,9375,0,2,0,0,0,0,0,0,0,0,0
41278215,9376,0,2,0,0,0,0,0,0,0,0,0
41281859,9377,0,2,0,0,0,0,0,0,0,0,0
41285503,9378,0,2,0,0,0,0,0,0,0,0,0
41289147,9379,0,2,0,0,0,0,0,0,0,0,0
41292791,9380,0,2,0,0,0,0,0,0,0,0,0
41296436,9381,0,2,0,0,0,0,0,0,0,0,0
41300079,9382,0,2,0,0,0,0,0,0,0,0,0
41303723,9383,0,2,0,0,0,0,0,0,0,0,0
41307367,9384,0,2,0,0,0,0,0,0,0,0,0
41311011,9385,0,2,0,0,0,0,0,0,0,0,0
41314655,9386,0,2,0,0,0,0,0,0,0,0,0
41318299,9387,0,2,0,0,0,0,0,0,0,0,0
41321943,9388,0,2,0,0,0,0,0,0,0,0,0
41325587,9389,0,2,0,0,0,0,0,0,0,0,0
41329231,9390,0,2,0,0,0,0,0,0,0,0,0
41332876,9391,0,2,0,0,0,0,0,0,0,0,0
41336519,9392,0,2,0,0,0,0,0,0,0,0,0
41340163,9393,0,2,0,0,0,0,0,0,0,0,0
41343807,9394,0,2,0,0,0,0,0,0,0,0,0
41347451,9395,0,2,0,0,0,0,0,0,0,0,0
41351095,9396,0,2,0,0,0,0,0,0,0,0,0
41354739,9397,0,2,0,0,0,0,0,0,0,0,0
41358383,9398,0,2,0,0,0,0,0,0,0,0,0
41362027,9399,0,2,0,0,0,0,0,0,0,0,0
41365671,9400,0,2,0,0,0,0,0,0,0,0,0
41369316,9401,0,2,0,0,0,0,0,0,0,0,0
41372959,9402,0,2,0,0,0,0,0,0,0,0,0
41376603,9403,0,2,0,0,0,0,0,0,0,0,0
41380247,9404,0,2,0,0,0,0,0,0,0,0,0
41383891,9405,0,2,0,0,0,0,0,0,0,0,0
41387535,9406,0,2,0,0,0,0,0,0,0,0,0
41391179,9407,0,2,0,0,0,0,0,0,0,0,0
41394823,9408,0,2,0,0,0,0,0,0,0,0,0
41398467,9409,0,2,0,0,0,0,0,0,0,0,0
41402111,9410,0,2,0,0,0,0,0,0,0,0,0
41405756,9411,0,2,0,0,0,0,0,0,0,0,0
41409399,9412,0,2,0,0,0,0,0,0,0,0,0
41413043,9413,0,2,0,0,0,0,0,0,0,0,0
41416687,9414,0,2,0,0,0,0,0,0,0,0,0
41420331,9415,0,2,0,0,0,0,0,0,0,0,0
41423975,9416,0,2,0,0,0,0,0,0,0,0,0
41427619,9417,0,2,0,0,0,0,0,0,0,0,0
41431263,9418,0,2,0,0,0,0,0,0,0,0,0
41434907,9419,0,2,0,0,0,0,0,0,0,0,0
41438551,9420,0,2,0,0,0,0,0,0,0,0,0
41442196,9421,0,2,0,0,0,0,0,0,0,0,0
41445839,9422,0,2,0,0,0,0,0,0,0,0,0
41449483,9423,0,2,0,0,0,0,0,0,0,0,0
41453127,9424,0,2,0,0,0,0,0,0,0,0,0
41456771,9425,0,2,0,0,0,0,0,0,0,0,0
41460415,9426,0,2,0,0,0,0,0,0,0,0,0
41464059,9427,0,2,0,0,0,0,0,0,0,0,0
41467703,9428,0,2,0,0,0,0,0,0,0,0,0
41471347,9429,0,2,0,0,0,0,0,0,0,0,0
41474991,9430,0,2,0,0,0,0,0,0,0,0,0
41478636,9431,0,2,0,0,0,0,0,0,0,0,0
41482279,9432,0,2,0,0,0,0,0,0,0,0,0
41485923,9433,0,2,0,0,0,0,0,0,0,0,0
41489567,9434,0,2,0,0,0,0,0,0,0,0,0
41493211,9435,0,2,0,0,0,0,0,0,0,0,0
41496855,9436,0,2,0,0,0,0,0,0,0,0,0
41500499,9437,0,2,0,0,0,0,0,0,0,0,0
41504143,9438,0,2,0,0,0,0,0,0,0,0,0
41507787,9439,0,2,0,0,0,0,0,0,0,0,0
41511431,9440,0,2,0,0,0,0,0,0,0,0,0
41515076,9441,0,2,0,0,0,0,0,0,0,0,0
41518719,9442,0,2,0,0,0,0,0,0,0,0,0
41522363,9443,0,2,0,0,0,0,0,0,0,0,0
41526007,9444,0,2,0,0,0,0,0,0,0,0,0
41529651,9445,0,2,0,0,0,0,0,0,0,0,0
41533295,9446,0,2,0,0,0,0,0,0,0,0,0
41536939,9447,0,2,0,0,0,0,0,0,0,0,0
41540583,9448,0,2,0,0,0,0,0,0,0,0,0
41544227,9449,0,2,0,0,0,0,0,0,0,0,0
41547871,9450,0,2,0,0,0,0,0,0,0,0,0
41551516,9451,0,2,0,0,0,0,0,0,0,0,0
41555159,9452,0,2,0,0,0,0,0,0,0,0,0
41558803,9453,0,2,0,0,0,0,0,0,0,0,0
41562447,9454,0,2,0,0,0,0,0,0,0,0,0
41566091,9455,0,2,0,0,0,0,0,0,0,0,0
41569735,9456,0,2,0,0,0,0,0,0,0,0,0
41573379,9457,0,2,0,0,0,0,0,0,0,0,0
41577024,9458,0,2,0,0,0,0,0,0,0,0,0
41580667,9459,0,2,0,0,0,0,0,0,0,0,0
41584311,9460,0,2,0,0,0,0,0,0,0,0,0
41587956,9461,0,2,0,0,0,0,0,0,0,0,0
41591599,9462,0,2,0,0,0,0,0,0,0,0,0
41595243,9463,0,2,0,0,0,0,0,0,0,0,0
41598887,9464,0,2,0,0,0,0,0,0,0,0,0
41602531,9465,0,2,0,0,0,0,0,0,0,0,0
41606175,9466,0,2,0,0,0,0,0,0,0,0,0
41609819,9467,0,2,0,0,0,0,0,0,0,0,0
41613463,9468,0,2,0,0,0,0,0,0,0,0,0
41617107,9469,0,2,0,0,0,0,0,0,0,0,0
41620751,9470,0,2,0,0,0,0,0,0,0,0,0
41624396,9471,0,2,0,0,0,0,0,0,0,0,0
41628040,9472,0,2,0,0,0,0,0,0,0,0,0
41631683,9473,0,2,0,0,0,0,0,0,0,0,0
41635327,9474,0,2,0,0,0,0,0,0,0,0,0
41638971,9475,0,2,0,0,0,0,0,0,0,0,0
41642615,9476,0,2,0,0,0,0,0,0,0,0,0
41646259,9477,0,2,0,0,0,0,0,0,0,0,0
41649903,9478,0,2,0,0,0,0,0,0,0,0,0
41653547,9479,0,2,0,0,0,0,0,0,0,0,0
41657191,9480,0,2,0,0,0,0,0,0,0,0,0
41660836,9481,0,2,0,0,0,0,0,0,0,0,0
41664479,9482,0,2,0,0,0,0,0,0,0,0,0
41668123,9483,0,2,0,0,0,0,0,0,0,0,0
41671767,9484,0,2,0,0,0,0,0,0,0,0,0
41675411,9485,0,2,0,0,0,0,0,0,0,0,0
41679055,9486,0,2,0,0,0,0,0,0,0,0,0
41682699,9487,0,2,0,0,0,0,0,0,0,0,0
41686343,9488,0,2,0,0,0,0,0,0,0,0,0
41689987,9489,0,2,0,0,0,0,0,0,0,0,0
41693631,9490,0,2,0,0,0,0,0,0,0,0,0
41697276,9491,0,2,0,0,0,0,0,0,0,0,0
41700919,9492,0,2,0,0,0,0,0,0,0,0,0
41704563,9493,0,2,0,0,0,0,0,0,0,0,0
41708207,9494,0,2,0,0,0,0,0,0,0,0,0
41711851,9495,0,2,0,0,0,0,0,0,0,0,0
41715495,9496,0,2,0,0,0,0,0,0,0,0,0
41719139,9497,0,2,0,0,0,0,0,0,0,0,0
41722783,9498,0,2,0,0,0,0,0,0,0,0,0
41726427,9499,0,2,0,0,0,0,0,0,0,0,0
41730071,9500,0,2,0,0,0,0,0,0,0,0,0
41733716,9501,0,2,0,0,0,0,0,0,0,0,0
41737359,9502,0,2,0,0,0,0,0,0,0,0,0
41741003,9503,0,2,0,0,0,0,0,0,0,0,0
41744647,9504,0,2,0,0,0,0,0,0,0,0,0
41748291,9505,0,2,0,0,0,0,0,0,0,0,0
41751935,9506,0,2,0,0,0,0,0,0,0,0,0
41755579,9507,0,2,0,0,0,0,0,0,0,0,0
41759223,9508,0,2,0,0,0,0,0,0,0,0,0
41762867,9509,0,2,0,0,0,0,0,0,0,0,0
41766511,9510,0,2,0,0,0,0,0,0,0,0,0
41770156,9511,0,2,0,0,0,0,0,0,0,0,0
41773799,9512,0,2,0,0,0,0,0,0,0,0,0
41777443,9513,0,2,0,0,0,0,0,0,0,0,0
41781087,9514,0,2,0,0,0,0,0,0,0,0,0
41784731,9515,0,2,0,0,0,0,0,0,0,0,0
41788375,9516,0,2,0,0,0,0,0,0,0,0,0
41792019,9517,0,2,0,0,0,0,0,0,0,0,0
41795663,9518,0,2,0,0,0,0,0,0,0,0,0
41799307,9519,0,2,0,0,0,0,0,0,0,0,0
41802951,9520,0,2,0,0,0,0,0,0,0,0,0
41806596,9521,0,2,0,0,0,0,0,0,0,0,0
41810239,9522,0,2,0,0,0,0,0,0,0,0,0
41813883,9523,0,2,0,0,0,0,0,0,0,0,0
41817527,9524,0,2,0,0,0,0,0,0,0,0,0
41821171,9525,0,2,0,0,0,0,0,0,0,0,0
41824815,9526,0,2,0,0,0,0,0,0,0,0,0
41828459,9527,0,2,0,0,0,0,0,0,0,0,0
41832103,9528,0,2,0,0,0,0,0,0,0,0,0
41835747,9529,0,2,0,0,0,0,0,0,0,0,0
41839391,9530,0,2,0,0,0,0,0,0,0,0,0
41843036,9531,0,2,0,0,0,0,0,0,0,0,0
41846679,9532,0,2,0,0,0,0,0,0,0,0,0
41850323,9533,0,2,0,0,0,0,0,0,0,0,0
41853967,9534,0,2,0,0,0,0,0,0,0,0,0
41864357,9535,0,2,0,0,0,0,0,0,0,0,0
41867988,9536,0,2,0,0,0,0,0,0,0,0,0
41871632,9537,0,2,0,0,0,0,0,0,0,0,0
41875276,9538,0,2,0,0,0,0,0,0,0,0,0
41878920,9539,0,2,0,0,0,0,0,0,0,0,0
41882564,9540,0,2,0,0,0,0,0,0,0,0,0
41886209,9541,0,2,0,0,0,0,0,0,0,0,0
41889852,9542,0,2,0,0,0,0,0,0,0,0,0
41893496,9543,0,2,0,0,0,0,0,0,0,0,0
41897140,9544,0,2,0,0,0,0,0,0,0,0,0
41900784,9545,0,2,0,0,0,0,0,0,0,0,0
41904428,9546,0,2,0,0,0,0,0,0,0,0,0
41908072,9547,0,2,0,0,0,0,0,0,0,0,0
41911716,9548,0,2,0,0,0,0,0,0,0,0,0
41915360,9549,0,2,0,0,0,0,0,0,0,0,0
41919004,9550,0,2,0,0,0,0,0,0,0,0,0
41922649,9551,0,2,0,0,0,0,0,0,0,0,0
41926292,9552,0,2,0,0,0,0,0,0,0,0,0
41929936,9553,0,2,0,0,0,0,0,0,0,0,0
41933580,9554,0,2,0,0,0,0,0,0,0,0,0
41937224,9555,0,2,0,0,0,0,0,0,0,0,0
41940868,9556,0,2,0,0,0,0,0,0,0,0,0
41944512,9557,0,2,0,0,0,0,0,0,0,0,0
41948156,9558,0,2,0,0,0,0,0,0,0,0,0
41951800,9559,0,2,0,0,0,0,0,0,0,0,0
41955444,9560,0,2,0,0,0,0,0,0,0,0,0
41959089,9561,0,2,0,0,0,0,0,0,0,0,0
41962732,9562,0,2,0,0,0,0,0,0,0,0,0
41966376,9563,0,2,0,0,0,0,0,0,0,0,0
41970020,9564,0,2,0,0,0,0,0,0,0,0,0
41973664,9565,0,2,0,0,0,0,0,0,0,0,0
41977308,9566,0,2,0,0,0,0,0,0,0,0,0
41980952,9567,0,2,0,0,0,0,0,0,0,0,0
41984596,9568,0,2,0,0,0,0,0,0,0,0,0
41988240,9569,0,2,0,0,0,0,0,0,0,0,0
41991884,9570,0,2,0,0,0,0,0,0,0,0,0
41995529,9571,0,2,0,0,0,0,0,0,0,0,0
41999172,9572,0,2,0,0,0,0,0,0,0,0,0
42002816,9573,0,2,0,0,0,0,0,0,0,0,0
42006460,9574,0,2,0,0,0,0,0,0,0,0,0
42010104,9575,0,2,0,0,0,0,0,0,0,0,0
42013748,9576,0,2,0,0,0,0,0,0,0,0,0
42017392,9577,0,2,0,0,0,0,0,0,0,0,0
42021036,9578,0,2,0,0,0,0,0,0,0,0,0
42024680,9579,0,2,0,0,0,0,0,0,0,0,0
42028324,9580,0,2,0,0,0,0,0,0,0,0,0
42031969,9581,0,2,0,0,0,0,0,0,0,0,0
42035612,9582,0,2,0,0,0,0,0,0,0,0,0
42039256,9583,0,2,0,0,0,0,0,0,0,0,0
42042900,9584,0,2,0,0,0,0,0,0,0,0,0
42046544,9585,0,2,0,0,0,0,0,0,0,0,0
42050188,9586,0,2,0,0,0,0,0,0,0,0,0
42053832,9587,0,2,0,0,0,0,0,0,0,0,0
42057476,9588,0,2,0,0,0,0,0,0,0,0,0
42061120,9589,0,2,0,0,0,0,0,0,0,0,0
42064764,9590,0,2,0,0,0,0,0,0,0,0,0
42068409,9591,0,2,0,0,0,0,0,0,0,0,0
42072052,9592,0,2,0,0,0,0,0,0,0,0,0
42075696,9593,0,2,0,0,0,0,0,0,0,0,0
42079340,9594,0,2,0,0,0,0,0,0,0,0,0
42082984,9595,0,2,0,0,0,0,0,0,0,0,0
42086628,9596,0,2,0,0,0,0,0,0,0,0,0
42090272,9597,0,2,0,0,0,0,0,0,0,0,0
42093916,9598,0,2,0,0,0,0,0,0,0,0,0
42097560,9599,0,2,0,0,0,0,0,0,0,0,0
42101204,9600,0,2,0,0,0,0,0,0,0,0,0
42104849,9601,0,2,0,0,0,0,0,0,0,0,0
42108492,9602,0,2,0,0,0,0,0,0,0,0,0
42112136,9603,0,2,0,0,0,0,0,0,0,0,0
42115780,9604,0,2,0,0,0,0,0,0,0,0,0
42119424,9605,0,2,0,0,0,0,0,0,0,0,0
42123068,9606,0,2,0,0,0,0,0,0,0,0,0
42126712,9607,0,2,0,0,0,0,0,0,0,0,0
42130356,9608,0,2,0,0,0,0,0,0,0,0,0
42134000,9609,0,2,0,0,0,0,0,0,0,0,0
42137644,9610,0,2,0,0,0,0,0,0,0,0,0
42141289,9611,0,2,0,0,0,0,0,0,0,0,0
42144932,9612,0,2,0,0,0,0,0,0,0,0,0
42148576,9613,0,2,0,0,0,0,0,0,0,0,0
42152220,9614,0,2,0,0,0,0,0,0,0,0,0
42155864,9615,0,2,0,0,0,0,0,0,0,0,0
42159508,9616,0,2,0,0,0,0,0,0,0,0,0
42163152,9617,0,2,0,0,0,0,0,0,0,0,0
42166796,9618,0,2,0,0,0,0,0,0,0,0,0
42170440,9619,0,2,0,0,0,0,0,0,0,0,0
42174084,9620,0,2,0,0,0,0,0,0,0,0,0
42177729,9621,0,2,0,0,0,0,0,0,0,0,0
42181372,9622,0,2,0,0,0,0,0,0,0,0,0
42185016,9623,0,2,0,0,0,0,0,0,0,0,0
42188660,9624,0,2,0,0,0,0,0,0,0,0,0
42192304,9625,0,2,0,0,0,0,0,0,0,0,0
42195948,9626,0,2,0,0,0,0,0,0,0,0,0
42199592,9627,0,2,0,0,0,0,0,0,0,0,0
42203236,9628,0,2,0,0,0,0,0,0,0,0,0
42206880,9629,0,2,0,0,0,0,0,0,0,0,0
42210524,9630,0,2,0,0,0,0,0,0,0,0,0
42214169,9631,0,2,0,0,0,0,0,0,0,0,0
42217812,9632,0,2,0,0,0,0,0,0,0,0,0
42221456,9633,0,2,0,0,0,0,0,0,0,0,0
42225100,9634,0,2,0,0,0,0,0,0,0,0,0
42228744,9635,0,2,0,0,0,0,0,0,0,0,0
42232388,9636,0,2,0,0,0,0,0,0,0,0,0
42236033,9637,0,2,0,0,0,0,0,0,0,0,0
42239676,9638,0,2,0,0,0,0,0,0,0,0,0
42243320,9639,0,2,0,0,0,0,0,0,0,0,0
42246964,9640,0,2,0,0,0,0,0,0,0,0,0
42250609,9641,0,2,0,0,0,0,0,0,0,0,0
42254252,9642,0,2,0,0,0,0,0,0,0,0,0
42257896,9643,0,2,0,0,0,0,0,0,0,0,0
42261540,9644,0,2,0,0,0,0,0,0,0,0,0
42265184,9645,0,2,0,0,0,0,0,0,0,0,0
42268828,9646,0,2,0,0,0,0,0,0,0,0,0
42272472,9647,0,2,0,0,0,0,0,0,0,0,0
42276116,9648,0,2,0,0,0,0,0,0,0,0,0
42279760,9649,0,2,0,0,0,0,0,0,0,0,0
42283404,9650,0,2,0,0,0,0,0,0,0,0,0
42287049,9651,0,2,0,0,0,0,0,0,0,0,0
42290692,9652,0,2,0,0,0,0,0,0,0,0,0
42294336,9653,0,2,0,0,0,0,0,0,0,0,0
42297980,9654,0,2,0,0,0,0,0,0,0,0,0
42301624,9655,0,2,0,0,0,0,0,0,0,0,0
42305268,9656,0,2,0,0,0,0,0,0,0,0,0
42308912,9657,0,2,0,0,0,0,0,0,0,0,0
42312556,9658,0,2,0,0,0,0,0,0,0,0,0
42316200,9659,0,2,0,0,0,0,0,0,0,0,0
42319844,9660,0,2,0,0,0,0,0,0,0,0,0
42323489,9661,0,2,0,0,0,0,0,0,0,0,0
42327132,9662,0,2,0,0,0,0,0,0,0,0,0
42330776,9663,0,2,0,0,0,0,0,0,0,0,0
42334420,9664,0,2,0,0,0,0,0,0,0,0,0
42338064,9665,0,2,0,0,0,0,0,0,0,0,0
42341708,9666,0,2,0,0,0,0,0,0,0,0,0
42345352,9667,0,2,0,0,0,0,0,0,0,0,0
42348996,9668,0,2,0,0,0,0,0,0,0,0,0
42352640,9669,0,2,0,0,0,0,0,0,0,0,0
42356284,9670,0,2,0,0,0,0,0,0,0,0,0
42359929,9671,0,2,0,0,0,0,0,0,0,0,0
42363572,9672,0,2,0,0,0,0,0,0,0,0,0
42367216,9673,0,2,0,0,0,0,0,0,0,0,0
42370860,9674,0,2,0,0,0,0,0,0,0,0,0
42374504,9675,0,2,0,0,0,0,0,0,0,0,0
42378148,9676,0,2,0,0,0,0,0,0,0,0,0
42381792,9677,0,2,0,0,0,0,0,0,0,0,0
42385436,9678,0,2,0,0,0,0,0,0,0,0,0
42389080,9679,0,2,0,0,0,0,0,0,0,0,0
42392724,9680,0,2,0,0,0,0,0,0,0,0,0
42396369,9681,0,2,0,0,0,0,0,0,0,0,0
42400012,9682,0,2,0,0,0,0,0,0,0,0,0
42403656,9683,0,2,0,0,0,0,0,0,0,0,0
42407300,9684,0,2,0,0,0,0,0,0,0,0,0
42410944,9685,0,2,0,0,0,0,0,0,0,0,0
42414588,9686,0,2,0,0,0,0,0,0,0,0,0
42418232,9687,0,2,0,0,0,0,0,0,0,0,0
42421876,9688,0,2,0,0,0,0,0,0,0,0,0
42425520,9689,0,2,0,0,0,0,0,0,0,0,0
42429164,9690,0,2,0,0,0,0,0,0,0,0,0
42432809,9691,0,2,0,0,0,0,0,0,0,0,0
42436452,9692,0,2,0,0,0,0,0,0,0,0,0
42440097,9693,0,2,0,0,0,0,0,0,0,0,0
42443740,9694,0,2,0,0,0,0,0,0,0,0,0
42447384,9695,0,2,0,0,0,0,0,0,0,0,0
42451029,9696,0,2,0,0,0,0,0,0,0,0,0
42454672,9697,0,2,0,0,0,0,0,0,0,0,0
42458316,9698,0,2,0,0,0,0,0,0,0,0,0
42461960,9699,0,2,0,0,0,0,0,0,0,0,0
42465604,9700,0,2,0,0,0,0,0,0,0,0,0
42469249,9701,0,2,0,0,0,0,0,0,0,0,0
42472892,9702,0,2,0,0,0,0,0,0,0,0,0
42476536,9703,0,2,0,0,0,0,0,0,0,0,0
42480180,9704,0,2,0,0,0,0,0,0,0,0,0
42483824,9705,0,2,0,0,0,0,0,0,0,0,0
42487468,9706,0,2,0,0,0,0,0,0,0,0,0
42491112,9707,0,2,0,0,0,0,0,0,0,0,0
42494756,9708,0,2,0,0,0,0,0,0,0,0,0
42498400,9709,0,2,0,0,0,0,0,0,0,0,0
42502044,9710,0,2,0,0,0,0,0,0,0,0,0
42505689,9711,0,2,0,0,0,0,0,0,0,0,0
42509332,9712,0,2,0,0,0,0,0,0,0,0,0
42512976,9713,0,2,0,0,0,0,0,0,0,0,0
42516620,9714,0,2,0,0,0,0,0,0,0,0,0
42520264,9715,0,2,0,0,0,0,0,0,0,0,0
42523908,9716,0,2,0,0,0,0,0,0,0,0,0
42527552,9717,0,2,0,0,0,0,0,0,0,0,0
42531196,9718,0,2,0,0,0,0,0,0,0,0,0
42534840,9719,0,2,0,0,0,0,0,0,0,0,0
42538484,9720,0,2,0,0,0,0,0,0,0,0,0
42542129,9721,0,2,0,0,0,0,0,0,0,0,0
42545772,9722,0,2,0,0,0,0,0,0,0,0,0
42549416,9723,0,2,0,0,0,0,0,0,0,0,0
42553060,9724,0,2,0,0,0,0,0,0,0,0,0
42556704,9725,0,2,0,0,0,0,0,0,0,0,0
42560348,9726,0,2,0,0,0,0,0,0,0,0,0
42563992,9727,0,2,0,0,0,0,0,0,0,0,0
42567636,9728,0,2,0,0,0,0,0,0,0,0,0
42571280,9729,0,2,0,0,0,0,0,0,0,0,0
42574924,9730,0,2,0,0,0,0,0,0,0,0,0
42578569,9731,0,2,0,0,0,0,0,0,0,0,0
42582212,9732,0,2,0,0,0,0,0,0,0,0,0
42585856,9733,0,2,0,0,0,0,0,0,0,0,0
42589500,9734,0,2,0,0,0,0,0,0,0,0,0
42593144,9735,0,2,0,0,0,0,0,0,0,0,0
42596788,9736,0,2,0,0,0,0,0,0,0,0,0
42600432,9737,0,2,0,0,0,0,0,0,0,0,0
42604076,9738,0,2,0,0,0,0,0,0,0,0,0
42607720,9739,0,2,0,0,0,0,0,0,0,0,0
42611364,9740,0,2,0,0,0,0,0,0,0,0,0
42615009,9741,0,2,0,0,0,0,0,0,0,0,0
42618652,9742,0,2,0,0,0,0,0,0,0,0,0
42622296,9743,0,2,0,0,0,0,0,0,0,0,0
42625940,9744,0,2,0,0,0,0,0,0,0,0,0
42629584,9745,0,2,0,0,0,0,0,0,0,0,0
42633228,9746,0,2,0,0,0,0,0,0,0,0,0
42636872,9747,0,2,0,0,0,0,0,0,0,0,0
42640516,9748,0,2,0,0,0,0,0,0,0,0,0
42644160,9749,0,2,0,0,0,0,0,0,0,0,0
42647804,9750,0,2,0,0,0,0,0,0,0,0,0
42651449,9751,0,2,0,0,0,0,0,0,0,0,0
42655092,9752,0,2,0,0,0,0,0,0,0,0,0
42658736,9753,0,2,0,0,0,0,0,0,0,0,0
42662380,9754,0,2,0,0,0,0,0,0,0,0,0
42666024,9755,0,2,0,0,0,0,0,0,0,0,0
42669668,9756,0,2,0,0,0,0,0,0,0,0,0
42673312,9757,0,2,0,0,0,0,0,0,0,0,0
42676956,9758,0,2,0,0,0,0,0,0,0,0,0
42680600,9759,0,2,0,0,0,0,0,0,0,0,0
42684244,9760,0,2,0,0,0,0,0,0,0,0,0
42687889,9761,0,2,0,0,0,0,0,0,0,0,0
42696035,9762,0,2,0,0,0,0,0,0,0,0,0
42699667,9763,0,2,0,0,0,0,0,0,0,0,0
42703311,9764,0,2,0,0,0,0,0,0,0,0,0
42706955,9765,0,2,0,0,0,0,0,0,0,0,0
42710599,9766,0,2,0,0,0,0,0,0,0,0,0
42714243,9767,0,2,0,0,0,0,0,0,0,0,0
42717887,9768,0,2,0,0,0,0,0,0,0,0,0
42721531,9769,0,2,0,0,0,0,0,0,0,0,0
42725175,9770,0,2,0,0,0,0,0,0,0,0,0
42728820,9771,0,2,0,0,0,0,0,0,0,0,0
42732463,9772,0,2,0,0,0,0,0,0,0,0,0
42736107,9773,0,2,0,0,0,0,0,0,0,0,0
42739751,9774,0,2,0,0,0,0,0,0,0,0,0
42743395,9775,0,2,0,0,0,0,0,0,0,0,0
42747039,9776,0,2,0,0,0,0,0,0,0,0,0
42750683,9777,0,2,0,0,0,0,0,0,0,0,0
42754327,9778,0,2,0,0,0,0,0,0,0,0,0
42757971,9779,0,2,0,0,0,0,0,0,0,0,0
42761615,9780,0,2,0,0,0,0,0,0,0,0,0
42765260,9781,0,2,0,0,0,0,0,0,0,0,0
42768903,9782,0,2,0,0,0,0,0,0,0,0,0
42772547,9783,0,2,0,0,0,0,0,0,0,0,0
42776191,9784,0,2,0,0,0,0,0,0,0,0,0
42779835,9785,0,2,0,0,0,0,0,0,0,0,0
42783479,9786,0,2,0,0,0,0,0,0,0,0,0
42787123,9787,0,2,0,0,0,0,0,0,0,0,0
42790767,9788,0,2,0,0,0,0,0,0,0,0,0
42794411,9789,0,2,0,0,0,0,0,0,0,0,0
42798055,9790,0,2,0,0,0,0,0,0,0,0,0
42801700,9791,0,2,0,0,0,0,0,0,0,0,0
42805343,9792,0,2,0,0,0,0,0,0,0,0,0
42808987,9793,0,2,0,0,0,0,0,0,0,0,0
42812631,9794,0,2,0,0,0,0,0,0,0,0,0
42816275,9795,0,2,0,0,0,0,0,0,0,0,0
42819919,9796,0,2,0,0,0,0,0,0,0,0,0
42823563,9797,0,2,0,0,0,0,0,0,0,0,0
42827207,9798,0,2,0,0,0,0,0,0,0,0,0
42830851,9799,0,2,0,0,0,0,0,0,0,0,0
42834495,9800,0,2,0,0,0,0,0,0,0,0,0
42838140,9801,0,2,0,0,0,0,0,0,0,0,0
42841783,9802,0,2,0,0,0,0,0,0,0,0,0
42845427,9803,0,2,0,0,0,0,0,0,0,0,0
42849071,9804,0,2,0,0,0,0,0,0,0,0,0
42852715,9805,0,2,0,0,0,0,0,0,0,0,0
42856359,9806,0,2,0,0,0,0,0,0,0,0,0
42860003,9807,0,2,0,0,0,0,0,0,0,0,0
42863647,9808,0,2,0,0,0,0,0,0,0,0,0
42867291,9809,0,2,0,0,0,0,0,0,0,0,0
42870935,9810,0,2,0,0,0,0,0,0,0,0,0
42874580,9811,0,2,0,0,0,0,0,0,0,0,0
42878223,9812,0,2,0,0,0,0,0,0,0,0,0
42881867,9813,0,2,0,0,0,0,0,0,0,0,0
42885511,9814,0,2,0,0,0,0,0,0,0,0,0
42889155,9815,0,2,0,0,0,0,0,0,0,0,0
42892799,9816,0,2,0,0,0,0,0,0,0,0,0
42896443,9817,0,2,0,0,0,0,0,0,0,0,0
42900087,9818,0,2,0,0,0,0,0,0,0,0,0
42903731,9819,0,2,0,0,0,0,0,0,0,0,0
42907375,9820,0,2,0,0,0,0,0,0,0,0,0
42911020,9821,0,2,0,0,0,0,0,0,0,0,0
42914663,9822,0,2,0,0,0,0,0,0,0,0,0
42918307,9823,0,2,0,0,0,0,0,0,0,0,0
42921951,9824,0,2,0,0,0,0,0,0,0,0,0
42925595,9825,0,2,0,0,0,0,0,0,0,0,0
42929239,9826,0,2,0,0,0,0,0,0,0,0,0
42932883,9827,0,2,0,0,0,0,0,0,0,0,0
42936527,9828,0,2,0,0,0,0,0,0,0,0,0
42940171,9829,0,2,0,0,0,0,0,0,0,0,0
42943815,9830,0,2,0,0,0,0,0,0,0,0,0
42947460,9831,0,2,0,0,0,0,0,0,0,0,0
42951104,9832,0,2,0,0,0,0,0,0,0,0,0
42954747,9833,0,2,0,0,0,0,0,0,0,0,0
42958391,9834,0,2,0,0,0,0,0,0,0,0,0
42962035,9835,0,2,0,0,0,0,0,0,0,0,0
42965679,9836,0,2,0,0,0,0,0,0,0,0,0
42969323,9837,0,2,0,0,0,0,0,0,0,0,0
42972967,9838,0,2,0,0,0,0,0,0,0,0,0
42976611,9839,0,2,0,0,0,0,0,0,0,0,0
42980255,9840,0,2,0,0,0,0,0,0,0,0,0
42983900,9841,0,2,0,0,0,0,0,0,0,0,0
42987543,9842,0,2,0,0,0,0,0,0,0,0,0
42991187,9843,0,2,0,0,0,0,0,0,0,0,0
42994831,9844,0,2,0,0,0,0,0,0,0,0,0
42998475,9845,0,2,0,0,0,0,0,0,0,0,0
43002119,9846,0,2,0,0,0,0,0,0,0,0,0
43005763,9847,0,2,0,0,0,0,0,0,0,0,0
43009407,9848,0,2,0,0,0,0,0,0,0,0,0
43013051,9849,0,2,0,0,0,0,0,0,0,0,0
43016695,9850,0,2,0,0,0,0,0,0,0,0,0
43020340,9851,0,2,0,0,0,0,0,0,0,0,0
43023983,9852,0,2,0,0,0,0,0,0,0,0,0
43027627,9853,0,2,0,0,0,0,0,0,0,0,0
43031271,9854,0,2,0,0,0,0,0,0,0,0,0
43034915,9855,0,2,0,0,0,0,0,0,0,0,0
43038559,9856,0,2,0,0,0,0,0,0,0,0,0
43042203,9857,0,2,0,0,0,0,0,0,0,0,0
43045847,9858,0,2,0,0,0,0,0,0,0,0,0
43049491,9859,0,2,0,0,0,0,0,0,0,0,0
43053135,9860,0,2,0,0,0,0,0,0,0,0,0
43056780,9861,0,2,0,0,0,0,0,0,0,0,0
43060423,9862,0,2,0,0,0,0,0,0,0,0,0
43064067,9863,0,2,0,0,0,0,0,0,0,0,0
43067711,9864,0,2,0,0,0,0,0,0,0,0,0
43071355,9865,0,2,0,0,0,0,0,0,0,0,0
43074999,9866,0,2,0,0,0,0,0,0,0,0,0
43078643,9867,0,2,0,0,0,0,0,0,0,0,0
43082287,9868,0,2,0,0,0,0,0,0,0,0,0
43085931,9869,0,2,0,0,0,0,0,0,0,0,0
43089575,9870,0,2,0,0,0,0,0,0,0,0,0
43093220,9871,0,2,0,0,0,0,0,0,0,0,0
43096863,9872,0,2,0,0,0,0,0,0,0,0,0
43100507,9873,0,2,0,0,0,0,0,0,0,0,0
43104151,9874,0,2,0,0,0,0,0,0,0,0,0
43107795,9875,0,2,0,0,0,0,0,0,0,0,0
43111439,9876,0,2,0,0,0,0,0,0,0,0,0
43115083,9877,0,2,0,0,0,0,0,0,0,0,0
43118727,9878,0,2,0,0,0,0,0,0,0,0,0
43122371,9879,0,2,0,0,0,0,0,0,0,0,0
43126015,9880,0,2,0,0,0,0,0,0,0,0,0
43129660,9881,0,2,0,0,0,0,0,0,0,0,0
43133303,9882,0,2,0,0,0,0,0,0,0,0,0
43136947,9883,0,2,0,0,0,0,0,0,0,0,0
43140591,9884,0,2,0,0,0,0,0,0,0,0,0
43144235,9885,0,2,0,0,0,0,0,0,0,0,0
43147879,9886,0,2,0,0,0,0,0,0,0,0,0
43151523,9887,0,2,0,0,0,0,0,0,0,0,0
43155167,9888,0,2,0,0,0,0,0,0,0,0,0
43158811,9889,0,2,0,0,0,0,0,0,0,0,0
43162455,9890,0,2,0,0,0,0,0,0,0,0,0
43166100,9891,0,2,0,0,0,0,0,0,0,0,0
43169743,9892,0,2,0,0,0,0,0,0,0,0,0
43173387,9893,0,2,0,0,0,0,0,0,0,0,0
43177031,9894,0,2,0,0,0,0,0,0,0,0,0
43180675,9895,0,2,0,0,0,0,0,0,0,0,0
43184319,9896,0,2,0,0,0,0,0,0,0,0,0
43187963,9897,0,2,0,0,0,0,0,0,0,0,0
43191607,9898,0,2,0,0,0,0,0,0,0,0,0
43195251,9899,0,2,0,0,0,0,0,0,0,0,0
43198895,9900,0,2,0,0,0,0,0,0,0,0,0
43202540,9901,0,2,0,0,0,0,0,0,0,0,0
43206183,9902,0,2,0,0,0,0,0,0,0,0,0
43209827,9903,0,2,0,0,0,0,0,0,0,0,0
43213471,9904,0,2,0,0,0,0,0,0,0,0,0
43217115,9905,0,2,0,0,0,0,0,0,0,0,0
43220759,9906,0,2,0,0,0,0,0,0,0,0,0
43224403,9907,0,2,0,0,0,0,0,0,0,0,0
43228048,9908,0,2,0,0,0,0,0,0,0,0,0
43231691,9909,0,2,0,0,0,0,0,0,0,0,0
43235335,9910,0,2,0,0,0,0,0,0,0,0,0
43238980,9911,0,2,0,0,0,0,0,0,0,0,0
43242623,9912,0,2,0,0,0,0,0,0,0,0,0
43246267,9913,0,2,0,0,0,0,0,0,0,0,0
43249911,9914,0,2,0,0,0,0,0,0,0,0,0
43253555,9915,0,2,0,0,0,0,0,0,0,0,0
43257199,9916,0,2,0,0,0,0,0,0,0,0,0
43260843,9917,0,2,0,0,0,0,0,0,0,0,0
43264487,9918,0,2,0,0,0,0,0,0,0,0,0
43268131,9919,0,2,0,0,0,0,0,0,0,0,0
43271775,9920,0,2,0,0,0,0,0,0,0,0,0
43275420,9921,0,2,0,0,0,0,0,0,0,0,0
43279063,9922,0,2,0,0,0,0,0,0,0,0,0
43282707,9923,0,2,0,0,0,0,0,0,0,0,0
43286351,9924,0,2,0,0,0,0,0,0,0,0,0
43289995,9925,0,2,0,0,0,0,0,0,0,0,0
43293639,9926,0,2,0,0,0,0,0,0,0,0,0
43297283,9927,0,2,0,0,0,0,0,0,0,0,0
43300927,9928,0,2,0,0,0,0,0,0,0,0,0
43304571,9929,0,2,0,0,0,0,0,0,0,0,0
43308215,9930,0,2,0,0,0,0,0,0,0,0,0
43311860,9931,0,2,0,0,0,0,0,0,0,0,0
43315503,9932,0,2,0,0,0,0,0,0,0,0,0
43319147,9933,0,2,0,0,0,0,0,0,0,0,0
43322791,9934,0,2,0,0,0,0,0,0,0,0,0
43326435,9935,0,2,0,0,0,0,0,0,0,0,0
43330079,9936,0,2,0,0,0,0,0,0,0,0,0
43333723,9937,0,2,0,0,0,0,0,0,0,0,0
43337367,9938,0,2,0,0,0,0,0,0,0,0,0
43341011,9939,0,2,0,0,0,0,0,0,0,0,0
43344655,9940,0,2,0,0,0,0,0,0,0,0,0
43348300,9941,0,2,0,0,0,0,0,0,0,0,0
43351943,9942,0,2,0,0,0,0,0,0,0,0,0
43355587,9943,0,2,0,0,0,0,0,0,0,0,0
43359231,9944,0,2,0,0,0,0,0,0,0,0,0
43362875,9945,0,2,0,0,0,0,0,0,0,0,0
43366519,9946,0,2,0,0,0,0,0,0,0,0,0
43370163,9947,0,2,0,0,0,0,0,0,0,0,0
43373807,9948,0,2,0,0,0,0,0,0,0,0,0
43377451,9949,0,2,0,0,0,0,0,0,0,0,0
43381095,9950,0,2,0,0,0,0,0,0,0,0,0
43384740,9951,0,2,0,0,0,0,0,0,0,0,0
43388383,9952,0,2,0,0,0,0,0,0,0,0,0
43392027,9953,0,2,0,0,0,0,0,0,0,0,0
43395671,9954,0,2,0,0,0,0,0,0,0,0,0
43399315,9955,0,2,0,0,0,0,0,0,0,0,0
43402959,9956,0,2,0,0,0,0,0,0,0,0,0
43406603,9957,0,2,0,0,0,0,0,0,0,0,0
43410247,9958,0,2,0,0,0,0,0,0,0,0,0
43413891,9959,0,2,0,0,0,0,0,0,0,0,0
43417535,9960,0,2,0,0,0,0,0,0,0,0,0
43421180,9961,0,2,0,0,0,0,0,0,0,0,0
43424823,9962,0,2,0,0,0,0,0,0,0,0,0
43428467,9963,0,2,0,0,0,0,0,0,0,0,0
43432112,9964,0,2,0,0,0,0,0,0,0,0,0
43435755,9965,0,2,0,0,0,0,0,0,0,0,0
43439399,9966,0,2,0,0,0,0,0,0,0,0,0
43443043,9967,0,2,0,0,0,0,0,0,0,0,0
43446687,9968,0,2,0,0,0,0,0,0,0,0,0
43450331,9969,0,2,0,0,0,0,0,0,0,0,0
43453975,9970,0,2,0,0,0,0,0,0,0,0,0
43457620,9971,0,2,0,0,0,0,0,0,0,0,0
43461263,9972,0,2,0,0,0,0,0,0,0,0,0
43464907,9973,0,2,0,0,0,0,0,0,0,0,0
43468551,9974,0,2,0,0,0,0,0,0,0,0,0
43472195,9975,0,2,0,0,0,0,0,0,0,0,0
43475839,9976,0,2,0,0,0,0,0,0,0,0,0
43479483,9977,0,2,0,0,0,0,0,0,0,0,0
43483127,9978,0,2,0,0,0,0,0,0,0,0,0
43486771,9979,0,2,0,0,0,0,0,0,0,0,0
43490415,9980,0,2,0,0,0,0,0,0,0,0,0
43494060,9981,0,2,0,0,0,0,0,0,0,0,0
43497703,9982,0,2,0,0,0,0,0,0,0,0,0
43501347,9983,0,2,0,0,0,0,0,0,0,0,0
43504991,9984,0,2,0,0,0,0,0,0,0,0,0
43508635,9985,0,2,0,0,0,0,0,0,0,0,0
43512279,9986,0,2,0,0,0,0,0,0,0,0,0
43515923,9987,0,2,0,0,0,0,0,0,0,0,0
43519567,9988,0,2,0,0,0,0,0,0,0,0,0
43529674,9989,0,2,0,0,0,0,0,0,0,0,0
43533305,9990,0,2,0,0,0,0,0,0,0,0,0
43536950,9991,0,2,0,0,0,0,0,0,0,0,0
43540593,9992,0,2,0,0,0,0,0,0,0,0,0
43544237,9993,0,2,0,0,0,0,0,0,0,0,0
43547881,9994,0,2,0,0,0,0,0,0,0,0,0
43551525,9995,0,2,0,0,0,0,0,0,0,0,0
43555169,9996,0,2,0,0,0,0,0,0,0,0,0
43558813,9997,0,2,0,0,0,0,0,0,0,0,0
43562457,9998,0,2,0,0,0,0,0,0,0,0,0
43566101,9999,0,2,0,0,0,0,0,0,0,0,0
43569745,10000,0,2,0,0,0,0,0,0,0,0,0
43573390,10001,0,2,0,0,0,0,0,0,0,0,0
43577033,10002,0,2,0,0,0,0,0,0,0,0,0
43580677,10003,0,2,0,0,0,0,0,0,0,0,0
43584321,10004,0,2,0,0,0,0,0,0,0,0,0
43587965,10005,0,2,0,0,0,0,0,0,0,0,0
43591609,10006,0,2,0,0,0,0,0,0,0,0,0
43595253,10007,0,2,0,0,0,0,0,0,0,0,0
43598897,10008,0,2,0,0,0,0,0,0,0,0,0
43602541,10009,0,2,0,0,0,0,0,0,0,0,0
43606185,10010,0,2,0,0,0,0,0,0,0,0,0
43609830,10011,0,2,0,0,0,0,0,0,0,0,0
43613473,10012,0,2,0,0,0,0,0,0,0,0,0
43617118,10013,0,2,0,0,0,0,0,0,0,0,0
43620761,10014,0,2,0,0,0,0,0,0,0,0,0
43624405,10015,0,2,0,0,0,0,0,0,0,0,0
43628049,10016,0,2,0,0,0,0,0,0,0,0,0
43631693,10017,0,2,0,0,0,0,0,0,0,0,0
43635337,10018,0,2,0,0,0,0,0,0,0,0,0
43638981,10019,0,2,0,0,0,0,0,0,0,0,0
43642625,10020,0,2,0,0,0,0,0,0,0,0,0
43646270,10021,0,2,0,0,0,0,0,0,0,0,0
43649913,10022,0,2,0,0,0,0,0,0,0,0,0
43653557,10023,0,2,0,0,0,0,0,0,0,0,0
43657201,10024,0,2,0,0,0,0,0,0,0,0,0
43660845,10025,0,2,0,0,0,0,0,0,0,0,0
43664489,10026,0,2,0,0,0,0,0,0,0,0,0
43668133,10027,0,2,0,0,0,0,0,0,0,0,0
43671777,10028,0,2,0,0,0,0,0,0,0,0,0
43675421,10029,0,2,0,0,0,0,0,0,0,0,0
43679065,10030,0,2,0,0,0,0,0,0,0,0,0
43682710,10031,0,2,0,0,0,0,0,0,0,0,0
43686353,10032,0,2,0,0,0,0,0,0,0,0,0
43689997,10033,0,2,0,0,0,0,0,0,0,0,0
43693641,10034,0,2,0,0,0,0,0,0,0,0,0
43697285,10035,0,2,0,0,0,0,0,0,0,0,0
43700929,10036,0,2,0,0,0,0,0,0,0,0,0
43704573,10037,0,2,0,0,0,0,0,0,0,0,0
43708217,10038,0,2,0,0,0,0,0,0,0,0,0
43711861,10039,0,2,0,0,0,0,0,0,0,0,0
43715505,10040,0,2,0,0,0,0,0,0,0,0,0
43719150,10041,0,2,0,0,0,0,0,0,0,0,0
43722793,10042,0,2,0,0,0,0,0,0,0,0,0
43726437,10043,0,2,0,0,0,0,0,0,0,0,0
43730081,10044,0,2,0,0,0,0,0,0,0,0,0
43733725,10045,0,2,0,0,0,0,0,0,0,0,0
43737369,10046,0,2,0,0,0,0,0,0,0,0,0
43741014,10047,0,2,0,0,0,0,0,0,0,0,0
43744657,10048,0,2,0,0,0,0,0,0,0,0,0
43748301,10049,0,2,0,0,0,0,0,0,0,0,0
43751945,10050,0,2,0,0,0,0,0,0,0,0,0
43755590,10051,0,2,0,0,0,0,0,0,0,0,0
43759233,10052,0,2,0,0,0,0,0,0,0,0,0
43762877,10053,0,2,0,0,0,0,0,0,0,0,0
43766521,10054,0,2,0,0,0,0,0,0,0,0,0
43770165,10055,0,2,0,0,0,0,0,0,0,0,0
43773809,10056,0,2,0,0,0,0,0,0,0,0,0
43777453,10057,0,2,0,0,0,0,0,0,0,0,0
43781097,10058,0,2,0,0,0,0,0,0,0,0,0
43784741,10059,0,2,0,0,0,0,0,0,0,0,0
43788385,10060,0,2,0,0,0,0,0,0,0,0,0
43792030,10061,0,2,0,0,0,0,0,0,0,0,0
43795673,10062,0,2,0,0,0,0,0,0,0,0,0
43799317,10063,0,2,0,0,0,0,0,0,0,0,0
43802961,10064,0,2,0,0,0,0,0,0,0,0,0
43806605,10065,0,2,0,0,0,0,0,0,0,0,0
43810249,10066,0,2,0,0,0,0,0,0,0,0,0
43813893,10067,0,2,0,0,0,0,0,0,0,0,0
43817537,10068,0,2,0,0,0,0,0,0,0,0,0
43821181,10069,0,2,0,0,0,0,0,0,0,0,0
43824825,10070,0,2,0,0,0,0,0,0,0,0,0
43828470,10071,0,2,0,0,0,0,0,0,0,0,0
43832113,10072,0,2,0,0,0,0,0,0,0,0,0
43835757,10073,0,2,0,0,0,0,0,0,0,0,0
43839401,10074,0,2,0,0,0,0,0,0,0,0,0
43843045,10075,0,2,0,0,0,0,0,0,0,0,0
43846689,10076,0,2,0,0,0,0,0,0,0,0,0
43850333,10077,0,2,0,0,0,0,0,0,0,0,0
43853977,10078,0,2,0,0,0,0,0,0,0,0,0
43857621,10079,0,2,0,0,0,0,0,0,0,0,0
43861265,10080,0,2,0,0,0,0,0,0,0,0,0
43864910,10081,0,2,0,0,0,0,0,0,0,0,0
43868553,10082,0,2,0,0,0,0,0,0,0,0,0
43872197,10083,0,2,0,0,0,0,0,0,0,0,0
43875841,10084,0,2,0,0,0,0,0,0,0,0,0
43879485,10085,0,2,0,0,0,0,0,0,0,0,0
43883129,10086,0,2,0,0,0,0,0,0,0,0,0
43886773,10087,0,2,0,0,0,0,0,0,0,0,0
43890417,10088,0,2,0,0,0,0,0,0,0,0,0
43894061,10089,0,2,0,0,0,0,0,0,0,0,0
43897705,10090,0,2,0,0,0,0,0,0,0,0,0
43901350,10091,0,2,0,0,0,0,0,0,0,0,0
43904993,10092,0,2,0,0,0,0,0,0,0,0,0
43908637,10093,0,2,0,0,0,0,0,0,0,0,0
43912281,10094,0,2,0,0,0,0,0,0,0,0,0
43915925,10095,0,2,0,0,0,0,0,0,0,0,0
43919569,10096,0,2,0,0,0,0,0,0,0,0,0
43923213,10097,0,2,0,0,0,0,0,0,0,0,0
43926857,10098,0,2,0,0,0,0,0,0,0,0,0
43930501,10099,0,2,0,0,0,0,0,0,0,0,0
43934145,10100,0,2,0,0,0,0,0,0,0,0,0
43937790,10101,0,2,0,0,0,0,0,0,0,0,0
43941433,10102,0,2,0,0,0,0,0,0,0,0,0
43945077,10103,0,2,0,0,0,0,0,0,0,0,0
43948721,10104,0,2,0,0,0,0,0,0,0,0,0
43952365,10105,0,2,0,0,0,0,0,0,0,0,0
43956009,10106,0,2,0,0,0,0,0,0,0,0,0
43959653,10107,0,2,0,0,0,0,0,0,0,0,0
43963297,10108,0,2,0,0,0,0,0,0,0,0,0
43966941,10109,0,2,0,0,0,0,0,0,0,0,0
43970585,10110,0,2,0,0,0,0,0,0,0,0,0
43974230,10111,0,2,0,0,0,0,0,0,0,0,0
43977873,10112,0,2,0,0,0,0,0,0,0,0,0
43981517,10113,0,2,0,0,0,0,0,0,0,0,0
43985161,10114,0,2,0,0,0,0,0,0,0,0,0
43988805,10115,0,2,0,0,0,0,0,0,0,0,0
43992449,10116,0,2,0,0,0,0,0,0,0,0,0
43996093,10117,0,2,0,0,0,0,0,0,0,0,0
43999737,10118,0,2,0,0,0,0,0,0,0,0,0
44003381,10119,0,2,0,0,0,0,0,0,0,0,0
44007025,10120,0,2,0,0,0,0,0,0,0,0,0
44010670,10121,0,2,0,0,0,0,0,0,0,0,0
44014313,10122,0,2,0,0,0,0,0,0,0,0,0
44017957,10123,0,2,0,0,0,0,0,0,0,0,0
44021601,10124,0,2,0,0,0,0,0,0,0,0,0
44025245,10125,0,2,0,0,0,0,0,0,0,0,0
44028889,10126,0,2,0,0,0,0,0,0,0,0,0
44032533,10127,0,2,0,0,0,0,0,0,0,0,0
44036177,10128,0,2,0,0,0,0,0,0,0,0,0
44039821,10129,0,2,0,0,0,0,0,0,0,0,0
44043465,10130,0,2,0,0,0,0,0,0,0,0,0
44047110,10131,0,2,0,0,0,0,0,0,0,0,0
44050753,10132,0,2,0,0,0,0,0,0,0,0,0
44054397,10133,0,2,0,0,0,0,0,0,0,0,0
44058041,10134,0,2,0,0,0,0,0,0,0,0,0
44061685,10135,0,2,0,0,0,0,0,0,0,0,0
44065329,10136,0,2,0,0,0,0,0,0,0,0,0
44068973,10137,0,2,0,0,0,0,0,0,0,0,0
44072617,10138,0,2,0,0,0,0,0,0,0,0,0
44076261,10139,0,2,0,0,0,0,0,0,0,0,0
44079905,10140,0,2,0,0,0,0,0,0,0,0,0
44083550,10141,0,2,0,0,0,0,0,0,0,0,0
44087193,10142,0,2,0,0,0,0,0,0,0,0,0
44090837,10143,0,2,0,0,0,0,0,0,0,0,0
44094481,10144,0,2,0,0,0,0,0,0,0,0,0
44098125,10145,0,2,0,0,0,0,0,0,0,0,0
44101769,10146,0,2,0,0,0,0,0,0,0,0,0
44105413,10147,0,2,0,0,0,0,0,0,0,0,0
44109057,10148,0,2,0,0,0,0,0,0,0,0,0
44112701,10149,0,2,0,0,0,0,0,0,0,0,0
44116345,10150,0,2,0,0,0,0,0,0,0,0,0
44119990,10151,0,2,0,0,0,0,0,0,0,0,0
44123633,10152,0,2,0,0,0,0,0,0,0,0,0
44127277,10153,0,2,0,0,0,0,0,0,0,0,0
44130921,10154,0,2,0,0,0,0,0,0,0,0,0
44134565,10155,0,2,0,0,0,0,0,0,0,0,0
44138209,10156,0,2,0,0,0,0,0,0,0,0,0
44141853,10157,0,2,0,0,0,0,0,0,0,0,0
44145497,10158,0,2,0,0,0,0,0,0,0,0,0
44149141,10159,0,2,0,0,0,0,0,0,0,0,0
44152785,10160,0,2,0,0,0,0,0,0,0,0,0
44156430,10161,0,2,0,0,0,0,0,0,0,0,0
44160073,10162,0,2,0,0,0,0,0,0,0,0,0
44163717,10163,0,2,0,0,0,0,0,0,0,0,0
44167361,10164,0,2,0,0,0,0,0,0,0,0,0
44171005,10165,0,2,0,0,0,0,0,0,0,0,0
44174649,10166,0,2,0,0,0,0,0,0,0,0,0
44178293,10167,0,2,0,0,0,0,0,0,0,0,0
44181937,10168,0,2,0,0,0,0,0,0,0,0,0
44185581,10169,0,2,0,0,0,0,0,0,0,0,0
44189225,10170,0,2,0,0,0,0,0,0,0,0,0
44192870,10171,0,2,0,0,0,0,0,0,0,0,0
44196513,10172,0,2,0,0,0,0,0,0,0,0,0
44200157,10173,0,2,0,0,0,0,0,0,0,0,0
44203801,10174,0,2,0,0,0,0,0,0,0,0,0
44207445,10175,0,2,0,0,0,0,0,0,0,0,0
44211089,10176,0,2,0,0,0,0,0,0,0,0,0
44214733,10177,0,2,0,0,0,0,0,0,0,0,0
44218377,10178,0,2,0,0,0,0,0,0,0,0,0
44222021,10179,0,2,0,0,0,0,0,0,0,0,0
44225665,10180,0,2,0,0,0,0,0,0,0,0,0
44229310,10181,0,2,0,0,0,0,0,0,0,0,0
44232953,10182,0,2,0,0,0,0,0,0,0,0,0
44236597,10183,0,2,0,0,0,0,0,0,0,0,0
44240242,10184,0,2,0,0,0,0,0,0,0,0,0
44243885,10185,0,2,0,0,0,0,0,0,0,0,0
44247529,10186,0,2,0,0,0,0,0,0,0,0,0
44251173,10187,0,2,0,0,0,0,0,0,0,0,0
44254817,10188,0,2,0,0,0,0,0,0,0,0,0
44258461,10189,0,2,0,0,0,0,0,0,0,0,0
44262105,10190,0,2,0,0,0,0,0,0,0,0,0
44265750,10191,0,2,0,0,0,0,0,0,0,0,0
44269393,10192,0,2,0,0,0,0,0,0,0,0,0
44273038,10193,0,2,0,0,0,0,0,0,0,0,0
44276681,10194,0,2,0,0,0,0,0,0,0,0,0
44280325,10195,0,2,0,0,0,0,0,0,0,0,0
44283969,10196,0,2,0,0,0,0,0,0,0,0,0
44287613,10197,0,2,0,0,0,0,0,0,0,0,0
44291257,10198,0,2,0,0,0,0,0,0,0,0,0
44294901,10199,0,2,0,0,0,0,0,0,0,0,0
44298545,10200,0,2,0,0,0,0,0,0,0,0,0
44302190,10201,0,2,0,0,0,0,0,0,0,0,0
44305833,10202,0,2,0,0,0,0,0,0,0,0,0
44309477,10203,0,2,0,0,0,0,0,0,0,0,0
44313121,10204,0,2,0,0,0,0,0,0,0,0,0
44316765,10205,0,2,0,0,0,0,0,0,0,0,0
44320409,10206,0,2,0,0,0,0,0,0,0,0,0
44324053,10207,0,2,0,0,0,0,0,0,0,0,0
44327697,10208,0,2,0,0,0,0,0,0,0,0,0
44331341,10209,0,2,0,0,0,0,0,0,0,0,0
44334985,10210,0,2,0,0,0,0,0,0,0,0,0
44338630,10211,0,2,0,0,0,0,0,0,0,0,0
44342273,10212,0,2,0,0,0,0,0,0,0,0,0
44345917,10213,0,2,0,0,0,0,0,0,0,0,0
44349561,10214,0,2,0,0,0,0,0,0,0,0,0
44353205,10215,0,2,0,0,0,0,0,0,0,0,0
44361730,10216,0,2,0,0,0,0,0,0,0,0,0
44365362,10217,0,2,0,0,0,0,0,0,0,0,0
44369007,10218,0,2,0,0,0,0,0,0,0,0,0
44372650,10219,0,2,0,0,0,0,0,0,0,0,0
44376294,10220,0,2,0,0,0,0,0,0,0,0,0
44379939,10221,0,2,0,0,0,0,0,0,0,0,0
44383582,10222,0,2,0,0,0,0,0,0,0,0,0
44387226,10223,0,2,0,0,0,0,0,0,0,0,0
44390870,10224,0,2,0,0,0,0,0,0,0,0,0
44394514,10225,0,2,0,0,0,0,0,0,0,0,0
44398158,10226,0,2,0,0,0,0,0,0,0,0,0
44401802,10227,0,2,0,0,0,0,0,0,0,0,0
44405446,10228,0,2,0,0,0,0,0,0,0,0,0
44409090,10229,0,2,0,0,0,0,0,0,0,0,0
44412734,10230,0,2,0,0,0,0,0,0,0,0,0
44416379,10231,0,2,0,0,0,0,0,0,0,0,0
44420023,10232,0,2,0,0,0,0,0,0,0,0,0
44423666,10233,0,2,0,0,0,0,0,0,0,0,0
44427310,10234,0,2,0,0,0,0,0,0,0,0,0
44430954,10235,0,2,0,0,0,0,0,0,0,0,0
44434598,10236,0,2,0,0,0,0,0,0,0,0,0
44438242,10237,0,2,0,0,0,0,0,0,0,0,0
44441886,10238,0,2,0,0,0,0,0,0,0,0,0
44445530,10239,0,2,0,0,0,0,0,0,0,0,0
44449174,10240,0,2,0,0,0,0,0,0,0,0,0
44452819,10241,0,2,0,0,0,0,0,0,0,0,0
44456462,10242,0,2,0,0,0,0,0,0,0,0,0
44460106,10243,0,2,0,0,0,0,0,0,0,0,0
44463750,10244,0,2,0,0,0,0,0,0,0,0,0
44467394,10245,0,2,0,0,0,0,0,0,0,0,0
44471038,10246,0,2,0,0,0,0,0,0,0,0,0
44474682,10247,0,2,0,0,0,0,0,0,0,0,0
44478326,10248,0,2,0,0,0,0,0,0,0,0,0
44481970,10249,0,2,0,0,0,0,0,0,0,0,0
44485614,10250,0,2,0,0,0,0,0,0,0,0,0
44489259,10251,0,2,0,0,0,0,0,0,0,0,0
44492902,10252,0,2,0,0,0,0,0,0,0,0,0
44496546,10253,0,2,0,0,0,0,0,0,0,0,0
44500190,10254,0,2,0,0,0,0,0,0,0,0,0
44503834,10255,0,2,0,0,0,0,0,0,0,0,0
44507478,10256,0,2,0,0,0,0,0,0,0,0,0
44511122,10257,0,2,0,0,0,0,0,0,0,0,0
44514766,10258,0,2,0,0,0,0,0,0,0,0,0
44518410,10259,0,2,0,0,0,0,0,0,0,0,0
44522055,10260,0,2,0,0,0,0,0,0,0,0,0
44525699,10261,0,2,0,0,0,0,0,0,0,0,0
44529342,10262,0,2,0,0,0,0,0,0,0,0,0
44532986,10263,0,2,0,0,0,0,0,0,0,0,0
44536630,10264,0,2,0,0,0,0,0,0,0,0,0
44540274,10265,0,2,0,0,0,0,0,0,0,0,0
44543918,10266,0,2,0,0,0,0,0,0,0,0,0
44547562,10267,0,2,0,0,0,0,0,0,0,0,0
44551207,10268,0,2,0,0,0,0,0,0,0,0,0
44554850,10269,0,2,0,0,0,0,0,0,0,0,0
44558494,10270,0,2,0,0,0,0,0,0,0,0,0
44562139,10271,0,2,0,0,0,0,0,0,0,0,0
44565782,10272,0,2,0,0,0,0,0,0,0,0,0
44569426,10273,0,2,0,0,0,0,0,0,0,0,0
44573071,10274,0,2,0,0,0,0,0,0,0,0,0
44576714,10275,0,2,0,0,0,0,0,0,0,0,0
44580358,10276,0,2,0,0,0,0,0,0,0,0,0
44584003,10277,0,2,0,0,0,0,0,0,0,0,0
44587646,10278,0,2,0,0,0,0,0,0,0,0,0
44591290,10279,0,2,0,0,0,0,0,0,0,0,0
44594934,10280,0,2,0,0,0,0,0,0,0,0,0
44598579,10281,0,2,0,0,0,0,0,0,0,0,0
44602222,10282,0,2,0,0,0,0,0,0,0,0,0
44605866,10283,0,2,0,0,0,0,0,0,0,0,0
44609510,10284,0,2,0,0,0,0,0,0,0,0,0
44613154,10285,0,2,0,0,0,0,0,0,0,0,0
44616798,10286,0,2,0,0,0,0,0,0,0,0,0
44620442,10287,0,2,0,0,0,0,0,0,0,0,0
44624086,10288,0,2,0,0,0,0,0,0,0,0,0
44627730,10289,0,2,0,0,0,0,0,0,0,0,0
44631374,10290,0,2,0,0,0,0,0,0,0,0,0
44635019,10291,0,2,0,0,0,0,0,0,0,0,0
44638662,10292,0,2,0,0,0,0,0,0,0,0,0
44642306,10293,0,2,0,0,0,0,0,0,0,0,0
44645950,10294,0,2,0,0,0,0,0,0,0,0,0
44649594,10295,0,2,0,0,0,0,0,0,0,0,0
44653238,10296,0,2,0,0,0,0,0,0,0,0,0
44656882,10297,0,2,0,0,0,0,0,0,0,0,0
44660526,10298,0,2,0,0,0,0,0,0,0,0,0
44664170,10299,0,2,0,0,0,0,0,0,0,0,0
44667814,10300,0,2,0,0,0,0,0,0,0,0,0
44671459,10301,0,2,0,0,0,0,0,0,0,0,0
44675102,10302,0,2,0,0,0,0,0,0,0,0,0
44678746,10303,0,2,0,0,0,0,0,0,0,0,0
44682390,10304,0,2,0,0,0,0,0,0,0,0,0
44686034,10305,0,2,0,0,0,0,0,0,0,0,0
44689678,10306,0,2,0,0,0,0,0,0,0,0,0
44693322,10307,0,2,0,0,0,0,0,0,0,0,0
44696966,10308,0,2,0,0,0,0,0,0,0,0,0
44700610,10309,0,2,0,0,0,0,0,0,0,0,0
44704254,10310,0,2,0,0,0,0,0,0,0,0,0
44707899,10311,0,2,0,0,0,0,0,0,0,0,0
44711542,10312,0,2,0,0,0,0,0,0,0,0,0
44715186,10313,0,2,0,0,0,0,0,0,0,0,0
44718830,10314,0,2,0,0,0,0,0,0,0,0,0
44722474,10315,0,2,0,0,0,0,0,0,0,0,0
44726118,10316,0,2,0,0,0,0,0,0,0,0,0
44729762,10317,0,2,0,0,0,0,0,0,0,0,0
44733406,10318,0,2,0,0,0,0,0,0,0,0,0
44737050,10319,0,2,0,0,0,0,0,0,0,0,0
44740694,10320,0,2,0,0,0,0,0,0,0,0,0
44744339,10321,0,2,0,0,0,0,0,0,0,0,0
44747982,10322,0,2,0,0,0,0,0,0,0,0,0
44751626,10323,0,2,0,0,0,0,0,0,0,0,0
44755270,10324,0,2,0,0,0,0,0,0,0,0,0
44758914,10325,0,2,0,0,0,0,0,0,0,0,0
44762558,10326,0,2,0,0,0,0,0,0,0,0,0
44766202,10327,0,2,0,0,0,0,0,0,0,0,0
44769846,10328,0,2,0,0,0,0,0,0,0,0,0
44773490,10329,0,2,0,0,0,0,0,0,0,0,0
44777134,10330,0,2,0,0,0,0,0,0,0,0,0
44780779,10331,0,2,0,0,0,0,0,0,0,0,0
44784422,10332,0,2,0,0,0,0,0,0,0,0,0
44788066,10333,0,2,0,0,0,0,0,0,0,0,0
44791710,10334,0,2,0,0,0,0,0,0,0,0,0
44795354,10335,0,2,0,0,0,0,0,0,0,0,0
44798998,10336,0,2,0,0,0,0,0,0,0,0,0
44802642,10337,0,2,0,0,0,0,0,0,0,0,0
44806286,10338,0,2,0,0,0,0,0,0,0,0,0
44809930,10339,0,2,0,0,0,0,0,0,0,0,0
44813574,10340,0,2,0,0,0,0,0,0,0,0,0
44817219,10341,0,2,0,0,0,0,0,0,0,0,0
44820862,10342,0,2,0,0,0,0,0,0,0,0,0
44824506,10343,0,2,0,0,0,0,0,0,0,0,0
44828150,10344,0,2,0,0,0,0,0,0,0,0,0
44831794,10345,0,2,0,0,0,0,0,0,0,0,0
44835438,10346,0,2,0,0,0,0,0,0,0,0,0
44839082,10347,0,2,0,0,0,0,0,0,0,0,0
44842726,10348,0,2,0,0,0,0,0,0,0,0,0
44846370,10349,0,2,0,0,0,0,0,0,0,0,0
44850014,10350,0,2,0,0,0,0,0,0,0,0,0
44853659,10351,0,2,0,0,0,0,0,0,0,0,0
44857302,10352,0,2,0,0,0,0,0,0,0,0,0
44860946,10353,0,2,0,0,0,0,0,0,0,0,0
44864590,10354,0,2,0,0,0,0,0,0,0,0,0
44868234,10355,0,2,0,0,0,0,0,0,0,0,0
44871878,10356,0,2,0,0,0,0,0,0,0,0,0
44875522,10357,0,2,0,0,0,0,0,0,0,0,0
44879166,10358,0,2,0,0,0,0,0,0,0,0,0
44882810,10359,0,2,0,0,0,0,0,0,0,0,0
44886454,10360,0,2,0,0,0,0,0,0,0,0,0
44890099,10361,0,2,0,0,0,0,0,0,0,0,0
44893742,10362,0,2,0,0,0,0,0,0,0,0,0
44897386,10363,0,2,0,0,0,0,0,0,0,0,0
44901030,10364,0,2,0,0,0,0,0,0,0,0,0
44904674,10365,0,2,0,0,0,0,0,0,0,0,0
44908318,10366,0,2,0,0,0,0,0,0,0,0,0
44911962,10367,0,2,0,0,0,0,0,0,0,0,0
44915606,10368,0,2,0,0,0,0,0,0,0,0,0
44919250,10369,0,2,0,0,0,0,0,0,0,0,0
44922894,10370,0,2,0,0,0,0,0,0,0,0,0
44926539,10371,0,2,0,0,0,0,0,0,0,0,0
44930182,10372,0,2,0,0,0,0,0,0,0,0,0
44933826,10373,0,2,0,0,0,0,0,0,0,0,0
44937470,10374,0,2,0,0,0,0,0,0,0,0,0
44941114,10375,0,2,0,0,0,0,0,0,0,0,0
44944758,10376,0,2,0,0,0,0,0,0,0,0,0
44948402,10377,0,2,0,0,0,0,0,0,0,0,0
44952046,10378,0,2,0,0,0,0,0,0,0,0,0
44955690,10379,0,2,0,0,0,0,0,0,0,0,0
44959334,10380,0,2,0,0,0,0,0,0,0,0,0
44962979,10381,0,2,0,0,0,0,0,0,0,0,0
44966622,10382,0,2,0,0,0,0,0,0,0,0,0
44970266,10383,0,2,0,0,0,0,0,0,0,0,0
44973910,10384,0,2,0,0,0,0,0,0,0,0,0
44977554,10385,0,2,0,0,0,0,0,0,0,0,0
44981198,10386,0,2,0,0,0,0,0,0,0,0,0
44984842,10387,0,2,0,0,0,0,0,0,0,0,0
44988486,10388,0,2,0,0,0,0,0,0,0,0,0
44992130,10389,0,2,0,0,0,0,0,0,0,0,0
44995774,10390,0,2,0,0,0,0,0,0,0,0,0
44999419,10391,0,2,0,0,0,0,0,0,0,0,0
45003062,10392,0,2,0,0,0,0,0,0,0,0,0
45006706,10393,0,2,0,0,0,0,0,0,0,0,0
45010350,10394,0,2,0,0,0,0,0,0,0,0,0
45013994,10395,0,2,0,0,0,0,0,0,0,0,0
45017638,10396,0,2,0,0,0,0,0,0,0,0,0
45021282,10397,0,2,0,0,0,0,0,0,0,0,0
45024926,10398,0,2,0,0,0,0,0,0,0,0,0
45028570,10399,0,2,0,0,0,0,0,0,0,0,0
45032214,10400,0,2,0,0,0,0,0,0,0,0,0
45035859,10401,0,2,0,0,0,0,0,0,0,0,0
45039502,10402,0,2,0,0,0,0,0,0,0,0,0
45043147,10403,0,2,0,0,0,0,0,0,0,0,0
45046790,10404,0,2,0,0,0,0,0,0,0,0,0
45050434,10405,0,2,0,0,0,0,0,0,0,0,0
45054078,10406,0,2,0,0,0,0,0,0,0,0,0
45057722,10407,0,2,0,0,0,0,0,0,0,0,0
45061366,10408,0,2,0,0,0,0,0,0,0,0,0
45065010,10409,0,2,0,0,0,0,0,0,0,0,0
45068654,10410,0,2,0,0,0,0,0,0,0,0,0
45072299,10411,0,2,0,0,0,0,0,0,0,0,0
45075942,10412,0,2,0,0,0,0,0,0,0,0,0
45079586,10413,0,2,0,0,0,0,0,0,0,0,0
45083230,10414,0,2,0,0,0,0,0,0,0,0,0
45086874,10415,0,2,0,0,0,0,0,0,0,0,0
45090518,10416,0,2,0,0,0,0,0,0,0,0,0
45094162,10417,0,2,0,0,0,0,0,0,0,0,0
45097806,10418,0,2,0,0,0,0,0,0,0,0,0
45101450,10419,0,2,0,0,0,0,0,0,0,0,0
45105095,10420,0,2,0,0,0,0,0,0,0,0,0
45108739,10421,0,2,0,0,0,0,0,0,0,0,0
45112382,10422,0,2,0,0,0,0,0,0,0,0,0
45116026,10423,0,2,0,0,0,0,0,0,0,0,0
45119670,10424,0,2,0,0,0,0,0,0,0,0,0
45123314,10425,0,2,0,0,0,0,0,0,0,0,0
45126958,10426,0,2,0,0,0,0,0,0,0,0,0
45130602,10427,0,2,0,0,0,0,0,0,0,0,0
45134246,10428,0,2,0,0,0,0,0,0,0,0,0
45137890,10429,0,2,0,0,0,0,0,0,0,0,0
45141534,10430,0,2,0,0,0,0,0,0,0,0,0
45145179,10431,0,2,0,0,0,0,0,0,0,0,0
45148822,10432,0,2,0,0,0,0,0,0,0,0,0
45152466,10433,0,2,0,0,0,0,0,0,0,0,0
45156110,10434,0,2,0,0,0,0,0,0,0,0,0
45159754,10435,0,2,0,0,0,0,0,0,0,0,0
45163398,10436,0,2,0,0,0,0,0,0,0,0,0
45167042,10437,0,2,0,0,0,0,0,0,0,0,0
45170686,10438,0,2,0,0,0,0,0,0,0,0,0
45174330,10439,0,2,0,0,0,0,0,0,0,0,0
45177974,10440,0,2,0,0,0,0,0,0,0,0,0
45181619,10441,0,2,0,0,0,0,0,0,0,0,0
45185262,10442,0,2,0,0,0,0,0,0,0,0,0
45195653,10443,0,2,0,0,0,0,0,0,0,0,0
45199285,10444,0,2,0,0,0,0,0,0,0,0,0
45202929,10445,0,2,0,0,0,0,0,0,0,0,0
45206573,10446,0,2,0,0,0,0,0,0,0,0,0
45210217,10447,0,2,0,0,0,0,0,0,0,0,0
45213861,10448,0,2,0,0,0,0,0,0,0,0,0
45217505,10449,0,2,0,0,0,0,0,0,0,0,0
45221149,10450,0,2,0,0,0,0,0,0,0,0,0
45224794,10451,0,2,0,0,0,0,0,0,0,0,0
45228437,10452,0,2,0,0,0,0,0,0,0,0,0
45232081,10453,0,2,0,0,0,0,0,0,0,0,0
45235725,10454,0,2,0,0,0,0,0,0,0,0,0
45239369,10455,0,2,0,0,0,0,0,0,0,0,0
45243014,10456,0,2,0,0,0,0,0,0,0,0,0
45246657,10457,0,2,0,0,0,0,0,0,0,0,0
45250301,10458,0,2,0,0,0,0,0,0,0,0,0
45253945,10459,0,2,0,0,0,0,0,0,0,0,0
45257589,10460,0,2,0,0,0,0,0,0,0,0,0
45261234,10461,0,2,0,0,0,0,0,0,0,0,0
45264877,10462,0,2,0,0,0,0,0,0,0,0,0
45268521,10463,0,2,0,0,0,0,0,0,0,0,0
45272165,10464,0,2,0,0,0,0,0,0,0,0,0
45275809,10465,0,2,0,0,0,0,0,0,0,0,0
45279453,10466,0,2,0,0,0,0,0,0,0,0,0
45283097,10467,0,2,0,0,0,0,0,0,0,0,0
45286741,10468,0,2,0,0,0,0,0,0,0,0,0
45290385,10469,0,2,0,0,0,0,0,0,0,0,0
45294029,10470,0,2,0,0,0,0,0,0,0,0,0
45297674,10471,0,2,0,0,0,0,0,0,0,0,0
45301317,10472,0,2,0,0,0,0,0,0,0,0,0
45304961,10473,0,2,0,0,0,0,0,0,0,0,0
45308605,10474,0,2,0,0,0,0,0,0,0,0,0
45312249,10475,0,2,0,0,0,0,0,0,0,0,0
45315893,10476,0,2,0,0,0,0,0,0,0,0,0
45319537,10477,0,2,0,0,0,0,0,0,0,0,0
45323181,10478,0,2,0,0,0,0,0,0,0,0,0
45326825,10479,0,2,0,0,0,0,0,0,0,0,0
45330469,10480,0,2,0,0,0,0,0,0,0,0,0
45334114,10481,0,2,0,0,0,0,0,0,0,0,0
45337757,10482,0,2,0,0,0,0,0,0,0,0,0
45341401,10483,0,2,0,0,0,0,0,0,0,0,0
45345045,10484,0,2,0,0,0,0,0,0,0,0,0
45348689,10485,0,2,0,0,0,0,0,0,0,0,0
45352333,10486,0,2,0,0,0,0,0,0,0,0,0
45355977,10487,0,2,0,0,0,0,0,0,0,0,0
45359621,10488,0,2,0,0,0,0,0,0,0,0,0
45363265,10489,0,2,0,0,0,0,0,0,0,0,0
45366909,10490,0,2,0,0,0,0,0,0,0,0,0
45370554,10491,0,2,0,0,0,0,0,0,0,0,0
45374197,10492,0,2,0,0,0,0,0,0,0,0,0
45377841,10493,0,2,0,0,0,0,0,0,0,0,0
45381485,10494,0,2,0,0,0,0,0,0,0,0,0
45385129,10495,0,2,0,0,0,0,0,0,0,0,0
45388773,10496,0,2,0,0,0,0,0,0,0,0,0
45392417,10497,0,2,0,0,0,0,0,0,0,0,0
45396061,10498,0,2,0,0,0,0,0,0,0,0,0
45399705,10499,0,2,0,0,0,0,0,0,0,0,0
45403349,10500,0,2,0,0,0,0,0,0,0,0,0
45406994,10501,0,2,0,0,0,0,0,0,0,0,0
45410637,10502,0,2,0,0,0,0,0,0,0,0,0
45414281,10503,0,2,0,0,0,0,0,0,0,0,0
45417925,10504,0,2,0,0,0,0,0,0,0,0,0
45421569,10505,0,2,0,0,0,0,0,0,0,0,0
45425213,10506,0,2,0,0,0,0,0,0,0,0,0
45428857,10507,0,2,0,0,0,0,0,0,0,0,0
45432501,10508,0,2,0,0,0,0,0,0,0,0,0
45436145,10509,0,2,0,0,0,0,0,0,0,0,0
45439789,10510,0,2,0,0,0,0,0,0,0,0,0
45443434,10511,0,2,0,0,0,0,0,0,0,0,0
45447077,10512,0,2,0,0,0,0,0,0,0,0,0
45450721,10513,0,2,0,0,0,0,0,0,0,0,0
45454365,10514,0,2,0,0,0,0,0,0,0,0,0
45458009,10515,0,2,0,0,0,0,0,0,0,0,0
45461653,10516,0,2,0,0,0,0,0,0,0,0,0
45465297,10517,0,2,0,0,0,0,0,0,0,0,0
45468941,10518,0,2,0,0,0,0,0,0,0,0,0
45472585,10519,0,2,0,0,0,0,0,0,0,0,0
45476229,10520,0,2,0,0,0,0,0,0,0,0,0
45479874,10521,0,2,0,0,0,0,0,0,0,0,0
45483517,10522,0,2,0,0,0,0,0,0,0,0,0
45487161,10523,0,2,0,0,0,0,0,0,0,0,0
45490805,10524,0,2,0,0,0,0,0,0,0,0,0
45494449,10525,0,2,0,0,0,0,0,0,0,0,0
45498093,10526,0,2,0,0,0,0,0,0,0,0,0
45501737,10527,0,2,0,0,0,0,0,0,0,0,0
45505381,10528,0,2,0,0,0,0,0,0,0,0,0
45509025,10529,0,2,0,0,0,0,0,0,0,0,0
45512669,10530,0,2,0,0,0,0,0,0,0,0,0
45516314,10531,0,2,0,0,0,0,0,0,0,0,0
45519957,10532,0,2,0,0,0,0,0,0,0,0,0
45523601,10533,0,2,0,0,0,0,0,0,0,0,0
45527245,10534,0,2,0,0,0,0,0,0,0,0,0
45530889,10535,0,2,0,0,0,0,0,0,0,0,0
45534533,10536,0,2,0,0,0,0,0,0,0,0,0
45538177,10537,0,2,0,0,0,0,0,0,0,0,0
45541821,10538,0,2,0,0,0,0,0,0,0,0,0
45545465,10539,0,2,0,0,0,0,0,0,0,0,0
45549109,10540,0,2,0,0,0,0,0,0,0,0,0
45552754,10541,0,2,0,0,0,0,0,0,0,0,0
45556397,10542,0,2,0,0,0,0,0,0,0,0,0
45560041,10543,0,2,0,0,0,0,0,0,0,0,0
45563685,10544,0,2,0,0,0,0,0,0,0,0,0
45567329,10545,0,2,0,0,0,0,0,0,0,0,0
45570973,10546,0,2,0,0,0,0,0,0,0,0,0
45574617,10547,0,2,0,0,0,0,0,0,0,0,0
45578261,10548,0,2,0,0,0,0,0,0,0,0,0
45581905,10549,0,2,0,0,0,0,0,0,0,0,0
45585549,10550,0,2,0,0,0,0,0,0,0,0,0
45589194,10551,0,2,0,0,0,0,0,0,0,0,0
45592837,10552,0,2,0,0,0,0,0,0,0,0,0
45596481,10553,0,2,0,0,0,0,0,0,0,0,0
45600125,10554,0,2,0,0,0,0,0,0,0,0,0
45603769,10555,0,2,0,0,0,0,0,0,0,0,0
45607413,10556,0,2,0,0,0,0,0,0,0,0,0
45611057,10557,0,2,0,0,0,0,0,0,0,0,0
45614701,10558,0,2,0,0,0,0,0,0,0,0,0
45618345,10559,0,2,0,0,0,0,0,0,0,0,0
45621989,10560,0,2,0,0,0,0,0,0,0,0,0
45625634,10561,0,2,0,0,0,0,0,0,0,0,0
45629277,10562,0,2,0,0,0,0,0,0,0,0,0
45632921,10563,0,2,0,0,0,0,0,0,0,0,0
45636565,10564,0,2,0,0,0,0,0,0,0,0,0
45640209,10565,0,2,0,0,0,0,0,0,0,0,0
45643853,10566,0,2,0,0,0,0,0,0,0,0,0
45647497,10567,0,2,0,0,0,0,0,0,0,0,0
45651141,10568,0,2,0,0,0,0,0,0,0,0,0
45654785,10569,0,2,0,0,0,0,0,0,0,0,0
45658429,10570,0,2,0,0,0,0,0,0,0,0,0
45662074,10571,0,2,0,0,0,0,0,0,0,0,0
45665717,10572,0,2,0,0,0,0,0,0,0,0,0
45669361,10573,0,2,0,0,0,0,0,0,0,0,0
45673005,10574,0,2,0,0,0,0,0,0,0,0,0
45676649,10575,0,2,0,0,0,0,0,0,0,0,0
45680293,10576,0,2,0,0,0,0,0,0,0,0,0
45683937,10577,0,2,0,0,0,0,0,0,0,0,0
45687581,10578,0,2,0,0,0,0,0,0,0,0,0
45691225,10579,0,2,0,0,0,0,0,0,0,0,0
45694869,10580,0,2,0,0,0,0,0,0,0,0,0
45698514,10581,0,2,0,0,0,0,0,0,0,0,0
45702157,10582,0,2,0,0,0,0,0,0,0,0,0
45705801,10583,0,2,0,0,0,0,0,0,0,0,0
45709445,10584,0,2,0,0,0,0,0,0,0,0,0
45713089,10585,0,2,0,0,0,0,0,0,0,0,0
45716733,10586,0,2,0,0,0,0,0,0,0,0,0
45720377,10587,0,2,0,0,0,0,0,0,0,0,0
45724021,10588,0,2,0,0,0,0,0,0,0,0,0
45727665,10589,0,2,0,0,0,0,0,0,0,0,0
45731309,10590,0,2,0,0,0,0,0,0,0,0,0
45734954,10591,0,2,0,0,0,0,0,0,0,0,0
45738597,10592,0,2,0,0,0,0,0,0,0,0,0
45742241,10593,0,2,0,0,0,0,0,0,0,0,0
45745885,10594,0,2,0,0,0,0,0,0,0,0,0
45749529,10595,0,2,0,0,0,0,0,0,0,0,0
45753173,10596,0,2,0,0,0,0,0,0,0,0,0
45756817,10597,0,2,0,0,0,0,0,0,0,0,0
45760461,10598,0,2,0,0,0,0,0,0,0,0,0
45764105,10599,0,2,0,0,0,0,0,0,0,0,0
45767749,10600,0,2,0,0,0,0,0,0,0,0,0
45771394,10601,0,2,0,0,0,0,0,0,0,0,0
45775037,10602,0,2,0,0,0,0,0,0,0,0,0
45778681,10603,0,2,0,0,0,0,0,0,0,0,0
45782325,10604,0,2,0,0,0,0,0,0,0,0,0
45785969,10605,0,2,0,0,0,0,0,0,0,0,0
45789613,10606,0,2,0,0,0,0,0,0,0,0,0
45793257,10607,0,2,0,0,0,0,0,0,0,0,0
45796901,10608,0,2,0,0,0,0,0,0,0,0,0
45800545,10609,0,2,0,0,0,0,0,0,0,0,0
45804189,10610,0,2,0,0,0,0,0,0,0,0,0
45807834,10611,0,2,0,0,0,0,0,0,0,0,0
45811477,10612,0,2,0,0,0,0,0,0,0,0,0
45815121,10613,0,2,0,0,0,0,0,0,0,0,0
45818765,10614,0,2,0,0,0,0,0,0,0,0,0
45822409,10615,0,2,0,0,0,0,0,0,0,0,0
45826053,10616,0,2,0,0,0,0,0,0,0,0,0
45829697,10617,0,2,0,0,0,0,0,0,0,0,0
45833341,10618,0,2,0,0,0,0,0,0,0,0,0
45836985,10619,0,2,0,0,0,0,0,0,0,0,0
45840629,10620,0,2,0,0,0,0,0,0,0,0,0
45844274,10621,0,2,0,0,0,0,0,0,0,0,0
45847917,10622,0,2,0,0,0,0,0,0,0,0,0
45851561,10623,0,2,0,0,0,0,0,0,0,0,0
45855205,10624,0,2,0,0,0,0,0,0,0,0,0
45858849,10625,0,2,0,0,0,0,0,0,0,0,0
45862493,10626,0,2,0,0,0,0,0,0,0,0,0
45866137,10627,0,2,0,0,0,0,0,0,0,0,0
45869781,10628,0,2,0,0,0,0,0,0,0,0,0
45873425,10629,0,2,0,0,0,0,0,0,0,0,0
45877069,10630,0,2,0,0,0,0,0,0,0,0,0
45880714,10631,0,2,0,0,0,0,0,0,0,0,0
45884357,10632,0,2,0,0,0,0,0,0,0,0,0
45888001,10633,0,2,0,0,0,0,0,0,0,0,0
45891645,10634,0,2,0,0,0,0,0,0,0,0,0
45895289,10635,0,2,0,0,0,0,0,0,0,0,0
45898933,10636,0,2,0,0,0,0,0,0,0,0,0
45902577,10637,0,2,0,0,0,0,0,0,0,0,0
45906221,10638,0,2,0,0,0,0,0,0,0,0,0
45909865,10639,0,2,0,0,0,0,0,0,0,0,0
45913509,10640,0,2,0,0,0,0,0,0,0,0,0
45917154,10641,0,2,0,0,0,0,0,0,0,0,0
45920797,10642,0,2,0,0,0,0,0,0,0,0,0
45924441,10643,0,2,0,0,0,0,0,0,0,0,0
45928085,10644,0,2,0,0,0,0,0,0,0,0,0
45931729,10645,0,2,0,0,0,0,0,0,0,0,0
45935373,10646,0,2,0,0,0,0,0,0,0,0,0
45939017,10647,0,2,0,0,0,0,0,0,0,0,0
45942661,10648,0,2,0,0,0,0,0,0,0,0,0
45946305,10649,0,2,0,0,0,0,0,0,0,0,0
45949949,10650,0,2,0,0,0,0,0,0,0,0,0
45953594,10651,0,2,0,0,0,0,0,0,0,0,0
45957237,10652,0,2,0,0,0,0,0,0,0,0,0
45960881,10653,0,2,0,0,0,0,0,0,0,0,0
45964525,10654,0,2,0,0,0,0,0,0,0,0,0
45968169,10655,0,2,0,0,0,0,0,0,0,0,0
45971813,10656,0,2,0,0,0,0,0,0,0,0,0
45975457,10657,0,2,0,0,0,0,0,0,0,0,0
45979101,10658,0,2,0,0,0,0,0,0,0,0,0
45982745,10659,0,2,0,0,0,0,0,0,0,0,0
45986389,10660,0,2,0,0,0,0,0,0,0,0,0
45990034,10661,0,2,0,0,0,0,0,0,0,0,0
45993677,10662,0,2,0,0,0,0,0,0,0,0,0
45997321,10663,0,2,0,0,0,0,0,0,0,0,0
46000965,10664,0,2,0,0,0,0,0,0,0,0,0
46004609,10665,0,2,0,0,0,0,0,0,0,0,0
46008253,10666,0,2,0,0,0,0,0,0,0,0,0
46011897,10667,0,2,0,0,0,0,0,0,0,0,0
46015541,10668,0,2,0,0,0,0,0,0,0,0,0
46019185,10669,0,2,0,0,0,0,0,0,0,0,0
46027334,10670,0,2,0,0,0,0,0,0,0,0,0
46030966,10671,0,2,0,0,0,0,0,0,0,0,0
46034609,10672,0,2,0,0,0,0,0,0,0,0,0
46038253,10673,0,2,0,0,0,0,0,0,0,0,0
46041897,10674,0,2,0,0,0,0,0,0,0,0,0
46045541,10675,0,2,0,0,0,0,0,0,0,0,0
46049185,10676,0,2,0,0,0,0,0,0,0,0,0
46052829,10677,0,2,0,0,0,0,0,0,0,0,0
46056473,10678,0,2,0,0,0,0,0,0,0,0,0
46060118,10679,0,2,0,0,0,0,0,0,0,0,0
46063761,10680,0,2,0,0,0,0,0,0,0,0,0
46067406,10681,0,2,0,0,0,0,0,0,0,0,0
46071049,10682,0,2,0,0,0,0,0,0,0,0,0
46074693,10683,0,2,0,0,0,0,0,0,0,0,0
46078337,10684,0,2,0,0,0,0,0,0,0,0,0
46081981,10685,0,2,0,0,0,0,0,0,0,0,0
46085625,10686,0,2,0,0,0,0,0,0,0,0,0
46089269,10687,0,2,0,0,0,0,0,0,0,0,0
46092913,10688,0,2,0,0,0,0,0,0,0,0,0
46096557,10689,0,2,0,0,0,0,0,0,0,0,0
46100201,10690,0,2,0,0,0,0,0,0,0,0,0
46103846,10691,0,2,0,0,0,0,0,0,0,0,0
46107489,10692,0,2,0,0,0,0,0,0,0,0,0
46111133,10693,0,2,0,0,0,0,0,0,0,0,0
46114777,10694,0,2,0,0,0,0,0,0,0,0,0
46118421,10695,0,2,0,0,0,0,0,0,0,0,0
46122065,10696,0,2,0,0,0,0,0,0,0,0,0
46125709,10697,0,2,0,0,0,0,0,0,0,0,0
46129353,10698,0,2,0,0,0,0,0,0,0,0,0
46132997,10699,0,2,0,0,0,0,0,0,0,0,0
46136641,10700,0,2,0,0,0,0,0,0,0,0,0
46140286,10701,0,2,0,0,0,0,0,0,0,0,0
46143929,10702,0,2,0,0,0,0,0,0,0,0,0
46147573,10703,0,2,0,0,0,0,0,0,0,0,0
46151217,10704,0,2,0,0,0,0,0,0,0,0,0
46154861,10705,0,2,0,0,0,0,0,0,0,0,0
46158505,10706,0,2,0,0,0,0,0,0,0,0,0
46162149,10707,0,2,0,0,0,0,0,0,0,0,0
46165793,10708,0,2,0,0,0,0,0,0,0,0,0
46169437,10709,0,2,0,0,0,0,0,0,0,0,0
46173081,10710,0,2,0,0,0,0,0,0,0,0,0
46176726,10711,0,2,0,0,0,0,0,0,0,0,0
46180369,10712,0,2,0,0,0,0,0,0,0,0,0
46184014,10713,0,2,0,0,0,0,0,0,0,0,0
46187657,10714,0,2,0,0,0,0,0,0,0,0,0
46191301,10715,0,2,0,0,0,0,0,0,0,0,0
46194945,10716,0,2,0,0,0,0,0,0,0,0,0
46198589,10717,0,2,0,0,0,0,0,0,0,0,0
46202233,10718,0,2,0,0,0,0,0,0,0,0,0
46205877,10719,0,2,0,0,0,0,0,0,0,0,0
46209521,10720,0,2,0,0,0,0,0,0,0,0,0
46213166,10721,0,2,0,0,0,0,0,0,0,0,0
46216809,10722,0,2,0,0,0,0,0,0,0,0,0
46220453,10723,0,2,0,0,0,0,0,0,0,0,0
46224097,10724,0,2,0,0,0,0,0,0,0,0,0
46227741,10725,0,2,0,0,0,0,0,0,0,0,0
46231385,10726,0,2,0,0,0,0,0,0,0,0,0
46235029,10727,0,2,0,0,0,0,0,0,0,0,0
46238673,10728,0,2,0,0,0,0,0,0,0,0,0
46242317,10729,0,2,0,0,0,0,0,0,0,0,0
46245961,10730,0,2,0,0,0,0,0,0,0,0,0
46249606,10731,0,2,0,0,0,0,0,0,0,0,0
46253249,10732,0,2,0,0,0,0,0,0,0,0,0
46256893,10733,0,2,0,0,0,0,0,0,0,0,0
46260537,10734,0,2,0,0,0,0,0,0,0,0,0
46264181,10735,0,2,0,0,0,0,0,0,0,0,0
46267825,10736,0,2,0,0,0,0,0,0,0,0,0
46271469,10737,0,2,0,0,0,0,0,0,0,0,0
46275113,10738,0,2,0,0,0,0,0,0,0,0,0
46278757,10739,0,2,0,0,0,0,0,0,0,0,0
46282401,10740,0,2,0,0,0,0,0,0,0,0,0
46286046,10741,0,2,0,0,0,0,0,0,0,0,0
46289689,10742,0,2,0,0,0,0,0,0,0,0,0
46293333,10743,0,2,0,0,0,0,0,0,0,0,0
46296977,10744,0,2,0,0,0,0,0,0,0,0,0
46300621,10745,0,2,0,0,0,0,0,0,0,0,0
46304265,10746,0,2,0,0,0,0,0,0,0,0,0
46307909,10747,0,2,0,0,0,0,0,0,0,0,0
46311553,10748,0,2,0,0,0,0,0,0,0,0,0
46315197,10749,0,2,0,0,0,0,0,0,0,0,0
46318841,10750,0,2,0,0,0,0,0,0,0,0,0
46322486,10751,0,2,0,0,0,0,0,0,0,0,0
46326129,10752,0,2,0,0,0,0,0,0,0,0,0
46329773,10753,0,2,0,0,0,0,0,0,0,0,0
46333417,10754,0,2,0,0,0,0,0,0,0,0,0
46337061,10755,0,2,0,0,0,0,0,0,0,0,0
46340705,10756,0,2,0,0,0,0,0,0,0,0,0
46344349,10757,0,2,0,0,0,0,0,0,0,0,0
46347993,10758,0,2,0,0,0,0,0,0,0,0,0
46351637,10759,0,2,0,0,0,0,0,0,0,0,0
46355281,10760,0,2,0,0,0,0,0,0,0,0,0
46358926,10761,0,2,0,0,0,0,0,0,0,0,0
46362570,10762,0,2,0,0,0,0,0,0,0,0,0
46366214,10763,0,2,0,0,0,0,0,0,0,0,0
46369858,10764,0,2,0,0,0,0,0,0,0,0,0
46373502,10765,0,2,0,0,0,0,0,0,0,0,0
46377146,10766,0,2,0,0,0,0,0,0,0,0,0
46380790,10767,0,2,0,0,0,0,0,0,0,0,0
46384434,10768,0,2,0,0,0,0,0,0,0,0,0
46388078,10769,0,2,0,0,0,0,0,0,0,0,0
46391722,10770,0,2,0,0,0,0,0,0,0,0,0
46395367,10771,0,2,0,0,0,0,0,0,0,0,0
46399010,10772,0,2,0,0,0,0,0,0,0,0,0
46402654,10773,0,2,0,0,0,0,0,0,0,0,0
46406298,10774,0,2,0,0,0,0,0,0,0,0,0
46409942,10775,0,2,0,0,0,0,0,0,0,0,0
46413586,10776,0,2,0,0,0,0,0,0,0,0,0
46417230,10777,0,2,0,0,0,0,0,0,0,0,0
46420874,10778,0,2,0,0,0,0,0,0,0,0,0
46424518,10779,0,2,0,0,0,0,0,0,0,0,0
46428162,10780,0,2,0,0,0,0,0,0,0,0,0
46431807,10781,0,2,0,0,0,0,0,0,0,0,0
46435450,10782,0,2,0,0,0,0,0,0,0,0,0
46439094,10783,0,2,0,0,0,0,0,0,0,0,0
46442738,10784,0,2,0,0,0,0,0,0,0,0,0
46446382,10785,0,2,0,0,0,0,0,0,0,0,0
46450026,10786,0,2,0,0,0,0,0,0,0,0,0
46453670,10787,0,2,0,0,0,0,0,0,0,0,0
46457314,10788,0,2,0,0,0,0,0,0,0,0,0
46460958,10789,0,2,0,0,0,0,0,0,0,0,0
46464602,10790,0,2,0,0,0,0,0,0,0,0,0
46468247,10791,0,2,0,0,0,0,0,0,0,0,0
46471890,10792,0,2,0,0,0,0,0,0,0,0,0
46475534,10793,0,2,0,0,0,0,0,0,0,0,0
46479178,10794,0,2,0,0,0,0,0,0,0,0,0
46482822,10795,0,2,0,0,0,0,0,0,0,0,0
46486466,10796,0,2,0,0,0,0,0,0,0,0,0
46490110,10797,0,2,0,0,0,0,0,0,0,0,0
46493754,10798,0,2,0,0,0,0,0,0,0,0,0
46497398,10799,0,2,0,0,0,0,0,0,0,0,0
46501042,10800,0,2,0,0,0,0,0,0,0,0,0
46504687,10801,0,2,0,0,0,0,0,0,0,0,0
46508330,10802,0,2,0,0,0,0,0,0,0,0,0
46511974,10803,0,2,0,0,0,0,0,0,0,0,0
46515618,10804,0,2,0,0,0,0,0,0,0,0,0
46519262,10805,0,2,0,0,0,0,0,0,0,0,0
46522906,10806,0,2,0,0,0,0,0,0,0,0,0
46526550,10807,0,2,0,0,0,0,0,0,0,0,0
46530194,10808,0,2,0,0,0,0,0,0,0,0,0
46533838,10809,0,2,0,0,0,0,0,0,0,0,0
46537482,10810,0,2,0,0,0,0,0,0,0,0,0
46541127,10811,0,2,0,0,0,0,0,0,0,0,0
46544770,10812,0,2,0,0,0,0,0,0,0,0,0
46548414,10813,0,2,0,0,0,0,0,0,0,0,0
46552058,10814,0,2,0,0,0,0,0,0,0,0,0
46555702,10815,0,2,0,0,0,0,0,0,0,0,0
46559346,10816,0,2,0,0,0,0,0,0,0,0,0
46562990,10817,0,2,0,0,0,0,0,0,0,0,0
46566634,10818,0,2,0,0,0,0,0,0,0,0,0
46570278,10819,0,2,0,0,0,0,0,0,0,0,0
46573922,10820,0,2,0,0,0,0,0,0,0,0,0
46577567,10821,0,2,0,0,0,0,0,0,0,0,0
46581210,10822,0,2,0,0,0,0,0,0,0,0,0
46584854,10823,0,2,0,0,0,0,0,0,0,0,0
46588498,10824,0,2,0,0,0,0,0,0,0,0,0
46592142,10825,0,2,0,0,0,0,0,0,0,0,0
46595786,10826,0,2,0,0,0,0,0,0,0,0,0
46599430,10827,0,2,0,0,0,0,0,0,0,0,0
46603074,10828,0,2,0,0,0,0,0,0,0,0,0
46606718,10829,0,2,0,0,0,0,0,0,0,0,0
46610362,10830,0,2,0,0,0,0,0,0,0,0,0
46614007,10831,0,2,0,0,0,0,0,0,0,0,0
46617650,10832,0,2,0,0,0,0,0,0,0,0,0
46621294,10833,0,2,0,0,0,0,0,0,0,0,0
46624938,10834,0,2,0,0,0,0,0,0,0,0,0
46628582,10835,0,2,0,0,0,0,0,0,0,0,0
46632226,10836,0,2,0,0,0,0,0,0,0,0,0
46635870,10837,0,2,0,0,0,0,0,0,0,0,0
46639514,10838,0,2,0,0,0,0,0,0,0,0,0
46643158,10839,0,2,0,0,0,0,0,0,0,0,0
46646802,10840,0,2,0,0,0,0,0,0,0,0,0
46650447,10841,0,2,0,0,0,0,0,0,0,0,0
46654090,10842,0,2,0,0,0,0,0,0,0,0,0
46657734,10843,0,2,0,0,0,0,0,0,0,0,0
46661378,10844,0,2,0,0,0,0,0,0,0,0,0
46665022,10845,0,2,0,0,0,0,0,0,0,0,0
46668666,10846,0,2,0,0,0,0,0,0,0,0,0
46672310,10847,0,2,0,0,0,0,0,0,0,0,0
46675954,10848,0,2,0,0,0,0,0,0,0,0,0
46679598,10849,0,2,0,0,0,0,0,0,0,0,0
46683242,10850,0,2,0,0,0,0,0,0,0,0,0
46686887,10851,0,2,0,0,0,0,0,0,0,0,0
46690530,10852,0,2,0,0,0,0,0,0,0,0,0
46694174,10853,0,2,0,0,0,0,0,0,0,0,0
46697818,10854,0,2,0,0,0,0,0,0,0,0,0
46701462,10855,0,2,0,0,0,0,0,0,0,0,0
46705106,10856,0,2,0,0,0,0,0,0,0,0,0
46708750,10857,0,2,0,0,0,0,0,0,0,0,0
46712394,10858,0,2,0,0,0,0,0,0,0,0,0
46716038,10859,0,2,0,0,0,0,0,0,0,0,0
46719682,10860,0,2,0,0,0,0,0,0,0,0,0
46723327,10861,0,2,0,0,0,0,0,0,0,0,0
46726970,10862,0,2,0,0,0,0,0,0,0,0,0
46730614,10863,0,2,0,0,0,0,0,0,0,0,0
46734258,10864,0,2,0,0,0,0,0,0,0,0,0
46737902,10865,0,2,0,0,0,0,0,0,0,0,0
46741546,10866,0,2,0,0,0,0,0,0,0,0,0
46745190,10867,0,2,0,0,0,0,0,0,0,0,0
46748834,10868,0,2,0,0,0,0,0,0,0,0,0
46752478,10869,0,2,0,0,0,0,0,0,0,0,0
46756122,10870,0,2,0,0,0,0,0,0,0,0,0
46759767,10871,0,2,0,0,0,0,0,0,0,0,0
46763410,10872,0,2,0,0,0,0,0,0,0,0,0
46767055,10873,0,2,0,0,0,0,0,0,0,0,0
46770698,10874,0,2,0,0,0,0,0,0,0,0,0
46774342,10875,0,2,0,0,0,0,0,0,0,0,0
46777986,10876,0,2,0,0,0,0,0,0,0,0,0
46781630,10877,0,2,0,0,0,0,0,0,0,0,0
46785274,10878,0,2,0,0,0,0,0,0,0,0,0
46788918,10879,0,2,0,0,0,0,0,0,0,0,0
46792562,10880,0,2,0,0,0,0,0,0,0,0,0
46796207,10881,0,2,0,0,0,0,0,0,0,0,0
46799850,10882,0,2,0,0,0,0,0,0,0,0,0
46803494,10883,0,2,0,0,0,0,0,0,0,0,0
46807138,10884,0,2,0,0,0,0,0,0,0,0,0
46810782,10885,0,2,0,0,0,0,0,0,0,0,0
46814426,10886,0,2,0,0,0,0,0,0,0,0,0
46818071,10887,0,2,0,0,0,0,0,0,0,0,0
46821714,10888,0,2,0,0,0,0,0,0,0,0,0
46825358,10889,0,2,0,0,0,0,0,0,0,0,0
46829003,10890,0,2,0,0,0,0,0,0,0,0,0
46832647,10891,0,2,0,0,0,0,0,0,0,0,0
46836290,10892,0,2,0,0,0,0,0,0,0,0,0
46839934,10893,0,2,0,0,0,0,0,0,0,0,0
46843578,10894,0,2,0,0,0,0,0,0,0,0,0
46847222,10895,0,2,0,0,0,0,0,0,0,0,0
46850866,10896,0,2,0,0,0,0,0,0,0,0,0
46892373,10897,0,2,0,0,0,0,0,0,0,0,0
46896004,10898,0,2,0,0,0,0,0,0,0,0,0
46899648,10899,0,2,0,0,0,0,0,0,0,0,0
46903292,10900,0,2,0,0,0,0,0,0,0,0,0
46906937,10901,0,2,0,0,0,0,0,0,0,0,0
46910580,10902,0,2,0,0,0,0,0,0,0,0,0
46914224,10903,0,2,0,0,0,0,0,0,0,0,0
46917868,10904,0,2,0,0,0,0,0,0,0,0,0
46921512,10905,0,2,0,0,0,0,0,0,0,0,0
46925157,10906,0,2,0,0,0,0,0,0,0,0,0
46928800,10907,0,2,0,0,0,0,0,0,0,0,0
46932444,10908,0,2,0,0,0,0,0,0,0,0,0
46936088,10909,0,2,0,0,0,0,0,0,0,0,0
46939732,10910,0,2,0,0,0,0,0,0,0,0,0
46943377,10911,0,2,0,0,0,0,0,0,0,0,0
46947020,10912,0,2,0,0,0,0,0,0,0,0,0
46950664,10913,0,2,0,0,0,0,0,0,0,0,0
46954308,10914,0,2,0,0,0,0,0,0,0,0,0
46957952,10915,0,2,0,0,0,0,0,0,0,0,0
46961596,10916,0,2,0,0,0,0,0,0,0,0,0
46965240,10917,0,2,0,0,0,0,0,0,0,0,0
46968884,10918,0,2,0,0,0,0,0,0,0,0,0
46972528,10919,0,2,0,0,0,0,0,0,0,0,0
46976172,10920,0,2,0,0,0,0,0,0,0,0,0
46979817,10921,0,2,0,0,0,0,0,0,0,0,0
46983460,10922,0,2,0,0,0,0,0,0,0,0,0
46987104,10923,0,2,0,0,0,0,0,0,0,0,0
46990748,10924,0,2,0,0,0,0,0,0,0,0,0
46994392,10925,0,2,0,0,0,0,0,0,0,0,0
46998036,10926,0,2,0,0,0,0,0,0,0,0,0
47001680,10927,0,2,0,0,0,0,0,0,0,0,0
47005324,10928,0,2,0,0,0,0,0,0,0,0,0
47008968,10929,0,2,0,0,0,0,0,0,0,0,0
47012612,10930,0,2,0,0,0,0,0,0,0,0,0
47016257,10931,0,2,0,0,0,0,0,0,0,0,0
47019900,10932,0,2,0,0,0,0,0,0,0,0,0
47023544,10933,0,2,0,0,0,0,0,0,0,0,0
47027188,10934,0,2,0,0,0,0,0,0,0,0,0
47030832,10935,0,2,0,0,0,0,0,0,0,0,0
47034476,10936,0,2,0,0,0,0,0,0,0,0,0
47038120,10937,0,2,0,0,0,0,0,0,0,0,0
47041764,10938,0,2,0,0,0,0,0,0,0,0,0
47045408,10939,0,2,0,0,0,0,0,0,0,0,0
47049052,10940,0,2,0,0,0,0,0,0,0,0,0
47052697,10941,0,2,0,0,0,0,0,0,0,0,0
47056340,10942,0,2,0,0,0,0,0,0,0,0,0
47059984,10943,0,2,0,0,0,0,0,0,0,0,0
47063628,10944,0,2,0,0,0,0,0,0,0,0,0
47067272,10945,0,2,0,0,0,0,0,0,0,0,0
47070916,10946,0,2,0,0,0,0,0,0,0,0,0
47074560,10947,0,2,0,0,0,0,0,0,0,0,0
47078204,10948,0,2,0,0,0,0,0,0,0,0,0
47081848,10949,0,2,0,0,0,0,0,0,0,0,0
47085492,10950,0,2,0,0,0,0,0,0,0,0,0
47089137,10951,0,2,0,0,0,0,0,0,0,0,0
47092780,10952,0,2,0,0,0,0,0,0,0,0,0
47096424,10953,0,2,0,0,0,0,0,0,0,0,0
47100068,10954,0,2,0,0,0,0,0,0,0,0,0
47103712,10955,0,2,0,0,0,0,0,0,0,0,0
47107356,10956,0,2,0,0,0,0,0,0,0,0,0
47111000,10957,0,2,0,0,0,0,0,0,0,0,0
47114644,10958,0,2,0,0,0,0,0,0,0,0,0
47118288,10959,0,2,0,0,0,0,0,0,0,0,0
47121932,10960,0,2,0,0,0,0,0,0,0,0,0
47125577,10961,0,2,0,0,0,0,0,0,0,0,0
47129220,10962,0,2,0,0,0,0,0,0,0,0,0
47132864,10963,0,2,0,0,0,0,0,0,0,0,0
47136508,10964,0,2,0,0,0,0,0,0,0,0,0
47140152,10965,0,2,0,0,0,0,0,0,0,0,0
47143796,10966,0,2,0,0,0,0,0,0,0,0,0
47147440,10967,0,2,0,0,0,0,0,0,0,0,0
47151084,10968,0,2,0,0,0,0,0,0,0,0,0
47154728,10969,0,2,0,0,0,0,0,0,0,0,0
47158372,10970,0,2,0,0,0,0,0,0,0,0,0
47162017,10971,0,2,0,0,0,0,0,0,0,0,0
47165660,10972,0,2,0,0,0,0,0,0,0,0,0
47169304,10973,0,2,0,0,0,0,0,0,0,0,0
47172948,10974,0,2,0,0,0,0,0,0,0,0,0
47176592,10975,0,2,0,0,0,0,0,0,0,0,0
47180236,10976,0,2,0,0,0,0,0,0,0,0,0
47183880,10977,0,2,0,0,0,0,0,0,0,0,0
47187524,10978,0,2,0,0,0,0,0,0,0,0,0
47191168,10979,0,2,0,0,0,0,0,0,0,0,0
47194812,10980,0,2,0,0,0,0,0,0,0,0,0
47198457,10981,0,2,0,0,0,0,0,0,0,0,0
47202101,10982,0,2,0,0,0,0,0,0,0,0,0
47205744,10983,0,2,0,0,0,0,0,0,0,0,0
47209388,10984,0,2,0,0,0,0,0,0,0,0,0
47213032,10985,0,2,0,0,0,0,0,0,0,0,0
47216676,10986,0,2,0,0,0,0,0,0,0,0,0
47220320,10987,0,2,0,0,0,0,0,0,0,0,0
47223964,10988,0,2,0,0,0,0,0,0,0,0,0
47227608,10989,0,2,0,0,0,0,0,0,0,0,0
47231252,10990,0,2,0,0,0,0,0,0,0,0,0
47234897,10991,0,2,0,0,0,0,0,0,0,0,0
47238540,10992,0,2,0,0,0,0,0,0,0,0,0
47242184,10993,0,2,0,0,0,0,0,0,0,0,0
47245828,10994,0,2,0,0,0,0,0,0,0,0,0
47249472,10995,0,2,0,0,0,0,0,0,0,0,0
47253116,10996,0,2,0,0,0,0,0,0,0,0,0
47256760,10997,0,2,0,0,0,0,0,0,0,0,0
47260404,10998,0,2,0,0,0,0,0,0,0,0,0
47264048,10999,0,2,0,0,0,0,0,0,0,0,0
47267692,11000,0,2,0,0,0,0,0,0,0,0,0
47271337,11001,0,2,0,0,0,0,0,0,0,0,0
47274980,11002,0,2,0,0,0,0,0,0,0,0,0
47278624,11003,0,2,0,0,0,0,0,0,0,0,0
47282268,11004,0,2,0,0,0,0,0,0,0,0,0
47285912,11005,0,2,0,0,0,0,0,0,0,0,0
47289556,11006,0,2,0,0,0,0,0,0,0,0,0
47293200,11007,0,2,0,0,0,0,0,0,0,0,0
47296844,11008,0,2,0,0,0,0,0,0,0,0,0
47300488,11009,0,2,0,0,0,0,0,0,0,0,0
47304132,11010,0,2,0,0,0,0,0,0,0,0,0
47307777,11011,0,2,0,0,0,0,0,0,0,0,0
47311420,11012,0,2,0,0,0,0,0,0,0,0,0
47315064,11013,0,2,0,0,0,0,0,0,0,0,0
47318708,11014,0,2,0,0,0,0,0,0,0,0,0
47322352,11015,0,2,0,0,0,0,0,0,0,0,0
47325996,11016,0,2,0,0,0,0,0,0,0,0,0
47329640,11017,0,2,0,0,0,0,0,0,0,0,0
47333284,11018,0,2,0,0,0,0,0,0,0,0,0
47336928,11019,0,2,0,0,0,0,0,0,0,0,0
47340572,11020,0,2,0,0,0,0,0,0,0,0,0
47344217,11021,0,2,0,0,0,0,0,0,0,0,0
47347860,11022,0,2,0,0,0,0,0,0,0,0,0
47351504,11023,0,2,0,0,0,0,0,0,0,0,0
47355148,11024,0,2,0,0,0,0,0,0,0,0,0
47358792,11025,0,2,0,0,0,0,0,0,0,0,0
47362436,11026,0,2,0,0,0,0,0,0,0,0,0
47366080,11027,0,2,0,0,0,0,0,0,0,0,0
47369724,11028,0,2,0,0,0,0,0,0,0,0,0
47373368,11029,0,2,0,0,0,0,0,0,0,0,0
47377013,11030,0,2,0,0,0,0,0,0,0,0,0
47380657,11031,0,2,0,0,0,0,0,0,0,0,0
47384300,11032,0,2,0,0,0,0,0,0,0,0,0
47387944,11033,0,2,0,0,0,0,0,0,0,0,0
47391588,11034,0,2,0,0,0,0,0,0,0,0,0
47395232,11035,0,2,0,0,0,0,0,0,0,0,0
47398876,11036,0,2,0,0,0,0,0,0,0,0,0
47402520,11037,0,2,0,0,0,0,0,0,0,0,0
47406164,11038,0,2,0,0,0,0,0,0,0,0,0
47409808,11039,0,2,0,0,0,0,0,0,0,0,0
47413452,11040,0,2,0,0,0,0,0,0,0,0,0
47417097,11041,0,2,0,0,0,0,0,0,0,0,0
47420740,11042,0,2,0,0,0,0,0,0,0,0,0
47424384,11043,0,2,0,0,0,0,0,0,0,0,0
47428028,11044,0,2,0,0,0,0,0,0,0,0,0
47431672,11045,0,2,0,0,0,0,0,0,0,0,0
47435316,11046,0,2,0,0,0,0,0,0,0,0,0
47438960,11047,0,2,0,0,0,0,0,0,0,0,0
47442604,11048,0,2,0,0,0,0,0,0,0,0,0
47446248,11049,0,2,0,0,0,0,0,0,0,0,0
47449892,11050,0,2,0,0,0,0,0,0,0,0,0
47453537,11051,0,2,0,0,0,0,0,0,0,0,0
47457180,11052,0,2,0,0,0,0,0,0,0,0,0
47460824,11053,0,2,0,0,0,0,0,0,0,0,0
47464468,11054,0,2,0,0,0,0,0,0,0,0,0
47468112,11055,0,2,0,0,0,0,0,0,0,0,0
47471756,11056,0,2,0,0,0,0,0,0,0,0,0
47475400,11057,0,2,0,0,0,0,0,0,0,0,0
47479044,11058,0,2,0,0,0,0,0,0,0,0,0
47482688,11059,0,2,0,0,0,0,0,0,0,0,0
47486332,11060,0,2,0,0,0,0,0,0,0,0,0
47489977,11061,0,2,0,0,0,0,0,0,0,0,0
47493620,11062,0,2,0,0,0,0,0,0,0,0,0
47497264,11063,0,2,0,0,0,0,0,0,0,0,0
47500908,11064,0,2,0,0,0,0,0,0,0,0,0
47504552,11065,0,2,0,0,0,0,0,0,0,0,0
47508196,11066,0,2,0,0,0,0,0,0,0,0,0
47511840,11067,0,2,0,0,0,0,0,0,0,0,0
47515484,11068,0,2,0,0,0,0,0,0,0,0,0
47519128,11069,0,2,0,0,0,0,0,0,0,0,0
47522772,11070,0,2,0,0,0,0,0,0,0,0,0
47526417,11071,0,2,0,0,0,0,0,0,0,0,0
47530060,11072,0,2,0,0,0,0,0,0,0,0,0
47533704,11073,0,2,0,0,0,0,0,0,0,0,0
47537348,11074,0,2,0,0,0,0,0,0,0,0,0
47540992,11075,0,2,0,0,0,0,0,0,0,0,0
47544636,11076,0,2,0,0,0,0,0,0,0,0,0
47548280,11077,0,2,0,0,0,0,0,0,0,0,0
47551924,11078,0,2,0,0,0,0,0,0,0,0,0
47555568,11079,0,2,0,0,0,0,0,0,0,0,0
47559212,11080,0,2,0,0,0,0,0,0,0,0,0
47562857,11081,0,2,0,0,0,0,0,0,0,0,0
47566500,11082,0,2,0,0,0,0,0,0,0,0,0
47570144,11083,0,2,0,0,0,0,0,0,0,0,0
47573788,11084,0,2,0,0,0,0,0,0,0,0,0
47577432,11085,0,2,0,0,0,0,0,0,0,0,0
47581076,11086,0,2,0,0,0,0,0,0,0,0,0
47584720,11087,0,2,0,0,0,0,0,0,0,0,0
47588364,11088,0,2,0,0,0,0,0,0,0,0,0
47592008,11089,0,2,0,0,0,0,0,0,0,0,0
47595652,11090,0,2,0,0,0,0,0,0,0,0,0
47599297,11091,0,2,0,0,0,0,0,0,0,0,0
47602940,11092,0,2,0,0,0,0,0,0,0,0,0
47606584,11093,0,2,0,0,0,0,0,0,0,0,0
47610228,11094,0,2,0,0,0,0,0,0,0,0,0
47613872,11095,0,2,0,0,0,0,0,0,0,0,0
47617516,11096,0,2,0,0,0,0,0,0,0,0,0
47621160,11097,0,2,0,0,0,0,0,0,0,0,0
47624804,11098,0,2,0,0,0,0,0,0,0,0,0
47628448,11099,0,2,0,0,0,0,0,0,0,0,0
47632092,11100,0,2,0,0,0,0,0,0,0,0,0
47635737,11101,0,2,0,0,0,0,0,0,0,0,0
47639380,11102,0,2,0,0,0,0,0,0,0,0,0
47643024,11103,0,2,0,0,0,0,0,0,0,0,0
47646668,11104,0,2,0,0,0,0,0,0,0,0,0
47650312,11105,0,2,0,0,0,0,0,0,0,0,0
47653956,11106,0,2,0,0,0,0,0,0,0,0,0
47657600,11107,0,2,0,0,0,0,0,0,0,0,0
47661244,11108,0,2,0,0,0,0,0,0,0,0,0
47664888,11109,0,2,0,0,0,0,0,0,0,0,0
47668532,11110,0,2,0,0,0,0,0,0,0,0,0
47672177,11111,0,2,0,0,0,0,0,0,0,0,0
47675820,11112,0,2,0,0,0,0,0,0,0,0,0
47679464,11113,0,2,0,0,0,0,0,0,0,0,0
47683108,11114,0,2,0,0,0,0,0,0,0,0,0
47686752,11115,0,2,0,0,0,0,0,0,0,0,0
47690396,11116,0,2,0,0,0,0,0,0,0,0,0
47694040,11117,0,2,0,0,0,0,0,0,0,0,0
47697684,11118,0,2,0,0,0,0,0,0,0,0,0
47701328,11119,0,2,0,0,0,0,0,0,0,0,0
47704972,11120,0,2,0,0,0,0,0,0,0,0,0
47708617,11121,0,2,0,0,0,0,0,0,0,0,0
47712260,11122,0,2,0,0,0,0,0,0,0,0,0
47715904,11123,0,2,0,0,0,0,0,0,0,0,0
47724435,11124,0,2,0,0,0,0,0,0,0,0,0
47728067,11125,0,2,0,0,0,0,0,0,0,0,0
47731711,11126,0,2,0,0,0,0,0,0,0,0,0
47735355,11127,0,2,0,0,0,0,0,0,0,0,0
47738999,11128,0,2,0,0,0,0,0,0,0,0,0
47742643,11129,0,2,0,0,0,0,0,0,0,0,0
47746287,11130,0,2,0,0,0,0,0,0,0,0,0
47749932,11131,0,2,0,0,0,0,0,0,0,0,0
47753575,11132,0,2,0,0,0,0,0,0,0,0,0
47757219,11133,0,2,0,0,0,0,0,0,0,0,0
47760863,11134,0,2,0,0,0,0,0,0,0,0,0
47764507,11135,0,2,0,0,0,0,0,0,0,0,0
47768151,11136,0,2,0,0,0,0,0,0,0,0,0
47771795,11137,0,2,0,0,0,0,0,0,0,0,0
47775439,11138,0,2,0,0,0,0,0,0,0,0,0
47779083,11139,0,2,0,0,0,0,0,0,0,0,0
47782727,11140,0,2,0,0,0,0,0,0,0,0,0
47786372,11141,0,2,0,0,0,0,0,0,0,0,0
47790015,11142,0,2,0,0,0,0,0,0,0,0,0
47793659,11143,0,2,0,0,0,0,0,0,0,0,0
47797303,11144,0,2,0,0,0,0,0,0,0,0,0
47800947,11145,0,2,0,0,0,0,0,0,0,0,0
47804591,11146,0,2,0,0,0,0,0,0,0,0,0
47808235,11147,0,2,0,0,0,0,0,0,0,0,0
47811879,11148,0,2,0,0,0,0,0,0,0,0,0
47815523,11149,0,2,0,0,0,0,0,0,0,0,0
47819167,11150,0,2,0,0,0,0,0,0,0,0,0
47822812,11151,0,2,0,0,0,0,0,0,0,0,0
47826455,11152,0,2,0,0,0,0,0,0,0,0,0
47830099,11153,0,2,0,0,0,0,0,0,0,0,0
47833743,11154,0,2,0,0,0,0,0,0,0,0,0
47837387,11155,0,2,0,0,0,0,0,0,0,0,0
47841031,11156,0,2,0,0,0,0,0,0,0,0,0
47844675,11157,0,2,0,0,0,0,0,0,0,0,0
47848319,11158,0,2,0,0,0,0,0,0,0,0,0
47851963,11159,0,2,0,0,0,0,0,0,0,0,0
47855607,11160,0,2,0,0,0,0,0,0,0,0,0
47859252,11161,0,2,0,0,0,0,0,0,0,0,0
47862895,11162,0,2,0,0,0,0,0,0,0,0,0
47866539,11163,0,2,0,0,0,0,0,0,0,0,0
47870183,11164,0,2,0,0,0,0,0,0,0,0,0
47873827,11165,0,2,0,0,0,0,0,0,0,0,0
47877471,11166,0,2,0,0,0,0,0,0,0,0,0
47881115,11167,0,2,0,0,0,0,0,0,0,0,0
47884759,11168,0,2,0,0,0,0,0,0,0,0,0
47888403,11169,0,2,0,0,0,0,0,0,0,0,0
47892047,11170,0,2,0,0,0,0,0,0,0,0,0
47895692,11171,0,2,0,0,0,0,0,0,0,0,0
47899335,11172,0,2,0,0,0,0,0,0,0,0,0
47902979,11173,0,2,0,0,0,0,0,0,0,0,0
47906623,11174,0,2,0,0,0,0,0,0,0,0,0
47910267,11175,0,2,0,0,0,0,0,0,0,0,0
47913911,11176,0,2,0,0,0,0,0,0,0,0,0
47917555,11177,0,2,0,0,0,0,0,0,0,0,0
47921199,11178,0,2,0,0,0,0,0,0,0,0,0
47924843,11179,0,2,0,0,0,0,0,0,0,0,0
47928487,11180,0,2,0,0,0,0,0,0,0,0,0
47932132,11181,0,2,0,0,0,0,0,0,0,0,0
47935775,11182,0,2,0,0,0,0,0,0,0,0,0
47939419,11183,0,2,0,0,0,0,0,0,0,0,0
47943063,11184,0,2,0,0,0,0,0,0,0,0,0
47946707,11185,0,2,0,0,0,0,0,0,0,0,0
47950351,11186,0,2,0,0,0,0,0,0,0,0,0
47953995,11187,0,2,0,0,0,0,0,0,0,0,0
47957639,11188,0,2,0,0,0,0,0,0,0,0,0
47961283,11189,0,2,0,0,0,0,0,0,0,0,0
47964927,11190,0,2,0,0,0,0,0,0,0,0,0
47968572,11191,0,2,0,0,0,0,0,0,0,0,0
47972215,11192,0,2,0,0,0,0,0,0,0,0,0
47975859,11193,0,2,0,0,0,0,0,0,0,0,0
47979503,11194,0,2,0,0,0,0,0,0,0,0,0
47983147,11195,0,2,0,0,0,0,0,0,0,0,0
47986791,11196,0,2,0,0,0,0,0,0,0,0,0
47990435,11197,0,2,0,0,0,0,0,0,0,0,0
47994079,11198,0,2,0,0,0,0,0,0,0,0,0
47997723,11199,0,2,0,0,0,0,0,0,0,0,0
48001367,11200,0,2,0,0,0,0,0,0,0,0,0
48005012,11201,0,2,0,0,0,0,0,0,0,0,0
48008655,11202,0,2,0,0,0,0,0,0,0,0,0
48012299,11203,0,2,0,0,0,0,0,0,0,0,0
48015943,11204,0,2,0,0,0,0,0,0,0,0,0
48019587,11205,0,2,0,0,0,0,0,0,0,0,0
48023231,11206,0,2,0,0,0,0,0,0,0,0,0
48026875,11207,0,2,0,0,0,0,0,0,0,0,0
48030519,11208,0,2,0,0,0,0,0,0,0,0,0
48034163,11209,0,2,0,0,0,0,0,0,0,0,0
48037807,11210,0,2,0,0,0,0,0,0,0,0,0
48041452,11211,0,2,0,0,0,0,0,0,0,0,0
48045095,11212,0,2,0,0,0,0,0,0,0,0,0
48048739,11213,0,2,0,0,0,0,0,0,0,0,0
48052383,11214,0,2,0,0,0,0,0,0,0,0,0
48056027,11215,0,2,0,0,0,0,0,0,0,0,0
48059671,11216,0,2,0,0,0,0,0,0,0,0,0
48063315,11217,0,2,0,0,0,0,0,0,0,0,0
48066959,11218,0,2,0,0,0,0,0,0,0,0,0
48070603,11219,0,2,0,0,0,0,0,0,0,0,0
48074247,11220,0,2,0,0,0,0,0,0,0,0,0
48077892,11221,0,2,0,0,0,0,0,0,0,0,0
48081535,11222,0,2,0,0,0,0,0,0,0,0,0
48085179,11223,0,2,0,0,0,0,0,0,0,0,0
48088823,11224,0,2,0,0,0,0,0,0,0,0,0
48092467,11225,0,2,0,0,0,0,0,0,0,0,0
48096111,11226,0,2,0,0,0,0,0,0,0,0,0
48099755,11227,0,2,0,0,0,0,0,0,0,0,0
48103399,11228,0,2,0,0,0,0,0,0,0,0,0
48107043,11229,0,2,0,0,0,0,0,0,0,0,0
48110687,11230,0,2,0,0,0,0,0,0,0,0,0
48114332,11231,0,2,0,0,0,0,0,0,0,0,0
48117975,11232,0,2,0,0,0,0,0,0,0,0,0
48121619,11233,0,2,0,0,0,0,0,0,0,0,0
48125263,11234,0,2,0,0,0,0,0,0,0,0,0
48128907,11235,0,2,0,0,0,0,0,0,0,0,0
48132551,11236,0,2,0,0,0,0,0,0,0,0,0
48136195,11237,0,2,0,0,0,0,0,0,0,0,0
48139839,11238,0,2,0,0,0,0,0,0,0,0,0
48143483,11239,0,2,0,0,0,0,0,0,0,0,0
48147127,11240,0,2,0,0,0,0,0,0,0,0,0
48271000,11241,0,2,0,0,0,0,0,0,0,0,0
48274632,11242,0,2,0,0,0,0,0,0,0,0,0
48278276,11243,0,2,0,0,0,0,0,0,0,0,0
48281920,11244,0,2,0,0,0,0,0,0,0,0,0
48285564,11245,0,2,0,0,0,0,0,0,0,0,0
48289208,11246,0,2,0,0,0,0,0,0,0,0,0
48292852,11247,0,2,0,0,0,0,0,0,0,0,0
48296496,11248,0,2,0,0,0,0,0,0,0,0,0
48300140,11249,0,2,0,0,0,0,0,0,0,0,0
48303784,11250,0,2,0,0,0,0,0,0,0,0,0
48307429,11251,0,2,0,0,0,0,0,0,0,0,0
48311072,11252,0,2,0,0,0,0,0,0,0,0,0
48314716,11253,0,2,0,0,0,0,0,0,0,0,0
48318360,11254,0,2,0,0,0,0,0,0,0,0,0
48322004,11255,0,2,0,0,0,0,0,0,0,0,0
48325648,11256,0,2,0,0,0,0,0,0,0,0,0
48329292,11257,0,2,0,0,0,0,0,0,0,0,0
48332936,11258,0,2,0,0,0,0,0,0,0,0,0
48336580,11259,0,2,0,0,0,0,0,0,0,0,0
48340224,11260,0,2,0,0,0,0,0,0,0,0,0
48343869,11261,0,2,0,0,0,0,0,0,0,0,0
48347512,11262,0,2,0,0,0,0,0,0,0,0,0
48351157,11263,0,2,0,0,0,0,0,0,0,0,0
48354800,11264,0,2,0,0,0,0,0,0,0,0,0
48358444,11265,0,2,0,0,0,0,0,0,0,0,0
48362088,11266,0,2,0,0,0,0,0,0,0,0,0
48365732,11267,0,2,0,0,0,0,0,0,0,0,0
48369376,11268,0,2,0,0,0,0,0,0,0,0,0
48373020,11269,0,2,0,0,0,0,0,0,0,0,0
48376664,11270,0,2,0,0,0,0,0,0,0,0,0
48380309,11271,0,2,0,0,0,0,0,0,0,0,0
48383952,11272,0,2,0,0,0,0,0,0,0,0,0
48387596,11273,0,2,0,0,0,0,0,0,0,0,0
48391240,11274,0,2,0,0,0,0,0,0,0,0,0
48394884,11275,0,2,0,0,0,0,0,0,0,0,0
48398528,11276,0,2,0,0,0,0,0,0,0,0,0
48402172,11277,0,2,0,0,0,0,0,0,0,0,0
48405816,11278,0,2,0,0,0,0,0,0,0,0,0
48409460,11279,0,2,0,0,0,0,0,0,0,0,0
48413104,11280,0,2,0,0,0,0,0,0,0,0,0
48416749,11281,0,2,0,0,0,0,0,0,0,0,0
48420392,11282,0,2,0,0,0,0,0,0,0,0,0
48424036,11283,0,2,0,0,0,0,0,0,0,0,0
48427680,11284,0,2,0,0,0,0,0,0,0,0,0
48431324,11285,0,2,0,0,0,0,0,0,0,0,0
48434968,11286,0,2,0,0,0,0,0,0,0,0,0
48438612,11287,0,2,0,0,0,0,0,0,0,0,0
48442256,11288,0,2,0,0,0,0,0,0,0,0,0
48445900,11289,0,2,0,0,0,0,0,0,0,0,0
48449544,11290,0,2,0,0,0,0,0,0,0,0,0
48453189,11291,0,2,0,0,0,0,0,0,0,0,0
48456832,11292,0,2,0,0,0,0,0,0,0,0,0
48460476,11293,0,2,0,0,0,0,0,0,0,0,0
48464120,11294,0,2,0,0,0,0,0,0,0,0,0
48467764,11295,0,2,0,0,0,0,0,0,0,0,0
48471408,11296,0,2,0,0,0,0,0,0,0,0,0
48475052,11297,0,2,0,0,0,0,0,0,0,0,0
48478696,11298,0,2,0,0,0,0,0,0,0,0,0
48482340,11299,0,2,0,0,0,0,0,0,0,0,0
48485984,11300,0,2,0,0,0,0,0,0,0,0,0
48489629,11301,0,2,0,0,0,0,0,0,0,0,0
48493272,11302,0,2,0,0,0,0,0,0,0,0,0
48496916,11303,0,2,0,0,0,0,0,0,0,0,0
48500560,11304,0,2,0,0,0,0,0,0,0,0,0
48504204,11305,0,2,0,0,0,0,0,0,0,0,0
48507848,11306,0,2,0,0,0,0,0,0,0,0,0
48511492,11307,0,2,0,0,0,0,0,0,0,0,0
48515136,11308,0,2,0,0,0,0,0,0,0,0,0
48518780,11309,0,2,0,0,0,0,0,0,0,0,0
48522424,11310,0,2,0,0,0,0,0,0,0,0,0
48526069,11311,0,2,0,0,0,0,0,0,0,0,0
48529712,11312,0,2,0,0,0,0,0,0,0,0,0
48533356,11313,0,2,0,0,0,0,0,0,0,0,0
48537000,11314,0,2,0,0,0,0,0,0,0,0,0
48540644,11315,0,2,0,0,0,0,0,0,0,0,0
48544288,11316,0,2,0,0,0,0,0,0,0,0,0
48547932,11317,0,2,0,0,0,0,0,0,0,0,0
48551576,11318,0,2,0,0,0,0,0,0,0,0,0
48555220,11319,0,2,0,0,0,0,0,0,0,0,0
48558864,11320,0,2,0,0,0,0,0,0,0,0,0
48562509,11321,0,2,0,0,0,0,0,0,0,0,0
48566152,11322,0,2,0,0,0,0,0,0,0,0,0
48569796,11323,0,2,0,0,0,0,0,0,0,0,0
48573440,11324,0,2,0,0,0,0,0,0,0,0,0
48577084,11325,0,2,0,0,0,0,0,0,0,0,0
48580728,11326,0,2,0,0,0,0,0,0,0,0,0
48584372,11327,0,2,0,0,0,0,0,0,0,0,0
48588016,11328,0,2,0,0,0,0,0,0,0,0,0
48591660,11329,0,2,0,0,0,0,0,0,0,0,0
48595304,11330,0,2,0,0,0,0,0,0,0,0,0
48598949,11331,0,2,0,0,0,0,0,0,0,0,0
48602592,11332,0,2,0,0,0,0,0,0,0,0,0
48606236,11333,0,2,0,0,0,0,0,0,0,0,0
48609880,11334,0,2,0,0,0,0,0,0,0,0,0
48613524,11335,0,2,0,0,0,0,0,0,0,0,0
48617168,11336,0,2,0,0,0,0,0,0,0,0,0
48620812,11337,0,2,0,0,0,0,0,0,0,0,0
48624456,11338,0,2,0,0,0,0,0,0,0,0,0
48628100,11339,0,2,0,0,0,0,0,0,0,0,0
48631744,11340,0,2,0,0,0,0,0,0,0,0,0
48635389,11341,0,2,0,0,0,0,0,0,0,0,0
48639033,11342,0,2,0,0,0,0,0,0,0,0,0
48642676,11343,0,2,0,0,0,0,0,0,0,0,0
48646320,11344,0,2,0,0,0,0,0,0,0,0,0
48649964,11345,0,2,0,0,0,0,0,0,0,0,0
48653608,11346,0,2,0,0,0,0,0,0,0,0,0
48657252,11347,0,2,0,0,0,0,0,0,0,0,0
48660896,11348,0,2,0,0,0,0,0,0,0,0,0
48664540,11349,0,2,0,0,0,0,0,0,0,0,0
48668184,11350,0,2,0,0,0,0,0,0,0,0,0
48678691,11351,0,2,0,0,0,0,0,0,0,0,0
48682323,11352,0,2,0,0,0,0,0,0,0,0,0
48685967,11353,0,2,0,0,0,0,0,0,0,0,0
48689611,11354,0,2,0,0,0,0,0,0,0,0,0
48693255,11355,0,2,0,0,0,0,0,0,0,0,0
48696899,11356,0,2,0,0,0,0,0,0,0,0,0
48700543,11357,0,2,0,0,0,0,0,0,0,0,0
48704187,11358,0,2,0,0,0,0,0,0,0,0,0
48707831,11359,0,2,0,0,0,0,0,0,0,0,0
48711475,11360,0,2,0,0,0,0,0,0,0,0,0
48715120,11361,0,2,0,0,0,0,0,0,0,0,0
48718763,11362,0,2,0,0,0,0,0,0,0,0,0
48722407,11363,0,2,0,0,0,0,0,0,0,0,0
48726051,11364,0,2,0,0,0,0,0,0,0,0,0
48729695,11365,0,2,0,0,0,0,0,0,0,0,0
48733339,11366,0,2,0,0,0,0,0,0,0,0,0
48736983,11367,0,2,0,0,0,0,0,0,0,0,0
48740627,11368,0,2,0,0,0,0,0,0,0,0,0
48744271,11369,0,2,0,0,0,0,0,0,0,0,0
48747915,11370,0,2,0,0,0,0,0,0,0,0,0
48751560,11371,0,2,0,0,0,0,0,0,0,0,0
48755203,11372,0,2,0,0,0,0,0,0,0,0,0
48758847,11373,0,2,0,0,0,0,0,0,0,0,0
48762491,11374,0,2,0,0,0,0,0,0,0,0,0
48766135,11375,0,2,0,0,0,0,0,0,0,0,0
48769779,11376,0,2,0,0,0,0,0,0,0,0,0
48773423,11377,0,2,0,0,0,0,0,0,0,0,0
48777067,11378,0,2,0,0,0,0,0,0,0,0,0
48780711,11379,0,2,0,0,0,0,0,0,0,0,0
48784355,11380,0,2,0,0,0,0,0,0,0,0,0
48788000,11381,0,2,0,0,0,0,0,0,0,0,0
48791643,11382,0,2,0,0,0,0,0,0,0,0,0
48795287,11383,0,2,0,0,0,0,0,0,0,0,0
48798931,11384,0,2,0,0,0,0,0,0,0,0,0
48802575,11385,0,2,0,0,0,0,0,0,0,0,0
48806219,11386,0,2,0,0,0,0,0,0,0,0,0
48809863,11387,0,2,0,0,0,0,0,0,0,0,0
48813507,11388,0,2,0,0,0,0,0,0,0,0,0
48817151,11389,0,2,0,0,0,0,0,0,0,0,0
48820795,11390,0,2,0,0,0,0,0,0,0,0,0
48824440,11391,0,2,0,0,0,0,0,0,0,0,0
48828083,11392,0,2,0,0,0,0,0,0,0,0,0
48831727,11393,0,2,0,0,0,0,0,0,0,0,0
48835371,11394,0,2,0,0,0,0,0,0,0,0,0
48839015,11395,0,2,0,0,0,0,0,0,0,0,0
48842659,11396,0,2,0,0,0,0,0,0,0,0,0
48846303,11397,0,2,0,0,0,0,0,0,0,0,0
48849947,11398,0,2,0,0,0,0,0,0,0,0,0
48853591,11399,0,2,0,0,0,0,0,0,0,0,0
48857235,11400,0,2,0,0,0,0,0,0,0,0,0
48860880,11401,0,2,0,0,0,0,0,0,0,0,0
48864523,11402,0,2,0,0,0,0,0,0,0,0,0
48868167,11403,0,2,0,0,0,0,0,0,0,0,0
48871811,11404,0,2,0,0,0,0,0,0,0,0,0
48875455,11405,0,2,0,0,0,0,0,0,0,0,0
48879099,11406,0,2,0,0,0,0,0,0,0,0,0
48882743,11407,0,2,0,0,0,0,0,0,0,0,0
48886387,11408,0,2,0,0,0,0,0,0,0,0,0
48890031,11409,0,2,0,0,0,0,0,0,0,0,0
48893675,11410,0,2,0,0,0,0,0,0,0,0,0
48897320,11411,0,2,0,0,0,0,0,0,0,0,0
48900963,11412,0,2,0,0,0,0,0,0,0,0,0
48904607,11413,0,2,0,0,0,0,0,0,0,0,0
48908251,11414,0,2,0,0,0,0,0,0,0,0,0
48911895,11415,0,2,0,0,0,0,0,0,0,0,0
48915539,11416,0,2,0,0,0,0,0,0,0,0,0
48919183,11417,0,2,0,0,0,0,0,0,0,0,0
48922827,11418,0,2,0,0,0,0,0,0,0,0,0
48926471,11419,0,2,0,0,0,0,0,0,0,0,0
48930115,11420,0,2,0,0,0,0,0,0,0,0,0
48933760,11421,0,2,0,0,0,0,0,0,0,0,0
48937403,11422,0,2,0,0,0,0,0,0,0,0,0
48941048,11423,0,2,0,0,0,0,0,0,0,0,0
48944691,11424,0,2,0,0,0,0,0,0,0,0,0
48948335,11425,0,2,0,0,0,0,0,0,0,0,0
48951979,11426,0,2,0,0,0,0,0,0,0,0,0
48955623,11427,0,2,0,0,0,0,0,0,0,0,0
48959267,11428,0,2,0,0,0,0,0,0,0,0,0
48962911,11429,0,2,0,0,0,0,0,0,0,0,0
48966555,11430,0,2,0,0,0,0,0,0,0,0,0
48970200,11431,0,2,0,0,0,0,0,0,0,0,0
48973843,11432,0,2,0,0,0,0,0,0,0,0,0
48977487,11433,0,2,0,0,0,0,0,0,0,0,0
48981131,11434,0,2,0,0,0,0,0,0,0,0,0
48984775,11435,0,2,0,0,0,0,0,0,0,0,0
48988419,11436,0,2,0,0,0,0,0,0,0,0,0
48992063,11437,0,2,0,0,0,0,0,0,0,0,0
48995707,11438,0,2,0,0,0,0,0,0,0,0,0
48999351,11439,0,2,0,0,0,0,0,0,0,0,0
49002995,11440,0,2,0,0,0,0,0,0,0,0,0
49006640,11441,0,2,0,0,0,0,0,0,0,0,0
49010283,11442,0,2,0,0,0,0,0,0,0,0,0
49013927,11443,0,2,0,0,0,0,0,0,0,0,0
49017571,11444,0,2,0,0,0,0,0,0,0,0,0
49021215,11445,0,2,0,0,0,0,0,0,0,0,0
49024859,11446,0,2,0,0,0,0,0,0,0,0,0
49028503,11447,0,2,0,0,0,0,0,0,0,0,0
49032147,11448,0,2,0,0,0,0,0,0,0,0,0
49035791,11449,0,2,0,0,0,0,0,0,0,0,0
49039435,11450,0,2,0,0,0,0,0,0,0,0,0
49043080,11451,0,2,0,0,0,0,0,0,0,0,0
49046723,11452,0,2,0,0,0,0,0,0,0,0,0
49050367,11453,0,2,0,0,0,0,0,0,0,0,0
49054011,11454,0,2,0,0,0,0,0,0,0,0,0
49057655,11455,0,2,0,0,0,0,0,0,0,0,0
49061299,11456,0,2,0,0,0,0,0,0,0,0,0
49064943,11457,0,2,0,0,0,0,0,0,0,0,0
49068587,11458,0,2,0,0,0,0,0,0,0,0,0
49072231,11459,0,2,0,0,0,0,0,0,0,0,0
49075875,11460,0,2,0,0,0,0,0,0,0,0,0
49079520,11461,0,2,0,0,0,0,0,0,0,0,0
49083163,11462,0,2,0,0,0,0,0,0,0,0,0
49086807,11463,0,2,0,0,0,0,0,0,0,0,0
49090451,11464,0,2,0,0,0,0,0,0,0,0,0
49094095,11465,0,2,0,0,0,0,0,0,0,0,0
49097739,11466,0,2,0,0,0,0,0,0,0,0,0
49101383,11467,0,2,0,0,0,0,0,0,0,0,0
49105027,11468,0,2,0,0,0,0,0,0,0,0,0
49108671,11469,0,2,0,0,0,0,0,0,0,0,0
49112315,11470,0,2,0,0,0,0,0,0,0,0,0
49115960,11471,0,2,0,0,0,0,0,0,0,0,0
49119603,11472,0,2,0,0,0,0,0,0,0,0,0
49123247,11473,0,2,0,0,0,0,0,0,0,0,0
49126891,11474,0,2,0,0,0,0,0,0,0,0,0
49130535,11475,0,2,0,0,0,0,0,0,0,0,0
49134179,11476,0,2,0,0,0,0,0,0,0,0,0
49137823,11477,0,2,0,0,0,0,0,0,0,0,0
49141467,11478,0,2,0,0,0,0,0,0,0,0,0
49145111,11479,0,2,0,0,0,0,0,0,0,0,0
49148755,11480,0,2,0,0,0,0,0,0,0,0,0
49152400,11481,0,2,0,0,0,0,0,0,0,0,0
49156043,11482,0,2,0,0,0,0,0,0,0,0,0
49159687,11483,0,2,0,0,0,0,0,0,0,0,0
49163331,11484,0,2,0,0,0,0,0,0,0,0,0
49166975,11485,0,2,0,0,0,0,0,0,0,0,0
49170619,11486,0,2,0,0,0,0,0,0,0,0,0
49174263,11487,0,2,0,0,0,0,0,0,0,0,0
49177907,11488,0,2,0,0,0,0,0,0,0,0,0
49181551,11489,0,2,0,0,0,0,0,0,0,0,0
49185195,11490,0,2,0,0,0,0,0,0,0,0,0
49188840,11491,0,2,0,0,0,0,0,0,0,0,0
49192483,11492,0,2,0,0,0,0,0,0,0,0,0
49196127,11493,0,2,0,0,0,0,0,0,0,0,0
49199771,11494,0,2,0,0,0,0,0,0,0,0,0
49203415,11495,0,2,0,0,0,0,0,0,0,0,0
49207059,11496,0,2,0,0,0,0,0,0,0,0,0
49210703,11497,0,2,0,0,0,0,0,0,0,0,0
49214347,11498,0,2,0,0,0,0,0,0,0,0,0
49217991,11499,0,2,0,0,0,0,0,0,0,0,0
49221635,11500,0,2,0,0,0,0,0,0,0,0,0
49225280,11501,0,2,0,0,0,0,0,0,0,0,0
49228923,11502,0,2,0,0,0,0,0,0,0,0,0
49232567,11503,0,2,0,0,0,0,0,0,0,0,0
49236211,11504,0,2,0,0,0,0,0,0,0,0,0
49239855,11505,0,2,0,0,0,0,0,0,0,0,0
49243499,11506,0,2,0,0,0,0,0,0,0,0,0
49247143,11507,0,2,0,0,0,0,0,0,0,0,0
49250787,11508,0,2,0,0,0,0,0,0,0,0,0
49254431,11509,0,2,0,0,0,0,0,0,0,0,0
49258076,11510,0,2,0,0,0,0,0,0,0,0,0
49261720,11511,0,2,0,0,0,0,0,0,0,0,0
49265363,11512,0,2,0,0,0,0,0,0,0,0,0
49269007,11513,0,2,0,0,0,0,0,0,0,0,0
49272651,11514,0,2,0,0,0,0,0,0,0,0,0
49276295,11515,0,2,0,0,0,0,0,0,0,0,0
49279939,11516,0,2,0,0,0,0,0,0,0,0,0
49283583,11517,0,2,0,0,0,0,0,0,0,0,0
49287227,11518,0,2,0,0,0,0,0,0,0,0,0
49290871,11519,0,2,0,0,0,0,0,0,0,0,0
49294515,11520,0,2,0,0,0,0,0,0,0,0,0
49298160,11521,0,2,0,0,0,0,0,0,0,0,0
49301803,11522,0,2,0,0,0,0,0,0,0,0,0
49305447,11523,0,2,0,0,0,0,0,0,0,0,0
49309091,11524,0,2,0,0,0,0,0,0,0,0,0
49312735,11525,0,2,0,0,0,0,0,0,0,0,0
49316379,11526,0,2,0,0,0,0,0,0,0,0,0
49320024,11527,0,2,0,0,0,0,0,0,0,0,0
49323667,11528,0,2,0,0,0,0,0,0,0,0,0
49327311,11529,0,2,0,0,0,0,0,0,0,0,0
49330955,11530,0,2,0,0,0,0,0,0,0,0,0
49334600,11531,0,2,0,0,0,0,0,0,0,0,0
49338243,11532,0,2,0,0,0,0,0,0,0,0,0
49341887,11533,0,2,0,0,0,0,0,0,0,0,0
49345531,11534,0,2,0,0,0,0,0,0,0,0,0
49349175,11535,0,2,0,0,0,0,0,0,0,0,0
49352819,11536,0,2,0,0,0,0,0,0,0,0,0
49356463,11537,0,2,0,0,0,0,0,0,0,0,0
49360107,11538,0,2,0,0,0,0,0,0,0,0,0
49363751,11539,0,2,0,0,0,0,0,0,0,0,0
49367395,11540,0,2,0,0,0,0,0,0,0,0,0
49371040,11541,0,2,0,0,0,0,0,0,0,0,0
49374683,11542,0,2,0,0,0,0,0,0,0,0,0
49378327,11543,0,2,0,0,0,0,0,0,0,0,0
49381971,11544,0,2,0,0,0,0,0,0,0,0,0
49385615,11545,0,2,0,0,0,0,0,0,0,0,0
49389259,11546,0,2,0,0,0,0,0,0,0,0,0
49392903,11547,0,2,0,0,0,0,0,0,0,0,0
49396547,11548,0,2,0,0,0,0,0,0,0,0,0
49400191,11549,0,2,0,0,0,0,0,0,0,0,0
49403835,11550,0,2,0,0,0,0,0,0,0,0,0
49407480,11551,0,2,0,0,0,0,0,0,0,0,0
49411123,11552,0,2,0,0,0,0,0,0,0,0,0
49414767,11553,0,2,0,0,0,0,0,0,0,0,0
49418411,11554,0,2,0,0,0,0,0,0,0,0,0
49422055,11555,0,2,0,0,0,0,0,0,0,0,0
49425699,11556,0,2,0,0,0,0,0,0,0,0,0
49429343,11557,0,2,0,0,0,0,0,0,0,0,0
49432987,11558,0,2,0,0,0,0,0,0,0,0,0
49436631,11559,0,2,0,0,0,0,0,0,0,0,0
49440275,11560,0,2,0,0,0,0,0,0,0,0,0
49443920,11561,0,2,0,0,0,0,0,0,0,0,0
49447563,11562,0,2,0,0,0,0,0,0,0,0,0
49451207,11563,0,2,0,0,0,0,0,0,0,0,0
49454851,11564,0,2,0,0,0,0,0,0,0,0,0
49458495,11565,0,2,0,0,0,0,0,0,0,0,0
49462139,11566,0,2,0,0,0,0,0,0,0,0,0
49465783,11567,0,2,0,0,0,0,0,0,0,0,0
49469427,11568,0,2,0,0,0,0,0,0,0,0,0
49473071,11569,0,2,0,0,0,0,0,0,0,0,0
49476715,11570,0,2,0,0,0,0,0,0,0,0,0
49480360,11571,0,2,0,0,0,0,0,0,0,0,0
49484003,11572,0,2,0,0,0,0,0,0,0,0,0
49487647,11573,0,2,0,0,0,0,0,0,0,0,0
49491291,11574,0,2,0,0,0,0,0,0,0,0,0
49494935,11575,0,2,0,0,0,0,0,0,0,0,0
49498579,11576,0,2,0,0,0,0,0,0,0,0,0
49502223,11577,0,2,0,0,0,0,0,0,0,0,0
49510523,11578,0,2,0,0,0,0,0,0,0,0,0
49514155,11579,0,2,0,0,0,0,0,0,0,0,0
49517799,11580,0,2,0,0,0,0,0,0,0,0,0
49521444,11581,0,2,0,0,0,0,0,0,0,0,0
49525087,11582,0,2,0,0,0,0,0,0,0,0,0
49528731,11583,0,2,0,0,0,0,0,0,0,0,0
49532375,11584,0,2,0,0,0,0,0,0,0,0,0
49536019,11585,0,2,0,0,0,0,0,0,0,0,0
49539663,11586,0,2,0,0,0,0,0,0,0,0,0
49543307,11587,0,2,0,0,0,0,0,0,0,0,0
49546951,11588,0,2,0,0,0,0,0,0,0,0,0
49550595,11589,0,2,0,0,0,0,0,0,0,0,0
49554239,11590,0,2,0,0,0,0,0,0,0,0,0
49557884,11591,0,2,0,0,0,0,0,0,0,0,0
49561527,11592,0,2,0,0,0,0,0,0,0,0,0
49565171,11593,0,2,0,0,0,0,0,0,0,0,0
49568815,11594,0,2,0,0,0,0,0,0,0,0,0
49572459,11595,0,2,0,0,0,0,0,0,0,0,0
49576103,11596,0,2,0,0,0,0,0,0,0,0,0
49579747,11597,0,2,0,0,0,0,0,0,0,0,0
49583391,11598,0,2,0,0,0,0,0,0,0,0,0
49587035,11599,0,2,0,0,0,0,0,0,0,0,0
49590679,11600,0,2,0,0,0,0,0,0,0,0,0
49594324,11601,0,2,0,0,0,0,0,0,0,0,0
49597967,11602,0,2,0,0,0,0,0,0,0,0,0
49601611,11603,0,2,0,0,0,0,0,0,0,0,0
49605255,11604,0,2,0,0,0,0,0,0,0,0,0
49608899,11605,0,2,0,0,0,0,0,0,0,0,0
49612543,11606,0,2,0,0,0,0,0,0,0,0,0
49616187,11607,0,2,0,0,0,0,0,0,0,0,0
49619831,11608,0,2,0,0,0,0,0,0,0,0,0
49623475,11609,0,2,0,0,0,0,0,0,0,0,0
49627119,11610,0,2,0,0,0,0,0,0,0,0,0
49630764,11611,0,2,0,0,0,0,0,0,0,0,0
49634407,11612,0,2,0,0,0,0,0,0,0,0,0
49638051,11613,0,2,0,0,0,0,0,0,0,0,0
49641695,11614,0,2,0,0,0,0,0,0,0,0,0
49645339,11615,0,2,0,0,0,0,0,0,0,0,0
49648983,11616,0,2,0,0,0,0,0,0,0,0,0
49652627,11617,0,2,0,0,0,0,0,0,0,0,0
49656271,11618,0,2,0,0,0,0,0,0,0,0,0
49659915,11619,0,2,0,0,0,0,0,0,0,0,0
49663559,11620,0,2,0,0,0,0,0,0,0,0,0
49667204,11621,0,2,0,0,0,0,0,0,0,0,0
49670847,11622,0,2,0,0,0,0,0,0,0,0,0
49674491,11623,0,2,0,0,0,0,0,0,0,0,0
49678135,11624,0,2,0,0,0,0,0,0,0,0,0
49681779,11625,0,2,0,0,0,0,0,0,0,0,0
49685423,11626,0,2,0,0,0,0,0,0,0,0,0
49689067,11627,0,2,0,0,0,0,0,0,0,0,0
49692711,11628,0,2,0,0,0,0,0,0,0,0,0
49696355,11629,0,2,0,0,0,0,0,0,0,0,0
49699999,11630,0,2,0,0,0,0,0,0,0,0,0
49703644,11631,0,2,0,0,0,0,0,0,0,0,0
49707287,11632,0,2,0,0,0,0,0,0,0,0,0
49710931,11633,0,2,0,0,0,0,0,0,0,0,0
49714575,11634,0,2,0,0,0,0,0,0,0,0,0
49718219,11635,0,2,0,0,0,0,0,0,0,0,0
49721863,11636,0,2,0,0,0,0,0,0,0,0,0
49725507,11637,0,2,0,0,0,0,0,0,0,0,0
49729151,11638,0,2,0,0,0,0,0,0,0,0,0
49732795,11639,0,2,0,0,0,0,0,0,0,0,0
49736439,11640,0,2,0,0,0,0,0,0,0,0,0
49740084,11641,0,2,0,0,0,0,0,0,0,0,0
49743727,11642,0,2,0,0,0,0,0,0,0,0,0
49747371,11643,0,2,0,0,0,0,0,0,0,0,0
49751015,11644,0,2,0,0,0,0,0,0,0,0,0
49754659,11645,0,2,0,0,0,0,0,0,0,0,0
49758303,11646,0,2,0,0,0,0,0,0,0,0,0
49761947,11647,0,2,0,0,0,0,0,0,0,0,0
49765591,11648,0,2,0,0,0,0,0,0,0,0,0
49769235,11649,0,2,0,0,0,0,0,0,0,0,0
49772879,11650,0,2,0,0,0,0,0,0,0,0,0
49776524,11651,0,2,0,0,0,0,0,0,0,0,0
49780167,11652,0,2,0,0,0,0,0,0,0,0,0
49783811,11653,0,2,0,0,0,0,0,0,0,0,0
49787455,11654,0,2,0,0,0,0,0,0,0,0,0
49791099,11655,0,2,0,0,0,0,0,0,0,0,0
49794743,11656,0,2,0,0,0,0,0,0,0,0,0
49798387,11657,0,2,0,0,0,0,0,0,0,0,0
49802031,11658,0,2,0,0,0,0,0,0,0,0,0
49805675,11659,0,2,0,0,0,0,0,0,0,0,0
49809319,11660,0,2,0,0,0,0,0,0,0,0,0
49812964,11661,0,2,0,0,0,0,0,0,0,0,0
49816607,11662,0,2,0,0,0,0,0,0,0,0,0
49820251,11663,0,2,0,0,0,0,0,0,0,0,0
49823895,11664,0,2,0,0,0,0,0,0,0,0,0
49827539,11665,0,2,0,0,0,0,0,0,0,0,0
49831183,11666,0,2,0,0,0,0,0,0,0,0,0
49834827,11667,0,2,0,0,0,0,0,0,0,0,0
49838471,11668,0,2,0,0,0,0,0,0,0,0,0
49842115,11669,0,2,0,0,0,0,0,0,0,0,0
49845759,11670,0,2,0,0,0,0,0,0,0,0,0
49849404,11671,0,2,0,0,0,0,0,0,0,0,0
49853048,11672,0,2,0,0,0,0,0,0,0,0,0
49856691,11673,0,2,0,0,0,0,0,0,0,0,0
49860335,11674,0,2,0,0,0,0,0,0,0,0,0
49863979,11675,0,2,0,0,0,0,0,0,0,0,0
49867623,11676,0,2,0,0,0,0,0,0,0,0,0
49871267,11677,0,2,0,0,0,0,0,0,0,0,0
49874911,11678,0,2,0,0,0,0,0,0,0,0,0
49878555,11679,0,2,0,0,0,0,0,0,0,0,0
49882199,11680,0,2,0,0,0,0,0,0,0,0,0
49885844,11681,0,2,0,0,0,0,0,0,0,0,0
49889487,11682,0,2,0,0,0,0,0,0,0,0,0
49893131,11683,0,2,0,0,0,0,0,0,0,0,0
49896775,11684,0,2,0,0,0,0,0,0,0,0,0
49900419,11685,0,2,0,0,0,0,0,0,0,0,0
49904063,11686,0,2,0,0,0,0,0,0,0,0,0
49907707,11687,0,2,0,0,0,0,0,0,0,0,0
49911351,11688,0,2,0,0,0,0,0,0,0,0,0
49914995,11689,0,2,0,0,0,0,0,0,0,0,0
49918639,11690,0,2,0,0,0,0,0,0,0,0,0
49922284,11691,0,2,0,0,0,0,0,0,0,0,0
49925927,11692,0,2,0,0,0,0,0,0,0,0,0
49929571,11693,0,2,0,0,0,0,0,0,0,0,0
49933215,11694,0,2,0,0,0,0,0,0,0,0,0
49936859,11695,0,2,0,0,0,0,0,0,0,0,0
49940503,11696,0,2,0,0,0,0,0,0,0,0,0
49944147,11697,0,2,0,0,0,0,0,0,0,0,0
49947791,11698,0,2,0,0,0,0,0,0,0,0,0
49951435,11699,0,2,0,0,0,0,0,0,0,0,0
49955079,11700,0,2,0,0,0,0,0,0,0,0,0
49958724,11701,0,2,0,0,0,0,0,0,0,0,0
49962367,11702,0,2,0,0,0,0,0,0,0,0,0
49966011,11703,0,2,0,0,0,0,0,0,0,0,0
49969655,11704,0,2,0,0,0,0,0,0,0,0,0
49973299,11705,0,2,0,0,0,0,0,0,0,0,0
49976943,11706,0,2,0,0,0,0,0,0,0,0,0
49980587,11707,0,2,0,0,0,0,0,0,0,0,0
49984231,11708,0,2,0,0,0,0,0,0,0,0,0
49987875,11709,0,2,0,0,0,0,0,0,0,0,0
49991519,11710,0,2,0,0,0,0,0,0,0,0,0
49995164,11711,0,2,0,0,0,0,0,0,0,0,0
49998807,11712,0,2,0,0,0,0,0,0,0,0,0
50002451,11713,0,2,0,0,0,0,0,0,0,0,0
50006095,11714,0,2,0,0,0,0,0,0,0,0,0
50009739,11715,0,2,0,0,0,0,0,0,0,0,0
50013383,11716,0,2,0,0,0,0,0,0,0,0,0
50017027,11717,0,2,0,0,0,0,0,0,0,0,0
50020671,11718,0,2,0,0,0,0,0,0,0,0,0
50024315,11719,0,2,0,0,0,0,0,0,0,0,0
50027959,11720,0,2,0,0,0,0,0,0,0,0,0
50031604,11721,0,2,0,0,0,0,0,0,0,0,0
50035247,11722,0,2,0,0,0,0,0,0,0,0,0
50038891,11723,0,2,0,0,0,0,0,0,0,0,0
50042535,11724,0,2,0,0,0,0,0,0,0,0,0
50046179,11725,0,2,0,0,0,0,0,0,0,0,0
50049823,11726,0,2,0,0,0,0,0,0,0,0,0
50053467,11727,0,2,0,0,0,0,0,0,0,0,0
50057111,11728,0,2,0,0,0,0,0,0,0,0,0
50060755,11729,0,2,0,0,0,0,0,0,0,0,0
50064399,11730,0,2,0,0,0,0,0,0,0,0,0
50068044,11731,0,2,0,0,0,0,0,0,0,0,0
50071687,11732,0,2,0,0,0,0,0,0,0,0,0
50075331,11733,0,2,0,0,0,0,0,0,0,0,0
50078975,11734,0,2,0,0,0,0,0,0,0,0,0
50082619,11735,0,2,0,0,0,0,0,0,0,0,0
50086263,11736,0,2,0,0,0,0,0,0,0,0,0
50089907,11737,0,2,0,0,0,0,0,0,0,0,0
50093551,11738,0,2,0,0,0,0,0,0,0,0,0
50097195,11739,0,2,0,0,0,0,0,0,0,0,0
50100839,11740,0,2,0,0,0,0,0,0,0,0,0
50104484,11741,0,2,0,0,0,0,0,0,0,0,0
50108127,11742,0,2,0,0,0,0,0,0,0,0,0
50111771,11743,0,2,0,0,0,0,0,0,0,0,0
50115415,11744,0,2,0,0,0,0,0,0,0,0,0
50119059,11745,0,2,0,0,0,0,0,0,0,0,0
50122703,11746,0,2,0,0,0,0,0,0,0,0,0
50126347,11747,0,2,0,0,0,0,0,0,0,0,0
50129991,11748,0,2,0,0,0,0,0,0,0,0,0
50133635,11749,0,2,0,0,0,0,0,0,0,0,0
50137279,11750,0,2,0,0,0,0,0,0,0,0,0
50140924,11751,0,2,0,0,0,0,0,0,0,0,0
50144567,11752,0,2,0,0,0,0,0,0,0,0,0
50148211,11753,0,2,0,0,0,0,0,0,0,0,0
50151855,11754,0,2,0,0,0,0,0,0,0,0,0
50155499,11755,0,2,0,0,0,0,0,0,0,0,0
50159143,11756,0,2,0,0,0,0,0,0,0,0,0
50162787,11757,0,2,0,0,0,0,0,0,0,0,0
50166431,11758,0,2,0,0,0,0,0,0,0,0,0
50170076,11759,0,2,0,0,0,0,0,0,0,0,0
50173719,11760,0,2,0,0,0,0,0,0,0,0,0
50177364,11761,0,2,0,0,0,0,0,0,0,0,0
50181007,11762,0,2,0,0,0,0,0,0,0,0,0
50184651,11763,0,2,0,0,0,0,0,0,0,0,0
50188295,11764,0,2,0,0,0,0,0,0,0,0,0
50191939,11765,0,2,0,0,0,0,0,0,0,0,0
50195583,11766,0,2,0,0,0,0,0,0,0,0,0
50199227,11767,0,2,0,0,0,0,0,0,0,0,0
50202871,11768,0,2,0,0,0,0,0,0,0,0,0
50206515,11769,0,2,0,0,0,0,0,0,0,0,0
50210159,11770,0,2,0,0,0,0,0,0,0,0,0
50213804,11771,0,2,0,0,0,0,0,0,0,0,0
50217447,11772,0,2,0,0,0,0,0,0,0,0,0
50221091,11773,0,2,0,0,0,0,0,0,0,0,0
50224735,11774,0,2,0,0,0,0,0,0,0,0,0
50228379,11775,0,2,0,0,0,0,0,0,0,0,0
50232024,11776,0,2,0,0,0,0,0,0,0,0,0
50235667,11777,0,2,0,0,0,0,0,0,0,0,0
50239311,11778,0,2,0,0,0,0,0,0,0,0,0
50242955,11779,0,2,0,0,0,0,0,0,0,0,0
50246599,11780,0,2,0,0,0,0,0,0,0,0,0
50250244,11781,0,2,0,0,0,0,0,0,0,0,0
50253887,11782,0,2,0,0,0,0,0,0,0,0,0
50257531,11783,0,2,0,0,0,0,0,0,0,0,0
50261175,11784,0,2,0,0,0,0,0,0,0,0,0
50264819,11785,0,2,0,0,0,0,0,0,0,0,0
50268463,11786,0,2,0,0,0,0,0,0,0,0,0
50272107,11787,0,2,0,0,0,0,0,0,0,0,0
50275751,11788,0,2,0,0,0,0,0,0,0,0,0
50279395,11789,0,2,0,0,0,0,0,0,0,0,0
50283039,11790,0,2,0,0,0,0,0,0,0,0,0
50286684,11791,0,2,0,0,0,0,0,0,0,0,0
50290327,11792,0,2,0,0,0,0,0,0,0,0,0
50293971,11793,0,2,0,0,0,0,0,0,0,0,0
50297615,11794,0,2,0,0,0,0,0,0,0,0,0
50301259,11795,0,2,0,0,0,0,0,0,0,0,0
50304903,11796,0,2,0,0,0,0,0,0,0,0,0
50308547,11797,0,2,0,0,0,0,0,0,0,0,0
50312191,11798,0,2,0,0,0,0,0,0,0,0,0
50315835,11799,0,2,0,0,0,0,0,0,0,0,0
50319479,11800,0,2,0,0,0,0,0,0,0,0,0
50323124,11801,0,2,0,0,0,0,0,0,0,0,0
50326767,11802,0,2,0,0,0,0,0,0,0,0,0
50330411,11803,0,2,0,0,0,0,0,0,0,0,0
50334055,11804,0,2,0,0,0,0,0,0,0,0,0
50344317,11805,0,2,0,0,0,0,0,0,0,0,0
50347948,11806,0,2,0,0,0,0,0,0,0,0,0
50351592,11807,0,2,0,0,0,0,0,0,0,0,0
50355236,11808,0,2,0,0,0,0,0,0,0,0,0
50358880,11809,0,2,0,0,0,0,0,0,0,0,0
50362524,11810,0,2,0,0,0,0,0,0,0,0,0
50366169,11811,0,2,0,0,0,0,0,0,0,0,0
50369812,11812,0,2,0,0,0,0,0,0,0,0,0
50373456,11813,0,2,0,0,0,0,0,0,0,0,0
50377100,11814,0,2,0,0,0,0,0,0,0,0,0
50380744,11815,0,2,0,0,0,0,0,0,0,0,0
50384388,11816,0,2,0,0,0,0,0,0,0,0,0
50388033,11817,0,2,0,0,0,0,0,0,0,0,0
50391676,11818,0,2,0,0,0,0,0,0,0,0,0
50395320,11819,0,2,0,0,0,0,0,0,0,0,0
50398964,11820,0,2,0,0,0,0,0,0,0,0,0
50402609,11821,0,2,0,0,0,0,0,0,0,0,0
50406252,11822,0,2,0,0,0,0,0,0,0,0,0
50409896,11823,0,2,0,0,0,0,0,0,0,0,0
50413540,11824,0,2,0,0,0,0,0,0,0,0,0
50417184,11825,0,2,0,0,0,0,0,0,0,0,0
50420828,11826,0,2,0,0,0,0,0,0,0,0,0
50424472,11827,0,2,0,0,0,0,0,0,0,0,0
50428116,11828,0,2,0,0,0,0,0,0,0,0,0
50431760,11829,0,2,0,0,0,0,0,0,0,0,0
50435404,11830,0,2,0,0,0,0,0,0,0,0,0
50439049,11831,0,2,0,0,0,0,0,0,0,0,0
50442692,11832,0,2,0,0,0,0,0,0,0,0,0
50446336,11833,0,2,0,0,0,0,0,0,0,0,0
50449980,11834,0,2,0,0,0,0,0,0,0,0,0
50453624,11835,0,2,0,0,0,0,0,0,0,0,0
50457268,11836,0,2,0,0,0,0,0,0,0,0,0
50460912,11837,0,2,0,0,0,0,0,0,0,0,0
50464556,11838,0,2,0,0,0,0,0,0,0,0,0
50468200,11839,0,2,0,0,0,0,0,0,0,0,0
50471844,11840,0,2,0,0,0,0,0,0,0,0,0
50475489,11841,0,2,0,0,0,0,0,0,0,0,0
50479132,11842,0,2,0,0,0,0,0,0,0,0,0
50482776,11843,0,2,0,0,0,0,0,0,0,0,0
50486420,11844,0,2,0,0,0,0,0,0,0,0,0
50490064,11845,0,2,0,0,0,0,0,0,0,0,0
50493708,11846,0,2,0,0,0,0,0,0,0,0,0
50497352,11847,0,2,0,0,0,0,0,0,0,0,0
50500996,11848,0,2,0,0,0,0,0,0,0,0,0
50504640,11849,0,2,0,0,0,0,0,0,0,0,0
50508284,11850,0,2,0,0,0,0,0,0,0,0,0
50511929,11851,0,2,0,0,0,0,0,0,0,0,0
50515572,11852,0,2,0,0,0,0,0,0,0,0,0
50519216,11853,0,2,0,0,0,0,0,0,0,0,0
50522860,11854,0,2,0,0,0,0,0,0,0,0,0
50526504,11855,0,2,0,0,0,0,0,0,0,0,0
50530148,11856,0,2,0,0,0,0,0,0,0,0,0
50533792,11857,0,2,0,0,0,0,0,0,0,0,0
50537436,11858,0,2,0,0,0,0,0,0,0,0,0
50541080,11859,0,2,0,0,0,0,0,0,0,0,0
50544724,11860,0,2,0,0,0,0,0,0,0,0,0
50548369,11861,0,2,0,0,0,0,0,0,0,0,0
50552012,11862,0,2,0,0,0,0,0,0,0,0,0
50555656,11863,0,2,0,0,0,0,0,0,0,0,0
50559300,11864,0,2,0,0,0,0,0,0,0,0,0
50562944,11865,0,2,0,0,0,0,0,0,0,0,0
50566588,11866,0,2,0,0,0,0,0,0,0,0,0
50570232,11867,0,2,0,0,0,0,0,0,0,0,0
50573876,11868,0,2,0,0,0,0,0,0,0,0,0
50577520,11869,0,2,0,0,0,0,0,0,0,0,0
50581164,11870,0,2,0,0,0,0,0,0,0,0,0
50584809,11871,0,2,0,0,0,0,0,0,0,0,0
50588452,11872,0,2,0,0,0,0,0,0,0,0,0
50592096,11873,0,2,0,0,0,0,0,0,0,0,0
50595740,11874,0,2,0,0,0,0,0,0,0,0,0
50599384,11875,0,2,0,0,0,0,0,0,0,0,0
50603028,11876,0,2,0,0,0,0,0,0,0,0,0
50606672,11877,0,2,0,0,0,0,0,0,0,0,0
50610316,11878,0,2,0,0,0,0,0,0,0,0,0
50613960,11879,0,2,0,0,0,0,0,0,0,0,0
50617604,11880,0,2,0,0,0,0,0,0,0,0,0
50621249,11881,0,2,0,0,0,0,0,0,0,0,0
50624892,11882,0,2,0,0,0,0,0,0,0,0,0
50628536,11883,0,2,0,0,0,0,0,0,0,0,0
50632180,11884,0,2,0,0,0,0,0,0,0,0,0
50635824,11885,0,2,0,0,0,0,0,0,0,0,0
50639468,11886,0,2,0,0,0,0,0,0,0,0,0
50643112,11887,0,2,0,0,0,0,0,0,0,0,0
50646756,11888,0,2,0,0,0,0,0,0,0,0,0
50650400,11889,0,2,0,0,0,0,0,0,0,0,0
50654044,11890,0,2,0,0,0,0,0,0,0,0,0
50657689,11891,0,2,0,0,0,0,0,0,0,0,0
50661332,11892,0,2,0,0,0,0,0,0,0,0,0
50664976,11893,0,2,0,0,0,0,0,0,0,0,0
50668620,11894,0,2,0,0,0,0,0,0,0,0,0
50672264,11895,0,2,0,0,0,0,0,0,0,0,0
50675908,11896,0,2,0,0,0,0,0,0,0,0,0
50679552,11897,0,2,0,0,0,0,0,0,0,0,0
50683196,11898,0,2,0,0,0,0,0,0,0,0,0
50686840,11899,0,2,0,0,0,0,0,0,0,0,0
50690484,11900,0,2,0,0,0,0,0,0,0,0,0
50694129,11901,0,2,0,0,0,0,0,0,0,0,0
50697772,11902,0,2,0,0,0,0,0,0,0,0,0
50701416,11903,0,2,0,0,0,0,0,0,0,0,0
50705060,11904,0,2,0,0,0,0,0,0,0,0,0
50708704,11905,0,2,0,0,0,0,0,0,0,0,0
50712348,11906,0,2,0,0,0,0,0,0,0,0,0
50715992,11907,0,2,0,0,0,0,0,0,0,0,0
50719636,11908,0,2,0,0,0,0,0,0,0,0,0
50723280,11909,0,2,0,0,0,0,0,0,0,0,0
50726924,11910,0,2,0,0,0,0,0,0,0,0,0
50730569,11911,0,2,0,0,0,0,0,0,0,0,0
50734212,11912,0,2,0,0,0,0,0,0,0,0,0
50737856,11913,0,2,0,0,0,0,0,0,0,0,0
50741500,11914,0,2,0,0,0,0,0,0,0,0,0
50745144,11915,0,2,0,0,0,0,0,0,0,0,0
50748788,11916,0,2,0,0,0,0,0,0,0,0,0
50752432,11917,0,2,0,0,0,0,0,0,0,0,0
50756076,11918,0,2,0,0,0,0,0,0,0,0,0
50759720,11919,0,2,0,0,0,0,0,0,0,0,0
50763364,11920,0,2,0,0,0,0,0,0,0,0,0
50767009,11921,0,2,0,0,0,0,0,0,0,0,0
50770652,11922,0,2,0,0,0,0,0,0,0,0,0
50774296,11923,0,2,0,0,0,0,0,0,0,0,0
50777940,11924,0,2,0,0,0,0,0,0,0,0,0
50781584,11925,0,2,0,0,0,0,0,0,0,0,0
50785228,11926,0,2,0,0,0,0,0,0,0,0,0
50788872,11927,0,2,0,0,0,0,0,0,0,0,0
50792516,11928,0,2,0,0,0,0,0,0,0,0,0
50796160,11929,0,2,0,0,0,0,0,0,0,0,0
50799804,11930,0,2,0,0,0,0,0,0,0,0,0
50803449,11931,0,2,0,0,0,0,0,0,0,0,0
50807093,11932,0,2,0,0,0,0,0,0,0,0,0
50810736,11933,0,2,0,0,0,0,0,0,0,0,0
50814380,11934,0,2,0,0,0,0,0,0,0,0,0
50818024,11935,0,2,0,0,0,0,0,0,0,0,0
50821668,11936,0,2,0,0,0,0,0,0,0,0,0
50825312,11937,0,2,0,0,0,0,0,0,0,0,0
50828956,11938,0,2,0,0,0,0,0,0,0,0,0
50832600,11939,0,2,0,0,0,0,0,0,0,0,0
50836244,11940,0,2,0,0,0,0,0,0,0,0,0
50839889,11941,0,2,0,0,0,0,0,0,0,0,0
50843532,11942,0,2,0,0,0,0,0,0,0,0,0
50847176,11943,0,2,0,0,0,0,0,0,0,0,0
50850820,11944,0,2,0,0,0,0,0,0,0,0,0
50854464,11945,0,2,0,0,0,0,0,0,0,0,0
50858108,11946,0,2,0,0,0,0,0,0,0,0,0
50861752,11947,0,2,0,0,0,0,0,0,0,0,0
50865396,11948,0,2,0,0,0,0,0,0,0,0,0
50869040,11949,0,2,0,0,0,0,0,0,0,0,0
50872684,11950,0,2,0,0,0,0,0,0,0,0,0
50876329,11951,0,2,0,0,0,0,0,0,0,0,0
50879972,11952,0,2,0,0,0,0,0,0,0,0,0
50883616,11953,0,2,0,0,0,0,0,0,0,0,0
50887260,11954,0,2,0,0,0,0,0,0,0,0,0
50890904,11955,0,2,0,0,0,0,0,0,0,0,0
50894548,11956,0,2,0,0,0,0,0,0,0,0,0
50898192,11957,0,2,0,0,0,0,0,0,0,0,0
50901836,11958,0,2,0,0,0,0,0,0,0,0,0
50905480,11959,0,2,0,0,0,0,0,0,0,0,0
50909124,11960,0,2,0,0,0,0,0,0,0,0,0
50912769,11961,0,2,0,0,0,0,0,0,0,0,0
50916412,11962,0,2,0,0,0,0,0,0,0,0,0
50920057,11963,0,2,0,0,0,0,0,0,0,0,0
50923700,11964,0,2,0,0,0,0,0,0,0,0,0
50927344,11965,0,2,0,0,0,0,0,0,0,0,0
50930988,11966,0,2,0,0,0,0,0,0,0,0,0
50934632,11967,0,2,0,0,0,0,0,0,0,0,0
50938276,11968,0,2,0,0,0,0,0,0,0,0,0
50941920,11969,0,2,0,0,0,0,0,0,0,0,0
50945564,11970,0,2,0,0,0,0,0,0,0,0,0
50949209,11971,0,2,0,0,0,0,0,0,0,0,0
50952852,11972,0,2,0,0,0,0,0,0,0,0,0
50956496,11973,0,2,0,0,0,0,0,0,0,0,0
50960140,11974,0,2,0,0,0,0,0,0,0,0,0
50963784,11975,0,2,0,0,0,0,0,0,0,0,0
50967428,11976,0,2,0,0,0,0,0,0,0,0,0
50971072,11977,0,2,0,0,0,0,0,0,0,0,0
50974716,11978,0,2,0,0,0,0,0,0,0,0,0
50978360,11979,0,2,0,0,0,0,0,0,0,0,0
50982004,11980,0,2,0,0,0,0,0,0,0,0,0
50985649,11981,0,2,0,0,0,0,0,0,0,0,0
50989292,11982,0,2,0,0,0,0,0,0,0,0,0
50992936,11983,0,2,0,0,0,0,0,0,0,0,0
50996580,11984,0,2,0,0,0,0,0,0,0,0,0
51000224,11985,0,2,0,0,0,0,0,0,0,0,0
51003868,11986,0,2,0,0,0,0,0,0,0,0,0
51007512,11987,0,2,0,0,0,0,0,0,0,0,0
51011156,11988,0,2,0,0,0,0,0,0,0,0,0
51014800,11989,0,2,0,0,0,0,0,0,0,0,0
51018444,11990,0,2,0,0,0,0,0,0,0,0,0
51022089,11991,0,2,0,0,0,0,0,0,0,0,0
51025732,11992,0,2,0,0,0,0,0,0,0,0,0
51029376,11993,0,2,0,0,0,0,0,0,0,0,0
51033020,11994,0,2,0,0,0,0,0,0,0,0,0
51036664,11995,0,2,0,0,0,0,0,0,0,0,0
51040308,11996,0,2,0,0,0,0,0,0,0,0,0
51043952,11997,0,2,0,0,0,0,0,0,0,0,0
51047596,11998,0,2,0,0,0,0,0,0,0,0,0
51051240,11999,0,2,0,0,0,0,0,0,0,0,0
51054884,12000,0,2,0,0,0,0,0,0,0,0,0
51058529,12001,0,2,0,0,0,0,0,0,0,0,0
51062172,12002,0,2,0,0,0,0,0,0,0,0,0
51065816,12003,0,2,0,0,0,0,0,0,0,0,0
51069460,12004,0,2,0,0,0,0,0,0,0,0,0
51073104,12005,0,2,0,0,0,0,0,0,0,0,0
51076748,12006,0,2,0,0,0,0,0,0,0,0,0
51080392,12007,0,2,0,0,0,0,0,0,0,0,0
51084036,12008,0,2,0,0,0,0,0,0,0,0,0
51087680,12009,0,2,0,0,0,0,0,0,0,0,0
51091324,12010,0,2,0,0,0,0,0,0,0,0,0
51094969,12011,0,2,0,0,0,0,0,0,0,0,0
51098612,12012,0,2,0,0,0,0,0,0,0,0,0
51102256,12013,0,2,0,0,0,0,0,0,0,0,0
51105900,12014,0,2,0,0,0,0,0,0,0,0,0
51109544,12015,0,2,0,0,0,0,0,0,0,0,0
51113188,12016,0,2,0,0,0,0,0,0,0,0,0
51116832,12017,0,2,0,0,0,0,0,0,0,0,0
51120476,12018,0,2,0,0,0,0,0,0,0,0,0
51124120,12019,0,2,0,0,0,0,0,0,0,0,0
51127764,12020,0,2,0,0,0,0,0,0,0,0,0
51131409,12021,0,2,0,0,0,0,0,0,0,0,0
51135052,12022,0,2,0,0,0,0,0,0,0,0,0
51138696,12023,0,2,0,0,0,0,0,0,0,0,0
51142340,12024,0,2,0,0,0,0,0,0,0,0,0
51145984,12025,0,2,0,0,0,0,0,0,0,0,0
51149628,12026,0,2,0,0,0,0,0,0,0,0,0
51153272,12027,0,2,0,0,0,0,0,0,0,0,0
51156916,12028,0,2,0,0,0,0,0,0,0,0,0
51160560,12029,0,2,0,0,0,0,0,0,0,0,0
51164204,12030,0,2,0,0,0,0,0,0,0,0,0
51167849,12031,0,2,0,0,0,0,0,0,0,0,0
51176507,12032,0,2,0,0,0,0,0,0,0,0,0
51180139,12033,0,2,0,0,0,0,0,0,0,0,0
51183783,12034,0,2,0,0,0,0,0,0,0,0,0
51187427,12035,0,2,0,0,0,0,0,0,0,0,0
51191071,12036,0,2,0,0,0,0,0,0,0,0,0
51194715,12037,0,2,0,0,0,0,0,0,0,0,0
51198359,12038,0,2,0,0,0,0,0,0,0,0,0
51202003,12039,0,2,0,0,0,0,0,0,0,0,0
51205647,12040,0,2,0,0,0,0,0,0,0,0,0
51209292,12041,0,2,0,0,0,0,0,0,0,0,0
51212935,12042,0,2,0,0,0,0,0,0,0,0,0
51216579,12043,0,2,0,0,0,0,0,0,0,0,0
51220223,12044,0,2,0,0,0,0,0,0,0,0,0
51223867,12045,0,2,0,0,0,0,0,0,0,0,0
51227511,12046,0,2,0,0,0,0,0,0,0,0,0
51231155,12047,0,2,0,0,0,0,0,0,0,0,0
51234799,12048,0,2,0,0,0,0,0,0,0,0,0
51238443,12049,0,2,0,0,0,0,0,0,0,0,0
51242087,12050,0,2,0,0,0,0,0,0,0,0,0
51245732,12051,0,2,0,0,0,0,0,0,0,0,0
51249375,12052,0,2,0,0,0,0,0,0,0,0,0
51253019,12053,0,2,0,0,0,0,0,0,0,0,0
51256663,12054,0,2,0,0,0,0,0,0,0,0,0
51260307,12055,0,2,0,0,0,0,0,0,0,0,0
51263951,12056,0,2,0,0,0,0,0,0,0,0,0
51267595,12057,0,2,0,0,0,0,0,0,0,0,0
51271239,12058,0,2,0,0,0,0,0,0,0,0,0
51274883,12059,0,2,0,0,0,0,0,0,0,0,0
51278527,12060,0,2,0,0,0,0,0,0,0,0,0
51282172,12061,0,2,0,0,0,0,0,0,0,0,0
51285815,12062,0,2,0,0,0,0,0,0,0,0,0
51289459,12063,0,2,0,0,0,0,0,0,0,0,0
51293103,12064,0,2,0,0,0,0,0,0,0,0,0
51296747,12065,0,2,0,0,0,0,0,0,0,0,0
51300391,12066,0,2,0,0,0,0,0,0,0,0,0
51304035,12067,0,2,0,0,0,0,0,0,0,0,0
51307679,12068,0,2,0,0,0,0,0,0,0,0,0
51311323,12069,0,2,0,0,0,0,0,0,0,0,0
51314967,12070,0,2,0,0,0,0,0,0,0,0,0
51318612,12071,0,2,0,0,0,0,0,0,0,0,0
51322255,12072,0,2,0,0,0,0,0,0,0,0,0
51325899,12073,0,2,0,0,0,0,0,0,0,0,0
51329543,12074,0,2,0,0,0,0,0,0,0,0,0
51333187,12075,0,2,0,0,0,0,0,0,0,0,0
51336831,12076,0,2,0,0,0,0,0,0,0,0,0
51340475,12077,0,2,0,0,0,0,0,0,0,0,0
51344119,12078,0,2,0,0,0,0,0,0,0,0,0
51347763,12079,0,2,0,0,0,0,0,0,0,0,0
51351407,12080,0,2,0,0,0,0,0,0,0,0,0
51355052,12081,0,2,0,0,0,0,0,0,0,0,0
51358695,12082,0,2,0,0,0,0,0,0,0,0,0
51362339,12083,0,2,0,0,0,0,0,0,0,0,0
51365983,12084,0,2,0,0,0,0,0,0,0,0,0
51369627,12085,0,2,0,0,0,0,0,0,0,0,0
51373271,12086,0,2,0,0,0,0,0,0,0,0,0
51376915,12087,0,2,0,0,0,0,0,0,0,0,0
51380559,12088,0,2,0,0,0,0,0,0,0,0,0
51384203,12089,0,2,0,0,0,0,0,0,0,0,0
51387847,12090,0,2,0,0,0,0,0,0,0,0,0
51391492,12091,0,2,0,0,0,0,0,0,0,0,0
51395135,12092,0,2,0,0,0,0,0,0,0,0,0
51398779,12093,0,2,0,0,0,0,0,0,0,0,0
51402423,12094,0,2,0,0,0,0,0,0,0,0,0
51406067,12095,0,2,0,0,0,0,0,0,0,0,0
51409711,12096,0,2,0,0,0,0,0,0,0,0,0
51413355,12097,0,2,0,0,0,0,0,0,0,0,0
51416999,12098,0,2,0,0,0,0,0,0,0,0,0
51420643,12099,0,2,0,0,0,0,0,0,0,0,0
51424287,12100,0,2,0,0,0,0,0,0,0,0,0
51427932,12101,0,2,0,0,0,0,0,0,0,0,0
51431575,12102,0,2,0,0,0,0,0,0,0,0,0
51435219,12103,0,2,0,0,0,0,0,0,0,0,0
51438863,12104,0,2,0,0,0,0,0,0,0,0,0
51442507,12105,0,2,0,0,0,0,0,0,0,0,0
51446151,12106,0,2,0,0,0,0,0,0,0,0,0
51449795,12107,0,2,0,0,0,0,0,0,0,0,0
51453439,12108,0,2,0,0,0,0,0,0,0,0,0
51457083,12109,0,2,0,0,0,0,0,0,0,0,0
51460727,12110,0,2,0,0,0,0,0,0,0,0,0
51464372,12111,0,2,0,0,0,0,0,0,0,0,0
51468015,12112,0,2,0,0,0,0,0,0,0,0,0
51471659,12113,0,2,0,0,0,0,0,0,0,0,0
51475303,12114,0,2,0,0,0,0,0,0,0,0,0
51478947,12115,0,2,0,0,0,0,0,0,0,0,0
51482591,12116,0,2,0,0,0,0,0,0,0,0,0
51486235,12117,0,2,0,0,0,0,0,0,0,0,0
51489879,12118,0,2,0,0,0,0,0,0,0,0,0
51493523,12119,0,2,0,0,0,0,0,0,0,0,0
51497167,12120,0,2,0,0,0,0,0,0,0,0,0
51500812,12121,0,2,0,0,0,0,0,0,0,0,0
51504455,12122,0,2,0,0,0,0,0,0,0,0,0
51508099,12123,0,2,0,0,0,0,0,0,0,0,0
51511743,12124,0,2,0,0,0,0,0,0,0,0,0
51515387,12125,0,2,0,0,0,0,0,0,0,0,0
51519031,12126,0,2,0,0,0,0,0,0,0,0,0
51522675,12127,0,2,0,0,0,0,0,0,0,0,0
51526319,12128,0,2,0,0,0,0,0,0,0,0,0
51529963,12129,0,2,0,0,0,0,0,0,0,0,0
51533607,12130,0,2,0,0,0,0,0,0,0,0,0
51537252,12131,0,2,0,0,0,0,0,0,0,0,0
51540895,12132,0,2,0,0,0,0,0,0,0,0,0
51544539,12133,0,2,0,0,0,0,0,0,0,0,0
51548183,12134,0,2,0,0,0,0,0,0,0,0,0
51551827,12135,0,2,0,0,0,0,0,0,0,0,0
51555471,12136,0,2,0,0,0,0,0,0,0,0,0
51559115,12137,0,2,0,0,0,0,0,0,0,0,0
51562759,12138,0,2,0,0,0,0,0,0,0,0,0
51566403,12139,0,2,0,0,0,0,0,0,0,0,0
51570047,12140,0,2,0,0,0,0,0,0,0,0,0
51573692,12141,0,2,0,0,0,0,0,0,0,0,0
51577335,12142,0,2,0,0,0,0,0,0,0,0,0
51580979,12143,0,2,0,0,0,0,0,0,0,0,0
51584623,12144,0,2,0,0,0,0,0,0,0,0,0
51588267,12145,0,2,0,0,0,0,0,0,0,0,0
51591911,12146,0,2,0,0,0,0,0,0,0,0,0
51595555,12147,0,2,0,0,0,0,0,0,0,0,0
51599199,12148,0,2,0,0,0,0,0,0,0,0,0
51602843,12149,0,2,0,0,0,0,0,0,0,0,0
51606487,12150,0,2,0,0,0,0,0,0,0,0,0
51610132,12151,0,2,0,0,0,0,0,0,0,0,0
51613775,12152,0,2,0,0,0,0,0,0,0,0,0
51617419,12153,0,2,0,0,0,0,0,0,0,0,0
51621063,12154,0,2,0,0,0,0,0,0,0,0,0
51624707,12155,0,2,0,0,0,0,0,0,0,0,0
51628351,12156,0,2,0,0,0,0,0,0,0,0,0
51631995,12157,0,2,0,0,0,0,0,0,0,0,0
51635639,12158,0,2,0,0,0,0,0,0,0,0,0
51639283,12159,0,2,0,0,0,0,0,0,0,0,0
51642927,12160,0,2,0,0,0,0,0,0,0,0,0
51646572,12161,0,2,0,0,0,0,0,0,0,0,0
51650215,12162,0,2,0,0,0,0,0,0,0,0,0
51653859,12163,0,2,0,0,0,0,0,0,0,0,0
51657503,12164,0,2,0,0,0,0,0,0,0,0,0
51661147,12165,0,2,0,0,0,0,0,0,0,0,0
51664791,12166,0,2,0,0,0,0,0,0,0,0,0
51668435,12167,0,2,0,0,0,0,0,0,0,0,0
51672079,12168,0,2,0,0,0,0,0,0,0,0,0
51675723,12169,0,2,0,0,0,0,0,0,0,0,0
51679367,12170,0,2,0,0,0,0,0,0,0,0,0
51683012,12171,0,2,0,0,0,0,0,0,0,0,0
51686655,12172,0,2,0,0,0,0,0,0,0,0,0
51690299,12173,0,2,0,0,0,0,0,0,0,0,0
51693943,12174,0,2,0,0,0,0,0,0,0,0,0
51697587,12175,0,2,0,0,0,0,0,0,0,0,0
51701231,12176,0,2,0,0,0,0,0,0,0,0,0
51704875,12177,0,2,0,0,0,0,0,0,0,0,0
51708519,12178,0,2,0,0,0,0,0,0,0,0,0
51712163,12179,0,2,0,0,0,0,0,0,0,0,0
51715807,12180,0,2,0,0,0,0,0,0,0,0,0
51719452,12181,0,2,0,0,0,0,0,0,0,0,0
51723096,12182,0,2,0,0,0,0,0,0,0,0,0
51726739,12183,0,2,0,0,0,0,0,0,0,0,0
51730383,12184,0,2,0,0,0,0,0,0,0,0,0
51734027,12185,0,2,0,0,0,0,0,0,0,0,0
51737671,12186,0,2,0,0,0,0,0,0,0,0,0
51741315,12187,0,2,0,0,0,0,0,0,0,0,0
51744959,12188,0,2,0,0,0,0,0,0,0,0,0
51748603,12189,0,2,0,0,0,0,0,0,0,0,0
51752247,12190,0,2,0,0,0,0,0,0,0,0,0
51755892,12191,0,2,0,0,0,0,0,0,0,0,0
51759535,12192,0,2,0,0,0,0,0,0,0,0,0
51763179,12193,0,2,0,0,0,0,0,0,0,0,0
51766823,12194,0,2,0,0,0,0,0,0,0,0,0
51770467,12195,0,2,0,0,0,0,0,0,0,0,0
51774111,12196,0,2,0,0,0,0,0,0,0,0,0
51777755,12197,0,2,0,0,0,0,0,0,0,0,0
51781399,12198,0,2,0,0,0,0,0,0,0,0,0
51785043,12199,0,2,0,0,0,0,0,0,0,0,0
51788687,12200,0,2,0,0,0,0,0,0,0,0,0
51792332,12201,0,2,0,0,0,0,0,0,0,0,0
51795975,12202,0,2,0,0,0,0,0,0,0,0,0
51799619,12203,0,2,0,0,0,0,0,0,0,0,0
51803263,12204,0,2,0,0,0,0,0,0,0,0,0
51806907,12205,0,2,0,0,0,0,0,0,0,0,0
51810551,12206,0,2,0,0,0,0,0,0,0,0,0
51814195,12207,0,2,0,0,0,0,0,0,0,0,0
51817839,12208,0,2,0,0,0,0,0,0,0,0,0
51821483,12209,0,2,0,0,0,0,0,0,0,0,0
51825127,12210,0,2,0,0,0,0,0,0,0,0,0
51828772,12211,0,2,0,0,0,0,0,0,0,0,0
51832415,12212,0,2,0,0,0,0,0,0,0,0,0
51836059,12213,0,2,0,0,0,0,0,0,0,0,0
51839703,12214,0,2,0,0,0,0,0,0,0,0,0
51843347,12215,0,2,0,0,0,0,0,0,0,0,0
51846991,12216,0,2,0,0,0,0,0,0,0,0,0
51850635,12217,0,2,0,0,0,0,0,0,0,0,0
51854279,12218,0,2,0,0,0,0,0,0,0,0,0
51857923,12219,0,2,0,0,0,0,0,0,0,0,0
51861567,12220,0,2,0,0,0,0,0,0,0,0,0
51865212,12221,0,2,0,0,0,0,0,0,0,0,0
51868855,12222,0,2,0,0,0,0,0,0,0,0,0
51872499,12223,0,2,0,0,0,0,0,0,0,0,0
51876143,12224,0,2,0,0,0,0,0,0,0,0,0
51879787,12225,0,2,0,0,0,0,0,0,0,0,0
51883431,12226,0,2,0,0,0,0,0,0,0,0,0
51887076,12227,0,2,0,0,0,0,0,0,0,0,0
51890719,12228,0,2,0,0,0,0,0,0,0,0,0
51894363,12229,0,2,0,0,0,0,0,0,0,0,0
51898007,12230,0,2,0,0,0,0,0,0,0,0,0
51901652,12231,0,2,0,0,0,0,0,0,0,0,0
51905295,12232,0,2,0,0,0,0,0,0,0,0,0
51908939,12233,0,2,0,0,0,0,0,0,0,0,0
51912583,12234,0,2,0,0,0,0,0,0,0,0,0
51916227,12235,0,2,0,0,0,0,0,0,0,0,0
51919871,12236,0,2,0,0,0,0,0,0,0,0,0
51923515,12237,0,2,0,0,0,0,0,0,0,0,0
51927159,12238,0,2,0,0,0,0,0,0,0,0,0
51930803,12239,0,2,0,0,0,0,0,0,0,0,0
51934447,12240,0,2,0,0,0,0,0,0,0,0,0
51938092,12241,0,2,0,0,0,0,0,0,0,0,0
51941735,12242,0,2,0,0,0,0,0,0,0,0,0
51945379,12243,0,2,0,0,0,0,0,0,0,0,0
51949024,12244,0,2,0,0,0,0,0,0,0,0,0
51952667,12245,0,2,0,0,0,0,0,0,0,0,0
51956311,12246,0,2,0,0,0,0,0,0,0,0,0
51959955,12247,0,2,0,0,0,0,0,0,0,0,0
51963599,12248,0,2,0,0,0,0,0,0,0,0,0
51967243,12249,0,2,0,0,0,0,0,0,0,0,0
51970887,12250,0,2,0,0,0,0,0,0,0,0,0
51974532,12251,0,2,0,0,0,0,0,0,0,0,0
51978175,12252,0,2,0,0,0,0,0,0,0,0,0
51981819,12253,0,2,0,0,0,0,0,0,0,0,0
51985463,12254,0,2,0,0,0,0,0,0,0,0,0
51989107,12255,0,2,0,0,0,0,0,0,0,0,0
51992751,12256,0,2,0,0,0,0,0,0,0,0,0
51996395,12257,0,2,0,0,0,0,0,0,0,0,0
52000039,12258,0,2,0,0,0,0,0,0,0,0,0
52010565,12259,0,2,0,0,0,0,0,0,0,0,0
52014197,12260,0,2,0,0,0,0,0,0,0,0,0
52017842,12261,0,2,0,0,0,0,0,0,0,0,0
52021485,12262,0,2,0,0,0,0,0,0,0,0,0
52025129,12263,0,2,0,0,0,0,0,0,0,0,0
52028773,12264,0,2,0,0,0,0,0,0,0,0,0
52032417,12265,0,2,0,0,0,0,0,0,0,0,0
52036061,12266,0,2,0,0,0,0,0,0,0,0,0
52039705,12267,0,2,0,0,0,0,0,0,0,0,0
52043349,12268,0,2,0,0,0,0,0,0,0,0,0
52046993,12269,0,2,0,0,0,0,0,0,0,0,0
52050637,12270,0,2,0,0,0,0,0,0,0,0,0
52054282,12271,0,2,0,0,0,0,0,0,0,0,0
52057925,12272,0,2,0,0,0,0,0,0,0,0,0
52061569,12273,0,2,0,0,0,0,0,0,0,0,0
52065213,12274,0,2,0,0,0,0,0,0,0,0,0
52068857,12275,0,2,0,0,0,0,0,0,0,0,0
52072501,12276,0,2,0,0,0,0,0,0,0,0,0
52076145,12277,0,2,0,0,0,0,0,0,0,0,0
52079789,12278,0,2,0,0,0,0,0,0,0,0,0
52083433,12279,0,2,0,0,0,0,0,0,0,0,0
52087077,12280,0,2,0,0,0,0,0,0,0,0,0
52090722,12281,0,2,0,0,0,0,0,0,0,0,0
52094365,12282,0,2,0,0,0,0,0,0,0,0,0
52098009,12283,0,2,0,0,0,0,0,0,0,0,0
52101653,12284,0,2,0,0,0,0,0,0,0,0,0
52105297,12285,0,2,0,0,0,0,0,0,0,0,0
52108941,12286,0,2,0,0,0,0,0,0,0,0,0
52112585,12287,0,2,0,0,0,0,0,0,0,0,0
52116229,12288,0,2,0,0,0,0,0,0,0,0,0
52119873,12289,0,2,0,0,0,0,0,0,0,0,0
52123517,12290,0,2,0,0,0,0,0,0,0,0,0
52127162,12291,0,2,0,0,0,0,0,0,0,0,0
52130805,12292,0,2,0,0,0,0,0,0,0,0,0
52134449,12293,0,2,0,0,0,0,0,0,0,0,0
52138093,12294,0,2,0,0,0,0,0,0,0,0,0
52141737,12295,0,2,0,0,0,0,0,0,0,0,0
52145381,12296,0,2,0,0,0,0,0,0,0,0,0
52149025,12297,0,2,0,0,0,0,0,0,0,0,0
52152669,12298,0,2,0,0,0,0,0,0,0,0,0
52156313,12299,0,2,0,0,0,0,0,0,0,0,0
52159957,12300,0,2,0,0,0,0,0,0,0,0,0
52163602,12301,0,2,0,0,0,0,0,0,0,0,0
52167245,12302,0,2,0,0,0,0,0,0,0,0,0
52170889,12303,0,2,0,0,0,0,0,0,0,0,0
52174533,12304,0,2,0,0,0,0,0,0,0,0,0
52178177,12305,0,2,0,0,0,0,0,0,0,0,0
52181821,12306,0,2,0,0,0,0,0,0,0,0,0
52185465,12307,0,2,0,0,0,0,0,0,0,0,0
52189109,12308,0,2,0,0,0,0,0,0,0,0,0
52192753,12309,0,2,0,0,0,0,0,0,0,0,0
52196397,12310,0,2,0,0,0,0,0,0,0,0,0
52200042,12311,0,2,0,0,0,0,0,0,0,0,0
52203685,12312,0,2,0,0,0,0,0,0,0,0,0
52207329,12313,0,2,0,0,0,0,0,0,0,0,0
52210973,12314,0,2,0,0,0,0,0,0,0,0,0
52214617,12315,0,2,0,0,0,0,0,0,0,0,0
52218261,12316,0,2,0,0,0,0,0,0,0,0,0
52221905,12317,0,2,0,0,0,0,0,0,0,0,0
52225549,12318,0,2,0,0,0,0,0,0,0,0,0
52229193,12319,0,2,0,0,0,0,0,0,0,0,0
52232837,12320,0,2,0,0,0,0,0,0,0,0,0
52236482,12321,0,2,0,0,0,0,0,0,0,0,0
52240125,12322,0,2,0,0,0,0,0,0,0,0,0
52243769,12323,0,2,0,0,0,0,0,0,0,0,0
52247413,12324,0,2,0,0,0,0,0,0,0,0,0
52251057,12325,0,2,0,0,0,0,0,0,0,0,0
52254701,12326,0,2,0,0,0,0,0,0,0,0,0
52258345,12327,0,2,0,0,0,0,0,0,0,0,0
52261989,12328,0,2,0,0,0,0,0,0,0,0,0
52265633,12329,0,2,0,0,0,0,0,0,0,0,0
52269277,12330,0,2,0,0,0,0,0,0,0,0,0
52272922,12331,0,2,0,0,0,0,0,0,0,0,0
52276565,12332,0,2,0,0,0,0,0,0,0,0,0
52280209,12333,0,2,0,0,0,0,0,0,0,0,0
52283853,12334,0,2,0,0,0,0,0,0,0,0,0
52287497,12335,0,2,0,0,0,0,0,0,0,0,0
52291141,12336,0,2,0,0,0,0,0,0,0,0,0
52294785,12337,0,2,0,0,0,0,0,0,0,0,0
52298429,12338,0,2,0,0,0,0,0,0,0,0,0
52302073,12339,0,2,0,0,0,0,0,0,0,0,0
52305717,12340,0,2,0,0,0,0,0,0,0,0,0
52309362,12341,0,2,0,0,0,0,0,0,0,0,0
52313005,12342,0,2,0,0,0,0,0,0,0,0,0
52316649,12343,0,2,0,0,0,0,0,0,0,0,0
52320293,12344,0,2,0,0,0,0,0,0,0,0,0
52323937,12345,0,2,0,0,0,0,0,0,0,0,0
52327581,12346,0,2,0,0,0,0,0,0,0,0,0
52331225,12347,0,2,0,0,0,0,0,0,0,0,0
52334869,12348,0,2,0,0,0,0,0,0,0,0,0
52338513,12349,0,2,0,0,0,0,0,0,0,0,0
52342157,12350,0,2,0,0,0,0,0,0,0,0,0
52345802,12351,0,2,0,0,0,0,0,0,0,0,0
52349445,12352,0,2,0,0,0,0,0,0,0,0,0
52353089,12353,0,2,0,0,0,0,0,0,0,0,0
52356733,12354,0,2,0,0,0,0,0,0,0,0,0
52360377,12355,0,2,0,0,0,0,0,0,0,0,0
52364021,12356,0,2,0,0,0,0,0,0,0,0,0
52367665,12357,0,2,0,0,0,0,0,0,0,0,0
52371309,12358,0,2,0,0,0,0,0,0,0,0,0
52374953,12359,0,2,0,0,0,0,0,0,0,0,0
52378597,12360,0,2,0,0,0,0,0,0,0,0,0
52382242,12361,0,2,0,0,0,0,0,0,0,0,0
52385885,12362,0,2,0,0,0,0,0,0,0,0,0
52389529,12363,0,2,0,0,0,0,0,0,0,0,0
52393173,12364,0,2,0,0,0,0,0,0,0,0,0
52396817,12365,0,2,0,0,0,0,0,0,0,0,0
52400461,12366,0,2,0,0,0,0,0,0,0,0,0
52404105,12367,0,2,0,0,0,0,0,0,0,0,0
52407749,12368,0,2,0,0,0,0,0,0,0,0,0
52411393,12369,0,2,0,0,0,0,0,0,0,0,0
52415037,12370,0,2,0,0,0,0,0,0,0,0,0
52418682,12371,0,2,0,0,0,0,0,0,0,0,0
52422325,12372,0,2,0,0,0,0,0,0,0,0,0
52425969,12373,0,2,0,0,0,0,0,0,0,0,0
52429613,12374,0,2,0,0,0,0,0,0,0,0,0
52433257,12375,0,2,0,0,0,0,0,0,0,0,0
52436901,12376,0,2,0,0,0,0,0,0,0,0,0
52440545,12377,0,2,0,0,0,0,0,0,0,0,0
52444189,12378,0,2,0,0,0,0,0,0,0,0,0
52447833,12379,0,2,0,0,0,0,0,0,0,0,0
52451477,12380,0,2,0,0,0,0,0,0,0,0,0
52455122,12381,0,2,0,0,0,0,0,0,0,0,0
52458765,12382,0,2,0,0,0,0,0,0,0,0,0
52462409,12383,0,2,0,0,0,0,0,0,0,0,0
52466053,12384,0,2,0,0,0,0,0,0,0,0,0
52469697,12385,0,2,0,0,0,0,0,0,0,0,0
52473341,12386,0,2,0,0,0,0,0,0,0,0,0
52476985,12387,0,2,0,0,0,0,0,0,0,0,0
52480629,12388,0,2,0,0,0,0,0,0,0,0,0
52484273,12389,0,2,0,0,0,0,0,0,0,0,0
52487917,12390,0,2,0,0,0,0,0,0,0,0,0
52491562,12391,0,2,0,0,0,0,0,0,0,0,0
52495205,12392,0,2,0,0,0,0,0,0,0,0,0
52498849,12393,0,2,0,0,0,0,0,0,0,0,0
52502493,12394,0,2,0,0,0,0,0,0,0,0,0
52506137,12395,0,2,0,0,0,0,0,0,0,0,0
52509781,12396,0,2,0,0,0,0,0,0,0,0,0
52513425,12397,0,2,0,0,0,0,0,0,0,0,0
52517069,12398,0,2,0,0,0,0,0,0,0,0,0
52520713,12399,0,2,0,0,0,0,0,0,0,0,0
52524357,12400,0,2,0,0,0,0,0,0,0,0,0
52528002,12401,0,2,0,0,0,0,0,0,0,0,0
52531645,12402,0,2,0,0,0,0,0,0,0,0,0
52535289,12403,0,2,0,0,0,0,0,0,0,0,0
52538933,12404,0,2,0,0,0,0,0,0,0,0,0
52542577,12405,0,2,0,0,0,0,0,0,0,0,0
52546221,12406,0,2,0,0,0,0,0,0,0,0,0
52549865,12407,0,2,0,0,0,0,0,0,0,0,0
52553509,12408,0,2,0,0,0,0,0,0,0,0,0
52557153,12409,0,2,0,0,0,0,0,0,0,0,0
52560797,12410,0,2,0,0,0,0,0,0,0,0,0
52564442,12411,0,2,0,0,0,0,0,0,0,0,0
52568086,12412,0,2,0,0,0,0,0,0,0,0,0
52571729,12413,0,2,0,0,0,0,0,0,0,0,0
52575373,12414,0,2,0,0,0,0,0,0,0,0,0
52579017,12415,0,2,0,0,0,0,0,0,0,0,0
52582661,12416,0,2,0,0,0,0,0,0,0,0,0
52586305,12417,0,2,0,0,0,0,0,0,0,0,0
52589949,12418,0,2,0,0,0,0,0,0,0,0,0
52593593,12419,0,2,0,0,0,0,0,0,0,0,0
52597237,12420,0,2,0,0,0,0,0,0,0,0,0
52600882,12421,0,2,0,0,0,0,0,0,0,0,0
52604525,12422,0,2,0,0,0,0,0,0,0,0,0
52608169,12423,0,2,0,0,0,0,0,0,0,0,0
52611813,12424,0,2,0,0,0,0,0,0,0,0,0
52615457,12425,0,2,0,0,0,0,0,0,0,0,0
52619101,12426,0,2,0,0,0,0,0,0,0,0,0
52622745,12427,0,2,0,0,0,0,0,0,0,0,0
52626389,12428,0,2,0,0,0,0,0,0,0,0,0
52630033,12429,0,2,0,0,0,0,0,0,0,0,0
52633677,12430,0,2,0,0,0,0,0,0,0,0,0
52637322,12431,0,2,0,0,0,0,0,0,0,0,0
52640965,12432,0,2,0,0,0,0,0,0,0,0,0
52644609,12433,0,2,0,0,0,0,0,0,0,0,0
52648253,12434,0,2,0,0,0,0,0,0,0,0,0
52651897,12435,0,2,0,0,0,0,0,0,0,0,0
52655541,12436,0,2,0,0,0,0,0,0,0,0,0
52659185,12437,0,2,0,0,0,0,0,0,0,0,0
52662829,12438,0,2,0,0,0,0,0,0,0,0,0
52666473,12439,0,2,0,0,0,0,0,0,0,0,0
52670118,12440,0,2,0,0,0,0,0,0,0,0,0
52673762,12441,0,2,0,0,0,0,0,0,0,0,0
52677405,12442,0,2,0,0,0,0,0,0,0,0,0
52681049,12443,0,2,0,0,0,0,0,0,0,0,0
52684693,12444,0,2,0,0,0,0,0,0,0,0,0
52688337,12445,0,2,0,0,0,0,0,0,0,0,0
52691981,12446,0,2,0,0,0,0,0,0,0,0,0
52695625,12447,0,2,0,0,0,0,0,0,0,0,0
52699269,12448,0,2,0,0,0,0,0,0,0,0,0
52702913,12449,0,2,0,0,0,0,0,0,0,0,0
52706557,12450,0,2,0,0,0,0,0,0,0,0,0
52710202,12451,0,2,0,0,0,0,0,0,0,0,0
52713845,12452,0,2,0,0,0,0,0,0,0,0,0
52717489,12453,0,2,0,0,0,0,0,0,0,0,0
52721133,12454,0,2,0,0,0,0,0,0,0,0,0
52724777,12455,0,2,0,0,0,0,0,0,0,0,0
52728421,12456,0,2,0,0,0,0,0,0,0,0,0
52732065,12457,0,2,0,0,0,0,0,0,0,0,0
52735709,12458,0,2,0,0,0,0,0,0,0,0,0
52739353,12459,0,2,0,0,0,0,0,0,0,0,0
52742997,12460,0,2,0,0,0,0,0,0,0,0,0
52746642,12461,0,2,0,0,0,0,0,0,0,0,0
52750285,12462,0,2,0,0,0,0,0,0,0,0,0
52753929,12463,0,2,0,0,0,0,0,0,0,0,0
52757573,12464,0,2,0,0,0,0,0,0,0,0,0
52761217,12465,0,2,0,0,0,0,0,0,0,0,0
52764861,12466,0,2,0,0,0,0,0,0,0,0,0
52768505,12467,0,2,0,0,0,0,0,0,0,0,0
52772149,12468,0,2,0,0,0,0,0,0,0,0,0
52775793,12469,0,2,0,0,0,0,0,0,0,0,0
52779437,12470,0,2,0,0,0,0,0,0,0,0,0
52783082,12471,0,2,0,0,0,0,0,0,0,0,0
52786725,12472,0,2,0,0,0,0,0,0,0,0,0
52790369,12473,0,2,0,0,0,0,0,0,0,0,0
52794014,12474,0,2,0,0,0,0,0,0,0,0,0
52797657,12475,0,2,0,0,0,0,0,0,0,0,0
52801301,12476,0,2,0,0,0,0,0,0,0,0,0
52804945,12477,0,2,0,0,0,0,0,0,0,0,0
52808589,12478,0,2,0,0,0,0,0,0,0,0,0
52812233,12479,0,2,0,0,0,0,0,0,0,0,0
52815877,12480,0,2,0,0,0,0,0,0,0,0,0
52819522,12481,0,2,0,0,0,0,0,0,0,0,0
52823165,12482,0,2,0,0,0,0,0,0,0,0,0
52826809,12483,0,2,0,0,0,0,0,0,0,0,0
52830453,12484,0,2,0,0,0,0,0,0,0,0,0
52834097,12485,0,2,0,0,0,0,0,0,0,0,0
52842400,12486,0,2,0,0,0,0,0,0,0,0,0
52846032,12487,0,2,0,0,0,0,0,0,0,0,0
52849675,12488,0,2,0,0,0,0,0,0,0,0,0
52853319,12489,0,2,0,0,0,0,0,0,0,0,0
52856963,12490,0,2,0,0,0,0,0,0,0,0,0
52860608,12491,0,2,0,0,0,0,0,0,0,0,0
52864251,12492,0,2,0,0,0,0,0,0,0,0,0
52867895,12493,0,2,0,0,0,0,0,0,0,0,0
52871539,12494,0,2,0,0,0,0,0,0,0,0,0
52875183,12495,0,2,0,0,0,0,0,0,0,0,0
52878827,12496,0,2,0,0,0,0,0,0,0,0,0
52882471,12497,0,2,0,0,0,0,0,0,0,0,0
52886115,12498,0,2,0,0,0,0,0,0,0,0,0
52889759,12499,0,2,0,0,0,0,0,0,0,0,0
52893403,12500,0,2,0,0,0,0,0,0,0,0,0
52897048,12501,0,2,0,0,0,0,0,0,0,0,0
52900691,12502,0,2,0,0,0,0,0,0,0,0,0
52904335,12503,0,2,0,0,0,0,0,0,0,0,0
52907979,12504,0,2,0,0,0,0,0,0,0,0,0
52911623,12505,0,2,0,0,0,0,0,0,0,0,0
52915267,12506,0,2,0,0,0,0,0,0,0,0,0
52918911,12507,0,2,0,0,0,0,0,0,0,0,0
52922555,12508,0,2,0,0,0,0,0,0,0,0,0
52926199,12509,0,2,0,0,0,0,0,0,0,0,0
52929843,12510,0,2,0,0,0,0,0,0,0,0,0
52933488,12511,0,2,0,0,0,0,0,0,0,0,0
52937131,12512,0,2,0,0,0,0,0,0,0,0,0
52940775,12513,0,2,0,0,0,0,0,0,0,0,0
52944419,12514,0,2,0,0,0,0,0,0,0,0,0
52948063,12515,0,2,0,0,0,0,0,0,0,0,0
52951707,12516,0,2,0,0,0,0,0,0,0,0,0
52955351,12517,0,2,0,0,0,0,0,0,0,0,0
52958995,12518,0,2,0,0,0,0,0,0,0,0,0
52962639,12519,0,2,0,0,0,0,0,0,0,0,0
52966283,12520,0,2,0,0,0,0,0,0,0,0,0
52969928,12521,0,2,0,0,0,0,0,0,0,0,0
52973571,12522,0,2,0,0,0,0,0,0,0,0,0
52977215,12523,0,2,0,0,0,0,0,0,0,0,0
52980859,12524,0,2,0,0,0,0,0,0,0,0,0
52984503,12525,0,2,0,0,0,0,0,0,0,0,0
52988147,12526,0,2,0,0,0,0,0,0,0,0,0
52991791,12527,0,2,0,0,0,0,0,0,0,0,0
52995435,12528,0,2,0,0,0,0,0,0,0,0,0
52999079,12529,0,2,0,0,0,0,0,0,0,0,0
53002723,12530,0,2,0,0,0,0,0,0,0,0,0
53006368,12531,0,2,0,0,0,0,0,0,0,0,0
53010011,12532,0,2,0,0,0,0,0,0,0,0,0
53013655,12533,0,2,0,0,0,0,0,0,0,0,0
53017299,12534,0,2,0,0,0,0,0,0,0,0,0
53020943,12535,0,2,0,0,0,0,0,0,0,0,0
53024587,12536,0,2,0,0,0,0,0,0,0,0,0
53028231,12537,0,2,0,0,0,0,0,0,0,0,0
53031875,12538,0,2,0,0,0,0,0,0,0,0,0
53035519,12539,0,2,0,0,0,0,0,0,0,0,0
53039163,12540,0,2,0,0,0,0,0,0,0,0,0
53042808,12541,0,2,0,0,0,0,0,0,0,0,0
53046451,12542,0,2,0,0,0,0,0,0,0,0,0
53050095,12543,0,2,0,0,0,0,0,0,0,0,0
53053739,12544,0,2,0,0,0,0,0,0,0,0,0
53057383,12545,0,2,0,0,0,0,0,0,0,0,0
53061027,12546,0,2,0,0,0,0,0,0,0,0,0
53064671,12547,0,2,0,0,0,0,0,0,0,0,0
53068315,12548,0,2,0,0,0,0,0,0,0,0,0
53071959,12549,0,2,0,0,0,0,0,0,0,0,0
53075603,12550,0,2,0,0,0,0,0,0,0,0,0
53079248,12551,0,2,0,0,0,0,0,0,0,0,0
53082891,12552,0,2,0,0,0,0,0,0,0,0,0
53086535,12553,0,2,0,0,0,0,0,0,0,0,0
53090179,12554,0,2,0,0,0,0,0,0,0,0,0
53093823,12555,0,2,0,0,0,0,0,0,0,0,0
53097467,12556,0,2,0,0,0,0,0,0,0,0,0
53101111,12557,0,2,0,0,0,0,0,0,0,0,0
53104755,12558,0,2,0,0,0,0,0,0,0,0,0
53108399,12559,0,2,0,0,0,0,0,0,0,0,0
53112043,12560,0,2,0,0,0,0,0,0,0,0,0
53115688,12561,0,2,0,0,0,0,0,0,0,0,0
53119331,12562,0,2,0,0,0,0,0,0,0,0,0
53122975,12563,0,2,0,0,0,0,0,0,0,0,0
53126619,12564,0,2,0,0,0,0,0,0,0,0,0
53130263,12565,0,2,0,0,0,0,0,0,0,0,0
53133907,12566,0,2,0,0,0,0,0,0,0,0,0
53137551,12567,0,2,0,0,0,0,0,0,0,0,0
53141195,12568,0,2,0,0,0,0,0,0,0,0,0
53144839,12569,0,2,0,0,0,0,0,0,0,0,0
53148483,12570,0,2,0,0,0,0,0,0,0,0,0
53152128,12571,0,2,0,0,0,0,0,0,0,0,0
53155771,12572,0,2,0,0,0,0,0,0,0,0,0
53159415,12573,0,2,0,0,0,0,0,0,0,0,0
53163059,12574,0,2,0,0,0,0,0,0,0,0,0
53166703,12575,0,2,0,0,0,0,0,0,0,0,0
53170347,12576,0,2,0,0,0,0,0,0,0,0,0
53173991,12577,0,2,0,0,0,0,0,0,0,0,0
53177635,12578,0,2,0,0,0,0,0,0,0,0,0
53181279,12579,0,2,0,0,0,0,0,0,0,0,0
53184923,12580,0,2,0,0,0,0,0,0,0,0,0
53188568,12581,0,2,0,0,0,0,0,0,0,0,0
53192211,12582,0,2,0,0,0,0,0,0,0,0,0
53195855,12583,0,2,0,0,0,0,0,0,0,0,0
53199499,12584,0,2,0,0,0,0,0,0,0,0,0
53203143,12585,0,2,0,0,0,0,0,0,0,0,0
53206787,12586,0,2,0,0,0,0,0,0,0,0,0
53210431,12587,0,2,0,0,0,0,0,0,0,0,0
53214076,12588,0,2,0,0,0,0,0,0,0,0,0
53217719,12589,0,2,0,0,0,0,0,0,0,0,0
53221363,12590,0,2,0,0,0,0,0,0,0,0,0
53225008,12591,0,2,0,0,0,0,0,0,0,0,0
53228651,12592,0,2,0,0,0,0,0,0,0,0,0
53232295,12593,0,2,0,0,0,0,0,0,0,0,0
53235939,12594,0,2,0,0,0,0,0,0,0,0,0
53239583,12595,0,2,0,0,0,0,0,0,0,0,0
53243227,12596,0,2,0,0,0,0,0,0,0,0,0
53246871,12597,0,2,0,0,0,0,0,0,0,0,0
53250515,12598,0,2,0,0,0,0,0,0,0,0,0
53254159,12599,0,2,0,0,0,0,0,0,0,0,0
53257803,12600,0,2,0,0,0,0,0,0,0,0,0
53261448,12601,0,2,0,0,0,0,0,0,0,0,0
53265091,12602,0,2,0,0,0,0,0,0,0,0,0
53268735,12603,0,2,0,0,0,0,0,0,0,0,0
53272379,12604,0,2,0,0,0,0,0,0,0,0,0
53276024,12605,0,2,0,0,0,0,0,0,0,0,0
53279667,12606,0,2,0,0,0,0,0,0,0,0,0
53283311,12607,0,2,0,0,0,0,0,0,0,0,0
53286955,12608,0,2,0,0,0,0,0,0,0,0,0
53290599,12609,0,2,0,0,0,0,0,0,0,0,0
53294243,12610,0,2,0,0,0,0,0,0,0,0,0
53297888,12611,0,2,0,0,0,0,0,0,0,0,0
53301531,12612,0,2,0,0,0,0,0,0,0,0,0
53305175,12613,0,2,0,0,0,0,0,0,0,0,0
53308819,12614,0,2,0,0,0,0,0,0,0,0,0
53312463,12615,0,2,0,0,0,0,0,0,0,0,0
53316107,12616,0,2,0,0,0,0,0,0,0,0,0
53319751,12617,0,2,0,0,0,0,0,0,0,0,0
53323395,12618,0,2,0,0,0,0,0,0,0,0,0
53327039,12619,0,2,0,0,0,0,0,0,0,0,0
53330683,12620,0,2,0,0,0,0,0,0,0,0,0
53334328,12621,0,2,0,0,0,0,0,0,0,0,0
53337971,12622,0,2,0,0,0,0,0,0,0,0,0
53341615,12623,0,2,0,0,0,0,0,0,0,0,0
53345259,12624,0,2,0,0,0,0,0,0,0,0,0
53348903,12625,0,2,0,0,0,0,0,0,0,0,0
53352547,12626,0,2,0,0,0,0,0,0,0,0,0
53356191,12627,0,2,0,0,0,0,0,0,0,0,0
53359835,12628,0,2,0,0,0,0,0,0,0,0,0
53363479,12629,0,2,0,0,0,0,0,0,0,0,0
53367123,12630,0,2,0,0,0,0,0,0,0,0,0
53370768,12631,0,2,0,0,0,0,0,0,0,0,0
53374411,12632,0,2,0,0,0,0,0,0,0,0,0
53378055,12633,0,2,0,0,0,0,0,0,0,0,0
53381699,12634,0,2,0,0,0,0,0,0,0,0,0
53385343,12635,0,2,0,0,0,0,0,0,0,0,0
53388987,12636,0,2,0,0,0,0,0,0,0,0,0
53392631,12637,0,2,0,0,0,0,0,0,0,0,0
53396275,12638,0,2,0,0,0,0,0,0,0,0,0
53399919,12639,0,2,0,0,0,0,0,0,0,0,0
53403563,12640,0,2,0,0,0,0,0,0,0,0,0
53407208,12641,0,2,0,0,0,0,0,0,0,0,0
53410851,12642,0,2,0,0,0,0,0,0,0,0,0
53414495,12643,0,2,0,0,0,0,0,0,0,0,0
53418139,12644,0,2,0,0,0,0,0,0,0,0,0
53421783,12645,0,2,0,0,0,0,0,0,0,0,0
53425427,12646,0,2,0,0,0,0,0,0,0,0,0
53429071,12647,0,2,0,0,0,0,0,0,0,0,0
53432715,12648,0,2,0,0,0,0,0,0,0,0,0
53436359,12649,0,2,0,0,0,0,0,0,0,0,0
53440003,12650,0,2,0,0,0,0,0,0,0,0,0
53443648,12651,0,2,0,0,0,0,0,0,0,0,0
53447291,12652,0,2,0,0,0,0,0,0,0,0,0
53450935,12653,0,2,0,0,0,0,0,0,0,0,0
53454579,12654,0,2,0,0,0,0,0,0,0,0,0
53458223,12655,0,2,0,0,0,0,0,0,0,0,0
53461867,12656,0,2,0,0,0,0,0,0,0,0,0
53465511,12657,0,2,0,0,0,0,0,0,0,0,0
53469155,12658,0,2,0,0,0,0,0,0,0,0,0
53472799,12659,0,2,0,0,0,0,0,0,0,0,0
53476443,12660,0,2,0,0,0,0,0,0,0,0,0
53480088,12661,0,2,0,0,0,0,0,0,0,0,0
53483731,12662,0,2,0,0,0,0,0,0,0,0,0
53487375,12663,0,2,0,0,0,0,0,0,0,0,0
53491019,12664,0,2,0,0,0,0,0,0,0,0,0
53494663,12665,0,2,0,0,0,0,0,0,0,0,0
53498307,12666,0,2,0,0,0,0,0,0,0,0,0
53501951,12667,0,2,0,0,0,0,0,0,0,0,0
53505595,12668,0,2,0,0,0,0,0,0,0,0,0
53509239,12669,0,2,0,0,0,0,0,0,0,0,0
53512883,12670,0,2,0,0,0,0,0,0,0,0,0
53516528,12671,0,2,0,0,0,0,0,0,0,0,0
53520171,12672,0,2,0,0,0,0,0,0,0,0,0
53523815,12673,0,2,0,0,0,0,0,0,0,0,0
53527459,12674,0,2,0,0,0,0,0,0,0,0,0
53531103,12675,0,2,0,0,0,0,0,0,0,0,0
53534747,12676,0,2,0,0,0,0,0,0,0,0,0
53538391,12677,0,2,0,0,0,0,0,0,0,0,0
53542035,12678,0,2,0,0,0,0,0,0,0,0,0
53545679,12679,0,2,0,0,0,0,0,0,0,0,0
53549323,12680,0,2,0,0,0,0,0,0,0,0,0
53552968,12681,0,2,0,0,0,0,0,0,0,0,0
53556611,12682,0,2,0,0,0,0,0,0,0,0,0
53560255,12683,0,2,0,0,0,0,0,0,0,0,0
53563899,12684,0,2,0,0,0,0,0,0,0,0,0
53567543,12685,0,2,0,0,0,0,0,0,0,0,0
53571187,12686,0,2,0,0,0,0,0,0,0,0,0
53574831,12687,0,2,0,0,0,0,0,0,0,0,0
53578475,12688,0,2,0,0,0,0,0,0,0,0,0
53582119,12689,0,2,0,0,0,0,0,0,0,0,0
53585763,12690,0,2,0,0,0,0,0,0,0,0,0
53589408,12691,0,2,0,0,0,0,0,0,0,0,0
53593052,12692,0,2,0,0,0,0,0,0,0,0,0
53596695,12693,0,2,0,0,0,0,0,0,0,0,0
53600339,12694,0,2,0,0,0,0,0,0,0,0,0
53603983,12695,0,2,0,0,0,0,0,0,0,0,0
53607627,12696,0,2,0,0,0,0,0,0,0,0,0
53611271,12697,0,2,0,0,0,0,0,0,0,0,0
53614915,12698,0,2,0,0,0,0,0,0,0,0,0
53618559,12699,0,2,0,0,0,0,0,0,0,0,0
53622203,12700,0,2,0,0,0,0,0,0,0,0,0
53625848,12701,0,2,0,0,0,0,0,0,0,0,0
53629491,12702,0,2,0,0,0,0,0,0,0,0,0
53633135,12703,0,2,0,0,0,0,0,0,0,0,0
53636779,12704,0,2,0,0,0,0,0,0,0,0,0
53640423,12705,0,2,0,0,0,0,0,0,0,0,0
53644067,12706,0,2,0,0,0,0,0,0,0,0,0
53647711,12707,0,2,0,0,0,0,0,0,0,0,0
53651355,12708,0,2,0,0,0,0,0,0,0,0,0
53654999,12709,0,2,0,0,0,0,0,0,0,0,0
53658643,12710,0,2,0,0,0,0,0,0,0,0,0
53662288,12711,0,2,0,0,0,0,0,0,0,0,0
53665931,12712,0,2,0,0,0,0,0,0,0,0,0
53676332,12713,0,2,0,0,0,0,0,0,0,0,0
53679964,12714,0,2,0,0,0,0,0,0,0,0,0
53683608,12715,0,2,0,0,0,0,0,0,0,0,0
53687252,12716,0,2,0,0,0,0,0,0,0,0,0
53690896,12717,0,2,0,0,0,0,0,0,0,0,0
53694540,12718,0,2,0,0,0,0,0,0,0,0,0
53698184,12719,0,2,0,0,0,0,0,0,0,0,0
53701828,12720,0,2,0,0,0,0,0,0,0,0,0
53705473,12721,0,2,0,0,0,0,0,0,0,0,0
53709116,12722,0,2,0,0,0,0,0,0,0,0,0
53712760,12723,0,2,0,0,0,0,0,0,0,0,0
53716404,12724,0,2,0,0,0,0,0,0,0,0,0
53720048,12725,0,2,0,0,0,0,0,0,0,0,0
53723692,12726,0,2,0,0,0,0,0,0,0,0,0
53727336,12727,0,2,0,0,0,0,0,0,0,0,0
53730980,12728,0,2,0,0,0,0,0,0,0,0,0
53734624,12729,0,2,0,0,0,0,0,0,0,0,0
53738268,12730,0,2,0,0,0,0,0,0,0,0,0
53741913,12731,0,2,0,0,0,0,0,0,0,0,0
53745556,12732,0,2,0,0,0,0,0,0,0,0,0
53749200,12733,0,2,0,0,0,0,0,0,0,0,0
53752844,12734,0,2,0,0,0,0,0,0,0,0,0
53756488,12735,0,2,0,0,0,0,0,0,0,0,0
53760132,12736,0,2,0,0,0,0,0,0,0,0,0
53763776,12737,0,2,0,0,0,0,0,0,0,0,0
53767420,12738,0,2,0,0,0,0,0,0,0,0,0
53771064,12739,0,2,0,0,0,0,0,0,0,0,0
53774708,12740,0,2,0,0,0,0,0,0,0,0,0
53778353,12741,0,2,0,0,0,0,0,0,0,0,0
53781996,12742,0,2,0,0,0,0,0,0,0,0,0
53785640,12743,0,2,0,0,0,0,0,0,0,0,0
53789284,12744,0,2,0,0,0,0,0,0,0,0,0
53792928,12745,0,2,0,0,0,0,0,0,0,0,0
53796572,12746,0,2,0,0,0,0,0,0,0,0,0
53800216,12747,0,2,0,0,0,0,0,0,0,0,0
53803860,12748,0,2,0,0,0,0,0,0,0,0,0
53807504,12749,0,2,0,0,0,0,0,0,0,0,0
53811148,12750,0,2,0,0,0,0,0,0,0,0,0
53814793,12751,0,2,0,0,0,0,0,0,0,0,0
53818436,12752,0,2,0,0,0,0,0,0,0,0,0
53822080,12753,0,2,0,0,0,0,0,0,0,0,0
53825724,12754,0,2,0,0,0,0,0,0,0,0,0
53829368,12755,0,2,0,0,0,0,0,0,0,0,0
53833012,12756,0,2,0,0,0,0,0,0,0,0,0
53836656,12757,0,2,0,0,0,0,0,0,0,0,0
53840300,12758,0,2,0,0,0,0,0,0,0,0,0
53843944,12759,0,2,0,0,0,0,0,0,0,0,0
53847588,12760,0,2,0,0,0,0,0,0,0,0,0
53851233,12761,0,2,0,0,0,0,0,0,0,0,0
53854876,12762,0,2,0,0,0,0,0,0,0,0,0
53858520,12763,0,2,0,0,0,0,0,0,0,0,0
53862164,12764,0,2,0,0,0,0,0,0,0,0,0
53865808,12765,0,2,0,0,0,0,0,0,0,0,0
53869452,12766,0,2,0,0,0,0,0,0,0,0,0
53873097,12767,0,2,0,0,0,0,0,0,0,0,0
53876740,12768,0,2,0,0,0,0,0,0,0,0,0
53880384,12769,0,2,0,0,0,0,0,0,0,0,0
53884029,12770,0,2,0,0,0,0,0,0,0,0,0
53887673,12771,0,2,0,0,0,0,0,0,0,0,0
53891316,12772,0,2,0,0,0,0,0,0,0,0,0
53894960,12773,0,2,0,0,0,0,0,0,0,0,0
53898604,12774,0,2,0,0,0,0,0,0,0,0,0
53902248,12775,0,2,0,0,0,0,0,0,0,0,0
53905892,12776,0,2,0,0,0,0,0,0,0,0,0
53909536,12777,0,2,0,0,0,0,0,0,0,0,0
53913180,12778,0,2,0,0,0,0,0,0,0,0,0
53916824,12779,0,2,0,0,0,0,0,0,0,0,0
53920468,12780,0,2,0,0,0,0,0,0,0,0,0
53924113,12781,0,2,0,0,0,0,0,0,0,0,0
53927756,12782,0,2,0,0,0,0,0,0,0,0,0
53931400,12783,0,2,0,0,0,0,0,0,0,0,0
53935044,12784,0,2,0,0,0,0,0,0,0,0,0
53938688,12785,0,2,0,0,0,0,0,0,0,0,0
53942332,12786,0,2,0,0,0,0,0,0,0,0,0
53945976,12787,0,2,0,0,0,0,0,0,0,0,0
53949620,12788,0,2,0,0,0,0,0,0,0,0,0
53953264,12789,0,2,0,0,0,0,0,0,0,0,0
53956908,12790,0,2,0,0,0,0,0,0,0,0,0
53960553,12791,0,2,0,0,0,0,0,0,0,0,0
53964196,12792,0,2,0,0,0,0,0,0,0,0,0
53967840,12793,0,2,0,0,0,0,0,0,0,0,0
53971484,12794,0,2,0,0,0,0,0,0,0,0,0
53975128,12795,0,2,0,0,0,0,0,0,0,0,0
53978772,12796,0,2,0,0,0,0,0,0,0,0,0
53982416,12797,0,2,0,0,0,0,0,0,0,0,0
53986060,12798,0,2,0,0,0,0,0,0,0,0,0
53989704,12799,0,2,0,0,0,0,0,0,0,0,0
53993348,12800,0,2,0,0,0,0,0,0,0,0,0
53996993,12801,0,2,0,0,0,0,0,0,0,0,0
54000636,12802,0,2,0,0,0,0,0,0,0,0,0
54004280,12803,0,2,0,0,0,0,0,0,0,0,0
54007924,12804,0,2,0,0,0,0,0,0,0,0,0
54011568,12805,0,2,0,0,0,0,0,0,0,0,0
54015212,12806,0,2,0,0,0,0,0,0,0,0,0
54018856,12807,0,2,0,0,0,0,0,0,0,0,0
54022500,12808,0,2,0,0,0,0,0,0,0,0,0
54026144,12809,0,2,0,0,0,0,0,0,0,0,0
54029788,12810,0,2,0,0,0,0,0,0,0,0,0
54033433,12811,0,2,0,0,0,0,0,0,0,0,0
54037076,12812,0,2,0,0,0,0,0,0,0,0,0
54040720,12813,0,2,0,0,0,0,0,0,0,0,0
54044364,12814,0,2,0,0,0,0,0,0,0,0,0
54048008,12815,0,2,0,0,0,0,0,0,0,0,0
54051652,12816,0,2,0,0,0,0,0,0,0,0,0
54055296,12817,0,2,0,0,0,0,0,0,0,0,0
54058940,12818,0,2,0,0,0,0,0,0,0,0,0
54062584,12819,0,2,0,0,0,0,0,0,0,0,0
54066228,12820,0,2,0,0,0,0,0,0,0,0,0
54069873,12821,0,2,0,0,0,0,0,0,0,0,0
54073516,12822,0,2,0,0,0,0,0,0,0,0,0
54077160,12823,0,2,0,0,0,0,0,0,0,0,0
54080804,12824,0,2,0,0,0,0,0,0,0,0,0
54084448,12825,0,2,0,0,0,0,0,0,0,0,0
54088092,12826,0,2,0,0,0,0,0,0,0,0,0
54091736,12827,0,2,0,0,0,0,0,0,0,0,0
54095380,12828,0,2,0,0,0,0,0,0,0,0,0
54099024,12829,0,2,0,0,0,0,0,0,0,0,0
54102668,12830,0,2,0,0,0,0,0,0,0,0,0
54106313,12831,0,2,0,0,0,0,0,0,0,0,0
54109956,12832,0,2,0,0,0,0,0,0,0,0,0
54113600,12833,0,2,0,0,0,0,0,0,0,0,0
54117244,12834,0,2,0,0,0,0,0,0,0,0,0
54120888,12835,0,2,0,0,0,0,0,0,0,0,0
54124532,12836,0,2,0,0,0,0,0,0,0,0,0
54128176,12837,0,2,0,0,0,0,0,0,0,0,0
54131820,12838,0,2,0,0,0,0,0,0,0,0,0
54135464,12839,0,2,0,0,0,0,0,0,0,0,0
54139108,12840,0,2,0,0,0,0,0,0,0,0,0
54142753,12841,0,2,0,0,0,0,0,0,0,0,0
54146396,12842,0,2,0,0,0,0,0,0,0,0,0
54150040,12843,0,2,0,0,0,0,0,0,0,0,0
54153684,12844,0,2,0,0,0,0,0,0,0,0,0
54157328,12845,0,2,0,0,0,0,0,0,0,0,0
54160972,12846,0,2,0,0,0,0,0,0,0,0,0
54164616,12847,0,2,0,0,0,0,0,0,0,0,0
54168260,12848,0,2,0,0,0,0,0,0,0,0,0
54171904,12849,0,2,0,0,0,0,0,0,0,0,0
54175548,12850,0,2,0,0,0,0,0,0,0,0,0
54179193,12851,0,2,0,0,0,0,0,0,0,0,0
54182836,12852,0,2,0,0,0,0,0,0,0,0,0
54186480,12853,0,2,0,0,0,0,0,0,0,0,0
54190124,12854,0,2,0,0,0,0,0,0,0,0,0
54193768,12855,0,2,0,0,0,0,0,0,0,0,0
54197412,12856,0,2,0,0,0,0,0,0,0,0,0
54201057,12857,0,2,0,0,0,0,0,0,0,0,0
54204700,12858,0,2,0,0,0,0,0,0,0,0,0
54208344,12859,0,2,0,0,0,0,0,0,0,0,0
54211988,12860,0,2,0,0,0,0,0,0,0,0,0
54215633,12861,0,2,0,0,0,0,0,0,0,0,0
54219276,12862,0,2,0,0,0,0,0,0,0,0,0
54222920,12863,0,2,0,0,0,0,0,0,0,0,0
54226564,12864,0,2,0,0,0,0,0,0,0,0,0
54230208,12865,0,2,0,0,0,0,0,0,0,0,0
54233852,12866,0,2,0,0,0,0,0,0,0,0,0
54237496,12867,0,2,0,0,0,0,0,0,0,0,0
54241140,12868,0,2,0,0,0,0,0,0,0,0,0
54244784,12869,0,2,0,0,0,0,0,0,0,0,0
54248428,12870,0,2,0,0,0,0,0,0,0,0,0
54252073,12871,0,2,0,0,0,0,0,0,0,0,0
54255716,12872,0,2,0,0,0,0,0,0,0,0,0
54259360,12873,0,2,0,0,0,0,0,0,0,0,0
54263004,12874,0,2,0,0,0,0,0,0,0,0,0
54266648,12875,0,2,0,0,0,0,0,0,0,0,0
54270292,12876,0,2,0,0,0,0,0,0,0,0,0
54273936,12877,0,2,0,0,0,0,0,0,0,0,0
54277580,12878,0,2,0,0,0,0,0,0,0,0,0
54281224,12879,0,2,0,0,0,0,0,0,0,0,0
54284868,12880,0,2,0,0,0,0,0,0,0,0,0
54288513,12881,0,2,0,0,0,0,0,0,0,0,0
54292156,12882,0,2,0,0,0,0,0,0,0,0,0
54295800,12883,0,2,0,0,0,0,0,0,0,0,0
54299444,12884,0,2,0,0,0,0,0,0,0,0,0
54303088,12885,0,2,0,0,0,0,0,0,0,0,0
54306732,12886,0,2,0,0,0,0,0,0,0,0,0
54310376,12887,0,2,0,0,0,0,0,0,0,0,0
54314020,12888,0,2,0,0,0,0,0,0,0,0,0
54317664,12889,0,2,0,0,0,0,0,0,0,0,0
54321308,12890,0,2,0,0,0,0,0,0,0,0,0
54324953,12891,0,2,0,0,0,0,0,0,0,0,0
54328596,12892,0,2,0,0,0,0,0,0,0,0,0
54332240,12893,0,2,0,0,0,0,0,0,0,0,0
54335884,12894,0,2,0,0,0,0,0,0,0,0,0
54339528,12895,0,2,0,0,0,0,0,0,0,0,0
54343172,12896,0,2,0,0,0,0,0,0,0,0,0
54346816,12897,0,2,0,0,0,0,0,0,0,0,0
54350460,12898,0,2,0,0,0,0,0,0,0,0,0
54354104,12899,0,2,0,0,0,0,0,0,0,0,0
54357748,12900,0,2,0,0,0,0,0,0,0,0,0
54361393,12901,0,2,0,0,0,0,0,0,0,0,0
54365036,12902,0,2,0,0,0,0,0,0,0,0,0
54368680,12903,0,2,0,0,0,0,0,0,0,0,0
54372324,12904,0,2,0,0,0,0,0,0,0,0,0
54375968,12905,0,2,0,0,0,0,0,0,0,0,0
54379612,12906,0,2,0,0,0,0,0,0,0,0,0
54383256,12907,0,2,0,0,0,0,0,0,0,0,0
54386900,12908,0,2,0,0,0,0,0,0,0,0,0
54390544,12909,0,2,0,0,0,0,0,0,0,0,0
54394188,12910,0,2,0,0,0,0,0,0,0,0,0
54397833,12911,0,2,0,0,0,0,0,0,0,0,0
54401476,12912,0,2,0,0,0,0,0,0,0,0,0
54405120,12913,0,2,0,0,0,0,0,0,0,0,0
54408764,12914,0,2,0,0,0,0,0,0,0,0,0
54412408,12915,0,2,0,0,0,0,0,0,0,0,0
54416052,12916,0,2,0,0,0,0,0,0,0,0,0
54419696,12917,0,2,0,0,0,0,0,0,0,0,0
54423340,12918,0,2,0,0,0,0,0,0,0,0,0
54426984,12919,0,2,0,0,0,0,0,0,0,0,0
54430628,12920,0,2,0,0,0,0,0,0,0,0,0
54434273,12921,0,2,0,0,0,0,0,0,0,0,0
54437916,12922,0,2,0,0,0,0,0,0,0,0,0
54441560,12923,0,2,0,0,0,0,0,0,0,0,0
54445204,12924,0,2,0,0,0,0,0,0,0,0,0
54448848,12925,0,2,0,0,0,0,0,0,0,0,0
54452492,12926,0,2,0,0,0,0,0,0,0,0,0
54456136,12927,0,2,0,0,0,0,0,0,0,0,0
54459780,12928,0,2,0,0,0,0,0,0,0,0,0
54463424,12929,0,2,0,0,0,0,0,0,0,0,0
54467068,12930,0,2,0,0,0,0,0,0,0,0,0
54470713,12931,0,2,0,0,0,0,0,0,0,0,0
54474356,12932,0,2,0,0,0,0,0,0,0,0,0
54478000,12933,0,2,0,0,0,0,0,0,0,0,0
54481644,12934,0,2,0,0,0,0,0,0,0,0,0
54485288,12935,0,2,0,0,0,0,0,0,0,0,0
54488932,12936,0,2,0,0,0,0,0,0,0,0,0
54492576,12937,0,2,0,0,0,0,0,0,0,0,0
54496220,12938,0,2,0,0,0,0,0,0,0,0,0
54499864,12939,0,2,0,0,0,0,0,0,0,0,0
54508524,12940,0,2,0,0,0,0,0,0,0,0,0
54512157,12941,0,2,0,0,0,0,0,0,0,0,0
54515800,12942,0,2,0,0,0,0,0,0,0,0,0
54519444,12943,0,2,0,0,0,0,0,0,0,0,0
54523088,12944,0,2,0,0,0,0,0,0,0,0,0
54526732,12945,0,2,0,0,0,0,0,0,0,0,0
54530376,12946,0,2,0,0,0,0,0,0,0,0,0
54534020,12947,0,2,0,0,0,0,0,0,0,0,0
54537664,12948,0,2,0,0,0,0,0,0,0,0,0
54541308,12949,0,2,0,0,0,0,0,0,0,0,0
54544952,12950,0,2,0,0,0,0,0,0,0,0,0
54548597,12951,0,2,0,0,0,0,0,0,0,0,0
54552240,12952,0,2,0,0,0,0,0,0,0,0,0
54555884,12953,0,2,0,0,0,0,0,0,0,0,0
54559528,12954,0,2,0,0,0,0,0,0,0,0,0
54563172,12955,0,2,0,0,0,0,0,0,0,0,0
54566816,12956,0,2,0,0,0,0,0,0,0,0,0
54570460,12957,0,2,0,0,0,0,0,0,0,0,0
54574104,12958,0,2,0,0,0,0,0,0,0,0,0
54577748,12959,0,2,0,0,0,0,0,0,0,0,0
54581392,12960,0,2,0,0,0,0,0,0,0,0,0
54585037,12961,0,2,0,0,0,0,0,0,0,0,0
54588680,12962,0,2,0,0,0,0,0,0,0,0,0
54592324,12963,0,2,0,0,0,0,0,0,0,0,0
54595968,12964,0,2,0,0,0,0,0,0,0,0,0
54599612,12965,0,2,0,0,0,0,0,0,0,0,0
54603256,12966,0,2,0,0,0,0,0,0,0,0,0
54606900,12967,0,2,0,0,0,0,0,0,0,0,0
54610544,12968,0,2,0,0,0,0,0,0,0,0,0
54614188,12969,0,2,0,0,0,0,0,0,0,0,0
54617832,12970,0,2,0,0,0,0,0,0,0,0,0
54621477,12971,0,2,0,0,0,0,0,0,0,0,0
54625120,12972,0,2,0,0,0,0,0,0,0,0,0
54628764,12973,0,2,0,0,0,0,0,0,0,0,0
54632408,12974,0,2,0,0,0,0,0,0,0,0,0
54636052,12975,0,2,0,0,0,0,0,0,0,0,0
54639696,12976,0,2,0,0,0,0,0,0,0,0,0
54643340,12977,0,2,0,0,0,0,0,0,0,0,0
54646984,12978,0,2,0,0,0,0,0,0,0,0,0
54650628,12979,0,2,0,0,0,0,0,0,0,0,0
54654272,12980,0,2,0,0,0,0,0,0,0,0,0
54657917,12981,0,2,0,0,0,0,0,0,0,0,0
54661560,12982,0,2,0,0,0,0,0,0,0,0,0
54665204,12983,0,2,0,0,0,0,0,0,0,0,0
54668848,12984,0,2,0,0,0,0,0,0,0,0,0
54672492,12985,0,2,0,0,0,0,0,0,0,0,0
54676136,12986,0,2,0,0,0,0,0,0,0,0,0
54679780,12987,0,2,0,0,0,0,0,0,0,0,0
54683424,12988,0,2,0,0,0,0,0,0,0,0,0
54687068,12989,0,2,0,0,0,0,0,0,0,0,0
54690712,12990,0,2,0,0,0,0,0,0,0,0,0
54694357,12991,0,2,0,0,0,0,0,0,0,0,0
54698000,12992,0,2,0,0,0,0,0,0,0,0,0
54701644,12993,0,2,0,0,0,0,0,0,0,0,0
54705288,12994,0,2,0,0,0,0,0,0,0,0,0
54708932,12995,0,2,0,0,0,0,0,0,0,0,0
54712576,12996,0,2,0,0,0,0,0,0,0,0,0
54716220,12997,0,2,0,0,0,0,0,0,0,0,0
54719864,12998,0,2,0,0,0,0,0,0,0,0,0
54723508,12999,0,2,0,0,0,0,0,0,0,0,0
54727152,13000,0,2,0,0,0,0,0,0,0,0,0
54730797,13001,0,2,0,0,0,0,0,0,0,0,0
54734440,13002,0,2,0,0,0,0,0,0,0,0,0
54738084,13003,0,2,0,0,0,0,0,0,0,0,0
54741728,13004,0,2,0,0,0,0,0,0,0,0,0
54745372,13005,0,2,0,0,0,0,0,0,0,0,0
54749016,13006,0,2,0,0,0,0,0,0,0,0,0
54752660,13007,0,2,0,0,0,0,0,0,0,0,0
54756304,13008,0,2,0,0,0,0,0,0,0,0,0
54759948,13009,0,2,0,0,0,0,0,0,0,0,0
54763592,13010,0,2,0,0,0,0,0,0,0,0,0
54767237,13011,0,2,0,0,0,0,0,0,0,0,0
54770880,13012,0,2,0,0,0,0,0,0,0,0,0
54774524,13013,0,2,0,0,0,0,0,0,0,0,0
54778168,13014,0,2,0,0,0,0,0,0,0,0,0
54781812,13015,0,2,0,0,0,0,0,0,0,0,0
54785456,13016,0,2,0,0,0,0,0,0,0,0,0
54789100,13017,0,2,0,0,0,0,0,0,0,0,0
54792744,13018,0,2,0,0,0,0,0,0,0,0,0
54796388,13019,0,2,0,0,0,0,0,0,0,0,0
54800033,13020,0,2,0,0,0,0,0,0,0,0,0
54803677,13021,0,2,0,0,0,0,0,0,0,0,0
54807320,13022,0,2,0,0,0,0,0,0,0,0,0
54810964,13023,0,2,0,0,0,0,0,0,0,0,0
54814608,13024,0,2,0,0,0,0,0,0,0,0,0
54818252,13025,0,2,0,0,0,0,0,0,0,0,0
54821896,13026,0,2,0,0,0,0,0,0,0,0,0
54825540,13027,0,2,0,0,0,0,0,0,0,0,0
54829184,13028,0,2,0,0,0,0,0,0,0,0,0
54832828,13029,0,2,0,0,0,0,0,0,0,0,0
54836472,13030,0,2,0,0,0,0,0,0,0,0,0
54840117,13031,0,2,0,0,0,0,0,0,0,0,0
54843760,13032,0,2,0,0,0,0,0,0,0,0,0
54847404,13033,0,2,0,0,0,0,0,0,0,0,0
54851048,13034,0,2,0,0,0,0,0,0,0,0,0
54854692,13035,0,2,0,0,0,0,0,0,0,0,0
54858336,13036,0,2,0,0,0,0,0,0,0,0,0
54861980,13037,0,2,0,0,0,0,0,0,0,0,0
54865624,13038,0,2,0,0,0,0,0,0,0,0,0
54869268,13039,0,2,0,0,0,0,0,0,0,0,0
54872912,13040,0,2,0,0,0,0,0,0,0,0,0
54876557,13041,0,2,0,0,0,0,0,0,0,0,0
54880200,13042,0,2,0,0,0,0,0,0,0,0,0
54883844,13043,0,2,0,0,0,0,0,0,0,0,0
54887488,13044,0,2,0,0,0,0,0,0,0,0,0
54891132,13045,0,2,0,0,0,0,0,0,0,0,0
54894776,13046,0,2,0,0,0,0,0,0,0,0,0
54898420,13047,0,2,0,0,0,0,0,0,0,0,0
54902064,13048,0,2,0,0,0,0,0,0,0,0,0
54905708,13049,0,2,0,0,0,0,0,0,0,0,0
54909352,13050,0,2,0,0,0,0,0,0,0,0,0
54912997,13051,0,2,0,0,0,0,0,0,0,0,0
54916640,13052,0,2,0,0,0,0,0,0,0,0,0
54920284,13053,0,2,0,0,0,0,0,0,0,0,0
54923928,13054,0,2,0,0,0,0,0,0,0,0,0
54927572,13055,0,2,0,0,0,0,0,0,0,0,0
54931216,13056,0,2,0,0,0,0,0,0,0,0,0
54934860,13057,0,2,0,0,0,0,0,0,0,0,0
54938504,13058,0,2,0,0,0,0,0,0,0,0,0
54942148,13059,0,2,0,0,0,0,0,0,0,0,0
54945792,13060,0,2,0,0,0,0,0,0,0,0,0
54949437,13061,0,2,0,0,0,0,0,0,0,0,0
54953080,13062,0,2,0,0,0,0,0,0,0,0,0
54956724,13063,0,2,0,0,0,0,0,0,0,0,0
54960368,13064,0,2,0,0,0,0,0,0,0,0,0
54964013,13065,0,2,0,0,0,0,0,0,0,0,0
54967656,13066,0,2,0,0,0,0,0,0,0,0,0
54971300,13067,0,2,0,0,0,0,0,0,0,0,0
54974944,13068,0,2,0,0,0,0,0,0,0,0,0
54978588,13069,0,2,0,0,0,0,0,0,0,0,0
54982232,13070,0,2,0,0,0,0,0,0,0,0,0
54985877,13071,0,2,0,0,0,0,0,0,0,0,0
54989520,13072,0,2,0,0,0,0,0,0,0,0,0
54993164,13073,0,2,0,0,0,0,0,0,0,0,0
54996808,13074,0,2,0,0,0,0,0,0,0,0,0
55000452,13075,0,2,0,0,0,0,0,0,0,0,0
55004097,13076,0,2,0,0,0,0,0,0,0,0,0
55007740,13077,0,2,0,0,0,0,0,0,0,0,0
55011384,13078,0,2,0,0,0,0,0,0,0,0,0
55015029,13079,0,2,0,0,0,0,0,0,0,0,0
55018672,13080,0,2,0,0,0,0,0,0,0,0,0
55022317,13081,0,2,0,0,0,0,0,0,0,0,0
55025960,13082,0,2,0,0,0,0,0,0,0,0,0
55029604,13083,0,2,0,0,0,0,0,0,0,0,0
55033248,13084,0,2,0,0,0,0,0,0,0,0,0
55036892,13085,0,2,0,0,0,0,0,0,0,0,0
55040536,13086,0,2,0,0,0,0,0,0,0,0,0
55044180,13087,0,2,0,0,0,0,0,0,0,0,0
55047824,13088,0,2,0,0,0,0,0,0,0,0,0
55051468,13089,0,2,0,0,0,0,0,0,0,0,0
55055112,13090,0,2,0,0,0,0,0,0,0,0,0
55058757,13091,0,2,0,0,0,0,0,0,0,0,0
55062400,13092,0,2,0,0,0,0,0,0,0,0,0
55066044,13093,0,2,0,0,0,0,0,0,0,0,0
55069688,13094,0,2,0,0,0,0,0,0,0,0,0
55073332,13095,0,2,0,0,0,0,0,0,0,0,0
55076976,13096,0,2,0,0,0,0,0,0,0,0,0
55080620,13097,0,2,0,0,0,0,0,0,0,0,0
55084264,13098,0,2,0,0,0,0,0,0,0,0,0
55087908,13099,0,2,0,0,0,0,0,0,0,0,0
55091552,13100,0,2,0,0,0,0,0,0,0,0,0
55095197,13101,0,2,0,0,0,0,0,0,0,0,0
55098840,13102,0,2,0,0,0,0,0,0,0,0,0
55102484,13103,0,2,0,0,0,0,0,0,0,0,0
55106128,13104,0,2,0,0,0,0,0,0,0,0,0
55109772,13105,0,2,0,0,0,0,0,0,0,0,0
55113416,13106,0,2,0,0,0,0,0,0,0,0,0
55117060,13107,0,2,0,0,0,0,0,0,0,0,0
55120704,13108,0,2,0,0,0,0,0,0,0,0,0
55124348,13109,0,2,0,0,0,0,0,0,0,0,0
55127992,13110,0,2,0,0,0,0,0,0,0,0,0
55131637,13111,0,2,0,0,0,0,0,0,0,0,0
55135280,13112,0,2,0,0,0,0,0,0,0,0,0
55138924,13113,0,2,0,0,0,0,0,0,0,0,0
55142568,13114,0,2,0,0,0,0,0,0,0,0,0
55146212,13115,0,2,0,0,0,0,0,0,0,0,0
55149856,13116,0,2,0,0,0,0,0,0,0,0,0
55153500,13117,0,2,0,0,0,0,0,0,0,0,0
55157144,13118,0,2,0,0,0,0,0,0,0,0,0
55160788,13119,0,2,0,0,0,0,0,0,0,0,0
55164432,13120,0,2,0,0,0,0,0,0,0,0,0
55168077,13121,0,2,0,0,0,0,0,0,0,0,0
55171720,13122,0,2,0,0,0,0,0,0,0,0,0
55175364,13123,0,2,0,0,0,0,0,0,0,0,0
55179008,13124,0,2,0,0,0,0,0,0,0,0,0
55182652,13125,0,2,0,0,0,0,0,0,0,0,0
55186296,13126,0,2,0,0,0,0,0,0,0,0,0
55189940,13127,0,2,0,0,0,0,0,0,0,0,0
55193584,13128,0,2,0,0,0,0,0,0,0,0,0
55197228,13129,0,2,0,0,0,0,0,0,0,0,0
55200872,13130,0,2,0,0,0,0,0,0,0,0,0
55204517,13131,0,2,0,0,0,0,0,0,0,0,0
55208160,13132,0,2,0,0,0,0,0,0,0,0,0
55211804,13133,0,2,0,0,0,0,0,0,0,0,0
55215448,13134,0,2,0,0,0,0,0,0,0,0,0
55219092,13135,0,2,0,0,0,0,0,0,0,0,0
55222736,13136,0,2,0,0,0,0,0,0,0,0,0
55226380,13137,0,2,0,0,0,0,0,0,0,0,0
55230024,13138,0,2,0,0,0,0,0,0,0,0,0
55233668,13139,0,2,0,0,0,0,0,0,0,0,0
55237312,13140,0,2,0,0,0,0,0,0,0,0,0
55240957,13141,0,2,0,0,0,0,0,0,0,0,0
55244600,13142,0,2,0,0,0,0,0,0,0,0,0
55248244,13143,0,2,0,0,0,0,0,0,0,0,0
55251888,13144,0,2,0,0,0,0,0,0,0,0,0
55255532,13145,0,2,0,0,0,0,0,0,0,0,0
55259176,13146,0,2,0,0,0,0,0,0,0,0,0
55262820,13147,0,2,0,0,0,0,0,0,0,0,0
55266464,13148,0,2,0,0,0,0,0,0,0,0,0
55270108,13149,0,2,0,0,0,0,0,0,0,0,0
55273752,13150,0,2,0,0,0,0,0,0,0,0,0
55277397,13151,0,2,0,0,0,0,0,0,0,0,0
55281040,13152,0,2,0,0,0,0,0,0,0,0,0
55284684,13153,0,2,0,0,0,0,0,0,0,0,0
55288328,13154,0,2,0,0,0,0,0,0,0,0,0
55291972,13155,0,2,0,0,0,0,0,0,0,0,0
55295616,13156,0,2,0,0,0,0,0,0,0,0,0
55299260,13157,0,2,0,0,0,0,0,0,0,0,0
55302904,13158,0,2,0,0,0,0,0,0,0,0,0
55306548,13159,0,2,0,0,0,0,0,0,0,0,0
55310192,13160,0,2,0,0,0,0,0,0,0,0,0
55313837,13161,0,2,0,0,0,0,0,0,0,0,0
55317480,13162,0,2,0,0,0,0,0,0,0,0,0
55321124,13163,0,2,0,0,0,0,0,0,0,0,0
55324768,13164,0,2,0,0,0,0,0,0,0,0,0
55328412,13165,0,2,0,0,0,0,0,0,0,0,0
55332057,13166,0,2,0,0,0,0,0,0,0,0,0
55342584,13167,0,2,0,0,0,0,0,0,0,0,0
55346215,13168,0,2,0,0,0,0,0,0,0,0,0
55349859,13169,0,2,0,0,0,0,0,0,0,0,0
55353503,13170,0,2,0,0,0,0,0,0,0,0,0
55357148,13171,0,2,0,0,0,0,0,0,0,0,0
55360791,13172,0,2,0,0,0,0,0,0,0,0,0
55364435,13173,0,2,0,0,0,0,0,0,0,0,0
55368079,13174,0,2,0,0,0,0,0,0,0,0,0
55371723,13175,0,2,0,0,0,0,0,0,0,0,0
55375367,13176,0,2,0,0,0,0,0,0,0,0,0
55379011,13177,0,2,0,0,0,0,0,0,0,0,0
55382655,13178,0,2,0,0,0,0,0,0,0,0,0
55386299,13179,0,2,0,0,0,0,0,0,0,0,0
55389943,13180,0,2,0,0,0,0,0,0,0,0,0
55393588,13181,0,2,0,0,0,0,0,0,0,0,0
55397231,13182,0,2,0,0,0,0,0,0,0,0,0
55400875,13183,0,2,0,0,0,0,0,0,0,0,0
55404519,13184,0,2,0,0,0,0,0,0,0,0,0
55408163,13185,0,2,0,0,0,0,0,0,0,0,0
55411807,13186,0,2,0,0,0,0,0,0,0,0,0
55415451,13187,0,2,0,0,0,0,0,0,0,0,0
55419095,13188,0,2,0,0,0,0,0,0,0,0,0
55422739,13189,0,2,0,0,0,0,0,0,0,0,0
55426383,13190,0,2,0,0,0,0,0,0,0,0,0
55430028,13191,0,2,0,0,0,0,0,0,0,0,0
55433671,13192,0,2,0,0,0,0,0,0,0,0,0
55437315,13193,0,2,0,0,0,0,0,0,0,0,0
55440959,13194,0,2,0,0,0,0,0,0,0,0,0
55444603,13195,0,2,0,0,0,0,0,0,0,0,0
55448247,13196,0,2,0,0,0,0,0,0,0,0,0
55451891,13197,0,2,0,0,0,0,0,0,0,0,0
55455535,13198,0,2,0,0,0,0,0,0,0,0,0
55459179,13199,0,2,0,0,0,0,0,0,0,0,0
55462823,13200,0,2,0,0,0,0,0,0,0,0,0
55466468,13201,0,2,0,0,0,0,0,0,0,0,0
55470111,13202,0,2,0,0,0,0,0,0,0,0,0
55473755,13203,0,2,0,0,0,0,0,0,0,0,0
55477399,13204,0,2,0,0,0,0,0,0,0,0,0
55481043,13205,0,2,0,0,0,0,0,0,0,0,0
55484687,13206,0,2,0,0,0,0,0,0,0,0,0
55488331,13207,0,2,0,0,0,0,0,0,0,0,0
55491975,13208,0,2,0,0,0,0,0,0,0,0,0
55495619,13209,0,2,0,0,0,0,0,0,0,0,0
55499263,13210,0,2,0,0,0,0,0,0,0,0,0
55502908,13211,0,2,0,0,0,0,0,0,0,0,0
55506551,13212,0,2,0,0,0,0,0,0,0,0,0
55510195,13213,0,2,0,0,0,0,0,0,0,0,0
55513839,13214,0,2,0,0,0,0,0,0,0,0,0
55517483,13215,0,2,0,0,0,0,0,0,0,0,0
55521127,13216,0,2,0,0,0,0,0,0,0,0,0
55524771,13217,0,2,0,0,0,0,0,0,0,0,0
55528415,13218,0,2,0,0,0,0,0,0,0,0,0
55532059,13219,0,2,0,0,0,0,0,0,0,0,0
55535703,13220,0,2,0,0,0,0,0,0,0,0,0
55539348,13221,0,2,0,0,0,0,0,0,0,0,0
55542991,13222,0,2,0,0,0,0,0,0,0,0,0
55546635,13223,0,2,0,0,0,0,0,0,0,0,0
55550279,13224,0,2,0,0,0,0,0,0,0,0,0
55553923,13225,0,2,0,0,0,0,0,0,0,0,0
55557567,13226,0,2,0,0,0,0,0,0,0,0,0
55561211,13227,0,2,0,0,0,0,0,0,0,0,0
55564855,13228,0,2,0,0,0,0,0,0,0,0,0
55568499,13229,0,2,0,0,0,0,0,0,0,0,0
55572143,13230,0,2,0,0,0,0,0,0,0,0,0
55575788,13231,0,2,0,0,0,0,0,0,0,0,0
55579431,13232,0,2,0,0,0,0,0,0,0,0,0
55583075,13233,0,2,0,0,0,0,0,0,0,0,0
55586719,13234,0,2,0,0,0,0,0,0,0,0,0
55590363,13235,0,2,0,0,0,0,0,0,0,0,0
55594007,13236,0,2,0,0,0,0,0,0,0,0,0
55597651,13237,0,2,0,0,0,0,0,0,0,0,0
55601295,13238,0,2,0,0,0,0,0,0,0,0,0
55604939,13239,0,2,0,0,0,0,0,0,0,0,0
55608583,13240,0,2,0,0,0,0,0,0,0,0,0
55612228,13241,0,2,0,0,0,0,0,0,0,0,0
55615871,13242,0,2,0,0,0,0,0,0,0,0,0
55619515,13243,0,2,0,0,0,0,0,0,0,0,0
55623159,13244,0,2,0,0,0,0,0,0,0,0,0
55626803,13245,0,2,0,0,0,0,0,0,0,0,0
55630447,13246,0,2,0,0,0,0,0,0,0,0,0
55634091,13247,0,2,0,0,0,0,0,0,0,0,0
55637735,13248,0,2,0,0,0,0,0,0,0,0,0
55641379,13249,0,2,0,0,0,0,0,0,0,0,0
55645024,13250,0,2,0,0,0,0,0,0,0,0,0
55648668,13251,0,2,0,0,0,0,0,0,0,0,0
55652311,13252,0,2,0,0,0,0,0,0,0,0,0
55655955,13253,0,2,0,0,0,0,0,0,0,0,0
55659599,13254,0,2,0,0,0,0,0,0,0,0,0
55663243,13255,0,2,0,0,0,0,0,0,0,0,0
55666887,13256,0,2,0,0,0,0,0,0,0,0,0
55670531,13257,0,2,0,0,0,0,0,0,0,0,0
55674175,13258,0,2,0,0,0,0,0,0,0,0,0
55677819,13259,0,2,0,0,0,0,0,0,0,0,0
55681463,13260,0,2,0,0,0,0,0,0,0,0,0
55685108,13261,0,2,0,0,0,0,0,0,0,0,0
55688751,13262,0,2,0,0,0,0,0,0,0,0,0
55692395,13263,0,2,0,0,0,0,0,0,0,0,0
55696039,13264,0,2,0,0,0,0,0,0,0,0,0
55699683,13265,0,2,0,0,0,0,0,0,0,0,0
55703327,13266,0,2,0,0,0,0,0,0,0,0,0
55706971,13267,0,2,0,0,0,0,0,0,0,0,0
55710615,13268,0,2,0,0,0,0,0,0,0,0,0
55714259,13269,0,2,0,0,0,0,0,0,0,0,0
55717903,13270,0,2,0,0,0,0,0,0,0,0,0
55721548,13271,0,2,0,0,0,0,0,0,0,0,0
55725191,13272,0,2,0,0,0,0,0,0,0,0,0
55728835,13273,0,2,0,0,0,0,0,0,0,0,0
55732479,13274,0,2,0,0,0,0,0,0,0,0,0
55736123,13275,0,2,0,0,0,0,0,0,0,0,0
55739767,13276,0,2,0,0,0,0,0,0,0,0,0
55743411,13277,0,2,0,0,0,0,0,0,0,0,0
55747055,13278,0,2,0,0,0,0,0,0,0,0,0
55750699,13279,0,2,0,0,0,0,0,0,0,0,0
55754343,13280,0,2,0,0,0,0,0,0,0,0,0
55757988,13281,0,2,0,0,0,0,0,0,0,0,0
55761631,13282,0,2,0,0,0,0,0,0,0,0,0
55765275,13283,0,2,0,0,0,0,0,0,0,0,0
55768919,13284,0,2,0,0,0,0,0,0,0,0,0
55772563,13285,0,2,0,0,0,0,0,0,0,0,0
55776207,13286,0,2,0,0,0,0,0,0,0,0,0
55779851,13287,0,2,0,0,0,0,0,0,0,0,0
55783495,13288,0,2,0,0,0,0,0,0,0,0,0
55787139,13289,0,2,0,0,0,0,0,0,0,0,0
55790783,13290,0,2,0,0,0,0,0,0,0,0,0
55794428,13291,0,2,0,0,0,0,0,0,0,0,0
55798071,13292,0,2,0,0,0,0,0,0,0,0,0
55801715,13293,0,2,0,0,0,0,0,0,0,0,0
55805359,13294,0,2,0,0,0,0,0,0,0,0,0
55809003,13295,0,2,0,0,0,0,0,0,0,0,0
55812647,13296,0,2,0,0,0,0,0,0,0,0,0
55816291,13297,0,2,0,0,0,0,0,0,0,0,0
55819935,13298,0,2,0,0,0,0,0,0,0,0,0
55823579,13299,0,2,0,0,0,0,0,0,0,0,0
55827223,13300,0,2,0,0,0,0,0,0,0,0,0
55830868,13301,0,2,0,0,0,0,0,0,0,0,0
55834511,13302,0,2,0,0,0,0,0,0,0,0,0
55838155,13303,0,2,0,0,0,0,0,0,0,0,0
55841799,13304,0,2,0,0,0,0,0,0,0,0,0
55845443,13305,0,2,0,0,0,0,0,0,0,0,0
55849087,13306,0,2,0,0,0,0,0,0,0,0,0
55852731,13307,0,2,0,0,0,0,0,0,0,0,0
55856375,13308,0,2,0,0,0,0,0,0,0,0,0
55860019,13309,0,2,0,0,0,0,0,0,0,0,0
55863663,13310,0,2,0,0,0,0,0,0,0,0,0
55867308,13311,0,2,0,0,0,0,0,0,0,0,0
55870951,13312,0,2,0,0,0,0,0,0,0,0,0
55874595,13313,0,2,0,0,0,0,0,0,0,0,0
55878239,13314,0,2,0,0,0,0,0,0,0,0,0
55881883,13315,0,2,0,0,0,0,0,0,0,0,0
55885527,13316,0,2,0,0,0,0,0,0,0,0,0
55889171,13317,0,2,0,0,0,0,0,0,0,0,0
55892815,13318,0,2,0,0,0,0,0,0,0,0,0
55896459,13319,0,2,0,0,0,0,0,0,0,0,0
55900103,13320,0,2,0,0,0,0,0,0,0,0,0
55903748,13321,0,2,0,0,0,0,0,0,0,0,0
55907391,13322,0,2,0,0,0,0,0,0,0,0,0
55911035,13323,0,2,0,0,0,0,0,0,0,0,0
55914679,13324,0,2,0,0,0,0,0,0,0,0,0
55918323,13325,0,2,0,0,0,0,0,0,0,0,0
55921967,13326,0,2,0,0,0,0,0,0,0,0,0
55925611,13327,0,2,0,0,0,0,0,0,0,0,0
55929255,13328,0,2,0,0,0,0,0,0,0,0,0
55932899,13329,0,2,0,0,0,0,0,0,0,0,0
55936543,13330,0,2,0,0,0,0,0,0,0,0,0
55940188,13331,0,2,0,0,0,0,0,0,0,0,0
55943831,13332,0,2,0,0,0,0,0,0,0,0,0
55947475,13333,0,2,0,0,0,0,0,0,0,0,0
55951119,13334,0,2,0,0,0,0,0,0,0,0,0
55954763,13335,0,2,0,0,0,0,0,0,0,0,0
55958407,13336,0,2,0,0,0,0,0,0,0,0,0
55962051,13337,0,2,0,0,0,0,0,0,0,0,0
55965695,13338,0,2,0,0,0,0,0,0,0,0,0
55969339,13339,0,2,0,0,0,0,0,0,0,0,0
55972983,13340,0,2,0,0,0,0,0,0,0,0,0
55976628,13341,0,2,0,0,0,0,0,0,0,0,0
55980271,13342,0,2,0,0,0,0,0,0,0,0,0
55983915,13343,0,2,0,0,0,0,0,0,0,0,0
55987559,13344,0,2,0,0,0,0,0,0,0,0,0
55991203,13345,0,2,0,0,0,0,0,0,0,0,0
55994847,13346,0,2,0,0,0,0,0,0,0,0,0
55998491,13347,0,2,0,0,0,0,0,0,0,0,0
56002135,13348,0,2,0,0,0,0,0,0,0,0,0
56005779,13349,0,2,0,0,0,0,0,0,0,0,0
56009423,13350,0,2,0,0,0,0,0,0,0,0,0
56013068,13351,0,2,0,0,0,0,0,0,0,0,0
56016711,13352,0,2,0,0,0,0,0,0,0,0,0
56020355,13353,0,2,0,0,0,0,0,0,0,0,0
56023999,13354,0,2,0,0,0,0,0,0,0,0,0
56027643,13355,0,2,0,0,0,0,0,0,0,0,0
56031287,13356,0,2,0,0,0,0,0,0,0,0,0
56034931,13357,0,2,0,0,0,0,0,0,0,0,0
56038575,13358,0,2,0,0,0,0,0,0,0,0,0
56042219,13359,0,2,0,0,0,0,0,0,0,0,0
56045863,13360,0,2,0,0,0,0,0,0,0,0,0
56049508,13361,0,2,0,0,0,0,0,0,0,0,0
56053151,13362,0,2,0,0,0,0,0,0,0,0,0
56056795,13363,0,2,0,0,0,0,0,0,0,0,0
56060439,13364,0,2,0,0,0,0,0,0,0,0,0
56064083,13365,0,2,0,0,0,0,0,0,0,0,0
56067727,13366,0,2,0,0,0,0,0,0,0,0,0
56071371,13367,0,2,0,0,0,0,0,0,0,0,0
56075015,13368,0,2,0,0,0,0,0,0,0,0,0
56078659,13369,0,2,0,0,0,0,0,0,0,0,0
56082303,13370,0,2,0,0,0,0,0,0,0,0,0
56085948,13371,0,2,0,0,0,0,0,0,0,0,0
56089591,13372,0,2,0,0,0,0,0,0,0,0,0
56093235,13373,0,2,0,0,0,0,0,0,0,0,0
56096879,13374,0,2,0,0,0,0,0,0,0,0,0
56100523,13375,0,2,0,0,0,0,0,0,0,0,0
56104167,13376,0,2,0,0,0,0,0,0,0,0,0
56107811,13377,0,2,0,0,0,0,0,0,0,0,0
56111455,13378,0,2,0,0,0,0,0,0,0,0,0
56115099,13379,0,2,0,0,0,0,0,0,0,0,0
56118743,13380,0,2,0,0,0,0,0,0,0,0,0
56122388,13381,0,2,0,0,0,0,0,0,0,0,0
56126031,13382,0,2,0,0,0,0,0,0,0,0,0
56129675,13383,0,2,0,0,0,0,0,0,0,0,0
56133319,13384,0,2,0,0,0,0,0,0,0,0,0
56136963,13385,0,2,0,0,0,0,0,0,0,0,0
56140607,13386,0,2,0,0,0,0,0,0,0,0,0
56144251,13387,0,2,0,0,0,0,0,0,0,0,0
56147895,13388,0,2,0,0,0,0,0,0,0,0,0
56151539,13389,0,2,0,0,0,0,0,0,0,0,0
56155183,13390,0,2,0,0,0,0,0,0,0,0,0
56158828,13391,0,2,0,0,0,0,0,0,0,0,0
56162471,13392,0,2,0,0,0,0,0,0,0,0,0
