timestamp_us,seq,valid_mask,status_bits,solenoid_state,payload0_centi_psi,payload1_centi_psi,payload2_centi_psi,payload3_centi_psi,raw_adc0,raw_adc1,raw_adc2,raw_adc3
9679001,0,0,2,0,0,0,0,0,0,0,0,0
9894002,1,0,2,0,0,0,0,0,0,0,0,0
9908975,2,0,2,0,0,0,0,0,0,0,0,0
9923961,3,0,2,0,0,0,0,0,0,0,0,0
9938947,4,0,2,0,0,0,0,0,0,0,0,0
9953933,5,0,2,0,0,0,0,0,0,0,0,0
9968919,6,0,2,0,0,0,0,0,0,0,0,0
9983905,7,0,2,0,0,0,0,0,0,0,0,0
9998891,8,0,2,0,0,0,0,0,0,0,0,0
10013877,9,0,2,0,0,0,0,0,0,0,0,0
10028863,10,0,2,0,0,0,0,0,0,0,0,0
10244001,11,0,2,0,0,0,0,0,0,0,0,0
10258975,12,0,2,0,0,0,0,0,0,0,0,0
10273961,13,0,2,0,0,0,0,0,0,0,0,0
10288947,14,0,2,0,0,0,0,0,0,0,0,0
10303933,15,0,2,0,0,0,0,0,0,0,0,0
10318918,16,0,2,0,0,0,0,0,0,0,0,0
10333904,17,0,2,0,0,0,0,0,0,0,0,0
10348890,18,0,2,0,0,0,0,0,0,0,0,0
10363876,19,0,2,0,0,0,0,0,0,0,0,0
10378862,20,0,2,0,0,0,0,0,0,0,0,0
10594001,21,0,2,0,0,0,0,0,0,0,0,0
10608975,22,0,2,0,0,0,0,0,0,0,0,0
10623961,23,0,2,0,0,0,0,0,0,0,0,0
10638947,24,0,2,0,0,0,0,0,0,0,0,0
10653933,25,0,2,0,0,0,0,0,0,0,0,0
10668918,26,0,2,0,0,0,0,0,0,0,0,0
10683903,27,0,2,0,0,0,0,0,0,0,0,0
10698889,28,0,2,0,0,0,0,0,0,0,0,0
10713875,29,0,2,0,0,0,0,0,0,0,0,0
10728861,30,0,2,0,0,0,0,0,0,0,0,0
10944001,31,0,2,0,0,0,0,0,0,0,0,0
10958975,32,0,2,0,0,0,0,0,0,0,0,0
10973960,33,0,2,0,0,0,0,0,0,0,0,0
10988946,34,0,2,0,0,0,0,0,0,0,0,0
11003932,35,0,2,0,0,0,0,0,0,0,0,0
11018917,36,0,2,0,0,0,0,0,0,0,0,0
11033903,37,0,2,0,0,0,0,0,0,0,0,0
11048889,38,0,2,0,0,0,0,0,0,0,0,0
11063875,39,0,2,0,0,0,0,0,0,0,0,0
11078861,40,0,2,0,0,0,0,0,0,0,0,0
11294002,41,0,2,0,0,0,0,0,0,0,0,0
11308975,42,0,2,0,0,0,0,0,0,0,0,0
11323961,43,0,2,0,0,0,0,0,0,0,0,0
11338947,44,0,2,0,0,0,0,0,0,0,0,0
11353933,45,0,2,0,0,0,0,0,0,0,0,0
11368919,46,0,2,0,0,0,0,0,0,0,0,0
11383905,47,0,2,0,0,0,0,0,0,0,0,0
11398891,48,0,2,0,0,0,0,0,0,0,0,0
11413877,49,0,2,0,0,0,0,0,0,0,0,0
11428863,50,0,2,0,0,0,0,0,0,0,0,0
11644001,51,0,2,0,0,0,0,0,0,0,0,0
11658975,52,0,2,0,0,0,0,0,0,0,0,0
11673961,53,0,2,0,0,0,0,0,0,0,0,0
11688947,54,0,2,0,0,0,0,0,0,0,0,0
11703933,55,0,2,0,0,0,0,0,0,0,0,0
11718918,56,0,2,0,0,0,0,0,0,0,0,0
11733904,57,0,2,0,0,0,0,0,0,0,0,0
11748890,58,0,2,0,0,0,0,0,0,0,0,0
11763876,59,0,2,0,0,0,0,0,0,0,0,0
11778862,60,0,2,0,0,0,0,0,0,0,0,0
11994001,61,0,2,0,0,0,0,0,0,0,0,0
12008975,62,0,2,0,0,0,0,0,0,0,0,0
12023961,63,0,2,0,0,0,0,0,0,0,0,0
12038947,64,0,2,0,0,0,0,0,0,0,0,0
12053933,65,0,2,0,0,0,0,0,0,0,0,0
12068919,66,0,2,0,0,0,0,0,0,0,0,0
12083905,67,0,2,0,0,0,0,0,0,0,0,0
12098890,68,0,2,0,0,0,0,0,0,0,0,0
12113876,69,0,2,0,0,0,0,0,0,0,0,0
12128862,70,0,2,0,0,0,0,0,0,0,0,0
12344002,71,0,2,0,0,0,0,0,0,0,0,0
12358975,72,0,2,0,0,0,0,0,0,0,0,0
12373960,73,0,2,0,0,0,0,0,0,0,0,0
12388945,74,0,2,0,0,0,0,0,0,0,0,0
12403931,75,0,2,0,0,0,0,0,0,0,0,0
12418917,76,0,2,0,0,0,0,0,0,0,0,0
12433903,77,0,2,0,0,0,0,0,0,0,0,0
12448889,78,0,2,0,0,0,0,0,0,0,0,0
12463875,79,0,2,0,0,0,0,0,0,0,0,0
12478860,80,0,2,0,0,0,0,0,0,0,0,0
12694001,81,0,2,0,0,0,0,0,0,0,0,0
12708975,82,0,2,0,0,0,0,0,0,0,0,0
12723960,83,0,2,0,0,0,0,0,0,0,0,0
12738946,84,0,2,0,0,0,0,0,0,0,0,0
12753932,85,0,2,0,0,0,0,0,0,0,0,0
12768917,86,0,2,0,0,0,0,0,0,0,0,0
12783903,87,0,2,0,0,0,0,0,0,0,0,0
12798889,88,0,2,0,0,0,0,0,0,0,0,0
12813875,89,0,2,0,0,0,0,0,0,0,0,0
12828861,90,0,2,0,0,0,0,0,0,0,0,0
13044002,91,0,2,0,0,0,0,0,0,0,0,0
13058975,92,0,2,0,0,0,0,0,0,0,0,0
13073961,93,0,2,0,0,0,0,0,0,0,0,0
13088947,94,0,2,0,0,0,0,0,0,0,0,0
13103933,95,0,2,0,0,0,0,0,0,0,0,0
13118919,96,0,2,0,0,0,0,0,0,0,0,0
13133905,97,0,2,0,0,0,0,0,0,0,0,0
13148891,98,0,2,0,0,0,0,0,0,0,0,0
13163877,99,0,2,0,0,0,0,0,0,0,0,0
13178863,100,0,2,0,0,0,0,0,0,0,0,0
13394001,101,0,2,0,0,0,0,0,0,0,0,0
13408975,102,0,2,0,0,0,0,0,0,0,0,0
13423961,103,0,2,0,0,0,0,0,0,0,0,0
13438947,104,0,2,0,0,0,0,0,0,0,0,0
13453933,105,0,2,0,0,0,0,0,0,0,0,0
13468918,106,0,2,0,0,0,0,0,0,0,0,0
13483904,107,0,2,0,0,0,0,0,0,0,0,0
13498890,108,0,2,0,0,0,0,0,0,0,0,0
13513876,109,0,2,0,0,0,0,0,0,0,0,0
13528862,110,0,2,0,0,0,0,0,0,0,0,0
13744001,111,0,2,0,0,0,0,0,0,0,0,0
13758975,112,0,2,0,0,0,0,0,0,0,0,0
13773961,113,0,2,0,0,0,0,0,0,0,0,0
13788946,114,0,2,0,0,0,0,0,0,0,0,0
13803932,115,0,2,0,0,0,0,0,0,0,0,0
13818918,116,0,2,0,0,0,0,0,0,0,0,0
13833903,117,0,2,0,0,0,0,0,0,0,0,0
13848889,118,0,2,0,0,0,0,0,0,0,0,0
13863875,119,0,2,0,0,0,0,0,0,0,0,0
13878861,120,0,2,0,0,0,0,0,0,0,0,0
14094002,121,0,2,0,0,0,0,0,0,0,0,0
14108975,122,0,2,0,0,0,0,0,0,0,0,0
14123961,123,0,2,0,0,0,0,0,0,0,0,0
14138947,124,0,2,0,0,0,0,0,0,0,0,0
14153933,125,0,2,0,0,0,0,0,0,0,0,0
14168918,126,0,2,0,0,0,0,0,0,0,0,0
14183904,127,0,2,0,0,0,0,0,0,0,0,0
14198890,128,0,2,0,0,0,0,0,0,0,0,0
14213876,129,0,2,0,0,0,0,0,0,0,0,0
14228862,130,0,2,0,0,0,0,0,0,0,0,0
14444001,131,0,2,0,0,0,0,0,0,0,0,0
14458975,132,0,2,0,0,0,0,0,0,0,0,0
14473960,133,0,2,0,0,0,0,0,0,0,0,0
14488945,134,0,2,0,0,0,0,0,0,0,0,0
14503931,135,0,2,0,0,0,0,0,0,0,0,0
14518917,136,0,2,0,0,0,0,0,0,0,0,0
14533902,137,0,2,0,0,0,0,0,0,0,0,0
14548888,138,0,2,0,0,0,0,0,0,0,0,0
14563874,139,0,2,0,0,0,0,0,0,0,0,0
14578860,140,0,2,0,0,0,0,0,0,0,0,0
14794001,141,0,2,0,0,0,0,0,0,0,0,0
14808974,142,0,2,0,0,0,0,0,0,0,0,0
14823960,143,0,2,0,0,0,0,0,0,0,0,0
14838946,144,0,2,0,0,0,0,0,0,0,0,0
14853932,145,0,2,0,0,0,0,0,0,0,0,0
14868917,146,0,2,0,0,0,0,0,0,0,0,0
14883903,147,0,2,0,0,0,0,0,0,0,0,0
14898889,148,0,2,0,0,0,0,0,0,0,0,0
14913875,149,0,2,0,0,0,0,0,0,0,0,0
15000000,150,0,2,0,0,0,0,0,0,0,0,0
15216002,151,0,2,0,0,0,0,0,0,0,0,0
15230975,152,0,2,0,0,0,0,0,0,0,0,0
15300000,153,0,2,0,0,0,0,0,0,0,0,0
15400000,154,0,2,0,0,0,0,0,0,0,0,0
15500000,155,0,2,0,0,0,0,0,0,0,0,0
15600000,156,0,2,0,0,0,0,0,0,0,0,0
15700000,157,0,2,0,0,0,0,0,0,0,0,0
15800000,158,0,2,0,0,0,0,0,0,0,0,0
15900000,159,0,2,0,0,0,0,0,0,0,0,0
16000000,160,0,2,0,0,0,0,0,0,0,0,0
16216001,161,0,2,0,0,0,0,0,0,0,0,0
16230975,162,0,2,0,0,0,0,0,0,0,0,0
16300000,163,0,2,0,0,0,0,0,0,0,0,0
16400000,164,0,2,0,0,0,0,0,0,0,0,0
16500000,165,0,2,0,0,0,0,0,0,0,0,0
16600000,166,0,2,0,0,0,0,0,0,0,0,0
16700000,167,0,2,0,0,0,0,0,0,0,0,0
16800000,168,0,2,0,0,0,0,0,0,0,0,0
16900000,169,0,2,0,0,0,0,0,0,0,0,0
17000000,170,0,2,0,0,0,0,0,0,0,0,0
17216001,171,0,2,0,0,0,0,0,0,0,0,0
17230975,172,0,2,0,0,0,0,0,0,0,0,0
17300000,173,0,2,0,0,0,0,0,0,0,0,0
17400000,174,0,2,0,0,0,0,0,0,0,0,0
17500000,175,0,2,0,0,0,0,0,0,0,0,0
17600000,176,0,2,0,0,0,0,0,0,0,0,0
17700000,177,0,2,0,0,0,0,0,0,0,0,0
17800000,178,0,2,0,0,0,0,0,0,0,0,0
17900000,179,0,2,0,0,0,0,0,0,0,0,0
18000000,180,0,2,0,0,0,0,0,0,0,0,0
18216001,181,0,2,0,0,0,0,0,0,0,0,0
18230975,182,0,2,0,0,0,0,0,0,0,0,0
18300000,183,0,2,0,0,0,0,0,0,0,0,0
18400000,184,0,2,0,0,0,0,0,0,0,0,0
18500000,185,0,2,0,0,0,0,0,0,0,0,0
18600000,186,0,2,0,0,0,0,0,0,0,0,0
18700000,187,0,2,0,0,0,0,0,0,0,0,0
18800000,188,0,2,0,0,0,0,0,0,0,0,0
18900000,189,0,2,0,0,0,0,0,0,0,0,0
19000000,190,0,2,0,0,0,0,0,0,0,0,0
19216002,191,0,2,0,0,0,0,0,0,0,0,0
19230975,192,0,2,0,0,0,0,0,0,0,0,0
19300000,193,0,2,0,0,0,0,0,0,0,0,0
19400000,194,0,2,0,0,0,0,0,0,0,0,0
19500000,195,0,2,0,0,0,0,0,0,0,0,0
19600000,196,0,2,0,0,0,0,0,0,0,0,0
19700000,197,0,2,0,0,0,0,0,0,0,0,0
19800000,198,0,2,0,0,0,0,0,0,0,0,0
19900000,199,0,2,0,0,0,0,0,0,0,0,0
20000000,200,0,2,0,0,0,0,0,0,0,0,0
20215002,201,0,2,0,0,0,0,0,0,0,0,0
20229975,202,0,2,0,0,0,0,0,0,0,0,0
20300000,203,0,2,0,0,0,0,0,0,0,0,0
20400000,204,0,2,0,0,0,0,0,0,0,0,0
20500000,205,0,2,0,0,0,0,0,0,0,0,0
20600000,206,0,2,0,0,0,0,0,0,0,0,0
20700000,207,0,2,0,0,0,0,0,0,0,0,0
20800000,208,0,2,0,0,0,0,0,0,0,0,0
20900000,209,0,2,0,0,0,0,0,0,0,0,0
21000000,210,0,2,0,0,0,0,0,0,0,0,0
21216001,211,0,2,0,0,0,0,0,0,0,0,0
21230975,212,0,2,0,0,0,0,0,0,0,0,0
21300000,213,0,2,0,0,0,0,0,0,0,0,0
21400000,214,0,2,0,0,0,0,0,0,0,0,0
21500000,215,0,2,0,0,0,0,0,0,0,0,0
21600000,216,0,2,0,0,0,0,0,0,0,0,0
21700000,217,0,2,0,0,0,0,0,0,0,0,0
21800000,218,0,2,0,0,0,0,0,0,0,0,0
21900000,219,0,2,0,0,0,0,0,0,0,0,0
22000000,220,0,2,0,0,0,0,0,0,0,0,0
22216001,221,0,2,0,0,0,0,0,0,0,0,0
22230975,222,0,2,0,0,0,0,0,0,0,0,0
22300000,223,0,2,0,0,0,0,0,0,0,0,0
22400000,224,0,2,0,0,0,0,0,0,0,0,0
22500000,225,0,2,0,0,0,0,0,0,0,0,0
22600000,226,0,2,0,0,0,0,0,0,0,0,0
22700000,227,0,2,0,0,0,0,0,0,0,0,0
22800000,228,0,2,0,0,0,0,0,0,0,0,0
22900000,229,0,2,0,0,0,0,0,0,0,0,0
23000000,230,0,2,0,0,0,0,0,0,0,0,0
23216002,231,0,2,0,0,0,0,0,0,0,0,0
23230975,232,0,2,0,0,0,0,0,0,0,0,0
23300000,233,0,2,0,0,0,0,0,0,0,0,0
23400000,234,0,2,0,0,0,0,0,0,0,0,0
23500000,235,0,2,0,0,0,0,0,0,0,0,0
23600000,236,0,2,0,0,0,0,0,0,0,0,0
23700000,237,0,2,0,0,0,0,0,0,0,0,0
23800000,238,0,2,0,0,0,0,0,0,0,0,0
23900000,239,0,2,0,0,0,0,0,0,0,0,0
24000000,240,0,2,0,0,0,0,0,0,0,0,0
24216002,241,0,2,0,0,0,0,0,0,0,0,0
24230975,242,0,2,0,0,0,0,0,0,0,0,0
24300000,243,0,2,0,0,0,0,0,0,0,0,0
24400000,244,0,2,0,0,0,0,0,0,0,0,0
24500000,245,0,2,0,0,0,0,0,0,0,0,0
24600000,246,0,2,0,0,0,0,0,0,0,0,0
24700000,247,0,2,0,0,0,0,0,0,0,0,0
24800000,248,0,2,0,0,0,0,0,0,0,0,0
24900000,249,0,2,0,0,0,0,0,0,0,0,0
25000000,250,0,2,0,0,0,0,0,0,0,0,0
25215002,251,0,2,0,0,0,0,0,0,0,0,0
25229974,252,0,2,0,0,0,0,0,0,0,0,0
25300000,253,0,2,0,0,0,0,0,0,0,0,0
25400000,254,0,2,0,0,0,0,0,0,0,0,0
25500000,255,0,2,0,0,0,0,0,0,0,0,0
25600000,256,0,2,0,0,0,0,0,0,0,0,0
25700000,257,0,2,0,0,0,0,0,0,0,0,0
25800000,258,0,2,0,0,0,0,0,0,0,0,0
25900000,259,0,2,0,0,0,0,0,0,0,0,0
26000000,260,0,2,0,0,0,0,0,0,0,0,0
26216001,261,0,2,0,0,0,0,0,0,0,0,0
26230975,262,0,2,0,0,0,0,0,0,0,0,0
26300000,263,0,2,0,0,0,0,0,0,0,0,0
26400000,264,0,2,0,0,0,0,0,0,0,0,0
26500000,265,0,2,0,0,0,0,0,0,0,0,0
26600000,266,0,2,0,0,0,0,0,0,0,0,0
26700000,267,0,2,0,0,0,0,0,0,0,0,0
26800000,268,0,2,0,0,0,0,0,0,0,0,0
26900000,269,0,2,0,0,0,0,0,0,0,0,0
27000000,270,0,2,0,0,0,0,0,0,0,0,0
27216001,271,0,2,0,0,0,0,0,0,0,0,0
27230975,272,0,2,0,0,0,0,0,0,0,0,0
27300000,273,0,2,0,0,0,0,0,0,0,0,0
27400000,274,0,2,0,0,0,0,0,0,0,0,0
27500000,275,0,2,0,0,0,0,0,0,0,0,0
27600000,276,0,2,0,0,0,0,0,0,0,0,0
27700000,277,0,2,0,0,0,0,0,0,0,0,0
27800000,278,0,2,0,0,0,0,0,0,0,0,0
27900000,279,0,2,0,0,0,0,0,0,0,0,0
28000000,280,0,2,0,0,0,0,0,0,0,0,0
28216001,281,0,2,0,0,0,0,0,0,0,0,0
28230975,282,0,2,0,0,0,0,0,0,0,0,0
28300000,283,0,2,0,0,0,0,0,0,0,0,0
28400000,284,0,2,0,0,0,0,0,0,0,0,0
28500000,285,0,2,0,0,0,0,0,0,0,0,0
28600000,286,0,2,0,0,0,0,0,0,0,0,0
28700000,287,0,2,0,0,0,0,0,0,0,0,0
28800000,288,0,2,0,0,0,0,0,0,0,0,0
28900000,289,0,2,0,0,0,0,0,0,0,0,0
29000000,290,0,2,0,0,0,0,0,0,0,0,0
29216001,291,0,2,0,0,0,0,0,0,0,0,0
29230975,292,0,2,0,0,0,0,0,0,0,0,0
29300000,293,0,2,0,0,0,0,0,0,0,0,0
29400000,294,0,2,0,0,0,0,0,0,0,0,0
29500000,295,0,2,0,0,0,0,0,0,0,0,0
29600000,296,0,2,0,0,0,0,0,0,0,0,0
29700000,297,0,2,0,0,0,0,0,0,0,0,0
29800000,298,0,2,0,0,0,0,0,0,0,0,0
29900000,299,0,2,0,0,0,0,0,0,0,0,0
30000000,300,0,2,0,0,0,0,0,0,0,0,0
30216001,301,0,2,0,0,0,0,0,0,0,0,0
30230975,302,0,2,0,0,0,0,0,0,0,0,0
30300000,303,0,2,0,0,0,0,0,0,0,0,0
30400000,304,0,2,0,0,0,0,0,0,0,0,0
30500000,305,0,2,0,0,0,0,0,0,0,0,0
30600000,306,0,2,0,0,0,0,0,0,0,0,0
30700000,307,0,2,0,0,0,0,0,0,0,0,0
30800000,308,0,2,0,0,0,0,0,0,0,0,0
30900000,309,0,2,0,0,0,0,0,0,0,0,0
31000000,310,0,2,0,0,0,0,0,0,0,0,0
31216001,311,0,2,0,0,0,0,0,0,0,0,0
31230974,312,0,2,0,0,0,0,0,0,0,0,0
31300000,313,0,2,0,0,0,0,0,0,0,0,0
31400000,314,0,2,0,0,0,0,0,0,0,0,0
31500000,315,0,2,0,0,0,0,0,0,0,0,0
31600000,316,0,2,0,0,0,0,0,0,0,0,0
31700000,317,0,2,0,0,0,0,0,0,0,0,0
31800000,318,0,2,0,0,0,0,0,0,0,0,0
31900000,319,0,2,0,0,0,0,0,0,0,0,0
32000000,320,0,2,0,0,0,0,0,0,0,0,0
32216001,321,0,2,0,0,0,0,0,0,0,0,0
32230975,322,0,2,0,0,0,0,0,0,0,0,0
32300000,323,0,2,0,0,0,0,0,0,0,0,0
32400000,324,0,2,0,0,0,0,0,0,0,0,0
32500000,325,0,2,0,0,0,0,0,0,0,0,0
32600000,326,0,2,0,0,0,0,0,0,0,0,0
32700000,327,0,2,0,0,0,0,0,0,0,0,0
32800000,328,0,2,0,0,0,0,0,0,0,0,0
32900000,329,0,2,0,0,0,0,0,0,0,0,0
33000000,330,0,2,0,0,0,0,0,0,0,0,0
33215001,331,0,2,0,0,0,0,0,0,0,0,0
33229974,332,0,2,0,0,0,0,0,0,0,0,0
33300000,333,0,2,0,0,0,0,0,0,0,0,0
33400000,334,0,2,0,0,0,0,0,0,0,0,0
33500000,335,0,2,0,0,0,0,0,0,0,0,0
33600000,336,0,2,0,0,0,0,0,0,0,0,0
33700000,337,0,2,0,0,0,0,0,0,0,0,0
33800000,338,0,2,0,0,0,0,0,0,0,0,0
33900000,339,0,2,0,0,0,0,0,0,0,0,0
34000000,340,0,2,0,0,0,0,0,0,0,0,0
34216002,341,0,2,0,0,0,0,0,0,0,0,0
34230975,342,0,2,0,0,0,0,0,0,0,0,0
34300000,343,0,2,0,0,0,0,0,0,0,0,0
34400000,344,0,2,0,0,0,0,0,0,0,0,0
34500000,345,0,2,0,0,0,0,0,0,0,0,0
34600000,346,0,2,0,0,0,0,0,0,0,0,0
34700000,347,0,2,0,0,0,0,0,0,0,0,0
34800000,348,0,2,0,0,0,0,0,0,0,0,0
34900000,349,0,2,0,0,0,0,0,0,0,0,0
35000000,350,0,2,0,0,0,0,0,0,0,0,0
35216001,351,0,2,0,0,0,0,0,0,0,0,0
35230975,352,0,2,0,0,0,0,0,0,0,0,0
35300000,353,0,2,0,0,0,0,0,0,0,0,0
35400000,354,0,2,0,0,0,0,0,0,0,0,0
35500000,355,0,2,0,0,0,0,0,0,0,0,0
35600000,356,0,2,0,0,0,0,0,0,0,0,0
35700000,357,0,2,0,0,0,0,0,0,0,0,0
35800000,358,0,2,0,0,0,0,0,0,0,0,0
35900000,359,0,2,0,0,0,0,0,0,0,0,0
36000000,360,0,2,0,0,0,0,0,0,0,0,0
36216001,361,0,2,0,0,0,0,0,0,0,0,0
36230974,362,0,2,0,0,0,0,0,0,0,0,0
36300000,363,0,2,0,0,0,0,0,0,0,0,0
36400000,364,0,2,0,0,0,0,0,0,0,0,0
36500000,365,0,2,0,0,0,0,0,0,0,0,0
36600000,366,0,2,0,0,0,0,0,0,0,0,0
36700000,367,0,2,0,0,0,0,0,0,0,0,0
36800000,368,0,2,0,0,0,0,0,0,0,0,0
36900000,369,0,2,0,0,0,0,0,0,0,0,0
37000000,370,0,2,0,0,0,0,0,0,0,0,0
37216001,371,0,2,0,0,0,0,0,0,0,0,0
37230975,372,0,2,0,0,0,0,0,0,0,0,0
37300000,373,0,2,0,0,0,0,0,0,0,0,0
37400000,374,0,2,0,0,0,0,0,0,0,0,0
37500000,375,0,2,0,0,0,0,0,0,0,0,0
37600000,376,0,2,0,0,0,0,0,0,0,0,0
37700000,377,0,2,0,0,0,0,0,0,0,0,0
37800000,378,0,2,0,0,0,0,0,0,0,0,0
37900000,379,0,2,0,0,0,0,0,0,0,0,0
38000000,380,0,2,0,0,0,0,0,0,0,0,0
38216002,381,0,2,0,0,0,0,0,0,0,0,0
38230975,382,0,2,0,0,0,0,0,0,0,0,0
38300000,383,0,2,0,0,0,0,0,0,0,0,0
38400000,384,0,2,0,0,0,0,0,0,0,0,0
38500000,385,0,2,0,0,0,0,0,0,0,0,0
38600000,386,0,2,0,0,0,0,0,0,0,0,0
38700000,387,0,2,0,0,0,0,0,0,0,0,0
38800000,388,0,2,0,0,0,0,0,0,0,0,0
38900000,389,0,2,0,0,0,0,0,0,0,0,0
39000000,390,0,2,0,0,0,0,0,0,0,0,0
39216001,391,0,2,0,0,0,0,0,0,0,0,0
39230975,392,0,2,0,0,0,0,0,0,0,0,0
39300000,393,0,2,0,0,0,0,0,0,0,0,0
39400000,394,0,2,0,0,0,0,0,0,0,0,0
39500000,395,0,2,0,0,0,0,0,0,0,0,0
39600000,396,0,2,0,0,0,0,0,0,0,0,0
39700000,397,0,2,0,0,0,0,0,0,0,0,0
39800000,398,0,2,0,0,0,0,0,0,0,0,0
39900000,399,0,2,0,0,0,0,0,0,0,0,0
40000000,400,0,2,0,0,0,0,0,0,0,0,0
40216002,401,0,2,0,0,0,0,0,0,0,0,0
40230975,402,0,2,0,0,0,0,0,0,0,0,0
40300000,403,0,2,0,0,0,0,0,0,0,0,0
40400000,404,0,2,0,0,0,0,0,0,0,0,0
40500000,405,0,2,0,0,0,0,0,0,0,0,0
40600000,406,0,2,0,0,0,0,0,0,0,0,0
40700000,407,0,2,0,0,0,0,0,0,0,0,0
40800000,408,0,2,0,0,0,0,0,0,0,0,0
40900000,409,0,2,0,0,0,0,0,0,0,0,0
41000000,410,0,2,0,0,0,0,0,0,0,0,0
41216001,411,0,2,0,0,0,0,0,0,0,0,0
41230975,412,0,2,0,0,0,0,0,0,0,0,0
41300000,413,0,2,0,0,0,0,0,0,0,0,0
41400000,414,0,2,0,0,0,0,0,0,0,0,0
41500000,415,0,2,0,0,0,0,0,0,0,0,0
41600000,416,0,2,0,0,0,0,0,0,0,0,0
41700000,417,0,2,0,0,0,0,0,0,0,0,0
41800000,418,0,2,0,0,0,0,0,0,0,0,0
41900000,419,0,2,0,0,0,0,0,0,0,0,0
42000000,420,0,2,0,0,0,0,0,0,0,0,0
42216001,421,0,2,0,0,0,0,0,0,0,0,0
42230975,422,0,2,0,0,0,0,0,0,0,0,0
42300000,423,0,2,0,0,0,0,0,0,0,0,0
42400000,424,0,2,0,0,0,0,0,0,0,0,0
42500000,425,0,2,0,0,0,0,0,0,0,0,0
42600000,426,0,2,0,0,0,0,0,0,0,0,0
42700000,427,0,2,0,0,0,0,0,0,0,0,0
42800000,428,0,2,0,0,0,0,0,0,0,0,0
42900000,429,0,2,0,0,0,0,0,0,0,0,0
43000000,430,0,2,0,0,0,0,0,0,0,0,0
43216001,431,0,2,0,0,0,0,0,0,0,0,0
43230974,432,0,2,0,0,0,0,0,0,0,0,0
43300000,433,0,2,0,0,0,0,0,0,0,0,0
43400000,434,0,2,0,0,0,0,0,0,0,0,0
43500000,435,0,2,0,0,0,0,0,0,0,0,0
43600000,436,0,2,0,0,0,0,0,0,0,0,0
43700000,437,0,2,0,0,0,0,0,0,0,0,0
43800000,438,0,2,0,0,0,0,0,0,0,0,0
43900000,439,0,2,0,0,0,0,0,0,0,0,0
44000000,440,0,2,0,0,0,0,0,0,0,0,0
44216002,441,0,2,0,0,0,0,0,0,0,0,0
44230975,442,0,2,0,0,0,0,0,0,0,0,0
44300000,443,0,2,0,0,0,0,0,0,0,0,0
44400000,444,0,2,0,0,0,0,0,0,0,0,0
44500000,445,0,2,0,0,0,0,0,0,0,0,0
44600000,446,0,2,0,0,0,0,0,0,0,0,0
44700000,447,0,2,0,0,0,0,0,0,0,0,0
44800000,448,0,2,0,0,0,0,0,0,0,0,0
44900000,449,0,2,0,0,0,0,0,0,0,0,0
45000000,450,0,2,0,0,0,0,0,0,0,0,0
45216001,451,0,2,0,0,0,0,0,0,0,0,0
45230975,452,0,2,0,0,0,0,0,0,0,0,0
45300000,453,0,2,0,0,0,0,0,0,0,0,0
45400000,454,0,2,0,0,0,0,0,0,0,0,0
45500000,455,0,2,0,0,0,0,0,0,0,0,0
45600000,456,0,2,0,0,0,0,0,0,0,0,0
45700000,457,0,2,0,0,0,0,0,0,0,0,0
45800000,458,0,2,0,0,0,0,0,0,0,0,0
45900000,459,0,2,0,0,0,0,0,0,0,0,0
46000000,460,0,2,0,0,0,0,0,0,0,0,0
46215001,461,0,2,0,0,0,0,0,0,0,0,0
46229975,462,0,2,0,0,0,0,0,0,0,0,0
46300000,463,0,2,0,0,0,0,0,0,0,0,0
46400000,464,0,2,0,0,0,0,0,0,0,0,0
46500000,465,0,2,0,0,0,0,0,0,0,0,0
46600000,466,0,2,0,0,0,0,0,0,0,0,0
46700000,467,0,2,0,0,0,0,0,0,0,0,0
46800000,468,0,2,0,0,0,0,0,0,0,0,0
46900000,469,0,2,0,0,0,0,0,0,0,0,0
47000000,470,0,2,0,0,0,0,0,0,0,0,0
47216001,471,0,2,0,0,0,0,0,0,0,0,0
47230975,472,0,2,0,0,0,0,0,0,0,0,0
47300000,473,0,2,0,0,0,0,0,0,0,0,0
47400000,474,0,2,0,0,0,0,0,0,0,0,0
47500000,475,0,2,0,0,0,0,0,0,0,0,0
47600000,476,0,2,0,0,0,0,0,0,0,0,0
47700000,477,0,2,0,0,0,0,0,0,0,0,0
47800000,478,0,2,0,0,0,0,0,0,0,0,0
47900000,479,0,2,0,0,0,0,0,0,0,0,0
48000000,480,0,2,0,0,0,0,0,0,0,0,0
48216001,481,0,2,0,0,0,0,0,0,0,0,0
48230975,482,0,2,0,0,0,0,0,0,0,0,0
48300000,483,0,2,0,0,0,0,0,0,0,0,0
48400000,484,0,2,0,0,0,0,0,0,0,0,0
48500000,485,0,2,0,0,0,0,0,0,0,0,0
48600000,486,0,2,0,0,0,0,0,0,0,0,0
48700000,487,0,2,0,0,0,0,0,0,0,0,0
48800000,488,0,2,0,0,0,0,0,0,0,0,0
48900000,489,0,2,0,0,0,0,0,0,0,0,0
49000000,490,0,2,0,0,0,0,0,0,0,0,0
49216002,491,0,2,0,0,0,0,0,0,0,0,0
49230974,492,0,2,0,0,0,0,0,0,0,0,0
49300000,493,0,2,0,0,0,0,0,0,0,0,0
49400000,494,0,2,0,0,0,0,0,0,0,0,0
49500000,495,0,2,0,0,0,0,0,0,0,0,0
49600000,496,0,2,0,0,0,0,0,0,0,0,0
49700000,497,0,2,0,0,0,0,0,0,0,0,0
49800000,498,0,2,0,0,0,0,0,0,0,0,0
49900000,499,0,2,0,0,0,0,0,0,0,0,0
50000000,500,0,2,0,0,0,0,0,0,0,0,0
50216002,501,0,2,0,0,0,0,0,0,0,0,0
50230974,502,0,2,0,0,0,0,0,0,0,0,0
50300000,503,0,2,0,0,0,0,0,0,0,0,0
50400000,504,0,2,0,0,0,0,0,0,0,0,0
50500000,505,0,2,0,0,0,0,0,0,0,0,0
50600000,506,0,2,0,0,0,0,0,0,0,0,0
50700000,507,0,2,0,0,0,0,0,0,0,0,0
50800000,508,0,2,0,0,0,0,0,0,0,0,0
50900000,509,0,2,0,0,0,0,0,0,0,0,0
51000000,510,0,2,0,0,0,0,0,0,0,0,0
51215001,511,0,2,0,0,0,0,0,0,0,0,0
51229975,512,0,2,0,0,0,0,0,0,0,0,0
51300000,513,0,2,0,0,0,0,0,0,0,0,0
51400000,514,0,2,0,0,0,0,0,0,0,0,0
51500000,515,0,2,0,0,0,0,0,0,0,0,0
51600000,516,0,2,0,0,0,0,0,0,0,0,0
51700000,517,0,2,0,0,0,0,0,0,0,0,0
51800000,518,0,2,0,0,0,0,0,0,0,0,0
51900000,519,0,2,0,0,0,0,0,0,0,0,0
52000000,520,0,2,0,0,0,0,0,0,0,0,0
52216001,521,0,2,0,0,0,0,0,0,0,0,0
52230975,522,0,2,0,0,0,0,0,0,0,0,0
52300000,523,0,2,0,0,0,0,0,0,0,0,0
52400000,524,0,2,0,0,0,0,0,0,0,0,0
52500000,525,0,2,0,0,0,0,0,0,0,0,0
52600000,526,0,2,0,0,0,0,0,0,0,0,0
52700000,527,0,2,0,0,0,0,0,0,0,0,0
52800000,528,0,2,0,0,0,0,0,0,0,0,0
52900000,529,0,2,0,0,0,0,0,0,0,0,0
53000000,530,0,2,0,0,0,0,0,0,0,0,0
53216002,531,0,2,0,0,0,0,0,0,0,0,0
53230975,532,0,2,0,0,0,0,0,0,0,0,0
53300000,533,0,2,0,0,0,0,0,0,0,0,0
53400000,534,0,2,0,0,0,0,0,0,0,0,0
53500000,535,0,2,0,0,0,0,0,0,0,0,0
53600000,536,0,2,0,0,0,0,0,0,0,0,0
53700000,537,0,2,0,0,0,0,0,0,0,0,0
53800000,538,0,2,0,0,0,0,0,0,0,0,0
53900000,539,0,2,0,0,0,0,0,0,0,0,0
54000000,540,0,2,0,0,0,0,0,0,0,0,0
54216001,541,0,2,0,0,0,0,0,0,0,0,0
54230975,542,0,2,0,0,0,0,0,0,0,0,0
54300000,543,0,2,0,0,0,0,0,0,0,0,0
54400000,544,0,2,0,0,0,0,0,0,0,0,0
54500000,545,0,2,0,0,0,0,0,0,0,0,0
54600000,546,0,2,0,0,0,0,0,0,0,0,0
54700000,547,0,2,0,0,0,0,0,0,0,0,0
54800000,548,0,2,0,0,0,0,0,0,0,0,0
54900000,549,0,2,0,0,0,0,0,0,0,0,0
55000000,550,0,2,0,0,0,0,0,0,0,0,0
55216001,551,0,2,0,0,0,0,0,0,0,0,0
55230975,552,0,2,0,0,0,0,0,0,0,0,0
55300000,553,0,2,0,0,0,0,0,0,0,0,0
55400000,554,0,2,0,0,0,0,0,0,0,0,0
55500000,555,0,2,0,0,0,0,0,0,0,0,0
55600000,556,0,2,0,0,0,0,0,0,0,0,0
55700000,557,0,2,0,0,0,0,0,0,0,0,0
55800000,558,0,2,0,0,0,0,0,0,0,0,0
55900000,559,0,2,0,0,0,0,0,0,0,0,0
56000000,560,0,2,0,0,0,0,0,0,0,0,0
56216001,561,0,2,0,0,0,0,0,0,0,0,0
56230975,562,0,2,0,0,0,0,0,0,0,0,0
56300000,563,0,2,0,0,0,0,0,0,0,0,0
56400000,564,0,2,0,0,0,0,0,0,0,0,0
56500000,565,0,2,0,0,0,0,0,0,0,0,0
56600000,566,0,2,0,0,0,0,0,0,0,0,0
56700000,567,0,2,0,0,0,0,0,0,0,0,0
56800000,568,0,2,0,0,0,0,0,0,0,0,0
56900000,569,0,2,0,0,0,0,0,0,0,0,0
57000000,570,0,2,0,0,0,0,0,0,0,0,0
57216001,571,0,2,0,0,0,0,0,0,0,0,0
57230975,572,0,2,0,0,0,0,0,0,0,0,0
57300000,573,0,2,0,0,0,0,0,0,0,0,0
57400000,574,0,2,0,0,0,0,0,0,0,0,0
57500000,575,0,2,0,0,0,0,0,0,0,0,0
57600000,576,0,2,0,0,0,0,0,0,0,0,0
57700000,577,0,2,0,0,0,0,0,0,0,0,0
57800000,578,0,2,0,0,0,0,0,0,0,0,0
57900000,579,0,2,0,0,0,0,0,0,0,0,0
58000000,580,0,2,0,0,0,0,0,0,0,0,0
58216001,581,0,2,0,0,0,0,0,0,0,0,0
58230974,582,0,2,0,0,0,0,0,0,0,0,0
58300000,583,0,2,0,0,0,0,0,0,0,0,0
58400000,584,0,2,0,0,0,0,0,0,0,0,0
58500000,585,0,2,0,0,0,0,0,0,0,0,0
58600000,586,0,2,0,0,0,0,0,0,0,0,0
58700000,587,0,2,0,0,0,0,0,0,0,0,0
58800000,588,0,2,0,0,0,0,0,0,0,0,0
58900000,589,0,2,0,0,0,0,0,0,0,0,0
59000000,590,0,2,0,0,0,0,0,0,0,0,0
59215002,591,0,2,0,0,0,0,0,0,0,0,0
59229975,592,0,2,0,0,0,0,0,0,0,0,0
59300000,593,0,2,0,0,0,0,0,0,0,0,0
59400000,594,0,2,0,0,0,0,0,0,0,0,0
59500000,595,0,2,0,0,0,0,0,0,0,0,0
59600000,596,0,2,0,0,0,0,0,0,0,0,0
59700000,597,0,2,0,0,0,0,0,0,0,0,0
59800000,598,0,2,0,0,0,0,0,0,0,0,0
59900000,599,0,2,0,0,0,0,0,0,0,0,0
60000000,600,0,2,0,0,0,0,0,0,0,0,0
60216002,601,0,2,0,0,0,0,0,0,0,0,0
60230975,602,0,2,0,0,0,0,0,0,0,0,0
60300000,603,0,2,0,0,0,0,0,0,0,0,0
60400000,604,0,2,0,0,0,0,0,0,0,0,0
60500000,605,0,2,0,0,0,0,0,0,0,0,0
60600000,606,0,2,0,0,0,0,0,0,0,0,0
60700000,607,0,2,0,0,0,0,0,0,0,0,0
60800000,608,0,2,0,0,0,0,0,0,0,0,0
60900000,609,0,2,0,0,0,0,0,0,0,0,0
61000000,610,0,2,0,0,0,0,0,0,0,0,0
61216002,611,0,2,0,0,0,0,0,0,0,0,0
61230974,612,0,2,0,0,0,0,0,0,0,0,0
61300000,613,0,2,0,0,0,0,0,0,0,0,0
61400000,614,0,2,0,0,0,0,0,0,0,0,0
61500000,615,0,2,0,0,0,0,0,0,0,0,0
61600000,616,0,2,0,0,0,0,0,0,0,0,0
61700000,617,0,2,0,0,0,0,0,0,0,0,0
61800000,618,0,2,0,0,0,0,0,0,0,0,0
61900000,619,0,2,0,0,0,0,0,0,0,0,0
62000000,620,0,2,0,0,0,0,0,0,0,0,0
62216001,621,0,2,0,0,0,0,0,0,0,0,0
62230975,622,0,2,0,0,0,0,0,0,0,0,0
62300000,623,0,2,0,0,0,0,0,0,0,0,0
62400000,624,0,2,0,0,0,0,0,0,0,0,0
62500000,625,0,2,0,0,0,0,0,0,0,0,0
62600000,626,0,2,0,0,0,0,0,0,0,0,0
62700000,627,0,2,0,0,0,0,0,0,0,0,0
62800000,628,0,2,0,0,0,0,0,0,0,0,0
62900000,629,0,2,0,0,0,0,0,0,0,0,0
63000000,630,0,2,0,0,0,0,0,0,0,0,0
63216001,631,0,2,0,0,0,0,0,0,0,0,0
63230975,632,0,2,0,0,0,0,0,0,0,0,0
63300000,633,0,2,0,0,0,0,0,0,0,0,0
63400000,634,0,2,0,0,0,0,0,0,0,0,0
63500000,635,0,2,0,0,0,0,0,0,0,0,0
63600000,636,0,2,0,0,0,0,0,0,0,0,0
63700000,637,0,2,0,0,0,0,0,0,0,0,0
63800000,638,0,2,0,0,0,0,0,0,0,0,0
63900000,639,0,2,0,0,0,0,0,0,0,0,0
64000000,640,0,2,0,0,0,0,0,0,0,0,0
64215001,641,0,2,0,0,0,0,0,0,0,0,0
64229975,642,0,2,0,0,0,0,0,0,0,0,0
64300000,643,0,2,0,0,0,0,0,0,0,0,0
64400000,644,0,2,0,0,0,0,0,0,0,0,0
64500000,645,0,2,0,0,0,0,0,0,0,0,0
64600000,646,0,2,0,0,0,0,0,0,0,0,0
64700000,647,0,2,0,0,0,0,0,0,0,0,0
64800000,648,0,2,0,0,0,0,0,0,0,0,0
64900000,649,0,2,0,0,0,0,0,0,0,0,0
65000000,650,0,2,0,0,0,0,0,0,0,0,0
65216001,651,0,2,0,0,0,0,0,0,0,0,0
65230974,652,0,2,0,0,0,0,0,0,0,0,0
65300000,653,0,2,0,0,0,0,0,0,0,0,0
65400000,654,0,2,0,0,0,0,0,0,0,0,0
65500000,655,0,2,0,0,0,0,0,0,0,0,0
65600000,656,0,2,0,0,0,0,0,0,0,0,0
65700000,657,0,2,0,0,0,0,0,0,0,0,0
65800000,658,0,2,0,0,0,0,0,0,0,0,0
65900000,659,0,2,0,0,0,0,0,0,0,0,0
66000000,660,0,2,0,0,0,0,0,0,0,0,0
66216002,661,0,2,0,0,0,0,0,0,0,0,0
66230975,662,0,2,0,0,0,0,0,0,0,0,0
66300000,663,0,2,0,0,0,0,0,0,0,0,0
66400000,664,0,2,0,0,0,0,0,0,0,0,0
66500000,665,0,2,0,0,0,0,0,0,0,0,0
66600000,666,0,2,0,0,0,0,0,0,0,0,0
66700000,667,0,2,0,0,0,0,0,0,0,0,0
66800000,668,0,2,0,0,0,0,0,0,0,0,0
66900000,669,0,2,0,0,0,0,0,0,0,0,0
67000000,670,0,2,0,0,0,0,0,0,0,0,0
67216002,671,0,2,0,0,0,0,0,0,0,0,0
67230975,672,0,2,0,0,0,0,0,0,0,0,0
67300000,673,0,2,0,0,0,0,0,0,0,0,0
67400000,674,0,2,0,0,0,0,0,0,0,0,0
67500000,675,0,2,0,0,0,0,0,0,0,0,0
67600000,676,0,2,0,0,0,0,0,0,0,0,0
67700000,677,0,2,0,0,0,0,0,0,0,0,0
67800000,678,0,2,0,0,0,0,0,0,0,0,0
67900000,679,0,2,0,0,0,0,0,0,0,0,0
68000000,680,0,2,0,0,0,0,0,0,0,0,0
68216001,681,0,2,0,0,0,0,0,0,0,0,0
68239234,682,0,2,0,0,0,0,0,0,0,0,0
68300000,683,0,2,0,0,0,0,0,0,0,0,0
68400000,684,0,2,0,0,0,0,0,0,0,0,0
68500000,685,0,2,0,0,0,0,0,0,0,0,0
68600000,686,0,2,0,0,0,0,0,0,0,0,0
68700000,687,0,2,0,0,0,0,0,0,0,0,0
68800000,688,0,2,0,0,0,0,0,0,0,0,0
68900000,689,0,2,0,0,0,0,0,0,0,0,0
69000000,690,0,2,0,0,0,0,0,0,0,0,0
69216001,691,0,2,0,0,0,0,0,0,0,0,0
69230975,692,0,2,0,0,0,0,0,0,0,0,0
69300000,693,0,2,0,0,0,0,0,0,0,0,0
69400000,694,0,2,0,0,0,0,0,0,0,0,0
69500000,695,0,2,0,0,0,0,0,0,0,0,0
69600000,696,0,2,0,0,0,0,0,0,0,0,0
69700000,697,0,2,0,0,0,0,0,0,0,0,0
69800000,698,0,2,0,0,0,0,0,0,0,0,0
69900000,699,0,2,0,0,0,0,0,0,0,0,0
70000000,700,0,2,0,0,0,0,0,0,0,0,0
70216002,701,0,2,0,0,0,0,0,0,0,0,0
70230975,702,0,2,0,0,0,0,0,0,0,0,0
70300000,703,0,2,0,0,0,0,0,0,0,0,0
70400000,704,0,2,0,0,0,0,0,0,0,0,0
70500000,705,0,2,0,0,0,0,0,0,0,0,0
70600000,706,0,2,0,0,0,0,0,0,0,0,0
70700000,707,0,2,0,0,0,0,0,0,0,0,0
70800000,708,0,2,0,0,0,0,0,0,0,0,0
70900000,709,0,2,0,0,0,0,0,0,0,0,0
71000000,710,0,2,0,0,0,0,0,0,0,0,0
71216001,711,0,2,0,0,0,0,0,0,0,0,0
71230975,712,0,2,0,0,0,0,0,0,0,0,0
71300000,713,0,2,0,0,0,0,0,0,0,0,0
71400000,714,0,2,0,0,0,0,0,0,0,0,0
71500000,715,0,2,0,0,0,0,0,0,0,0,0
71600000,716,0,2,0,0,0,0,0,0,0,0,0
71700000,717,0,2,0,0,0,0,0,0,0,0,0
71800000,718,0,2,0,0,0,0,0,0,0,0,0
71900000,719,0,2,0,0,0,0,0,0,0,0,0
72000000,720,0,2,0,0,0,0,0,0,0,0,0
72215001,721,0,2,0,0,0,0,0,0,0,0,0
72229975,722,0,2,0,0,0,0,0,0,0,0,0
72300000,723,0,2,0,0,0,0,0,0,0,0,0
72400000,724,0,2,0,0,0,0,0,0,0,0,0
72500000,725,0,2,0,0,0,0,0,0,0,0,0
72600000,726,0,2,0,0,0,0,0,0,0,0,0
72700000,727,0,2,0,0,0,0,0,0,0,0,0
72800000,728,0,2,0,0,0,0,0,0,0,0,0
72900000,729,0,2,0,0,0,0,0,0,0,0,0
73000000,730,0,2,0,0,0,0,0,0,0,0,0
73216001,731,0,2,0,0,0,0,0,0,0,0,0
73230975,732,0,2,0,0,0,0,0,0,0,0,0
73300000,733,0,2,0,0,0,0,0,0,0,0,0
73400000,734,0,2,0,0,0,0,0,0,0,0,0
73500000,735,0,2,0,0,0,0,0,0,0,0,0
73600000,736,0,2,0,0,0,0,0,0,0,0,0
73700000,737,0,2,0,0,0,0,0,0,0,0,0
73800000,738,0,2,0,0,0,0,0,0,0,0,0
73900000,739,0,2,0,0,0,0,0,0,0,0,0
74000000,740,0,2,0,0,0,0,0,0,0,0,0
74216001,741,0,2,0,0,0,0,0,0,0,0,0
74230975,742,0,2,0,0,0,0,0,0,0,0,0
74300000,743,0,2,0,0,0,0,0,0,0,0,0
74400000,744,0,2,0,0,0,0,0,0,0,0,0
74500000,745,0,2,0,0,0,0,0,0,0,0,0
74600000,746,0,2,0,0,0,0,0,0,0,0,0
74700000,747,0,2,0,0,0,0,0,0,0,0,0
74800000,748,0,2,0,0,0,0,0,0,0,0,0
74900000,749,0,2,0,0,0,0,0,0,0,0,0
75000000,750,0,2,0,0,0,0,0,0,0,0,0
75216002,751,0,2,0,0,0,0,0,0,0,0,0
75230975,752,0,2,0,0,0,0,0,0,0,0,0
75300000,753,0,2,0,0,0,0,0,0,0,0,0
75400000,754,0,2,0,0,0,0,0,0,0,0,0
75500000,755,0,2,0,0,0,0,0,0,0,0,0
75600000,756,0,2,0,0,0,0,0,0,0,0,0
75700000,757,0,2,0,0,0,0,0,0,0,0,0
75800000,758,0,2,0,0,0,0,0,0,0,0,0
75900000,759,0,2,0,0,0,0,0,0,0,0,0
76000000,760,0,2,0,0,0,0,0,0,0,0,0
76216001,761,0,2,0,0,0,0,0,0,0,0,0
76230975,762,0,2,0,0,0,0,0,0,0,0,0
76300000,763,0,2,0,0,0,0,0,0,0,0,0
76400000,764,0,2,0,0,0,0,0,0,0,0,0
76500000,765,0,2,0,0,0,0,0,0,0,0,0
76600000,766,0,2,0,0,0,0,0,0,0,0,0
76700000,767,0,2,0,0,0,0,0,0,0,0,0
76800000,768,0,2,0,0,0,0,0,0,0,0,0
76900000,769,0,2,0,0,0,0,0,0,0,0,0
77000000,770,0,2,0,0,0,0,0,0,0,0,0
77215002,771,0,2,0,0,0,0,0,0,0,0,0
77229975,772,0,2,0,0,0,0,0,0,0,0,0
77300000,773,0,2,0,0,0,0,0,0,0,0,0
77400000,774,0,2,0,0,0,0,0,0,0,0,0
77500000,775,0,2,0,0,0,0,0,0,0,0,0
77600000,776,0,2,0,0,0,0,0,0,0,0,0
77700000,777,0,2,0,0,0,0,0,0,0,0,0
77800000,778,0,2,0,0,0,0,0,0,0,0,0
77900000,779,0,2,0,0,0,0,0,0,0,0,0
78000000,780,0,2,0,0,0,0,0,0,0,0,0
78216001,781,0,2,0,0,0,0,0,0,0,0,0
78230975,782,0,2,0,0,0,0,0,0,0,0,0
78300000,783,0,2,0,0,0,0,0,0,0,0,0
78400000,784,0,2,0,0,0,0,0,0,0,0,0
78500000,785,0,2,0,0,0,0,0,0,0,0,0
78600000,786,0,2,0,0,0,0,0,0,0,0,0
78700000,787,0,2,0,0,0,0,0,0,0,0,0
78800000,788,0,2,0,0,0,0,0,0,0,0,0
78900000,789,0,2,0,0,0,0,0,0,0,0,0
79000000,790,0,2,0,0,0,0,0,0,0,0,0
79216002,791,0,2,0,0,0,0,0,0,0,0,0
79230975,792,0,2,0,0,0,0,0,0,0,0,0
79300000,793,0,2,0,0,0,0,0,0,0,0,0
79400000,794,0,2,0,0,0,0,0,0,0,0,0
79500000,795,0,2,0,0,0,0,0,0,0,0,0
79600000,796,0,2,0,0,0,0,0,0,0,0,0
79700000,797,0,2,0,0,0,0,0,0,0,0,0
79800000,798,0,2,0,0,0,0,0,0,0,0,0
79900000,799,0,2,0,0,0,0,0,0,0,0,0
80000000,800,0,2,0,0,0,0,0,0,0,0,0
80216001,801,0,2,0,0,0,0,0,0,0,0,0
80230975,802,0,2,0,0,0,0,0,0,0,0,0
80300000,803,0,2,0,0,0,0,0,0,0,0,0
80400000,804,0,2,0,0,0,0,0,0,0,0,0
80500000,805,0,2,0,0,0,0,0,0,0,0,0
80600000,806,0,2,0,0,0,0,0,0,0,0,0
80700000,807,0,2,0,0,0,0,0,0,0,0,0
80800000,808,0,2,0,0,0,0,0,0,0,0,0
80900000,809,0,2,0,0,0,0,0,0,0,0,0
81000000,810,0,2,0,0,0,0,0,0,0,0,0
81216002,811,0,2,0,0,0,0,0,0,0,0,0
81230975,812,0,2,0,0,0,0,0,0,0,0,0
81300000,813,0,2,0,0,0,0,0,0,0,0,0
81400000,814,0,2,0,0,0,0,0,0,0,0,0
81500000,815,0,2,0,0,0,0,0,0,0,0,0
81600000,816,0,2,0,0,0,0,0,0,0,0,0
81700000,817,0,2,0,0,0,0,0,0,0,0,0
81800000,818,0,2,0,0,0,0,0,0,0,0,0
81900000,819,0,2,0,0,0,0,0,0,0,0,0
82000000,820,0,2,0,0,0,0,0,0,0,0,0
82216001,821,0,2,0,0,0,0,0,0,0,0,0
82230975,822,0,2,0,0,0,0,0,0,0,0,0
82300000,823,0,2,0,0,0,0,0,0,0,0,0
82400000,824,0,2,0,0,0,0,0,0,0,0,0
82500000,825,0,2,0,0,0,0,0,0,0,0,0
82600000,826,0,2,0,0,0,0,0,0,0,0,0
82700000,827,0,2,0,0,0,0,0,0,0,0,0
82800000,828,0,2,0,0,0,0,0,0,0,0,0
82900000,829,0,2,0,0,0,0,0,0,0,0,0
83000000,830,0,2,0,0,0,0,0,0,0,0,0
83216001,831,0,2,0,0,0,0,0,0,0,0,0
83230975,832,0,2,0,0,0,0,0,0,0,0,0
83300000,833,0,2,0,0,0,0,0,0,0,0,0
83400000,834,0,2,0,0,0,0,0,0,0,0,0
83500000,835,0,2,0,0,0,0,0,0,0,0,0
83600000,836,0,2,0,0,0,0,0,0,0,0,0
83700000,837,0,2,0,0,0,0,0,0,0,0,0
83800000,838,0,2,0,0,0,0,0,0,0,0,0
83900000,839,0,2,0,0,0,0,0,0,0,0,0
84000000,840,0,2,0,0,0,0,0,0,0,0,0
84216001,841,0,2,0,0,0,0,0,0,0,0,0
84230975,842,0,2,0,0,0,0,0,0,0,0,0
84300000,843,0,2,0,0,0,0,0,0,0,0,0
84400000,844,0,2,0,0,0,0,0,0,0,0,0
84500000,845,0,2,0,0,0,0,0,0,0,0,0
84600000,846,0,2,0,0,0,0,0,0,0,0,0
84700000,847,0,2,0,0,0,0,0,0,0,0,0
84800000,848,0,2,0,0,0,0,0,0,0,0,0
84900000,849,0,2,0,0,0,0,0,0,0,0,0
85000000,850,0,2,0,0,0,0,0,0,0,0,0
85215001,851,0,2,0,0,0,0,0,0,0,0,0
85229975,852,0,2,0,0,0,0,0,0,0,0,0
85300000,853,0,2,0,0,0,0,0,0,0,0,0
85400000,854,0,2,0,0,0,0,0,0,0,0,0
85500000,855,0,2,0,0,0,0,0,0,0,0,0
85600000,856,0,2,0,0,0,0,0,0,0,0,0
85700000,857,0,2,0,0,0,0,0,0,0,0,0
85800000,858,0,2,0,0,0,0,0,0,0,0,0
85900000,859,0,2,0,0,0,0,0,0,0,0,0
86000000,860,0,2,0,0,0,0,0,0,0,0,0
86216002,861,0,2,0,0,0,0,0,0,0,0,0
86230975,862,0,2,0,0,0,0,0,0,0,0,0
86300000,863,0,2,0,0,0,0,0,0,0,0,0
86400000,864,0,2,0,0,0,0,0,0,0,0,0
86500000,865,0,2,0,0,0,0,0,0,0,0,0
86600000,866,0,2,0,0,0,0,0,0,0,0,0
86700000,867,0,2,0,0,0,0,0,0,0,0,0
86800000,868,0,2,0,0,0,0,0,0,0,0,0
86900000,869,0,2,0,0,0,0,0,0,0,0,0
87000000,870,0,2,0,0,0,0,0,0,0,0,0
87216001,871,0,2,0,0,0,0,0,0,0,0,0
87230975,872,0,2,0,0,0,0,0,0,0,0,0
87300000,873,0,2,0,0,0,0,0,0,0,0,0
87400000,874,0,2,0,0,0,0,0,0,0,0,0
87500000,875,0,2,0,0,0,0,0,0,0,0,0
87600000,876,0,2,0,0,0,0,0,0,0,0,0
87700000,877,0,2,0,0,0,0,0,0,0,0,0
87800000,878,0,2,0,0,0,0,0,0,0,0,0
87900000,879,0,2,0,0,0,0,0,0,0,0,0
88000000,880,0,2,0,0,0,0,0,0,0,0,0
88216001,881,0,2,0,0,0,0,0,0,0,0,0
88230975,882,0,2,0,0,0,0,0,0,0,0,0
88300000,883,0,2,0,0,0,0,0,0,0,0,0
88400000,884,0,2,0,0,0,0,0,0,0,0,0
88500000,885,0,2,0,0,0,0,0,0,0,0,0
88600000,886,0,2,0,0,0,0,0,0,0,0,0
88700000,887,0,2,0,0,0,0,0,0,0,0,0
88800000,888,0,2,0,0,0,0,0,0,0,0,0
88900000,889,0,2,0,0,0,0,0,0,0,0,0
89000000,890,0,2,0,0,0,0,0,0,0,0,0
89216001,891,0,2,0,0,0,0,0,0,0,0,0
89230975,892,0,2,0,0,0,0,0,0,0,0,0
89300000,893,0,2,0,0,0,0,0,0,0,0,0
89400000,894,0,2,0,0,0,0,0,0,0,0,0
89500000,895,0,2,0,0,0,0,0,0,0,0,0
89600000,896,0,2,0,0,0,0,0,0,0,0,0
89700000,897,0,2,0,0,0,0,0,0,0,0,0
89800000,898,0,2,0,0,0,0,0,0,0,0,0
89900000,899,0,2,0,0,0,0,0,0,0,0,0
90000000,900,0,2,0,0,0,0,0,0,0,0,0
90215001,901,0,2,0,0,0,0,0,0,0,0,0
90229975,902,0,2,0,0,0,0,0,0,0,0,0
90300000,903,0,2,0,0,0,0,0,0,0,0,0
90400000,904,0,2,0,0,0,0,0,0,0,0,0
90500000,905,0,2,0,0,0,0,0,0,0,0,0
90600000,906,0,2,0,0,0,0,0,0,0,0,0
90700000,907,0,2,0,0,0,0,0,0,0,0,0
90800000,908,0,2,0,0,0,0,0,0,0,0,0
90900000,909,0,2,0,0,0,0,0,0,0,0,0
91000000,910,0,2,0,0,0,0,0,0,0,0,0
91216001,911,0,2,0,0,0,0,0,0,0,0,0
91230975,912,0,2,0,0,0,0,0,0,0,0,0
91300000,913,0,2,0,0,0,0,0,0,0,0,0
91400000,914,0,2,0,0,0,0,0,0,0,0,0
91500000,915,0,2,0,0,0,0,0,0,0,0,0
91600000,916,0,2,0,0,0,0,0,0,0,0,0
91700000,917,0,2,0,0,0,0,0,0,0,0,0
91800000,918,0,2,0,0,0,0,0,0,0,0,0
91900000,919,0,2,0,0,0,0,0,0,0,0,0
92000000,920,0,2,0,0,0,0,0,0,0,0,0
92216001,921,0,2,0,0,0,0,0,0,0,0,0
92230975,922,0,2,0,0,0,0,0,0,0,0,0
92300000,923,0,2,0,0,0,0,0,0,0,0,0
92400000,924,0,2,0,0,0,0,0,0,0,0,0
92500000,925,0,2,0,0,0,0,0,0,0,0,0
92600000,926,0,2,0,0,0,0,0,0,0,0,0
92700000,927,0,2,0,0,0,0,0,0,0,0,0
92800000,928,0,2,0,0,0,0,0,0,0,0,0
92900000,929,0,2,0,0,0,0,0,0,0,0,0
93000000,930,0,2,0,0,0,0,0,0,0,0,0
93216002,931,0,2,0,0,0,0,0,0,0,0,0
93230975,932,0,2,0,0,0,0,0,0,0,0,0
93300000,933,0,2,0,0,0,0,0,0,0,0,0
93400000,934,0,2,0,0,0,0,0,0,0,0,0
93500000,935,0,2,0,0,0,0,0,0,0,0,0
93600000,936,0,2,0,0,0,0,0,0,0,0,0
93700000,937,0,2,0,0,0,0,0,0,0,0,0
93800000,938,0,2,0,0,0,0,0,0,0,0,0
93900000,939,0,2,0,0,0,0,0,0,0,0,0
94000000,940,0,2,0,0,0,0,0,0,0,0,0
94216001,941,0,2,0,0,0,0,0,0,0,0,0
94230975,942,0,2,0,0,0,0,0,0,0,0,0
94300000,943,0,2,0,0,0,0,0,0,0,0,0
94400000,944,0,2,0,0,0,0,0,0,0,0,0
94500000,945,0,2,0,0,0,0,0,0,0,0,0
94600000,946,0,2,0,0,0,0,0,0,0,0,0
94700000,947,0,2,0,0,0,0,0,0,0,0,0
94800000,948,0,2,0,0,0,0,0,0,0,0,0
94900000,949,0,2,0,0,0,0,0,0,0,0,0
95000000,950,0,2,0,0,0,0,0,0,0,0,0
95216001,951,0,2,0,0,0,0,0,0,0,0,0
95230975,952,0,2,0,0,0,0,0,0,0,0,0
95300000,953,0,2,0,0,0,0,0,0,0,0,0
95400000,954,0,2,0,0,0,0,0,0,0,0,0
95500000,955,0,2,0,0,0,0,0,0,0,0,0
95600000,956,0,2,0,0,0,0,0,0,0,0,0
95700000,957,0,2,0,0,0,0,0,0,0,0,0
95800000,958,0,2,0,0,0,0,0,0,0,0,0
95900000,959,0,2,0,0,0,0,0,0,0,0,0
96000000,960,0,2,0,0,0,0,0,0,0,0,0
96216001,961,0,2,0,0,0,0,0,0,0,0,0
96230974,962,0,2,0,0,0,0,0,0,0,0,0
96300000,963,0,2,0,0,0,0,0,0,0,0,0
96400000,964,0,2,0,0,0,0,0,0,0,0,0
96500000,965,0,2,0,0,0,0,0,0,0,0,0
96600000,966,0,2,0,0,0,0,0,0,0,0,0
96700000,967,0,2,0,0,0,0,0,0,0,0,0
96800000,968,0,2,0,0,0,0,0,0,0,0,0
96900000,969,0,2,0,0,0,0,0,0,0,0,0
97000000,970,0,2,0,0,0,0,0,0,0,0,0
97216002,971,0,2,0,0,0,0,0,0,0,0,0
97230974,972,0,2,0,0,0,0,0,0,0,0,0
97300000,973,0,2,0,0,0,0,0,0,0,0,0
97400000,974,0,2,0,0,0,0,0,0,0,0,0
97500000,975,0,2,0,0,0,0,0,0,0,0,0
97600000,976,0,2,0,0,0,0,0,0,0,0,0
97700000,977,0,2,0,0,0,0,0,0,0,0,0
97800000,978,0,2,0,0,0,0,0,0,0,0,0
97900000,979,0,2,0,0,0,0,0,0,0,0,0
98000000,980,0,2,0,0,0,0,0,0,0,0,0
98215002,981,0,2,0,0,0,0,0,0,0,0,0
98229975,982,0,2,0,0,0,0,0,0,0,0,0
98300000,983,0,2,0,0,0,0,0,0,0,0,0
98400000,984,0,2,0,0,0,0,0,0,0,0,0
98500000,985,0,2,0,0,0,0,0,0,0,0,0
98600000,986,0,2,0,0,0,0,0,0,0,0,0
98700000,987,0,2,0,0,0,0,0,0,0,0,0
98800000,988,0,2,0,0,0,0,0,0,0,0,0
98900000,989,0,2,0,0,0,0,0,0,0,0,0
99000000,990,0,2,0,0,0,0,0,0,0,0,0
99216002,991,0,2,0,0,0,0,0,0,0,0,0
99230975,992,0,2,0,0,0,0,0,0,0,0,0
99300000,993,0,2,0,0,0,0,0,0,0,0,0
99400000,994,0,2,0,0,0,0,0,0,0,0,0
99500000,995,0,2,0,0,0,0,0,0,0,0,0
99600000,996,0,2,0,0,0,0,0,0,0,0,0
99700000,997,0,2,0,0,0,0,0,0,0,0,0
99800000,998,0,2,0,0,0,0,0,0,0,0,0
99900000,999,0,2,0,0,0,0,0,0,0,0,0
100000000,1000,0,2,0,0,0,0,0,0,0,0,0
100216001,1001,0,2,0,0,0,0,0,0,0,0,0
100230975,1002,0,2,0,0,0,0,0,0,0,0,0
100300000,1003,0,2,0,0,0,0,0,0,0,0,0
100400000,1004,0,2,0,0,0,0,0,0,0,0,0
100500000,1005,0,2,0,0,0,0,0,0,0,0,0
100600000,1006,0,2,0,0,0,0,0,0,0,0,0
100700000,1007,0,2,0,0,0,0,0,0,0,0,0
100800000,1008,0,2,0,0,0,0,0,0,0,0,0
100900000,1009,0,2,0,0,0,0,0,0,0,0,0
101000000,1010,0,2,0,0,0,0,0,0,0,0,0
101216002,1011,0,2,0,0,0,0,0,0,0,0,0
101230975,1012,0,2,0,0,0,0,0,0,0,0,0
101300000,1013,0,2,0,0,0,0,0,0,0,0,0
101400000,1014,0,2,0,0,0,0,0,0,0,0,0
101500000,1015,0,2,0,0,0,0,0,0,0,0,0
101600000,1016,0,2,0,0,0,0,0,0,0,0,0
101700000,1017,0,2,0,0,0,0,0,0,0,0,0
101800000,1018,0,2,0,0,0,0,0,0,0,0,0
101900000,1019,0,2,0,0,0,0,0,0,0,0,0
102000000,1020,0,2,0,0,0,0,0,0,0,0,0
102216002,1021,0,2,0,0,0,0,0,0,0,0,0
102230975,1022,0,2,0,0,0,0,0,0,0,0,0
102300000,1023,0,2,0,0,0,0,0,0,0,0,0
102400000,1024,0,2,0,0,0,0,0,0,0,0,0
102500000,1025,0,2,0,0,0,0,0,0,0,0,0
102600000,1026,0,2,0,0,0,0,0,0,0,0,0
102700000,1027,0,2,0,0,0,0,0,0,0,0,0
102800000,1028,0,2,0,0,0,0,0,0,0,0,0
102900000,1029,0,2,0,0,0,0,0,0,0,0,0
103000000,1030,0,2,0,0,0,0,0,0,0,0,0
103215001,1031,0,2,0,0,0,0,0,0,0,0,0
103229975,1032,0,2,0,0,0,0,0,0,0,0,0
103300000,1033,0,2,0,0,0,0,0,0,0,0,0
103400000,1034,0,2,0,0,0,0,0,0,0,0,0
103500000,1035,0,2,0,0,0,0,0,0,0,0,0
103600000,1036,0,2,0,0,0,0,0,0,0,0,0
103700000,1037,0,2,0,0,0,0,0,0,0,0,0
103800000,1038,0,2,0,0,0,0,0,0,0,0,0
103900000,1039,0,2,0,0,0,0,0,0,0,0,0
104000000,1040,0,2,0,0,0,0,0,0,0,0,0
104216001,1041,0,2,0,0,0,0,0,0,0,0,0
104230975,1042,0,2,0,0,0,0,0,0,0,0,0
104300000,1043,0,2,0,0,0,0,0,0,0,0,0
104400000,1044,0,2,0,0,0,0,0,0,0,0,0
104500000,1045,0,2,0,0,0,0,0,0,0,0,0
104600000,1046,0,2,0,0,0,0,0,0,0,0,0
104700000,1047,0,2,0,0,0,0,0,0,0,0,0
104800000,1048,0,2,0,0,0,0,0,0,0,0,0
104900000,1049,0,2,0,0,0,0,0,0,0,0,0
105000000,1050,0,2,0,0,0,0,0,0,0,0,0
105216001,1051,0,2,0,0,0,0,0,0,0,0,0
105230975,1052,0,2,0,0,0,0,0,0,0,0,0
105300000,1053,0,2,0,0,0,0,0,0,0,0,0
105400000,1054,0,2,0,0,0,0,0,0,0,0,0
105500000,1055,0,2,0,0,0,0,0,0,0,0,0
105600000,1056,0,2,0,0,0,0,0,0,0,0,0
105700000,1057,0,2,0,0,0,0,0,0,0,0,0
105800000,1058,0,2,0,0,0,0,0,0,0,0,0
105900000,1059,0,2,0,0,0,0,0,0,0,0,0
106000000,1060,0,2,0,0,0,0,0,0,0,0,0
106216002,1061,0,2,0,0,0,0,0,0,0,0,0
106230975,1062,0,2,0,0,0,0,0,0,0,0,0
106300000,1063,0,2,0,0,0,0,0,0,0,0,0
106400000,1064,0,2,0,0,0,0,0,0,0,0,0
106500000,1065,0,2,0,0,0,0,0,0,0,0,0
106600000,1066,0,2,0,0,0,0,0,0,0,0,0
106700000,1067,0,2,0,0,0,0,0,0,0,0,0
106800000,1068,0,2,0,0,0,0,0,0,0,0,0
106900000,1069,0,2,0,0,0,0,0,0,0,0,0
107000000,1070,0,2,0,0,0,0,0,0,0,0,0
107216001,1071,0,2,0,0,0,0,0,0,0,0,0
107230975,1072,0,2,0,0,0,0,0,0,0,0,0
107300000,1073,0,2,0,0,0,0,0,0,0,0,0
107400000,1074,0,2,0,0,0,0,0,0,0,0,0
107500000,1075,0,2,0,0,0,0,0,0,0,0,0
107600000,1076,0,2,0,0,0,0,0,0,0,0,0
107700000,1077,0,2,0,0,0,0,0,0,0,0,0
107800000,1078,0,2,0,0,0,0,0,0,0,0,0
107900000,1079,0,2,0,0,0,0,0,0,0,0,0
108000000,1080,0,2,0,0,0,0,0,0,0,0,0
108216001,1081,0,2,0,0,0,0,0,0,0,0,0
108230975,1082,0,2,0,0,0,0,0,0,0,0,0
108300000,1083,0,2,0,0,0,0,0,0,0,0,0
108400000,1084,0,2,0,0,0,0,0,0,0,0,0
108500000,1085,0,2,0,0,0,0,0,0,0,0,0
108600000,1086,0,2,0,0,0,0,0,0,0,0,0
108700000,1087,0,2,0,0,0,0,0,0,0,0,0
108800000,1088,0,2,0,0,0,0,0,0,0,0,0
108900000,1089,0,2,0,0,0,0,0,0,0,0,0
109000000,1090,0,2,0,0,0,0,0,0,0,0,0
109216001,1091,0,2,0,0,0,0,0,0,0,0,0
109230975,1092,0,2,0,0,0,0,0,0,0,0,0
109300000,1093,0,2,0,0,0,0,0,0,0,0,0
109400000,1094,0,2,0,0,0,0,0,0,0,0,0
109500000,1095,0,2,0,0,0,0,0,0,0,0,0
109600000,1096,0,2,0,0,0,0,0,0,0,0,0
109700000,1097,0,2,0,0,0,0,0,0,0,0,0
109800000,1098,0,2,0,0,0,0,0,0,0,0,0
109900000,1099,0,2,0,0,0,0,0,0,0,0,0
110000000,1100,0,2,0,0,0,0,0,0,0,0,0
110216001,1101,0,2,0,0,0,0,0,0,0,0,0
110230975,1102,0,2,0,0,0,0,0,0,0,0,0
110300000,1103,0,2,0,0,0,0,0,0,0,0,0
110400000,1104,0,2,0,0,0,0,0,0,0,0,0
110500000,1105,0,2,0,0,0,0,0,0,0,0,0
110600000,1106,0,2,0,0,0,0,0,0,0,0,0
110700000,1107,0,2,0,0,0,0,0,0,0,0,0
110800000,1108,0,2,0,0,0,0,0,0,0,0,0
110900000,1109,0,2,0,0,0,0,0,0,0,0,0
111000000,1110,0,2,0,0,0,0,0,0,0,0,0
111215001,1111,0,2,0,0,0,0,0,0,0,0,0
111229975,1112,0,2,0,0,0,0,0,0,0,0,0
111300000,1113,0,2,0,0,0,0,0,0,0,0,0
111400000,1114,0,2,0,0,0,0,0,0,0,0,0
111500000,1115,0,2,0,0,0,0,0,0,0,0,0
111600000,1116,0,2,0,0,0,0,0,0,0,0,0
111700000,1117,0,2,0,0,0,0,0,0,0,0,0
111800000,1118,0,2,0,0,0,0,0,0,0,0,0
111900000,1119,0,2,0,0,0,0,0,0,0,0,0
112000000,1120,0,2,0,0,0,0,0,0,0,0,0
112216002,1121,0,2,0,0,0,0,0,0,0,0,0
112230975,1122,0,2,0,0,0,0,0,0,0,0,0
112300000,1123,0,2,0,0,0,0,0,0,0,0,0
112400000,1124,0,2,0,0,0,0,0,0,0,0,0
112500000,1125,0,2,0,0,0,0,0,0,0,0,0
112600000,1126,0,2,0,0,0,0,0,0,0,0,0
112700000,1127,0,2,0,0,0,0,0,0,0,0,0
112800000,1128,0,2,0,0,0,0,0,0,0,0,0
112900000,1129,0,2,0,0,0,0,0,0,0,0,0
113000000,1130,0,2,0,0,0,0,0,0,0,0,0
113216001,1131,0,2,0,0,0,0,0,0,0,0,0
113230975,1132,0,2,0,0,0,0,0,0,0,0,0
113300000,1133,0,2,0,0,0,0,0,0,0,0,0
113400000,1134,0,2,0,0,0,0,0,0,0,0,0
113500000,1135,0,2,0,0,0,0,0,0,0,0,0
113600000,1136,0,2,0,0,0,0,0,0,0,0,0
113700000,1137,0,2,0,0,0,0,0,0,0,0,0
113800000,1138,0,2,0,0,0,0,0,0,0,0,0
113900000,1139,0,2,0,0,0,0,0,0,0,0,0
114000000,1140,0,2,0,0,0,0,0,0,0,0,0
114216002,1141,0,2,0,0,0,0,0,0,0,0,0
114230975,1142,0,2,0,0,0,0,0,0,0,0,0
114300000,1143,0,2,0,0,0,0,0,0,0,0,0
114400000,1144,0,2,0,0,0,0,0,0,0,0,0
114500000,1145,0,2,0,0,0,0,0,0,0,0,0
114600000,1146,0,2,0,0,0,0,0,0,0,0,0
114700000,1147,0,2,0,0,0,0,0,0,0,0,0
114800000,1148,0,2,0,0,0,0,0,0,0,0,0
114900000,1149,0,2,0,0,0,0,0,0,0,0,0
115000000,1150,0,2,0,0,0,0,0,0,0,0,0
115216001,1151,0,2,0,0,0,0,0,0,0,0,0
115230975,1152,0,2,0,0,0,0,0,0,0,0,0
115300000,1153,0,2,0,0,0,0,0,0,0,0,0
115400000,1154,0,2,0,0,0,0,0,0,0,0,0
115500000,1155,0,2,0,0,0,0,0,0,0,0,0
115600000,1156,0,2,0,0,0,0,0,0,0,0,0
115700000,1157,0,2,0,0,0,0,0,0,0,0,0
115800000,1158,0,2,0,0,0,0,0,0,0,0,0
115900000,1159,0,2,0,0,0,0,0,0,0,0,0
116000000,1160,0,2,0,0,0,0,0,0,0,0,0
116215002,1161,0,2,0,0,0,0,0,0,0,0,0
116229975,1162,0,2,0,0,0,0,0,0,0,0,0
116300000,1163,0,2,0,0,0,0,0,0,0,0,0
116400000,1164,0,2,0,0,0,0,0,0,0,0,0
116500000,1165,0,2,0,0,0,0,0,0,0,0,0
116600000,1166,0,2,0,0,0,0,0,0,0,0,0
116700000,1167,0,2,0,0,0,0,0,0,0,0,0
116800000,1168,0,2,0,0,0,0,0,0,0,0,0
116900000,1169,0,2,0,0,0,0,0,0,0,0,0
117000000,1170,0,2,0,0,0,0,0,0,0,0,0
117216001,1171,0,2,0,0,0,0,0,0,0,0,0
117230975,1172,0,2,0,0,0,0,0,0,0,0,0
117300000,1173,0,2,0,0,0,0,0,0,0,0,0
117400000,1174,0,2,0,0,0,0,0,0,0,0,0
117500000,1175,0,2,0,0,0,0,0,0,0,0,0
117600000,1176,0,2,0,0,0,0,0,0,0,0,0
117700000,1177,0,2,0,0,0,0,0,0,0,0,0
117800000,1178,0,2,0,0,0,0,0,0,0,0,0
117900000,1179,0,2,0,0,0,0,0,0,0,0,0
118000000,1180,0,2,0,0,0,0,0,0,0,0,0
118216001,1181,0,2,0,0,0,0,0,0,0,0,0
118230975,1182,0,2,0,0,0,0,0,0,0,0,0
118300000,1183,0,2,0,0,0,0,0,0,0,0,0
118400000,1184,0,2,0,0,0,0,0,0,0,0,0
118500000,1185,0,2,0,0,0,0,0,0,0,0,0
118600000,1186,0,2,0,0,0,0,0,0,0,0,0
118700000,1187,0,2,0,0,0,0,0,0,0,0,0
118800000,1188,0,2,0,0,0,0,0,0,0,0,0
118900000,1189,0,2,0,0,0,0,0,0,0,0,0
119000000,1190,0,2,0,0,0,0,0,0,0,0,0
119216001,1191,0,2,0,0,0,0,0,0,0,0,0
119230975,1192,0,2,0,0,0,0,0,0,0,0,0
119300000,1193,0,2,0,0,0,0,0,0,0,0,0
119400000,1194,0,2,0,0,0,0,0,0,0,0,0
119500000,1195,0,2,0,0,0,0,0,0,0,0,0
119600000,1196,0,2,0,0,0,0,0,0,0,0,0
119700000,1197,0,2,0,0,0,0,0,0,0,0,0
119800000,1198,0,2,0,0,0,0,0,0,0,0,0
119900000,1199,0,2,0,0,0,0,0,0,0,0,0
120000000,1200,0,2,0,0,0,0,0,0,0,0,0
120216001,1201,0,2,0,0,0,0,0,0,0,0,0
120230975,1202,0,2,0,0,0,0,0,0,0,0,0
120300000,1203,0,2,0,0,0,0,0,0,0,0,0
120400000,1204,0,2,0,0,0,0,0,0,0,0,0
120500000,1205,0,2,0,0,0,0,0,0,0,0,0
120600000,1206,0,2,0,0,0,0,0,0,0,0,0
120700000,1207,0,2,0,0,0,0,0,0,0,0,0
120800000,1208,0,2,0,0,0,0,0,0,0,0,0
120900000,1209,0,2,0,0,0,0,0,0,0,0,0
121000000,1210,0,2,0,0,0,0,0,0,0,0,0
121216001,1211,0,2,0,0,0,0,0,0,0,0,0
121230975,1212,0,2,0,0,0,0,0,0,0,0,0
121300000,1213,0,2,0,0,0,0,0,0,0,0,0
121400000,1214,0,2,0,0,0,0,0,0,0,0,0
121500000,1215,0,2,0,0,0,0,0,0,0,0,0
121600000,1216,0,2,0,0,0,0,0,0,0,0,0
121700000,1217,0,2,0,0,0,0,0,0,0,0,0
121800000,1218,0,2,0,0,0,0,0,0,0,0,0
121900000,1219,0,2,0,0,0,0,0,0,0,0,0
122000000,1220,0,2,0,0,0,0,0,0,0,0,0
122216001,1221,0,2,0,0,0,0,0,0,0,0,0
122230974,1222,0,2,0,0,0,0,0,0,0,0,0
122300000,1223,0,2,0,0,0,0,0,0,0,0,0
122400000,1224,0,2,0,0,0,0,0,0,0,0,0
122500000,1225,0,2,0,0,0,0,0,0,0,0,0
122600000,1226,0,2,0,0,0,0,0,0,0,0,0
122700000,1227,0,2,0,0,0,0,0,0,0,0,0
122800000,1228,0,2,0,0,0,0,0,0,0,0,0
122900000,1229,0,2,0,0,0,0,0,0,0,0,0
123000000,1230,0,2,0,0,0,0,0,0,0,0,0
123216001,1231,0,2,0,0,0,0,0,0,0,0,0
123230974,1232,0,2,0,0,0,0,0,0,0,0,0
123300000,1233,0,2,0,0,0,0,0,0,0,0,0
123400000,1234,0,2,0,0,0,0,0,0,0,0,0
123500000,1235,0,2,0,0,0,0,0,0,0,0,0
123600000,1236,0,2,0,0,0,0,0,0,0,0,0
123700000,1237,0,2,0,0,0,0,0,0,0,0,0
123800000,1238,0,2,0,0,0,0,0,0,0,0,0
123900000,1239,0,2,0,0,0,0,0,0,0,0,0
124000000,1240,0,2,0,0,0,0,0,0,0,0,0
124215002,1241,0,2,0,0,0,0,0,0,0,0,0
124229975,1242,0,2,0,0,0,0,0,0,0,0,0
124300000,1243,0,2,0,0,0,0,0,0,0,0,0
124400000,1244,0,2,0,0,0,0,0,0,0,0,0
124500000,1245,0,2,0,0,0,0,0,0,0,0,0
124600000,1246,0,2,0,0,0,0,0,0,0,0,0
124700000,1247,0,2,0,0,0,0,0,0,0,0,0
124800000,1248,0,2,0,0,0,0,0,0,0,0,0
124900000,1249,0,2,0,0,0,0,0,0,0,0,0
125000000,1250,0,2,0,0,0,0,0,0,0,0,0
125216002,1251,0,2,0,0,0,0,0,0,0,0,0
125230975,1252,0,2,0,0,0,0,0,0,0,0,0
125300000,1253,0,2,0,0,0,0,0,0,0,0,0
125400000,1254,0,2,0,0,0,0,0,0,0,0,0
125500000,1255,0,2,0,0,0,0,0,0,0,0,0
125600000,1256,0,2,0,0,0,0,0,0,0,0,0
125700000,1257,0,2,0,0,0,0,0,0,0,0,0
125800000,1258,0,2,0,0,0,0,0,0,0,0,0
125900000,1259,0,2,0,0,0,0,0,0,0,0,0
126000000,1260,0,2,0,0,0,0,0,0,0,0,0
126216001,1261,0,2,0,0,0,0,0,0,0,0,0
126230975,1262,0,2,0,0,0,0,0,0,0,0,0
126300000,1263,0,2,0,0,0,0,0,0,0,0,0
126400000,1264,0,2,0,0,0,0,0,0,0,0,0
126500000,1265,0,2,0,0,0,0,0,0,0,0,0
126600000,1266,0,2,0,0,0,0,0,0,0,0,0
126700000,1267,0,2,0,0,0,0,0,0,0,0,0
126800000,1268,0,2,0,0,0,0,0,0,0,0,0
126900000,1269,0,2,0,0,0,0,0,0,0,0,0
127000000,1270,0,2,0,0,0,0,0,0,0,0,0
127216001,1271,0,2,0,0,0,0,0,0,0,0,0
127230975,1272,0,2,0,0,0,0,0,0,0,0,0
127300000,1273,0,2,0,0,0,0,0,0,0,0,0
127400000,1274,0,2,0,0,0,0,0,0,0,0,0
127500000,1275,0,2,0,0,0,0,0,0,0,0,0
127600000,1276,0,2,0,0,0,0,0,0,0,0,0
127700000,1277,0,2,0,0,0,0,0,0,0,0,0
127800000,1278,0,2,0,0,0,0,0,0,0,0,0
127900000,1279,0,2,0,0,0,0,0,0,0,0,0
128000000,1280,0,2,0,0,0,0,0,0,0,0,0
128216001,1281,0,2,0,0,0,0,0,0,0,0,0
128230975,1282,0,2,0,0,0,0,0,0,0,0,0
128300000,1283,0,2,0,0,0,0,0,0,0,0,0
128400000,1284,0,2,0,0,0,0,0,0,0,0,0
128500000,1285,0,2,0,0,0,0,0,0,0,0,0
128600000,1286,0,2,0,0,0,0,0,0,0,0,0
128700000,1287,0,2,0,0,0,0,0,0,0,0,0
128800000,1288,0,2,0,0,0,0,0,0,0,0,0
128900000,1289,0,2,0,0,0,0,0,0,0,0,0
129000000,1290,0,2,0,0,0,0,0,0,0,0,0
129215002,1291,0,2,0,0,0,0,0,0,0,0,0
129229975,1292,0,2,0,0,0,0,0,0,0,0,0
129300000,1293,0,2,0,0,0,0,0,0,0,0,0
129400000,1294,0,2,0,0,0,0,0,0,0,0,0
129500000,1295,0,2,0,0,0,0,0,0,0,0,0
129600000,1296,0,2,0,0,0,0,0,0,0,0,0
129700000,1297,0,2,0,0,0,0,0,0,0,0,0
129800000,1298,0,2,0,0,0,0,0,0,0,0,0
129900000,1299,0,2,0,0,0,0,0,0,0,0,0
130000000,1300,0,2,0,0,0,0,0,0,0,0,0
130216001,1301,0,2,0,0,0,0,0,0,0,0,0
130230975,1302,0,2,0,0,0,0,0,0,0,0,0
130300000,1303,0,2,0,0,0,0,0,0,0,0,0
130400000,1304,0,2,0,0,0,0,0,0,0,0,0
130500000,1305,0,2,0,0,0,0,0,0,0,0,0
130600000,1306,0,2,0,0,0,0,0,0,0,0,0
130700000,1307,0,2,0,0,0,0,0,0,0,0,0
130800000,1308,0,2,0,0,0,0,0,0,0,0,0
130900000,1309,0,2,0,0,0,0,0,0,0,0,0
131000000,1310,0,2,0,0,0,0,0,0,0,0,0
131216002,1311,0,2,0,0,0,0,0,0,0,0,0
131230975,1312,0,2,0,0,0,0,0,0,0,0,0
131300000,1313,0,2,0,0,0,0,0,0,0,0,0
131400000,1314,0,2,0,0,0,0,0,0,0,0,0
131500000,1315,0,2,0,0,0,0,0,0,0,0,0
131600000,1316,0,2,0,0,0,0,0,0,0,0,0
131700000,1317,0,2,0,0,0,0,0,0,0,0,0
131800000,1318,0,2,0,0,0,0,0,0,0,0,0
131900000,1319,0,2,0,0,0,0,0,0,0,0,0
132000000,1320,0,2,0,0,0,0,0,0,0,0,0
132216001,1321,0,2,0,0,0,0,0,0,0,0,0
132230975,1322,0,2,0,0,0,0,0,0,0,0,0
132300000,1323,0,2,0,0,0,0,0,0,0,0,0
132400000,1324,0,2,0,0,0,0,0,0,0,0,0
132500000,1325,0,2,0,0,0,0,0,0,0,0,0
132600000,1326,0,2,0,0,0,0,0,0,0,0,0
132700000,1327,0,2,0,0,0,0,0,0,0,0,0
132800000,1328,0,2,0,0,0,0,0,0,0,0,0
132900000,1329,0,2,0,0,0,0,0,0,0,0,0
133000000,1330,0,2,0,0,0,0,0,0,0,0,0
133216001,1331,0,2,0,0,0,0,0,0,0,0,0
133230975,1332,0,2,0,0,0,0,0,0,0,0,0
133300000,1333,0,2,0,0,0,0,0,0,0,0,0
133400000,1334,0,2,0,0,0,0,0,0,0,0,0
133500000,1335,0,2,0,0,0,0,0,0,0,0,0
133600000,1336,0,2,0,0,0,0,0,0,0,0,0
133700000,1337,0,2,0,0,0,0,0,0,0,0,0
133800000,1338,0,2,0,0,0,0,0,0,0,0,0
133900000,1339,0,2,0,0,0,0,0,0,0,0,0
134000000,1340,0,2,0,0,0,0,0,0,0,0,0
134216001,1341,0,2,0,0,0,0,0,0,0,0,0
134230975,1342,0,2,0,0,0,0,0,0,0,0,0
134300000,1343,0,2,0,0,0,0,0,0,0,0,0
134400000,1344,0,2,0,0,0,0,0,0,0,0,0
134500000,1345,0,2,0,0,0,0,0,0,0,0,0
134600000,1346,0,2,0,0,0,0,0,0,0,0,0
134700000,1347,0,2,0,0,0,0,0,0,0,0,0
134800000,1348,0,2,0,0,0,0,0,0,0,0,0
134900000,1349,0,2,0,0,0,0,0,0,0,0,0
135000000,1350,0,2,0,0,0,0,0,0,0,0,0
135216001,1351,0,2,0,0,0,0,0,0,0,0,0
135230975,1352,0,2,0,0,0,0,0,0,0,0,0
135300000,1353,0,2,0,0,0,0,0,0,0,0,0
135400000,1354,0,2,0,0,0,0,0,0,0,0,0
135500000,1355,0,2,0,0,0,0,0,0,0,0,0
135600000,1356,0,2,0,0,0,0,0,0,0,0,0
135700000,1357,0,2,0,0,0,0,0,0,0,0,0
135800000,1358,0,2,0,0,0,0,0,0,0,0,0
135900000,1359,0,2,0,0,0,0,0,0,0,0,0
136000000,1360,0,2,0,0,0,0,0,0,0,0,0
136216002,1361,0,2,0,0,0,0,0,0,0,0,0
136230975,1362,0,2,0,0,0,0,0,0,0,0,0
136300000,1363,0,2,0,0,0,0,0,0,0,0,0
136400000,1364,0,2,0,0,0,0,0,0,0,0,0
136500000,1365,0,2,0,0,0,0,0,0,0,0,0
136600000,1366,0,2,0,0,0,0,0,0,0,0,0
136700000,1367,0,2,0,0,0,0,0,0,0,0,0
136800000,1368,0,2,0,0,0,0,0,0,0,0,0
136900000,1369,0,2,0,0,0,0,0,0,0,0,0
137000000,1370,0,2,0,0,0,0,0,0,0,0,0
137215001,1371,0,2,0,0,0,0,0,0,0,0,0
137229975,1372,0,2,0,0,0,0,0,0,0,0,0
137300000,1373,0,2,0,0,0,0,0,0,0,0,0
137400000,1374,0,2,0,0,0,0,0,0,0,0,0
137500000,1375,0,2,0,0,0,0,0,0,0,0,0
137600000,1376,0,2,0,0,0,0,0,0,0,0,0
137700000,1377,0,2,0,0,0,0,0,0,0,0,0
137800000,1378,0,2,0,0,0,0,0,0,0,0,0
137900000,1379,0,2,0,0,0,0,0,0,0,0,0
138000000,1380,0,2,0,0,0,0,0,0,0,0,0
138216002,1381,0,2,0,0,0,0,0,0,0,0,0
138230975,1382,0,2,0,0,0,0,0,0,0,0,0
138300000,1383,0,2,0,0,0,0,0,0,0,0,0
138400000,1384,0,2,0,0,0,0,0,0,0,0,0
138500000,1385,0,2,0,0,0,0,0,0,0,0,0
138600000,1386,0,2,0,0,0,0,0,0,0,0,0
138700000,1387,0,2,0,0,0,0,0,0,0,0,0
138800000,1388,0,2,0,0,0,0,0,0,0,0,0
138900000,1389,0,2,0,0,0,0,0,0,0,0,0
139000000,1390,0,2,0,0,0,0,0,0,0,0,0
139216001,1391,0,2,0,0,0,0,0,0,0,0,0
139230975,1392,0,2,0,0,0,0,0,0,0,0,0
139300000,1393,0,2,0,0,0,0,0,0,0,0,0
139400000,1394,0,2,0,0,0,0,0,0,0,0,0
139500000,1395,0,2,0,0,0,0,0,0,0,0,0
139600000,1396,0,2,0,0,0,0,0,0,0,0,0
139700000,1397,0,2,0,0,0,0,0,0,0,0,0
139800000,1398,0,2,0,0,0,0,0,0,0,0,0
139900000,1399,0,2,0,0,0,0,0,0,0,0,0
140000000,1400,0,2,0,0,0,0,0,0,0,0,0
140216001,1401,0,2,0,0,0,0,0,0,0,0,0
140230975,1402,0,2,0,0,0,0,0,0,0,0,0
140300000,1403,0,2,0,0,0,0,0,0,0,0,0
140400000,1404,0,2,0,0,0,0,0,0,0,0,0
140500000,1405,0,2,0,0,0,0,0,0,0,0,0
140600000,1406,0,2,0,0,0,0,0,0,0,0,0
140700000,1407,0,2,0,0,0,0,0,0,0,0,0
140800000,1408,0,2,0,0,0,0,0,0,0,0,0
140900000,1409,0,2,0,0,0,0,0,0,0,0,0
141000000,1410,0,2,0,0,0,0,0,0,0,0,0
141216001,1411,0,2,0,0,0,0,0,0,0,0,0
141230975,1412,0,2,0,0,0,0,0,0,0,0,0
141300000,1413,0,2,0,0,0,0,0,0,0,0,0
141400000,1414,0,2,0,0,0,0,0,0,0,0,0
141500000,1415,0,2,0,0,0,0,0,0,0,0,0
141600000,1416,0,2,0,0,0,0,0,0,0,0,0
141700000,1417,0,2,0,0,0,0,0,0,0,0,0
141800000,1418,0,2,0,0,0,0,0,0,0,0,0
141900000,1419,0,2,0,0,0,0,0,0,0,0,0
142000000,1420,0,2,0,0,0,0,0,0,0,0,0
142215001,1421,0,2,0,0,0,0,0,0,0,0,0
142229975,1422,0,2,0,0,0,0,0,0,0,0,0
142300000,1423,0,2,0,0,0,0,0,0,0,0,0
142400000,1424,0,2,0,0,0,0,0,0,0,0,0
142500000,1425,0,2,0,0,0,0,0,0,0,0,0
142600000,1426,0,2,0,0,0,0,0,0,0,0,0
142700000,1427,0,2,0,0,0,0,0,0,0,0,0
142800000,1428,0,2,0,0,0,0,0,0,0,0,0
142900000,1429,0,2,0,0,0,0,0,0,0,0,0
143000000,1430,0,2,0,0,0,0,0,0,0,0,0
143216001,1431,0,2,0,0,0,0,0,0,0,0,0
143230975,1432,0,2,0,0,0,0,0,0,0,0,0
143300000,1433,0,2,0,0,0,0,0,0,0,0,0
143400000,1434,0,2,0,0,0,0,0,0,0,0,0
143500000,1435,0,2,0,0,0,0,0,0,0,0,0
143600000,1436,0,2,0,0,0,0,0,0,0,0,0
143700000,1437,0,2,0,0,0,0,0,0,0,0,0
143800000,1438,0,2,0,0,0,0,0,0,0,0,0
143900000,1439,0,2,0,0,0,0,0,0,0,0,0
144000000,1440,0,2,0,0,0,0,0,0,0,0,0
144216002,1441,0,2,0,0,0,0,0,0,0,0,0
144230975,1442,0,2,0,0,0,0,0,0,0,0,0
144300000,1443,0,2,0,0,0,0,0,0,0,0,0
144400000,1444,0,2,0,0,0,0,0,0,0,0,0
144500000,1445,0,2,0,0,0,0,0,0,0,0,0
144600000,1446,0,2,0,0,0,0,0,0,0,0,0
144700000,1447,0,2,0,0,0,0,0,0,0,0,0
144800000,1448,0,2,0,0,0,0,0,0,0,0,0
144900000,1449,0,2,0,0,0,0,0,0,0,0,0
145000000,1450,0,2,0,0,0,0,0,0,0,0,0
145216002,1451,0,2,0,0,0,0,0,0,0,0,0
145230975,1452,0,2,0,0,0,0,0,0,0,0,0
145300000,1453,0,2,0,0,0,0,0,0,0,0,0
145400000,1454,0,2,0,0,0,0,0,0,0,0,0
145500000,1455,0,2,0,0,0,0,0,0,0,0,0
145600000,1456,0,2,0,0,0,0,0,0,0,0,0
145700000,1457,0,2,0,0,0,0,0,0,0,0,0
145800000,1458,0,2,0,0,0,0,0,0,0,0,0
145900000,1459,0,2,0,0,0,0,0,0,0,0,0
146000000,1460,0,2,0,0,0,0,0,0,0,0,0
146216002,1461,0,2,0,0,0,0,0,0,0,0,0
146230974,1462,0,2,0,0,0,0,0,0,0,0,0
146300000,1463,0,2,0,0,0,0,0,0,0,0,0
146400000,1464,0,2,0,0,0,0,0,0,0,0,0
146500000,1465,0,2,0,0,0,0,0,0,0,0,0
146600000,1466,0,2,0,0,0,0,0,0,0,0,0
146700000,1467,0,2,0,0,0,0,0,0,0,0,0
146800000,1468,0,2,0,0,0,0,0,0,0,0,0
146900000,1469,0,2,0,0,0,0,0,0,0,0,0
147000000,1470,0,2,0,0,0,0,0,0,0,0,0
147216001,1471,0,2,0,0,0,0,0,0,0,0,0
147230975,1472,0,2,0,0,0,0,0,0,0,0,0
147300000,1473,0,2,0,0,0,0,0,0,0,0,0
147400000,1474,0,2,0,0,0,0,0,0,0,0,0
147500000,1475,0,2,0,0,0,0,0,0,0,0,0
147600000,1476,0,2,0,0,0,0,0,0,0,0,0
147700000,1477,0,2,0,0,0,0,0,0,0,0,0
147800000,1478,0,2,0,0,0,0,0,0,0,0,0
147900000,1479,0,2,0,0,0,0,0,0,0,0,0
148000000,1480,0,2,0,0,0,0,0,0,0,0,0
148216001,1481,0,2,0,0,0,0,0,0,0,0,0
148230974,1482,0,2,0,0,0,0,0,0,0,0,0
148300000,1483,0,2,0,0,0,0,0,0,0,0,0
148400000,1484,0,2,0,0,0,0,0,0,0,0,0
148500000,1485,0,2,0,0,0,0,0,0,0,0,0
148600000,1486,0,2,0,0,0,0,0,0,0,0,0
148700000,1487,0,2,0,0,0,0,0,0,0,0,0
148800000,1488,0,2,0,0,0,0,0,0,0,0,0
148900000,1489,0,2,0,0,0,0,0,0,0,0,0
149000000,1490,0,2,0,0,0,0,0,0,0,0,0
149216002,1491,0,2,0,0,0,0,0,0,0,0,0
149230975,1492,0,2,0,0,0,0,0,0,0,0,0
149300000,1493,0,2,0,0,0,0,0,0,0,0,0
149400000,1494,0,2,0,0,0,0,0,0,0,0,0
149500000,1495,0,2,0,0,0,0,0,0,0,0,0
149600000,1496,0,2,0,0,0,0,0,0,0,0,0
149700000,1497,0,2,0,0,0,0,0,0,0,0,0
149800000,1498,0,2,0,0,0,0,0,0,0,0,0
149900000,1499,0,2,0,0,0,0,0,0,0,0,0
150000000,1500,0,2,0,0,0,0,0,0,0,0,0
150215001,1501,0,2,0,0,0,0,0,0,0,0,0
150229975,1502,0,2,0,0,0,0,0,0,0,0,0
150300000,1503,0,2,0,0,0,0,0,0,0,0,0
150400000,1504,0,2,0,0,0,0,0,0,0,0,0
150500000,1505,0,2,0,0,0,0,0,0,0,0,0
150600000,1506,0,2,0,0,0,0,0,0,0,0,0
150700000,1507,0,2,0,0,0,0,0,0,0,0,0
150800000,1508,0,2,0,0,0,0,0,0,0,0,0
150900000,1509,0,2,0,0,0,0,0,0,0,0,0
151000000,1510,0,2,0,0,0,0,0,0,0,0,0
151216001,1511,0,2,0,0,0,0,0,0,0,0,0
151230975,1512,0,2,0,0,0,0,0,0,0,0,0
151300000,1513,0,2,0,0,0,0,0,0,0,0,0
151400000,1514,0,2,0,0,0,0,0,0,0,0,0
151500000,1515,0,2,0,0,0,0,0,0,0,0,0
151600000,1516,0,2,0,0,0,0,0,0,0,0,0
151700000,1517,0,2,0,0,0,0,0,0,0,0,0
151800000,1518,0,2,0,0,0,0,0,0,0,0,0
151900000,1519,0,2,0,0,0,0,0,0,0,0,0
152000000,1520,0,2,0,0,0,0,0,0,0,0,0
152216001,1521,0,2,0,0,0,0,0,0,0,0,0
152230974,1522,0,2,0,0,0,0,0,0,0,0,0
152300000,1523,0,2,0,0,0,0,0,0,0,0,0
152400000,1524,0,2,0,0,0,0,0,0,0,0,0
152500000,1525,0,2,0,0,0,0,0,0,0,0,0
152600000,1526,0,2,0,0,0,0,0,0,0,0,0
152700000,1527,0,2,0,0,0,0,0,0,0,0,0
152800000,1528,0,2,0,0,0,0,0,0,0,0,0
152900000,1529,0,2,0,0,0,0,0,0,0,0,0
153000000,1530,0,2,0,0,0,0,0,0,0,0,0
153216002,1531,0,2,0,0,0,0,0,0,0,0,0
153230975,1532,0,2,0,0,0,0,0,0,0,0,0
153300000,1533,0,2,0,0,0,0,0,0,0,0,0
153400000,1534,0,2,0,0,0,0,0,0,0,0,0
153500000,1535,0,2,0,0,0,0,0,0,0,0,0
153600000,1536,0,2,0,0,0,0,0,0,0,0,0
153700000,1537,0,2,0,0,0,0,0,0,0,0,0
153800000,1538,0,2,0,0,0,0,0,0,0,0,0
153900000,1539,0,2,0,0,0,0,0,0,0,0,0
154000000,1540,0,2,0,0,0,0,0,0,0,0,0
154216002,1541,0,2,0,0,0,0,0,0,0,0,0
154230975,1542,0,2,0,0,0,0,0,0,0,0,0
154300000,1543,0,2,0,0,0,0,0,0,0,0,0
154400000,1544,0,2,0,0,0,0,0,0,0,0,0
154500000,1545,0,2,0,0,0,0,0,0,0,0,0
154600000,1546,0,2,0,0,0,0,0,0,0,0,0
154700000,1547,0,2,0,0,0,0,0,0,0,0,0
154800000,1548,0,2,0,0,0,0,0,0,0,0,0
154900000,1549,0,2,0,0,0,0,0,0,0,0,0
155000000,1550,0,2,0,0,0,0,0,0,0,0,0
155215002,1551,0,2,0,0,0,0,0,0,0,0,0
155229974,1552,0,2,0,0,0,0,0,0,0,0,0
155300000,1553,0,2,0,0,0,0,0,0,0,0,0
155400000,1554,0,2,0,0,0,0,0,0,0,0,0
155500000,1555,0,2,0,0,0,0,0,0,0,0,0
155600000,1556,0,2,0,0,0,0,0,0,0,0,0
155700000,1557,0,2,0,0,0,0,0,0,0,0,0
155800000,1558,0,2,0,0,0,0,0,0,0,0,0
155900000,1559,0,2,0,0,0,0,0,0,0,0,0
156000000,1560,0,2,0,0,0,0,0,0,0,0,0
156216001,1561,0,2,0,0,0,0,0,0,0,0,0
156230975,1562,0,2,0,0,0,0,0,0,0,0,0
156300000,1563,0,2,0,0,0,0,0,0,0,0,0
156400000,1564,0,2,0,0,0,0,0,0,0,0,0
156500000,1565,0,2,0,0,0,0,0,0,0,0,0
156600000,1566,0,2,0,0,0,0,0,0,0,0,0
156700000,1567,0,2,0,0,0,0,0,0,0,0,0
156800000,1568,0,2,0,0,0,0,0,0,0,0,0
156900000,1569,0,2,0,0,0,0,0,0,0,0,0
157000000,1570,0,2,0,0,0,0,0,0,0,0,0
157216002,1571,0,2,0,0,0,0,0,0,0,0,0
157230975,1572,0,2,0,0,0,0,0,0,0,0,0
157300000,1573,0,2,0,0,0,0,0,0,0,0,0
157400000,1574,0,2,0,0,0,0,0,0,0,0,0
157500000,1575,0,2,0,0,0,0,0,0,0,0,0
157600000,1576,0,2,0,0,0,0,0,0,0,0,0
157700000,1577,0,2,0,0,0,0,0,0,0,0,0
157800000,1578,0,2,0,0,0,0,0,0,0,0,0
157900000,1579,0,2,0,0,0,0,0,0,0,0,0
158000000,1580,0,2,0,0,0,0,0,0,0,0,0
158216002,1581,0,2,0,0,0,0,0,0,0,0,0
158230975,1582,0,2,0,0,0,0,0,0,0,0,0
158300000,1583,0,2,0,0,0,0,0,0,0,0,0
158400000,1584,0,2,0,0,0,0,0,0,0,0,0
158500000,1585,0,2,0,0,0,0,0,0,0,0,0
158600000,1586,0,2,0,0,0,0,0,0,0,0,0
158700000,1587,0,2,0,0,0,0,0,0,0,0,0
158800000,1588,0,2,0,0,0,0,0,0,0,0,0
158900000,1589,0,2,0,0,0,0,0,0,0,0,0
159000000,1590,0,2,0,0,0,0,0,0,0,0,0
159216002,1591,0,2,0,0,0,0,0,0,0,0,0
159230975,1592,0,2,0,0,0,0,0,0,0,0,0
159300000,1593,0,2,0,0,0,0,0,0,0,0,0
159400000,1594,0,2,0,0,0,0,0,0,0,0,0
159500000,1595,0,2,0,0,0,0,0,0,0,0,0
159600000,1596,0,2,0,0,0,0,0,0,0,0,0
159700000,1597,0,2,0,0,0,0,0,0,0,0,0
159800000,1598,0,2,0,0,0,0,0,0,0,0,0
159900000,1599,0,2,0,0,0,0,0,0,0,0,0
160000000,1600,0,2,0,0,0,0,0,0,0,0,0
160216001,1601,0,2,0,0,0,0,0,0,0,0,0
160230975,1602,0,2,0,0,0,0,0,0,0,0,0
160300000,1603,0,2,0,0,0,0,0,0,0,0,0
160400000,1604,0,2,0,0,0,0,0,0,0,0,0
160500000,1605,0,2,0,0,0,0,0,0,0,0,0
160600000,1606,0,2,0,0,0,0,0,0,0,0,0
160700000,1607,0,2,0,0,0,0,0,0,0,0,0
160800000,1608,0,2,0,0,0,0,0,0,0,0,0
160900000,1609,0,2,0,0,0,0,0,0,0,0,0
161000000,1610,0,2,0,0,0,0,0,0,0,0,0
161216002,1611,0,2,0,0,0,0,0,0,0,0,0
161230975,1612,0,2,0,0,0,0,0,0,0,0,0
161300000,1613,0,2,0,0,0,0,0,0,0,0,0
161400000,1614,0,2,0,0,0,0,0,0,0,0,0
161500000,1615,0,2,0,0,0,0,0,0,0,0,0
161600000,1616,0,2,0,0,0,0,0,0,0,0,0
161700000,1617,0,2,0,0,0,0,0,0,0,0,0
161800000,1618,0,2,0,0,0,0,0,0,0,0,0
161900000,1619,0,2,0,0,0,0,0,0,0,0,0
162000000,1620,0,2,0,0,0,0,0,0,0,0,0
162216001,1621,0,2,0,0,0,0,0,0,0,0,0
162230975,1622,0,2,0,0,0,0,0,0,0,0,0
162300000,1623,0,2,0,0,0,0,0,0,0,0,0
162400000,1624,0,2,0,0,0,0,0,0,0,0,0
162500000,1625,0,2,0,0,0,0,0,0,0,0,0
162600000,1626,0,2,0,0,0,0,0,0,0,0,0
162700000,1627,0,2,0,0,0,0,0,0,0,0,0
162800000,1628,0,2,0,0,0,0,0,0,0,0,0
162900000,1629,0,2,0,0,0,0,0,0,0,0,0
163000000,1630,0,2,0,0,0,0,0,0,0,0,0
163215001,1631,0,2,0,0,0,0,0,0,0,0,0
163229975,1632,0,2,0,0,0,0,0,0,0,0,0
163300000,1633,0,2,0,0,0,0,0,0,0,0,0
163400000,1634,0,2,0,0,0,0,0,0,0,0,0
163500000,1635,0,2,0,0,0,0,0,0,0,0,0
163600000,1636,0,2,0,0,0,0,0,0,0,0,0
163700000,1637,0,2,0,0,0,0,0,0,0,0,0
163800000,1638,0,2,0,0,0,0,0,0,0,0,0
163900000,1639,0,2,0,0,0,0,0,0,0,0,0
164000000,1640,0,2,0,0,0,0,0,0,0,0,0
164216001,1641,0,2,0,0,0,0,0,0,0,0,0
164230975,1642,0,2,0,0,0,0,0,0,0,0,0
164300000,1643,0,2,0,0,0,0,0,0,0,0,0
164400000,1644,0,2,0,0,0,0,0,0,0,0,0
164500000,1645,0,2,0,0,0,0,0,0,0,0,0
164600000,1646,0,2,0,0,0,0,0,0,0,0,0
164700000,1647,0,2,0,0,0,0,0,0,0,0,0
164800000,1648,0,2,0,0,0,0,0,0,0,0,0
164900000,1649,0,2,0,0,0,0,0,0,0,0,0
165000000,1650,0,2,0,0,0,0,0,0,0,0,0
165216001,1651,0,2,0,0,0,0,0,0,0,0,0
165230975,1652,0,2,0,0,0,0,0,0,0,0,0
165300000,1653,0,2,0,0,0,0,0,0,0,0,0
165400000,1654,0,2,0,0,0,0,0,0,0,0,0
165500000,1655,0,2,0,0,0,0,0,0,0,0,0
165600000,1656,0,2,0,0,0,0,0,0,0,0,0
165700000,1657,0,2,0,0,0,0,0,0,0,0,0
165800000,1658,0,2,0,0,0,0,0,0,0,0,0
165900000,1659,0,2,0,0,0,0,0,0,0,0,0
166000000,1660,0,2,0,0,0,0,0,0,0,0,0
166216002,1661,0,2,0,0,0,0,0,0,0,0,0
166230975,1662,0,2,0,0,0,0,0,0,0,0,0
166300000,1663,0,2,0,0,0,0,0,0,0,0,0
166400000,1664,0,2,0,0,0,0,0,0,0,0,0
166500000,1665,0,2,0,0,0,0,0,0,0,0,0
166600000,1666,0,2,0,0,0,0,0,0,0,0,0
166700000,1667,0,2,0,0,0,0,0,0,0,0,0
166800000,1668,0,2,0,0,0,0,0,0,0,0,0
166900000,1669,0,2,0,0,0,0,0,0,0,0,0
167000000,1670,0,2,0,0,0,0,0,0,0,0,0
167216001,1671,0,2,0,0,0,0,0,0,0,0,0
167230975,1672,0,2,0,0,0,0,0,0,0,0,0
167300000,1673,0,2,0,0,0,0,0,0,0,0,0
167400000,1674,0,2,0,0,0,0,0,0,0,0,0
167500000,1675,0,2,0,0,0,0,0,0,0,0,0
167600000,1676,0,2,0,0,0,0,0,0,0,0,0
167700000,1677,0,2,0,0,0,0,0,0,0,0,0
167800000,1678,0,2,0,0,0,0,0,0,0,0,0
167900000,1679,0,2,0,0,0,0,0,0,0,0,0
168000000,1680,0,2,0,0,0,0,0,0,0,0,0
168215002,1681,0,2,0,0,0,0,0,0,0,0,0
168229975,1682,0,2,0,0,0,0,0,0,0,0,0
168300000,1683,0,2,0,0,0,0,0,0,0,0,0
168400000,1684,0,2,0,0,0,0,0,0,0,0,0
168500000,1685,0,2,0,0,0,0,0,0,0,0,0
168600000,1686,0,2,0,0,0,0,0,0,0,0,0
168700000,1687,0,2,0,0,0,0,0,0,0,0,0
168800000,1688,0,2,0,0,0,0,0,0,0,0,0
168900000,1689,0,2,0,0,0,0,0,0,0,0,0
169000000,1690,0,2,0,0,0,0,0,0,0,0,0
169216001,1691,0,2,0,0,0,0,0,0,0,0,0
169230975,1692,0,2,0,0,0,0,0,0,0,0,0
169300000,1693,0,2,0,0,0,0,0,0,0,0,0
169400000,1694,0,2,0,0,0,0,0,0,0,0,0
169500000,1695,0,2,0,0,0,0,0,0,0,0,0
169600000,1696,0,2,0,0,0,0,0,0,0,0,0
169700000,1697,0,2,0,0,0,0,0,0,0,0,0
169800000,1698,0,2,0,0,0,0,0,0,0,0,0
169900000,1699,0,2,0,0,0,0,0,0,0,0,0
170000000,1700,0,2,0,0,0,0,0,0,0,0,0
170216001,1701,0,2,0,0,0,0,0,0,0,0,0
170230975,1702,0,2,0,0,0,0,0,0,0,0,0
170300000,1703,0,2,0,0,0,0,0,0,0,0,0
170400000,1704,0,2,0,0,0,0,0,0,0,0,0
170500000,1705,0,2,0,0,0,0,0,0,0,0,0
170600000,1706,0,2,0,0,0,0,0,0,0,0,0
170700000,1707,0,2,0,0,0,0,0,0,0,0,0
170800000,1708,0,2,0,0,0,0,0,0,0,0,0
170900000,1709,0,2,0,0,0,0,0,0,0,0,0
171000000,1710,0,2,0,0,0,0,0,0,0,0,0
171216002,1711,0,2,0,0,0,0,0,0,0,0,0
171230975,1712,0,2,0,0,0,0,0,0,0,0,0
171300000,1713,0,2,0,0,0,0,0,0,0,0,0
171400000,1714,0,2,0,0,0,0,0,0,0,0,0
171500000,1715,0,2,0,0,0,0,0,0,0,0,0
171600000,1716,0,2,0,0,0,0,0,0,0,0,0
171700000,1717,0,2,0,0,0,0,0,0,0,0,0
171800000,1718,0,2,0,0,0,0,0,0,0,0,0
171900000,1719,0,2,0,0,0,0,0,0,0,0,0
172000000,1720,0,2,0,0,0,0,0,0,0,0,0
172216002,1721,0,2,0,0,0,0,0,0,0,0,0
172230974,1722,0,2,0,0,0,0,0,0,0,0,0
172300000,1723,0,2,0,0,0,0,0,0,0,0,0
172400000,1724,0,2,0,0,0,0,0,0,0,0,0
172500000,1725,0,2,0,0,0,0,0,0,0,0,0
172600000,1726,0,2,0,0,0,0,0,0,0,0,0
172700000,1727,0,2,0,0,0,0,0,0,0,0,0
172800000,1728,0,2,0,0,0,0,0,0,0,0,0
172900000,1729,0,2,0,0,0,0,0,0,0,0,0
173000000,1730,0,2,0,0,0,0,0,0,0,0,0
173216001,1731,0,2,0,0,0,0,0,0,0,0,0
173230974,1732,0,2,0,0,0,0,0,0,0,0,0
173300000,1733,0,2,0,0,0,0,0,0,0,0,0
173400000,1734,0,2,0,0,0,0,0,0,0,0,0
173500000,1735,0,2,0,0,0,0,0,0,0,0,0
173600000,1736,0,2,0,0,0,0,0,0,0,0,0
173700000,1737,0,2,0,0,0,0,0,0,0,0,0
173800000,1738,0,2,0,0,0,0,0,0,0,0,0
173900000,1739,0,2,0,0,0,0,0,0,0,0,0
174000000,1740,0,2,0,0,0,0,0,0,0,0,0
174216001,1741,0,2,0,0,0,0,0,0,0,0,0
174230975,1742,0,2,0,0,0,0,0,0,0,0,0
174300000,1743,0,2,0,0,0,0,0,0,0,0,0
174400000,1744,0,2,0,0,0,0,0,0,0,0,0
174500000,1745,0,2,0,0,0,0,0,0,0,0,0
174600000,1746,0,2,0,0,0,0,0,0,0,0,0
174700000,1747,0,2,0,0,0,0,0,0,0,0,0
174800000,1748,0,2,0,0,0,0,0,0,0,0,0
174900000,1749,0,2,0,0,0,0,0,0,0,0,0
175000000,1750,0,2,0,0,0,0,0,0,0,0,0
175216001,1751,0,2,0,0,0,0,0,0,0,0,0
175230975,1752,0,2,0,0,0,0,0,0,0,0,0
175300000,1753,0,2,0,0,0,0,0,0,0,0,0
175400000,1754,0,2,0,0,0,0,0,0,0,0,0
175500000,1755,0,2,0,0,0,0,0,0,0,0,0
175600000,1756,0,2,0,0,0,0,0,0,0,0,0
175700000,1757,0,2,0,0,0,0,0,0,0,0,0
175800000,1758,0,2,0,0,0,0,0,0,0,0,0
175900000,1759,0,2,0,0,0,0,0,0,0,0,0
176000000,1760,0,2,0,0,0,0,0,0,0,0,0
176216001,1761,0,2,0,0,0,0,0,0,0,0,0
176230975,1762,0,2,0,0,0,0,0,0,0,0,0
176300000,1763,0,2,0,0,0,0,0,0,0,0,0
176400000,1764,0,2,0,0,0,0,0,0,0,0,0
176500000,1765,0,2,0,0,0,0,0,0,0,0,0
176600000,1766,0,2,0,0,0,0,0,0,0,0,0
176700000,1767,0,2,0,0,0,0,0,0,0,0,0
176800000,1768,0,2,0,0,0,0,0,0,0,0,0
176900000,1769,0,2,0,0,0,0,0,0,0,0,0
177000000,1770,0,2,0,0,0,0,0,0,0,0,0
177216002,1771,0,2,0,0,0,0,0,0,0,0,0
177230975,1772,0,2,0,0,0,0,0,0,0,0,0
177300000,1773,0,2,0,0,0,0,0,0,0,0,0
177400000,1774,0,2,0,0,0,0,0,0,0,0,0
177500000,1775,0,2,0,0,0,0,0,0,0,0,0
177600000,1776,0,2,0,0,0,0,0,0,0,0,0
177700000,1777,0,2,0,0,0,0,0,0,0,0,0
177800000,1778,0,2,0,0,0,0,0,0,0,0,0
177900000,1779,0,2,0,0,0,0,0,0,0,0,0
178000000,1780,0,2,0,0,0,0,0,0,0,0,0
178216002,1781,0,2,0,0,0,0,0,0,0,0,0
178230975,1782,0,2,0,0,0,0,0,0,0,0,0
178300000,1783,0,2,0,0,0,0,0,0,0,0,0
178400000,1784,0,2,0,0,0,0,0,0,0,0,0
178500000,1785,0,2,0,0,0,0,0,0,0,0,0
178600000,1786,0,2,0,0,0,0,0,0,0,0,0
178700000,1787,0,2,0,0,0,0,0,0,0,0,0
178800000,1788,0,2,0,0,0,0,0,0,0,0,0
178900000,1789,0,2,0,0,0,0,0,0,0,0,0
179000000,1790,0,2,0,0,0,0,0,0,0,0,0
179216002,1791,0,2,0,0,0,0,0,0,0,0,0
179230974,1792,0,2,0,0,0,0,0,0,0,0,0
179300000,1793,0,2,0,0,0,0,0,0,0,0,0
179400000,1794,0,2,0,0,0,0,0,0,0,0,0
179500000,1795,0,2,0,0,0,0,0,0,0,0,0
179600000,1796,0,2,0,0,0,0,0,0,0,0,0
179700000,1797,0,2,0,0,0,0,0,0,0,0,0
179800000,1798,0,2,0,0,0,0,0,0,0,0,0
179900000,1799,0,2,0,0,0,0,0,0,0,0,0
180000000,1800,0,2,0,0,0,0,0,0,0,0,0
180216002,1801,0,2,0,0,0,0,0,0,0,0,0
180230975,1802,0,2,0,0,0,0,0,0,0,0,0
180300000,1803,0,2,0,0,0,0,0,0,0,0,0
180400000,1804,0,2,0,0,0,0,0,0,0,0,0
180500000,1805,0,2,0,0,0,0,0,0,0,0,0
180600000,1806,0,2,0,0,0,0,0,0,0,0,0
180700000,1807,0,2,0,0,0,0,0,0,0,0,0
180800000,1808,0,2,0,0,0,0,0,0,0,0,0
180900000,1809,0,2,0,0,0,0,0,0,0,0,0
181000000,1810,0,2,0,0,0,0,0,0,0,0,0
181215001,1811,0,2,0,0,0,0,0,0,0,0,0
181229975,1812,0,2,0,0,0,0,0,0,0,0,0
181300000,1813,0,2,0,0,0,0,0,0,0,0,0
181400000,1814,0,2,0,0,0,0,0,0,0,0,0
181500000,1815,0,2,0,0,0,0,0,0,0,0,0
181600000,1816,0,2,0,0,0,0,0,0,0,0,0
181700000,1817,0,2,0,0,0,0,0,0,0,0,0
181800000,1818,0,2,0,0,0,0,0,0,0,0,0
181900000,1819,0,2,0,0,0,0,0,0,0,0,0
182000000,1820,0,2,0,0,0,0,0,0,0,0,0
182216001,1821,0,2,0,0,0,0,0,0,0,0,0
182230975,1822,0,2,0,0,0,0,0,0,0,0,0
182300000,1823,0,2,0,0,0,0,0,0,0,0,0
182400000,1824,0,2,0,0,0,0,0,0,0,0,0
182500000,1825,0,2,0,0,0,0,0,0,0,0,0
182600000,1826,0,2,0,0,0,0,0,0,0,0,0
182700000,1827,0,2,0,0,0,0,0,0,0,0,0
182800000,1828,0,2,0,0,0,0,0,0,0,0,0
182900000,1829,0,2,0,0,0,0,0,0,0,0,0
183000000,1830,0,2,0,0,0,0,0,0,0,0,0
183216001,1831,0,2,0,0,0,0,0,0,0,0,0
183230975,1832,0,2,0,0,0,0,0,0,0,0,0
183300000,1833,0,2,0,0,0,0,0,0,0,0,0
183400000,1834,0,2,0,0,0,0,0,0,0,0,0
183500000,1835,0,2,0,0,0,0,0,0,0,0,0
183600000,1836,0,2,0,0,0,0,0,0,0,0,0
183700000,1837,0,2,0,0,0,0,0,0,0,0,0
183800000,1838,0,2,0,0,0,0,0,0,0,0,0
183900000,1839,0,2,0,0,0,0,0,0,0,0,0
184000000,1840,0,2,0,0,0,0,0,0,0,0,0
184216002,1841,0,2,0,0,0,0,0,0,0,0,0
184230975,1842,0,2,0,0,0,0,0,0,0,0,0
184300000,1843,0,2,0,0,0,0,0,0,0,0,0
184400000,1844,0,2,0,0,0,0,0,0,0,0,0
184500000,1845,0,2,0,0,0,0,0,0,0,0,0
184600000,1846,0,2,0,0,0,0,0,0,0,0,0
184700000,1847,0,2,0,0,0,0,0,0,0,0,0
184800000,1848,0,2,0,0,0,0,0,0,0,0,0
184900000,1849,0,2,0,0,0,0,0,0,0,0,0
185000000,1850,0,2,0,0,0,0,0,0,0,0,0
185216001,1851,0,2,0,0,0,0,0,0,0,0,0
185230975,1852,0,2,0,0,0,0,0,0,0,0,0
185300000,1853,0,2,0,0,0,0,0,0,0,0,0
185400000,1854,0,2,0,0,0,0,0,0,0,0,0
185500000,1855,0,2,0,0,0,0,0,0,0,0,0
185600000,1856,0,2,0,0,0,0,0,0,0,0,0
185700000,1857,0,2,0,0,0,0,0,0,0,0,0
185800000,1858,0,2,0,0,0,0,0,0,0,0,0
185900000,1859,0,2,0,0,0,0,0,0,0,0,0
186000000,1860,0,2,0,0,0,0,0,0,0,0,0
186216001,1861,0,2,0,0,0,0,0,0,0,0,0
186230975,1862,0,2,0,0,0,0,0,0,0,0,0
186300000,1863,0,2,0,0,0,0,0,0,0,0,0
186400000,1864,0,2,0,0,0,0,0,0,0,0,0
186500000,1865,0,2,0,0,0,0,0,0,0,0,0
186600000,1866,0,2,0,0,0,0,0,0,0,0,0
186700000,1867,0,2,0,0,0,0,0,0,0,0,0
186800000,1868,0,2,0,0,0,0,0,0,0,0,0
186900000,1869,0,2,0,0,0,0,0,0,0,0,0
187000000,1870,0,2,0,0,0,0,0,0,0,0,0
187216001,1871,0,2,0,0,0,0,0,0,0,0,0
187230975,1872,0,2,0,0,0,0,0,0,0,0,0
187300000,1873,0,2,0,0,0,0,0,0,0,0,0
187400000,1874,0,2,0,0,0,0,0,0,0,0,0
187500000,1875,0,2,0,0,0,0,0,0,0,0,0
187600000,1876,0,2,0,0,0,0,0,0,0,0,0
187700000,1877,0,2,0,0,0,0,0,0,0,0,0
187800000,1878,0,2,0,0,0,0,0,0,0,0,0
187900000,1879,0,2,0,0,0,0,0,0,0,0,0
188000000,1880,0,2,0,0,0,0,0,0,0,0,0
188216001,1881,0,2,0,0,0,0,0,0,0,0,0
188230975,1882,0,2,0,0,0,0,0,0,0,0,0
188300000,1883,0,2,0,0,0,0,0,0,0,0,0
188400000,1884,0,2,0,0,0,0,0,0,0,0,0
188500000,1885,0,2,0,0,0,0,0,0,0,0,0
188600000,1886,0,2,0,0,0,0,0,0,0,0,0
188700000,1887,0,2,0,0,0,0,0,0,0,0,0
188800000,1888,0,2,0,0,0,0,0,0,0,0,0
188900000,1889,0,2,0,0,0,0,0,0,0,0,0
189000000,1890,0,2,0,0,0,0,0,0,0,0,0
189215001,1891,0,2,0,0,0,0,0,0,0,0,0
189229975,1892,0,2,0,0,0,0,0,0,0,0,0
189300000,1893,0,2,0,0,0,0,0,0,0,0,0
189400000,1894,0,2,0,0,0,0,0,0,0,0,0
189500000,1895,0,2,0,0,0,0,0,0,0,0,0
189600000,1896,0,2,0,0,0,0,0,0,0,0,0
189700000,1897,0,2,0,0,0,0,0,0,0,0,0
189800000,1898,0,2,0,0,0,0,0,0,0,0,0
189900000,1899,0,2,0,0,0,0,0,0,0,0,0
190000000,1900,0,2,0,0,0,0,0,0,0,0,0
190216001,1901,0,2,0,0,0,0,0,0,0,0,0
190230975,1902,0,2,0,0,0,0,0,0,0,0,0
190300000,1903,0,2,0,0,0,0,0,0,0,0,0
190400000,1904,0,2,0,0,0,0,0,0,0,0,0
190500000,1905,0,2,0,0,0,0,0,0,0,0,0
190600000,1906,0,2,0,0,0,0,0,0,0,0,0
190700000,1907,0,2,0,0,0,0,0,0,0,0,0
190800000,1908,0,2,0,0,0,0,0,0,0,0,0
190900000,1909,0,2,0,0,0,0,0,0,0,0,0
191000000,1910,0,2,0,0,0,0,0,0,0,0,0
191216001,1911,0,2,0,0,0,0,0,0,0,0,0
191230974,1912,0,2,0,0,0,0,0,0,0,0,0
191300000,1913,0,2,0,0,0,0,0,0,0,0,0
191400000,1914,0,2,0,0,0,0,0,0,0,0,0
191500000,1915,0,2,0,0,0,0,0,0,0,0,0
191600000,1916,0,2,0,0,0,0,0,0,0,0,0
191700000,1917,0,2,0,0,0,0,0,0,0,0,0
191800000,1918,0,2,0,0,0,0,0,0,0,0,0
191900000,1919,0,2,0,0,0,0,0,0,0,0,0
192000000,1920,0,2,0,0,0,0,0,0,0,0,0
192216002,1921,0,2,0,0,0,0,0,0,0,0,0
192230975,1922,0,2,0,0,0,0,0,0,0,0,0
192300000,1923,0,2,0,0,0,0,0,0,0,0,0
192400000,1924,0,2,0,0,0,0,0,0,0,0,0
192500000,1925,0,2,0,0,0,0,0,0,0,0,0
192600000,1926,0,2,0,0,0,0,0,0,0,0,0
192700000,1927,0,2,0,0,0,0,0,0,0,0,0
192800000,1928,0,2,0,0,0,0,0,0,0,0,0
192900000,1929,0,2,0,0,0,0,0,0,0,0,0
193000000,1930,0,2,0,0,0,0,0,0,0,0,0
193216001,1931,0,2,0,0,0,0,0,0,0,0,0
193230975,1932,0,2,0,0,0,0,0,0,0,0,0
193300000,1933,0,2,0,0,0,0,0,0,0,0,0
193400000,1934,0,2,0,0,0,0,0,0,0,0,0
193500000,1935,0,2,0,0,0,0,0,0,0,0,0
193600000,1936,0,2,0,0,0,0,0,0,0,0,0
193700000,1937,0,2,0,0,0,0,0,0,0,0,0
193800000,1938,0,2,0,0,0,0,0,0,0,0,0
193900000,1939,0,2,0,0,0,0,0,0,0,0,0
194000000,1940,0,2,0,0,0,0,0,0,0,0,0
194215001,1941,0,2,0,0,0,0,0,0,0,0,0
194229975,1942,0,2,0,0,0,0,0,0,0,0,0
194300000,1943,0,2,0,0,0,0,0,0,0,0,0
194400000,1944,0,2,0,0,0,0,0,0,0,0,0
194500000,1945,0,2,0,0,0,0,0,0,0,0,0
194600000,1946,0,2,0,0,0,0,0,0,0,0,0
194700000,1947,0,2,0,0,0,0,0,0,0,0,0
194800000,1948,0,2,0,0,0,0,0,0,0,0,0
194900000,1949,0,2,0,0,0,0,0,0,0,0,0
195000000,1950,0,2,0,0,0,0,0,0,0,0,0
195216001,1951,0,2,0,0,0,0,0,0,0,0,0
195230975,1952,0,2,0,0,0,0,0,0,0,0,0
195300000,1953,0,2,0,0,0,0,0,0,0,0,0
195400000,1954,0,2,0,0,0,0,0,0,0,0,0
195500000,1955,0,2,0,0,0,0,0,0,0,0,0
195600000,1956,0,2,0,0,0,0,0,0,0,0,0
195700000,1957,0,2,0,0,0,0,0,0,0,0,0
195800000,1958,0,2,0,0,0,0,0,0,0,0,0
195900000,1959,0,2,0,0,0,0,0,0,0,0,0
196000000,1960,0,2,0,0,0,0,0,0,0,0,0
196216001,1961,0,2,0,0,0,0,0,0,0,0,0
196230975,1962,0,2,0,0,0,0,0,0,0,0,0
196300000,1963,0,2,0,0,0,0,0,0,0,0,0
196400000,1964,0,2,0,0,0,0,0,0,0,0,0
196500000,1965,0,2,0,0,0,0,0,0,0,0,0
196600000,1966,0,2,0,0,0,0,0,0,0,0,0
196700000,1967,0,2,0,0,0,0,0,0,0,0,0
196800000,1968,0,2,0,0,0,0,0,0,0,0,0
196900000,1969,0,2,0,0,0,0,0,0,0,0,0
197000000,1970,0,2,0,0,0,0,0,0,0,0,0
197216001,1971,0,2,0,0,0,0,0,0,0,0,0
197230975,1972,0,2,0,0,0,0,0,0,0,0,0
197300000,1973,0,2,0,0,0,0,0,0,0,0,0
197400000,1974,0,2,0,0,0,0,0,0,0,0,0
197500000,1975,0,2,0,0,0,0,0,0,0,0,0
197600000,1976,0,2,0,0,0,0,0,0,0,0,0
197700000,1977,0,2,0,0,0,0,0,0,0,0,0
197800000,1978,0,2,0,0,0,0,0,0,0,0,0
197900000,1979,0,2,0,0,0,0,0,0,0,0,0
198000000,1980,0,2,0,0,0,0,0,0,0,0,0
198216001,1981,0,2,0,0,0,0,0,0,0,0,0
198230975,1982,0,2,0,0,0,0,0,0,0,0,0
198300000,1983,0,2,0,0,0,0,0,0,0,0,0
198400000,1984,0,2,0,0,0,0,0,0,0,0,0
198500000,1985,0,2,0,0,0,0,0,0,0,0,0
198600000,1986,0,2,0,0,0,0,0,0,0,0,0
198700000,1987,0,2,0,0,0,0,0,0,0,0,0
198800000,1988,0,2,0,0,0,0,0,0,0,0,0
198900000,1989,0,2,0,0,0,0,0,0,0,0,0
199000000,1990,0,2,0,0,0,0,0,0,0,0,0
199216001,1991,0,2,0,0,0,0,0,0,0,0,0
199230974,1992,0,2,0,0,0,0,0,0,0,0,0
199300000,1993,0,2,0,0,0,0,0,0,0,0,0
199400000,1994,0,2,0,0,0,0,0,0,0,0,0
199500000,1995,0,2,0,0,0,0,0,0,0,0,0
199600000,1996,0,2,0,0,0,0,0,0,0,0,0
199700000,1997,0,2,0,0,0,0,0,0,0,0,0
199800000,1998,0,2,0,0,0,0,0,0,0,0,0
199900000,1999,0,2,0,0,0,0,0,0,0,0,0
200000000,2000,0,2,0,0,0,0,0,0,0,0,0
200216002,2001,0,2,0,0,0,0,0,0,0,0,0
200230975,2002,0,2,0,0,0,0,0,0,0,0,0
200300000,2003,0,2,0,0,0,0,0,0,0,0,0
200400000,2004,0,2,0,0,0,0,0,0,0,0,0
200500000,2005,0,2,0,0,0,0,0,0,0,0,0
200600000,2006,0,2,0,0,0,0,0,0,0,0,0
200700000,2007,0,2,0,0,0,0,0,0,0,0,0
200800000,2008,0,2,0,0,0,0,0,0,0,0,0
200900000,2009,0,2,0,0,0,0,0,0,0,0,0
201000000,2010,0,2,0,0,0,0,0,0,0,0,0
201216001,2011,0,2,0,0,0,0,0,0,0,0,0
201230975,2012,0,2,0,0,0,0,0,0,0,0,0
201300000,2013,0,2,0,0,0,0,0,0,0,0,0
201400000,2014,0,2,0,0,0,0,0,0,0,0,0
201500000,2015,0,2,0,0,0,0,0,0,0,0,0
201600000,2016,0,2,0,0,0,0,0,0,0,0,0
201700000,2017,0,2,0,0,0,0,0,0,0,0,0
201800000,2018,0,2,0,0,0,0,0,0,0,0,0
201900000,2019,0,2,0,0,0,0,0,0,0,0,0
202000000,2020,0,2,0,0,0,0,0,0,0,0,0
202215001,2021,0,2,0,0,0,0,0,0,0,0,0
202229975,2022,0,2,0,0,0,0,0,0,0,0,0
202300000,2023,0,2,0,0,0,0,0,0,0,0,0
202400000,2024,0,2,0,0,0,0,0,0,0,0,0
202500000,2025,0,2,0,0,0,0,0,0,0,0,0
202600000,2026,0,2,0,0,0,0,0,0,0,0,0
202700000,2027,0,2,0,0,0,0,0,0,0,0,0
202800000,2028,0,2,0,0,0,0,0,0,0,0,0
202900000,2029,0,2,0,0,0,0,0,0,0,0,0
203000000,2030,0,2,0,0,0,0,0,0,0,0,0
203216001,2031,0,2,0,0,0,0,0,0,0,0,0
203230975,2032,0,2,0,0,0,0,0,0,0,0,0
203300000,2033,0,2,0,0,0,0,0,0,0,0,0
203400000,2034,0,2,0,0,0,0,0,0,0,0,0
203500000,2035,0,2,0,0,0,0,0,0,0,0,0
203600000,2036,0,2,0,0,0,0,0,0,0,0,0
203700000,2037,0,2,0,0,0,0,0,0,0,0,0
203800000,2038,0,2,0,0,0,0,0,0,0,0,0
203900000,2039,0,2,0,0,0,0,0,0,0,0,0
204000000,2040,0,2,0,0,0,0,0,0,0,0,0
204215001,2041,0,2,0,0,0,0,0,0,0,0,0
204229975,2042,0,2,0,0,0,0,0,0,0,0,0
204300000,2043,0,2,0,0,0,0,0,0,0,0,0
204400000,2044,0,2,0,0,0,0,0,0,0,0,0
204500000,2045,0,2,0,0,0,0,0,0,0,0,0
204600000,2046,0,2,0,0,0,0,0,0,0,0,0
204700000,2047,0,2,0,0,0,0,0,0,0,0,0
204800000,2048,0,2,0,0,0,0,0,0,0,0,0
204900000,2049,0,2,0,0,0,0,0,0,0,0,0
205000000,2050,0,2,0,0,0,0,0,0,0,0,0
205216002,2051,0,2,0,0,0,0,0,0,0,0,0
205230974,2052,0,2,0,0,0,0,0,0,0,0,0
205300000,2053,0,2,0,0,0,0,0,0,0,0,0
205400000,2054,0,2,0,0,0,0,0,0,0,0,0
205500000,2055,0,2,0,0,0,0,0,0,0,0,0
205600000,2056,0,2,0,0,0,0,0,0,0,0,0
205700000,2057,0,2,0,0,0,0,0,0,0,0,0
205800000,2058,0,2,0,0,0,0,0,0,0,0,0
205900000,2059,0,2,0,0,0,0,0,0,0,0,0
206000000,2060,0,2,0,0,0,0,0,0,0,0,0
206216001,2061,0,2,0,0,0,0,0,0,0,0,0
206230975,2062,0,2,0,0,0,0,0,0,0,0,0
206300000,2063,0,2,0,0,0,0,0,0,0,0,0
206400000,2064,0,2,0,0,0,0,0,0,0,0,0
206500000,2065,0,2,0,0,0,0,0,0,0,0,0
206600000,2066,0,2,0,0,0,0,0,0,0,0,0
206700000,2067,0,2,0,0,0,0,0,0,0,0,0
206800000,2068,0,2,0,0,0,0,0,0,0,0,0
206900000,2069,0,2,0,0,0,0,0,0,0,0,0
207000000,2070,0,2,0,0,0,0,0,0,0,0,0
207215001,2071,0,2,0,0,0,0,0,0,0,0,0
207229975,2072,0,2,0,0,0,0,0,0,0,0,0
207300000,2073,0,2,0,0,0,0,0,0,0,0,0
207400000,2074,0,2,0,0,0,0,0,0,0,0,0
207500000,2075,0,2,0,0,0,0,0,0,0,0,0
207600000,2076,0,2,0,0,0,0,0,0,0,0,0
207700000,2077,0,2,0,0,0,0,0,0,0,0,0
207800000,2078,0,2,0,0,0,0,0,0,0,0,0
207900000,2079,0,2,0,0,0,0,0,0,0,0,0
208000000,2080,0,2,0,0,0,0,0,0,0,0,0
208216001,2081,0,2,0,0,0,0,0,0,0,0,0
208230975,2082,0,2,0,0,0,0,0,0,0,0,0
208300000,2083,0,2,0,0,0,0,0,0,0,0,0
208400000,2084,0,2,0,0,0,0,0,0,0,0,0
208500000,2085,0,2,0,0,0,0,0,0,0,0,0
208600000,2086,0,2,0,0,0,0,0,0,0,0,0
208700000,2087,0,2,0,0,0,0,0,0,0,0,0
208800000,2088,0,2,0,0,0,0,0,0,0,0,0
208900000,2089,0,2,0,0,0,0,0,0,0,0,0
209000000,2090,0,2,0,0,0,0,0,0,0,0,0
209216002,2091,0,2,0,0,0,0,0,0,0,0,0
209230975,2092,0,2,0,0,0,0,0,0,0,0,0
209300000,2093,0,2,0,0,0,0,0,0,0,0,0
209400000,2094,0,2,0,0,0,0,0,0,0,0,0
209500000,2095,0,2,0,0,0,0,0,0,0,0,0
209600000,2096,0,2,0,0,0,0,0,0,0,0,0
209700000,2097,0,2,0,0,0,0,0,0,0,0,0
209800000,2098,0,2,0,0,0,0,0,0,0,0,0
209900000,2099,0,2,0,0,0,0,0,0,0,0,0
210000000,2100,0,2,0,0,0,0,0,0,0,0,0
210216001,2101,0,2,0,0,0,0,0,0,0,0,0
210230975,2102,0,2,0,0,0,0,0,0,0,0,0
210300000,2103,0,2,0,0,0,0,0,0,0,0,0
210400000,2104,0,2,0,0,0,0,0,0,0,0,0
210500000,2105,0,2,0,0,0,0,0,0,0,0,0
210600000,2106,0,2,0,0,0,0,0,0,0,0,0
210700000,2107,0,2,0,0,0,0,0,0,0,0,0
210800000,2108,0,2,0,0,0,0,0,0,0,0,0
210900000,2109,0,2,0,0,0,0,0,0,0,0,0
211000000,2110,0,2,0,0,0,0,0,0,0,0,0
211216002,2111,0,2,0,0,0,0,0,0,0,0,0
211230975,2112,0,2,0,0,0,0,0,0,0,0,0
211300000,2113,0,2,0,0,0,0,0,0,0,0,0
211400000,2114,0,2,0,0,0,0,0,0,0,0,0
211500000,2115,0,2,0,0,0,0,0,0,0,0,0
211600000,2116,0,2,0,0,0,0,0,0,0,0,0
211700000,2117,0,2,0,0,0,0,0,0,0,0,0
211800000,2118,0,2,0,0,0,0,0,0,0,0,0
211900000,2119,0,2,0,0,0,0,0,0,0,0,0
212000000,2120,0,2,0,0,0,0,0,0,0,0,0
212216001,2121,0,2,0,0,0,0,0,0,0,0,0
212230975,2122,0,2,0,0,0,0,0,0,0,0,0
212300000,2123,0,2,0,0,0,0,0,0,0,0,0
212400000,2124,0,2,0,0,0,0,0,0,0,0,0
212500000,2125,0,2,0,0,0,0,0,0,0,0,0
212600000,2126,0,2,0,0,0,0,0,0,0,0,0
212700000,2127,0,2,0,0,0,0,0,0,0,0,0
212800000,2128,0,2,0,0,0,0,0,0,0,0,0
212900000,2129,0,2,0,0,0,0,0,0,0,0,0
213000000,2130,0,2,0,0,0,0,0,0,0,0,0
213216001,2131,0,2,0,0,0,0,0,0,0,0,0
213230975,2132,0,2,0,0,0,0,0,0,0,0,0
213300000,2133,0,2,0,0,0,0,0,0,0,0,0
213400000,2134,0,2,0,0,0,0,0,0,0,0,0
213500000,2135,0,2,0,0,0,0,0,0,0,0,0
213600000,2136,0,2,0,0,0,0,0,0,0,0,0
213700000,2137,0,2,0,0,0,0,0,0,0,0,0
213800000,2138,0,2,0,0,0,0,0,0,0,0,0
213900000,2139,0,2,0,0,0,0,0,0,0,0,0
214000000,2140,0,2,0,0,0,0,0,0,0,0,0
214216001,2141,0,2,0,0,0,0,0,0,0,0,0
214230975,2142,0,2,0,0,0,0,0,0,0,0,0
214300000,2143,0,2,0,0,0,0,0,0,0,0,0
214400000,2144,0,2,0,0,0,0,0,0,0,0,0
214500000,2145,0,2,0,0,0,0,0,0,0,0,0
214600000,2146,0,2,0,0,0,0,0,0,0,0,0
214700000,2147,0,2,0,0,0,0,0,0,0,0,0
214800000,2148,0,2,0,0,0,0,0,0,0,0,0
214900000,2149,0,2,0,0,0,0,0,0,0,0,0
215000000,2150,0,2,0,0,0,0,0,0,0,0,0
215215001,2151,0,2,0,0,0,0,0,0,0,0,0
215229974,2152,0,2,0,0,0,0,0,0,0,0,0
215300000,2153,0,2,0,0,0,0,0,0,0,0,0
215400000,2154,0,2,0,0,0,0,0,0,0,0,0
215500000,2155,0,2,0,0,0,0,0,0,0,0,0
215600000,2156,0,2,0,0,0,0,0,0,0,0,0
215700000,2157,0,2,0,0,0,0,0,0,0,0,0
215800000,2158,0,2,0,0,0,0,0,0,0,0,0
215900000,2159,0,2,0,0,0,0,0,0,0,0,0
216000000,2160,0,2,0,0,0,0,0,0,0,0,0
216216001,2161,0,2,0,0,0,0,0,0,0,0,0
216230975,2162,0,2,0,0,0,0,0,0,0,0,0
216300000,2163,0,2,0,0,0,0,0,0,0,0,0
216400000,2164,0,2,0,0,0,0,0,0,0,0,0
216500000,2165,0,2,0,0,0,0,0,0,0,0,0
216600000,2166,0,2,0,0,0,0,0,0,0,0,0
216700000,2167,0,2,0,0,0,0,0,0,0,0,0
216800000,2168,0,2,0,0,0,0,0,0,0,0,0
216900000,2169,0,2,0,0,0,0,0,0,0,0,0
217000000,2170,0,2,0,0,0,0,0,0,0,0,0
217216001,2171,0,2,0,0,0,0,0,0,0,0,0
217230975,2172,0,2,0,0,0,0,0,0,0,0,0
217300000,2173,0,2,0,0,0,0,0,0,0,0,0
217400000,2174,0,2,0,0,0,0,0,0,0,0,0
217500000,2175,0,2,0,0,0,0,0,0,0,0,0
217600000,2176,0,2,0,0,0,0,0,0,0,0,0
217700000,2177,0,2,0,0,0,0,0,0,0,0,0
217800000,2178,0,2,0,0,0,0,0,0,0,0,0
217900000,2179,0,2,0,0,0,0,0,0,0,0,0
218000000,2180,0,2,0,0,0,0,0,0,0,0,0
218216002,2181,0,2,0,0,0,0,0,0,0,0,0
218230975,2182,0,2,0,0,0,0,0,0,0,0,0
218300000,2183,0,2,0,0,0,0,0,0,0,0,0
218400000,2184,0,2,0,0,0,0,0,0,0,0,0
218500000,2185,0,2,0,0,0,0,0,0,0,0,0
218600000,2186,0,2,0,0,0,0,0,0,0,0,0
218700000,2187,0,2,0,0,0,0,0,0,0,0,0
218800000,2188,0,2,0,0,0,0,0,0,0,0,0
218900000,2189,0,2,0,0,0,0,0,0,0,0,0
219000000,2190,0,2,0,0,0,0,0,0,0,0,0
219216002,2191,0,2,0,0,0,0,0,0,0,0,0
219230975,2192,0,2,0,0,0,0,0,0,0,0,0
219300000,2193,0,2,0,0,0,0,0,0,0,0,0
219400000,2194,0,2,0,0,0,0,0,0,0,0,0
219500000,2195,0,2,0,0,0,0,0,0,0,0,0
219600000,2196,0,2,0,0,0,0,0,0,0,0,0
219700000,2197,0,2,0,0,0,0,0,0,0,0,0
219800000,2198,0,2,0,0,0,0,0,0,0,0,0
219900000,2199,0,2,0,0,0,0,0,0,0,0,0
220000000,2200,0,2,0,0,0,0,0,0,0,0,0
220215001,2201,0,2,0,0,0,0,0,0,0,0,0
220229975,2202,0,2,0,0,0,0,0,0,0,0,0
220300000,2203,0,2,0,0,0,0,0,0,0,0,0
220400000,2204,0,2,0,0,0,0,0,0,0,0,0
220500000,2205,0,2,0,0,0,0,0,0,0,0,0
220600000,2206,0,2,0,0,0,0,0,0,0,0,0
220700000,2207,0,2,0,0,0,0,0,0,0,0,0
220800000,2208,0,2,0,0,0,0,0,0,0,0,0
220900000,2209,0,2,0,0,0,0,0,0,0,0,0
221000000,2210,0,2,0,0,0,0,0,0,0,0,0
221216001,2211,0,2,0,0,0,0,0,0,0,0,0
221230975,2212,0,2,0,0,0,0,0,0,0,0,0
221300000,2213,0,2,0,0,0,0,0,0,0,0,0
221400000,2214,0,2,0,0,0,0,0,0,0,0,0
221500000,2215,0,2,0,0,0,0,0,0,0,0,0
221600000,2216,0,2,0,0,0,0,0,0,0,0,0
221700000,2217,0,2,0,0,0,0,0,0,0,0,0
221800000,2218,0,2,0,0,0,0,0,0,0,0,0
221900000,2219,0,2,0,0,0,0,0,0,0,0,0
222000000,2220,0,2,0,0,0,0,0,0,0,0,0
222216002,2221,0,2,0,0,0,0,0,0,0,0,0
222230975,2222,0,2,0,0,0,0,0,0,0,0,0
222300000,2223,0,2,0,0,0,0,0,0,0,0,0
222400000,2224,0,2,0,0,0,0,0,0,0,0,0
222500000,2225,0,2,0,0,0,0,0,0,0,0,0
222600000,2226,0,2,0,0,0,0,0,0,0,0,0
222700000,2227,0,2,0,0,0,0,0,0,0,0,0
222800000,2228,0,2,0,0,0,0,0,0,0,0,0
222900000,2229,0,2,0,0,0,0,0,0,0,0,0
223000000,2230,0,2,0,0,0,0,0,0,0,0,0
223216001,2231,0,2,0,0,0,0,0,0,0,0,0
223230975,2232,0,2,0,0,0,0,0,0,0,0,0
223300000,2233,0,2,0,0,0,0,0,0,0,0,0
223400000,2234,0,2,0,0,0,0,0,0,0,0,0
223500000,2235,0,2,0,0,0,0,0,0,0,0,0
223600000,2236,0,2,0,0,0,0,0,0,0,0,0
223700000,2237,0,2,0,0,0,0,0,0,0,0,0
223800000,2238,0,2,0,0,0,0,0,0,0,0,0
223900000,2239,0,2,0,0,0,0,0,0,0,0,0
224000000,2240,0,2,0,0,0,0,0,0,0,0,0
224216001,2241,0,2,0,0,0,0,0,0,0,0,0
224230975,2242,0,2,0,0,0,0,0,0,0,0,0
224300000,2243,0,2,0,0,0,0,0,0,0,0,0
224400000,2244,0,2,0,0,0,0,0,0,0,0,0
224500000,2245,0,2,0,0,0,0,0,0,0,0,0
224600000,2246,0,2,0,0,0,0,0,0,0,0,0
224700000,2247,0,2,0,0,0,0,0,0,0,0,0
224800000,2248,0,2,0,0,0,0,0,0,0,0,0
224900000,2249,0,2,0,0,0,0,0,0,0,0,0
225000000,2250,0,2,0,0,0,0,0,0,0,0,0
225216001,2251,0,2,0,0,0,0,0,0,0,0,0
225230975,2252,0,2,0,0,0,0,0,0,0,0,0
225300000,2253,0,2,0,0,0,0,0,0,0,0,0
225400000,2254,0,2,0,0,0,0,0,0,0,0,0
225500000,2255,0,2,0,0,0,0,0,0,0,0,0
225600000,2256,0,2,0,0,0,0,0,0,0,0,0
225700000,2257,0,2,0,0,0,0,0,0,0,0,0
225800000,2258,0,2,0,0,0,0,0,0,0,0,0
225900000,2259,0,2,0,0,0,0,0,0,0,0,0
226000000,2260,0,2,0,0,0,0,0,0,0,0,0
226216001,2261,0,2,0,0,0,0,0,0,0,0,0
226230975,2262,0,2,0,0,0,0,0,0,0,0,0
226300000,2263,0,2,0,0,0,0,0,0,0,0,0
226400000,2264,0,2,0,0,0,0,0,0,0,0,0
226500000,2265,0,2,0,0,0,0,0,0,0,0,0
226600000,2266,0,2,0,0,0,0,0,0,0,0,0
226700000,2267,0,2,0,0,0,0,0,0,0,0,0
226800000,2268,0,2,0,0,0,0,0,0,0,0,0
226900000,2269,0,2,0,0,0,0,0,0,0,0,0
227000000,2270,0,2,0,0,0,0,0,0,0,0,0
227229001,2271,0,2,0,0,0,0,0,0,0,0,0
227243974,2272,0,2,0,0,0,0,0,0,0,0,0
227300000,2273,0,2,0,0,0,0,0,0,0,0,0
227400000,2274,0,2,0,0,0,0,0,0,0,0,0
227500000,2275,0,2,0,0,0,0,0,0,0,0,0
227600000,2276,0,2,0,0,0,0,0,0,0,0,0
227700000,2277,0,2,0,0,0,0,0,0,0,0,0
227800000,2278,0,2,0,0,0,0,0,0,0,0,0
227900000,2279,0,2,0,0,0,0,0,0,0,0,0
228000000,2280,0,2,0,0,0,0,0,0,0,0,0
228215001,2281,0,2,0,0,0,0,0,0,0,0,0
228229975,2282,0,2,0,0,0,0,0,0,0,0,0
228300000,2283,0,2,0,0,0,0,0,0,0,0,0
228400000,2284,0,2,0,0,0,0,0,0,0,0,0
228500000,2285,0,2,0,0,0,0,0,0,0,0,0
228600000,2286,0,2,0,0,0,0,0,0,0,0,0
228700000,2287,0,2,0,0,0,0,0,0,0,0,0
228800000,2288,0,2,0,0,0,0,0,0,0,0,0
228900000,2289,0,2,0,0,0,0,0,0,0,0,0
229000000,2290,0,2,0,0,0,0,0,0,0,0,0
229216002,2291,0,2,0,0,0,0,0,0,0,0,0
229230975,2292,0,2,0,0,0,0,0,0,0,0,0
229300000,2293,0,2,0,0,0,0,0,0,0,0,0
229400000,2294,0,2,0,0,0,0,0,0,0,0,0
229500000,2295,0,2,0,0,0,0,0,0,0,0,0
229600000,2296,0,2,0,0,0,0,0,0,0,0,0
229700000,2297,0,2,0,0,0,0,0,0,0,0,0
229800000,2298,0,2,0,0,0,0,0,0,0,0,0
229900000,2299,0,2,0,0,0,0,0,0,0,0,0
230000000,2300,0,2,0,0,0,0,0,0,0,0,0
230216001,2301,0,2,0,0,0,0,0,0,0,0,0
230230974,2302,0,2,0,0,0,0,0,0,0,0,0
230300000,2303,0,2,0,0,0,0,0,0,0,0,0
230400000,2304,0,2,0,0,0,0,0,0,0,0,0
230500000,2305,0,2,0,0,0,0,0,0,0,0,0
230600000,2306,0,2,0,0,0,0,0,0,0,0,0
230700000,2307,0,2,0,0,0,0,0,0,0,0,0
230800000,2308,0,2,0,0,0,0,0,0,0,0,0
230900000,2309,0,2,0,0,0,0,0,0,0,0,0
231000000,2310,0,2,0,0,0,0,0,0,0,0,0
231216001,2311,0,2,0,0,0,0,0,0,0,0,0
231230975,2312,0,2,0,0,0,0,0,0,0,0,0
231300000,2313,0,2,0,0,0,0,0,0,0,0,0
231400000,2314,0,2,0,0,0,0,0,0,0,0,0
231500000,2315,0,2,0,0,0,0,0,0,0,0,0
231600000,2316,0,2,0,0,0,0,0,0,0,0,0
231700000,2317,0,2,0,0,0,0,0,0,0,0,0
231800000,2318,0,2,0,0,0,0,0,0,0,0,0
231900000,2319,0,2,0,0,0,0,0,0,0,0,0
232000000,2320,0,2,0,0,0,0,0,0,0,0,0
232216001,2321,0,2,0,0,0,0,0,0,0,0,0
232230975,2322,0,2,0,0,0,0,0,0,0,0,0
232300000,2323,0,2,0,0,0,0,0,0,0,0,0
232400000,2324,0,2,0,0,0,0,0,0,0,0,0
232500000,2325,0,2,0,0,0,0,0,0,0,0,0
232600000,2326,0,2,0,0,0,0,0,0,0,0,0
232700000,2327,0,2,0,0,0,0,0,0,0,0,0
232800000,2328,0,2,0,0,0,0,0,0,0,0,0
232900000,2329,0,2,0,0,0,0,0,0,0,0,0
233000000,2330,0,2,0,0,0,0,0,0,0,0,0
233215001,2331,0,2,0,0,0,0,0,0,0,0,0
233229975,2332,0,2,0,0,0,0,0,0,0,0,0
233300000,2333,0,2,0,0,0,0,0,0,0,0,0
233400000,2334,0,2,0,0,0,0,0,0,0,0,0
233500000,2335,0,2,0,0,0,0,0,0,0,0,0
233600000,2336,0,2,0,0,0,0,0,0,0,0,0
233700000,2337,0,2,0,0,0,0,0,0,0,0,0
233800000,2338,0,2,0,0,0,0,0,0,0,0,0
233900000,2339,0,2,0,0,0,0,0,0,0,0,0
234000000,2340,0,2,0,0,0,0,0,0,0,0,0
234216001,2341,0,2,0,0,0,0,0,0,0,0,0
234230975,2342,0,2,0,0,0,0,0,0,0,0,0
234300000,2343,0,2,0,0,0,0,0,0,0,0,0
234400000,2344,0,2,0,0,0,0,0,0,0,0,0
234500000,2345,0,2,0,0,0,0,0,0,0,0,0
234600000,2346,0,2,0,0,0,0,0,0,0,0,0
234700000,2347,0,2,0,0,0,0,0,0,0,0,0
234800000,2348,0,2,0,0,0,0,0,0,0,0,0
234900000,2349,0,2,0,0,0,0,0,0,0,0,0
235000000,2350,0,2,0,0,0,0,0,0,0,0,0
235216001,2351,0,2,0,0,0,0,0,0,0,0,0
235230975,2352,0,2,0,0,0,0,0,0,0,0,0
235300000,2353,0,2,0,0,0,0,0,0,0,0,0
235400000,2354,0,2,0,0,0,0,0,0,0,0,0
235500000,2355,0,2,0,0,0,0,0,0,0,0,0
235600000,2356,0,2,0,0,0,0,0,0,0,0,0
235700000,2357,0,2,0,0,0,0,0,0,0,0,0
235800000,2358,0,2,0,0,0,0,0,0,0,0,0
235900000,2359,0,2,0,0,0,0,0,0,0,0,0
236000000,2360,0,2,0,0,0,0,0,0,0,0,0
236216001,2361,0,2,0,0,0,0,0,0,0,0,0
236230975,2362,0,2,0,0,0,0,0,0,0,0,0
236300000,2363,0,2,0,0,0,0,0,0,0,0,0
236400000,2364,0,2,0,0,0,0,0,0,0,0,0
236500000,2365,0,2,0,0,0,0,0,0,0,0,0
236600000,2366,0,2,0,0,0,0,0,0,0,0,0
236700000,2367,0,2,0,0,0,0,0,0,0,0,0
236800000,2368,0,2,0,0,0,0,0,0,0,0,0
236900000,2369,0,2,0,0,0,0,0,0,0,0,0
237000000,2370,0,2,0,0,0,0,0,0,0,0,0
237216001,2371,0,2,0,0,0,0,0,0,0,0,0
237230975,2372,0,2,0,0,0,0,0,0,0,0,0
237300000,2373,0,2,0,0,0,0,0,0,0,0,0
237400000,2374,0,2,0,0,0,0,0,0,0,0,0
237500000,2375,0,2,0,0,0,0,0,0,0,0,0
237600000,2376,0,2,0,0,0,0,0,0,0,0,0
237700000,2377,0,2,0,0,0,0,0,0,0,0,0
237800000,2378,0,2,0,0,0,0,0,0,0,0,0
237900000,2379,0,2,0,0,0,0,0,0,0,0,0
238000000,2380,0,2,0,0,0,0,0,0,0,0,0
238216001,2381,0,2,0,0,0,0,0,0,0,0,0
238230974,2382,0,2,0,0,0,0,0,0,0,0,0
238300000,2383,0,2,0,0,0,0,0,0,0,0,0
238400000,2384,0,2,0,0,0,0,0,0,0,0,0
238500000,2385,0,2,0,0,0,0,0,0,0,0,0
238600000,2386,0,2,0,0,0,0,0,0,0,0,0
238700000,2387,0,2,0,0,0,0,0,0,0,0,0
238800000,2388,0,2,0,0,0,0,0,0,0,0,0
238900000,2389,0,2,0,0,0,0,0,0,0,0,0
239000000,2390,0,2,0,0,0,0,0,0,0,0,0
239216001,2391,0,2,0,0,0,0,0,0,0,0,0
239230974,2392,0,2,0,0,0,0,0,0,0,0,0
239300000,2393,0,2,0,0,0,0,0,0,0,0,0
239400000,2394,0,2,0,0,0,0,0,0,0,0,0
239500000,2395,0,2,0,0,0,0,0,0,0,0,0
239600000,2396,0,2,0,0,0,0,0,0,0,0,0
239700000,2397,0,2,0,0,0,0,0,0,0,0,0
239800000,2398,0,2,0,0,0,0,0,0,0,0,0
239900000,2399,0,2,0,0,0,0,0,0,0,0,0
240000000,2400,0,2,0,0,0,0,0,0,0,0,0
240216001,2401,0,2,0,0,0,0,0,0,0,0,0
240230975,2402,0,2,0,0,0,0,0,0,0,0,0
240300000,2403,0,2,0,0,0,0,0,0,0,0,0
240400000,2404,0,2,0,0,0,0,0,0,0,0,0
240500000,2405,0,2,0,0,0,0,0,0,0,0,0
240600000,2406,0,2,0,0,0,0,0,0,0,0,0
240700000,2407,0,2,0,0,0,0,0,0,0,0,0
240800000,2408,0,2,0,0,0,0,0,0,0,0,0
240900000,2409,0,2,0,0,0,0,0,0,0,0,0
241000000,2410,0,2,0,0,0,0,0,0,0,0,0
241215001,2411,0,2,0,0,0,0,0,0,0,0,0
241229975,2412,0,2,0,0,0,0,0,0,0,0,0
241300000,2413,0,2,0,0,0,0,0,0,0,0,0
241400000,2414,0,2,0,0,0,0,0,0,0,0,0
241500000,2415,0,2,0,0,0,0,0,0,0,0,0
241600000,2416,0,2,0,0,0,0,0,0,0,0,0
241700000,2417,0,2,0,0,0,0,0,0,0,0,0
241800000,2418,0,2,0,0,0,0,0,0,0,0,0
241900000,2419,0,2,0,0,0,0,0,0,0,0,0
242000000,2420,0,2,0,0,0,0,0,0,0,0,0
242216001,2421,0,2,0,0,0,0,0,0,0,0,0
242230974,2422,0,2,0,0,0,0,0,0,0,0,0
242300000,2423,0,2,0,0,0,0,0,0,0,0,0
242400000,2424,0,2,0,0,0,0,0,0,0,0,0
242500000,2425,0,2,0,0,0,0,0,0,0,0,0
242600000,2426,0,2,0,0,0,0,0,0,0,0,0
242700000,2427,0,2,0,0,0,0,0,0,0,0,0
242800000,2428,0,2,0,0,0,0,0,0,0,0,0
242900000,2429,0,2,0,0,0,0,0,0,0,0,0
243000000,2430,0,2,0,0,0,0,0,0,0,0,0
243216001,2431,0,2,0,0,0,0,0,0,0,0,0
243230975,2432,0,2,0,0,0,0,0,0,0,0,0
243300000,2433,0,2,0,0,0,0,0,0,0,0,0
243400000,2434,0,2,0,0,0,0,0,0,0,0,0
243500000,2435,0,2,0,0,0,0,0,0,0,0,0
243600000,2436,0,2,0,0,0,0,0,0,0,0,0
243700000,2437,0,2,0,0,0,0,0,0,0,0,0
243800000,2438,0,2,0,0,0,0,0,0,0,0,0
243900000,2439,0,2,0,0,0,0,0,0,0,0,0
244000000,2440,0,2,0,0,0,0,0,0,0,0,0
244216001,2441,0,2,0,0,0,0,0,0,0,0,0
244230975,2442,0,2,0,0,0,0,0,0,0,0,0
244300000,2443,0,2,0,0,0,0,0,0,0,0,0
244400000,2444,0,2,0,0,0,0,0,0,0,0,0
244500000,2445,0,2,0,0,0,0,0,0,0,0,0
244600000,2446,0,2,0,0,0,0,0,0,0,0,0
244700000,2447,0,2,0,0,0,0,0,0,0,0,0
244800000,2448,0,2,0,0,0,0,0,0,0,0,0
244900000,2449,0,2,0,0,0,0,0,0,0,0,0
245000000,2450,0,2,0,0,0,0,0,0,0,0,0
245216002,2451,0,2,0,0,0,0,0,0,0,0,0
245230974,2452,0,2,0,0,0,0,0,0,0,0,0
245300000,2453,0,2,0,0,0,0,0,0,0,0,0
245400000,2454,0,2,0,0,0,0,0,0,0,0,0
245500000,2455,0,2,0,0,0,0,0,0,0,0,0
245600000,2456,0,2,0,0,0,0,0,0,0,0,0
245700000,2457,0,2,0,0,0,0,0,0,0,0,0
245800000,2458,0,2,0,0,0,0,0,0,0,0,0
245900000,2459,0,2,0,0,0,0,0,0,0,0,0
246000000,2460,0,2,0,0,0,0,0,0,0,0,0
246215002,2461,0,2,0,0,0,0,0,0,0,0,0
246229975,2462,0,2,0,0,0,0,0,0,0,0,0
246300000,2463,0,2,0,0,0,0,0,0,0,0,0
246400000,2464,0,2,0,0,0,0,0,0,0,0,0
246500000,2465,0,2,0,0,0,0,0,0,0,0,0
246600000,2466,0,2,0,0,0,0,0,0,0,0,0
246700000,2467,0,2,0,0,0,0,0,0,0,0,0
246800000,2468,0,2,0,0,0,0,0,0,0,0,0
246900000,2469,0,2,0,0,0,0,0,0,0,0,0
247000000,2470,0,2,0,0,0,0,0,0,0,0,0
247216001,2471,0,2,0,0,0,0,0,0,0,0,0
247230975,2472,0,2,0,0,0,0,0,0,0,0,0
247300000,2473,0,2,0,0,0,0,0,0,0,0,0
247400000,2474,0,2,0,0,0,0,0,0,0,0,0
247500000,2475,0,2,0,0,0,0,0,0,0,0,0
247600000,2476,0,2,0,0,0,0,0,0,0,0,0
247700000,2477,0,2,0,0,0,0,0,0,0,0,0
247800000,2478,0,2,0,0,0,0,0,0,0,0,0
247900000,2479,0,2,0,0,0,0,0,0,0,0,0
248000000,2480,0,2,0,0,0,0,0,0,0,0,0
248216001,2481,0,2,0,0,0,0,0,0,0,0,0
248230975,2482,0,2,0,0,0,0,0,0,0,0,0
248300000,2483,0,2,0,0,0,0,0,0,0,0,0
248400000,2484,0,2,0,0,0,0,0,0,0,0,0
248500000,2485,0,2,0,0,0,0,0,0,0,0,0
248600000,2486,0,2,0,0,0,0,0,0,0,0,0
248700000,2487,0,2,0,0,0,0,0,0,0,0,0
248800000,2488,0,2,0,0,0,0,0,0,0,0,0
248900000,2489,0,2,0,0,0,0,0,0,0,0,0
249000000,2490,0,2,0,0,0,0,0,0,0,0,0
249216002,2491,0,2,0,0,0,0,0,0,0,0,0
249230975,2492,0,2,0,0,0,0,0,0,0,0,0
249300000,2493,0,2,0,0,0,0,0,0,0,0,0
249400000,2494,0,2,0,0,0,0,0,0,0,0,0
249500000,2495,0,2,0,0,0,0,0,0,0,0,0
249600000,2496,0,2,0,0,0,0,0,0,0,0,0
249700000,2497,0,2,0,0,0,0,0,0,0,0,0
249800000,2498,0,2,0,0,0,0,0,0,0,0,0
249900000,2499,0,2,0,0,0,0,0,0,0,0,0
250000000,2500,0,2,0,0,0,0,0,0,0,0,0
250216001,2501,0,2,0,0,0,0,0,0,0,0,0
250230975,2502,0,2,0,0,0,0,0,0,0,0,0
250300000,2503,0,2,0,0,0,0,0,0,0,0,0
250400000,2504,0,2,0,0,0,0,0,0,0,0,0
250500000,2505,0,2,0,0,0,0,0,0,0,0,0
250600000,2506,0,2,0,0,0,0,0,0,0,0,0
250700000,2507,0,2,0,0,0,0,0,0,0,0,0
250800000,2508,0,2,0,0,0,0,0,0,0,0,0
250900000,2509,0,2,0,0,0,0,0,0,0,0,0
251000000,2510,0,2,0,0,0,0,0,0,0,0,0
251216001,2511,0,2,0,0,0,0,0,0,0,0,0
251230975,2512,0,2,0,0,0,0,0,0,0,0,0
251300000,2513,0,2,0,0,0,0,0,0,0,0,0
251400000,2514,0,2,0,0,0,0,0,0,0,0,0
251500000,2515,0,2,0,0,0,0,0,0,0,0,0
251600000,2516,0,2,0,0,0,0,0,0,0,0,0
251700000,2517,0,2,0,0,0,0,0,0,0,0,0
251800000,2518,0,2,0,0,0,0,0,0,0,0,0
251900000,2519,0,2,0,0,0,0,0,0,0,0,0
252000000,2520,0,2,0,0,0,0,0,0,0,0,0
252216001,2521,0,2,0,0,0,0,0,0,0,0,0
252230975,2522,0,2,0,0,0,0,0,0,0,0,0
252300000,2523,0,2,0,0,0,0,0,0,0,0,0
252400000,2524,0,2,0,0,0,0,0,0,0,0,0
252500000,2525,0,2,0,0,0,0,0,0,0,0,0
252600000,2526,0,2,0,0,0,0,0,0,0,0,0
252700000,2527,0,2,0,0,0,0,0,0,0,0,0
252800000,2528,0,2,0,0,0,0,0,0,0,0,0
252900000,2529,0,2,0,0,0,0,0,0,0,0,0
253000000,2530,0,2,0,0,0,0,0,0,0,0,0
253216001,2531,0,2,0,0,0,0,0,0,0,0,0
253230975,2532,0,2,0,0,0,0,0,0,0,0,0
253300000,2533,0,2,0,0,0,0,0,0,0,0,0
253400000,2534,0,2,0,0,0,0,0,0,0,0,0
253500000,2535,0,2,0,0,0,0,0,0,0,0,0
253600000,2536,0,2,0,0,0,0,0,0,0,0,0
253700000,2537,0,2,0,0,0,0,0,0,0,0,0
253800000,2538,0,2,0,0,0,0,0,0,0,0,0
253900000,2539,0,2,0,0,0,0,0,0,0,0,0
254000000,2540,0,2,0,0,0,0,0,0,0,0,0
254215001,2541,0,2,0,0,0,0,0,0,0,0,0
254229975,2542,0,2,0,0,0,0,0,0,0,0,0
254300000,2543,0,2,0,0,0,0,0,0,0,0,0
254400000,2544,0,2,0,0,0,0,0,0,0,0,0
254500000,2545,0,2,0,0,0,0,0,0,0,0,0
254600000,2546,0,2,0,0,0,0,0,0,0,0,0
254700000,2547,0,2,0,0,0,0,0,0,0,0,0
254800000,2548,0,2,0,0,0,0,0,0,0,0,0
254900000,2549,0,2,0,0,0,0,0,0,0,0,0
255000000,2550,0,2,0,0,0,0,0,0,0,0,0
255216001,2551,0,2,0,0,0,0,0,0,0,0,0
255230975,2552,0,2,0,0,0,0,0,0,0,0,0
255300000,2553,0,2,0,0,0,0,0,0,0,0,0
255400000,2554,0,2,0,0,0,0,0,0,0,0,0
255500000,2555,0,2,0,0,0,0,0,0,0,0,0
255600000,2556,0,2,0,0,0,0,0,0,0,0,0
255700000,2557,0,2,0,0,0,0,0,0,0,0,0
255800000,2558,0,2,0,0,0,0,0,0,0,0,0
255900000,2559,0,2,0,0,0,0,0,0,0,0,0
256000000,2560,0,2,0,0,0,0,0,0,0,0,0
256216001,2561,0,2,0,0,0,0,0,0,0,0,0
256230975,2562,0,2,0,0,0,0,0,0,0,0,0
256300000,2563,0,2,0,0,0,0,0,0,0,0,0
256400000,2564,0,2,0,0,0,0,0,0,0,0,0
256500000,2565,0,2,0,0,0,0,0,0,0,0,0
256600000,2566,0,2,0,0,0,0,0,0,0,0,0
256700000,2567,0,2,0,0,0,0,0,0,0,0,0
256800000,2568,0,2,0,0,0,0,0,0,0,0,0
256900000,2569,0,2,0,0,0,0,0,0,0,0,0
257000000,2570,0,2,0,0,0,0,0,0,0,0,0
257216001,2571,0,2,0,0,0,0,0,0,0,0,0
257230975,2572,0,2,0,0,0,0,0,0,0,0,0
257300000,2573,0,2,0,0,0,0,0,0,0,0,0
257400000,2574,0,2,0,0,0,0,0,0,0,0,0
257500000,2575,0,2,0,0,0,0,0,0,0,0,0
257600000,2576,0,2,0,0,0,0,0,0,0,0,0
257700000,2577,0,2,0,0,0,0,0,0,0,0,0
257800000,2578,0,2,0,0,0,0,0,0,0,0,0
257900000,2579,0,2,0,0,0,0,0,0,0,0,0
258000000,2580,0,2,0,0,0,0,0,0,0,0,0
258216002,2581,0,2,0,0,0,0,0,0,0,0,0
258230974,2582,0,2,0,0,0,0,0,0,0,0,0
258300000,2583,0,2,0,0,0,0,0,0,0,0,0
258400000,2584,0,2,0,0,0,0,0,0,0,0,0
258500000,2585,0,2,0,0,0,0,0,0,0,0,0
258600000,2586,0,2,0,0,0,0,0,0,0,0,0
258700000,2587,0,2,0,0,0,0,0,0,0,0,0
258800000,2588,0,2,0,0,0,0,0,0,0,0,0
258900000,2589,0,2,0,0,0,0,0,0,0,0,0
259000000,2590,0,2,0,0,0,0,0,0,0,0,0
259215002,2591,0,2,0,0,0,0,0,0,0,0,0
259229975,2592,0,2,0,0,0,0,0,0,0,0,0
259300000,2593,0,2,0,0,0,0,0,0,0,0,0
259400000,2594,0,2,0,0,0,0,0,0,0,0,0
259500000,2595,0,2,0,0,0,0,0,0,0,0,0
259600000,2596,0,2,0,0,0,0,0,0,0,0,0
259700000,2597,0,2,0,0,0,0,0,0,0,0,0
259800000,2598,0,2,0,0,0,0,0,0,0,0,0
259900000,2599,0,2,0,0,0,0,0,0,0,0,0
260000000,2600,0,2,0,0,0,0,0,0,0,0,0
260216001,2601,0,2,0,0,0,0,0,0,0,0,0
260230975,2602,0,2,0,0,0,0,0,0,0,0,0
260300000,2603,0,2,0,0,0,0,0,0,0,0,0
260400000,2604,0,2,0,0,0,0,0,0,0,0,0
260500000,2605,0,2,0,0,0,0,0,0,0,0,0
260600000,2606,0,2,0,0,0,0,0,0,0,0,0
260700000,2607,0,2,0,0,0,0,0,0,0,0,0
260800000,2608,0,2,0,0,0,0,0,0,0,0,0
260900000,2609,0,2,0,0,0,0,0,0,0,0,0
261000000,2610,0,2,0,0,0,0,0,0,0,0,0
261216001,2611,0,2,0,0,0,0,0,0,0,0,0
261230975,2612,0,2,0,0,0,0,0,0,0,0,0
261300000,2613,0,2,0,0,0,0,0,0,0,0,0
261400000,2614,0,2,0,0,0,0,0,0,0,0,0
261500000,2615,0,2,0,0,0,0,0,0,0,0,0
261600000,2616,0,2,0,0,0,0,0,0,0,0,0
261700000,2617,0,2,0,0,0,0,0,0,0,0,0
261800000,2618,0,2,0,0,0,0,0,0,0,0,0
261900000,2619,0,2,0,0,0,0,0,0,0,0,0
262000000,2620,0,2,0,0,0,0,0,0,0,0,0
262216001,2621,0,2,0,0,0,0,0,0,0,0,0
262230974,2622,0,2,0,0,0,0,0,0,0,0,0
262300000,2623,0,2,0,0,0,0,0,0,0,0,0
262400000,2624,0,2,0,0,0,0,0,0,0,0,0
262500000,2625,0,2,0,0,0,0,0,0,0,0,0
262600000,2626,0,2,0,0,0,0,0,0,0,0,0
262700000,2627,0,2,0,0,0,0,0,0,0,0,0
262800000,2628,0,2,0,0,0,0,0,0,0,0,0
262900000,2629,0,2,0,0,0,0,0,0,0,0,0
263000000,2630,0,2,0,0,0,0,0,0,0,0,0
263216002,2631,0,2,0,0,0,0,0,0,0,0,0
263230975,2632,0,2,0,0,0,0,0,0,0,0,0
263300000,2633,0,2,0,0,0,0,0,0,0,0,0
263400000,2634,0,2,0,0,0,0,0,0,0,0,0
263500000,2635,0,2,0,0,0,0,0,0,0,0,0
263600000,2636,0,2,0,0,0,0,0,0,0,0,0
263700000,2637,0,2,0,0,0,0,0,0,0,0,0
263800000,2638,0,2,0,0,0,0,0,0,0,0,0
263900000,2639,0,2,0,0,0,0,0,0,0,0,0
264000000,2640,0,2,0,0,0,0,0,0,0,0,0
264216001,2641,0,2,0,0,0,0,0,0,0,0,0
264230975,2642,0,2,0,0,0,0,0,0,0,0,0
264300000,2643,0,2,0,0,0,0,0,0,0,0,0
264400000,2644,0,2,0,0,0,0,0,0,0,0,0
264500000,2645,0,2,0,0,0,0,0,0,0,0,0
264600000,2646,0,2,0,0,0,0,0,0,0,0,0
264700000,2647,0,2,0,0,0,0,0,0,0,0,0
264800000,2648,0,2,0,0,0,0,0,0,0,0,0
264900000,2649,0,2,0,0,0,0,0,0,0,0,0
265000000,2650,0,2,0,0,0,0,0,0,0,0,0
265216001,2651,0,2,0,0,0,0,0,0,0,0,0
265230975,2652,0,2,0,0,0,0,0,0,0,0,0
265300000,2653,0,2,0,0,0,0,0,0,0,0,0
265400000,2654,0,2,0,0,0,0,0,0,0,0,0
265500000,2655,0,2,0,0,0,0,0,0,0,0,0
265600000,2656,0,2,0,0,0,0,0,0,0,0,0
265700000,2657,0,2,0,0,0,0,0,0,0,0,0
265800000,2658,0,2,0,0,0,0,0,0,0,0,0
265900000,2659,0,2,0,0,0,0,0,0,0,0,0
266000000,2660,0,2,0,0,0,0,0,0,0,0,0
266216001,2661,0,2,0,0,0,0,0,0,0,0,0
266230974,2662,0,2,0,0,0,0,0,0,0,0,0
266300000,2663,0,2,0,0,0,0,0,0,0,0,0
266400000,2664,0,2,0,0,0,0,0,0,0,0,0
266500000,2665,0,2,0,0,0,0,0,0,0,0,0
266600000,2666,0,2,0,0,0,0,0,0,0,0,0
266700000,2667,0,2,0,0,0,0,0,0,0,0,0
266800000,2668,0,2,0,0,0,0,0,0,0,0,0
266900000,2669,0,2,0,0,0,0,0,0,0,0,0
267000000,2670,0,2,0,0,0,0,0,0,0,0,0
267215001,2671,0,2,0,0,0,0,0,0,0,0,0
267229974,2672,0,2,0,0,0,0,0,0,0,0,0
267300000,2673,0,2,0,0,0,0,0,0,0,0,0
267400000,2674,0,2,0,0,0,0,0,0,0,0,0
267500000,2675,0,2,0,0,0,0,0,0,0,0,0
267600000,2676,0,2,0,0,0,0,0,0,0,0,0
267700000,2677,0,2,0,0,0,0,0,0,0,0,0
267800000,2678,0,2,0,0,0,0,0,0,0,0,0
267900000,2679,0,2,0,0,0,0,0,0,0,0,0
268000000,2680,0,2,0,0,0,0,0,0,0,0,0
268216001,2681,0,2,0,0,0,0,0,0,0,0,0
268230975,2682,0,2,0,0,0,0,0,0,0,0,0
268300000,2683,0,2,0,0,0,0,0,0,0,0,0
268400000,2684,0,2,0,0,0,0,0,0,0,0,0
268500000,2685,0,2,0,0,0,0,0,0,0,0,0
268600000,2686,0,2,0,0,0,0,0,0,0,0,0
268700000,2687,0,2,0,0,0,0,0,0,0,0,0
268800000,2688,0,2,0,0,0,0,0,0,0,0,0
268900000,2689,0,2,0,0,0,0,0,0,0,0,0
269000000,2690,0,2,0,0,0,0,0,0,0,0,0
269216001,2691,0,2,0,0,0,0,0,0,0,0,0
269230975,2692,0,2,0,0,0,0,0,0,0,0,0
269300000,2693,0,2,0,0,0,0,0,0,0,0,0
269400000,2694,0,2,0,0,0,0,0,0,0,0,0
269500000,2695,0,2,0,0,0,0,0,0,0,0,0
269600000,2696,0,2,0,0,0,0,0,0,0,0,0
269700000,2697,0,2,0,0,0,0,0,0,0,0,0
269800000,2698,0,2,0,0,0,0,0,0,0,0,0
269900000,2699,0,2,0,0,0,0,0,0,0,0,0
270000000,2700,0,2,0,0,0,0,0,0,0,0,0
270216002,2701,0,2,0,0,0,0,0,0,0,0,0
270230975,2702,0,2,0,0,0,0,0,0,0,0,0
270300000,2703,0,2,0,0,0,0,0,0,0,0,0
270400000,2704,0,2,0,0,0,0,0,0,0,0,0
270500000,2705,0,2,0,0,0,0,0,0,0,0,0
270600000,2706,0,2,0,0,0,0,0,0,0,0,0
270700000,2707,0,2,0,0,0,0,0,0,0,0,0
270800000,2708,0,2,0,0,0,0,0,0,0,0,0
270900000,2709,0,2,0,0,0,0,0,0,0,0,0
271000000,2710,0,2,0,0,0,0,0,0,0,0,0
271216001,2711,0,2,0,0,0,0,0,0,0,0,0
271230975,2712,0,2,0,0,0,0,0,0,0,0,0
271300000,2713,0,2,0,0,0,0,0,0,0,0,0
271400000,2714,0,2,0,0,0,0,0,0,0,0,0
271500000,2715,0,2,0,0,0,0,0,0,0,0,0
271600000,2716,0,2,0,0,0,0,0,0,0,0,0
271700000,2717,0,2,0,0,0,0,0,0,0,0,0
271800000,2718,0,2,0,0,0,0,0,0,0,0,0
271900000,2719,0,2,0,0,0,0,0,0,0,0,0
272000000,2720,0,2,0,0,0,0,0,0,0,0,0
272216001,2721,0,2,0,0,0,0,0,0,0,0,0
272230975,2722,0,2,0,0,0,0,0,0,0,0,0
272300000,2723,0,2,0,0,0,0,0,0,0,0,0
272400000,2724,0,2,0,0,0,0,0,0,0,0,0
272500000,2725,0,2,0,0,0,0,0,0,0,0,0
272600000,2726,0,2,0,0,0,0,0,0,0,0,0
272700000,2727,0,2,0,0,0,0,0,0,0,0,0
272800000,2728,0,2,0,0,0,0,0,0,0,0,0
272900000,2729,0,2,0,0,0,0,0,0,0,0,0
273000000,2730,0,2,0,0,0,0,0,0,0,0,0
273216001,2731,0,2,0,0,0,0,0,0,0,0,0
273230974,2732,0,2,0,0,0,0,0,0,0,0,0
273300000,2733,0,2,0,0,0,0,0,0,0,0,0
273400000,2734,0,2,0,0,0,0,0,0,0,0,0
273500000,2735,0,2,0,0,0,0,0,0,0,0,0
273600000,2736,0,2,0,0,0,0,0,0,0,0,0
273700000,2737,0,2,0,0,0,0,0,0,0,0,0
273800000,2738,0,2,0,0,0,0,0,0,0,0,0
273900000,2739,0,2,0,0,0,0,0,0,0,0,0
274000000,2740,0,2,0,0,0,0,0,0,0,0,0
274216001,2741,0,2,0,0,0,0,0,0,0,0,0
274230975,2742,0,2,0,0,0,0,0,0,0,0,0
274300000,2743,0,2,0,0,0,0,0,0,0,0,0
274400000,2744,0,2,0,0,0,0,0,0,0,0,0
274500000,2745,0,2,0,0,0,0,0,0,0,0,0
274600000,2746,0,2,0,0,0,0,0,0,0,0,0
274700000,2747,0,2,0,0,0,0,0,0,0,0,0
274800000,2748,0,2,0,0,0,0,0,0,0,0,0
274900000,2749,0,2,0,0,0,0,0,0,0,0,0
275000000,2750,0,2,0,0,0,0,0,0,0,0,0
275216002,2751,0,2,0,0,0,0,0,0,0,0,0
275230975,2752,0,2,0,0,0,0,0,0,0,0,0
275300000,2753,0,2,0,0,0,0,0,0,0,0,0
275400000,2754,0,2,0,0,0,0,0,0,0,0,0
275500000,2755,0,2,0,0,0,0,0,0,0,0,0
275600000,2756,0,2,0,0,0,0,0,0,0,0,0
275700000,2757,0,2,0,0,0,0,0,0,0,0,0
275800000,2758,0,2,0,0,0,0,0,0,0,0,0
275900000,2759,0,2,0,0,0,0,0,0,0,0,0
276000000,2760,0,2,0,0,0,0,0,0,0,0,0
276216001,2761,0,2,0,0,0,0,0,0,0,0,0
276230975,2762,0,2,0,0,0,0,0,0,0,0,0
276300000,2763,0,2,0,0,0,0,0,0,0,0,0
276400000,2764,0,2,0,0,0,0,0,0,0,0,0
276500000,2765,0,2,0,0,0,0,0,0,0,0,0
276600000,2766,0,2,0,0,0,0,0,0,0,0,0
276700000,2767,0,2,0,0,0,0,0,0,0,0,0
276800000,2768,0,2,0,0,0,0,0,0,0,0,0
276900000,2769,0,2,0,0,0,0,0,0,0,0,0
277000000,2770,0,2,0,0,0,0,0,0,0,0,0
277216001,2771,0,2,0,0,0,0,0,0,0,0,0
277230975,2772,0,2,0,0,0,0,0,0,0,0,0
277300000,2773,0,2,0,0,0,0,0,0,0,0,0
277400000,2774,0,2,0,0,0,0,0,0,0,0,0
277500000,2775,0,2,0,0,0,0,0,0,0,0,0
277600000,2776,0,2,0,0,0,0,0,0,0,0,0
277700000,2777,0,2,0,0,0,0,0,0,0,0,0
277800000,2778,0,2,0,0,0,0,0,0,0,0,0
277900000,2779,0,2,0,0,0,0,0,0,0,0,0
278000000,2780,0,2,0,0,0,0,0,0,0,0,0
278216002,2781,0,2,0,0,0,0,0,0,0,0,0
278230975,2782,0,2,0,0,0,0,0,0,0,0,0
278300000,2783,0,2,0,0,0,0,0,0,0,0,0
278400000,2784,0,2,0,0,0,0,0,0,0,0,0
278500000,2785,0,2,0,0,0,0,0,0,0,0,0
278600000,2786,0,2,0,0,0,0,0,0,0,0,0
278700000,2787,0,2,0,0,0,0,0,0,0,0,0
278800000,2788,0,2,0,0,0,0,0,0,0,0,0
278900000,2789,0,2,0,0,0,0,0,0,0,0,0
279000000,2790,0,2,0,0,0,0,0,0,0,0,0
279216002,2791,0,2,0,0,0,0,0,0,0,0,0
279230975,2792,0,2,0,0,0,0,0,0,0,0,0
279300000,2793,0,2,0,0,0,0,0,0,0,0,0
279400000,2794,0,2,0,0,0,0,0,0,0,0,0
279500000,2795,0,2,0,0,0,0,0,0,0,0,0
279600000,2796,0,2,0,0,0,0,0,0,0,0,0
279700000,2797,0,2,0,0,0,0,0,0,0,0,0
279800000,2798,0,2,0,0,0,0,0,0,0,0,0
279900000,2799,0,2,0,0,0,0,0,0,0,0,0
280000000,2800,0,2,0,0,0,0,0,0,0,0,0
280215001,2801,0,2,0,0,0,0,0,0,0,0,0
280229975,2802,0,2,0,0,0,0,0,0,0,0,0
280300000,2803,0,2,0,0,0,0,0,0,0,0,0
280400000,2804,0,2,0,0,0,0,0,0,0,0,0
280500000,2805,0,2,0,0,0,0,0,0,0,0,0
280600000,2806,0,2,0,0,0,0,0,0,0,0,0
280700000,2807,0,2,0,0,0,0,0,0,0,0,0
280800000,2808,0,2,0,0,0,0,0,0,0,0,0
280900000,2809,0,2,0,0,0,0,0,0,0,0,0
281000000,2810,0,2,0,0,0,0,0,0,0,0,0
281216001,2811,0,2,0,0,0,0,0,0,0,0,0
281230975,2812,0,2,0,0,0,0,0,0,0,0,0
281300000,2813,0,2,0,0,0,0,0,0,0,0,0
281400000,2814,0,2,0,0,0,0,0,0,0,0,0
281500000,2815,0,2,0,0,0,0,0,0,0,0,0
281600000,2816,0,2,0,0,0,0,0,0,0,0,0
281700000,2817,0,2,0,0,0,0,0,0,0,0,0
281800000,2818,0,2,0,0,0,0,0,0,0,0,0
281900000,2819,0,2,0,0,0,0,0,0,0,0,0
282000000,2820,0,2,0,0,0,0,0,0,0,0,0
282216001,2821,0,2,0,0,0,0,0,0,0,0,0
282230975,2822,0,2,0,0,0,0,0,0,0,0,0
282300000,2823,0,2,0,0,0,0,0,0,0,0,0
282400000,2824,0,2,0,0,0,0,0,0,0,0,0
282500000,2825,0,2,0,0,0,0,0,0,0,0,0
282600000,2826,0,2,0,0,0,0,0,0,0,0,0
282700000,2827,0,2,0,0,0,0,0,0,0,0,0
282800000,2828,0,2,0,0,0,0,0,0,0,0,0
282900000,2829,0,2,0,0,0,0,0,0,0,0,0
283000000,2830,0,2,0,0,0,0,0,0,0,0,0
283216002,2831,0,2,0,0,0,0,0,0,0,0,0
283230975,2832,0,2,0,0,0,0,0,0,0,0,0
283300000,2833,0,2,0,0,0,0,0,0,0,0,0
283400000,2834,0,2,0,0,0,0,0,0,0,0,0
283500000,2835,0,2,0,0,0,0,0,0,0,0,0
283600000,2836,0,2,0,0,0,0,0,0,0,0,0
283700000,2837,0,2,0,0,0,0,0,0,0,0,0
283800000,2838,0,2,0,0,0,0,0,0,0,0,0
283900000,2839,0,2,0,0,0,0,0,0,0,0,0
284000000,2840,0,2,0,0,0,0,0,0,0,0,0
284216001,2841,0,2,0,0,0,0,0,0,0,0,0
284230974,2842,0,2,0,0,0,0,0,0,0,0,0
284300000,2843,0,2,0,0,0,0,0,0,0,0,0
284400000,2844,0,2,0,0,0,0,0,0,0,0,0
284500000,2845,0,2,0,0,0,0,0,0,0,0,0
284600000,2846,0,2,0,0,0,0,0,0,0,0,0
284700000,2847,0,2,0,0,0,0,0,0,0,0,0
284800000,2848,0,2,0,0,0,0,0,0,0,0,0
284900000,2849,0,2,0,0,0,0,0,0,0,0,0
285000000,2850,0,2,0,0,0,0,0,0,0,0,0
285215001,2851,0,2,0,0,0,0,0,0,0,0,0
285229975,2852,0,2,0,0,0,0,0,0,0,0,0
285300000,2853,0,2,0,0,0,0,0,0,0,0,0
285400000,2854,0,2,0,0,0,0,0,0,0,0,0
285500000,2855,0,2,0,0,0,0,0,0,0,0,0
285600000,2856,0,2,0,0,0,0,0,0,0,0,0
285700000,2857,0,2,0,0,0,0,0,0,0,0,0
285800000,2858,0,2,0,0,0,0,0,0,0,0,0
285900000,2859,0,2,0,0,0,0,0,0,0,0,0
286000000,2860,0,2,0,0,0,0,0,0,0,0,0
286216001,2861,0,2,0,0,0,0,0,0,0,0,0
286230975,2862,0,2,0,0,0,0,0,0,0,0,0
286300000,2863,0,2,0,0,0,0,0,0,0,0,0
286400000,2864,0,2,0,0,0,0,0,0,0,0,0
286500000,2865,0,2,0,0,0,0,0,0,0,0,0
286600000,2866,0,2,0,0,0,0,0,0,0,0,0
286700000,2867,0,2,0,0,0,0,0,0,0,0,0
286800000,2868,0,2,0,0,0,0,0,0,0,0,0
286900000,2869,0,2,0,0,0,0,0,0,0,0,0
287000000,2870,0,2,0,0,0,0,0,0,0,0,0
287216001,2871,0,2,0,0,0,0,0,0,0,0,0
287230975,2872,0,2,0,0,0,0,0,0,0,0,0
287300000,2873,0,2,0,0,0,0,0,0,0,0,0
287400000,2874,0,2,0,0,0,0,0,0,0,0,0
287500000,2875,0,2,0,0,0,0,0,0,0,0,0
287600000,2876,0,2,0,0,0,0,0,0,0,0,0
287700000,2877,0,2,0,0,0,0,0,0,0,0,0
287800000,2878,0,2,0,0,0,0,0,0,0,0,0
287900000,2879,0,2,0,0,0,0,0,0,0,0,0
288000000,2880,0,2,0,0,0,0,0,0,0,0,0
288216002,2881,0,2,0,0,0,0,0,0,0,0,0
288230975,2882,0,2,0,0,0,0,0,0,0,0,0
288300000,2883,0,2,0,0,0,0,0,0,0,0,0
288400000,2884,0,2,0,0,0,0,0,0,0,0,0
288500000,2885,0,2,0,0,0,0,0,0,0,0,0
288600000,2886,0,2,0,0,0,0,0,0,0,0,0
288700000,2887,0,2,0,0,0,0,0,0,0,0,0
288800000,2888,0,2,0,0,0,0,0,0,0,0,0
288900000,2889,0,2,0,0,0,0,0,0,0,0,0
289000000,2890,0,2,0,0,0,0,0,0,0,0,0
289216002,2891,0,2,0,0,0,0,0,0,0,0,0
289230975,2892,0,2,0,0,0,0,0,0,0,0,0
289300000,2893,0,2,0,0,0,0,0,0,0,0,0
289400000,2894,0,2,0,0,0,0,0,0,0,0,0
289500000,2895,0,2,0,0,0,0,0,0,0,0,0
289600000,2896,0,2,0,0,0,0,0,0,0,0,0
289700000,2897,0,2,0,0,0,0,0,0,0,0,0
289800000,2898,0,2,0,0,0,0,0,0,0,0,0
289900000,2899,0,2,0,0,0,0,0,0,0,0,0
290000000,2900,0,2,0,0,0,0,0,0,0,0,0
290216001,2901,0,2,0,0,0,0,0,0,0,0,0
290230975,2902,0,2,0,0,0,0,0,0,0,0,0
290300000,2903,0,2,0,0,0,0,0,0,0,0,0
290400000,2904,0,2,0,0,0,0,0,0,0,0,0
290500000,2905,0,2,0,0,0,0,0,0,0,0,0
290600000,2906,0,2,0,0,0,0,0,0,0,0,0
290700000,2907,0,2,0,0,0,0,0,0,0,0,0
290800000,2908,0,2,0,0,0,0,0,0,0,0,0
290900000,2909,0,2,0,0,0,0,0,0,0,0,0
291000000,2910,0,2,0,0,0,0,0,0,0,0,0
291216002,2911,0,2,0,0,0,0,0,0,0,0,0
291230975,2912,0,2,0,0,0,0,0,0,0,0,0
291300000,2913,0,2,0,0,0,0,0,0,0,0,0
291400000,2914,0,2,0,0,0,0,0,0,0,0,0
291500000,2915,0,2,0,0,0,0,0,0,0,0,0
291600000,2916,0,2,0,0,0,0,0,0,0,0,0
291700000,2917,0,2,0,0,0,0,0,0,0,0,0
291800000,2918,0,2,0,0,0,0,0,0,0,0,0
291900000,2919,0,2,0,0,0,0,0,0,0,0,0
292000000,2920,0,2,0,0,0,0,0,0,0,0,0
292216001,2921,0,2,0,0,0,0,0,0,0,0,0
292230975,2922,0,2,0,0,0,0,0,0,0,0,0
292300000,2923,0,2,0,0,0,0,0,0,0,0,0
292400000,2924,0,2,0,0,0,0,0,0,0,0,0
292500000,2925,0,2,0,0,0,0,0,0,0,0,0
292600000,2926,0,2,0,0,0,0,0,0,0,0,0
292700000,2927,0,2,0,0,0,0,0,0,0,0,0
292800000,2928,0,2,0,0,0,0,0,0,0,0,0
292900000,2929,0,2,0,0,0,0,0,0,0,0,0
293000000,2930,0,2,0,0,0,0,0,0,0,0,0
293215001,2931,0,2,0,0,0,0,0,0,0,0,0
293229975,2932,0,2,0,0,0,0,0,0,0,0,0
293300000,2933,0,2,0,0,0,0,0,0,0,0,0
293400000,2934,0,2,0,0,0,0,0,0,0,0,0
293500000,2935,0,2,0,0,0,0,0,0,0,0,0
293600000,2936,0,2,0,0,0,0,0,0,0,0,0
293700000,2937,0,2,0,0,0,0,0,0,0,0,0
293800000,2938,0,2,0,0,0,0,0,0,0,0,0
293900000,2939,0,2,0,0,0,0,0,0,0,0,0
294000000,2940,0,2,0,0,0,0,0,0,0,0,0
294216001,2941,0,2,0,0,0,0,0,0,0,0,0
294230975,2942,0,2,0,0,0,0,0,0,0,0,0
294300000,2943,0,2,0,0,0,0,0,0,0,0,0
294400000,2944,0,2,0,0,0,0,0,0,0,0,0
294500000,2945,0,2,0,0,0,0,0,0,0,0,0
294600000,2946,0,2,0,0,0,0,0,0,0,0,0
294700000,2947,0,2,0,0,0,0,0,0,0,0,0
294800000,2948,0,2,0,0,0,0,0,0,0,0,0
294900000,2949,0,2,0,0,0,0,0,0,0,0,0
295000000,2950,0,2,0,0,0,0,0,0,0,0,0
